{
  "displayFieldName" : "",
  "fieldAliases" : {
    "FID" : "FID",
    "PMNTN_SN" : "PMNTN_SN",
    "MNTN_CODE" : "MNTN_CODE",
    "MNTN_NM" : "MNTN_NM",
    "PMNTN_NM" : "PMNTN_NM",
    "PMNTN_MAIN" : "PMNTN_MAIN",
    "PMNTN_LT" : "PMNTN_LT",
    "PMNTN_DFFL" : "PMNTN_DFFL",
    "PMNTN_UPPL" : "PMNTN_UPPL",
    "PMNTN_GODN" : "PMNTN_GODN",
    "PMNTN_MTRQ" : "PMNTN_MTRQ",
    "PMNTN_CNRL" : "PMNTN_CNRL",
    "PMNTN_CLS_" : "PMNTN_CLS_",
    "PMNTN_RISK" : "PMNTN_RISK",
    "PMNTN_RECO" : "PMNTN_RECO",
    "DATA_STDR_" : "DATA_STDR_",
    "MNTN_ID" : "MNTN_ID"
  },
  "geometryType" : "esriGeometryPolyline",
  "spatialReference" : {
    "wkt" : "PROJCS[\"PCS_ITRF2000_TM\",GEOGCS[\"GCS_ITRF_2000\",DATUM[\"D_ITRF_2000\",SPHEROID[\"GRS_1980\",6378137.0,298.257222101]],PRIMEM[\"Greenwich\",0.0],UNIT[\"Degree\",0.0174532925199433]],PROJECTION[\"Transverse_Mercator\"],PARAMETER[\"False_Easting\",200000.0],PARAMETER[\"False_Northing\",600000.0],PARAMETER[\"Central_Meridian\",127.0],PARAMETER[\"Scale_Factor\",1.0],PARAMETER[\"Latitude_Of_Origin\",38.0],UNIT[\"Meter\",1.0]]"
  },
  "fields" : [
    {
      "name" : "FID",
      "type" : "esriFieldTypeOID",
      "alias" : "FID"
    },
    {
      "name" : "PMNTN_SN",
      "type" : "esriFieldTypeDouble",
      "alias" : "PMNTN_SN"
    },
    {
      "name" : "MNTN_CODE",
      "type" : "esriFieldTypeString",
      "alias" : "MNTN_CODE",
      "length" : 9
    },
    {
      "name" : "MNTN_NM",
      "type" : "esriFieldTypeString",
      "alias" : "MNTN_NM",
      "length" : 50
    },
    {
      "name" : "PMNTN_NM",
      "type" : "esriFieldTypeString",
      "alias" : "PMNTN_NM",
      "length" : 50
    },
    {
      "name" : "PMNTN_MAIN",
      "type" : "esriFieldTypeString",
      "alias" : "PMNTN_MAIN",
      "length" : 200
    },
    {
      "name" : "PMNTN_LT",
      "type" : "esriFieldTypeSingle",
      "alias" : "PMNTN_LT"
    },
    {
      "name" : "PMNTN_DFFL",
      "type" : "esriFieldTypeString",
      "alias" : "PMNTN_DFFL",
      "length" : 8
    },
    {
      "name" : "PMNTN_UPPL",
      "type" : "esriFieldTypeDouble",
      "alias" : "PMNTN_UPPL"
    },
    {
      "name" : "PMNTN_GODN",
      "type" : "esriFieldTypeDouble",
      "alias" : "PMNTN_GODN"
    },
    {
      "name" : "PMNTN_MTRQ",
      "type" : "esriFieldTypeString",
      "alias" : "PMNTN_MTRQ",
      "length" : 200
    },
    {
      "name" : "PMNTN_CNRL",
      "type" : "esriFieldTypeString",
      "alias" : "PMNTN_CNRL",
      "length" : 1
    },
    {
      "name" : "PMNTN_CLS_",
      "type" : "esriFieldTypeString",
      "alias" : "PMNTN_CLS_",
      "length" : 1
    },
    {
      "name" : "PMNTN_RISK",
      "type" : "esriFieldTypeString",
      "alias" : "PMNTN_RISK",
      "length" : 200
    },
    {
      "name" : "PMNTN_RECO",
      "type" : "esriFieldTypeString",
      "alias" : "PMNTN_RECO",
      "length" : 1
    },
    {
      "name" : "DATA_STDR_",
      "type" : "esriFieldTypeString",
      "alias" : "DATA_STDR_",
      "length" : 10
    },
    {
      "name" : "MNTN_ID",
      "type" : "esriFieldTypeString",
      "alias" : "MNTN_ID",
      "length" : 10
    }
  ],
  "features" : [
    {
      "attributes" : {
        "FID" : 0,
        "PMNTN_SN" : 33767,
        "MNTN_CODE" : "421902701",
        "MNTN_NM" : "숙지산",
        "PMNTN_NM" : "백두대간(건의령~구부시령)",
        "PMNTN_MAIN" : " ",
        "PMNTN_LT" : 1.06,
        "PMNTN_DFFL" : "쉬움",
        "PMNTN_UPPL" : 19,
        "PMNTN_GODN" : 13,
        "PMNTN_MTRQ" : " ",
        "PMNTN_CNRL" : " ",
        "PMNTN_CLS_" : " ",
        "PMNTN_RISK" : " ",
        "PMNTN_RECO" : " ",
        "DATA_STDR_" : "2016-12-31",
        "MNTN_ID" : "421901601"
      },
      "geometry" : {
        "paths" : [
          [
            [
              377726.69699999969,
              519948.31020000018
            ],
            [
              377729.93520000204,
              519952.59290000238
            ],
            [
              377733.39320000075,
              519956.68060000241
            ],
            [
              377736.51180000044,
              519960.00820000097
            ],
            [
              377739.78990000114,
              519963.19440000132
            ],
            [
              377746.92540000193,
              519973.83980000205
            ],
            [
              377754.45870000031,
              519983.04720000178
            ],
            [
              377759.48089999985,
              519992.25469999947
            ],
            [
              377764.9216999989,
              520000.625
            ],
            [
              377773.71050000098,
              520010.66950000264
            ],
            [
              377780.82540000044,
              520020.71390000172
            ],
            [
              377788.77720000036,
              520033.26950000226
            ],
            [
              377795.89200000092,
              520042.47690000013
            ],
            [
              377802.16980000027,
              520050.84730000421
            ],
            [
              377811.37720000185,
              520059.6361999996
            ],
            [
              377819.32909999974,
              520070.93620000221
            ],
            [
              377826.4439000003,
              520080.14360000193
            ],
            [
              377830.62909999955,
              520092.28060000017
            ],
            [
              377836.48830000032,
              520106.92880000174
            ],
            [
              377844.44020000007,
              520121.9953999985
            ],
            [
              377849.88090000022,
              520134.55100000277
            ],
            [
              377853.64760000166,
              520151.29170000181
            ],
            [
              377857.4143000003,
              520171.79910000227
            ],
            [
              377860.34389999975,
              520186.44730000012
            ],
            [
              377861.18090000004,
              520198.16579999961
            ],
            [
              377864.94760000147,
              520211.55840000138
            ],
            [
              377868.2957000006,
              520226.62510000169
            ],
            [
              377870.38830000162,
              520238.76209999993
            ],
            [
              377873.73649999965,
              520262.89670000039
            ],
            [
              377877.64269999973,
              520285.77569999918
            ],
            [
              377881.54879999906,
              520299.72630000114
            ],
            [
              377885.45500000007,
              520316.46710000187
            ],
            [
              377888.8032000009,
              520332.09180000052
            ],
            [
              377892.70930000022,
              520346.04240000248
            ],
            [
              377896.61550000031,
              520361.66710000113
            ],
            [
              377901.07970000058,
              520378.40780000389
            ],
            [
              377909.45010000095,
              520391.80040000007
            ],
            [
              377917.26240000036,
              520405.75100000203
            ],
            [
              377925.07479999959,
              520416.91149999946
            ],
            [
              377931.77109999955,
              520425.28190000169
            ],
            [
              377940.6995000001,
              520430.30409999937
            ],
            [
              377949.06980000157,
              520435.88440000266
            ],
            [
              377957.44020000007,
              520449.27700000443
            ],
            [
              377959.67229999974,
              520466.0177000016
            ],
            [
              377961.34640000015,
              520481.64240000024
            ],
            [
              377960.78839999996,
              520496.15110000223
            ],
            [
              377965.25260000024,
              520514.00779999979
            ],
            [
              377969.15869999956,
              520531.30660000257
            ],
            [
              377973.06490000058,
              520548.04739999957
            ],
            [
              377976.97110000066,
              520569.81030000001
            ],
            [
              377980.31919999979,
              520589.89920000173
            ],
            [
              377983.10929999966,
              520611.662200002
            ],
            [
              377987.01550000068,
              520631.75109999999
            ],
            [
              377989.24760000035,
              520650.72389999963
            ],
            [
              377992.59580000117,
              520669.6967999991
            ],
            [
              377995.9439000003,
              520689.2276000008
            ],
            [
              378005.43030000106,
              520711.54860000126
            ],
            [
              378012.12660000101,
              520728.84740000032
            ],
            [
              378022.72910000104,
              520745.03010000102
            ],
            [
              378029.98340000119,
              520761.21279999986
            ],
            [
              378038.91179999989,
              520778.51160000265
            ],
            [
              378051.74640000053,
              520797.48450000212
            ],
            [
              378064.02290000021,
              520813.66719999909
            ],
            [
              378075.18340000045,
              520829.29190000147
            ],
            [
              378083.55380000081,
              520849.38079999946
            ],
            [
              378089.69209999871,
              520864.44740000181
            ],
            [
              378094.71430000104,
              520877.84000000171
            ],
            [
              378098.0625,
              520890.67459999956
            ],
            [
              378100.85259999987,
              520905.18319999985
            ],
            [
              378102.52670000028,
              520916.90179999918
            ]
          ]
        ]
      }
    },
    {
      "attributes" : {
        "FID" : 1,
        "PMNTN_SN" : 33768,
        "MNTN_CODE" : "421902701",
        "MNTN_NM" : "숙지산",
        "PMNTN_NM" : " ",
        "PMNTN_MAIN" : " ",
        "PMNTN_LT" : 0.15,
        "PMNTN_DFFL" : "쉬움",
        "PMNTN_UPPL" : 3,
        "PMNTN_GODN" : 2,
        "PMNTN_MTRQ" : " ",
        "PMNTN_CNRL" : " ",
        "PMNTN_CLS_" : " ",
        "PMNTN_RISK" : " ",
        "PMNTN_RECO" : " ",
        "DATA_STDR_" : "2016-12-31",
        "MNTN_ID" : "421901601"
      },
      "geometry" : {
        "paths" : [
          [
            [
              378102.52670000028,
              520916.90179999918
            ],
            [
              378098.62050000206,
              520929.17830000073
            ],
            [
              378093.59829999972,
              520939.22279999964
            ],
            [
              378087.46000000089,
              520951.49930000119
            ],
            [
              378083.55380000081,
              520959.31159999967
            ],
            [
              378077.41550000012,
              520969.3561000023
            ],
            [
              378067.9291000003,
              520977.7265000008
            ],
            [
              378060.67480000015,
              520986.09679999948
            ],
            [
              378053.42050000094,
              520995.58330000192
            ],
            [
              378047.84020000231,
              521005.06970000267
            ],
            [
              378043.37599999923,
              521015.67219999991
            ],
            [
              378040.0279000001,
              521026.83259999938
            ],
            [
              378042.25999999978,
              521036.87710000202
            ],
            [
              378045.60809999984,
              521045.80550000258
            ]
          ]
        ]
      }
    },
    {
      "attributes" : {
        "FID" : 2,
        "PMNTN_SN" : 33769,
        "MNTN_CODE" : "421902701",
        "MNTN_NM" : "숙지산",
        "PMNTN_NM" : "백두대간(건의령~구부시령)",
        "PMNTN_MAIN" : " ",
        "PMNTN_LT" : 5.28,
        "PMNTN_DFFL" : "쉬움",
        "PMNTN_UPPL" : 93,
        "PMNTN_GODN" : 65,
        "PMNTN_MTRQ" : " ",
        "PMNTN_CNRL" : " ",
        "PMNTN_CLS_" : " ",
        "PMNTN_RISK" : " ",
        "PMNTN_RECO" : " ",
        "DATA_STDR_" : "2016-12-31",
        "MNTN_ID" : "421901601"
      },
      "geometry" : {
        "paths" : [
          [
            [
              378102.52670000028,
              520916.90179999918
            ],
            [
              378107.13860000111,
              520913.01620000228
            ],
            [
              378113.68720000051,
              520907.97340000235
            ],
            [
              378118.72350000218,
              520904.36840000004
            ],
            [
              378122.05750000011,
              520902.39310000092
            ],
            [
              378125.38669999968,
              520901.03660000116
            ],
            [
              378133.77599999961,
              520898.48690000176
            ],
            [
              378143.26250000112,
              520894.58080000244
            ],
            [
              378154.98100000061,
              520890.67459999956
            ],
            [
              378164.33270000201,
              520886.90560000204
            ],
            [
              378167.81560000125,
              520885.65240000188
            ],
            [
              378171.84640000015,
              520884.53540000133
            ],
            [
              378183.99830000009,
              520881.746199999
            ],
            [
              378195.0251000002,
              520877.89379999973
            ],
            [
              378199.06489999965,
              520876.72400000133
            ],
            [
              378203.12160000019,
              520875.96360000037
            ],
            [
              378214.13159999996,
              520874.49190000072
            ],
            [
              378224.82620000094,
              520871.86429999769
            ],
            [
              378229.19830000121,
              520871.1436999999
            ],
            [
              378235.2537000021,
              520870.84980000183
            ],
            [
              378240.9168000007,
              520871.1436999999
            ],
            [
              378244.7703999998,
              520871.64039999992
            ],
            [
              378247.94940000027,
              520872.24100000039
            ],
            [
              378251.96750000026,
              520873.4670000039
            ],
            [
              378255.90799999982,
              520875.37000000104
            ],
            [
              378259.23450000118,
              520877.73220000416
            ],
            [
              378261.63290000055,
              520879.72809999995
            ],
            [
              378264.91189999972,
              520882.86219999939
            ],
            [
              378267.0820000004,
              520885.25220000185
            ],
            [
              378269.27950000018,
              520888.10029999912
            ],
            [
              378274.95629999973,
              520896.81290000118
            ],
            [
              378281.09460000042,
              520907.41530000232
            ],
            [
              378284.08169999905,
              520911.62540000305
            ],
            [
              378291.69710000046,
              520921.36600000411
            ],
            [
              378304.53160000034,
              520939.7808000017
            ],
            [
              378316.25019999873,
              520954.84740000404
            ],
            [
              378323.33440000098,
              520965.38510000147
            ],
            [
              378326.29460000154,
              520969.3561000023
            ],
            [
              378330.74430000037,
              520974.3331000004
            ],
            [
              378336.10510000028,
              520979.45099999942
            ],
            [
              378342.2723000003,
              520984.68080000021
            ],
            [
              378352.52180000022,
              520992.79310000315
            ],
            [
              378363.36239999998,
              521000.40600000136
            ],
            [
              378367.58839999977,
              521003.95360000059
            ],
            [
              378369.53270000033,
              521006.03940000013
            ],
            [
              378371.51410000119,
              521008.53580000065
            ],
            [
              378377.79990000091,
              521017.77670000121
            ],
            [
              378380.42300000042,
              521021.25239999965
            ],
            [
              378384.94450000115,
              521026.17400000058
            ],
            [
              378389.73929999955,
              521030.65630000085
            ],
            [
              378394.8741000006,
              521034.94800000265
            ],
            [
              378407.15890000015,
              521044.69610000402
            ],
            [
              378412.89050000068,
              521049.64340000413
            ],
            [
              378417.736800001,
              521054.45290000178
            ],
            [
              378421.71680000145,
              521059.19810000248
            ],
            [
              378427.15039999969,
              521066.49629999883
            ],
            [
              378429.44079999998,
              521070.27359999903
            ],
            [
              378431.41289999895,
              521074.71299999952
            ],
            [
              378432.50930000097,
              521078.50030000135
            ],
            [
              378435.10940000135,
              521092.12150000036
            ],
            [
              378436.57780000009,
              521101.80210000277
            ],
            [
              378437.52720000129,
              521105.09240000136
            ],
            [
              378439.34979999997,
              521108.62340000086
            ],
            [
              378441.39610000141,
              521111.26490000077
            ],
            [
              378443.7630000012,
              521113.77749999985
            ],
            [
              378449.06010000035,
              521118.90670000203
            ],
            [
              378452.69969999976,
              521122.40349999815
            ],
            [
              378456.78149999958,
              521125.98820000142
            ],
            [
              378466.91690000147,
              521133.97340000235
            ],
            [
              378473.55640000198,
              521138.68940000422
            ],
            [
              378482.54160000198,
              521144.57589999773
            ],
            [
              378490.47710000072,
              521149.533400001
            ],
            [
              378498.16620000079,
              521154.06230000034
            ],
            [
              378509.27590000071,
              521159.67570000142
            ],
            [
              378513.7909000013,
              521162.43270000443
            ],
            [
              378518.28490000125,
              521165.73520000279
            ],
            [
              378521.48830000218,
              521168.40770000219
            ],
            [
              378524.07400000002,
              521171.01190000027
            ],
            [
              378526.57290000096,
              521174.50680000149
            ],
            [
              378527.92140000034,
              521177.6072000023
            ],
            [
              378530.20100000035,
              521187.0482000038
            ],
            [
              378531.26090000104,
              521190.00870000012
            ],
            [
              378533.60440000053,
              521194.28940000013
            ],
            [
              378536.11070000101,
              521197.86150000058
            ],
            [
              378539.1547000017,
              521201.63340000249
            ],
            [
              378543.924300001,
              521207.07469999976
            ],
            [
              378547.43630000018,
              521210.78329999931
            ],
            [
              378555.64280000143,
              521218.79320000112
            ],
            [
              378569.03540000133,
              521232.74379999936
            ],
            [
              378585.41750000138,
              521249.27800000273
            ],
            [
              378591.07630000077,
              521254.50390000083
            ],
            [
              378596.37860000227,
              521258.9710000027
            ],
            [
              378602.42059999984,
              521263.5698000025
            ],
            [
              378610.88730000053,
              521269.57340000011
            ],
            [
              378625.95390000008,
              521279.61790000275
            ],
            [
              378642.13660000078,
              521290.22040000372
            ],
            [
              378652.40579999983,
              521296.89660000242
            ],
            [
              378658.31940000225,
              521300.26479999907
            ],
            [
              378662.247299999,
              521302.02480000257
            ],
            [
              378671.06379999965,
              521305.38389999978
            ],
            [
              378674.50210000016,
              521306.96110000089
            ],
            [
              378678.34920000192,
              521309.13860000111
            ],
            [
              378687.3367000008,
              521314.77340000309
            ],
            [
              378697.21210000012,
              521320.08910000324
            ],
            [
              378701.2873000009,
              521322.58579999954
            ],
            [
              378704.20650000032,
              521324.86989999935
            ],
            [
              378710.68130000029,
              521330.75659999996
            ],
            [
              378714.12180000078,
              521333.18829999864
            ],
            [
              378716.73740000185,
              521334.28890000097
            ],
            [
              378725.1539000012,
              521337.130400002
            ],
            [
              378726.03940000199,
              521340.66980000213
            ],
            [
              378724.12570000067,
              521343.76300000027
            ],
            [
              378719.33270000014,
              521349.91200000234
            ],
            [
              378716.42759999912,
              521355.29500000179
            ],
            [
              378711.88970000017,
              521364.99570000172
            ],
            [
              378707.58519999962,
              521374.98310000263
            ],
            [
              378705.40140000079,
              521378.49240000173
            ],
            [
              378702.32100000046,
              521381.66139999963
            ],
            [
              378696.26510000136,
              521386.2006000001
            ],
            [
              378686.22060000058,
              521395.68700000271
            ],
            [
              378672.82799999975,
              521407.96360000409
            ],
            [
              378664.68599999975,
              521415.82939999737
            ],
            [
              378659.43539999891,
              521421.35620000027
            ],
            [
              378648.27490000147,
              521435.30680000223
            ],
            [
              378637.11440000124,
              521447.02530000173
            ],
            [
              378629.33880000003,
              521455.57680000179
            ],
            [
              378627.14120000135,
              521458.36639999971
            ],
            [
              378624.77880000044,
              521462.12730000168
            ],
            [
              378623.1157999998,
              521465.79430000298
            ],
            [
              378622.24709999934,
              521468.54880000278
            ],
            [
              378621.53890000004,
              521471.5951000005
            ],
            [
              378620.66350000072,
              521477.50760000199
            ],
            [
              378619.2145000007,
              521492.74000000395
            ],
            [
              378618.50490000006,
              521496.93360000104
            ],
            [
              378617.58360000141,
              521500.59569999948
            ],
            [
              378615.92140000034,
              521505.69080000184
            ],
            [
              378613.83980000019,
              521511.31060000136
            ],
            [
              378605.86500000022,
              521530.72900000215
            ],
            [
              378599.93269999977,
              521544.64400000125
            ],
            [
              378597.49470000062,
              521551.37600000203
            ],
            [
              378596.34470000025,
              521555.60940000042
            ],
            [
              378593.58849999961,
              521567.55870000087
            ],
            [
              378590.14600000158,
              521578.51209999993
            ],
            [
              378587.45019999985,
              521587.08960000239
            ],
            [
              378583.9357000012,
              521601.36900000088
            ],
            [
              378582.42800000217,
              521606.62040000036
            ],
            [
              378580.89140000008,
              521610.72959999926
            ],
            [
              378576.78580000065,
              521620.23619999923
            ],
            [
              378575.17369999923,
              521625.03520000167
            ],
            [
              378574.32600000035,
              521629.10349999927
            ],
            [
              378573.13169999979,
              521638.30950000137
            ],
            [
              378572.38350000139,
              521642.33400000073
            ],
            [
              378570.72880000062,
              521648.16090000048
            ],
            [
              378567.22780000046,
              521658.42600000277
            ],
            [
              378566.2452999996,
              521661.3069000002
            ],
            [
              378561.7603000002,
              521674.96480000019
            ],
            [
              378560.7443000013,
              521678.92520000041
            ],
            [
              378560.10700000077,
              521682.51180000231
            ],
            [
              378559.79700000118,
              521685.8123000022
            ],
            [
              378559.69610000029,
              521689.52850000001
            ],
            [
              378559.80870000087,
              521692.95800000057
            ],
            [
              378560.10700000077,
              521702.04270000383
            ],
            [
              378560.40770000126,
              521716.63940000162
            ],
            [
              378560.72710000165,
              521721.31000000238
            ],
            [
              378561.22300000023,
              521725.47969999909
            ],
            [
              378562.16530000046,
              521730.87089999765
            ],
            [
              378563.41339999996,
              521736.40490000136
            ],
            [
              378564.96229999978,
              521742.0588000007
            ],
            [
              378566.80330000166,
              521747.80069999956
            ],
            [
              378568.42300000228,
              521752.17530000024
            ],
            [
              378570.30510000046,
              521756.6314000003
            ],
            [
              378572.40929999948,
              521760.86870000325
            ],
            [
              378574.89160000067,
              521765.86750000156
            ],
            [
              378580.64140000008,
              521775.68540000357
            ],
            [
              378588.0082000019,
              521786.86240000278
            ],
            [
              378592.92419999931,
              521793.65510000288
            ],
            [
              378598.47880000062,
              521800.65350000188
            ],
            [
              378604.75499999896,
              521807.96410000138
            ],
            [
              378612.00329999998,
              521815.87970000133
            ],
            [
              378619.37619999982,
              521823.58190000243
            ],
            [
              378625.59070000052,
              521829.31270000152
            ],
            [
              378627.80489999987,
              521831.07279999927
            ],
            [
              378633.99180000089,
              521835.46819999814
            ],
            [
              378637.11440000124,
              521838.20070000179
            ],
            [
              378640.77930000052,
              521842.19569999911
            ],
            [
              378643.74250000063,
              521846.00480000116
            ],
            [
              378646.05269999988,
              521849.69100000151
            ],
            [
              378647.71690000128,
              521853.26740000211
            ],
            [
              378648.71410000138,
              521856.5501000043
            ],
            [
              378649.3925999999,
              521860.34380000271
            ],
            [
              378649.77600000054,
              521864.69510000013
            ],
            [
              378649.94900000188,
              521870.56620000117
            ],
            [
              378649.67200000118,
              521876.08650000021
            ],
            [
              378648.65689999983,
              521882.22279999778
            ],
            [
              378647.41320000123,
              521887.35700000077
            ],
            [
              378644.03970000055,
              521899.25290000439
            ],
            [
              378642.69470000174,
              521904.60570000298
            ],
            [
              378640.61410000082,
              521912.83620000072
            ],
            [
              378639.8124000011,
              521918.22679999843
            ],
            [
              378639.73440000042,
              521922.59339999966
            ],
            [
              378640.46260000113,
              521933.06489999965
            ],
            [
              378641.81769999955,
              521949.36350000277
            ],
            [
              378642.13660000078,
              521954.82789999805
            ],
            [
              378642.13230000157,
              521958.37439999916
            ],
            [
              378641.72230000142,
              521968.19690000266
            ],
            [
              378641.98039999977,
              521972.48430000246
            ],
            [
              378642.69660000131,
              521976.40150000155
            ],
            [
              378643.55169999972,
              521979.26649999991
            ],
            [
              378647.71690000128,
              521990.54150000028
            ],
            [
              378650.80240000039,
              522000.39150000177
            ],
            [
              378647.14580000099,
              522002.64470000006
            ],
            [
              378643.57129999995,
              522002.70260000229
            ],
            [
              378637.88840000052,
              522001.50520000234
            ],
            [
              378629.8601000011,
              521996.67980000004
            ],
            [
              378616.46750000026,
              521990.54150000028
            ],
            [
              378610.15209999867,
              521987.10040000081
            ],
            [
              378603.9319000002,
              521983.33510000259
            ],
            [
              378597.84080000222,
              521979.26590000279
            ],
            [
              378591.91440000013,
              521974.91680000164
            ],
            [
              378584.7762000002,
              521968.7322000023
            ],
            [
              378581.87000000011,
              521966.54639999941
            ],
            [
              378577.91239999887,
              521964.3805999998
            ],
            [
              378569.60470000096,
              521960.92750000209
            ],
            [
              378566.2452999996,
              521959.29209999926
            ],
            [
              378561.82180000097,
              521956.57420000248
            ],
            [
              378553.22540000081,
              521950.54780000076
            ],
            [
              378549.50450000074,
              521948.13159999996
            ],
            [
              378539.17669999972,
              521942.50690000318
            ],
            [
              378535.55390000064,
              521940.31929999962
            ],
            [
              378532.75710000098,
              521938.28730000183
            ],
            [
              378526.68280000053,
              521933.37749999948
            ],
            [
              378523.83540000021,
              521931.39090000279
            ],
            [
              378516.87629999965,
              521927.45890000463
            ],
            [
              378513.60250000097,
              521925.93500000238
            ],
            [
              378510.44279999938,
              521924.69460000098
            ],
            [
              378504.5597000001,
              521922.95820000209
            ],
            [
              378498.37780000083,
              521921.80069999956
            ],
            [
              378492.08789999969,
              521921.25760000013
            ],
            [
              378485.88970000111,
              521921.34640000015
            ],
            [
              378480.94720000122,
              521921.96869999915
            ],
            [
              378473.05510000046,
              521923.57850000262
            ],
            [
              378461.61030000076,
              521925.83530000038
            ],
            [
              378458.16060000006,
              521926.84630000032
            ],
            [
              378455.19830000028,
              521928.04270000197
            ],
            [
              378451.96190000046,
              521929.75410000421
            ],
            [
              378448.70960000064,
              521931.83570000157
            ],
            [
              378445.48759999964,
              521934.25830000266
            ],
            [
              378441.55269999988,
              521937.80169999972
            ],
            [
              378439.09300000127,
              521940.62940000184
            ],
            [
              378433.61810000055,
              521948.44180000201
            ],
            [
              378431.20330000017,
              521951.47980000079
            ],
            [
              378425.7248000009,
              521957.30100000277
            ],
            [
              378420.04279999994,
              521962.64020000026
            ],
            [
              378415.72610000055,
              521966.22290000133
            ],
            [
              378409.44030000176,
              521971.01060000435
            ],
            [
              378401.71710000001,
              521976.43930000067
            ],
            [
              378384.3292000005,
              521987.75139999948
            ],
            [
              378376.12080000062,
              521993.13470000215
            ],
            [
              378372.05260000005,
              521996.12170000002
            ],
            [
              378368.26200000197,
              521999.42600000277
            ],
            [
              378364.33120000083,
              522003.36570000276
            ],
            [
              378360.24230000097,
              522007.91939999908
            ],
            [
              378354.19579999894,
              522015.09459999762
            ],
            [
              378345.82550000027,
              522025.69710000418
            ],
            [
              378342.58460000064,
              522029.03160000034
            ],
            [
              378334.18270000163,
              522036.57530000247
            ],
            [
              378330.5728000002,
              522040.20570000261
            ],
            [
              378327.47800000012,
              522043.89790000021
            ],
            [
              378319.41229999997,
              522054.34230000153
            ],
            [
              378314.4636000013,
              522060.06030000001
            ],
            [
              378307.50779999979,
              522067.7349000033
            ],
            [
              378295.60319999978,
              522080.38350000046
            ],
            [
              378287.20440000109,
              522090.66550000384
            ],
            [
              378283.6986999996,
              522094.52009999938
            ],
            [
              378279.84520000126,
              522098.02470000088
            ],
            [
              378274.67140000034,
              522102.25100000203
            ],
            [
              378269.56210000068,
              522106.42459999956
            ],
            [
              378260.8543000007,
              522114.11560000107
            ],
            [
              378258.67219999991,
              522116.28830000199
            ],
            [
              378256.16949999984,
              522119.07320000231
            ],
            [
              378253.39380000066,
              522122.86449999921
            ],
            [
              378250.68919999991,
              522127.38189999945
            ],
            [
              378248.20019999985,
              522132.23290000111
            ],
            [
              378243.52089999989,
              522142.13820000179
            ],
            [
              378238.53849999979,
              522152.73680000007
            ],
            [
              378235.33660000097,
              522160.73910000362
            ],
            [
              378233.91290000081,
              522165.76200000197
            ],
            [
              378231.37999999989,
              522177.99100000039
            ],
            [
              378230.4561999999,
              522181.09820000269
            ],
            [
              378229.3843000019,
              522183.80410000123
            ],
            [
              378227.31700000167,
              522187.88170000352
            ],
            [
              378224.78150000051,
              522192.07150000148
            ],
            [
              378221.76460000128,
              522196.39609999955
            ],
            [
              378218.22380000073,
              522200.91680000164
            ],
            [
              378214.46830000076,
              522205.00970000029
            ],
            [
              378205.57520000078,
              522213.56540000252
            ],
            [
              378196.3870000001,
              522223.45890000276
            ],
            [
              378192.18260000087,
              522227.70200000145
            ],
            [
              378188.36059999932,
              522231.11370000429
            ],
            [
              378184.61050000135,
              522234.24599999934
            ],
            [
              378177.302000002,
              522240.35059999861
            ],
            [
              378169.81660000049,
              522247.07400000095
            ],
            [
              378165.39750000089,
              522251.51110000163
            ],
            [
              378163.00179999974,
              522254.44730000198
            ],
            [
              378157.82389999926,
              522261.69790000282
            ],
            [
              378154.98100000061,
              522264.9037000034
            ],
            [
              378152.83210000116,
              522266.80690000206
            ],
            [
              378150.27990000043,
              522268.76459999755
            ],
            [
              378141.58840000071,
              522274.57610000111
            ],
            [
              378135.20820000023,
              522278.71330000088
            ],
            [
              378123.73159999959,
              522285.73660000414
            ],
            [
              378111.98570000008,
              522292.61979999952
            ],
            [
              378106.61880000029,
              522296.15310000442
            ],
            [
              378102.7732999986,
              522299.25980000012
            ],
            [
              378094.65490000136,
              522306.68260000087
            ],
            [
              378090.99409999978,
              522309.54569999874
            ],
            [
              378086,
              522312.90820000134
            ],
            [
              378081.71010000072,
              522315.50609999895
            ],
            [
              378077.69830000028,
              522317.59650000185
            ],
            [
              378073.8814000003,
              522319.21810000204
            ],
            [
              378070.25630000047,
              522320.42290000245
            ],
            [
              378066.32870000135,
              522321.44240000099
            ],
            [
              378062.08910000045,
              522322.27920000441
            ],
            [
              378057.51269999892,
              522322.9383000005
            ],
            [
              378052.79150000028,
              522323.35870000161
            ],
            [
              378047.95859999955,
              522323.49930000119
            ],
            [
              378043.06480000075,
              522323.35860000364
            ],
            [
              378038.16780000087,
              522322.9383000005
            ],
            [
              378026.26330000069,
              522320.70620000176
            ],
            [
              378022.52990000136,
              522320.33469999954
            ],
            [
              378018.4114000015,
              522320.21289999969
            ],
            [
              377999.21870000102,
              522321.09290000051
            ],
            [
              377994.63340000063,
              522321.04150000028
            ],
            [
              377990.54970000125,
              522320.70620000176
            ],
            [
              377986.25160000101,
              522320.03769999929
            ],
            [
              377974.1810000008,
              522317.73000000231
            ],
            [
              377964.96160000097,
              522315.95430000126
            ],
            [
              377961.61580000073,
              522318.31940000132
            ],
            [
              377960.89589999989,
              522321.51920000277
            ],
            [
              377960.22140000015,
              522327.89159999974
            ],
            [
              377956.87470000144,
              522341.3348999992
            ],
            [
              377954.62050000019,
              522349.3359999992
            ],
            [
              377953.8535000002,
              522352.05850000307
            ],
            [
              377952.6548999995,
              522355.55800000206
            ],
            [
              377948.47919999994,
              522366.96480000205
            ],
            [
              377946.65170000028,
              522373.53250000253
            ],
            [
              377945.85830000043,
              522378.55150000378
            ],
            [
              377944.9589000009,
              522388.66279999912
            ],
            [
              377944.4196000006,
              522392.87740000337
            ],
            [
              377942.28860000148,
              522403.60850000009
            ],
            [
              377938.46740000136,
              522418.91850000247
            ],
            [
              377932.94930000044,
              522441.35490000248
            ],
            [
              377929.69960000087,
              522452.73000000045
            ],
            [
              377927.80260000098,
              522458.27920000255
            ],
            [
              377925.8003000021,
              522463.37040000223
            ],
            [
              377923.65789999999,
              522468.09210000187
            ],
            [
              377921.35460000206,
              522472.48889999837
            ],
            [
              377919.28200000059,
              522475.80599999987
            ],
            [
              377913.95359999966,
              522483.4234000016
            ],
            [
              377911.1316000009,
              522488.63360000215
            ],
            [
              377909.57870000042,
              522492.79420000128
            ],
            [
              377906.56140000094,
              522504.23399999924
            ],
            [
              377904.98590000067,
              522508.94649999775
            ],
            [
              377903.08090000134,
              522513.19300000183
            ],
            [
              377898.45680000074,
              522522.2890000008
            ],
            [
              377896.80150000099,
              522526.05930000171
            ],
            [
              377894.69000000041,
              522532.17740000039
            ],
            [
              377890.84920000099,
              522545.40420000069
            ],
            [
              377886.0318,
              522559.48650000244
            ],
            [
              377884.15299999993,
              522566.23710000142
            ],
            [
              377883.4143000003,
              522570.1528000012
            ],
            [
              377882.86059999932,
              522574.55930000171
            ],
            [
              377881.81480000075,
              522589.99410000257
            ],
            [
              377881.17680000048,
              522595.99840000272
            ],
            [
              377876.7126000002,
              522621.29550000094
            ],
            [
              377874.48050000053,
              522640.64039999992
            ],
            [
              377873.12860000134,
              522654.47560000233
            ],
            [
              377872.43929999974,
              522658.22720000148
            ],
            [
              377871.50439999998,
              522661.47330000065
            ],
            [
              377869.64990000054,
              522665.92390000075
            ],
            [
              377867.16700000037,
              522670.51560000144
            ],
            [
              377864.06170000136,
              522675.23740000091
            ],
            [
              377860.34389999975,
              522680.07410000078
            ],
            [
              377857.98810000159,
              522682.63580000214
            ],
            [
              377855.09730000049,
              522685.22800000198
            ],
            [
              377843.33260000218,
              522693.98020000011
            ],
            [
              377838.76690000109,
              522697.93090000004
            ],
            [
              377835.6754999999,
              522701.16009999998
            ],
            [
              377832.40139999986,
              522704.93270000443
            ],
            [
              377818.92609999981,
              522721.74000000209
            ],
            [
              377804.04540000204,
              522738.60470000282
            ],
            [
              377793.85330000147,
              522751.21040000021
            ],
            [
              377789.16469999962,
              522756.46150000207
            ],
            [
              377784.58559999987,
              522760.72399999946
            ],
            [
              377773.20239999983,
              522769.92150000297
            ],
            [
              377768.33180000074,
              522774.31829999946
            ],
            [
              377763.45090000052,
              522779.59070000425
            ],
            [
              377753.82309999969,
              522791.25950000063
            ],
            [
              377749.48299999908,
              522796.14329999872
            ],
            [
              377743.30720000062,
              522802.49860000238
            ],
            [
              377737.5784,
              522808.04780000076
            ],
            [
              377731.97260000091,
              522812.76319999993
            ],
            [
              377717.54069999978,
              522823.50810000114
            ],
            [
              377713.85489999969,
              522826.72450000234
            ],
            [
              377710.79320000112,
              522829.87280000001
            ],
            [
              377707.13000000082,
              522834.57609999925
            ],
            [
              377700.16640000138,
              522845.26360000111
            ],
            [
              377696.90460000094,
              522849.71370000206
            ],
            [
              377690.29070000164,
              522857.18510000221
            ],
            [
              377678.05580000207,
              522869.55460000224
            ],
            [
              377675.7089999998,
              522871.77630000003
            ],
            [
              377669.78320000134,
              522876.81480000168
            ],
            [
              377667.2472000001,
              522879.16550000198
            ],
            [
              377664.87830000091,
              522881.8283000011
            ],
            [
              377663.17509999964,
              522884.43520000391
            ],
            [
              377661.92219999991,
              522887.03790000081
            ],
            [
              377660.84100000001,
              522889.82819999941
            ],
            [
              377659.9645999996,
              522892.72050000168
            ],
            [
              377659.31650000066,
              522895.63680000044
            ],
            [
              377658.83760000113,
              522899.86360000074
            ],
            [
              377659.03299999982,
              522905.05010000058
            ],
            [
              377660.15290000197,
              522909.58600000292
            ],
            [
              377661.66920000035,
              522913.10170000419
            ],
            [
              377663.7089999998,
              522916.69439999945
            ],
            [
              377666.15130000096,
              522920.14880000055
            ],
            [
              377668.77570000011,
              522922.88309999928
            ],
            [
              377672.2482000012,
              522925.43899999931
            ],
            [
              377675.87490000017,
              522927.52850000001
            ],
            [
              377684.40190000087,
              522931.89450000226
            ],
            [
              377687.97620000038,
              522934.0373999998
            ],
            [
              377700.91050000116,
              522942.5166000016
            ],
            [
              377704.64240000024,
              522945.27010000125
            ],
            [
              377707.81710000057,
              522947.92600000091
            ],
            [
              377711.5066000009,
              522951.54080000333
            ],
            [
              377715.32460000087,
              522955.88520000316
            ],
            [
              377726.66590000223,
              522970.74310000055
            ],
            [
              377742.53870000131,
              522992.56800000183
            ],
            [
              377747.64869999979,
              522999.10920000263
            ],
            [
              377759.77640000079,
              523014.03400000185
            ],
            [
              377765.35570000019,
              523021.33730000257
            ],
            [
              377768.74859999958,
              523026.27950000204
            ],
            [
              377777.10919999983,
              523039.32980000041
            ],
            [
              377779.71460000146,
              523042.98740000278
            ],
            [
              377782.22040000092,
              523046.13839999959
            ],
            [
              377784.75629999954,
              523048.87489999831
            ],
            [
              377787.83710000012,
              523051.72149999999
            ],
            [
              377798.56040000077,
              523060.32300000452
            ],
            [
              377802.22800000105,
              523063.48910000175
            ],
            [
              377805.45140000153,
              523066.73980000056
            ],
            [
              377808.01360000204,
              523069.94749999978
            ],
            [
              377811.1827000007,
              523075.04019999877
            ],
            [
              377814.17290000059,
              523081.06230000034
            ],
            [
              377817.01140000112,
              523087.96829999983
            ],
            [
              377820.91010000091,
              523098.71670000255
            ],
            [
              377823.68159999978,
              523107.37380000018
            ],
            [
              377825.97220000159,
              523116.58410000056
            ],
            [
              377827.65899999999,
              523125.34349999949
            ],
            [
              377828.02720000036,
              523128.14800000004
            ],
            [
              377829.19190000091,
              523137.01890000142
            ],
            [
              377830.12380000204,
              523147.81940000132
            ],
            [
              377830.73149999976,
              523159.87400000356
            ],
            [
              377831.04200000037,
              523172.68160000071
            ],
            [
              377831.27150000073,
              523195.49620000087
            ],
            [
              377831.16480000038,
              523200.18280000426
            ],
            [
              377831.02580000181,
              523206.28980000317
            ],
            [
              377829.41660000104,
              523232.00500000268
            ],
            [
              377829.31039999984,
              523238.77630000189
            ],
            [
              377829.50789999962,
              523244.87790000252
            ],
            [
              377830.40350000095,
              523258.91219999827
            ],
            [
              377831.37950000074,
              523268.17860000022
            ],
            [
              377832.82789999992,
              523276.43590000272
            ],
            [
              377834.79879999999,
              523283.67789999954
            ],
            [
              377836.18630000018,
              523287.49500000104
            ],
            [
              377837.85870000068,
              523291.40510000102
            ],
            [
              377839.82740000077,
              523295.4354000017
            ],
            [
              377842.11639999971,
              523299.63510000147
            ],
            [
              377844.82529999968,
              523304.0212000031
            ],
            [
              377847.57030000165,
              523308.46580000222
            ],
            [
              377855.96240000147,
              523320.71419999935
            ],
            [
              377859.51070000138,
              523325.54600000195
            ],
            [
              377863.70630000066,
              523330.76740000024
            ],
            [
              377865.98379999958,
              523333.38280000165
            ],
            [
              377877.72240000032,
              523346.86320000142
            ],
            [
              377882.4168999996,
              523352.45960000157
            ],
            [
              377891.80760000087,
              523364.20639999956
            ],
            [
              377900.46219999995,
              523375.0324000027
            ],
            [
              377914.1623000009,
              523393.02320000343
            ],
            [
              377919.81859999988,
              523401.09170000255
            ],
            [
              377933.89649999887,
              523422.36110000312
            ],
            [
              377938.24340000004,
              523428.37140000239
            ],
            [
              377942.38040000014,
              523433.58669999987
            ],
            [
              377945.96969999932,
              523437.61330000125
            ],
            [
              377950.23010000214,
              523441.89350000396
            ],
            [
              377964.67890000064,
              523455.02569999918
            ],
            [
              377969.61529999971,
              523459.74200000055
            ],
            [
              377974.00059999898,
              523464.39330000244
            ],
            [
              377977.65309999883,
              523468.85940000229
            ],
            [
              377981.96470000222,
              523475.06670000032
            ],
            [
              377986.33410000149,
              523482.33479999751
            ],
            [
              377989.42559999973,
              523487.98870000057
            ],
            [
              377990.73140000086,
              523490.49780000001
            ],
            [
              377998.70400000084,
              523505.81760000437
            ],
            [
              378000.5803000005,
              523509.42300000228
            ],
            [
              378017.56830000039,
              523541.71480000392
            ],
            [
              378025.27120000124,
              523555.27749999985
            ],
            [
              378031.33540000115,
              523564.76920000091
            ],
            [
              378044.48780000117,
              523583.97010000236
            ],
            [
              378049.96210000198,
              523592.31380000152
            ],
            [
              378053.68920000084,
              523598.59850000218
            ],
            [
              378060.84180000052,
              523611.74989999831
            ],
            [
              378063.99979999941,
              523617.25760000385
            ],
            [
              378067.58100000117,
              523622.84620000049
            ],
            [
              378071.12570000067,
              523627.58650000207
            ],
            [
              378075.55059999973,
              523632.84769999981
            ],
            [
              378079.84070000052,
              523637.60620000213
            ],
            [
              378084.05370000098,
              523641.92600000277
            ],
            [
              378088.21330000088,
              523645.83090000413
            ],
            [
              378092.34960000124,
              523649.34750000387
            ],
            [
              378096.46050000004,
              523652.47240000218
            ],
            [
              378100.55400000047,
              523655.21160000004
            ],
            [
              378104.63480000105,
              523657.56829999946
            ],
            [
              378108.28140000068,
              523659.24810000136
            ],
            [
              378112.50240000058,
              523660.70610000379
            ],
            [
              378117.05989999976,
              523661.89640000276
            ],
            [
              378117.54430000205,
              523662.02290000394
            ],
            [
              378118.18290000223,
              523662.16819999926
            ],
            [
              378131.73249999993,
              523665.25060000271
            ],
            [
              378136.12730000075,
              523666.61099999957
            ],
            [
              378139.90740000084,
              523668.15009999834
            ],
            [
              378144.2714000009,
              523670.42650000192
            ],
            [
              378148.93489999976,
              523673.32920000143
            ],
            [
              378164.98369999975,
              523684.98190000094
            ],
            [
              378171.65280000027,
              523689.31369999982
            ],
            [
              378176.82380000129,
              523692.1510000024
            ],
            [
              378182.75119999982,
              523695.04170000181
            ],
            [
              378201.98690000083,
              523703.40310000069
            ],
            [
              378208.46130000055,
              523706.37410000153
            ],
            [
              378214.20900000166,
              523709.30489999987
            ],
            [
              378219.27100000065,
              523712.24090000056
            ],
            [
              378228.28089999966,
              523718.16620000079
            ],
            [
              378237.42989999987,
              523724.82410000265
            ],
            [
              378246.75079999957,
              523732.23820000328
            ],
            [
              378256.30729999952,
              523740.45910000242
            ],
            [
              378264.99430000037,
              523748.65269999951
            ],
            [
              378274.08220000006,
              523758.12110000104
            ],
            [
              378283.74029999971,
              523768.99719999917
            ],
            [
              378296.87090000138,
              523784.54990000464
            ],
            [
              378303.54080000054,
              523792.70050000399
            ],
            [
              378310.54750000034,
              523801.60900000297
            ],
            [
              378326.8526000008,
              523823.3498999998
            ],
            [
              378340.39380000066,
              523842.39010000415
            ],
            [
              378358.59800000023,
              523869.20429999754
            ],
            [
              378363.4094000021,
              523876.06030000187
            ],
            [
              378374.73810000066,
              523891.45220000111
            ],
            [
              378379.64270000067,
              523898.5829000026
            ],
            [
              378382.38439999986,
              523902.94720000215
            ],
            [
              378384.76040000003,
              523907.09909999929
            ],
            [
              378386.81840000022,
              523911.12209999934
            ],
            [
              378388.57980000041,
              523915.0588000007
            ],
            [
              378390.97680000216,
              523921.63360000029
            ],
            [
              378393.11600000039,
              523929.21020000242
            ],
            [
              378394.63470000122,
              523935.80000000075
            ],
            [
              378399.16160000116,
              523957.3860000018
            ],
            [
              378400.75090000033,
              523964.67500000261
            ],
            [
              378403.87940000091,
              523981.41950000264
            ],
            [
              378405.43740000017,
              523988.82990000397
            ],
            [
              378407.45590000041,
              523996.53410000168
            ],
            [
              378409.7434000019,
              524003.24049999937
            ],
            [
              378411.53500000108,
              524007.49719999917
            ],
            [
              378414.0094000008,
              524012.67149999924
            ],
            [
              378416.67939999979,
              524017.59950000048
            ],
            [
              378419.76539999992,
              524022.77840000018
            ],
            [
              378425.21960000228,
              524031.15269999951
            ],
            [
              378426.84200000111,
              524033.46969999932
            ],
            [
              378441.4888000004,
              524054.38590000011
            ],
            [
              378454.77060000133,
              524074.99400000088
            ],
            [
              378460.5278000012,
              524083.41250000335
            ],
            [
              378463.76919999998,
              524087.75669999979
            ],
            [
              378466.93210000079,
              524091.6724999994
            ],
            [
              378470.0764000006,
              524095.23390000127
            ],
            [
              378473.23419999983,
              524098.47670000233
            ],
            [
              378475.98700000066,
              524100.99600000307
            ],
            [
              378479.00870000012,
              524103.4486999996
            ],
            [
              378482.32650000136,
              524105.85710000247
            ],
            [
              378485.99260000046,
              524108.259200003
            ],
            [
              378493.88590000011,
              524112.8245000001
            ],
            [
              378510.29620000161,
              524121.36129999906
            ],
            [
              378517.1026000008,
              524125.12840000354
            ],
            [
              378523.93540000077,
              524129.4319000002
            ],
            [
              378529.67050000187,
              524133.74939999916
            ],
            [
              378534.7603000002,
              524138.27270000055
            ],
            [
              378540.11359999981,
              524143.60869999975
            ],
            [
              378545.4104000004,
              524149.34730000421
            ],
            [
              378559.72090000007,
              524165.47440000065
            ],
            [
              378564.25119999982,
              524170.22370000184
            ],
            [
              378568.47049999982,
              524174.31300000101
            ],
            [
              378578.78330000117,
              524183.37410000153
            ],
            [
              378601.97950000223,
              524202.53120000102
            ],
            [
              378626.04719999898,
              524223.04150000215
            ],
            [
              378640.77950000018,
              524236.04020000249
            ],
            [
              378659.02950000111,
              524252.70130000077
            ],
            [
              378664.81310000084,
              524258.26239999942
            ],
            [
              378670.76130000129,
              524264.25830000453
            ],
            [
              378672.78130000085,
              524266.57030000165
            ],
            [
              378674.98950000107,
              524269.50200000219
            ],
            [
              378683.96079999954,
              524283.14550000057
            ],
            [
              378687.79650000017,
              524288.20930000208
            ],
            [
              378689.90199999977,
              524290.34300000407
            ],
            [
              378692.77630000096,
              524292.10340000317
            ],
            [
              378696.18820000067,
              524292.21700000204
            ],
            [
              378699.26710000169,
              524290.18730000407
            ],
            [
              378701.79509999976,
              524287.38510000147
            ],
            [
              378704.74010000005,
              524283.1147000026
            ],
            [
              378706.19850000087,
              524280.69120000303
            ],
            [
              378710.67929999996,
              524273.2453000024
            ],
            [
              378713.08850000054,
              524269.54920000024
            ],
            [
              378715.72140000015,
              524265.15650000237
            ],
            [
              378720.88239999954,
              524254.48300000094
            ],
            [
              378723.2407999998,
              524250.28159999847
            ],
            [
              378725.34720000066,
              524247.53699999861
            ],
            [
              378728.22180000134,
              524245.23900000192
            ],
            [
              378731.62890000083,
              524244.29730000161
            ],
            [
              378734.79750000127,
              524244.44450000115
            ],
            [
              378738.44049999956,
              524245.29940000176
            ],
            [
              378742.50600000005,
              524246.85000000149
            ],
            [
              378747.02979999874,
              524249.13040000014
            ],
            [
              378751.75930000003,
              524252.03150000051
            ],
            [
              378756.46850000136,
              524255.41789999977
            ],
            [
              378760.70660000015,
              524258.9673999995
            ],
            [
              378764.26950000133,
              524262.57859999873
            ],
            [
              378767.45500000101,
              524266.5700000003
            ],
            [
              378770.26329999976,
              524270.94170000032
            ],
            [
              378772.69429999962,
              524275.69349999912
            ],
            [
              378774.7480000006,
              524280.8256000001
            ],
            [
              378776.424300001,
              524286.33790000342
            ],
            [
              378777.72340000048,
              524292.2304999996
            ],
            [
              378778.6257000016,
              524298.37040000409
            ],
            [
              378820.4216,
              524371.4756000042
            ],
            [
              378849.97090000007,
              524418.32200000249
            ],
            [
              378864.2723000003,
              524443.57569999993
            ]
          ]
        ]
      }
    }
  ]
}