{
  "displayFieldName" : "",
  "fieldAliases" : {
    "FID" : "FID",
    "PMNTN_SPOT" : "PMNTN_SPOT",
    "MNTN_CODE" : "MNTN_CODE",
    "MANAGE_SP1" : "MANAGE_SP1",
    "MANAGE_SP2" : "MANAGE_SP2",
    "DETAIL_SPO" : "DETAIL_SPO",
    "ETC_MATTER" : "ETC_MATTER",
    "MNTN_NM" : "MNTN_NM",
    "PAST_SPOT_" : "PAST_SPOT_",
    "MNTN_ID" : "MNTN_ID"
  },
  "geometryType" : "esriGeometryPoint",
  "spatialReference" : {
    "wkt" : "PROJCS[\"PCS_ITRF2000_TM\",GEOGCS[\"GCS_ITRF_2000\",DATUM[\"D_ITRF_2000\",SPHEROID[\"GRS_1980\",6378137.0,298.257222101]],PRIMEM[\"Greenwich\",0.0],UNIT[\"Degree\",0.0174532925199433]],PROJECTION[\"Transverse_Mercator\"],PARAMETER[\"False_Easting\",200000.0],PARAMETER[\"False_Northing\",600000.0],PARAMETER[\"Central_Meridian\",127.0],PARAMETER[\"Scale_Factor\",1.0],PARAMETER[\"Latitude_Of_Origin\",38.0],UNIT[\"Meter\",1.0]]"
  },
  "fields" : [
    {
      "name" : "FID",
      "type" : "esriFieldTypeOID",
      "alias" : "FID"
    },
    {
      "name" : "PMNTN_SPOT",
      "type" : "esriFieldTypeDouble",
      "alias" : "PMNTN_SPOT"
    },
    {
      "name" : "MNTN_CODE",
      "type" : "esriFieldTypeString",
      "alias" : "MNTN_CODE",
      "length" : 9
    },
    {
      "name" : "MANAGE_SP1",
      "type" : "esriFieldTypeString",
      "alias" : "MANAGE_SP1",
      "length" : 2
    },
    {
      "name" : "MANAGE_SP2",
      "type" : "esriFieldTypeString",
      "alias" : "MANAGE_SP2",
      "length" : 50
    },
    {
      "name" : "DETAIL_SPO",
      "type" : "esriFieldTypeString",
      "alias" : "DETAIL_SPO",
      "length" : 200
    },
    {
      "name" : "ETC_MATTER",
      "type" : "esriFieldTypeString",
      "alias" : "ETC_MATTER",
      "length" : 200
    },
    {
      "name" : "MNTN_NM",
      "type" : "esriFieldTypeString",
      "alias" : "MNTN_NM",
      "length" : 50
    },
    {
      "name" : "PAST_SPOT_",
      "type" : "esriFieldTypeString",
      "alias" : "PAST_SPOT_",
      "length" : 14
    },
    {
      "name" : "MNTN_ID",
      "type" : "esriFieldTypeString",
      "alias" : "MNTN_ID",
      "length" : 10
    }
  ],
  "features" : [
    {
      "attributes" : {
        "FID" : 0,
        "PMNTN_SPOT" : 9541,
        "MNTN_CODE" : "437200301",
        "MANAGE_SP1" : "99",
        "MANAGE_SP2" : "기타",
        "DETAIL_SPO" : "팔각정휴게소",
        "ETC_MATTER" : " ",
        "MNTN_NM" : "구룡산",
        "PAST_SPOT_" : "23031103000001",
        "MNTN_ID" : "2303110300"
      },
      "geometry" : {
        "x" : 243435.82610000391,
        "y" : 431343.8935000021
      }
    },
    {
      "attributes" : {
        "FID" : 1,
        "PMNTN_SPOT" : 9542,
        "MNTN_CODE" : "437200301",
        "MANAGE_SP1" : "99",
        "MANAGE_SP2" : "기타",
        "DETAIL_SPO" : "현암사로가기전입구",
        "ETC_MATTER" : " ",
        "MNTN_NM" : "구룡산",
        "PAST_SPOT_" : "23031103000002",
        "MNTN_ID" : "2303110300"
      },
      "geometry" : {
        "x" : 242891.30890000239,
        "y" : 431315.51019999944
      }
    },
    {
      "attributes" : {
        "FID" : 2,
        "PMNTN_SPOT" : 9543,
        "MNTN_CODE" : "437200301",
        "MANAGE_SP1" : "99",
        "MANAGE_SP2" : "기타",
        "DETAIL_SPO" : "기타",
        "ETC_MATTER" : " ",
        "MNTN_NM" : "구룡산",
        "PAST_SPOT_" : "23031103000003",
        "MNTN_ID" : "2303110300"
      },
      "geometry" : {
        "x" : 242835.00009999983,
        "y" : 431339.19370000064
      }
    },
    {
      "attributes" : {
        "FID" : 3,
        "PMNTN_SPOT" : 9544,
        "MNTN_CODE" : "437200301",
        "MANAGE_SP1" : "99",
        "MANAGE_SP2" : "기타",
        "DETAIL_SPO" : "기타",
        "ETC_MATTER" : " ",
        "MNTN_NM" : "구룡산",
        "PAST_SPOT_" : "23031103000004",
        "MNTN_ID" : "2303110300"
      },
      "geometry" : {
        "x" : 242808.51490000077,
        "y" : 431391.51559999958
      }
    },
    {
      "attributes" : {
        "FID" : 4,
        "PMNTN_SPOT" : 9545,
        "MNTN_CODE" : "437200301",
        "MANAGE_SP1" : "10",
        "MANAGE_SP2" : "이정표",
        "DETAIL_SPO" : "이정표,화장실",
        "ETC_MATTER" : " ",
        "MNTN_NM" : "구룡산",
        "PAST_SPOT_" : "23031103000005",
        "MNTN_ID" : "2303110300"
      },
      "geometry" : {
        "x" : 242832.62570000067,
        "y" : 431465.22419999912
      }
    },
    {
      "attributes" : {
        "FID" : 5,
        "PMNTN_SPOT" : 9546,
        "MNTN_CODE" : "437200301",
        "MANAGE_SP1" : "99",
        "MANAGE_SP2" : "기타",
        "DETAIL_SPO" : "5층석탑",
        "ETC_MATTER" : " ",
        "MNTN_NM" : "구룡산",
        "PAST_SPOT_" : "23031103000006",
        "MNTN_ID" : "2303110300"
      },
      "geometry" : {
        "x" : 242946.50950000063,
        "y" : 431511.38760000095
      }
    },
    {
      "attributes" : {
        "FID" : 6,
        "PMNTN_SPOT" : 9547,
        "MNTN_CODE" : "437200301",
        "MANAGE_SP1" : "99",
        "MANAGE_SP2" : "기타",
        "DETAIL_SPO" : "전경",
        "ETC_MATTER" : " ",
        "MNTN_NM" : "구룡산",
        "PAST_SPOT_" : "23031103000007",
        "MNTN_ID" : "2303110300"
      },
      "geometry" : {
        "x" : 242894.9430999998,
        "y" : 431533.2592999991
      }
    },
    {
      "attributes" : {
        "FID" : 7,
        "PMNTN_SPOT" : 9548,
        "MNTN_CODE" : "437200301",
        "MANAGE_SP1" : "99",
        "MANAGE_SP2" : "기타",
        "DETAIL_SPO" : "돌탑",
        "ETC_MATTER" : " ",
        "MNTN_NM" : "구룡산",
        "PAST_SPOT_" : "23031103000008",
        "MNTN_ID" : "2303110300"
      },
      "geometry" : {
        "x" : 242796.81750000082,
        "y" : 431581.4637000002
      }
    },
    {
      "attributes" : {
        "FID" : 8,
        "PMNTN_SPOT" : 9549,
        "MNTN_CODE" : "437200301",
        "MANAGE_SP1" : "99",
        "MANAGE_SP2" : "기타",
        "DETAIL_SPO" : "전경",
        "ETC_MATTER" : " ",
        "MNTN_NM" : "구룡산",
        "PAST_SPOT_" : "23031103000009",
        "MNTN_ID" : "2303110300"
      },
      "geometry" : {
        "x" : 242734.10680000018,
        "y" : 431611.96649999917
      }
    },
    {
      "attributes" : {
        "FID" : 9,
        "PMNTN_SPOT" : 9550,
        "MNTN_CODE" : "437200301",
        "MANAGE_SP1" : "99",
        "MANAGE_SP2" : "기타",
        "DETAIL_SPO" : "기타",
        "ETC_MATTER" : " ",
        "MNTN_NM" : "구룡산",
        "PAST_SPOT_" : "23031103000010",
        "MNTN_ID" : "2303110300"
      },
      "geometry" : {
        "x" : 242719.45359999966,
        "y" : 431870.28339999914
      }
    },
    {
      "attributes" : {
        "FID" : 10,
        "PMNTN_SPOT" : 9551,
        "MNTN_CODE" : "437200301",
        "MANAGE_SP1" : "99",
        "MANAGE_SP2" : "기타",
        "DETAIL_SPO" : "기타",
        "ETC_MATTER" : " ",
        "MNTN_NM" : "구룡산",
        "PAST_SPOT_" : "23031103000011",
        "MNTN_ID" : "2303110300"
      },
      "geometry" : {
        "x" : 242658.73809999973,
        "y" : 432234.23360000178
      }
    },
    {
      "attributes" : {
        "FID" : 11,
        "PMNTN_SPOT" : 9552,
        "MNTN_CODE" : "437200301",
        "MANAGE_SP1" : "14",
        "MANAGE_SP2" : "조망점",
        "DETAIL_SPO" : "조망점,정자",
        "ETC_MATTER" : " ",
        "MNTN_NM" : "구룡산",
        "PAST_SPOT_" : "23031103000012",
        "MNTN_ID" : "2303110300"
      },
      "geometry" : {
        "x" : 242546.6483000014,
        "y" : 432189.79399999976
      }
    },
    {
      "attributes" : {
        "FID" : 12,
        "PMNTN_SPOT" : 9553,
        "MNTN_CODE" : "437200301",
        "MANAGE_SP1" : "99",
        "MANAGE_SP2" : "기타",
        "DETAIL_SPO" : "기타",
        "ETC_MATTER" : " ",
        "MNTN_NM" : "구룡산",
        "PAST_SPOT_" : "23031103000013",
        "MNTN_ID" : "2303110300"
      },
      "geometry" : {
        "x" : 242454.46570000239,
        "y" : 432141.23729999922
      }
    },
    {
      "attributes" : {
        "FID" : 13,
        "PMNTN_SPOT" : 9554,
        "MNTN_CODE" : "437200301",
        "MANAGE_SP1" : "99",
        "MANAGE_SP2" : "기타",
        "DETAIL_SPO" : "기타",
        "ETC_MATTER" : " ",
        "MNTN_NM" : "구룡산",
        "PAST_SPOT_" : "23031103000014",
        "MNTN_ID" : "2303110300"
      },
      "geometry" : {
        "x" : 242419.09890000243,
        "y" : 432146.96050000004
      }
    },
    {
      "attributes" : {
        "FID" : 14,
        "PMNTN_SPOT" : 9555,
        "MNTN_CODE" : "437200301",
        "MANAGE_SP1" : "99",
        "MANAGE_SP2" : "기타",
        "DETAIL_SPO" : "기타",
        "ETC_MATTER" : " ",
        "MNTN_NM" : "구룡산",
        "PAST_SPOT_" : "23031103000015",
        "MNTN_ID" : "2303110300"
      },
      "geometry" : {
        "x" : 242357.71690000407,
        "y" : 432196.03150000237
      }
    },
    {
      "attributes" : {
        "FID" : 15,
        "PMNTN_SPOT" : 9556,
        "MNTN_CODE" : "437200301",
        "MANAGE_SP1" : "99",
        "MANAGE_SP2" : "기타",
        "DETAIL_SPO" : "기타",
        "ETC_MATTER" : " ",
        "MNTN_NM" : "구룡산",
        "PAST_SPOT_" : "23031103000016",
        "MNTN_ID" : "2303110300"
      },
      "geometry" : {
        "x" : 242271.12080000248,
        "y" : 432222.20390000194
      }
    },
    {
      "attributes" : {
        "FID" : 16,
        "PMNTN_SPOT" : 9557,
        "MNTN_CODE" : "437200301",
        "MANAGE_SP1" : "99",
        "MANAGE_SP2" : "기타",
        "DETAIL_SPO" : "기타",
        "ETC_MATTER" : " ",
        "MNTN_NM" : "구룡산",
        "PAST_SPOT_" : "23031103000017",
        "MNTN_ID" : "2303110300"
      },
      "geometry" : {
        "x" : 242252.49610000011,
        "y" : 432179.42039999925
      }
    },
    {
      "attributes" : {
        "FID" : 17,
        "PMNTN_SPOT" : 9558,
        "MNTN_CODE" : "437200301",
        "MANAGE_SP1" : "99",
        "MANAGE_SP2" : "기타",
        "DETAIL_SPO" : "기타",
        "ETC_MATTER" : " ",
        "MNTN_NM" : "구룡산",
        "PAST_SPOT_" : "23031103000018",
        "MNTN_ID" : "2303110300"
      },
      "geometry" : {
        "x" : 241974.01499999966,
        "y" : 431717.57840000093
      }
    },
    {
      "attributes" : {
        "FID" : 18,
        "PMNTN_SPOT" : 9559,
        "MNTN_CODE" : "437200301",
        "MANAGE_SP1" : "99",
        "MANAGE_SP2" : "기타",
        "DETAIL_SPO" : "기타",
        "ETC_MATTER" : " ",
        "MNTN_NM" : "구룡산",
        "PAST_SPOT_" : "23031103000019",
        "MNTN_ID" : "2303110300"
      },
      "geometry" : {
        "x" : 241979.56780000124,
        "y" : 431499.2920000013
      }
    },
    {
      "attributes" : {
        "FID" : 19,
        "PMNTN_SPOT" : 9560,
        "MNTN_CODE" : "437200301",
        "MANAGE_SP1" : "99",
        "MANAGE_SP2" : "기타",
        "DETAIL_SPO" : "전경",
        "ETC_MATTER" : " ",
        "MNTN_NM" : "구룡산",
        "PAST_SPOT_" : "23031103000020",
        "MNTN_ID" : "2303110300"
      },
      "geometry" : {
        "x" : 241981.99590000231,
        "y" : 431426.86860000156
      }
    },
    {
      "attributes" : {
        "FID" : 20,
        "PMNTN_SPOT" : 9561,
        "MNTN_CODE" : "437200301",
        "MANAGE_SP1" : "99",
        "MANAGE_SP2" : "기타",
        "DETAIL_SPO" : "기타",
        "ETC_MATTER" : " ",
        "MNTN_NM" : "구룡산",
        "PAST_SPOT_" : "23031103000021",
        "MNTN_ID" : "2303110300"
      },
      "geometry" : {
        "x" : 241470.52649999969,
        "y" : 430131.49660000205
      }
    },
    {
      "attributes" : {
        "FID" : 21,
        "PMNTN_SPOT" : 9562,
        "MNTN_CODE" : "437200301",
        "MANAGE_SP1" : "99",
        "MANAGE_SP2" : "기타",
        "DETAIL_SPO" : "기타",
        "ETC_MATTER" : " ",
        "MNTN_NM" : "구룡산",
        "PAST_SPOT_" : "23031103000022",
        "MNTN_ID" : "2303110300"
      },
      "geometry" : {
        "x" : 241432.06270000152,
        "y" : 430108.85940000042
      }
    },
    {
      "attributes" : {
        "FID" : 22,
        "PMNTN_SPOT" : 9563,
        "MNTN_CODE" : "437200301",
        "MANAGE_SP1" : "99",
        "MANAGE_SP2" : "기타",
        "DETAIL_SPO" : "기타",
        "ETC_MATTER" : " ",
        "MNTN_NM" : "구룡산",
        "PAST_SPOT_" : "23031103000023",
        "MNTN_ID" : "2303110300"
      },
      "geometry" : {
        "x" : 241365.24680000078,
        "y" : 429351.28690000065
      }
    },
    {
      "attributes" : {
        "FID" : 23,
        "PMNTN_SPOT" : 9564,
        "MNTN_CODE" : "437200301",
        "MANAGE_SP1" : "99",
        "MANAGE_SP2" : "기타",
        "DETAIL_SPO" : "전경",
        "ETC_MATTER" : " ",
        "MNTN_NM" : "구룡산",
        "PAST_SPOT_" : "23031103000024",
        "MNTN_ID" : "2303110300"
      },
      "geometry" : {
        "x" : 242297.0138000017,
        "y" : 431274.94500000402
      }
    },
    {
      "attributes" : {
        "FID" : 24,
        "PMNTN_SPOT" : 9565,
        "MNTN_CODE" : "437200301",
        "MANAGE_SP1" : "99",
        "MANAGE_SP2" : "기타",
        "DETAIL_SPO" : "기타",
        "ETC_MATTER" : " ",
        "MNTN_NM" : "구룡산",
        "PAST_SPOT_" : "23031103000025",
        "MNTN_ID" : "2303110300"
      },
      "geometry" : {
        "x" : 242460.65950000193,
        "y" : 431295.42530000024
      }
    },
    {
      "attributes" : {
        "FID" : 25,
        "PMNTN_SPOT" : 9566,
        "MNTN_CODE" : "437200301",
        "MANAGE_SP1" : "99",
        "MANAGE_SP2" : "기타",
        "DETAIL_SPO" : "전경",
        "ETC_MATTER" : " ",
        "MNTN_NM" : "구룡산",
        "PAST_SPOT_" : "23031103000026",
        "MNTN_ID" : "2303110300"
      },
      "geometry" : {
        "x" : 242502.25949999969,
        "y" : 431450.66200000234
      }
    },
    {
      "attributes" : {
        "FID" : 26,
        "PMNTN_SPOT" : 9567,
        "MNTN_CODE" : "437200301",
        "MANAGE_SP1" : "99",
        "MANAGE_SP2" : "기타",
        "DETAIL_SPO" : "기타",
        "ETC_MATTER" : " ",
        "MNTN_NM" : "구룡산",
        "PAST_SPOT_" : "23031103000027",
        "MNTN_ID" : "2303110300"
      },
      "geometry" : {
        "x" : 242649.32780000102,
        "y" : 431552.19319999963
      }
    },
    {
      "attributes" : {
        "FID" : 27,
        "PMNTN_SPOT" : 9568,
        "MNTN_CODE" : "437200301",
        "MANAGE_SP1" : "99",
        "MANAGE_SP2" : "기타",
        "DETAIL_SPO" : "기타",
        "ETC_MATTER" : " ",
        "MNTN_NM" : "구룡산",
        "PAST_SPOT_" : "23031103000028",
        "MNTN_ID" : "2303110300"
      },
      "geometry" : {
        "x" : 242692.79690000135,
        "y" : 431442.69749999978
      }
    },
    {
      "attributes" : {
        "FID" : 28,
        "PMNTN_SPOT" : 9569,
        "MNTN_CODE" : "437200301",
        "MANAGE_SP1" : "99",
        "MANAGE_SP2" : "기타",
        "DETAIL_SPO" : "기타",
        "ETC_MATTER" : " ",
        "MNTN_NM" : "구룡산",
        "PAST_SPOT_" : "23031103000029",
        "MNTN_ID" : "2303110300"
      },
      "geometry" : {
        "x" : 242425.49240000173,
        "y" : 431241.28110000119
      }
    },
    {
      "attributes" : {
        "FID" : 29,
        "PMNTN_SPOT" : 9570,
        "MNTN_CODE" : "437200301",
        "MANAGE_SP1" : "10",
        "MANAGE_SP2" : "이정표",
        "DETAIL_SPO" : "이정표,구룡산장승기념비,원두막",
        "ETC_MATTER" : " ",
        "MNTN_NM" : "구룡산",
        "PAST_SPOT_" : "23031103000030",
        "MNTN_ID" : "2303110300"
      },
      "geometry" : {
        "x" : 242336.32600000128,
        "y" : 432177.84710000083
      }
    },
    {
      "attributes" : {
        "FID" : 30,
        "PMNTN_SPOT" : 9571,
        "MNTN_CODE" : "437200301",
        "MANAGE_SP1" : "01",
        "MANAGE_SP2" : "시종점",
        "DETAIL_SPO" : "시종점",
        "ETC_MATTER" : " ",
        "MNTN_NM" : "구룡산",
        "PAST_SPOT_" : "23031103000031",
        "MNTN_ID" : "2303110300"
      },
      "geometry" : {
        "x" : 241384.79819999915,
        "y" : 429247.56799999997
      }
    },
    {
      "attributes" : {
        "FID" : 31,
        "PMNTN_SPOT" : 9572,
        "MNTN_CODE" : "437200301",
        "MANAGE_SP1" : "01",
        "MANAGE_SP2" : "시종점",
        "DETAIL_SPO" : "시종점",
        "ETC_MATTER" : " ",
        "MNTN_NM" : "구룡산",
        "PAST_SPOT_" : "23031103000032",
        "MNTN_ID" : "2303110300"
      },
      "geometry" : {
        "x" : 242226.1213000007,
        "y" : 431304.70529999956
      }
    },
    {
      "attributes" : {
        "FID" : 32,
        "PMNTN_SPOT" : 9573,
        "MNTN_CODE" : "437200301",
        "MANAGE_SP1" : "02",
        "MANAGE_SP2" : "분기점",
        "DETAIL_SPO" : "분기점",
        "ETC_MATTER" : " ",
        "MNTN_NM" : "구룡산",
        "PAST_SPOT_" : "23031103000033",
        "MNTN_ID" : "2303110300"
      },
      "geometry" : {
        "x" : 242247.19970000163,
        "y" : 431908.33230000362
      }
    },
    {
      "attributes" : {
        "FID" : 33,
        "PMNTN_SPOT" : 9574,
        "MNTN_CODE" : "437200301",
        "MANAGE_SP1" : "01",
        "MANAGE_SP2" : "시종점",
        "DETAIL_SPO" : "시종점",
        "ETC_MATTER" : " ",
        "MNTN_NM" : "구룡산",
        "PAST_SPOT_" : "23031103000034",
        "MNTN_ID" : "2303110300"
      },
      "geometry" : {
        "x" : 242266.61770000309,
        "y" : 431305.15920000337
      }
    },
    {
      "attributes" : {
        "FID" : 34,
        "PMNTN_SPOT" : 9575,
        "MNTN_CODE" : "437200301",
        "MANAGE_SP1" : "02",
        "MANAGE_SP2" : "분기점",
        "DETAIL_SPO" : "분기점",
        "ETC_MATTER" : " ",
        "MNTN_NM" : "구룡산",
        "PAST_SPOT_" : "23031103000035",
        "MNTN_ID" : "2303110300"
      },
      "geometry" : {
        "x" : 242273.52390000131,
        "y" : 432242.61370000243
      }
    },
    {
      "attributes" : {
        "FID" : 35,
        "PMNTN_SPOT" : 9576,
        "MNTN_CODE" : "437200301",
        "MANAGE_SP1" : "02",
        "MANAGE_SP2" : "분기점",
        "DETAIL_SPO" : "분기점",
        "ETC_MATTER" : " ",
        "MNTN_NM" : "구룡산",
        "PAST_SPOT_" : "23031103000036",
        "MNTN_ID" : "2303110300"
      },
      "geometry" : {
        "x" : 242555.26950000133,
        "y" : 431514.06900000013
      }
    },
    {
      "attributes" : {
        "FID" : 36,
        "PMNTN_SPOT" : 9577,
        "MNTN_CODE" : "437200301",
        "MANAGE_SP1" : "23",
        "MANAGE_SP2" : "정상",
        "DETAIL_SPO" : "정상부,조망점,벤치,이정표",
        "ETC_MATTER" : " ",
        "MNTN_NM" : "구룡산",
        "PAST_SPOT_" : "23031103000037",
        "MNTN_ID" : "2303110300"
      },
      "geometry" : {
        "x" : 242666.82260000147,
        "y" : 432164.54810000025
      }
    },
    {
      "attributes" : {
        "FID" : 37,
        "PMNTN_SPOT" : 9578,
        "MNTN_CODE" : "437200301",
        "MANAGE_SP1" : "02",
        "MANAGE_SP2" : "분기점",
        "DETAIL_SPO" : "분기점",
        "ETC_MATTER" : " ",
        "MNTN_NM" : "구룡산",
        "PAST_SPOT_" : "23031103000038",
        "MNTN_ID" : "2303110300"
      },
      "geometry" : {
        "x" : 242684.50540000014,
        "y" : 431442.39530000277
      }
    },
    {
      "attributes" : {
        "FID" : 38,
        "PMNTN_SPOT" : 9579,
        "MNTN_CODE" : "437200301",
        "MANAGE_SP1" : "02",
        "MANAGE_SP2" : "분기점",
        "DETAIL_SPO" : "분기점",
        "ETC_MATTER" : " ",
        "MNTN_NM" : "구룡산",
        "PAST_SPOT_" : "23031103000039",
        "MNTN_ID" : "2303110300"
      },
      "geometry" : {
        "x" : 242753.89260000084,
        "y" : 431576.3898000028
      }
    },
    {
      "attributes" : {
        "FID" : 39,
        "PMNTN_SPOT" : 9580,
        "MNTN_CODE" : "437200301",
        "MANAGE_SP1" : "99",
        "MANAGE_SP2" : "기타",
        "DETAIL_SPO" : "현암사",
        "ETC_MATTER" : " ",
        "MNTN_NM" : "구룡산",
        "PAST_SPOT_" : "23031103000040",
        "MNTN_ID" : "2303110300"
      },
      "geometry" : {
        "x" : 242798.42100000009,
        "y" : 431444.13650000095
      }
    },
    {
      "attributes" : {
        "FID" : 40,
        "PMNTN_SPOT" : 9581,
        "MNTN_CODE" : "437200301",
        "MANAGE_SP1" : "01",
        "MANAGE_SP2" : "시종점",
        "DETAIL_SPO" : "시종점,문의대교",
        "ETC_MATTER" : " ",
        "MNTN_NM" : "구룡산",
        "PAST_SPOT_" : "23031103000041",
        "MNTN_ID" : "2303110300"
      },
      "geometry" : {
        "x" : 242917.05370000005,
        "y" : 433261.71610000171
      }
    }
  ]
}