{
  "displayFieldName" : "",
  "fieldAliases" : {
    "FID" : "FID",
    "PMNTN_SPOT" : "PMNTN_SPOT",
    "MNTN_CODE" : "MNTN_CODE",
    "MANAGE_SP1" : "MANAGE_SP1",
    "MANAGE_SP2" : "MANAGE_SP2",
    "DETAIL_SPO" : "DETAIL_SPO",
    "ETC_MATTER" : "ETC_MATTER",
    "MNTN_NM" : "MNTN_NM",
    "PAST_SPOT_" : "PAST_SPOT_",
    "MNTN_ID" : "MNTN_ID"
  },
  "geometryType" : "esriGeometryPoint",
  "spatialReference" : {
    "wkt" : "PROJCS[\"PCS_ITRF2000_TM\",GEOGCS[\"GCS_ITRF_2000\",DATUM[\"D_ITRF_2000\",SPHEROID[\"GRS_1980\",6378137.0,298.257222101]],PRIMEM[\"Greenwich\",0.0],UNIT[\"Degree\",0.0174532925199433]],PROJECTION[\"Transverse_Mercator\"],PARAMETER[\"False_Easting\",200000.0],PARAMETER[\"False_Northing\",600000.0],PARAMETER[\"Central_Meridian\",127.0],PARAMETER[\"Scale_Factor\",1.0],PARAMETER[\"Latitude_Of_Origin\",38.0],UNIT[\"Meter\",1.0]]"
  },
  "fields" : [
    {
      "name" : "FID",
      "type" : "esriFieldTypeOID",
      "alias" : "FID"
    },
    {
      "name" : "PMNTN_SPOT",
      "type" : "esriFieldTypeDouble",
      "alias" : "PMNTN_SPOT"
    },
    {
      "name" : "MNTN_CODE",
      "type" : "esriFieldTypeString",
      "alias" : "MNTN_CODE",
      "length" : 9
    },
    {
      "name" : "MANAGE_SP1",
      "type" : "esriFieldTypeString",
      "alias" : "MANAGE_SP1",
      "length" : 2
    },
    {
      "name" : "MANAGE_SP2",
      "type" : "esriFieldTypeString",
      "alias" : "MANAGE_SP2",
      "length" : 50
    },
    {
      "name" : "DETAIL_SPO",
      "type" : "esriFieldTypeString",
      "alias" : "DETAIL_SPO",
      "length" : 200
    },
    {
      "name" : "ETC_MATTER",
      "type" : "esriFieldTypeString",
      "alias" : "ETC_MATTER",
      "length" : 200
    },
    {
      "name" : "MNTN_NM",
      "type" : "esriFieldTypeString",
      "alias" : "MNTN_NM",
      "length" : 50
    },
    {
      "name" : "PAST_SPOT_",
      "type" : "esriFieldTypeString",
      "alias" : "PAST_SPOT_",
      "length" : 14
    },
    {
      "name" : "MNTN_ID",
      "type" : "esriFieldTypeString",
      "alias" : "MNTN_ID",
      "length" : 10
    }
  ],
  "features" : [
    {
      "attributes" : {
        "FID" : 0,
        "PMNTN_SPOT" : 41129,
        "MNTN_CODE" : "481101801",
        "MANAGE_SP1" : "01",
        "MANAGE_SP2" : "시종점",
        "DETAIL_SPO" : "시종점",
        "ETC_MATTER" : " ",
        "MNTN_NM" : "봉림산",
        "PAST_SPOT_" : "4812102010001",
        "MNTN_ID" : "481210201"
      },
      "geometry" : {
        "x" : 352396.63590001315,
        "y" : 296200.61020000279
      }
    },
    {
      "attributes" : {
        "FID" : 1,
        "PMNTN_SPOT" : 41130,
        "MNTN_CODE" : "481101801",
        "MANAGE_SP1" : "01",
        "MANAGE_SP2" : "시종점",
        "DETAIL_SPO" : "시종점",
        "ETC_MATTER" : " ",
        "MNTN_NM" : "봉림산",
        "PAST_SPOT_" : "4812102010002",
        "MNTN_ID" : "481210201"
      },
      "geometry" : {
        "x" : 352488.45380001701,
        "y" : 297153.73920000158
      }
    },
    {
      "attributes" : {
        "FID" : 2,
        "PMNTN_SPOT" : 41131,
        "MNTN_CODE" : "481101801",
        "MANAGE_SP1" : "02",
        "MANAGE_SP2" : "분기점",
        "DETAIL_SPO" : "분기점",
        "ETC_MATTER" : " ",
        "MNTN_NM" : "봉림산",
        "PAST_SPOT_" : "4812102010003",
        "MNTN_ID" : "481210201"
      },
      "geometry" : {
        "x" : 352516.88770001382,
        "y" : 296313.75360000134
      }
    },
    {
      "attributes" : {
        "FID" : 3,
        "PMNTN_SPOT" : 41132,
        "MNTN_CODE" : "481101801",
        "MANAGE_SP1" : "02",
        "MANAGE_SP2" : "분기점",
        "DETAIL_SPO" : "분기점",
        "ETC_MATTER" : " ",
        "MNTN_NM" : "봉림산",
        "PAST_SPOT_" : "4812102010004",
        "MNTN_ID" : "481210201"
      },
      "geometry" : {
        "x" : 352687.86710001435,
        "y" : 296924.89700000361
      }
    },
    {
      "attributes" : {
        "FID" : 4,
        "PMNTN_SPOT" : 41133,
        "MNTN_CODE" : "481101801",
        "MANAGE_SP1" : "02",
        "MANAGE_SP2" : "분기점",
        "DETAIL_SPO" : "분기점",
        "ETC_MATTER" : " ",
        "MNTN_NM" : "봉림산",
        "PAST_SPOT_" : "4812102010005",
        "MNTN_ID" : "481210201"
      },
      "geometry" : {
        "x" : 352794.1185000157,
        "y" : 296651.99880000018
      }
    },
    {
      "attributes" : {
        "FID" : 5,
        "PMNTN_SPOT" : 41134,
        "MNTN_CODE" : "481101801",
        "MANAGE_SP1" : "02",
        "MANAGE_SP2" : "분기점",
        "DETAIL_SPO" : "분기점",
        "ETC_MATTER" : " ",
        "MNTN_NM" : "봉림산",
        "PAST_SPOT_" : "4812102010006",
        "MNTN_ID" : "481210201"
      },
      "geometry" : {
        "x" : 352833.80760001298,
        "y" : 296716.56760000065
      }
    },
    {
      "attributes" : {
        "FID" : 6,
        "PMNTN_SPOT" : 41135,
        "MNTN_CODE" : "481101801",
        "MANAGE_SP1" : "02",
        "MANAGE_SP2" : "분기점",
        "DETAIL_SPO" : "분기점",
        "ETC_MATTER" : " ",
        "MNTN_NM" : "봉림산",
        "PAST_SPOT_" : "4812102010007",
        "MNTN_ID" : "481210201"
      },
      "geometry" : {
        "x" : 352930.36440001149,
        "y" : 296910.27370000258
      }
    },
    {
      "attributes" : {
        "FID" : 7,
        "PMNTN_SPOT" : 41136,
        "MNTN_CODE" : "481101801",
        "MANAGE_SP1" : "01",
        "MANAGE_SP2" : "시종점",
        "DETAIL_SPO" : "시종점",
        "ETC_MATTER" : " ",
        "MNTN_NM" : "봉림산",
        "PAST_SPOT_" : "4812102010008",
        "MNTN_ID" : "481210201"
      },
      "geometry" : {
        "x" : 353086.75110001396,
        "y" : 297185.72740000114
      }
    },
    {
      "attributes" : {
        "FID" : 8,
        "PMNTN_SPOT" : 41137,
        "MNTN_CODE" : "481101801",
        "MANAGE_SP1" : "02",
        "MANAGE_SP2" : "분기점",
        "DETAIL_SPO" : "분기점",
        "ETC_MATTER" : " ",
        "MNTN_NM" : "봉림산",
        "PAST_SPOT_" : "4812102010009",
        "MNTN_ID" : "481210201"
      },
      "geometry" : {
        "x" : 353111.6308000125,
        "y" : 297157.29350000247
      }
    },
    {
      "attributes" : {
        "FID" : 9,
        "PMNTN_SPOT" : 41138,
        "MNTN_CODE" : "481101801",
        "MANAGE_SP1" : "02",
        "MANAGE_SP2" : "분기점",
        "DETAIL_SPO" : "분기점",
        "ETC_MATTER" : " ",
        "MNTN_NM" : "봉림산",
        "PAST_SPOT_" : "4812102010010",
        "MNTN_ID" : "481210201"
      },
      "geometry" : {
        "x" : 353185.6774000125,
        "y" : 296996.16790000349
      }
    },
    {
      "attributes" : {
        "FID" : 10,
        "PMNTN_SPOT" : 41139,
        "MNTN_CODE" : "481101801",
        "MANAGE_SP1" : "02",
        "MANAGE_SP2" : "분기점",
        "DETAIL_SPO" : "분기점",
        "ETC_MATTER" : " ",
        "MNTN_NM" : "봉림산",
        "PAST_SPOT_" : "4812102010011",
        "MNTN_ID" : "481210201"
      },
      "geometry" : {
        "x" : 353385.89970001392,
        "y" : 297116.41970000789
      }
    },
    {
      "attributes" : {
        "FID" : 11,
        "PMNTN_SPOT" : 41140,
        "MNTN_CODE" : "481101801",
        "MANAGE_SP1" : "02",
        "MANAGE_SP2" : "분기점",
        "DETAIL_SPO" : "분기점",
        "ETC_MATTER" : " ",
        "MNTN_NM" : "봉림산",
        "PAST_SPOT_" : "4812102010012",
        "MNTN_ID" : "481210201"
      },
      "geometry" : {
        "x" : 353419.2331000166,
        "y" : 297130.7386000026
      }
    },
    {
      "attributes" : {
        "FID" : 12,
        "PMNTN_SPOT" : 41141,
        "MNTN_CODE" : "481101801",
        "MANAGE_SP1" : "04",
        "MANAGE_SP2" : "화장실",
        "DETAIL_SPO" : "봉림사,화장실",
        "ETC_MATTER" : " ",
        "MNTN_NM" : "봉림산",
        "PAST_SPOT_" : "4812102010013",
        "MNTN_ID" : "481210201"
      },
      "geometry" : {
        "x" : 352394.21440002508,
        "y" : 296198.96519999951
      }
    },
    {
      "attributes" : {
        "FID" : 13,
        "PMNTN_SPOT" : 41142,
        "MNTN_CODE" : "481101801",
        "MANAGE_SP1" : "99",
        "MANAGE_SP2" : "기타",
        "DETAIL_SPO" : "자연목계단",
        "ETC_MATTER" : " ",
        "MNTN_NM" : "봉림산",
        "PAST_SPOT_" : "4812102010014",
        "MNTN_ID" : "481210201"
      },
      "geometry" : {
        "x" : 352530.67490002699,
        "y" : 296424.63980000094
      }
    },
    {
      "attributes" : {
        "FID" : 14,
        "PMNTN_SPOT" : 41143,
        "MNTN_CODE" : "481101801",
        "MANAGE_SP1" : "05",
        "MANAGE_SP2" : "벤치",
        "DETAIL_SPO" : "평의자",
        "ETC_MATTER" : " ",
        "MNTN_NM" : "봉림산",
        "PAST_SPOT_" : "4812102010015",
        "MNTN_ID" : "481210201"
      },
      "geometry" : {
        "x" : 352537.51870002784,
        "y" : 296437.75250000134
      }
    },
    {
      "attributes" : {
        "FID" : 15,
        "PMNTN_SPOT" : 41144,
        "MNTN_CODE" : "481101801",
        "MANAGE_SP1" : "06",
        "MANAGE_SP2" : "음수대",
        "DETAIL_SPO" : "약수터",
        "ETC_MATTER" : " ",
        "MNTN_NM" : "봉림산",
        "PAST_SPOT_" : "4812102010016",
        "MNTN_ID" : "481210201"
      },
      "geometry" : {
        "x" : 352845.10000002664,
        "y" : 296627.1743999999
      }
    },
    {
      "attributes" : {
        "FID" : 16,
        "PMNTN_SPOT" : 41145,
        "MNTN_CODE" : "481101801",
        "MANAGE_SP1" : "07",
        "MANAGE_SP2" : "시설물(운동기구 등)",
        "DETAIL_SPO" : "체육시설,평의자",
        "ETC_MATTER" : " ",
        "MNTN_NM" : "봉림산",
        "PAST_SPOT_" : "4812102010017",
        "MNTN_ID" : "481210201"
      },
      "geometry" : {
        "x" : 352770.76260002516,
        "y" : 296641.72309999727
      }
    },
    {
      "attributes" : {
        "FID" : 17,
        "PMNTN_SPOT" : 41146,
        "MNTN_CODE" : "481101801",
        "MANAGE_SP1" : "23",
        "MANAGE_SP2" : "정상",
        "DETAIL_SPO" : "정상부,체육시설,의자",
        "ETC_MATTER" : " ",
        "MNTN_NM" : "봉림산",
        "PAST_SPOT_" : "4812102010018",
        "MNTN_ID" : "481210201"
      },
      "geometry" : {
        "x" : 353176.11640002858,
        "y" : 296976.42430000193
      }
    },
    {
      "attributes" : {
        "FID" : 18,
        "PMNTN_SPOT" : 41147,
        "MNTN_CODE" : "481101801",
        "MANAGE_SP1" : "99",
        "MANAGE_SP2" : "기타",
        "DETAIL_SPO" : "봉림사지",
        "ETC_MATTER" : " ",
        "MNTN_NM" : "봉림산",
        "PAST_SPOT_" : "4812102010019",
        "MNTN_ID" : "481210201"
      },
      "geometry" : {
        "x" : 352607.48590002395,
        "y" : 297005.09750000201
      }
    },
    {
      "attributes" : {
        "FID" : 19,
        "PMNTN_SPOT" : 41148,
        "MNTN_CODE" : "481101801",
        "MANAGE_SP1" : "99",
        "MANAGE_SP2" : "기타",
        "DETAIL_SPO" : "방부목계단",
        "ETC_MATTER" : " ",
        "MNTN_NM" : "봉림산",
        "PAST_SPOT_" : "4812102010020",
        "MNTN_ID" : "481210201"
      },
      "geometry" : {
        "x" : 353327.54720002692,
        "y" : 297069.0855000075
      }
    },
    {
      "attributes" : {
        "FID" : 20,
        "PMNTN_SPOT" : 41149,
        "MNTN_CODE" : "481101801",
        "MANAGE_SP1" : "10",
        "MANAGE_SP2" : "이정표",
        "DETAIL_SPO" : "소목고개,이정표,파고라,평의자",
        "ETC_MATTER" : " ",
        "MNTN_NM" : "봉림산",
        "PAST_SPOT_" : "4812102010021",
        "MNTN_ID" : "481210201"
      },
      "geometry" : {
        "x" : 353417.27320002578,
        "y" : 297140.57850000262
      }
    }
  ]
}