{
  "displayFieldName" : "",
  "fieldAliases" : {
    "FID" : "FID",
    "PMNTN_SPOT" : "PMNTN_SPOT",
    "MNTN_CODE" : "MNTN_CODE",
    "MANAGE_SP1" : "MANAGE_SP1",
    "MANAGE_SP2" : "MANAGE_SP2",
    "DETAIL_SPO" : "DETAIL_SPO",
    "ETC_MATTER" : "ETC_MATTER",
    "MNTN_NM" : "MNTN_NM",
    "PAST_SPOT_" : "PAST_SPOT_",
    "MNTN_ID" : "MNTN_ID"
  },
  "geometryType" : "esriGeometryPoint",
  "spatialReference" : {
    "wkt" : "PROJCS[\"PCS_ITRF2000_TM\",GEOGCS[\"GCS_ITRF_2000\",DATUM[\"D_ITRF_2000\",SPHEROID[\"GRS_1980\",6378137.0,298.257222101]],PRIMEM[\"Greenwich\",0.0],UNIT[\"Degree\",0.0174532925199433]],PROJECTION[\"Transverse_Mercator\"],PARAMETER[\"False_Easting\",200000.0],PARAMETER[\"False_Northing\",600000.0],PARAMETER[\"Central_Meridian\",127.0],PARAMETER[\"Scale_Factor\",1.0],PARAMETER[\"Latitude_Of_Origin\",38.0],UNIT[\"Meter\",1.0]]"
  },
  "fields" : [
    {
      "name" : "FID",
      "type" : "esriFieldTypeOID",
      "alias" : "FID"
    },
    {
      "name" : "PMNTN_SPOT",
      "type" : "esriFieldTypeDouble",
      "alias" : "PMNTN_SPOT"
    },
    {
      "name" : "MNTN_CODE",
      "type" : "esriFieldTypeString",
      "alias" : "MNTN_CODE",
      "length" : 9
    },
    {
      "name" : "MANAGE_SP1",
      "type" : "esriFieldTypeString",
      "alias" : "MANAGE_SP1",
      "length" : 2
    },
    {
      "name" : "MANAGE_SP2",
      "type" : "esriFieldTypeString",
      "alias" : "MANAGE_SP2",
      "length" : 50
    },
    {
      "name" : "DETAIL_SPO",
      "type" : "esriFieldTypeString",
      "alias" : "DETAIL_SPO",
      "length" : 200
    },
    {
      "name" : "ETC_MATTER",
      "type" : "esriFieldTypeString",
      "alias" : "ETC_MATTER",
      "length" : 200
    },
    {
      "name" : "MNTN_NM",
      "type" : "esriFieldTypeString",
      "alias" : "MNTN_NM",
      "length" : 50
    },
    {
      "name" : "PAST_SPOT_",
      "type" : "esriFieldTypeString",
      "alias" : "PAST_SPOT_",
      "length" : 14
    },
    {
      "name" : "MNTN_ID",
      "type" : "esriFieldTypeString",
      "alias" : "MNTN_ID",
      "length" : 10
    }
  ],
  "features" : [
    {
      "attributes" : {
        "FID" : 0,
        "PMNTN_SPOT" : 93138,
        "MNTN_CODE" : "421506801",
        "MANAGE_SP1" : "01",
        "MANAGE_SP2" : "시종점",
        "DETAIL_SPO" : "시종점",
        "ETC_MATTER" : " ",
        "MNTN_NM" : "화부산",
        "PAST_SPOT_" : "4215068010001",
        "MNTN_ID" : "421506801"
      },
      "geometry" : {
        "x" : 366773.45240000077,
        "y" : 575540.58490000106
      }
    },
    {
      "attributes" : {
        "FID" : 1,
        "PMNTN_SPOT" : 93139,
        "MNTN_CODE" : "421506801",
        "MANAGE_SP1" : "02",
        "MANAGE_SP2" : "분기점",
        "DETAIL_SPO" : "분기점",
        "ETC_MATTER" : " ",
        "MNTN_NM" : "화부산",
        "PAST_SPOT_" : "4215068010002",
        "MNTN_ID" : "421506801"
      },
      "geometry" : {
        "x" : 366782.83280000184,
        "y" : 575500.32220000215
      }
    },
    {
      "attributes" : {
        "FID" : 2,
        "PMNTN_SPOT" : 93140,
        "MNTN_CODE" : "421506801",
        "MANAGE_SP1" : "02",
        "MANAGE_SP2" : "분기점",
        "DETAIL_SPO" : "분기점",
        "ETC_MATTER" : " ",
        "MNTN_NM" : "화부산",
        "PAST_SPOT_" : "4215068010003",
        "MNTN_ID" : "421506801"
      },
      "geometry" : {
        "x" : 366816.12540000118,
        "y" : 575465.76490000077
      }
    },
    {
      "attributes" : {
        "FID" : 3,
        "PMNTN_SPOT" : 93141,
        "MNTN_CODE" : "421506801",
        "MANAGE_SP1" : "01",
        "MANAGE_SP2" : "시종점",
        "DETAIL_SPO" : "시종점",
        "ETC_MATTER" : " ",
        "MNTN_NM" : "화부산",
        "PAST_SPOT_" : "4215068010004",
        "MNTN_ID" : "421506801"
      },
      "geometry" : {
        "x" : 366822.45910000056,
        "y" : 575396.84769999981
      }
    },
    {
      "attributes" : {
        "FID" : 4,
        "PMNTN_SPOT" : 93142,
        "MNTN_CODE" : "421506801",
        "MANAGE_SP1" : "01",
        "MANAGE_SP2" : "시종점",
        "DETAIL_SPO" : "시종점",
        "ETC_MATTER" : " ",
        "MNTN_NM" : "화부산",
        "PAST_SPOT_" : "4215068010005",
        "MNTN_ID" : "421506801"
      },
      "geometry" : {
        "x" : 366826.14890000131,
        "y" : 575614.3011000026
      }
    },
    {
      "attributes" : {
        "FID" : 5,
        "PMNTN_SPOT" : 93143,
        "MNTN_CODE" : "421506801",
        "MANAGE_SP1" : "01",
        "MANAGE_SP2" : "시종점",
        "DETAIL_SPO" : "시종점",
        "ETC_MATTER" : " ",
        "MNTN_NM" : "화부산",
        "PAST_SPOT_" : "4215068010006",
        "MNTN_ID" : "421506801"
      },
      "geometry" : {
        "x" : 366831.67320000101,
        "y" : 575493.61550000124
      }
    },
    {
      "attributes" : {
        "FID" : 6,
        "PMNTN_SPOT" : 93144,
        "MNTN_CODE" : "421506801",
        "MANAGE_SP1" : "02",
        "MANAGE_SP2" : "분기점",
        "DETAIL_SPO" : "분기점",
        "ETC_MATTER" : " ",
        "MNTN_NM" : "화부산",
        "PAST_SPOT_" : "4215068010007",
        "MNTN_ID" : "421506801"
      },
      "geometry" : {
        "x" : 366831.67400000058,
        "y" : 575467.49770000391
      }
    },
    {
      "attributes" : {
        "FID" : 7,
        "PMNTN_SPOT" : 93145,
        "MNTN_CODE" : "421506801",
        "MANAGE_SP1" : "02",
        "MANAGE_SP2" : "분기점",
        "DETAIL_SPO" : "분기점",
        "ETC_MATTER" : " ",
        "MNTN_NM" : "화부산",
        "PAST_SPOT_" : "4215068010008",
        "MNTN_ID" : "421506801"
      },
      "geometry" : {
        "x" : 366850.21429999918,
        "y" : 575477.40380000323
      }
    },
    {
      "attributes" : {
        "FID" : 8,
        "PMNTN_SPOT" : 93146,
        "MNTN_CODE" : "421506801",
        "MANAGE_SP1" : "02",
        "MANAGE_SP2" : "분기점",
        "DETAIL_SPO" : "분기점",
        "ETC_MATTER" : " ",
        "MNTN_NM" : "화부산",
        "PAST_SPOT_" : "4215068010009",
        "MNTN_ID" : "421506801"
      },
      "geometry" : {
        "x" : 366859.05750000104,
        "y" : 575576.45380000398
      }
    },
    {
      "attributes" : {
        "FID" : 9,
        "PMNTN_SPOT" : 93147,
        "MNTN_CODE" : "421506801",
        "MANAGE_SP1" : "02",
        "MANAGE_SP2" : "분기점",
        "DETAIL_SPO" : "분기점",
        "ETC_MATTER" : " ",
        "MNTN_NM" : "화부산",
        "PAST_SPOT_" : "4215068010010",
        "MNTN_ID" : "421506801"
      },
      "geometry" : {
        "x" : 366863.08450000174,
        "y" : 575493.18769999966
      }
    },
    {
      "attributes" : {
        "FID" : 10,
        "PMNTN_SPOT" : 93148,
        "MNTN_CODE" : "421506801",
        "MANAGE_SP1" : "02",
        "MANAGE_SP2" : "분기점",
        "DETAIL_SPO" : "분기점",
        "ETC_MATTER" : " ",
        "MNTN_NM" : "화부산",
        "PAST_SPOT_" : "4215068010011",
        "MNTN_ID" : "421506801"
      },
      "geometry" : {
        "x" : 366868.62810000125,
        "y" : 575502.24540000036
      }
    },
    {
      "attributes" : {
        "FID" : 11,
        "PMNTN_SPOT" : 93149,
        "MNTN_CODE" : "421506801",
        "MANAGE_SP1" : "02",
        "MANAGE_SP2" : "분기점",
        "DETAIL_SPO" : "분기점",
        "ETC_MATTER" : " ",
        "MNTN_NM" : "화부산",
        "PAST_SPOT_" : "4215068010012",
        "MNTN_ID" : "421506801"
      },
      "geometry" : {
        "x" : 366892.98540000059,
        "y" : 575493.50060000457
      }
    },
    {
      "attributes" : {
        "FID" : 12,
        "PMNTN_SPOT" : 93150,
        "MNTN_CODE" : "421506801",
        "MANAGE_SP1" : "02",
        "MANAGE_SP2" : "분기점",
        "DETAIL_SPO" : "분기점",
        "ETC_MATTER" : " ",
        "MNTN_NM" : "화부산",
        "PAST_SPOT_" : "4215068010013",
        "MNTN_ID" : "421506801"
      },
      "geometry" : {
        "x" : 366919.18290000129,
        "y" : 575555.5867999997
      }
    },
    {
      "attributes" : {
        "FID" : 13,
        "PMNTN_SPOT" : 93151,
        "MNTN_CODE" : "421506801",
        "MANAGE_SP1" : "02",
        "MANAGE_SP2" : "분기점",
        "DETAIL_SPO" : "분기점",
        "ETC_MATTER" : " ",
        "MNTN_NM" : "화부산",
        "PAST_SPOT_" : "4215068010014",
        "MNTN_ID" : "421506801"
      },
      "geometry" : {
        "x" : 366970.03570000082,
        "y" : 575584.60239999928
      }
    },
    {
      "attributes" : {
        "FID" : 14,
        "PMNTN_SPOT" : 93152,
        "MNTN_CODE" : "421506801",
        "MANAGE_SP1" : "02",
        "MANAGE_SP2" : "분기점",
        "DETAIL_SPO" : "분기점",
        "ETC_MATTER" : " ",
        "MNTN_NM" : "화부산",
        "PAST_SPOT_" : "4215068010015",
        "MNTN_ID" : "421506801"
      },
      "geometry" : {
        "x" : 366981.9860000005,
        "y" : 575509.10640000179
      }
    },
    {
      "attributes" : {
        "FID" : 15,
        "PMNTN_SPOT" : 93153,
        "MNTN_CODE" : "421506801",
        "MANAGE_SP1" : "02",
        "MANAGE_SP2" : "분기점",
        "DETAIL_SPO" : "분기점",
        "ETC_MATTER" : " ",
        "MNTN_NM" : "화부산",
        "PAST_SPOT_" : "4215068010016",
        "MNTN_ID" : "421506801"
      },
      "geometry" : {
        "x" : 366984.99650000036,
        "y" : 575679.67029999942
      }
    },
    {
      "attributes" : {
        "FID" : 16,
        "PMNTN_SPOT" : 93154,
        "MNTN_CODE" : "421506801",
        "MANAGE_SP1" : "02",
        "MANAGE_SP2" : "분기점",
        "DETAIL_SPO" : "분기점",
        "ETC_MATTER" : " ",
        "MNTN_NM" : "화부산",
        "PAST_SPOT_" : "4215068010017",
        "MNTN_ID" : "421506801"
      },
      "geometry" : {
        "x" : 366987.2936000023,
        "y" : 575684.50280000083
      }
    },
    {
      "attributes" : {
        "FID" : 17,
        "PMNTN_SPOT" : 93155,
        "MNTN_CODE" : "421506801",
        "MANAGE_SP1" : "02",
        "MANAGE_SP2" : "분기점",
        "DETAIL_SPO" : "분기점",
        "ETC_MATTER" : " ",
        "MNTN_NM" : "화부산",
        "PAST_SPOT_" : "4215068010018",
        "MNTN_ID" : "421506801"
      },
      "geometry" : {
        "x" : 366993.22609999962,
        "y" : 575531.06430000067
      }
    },
    {
      "attributes" : {
        "FID" : 18,
        "PMNTN_SPOT" : 93156,
        "MNTN_CODE" : "421506801",
        "MANAGE_SP1" : "02",
        "MANAGE_SP2" : "분기점",
        "DETAIL_SPO" : "분기점",
        "ETC_MATTER" : " ",
        "MNTN_NM" : "화부산",
        "PAST_SPOT_" : "4215068010019",
        "MNTN_ID" : "421506801"
      },
      "geometry" : {
        "x" : 367014.28639999963,
        "y" : 575689.7993999999
      }
    },
    {
      "attributes" : {
        "FID" : 19,
        "PMNTN_SPOT" : 93157,
        "MNTN_CODE" : "421506801",
        "MANAGE_SP1" : "02",
        "MANAGE_SP2" : "분기점",
        "DETAIL_SPO" : "분기점",
        "ETC_MATTER" : " ",
        "MNTN_NM" : "화부산",
        "PAST_SPOT_" : "4215068010020",
        "MNTN_ID" : "421506801"
      },
      "geometry" : {
        "x" : 367020.85410000011,
        "y" : 575562.48369999975
      }
    },
    {
      "attributes" : {
        "FID" : 20,
        "PMNTN_SPOT" : 93158,
        "MNTN_CODE" : "421506801",
        "MANAGE_SP1" : "02",
        "MANAGE_SP2" : "분기점",
        "DETAIL_SPO" : "분기점",
        "ETC_MATTER" : " ",
        "MNTN_NM" : "화부산",
        "PAST_SPOT_" : "4215068010021",
        "MNTN_ID" : "421506801"
      },
      "geometry" : {
        "x" : 367022.91459999979,
        "y" : 575548.23980000243
      }
    },
    {
      "attributes" : {
        "FID" : 21,
        "PMNTN_SPOT" : 93159,
        "MNTN_CODE" : "421506801",
        "MANAGE_SP1" : "02",
        "MANAGE_SP2" : "분기점",
        "DETAIL_SPO" : "분기점",
        "ETC_MATTER" : " ",
        "MNTN_NM" : "화부산",
        "PAST_SPOT_" : "4215068010022",
        "MNTN_ID" : "421506801"
      },
      "geometry" : {
        "x" : 367024.33019999973,
        "y" : 575557.37830000184
      }
    },
    {
      "attributes" : {
        "FID" : 22,
        "PMNTN_SPOT" : 93160,
        "MNTN_CODE" : "421506801",
        "MANAGE_SP1" : "02",
        "MANAGE_SP2" : "분기점",
        "DETAIL_SPO" : "분기점",
        "ETC_MATTER" : " ",
        "MNTN_NM" : "화부산",
        "PAST_SPOT_" : "4215068010023",
        "MNTN_ID" : "421506801"
      },
      "geometry" : {
        "x" : 367034.03840000182,
        "y" : 575592.66420000046
      }
    },
    {
      "attributes" : {
        "FID" : 23,
        "PMNTN_SPOT" : 93161,
        "MNTN_CODE" : "421506801",
        "MANAGE_SP1" : "02",
        "MANAGE_SP2" : "분기점",
        "DETAIL_SPO" : "분기점",
        "ETC_MATTER" : " ",
        "MNTN_NM" : "화부산",
        "PAST_SPOT_" : "4215068010024",
        "MNTN_ID" : "421506801"
      },
      "geometry" : {
        "x" : 367043.92680000048,
        "y" : 575650.09339999966
      }
    },
    {
      "attributes" : {
        "FID" : 24,
        "PMNTN_SPOT" : 93162,
        "MNTN_CODE" : "421506801",
        "MANAGE_SP1" : "02",
        "MANAGE_SP2" : "분기점",
        "DETAIL_SPO" : "분기점",
        "ETC_MATTER" : " ",
        "MNTN_NM" : "화부산",
        "PAST_SPOT_" : "4215068010025",
        "MNTN_ID" : "421506801"
      },
      "geometry" : {
        "x" : 367046.55170000065,
        "y" : 575462.61509999819
      }
    },
    {
      "attributes" : {
        "FID" : 25,
        "PMNTN_SPOT" : 93163,
        "MNTN_CODE" : "421506801",
        "MANAGE_SP1" : "01",
        "MANAGE_SP2" : "시종점",
        "DETAIL_SPO" : "시종점",
        "ETC_MATTER" : " ",
        "MNTN_NM" : "화부산",
        "PAST_SPOT_" : "4215068010026",
        "MNTN_ID" : "421506801"
      },
      "geometry" : {
        "x" : 367053.38150000107,
        "y" : 575384.10309999995
      }
    },
    {
      "attributes" : {
        "FID" : 26,
        "PMNTN_SPOT" : 93164,
        "MNTN_CODE" : "421506801",
        "MANAGE_SP1" : "01",
        "MANAGE_SP2" : "시종점",
        "DETAIL_SPO" : "시종점",
        "ETC_MATTER" : " ",
        "MNTN_NM" : "화부산",
        "PAST_SPOT_" : "4215068010027",
        "MNTN_ID" : "421506801"
      },
      "geometry" : {
        "x" : 367053.70810000133,
        "y" : 575742.76900000311
      }
    },
    {
      "attributes" : {
        "FID" : 27,
        "PMNTN_SPOT" : 93165,
        "MNTN_CODE" : "421506801",
        "MANAGE_SP1" : "02",
        "MANAGE_SP2" : "분기점",
        "DETAIL_SPO" : "분기점",
        "ETC_MATTER" : " ",
        "MNTN_NM" : "화부산",
        "PAST_SPOT_" : "4215068010028",
        "MNTN_ID" : "421506801"
      },
      "geometry" : {
        "x" : 367054.45909999963,
        "y" : 575622.56760000065
      }
    },
    {
      "attributes" : {
        "FID" : 28,
        "PMNTN_SPOT" : 93166,
        "MNTN_CODE" : "421506801",
        "MANAGE_SP1" : "02",
        "MANAGE_SP2" : "분기점",
        "DETAIL_SPO" : "분기점",
        "ETC_MATTER" : " ",
        "MNTN_NM" : "화부산",
        "PAST_SPOT_" : "4215068010029",
        "MNTN_ID" : "421506801"
      },
      "geometry" : {
        "x" : 367071.17140000127,
        "y" : 575472.89319999889
      }
    },
    {
      "attributes" : {
        "FID" : 29,
        "PMNTN_SPOT" : 93167,
        "MNTN_CODE" : "421506801",
        "MANAGE_SP1" : "02",
        "MANAGE_SP2" : "분기점",
        "DETAIL_SPO" : "분기점",
        "ETC_MATTER" : " ",
        "MNTN_NM" : "화부산",
        "PAST_SPOT_" : "4215068010030",
        "MNTN_ID" : "421506801"
      },
      "geometry" : {
        "x" : 367076.56060000043,
        "y" : 575447.92250000127
      }
    },
    {
      "attributes" : {
        "FID" : 30,
        "PMNTN_SPOT" : 93168,
        "MNTN_CODE" : "421506801",
        "MANAGE_SP1" : "02",
        "MANAGE_SP2" : "분기점",
        "DETAIL_SPO" : "분기점",
        "ETC_MATTER" : " ",
        "MNTN_NM" : "화부산",
        "PAST_SPOT_" : "4215068010031",
        "MNTN_ID" : "421506801"
      },
      "geometry" : {
        "x" : 367078.22109999973,
        "y" : 575536.12140000239
      }
    },
    {
      "attributes" : {
        "FID" : 31,
        "PMNTN_SPOT" : 93169,
        "MNTN_CODE" : "421506801",
        "MANAGE_SP1" : "02",
        "MANAGE_SP2" : "분기점",
        "DETAIL_SPO" : "분기점",
        "ETC_MATTER" : " ",
        "MNTN_NM" : "화부산",
        "PAST_SPOT_" : "4215068010032",
        "MNTN_ID" : "421506801"
      },
      "geometry" : {
        "x" : 367114.9112999998,
        "y" : 575585.18500000052
      }
    },
    {
      "attributes" : {
        "FID" : 32,
        "PMNTN_SPOT" : 93170,
        "MNTN_CODE" : "421506801",
        "MANAGE_SP1" : "02",
        "MANAGE_SP2" : "분기점",
        "DETAIL_SPO" : "분기점",
        "ETC_MATTER" : " ",
        "MNTN_NM" : "화부산",
        "PAST_SPOT_" : "4215068010033",
        "MNTN_ID" : "421506801"
      },
      "geometry" : {
        "x" : 367124.78679999989,
        "y" : 575618.14119999856
      }
    }
  ]
}