{
  "displayFieldName" : "",
  "fieldAliases" : {
    "FID" : "FID",
    "PMNTN_SN" : "PMNTN_SN",
    "MNTN_CODE" : "MNTN_CODE",
    "MNTN_NM" : "MNTN_NM",
    "PMNTN_NM" : "PMNTN_NM",
    "PMNTN_MAIN" : "PMNTN_MAIN",
    "PMNTN_LT" : "PMNTN_LT",
    "PMNTN_DFFL" : "PMNTN_DFFL",
    "PMNTN_UPPL" : "PMNTN_UPPL",
    "PMNTN_GODN" : "PMNTN_GODN",
    "PMNTN_MTRQ" : "PMNTN_MTRQ",
    "PMNTN_CNRL" : "PMNTN_CNRL",
    "PMNTN_CLS_" : "PMNTN_CLS_",
    "PMNTN_RISK" : "PMNTN_RISK",
    "PMNTN_RECO" : "PMNTN_RECO",
    "DATA_STDR_" : "DATA_STDR_",
    "MNTN_ID" : "MNTN_ID"
  },
  "geometryType" : "esriGeometryPolyline",
  "spatialReference" : {
    "wkt" : "PROJCS[\"PCS_ITRF2000_TM\",GEOGCS[\"GCS_ITRF_2000\",DATUM[\"D_ITRF_2000\",SPHEROID[\"GRS_1980\",6378137.0,298.257222101]],PRIMEM[\"Greenwich\",0.0],UNIT[\"Degree\",0.0174532925199433]],PROJECTION[\"Transverse_Mercator\"],PARAMETER[\"False_Easting\",200000.0],PARAMETER[\"False_Northing\",600000.0],PARAMETER[\"Central_Meridian\",127.0],PARAMETER[\"Scale_Factor\",1.0],PARAMETER[\"Latitude_Of_Origin\",38.0],UNIT[\"Meter\",1.0]]"
  },
  "fields" : [
    {
      "name" : "FID",
      "type" : "esriFieldTypeOID",
      "alias" : "FID"
    },
    {
      "name" : "PMNTN_SN",
      "type" : "esriFieldTypeDouble",
      "alias" : "PMNTN_SN"
    },
    {
      "name" : "MNTN_CODE",
      "type" : "esriFieldTypeString",
      "alias" : "MNTN_CODE",
      "length" : 9
    },
    {
      "name" : "MNTN_NM",
      "type" : "esriFieldTypeString",
      "alias" : "MNTN_NM",
      "length" : 50
    },
    {
      "name" : "PMNTN_NM",
      "type" : "esriFieldTypeString",
      "alias" : "PMNTN_NM",
      "length" : 50
    },
    {
      "name" : "PMNTN_MAIN",
      "type" : "esriFieldTypeString",
      "alias" : "PMNTN_MAIN",
      "length" : 200
    },
    {
      "name" : "PMNTN_LT",
      "type" : "esriFieldTypeSingle",
      "alias" : "PMNTN_LT"
    },
    {
      "name" : "PMNTN_DFFL",
      "type" : "esriFieldTypeString",
      "alias" : "PMNTN_DFFL",
      "length" : 8
    },
    {
      "name" : "PMNTN_UPPL",
      "type" : "esriFieldTypeDouble",
      "alias" : "PMNTN_UPPL"
    },
    {
      "name" : "PMNTN_GODN",
      "type" : "esriFieldTypeDouble",
      "alias" : "PMNTN_GODN"
    },
    {
      "name" : "PMNTN_MTRQ",
      "type" : "esriFieldTypeString",
      "alias" : "PMNTN_MTRQ",
      "length" : 200
    },
    {
      "name" : "PMNTN_CNRL",
      "type" : "esriFieldTypeString",
      "alias" : "PMNTN_CNRL",
      "length" : 1
    },
    {
      "name" : "PMNTN_CLS_",
      "type" : "esriFieldTypeString",
      "alias" : "PMNTN_CLS_",
      "length" : 1
    },
    {
      "name" : "PMNTN_RISK",
      "type" : "esriFieldTypeString",
      "alias" : "PMNTN_RISK",
      "length" : 200
    },
    {
      "name" : "PMNTN_RECO",
      "type" : "esriFieldTypeString",
      "alias" : "PMNTN_RECO",
      "length" : 1
    },
    {
      "name" : "DATA_STDR_",
      "type" : "esriFieldTypeString",
      "alias" : "DATA_STDR_",
      "length" : 10
    },
    {
      "name" : "MNTN_ID",
      "type" : "esriFieldTypeString",
      "alias" : "MNTN_ID",
      "length" : 10
    }
  ],
  "features" : [
    {
      "attributes" : {
        "FID" : 0,
        "PMNTN_SN" : 42270,
        "MNTN_CODE" : "472803301",
        "MNTN_NM" : "월방산",
        "PMNTN_NM" : "봉정리구간",
        "PMNTN_MAIN" : "산신당",
        "PMNTN_LT" : 1.87,
        "PMNTN_DFFL" : "쉬움",
        "PMNTN_UPPL" : 56,
        "PMNTN_GODN" : 39,
        "PMNTN_MTRQ" : "토사",
        "PMNTN_CNRL" : " ",
        "PMNTN_CLS_" : " ",
        "PMNTN_RISK" : " ",
        "PMNTN_RECO" : " ",
        "DATA_STDR_" : "2016-12-31",
        "MNTN_ID" : "472803301"
      },
      "geometry" : {
        "paths" : [
          [
            [
              311396.25300000235,
              448707.51190000214
            ],
            [
              311389.0053000059,
              448699.88939999975
            ],
            [
              311379.82220000308,
              448691.45069999993
            ],
            [
              311370.53720000293,
              448678.47460000776
            ],
            [
              311357.91170000378,
              448673.63140000217
            ],
            [
              311346.98220000323,
              448680.23159999773
            ],
            [
              311339.20089999773,
              448688.44820000045
            ],
            [
              311333.35060000326,
              448704.22070000134
            ],
            [
              311327.92730000336,
              448712.60249999911
            ],
            [
              311306.10680000391,
              448721.49689999968
            ],
            [
              311167.88610000256,
              448761.64220000058
            ],
            [
              311100.18210000172,
              448782.85290000029
            ],
            [
              311066.75720000081,
              448793.54350000806
            ],
            [
              311057.65910000168,
              448796.32809999958
            ],
            [
              311035.00030000228,
              448801.16010000184
            ],
            [
              311025.97030000482,
              448798.18760000169
            ],
            [
              311018.38740000036,
              448792.28600000218
            ],
            [
              311007.87440000195,
              448777.37739999965
            ],
            [
              311001.25070000067,
              448767.39060000144
            ],
            [
              310996.23820000142,
              448767.66080000438
            ],
            [
              310991.45290000178,
              448776.00520000234
            ],
            [
              310978.29050000198,
              448787.11050000228
            ],
            [
              310964.09720000252,
              448785.80159999989
            ],
            [
              310955.70460000262,
              448777.81310000084
            ],
            [
              310944.12340000365,
              448757.6128000021
            ],
            [
              310932.10580000188,
              448753.34540000185
            ],
            [
              310913.32130000368,
              448759.20890000276
            ],
            [
              310896.11970000155,
              448765.74129999988
            ],
            [
              310884.19910000265,
              448773.41450000368
            ],
            [
              310873.95020000264,
              448774.18449999951
            ],
            [
              310864.34449999873,
              448768.19189999998
            ],
            [
              310857.32820000313,
              448757.56030000187
            ],
            [
              310854.70050000306,
              448746.42550000176
            ],
            [
              310832.7843000032,
              448692.18119999953
            ],
            [
              310832.52330000326,
              448684.52090000175
            ],
            [
              310836.68870000076,
              448674.89919999987
            ],
            [
              310839.52420000359,
              448664.22170000151
            ],
            [
              310842.73340000305,
              448650.42030000314
            ],
            [
              310842.3433000017,
              448639.46810000017
            ],
            [
              310844.91090000141,
              448630.57340000384
            ],
            [
              310852.86720000207,
              448621.40540000238
            ],
            [
              310854.240600002,
              448607.40830000304
            ],
            [
              310840.25780000258,
              448598.26439999975
            ],
            [
              310825.81250000186,
              448594.41230000183
            ],
            [
              310814.35580000095,
              448580.95090000145
            ],
            [
              310805.52260000259,
              448586.15860000066
            ],
            [
              310790.5221000025,
              448584.07650000043
            ],
            [
              310782.32530000247,
              448588.19459999911
            ],
            [
              310773.07580000255,
              448618.71209999919
            ],
            [
              310752.17100000381,
              448644.18569999933
            ],
            [
              310744.23990000039,
              448648.64220000245
            ],
            [
              310732.26280000247,
              448661.57799999788
            ],
            [
              310697.98110000324,
              448677.11969999783
            ],
            [
              310689.03930000123,
              448690.77380000427
            ],
            [
              310687.99460000359,
              448726.96700000204
            ],
            [
              310672.2956000017,
              448749.82710000128
            ],
            [
              310663.09410000313,
              448760.03060000017
            ],
            [
              310651.34380000271,
              448790.29279999994
            ],
            [
              310641.98390000779,
              448794.49840000086
            ],
            [
              310637.46820000373,
              448805.10210000165
            ],
            [
              310630.01700000092,
              448813.65849999897
            ],
            [
              310631.48550000228,
              448821.79740000144
            ],
            [
              310628.82030000258,
              448830.29659999907
            ],
            [
              310624.11050000414,
              448841.99579999968
            ],
            [
              310595.14600000251,
              448861.04870000295
            ],
            [
              310587.13830000162,
              448857.50320000388
            ],
            [
              310578.18860000372,
              448861.6185999997
            ],
            [
              310557.40040000342,
              448881.31900000386
            ],
            [
              310553.51990000065,
              448890.92620000243
            ],
            [
              310552.55350000411,
              448903.67840000056
            ],
            [
              310557.66660000011,
              448929.94320000149
            ],
            [
              310551.612900001,
              448934.62580000423
            ],
            [
              310540.42400000244,
              448935.94350000098
            ],
            [
              310533.90949999914,
              448941.18319999985
            ],
            [
              310527.14390000328,
              448938.85600000247
            ],
            [
              310520.4412000021,
              448944.77779999934
            ],
            [
              310520.37830000184,
              448949.66139999963
            ],
            [
              310533.12700000219,
              448953.04460000247
            ],
            [
              310529.57220000401,
              448972.31320000812
            ],
            [
              310512.1350000035,
              448985.41150000319
            ],
            [
              310515.33880000096,
              448993.99349999987
            ],
            [
              310505.22370000184,
              449000.97120000049
            ],
            [
              310493.73280000314,
              449004.15420000255
            ],
            [
              310494.80060000159,
              449011.4897999987
            ],
            [
              310486.97730000317,
              449014.6082000006
            ],
            [
              310484.14650000352,
              449026.56410000287
            ],
            [
              310472.48150000256,
              449029.29820000008
            ],
            [
              310470.38990000356,
              449038.59349999949
            ],
            [
              310464.88200000115,
              449042.41159999929
            ],
            [
              310461.21460000053,
              449049.46309999935
            ],
            [
              310443.06530000363,
              449048.56909999996
            ],
            [
              310445.59640000202,
              449053.48600000143
            ],
            [
              310438.20010000374,
              449051.39059999958
            ],
            [
              310430.20690000243,
              449060.72170000151
            ],
            [
              310434.16440000385,
              449080.08700000122
            ],
            [
              310432.75680000149,
              449092.16350000165
            ],
            [
              310436.24820000399,
              449104.43100000173
            ],
            [
              310434.10410000198,
              449118.38680000417
            ],
            [
              310440.42460000142,
              449129.47630000114
            ],
            [
              310450.30700000376,
              449137.55780000053
            ],
            [
              310455.91550000291,
              449146.02560000122
            ],
            [
              310457.7265000036,
              449162.34370000102
            ],
            [
              310455.08590000216,
              449177.80890000425
            ],
            [
              310451.34480000753,
              449185.40190000087
            ],
            [
              310434.92830000538,
              449180.43640000187
            ],
            [
              310414.73220000416,
              449178.95800000243
            ],
            [
              310391.36870000232,
              449169.07340000197
            ],
            [
              310379.8189000003,
              449159.85530000366
            ],
            [
              310375.35769999959,
              449150.6938000042
            ],
            [
              310368.81410000008,
              449140.0222000014
            ],
            [
              310364.34220000356,
              449125.474700002
            ],
            [
              310369.72280000336,
              449117.5521000009
            ],
            [
              310364.59180000238,
              449106.05199999921
            ],
            [
              310352.83100000303,
              449095.24829999916
            ]
          ]
        ]
      }
    }
  ]
}