{
  "displayFieldName" : "",
  "fieldAliases" : {
    "FID" : "FID",
    "PMNTN_SN" : "PMNTN_SN",
    "MNTN_CODE" : "MNTN_CODE",
    "MNTN_NM" : "MNTN_NM",
    "PMNTN_NM" : "PMNTN_NM",
    "PMNTN_MAIN" : "PMNTN_MAIN",
    "PMNTN_LT" : "PMNTN_LT",
    "PMNTN_DFFL" : "PMNTN_DFFL",
    "PMNTN_UPPL" : "PMNTN_UPPL",
    "PMNTN_GODN" : "PMNTN_GODN",
    "PMNTN_MTRQ" : "PMNTN_MTRQ",
    "PMNTN_CNRL" : "PMNTN_CNRL",
    "PMNTN_CLS_" : "PMNTN_CLS_",
    "PMNTN_RISK" : "PMNTN_RISK",
    "PMNTN_RECO" : "PMNTN_RECO",
    "DATA_STDR_" : "DATA_STDR_",
    "MNTN_ID" : "MNTN_ID"
  },
  "geometryType" : "esriGeometryPolyline",
  "spatialReference" : {
    "wkt" : "PROJCS[\"PCS_ITRF2000_TM\",GEOGCS[\"GCS_ITRF_2000\",DATUM[\"D_ITRF_2000\",SPHEROID[\"GRS_1980\",6378137.0,298.257222101]],PRIMEM[\"Greenwich\",0.0],UNIT[\"Degree\",0.0174532925199433]],PROJECTION[\"Transverse_Mercator\"],PARAMETER[\"False_Easting\",200000.0],PARAMETER[\"False_Northing\",600000.0],PARAMETER[\"Central_Meridian\",127.0],PARAMETER[\"Scale_Factor\",1.0],PARAMETER[\"Latitude_Of_Origin\",38.0],UNIT[\"Meter\",1.0]]"
  },
  "fields" : [
    {
      "name" : "FID",
      "type" : "esriFieldTypeOID",
      "alias" : "FID"
    },
    {
      "name" : "PMNTN_SN",
      "type" : "esriFieldTypeDouble",
      "alias" : "PMNTN_SN"
    },
    {
      "name" : "MNTN_CODE",
      "type" : "esriFieldTypeString",
      "alias" : "MNTN_CODE",
      "length" : 9
    },
    {
      "name" : "MNTN_NM",
      "type" : "esriFieldTypeString",
      "alias" : "MNTN_NM",
      "length" : 50
    },
    {
      "name" : "PMNTN_NM",
      "type" : "esriFieldTypeString",
      "alias" : "PMNTN_NM",
      "length" : 50
    },
    {
      "name" : "PMNTN_MAIN",
      "type" : "esriFieldTypeString",
      "alias" : "PMNTN_MAIN",
      "length" : 200
    },
    {
      "name" : "PMNTN_LT",
      "type" : "esriFieldTypeSingle",
      "alias" : "PMNTN_LT"
    },
    {
      "name" : "PMNTN_DFFL",
      "type" : "esriFieldTypeString",
      "alias" : "PMNTN_DFFL",
      "length" : 8
    },
    {
      "name" : "PMNTN_UPPL",
      "type" : "esriFieldTypeDouble",
      "alias" : "PMNTN_UPPL"
    },
    {
      "name" : "PMNTN_GODN",
      "type" : "esriFieldTypeDouble",
      "alias" : "PMNTN_GODN"
    },
    {
      "name" : "PMNTN_MTRQ",
      "type" : "esriFieldTypeString",
      "alias" : "PMNTN_MTRQ",
      "length" : 200
    },
    {
      "name" : "PMNTN_CNRL",
      "type" : "esriFieldTypeString",
      "alias" : "PMNTN_CNRL",
      "length" : 1
    },
    {
      "name" : "PMNTN_CLS_",
      "type" : "esriFieldTypeString",
      "alias" : "PMNTN_CLS_",
      "length" : 1
    },
    {
      "name" : "PMNTN_RISK",
      "type" : "esriFieldTypeString",
      "alias" : "PMNTN_RISK",
      "length" : 200
    },
    {
      "name" : "PMNTN_RECO",
      "type" : "esriFieldTypeString",
      "alias" : "PMNTN_RECO",
      "length" : 1
    },
    {
      "name" : "DATA_STDR_",
      "type" : "esriFieldTypeString",
      "alias" : "DATA_STDR_",
      "length" : 10
    },
    {
      "name" : "MNTN_ID",
      "type" : "esriFieldTypeString",
      "alias" : "MNTN_ID",
      "length" : 10
    }
  ],
  "features" : [
    {
      "attributes" : {
        "FID" : 0,
        "PMNTN_SN" : 37290,
        "MNTN_CODE" : "447701101",
        "MNTN_NM" : "어성산",
        "PMNTN_NM" : "대등리구간",
        "PMNTN_MAIN" : " ",
        "PMNTN_LT" : 0.37,
        "PMNTN_DFFL" : "쉬움",
        "PMNTN_UPPL" : 7,
        "PMNTN_GODN" : 5,
        "PMNTN_MTRQ" : " ",
        "PMNTN_CNRL" : " ",
        "PMNTN_CLS_" : " ",
        "PMNTN_RISK" : " ",
        "PMNTN_RECO" : " ",
        "DATA_STDR_" : "2016-12-31",
        "MNTN_ID" : "447701101"
      },
      "geometry" : {
        "paths" : [
          [
            [
              181798.93660000339,
              386056.95959999971
            ],
            [
              181798.96410000231,
              386057.03610000014
            ],
            [
              181800.22379999887,
              386057.88830000162
            ],
            [
              181801.24930000212,
              386059.99019999802
            ],
            [
              181801.12000000197,
              386062.44060000032
            ],
            [
              181801.32840000279,
              386064.94009999931
            ],
            [
              181800.87110000197,
              386067.08960000239
            ],
            [
              181802.04130000062,
              386074.06020000204
            ],
            [
              181804.88060000259,
              386078.72010000236
            ],
            [
              181808.33190000057,
              386085.84100000001
            ],
            [
              181812.20450000186,
              386090.43240000121
            ],
            [
              181816.72140000015,
              386092.71150000393
            ],
            [
              181819.57530000247,
              386093.0989000015
            ],
            [
              181822.49980000034,
              386093.90630000271
            ],
            [
              181825.58719999902,
              386094.91330000013
            ],
            [
              181826.34480000101,
              386097.89550000243
            ],
            [
              181828.05539999995,
              386099.86390000023
            ],
            [
              181829.45060000103,
              386102.55880000256
            ],
            [
              181830.80500000063,
              386104.56840000302
            ],
            [
              181832.46860000025,
              386106.54690000229
            ],
            [
              181834.18619999941,
              386108.29070000164
            ],
            [
              181836.24250000156,
              386110.01260000095
            ],
            [
              181838.22940000053,
              386111.81270000339
            ],
            [
              181840.01999999862,
              386113.4728000015
            ],
            [
              181841.87050000019,
              386115.64520000108
            ],
            [
              181843.92430000193,
              386117.6045000013
            ],
            [
              181846.00879999995,
              386119.22720000148
            ],
            [
              181847.93870000262,
              386121.53490000218
            ],
            [
              181850.30450000055,
              386122.6547000017
            ],
            [
              181852.66990000382,
              386124.1232000012
            ],
            [
              181855.3487000009,
              386125.87410000339
            ],
            [
              181857.89650000073,
              386128.1780999992
            ],
            [
              181859.8356999997,
              386130.08310000226
            ],
            [
              181862.02480000351,
              386132.07550000027
            ],
            [
              181864.48350000288,
              386133.22500000149
            ],
            [
              181866.96300000139,
              386134.60349999927
            ],
            [
              181869.4748999998,
              386135.94529999979
            ],
            [
              181871.19330000132,
              386138.67039999925
            ],
            [
              181873.81700000074,
              386139.50610000268
            ],
            [
              181876.37050000113,
              386141.08050000109
            ],
            [
              181879.05399999954,
              386142.39320000075
            ],
            [
              181881.28090000153,
              386144.21030000225
            ],
            [
              181884.17090000119,
              386145.03860000148
            ],
            [
              181886.11900000088,
              386148.17040000297
            ],
            [
              181888.11880000029,
              386150.34439999983
            ],
            [
              181890.18720000144,
              386152.6080000028
            ],
            [
              181893.0595000023,
              386153.56629999913
            ],
            [
              181894.96190000139,
              386155.90590000339
            ],
            [
              181896.662200002,
              386158.60880000144
            ],
            [
              181898.4056000011,
              386161.01860000193
            ],
            [
              181899.46210000012,
              386163.80959999934
            ],
            [
              181901.19139999896,
              386165.54310000129
            ],
            [
              181902.84730000235,
              386167.74010000005
            ],
            [
              181905.42000000179,
              386169.4319000002
            ],
            [
              181907.96840000059,
              386170.12430000119
            ],
            [
              181908.60120000225,
              386173.87910000049
            ],
            [
              181910.17320000008,
              386176.39509999938
            ],
            [
              181911.90290000103,
              386178.8805000037
            ],
            [
              181915.58549999911,
              386178.1585000027
            ],
            [
              181917.55780000146,
              386179.48980000243
            ],
            [
              181919.57830000203,
              386182.54180000164
            ],
            [
              181920.36790000275,
              386185.34790000133
            ],
            [
              181923.17339999974,
              386186.74640000053
            ],
            [
              181925.39479999989,
              386188.7862000037
            ],
            [
              181927.83349999972,
              386190.61390000209
            ],
            [
              181929.43560000323,
              386193.52200000174
            ],
            [
              181931.46410000045,
              386195.46780000068
            ],
            [
              181934.63839999959,
              386196.384200003
            ],
            [
              181936.68049999978,
              386198.05819999985
            ],
            [
              181939.39850000199,
              386199.14750000462
            ],
            [
              181941.01670000236,
              386201.42559999973
            ],
            [
              181944.53750000242,
              386206.22590000182
            ],
            [
              181950.43919999991,
              386210.03460000269
            ],
            [
              181954.15749999974,
              386221.724700002
            ],
            [
              181958.01270000171,
              386223.96649999917
            ],
            [
              181959.34669999965,
              386228.61370000057
            ],
            [
              181957.67030000035,
              386238.45099999942
            ],
            [
              181963.46610000078,
              386241.90380000137
            ],
            [
              181965.6425000038,
              386245.92780000158
            ],
            [
              181967.87630000338,
              386247.27050000057
            ],
            [
              181969.15749999974,
              386249.30990000442
            ],
            [
              181968.70190000255,
              386250.45219999738
            ],
            [
              181973.2239000015,
              386252.80360000208
            ],
            [
              181977.79710000101,
              386263.19700000063
            ],
            [
              181978.15480000339,
              386262.58070000075
            ],
            [
              181981.04209999926,
              386269.89520000108
            ],
            [
              181981.05080000218,
              386270.70729999989
            ],
            [
              181983.53259999957,
              386273.98880000226
            ],
            [
              181982.18800000008,
              386275.64279999956
            ],
            [
              181983.25760000106,
              386277.84630000219
            ],
            [
              181983.54849999957,
              386284.1537000034
            ],
            [
              181988.21109999996,
              386288.50620000251
            ],
            [
              181988.9832000006,
              386289.91730000265
            ],
            [
              181990.39790000021,
              386291.93080000021
            ],
            [
              182004.58490000013,
              386304.89220000058
            ],
            [
              182006.45630000066,
              386309.28690000065
            ],
            [
              182007.77070000023,
              386311.65520000085
            ],
            [
              182011.01280000247,
              386316.18370000273
            ],
            [
              182010.80840000138,
              386317.05710000172
            ],
            [
              182011.06819999963,
              386317.56209999882
            ],
            [
              182012.2238000026,
              386321.94720000401
            ]
          ]
        ]
      }
    },
    {
      "attributes" : {
        "FID" : 1,
        "PMNTN_SN" : 37291,
        "MNTN_CODE" : "447701101",
        "MNTN_NM" : "어성산",
        "PMNTN_NM" : "지현리구간",
        "PMNTN_MAIN" : " ",
        "PMNTN_LT" : 0.76,
        "PMNTN_DFFL" : "쉬움",
        "PMNTN_UPPL" : 13,
        "PMNTN_GODN" : 9,
        "PMNTN_MTRQ" : " ",
        "PMNTN_CNRL" : " ",
        "PMNTN_CLS_" : " ",
        "PMNTN_RISK" : " ",
        "PMNTN_RECO" : " ",
        "DATA_STDR_" : "2016-12-31",
        "MNTN_ID" : "447701101"
      },
      "geometry" : {
        "paths" : [
          [
            [
              182012.2238000026,
              386321.94720000401
            ],
            [
              182020.61680000275,
              386317.15460000187
            ],
            [
              182023.76170000248,
              386316.96389999986
            ],
            [
              182026.48310000077,
              386317.25509999879
            ],
            [
              182027.90350000001,
              386318.13099999912
            ],
            [
              182029.58579999954,
              386320.35620000027
            ],
            [
              182030.72640000191,
              386321.67380000465
            ],
            [
              182031.9271000009,
              386322.68109999783
            ],
            [
              182033.21860000305,
              386324.3666999992
            ],
            [
              182034.57050000131,
              386325.00840000436
            ],
            [
              182035.92750000115,
              386326.03619999997
            ],
            [
              182037.28490000032,
              386327.02529999986
            ],
            [
              182038.86500000115,
              386328.11610000022
            ],
            [
              182039.48380000331,
              386330.27920000069
            ],
            [
              182044.28960000072,
              386330.81650000252
            ],
            [
              182045.35240000021,
              386332.97190000303
            ],
            [
              182046.81580000091,
              386333.31960000284
            ],
            [
              182048.47180000041,
              386334.11050000228
            ],
            [
              182050.69980000146,
              386334.78010000102
            ],
            [
              182052.9710999988,
              386335.98640000448
            ],
            [
              182054.47270000074,
              386336.49789999984
            ],
            [
              182056.5839000009,
              386337.54900000058
            ],
            [
              182058.39340000041,
              386338.04980000108
            ],
            [
              182060.15900000185,
              386338.91350000165
            ],
            [
              182062.22210000083,
              386339.34300000034
            ],
            [
              182063.88510000147,
              386340.09950000048
            ],
            [
              182065.57080000266,
              386340.53130000271
            ],
            [
              182067.6316000009,
              386341.07780000009
            ],
            [
              182069.28920000326,
              386341.83210000023
            ],
            [
              182070.93980000168,
              386342.43759999983
            ],
            [
              182072.18209999986,
              386343.38719999976
            ],
            [
              182074.21750000026,
              386343.51029999927
            ],
            [
              182076.81600000244,
              386343.61440000311
            ],
            [
              182077.93780000135,
              386344.52140000276
            ],
            [
              182080.50939999986,
              386344.60960000008
            ],
            [
              182081.30160000175,
              386345.67210000195
            ],
            [
              182084.89450000133,
              386343.81450000219
            ],
            [
              182086.93030000292,
              386344.47790000029
            ],
            [
              182088.87930000015,
              386344.93669999763
            ],
            [
              182092.69830000121,
              386346.1353999991
            ],
            [
              182093.28980000038,
              386347.50400000066
            ],
            [
              182095.80060000066,
              386347.55570000038
            ],
            [
              182097.15870000049,
              386348.69510000013
            ],
            [
              182098.58509999886,
              386349.55029999837
            ],
            [
              182100.01940000057,
              386350.96110000275
            ],
            [
              182102.24069999997,
              386351.11409999989
            ],
            [
              182103.36770000216,
              386353.18060000055
            ],
            [
              182108.4394999994,
              386357.44449999928
            ],
            [
              182112.52460000198,
              386360.89680000208
            ],
            [
              182115.29220000096,
              386360.85850000009
            ],
            [
              182122.55300000031,
              386368.51370000094
            ],
            [
              182128.78100000042,
              386371.64570000023
            ],
            [
              182131.38710000273,
              386373.65059999749
            ],
            [
              182133.64120000042,
              386375.91939999908
            ],
            [
              182139.05200000014,
              386377.45730000176
            ],
            [
              182141.79070000164,
              386378.6894000005
            ],
            [
              182141.95320000034,
              386380.59320000187
            ],
            [
              182143.17380000092,
              386381.40330000035
            ],
            [
              182145.66150000133,
              386383.23350000195
            ],
            [
              182146.22970000096,
              386383.83270000108
            ],
            [
              182147.00530000124,
              386384.63310000114
            ],
            [
              182149.36890000105,
              386384.89110000059
            ],
            [
              182151.31590000074,
              386386.19230000116
            ],
            [
              182152.65549999941,
              386386.9653000012
            ],
            [
              182153.29220000096,
              386388.23760000244
            ],
            [
              182153.86560000014,
              386389.76439999975
            ],
            [
              182155.30290000327,
              386390.34769999981
            ],
            [
              182156.62299999967,
              386390.78230000101
            ],
            [
              182156.85920000076,
              386392.77370000072
            ],
            [
              182158.24890000094,
              386393.20910000056
            ],
            [
              182158.87020000257,
              386394.68869999982
            ],
            [
              182158.74570000079,
              386396.13860000111
            ],
            [
              182159.52850000095,
              386396.67920000292
            ],
            [
              182160.13469999935,
              386398.20940000005
            ],
            [
              182160.71689999942,
              386399.43290000036
            ],
            [
              182161.7061999999,
              386400.41620000266
            ],
            [
              182162.36720000394,
              386401.17250000127
            ],
            [
              182166.94670000114,
              386403.87230000086
            ],
            [
              182168.18230000138,
              386405.18730000034
            ],
            [
              182169.57120000385,
              386406.54570000246
            ],
            [
              182170.08789999969,
              386410.70720000006
            ],
            [
              182172.10760000069,
              386411.56220000237
            ],
            [
              182174.034500001,
              386415.54370000213
            ],
            [
              182175.37650000118,
              386417.57990000769
            ],
            [
              182177.06820000056,
              386419.63740000129
            ],
            [
              182178.40030000173,
              386422.61570000276
            ],
            [
              182178.12949999981,
              386424.86079999991
            ],
            [
              182178.00290000066,
              386427.83010000177
            ],
            [
              182178.55980000086,
              386430.65500000119
            ],
            [
              182179.13640000392,
              386433.20219999924
            ],
            [
              182180.24839999992,
              386435.73010000214
            ],
            [
              182181.22060000058,
              386438.47750000097
            ],
            [
              182182.2985000005,
              386440.97849999741
            ],
            [
              182182.87070000079,
              386443.90670000017
            ],
            [
              182183.45180000085,
              386446.98380000144
            ],
            [
              182183.99500000011,
              386449.76460000128
            ],
            [
              182184.43480000086,
              386452.59380000271
            ],
            [
              182185.21870000102,
              386455.09390000254
            ],
            [
              182186.37770000193,
              386458.13970000111
            ],
            [
              182187.63389999885,
              386460.8348999992
            ],
            [
              182189.10500000138,
              386463.37140000239
            ],
            [
              182190.41660000104,
              386465.71050000191
            ],
            [
              182191.93900000211,
              386468.02860000357
            ],
            [
              182193.37580000237,
              386470.2602000013
            ],
            [
              182194.99830000103,
              386472.82100000232
            ],
            [
              182196.71550000086,
              386475.09730000235
            ],
            [
              182198.04980000202,
              386477.26040000282
            ],
            [
              182199.95580000058,
              386479.16139999963
            ],
            [
              182200.89150000177,
              386481.84400000237
            ],
            [
              182201.03530000057,
              386484.81819999963
            ],
            [
              182200.74069999997,
              386487.84670000151
            ],
            [
              182200.59839999955,
              386490.81170000136
            ],
            [
              182200.06639999989,
              386493.67770000175
            ],
            [
              182199.88109999988,
              386496.68390000053
            ],
            [
              182198.95850000344,
              386500.24650000222
            ],
            [
              182198.90240000002,
              386503.21970000118
            ],
            [
              182199.09150000103,
              386506.16430000402
            ],
            [
              182198.52210000064,
              386509.00330000184
            ],
            [
              182198.41640000138,
              386511.68950000219
            ],
            [
              182197.36350000184,
              386514.86830000207
            ],
            [
              182196.22269999981,
              386517.93009999953
            ],
            [
              182196.42430000007,
              386520.83170000091
            ],
            [
              182196.38159999996,
              386526.20250000246
            ],
            [
              182196.5194000015,
              386528.40100000426
            ],
            [
              182197.20170000102,
              386531.11100000143
            ],
            [
              182196.98510000203,
              386534.05760000087
            ],
            [
              182196.61400000285,
              386537.01000000164
            ],
            [
              182196.16320000123,
              386540.05279999971
            ],
            [
              182195.36309999973,
              386543.13629999943
            ],
            [
              182195.22250000201,
              386545.73280000128
            ],
            [
              182194.43570000026,
              386548.43850000203
            ],
            [
              182193.54640000127,
              386551.09690000117
            ],
            [
              182192.46100000106,
              386553.45510000363
            ],
            [
              182191.28799999971,
              386556.13049999997
            ],
            [
              182190.42610000074,
              386558.91210000031
            ],
            [
              182189.90479999967,
              386561.7846999988
            ],
            [
              182189.65830000117,
              386564.44429999776
            ],
            [
              182189.6604000004,
              386567.22580000013
            ],
            [
              182189.34390000161,
              386569.88770000264
            ],
            [
              182189.09220000356,
              386572.79900000431
            ],
            [
              182188.6763999993,
              386575.89840000309
            ],
            [
              182188.96910000034,
              386578.68209999986
            ],
            [
              182189.24469999969,
              386581.65819999948
            ],
            [
              182191.27370000258,
              386583.53930000216
            ],
            [
              182190.6101000011,
              386587.04690000229
            ],
            [
              182191.17129999958,
              386589.80370000191
            ],
            [
              182191.67780000065,
              386592.3395000007
            ],
            [
              182191.99200000335,
              386595.17469999939
            ],
            [
              182193.18560000323,
              386597.61460000277
            ],
            [
              182194.11660000123,
              386600.51800000109
            ],
            [
              182196.2143000029,
              386602.56940000132
            ],
            [
              182196.88910000212,
              386605.42170000076
            ],
            [
              182197.47710000072,
              386608.11520000175
            ],
            [
              182197.86280000024,
              386610.63120000251
            ],
            [
              182197.92289999966,
              386613.09400000051
            ],
            [
              182198.43470000383,
              386615.84920000285
            ],
            [
              182199.16430000216,
              386618.54490000382
            ],
            [
              182200.11850000359,
              386621.41130000167
            ],
            [
              182201.20110000204,
              386623.80850000307
            ],
            [
              182201.9310999997,
              386626.63420000114
            ],
            [
              182202.93820000254,
              386629.60009999946
            ],
            [
              182203.7268000003,
              386632.08680000156
            ],
            [
              182204.42299999949,
              386634.80130000226
            ],
            [
              182205.13520000037,
              386637.57650000416
            ],
            [
              182207.01830000058,
              386639.81230000034
            ],
            [
              182208.97940000147,
              386641.81909999996
            ],
            [
              182210.81040000077,
              386644.16540000215
            ],
            [
              182212.60120000318,
              386646.30729999952
            ],
            [
              182214.31600000151,
              386648.62900000066
            ],
            [
              182215.69049999863,
              386651.30350000411
            ],
            [
              182217.60470000375,
              386653.5821000021
            ],
            [
              182218.12860000134,
              386656.66310000047
            ],
            [
              182218.51310000196,
              386659.28670000099
            ],
            [
              182218.14110000059,
              386661.4186000023
            ],
            [
              182217.46740000229,
              386664.18969999999
            ],
            [
              182216.55599999987,
              386667.19280000031
            ],
            [
              182216.38540000096,
              386669.91990000196
            ],
            [
              182216.95160000212,
              386672.6623999998
            ],
            [
              182219.06850000191,
              386674.66600000113
            ],
            [
              182220.64240000118,
              386676.85170000046
            ],
            [
              182221.71010000166,
              386679.72699999996
            ],
            [
              182221.76230000053,
              386683.02500000224
            ],
            [
              182222.95390000101,
              386685.77920000255
            ],
            [
              182224.41579999961,
              386688.24240000173
            ],
            [
              182225.33650000114,
              386691.00569999963
            ],
            [
              182226.26510000136,
              386694.1819000002
            ],
            [
              182227.18340000138,
              386696.83690000139
            ],
            [
              182227.87580000143,
              386698.77740000002
            ],
            [
              182227.84380000178,
              386699.21499999985
            ],
            [
              182227.95500000287,
              386699.59520000033
            ],
            [
              182228.74230000097,
              386701.48900000192
            ],
            [
              182229.5036000004,
              386703.85640000366
            ],
            [
              182230.0429000007,
              386706.0252000019
            ],
            [
              182230.59250000119,
              386708.38370000198
            ],
            [
              182231.23180000205,
              386710.97580000386
            ],
            [
              182232.00800000224,
              386713.4495000001
            ],
            [
              182233.10690000001,
              386715.66269999929
            ],
            [
              182233.75340000074,
              386718.29120000266
            ],
            [
              182234.68190000206,
              386720.46590000018
            ],
            [
              182235.93290000409,
              386722.88010000251
            ],
            [
              182237.23610000126,
              386725.34930000454
            ],
            [
              182238.27870000247,
              386727.9785999991
            ],
            [
              182239.48840000108,
              386730.45540000312
            ],
            [
              182240.43400000129,
              386732.80020000227
            ],
            [
              182242.18259999901,
              386734.72389999777
            ],
            [
              182244.1651000008,
              386736.91560000181
            ],
            [
              182245.93470000289,
              386739.19400000386
            ],
            [
              182247.41880000103,
              386741.46839999966
            ],
            [
              182249.1827999996,
              386743.57700000145
            ],
            [
              182250.38360000029,
              386746.12470000237
            ],
            [
              182252.59449999873,
              386747.82650000416
            ],
            [
              182254.33280000091,
              386749.87430000305
            ],
            [
              182256.00299999956,
              386752.10019999929
            ],
            [
              182257.72330000252,
              386754.06010000035
            ],
            [
              182259.86869999953,
              386755.8992999997
            ],
            [
              182262.12120000366,
              386757.85339999944
            ],
            [
              182264.25720000081,
              386759.6398000028
            ],
            [
              182265.56870000251,
              386761.77740000188
            ],
            [
              182267.41550000291,
              386763.90560000017
            ],
            [
              182269.19070000015,
              386765.93810000084
            ],
            [
              182270.13330000266,
              386768.35689999908
            ],
            [
              182270.4793000007,
              386771.04330000468
            ],
            [
              182270.58090000041,
              386773.64640000276
            ],
            [
              182271.49700000137,
              386776.31440000236
            ],
            [
              182272.9357000012,
              386778.36979999952
            ],
            [
              182274.40790000092,
              386780.38269999996
            ],
            [
              182274.68240000028,
              386783.46429999918
            ],
            [
              182276.27400000114,
              386785.29979999922
            ],
            [
              182276.56020000018,
              386788.04470000416
            ],
            [
              182278.46810000017,
              386789.9019000046
            ],
            [
              182279.15080000181,
              386791.69400000013
            ],
            [
              182279.56740000006,
              386794.06890000217
            ],
            [
              182280.61440000217,
              386796.64609999955
            ],
            [
              182281.51439999882,
              386798.73640000448
            ],
            [
              182281.56950000208,
              386801.84170000255
            ],
            [
              182283.01919999998,
              386803.83480000123
            ],
            [
              182283.04459999967,
              386807.10730000027
            ],
            [
              182283.34620000049,
              386809.25210000202
            ],
            [
              182283.61620000005,
              386812.19800000079
            ],
            [
              182284.30250000115,
              386814.91080000065
            ],
            [
              182285.44610000215,
              386816.77859999798
            ],
            [
              182285.6939000003,
              386819.76040000282
            ],
            [
              182286.47190000303,
              386822.06930000149
            ],
            [
              182287.92170000076,
              386824.43859999999
            ],
            [
              182289.15429999959,
              386827.17949999869
            ],
            [
              182288.80500000343,
              386829.17019999959
            ],
            [
              182287.20399999991,
              386829.81760000437
            ],
            [
              182285.21009999979,
              386830.97330000065
            ],
            [
              182283.29040000401,
              386832.04030000232
            ],
            [
              182281.27840000112,
              386832.90930000134
            ],
            [
              182279.08810000122,
              386832.92160000093
            ],
            [
              182277.14440000057,
              386833.06430000067
            ],
            [
              182274.81689999998,
              386833.53560000099
            ],
            [
              182272.83920000307,
              386833.34410000034
            ],
            [
              182270.84480000287,
              386832.38860000111
            ],
            [
              182268.86250000075,
              386831.46680000052
            ],
            [
              182266.07800000068,
              386829.53830000013
            ],
            [
              182264.87830000278,
              386827.70549999923
            ],
            [
              182262.82890000287,
              386826.25420000218
            ],
            [
              182259.56630000193,
              386824.47780000046
            ],
            [
              182257.74870000221,
              386822.71390000358
            ],
            [
              182255.83600000385,
              386821.53380000032
            ],
            [
              182253.4263000004,
              386820.20480000041
            ],
            [
              182250.45100000128,
              386819.09460000135
            ],
            [
              182247.68539999984,
              386818.65960000269
            ],
            [
              182244.79910000321,
              386818.37240000442
            ],
            [
              182242.54930000007,
              386817.42190000229
            ],
            [
              182239.36670000292,
              386817.68250000104
            ],
            [
              182236.9252000032,
              386817.65270000324
            ],
            [
              182234.16370000225,
              386818.06799999997
            ],
            [
              182231.72900000121,
              386818.30059999973
            ],
            [
              182228.84330000076,
              386818.75489999913
            ],
            [
              182227.07170000114,
              386819.20480000228
            ],
            [
              182223.94550000131,
              386820.51740000024
            ],
            [
              182222.26200000104,
              386821.02180000022
            ],
            [
              182220.05450000055,
              386822.2864000015
            ],
            [
              182217.28440000117,
              386824.65440000221
            ],
            [
              182214.92770000268,
              386825.90140000172
            ],
            [
              182212.67800000031,
              386826.2583000008
            ],
            [
              182209.4701000005,
              386827.0588000007
            ],
            [
              182207.12860000134,
              386826.34480000287
            ],
            [
              182204.34430000093,
              386826.88450000249
            ],
            [
              182201.61360000353,
              386827.26030000113
            ],
            [
              182198.83260000031,
              386827.75980000012
            ],
            [
              182195.93679999933,
              386828.49130000174
            ],
            [
              182193.16800000146,
              386829.61400000006
            ]
          ]
        ]
      }
    },
    {
      "attributes" : {
        "FID" : 2,
        "PMNTN_SN" : 37292,
        "MNTN_CODE" : "447701101",
        "MNTN_NM" : "어성산",
        "PMNTN_NM" : "대등리구간",
        "PMNTN_MAIN" : " ",
        "PMNTN_LT" : 0.22,
        "PMNTN_DFFL" : "쉬움",
        "PMNTN_UPPL" : 4,
        "PMNTN_GODN" : 3,
        "PMNTN_MTRQ" : " ",
        "PMNTN_CNRL" : " ",
        "PMNTN_CLS_" : " ",
        "PMNTN_RISK" : " ",
        "PMNTN_RECO" : " ",
        "DATA_STDR_" : "2016-12-31",
        "MNTN_ID" : "447701101"
      },
      "geometry" : {
        "paths" : [
          [
            [
              182012.2238000026,
              386321.94720000401
            ],
            [
              182012.2238000026,
              386321.94720000401
            ],
            [
              182012.7024000017,
              386323.59960000217
            ],
            [
              182013.38750000019,
              386324.69460000098
            ],
            [
              182014.49950000178,
              386326.51730000228
            ],
            [
              182015.57520000078,
              386327.99200000241
            ],
            [
              182016.65180000011,
              386329.54080000147
            ],
            [
              182017.73180000111,
              386331.56870000064
            ],
            [
              182019.3217000002,
              386332.84870000184
            ],
            [
              182021.95349999983,
              386336.07469999976
            ],
            [
              182023.99480000138,
              386338.57400000095
            ],
            [
              182025.38570000231,
              386340.52859999985
            ],
            [
              182026.08430000115,
              386342.17319999821
            ],
            [
              182026.89169999957,
              386344.27400000207
            ],
            [
              182029.60940000042,
              386346.82140000165
            ],
            [
              182030.17460000329,
              386348.38279999979
            ],
            [
              182033.52939999942,
              386349.45880000107
            ],
            [
              182034.33420000132,
              386350.40029999986
            ],
            [
              182034.81240000203,
              386352.44560000114
            ],
            [
              182036.58300000243,
              386352.94080000184
            ],
            [
              182037.65770000033,
              386354.49440000206
            ],
            [
              182039.21420000307,
              386357.80509999953
            ],
            [
              182040.84009999968,
              386360.97340000235
            ],
            [
              182042.34219999984,
              386365.17490000278
            ],
            [
              182042.6754999999,
              386366.36339999735
            ],
            [
              182044.11150000151,
              386367.34009999968
            ],
            [
              182045.24120000005,
              386370.63000000454
            ],
            [
              182045.40860000253,
              386373.4765000008
            ],
            [
              182046.87820000201,
              386376.9298000019
            ],
            [
              182048.89890000038,
              386377.97599999979
            ],
            [
              182050.10880000051,
              386380.66699999943
            ],
            [
              182050.48830000218,
              386384.80770000257
            ],
            [
              182052.18860000093,
              386388.75290000252
            ],
            [
              182052.78820000123,
              386392.52730000205
            ],
            [
              182052.23330000229,
              386397.51659999974
            ],
            [
              182051.48740000185,
              386398.14649999887
            ],
            [
              182052.50470000133,
              386401.71990000084
            ],
            [
              182051.07849999983,
              386409.07230000012
            ],
            [
              182050.54840000067,
              386410.41530000046
            ],
            [
              182049.76649999991,
              386415.01920000277
            ],
            [
              182049.56549999956,
              386416.33809999935
            ],
            [
              182049.16880000196,
              386417.66060000286
            ],
            [
              182048.87520000059,
              386421.17250000127
            ],
            [
              182046.65510000102,
              386423.3356999997
            ],
            [
              182040.68620000035,
              386423.10669999942
            ],
            [
              182037.16290000174,
              386419.35490000062
            ],
            [
              182035.05050000083,
              386418.7201000005
            ],
            [
              182034.95670000371,
              386416.43850000203
            ],
            [
              182033.81869999971,
              386415.01190000214
            ],
            [
              182032.38740000129,
              386413.91520000622
            ],
            [
              182031.92030000035,
              386411.0976000037
            ],
            [
              182028.76270000078,
              386410.59999999963
            ],
            [
              182027.55520000309,
              386409.5621000044
            ],
            [
              182025.48300000001,
              386409.00110000186
            ],
            [
              182024.25300000142,
              386410.22880000249
            ],
            [
              182023.74280000292,
              386411.40250000171
            ],
            [
              182023.72350000124,
              386413.08880000561
            ],
            [
              182023.38850000221,
              386414.41919999942
            ],
            [
              182023.70170000289,
              386415.89140000194
            ],
            [
              182022.97210000083,
              386417.30470000394
            ],
            [
              182022.64270000253,
              386418.60490000248
            ],
            [
              182022.38380000275,
              386419.70780000463
            ],
            [
              182022.62900000066,
              386421.2060000021
            ],
            [
              182021.91700000037,
              386422.75320000388
            ],
            [
              182021.3226000024,
              386424.30470000021
            ],
            [
              182020.7966000028,
              386425.38510000147
            ],
            [
              182020.03450000193,
              386426.67460000142
            ],
            [
              182019.96569999959,
              386428.12740000337
            ],
            [
              182020.63010000065,
              386429.69779999927
            ],
            [
              182020.41509999987,
              386431.54380000196
            ],
            [
              182020.38190000132,
              386433.22040000185
            ],
            [
              182020.55659999978,
              386434.86900000274
            ],
            [
              182020.84820000269,
              386436.37930000201
            ],
            [
              182020.56250000186,
              386437.8172999993
            ],
            [
              182020.54960000142,
              386439.65980000235
            ],
            [
              182020.36170000117,
              386441.37950000167
            ],
            [
              182022.31490000151,
              386443.04160000011
            ],
            [
              182021.35860000085,
              386444.38480000384
            ],
            [
              182022.1323000025,
              386445.60799999908
            ],
            [
              182021.77819999959,
              386447.80480000377
            ],
            [
              182021.41179999989,
              386449.30430000275
            ],
            [
              182021.69380000047,
              386450.85280000232
            ],
            [
              182021.39700000174,
              386452.25500000268
            ],
            [
              182021.14439999964,
              386453.7816000022
            ],
            [
              182020.61689999979,
              386454.85480000079
            ],
            [
              182019.97800000105,
              386456.24330000021
            ],
            [
              182019.95870000124,
              386457.51640000194
            ],
            [
              182019.51460000034,
              386459.06570000015
            ],
            [
              182019.12150000315,
              386460.31720000133
            ],
            [
              182019.78039999958,
              386461.9728000015
            ],
            [
              182019.94350000005,
              386463.31860000081
            ],
            [
              182018.48980000243,
              386464.65190000273
            ],
            [
              182017.7087000031,
              386465.15420000255
            ],
            [
              182015.55770000257,
              386465.12930000015
            ],
            [
              182014.64350000024,
              386463.51780000329
            ],
            [
              182012.6716,
              386465.43270000257
            ],
            [
              182010.86790000182,
              386465.91719999909
            ],
            [
              182009.90070000105,
              386466.57489999942
            ],
            [
              182009.2472000001,
              386467.53460000083
            ]
          ]
        ]
      }
    }
  ]
}