{
  "displayFieldName" : "",
  "fieldAliases" : {
    "FID" : "FID",
    "PMNTN_SPOT" : "PMNTN_SPOT",
    "MNTN_CODE" : "MNTN_CODE",
    "MANAGE_SP1" : "MANAGE_SP1",
    "MANAGE_SP2" : "MANAGE_SP2",
    "DETAIL_SPO" : "DETAIL_SPO",
    "ETC_MATTER" : "ETC_MATTER",
    "MNTN_NM" : "MNTN_NM",
    "PAST_SPOT_" : "PAST_SPOT_",
    "MNTN_ID" : "MNTN_ID"
  },
  "geometryType" : "esriGeometryPoint",
  "spatialReference" : {
    "wkt" : "PROJCS[\"PCS_ITRF2000_TM\",GEOGCS[\"GCS_ITRF_2000\",DATUM[\"D_ITRF_2000\",SPHEROID[\"GRS_1980\",6378137.0,298.257222101]],PRIMEM[\"Greenwich\",0.0],UNIT[\"Degree\",0.0174532925199433]],PROJECTION[\"Transverse_Mercator\"],PARAMETER[\"False_Easting\",200000.0],PARAMETER[\"False_Northing\",600000.0],PARAMETER[\"Central_Meridian\",127.0],PARAMETER[\"Scale_Factor\",1.0],PARAMETER[\"Latitude_Of_Origin\",38.0],UNIT[\"Meter\",1.0]]"
  },
  "fields" : [
    {
      "name" : "FID",
      "type" : "esriFieldTypeOID",
      "alias" : "FID"
    },
    {
      "name" : "PMNTN_SPOT",
      "type" : "esriFieldTypeDouble",
      "alias" : "PMNTN_SPOT"
    },
    {
      "name" : "MNTN_CODE",
      "type" : "esriFieldTypeString",
      "alias" : "MNTN_CODE",
      "length" : 9
    },
    {
      "name" : "MANAGE_SP1",
      "type" : "esriFieldTypeString",
      "alias" : "MANAGE_SP1",
      "length" : 2
    },
    {
      "name" : "MANAGE_SP2",
      "type" : "esriFieldTypeString",
      "alias" : "MANAGE_SP2",
      "length" : 50
    },
    {
      "name" : "DETAIL_SPO",
      "type" : "esriFieldTypeString",
      "alias" : "DETAIL_SPO",
      "length" : 200
    },
    {
      "name" : "ETC_MATTER",
      "type" : "esriFieldTypeString",
      "alias" : "ETC_MATTER",
      "length" : 200
    },
    {
      "name" : "MNTN_NM",
      "type" : "esriFieldTypeString",
      "alias" : "MNTN_NM",
      "length" : 50
    },
    {
      "name" : "PAST_SPOT_",
      "type" : "esriFieldTypeString",
      "alias" : "PAST_SPOT_",
      "length" : 14
    },
    {
      "name" : "MNTN_ID",
      "type" : "esriFieldTypeString",
      "alias" : "MNTN_ID",
      "length" : 10
    }
  ],
  "features" : [
    {
      "attributes" : {
        "FID" : 0,
        "PMNTN_SPOT" : 32128,
        "MNTN_CODE" : "488907501",
        "MANAGE_SP1" : "01",
        "MANAGE_SP2" : "시종점",
        "DETAIL_SPO" : "시종점",
        "ETC_MATTER" : " ",
        "MNTN_NM" : "미숭산",
        "PAST_SPOT_" : "4889075010001",
        "MNTN_ID" : "488907501"
      },
      "geometry" : {
        "x" : 306196.61039999966,
        "y" : 347023.75100000203
      }
    },
    {
      "attributes" : {
        "FID" : 1,
        "PMNTN_SPOT" : 32129,
        "MNTN_CODE" : "488907501",
        "MANAGE_SP1" : "01",
        "MANAGE_SP2" : "시종점",
        "DETAIL_SPO" : "시종점",
        "ETC_MATTER" : " ",
        "MNTN_NM" : "미숭산",
        "PAST_SPOT_" : "4889075010002",
        "MNTN_ID" : "488907501"
      },
      "geometry" : {
        "x" : 306498.47800000291,
        "y" : 348539.23460000567
      }
    },
    {
      "attributes" : {
        "FID" : 2,
        "PMNTN_SPOT" : 32130,
        "MNTN_CODE" : "488907501",
        "MANAGE_SP1" : "02",
        "MANAGE_SP2" : "분기점",
        "DETAIL_SPO" : "분기점",
        "ETC_MATTER" : " ",
        "MNTN_NM" : "미숭산",
        "PAST_SPOT_" : "4889075010003",
        "MNTN_ID" : "488907501"
      },
      "geometry" : {
        "x" : 306617.44830000401,
        "y" : 348821.0895000007
      }
    },
    {
      "attributes" : {
        "FID" : 3,
        "PMNTN_SPOT" : 32131,
        "MNTN_CODE" : "488907501",
        "MANAGE_SP1" : "01",
        "MANAGE_SP2" : "시종점",
        "DETAIL_SPO" : "시종점",
        "ETC_MATTER" : " ",
        "MNTN_NM" : "미숭산",
        "PAST_SPOT_" : "4889075010004",
        "MNTN_ID" : "488907501"
      },
      "geometry" : {
        "x" : 306647.95060000196,
        "y" : 346392.63740000129
      }
    },
    {
      "attributes" : {
        "FID" : 4,
        "PMNTN_SPOT" : 32132,
        "MNTN_CODE" : "488907501",
        "MANAGE_SP1" : "02",
        "MANAGE_SP2" : "분기점",
        "DETAIL_SPO" : "분기점",
        "ETC_MATTER" : " ",
        "MNTN_NM" : "미숭산",
        "PAST_SPOT_" : "4889075010005",
        "MNTN_ID" : "488907501"
      },
      "geometry" : {
        "x" : 306736.14639999997,
        "y" : 348181.87179999985
      }
    },
    {
      "attributes" : {
        "FID" : 5,
        "PMNTN_SPOT" : 32133,
        "MNTN_CODE" : "488907501",
        "MANAGE_SP1" : "02",
        "MANAGE_SP2" : "분기점",
        "DETAIL_SPO" : "분기점",
        "ETC_MATTER" : " ",
        "MNTN_NM" : "미숭산",
        "PAST_SPOT_" : "4889075010006",
        "MNTN_ID" : "488907501"
      },
      "geometry" : {
        "x" : 306932.62010000087,
        "y" : 349279.72339999676
      }
    },
    {
      "attributes" : {
        "FID" : 6,
        "PMNTN_SPOT" : 32134,
        "MNTN_CODE" : "488907501",
        "MANAGE_SP1" : "02",
        "MANAGE_SP2" : "분기점",
        "DETAIL_SPO" : "분기점",
        "ETC_MATTER" : " ",
        "MNTN_NM" : "미숭산",
        "PAST_SPOT_" : "4889075010007",
        "MNTN_ID" : "488907501"
      },
      "geometry" : {
        "x" : 307378.25950000063,
        "y" : 348229.97749999911
      }
    },
    {
      "attributes" : {
        "FID" : 7,
        "PMNTN_SPOT" : 32135,
        "MNTN_CODE" : "488907501",
        "MANAGE_SP1" : "02",
        "MANAGE_SP2" : "분기점",
        "DETAIL_SPO" : "분기점",
        "ETC_MATTER" : " ",
        "MNTN_NM" : "미숭산",
        "PAST_SPOT_" : "4889075010008",
        "MNTN_ID" : "488907501"
      },
      "geometry" : {
        "x" : 307403.03200000059,
        "y" : 348264.9430000037
      }
    },
    {
      "attributes" : {
        "FID" : 8,
        "PMNTN_SPOT" : 32136,
        "MNTN_CODE" : "488907501",
        "MANAGE_SP1" : "02",
        "MANAGE_SP2" : "분기점",
        "DETAIL_SPO" : "분기점",
        "ETC_MATTER" : " ",
        "MNTN_NM" : "미숭산",
        "PAST_SPOT_" : "4889075010009",
        "MNTN_ID" : "488907501"
      },
      "geometry" : {
        "x" : 307687.45270000305,
        "y" : 349352.68610000238
      }
    },
    {
      "attributes" : {
        "FID" : 9,
        "PMNTN_SPOT" : 32137,
        "MNTN_CODE" : "488907501",
        "MANAGE_SP1" : "01",
        "MANAGE_SP2" : "시종점",
        "DETAIL_SPO" : "시종점",
        "ETC_MATTER" : " ",
        "MNTN_NM" : "미숭산",
        "PAST_SPOT_" : "4889075010010",
        "MNTN_ID" : "488907501"
      },
      "geometry" : {
        "x" : 308032.93030000478,
        "y" : 349613.26060000062
      }
    }
  ]
}