{
  "displayFieldName" : "",
  "fieldAliases" : {
    "FID" : "FID",
    "PMNTN_SPOT" : "PMNTN_SPOT",
    "MNTN_CODE" : "MNTN_CODE",
    "MANAGE_SP1" : "MANAGE_SP1",
    "MANAGE_SP2" : "MANAGE_SP2",
    "DETAIL_SPO" : "DETAIL_SPO",
    "ETC_MATTER" : "ETC_MATTER",
    "MNTN_NM" : "MNTN_NM",
    "PAST_SPOT_" : "PAST_SPOT_",
    "MNTN_ID" : "MNTN_ID"
  },
  "geometryType" : "esriGeometryPoint",
  "spatialReference" : {
    "wkt" : "PROJCS[\"PCS_ITRF2000_TM\",GEOGCS[\"GCS_ITRF_2000\",DATUM[\"D_ITRF_2000\",SPHEROID[\"GRS_1980\",6378137.0,298.257222101]],PRIMEM[\"Greenwich\",0.0],UNIT[\"Degree\",0.0174532925199433]],PROJECTION[\"Transverse_Mercator\"],PARAMETER[\"False_Easting\",200000.0],PARAMETER[\"False_Northing\",600000.0],PARAMETER[\"Central_Meridian\",127.0],PARAMETER[\"Scale_Factor\",1.0],PARAMETER[\"Latitude_Of_Origin\",38.0],UNIT[\"Meter\",1.0]]"
  },
  "fields" : [
    {
      "name" : "FID",
      "type" : "esriFieldTypeOID",
      "alias" : "FID"
    },
    {
      "name" : "PMNTN_SPOT",
      "type" : "esriFieldTypeDouble",
      "alias" : "PMNTN_SPOT"
    },
    {
      "name" : "MNTN_CODE",
      "type" : "esriFieldTypeString",
      "alias" : "MNTN_CODE",
      "length" : 9
    },
    {
      "name" : "MANAGE_SP1",
      "type" : "esriFieldTypeString",
      "alias" : "MANAGE_SP1",
      "length" : 2
    },
    {
      "name" : "MANAGE_SP2",
      "type" : "esriFieldTypeString",
      "alias" : "MANAGE_SP2",
      "length" : 50
    },
    {
      "name" : "DETAIL_SPO",
      "type" : "esriFieldTypeString",
      "alias" : "DETAIL_SPO",
      "length" : 200
    },
    {
      "name" : "ETC_MATTER",
      "type" : "esriFieldTypeString",
      "alias" : "ETC_MATTER",
      "length" : 200
    },
    {
      "name" : "MNTN_NM",
      "type" : "esriFieldTypeString",
      "alias" : "MNTN_NM",
      "length" : 50
    },
    {
      "name" : "PAST_SPOT_",
      "type" : "esriFieldTypeString",
      "alias" : "PAST_SPOT_",
      "length" : 14
    },
    {
      "name" : "MNTN_ID",
      "type" : "esriFieldTypeString",
      "alias" : "MNTN_ID",
      "length" : 10
    }
  ],
  "features" : [
    {
      "attributes" : {
        "FID" : 0,
        "PMNTN_SPOT" : 92319,
        "MNTN_CODE" : "287101401",
        "MANAGE_SP1" : "02",
        "MANAGE_SP2" : "분기점",
        "DETAIL_SPO" : "분기점",
        "ETC_MATTER" : " ",
        "MNTN_NM" : "혈구산",
        "PAST_SPOT_" : "2871014010001",
        "MNTN_ID" : "287101401"
      },
      "geometry" : {
        "x" : 150613.71990000084,
        "y" : 569120.47960000113
      }
    },
    {
      "attributes" : {
        "FID" : 1,
        "PMNTN_SPOT" : 92320,
        "MNTN_CODE" : "287101401",
        "MANAGE_SP1" : "01",
        "MANAGE_SP2" : "시종점",
        "DETAIL_SPO" : "시종점",
        "ETC_MATTER" : " ",
        "MNTN_NM" : "혈구산",
        "PAST_SPOT_" : "2871014010002",
        "MNTN_ID" : "287101401"
      },
      "geometry" : {
        "x" : 150872.34200000111,
        "y" : 570427.93580000103
      }
    },
    {
      "attributes" : {
        "FID" : 2,
        "PMNTN_SPOT" : 92321,
        "MNTN_CODE" : "287101401",
        "MANAGE_SP1" : "01",
        "MANAGE_SP2" : "시종점",
        "DETAIL_SPO" : "시종점",
        "ETC_MATTER" : " ",
        "MNTN_NM" : "혈구산",
        "PAST_SPOT_" : "2871014010003",
        "MNTN_ID" : "287101401"
      },
      "geometry" : {
        "x" : 151465.43499999959,
        "y" : 567826.01340000145
      }
    },
    {
      "attributes" : {
        "FID" : 3,
        "PMNTN_SPOT" : 92322,
        "MNTN_CODE" : "287101401",
        "MANAGE_SP1" : "01",
        "MANAGE_SP2" : "시종점",
        "DETAIL_SPO" : "시종점",
        "ETC_MATTER" : " ",
        "MNTN_NM" : "혈구산",
        "PAST_SPOT_" : "2871014010004",
        "MNTN_ID" : "287101401"
      },
      "geometry" : {
        "x" : 153839.23390000034,
        "y" : 569369.57970000431
      }
    },
    {
      "attributes" : {
        "FID" : 4,
        "PMNTN_SPOT" : 99951,
        "MNTN_CODE" : "287101401",
        "MANAGE_SP1" : "99",
        "MANAGE_SP2" : "기타",
        "DETAIL_SPO" : "숲길",
        "ETC_MATTER" : " ",
        "MNTN_NM" : "혈구산",
        "PAST_SPOT_" : "2871014010005",
        "MNTN_ID" : "287101401"
      },
      "geometry" : {
        "x" : 152800.78789999924,
        "y" : 568945.55140000011
      }
    },
    {
      "attributes" : {
        "FID" : 5,
        "PMNTN_SPOT" : 99952,
        "MNTN_CODE" : "287101401",
        "MANAGE_SP1" : "16",
        "MANAGE_SP2" : "주요나무",
        "DETAIL_SPO" : "소나무길",
        "ETC_MATTER" : " ",
        "MNTN_NM" : "혈구산",
        "PAST_SPOT_" : "2871014010006",
        "MNTN_ID" : "287101401"
      },
      "geometry" : {
        "x" : 152256.61679999961,
        "y" : 568882.25239999907
      }
    },
    {
      "attributes" : {
        "FID" : 6,
        "PMNTN_SPOT" : 99953,
        "MNTN_CODE" : "287101401",
        "MANAGE_SP1" : "05",
        "MANAGE_SP2" : "벤치",
        "DETAIL_SPO" : "벤치",
        "ETC_MATTER" : " ",
        "MNTN_NM" : "혈구산",
        "PAST_SPOT_" : "2871014010007",
        "MNTN_ID" : "287101401"
      },
      "geometry" : {
        "x" : 151701.28919999997,
        "y" : 568936.00989999983
      }
    },
    {
      "attributes" : {
        "FID" : 7,
        "PMNTN_SPOT" : 99954,
        "MNTN_CODE" : "287101401",
        "MANAGE_SP1" : "07",
        "MANAGE_SP2" : "시설물(운동기구 등)",
        "DETAIL_SPO" : "시설물(운동기구등)",
        "ETC_MATTER" : " ",
        "MNTN_NM" : "혈구산",
        "PAST_SPOT_" : "2871014010008",
        "MNTN_ID" : "287101401"
      },
      "geometry" : {
        "x" : 151098.30919999987,
        "y" : 568887.7285999991
      }
    },
    {
      "attributes" : {
        "FID" : 8,
        "PMNTN_SPOT" : 99955,
        "MNTN_CODE" : "287101401",
        "MANAGE_SP1" : "99",
        "MANAGE_SP2" : "기타",
        "DETAIL_SPO" : "채석장",
        "ETC_MATTER" : " ",
        "MNTN_NM" : "혈구산",
        "PAST_SPOT_" : "2871014010009",
        "MNTN_ID" : "287101401"
      },
      "geometry" : {
        "x" : 150724.64890000009,
        "y" : 568985.66579999973
      }
    },
    {
      "attributes" : {
        "FID" : 9,
        "PMNTN_SPOT" : 99956,
        "MNTN_CODE" : "287101401",
        "MANAGE_SP1" : "14",
        "MANAGE_SP2" : "조망점",
        "DETAIL_SPO" : "조망점",
        "ETC_MATTER" : " ",
        "MNTN_NM" : "혈구산",
        "PAST_SPOT_" : "2871014010010",
        "MNTN_ID" : "287101401"
      },
      "geometry" : {
        "x" : 150685.55820000096,
        "y" : 569049.48939999938
      }
    },
    {
      "attributes" : {
        "FID" : 10,
        "PMNTN_SPOT" : 99957,
        "MNTN_CODE" : "287101401",
        "MANAGE_SP1" : "10",
        "MANAGE_SP2" : "이정표",
        "DETAIL_SPO" : "이정표",
        "ETC_MATTER" : " ",
        "MNTN_NM" : "혈구산",
        "PAST_SPOT_" : "2871014010011",
        "MNTN_ID" : "287101401"
      },
      "geometry" : {
        "x" : 150608.04260000045,
        "y" : 569121.34860000003
      }
    },
    {
      "attributes" : {
        "FID" : 11,
        "PMNTN_SPOT" : 99958,
        "MNTN_CODE" : "287101401",
        "MANAGE_SP1" : "10",
        "MANAGE_SP2" : "이정표",
        "DETAIL_SPO" : "이정표",
        "ETC_MATTER" : " ",
        "MNTN_NM" : "혈구산",
        "PAST_SPOT_" : "2871014010012",
        "MNTN_ID" : "287101401"
      },
      "geometry" : {
        "x" : 151271.45850000015,
        "y" : 567938.05430000124
      }
    },
    {
      "attributes" : {
        "FID" : 12,
        "PMNTN_SPOT" : 99959,
        "MNTN_CODE" : "287101401",
        "MANAGE_SP1" : "14",
        "MANAGE_SP2" : "조망점",
        "DETAIL_SPO" : "헐구산전경",
        "ETC_MATTER" : " ",
        "MNTN_NM" : "혈구산",
        "PAST_SPOT_" : "2871014010013",
        "MNTN_ID" : "287101401"
      },
      "geometry" : {
        "x" : 150682.24390000009,
        "y" : 568139.34620000049
      }
    },
    {
      "attributes" : {
        "FID" : 13,
        "PMNTN_SPOT" : 99960,
        "MNTN_CODE" : "287101401",
        "MANAGE_SP1" : "10",
        "MANAGE_SP2" : "이정표",
        "DETAIL_SPO" : "이정표",
        "ETC_MATTER" : " ",
        "MNTN_NM" : "혈구산",
        "PAST_SPOT_" : "2871014010014",
        "MNTN_ID" : "287101401"
      },
      "geometry" : {
        "x" : 150637.09930000058,
        "y" : 568087.45979999972
      }
    },
    {
      "attributes" : {
        "FID" : 14,
        "PMNTN_SPOT" : 99961,
        "MNTN_CODE" : "287101401",
        "MANAGE_SP1" : "99",
        "MANAGE_SP2" : "기타",
        "DETAIL_SPO" : "숲길",
        "ETC_MATTER" : " ",
        "MNTN_NM" : "혈구산",
        "PAST_SPOT_" : "2871014010015",
        "MNTN_ID" : "287101401"
      },
      "geometry" : {
        "x" : 150289.51970000047,
        "y" : 568245.48239999986
      }
    },
    {
      "attributes" : {
        "FID" : 15,
        "PMNTN_SPOT" : 99963,
        "MNTN_CODE" : "287101401",
        "MANAGE_SP1" : "14",
        "MANAGE_SP2" : "조망점",
        "DETAIL_SPO" : "조망점",
        "ETC_MATTER" : " ",
        "MNTN_NM" : "혈구산",
        "PAST_SPOT_" : "2871014010016",
        "MNTN_ID" : "287101401"
      },
      "geometry" : {
        "x" : 150416.39490000028,
        "y" : 568980.42170000041
      }
    },
    {
      "attributes" : {
        "FID" : 16,
        "PMNTN_SPOT" : 99964,
        "MNTN_CODE" : "287101401",
        "MANAGE_SP1" : "14",
        "MANAGE_SP2" : "조망점",
        "DETAIL_SPO" : "혈구산아래봉우리",
        "ETC_MATTER" : " ",
        "MNTN_NM" : "혈구산",
        "PAST_SPOT_" : "2871014010017",
        "MNTN_ID" : "287101401"
      },
      "geometry" : {
        "x" : 150396.12110000011,
        "y" : 569358.94050000061
      }
    },
    {
      "attributes" : {
        "FID" : 17,
        "PMNTN_SPOT" : 99965,
        "MNTN_CODE" : "287101401",
        "MANAGE_SP1" : "14",
        "MANAGE_SP2" : "조망점",
        "DETAIL_SPO" : "조망점",
        "ETC_MATTER" : " ",
        "MNTN_NM" : "혈구산",
        "PAST_SPOT_" : "2871014010018",
        "MNTN_ID" : "287101401"
      },
      "geometry" : {
        "x" : 150386.58770000099,
        "y" : 569773.28849999967
      }
    },
    {
      "attributes" : {
        "FID" : 18,
        "PMNTN_SPOT" : 99966,
        "MNTN_CODE" : "287101401",
        "MANAGE_SP1" : "99",
        "MANAGE_SP2" : "기타",
        "DETAIL_SPO" : "로프안전대",
        "ETC_MATTER" : " ",
        "MNTN_NM" : "혈구산",
        "PAST_SPOT_" : "2871014010019",
        "MNTN_ID" : "287101401"
      },
      "geometry" : {
        "x" : 150813.37229999964,
        "y" : 570016.70370000019
      }
    },
    {
      "attributes" : {
        "FID" : 19,
        "PMNTN_SPOT" : 99967,
        "MNTN_CODE" : "287101401",
        "MANAGE_SP1" : "05",
        "MANAGE_SP2" : "벤치",
        "DETAIL_SPO" : "벤치",
        "ETC_MATTER" : " ",
        "MNTN_NM" : "혈구산",
        "PAST_SPOT_" : "2871014010020",
        "MNTN_ID" : "287101401"
      },
      "geometry" : {
        "x" : 150873.08420000074,
        "y" : 570419.79079999926
      }
    }
  ]
}