{
  "displayFieldName" : "",
  "fieldAliases" : {
    "FID" : "FID",
    "PMNTN_SPOT" : "PMNTN_SPOT",
    "MNTN_CODE" : "MNTN_CODE",
    "MANAGE_SP1" : "MANAGE_SP1",
    "MANAGE_SP2" : "MANAGE_SP2",
    "DETAIL_SPO" : "DETAIL_SPO",
    "ETC_MATTER" : "ETC_MATTER",
    "MNTN_NM" : "MNTN_NM",
    "PAST_SPOT_" : "PAST_SPOT_",
    "MNTN_ID" : "MNTN_ID"
  },
  "geometryType" : "esriGeometryPoint",
  "spatialReference" : {
    "wkt" : "PROJCS[\"PCS_ITRF2000_TM\",GEOGCS[\"GCS_ITRF_2000\",DATUM[\"D_ITRF_2000\",SPHEROID[\"GRS_1980\",6378137.0,298.257222101]],PRIMEM[\"Greenwich\",0.0],UNIT[\"Degree\",0.0174532925199433]],PROJECTION[\"Transverse_Mercator\"],PARAMETER[\"False_Easting\",200000.0],PARAMETER[\"False_Northing\",600000.0],PARAMETER[\"Central_Meridian\",127.0],PARAMETER[\"Scale_Factor\",1.0],PARAMETER[\"Latitude_Of_Origin\",38.0],UNIT[\"Meter\",1.0]]"
  },
  "fields" : [
    {
      "name" : "FID",
      "type" : "esriFieldTypeOID",
      "alias" : "FID"
    },
    {
      "name" : "PMNTN_SPOT",
      "type" : "esriFieldTypeDouble",
      "alias" : "PMNTN_SPOT"
    },
    {
      "name" : "MNTN_CODE",
      "type" : "esriFieldTypeString",
      "alias" : "MNTN_CODE",
      "length" : 9
    },
    {
      "name" : "MANAGE_SP1",
      "type" : "esriFieldTypeString",
      "alias" : "MANAGE_SP1",
      "length" : 2
    },
    {
      "name" : "MANAGE_SP2",
      "type" : "esriFieldTypeString",
      "alias" : "MANAGE_SP2",
      "length" : 50
    },
    {
      "name" : "DETAIL_SPO",
      "type" : "esriFieldTypeString",
      "alias" : "DETAIL_SPO",
      "length" : 200
    },
    {
      "name" : "ETC_MATTER",
      "type" : "esriFieldTypeString",
      "alias" : "ETC_MATTER",
      "length" : 200
    },
    {
      "name" : "MNTN_NM",
      "type" : "esriFieldTypeString",
      "alias" : "MNTN_NM",
      "length" : 50
    },
    {
      "name" : "PAST_SPOT_",
      "type" : "esriFieldTypeString",
      "alias" : "PAST_SPOT_",
      "length" : 14
    },
    {
      "name" : "MNTN_ID",
      "type" : "esriFieldTypeString",
      "alias" : "MNTN_ID",
      "length" : 10
    }
  ],
  "features" : [
    {
      "attributes" : {
        "FID" : 0,
        "PMNTN_SPOT" : 80571,
        "MNTN_CODE" : "431303601",
        "MANAGE_SP1" : "01",
        "MANAGE_SP2" : "시종점",
        "DETAIL_SPO" : "시종점",
        "ETC_MATTER" : " ",
        "MNTN_NM" : "지등산",
        "PAST_SPOT_" : "4313036010001",
        "MNTN_ID" : "431303601"
      },
      "geometry" : {
        "x" : 286249.25700000022,
        "y" : 492307.59610000066
      }
    },
    {
      "attributes" : {
        "FID" : 1,
        "PMNTN_SPOT" : 80572,
        "MNTN_CODE" : "431303601",
        "MANAGE_SP1" : "01",
        "MANAGE_SP2" : "시종점",
        "DETAIL_SPO" : "시종점",
        "ETC_MATTER" : " ",
        "MNTN_NM" : "지등산",
        "PAST_SPOT_" : "4313036010002",
        "MNTN_ID" : "431303601"
      },
      "geometry" : {
        "x" : 288235.97710000072,
        "y" : 492943.9926999975
      }
    },
    {
      "attributes" : {
        "FID" : 2,
        "PMNTN_SPOT" : 80573,
        "MNTN_CODE" : "431303601",
        "MANAGE_SP1" : "02",
        "MANAGE_SP2" : "분기점",
        "DETAIL_SPO" : "분기점",
        "ETC_MATTER" : " ",
        "MNTN_NM" : "지등산",
        "PAST_SPOT_" : "4313036010003",
        "MNTN_ID" : "431303601"
      },
      "geometry" : {
        "x" : 288265.1166000003,
        "y" : 491577.71770000085
      }
    },
    {
      "attributes" : {
        "FID" : 3,
        "PMNTN_SPOT" : 80574,
        "MNTN_CODE" : "431303601",
        "MANAGE_SP1" : "01",
        "MANAGE_SP2" : "시종점",
        "DETAIL_SPO" : "시종점",
        "ETC_MATTER" : " ",
        "MNTN_NM" : "지등산",
        "PAST_SPOT_" : "4313036010004",
        "MNTN_ID" : "431303601"
      },
      "geometry" : {
        "x" : 288983.4505000012,
        "y" : 489687.33940000087
      }
    },
    {
      "attributes" : {
        "FID" : 4,
        "PMNTN_SPOT" : 80575,
        "MNTN_CODE" : "431303601",
        "MANAGE_SP1" : "02",
        "MANAGE_SP2" : "분기점",
        "DETAIL_SPO" : "분기점",
        "ETC_MATTER" : " ",
        "MNTN_NM" : "지등산",
        "PAST_SPOT_" : "4313036010005",
        "MNTN_ID" : "431303601"
      },
      "geometry" : {
        "x" : 289130.85520000011,
        "y" : 491086.46330000274
      }
    },
    {
      "attributes" : {
        "FID" : 5,
        "PMNTN_SPOT" : 80576,
        "MNTN_CODE" : "431303601",
        "MANAGE_SP1" : "01",
        "MANAGE_SP2" : "시종점",
        "DETAIL_SPO" : "시종점",
        "ETC_MATTER" : " ",
        "MNTN_NM" : "지등산",
        "PAST_SPOT_" : "4313036010006",
        "MNTN_ID" : "431303601"
      },
      "geometry" : {
        "x" : 289935.8161000004,
        "y" : 489700.8943000026
      }
    }
  ]
}