{
  "displayFieldName" : "",
  "fieldAliases" : {
    "FID" : "FID",
    "PMNTN_SN" : "PMNTN_SN",
    "MNTN_CODE" : "MNTN_CODE",
    "MNTN_NM" : "MNTN_NM",
    "PMNTN_NM" : "PMNTN_NM",
    "PMNTN_MAIN" : "PMNTN_MAIN",
    "PMNTN_LT" : "PMNTN_LT",
    "PMNTN_DFFL" : "PMNTN_DFFL",
    "PMNTN_UPPL" : "PMNTN_UPPL",
    "PMNTN_GODN" : "PMNTN_GODN",
    "PMNTN_MTRQ" : "PMNTN_MTRQ",
    "PMNTN_CNRL" : "PMNTN_CNRL",
    "PMNTN_CLS_" : "PMNTN_CLS_",
    "PMNTN_RISK" : "PMNTN_RISK",
    "PMNTN_RECO" : "PMNTN_RECO",
    "DATA_STDR_" : "DATA_STDR_",
    "MNTN_ID" : "MNTN_ID"
  },
  "geometryType" : "esriGeometryPolyline",
  "spatialReference" : {
    "wkt" : "PROJCS[\"PCS_ITRF2000_TM\",GEOGCS[\"GCS_ITRF_2000\",DATUM[\"D_ITRF_2000\",SPHEROID[\"GRS_1980\",6378137.0,298.257222101]],PRIMEM[\"Greenwich\",0.0],UNIT[\"Degree\",0.0174532925199433]],PROJECTION[\"Transverse_Mercator\"],PARAMETER[\"False_Easting\",200000.0],PARAMETER[\"False_Northing\",600000.0],PARAMETER[\"Central_Meridian\",127.0],PARAMETER[\"Scale_Factor\",1.0],PARAMETER[\"Latitude_Of_Origin\",38.0],UNIT[\"Meter\",1.0]]"
  },
  "fields" : [
    {
      "name" : "FID",
      "type" : "esriFieldTypeOID",
      "alias" : "FID"
    },
    {
      "name" : "PMNTN_SN",
      "type" : "esriFieldTypeDouble",
      "alias" : "PMNTN_SN"
    },
    {
      "name" : "MNTN_CODE",
      "type" : "esriFieldTypeString",
      "alias" : "MNTN_CODE",
      "length" : 9
    },
    {
      "name" : "MNTN_NM",
      "type" : "esriFieldTypeString",
      "alias" : "MNTN_NM",
      "length" : 50
    },
    {
      "name" : "PMNTN_NM",
      "type" : "esriFieldTypeString",
      "alias" : "PMNTN_NM",
      "length" : 50
    },
    {
      "name" : "PMNTN_MAIN",
      "type" : "esriFieldTypeString",
      "alias" : "PMNTN_MAIN",
      "length" : 200
    },
    {
      "name" : "PMNTN_LT",
      "type" : "esriFieldTypeSingle",
      "alias" : "PMNTN_LT"
    },
    {
      "name" : "PMNTN_DFFL",
      "type" : "esriFieldTypeString",
      "alias" : "PMNTN_DFFL",
      "length" : 8
    },
    {
      "name" : "PMNTN_UPPL",
      "type" : "esriFieldTypeDouble",
      "alias" : "PMNTN_UPPL"
    },
    {
      "name" : "PMNTN_GODN",
      "type" : "esriFieldTypeDouble",
      "alias" : "PMNTN_GODN"
    },
    {
      "name" : "PMNTN_MTRQ",
      "type" : "esriFieldTypeString",
      "alias" : "PMNTN_MTRQ",
      "length" : 200
    },
    {
      "name" : "PMNTN_CNRL",
      "type" : "esriFieldTypeString",
      "alias" : "PMNTN_CNRL",
      "length" : 1
    },
    {
      "name" : "PMNTN_CLS_",
      "type" : "esriFieldTypeString",
      "alias" : "PMNTN_CLS_",
      "length" : 1
    },
    {
      "name" : "PMNTN_RISK",
      "type" : "esriFieldTypeString",
      "alias" : "PMNTN_RISK",
      "length" : 200
    },
    {
      "name" : "PMNTN_RECO",
      "type" : "esriFieldTypeString",
      "alias" : "PMNTN_RECO",
      "length" : 1
    },
    {
      "name" : "DATA_STDR_",
      "type" : "esriFieldTypeString",
      "alias" : "DATA_STDR_",
      "length" : 10
    },
    {
      "name" : "MNTN_ID",
      "type" : "esriFieldTypeString",
      "alias" : "MNTN_ID",
      "length" : 10
    }
  ],
  "features" : [
    {
      "attributes" : {
        "FID" : 0,
        "PMNTN_SN" : 4400,
        "MNTN_CODE" : "116200604",
        "MNTN_NM" : "관악산446봉기점",
        "PMNTN_NM" : "신림동구간",
        "PMNTN_MAIN" : " ",
        "PMNTN_LT" : 1.65,
        "PMNTN_DFFL" : "쉬움",
        "PMNTN_UPPL" : 29,
        "PMNTN_GODN" : 20,
        "PMNTN_MTRQ" : "암석/목재",
        "PMNTN_CNRL" : " ",
        "PMNTN_CLS_" : " ",
        "PMNTN_RISK" : " ",
        "PMNTN_RECO" : " ",
        "DATA_STDR_" : "2016-12-31",
        "MNTN_ID" : "116200604"
      },
      "geometry" : {
        "paths" : [
          [
            [
              194743.33440000098,
              537483.10820000246
            ],
            [
              194741.92090000026,
              537486.66649999842
            ],
            [
              194740.36790000275,
              537489.5341000054
            ],
            [
              194737.9562999988,
              537492.31080000289
            ],
            [
              194734.44570000097,
              537494.2555000037
            ],
            [
              194730.97410000116,
              537495.13430000097
            ],
            [
              194726.23340000119,
              537495.52560000122
            ],
            [
              194716.63270000275,
              537495.5073000025
            ],
            [
              194712.93190000113,
              537495.66420000233
            ],
            [
              194705.3878000034,
              537495.87170000747
            ],
            [
              194688.6127000032,
              537496.71400000155
            ],
            [
              194684.47279999964,
              537496.82579999976
            ],
            [
              194680.74560000002,
              537497.16760000028
            ],
            [
              194674.73229999933,
              537498.16250000149
            ],
            [
              194668.14870000072,
              537499.6791999992
            ],
            [
              194661.00260000117,
              537501.68370000273
            ],
            [
              194649.55530000664,
              537503.58620000258
            ],
            [
              194636.88920000102,
              537507.45800000057
            ],
            [
              194632.77180000488,
              537507.64230000786
            ],
            [
              194629.37459999975,
              537510.71220000088
            ],
            [
              194623.90310000069,
              537513.54719999991
            ],
            [
              194621.82800000347,
              537515.46930000186
            ],
            [
              194620.89620000217,
              537519.26320000365
            ],
            [
              194622.76410000026,
              537529.2694000043
            ],
            [
              194622.1380000012,
              537535.22990000807
            ],
            [
              194620.83780000079,
              537540.22580000013
            ],
            [
              194617.21150000021,
              537545.42450000159
            ],
            [
              194615.8143000016,
              537548.19020001031
            ],
            [
              194613.62229999993,
              537550.43610000238
            ],
            [
              194609.71289999969,
              537551.69530000165
            ],
            [
              194605.26290000044,
              537551.84050000459
            ],
            [
              194597.60010000225,
              537552.91120000184
            ],
            [
              194594.35790000577,
              537552.81450000219
            ],
            [
              194578.88690000027,
              537552.54240000062
            ],
            [
              194572.57220000122,
              537552.81450000778
            ],
            [
              194565.81979999971,
              537553.67940000631
            ],
            [
              194559.11290000007,
              537554.95790000446
            ],
            [
              194554.20210000407,
              537556.65939999931
            ],
            [
              194546.56830000412,
              537562.01149999723
            ],
            [
              194545.32399999909,
              537567.78520000167
            ],
            [
              194544.57910000347,
              537573.50570000894
            ],
            [
              194544.33370000031,
              537579.17310000025
            ],
            [
              194544.8523000069,
              537586.13159999996
            ],
            [
              194546.28029999975,
              537590.72220000066
            ],
            [
              194551.8956000004,
              537602.13150000013
            ],
            [
              194553.36319999956,
              537605.75790000148
            ],
            [
              194553.33059999999,
              537609.16480000317
            ],
            [
              194550.06680000108,
              537611.26339999959
            ],
            [
              194546.5560000008,
              537611.52510000207
            ],
            [
              194542.78600000124,
              537611.2631000001
            ],
            [
              194539.63650000282,
              537610.53430000134
            ],
            [
              194540.13219999988,
              537617.0177000016
            ],
            [
              194540.29739999957,
              537623.47000000253
            ],
            [
              194540.13219999988,
              537629.89110000059
            ],
            [
              194539.63650000002,
              537636.28099999949
            ],
            [
              194538.92680000328,
              537642.05550000258
            ],
            [
              194538.03710000031,
              537647.40610000119
            ],
            [
              194536.95560000651,
              537652.40269999951
            ],
            [
              194535.67540000193,
              537657.07640000246
            ],
            [
              194534.02680000197,
              537663.12310000136
            ],
            [
              194532.5998999998,
              537666.93890000135
            ],
            [
              194530.10310000088,
              537670.457100017
            ],
            [
              194529.13540000096,
              537674.37690000236
            ],
            [
              194527.57780000381,
              537680.40790001303
            ],
            [
              194525.7089999998,
              537687.46360000223
            ],
            [
              194518.89320000075,
              537693.65179999918
            ],
            [
              194512.89950000215,
              537697.67710000277
            ],
            [
              194513.03890000097,
              537711.85990000144
            ],
            [
              194512.89950000029,
              537716.49200000241
            ],
            [
              194512.5736999996,
              537719.59439999983
            ],
            [
              194511.98330000043,
              537723.0420000013
            ],
            [
              194514.1342000002,
              537734.59129999951
            ],
            [
              194508.10640000273,
              537741.81230000034
            ],
            [
              194507.94820000138,
              537745.20950000361
            ],
            [
              194508.13499999978,
              537748.46310000308
            ],
            [
              194508.67850000411,
              537752.02150000073
            ],
            [
              194509.60660000425,
              537756.08419999853
            ],
            [
              194512.88740000315,
              537768.39599999972
            ],
            [
              194513.59350000322,
              537772.34860000014
            ],
            [
              194513.88970000204,
              537775.9076000005
            ],
            [
              194513.7508000005,
              537779.49810000136
            ],
            [
              194512.73120000493,
              537789.48320000246
            ],
            [
              194512.89950000029,
              537792.74200000241
            ],
            [
              194513.86570000183,
              537796.41650001891
            ],
            [
              194515.69810000062,
              537800.32290000282
            ],
            [
              194517.96210000105,
              537803.94840000011
            ],
            [
              194524.62339999992,
              537809.48159999959
            ],
            [
              194527.2806000011,
              537814.24960000813
            ],
            [
              194531.82670000196,
              537824.28310001828
            ],
            [
              194534.66300000157,
              537830.96269999817
            ],
            [
              194536.99660000205,
              537837.12509999797
            ],
            [
              194538.7890999997,
              537842.73820001632
            ],
            [
              194540.14419999998,
              537848.20839999989
            ],
            [
              194540.98380000051,
              537853.33900000155
            ],
            [
              194541.31659999955,
              537858.18420000188
            ],
            [
              194541.14420000836,
              537862.77230000682
            ],
            [
              194540.39410000201,
              537867.14159999974
            ],
            [
              194538.91610000096,
              537871.95759999938
            ],
            [
              194537.02450000308,
              537876.64260001853
            ],
            [
              194532.84260000195,
              537891.71740000136
            ],
            [
              194531.49420000147,
              537895.25189999864
            ],
            [
              194530.49579999968,
              537898.45890000835
            ],
            [
              194529.41480000224,
              537902.9619999975
            ],
            [
              194528.48540000059,
              537907.97050000541
            ],
            [
              194526.54790000059,
              537930.35840000212
            ],
            [
              194525.62970000226,
              537935.7611999996
            ],
            [
              194524.56710000057,
              537940.54510000348
            ],
            [
              194522.41840000264,
              537952.29319999926
            ],
            [
              194520.90290000197,
              537960.34430002049
            ],
            [
              194519.48139999993,
              537966.98850000463
            ],
            [
              194516.0045000026,
              537971.61989999935
            ],
            [
              194509.02710000053,
              537975.38729999959
            ],
            [
              194505.1568,
              537978.64770000055
            ],
            [
              194500.8041000003,
              537981.53480000049
            ],
            [
              194496.85250000469,
              537983.87800000049
            ],
            [
              194490.42490000091,
              537986.1484999992
            ],
            [
              194488.63830000069,
              538009.66720000096
            ],
            [
              194488.20830000099,
              538020.36400000006
            ],
            [
              194487.99830000196,
              538032.4465000052
            ],
            [
              194489.7117999997,
              538047.38070000149
            ],
            [
              194496.3059000019,
              538062.04770000093
            ],
            [
              194496.58849999961,
              538062.67619999684
            ],
            [
              194495.68450000137,
              538066.87360000238
            ],
            [
              194489.79590000026,
              538083.52540000156
            ],
            [
              194499.96090000216,
              538099.56090000086
            ],
            [
              194500.49280000292,
              538108.67290000059
            ],
            [
              194500.4120000042,
              538116.56269999966
            ],
            [
              194493.32780000288,
              538123.47770000063
            ],
            [
              194492.73529999983,
              538133.75629999489
            ],
            [
              194498.43430000078,
              538138.50300000235
            ],
            [
              194504.58270000014,
              538140.85850000195
            ],
            [
              194509.02070000209,
              538161.20300001651
            ],
            [
              194510.50900000148,
              538181.54950000532
            ],
            [
              194512.66940000094,
              538194.36549999937
            ],
            [
              194514.15590000432,
              538202.97399999574
            ],
            [
              194513.09510000143,
              538212.56300000101
            ],
            [
              194510.53780000191,
              538237.73179999553
            ],
            [
              194500.23420000076,
              538250.51689999923
            ],
            [
              194495.81760000251,
              538268.49820001051
            ],
            [
              194491.99940000474,
              538289.58690001816
            ],
            [
              194488.03450000007,
              538306.47260000184
            ],
            [
              194481.51970000193,
              538314.09570000134
            ],
            [
              194480.02109999955,
              538326.34669999965
            ],
            [
              194478.16459999979,
              538336.95130000077
            ],
            [
              194476.70200000051,
              538355.44990001805
            ],
            [
              194482.73800000083,
              538368.62810000032
            ],
            [
              194486.64510000125,
              538379.68449999951
            ],
            [
              194484.20949999988,
              538397.88269999996
            ],
            [
              194480.25120000076,
              538410.16810000688
            ],
            [
              194472.31790000014,
              538416.49510000274
            ],
            [
              194478.22830000333,
              538433.13910000212
            ],
            [
              194479.70370000415,
              538449.54099999927
            ],
            [
              194487.06709999964,
              538468.47590000182
            ],
            [
              194485.23030000087,
              538484.66550000384
            ],
            [
              194491.14060000144,
              538501.30949999765
            ],
            [
              194479.77660000138,
              538544.12420000508
            ],
            [
              194465.03950000089,
              538560.78189999983
            ],
            [
              194457.67530000117,
              538575.58500000834
            ],
            [
              194460.63599999994,
              538592.23090000264
            ],
            [
              194453.28409999888,
              538625.53160000034
            ],
            [
              194458.28830000199,
              538646.05250000022
            ],
            [
              194471.25440000277,
              538663.57170000672
            ],
            [
              194479.23840000201,
              538671.57120000012
            ],
            [
              194495.3898,
              538681.13480000012
            ],
            [
              194502.40090000257,
              538690.0251000002
            ],
            [
              194526.03040000331,
              538739.95329999551
            ],
            [
              194531.52470000554,
              538749.59890000522
            ],
            [
              194543.91770000104,
              538753.80240000039
            ],
            [
              194551.23380000144,
              538759.67410000414
            ],
            [
              194556.16179999989,
              538768.95209999941
            ],
            [
              194563.72540000081,
              538779.65180000104
            ],
            [
              194569.87320000026,
              538798.30150001496
            ],
            [
              194581.71540000103,
              538815.97330000438
            ],
            [
              194588.15330000129,
              538830.77050000243
            ]
          ]
        ]
      }
    },
    {
      "attributes" : {
        "FID" : 1,
        "PMNTN_SN" : 4401,
        "MNTN_CODE" : "116200604",
        "MNTN_NM" : "관악산446봉기점",
        "PMNTN_NM" : "신림동구간",
        "PMNTN_MAIN" : " ",
        "PMNTN_LT" : 1.17,
        "PMNTN_DFFL" : "쉬움",
        "PMNTN_UPPL" : 21,
        "PMNTN_GODN" : 14,
        "PMNTN_MTRQ" : " ",
        "PMNTN_CNRL" : " ",
        "PMNTN_CLS_" : " ",
        "PMNTN_RISK" : " ",
        "PMNTN_RECO" : " ",
        "DATA_STDR_" : "2016-12-31",
        "MNTN_ID" : "116200604"
      },
      "geometry" : {
        "paths" : [
          [
            [
              195321.32160000131,
              538597.627700001
            ],
            [
              195316.14790000208,
              538604.6371000018
            ],
            [
              195292.70760000125,
              538618.89890000224
            ],
            [
              195288.9178000018,
              538631.91250000149
            ],
            [
              195292.41029999964,
              538640.08590000309
            ],
            [
              195297.5987000009,
              538648.31260000356
            ],
            [
              195297.66170000099,
              538663.99220000021
            ],
            [
              195290.37320000306,
              538674.4682
            ],
            [
              195285.00330000184,
              538690.86060000025
            ],
            [
              195275.61620000377,
              538694.25570000149
            ],
            [
              195267.41790000163,
              538704.56980000064
            ],
            [
              195251.19940000121,
              538711.97809999995
            ],
            [
              195239.40860000066,
              538724.93319999985
            ],
            [
              195196.63680000324,
              538719.40850000456
            ],
            [
              195168.61060000025,
              538710.17569999956
            ],
            [
              195146.86029999983,
              538707.11820000224
            ],
            [
              195129.43420000002,
              538704.66860000044
            ],
            [
              195119.61520000082,
              538709.90860000439
            ],
            [
              195107.82350000273,
              538721.01410000026
            ],
            [
              195096.06060000043,
              538735.58610000275
            ],
            [
              195087.52469999902,
              538756.4673999995
            ],
            [
              195082.22220000066,
              538791.07800000161
            ],
            [
              195074.86039999872,
              538811.42980000004
            ],
            [
              195068.82130000275,
              538820.57769999839
            ],
            [
              195058.21170000266,
              538825.00360000134
            ],
            [
              195058.93039999995,
              538838.13390000351
            ],
            [
              195061.04270000011,
              538849.49870000035
            ],
            [
              195052.62540000025,
              538858.67129999958
            ],
            [
              195046.60580000095,
              538872.48200000264
            ],
            [
              195038.0932,
              538907.34940000251
            ],
            [
              195036.81640000176,
              538927.07210000046
            ],
            [
              195040.71560000349,
              538934.59260000288
            ],
            [
              195033.27700000256,
              538968.66860000044
            ],
            [
              195033.2890999997,
              538989.01600000262
            ],
            [
              195034.69940000027,
              539003.31830000132
            ],
            [
              195039.89510000031,
              539018.9263000004
            ],
            [
              195041.97720000055,
              539043.20850000158
            ],
            [
              195040.4737000009,
              539074.73750000261
            ],
            [
              195040.53770000301,
              539102.40200000256
            ],
            [
              195043.49920000136,
              539122.74770000018
            ],
            [
              195037.61249999981,
              539143.09860000573
            ],
            [
              195036.16970000044,
              539196.74290000461
            ],
            [
              195028.81170000043,
              539222.64400000125
            ],
            [
              195040.66729999986,
              539246.67210000195
            ],
            [
              195047.28110000025,
              539261.71209999919
            ],
            [
              195053.03300000075,
              539284.43779999949
            ],
            [
              195056.02040000353,
              539296.89620000124
            ],
            [
              195067.21059999987,
              539318.80930000171
            ],
            [
              195069.65229999926,
              539338.43329999968
            ],
            [
              195080.08000000287,
              539343.65980000049
            ],
            [
              195076.35099999979,
              539355.80620000139
            ],
            [
              195083.9625000013,
              539375.32120000198
            ],
            [
              195089.99890000187,
              539388.00990000181
            ],
            [
              195093.14560000133,
              539399.14470000193
            ],
            [
              195108.99390000198,
              539420.61060000211
            ],
            [
              195119.19159999955,
              539440.05680000223
            ],
            [
              195125.10200000089,
              539460.40080000274
            ],
            [
              195129.07890000008,
              539470.99940000102
            ],
            [
              195129.24210000131,
              539481.55250000022
            ],
            [
              195135.15259999875,
              539501.89660000242
            ],
            [
              195134.47450000048,
              539513.63599999994
            ],
            [
              195130.11710000131,
              539525.43999999948
            ]
          ]
        ]
      }
    },
    {
      "attributes" : {
        "FID" : 2,
        "PMNTN_SN" : 4402,
        "MNTN_CODE" : "116200604",
        "MNTN_NM" : "관악산446봉기점",
        "PMNTN_NM" : "신림동구간",
        "PMNTN_MAIN" : " ",
        "PMNTN_LT" : 0.05,
        "PMNTN_DFFL" : "쉬움",
        "PMNTN_UPPL" : 1,
        "PMNTN_GODN" : 1,
        "PMNTN_MTRQ" : " ",
        "PMNTN_CNRL" : " ",
        "PMNTN_CLS_" : " ",
        "PMNTN_RISK" : " ",
        "PMNTN_RECO" : " ",
        "DATA_STDR_" : "2016-12-31",
        "MNTN_ID" : "116200604"
      },
      "geometry" : {
        "paths" : [
          [
            [
              195055.47360000014,
              539420.55350000411
            ],
            [
              195004.06960000377,
              539404.98729999922
            ]
          ]
        ]
      }
    },
    {
      "attributes" : {
        "FID" : 3,
        "PMNTN_SN" : 4403,
        "MNTN_CODE" : "116200604",
        "MNTN_NM" : "관악산446봉기점",
        "PMNTN_NM" : "신림동구간",
        "PMNTN_MAIN" : " ",
        "PMNTN_LT" : 0.22,
        "PMNTN_DFFL" : "쉬움",
        "PMNTN_UPPL" : 4,
        "PMNTN_GODN" : 3,
        "PMNTN_MTRQ" : " ",
        "PMNTN_CNRL" : " ",
        "PMNTN_CLS_" : " ",
        "PMNTN_RISK" : " ",
        "PMNTN_RECO" : " ",
        "DATA_STDR_" : "2016-12-31",
        "MNTN_ID" : "116200604"
      },
      "geometry" : {
        "paths" : [
          [
            [
              194588.15330000129,
              538830.77050000243
            ],
            [
              194585.80160000082,
              538845.78879999742
            ],
            [
              194589.15840000007,
              538858.75210000202
            ],
            [
              194597.69810000248,
              538865.28660000116
            ],
            [
              194596.50010000076,
              538873.30660000071
            ],
            [
              194587.13210000098,
              538876.46330000088
            ],
            [
              194583.65060000215,
              538884.40720000304
            ],
            [
              194583.14020000305,
              538893.62600000389
            ],
            [
              194576.79810000025,
              538897.99560000189
            ],
            [
              194573.18600000162,
              538908.14400000125
            ],
            [
              194571.13360000309,
              538923.26200000383
            ],
            [
              194572.40699999966,
              538933.62400000542
            ],
            [
              194571.47630000021,
              538945.46380000003
            ],
            [
              194565.86590000149,
              538961.81269999966
            ],
            [
              194559.78339999914,
              538972.67100000195
            ],
            [
              194555.39740000013,
              538976.35119999945
            ],
            [
              194545.65940000303,
              538990.18840000033
            ],
            [
              194537.89630000107,
              538998.01440000348
            ],
            [
              194537.59850000124,
              539008.37810000218
            ],
            [
              194543.94010000117,
              539012.56530000083
            ],
            [
              194548.05610000249,
              539020.57050000131
            ]
          ]
        ]
      }
    },
    {
      "attributes" : {
        "FID" : 4,
        "PMNTN_SN" : 4404,
        "MNTN_CODE" : "116200604",
        "MNTN_NM" : "관악산446봉기점",
        "PMNTN_NM" : "신림동구간",
        "PMNTN_MAIN" : " ",
        "PMNTN_LT" : 0.18,
        "PMNTN_DFFL" : "쉬움",
        "PMNTN_UPPL" : 3,
        "PMNTN_GODN" : 2,
        "PMNTN_MTRQ" : " ",
        "PMNTN_CNRL" : " ",
        "PMNTN_CLS_" : " ",
        "PMNTN_RISK" : " ",
        "PMNTN_RECO" : " ",
        "DATA_STDR_" : "2016-12-31",
        "MNTN_ID" : "116200604"
      },
      "geometry" : {
        "paths" : [
          [
            [
              194649.6174000008,
              538913.96729999967
            ],
            [
              194651.33830000088,
              538923.04880000092
            ],
            [
              194655.18149999995,
              538927.4552000016
            ],
            [
              194656.12790000159,
              538933.72990000434
            ],
            [
              194659.95730000082,
              538939.8574000001
            ],
            [
              194657.01610000338,
              538952.80760000087
            ],
            [
              194653.88800000027,
              538956.75669999979
            ],
            [
              194648.99580000248,
              538962.93300000019
            ],
            [
              194641.23350000009,
              538965.19910000265
            ],
            [
              194634.2443000013,
              538966.95580000244
            ],
            [
              194626.05610000063,
              538967.62570000254
            ],
            [
              194621.03340000007,
              538971.71710000187
            ],
            [
              194617.21600000095,
              538980.57980000041
            ],
            [
              194616.65310000069,
              538987.50810000114
            ],
            [
              194615.65750000346,
              538993.62409999967
            ],
            [
              194612.8049000008,
              539000.93009999953
            ],
            [
              194613.23180000018,
              539004.6761000026
            ],
            [
              194615.44150000066,
              539009.02880000137
            ],
            [
              194615.34790000133,
              539015.73289999738
            ],
            [
              194612.16560000274,
              539019.30289999954
            ],
            [
              194608.03800000064,
              539022.81560000218
            ],
            [
              194605.04839999974,
              539027.89100000076
            ],
            [
              194609.88130000047,
              539033.8927000016
            ],
            [
              194610.57490000036,
              539041.35410000384
            ],
            [
              194599.56350000203,
              539049.03270000219
            ]
          ]
        ]
      }
    },
    {
      "attributes" : {
        "FID" : 5,
        "PMNTN_SN" : 4405,
        "MNTN_CODE" : "116200604",
        "MNTN_NM" : "관악산446봉기점",
        "PMNTN_NM" : "신림동구간",
        "PMNTN_MAIN" : " ",
        "PMNTN_LT" : 0.53,
        "PMNTN_DFFL" : "쉬움",
        "PMNTN_UPPL" : 9,
        "PMNTN_GODN" : 7,
        "PMNTN_MTRQ" : " ",
        "PMNTN_CNRL" : " ",
        "PMNTN_CLS_" : " ",
        "PMNTN_RISK" : " ",
        "PMNTN_RECO" : " ",
        "DATA_STDR_" : "2016-12-31",
        "MNTN_ID" : "116200604"
      },
      "geometry" : {
        "paths" : [
          [
            [
              194659.50390000176,
              539080.21680000238
            ],
            [
              194668.79750000127,
              539073.66010000184
            ],
            [
              194676.44940000307,
              539073.89250000007
            ],
            [
              194683.82910000067,
              539070.8013000004
            ],
            [
              194691.00580000039,
              539063.77210000344
            ],
            [
              194715.44430000242,
              539093.87800000049
            ],
            [
              194721.93990000058,
              539094.30440000258
            ],
            [
              194727.24670000281,
              539101.2696999982
            ],
            [
              194727.70170000102,
              539107.21040000021
            ],
            [
              194728.85340000037,
              539114.22710000165
            ],
            [
              194734.94040000346,
              539120.80920000374
            ],
            [
              194737.87930000015,
              539131.86240000091
            ],
            [
              194743.35640000086,
              539133.29140000045
            ],
            [
              194747.20790000074,
              539137.20740000159
            ],
            [
              194755.10930000059,
              539145.10209999979
            ],
            [
              194766.74760000035,
              539152.54000000283
            ],
            [
              194778.08410000149,
              539153.34549999982
            ],
            [
              194781.97510000225,
              539158.95740000531
            ],
            [
              194781.03090000059,
              539171.00190000236
            ],
            [
              194787.19499999937,
              539175.73309999891
            ],
            [
              194791.91979999933,
              539176.55080000125
            ],
            [
              194797.12220000103,
              539184.48100000061
            ],
            [
              194804.94730000012,
              539187.51339999959
            ],
            [
              194810.35270000249,
              539201.23670000024
            ],
            [
              194821.14989999961,
              539207.58630000427
            ],
            [
              194827.07170000114,
              539221.42160000466
            ],
            [
              194838.58320000209,
              539233.85820000805
            ],
            [
              194855.20780000091,
              539244.58740000054
            ],
            [
              194866.37380000018,
              539255.3478000015
            ],
            [
              194876.24770000204,
              539258.30950000323
            ],
            [
              194884.48010000028,
              539263.65389999934
            ],
            [
              194887.00480000023,
              539268.9795000013
            ],
            [
              194891.60350000206,
              539268.08320000209
            ],
            [
              194896.44330000039,
              539273.51789999753
            ],
            [
              194900.77130000107,
              539278.76259999909
            ],
            [
              194911.27720000036,
              539292.71640000306
            ],
            [
              194922.52260000072,
              539298.97629999928
            ],
            [
              194925.63450000063,
              539306.86130000278
            ],
            [
              194937.44360000081,
              539326.28610000387
            ],
            [
              194960.56700000074,
              539350.96570000239
            ],
            [
              194965.96590000298,
              539362.46220000274
            ],
            [
              194980.23590000067,
              539370.6547000017
            ],
            [
              194989.45250000246,
              539379.3729000017
            ],
            [
              194998.215499999,
              539390.01250000112
            ],
            [
              195004.06960000377,
              539404.98729999922
            ]
          ]
        ]
      }
    },
    {
      "attributes" : {
        "FID" : 6,
        "PMNTN_SN" : 4406,
        "MNTN_CODE" : "116200604",
        "MNTN_NM" : "관악산446봉기점",
        "PMNTN_NM" : "신림동구간",
        "PMNTN_MAIN" : " ",
        "PMNTN_LT" : 0.59,
        "PMNTN_DFFL" : "쉬움",
        "PMNTN_UPPL" : 13,
        "PMNTN_GODN" : 9,
        "PMNTN_MTRQ" : " ",
        "PMNTN_CNRL" : " ",
        "PMNTN_CLS_" : " ",
        "PMNTN_RISK" : " ",
        "PMNTN_RECO" : " ",
        "DATA_STDR_" : "2016-12-31",
        "MNTN_ID" : "116200604"
      },
      "geometry" : {
        "paths" : [
          [
            [
              194743.33440000098,
              537483.10820000246
            ],
            [
              194756.62420000322,
              537477.27800000273
            ],
            [
              194761.23430000059,
              537469.88299999945
            ],
            [
              194765.47699999996,
              537465.5008000005
            ],
            [
              194767.49570000451,
              537460.84310000204
            ],
            [
              194773.49780000187,
              537455.60529999994
            ],
            [
              194782.90530000068,
              537452.56680000201
            ],
            [
              194791.66619999986,
              537456.03750000149
            ],
            [
              194795.91380000487,
              537462.41510000266
            ],
            [
              194801.7880000053,
              537464.68019999936
            ],
            [
              194805.03960000444,
              537467.35109999962
            ],
            [
              194805.06630000193,
              537478.95550000295
            ],
            [
              194799.26989999972,
              537485.2379999999
            ],
            [
              194793.70840000175,
              537492.04640000127
            ],
            [
              194796.6091,
              537499.470900001
            ],
            [
              194803.00710000191,
              537504.31170000508
            ],
            [
              194805.06479999982,
              537510.1481999997
            ],
            [
              194808.09540000092,
              537523.36259999871
            ],
            [
              194815.31039999984,
              537535.49630000256
            ],
            [
              194821.61490000132,
              537545.68820000254
            ],
            [
              194821.38490000274,
              537558.03659999929
            ],
            [
              194827.26580000482,
              537564.08880000189
            ],
            [
              194836.07770000491,
              537569.0689000003
            ],
            [
              194839.04140000325,
              537591.26430000179
            ],
            [
              194844.95050000213,
              537606.05870000459
            ],
            [
              194844.96300000045,
              537626.40620000102
            ],
            [
              194852.34700000007,
              537641.19970000163
            ],
            [
              194856.78330000211,
              537659.69469999894
            ],
            [
              194865.64570000395,
              537680.03659999743
            ],
            [
              194875.2424999997,
              537686.97570000403
            ],
            [
              194878.88250000123,
              537692.83230000176
            ],
            [
              194886.10029999912,
              537702.06870000437
            ],
            [
              194897.26610000059,
              537707.79030000232
            ],
            [
              194902.09080000035,
              537714.37079999968
            ],
            [
              194910.2435000008,
              537719.24250000156
            ],
            [
              194919.27940000035,
              537724.95850000158
            ],
            [
              194924.67700000107,
              537733.64360000007
            ],
            [
              194939.43220000062,
              537742.88360000215
            ],
            [
              194961.56989999861,
              537765.0672999993
            ],
            [
              194971.90450000111,
              537781.70900000073
            ],
            [
              194989.61060000304,
              537792.79690000042
            ],
            [
              194999.47470000014,
              537803.3451000005
            ],
            [
              195013.0250000013,
              537810.04089999944
            ],
            [
              195025.7547000004,
              537820.83720000088
            ],
            [
              195032.40940000024,
              537835.31589999981
            ],
            [
              195036.87890000176,
              537841.03450000286
            ],
            [
              195047.28400000092,
              537845.24840000086
            ],
            [
              195055.02290000487,
              537847.80680000409
            ],
            [
              195066.34610000066,
              537857.49300000072
            ]
          ]
        ]
      }
    },
    {
      "attributes" : {
        "FID" : 7,
        "PMNTN_SN" : 4407,
        "MNTN_CODE" : "116200604",
        "MNTN_NM" : "관악산446봉기점",
        "PMNTN_NM" : "신림동구간",
        "PMNTN_MAIN" : " ",
        "PMNTN_LT" : 0.72,
        "PMNTN_DFFL" : "쉬움",
        "PMNTN_UPPL" : 13,
        "PMNTN_GODN" : 9,
        "PMNTN_MTRQ" : " ",
        "PMNTN_CNRL" : " ",
        "PMNTN_CLS_" : " ",
        "PMNTN_RISK" : " ",
        "PMNTN_RECO" : " ",
        "DATA_STDR_" : "2016-12-31",
        "MNTN_ID" : "116200604"
      },
      "geometry" : {
        "paths" : [
          [
            [
              194548.05610000249,
              539020.57050000131
            ],
            [
              194550.53470000159,
              539035.36020000093
            ],
            [
              194549.06940000132,
              539044.10040000081
            ],
            [
              194543.5252000019,
              539050.91890000179
            ],
            [
              194535.49529999867,
              539047.64690000005
            ],
            [
              194530.26340000145,
              539046.88030000217
            ],
            [
              194526.87500000093,
              539049.0893000029
            ],
            [
              194524.04960000142,
              539054.53970000148
            ],
            [
              194520.14020000119,
              539062.65230000019
            ],
            [
              194510.89590000082,
              539069.61040000245
            ],
            [
              194503.97210000083,
              539075.17370000109
            ],
            [
              194496.35360000189,
              539080.54619999975
            ],
            [
              194477.19330000132,
              539097.20680000447
            ],
            [
              194469.57420000061,
              539106.14390000142
            ],
            [
              194452.26530000288,
              539114.55980000086
            ],
            [
              194428.46800000034,
              539121.79939999804
            ],
            [
              194419.68200000096,
              539122.17500000075
            ],
            [
              194411.39850000013,
              539122.73750000261
            ],
            [
              194401.70320000406,
              539128.87070000172
            ],
            [
              194391.95029999875,
              539135.09950000048
            ],
            [
              194376.94639999978,
              539147.21759999916
            ],
            [
              194376.53700000048,
              539157.27380000241
            ],
            [
              194371.1798000019,
              539165.11810000241
            ],
            [
              194366.59720000159,
              539174.82540000044
            ],
            [
              194370.92399999965,
              539186.82590000331
            ],
            [
              194369.52130000014,
              539202.18670000322
            ],
            [
              194366.67590000108,
              539224.91489999928
            ],
            [
              194360.32130000181,
              539242.94320000149
            ],
            [
              194351.12810000032,
              539254.3358000014
            ],
            [
              194350.75560000353,
              539263.99480000138
            ],
            [
              194361.944000002,
              539278.41069999896
            ],
            [
              194365.67489999905,
              539287.92620000429
            ],
            [
              194365.25130000245,
              539298.90670000017
            ],
            [
              194356.40440000035,
              539300.76240000129
            ],
            [
              194337.23110000137,
              539297.07590000331
            ],
            [
              194318.06150000077,
              539298.93870000169
            ],
            [
              194309.20080000069,
              539280.44710000232
            ],
            [
              194291.49830000196,
              539271.21030000038
            ],
            [
              194269.37679999974,
              539269.37570000067
            ],
            [
              194229.53850000072,
              539237.95710000582
            ],
            [
              194205.94089999981,
              539234.27389999852
            ],
            [
              194184.44450000208,
              539233.64729999937
            ],
            [
              194157.28130000085,
              539241.70700000226
            ],
            [
              194138.10900000017,
              539239.87069999985
            ],
            [
              194118.14300000295,
              539236.84150000103
            ],
            [
              194096.52520000096,
              539227.26940000243
            ],
            [
              194074.67890000343,
              539214.01880000159
            ]
          ]
        ]
      }
    },
    {
      "attributes" : {
        "FID" : 8,
        "PMNTN_SN" : 4408,
        "MNTN_CODE" : "116200604",
        "MNTN_NM" : "관악산446봉기점",
        "PMNTN_NM" : "신림동구간",
        "PMNTN_MAIN" : " ",
        "PMNTN_LT" : 0.07,
        "PMNTN_DFFL" : "쉬움",
        "PMNTN_UPPL" : 1,
        "PMNTN_GODN" : 1,
        "PMNTN_MTRQ" : " ",
        "PMNTN_CNRL" : " ",
        "PMNTN_CLS_" : " ",
        "PMNTN_RISK" : " ",
        "PMNTN_RECO" : " ",
        "DATA_STDR_" : "2016-12-31",
        "MNTN_ID" : "116200604"
      },
      "geometry" : {
        "paths" : [
          [
            [
              194599.56350000203,
              539049.03270000219
            ],
            [
              194595.13460000139,
              539041.63650000095
            ],
            [
              194597.27280000132,
              539035.38780000247
            ],
            [
              194594.667600004,
              539030.78329999931
            ],
            [
              194589.56549999956,
              539029.19660000131
            ],
            [
              194582.02370000072,
              539030.25410000235
            ],
            [
              194573.65870000049,
              539027.9542999994
            ],
            [
              194568.408400001,
              539023.99840000272
            ],
            [
              194564.68850000016,
              539018.14140000008
            ],
            [
              194557.99029999971,
              539018.24670000747
            ],
            [
              194552.78600000124,
              539021.46880000271
            ],
            [
              194548.05610000249,
              539020.57050000131
            ]
          ]
        ]
      }
    },
    {
      "attributes" : {
        "FID" : 9,
        "PMNTN_SN" : 4409,
        "MNTN_CODE" : "116200604",
        "MNTN_NM" : "관악산446봉기점",
        "PMNTN_NM" : "신림동구간",
        "PMNTN_MAIN" : " ",
        "PMNTN_LT" : 0.1,
        "PMNTN_DFFL" : "쉬움",
        "PMNTN_UPPL" : 2,
        "PMNTN_GODN" : 1,
        "PMNTN_MTRQ" : "암석/목재",
        "PMNTN_CNRL" : " ",
        "PMNTN_CLS_" : " ",
        "PMNTN_RISK" : " ",
        "PMNTN_RECO" : " ",
        "DATA_STDR_" : "2016-12-31",
        "MNTN_ID" : "116200604"
      },
      "geometry" : {
        "paths" : [
          [
            [
              194588.15330000129,
              538830.77050000243
            ],
            [
              194588.15330000129,
              538830.77050000243
            ],
            [
              194602.378800001,
              538841.85669999942
            ],
            [
              194624.52649999969,
              538882.53729999997
            ],
            [
              194649.6174000008,
              538913.96729999967
            ]
          ]
        ]
      }
    },
    {
      "attributes" : {
        "FID" : 10,
        "PMNTN_SN" : 4410,
        "MNTN_CODE" : "116200604",
        "MNTN_NM" : "관악산446봉기점",
        "PMNTN_NM" : "신림동구간",
        "PMNTN_MAIN" : " ",
        "PMNTN_LT" : 0.7,
        "PMNTN_DFFL" : "쉬움",
        "PMNTN_UPPL" : 12,
        "PMNTN_GODN" : 9,
        "PMNTN_MTRQ" : "암석/목재",
        "PMNTN_CNRL" : " ",
        "PMNTN_CLS_" : " ",
        "PMNTN_RISK" : " ",
        "PMNTN_RECO" : " ",
        "DATA_STDR_" : "2016-12-31",
        "MNTN_ID" : "116200604"
      },
      "geometry" : {
        "paths" : [
          [
            [
              194649.6174000008,
              538913.96729999967
            ],
            [
              194665.84680000413,
              538925.05550000072
            ],
            [
              194716.0150000006,
              538967.56819999963
            ],
            [
              194732.24300000351,
              538976.8067000024
            ],
            [
              194745.52380000055,
              538989.74680000544
            ],
            [
              194773.56229999941,
              539019.32550000027
            ],
            [
              194794.22699999996,
              539048.90880000219
            ],
            [
              194823.74330000021,
              539084.03610000387
            ],
            [
              194870.96260000113,
              539130.25120000169
            ],
            [
              194897.51870000083,
              539148.73249999993
            ],
            [
              194918.17030000035,
              539157.96880000271
            ],
            [
              194943.24250000156,
              539161.65310000069
            ],
            [
              194963.89610000141,
              539174.58899999969
            ],
            [
              194983.0773,
              539191.2254000064
            ],
            [
              194996.35960000101,
              539207.86530000158
            ],
            [
              195013.40550000127,
              539254.75570000149
            ],
            [
              195018.82100000419,
              539264.57239999995
            ],
            [
              195020.29700000025,
              539274.42710000277
            ],
            [
              195020.22900000121,
              539285.61860000156
            ],
            [
              195022.82500000019,
              539293.79230000265
            ],
            [
              195026.83490000386,
              539299.19500000216
            ],
            [
              195030.23350000102,
              539306.78769999929
            ],
            [
              195029.66170000285,
              539315.16080000065
            ],
            [
              195028.87019999977,
              539320.68180000037
            ],
            [
              195027.80030000396,
              539324.63629999943
            ],
            [
              195024.82079999987,
              539327.49280000292
            ],
            [
              195023.15130000189,
              539332.88790000416
            ],
            [
              195024.45610000379,
              539337.33230000176
            ],
            [
              195023.56790000014,
              539342.55130000412
            ],
            [
              195024.26059999969,
              539348.93700000085
            ],
            [
              195026.37640000135,
              539357.5783000011
            ],
            [
              195030.3300999999,
              539363.61110000312
            ],
            [
              195030.79540000018,
              539368.4982000012
            ],
            [
              195028.93639999907,
              539373.54150000401
            ],
            [
              195024.14190000389,
              539375.6202000007
            ],
            [
              195023.06000000145,
              539380.64420000277
            ],
            [
              195027.83680000249,
              539384.90000000037
            ],
            [
              195035.36370000057,
              539392.12659999914
            ],
            [
              195043.66520000063,
              539402.06290000491
            ],
            [
              195055.47360000014,
              539420.55350000411
            ]
          ]
        ]
      }
    },
    {
      "attributes" : {
        "FID" : 11,
        "PMNTN_SN" : 4411,
        "MNTN_CODE" : "116200604",
        "MNTN_NM" : "관악산446봉기점",
        "PMNTN_NM" : "신림동구간",
        "PMNTN_MAIN" : " ",
        "PMNTN_LT" : 0.08,
        "PMNTN_DFFL" : "쉬움",
        "PMNTN_UPPL" : 1,
        "PMNTN_GODN" : 1,
        "PMNTN_MTRQ" : " ",
        "PMNTN_CNRL" : " ",
        "PMNTN_CLS_" : " ",
        "PMNTN_RISK" : " ",
        "PMNTN_RECO" : " ",
        "DATA_STDR_" : "2016-12-31",
        "MNTN_ID" : "116200604"
      },
      "geometry" : {
        "paths" : [
          [
            [
              194659.50390000176,
              539080.21680000238
            ],
            [
              194649.60429999977,
              539077.53150000051
            ],
            [
              194633.50239999965,
              539080.45690000057
            ],
            [
              194611.37560000177,
              539071.22220000066
            ],
            [
              194606.9419000037,
              539056.42700000107
            ],
            [
              194599.56350000203,
              539049.03270000219
            ]
          ]
        ]
      }
    },
    {
      "attributes" : {
        "FID" : 12,
        "PMNTN_SN" : 4412,
        "MNTN_CODE" : "116200604",
        "MNTN_NM" : "관악산446봉기점",
        "PMNTN_NM" : "신림동구간",
        "PMNTN_MAIN" : " ",
        "PMNTN_LT" : 0.13,
        "PMNTN_DFFL" : "쉬움",
        "PMNTN_UPPL" : 2,
        "PMNTN_GODN" : 2,
        "PMNTN_MTRQ" : "암석/목재",
        "PMNTN_CNRL" : " ",
        "PMNTN_CLS_" : " ",
        "PMNTN_RISK" : " ",
        "PMNTN_RECO" : " ",
        "DATA_STDR_" : "2016-12-31",
        "MNTN_ID" : "116200604"
      },
      "geometry" : {
        "paths" : [
          [
            [
              195055.47360000014,
              539420.55350000411
            ],
            [
              195080.55800000113,
              539446.43560000136
            ],
            [
              195093.84180000238,
              539466.7752000019
            ],
            [
              195114.49340000004,
              539477.86170000024
            ],
            [
              195123.74210000038,
              539500.12540000118
            ],
            [
              195123.25420000032,
              539511.51530000195
            ],
            [
              195130.11710000131,
              539525.43999999948
            ]
          ]
        ]
      }
    },
    {
      "attributes" : {
        "FID" : 13,
        "PMNTN_SN" : 4413,
        "MNTN_CODE" : "116200604",
        "MNTN_NM" : "관악산446봉기점",
        "PMNTN_NM" : "신림동구간",
        "PMNTN_MAIN" : " ",
        "PMNTN_LT" : 0.52,
        "PMNTN_DFFL" : "쉬움",
        "PMNTN_UPPL" : 9,
        "PMNTN_GODN" : 6,
        "PMNTN_MTRQ" : " ",
        "PMNTN_CNRL" : " ",
        "PMNTN_CLS_" : " ",
        "PMNTN_RISK" : " ",
        "PMNTN_RECO" : " ",
        "DATA_STDR_" : "2016-12-31",
        "MNTN_ID" : "116200604"
      },
      "geometry" : {
        "paths" : [
          [
            [
              195004.06960000377,
              539404.98729999922
            ],
            [
              194994.7470000023,
              539404.37940000184
            ],
            [
              194990.97690000013,
              539402.13760000095
            ],
            [
              194984.6883000005,
              539397.08359999768
            ],
            [
              194976.46340000071,
              539395.9123999998
            ],
            [
              194970.81310000084,
              539392.10790000297
            ],
            [
              194964.02800000086,
              539392.86170000769
            ],
            [
              194933.65100000054,
              539371.96930000186
            ],
            [
              194923.70290000085,
              539359.8144000005
            ],
            [
              194917.38310000114,
              539346.90730000101
            ],
            [
              194910.73739999998,
              539339.99630000629
            ],
            [
              194900.57100000419,
              539334.90730000101
            ],
            [
              194891.08789999969,
              539331.97180000134
            ],
            [
              194885.98830000125,
              539328.36079999991
            ],
            [
              194876.98200000357,
              539326.32300000079
            ],
            [
              194872.00880000088,
              539326.19810000248
            ],
            [
              194864.04160000011,
              539321.86849999987
            ],
            [
              194861.55059999973,
              539314.70930000208
            ],
            [
              194861.7004000023,
              539308.90670000017
            ],
            [
              194858.99010000378,
              539303.39960000291
            ],
            [
              194852.01690000389,
              539299.12770000659
            ],
            [
              194842.10520000104,
              539295.45160000026
            ],
            [
              194839.1241000006,
              539291.08440000191
            ],
            [
              194837.66660000011,
              539285.07209999859
            ],
            [
              194831.11610000115,
              539283.90610000119
            ],
            [
              194822.38800000027,
              539276.4130000025
            ],
            [
              194818.9776000008,
              539267.45450000092
            ],
            [
              194813.17190000135,
              539264.17290000431
            ],
            [
              194806.18979999982,
              539263.5887000002
            ],
            [
              194798.72560000233,
              539259.27360000089
            ],
            [
              194790.60389999952,
              539256.41220000014
            ],
            [
              194778.4570000032,
              539251.67520000227
            ],
            [
              194768.48940000217,
              539240.17640000209
            ],
            [
              194752.16200000048,
              539200.31250000186
            ],
            [
              194745.15840000007,
              539181.24730000086
            ],
            [
              194738.26099999994,
              539165.4793999996
            ],
            [
              194730.54520000145,
              539151.49159999937
            ],
            [
              194719.35580000374,
              539144.83080000058
            ],
            [
              194713.17229999974,
              539135.89910000004
            ],
            [
              194698.41930000018,
              539126.65950000286
            ],
            [
              194694.14290000126,
              539116.21250000037
            ],
            [
              194695.62079999968,
              539107.46810000204
            ],
            [
              194697.63339999877,
              539099.53000000119
            ],
            [
              194698.70670000091,
              539095.77740000188
            ],
            [
              194694.70449999999,
              539092.90250000171
            ],
            [
              194690.38090000022,
              539092.48509999923
            ],
            [
              194686.27510000207,
              539093.12070000358
            ],
            [
              194679.82950000092,
              539090.65550000221
            ],
            [
              194673.3245000001,
              539087.83030000143
            ],
            [
              194668.57440000121,
              539083.35550000332
            ],
            [
              194659.50390000176,
              539080.21680000238
            ]
          ]
        ]
      }
    },
    {
      "attributes" : {
        "FID" : 14,
        "PMNTN_SN" : 4414,
        "MNTN_CODE" : "116200604",
        "MNTN_NM" : "관악산446봉기점",
        "PMNTN_NM" : "신림동구간",
        "PMNTN_MAIN" : " ",
        "PMNTN_LT" : 1.05,
        "PMNTN_DFFL" : "쉬움",
        "PMNTN_UPPL" : 19,
        "PMNTN_GODN" : 13,
        "PMNTN_MTRQ" : "암석/목재",
        "PMNTN_CNRL" : " ",
        "PMNTN_CLS_" : " ",
        "PMNTN_RISK" : " ",
        "PMNTN_RECO" : " ",
        "DATA_STDR_" : "2016-12-31",
        "MNTN_ID" : "116200604"
      },
      "geometry" : {
        "paths" : [
          [
            [
              195130.11710000131,
              539525.43999999948
            ],
            [
              195141.07909999974,
              539549.98719999939
            ],
            [
              195154.36270000134,
              539570.32690000162
            ],
            [
              195166.63489999902,
              539575.91740000248
            ],
            [
              195176.50490000192,
              539582.79510000162
            ],
            [
              195178.32200000156,
              539593.76750000194
            ],
            [
              195176.97649999894,
              539608.4280999992
            ],
            [
              195183.56770000048,
              539618.96550000273
            ],
            [
              195192.79940000083,
              539628.22400000133
            ],
            [
              195201.27910000086,
              539646.70180000365
            ],
            [
              195201.1847000001,
              539663.18400000036
            ],
            [
              195208.17280000076,
              539677.11519999988
            ],
            [
              195221.69100000057,
              539700.01149999909
            ],
            [
              195229.81410000194,
              539712.50100000203
            ],
            [
              195235.57419999968,
              539757.10700000077
            ],
            [
              195245.90909999982,
              539779.29840000346
            ],
            [
              195248.2790000001,
              539797.02880000323
            ],
            [
              195251.13680000231,
              539809.73240000196
            ],
            [
              195248.88350000139,
              539823.6911999993
            ],
            [
              195248.89620000217,
              539845.88850000128
            ],
            [
              195253.33050000295,
              539864.38360000402
            ],
            [
              195262.19050000329,
              539886.57579999976
            ],
            [
              195275.80940000061,
              539903.68940000236
            ],
            [
              195293.84509999957,
              539928.97360000201
            ],
            [
              195302.59910000023,
              539947.8543000035
            ],
            [
              195315.42489999998,
              539969.03790000267
            ],
            [
              195326.36210000142,
              539992.11350000463
            ],
            [
              195335.68930000067,
              540014.65000000224
            ],
            [
              195338.71330000088,
              540035.60990000144
            ],
            [
              195341.92200000025,
              540073.35790000297
            ],
            [
              195355.21560000163,
              540114.04539999925
            ],
            [
              195359.65259999968,
              540138.09000000171
            ],
            [
              195355.24340000097,
              540163.98919999972
            ],
            [
              195353.67040000297,
              540174.33710000105
            ],
            [
              195357.96360000037,
              540178.78370000422
            ],
            [
              195358.26180000138,
              540192.73660000041
            ],
            [
              195351.84120000247,
              540213.78280000389
            ],
            [
              195346.43760000076,
              540237.98509999923
            ],
            [
              195345.7795000039,
              540268.11150000058
            ],
            [
              195349.41959999874,
              540297.17610000446
            ],
            [
              195351.62299999967,
              540314.95760000311
            ],
            [
              195357.62170000188,
              540325.13490000181
            ],
            [
              195361.9627000019,
              540340.16210000031
            ],
            [
              195356.68390000332,
              540345.84170000255
            ],
            [
              195355.34960000031,
              540354.51579999924
            ],
            [
              195376.01910000015,
              540402.59840000235
            ],
            [
              195389.30279999971,
              540426.63810000196
            ],
            [
              195401.5064000031,
              540446.72730000131
            ],
            [
              195405.63620000053,
              540456.90510000102
            ],
            [
              195401.31149999984,
              540468.90530000441
            ],
            [
              195397.93340000138,
              540492.17010000162
            ]
          ]
        ]
      }
    },
    {
      "attributes" : {
        "FID" : 15,
        "PMNTN_SN" : 4415,
        "MNTN_CODE" : "116200604",
        "MNTN_NM" : "관악산446봉기점",
        "PMNTN_NM" : "신림동구간",
        "PMNTN_MAIN" : " ",
        "PMNTN_LT" : 0.19,
        "PMNTN_DFFL" : "쉬움",
        "PMNTN_UPPL" : 3,
        "PMNTN_GODN" : 2,
        "PMNTN_MTRQ" : " ",
        "PMNTN_CNRL" : " ",
        "PMNTN_CLS_" : " ",
        "PMNTN_RISK" : " ",
        "PMNTN_RECO" : " ",
        "DATA_STDR_" : "2016-12-31",
        "MNTN_ID" : "116200604"
      },
      "geometry" : {
        "paths" : [
          [
            [
              194751.67190000042,
              537414.53079999797
            ],
            [
              194746.46630000044,
              537414.73379999958
            ],
            [
              194742.44090000354,
              537417.05170000158
            ],
            [
              194740.52459999919,
              537421.17689999938
            ],
            [
              194737.23300000094,
              537423.83950000815
            ],
            [
              194734.43520000018,
              537425.84770000167
            ],
            [
              194729.4970000023,
              537430.04490000196
            ],
            [
              194726.79820000101,
              537431.47900000028
            ],
            [
              194723.65910000354,
              537432.83060000092
            ],
            [
              194715.31140000373,
              537437.98530000262
            ],
            [
              194708.97080000304,
              537439.21939999983
            ],
            [
              194702.07660000306,
              537442.75420000404
            ],
            [
              194694.11560000107,
              537444.19900000282
            ],
            [
              194683.6743999999,
              537444.38480000198
            ],
            [
              194674.82290000003,
              537448.26099999994
            ],
            [
              194671.1967000002,
              537459.40399999917
            ],
            [
              194669.50370049104,
              537461.64736874774
            ],
            [
              194679.56680000201,
              537465.04960000142
            ],
            [
              194696.20330000017,
              537463.62779999897
            ],
            [
              194712.74380000401,
              537463.81190000102
            ],
            [
              194720.62640000135,
              537464.75999999978
            ],
            [
              194722.91930000205,
              537468.46540001035
            ],
            [
              194727.93790000025,
              537472.55549999885
            ],
            [
              194736.68710000068,
              537472.63609999977
            ],
            [
              194741.79800000135,
              537476.75310000405
            ],
            [
              194743.33440000098,
              537483.10820000246
            ]
          ]
        ]
      }
    },
    {
      "attributes" : {
        "FID" : 16,
        "PMNTN_SN" : 4416,
        "MNTN_CODE" : "116200604",
        "MNTN_NM" : "관악산446봉기점",
        "PMNTN_NM" : "신림동구간",
        "PMNTN_MAIN" : " ",
        "PMNTN_LT" : 1.07,
        "PMNTN_DFFL" : "쉬움",
        "PMNTN_UPPL" : 27,
        "PMNTN_GODN" : 19,
        "PMNTN_MTRQ" : " ",
        "PMNTN_CNRL" : " ",
        "PMNTN_CLS_" : " ",
        "PMNTN_RISK" : " ",
        "PMNTN_RECO" : " ",
        "DATA_STDR_" : "2016-12-31",
        "MNTN_ID" : "116200604"
      },
      "geometry" : {
        "paths" : [
          [
            [
              194751.67190000042,
              537414.53079999797
            ],
            [
              194754.39580000006,
              537409.50560000166
            ],
            [
              194756.50329999998,
              537406.54079999961
            ],
            [
              194759.19170000218,
              537403.80650000833
            ],
            [
              194765.43030000106,
              537392.61240000091
            ],
            [
              194769.64410000108,
              537388.43670000136
            ],
            [
              194775.78199999966,
              537386.15960000083
            ],
            [
              194779.17830000073,
              537384.23110000417
            ],
            [
              194783.40610000119,
              537383.05870000273
            ],
            [
              194786.81589999888,
              537382.81540000066
            ],
            [
              194790.15920000151,
              537383.05790000409
            ],
            [
              194793.14290000126,
              537383.76479999907
            ],
            [
              194795.93530000001,
              537385.06000000052
            ],
            [
              194798.78830000013,
              537387.0596000012
            ],
            [
              194801.57340000011,
              537389.67760000192
            ],
            [
              194804.70669999998,
              537393.85780000128
            ],
            [
              194806.41550000105,
              537397.97130000219
            ],
            [
              194807.09630000126,
              537400.92850000225
            ],
            [
              194808.30200000107,
              537407.70170000009
            ],
            [
              194808.98700000159,
              537410.50180000067
            ],
            [
              194817.89940000232,
              537438.2291000057
            ],
            [
              194823.46470000129,
              537452.87890000269
            ],
            [
              194824.73020000011,
              537456.81699999981
            ],
            [
              194826.09110000171,
              537460.25109999999
            ],
            [
              194828.09520000126,
              537464.51630000398
            ],
            [
              194830.26350000128,
              537468.60590000264
            ],
            [
              194832.5726000024,
              537472.47620000131
            ],
            [
              194835.00339999981,
              537476.09530000016
            ],
            [
              194837.03170000203,
              537478.66930000111
            ],
            [
              194839.51350000128,
              537481.32960000075
            ],
            [
              194847.99030000158,
              537488.01970000193
            ],
            [
              194851.58050000295,
              537495.40230000205
            ],
            [
              194853.54870000482,
              537497.64470000193
            ],
            [
              194856.69740000088,
              537501.79770000279
            ],
            [
              194859.7006000001,
              537506.3489000015
            ],
            [
              194862.58960000239,
              537511.34510000609
            ],
            [
              194865.42080000229,
              537516.88330000266
            ],
            [
              194869.99030000344,
              537527.15689999983
            ],
            [
              194879.43319999985,
              537545.37430000119
            ],
            [
              194882.78600000311,
              537553.33680000342
            ],
            [
              194883.98080000002,
              537556.6138000004
            ],
            [
              194892.41370000318,
              537567.38500000164
            ],
            [
              194901.0477,
              537570.59080000222
            ],
            [
              194909.58410000149,
              537573.96470000036
            ],
            [
              194922.40970000625,
              537577.9299999997
            ],
            [
              194929.18290000223,
              537585.49850000255
            ],
            [
              194934.3515999997,
              537588.1798000019
            ],
            [
              194938.75760000106,
              537589.21209999919
            ],
            [
              194942.67210000008,
              537589.73880001158
            ],
            [
              194945.84400000144,
              537589.82670000009
            ],
            [
              194949.35749999993,
              537589.39670000225
            ],
            [
              194953.02640000079,
              537588.5420000013
            ],
            [
              194963.34850000776,
              537585.5949000027
            ],
            [
              194966.54140000325,
              537585.00480000116
            ],
            [
              194969.40910000633,
              537584.78750000335
            ],
            [
              194976.21010000259,
              537584.75269999914
            ],
            [
              194980.81560000032,
              537585.02050000243
            ],
            [
              194984.8228000002,
              537585.68170000054
            ],
            [
              194989.02940000035,
              537587.20390000008
            ],
            [
              194991.50340000726,
              537588.94429999962
            ],
            [
              194997.42559999973,
              537594.96600000001
            ],
            [
              195001.15600000136,
              537597.33379999921
            ],
            [
              195005.63670000061,
              537597.98299999721
            ],
            [
              195010.90740000177,
              537597.47770000249
            ],
            [
              195013.75450000074,
              537596.65020000003
            ],
            [
              195021.58999999985,
              537593.1930999998
            ],
            [
              195032.35180000123,
              537586.37450000457
            ],
            [
              195036.86239999998,
              537586.1045000013
            ],
            [
              195039.66189999972,
              537586.90460000001
            ],
            [
              195046.0568000013,
              537591.1648000069
            ],
            [
              195050.44640000258,
              537591.84349999949
            ],
            [
              195054.48419999983,
              537588.28010000102
            ],
            [
              195061.26080000401,
              537584.14149999991
            ],
            [
              195068.33970000036,
              537587.87650000304
            ],
            [
              195072.83790000249,
              537586.95820000954
            ],
            [
              195075.43310000002,
              537585.68130000122
            ],
            [
              195083.4205000028,
              537580.47519999929
            ],
            [
              195086.25970000122,
              537578.84589999914
            ],
            [
              195095.45800000057,
              537574.2189000044
            ],
            [
              195101.47650000267,
              537571.46840000339
            ],
            [
              195107.00270000007,
              537569.36240000091
            ],
            [
              195112.0064000003,
              537567.95310000144
            ],
            [
              195116.05770000163,
              537567.21690000407
            ],
            [
              195120.27929999866,
              537566.7910999991
            ],
            [
              195124.66140000336,
              537566.67679999955
            ],
            [
              195129.19150000066,
              537566.87429999933
            ],
            [
              195133.85930000339,
              537567.38340000249
            ],
            [
              195138.64440000057,
              537568.20229999907
            ],
            [
              195143.52790000103,
              537569.32780000009
            ],
            [
              195148.48630000278,
              537570.75449999981
            ],
            [
              195153.54829999991,
              537572.49520000443
            ],
            [
              195157.62020000722,
              537576.0206000004
            ],
            [
              195161.92989999894,
              537579.07240000181
            ],
            [
              195166.66290000547,
              537586.13560000062
            ],
            [
              195173.09210000373,
              537586.19370000064
            ],
            [
              195177.37060000002,
              537586.699400004
            ],
            [
              195181.93860000186,
              537589.88639999926
            ],
            [
              195187.26609999966,
              537591.71930000186
            ],
            [
              195190.53900000732,
              537594.54030000046
            ],
            [
              195194.01640000008,
              537597.86959999986
            ],
            [
              195205.1232000012,
              537605.32300000452
            ],
            [
              195214.68520000577,
              537615.03889999911
            ],
            [
              195221.73249999993,
              537624.819000002
            ],
            [
              195223.21780000161,
              537628.84000000358
            ],
            [
              195226.03160000127,
              537630.43510000221
            ],
            [
              195228.89090000372,
              537630.44540000148
            ],
            [
              195235.55340000056,
              537632.13400000148
            ],
            [
              195239.65250000078,
              537632.41630000062
            ],
            [
              195243.42620000429,
              537633.79910000414
            ],
            [
              195246.01029999927,
              537636.27810000256
            ],
            [
              195247.63799999934,
              537638.9394000005
            ],
            [
              195249.31930000056,
              537643.29570000246
            ],
            [
              195252.0886000013,
              537651.21250000224
            ],
            [
              195253.48080000002,
              537655.32500000112
            ],
            [
              195256.17410000041,
              537660.2650000006
            ],
            [
              195260.63140000124,
              537664.56970000081
            ],
            [
              195268.2949000001,
              537669.49620000273
            ],
            [
              195271.4382000044,
              537671.93029999919
            ],
            [
              195273.83520000335,
              537674.60660000332
            ],
            [
              195276.07579999883,
              537678.16779999994
            ],
            [
              195277.96160000004,
              537682.03080000542
            ],
            [
              195282.14230000041,
              537691.72960000671
            ],
            [
              195285.36020000372,
              537697.19080000557
            ],
            [
              195288.55360000022,
              537700.30579999834
            ],
            [
              195292.19900000095,
              537701.83160000853
            ],
            [
              195295.42650000751,
              537702.15090000257
            ],
            [
              195303.83490000013,
              537701.59830000252
            ],
            [
              195307.08750000782,
              537701.6381000001
            ],
            [
              195315.21990000084,
              537697.23270000331
            ],
            [
              195319.41029999964,
              537699.49850000069
            ],
            [
              195327.11480000336,
              537705.46190000139
            ],
            [
              195332.83430000115,
              537707.57970000431
            ],
            [
              195336.9645000007,
              537709.76150000095
            ],
            [
              195345.73599999957,
              537715.52720000409
            ],
            [
              195349.6687000012,
              537717.48230000027
            ],
            [
              195353.16740000062,
              537718.49490000308
            ],
            [
              195362.75090000033,
              537720.3489000015
            ],
            [
              195366.93970000092,
              537722.51060000062
            ],
            [
              195370.14269999973,
              537726.05550000258
            ],
            [
              195372.27990000229,
              537729.43909999914
            ],
            [
              195376.48299999908,
              537736.96540000662
            ],
            [
              195379.20020000637,
              537740.24549999833
            ],
            [
              195379.39031231962,
              537740.2494995743
            ],
            [
              195380.56143193226,
              537743.09333145618
            ],
            [
              195382.68560000043,
              537751.4820000045
            ],
            [
              195380.93530000001,
              537758.27930000238
            ],
            [
              195381.20900000073,
              537771.18080000021
            ],
            [
              195386.39860000648,
              537776.40140000544
            ],
            [
              195386.36890000105,
              537788.86840000376
            ],
            [
              195380.47929999977,
              537807.36939999647
            ],
            [
              195386.38829999976,
              537824.01400000229
            ],
            [
              195393.63630000222,
              537848.76170000061
            ],
            [
              195394.10390000138,
              537871.64890000783
            ],
            [
              195394.36600000039,
              537888.2424999997
            ],
            [
              195398.78670000099,
              537894.91159999929
            ],
            [
              195396.14740000106,
              537901.23280000314
            ],
            [
              195393.29700000118,
              537912.50530000217
            ],
            [
              195388.91160000023,
              537929.46230000071
            ],
            [
              195396.10679999925,
              537934.51710000075
            ]
          ]
        ]
      }
    },
    {
      "attributes" : {
        "FID" : 17,
        "PMNTN_SN" : 4417,
        "MNTN_CODE" : "116200604",
        "MNTN_NM" : "관악산446봉기점",
        "PMNTN_NM" : "신림동구간",
        "PMNTN_MAIN" : " ",
        "PMNTN_LT" : 0.07,
        "PMNTN_DFFL" : "쉬움",
        "PMNTN_UPPL" : 1,
        "PMNTN_GODN" : 1,
        "PMNTN_MTRQ" : " ",
        "PMNTN_CNRL" : " ",
        "PMNTN_CLS_" : " ",
        "PMNTN_RISK" : " ",
        "PMNTN_RECO" : " ",
        "DATA_STDR_" : "2016-12-31",
        "MNTN_ID" : "116200604"
      },
      "geometry" : {
        "paths" : [
          [
            [
              194751.67190000042,
              537414.53079999797
            ],
            [
              194748.58120000176,
              537424.36549999751
            ],
            [
              194745.64990000334,
              537432.63049999997
            ],
            [
              194743.71679999866,
              537439.00550000183
            ],
            [
              194742.96480000112,
              537442.27850000001
            ],
            [
              194742.33149999939,
              537445.03519999981
            ],
            [
              194741.64940000046,
              537450.11220000125
            ],
            [
              194741.60310000088,
              537453.1109000016
            ],
            [
              194741.96580000035,
              537456.50100000203
            ],
            [
              194744.39480000362,
              537467.6930000037
            ],
            [
              194745.02500000037,
              537471.68320000172
            ],
            [
              194745.13670000248,
              537475.48509999923
            ],
            [
              194744.62019999977,
              537478.82970000245
            ],
            [
              194743.33440000098,
              537483.10820000246
            ]
          ]
        ]
      }
    }
  ]
}