{
  "displayFieldName" : "",
  "fieldAliases" : {
    "FID" : "FID",
    "PMNTN_SN" : "PMNTN_SN",
    "MNTN_CODE" : "MNTN_CODE",
    "MNTN_NM" : "MNTN_NM",
    "PMNTN_NM" : "PMNTN_NM",
    "PMNTN_MAIN" : "PMNTN_MAIN",
    "PMNTN_LT" : "PMNTN_LT",
    "PMNTN_DFFL" : "PMNTN_DFFL",
    "PMNTN_UPPL" : "PMNTN_UPPL",
    "PMNTN_GODN" : "PMNTN_GODN",
    "PMNTN_MTRQ" : "PMNTN_MTRQ",
    "PMNTN_CNRL" : "PMNTN_CNRL",
    "PMNTN_CLS_" : "PMNTN_CLS_",
    "PMNTN_RISK" : "PMNTN_RISK",
    "PMNTN_RECO" : "PMNTN_RECO",
    "DATA_STDR_" : "DATA_STDR_",
    "MNTN_ID" : "MNTN_ID"
  },
  "geometryType" : "esriGeometryPolyline",
  "spatialReference" : {
    "wkt" : "PROJCS[\"PCS_ITRF2000_TM\",GEOGCS[\"GCS_ITRF_2000\",DATUM[\"D_ITRF_2000\",SPHEROID[\"GRS_1980\",6378137.0,298.257222101]],PRIMEM[\"Greenwich\",0.0],UNIT[\"Degree\",0.0174532925199433]],PROJECTION[\"Transverse_Mercator\"],PARAMETER[\"False_Easting\",200000.0],PARAMETER[\"False_Northing\",600000.0],PARAMETER[\"Central_Meridian\",127.0],PARAMETER[\"Scale_Factor\",1.0],PARAMETER[\"Latitude_Of_Origin\",38.0],UNIT[\"Meter\",1.0]]"
  },
  "fields" : [
    {
      "name" : "FID",
      "type" : "esriFieldTypeOID",
      "alias" : "FID"
    },
    {
      "name" : "PMNTN_SN",
      "type" : "esriFieldTypeDouble",
      "alias" : "PMNTN_SN"
    },
    {
      "name" : "MNTN_CODE",
      "type" : "esriFieldTypeString",
      "alias" : "MNTN_CODE",
      "length" : 9
    },
    {
      "name" : "MNTN_NM",
      "type" : "esriFieldTypeString",
      "alias" : "MNTN_NM",
      "length" : 50
    },
    {
      "name" : "PMNTN_NM",
      "type" : "esriFieldTypeString",
      "alias" : "PMNTN_NM",
      "length" : 50
    },
    {
      "name" : "PMNTN_MAIN",
      "type" : "esriFieldTypeString",
      "alias" : "PMNTN_MAIN",
      "length" : 200
    },
    {
      "name" : "PMNTN_LT",
      "type" : "esriFieldTypeSingle",
      "alias" : "PMNTN_LT"
    },
    {
      "name" : "PMNTN_DFFL",
      "type" : "esriFieldTypeString",
      "alias" : "PMNTN_DFFL",
      "length" : 8
    },
    {
      "name" : "PMNTN_UPPL",
      "type" : "esriFieldTypeDouble",
      "alias" : "PMNTN_UPPL"
    },
    {
      "name" : "PMNTN_GODN",
      "type" : "esriFieldTypeDouble",
      "alias" : "PMNTN_GODN"
    },
    {
      "name" : "PMNTN_MTRQ",
      "type" : "esriFieldTypeString",
      "alias" : "PMNTN_MTRQ",
      "length" : 200
    },
    {
      "name" : "PMNTN_CNRL",
      "type" : "esriFieldTypeString",
      "alias" : "PMNTN_CNRL",
      "length" : 1
    },
    {
      "name" : "PMNTN_CLS_",
      "type" : "esriFieldTypeString",
      "alias" : "PMNTN_CLS_",
      "length" : 1
    },
    {
      "name" : "PMNTN_RISK",
      "type" : "esriFieldTypeString",
      "alias" : "PMNTN_RISK",
      "length" : 200
    },
    {
      "name" : "PMNTN_RECO",
      "type" : "esriFieldTypeString",
      "alias" : "PMNTN_RECO",
      "length" : 1
    },
    {
      "name" : "DATA_STDR_",
      "type" : "esriFieldTypeString",
      "alias" : "DATA_STDR_",
      "length" : 10
    },
    {
      "name" : "MNTN_ID",
      "type" : "esriFieldTypeString",
      "alias" : "MNTN_ID",
      "length" : 10
    }
  ],
  "features" : [
    {
      "attributes" : {
        "FID" : 0,
        "PMNTN_SN" : 50232,
        "MNTN_CODE" : "441303101",
        "MNTN_NM" : "청룡산",
        "PMNTN_NM" : "풍서리구간",
        "PMNTN_MAIN" : " ",
        "PMNTN_LT" : 0.79,
        "PMNTN_DFFL" : "쉬움",
        "PMNTN_UPPL" : 14,
        "PMNTN_GODN" : 10,
        "PMNTN_MTRQ" : "토사",
        "PMNTN_CNRL" : " ",
        "PMNTN_CLS_" : " ",
        "PMNTN_RISK" : " ",
        "PMNTN_RECO" : " ",
        "DATA_STDR_" : "2016-12-31",
        "MNTN_ID" : "441303101"
      },
      "geometry" : {
        "paths" : [
          [
            [
              210301.48100000247,
              457327.21959999949
            ],
            [
              210295.54970000125,
              457327.27420000173
            ],
            [
              210290.36450000014,
              457328.98610000126
            ],
            [
              210279.87390000094,
              457333.14440000057
            ],
            [
              210262.97740000021,
              457339.91089999862
            ],
            [
              210247.25620000158,
              457346.75759999827
            ],
            [
              210234.70260000229,
              457351.29099999927
            ],
            [
              210222.31049999967,
              457350.84410000034
            ],
            [
              210215.02150000166,
              457347.57560000196
            ],
            [
              210208.5418999996,
              457344.46089999937
            ],
            [
              210201.53990000114,
              457342.96139999852
            ],
            [
              210191.6389000034,
              457342.40770000406
            ],
            [
              210179.15600000136,
              457347.92850000039
            ],
            [
              210167.42550000083,
              457352.33000000007
            ],
            [
              210157.94580000266,
              457355.85019999929
            ],
            [
              210150.73080000095,
              457359.25989999995
            ],
            [
              210142.8226000024,
              457364.53199999779
            ],
            [
              210135.73570000008,
              457366.74850000255
            ],
            [
              210131.48540000152,
              457367.4868999999
            ],
            [
              210127.89199999999,
              457364.56510000117
            ],
            [
              210126.47080000304,
              457360.72150000185
            ],
            [
              210129.08470000047,
              457358.88990000077
            ],
            [
              210133.65930000041,
              457358.15560000204
            ],
            [
              210139.78040000051,
              457355.8095000051
            ],
            [
              210143.6699000001,
              457352.79630000144
            ],
            [
              210148.2583000008,
              457348.29289999977
            ],
            [
              210153.88870000001,
              457340.7153000012
            ],
            [
              210157.59169999883,
              457336.20560000092
            ],
            [
              210157.90840000287,
              457331.75680000149
            ],
            [
              210156.34260000382,
              457326.2359000016
            ],
            [
              210153.59650000185,
              457319.90580000356
            ],
            [
              210151.78870000131,
              457312.19600000046
            ],
            [
              210148.77370000165,
              457301.30600000173
            ],
            [
              210142.87799999956,
              457292.50239999965
            ],
            [
              210140.16930000391,
              457289.30900000036
            ],
            [
              210135.57120000105,
              457287.60290000215
            ],
            [
              210129.12510000169,
              457288.2517000027
            ],
            [
              210124.56879999861,
              457291.12240000255
            ],
            [
              210120.42949999962,
              457294.3291000016
            ],
            [
              210113.15869999956,
              457296.47620000318
            ],
            [
              210103.0362000009,
              457295.28799999878
            ],
            [
              210096.14319999982,
              457291.99269999936
            ],
            [
              210087.38060000073,
              457284.8973999992
            ],
            [
              210076.52180000208,
              457276.38530000113
            ],
            [
              210073.21770000271,
              457272.97550000437
            ],
            [
              210072.27600000147,
              457269.72180000134
            ],
            [
              210074.86430000234,
              457265.81820000149
            ],
            [
              210079.91380000021,
              457264.35029999912
            ],
            [
              210084.66009999998,
              457264.63900000229
            ],
            [
              210096.79700000118,
              457263.5364000015
            ],
            [
              210102.56500000227,
              457261.80820000172
            ],
            [
              210109.78520000353,
              457258.39470000006
            ],
            [
              210114.44790000096,
              457250.27309999801
            ],
            [
              210120.08520000335,
              457241.59500000067
            ],
            [
              210127.24780000001,
              457235.47380000353
            ],
            [
              210125.06900000013,
              457230.8198000025
            ],
            [
              210120.19880000036,
              457229.64220000245
            ],
            [
              210115.60030000098,
              457227.78680000268
            ],
            [
              210109.80780000053,
              457231.08750000037
            ],
            [
              210101.08850000333,
              457228.94820000231
            ],
            [
              210088.14020000026,
              457216.31060000136
            ],
            [
              210071.83410000056,
              457206.22709999979
            ],
            [
              210063.88990000077,
              457195.45800000243
            ],
            [
              210056.43750000093,
              457190.54210000299
            ],
            [
              210050.72380000167,
              457186.50060000271
            ],
            [
              210047.05130000133,
              457176.64010000229
            ],
            [
              210044.44640000071,
              457171.95079999976
            ],
            [
              210043.03380000312,
              457166.51260000095
            ],
            [
              210039.68840000033,
              457164.68570000678
            ],
            [
              210032.737900001,
              457165.37389999814
            ],
            [
              210031.81579999998,
              457170.24320000224
            ],
            [
              210025.74669999909,
              457173.19480000064
            ],
            [
              210015.22290000226,
              457178.07779999822
            ],
            [
              209996.4767000014,
              457172.06709999964
            ],
            [
              209986.87330000289,
              457174.44640000165
            ],
            [
              209973.27200000361,
              457169.38910000399
            ],
            [
              209954.19100000151,
              457168.86449999921
            ],
            [
              209944.92900000047,
              457169.21390000172
            ],
            [
              209933.42790000141,
              457172.31000000052
            ],
            [
              209918.98510000203,
              457175.48900000192
            ],
            [
              209898.58810000122,
              457180.35270000249
            ],
            [
              209886.90299999993,
              457182.47860000096
            ],
            [
              209874.41399999987,
              457173.94390000403
            ],
            [
              209859.65630000178,
              457171.55500000156
            ],
            [
              209851.76620000135,
              457162.35589999892
            ],
            [
              209843.2630000012,
              457158.69060000032
            ],
            [
              209835.81930000335,
              457152.11510000005
            ],
            [
              209825.96340000071,
              457149.59070000239
            ]
          ]
        ]
      }
    },
    {
      "attributes" : {
        "FID" : 1,
        "PMNTN_SN" : 50233,
        "MNTN_CODE" : "441303101",
        "MNTN_NM" : "청룡산",
        "PMNTN_NM" : "광풍중학교-매당리 자매실마을구간",
        "PMNTN_MAIN" : " ",
        "PMNTN_LT" : 0.69,
        "PMNTN_DFFL" : "쉬움",
        "PMNTN_UPPL" : 12,
        "PMNTN_GODN" : 9,
        "PMNTN_MTRQ" : "토사",
        "PMNTN_CNRL" : " ",
        "PMNTN_CLS_" : " ",
        "PMNTN_RISK" : " ",
        "PMNTN_RECO" : " ",
        "DATA_STDR_" : "2016-12-31",
        "MNTN_ID" : "441303101"
      },
      "geometry" : {
        "paths" : [
          [
            [
              209751.16520000342,
              457453.24640000053
            ],
            [
              209760.19650000054,
              457449.93510000221
            ],
            [
              209767.2182,
              457444.90139999986
            ],
            [
              209770.34790000319,
              457440.03200000152
            ],
            [
              209779.52390000224,
              457437.29759999923
            ],
            [
              209786.00630000141,
              457431.3574000001
            ],
            [
              209792.12789999973,
              457426.73410000093
            ],
            [
              209801.00789999962,
              457426.92390000075
            ],
            [
              209806.66430000123,
              457430.39260000177
            ],
            [
              209818.99840000086,
              457429.18060000055
            ],
            [
              209822.91079999972,
              457426.26440000534
            ],
            [
              209838.66670000367,
              457430.91540000029
            ],
            [
              209847.95300000161,
              457424.00570000149
            ],
            [
              209853.1353000002,
              457423.918700004
            ],
            [
              209890.60120000131,
              457429.98940000311
            ],
            [
              209917.34360000305,
              457422.99750000052
            ],
            [
              209930.79430000111,
              457422.0364000015
            ],
            [
              209935.06830000039,
              457423.76219999976
            ],
            [
              209949.15280000027,
              457437.99140000157
            ],
            [
              209965.38460000139,
              457447.44219999947
            ],
            [
              209975.9841999989,
              457444.64530000091
            ],
            [
              209991.3161000004,
              457454.55100000091
            ],
            [
              209997.46940000076,
              457462.90160000138
            ],
            [
              210009.35540000349,
              457470.76950000226
            ],
            [
              210026.74909999967,
              457483.33190000057
            ],
            [
              210037.72980000265,
              457491.92360000126
            ],
            [
              210050.92670000065,
              457492.17119999975
            ],
            [
              210070.10580000002,
              457485.03160000034
            ],
            [
              210084.63269999996,
              457485.71840000153
            ],
            [
              210095.85010000132,
              457479.83440000191
            ],
            [
              210102.03610000014,
              457475.43680000305
            ],
            [
              210120.03789999988,
              457459.30389999971
            ],
            [
              210122.43440000061,
              457452.53060000204
            ],
            [
              210127.39020000026,
              457449.56689999998
            ],
            [
              210136.76780000329,
              457445.09160000272
            ],
            [
              210144.65890000295,
              457443.27160000056
            ],
            [
              210159.75230000075,
              457433.72739999928
            ],
            [
              210177.17970000114,
              457432.4179999996
            ],
            [
              210183.84610000066,
              457424.95670000277
            ],
            [
              210193.53280000016,
              457421.63829999976
            ],
            [
              210207.07590000145,
              457412.25980000198
            ],
            [
              210240.72300000116,
              457405.17170000076
            ],
            [
              210244.42310000025,
              457399.84290000796
            ],
            [
              210251.56630000006,
              457395.60830000043
            ],
            [
              210257.0634000022,
              457393.32260000147
            ],
            [
              210265.58789999969,
              457394.41279999912
            ],
            [
              210274.92590000108,
              457395.06350000389
            ],
            [
              210286.44419999979,
              457396.51410000026
            ],
            [
              210293.86070000008,
              457390.00840000063
            ],
            [
              210303.06950000208,
              457389.89269999973
            ],
            [
              210307.94990000129,
              457386.18880000152
            ],
            [
              210308.36200000346,
              457381.36590000056
            ],
            [
              210307.84410000127,
              457374.02980000153
            ],
            [
              210307.41250000056,
              457363.87609999999
            ],
            [
              210304.68240000214,
              457351.42049999908
            ],
            [
              210303.37909999955,
              457344.60570000298
            ],
            [
              210302.44990000036,
              457337.94830000401
            ],
            [
              210301.32540000323,
              457332.88540000096
            ],
            [
              210301.48100000247,
              457327.21959999949
            ]
          ]
        ]
      }
    },
    {
      "attributes" : {
        "FID" : 2,
        "PMNTN_SN" : 50234,
        "MNTN_CODE" : "441303101",
        "MNTN_NM" : "청룡산",
        "PMNTN_NM" : "매당리구간",
        "PMNTN_MAIN" : " ",
        "PMNTN_LT" : 0.58,
        "PMNTN_DFFL" : "쉬움",
        "PMNTN_UPPL" : 10,
        "PMNTN_GODN" : 7,
        "PMNTN_MTRQ" : "토사",
        "PMNTN_CNRL" : " ",
        "PMNTN_CLS_" : " ",
        "PMNTN_RISK" : " ",
        "PMNTN_RECO" : " ",
        "DATA_STDR_" : "2016-12-31",
        "MNTN_ID" : "441303101"
      },
      "geometry" : {
        "paths" : [
          [
            [
              209891.89720000234,
              456904.13069999963
            ],
            [
              209897.31650000252,
              456905.37140000425
            ],
            [
              209903.21939999983,
              456912.06250000186
            ],
            [
              209914.91280000005,
              456909.51810000092
            ],
            [
              209923.6715000011,
              456913.61370000243
            ],
            [
              209941.56040000077,
              456916.63299999945
            ],
            [
              209956.95739999879,
              456915.06420000084
            ],
            [
              209978.22150000185,
              456911.44019999914
            ],
            [
              209998.82570000179,
              456911.20629999973
            ],
            [
              210012.25670000073,
              456912.44559999928
            ],
            [
              210020.12440000102,
              456917.31069999933
            ],
            [
              210027.35199999996,
              456917.20199999958
            ],
            [
              210027.17860000115,
              456924.61519999988
            ],
            [
              210022.12510000169,
              456929.63209999911
            ],
            [
              210014.76699999999,
              456945.68740000203
            ],
            [
              210003.25480000116,
              456959.84960000031
            ],
            [
              210001.99220000114,
              456963.62460000068
            ],
            [
              210004.14590000268,
              456966.38959999941
            ],
            [
              210014.22360000014,
              456962.26280000433
            ],
            [
              210025.21019999962,
              456961.87509999983
            ],
            [
              210049.06840000115,
              456960.58630000055
            ],
            [
              210064.40780000016,
              456960.19170000032
            ],
            [
              210076.0837000031,
              456961.36740000173
            ],
            [
              210088.57890000194,
              456964.77720000036
            ],
            [
              210098.77650000155,
              456974.08860000409
            ],
            [
              210103.38150000293,
              456986.5139000006
            ],
            [
              210108.78300000075,
              456996.10360000096
            ],
            [
              210111.92110000178,
              457009.62180000357
            ],
            [
              210115.54020000063,
              457014.80509999767
            ],
            [
              210128.57030000072,
              457023.13529999927
            ],
            [
              210141.83650000021,
              457031.61630000174
            ],
            [
              210152.48280000128,
              457046.75340000167
            ],
            [
              210157.49380000215,
              457058.62810000032
            ],
            [
              210161.86820000317,
              457064.24220000207
            ],
            [
              210168.25299999956,
              457066.95650000125
            ],
            [
              210184.00310000032,
              457066.16600000113
            ],
            [
              210210.08440000378,
              457059.61429999955
            ],
            [
              210242.19460000191,
              457051.54810000025
            ],
            [
              210270.53680000082,
              457029.50339999981
            ],
            [
              210285.08170000277,
              457015.79770000093
            ],
            [
              210289.92989999987,
              457010.63730000146
            ],
            [
              210296.75720000174,
              457013.71499999799
            ],
            [
              210301.79839999974,
              457022.41200000234
            ]
          ]
        ]
      }
    },
    {
      "attributes" : {
        "FID" : 3,
        "PMNTN_SN" : 50235,
        "MNTN_CODE" : "441303101",
        "MNTN_NM" : "청룡산",
        "PMNTN_NM" : "광풍중학교-매당리 자매실마을구간",
        "PMNTN_MAIN" : " ",
        "PMNTN_LT" : 0.01,
        "PMNTN_DFFL" : "쉬움",
        "PMNTN_UPPL" : 1,
        "PMNTN_GODN" : 0,
        "PMNTN_MTRQ" : "토사",
        "PMNTN_CNRL" : " ",
        "PMNTN_CLS_" : " ",
        "PMNTN_RISK" : " ",
        "PMNTN_RECO" : " ",
        "DATA_STDR_" : "2016-12-31",
        "MNTN_ID" : "441303101"
      },
      "geometry" : {
        "paths" : [
          [
            [
              209852.25160000008,
              456627.64910000004
            ],
            [
              209848.09549999982,
              456631.83980000205
            ]
          ]
        ]
      }
    },
    {
      "attributes" : {
        "FID" : 4,
        "PMNTN_SN" : 50236,
        "MNTN_CODE" : "441303101",
        "MNTN_NM" : "청룡산",
        "PMNTN_NM" : "광풍중학교-매당리 자매실마을구간",
        "PMNTN_MAIN" : " ",
        "PMNTN_LT" : 0.27,
        "PMNTN_DFFL" : "쉬움",
        "PMNTN_UPPL" : 5,
        "PMNTN_GODN" : 3,
        "PMNTN_MTRQ" : "토사",
        "PMNTN_CNRL" : " ",
        "PMNTN_CLS_" : " ",
        "PMNTN_RISK" : " ",
        "PMNTN_RECO" : " ",
        "DATA_STDR_" : "2016-12-31",
        "MNTN_ID" : "441303101"
      },
      "geometry" : {
        "paths" : [
          [
            [
              209825.96340000071,
              457149.59070000239
            ],
            [
              209823.72840000223,
              457138.55639999919
            ],
            [
              209823.51850000024,
              457129.47020000219
            ],
            [
              209824.45320000034,
              457113.84539999999
            ],
            [
              209828.59289999958,
              457099.56200000085
            ],
            [
              209832.08450000174,
              457092.28220000118
            ],
            [
              209836.42000000086,
              457085.48840000108
            ],
            [
              209843.56770000234,
              457082.62240000255
            ],
            [
              209849.10089999996,
              457073.10730000213
            ],
            [
              209853.19810000062,
              457061.60260000266
            ],
            [
              209855.11490000039,
              457050.64750000834
            ],
            [
              209853.38920000009,
              457038.07840000093
            ],
            [
              209854.19120000117,
              457030.36940000206
            ],
            [
              209856.40089999977,
              457024.54060000367
            ],
            [
              209857.88190000039,
              457002.09630000032
            ],
            [
              209856.65100000333,
              456980.67049999721
            ],
            [
              209854.24620000273,
              456959.59310000204
            ],
            [
              209855.56350000389,
              456953.7160000056
            ],
            [
              209858.0392000014,
              456944.27400000207
            ],
            [
              209866.28830000106,
              456929.45060000196
            ],
            [
              209875.97070000414,
              456914.49010000192
            ],
            [
              209881.64019999932,
              456908.39140000008
            ],
            [
              209891.89720000234,
              456904.13069999963
            ]
          ]
        ]
      }
    },
    {
      "attributes" : {
        "FID" : 5,
        "PMNTN_SN" : 50237,
        "MNTN_CODE" : "441303101",
        "MNTN_NM" : "청룡산",
        "PMNTN_NM" : "광풍중학교-매당리 자매실마을구간",
        "PMNTN_MAIN" : " ",
        "PMNTN_LT" : 0.33,
        "PMNTN_DFFL" : "쉬움",
        "PMNTN_UPPL" : 6,
        "PMNTN_GODN" : 4,
        "PMNTN_MTRQ" : "토사",
        "PMNTN_CNRL" : " ",
        "PMNTN_CLS_" : " ",
        "PMNTN_RISK" : " ",
        "PMNTN_RECO" : " ",
        "DATA_STDR_" : "2016-12-31",
        "MNTN_ID" : "441303101"
      },
      "geometry" : {
        "paths" : [
          [
            [
              209825.96340000071,
              457149.59070000239
            ],
            [
              209822.01229999959,
              457155.67100000195
            ],
            [
              209817.14489999972,
              457162.76260000281
            ],
            [
              209814.74309999868,
              457171.31160000153
            ],
            [
              209809.85500000138,
              457175.97230000049
            ],
            [
              209807.89760000072,
              457181.57340000197
            ],
            [
              209806.02870000061,
              457191.21280000173
            ],
            [
              209803.14180000219,
              457199.3943000026
            ],
            [
              209802.27959999908,
              457214.98340000212
            ],
            [
              209801.91190000158,
              457232.11690000072
            ],
            [
              209802.74500000104,
              457261.98910000175
            ],
            [
              209796.23750000075,
              457278.4376999978
            ],
            [
              209796.94369999971,
              457289.5260000024
            ],
            [
              209797.84659999982,
              457299.09950000234
            ],
            [
              209791.52930000145,
              457313.0922000017
            ],
            [
              209782.50200000033,
              457320.98450000212
            ],
            [
              209783.65970000345,
              457328.81379999965
            ],
            [
              209781.80660000071,
              457335.45950000174
            ],
            [
              209780.81360000093,
              457340.86240000278
            ],
            [
              209776.22510000132,
              457347.90210000239
            ],
            [
              209768.87920000218,
              457362.9765000008
            ],
            [
              209768.84420000203,
              457377.27680000104
            ],
            [
              209765.56380000059,
              457384.88149999827
            ],
            [
              209764.99459999986,
              457397.37320000306
            ],
            [
              209758.00780000072,
              457403.32090000436
            ],
            [
              209753.93910000008,
              457412.55950000137
            ],
            [
              209757.54459999967,
              457420.93300000206
            ],
            [
              209755.77430000249,
              457431.76940000243
            ],
            [
              209750.89990000241,
              457444.43249999918
            ],
            [
              209751.16520000342,
              457453.24640000053
            ]
          ]
        ]
      }
    },
    {
      "attributes" : {
        "FID" : 6,
        "PMNTN_SN" : 50238,
        "MNTN_CODE" : "441303101",
        "MNTN_NM" : "청룡산",
        "PMNTN_NM" : "매당리구간",
        "PMNTN_MAIN" : " ",
        "PMNTN_LT" : 0.04,
        "PMNTN_DFFL" : "쉬움",
        "PMNTN_UPPL" : 1,
        "PMNTN_GODN" : 0,
        "PMNTN_MTRQ" : "토사",
        "PMNTN_CNRL" : " ",
        "PMNTN_CLS_" : " ",
        "PMNTN_RISK" : " ",
        "PMNTN_RECO" : " ",
        "DATA_STDR_" : "2016-12-31",
        "MNTN_ID" : "441303101"
      },
      "geometry" : {
        "paths" : [
          [
            [
              209794.9897000026,
              457130.55510000139
            ],
            [
              209799.02419999894,
              457137.51710000262
            ],
            [
              209805.90000000317,
              457144.2237999998
            ],
            [
              209819.26130000129,
              457148.78419999965
            ],
            [
              209825.96340000071,
              457149.59070000239
            ]
          ]
        ]
      }
    },
    {
      "attributes" : {
        "FID" : 7,
        "PMNTN_SN" : 50239,
        "MNTN_CODE" : "441303101",
        "MNTN_NM" : "청룡산",
        "PMNTN_NM" : "광풍중학교-매당리 자매실마을구간",
        "PMNTN_MAIN" : " ",
        "PMNTN_LT" : 0.3,
        "PMNTN_DFFL" : "쉬움",
        "PMNTN_UPPL" : 5,
        "PMNTN_GODN" : 4,
        "PMNTN_MTRQ" : "토사",
        "PMNTN_CNRL" : " ",
        "PMNTN_CLS_" : " ",
        "PMNTN_RISK" : " ",
        "PMNTN_RECO" : " ",
        "DATA_STDR_" : "2016-12-31",
        "MNTN_ID" : "441303101"
      },
      "geometry" : {
        "paths" : [
          [
            [
              209848.09549999982,
              456631.83980000205
            ],
            [
              209850.00400000159,
              456636.98079999909
            ],
            [
              209856.8088999996,
              456639.47220000625
            ],
            [
              209861.25410000142,
              456648.97419999912
            ],
            [
              209870.68120000046,
              456657.15179999918
            ],
            [
              209872.77280000411,
              456661.79580000229
            ],
            [
              209872.40080000088,
              456673.98570000008
            ],
            [
              209869.25560000073,
              456684.41650000215
            ],
            [
              209865.19270000141,
              456697.97560000233
            ],
            [
              209859.90629999992,
              456713.79550000094
            ],
            [
              209858.4095999999,
              456732.22949999943
            ],
            [
              209856.46520000044,
              456740.83300000243
            ],
            [
              209857.65780000202,
              456749.91050000116
            ],
            [
              209859.40040000156,
              456762.88880000263
            ],
            [
              209863.8860000018,
              456782.79930000193
            ],
            [
              209871.11810000241,
              456804.33159999922
            ],
            [
              209880.57230000012,
              456813.65500000119
            ],
            [
              209885.9803000018,
              456820.62649999931
            ],
            [
              209893.95370000135,
              456827.20790000446
            ],
            [
              209901.12670000084,
              456830.60600000061
            ],
            [
              209903.14230000041,
              456836.25440000184
            ],
            [
              209904.22550000064,
              456843.21939999796
            ],
            [
              209903.81290000025,
              456848.36830000393
            ],
            [
              209901.82410000078,
              456855.7677000016
            ],
            [
              209897.28130000085,
              456867.05750000104
            ],
            [
              209897.0149000017,
              456873.41880000196
            ],
            [
              209896.27560000028,
              456879.84669999965
            ],
            [
              209893.43390000332,
              456887.27150000446
            ],
            [
              209892.19149999972,
              456896.05110000074
            ],
            [
              209891.79790000059,
              456900.03020000271
            ],
            [
              209891.89720000234,
              456904.13069999963
            ]
          ]
        ]
      }
    },
    {
      "attributes" : {
        "FID" : 8,
        "PMNTN_SN" : 50240,
        "MNTN_CODE" : "441303101",
        "MNTN_NM" : "청룡산",
        "PMNTN_NM" : "광풍중학교-매당리 자매실마을구간",
        "PMNTN_MAIN" : " ",
        "PMNTN_LT" : 0.28,
        "PMNTN_DFFL" : "쉬움",
        "PMNTN_UPPL" : 5,
        "PMNTN_GODN" : 3,
        "PMNTN_MTRQ" : "토사",
        "PMNTN_CNRL" : " ",
        "PMNTN_CLS_" : " ",
        "PMNTN_RISK" : " ",
        "PMNTN_RECO" : " ",
        "DATA_STDR_" : "2016-12-31",
        "MNTN_ID" : "441303101"
      },
      "geometry" : {
        "paths" : [
          [
            [
              209848.09549999982,
              456631.83980000205
            ],
            [
              209845.90050000139,
              456642.1454000026
            ],
            [
              209845.51190000121,
              456646.34740000218
            ],
            [
              209839.31250000186,
              456647.21890000068
            ],
            [
              209823.44570000097,
              456657.63710000366
            ],
            [
              209808.40440000221,
              456660.12189999968
            ],
            [
              209795.63819999993,
              456670.55300000124
            ],
            [
              209778.71780000068,
              456692.0669000037
            ],
            [
              209767.3546000002,
              456700.39750000462
            ],
            [
              209753.92960000038,
              456704.2423000019
            ],
            [
              209733.61850000359,
              456724.20830000192
            ],
            [
              209728.77710000239,
              456727.14210000448
            ],
            [
              209720.98410000186,
              456724.25909999944
            ],
            [
              209704.06440000329,
              456725.6165000014
            ],
            [
              209699.05830000341,
              456721.96460000053
            ],
            [
              209696.61010000017,
              456714.68800000288
            ],
            [
              209690.83770000096,
              456713.04439999908
            ],
            [
              209689.70370000228,
              456719.65790000558
            ],
            [
              209689.42020000145,
              456727.01920000091
            ],
            [
              209685.4188000029,
              456730.06030000187
            ],
            [
              209680.28910000343,
              456732.04930000007
            ],
            [
              209674.5298000006,
              456730.54520000145
            ],
            [
              209662.1697000023,
              456725.91850000434
            ],
            [
              209654.15360000078,
              456721.13840000331
            ],
            [
              209646.74000000115,
              456713.7218000032
            ],
            [
              209636.48139999993,
              456704.345900001
            ]
          ]
        ]
      }
    },
    {
      "attributes" : {
        "FID" : 9,
        "PMNTN_SN" : 50241,
        "MNTN_CODE" : "441303101",
        "MNTN_NM" : "청룡산",
        "PMNTN_NM" : "광풍중학교-매당리 자매실마을구간",
        "PMNTN_MAIN" : " ",
        "PMNTN_LT" : 0.22,
        "PMNTN_DFFL" : "쉬움",
        "PMNTN_UPPL" : 4,
        "PMNTN_GODN" : 3,
        "PMNTN_MTRQ" : "토사",
        "PMNTN_CNRL" : " ",
        "PMNTN_CLS_" : " ",
        "PMNTN_RISK" : " ",
        "PMNTN_RECO" : " ",
        "DATA_STDR_" : "2016-12-31",
        "MNTN_ID" : "441303101"
      },
      "geometry" : {
        "paths" : [
          [
            [
              209751.16520000342,
              457453.24640000053
            ],
            [
              209742.99120000098,
              457464.76630000025
            ],
            [
              209738.16070000175,
              457478.19220000133
            ],
            [
              209735.51030000113,
              457485.90929999948
            ],
            [
              209734.45300000068,
              457496.18110000156
            ],
            [
              209722.69710000325,
              457505.60480000079
            ],
            [
              209711.25129999965,
              457516.35429999977
            ],
            [
              209699.08900000155,
              457519.7864000015
            ],
            [
              209686.41470000148,
              457537.80330000259
            ],
            [
              209681.14520000387,
              457544.29680000246
            ],
            [
              209677.71530000027,
              457555.75490000285
            ],
            [
              209664.59900000039,
              457566.06140000001
            ],
            [
              209654.17459999956,
              457572.9085000027
            ],
            [
              209641.51669999957,
              457570.35520000197
            ],
            [
              209625.1930000009,
              457575.97369999997
            ],
            [
              209616.22080000024,
              457574.41200000048
            ],
            [
              209608.48770000227,
              457578.8030999992
            ],
            [
              209605.9916000003,
              457588.19260000065
            ]
          ]
        ]
      }
    },
    {
      "attributes" : {
        "FID" : 10,
        "PMNTN_SN" : 50242,
        "MNTN_CODE" : "441303101",
        "MNTN_NM" : "청룡산",
        "PMNTN_NM" : "광풍중학교-매당리 자매실마을구간",
        "PMNTN_MAIN" : " ",
        "PMNTN_LT" : 0.18,
        "PMNTN_DFFL" : "쉬움",
        "PMNTN_UPPL" : 3,
        "PMNTN_GODN" : 2,
        "PMNTN_MTRQ" : "토사",
        "PMNTN_CNRL" : " ",
        "PMNTN_CLS_" : " ",
        "PMNTN_RISK" : " ",
        "PMNTN_RECO" : " ",
        "DATA_STDR_" : "2016-12-31",
        "MNTN_ID" : "441303101"
      },
      "geometry" : {
        "paths" : [
          [
            [
              210477.87540000025,
              457288.48230000027
            ],
            [
              210461.78820000403,
              457293.64570000023
            ],
            [
              210400.55580000114,
              457307.63140000217
            ],
            [
              210353.41340000089,
              457317.28710000217
            ],
            [
              210337.56300000101,
              457319.97620000131
            ],
            [
              210324.54780000169,
              457321.90880000219
            ],
            [
              210313.67889999971,
              457323.75259999931
            ],
            [
              210307.90170000307,
              457326.09420000575
            ],
            [
              210301.48100000247,
              457327.21959999949
            ]
          ]
        ]
      }
    }
  ]
}