{
  "displayFieldName" : "",
  "fieldAliases" : {
    "FID" : "FID",
    "PMNTN_SPOT" : "PMNTN_SPOT",
    "MNTN_CODE" : "MNTN_CODE",
    "MANAGE_SP1" : "MANAGE_SP1",
    "MANAGE_SP2" : "MANAGE_SP2",
    "DETAIL_SPO" : "DETAIL_SPO",
    "ETC_MATTER" : "ETC_MATTER",
    "MNTN_NM" : "MNTN_NM",
    "PAST_SPOT_" : "PAST_SPOT_",
    "MNTN_ID" : "MNTN_ID"
  },
  "geometryType" : "esriGeometryPoint",
  "spatialReference" : {
    "wkt" : "PROJCS[\"PCS_ITRF2000_TM\",GEOGCS[\"GCS_ITRF_2000\",DATUM[\"D_ITRF_2000\",SPHEROID[\"GRS_1980\",6378137.0,298.257222101]],PRIMEM[\"Greenwich\",0.0],UNIT[\"Degree\",0.0174532925199433]],PROJECTION[\"Transverse_Mercator\"],PARAMETER[\"False_Easting\",200000.0],PARAMETER[\"False_Northing\",600000.0],PARAMETER[\"Central_Meridian\",127.0],PARAMETER[\"Scale_Factor\",1.0],PARAMETER[\"Latitude_Of_Origin\",38.0],UNIT[\"Meter\",1.0]]"
  },
  "fields" : [
    {
      "name" : "FID",
      "type" : "esriFieldTypeOID",
      "alias" : "FID"
    },
    {
      "name" : "PMNTN_SPOT",
      "type" : "esriFieldTypeDouble",
      "alias" : "PMNTN_SPOT"
    },
    {
      "name" : "MNTN_CODE",
      "type" : "esriFieldTypeString",
      "alias" : "MNTN_CODE",
      "length" : 9
    },
    {
      "name" : "MANAGE_SP1",
      "type" : "esriFieldTypeString",
      "alias" : "MANAGE_SP1",
      "length" : 2
    },
    {
      "name" : "MANAGE_SP2",
      "type" : "esriFieldTypeString",
      "alias" : "MANAGE_SP2",
      "length" : 50
    },
    {
      "name" : "DETAIL_SPO",
      "type" : "esriFieldTypeString",
      "alias" : "DETAIL_SPO",
      "length" : 200
    },
    {
      "name" : "ETC_MATTER",
      "type" : "esriFieldTypeString",
      "alias" : "ETC_MATTER",
      "length" : 200
    },
    {
      "name" : "MNTN_NM",
      "type" : "esriFieldTypeString",
      "alias" : "MNTN_NM",
      "length" : 50
    },
    {
      "name" : "PAST_SPOT_",
      "type" : "esriFieldTypeString",
      "alias" : "PAST_SPOT_",
      "length" : 14
    },
    {
      "name" : "MNTN_ID",
      "type" : "esriFieldTypeString",
      "alias" : "MNTN_ID",
      "length" : 10
    }
  ],
  "features" : [
    {
      "attributes" : {
        "FID" : 0,
        "PMNTN_SPOT" : 14983,
        "MNTN_CODE" : "468601501",
        "MANAGE_SP1" : "01",
        "MANAGE_SP2" : "시종점",
        "DETAIL_SPO" : "시종점",
        "ETC_MATTER" : " ",
        "MNTN_NM" : "기산봉",
        "PAST_SPOT_" : "4686015010001",
        "MNTN_ID" : "468601501"
      },
      "geometry" : {
        "x" : 155368.39589999989,
        "y" : 275066.35420000181
      }
    },
    {
      "attributes" : {
        "FID" : 1,
        "PMNTN_SPOT" : 14984,
        "MNTN_CODE" : "468601501",
        "MANAGE_SP1" : "02",
        "MANAGE_SP2" : "분기점",
        "DETAIL_SPO" : "분기점",
        "ETC_MATTER" : " ",
        "MNTN_NM" : "기산봉",
        "PAST_SPOT_" : "4686015010002",
        "MNTN_ID" : "468601501"
      },
      "geometry" : {
        "x" : 155732.3004999999,
        "y" : 274912.02229999937
      }
    },
    {
      "attributes" : {
        "FID" : 2,
        "PMNTN_SPOT" : 14985,
        "MNTN_CODE" : "468601501",
        "MANAGE_SP1" : "02",
        "MANAGE_SP2" : "분기점",
        "DETAIL_SPO" : "분기점",
        "ETC_MATTER" : " ",
        "MNTN_NM" : "기산봉",
        "PAST_SPOT_" : "4686015010003",
        "MNTN_ID" : "468601501"
      },
      "geometry" : {
        "x" : 155811.87959999964,
        "y" : 275140.56919999979
      }
    },
    {
      "attributes" : {
        "FID" : 3,
        "PMNTN_SPOT" : 14986,
        "MNTN_CODE" : "468601501",
        "MANAGE_SP1" : "02",
        "MANAGE_SP2" : "분기점",
        "DETAIL_SPO" : "분기점",
        "ETC_MATTER" : " ",
        "MNTN_NM" : "기산봉",
        "PAST_SPOT_" : "4686015010004",
        "MNTN_ID" : "468601501"
      },
      "geometry" : {
        "x" : 155816.03139999975,
        "y" : 275104.32990000024
      }
    },
    {
      "attributes" : {
        "FID" : 4,
        "PMNTN_SPOT" : 14987,
        "MNTN_CODE" : "468601501",
        "MANAGE_SP1" : "02",
        "MANAGE_SP2" : "분기점",
        "DETAIL_SPO" : "분기점",
        "ETC_MATTER" : " ",
        "MNTN_NM" : "기산봉",
        "PAST_SPOT_" : "4686015010005",
        "MNTN_ID" : "468601501"
      },
      "geometry" : {
        "x" : 155819.17090000212,
        "y" : 274794.94329999946
      }
    },
    {
      "attributes" : {
        "FID" : 5,
        "PMNTN_SPOT" : 14988,
        "MNTN_CODE" : "468601501",
        "MANAGE_SP1" : "02",
        "MANAGE_SP2" : "분기점",
        "DETAIL_SPO" : "분기점",
        "ETC_MATTER" : " ",
        "MNTN_NM" : "기산봉",
        "PAST_SPOT_" : "4686015010006",
        "MNTN_ID" : "468601501"
      },
      "geometry" : {
        "x" : 155840.90480000153,
        "y" : 274736.03030000068
      }
    },
    {
      "attributes" : {
        "FID" : 6,
        "PMNTN_SPOT" : 14989,
        "MNTN_CODE" : "468601501",
        "MANAGE_SP1" : "01",
        "MANAGE_SP2" : "시종점",
        "DETAIL_SPO" : "시종점",
        "ETC_MATTER" : " ",
        "MNTN_NM" : "기산봉",
        "PAST_SPOT_" : "4686015010007",
        "MNTN_ID" : "468601501"
      },
      "geometry" : {
        "x" : 155888.68880000059,
        "y" : 274654.75070000254
      }
    },
    {
      "attributes" : {
        "FID" : 7,
        "PMNTN_SPOT" : 14990,
        "MNTN_CODE" : "468601501",
        "MANAGE_SP1" : "99",
        "MANAGE_SP2" : "기타",
        "DETAIL_SPO" : "팔각정2",
        "ETC_MATTER" : " ",
        "MNTN_NM" : "기산봉",
        "PAST_SPOT_" : "4686015010008",
        "MNTN_ID" : "468601501"
      },
      "geometry" : {
        "x" : 155816.88736269251,
        "y" : 275064.09965346381
      }
    },
    {
      "attributes" : {
        "FID" : 8,
        "PMNTN_SPOT" : 14991,
        "MNTN_CODE" : "468601501",
        "MANAGE_SP1" : "99",
        "MANAGE_SP2" : "기타",
        "DETAIL_SPO" : "팔각정1",
        "ETC_MATTER" : " ",
        "MNTN_NM" : "기산봉",
        "PAST_SPOT_" : "4686015010009",
        "MNTN_ID" : "468601501"
      },
      "geometry" : {
        "x" : 155698.76451115403,
        "y" : 274962.24009307846
      }
    },
    {
      "attributes" : {
        "FID" : 9,
        "PMNTN_SPOT" : 14992,
        "MNTN_CODE" : "468601501",
        "MANAGE_SP1" : "99",
        "MANAGE_SP2" : "기타",
        "DETAIL_SPO" : "농어촌공사",
        "ETC_MATTER" : " ",
        "MNTN_NM" : "기산봉",
        "PAST_SPOT_" : "4686015010010",
        "MNTN_ID" : "468601501"
      },
      "geometry" : {
        "x" : 155889.49122164492,
        "y" : 274655.13505657949
      }
    },
    {
      "attributes" : {
        "FID" : 10,
        "PMNTN_SPOT" : 14993,
        "MNTN_CODE" : "468601501",
        "MANAGE_SP1" : "99",
        "MANAGE_SP2" : "기타",
        "DETAIL_SPO" : "작곡재",
        "ETC_MATTER" : " ",
        "MNTN_NM" : "기산봉",
        "PAST_SPOT_" : "4686015010011",
        "MNTN_ID" : "468601501"
      },
      "geometry" : {
        "x" : 155369.25186269451,
        "y" : 275061.21842384711
      }
    }
  ]
}