{
  "displayFieldName" : "",
  "fieldAliases" : {
    "FID" : "FID",
    "PMNTN_SPOT" : "PMNTN_SPOT",
    "MNTN_CODE" : "MNTN_CODE",
    "MANAGE_SP1" : "MANAGE_SP1",
    "MANAGE_SP2" : "MANAGE_SP2",
    "DETAIL_SPO" : "DETAIL_SPO",
    "ETC_MATTER" : "ETC_MATTER",
    "MNTN_NM" : "MNTN_NM",
    "PAST_SPOT_" : "PAST_SPOT_",
    "MNTN_ID" : "MNTN_ID"
  },
  "geometryType" : "esriGeometryPoint",
  "spatialReference" : {
    "wkt" : "PROJCS[\"PCS_ITRF2000_TM\",GEOGCS[\"GCS_ITRF_2000\",DATUM[\"D_ITRF_2000\",SPHEROID[\"GRS_1980\",6378137.0,298.257222101]],PRIMEM[\"Greenwich\",0.0],UNIT[\"Degree\",0.0174532925199433]],PROJECTION[\"Transverse_Mercator\"],PARAMETER[\"False_Easting\",200000.0],PARAMETER[\"False_Northing\",600000.0],PARAMETER[\"Central_Meridian\",127.0],PARAMETER[\"Scale_Factor\",1.0],PARAMETER[\"Latitude_Of_Origin\",38.0],UNIT[\"Meter\",1.0]]"
  },
  "fields" : [
    {
      "name" : "FID",
      "type" : "esriFieldTypeOID",
      "alias" : "FID"
    },
    {
      "name" : "PMNTN_SPOT",
      "type" : "esriFieldTypeDouble",
      "alias" : "PMNTN_SPOT"
    },
    {
      "name" : "MNTN_CODE",
      "type" : "esriFieldTypeString",
      "alias" : "MNTN_CODE",
      "length" : 9
    },
    {
      "name" : "MANAGE_SP1",
      "type" : "esriFieldTypeString",
      "alias" : "MANAGE_SP1",
      "length" : 2
    },
    {
      "name" : "MANAGE_SP2",
      "type" : "esriFieldTypeString",
      "alias" : "MANAGE_SP2",
      "length" : 50
    },
    {
      "name" : "DETAIL_SPO",
      "type" : "esriFieldTypeString",
      "alias" : "DETAIL_SPO",
      "length" : 200
    },
    {
      "name" : "ETC_MATTER",
      "type" : "esriFieldTypeString",
      "alias" : "ETC_MATTER",
      "length" : 200
    },
    {
      "name" : "MNTN_NM",
      "type" : "esriFieldTypeString",
      "alias" : "MNTN_NM",
      "length" : 50
    },
    {
      "name" : "PAST_SPOT_",
      "type" : "esriFieldTypeString",
      "alias" : "PAST_SPOT_",
      "length" : 14
    },
    {
      "name" : "MNTN_ID",
      "type" : "esriFieldTypeString",
      "alias" : "MNTN_ID",
      "length" : 10
    }
  ],
  "features" : [
    {
      "attributes" : {
        "FID" : 0,
        "PMNTN_SPOT" : 66275,
        "MNTN_CODE" : "451103201",
        "MANAGE_SP1" : "10",
        "MANAGE_SP2" : "이정표",
        "DETAIL_SPO" : "이정표",
        "ETC_MATTER" : " ",
        "MNTN_NM" : "오봉산",
        "PAST_SPOT_" : "4511032010001",
        "MNTN_ID" : "451103201"
      },
      "geometry" : {
        "x" : 210409.45385134686,
        "y" : 339222.3935121689
      }
    },
    {
      "attributes" : {
        "FID" : 1,
        "PMNTN_SPOT" : 66276,
        "MNTN_CODE" : "451103201",
        "MANAGE_SP1" : "10",
        "MANAGE_SP2" : "이정표",
        "DETAIL_SPO" : "이정표,접점",
        "ETC_MATTER" : " ",
        "MNTN_NM" : "오봉산",
        "PAST_SPOT_" : "4511032010002",
        "MNTN_ID" : "451103201"
      },
      "geometry" : {
        "x" : 210524.9648513468,
        "y" : 339281.83261216432
      }
    },
    {
      "attributes" : {
        "FID" : 2,
        "PMNTN_SPOT" : 66277,
        "MNTN_CODE" : "451103201",
        "MANAGE_SP1" : "15",
        "MANAGE_SP2" : "훼손지",
        "DETAIL_SPO" : "훼손지",
        "ETC_MATTER" : " ",
        "MNTN_NM" : "오봉산",
        "PAST_SPOT_" : "4511032010003",
        "MNTN_ID" : "451103201"
      },
      "geometry" : {
        "x" : 210446.55835134722,
        "y" : 339470.72691216506
      }
    },
    {
      "attributes" : {
        "FID" : 3,
        "PMNTN_SPOT" : 66278,
        "MNTN_CODE" : "451103201",
        "MANAGE_SP1" : "15",
        "MANAGE_SP2" : "훼손지",
        "DETAIL_SPO" : "훼손지",
        "ETC_MATTER" : " ",
        "MNTN_NM" : "오봉산",
        "PAST_SPOT_" : "4511032010004",
        "MNTN_ID" : "451103201"
      },
      "geometry" : {
        "x" : 210435.57105134521,
        "y" : 339490.35491216369
      }
    },
    {
      "attributes" : {
        "FID" : 4,
        "PMNTN_SPOT" : 66279,
        "MNTN_CODE" : "451103201",
        "MANAGE_SP1" : "10",
        "MANAGE_SP2" : "이정표",
        "DETAIL_SPO" : "접점,이정표",
        "ETC_MATTER" : " ",
        "MNTN_NM" : "오봉산",
        "PAST_SPOT_" : "4511032010005",
        "MNTN_ID" : "451103201"
      },
      "geometry" : {
        "x" : 210431.51255134679,
        "y" : 339507.03371216729
      }
    },
    {
      "attributes" : {
        "FID" : 5,
        "PMNTN_SPOT" : 66280,
        "MNTN_CODE" : "451103201",
        "MANAGE_SP1" : "15",
        "MANAGE_SP2" : "훼손지",
        "DETAIL_SPO" : "훼손지",
        "ETC_MATTER" : " ",
        "MNTN_NM" : "오봉산",
        "PAST_SPOT_" : "4511032010006",
        "MNTN_ID" : "451103201"
      },
      "geometry" : {
        "x" : 210497.47645134665,
        "y" : 339520.16511216387
      }
    },
    {
      "attributes" : {
        "FID" : 6,
        "PMNTN_SPOT" : 66281,
        "MNTN_CODE" : "451103201",
        "MANAGE_SP1" : "15",
        "MANAGE_SP2" : "훼손지",
        "DETAIL_SPO" : "훼손지",
        "ETC_MATTER" : " ",
        "MNTN_NM" : "오봉산",
        "PAST_SPOT_" : "4511032010007",
        "MNTN_ID" : "451103201"
      },
      "geometry" : {
        "x" : 210677.4266513465,
        "y" : 339500.69061216526
      }
    },
    {
      "attributes" : {
        "FID" : 7,
        "PMNTN_SPOT" : 66282,
        "MNTN_CODE" : "451103201",
        "MANAGE_SP1" : "23",
        "MANAGE_SP2" : "정상",
        "DETAIL_SPO" : "정상부",
        "ETC_MATTER" : " ",
        "MNTN_NM" : "오봉산",
        "PAST_SPOT_" : "4511032010008",
        "MNTN_ID" : "451103201"
      },
      "geometry" : {
        "x" : 210610.96065134555,
        "y" : 339649.21011216752
      }
    },
    {
      "attributes" : {
        "FID" : 8,
        "PMNTN_SPOT" : 66283,
        "MNTN_CODE" : "451103201",
        "MANAGE_SP1" : "15",
        "MANAGE_SP2" : "훼손지",
        "DETAIL_SPO" : "훼손지",
        "ETC_MATTER" : " ",
        "MNTN_NM" : "오봉산",
        "PAST_SPOT_" : "4511032010009",
        "MNTN_ID" : "451103201"
      },
      "geometry" : {
        "x" : 210842.51215134747,
        "y" : 339661.31601216644
      }
    },
    {
      "attributes" : {
        "FID" : 9,
        "PMNTN_SPOT" : 66284,
        "MNTN_CODE" : "451103201",
        "MANAGE_SP1" : "02",
        "MANAGE_SP2" : "분기점",
        "DETAIL_SPO" : "접점,이정표",
        "ETC_MATTER" : " ",
        "MNTN_NM" : "오봉산",
        "PAST_SPOT_" : "4511032010010",
        "MNTN_ID" : "451103201"
      },
      "geometry" : {
        "x" : 210898.68730000127,
        "y" : 339695.64950000122
      }
    },
    {
      "attributes" : {
        "FID" : 10,
        "PMNTN_SPOT" : 66285,
        "MNTN_CODE" : "451103201",
        "MANAGE_SP1" : "15",
        "MANAGE_SP2" : "훼손지",
        "DETAIL_SPO" : "훼손지",
        "ETC_MATTER" : " ",
        "MNTN_NM" : "오봉산",
        "PAST_SPOT_" : "4511032010011",
        "MNTN_ID" : "451103201"
      },
      "geometry" : {
        "x" : 210925.60545134638,
        "y" : 339641.85091216676
      }
    },
    {
      "attributes" : {
        "FID" : 11,
        "PMNTN_SPOT" : 66286,
        "MNTN_CODE" : "451103201",
        "MANAGE_SP1" : "15",
        "MANAGE_SP2" : "훼손지",
        "DETAIL_SPO" : "훼손지",
        "ETC_MATTER" : " ",
        "MNTN_NM" : "오봉산",
        "PAST_SPOT_" : "4511032010012",
        "MNTN_ID" : "451103201"
      },
      "geometry" : {
        "x" : 210927.78365134727,
        "y" : 339613.55201216601
      }
    },
    {
      "attributes" : {
        "FID" : 12,
        "PMNTN_SPOT" : 66287,
        "MNTN_CODE" : "451103201",
        "MANAGE_SP1" : "15",
        "MANAGE_SP2" : "훼손지",
        "DETAIL_SPO" : "훼손지",
        "ETC_MATTER" : " ",
        "MNTN_NM" : "오봉산",
        "PAST_SPOT_" : "4511032010013",
        "MNTN_ID" : "451103201"
      },
      "geometry" : {
        "x" : 210977.23975134641,
        "y" : 339569.21141216531
      }
    },
    {
      "attributes" : {
        "FID" : 13,
        "PMNTN_SPOT" : 66288,
        "MNTN_CODE" : "451103201",
        "MANAGE_SP1" : "15",
        "MANAGE_SP2" : "훼손지",
        "DETAIL_SPO" : "훼손지,종점",
        "ETC_MATTER" : " ",
        "MNTN_NM" : "오봉산",
        "PAST_SPOT_" : "4511032010014",
        "MNTN_ID" : "451103201"
      },
      "geometry" : {
        "x" : 210861.06105135009,
        "y" : 339470.60481216572
      }
    },
    {
      "attributes" : {
        "FID" : 14,
        "PMNTN_SPOT" : 66289,
        "MNTN_CODE" : "451103201",
        "MANAGE_SP1" : "15",
        "MANAGE_SP2" : "훼손지",
        "DETAIL_SPO" : "훼손지",
        "ETC_MATTER" : " ",
        "MNTN_NM" : "오봉산",
        "PAST_SPOT_" : "4511032010015",
        "MNTN_ID" : "451103201"
      },
      "geometry" : {
        "x" : 211033.69085134659,
        "y" : 340049.29531216435
      }
    },
    {
      "attributes" : {
        "FID" : 15,
        "PMNTN_SPOT" : 66290,
        "MNTN_CODE" : "451103201",
        "MANAGE_SP1" : "15",
        "MANAGE_SP2" : "훼손지",
        "DETAIL_SPO" : "훼손지",
        "ETC_MATTER" : " ",
        "MNTN_NM" : "오봉산",
        "PAST_SPOT_" : "4511032010016",
        "MNTN_ID" : "451103201"
      },
      "geometry" : {
        "x" : 211128.27585134842,
        "y" : 340017.95711216889
      }
    },
    {
      "attributes" : {
        "FID" : 16,
        "PMNTN_SPOT" : 66291,
        "MNTN_CODE" : "451103201",
        "MANAGE_SP1" : "11",
        "MANAGE_SP2" : "안내판또는지도",
        "DETAIL_SPO" : "안내판,조망점",
        "ETC_MATTER" : " ",
        "MNTN_NM" : "오봉산",
        "PAST_SPOT_" : "4511032010017",
        "MNTN_ID" : "451103201"
      },
      "geometry" : {
        "x" : 211156.52615134697,
        "y" : 340081.44071216881
      }
    },
    {
      "attributes" : {
        "FID" : 17,
        "PMNTN_SPOT" : 66292,
        "MNTN_CODE" : "451103201",
        "MANAGE_SP1" : "12",
        "MANAGE_SP2" : "위험지역",
        "DETAIL_SPO" : "위험지역,훼손지",
        "ETC_MATTER" : " ",
        "MNTN_NM" : "오봉산",
        "PAST_SPOT_" : "4511032010018",
        "MNTN_ID" : "451103201"
      },
      "geometry" : {
        "x" : 211314.07995134778,
        "y" : 340200.42731216736
      }
    },
    {
      "attributes" : {
        "FID" : 18,
        "PMNTN_SPOT" : 66293,
        "MNTN_CODE" : "451103201",
        "MANAGE_SP1" : "23",
        "MANAGE_SP2" : "정상",
        "DETAIL_SPO" : "정상부,접점,이정표",
        "ETC_MATTER" : " ",
        "MNTN_NM" : "오봉산",
        "PAST_SPOT_" : "4511032010019",
        "MNTN_ID" : "451103201"
      },
      "geometry" : {
        "x" : 211483.38215134759,
        "y" : 340084.72701216675
      }
    },
    {
      "attributes" : {
        "FID" : 19,
        "PMNTN_SPOT" : 66294,
        "MNTN_CODE" : "451103201",
        "MANAGE_SP1" : "15",
        "MANAGE_SP2" : "훼손지",
        "DETAIL_SPO" : "훼손지",
        "ETC_MATTER" : " ",
        "MNTN_NM" : "오봉산",
        "PAST_SPOT_" : "4511032010020",
        "MNTN_ID" : "451103201"
      },
      "geometry" : {
        "x" : 211596.13265134674,
        "y" : 339955.40931216814
      }
    },
    {
      "attributes" : {
        "FID" : 20,
        "PMNTN_SPOT" : 66295,
        "MNTN_CODE" : "451103201",
        "MANAGE_SP1" : "15",
        "MANAGE_SP2" : "훼손지",
        "DETAIL_SPO" : "훼손지",
        "ETC_MATTER" : " ",
        "MNTN_NM" : "오봉산",
        "PAST_SPOT_" : "4511032010021",
        "MNTN_ID" : "451103201"
      },
      "geometry" : {
        "x" : 211632.7279513469,
        "y" : 339931.20171216503
      }
    },
    {
      "attributes" : {
        "FID" : 21,
        "PMNTN_SPOT" : 66296,
        "MNTN_CODE" : "451103201",
        "MANAGE_SP1" : "02",
        "MANAGE_SP2" : "분기점",
        "DETAIL_SPO" : "접점,이정표",
        "ETC_MATTER" : " ",
        "MNTN_NM" : "오봉산",
        "PAST_SPOT_" : "4511032010022",
        "MNTN_ID" : "451103201"
      },
      "geometry" : {
        "x" : 211774.33729999885,
        "y" : 339797.83500000462
      }
    },
    {
      "attributes" : {
        "FID" : 22,
        "PMNTN_SPOT" : 66297,
        "MNTN_CODE" : "451103201",
        "MANAGE_SP1" : "15",
        "MANAGE_SP2" : "훼손지",
        "DETAIL_SPO" : "훼손지",
        "ETC_MATTER" : " ",
        "MNTN_NM" : "오봉산",
        "PAST_SPOT_" : "4511032010023",
        "MNTN_ID" : "451103201"
      },
      "geometry" : {
        "x" : 211837.8704513479,
        "y" : 339684.05051216856
      }
    },
    {
      "attributes" : {
        "FID" : 23,
        "PMNTN_SPOT" : 66298,
        "MNTN_CODE" : "451103201",
        "MANAGE_SP1" : "15",
        "MANAGE_SP2" : "훼손지",
        "DETAIL_SPO" : "훼손지",
        "ETC_MATTER" : " ",
        "MNTN_NM" : "오봉산",
        "PAST_SPOT_" : "4511032010024",
        "MNTN_ID" : "451103201"
      },
      "geometry" : {
        "x" : 211926.70805134717,
        "y" : 339579.33041216806
      }
    },
    {
      "attributes" : {
        "FID" : 24,
        "PMNTN_SPOT" : 66299,
        "MNTN_CODE" : "451103201",
        "MANAGE_SP1" : "02",
        "MANAGE_SP2" : "분기점",
        "DETAIL_SPO" : "접점,이정표",
        "ETC_MATTER" : " ",
        "MNTN_NM" : "오봉산",
        "PAST_SPOT_" : "4511032010025",
        "MNTN_ID" : "451103201"
      },
      "geometry" : {
        "x" : 211952.69920000155,
        "y" : 339368.32060000114
      }
    },
    {
      "attributes" : {
        "FID" : 25,
        "PMNTN_SPOT" : 66300,
        "MNTN_CODE" : "451103201",
        "MANAGE_SP1" : "15",
        "MANAGE_SP2" : "훼손지",
        "DETAIL_SPO" : "훼손지",
        "ETC_MATTER" : " ",
        "MNTN_NM" : "오봉산",
        "PAST_SPOT_" : "4511032010026",
        "MNTN_ID" : "451103201"
      },
      "geometry" : {
        "x" : 211655.2726513464,
        "y" : 339636.96351216733
      }
    },
    {
      "attributes" : {
        "FID" : 26,
        "PMNTN_SPOT" : 66301,
        "MNTN_CODE" : "451103201",
        "MANAGE_SP1" : "15",
        "MANAGE_SP2" : "훼손지",
        "DETAIL_SPO" : "훼손지",
        "ETC_MATTER" : " ",
        "MNTN_NM" : "오봉산",
        "PAST_SPOT_" : "4511032010027",
        "MNTN_ID" : "451103201"
      },
      "geometry" : {
        "x" : 211650.50555134658,
        "y" : 339586.99901216663
      }
    },
    {
      "attributes" : {
        "FID" : 27,
        "PMNTN_SPOT" : 66302,
        "MNTN_CODE" : "451103201",
        "MANAGE_SP1" : "15",
        "MANAGE_SP2" : "훼손지",
        "DETAIL_SPO" : "훼손지",
        "ETC_MATTER" : " ",
        "MNTN_NM" : "오봉산",
        "PAST_SPOT_" : "4511032010028",
        "MNTN_ID" : "451103201"
      },
      "geometry" : {
        "x" : 211523.37895135023,
        "y" : 339534.69971216843
      }
    },
    {
      "attributes" : {
        "FID" : 28,
        "PMNTN_SPOT" : 66303,
        "MNTN_CODE" : "451103201",
        "MANAGE_SP1" : "15",
        "MANAGE_SP2" : "훼손지",
        "DETAIL_SPO" : "훼손지",
        "ETC_MATTER" : " ",
        "MNTN_NM" : "오봉산",
        "PAST_SPOT_" : "4511032010029",
        "MNTN_ID" : "451103201"
      },
      "geometry" : {
        "x" : 211369.97555134632,
        "y" : 339439.079512164
      }
    },
    {
      "attributes" : {
        "FID" : 29,
        "PMNTN_SPOT" : 66304,
        "MNTN_CODE" : "451103201",
        "MANAGE_SP1" : "15",
        "MANAGE_SP2" : "훼손지",
        "DETAIL_SPO" : "훼손지",
        "ETC_MATTER" : " ",
        "MNTN_NM" : "오봉산",
        "PAST_SPOT_" : "4511032010030",
        "MNTN_ID" : "451103201"
      },
      "geometry" : {
        "x" : 211299.51415134873,
        "y" : 339385.83891216852
      }
    },
    {
      "attributes" : {
        "FID" : 30,
        "PMNTN_SPOT" : 66305,
        "MNTN_CODE" : "451103201",
        "MANAGE_SP1" : "15",
        "MANAGE_SP2" : "훼손지",
        "DETAIL_SPO" : "훼손지",
        "ETC_MATTER" : " ",
        "MNTN_NM" : "오봉산",
        "PAST_SPOT_" : "4511032010031",
        "MNTN_ID" : "451103201"
      },
      "geometry" : {
        "x" : 211161.38765134662,
        "y" : 339419.97551216744
      }
    },
    {
      "attributes" : {
        "FID" : 31,
        "PMNTN_SPOT" : 66306,
        "MNTN_CODE" : "451103201",
        "MANAGE_SP1" : "10",
        "MANAGE_SP2" : "이정표",
        "DETAIL_SPO" : "이정표,훼손지",
        "ETC_MATTER" : " ",
        "MNTN_NM" : "오봉산",
        "PAST_SPOT_" : "4511032010032",
        "MNTN_ID" : "451103201"
      },
      "geometry" : {
        "x" : 211064.17505134642,
        "y" : 339458.73261216842
      }
    },
    {
      "attributes" : {
        "FID" : 32,
        "PMNTN_SPOT" : 66307,
        "MNTN_CODE" : "451103201",
        "MANAGE_SP1" : "15",
        "MANAGE_SP2" : "훼손지",
        "DETAIL_SPO" : "훼손지",
        "ETC_MATTER" : " ",
        "MNTN_NM" : "오봉산",
        "PAST_SPOT_" : "4511032010033",
        "MNTN_ID" : "451103201"
      },
      "geometry" : {
        "x" : 210902.92615134642,
        "y" : 339319.82311216742
      }
    },
    {
      "attributes" : {
        "FID" : 33,
        "PMNTN_SPOT" : 66308,
        "MNTN_CODE" : "451103201",
        "MANAGE_SP1" : "10",
        "MANAGE_SP2" : "이정표",
        "DETAIL_SPO" : "이정표",
        "ETC_MATTER" : " ",
        "MNTN_NM" : "오봉산",
        "PAST_SPOT_" : "4511032010034",
        "MNTN_ID" : "451103201"
      },
      "geometry" : {
        "x" : 211526.76855134685,
        "y" : 337759.55071216635
      }
    },
    {
      "attributes" : {
        "FID" : 34,
        "PMNTN_SPOT" : 66309,
        "MNTN_CODE" : "451103201",
        "MANAGE_SP1" : "01",
        "MANAGE_SP2" : "시종점",
        "DETAIL_SPO" : "분기,이정표",
        "ETC_MATTER" : " ",
        "MNTN_NM" : "오봉산",
        "PAST_SPOT_" : "4511032010035",
        "MNTN_ID" : "451103201"
      },
      "geometry" : {
        "x" : 211585.16430000123,
        "y" : 337772.9141999986
      }
    },
    {
      "attributes" : {
        "FID" : 35,
        "PMNTN_SPOT" : 66310,
        "MNTN_CODE" : "451103201",
        "MANAGE_SP1" : "15",
        "MANAGE_SP2" : "훼손지",
        "DETAIL_SPO" : "훼손지",
        "ETC_MATTER" : " ",
        "MNTN_NM" : "오봉산",
        "PAST_SPOT_" : "4511032010036",
        "MNTN_ID" : "451103201"
      },
      "geometry" : {
        "x" : 211692.04085134715,
        "y" : 337767.35741216876
      }
    },
    {
      "attributes" : {
        "FID" : 36,
        "PMNTN_SPOT" : 66311,
        "MNTN_CODE" : "451103201",
        "MANAGE_SP1" : "15",
        "MANAGE_SP2" : "훼손지",
        "DETAIL_SPO" : "훼손지",
        "ETC_MATTER" : " ",
        "MNTN_NM" : "오봉산",
        "PAST_SPOT_" : "4511032010037",
        "MNTN_ID" : "451103201"
      },
      "geometry" : {
        "x" : 211709.97495134547,
        "y" : 337826.40131216869
      }
    },
    {
      "attributes" : {
        "FID" : 37,
        "PMNTN_SPOT" : 66312,
        "MNTN_CODE" : "451103201",
        "MANAGE_SP1" : "99",
        "MANAGE_SP2" : "기타",
        "DETAIL_SPO" : "기타,훼손지,종점",
        "ETC_MATTER" : " ",
        "MNTN_NM" : "오봉산",
        "PAST_SPOT_" : "4511032010038",
        "MNTN_ID" : "451103201"
      },
      "geometry" : {
        "x" : 211848.94175134692,
        "y" : 338078.97831216827
      }
    },
    {
      "attributes" : {
        "FID" : 38,
        "PMNTN_SPOT" : 66313,
        "MNTN_CODE" : "451103201",
        "MANAGE_SP1" : "02",
        "MANAGE_SP2" : "분기점",
        "DETAIL_SPO" : "분기,이정표",
        "ETC_MATTER" : " ",
        "MNTN_NM" : "오봉산",
        "PAST_SPOT_" : "4511032010039",
        "MNTN_ID" : "451103201"
      },
      "geometry" : {
        "x" : 210475.50219999999,
        "y" : 338988.82190000266
      }
    },
    {
      "attributes" : {
        "FID" : 39,
        "PMNTN_SPOT" : 66314,
        "MNTN_CODE" : "451103201",
        "MANAGE_SP1" : "10",
        "MANAGE_SP2" : "이정표",
        "DETAIL_SPO" : "접점,이정표",
        "ETC_MATTER" : " ",
        "MNTN_NM" : "오봉산",
        "PAST_SPOT_" : "4511032010040",
        "MNTN_ID" : "451103201"
      },
      "geometry" : {
        "x" : 210479.5292513473,
        "y" : 338681.59821216576
      }
    },
    {
      "attributes" : {
        "FID" : 40,
        "PMNTN_SPOT" : 66315,
        "MNTN_CODE" : "451103201",
        "MANAGE_SP1" : "15",
        "MANAGE_SP2" : "훼손지",
        "DETAIL_SPO" : "훼손지",
        "ETC_MATTER" : " ",
        "MNTN_NM" : "오봉산",
        "PAST_SPOT_" : "4511032010041",
        "MNTN_ID" : "451103201"
      },
      "geometry" : {
        "x" : 210832.03635134641,
        "y" : 338642.21501216851
      }
    },
    {
      "attributes" : {
        "FID" : 41,
        "PMNTN_SPOT" : 66316,
        "MNTN_CODE" : "451103201",
        "MANAGE_SP1" : "02",
        "MANAGE_SP2" : "분기점",
        "DETAIL_SPO" : "분기,이정표",
        "ETC_MATTER" : " ",
        "MNTN_NM" : "오봉산",
        "PAST_SPOT_" : "4511032010042",
        "MNTN_ID" : "451103201"
      },
      "geometry" : {
        "x" : 210984.25820000097,
        "y" : 338644.94690000266
      }
    },
    {
      "attributes" : {
        "FID" : 42,
        "PMNTN_SPOT" : 66317,
        "MNTN_CODE" : "451103201",
        "MANAGE_SP1" : "10",
        "MANAGE_SP2" : "이정표",
        "DETAIL_SPO" : "접점,이정표",
        "ETC_MATTER" : " ",
        "MNTN_NM" : "오봉산",
        "PAST_SPOT_" : "4511032010043",
        "MNTN_ID" : "451103201"
      },
      "geometry" : {
        "x" : 210856.24425134622,
        "y" : 338812.76711216569
      }
    },
    {
      "attributes" : {
        "FID" : 43,
        "PMNTN_SPOT" : 66318,
        "MNTN_CODE" : "451103201",
        "MANAGE_SP1" : "15",
        "MANAGE_SP2" : "훼손지",
        "DETAIL_SPO" : "훼손지",
        "ETC_MATTER" : " ",
        "MNTN_NM" : "오봉산",
        "PAST_SPOT_" : "4511032010044",
        "MNTN_ID" : "451103201"
      },
      "geometry" : {
        "x" : 210832.10635134764,
        "y" : 338717.3029121682
      }
    },
    {
      "attributes" : {
        "FID" : 44,
        "PMNTN_SPOT" : 66319,
        "MNTN_CODE" : "451103201",
        "MANAGE_SP1" : "15",
        "MANAGE_SP2" : "훼손지",
        "DETAIL_SPO" : "훼손지,종점",
        "ETC_MATTER" : " ",
        "MNTN_NM" : "오봉산",
        "PAST_SPOT_" : "4511032010045",
        "MNTN_ID" : "451103201"
      },
      "geometry" : {
        "x" : 210556.95955134649,
        "y" : 338851.96921217069
      }
    },
    {
      "attributes" : {
        "FID" : 45,
        "PMNTN_SPOT" : 66320,
        "MNTN_CODE" : "451103201",
        "MANAGE_SP1" : "15",
        "MANAGE_SP2" : "훼손지",
        "DETAIL_SPO" : "훼손지",
        "ETC_MATTER" : " ",
        "MNTN_NM" : "오봉산",
        "PAST_SPOT_" : "4511032010046",
        "MNTN_ID" : "451103201"
      },
      "geometry" : {
        "x" : 211059.25985134672,
        "y" : 338560.23721216805
      }
    },
    {
      "attributes" : {
        "FID" : 46,
        "PMNTN_SPOT" : 66321,
        "MNTN_CODE" : "451103201",
        "MANAGE_SP1" : "10",
        "MANAGE_SP2" : "이정표",
        "DETAIL_SPO" : "이정표",
        "ETC_MATTER" : " ",
        "MNTN_NM" : "오봉산",
        "PAST_SPOT_" : "4511032010047",
        "MNTN_ID" : "451103201"
      },
      "geometry" : {
        "x" : 211115.33415134996,
        "y" : 338637.67551216669
      }
    },
    {
      "attributes" : {
        "FID" : 47,
        "PMNTN_SPOT" : 66322,
        "MNTN_CODE" : "451103201",
        "MANAGE_SP1" : "15",
        "MANAGE_SP2" : "훼손지",
        "DETAIL_SPO" : "훼손지",
        "ETC_MATTER" : " ",
        "MNTN_NM" : "오봉산",
        "PAST_SPOT_" : "4511032010048",
        "MNTN_ID" : "451103201"
      },
      "geometry" : {
        "x" : 211338.19875134714,
        "y" : 338557.36801216751
      }
    },
    {
      "attributes" : {
        "FID" : 48,
        "PMNTN_SPOT" : 66323,
        "MNTN_CODE" : "451103201",
        "MANAGE_SP1" : "02",
        "MANAGE_SP2" : "분기점",
        "DETAIL_SPO" : "접점,이정표",
        "ETC_MATTER" : " ",
        "MNTN_NM" : "오봉산",
        "PAST_SPOT_" : "4511032010049",
        "MNTN_ID" : "451103201"
      },
      "geometry" : {
        "x" : 211492.39180000126,
        "y" : 338674.64890000224
      }
    },
    {
      "attributes" : {
        "FID" : 49,
        "PMNTN_SPOT" : 66324,
        "MNTN_CODE" : "451103201",
        "MANAGE_SP1" : "15",
        "MANAGE_SP2" : "훼손지",
        "DETAIL_SPO" : "훼손지",
        "ETC_MATTER" : " ",
        "MNTN_NM" : "오봉산",
        "PAST_SPOT_" : "4511032010050",
        "MNTN_ID" : "451103201"
      },
      "geometry" : {
        "x" : 211594.97945134528,
        "y" : 338605.49611216597
      }
    },
    {
      "attributes" : {
        "FID" : 50,
        "PMNTN_SPOT" : 66325,
        "MNTN_CODE" : "451103201",
        "MANAGE_SP1" : "02",
        "MANAGE_SP2" : "분기점",
        "DETAIL_SPO" : "접점,이정표",
        "ETC_MATTER" : " ",
        "MNTN_NM" : "오봉산",
        "PAST_SPOT_" : "4511032010051",
        "MNTN_ID" : "451103201"
      },
      "geometry" : {
        "x" : 211688.97869999986,
        "y" : 338623.96610000171
      }
    },
    {
      "attributes" : {
        "FID" : 51,
        "PMNTN_SPOT" : 66326,
        "MNTN_CODE" : "451103201",
        "MANAGE_SP1" : "10",
        "MANAGE_SP2" : "이정표",
        "DETAIL_SPO" : "이정표",
        "ETC_MATTER" : " ",
        "MNTN_NM" : "오봉산",
        "PAST_SPOT_" : "4511032010052",
        "MNTN_ID" : "451103201"
      },
      "geometry" : {
        "x" : 212215.27015135065,
        "y" : 338797.15111216903
      }
    },
    {
      "attributes" : {
        "FID" : 52,
        "PMNTN_SPOT" : 66327,
        "MNTN_CODE" : "451103201",
        "MANAGE_SP1" : "15",
        "MANAGE_SP2" : "훼손지",
        "DETAIL_SPO" : "훼손지",
        "ETC_MATTER" : " ",
        "MNTN_NM" : "오봉산",
        "PAST_SPOT_" : "4511032010053",
        "MNTN_ID" : "451103201"
      },
      "geometry" : {
        "x" : 212208.19565134775,
        "y" : 338879.51421216503
      }
    },
    {
      "attributes" : {
        "FID" : 53,
        "PMNTN_SPOT" : 66328,
        "MNTN_CODE" : "451103201",
        "MANAGE_SP1" : "15",
        "MANAGE_SP2" : "훼손지",
        "DETAIL_SPO" : "훼손지",
        "ETC_MATTER" : " ",
        "MNTN_NM" : "오봉산",
        "PAST_SPOT_" : "4511032010054",
        "MNTN_ID" : "451103201"
      },
      "geometry" : {
        "x" : 212131.32645135,
        "y" : 338982.45311216824
      }
    },
    {
      "attributes" : {
        "FID" : 54,
        "PMNTN_SPOT" : 66329,
        "MNTN_CODE" : "451103201",
        "MANAGE_SP1" : "15",
        "MANAGE_SP2" : "훼손지",
        "DETAIL_SPO" : "훼손지",
        "ETC_MATTER" : " ",
        "MNTN_NM" : "오봉산",
        "PAST_SPOT_" : "4511032010055",
        "MNTN_ID" : "451103201"
      },
      "geometry" : {
        "x" : 212097.35445134714,
        "y" : 339000.21801216714
      }
    },
    {
      "attributes" : {
        "FID" : 55,
        "PMNTN_SPOT" : 66330,
        "MNTN_CODE" : "451103201",
        "MANAGE_SP1" : "15",
        "MANAGE_SP2" : "훼손지",
        "DETAIL_SPO" : "훼손지",
        "ETC_MATTER" : " ",
        "MNTN_NM" : "오봉산",
        "PAST_SPOT_" : "4511032010056",
        "MNTN_ID" : "451103201"
      },
      "geometry" : {
        "x" : 211856.70775134675,
        "y" : 339003.95941216685
      }
    },
    {
      "attributes" : {
        "FID" : 56,
        "PMNTN_SPOT" : 66331,
        "MNTN_CODE" : "451103201",
        "MANAGE_SP1" : "01",
        "MANAGE_SP2" : "시종점",
        "DETAIL_SPO" : "분기,이정표,훼손지",
        "ETC_MATTER" : " ",
        "MNTN_NM" : "오봉산",
        "PAST_SPOT_" : "4511032010057",
        "MNTN_ID" : "451103201"
      },
      "geometry" : {
        "x" : 211564.08799999952,
        "y" : 339059.82410000451
      }
    },
    {
      "attributes" : {
        "FID" : 57,
        "PMNTN_SPOT" : 66332,
        "MNTN_CODE" : "451103201",
        "MANAGE_SP1" : "15",
        "MANAGE_SP2" : "훼손지",
        "DETAIL_SPO" : "훼손지",
        "ETC_MATTER" : " ",
        "MNTN_NM" : "오봉산",
        "PAST_SPOT_" : "4511032010058",
        "MNTN_ID" : "451103201"
      },
      "geometry" : {
        "x" : 211338.70865134709,
        "y" : 339082.87471216917
      }
    },
    {
      "attributes" : {
        "FID" : 58,
        "PMNTN_SPOT" : 66333,
        "MNTN_CODE" : "451103201",
        "MANAGE_SP1" : "15",
        "MANAGE_SP2" : "훼손지",
        "DETAIL_SPO" : "훼손지",
        "ETC_MATTER" : " ",
        "MNTN_NM" : "오봉산",
        "PAST_SPOT_" : "4511032010059",
        "MNTN_ID" : "451103201"
      },
      "geometry" : {
        "x" : 211307.74285134673,
        "y" : 339011.32011216879
      }
    },
    {
      "attributes" : {
        "FID" : 59,
        "PMNTN_SPOT" : 66334,
        "MNTN_CODE" : "451103201",
        "MANAGE_SP1" : "15",
        "MANAGE_SP2" : "훼손지",
        "DETAIL_SPO" : "훼손지,분기,이정표",
        "ETC_MATTER" : " ",
        "MNTN_NM" : "오봉산",
        "PAST_SPOT_" : "4511032010060",
        "MNTN_ID" : "451103201"
      },
      "geometry" : {
        "x" : 211184.2044513477,
        "y" : 339052.81451216713
      }
    },
    {
      "attributes" : {
        "FID" : 60,
        "PMNTN_SPOT" : 66335,
        "MNTN_CODE" : "451103201",
        "MANAGE_SP1" : "01",
        "MANAGE_SP2" : "시종점",
        "DETAIL_SPO" : "분기,훼손지,이정표",
        "ETC_MATTER" : " ",
        "MNTN_NM" : "오봉산",
        "PAST_SPOT_" : "4511032010061",
        "MNTN_ID" : "451103201"
      },
      "geometry" : {
        "x" : 211118.80349999946,
        "y" : 339138.71619999968
      }
    },
    {
      "attributes" : {
        "FID" : 61,
        "PMNTN_SPOT" : 66336,
        "MNTN_CODE" : "451103201",
        "MANAGE_SP1" : "02",
        "MANAGE_SP2" : "분기점",
        "DETAIL_SPO" : "접점,이정표",
        "ETC_MATTER" : " ",
        "MNTN_NM" : "오봉산",
        "PAST_SPOT_" : "4511032010062",
        "MNTN_ID" : "451103201"
      },
      "geometry" : {
        "x" : 210720.41900000162,
        "y" : 339326.60490000434
      }
    },
    {
      "attributes" : {
        "FID" : 62,
        "PMNTN_SPOT" : 66337,
        "MNTN_CODE" : "451103201",
        "MANAGE_SP1" : "04",
        "MANAGE_SP2" : "화장실",
        "DETAIL_SPO" : "화장실",
        "ETC_MATTER" : " ",
        "MNTN_NM" : "오봉산",
        "PAST_SPOT_" : "4511032010063",
        "MNTN_ID" : "451103201"
      },
      "geometry" : {
        "x" : 210645.87635134719,
        "y" : 339243.55081216432
      }
    },
    {
      "attributes" : {
        "FID" : 63,
        "PMNTN_SPOT" : 66338,
        "MNTN_CODE" : "451103201",
        "MANAGE_SP1" : "11",
        "MANAGE_SP2" : "안내판또는지도",
        "DETAIL_SPO" : "안내판,종점",
        "ETC_MATTER" : " ",
        "MNTN_NM" : "오봉산",
        "PAST_SPOT_" : "4511032010064",
        "MNTN_ID" : "451103201"
      },
      "geometry" : {
        "x" : 210571.7613513479,
        "y" : 339228.81011216715
      }
    },
    {
      "attributes" : {
        "FID" : 64,
        "PMNTN_SPOT" : 66339,
        "MNTN_CODE" : "451103201",
        "MANAGE_SP1" : "15",
        "MANAGE_SP2" : "훼손지",
        "DETAIL_SPO" : "훼손지",
        "ETC_MATTER" : " ",
        "MNTN_NM" : "오봉산",
        "PAST_SPOT_" : "4511032010065",
        "MNTN_ID" : "451103201"
      },
      "geometry" : {
        "x" : 211290.41705134604,
        "y" : 338920.09351216443
      }
    },
    {
      "attributes" : {
        "FID" : 65,
        "PMNTN_SPOT" : 66340,
        "MNTN_CODE" : "451103201",
        "MANAGE_SP1" : "12",
        "MANAGE_SP2" : "위험지역",
        "DETAIL_SPO" : "위험지역,훼손지",
        "ETC_MATTER" : " ",
        "MNTN_NM" : "오봉산",
        "PAST_SPOT_" : "4511032010066",
        "MNTN_ID" : "451103201"
      },
      "geometry" : {
        "x" : 211281.90905134846,
        "y" : 339240.81051216647
      }
    },
    {
      "attributes" : {
        "FID" : 66,
        "PMNTN_SPOT" : 66341,
        "MNTN_CODE" : "451103201",
        "MANAGE_SP1" : "12",
        "MANAGE_SP2" : "위험지역",
        "DETAIL_SPO" : "위험지역,종점",
        "ETC_MATTER" : " ",
        "MNTN_NM" : "오봉산",
        "PAST_SPOT_" : "4511032010067",
        "MNTN_ID" : "451103201"
      },
      "geometry" : {
        "x" : 211792.10485134739,
        "y" : 339348.0417121686
      }
    },
    {
      "attributes" : {
        "FID" : 67,
        "PMNTN_SPOT" : 66342,
        "MNTN_CODE" : "451103201",
        "MANAGE_SP1" : "23",
        "MANAGE_SP2" : "정상",
        "DETAIL_SPO" : "정상부",
        "ETC_MATTER" : " ",
        "MNTN_NM" : "오봉산",
        "PAST_SPOT_" : "4511032010068",
        "MNTN_ID" : "451103201"
      },
      "geometry" : {
        "x" : 212003.9712513471,
        "y" : 339312.1771121677
      }
    },
    {
      "attributes" : {
        "FID" : 68,
        "PMNTN_SPOT" : 66343,
        "MNTN_CODE" : "451103201",
        "MANAGE_SP1" : "01",
        "MANAGE_SP2" : "시종점",
        "DETAIL_SPO" : "분기,이정표",
        "ETC_MATTER" : " ",
        "MNTN_NM" : "오봉산",
        "PAST_SPOT_" : "4511032010069",
        "MNTN_ID" : "451103201"
      },
      "geometry" : {
        "x" : 212251.37719999999,
        "y" : 339009.78419999965
      }
    },
    {
      "attributes" : {
        "FID" : 69,
        "PMNTN_SPOT" : 66344,
        "MNTN_CODE" : "451103201",
        "MANAGE_SP1" : "23",
        "MANAGE_SP2" : "정상",
        "DETAIL_SPO" : "이정표,정상부",
        "ETC_MATTER" : " ",
        "MNTN_NM" : "오봉산",
        "PAST_SPOT_" : "4511032010070",
        "MNTN_ID" : "451103201"
      },
      "geometry" : {
        "x" : 212331.2633513473,
        "y" : 338875.07871216722
      }
    },
    {
      "attributes" : {
        "FID" : 70,
        "PMNTN_SPOT" : 66345,
        "MNTN_CODE" : "451103201",
        "MANAGE_SP1" : "22",
        "MANAGE_SP2" : "헬기장",
        "DETAIL_SPO" : "헬기장,조망점",
        "ETC_MATTER" : " ",
        "MNTN_NM" : "오봉산",
        "PAST_SPOT_" : "4511032010071",
        "MNTN_ID" : "451103201"
      },
      "geometry" : {
        "x" : 212031.53955134749,
        "y" : 338638.73461216874
      }
    },
    {
      "attributes" : {
        "FID" : 71,
        "PMNTN_SPOT" : 66346,
        "MNTN_CODE" : "451103201",
        "MANAGE_SP1" : "23",
        "MANAGE_SP2" : "정상",
        "DETAIL_SPO" : "정상부,안내판,조망점",
        "ETC_MATTER" : " ",
        "MNTN_NM" : "오봉산",
        "PAST_SPOT_" : "4511032010072",
        "MNTN_ID" : "451103201"
      },
      "geometry" : {
        "x" : 212002.99355134834,
        "y" : 338524.12821216695
      }
    },
    {
      "attributes" : {
        "FID" : 72,
        "PMNTN_SPOT" : 66347,
        "MNTN_CODE" : "451103201",
        "MANAGE_SP1" : "02",
        "MANAGE_SP2" : "분기점",
        "DETAIL_SPO" : "분기점",
        "ETC_MATTER" : " ",
        "MNTN_NM" : "오봉산",
        "PAST_SPOT_" : "4511032010073",
        "MNTN_ID" : "451103201"
      },
      "geometry" : {
        "x" : 210524.70960000157,
        "y" : 339294.85030000098
      }
    },
    {
      "attributes" : {
        "FID" : 73,
        "PMNTN_SPOT" : 66348,
        "MNTN_CODE" : "451103201",
        "MANAGE_SP1" : "02",
        "MANAGE_SP2" : "분기점",
        "DETAIL_SPO" : "분기점",
        "ETC_MATTER" : " ",
        "MNTN_NM" : "오봉산",
        "PAST_SPOT_" : "4511032010074",
        "MNTN_ID" : "451103201"
      },
      "geometry" : {
        "x" : 210840.43629999924,
        "y" : 339344.19520000182
      }
    },
    {
      "attributes" : {
        "FID" : 74,
        "PMNTN_SPOT" : 66349,
        "MNTN_CODE" : "451103201",
        "MANAGE_SP1" : "02",
        "MANAGE_SP2" : "분기점",
        "DETAIL_SPO" : "분기점",
        "ETC_MATTER" : " ",
        "MNTN_NM" : "오봉산",
        "PAST_SPOT_" : "4511032010075",
        "MNTN_ID" : "451103201"
      },
      "geometry" : {
        "x" : 211188.93239999935,
        "y" : 339067.00559999794
      }
    },
    {
      "attributes" : {
        "FID" : 75,
        "PMNTN_SPOT" : 66350,
        "MNTN_CODE" : "451103201",
        "MANAGE_SP1" : "02",
        "MANAGE_SP2" : "분기점",
        "DETAIL_SPO" : "분기점",
        "ETC_MATTER" : " ",
        "MNTN_NM" : "오봉산",
        "PAST_SPOT_" : "4511032010076",
        "MNTN_ID" : "451103201"
      },
      "geometry" : {
        "x" : 211992.49519509263,
        "y" : 338578.73132298514
      }
    },
    {
      "attributes" : {
        "FID" : 76,
        "PMNTN_SPOT" : 66351,
        "MNTN_CODE" : "451103201",
        "MANAGE_SP1" : "02",
        "MANAGE_SP2" : "분기점",
        "DETAIL_SPO" : "분기점",
        "ETC_MATTER" : " ",
        "MNTN_NM" : "오봉산",
        "PAST_SPOT_" : "4511032010077",
        "MNTN_ID" : "451103201"
      },
      "geometry" : {
        "x" : 212195.84527964145,
        "y" : 338847.43767333962
      }
    },
    {
      "attributes" : {
        "FID" : 77,
        "PMNTN_SPOT" : 98471,
        "MNTN_CODE" : "451103201",
        "MANAGE_SP1" : "10",
        "MANAGE_SP2" : "이정표",
        "DETAIL_SPO" : "이정표",
        "ETC_MATTER" : " ",
        "MNTN_NM" : "오봉산",
        "PAST_SPOT_" : "4511032010078",
        "MNTN_ID" : "451103201"
      },
      "geometry" : {
        "x" : 210365.71339999954,
        "y" : 339171.59509999969
      }
    },
    {
      "attributes" : {
        "FID" : 78,
        "PMNTN_SPOT" : 98472,
        "MNTN_CODE" : "451103201",
        "MANAGE_SP1" : "15",
        "MANAGE_SP2" : "훼손지",
        "DETAIL_SPO" : "훼손지",
        "ETC_MATTER" : " ",
        "MNTN_NM" : "오봉산",
        "PAST_SPOT_" : "4511032010079",
        "MNTN_ID" : "451103201"
      },
      "geometry" : {
        "x" : 210354.72610000041,
        "y" : 339191.22309999901
      }
    },
    {
      "attributes" : {
        "FID" : 79,
        "PMNTN_SPOT" : 98473,
        "MNTN_CODE" : "451103201",
        "MANAGE_SP1" : "15",
        "MANAGE_SP2" : "훼손지",
        "DETAIL_SPO" : "훼손지",
        "ETC_MATTER" : " ",
        "MNTN_NM" : "오봉산",
        "PAST_SPOT_" : "4511032010080",
        "MNTN_ID" : "451103201"
      },
      "geometry" : {
        "x" : 210350.66760000007,
        "y" : 339207.90190000075
      }
    },
    {
      "attributes" : {
        "FID" : 80,
        "PMNTN_SPOT" : 98474,
        "MNTN_CODE" : "451103201",
        "MANAGE_SP1" : "15",
        "MANAGE_SP2" : "훼손지",
        "DETAIL_SPO" : "훼손지",
        "ETC_MATTER" : " ",
        "MNTN_NM" : "오봉산",
        "PAST_SPOT_" : "4511032010081",
        "MNTN_ID" : "451103201"
      },
      "geometry" : {
        "x" : 210616.63230000084,
        "y" : 339263.93789999932
      }
    },
    {
      "attributes" : {
        "FID" : 81,
        "PMNTN_SPOT" : 98475,
        "MNTN_CODE" : "451103201",
        "MANAGE_SP1" : "15",
        "MANAGE_SP2" : "훼손지",
        "DETAIL_SPO" : "훼손지",
        "ETC_MATTER" : " ",
        "MNTN_NM" : "오봉산",
        "PAST_SPOT_" : "4511032010082",
        "MNTN_ID" : "451103201"
      },
      "geometry" : {
        "x" : 210692.00629999847,
        "y" : 339340.14589999989
      }
    },
    {
      "attributes" : {
        "FID" : 82,
        "PMNTN_SPOT" : 98476,
        "MNTN_CODE" : "451103201",
        "MANAGE_SP1" : "23",
        "MANAGE_SP2" : "정상",
        "DETAIL_SPO" : "정상",
        "ETC_MATTER" : " ",
        "MNTN_NM" : "오봉산",
        "PAST_SPOT_" : "4511032010083",
        "MNTN_ID" : "451103201"
      },
      "geometry" : {
        "x" : 210799.29320000019,
        "y" : 339365.48460000032
      }
    },
    {
      "attributes" : {
        "FID" : 83,
        "PMNTN_SPOT" : 98477,
        "MNTN_CODE" : "451103201",
        "MANAGE_SP1" : "15",
        "MANAGE_SP2" : "훼손지",
        "DETAIL_SPO" : "훼손지",
        "ETC_MATTER" : " ",
        "MNTN_NM" : "오봉산",
        "PAST_SPOT_" : "4511032010084",
        "MNTN_ID" : "451103201"
      },
      "geometry" : {
        "x" : 210822.11289999972,
        "y" : 339379.93520000065
      }
    },
    {
      "attributes" : {
        "FID" : 84,
        "PMNTN_SPOT" : 98478,
        "MNTN_CODE" : "451103201",
        "MANAGE_SP1" : "15",
        "MANAGE_SP2" : "훼손지",
        "DETAIL_SPO" : "훼손지",
        "ETC_MATTER" : " ",
        "MNTN_NM" : "오봉산",
        "PAST_SPOT_" : "4511032010085",
        "MNTN_ID" : "451103201"
      },
      "geometry" : {
        "x" : 210837.28470000037,
        "y" : 339339.66890000075
      }
    },
    {
      "attributes" : {
        "FID" : 85,
        "PMNTN_SPOT" : 98479,
        "MNTN_CODE" : "451103201",
        "MANAGE_SP1" : "15",
        "MANAGE_SP2" : "훼손지",
        "DETAIL_SPO" : "훼손지",
        "ETC_MATTER" : " ",
        "MNTN_NM" : "오봉산",
        "PAST_SPOT_" : "4511032010086",
        "MNTN_ID" : "451103201"
      },
      "geometry" : {
        "x" : 210882.285100001,
        "y" : 339306.4673999995
      }
    },
    {
      "attributes" : {
        "FID" : 86,
        "PMNTN_SPOT" : 98480,
        "MNTN_CODE" : "451103201",
        "MANAGE_SP1" : "15",
        "MANAGE_SP2" : "훼손지",
        "DETAIL_SPO" : "훼손지",
        "ETC_MATTER" : " ",
        "MNTN_NM" : "오봉산",
        "PAST_SPOT_" : "4511032010087",
        "MNTN_ID" : "451103201"
      },
      "geometry" : {
        "x" : 210916.11510000037,
        "y" : 339165.90349999955
      }
    },
    {
      "attributes" : {
        "FID" : 87,
        "PMNTN_SPOT" : 98481,
        "MNTN_CODE" : "451103201",
        "MANAGE_SP1" : "15",
        "MANAGE_SP2" : "훼손지",
        "DETAIL_SPO" : "훼손지",
        "ETC_MATTER" : " ",
        "MNTN_NM" : "오봉산",
        "PAST_SPOT_" : "4511032010088",
        "MNTN_ID" : "451103201"
      },
      "geometry" : {
        "x" : 210770.30069999959,
        "y" : 339027.20170000015
      }
    },
    {
      "attributes" : {
        "FID" : 88,
        "PMNTN_SPOT" : 98482,
        "MNTN_CODE" : "451103201",
        "MANAGE_SP1" : "15",
        "MANAGE_SP2" : "훼손지",
        "DETAIL_SPO" : "훼손지",
        "ETC_MATTER" : " ",
        "MNTN_NM" : "오봉산",
        "PAST_SPOT_" : "4511032010089",
        "MNTN_ID" : "451103201"
      },
      "geometry" : {
        "x" : 211044.46040000106,
        "y" : 339752.90269999916
      }
    },
    {
      "attributes" : {
        "FID" : 89,
        "PMNTN_SPOT" : 98483,
        "MNTN_CODE" : "451103201",
        "MANAGE_SP1" : "15",
        "MANAGE_SP2" : "훼손지",
        "DETAIL_SPO" : "훼손지",
        "ETC_MATTER" : " ",
        "MNTN_NM" : "오봉산",
        "PAST_SPOT_" : "4511032010090",
        "MNTN_ID" : "451103201"
      },
      "geometry" : {
        "x" : 211075.68120000046,
        "y" : 339782.30890000029
      }
    },
    {
      "attributes" : {
        "FID" : 90,
        "PMNTN_SPOT" : 98484,
        "MNTN_CODE" : "451103201",
        "MANAGE_SP1" : "11",
        "MANAGE_SP2" : "안내판또는지도",
        "DETAIL_SPO" : "안내판또는지도",
        "ETC_MATTER" : " ",
        "MNTN_NM" : "오봉산",
        "PAST_SPOT_" : "4511032010091",
        "MNTN_ID" : "451103201"
      },
      "geometry" : {
        "x" : 211233.23499999964,
        "y" : 339901.29549999873
      }
    },
    {
      "attributes" : {
        "FID" : 91,
        "PMNTN_SPOT" : 98485,
        "MNTN_CODE" : "451103201",
        "MANAGE_SP1" : "12",
        "MANAGE_SP2" : "위험지역",
        "DETAIL_SPO" : "위험지역, 훼손지",
        "ETC_MATTER" : " ",
        "MNTN_NM" : "오봉산",
        "PAST_SPOT_" : "4511032010092",
        "MNTN_ID" : "451103201"
      },
      "geometry" : {
        "x" : 211358.88399999888,
        "y" : 339834.30540000187
      }
    },
    {
      "attributes" : {
        "FID" : 92,
        "PMNTN_SPOT" : 98486,
        "MNTN_CODE" : "451103201",
        "MANAGE_SP1" : "23",
        "MANAGE_SP2" : "정상",
        "DETAIL_SPO" : "정상",
        "ETC_MATTER" : " ",
        "MNTN_NM" : "오봉산",
        "PAST_SPOT_" : "4511032010093",
        "MNTN_ID" : "451103201"
      },
      "geometry" : {
        "x" : 211514.02770000033,
        "y" : 339650.75860000052
      }
    },
    {
      "attributes" : {
        "FID" : 93,
        "PMNTN_SPOT" : 98487,
        "MNTN_CODE" : "451103201",
        "MANAGE_SP1" : "15",
        "MANAGE_SP2" : "훼손지",
        "DETAIL_SPO" : "훼손지",
        "ETC_MATTER" : " ",
        "MNTN_NM" : "오봉산",
        "PAST_SPOT_" : "4511032010094",
        "MNTN_ID" : "451103201"
      },
      "geometry" : {
        "x" : 211551.88300000087,
        "y" : 339632.06990000024
      }
    },
    {
      "attributes" : {
        "FID" : 94,
        "PMNTN_SPOT" : 98488,
        "MNTN_CODE" : "451103201",
        "MANAGE_SP1" : "15",
        "MANAGE_SP2" : "훼손지",
        "DETAIL_SPO" : "훼손지",
        "ETC_MATTER" : " ",
        "MNTN_NM" : "오봉산",
        "PAST_SPOT_" : "4511032010095",
        "MNTN_ID" : "451103201"
      },
      "geometry" : {
        "x" : 211691.38270000025,
        "y" : 339488.81769999966
      }
    },
    {
      "attributes" : {
        "FID" : 95,
        "PMNTN_SPOT" : 98489,
        "MNTN_CODE" : "451103201",
        "MANAGE_SP1" : "15",
        "MANAGE_SP2" : "훼손지",
        "DETAIL_SPO" : "훼손지",
        "ETC_MATTER" : " ",
        "MNTN_NM" : "오봉산",
        "PAST_SPOT_" : "4511032010096",
        "MNTN_ID" : "451103201"
      },
      "geometry" : {
        "x" : 211845.86310000028,
        "y" : 339280.19859999977
      }
    },
    {
      "attributes" : {
        "FID" : 96,
        "PMNTN_SPOT" : 98490,
        "MNTN_CODE" : "451103201",
        "MANAGE_SP1" : "15",
        "MANAGE_SP2" : "훼손지",
        "DETAIL_SPO" : "훼손지",
        "ETC_MATTER" : " ",
        "MNTN_NM" : "오봉산",
        "PAST_SPOT_" : "4511032010097",
        "MNTN_ID" : "451103201"
      },
      "geometry" : {
        "x" : 211871.66720000064,
        "y" : 339054.51369999943
      }
    },
    {
      "attributes" : {
        "FID" : 97,
        "PMNTN_SPOT" : 98491,
        "MNTN_CODE" : "451103201",
        "MANAGE_SP1" : "15",
        "MANAGE_SP2" : "훼손지",
        "DETAIL_SPO" : "훼손지",
        "ETC_MATTER" : " ",
        "MNTN_NM" : "오봉산",
        "PAST_SPOT_" : "4511032010098",
        "MNTN_ID" : "451103201"
      },
      "geometry" : {
        "x" : 211571.22829999885,
        "y" : 339331.62610000011
      }
    },
    {
      "attributes" : {
        "FID" : 98,
        "PMNTN_SPOT" : 98492,
        "MNTN_CODE" : "451103201",
        "MANAGE_SP1" : "15",
        "MANAGE_SP2" : "훼손지",
        "DETAIL_SPO" : "훼손지",
        "ETC_MATTER" : " ",
        "MNTN_NM" : "오봉산",
        "PAST_SPOT_" : "4511032010099",
        "MNTN_ID" : "451103201"
      },
      "geometry" : {
        "x" : 211442.53399999981,
        "y" : 339235.56790000031
      }
    },
    {
      "attributes" : {
        "FID" : 99,
        "PMNTN_SPOT" : 98493,
        "MNTN_CODE" : "451103201",
        "MANAGE_SP1" : "15",
        "MANAGE_SP2" : "훼손지",
        "DETAIL_SPO" : "훼손지",
        "ETC_MATTER" : " ",
        "MNTN_NM" : "오봉산",
        "PAST_SPOT_" : "4511032010100",
        "MNTN_ID" : "451103201"
      },
      "geometry" : {
        "x" : 211289.13060000062,
        "y" : 339139.94769999909
      }
    },
    {
      "attributes" : {
        "FID" : 100,
        "PMNTN_SPOT" : 98494,
        "MNTN_CODE" : "451103201",
        "MANAGE_SP1" : "15",
        "MANAGE_SP2" : "훼손지",
        "DETAIL_SPO" : "훼손지",
        "ETC_MATTER" : " ",
        "MNTN_NM" : "오봉산",
        "PAST_SPOT_" : "4511032010101",
        "MNTN_ID" : "451103201"
      },
      "geometry" : {
        "x" : 211218.66920000137,
        "y" : 339086.70710000041
      }
    },
    {
      "attributes" : {
        "FID" : 101,
        "PMNTN_SPOT" : 98495,
        "MNTN_CODE" : "451103201",
        "MANAGE_SP1" : "15",
        "MANAGE_SP2" : "훼손지",
        "DETAIL_SPO" : "훼손지",
        "ETC_MATTER" : " ",
        "MNTN_NM" : "오봉산",
        "PAST_SPOT_" : "4511032010102",
        "MNTN_ID" : "451103201"
      },
      "geometry" : {
        "x" : 211080.54270000025,
        "y" : 339120.84369999904
      }
    },
    {
      "attributes" : {
        "FID" : 102,
        "PMNTN_SPOT" : 98496,
        "MNTN_CODE" : "451103201",
        "MANAGE_SP1" : "15",
        "MANAGE_SP2" : "훼손지",
        "DETAIL_SPO" : "훼손지",
        "ETC_MATTER" : " ",
        "MNTN_NM" : "오봉산",
        "PAST_SPOT_" : "4511032010103",
        "MNTN_ID" : "451103201"
      },
      "geometry" : {
        "x" : 210983.33010000095,
        "y" : 339159.6008000006
      }
    },
    {
      "attributes" : {
        "FID" : 103,
        "PMNTN_SPOT" : 98497,
        "MNTN_CODE" : "451103201",
        "MANAGE_SP1" : "10",
        "MANAGE_SP2" : "이정표",
        "DETAIL_SPO" : "이정표, 훼손지",
        "ETC_MATTER" : " ",
        "MNTN_NM" : "오봉산",
        "PAST_SPOT_" : "4511032010104",
        "MNTN_ID" : "451103201"
      },
      "geometry" : {
        "x" : 210853.59660000022,
        "y" : 339087.33110000018
      }
    },
    {
      "attributes" : {
        "FID" : 104,
        "PMNTN_SPOT" : 98498,
        "MNTN_CODE" : "451103201",
        "MANAGE_SP1" : "15",
        "MANAGE_SP2" : "훼손지",
        "DETAIL_SPO" : "훼손지",
        "ETC_MATTER" : " ",
        "MNTN_NM" : "오봉산",
        "PAST_SPOT_" : "4511032010105",
        "MNTN_ID" : "451103201"
      },
      "geometry" : {
        "x" : 211498.43860000046,
        "y" : 337460.56559999991
      }
    },
    {
      "attributes" : {
        "FID" : 105,
        "PMNTN_SPOT" : 98499,
        "MNTN_CODE" : "451103201",
        "MANAGE_SP1" : "10",
        "MANAGE_SP2" : "이정표",
        "DETAIL_SPO" : "이정표",
        "ETC_MATTER" : " ",
        "MNTN_NM" : "오봉산",
        "PAST_SPOT_" : "4511032010106",
        "MNTN_ID" : "451103201"
      },
      "geometry" : {
        "x" : 211527.52709999969,
        "y" : 337477.8144000005
      }
    },
    {
      "attributes" : {
        "FID" : 106,
        "PMNTN_SPOT" : 98500,
        "MNTN_CODE" : "451103201",
        "MANAGE_SP1" : "15",
        "MANAGE_SP2" : "훼손지",
        "DETAIL_SPO" : "훼손지",
        "ETC_MATTER" : " ",
        "MNTN_NM" : "오봉산",
        "PAST_SPOT_" : "4511032010107",
        "MNTN_ID" : "451103201"
      },
      "geometry" : {
        "x" : 211626.34289999964,
        "y" : 337524.04230000067
      }
    },
    {
      "attributes" : {
        "FID" : 107,
        "PMNTN_SPOT" : 98501,
        "MNTN_CODE" : "451103201",
        "MANAGE_SP1" : "15",
        "MANAGE_SP2" : "훼손지",
        "DETAIL_SPO" : "훼손지",
        "ETC_MATTER" : " ",
        "MNTN_NM" : "오봉산",
        "PAST_SPOT_" : "4511032010108",
        "MNTN_ID" : "451103201"
      },
      "geometry" : {
        "x" : 211768.09679999942,
        "y" : 337779.84650000004
      }
    },
    {
      "attributes" : {
        "FID" : 108,
        "PMNTN_SPOT" : 98502,
        "MNTN_CODE" : "451103201",
        "MANAGE_SP1" : "15",
        "MANAGE_SP2" : "훼손지",
        "DETAIL_SPO" : "훼손지",
        "ETC_MATTER" : " ",
        "MNTN_NM" : "오봉산",
        "PAST_SPOT_" : "4511032010109",
        "MNTN_ID" : "451103201"
      },
      "geometry" : {
        "x" : 210907.26099999942,
        "y" : 338333.93119999976
      }
    },
    {
      "attributes" : {
        "FID" : 109,
        "PMNTN_SPOT" : 98503,
        "MNTN_CODE" : "451103201",
        "MANAGE_SP1" : "15",
        "MANAGE_SP2" : "훼손지",
        "DETAIL_SPO" : "훼손지",
        "ETC_MATTER" : " ",
        "MNTN_NM" : "오봉산",
        "PAST_SPOT_" : "4511032010110",
        "MNTN_ID" : "451103201"
      },
      "geometry" : {
        "x" : 210476.11460000084,
        "y" : 338552.83740000008
      }
    },
    {
      "attributes" : {
        "FID" : 110,
        "PMNTN_SPOT" : 98504,
        "MNTN_CODE" : "451103201",
        "MANAGE_SP1" : "15",
        "MANAGE_SP2" : "훼손지",
        "DETAIL_SPO" : "훼손지",
        "ETC_MATTER" : " ",
        "MNTN_NM" : "오봉산",
        "PAST_SPOT_" : "4511032010111",
        "MNTN_ID" : "451103201"
      },
      "geometry" : {
        "x" : 211012.94670000032,
        "y" : 338320.14279999922
      }
    },
    {
      "attributes" : {
        "FID" : 111,
        "PMNTN_SPOT" : 98505,
        "MNTN_CODE" : "451103201",
        "MANAGE_SP1" : "15",
        "MANAGE_SP2" : "훼손지",
        "DETAIL_SPO" : "훼손지",
        "ETC_MATTER" : " ",
        "MNTN_NM" : "오봉산",
        "PAST_SPOT_" : "4511032010112",
        "MNTN_ID" : "451103201"
      },
      "geometry" : {
        "x" : 211034.48920000062,
        "y" : 338338.54370000015
      }
    },
    {
      "attributes" : {
        "FID" : 112,
        "PMNTN_SPOT" : 98506,
        "MNTN_CODE" : "451103201",
        "MANAGE_SP1" : "10",
        "MANAGE_SP2" : "이정표",
        "DETAIL_SPO" : "이정표",
        "ETC_MATTER" : " ",
        "MNTN_NM" : "오봉산",
        "PAST_SPOT_" : "4511032010113",
        "MNTN_ID" : "451103201"
      },
      "geometry" : {
        "x" : 211264.40869999892,
        "y" : 338262.91819999891
      }
    },
    {
      "attributes" : {
        "FID" : 113,
        "PMNTN_SPOT" : 98507,
        "MNTN_CODE" : "451103201",
        "MANAGE_SP1" : "15",
        "MANAGE_SP2" : "훼손지",
        "DETAIL_SPO" : "훼손지",
        "ETC_MATTER" : " ",
        "MNTN_NM" : "오봉산",
        "PAST_SPOT_" : "4511032010114",
        "MNTN_ID" : "451103201"
      },
      "geometry" : {
        "x" : 211417.58900000033,
        "y" : 338364.37150000024
      }
    },
    {
      "attributes" : {
        "FID" : 114,
        "PMNTN_SPOT" : 98508,
        "MNTN_CODE" : "451103201",
        "MANAGE_SP1" : "15",
        "MANAGE_SP2" : "훼손지",
        "DETAIL_SPO" : "훼손지",
        "ETC_MATTER" : " ",
        "MNTN_NM" : "오봉산",
        "PAST_SPOT_" : "4511032010115",
        "MNTN_ID" : "451103201"
      },
      "geometry" : {
        "x" : 211611.29910000134,
        "y" : 338311.02779999946
      }
    },
    {
      "attributes" : {
        "FID" : 115,
        "PMNTN_SPOT" : 98509,
        "MNTN_CODE" : "451103201",
        "MANAGE_SP1" : "10",
        "MANAGE_SP2" : "이정표",
        "DETAIL_SPO" : "이정표",
        "ETC_MATTER" : " ",
        "MNTN_NM" : "오봉산",
        "PAST_SPOT_" : "4511032010116",
        "MNTN_ID" : "451103201"
      },
      "geometry" : {
        "x" : 212124.62699999983,
        "y" : 338578.2575000003
      }
    },
    {
      "attributes" : {
        "FID" : 116,
        "PMNTN_SPOT" : 98510,
        "MNTN_CODE" : "451103201",
        "MANAGE_SP1" : "15",
        "MANAGE_SP2" : "훼손지",
        "DETAIL_SPO" : "훼손지",
        "ETC_MATTER" : " ",
        "MNTN_NM" : "오봉산",
        "PAST_SPOT_" : "4511032010117",
        "MNTN_ID" : "451103201"
      },
      "geometry" : {
        "x" : 212050.48149999959,
        "y" : 338683.32129999995
      }
    },
    {
      "attributes" : {
        "FID" : 117,
        "PMNTN_SPOT" : 98511,
        "MNTN_CODE" : "451103201",
        "MANAGE_SP1" : "15",
        "MANAGE_SP2" : "훼손지",
        "DETAIL_SPO" : "훼손지",
        "ETC_MATTER" : " ",
        "MNTN_NM" : "오봉산",
        "PAST_SPOT_" : "4511032010118",
        "MNTN_ID" : "451103201"
      },
      "geometry" : {
        "x" : 212016.50950000013,
        "y" : 338701.08620000089
      }
    },
    {
      "attributes" : {
        "FID" : 118,
        "PMNTN_SPOT" : 98512,
        "MNTN_CODE" : "451103201",
        "MANAGE_SP1" : "15",
        "MANAGE_SP2" : "훼손지",
        "DETAIL_SPO" : "훼손지",
        "ETC_MATTER" : " ",
        "MNTN_NM" : "오봉산",
        "PAST_SPOT_" : "4511032010119",
        "MNTN_ID" : "451103201"
      },
      "geometry" : {
        "x" : 211775.86280000125,
        "y" : 338704.82760000089
      }
    },
    {
      "attributes" : {
        "FID" : 119,
        "PMNTN_SPOT" : 98513,
        "MNTN_CODE" : "451103201",
        "MANAGE_SP1" : "15",
        "MANAGE_SP2" : "훼손지",
        "DETAIL_SPO" : "훼손지",
        "ETC_MATTER" : " ",
        "MNTN_NM" : "오봉산",
        "PAST_SPOT_" : "4511032010120",
        "MNTN_ID" : "451103201"
      },
      "geometry" : {
        "x" : 211493.63109999953,
        "y" : 338748.11820000014
      }
    },
    {
      "attributes" : {
        "FID" : 120,
        "PMNTN_SPOT" : 98514,
        "MNTN_CODE" : "451103201",
        "MANAGE_SP1" : "15",
        "MANAGE_SP2" : "훼손지",
        "DETAIL_SPO" : "훼손지",
        "ETC_MATTER" : " ",
        "MNTN_NM" : "오봉산",
        "PAST_SPOT_" : "4511032010121",
        "MNTN_ID" : "451103201"
      },
      "geometry" : {
        "x" : 211226.836099999,
        "y" : 338761.00300000078
      }
    },
    {
      "attributes" : {
        "FID" : 121,
        "PMNTN_SPOT" : 98515,
        "MNTN_CODE" : "451103201",
        "MANAGE_SP1" : "15",
        "MANAGE_SP2" : "훼손지",
        "DETAIL_SPO" : "훼손지",
        "ETC_MATTER" : " ",
        "MNTN_NM" : "오봉산",
        "PAST_SPOT_" : "4511032010122",
        "MNTN_ID" : "451103201"
      },
      "geometry" : {
        "x" : 211103.35950000054,
        "y" : 338753.68270000047
      }
    },
    {
      "attributes" : {
        "FID" : 122,
        "PMNTN_SPOT" : 98516,
        "MNTN_CODE" : "451103201",
        "MANAGE_SP1" : "15",
        "MANAGE_SP2" : "훼손지",
        "DETAIL_SPO" : "훼손지",
        "ETC_MATTER" : " ",
        "MNTN_NM" : "오봉산",
        "PAST_SPOT_" : "4511032010123",
        "MNTN_ID" : "451103201"
      },
      "geometry" : {
        "x" : 211048.48189999972,
        "y" : 338826.6054999989
      }
    },
    {
      "attributes" : {
        "FID" : 123,
        "PMNTN_SPOT" : 98517,
        "MNTN_CODE" : "451103201",
        "MANAGE_SP1" : "15",
        "MANAGE_SP2" : "훼손지",
        "DETAIL_SPO" : "훼손지",
        "ETC_MATTER" : " ",
        "MNTN_NM" : "오봉산",
        "PAST_SPOT_" : "4511032010124",
        "MNTN_ID" : "451103201"
      },
      "geometry" : {
        "x" : 210639.22200000059,
        "y" : 339020.71709999943
      }
    },
    {
      "attributes" : {
        "FID" : 124,
        "PMNTN_SPOT" : 98518,
        "MNTN_CODE" : "451103201",
        "MANAGE_SP1" : "04",
        "MANAGE_SP2" : "화장실",
        "DETAIL_SPO" : "화장실",
        "ETC_MATTER" : " ",
        "MNTN_NM" : "오봉산",
        "PAST_SPOT_" : "4511032010125",
        "MNTN_ID" : "451103201"
      },
      "geometry" : {
        "x" : 210507.62529999934,
        "y" : 338976.4724000002
      }
    },
    {
      "attributes" : {
        "FID" : 125,
        "PMNTN_SPOT" : 98519,
        "MNTN_CODE" : "451103201",
        "MANAGE_SP1" : "11",
        "MANAGE_SP2" : "안내판또는지도",
        "DETAIL_SPO" : "안내판또는지도",
        "ETC_MATTER" : " ",
        "MNTN_NM" : "오봉산",
        "PAST_SPOT_" : "4511032010126",
        "MNTN_ID" : "451103201"
      },
      "geometry" : {
        "x" : 211209.57210000156,
        "y" : 338620.96169999929
      }
    },
    {
      "attributes" : {
        "FID" : 126,
        "PMNTN_SPOT" : 98520,
        "MNTN_CODE" : "451103201",
        "MANAGE_SP1" : "15",
        "MANAGE_SP2" : "훼손지",
        "DETAIL_SPO" : "훼손지",
        "ETC_MATTER" : " ",
        "MNTN_NM" : "오봉산",
        "PAST_SPOT_" : "4511032010127",
        "MNTN_ID" : "451103201"
      },
      "geometry" : {
        "x" : 211892.68670000118,
        "y" : 338265.56100000057
      }
    },
    {
      "attributes" : {
        "FID" : 127,
        "PMNTN_SPOT" : 98521,
        "MNTN_CODE" : "451103201",
        "MANAGE_SP1" : "12",
        "MANAGE_SP2" : "위험지역",
        "DETAIL_SPO" : "위험지역, 훼손지",
        "ETC_MATTER" : " ",
        "MNTN_NM" : "오봉산",
        "PAST_SPOT_" : "4511032010128",
        "MNTN_ID" : "451103201"
      },
      "geometry" : {
        "x" : 211829.33609999967,
        "y" : 339047.79600000032
      }
    },
    {
      "attributes" : {
        "FID" : 128,
        "PMNTN_SPOT" : 98522,
        "MNTN_CODE" : "451103201",
        "MANAGE_SP1" : "12",
        "MANAGE_SP2" : "위험지역",
        "DETAIL_SPO" : "위험지역",
        "ETC_MATTER" : " ",
        "MNTN_NM" : "오봉산",
        "PAST_SPOT_" : "4511032010129",
        "MNTN_ID" : "451103201"
      },
      "geometry" : {
        "x" : 211923.12630000056,
        "y" : 339013.04529999982
      }
    },
    {
      "attributes" : {
        "FID" : 129,
        "PMNTN_SPOT" : 98523,
        "MNTN_CODE" : "451103201",
        "MANAGE_SP1" : "23",
        "MANAGE_SP2" : "정상",
        "DETAIL_SPO" : "정상",
        "ETC_MATTER" : " ",
        "MNTN_NM" : "오봉산",
        "PAST_SPOT_" : "4511032010130",
        "MNTN_ID" : "451103201"
      },
      "geometry" : {
        "x" : 212175.4055000004,
        "y" : 338701.97230000119
      }
    },
    {
      "attributes" : {
        "FID" : 130,
        "PMNTN_SPOT" : 98524,
        "MNTN_CODE" : "451103201",
        "MANAGE_SP1" : "10",
        "MANAGE_SP2" : "이정표",
        "DETAIL_SPO" : "이정표",
        "ETC_MATTER" : " ",
        "MNTN_NM" : "오봉산",
        "PAST_SPOT_" : "4511032010131",
        "MNTN_ID" : "451103201"
      },
      "geometry" : {
        "x" : 211950.69459999897,
        "y" : 338339.60280000034
      }
    },
    {
      "attributes" : {
        "FID" : 131,
        "PMNTN_SPOT" : 98525,
        "MNTN_CODE" : "451103201",
        "MANAGE_SP1" : "08",
        "MANAGE_SP2" : "가로등",
        "DETAIL_SPO" : "가로등",
        "ETC_MATTER" : " ",
        "MNTN_NM" : "오봉산",
        "PAST_SPOT_" : "4511032010132",
        "MNTN_ID" : "451103201"
      },
      "geometry" : {
        "x" : 211911.91700000124,
        "y" : 338252.59660000011
      }
    }
  ]
}