{
  "displayFieldName" : "",
  "fieldAliases" : {
    "FID" : "FID",
    "PMNTN_SN" : "PMNTN_SN",
    "MNTN_CODE" : "MNTN_CODE",
    "MNTN_NM" : "MNTN_NM",
    "PMNTN_NM" : "PMNTN_NM",
    "PMNTN_MAIN" : "PMNTN_MAIN",
    "PMNTN_LT" : "PMNTN_LT",
    "PMNTN_DFFL" : "PMNTN_DFFL",
    "PMNTN_UPPL" : "PMNTN_UPPL",
    "PMNTN_GODN" : "PMNTN_GODN",
    "PMNTN_MTRQ" : "PMNTN_MTRQ",
    "PMNTN_CNRL" : "PMNTN_CNRL",
    "PMNTN_CLS_" : "PMNTN_CLS_",
    "PMNTN_RISK" : "PMNTN_RISK",
    "PMNTN_RECO" : "PMNTN_RECO",
    "DATA_STDR_" : "DATA_STDR_",
    "MNTN_ID" : "MNTN_ID"
  },
  "geometryType" : "esriGeometryPolyline",
  "spatialReference" : {
    "wkt" : "PROJCS[\"PCS_ITRF2000_TM\",GEOGCS[\"GCS_ITRF_2000\",DATUM[\"D_ITRF_2000\",SPHEROID[\"GRS_1980\",6378137.0,298.257222101]],PRIMEM[\"Greenwich\",0.0],UNIT[\"Degree\",0.0174532925199433]],PROJECTION[\"Transverse_Mercator\"],PARAMETER[\"False_Easting\",200000.0],PARAMETER[\"False_Northing\",600000.0],PARAMETER[\"Central_Meridian\",127.0],PARAMETER[\"Scale_Factor\",1.0],PARAMETER[\"Latitude_Of_Origin\",38.0],UNIT[\"Meter\",1.0]]"
  },
  "fields" : [
    {
      "name" : "FID",
      "type" : "esriFieldTypeOID",
      "alias" : "FID"
    },
    {
      "name" : "PMNTN_SN",
      "type" : "esriFieldTypeDouble",
      "alias" : "PMNTN_SN"
    },
    {
      "name" : "MNTN_CODE",
      "type" : "esriFieldTypeString",
      "alias" : "MNTN_CODE",
      "length" : 9
    },
    {
      "name" : "MNTN_NM",
      "type" : "esriFieldTypeString",
      "alias" : "MNTN_NM",
      "length" : 50
    },
    {
      "name" : "PMNTN_NM",
      "type" : "esriFieldTypeString",
      "alias" : "PMNTN_NM",
      "length" : 50
    },
    {
      "name" : "PMNTN_MAIN",
      "type" : "esriFieldTypeString",
      "alias" : "PMNTN_MAIN",
      "length" : 200
    },
    {
      "name" : "PMNTN_LT",
      "type" : "esriFieldTypeSingle",
      "alias" : "PMNTN_LT"
    },
    {
      "name" : "PMNTN_DFFL",
      "type" : "esriFieldTypeString",
      "alias" : "PMNTN_DFFL",
      "length" : 8
    },
    {
      "name" : "PMNTN_UPPL",
      "type" : "esriFieldTypeDouble",
      "alias" : "PMNTN_UPPL"
    },
    {
      "name" : "PMNTN_GODN",
      "type" : "esriFieldTypeDouble",
      "alias" : "PMNTN_GODN"
    },
    {
      "name" : "PMNTN_MTRQ",
      "type" : "esriFieldTypeString",
      "alias" : "PMNTN_MTRQ",
      "length" : 200
    },
    {
      "name" : "PMNTN_CNRL",
      "type" : "esriFieldTypeString",
      "alias" : "PMNTN_CNRL",
      "length" : 1
    },
    {
      "name" : "PMNTN_CLS_",
      "type" : "esriFieldTypeString",
      "alias" : "PMNTN_CLS_",
      "length" : 1
    },
    {
      "name" : "PMNTN_RISK",
      "type" : "esriFieldTypeString",
      "alias" : "PMNTN_RISK",
      "length" : 200
    },
    {
      "name" : "PMNTN_RECO",
      "type" : "esriFieldTypeString",
      "alias" : "PMNTN_RECO",
      "length" : 1
    },
    {
      "name" : "DATA_STDR_",
      "type" : "esriFieldTypeString",
      "alias" : "DATA_STDR_",
      "length" : 10
    },
    {
      "name" : "MNTN_ID",
      "type" : "esriFieldTypeString",
      "alias" : "MNTN_ID",
      "length" : 10
    }
  ],
  "features" : [
    {
      "attributes" : {
        "FID" : 0,
        "PMNTN_SN" : 39752,
        "MNTN_CODE" : "441507101",
        "MNTN_NM" : "와우산",
        "PMNTN_NM" : "신기동구간",
        "PMNTN_MAIN" : " ",
        "PMNTN_LT" : 0.44,
        "PMNTN_DFFL" : "쉬움",
        "PMNTN_UPPL" : 8,
        "PMNTN_GODN" : 5,
        "PMNTN_MTRQ" : " ",
        "PMNTN_CNRL" : " ",
        "PMNTN_CLS_" : " ",
        "PMNTN_RISK" : " ",
        "PMNTN_RECO" : " ",
        "DATA_STDR_" : "2016-12-31",
        "MNTN_ID" : "441507101"
      },
      "geometry" : {
        "paths" : [
          [
            [
              213850.04490000289,
              425905.17090000212
            ],
            [
              213851.06780000124,
              425904.78419999965
            ],
            [
              213855.09730000049,
              425902.71560000069
            ],
            [
              213859.68300000019,
              425900.52580000088
            ],
            [
              213864.88580000121,
              425899.30230000056
            ],
            [
              213868.65269999951,
              425898.87560000271
            ],
            [
              213873.65120000206,
              425896.4645000007
            ],
            [
              213878.946700003,
              425893.39919999987
            ],
            [
              213884.56570000295,
              425889.91279999726
            ],
            [
              213890.48760000151,
              425887.62529999949
            ],
            [
              213895.60960000195,
              425886.50159999914
            ],
            [
              213901.70850000065,
              425885.72350000218
            ],
            [
              213906.53370000049,
              425885.16540000029
            ],
            [
              213911.76609999966,
              425882.32190000266
            ],
            [
              213916.15799999982,
              425877.96800000221
            ],
            [
              213923.7005000012,
              425877.23660000227
            ],
            [
              213929.76410000306,
              425876.05900000222
            ],
            [
              213934.25340000167,
              425875.4822000023
            ],
            [
              213937.29600000102,
              425879.37100000121
            ],
            [
              213941.24610000104,
              425882.07389999926
            ],
            [
              213945.82970000152,
              425886.73080000095
            ],
            [
              213949.94009999931,
              425890.17740000039
            ],
            [
              213955.59400000051,
              425892.83860000223
            ],
            [
              213960.65950000007,
              425893.40170000121
            ],
            [
              213962.94450000022,
              425888.82240000181
            ],
            [
              213965.0064000031,
              425883.59909999929
            ],
            [
              213970.87300000153,
              425876.83440000005
            ],
            [
              213975.9307000041,
              425873.59229999967
            ],
            [
              213981.12420000136,
              425872.59090000205
            ],
            [
              213985.4235000005,
              425870.13440000266
            ],
            [
              213990.75490000006,
              425867.98620000109
            ],
            [
              213994.15930000134,
              425868.93900000118
            ],
            [
              213994.15070000011,
              425868.72810000181
            ],
            [
              213999.7657000022,
              425868.48550000042
            ],
            [
              214004.64340000041,
              425871.22949999943
            ],
            [
              214009.75140000042,
              425873.26840000227
            ],
            [
              214013.76040000282,
              425875.11830000207
            ],
            [
              214019.41660000104,
              425876.32589999959
            ],
            [
              214025.55840000138,
              425876.33830000088
            ],
            [
              214029.72600000072,
              425877.59899999946
            ],
            [
              214035.33789999969,
              425878.50700000115
            ],
            [
              214040.02460000012,
              425880.45649999939
            ],
            [
              214044.52209999971,
              425882.88289999962
            ],
            [
              214048.50960000325,
              425885.07290000096
            ],
            [
              214053.32280000113,
              425886.36799999885
            ],
            [
              214057.74080000073,
              425888.106200004
            ],
            [
              214063.34229999967,
              425889.8908000011
            ],
            [
              214068.91679999884,
              425891.7752000019
            ],
            [
              214074.18850000389,
              425892.34979999997
            ],
            [
              214080.75110000093,
              425893.13720000163
            ],
            [
              214086.66650000028,
              425894.86680000275
            ],
            [
              214091.11680000089,
              425898.76899999939
            ],
            [
              214097.10970000364,
              425902.4851000011
            ],
            [
              214101.03020000365,
              425906.85250000097
            ],
            [
              214105.13970000111,
              425910.77639999986
            ],
            [
              214108.88950000051,
              425915.29890000075
            ],
            [
              214114.22050000075,
              425918.00410000235
            ],
            [
              214118.90410000086,
              425921.7957000006
            ],
            [
              214121.68499999959,
              425926.56069999933
            ],
            [
              214125.57870000415,
              425930.82819999941
            ],
            [
              214129.72400000039,
              425934.77440000139
            ],
            [
              214133.77139999904,
              425938.24310000241
            ],
            [
              214136.11539999954,
              425941.54270000011
            ],
            [
              214140.0045000026,
              425943.15809999965
            ],
            [
              214145.15650000144,
              425945.60780000128
            ],
            [
              214150.84820000362,
              425947.07080000453
            ],
            [
              214156.06700000074,
              425947.0792999994
            ],
            [
              214161.10930000152,
              425945.30100000277
            ],
            [
              214167.39530000091,
              425945.23359999806
            ],
            [
              214173.79690000135,
              425945.76560000144
            ],
            [
              214180.04710000008,
              425945.66489999928
            ],
            [
              214184.90119999927,
              425943.84190000035
            ],
            [
              214188.9422000004,
              425940.33090000041
            ],
            [
              214191.59769999981,
              425934.05450000241
            ],
            [
              214194.6185999997,
              425929.23230000027
            ],
            [
              214199.29360000044,
              425927.28700000234
            ],
            [
              214205.05260000005,
              425925.97590000369
            ],
            [
              214208.79609999992,
              425923.35210000165
            ],
            [
              214212.65810000058,
              425919.63000000082
            ],
            [
              214215.21300000232,
              425914.58520000242
            ],
            [
              214218.71250000037,
              425908.22540000267
            ]
          ]
        ]
      }
    },
    {
      "attributes" : {
        "FID" : 1,
        "PMNTN_SN" : 39753,
        "MNTN_CODE" : "441507101",
        "MNTN_NM" : "와우산",
        "PMNTN_NM" : "상왕동구간",
        "PMNTN_MAIN" : " ",
        "PMNTN_LT" : 0.78,
        "PMNTN_DFFL" : "쉬움",
        "PMNTN_UPPL" : 14,
        "PMNTN_GODN" : 10,
        "PMNTN_MTRQ" : " ",
        "PMNTN_CNRL" : " ",
        "PMNTN_CLS_" : " ",
        "PMNTN_RISK" : " ",
        "PMNTN_RECO" : " ",
        "DATA_STDR_" : "2016-12-31",
        "MNTN_ID" : "441507101"
      },
      "geometry" : {
        "paths" : [
          [
            [
              214607.67989999987,
              425603.10969999991
            ],
            [
              214606.83070000261,
              425606.80350000411
            ],
            [
              214609.81510000117,
              425618.46010000072
            ],
            [
              214610.15370000247,
              425630.30090000294
            ],
            [
              214613.47310000006,
              425645.35370000079
            ],
            [
              214613.59049999993,
              425650.18100000359
            ],
            [
              214613.57240000181,
              425655.62939999998
            ],
            [
              214614.70270000119,
              425660.69150000252
            ],
            [
              214614.94700000156,
              425675.30630000122
            ],
            [
              214616.88490000274,
              425690.65640000254
            ],
            [
              214619.0903000012,
              425696.29720000178
            ],
            [
              214624.0345999999,
              425710.26530000381
            ],
            [
              214628.24799999967,
              425721.58000000194
            ],
            [
              214631.30829999968,
              425731.92850000039
            ],
            [
              214632.05420000199,
              425740.39540000074
            ],
            [
              214631.55810000096,
              425742.08129999973
            ],
            [
              214630.16800000146,
              425747.47189999931
            ],
            [
              214628.54200000037,
              425749.22250000015
            ],
            [
              214627.04920000024,
              425753.17149999924
            ],
            [
              214618.48130000103,
              425759.52550000325
            ],
            [
              214618.48130000103,
              425759.52550000325
            ],
            [
              214604.92590000108,
              425763.06460000388
            ],
            [
              214597.63509999961,
              425773.9271000009
            ],
            [
              214587.13480000012,
              425784.38470000029
            ],
            [
              214584.62610000372,
              425788.47520000115
            ],
            [
              214578.76159999985,
              425793.78069999814
            ],
            [
              214577.63860000018,
              425795.01050000079
            ],
            [
              214570.42710000183,
              425801.47890000232
            ],
            [
              214565.78870000318,
              425807.11570000276
            ],
            [
              214561.61479999963,
              425816.53849999979
            ],
            [
              214561.58270000294,
              425819.06340000033
            ],
            [
              214560.90450000297,
              425822.48010000028
            ],
            [
              214560.81460000109,
              425822.62420000136
            ],
            [
              214559.08590000123,
              425826.76030000113
            ],
            [
              214559.5139000006,
              425828.23690000176
            ],
            [
              214558.91360000055,
              425837.10690000094
            ],
            [
              214556.76800000109,
              425845.34349999949
            ],
            [
              214555.43539999984,
              425848.58149999939
            ],
            [
              214554.66550000198,
              425853.7060000021
            ],
            [
              214552.50710000005,
              425856.93240000121
            ],
            [
              214551.35610000324,
              425858.81690000184
            ],
            [
              214549.76490000263,
              425861.17790000141
            ],
            [
              214548.48670000117,
              425864.07200000063
            ],
            [
              214546.91900000256,
              425868.50800000131
            ],
            [
              214545.71430000197,
              425870.33699999936
            ],
            [
              214545.15360000078,
              425873.21010000072
            ],
            [
              214546.80720000155,
              425876.38649999909
            ],
            [
              214546.30410000216,
              425882.25589999929
            ],
            [
              214546.64740000106,
              425886.0848000031
            ],
            [
              214548.74600000121,
              425891.18170000054
            ],
            [
              214548.32149999961,
              425898.33839999884
            ],
            [
              214547.31920000259,
              425902.47580000199
            ],
            [
              214545.05269999988,
              425906.4889999982
            ],
            [
              214544.45450000092,
              425910.37190000154
            ],
            [
              214544.190200001,
              425912.81270000339
            ],
            [
              214543.36020000093,
              425915.8629999999
            ],
            [
              214542.47420000006,
              425920.1670000013
            ],
            [
              214541.40720000118,
              425924.30600000173
            ],
            [
              214542.44450000115,
              425929.62060000189
            ],
            [
              214543.0921000028,
              425934.7266000025
            ],
            [
              214542.34020000137,
              425939.30240000784
            ],
            [
              214540.46200000029,
              425942.06980000064
            ],
            [
              214535.75200000033,
              425948.27779999934
            ],
            [
              214528.43690000381,
              425959.85869999975
            ],
            [
              214528.92890000157,
              425960.50310000218
            ],
            [
              214527.21509999968,
              425967.09610000253
            ],
            [
              214524.22910000104,
              425971.85830000415
            ],
            [
              214524.15980000049,
              425975.76420000196
            ],
            [
              214523.37480000127,
              425978.67030000314
            ],
            [
              214518.73990000132,
              425983.35640000366
            ],
            [
              214517.13120000158,
              425985.53979999945
            ],
            [
              214515.46100000292,
              425986.94620000385
            ],
            [
              214511.46620000061,
              425989.60280000232
            ],
            [
              214508.97879999969,
              425991.70699999854
            ],
            [
              214505.84640000388,
              425993.4439000003
            ],
            [
              214503.11660000123,
              425995.7696000021
            ],
            [
              214498.02880000137,
              425997.85840000212
            ],
            [
              214487.05810000002,
              426000.90830000117
            ],
            [
              214476.9737999998,
              425998.51880000159
            ],
            [
              214471.07790000178,
              425996.20889999904
            ],
            [
              214464.21789999958,
              425990.37810000218
            ],
            [
              214459.20740000159,
              425984.6342999991
            ],
            [
              214450.81289999932,
              425979.6799999997
            ],
            [
              214440.15359999891,
              425979.91660000011
            ],
            [
              214427.30229999963,
              425975.48940000124
            ],
            [
              214417.77869999968,
              425976.33450000174
            ],
            [
              214409.08200000226,
              425973.2891000025
            ],
            [
              214402.74830000009,
              425966.53409999982
            ],
            [
              214401.59060000163,
              425956.38330000266
            ],
            [
              214398.78420000058,
              425948.27879999951
            ],
            [
              214393.32980000041,
              425944.35260000639
            ],
            [
              214387.31000000052,
              425940.76950000226
            ],
            [
              214382.40010000207,
              425938.33110000379
            ],
            [
              214378.43020000029,
              425931.41120000184
            ],
            [
              214369.80590000004,
              425930.25390000083
            ],
            [
              214369.4559000032,
              425930.43090000004
            ],
            [
              214360.71600000188,
              425934.0560999997
            ],
            [
              214356.69000000134,
              425939.32039999962
            ],
            [
              214351.18110000249,
              425941.20879999921
            ],
            [
              214344.16839999985,
              425938.67090000026
            ],
            [
              214336.50999999978,
              425935.32749999873
            ],
            [
              214328.10270000249,
              425934.1352000013
            ],
            [
              214326.08710000105,
              425932.96670000069
            ],
            [
              214324.518600001,
              425932.47589999996
            ],
            [
              214322.19710000418,
              425931.9616000019
            ],
            [
              214319.63490000367,
              425930.51470000111
            ],
            [
              214317.15890000015,
              425931.17650000006
            ],
            [
              214314.1110000005,
              425930.6054999996
            ],
            [
              214310.7061999999,
              425929.02410000004
            ],
            [
              214306.37500000186,
              425929.08350000158
            ],
            [
              214303.30989999976,
              425928.06870000064
            ],
            [
              214299.54569999967,
              425926.93060000055
            ],
            [
              214296.65990000125,
              425925.91599999927
            ],
            [
              214293.9617999997,
              425925.32340000011
            ],
            [
              214290.68040000368,
              425925.02950000204
            ],
            [
              214287.94630000181,
              425924.50339999981
            ],
            [
              214283.76070000045,
              425923.27580000274
            ],
            [
              214278.6453999998,
              425921.7686999999
            ],
            [
              214265.85580000002,
              425921.88140000217
            ],
            [
              214261.1920000026,
              425922.50620000064
            ],
            [
              214257.93740000017,
              425922.20130000263
            ],
            [
              214254.60380000155,
              425922.11560000107
            ],
            [
              214252.08750000317,
              425923.60220000148
            ],
            [
              214248.72130000312,
              425924.56620000117
            ],
            [
              214245.51440000068,
              425924.42229999974
            ],
            [
              214241.93759999983,
              425922.93490000069
            ],
            [
              214238.48909999989,
              425921.45900000259
            ],
            [
              214236.96650000196,
              425920.39120000042
            ],
            [
              214235.32680000085,
              425919.6229000017
            ],
            [
              214234.34240000229,
              425918.41169999912
            ],
            [
              214233.13260000106,
              425917.95470000058
            ],
            [
              214232.19340000208,
              425916.54390000179
            ],
            [
              214231.28980000131,
              425915.29960000142
            ],
            [
              214229.05050000362,
              425913.80890000239
            ],
            [
              214227.63929999992,
              425910.34439999796
            ],
            [
              214224.54849999957,
              425908.67480000295
            ],
            [
              214218.71250000037,
              425908.22540000267
            ]
          ]
        ]
      }
    },
    {
      "attributes" : {
        "FID" : 2,
        "PMNTN_SN" : 39754,
        "MNTN_CODE" : "441507101",
        "MNTN_NM" : "와우산",
        "PMNTN_NM" : "상왕동구간",
        "PMNTN_MAIN" : " ",
        "PMNTN_LT" : 0.13,
        "PMNTN_DFFL" : "쉬움",
        "PMNTN_UPPL" : 2,
        "PMNTN_GODN" : 2,
        "PMNTN_MTRQ" : " ",
        "PMNTN_CNRL" : " ",
        "PMNTN_CLS_" : " ",
        "PMNTN_RISK" : " ",
        "PMNTN_RECO" : " ",
        "DATA_STDR_" : "2016-12-31",
        "MNTN_ID" : "441507101"
      },
      "geometry" : {
        "paths" : [
          [
            [
              214607.67989999987,
              425603.10969999991
            ],
            [
              214613.57950000092,
              425594.15020000376
            ],
            [
              214616.13779999968,
              425583.15770000033
            ],
            [
              214614.86569999997,
              425577.87989999913
            ],
            [
              214616.17939999979,
              425566.50660000183
            ],
            [
              214614.5270999996,
              425552.02470000088
            ],
            [
              214607.44070000015,
              425536.83730000257
            ],
            [
              214603.7826999994,
              425527.23219999857
            ],
            [
              214596.27259999979,
              425516.41270000115
            ],
            [
              214585.97630000021,
              425502.55340000056
            ],
            [
              214572.97410000209,
              425492.49440000206
            ]
          ]
        ]
      }
    },
    {
      "attributes" : {
        "FID" : 3,
        "PMNTN_SN" : 39755,
        "MNTN_CODE" : "441507101",
        "MNTN_NM" : "와우산",
        "PMNTN_NM" : "신기동구간",
        "PMNTN_MAIN" : " ",
        "PMNTN_LT" : 0.78,
        "PMNTN_DFFL" : "쉬움",
        "PMNTN_UPPL" : 14,
        "PMNTN_GODN" : 10,
        "PMNTN_MTRQ" : " ",
        "PMNTN_CNRL" : " ",
        "PMNTN_CLS_" : " ",
        "PMNTN_RISK" : " ",
        "PMNTN_RECO" : " ",
        "DATA_STDR_" : "2016-12-31",
        "MNTN_ID" : "441507101"
      },
      "geometry" : {
        "paths" : [
          [
            [
              214218.71250000037,
              425908.22540000267
            ],
            [
              214222.7407999998,
              425904.09340000153
            ],
            [
              214227.43939999957,
              425902.52070000023
            ],
            [
              214229.93740000017,
              425900.52770000137
            ],
            [
              214233.19500000309,
              425896.40499999933
            ],
            [
              214234.67190000322,
              425892.53460000269
            ],
            [
              214235.08430000208,
              425887.13120000251
            ],
            [
              214233.38090000022,
              425881.46910000034
            ],
            [
              214229.4692000011,
              425877.29030000232
            ],
            [
              214228.17870000098,
              425871.36250000075
            ],
            [
              214229.24440000206,
              425866.75910000317
            ],
            [
              214231.8264000006,
              425861.63660000078
            ],
            [
              214235.97210000083,
              425859.84579999931
            ],
            [
              214243.25490000099,
              425858.95890000276
            ],
            [
              214246.89170000236,
              425855.86890000105
            ],
            [
              214250.89749999903,
              425851.89180000126
            ],
            [
              214251.81970000081,
              425847.33250000142
            ],
            [
              214254.36350000277,
              425843.64149999991
            ],
            [
              214253.83470000047,
              425838.03680000082
            ],
            [
              214249.6370000029,
              425832.35200000182
            ],
            [
              214244.05050000083,
              425827.80059999973
            ],
            [
              214229.51030000113,
              425817.8534000013
            ],
            [
              214225.88310000114,
              425815.11770000122
            ],
            [
              214221.26140000019,
              425811.88089999929
            ],
            [
              214216.84530000202,
              425808.98850000277
            ],
            [
              214212.34880000353,
              425805.92950000241
            ],
            [
              214206.85780000128,
              425802.3805999998
            ],
            [
              214201.87789999973,
              425798.7882000003
            ],
            [
              214203.05910000205,
              425794.82860000432
            ],
            [
              214208.35759999976,
              425793.35220000148
            ],
            [
              214215.3178000031,
              425793.88450000063
            ],
            [
              214225.54179999977,
              425795.77850000374
            ],
            [
              214236.06039999984,
              425795.95400000177
            ],
            [
              214245.15100000054,
              425793.97000000067
            ],
            [
              214251.89010000136,
              425793.72430000082
            ],
            [
              214255.54060000088,
              425793.16440000013
            ],
            [
              214258.68850000203,
              425792.90320000052
            ],
            [
              214267.27830000408,
              425787.92390000261
            ],
            [
              214273.16509999987,
              425785.34800000302
            ],
            [
              214278.08920000028,
              425784.63490000181
            ],
            [
              214283.82430000138,
              425785.50989999995
            ],
            [
              214290.11820000038,
              425787.68410000019
            ],
            [
              214296.29320000205,
              425789.71399999969
            ],
            [
              214301.06240000017,
              425790.50970000029
            ],
            [
              214306.44189999998,
              425791.0178999994
            ],
            [
              214311.87469999958,
              425791.82590000331
            ],
            [
              214315.73170000035,
              425791.14430000074
            ],
            [
              214319.87710000016,
              425789.57540000416
            ],
            [
              214319.9765000008,
              425786.33350000158
            ],
            [
              214316.70920000132,
              425785.68630000018
            ],
            [
              214313.6902999999,
              425783.82820000127
            ],
            [
              214310.06160000339,
              425781.96900000237
            ],
            [
              214306.19290000107,
              425778.93319999985
            ],
            [
              214300.89010000415,
              425774.72190000117
            ],
            [
              214295.78430000134,
              425772.08040000312
            ],
            [
              214292.00550000183,
              425768.81170000136
            ],
            [
              214289.55470000301,
              425765.06810000166
            ],
            [
              214286.69210000057,
              425760.9020000007
            ],
            [
              214284.43599999975,
              425758.69010000117
            ],
            [
              214283.534500001,
              425756.1585000027
            ],
            [
              214282.28399999999,
              425753.18250000104
            ],
            [
              214280.2965000011,
              425751.19290000014
            ],
            [
              214279.00140000228,
              425748.10590000264
            ],
            [
              214277.24870000128,
              425745.17350000143
            ],
            [
              214273.7836000016,
              425742.00519999862
            ],
            [
              214270.28250000253,
              425738.89230000228
            ],
            [
              214265.95730000082,
              425735.28979999945
            ],
            [
              214263.97490000073,
              425731.94349999912
            ],
            [
              214263.19469999988,
              425728.84320000187
            ],
            [
              214267.08409999963,
              425726.24789999798
            ],
            [
              214269.87430000026,
              425725.38690000214
            ],
            [
              214272.16100000218,
              425725.36850000173
            ],
            [
              214273.9924999997,
              425724.05100000091
            ],
            [
              214276.26520000119,
              425721.6246000044
            ],
            [
              214277.47790000308,
              425720.35040000267
            ],
            [
              214279.63850000035,
              425720.68690000474
            ],
            [
              214281.68770000059,
              425717.83840000443
            ],
            [
              214283.14419999998,
              425715.54380000196
            ],
            [
              214286.61790000089,
              425713.49660000019
            ],
            [
              214288.94120000117,
              425713.0233000014
            ],
            [
              214290.94060000125,
              425713.20420000143
            ],
            [
              214293.98269999959,
              425716.00879999995
            ],
            [
              214296.37540000398,
              425718.26219999976
            ],
            [
              214296.63270000368,
              425719.9271000009
            ],
            [
              214301.48290000297,
              425723.31850000657
            ],
            [
              214305.32620000374,
              425721.55210000463
            ],
            [
              214309.57620000187,
              425716.75070000254
            ],
            [
              214311.59179999866,
              425708.02280000225
            ],
            [
              214315.08939999994,
              425707.00010000169
            ],
            [
              214321.33260000218,
              425710.10219999775
            ],
            [
              214326.05999999959,
              425707.68180000037
            ],
            [
              214326.69840000011,
              425699.18150000274
            ],
            [
              214329.11940000206,
              425693.83689999953
            ],
            [
              214328.98560000025,
              425693.39280000329
            ],
            [
              214332.47490000352,
              425687.40640000254
            ],
            [
              214334.8395999996,
              425683.58190000057
            ],
            [
              214341.3984000003,
              425675.50390000083
            ],
            [
              214347.89220000058,
              425668.62219999917
            ],
            [
              214357.33730000351,
              425661.74670000002
            ],
            [
              214359.51130000129,
              425660.34190000221
            ],
            [
              214382.76300000399,
              425655.33150000125
            ],
            [
              214397.81350000203,
              425653.30360000394
            ],
            [
              214401.88540000003,
              425652.87760000117
            ],
            [
              214405.9299000008,
              425652.72900000028
            ],
            [
              214410.27870000061,
              425652.94710000232
            ],
            [
              214414.49620000087,
              425651.22299999744
            ],
            [
              214417.1716000028,
              425649.34100000188
            ],
            [
              214420.53729999997,
              425647.5933000017
            ],
            [
              214424.16200000048,
              425646.45640000142
            ],
            [
              214429.93939999957,
              425644.97910000011
            ],
            [
              214436.5904000001,
              425641.2061999999
            ],
            [
              214440.40560000297,
              425638.79350000434
            ],
            [
              214444.71279999986,
              425637.05850000121
            ],
            [
              214448.97439999878,
              425635.8227000013
            ],
            [
              214454.20480000414,
              425634.31120000221
            ],
            [
              214459.58920000121,
              425631.96770000085
            ],
            [
              214472.5475000022,
              425631.6454000026
            ],
            [
              214477.77320000064,
              425633.04120000079
            ],
            [
              214483.30109999981,
              425635.96890000068
            ],
            [
              214486.39410000015,
              425636.37360000052
            ],
            [
              214495.17290000059,
              425636.55470000207
            ],
            [
              214504.76950000133,
              425635.61649999954
            ],
            [
              214513.58669999987,
              425634.25530000404
            ],
            [
              214524.34400000051,
              425631.05529999919
            ],
            [
              214536.57039999962,
              425628.66780000366
            ],
            [
              214546.10700000077,
              425626.13160000183
            ],
            [
              214557.28320000134,
              425624.39710000157
            ],
            [
              214566.28280000202,
              425621.88630000129
            ],
            [
              214574.1129999999,
              425617.89520000108
            ],
            [
              214580.74870000221,
              425615.03769999743
            ],
            [
              214592.58279999997,
              425611.35129999928
            ],
            [
              214598.36990000028,
              425607.74570000172
            ],
            [
              214607.67989999987,
              425603.10969999991
            ]
          ]
        ]
      }
    }
  ]
}