{
  "displayFieldName" : "",
  "fieldAliases" : {
    "FID" : "FID",
    "PMNTN_SPOT" : "PMNTN_SPOT",
    "MNTN_CODE" : "MNTN_CODE",
    "MANAGE_SP1" : "MANAGE_SP1",
    "MANAGE_SP2" : "MANAGE_SP2",
    "DETAIL_SPO" : "DETAIL_SPO",
    "ETC_MATTER" : "ETC_MATTER",
    "MNTN_NM" : "MNTN_NM",
    "PAST_SPOT_" : "PAST_SPOT_",
    "MNTN_ID" : "MNTN_ID"
  },
  "geometryType" : "esriGeometryPoint",
  "spatialReference" : {
    "wkt" : "PROJCS[\"PCS_ITRF2000_TM\",GEOGCS[\"GCS_ITRF_2000\",DATUM[\"D_ITRF_2000\",SPHEROID[\"GRS_1980\",6378137.0,298.257222101]],PRIMEM[\"Greenwich\",0.0],UNIT[\"Degree\",0.0174532925199433]],PROJECTION[\"Transverse_Mercator\"],PARAMETER[\"False_Easting\",200000.0],PARAMETER[\"False_Northing\",600000.0],PARAMETER[\"Central_Meridian\",127.0],PARAMETER[\"Scale_Factor\",1.0],PARAMETER[\"Latitude_Of_Origin\",38.0],UNIT[\"Meter\",1.0]]"
  },
  "fields" : [
    {
      "name" : "FID",
      "type" : "esriFieldTypeOID",
      "alias" : "FID"
    },
    {
      "name" : "PMNTN_SPOT",
      "type" : "esriFieldTypeDouble",
      "alias" : "PMNTN_SPOT"
    },
    {
      "name" : "MNTN_CODE",
      "type" : "esriFieldTypeString",
      "alias" : "MNTN_CODE",
      "length" : 9
    },
    {
      "name" : "MANAGE_SP1",
      "type" : "esriFieldTypeString",
      "alias" : "MANAGE_SP1",
      "length" : 2
    },
    {
      "name" : "MANAGE_SP2",
      "type" : "esriFieldTypeString",
      "alias" : "MANAGE_SP2",
      "length" : 50
    },
    {
      "name" : "DETAIL_SPO",
      "type" : "esriFieldTypeString",
      "alias" : "DETAIL_SPO",
      "length" : 200
    },
    {
      "name" : "ETC_MATTER",
      "type" : "esriFieldTypeString",
      "alias" : "ETC_MATTER",
      "length" : 200
    },
    {
      "name" : "MNTN_NM",
      "type" : "esriFieldTypeString",
      "alias" : "MNTN_NM",
      "length" : 50
    },
    {
      "name" : "PAST_SPOT_",
      "type" : "esriFieldTypeString",
      "alias" : "PAST_SPOT_",
      "length" : 14
    },
    {
      "name" : "MNTN_ID",
      "type" : "esriFieldTypeString",
      "alias" : "MNTN_ID",
      "length" : 10
    }
  ],
  "features" : [
    {
      "attributes" : {
        "FID" : 0,
        "PMNTN_SPOT" : 29449,
        "MNTN_CODE" : "312000301",
        "MANAGE_SP1" : "01",
        "MANAGE_SP2" : "시종점",
        "DETAIL_SPO" : "시종점",
        "ETC_MATTER" : " ",
        "MNTN_NM" : "무룡산",
        "PAST_SPOT_" : "3120003010001",
        "MNTN_ID" : "312000301"
      },
      "geometry" : {
        "x" : 415053.37684214674,
        "y" : 334487.7632472124
      }
    },
    {
      "attributes" : {
        "FID" : 1,
        "PMNTN_SPOT" : 29450,
        "MNTN_CODE" : "312000301",
        "MANAGE_SP1" : "01",
        "MANAGE_SP2" : "시종점",
        "DETAIL_SPO" : "시종점",
        "ETC_MATTER" : " ",
        "MNTN_NM" : "무룡산",
        "PAST_SPOT_" : "3120003010002",
        "MNTN_ID" : "312000301"
      },
      "geometry" : {
        "x" : 415137.88477083575,
        "y" : 334881.25274328142
      }
    },
    {
      "attributes" : {
        "FID" : 2,
        "PMNTN_SPOT" : 29451,
        "MNTN_CODE" : "312000301",
        "MANAGE_SP1" : "01",
        "MANAGE_SP2" : "시종점",
        "DETAIL_SPO" : "시종점",
        "ETC_MATTER" : " ",
        "MNTN_NM" : "무룡산",
        "PAST_SPOT_" : "3120003010003",
        "MNTN_ID" : "312000301"
      },
      "geometry" : {
        "x" : 415138.13722994085,
        "y" : 334854.4307322409
      }
    },
    {
      "attributes" : {
        "FID" : 3,
        "PMNTN_SPOT" : 29452,
        "MNTN_CODE" : "312000301",
        "MANAGE_SP1" : "01",
        "MANAGE_SP2" : "시종점",
        "DETAIL_SPO" : "시종점",
        "ETC_MATTER" : " ",
        "MNTN_NM" : "무룡산",
        "PAST_SPOT_" : "3120003010004",
        "MNTN_ID" : "312000301"
      },
      "geometry" : {
        "x" : 415421.7254546266,
        "y" : 334392.09618845582
      }
    },
    {
      "attributes" : {
        "FID" : 4,
        "PMNTN_SPOT" : 29453,
        "MNTN_CODE" : "312000301",
        "MANAGE_SP1" : "02",
        "MANAGE_SP2" : "분기점",
        "DETAIL_SPO" : "분기점",
        "ETC_MATTER" : " ",
        "MNTN_NM" : "무룡산",
        "PAST_SPOT_" : "3120003010005",
        "MNTN_ID" : "312000301"
      },
      "geometry" : {
        "x" : 415966.67557371967,
        "y" : 334641.96565136872
      }
    },
    {
      "attributes" : {
        "FID" : 5,
        "PMNTN_SPOT" : 29454,
        "MNTN_CODE" : "312000301",
        "MANAGE_SP1" : "02",
        "MANAGE_SP2" : "분기점",
        "DETAIL_SPO" : "분기점",
        "ETC_MATTER" : " ",
        "MNTN_NM" : "무룡산",
        "PAST_SPOT_" : "3120003010006",
        "MNTN_ID" : "312000301"
      },
      "geometry" : {
        "x" : 416066.01151094586,
        "y" : 334950.99683404528
      }
    },
    {
      "attributes" : {
        "FID" : 6,
        "PMNTN_SPOT" : 29455,
        "MNTN_CODE" : "312000301",
        "MANAGE_SP1" : "01",
        "MANAGE_SP2" : "시종점",
        "DETAIL_SPO" : "시종점",
        "ETC_MATTER" : " ",
        "MNTN_NM" : "무룡산",
        "PAST_SPOT_" : "3120003010007",
        "MNTN_ID" : "312000301"
      },
      "geometry" : {
        "x" : 416274.50769238081,
        "y" : 334572.93041526899
      }
    },
    {
      "attributes" : {
        "FID" : 7,
        "PMNTN_SPOT" : 29456,
        "MNTN_CODE" : "312000301",
        "MANAGE_SP1" : "02",
        "MANAGE_SP2" : "분기점",
        "DETAIL_SPO" : "분기점",
        "ETC_MATTER" : " ",
        "MNTN_NM" : "무룡산",
        "PAST_SPOT_" : "3120003010008",
        "MNTN_ID" : "312000301"
      },
      "geometry" : {
        "x" : 416298.11196503416,
        "y" : 334680.80818267539
      }
    },
    {
      "attributes" : {
        "FID" : 8,
        "PMNTN_SPOT" : 29457,
        "MNTN_CODE" : "312000301",
        "MANAGE_SP1" : "02",
        "MANAGE_SP2" : "분기점",
        "DETAIL_SPO" : "분기점",
        "ETC_MATTER" : " ",
        "MNTN_NM" : "무룡산",
        "PAST_SPOT_" : "3120003010009",
        "MNTN_ID" : "312000301"
      },
      "geometry" : {
        "x" : 416722.28365589492,
        "y" : 334933.77990944125
      }
    },
    {
      "attributes" : {
        "FID" : 9,
        "PMNTN_SPOT" : 29458,
        "MNTN_CODE" : "312000301",
        "MANAGE_SP1" : "02",
        "MANAGE_SP2" : "분기점",
        "DETAIL_SPO" : "분기점",
        "ETC_MATTER" : " ",
        "MNTN_NM" : "무룡산",
        "PAST_SPOT_" : "3120003010010",
        "MNTN_ID" : "312000301"
      },
      "geometry" : {
        "x" : 416758.07755344547,
        "y" : 334973.67434151471
      }
    },
    {
      "attributes" : {
        "FID" : 10,
        "PMNTN_SPOT" : 29459,
        "MNTN_CODE" : "312000301",
        "MANAGE_SP1" : "01",
        "MANAGE_SP2" : "시종점",
        "DETAIL_SPO" : "시종점",
        "ETC_MATTER" : " ",
        "MNTN_NM" : "무룡산",
        "PAST_SPOT_" : "3120003010011",
        "MNTN_ID" : "312000301"
      },
      "geometry" : {
        "x" : 416776.60785298329,
        "y" : 334434.97930005193
      }
    },
    {
      "attributes" : {
        "FID" : 11,
        "PMNTN_SPOT" : 29460,
        "MNTN_CODE" : "312000301",
        "MANAGE_SP1" : "01",
        "MANAGE_SP2" : "시종점",
        "DETAIL_SPO" : "시종점",
        "ETC_MATTER" : " ",
        "MNTN_NM" : "무룡산",
        "PAST_SPOT_" : "3120003010012",
        "MNTN_ID" : "312000301"
      },
      "geometry" : {
        "x" : 417054.22011106741,
        "y" : 336084.80672491714
      }
    },
    {
      "attributes" : {
        "FID" : 12,
        "PMNTN_SPOT" : 29461,
        "MNTN_CODE" : "312000301",
        "MANAGE_SP1" : "01",
        "MANAGE_SP2" : "시종점",
        "DETAIL_SPO" : "시종점",
        "ETC_MATTER" : " ",
        "MNTN_NM" : "무룡산",
        "PAST_SPOT_" : "3120003010013",
        "MNTN_ID" : "312000301"
      },
      "geometry" : {
        "x" : 417645.72903273068,
        "y" : 334325.71682036109
      }
    }
  ]
}