{
  "displayFieldName" : "",
  "fieldAliases" : {
    "FID" : "FID",
    "PMNTN_SPOT" : "PMNTN_SPOT",
    "MNTN_CODE" : "MNTN_CODE",
    "MANAGE_SP1" : "MANAGE_SP1",
    "MANAGE_SP2" : "MANAGE_SP2",
    "DETAIL_SPO" : "DETAIL_SPO",
    "ETC_MATTER" : "ETC_MATTER",
    "MNTN_NM" : "MNTN_NM",
    "PAST_SPOT_" : "PAST_SPOT_",
    "MNTN_ID" : "MNTN_ID"
  },
  "geometryType" : "esriGeometryPoint",
  "spatialReference" : {
    "wkt" : "PROJCS[\"PCS_ITRF2000_TM\",GEOGCS[\"GCS_ITRF_2000\",DATUM[\"D_ITRF_2000\",SPHEROID[\"GRS_1980\",6378137.0,298.257222101]],PRIMEM[\"Greenwich\",0.0],UNIT[\"Degree\",0.0174532925199433]],PROJECTION[\"Transverse_Mercator\"],PARAMETER[\"False_Easting\",200000.0],PARAMETER[\"False_Northing\",600000.0],PARAMETER[\"Central_Meridian\",127.0],PARAMETER[\"Scale_Factor\",1.0],PARAMETER[\"Latitude_Of_Origin\",38.0],UNIT[\"Meter\",1.0]]"
  },
  "fields" : [
    {
      "name" : "FID",
      "type" : "esriFieldTypeOID",
      "alias" : "FID"
    },
    {
      "name" : "PMNTN_SPOT",
      "type" : "esriFieldTypeDouble",
      "alias" : "PMNTN_SPOT"
    },
    {
      "name" : "MNTN_CODE",
      "type" : "esriFieldTypeString",
      "alias" : "MNTN_CODE",
      "length" : 9
    },
    {
      "name" : "MANAGE_SP1",
      "type" : "esriFieldTypeString",
      "alias" : "MANAGE_SP1",
      "length" : 2
    },
    {
      "name" : "MANAGE_SP2",
      "type" : "esriFieldTypeString",
      "alias" : "MANAGE_SP2",
      "length" : 50
    },
    {
      "name" : "DETAIL_SPO",
      "type" : "esriFieldTypeString",
      "alias" : "DETAIL_SPO",
      "length" : 200
    },
    {
      "name" : "ETC_MATTER",
      "type" : "esriFieldTypeString",
      "alias" : "ETC_MATTER",
      "length" : 200
    },
    {
      "name" : "MNTN_NM",
      "type" : "esriFieldTypeString",
      "alias" : "MNTN_NM",
      "length" : 50
    },
    {
      "name" : "PAST_SPOT_",
      "type" : "esriFieldTypeString",
      "alias" : "PAST_SPOT_",
      "length" : 14
    },
    {
      "name" : "MNTN_ID",
      "type" : "esriFieldTypeString",
      "alias" : "MNTN_ID",
      "length" : 10
    }
  ],
  "features" : [
    {
      "attributes" : {
        "FID" : 0,
        "PMNTN_SPOT" : 27764,
        "MNTN_CODE" : "448002504",
        "MANAGE_SP1" : "01",
        "MANAGE_SP2" : "시종점",
        "DETAIL_SPO" : "시종점",
        "ETC_MATTER" : " ",
        "MNTN_NM" : "매봉재",
        "PAST_SPOT_" : "4480025040001",
        "MNTN_ID" : "448002504"
      },
      "geometry" : {
        "x" : 170375.72850000206,
        "y" : 445958.51700000092
      }
    },
    {
      "attributes" : {
        "FID" : 1,
        "PMNTN_SPOT" : 27765,
        "MNTN_CODE" : "448002504",
        "MANAGE_SP1" : "01",
        "MANAGE_SP2" : "시종점",
        "DETAIL_SPO" : "시종점",
        "ETC_MATTER" : " ",
        "MNTN_NM" : "매봉재",
        "PAST_SPOT_" : "4480025040002",
        "MNTN_ID" : "448002504"
      },
      "geometry" : {
        "x" : 170438.36560000014,
        "y" : 446504.69540000148
      }
    },
    {
      "attributes" : {
        "FID" : 2,
        "PMNTN_SPOT" : 27766,
        "MNTN_CODE" : "448002504",
        "MANAGE_SP1" : "02",
        "MANAGE_SP2" : "분기점",
        "DETAIL_SPO" : "분기점",
        "ETC_MATTER" : " ",
        "MNTN_NM" : "매봉재",
        "PAST_SPOT_" : "4480025040003",
        "MNTN_ID" : "448002504"
      },
      "geometry" : {
        "x" : 170497.86820000038,
        "y" : 446452.71670000069
      }
    },
    {
      "attributes" : {
        "FID" : 3,
        "PMNTN_SPOT" : 27767,
        "MNTN_CODE" : "448002504",
        "MANAGE_SP1" : "02",
        "MANAGE_SP2" : "분기점",
        "DETAIL_SPO" : "분기점",
        "ETC_MATTER" : " ",
        "MNTN_NM" : "매봉재",
        "PAST_SPOT_" : "4480025040004",
        "MNTN_ID" : "448002504"
      },
      "geometry" : {
        "x" : 170502.60599999968,
        "y" : 446267.48399999924
      }
    },
    {
      "attributes" : {
        "FID" : 4,
        "PMNTN_SPOT" : 27768,
        "MNTN_CODE" : "448002504",
        "MANAGE_SP1" : "02",
        "MANAGE_SP2" : "분기점",
        "DETAIL_SPO" : "분기점",
        "ETC_MATTER" : " ",
        "MNTN_NM" : "매봉재",
        "PAST_SPOT_" : "4480025040005",
        "MNTN_ID" : "448002504"
      },
      "geometry" : {
        "x" : 170507.38310000021,
        "y" : 446425.12989999913
      }
    },
    {
      "attributes" : {
        "FID" : 5,
        "PMNTN_SPOT" : 27769,
        "MNTN_CODE" : "448002504",
        "MANAGE_SP1" : "01",
        "MANAGE_SP2" : "시종점",
        "DETAIL_SPO" : "시종점",
        "ETC_MATTER" : " ",
        "MNTN_NM" : "매봉재",
        "PAST_SPOT_" : "4480025040006",
        "MNTN_ID" : "448002504"
      },
      "geometry" : {
        "x" : 170517.7946000006,
        "y" : 445794.96480000392
      }
    },
    {
      "attributes" : {
        "FID" : 6,
        "PMNTN_SPOT" : 27770,
        "MNTN_CODE" : "448002504",
        "MANAGE_SP1" : "02",
        "MANAGE_SP2" : "분기점",
        "DETAIL_SPO" : "분기점",
        "ETC_MATTER" : " ",
        "MNTN_NM" : "매봉재",
        "PAST_SPOT_" : "4480025040007",
        "MNTN_ID" : "448002504"
      },
      "geometry" : {
        "x" : 170540.33570000064,
        "y" : 446284.28260000236
      }
    },
    {
      "attributes" : {
        "FID" : 7,
        "PMNTN_SPOT" : 27771,
        "MNTN_CODE" : "448002504",
        "MANAGE_SP1" : "02",
        "MANAGE_SP2" : "분기점",
        "DETAIL_SPO" : "분기점",
        "ETC_MATTER" : " ",
        "MNTN_NM" : "매봉재",
        "PAST_SPOT_" : "4480025040008",
        "MNTN_ID" : "448002504"
      },
      "geometry" : {
        "x" : 170557.83530000038,
        "y" : 446318.39829999954
      }
    },
    {
      "attributes" : {
        "FID" : 8,
        "PMNTN_SPOT" : 27772,
        "MNTN_CODE" : "448002504",
        "MANAGE_SP1" : "02",
        "MANAGE_SP2" : "분기점",
        "DETAIL_SPO" : "분기점",
        "ETC_MATTER" : " ",
        "MNTN_NM" : "매봉재",
        "PAST_SPOT_" : "4480025040009",
        "MNTN_ID" : "448002504"
      },
      "geometry" : {
        "x" : 170570.95710000116,
        "y" : 446294.89450000226
      }
    },
    {
      "attributes" : {
        "FID" : 9,
        "PMNTN_SPOT" : 27773,
        "MNTN_CODE" : "448002504",
        "MANAGE_SP1" : "02",
        "MANAGE_SP2" : "분기점",
        "DETAIL_SPO" : "분기점",
        "ETC_MATTER" : " ",
        "MNTN_NM" : "매봉재",
        "PAST_SPOT_" : "4480025040010",
        "MNTN_ID" : "448002504"
      },
      "geometry" : {
        "x" : 170591.22900000028,
        "y" : 445946.64299999923
      }
    },
    {
      "attributes" : {
        "FID" : 10,
        "PMNTN_SPOT" : 27774,
        "MNTN_CODE" : "448002504",
        "MANAGE_SP1" : "02",
        "MANAGE_SP2" : "분기점",
        "DETAIL_SPO" : "분기점",
        "ETC_MATTER" : " ",
        "MNTN_NM" : "매봉재",
        "PAST_SPOT_" : "4480025040011",
        "MNTN_ID" : "448002504"
      },
      "geometry" : {
        "x" : 170609.25210000109,
        "y" : 446261.70570000075
      }
    },
    {
      "attributes" : {
        "FID" : 11,
        "PMNTN_SPOT" : 27775,
        "MNTN_CODE" : "448002504",
        "MANAGE_SP1" : "02",
        "MANAGE_SP2" : "분기점",
        "DETAIL_SPO" : "분기점",
        "ETC_MATTER" : " ",
        "MNTN_NM" : "매봉재",
        "PAST_SPOT_" : "4480025040012",
        "MNTN_ID" : "448002504"
      },
      "geometry" : {
        "x" : 170624.17020000052,
        "y" : 445925.97290000133
      }
    },
    {
      "attributes" : {
        "FID" : 12,
        "PMNTN_SPOT" : 27776,
        "MNTN_CODE" : "448002504",
        "MANAGE_SP1" : "02",
        "MANAGE_SP2" : "분기점",
        "DETAIL_SPO" : "분기점",
        "ETC_MATTER" : " ",
        "MNTN_NM" : "매봉재",
        "PAST_SPOT_" : "4480025040013",
        "MNTN_ID" : "448002504"
      },
      "geometry" : {
        "x" : 170634.49770000111,
        "y" : 445973.6456000004
      }
    },
    {
      "attributes" : {
        "FID" : 13,
        "PMNTN_SPOT" : 27777,
        "MNTN_CODE" : "448002504",
        "MANAGE_SP1" : "02",
        "MANAGE_SP2" : "분기점",
        "DETAIL_SPO" : "분기점",
        "ETC_MATTER" : " ",
        "MNTN_NM" : "매봉재",
        "PAST_SPOT_" : "4480025040014",
        "MNTN_ID" : "448002504"
      },
      "geometry" : {
        "x" : 170640.62990000099,
        "y" : 446010.16499999911
      }
    },
    {
      "attributes" : {
        "FID" : 14,
        "PMNTN_SPOT" : 27778,
        "MNTN_CODE" : "448002504",
        "MANAGE_SP1" : "02",
        "MANAGE_SP2" : "분기점",
        "DETAIL_SPO" : "분기점",
        "ETC_MATTER" : " ",
        "MNTN_NM" : "매봉재",
        "PAST_SPOT_" : "4480025040015",
        "MNTN_ID" : "448002504"
      },
      "geometry" : {
        "x" : 170686.30399999954,
        "y" : 446058.59039999917
      }
    },
    {
      "attributes" : {
        "FID" : 15,
        "PMNTN_SPOT" : 27779,
        "MNTN_CODE" : "448002504",
        "MANAGE_SP1" : "02",
        "MANAGE_SP2" : "분기점",
        "DETAIL_SPO" : "분기점",
        "ETC_MATTER" : " ",
        "MNTN_NM" : "매봉재",
        "PAST_SPOT_" : "4480025040016",
        "MNTN_ID" : "448002504"
      },
      "geometry" : {
        "x" : 170692.42269999906,
        "y" : 446170.29830000177
      }
    },
    {
      "attributes" : {
        "FID" : 16,
        "PMNTN_SPOT" : 27780,
        "MNTN_CODE" : "448002504",
        "MANAGE_SP1" : "02",
        "MANAGE_SP2" : "분기점",
        "DETAIL_SPO" : "분기점",
        "ETC_MATTER" : " ",
        "MNTN_NM" : "매봉재",
        "PAST_SPOT_" : "4480025040017",
        "MNTN_ID" : "448002504"
      },
      "geometry" : {
        "x" : 170693.38040000107,
        "y" : 446133.39100000076
      }
    },
    {
      "attributes" : {
        "FID" : 17,
        "PMNTN_SPOT" : 27781,
        "MNTN_CODE" : "448002504",
        "MANAGE_SP1" : "01",
        "MANAGE_SP2" : "시종점",
        "DETAIL_SPO" : "시종점",
        "ETC_MATTER" : " ",
        "MNTN_NM" : "매봉재",
        "PAST_SPOT_" : "4480025040018",
        "MNTN_ID" : "448002504"
      },
      "geometry" : {
        "x" : 170694.46960000042,
        "y" : 445758.41350000165
      }
    },
    {
      "attributes" : {
        "FID" : 18,
        "PMNTN_SPOT" : 27782,
        "MNTN_CODE" : "448002504",
        "MANAGE_SP1" : "01",
        "MANAGE_SP2" : "시종점",
        "DETAIL_SPO" : "시종점",
        "ETC_MATTER" : " ",
        "MNTN_NM" : "매봉재",
        "PAST_SPOT_" : "4480025040019",
        "MNTN_ID" : "448002504"
      },
      "geometry" : {
        "x" : 170701.90860000066,
        "y" : 445823.21380000189
      }
    },
    {
      "attributes" : {
        "FID" : 19,
        "PMNTN_SPOT" : 27783,
        "MNTN_CODE" : "448002504",
        "MANAGE_SP1" : "02",
        "MANAGE_SP2" : "분기점",
        "DETAIL_SPO" : "분기점",
        "ETC_MATTER" : " ",
        "MNTN_NM" : "매봉재",
        "PAST_SPOT_" : "4480025040020",
        "MNTN_ID" : "448002504"
      },
      "geometry" : {
        "x" : 170723.97750000004,
        "y" : 446088.57610000111
      }
    },
    {
      "attributes" : {
        "FID" : 20,
        "PMNTN_SPOT" : 27784,
        "MNTN_CODE" : "448002504",
        "MANAGE_SP1" : "02",
        "MANAGE_SP2" : "분기점",
        "DETAIL_SPO" : "분기점",
        "ETC_MATTER" : " ",
        "MNTN_NM" : "매봉재",
        "PAST_SPOT_" : "4480025040021",
        "MNTN_ID" : "448002504"
      },
      "geometry" : {
        "x" : 170726.60500000045,
        "y" : 446067.92300000042
      }
    },
    {
      "attributes" : {
        "FID" : 21,
        "PMNTN_SPOT" : 27785,
        "MNTN_CODE" : "448002504",
        "MANAGE_SP1" : "01",
        "MANAGE_SP2" : "시종점",
        "DETAIL_SPO" : "시종점",
        "ETC_MATTER" : " ",
        "MNTN_NM" : "매봉재",
        "PAST_SPOT_" : "4480025040022",
        "MNTN_ID" : "448002504"
      },
      "geometry" : {
        "x" : 170734.80740000121,
        "y" : 446244.96419999935
      }
    },
    {
      "attributes" : {
        "FID" : 22,
        "PMNTN_SPOT" : 27786,
        "MNTN_CODE" : "448002504",
        "MANAGE_SP1" : "01",
        "MANAGE_SP2" : "시종점",
        "DETAIL_SPO" : "시종점",
        "ETC_MATTER" : " ",
        "MNTN_NM" : "매봉재",
        "PAST_SPOT_" : "4480025040023",
        "MNTN_ID" : "448002504"
      },
      "geometry" : {
        "x" : 170869.63580000028,
        "y" : 446115.34530000016
      }
    }
  ]
}