{
  "displayFieldName" : "",
  "fieldAliases" : {
    "FID" : "FID",
    "PMNTN_SPOT" : "PMNTN_SPOT",
    "MNTN_CODE" : "MNTN_CODE",
    "MANAGE_SP1" : "MANAGE_SP1",
    "MANAGE_SP2" : "MANAGE_SP2",
    "DETAIL_SPO" : "DETAIL_SPO",
    "ETC_MATTER" : "ETC_MATTER",
    "MNTN_NM" : "MNTN_NM",
    "PAST_SPOT_" : "PAST_SPOT_",
    "MNTN_ID" : "MNTN_ID"
  },
  "geometryType" : "esriGeometryPoint",
  "spatialReference" : {
    "wkt" : "PROJCS[\"PCS_ITRF2000_TM\",GEOGCS[\"GCS_ITRF_2000\",DATUM[\"D_ITRF_2000\",SPHEROID[\"GRS_1980\",6378137.0,298.257222101]],PRIMEM[\"Greenwich\",0.0],UNIT[\"Degree\",0.0174532925199433]],PROJECTION[\"Transverse_Mercator\"],PARAMETER[\"False_Easting\",200000.0],PARAMETER[\"False_Northing\",600000.0],PARAMETER[\"Central_Meridian\",127.0],PARAMETER[\"Scale_Factor\",1.0],PARAMETER[\"Latitude_Of_Origin\",38.0],UNIT[\"Meter\",1.0]]"
  },
  "fields" : [
    {
      "name" : "FID",
      "type" : "esriFieldTypeOID",
      "alias" : "FID"
    },
    {
      "name" : "PMNTN_SPOT",
      "type" : "esriFieldTypeDouble",
      "alias" : "PMNTN_SPOT"
    },
    {
      "name" : "MNTN_CODE",
      "type" : "esriFieldTypeString",
      "alias" : "MNTN_CODE",
      "length" : 9
    },
    {
      "name" : "MANAGE_SP1",
      "type" : "esriFieldTypeString",
      "alias" : "MANAGE_SP1",
      "length" : 2
    },
    {
      "name" : "MANAGE_SP2",
      "type" : "esriFieldTypeString",
      "alias" : "MANAGE_SP2",
      "length" : 50
    },
    {
      "name" : "DETAIL_SPO",
      "type" : "esriFieldTypeString",
      "alias" : "DETAIL_SPO",
      "length" : 200
    },
    {
      "name" : "ETC_MATTER",
      "type" : "esriFieldTypeString",
      "alias" : "ETC_MATTER",
      "length" : 200
    },
    {
      "name" : "MNTN_NM",
      "type" : "esriFieldTypeString",
      "alias" : "MNTN_NM",
      "length" : 50
    },
    {
      "name" : "PAST_SPOT_",
      "type" : "esriFieldTypeString",
      "alias" : "PAST_SPOT_",
      "length" : 14
    },
    {
      "name" : "MNTN_ID",
      "type" : "esriFieldTypeString",
      "alias" : "MNTN_ID",
      "length" : 10
    }
  ],
  "features" : [
    {
      "attributes" : {
        "FID" : 0,
        "PMNTN_SPOT" : 92503,
        "MNTN_CODE" : "479203901",
        "MANAGE_SP1" : "01",
        "MANAGE_SP2" : "시종점",
        "DETAIL_SPO" : "시종점",
        "ETC_MATTER" : " ",
        "MNTN_NM" : "호골산",
        "PAST_SPOT_" : "4792039010001",
        "MNTN_ID" : "479203901"
      },
      "geometry" : {
        "x" : 353852.64639999997,
        "y" : 477645.43999999948
      }
    },
    {
      "attributes" : {
        "FID" : 1,
        "PMNTN_SPOT" : 92504,
        "MNTN_CODE" : "479203901",
        "MANAGE_SP1" : "01",
        "MANAGE_SP2" : "시종점",
        "DETAIL_SPO" : "시종점",
        "ETC_MATTER" : " ",
        "MNTN_NM" : "호골산",
        "PAST_SPOT_" : "4792039010002",
        "MNTN_ID" : "479203901"
      },
      "geometry" : {
        "x" : 354501.11630000081,
        "y" : 477577.16819999926
      }
    },
    {
      "attributes" : {
        "FID" : 2,
        "PMNTN_SPOT" : 100015,
        "MNTN_CODE" : "479203901",
        "MANAGE_SP1" : "04",
        "MANAGE_SP2" : "화장실",
        "DETAIL_SPO" : "화장실",
        "ETC_MATTER" : " ",
        "MNTN_NM" : "호골산",
        "PAST_SPOT_" : "4792039010003",
        "MNTN_ID" : "479203901"
      },
      "geometry" : {
        "x" : 353775.16369999968,
        "y" : 477689.26639999985
      }
    },
    {
      "attributes" : {
        "FID" : 3,
        "PMNTN_SPOT" : 100016,
        "MNTN_CODE" : "479203901",
        "MANAGE_SP1" : "07",
        "MANAGE_SP2" : "시설물(운동기구 등)",
        "DETAIL_SPO" : "시설물(운동기구등), 벤치",
        "ETC_MATTER" : " ",
        "MNTN_NM" : "호골산",
        "PAST_SPOT_" : "4792039010004",
        "MNTN_ID" : "479203901"
      },
      "geometry" : {
        "x" : 353790.80499999865,
        "y" : 477719.30079999944
      }
    },
    {
      "attributes" : {
        "FID" : 4,
        "PMNTN_SPOT" : 100017,
        "MNTN_CODE" : "479203901",
        "MANAGE_SP1" : "99",
        "MANAGE_SP2" : "기타",
        "DETAIL_SPO" : "다리시작",
        "ETC_MATTER" : " ",
        "MNTN_NM" : "호골산",
        "PAST_SPOT_" : "4792039010005",
        "MNTN_ID" : "479203901"
      },
      "geometry" : {
        "x" : 353893.01180000277,
        "y" : 477847.25579999934
      }
    },
    {
      "attributes" : {
        "FID" : 5,
        "PMNTN_SPOT" : 100018,
        "MNTN_CODE" : "479203901",
        "MANAGE_SP1" : "99",
        "MANAGE_SP2" : "기타",
        "DETAIL_SPO" : "다리끝, 가로등",
        "ETC_MATTER" : " ",
        "MNTN_NM" : "호골산",
        "PAST_SPOT_" : "4792039010006",
        "MNTN_ID" : "479203901"
      },
      "geometry" : {
        "x" : 354248.56080000114,
        "y" : 477787.88240000047
      }
    },
    {
      "attributes" : {
        "FID" : 6,
        "PMNTN_SPOT" : 100019,
        "MNTN_CODE" : "479203901",
        "MANAGE_SP1" : "14",
        "MANAGE_SP2" : "조망점",
        "DETAIL_SPO" : "증산로전경",
        "ETC_MATTER" : " ",
        "MNTN_NM" : "호골산",
        "PAST_SPOT_" : "4792039010007",
        "MNTN_ID" : "479203901"
      },
      "geometry" : {
        "x" : 354273.66840000055,
        "y" : 477772.3405000011
      }
    },
    {
      "attributes" : {
        "FID" : 7,
        "PMNTN_SPOT" : 100020,
        "MNTN_CODE" : "479203901",
        "MANAGE_SP1" : "07",
        "MANAGE_SP2" : "시설물(운동기구 등)",
        "DETAIL_SPO" : "시설물(운동기구등), 조망점, 정자",
        "ETC_MATTER" : " ",
        "MNTN_NM" : "호골산",
        "PAST_SPOT_" : "4792039010008",
        "MNTN_ID" : "479203901"
      },
      "geometry" : {
        "x" : 354498.25949999969,
        "y" : 477582.1696000006
      }
    },
    {
      "attributes" : {
        "FID" : 8,
        "PMNTN_SPOT" : 100021,
        "MNTN_CODE" : "479203901",
        "MANAGE_SP1" : "99",
        "MANAGE_SP2" : "기타",
        "DETAIL_SPO" : "목계단시작",
        "ETC_MATTER" : " ",
        "MNTN_NM" : "호골산",
        "PAST_SPOT_" : "4792039010009",
        "MNTN_ID" : "479203901"
      },
      "geometry" : {
        "x" : 354407.10060000012,
        "y" : 478527.37580000062
      }
    },
    {
      "attributes" : {
        "FID" : 9,
        "PMNTN_SPOT" : 100022,
        "MNTN_CODE" : "479203901",
        "MANAGE_SP1" : "99",
        "MANAGE_SP2" : "기타",
        "DETAIL_SPO" : "목계단끝",
        "ETC_MATTER" : " ",
        "MNTN_NM" : "호골산",
        "PAST_SPOT_" : "4792039010010",
        "MNTN_ID" : "479203901"
      },
      "geometry" : {
        "x" : 370115.1297999997,
        "y" : 481023.42820000113
      }
    }
  ]
}