{
  "displayFieldName" : "",
  "fieldAliases" : {
    "FID" : "FID",
    "PMNTN_SPOT" : "PMNTN_SPOT",
    "MNTN_CODE" : "MNTN_CODE",
    "MANAGE_SP1" : "MANAGE_SP1",
    "MANAGE_SP2" : "MANAGE_SP2",
    "DETAIL_SPO" : "DETAIL_SPO",
    "ETC_MATTER" : "ETC_MATTER",
    "MNTN_NM" : "MNTN_NM",
    "PAST_SPOT_" : "PAST_SPOT_",
    "MNTN_ID" : "MNTN_ID"
  },
  "geometryType" : "esriGeometryPoint",
  "spatialReference" : {
    "wkt" : "PROJCS[\"PCS_ITRF2000_TM\",GEOGCS[\"GCS_ITRF_2000\",DATUM[\"D_ITRF_2000\",SPHEROID[\"GRS_1980\",6378137.0,298.257222101]],PRIMEM[\"Greenwich\",0.0],UNIT[\"Degree\",0.0174532925199433]],PROJECTION[\"Transverse_Mercator\"],PARAMETER[\"False_Easting\",200000.0],PARAMETER[\"False_Northing\",600000.0],PARAMETER[\"Central_Meridian\",127.0],PARAMETER[\"Scale_Factor\",1.0],PARAMETER[\"Latitude_Of_Origin\",38.0],UNIT[\"Meter\",1.0]]"
  },
  "fields" : [
    {
      "name" : "FID",
      "type" : "esriFieldTypeOID",
      "alias" : "FID"
    },
    {
      "name" : "PMNTN_SPOT",
      "type" : "esriFieldTypeDouble",
      "alias" : "PMNTN_SPOT"
    },
    {
      "name" : "MNTN_CODE",
      "type" : "esriFieldTypeString",
      "alias" : "MNTN_CODE",
      "length" : 9
    },
    {
      "name" : "MANAGE_SP1",
      "type" : "esriFieldTypeString",
      "alias" : "MANAGE_SP1",
      "length" : 2
    },
    {
      "name" : "MANAGE_SP2",
      "type" : "esriFieldTypeString",
      "alias" : "MANAGE_SP2",
      "length" : 50
    },
    {
      "name" : "DETAIL_SPO",
      "type" : "esriFieldTypeString",
      "alias" : "DETAIL_SPO",
      "length" : 200
    },
    {
      "name" : "ETC_MATTER",
      "type" : "esriFieldTypeString",
      "alias" : "ETC_MATTER",
      "length" : 200
    },
    {
      "name" : "MNTN_NM",
      "type" : "esriFieldTypeString",
      "alias" : "MNTN_NM",
      "length" : 50
    },
    {
      "name" : "PAST_SPOT_",
      "type" : "esriFieldTypeString",
      "alias" : "PAST_SPOT_",
      "length" : 14
    },
    {
      "name" : "MNTN_ID",
      "type" : "esriFieldTypeString",
      "alias" : "MNTN_ID",
      "length" : 10
    }
  ],
  "features" : [
    {
      "attributes" : {
        "FID" : 0,
        "PMNTN_SPOT" : 26056,
        "MNTN_CODE" : "421507801",
        "MANAGE_SP1" : "01",
        "MANAGE_SP2" : "시종점",
        "DETAIL_SPO" : "시종점",
        "ETC_MATTER" : " ",
        "MNTN_NM" : "마차봉",
        "PAST_SPOT_" : "4215020010001",
        "MNTN_ID" : "421502001"
      },
      "geometry" : {
        "x" : 362754.87930001225,
        "y" : 576402.39780000225
      }
    },
    {
      "attributes" : {
        "FID" : 1,
        "PMNTN_SPOT" : 26057,
        "MNTN_CODE" : "421507801",
        "MANAGE_SP1" : "02",
        "MANAGE_SP2" : "분기점",
        "DETAIL_SPO" : "분기점",
        "ETC_MATTER" : " ",
        "MNTN_NM" : "마차봉",
        "PAST_SPOT_" : "4215020010002",
        "MNTN_ID" : "421502001"
      },
      "geometry" : {
        "x" : 363023.87910001166,
        "y" : 576608.11240000837
      }
    },
    {
      "attributes" : {
        "FID" : 2,
        "PMNTN_SPOT" : 26058,
        "MNTN_CODE" : "421507801",
        "MANAGE_SP1" : "01",
        "MANAGE_SP2" : "시종점",
        "DETAIL_SPO" : "시종점",
        "ETC_MATTER" : " ",
        "MNTN_NM" : "마차봉",
        "PAST_SPOT_" : "4215020010003",
        "MNTN_ID" : "421502001"
      },
      "geometry" : {
        "x" : 363168.31860001478,
        "y" : 577072.82600000128
      }
    },
    {
      "attributes" : {
        "FID" : 3,
        "PMNTN_SPOT" : 26059,
        "MNTN_CODE" : "421507801",
        "MANAGE_SP1" : "02",
        "MANAGE_SP2" : "분기점",
        "DETAIL_SPO" : "분기점",
        "ETC_MATTER" : " ",
        "MNTN_NM" : "마차봉",
        "PAST_SPOT_" : "4215020010004",
        "MNTN_ID" : "421502001"
      },
      "geometry" : {
        "x" : 363254.44290001411,
        "y" : 576774.9195000045
      }
    },
    {
      "attributes" : {
        "FID" : 4,
        "PMNTN_SPOT" : 26060,
        "MNTN_CODE" : "421507801",
        "MANAGE_SP1" : "02",
        "MANAGE_SP2" : "분기점",
        "DETAIL_SPO" : "분기점",
        "ETC_MATTER" : " ",
        "MNTN_NM" : "마차봉",
        "PAST_SPOT_" : "4215020010005",
        "MNTN_ID" : "421502001"
      },
      "geometry" : {
        "x" : 363259.06780001428,
        "y" : 576800.54340000264
      }
    },
    {
      "attributes" : {
        "FID" : 5,
        "PMNTN_SPOT" : 26061,
        "MNTN_CODE" : "421507801",
        "MANAGE_SP1" : "01",
        "MANAGE_SP2" : "시종점",
        "DETAIL_SPO" : "시종점",
        "ETC_MATTER" : " ",
        "MNTN_NM" : "마차봉",
        "PAST_SPOT_" : "4215020010006",
        "MNTN_ID" : "421502001"
      },
      "geometry" : {
        "x" : 363574.06360001303,
        "y" : 577080.00740000233
      }
    },
    {
      "attributes" : {
        "FID" : 6,
        "PMNTN_SPOT" : 26062,
        "MNTN_CODE" : "421507801",
        "MANAGE_SP1" : "01",
        "MANAGE_SP2" : "시종점",
        "DETAIL_SPO" : "시종점",
        "ETC_MATTER" : " ",
        "MNTN_NM" : "마차봉",
        "PAST_SPOT_" : "4215020010007",
        "MNTN_ID" : "421502001"
      },
      "geometry" : {
        "x" : 363649.88740001433,
        "y" : 576255.13040000014
      }
    },
    {
      "attributes" : {
        "FID" : 7,
        "PMNTN_SPOT" : 26063,
        "MNTN_CODE" : "421507801",
        "MANAGE_SP1" : "01",
        "MANAGE_SP2" : "시종점",
        "DETAIL_SPO" : "시종점",
        "ETC_MATTER" : " ",
        "MNTN_NM" : "마차봉",
        "PAST_SPOT_" : "4215020010008",
        "MNTN_ID" : "421502001"
      },
      "geometry" : {
        "x" : 363698.1980000129,
        "y" : 576328.01980000176
      }
    },
    {
      "attributes" : {
        "FID" : 8,
        "PMNTN_SPOT" : 26064,
        "MNTN_CODE" : "421507801",
        "MANAGE_SP1" : "99",
        "MANAGE_SP2" : "기타",
        "DETAIL_SPO" : "평창이씨,묘소계단",
        "ETC_MATTER" : " ",
        "MNTN_NM" : "마차봉",
        "PAST_SPOT_" : "4215020010009",
        "MNTN_ID" : "421502001"
      },
      "geometry" : {
        "x" : 363654.82400002703,
        "y" : 576360.56149999984
      }
    },
    {
      "attributes" : {
        "FID" : 9,
        "PMNTN_SPOT" : 26065,
        "MNTN_CODE" : "421507801",
        "MANAGE_SP1" : "14",
        "MANAGE_SP2" : "조망점",
        "DETAIL_SPO" : "조망점",
        "ETC_MATTER" : " ",
        "MNTN_NM" : "마차봉",
        "PAST_SPOT_" : "4215020010010",
        "MNTN_ID" : "421502001"
      },
      "geometry" : {
        "x" : 362854.41660002712,
        "y" : 576610.12260000594
      }
    },
    {
      "attributes" : {
        "FID" : 10,
        "PMNTN_SPOT" : 26066,
        "MNTN_CODE" : "421507801",
        "MANAGE_SP1" : "14",
        "MANAGE_SP2" : "조망점",
        "DETAIL_SPO" : "조망점",
        "ETC_MATTER" : " ",
        "MNTN_NM" : "마차봉",
        "PAST_SPOT_" : "4215020010011",
        "MNTN_ID" : "421502001"
      },
      "geometry" : {
        "x" : 363260.56120002363,
        "y" : 576795.25890000537
      }
    }
  ]
}