{
  "displayFieldName" : "",
  "fieldAliases" : {
    "FID" : "FID",
    "PMNTN_SPOT" : "PMNTN_SPOT",
    "MNTN_CODE" : "MNTN_CODE",
    "MANAGE_SP1" : "MANAGE_SP1",
    "MANAGE_SP2" : "MANAGE_SP2",
    "DETAIL_SPO" : "DETAIL_SPO",
    "ETC_MATTER" : "ETC_MATTER",
    "MNTN_NM" : "MNTN_NM",
    "PAST_SPOT_" : "PAST_SPOT_",
    "MNTN_ID" : "MNTN_ID"
  },
  "geometryType" : "esriGeometryPoint",
  "spatialReference" : {
    "wkt" : "PROJCS[\"PCS_ITRF2000_TM\",GEOGCS[\"GCS_ITRF_2000\",DATUM[\"D_ITRF_2000\",SPHEROID[\"GRS_1980\",6378137.0,298.257222101]],PRIMEM[\"Greenwich\",0.0],UNIT[\"Degree\",0.0174532925199433]],PROJECTION[\"Transverse_Mercator\"],PARAMETER[\"False_Easting\",200000.0],PARAMETER[\"False_Northing\",600000.0],PARAMETER[\"Central_Meridian\",127.0],PARAMETER[\"Scale_Factor\",1.0],PARAMETER[\"Latitude_Of_Origin\",38.0],UNIT[\"Meter\",1.0]]"
  },
  "fields" : [
    {
      "name" : "FID",
      "type" : "esriFieldTypeOID",
      "alias" : "FID"
    },
    {
      "name" : "PMNTN_SPOT",
      "type" : "esriFieldTypeDouble",
      "alias" : "PMNTN_SPOT"
    },
    {
      "name" : "MNTN_CODE",
      "type" : "esriFieldTypeString",
      "alias" : "MNTN_CODE",
      "length" : 9
    },
    {
      "name" : "MANAGE_SP1",
      "type" : "esriFieldTypeString",
      "alias" : "MANAGE_SP1",
      "length" : 2
    },
    {
      "name" : "MANAGE_SP2",
      "type" : "esriFieldTypeString",
      "alias" : "MANAGE_SP2",
      "length" : 50
    },
    {
      "name" : "DETAIL_SPO",
      "type" : "esriFieldTypeString",
      "alias" : "DETAIL_SPO",
      "length" : 200
    },
    {
      "name" : "ETC_MATTER",
      "type" : "esriFieldTypeString",
      "alias" : "ETC_MATTER",
      "length" : 200
    },
    {
      "name" : "MNTN_NM",
      "type" : "esriFieldTypeString",
      "alias" : "MNTN_NM",
      "length" : 50
    },
    {
      "name" : "PAST_SPOT_",
      "type" : "esriFieldTypeString",
      "alias" : "PAST_SPOT_",
      "length" : 14
    },
    {
      "name" : "MNTN_ID",
      "type" : "esriFieldTypeString",
      "alias" : "MNTN_ID",
      "length" : 10
    }
  ],
  "features" : [
    {
      "attributes" : {
        "FID" : 0,
        "PMNTN_SPOT" : 74336,
        "MNTN_CODE" : "431104201",
        "MANAGE_SP1" : "99",
        "MANAGE_SP2" : "기타",
        "DETAIL_SPO" : "은적사(절)",
        "ETC_MATTER" : " ",
        "MNTN_NM" : "은적산",
        "PAST_SPOT_" : "23100237000001",
        "MNTN_ID" : "2310023700"
      },
      "geometry" : {
        "x" : 233323.63880000357,
        "y" : 441835.49920000136
      }
    },
    {
      "attributes" : {
        "FID" : 1,
        "PMNTN_SPOT" : 74337,
        "MNTN_CODE" : "431104201",
        "MANAGE_SP1" : "99",
        "MANAGE_SP2" : "기타",
        "DETAIL_SPO" : "봉수대",
        "ETC_MATTER" : " ",
        "MNTN_NM" : "은적산",
        "PAST_SPOT_" : "23100237000002",
        "MNTN_ID" : "2310023700"
      },
      "geometry" : {
        "x" : 233408.69820000045,
        "y" : 441619.00520000421
      }
    },
    {
      "attributes" : {
        "FID" : 2,
        "PMNTN_SPOT" : 74338,
        "MNTN_CODE" : "431104201",
        "MANAGE_SP1" : "99",
        "MANAGE_SP2" : "기타",
        "DETAIL_SPO" : "기타",
        "ETC_MATTER" : " ",
        "MNTN_NM" : "은적산",
        "PAST_SPOT_" : "23100237000003",
        "MNTN_ID" : "2310023700"
      },
      "geometry" : {
        "x" : 233522.14850000013,
        "y" : 441746.05829999782
      }
    },
    {
      "attributes" : {
        "FID" : 3,
        "PMNTN_SPOT" : 74339,
        "MNTN_CODE" : "431104201",
        "MANAGE_SP1" : "99",
        "MANAGE_SP2" : "기타",
        "DETAIL_SPO" : "기타",
        "ETC_MATTER" : " ",
        "MNTN_NM" : "은적산",
        "PAST_SPOT_" : "23100237000004",
        "MNTN_ID" : "2310023700"
      },
      "geometry" : {
        "x" : 232846.08619999979,
        "y" : 442305.73890000395
      }
    },
    {
      "attributes" : {
        "FID" : 4,
        "PMNTN_SPOT" : 74340,
        "MNTN_CODE" : "431104201",
        "MANAGE_SP1" : "01",
        "MANAGE_SP2" : "시종점",
        "DETAIL_SPO" : "시종점,전경",
        "ETC_MATTER" : " ",
        "MNTN_NM" : "은적산",
        "PAST_SPOT_" : "23100237000005",
        "MNTN_ID" : "2310023700"
      },
      "geometry" : {
        "x" : 232722.86910000257,
        "y" : 442493.22020000033
      }
    },
    {
      "attributes" : {
        "FID" : 5,
        "PMNTN_SPOT" : 74341,
        "MNTN_CODE" : "431104201",
        "MANAGE_SP1" : "01",
        "MANAGE_SP2" : "시종점",
        "DETAIL_SPO" : "시종점",
        "ETC_MATTER" : " ",
        "MNTN_NM" : "은적산",
        "PAST_SPOT_" : "23100237000006",
        "MNTN_ID" : "2310023700"
      },
      "geometry" : {
        "x" : 233006.1118999999,
        "y" : 442859.51449999958
      }
    },
    {
      "attributes" : {
        "FID" : 6,
        "PMNTN_SPOT" : 74342,
        "MNTN_CODE" : "431104201",
        "MANAGE_SP1" : "02",
        "MANAGE_SP2" : "분기점",
        "DETAIL_SPO" : "분기점",
        "ETC_MATTER" : " ",
        "MNTN_NM" : "은적산",
        "PAST_SPOT_" : "23100237000007",
        "MNTN_ID" : "2310023700"
      },
      "geometry" : {
        "x" : 233116.22281415388,
        "y" : 442016.08606065623
      }
    },
    {
      "attributes" : {
        "FID" : 7,
        "PMNTN_SPOT" : 74343,
        "MNTN_CODE" : "431104201",
        "MANAGE_SP1" : "23",
        "MANAGE_SP2" : "정상",
        "DETAIL_SPO" : "정상부,단군성전,이화정",
        "ETC_MATTER" : " ",
        "MNTN_NM" : "은적산",
        "PAST_SPOT_" : "23100237000008",
        "MNTN_ID" : "2310023700"
      },
      "geometry" : {
        "x" : 233422.46200000029,
        "y" : 441576.64789999835
      }
    },
    {
      "attributes" : {
        "FID" : 8,
        "PMNTN_SPOT" : 74344,
        "MNTN_CODE" : "431104201",
        "MANAGE_SP1" : "02",
        "MANAGE_SP2" : "분기점",
        "DETAIL_SPO" : "분기점",
        "ETC_MATTER" : " ",
        "MNTN_NM" : "은적산",
        "PAST_SPOT_" : "23100237000009",
        "MNTN_ID" : "2310023700"
      },
      "geometry" : {
        "x" : 233458.50680206344,
        "y" : 441725.61479968764
      }
    },
    {
      "attributes" : {
        "FID" : 9,
        "PMNTN_SPOT" : 74345,
        "MNTN_CODE" : "431104201",
        "MANAGE_SP1" : "01",
        "MANAGE_SP2" : "시종점",
        "DETAIL_SPO" : "시종점",
        "ETC_MATTER" : " ",
        "MNTN_NM" : "은적산",
        "PAST_SPOT_" : "23100237000010",
        "MNTN_ID" : "2310023700"
      },
      "geometry" : {
        "x" : 234149.1612999998,
        "y" : 442891.48800000176
      }
    }
  ]
}