{
  "displayFieldName" : "",
  "fieldAliases" : {
    "FID" : "FID",
    "PMNTN_SPOT" : "PMNTN_SPOT",
    "MNTN_CODE" : "MNTN_CODE",
    "MANAGE_SP1" : "MANAGE_SP1",
    "MANAGE_SP2" : "MANAGE_SP2",
    "DETAIL_SPO" : "DETAIL_SPO",
    "ETC_MATTER" : "ETC_MATTER",
    "MNTN_NM" : "MNTN_NM",
    "PAST_SPOT_" : "PAST_SPOT_",
    "MNTN_ID" : "MNTN_ID"
  },
  "geometryType" : "esriGeometryPoint",
  "spatialReference" : {
    "wkt" : "PROJCS[\"PCS_ITRF2000_TM\",GEOGCS[\"GCS_ITRF_2000\",DATUM[\"D_ITRF_2000\",SPHEROID[\"GRS_1980\",6378137.0,298.257222101]],PRIMEM[\"Greenwich\",0.0],UNIT[\"Degree\",0.0174532925199433]],PROJECTION[\"Transverse_Mercator\"],PARAMETER[\"False_Easting\",200000.0],PARAMETER[\"False_Northing\",600000.0],PARAMETER[\"Central_Meridian\",127.0],PARAMETER[\"Scale_Factor\",1.0],PARAMETER[\"Latitude_Of_Origin\",38.0],UNIT[\"Meter\",1.0]]"
  },
  "fields" : [
    {
      "name" : "FID",
      "type" : "esriFieldTypeOID",
      "alias" : "FID"
    },
    {
      "name" : "PMNTN_SPOT",
      "type" : "esriFieldTypeDouble",
      "alias" : "PMNTN_SPOT"
    },
    {
      "name" : "MNTN_CODE",
      "type" : "esriFieldTypeString",
      "alias" : "MNTN_CODE",
      "length" : 9
    },
    {
      "name" : "MANAGE_SP1",
      "type" : "esriFieldTypeString",
      "alias" : "MANAGE_SP1",
      "length" : 2
    },
    {
      "name" : "MANAGE_SP2",
      "type" : "esriFieldTypeString",
      "alias" : "MANAGE_SP2",
      "length" : 50
    },
    {
      "name" : "DETAIL_SPO",
      "type" : "esriFieldTypeString",
      "alias" : "DETAIL_SPO",
      "length" : 200
    },
    {
      "name" : "ETC_MATTER",
      "type" : "esriFieldTypeString",
      "alias" : "ETC_MATTER",
      "length" : 200
    },
    {
      "name" : "MNTN_NM",
      "type" : "esriFieldTypeString",
      "alias" : "MNTN_NM",
      "length" : 50
    },
    {
      "name" : "PAST_SPOT_",
      "type" : "esriFieldTypeString",
      "alias" : "PAST_SPOT_",
      "length" : 14
    },
    {
      "name" : "MNTN_ID",
      "type" : "esriFieldTypeString",
      "alias" : "MNTN_ID",
      "length" : 10
    }
  ],
  "features" : [
    {
      "attributes" : {
        "FID" : 0,
        "PMNTN_SPOT" : 10637,
        "MNTN_CODE" : "441500701",
        "MANAGE_SP1" : "99",
        "MANAGE_SP2" : "기타",
        "DETAIL_SPO" : "등산로전경",
        "ETC_MATTER" : " ",
        "MNTN_NM" : "구절산",
        "PAST_SPOT_" : "4415007010001",
        "MNTN_ID" : "441500701"
      },
      "geometry" : {
        "x" : 209005.3992000008,
        "y" : 421941.94620000198
      }
    },
    {
      "attributes" : {
        "FID" : 1,
        "PMNTN_SPOT" : 10638,
        "MNTN_CODE" : "441500701",
        "MANAGE_SP1" : "99",
        "MANAGE_SP2" : "기타",
        "DETAIL_SPO" : "등산로전경",
        "ETC_MATTER" : " ",
        "MNTN_NM" : "구절산",
        "PAST_SPOT_" : "4415007010002",
        "MNTN_ID" : "441500701"
      },
      "geometry" : {
        "x" : 209114.89670000039,
        "y" : 421963.18870000169
      }
    },
    {
      "attributes" : {
        "FID" : 2,
        "PMNTN_SPOT" : 10639,
        "MNTN_CODE" : "441500701",
        "MANAGE_SP1" : "99",
        "MANAGE_SP2" : "기타",
        "DETAIL_SPO" : "등산로전경",
        "ETC_MATTER" : " ",
        "MNTN_NM" : "구절산",
        "PAST_SPOT_" : "4415007010003",
        "MNTN_ID" : "441500701"
      },
      "geometry" : {
        "x" : 209207.50090000033,
        "y" : 421898.35130000114
      }
    },
    {
      "attributes" : {
        "FID" : 3,
        "PMNTN_SPOT" : 10640,
        "MNTN_CODE" : "441500701",
        "MANAGE_SP1" : "23",
        "MANAGE_SP2" : "정상",
        "DETAIL_SPO" : "정상",
        "ETC_MATTER" : " ",
        "MNTN_NM" : "구절산",
        "PAST_SPOT_" : "4415007010004",
        "MNTN_ID" : "441500701"
      },
      "geometry" : {
        "x" : 209295.41899999976,
        "y" : 421902.35910000093
      }
    },
    {
      "attributes" : {
        "FID" : 4,
        "PMNTN_SPOT" : 10641,
        "MNTN_CODE" : "441500701",
        "MANAGE_SP1" : "99",
        "MANAGE_SP2" : "기타",
        "DETAIL_SPO" : "기암",
        "ETC_MATTER" : " ",
        "MNTN_NM" : "구절산",
        "PAST_SPOT_" : "4415007010005",
        "MNTN_ID" : "441500701"
      },
      "geometry" : {
        "x" : 209341.08560000081,
        "y" : 421909.32490000129
      }
    },
    {
      "attributes" : {
        "FID" : 5,
        "PMNTN_SPOT" : 10642,
        "MNTN_CODE" : "441500701",
        "MANAGE_SP1" : "99",
        "MANAGE_SP2" : "기타",
        "DETAIL_SPO" : "작업로",
        "ETC_MATTER" : " ",
        "MNTN_NM" : "구절산",
        "PAST_SPOT_" : "4415007010006",
        "MNTN_ID" : "441500701"
      },
      "geometry" : {
        "x" : 209156.77090000082,
        "y" : 421373.99380000122
      }
    },
    {
      "attributes" : {
        "FID" : 6,
        "PMNTN_SPOT" : 10643,
        "MNTN_CODE" : "441500701",
        "MANAGE_SP1" : "99",
        "MANAGE_SP2" : "기타",
        "DETAIL_SPO" : "저수지",
        "ETC_MATTER" : " ",
        "MNTN_NM" : "구절산",
        "PAST_SPOT_" : "4415007010007",
        "MNTN_ID" : "441500701"
      },
      "geometry" : {
        "x" : 208934.38830000069,
        "y" : 421272.44540000148
      }
    },
    {
      "attributes" : {
        "FID" : 7,
        "PMNTN_SPOT" : 10644,
        "MNTN_CODE" : "441500701",
        "MANAGE_SP1" : "99",
        "MANAGE_SP2" : "기타",
        "DETAIL_SPO" : "구절산원경",
        "ETC_MATTER" : " ",
        "MNTN_NM" : "구절산",
        "PAST_SPOT_" : "4415007010008",
        "MNTN_ID" : "441500701"
      },
      "geometry" : {
        "x" : 208804.22090000194,
        "y" : 421331.20539999753
      }
    },
    {
      "attributes" : {
        "FID" : 8,
        "PMNTN_SPOT" : 10645,
        "MNTN_CODE" : "441500701",
        "MANAGE_SP1" : "99",
        "MANAGE_SP2" : "기타",
        "DETAIL_SPO" : "농로",
        "ETC_MATTER" : " ",
        "MNTN_NM" : "구절산",
        "PAST_SPOT_" : "4415007010009",
        "MNTN_ID" : "441500701"
      },
      "geometry" : {
        "x" : 208803.1743999999,
        "y" : 421364.72149999999
      }
    },
    {
      "attributes" : {
        "FID" : 9,
        "PMNTN_SPOT" : 10646,
        "MNTN_CODE" : "441500701",
        "MANAGE_SP1" : "99",
        "MANAGE_SP2" : "기타",
        "DETAIL_SPO" : "임도",
        "ETC_MATTER" : " ",
        "MNTN_NM" : "구절산",
        "PAST_SPOT_" : "4415007010010",
        "MNTN_ID" : "441500701"
      },
      "geometry" : {
        "x" : 209045.33580000047,
        "y" : 420994.57100000046
      }
    },
    {
      "attributes" : {
        "FID" : 10,
        "PMNTN_SPOT" : 10647,
        "MNTN_CODE" : "441500701",
        "MANAGE_SP1" : "02",
        "MANAGE_SP2" : "분기점",
        "DETAIL_SPO" : "분기점",
        "ETC_MATTER" : " ",
        "MNTN_NM" : "구절산",
        "PAST_SPOT_" : "4415007010011",
        "MNTN_ID" : "441500701"
      },
      "geometry" : {
        "x" : 209135.06579999998,
        "y" : 421363.94200000167
      }
    },
    {
      "attributes" : {
        "FID" : 11,
        "PMNTN_SPOT" : 10648,
        "MNTN_CODE" : "441500701",
        "MANAGE_SP1" : "01",
        "MANAGE_SP2" : "시종점",
        "DETAIL_SPO" : "시종점",
        "ETC_MATTER" : " ",
        "MNTN_NM" : "구절산",
        "PAST_SPOT_" : "4415007010012",
        "MNTN_ID" : "441500701"
      },
      "geometry" : {
        "x" : 209570.34179999959,
        "y" : 420580.51050000452
      }
    },
    {
      "attributes" : {
        "FID" : 12,
        "PMNTN_SPOT" : 96007,
        "MNTN_CODE" : "441500701",
        "MANAGE_SP1" : "14",
        "MANAGE_SP2" : "조망점",
        "DETAIL_SPO" : "조망점",
        "ETC_MATTER" : " ",
        "MNTN_NM" : "구절산",
        "PAST_SPOT_" : "4415007010013",
        "MNTN_ID" : "441500701"
      },
      "geometry" : {
        "x" : 208858.10779999933,
        "y" : 421743.73550000018
      }
    },
    {
      "attributes" : {
        "FID" : 13,
        "PMNTN_SPOT" : 96008,
        "MNTN_CODE" : "441500701",
        "MANAGE_SP1" : "15",
        "MANAGE_SP2" : "훼손지",
        "DETAIL_SPO" : "훼손지",
        "ETC_MATTER" : " ",
        "MNTN_NM" : "구절산",
        "PAST_SPOT_" : "4415007010014",
        "MNTN_ID" : "441500701"
      },
      "geometry" : {
        "x" : 208934.43139999971,
        "y" : 421925.74499999906
      }
    },
    {
      "attributes" : {
        "FID" : 14,
        "PMNTN_SPOT" : 96009,
        "MNTN_CODE" : "441500701",
        "MANAGE_SP1" : "14",
        "MANAGE_SP2" : "조망점",
        "DETAIL_SPO" : "조망점",
        "ETC_MATTER" : " ",
        "MNTN_NM" : "구절산",
        "PAST_SPOT_" : "4415007010015",
        "MNTN_ID" : "441500701"
      },
      "geometry" : {
        "x" : 209405.74460000062,
        "y" : 421641.1348
      }
    },
    {
      "attributes" : {
        "FID" : 15,
        "PMNTN_SPOT" : 96010,
        "MNTN_CODE" : "441500701",
        "MANAGE_SP1" : "14",
        "MANAGE_SP2" : "조망점",
        "DETAIL_SPO" : "조망점",
        "ETC_MATTER" : " ",
        "MNTN_NM" : "구절산",
        "PAST_SPOT_" : "4415007010016",
        "MNTN_ID" : "441500701"
      },
      "geometry" : {
        "x" : 209367.40639999919,
        "y" : 421546.87590000028
      }
    }
  ]
}