{
  "displayFieldName" : "",
  "fieldAliases" : {
    "FID" : "FID",
    "PMNTN_SPOT" : "PMNTN_SPOT",
    "MNTN_CODE" : "MNTN_CODE",
    "MANAGE_SP1" : "MANAGE_SP1",
    "MANAGE_SP2" : "MANAGE_SP2",
    "DETAIL_SPO" : "DETAIL_SPO",
    "ETC_MATTER" : "ETC_MATTER",
    "MNTN_NM" : "MNTN_NM",
    "PAST_SPOT_" : "PAST_SPOT_",
    "MNTN_ID" : "MNTN_ID"
  },
  "geometryType" : "esriGeometryPoint",
  "spatialReference" : {
    "wkt" : "PROJCS[\"PCS_ITRF2000_TM\",GEOGCS[\"GCS_ITRF_2000\",DATUM[\"D_ITRF_2000\",SPHEROID[\"GRS_1980\",6378137.0,298.257222101]],PRIMEM[\"Greenwich\",0.0],UNIT[\"Degree\",0.0174532925199433]],PROJECTION[\"Transverse_Mercator\"],PARAMETER[\"False_Easting\",200000.0],PARAMETER[\"False_Northing\",600000.0],PARAMETER[\"Central_Meridian\",127.0],PARAMETER[\"Scale_Factor\",1.0],PARAMETER[\"Latitude_Of_Origin\",38.0],UNIT[\"Meter\",1.0]]"
  },
  "fields" : [
    {
      "name" : "FID",
      "type" : "esriFieldTypeOID",
      "alias" : "FID"
    },
    {
      "name" : "PMNTN_SPOT",
      "type" : "esriFieldTypeDouble",
      "alias" : "PMNTN_SPOT"
    },
    {
      "name" : "MNTN_CODE",
      "type" : "esriFieldTypeString",
      "alias" : "MNTN_CODE",
      "length" : 9
    },
    {
      "name" : "MANAGE_SP1",
      "type" : "esriFieldTypeString",
      "alias" : "MANAGE_SP1",
      "length" : 2
    },
    {
      "name" : "MANAGE_SP2",
      "type" : "esriFieldTypeString",
      "alias" : "MANAGE_SP2",
      "length" : 50
    },
    {
      "name" : "DETAIL_SPO",
      "type" : "esriFieldTypeString",
      "alias" : "DETAIL_SPO",
      "length" : 200
    },
    {
      "name" : "ETC_MATTER",
      "type" : "esriFieldTypeString",
      "alias" : "ETC_MATTER",
      "length" : 200
    },
    {
      "name" : "MNTN_NM",
      "type" : "esriFieldTypeString",
      "alias" : "MNTN_NM",
      "length" : 50
    },
    {
      "name" : "PAST_SPOT_",
      "type" : "esriFieldTypeString",
      "alias" : "PAST_SPOT_",
      "length" : 14
    },
    {
      "name" : "MNTN_ID",
      "type" : "esriFieldTypeString",
      "alias" : "MNTN_ID",
      "length" : 10
    }
  ],
  "features" : [
    {
      "attributes" : {
        "FID" : 0,
        "PMNTN_SPOT" : 83669,
        "MNTN_CODE" : "482202701",
        "MANAGE_SP1" : "01",
        "MANAGE_SP2" : "시종점",
        "DETAIL_SPO" : "시종점",
        "ETC_MATTER" : " ",
        "MNTN_NM" : "천황산",
        "PAST_SPOT_" : "4822026010001",
        "MNTN_ID" : "482202601"
      },
      "geometry" : {
        "x" : 314621.85820000153,
        "y" : 227264.3228999991
      }
    },
    {
      "attributes" : {
        "FID" : 1,
        "PMNTN_SPOT" : 83670,
        "MNTN_CODE" : "482202701",
        "MANAGE_SP1" : "01",
        "MANAGE_SP2" : "시종점",
        "DETAIL_SPO" : "시종점",
        "ETC_MATTER" : " ",
        "MNTN_NM" : "천황산",
        "PAST_SPOT_" : "4822026010002",
        "MNTN_ID" : "482202601"
      },
      "geometry" : {
        "x" : 314625.04250000045,
        "y" : 226743.37220000103
      }
    },
    {
      "attributes" : {
        "FID" : 2,
        "PMNTN_SPOT" : 83671,
        "MNTN_CODE" : "482202701",
        "MANAGE_SP1" : "02",
        "MANAGE_SP2" : "분기점",
        "DETAIL_SPO" : "분기점",
        "ETC_MATTER" : " ",
        "MNTN_NM" : "천황산",
        "PAST_SPOT_" : "4822026010003",
        "MNTN_ID" : "482202601"
      },
      "geometry" : {
        "x" : 314849.39410000388,
        "y" : 226725.83300000243
      }
    },
    {
      "attributes" : {
        "FID" : 3,
        "PMNTN_SPOT" : 83672,
        "MNTN_CODE" : "482202701",
        "MANAGE_SP1" : "02",
        "MANAGE_SP2" : "분기점",
        "DETAIL_SPO" : "분기점",
        "ETC_MATTER" : " ",
        "MNTN_NM" : "천황산",
        "PAST_SPOT_" : "4822026010004",
        "MNTN_ID" : "482202601"
      },
      "geometry" : {
        "x" : 314999.92850000225,
        "y" : 226727.39379999973
      }
    },
    {
      "attributes" : {
        "FID" : 4,
        "PMNTN_SPOT" : 83673,
        "MNTN_CODE" : "482202701",
        "MANAGE_SP1" : "01",
        "MANAGE_SP2" : "시종점",
        "DETAIL_SPO" : "시종점",
        "ETC_MATTER" : " ",
        "MNTN_NM" : "천황산",
        "PAST_SPOT_" : "4822026010005",
        "MNTN_ID" : "482202601"
      },
      "geometry" : {
        "x" : 315287.6705000056,
        "y" : 226019.43549999967
      }
    },
    {
      "attributes" : {
        "FID" : 5,
        "PMNTN_SPOT" : 83674,
        "MNTN_CODE" : "482202701",
        "MANAGE_SP1" : "02",
        "MANAGE_SP2" : "분기점",
        "DETAIL_SPO" : "분기점",
        "ETC_MATTER" : " ",
        "MNTN_NM" : "천황산",
        "PAST_SPOT_" : "4822026010006",
        "MNTN_ID" : "482202601"
      },
      "geometry" : {
        "x" : 317572.87640000414,
        "y" : 226330.50909999944
      }
    },
    {
      "attributes" : {
        "FID" : 6,
        "PMNTN_SPOT" : 83675,
        "MNTN_CODE" : "482202701",
        "MANAGE_SP1" : "02",
        "MANAGE_SP2" : "분기점",
        "DETAIL_SPO" : "분기점",
        "ETC_MATTER" : " ",
        "MNTN_NM" : "천황산",
        "PAST_SPOT_" : "4822026010007",
        "MNTN_ID" : "482202601"
      },
      "geometry" : {
        "x" : 317629.93250000011,
        "y" : 226085.56489999965
      }
    },
    {
      "attributes" : {
        "FID" : 7,
        "PMNTN_SPOT" : 83676,
        "MNTN_CODE" : "482202701",
        "MANAGE_SP1" : "01",
        "MANAGE_SP2" : "시종점",
        "DETAIL_SPO" : "시종점",
        "ETC_MATTER" : " ",
        "MNTN_NM" : "천황산",
        "PAST_SPOT_" : "4822026010008",
        "MNTN_ID" : "482202601"
      },
      "geometry" : {
        "x" : 317688.98460000567,
        "y" : 227559.05370000377
      }
    }
  ]
}