{
  "displayFieldName" : "",
  "fieldAliases" : {
    "FID" : "FID",
    "SAFE_SPOT1" : "SAFE_SPOT1",
    "SAFE_SPOT2" : "SAFE_SPOT2",
    "SAFE_SPOT3" : "SAFE_SPOT3",
    "MGC" : "MGC",
    "ETC_MATTER" : "ETC_MATTER",
    "MNTN_NM" : "MNTN_NM"
  },
  "geometryType" : "esriGeometryPoint",
  "spatialReference" : {
    "wkt" : "PROJCS[\"PCS_ITRF2000_TM\",GEOGCS[\"GCS_ITRF_2000\",DATUM[\"D_ITRF_2000\",SPHEROID[\"GRS_1980\",6378137.0,298.257222101]],PRIMEM[\"Greenwich\",0.0],UNIT[\"Degree\",0.0174532925199433]],PROJECTION[\"Transverse_Mercator\"],PARAMETER[\"False_Easting\",200000.0],PARAMETER[\"False_Northing\",600000.0],PARAMETER[\"Central_Meridian\",127.0],PARAMETER[\"Scale_Factor\",1.0],PARAMETER[\"Latitude_Of_Origin\",38.0],UNIT[\"Meter\",1.0]]"
  },
  "fields" : [
    {
      "name" : "FID",
      "type" : "esriFieldTypeOID",
      "alias" : "FID"
    },
    {
      "name" : "SAFE_SPOT1",
      "type" : "esriFieldTypeDouble",
      "alias" : "SAFE_SPOT1"
    },
    {
      "name" : "SAFE_SPOT2",
      "type" : "esriFieldTypeString",
      "alias" : "SAFE_SPOT2",
      "length" : 50
    },
    {
      "name" : "SAFE_SPOT3",
      "type" : "esriFieldTypeString",
      "alias" : "SAFE_SPOT3",
      "length" : 50
    },
    {
      "name" : "MGC",
      "type" : "esriFieldTypeString",
      "alias" : "MGC",
      "length" : 50
    },
    {
      "name" : "ETC_MATTER",
      "type" : "esriFieldTypeString",
      "alias" : "ETC_MATTER",
      "length" : 200
    },
    {
      "name" : "MNTN_NM",
      "type" : "esriFieldTypeString",
      "alias" : "MNTN_NM",
      "length" : 50
    }
  ],
  "features" : [
    {
      "attributes" : {
        "FID" : 0,
        "SAFE_SPOT1" : 3557,
        "SAFE_SPOT2" : "산악위치표지판",
        "SAFE_SPOT3" : "01",
        "MGC" : "청주동부소방서",
        "ETC_MATTER" : " ",
        "MNTN_NM" : "백화산"
      },
      "geometry" : {
        "x" : 245712.09350000042,
        "y" : 452958.05910000205
      }
    },
    {
      "attributes" : {
        "FID" : 1,
        "SAFE_SPOT1" : 3558,
        "SAFE_SPOT2" : "산악위치표지판",
        "SAFE_SPOT3" : "02",
        "MGC" : "청주동부소방서",
        "ETC_MATTER" : " ",
        "MNTN_NM" : "백화산"
      },
      "geometry" : {
        "x" : 246230.42300000228,
        "y" : 452695.20129999891
      }
    },
    {
      "attributes" : {
        "FID" : 2,
        "SAFE_SPOT1" : 3559,
        "SAFE_SPOT2" : "산악위치표지판",
        "SAFE_SPOT3" : "03",
        "MGC" : "청주동부소방서",
        "ETC_MATTER" : " ",
        "MNTN_NM" : "백화산"
      },
      "geometry" : {
        "x" : 246568.68820000067,
        "y" : 452599.0642000027
      }
    },
    {
      "attributes" : {
        "FID" : 3,
        "SAFE_SPOT1" : 3560,
        "SAFE_SPOT2" : "산악위치표지판",
        "SAFE_SPOT3" : "04",
        "MGC" : "청주동부소방서",
        "ETC_MATTER" : " ",
        "MNTN_NM" : "백화산"
      },
      "geometry" : {
        "x" : 246906.00990000088,
        "y" : 452389.89990000241
      }
    },
    {
      "attributes" : {
        "FID" : 4,
        "SAFE_SPOT1" : 3561,
        "SAFE_SPOT2" : "산악위치표지판",
        "SAFE_SPOT3" : "05",
        "MGC" : "청주동부소방서",
        "ETC_MATTER" : " ",
        "MNTN_NM" : "백화산"
      },
      "geometry" : {
        "x" : 247296.66670000087,
        "y" : 452257.75800000131
      }
    },
    {
      "attributes" : {
        "FID" : 5,
        "SAFE_SPOT1" : 3562,
        "SAFE_SPOT2" : "산악위치표지판",
        "SAFE_SPOT3" : "01",
        "MGC" : "청주동부소방서",
        "ETC_MATTER" : "백화산 정자 01",
        "MNTN_NM" : "백화산"
      },
      "geometry" : {
        "x" : 245930.43520000111,
        "y" : 452984.98460000195
      }
    },
    {
      "attributes" : {
        "FID" : 6,
        "SAFE_SPOT1" : 3563,
        "SAFE_SPOT2" : "산악위치표지판",
        "SAFE_SPOT3" : "02",
        "MGC" : "청주동부소방서",
        "ETC_MATTER" : "백화산 정자 02",
        "MNTN_NM" : "백화산"
      },
      "geometry" : {
        "x" : 246714.09810000006,
        "y" : 452474.22699999996
      }
    }
  ]
}