{
  "displayFieldName" : "",
  "fieldAliases" : {
    "FID" : "FID",
    "PMNTN_SN" : "PMNTN_SN",
    "MNTN_CODE" : "MNTN_CODE",
    "MNTN_NM" : "MNTN_NM",
    "PMNTN_NM" : "PMNTN_NM",
    "PMNTN_MAIN" : "PMNTN_MAIN",
    "PMNTN_LT" : "PMNTN_LT",
    "PMNTN_DFFL" : "PMNTN_DFFL",
    "PMNTN_UPPL" : "PMNTN_UPPL",
    "PMNTN_GODN" : "PMNTN_GODN",
    "PMNTN_MTRQ" : "PMNTN_MTRQ",
    "PMNTN_CNRL" : "PMNTN_CNRL",
    "PMNTN_CLS_" : "PMNTN_CLS_",
    "PMNTN_RISK" : "PMNTN_RISK",
    "PMNTN_RECO" : "PMNTN_RECO",
    "DATA_STDR_" : "DATA_STDR_",
    "MNTN_ID" : "MNTN_ID"
  },
  "geometryType" : "esriGeometryPolyline",
  "spatialReference" : {
    "wkt" : "PROJCS[\"PCS_ITRF2000_TM\",GEOGCS[\"GCS_ITRF_2000\",DATUM[\"D_ITRF_2000\",SPHEROID[\"GRS_1980\",6378137.0,298.257222101]],PRIMEM[\"Greenwich\",0.0],UNIT[\"Degree\",0.0174532925199433]],PROJECTION[\"Transverse_Mercator\"],PARAMETER[\"False_Easting\",200000.0],PARAMETER[\"False_Northing\",600000.0],PARAMETER[\"Central_Meridian\",127.0],PARAMETER[\"Scale_Factor\",1.0],PARAMETER[\"Latitude_Of_Origin\",38.0],UNIT[\"Meter\",1.0]]"
  },
  "fields" : [
    {
      "name" : "FID",
      "type" : "esriFieldTypeOID",
      "alias" : "FID"
    },
    {
      "name" : "PMNTN_SN",
      "type" : "esriFieldTypeDouble",
      "alias" : "PMNTN_SN"
    },
    {
      "name" : "MNTN_CODE",
      "type" : "esriFieldTypeString",
      "alias" : "MNTN_CODE",
      "length" : 9
    },
    {
      "name" : "MNTN_NM",
      "type" : "esriFieldTypeString",
      "alias" : "MNTN_NM",
      "length" : 50
    },
    {
      "name" : "PMNTN_NM",
      "type" : "esriFieldTypeString",
      "alias" : "PMNTN_NM",
      "length" : 50
    },
    {
      "name" : "PMNTN_MAIN",
      "type" : "esriFieldTypeString",
      "alias" : "PMNTN_MAIN",
      "length" : 200
    },
    {
      "name" : "PMNTN_LT",
      "type" : "esriFieldTypeSingle",
      "alias" : "PMNTN_LT"
    },
    {
      "name" : "PMNTN_DFFL",
      "type" : "esriFieldTypeString",
      "alias" : "PMNTN_DFFL",
      "length" : 8
    },
    {
      "name" : "PMNTN_UPPL",
      "type" : "esriFieldTypeDouble",
      "alias" : "PMNTN_UPPL"
    },
    {
      "name" : "PMNTN_GODN",
      "type" : "esriFieldTypeDouble",
      "alias" : "PMNTN_GODN"
    },
    {
      "name" : "PMNTN_MTRQ",
      "type" : "esriFieldTypeString",
      "alias" : "PMNTN_MTRQ",
      "length" : 200
    },
    {
      "name" : "PMNTN_CNRL",
      "type" : "esriFieldTypeString",
      "alias" : "PMNTN_CNRL",
      "length" : 1
    },
    {
      "name" : "PMNTN_CLS_",
      "type" : "esriFieldTypeString",
      "alias" : "PMNTN_CLS_",
      "length" : 1
    },
    {
      "name" : "PMNTN_RISK",
      "type" : "esriFieldTypeString",
      "alias" : "PMNTN_RISK",
      "length" : 200
    },
    {
      "name" : "PMNTN_RECO",
      "type" : "esriFieldTypeString",
      "alias" : "PMNTN_RECO",
      "length" : 1
    },
    {
      "name" : "DATA_STDR_",
      "type" : "esriFieldTypeString",
      "alias" : "DATA_STDR_",
      "length" : 10
    },
    {
      "name" : "MNTN_ID",
      "type" : "esriFieldTypeString",
      "alias" : "MNTN_ID",
      "length" : 10
    }
  ],
  "features" : [
    {
      "attributes" : {
        "FID" : 0,
        "PMNTN_SN" : 10495,
        "MNTN_CODE" : "491100304",
        "MNTN_NM" : "다랑쉬오름",
        "PMNTN_NM" : "세화리구간",
        "PMNTN_MAIN" : " ",
        "PMNTN_LT" : 0.37,
        "PMNTN_DFFL" : "중간",
        "PMNTN_UPPL" : 8,
        "PMNTN_GODN" : 6,
        "PMNTN_MTRQ" : "목계단/고무",
        "PMNTN_CNRL" : " ",
        "PMNTN_CLS_" : " ",
        "PMNTN_RISK" : " ",
        "PMNTN_RECO" : " ",
        "DATA_STDR_" : "2016-12-31",
        "MNTN_ID" : "491100304"
      },
      "geometry" : {
        "paths" : [
          [
            [
              183886.04889999982,
              97937.076400002465
            ],
            [
              183881.80260000192,
              97935.738600002602
            ],
            [
              183877.11180000007,
              97937.833499999717
            ],
            [
              183870.7583999997,
              97939.601900000125
            ],
            [
              183863.25510000251,
              97941.874199999496
            ],
            [
              183860.94799999893,
              97942.705600000918
            ],
            [
              183853.89690000005,
              97944.579700002447
            ],
            [
              183851.96560000163,
              97946.099099999294
            ],
            [
              183845.10090000182,
              97946.249299999326
            ],
            [
              183836.7321000006,
              97943.305800002068
            ],
            [
              183835.92169999983,
              97942.010200001299
            ],
            [
              183834.41370000411,
              97941.081400001422
            ],
            [
              183826.46010000166,
              97943.518900001422
            ],
            [
              183821.20250000153,
              97945.722000000998
            ],
            [
              183819.51699999999,
              97946.829800002277
            ],
            [
              183813.19310000073,
              97948.075099999085
            ],
            [
              183814.51389999967,
              97948.629300002009
            ],
            [
              183814.52960000187,
              97948.685100002214
            ],
            [
              183814.45980000123,
              97948.889700001106
            ],
            [
              183806.05110000074,
              97950.398900002241
            ],
            [
              183804.86510000192,
              97951.24459999986
            ],
            [
              183797.39030000288,
              97953.490900000557
            ],
            [
              183794.10809999984,
              97953.947899999097
            ],
            [
              183786.30490000267,
              97954.449900001287
            ],
            [
              183784.32650000043,
              97954.759999999776
            ],
            [
              183779.6919000037,
              97954.553300004452
            ],
            [
              183775.40429999959,
              97956.120100000873
            ],
            [
              183771.88590000104,
              97961.273300001398
            ],
            [
              183768.19930000231,
              97965.632400002331
            ],
            [
              183764.60260000359,
              97970.585899999365
            ],
            [
              183761.51520000026,
              97973.258800001815
            ],
            [
              183758.70380000025,
              97976.214600002393
            ],
            [
              183755.31410000101,
              97979.611000001431
            ],
            [
              183750.54440000281,
              97984.058100003749
            ],
            [
              183747.61040000059,
              97988.180700000376
            ],
            [
              183743.90440000314,
              97990.290699999779
            ],
            [
              183741.17050000001,
              97993.081599999219
            ],
            [
              183736.06429999974,
              97996.341500002891
            ],
            [
              183731.60100000259,
              97999.668300002813
            ],
            [
              183729.05390000064,
              98000.751900000498
            ],
            [
              183725.51070000045,
              98002.270800001919
            ],
            [
              183721.88580000028,
              98003.588400002569
            ],
            [
              183718.79260000028,
              98004.302700001746
            ],
            [
              183716.03139999975,
              98005.727700004354
            ],
            [
              183709.90020000283,
              98005.223899999633
            ],
            [
              183704.21150000021,
              98003.566700000316
            ],
            [
              183699.36229999922,
              98002.144300002605
            ],
            [
              183694.84660000075,
              98002.4104999993
            ],
            [
              183689.19760000054,
              98004.529200000688
            ],
            [
              183685.64630000014,
              98005.815600000322
            ],
            [
              183682.45490000304,
              98008.162900000811
            ],
            [
              183676.33900000155,
              98010.303500000387
            ],
            [
              183671.45860000048,
              98011.284199999645
            ],
            [
              183666.21480000112,
              98013.257599998266
            ],
            [
              183659.91350000165,
              98014.914599999785
            ],
            [
              183654.60060000047,
              98015.267700001597
            ],
            [
              183648.43580000103,
              98013.93940000236
            ],
            [
              183645.80929999985,
              98013.386000003666
            ],
            [
              183638.83169999998,
              98012.525300001726
            ],
            [
              183636.02490000054,
              98012.933300001547
            ],
            [
              183631.23049999867,
              98011.997800003737
            ],
            [
              183625.90249999985,
              98012.713199997321
            ],
            [
              183620.87580000143,
              98011.820000002161
            ],
            [
              183620.174300001,
              98011.598000003025
            ],
            [
              183615.08720000274,
              98011.820499999449
            ],
            [
              183608.51060000062,
              98011.180900000036
            ],
            [
              183604.15730000101,
              98012.294600000605
            ],
            [
              183599.57849999983,
              98013.64110000059
            ],
            [
              183594.5418999996,
              98016.057400003076
            ],
            [
              183588.33260000125,
              98017.570200003684
            ],
            [
              183581.97970000189,
              98019.938899999484
            ],
            [
              183576.57510000095,
              98023.080800002441
            ],
            [
              183568.39580000006,
              98031.108700001612
            ],
            [
              183564.44539999962,
              98033.261800002307
            ],
            [
              183562.72240000032,
              98035.77110000141
            ],
            [
              183556.93130000308,
              98039.225800003856
            ]
          ]
        ]
      }
    },
    {
      "attributes" : {
        "FID" : 1,
        "PMNTN_SN" : 10496,
        "MNTN_CODE" : "491100304",
        "MNTN_NM" : "다랑쉬오름",
        "PMNTN_NM" : "세화리구간",
        "PMNTN_MAIN" : " ",
        "PMNTN_LT" : 1.09,
        "PMNTN_DFFL" : "쉬움",
        "PMNTN_UPPL" : 19,
        "PMNTN_GODN" : 13,
        "PMNTN_MTRQ" : "목계단/고무",
        "PMNTN_CNRL" : " ",
        "PMNTN_CLS_" : " ",
        "PMNTN_RISK" : " ",
        "PMNTN_RECO" : " ",
        "DATA_STDR_" : "2016-12-31",
        "MNTN_ID" : "491100304"
      },
      "geometry" : {
        "paths" : [
          [
            [
              183556.93130000308,
              98039.225800003856
            ],
            [
              183555.33570000157,
              98035.348300002515
            ],
            [
              183553.12590000313,
              98013.204800002277
            ],
            [
              183551.7966,
              98001.729300001636
            ],
            [
              183549.62590000127,
              97989.563799999654
            ],
            [
              183547.44680000003,
              97985.169700002298
            ],
            [
              183544.73039999977,
              97979.913799999282
            ],
            [
              183542.37280000094,
              97974.153300002217
            ],
            [
              183539.16740000155,
              97969.610799999908
            ],
            [
              183539.32860000245,
              97965.321300001815
            ],
            [
              183535.19340000115,
              97958.251300001517
            ],
            [
              183530.68640000187,
              97954.577200001106
            ],
            [
              183527.48750000261,
              97950.884100003168
            ],
            [
              183524.64250000194,
              97947.312800003216
            ],
            [
              183522.92210000101,
              97941.022399999201
            ],
            [
              183519.62110000197,
              97936.617400003597
            ],
            [
              183516.81010000408,
              97930.965300001204
            ],
            [
              183512.23430000246,
              97927.511100001633
            ],
            [
              183509.82540000044,
              97923.355699999258
            ],
            [
              183505.18290000223,
              97917.395800001919
            ],
            [
              183500.64400000032,
              97913.785800004378
            ],
            [
              183491.9112000009,
              97904.202299999073
            ],
            [
              183489.09619999956,
              97900.570699999109
            ],
            [
              183482.47130000219,
              97898.450500000268
            ],
            [
              183469.15960000083,
              97891.929600000381
            ],
            [
              183464.1241000006,
              97890.720000000671
            ],
            [
              183458.39790000115,
              97886.97520000115
            ],
            [
              183448.14039999992,
              97883.884299999103
            ],
            [
              183441.03510000091,
              97882.642799999565
            ],
            [
              183426.68800000008,
              97879.340400001034
            ],
            [
              183417.22410000116,
              97878.420199999586
            ],
            [
              183408.51260000095,
              97877.114200003445
            ],
            [
              183400.83330000378,
              97877.206400001422
            ],
            [
              183390.7818,
              97876.161900000647
            ],
            [
              183381.21889999975,
              97877.930500002578
            ],
            [
              183374.13980000094,
              97879.125000001863
            ],
            [
              183365.11300000269,
              97881.778600001708
            ],
            [
              183356.29640000127,
              97885.481399999931
            ],
            [
              183348.82910000347,
              97885.774200001732
            ],
            [
              183340.75030000135,
              97888.376199997962
            ],
            [
              183336.07999999914,
              97892.253100002185
            ],
            [
              183330.39520000108,
              97896.337600000203
            ],
            [
              183324.91540000215,
              97899.223300002515
            ],
            [
              183317.87949999981,
              97901.261100001633
            ],
            [
              183305.2910000002,
              97911.290200002491
            ],
            [
              183296.72870000079,
              97919.998800000176
            ],
            [
              183293.31570000108,
              97925.0501000043
            ],
            [
              183289.31599999964,
              97927.172000002116
            ],
            [
              183286.11340000108,
              97929.903200002387
            ],
            [
              183283.0429999996,
              97933.280300002545
            ],
            [
              183277.74760000221,
              97937.758900001645
            ],
            [
              183271.71220000088,
              97941.147500002757
            ],
            [
              183269.56730000209,
              97944.933000002056
            ],
            [
              183267.99940000381,
              97948.191199999303
            ],
            [
              183267.76360000111,
              97952.095699999481
            ],
            [
              183267.08340000082,
              97958.93209999986
            ],
            [
              183266.30209999997,
              97965.036300005391
            ],
            [
              183263.36360000353,
              97976.813400004059
            ],
            [
              183263.11980000418,
              97988.380200004205
            ],
            [
              183262.92240000051,
              97993.288500001654
            ],
            [
              183261.78189999983,
              98002.33420000039
            ],
            [
              183260.4785000002,
              98010.065100003034
            ],
            [
              183259.91880000103,
              98018.633700001985
            ],
            [
              183257.15249999985,
              98036.341399999335
            ],
            [
              183246.80869999994,
              98055.885400002822
            ],
            [
              183239.10630000383,
              98078.235100001097
            ],
            [
              183237.91870000027,
              98088.12700000219
            ],
            [
              183236.87370000128,
              98093.638000002131
            ],
            [
              183236.31780000031,
              98101.051200002432
            ],
            [
              183235.97690000292,
              98108.650100000203
            ],
            [
              183237.97219999973,
              98118.349199997261
            ],
            [
              183240.12530000228,
              98127.724100003019
            ],
            [
              183240.31469999999,
              98129.090399999171
            ],
            [
              183243.59600000177,
              98139.393600000069
            ],
            [
              183248.13960000407,
              98148.880400002003
            ],
            [
              183250.48740000278,
              98154.824399998412
            ],
            [
              183260.04960000329,
              98166.886800000444
            ],
            [
              183260.96990000084,
              98169.68769999966
            ],
            [
              183264.32890000287,
              98176.122900001705
            ],
            [
              183273.49490000121,
              98186.925100002438
            ],
            [
              183278.75020000245,
              98191.036900000647
            ],
            [
              183291.97480000183,
              98199.796000000089
            ],
            [
              183298.85350000113,
              98205.368799999356
            ],
            [
              183321.52110000141,
              98216.388599999249
            ],
            [
              183344.36580000352,
              98221.360999999568
            ],
            [
              183353.88850000035,
              98223.253900002688
            ],
            [
              183365.8076000018,
              98224.116299999878
            ],
            [
              183374.70700000133,
              98227.334200002253
            ],
            [
              183381.91210000124,
              98230.025100003928
            ],
            [
              183385.51430000085,
              98232.082200001925
            ],
            [
              183390.96529999934,
              98234.53539999947
            ],
            [
              183400.75850000046,
              98238.668200001121
            ],
            [
              183404.92730000056,
              98240.047300003469
            ],
            [
              183411.54690000042,
              98239.670700004324
            ],
            [
              183420.97360000014,
              98238.967300001532
            ],
            [
              183430.18580000382,
              98236.452600000426
            ],
            [
              183438.93210000079,
              98233.731500001624
            ],
            [
              183448.31830000225,
              98229.243499998003
            ],
            [
              183460.9227,
              98224.182100001723
            ],
            [
              183468.74019999988,
              98217.374300001189
            ],
            [
              183473.53960000072,
              98212.432000003755
            ],
            [
              183476.02880000137,
              98210.18730000034
            ],
            [
              183481.70290000085,
              98205.315800001845
            ],
            [
              183485.37789999973,
              98201.476700000465
            ],
            [
              183492.01010000333,
              98194.91740000248
            ],
            [
              183495.68640000187,
              98190.813599999994
            ],
            [
              183500.51350000128,
              98184.045200001448
            ],
            [
              183509.53610000107,
              98173.029300004244
            ],
            [
              183513.88910000119,
              98166.30890000239
            ],
            [
              183517.31300000194,
              98162.29619999975
            ],
            [
              183526.12960000057,
              98151.127699999139
            ],
            [
              183532.136900004,
              98143.099100001156
            ],
            [
              183535.82100000232,
              98138.067000001669
            ],
            [
              183541.48710000049,
              98124.175499999896
            ],
            [
              183548.49580000248,
              98109.407100003213
            ],
            [
              183551.31560000125,
              98102.431500000879
            ],
            [
              183552.89670000132,
              98098.365200001746
            ],
            [
              183553.08569999877,
              98093.845200000331
            ],
            [
              183554.03360000066,
              98085.034099999815
            ],
            [
              183554.94579999987,
              98074.739100001752
            ],
            [
              183556.64520000294,
              98070.510100003332
            ],
            [
              183556.4142000014,
              98056.012000000104
            ],
            [
              183555.38740000036,
              98045.226600002497
            ],
            [
              183555.13319999911,
              98042.976300001144
            ],
            [
              183556.00310000032,
              98041.369100000709
            ],
            [
              183556.93130000308,
              98039.225800003856
            ]
          ]
        ]
      }
    }
  ]
}