{
  "displayFieldName" : "",
  "fieldAliases" : {
    "FID" : "FID",
    "PMNTN_SPOT" : "PMNTN_SPOT",
    "MNTN_CODE" : "MNTN_CODE",
    "MANAGE_SP1" : "MANAGE_SP1",
    "MANAGE_SP2" : "MANAGE_SP2",
    "DETAIL_SPO" : "DETAIL_SPO",
    "ETC_MATTER" : "ETC_MATTER",
    "MNTN_NM" : "MNTN_NM",
    "PAST_SPOT_" : "PAST_SPOT_",
    "MNTN_ID" : "MNTN_ID"
  },
  "geometryType" : "esriGeometryPoint",
  "spatialReference" : {
    "wkt" : "PROJCS[\"PCS_ITRF2000_TM\",GEOGCS[\"GCS_ITRF_2000\",DATUM[\"D_ITRF_2000\",SPHEROID[\"GRS_1980\",6378137.0,298.257222101]],PRIMEM[\"Greenwich\",0.0],UNIT[\"Degree\",0.0174532925199433]],PROJECTION[\"Transverse_Mercator\"],PARAMETER[\"False_Easting\",200000.0],PARAMETER[\"False_Northing\",600000.0],PARAMETER[\"Central_Meridian\",127.0],PARAMETER[\"Scale_Factor\",1.0],PARAMETER[\"Latitude_Of_Origin\",38.0],UNIT[\"Meter\",1.0]]"
  },
  "fields" : [
    {
      "name" : "FID",
      "type" : "esriFieldTypeOID",
      "alias" : "FID"
    },
    {
      "name" : "PMNTN_SPOT",
      "type" : "esriFieldTypeDouble",
      "alias" : "PMNTN_SPOT"
    },
    {
      "name" : "MNTN_CODE",
      "type" : "esriFieldTypeString",
      "alias" : "MNTN_CODE",
      "length" : 9
    },
    {
      "name" : "MANAGE_SP1",
      "type" : "esriFieldTypeString",
      "alias" : "MANAGE_SP1",
      "length" : 2
    },
    {
      "name" : "MANAGE_SP2",
      "type" : "esriFieldTypeString",
      "alias" : "MANAGE_SP2",
      "length" : 50
    },
    {
      "name" : "DETAIL_SPO",
      "type" : "esriFieldTypeString",
      "alias" : "DETAIL_SPO",
      "length" : 200
    },
    {
      "name" : "ETC_MATTER",
      "type" : "esriFieldTypeString",
      "alias" : "ETC_MATTER",
      "length" : 200
    },
    {
      "name" : "MNTN_NM",
      "type" : "esriFieldTypeString",
      "alias" : "MNTN_NM",
      "length" : 50
    },
    {
      "name" : "PAST_SPOT_",
      "type" : "esriFieldTypeString",
      "alias" : "PAST_SPOT_",
      "length" : 14
    },
    {
      "name" : "MNTN_ID",
      "type" : "esriFieldTypeString",
      "alias" : "MNTN_ID",
      "length" : 10
    }
  ],
  "features" : [
    {
      "attributes" : {
        "FID" : 0,
        "PMNTN_SPOT" : 19932,
        "MNTN_CODE" : "481100201",
        "MANAGE_SP1" : "01",
        "MANAGE_SP2" : "시종점",
        "DETAIL_SPO" : "시종점",
        "ETC_MATTER" : " ",
        "MNTN_NM" : "대암산",
        "PAST_SPOT_" : "4812301010001",
        "MNTN_ID" : "481230101"
      },
      "geometry" : {
        "x" : 355888.49230001587,
        "y" : 292183.31890000403
      }
    },
    {
      "attributes" : {
        "FID" : 1,
        "PMNTN_SPOT" : 19933,
        "MNTN_CODE" : "481100201",
        "MANAGE_SP1" : "01",
        "MANAGE_SP2" : "시종점",
        "DETAIL_SPO" : "시종점",
        "ETC_MATTER" : " ",
        "MNTN_NM" : "대암산",
        "PAST_SPOT_" : "4812301010002",
        "MNTN_ID" : "481230101"
      },
      "geometry" : {
        "x" : 356033.12530001625,
        "y" : 291247.72369999997
      }
    },
    {
      "attributes" : {
        "FID" : 2,
        "PMNTN_SPOT" : 19934,
        "MNTN_CODE" : "481100201",
        "MANAGE_SP1" : "01",
        "MANAGE_SP2" : "시종점",
        "DETAIL_SPO" : "시종점",
        "ETC_MATTER" : " ",
        "MNTN_NM" : "대암산",
        "PAST_SPOT_" : "4812301010003",
        "MNTN_ID" : "481230101"
      },
      "geometry" : {
        "x" : 356042.16490001511,
        "y" : 291073.25999999978
      }
    },
    {
      "attributes" : {
        "FID" : 3,
        "PMNTN_SPOT" : 19935,
        "MNTN_CODE" : "481100201",
        "MANAGE_SP1" : "02",
        "MANAGE_SP2" : "분기점",
        "DETAIL_SPO" : "분기점",
        "ETC_MATTER" : " ",
        "MNTN_NM" : "대암산",
        "PAST_SPOT_" : "4812301010004",
        "MNTN_ID" : "481230101"
      },
      "geometry" : {
        "x" : 356273.57780001592,
        "y" : 292352.35880000144
      }
    },
    {
      "attributes" : {
        "FID" : 4,
        "PMNTN_SPOT" : 19936,
        "MNTN_CODE" : "481100201",
        "MANAGE_SP1" : "02",
        "MANAGE_SP2" : "분기점",
        "DETAIL_SPO" : "분기점",
        "ETC_MATTER" : " ",
        "MNTN_NM" : "대암산",
        "PAST_SPOT_" : "4812301010005",
        "MNTN_ID" : "481230101"
      },
      "geometry" : {
        "x" : 356326.61390001699,
        "y" : 292376.48190000281
      }
    },
    {
      "attributes" : {
        "FID" : 5,
        "PMNTN_SPOT" : 19937,
        "MNTN_CODE" : "481100201",
        "MANAGE_SP1" : "02",
        "MANAGE_SP2" : "분기점",
        "DETAIL_SPO" : "분기점",
        "ETC_MATTER" : " ",
        "MNTN_NM" : "대암산",
        "PAST_SPOT_" : "4812301010006",
        "MNTN_ID" : "481230101"
      },
      "geometry" : {
        "x" : 356553.80440001655,
        "y" : 291375.18160000257
      }
    },
    {
      "attributes" : {
        "FID" : 6,
        "PMNTN_SPOT" : 19938,
        "MNTN_CODE" : "481100201",
        "MANAGE_SP1" : "02",
        "MANAGE_SP2" : "분기점",
        "DETAIL_SPO" : "분기점",
        "ETC_MATTER" : " ",
        "MNTN_NM" : "대암산",
        "PAST_SPOT_" : "4812301010007",
        "MNTN_ID" : "481230101"
      },
      "geometry" : {
        "x" : 356580.01920001581,
        "y" : 291341.73520000465
      }
    },
    {
      "attributes" : {
        "FID" : 7,
        "PMNTN_SPOT" : 19939,
        "MNTN_CODE" : "481100201",
        "MANAGE_SP1" : "02",
        "MANAGE_SP2" : "분기점",
        "DETAIL_SPO" : "분기점",
        "ETC_MATTER" : " ",
        "MNTN_NM" : "대암산",
        "PAST_SPOT_" : "4812301010008",
        "MNTN_ID" : "481230101"
      },
      "geometry" : {
        "x" : 356807.81630001683,
        "y" : 291740.38010000065
      }
    },
    {
      "attributes" : {
        "FID" : 8,
        "PMNTN_SPOT" : 19940,
        "MNTN_CODE" : "481100201",
        "MANAGE_SP1" : "01",
        "MANAGE_SP2" : "시종점",
        "DETAIL_SPO" : "시종점",
        "ETC_MATTER" : " ",
        "MNTN_NM" : "대암산",
        "PAST_SPOT_" : "4825009010009",
        "MNTN_ID" : "482500901"
      },
      "geometry" : {
        "x" : 356903.81730001327,
        "y" : 292460.78020000458
      }
    },
    {
      "attributes" : {
        "FID" : 9,
        "PMNTN_SPOT" : 19941,
        "MNTN_CODE" : "481100201",
        "MANAGE_SP1" : "01",
        "MANAGE_SP2" : "시종점",
        "DETAIL_SPO" : "시종점",
        "ETC_MATTER" : " ",
        "MNTN_NM" : "대암산",
        "PAST_SPOT_" : "4825009010010",
        "MNTN_ID" : "482500901"
      },
      "geometry" : {
        "x" : 357112.688500016,
        "y" : 291824.44660000131
      }
    },
    {
      "attributes" : {
        "FID" : 10,
        "PMNTN_SPOT" : 19942,
        "MNTN_CODE" : "481100201",
        "MANAGE_SP1" : "01",
        "MANAGE_SP2" : "시종점",
        "DETAIL_SPO" : "시종점",
        "ETC_MATTER" : " ",
        "MNTN_NM" : "대암산",
        "PAST_SPOT_" : "4825009010011",
        "MNTN_ID" : "482500901"
      },
      "geometry" : {
        "x" : 357188.81140001677,
        "y" : 291754.9971000012
      }
    },
    {
      "attributes" : {
        "FID" : 11,
        "PMNTN_SPOT" : 19943,
        "MNTN_CODE" : "481100201",
        "MANAGE_SP1" : "01",
        "MANAGE_SP2" : "시종점",
        "DETAIL_SPO" : "시종점",
        "ETC_MATTER" : " ",
        "MNTN_NM" : "대암산",
        "PAST_SPOT_" : "4825009010012",
        "MNTN_ID" : "482500901"
      },
      "geometry" : {
        "x" : 357400.05080001988,
        "y" : 291481.69940000214
      }
    },
    {
      "attributes" : {
        "FID" : 12,
        "PMNTN_SPOT" : 19944,
        "MNTN_CODE" : "481100201",
        "MANAGE_SP1" : "02",
        "MANAGE_SP2" : "분기점",
        "DETAIL_SPO" : "분기점",
        "ETC_MATTER" : " ",
        "MNTN_NM" : "대암산",
        "PAST_SPOT_" : "4812301010013",
        "MNTN_ID" : "481230101"
      },
      "geometry" : {
        "x" : 357447.82090001553,
        "y" : 291068.77570000105
      }
    },
    {
      "attributes" : {
        "FID" : 13,
        "PMNTN_SPOT" : 19945,
        "MNTN_CODE" : "481100201",
        "MANAGE_SP1" : "01",
        "MANAGE_SP2" : "시종점",
        "DETAIL_SPO" : "시종점",
        "ETC_MATTER" : " ",
        "MNTN_NM" : "대암산",
        "PAST_SPOT_" : "4812301010014",
        "MNTN_ID" : "481230101"
      },
      "geometry" : {
        "x" : 357494.24240001664,
        "y" : 291332.72700000368
      }
    }
  ]
}