{
  "displayFieldName" : "",
  "fieldAliases" : {
    "FID" : "FID",
    "PMNTN_SN" : "PMNTN_SN",
    "MNTN_CODE" : "MNTN_CODE",
    "MNTN_NM" : "MNTN_NM",
    "PMNTN_NM" : "PMNTN_NM",
    "PMNTN_MAIN" : "PMNTN_MAIN",
    "PMNTN_LT" : "PMNTN_LT",
    "PMNTN_DFFL" : "PMNTN_DFFL",
    "PMNTN_UPPL" : "PMNTN_UPPL",
    "PMNTN_GODN" : "PMNTN_GODN",
    "PMNTN_MTRQ" : "PMNTN_MTRQ",
    "PMNTN_CNRL" : "PMNTN_CNRL",
    "PMNTN_CLS_" : "PMNTN_CLS_",
    "PMNTN_RISK" : "PMNTN_RISK",
    "PMNTN_RECO" : "PMNTN_RECO",
    "DATA_STDR_" : "DATA_STDR_",
    "MNTN_ID" : "MNTN_ID"
  },
  "geometryType" : "esriGeometryPolyline",
  "spatialReference" : {
    "wkt" : "PROJCS[\"PCS_ITRF2000_TM\",GEOGCS[\"GCS_ITRF_2000\",DATUM[\"D_ITRF_2000\",SPHEROID[\"GRS_1980\",6378137.0,298.257222101]],PRIMEM[\"Greenwich\",0.0],UNIT[\"Degree\",0.0174532925199433]],PROJECTION[\"Transverse_Mercator\"],PARAMETER[\"False_Easting\",200000.0],PARAMETER[\"False_Northing\",600000.0],PARAMETER[\"Central_Meridian\",127.0],PARAMETER[\"Scale_Factor\",1.0],PARAMETER[\"Latitude_Of_Origin\",38.0],UNIT[\"Meter\",1.0]]"
  },
  "fields" : [
    {
      "name" : "FID",
      "type" : "esriFieldTypeOID",
      "alias" : "FID"
    },
    {
      "name" : "PMNTN_SN",
      "type" : "esriFieldTypeDouble",
      "alias" : "PMNTN_SN"
    },
    {
      "name" : "MNTN_CODE",
      "type" : "esriFieldTypeString",
      "alias" : "MNTN_CODE",
      "length" : 9
    },
    {
      "name" : "MNTN_NM",
      "type" : "esriFieldTypeString",
      "alias" : "MNTN_NM",
      "length" : 50
    },
    {
      "name" : "PMNTN_NM",
      "type" : "esriFieldTypeString",
      "alias" : "PMNTN_NM",
      "length" : 50
    },
    {
      "name" : "PMNTN_MAIN",
      "type" : "esriFieldTypeString",
      "alias" : "PMNTN_MAIN",
      "length" : 200
    },
    {
      "name" : "PMNTN_LT",
      "type" : "esriFieldTypeSingle",
      "alias" : "PMNTN_LT"
    },
    {
      "name" : "PMNTN_DFFL",
      "type" : "esriFieldTypeString",
      "alias" : "PMNTN_DFFL",
      "length" : 8
    },
    {
      "name" : "PMNTN_UPPL",
      "type" : "esriFieldTypeDouble",
      "alias" : "PMNTN_UPPL"
    },
    {
      "name" : "PMNTN_GODN",
      "type" : "esriFieldTypeDouble",
      "alias" : "PMNTN_GODN"
    },
    {
      "name" : "PMNTN_MTRQ",
      "type" : "esriFieldTypeString",
      "alias" : "PMNTN_MTRQ",
      "length" : 200
    },
    {
      "name" : "PMNTN_CNRL",
      "type" : "esriFieldTypeString",
      "alias" : "PMNTN_CNRL",
      "length" : 1
    },
    {
      "name" : "PMNTN_CLS_",
      "type" : "esriFieldTypeString",
      "alias" : "PMNTN_CLS_",
      "length" : 1
    },
    {
      "name" : "PMNTN_RISK",
      "type" : "esriFieldTypeString",
      "alias" : "PMNTN_RISK",
      "length" : 200
    },
    {
      "name" : "PMNTN_RECO",
      "type" : "esriFieldTypeString",
      "alias" : "PMNTN_RECO",
      "length" : 1
    },
    {
      "name" : "DATA_STDR_",
      "type" : "esriFieldTypeString",
      "alias" : "DATA_STDR_",
      "length" : 10
    },
    {
      "name" : "MNTN_ID",
      "type" : "esriFieldTypeString",
      "alias" : "MNTN_ID",
      "length" : 10
    }
  ],
  "features" : [
    {
      "attributes" : {
        "FID" : 0,
        "PMNTN_SN" : 33547,
        "MNTN_CODE" : "437302901",
        "MNTN_NM" : "수북산",
        "PMNTN_NM" : "현리구간",
        "PMNTN_MAIN" : " ",
        "PMNTN_LT" : 1.44,
        "PMNTN_DFFL" : "쉬움",
        "PMNTN_UPPL" : 25,
        "PMNTN_GODN" : 18,
        "PMNTN_MTRQ" : " ",
        "PMNTN_CNRL" : " ",
        "PMNTN_CLS_" : " ",
        "PMNTN_RISK" : " ",
        "PMNTN_RECO" : " ",
        "DATA_STDR_" : "2016-12-31",
        "MNTN_ID" : "437302901"
      },
      "geometry" : {
        "paths" : [
          [
            [
              259082.54620000068,
              421841.90760000423
            ],
            [
              259074.21520000231,
              421856.62299999967
            ],
            [
              259067.15690000355,
              421867.09250000119
            ],
            [
              259061.60990000051,
              421875.56870000064
            ],
            [
              259059.84329999983,
              421878.56130000204
            ],
            [
              259056.83779999986,
              421879.29619999789
            ],
            [
              259042.35700000077,
              421873.96810000017
            ],
            [
              259033.36500000302,
              421871.42009999976
            ],
            [
              259024.11380000133,
              421870.62179999985
            ],
            [
              259016.35950000212,
              421870.58159999922
            ],
            [
              259007.35450000037,
              421870.53500000201
            ],
            [
              259001.36410000082,
              421868.00259999931
            ],
            [
              258994.12180000264,
              421865.71380000375
            ],
            [
              258986.11739999987,
              421865.67229999974
            ],
            [
              258976.34769999981,
              421868.37329999916
            ],
            [
              258973.33310000226,
              421870.85910000093
            ],
            [
              258973.31630000379,
              421874.1109000016
            ],
            [
              258972.24580000155,
              421887.61319999956
            ],
            [
              258971.19600000046,
              421897.11330000125
            ],
            [
              258968.90589999966,
              421904.60580000095
            ],
            [
              258967.11870000046,
              421911.6006000042
            ],
            [
              258965.33280000091,
              421918.34520000406
            ],
            [
              258965.30560000148,
              421923.59810000286
            ],
            [
              258963.01030000299,
              421932.09120000154
            ],
            [
              258958.45730000082,
              421941.82320000045
            ],
            [
              258954.1595999999,
              421950.55599999987
            ],
            [
              258951.37440000381,
              421957.04539999925
            ],
            [
              258948.35460000113,
              421960.5318
            ],
            [
              258943.83530000132,
              421963.76029999927
            ],
            [
              258941.07210000046,
              421965.99730000086
            ],
            [
              258935.52510000207,
              421974.47340000048
            ],
            [
              258934.75129999965,
              421978.972000001
            ],
            [
              258932.97570000309,
              421983.71560000256
            ],
            [
              258930.70640000142,
              421987.20590000413
            ],
            [
              258927.68530000094,
              421990.94240000099
            ],
            [
              258921.924300001,
              421992.41340000182
            ],
            [
              258916.92029999942,
              421992.6377000045
            ],
            [
              258912.66150000319,
              421993.86630000174
            ],
            [
              258910.15100000147,
              421995.60440000147
            ],
            [
              258907.8803000031,
              421999.34480000101
            ],
            [
              258906.85520000011,
              422004.09220000356
            ],
            [
              258907.08590000309,
              422007.84560000151
            ],
            [
              258906.32120000292,
              422010.5932
            ],
            [
              258899.79300000053,
              422015.31220000237
            ],
            [
              258896.28070000093,
              422017.29510000348
            ],
            [
              258891.24689999968,
              422023.27250000276
            ],
            [
              258887.22400000226,
              422027.25400000252
            ],
            [
              258881.20120000001,
              422030.97499999963
            ],
            [
              258874.17660000082,
              422034.94099999964
            ],
            [
              258871.15299999993,
              422039.17780000344
            ],
            [
              258868.1305999998,
              422043.16440000013
            ],
            [
              258858.58389999997,
              422051.11959999986
            ],
            [
              258847.78520000074,
              422059.31850000098
            ],
            [
              258841.25700000301,
              422064.03739999793
            ],
            [
              258837.24570000172,
              422065.76769999973
            ],
            [
              258833.24089999869,
              422066.24720000289
            ],
            [
              258827.73400000297,
              422066.96910000034
            ],
            [
              258816.45840000361,
              422070.66290000267
            ],
            [
              258811.44909999985,
              422071.88770000264
            ],
            [
              258806.43989999965,
              422073.11250000075
            ],
            [
              258798.93829999957,
              422072.57340000197
            ],
            [
              258788.93670000136,
              422071.77109999768
            ],
            [
              258781.68790000118,
              422070.73300000466
            ],
            [
              258772.70240000077,
              422066.93429999985
            ],
            [
              258768.96710000001,
              422063.66310000233
            ],
            [
              258766.22600000072,
              422061.64770000055
            ],
            [
              258763.47059999965,
              422062.38389999978
            ],
            [
              258760.95750000235,
              422064.62219999917
            ],
            [
              258758.40950000007,
              422073.61419999972
            ],
            [
              258757.34550000075,
              422085.86580000259
            ],
            [
              258757.02929999959,
              422098.62150000222
            ],
            [
              258758.47180000227,
              422109.88550000079
            ],
            [
              258761.67569999956,
              422119.15750000253
            ],
            [
              258765.64419999998,
              422125.68180000037
            ],
            [
              258771.35730000027,
              422133.46580000035
            ],
            [
              258776.07490000315,
              422140.2442000024
            ],
            [
              258780.30140000116,
              422145.26899999939
            ],
            [
              258784.53300000075,
              422149.2931999974
            ],
            [
              258787.75760000013,
              422154.56289999932
            ],
            [
              258786.48360000085,
              422159.05890000053
            ],
            [
              258782.95050000399,
              422165.04409999959
            ],
            [
              258778.42220000271,
              422170.02350000106
            ],
            [
              258775.38939999975,
              422176.01130000129
            ],
            [
              258773.58920000121,
              422185.5075000003
            ],
            [
              258770.53450000007,
              422195.74760000035
            ],
            [
              258767.46930000186,
              422207.9888000004
            ],
            [
              258765.9179999996,
              422217.73640000075
            ],
            [
              258765.36980000418,
              422226.98900000006
            ],
            [
              258764.83320000023,
              422233.99020000175
            ],
            [
              258763.76790000033,
              422246.49190000445
            ],
            [
              258762.48230000306,
              422253.23920000158
            ],
            [
              258763.19900000095,
              422259.74670000188
            ],
            [
              258763.65650000144,
              422268.003800001
            ],
            [
              258761.37030000053,
              422274.74590000138
            ],
            [
              258758.58900000155,
              422280.48479999974
            ],
            [
              258758.56700000074,
              422284.73709999956
            ],
            [
              258760.29590000026,
              422288.99860000052
            ],
            [
              258764.78800000343,
              422291.02300000004
            ],
            [
              258769.79080000333,
              422291.04890000075
            ],
            [
              258773.30700000096,
              422288.31550000235
            ],
            [
              258777.83020000067,
              422284.33660000376
            ],
            [
              258783.12330000103,
              422276.60950000025
            ],
            [
              258788.91920000222,
              422268.38480000198
            ],
            [
              258791.94160000235,
              422264.39810000174
            ],
            [
              258795.96190000046,
              422260.9168999996
            ],
            [
              258800.22460000217,
              422258.93780000135
            ],
            [
              258806.73980000056,
              422256.72030000202
            ],
            [
              258811.00900000334,
              422253.49050000124
            ],
            [
              258815.28210000414,
              422249.5102999974
            ],
            [
              258818.82160000131,
              422242.27439999953
            ],
            [
              258822.8470999999,
              422237.79270000011
            ],
            [
              258826.36070000008,
              422235.5596000012
            ],
            [
              258828.61199999973,
              422235.57120000012
            ],
            [
              258832.10740000289,
              422236.83999999985
            ],
            [
              258837.84250000119,
              422240.37180000171
            ],
            [
              258842.08049999923,
              422243.14530000091
            ],
            [
              258845.32849999983,
              422243.91259999946
            ],
            [
              258848.32880000025,
              422244.17820000462
            ],
            [
              258851.83200000133,
              422243.94620000012
            ],
            [
              258855.82390000019,
              422245.96810000017
            ],
            [
              258858.56250000186,
              422248.48369999975
            ],
            [
              258863.54450000171,
              422252.51180000044
            ],
            [
              258866.77430000063,
              422256.78100000136
            ],
            [
              258870.51340000052,
              422259.30180000141
            ],
            [
              258875.0094000008,
              422260.57579999976
            ],
            [
              258880.50980000105,
              422261.10460000113
            ],
            [
              258887.49820000306,
              422264.14250000194
            ],
            [
              258897.97680000309,
              422269.44980000146
            ],
            [
              258902.97169999965,
              422270.97650000267
            ],
            [
              258907.96669999976,
              422272.50329999998
            ],
            [
              258911.9534,
              422275.52569999918
            ],
            [
              258916.94840000011,
              422277.05240000226
            ],
            [
              258924.69880000129,
              422277.84300000034
            ],
            [
              258930.45840000268,
              422276.62209999934
            ],
            [
              258935.21750000026,
              422275.39600000344
            ],
            [
              258940.98880000133,
              422271.92380000278
            ],
            [
              258945.00530000031,
              422269.1930999998
            ],
            [
              258953.03300000075,
              422264.73200000264
            ],
            [
              258960.80670000054,
              422261.02009999938
            ],
            [
              258966.06870000344,
              422259.29630000144
            ],
            [
              258974.0848000031,
              422257.08650000207
            ],
            [
              258986.3674000008,
              422252.14730000123
            ],
            [
              258993.38169999979,
              422250.18240000308
            ],
            [
              258998.64110000059,
              422248.9589000009
            ],
            [
              259005.15500000212,
              422246.9915000014
            ],
            [
              259014.69000000041,
              422241.28749999963
            ],
            [
              259019.95330000296,
              422239.31360000186
            ],
            [
              259027.97970000096,
              422235.10270000249
            ],
            [
              259031.00340000074,
              422230.86590000242
            ],
            [
              259032.52500000224,
              422226.87150000222
            ],
            [
              259034.06850000098,
              422218.62470000423
            ],
            [
              259033.60190000106,
              422212.11850000173
            ],
            [
              259031.64099999983,
              422204.35390000045
            ],
            [
              259028.19220000133,
              422194.0800999999
            ],
            [
              259026.45800000336,
              422190.81919999979
            ],
            [
              259025.72320000082,
              422187.81370000169
            ],
            [
              259025.74260000326,
              422184.06160000153
            ],
            [
              259027.03600000031,
              422175.81350000016
            ],
            [
              259029.84449999873,
              422164.82170000114
            ],
            [
              259030.11409999989,
              422161.07090000249
            ],
            [
              259028.13630000409,
              422156.55810000002
            ],
            [
              259027.1539000012,
              422153.05100000091
            ],
            [
              259027.68530000281,
              422147.0503000021
            ],
            [
              259029.21980000287,
              422140.55440000072
            ],
            [
              259030.74650000129,
              422135.55949999765
            ],
            [
              259031.78330000117,
              422128.56079999916
            ],
            [
              259031.31540000066,
              422122.30470000021
            ],
            [
              259032.09949999955,
              422115.8049999997
            ],
            [
              259033.36060000211,
              422113.8104000017
            ],
            [
              259037.87600000016,
              422111.33229999989
            ],
            [
              259044.8928000005,
              422108.86720000207
            ],
            [
              259051.66080000158,
              422106.15070000105
            ],
            [
              259054.92819999997,
              422103.16589999944
            ],
            [
              259055.69799999893,
              422099.41770000011
            ],
            [
              259055.46600000281,
              422095.91440000013
            ],
            [
              259053.48820000235,
              422091.40160000324
            ],
            [
              259050.50989999902,
              422086.88360000029
            ],
            [
              259047.78040000238,
              422082.61700000428
            ],
            [
              259045.31650000066,
              422075.34999999963
            ],
            [
              259044.84090000018,
              422070.59479999915
            ],
            [
              259046.85750000272,
              422067.60349999927
            ],
            [
              259052.13109999988,
              422063.62850000151
            ],
            [
              259057.90890000109,
              422058.90570000187
            ],
            [
              259061.93960000109,
              422053.42329999991
            ],
            [
              259064.96070000064,
              422049.68680000305
            ],
            [
              259068.46780000068,
              422048.70440000296
            ],
            [
              259072.46490000002,
              422049.72570000216
            ],
            [
              259079.46740000136,
              422050.01209999993
            ],
            [
              259089.98360000085,
              422048.06540000066
            ],
            [
              259099.25169999991,
              422045.6118999999
            ],
            [
              259108.02980000153,
              422041.15479999967
            ],
            [
              259112.30549999978,
              422036.67430000007
            ],
            [
              259113.82700000051,
              422032.67989999801
            ],
            [
              259114.60590000171,
              422027.18069999851
            ],
            [
              259116.62650000025,
              422023.43900000304
            ],
            [
              259120.64810000267,
              422019.70770000108
            ],
            [
              259129.91880000196,
              422016.75390000269
            ],
            [
              259133.92480000015,
              422016.02420000173
            ],
            [
              259136.93560000416,
              422014.28880000114
            ],
            [
              259137.96070000064,
              422009.54140000232
            ],
            [
              259138.50889999978,
              422000.28880000114
            ],
            [
              259140.81850000191,
              421989.04429999925
            ],
            [
              259143.63860000391,
              421975.80120000243
            ],
            [
              259143.91469999962,
              421970.79979999922
            ],
            [
              259144.45380000025,
              421963.29820000567
            ],
            [
              259145.27160000056,
              421950.29490000382
            ],
            [
              259145.0875000013,
              421937.53659999929
            ],
            [
              259143.88860000018,
              421927.52460000105
            ],
            [
              259142.68580000103,
              421918.26300000027
            ],
            [
              259142.45510000177,
              421914.50960000046
            ],
            [
              259143.98190000094,
              421909.51460000128
            ],
            [
              259146.24990000296,
              421906.27449999936
            ]
          ]
        ]
      }
    }
  ]
}