{
  "displayFieldName" : "",
  "fieldAliases" : {
    "FID" : "FID",
    "PMNTN_SPOT" : "PMNTN_SPOT",
    "MNTN_CODE" : "MNTN_CODE",
    "MANAGE_SP1" : "MANAGE_SP1",
    "MANAGE_SP2" : "MANAGE_SP2",
    "DETAIL_SPO" : "DETAIL_SPO",
    "ETC_MATTER" : "ETC_MATTER",
    "MNTN_NM" : "MNTN_NM",
    "PAST_SPOT_" : "PAST_SPOT_",
    "MNTN_ID" : "MNTN_ID"
  },
  "geometryType" : "esriGeometryPoint",
  "spatialReference" : {
    "wkt" : "PROJCS[\"PCS_ITRF2000_TM\",GEOGCS[\"GCS_ITRF_2000\",DATUM[\"D_ITRF_2000\",SPHEROID[\"GRS_1980\",6378137.0,298.257222101]],PRIMEM[\"Greenwich\",0.0],UNIT[\"Degree\",0.0174532925199433]],PROJECTION[\"Transverse_Mercator\"],PARAMETER[\"False_Easting\",200000.0],PARAMETER[\"False_Northing\",600000.0],PARAMETER[\"Central_Meridian\",127.0],PARAMETER[\"Scale_Factor\",1.0],PARAMETER[\"Latitude_Of_Origin\",38.0],UNIT[\"Meter\",1.0]]"
  },
  "fields" : [
    {
      "name" : "FID",
      "type" : "esriFieldTypeOID",
      "alias" : "FID"
    },
    {
      "name" : "PMNTN_SPOT",
      "type" : "esriFieldTypeDouble",
      "alias" : "PMNTN_SPOT"
    },
    {
      "name" : "MNTN_CODE",
      "type" : "esriFieldTypeString",
      "alias" : "MNTN_CODE",
      "length" : 9
    },
    {
      "name" : "MANAGE_SP1",
      "type" : "esriFieldTypeString",
      "alias" : "MANAGE_SP1",
      "length" : 2
    },
    {
      "name" : "MANAGE_SP2",
      "type" : "esriFieldTypeString",
      "alias" : "MANAGE_SP2",
      "length" : 50
    },
    {
      "name" : "DETAIL_SPO",
      "type" : "esriFieldTypeString",
      "alias" : "DETAIL_SPO",
      "length" : 200
    },
    {
      "name" : "ETC_MATTER",
      "type" : "esriFieldTypeString",
      "alias" : "ETC_MATTER",
      "length" : 200
    },
    {
      "name" : "MNTN_NM",
      "type" : "esriFieldTypeString",
      "alias" : "MNTN_NM",
      "length" : 50
    },
    {
      "name" : "PAST_SPOT_",
      "type" : "esriFieldTypeString",
      "alias" : "PAST_SPOT_",
      "length" : 14
    },
    {
      "name" : "MNTN_ID",
      "type" : "esriFieldTypeString",
      "alias" : "MNTN_ID",
      "length" : 10
    }
  ],
  "features" : [
    {
      "attributes" : {
        "FID" : 0,
        "PMNTN_SPOT" : 53040,
        "MNTN_CODE" : "413603604",
        "MANAGE_SP1" : "99",
        "MANAGE_SP2" : "기타",
        "DETAIL_SPO" : "거미박물관",
        "ETC_MATTER" : " ",
        "MNTN_NM" : "세정사",
        "PAST_SPOT_" : "4136036040001",
        "MNTN_ID" : "413603604"
      },
      "geometry" : {
        "x" : 225702.23629999906,
        "y" : 551516.13089999929
      }
    },
    {
      "attributes" : {
        "FID" : 1,
        "PMNTN_SPOT" : 53041,
        "MNTN_CODE" : "413603604",
        "MANAGE_SP1" : "99",
        "MANAGE_SP2" : "기타",
        "DETAIL_SPO" : "철도건널목",
        "ETC_MATTER" : " ",
        "MNTN_NM" : "세정사",
        "PAST_SPOT_" : "4136036040002",
        "MNTN_ID" : "413603604"
      },
      "geometry" : {
        "x" : 227213.66460000165,
        "y" : 550187.22430000268
      }
    },
    {
      "attributes" : {
        "FID" : 2,
        "PMNTN_SPOT" : 53042,
        "MNTN_CODE" : "413603604",
        "MANAGE_SP1" : "99",
        "MANAGE_SP2" : "기타",
        "DETAIL_SPO" : "마지막집",
        "ETC_MATTER" : " ",
        "MNTN_NM" : "세정사",
        "PAST_SPOT_" : "4136036040003",
        "MNTN_ID" : "413603604"
      },
      "geometry" : {
        "x" : 223862.70050000213,
        "y" : 552581.89470000193
      }
    },
    {
      "attributes" : {
        "FID" : 3,
        "PMNTN_SPOT" : 53043,
        "MNTN_CODE" : "413603604",
        "MANAGE_SP1" : "99",
        "MANAGE_SP2" : "기타",
        "DETAIL_SPO" : "세정사",
        "ETC_MATTER" : " ",
        "MNTN_NM" : "세정사",
        "PAST_SPOT_" : "4136036040004",
        "MNTN_ID" : "413603604"
      },
      "geometry" : {
        "x" : 224041.59559999965,
        "y" : 552180.90080000274
      }
    },
    {
      "attributes" : {
        "FID" : 4,
        "PMNTN_SPOT" : 53044,
        "MNTN_CODE" : "413603604",
        "MANAGE_SP1" : "99",
        "MANAGE_SP2" : "기타",
        "DETAIL_SPO" : "조곡마을입구",
        "ETC_MATTER" : " ",
        "MNTN_NM" : "세정사",
        "PAST_SPOT_" : "4136036040005",
        "MNTN_ID" : "413603604"
      },
      "geometry" : {
        "x" : 227610.67400000058,
        "y" : 550504.69840000197
      }
    },
    {
      "attributes" : {
        "FID" : 5,
        "PMNTN_SPOT" : 53045,
        "MNTN_CODE" : "413603604",
        "MANAGE_SP1" : "01",
        "MANAGE_SP2" : "시종점",
        "DETAIL_SPO" : "시종점",
        "ETC_MATTER" : " ",
        "MNTN_NM" : "세정사",
        "PAST_SPOT_" : "4136036040006",
        "MNTN_ID" : "413603604"
      },
      "geometry" : {
        "x" : 223843.23550000042,
        "y" : 552602.53500000201
      }
    },
    {
      "attributes" : {
        "FID" : 6,
        "PMNTN_SPOT" : 53046,
        "MNTN_CODE" : "413603604",
        "MANAGE_SP1" : "01",
        "MANAGE_SP2" : "시종점",
        "DETAIL_SPO" : "시종점",
        "ETC_MATTER" : " ",
        "MNTN_NM" : "세정사",
        "PAST_SPOT_" : "4136036040007",
        "MNTN_ID" : "413603604"
      },
      "geometry" : {
        "x" : 224039.92980000097,
        "y" : 552158.99530000053
      }
    },
    {
      "attributes" : {
        "FID" : 7,
        "PMNTN_SPOT" : 53047,
        "MNTN_CODE" : "413603604",
        "MANAGE_SP1" : "02",
        "MANAGE_SP2" : "분기점",
        "DETAIL_SPO" : "분기점",
        "ETC_MATTER" : " ",
        "MNTN_NM" : "세정사",
        "PAST_SPOT_" : "4136036040008",
        "MNTN_ID" : "413603604"
      },
      "geometry" : {
        "x" : 224183.89040000085,
        "y" : 552242.5111999996
      }
    },
    {
      "attributes" : {
        "FID" : 8,
        "PMNTN_SPOT" : 53048,
        "MNTN_CODE" : "413603604",
        "MANAGE_SP1" : "02",
        "MANAGE_SP2" : "분기점",
        "DETAIL_SPO" : "분기점",
        "ETC_MATTER" : " ",
        "MNTN_NM" : "세정사",
        "PAST_SPOT_" : "4136036040009",
        "MNTN_ID" : "413603604"
      },
      "geometry" : {
        "x" : 226706.34920000192,
        "y" : 551021.74029999971
      }
    },
    {
      "attributes" : {
        "FID" : 9,
        "PMNTN_SPOT" : 53049,
        "MNTN_CODE" : "413603604",
        "MANAGE_SP1" : "02",
        "MANAGE_SP2" : "분기점",
        "DETAIL_SPO" : "분기점",
        "ETC_MATTER" : " ",
        "MNTN_NM" : "세정사",
        "PAST_SPOT_" : "4136036040010",
        "MNTN_ID" : "413603604"
      },
      "geometry" : {
        "x" : 227140.83630000055,
        "y" : 550703.14680000022
      }
    },
    {
      "attributes" : {
        "FID" : 10,
        "PMNTN_SPOT" : 53050,
        "MNTN_CODE" : "413603604",
        "MANAGE_SP1" : "01",
        "MANAGE_SP2" : "시종점",
        "DETAIL_SPO" : "시종점",
        "ETC_MATTER" : " ",
        "MNTN_NM" : "세정사",
        "PAST_SPOT_" : "4136036040011",
        "MNTN_ID" : "413603604"
      },
      "geometry" : {
        "x" : 227213.07990000024,
        "y" : 550184.82220000029
      }
    },
    {
      "attributes" : {
        "FID" : 11,
        "PMNTN_SPOT" : 53051,
        "MNTN_CODE" : "413603604",
        "MANAGE_SP1" : "01",
        "MANAGE_SP2" : "시종점",
        "DETAIL_SPO" : "시종점",
        "ETC_MATTER" : " ",
        "MNTN_NM" : "세정사",
        "PAST_SPOT_" : "4136036040012",
        "MNTN_ID" : "413603604"
      },
      "geometry" : {
        "x" : 227463.51929999981,
        "y" : 551240.51630000025
      }
    },
    {
      "attributes" : {
        "FID" : 12,
        "PMNTN_SPOT" : 53052,
        "MNTN_CODE" : "413603604",
        "MANAGE_SP1" : "01",
        "MANAGE_SP2" : "시종점",
        "DETAIL_SPO" : "시종점",
        "ETC_MATTER" : " ",
        "MNTN_NM" : "세정사",
        "PAST_SPOT_" : "4136036040013",
        "MNTN_ID" : "413603604"
      },
      "geometry" : {
        "x" : 227679.10410000104,
        "y" : 550436.89350000024
      }
    }
  ]
}