{
  "displayFieldName" : "",
  "fieldAliases" : {
    "FID" : "FID",
    "PMNTN_SPOT" : "PMNTN_SPOT",
    "MNTN_CODE" : "MNTN_CODE",
    "MANAGE_SP1" : "MANAGE_SP1",
    "MANAGE_SP2" : "MANAGE_SP2",
    "DETAIL_SPO" : "DETAIL_SPO",
    "ETC_MATTER" : "ETC_MATTER",
    "MNTN_NM" : "MNTN_NM",
    "PAST_SPOT_" : "PAST_SPOT_",
    "MNTN_ID" : "MNTN_ID"
  },
  "geometryType" : "esriGeometryPoint",
  "spatialReference" : {
    "wkt" : "PROJCS[\"PCS_ITRF2000_TM\",GEOGCS[\"GCS_ITRF_2000\",DATUM[\"D_ITRF_2000\",SPHEROID[\"GRS_1980\",6378137.0,298.257222101]],PRIMEM[\"Greenwich\",0.0],UNIT[\"Degree\",0.0174532925199433]],PROJECTION[\"Transverse_Mercator\"],PARAMETER[\"False_Easting\",200000.0],PARAMETER[\"False_Northing\",600000.0],PARAMETER[\"Central_Meridian\",127.0],PARAMETER[\"Scale_Factor\",1.0],PARAMETER[\"Latitude_Of_Origin\",38.0],UNIT[\"Meter\",1.0]]"
  },
  "fields" : [
    {
      "name" : "FID",
      "type" : "esriFieldTypeOID",
      "alias" : "FID"
    },
    {
      "name" : "PMNTN_SPOT",
      "type" : "esriFieldTypeDouble",
      "alias" : "PMNTN_SPOT"
    },
    {
      "name" : "MNTN_CODE",
      "type" : "esriFieldTypeString",
      "alias" : "MNTN_CODE",
      "length" : 9
    },
    {
      "name" : "MANAGE_SP1",
      "type" : "esriFieldTypeString",
      "alias" : "MANAGE_SP1",
      "length" : 2
    },
    {
      "name" : "MANAGE_SP2",
      "type" : "esriFieldTypeString",
      "alias" : "MANAGE_SP2",
      "length" : 50
    },
    {
      "name" : "DETAIL_SPO",
      "type" : "esriFieldTypeString",
      "alias" : "DETAIL_SPO",
      "length" : 200
    },
    {
      "name" : "ETC_MATTER",
      "type" : "esriFieldTypeString",
      "alias" : "ETC_MATTER",
      "length" : 200
    },
    {
      "name" : "MNTN_NM",
      "type" : "esriFieldTypeString",
      "alias" : "MNTN_NM",
      "length" : 50
    },
    {
      "name" : "PAST_SPOT_",
      "type" : "esriFieldTypeString",
      "alias" : "PAST_SPOT_",
      "length" : 14
    },
    {
      "name" : "MNTN_ID",
      "type" : "esriFieldTypeString",
      "alias" : "MNTN_ID",
      "length" : 10
    }
  ],
  "features" : [
    {
      "attributes" : {
        "FID" : 0,
        "PMNTN_SPOT" : 11194,
        "MNTN_CODE" : "491300201",
        "MANAGE_SP1" : "99",
        "MANAGE_SP2" : "기타",
        "DETAIL_SPO" : "기타",
        "ETC_MATTER" : " ",
        "MNTN_NM" : "군산",
        "PAST_SPOT_" : "29011701000001",
        "MNTN_ID" : "2901170100"
      },
      "geometry" : {
        "x" : 141847.12620000076,
        "y" : 73682.356100000441
      }
    },
    {
      "attributes" : {
        "FID" : 1,
        "PMNTN_SPOT" : 11195,
        "MNTN_CODE" : "491300201",
        "MANAGE_SP1" : "99",
        "MANAGE_SP2" : "기타",
        "DETAIL_SPO" : "기타",
        "ETC_MATTER" : " ",
        "MNTN_NM" : "군산",
        "PAST_SPOT_" : "29011701000002",
        "MNTN_ID" : "2901170100"
      },
      "geometry" : {
        "x" : 141732.6352000013,
        "y" : 73637.655300004408
      }
    },
    {
      "attributes" : {
        "FID" : 2,
        "PMNTN_SPOT" : 11196,
        "MNTN_CODE" : "491300201",
        "MANAGE_SP1" : "99",
        "MANAGE_SP2" : "기타",
        "DETAIL_SPO" : "기타",
        "ETC_MATTER" : " ",
        "MNTN_NM" : "군산",
        "PAST_SPOT_" : "29011701000003",
        "MNTN_ID" : "2901170100"
      },
      "geometry" : {
        "x" : 141665.07600000035,
        "y" : 73632.082400001585
      }
    },
    {
      "attributes" : {
        "FID" : 3,
        "PMNTN_SPOT" : 11197,
        "MNTN_CODE" : "491300201",
        "MANAGE_SP1" : "99",
        "MANAGE_SP2" : "기타",
        "DETAIL_SPO" : "기타",
        "ETC_MATTER" : " ",
        "MNTN_NM" : "군산",
        "PAST_SPOT_" : "29011701000004",
        "MNTN_ID" : "2901170100"
      },
      "geometry" : {
        "x" : 141510.46700000297,
        "y" : 73632.601800000295
      }
    },
    {
      "attributes" : {
        "FID" : 4,
        "PMNTN_SPOT" : 11198,
        "MNTN_CODE" : "491300201",
        "MANAGE_SP1" : "20",
        "MANAGE_SP2" : "동굴",
        "DETAIL_SPO" : "진지동굴",
        "ETC_MATTER" : " ",
        "MNTN_NM" : "군산",
        "PAST_SPOT_" : "29011701000005",
        "MNTN_ID" : "2901170100"
      },
      "geometry" : {
        "x" : 141510.88670000248,
        "y" : 73467.067600004375
      }
    },
    {
      "attributes" : {
        "FID" : 5,
        "PMNTN_SPOT" : 11199,
        "MNTN_CODE" : "491300201",
        "MANAGE_SP1" : "99",
        "MANAGE_SP2" : "기타",
        "DETAIL_SPO" : "기타",
        "ETC_MATTER" : " ",
        "MNTN_NM" : "군산",
        "PAST_SPOT_" : "29011701000006",
        "MNTN_ID" : "2901170100"
      },
      "geometry" : {
        "x" : 141363.18400000129,
        "y" : 73502.131399998441
      }
    },
    {
      "attributes" : {
        "FID" : 6,
        "PMNTN_SPOT" : 11200,
        "MNTN_CODE" : "491300201",
        "MANAGE_SP1" : "99",
        "MANAGE_SP2" : "기타",
        "DETAIL_SPO" : "사자암",
        "ETC_MATTER" : " ",
        "MNTN_NM" : "군산",
        "PAST_SPOT_" : "29011701000007",
        "MNTN_ID" : "2901170100"
      },
      "geometry" : {
        "x" : 141447.85960000101,
        "y" : 73519.411599999294
      }
    },
    {
      "attributes" : {
        "FID" : 7,
        "PMNTN_SPOT" : 11201,
        "MNTN_CODE" : "491300201",
        "MANAGE_SP1" : "99",
        "MANAGE_SP2" : "기타",
        "DETAIL_SPO" : "산불감시초소",
        "ETC_MATTER" : " ",
        "MNTN_NM" : "군산",
        "PAST_SPOT_" : "29011701000008",
        "MNTN_ID" : "2901170100"
      },
      "geometry" : {
        "x" : 141614.19453952275,
        "y" : 73642.066248251125
      }
    },
    {
      "attributes" : {
        "FID" : 8,
        "PMNTN_SPOT" : 11202,
        "MNTN_CODE" : "491300201",
        "MANAGE_SP1" : "99",
        "MANAGE_SP2" : "기타",
        "DETAIL_SPO" : "기타",
        "ETC_MATTER" : " ",
        "MNTN_NM" : "군산",
        "PAST_SPOT_" : "29011701000009",
        "MNTN_ID" : "2901170100"
      },
      "geometry" : {
        "x" : 141867.72950000316,
        "y" : 73689.974700005725
      }
    },
    {
      "attributes" : {
        "FID" : 9,
        "PMNTN_SPOT" : 11203,
        "MNTN_CODE" : "491300201",
        "MANAGE_SP1" : "99",
        "MANAGE_SP2" : "기타",
        "DETAIL_SPO" : "기타",
        "ETC_MATTER" : " ",
        "MNTN_NM" : "군산",
        "PAST_SPOT_" : "29011701000010",
        "MNTN_ID" : "2901170100"
      },
      "geometry" : {
        "x" : 140833.59670000244,
        "y" : 73363.369500003755
      }
    },
    {
      "attributes" : {
        "FID" : 10,
        "PMNTN_SPOT" : 11204,
        "MNTN_CODE" : "491300201",
        "MANAGE_SP1" : "99",
        "MANAGE_SP2" : "기타",
        "DETAIL_SPO" : "기타",
        "ETC_MATTER" : " ",
        "MNTN_NM" : "군산",
        "PAST_SPOT_" : "29011701000011",
        "MNTN_ID" : "2901170100"
      },
      "geometry" : {
        "x" : 141115.61390000116,
        "y" : 73454.981000000611
      }
    },
    {
      "attributes" : {
        "FID" : 11,
        "PMNTN_SPOT" : 11205,
        "MNTN_CODE" : "491300201",
        "MANAGE_SP1" : "20",
        "MANAGE_SP2" : "동굴",
        "DETAIL_SPO" : "진지동굴",
        "ETC_MATTER" : " ",
        "MNTN_NM" : "군산",
        "PAST_SPOT_" : "29011701000012",
        "MNTN_ID" : "2901170100"
      },
      "geometry" : {
        "x" : 141257.06549999956,
        "y" : 73468.044600002468
      }
    },
    {
      "attributes" : {
        "FID" : 12,
        "PMNTN_SPOT" : 11206,
        "MNTN_CODE" : "491300201",
        "MANAGE_SP1" : "01",
        "MANAGE_SP2" : "시종점",
        "DETAIL_SPO" : "시종점",
        "ETC_MATTER" : " ",
        "MNTN_NM" : "군산",
        "PAST_SPOT_" : "29011701000013",
        "MNTN_ID" : "2901170100"
      },
      "geometry" : {
        "x" : 140825.50620000064,
        "y" : 73330.305700004101
      }
    },
    {
      "attributes" : {
        "FID" : 13,
        "PMNTN_SPOT" : 11207,
        "MNTN_CODE" : "491300201",
        "MANAGE_SP1" : "02",
        "MANAGE_SP2" : "분기점",
        "DETAIL_SPO" : "분기점",
        "ETC_MATTER" : " ",
        "MNTN_NM" : "군산",
        "PAST_SPOT_" : "29011701000014",
        "MNTN_ID" : "2901170100"
      },
      "geometry" : {
        "x" : 141142.47520000115,
        "y" : 73466.287000000477
      }
    },
    {
      "attributes" : {
        "FID" : 14,
        "PMNTN_SPOT" : 11208,
        "MNTN_CODE" : "491300201",
        "MANAGE_SP1" : "99",
        "MANAGE_SP2" : "기타",
        "DETAIL_SPO" : "산불감시초소",
        "ETC_MATTER" : " ",
        "MNTN_NM" : "군산",
        "PAST_SPOT_" : "29011701000015",
        "MNTN_ID" : "2901170100"
      },
      "geometry" : {
        "x" : 141198.40670000017,
        "y" : 73642.529900001362
      }
    },
    {
      "attributes" : {
        "FID" : 15,
        "PMNTN_SPOT" : 11209,
        "MNTN_CODE" : "491300201",
        "MANAGE_SP1" : "02",
        "MANAGE_SP2" : "분기점",
        "DETAIL_SPO" : "분기점",
        "ETC_MATTER" : " ",
        "MNTN_NM" : "군산",
        "PAST_SPOT_" : "29011701000016",
        "MNTN_ID" : "2901170100"
      },
      "geometry" : {
        "x" : 141230.55759999994,
        "y" : 73604.664900001138
      }
    },
    {
      "attributes" : {
        "FID" : 16,
        "PMNTN_SPOT" : 11210,
        "MNTN_CODE" : "491300201",
        "MANAGE_SP1" : "99",
        "MANAGE_SP2" : "기타",
        "DETAIL_SPO" : "삼각점",
        "ETC_MATTER" : " ",
        "MNTN_NM" : "군산",
        "PAST_SPOT_" : "29011701000017",
        "MNTN_ID" : "2901170100"
      },
      "geometry" : {
        "x" : 141276.44350000191,
        "y" : 73508.68930000253
      }
    },
    {
      "attributes" : {
        "FID" : 17,
        "PMNTN_SPOT" : 11211,
        "MNTN_CODE" : "491300201",
        "MANAGE_SP1" : "02",
        "MANAGE_SP2" : "분기점",
        "DETAIL_SPO" : "분기점",
        "ETC_MATTER" : " ",
        "MNTN_NM" : "군산",
        "PAST_SPOT_" : "29011701000018",
        "MNTN_ID" : "2901170100"
      },
      "geometry" : {
        "x" : 141365.61390000023,
        "y" : 73501.728500001132
      }
    },
    {
      "attributes" : {
        "FID" : 18,
        "PMNTN_SPOT" : 11212,
        "MNTN_CODE" : "491300201",
        "MANAGE_SP1" : "02",
        "MANAGE_SP2" : "분기점",
        "DETAIL_SPO" : "분기점",
        "ETC_MATTER" : " ",
        "MNTN_NM" : "군산",
        "PAST_SPOT_" : "29011701000019",
        "MNTN_ID" : "2901170100"
      },
      "geometry" : {
        "x" : 141502.86139999982,
        "y" : 73624.661600001156
      }
    },
    {
      "attributes" : {
        "FID" : 19,
        "PMNTN_SPOT" : 11213,
        "MNTN_CODE" : "491300201",
        "MANAGE_SP1" : "01",
        "MANAGE_SP2" : "시종점",
        "DETAIL_SPO" : "시종점,운동시설",
        "ETC_MATTER" : " ",
        "MNTN_NM" : "군산",
        "PAST_SPOT_" : "29011701000020",
        "MNTN_ID" : "2901170100"
      },
      "geometry" : {
        "x" : 141879.35680000391,
        "y" : 73695.73929999955
      }
    }
  ]
}