{
  "displayFieldName" : "",
  "fieldAliases" : {
    "FID" : "FID",
    "PMNTN_SPOT" : "PMNTN_SPOT",
    "MNTN_CODE" : "MNTN_CODE",
    "MANAGE_SP1" : "MANAGE_SP1",
    "MANAGE_SP2" : "MANAGE_SP2",
    "DETAIL_SPO" : "DETAIL_SPO",
    "ETC_MATTER" : "ETC_MATTER",
    "MNTN_NM" : "MNTN_NM",
    "PAST_SPOT_" : "PAST_SPOT_",
    "MNTN_ID" : "MNTN_ID"
  },
  "geometryType" : "esriGeometryPoint",
  "spatialReference" : {
    "wkt" : "PROJCS[\"PCS_ITRF2000_TM\",GEOGCS[\"GCS_ITRF_2000\",DATUM[\"D_ITRF_2000\",SPHEROID[\"GRS_1980\",6378137.0,298.257222101]],PRIMEM[\"Greenwich\",0.0],UNIT[\"Degree\",0.0174532925199433]],PROJECTION[\"Transverse_Mercator\"],PARAMETER[\"False_Easting\",200000.0],PARAMETER[\"False_Northing\",600000.0],PARAMETER[\"Central_Meridian\",127.0],PARAMETER[\"Scale_Factor\",1.0],PARAMETER[\"Latitude_Of_Origin\",38.0],UNIT[\"Meter\",1.0]]"
  },
  "fields" : [
    {
      "name" : "FID",
      "type" : "esriFieldTypeOID",
      "alias" : "FID"
    },
    {
      "name" : "PMNTN_SPOT",
      "type" : "esriFieldTypeDouble",
      "alias" : "PMNTN_SPOT"
    },
    {
      "name" : "MNTN_CODE",
      "type" : "esriFieldTypeString",
      "alias" : "MNTN_CODE",
      "length" : 9
    },
    {
      "name" : "MANAGE_SP1",
      "type" : "esriFieldTypeString",
      "alias" : "MANAGE_SP1",
      "length" : 2
    },
    {
      "name" : "MANAGE_SP2",
      "type" : "esriFieldTypeString",
      "alias" : "MANAGE_SP2",
      "length" : 50
    },
    {
      "name" : "DETAIL_SPO",
      "type" : "esriFieldTypeString",
      "alias" : "DETAIL_SPO",
      "length" : 200
    },
    {
      "name" : "ETC_MATTER",
      "type" : "esriFieldTypeString",
      "alias" : "ETC_MATTER",
      "length" : 200
    },
    {
      "name" : "MNTN_NM",
      "type" : "esriFieldTypeString",
      "alias" : "MNTN_NM",
      "length" : 50
    },
    {
      "name" : "PAST_SPOT_",
      "type" : "esriFieldTypeString",
      "alias" : "PAST_SPOT_",
      "length" : 14
    },
    {
      "name" : "MNTN_ID",
      "type" : "esriFieldTypeString",
      "alias" : "MNTN_ID",
      "length" : 10
    }
  ],
  "features" : [
    {
      "attributes" : {
        "FID" : 0,
        "PMNTN_SPOT" : 517,
        "MNTN_CODE" : "427709304",
        "MANAGE_SP1" : "01",
        "MANAGE_SP2" : "시종점",
        "DETAIL_SPO" : "시종점",
        "ETC_MATTER" : " ",
        "MNTN_NM" : "가수리",
        "PAST_SPOT_" : "4277002010001",
        "MNTN_ID" : "427700201"
      },
      "geometry" : {
        "x" : 340427.26980000734,
        "y" : 533698.17449999973
      }
    },
    {
      "attributes" : {
        "FID" : 1,
        "PMNTN_SPOT" : 518,
        "MNTN_CODE" : "427709304",
        "MANAGE_SP1" : "02",
        "MANAGE_SP2" : "분기점",
        "DETAIL_SPO" : "분기점",
        "ETC_MATTER" : " ",
        "MNTN_NM" : "가수리",
        "PAST_SPOT_" : "4277002010002",
        "MNTN_ID" : "427700201"
      },
      "geometry" : {
        "x" : 341018.38430000748,
        "y" : 532379.03470000252
      }
    },
    {
      "attributes" : {
        "FID" : 2,
        "PMNTN_SPOT" : 519,
        "MNTN_CODE" : "427709304",
        "MANAGE_SP1" : "02",
        "MANAGE_SP2" : "분기점",
        "DETAIL_SPO" : "분기점",
        "ETC_MATTER" : " ",
        "MNTN_NM" : "가수리",
        "PAST_SPOT_" : "4277002010003",
        "MNTN_ID" : "427700201"
      },
      "geometry" : {
        "x" : 341080.11530000623,
        "y" : 532681.17899999954
      }
    },
    {
      "attributes" : {
        "FID" : 3,
        "PMNTN_SPOT" : 520,
        "MNTN_CODE" : "427709304",
        "MANAGE_SP1" : "01",
        "MANAGE_SP2" : "시종점",
        "DETAIL_SPO" : "시종점",
        "ETC_MATTER" : " ",
        "MNTN_NM" : "가수리",
        "PAST_SPOT_" : "4277002010004",
        "MNTN_ID" : "427700201"
      },
      "geometry" : {
        "x" : 342005.25300000608,
        "y" : 532292.42430000752
      }
    },
    {
      "attributes" : {
        "FID" : 4,
        "PMNTN_SPOT" : 521,
        "MNTN_CODE" : "427709304",
        "MANAGE_SP1" : "02",
        "MANAGE_SP2" : "분기점",
        "DETAIL_SPO" : "분기점",
        "ETC_MATTER" : " ",
        "MNTN_NM" : "가수리",
        "PAST_SPOT_" : "4277002010005",
        "MNTN_ID" : "427700201"
      },
      "geometry" : {
        "x" : 342487.50570000615,
        "y" : 530976.89150000736
      }
    },
    {
      "attributes" : {
        "FID" : 5,
        "PMNTN_SPOT" : 522,
        "MNTN_CODE" : "427709304",
        "MANAGE_SP1" : "01",
        "MANAGE_SP2" : "시종점",
        "DETAIL_SPO" : "시종점",
        "ETC_MATTER" : " ",
        "MNTN_NM" : "가수리",
        "PAST_SPOT_" : "4277002010006",
        "MNTN_ID" : "427700201"
      },
      "geometry" : {
        "x" : 342612.89340000693,
        "y" : 531484.79310000129
      }
    },
    {
      "attributes" : {
        "FID" : 6,
        "PMNTN_SPOT" : 523,
        "MNTN_CODE" : "427709304",
        "MANAGE_SP1" : "01",
        "MANAGE_SP2" : "시종점",
        "DETAIL_SPO" : "시종점",
        "ETC_MATTER" : " ",
        "MNTN_NM" : "가수리",
        "PAST_SPOT_" : "4277002010007",
        "MNTN_ID" : "427700201"
      },
      "geometry" : {
        "x" : 342803.47880000621,
        "y" : 530617.99030000158
      }
    },
    {
      "attributes" : {
        "FID" : 7,
        "PMNTN_SPOT" : 524,
        "MNTN_CODE" : "427709304",
        "MANAGE_SP1" : "02",
        "MANAGE_SP2" : "분기점",
        "DETAIL_SPO" : "분기점",
        "ETC_MATTER" : " ",
        "MNTN_NM" : "가수리",
        "PAST_SPOT_" : "4277002010008",
        "MNTN_ID" : "427700201"
      },
      "geometry" : {
        "x" : 343019.24470000714,
        "y" : 530849.46560000256
      }
    },
    {
      "attributes" : {
        "FID" : 8,
        "PMNTN_SPOT" : 525,
        "MNTN_CODE" : "427709304",
        "MANAGE_SP1" : "02",
        "MANAGE_SP2" : "분기점",
        "DETAIL_SPO" : "분기점",
        "ETC_MATTER" : " ",
        "MNTN_NM" : "가수리",
        "PAST_SPOT_" : "4277002010009",
        "MNTN_ID" : "427700201"
      },
      "geometry" : {
        "x" : 343025.52910000738,
        "y" : 530852.22760000266
      }
    },
    {
      "attributes" : {
        "FID" : 9,
        "PMNTN_SPOT" : 526,
        "MNTN_CODE" : "427709304",
        "MANAGE_SP1" : "01",
        "MANAGE_SP2" : "시종점",
        "DETAIL_SPO" : "시종점",
        "ETC_MATTER" : " ",
        "MNTN_NM" : "가수리",
        "PAST_SPOT_" : "4277002010010",
        "MNTN_ID" : "427700201"
      },
      "geometry" : {
        "x" : 343028.80980001017,
        "y" : 530991.65440000035
      }
    },
    {
      "attributes" : {
        "FID" : 10,
        "PMNTN_SPOT" : 527,
        "MNTN_CODE" : "427709304",
        "MANAGE_SP1" : "01",
        "MANAGE_SP2" : "시종점",
        "DETAIL_SPO" : "시종점",
        "ETC_MATTER" : " ",
        "MNTN_NM" : "가수리",
        "PAST_SPOT_" : "4277002010011",
        "MNTN_ID" : "427700201"
      },
      "geometry" : {
        "x" : 343324.06650000904,
        "y" : 530478.2357000038
      }
    },
    {
      "attributes" : {
        "FID" : 11,
        "PMNTN_SPOT" : 528,
        "MNTN_CODE" : "427709304",
        "MANAGE_SP1" : "01",
        "MANAGE_SP2" : "시종점",
        "DETAIL_SPO" : "시종점",
        "ETC_MATTER" : " ",
        "MNTN_NM" : "가수리",
        "PAST_SPOT_" : "4277002010012",
        "MNTN_ID" : "427700201"
      },
      "geometry" : {
        "x" : 341788.92790000699,
        "y" : 530368.21580000035
      }
    }
  ]
}