{
  "displayFieldName" : "",
  "fieldAliases" : {
    "FID" : "FID",
    "PMNTN_SPOT" : "PMNTN_SPOT",
    "MNTN_CODE" : "MNTN_CODE",
    "MANAGE_SP1" : "MANAGE_SP1",
    "MANAGE_SP2" : "MANAGE_SP2",
    "DETAIL_SPO" : "DETAIL_SPO",
    "ETC_MATTER" : "ETC_MATTER",
    "MNTN_NM" : "MNTN_NM",
    "PAST_SPOT_" : "PAST_SPOT_",
    "MNTN_ID" : "MNTN_ID"
  },
  "geometryType" : "esriGeometryPoint",
  "spatialReference" : {
    "wkt" : "PROJCS[\"PCS_ITRF2000_TM\",GEOGCS[\"GCS_ITRF_2000\",DATUM[\"D_ITRF_2000\",SPHEROID[\"GRS_1980\",6378137.0,298.257222101]],PRIMEM[\"Greenwich\",0.0],UNIT[\"Degree\",0.0174532925199433]],PROJECTION[\"Transverse_Mercator\"],PARAMETER[\"False_Easting\",200000.0],PARAMETER[\"False_Northing\",600000.0],PARAMETER[\"Central_Meridian\",127.0],PARAMETER[\"Scale_Factor\",1.0],PARAMETER[\"Latitude_Of_Origin\",38.0],UNIT[\"Meter\",1.0]]"
  },
  "fields" : [
    {
      "name" : "FID",
      "type" : "esriFieldTypeOID",
      "alias" : "FID"
    },
    {
      "name" : "PMNTN_SPOT",
      "type" : "esriFieldTypeDouble",
      "alias" : "PMNTN_SPOT"
    },
    {
      "name" : "MNTN_CODE",
      "type" : "esriFieldTypeString",
      "alias" : "MNTN_CODE",
      "length" : 9
    },
    {
      "name" : "MANAGE_SP1",
      "type" : "esriFieldTypeString",
      "alias" : "MANAGE_SP1",
      "length" : 2
    },
    {
      "name" : "MANAGE_SP2",
      "type" : "esriFieldTypeString",
      "alias" : "MANAGE_SP2",
      "length" : 50
    },
    {
      "name" : "DETAIL_SPO",
      "type" : "esriFieldTypeString",
      "alias" : "DETAIL_SPO",
      "length" : 200
    },
    {
      "name" : "ETC_MATTER",
      "type" : "esriFieldTypeString",
      "alias" : "ETC_MATTER",
      "length" : 200
    },
    {
      "name" : "MNTN_NM",
      "type" : "esriFieldTypeString",
      "alias" : "MNTN_NM",
      "length" : 50
    },
    {
      "name" : "PAST_SPOT_",
      "type" : "esriFieldTypeString",
      "alias" : "PAST_SPOT_",
      "length" : 14
    },
    {
      "name" : "MNTN_ID",
      "type" : "esriFieldTypeString",
      "alias" : "MNTN_ID",
      "length" : 10
    }
  ],
  "features" : [
    {
      "attributes" : {
        "FID" : 0,
        "PMNTN_SPOT" : 89245,
        "MNTN_CODE" : "427206501",
        "MANAGE_SP1" : "02",
        "MANAGE_SP2" : "분기점",
        "DETAIL_SPO" : "분기점",
        "ETC_MATTER" : " ",
        "MNTN_NM" : "팔봉산",
        "PAST_SPOT_" : "4272065010001",
        "MNTN_ID" : "427206501"
      },
      "geometry" : {
        "x" : 261067.74980000127,
        "y" : 566786.81020000018
      }
    },
    {
      "attributes" : {
        "FID" : 1,
        "PMNTN_SPOT" : 89246,
        "MNTN_CODE" : "427206501",
        "MANAGE_SP1" : "02",
        "MANAGE_SP2" : "분기점",
        "DETAIL_SPO" : "분기점",
        "ETC_MATTER" : " ",
        "MNTN_NM" : "팔봉산",
        "PAST_SPOT_" : "4272065010002",
        "MNTN_ID" : "427206501"
      },
      "geometry" : {
        "x" : 261126.9458999997,
        "y" : 566953.20490000024
      }
    },
    {
      "attributes" : {
        "FID" : 2,
        "PMNTN_SPOT" : 89247,
        "MNTN_CODE" : "427206501",
        "MANAGE_SP1" : "02",
        "MANAGE_SP2" : "분기점",
        "DETAIL_SPO" : "분기점",
        "ETC_MATTER" : " ",
        "MNTN_NM" : "팔봉산",
        "PAST_SPOT_" : "4272065010003",
        "MNTN_ID" : "427206501"
      },
      "geometry" : {
        "x" : 261286.69120000023,
        "y" : 566598.43050000444
      }
    },
    {
      "attributes" : {
        "FID" : 3,
        "PMNTN_SPOT" : 89248,
        "MNTN_CODE" : "427206501",
        "MANAGE_SP1" : "02",
        "MANAGE_SP2" : "분기점",
        "DETAIL_SPO" : "분기점",
        "ETC_MATTER" : " ",
        "MNTN_NM" : "팔봉산",
        "PAST_SPOT_" : "4272065010004",
        "MNTN_ID" : "427206501"
      },
      "geometry" : {
        "x" : 261335.32590000052,
        "y" : 566876.61520000175
      }
    },
    {
      "attributes" : {
        "FID" : 4,
        "PMNTN_SPOT" : 89249,
        "MNTN_CODE" : "427206501",
        "MANAGE_SP1" : "02",
        "MANAGE_SP2" : "분기점",
        "DETAIL_SPO" : "분기점",
        "ETC_MATTER" : " ",
        "MNTN_NM" : "팔봉산",
        "PAST_SPOT_" : "4272065010005",
        "MNTN_ID" : "427206501"
      },
      "geometry" : {
        "x" : 261416.70540000033,
        "y" : 566488.18129999936
      }
    },
    {
      "attributes" : {
        "FID" : 5,
        "PMNTN_SPOT" : 89250,
        "MNTN_CODE" : "427206501",
        "MANAGE_SP1" : "02",
        "MANAGE_SP2" : "분기점",
        "DETAIL_SPO" : "분기점",
        "ETC_MATTER" : " ",
        "MNTN_NM" : "팔봉산",
        "PAST_SPOT_" : "4272065010006",
        "MNTN_ID" : "427206501"
      },
      "geometry" : {
        "x" : 261422.9067000011,
        "y" : 566472.62260000221
      }
    },
    {
      "attributes" : {
        "FID" : 6,
        "PMNTN_SPOT" : 89251,
        "MNTN_CODE" : "427206501",
        "MANAGE_SP1" : "02",
        "MANAGE_SP2" : "분기점",
        "DETAIL_SPO" : "분기점",
        "ETC_MATTER" : " ",
        "MNTN_NM" : "팔봉산",
        "PAST_SPOT_" : "4272065010007",
        "MNTN_ID" : "427206501"
      },
      "geometry" : {
        "x" : 261440.2918000007,
        "y" : 566470.79230000451
      }
    },
    {
      "attributes" : {
        "FID" : 7,
        "PMNTN_SPOT" : 89252,
        "MNTN_CODE" : "427206501",
        "MANAGE_SP1" : "02",
        "MANAGE_SP2" : "분기점",
        "DETAIL_SPO" : "분기점",
        "ETC_MATTER" : " ",
        "MNTN_NM" : "팔봉산",
        "PAST_SPOT_" : "4272065010008",
        "MNTN_ID" : "427206501"
      },
      "geometry" : {
        "x" : 261505.39290000126,
        "y" : 566809.12090000138
      }
    },
    {
      "attributes" : {
        "FID" : 8,
        "PMNTN_SPOT" : 89253,
        "MNTN_CODE" : "427206501",
        "MANAGE_SP1" : "02",
        "MANAGE_SP2" : "분기점",
        "DETAIL_SPO" : "분기점",
        "ETC_MATTER" : " ",
        "MNTN_NM" : "팔봉산",
        "PAST_SPOT_" : "4272065010009",
        "MNTN_ID" : "427206501"
      },
      "geometry" : {
        "x" : 261560.6400000006,
        "y" : 566473.23970000073
      }
    },
    {
      "attributes" : {
        "FID" : 9,
        "PMNTN_SPOT" : 89254,
        "MNTN_CODE" : "427206501",
        "MANAGE_SP1" : "02",
        "MANAGE_SP2" : "분기점",
        "DETAIL_SPO" : "분기점",
        "ETC_MATTER" : " ",
        "MNTN_NM" : "팔봉산",
        "PAST_SPOT_" : "4272065010010",
        "MNTN_ID" : "427206501"
      },
      "geometry" : {
        "x" : 261622.1484000003,
        "y" : 566481.26730000228
      }
    },
    {
      "attributes" : {
        "FID" : 10,
        "PMNTN_SPOT" : 89255,
        "MNTN_CODE" : "427206501",
        "MANAGE_SP1" : "02",
        "MANAGE_SP2" : "분기점",
        "DETAIL_SPO" : "분기점",
        "ETC_MATTER" : " ",
        "MNTN_NM" : "팔봉산",
        "PAST_SPOT_" : "4272065010011",
        "MNTN_ID" : "427206501"
      },
      "geometry" : {
        "x" : 261657.94610000029,
        "y" : 566471.54059999995
      }
    },
    {
      "attributes" : {
        "FID" : 11,
        "PMNTN_SPOT" : 89256,
        "MNTN_CODE" : "427206501",
        "MANAGE_SP1" : "02",
        "MANAGE_SP2" : "분기점",
        "DETAIL_SPO" : "분기점",
        "ETC_MATTER" : " ",
        "MNTN_NM" : "팔봉산",
        "PAST_SPOT_" : "4272065010012",
        "MNTN_ID" : "427206501"
      },
      "geometry" : {
        "x" : 261704.86249999981,
        "y" : 566493.23320000432
      }
    },
    {
      "attributes" : {
        "FID" : 12,
        "PMNTN_SPOT" : 89257,
        "MNTN_CODE" : "427206501",
        "MANAGE_SP1" : "01",
        "MANAGE_SP2" : "시종점",
        "DETAIL_SPO" : "시종점",
        "ETC_MATTER" : " ",
        "MNTN_NM" : "팔봉산",
        "PAST_SPOT_" : "4272065010013",
        "MNTN_ID" : "427206501"
      },
      "geometry" : {
        "x" : 261715.59159999993,
        "y" : 566013.9913000036
      }
    },
    {
      "attributes" : {
        "FID" : 13,
        "PMNTN_SPOT" : 89258,
        "MNTN_CODE" : "427206501",
        "MANAGE_SP1" : "02",
        "MANAGE_SP2" : "분기점",
        "DETAIL_SPO" : "분기점",
        "ETC_MATTER" : " ",
        "MNTN_NM" : "팔봉산",
        "PAST_SPOT_" : "4272065010014",
        "MNTN_ID" : "427206501"
      },
      "geometry" : {
        "x" : 261783.9569000015,
        "y" : 566627.20790000074
      }
    }
  ]
}