{
  "displayFieldName" : "",
  "fieldAliases" : {
    "FID" : "FID",
    "PMNTN_SN" : "PMNTN_SN",
    "MNTN_CODE" : "MNTN_CODE",
    "MNTN_NM" : "MNTN_NM",
    "PMNTN_NM" : "PMNTN_NM",
    "PMNTN_MAIN" : "PMNTN_MAIN",
    "PMNTN_LT" : "PMNTN_LT",
    "PMNTN_DFFL" : "PMNTN_DFFL",
    "PMNTN_UPPL" : "PMNTN_UPPL",
    "PMNTN_GODN" : "PMNTN_GODN",
    "PMNTN_MTRQ" : "PMNTN_MTRQ",
    "PMNTN_CNRL" : "PMNTN_CNRL",
    "PMNTN_CLS_" : "PMNTN_CLS_",
    "PMNTN_RISK" : "PMNTN_RISK",
    "PMNTN_RECO" : "PMNTN_RECO",
    "DATA_STDR_" : "DATA_STDR_",
    "MNTN_ID" : "MNTN_ID"
  },
  "geometryType" : "esriGeometryPolyline",
  "spatialReference" : {
    "wkt" : "PROJCS[\"PCS_ITRF2000_TM\",GEOGCS[\"GCS_ITRF_2000\",DATUM[\"D_ITRF_2000\",SPHEROID[\"GRS_1980\",6378137.0,298.257222101]],PRIMEM[\"Greenwich\",0.0],UNIT[\"Degree\",0.0174532925199433]],PROJECTION[\"Transverse_Mercator\"],PARAMETER[\"False_Easting\",200000.0],PARAMETER[\"False_Northing\",600000.0],PARAMETER[\"Central_Meridian\",127.0],PARAMETER[\"Scale_Factor\",1.0],PARAMETER[\"Latitude_Of_Origin\",38.0],UNIT[\"Meter\",1.0]]"
  },
  "fields" : [
    {
      "name" : "FID",
      "type" : "esriFieldTypeOID",
      "alias" : "FID"
    },
    {
      "name" : "PMNTN_SN",
      "type" : "esriFieldTypeDouble",
      "alias" : "PMNTN_SN"
    },
    {
      "name" : "MNTN_CODE",
      "type" : "esriFieldTypeString",
      "alias" : "MNTN_CODE",
      "length" : 9
    },
    {
      "name" : "MNTN_NM",
      "type" : "esriFieldTypeString",
      "alias" : "MNTN_NM",
      "length" : 50
    },
    {
      "name" : "PMNTN_NM",
      "type" : "esriFieldTypeString",
      "alias" : "PMNTN_NM",
      "length" : 50
    },
    {
      "name" : "PMNTN_MAIN",
      "type" : "esriFieldTypeString",
      "alias" : "PMNTN_MAIN",
      "length" : 200
    },
    {
      "name" : "PMNTN_LT",
      "type" : "esriFieldTypeSingle",
      "alias" : "PMNTN_LT"
    },
    {
      "name" : "PMNTN_DFFL",
      "type" : "esriFieldTypeString",
      "alias" : "PMNTN_DFFL",
      "length" : 8
    },
    {
      "name" : "PMNTN_UPPL",
      "type" : "esriFieldTypeDouble",
      "alias" : "PMNTN_UPPL"
    },
    {
      "name" : "PMNTN_GODN",
      "type" : "esriFieldTypeDouble",
      "alias" : "PMNTN_GODN"
    },
    {
      "name" : "PMNTN_MTRQ",
      "type" : "esriFieldTypeString",
      "alias" : "PMNTN_MTRQ",
      "length" : 200
    },
    {
      "name" : "PMNTN_CNRL",
      "type" : "esriFieldTypeString",
      "alias" : "PMNTN_CNRL",
      "length" : 1
    },
    {
      "name" : "PMNTN_CLS_",
      "type" : "esriFieldTypeString",
      "alias" : "PMNTN_CLS_",
      "length" : 1
    },
    {
      "name" : "PMNTN_RISK",
      "type" : "esriFieldTypeString",
      "alias" : "PMNTN_RISK",
      "length" : 200
    },
    {
      "name" : "PMNTN_RECO",
      "type" : "esriFieldTypeString",
      "alias" : "PMNTN_RECO",
      "length" : 1
    },
    {
      "name" : "DATA_STDR_",
      "type" : "esriFieldTypeString",
      "alias" : "DATA_STDR_",
      "length" : 10
    },
    {
      "name" : "MNTN_ID",
      "type" : "esriFieldTypeString",
      "alias" : "MNTN_ID",
      "length" : 10
    }
  ],
  "features" : [
    {
      "attributes" : {
        "FID" : 0,
        "PMNTN_SN" : 41253,
        "MNTN_CODE" : "427303804",
        "MNTN_NM" : "운암정",
        "PMNTN_NM" : "읍하리구간",
        "PMNTN_MAIN" : " ",
        "PMNTN_LT" : 0.78,
        "PMNTN_DFFL" : "쉬움",
        "PMNTN_UPPL" : 14,
        "PMNTN_GODN" : 10,
        "PMNTN_MTRQ" : " ",
        "PMNTN_CNRL" : " ",
        "PMNTN_CLS_" : "Y",
        "PMNTN_RISK" : " ",
        "PMNTN_RECO" : " ",
        "DATA_STDR_" : "2016-12-31",
        "MNTN_ID" : "427302501"
      },
      "geometry" : {
        "paths" : [
          [
            [
              286668.51390000153,
              544500.58840000257
            ],
            [
              286668.38540000096,
              544503.41400000267
            ],
            [
              286667.88510000054,
              544509.7696999982
            ],
            [
              286667.13040000014,
              544514.8004999999
            ],
            [
              286664.99230000004,
              544518.32200000249
            ],
            [
              286662.35120000038,
              544520.96320000105
            ],
            [
              286658.82960000075,
              544524.35899999738
            ],
            [
              286655.49670000095,
              544524.73640000075
            ],
            [
              286653.16990000103,
              544522.22089999914
            ],
            [
              286651.40910000075,
              544519.70550000109
            ],
            [
              286649.08239999972,
              544516.5613000039
            ],
            [
              286645.18360000104,
              544515.24070000462
            ],
            [
              286641.0959999999,
              544516.30969999917
            ],
            [
              286637.82589999866,
              544517.06430000439
            ],
            [
              286633.29820000008,
              544519.83130000159
            ],
            [
              286629.5251000002,
              544520.58590000123
            ],
            [
              286624.62010000087,
              544522.59820000455
            ],
            [
              286618.96040000115,
              544527.37749999948
            ],
            [
              286615.95179999992,
              544531.04219999723
            ],
            [
              286613.0747000007,
              544533.63120000064
            ],
            [
              286608.50230000075,
              544536.17010000162
            ],
            [
              286603.08349999972,
              544541.01460000128
            ],
            [
              286601.1986000007,
              544544.95229999907
            ],
            [
              286598.34180000052,
              544548.78550000302
            ],
            [
              286596.00220000092,
              544550.63859999925
            ],
            [
              286595.18979999982,
              544555.61300000176
            ],
            [
              286594.18360000104,
              544559.57469999976
            ],
            [
              286592.36000000127,
              544563.91380000114
            ],
            [
              286591.60539999977,
              544569.1333000008
            ],
            [
              286590.41050000116,
              544574.478500003
            ],
            [
              286589.0270999996,
              544578.81760000251
            ],
            [
              286586.95190000068,
              544582.08760000207
            ],
            [
              286584.49930000119,
              544586.11230000295
            ],
            [
              286581.10350000113,
              544587.87300000153
            ],
            [
              286577.95930000115,
              544591.39460000396
            ],
            [
              286575.69540000055,
              544595.16770000011
            ],
            [
              286572.17380000092,
              544597.30580000021
            ],
            [
              286567.77190000191,
              544603.5943
            ],
            [
              286565.13069999963,
              544607.87050000019
            ],
            [
              286558.8422000017,
              544612.27250000089
            ],
            [
              286554.56599999964,
              544616.04560000263
            ],
            [
              286551.92480000015,
              544621.0764000006
            ],
            [
              286550.54130000155,
              544624.97530000098
            ],
            [
              286549.40940000117,
              544631.01230000146
            ],
            [
              286548.02590000071,
              544635.16269999929
            ],
            [
              286545.38480000198,
              544641.82850000262
            ],
            [
              286544.12710000016,
              544645.47580000013
            ],
            [
              286540.66840000078,
              544649.94070000201
            ],
            [
              286536.58079999965,
              544652.51899999939
            ],
            [
              286534.19120000117,
              544655.78900000267
            ],
            [
              286534.06539999973,
              544659.37350000441
            ],
            [
              286535.07160000037,
              544663.71250000224
            ],
            [
              286535.44890000019,
              544667.23409999907
            ],
            [
              286535.32310000062,
              544670.50410000049
            ],
            [
              286534.9458000008,
              544673.52260000259
            ],
            [
              286535.32310000062,
              544677.54729999974
            ],
            [
              286535.07160000037,
              544683.20690000057
            ],
            [
              286537.77570000011,
              544687.23160000145
            ],
            [
              286539.85090000089,
              544690.62739999965
            ],
            [
              286540.10240000114,
              544695.15510000102
            ],
            [
              286539.22200000007,
              544699.74580000155
            ],
            [
              286537.46119999886,
              544703.95900000446
            ],
            [
              286537.46119999886,
              544707.60639999993
            ],
            [
              286539.59929999989,
              544710.75060000271
            ],
            [
              286542.49200000055,
              544713.5175999999
            ],
            [
              286544.63010000065,
              544715.5298999995
            ],
            [
              286548.02590000071,
              544717.16489999928
            ],
            [
              286553.81140000001,
              544719.68030000106
            ],
            [
              286557.08140000049,
              544721.31530000083
            ],
            [
              286561.23180000018,
              544724.20810000226
            ],
            [
              286566.38840000052,
              544728.48430000246
            ],
            [
              286571.92230000068,
              544731.88000000268
            ],
            [
              286575.56960000098,
              544733.6408000011
            ],
            [
              286578.33660000097,
              544735.15010000393
            ],
            [
              286579.97159999982,
              544739.04900000058
            ],
            [
              286581.04070000071,
              544743.32520000078
            ],
            [
              286584.49930000119,
              544750.24250000156
            ],
            [
              286587.14050000161,
              544755.3991000019
            ],
            [
              286589.65589999966,
              544761.8134000022
            ],
            [
              286590.15900000092,
              544767.34730000235
            ],
            [
              286590.41050000116,
              544771.49770000018
            ],
            [
              286590.66210000031,
              544778.79240000248
            ],
            [
              286589.65589999966,
              544786.59010000341
            ],
            [
              286588.02090000082,
              544793.25600000098
            ],
            [
              286585.00240000058,
              544800.0476000011
            ],
            [
              286583.36739999987,
              544803.94639999978
            ],
            [
              286582.80140000023,
              544808.7257000003
            ],
            [
              286583.87050000113,
              544820.92540000007
            ],
            [
              286585.75700000022,
              544828.34589999914
            ],
            [
              286588.27240000106,
              544837.27560000122
            ],
            [
              286590.53630000073,
              544842.05480000377
            ],
            [
              286593.42899999954,
              544846.07949999906
            ],
            [
              286597.95679999981,
              544847.33720000274
            ],
            [
              286601.47830000054,
              544850.22990000248
            ],
            [
              286604.37110000197,
              544854.380400002
            ],
            [
              286608.26989999972,
              544856.3927000016
            ],
            [
              286611.03689999972,
              544857.65039999969
            ],
            [
              286615.56460000109,
              544858.78229999915
            ],
            [
              286618.33150000218,
              544859.78850000352
            ],
            [
              286621.85310000088,
              544862.05240000039
            ],
            [
              286624.4943000013,
              544864.06469999999
            ],
            [
              286626.38090000115,
              544866.95740000159
            ],
            [
              286628.39320000075,
              544870.22740000114
            ],
            [
              286630.53130000085,
              544872.61700000428
            ],
            [
              286632.98379999958,
              544876.26439999975
            ],
            [
              286634.80750000011,
              544882.4271000009
            ],
            [
              286635.05900000036,
              544887.83520000242
            ],
            [
              286633.29820000008,
              544893.11760000139
            ],
            [
              286631.91470000055,
              544898.27420000173
            ],
            [
              286630.78280000109,
              544902.67610000074
            ],
            [
              286625.8777999999,
              544910.22240000218
            ],
            [
              286624.56420000177,
              544918.57440000027
            ],
            [
              286622.77539999969,
              544927.51810000278
            ],
            [
              286619.49609999917,
              544933.48059999943
            ],
            [
              286619.19800000172,
              544942.42420000024
            ],
            [
              286619.17870000005,
              544954.49650000222
            ],
            [
              286619.19670000114,
              544954.94230000116
            ],
            [
              286619.29290000163,
              544957.32880000211
            ],
            [
              286618.44160000142,
              544960.106200004
            ],
            [
              286617.56549999956,
              544964.41510000266
            ],
            [
              286619.48720000032,
              544969.26370000094
            ],
            [
              286622.30330000073,
              544972.3123000022
            ],
            [
              286624.36640000064,
              544976.31870000064
            ],
            [
              286624.34590000007,
              544979.14910000004
            ],
            [
              286624.29000000004,
              544983.67750000209
            ],
            [
              286622.76979999989,
              544987.83540000394
            ],
            [
              286620.4357000012,
              544992.02930000238
            ],
            [
              286614.70170000009,
              544996.17110000178
            ],
            [
              286610.81120000035,
              544998.22309999913
            ],
            [
              286606.07259999961,
              545000.18859999999
            ],
            [
              286602.17720000073,
              545001.00840000249
            ],
            [
              286596.69230000023,
              545004.1203000024
            ],
            [
              286584.51640000008,
              545008.28170000017
            ],
            [
              286576.19360000081,
              545011.98069999926
            ],
            [
              286566.02130000014,
              545017.2210000027
            ],
            [
              286562.16820000019,
              545024.00249999948
            ],
            [
              286558.16090000048,
              545029.7050999999
            ],
            [
              286556.46559999976,
              545036.17840000242
            ],
            [
              286556.15730000008,
              545046.81310000271
            ],
            [
              286554.21600000095,
              545053.07020000182
            ],
            [
              286553.05160000082,
              545057.7693000026
            ],
            [
              286551.07120000105,
              545061.98359999992
            ],
            [
              286547.07230000105,
              545069.63990000077
            ],
            [
              286542.99820000026,
              545076.75580000132
            ],
            [
              286534.11740000173,
              545086.73159999959
            ],
            [
              286528.41470000055,
              545093.35899999924
            ],
            [
              286524.48610000033,
              545095.39780000411
            ]
          ]
        ]
      }
    },
    {
      "attributes" : {
        "FID" : 1,
        "PMNTN_SN" : 41254,
        "MNTN_CODE" : "427303804",
        "MNTN_NM" : "운암정",
        "PMNTN_NM" : " ",
        "PMNTN_MAIN" : " ",
        "PMNTN_LT" : 0.05,
        "PMNTN_DFFL" : "쉬움",
        "PMNTN_UPPL" : 1,
        "PMNTN_GODN" : 1,
        "PMNTN_MTRQ" : " ",
        "PMNTN_CNRL" : " ",
        "PMNTN_CLS_" : "Y",
        "PMNTN_RISK" : " ",
        "PMNTN_RECO" : " ",
        "DATA_STDR_" : "2016-12-31",
        "MNTN_ID" : "427302501"
      },
      "geometry" : {
        "paths" : [
          [
            [
              286524.48610000033,
              545095.39780000411
            ],
            [
              286528.10650000162,
              545104.91840000264
            ],
            [
              286529.64770000055,
              545114.32000000216
            ],
            [
              286532.11369999871,
              545120.17679999955
            ],
            [
              286535.35039999988,
              545126.34180000238
            ],
            [
              286541.05300000217,
              545135.89760000259
            ],
            [
              286545.52259999886,
              545145.14509999938
            ]
          ]
        ]
      }
    },
    {
      "attributes" : {
        "FID" : 2,
        "PMNTN_SN" : 41255,
        "MNTN_CODE" : "427303804",
        "MNTN_NM" : "운암정",
        "PMNTN_NM" : " ",
        "PMNTN_MAIN" : " ",
        "PMNTN_LT" : 0.25,
        "PMNTN_DFFL" : "쉬움",
        "PMNTN_UPPL" : 4,
        "PMNTN_GODN" : 3,
        "PMNTN_MTRQ" : " ",
        "PMNTN_CNRL" : " ",
        "PMNTN_CLS_" : "Y",
        "PMNTN_RISK" : " ",
        "PMNTN_RECO" : " ",
        "DATA_STDR_" : "2016-12-31",
        "MNTN_ID" : "427302501"
      },
      "geometry" : {
        "paths" : [
          [
            [
              286524.48610000033,
              545095.39780000411
            ],
            [
              286516.2388000004,
              545102.91469999962
            ],
            [
              286510.99850000162,
              545106.45960000157
            ],
            [
              286504.21700000018,
              545113.39530000277
            ],
            [
              286498.51439999975,
              545118.94380000047
            ],
            [
              286490.80810000002,
              545124.18410000019
            ],
            [
              286486.33839999977,
              545125.8794000037
            ],
            [
              286480.63580000121,
              545127.2666000016
            ],
            [
              286475.54970000032,
              545128.96190000139
            ],
            [
              286470.15529999975,
              545131.42800000124
            ],
            [
              286466.45630000066,
              545132.66100000218
            ],
            [
              286459.05819999985,
              545132.66100000218
            ],
            [
              286452.12260000128,
              545131.42800000124
            ],
            [
              286446.57410000078,
              545129.73260000348
            ],
            [
              286440.10080000106,
              545126.80420000292
            ],
            [
              286435.1688000001,
              545124.6464000009
            ],
            [
              286429.62029999867,
              545122.79690000042
            ],
            [
              286424.37999999989,
              545121.40980000049
            ],
            [
              286420.48420000076,
              545121.88260000013
            ],
            [
              286421.45160000212,
              545124.6464000009
            ],
            [
              286428.69550000038,
              545132.66100000218
            ],
            [
              286432.39450000133,
              545134.81870000064
            ],
            [
              286437.63480000012,
              545138.20950000174
            ],
            [
              286442.87509999983,
              545140.98370000161
            ],
            [
              286449.19420000073,
              545143.60390000232
            ],
            [
              286454.74270000122,
              545145.60749999993
            ],
            [
              286460.75360000134,
              545146.37810000218
            ],
            [
              286467.68930000067,
              545147.6110999994
            ],
            [
              286473.54600000102,
              545149.15240000002
            ],
            [
              286479.24870000128,
              545150.53949999996
            ],
            [
              286485.25960000139,
              545151.15600000136
            ],
            [
              286490.80810000002,
              545151.15600000136
            ],
            [
              286497.12720000185,
              545151.15600000136
            ],
            [
              286504.98760000151,
              545151.0019000005
            ],
            [
              286513.77280000225,
              545151.0019000005
            ],
            [
              286521.7873000009,
              545151.0019000005
            ],
            [
              286525.9486999996,
              545151.15600000136
            ],
            [
              286531.4972000001,
              545151.15600000136
            ],
            [
              286535.96690000035,
              545150.69360000268
            ],
            [
              286545.52259999886,
              545145.14509999938
            ]
          ]
        ]
      }
    },
    {
      "attributes" : {
        "FID" : 3,
        "PMNTN_SN" : 41256,
        "MNTN_CODE" : "427303804",
        "MNTN_NM" : "운암정",
        "PMNTN_NM" : " ",
        "PMNTN_MAIN" : " ",
        "PMNTN_LT" : 0.39,
        "PMNTN_DFFL" : "쉬움",
        "PMNTN_UPPL" : 7,
        "PMNTN_GODN" : 5,
        "PMNTN_MTRQ" : " ",
        "PMNTN_CNRL" : " ",
        "PMNTN_CLS_" : "Y",
        "PMNTN_RISK" : " ",
        "PMNTN_RECO" : " ",
        "DATA_STDR_" : "2016-12-31",
        "MNTN_ID" : "427302501"
      },
      "geometry" : {
        "paths" : [
          [
            [
              286545.52259999886,
              545145.14509999938
            ],
            [
              286553.38300000131,
              545145.14509999938
            ],
            [
              286563.49250000063,
              545139.81920000166
            ],
            [
              286574.18440000061,
              545139.97120000236
            ],
            [
              286582.05020000227,
              545145.5698000025
            ],
            [
              286583.94900000002,
              545150.07410000078
            ],
            [
              286589.5607000012,
              545157.26990000159
            ],
            [
              286594.81540000066,
              545166.47120000422
            ],
            [
              286600.84069999959,
              545177.29940000363
            ],
            [
              286606.87370000035,
              545188.99920000136
            ],
            [
              286610.68419999909,
              545199.91980000213
            ],
            [
              286612.24130000081,
              545204.38230000064
            ],
            [
              286612.44739999995,
              545212.15550000034
            ],
            [
              286613.23010000028,
              545224.96150000021
            ],
            [
              286611.45689999964,
              545253.4710000027
            ],
            [
              286612.71500000078,
              545262.29770000279
            ],
            [
              286614.28749999963,
              545273.32970000245
            ],
            [
              286619.87210000213,
              545287.01490000263
            ],
            [
              286622.50210000109,
              545293.37870000117
            ],
            [
              286624.86870000046,
              545299.10510000028
            ],
            [
              286627.42610000074,
              545310.43050000258
            ],
            [
              286631.44480000064,
              545318.83320000023
            ],
            [
              286649.34620000049,
              545332.35049999878
            ],
            [
              286669.43960000016,
              545339.2918999996
            ],
            [
              286681.86090000067,
              545340.75320000015
            ],
            [
              286696.47430000175,
              545341.84920000099
            ],
            [
              286706.70370000042,
              545339.65720000118
            ],
            [
              286718.02900000103,
              545333.81190000102
            ],
            [
              286725.3356999997,
              545330.52390000038
            ],
            [
              286731.54640000127,
              545329.7931999974
            ],
            [
              286740.10610000044,
              545328.40540000238
            ],
            [
              286749.81310000177,
              545332.35049999878
            ],
            [
              286757.85050000064,
              545345.13719999976
            ],
            [
              286764.32250000071,
              545362.53480000235
            ]
          ]
        ]
      }
    },
    {
      "attributes" : {
        "FID" : 4,
        "PMNTN_SN" : 41257,
        "MNTN_CODE" : "427303804",
        "MNTN_NM" : "운암정",
        "PMNTN_NM" : "읍하리구간",
        "PMNTN_MAIN" : " ",
        "PMNTN_LT" : 0.94,
        "PMNTN_DFFL" : "쉬움",
        "PMNTN_UPPL" : 17,
        "PMNTN_GODN" : 12,
        "PMNTN_MTRQ" : " ",
        "PMNTN_CNRL" : " ",
        "PMNTN_CLS_" : "Y",
        "PMNTN_RISK" : " ",
        "PMNTN_RECO" : " ",
        "DATA_STDR_" : "2016-12-31",
        "MNTN_ID" : "427302501"
      },
      "geometry" : {
        "paths" : [
          [
            [
              286764.32250000071,
              545362.53480000235
            ],
            [
              286773.20569999982,
              545365.25420000404
            ],
            [
              286780.41480000038,
              545367.7985999994
            ],
            [
              286788.61340000108,
              545371.04980000108
            ],
            [
              286793.13669999968,
              545372.60469999909
            ],
            [
              286800.48720000125,
              545373.59409999847
            ],
            [
              286807.97900000121,
              545373.73550000228
            ],
            [
              286814.62270000018,
              545373.17009999976
            ],
            [
              286818.86330000032,
              545370.6257000044
            ],
            [
              286828.47540000081,
              545362.85120000131
            ],
            [
              286835.54320000205,
              545352.67360000126
            ],
            [
              286840.77329999954,
              545345.60589999892
            ],
            [
              286847.69970000163,
              545339.95170000009
            ],
            [
              286858.018600001,
              545330.62230000086
            ],
            [
              286862.54200000037,
              545324.26130000129
            ],
            [
              286870.88190000132,
              545317.47630000114
            ],
            [
              286877.94960000087,
              545313.94240000099
            ],
            [
              286889.82349999994,
              545307.72279999964
            ],
            [
              286898.44610000122,
              545301.50320000201
            ],
            [
              286908.05819999985,
              545289.91210000031
            ],
            [
              286913.99510000087,
              545285.81279999763
            ],
            [
              286921.62830000091,
              545278.17960000038
            ],
            [
              286924.87950000074,
              545264.18549999967
            ],
            [
              286924.87950000074,
              545259.37940000184
            ],
            [
              286923.18320000079,
              545253.86660000123
            ],
            [
              286921.20419999957,
              545248.35370000079
            ],
            [
              286920.35610000044,
              545243.26500000246
            ],
            [
              286922.05240000132,
              545233.79419999942
            ],
            [
              286924.45540000126,
              545220.08280000277
            ],
            [
              286927.50240000058,
              545209.74810000323
            ],
            [
              286930.76930000074,
              545202.71180000156
            ],
            [
              286932.02570000198,
              545194.41899999976
            ],
            [
              286943.58540000115,
              545172.80739999935
            ],
            [
              286953.63729999959,
              545165.26850000024
            ],
            [
              286964.4430999998,
              545158.2321000006
            ],
            [
              286975.50020000059,
              545152.70360000245
            ],
            [
              286980.52620000113,
              545148.93410000205
            ],
            [
              286992.58840000071,
              545133.66779999807
            ],
            [
              286993.5308000017,
              545129.33290000074
            ],
            [
              286995.41550000012,
              545117.08220000006
            ],
            [
              286996.35790000111,
              545107.28160000034
            ],
            [
              286996.35790000111,
              545099.9310999997
            ],
            [
              286993.71930000093,
              545095.40780000389
            ],
            [
              286988.81900000107,
              545094.65389999934
            ],
            [
              286985.04949999973,
              545092.01520000212
            ],
            [
              286982.41089999955,
              545087.86880000122
            ],
            [
              286980.30870000087,
              545079.24120000005
            ],
            [
              286981.65700000059,
              545072.2256000042
            ],
            [
              286982.78780000005,
              545069.58690000325
            ],
            [
              286984.4841,
              545065.06360000186
            ],
            [
              286987.68809999991,
              545063.3673000019
            ],
            [
              286991.08070000075,
              545059.97479999997
            ],
            [
              286995.03859999962,
              545054.13209999911
            ],
            [
              286996.16940000188,
              545051.49349999987
            ],
            [
              286996.68770000059,
              545047.39420000277
            ],
            [
              286995.13280000165,
              545040.04380000196
            ],
            [
              286993.29520000145,
              545036.58060000092
            ],
            [
              286989.76140000205,
              545036.22720000148
            ],
            [
              286986.58090000134,
              545033.68280000053
            ],
            [
              286984.60190000013,
              545028.52339999937
            ],
            [
              286981.84549999982,
              545025.48420000076
            ],
            [
              286978.45300000068,
              545023.64660000056
            ],
            [
              286974.07100000139,
              545011.77280000038
            ],
            [
              286969.40620000102,
              544994.95160000026
            ],
            [
              286964.74150000047,
              544975.58590000123
            ],
            [
              286963.4693,
              544968.51820000447
            ],
            [
              286962.19720000122,
              544964.70160000026
            ],
            [
              286960.64220000058,
              544961.45050000213
            ],
            [
              286961.31980000157,
              544958.53270000219
            ],
            [
              286958.70560000092,
              544954.44759999961
            ],
            [
              286955.27850000001,
              544947.70880000107
            ],
            [
              286954.23599999957,
              544941.45399999991
            ],
            [
              286953.81900000107,
              544936.13730000332
            ],
            [
              286954.23599999957,
              544929.36130000278
            ],
            [
              286956.32100000046,
              544925.81680000015
            ],
            [
              286958.09319999907,
              544923.00220000185
            ],
            [
              286959.44840000011,
              544919.14500000142
            ],
            [
              286961.01210000087,
              544916.33029999956
            ],
            [
              286960.68030000106,
              544910.13340000063
            ],
            [
              286961.84609999973,
              544906.32259999774
            ],
            [
              286965.91170000006,
              544899.33800000325
            ],
            [
              286970.49859999958,
              544890.89390000142
            ],
            [
              286973.0717000002,
              544886.27200000174
            ],
            [
              286975.6771999998,
              544881.28759999946
            ],
            [
              286977.14979999978,
              544876.86970000342
            ],
            [
              286978.05610000063,
              544873.69779999927
            ],
            [
              286978.05610000063,
              544870.07280000113
            ],
            [
              286977.60300000105,
              544862.70960000157
            ],
            [
              286976.47020000033,
              544857.72519999929
            ],
            [
              286975.56390000135,
              544853.7603999991
            ],
            [
              286977.03660000209,
              544849.90890000015
            ],
            [
              286979.75530000217,
              544844.24489999935
            ],
            [
              286980.54829999991,
              544839.37380000018
            ],
            [
              286981.45449999999,
              544835.2957000006
            ],
            [
              286982.1342000002,
              544827.70590000041
            ],
            [
              286980.88810000196,
              544819.32309999876
            ],
            [
              286977.14979999978,
              544806.40909999982
            ],
            [
              286972.95850000065,
              544795.98730000108
            ],
            [
              286969.78660000116,
              544788.6240999978
            ],
            [
              286961.63040000014,
              544778.54210000113
            ],
            [
              286956.50650000013,
              544773.48189999908
            ],
            [
              286950.86870000139,
              544767.44060000218
            ],
            [
              286948.37660000101,
              544763.02270000055
            ],
            [
              286944.07189999986,
              544757.81179999933
            ],
            [
              286939.65400000103,
              544749.88209999911
            ],
            [
              286935.91570000164,
              544744.33139999956
            ],
            [
              286927.75950000063,
              544733.68300000019
            ],
            [
              286924.13450000156,
              544728.92520000227
            ],
            [
              286922.208800002,
              544724.39399999939
            ],
            [
              286919.94310000073,
              544720.31589999981
            ],
            [
              286917.11110000033,
              544715.89800000377
            ],
            [
              286913.59939999972,
              544712.15970000066
            ],
            [
              286911.22050000075,
              544709.32770000212
            ],
            [
              286901.36510000192,
              544700.71839999966
            ],
            [
              286894.00190000143,
              544694.37460000068
            ],
            [
              286884.93940000143,
              544683.15990000032
            ],
            [
              286876.89650000073,
              544675.68339999951
            ],
            [
              286868.17390000168,
              544666.28110000119
            ],
            [
              286865.56850000005,
              544662.99590000324
            ],
            [
              286858.54510000069,
              544651.44130000286
            ],
            [
              286855.033400001,
              544647.70299999975
            ],
            [
              286849.70920000039,
              544642.26559999958
            ]
          ]
        ]
      }
    },
    {
      "attributes" : {
        "FID" : 5,
        "PMNTN_SN" : 41258,
        "MNTN_CODE" : "427303804",
        "MNTN_NM" : "운암정",
        "PMNTN_NM" : " ",
        "PMNTN_MAIN" : " ",
        "PMNTN_LT" : 0.61,
        "PMNTN_DFFL" : "쉬움",
        "PMNTN_UPPL" : 11,
        "PMNTN_GODN" : 8,
        "PMNTN_MTRQ" : " ",
        "PMNTN_CNRL" : " ",
        "PMNTN_CLS_" : "Y",
        "PMNTN_RISK" : " ",
        "PMNTN_RECO" : " ",
        "DATA_STDR_" : "2016-12-31",
        "MNTN_ID" : "427302501"
      },
      "geometry" : {
        "paths" : [
          [
            [
              286764.32250000071,
              545362.53480000235
            ],
            [
              286762.59990000073,
              545369.61470000073
            ],
            [
              286763.69590000063,
              545391.53470000252
            ],
            [
              286774.65590000153,
              545410.16680000164
            ],
            [
              286784.15460000001,
              545424.78020000085
            ],
            [
              286794.018600001,
              545436.10550000146
            ],
            [
              286816.30400000047,
              545454.00689999945
            ],
            [
              286829.82140000165,
              545470.44700000063
            ],
            [
              286832.01340000145,
              545479.21500000358
            ],
            [
              286834.57080000173,
              545489.80969999917
            ],
            [
              286833.66830000095,
              545514.08819999918
            ],
            [
              286844.81090000086,
              545543.80199999921
            ],
            [
              286873.28660000023,
              545589.61069999821
            ],
            [
              286882.57220000029,
              545598.27720000036
            ],
            [
              286898.66710000206,
              545604.46760000102
            ],
            [
              286916.00010000076,
              545607.56280000135
            ],
            [
              286933.95220000017,
              545616.22930000164
            ],
            [
              286943.85680000018,
              545621.18160000443
            ],
            [
              286953.76140000205,
              545626.75290000439
            ],
            [
              286968.61820000038,
              545632.94320000149
            ],
            [
              286981.61800000072,
              545637.89550000429
            ],
            [
              286993.99870000128,
              545643.46690000221
            ],
            [
              287005.76040000003,
              545642.22880000249
            ],
            [
              287017.31769999955,
              545635.87230000272
            ],
            [
              287031.14089999907,
              545632.94320000149
            ],
            [
              287045.37870000023,
              545634.80040000193
            ],
            [
              287062.7117999997,
              545639.75260000117
            ],
            [
              287071.99729999993,
              545640.37170000188
            ],
            [
              287082.52089999989,
              545639.13360000215
            ],
            [
              287094.28260000143,
              545634.18130000122
            ],
            [
              287106.04430000018,
              545628.61000000127
            ],
            [
              287117.8060000008,
              545621.80060000159
            ],
            [
              287125.23440000042,
              545613.13410000131
            ],
            [
              287135.75810000114,
              545606.32470000163
            ],
            [
              287142.56749999989,
              545600.75340000167
            ],
            [
              287151.85300000012,
              545597.03910000063
            ],
            [
              287159.90050000045,
              545596.42010000162
            ],
            [
              287176.72620000225,
              545594.23059999943
            ],
            [
              287177.85230000038,
              545594.02339999937
            ],
            [
              287188.37620000076,
              545592.08680000342
            ]
          ]
        ]
      }
    },
    {
      "attributes" : {
        "FID" : 6,
        "PMNTN_SN" : 41259,
        "MNTN_CODE" : "427303804",
        "MNTN_NM" : "운암정",
        "PMNTN_NM" : " ",
        "PMNTN_MAIN" : " ",
        "PMNTN_LT" : 2.78,
        "PMNTN_DFFL" : "쉬움",
        "PMNTN_UPPL" : 49,
        "PMNTN_GODN" : 34,
        "PMNTN_MTRQ" : " ",
        "PMNTN_CNRL" : " ",
        "PMNTN_CLS_" : "Y",
        "PMNTN_RISK" : " ",
        "PMNTN_RECO" : " ",
        "DATA_STDR_" : "2016-12-31",
        "MNTN_ID" : "427302501"
      },
      "geometry" : {
        "paths" : [
          [
            [
              287188.37620000076,
              545592.08680000342
            ],
            [
              287197.66170000099,
              545584.658400001
            ],
            [
              287213.75669999979,
              545577.23000000045
            ],
            [
              287231.08970000036,
              545576.61089999974
            ],
            [
              287245.3275000006,
              545576.61089999974
            ],
            [
              287261.42250000127,
              545574.753800001
            ],
            [
              287281.85070000123,
              545574.13480000012
            ],
            [
              287298.56469999999,
              545573.51569999754
            ],
            [
              287318.99290000089,
              545569.18250000104
            ],
            [
              287335.08780000079,
              545562.99210000038
            ],
            [
              287343.75430000108,
              545549.37329999916
            ],
            [
              287344.37330000196,
              545534.51649999991
            ],
            [
              287346.84949999955,
              545519.65960000269
            ],
            [
              287357.37310000136,
              545506.65980000235
            ],
            [
              287368.51580000017,
              545504.80270000175
            ],
            [
              287387.70590000041,
              545501.0885000024
            ],
            [
              287401.94370000064,
              545501.0885000024
            ],
            [
              287416.80060000066,
              545501.0885000024
            ],
            [
              287437.8479000004,
              545491.80290000141
            ],
            [
              287459.51410000026,
              545490.56490000151
            ],
            [
              287476.22810000088,
              545489.32680000179
            ],
            [
              287493.56109999958,
              545488.70780000463
            ],
            [
              287504.70380000118,
              545489.32680000179
            ],
            [
              287518.94159999955,
              545479.42220000178
            ],
            [
              287534.41750000045,
              545464.56530000083
            ],
            [
              287546.17920000013,
              545449.70850000158
            ],
            [
              287556.70290000085,
              545436.08970000036
            ],
            [
              287556.57950000092,
              545427.35020000115
            ],
            [
              287555.74880000018,
              545417.14860000089
            ],
            [
              287554.44549999945,
              545410.63180000149
            ],
            [
              287553.95669999998,
              545406.0700000003
            ],
            [
              287552.49040000048,
              545401.83400000073
            ],
            [
              287551.51290000137,
              545396.62060000375
            ],
            [
              287551.02410000097,
              545390.10370000079
            ],
            [
              287549.55790000036,
              545383.26109999977
            ],
            [
              287548.25449999887,
              545376.90710000135
            ],
            [
              287547.76570000127,
              545371.0420000013
            ],
            [
              287543.36689999979,
              545364.5252000019
            ],
            [
              287539.61970000062,
              545363.38470000029
            ],
            [
              287535.22080000024,
              545363.38470000029
            ],
            [
              287532.28820000123,
              545362.40719999745
            ],
            [
              287528.70400000084,
              545360.77800000086
            ],
            [
              287525.77139999997,
              545357.84540000185
            ],
            [
              287524.14219999965,
              545353.7723999992
            ],
            [
              287522.67590000015,
              545347.41850000247
            ],
            [
              287523.49050000124,
              545342.04209999926
            ],
            [
              287524.46800000034,
              545334.38480000012
            ],
            [
              287524.95680000074,
              545326.40170000307
            ],
            [
              287524.95680000074,
              545320.2106999997
            ],
            [
              287524.95680000074,
              545313.6939000003
            ],
            [
              287523.32760000136,
              545307.66579999961
            ],
            [
              287523.32760000136,
              545299.51970000006
            ],
            [
              287523.49050000124,
              545292.51410000212
            ],
            [
              287522.18719999958,
              545279.15460000001
            ],
            [
              287521.04670000076,
              545270.84570000134
            ],
            [
              287519.25460000057,
              545261.23330000229
            ],
            [
              287515.99620000087,
              545255.69400000013
            ],
            [
              287511.92310000118,
              545249.01430000179
            ],
            [
              287508.99060000107,
              545241.51990000159
            ],
            [
              287505.89510000031,
              545234.51429999992
            ],
            [
              287498.40070000105,
              545222.78399999999
            ],
            [
              287498.07490000222,
              545215.28969999962
            ],
            [
              287496.60859999992,
              545203.55939999968
            ],
            [
              287496.28270000033,
              545189.8740000017
            ],
            [
              287497.58609999996,
              545175.69989999942
            ],
            [
              287497.42320000101,
              545156.14939999953
            ],
            [
              287498.88950000051,
              545133.50340000167
            ],
            [
              287499.2153000012,
              545123.89110000059
            ],
            [
              287504.75459999964,
              545107.76190000214
            ],
            [
              287511.10850000009,
              545098.14960000105
            ],
            [
              287528.86690000072,
              545084.79010000266
            ],
            [
              287535.70959999971,
              545083.32379999943
            ],
            [
              287541.73770000041,
              545081.53170000389
            ],
            [
              287552.79800000042,
              545079.65980000235
            ],
            [
              287554.67750000115,
              545076.38700000197
            ],
            [
              287555.30140000023,
              545072.56390000135
            ],
            [
              287557.19350000098,
              545066.71170000359
            ],
            [
              287561.99039999954,
              545065.52990000322
            ],
            [
              287566.5336000016,
              545064.92279999889
            ],
            [
              287570.83490000106,
              545062.93660000339
            ],
            [
              287573.5577000007,
              545061.3556999974
            ],
            [
              287576.69010000117,
              545062.03240000084
            ],
            [
              287581.27990000043,
              545060.3601000011
            ],
            [
              287585.5027999999,
              545060.78189999983
            ],
            [
              287589.87430000119,
              545062.21540000103
            ],
            [
              287593.88439999986,
              545062.67930000089
            ],
            [
              287599.01650000084,
              545063.26610000432
            ],
            [
              287603.70739999972,
              545062.91579999961
            ],
            [
              287607.98979999963,
              545063.56020000391
            ],
            [
              287612.45540000033,
              545063.6072000023
            ],
            [
              287616.47830000147,
              545063.70500000194
            ],
            [
              287620.41430000123,
              545064.50119999796
            ],
            [
              287624.03630000073,
              545065.71590000391
            ],
            [
              287627.58069999982,
              545068.42840000242
            ],
            [
              287629.48230000213,
              545071.76740000211
            ],
            [
              287630.86580000073,
              545076.44409999996
            ],
            [
              287633.3283000011,
              545080.27739999816
            ],
            [
              287638.61290000193,
              545083.17469999939
            ],
            [
              287643.55999999959,
              545083.69290000014
            ],
            [
              287648.46690000035,
              545083.82220000215
            ],
            [
              287654.47749999911,
              545084.1185999997
            ],
            [
              287660.11899999995,
              545085.04370000027
            ],
            [
              287664.93680000026,
              545086.07129999995
            ],
            [
              287670.00040000118,
              545087.27899999917
            ],
            [
              287674.79550000094,
              545087.95100000128
            ],
            [
              287679.65820000134,
              545088.92349999957
            ],
            [
              287684.08050000109,
              545089.72490000166
            ],
            [
              287688.74300000072,
              545090.38450000063
            ],
            [
              287693.44150000066,
              545090.1564000044
            ],
            [
              287697.77230000123,
              545091.24540000409
            ],
            [
              287702.00650000107,
              545092.26680000126
            ],
            [
              287706.92410000227,
              545093.06230000407
            ],
            [
              287711.01709999982,
              545094.06000000238
            ],
            [
              287715.81580000091,
              545095.23169999942
            ],
            [
              287719.61519999988,
              545096.39279999956
            ],
            [
              287724.51190000121,
              545097.4878000021
            ],
            [
              287728.83719999902,
              545099.10960000008
            ],
            [
              287733.73760000058,
              545099.84940000437
            ],
            [
              287738.33370000031,
              545100.94120000117
            ],
            [
              287743.1511000013,
              545102.01319999993
            ],
            [
              287748.16359999962,
              545100.511900004
            ],
            [
              287752.5867000008,
              545101.23560000025
            ],
            [
              287756.81770000048,
              545100.8916000016
            ],
            [
              287761.24380000029,
              545100.48310000263
            ],
            [
              287765.42670000065,
              545100.50500000268
            ],
            [
              287769.78369999956,
              545100.78399999999
            ],
            [
              287774.96239999961,
              545101.13820000179
            ],
            [
              287780.50950000156,
              545100.94140000269
            ],
            [
              287785.39040000085,
              545101.85859999992
            ],
            [
              287790.44900000188,
              545102.70000000112
            ],
            [
              287795.30240000039,
              545103.71690000035
            ],
            [
              287800.84340000059,
              545104.92970000021
            ],
            [
              287806.26580000017,
              545107.34009999968
            ],
            [
              287810.94140000083,
              545108.4328000024
            ],
            [
              287815.59660000075,
              545109.79169999994
            ],
            [
              287820.91700000037,
              545110.96900000051
            ],
            [
              287825.27529999986,
              545111.95839999989
            ],
            [
              287829.70559999999,
              545113.68130000122
            ],
            [
              287834.46050000098,
              545114.80810000002
            ],
            [
              287839.16640000138,
              545115.54600000009
            ],
            [
              287843.81040000077,
              545116.28310000151
            ],
            [
              287847.13580000028,
              545116.27380000241
            ],
            [
              287850.691300001,
              545117.07720000297
            ],
            [
              287855.79730000068,
              545119.29560000077
            ],
            [
              287860.22210000083,
              545121.52900000103
            ],
            [
              287864.58460000064,
              545122.96260000207
            ],
            [
              287869.66700000223,
              545123.22710000165
            ],
            [
              287873.90400000103,
              545123.98220000416
            ],
            [
              287878.3040000014,
              545126.89249999821
            ],
            [
              287881.59860000107,
              545129.8022000026
            ],
            [
              287883.35080000106,
              545133.88339999877
            ],
            [
              287882.90230000112,
              545138.67410000041
            ],
            [
              287882.33360000141,
              545143.96299999952
            ],
            [
              287881.49580000062,
              545150.4478999991
            ],
            [
              287881.49050000031,
              545155.14330000244
            ],
            [
              287881.06070000026,
              545160.67780000158
            ],
            [
              287881.09630000126,
              545166.52809999883
            ],
            [
              287880.41229999997,
              545171.005400002
            ],
            [
              287876.78420000058,
              545175.40729999915
            ],
            [
              287874.64439999964,
              545178.72599999979
            ],
            [
              287871.89550000057,
              545182.78189999983
            ],
            [
              287868.77929999866,
              545187.27800000273
            ],
            [
              287865.09170000069,
              545190.61370000243
            ],
            [
              287862.23910000082,
              545193.60290000029
            ],
            [
              287858.54549999908,
              545196.67200000025
            ],
            [
              287855.61640000064,
              545201.03690000065
            ],
            [
              287852.46710000187,
              545205.32180000097
            ],
            [
              287847.52430000063,
              545210.28700000234
            ],
            [
              287843.84860000014,
              545214.16669999994
            ],
            [
              287839.78880000021,
              545217.57609999739
            ],
            [
              287835.78980000224,
              545221.09720000066
            ],
            [
              287831.68250000011,
              545223.98440000415
            ],
            [
              287827.55800000019,
              545225.98340000212
            ],
            [
              287823.28210000042,
              545227.23709999956
            ],
            [
              287818.09650000092,
              545226.70510000177
            ],
            [
              287812.16910000052,
              545226.07650000416
            ],
            [
              287805.45999999996,
              545225.77270000055
            ],
            [
              287800.60410000011,
              545224.16750000417
            ],
            [
              287795.33710000198,
              545222.96869999915
            ],
            [
              287790.62949999887,
              545222.39220000058
            ],
            [
              287787.23720000219,
              545228.14510000125
            ],
            [
              287786.21870000008,
              545238.86720000021
            ],
            [
              287786.21870000008,
              545246.96490000002
            ],
            [
              287786.21870000008,
              545254.0064000003
            ],
            [
              287786.57079999987,
              545259.9916999992
            ],
            [
              287787.97910000104,
              545265.97699999809
            ],
            [
              287791.14780000038,
              545272.66640000045
            ],
            [
              287792.90810000058,
              545277.59549999982
            ],
            [
              287795.72470000014,
              545282.87659999914
            ],
            [
              287800.65380000044,
              545288.86190000176
            ],
            [
              287801.35790000018,
              545294.49510000087
            ],
            [
              287802.06210000161,
              545302.24080000259
            ],
            [
              287805.93490000069,
              545311.04270000197
            ],
            [
              287809.80779999867,
              545320.90080000088
            ],
            [
              287807.69529999979,
              545330.75889999978
            ],
            [
              287789.0353000015,
              545349.41890000179
            ],
            [
              287776.36060000118,
              545365.96650000103
            ],
            [
              287764.03790000081,
              545376.17669999972
            ],
            [
              287749.60280000046,
              545388.85139999911
            ],
            [
              287731.64700000081,
              545399.41370000318
            ],
            [
              287723.90130000003,
              545403.28650000133
            ],
            [
              287715.80360000115,
              545406.45519999973
            ],
            [
              287706.64960000012,
              545409.62390000187
            ],
            [
              287699.60810000077,
              545415.25709999911
            ],
            [
              287692.21449999977,
              545419.4820000045
            ],
            [
              287683.41260000132,
              545420.18610000052
            ],
            [
              287675.31489999965,
              545420.53820000216
            ],
            [
              287668.97750000097,
              545422.29860000126
            ],
            [
              287658.76730000228,
              545428.28390000015
            ],
            [
              287639.05110000074,
              545443.77520000003
            ],
            [
              287634.21700000111,
              545458.26570000127
            ],
            [
              287633.98959999997,
              545465.58960000053
            ],
            [
              287632.79970000125,
              545469.4178000018
            ],
            [
              287631.44320000056,
              545472.26740000211
            ],
            [
              287626.88229999971,
              545475.41640000045
            ],
            [
              287622.35570000112,
              545480.35280000232
            ],
            [
              287617.93099999987,
              545484.002700001
            ],
            [
              287613.71219999995,
              545486.57799999975
            ],
            [
              287608.63709999993,
              545490.68730000034
            ],
            [
              287605.89760000072,
              545494.71020000242
            ],
            [
              287604.02950000018,
              545498.28700000234
            ],
            [
              287600.52790000103,
              545503.30090000108
            ],
            [
              287596.41040000133,
              545508.00860000029
            ],
            [
              287594.54040000215,
              545510.93050000258
            ],
            [
              287589.8451000005,
              545516.34250000119
            ],
            [
              287586.06670000032,
              545520.35449999943
            ],
            [
              287583.8517000014,
              545524.11640000343
            ],
            [
              287581.28140000068,
              545528.45190000348
            ],
            [
              287579.25510000065,
              545532.34899999946
            ],
            [
              287577.42950000055,
              545536.08170000277
            ],
            [
              287575.64530000091,
              545540.08130000159
            ],
            [
              287573.06130000111,
              545544.46100000106
            ],
            [
              287571.02100000065,
              545548.42460000142
            ],
            [
              287565.97979999986,
              545552.68960000016
            ],
            [
              287562.93030000106,
              545557.59730000049
            ],
            [
              287554.88300000131,
              545559.27760000154
            ],
            [
              287550.41710000113,
              545564.54790000059
            ],
            [
              287546.1727,
              545567.66679999977
            ],
            [
              287545.46879999992,
              545573.22070000134
            ],
            [
              287546.26370000001,
              545577.94120000117
            ],
            [
              287546.24980000034,
              545583.05270000175
            ],
            [
              287546.48990000226,
              545586.2966000028
            ],
            [
              287544.28300000168,
              545589.29270000197
            ],
            [
              287541.33000000101,
              545593.44100000337
            ],
            [
              287538.06060000043,
              545597.39719999954
            ],
            [
              287536.94010000117,
              545601.35940000042
            ],
            [
              287536.50890000071,
              545604.52949999832
            ],
            [
              287535.5633000005,
              545608.67109999992
            ],
            [
              287532.30810000002,
              545612.96610000171
            ],
            [
              287528.89620000031,
              545617.02630000375
            ],
            [
              287527.6763000004,
              545622.0418999996
            ],
            [
              287525.94140000176,
              545625.56469999999
            ],
            [
              287522.92119999975,
              545629.37370000221
            ],
            [
              287521.2976000011,
              545634.08540000208
            ],
            [
              287517.1716,
              545636.25110000186
            ],
            [
              287513.18410000112,
              545640.39400000125
            ],
            [
              287509.32899999991,
              545647.08040000126
            ],
            [
              287505.82600000128,
              545653.31080000289
            ],
            [
              287501.48990000039,
              545662.24600000121
            ],
            [
              287494.5390000008,
              545677.53409999982
            ],
            [
              287492.82039999962,
              545681.31409999728
            ],
            [
              287493.41310000047,
              545694.11750000343
            ],
            [
              287493.65550000127,
              545700.61610000208
            ],
            [
              287494.2901000008,
              545704.04379999824
            ],
            [
              287495.28110000025,
              545709.39700000174
            ],
            [
              287495.9944000002,
              545717.95639999956
            ],
            [
              287494.74320000131,
              545728.87049999833
            ],
            [
              287493.88990000077,
              545734.55569999851
            ],
            [
              287494.13710000087,
              545738.98610000126
            ],
            [
              287494.3300999999,
              545742.44590000249
            ],
            [
              287496.23220000044,
              545749.57870000042
            ],
            [
              287496.94550000131,
              545758.37590000033
            ],
            [
              287498.1343000019,
              545765.27099999972
            ],
            [
              287501.9385000011,
              545771.45280000195
            ],
            [
              287506.93150000088,
              545777.63460000046
            ],
            [
              287514.06430000067,
              545782.86540000327
            ],
            [
              287520.48390000127,
              545785.71859999932
            ],
            [
              287526.42790000048,
              545788.33390000276
            ],
            [
              287531.65870000049,
              545791.1871000044
            ],
            [
              287537.84050000086,
              545792.85140000097
            ],
            [
              287546.94620000105,
              545793.42049999908
            ],
            [
              287554.38150000013,
              545806.60510000028
            ],
            [
              287560.42790000048,
              545825.90030000359
            ],
            [
              287557.57479999959,
              545853.48069999926
            ],
            [
              287550.44190000091,
              545864.65550000034
            ],
            [
              287543.78460000083,
              545870.36180000007
            ],
            [
              287538.79160000104,
              545873.45270000398
            ],
            [
              287531.42090000026,
              545878.20790000074
            ],
            [
              287525.71470000129,
              545884.1520000007
            ],
            [
              287519.09330000076,
              545891.44310000353
            ],
            [
              287495.42880000081,
              545909.9411999993
            ],
            [
              287490.68850000016,
              545912.95240000077
            ],
            [
              287486.2462000018,
              545915.77430000156
            ],
            [
              287477.92450000066,
              545920.76730000228
            ],
            [
              287471.50490000006,
              545922.66940000094
            ],
            [
              287463.42100000102,
              545925.52260000259
            ],
            [
              287455.81269999966,
              545926.94910000078
            ],
            [
              287445.35110000148,
              545928.61350000277
            ],
            [
              287438.2183000017,
              545930.03999999911
            ],
            [
              287429.18329999968,
              545931.94210000336
            ],
            [
              287419.43510000128,
              545933.13089999929
            ],
            [
              287410.61520000175,
              545932.07689999975
            ],
            [
              287404.34410000127,
              545932.73440000229
            ],
            [
              287399.9347000001,
              545928.40949999914
            ],
            [
              287394.4701000005,
              545923.38269999996
            ],
            [
              287390.90369999968,
              545913.15890000015
            ],
            [
              287382.30160000082,
              545900.99680000171
            ],
            [
              287378.10890000034,
              545895.06900000013
            ],
            [
              287358.69560000021,
              545873.8786999993
            ],
            [
              287352.80130000133,
              545870.13160000183
            ],
            [
              287347.39769999962,
              545865.1241999995
            ],
            [
              287343.25420000125,
              545861.3842999991
            ],
            [
              287338.32550000027,
              545855.78240000084
            ],
            [
              287333.87629999965,
              545852.5278000012
            ],
            [
              287330.14059999958,
              545849.53590000421
            ],
            [
              287327.27810000069,
              545843.37850000151
            ],
            [
              287323.54310000129,
              545838.63280000165
            ],
            [
              287320.95179999992,
              545831.91210000403
            ],
            [
              287314.66069999989,
              545825.10930000059
            ],
            [
              287309.88410000224,
              545820.59580000117
            ],
            [
              287305.16019999981,
              545813.16460000351
            ],
            [
              287304.11870000046,
              545805.01970000193
            ],
            [
              287303.58770000096,
              545796.98600000143
            ],
            [
              287300.64520000108,
              545790.02850000001
            ],
            [
              287301.63900000043,
              545782.10209999979
            ],
            [
              287298.72460000031,
              545776.67680000141
            ],
            [
              287296.49450000096,
              545770.93680000305
            ],
            [
              287293.5438000001,
              545766.44350000098
            ],
            [
              287289.26910000015,
              545761.7143000029
            ],
            [
              287283.25860000029,
              545757.23340000212
            ],
            [
              287280.08600000013,
              545752.81550000235
            ],
            [
              287275.31590000074,
              545749.79069999978
            ],
            [
              287271.74730000086,
              545745.19100000151
            ],
            [
              287268.30330000073,
              545743.04590000212
            ],
            [
              287264.67970000021,
              545740.73230000213
            ],
            [
              287258.76470000111,
              545734.30990000255
            ],
            [
              287253.29079999961,
              545727.88110000268
            ],
            [
              287251.47169999965,
              545720.55790000036
            ],
            [
              287249.62519999966,
              545718.15160000138
            ],
            [
              287239.75620000064,
              545688.03749999963
            ],
            [
              287234.80390000157,
              545676.89479999989
            ],
            [
              287231.70870000031,
              545669.46639999934
            ],
            [
              287222.42320000008,
              545662.65699999966
            ],
            [
              287214.99469999969,
              545652.75240000151
            ],
            [
              287208.18530000094,
              545643.46690000221
            ],
            [
              287198.28070000093,
              545626.75290000439
            ],
            [
              287192.70940000098,
              545604.46760000102
            ],
            [
              287188.37620000076,
              545592.08680000342
            ]
          ]
        ]
      }
    }
  ]
}