{
  "displayFieldName" : "",
  "fieldAliases" : {
    "FID" : "FID",
    "PMNTN_SN" : "PMNTN_SN",
    "MNTN_CODE" : "MNTN_CODE",
    "MNTN_NM" : "MNTN_NM",
    "PMNTN_NM" : "PMNTN_NM",
    "PMNTN_MAIN" : "PMNTN_MAIN",
    "PMNTN_LT" : "PMNTN_LT",
    "PMNTN_DFFL" : "PMNTN_DFFL",
    "PMNTN_UPPL" : "PMNTN_UPPL",
    "PMNTN_GODN" : "PMNTN_GODN",
    "PMNTN_MTRQ" : "PMNTN_MTRQ",
    "PMNTN_CNRL" : "PMNTN_CNRL",
    "PMNTN_CLS_" : "PMNTN_CLS_",
    "PMNTN_RISK" : "PMNTN_RISK",
    "PMNTN_RECO" : "PMNTN_RECO",
    "DATA_STDR_" : "DATA_STDR_",
    "MNTN_ID" : "MNTN_ID"
  },
  "geometryType" : "esriGeometryPolyline",
  "spatialReference" : {
    "wkt" : "PROJCS[\"PCS_ITRF2000_TM\",GEOGCS[\"GCS_ITRF_2000\",DATUM[\"D_ITRF_2000\",SPHEROID[\"GRS_1980\",6378137.0,298.257222101]],PRIMEM[\"Greenwich\",0.0],UNIT[\"Degree\",0.0174532925199433]],PROJECTION[\"Transverse_Mercator\"],PARAMETER[\"False_Easting\",200000.0],PARAMETER[\"False_Northing\",600000.0],PARAMETER[\"Central_Meridian\",127.0],PARAMETER[\"Scale_Factor\",1.0],PARAMETER[\"Latitude_Of_Origin\",38.0],UNIT[\"Meter\",1.0]]"
  },
  "fields" : [
    {
      "name" : "FID",
      "type" : "esriFieldTypeOID",
      "alias" : "FID"
    },
    {
      "name" : "PMNTN_SN",
      "type" : "esriFieldTypeDouble",
      "alias" : "PMNTN_SN"
    },
    {
      "name" : "MNTN_CODE",
      "type" : "esriFieldTypeString",
      "alias" : "MNTN_CODE",
      "length" : 9
    },
    {
      "name" : "MNTN_NM",
      "type" : "esriFieldTypeString",
      "alias" : "MNTN_NM",
      "length" : 50
    },
    {
      "name" : "PMNTN_NM",
      "type" : "esriFieldTypeString",
      "alias" : "PMNTN_NM",
      "length" : 50
    },
    {
      "name" : "PMNTN_MAIN",
      "type" : "esriFieldTypeString",
      "alias" : "PMNTN_MAIN",
      "length" : 200
    },
    {
      "name" : "PMNTN_LT",
      "type" : "esriFieldTypeSingle",
      "alias" : "PMNTN_LT"
    },
    {
      "name" : "PMNTN_DFFL",
      "type" : "esriFieldTypeString",
      "alias" : "PMNTN_DFFL",
      "length" : 8
    },
    {
      "name" : "PMNTN_UPPL",
      "type" : "esriFieldTypeDouble",
      "alias" : "PMNTN_UPPL"
    },
    {
      "name" : "PMNTN_GODN",
      "type" : "esriFieldTypeDouble",
      "alias" : "PMNTN_GODN"
    },
    {
      "name" : "PMNTN_MTRQ",
      "type" : "esriFieldTypeString",
      "alias" : "PMNTN_MTRQ",
      "length" : 200
    },
    {
      "name" : "PMNTN_CNRL",
      "type" : "esriFieldTypeString",
      "alias" : "PMNTN_CNRL",
      "length" : 1
    },
    {
      "name" : "PMNTN_CLS_",
      "type" : "esriFieldTypeString",
      "alias" : "PMNTN_CLS_",
      "length" : 1
    },
    {
      "name" : "PMNTN_RISK",
      "type" : "esriFieldTypeString",
      "alias" : "PMNTN_RISK",
      "length" : 200
    },
    {
      "name" : "PMNTN_RECO",
      "type" : "esriFieldTypeString",
      "alias" : "PMNTN_RECO",
      "length" : 1
    },
    {
      "name" : "DATA_STDR_",
      "type" : "esriFieldTypeString",
      "alias" : "DATA_STDR_",
      "length" : 10
    },
    {
      "name" : "MNTN_ID",
      "type" : "esriFieldTypeString",
      "alias" : "MNTN_ID",
      "length" : 10
    }
  ],
  "features" : [
    {
      "attributes" : {
        "FID" : 0,
        "PMNTN_SN" : 10438,
        "MNTN_CODE" : "482706201",
        "MNTN_NM" : "능동산",
        "PMNTN_NM" : " ",
        "PMNTN_MAIN" : " ",
        "PMNTN_LT" : 0.93,
        "PMNTN_DFFL" : "쉬움",
        "PMNTN_UPPL" : 16,
        "PMNTN_GODN" : 11,
        "PMNTN_MTRQ" : " ",
        "PMNTN_CNRL" : " ",
        "PMNTN_CLS_" : " ",
        "PMNTN_RISK" : " ",
        "PMNTN_RECO" : " ",
        "DATA_STDR_" : "2016-12-31",
        "MNTN_ID" : "317101001"
      },
      "geometry" : {
        "paths" : [
          [
            [
              381828.67229999974,
              333013.6157000009
            ],
            [
              381845.47740000114,
              333022.58290000074
            ],
            [
              381853.4589000009,
              333026.50930000097
            ],
            [
              381863.31940000225,
              333027.46250000037
            ],
            [
              381871.12510000076,
              333027.01710000262
            ],
            [
              381880.28250000067,
              333025.76690000109
            ],
            [
              381894.393600001,
              333022.23920000158
            ],
            [
              381904.97699999996,
              333017.53540000133
            ],
            [
              381914.3844000008,
              333016.35950000025
            ],
            [
              381923.7918999996,
              333018.71140000038
            ],
            [
              381936.72710000072,
              333024.59100000188
            ],
            [
              381947.31040000077,
              333029.29470000044
            ],
            [
              381960.24560000189,
              333033.99840000272
            ],
            [
              381970.82900000084,
              333037.5262000002
            ],
            [
              381979.06050000153,
              333041.05400000326
            ],
            [
              381991.99569999985,
              333044.58180000074
            ],
            [
              382002.72750000004,
              333047.35950000398
            ],
            [
              382016.83860000037,
              333050.59039999917
            ],
            [
              382026.71879999992,
              333055.6456000004
            ],
            [
              382033.27430000063,
              333070.0538000036
            ],
            [
              382039.5055000009,
              333081.31300000101
            ],
            [
              382044.13500000164,
              333095.14670000039
            ],
            [
              382052.61660000123,
              333107.83190000243
            ],
            [
              382061.44969999976,
              333125.72079999931
            ],
            [
              382069.93120000139,
              333138.65610000119
            ],
            [
              382077.83849999961,
              333152.76719999872
            ],
            [
              382084.89400000125,
              333164.52650000341
            ],
            [
              382089.59769999981,
              333173.93390000239
            ],
            [
              382093.12550000008,
              333182.16540000029
            ],
            [
              382096.65330000035,
              333190.39690000005
            ],
            [
              382101.35700000077,
              333197.4525000006
            ],
            [
              382108.41260000132,
              333206.85990000144
            ],
            [
              382116.64410000201,
              333219.79509999976
            ],
            [
              382125.4226000011,
              333229.62840000354
            ],
            [
              382132.62660000101,
              333239.18420000188
            ],
            [
              382140.38540000096,
              333249.2675999999
            ],
            [
              382147.01510000136,
              333254.89710000344
            ],
            [
              382150.74600000214,
              333259.77669999935
            ],
            [
              382161.32940000109,
              333266.83220000006
            ],
            [
              382174.76470000111,
              333277.63829999976
            ],
            [
              382183.24619999994,
              333281.84190000221
            ],
            [
              382195.43130000029,
              333284.47120000049
            ],
            [
              382209.19089999981,
              333288.85060000233
            ],
            [
              382220.1258000005,
              333293.87860000134
            ],
            [
              382234.23690000083,
              333300.93420000188
            ],
            [
              382244.82029999979,
              333310.63849999942
            ],
            [
              382254.2276999997,
              333316.76820000075
            ],
            [
              382261.5607000012,
              333322.49929999933
            ],
            [
              382267.79190000053,
              333328.83220000006
            ],
            [
              382269.56940000132,
              333343.94339999929
            ],
            [
              382272.74570000079,
              333354.02680000104
            ],
            [
              382278.3479000004,
              333365.18439999968
            ],
            [
              382286.82940000109,
              333378.6939000003
            ],
            [
              382300.51470000017,
              333389.3515000008
            ],
            [
              382310.17219999991,
              333396.15700000152
            ],
            [
              382318.72790000122,
              333401.53659999929
            ],
            [
              382331.58900000062,
              333409.44380000234
            ],
            [
              382338.89450000133,
              333412.64729999937
            ],
            [
              382347.12600000203,
              333416.17510000244
            ],
            [
              382355.35749999993,
              333419.70289999992
            ],
            [
              382365.83930000011,
              333421.95320000127
            ],
            [
              382374.99680000078,
              333421.45310000144
            ],
            [
              382383.15400000103,
              333416.92520000227
            ],
            [
              382390.81120000221,
              333410.22120000422
            ],
            [
              382398.46840000059,
              333404.69319999963
            ],
            [
              382408.05159999989,
              333404.1930999998
            ],
            [
              382421.18210000079,
              333415.35080000013
            ],
            [
              382418.80300000031,
              333430.36050000042
            ],
            [
              382413.34920000006,
              333440.26800000109
            ],
            [
              382403.57060000207,
              333453.8048000019
            ],
            [
              382398.86689999886,
              333463.21230000071
            ],
            [
              382394.16320000123,
              333472.22120000422
            ],
            [
              382391.73699999973,
              333481.20270000212
            ],
            [
              382389.45950000081,
              333493.7864000015
            ],
            [
              382389.10790000111,
              333503.19380000234
            ],
            [
              382388.35780000128,
              333512.60120000131
            ],
            [
              382389.45950000081,
              333538.47170000151
            ]
          ]
        ]
      }
    },
    {
      "attributes" : {
        "FID" : 1,
        "PMNTN_SN" : 10439,
        "MNTN_CODE" : "482706201",
        "MNTN_NM" : "능동산",
        "PMNTN_NM" : "이천리구간",
        "PMNTN_MAIN" : " ",
        "PMNTN_LT" : 1.46,
        "PMNTN_DFFL" : "쉬움",
        "PMNTN_UPPL" : 31,
        "PMNTN_GODN" : 22,
        "PMNTN_MTRQ" : " ",
        "PMNTN_CNRL" : " ",
        "PMNTN_CLS_" : " ",
        "PMNTN_RISK" : " ",
        "PMNTN_RECO" : " ",
        "DATA_STDR_" : "2016-12-31",
        "MNTN_ID" : "317101001"
      },
      "geometry" : {
        "paths" : [
          [
            [
              383735.77480000164,
              333446.48320000246
            ],
            [
              383722.12019999977,
              333434.7629000023
            ],
            [
              383710.63630000129,
              333436.11900000088
            ],
            [
              383697.1464000009,
              333433.28670000099
            ],
            [
              383688.25850000046,
              333426.48110000044
            ],
            [
              383678.925400001,
              333414.02640000172
            ],
            [
              383669.24060000014,
              333407.64670000039
            ],
            [
              383657.75870000198,
              333405.19329999946
            ],
            [
              383642.57320000138,
              333400.98960000277
            ],
            [
              383627.71190000139,
              333398.53620000184
            ],
            [
              383618.30449999962,
              333397.36030000076
            ],
            [
              383599.9896999998,
              333395.15690000169
            ],
            [
              383582.29609999992,
              333391.92600000463
            ],
            [
              383568.53660000209,
              333385.32360000163
            ],
            [
              383550.57339999918,
              333374.01750000194
            ],
            [
              383537.03650000226,
              333365.13749999925
            ],
            [
              383526.2304999996,
              333360.08210000023
            ],
            [
              383514.3227000013,
              333354.45260000043
            ],
            [
              383503.06350000016,
              333346.79540000297
            ],
            [
              383491.30420000106,
              333340.91570000164
            ],
            [
              383473.66530000046,
              333332.68420000002
            ],
            [
              383461.90600000136,
              333331.5083000008
            ],
            [
              383451.3227000013,
              333331.5083000008
            ],
            [
              383432.50779999886,
              333335.03609999828
            ],
            [
              383424.27630000096,
              333335.03609999828
            ],
            [
              383413.6930000009,
              333335.03609999828
            ],
            [
              383405.46150000021,
              333335.03609999828
            ],
            [
              383388.99850000162,
              333315.04529999942
            ],
            [
              383378.41509999987,
              333292.70270000026
            ],
            [
              383366.6558000017,
              333280.94340000115
            ],
            [
              383346.6651000008,
              333271.53590000235
            ],
            [
              383325.49840000179,
              333262.12850000337
            ],
            [
              383310.21130000055,
              333253.89700000174
            ],
            [
              383287.86870000139,
              333242.13770000264
            ],
            [
              383269.05379999895,
              333235.08220000193
            ],
            [
              383254.94270000141,
              333229.2025000006
            ],
            [
              383246.71120000072,
              333225.67470000125
            ],
            [
              383239.65559999924,
              333220.97100000456
            ],
            [
              383227.89630000107,
              333215.0914000012
            ],
            [
              383210.25739999954,
              333209.2117999997
            ],
            [
              383202.02589999977,
              333206.85990000144
            ],
            [
              383192.6185000008,
              333205.68400000222
            ],
            [
              383177.33139999956,
              333193.92470000312
            ],
            [
              383172.62769999914,
              333186.86910000257
            ],
            [
              383166.7480000006,
              333175.10980000347
            ],
            [
              383164.39620000124,
              333165.70240000263
            ],
            [
              383156.16470000055,
              333143.35979999974
            ],
            [
              383149.1091,
              333137.48010000214
            ],
            [
              383139.70170000196,
              333136.3041999992
            ],
            [
              383127.94240000099,
              333146.88760000095
            ],
            [
              383122.06280000042,
              333157.47090000287
            ],
            [
              383115.00719999988,
              333169.23020000011
            ],
            [
              383107.95160000119,
              333176.28580000252
            ],
            [
              383097.36830000114,
              333180.98949999921
            ],
            [
              383080.90529999975,
              333185.69320000149
            ],
            [
              383067.97009999957,
              333190.39690000005
            ],
            [
              383056.21080000047,
              333195.10060000233
            ],
            [
              383045.62739999872,
              333198.62839999981
            ],
            [
              383030.34040000103,
              333202.15619999915
            ],
            [
              383012.70140000153,
              333205.68400000222
            ],
            [
              382993.88660000078,
              333209.2117999997
            ],
            [
              382977.42360000126,
              333210.3877000045
            ],
            [
              382969.19210000057,
              333213.91550000198
            ],
            [
              382957.4327999996,
              333213.91550000198
            ],
            [
              382948.02539999969,
              333215.0914000012
            ],
            [
              382935.09020000137,
              333217.44320000149
            ],
            [
              382926.85870000068,
              333220.97100000456
            ],
            [
              382913.92349999957,
              333225.67470000125
            ],
            [
              382905.69200000167,
              333231.55440000258
            ],
            [
              382896.28450000007,
              333237.43400000036
            ],
            [
              382888.62730000075,
              333243.98950000107
            ],
            [
              382879.21990000084,
              333255.74880000018
            ],
            [
              382872.16430000216,
              333265.15620000102
            ],
            [
              382865.10870000161,
              333275.73960000463
            ],
            [
              382858.22900000028,
              333287.49880000018
            ],
            [
              382853.34950000141,
              333297.6564000044
            ],
            [
              382845.71960000135,
              333311.51750000194
            ],
            [
              382839.84000000078,
              333322.10089999996
            ],
            [
              382833.96030000038,
              333333.8601000011
            ],
            [
              382824.55289999954,
              333345.6194000002
            ],
            [
              382815.1454999987,
              333357.37870000303
            ],
            [
              382809.26580000017,
              333364.43429999799
            ],
            [
              382801.03430000227,
              333375.0175999999
            ],
            [
              382790.45100000221,
              333382.07320000045
            ],
            [
              382777.5158000011,
              333391.48059999943
            ],
            [
              382769.28430000041,
              333396.18430000357
            ],
            [
              382762.22869999986,
              333400.8881000001
            ],
            [
              382755.17310000118,
              333407.94360000081
            ],
            [
              382748.11760000139,
              333414.99920000136
            ],
            [
              382741.06200000085,
              333422.05480000377
            ],
            [
              382728.12679999974,
              333430.2862999998
            ],
            [
              382717.54340000078,
              333437.34180000052
            ],
            [
              382709.31190000009,
              333445.57330000214
            ],
            [
              382703.43230000045,
              333453.8048000019
            ],
            [
              382697.55269999988,
              333463.21230000071
            ],
            [
              382679.91370000038,
              333473.79560000263
            ],
            [
              382670.50630000047,
              333478.49929999933
            ],
            [
              382650.51550000068,
              333490.25860000215
            ],
            [
              382642.28399999999,
              333498.49009999819
            ],
            [
              382634.05250000209,
              333507.89750000462
            ],
            [
              382625.82100000139,
              333519.65680000186
            ],
            [
              382619.94140000083,
              333529.0642000027
            ],
            [
              382615.23770000134,
              333536.11979999952
            ],
            [
              382605.8303000005,
              333547.87910000235
            ],
            [
              382599.95060000196,
              333556.11060000397
            ],
            [
              382594.07100000139,
              333569.04580000229
            ],
            [
              382589.3673000019,
              333581.98100000061
            ]
          ]
        ]
      }
    },
    {
      "attributes" : {
        "FID" : 2,
        "PMNTN_SN" : 10440,
        "MNTN_CODE" : "482706201",
        "MNTN_NM" : "능동산",
        "PMNTN_NM" : " ",
        "PMNTN_MAIN" : " ",
        "PMNTN_LT" : 0.05,
        "PMNTN_DFFL" : "쉬움",
        "PMNTN_UPPL" : 1,
        "PMNTN_GODN" : 1,
        "PMNTN_MTRQ" : " ",
        "PMNTN_CNRL" : " ",
        "PMNTN_CLS_" : " ",
        "PMNTN_RISK" : " ",
        "PMNTN_RECO" : " ",
        "DATA_STDR_" : "2016-12-31",
        "MNTN_ID" : "317101001"
      },
      "geometry" : {
        "paths" : [
          [
            [
              382389.45950000081,
              333538.47170000151
            ],
            [
              382399.83970000129,
              333540.10080000013
            ],
            [
              382408.74699999951,
              333548.80500000156
            ],
            [
              382417.68169999961,
              333560.81430000067
            ],
            [
              382422.38540000003,
              333571.39770000055
            ]
          ]
        ]
      }
    },
    {
      "attributes" : {
        "FID" : 3,
        "PMNTN_SN" : 10441,
        "MNTN_CODE" : "482706201",
        "MNTN_NM" : "능동산",
        "PMNTN_NM" : " ",
        "PMNTN_MAIN" : " ",
        "PMNTN_LT" : 0.18,
        "PMNTN_DFFL" : "쉬움",
        "PMNTN_UPPL" : 3,
        "PMNTN_GODN" : 2,
        "PMNTN_MTRQ" : " ",
        "PMNTN_CNRL" : " ",
        "PMNTN_CLS_" : " ",
        "PMNTN_RISK" : " ",
        "PMNTN_RECO" : " ",
        "DATA_STDR_" : "2016-12-31",
        "MNTN_ID" : "317101001"
      },
      "geometry" : {
        "paths" : [
          [
            [
              382589.3673000019,
              333581.98100000061
            ],
            [
              382582.31170000043,
              333592.56440000422
            ],
            [
              382564.67279999983,
              333597.26810000092
            ],
            [
              382548.20980000123,
              333598.444000002
            ],
            [
              382538.80229999963,
              333598.444000002
            ],
            [
              382529.39490000159,
              333598.444000002
            ],
            [
              382518.81160000153,
              333597.26810000092
            ],
            [
              382497.64489999972,
              333590.21250000037
            ],
            [
              382488.23740000091,
              333587.86070000194
            ],
            [
              382476.47809999995,
              333584.3329000026
            ],
            [
              382458.83920000121,
              333581.98100000061
            ],
            [
              382449.43180000037,
              333581.98100000061
            ],
            [
              382441.20029999968,
              333580.80510000139
            ],
            [
              382422.38540000003,
              333571.39770000055
            ]
          ]
        ]
      }
    },
    {
      "attributes" : {
        "FID" : 4,
        "PMNTN_SN" : 10442,
        "MNTN_CODE" : "482706201",
        "MNTN_NM" : "능동산",
        "PMNTN_NM" : " ",
        "PMNTN_MAIN" : " ",
        "PMNTN_LT" : 0.87,
        "PMNTN_DFFL" : "쉬움",
        "PMNTN_UPPL" : 15,
        "PMNTN_GODN" : 11,
        "PMNTN_MTRQ" : " ",
        "PMNTN_CNRL" : " ",
        "PMNTN_CLS_" : " ",
        "PMNTN_RISK" : " ",
        "PMNTN_RECO" : " ",
        "DATA_STDR_" : "2016-12-31",
        "MNTN_ID" : "317101001"
      },
      "geometry" : {
        "paths" : [
          [
            [
              383086.36040000059,
              333799.00049999915
            ],
            [
              383101.24909999967,
              333782.63910000399
            ],
            [
              383115.45260000136,
              333774.28710000217
            ],
            [
              383133.22170000058,
              333773.27850000001
            ],
            [
              383143.35139999911,
              333777.52280000225
            ],
            [
              383150.24629999977,
              333779.61490000226
            ],
            [
              383154.95689999964,
              333775.45160000026
            ],
            [
              383164.50110000093,
              333773.35970000178
            ],
            [
              383175.30710000079,
              333779.02930000424
            ],
            [
              383184.54960000049,
              333789.40100000054
            ],
            [
              383207.18709999975,
              333801.64629999921
            ],
            [
              383245.11080000084,
              333825.4589000009
            ],
            [
              383282.15249999985,
              333846.62560000084
            ],
            [
              383316.7984000016,
              333856.59070000239
            ],
            [
              383350.06240000017,
              333851.91730000079
            ],
            [
              383386.22210000083,
              333833.3964000009
            ],
            [
              383441.31200000085,
              333799.54160000011
            ],
            [
              383474.41679999884,
              333778.71570000239
            ],
            [
              383502.63900000043,
              333756.66710000113
            ],
            [
              383529.97939999867,
              333731.09060000069
            ],
            [
              383561.95220000111,
              333699.64919999987
            ],
            [
              383609.31360000093,
              333633.41730000079
            ],
            [
              383647.63280000072,
              333588.20170000196
            ],
            [
              383682.55610000063,
              333559.1110999994
            ],
            [
              383703.72279999964,
              333537.06250000186
            ],
            [
              383705.61849999893,
              333507.86740000173
            ],
            [
              383710.1464000009,
              333482.35439999774
            ],
            [
              383714.74870000128,
              333475.7367000021
            ],
            [
              383716.38200000115,
              333463.71369999833
            ],
            [
              383727.5353000015,
              333458.56929999776
            ]
          ]
        ]
      }
    },
    {
      "attributes" : {
        "FID" : 5,
        "PMNTN_SN" : 10443,
        "MNTN_CODE" : "482706201",
        "MNTN_NM" : "능동산",
        "PMNTN_NM" : " ",
        "PMNTN_MAIN" : " ",
        "PMNTN_LT" : 1.19,
        "PMNTN_DFFL" : "쉬움",
        "PMNTN_UPPL" : 21,
        "PMNTN_GODN" : 15,
        "PMNTN_MTRQ" : " ",
        "PMNTN_CNRL" : " ",
        "PMNTN_CLS_" : " ",
        "PMNTN_RISK" : " ",
        "PMNTN_RECO" : " ",
        "DATA_STDR_" : "2016-12-31",
        "MNTN_ID" : "317101001"
      },
      "geometry" : {
        "paths" : [
          [
            [
              383425.9096999988,
              334879.38460000232
            ],
            [
              383417.09030000027,
              334832.64150000177
            ],
            [
              383400.33330000099,
              334783.2525000032
            ],
            [
              383396.80549999978,
              334752.38440000266
            ],
            [
              383400.33330000099,
              334674.77309999987
            ],
            [
              383393.27770000231,
              334607.74520000257
            ],
            [
              383373.87490000017,
              334545.12700000033
            ],
            [
              383345.65259999968,
              334489.56440000236
            ],
            [
              383309.49280000012,
              334436.64760000072
            ],
            [
              383277.74280000106,
              334404.01559999958
            ],
            [
              383231.88159999996,
              334355.50860000215
            ],
            [
              383195.72179999948,
              334294.65430000052
            ],
            [
              383140.15919999965,
              334241.73750000447
            ],
            [
              383111.93690000009,
              334192.34850000031
            ],
            [
              383096.94379999954,
              334133.25809999928
            ],
            [
              383088.12430000212,
              334048.59129999951
            ],
            [
              383083.71460000053,
              333978.91750000045
            ],
            [
              383080.18679999933,
              333941.8758000005
            ],
            [
              383085.47850000113,
              333911.88959999941
            ],
            [
              383096.06180000212,
              333879.25760000199
            ],
            [
              383103.99940000009,
              333851.03530000336
            ],
            [
              383086.36040000059,
              333799.00049999915
            ]
          ]
        ]
      }
    },
    {
      "attributes" : {
        "FID" : 6,
        "PMNTN_SN" : 10444,
        "MNTN_CODE" : "482706201",
        "MNTN_NM" : "능동산",
        "PMNTN_NM" : " ",
        "PMNTN_MAIN" : " ",
        "PMNTN_LT" : 0.81,
        "PMNTN_DFFL" : "쉬움",
        "PMNTN_UPPL" : 14,
        "PMNTN_GODN" : 10,
        "PMNTN_MTRQ" : " ",
        "PMNTN_CNRL" : " ",
        "PMNTN_CLS_" : " ",
        "PMNTN_RISK" : " ",
        "PMNTN_RECO" : " ",
        "DATA_STDR_" : "2016-12-31",
        "MNTN_ID" : "317101001"
      },
      "geometry" : {
        "paths" : [
          [
            [
              381308.0131000001,
              332431.57860000432
            ],
            [
              381317.48480000068,
              332448.43620000221
            ],
            [
              381328.78350000083,
              332470.91579999961
            ],
            [
              381332.48319999967,
              332481.83789999969
            ],
            [
              381340.7396999998,
              332489.71790000051
            ],
            [
              381360.62890000083,
              332496.84830000065
            ],
            [
              381377.11589999963,
              332503.52410000004
            ],
            [
              381393.09010000061,
              332509.2053999994
            ],
            [
              381410.13390000165,
              332517.40780000202
            ],
            [
              381436.85940000135,
              332531.45120000094
            ],
            [
              381442.90189999994,
              332540.58430000022
            ],
            [
              381447.94420000073,
              332552.23850000277
            ],
            [
              381456.23680000007,
              332564.46230000257
            ],
            [
              381474.69049999956,
              332584.41620000079
            ],
            [
              381490.52199999988,
              332598.95780000091
            ],
            [
              381494.41520000063,
              332604.27979999967
            ],
            [
              381505.61870000046,
              332612.45629999973
            ],
            [
              381518.86410000082,
              332622.3935000021
            ],
            [
              381538.97640000004,
              332634.50579999946
            ],
            [
              381551.10979999881,
              332638.70770000108
            ],
            [
              381556.1520999996,
              332647.34070000425
            ],
            [
              381558.67320000101,
              332670.65609999932
            ],
            [
              381565.1950000003,
              332695.99270000122
            ],
            [
              381578.48830000032,
              332716.14800000191
            ],
            [
              381588.6007000003,
              332729.21210000291
            ],
            [
              381593.57749999966,
              332741.44590000249
            ],
            [
              381596.39329999965,
              332753.86790000275
            ],
            [
              381600.91470000148,
              332763.50109999999
            ],
            [
              381612.70779999997,
              332781.97560000047
            ],
            [
              381621.07000000123,
              332794.51879999973
            ],
            [
              381636.43300000019,
              332815.31310000084
            ],
            [
              381647.40660000127,
              332821.3554999996
            ],
            [
              381680.97330000065,
              332850.58140000142
            ],
            [
              381691.42600000184,
              332863.12459999882
            ],
            [
              381704.05950000044,
              332866.66680000164
            ],
            [
              381711.85209999979,
              332873.70930000022
            ],
            [
              381726.2359000016,
              332892.36440000124
            ],
            [
              381736.18849999923,
              332904.81740000099
            ],
            [
              381746.82180000097,
              332921.04160000198
            ],
            [
              381759.36500000115,
              332935.6753999982
            ],
            [
              381773.99880000111,
              332954.49019999988
            ],
            [
              381790.8133999994,
              332978.73630000278
            ],
            [
              381802.76630000118,
              332991.27950000018
            ],
            [
              381828.67229999974,
              333013.6157000009
            ]
          ]
        ]
      }
    },
    {
      "attributes" : {
        "FID" : 7,
        "PMNTN_SN" : 10445,
        "MNTN_CODE" : "482706201",
        "MNTN_NM" : "능동산",
        "PMNTN_NM" : " ",
        "PMNTN_MAIN" : " ",
        "PMNTN_LT" : 0.83,
        "PMNTN_DFFL" : "쉬움",
        "PMNTN_UPPL" : 15,
        "PMNTN_GODN" : 10,
        "PMNTN_MTRQ" : " ",
        "PMNTN_CNRL" : " ",
        "PMNTN_CLS_" : " ",
        "PMNTN_RISK" : " ",
        "PMNTN_RECO" : " ",
        "DATA_STDR_" : "2016-12-31",
        "MNTN_ID" : "317101001"
      },
      "geometry" : {
        "paths" : [
          [
            [
              381828.67229999974,
              333013.6157000009
            ],
            [
              381837.62480000127,
              333025.06850000285
            ],
            [
              381855.34920000192,
              333037.61170000024
            ],
            [
              381872.5736000007,
              333049.15479999967
            ],
            [
              381889.29800000135,
              333061.69810000062
            ],
            [
              381906.0223000003,
              333074.24129999802
            ],
            [
              381928.76819999982,
              333088.53480000049
            ],
            [
              381939.470900001,
              333097.23720000125
            ],
            [
              381955.94519999996,
              333108.68999999762
            ],
            [
              381970.23860000167,
              333126.75480000116
            ],
            [
              381985.37250000145,
              333141.97890000045
            ],
            [
              381998.00600000005,
              333155.77229999751
            ],
            [
              382009.36849999987,
              333176.42769999802
            ],
            [
              382019.48090000078,
              333196.83300000057
            ],
            [
              382020.66160000116,
              333212.21690000221
            ],
            [
              382025.18300000019,
              333226.8507000003
            ],
            [
              382031.45460000169,
              333241.48440000042
            ],
            [
              382039.81680000015,
              333256.11820000224
            ],
            [
              382046.08840000164,
              333272.84250000119
            ],
            [
              382050.2695000004,
              333287.47629999928
            ],
            [
              382054.4506000001,
              333306.29120000266
            ],
            [
              382064.90319999959,
              333320.92490000278
            ],
            [
              382068.48360000178,
              333329.27910000458
            ],
            [
              382071.17489999998,
              333335.558699999
            ],
            [
              382079.28699999955,
              333346.10160000063
            ],
            [
              382095.47740000021,
              333352.67500000075
            ],
            [
              382115.4682,
              333351.49909999967
            ],
            [
              382126.05150000006,
              333346.79540000297
            ],
            [
              382132.31750000175,
              333344.91560000181
            ],
            [
              382137.81080000103,
              333343.2675999999
            ],
            [
              382146.04230000172,
              333343.2675999999
            ],
            [
              382161.32940000109,
              333346.79540000297
            ],
            [
              382171.91270000115,
              333350.32310000248
            ],
            [
              382181.32010000106,
              333355.02690000273
            ],
            [
              382194.25540000107,
              333360.90650000051
            ],
            [
              382202.48690000176,
              333366.78610000201
            ],
            [
              382209.54240000155,
              333373.84170000441
            ],
            [
              382220.1258000005,
              333383.24909999967
            ],
            [
              382226.00540000014,
              333393.83249999769
            ],
            [
              382231.88510000147,
              333406.7677000016
            ],
            [
              382237.76470000111,
              333416.17510000244
            ],
            [
              382244.82029999979,
              333422.05480000377
            ],
            [
              382251.87579999957,
              333426.75850000046
            ],
            [
              382262.45920000039,
              333430.2862999998
            ],
            [
              382274.21850000136,
              333433.81410000101
            ],
            [
              382284.80179999955,
              333437.34180000052
            ],
            [
              382293.03330000024,
              333439.69369999878
            ],
            [
              382301.26480000094,
              333443.22150000185
            ],
            [
              382318.90380000044,
              333450.27699999884
            ],
            [
              382327.13530000113,
              333453.8048000019
            ],
            [
              382337.71860000119,
              333460.86040000245
            ],
            [
              382345.95010000002,
              333466.74000000022
            ],
            [
              382353.00570000056,
              333474.97150000185
            ],
            [
              382361.23720000125,
              333486.73080000095
            ],
            [
              382368.29270000104,
              333500.84200000204
            ],
            [
              382371.82050000131,
              333509.0735000018
            ],
            [
              382377.70019999985,
              333523.1846000012
            ],
            [
              382382.40390000027,
              333531.41610000096
            ],
            [
              382389.45950000081,
              333538.47170000151
            ]
          ]
        ]
      }
    },
    {
      "attributes" : {
        "FID" : 8,
        "PMNTN_SN" : 10446,
        "MNTN_CODE" : "482706201",
        "MNTN_NM" : "능동산",
        "PMNTN_NM" : " ",
        "PMNTN_MAIN" : " ",
        "PMNTN_LT" : 0.41,
        "PMNTN_DFFL" : "쉬움",
        "PMNTN_UPPL" : 7,
        "PMNTN_GODN" : 5,
        "PMNTN_MTRQ" : " ",
        "PMNTN_CNRL" : " ",
        "PMNTN_CLS_" : " ",
        "PMNTN_RISK" : " ",
        "PMNTN_RECO" : " ",
        "DATA_STDR_" : "2016-12-31",
        "MNTN_ID" : "482700901"
      },
      "geometry" : {
        "paths" : [
          [
            [
              382422.38540000003,
              333571.39770000055
            ],
            [
              382423.56140000094,
              333581.98100000061
            ],
            [
              382423.56140000094,
              333591.38840000145
            ],
            [
              382423.56140000094,
              333599.61990000121
            ],
            [
              382430.61690000072,
              333611.37920000032
            ],
            [
              382435.32070000004,
              333618.43480000086
            ],
            [
              382443.83420000132,
              333628.01249999925
            ],
            [
              382450.60770000052,
              333637.24960000254
            ],
            [
              382461.19110000134,
              333646.65710000135
            ],
            [
              382475.3021999998,
              333654.88860000111
            ],
            [
              382489.41340000089,
              333654.88860000111
            ],
            [
              382497.64489999972,
              333654.88860000111
            ],
            [
              382507.05229999963,
              333654.88860000111
            ],
            [
              382515.28380000032,
              333654.88860000111
            ],
            [
              382524.69120000117,
              333654.88860000111
            ],
            [
              382536.45050000027,
              333658.41640000045
            ],
            [
              382544.68200000003,
              333660.76820000447
            ],
            [
              382557.61720000114,
              333666.64790000021
            ],
            [
              382570.55240000226,
              333671.3516000025
            ],
            [
              382579.9598000003,
              333671.3516000025
            ],
            [
              382588.191300001,
              333671.3516000025
            ],
            [
              382599.95060000196,
              333671.3516000025
            ],
            [
              382616.41360000055,
              333667.82379999943
            ],
            [
              382628.17289999966,
              333665.47190000117
            ],
            [
              382637.58029999956,
              333665.47190000117
            ],
            [
              382651.69149999879,
              333666.64790000021
            ],
            [
              382661.09889999963,
              333668.99970000051
            ],
            [
              382671.68219999969,
              333671.3516000025
            ],
            [
              382681.08970000129,
              333671.3516000025
            ],
            [
              382689.32119999919,
              333671.3516000025
            ],
            [
              382698.72860000003,
              333671.3516000025
            ],
            [
              382706.96010000072,
              333671.3516000025
            ],
            [
              382716.36750000063,
              333671.3516000025
            ],
            [
              382724.59900000133,
              333670.17559999973
            ],
            [
              382739.8861000007,
              333667.82379999943
            ],
            [
              382750.46940000076,
              333666.64790000021
            ],
            [
              382759.8769000005,
              333666.64790000021
            ],
            [
              382777.5158000011,
              333666.64790000021
            ]
          ]
        ]
      }
    },
    {
      "attributes" : {
        "FID" : 9,
        "PMNTN_SN" : 10447,
        "MNTN_CODE" : "482706201",
        "MNTN_NM" : "능동산",
        "PMNTN_NM" : " ",
        "PMNTN_MAIN" : " ",
        "PMNTN_LT" : 0.21,
        "PMNTN_DFFL" : "쉬움",
        "PMNTN_UPPL" : 4,
        "PMNTN_GODN" : 3,
        "PMNTN_MTRQ" : " ",
        "PMNTN_CNRL" : " ",
        "PMNTN_CLS_" : " ",
        "PMNTN_RISK" : " ",
        "PMNTN_RECO" : " ",
        "DATA_STDR_" : "2016-12-31",
        "MNTN_ID" : "317101001"
      },
      "geometry" : {
        "paths" : [
          [
            [
              382589.3673000019,
              333581.98100000061
            ],
            [
              382597.5987999998,
              333584.3329000026
            ],
            [
              382605.8303000005,
              333586.68469999917
            ],
            [
              382617.5895000007,
              333591.38840000145
            ],
            [
              382626.9970000023,
              333594.91620000266
            ],
            [
              382637.58029999956,
              333600.79590000026
            ],
            [
              382654.04330000095,
              333606.67550000176
            ],
            [
              382665.80260000005,
              333611.37920000032
            ],
            [
              382672.8582000006,
              333617.25890000165
            ],
            [
              382684.6174000008,
              333623.13849999942
            ],
            [
              382692.8489000015,
              333626.66630000062
            ],
            [
              382696.18969999999,
              333628.33670000173
            ],
            [
              382704.60819999967,
              333632.5458999984
            ],
            [
              382723.42310000211,
              333638.42559999973
            ],
            [
              382735.18240000028,
              333640.77740000002
            ],
            [
              382739.35830000043,
              333641.91630000062
            ],
            [
              382748.11760000139,
              333644.30520000309
            ],
            [
              382758.70089999959,
              333647.83300000057
            ],
            [
              382761.47970000189,
              333648.87509999983
            ],
            [
              382768.10840000026,
              333651.36080000363
            ],
            [
              382777.5158000011,
              333666.64790000021
            ]
          ]
        ]
      }
    },
    {
      "attributes" : {
        "FID" : 10,
        "PMNTN_SN" : 10448,
        "MNTN_CODE" : "482706201",
        "MNTN_NM" : "능동산",
        "PMNTN_NM" : " ",
        "PMNTN_MAIN" : " ",
        "PMNTN_LT" : 0.35,
        "PMNTN_DFFL" : "쉬움",
        "PMNTN_UPPL" : 6,
        "PMNTN_GODN" : 4,
        "PMNTN_MTRQ" : " ",
        "PMNTN_CNRL" : " ",
        "PMNTN_CLS_" : " ",
        "PMNTN_RISK" : " ",
        "PMNTN_RECO" : " ",
        "DATA_STDR_" : "2016-12-31",
        "MNTN_ID" : "482700901"
      },
      "geometry" : {
        "paths" : [
          [
            [
              382777.5158000011,
              333666.64790000021
            ],
            [
              382797.50659999996,
              333683.11080000177
            ],
            [
              382803.38620000053,
              333691.34229999781
            ],
            [
              382808.08990000095,
              333699.57379999943
            ],
            [
              382815.1454999987,
              333708.98130000383
            ],
            [
              382829.25659999996,
              333716.03680000082
            ],
            [
              382841.01590000093,
              333719.56460000388
            ],
            [
              382851.59929999989,
              333721.91650000215
            ],
            [
              382866.88630000036,
              333725.44429999962
            ],
            [
              382875.11780000106,
              333725.44429999962
            ],
            [
              382889.22900000028,
              333727.79609999992
            ],
            [
              382898.63640000019,
              333728.97199999914
            ],
            [
              382908.04380000103,
              333730.14800000191
            ],
            [
              382931.56240000017,
              333736.02759999968
            ],
            [
              382946.84949999955,
              333739.55540000275
            ],
            [
              382958.60869999975,
              333744.25910000131
            ],
            [
              382975.07170000114,
              333750.13880000077
            ],
            [
              382992.71070000064,
              333756.01840000413
            ],
            [
              383003.38040000014,
              333759.75280000456
            ],
            [
              383016.22919999901,
              333764.24990000017
            ],
            [
              383032.6922000004,
              333772.48139999993
            ],
            [
              383044.45150000136,
              333779.53700000048
            ],
            [
              383056.21080000047,
              333787.7685000021
            ],
            [
              383064.44230000116,
              333792.47220000066
            ],
            [
              383072.67380000185,
              333797.17590000294
            ],
            [
              383086.36040000059,
              333799.00049999915
            ]
          ]
        ]
      }
    }
  ]
}