{
  "displayFieldName" : "",
  "fieldAliases" : {
    "FID" : "FID",
    "PMNTN_SN" : "PMNTN_SN",
    "MNTN_CODE" : "MNTN_CODE",
    "MNTN_NM" : "MNTN_NM",
    "PMNTN_NM" : "PMNTN_NM",
    "PMNTN_MAIN" : "PMNTN_MAIN",
    "PMNTN_LT" : "PMNTN_LT",
    "PMNTN_DFFL" : "PMNTN_DFFL",
    "PMNTN_UPPL" : "PMNTN_UPPL",
    "PMNTN_GODN" : "PMNTN_GODN",
    "PMNTN_MTRQ" : "PMNTN_MTRQ",
    "PMNTN_CNRL" : "PMNTN_CNRL",
    "PMNTN_CLS_" : "PMNTN_CLS_",
    "PMNTN_RISK" : "PMNTN_RISK",
    "PMNTN_RECO" : "PMNTN_RECO",
    "DATA_STDR_" : "DATA_STDR_",
    "MNTN_ID" : "MNTN_ID"
  },
  "geometryType" : "esriGeometryPolyline",
  "spatialReference" : {
    "wkt" : "PROJCS[\"PCS_ITRF2000_TM\",GEOGCS[\"GCS_ITRF_2000\",DATUM[\"D_ITRF_2000\",SPHEROID[\"GRS_1980\",6378137.0,298.257222101]],PRIMEM[\"Greenwich\",0.0],UNIT[\"Degree\",0.0174532925199433]],PROJECTION[\"Transverse_Mercator\"],PARAMETER[\"False_Easting\",200000.0],PARAMETER[\"False_Northing\",600000.0],PARAMETER[\"Central_Meridian\",127.0],PARAMETER[\"Scale_Factor\",1.0],PARAMETER[\"Latitude_Of_Origin\",38.0],UNIT[\"Meter\",1.0]]"
  },
  "fields" : [
    {
      "name" : "FID",
      "type" : "esriFieldTypeOID",
      "alias" : "FID"
    },
    {
      "name" : "PMNTN_SN",
      "type" : "esriFieldTypeDouble",
      "alias" : "PMNTN_SN"
    },
    {
      "name" : "MNTN_CODE",
      "type" : "esriFieldTypeString",
      "alias" : "MNTN_CODE",
      "length" : 9
    },
    {
      "name" : "MNTN_NM",
      "type" : "esriFieldTypeString",
      "alias" : "MNTN_NM",
      "length" : 50
    },
    {
      "name" : "PMNTN_NM",
      "type" : "esriFieldTypeString",
      "alias" : "PMNTN_NM",
      "length" : 50
    },
    {
      "name" : "PMNTN_MAIN",
      "type" : "esriFieldTypeString",
      "alias" : "PMNTN_MAIN",
      "length" : 200
    },
    {
      "name" : "PMNTN_LT",
      "type" : "esriFieldTypeSingle",
      "alias" : "PMNTN_LT"
    },
    {
      "name" : "PMNTN_DFFL",
      "type" : "esriFieldTypeString",
      "alias" : "PMNTN_DFFL",
      "length" : 8
    },
    {
      "name" : "PMNTN_UPPL",
      "type" : "esriFieldTypeDouble",
      "alias" : "PMNTN_UPPL"
    },
    {
      "name" : "PMNTN_GODN",
      "type" : "esriFieldTypeDouble",
      "alias" : "PMNTN_GODN"
    },
    {
      "name" : "PMNTN_MTRQ",
      "type" : "esriFieldTypeString",
      "alias" : "PMNTN_MTRQ",
      "length" : 200
    },
    {
      "name" : "PMNTN_CNRL",
      "type" : "esriFieldTypeString",
      "alias" : "PMNTN_CNRL",
      "length" : 1
    },
    {
      "name" : "PMNTN_CLS_",
      "type" : "esriFieldTypeString",
      "alias" : "PMNTN_CLS_",
      "length" : 1
    },
    {
      "name" : "PMNTN_RISK",
      "type" : "esriFieldTypeString",
      "alias" : "PMNTN_RISK",
      "length" : 200
    },
    {
      "name" : "PMNTN_RECO",
      "type" : "esriFieldTypeString",
      "alias" : "PMNTN_RECO",
      "length" : 1
    },
    {
      "name" : "DATA_STDR_",
      "type" : "esriFieldTypeString",
      "alias" : "DATA_STDR_",
      "length" : 10
    },
    {
      "name" : "MNTN_ID",
      "type" : "esriFieldTypeString",
      "alias" : "MNTN_ID",
      "length" : 10
    }
  ],
  "features" : [
    {
      "attributes" : {
        "FID" : 0,
        "PMNTN_SN" : 3886,
        "MNTN_CODE" : "491301204",
        "MNTN_NM" : "고수치",
        "PMNTN_NM" : "광평리구간",
        "PMNTN_MAIN" : " ",
        "PMNTN_LT" : 0.43,
        "PMNTN_DFFL" : "쉬움",
        "PMNTN_UPPL" : 8,
        "PMNTN_GODN" : 5,
        "PMNTN_MTRQ" : " ",
        "PMNTN_CNRL" : " ",
        "PMNTN_CLS_" : " ",
        "PMNTN_RISK" : " ",
        "PMNTN_RECO" : " ",
        "DATA_STDR_" : "2016-12-31",
        "MNTN_ID" : "491301204"
      },
      "geometry" : {
        "paths" : [
          [
            [
              141810.1678000018,
              82924.433600001037
            ],
            [
              141801.53689999972,
              82918.8069000002
            ],
            [
              141795.95460000355,
              82915.994500001892
            ],
            [
              141793.1034000041,
              82912.506599999964
            ],
            [
              141790.25070000067,
              82909.134999999776
            ],
            [
              141786.17219999991,
              82907.113400002941
            ],
            [
              141780.20780000277,
              82901.675499999896
            ],
            [
              141774.86530000251,
              82895.535000003874
            ],
            [
              141771.33960000146,
              82891.363600000739
            ],
            [
              141767.87650000211,
              82888.312000000849
            ],
            [
              141763.44149999972,
              82884.64509999752
            ],
            [
              141757.44610000029,
              82876.695500001311
            ],
            [
              141754.33760000113,
              82872.510100003332
            ],
            [
              141752.32880000304,
              82868.218599999323
            ],
            [
              141751.27599999961,
              82863.455499999225
            ],
            [
              141746.38120000158,
              82851.461500002071
            ],
            [
              141743.7283000024,
              82846.896600002423
            ],
            [
              141742.37520000059,
              82841.736000001431
            ],
            [
              141741.02080000099,
              82837.906400002539
            ],
            [
              141738.96140000131,
              82830.117200000212
            ],
            [
              141731.34680000227,
              82820.808800000697
            ],
            [
              141726.11300000269,
              82814.562700001523
            ],
            [
              141719.01180000044,
              82811.13190000318
            ],
            [
              141711.55669999961,
              82805.999700002372
            ],
            [
              141705.41390000004,
              82802.971100000665
            ],
            [
              141703.17370000016,
              82796.702200001106
            ],
            [
              141703.38159999996,
              82789.856600001454
            ],
            [
              141703.34210000094,
              82777.963100003079
            ],
            [
              141702.98000000231,
              82769.626100001857
            ],
            [
              141698.9617000008,
              82765.487100001425
            ],
            [
              141689.38440000173,
              82762.152900001034
            ],
            [
              141683.65760000329,
              82755.842299999669
            ],
            [
              141676.9458999997,
              82753.351500000805
            ],
            [
              141669.32490000315,
              82751.241100005805
            ],
            [
              141658.76919999998,
              82742.974000003189
            ],
            [
              141650.1344000008,
              82737.227900000289
            ],
            [
              141645.36490000039,
              82735.237900000066
            ],
            [
              141640.31120000128,
              82733.992800001055
            ],
            [
              141636.44960000087,
              82732.795999998227
            ],
            [
              141631.27790000383,
              82732.061900001019
            ],
            [
              141626.61510000285,
              82732.334000004455
            ],
            [
              141621.39240000304,
              82732.38770000264
            ],
            [
              141616.14209999982,
              82732.497000001371
            ],
            [
              141608.90110000037,
              82732.984999999404
            ],
            [
              141602.64750000089,
              82730.575400000438
            ],
            [
              141596.10720000137,
              82726.499600000679
            ],
            [
              141589.20040000137,
              82722.603199999779
            ],
            [
              141581.55350000318,
              82712.349000001326
            ],
            [
              141576.96040000301,
              82705.231600001454
            ],
            [
              141571.53360000066,
              82696.822100000456
            ],
            [
              141562.72140000388,
              82689.497999999672
            ],
            [
              141554.15880000126,
              82686.092500003055
            ],
            [
              141544.65750000067,
              82686.581000000238
            ],
            [
              141535.89750000089,
              82689.578400002792
            ],
            [
              141526.66349999979,
              82687.165099998936
            ],
            [
              141519.54590000119,
              82682.22309999913
            ],
            [
              141516.49050000031,
              82680.099099999294
            ],
            [
              141510.58740000054,
              82676.48020000197
            ]
          ]
        ]
      }
    }
  ]
}