{
  "displayFieldName" : "",
  "fieldAliases" : {
    "FID" : "FID",
    "PMNTN_SPOT" : "PMNTN_SPOT",
    "MNTN_CODE" : "MNTN_CODE",
    "MANAGE_SP1" : "MANAGE_SP1",
    "MANAGE_SP2" : "MANAGE_SP2",
    "DETAIL_SPO" : "DETAIL_SPO",
    "ETC_MATTER" : "ETC_MATTER",
    "MNTN_NM" : "MNTN_NM",
    "PAST_SPOT_" : "PAST_SPOT_",
    "MNTN_ID" : "MNTN_ID"
  },
  "geometryType" : "esriGeometryPoint",
  "spatialReference" : {
    "wkt" : "PROJCS[\"PCS_ITRF2000_TM\",GEOGCS[\"GCS_ITRF_2000\",DATUM[\"D_ITRF_2000\",SPHEROID[\"GRS_1980\",6378137.0,298.257222101]],PRIMEM[\"Greenwich\",0.0],UNIT[\"Degree\",0.0174532925199433]],PROJECTION[\"Transverse_Mercator\"],PARAMETER[\"False_Easting\",200000.0],PARAMETER[\"False_Northing\",600000.0],PARAMETER[\"Central_Meridian\",127.0],PARAMETER[\"Scale_Factor\",1.0],PARAMETER[\"Latitude_Of_Origin\",38.0],UNIT[\"Meter\",1.0]]"
  },
  "fields" : [
    {
      "name" : "FID",
      "type" : "esriFieldTypeOID",
      "alias" : "FID"
    },
    {
      "name" : "PMNTN_SPOT",
      "type" : "esriFieldTypeDouble",
      "alias" : "PMNTN_SPOT"
    },
    {
      "name" : "MNTN_CODE",
      "type" : "esriFieldTypeString",
      "alias" : "MNTN_CODE",
      "length" : 9
    },
    {
      "name" : "MANAGE_SP1",
      "type" : "esriFieldTypeString",
      "alias" : "MANAGE_SP1",
      "length" : 2
    },
    {
      "name" : "MANAGE_SP2",
      "type" : "esriFieldTypeString",
      "alias" : "MANAGE_SP2",
      "length" : 50
    },
    {
      "name" : "DETAIL_SPO",
      "type" : "esriFieldTypeString",
      "alias" : "DETAIL_SPO",
      "length" : 200
    },
    {
      "name" : "ETC_MATTER",
      "type" : "esriFieldTypeString",
      "alias" : "ETC_MATTER",
      "length" : 200
    },
    {
      "name" : "MNTN_NM",
      "type" : "esriFieldTypeString",
      "alias" : "MNTN_NM",
      "length" : 50
    },
    {
      "name" : "PAST_SPOT_",
      "type" : "esriFieldTypeString",
      "alias" : "PAST_SPOT_",
      "length" : 14
    },
    {
      "name" : "MNTN_ID",
      "type" : "esriFieldTypeString",
      "alias" : "MNTN_ID",
      "length" : 10
    }
  ],
  "features" : [
    {
      "attributes" : {
        "FID" : 0,
        "PMNTN_SPOT" : 532,
        "MNTN_CODE" : "461700101",
        "MANAGE_SP1" : "01",
        "MANAGE_SP2" : "시종점",
        "DETAIL_SPO" : "시종점",
        "ETC_MATTER" : " ",
        "MNTN_NM" : "가야산",
        "PAST_SPOT_" : "4617001010001",
        "MNTN_ID" : "461700101"
      },
      "geometry" : {
        "x" : 170622.31200000085,
        "y" : 266485.65460000187
      }
    },
    {
      "attributes" : {
        "FID" : 1,
        "PMNTN_SPOT" : 533,
        "MNTN_CODE" : "461700101",
        "MANAGE_SP1" : "01",
        "MANAGE_SP2" : "시종점",
        "DETAIL_SPO" : "시종점",
        "ETC_MATTER" : " ",
        "MNTN_NM" : "가야산",
        "PAST_SPOT_" : "4617001010002",
        "MNTN_ID" : "461700101"
      },
      "geometry" : {
        "x" : 170969.66630000062,
        "y" : 266206.76610000245
      }
    },
    {
      "attributes" : {
        "FID" : 2,
        "PMNTN_SPOT" : 534,
        "MNTN_CODE" : "461700101",
        "MANAGE_SP1" : "02",
        "MANAGE_SP2" : "분기점",
        "DETAIL_SPO" : "분기점",
        "ETC_MATTER" : " ",
        "MNTN_NM" : "가야산",
        "PAST_SPOT_" : "4617001010003",
        "MNTN_ID" : "461700101"
      },
      "geometry" : {
        "x" : 171167.03230000008,
        "y" : 266508.07870000042
      }
    },
    {
      "attributes" : {
        "FID" : 3,
        "PMNTN_SPOT" : 535,
        "MNTN_CODE" : "461700101",
        "MANAGE_SP1" : "01",
        "MANAGE_SP2" : "시종점",
        "DETAIL_SPO" : "시종점",
        "ETC_MATTER" : " ",
        "MNTN_NM" : "가야산",
        "PAST_SPOT_" : "4617001010004",
        "MNTN_ID" : "461700101"
      },
      "geometry" : {
        "x" : 171418.26209999993,
        "y" : 266936.80890000239
      }
    },
    {
      "attributes" : {
        "FID" : 4,
        "PMNTN_SPOT" : 536,
        "MNTN_CODE" : "461700101",
        "MANAGE_SP1" : "02",
        "MANAGE_SP2" : "분기점",
        "DETAIL_SPO" : "분기점",
        "ETC_MATTER" : " ",
        "MNTN_NM" : "가야산",
        "PAST_SPOT_" : "4617001010005",
        "MNTN_ID" : "461700101"
      },
      "geometry" : {
        "x" : 171468.41120000184,
        "y" : 266552.98840000294
      }
    },
    {
      "attributes" : {
        "FID" : 5,
        "PMNTN_SPOT" : 537,
        "MNTN_CODE" : "461700101",
        "MANAGE_SP1" : "01",
        "MANAGE_SP2" : "시종점",
        "DETAIL_SPO" : "시종점",
        "ETC_MATTER" : " ",
        "MNTN_NM" : "가야산",
        "PAST_SPOT_" : "4617001010006",
        "MNTN_ID" : "461700101"
      },
      "geometry" : {
        "x" : 171642.15050000045,
        "y" : 266686.08309999853
      }
    },
    {
      "attributes" : {
        "FID" : 6,
        "PMNTN_SPOT" : 538,
        "MNTN_CODE" : "461700101",
        "MANAGE_SP1" : "02",
        "MANAGE_SP2" : "분기점",
        "DETAIL_SPO" : "분기점",
        "ETC_MATTER" : " ",
        "MNTN_NM" : "가야산",
        "PAST_SPOT_" : "4617001010007",
        "MNTN_ID" : "461700101"
      },
      "geometry" : {
        "x" : 171694.6679000007,
        "y" : 266296.42380000092
      }
    },
    {
      "attributes" : {
        "FID" : 7,
        "PMNTN_SPOT" : 539,
        "MNTN_CODE" : "461700101",
        "MANAGE_SP1" : "01",
        "MANAGE_SP2" : "시종점",
        "DETAIL_SPO" : "시종점",
        "ETC_MATTER" : " ",
        "MNTN_NM" : "가야산",
        "PAST_SPOT_" : "4617001010008",
        "MNTN_ID" : "461700101"
      },
      "geometry" : {
        "x" : 171927.86830000114,
        "y" : 265398.60500000045
      }
    },
    {
      "attributes" : {
        "FID" : 8,
        "PMNTN_SPOT" : 540,
        "MNTN_CODE" : "461700101",
        "MANAGE_SP1" : "02",
        "MANAGE_SP2" : "분기점",
        "DETAIL_SPO" : "분기점",
        "ETC_MATTER" : " ",
        "MNTN_NM" : "가야산",
        "PAST_SPOT_" : "4617001010009",
        "MNTN_ID" : "461700101"
      },
      "geometry" : {
        "x" : 171975.34120000061,
        "y" : 266081.23930000328
      }
    },
    {
      "attributes" : {
        "FID" : 9,
        "PMNTN_SPOT" : 541,
        "MNTN_CODE" : "461700101",
        "MANAGE_SP1" : "02",
        "MANAGE_SP2" : "분기점",
        "DETAIL_SPO" : "분기점",
        "ETC_MATTER" : " ",
        "MNTN_NM" : "가야산",
        "PAST_SPOT_" : "4617001010010",
        "MNTN_ID" : "461700101"
      },
      "geometry" : {
        "x" : 172209.57500000019,
        "y" : 265935.67330000177
      }
    },
    {
      "attributes" : {
        "FID" : 10,
        "PMNTN_SPOT" : 542,
        "MNTN_CODE" : "461700101",
        "MANAGE_SP1" : "01",
        "MANAGE_SP2" : "시종점",
        "DETAIL_SPO" : "시종점",
        "ETC_MATTER" : " ",
        "MNTN_NM" : "가야산",
        "PAST_SPOT_" : "4617001010011",
        "MNTN_ID" : "461700101"
      },
      "geometry" : {
        "x" : 172273.81340000127,
        "y" : 266278.29340000264
      }
    },
    {
      "attributes" : {
        "FID" : 11,
        "PMNTN_SPOT" : 543,
        "MNTN_CODE" : "461700101",
        "MANAGE_SP1" : "01",
        "MANAGE_SP2" : "시종점",
        "DETAIL_SPO" : "시종점",
        "ETC_MATTER" : " ",
        "MNTN_NM" : "가야산",
        "PAST_SPOT_" : "4617001010012",
        "MNTN_ID" : "461700101"
      },
      "geometry" : {
        "x" : 172930.81300000008,
        "y" : 266343.82950000279
      }
    }
  ]
}