{
  "displayFieldName" : "",
  "fieldAliases" : {
    "FID" : "FID",
    "PMNTN_SN" : "PMNTN_SN",
    "MNTN_CODE" : "MNTN_CODE",
    "MNTN_NM" : "MNTN_NM",
    "PMNTN_NM" : "PMNTN_NM",
    "PMNTN_MAIN" : "PMNTN_MAIN",
    "PMNTN_LT" : "PMNTN_LT",
    "PMNTN_DFFL" : "PMNTN_DFFL",
    "PMNTN_UPPL" : "PMNTN_UPPL",
    "PMNTN_GODN" : "PMNTN_GODN",
    "PMNTN_MTRQ" : "PMNTN_MTRQ",
    "PMNTN_CNRL" : "PMNTN_CNRL",
    "PMNTN_CLS_" : "PMNTN_CLS_",
    "PMNTN_RISK" : "PMNTN_RISK",
    "PMNTN_RECO" : "PMNTN_RECO",
    "DATA_STDR_" : "DATA_STDR_",
    "MNTN_ID" : "MNTN_ID"
  },
  "geometryType" : "esriGeometryPolyline",
  "spatialReference" : {
    "wkt" : "PROJCS[\"PCS_ITRF2000_TM\",GEOGCS[\"GCS_ITRF_2000\",DATUM[\"D_ITRF_2000\",SPHEROID[\"GRS_1980\",6378137.0,298.257222101]],PRIMEM[\"Greenwich\",0.0],UNIT[\"Degree\",0.0174532925199433]],PROJECTION[\"Transverse_Mercator\"],PARAMETER[\"False_Easting\",200000.0],PARAMETER[\"False_Northing\",600000.0],PARAMETER[\"Central_Meridian\",127.0],PARAMETER[\"Scale_Factor\",1.0],PARAMETER[\"Latitude_Of_Origin\",38.0],UNIT[\"Meter\",1.0]]"
  },
  "fields" : [
    {
      "name" : "FID",
      "type" : "esriFieldTypeOID",
      "alias" : "FID"
    },
    {
      "name" : "PMNTN_SN",
      "type" : "esriFieldTypeDouble",
      "alias" : "PMNTN_SN"
    },
    {
      "name" : "MNTN_CODE",
      "type" : "esriFieldTypeString",
      "alias" : "MNTN_CODE",
      "length" : 9
    },
    {
      "name" : "MNTN_NM",
      "type" : "esriFieldTypeString",
      "alias" : "MNTN_NM",
      "length" : 50
    },
    {
      "name" : "PMNTN_NM",
      "type" : "esriFieldTypeString",
      "alias" : "PMNTN_NM",
      "length" : 50
    },
    {
      "name" : "PMNTN_MAIN",
      "type" : "esriFieldTypeString",
      "alias" : "PMNTN_MAIN",
      "length" : 200
    },
    {
      "name" : "PMNTN_LT",
      "type" : "esriFieldTypeSingle",
      "alias" : "PMNTN_LT"
    },
    {
      "name" : "PMNTN_DFFL",
      "type" : "esriFieldTypeString",
      "alias" : "PMNTN_DFFL",
      "length" : 8
    },
    {
      "name" : "PMNTN_UPPL",
      "type" : "esriFieldTypeDouble",
      "alias" : "PMNTN_UPPL"
    },
    {
      "name" : "PMNTN_GODN",
      "type" : "esriFieldTypeDouble",
      "alias" : "PMNTN_GODN"
    },
    {
      "name" : "PMNTN_MTRQ",
      "type" : "esriFieldTypeString",
      "alias" : "PMNTN_MTRQ",
      "length" : 200
    },
    {
      "name" : "PMNTN_CNRL",
      "type" : "esriFieldTypeString",
      "alias" : "PMNTN_CNRL",
      "length" : 1
    },
    {
      "name" : "PMNTN_CLS_",
      "type" : "esriFieldTypeString",
      "alias" : "PMNTN_CLS_",
      "length" : 1
    },
    {
      "name" : "PMNTN_RISK",
      "type" : "esriFieldTypeString",
      "alias" : "PMNTN_RISK",
      "length" : 200
    },
    {
      "name" : "PMNTN_RECO",
      "type" : "esriFieldTypeString",
      "alias" : "PMNTN_RECO",
      "length" : 1
    },
    {
      "name" : "DATA_STDR_",
      "type" : "esriFieldTypeString",
      "alias" : "DATA_STDR_",
      "length" : 10
    },
    {
      "name" : "MNTN_ID",
      "type" : "esriFieldTypeString",
      "alias" : "MNTN_ID",
      "length" : 10
    }
  ],
  "features" : [
    {
      "attributes" : {
        "FID" : 0,
        "PMNTN_SN" : 33056,
        "MNTN_CODE" : "441304001",
        "MNTN_NM" : "수도산",
        "PMNTN_NM" : "청수동구간",
        "PMNTN_MAIN" : " ",
        "PMNTN_LT" : 0.13,
        "PMNTN_DFFL" : "쉬움",
        "PMNTN_UPPL" : 2,
        "PMNTN_GODN" : 2,
        "PMNTN_MTRQ" : " ",
        "PMNTN_CNRL" : " ",
        "PMNTN_CLS_" : " ",
        "PMNTN_RISK" : " ",
        "PMNTN_RECO" : " ",
        "DATA_STDR_" : "2016-12-31",
        "MNTN_ID" : "441304001"
      },
      "geometry" : {
        "paths" : [
          [
            [
              213684.2441000035,
              466027.20360000059
            ],
            [
              213680.07190000359,
              466024.78250000253
            ],
            [
              213676.65780000202,
              466021.31799999997
            ],
            [
              213657.68930000067,
              466011.8694000002
            ],
            [
              213652.74280000012,
              466009.34499999881
            ],
            [
              213643.54679999966,
              466004.77129999921
            ],
            [
              213637.11430000141,
              466000.5810000021
            ],
            [
              213632.72009999957,
              465999.38400000148
            ],
            [
              213620.30370000098,
              466001.00130000152
            ],
            [
              213606.44460000098,
              465999.10119999945
            ],
            [
              213602.06090000272,
              465997.84790000133
            ],
            [
              213594.66390000191,
              465994.8003000021
            ],
            [
              213584.78940000292,
              465993.91180000268
            ],
            [
              213577.60110000055,
              465993.11130000278
            ],
            [
              213561.52750000078,
              465991.46440000087
            ]
          ]
        ]
      }
    },
    {
      "attributes" : {
        "FID" : 1,
        "PMNTN_SN" : 33057,
        "MNTN_CODE" : "441304001",
        "MNTN_NM" : "수도산",
        "PMNTN_NM" : "청수동구간",
        "PMNTN_MAIN" : " ",
        "PMNTN_LT" : 0.03,
        "PMNTN_DFFL" : "쉬움",
        "PMNTN_UPPL" : 1,
        "PMNTN_GODN" : 0,
        "PMNTN_MTRQ" : " ",
        "PMNTN_CNRL" : " ",
        "PMNTN_CLS_" : " ",
        "PMNTN_RISK" : " ",
        "PMNTN_RECO" : " ",
        "DATA_STDR_" : "2016-12-31",
        "MNTN_ID" : "441304001"
      },
      "geometry" : {
        "paths" : [
          [
            [
              213561.52750000078,
              465991.46440000087
            ],
            [
              213552.73289999925,
              465985.64619999938
            ],
            [
              213546.70390000101,
              465982.48870000057
            ],
            [
              213542.17085632309,
              465975.84789802879
            ],
            [
              213542.06560000218,
              465975.69370000064
            ]
          ]
        ]
      }
    },
    {
      "attributes" : {
        "FID" : 2,
        "PMNTN_SN" : 33058,
        "MNTN_CODE" : "441304001",
        "MNTN_NM" : "수도산",
        "PMNTN_NM" : "청수동구간",
        "PMNTN_MAIN" : " ",
        "PMNTN_LT" : 0.08,
        "PMNTN_DFFL" : "쉬움",
        "PMNTN_UPPL" : 1,
        "PMNTN_GODN" : 1,
        "PMNTN_MTRQ" : " ",
        "PMNTN_CNRL" : " ",
        "PMNTN_CLS_" : " ",
        "PMNTN_RISK" : " ",
        "PMNTN_RECO" : " ",
        "DATA_STDR_" : "2016-12-31",
        "MNTN_ID" : "441304001"
      },
      "geometry" : {
        "paths" : [
          [
            [
              213454.82220000215,
              466025.08430000395
            ],
            [
              213488.33820000011,
              466006.81440000236
            ],
            [
              213500.07120000198,
              465998.57200000249
            ],
            [
              213513.39059999958,
              465990.85480000079
            ],
            [
              213524.35830000322,
              465987.10759999976
            ]
          ]
        ]
      }
    },
    {
      "attributes" : {
        "FID" : 3,
        "PMNTN_SN" : 33059,
        "MNTN_CODE" : "441304001",
        "MNTN_NM" : "수도산",
        "PMNTN_NM" : "청수동구간",
        "PMNTN_MAIN" : " ",
        "PMNTN_LT" : 0.08,
        "PMNTN_DFFL" : "쉬움",
        "PMNTN_UPPL" : 1,
        "PMNTN_GODN" : 1,
        "PMNTN_MTRQ" : " ",
        "PMNTN_CNRL" : " ",
        "PMNTN_CLS_" : " ",
        "PMNTN_RISK" : " ",
        "PMNTN_RECO" : " ",
        "DATA_STDR_" : "2016-12-31",
        "MNTN_ID" : "441304001"
      },
      "geometry" : {
        "paths" : [
          [
            [
              213409.37949999981,
              465786.95119999908
            ],
            [
              213405.51700000092,
              465793.09689999931
            ],
            [
              213402.03130000364,
              465799.66310000047
            ],
            [
              213399.84070000052,
              465805.28500000201
            ],
            [
              213398.46580000315,
              465808.41740000434
            ],
            [
              213396.37420000322,
              465812.83750000037
            ],
            [
              213395.56400000304,
              465819.41730000265
            ],
            [
              213394.6509000035,
              465824.51220000163
            ],
            [
              213403.73400000017,
              465835.13049999997
            ],
            [
              213413.70620000362,
              465839.55830000155
            ],
            [
              213422.85570000019,
              465842.7758000046
            ],
            [
              213429.45110000204,
              465841.95080000162
            ]
          ]
        ]
      }
    },
    {
      "attributes" : {
        "FID" : 4,
        "PMNTN_SN" : 33060,
        "MNTN_CODE" : "441304001",
        "MNTN_NM" : "수도산",
        "PMNTN_NM" : "청수동구간",
        "PMNTN_MAIN" : " ",
        "PMNTN_LT" : 0.04,
        "PMNTN_DFFL" : "쉬움",
        "PMNTN_UPPL" : 1,
        "PMNTN_GODN" : 0,
        "PMNTN_MTRQ" : " ",
        "PMNTN_CNRL" : " ",
        "PMNTN_CLS_" : " ",
        "PMNTN_RISK" : " ",
        "PMNTN_RECO" : " ",
        "DATA_STDR_" : "2016-12-31",
        "MNTN_ID" : "441304001"
      },
      "geometry" : {
        "paths" : [
          [
            [
              213429.45110000204,
              465841.95080000162
            ],
            [
              213434.63220000081,
              465835.11620000191
            ],
            [
              213438.01380000263,
              465826.66599999927
            ],
            [
              213439.53980000038,
              465820.43930000253
            ],
            [
              213441.75529999938,
              465814.7397000026
            ],
            [
              213443.54640000314,
              465808.3972000014
            ],
            [
              213443.44516998529,
              465801.29212950356
            ],
            [
              213443.43219999969,
              465800.38179999962
            ]
          ]
        ]
      }
    },
    {
      "attributes" : {
        "FID" : 5,
        "PMNTN_SN" : 33061,
        "MNTN_CODE" : "441304001",
        "MNTN_NM" : "수도산",
        "PMNTN_NM" : "청수동구간",
        "PMNTN_MAIN" : " ",
        "PMNTN_LT" : 0.09,
        "PMNTN_DFFL" : "쉬움",
        "PMNTN_UPPL" : 2,
        "PMNTN_GODN" : 1,
        "PMNTN_MTRQ" : " ",
        "PMNTN_CNRL" : " ",
        "PMNTN_CLS_" : " ",
        "PMNTN_RISK" : " ",
        "PMNTN_RECO" : " ",
        "DATA_STDR_" : "2016-12-31",
        "MNTN_ID" : "441304001"
      },
      "geometry" : {
        "paths" : [
          [
            [
              213429.45110000204,
              465841.95080000162
            ],
            [
              213436.73419999983,
              465849.64050000161
            ],
            [
              213446.44540000148,
              465861.16229999997
            ],
            [
              213453.4561999999,
              465868.68439999968
            ],
            [
              213457.75430000294,
              465871.31530000083
            ],
            [
              213464.30750000011,
              465880.55550000258
            ],
            [
              213471.76990000159,
              465891.67030000314
            ],
            [
              213479.14180000033,
              465902.65050000325
            ],
            [
              213490.42320000287,
              465913.50290000066
            ]
          ]
        ]
      }
    },
    {
      "attributes" : {
        "FID" : 6,
        "PMNTN_SN" : 33062,
        "MNTN_CODE" : "441304001",
        "MNTN_NM" : "수도산",
        "PMNTN_NM" : "청수동구간",
        "PMNTN_MAIN" : " ",
        "PMNTN_LT" : 0.08,
        "PMNTN_DFFL" : "쉬움",
        "PMNTN_UPPL" : 1,
        "PMNTN_GODN" : 1,
        "PMNTN_MTRQ" : " ",
        "PMNTN_CNRL" : " ",
        "PMNTN_CLS_" : " ",
        "PMNTN_RISK" : " ",
        "PMNTN_RECO" : " ",
        "DATA_STDR_" : "2016-12-31",
        "MNTN_ID" : "441304001"
      },
      "geometry" : {
        "paths" : [
          [
            [
              213490.42320000287,
              465913.50290000066
            ],
            [
              213492.58730000257,
              465908.33830000274
            ],
            [
              213491.2594000008,
              465899.53470000066
            ],
            [
              213494.35370000079,
              465893.34730000421
            ],
            [
              213503.26470000111,
              465886.36749999784
            ],
            [
              213511.70390000194,
              465875.10120000131
            ],
            [
              213521.09059999976,
              465863.92520000227
            ],
            [
              213526.9581000004,
              465856.7127000019
            ],
            [
              213527.66160000116,
              465854.76520000212
            ],
            [
              213535.09600000177,
              465845.18570000306
            ]
          ]
        ]
      }
    },
    {
      "attributes" : {
        "FID" : 7,
        "PMNTN_SN" : 33063,
        "MNTN_CODE" : "441304001",
        "MNTN_NM" : "수도산",
        "PMNTN_NM" : "청수동구간",
        "PMNTN_MAIN" : " ",
        "PMNTN_LT" : 0.12,
        "PMNTN_DFFL" : "쉬움",
        "PMNTN_UPPL" : 2,
        "PMNTN_GODN" : 1,
        "PMNTN_MTRQ" : " ",
        "PMNTN_CNRL" : " ",
        "PMNTN_CLS_" : " ",
        "PMNTN_RISK" : " ",
        "PMNTN_RECO" : " ",
        "DATA_STDR_" : "2016-12-31",
        "MNTN_ID" : "441304001"
      },
      "geometry" : {
        "paths" : [
          [
            [
              213520.80250000115,
              465828.72509999946
            ],
            [
              213521.25739999954,
              465821.78980000317
            ],
            [
              213518.57230000291,
              465817.05410000309
            ],
            [
              213519.06989999954,
              465810.35700000077
            ],
            [
              213520.94710000139,
              465807.11700000241
            ],
            [
              213521.68979999982,
              465801.83120000362
            ],
            [
              213520.6241000006,
              465795.83369999938
            ],
            [
              213520.45839999989,
              465785.5521000009
            ],
            [
              213523.41490000114,
              465775.91670000181
            ],
            [
              213527.62540000025,
              465769.11680000089
            ],
            [
              213534.71439999994,
              465768.4253000021
            ],
            [
              213541.30560000055,
              465769.73270000517
            ],
            [
              213547.63599999994,
              465766.63830000348
            ],
            [
              213553.25380000286,
              465764.16540000029
            ],
            [
              213557.55960000213,
              465762.22160000168
            ],
            [
              213561.69400000293,
              465759.89670000225
            ],
            [
              213566.04960000049,
              465757.92240000144
            ],
            [
              213573.16449999996,
              465755.21570000239
            ],
            [
              213578.15249999985,
              465756.55800000392
            ]
          ]
        ]
      }
    },
    {
      "attributes" : {
        "FID" : 8,
        "PMNTN_SN" : 33064,
        "MNTN_CODE" : "441304001",
        "MNTN_NM" : "수도산",
        "PMNTN_NM" : "청수동구간",
        "PMNTN_MAIN" : " ",
        "PMNTN_LT" : 0.03,
        "PMNTN_DFFL" : "쉬움",
        "PMNTN_UPPL" : 1,
        "PMNTN_GODN" : 0,
        "PMNTN_MTRQ" : " ",
        "PMNTN_CNRL" : " ",
        "PMNTN_CLS_" : " ",
        "PMNTN_RISK" : " ",
        "PMNTN_RECO" : " ",
        "DATA_STDR_" : "2016-12-31",
        "MNTN_ID" : "441304001"
      },
      "geometry" : {
        "paths" : [
          [
            [
              213589.87920000125,
              465816.88929999992
            ],
            [
              213583.8515999997,
              465815.71749999933
            ],
            [
              213576.33240000065,
              465821.70560000092
            ],
            [
              213569.15060000028,
              465826.40010000207
            ],
            [
              213565.74560000002,
              465831.92400000244
            ]
          ]
        ]
      }
    },
    {
      "attributes" : {
        "FID" : 9,
        "PMNTN_SN" : 33065,
        "MNTN_CODE" : "441304001",
        "MNTN_NM" : "수도산",
        "PMNTN_NM" : "청수동구간",
        "PMNTN_MAIN" : " ",
        "PMNTN_LT" : 0.02,
        "PMNTN_DFFL" : "쉬움",
        "PMNTN_UPPL" : 1,
        "PMNTN_GODN" : 0,
        "PMNTN_MTRQ" : " ",
        "PMNTN_CNRL" : " ",
        "PMNTN_CLS_" : " ",
        "PMNTN_RISK" : " ",
        "PMNTN_RECO" : " ",
        "DATA_STDR_" : "2016-12-31",
        "MNTN_ID" : "441304001"
      },
      "geometry" : {
        "paths" : [
          [
            [
              213548.54750000034,
              465882.93980000168
            ],
            [
              213553.85930000059,
              465879.03230000101
            ],
            [
              213559.66530000046,
              465875.9542999994
            ],
            [
              213565.90859999973,
              465872.27070000209
            ]
          ]
        ]
      }
    },
    {
      "attributes" : {
        "FID" : 10,
        "PMNTN_SN" : 33066,
        "MNTN_CODE" : "441304001",
        "MNTN_NM" : "수도산",
        "PMNTN_NM" : "청수동구간",
        "PMNTN_MAIN" : " ",
        "PMNTN_LT" : 0.09,
        "PMNTN_DFFL" : "쉬움",
        "PMNTN_UPPL" : 2,
        "PMNTN_GODN" : 1,
        "PMNTN_MTRQ" : " ",
        "PMNTN_CNRL" : " ",
        "PMNTN_CLS_" : " ",
        "PMNTN_RISK" : " ",
        "PMNTN_RECO" : " ",
        "DATA_STDR_" : "2016-12-31",
        "MNTN_ID" : "441304001"
      },
      "geometry" : {
        "paths" : [
          [
            [
              213603.87050000206,
              465929.20030000061
            ],
            [
              213608.27080000285,
              465933.52889999934
            ],
            [
              213609.95479999948,
              465939.54800000042
            ],
            [
              213615.10919999983,
              465944.08770000003
            ],
            [
              213619.77340000123,
              465949.81030000001
            ],
            [
              213625.51930000167,
              465953.4785999991
            ],
            [
              213628.72720000148,
              465956.84970000014
            ],
            [
              213631.17870000098,
              465962.44460000098
            ],
            [
              213636.49380000122,
              465967.40250000171
            ],
            [
              213645.12899999972,
              465972.76649999991
            ],
            [
              213658.21590000018,
              465980.89589999989
            ],
            [
              213666.73897670396,
              465986.19021833129
            ],
            [
              213668.25719999988,
              465987.1333000008
            ]
          ]
        ]
      }
    },
    {
      "attributes" : {
        "FID" : 11,
        "PMNTN_SN" : 33067,
        "MNTN_CODE" : "441304001",
        "MNTN_NM" : "수도산",
        "PMNTN_NM" : "청수동구간",
        "PMNTN_MAIN" : " ",
        "PMNTN_LT" : 0.26,
        "PMNTN_DFFL" : "쉬움",
        "PMNTN_UPPL" : 5,
        "PMNTN_GODN" : 3,
        "PMNTN_MTRQ" : " ",
        "PMNTN_CNRL" : " ",
        "PMNTN_CLS_" : " ",
        "PMNTN_RISK" : " ",
        "PMNTN_RECO" : " ",
        "DATA_STDR_" : "2016-12-31",
        "MNTN_ID" : "441304001"
      },
      "geometry" : {
        "paths" : [
          [
            [
              213684.2441000035,
              466027.20360000059
            ],
            [
              213692.13790000137,
              466035.59670000151
            ],
            [
              213694.59570000134,
              466039.42170000263
            ],
            [
              213697.747299999,
              466044.24920000136
            ],
            [
              213700.9793999996,
              466048.08160000294
            ],
            [
              213703.21990000084,
              466049.57260000333
            ],
            [
              213706.08000000007,
              466051.02420000173
            ],
            [
              213708.62079999968,
              466050.49609999917
            ],
            [
              213711.02870000061,
              466050.50400000252
            ],
            [
              213713.58640000131,
              466050.55489999987
            ],
            [
              213723.93560000136,
              466051.99620000087
            ],
            [
              213729.8953999998,
              466051.42550000176
            ],
            [
              213732.1323000025,
              466051.81140000001
            ],
            [
              213735.32739999983,
              466051.25190000236
            ],
            [
              213737.82420000155,
              466050.01140000112
            ],
            [
              213743.04120000079,
              466050.17760000005
            ],
            [
              213749.15220000129,
              466048.60960000008
            ],
            [
              213755.20820000395,
              466048.51280000247
            ],
            [
              213757.28200000338,
              466048.25480000116
            ],
            [
              213759.36690000072,
              466048.08740000427
            ],
            [
              213763.34790000226,
              466048.57939999923
            ],
            [
              213764.82240000088,
              466048.79270000011
            ],
            [
              213767.85850000102,
              466048.57240000367
            ],
            [
              213769.07960000169,
              466048.7434000019
            ],
            [
              213772.43660000153,
              466048.6074000001
            ],
            [
              213776.34270000085,
              466049.44610000215
            ],
            [
              213777.71879999898,
              466049.83130000159
            ],
            [
              213779.28400000371,
              466050.31950000115
            ],
            [
              213781.11240000371,
              466050.61930000409
            ],
            [
              213782.95640000049,
              466051.24210000038
            ],
            [
              213786.39520000108,
              466053.40700000525
            ],
            [
              213787.90870000236,
              466055.44110000134
            ],
            [
              213789.92100000288,
              466057.2386000026
            ],
            [
              213794.22260000184,
              466063.62020000443
            ],
            [
              213795.76790000033,
              466066.18740000203
            ],
            [
              213797.26180000417,
              466068.33379999921
            ],
            [
              213798.6538000023,
              466070.62240000255
            ],
            [
              213799.99130000081,
              466072.74420000054
            ],
            [
              213801.17670000158,
              466075.09459999949
            ],
            [
              213802.29420000128,
              466076.72069999948
            ],
            [
              213803.55430000275,
              466077.85560000129
            ],
            [
              213804.49069999997,
              466079.48990000039
            ],
            [
              213804.26840000227,
              466079.44620000198
            ],
            [
              213806.31810000259,
              466080.53180000186
            ],
            [
              213807.63900000043,
              466079.88649999909
            ],
            [
              213810.04239999969,
              466078.26500000246
            ],
            [
              213812.45730000176,
              466076.67390000075
            ],
            [
              213815.20670000091,
              466074.72590000182
            ],
            [
              213817.63499999978,
              466072.56489999965
            ],
            [
              213819.99130000081,
              466070.66699999943
            ],
            [
              213822.42000000086,
              466068.59840000235
            ],
            [
              213824.77199999988,
              466066.63650000095
            ],
            [
              213827.4207000006,
              466064.62340000272
            ],
            [
              213830.04650000203,
              466062.67699999921
            ],
            [
              213832.89519999921,
              466061.0800999999
            ],
            [
              213835.68989999965,
              466059.53109999932
            ],
            [
              213838.42940000072,
              466057.97290000133
            ],
            [
              213840.71140000131,
              466056.16520000249
            ],
            [
              213842.55140000209,
              466053.9159000013
            ],
            [
              213843.26090000104,
              466051.21030000038
            ],
            [
              213843.34300000127,
              466048.32990000024
            ],
            [
              213842.98800000269,
              466045.33249999955
            ],
            [
              213843.18200000003,
              466042.61999999918
            ],
            [
              213843.48720000219,
              466039.86980000138
            ],
            [
              213843.68790000118,
              466036.9357000012
            ],
            [
              213844.13970000204,
              466034.0318
            ],
            [
              213845.40749999974,
              466031.3535999991
            ],
            [
              213846.6370000001,
              466028.66800000146
            ],
            [
              213847.70270000119,
              466026.18040000275
            ],
            [
              213848.50239999965,
              466023.79439999908
            ],
            [
              213850.22370000184,
              466020.14839999937
            ],
            [
              213852.5204000026,
              466015.2835999988
            ],
            [
              213855.98650000058,
              466007.94180000201
            ],
            [
              213861.15930000227,
              466001.39230000041
            ],
            [
              213865.97710000258,
              465998.27960000187
            ]
          ]
        ]
      }
    },
    {
      "attributes" : {
        "FID" : 12,
        "PMNTN_SN" : 33068,
        "MNTN_CODE" : "441304001",
        "MNTN_NM" : "수도산",
        "PMNTN_NM" : "청수동구간",
        "PMNTN_MAIN" : " ",
        "PMNTN_LT" : 0.04,
        "PMNTN_DFFL" : "쉬움",
        "PMNTN_UPPL" : 1,
        "PMNTN_GODN" : 0,
        "PMNTN_MTRQ" : " ",
        "PMNTN_CNRL" : " ",
        "PMNTN_CLS_" : " ",
        "PMNTN_RISK" : " ",
        "PMNTN_RECO" : " ",
        "DATA_STDR_" : "2016-12-31",
        "MNTN_ID" : "441304001"
      },
      "geometry" : {
        "paths" : [
          [
            [
              213561.52750000078,
              465991.46440000087
            ],
            [
              213550.19740000274,
              465990.99430000037
            ],
            [
              213544.40720000211,
              465989.78480000049
            ],
            [
              213524.35830000322,
              465987.10759999976
            ]
          ]
        ]
      }
    },
    {
      "attributes" : {
        "FID" : 13,
        "PMNTN_SN" : 33069,
        "MNTN_CODE" : "441304001",
        "MNTN_NM" : "수도산",
        "PMNTN_NM" : "청수동구간",
        "PMNTN_MAIN" : " ",
        "PMNTN_LT" : 0.01,
        "PMNTN_DFFL" : "쉬움",
        "PMNTN_UPPL" : 1,
        "PMNTN_GODN" : 0,
        "PMNTN_MTRQ" : " ",
        "PMNTN_CNRL" : " ",
        "PMNTN_CLS_" : " ",
        "PMNTN_RISK" : " ",
        "PMNTN_RECO" : " ",
        "DATA_STDR_" : "2016-12-31",
        "MNTN_ID" : "441304001"
      },
      "geometry" : {
        "paths" : [
          [
            [
              213603.87050000206,
              465929.20030000061
            ],
            [
              213605.65189999901,
              465926.07960000075
            ],
            [
              213604.13983022794,
              465921.44891538285
            ],
            [
              213604.02579999994,
              465921.09970000014
            ]
          ]
        ]
      }
    },
    {
      "attributes" : {
        "FID" : 14,
        "PMNTN_SN" : 33070,
        "MNTN_CODE" : "441304001",
        "MNTN_NM" : "수도산",
        "PMNTN_NM" : "청수동구간",
        "PMNTN_MAIN" : " ",
        "PMNTN_LT" : 0.08,
        "PMNTN_DFFL" : "쉬움",
        "PMNTN_UPPL" : 1,
        "PMNTN_GODN" : 1,
        "PMNTN_MTRQ" : " ",
        "PMNTN_CNRL" : " ",
        "PMNTN_CLS_" : " ",
        "PMNTN_RISK" : " ",
        "PMNTN_RECO" : " ",
        "DATA_STDR_" : "2016-12-31",
        "MNTN_ID" : "441304001"
      },
      "geometry" : {
        "paths" : [
          [
            [
              213542.06560000218,
              465975.69370000064
            ],
            [
              213554.05780000053,
              465968.83580000326
            ],
            [
              213563.68850000016,
              465963.5055999998
            ],
            [
              213570.68759999983,
              465958.55360000208
            ],
            [
              213578.98360000271,
              465953.95940000005
            ],
            [
              213583.6930000037,
              465948.60850000009
            ],
            [
              213592.50050000101,
              465942.58500000276
            ],
            [
              213598.55250000022,
              465937.29470000044
            ],
            [
              213603.87050000206,
              465929.20030000061
            ]
          ]
        ]
      }
    },
    {
      "attributes" : {
        "FID" : 15,
        "PMNTN_SN" : 33071,
        "MNTN_CODE" : "441304001",
        "MNTN_NM" : "수도산",
        "PMNTN_NM" : "청수동구간",
        "PMNTN_MAIN" : " ",
        "PMNTN_LT" : 0.06,
        "PMNTN_DFFL" : "쉬움",
        "PMNTN_UPPL" : 1,
        "PMNTN_GODN" : 1,
        "PMNTN_MTRQ" : " ",
        "PMNTN_CNRL" : " ",
        "PMNTN_CLS_" : " ",
        "PMNTN_RISK" : " ",
        "PMNTN_RECO" : " ",
        "DATA_STDR_" : "2016-12-31",
        "MNTN_ID" : "441304001"
      },
      "geometry" : {
        "paths" : [
          [
            [
              213519.93250000104,
              465960.15490000136
            ],
            [
              213516.18490000162,
              465955.22580000013
            ],
            [
              213514.82370000239,
              465952.33770000003
            ],
            [
              213514.82849999983,
              465949.28190000169
            ],
            [
              213512.10700000264,
              465943.16599999927
            ],
            [
              213510.06539999973,
              465938.91860000417
            ],
            [
              213506.31109999865,
              465938.06400000118
            ],
            [
              213502.22330000065,
              465932.28540000319
            ],
            [
              213500.01020000316,
              465928.54730000347
            ],
            [
              213500.35780000035,
              465924.64310000278
            ],
            [
              213498.82620000094,
              465921.58490000106
            ],
            [
              213497.29250000231,
              465919.88480000384
            ],
            [
              213495.58850000147,
              465918.01470000297
            ],
            [
              213490.42320000287,
              465913.50290000066
            ]
          ]
        ]
      }
    },
    {
      "attributes" : {
        "FID" : 16,
        "PMNTN_SN" : 33072,
        "MNTN_CODE" : "441304001",
        "MNTN_NM" : "수도산",
        "PMNTN_NM" : "청수동구간",
        "PMNTN_MAIN" : " ",
        "PMNTN_LT" : 0.03,
        "PMNTN_DFFL" : "쉬움",
        "PMNTN_UPPL" : 1,
        "PMNTN_GODN" : 0,
        "PMNTN_MTRQ" : " ",
        "PMNTN_CNRL" : " ",
        "PMNTN_CLS_" : " ",
        "PMNTN_RISK" : " ",
        "PMNTN_RECO" : " ",
        "DATA_STDR_" : "2016-12-31",
        "MNTN_ID" : "441304001"
      },
      "geometry" : {
        "paths" : [
          [
            [
              213542.06560000218,
              465975.69370000064
            ],
            [
              213535.24369999953,
              465973.42030000128
            ],
            [
              213529.80650000181,
              465971.34569999948
            ],
            [
              213524.44450000022,
              465965.52339999937
            ],
            [
              213519.93250000104,
              465960.15490000136
            ]
          ]
        ]
      }
    },
    {
      "attributes" : {
        "FID" : 17,
        "PMNTN_SN" : 33073,
        "MNTN_CODE" : "441304001",
        "MNTN_NM" : "수도산",
        "PMNTN_NM" : "청수동구간",
        "PMNTN_MAIN" : " ",
        "PMNTN_LT" : 0.02,
        "PMNTN_DFFL" : "쉬움",
        "PMNTN_UPPL" : 1,
        "PMNTN_GODN" : 0,
        "PMNTN_MTRQ" : " ",
        "PMNTN_CNRL" : " ",
        "PMNTN_CLS_" : " ",
        "PMNTN_RISK" : " ",
        "PMNTN_RECO" : " ",
        "DATA_STDR_" : "2016-12-31",
        "MNTN_ID" : "441304001"
      },
      "geometry" : {
        "paths" : [
          [
            [
              213524.35830000322,
              465987.10759999976
            ],
            [
              213536.62009999994,
              465979.42330000177
            ],
            [
              213541.93562515173,
              465975.78271922655
            ],
            [
              213542.06560000218,
              465975.69370000064
            ]
          ]
        ]
      }
    },
    {
      "attributes" : {
        "FID" : 18,
        "PMNTN_SN" : 33074,
        "MNTN_CODE" : "441304001",
        "MNTN_NM" : "수도산",
        "PMNTN_NM" : "청수동구간",
        "PMNTN_MAIN" : " ",
        "PMNTN_LT" : 0.07,
        "PMNTN_DFFL" : "쉬움",
        "PMNTN_UPPL" : 1,
        "PMNTN_GODN" : 1,
        "PMNTN_MTRQ" : " ",
        "PMNTN_CNRL" : " ",
        "PMNTN_CLS_" : " ",
        "PMNTN_RISK" : " ",
        "PMNTN_RECO" : " ",
        "DATA_STDR_" : "2016-12-31",
        "MNTN_ID" : "441304001"
      },
      "geometry" : {
        "paths" : [
          [
            [
              213604.02579999994,
              465921.09970000014
            ],
            [
              213586.10670000128,
              465916.86150000058
            ],
            [
              213576.23020000011,
              465912.69570000097
            ],
            [
              213562.84069999959,
              465903.60979999974
            ],
            [
              213548.68492699787,
              465883.13853898272
            ],
            [
              213548.54750000034,
              465882.93980000168
            ]
          ]
        ]
      }
    },
    {
      "attributes" : {
        "FID" : 19,
        "PMNTN_SN" : 33075,
        "MNTN_CODE" : "441304001",
        "MNTN_NM" : "수도산",
        "PMNTN_NM" : "청수동구간",
        "PMNTN_MAIN" : " ",
        "PMNTN_LT" : 0.04,
        "PMNTN_DFFL" : "쉬움",
        "PMNTN_UPPL" : 1,
        "PMNTN_GODN" : 0,
        "PMNTN_MTRQ" : " ",
        "PMNTN_CNRL" : " ",
        "PMNTN_CLS_" : " ",
        "PMNTN_RISK" : " ",
        "PMNTN_RECO" : " ",
        "DATA_STDR_" : "2016-12-31",
        "MNTN_ID" : "441304001"
      },
      "geometry" : {
        "paths" : [
          [
            [
              213565.74560000002,
              465831.92400000244
            ],
            [
              213564.97970000282,
              465837.25520000421
            ],
            [
              213561.65560000204,
              465840.71289999969
            ],
            [
              213557.52970000077,
              465843.00589999929
            ],
            [
              213553.75360000413,
              465843.29780000262
            ],
            [
              213549.06310000084,
              465841.41490000114
            ],
            [
              213544.68990000337,
              465838.65929999948
            ],
            [
              213538.67540000193,
              465840.01990000159
            ],
            [
              213535.09600000177,
              465845.18570000306
            ]
          ]
        ]
      }
    },
    {
      "attributes" : {
        "FID" : 20,
        "PMNTN_SN" : 33076,
        "MNTN_CODE" : "441304001",
        "MNTN_NM" : "수도산",
        "PMNTN_NM" : "청수동구간",
        "PMNTN_MAIN" : " ",
        "PMNTN_LT" : 0.08,
        "PMNTN_DFFL" : "쉬움",
        "PMNTN_UPPL" : 1,
        "PMNTN_GODN" : 1,
        "PMNTN_MTRQ" : " ",
        "PMNTN_CNRL" : " ",
        "PMNTN_CLS_" : " ",
        "PMNTN_RISK" : " ",
        "PMNTN_RECO" : " ",
        "DATA_STDR_" : "2016-12-31",
        "MNTN_ID" : "441304001"
      },
      "geometry" : {
        "paths" : [
          [
            [
              213520.80250000115,
              465828.72509999946
            ],
            [
              213515.98190000094,
              465825.84360000119
            ],
            [
              213504.38810000103,
              465820.253800001
            ],
            [
              213496.21300000232,
              465817.46189999953
            ],
            [
              213486.71239999961,
              465815.89190000296
            ],
            [
              213475.96550000086,
              465812.82499999925
            ],
            [
              213467.01720000152,
              465808.50150000304
            ],
            [
              213455.72360000107,
              465804.07430000231
            ],
            [
              213444.68445096631,
              465800.75799284503
            ],
            [
              213443.43219999969,
              465800.38179999962
            ]
          ]
        ]
      }
    },
    {
      "attributes" : {
        "FID" : 21,
        "PMNTN_SN" : 33077,
        "MNTN_CODE" : "441304001",
        "MNTN_NM" : "수도산",
        "PMNTN_NM" : "청수동구간",
        "PMNTN_MAIN" : " ",
        "PMNTN_LT" : 0.04,
        "PMNTN_DFFL" : "쉬움",
        "PMNTN_UPPL" : 1,
        "PMNTN_GODN" : 0,
        "PMNTN_MTRQ" : " ",
        "PMNTN_CNRL" : " ",
        "PMNTN_CLS_" : " ",
        "PMNTN_RISK" : " ",
        "PMNTN_RECO" : " ",
        "DATA_STDR_" : "2016-12-31",
        "MNTN_ID" : "441304001"
      },
      "geometry" : {
        "paths" : [
          [
            [
              213443.43219999969,
              465800.38179999962
            ],
            [
              213432.00609999988,
              465795.30470000021
            ],
            [
              213417.48740000091,
              465791.29020000063
            ],
            [
              213409.37949999981,
              465786.95119999908
            ]
          ]
        ]
      }
    },
    {
      "attributes" : {
        "FID" : 22,
        "PMNTN_SN" : 33078,
        "MNTN_CODE" : "441304001",
        "MNTN_NM" : "수도산",
        "PMNTN_NM" : "청수동구간",
        "PMNTN_MAIN" : " ",
        "PMNTN_LT" : 0.06,
        "PMNTN_DFFL" : "쉬움",
        "PMNTN_UPPL" : 1,
        "PMNTN_GODN" : 1,
        "PMNTN_MTRQ" : " ",
        "PMNTN_CNRL" : " ",
        "PMNTN_CLS_" : " ",
        "PMNTN_RISK" : " ",
        "PMNTN_RECO" : " ",
        "DATA_STDR_" : "2016-12-31",
        "MNTN_ID" : "441304001"
      },
      "geometry" : {
        "paths" : [
          [
            [
              213409.37949999981,
              465786.95119999908
            ],
            [
              213409.37949999981,
              465786.95119999908
            ],
            [
              213405.58120000083,
              465780.9531000033
            ],
            [
              213402.68090000097,
              465773.26659999974
            ],
            [
              213399.47250000201,
              465764.76369999908
            ],
            [
              213396.47219999973,
              465754.54040000215
            ],
            [
              213395.10020000022,
              465744.28150000051
            ],
            [
              213394.30810000002,
              465734.61950000189
            ]
          ]
        ]
      }
    },
    {
      "attributes" : {
        "FID" : 23,
        "PMNTN_SN" : 33079,
        "MNTN_CODE" : "441304001",
        "MNTN_NM" : "수도산",
        "PMNTN_NM" : "청수동구간",
        "PMNTN_MAIN" : " ",
        "PMNTN_LT" : 0.02,
        "PMNTN_DFFL" : "쉬움",
        "PMNTN_UPPL" : 1,
        "PMNTN_GODN" : 0,
        "PMNTN_MTRQ" : " ",
        "PMNTN_CNRL" : " ",
        "PMNTN_CLS_" : " ",
        "PMNTN_RISK" : " ",
        "PMNTN_RECO" : " ",
        "DATA_STDR_" : "2016-12-31",
        "MNTN_ID" : "441304001"
      },
      "geometry" : {
        "paths" : [
          [
            [
              213535.09600000177,
              465845.18570000306
            ],
            [
              213535.09600000177,
              465845.18570000306
            ],
            [
              213529.38449999969,
              465839.38609999977
            ],
            [
              213527.10570000298,
              465832.87759999931
            ],
            [
              213520.80250000115,
              465828.72509999946
            ]
          ]
        ]
      }
    },
    {
      "attributes" : {
        "FID" : 24,
        "PMNTN_SN" : 33080,
        "MNTN_CODE" : "441304001",
        "MNTN_NM" : "수도산",
        "PMNTN_NM" : "청수동구간",
        "PMNTN_MAIN" : " ",
        "PMNTN_LT" : 0.04,
        "PMNTN_DFFL" : "쉬움",
        "PMNTN_UPPL" : 1,
        "PMNTN_GODN" : 0,
        "PMNTN_MTRQ" : " ",
        "PMNTN_CNRL" : " ",
        "PMNTN_CLS_" : " ",
        "PMNTN_RISK" : " ",
        "PMNTN_RECO" : " ",
        "DATA_STDR_" : "2016-12-31",
        "MNTN_ID" : "441304001"
      },
      "geometry" : {
        "paths" : [
          [
            [
              213548.54750000034,
              465882.93980000168
            ],
            [
              213542.67279999983,
              465875.12730000354
            ],
            [
              213542.30549999978,
              465867.25599999912
            ],
            [
              213539.5828999998,
              465859.14800000377
            ],
            [
              213539.30399999954,
              465851.22000000067
            ],
            [
              213535.09600000177,
              465845.18570000306
            ]
          ]
        ]
      }
    },
    {
      "attributes" : {
        "FID" : 25,
        "PMNTN_SN" : 33081,
        "MNTN_CODE" : "441304001",
        "MNTN_NM" : "수도산",
        "PMNTN_NM" : "청수동구간",
        "PMNTN_MAIN" : " ",
        "PMNTN_LT" : 0.06,
        "PMNTN_DFFL" : "쉬움",
        "PMNTN_UPPL" : 1,
        "PMNTN_GODN" : 1,
        "PMNTN_MTRQ" : " ",
        "PMNTN_CNRL" : " ",
        "PMNTN_CLS_" : " ",
        "PMNTN_RISK" : " ",
        "PMNTN_RECO" : " ",
        "DATA_STDR_" : "2016-12-31",
        "MNTN_ID" : "441304001"
      },
      "geometry" : {
        "paths" : [
          [
            [
              213604.02579999994,
              465921.09970000014
            ],
            [
              213600.98419999983,
              465917.52690000087
            ],
            [
              213596.58229999989,
              465914.76560000144
            ],
            [
              213593.66330000013,
              465905.48929999955
            ],
            [
              213587.96290000249,
              465895.57619999908
            ],
            [
              213582.39790000208,
              465889.53820000775
            ],
            [
              213576.93580000196,
              465883.74540000223
            ],
            [
              213571.4999000011,
              465878.08889999986
            ],
            [
              213565.90859999973,
              465872.27070000209
            ]
          ]
        ]
      }
    },
    {
      "attributes" : {
        "FID" : 26,
        "PMNTN_SN" : 33082,
        "MNTN_CODE" : "441304001",
        "MNTN_NM" : "수도산",
        "PMNTN_NM" : "청수동구간",
        "PMNTN_MAIN" : " ",
        "PMNTN_LT" : 0.05,
        "PMNTN_DFFL" : "쉬움",
        "PMNTN_UPPL" : 1,
        "PMNTN_GODN" : 1,
        "PMNTN_MTRQ" : " ",
        "PMNTN_CNRL" : " ",
        "PMNTN_CLS_" : " ",
        "PMNTN_RISK" : " ",
        "PMNTN_RECO" : " ",
        "DATA_STDR_" : "2016-12-31",
        "MNTN_ID" : "441304001"
      },
      "geometry" : {
        "paths" : [
          [
            [
              213565.90859999973,
              465872.27070000209
            ],
            [
              213572.77960000094,
              465863.59020000137
            ],
            [
              213574.93790000118,
              465859.0474000033
            ],
            [
              213576.15100000054,
              465857.17750000022
            ],
            [
              213577.10000000242,
              465852.23179999739
            ],
            [
              213577.23860000074,
              465849.55780000426
            ],
            [
              213576.70470000245,
              465847.15000000037
            ],
            [
              213575.36400000099,
              465844.74100000039
            ],
            [
              213574.42670000065,
              465842.33290000074
            ],
            [
              213572.01150000095,
              465839.25360000134
            ],
            [
              213570.53530000243,
              465837.37909999862
            ],
            [
              213565.74560000002,
              465831.92400000244
            ]
          ]
        ]
      }
    },
    {
      "attributes" : {
        "FID" : 27,
        "PMNTN_SN" : 33083,
        "MNTN_CODE" : "441304001",
        "MNTN_NM" : "수도산",
        "PMNTN_NM" : "청수동구간",
        "PMNTN_MAIN" : " ",
        "PMNTN_LT" : 0.04,
        "PMNTN_DFFL" : "쉬움",
        "PMNTN_UPPL" : 1,
        "PMNTN_GODN" : 0,
        "PMNTN_MTRQ" : " ",
        "PMNTN_CNRL" : " ",
        "PMNTN_CLS_" : " ",
        "PMNTN_RISK" : " ",
        "PMNTN_RECO" : " ",
        "DATA_STDR_" : "2016-12-31",
        "MNTN_ID" : "441304001"
      },
      "geometry" : {
        "paths" : [
          [
            [
              213668.25719999988,
              465987.1333000008
            ],
            [
              213667.36129999999,
              465989.82340000197
            ],
            [
              213668.13659999985,
              465992.38910000026
            ],
            [
              213669.35690000374,
              465994.58929999918
            ],
            [
              213670.02110000048,
              465996.83520000055
            ],
            [
              213671.01470000017,
              465999.12490000017
            ],
            [
              213671.5828999998,
              466001.121199999
            ],
            [
              213672.30810000096,
              466003.95670000091
            ],
            [
              213673.32409999985,
              466006.10360000096
            ],
            [
              213674.96109999996,
              466008.00030000135
            ],
            [
              213675.68230000045,
              466009.98950000294
            ],
            [
              213676.89980000071,
              466011.96160000004
            ],
            [
              213678.5148,
              466014.24540000223
            ],
            [
              213679.86399999913,
              466016.44630000181
            ],
            [
              213681.84530000016,
              466020.64030000009
            ],
            [
              213684.22172887158,
              466027.14239088446
            ],
            [
              213684.2441000035,
              466027.20360000059
            ]
          ]
        ]
      }
    },
    {
      "attributes" : {
        "FID" : 28,
        "PMNTN_SN" : 33084,
        "MNTN_CODE" : "441304001",
        "MNTN_NM" : "수도산",
        "PMNTN_NM" : "청수동구간",
        "PMNTN_MAIN" : " ",
        "PMNTN_LT" : 0.25,
        "PMNTN_DFFL" : "쉬움",
        "PMNTN_UPPL" : 4,
        "PMNTN_GODN" : 3,
        "PMNTN_MTRQ" : " ",
        "PMNTN_CNRL" : " ",
        "PMNTN_CLS_" : " ",
        "PMNTN_RISK" : " ",
        "PMNTN_RECO" : " ",
        "DATA_STDR_" : "2016-12-31",
        "MNTN_ID" : "441304001"
      },
      "geometry" : {
        "paths" : [
          [
            [
              213820.72690000199,
              465860.94109999947
            ],
            [
              213812.69919999968,
              465861.2853000015
            ],
            [
              213802.44469999988,
              465865.7033000011
            ],
            [
              213795.80280000344,
              465864.2257000003
            ],
            [
              213792.17960000038,
              465861.48610000312
            ],
            [
              213788.37810000218,
              465858.6117000021
            ],
            [
              213783.73850000091,
              465856.99380000308
            ],
            [
              213774.33680000063,
              465853.13489999995
            ],
            [
              213767.38910000119,
              465850.72919999994
            ],
            [
              213763.78860000055,
              465850.84150000103
            ],
            [
              213760.45079999976,
              465850.53230000101
            ],
            [
              213756.13350000139,
              465851.63069999777
            ],
            [
              213752.31590000261,
              465857.26559999958
            ],
            [
              213752.27540000062,
              465864.70580000058
            ],
            [
              213752.98080000002,
              465872.0484000016
            ],
            [
              213751.77310000081,
              465876.89770000055
            ],
            [
              213750.16640000138,
              465880.46890000254
            ],
            [
              213747.40690000076,
              465883.9982000012
            ],
            [
              213743.75900000054,
              465890.33300000057
            ],
            [
              213737.33530000038,
              465901.22100000083
            ],
            [
              213733.41070000362,
              465907.37879999913
            ],
            [
              213727.81439999957,
              465915.05359999835
            ],
            [
              213722.8273,
              465921.03710000217
            ],
            [
              213720.7078999998,
              465923.65130000003
            ],
            [
              213719.03240000084,
              465926.27969999984
            ],
            [
              213717.99460000172,
              465928.12619999982
            ],
            [
              213716.82160000037,
              465930.58190000057
            ],
            [
              213716.57700000145,
              465934.25950000249
            ],
            [
              213717.4626000002,
              465937.01730000041
            ],
            [
              213719.26599999983,
              465941.57790000178
            ],
            [
              213719.19739999995,
              465943.49180000089
            ],
            [
              213717.78650000133,
              465948.28030000255
            ],
            [
              213715.83480000403,
              465954.1593000032
            ],
            [
              213714.50480000023,
              465956.03510000184
            ],
            [
              213711.39430000354,
              465957.56870000064
            ],
            [
              213709.91900000069,
              465958.14069999941
            ],
            [
              213700.62060000189,
              465956.84000000171
            ],
            [
              213694.01600000169,
              465959.72680000402
            ],
            [
              213687.08459999971,
              465962.87220000103
            ],
            [
              213680.14350000117,
              465970.53270000033
            ],
            [
              213678.62140000146,
              465972.7583000008
            ],
            [
              213677.01180000324,
              465974.89610000327
            ],
            [
              213675.02590000071,
              465976.77480000257
            ],
            [
              213674.00530000404,
              465978.70700000413
            ],
            [
              213672.88150000293,
              465980.35470000096
            ],
            [
              213671.31209999975,
              465982.43230000138
            ],
            [
              213669.68040000368,
              465984.74660000391
            ],
            [
              213669.18424051721,
              465985.57865722664
            ],
            [
              213668.25719999988,
              465987.1333000008
            ]
          ]
        ]
      }
    }
  ]
}