{
  "displayFieldName" : "",
  "fieldAliases" : {
    "FID" : "FID",
    "PMNTN_SN" : "PMNTN_SN",
    "MNTN_CODE" : "MNTN_CODE",
    "MNTN_NM" : "MNTN_NM",
    "PMNTN_NM" : "PMNTN_NM",
    "PMNTN_MAIN" : "PMNTN_MAIN",
    "PMNTN_LT" : "PMNTN_LT",
    "PMNTN_DFFL" : "PMNTN_DFFL",
    "PMNTN_UPPL" : "PMNTN_UPPL",
    "PMNTN_GODN" : "PMNTN_GODN",
    "PMNTN_MTRQ" : "PMNTN_MTRQ",
    "PMNTN_CNRL" : "PMNTN_CNRL",
    "PMNTN_CLS_" : "PMNTN_CLS_",
    "PMNTN_RISK" : "PMNTN_RISK",
    "PMNTN_RECO" : "PMNTN_RECO",
    "DATA_STDR_" : "DATA_STDR_",
    "MNTN_ID" : "MNTN_ID"
  },
  "geometryType" : "esriGeometryPolyline",
  "spatialReference" : {
    "wkt" : "PROJCS[\"PCS_ITRF2000_TM\",GEOGCS[\"GCS_ITRF_2000\",DATUM[\"D_ITRF_2000\",SPHEROID[\"GRS_1980\",6378137.0,298.257222101]],PRIMEM[\"Greenwich\",0.0],UNIT[\"Degree\",0.0174532925199433]],PROJECTION[\"Transverse_Mercator\"],PARAMETER[\"False_Easting\",200000.0],PARAMETER[\"False_Northing\",600000.0],PARAMETER[\"Central_Meridian\",127.0],PARAMETER[\"Scale_Factor\",1.0],PARAMETER[\"Latitude_Of_Origin\",38.0],UNIT[\"Meter\",1.0]]"
  },
  "fields" : [
    {
      "name" : "FID",
      "type" : "esriFieldTypeOID",
      "alias" : "FID"
    },
    {
      "name" : "PMNTN_SN",
      "type" : "esriFieldTypeDouble",
      "alias" : "PMNTN_SN"
    },
    {
      "name" : "MNTN_CODE",
      "type" : "esriFieldTypeString",
      "alias" : "MNTN_CODE",
      "length" : 9
    },
    {
      "name" : "MNTN_NM",
      "type" : "esriFieldTypeString",
      "alias" : "MNTN_NM",
      "length" : 50
    },
    {
      "name" : "PMNTN_NM",
      "type" : "esriFieldTypeString",
      "alias" : "PMNTN_NM",
      "length" : 50
    },
    {
      "name" : "PMNTN_MAIN",
      "type" : "esriFieldTypeString",
      "alias" : "PMNTN_MAIN",
      "length" : 200
    },
    {
      "name" : "PMNTN_LT",
      "type" : "esriFieldTypeSingle",
      "alias" : "PMNTN_LT"
    },
    {
      "name" : "PMNTN_DFFL",
      "type" : "esriFieldTypeString",
      "alias" : "PMNTN_DFFL",
      "length" : 8
    },
    {
      "name" : "PMNTN_UPPL",
      "type" : "esriFieldTypeDouble",
      "alias" : "PMNTN_UPPL"
    },
    {
      "name" : "PMNTN_GODN",
      "type" : "esriFieldTypeDouble",
      "alias" : "PMNTN_GODN"
    },
    {
      "name" : "PMNTN_MTRQ",
      "type" : "esriFieldTypeString",
      "alias" : "PMNTN_MTRQ",
      "length" : 200
    },
    {
      "name" : "PMNTN_CNRL",
      "type" : "esriFieldTypeString",
      "alias" : "PMNTN_CNRL",
      "length" : 1
    },
    {
      "name" : "PMNTN_CLS_",
      "type" : "esriFieldTypeString",
      "alias" : "PMNTN_CLS_",
      "length" : 1
    },
    {
      "name" : "PMNTN_RISK",
      "type" : "esriFieldTypeString",
      "alias" : "PMNTN_RISK",
      "length" : 200
    },
    {
      "name" : "PMNTN_RECO",
      "type" : "esriFieldTypeString",
      "alias" : "PMNTN_RECO",
      "length" : 1
    },
    {
      "name" : "DATA_STDR_",
      "type" : "esriFieldTypeString",
      "alias" : "DATA_STDR_",
      "length" : 10
    },
    {
      "name" : "MNTN_ID",
      "type" : "esriFieldTypeString",
      "alias" : "MNTN_ID",
      "length" : 10
    }
  ],
  "features" : [
    {
      "attributes" : {
        "FID" : 0,
        "PMNTN_SN" : 3766,
        "MNTN_CODE" : "428107204",
        "MNTN_NM" : "고사리",
        "PMNTN_NM" : "고사리둥지민박-파인힐민박구간",
        "PMNTN_MAIN" : "군사보호시설",
        "PMNTN_LT" : 2.27,
        "PMNTN_DFFL" : "쉬움",
        "PMNTN_UPPL" : 40,
        "PMNTN_GODN" : 28,
        "PMNTN_MTRQ" : "토사/암석/호박돌",
        "PMNTN_CNRL" : " ",
        "PMNTN_CLS_" : " ",
        "PMNTN_RISK" : " ",
        "PMNTN_RECO" : " ",
        "DATA_STDR_" : "2016-12-31",
        "MNTN_ID" : "428107204"
      },
      "geometry" : {
        "paths" : [
          [
            [
              305567.23500000127,
              605996.57190000266
            ],
            [
              305567.46120000165,
              606003.72050000168
            ],
            [
              305571.94989999849,
              606005.86229999922
            ],
            [
              305582.75740000047,
              606014.39140000194
            ],
            [
              305585.37890000362,
              606019.17040000111
            ],
            [
              305585.32759999949,
              606028.70000000112
            ],
            [
              305584.4608000014,
              606042.19590000063
            ],
            [
              305584.70280000102,
              606046.43260000087
            ],
            [
              305583.61970000342,
              606050.92700000107
            ],
            [
              305584.917600004,
              606055.6988999974
            ],
            [
              305578.2572000036,
              606063.60460000299
            ],
            [
              305576.65040000156,
              606067.03720000573
            ],
            [
              305577.69220000319,
              606070.21940000169
            ],
            [
              305578.99859999958,
              606073.40310000069
            ],
            [
              305582.95360000059,
              606076.33620000258
            ],
            [
              305583.74200000335,
              606077.39930000156
            ],
            [
              305584.52620000299,
              606079.25660000183
            ],
            [
              305584.77950000297,
              606081.37570000067
            ],
            [
              305583.70070000365,
              606085.07590000331
            ],
            [
              305581.83350000158,
              606087.71300000139
            ],
            [
              305581.29270000383,
              606089.82789999992
            ],
            [
              305580.47720000241,
              606093.79419999942
            ],
            [
              305580.46160000283,
              606096.70600000024
            ],
            [
              305581.7695000032,
              606099.62500000559
            ],
            [
              305581.76380000077,
              606100.68380000442
            ],
            [
              305581.7509000022,
              606103.06620000117
            ],
            [
              305580.9468000019,
              606104.91490000114
            ],
            [
              305580.67069999967,
              606107.03109999932
            ],
            [
              305580.90700000245,
              606112.32670000196
            ],
            [
              305582.73570000101,
              606116.83680000156
            ],
            [
              305586.41750000417,
              606121.35680000111
            ],
            [
              305587.72390000243,
              606124.54040000215
            ],
            [
              305590.88619999867,
              606127.20460000448
            ],
            [
              305594.0485000005,
              606129.86880000122
            ],
            [
              305593.24289999995,
              606131.9822000023
            ],
            [
              305590.30830000062,
              606136.20179999992
            ],
            [
              305587.37520000339,
              606140.15680000186
            ],
            [
              305584.9643000029,
              606145.43820000067
            ],
            [
              305583.89270000067,
              606147.81489999965
            ],
            [
              305582.24890000094,
              606158.13000000082
            ],
            [
              305582.21900000237,
              606163.68890000321
            ],
            [
              305582.96610000357,
              606172.42860000394
            ],
            [
              305585.32140000351,
              606177.47089999914
            ],
            [
              305585.04110000003,
              606180.38120000437
            ],
            [
              305581.84460000135,
              606184.07010000013
            ],
            [
              305578.91999999993,
              606186.43680000305
            ],
            [
              305576.51910000108,
              606189.86519999988
            ],
            [
              305575.44740000274,
              606192.24190000258
            ],
            [
              305575.6978999991,
              606194.89040000178
            ],
            [
              305576.49060000107,
              606195.15939999931
            ],
            [
              305578.60260000266,
              606196.22959999926
            ],
            [
              305581.51150000375,
              606196.77470000088
            ],
            [
              305583.09269999992,
              606198.10679999925
            ],
            [
              305584.14300000202,
              606199.70070000179
            ],
            [
              305585.17760000005,
              606204.20650000125
            ],
            [
              305584.37070000172,
              606206.58459999971
            ],
            [
              305584.35930000339,
              606208.70229999907
            ],
            [
              305585.40670000017,
              606210.82569999993
            ],
            [
              305587.77910000365,
              606212.69140000083
            ],
            [
              305588.30279999971,
              606213.75310000032
            ],
            [
              305591.45520000253,
              606218.27030000277
            ],
            [
              305591.42949999962,
              606223.03500000201
            ],
            [
              305592.20370000415,
              606226.74520000257
            ],
            [
              305592.97510000411,
              606230.98489999957
            ],
            [
              305592.96370000392,
              606233.10249999911
            ],
            [
              305591.08789999969,
              606237.32790000178
            ],
            [
              305590.81040000357,
              606239.7089000009
            ],
            [
              305592.90240000188,
              606244.48500000127
            ],
            [
              305595.00440000091,
              606247.40820000134
            ],
            [
              305596.84740000311,
              606249.27119999938
            ],
            [
              305596.83320000302,
              606251.91830000095
            ],
            [
              305594.9645999996,
              606254.82010000199
            ],
            [
              305593.62959999964,
              606256.93060000241
            ],
            [
              305592.82130000088,
              606259.5735000018
            ],
            [
              305594.1163000036,
              606264.8748000022
            ],
            [
              305594.36250000075,
              606268.31740000099
            ],
            [
              305593.81030000001,
              606272.54990000278
            ],
            [
              305593.25950000249,
              606276.51769999973
            ],
            [
              305593.25100000296,
              606278.10600000434
            ],
            [
              305593.50569999963,
              606279.96040000208
            ],
            [
              305594.53890000097,
              606284.73079999909
            ],
            [
              305594.52470000088,
              606287.37790000066
            ],
            [
              305594.77230000123,
              606290.55580000393
            ],
            [
              305597.4037000034,
              606293.48190000094
            ],
            [
              305599.25390000362,
              606294.02129999921
            ],
            [
              305600.03090000246,
              606297.20210000128
            ],
            [
              305599.761900004,
              606297.99480000138
            ],
            [
              305597.37380000018,
              606299.04080000333
            ],
            [
              305594.71820000187,
              606300.61480000056
            ],
            [
              305593.38180000242,
              606302.99010000192
            ],
            [
              305593.11430000328,
              606303.51810000092
            ],
            [
              305593.1043000007,
              606305.37099999934
            ],
            [
              305593.88850000221,
              606307.22830000333
            ],
            [
              305595.45960000064,
              606310.41330000013
            ],
            [
              305595.45110000018,
              606312.00160000101
            ],
            [
              305593.84860000201,
              606314.64009999856
            ],
            [
              305593.56959999911,
              606317.28580000065
            ],
            [
              305593.55260000098,
              606320.46230000257
            ],
            [
              305593.27790000383,
              606322.31379999965
            ],
            [
              305592.47090000287,
              606324.69200000167
            ],
            [
              305591.66399999987,
              606327.07010000199
            ],
            [
              305591.38360000215,
              606329.98040000163
            ],
            [
              305591.89880000148,
              606332.63040000014
            ],
            [
              305591.89450000133,
              606333.42450000159
            ],
            [
              305596.06149999984,
              606346.15330000035
            ],
            [
              305598.93060000148,
              606354.11030000076
            ],
            [
              305600.73940000031,
              606362.3262000028
            ],
            [
              305605.47000000253,
              606368.70490000211
            ],
            [
              305609.95300000068,
              606371.90560000204
            ],
            [
              305613.39420000184,
              606371.92410000227
            ],
            [
              305616.04129999969,
              606371.93839999847
            ],
            [
              305622.11390000302,
              606374.88290000148
            ],
            [
              305624.48780000117,
              606376.48399999924
            ],
            [
              305628.44420000352,
              606379.15250000171
            ],
            [
              305629.75490000285,
              606381.54200000316
            ],
            [
              305632.38210000005,
              606385.2621000018
            ],
            [
              305637.3944000015,
              606388.46570000052
            ],
            [
              305639.24029999971,
              606389.79920000024
            ],
            [
              305641.61409999989,
              606391.40030000173
            ],
            [
              305651.12520000245,
              606394.89280000329
            ],
            [
              305659.82350000367,
              606401.82220000029
            ],
            [
              305667.72920000274,
              606408.48270000517
            ],
            [
              305682.76499999966,
              606418.35810000077
            ],
            [
              305687.23370000347,
              606424.20590000227
            ],
            [
              305690.62650000397,
              606433.2245000042
            ],
            [
              305693.25510000158,
              606436.6799999997
            ],
            [
              305695.63320000283,
              606437.48690000176
            ],
            [
              305708.80170000251,
              606449.99950000271
            ],
            [
              305712.73820000142,
              606456.37390000187
            ],
            [
              305714.29220000003,
              606462.73540000059
            ],
            [
              305717.70070000272,
              606468.84230000526
            ],
            [
              305724.27570000105,
              606476.81920000166
            ],
            [
              305729.01339999959,
              606481.87429999933
            ],
            [
              305732.70090000052,
              606485.33540000021
            ],
            [
              305736.122100004,
              606489.05990000255
            ],
            [
              305737.95800000243,
              606492.24640000053
            ],
            [
              305742.70430000219,
              606495.71319999732
            ],
            [
              305745.58050000109,
              606502.34660000168
            ],
            [
              305748.99040000234,
              606508.18869999982
            ],
            [
              305751.62750000507,
              606510.05590000004
            ],
            [
              305753.46190000325,
              606513.50709999911
            ],
            [
              305754.24040000234,
              606516.42320000008
            ],
            [
              305754.74990000296,
              606520.13200000115
            ],
            [
              305756.84330000263,
              606524.64340000413
            ],
            [
              305759.46910000127,
              606528.62830000184
            ],
            [
              305759.97860000376,
              606532.33709999919
            ],
            [
              305760.50370000117,
              606533.13410000131
            ],
            [
              305757.25030000322,
              606547.41129999794
            ],
            [
              305758.01020000409,
              606553.76860000379
            ],
            [
              305760.63029999752,
              606558.81230000034
            ],
            [
              305762.46470000315,
              606562.26349999942
            ],
            [
              305763.50080000237,
              606566.50450000167
            ],
            [
              305763.48230000306,
              606569.94580000266
            ],
            [
              305762.93430000078,
              606573.38410000131
            ],
            [
              305764.23510000203,
              606577.62659999914
            ],
            [
              305763.9589999998,
              606579.74280000292
            ],
            [
              305762.08320000023,
              606583.9682
            ],
            [
              305759.93710000254,
              606589.25100000016
            ],
            [
              305759.36780000292,
              606596.66000000015
            ],
            [
              305759.35070000216,
              606599.83650000021
            ],
            [
              305761.17659999989,
              606604.87600000016
            ],
            [
              305761.41710000392,
              606609.37749999948
            ],
            [
              305761.12670000177,
              606614.14080000296
            ],
            [
              305760.8535000002,
              606615.72770000063
            ],
            [
              305761.07550000399,
              606623.67040000111
            ],
            [
              305758.3956000004,
              606629.7444000002
            ],
            [
              305756.25370000303,
              606634.23310000449
            ],
            [
              305752.79399999976,
              606637.65580000356
            ],
            [
              305749.34140000027,
              606639.75500000268
            ],
            [
              305746.95050000399,
              606641.33040000126
            ],
            [
              305744.55240000226,
              606644.2293999996
            ],
            [
              305743.74550000206,
              606646.60750000365
            ],
            [
              305743.45090000238,
              606652.16500000097
            ],
            [
              305743.42090000026,
              606657.7239000015
            ],
            [
              305744.70460000075,
              606665.14290000126
            ],
            [
              305746.26440000348,
              606670.44560000114
            ],
            [
              305748.8787000021,
              606676.54810000211
            ],
            [
              305750.97220000345,
              606681.0596000012
            ],
            [
              305753.87120000087,
              606683.45760000125
            ],
            [
              305754.66249999963,
              606683.99130000174
            ],
            [
              305754.64390000142,
              606687.43260000087
            ],
            [
              305764.66160000395,
              606695.16320000216
            ],
            [
              305769.40930000227,
              606698.36540000141
            ],
            [
              305772.31400000025,
              606699.70460000262
            ],
            [
              305775.74239999987,
              606702.1054999996
            ],
            [
              305777.05310000014,
              606704.49499999918
            ],
            [
              305778.6257000016,
              606707.41540000215
            ],
            [
              305778.59720000252,
              606712.70949999988
            ],
            [
              305778.05780000146,
              606714.55969999917
            ],
            [
              305777.5127000045,
              606717.46859999932
            ],
            [
              305778.81780000031,
              606720.91699999943
            ],
            [
              305779.59759999905,
              606723.56830000132
            ],
            [
              305780.11850000266,
              606725.15939999744
            ],
            [
              305780.35049999971,
              606731.2491999995
            ],
            [
              305780.33190000337,
              606734.69040000252
            ],
            [
              305780.31200000457,
              606738.39630000293
            ],
            [
              305780.56110000052,
              606741.30960000306
            ],
            [
              305781.33100000303,
              606745.81390000507
            ],
            [
              305785.2703000037,
              606751.65890000015
            ],
            [
              305787.89170000143,
              606756.43790000118
            ],
            [
              305791.03830000013,
              606762.01380000263
            ],
            [
              305794.73000000231,
              606764.68090000004
            ],
            [
              305797.62899999972,
              606767.07890000008
            ],
            [
              305800.78840000276,
              606770.27250000648
            ],
            [
              305803.15520000178,
              606773.19720000215
            ],
            [
              305804.47020000312,
              606774.79250000231
            ],
            [
              305806.30890000146,
              606777.44959999993
            ],
            [
              305807.08310000319,
              606781.15980000235
            ],
            [
              305807.58970000315,
              606785.39800000191
            ],
            [
              305808.89470000286,
              606788.84630000032
            ],
            [
              305810.47020000312,
              606791.23729999922
            ],
            [
              305812.29470000323,
              606796.54140000045
            ],
            [
              305813.33780000359,
              606799.45890000463
            ],
            [
              305815.97070000321,
              606802.1203000024
            ],
            [
              305818.33740000147,
              606805.0449000001
            ],
            [
              305820.96310000308,
              606809.02979999967
            ],
            [
              305823.32840000093,
              606812.2191000022
            ],
            [
              305826.21600000188,
              606816.73480000719
            ],
            [
              305826.4749999987,
              606817.79509999976
            ],
            [
              305826.4579000026,
              606820.97160000168
            ],
            [
              305826.71980000008,
              606821.50240000151
            ],
            [
              305828.25820000004,
              606830.77580000274
            ],
            [
              305832.20040000044,
              606836.09139999934
            ],
            [
              305838.53490000404,
              606839.56680000015
            ],
            [
              305843.55580000114,
              606841.18210000545
            ],
            [
              305846.7238000026,
              606842.78740000166
            ],
            [
              305848.82720000297,
              606845.44590000063
            ],
            [
              305850.65880000126,
              606849.42650000192
            ],
            [
              305851.96530000307,
              606852.61020000093
            ],
            [
              305853.52929999959,
              606857.11880000122
            ],
            [
              305856.4112000037,
              606862.69330000319
            ],
            [
              305859.56630000193,
              606866.68110000342
            ],
            [
              305864.83350000065,
              606871.73900000192
            ],
            [
              305869.57970000338,
              606875.20590000413
            ],
            [
              305873.27280000411,
              606877.6082000006
            ],
            [
              305880.12250000332,
              606883.73350000195
            ],
            [
              305887.51160000544,
              606888.00879999995
            ],
            [
              305894.11510000285,
              606890.69150000252
            ],
            [
              305898.32479999959,
              606895.47900000215
            ],
            [
              305901.22090000287,
              606898.40650000051
            ],
            [
              305917.28129999992,
              606914.64069999941
            ],
            [
              305922.53710000124,
              606921.81630000286
            ],
            [
              305925.70080000348,
              606924.21580000222
            ],
            [
              305928.0661000004,
              606927.40510000102
            ],
            [
              305933.85259999987,
              606934.31890000403
            ],
            [
              305938.56759999972,
              606943.60930000059
            ],
            [
              305943.57000000123,
              606948.66590000317
            ],
            [
              305947.52210000157,
              606952.12850000151
            ],
            [
              305953.29300000146,
              606961.95409999974
            ],
            [
              305957.23090000264,
              606968.06370000355
            ],
            [
              305963.30350000132,
              606971.00830000453
            ],
            [
              305967.79080000147,
              606973.41489999928
            ],
            [
              305970.68120000139,
              606977.40120000392
            ],
            [
              305971.96770000271,
              606984.29080000333
            ],
            [
              305973.27990000322,
              606986.41560000181
            ],
            [
              305975.65660000127,
              606987.48720000125
            ],
            [
              305977.503800001,
              606988.55600000359
            ],
            [
              305980.41280000191,
              606989.10109999962
            ],
            [
              305985.71840000059,
              606987.01190000027
            ],
            [
              305988.36980000231,
              606986.23200000264
            ],
            [
              305990.22130000498,
              606986.50669999979
            ],
            [
              305988.88350000326,
              606989.14670000412
            ],
            [
              305985.95600000117,
              606992.04279999994
            ],
            [
              305982.49770000391,
              606995.20080000162
            ],
            [
              305979.56030000001,
              606999.94990000129
            ],
            [
              305978.480100004,
              607003.91489999928
            ],
            [
              305978.47010000143,
              607005.76780000702
            ],
            [
              305977.39850000199,
              607008.1445000004
            ],
            [
              305977.39420000277,
              607008.93860000186
            ],
            [
              305977.58630000334,
              607022.44030000269
            ],
            [
              305975.98800000362,
              607024.28470000066
            ],
            [
              305974.12220000196,
              607026.65710000135
            ],
            [
              305972.24360000342,
              607031.41190000251
            ],
            [
              305971.16489999834,
              607035.11210000142
            ],
            [
              305968.23310000263,
              607038.80240000226
            ],
            [
              305966.6305999998,
              607041.44090000167
            ],
            [
              305963.69600000139,
              607045.66060000099
            ],
            [
              305959.69550000038,
              607051.19820000231
            ],
            [
              305956.49760000035,
              607055.15170000121
            ],
            [
              305955.6892000027,
              607057.79450000077
            ],
            [
              305955.14560000319,
              607060.43880000152
            ],
            [
              305953.27270000521,
              607064.13470000215
            ],
            [
              305950.36230000202,
              607063.85440000147
            ],
            [
              305947.7237000037,
              607062.25190000422
            ],
            [
              305944.02490000241,
              607060.90839999914
            ],
            [
              305941.10030000284,
              607063.27510000207
            ],
            [
              305939.75820000283,
              607066.70920000225
            ],
            [
              305939.2032000022,
              607071.47110000253
            ],
            [
              305938.66810000036,
              607072.52710000239
            ],
            [
              305936.01379999984,
              607073.83640000038
            ],
            [
              305931.24909999967,
              607073.81080000103
            ],
            [
              305927.28699999955,
              607072.20110000111
            ],
            [
              305924.38940000068,
              607069.53840000369
            ],
            [
              305921.74230000004,
              607069.5241000019
            ],
            [
              305918.83340000361,
              607068.97910000384
            ],
            [
              305912.44900000188,
              607074.76850000024
            ],
            [
              305904.50770000182,
              607074.72569999844
            ],
            [
              305902.92660000362,
              607073.3936999999
            ],
            [
              305900.01190000121,
              607073.90740000084
            ],
            [
              305898.1433000043,
              607076.80920000002
            ],
            [
              305897.59400000051,
              607080.51229999959
            ],
            [
              305895.98010000307,
              607085.2685000021
            ],
            [
              305891.20529999956,
              607087.09589999914
            ],
            [
              305881.92770000175,
              607089.42840000056
            ],
            [
              305871.05890000053,
              607092.2818
            ],
            [
              305866.54750000313,
              607094.37530000135
            ],
            [
              305863.88469999842,
              607097.27280000411
            ],
            [
              305861.49090000149,
              607099.377700001
            ],
            [
              305857.23280000221,
              607103.5903000012
            ],
            [
              305855.10660000145,
              607105.16710000299
            ],
            [
              305850.85410000384,
              607108.32080000266
            ],
            [
              305848.47030000202,
              607108.5727000013
            ],
            [
              305844.76150000095,
              607109.08220000006
            ],
            [
              305832.58210000303,
              607109.54609999992
            ],
            [
              305826.22330000158,
              607110.57080000266
            ],
            [
              305819.87170000374,
              607110.27190000378
            ],
            [
              305813.26250000391,
              607108.64800000004
            ],
            [
              305810.3607000038,
              607106.77940000221
            ],
            [
              305804.00629999954,
              607107.00990000181
            ],
            [
              305799.22439999878,
              607110.16080000065
            ],
            [
              305793.91740000341,
              607112.51470000111
            ],
            [
              305785.42390000168,
              607116.70440000109
            ],
            [
              305782.22459999938,
              607120.92270000093
            ],
            [
              305781.4076999994,
              607125.15380000137
            ],
            [
              305779.00960000232,
              607128.05279999971
            ],
            [
              305771.85389999952,
              607129.6026000008
            ],
            [
              305765.23050000146,
              607130.62579999864
            ],
            [
              305760.73190000374,
              607130.33689999953
            ],
            [
              305757.55960000306,
              607129.52569999918
            ],
            [
              305755.70670000184,
              607129.51569999941
            ],
            [
              305742.22220000345,
              607126.53119999915
            ],
            [
              305735.88480000012,
              607123.58529999852
            ],
            [
              305722.3675000025,
              607126.68909999914
            ],
            [
              305718.12790000532,
              607127.46050000191
            ],
            [
              305711.77630000189,
              607127.16160000116
            ],
            [
              305700.91330000199,
              607128.95610000007
            ],
            [
              305694.01660000067,
              607131.56620000303
            ],
            [
              305684.74180000275,
              607133.36930000409
            ],
            [
              305677.32570000272,
              607134.12360000238
            ],
            [
              305670.1586000016,
              607137.79099999927
            ],
            [
              305660.86670000199,
              607142.77070000023
            ],
            [
              305654.49370000418,
              607146.44239999913
            ],
            [
              305649.44290000107,
              607150.38599999994
            ],
            [
              305642.78950000275,
              607156.96810000204
            ],
            [
              305636.92179999966,
              607165.14280000143
            ],
            [
              305632.12990000006,
              607170.14660000242
            ],
            [
              305629.46579999942,
              607173.30890000053
            ],
            [
              305615.88720000256,
              607187.79529999942
            ],
            [
              305608.98340000026,
              607191.72890000232
            ],
            [
              305605.26330000348,
              607194.35600000061
            ],
            [
              305602.8552000029,
              607199.10800000094
            ],
            [
              305603.88130000234,
              607205.20199999958
            ],
            [
              305605.69440000132,
              607212.62380000018
            ],
            [
              305606.46150000021,
              607217.65760000236
            ],
            [
              305604.32239999995,
              607221.61680000275
            ],
            [
              305600.34889999963,
              607222.12480000034
            ],
            [
              305597.69610000309,
              607223.16940000467
            ],
            [
              305594.76580000389,
              607226.59500000067
            ],
            [
              305589.45450000186,
              607229.74300000258
            ],
            [
              305584.68270000163,
              607231.04090000317
            ],
            [
              305577.52270000055,
              607233.38490000181
            ],
            [
              305573.0055000037,
              607236.537200002
            ],
            [
              305567.96610000171,
              607238.36309999973
            ],
            [
              305559.75440000091,
              607239.377700001
            ],
            [
              305553.12959999871,
              607240.66569999978
            ],
            [
              305551.27090000175,
              607241.71450000256
            ],
            [
              305531.3906000033,
              607246.63719999976
            ],
            [
              305523.691300001,
              607250.83120000176
            ],
            [
              305519.69780000113,
              607255.04519999959
            ],
            [
              305515.97199999914,
              607258.73119999841
            ],
            [
              305510.92400000338,
              607262.1454000026
            ],
            [
              305505.0961000016,
              607262.90820000134
            ],
            [
              305501.65490000043,
              607262.88960000314
            ],
            [
              305498.74310000334,
              607262.87399999797
            ],
            [
              305496.08600000106,
              607264.71270000003
            ],
            [
              305495.27910000272,
              607267.09080000222
            ],
            [
              305493.93990000058,
              607269.99550000392
            ],
            [
              305490.75620000158,
              607271.30189999938
            ],
            [
              305487.31500000041,
              607271.28339999914
            ],
            [
              305484.66360000055,
              607272.06330000237
            ],
            [
              305483.05970000103,
              607274.96660000086
            ],
            [
              305481.73050000146,
              607276.01830000058
            ],
            [
              305475.90969999973,
              607275.45750000142
            ],
            [
              305472.47420000285,
              607274.38020000234
            ],
            [
              305469.58230000176,
              607270.65860000066
            ],
            [
              305467.20280000195,
              607270.11630000174
            ],
            [
              305464.2938000001,
              607269.57130000181
            ],
            [
              305460.8526000008,
              607269.55269999988
            ],
            [
              305453.43509999942,
              607270.57169999927
            ],
            [
              305451.03420000151,
              607274.00010000169
            ],
            [
              305450.47339999955,
              607279.8208000008
            ],
            [
              305448.59770000353,
              607284.04620000347
            ],
            [
              305441.16160000395,
              607288.50640000217
            ],
            [
              305437.70750000235,
              607290.8703000024
            ],
            [
              305433.19749999698,
              607292.69899999909
            ],
            [
              305426.5811999999,
              607292.39870000258
            ],
            [
              305421.29410000332,
              607291.04670000449
            ],
            [
              305421.0408000024,
              607288.92760000005
            ],
            [
              305420.26100000087,
              607286.2762000002
            ],
            [
              305419.74580000248,
              607283.62629999965
            ],
            [
              305418.16750000417,
              607281.7648000028
            ],
            [
              305414.73620000016,
              607279.89330000058
            ],
            [
              305409.7182000028,
              607277.74850000255
            ],
            [
              305408.3989000041,
              607276.94730000198
            ],
            [
              305407.34000000078,
              607276.94160000049
            ],
            [
              305406.54310000222,
              607277.46670000255
            ],
            [
              305400.42200000398,
              607283.52229999937
            ],
            [
              305399.08990000375,
              607285.10340000317
            ],
            [
              305396.93800000194,
              607291.4450000003
            ],
            [
              305397.16569999885,
              607298.32890000194
            ],
            [
              305398.19040000252,
              607304.68760000356
            ],
            [
              305398.71129999869,
              607306.27869999968
            ],
            [
              305398.67849999946,
              607312.36700000241
            ],
            [
              305395.74530000146,
              607316.32200000063
            ],
            [
              305392.55170000345,
              607319.48140000179
            ],
            [
              305390.41410000343,
              607323.17600000091
            ],
            [
              305390.92790000141,
              607326.09060000256
            ],
            [
              305395.67980000004,
              607328.49860000238
            ],
            [
              305400.17560000252,
              607329.31699999981
            ],
            [
              305405.72879999783,
              607330.40570000373
            ],
            [
              305410.18900000118,
              607337.84180000052
            ],
            [
              305413.62449999992,
              607338.91920000128
            ],
            [
              305423.91110000294,
              607345.8572000023
            ],
            [
              305422.83519999962,
              607349.02800000086
            ],
            [
              305419.91200000327,
              607351.13000000268
            ],
            [
              305417.52109999955,
              607352.70540000126
            ],
            [
              305411.16380000208,
              607353.46539999917
            ],
            [
              305406.9327000035,
              607352.64840000309
            ],
            [
              305402.95490000304,
              607353.9506000001
            ],
            [
              305399.49660000112,
              607357.10860000178
            ],
            [
              305398.41360000242,
              607361.60300000012
            ],
            [
              305397.86280000303,
              607365.57080000453
            ],
            [
              305394.38739999942,
              607371.90530000255
            ],
            [
              305390.12640000228,
              607376.64719999954
            ],
            [
              305386.39910000376,
              607380.59790000506
            ],
            [
              305379.23629999999,
              607383.47129999846
            ],
            [
              305373.39839999843,
              607386.08700000122
            ],
            [
              305367.82810000051,
              607388.17479999922
            ],
            [
              305359.35460000113,
              607388.65860000066
            ],
            [
              305350.6135000037,
              607389.67050000094
            ],
            [
              305345.31500000134,
              607390.43610000238
            ],
            [
              305341.09750000294,
              607389.50300000049
            ],
            [
              305336.3178000031,
              607389.85830000229
            ],
            [
              305329.97470000293,
              607387.97110000253
            ],
            [
              305322.30950000323,
              607385.81210000254
            ],
            [
              305318.08130000439,
              607384.46580000035
            ],
            [
              305313.32940000109,
              607382.05780000053
            ],
            [
              305309.63910000026,
              607379.12600000203
            ],
            [
              305303.56650000159,
              607376.1815000046
            ],
            [
              305302.51330000255,
              607375.11690000072
            ],
            [
              305298.54840000346,
              607374.03670000099
            ],
            [
              305295.38179999869,
              607372.16669999994
            ],
            [
              305290.36519999988,
              607369.75719999894
            ],
            [
              305287.98710000329,
              607368.95030000247
            ],
            [
              305280.59090000205,
              607365.99860000052
            ],
            [
              305277.42150000203,
              607364.65800000355
            ],
            [
              305276.62644799799,
              607364.38676057383
            ]
          ]
        ]
      }
    }
  ]
}