{
  "displayFieldName" : "",
  "fieldAliases" : {
    "FID" : "FID",
    "PMNTN_SN" : "PMNTN_SN",
    "MNTN_CODE" : "MNTN_CODE",
    "MNTN_NM" : "MNTN_NM",
    "PMNTN_NM" : "PMNTN_NM",
    "PMNTN_MAIN" : "PMNTN_MAIN",
    "PMNTN_LT" : "PMNTN_LT",
    "PMNTN_DFFL" : "PMNTN_DFFL",
    "PMNTN_UPPL" : "PMNTN_UPPL",
    "PMNTN_GODN" : "PMNTN_GODN",
    "PMNTN_MTRQ" : "PMNTN_MTRQ",
    "PMNTN_CNRL" : "PMNTN_CNRL",
    "PMNTN_CLS_" : "PMNTN_CLS_",
    "PMNTN_RISK" : "PMNTN_RISK",
    "PMNTN_RECO" : "PMNTN_RECO",
    "DATA_STDR_" : "DATA_STDR_",
    "MNTN_ID" : "MNTN_ID"
  },
  "geometryType" : "esriGeometryPolyline",
  "spatialReference" : {
    "wkt" : "PROJCS[\"PCS_ITRF2000_TM\",GEOGCS[\"GCS_ITRF_2000\",DATUM[\"D_ITRF_2000\",SPHEROID[\"GRS_1980\",6378137.0,298.257222101]],PRIMEM[\"Greenwich\",0.0],UNIT[\"Degree\",0.0174532925199433]],PROJECTION[\"Transverse_Mercator\"],PARAMETER[\"False_Easting\",200000.0],PARAMETER[\"False_Northing\",600000.0],PARAMETER[\"Central_Meridian\",127.0],PARAMETER[\"Scale_Factor\",1.0],PARAMETER[\"Latitude_Of_Origin\",38.0],UNIT[\"Meter\",1.0]]"
  },
  "fields" : [
    {
      "name" : "FID",
      "type" : "esriFieldTypeOID",
      "alias" : "FID"
    },
    {
      "name" : "PMNTN_SN",
      "type" : "esriFieldTypeDouble",
      "alias" : "PMNTN_SN"
    },
    {
      "name" : "MNTN_CODE",
      "type" : "esriFieldTypeString",
      "alias" : "MNTN_CODE",
      "length" : 9
    },
    {
      "name" : "MNTN_NM",
      "type" : "esriFieldTypeString",
      "alias" : "MNTN_NM",
      "length" : 50
    },
    {
      "name" : "PMNTN_NM",
      "type" : "esriFieldTypeString",
      "alias" : "PMNTN_NM",
      "length" : 50
    },
    {
      "name" : "PMNTN_MAIN",
      "type" : "esriFieldTypeString",
      "alias" : "PMNTN_MAIN",
      "length" : 200
    },
    {
      "name" : "PMNTN_LT",
      "type" : "esriFieldTypeSingle",
      "alias" : "PMNTN_LT"
    },
    {
      "name" : "PMNTN_DFFL",
      "type" : "esriFieldTypeString",
      "alias" : "PMNTN_DFFL",
      "length" : 8
    },
    {
      "name" : "PMNTN_UPPL",
      "type" : "esriFieldTypeDouble",
      "alias" : "PMNTN_UPPL"
    },
    {
      "name" : "PMNTN_GODN",
      "type" : "esriFieldTypeDouble",
      "alias" : "PMNTN_GODN"
    },
    {
      "name" : "PMNTN_MTRQ",
      "type" : "esriFieldTypeString",
      "alias" : "PMNTN_MTRQ",
      "length" : 200
    },
    {
      "name" : "PMNTN_CNRL",
      "type" : "esriFieldTypeString",
      "alias" : "PMNTN_CNRL",
      "length" : 1
    },
    {
      "name" : "PMNTN_CLS_",
      "type" : "esriFieldTypeString",
      "alias" : "PMNTN_CLS_",
      "length" : 1
    },
    {
      "name" : "PMNTN_RISK",
      "type" : "esriFieldTypeString",
      "alias" : "PMNTN_RISK",
      "length" : 200
    },
    {
      "name" : "PMNTN_RECO",
      "type" : "esriFieldTypeString",
      "alias" : "PMNTN_RECO",
      "length" : 1
    },
    {
      "name" : "DATA_STDR_",
      "type" : "esriFieldTypeString",
      "alias" : "DATA_STDR_",
      "length" : 10
    },
    {
      "name" : "MNTN_ID",
      "type" : "esriFieldTypeString",
      "alias" : "MNTN_ID",
      "length" : 10
    }
  ],
  "features" : [
    {
      "attributes" : {
        "FID" : 0,
        "PMNTN_SN" : 43814,
        "MNTN_CODE" : "422303804",
        "MNTN_NM" : "이끼폭포",
        "PMNTN_NM" : "무건리구간",
        "PMNTN_MAIN" : " ",
        "PMNTN_LT" : 3.64,
        "PMNTN_DFFL" : "쉬움",
        "PMNTN_UPPL" : 68,
        "PMNTN_GODN" : 48,
        "PMNTN_MTRQ" : " ",
        "PMNTN_CNRL" : " ",
        "PMNTN_CLS_" : " ",
        "PMNTN_RISK" : " ",
        "PMNTN_RECO" : " ",
        "DATA_STDR_" : "2016-12-31",
        "MNTN_ID" : "422306701"
      },
      "geometry" : {
        "paths" : [
          [
            [
              385974.21860000119,
              521412.9821000006
            ],
            [
              385982.34160000086,
              521408.47550000437
            ],
            [
              385987.39650000073,
              521406.64939999953
            ],
            [
              385998.94500000123,
              521396.58899999969
            ],
            [
              386015.41830000095,
              521381.3283000011
            ],
            [
              386027.30470000207,
              521365.16009999998
            ],
            [
              386035.33560000174,
              521363.74920000136
            ],
            [
              386043.95330000203,
              521359.60420000181
            ],
            [
              386053.15920000058,
              521352.46020000055
            ],
            [
              386063.73360000178,
              521344.96890000068
            ],
            [
              386070.88460000046,
              521342.13500000164
            ],
            [
              386077.81570000201,
              521338.94529999979
            ],
            [
              386084.52680000197,
              521335.39980000071
            ],
            [
              386091.01790000126,
              521331.49850000069
            ],
            [
              386096.30250000115,
              521327.69909999892
            ],
            [
              386101.78110000119,
              521322.91379999928
            ],
            [
              386104.72369999997,
              521312.31089999899
            ],
            [
              386107.26650000084,
              521301.06090000086
            ],
            [
              386108.2890000008,
              521285.877700001
            ],
            [
              386112.76910000108,
              521281.61160000227
            ],
            [
              386116.98640000168,
              521278.05800000392
            ],
            [
              386121.40870000049,
              521274.81550000422
            ],
            [
              386126.55310000107,
              521271.46770000271
            ],
            [
              386138.53630000073,
              521265.36400000006
            ],
            [
              386144.58290000074,
              521261.63670000248
            ],
            [
              386150.1213999996,
              521257.78330000117
            ],
            [
              386154.83990000188,
              521253.94099999964
            ],
            [
              386157.46659999993,
              521251.41730000451
            ],
            [
              386160.22340000048,
              521248.3900000006
            ],
            [
              386161.56929999962,
              521244.6481999997
            ],
            [
              386164.77809999976,
              521240.92600000091
            ],
            [
              386168.1213999996,
              521237.56950000115
            ],
            [
              386171.69290000107,
              521229.32669999823
            ],
            [
              386174.1969000008,
              521223.16110000201
            ],
            [
              386176.96420000121,
              521216.07030000165
            ],
            [
              386181.5008000005,
              521208.15300000459
            ],
            [
              386186.3247000007,
              521202.14760000259
            ],
            [
              386190.15930000134,
              521199.04240000248
            ],
            [
              386193.72080000117,
              521195.70870000124
            ],
            [
              386198.91970000044,
              521194.19880000129
            ],
            [
              386202.38870000094,
              521189.58630000055
            ],
            [
              386213.74410000164,
              521184.37450000085
            ],
            [
              386220.54350000061,
              521176.20030000061
            ],
            [
              386227.00030000042,
              521172.51810000464
            ],
            [
              386245.33230000082,
              521167.07170000114
            ],
            [
              386265.07910000067,
              521162.5904000029
            ],
            [
              386281.33810000215,
              521160.27710000239
            ],
            [
              386291.27630000003,
              521157.4448000025
            ],
            [
              386301.34399999958,
              521152.18580000103
            ],
            [
              386311.49390000105,
              521145.8041999992
            ],
            [
              386321.24820000213,
              521143.31449999847
            ],
            [
              386328.28160000034,
              521141.6379000023
            ],
            [
              386336.59600000083,
              521133.58259999938
            ],
            [
              386340.71520000137,
              521130.96089999937
            ],
            [
              386344.97470000107,
              521129.24840000272
            ],
            [
              386355.74289999995,
              521126.79250000045
            ],
            [
              386359.75090000127,
              521125.47230000049
            ],
            [
              386363.55590000004,
              521124.36500000022
            ],
            [
              386367.53540000226,
              521122.45519999973
            ],
            [
              386373.89320000075,
              521121.25250000134
            ],
            [
              386375.93860000186,
              521116.90640000068
            ],
            [
              386374.8105000006,
              521114.01340000145
            ],
            [
              386373.33679999877,
              521111.06259999983
            ],
            [
              386371.64850000106,
              521108.32990000397
            ],
            [
              386369.88170000073,
              521106.03410000168
            ],
            [
              386367.4402999999,
              521103.85760000348
            ],
            [
              386364.08980000019,
              521102.54380000196
            ],
            [
              386360.87190000061,
              521102.2221999988
            ],
            [
              386356.36429999955,
              521102.5578000024
            ],
            [
              386344.12129999977,
              521104.3908000011
            ],
            [
              386340.77940000128,
              521104.54059999995
            ],
            [
              386337.93220000062,
              521104.32279999927
            ],
            [
              386331.76130000129,
              521103.11870000139
            ],
            [
              386325.17340000067,
              521101.32159999944
            ],
            [
              386318.04870000109,
              521098.90300000086
            ],
            [
              386309.8722000001,
              521095.68900000118
            ],
            [
              386303.24310000055,
              521092.7304999996
            ],
            [
              386296.40189999994,
              521089.25000000186
            ],
            [
              386289.29700000025,
              521085.22159999982
            ],
            [
              386284.21449999977,
              521076.88609999977
            ],
            [
              386280.97810000088,
              521074.49430000223
            ],
            [
              386277.48780000117,
              521071.31379999965
            ],
            [
              386274.01260000188,
              521067.68999999948
            ],
            [
              386262.70689999964,
              521061.51970000006
            ],
            [
              386260.07120000012,
              521058.88920000382
            ],
            [
              386257.69409999996,
              521056.79770000093
            ],
            [
              386254.91309999954,
              521054.7928000018
            ],
            [
              386251.01540000178,
              521053.04990000091
            ],
            [
              386246.26660000067,
              521052.67640000023
            ],
            [
              386242.01570000034,
              521054.08590000123
            ],
            [
              386238.48309999984,
              521056.15620000102
            ],
            [
              386234.08000000101,
              521059.58150000125
            ],
            [
              386223.928100002,
              521068.47180000134
            ],
            [
              386219.21700000111,
              521071.94600000232
            ],
            [
              386215.77040000074,
              521074.42270000465
            ],
            [
              386211.41669999994,
              521084.54780000262
            ],
            [
              386205.75870000198,
              521088.29490000196
            ],
            [
              386198.65550000127,
              521080.66169999912
            ],
            [
              386198.96830000076,
              521068.9606000036
            ],
            [
              386207.69850000087,
              521064.32480000332
            ],
            [
              386211.70660000108,
              521058.76410000026
            ],
            [
              386214.03289999999,
              521051.93219999969
            ],
            [
              386213.46160000004,
              521044.74740000069
            ],
            [
              386213.68370000087,
              521040.83300000243
            ],
            [
              386214.86490000132,
              521032.8663000036
            ],
            [
              386221.02350000013,
              521027.53569999896
            ],
            [
              386233.22520000022,
              521023.67100000009
            ],
            [
              386236.95139999967,
              521021.19340000115
            ],
            [
              386249.40570000093,
              521014.4477000013
            ],
            [
              386255.03710000031,
              521010.64140000381
            ],
            [
              386257.67220000084,
              521007.39110000432
            ],
            [
              386257.86039999966,
              521004.34539999999
            ],
            [
              386256.20419999957,
              521001.31990000233
            ],
            [
              386253.93390000053,
              520998.70770000294
            ],
            [
              386249.44039999973,
              520994.74670000002
            ],
            [
              386241.36890000105,
              520990.44569999911
            ],
            [
              386233.7322000023,
              520988.54450000264
            ],
            [
              386228.26440000068,
              520988.40169999935
            ],
            [
              386224.70330000017,
              520987.07120000385
            ],
            [
              386215.54510000162,
              520988.05570000038
            ],
            [
              386212.06180000212,
              520987.20549999923
            ],
            [
              386206.68500000052,
              520988.34340000153
            ],
            [
              386190.18420000002,
              520991.27969999984
            ],
            [
              386184.33510000072,
              520991.95390000194
            ],
            [
              386176.8097000001,
              520984.75779999979
            ],
            [
              386169.75480000209,
              520974.35029999912
            ],
            [
              386166.06859999988,
              520959.23270000145
            ],
            [
              386170.85180000123,
              520949.783400001
            ],
            [
              386183.95130000077,
              520930.96110000275
            ],
            [
              386204.98180000111,
              520904.08960000239
            ],
            [
              386226.61040000152,
              520877.01270000078
            ],
            [
              386244.48260000069,
              520850.80590000004
            ],
            [
              386250.96330000088,
              520832.32090000063
            ],
            [
              386255.82980000041,
              520816.83430000208
            ],
            [
              386260.24850000069,
              520805.40140000172
            ],
            [
              386267.39180000126,
              520803.05240000226
            ],
            [
              386283.16160000023,
              520802.64360000007
            ],
            [
              386295.86580000073,
              520801.22790000029
            ],
            [
              386307.03890000097,
              520798.95300000161
            ],
            [
              386317.76919999905,
              520799.91440000199
            ],
            [
              386326.03600000031,
              520797.6240000017
            ],
            [
              386339.43750000093,
              520794.64750000089
            ],
            [
              386351.69190000184,
              520793.18139999919
            ],
            [
              386360.79619999975,
              520792.86380000226
            ],
            [
              386365.99210000131,
              520795.66350000352
            ],
            [
              386373.27589999977,
              520792.50339999981
            ],
            [
              386378.1194000002,
              520784.93670000322
            ],
            [
              386383.85960000008,
              520780.09850000218
            ],
            [
              386404.14670000132,
              520771.14020000212
            ],
            [
              386416.14560000133,
              520768.65399999917
            ],
            [
              386429.22209999897,
              520761.03220000118
            ],
            [
              386443.23900000099,
              520756.81170000136
            ],
            [
              386453.76790000126,
              520751.22530000098
            ],
            [
              386463.12260000128,
              520746.01900000311
            ],
            [
              386473.76280000061,
              520739.60190000013
            ],
            [
              386482.73009999935,
              520729.06120000035
            ],
            [
              386488.2296000002,
              520718.54880000092
            ],
            [
              386492.09690000117,
              520706.48880000226
            ],
            [
              386495.24530000053,
              520699.86750000156
            ],
            [
              386502.15090000164,
              520697.57430000417
            ],
            [
              386515.21100000106,
              520698.34259999916
            ],
            [
              386530.00500000082,
              520698.60229999758
            ],
            [
              386535.91460000072,
              520695.82660000399
            ],
            [
              386541.82870000135,
              520692.59730000049
            ],
            [
              386546.82199999969,
              520689.26440000348
            ],
            [
              386550.32310000062,
              520686.5121000018
            ],
            [
              386553.82970000058,
              520683.46409999952
            ],
            [
              386557.35990000144,
              520680.10460000113
            ],
            [
              386560.94360000081,
              520676.40540000051
            ],
            [
              386567.53589999955,
              520666.36410000362
            ],
            [
              386575.70700000133,
              520658.73380000144
            ],
            [
              386583.53500000108,
              520654.30160000362
            ],
            [
              386584.37930000108,
              520572.32570000179
            ],
            [
              386584.25700000208,
              520545.42090000212
            ],
            [
              386584.06880000047,
              520539.85010000132
            ],
            [
              386584.1950000003,
              520534.70740000345
            ],
            [
              386584.63840000145,
              520529.89560000226
            ],
            [
              386585.40370000154,
              520525.36590000242
            ],
            [
              386583.95380000025,
              520516.45860000141
            ],
            [
              386586.86240000091,
              520506.03550000116
            ],
            [
              386588.44700000063,
              520501.33420000039
            ],
            [
              386590.1269000005,
              520496.96760000102
            ],
            [
              386591.91759999935,
              520492.89570000209
            ],
            [
              386593.82880000025,
              520489.09660000168
            ],
            [
              386596.04079999961,
              520485.22940000147
            ],
            [
              386601.70390000101,
              520482.40439999849
            ],
            [
              386608.7006000001,
              520481.13429999724
            ],
            [
              386620.79050000012,
              520472.43010000139
            ],
            [
              386628.7352,
              520463.59200000018
            ],
            [
              386641.64979999978,
              520454.0075000003
            ],
            [
              386646.48010000121,
              520450.35360000096
            ],
            [
              386651.24130000174,
              520447.08160000108
            ],
            [
              386655.93150000181,
              520444.19460000098
            ],
            [
              386660.56300000008,
              520441.68510000221
            ],
            [
              386665.14340000227,
              520439.54890000261
            ],
            [
              386670.14220000058,
              520437.52339999937
            ],
            [
              386675.08310000226,
              520435.74960000068
            ],
            [
              386679.9243999999,
              520434.24239999987
            ],
            [
              386684.63889999967,
              520433.01029999927
            ],
            [
              386689.19640000071,
              520432.06030000001
            ],
            [
              386693.58990000095,
              520431.39340000041
            ],
            [
              386707.31460000016,
              520435.29750000127
            ],
            [
              386711.34520000126,
              520435.20119999908
            ],
            [
              386715.03970000148,
              520435.41920000128
            ],
            [
              386718.89109999966,
              520435.98890000023
            ],
            [
              386722.93970000092,
              520436.91589999944
            ],
            [
              386727.26550000161,
              520438.21820000187
            ],
            [
              386734.58940000087,
              520440.97240000032
            ],
            [
              386739.3571000006,
              520458.99860000238
            ],
            [
              386744.93219999969,
              520467.72119999863
            ],
            [
              386749.08820000011,
              520484.43680000119
            ],
            [
              386755.87160000112,
              520490.10340000317
            ],
            [
              386763.10790000111,
              520493.54320000112
            ],
            [
              386768.84489999898,
              520496.99300000258
            ],
            [
              386774.46340000071,
              520498.14870000072
            ],
            [
              386783.56259999983,
              520490.73630000278
            ],
            [
              386793.51029999927,
              520483.51240000129
            ],
            [
              386801.58140000049,
              520486.40860000253
            ],
            [
              386811.5382000003,
              520488.36849999987
            ],
            [
              386825.43790000025,
              520494.2928000018
            ],
            [
              386841.87100000121,
              520512.5324000027
            ],
            [
              386848.45100000128,
              520519.61730000377
            ],
            [
              386852.63620000053,
              520525.82919999957
            ],
            [
              386855.36359999981,
              520527.94079999998
            ],
            [
              386857.90750000067,
              520529.33400000259
            ],
            [
              386861.48190000094,
              520530.05090000294
            ],
            [
              386865.26779999956,
              520529.34249999933
            ],
            [
              386868.65090000071,
              520522.32740000077
            ],
            [
              386880.91770000011,
              520494.06100000069
            ],
            [
              386884.79460000154,
              520479.68229999952
            ],
            [
              386887.99320000131,
              520467.46090000309
            ],
            [
              386893.82600000128,
              520448.52429999784
            ],
            [
              386895.13490000088,
              520443.85490000248
            ],
            [
              386896.57450000104,
              520439.78710000403
            ],
            [
              386898.63950000051,
              520434.94910000078
            ],
            [
              386901.15259999968,
              520429.69170000218
            ],
            [
              386911.03190000076,
              520403.80480000004
            ],
            [
              386915.23720000032,
              520395.10649999976
            ],
            [
              386919.45129999891,
              520385.05430000462
            ],
            [
              386928.70490000118,
              520365.11499999836
            ],
            [
              386930.9160000002,
              520358.92300000042
            ],
            [
              386937.02380000055,
              520348.85579999723
            ],
            [
              386939.02670000121,
              520343.38609999977
            ],
            [
              386940.50720000081,
              520340.10090000182
            ],
            [
              386944.73780000117,
              520336.16400000453
            ],
            [
              386950.84940000065,
              520329.61240000091
            ],
            [
              386956.51520000026,
              520324.78539999947
            ],
            [
              386963.03529999964,
              520321.20290000178
            ],
            [
              386970.53000000026,
              520320.81700000167
            ],
            [
              386975.67570000049,
              520321.58780000359
            ],
            [
              386988.98080000095,
              520326.05629999936
            ],
            [
              387000.25090000033,
              520329.84139999934
            ],
            [
              387009.28629999887,
              520334.99760000035
            ],
            [
              387022.17330000177,
              520338.79270000011
            ],
            [
              387027.10770000052,
              520340.21240000054
            ],
            [
              387030.79680000059,
              520342.38760000095
            ],
            [
              387050.21449999977,
              520355.9224999994
            ],
            [
              387076.11039999966,
              520370.93640000373
            ],
            [
              387106.56089999992,
              520388.9140000008
            ],
            [
              387130.08579999954,
              520400.66589999944
            ],
            [
              387133.21990000084,
              520402.80430000275
            ],
            [
              387136.69800000079,
              520405.5102000013
            ],
            [
              387152.78650000226,
              520419.66310000047
            ],
            [
              387156.57160000224,
              520422.70470000058
            ],
            [
              387159.91100000124,
              520425.06579999812
            ],
            [
              387167.40130000096,
              520430.95870000124
            ],
            [
              387170.8515999997,
              520432.27690000273
            ],
            [
              387175.1230000006,
              520432.67820000276
            ],
            [
              387179.48849999998,
              520431.46710000001
            ],
            [
              387182.10830000229,
              520429.817900002
            ],
            [
              387184.5680999998,
              520424.58070000075
            ],
            [
              387186.34660000075,
              520420.49000000209
            ],
            [
              387186.66069999989,
              520417.37000000104
            ],
            [
              387191.97870000172,
              520413.01249999925
            ],
            [
              387199.51779999956,
              520407.54710000195
            ],
            [
              387200.45910000056,
              520402.48539999872
            ],
            [
              387202.63990000077,
              520396.52290000208
            ],
            [
              387202.9924000008,
              520391.92290000245
            ],
            [
              387202.83050000016,
              520375.78849999979
            ],
            [
              387204.71200000122,
              520372.49430000037
            ],
            [
              387206.59250000212,
              520369.61270000041
            ],
            [
              387208.66199999955,
              520367.05320000462
            ],
            [
              387211.41029999964,
              520364.32290000096
            ],
            [
              387217.13590000104,
              520353.12130000442
            ],
            [
              387225.83439999912,
              520345.71330000088
            ],
            [
              387233.71080000047,
              520339.83830000088
            ],
            [
              387233.72339999955,
              520333.29790000245
            ],
            [
              387230.23649999872,
              520327.49119999819
            ],
            [
              387227.14180000126,
              520324.00339999981
            ],
            [
              387223.90700000059,
              520320.98950000107
            ],
            [
              387220.01020000037,
              520318.25899999961
            ],
            [
              387216.62750000134,
              520317.07880000398
            ],
            [
              387213.45579999965,
              520316.6296000015
            ],
            [
              387209.0979000004,
              520316.57590000145
            ],
            [
              387198.79730000068,
              520317.06540000066
            ],
            [
              387193.00769999996,
              520316.53380000032
            ],
            [
              387188.92889999971,
              520314.78260000236
            ],
            [
              387186.83860000037,
              520312.26249999739
            ],
            [
              387185.3282000022,
              520308.5316999983
            ],
            [
              387184.27980000153,
              520303.03610000014
            ],
            [
              387183.07050000038,
              520291.6360000018
            ],
            [
              387182.21719999984,
              520287.50060000271
            ],
            [
              387180.69320000056,
              520282.9309000019
            ],
            [
              387179.1353000002,
              520279.27590000443
            ],
            [
              387171.58610000089,
              520263.62109999917
            ],
            [
              387170.04690000229,
              520259.68640000001
            ],
            [
              387168.93800000194,
              520256.04930000007
            ],
            [
              387167.96289999969,
              520251.07530000061
            ],
            [
              387167.44469999988,
              520245.45820000023
            ],
            [
              387167.33630000055,
              520239.49039999954
            ],
            [
              387167.61359999981,
              520222.59300000034
            ],
            [
              387167.35220000055,
              520217.4384000022
            ],
            [
              387166.77960000001,
              520212.88020000234
            ],
            [
              387165.80970000103,
              520208.53949999996
            ],
            [
              387164.28560000006,
              520203.74400000274
            ],
            [
              387161.17130000051,
              520185.53289999999
            ],
            [
              387159.02560000028,
              520179.41700000316
            ],
            [
              387158.17530000117,
              520176.21690000035
            ],
            [
              387157.60690000001,
              520173.21510000154
            ],
            [
              387157.29569999874,
              520168.98379999772
            ],
            [
              387157.61900000088,
              520163.16269999929
            ],
            [
              387158.28479999863,
              520158.57840000279
            ],
            [
              387159.26620000042,
              520153.94640000165
            ],
            [
              387160.54390000179,
              520149.35740000382
            ],
            [
              387162.09049999993,
              520144.90670000017
            ],
            [
              387163.88070000149,
              520140.6651000008
            ],
            [
              387165.88460000139,
              520136.70280000195
            ],
            [
              387168.07380000129,
              520133.07600000128
            ],
            [
              387169.77240000013,
              520130.73109999858
            ],
            [
              387171.7566000009,
              520128.41259999946
            ],
            [
              387174.04640000127,
              520126.09639999829
            ],
            [
              387176.68620000035,
              520123.7376000043
            ],
            [
              387181.674300001,
              520119.816300001
            ],
            [
              387192.17810000107,
              520106.40000000037
            ],
            [
              387203.85180000123,
              520093.44180000201
            ],
            [
              387215.78600000124,
              520086.33610000275
            ],
            [
              387224.58710000012,
              520083.11190000176
            ],
            [
              387231.53330000211,
              520083.37280000001
            ],
            [
              387250.70199999958,
              520074.74670000374
            ],
            [
              387270.59759999998,
              520068.73420000263
            ],
            [
              387292.93740000203,
              520066.9693
            ],
            [
              387309.23069999926,
              520063.11190000176
            ],
            [
              387328.80260000098,
              520061.93400000036
            ],
            [
              387335.65340000018,
              520066.52680000104
            ],
            [
              387339.04550000001,
              520068.4104999993
            ],
            [
              387342.47719999962,
              520067.7993999999
            ],
            [
              387345.70870000031,
              520067.01840000041
            ],
            [
              387349.43390000053,
              520065.79649999924
            ],
            [
              387353.47580000106,
              520064.09320000187
            ],
            [
              387369.08360000048,
              520054.51249999925
            ],
            [
              387386.70680000074,
              520048.76090000197
            ],
            [
              387400.3264000006,
              520042.46600000374
            ],
            [
              387415.00339999888,
              520039.52580000274
            ],
            [
              387418.77130000107,
              520038.39520000108
            ],
            [
              387422.14790000115,
              520037.06770000048
            ],
            [
              387425.19790000003,
              520035.51750000007
            ],
            [
              387427.95280000102,
              520033.72820000164
            ],
            [
              387434.08560000081,
              520029.01070000045
            ],
            [
              387438.55380000174,
              520025.00500000268
            ],
            [
              387442.02500000224,
              520020.77109999955
            ],
            [
              387443.16590000037,
              520017.65369999968
            ],
            [
              387441.70850000065,
              520013.8245000001
            ],
            [
              387438.47380000073,
              520010.90379999951
            ],
            [
              387435.87939999998,
              520009.2891000025
            ],
            [
              387432.56649999972,
              520007.52740000002
            ],
            [
              387420.09790000133,
              520001.70390000008
            ],
            [
              387415.52029999997,
              519999.40770000406
            ],
            [
              387411.55700000096,
              519997.09200000204
            ],
            [
              387408.52670000028,
              519994.87600000203
            ],
            [
              387405.53350000083,
              519992.19769999944
            ],
            [
              387402.34350000136,
              519989.03150000423
            ],
            [
              387389.14750000089,
              519974.80839999951
            ],
            [
              387385.81400000211,
              519971.6446000021
            ],
            [
              387382.62519999966,
              519968.97450000048
            ],
            [
              387376.7603000002,
              519964.62089999951
            ],
            [
              387370.81020000111,
              519960.62670000084
            ],
            [
              387364.83540000021,
              519957.03219999932
            ],
            [
              387358.88219999988,
              519953.86529999785
            ],
            [
              387353.55640000198,
              519951.35629999824
            ],
            [
              387348.1453999998,
              519949.07780000381
            ],
            [
              387342.6857000012,
              519947.04530000314
            ],
            [
              387337.20959999971,
              519945.27060000226
            ],
            [
              387331.75239999965,
              519943.76500000432
            ],
            [
              387326.33510000072,
              519942.53380000219
            ],
            [
              387320.98190000001,
              519941.58240000159
            ],
            [
              387315.71310000122,
              519940.91459999979
            ],
            [
              387310.45720000006,
              519940.76790000312
            ],
            [
              387297.9216,
              519941.42890000157
            ],
            [
              387293.36309999973,
              519941.10850000381
            ],
            [
              387286.4235000005,
              519939.48379999958
            ],
            [
              387280.76080000121,
              519937.37549999915
            ],
            [
              387275.13830000069,
              519934.64790000021
            ],
            [
              387269.72520000022,
              519931.38289999962
            ],
            [
              387264.69489999954,
              519927.68730000034
            ],
            [
              387260.17690000217,
              519923.65860000253
            ],
            [
              387256.28990000207,
              519919.40320000052
            ],
            [
              387253.11780000106,
              519915.01310000382
            ],
            [
              387250.36860000063,
              519909.88629999943
            ],
            [
              387248.00690000039,
              519903.84250000119
            ],
            [
              387246.04150000028,
              519896.90430000424
            ],
            [
              387244.4840000011,
              519889.11160000227
            ],
            [
              387243.35750000086,
              519880.59400000237
            ],
            [
              387242.98690000083,
              519873.20560000092
            ],
            [
              387243.36050000042,
              519866.70240000263
            ],
            [
              387243.82830000203,
              519863.7723999992
            ],
            [
              387245.34580000117,
              519858.90440000221
            ],
            [
              387248.24050000031,
              519854.11210000329
            ],
            [
              387251.7583999997,
              519850.19940000214
            ],
            [
              387260.26870000083,
              519842.21200000308
            ],
            [
              387263.65829999931,
              519838.65260000154
            ],
            [
              387265.90640000068,
              519835.65170000121
            ],
            [
              387267.87920000125,
              519831.79140000232
            ],
            [
              387268.85740000103,
              519828.01319999993
            ],
            [
              387269.18360000104,
              519824.96520000137
            ],
            [
              387269.20959999971,
              519821.65770000033
            ],
            [
              387268.93600000069,
              519818.02549999952
            ],
            [
              387267.9645000007,
              519811.81810000166
            ],
            [
              387264.95370000135,
              519797.96820000373
            ],
            [
              387263.91010000091,
              519791.98110000417
            ],
            [
              387263.12359999958,
              519787.47870000079
            ],
            [
              387260.79600000102,
              519777.29030000232
            ],
            [
              387259.94670000114,
              519772.78749999776
            ],
            [
              387259.4691000022,
              519768.07140000351
            ],
            [
              387259.5932,
              519763.92109999992
            ],
            [
              387260.22990000062,
              519759.69510000013
            ],
            [
              387261.22430000082,
              519755.52010000125
            ],
            [
              387262.57639999967,
              519751.39629999921
            ],
            [
              387264.28619999997,
              519747.32360000163
            ],
            [
              387266.35369999986,
              519743.30210000277
            ],
            [
              387268.77890000213,
              519739.33170000277
            ],
            [
              387271.56180000119,
              519735.41240000166
            ],
            [
              387274.70240000077,
              519731.54429999925
            ]
          ]
        ]
      }
    }
  ]
}