{
  "displayFieldName" : "",
  "fieldAliases" : {
    "FID" : "FID",
    "PMNTN_SPOT" : "PMNTN_SPOT",
    "MNTN_CODE" : "MNTN_CODE",
    "MANAGE_SP1" : "MANAGE_SP1",
    "MANAGE_SP2" : "MANAGE_SP2",
    "DETAIL_SPO" : "DETAIL_SPO",
    "ETC_MATTER" : "ETC_MATTER",
    "MNTN_NM" : "MNTN_NM",
    "PAST_SPOT_" : "PAST_SPOT_",
    "MNTN_ID" : "MNTN_ID"
  },
  "geometryType" : "esriGeometryPoint",
  "spatialReference" : {
    "wkt" : "PROJCS[\"PCS_ITRF2000_TM\",GEOGCS[\"GCS_ITRF_2000\",DATUM[\"D_ITRF_2000\",SPHEROID[\"GRS_1980\",6378137.0,298.257222101]],PRIMEM[\"Greenwich\",0.0],UNIT[\"Degree\",0.0174532925199433]],PROJECTION[\"Transverse_Mercator\"],PARAMETER[\"False_Easting\",200000.0],PARAMETER[\"False_Northing\",600000.0],PARAMETER[\"Central_Meridian\",127.0],PARAMETER[\"Scale_Factor\",1.0],PARAMETER[\"Latitude_Of_Origin\",38.0],UNIT[\"Meter\",1.0]]"
  },
  "fields" : [
    {
      "name" : "FID",
      "type" : "esriFieldTypeOID",
      "alias" : "FID"
    },
    {
      "name" : "PMNTN_SPOT",
      "type" : "esriFieldTypeDouble",
      "alias" : "PMNTN_SPOT"
    },
    {
      "name" : "MNTN_CODE",
      "type" : "esriFieldTypeString",
      "alias" : "MNTN_CODE",
      "length" : 9
    },
    {
      "name" : "MANAGE_SP1",
      "type" : "esriFieldTypeString",
      "alias" : "MANAGE_SP1",
      "length" : 2
    },
    {
      "name" : "MANAGE_SP2",
      "type" : "esriFieldTypeString",
      "alias" : "MANAGE_SP2",
      "length" : 50
    },
    {
      "name" : "DETAIL_SPO",
      "type" : "esriFieldTypeString",
      "alias" : "DETAIL_SPO",
      "length" : 200
    },
    {
      "name" : "ETC_MATTER",
      "type" : "esriFieldTypeString",
      "alias" : "ETC_MATTER",
      "length" : 200
    },
    {
      "name" : "MNTN_NM",
      "type" : "esriFieldTypeString",
      "alias" : "MNTN_NM",
      "length" : 50
    },
    {
      "name" : "PAST_SPOT_",
      "type" : "esriFieldTypeString",
      "alias" : "PAST_SPOT_",
      "length" : 14
    },
    {
      "name" : "MNTN_ID",
      "type" : "esriFieldTypeString",
      "alias" : "MNTN_ID",
      "length" : 10
    }
  ],
  "features" : [
    {
      "attributes" : {
        "FID" : 0,
        "PMNTN_SPOT" : 74769,
        "MNTN_CODE" : "422303804",
        "MANAGE_SP1" : "01",
        "MANAGE_SP2" : "시종점",
        "DETAIL_SPO" : "시종점",
        "ETC_MATTER" : " ",
        "MNTN_NM" : "이끼폭포",
        "PAST_SPOT_" : "4223067010001",
        "MNTN_ID" : "422306701"
      },
      "geometry" : {
        "x" : 385974.21860003192,
        "y" : 521412.98210000619
      }
    },
    {
      "attributes" : {
        "FID" : 1,
        "PMNTN_SPOT" : 74770,
        "MNTN_CODE" : "422303804",
        "MANAGE_SP1" : "01",
        "MANAGE_SP2" : "시종점",
        "DETAIL_SPO" : "시종점",
        "ETC_MATTER" : " ",
        "MNTN_NM" : "이끼폭포",
        "PAST_SPOT_" : "4223067010002",
        "MNTN_ID" : "422306701"
      },
      "geometry" : {
        "x" : 387274.70240003429,
        "y" : 519731.54430000298
      }
    },
    {
      "attributes" : {
        "FID" : 2,
        "PMNTN_SPOT" : 74771,
        "MNTN_CODE" : "422303804",
        "MANAGE_SP1" : "15",
        "MANAGE_SP2" : "훼손지",
        "DETAIL_SPO" : "훼손지",
        "ETC_MATTER" : "급경사 위험",
        "MNTN_NM" : "이끼폭포",
        "PAST_SPOT_" : "4223067010003",
        "MNTN_ID" : "422306701"
      },
      "geometry" : {
        "x" : 387266.71740006749,
        "y" : 519808.88710000552
      }
    },
    {
      "attributes" : {
        "FID" : 3,
        "PMNTN_SPOT" : 74772,
        "MNTN_CODE" : "422303804",
        "MANAGE_SP1" : "99",
        "MANAGE_SP2" : "기타",
        "DETAIL_SPO" : "등산로",
        "ETC_MATTER" : "숲길 사진",
        "MNTN_NM" : "이끼폭포",
        "PAST_SPOT_" : "4223067010004",
        "MNTN_ID" : "422306701"
      },
      "geometry" : {
        "x" : 387273.94620006718,
        "y" : 519825.07390000671
      }
    },
    {
      "attributes" : {
        "FID" : 4,
        "PMNTN_SPOT" : 74773,
        "MNTN_CODE" : "422303804",
        "MANAGE_SP1" : "14",
        "MANAGE_SP2" : "조망점",
        "DETAIL_SPO" : "조망점,등산로",
        "ETC_MATTER" : "전경 사진 숲길 사진",
        "MNTN_NM" : "이끼폭포",
        "PAST_SPOT_" : "4223067010005",
        "MNTN_ID" : "422306701"
      },
      "geometry" : {
        "x" : 387376.79090006836,
        "y" : 519968.0566000063
      }
    },
    {
      "attributes" : {
        "FID" : 5,
        "PMNTN_SPOT" : 74774,
        "MNTN_CODE" : "422303804",
        "MANAGE_SP1" : "99",
        "MANAGE_SP2" : "기타",
        "DETAIL_SPO" : "기타",
        "ETC_MATTER" : "분교 폐교터",
        "MNTN_NM" : "이끼폭포",
        "PAST_SPOT_" : "4223067010006",
        "MNTN_ID" : "422306701"
      },
      "geometry" : {
        "x" : 387423.99990006816,
        "y" : 520000.17320000567
      }
    },
    {
      "attributes" : {
        "FID" : 6,
        "PMNTN_SPOT" : 74775,
        "MNTN_CODE" : "422303804",
        "MANAGE_SP1" : "06",
        "MANAGE_SP2" : "음수대",
        "DETAIL_SPO" : "샘물",
        "ETC_MATTER" : "약수터",
        "MNTN_NM" : "이끼폭포",
        "PAST_SPOT_" : "4223067010007",
        "MNTN_ID" : "422306701"
      },
      "geometry" : {
        "x" : 387419.34370006807,
        "y" : 520039.36170000955
      }
    },
    {
      "attributes" : {
        "FID" : 7,
        "PMNTN_SPOT" : 74776,
        "MNTN_CODE" : "422303804",
        "MANAGE_SP1" : "09",
        "MANAGE_SP2" : "기타건물",
        "DETAIL_SPO" : "기타건물",
        "ETC_MATTER" : "농가",
        "MNTN_NM" : "이끼폭포",
        "PAST_SPOT_" : "4223067010008",
        "MNTN_ID" : "422306701"
      },
      "geometry" : {
        "x" : 387349.63060006779,
        "y" : 520059.83990000561
      }
    },
    {
      "attributes" : {
        "FID" : 8,
        "PMNTN_SPOT" : 74777,
        "MNTN_CODE" : "422303804",
        "MANAGE_SP1" : "14",
        "MANAGE_SP2" : "조망점",
        "DETAIL_SPO" : "조망점",
        "ETC_MATTER" : "전경 사진",
        "MNTN_NM" : "이끼폭포",
        "PAST_SPOT_" : "4223067010009",
        "MNTN_ID" : "422306701"
      },
      "geometry" : {
        "x" : 387252.10260006785,
        "y" : 520070.56939999945
      }
    },
    {
      "attributes" : {
        "FID" : 9,
        "PMNTN_SPOT" : 74778,
        "MNTN_CODE" : "422303804",
        "MANAGE_SP1" : "14",
        "MANAGE_SP2" : "조망점",
        "DETAIL_SPO" : "조망점",
        "ETC_MATTER" : "주변 조망",
        "MNTN_NM" : "이끼폭포",
        "PAST_SPOT_" : "4223067010010",
        "MNTN_ID" : "422306701"
      },
      "geometry" : {
        "x" : 387159.26860006712,
        "y" : 520200.47000000812
      }
    },
    {
      "attributes" : {
        "FID" : 10,
        "PMNTN_SPOT" : 74779,
        "MNTN_CODE" : "422303804",
        "MANAGE_SP1" : "99",
        "MANAGE_SP2" : "기타",
        "DETAIL_SPO" : "등산로",
        "ETC_MATTER" : "숲길 사진",
        "MNTN_NM" : "이끼폭포",
        "PAST_SPOT_" : "4223067010011",
        "MNTN_ID" : "422306701"
      },
      "geometry" : {
        "x" : 386625.91680006497,
        "y" : 520483.47870000638
      }
    },
    {
      "attributes" : {
        "FID" : 11,
        "PMNTN_SPOT" : 74780,
        "MNTN_CODE" : "422303804",
        "MANAGE_SP1" : "99",
        "MANAGE_SP2" : "기타",
        "DETAIL_SPO" : "등산로",
        "ETC_MATTER" : "포장도로 끝",
        "MNTN_NM" : "이끼폭포",
        "PAST_SPOT_" : "4223067010012",
        "MNTN_ID" : "422306701"
      },
      "geometry" : {
        "x" : 386177.34970006719,
        "y" : 520948.97850000672
      }
    },
    {
      "attributes" : {
        "FID" : 12,
        "PMNTN_SPOT" : 74781,
        "MNTN_CODE" : "422303804",
        "MANAGE_SP1" : "07",
        "MANAGE_SP2" : "시설물(운동기구 등)",
        "DETAIL_SPO" : "시설물,등산로",
        "ETC_MATTER" : "갱 송풍구 숲길 사진",
        "MNTN_NM" : "이끼폭포",
        "PAST_SPOT_" : "4223067010013",
        "MNTN_ID" : "422306701"
      },
      "geometry" : {
        "x" : 386170.1367000686,
        "y" : 520988.06620000862
      }
    },
    {
      "attributes" : {
        "FID" : 13,
        "PMNTN_SPOT" : 74782,
        "MNTN_CODE" : "422303804",
        "MANAGE_SP1" : "07",
        "MANAGE_SP2" : "시설물(운동기구 등)",
        "DETAIL_SPO" : "시설물",
        "ETC_MATTER" : "현불사3거리 출입차단기",
        "MNTN_NM" : "이끼폭포",
        "PAST_SPOT_" : "4223067010014",
        "MNTN_ID" : "422306701"
      },
      "geometry" : {
        "x" : 385975.00760006532,
        "y" : 521413.02180000953
      }
    }
  ]
}