{
  "displayFieldName" : "",
  "fieldAliases" : {
    "FID" : "FID",
    "PMNTN_SPOT" : "PMNTN_SPOT",
    "MNTN_CODE" : "MNTN_CODE",
    "MANAGE_SP1" : "MANAGE_SP1",
    "MANAGE_SP2" : "MANAGE_SP2",
    "DETAIL_SPO" : "DETAIL_SPO",
    "ETC_MATTER" : "ETC_MATTER",
    "MNTN_NM" : "MNTN_NM",
    "PAST_SPOT_" : "PAST_SPOT_",
    "MNTN_ID" : "MNTN_ID"
  },
  "geometryType" : "esriGeometryPoint",
  "spatialReference" : {
    "wkt" : "PROJCS[\"PCS_ITRF2000_TM\",GEOGCS[\"GCS_ITRF_2000\",DATUM[\"D_ITRF_2000\",SPHEROID[\"GRS_1980\",6378137.0,298.257222101]],PRIMEM[\"Greenwich\",0.0],UNIT[\"Degree\",0.0174532925199433]],PROJECTION[\"Transverse_Mercator\"],PARAMETER[\"False_Easting\",200000.0],PARAMETER[\"False_Northing\",600000.0],PARAMETER[\"Central_Meridian\",127.0],PARAMETER[\"Scale_Factor\",1.0],PARAMETER[\"Latitude_Of_Origin\",38.0],UNIT[\"Meter\",1.0]]"
  },
  "fields" : [
    {
      "name" : "FID",
      "type" : "esriFieldTypeOID",
      "alias" : "FID"
    },
    {
      "name" : "PMNTN_SPOT",
      "type" : "esriFieldTypeDouble",
      "alias" : "PMNTN_SPOT"
    },
    {
      "name" : "MNTN_CODE",
      "type" : "esriFieldTypeString",
      "alias" : "MNTN_CODE",
      "length" : 9
    },
    {
      "name" : "MANAGE_SP1",
      "type" : "esriFieldTypeString",
      "alias" : "MANAGE_SP1",
      "length" : 2
    },
    {
      "name" : "MANAGE_SP2",
      "type" : "esriFieldTypeString",
      "alias" : "MANAGE_SP2",
      "length" : 50
    },
    {
      "name" : "DETAIL_SPO",
      "type" : "esriFieldTypeString",
      "alias" : "DETAIL_SPO",
      "length" : 200
    },
    {
      "name" : "ETC_MATTER",
      "type" : "esriFieldTypeString",
      "alias" : "ETC_MATTER",
      "length" : 200
    },
    {
      "name" : "MNTN_NM",
      "type" : "esriFieldTypeString",
      "alias" : "MNTN_NM",
      "length" : 50
    },
    {
      "name" : "PAST_SPOT_",
      "type" : "esriFieldTypeString",
      "alias" : "PAST_SPOT_",
      "length" : 14
    },
    {
      "name" : "MNTN_ID",
      "type" : "esriFieldTypeString",
      "alias" : "MNTN_ID",
      "length" : 10
    }
  ],
  "features" : [
    {
      "attributes" : {
        "FID" : 0,
        "PMNTN_SPOT" : 84812,
        "MNTN_CODE" : "418303801",
        "MANAGE_SP1" : "01",
        "MANAGE_SP2" : "시종점",
        "DETAIL_SPO" : "시종점",
        "ETC_MATTER" : " ",
        "MNTN_NM" : "청계산",
        "PAST_SPOT_" : "4183038010001",
        "MNTN_ID" : "418303801"
      },
      "geometry" : {
        "x" : 228961.52130000107,
        "y" : 549758.17530000024
      }
    },
    {
      "attributes" : {
        "FID" : 1,
        "PMNTN_SPOT" : 84813,
        "MNTN_CODE" : "418303801",
        "MANAGE_SP1" : "01",
        "MANAGE_SP2" : "시종점",
        "DETAIL_SPO" : "시종점",
        "ETC_MATTER" : " ",
        "MNTN_NM" : "청계산",
        "PAST_SPOT_" : "4183038010002",
        "MNTN_ID" : "418303801"
      },
      "geometry" : {
        "x" : 228981.71460000053,
        "y" : 549939.41220000014
      }
    },
    {
      "attributes" : {
        "FID" : 2,
        "PMNTN_SPOT" : 84814,
        "MNTN_CODE" : "418303801",
        "MANAGE_SP1" : "02",
        "MANAGE_SP2" : "분기점",
        "DETAIL_SPO" : "분기점",
        "ETC_MATTER" : " ",
        "MNTN_NM" : "청계산",
        "PAST_SPOT_" : "4183038010003",
        "MNTN_ID" : "418303801"
      },
      "geometry" : {
        "x" : 229037.32270000037,
        "y" : 549922.43000000156
      }
    },
    {
      "attributes" : {
        "FID" : 3,
        "PMNTN_SPOT" : 84815,
        "MNTN_CODE" : "418303801",
        "MANAGE_SP1" : "01",
        "MANAGE_SP2" : "시종점",
        "DETAIL_SPO" : "시종점",
        "ETC_MATTER" : " ",
        "MNTN_NM" : "청계산",
        "PAST_SPOT_" : "4183038010004",
        "MNTN_ID" : "418303801"
      },
      "geometry" : {
        "x" : 234485.98500000127,
        "y" : 552484.70900000073
      }
    },
    {
      "attributes" : {
        "FID" : 4,
        "PMNTN_SPOT" : 84816,
        "MNTN_CODE" : "418303801",
        "MANAGE_SP1" : "01",
        "MANAGE_SP2" : "시종점",
        "DETAIL_SPO" : "시종점",
        "ETC_MATTER" : " ",
        "MNTN_NM" : "청계산",
        "PAST_SPOT_" : "4183038010005",
        "MNTN_ID" : "418303801"
      },
      "geometry" : {
        "x" : 234523.02670000028,
        "y" : 552494.23400000483
      }
    },
    {
      "attributes" : {
        "FID" : 5,
        "PMNTN_SPOT" : 84817,
        "MNTN_CODE" : "418303801",
        "MANAGE_SP1" : "02",
        "MANAGE_SP2" : "분기점",
        "DETAIL_SPO" : "분기점",
        "ETC_MATTER" : " ",
        "MNTN_NM" : "청계산",
        "PAST_SPOT_" : "4183038010006",
        "MNTN_ID" : "418303801"
      },
      "geometry" : {
        "x" : 240240.24360000342,
        "y" : 553376.61030000076
      }
    },
    {
      "attributes" : {
        "FID" : 6,
        "PMNTN_SPOT" : 84818,
        "MNTN_CODE" : "418303801",
        "MANAGE_SP1" : "01",
        "MANAGE_SP2" : "시종점",
        "DETAIL_SPO" : "시종점",
        "ETC_MATTER" : " ",
        "MNTN_NM" : "청계산",
        "PAST_SPOT_" : "4183038010007",
        "MNTN_ID" : "418303801"
      },
      "geometry" : {
        "x" : 240257.50340000167,
        "y" : 553598.02950000018
      }
    },
    {
      "attributes" : {
        "FID" : 7,
        "PMNTN_SPOT" : 84819,
        "MNTN_CODE" : "418303801",
        "MANAGE_SP1" : "01",
        "MANAGE_SP2" : "시종점",
        "DETAIL_SPO" : "시종점",
        "ETC_MATTER" : " ",
        "MNTN_NM" : "청계산",
        "PAST_SPOT_" : "4183038010008",
        "MNTN_ID" : "418303801"
      },
      "geometry" : {
        "x" : 240374.75590000022,
        "y" : 553281.29360000044
      }
    }
  ]
}