{
  "displayFieldName" : "",
  "fieldAliases" : {
    "FID" : "FID",
    "PMNTN_SPOT" : "PMNTN_SPOT",
    "MNTN_CODE" : "MNTN_CODE",
    "MANAGE_SP1" : "MANAGE_SP1",
    "MANAGE_SP2" : "MANAGE_SP2",
    "DETAIL_SPO" : "DETAIL_SPO",
    "ETC_MATTER" : "ETC_MATTER",
    "MNTN_NM" : "MNTN_NM",
    "PAST_SPOT_" : "PAST_SPOT_",
    "MNTN_ID" : "MNTN_ID"
  },
  "geometryType" : "esriGeometryPoint",
  "spatialReference" : {
    "wkt" : "PROJCS[\"PCS_ITRF2000_TM\",GEOGCS[\"GCS_ITRF_2000\",DATUM[\"D_ITRF_2000\",SPHEROID[\"GRS_1980\",6378137.0,298.257222101]],PRIMEM[\"Greenwich\",0.0],UNIT[\"Degree\",0.0174532925199433]],PROJECTION[\"Transverse_Mercator\"],PARAMETER[\"False_Easting\",200000.0],PARAMETER[\"False_Northing\",600000.0],PARAMETER[\"Central_Meridian\",127.0],PARAMETER[\"Scale_Factor\",1.0],PARAMETER[\"Latitude_Of_Origin\",38.0],UNIT[\"Meter\",1.0]]"
  },
  "fields" : [
    {
      "name" : "FID",
      "type" : "esriFieldTypeOID",
      "alias" : "FID"
    },
    {
      "name" : "PMNTN_SPOT",
      "type" : "esriFieldTypeDouble",
      "alias" : "PMNTN_SPOT"
    },
    {
      "name" : "MNTN_CODE",
      "type" : "esriFieldTypeString",
      "alias" : "MNTN_CODE",
      "length" : 9
    },
    {
      "name" : "MANAGE_SP1",
      "type" : "esriFieldTypeString",
      "alias" : "MANAGE_SP1",
      "length" : 2
    },
    {
      "name" : "MANAGE_SP2",
      "type" : "esriFieldTypeString",
      "alias" : "MANAGE_SP2",
      "length" : 50
    },
    {
      "name" : "DETAIL_SPO",
      "type" : "esriFieldTypeString",
      "alias" : "DETAIL_SPO",
      "length" : 200
    },
    {
      "name" : "ETC_MATTER",
      "type" : "esriFieldTypeString",
      "alias" : "ETC_MATTER",
      "length" : 200
    },
    {
      "name" : "MNTN_NM",
      "type" : "esriFieldTypeString",
      "alias" : "MNTN_NM",
      "length" : 50
    },
    {
      "name" : "PAST_SPOT_",
      "type" : "esriFieldTypeString",
      "alias" : "PAST_SPOT_",
      "length" : 14
    },
    {
      "name" : "MNTN_ID",
      "type" : "esriFieldTypeString",
      "alias" : "MNTN_ID",
      "length" : 10
    }
  ],
  "features" : [
    {
      "attributes" : {
        "FID" : 0,
        "PMNTN_SPOT" : 672,
        "MNTN_CODE" : "301103604",
        "MANAGE_SP1" : "01",
        "MANAGE_SP2" : "시종점",
        "DETAIL_SPO" : "시종점",
        "ETC_MATTER" : " ",
        "MNTN_NM" : "가양공원",
        "PAST_SPOT_" : "3011036040001",
        "MNTN_ID" : "301103604"
      },
      "geometry" : {
        "x" : 240865.90409999993,
        "y" : 417169.95270000212
      }
    },
    {
      "attributes" : {
        "FID" : 1,
        "PMNTN_SPOT" : 673,
        "MNTN_CODE" : "301103604",
        "MANAGE_SP1" : "02",
        "MANAGE_SP2" : "분기점",
        "DETAIL_SPO" : "분기점",
        "ETC_MATTER" : " ",
        "MNTN_NM" : "가양공원",
        "PAST_SPOT_" : "3011036040002",
        "MNTN_ID" : "301103604"
      },
      "geometry" : {
        "x" : 240933.91830000002,
        "y" : 417299.7955000028
      }
    },
    {
      "attributes" : {
        "FID" : 2,
        "PMNTN_SPOT" : 674,
        "MNTN_CODE" : "301103604",
        "MANAGE_SP1" : "01",
        "MANAGE_SP2" : "시종점",
        "DETAIL_SPO" : "시종점",
        "ETC_MATTER" : " ",
        "MNTN_NM" : "가양공원",
        "PAST_SPOT_" : "3011036040003",
        "MNTN_ID" : "301103604"
      },
      "geometry" : {
        "x" : 240957.47900000121,
        "y" : 417470.93890000135
      }
    },
    {
      "attributes" : {
        "FID" : 3,
        "PMNTN_SPOT" : 675,
        "MNTN_CODE" : "301103604",
        "MANAGE_SP1" : "02",
        "MANAGE_SP2" : "분기점",
        "DETAIL_SPO" : "분기점",
        "ETC_MATTER" : " ",
        "MNTN_NM" : "가양공원",
        "PAST_SPOT_" : "3011036040004",
        "MNTN_ID" : "301103604"
      },
      "geometry" : {
        "x" : 240959.2332000006,
        "y" : 417275.43840000033
      }
    },
    {
      "attributes" : {
        "FID" : 4,
        "PMNTN_SPOT" : 676,
        "MNTN_CODE" : "301103604",
        "MANAGE_SP1" : "02",
        "MANAGE_SP2" : "분기점",
        "DETAIL_SPO" : "분기점",
        "ETC_MATTER" : " ",
        "MNTN_NM" : "가양공원",
        "PAST_SPOT_" : "3011036040005",
        "MNTN_ID" : "301103604"
      },
      "geometry" : {
        "x" : 240963.70990000013,
        "y" : 417246.90270000137
      }
    },
    {
      "attributes" : {
        "FID" : 5,
        "PMNTN_SPOT" : 677,
        "MNTN_CODE" : "301103604",
        "MANAGE_SP1" : "01",
        "MANAGE_SP2" : "시종점",
        "DETAIL_SPO" : "시종점",
        "ETC_MATTER" : " ",
        "MNTN_NM" : "가양공원",
        "PAST_SPOT_" : "3011036040006",
        "MNTN_ID" : "301103604"
      },
      "geometry" : {
        "x" : 240985.14760000072,
        "y" : 417193.10590000451
      }
    },
    {
      "attributes" : {
        "FID" : 6,
        "PMNTN_SPOT" : 678,
        "MNTN_CODE" : "301103604",
        "MANAGE_SP1" : "02",
        "MANAGE_SP2" : "분기점",
        "DETAIL_SPO" : "분기점",
        "ETC_MATTER" : " ",
        "MNTN_NM" : "가양공원",
        "PAST_SPOT_" : "3011036040007",
        "MNTN_ID" : "301103604"
      },
      "geometry" : {
        "x" : 240986.40170000028,
        "y" : 417242.84900000133
      }
    },
    {
      "attributes" : {
        "FID" : 7,
        "PMNTN_SPOT" : 679,
        "MNTN_CODE" : "301103604",
        "MANAGE_SP1" : "02",
        "MANAGE_SP2" : "분기점",
        "DETAIL_SPO" : "분기점",
        "ETC_MATTER" : " ",
        "MNTN_NM" : "가양공원",
        "PAST_SPOT_" : "3011036040008",
        "MNTN_ID" : "301103604"
      },
      "geometry" : {
        "x" : 240995.06770000048,
        "y" : 417234.42290000245
      }
    },
    {
      "attributes" : {
        "FID" : 8,
        "PMNTN_SPOT" : 680,
        "MNTN_CODE" : "301103604",
        "MANAGE_SP1" : "01",
        "MANAGE_SP2" : "시종점",
        "DETAIL_SPO" : "시종점",
        "ETC_MATTER" : " ",
        "MNTN_NM" : "가양공원",
        "PAST_SPOT_" : "3011036040009",
        "MNTN_ID" : "301103604"
      },
      "geometry" : {
        "x" : 241048.79160000011,
        "y" : 416728.30150000006
      }
    },
    {
      "attributes" : {
        "FID" : 9,
        "PMNTN_SPOT" : 681,
        "MNTN_CODE" : "301103604",
        "MANAGE_SP1" : "02",
        "MANAGE_SP2" : "분기점",
        "DETAIL_SPO" : "분기점",
        "ETC_MATTER" : " ",
        "MNTN_NM" : "가양공원",
        "PAST_SPOT_" : "3011036040010",
        "MNTN_ID" : "301103604"
      },
      "geometry" : {
        "x" : 241053.59480000008,
        "y" : 416758.97590000369
      }
    },
    {
      "attributes" : {
        "FID" : 10,
        "PMNTN_SPOT" : 682,
        "MNTN_CODE" : "301103604",
        "MANAGE_SP1" : "02",
        "MANAGE_SP2" : "분기점",
        "DETAIL_SPO" : "분기점",
        "ETC_MATTER" : " ",
        "MNTN_NM" : "가양공원",
        "PAST_SPOT_" : "3011036040011",
        "MNTN_ID" : "301103604"
      },
      "geometry" : {
        "x" : 241103.69510000199,
        "y" : 416912.31469999999
      }
    },
    {
      "attributes" : {
        "FID" : 11,
        "PMNTN_SPOT" : 683,
        "MNTN_CODE" : "301103604",
        "MANAGE_SP1" : "02",
        "MANAGE_SP2" : "분기점",
        "DETAIL_SPO" : "분기점",
        "ETC_MATTER" : " ",
        "MNTN_NM" : "가양공원",
        "PAST_SPOT_" : "3011036040012",
        "MNTN_ID" : "301103604"
      },
      "geometry" : {
        "x" : 241128.36350000184,
        "y" : 417144.00160000101
      }
    },
    {
      "attributes" : {
        "FID" : 12,
        "PMNTN_SPOT" : 684,
        "MNTN_CODE" : "301103604",
        "MANAGE_SP1" : "01",
        "MANAGE_SP2" : "시종점",
        "DETAIL_SPO" : "시종점",
        "ETC_MATTER" : " ",
        "MNTN_NM" : "가양공원",
        "PAST_SPOT_" : "3011036040013",
        "MNTN_ID" : "301103604"
      },
      "geometry" : {
        "x" : 241135.10240000114,
        "y" : 416684.15520000271
      }
    },
    {
      "attributes" : {
        "FID" : 13,
        "PMNTN_SPOT" : 685,
        "MNTN_CODE" : "301103604",
        "MANAGE_SP1" : "02",
        "MANAGE_SP2" : "분기점",
        "DETAIL_SPO" : "분기점",
        "ETC_MATTER" : " ",
        "MNTN_NM" : "가양공원",
        "PAST_SPOT_" : "3011036040014",
        "MNTN_ID" : "301103604"
      },
      "geometry" : {
        "x" : 241141.06900000013,
        "y" : 417285.62500000186
      }
    },
    {
      "attributes" : {
        "FID" : 14,
        "PMNTN_SPOT" : 686,
        "MNTN_CODE" : "301103604",
        "MANAGE_SP1" : "02",
        "MANAGE_SP2" : "분기점",
        "DETAIL_SPO" : "분기점",
        "ETC_MATTER" : " ",
        "MNTN_NM" : "가양공원",
        "PAST_SPOT_" : "3011036040015",
        "MNTN_ID" : "301103604"
      },
      "geometry" : {
        "x" : 241152.53980000038,
        "y" : 417242.15709999949
      }
    },
    {
      "attributes" : {
        "FID" : 15,
        "PMNTN_SPOT" : 687,
        "MNTN_CODE" : "301103604",
        "MANAGE_SP1" : "02",
        "MANAGE_SP2" : "분기점",
        "DETAIL_SPO" : "분기점",
        "ETC_MATTER" : " ",
        "MNTN_NM" : "가양공원",
        "PAST_SPOT_" : "3011036040016",
        "MNTN_ID" : "301103604"
      },
      "geometry" : {
        "x" : 241162.09360000025,
        "y" : 417270.01120000146
      }
    },
    {
      "attributes" : {
        "FID" : 16,
        "PMNTN_SPOT" : 688,
        "MNTN_CODE" : "301103604",
        "MANAGE_SP1" : "02",
        "MANAGE_SP2" : "분기점",
        "DETAIL_SPO" : "분기점",
        "ETC_MATTER" : " ",
        "MNTN_NM" : "가양공원",
        "PAST_SPOT_" : "3011036040017",
        "MNTN_ID" : "301103604"
      },
      "geometry" : {
        "x" : 241165.43869999982,
        "y" : 416790.84280000255
      }
    },
    {
      "attributes" : {
        "FID" : 17,
        "PMNTN_SPOT" : 689,
        "MNTN_CODE" : "301103604",
        "MANAGE_SP1" : "02",
        "MANAGE_SP2" : "분기점",
        "DETAIL_SPO" : "분기점",
        "ETC_MATTER" : " ",
        "MNTN_NM" : "가양공원",
        "PAST_SPOT_" : "3011036040018",
        "MNTN_ID" : "301103604"
      },
      "geometry" : {
        "x" : 241180.58779999986,
        "y" : 417242.83350000158
      }
    },
    {
      "attributes" : {
        "FID" : 18,
        "PMNTN_SPOT" : 690,
        "MNTN_CODE" : "301103604",
        "MANAGE_SP1" : "02",
        "MANAGE_SP2" : "분기점",
        "DETAIL_SPO" : "분기점",
        "ETC_MATTER" : " ",
        "MNTN_NM" : "가양공원",
        "PAST_SPOT_" : "3011036040019",
        "MNTN_ID" : "301103604"
      },
      "geometry" : {
        "x" : 241192.23790000193,
        "y" : 417871.49720000289
      }
    },
    {
      "attributes" : {
        "FID" : 19,
        "PMNTN_SPOT" : 691,
        "MNTN_CODE" : "301103604",
        "MANAGE_SP1" : "02",
        "MANAGE_SP2" : "분기점",
        "DETAIL_SPO" : "분기점",
        "ETC_MATTER" : " ",
        "MNTN_NM" : "가양공원",
        "PAST_SPOT_" : "3011036040020",
        "MNTN_ID" : "301103604"
      },
      "geometry" : {
        "x" : 241199.96619999968,
        "y" : 416845.07010000013
      }
    },
    {
      "attributes" : {
        "FID" : 20,
        "PMNTN_SPOT" : 692,
        "MNTN_CODE" : "301103604",
        "MANAGE_SP1" : "01",
        "MANAGE_SP2" : "시종점",
        "DETAIL_SPO" : "시종점",
        "ETC_MATTER" : " ",
        "MNTN_NM" : "가양공원",
        "PAST_SPOT_" : "3011036040021",
        "MNTN_ID" : "301103604"
      },
      "geometry" : {
        "x" : 241238.06740000099,
        "y" : 417116.98930000141
      }
    },
    {
      "attributes" : {
        "FID" : 21,
        "PMNTN_SPOT" : 693,
        "MNTN_CODE" : "301103604",
        "MANAGE_SP1" : "02",
        "MANAGE_SP2" : "분기점",
        "DETAIL_SPO" : "분기점",
        "ETC_MATTER" : " ",
        "MNTN_NM" : "가양공원",
        "PAST_SPOT_" : "3011036040022",
        "MNTN_ID" : "301103604"
      },
      "geometry" : {
        "x" : 241240.49570000172,
        "y" : 417184.0615000017
      }
    },
    {
      "attributes" : {
        "FID" : 22,
        "PMNTN_SPOT" : 694,
        "MNTN_CODE" : "301103604",
        "MANAGE_SP1" : "01",
        "MANAGE_SP2" : "시종점",
        "DETAIL_SPO" : "시종점",
        "ETC_MATTER" : " ",
        "MNTN_NM" : "가양공원",
        "PAST_SPOT_" : "3011036040023",
        "MNTN_ID" : "301103604"
      },
      "geometry" : {
        "x" : 241245.77100000065,
        "y" : 416975.21860000119
      }
    },
    {
      "attributes" : {
        "FID" : 23,
        "PMNTN_SPOT" : 695,
        "MNTN_CODE" : "301103604",
        "MANAGE_SP1" : "02",
        "MANAGE_SP2" : "분기점",
        "DETAIL_SPO" : "분기점",
        "ETC_MATTER" : " ",
        "MNTN_NM" : "가양공원",
        "PAST_SPOT_" : "3011036040024",
        "MNTN_ID" : "301103604"
      },
      "geometry" : {
        "x" : 241266.0420000013,
        "y" : 416843.56080000103
      }
    },
    {
      "attributes" : {
        "FID" : 24,
        "PMNTN_SPOT" : 696,
        "MNTN_CODE" : "301103604",
        "MANAGE_SP1" : "02",
        "MANAGE_SP2" : "분기점",
        "DETAIL_SPO" : "분기점",
        "ETC_MATTER" : " ",
        "MNTN_NM" : "가양공원",
        "PAST_SPOT_" : "3011036040025",
        "MNTN_ID" : "301103604"
      },
      "geometry" : {
        "x" : 241301.38470000122,
        "y" : 417170.82400000095
      }
    },
    {
      "attributes" : {
        "FID" : 25,
        "PMNTN_SPOT" : 697,
        "MNTN_CODE" : "301103604",
        "MANAGE_SP1" : "02",
        "MANAGE_SP2" : "분기점",
        "DETAIL_SPO" : "분기점",
        "ETC_MATTER" : " ",
        "MNTN_NM" : "가양공원",
        "PAST_SPOT_" : "3011036040026",
        "MNTN_ID" : "301103604"
      },
      "geometry" : {
        "x" : 241302.1343000019,
        "y" : 417179.09180000052
      }
    },
    {
      "attributes" : {
        "FID" : 26,
        "PMNTN_SPOT" : 698,
        "MNTN_CODE" : "301103604",
        "MANAGE_SP1" : "02",
        "MANAGE_SP2" : "분기점",
        "DETAIL_SPO" : "분기점",
        "ETC_MATTER" : " ",
        "MNTN_NM" : "가양공원",
        "PAST_SPOT_" : "3011036040027",
        "MNTN_ID" : "301103604"
      },
      "geometry" : {
        "x" : 241342.01470000017,
        "y" : 417208.39300000109
      }
    },
    {
      "attributes" : {
        "FID" : 27,
        "PMNTN_SPOT" : 699,
        "MNTN_CODE" : "301103604",
        "MANAGE_SP1" : "02",
        "MANAGE_SP2" : "분기점",
        "DETAIL_SPO" : "분기점",
        "ETC_MATTER" : " ",
        "MNTN_NM" : "가양공원",
        "PAST_SPOT_" : "3011036040028",
        "MNTN_ID" : "301103604"
      },
      "geometry" : {
        "x" : 241353.7332000006,
        "y" : 416940.57560000382
      }
    },
    {
      "attributes" : {
        "FID" : 28,
        "PMNTN_SPOT" : 700,
        "MNTN_CODE" : "301103604",
        "MANAGE_SP1" : "02",
        "MANAGE_SP2" : "분기점",
        "DETAIL_SPO" : "분기점",
        "ETC_MATTER" : " ",
        "MNTN_NM" : "가양공원",
        "PAST_SPOT_" : "3011036040029",
        "MNTN_ID" : "301103604"
      },
      "geometry" : {
        "x" : 241377.50750000123,
        "y" : 417887.19409999996
      }
    },
    {
      "attributes" : {
        "FID" : 29,
        "PMNTN_SPOT" : 701,
        "MNTN_CODE" : "301103604",
        "MANAGE_SP1" : "02",
        "MANAGE_SP2" : "분기점",
        "DETAIL_SPO" : "분기점",
        "ETC_MATTER" : " ",
        "MNTN_NM" : "가양공원",
        "PAST_SPOT_" : "3011036040030",
        "MNTN_ID" : "301103604"
      },
      "geometry" : {
        "x" : 241400.86880000029,
        "y" : 418174.64460000023
      }
    },
    {
      "attributes" : {
        "FID" : 30,
        "PMNTN_SPOT" : 702,
        "MNTN_CODE" : "301103604",
        "MANAGE_SP1" : "01",
        "MANAGE_SP2" : "시종점",
        "DETAIL_SPO" : "시종점",
        "ETC_MATTER" : " ",
        "MNTN_NM" : "가양공원",
        "PAST_SPOT_" : "3011036040031",
        "MNTN_ID" : "301103604"
      },
      "geometry" : {
        "x" : 241407.1742000021,
        "y" : 418751.60820000246
      }
    },
    {
      "attributes" : {
        "FID" : 31,
        "PMNTN_SPOT" : 703,
        "MNTN_CODE" : "301103604",
        "MANAGE_SP1" : "02",
        "MANAGE_SP2" : "분기점",
        "DETAIL_SPO" : "분기점",
        "ETC_MATTER" : " ",
        "MNTN_NM" : "가양공원",
        "PAST_SPOT_" : "3011036040032",
        "MNTN_ID" : "301103604"
      },
      "geometry" : {
        "x" : 241415.14089999907,
        "y" : 418696.61270000041
      }
    },
    {
      "attributes" : {
        "FID" : 32,
        "PMNTN_SPOT" : 704,
        "MNTN_CODE" : "301103604",
        "MANAGE_SP1" : "02",
        "MANAGE_SP2" : "분기점",
        "DETAIL_SPO" : "분기점",
        "ETC_MATTER" : " ",
        "MNTN_NM" : "가양공원",
        "PAST_SPOT_" : "3011036040033",
        "MNTN_ID" : "301103604"
      },
      "geometry" : {
        "x" : 241428.17090000119,
        "y" : 417208.31000000238
      }
    },
    {
      "attributes" : {
        "FID" : 33,
        "PMNTN_SPOT" : 705,
        "MNTN_CODE" : "301103604",
        "MANAGE_SP1" : "02",
        "MANAGE_SP2" : "분기점",
        "DETAIL_SPO" : "분기점",
        "ETC_MATTER" : " ",
        "MNTN_NM" : "가양공원",
        "PAST_SPOT_" : "3011036040034",
        "MNTN_ID" : "301103604"
      },
      "geometry" : {
        "x" : 241428.17420000117,
        "y" : 418720.60400000215
      }
    },
    {
      "attributes" : {
        "FID" : 34,
        "PMNTN_SPOT" : 706,
        "MNTN_CODE" : "301103604",
        "MANAGE_SP1" : "01",
        "MANAGE_SP2" : "시종점",
        "DETAIL_SPO" : "시종점",
        "ETC_MATTER" : " ",
        "MNTN_NM" : "가양공원",
        "PAST_SPOT_" : "3011036040035",
        "MNTN_ID" : "301103604"
      },
      "geometry" : {
        "x" : 241429.31749999989,
        "y" : 417406.13840000145
      }
    },
    {
      "attributes" : {
        "FID" : 35,
        "PMNTN_SPOT" : 707,
        "MNTN_CODE" : "301103604",
        "MANAGE_SP1" : "02",
        "MANAGE_SP2" : "분기점",
        "DETAIL_SPO" : "분기점",
        "ETC_MATTER" : " ",
        "MNTN_NM" : "가양공원",
        "PAST_SPOT_" : "3011036040036",
        "MNTN_ID" : "301103604"
      },
      "geometry" : {
        "x" : 241433.40250000078,
        "y" : 418696.62800000235
      }
    },
    {
      "attributes" : {
        "FID" : 36,
        "PMNTN_SPOT" : 708,
        "MNTN_CODE" : "301103604",
        "MANAGE_SP1" : "01",
        "MANAGE_SP2" : "시종점",
        "DETAIL_SPO" : "시종점",
        "ETC_MATTER" : " ",
        "MNTN_NM" : "가양공원",
        "PAST_SPOT_" : "3011036040037",
        "MNTN_ID" : "301103604"
      },
      "geometry" : {
        "x" : 241446.39340000134,
        "y" : 417786.22450000048
      }
    },
    {
      "attributes" : {
        "FID" : 37,
        "PMNTN_SPOT" : 709,
        "MNTN_CODE" : "301103604",
        "MANAGE_SP1" : "02",
        "MANAGE_SP2" : "분기점",
        "DETAIL_SPO" : "분기점",
        "ETC_MATTER" : " ",
        "MNTN_NM" : "가양공원",
        "PAST_SPOT_" : "3011036040038",
        "MNTN_ID" : "301103604"
      },
      "geometry" : {
        "x" : 241448.54299999867,
        "y" : 417374.40300000086
      }
    },
    {
      "attributes" : {
        "FID" : 38,
        "PMNTN_SPOT" : 710,
        "MNTN_CODE" : "301103604",
        "MANAGE_SP1" : "02",
        "MANAGE_SP2" : "분기점",
        "DETAIL_SPO" : "분기점",
        "ETC_MATTER" : " ",
        "MNTN_NM" : "가양공원",
        "PAST_SPOT_" : "3011036040039",
        "MNTN_ID" : "301103604"
      },
      "geometry" : {
        "x" : 241460.30060000066,
        "y" : 417129.83000000194
      }
    },
    {
      "attributes" : {
        "FID" : 39,
        "PMNTN_SPOT" : 711,
        "MNTN_CODE" : "301103604",
        "MANAGE_SP1" : "02",
        "MANAGE_SP2" : "분기점",
        "DETAIL_SPO" : "분기점",
        "ETC_MATTER" : " ",
        "MNTN_NM" : "가양공원",
        "PAST_SPOT_" : "3011036040040",
        "MNTN_ID" : "301103604"
      },
      "geometry" : {
        "x" : 241472.35000000056,
        "y" : 418168.79290000163
      }
    },
    {
      "attributes" : {
        "FID" : 40,
        "PMNTN_SPOT" : 712,
        "MNTN_CODE" : "301103604",
        "MANAGE_SP1" : "02",
        "MANAGE_SP2" : "분기점",
        "DETAIL_SPO" : "분기점",
        "ETC_MATTER" : " ",
        "MNTN_NM" : "가양공원",
        "PAST_SPOT_" : "3011036040041",
        "MNTN_ID" : "301103604"
      },
      "geometry" : {
        "x" : 241534.90780000016,
        "y" : 417240.94520000182
      }
    },
    {
      "attributes" : {
        "FID" : 41,
        "PMNTN_SPOT" : 713,
        "MNTN_CODE" : "301103604",
        "MANAGE_SP1" : "02",
        "MANAGE_SP2" : "분기점",
        "DETAIL_SPO" : "분기점",
        "ETC_MATTER" : " ",
        "MNTN_NM" : "가양공원",
        "PAST_SPOT_" : "3011036040042",
        "MNTN_ID" : "301103604"
      },
      "geometry" : {
        "x" : 241539.39710000064,
        "y" : 418464.84670000337
      }
    },
    {
      "attributes" : {
        "FID" : 42,
        "PMNTN_SPOT" : 714,
        "MNTN_CODE" : "301103604",
        "MANAGE_SP1" : "02",
        "MANAGE_SP2" : "분기점",
        "DETAIL_SPO" : "분기점",
        "ETC_MATTER" : " ",
        "MNTN_NM" : "가양공원",
        "PAST_SPOT_" : "3011036040043",
        "MNTN_ID" : "301103604"
      },
      "geometry" : {
        "x" : 241546.50360000134,
        "y" : 418052.55120000429
      }
    },
    {
      "attributes" : {
        "FID" : 43,
        "PMNTN_SPOT" : 715,
        "MNTN_CODE" : "301103604",
        "MANAGE_SP1" : "02",
        "MANAGE_SP2" : "분기점",
        "DETAIL_SPO" : "분기점",
        "ETC_MATTER" : " ",
        "MNTN_NM" : "가양공원",
        "PAST_SPOT_" : "3011036040044",
        "MNTN_ID" : "301103604"
      },
      "geometry" : {
        "x" : 241548.28680000175,
        "y" : 418220.44529999979
      }
    },
    {
      "attributes" : {
        "FID" : 44,
        "PMNTN_SPOT" : 716,
        "MNTN_CODE" : "301103604",
        "MANAGE_SP1" : "02",
        "MANAGE_SP2" : "분기점",
        "DETAIL_SPO" : "분기점",
        "ETC_MATTER" : " ",
        "MNTN_NM" : "가양공원",
        "PAST_SPOT_" : "3011036040045",
        "MNTN_ID" : "301103604"
      },
      "geometry" : {
        "x" : 241550.50530000031,
        "y" : 417361.37170000002
      }
    },
    {
      "attributes" : {
        "FID" : 45,
        "PMNTN_SPOT" : 717,
        "MNTN_CODE" : "301103604",
        "MANAGE_SP1" : "02",
        "MANAGE_SP2" : "분기점",
        "DETAIL_SPO" : "분기점",
        "ETC_MATTER" : " ",
        "MNTN_NM" : "가양공원",
        "PAST_SPOT_" : "3011036040046",
        "MNTN_ID" : "301103604"
      },
      "geometry" : {
        "x" : 241566.01099999994,
        "y" : 418242.21390000172
      }
    },
    {
      "attributes" : {
        "FID" : 46,
        "PMNTN_SPOT" : 718,
        "MNTN_CODE" : "301103604",
        "MANAGE_SP1" : "02",
        "MANAGE_SP2" : "분기점",
        "DETAIL_SPO" : "분기점",
        "ETC_MATTER" : " ",
        "MNTN_NM" : "가양공원",
        "PAST_SPOT_" : "3011036040047",
        "MNTN_ID" : "301103604"
      },
      "geometry" : {
        "x" : 241568.00260000117,
        "y" : 417334.27190000191
      }
    },
    {
      "attributes" : {
        "FID" : 47,
        "PMNTN_SPOT" : 719,
        "MNTN_CODE" : "301103604",
        "MANAGE_SP1" : "02",
        "MANAGE_SP2" : "분기점",
        "DETAIL_SPO" : "분기점",
        "ETC_MATTER" : " ",
        "MNTN_NM" : "가양공원",
        "PAST_SPOT_" : "3011036040048",
        "MNTN_ID" : "301103604"
      },
      "geometry" : {
        "x" : 241576.07940000016,
        "y" : 418375.30269999988
      }
    },
    {
      "attributes" : {
        "FID" : 48,
        "PMNTN_SPOT" : 720,
        "MNTN_CODE" : "301103604",
        "MANAGE_SP1" : "02",
        "MANAGE_SP2" : "분기점",
        "DETAIL_SPO" : "분기점",
        "ETC_MATTER" : " ",
        "MNTN_NM" : "가양공원",
        "PAST_SPOT_" : "3011036040049",
        "MNTN_ID" : "301103604"
      },
      "geometry" : {
        "x" : 241636.67610000167,
        "y" : 418257.98720000125
      }
    },
    {
      "attributes" : {
        "FID" : 49,
        "PMNTN_SPOT" : 721,
        "MNTN_CODE" : "301103604",
        "MANAGE_SP1" : "02",
        "MANAGE_SP2" : "분기점",
        "DETAIL_SPO" : "분기점",
        "ETC_MATTER" : " ",
        "MNTN_NM" : "가양공원",
        "PAST_SPOT_" : "3011036040050",
        "MNTN_ID" : "301103604"
      },
      "geometry" : {
        "x" : 241657.14149999991,
        "y" : 417296.0829000026
      }
    },
    {
      "attributes" : {
        "FID" : 50,
        "PMNTN_SPOT" : 722,
        "MNTN_CODE" : "301103604",
        "MANAGE_SP1" : "02",
        "MANAGE_SP2" : "분기점",
        "DETAIL_SPO" : "분기점",
        "ETC_MATTER" : " ",
        "MNTN_NM" : "가양공원",
        "PAST_SPOT_" : "3011036040051",
        "MNTN_ID" : "301103604"
      },
      "geometry" : {
        "x" : 241658.58660000097,
        "y" : 417093.35810000077
      }
    },
    {
      "attributes" : {
        "FID" : 51,
        "PMNTN_SPOT" : 723,
        "MNTN_CODE" : "301103604",
        "MANAGE_SP1" : "02",
        "MANAGE_SP2" : "분기점",
        "DETAIL_SPO" : "분기점",
        "ETC_MATTER" : " ",
        "MNTN_NM" : "가양공원",
        "PAST_SPOT_" : "3011036040052",
        "MNTN_ID" : "301103604"
      },
      "geometry" : {
        "x" : 241660.32360000163,
        "y" : 417278.60180000216
      }
    },
    {
      "attributes" : {
        "FID" : 52,
        "PMNTN_SPOT" : 724,
        "MNTN_CODE" : "301103604",
        "MANAGE_SP1" : "02",
        "MANAGE_SP2" : "분기점",
        "DETAIL_SPO" : "분기점",
        "ETC_MATTER" : " ",
        "MNTN_NM" : "가양공원",
        "PAST_SPOT_" : "3011036040053",
        "MNTN_ID" : "301103604"
      },
      "geometry" : {
        "x" : 241660.78089999966,
        "y" : 417304.40990000218
      }
    },
    {
      "attributes" : {
        "FID" : 53,
        "PMNTN_SPOT" : 725,
        "MNTN_CODE" : "301103604",
        "MANAGE_SP1" : "02",
        "MANAGE_SP2" : "분기점",
        "DETAIL_SPO" : "분기점",
        "ETC_MATTER" : " ",
        "MNTN_NM" : "가양공원",
        "PAST_SPOT_" : "3011036040054",
        "MNTN_ID" : "301103604"
      },
      "geometry" : {
        "x" : 241671.68410000112,
        "y" : 417378.14570000209
      }
    },
    {
      "attributes" : {
        "FID" : 54,
        "PMNTN_SPOT" : 726,
        "MNTN_CODE" : "301103604",
        "MANAGE_SP1" : "02",
        "MANAGE_SP2" : "분기점",
        "DETAIL_SPO" : "분기점",
        "ETC_MATTER" : " ",
        "MNTN_NM" : "가양공원",
        "PAST_SPOT_" : "3011036040055",
        "MNTN_ID" : "301103604"
      },
      "geometry" : {
        "x" : 241679.36580000073,
        "y" : 417264.23919999972
      }
    },
    {
      "attributes" : {
        "FID" : 55,
        "PMNTN_SPOT" : 727,
        "MNTN_CODE" : "301103604",
        "MANAGE_SP1" : "02",
        "MANAGE_SP2" : "분기점",
        "DETAIL_SPO" : "분기점",
        "ETC_MATTER" : " ",
        "MNTN_NM" : "가양공원",
        "PAST_SPOT_" : "3011036040056",
        "MNTN_ID" : "301103604"
      },
      "geometry" : {
        "x" : 241699.97429999989,
        "y" : 417236.39590000175
      }
    },
    {
      "attributes" : {
        "FID" : 56,
        "PMNTN_SPOT" : 728,
        "MNTN_CODE" : "301103604",
        "MANAGE_SP1" : "02",
        "MANAGE_SP2" : "분기점",
        "DETAIL_SPO" : "분기점",
        "ETC_MATTER" : " ",
        "MNTN_NM" : "가양공원",
        "PAST_SPOT_" : "3011036040057",
        "MNTN_ID" : "301103604"
      },
      "geometry" : {
        "x" : 241700.77640000079,
        "y" : 417402.69250000082
      }
    },
    {
      "attributes" : {
        "FID" : 57,
        "PMNTN_SPOT" : 729,
        "MNTN_CODE" : "301103604",
        "MANAGE_SP1" : "02",
        "MANAGE_SP2" : "분기점",
        "DETAIL_SPO" : "분기점",
        "ETC_MATTER" : " ",
        "MNTN_NM" : "가양공원",
        "PAST_SPOT_" : "3011036040058",
        "MNTN_ID" : "301103604"
      },
      "geometry" : {
        "x" : 241714.55190000031,
        "y" : 418203.52539999969
      }
    },
    {
      "attributes" : {
        "FID" : 58,
        "PMNTN_SPOT" : 730,
        "MNTN_CODE" : "301103604",
        "MANAGE_SP1" : "02",
        "MANAGE_SP2" : "분기점",
        "DETAIL_SPO" : "분기점",
        "ETC_MATTER" : " ",
        "MNTN_NM" : "가양공원",
        "PAST_SPOT_" : "3011036040059",
        "MNTN_ID" : "301103604"
      },
      "geometry" : {
        "x" : 241726.82899999898,
        "y" : 417277.3928999994
      }
    },
    {
      "attributes" : {
        "FID" : 59,
        "PMNTN_SPOT" : 731,
        "MNTN_CODE" : "301103604",
        "MANAGE_SP1" : "02",
        "MANAGE_SP2" : "분기점",
        "DETAIL_SPO" : "분기점",
        "ETC_MATTER" : " ",
        "MNTN_NM" : "가양공원",
        "PAST_SPOT_" : "3011036040060",
        "MNTN_ID" : "301103604"
      },
      "geometry" : {
        "x" : 241743.3515000008,
        "y" : 417235.10099999979
      }
    },
    {
      "attributes" : {
        "FID" : 60,
        "PMNTN_SPOT" : 732,
        "MNTN_CODE" : "301103604",
        "MANAGE_SP1" : "02",
        "MANAGE_SP2" : "분기점",
        "DETAIL_SPO" : "분기점",
        "ETC_MATTER" : " ",
        "MNTN_NM" : "가양공원",
        "PAST_SPOT_" : "3011036040061",
        "MNTN_ID" : "301103604"
      },
      "geometry" : {
        "x" : 241776.30860000104,
        "y" : 417819.13829999976
      }
    },
    {
      "attributes" : {
        "FID" : 61,
        "PMNTN_SPOT" : 733,
        "MNTN_CODE" : "301103604",
        "MANAGE_SP1" : "02",
        "MANAGE_SP2" : "분기점",
        "DETAIL_SPO" : "분기점",
        "ETC_MATTER" : " ",
        "MNTN_NM" : "가양공원",
        "PAST_SPOT_" : "3011036040062",
        "MNTN_ID" : "301103604"
      },
      "geometry" : {
        "x" : 241832.84539999999,
        "y" : 417878.16960000247
      }
    }
  ]
}