{
  "displayFieldName" : "",
  "fieldAliases" : {
    "FID" : "FID",
    "PMNTN_SPOT" : "PMNTN_SPOT",
    "MNTN_CODE" : "MNTN_CODE",
    "MANAGE_SP1" : "MANAGE_SP1",
    "MANAGE_SP2" : "MANAGE_SP2",
    "DETAIL_SPO" : "DETAIL_SPO",
    "ETC_MATTER" : "ETC_MATTER",
    "MNTN_NM" : "MNTN_NM",
    "PAST_SPOT_" : "PAST_SPOT_",
    "MNTN_ID" : "MNTN_ID"
  },
  "geometryType" : "esriGeometryPoint",
  "spatialReference" : {
    "wkt" : "PROJCS[\"PCS_ITRF2000_TM\",GEOGCS[\"GCS_ITRF_2000\",DATUM[\"D_ITRF_2000\",SPHEROID[\"GRS_1980\",6378137.0,298.257222101]],PRIMEM[\"Greenwich\",0.0],UNIT[\"Degree\",0.0174532925199433]],PROJECTION[\"Transverse_Mercator\"],PARAMETER[\"False_Easting\",200000.0],PARAMETER[\"False_Northing\",600000.0],PARAMETER[\"Central_Meridian\",127.0],PARAMETER[\"Scale_Factor\",1.0],PARAMETER[\"Latitude_Of_Origin\",38.0],UNIT[\"Meter\",1.0]]"
  },
  "fields" : [
    {
      "name" : "FID",
      "type" : "esriFieldTypeOID",
      "alias" : "FID"
    },
    {
      "name" : "PMNTN_SPOT",
      "type" : "esriFieldTypeDouble",
      "alias" : "PMNTN_SPOT"
    },
    {
      "name" : "MNTN_CODE",
      "type" : "esriFieldTypeString",
      "alias" : "MNTN_CODE",
      "length" : 9
    },
    {
      "name" : "MANAGE_SP1",
      "type" : "esriFieldTypeString",
      "alias" : "MANAGE_SP1",
      "length" : 2
    },
    {
      "name" : "MANAGE_SP2",
      "type" : "esriFieldTypeString",
      "alias" : "MANAGE_SP2",
      "length" : 50
    },
    {
      "name" : "DETAIL_SPO",
      "type" : "esriFieldTypeString",
      "alias" : "DETAIL_SPO",
      "length" : 200
    },
    {
      "name" : "ETC_MATTER",
      "type" : "esriFieldTypeString",
      "alias" : "ETC_MATTER",
      "length" : 200
    },
    {
      "name" : "MNTN_NM",
      "type" : "esriFieldTypeString",
      "alias" : "MNTN_NM",
      "length" : 50
    },
    {
      "name" : "PAST_SPOT_",
      "type" : "esriFieldTypeString",
      "alias" : "PAST_SPOT_",
      "length" : 14
    },
    {
      "name" : "MNTN_ID",
      "type" : "esriFieldTypeString",
      "alias" : "MNTN_ID",
      "length" : 10
    }
  ],
  "features" : [
    {
      "attributes" : {
        "FID" : 0,
        "PMNTN_SPOT" : 51721,
        "MNTN_CODE" : "415001701",
        "MANAGE_SP1" : "02",
        "MANAGE_SP2" : "분기점",
        "DETAIL_SPO" : "분기점",
        "ETC_MATTER" : " ",
        "MNTN_NM" : "설봉산",
        "PAST_SPOT_" : "4150017010001",
        "MNTN_ID" : "415001701"
      },
      "geometry" : {
        "x" : 236757.27230000123,
        "y" : 520092.32300000079
      }
    },
    {
      "attributes" : {
        "FID" : 1,
        "PMNTN_SPOT" : 51722,
        "MNTN_CODE" : "415001701",
        "MANAGE_SP1" : "02",
        "MANAGE_SP2" : "분기점",
        "DETAIL_SPO" : "분기점",
        "ETC_MATTER" : " ",
        "MNTN_NM" : "설봉산",
        "PAST_SPOT_" : "4150017010002",
        "MNTN_ID" : "415001701"
      },
      "geometry" : {
        "x" : 236847.54730000347,
        "y" : 520582.7098999992
      }
    },
    {
      "attributes" : {
        "FID" : 2,
        "PMNTN_SPOT" : 51723,
        "MNTN_CODE" : "415001701",
        "MANAGE_SP1" : "02",
        "MANAGE_SP2" : "분기점",
        "DETAIL_SPO" : "분기점",
        "ETC_MATTER" : " ",
        "MNTN_NM" : "설봉산",
        "PAST_SPOT_" : "4150017010003",
        "MNTN_ID" : "415001701"
      },
      "geometry" : {
        "x" : 236860.5763000017,
        "y" : 520279.76080000028
      }
    },
    {
      "attributes" : {
        "FID" : 3,
        "PMNTN_SPOT" : 51724,
        "MNTN_CODE" : "415001701",
        "MANAGE_SP1" : "02",
        "MANAGE_SP2" : "분기점",
        "DETAIL_SPO" : "분기점",
        "ETC_MATTER" : " ",
        "MNTN_NM" : "설봉산",
        "PAST_SPOT_" : "4150017010004",
        "MNTN_ID" : "415001701"
      },
      "geometry" : {
        "x" : 236893.75110000093,
        "y" : 519397.16479999945
      }
    },
    {
      "attributes" : {
        "FID" : 4,
        "PMNTN_SPOT" : 51725,
        "MNTN_CODE" : "415001701",
        "MANAGE_SP1" : "02",
        "MANAGE_SP2" : "분기점",
        "DETAIL_SPO" : "분기점",
        "ETC_MATTER" : " ",
        "MNTN_NM" : "설봉산",
        "PAST_SPOT_" : "4150017010005",
        "MNTN_ID" : "415001701"
      },
      "geometry" : {
        "x" : 236910.65130000282,
        "y" : 520363.78500000201
      }
    },
    {
      "attributes" : {
        "FID" : 5,
        "PMNTN_SPOT" : 51726,
        "MNTN_CODE" : "415001701",
        "MANAGE_SP1" : "02",
        "MANAGE_SP2" : "분기점",
        "DETAIL_SPO" : "분기점",
        "ETC_MATTER" : " ",
        "MNTN_NM" : "설봉산",
        "PAST_SPOT_" : "4150017010006",
        "MNTN_ID" : "415001701"
      },
      "geometry" : {
        "x" : 237112.64900000021,
        "y" : 519515.90389999934
      }
    },
    {
      "attributes" : {
        "FID" : 6,
        "PMNTN_SPOT" : 51727,
        "MNTN_CODE" : "415001701",
        "MANAGE_SP1" : "02",
        "MANAGE_SP2" : "분기점",
        "DETAIL_SPO" : "분기점",
        "ETC_MATTER" : " ",
        "MNTN_NM" : "설봉산",
        "PAST_SPOT_" : "4150017010007",
        "MNTN_ID" : "415001701"
      },
      "geometry" : {
        "x" : 237136.41350000352,
        "y" : 519390.2918999996
      }
    },
    {
      "attributes" : {
        "FID" : 7,
        "PMNTN_SPOT" : 51728,
        "MNTN_CODE" : "415001701",
        "MANAGE_SP1" : "02",
        "MANAGE_SP2" : "분기점",
        "DETAIL_SPO" : "분기점",
        "ETC_MATTER" : " ",
        "MNTN_NM" : "설봉산",
        "PAST_SPOT_" : "4150017010008",
        "MNTN_ID" : "415001701"
      },
      "geometry" : {
        "x" : 237173.75760000013,
        "y" : 520338.32310000248
      }
    },
    {
      "attributes" : {
        "FID" : 8,
        "PMNTN_SPOT" : 51729,
        "MNTN_CODE" : "415001701",
        "MANAGE_SP1" : "02",
        "MANAGE_SP2" : "분기점",
        "DETAIL_SPO" : "분기점",
        "ETC_MATTER" : " ",
        "MNTN_NM" : "설봉산",
        "PAST_SPOT_" : "4150017010009",
        "MNTN_ID" : "415001701"
      },
      "geometry" : {
        "x" : 237188.18600000162,
        "y" : 519828.23650000058
      }
    },
    {
      "attributes" : {
        "FID" : 9,
        "PMNTN_SPOT" : 51730,
        "MNTN_CODE" : "415001701",
        "MANAGE_SP1" : "02",
        "MANAGE_SP2" : "분기점",
        "DETAIL_SPO" : "분기점",
        "ETC_MATTER" : " ",
        "MNTN_NM" : "설봉산",
        "PAST_SPOT_" : "4150017010010",
        "MNTN_ID" : "415001701"
      },
      "geometry" : {
        "x" : 237206.85800000001,
        "y" : 519730.63260000199
      }
    },
    {
      "attributes" : {
        "FID" : 10,
        "PMNTN_SPOT" : 51731,
        "MNTN_CODE" : "415001701",
        "MANAGE_SP1" : "02",
        "MANAGE_SP2" : "분기점",
        "DETAIL_SPO" : "분기점",
        "ETC_MATTER" : " ",
        "MNTN_NM" : "설봉산",
        "PAST_SPOT_" : "4150017010011",
        "MNTN_ID" : "415001701"
      },
      "geometry" : {
        "x" : 237267.11780000012,
        "y" : 520299.28150000237
      }
    },
    {
      "attributes" : {
        "FID" : 11,
        "PMNTN_SPOT" : 51732,
        "MNTN_CODE" : "415001701",
        "MANAGE_SP1" : "02",
        "MANAGE_SP2" : "분기점",
        "DETAIL_SPO" : "분기점",
        "ETC_MATTER" : " ",
        "MNTN_NM" : "설봉산",
        "PAST_SPOT_" : "4150017010012",
        "MNTN_ID" : "415001701"
      },
      "geometry" : {
        "x" : 237432.79320000019,
        "y" : 520716.78720000386
      }
    },
    {
      "attributes" : {
        "FID" : 12,
        "PMNTN_SPOT" : 51733,
        "MNTN_CODE" : "415001701",
        "MANAGE_SP1" : "02",
        "MANAGE_SP2" : "분기점",
        "DETAIL_SPO" : "분기점",
        "ETC_MATTER" : " ",
        "MNTN_NM" : "설봉산",
        "PAST_SPOT_" : "4150017010013",
        "MNTN_ID" : "415001701"
      },
      "geometry" : {
        "x" : 237483.54400000349,
        "y" : 519929.23529999889
      }
    },
    {
      "attributes" : {
        "FID" : 13,
        "PMNTN_SPOT" : 51734,
        "MNTN_CODE" : "415001701",
        "MANAGE_SP1" : "02",
        "MANAGE_SP2" : "분기점",
        "DETAIL_SPO" : "분기점",
        "ETC_MATTER" : " ",
        "MNTN_NM" : "설봉산",
        "PAST_SPOT_" : "4150017010014",
        "MNTN_ID" : "415001701"
      },
      "geometry" : {
        "x" : 237506.32870000135,
        "y" : 520423.88770000264
      }
    },
    {
      "attributes" : {
        "FID" : 14,
        "PMNTN_SPOT" : 51735,
        "MNTN_CODE" : "415001701",
        "MANAGE_SP1" : "02",
        "MANAGE_SP2" : "분기점",
        "DETAIL_SPO" : "분기점",
        "ETC_MATTER" : " ",
        "MNTN_NM" : "설봉산",
        "PAST_SPOT_" : "4150017010015",
        "MNTN_ID" : "415001701"
      },
      "geometry" : {
        "x" : 237544.72549999971,
        "y" : 520578.34460000135
      }
    },
    {
      "attributes" : {
        "FID" : 15,
        "PMNTN_SPOT" : 51736,
        "MNTN_CODE" : "415001701",
        "MANAGE_SP1" : "02",
        "MANAGE_SP2" : "분기점",
        "DETAIL_SPO" : "분기점",
        "ETC_MATTER" : " ",
        "MNTN_NM" : "설봉산",
        "PAST_SPOT_" : "4150017010016",
        "MNTN_ID" : "415001701"
      },
      "geometry" : {
        "x" : 237627.59240000136,
        "y" : 519936.66730000265
      }
    },
    {
      "attributes" : {
        "FID" : 16,
        "PMNTN_SPOT" : 51737,
        "MNTN_CODE" : "415001701",
        "MANAGE_SP1" : "01",
        "MANAGE_SP2" : "시종점",
        "DETAIL_SPO" : "시종점",
        "ETC_MATTER" : " ",
        "MNTN_NM" : "설봉산",
        "PAST_SPOT_" : "4150017010017",
        "MNTN_ID" : "415001701"
      },
      "geometry" : {
        "x" : 237805.21260000207,
        "y" : 519614.35659999959
      }
    },
    {
      "attributes" : {
        "FID" : 17,
        "PMNTN_SPOT" : 51738,
        "MNTN_CODE" : "415001701",
        "MANAGE_SP1" : "01",
        "MANAGE_SP2" : "시종점",
        "DETAIL_SPO" : "시종점",
        "ETC_MATTER" : " ",
        "MNTN_NM" : "설봉산",
        "PAST_SPOT_" : "4150017010018",
        "MNTN_ID" : "415001701"
      },
      "geometry" : {
        "x" : 238389.43549999967,
        "y" : 520072.83730000444
      }
    },
    {
      "attributes" : {
        "FID" : 18,
        "PMNTN_SPOT" : 51739,
        "MNTN_CODE" : "415001701",
        "MANAGE_SP1" : "01",
        "MANAGE_SP2" : "시종점",
        "DETAIL_SPO" : "시종점",
        "ETC_MATTER" : " ",
        "MNTN_NM" : "설봉산",
        "PAST_SPOT_" : "4150017010019",
        "MNTN_ID" : "415001701"
      },
      "geometry" : {
        "x" : 238450.15790000092,
        "y" : 519939.45820000209
      }
    },
    {
      "attributes" : {
        "FID" : 19,
        "PMNTN_SPOT" : 51740,
        "MNTN_CODE" : "415001701",
        "MANAGE_SP1" : "14",
        "MANAGE_SP2" : "조망점",
        "DETAIL_SPO" : "이섭봉",
        "ETC_MATTER" : " ",
        "MNTN_NM" : "설봉산",
        "PAST_SPOT_" : "4150017010020",
        "MNTN_ID" : "415001701"
      },
      "geometry" : {
        "x" : 237102.05040000007,
        "y" : 518670.3422000017
      }
    },
    {
      "attributes" : {
        "FID" : 20,
        "PMNTN_SPOT" : 51741,
        "MNTN_CODE" : "415001701",
        "MANAGE_SP1" : "99",
        "MANAGE_SP2" : "기타",
        "DETAIL_SPO" : "연인바위",
        "ETC_MATTER" : " ",
        "MNTN_NM" : "설봉산",
        "PAST_SPOT_" : "4150017010021",
        "MNTN_ID" : "415001701"
      },
      "geometry" : {
        "x" : 237218.56869999878,
        "y" : 518744.89499999955
      }
    },
    {
      "attributes" : {
        "FID" : 21,
        "PMNTN_SPOT" : 51742,
        "MNTN_CODE" : "415001701",
        "MANAGE_SP1" : "10",
        "MANAGE_SP2" : "이정표",
        "DETAIL_SPO" : "이정표",
        "ETC_MATTER" : " ",
        "MNTN_NM" : "설봉산",
        "PAST_SPOT_" : "4150017010022",
        "MNTN_ID" : "415001701"
      },
      "geometry" : {
        "x" : 236947.73709999863,
        "y" : 518954.84139999747
      }
    },
    {
      "attributes" : {
        "FID" : 22,
        "PMNTN_SPOT" : 51743,
        "MNTN_CODE" : "415001701",
        "MANAGE_SP1" : "10",
        "MANAGE_SP2" : "이정표",
        "DETAIL_SPO" : "이정표",
        "ETC_MATTER" : " ",
        "MNTN_NM" : "설봉산",
        "PAST_SPOT_" : "4150017010023",
        "MNTN_ID" : "415001701"
      },
      "geometry" : {
        "x" : 237521.70360000059,
        "y" : 518956.6138000004
      }
    },
    {
      "attributes" : {
        "FID" : 23,
        "PMNTN_SPOT" : 51744,
        "MNTN_CODE" : "415001701",
        "MANAGE_SP1" : "10",
        "MANAGE_SP2" : "이정표",
        "DETAIL_SPO" : "이정표",
        "ETC_MATTER" : " ",
        "MNTN_NM" : "설봉산",
        "PAST_SPOT_" : "4150017010024",
        "MNTN_ID" : "415001701"
      },
      "geometry" : {
        "x" : 236964.39449999947,
        "y" : 519314.54150000028
      }
    },
    {
      "attributes" : {
        "FID" : 24,
        "PMNTN_SPOT" : 51745,
        "MNTN_CODE" : "415001701",
        "MANAGE_SP1" : "10",
        "MANAGE_SP2" : "이정표",
        "DETAIL_SPO" : "이정표",
        "ETC_MATTER" : " ",
        "MNTN_NM" : "설봉산",
        "PAST_SPOT_" : "4150017010025",
        "MNTN_ID" : "415001701"
      },
      "geometry" : {
        "x" : 236944.81319999974,
        "y" : 519354.34380000271
      }
    },
    {
      "attributes" : {
        "FID" : 25,
        "PMNTN_SPOT" : 51746,
        "MNTN_CODE" : "415001701",
        "MANAGE_SP1" : "10",
        "MANAGE_SP2" : "이정표",
        "DETAIL_SPO" : "이정표",
        "ETC_MATTER" : " ",
        "MNTN_NM" : "설봉산",
        "PAST_SPOT_" : "4150017010026",
        "MNTN_ID" : "415001701"
      },
      "geometry" : {
        "x" : 236891.8534000013,
        "y" : 519398.86100000143
      }
    },
    {
      "attributes" : {
        "FID" : 26,
        "PMNTN_SPOT" : 51747,
        "MNTN_CODE" : "415001701",
        "MANAGE_SP1" : "10",
        "MANAGE_SP2" : "이정표",
        "DETAIL_SPO" : "이정표",
        "ETC_MATTER" : " ",
        "MNTN_NM" : "설봉산",
        "PAST_SPOT_" : "4150017010027",
        "MNTN_ID" : "415001701"
      },
      "geometry" : {
        "x" : 236890.74230000284,
        "y" : 519401.41990000196
      }
    },
    {
      "attributes" : {
        "FID" : 27,
        "PMNTN_SPOT" : 51748,
        "MNTN_CODE" : "415001701",
        "MANAGE_SP1" : "10",
        "MANAGE_SP2" : "이정표",
        "DETAIL_SPO" : "이정표",
        "ETC_MATTER" : " ",
        "MNTN_NM" : "설봉산",
        "PAST_SPOT_" : "4150017010028",
        "MNTN_ID" : "415001701"
      },
      "geometry" : {
        "x" : 237161.84369999915,
        "y" : 519404.09940000065
      }
    },
    {
      "attributes" : {
        "FID" : 28,
        "PMNTN_SPOT" : 51749,
        "MNTN_CODE" : "415001701",
        "MANAGE_SP1" : "10",
        "MANAGE_SP2" : "이정표",
        "DETAIL_SPO" : "이정표",
        "ETC_MATTER" : " ",
        "MNTN_NM" : "설봉산",
        "PAST_SPOT_" : "4150017010029",
        "MNTN_ID" : "415001701"
      },
      "geometry" : {
        "x" : 236806.91839999985,
        "y" : 519413.27260000259
      }
    },
    {
      "attributes" : {
        "FID" : 29,
        "PMNTN_SPOT" : 51750,
        "MNTN_CODE" : "415001701",
        "MANAGE_SP1" : "07",
        "MANAGE_SP2" : "시설물(운동기구 등)",
        "DETAIL_SPO" : "88계단",
        "ETC_MATTER" : " ",
        "MNTN_NM" : "설봉산",
        "PAST_SPOT_" : "4150017010030",
        "MNTN_ID" : "415001701"
      },
      "geometry" : {
        "x" : 237136.11600000039,
        "y" : 519413.55289999954
      }
    },
    {
      "attributes" : {
        "FID" : 30,
        "PMNTN_SPOT" : 51751,
        "MNTN_CODE" : "415001701",
        "MANAGE_SP1" : "05",
        "MANAGE_SP2" : "벤치",
        "DETAIL_SPO" : "벤치",
        "ETC_MATTER" : " ",
        "MNTN_NM" : "설봉산",
        "PAST_SPOT_" : "4150017010031",
        "MNTN_ID" : "415001701"
      },
      "geometry" : {
        "x" : 236806.1659000041,
        "y" : 519447.43070000038
      }
    },
    {
      "attributes" : {
        "FID" : 31,
        "PMNTN_SPOT" : 51752,
        "MNTN_CODE" : "415001701",
        "MANAGE_SP1" : "07",
        "MANAGE_SP2" : "시설물(운동기구 등)",
        "DETAIL_SPO" : "88계단",
        "ETC_MATTER" : " ",
        "MNTN_NM" : "설봉산",
        "PAST_SPOT_" : "4150017010032",
        "MNTN_ID" : "415001701"
      },
      "geometry" : {
        "x" : 237094.72950000502,
        "y" : 519450.15110000223
      }
    },
    {
      "attributes" : {
        "FID" : 32,
        "PMNTN_SPOT" : 51753,
        "MNTN_CODE" : "415001701",
        "MANAGE_SP1" : "05",
        "MANAGE_SP2" : "벤치",
        "DETAIL_SPO" : "벤치",
        "ETC_MATTER" : " ",
        "MNTN_NM" : "설봉산",
        "PAST_SPOT_" : "4150017010033",
        "MNTN_ID" : "415001701"
      },
      "geometry" : {
        "x" : 236790.24200000055,
        "y" : 519470.5127000045
      }
    },
    {
      "attributes" : {
        "FID" : 33,
        "PMNTN_SPOT" : 51754,
        "MNTN_CODE" : "415001701",
        "MANAGE_SP1" : "99",
        "MANAGE_SP2" : "기타",
        "DETAIL_SPO" : "구암약수터",
        "ETC_MATTER" : " ",
        "MNTN_NM" : "설봉산",
        "PAST_SPOT_" : "4150017010034",
        "MNTN_ID" : "415001701"
      },
      "geometry" : {
        "x" : 237091.61150000244,
        "y" : 519491.51290000416
      }
    },
    {
      "attributes" : {
        "FID" : 34,
        "PMNTN_SPOT" : 51755,
        "MNTN_CODE" : "415001701",
        "MANAGE_SP1" : "16",
        "MANAGE_SP2" : "주요나무",
        "DETAIL_SPO" : "오백년송.벤치",
        "ETC_MATTER" : " ",
        "MNTN_NM" : "설봉산",
        "PAST_SPOT_" : "4150017010035",
        "MNTN_ID" : "415001701"
      },
      "geometry" : {
        "x" : 236753.64320000075,
        "y" : 519497.76630000398
      }
    },
    {
      "attributes" : {
        "FID" : 35,
        "PMNTN_SPOT" : 51756,
        "MNTN_CODE" : "415001701",
        "MANAGE_SP1" : "10",
        "MANAGE_SP2" : "이정표",
        "DETAIL_SPO" : "이정표",
        "ETC_MATTER" : " ",
        "MNTN_NM" : "설봉산",
        "PAST_SPOT_" : "4150017010036",
        "MNTN_ID" : "415001701"
      },
      "geometry" : {
        "x" : 237119.17929999996,
        "y" : 519511.21230000257
      }
    },
    {
      "attributes" : {
        "FID" : 36,
        "PMNTN_SPOT" : 51757,
        "MNTN_CODE" : "415001701",
        "MANAGE_SP1" : "10",
        "MANAGE_SP2" : "이정표",
        "DETAIL_SPO" : "이정표",
        "ETC_MATTER" : " ",
        "MNTN_NM" : "설봉산",
        "PAST_SPOT_" : "4150017010037",
        "MNTN_ID" : "415001701"
      },
      "geometry" : {
        "x" : 237116.83640000038,
        "y" : 519515.56370000169
      }
    },
    {
      "attributes" : {
        "FID" : 37,
        "PMNTN_SPOT" : 51758,
        "MNTN_CODE" : "415001701",
        "MANAGE_SP1" : "05",
        "MANAGE_SP2" : "벤치",
        "DETAIL_SPO" : "벤치",
        "ETC_MATTER" : " ",
        "MNTN_NM" : "설봉산",
        "PAST_SPOT_" : "4150017010038",
        "MNTN_ID" : "415001701"
      },
      "geometry" : {
        "x" : 236754.69640000351,
        "y" : 519526.71600000001
      }
    },
    {
      "attributes" : {
        "FID" : 38,
        "PMNTN_SPOT" : 51759,
        "MNTN_CODE" : "415001701",
        "MANAGE_SP1" : "99",
        "MANAGE_SP2" : "기타",
        "DETAIL_SPO" : "청구약수터",
        "ETC_MATTER" : " ",
        "MNTN_NM" : "설봉산",
        "PAST_SPOT_" : "4150017010039",
        "MNTN_ID" : "415001701"
      },
      "geometry" : {
        "x" : 237152.6847000001,
        "y" : 519538.02999999933
      }
    },
    {
      "attributes" : {
        "FID" : 39,
        "PMNTN_SPOT" : 51760,
        "MNTN_CODE" : "415001701",
        "MANAGE_SP1" : "05",
        "MANAGE_SP2" : "벤치",
        "DETAIL_SPO" : "벤치",
        "ETC_MATTER" : " ",
        "MNTN_NM" : "설봉산",
        "PAST_SPOT_" : "4150017010040",
        "MNTN_ID" : "415001701"
      },
      "geometry" : {
        "x" : 237117.81040000357,
        "y" : 519564.20199999958
      }
    },
    {
      "attributes" : {
        "FID" : 40,
        "PMNTN_SPOT" : 51761,
        "MNTN_CODE" : "415001701",
        "MANAGE_SP1" : "10",
        "MANAGE_SP2" : "이정표",
        "DETAIL_SPO" : "이정표",
        "ETC_MATTER" : " ",
        "MNTN_NM" : "설봉산",
        "PAST_SPOT_" : "4150017010041",
        "MNTN_ID" : "415001701"
      },
      "geometry" : {
        "x" : 237191.71169999987,
        "y" : 519575.73770000041
      }
    },
    {
      "attributes" : {
        "FID" : 41,
        "PMNTN_SPOT" : 51762,
        "MNTN_CODE" : "415001701",
        "MANAGE_SP1" : "99",
        "MANAGE_SP2" : "기타",
        "DETAIL_SPO" : "흙놀이공원",
        "ETC_MATTER" : " ",
        "MNTN_NM" : "설봉산",
        "PAST_SPOT_" : "4150017010042",
        "MNTN_ID" : "415001701"
      },
      "geometry" : {
        "x" : 237608.80330000073,
        "y" : 519576.81390000135
      }
    },
    {
      "attributes" : {
        "FID" : 42,
        "PMNTN_SPOT" : 51763,
        "MNTN_CODE" : "415001701",
        "MANAGE_SP1" : "99",
        "MANAGE_SP2" : "기타",
        "DETAIL_SPO" : "나무다리",
        "ETC_MATTER" : " ",
        "MNTN_NM" : "설봉산",
        "PAST_SPOT_" : "4150017010043",
        "MNTN_ID" : "415001701"
      },
      "geometry" : {
        "x" : 237082.51130000222,
        "y" : 519590.21690000221
      }
    },
    {
      "attributes" : {
        "FID" : 43,
        "PMNTN_SPOT" : 51764,
        "MNTN_CODE" : "415001701",
        "MANAGE_SP1" : "05",
        "MANAGE_SP2" : "벤치",
        "DETAIL_SPO" : "벤치",
        "ETC_MATTER" : " ",
        "MNTN_NM" : "설봉산",
        "PAST_SPOT_" : "4150017010044",
        "MNTN_ID" : "415001701"
      },
      "geometry" : {
        "x" : 237095.47869999986,
        "y" : 519618.27570000291
      }
    },
    {
      "attributes" : {
        "FID" : 44,
        "PMNTN_SPOT" : 51765,
        "MNTN_CODE" : "415001701",
        "MANAGE_SP1" : "10",
        "MANAGE_SP2" : "이정표",
        "DETAIL_SPO" : "이정표",
        "ETC_MATTER" : " ",
        "MNTN_NM" : "설봉산",
        "PAST_SPOT_" : "4150017010045",
        "MNTN_ID" : "415001701"
      },
      "geometry" : {
        "x" : 237227.72220000066,
        "y" : 519631.64510000125
      }
    },
    {
      "attributes" : {
        "FID" : 45,
        "PMNTN_SPOT" : 51766,
        "MNTN_CODE" : "415001701",
        "MANAGE_SP1" : "99",
        "MANAGE_SP2" : "기타",
        "DETAIL_SPO" : "나무다리",
        "ETC_MATTER" : " ",
        "MNTN_NM" : "설봉산",
        "PAST_SPOT_" : "4150017010046",
        "MNTN_ID" : "415001701"
      },
      "geometry" : {
        "x" : 237251.74970000144,
        "y" : 519641.48480000347
      }
    },
    {
      "attributes" : {
        "FID" : 46,
        "PMNTN_SPOT" : 51767,
        "MNTN_CODE" : "415001701",
        "MANAGE_SP1" : "14",
        "MANAGE_SP2" : "조망점",
        "DETAIL_SPO" : "청운봉.벤치",
        "ETC_MATTER" : " ",
        "MNTN_NM" : "설봉산",
        "PAST_SPOT_" : "4150017010047",
        "MNTN_ID" : "415001701"
      },
      "geometry" : {
        "x" : 236760.5418999996,
        "y" : 519644.39750000089
      }
    },
    {
      "attributes" : {
        "FID" : 47,
        "PMNTN_SPOT" : 51768,
        "MNTN_CODE" : "415001701",
        "MANAGE_SP1" : "99",
        "MANAGE_SP2" : "기타",
        "DETAIL_SPO" : "나무다리",
        "ETC_MATTER" : " ",
        "MNTN_NM" : "설봉산",
        "PAST_SPOT_" : "4150017010048",
        "MNTN_ID" : "415001701"
      },
      "geometry" : {
        "x" : 237079.73249999993,
        "y" : 519645.20920000412
      }
    },
    {
      "attributes" : {
        "FID" : 48,
        "PMNTN_SPOT" : 51769,
        "MNTN_CODE" : "415001701",
        "MANAGE_SP1" : "99",
        "MANAGE_SP2" : "기타",
        "DETAIL_SPO" : "사붓골약수터",
        "ETC_MATTER" : " ",
        "MNTN_NM" : "설봉산",
        "PAST_SPOT_" : "4150017010049",
        "MNTN_ID" : "415001701"
      },
      "geometry" : {
        "x" : 237179.91459999979,
        "y" : 519658.29230000265
      }
    },
    {
      "attributes" : {
        "FID" : 49,
        "PMNTN_SPOT" : 51770,
        "MNTN_CODE" : "415001701",
        "MANAGE_SP1" : "05",
        "MANAGE_SP2" : "벤치",
        "DETAIL_SPO" : "벤치",
        "ETC_MATTER" : " ",
        "MNTN_NM" : "설봉산",
        "PAST_SPOT_" : "4150017010050",
        "MNTN_ID" : "415001701"
      },
      "geometry" : {
        "x" : 237092.99820000026,
        "y" : 519663.92430000193
      }
    },
    {
      "attributes" : {
        "FID" : 50,
        "PMNTN_SPOT" : 51771,
        "MNTN_CODE" : "415001701",
        "MANAGE_SP1" : "10",
        "MANAGE_SP2" : "이정표",
        "DETAIL_SPO" : "이정표",
        "ETC_MATTER" : " ",
        "MNTN_NM" : "설봉산",
        "PAST_SPOT_" : "4150017010051",
        "MNTN_ID" : "415001701"
      },
      "geometry" : {
        "x" : 237354.23629999906,
        "y" : 519676.85510000028
      }
    },
    {
      "attributes" : {
        "FID" : 51,
        "PMNTN_SPOT" : 51772,
        "MNTN_CODE" : "415001701",
        "MANAGE_SP1" : "10",
        "MANAGE_SP2" : "이정표",
        "DETAIL_SPO" : "이정표",
        "ETC_MATTER" : " ",
        "MNTN_NM" : "설봉산",
        "PAST_SPOT_" : "4150017010052",
        "MNTN_ID" : "415001701"
      },
      "geometry" : {
        "x" : 236754.19120000023,
        "y" : 519683.05950000137
      }
    },
    {
      "attributes" : {
        "FID" : 52,
        "PMNTN_SPOT" : 51773,
        "MNTN_CODE" : "415001701",
        "MANAGE_SP1" : "10",
        "MANAGE_SP2" : "이정표",
        "DETAIL_SPO" : "이정표",
        "ETC_MATTER" : " ",
        "MNTN_NM" : "설봉산",
        "PAST_SPOT_" : "4150017010053",
        "MNTN_ID" : "415001701"
      },
      "geometry" : {
        "x" : 237148.40580000076,
        "y" : 519697.69750000164
      }
    },
    {
      "attributes" : {
        "FID" : 53,
        "PMNTN_SPOT" : 51774,
        "MNTN_CODE" : "415001701",
        "MANAGE_SP1" : "10",
        "MANAGE_SP2" : "이정표",
        "DETAIL_SPO" : "이정표",
        "ETC_MATTER" : " ",
        "MNTN_NM" : "설봉산",
        "PAST_SPOT_" : "4150017010054",
        "MNTN_ID" : "415001701"
      },
      "geometry" : {
        "x" : 238290.68640000001,
        "y" : 519714.79150000028
      }
    },
    {
      "attributes" : {
        "FID" : 54,
        "PMNTN_SPOT" : 51775,
        "MNTN_CODE" : "415001701",
        "MANAGE_SP1" : "99",
        "MANAGE_SP2" : "기타",
        "DETAIL_SPO" : "부학루기",
        "ETC_MATTER" : " ",
        "MNTN_NM" : "설봉산",
        "PAST_SPOT_" : "4150017010055",
        "MNTN_ID" : "415001701"
      },
      "geometry" : {
        "x" : 236763.70810000319,
        "y" : 519715.49780000187
      }
    },
    {
      "attributes" : {
        "FID" : 55,
        "PMNTN_SPOT" : 51776,
        "MNTN_CODE" : "415001701",
        "MANAGE_SP1" : "10",
        "MANAGE_SP2" : "이정표",
        "DETAIL_SPO" : "이정표",
        "ETC_MATTER" : " ",
        "MNTN_NM" : "설봉산",
        "PAST_SPOT_" : "4150017010056",
        "MNTN_ID" : "415001701"
      },
      "geometry" : {
        "x" : 237207.05550000072,
        "y" : 519732.27329999954
      }
    },
    {
      "attributes" : {
        "FID" : 56,
        "PMNTN_SPOT" : 51777,
        "MNTN_CODE" : "415001701",
        "MANAGE_SP1" : "10",
        "MANAGE_SP2" : "이정표",
        "DETAIL_SPO" : "이정표벤치",
        "ETC_MATTER" : " ",
        "MNTN_NM" : "설봉산",
        "PAST_SPOT_" : "4150017010057",
        "MNTN_ID" : "415001701"
      },
      "geometry" : {
        "x" : 237208.26690000016,
        "y" : 519735.10879999958
      }
    },
    {
      "attributes" : {
        "FID" : 57,
        "PMNTN_SPOT" : 51778,
        "MNTN_CODE" : "415001701",
        "MANAGE_SP1" : "99",
        "MANAGE_SP2" : "기타",
        "DETAIL_SPO" : "천경대약수터",
        "ETC_MATTER" : " ",
        "MNTN_NM" : "설봉산",
        "PAST_SPOT_" : "4150017010058",
        "MNTN_ID" : "415001701"
      },
      "geometry" : {
        "x" : 237427.42880000267,
        "y" : 519741.79620000347
      }
    },
    {
      "attributes" : {
        "FID" : 58,
        "PMNTN_SPOT" : 51779,
        "MNTN_CODE" : "415001701",
        "MANAGE_SP1" : "05",
        "MANAGE_SP2" : "벤치",
        "DETAIL_SPO" : "벤치",
        "ETC_MATTER" : " ",
        "MNTN_NM" : "설봉산",
        "PAST_SPOT_" : "4150017010059",
        "MNTN_ID" : "415001701"
      },
      "geometry" : {
        "x" : 237290.8628000021,
        "y" : 519769.66910000145
      }
    },
    {
      "attributes" : {
        "FID" : 59,
        "PMNTN_SPOT" : 51780,
        "MNTN_CODE" : "415001701",
        "MANAGE_SP1" : "05",
        "MANAGE_SP2" : "벤치",
        "DETAIL_SPO" : "벤치",
        "ETC_MATTER" : " ",
        "MNTN_NM" : "설봉산",
        "PAST_SPOT_" : "4150017010060",
        "MNTN_ID" : "415001701"
      },
      "geometry" : {
        "x" : 237279.44309999887,
        "y" : 519770.83929999918
      }
    },
    {
      "attributes" : {
        "FID" : 60,
        "PMNTN_SPOT" : 51781,
        "MNTN_CODE" : "415001701",
        "MANAGE_SP1" : "99",
        "MANAGE_SP2" : "기타",
        "DETAIL_SPO" : "나무다리",
        "ETC_MATTER" : " ",
        "MNTN_NM" : "설봉산",
        "PAST_SPOT_" : "4150017010061",
        "MNTN_ID" : "415001701"
      },
      "geometry" : {
        "x" : 237168.22880000249,
        "y" : 519790.00310000218
      }
    },
    {
      "attributes" : {
        "FID" : 61,
        "PMNTN_SPOT" : 51782,
        "MNTN_CODE" : "415001701",
        "MANAGE_SP1" : "99",
        "MANAGE_SP2" : "기타",
        "DETAIL_SPO" : "나무다리",
        "ETC_MATTER" : " ",
        "MNTN_NM" : "설봉산",
        "PAST_SPOT_" : "4150017010062",
        "MNTN_ID" : "415001701"
      },
      "geometry" : {
        "x" : 237171.01310000103,
        "y" : 519804.19940000214
      }
    },
    {
      "attributes" : {
        "FID" : 62,
        "PMNTN_SPOT" : 51783,
        "MNTN_CODE" : "415001701",
        "MANAGE_SP1" : "07",
        "MANAGE_SP2" : "시설물(운동기구 등)",
        "DETAIL_SPO" : "명심교",
        "ETC_MATTER" : " ",
        "MNTN_NM" : "설봉산",
        "PAST_SPOT_" : "4150017010063",
        "MNTN_ID" : "415001701"
      },
      "geometry" : {
        "x" : 237494.08560000174,
        "y" : 519808.29590000398
      }
    },
    {
      "attributes" : {
        "FID" : 63,
        "PMNTN_SPOT" : 51784,
        "MNTN_CODE" : "415001701",
        "MANAGE_SP1" : "99",
        "MANAGE_SP2" : "기타",
        "DETAIL_SPO" : "명당약수",
        "ETC_MATTER" : " ",
        "MNTN_NM" : "설봉산",
        "PAST_SPOT_" : "4150017010064",
        "MNTN_ID" : "415001701"
      },
      "geometry" : {
        "x" : 237186.5689999992,
        "y" : 519828.37429999933
      }
    },
    {
      "attributes" : {
        "FID" : 64,
        "PMNTN_SPOT" : 51785,
        "MNTN_CODE" : "415001701",
        "MANAGE_SP1" : "99",
        "MANAGE_SP2" : "기타",
        "DETAIL_SPO" : "오미약수터",
        "ETC_MATTER" : " ",
        "MNTN_NM" : "설봉산",
        "PAST_SPOT_" : "4150017010065",
        "MNTN_ID" : "415001701"
      },
      "geometry" : {
        "x" : 237494.18250000197,
        "y" : 519830.33820000105
      }
    },
    {
      "attributes" : {
        "FID" : 65,
        "PMNTN_SPOT" : 51786,
        "MNTN_CODE" : "415001701",
        "MANAGE_SP1" : "07",
        "MANAGE_SP2" : "시설물(운동기구 등)",
        "DETAIL_SPO" : "산림욕장입구",
        "ETC_MATTER" : " ",
        "MNTN_NM" : "설봉산",
        "PAST_SPOT_" : "4150017010066",
        "MNTN_ID" : "415001701"
      },
      "geometry" : {
        "x" : 237511.76240000129,
        "y" : 519832.00359999947
      }
    },
    {
      "attributes" : {
        "FID" : 66,
        "PMNTN_SPOT" : 51787,
        "MNTN_CODE" : "415001701",
        "MANAGE_SP1" : "99",
        "MANAGE_SP2" : "기타",
        "DETAIL_SPO" : "공원시설관리소",
        "ETC_MATTER" : " ",
        "MNTN_NM" : "설봉산",
        "PAST_SPOT_" : "4150017010067",
        "MNTN_ID" : "415001701"
      },
      "geometry" : {
        "x" : 237551.15270000044,
        "y" : 519865.13090000115
      }
    },
    {
      "attributes" : {
        "FID" : 67,
        "PMNTN_SPOT" : 51788,
        "MNTN_CODE" : "415001701",
        "MANAGE_SP1" : "99",
        "MANAGE_SP2" : "기타",
        "DETAIL_SPO" : "학소정",
        "ETC_MATTER" : " ",
        "MNTN_NM" : "설봉산",
        "PAST_SPOT_" : "4150017010068",
        "MNTN_ID" : "415001701"
      },
      "geometry" : {
        "x" : 238452.35730000306,
        "y" : 519896.44690000266
      }
    },
    {
      "attributes" : {
        "FID" : 68,
        "PMNTN_SPOT" : 51789,
        "MNTN_CODE" : "415001701",
        "MANAGE_SP1" : "99",
        "MANAGE_SP2" : "기타",
        "DETAIL_SPO" : "나무다리",
        "ETC_MATTER" : " ",
        "MNTN_NM" : "설봉산",
        "PAST_SPOT_" : "4150017010069",
        "MNTN_ID" : "415001701"
      },
      "geometry" : {
        "x" : 237420.21589999925,
        "y" : 519903.91450000368
      }
    },
    {
      "attributes" : {
        "FID" : 69,
        "PMNTN_SPOT" : 51790,
        "MNTN_CODE" : "415001701",
        "MANAGE_SP1" : "10",
        "MANAGE_SP2" : "이정표",
        "DETAIL_SPO" : "이정표.벤치",
        "ETC_MATTER" : " ",
        "MNTN_NM" : "설봉산",
        "PAST_SPOT_" : "4150017010070",
        "MNTN_ID" : "415001701"
      },
      "geometry" : {
        "x" : 237203.00779999979,
        "y" : 519905.61540000141
      }
    },
    {
      "attributes" : {
        "FID" : 70,
        "PMNTN_SPOT" : 51791,
        "MNTN_CODE" : "415001701",
        "MANAGE_SP1" : "05",
        "MANAGE_SP2" : "벤치",
        "DETAIL_SPO" : "벤치",
        "ETC_MATTER" : " ",
        "MNTN_NM" : "설봉산",
        "PAST_SPOT_" : "4150017010071",
        "MNTN_ID" : "415001701"
      },
      "geometry" : {
        "x" : 237519.10560000408,
        "y" : 519945.4860999994
      }
    },
    {
      "attributes" : {
        "FID" : 71,
        "PMNTN_SPOT" : 51792,
        "MNTN_CODE" : "415001701",
        "MANAGE_SP1" : "05",
        "MANAGE_SP2" : "벤치",
        "DETAIL_SPO" : "벤치",
        "ETC_MATTER" : " ",
        "MNTN_NM" : "설봉산",
        "PAST_SPOT_" : "4150017010072",
        "MNTN_ID" : "415001701"
      },
      "geometry" : {
        "x" : 237233.36470000073,
        "y" : 519988.16770000011
      }
    },
    {
      "attributes" : {
        "FID" : 72,
        "PMNTN_SPOT" : 51793,
        "MNTN_CODE" : "415001701",
        "MANAGE_SP1" : "05",
        "MANAGE_SP2" : "벤치",
        "DETAIL_SPO" : "벤치",
        "ETC_MATTER" : " ",
        "MNTN_NM" : "설봉산",
        "PAST_SPOT_" : "4150017010073",
        "MNTN_ID" : "415001701"
      },
      "geometry" : {
        "x" : 237701.67019999959,
        "y" : 519989.47540000267
      }
    },
    {
      "attributes" : {
        "FID" : 73,
        "PMNTN_SPOT" : 51794,
        "MNTN_CODE" : "415001701",
        "MANAGE_SP1" : "99",
        "MANAGE_SP2" : "기타",
        "DETAIL_SPO" : "나무다리",
        "ETC_MATTER" : " ",
        "MNTN_NM" : "설봉산",
        "PAST_SPOT_" : "4150017010074",
        "MNTN_ID" : "415001701"
      },
      "geometry" : {
        "x" : 237664.17760000285,
        "y" : 519996.29970000125
      }
    },
    {
      "attributes" : {
        "FID" : 74,
        "PMNTN_SPOT" : 51795,
        "MNTN_CODE" : "415001701",
        "MANAGE_SP1" : "05",
        "MANAGE_SP2" : "벤치",
        "DETAIL_SPO" : "벤치",
        "ETC_MATTER" : " ",
        "MNTN_NM" : "설봉산",
        "PAST_SPOT_" : "4150017010075",
        "MNTN_ID" : "415001701"
      },
      "geometry" : {
        "x" : 237818.68969999999,
        "y" : 520075.50400000252
      }
    },
    {
      "attributes" : {
        "FID" : 75,
        "PMNTN_SPOT" : 51796,
        "MNTN_CODE" : "415001701",
        "MANAGE_SP1" : "05",
        "MANAGE_SP2" : "벤치",
        "DETAIL_SPO" : "벤치",
        "ETC_MATTER" : " ",
        "MNTN_NM" : "설봉산",
        "PAST_SPOT_" : "4150017010076",
        "MNTN_ID" : "415001701"
      },
      "geometry" : {
        "x" : 237310.25530000404,
        "y" : 520084.74410000257
      }
    },
    {
      "attributes" : {
        "FID" : 76,
        "PMNTN_SPOT" : 51797,
        "MNTN_CODE" : "415001701",
        "MANAGE_SP1" : "14",
        "MANAGE_SP2" : "조망점",
        "DETAIL_SPO" : "부학봉.벤치",
        "ETC_MATTER" : " ",
        "MNTN_NM" : "설봉산",
        "PAST_SPOT_" : "4150017010077",
        "MNTN_ID" : "415001701"
      },
      "geometry" : {
        "x" : 236757.8880000012,
        "y" : 520087.63000000268
      }
    },
    {
      "attributes" : {
        "FID" : 77,
        "PMNTN_SPOT" : 51798,
        "MNTN_CODE" : "415001701",
        "MANAGE_SP1" : "07",
        "MANAGE_SP2" : "시설물(운동기구 등)",
        "DETAIL_SPO" : "축구장",
        "ETC_MATTER" : " ",
        "MNTN_NM" : "설봉산",
        "PAST_SPOT_" : "4150017010078",
        "MNTN_ID" : "415001701"
      },
      "geometry" : {
        "x" : 237840.25229999982,
        "y" : 520098.59730000235
      }
    },
    {
      "attributes" : {
        "FID" : 78,
        "PMNTN_SPOT" : 51799,
        "MNTN_CODE" : "415001701",
        "MANAGE_SP1" : "10",
        "MANAGE_SP2" : "이정표",
        "DETAIL_SPO" : "이정표",
        "ETC_MATTER" : " ",
        "MNTN_NM" : "설봉산",
        "PAST_SPOT_" : "4150017010079",
        "MNTN_ID" : "415001701"
      },
      "geometry" : {
        "x" : 236761.07959999889,
        "y" : 520106.15630000457
      }
    },
    {
      "attributes" : {
        "FID" : 79,
        "PMNTN_SPOT" : 51800,
        "MNTN_CODE" : "415001701",
        "MANAGE_SP1" : "99",
        "MANAGE_SP2" : "기타",
        "DETAIL_SPO" : "나무다리",
        "ETC_MATTER" : " ",
        "MNTN_NM" : "설봉산",
        "PAST_SPOT_" : "4150017010080",
        "MNTN_ID" : "415001701"
      },
      "geometry" : {
        "x" : 237321.54210000392,
        "y" : 520113.43960000202
      }
    },
    {
      "attributes" : {
        "FID" : 80,
        "PMNTN_SPOT" : 51801,
        "MNTN_CODE" : "415001701",
        "MANAGE_SP1" : "99",
        "MANAGE_SP2" : "기타",
        "DETAIL_SPO" : "서희선생동상",
        "ETC_MATTER" : " ",
        "MNTN_NM" : "설봉산",
        "PAST_SPOT_" : "4150017010081",
        "MNTN_ID" : "415001701"
      },
      "geometry" : {
        "x" : 237778.33990000095,
        "y" : 520132.09219999984
      }
    },
    {
      "attributes" : {
        "FID" : 81,
        "PMNTN_SPOT" : 51802,
        "MNTN_CODE" : "415001701",
        "MANAGE_SP1" : "10",
        "MANAGE_SP2" : "이정표",
        "DETAIL_SPO" : "이정표",
        "ETC_MATTER" : " ",
        "MNTN_NM" : "설봉산",
        "PAST_SPOT_" : "4150017010082",
        "MNTN_ID" : "415001701"
      },
      "geometry" : {
        "x" : 236719.01240000036,
        "y" : 520143.40820000134
      }
    },
    {
      "attributes" : {
        "FID" : 82,
        "PMNTN_SPOT" : 51803,
        "MNTN_CODE" : "415001701",
        "MANAGE_SP1" : "10",
        "MANAGE_SP2" : "이정표",
        "DETAIL_SPO" : "이정표",
        "ETC_MATTER" : " ",
        "MNTN_NM" : "설봉산",
        "PAST_SPOT_" : "4150017010083",
        "MNTN_ID" : "415001701"
      },
      "geometry" : {
        "x" : 238268.58610000089,
        "y" : 520166.94810000062
      }
    },
    {
      "attributes" : {
        "FID" : 83,
        "PMNTN_SPOT" : 51804,
        "MNTN_CODE" : "415001701",
        "MANAGE_SP1" : "05",
        "MANAGE_SP2" : "벤치",
        "DETAIL_SPO" : "벤치",
        "ETC_MATTER" : " ",
        "MNTN_NM" : "설봉산",
        "PAST_SPOT_" : "4150017010084",
        "MNTN_ID" : "415001701"
      },
      "geometry" : {
        "x" : 237322.30109999981,
        "y" : 520178.29199999943
      }
    },
    {
      "attributes" : {
        "FID" : 84,
        "PMNTN_SPOT" : 51805,
        "MNTN_CODE" : "415001701",
        "MANAGE_SP1" : "07",
        "MANAGE_SP2" : "시설물(운동기구 등)",
        "DETAIL_SPO" : "테니스장",
        "ETC_MATTER" : " ",
        "MNTN_NM" : "설봉산",
        "PAST_SPOT_" : "4150017010085",
        "MNTN_ID" : "415001701"
      },
      "geometry" : {
        "x" : 237791.3384000035,
        "y" : 520182.14970000274
      }
    },
    {
      "attributes" : {
        "FID" : 85,
        "PMNTN_SPOT" : 51806,
        "MNTN_CODE" : "415001701",
        "MANAGE_SP1" : "07",
        "MANAGE_SP2" : "시설물(운동기구 등)",
        "DETAIL_SPO" : "극락교",
        "ETC_MATTER" : " ",
        "MNTN_NM" : "설봉산",
        "PAST_SPOT_" : "4150017010086",
        "MNTN_ID" : "415001701"
      },
      "geometry" : {
        "x" : 237659.64790000115,
        "y" : 520184.08990000188
      }
    },
    {
      "attributes" : {
        "FID" : 86,
        "PMNTN_SPOT" : 51807,
        "MNTN_CODE" : "415001701",
        "MANAGE_SP1" : "11",
        "MANAGE_SP2" : "안내판또는지도",
        "DETAIL_SPO" : "안내문",
        "ETC_MATTER" : " ",
        "MNTN_NM" : "설봉산",
        "PAST_SPOT_" : "4150017010087",
        "MNTN_ID" : "415001701"
      },
      "geometry" : {
        "x" : 238239.20020000264,
        "y" : 520197.09150000289
      }
    },
    {
      "attributes" : {
        "FID" : 87,
        "PMNTN_SPOT" : 51808,
        "MNTN_CODE" : "415001701",
        "MANAGE_SP1" : "07",
        "MANAGE_SP2" : "시설물(운동기구 등)",
        "DETAIL_SPO" : "농구장",
        "ETC_MATTER" : " ",
        "MNTN_NM" : "설봉산",
        "PAST_SPOT_" : "4150017010088",
        "MNTN_ID" : "415001701"
      },
      "geometry" : {
        "x" : 237748.64709999878,
        "y" : 520234.99840000086
      }
    },
    {
      "attributes" : {
        "FID" : 88,
        "PMNTN_SPOT" : 51809,
        "MNTN_CODE" : "415001701",
        "MANAGE_SP1" : "11",
        "MANAGE_SP2" : "안내판또는지도",
        "DETAIL_SPO" : "안내판",
        "ETC_MATTER" : " ",
        "MNTN_NM" : "설봉산",
        "PAST_SPOT_" : "4150017010089",
        "MNTN_ID" : "415001701"
      },
      "geometry" : {
        "x" : 236944.77920000348,
        "y" : 520235.08270000108
      }
    },
    {
      "attributes" : {
        "FID" : 89,
        "PMNTN_SPOT" : 51810,
        "MNTN_CODE" : "415001701",
        "MANAGE_SP1" : "99",
        "MANAGE_SP2" : "기타",
        "DETAIL_SPO" : "현충탑",
        "ETC_MATTER" : " ",
        "MNTN_NM" : "설봉산",
        "PAST_SPOT_" : "4150017010090",
        "MNTN_ID" : "415001701"
      },
      "geometry" : {
        "x" : 237711.34879999887,
        "y" : 520236.28510000743
      }
    },
    {
      "attributes" : {
        "FID" : 90,
        "PMNTN_SPOT" : 51811,
        "MNTN_CODE" : "415001701",
        "MANAGE_SP1" : "99",
        "MANAGE_SP2" : "기타",
        "DETAIL_SPO" : "나무다리",
        "ETC_MATTER" : " ",
        "MNTN_NM" : "설봉산",
        "PAST_SPOT_" : "4150017010091",
        "MNTN_ID" : "415001701"
      },
      "geometry" : {
        "x" : 236961.48749999981,
        "y" : 520239.16269999929
      }
    },
    {
      "attributes" : {
        "FID" : 91,
        "PMNTN_SPOT" : 51812,
        "MNTN_CODE" : "415001701",
        "MANAGE_SP1" : "05",
        "MANAGE_SP2" : "벤치",
        "DETAIL_SPO" : "벤치",
        "ETC_MATTER" : " ",
        "MNTN_NM" : "설봉산",
        "PAST_SPOT_" : "4150017010092",
        "MNTN_ID" : "415001701"
      },
      "geometry" : {
        "x" : 236654.99150000047,
        "y" : 520244.7367000021
      }
    },
    {
      "attributes" : {
        "FID" : 92,
        "PMNTN_SPOT" : 51813,
        "MNTN_CODE" : "415001701",
        "MANAGE_SP1" : "99",
        "MANAGE_SP2" : "기타",
        "DETAIL_SPO" : "삼형제바위",
        "ETC_MATTER" : " ",
        "MNTN_NM" : "설봉산",
        "PAST_SPOT_" : "4150017010093",
        "MNTN_ID" : "415001701"
      },
      "geometry" : {
        "x" : 236918.68870000169,
        "y" : 520245.00139999948
      }
    },
    {
      "attributes" : {
        "FID" : 93,
        "PMNTN_SPOT" : 51814,
        "MNTN_CODE" : "415001701",
        "MANAGE_SP1" : "11",
        "MANAGE_SP2" : "안내판또는지도",
        "DETAIL_SPO" : "생태관찰로",
        "ETC_MATTER" : " ",
        "MNTN_NM" : "설봉산",
        "PAST_SPOT_" : "4150017010094",
        "MNTN_ID" : "415001701"
      },
      "geometry" : {
        "x" : 237262.76160000078,
        "y" : 520257.36100000329
      }
    },
    {
      "attributes" : {
        "FID" : 94,
        "PMNTN_SPOT" : 51815,
        "MNTN_CODE" : "415001701",
        "MANAGE_SP1" : "99",
        "MANAGE_SP2" : "기타",
        "DETAIL_SPO" : "나무다리",
        "ETC_MATTER" : " ",
        "MNTN_NM" : "설봉산",
        "PAST_SPOT_" : "4150017010095",
        "MNTN_ID" : "415001701"
      },
      "geometry" : {
        "x" : 236995.15440000128,
        "y" : 520260.95280000195
      }
    },
    {
      "attributes" : {
        "FID" : 95,
        "PMNTN_SPOT" : 51816,
        "MNTN_CODE" : "415001701",
        "MANAGE_SP1" : "10",
        "MANAGE_SP2" : "이정표",
        "DETAIL_SPO" : "이정표.벤치",
        "ETC_MATTER" : " ",
        "MNTN_NM" : "설봉산",
        "PAST_SPOT_" : "4150017010096",
        "MNTN_ID" : "415001701"
      },
      "geometry" : {
        "x" : 236868.308500004,
        "y" : 520272.83780000173
      }
    },
    {
      "attributes" : {
        "FID" : 96,
        "PMNTN_SPOT" : 51817,
        "MNTN_CODE" : "415001701",
        "MANAGE_SP1" : "99",
        "MANAGE_SP2" : "기타",
        "DETAIL_SPO" : "청심교",
        "ETC_MATTER" : " ",
        "MNTN_NM" : "설봉산",
        "PAST_SPOT_" : "4150017010097",
        "MNTN_ID" : "415001701"
      },
      "geometry" : {
        "x" : 237259.54229999986,
        "y" : 520273.39530000091
      }
    },
    {
      "attributes" : {
        "FID" : 97,
        "PMNTN_SPOT" : 51818,
        "MNTN_CODE" : "415001701",
        "MANAGE_SP1" : "23",
        "MANAGE_SP2" : "정상",
        "DETAIL_SPO" : "정상",
        "ETC_MATTER" : " ",
        "MNTN_NM" : "설봉산",
        "PAST_SPOT_" : "4150017010098",
        "MNTN_ID" : "415001701"
      },
      "geometry" : {
        "x" : 236645.14950000402,
        "y" : 520278.87749999948
      }
    },
    {
      "attributes" : {
        "FID" : 98,
        "PMNTN_SPOT" : 51819,
        "MNTN_CODE" : "415001701",
        "MANAGE_SP1" : "05",
        "MANAGE_SP2" : "벤치",
        "DETAIL_SPO" : "벤치",
        "ETC_MATTER" : " ",
        "MNTN_NM" : "설봉산",
        "PAST_SPOT_" : "4150017010099",
        "MNTN_ID" : "415001701"
      },
      "geometry" : {
        "x" : 237006.19790000375,
        "y" : 520288.70350000076
      }
    },
    {
      "attributes" : {
        "FID" : 99,
        "PMNTN_SPOT" : 51820,
        "MNTN_CODE" : "415001701",
        "MANAGE_SP1" : "05",
        "MANAGE_SP2" : "벤치",
        "DETAIL_SPO" : "벤치",
        "ETC_MATTER" : " ",
        "MNTN_NM" : "설봉산",
        "PAST_SPOT_" : "4150017010100",
        "MNTN_ID" : "415001701"
      },
      "geometry" : {
        "x" : 237655.72239999939,
        "y" : 520296.32360000163
      }
    },
    {
      "attributes" : {
        "FID" : 100,
        "PMNTN_SPOT" : 51821,
        "MNTN_CODE" : "415001701",
        "MANAGE_SP1" : "10",
        "MANAGE_SP2" : "이정표",
        "DETAIL_SPO" : "이정표",
        "ETC_MATTER" : " ",
        "MNTN_NM" : "설봉산",
        "PAST_SPOT_" : "4150017010101",
        "MNTN_ID" : "415001701"
      },
      "geometry" : {
        "x" : 237271.49750000052,
        "y" : 520297.32129999995
      }
    },
    {
      "attributes" : {
        "FID" : 101,
        "PMNTN_SPOT" : 51822,
        "MNTN_CODE" : "415001701",
        "MANAGE_SP1" : "05",
        "MANAGE_SP2" : "벤치",
        "DETAIL_SPO" : "벤치",
        "ETC_MATTER" : " ",
        "MNTN_NM" : "설봉산",
        "PAST_SPOT_" : "4150017010102",
        "MNTN_ID" : "415001701"
      },
      "geometry" : {
        "x" : 237076.68930000346,
        "y" : 520299.8236999996
      }
    },
    {
      "attributes" : {
        "FID" : 102,
        "PMNTN_SPOT" : 51823,
        "MNTN_CODE" : "415001701",
        "MANAGE_SP1" : "05",
        "MANAGE_SP2" : "벤치",
        "DETAIL_SPO" : "벤치",
        "ETC_MATTER" : " ",
        "MNTN_NM" : "설봉산",
        "PAST_SPOT_" : "4150017010103",
        "MNTN_ID" : "415001701"
      },
      "geometry" : {
        "x" : 238126.80300000031,
        "y" : 520299.942900002
      }
    },
    {
      "attributes" : {
        "FID" : 103,
        "PMNTN_SPOT" : 51824,
        "MNTN_CODE" : "415001701",
        "MANAGE_SP1" : "10",
        "MANAGE_SP2" : "이정표",
        "DETAIL_SPO" : "이정표",
        "ETC_MATTER" : " ",
        "MNTN_NM" : "설봉산",
        "PAST_SPOT_" : "4150017010104",
        "MNTN_ID" : "415001701"
      },
      "geometry" : {
        "x" : 237331.63750000019,
        "y" : 520314.75740000233
      }
    },
    {
      "attributes" : {
        "FID" : 104,
        "PMNTN_SPOT" : 51825,
        "MNTN_CODE" : "415001701",
        "MANAGE_SP1" : "99",
        "MANAGE_SP2" : "기타",
        "DETAIL_SPO" : "나무다리",
        "ETC_MATTER" : " ",
        "MNTN_NM" : "설봉산",
        "PAST_SPOT_" : "4150017010105",
        "MNTN_ID" : "415001701"
      },
      "geometry" : {
        "x" : 237339.09390000068,
        "y" : 520319.21880000085
      }
    },
    {
      "attributes" : {
        "FID" : 105,
        "PMNTN_SPOT" : 51826,
        "MNTN_CODE" : "415001701",
        "MANAGE_SP1" : "05",
        "MANAGE_SP2" : "벤치",
        "DETAIL_SPO" : "벤치",
        "ETC_MATTER" : " ",
        "MNTN_NM" : "설봉산",
        "PAST_SPOT_" : "4150017010106",
        "MNTN_ID" : "415001701"
      },
      "geometry" : {
        "x" : 236647.32510000095,
        "y" : 520321.01720000058
      }
    },
    {
      "attributes" : {
        "FID" : 106,
        "PMNTN_SPOT" : 51827,
        "MNTN_CODE" : "415001701",
        "MANAGE_SP1" : "10",
        "MANAGE_SP2" : "이정표",
        "DETAIL_SPO" : "이정표",
        "ETC_MATTER" : " ",
        "MNTN_NM" : "설봉산",
        "PAST_SPOT_" : "4150017010107",
        "MNTN_ID" : "415001701"
      },
      "geometry" : {
        "x" : 237151.18680000119,
        "y" : 520329.51910000108
      }
    },
    {
      "attributes" : {
        "FID" : 107,
        "PMNTN_SPOT" : 51828,
        "MNTN_CODE" : "415001701",
        "MANAGE_SP1" : "99",
        "MANAGE_SP2" : "기타",
        "DETAIL_SPO" : "설봉서원",
        "ETC_MATTER" : " ",
        "MNTN_NM" : "설봉산",
        "PAST_SPOT_" : "4150017010108",
        "MNTN_ID" : "415001701"
      },
      "geometry" : {
        "x" : 237311.60649999976,
        "y" : 520330.09559999965
      }
    },
    {
      "attributes" : {
        "FID" : 108,
        "PMNTN_SPOT" : 51829,
        "MNTN_CODE" : "415001701",
        "MANAGE_SP1" : "05",
        "MANAGE_SP2" : "벤치",
        "DETAIL_SPO" : "벤치",
        "ETC_MATTER" : " ",
        "MNTN_NM" : "설봉산",
        "PAST_SPOT_" : "4150017010109",
        "MNTN_ID" : "415001701"
      },
      "geometry" : {
        "x" : 237641.31739999913,
        "y" : 520330.58709999919
      }
    },
    {
      "attributes" : {
        "FID" : 109,
        "PMNTN_SPOT" : 51830,
        "MNTN_CODE" : "415001701",
        "MANAGE_SP1" : "07",
        "MANAGE_SP2" : "시설물(운동기구 등)",
        "DETAIL_SPO" : "숲속교실",
        "ETC_MATTER" : " ",
        "MNTN_NM" : "설봉산",
        "PAST_SPOT_" : "4150017010110",
        "MNTN_ID" : "415001701"
      },
      "geometry" : {
        "x" : 237191.13509999961,
        "y" : 520332.49239999987
      }
    },
    {
      "attributes" : {
        "FID" : 110,
        "PMNTN_SPOT" : 51831,
        "MNTN_CODE" : "415001701",
        "MANAGE_SP1" : "10",
        "MANAGE_SP2" : "이정표",
        "DETAIL_SPO" : "이정표",
        "ETC_MATTER" : " ",
        "MNTN_NM" : "설봉산",
        "PAST_SPOT_" : "4150017010111",
        "MNTN_ID" : "415001701"
      },
      "geometry" : {
        "x" : 237169.28079999983,
        "y" : 520337.03509999998
      }
    },
    {
      "attributes" : {
        "FID" : 111,
        "PMNTN_SPOT" : 51832,
        "MNTN_CODE" : "415001701",
        "MANAGE_SP1" : "99",
        "MANAGE_SP2" : "기타",
        "DETAIL_SPO" : "나무다리",
        "ETC_MATTER" : " ",
        "MNTN_NM" : "설봉산",
        "PAST_SPOT_" : "4150017010112",
        "MNTN_ID" : "415001701"
      },
      "geometry" : {
        "x" : 237093.97679999936,
        "y" : 520349.48840000108
      }
    },
    {
      "attributes" : {
        "FID" : 112,
        "PMNTN_SPOT" : 51833,
        "MNTN_CODE" : "415001701",
        "MANAGE_SP1" : "10",
        "MANAGE_SP2" : "이정표",
        "DETAIL_SPO" : "이정표",
        "ETC_MATTER" : " ",
        "MNTN_NM" : "설봉산",
        "PAST_SPOT_" : "4150017010113",
        "MNTN_ID" : "415001701"
      },
      "geometry" : {
        "x" : 236634.89010000322,
        "y" : 520362.07230000384
      }
    },
    {
      "attributes" : {
        "FID" : 113,
        "PMNTN_SPOT" : 51834,
        "MNTN_CODE" : "415001701",
        "MANAGE_SP1" : "99",
        "MANAGE_SP2" : "기타",
        "DETAIL_SPO" : "영월암",
        "ETC_MATTER" : " ",
        "MNTN_NM" : "설봉산",
        "PAST_SPOT_" : "4150017010114",
        "MNTN_ID" : "415001701"
      },
      "geometry" : {
        "x" : 236910.33810000122,
        "y" : 520369.54640000314
      }
    },
    {
      "attributes" : {
        "FID" : 114,
        "PMNTN_SPOT" : 51835,
        "MNTN_CODE" : "415001701",
        "MANAGE_SP1" : "14",
        "MANAGE_SP2" : "조망점",
        "DETAIL_SPO" : "서희봉",
        "ETC_MATTER" : " ",
        "MNTN_NM" : "설봉산",
        "PAST_SPOT_" : "4150017010115",
        "MNTN_ID" : "415001701"
      },
      "geometry" : {
        "x" : 236630.27570000105,
        "y" : 520383.10620000213
      }
    },
    {
      "attributes" : {
        "FID" : 115,
        "PMNTN_SPOT" : 51836,
        "MNTN_CODE" : "415001701",
        "MANAGE_SP1" : "99",
        "MANAGE_SP2" : "기타",
        "DETAIL_SPO" : "큰바위",
        "ETC_MATTER" : " ",
        "MNTN_NM" : "설봉산",
        "PAST_SPOT_" : "4150017010116",
        "MNTN_ID" : "415001701"
      },
      "geometry" : {
        "x" : 236880.89309999999,
        "y" : 520414.4776000008
      }
    },
    {
      "attributes" : {
        "FID" : 116,
        "PMNTN_SPOT" : 51837,
        "MNTN_CODE" : "415001701",
        "MANAGE_SP1" : "05",
        "MANAGE_SP2" : "벤치",
        "DETAIL_SPO" : "벤치",
        "ETC_MATTER" : " ",
        "MNTN_NM" : "설봉산",
        "PAST_SPOT_" : "4150017010117",
        "MNTN_ID" : "415001701"
      },
      "geometry" : {
        "x" : 237518.39430000447,
        "y" : 520429.32630000263
      }
    },
    {
      "attributes" : {
        "FID" : 117,
        "PMNTN_SPOT" : 51838,
        "MNTN_CODE" : "415001701",
        "MANAGE_SP1" : "10",
        "MANAGE_SP2" : "이정표",
        "DETAIL_SPO" : "이정표",
        "ETC_MATTER" : " ",
        "MNTN_NM" : "설봉산",
        "PAST_SPOT_" : "4150017010118",
        "MNTN_ID" : "415001701"
      },
      "geometry" : {
        "x" : 237515.55940000247,
        "y" : 520430.65660000034
      }
    },
    {
      "attributes" : {
        "FID" : 118,
        "PMNTN_SPOT" : 51839,
        "MNTN_CODE" : "415001701",
        "MANAGE_SP1" : "11",
        "MANAGE_SP2" : "안내판또는지도",
        "DETAIL_SPO" : "영월암역사안내판",
        "ETC_MATTER" : " ",
        "MNTN_NM" : "설봉산",
        "PAST_SPOT_" : "4150017010119",
        "MNTN_ID" : "415001701"
      },
      "geometry" : {
        "x" : 237095.66610000003,
        "y" : 520437.06380000152
      }
    },
    {
      "attributes" : {
        "FID" : 119,
        "PMNTN_SPOT" : 51840,
        "MNTN_CODE" : "415001701",
        "MANAGE_SP1" : "05",
        "MANAGE_SP2" : "벤치",
        "DETAIL_SPO" : "벤치",
        "ETC_MATTER" : " ",
        "MNTN_NM" : "설봉산",
        "PAST_SPOT_" : "4150017010120",
        "MNTN_ID" : "415001701"
      },
      "geometry" : {
        "x" : 237852.37490000017,
        "y" : 520437.94720000029
      }
    },
    {
      "attributes" : {
        "FID" : 120,
        "PMNTN_SPOT" : 51841,
        "MNTN_CODE" : "415001701",
        "MANAGE_SP1" : "05",
        "MANAGE_SP2" : "벤치",
        "DETAIL_SPO" : "벤치",
        "ETC_MATTER" : " ",
        "MNTN_NM" : "설봉산",
        "PAST_SPOT_" : "4150017010121",
        "MNTN_ID" : "415001701"
      },
      "geometry" : {
        "x" : 237969.56460000109,
        "y" : 520439.30750000104
      }
    },
    {
      "attributes" : {
        "FID" : 121,
        "PMNTN_SPOT" : 51842,
        "MNTN_CODE" : "415001701",
        "MANAGE_SP1" : "05",
        "MANAGE_SP2" : "벤치",
        "DETAIL_SPO" : "벤치",
        "ETC_MATTER" : " ",
        "MNTN_NM" : "설봉산",
        "PAST_SPOT_" : "4150017010122",
        "MNTN_ID" : "415001701"
      },
      "geometry" : {
        "x" : 236693.70240000263,
        "y" : 520446.23379999958
      }
    },
    {
      "attributes" : {
        "FID" : 122,
        "PMNTN_SPOT" : 51843,
        "MNTN_CODE" : "415001701",
        "MANAGE_SP1" : "05",
        "MANAGE_SP2" : "벤치",
        "DETAIL_SPO" : "벤치",
        "ETC_MATTER" : " ",
        "MNTN_NM" : "설봉산",
        "PAST_SPOT_" : "4150017010123",
        "MNTN_ID" : "415001701"
      },
      "geometry" : {
        "x" : 236803.53599999938,
        "y" : 520458.65540000051
      }
    },
    {
      "attributes" : {
        "FID" : 123,
        "PMNTN_SPOT" : 51844,
        "MNTN_CODE" : "415001701",
        "MANAGE_SP1" : "99",
        "MANAGE_SP2" : "기타",
        "DETAIL_SPO" : "산속화상탑",
        "ETC_MATTER" : " ",
        "MNTN_NM" : "설봉산",
        "PAST_SPOT_" : "4150017010124",
        "MNTN_ID" : "415001701"
      },
      "geometry" : {
        "x" : 236978.73100000061,
        "y" : 520486.74809999764
      }
    },
    {
      "attributes" : {
        "FID" : 124,
        "PMNTN_SPOT" : 51845,
        "MNTN_CODE" : "415001701",
        "MANAGE_SP1" : "14",
        "MANAGE_SP2" : "조망점",
        "DETAIL_SPO" : "연자봉",
        "ETC_MATTER" : " ",
        "MNTN_NM" : "설봉산",
        "PAST_SPOT_" : "4150017010125",
        "MNTN_ID" : "415001701"
      },
      "geometry" : {
        "x" : 236749.70790000074,
        "y" : 520500.66149999946
      }
    },
    {
      "attributes" : {
        "FID" : 125,
        "PMNTN_SPOT" : 51846,
        "MNTN_CODE" : "415001701",
        "MANAGE_SP1" : "99",
        "MANAGE_SP2" : "기타",
        "DETAIL_SPO" : "큰바위",
        "ETC_MATTER" : " ",
        "MNTN_NM" : "설봉산",
        "PAST_SPOT_" : "4150017010126",
        "MNTN_ID" : "415001701"
      },
      "geometry" : {
        "x" : 237687.85490000062,
        "y" : 520517.7070000004
      }
    },
    {
      "attributes" : {
        "FID" : 126,
        "PMNTN_SPOT" : 51847,
        "MNTN_CODE" : "415001701",
        "MANAGE_SP1" : "07",
        "MANAGE_SP2" : "시설물(운동기구 등)",
        "DETAIL_SPO" : "운동기구",
        "ETC_MATTER" : " ",
        "MNTN_NM" : "설봉산",
        "PAST_SPOT_" : "4150017010127",
        "MNTN_ID" : "415001701"
      },
      "geometry" : {
        "x" : 237545.81860000081,
        "y" : 520520.05760000087
      }
    },
    {
      "attributes" : {
        "FID" : 127,
        "PMNTN_SPOT" : 51848,
        "MNTN_CODE" : "415001701",
        "MANAGE_SP1" : "99",
        "MANAGE_SP2" : "기타",
        "DETAIL_SPO" : "정각",
        "ETC_MATTER" : " ",
        "MNTN_NM" : "설봉산",
        "PAST_SPOT_" : "4150017010128",
        "MNTN_ID" : "415001701"
      },
      "geometry" : {
        "x" : 237529.27160000242,
        "y" : 520541.64829999954
      }
    },
    {
      "attributes" : {
        "FID" : 128,
        "PMNTN_SPOT" : 51849,
        "MNTN_CODE" : "415001701",
        "MANAGE_SP1" : "99",
        "MANAGE_SP2" : "기타",
        "DETAIL_SPO" : "산불감시탑",
        "ETC_MATTER" : " ",
        "MNTN_NM" : "설봉산",
        "PAST_SPOT_" : "4150017010129",
        "MNTN_ID" : "415001701"
      },
      "geometry" : {
        "x" : 236788.16970000044,
        "y" : 520543.28160000034
      }
    },
    {
      "attributes" : {
        "FID" : 129,
        "PMNTN_SPOT" : 51850,
        "MNTN_CODE" : "415001701",
        "MANAGE_SP1" : "10",
        "MANAGE_SP2" : "이정표",
        "DETAIL_SPO" : "이정표",
        "ETC_MATTER" : " ",
        "MNTN_NM" : "설봉산",
        "PAST_SPOT_" : "4150017010130",
        "MNTN_ID" : "415001701"
      },
      "geometry" : {
        "x" : 237594.99840000086,
        "y" : 520544.71630000323
      }
    },
    {
      "attributes" : {
        "FID" : 130,
        "PMNTN_SPOT" : 51851,
        "MNTN_CODE" : "415001701",
        "MANAGE_SP1" : "10",
        "MANAGE_SP2" : "이정표",
        "DETAIL_SPO" : "이정표",
        "ETC_MATTER" : " ",
        "MNTN_NM" : "설봉산",
        "PAST_SPOT_" : "4150017010131",
        "MNTN_ID" : "415001701"
      },
      "geometry" : {
        "x" : 237536.67290000059,
        "y" : 520550.42699999921
      }
    },
    {
      "attributes" : {
        "FID" : 131,
        "PMNTN_SPOT" : 51852,
        "MNTN_CODE" : "415001701",
        "MANAGE_SP1" : "99",
        "MANAGE_SP2" : "기타",
        "DETAIL_SPO" : "호암약수터",
        "ETC_MATTER" : " ",
        "MNTN_NM" : "설봉산",
        "PAST_SPOT_" : "4150017010132",
        "MNTN_ID" : "415001701"
      },
      "geometry" : {
        "x" : 237530.24490000121,
        "y" : 520554.08310000226
      }
    },
    {
      "attributes" : {
        "FID" : 132,
        "PMNTN_SPOT" : 51853,
        "MNTN_CODE" : "415001701",
        "MANAGE_SP1" : "05",
        "MANAGE_SP2" : "벤치",
        "DETAIL_SPO" : "벤치",
        "ETC_MATTER" : " ",
        "MNTN_NM" : "설봉산",
        "PAST_SPOT_" : "4150017010133",
        "MNTN_ID" : "415001701"
      },
      "geometry" : {
        "x" : 236840.22190000024,
        "y" : 520572.65420000255
      }
    },
    {
      "attributes" : {
        "FID" : 133,
        "PMNTN_SPOT" : 51854,
        "MNTN_CODE" : "415001701",
        "MANAGE_SP1" : "05",
        "MANAGE_SP2" : "벤치",
        "DETAIL_SPO" : "벤치.이정표",
        "ETC_MATTER" : " ",
        "MNTN_NM" : "설봉산",
        "PAST_SPOT_" : "4150017010134",
        "MNTN_ID" : "415001701"
      },
      "geometry" : {
        "x" : 236840.97869999986,
        "y" : 520578.0625
      }
    },
    {
      "attributes" : {
        "FID" : 134,
        "PMNTN_SPOT" : 51855,
        "MNTN_CODE" : "415001701",
        "MANAGE_SP1" : "10",
        "MANAGE_SP2" : "이정표",
        "DETAIL_SPO" : "이정표",
        "ETC_MATTER" : " ",
        "MNTN_NM" : "설봉산",
        "PAST_SPOT_" : "4150017010135",
        "MNTN_ID" : "415001701"
      },
      "geometry" : {
        "x" : 237551.51960000023,
        "y" : 520583.94440000691
      }
    },
    {
      "attributes" : {
        "FID" : 135,
        "PMNTN_SPOT" : 51856,
        "MNTN_CODE" : "415001701",
        "MANAGE_SP1" : "05",
        "MANAGE_SP2" : "벤치",
        "DETAIL_SPO" : "벤치",
        "ETC_MATTER" : " ",
        "MNTN_NM" : "설봉산",
        "PAST_SPOT_" : "4150017010136",
        "MNTN_ID" : "415001701"
      },
      "geometry" : {
        "x" : 237450.54080000147,
        "y" : 520678.74270000122
      }
    },
    {
      "attributes" : {
        "FID" : 136,
        "PMNTN_SPOT" : 51857,
        "MNTN_CODE" : "415001701",
        "MANAGE_SP1" : "05",
        "MANAGE_SP2" : "벤치",
        "DETAIL_SPO" : "벤치",
        "ETC_MATTER" : " ",
        "MNTN_NM" : "설봉산",
        "PAST_SPOT_" : "4150017010137",
        "MNTN_ID" : "415001701"
      },
      "geometry" : {
        "x" : 237473.42989999894,
        "y" : 520706.52449999936
      }
    },
    {
      "attributes" : {
        "FID" : 137,
        "PMNTN_SPOT" : 51858,
        "MNTN_CODE" : "415001701",
        "MANAGE_SP1" : "05",
        "MANAGE_SP2" : "벤치",
        "DETAIL_SPO" : "벤치",
        "ETC_MATTER" : " ",
        "MNTN_NM" : "설봉산",
        "PAST_SPOT_" : "4150017010138",
        "MNTN_ID" : "415001701"
      },
      "geometry" : {
        "x" : 236989.78570000269,
        "y" : 520733.82930000126
      }
    },
    {
      "attributes" : {
        "FID" : 138,
        "PMNTN_SPOT" : 51859,
        "MNTN_CODE" : "415001701",
        "MANAGE_SP1" : "05",
        "MANAGE_SP2" : "벤치",
        "DETAIL_SPO" : "벤치",
        "ETC_MATTER" : " ",
        "MNTN_NM" : "설봉산",
        "PAST_SPOT_" : "4150017010139",
        "MNTN_ID" : "415001701"
      },
      "geometry" : {
        "x" : 237424.7694000043,
        "y" : 520744.68689999916
      }
    },
    {
      "attributes" : {
        "FID" : 139,
        "PMNTN_SPOT" : 51860,
        "MNTN_CODE" : "415001701",
        "MANAGE_SP1" : "99",
        "MANAGE_SP2" : "기타",
        "DETAIL_SPO" : "남장대지.벤치",
        "ETC_MATTER" : " ",
        "MNTN_NM" : "설봉산",
        "PAST_SPOT_" : "4150017010140",
        "MNTN_ID" : "415001701"
      },
      "geometry" : {
        "x" : 237163.09920000006,
        "y" : 520801.00689999945
      }
    },
    {
      "attributes" : {
        "FID" : 140,
        "PMNTN_SPOT" : 51861,
        "MNTN_CODE" : "415001701",
        "MANAGE_SP1" : "99",
        "MANAGE_SP2" : "기타",
        "DETAIL_SPO" : "사직단",
        "ETC_MATTER" : " ",
        "MNTN_NM" : "설봉산",
        "PAST_SPOT_" : "4150017010141",
        "MNTN_ID" : "415001701"
      },
      "geometry" : {
        "x" : 237186.57369999867,
        "y" : 520804.80639999919
      }
    },
    {
      "attributes" : {
        "FID" : 141,
        "PMNTN_SPOT" : 51862,
        "MNTN_CODE" : "415001701",
        "MANAGE_SP1" : "14",
        "MANAGE_SP2" : "조망점",
        "DETAIL_SPO" : "봉화대",
        "ETC_MATTER" : " ",
        "MNTN_NM" : "설봉산",
        "PAST_SPOT_" : "4150017010142",
        "MNTN_ID" : "415001701"
      },
      "geometry" : {
        "x" : 237226.50819999911,
        "y" : 520820.42119999975
      }
    },
    {
      "attributes" : {
        "FID" : 142,
        "PMNTN_SPOT" : 51863,
        "MNTN_CODE" : "415001701",
        "MANAGE_SP1" : "10",
        "MANAGE_SP2" : "이정표",
        "DETAIL_SPO" : "이정표",
        "ETC_MATTER" : " ",
        "MNTN_NM" : "설봉산",
        "PAST_SPOT_" : "4150017010143",
        "MNTN_ID" : "415001701"
      },
      "geometry" : {
        "x" : 237364.72869999986,
        "y" : 520823.4644000046
      }
    },
    {
      "attributes" : {
        "FID" : 143,
        "PMNTN_SPOT" : 51864,
        "MNTN_CODE" : "415001701",
        "MANAGE_SP1" : "05",
        "MANAGE_SP2" : "벤치",
        "DETAIL_SPO" : "벤치",
        "ETC_MATTER" : " ",
        "MNTN_NM" : "설봉산",
        "PAST_SPOT_" : "4150017010144",
        "MNTN_ID" : "415001701"
      },
      "geometry" : {
        "x" : 237244.27340000402,
        "y" : 520843.85120000131
      }
    },
    {
      "attributes" : {
        "FID" : 144,
        "PMNTN_SPOT" : 51865,
        "MNTN_CODE" : "415001701",
        "MANAGE_SP1" : "05",
        "MANAGE_SP2" : "벤치",
        "DETAIL_SPO" : "벤치",
        "ETC_MATTER" : " ",
        "MNTN_NM" : "설봉산",
        "PAST_SPOT_" : "4150017010145",
        "MNTN_ID" : "415001701"
      },
      "geometry" : {
        "x" : 237251.61859999876,
        "y" : 520861.31970000081
      }
    },
    {
      "attributes" : {
        "FID" : 145,
        "PMNTN_SPOT" : 51866,
        "MNTN_CODE" : "415001701",
        "MANAGE_SP1" : "99",
        "MANAGE_SP2" : "기타",
        "DETAIL_SPO" : "설봉산성",
        "ETC_MATTER" : " ",
        "MNTN_NM" : "설봉산",
        "PAST_SPOT_" : "4150017010146",
        "MNTN_ID" : "415001701"
      },
      "geometry" : {
        "x" : 237277.6556000011,
        "y" : 520873.16620000079
      }
    }
  ]
}