{
  "displayFieldName" : "",
  "fieldAliases" : {
    "FID" : "FID",
    "PMNTN_SN" : "PMNTN_SN",
    "MNTN_CODE" : "MNTN_CODE",
    "MNTN_NM" : "MNTN_NM",
    "PMNTN_NM" : "PMNTN_NM",
    "PMNTN_MAIN" : "PMNTN_MAIN",
    "PMNTN_LT" : "PMNTN_LT",
    "PMNTN_DFFL" : "PMNTN_DFFL",
    "PMNTN_UPPL" : "PMNTN_UPPL",
    "PMNTN_GODN" : "PMNTN_GODN",
    "PMNTN_MTRQ" : "PMNTN_MTRQ",
    "PMNTN_CNRL" : "PMNTN_CNRL",
    "PMNTN_CLS_" : "PMNTN_CLS_",
    "PMNTN_RISK" : "PMNTN_RISK",
    "PMNTN_RECO" : "PMNTN_RECO",
    "DATA_STDR_" : "DATA_STDR_",
    "MNTN_ID" : "MNTN_ID"
  },
  "geometryType" : "esriGeometryPolyline",
  "spatialReference" : {
    "wkt" : "PROJCS[\"PCS_ITRF2000_TM\",GEOGCS[\"GCS_ITRF_2000\",DATUM[\"D_ITRF_2000\",SPHEROID[\"GRS_1980\",6378137.0,298.257222101]],PRIMEM[\"Greenwich\",0.0],UNIT[\"Degree\",0.0174532925199433]],PROJECTION[\"Transverse_Mercator\"],PARAMETER[\"False_Easting\",200000.0],PARAMETER[\"False_Northing\",600000.0],PARAMETER[\"Central_Meridian\",127.0],PARAMETER[\"Scale_Factor\",1.0],PARAMETER[\"Latitude_Of_Origin\",38.0],UNIT[\"Meter\",1.0]]"
  },
  "fields" : [
    {
      "name" : "FID",
      "type" : "esriFieldTypeOID",
      "alias" : "FID"
    },
    {
      "name" : "PMNTN_SN",
      "type" : "esriFieldTypeDouble",
      "alias" : "PMNTN_SN"
    },
    {
      "name" : "MNTN_CODE",
      "type" : "esriFieldTypeString",
      "alias" : "MNTN_CODE",
      "length" : 9
    },
    {
      "name" : "MNTN_NM",
      "type" : "esriFieldTypeString",
      "alias" : "MNTN_NM",
      "length" : 50
    },
    {
      "name" : "PMNTN_NM",
      "type" : "esriFieldTypeString",
      "alias" : "PMNTN_NM",
      "length" : 50
    },
    {
      "name" : "PMNTN_MAIN",
      "type" : "esriFieldTypeString",
      "alias" : "PMNTN_MAIN",
      "length" : 200
    },
    {
      "name" : "PMNTN_LT",
      "type" : "esriFieldTypeSingle",
      "alias" : "PMNTN_LT"
    },
    {
      "name" : "PMNTN_DFFL",
      "type" : "esriFieldTypeString",
      "alias" : "PMNTN_DFFL",
      "length" : 8
    },
    {
      "name" : "PMNTN_UPPL",
      "type" : "esriFieldTypeDouble",
      "alias" : "PMNTN_UPPL"
    },
    {
      "name" : "PMNTN_GODN",
      "type" : "esriFieldTypeDouble",
      "alias" : "PMNTN_GODN"
    },
    {
      "name" : "PMNTN_MTRQ",
      "type" : "esriFieldTypeString",
      "alias" : "PMNTN_MTRQ",
      "length" : 200
    },
    {
      "name" : "PMNTN_CNRL",
      "type" : "esriFieldTypeString",
      "alias" : "PMNTN_CNRL",
      "length" : 1
    },
    {
      "name" : "PMNTN_CLS_",
      "type" : "esriFieldTypeString",
      "alias" : "PMNTN_CLS_",
      "length" : 1
    },
    {
      "name" : "PMNTN_RISK",
      "type" : "esriFieldTypeString",
      "alias" : "PMNTN_RISK",
      "length" : 200
    },
    {
      "name" : "PMNTN_RECO",
      "type" : "esriFieldTypeString",
      "alias" : "PMNTN_RECO",
      "length" : 1
    },
    {
      "name" : "DATA_STDR_",
      "type" : "esriFieldTypeString",
      "alias" : "DATA_STDR_",
      "length" : 10
    },
    {
      "name" : "MNTN_ID",
      "type" : "esriFieldTypeString",
      "alias" : "MNTN_ID",
      "length" : 10
    }
  ],
  "features" : [
    {
      "attributes" : {
        "FID" : 0,
        "PMNTN_SN" : 51834,
        "MNTN_CODE" : "301105404",
        "MNTN_NM" : "판암근린공원",
        "PMNTN_NM" : "판암동구간",
        "PMNTN_MAIN" : " ",
        "PMNTN_LT" : 0.28,
        "PMNTN_DFFL" : "쉬움",
        "PMNTN_UPPL" : 5,
        "PMNTN_GODN" : 3,
        "PMNTN_MTRQ" : " ",
        "PMNTN_CNRL" : " ",
        "PMNTN_CLS_" : " ",
        "PMNTN_RISK" : " ",
        "PMNTN_RECO" : " ",
        "DATA_STDR_" : "2016-12-31",
        "MNTN_ID" : "301105404"
      },
      "geometry" : {
        "paths" : [
          [
            [
              240620.73510000017,
              413446.16999999993
            ],
            [
              240631.61450000014,
              413448.81629999913
            ],
            [
              240641.64990000147,
              413452.16229999997
            ],
            [
              240652.13949999865,
              413454.05120000057
            ],
            [
              240662.62040000316,
              413457.46220000274
            ],
            [
              240674.56390000135,
              413456.78910000063
            ],
            [
              240685.81649999972,
              413457.54910000227
            ],
            [
              240695.5083000008,
              413459.79529999942
            ],
            [
              240704.44990000036,
              413461.43040000275
            ],
            [
              240714.94830000307,
              413463.25489999913
            ],
            [
              240725.44620000012,
              413465.19040000252
            ],
            [
              240732.87380000018,
              413470.77360000089
            ],
            [
              240742.56550000235,
              413472.65540000424
            ],
            [
              240751.57149999868,
              413472.61510000378
            ],
            [
              240761.34940000065,
              413469.02030000091
            ],
            [
              240763.96190000325,
              413464.82190000266
            ],
            [
              240769.21040000021,
              413466.76850000024
            ],
            [
              240771.75750000216,
              413470.9553999994
            ],
            [
              240768.75100000203,
              413480.15170000307
            ],
            [
              240763.23310000077,
              413489.42630000226
            ],
            [
              240763.92720000073,
              413495.47640000097
            ],
            [
              240775.03650000319,
              413503.87720000185
            ],
            [
              240774.6202000007,
              413511.69420000166
            ],
            [
              240783.59190000314,
              413519.34210000187
            ],
            [
              240791.45269999932,
              413527.48320000246
            ],
            [
              240801.86440000217,
              413532.70920000039
            ],
            [
              240811.92880000081,
              413535.00210000202
            ],
            [
              240820.87080000062,
              413536.52630000375
            ],
            [
              240830.27540000062,
              413536.6400000006
            ],
            [
              240836.01730000228,
              413530.49779999815
            ]
          ]
        ]
      }
    },
    {
      "attributes" : {
        "FID" : 1,
        "PMNTN_SN" : 51835,
        "MNTN_CODE" : "301105404",
        "MNTN_NM" : "판암근린공원",
        "PMNTN_NM" : "판암동구간",
        "PMNTN_MAIN" : " ",
        "PMNTN_LT" : 0.43,
        "PMNTN_DFFL" : "쉬움",
        "PMNTN_UPPL" : 8,
        "PMNTN_GODN" : 5,
        "PMNTN_MTRQ" : " ",
        "PMNTN_CNRL" : " ",
        "PMNTN_CLS_" : " ",
        "PMNTN_RISK" : " ",
        "PMNTN_RECO" : " ",
        "DATA_STDR_" : "2016-12-31",
        "MNTN_ID" : "301105404"
      },
      "geometry" : {
        "paths" : [
          [
            [
              240836.01730000228,
              413530.49779999815
            ],
            [
              240843.32090000063,
              413530.43670000508
            ],
            [
              240852.30920000188,
              413528.70340000466
            ],
            [
              240861.73150000069,
              413527.23059999757
            ],
            [
              240868.80640000105,
              413534.3292000033
            ],
            [
              240872.03400000185,
              413537.77340000123
            ],
            [
              240877.76040000003,
              413539.9196000006
            ],
            [
              240886.74930000026,
              413538.07530000061
            ],
            [
              240897.1400000006,
              413543.6724999994
            ],
            [
              240904.666000003,
              413547.36980000138
            ],
            [
              240915.05680000037,
              413552.96700000204
            ],
            [
              240925.54569999967,
              413556.78920000046
            ],
            [
              240936.0522999987,
              413556.8385000024
            ],
            [
              240945.04999999981,
              413553.10790000111
            ],
            [
              240952.17229999974,
              413551.81360000186
            ],
            [
              240955.44900000095,
              413556.92970000021
            ],
            [
              240952.45120000187,
              413564.23950000107
            ],
            [
              240948.21280000173,
              413575.3543999996
            ],
            [
              240946.33870000206,
              413584.62900000066
            ],
            [
              240944.85860000178,
              413593.83240000345
            ],
            [
              240940.32539999951,
              413603.02150000446
            ],
            [
              240931.31940000132,
              413608.52760000154
            ],
            [
              240919.28620000184,
              413608.47110000439
            ],
            [
              240908.86070000101,
              413611.76620000228
            ],
            [
              240900.52329999954,
              413618.29400000349
            ],
            [
              240889.70370000135,
              413620.20270000212
            ],
            [
              240878.82450000104,
              413621.92879999988
            ],
            [
              240869.82690000068,
              413625.659500001
            ],
            [
              240862.34750000108,
              413628.62209999934
            ],
            [
              240850.3870000001,
              413632.22800000012
            ],
            [
              240839.88940000162,
              413630.29230000079
            ],
            [
              240829.37409999967,
              413632.12950000167
            ],
            [
              240824.47660000343,
              413636.21700000018
            ],
            [
              240821.99860000238,
              413632.03730000369
            ],
            [
              240824.9449000014,
              413619.12539999932
            ],
            [
              240823.55130000133,
              413609.90850000456
            ],
            [
              240829.52120000124,
              413600.72610000148
            ],
            [
              240829.56490000058,
              413591.40490000136
            ],
            [
              240823.68130000401,
              413582.16699999943
            ],
            [
              240816.17290000152,
              413574.69690000266
            ],
            [
              240810.28040000144,
              413567.34540000185
            ],
            [
              240813.29580000043,
              413556.26270000078
            ],
            [
              240820.78400000371,
              413548.86290000379
            ],
            [
              240829.78120000102,
              413545.24310000427
            ],
            [
              240834.31489999965,
              413535.9430000037
            ],
            [
              240836.01730000228,
              413530.49779999815
            ]
          ]
        ]
      }
    },
    {
      "attributes" : {
        "FID" : 2,
        "PMNTN_SN" : 51836,
        "MNTN_CODE" : "301105404",
        "MNTN_NM" : "판암근린공원",
        "PMNTN_NM" : "판암동구간",
        "PMNTN_MAIN" : " ",
        "PMNTN_LT" : 0.19,
        "PMNTN_DFFL" : "쉬움",
        "PMNTN_UPPL" : 3,
        "PMNTN_GODN" : 2,
        "PMNTN_MTRQ" : " ",
        "PMNTN_CNRL" : " ",
        "PMNTN_CLS_" : " ",
        "PMNTN_RISK" : " ",
        "PMNTN_RECO" : " ",
        "DATA_STDR_" : "2016-12-31",
        "MNTN_ID" : "301105404"
      },
      "geometry" : {
        "paths" : [
          [
            [
              240836.01730000228,
              413530.49779999815
            ],
            [
              240837.42009999976,
              413524.8607000038
            ],
            [
              240843.39010000322,
              413515.67830000073
            ],
            [
              240843.43320000079,
              413506.46810000017
            ],
            [
              240837.55010000058,
              413497.11910000071
            ],
            [
              240830.04119999986,
              413489.76000000164
            ],
            [
              240824.15800000262,
              413480.41110000014
            ],
            [
              240822.68340000138,
              413469.30740000121
            ],
            [
              240825.68990000058,
              413460.11110000126
            ],
            [
              240827.25970000122,
              413450.90799999982
            ],
            [
              240830.2751000002,
              413439.82530000061
            ],
            [
              240831.85370000172,
              413428.7359000016
            ],
            [
              240830.37079999875,
              413419.4076000005
            ],
            [
              240833.47599999979,
              413408.32530000061
            ],
            [
              240836.49150000233,
              413397.24260000139
            ],
            [
              240841.09380000085,
              413385.14540000074
            ],
            [
              240845.55800000299,
              413374.12710000016
            ],
            [
              240848.33880000096,
              413365.19860000163
            ],
            [
              240851.67040000111,
              413358.47479999997
            ]
          ]
        ]
      }
    }
  ]
}