{
  "displayFieldName" : "",
  "fieldAliases" : {
    "FID" : "FID",
    "PMNTN_SN" : "PMNTN_SN",
    "MNTN_CODE" : "MNTN_CODE",
    "MNTN_NM" : "MNTN_NM",
    "PMNTN_NM" : "PMNTN_NM",
    "PMNTN_MAIN" : "PMNTN_MAIN",
    "PMNTN_LT" : "PMNTN_LT",
    "PMNTN_DFFL" : "PMNTN_DFFL",
    "PMNTN_UPPL" : "PMNTN_UPPL",
    "PMNTN_GODN" : "PMNTN_GODN",
    "PMNTN_MTRQ" : "PMNTN_MTRQ",
    "PMNTN_CNRL" : "PMNTN_CNRL",
    "PMNTN_CLS_" : "PMNTN_CLS_",
    "PMNTN_RISK" : "PMNTN_RISK",
    "PMNTN_RECO" : "PMNTN_RECO",
    "DATA_STDR_" : "DATA_STDR_",
    "MNTN_ID" : "MNTN_ID"
  },
  "geometryType" : "esriGeometryPolyline",
  "spatialReference" : {
    "wkt" : "PROJCS[\"PCS_ITRF2000_TM\",GEOGCS[\"GCS_ITRF_2000\",DATUM[\"D_ITRF_2000\",SPHEROID[\"GRS_1980\",6378137.0,298.257222101]],PRIMEM[\"Greenwich\",0.0],UNIT[\"Degree\",0.0174532925199433]],PROJECTION[\"Transverse_Mercator\"],PARAMETER[\"False_Easting\",200000.0],PARAMETER[\"False_Northing\",600000.0],PARAMETER[\"Central_Meridian\",127.0],PARAMETER[\"Scale_Factor\",1.0],PARAMETER[\"Latitude_Of_Origin\",38.0],UNIT[\"Meter\",1.0]]"
  },
  "fields" : [
    {
      "name" : "FID",
      "type" : "esriFieldTypeOID",
      "alias" : "FID"
    },
    {
      "name" : "PMNTN_SN",
      "type" : "esriFieldTypeDouble",
      "alias" : "PMNTN_SN"
    },
    {
      "name" : "MNTN_CODE",
      "type" : "esriFieldTypeString",
      "alias" : "MNTN_CODE",
      "length" : 9
    },
    {
      "name" : "MNTN_NM",
      "type" : "esriFieldTypeString",
      "alias" : "MNTN_NM",
      "length" : 50
    },
    {
      "name" : "PMNTN_NM",
      "type" : "esriFieldTypeString",
      "alias" : "PMNTN_NM",
      "length" : 50
    },
    {
      "name" : "PMNTN_MAIN",
      "type" : "esriFieldTypeString",
      "alias" : "PMNTN_MAIN",
      "length" : 200
    },
    {
      "name" : "PMNTN_LT",
      "type" : "esriFieldTypeSingle",
      "alias" : "PMNTN_LT"
    },
    {
      "name" : "PMNTN_DFFL",
      "type" : "esriFieldTypeString",
      "alias" : "PMNTN_DFFL",
      "length" : 8
    },
    {
      "name" : "PMNTN_UPPL",
      "type" : "esriFieldTypeDouble",
      "alias" : "PMNTN_UPPL"
    },
    {
      "name" : "PMNTN_GODN",
      "type" : "esriFieldTypeDouble",
      "alias" : "PMNTN_GODN"
    },
    {
      "name" : "PMNTN_MTRQ",
      "type" : "esriFieldTypeString",
      "alias" : "PMNTN_MTRQ",
      "length" : 200
    },
    {
      "name" : "PMNTN_CNRL",
      "type" : "esriFieldTypeString",
      "alias" : "PMNTN_CNRL",
      "length" : 1
    },
    {
      "name" : "PMNTN_CLS_",
      "type" : "esriFieldTypeString",
      "alias" : "PMNTN_CLS_",
      "length" : 1
    },
    {
      "name" : "PMNTN_RISK",
      "type" : "esriFieldTypeString",
      "alias" : "PMNTN_RISK",
      "length" : 200
    },
    {
      "name" : "PMNTN_RECO",
      "type" : "esriFieldTypeString",
      "alias" : "PMNTN_RECO",
      "length" : 1
    },
    {
      "name" : "DATA_STDR_",
      "type" : "esriFieldTypeString",
      "alias" : "DATA_STDR_",
      "length" : 10
    },
    {
      "name" : "MNTN_ID",
      "type" : "esriFieldTypeString",
      "alias" : "MNTN_ID",
      "length" : 10
    }
  ],
  "features" : [
    {
      "attributes" : {
        "FID" : 0,
        "PMNTN_SN" : 23155,
        "MNTN_CODE" : "428306104",
        "MNTN_NM" : "보리수마을뒷산",
        "PMNTN_NM" : "남애리구간",
        "PMNTN_MAIN" : " ",
        "PMNTN_LT" : 0.37,
        "PMNTN_DFFL" : "쉬움",
        "PMNTN_UPPL" : 7,
        "PMNTN_GODN" : 5,
        "PMNTN_MTRQ" : " ",
        "PMNTN_CNRL" : " ",
        "PMNTN_CLS_" : " ",
        "PMNTN_RISK" : " ",
        "PMNTN_RECO" : " ",
        "DATA_STDR_" : "2016-12-31",
        "MNTN_ID" : "428301801"
      },
      "geometry" : {
        "paths" : [
          [
            [
              355519.81479999982,
              594760.07489999942
            ],
            [
              355516.07990000118,
              594754.94339999929
            ],
            [
              355508.86139999982,
              594743.50909999758
            ],
            [
              355505.25069999974,
              594738.73130000196
            ],
            [
              355499.08019999973,
              594732.05700000189
            ],
            [
              355492.61990000121,
              594726.10060000233
            ],
            [
              355488.74340000004,
              594723.00449999981
            ],
            [
              355484.43329999875,
              594719.91570000164
            ],
            [
              355479.62240000069,
              594716.78449999914
            ],
            [
              355474.09480000008,
              594713.46979999915
            ],
            [
              355464.22369999997,
              594707.93720000051
            ],
            [
              355460.60500000045,
              594706.27510000393
            ],
            [
              355457.253800001,
              594705.0493000038
            ],
            [
              355454.22770000063,
              594704.28300000168
            ],
            [
              355450.76610000059,
              594703.75840000249
            ],
            [
              355438.91400000174,
              594703.02380000241
            ],
            [
              355434.51850000024,
              594702.5231999997
            ],
            [
              355431.49969999958,
              594701.89699999988
            ],
            [
              355422.83170000091,
              594699.66080000252
            ],
            [
              355418.89670000039,
              594699.20080000162
            ],
            [
              355413.76610000059,
              594699.63860000297
            ],
            [
              355405.04669999983,
              594701.68110000342
            ],
            [
              355398.05730000138,
              594702.99200000241
            ],
            [
              355394.09999999963,
              594703.36520000361
            ],
            [
              355390.75870000105,
              594703.2266000025
            ],
            [
              355384.83750000037,
              594702.5231999997
            ],
            [
              355376.38779999968,
              594701.92540000007
            ],
            [
              355373.16089999955,
              594701.16579999961
            ],
            [
              355369.54220000003,
              594699.33990000002
            ],
            [
              355366.84670000151,
              594697.17139999755
            ],
            [
              355364.11070000008,
              594694.32840000279
            ],
            [
              355360.57940000016,
              594689.70450000279
            ],
            [
              355358.57800000068,
              594686.24980000034
            ],
            [
              355355.3657000009,
              594678.94580000266
            ],
            [
              355351.15549999941,
              594667.15710000135
            ],
            [
              355347.61240000091,
              594658.46040000021
            ],
            [
              355337.6827000007,
              594636.00120000169
            ],
            [
              355333.29160000011,
              594625.4076000005
            ],
            [
              355330.94629999995,
              594619.16019999981
            ],
            [
              355328.33980000112,
              594611.01630000025
            ],
            [
              355326.1035000002,
              594602.75329999998
            ],
            [
              355324.23739999998,
              594594.37130000442
            ],
            [
              355322.7416000003,
              594585.87020000257
            ],
            [
              355313.24670000002,
              594577.32840000093
            ],
            [
              355303.36920000147,
              594567.16359999962
            ],
            [
              355293.26320000179,
              594554.20710000396
            ],
            [
              355293.57129999995,
              594549.54890000075
            ],
            [
              355297.99959999975,
              594537.47300000116
            ],
            [
              355299.02210000064,
              594534.00610000081
            ],
            [
              355301.38889999967,
              594532.42899999954
            ]
          ]
        ]
      }
    },
    {
      "attributes" : {
        "FID" : 1,
        "PMNTN_SN" : 23156,
        "MNTN_CODE" : "428306104",
        "MNTN_NM" : "보리수마을뒷산",
        "PMNTN_NM" : "전포매리구간",
        "PMNTN_MAIN" : " ",
        "PMNTN_LT" : 0.35,
        "PMNTN_DFFL" : "쉬움",
        "PMNTN_UPPL" : 6,
        "PMNTN_GODN" : 4,
        "PMNTN_MTRQ" : " ",
        "PMNTN_CNRL" : " ",
        "PMNTN_CLS_" : " ",
        "PMNTN_RISK" : " ",
        "PMNTN_RECO" : " ",
        "DATA_STDR_" : "2016-12-31",
        "MNTN_ID" : "428301801"
      },
      "geometry" : {
        "paths" : [
          [
            [
              355519.81479999982,
              594760.07489999942
            ],
            [
              355520.30819999985,
              594766.27590000257
            ],
            [
              355520.40760000143,
              594772.41330000013
            ],
            [
              355520.23539999966,
              594779.13590000197
            ],
            [
              355519.56549999956,
              594783.3599999994
            ],
            [
              355518.34759999998,
              594786.67030000128
            ],
            [
              355515.35530000087,
              594792.62250000238
            ],
            [
              355511.92370000016,
              594799.78939999826
            ],
            [
              355509.46090000123,
              594804.41119999811
            ],
            [
              355507.57150000054,
              594807.38410000317
            ],
            [
              355502.9262000015,
              594813.92450000159
            ],
            [
              355501.04040000029,
              594817.0420000013
            ],
            [
              355499.42450000066,
              594820.51610000059
            ],
            [
              355496.54710000101,
              594828.128800001
            ],
            [
              355495.14610000141,
              594831.35680000111
            ],
            [
              355491.53520000167,
              594838.2620000001
            ],
            [
              355487.56760000065,
              594844.82960000262
            ],
            [
              355485.51100000087,
              594847.75710000098
            ],
            [
              355479.88289999962,
              594854.90070000105
            ],
            [
              355477.46300000045,
              594858.30239999853
            ],
            [
              355472.22990000062,
              594866.8049999997
            ],
            [
              355470.44969999976,
              594870.23640000075
            ],
            [
              355469.04250000138,
              594873.45930000022
            ],
            [
              355467.81640000083,
              594877.66290000267
            ],
            [
              355466.05390000064,
              594887.29519999959
            ],
            [
              355464.83230000082,
              594891.14240000024
            ],
            [
              355463.09779999964,
              594894.59960000217
            ],
            [
              355458.09590000007,
              594902.9310999997
            ],
            [
              355454.35759999976,
              594910.42470000125
            ],
            [
              355451.35950000118,
              594917.24589999951
            ],
            [
              355448.68919999991,
              594924.07240000367
            ],
            [
              355447.14919999987,
              594929.03470000066
            ],
            [
              355446.14040000085,
              594936.4571000021
            ],
            [
              355444.67040000204,
              594939.24780000001
            ],
            [
              355438.83500000183,
              594943.38399999775
            ],
            [
              355435.9980000006,
              594946.9467999991
            ],
            [
              355432.88080000039,
              594957.37630000152
            ],
            [
              355430.10300000105,
              594961.72040000185
            ],
            [
              355425.20579999965,
              594966.45780000277
            ],
            [
              355423.06379999872,
              594969.58080000244
            ],
            [
              355421.63320000004,
              594972.83880000189
            ],
            [
              355419.36160000134,
              594980.39970000274
            ],
            [
              355416.89310000092,
              594988.60370000079
            ],
            [
              355416.14919999987,
              594992.61990000121
            ],
            [
              355415.72460000124,
              594998.16509999894
            ],
            [
              355415.76630000025,
              595001.12160000019
            ],
            [
              355416.48260000069,
              595004.64280000143
            ],
            [
              355419.0903000012,
              595008.55860000104
            ],
            [
              355422.62189999968,
              595011.39379999973
            ],
            [
              355426.94000000041,
              595014.08170000091
            ],
            [
              355429.6520999996,
              595015.59170000069
            ],
            [
              355432.77379999962,
              595017.00640000217
            ],
            [
              355441.25490000099,
              595019.97609999962
            ],
            [
              355444.97530000005,
              595020.98929999955
            ],
            [
              355455.56970000081,
              595023.3443
            ],
            [
              355462.28780000098,
              595025.22510000132
            ],
            [
              355466.51640000101,
              595026.71250000037
            ],
            [
              355470.95519999973,
              595028.72589999996
            ],
            [
              355475.24170000106,
              595031.08120000176
            ],
            [
              355479.37570000067,
              595033.77819999866
            ],
            [
              355483.3574000001,
              595036.8171000015
            ]
          ]
        ]
      }
    },
    {
      "attributes" : {
        "FID" : 2,
        "PMNTN_SN" : 23157,
        "MNTN_CODE" : "428306104",
        "MNTN_NM" : "보리수마을뒷산",
        "PMNTN_NM" : "남애리구간",
        "PMNTN_MAIN" : " ",
        "PMNTN_LT" : 0.57,
        "PMNTN_DFFL" : "쉬움",
        "PMNTN_UPPL" : 10,
        "PMNTN_GODN" : 7,
        "PMNTN_MTRQ" : " ",
        "PMNTN_CNRL" : " ",
        "PMNTN_CLS_" : " ",
        "PMNTN_RISK" : " ",
        "PMNTN_RECO" : " ",
        "DATA_STDR_" : "2016-12-31",
        "MNTN_ID" : "428301801"
      },
      "geometry" : {
        "paths" : [
          [
            [
              355821.01950000133,
              595188.38610000163
            ],
            [
              355818.06410000101,
              595185.48980000243
            ],
            [
              355814.97380000167,
              595183.26130000129
            ],
            [
              355811.74870000128,
              595181.70049999841
            ],
            [
              355807.15499999933,
              595180.81780000031
            ],
            [
              355798.36330000125,
              595182.45120000094
            ],
            [
              355793.81769999955,
              595181.78810000047
            ],
            [
              355790.82639999967,
              595180.45200000145
            ],
            [
              355787.60680000018,
              595178.47960000299
            ],
            [
              355783.9693,
              595175.75530000404
            ],
            [
              355781.84559999965,
              595173.76779999956
            ],
            [
              355779.75900000054,
              595171.22680000216
            ],
            [
              355774.09390000068,
              595162.44970000163
            ],
            [
              355772.18060000148,
              595159.75640000403
            ],
            [
              355769.06960000191,
              595155.97049999982
            ],
            [
              355760.52390000038,
              595146.21440000273
            ],
            [
              355758.15189999901,
              595143.2033000011
            ],
            [
              355756.18160000071,
              595140.38920000009
            ],
            [
              355752.21569999959,
              595134.16469999962
            ],
            [
              355749.54310000129,
              595129.45739999972
            ],
            [
              355747.50140000042,
              595125.10050000064
            ],
            [
              355745.79870000109,
              595119.77650000155
            ],
            [
              355745.17740000226,
              595115.70079999976
            ],
            [
              355744.89030000009,
              595104.59640000015
            ],
            [
              355744.39290000126,
              595099.97080000117
            ],
            [
              355742.57640000153,
              595091.77150000073
            ],
            [
              355740.1827000007,
              595083.97190000117
            ],
            [
              355737.35610000137,
              595076.66919999942
            ],
            [
              355734.33750000037,
              595070.22440000251
            ],
            [
              355731.07589999959,
              595064.52960000187
            ],
            [
              355727.55190000031,
              595059.55240000226
            ],
            [
              355723.75329999998,
              595054.80949999951
            ],
            [
              355721.04829999991,
              595051.8359999992
            ],
            [
              355718.38769999985,
              595049.47529999912
            ],
            [
              355714.87629999965,
              595047.36510000378
            ],
            [
              355711.88240000047,
              595046.2992000021
            ],
            [
              355703.13240000047,
              595044.39550000057
            ],
            [
              355688.81760000065,
              595040.18530000187
            ],
            [
              355685.60909999907,
              595039.61030000448
            ],
            [
              355676.12500000093,
              595038.57200000435
            ],
            [
              355673.38049999997,
              595037.8518000003
            ],
            [
              355670.1575000016,
              595036.10210000165
            ],
            [
              355667.22710000072,
              595033.40150000155
            ],
            [
              355660.18790000025,
              595024.18630000204
            ],
            [
              355653.57090000063,
              595017.03690000065
            ],
            [
              355645.03100000136,
              595008.18740000203
            ],
            [
              355635.3786000004,
              594999.49780000001
            ],
            [
              355632.69359999988,
              594994.55370000191
            ],
            [
              355632.32760000229,
              594989.78779999912
            ],
            [
              355632.81329999957,
              594986.16469999962
            ],
            [
              355634.52800000086,
              594977.57740000449
            ],
            [
              355634.92640000023,
              594973.66330000199
            ],
            [
              355634.92640000023,
              594961.03260000236
            ],
            [
              355635.25670000073,
              594956.9635000024
            ],
            [
              355636.8431000011,
              594945.53570000269
            ],
            [
              355636.92840000056,
              594942.11449999921
            ],
            [
              355636.36239999905,
              594938.14640000276
            ],
            [
              355634.85339999944,
              594934.12820000388
            ],
            [
              355633.04559999891,
              594930.98620000109
            ],
            [
              355630.13910000026,
              594927.10000000149
            ],
            [
              355621.79330000002,
              594917.19189999998
            ],
            [
              355619.67840000056,
              594914.17680000141
            ],
            [
              355618.08540000115,
              594911.35160000063
            ],
            [
              355615.50690000132,
              594905.41169999912
            ],
            [
              355610.50690000132,
              594891.98440000229
            ],
            [
              355602.08640000038,
              594871.77520000003
            ],
            [
              355597.65460000001,
              594859.44930000044
            ],
            [
              355595.34999999963,
              594854.09219999984
            ],
            [
              355593.17119999882,
              594849.90960000269
            ],
            [
              355590.89890000038,
              594845.98530000076
            ],
            [
              355588.53670000099,
              594842.32569999993
            ],
            [
              355586.08750000037,
              594838.93530000001
            ],
            [
              355583.57570000086,
              594836.04400000162
            ],
            [
              355577.49640000053,
              594829.97690000013
            ],
            [
              355575.14080000017,
              594827.14660000242
            ],
            [
              355572.92310000025,
              594823.64040000364
            ],
            [
              355569.2053000005,
              594816.51659999974
            ],
            [
              355567.5624000011,
              594813.67380000092
            ],
            [
              355564.13100000005,
              594808.46880000085
            ],
            [
              355560.44850000087,
              594803.34860000201
            ],
            [
              355556.53309999965,
              594798.3383000046
            ],
            [
              355552.40550000221,
              594793.46460000053
            ],
            [
              355548.11520000082,
              594788.92660000175
            ],
            [
              355538.09060000163,
              594779.14970000088
            ],
            [
              355525.94500000216,
              594766.97610000335
            ],
            [
              355522.50840000156,
              594763.25449999981
            ],
            [
              355519.81479999982,
              594760.07489999942
            ]
          ]
        ]
      }
    }
  ]
}