{
  "displayFieldName" : "",
  "fieldAliases" : {
    "FID" : "FID",
    "PMNTN_SN" : "PMNTN_SN",
    "MNTN_CODE" : "MNTN_CODE",
    "MNTN_NM" : "MNTN_NM",
    "PMNTN_NM" : "PMNTN_NM",
    "PMNTN_MAIN" : "PMNTN_MAIN",
    "PMNTN_LT" : "PMNTN_LT",
    "PMNTN_DFFL" : "PMNTN_DFFL",
    "PMNTN_UPPL" : "PMNTN_UPPL",
    "PMNTN_GODN" : "PMNTN_GODN",
    "PMNTN_MTRQ" : "PMNTN_MTRQ",
    "PMNTN_CNRL" : "PMNTN_CNRL",
    "PMNTN_CLS_" : "PMNTN_CLS_",
    "PMNTN_RISK" : "PMNTN_RISK",
    "PMNTN_RECO" : "PMNTN_RECO",
    "DATA_STDR_" : "DATA_STDR_",
    "MNTN_ID" : "MNTN_ID"
  },
  "geometryType" : "esriGeometryPolyline",
  "spatialReference" : {
    "wkt" : "PROJCS[\"PCS_ITRF2000_TM\",GEOGCS[\"GCS_ITRF_2000\",DATUM[\"D_ITRF_2000\",SPHEROID[\"GRS_1980\",6378137.0,298.257222101]],PRIMEM[\"Greenwich\",0.0],UNIT[\"Degree\",0.0174532925199433]],PROJECTION[\"Transverse_Mercator\"],PARAMETER[\"False_Easting\",200000.0],PARAMETER[\"False_Northing\",600000.0],PARAMETER[\"Central_Meridian\",127.0],PARAMETER[\"Scale_Factor\",1.0],PARAMETER[\"Latitude_Of_Origin\",38.0],UNIT[\"Meter\",1.0]]"
  },
  "fields" : [
    {
      "name" : "FID",
      "type" : "esriFieldTypeOID",
      "alias" : "FID"
    },
    {
      "name" : "PMNTN_SN",
      "type" : "esriFieldTypeDouble",
      "alias" : "PMNTN_SN"
    },
    {
      "name" : "MNTN_CODE",
      "type" : "esriFieldTypeString",
      "alias" : "MNTN_CODE",
      "length" : 9
    },
    {
      "name" : "MNTN_NM",
      "type" : "esriFieldTypeString",
      "alias" : "MNTN_NM",
      "length" : 50
    },
    {
      "name" : "PMNTN_NM",
      "type" : "esriFieldTypeString",
      "alias" : "PMNTN_NM",
      "length" : 50
    },
    {
      "name" : "PMNTN_MAIN",
      "type" : "esriFieldTypeString",
      "alias" : "PMNTN_MAIN",
      "length" : 200
    },
    {
      "name" : "PMNTN_LT",
      "type" : "esriFieldTypeSingle",
      "alias" : "PMNTN_LT"
    },
    {
      "name" : "PMNTN_DFFL",
      "type" : "esriFieldTypeString",
      "alias" : "PMNTN_DFFL",
      "length" : 8
    },
    {
      "name" : "PMNTN_UPPL",
      "type" : "esriFieldTypeDouble",
      "alias" : "PMNTN_UPPL"
    },
    {
      "name" : "PMNTN_GODN",
      "type" : "esriFieldTypeDouble",
      "alias" : "PMNTN_GODN"
    },
    {
      "name" : "PMNTN_MTRQ",
      "type" : "esriFieldTypeString",
      "alias" : "PMNTN_MTRQ",
      "length" : 200
    },
    {
      "name" : "PMNTN_CNRL",
      "type" : "esriFieldTypeString",
      "alias" : "PMNTN_CNRL",
      "length" : 1
    },
    {
      "name" : "PMNTN_CLS_",
      "type" : "esriFieldTypeString",
      "alias" : "PMNTN_CLS_",
      "length" : 1
    },
    {
      "name" : "PMNTN_RISK",
      "type" : "esriFieldTypeString",
      "alias" : "PMNTN_RISK",
      "length" : 200
    },
    {
      "name" : "PMNTN_RECO",
      "type" : "esriFieldTypeString",
      "alias" : "PMNTN_RECO",
      "length" : 1
    },
    {
      "name" : "DATA_STDR_",
      "type" : "esriFieldTypeString",
      "alias" : "DATA_STDR_",
      "length" : 10
    },
    {
      "name" : "MNTN_ID",
      "type" : "esriFieldTypeString",
      "alias" : "MNTN_ID",
      "length" : 10
    }
  ],
  "features" : [
    {
      "attributes" : {
        "FID" : 0,
        "PMNTN_SN" : 17494,
        "MNTN_CODE" : "488701401",
        "MNTN_NM" : "무이산",
        "PMNTN_NM" : "당본리구간",
        "PMNTN_MAIN" : " ",
        "PMNTN_LT" : 2.45,
        "PMNTN_DFFL" : "쉬움",
        "PMNTN_UPPL" : 43,
        "PMNTN_GODN" : 30,
        "PMNTN_MTRQ" : "토사/암반",
        "PMNTN_CNRL" : " ",
        "PMNTN_CLS_" : " ",
        "PMNTN_RISK" : " ",
        "PMNTN_RECO" : " ",
        "DATA_STDR_" : "2016-12-31",
        "MNTN_ID" : "488701401"
      },
      "geometry" : {
        "paths" : [
          [
            [
              273536.65660000127,
              337145.32740000077
            ],
            [
              273399.0362999998,
              337254.0727000013
            ],
            [
              273320.63560000155,
              337321.31379999965
            ],
            [
              273311.14490000159,
              337342.41370000131
            ],
            [
              273304.02220000047,
              337351.67460000142
            ],
            [
              273284.02489999961,
              337364.1871000044
            ],
            [
              273209.30480000284,
              337362.61480000243
            ],
            [
              273186.78669999912,
              337368.6427000016
            ],
            [
              273189.71240000334,
              337384.99890000001
            ],
            [
              273212.98190000094,
              337417.80810000747
            ],
            [
              273223.64560000133,
              337436.86020000093
            ],
            [
              273218.22369999997,
              337447.07450000383
            ],
            [
              273207.69070000201,
              337443.52800000273
            ],
            [
              273205.44700000342,
              337446.74620000646
            ],
            [
              273189.43269999977,
              337500.38279999793
            ],
            [
              273180.15050000139,
              337500.79020000063
            ],
            [
              273136.12850000151,
              337472.66569999978
            ],
            [
              273125.92590000015,
              337469.56840000115
            ],
            [
              273105.78110000305,
              337465.87810000032
            ],
            [
              273072.23849999998,
              337474.63389999978
            ],
            [
              273074.53270000033,
              337471.72300000302
            ],
            [
              273055.91760000307,
              337463.90640000254
            ],
            [
              273036.57170000114,
              337467.43099999987
            ],
            [
              273020.59780000336,
              337467.1697000023
            ],
            [
              272997.92460000142,
              337453.26520000026
            ],
            [
              272970.74399999995,
              337435.28730000183
            ],
            [
              272971.77790000197,
              337411.96000000276
            ],
            [
              272959.88620000053,
              337396.28370000236
            ],
            [
              272937.33830000181,
              337375.39540000074
            ],
            [
              272927.60950000025,
              337333.88060000166
            ],
            [
              272912.252700001,
              337326.83500000089
            ],
            [
              272898.24280000199,
              337325.00909999758
            ],
            [
              272880.84970000107,
              337330.20540000126
            ],
            [
              272857.21580000035,
              337316.71199999936
            ],
            [
              272849.3702999996,
              337305.76579999924
            ],
            [
              272837.86170000397,
              337306.34129999951
            ],
            [
              272807.54980000108,
              337319.28220000118
            ],
            [
              272790.3236000007,
              337323.55930000171
            ],
            [
              272764.71059999987,
              337312.50530000217
            ],
            [
              272749.30200000014,
              337300.6417999994
            ],
            [
              272748.06070000026,
              337291.77720000036
            ],
            [
              272745.24110000115,
              337292.07980000041
            ],
            [
              272735.15689999983,
              337302.34930000268
            ],
            [
              272728.70079999976,
              337302.55700000003
            ],
            [
              272729.34800000116,
              337292.11740000173
            ],
            [
              272726.93040000089,
              337288.74939999916
            ],
            [
              272691.00200000312,
              337293.01349999942
            ],
            [
              272677.3703000024,
              337289.48900000192
            ],
            [
              272658.43709999975,
              337278.69440000132
            ],
            [
              272616.14960000105,
              337292.70080000162
            ],
            [
              272577.82589999959,
              337289.93300000019
            ],
            [
              272553.13270000182,
              337280.57980000041
            ],
            [
              272543.30630000029,
              337265.73020000011
            ],
            [
              272537.40170000121,
              337251.36810000055
            ],
            [
              272528.37850000244,
              337241.38930000365
            ],
            [
              272511.6519000018,
              337230.93860000186
            ],
            [
              272499.72220000159,
              337230.06949999928
            ],
            [
              272476.42080000043,
              337215.75200000219
            ],
            [
              272440.38580000121,
              337207.8786999993
            ],
            [
              272425.8105000006,
              337209.25760000013
            ],
            [
              272409.12400000263,
              337215.3348999992
            ],
            [
              272399.42650000099,
              337207.01560000144
            ],
            [
              272395.04710000195,
              337191.82899999991
            ],
            [
              272388.02490000054,
              337182.27580000088
            ],
            [
              272384.25779999979,
              337171.14940000139
            ],
            [
              272382.97360000107,
              337162.85190000385
            ],
            [
              272387.28530000057,
              337145.26190000214
            ],
            [
              272382.21160000097,
              337109.90550000221
            ],
            [
              272379.36400000099,
              337099.62360000238
            ],
            [
              272369.59439999983,
              337094.55900000222
            ],
            [
              272347.21879999898,
              337096.1352000013
            ],
            [
              272341.95310000051,
              337099.36629999988
            ],
            [
              272300.76640000008,
              337093.7210999988
            ],
            [
              272257.97300000023,
              337106.39509999938
            ],
            [
              272212.49480000138,
              337111.19760000147
            ],
            [
              272175.0504999999,
              337106.62509999983
            ],
            [
              272165.14209999982,
              337107.42840000056
            ],
            [
              272141.92350000143,
              337093.08459999785
            ],
            [
              272138.60369999986,
              337084.8358000014
            ],
            [
              272136.26350000128,
              337064.37360000052
            ],
            [
              272132.84060000256,
              337058.52370000072
            ],
            [
              272113.7739000041,
              337045.31100000255
            ],
            [
              272120.67680000141,
              337034.95920000412
            ],
            [
              272120.55230000149,
              337015.63120000064
            ],
            [
              272095.04840000067,
              337004.02200000174
            ],
            [
              272080.95549999923,
              336988.9058000017
            ],
            [
              272067.10800000094,
              336982.89709999785
            ],
            [
              272060.45590000041,
              336982.8991000019
            ],
            [
              272036.89880000148,
              336971.86390000023
            ],
            [
              272017.28710000217,
              336965.91090000048
            ],
            [
              272000.10230000038,
              336965.9859000016
            ],
            [
              271975.24950000085,
              336970.55639999919
            ],
            [
              271946.48970000353,
              336965.27380000055
            ],
            [
              271940.42229999974,
              336969.05670000054
            ],
            [
              271927.32390000019,
              336962.41249999963
            ],
            [
              271919.81270000245,
              336961.61720000021
            ],
            [
              271915.90940000117,
              336964.45960000157
            ],
            [
              271904.56010000221,
              336954.66720000096
            ],
            [
              271892.25109999999,
              336951.82420000061
            ],
            [
              271885.15480000153,
              336956.06390000135
            ],
            [
              271849.91860000137,
              336961.96470000222
            ],
            [
              271841.96279999893,
              336959.79860000312
            ],
            [
              271830.6520999996,
              336962.16279999912
            ],
            [
              271829.61760000046,
              336964.25639999844
            ],
            [
              271823.11510000098,
              336962.66940000094
            ],
            [
              271813.50580000132,
              336965.93090000004
            ],
            [
              271801.57340000104,
              336966.29040000029
            ],
            [
              271797.28020000365,
              336970.40400000289
            ],
            [
              271781.63260000013,
              336970.05470000021
            ],
            [
              271753.23230000399,
              336943.70930000022
            ],
            [
              271749.56090000179,
              336932.85370000079
            ],
            [
              271740.00650000107,
              336927.41070000082
            ]
          ]
        ]
      }
    },
    {
      "attributes" : {
        "FID" : 1,
        "PMNTN_SN" : 17495,
        "MNTN_CODE" : "488701401",
        "MNTN_NM" : "무이산",
        "PMNTN_NM" : "시목리구간",
        "PMNTN_MAIN" : " ",
        "PMNTN_LT" : 0.17,
        "PMNTN_DFFL" : "쉬움",
        "PMNTN_UPPL" : 3,
        "PMNTN_GODN" : 2,
        "PMNTN_MTRQ" : "시멘트",
        "PMNTN_CNRL" : " ",
        "PMNTN_CLS_" : " ",
        "PMNTN_RISK" : " ",
        "PMNTN_RECO" : " ",
        "DATA_STDR_" : "2016-12-31",
        "MNTN_ID" : "488701401"
      },
      "geometry" : {
        "paths" : [
          [
            [
              271705.09220000263,
              336498.76910000108
            ],
            [
              271699.82070000097,
              336505.19280000217
            ],
            [
              271698.04200000409,
              336513.14250000194
            ],
            [
              271696.26820000168,
              336525.06650000066
            ],
            [
              271691.00889999978,
              336533.1623999998
            ],
            [
              271686.02290000021,
              336537.12630000152
            ],
            [
              271675.93530000374,
              336537.37420000136
            ],
            [
              271667.53110000025,
              336541.46740000136
            ],
            [
              271662.59840000048,
              336548.75510000065
            ],
            [
              271657.07040000055,
              336558.16020000167
            ],
            [
              271650.94350000098,
              336563.77650000341
            ],
            [
              271639.14169999957,
              336566.84689999931
            ],
            [
              271631.79420000128,
              336570.87910000235
            ],
            [
              271619.19010000024,
              336563.11769999936
            ],
            [
              271615.20990000013,
              336558.21389999986
            ],
            [
              271611.7005000012,
              336548.05500000343
            ],
            [
              271610.16930000111,
              336536.34899999946
            ],
            [
              271607.44340000115,
              336524.10500000603
            ]
          ]
        ]
      }
    },
    {
      "attributes" : {
        "FID" : 2,
        "PMNTN_SN" : 17496,
        "MNTN_CODE" : "488701401",
        "MNTN_NM" : "무이산",
        "PMNTN_NM" : "당본리구간",
        "PMNTN_MAIN" : " ",
        "PMNTN_LT" : 0.12,
        "PMNTN_DFFL" : "쉬움",
        "PMNTN_UPPL" : 2,
        "PMNTN_GODN" : 1,
        "PMNTN_MTRQ" : "토사/암반",
        "PMNTN_CNRL" : " ",
        "PMNTN_CLS_" : " ",
        "PMNTN_RISK" : " ",
        "PMNTN_RECO" : " ",
        "DATA_STDR_" : "2016-12-31",
        "MNTN_ID" : "488701401"
      },
      "geometry" : {
        "paths" : [
          [
            [
              271990.7237999998,
              336374.7407000009
            ],
            [
              271987.48290000111,
              336361.51510000229
            ],
            [
              271980.94990000036,
              336352.81080000289
            ],
            [
              271980.92100000381,
              336339.91039999947
            ],
            [
              271982.65370000154,
              336329.08190000243
            ],
            [
              271979.08510000259,
              336322.9496000018
            ],
            [
              271971.74139999878,
              336319.73980000429
            ],
            [
              271957.64090000279,
              336316.52889999934
            ],
            [
              271945.62050000299,
              336313.99720000103
            ],
            [
              271937.91810000036,
              336305.72279999964
            ],
            [
              271929.9737999998,
              336296.24469999969
            ],
            [
              271928.8795000026,
              336286.15550000034
            ]
          ]
        ]
      }
    },
    {
      "attributes" : {
        "FID" : 3,
        "PMNTN_SN" : 17497,
        "MNTN_CODE" : "488701401",
        "MNTN_NM" : "무이산",
        "PMNTN_NM" : "시목리구간",
        "PMNTN_MAIN" : " ",
        "PMNTN_LT" : 0.33,
        "PMNTN_DFFL" : "쉬움",
        "PMNTN_UPPL" : 6,
        "PMNTN_GODN" : 4,
        "PMNTN_MTRQ" : "토사/암반",
        "PMNTN_CNRL" : " ",
        "PMNTN_CLS_" : " ",
        "PMNTN_RISK" : " ",
        "PMNTN_RECO" : " ",
        "DATA_STDR_" : "2016-12-31",
        "MNTN_ID" : "488701401"
      },
      "geometry" : {
        "paths" : [
          [
            [
              271464.57519999985,
              336613.2864000015
            ],
            [
              271469.00220000092,
              336607.88030000031
            ],
            [
              271484.02240000013,
              336603.21089999937
            ],
            [
              271497.91410000157,
              336591.53820000403
            ],
            [
              271494.35740000196,
              336581.47419999912
            ],
            [
              271500.23029999994,
              336577.33589999937
            ],
            [
              271515.44080000371,
              336557.47060000338
            ],
            [
              271516.14080000203,
              336545.96190000139
            ],
            [
              271526.65710000042,
              336519.62280000001
            ],
            [
              271525.57480000053,
              336511.59680000134
            ],
            [
              271535.25750000216,
              336514.39030000009
            ],
            [
              271543.28400000371,
              336511.58090000227
            ],
            [
              271548.61050000042,
              336505.52229999937
            ],
            [
              271555.49340000004,
              336504.22900000215
            ],
            [
              271565.22010000236,
              336507.20900000446
            ],
            [
              271578.2293000007,
              336503.33270000108
            ],
            [
              271592.96660000086,
              336493.25740000047
            ],
            [
              271610.15479999967,
              336489.09860000201
            ],
            [
              271623.14030000102,
              336490.06790000014
            ],
            [
              271627.32939999923,
              336488.52979999967
            ],
            [
              271631.21880000178,
              336476.09789999947
            ],
            [
              271641.92289999966,
              336474.63079999946
            ],
            [
              271647.74120000005,
              336478.2397000026
            ],
            [
              271655.36610000115,
              336478.18020000122
            ],
            [
              271687.26609999966,
              336486.95629999973
            ],
            [
              271705.09220000263,
              336498.76910000108
            ]
          ]
        ]
      }
    },
    {
      "attributes" : {
        "FID" : 4,
        "PMNTN_SN" : 17498,
        "MNTN_CODE" : "488701401",
        "MNTN_NM" : "무이산",
        "PMNTN_NM" : "시목리구간",
        "PMNTN_MAIN" : " ",
        "PMNTN_LT" : 0.36,
        "PMNTN_DFFL" : "쉬움",
        "PMNTN_UPPL" : 6,
        "PMNTN_GODN" : 4,
        "PMNTN_MTRQ" : "토사/암반",
        "PMNTN_CNRL" : " ",
        "PMNTN_CLS_" : " ",
        "PMNTN_RISK" : " ",
        "PMNTN_RECO" : " ",
        "DATA_STDR_" : "2016-12-31",
        "MNTN_ID" : "488701401"
      },
      "geometry" : {
        "paths" : [
          [
            [
              271626.5390000008,
              336918.99410000257
            ],
            [
              271621.15230000112,
              336904.07280000113
            ],
            [
              271612.39769999869,
              336893.39220000058
            ],
            [
              271605.20690000057,
              336876.1202000007
            ],
            [
              271606.92000000365,
              336868.00500000268
            ],
            [
              271598.76090000197,
              336854.25800000317
            ],
            [
              271594.06010000221,
              336837.29279999994
            ],
            [
              271585.16250000056,
              336830.39450000226
            ],
            [
              271579.69710000418,
              336819.74780000001
            ],
            [
              271570.63930000085,
              336814.82930000126
            ],
            [
              271564.75690000318,
              336807.11560000107
            ],
            [
              271558.2368999999,
              336789.94790000096
            ],
            [
              271540.09760000091,
              336775.10210000351
            ],
            [
              271533.50340000261,
              336753.22110000439
            ],
            [
              271522.53180000186,
              336737.44180000201
            ],
            [
              271507.86500000022,
              336724.60060000233
            ],
            [
              271497.1854000017,
              336705.06700000353
            ],
            [
              271493.86120000109,
              336689.69410000183
            ],
            [
              271486.41320000216,
              336677.19920000061
            ],
            [
              271481.31730000302,
              336672.94610000215
            ],
            [
              271473.84190000035,
              336666.7070000004
            ],
            [
              271474.88710000366,
              336655.93909999914
            ],
            [
              271476.1679000007,
              336638.47940000147
            ],
            [
              271472.84489999991,
              336625.67960000224
            ],
            [
              271464.57519999985,
              336613.2864000015
            ]
          ]
        ]
      }
    },
    {
      "attributes" : {
        "FID" : 5,
        "PMNTN_SN" : 17499,
        "MNTN_CODE" : "488701401",
        "MNTN_NM" : "무이산",
        "PMNTN_NM" : "시목리구간",
        "PMNTN_MAIN" : " ",
        "PMNTN_LT" : 0.12,
        "PMNTN_DFFL" : "쉬움",
        "PMNTN_UPPL" : 2,
        "PMNTN_GODN" : 1,
        "PMNTN_MTRQ" : "토사/암반",
        "PMNTN_CNRL" : " ",
        "PMNTN_CLS_" : " ",
        "PMNTN_RISK" : " ",
        "PMNTN_RECO" : " ",
        "DATA_STDR_" : "2016-12-31",
        "MNTN_ID" : "488701401"
      },
      "geometry" : {
        "paths" : [
          [
            [
              271740.00650000107,
              336927.41070000082
            ],
            [
              271733.63090000115,
              336929.85150000267
            ],
            [
              271703.31179999933,
              336931.46749999933
            ],
            [
              271681.91440000106,
              336931.41980000213
            ],
            [
              271661.03419999965,
              336930.95260000229
            ],
            [
              271643.49520000257,
              336930.753800001
            ],
            [
              271632.16190000344,
              336926.48660000227
            ],
            [
              271626.5390000008,
              336918.99410000257
            ]
          ]
        ]
      }
    },
    {
      "attributes" : {
        "FID" : 6,
        "PMNTN_SN" : 17500,
        "MNTN_CODE" : "488701401",
        "MNTN_NM" : "무이산",
        "PMNTN_NM" : "시목리구간",
        "PMNTN_MAIN" : " ",
        "PMNTN_LT" : 0.02,
        "PMNTN_DFFL" : "쉬움",
        "PMNTN_UPPL" : 1,
        "PMNTN_GODN" : 0,
        "PMNTN_MTRQ" : "토사/암반",
        "PMNTN_CNRL" : " ",
        "PMNTN_CLS_" : " ",
        "PMNTN_RISK" : " ",
        "PMNTN_RECO" : " ",
        "DATA_STDR_" : "2016-12-31",
        "MNTN_ID" : "488701401"
      },
      "geometry" : {
        "paths" : [
          [
            [
              271928.8795000026,
              336286.15550000034
            ],
            [
              271911.45930000208,
              336270.05470000394
            ]
          ]
        ]
      }
    },
    {
      "attributes" : {
        "FID" : 7,
        "PMNTN_SN" : 17501,
        "MNTN_CODE" : "488701401",
        "MNTN_NM" : "무이산",
        "PMNTN_NM" : "시목리구간",
        "PMNTN_MAIN" : " ",
        "PMNTN_LT" : 0.55,
        "PMNTN_DFFL" : "쉬움",
        "PMNTN_UPPL" : 10,
        "PMNTN_GODN" : 7,
        "PMNTN_MTRQ" : "토사/암반",
        "PMNTN_CNRL" : " ",
        "PMNTN_CLS_" : " ",
        "PMNTN_RISK" : " ",
        "PMNTN_RECO" : " ",
        "DATA_STDR_" : "2016-12-31",
        "MNTN_ID" : "488701401"
      },
      "geometry" : {
        "paths" : [
          [
            [
              271924.0036000004,
              336788.61900000274
            ],
            [
              271930.65370000154,
              336762.52820000052
            ],
            [
              271936.98769999947,
              336757.72440000065
            ],
            [
              271931.17150000017,
              336741.64910000004
            ],
            [
              271925.34200000018,
              336731.93230000138
            ],
            [
              271913.21340000164,
              336717.84900000133
            ],
            [
              271904.16509999987,
              336705.74460000359
            ],
            [
              271899.32610000018,
              336699.06870000064
            ],
            [
              271895.36680000089,
              336689.49060000107
            ],
            [
              271893.10270000063,
              336678.88960000128
            ],
            [
              271893.27910000272,
              336669.12569999881
            ],
            [
              271896.65050000232,
              336657.3489000015
            ],
            [
              271896.07880000304,
              336642.91889999993
            ],
            [
              271901.10649999883,
              336630.38650000095
            ],
            [
              271892.46160000097,
              336608.56159999967
            ],
            [
              271894.51999999955,
              336596.2733000014
            ],
            [
              271902.89840000402,
              336577.15340000018
            ],
            [
              271900.88119999971,
              336553.28990000114
            ],
            [
              271902.44740000088,
              336542.69959999993
            ],
            [
              271906.7051000027,
              336531.72180000134
            ],
            [
              271917.31680000108,
              336516.2938000001
            ],
            [
              271918.76389999967,
              336471.55010000244
            ],
            [
              271911.14719999861,
              336464.01070000231
            ],
            [
              271908.60379999969,
              336455.46140000224
            ],
            [
              271900.58490000013,
              336446.95160000399
            ],
            [
              271898.06280000415,
              336436.70040000044
            ],
            [
              271902.23149999976,
              336428.28890000097
            ],
            [
              271917.33430000208,
              336413.44580000266
            ],
            [
              271923.12540000118,
              336404.43350000307
            ],
            [
              271923.85670000035,
              336381.56880000047
            ],
            [
              271914.3825000003,
              336352.00890000165
            ],
            [
              271916.605100004,
              336318.43240000308
            ],
            [
              271924.11600000039,
              336298.63580000214
            ],
            [
              271929.41650000121,
              336292.07510000281
            ],
            [
              271928.8795000026,
              336286.15550000034
            ]
          ]
        ]
      }
    },
    {
      "attributes" : {
        "FID" : 8,
        "PMNTN_SN" : 17502,
        "MNTN_CODE" : "488701401",
        "MNTN_NM" : "무이산",
        "PMNTN_NM" : "시목리구간",
        "PMNTN_MAIN" : " ",
        "PMNTN_LT" : 0.43,
        "PMNTN_DFFL" : "쉬움",
        "PMNTN_UPPL" : 8,
        "PMNTN_GODN" : 5,
        "PMNTN_MTRQ" : "토사/암반",
        "PMNTN_CNRL" : " ",
        "PMNTN_CLS_" : " ",
        "PMNTN_RISK" : " ",
        "PMNTN_RECO" : " ",
        "DATA_STDR_" : "2016-12-31",
        "MNTN_ID" : "488701401"
      },
      "geometry" : {
        "paths" : [
          [
            [
              271761.15970000066,
              336510.50420000218
            ],
            [
              271756.75170000084,
              336530.25260000117
            ],
            [
              271757.20590000134,
              336551.17370000109
            ],
            [
              271753.59769999981,
              336559.80370000005
            ],
            [
              271755.09240000229,
              336566.55890000239
            ],
            [
              271759.6372000007,
              336580.24899999984
            ],
            [
              271770.04670000076,
              336591.78210000135
            ],
            [
              271770.85960000008,
              336603.06120000221
            ],
            [
              271785.29150000308,
              336606.39550000057
            ],
            [
              271787.20590000041,
              336613.84230000339
            ],
            [
              271785.07890000008,
              336620.52160000056
            ],
            [
              271794.41999999899,
              336633.63670000248
            ],
            [
              271798.36340000201,
              336633.36150000244
            ],
            [
              271796.61240000091,
              336657.47360000201
            ],
            [
              271793.38219999988,
              336667.25989999995
            ],
            [
              271796.75420000404,
              336670.04020000249
            ],
            [
              271786.85730000027,
              336686.32039999962
            ],
            [
              271781.34619999956,
              336701.16669999994
            ],
            [
              271785.89010000415,
              336711.18290000036
            ],
            [
              271793.3602,
              336712.38710000366
            ],
            [
              271797.95680000074,
              336716.81420000084
            ],
            [
              271821.39030000102,
              336715.04990000278
            ],
            [
              271833.7890000008,
              336719.99550000206
            ],
            [
              271839.54069999978,
              336729.01720000058
            ],
            [
              271854.2547999993,
              336734.9953000024
            ],
            [
              271858.48090000264,
              336742.04210000113
            ],
            [
              271864.98650000151,
              336739.49039999954
            ],
            [
              271864.03220000118,
              336753.30370000377
            ],
            [
              271860.79750000313,
              336757.04439999908
            ],
            [
              271882.59140000213,
              336766.46520000324
            ],
            [
              271883.14090000186,
              336772.71970000304
            ],
            [
              271898.48530000076,
              336780.56320000254
            ],
            [
              271898.91860000137,
              336787.095900001
            ],
            [
              271906.83580000047,
              336791.24280000106
            ],
            [
              271917.3331999993,
              336790.89039999992
            ],
            [
              271917.94450000115,
              336794.17850000225
            ],
            [
              271924.0036000004,
              336788.61900000274
            ]
          ]
        ]
      }
    },
    {
      "attributes" : {
        "FID" : 9,
        "PMNTN_SN" : 17503,
        "MNTN_CODE" : "488701401",
        "MNTN_NM" : "무이산",
        "PMNTN_NM" : "시목리구간",
        "PMNTN_MAIN" : " ",
        "PMNTN_LT" : 0.06,
        "PMNTN_DFFL" : "쉬움",
        "PMNTN_UPPL" : 1,
        "PMNTN_GODN" : 1,
        "PMNTN_MTRQ" : "토사/암반",
        "PMNTN_CNRL" : " ",
        "PMNTN_CLS_" : " ",
        "PMNTN_RISK" : " ",
        "PMNTN_RECO" : " ",
        "DATA_STDR_" : "2016-12-31",
        "MNTN_ID" : "488701401"
      },
      "geometry" : {
        "paths" : [
          [
            [
              271705.09220000263,
              336498.76910000108
            ],
            [
              271715.32020000089,
              336500.2006000001
            ],
            [
              271729.8582000006,
              336502.85330000147
            ],
            [
              271744.18290000223,
              336510.54539999925
            ],
            [
              271761.15970000066,
              336510.50420000218
            ]
          ]
        ]
      }
    },
    {
      "attributes" : {
        "FID" : 10,
        "PMNTN_SN" : 17504,
        "MNTN_CODE" : "488701401",
        "MNTN_NM" : "무이산",
        "PMNTN_NM" : "시목리구간",
        "PMNTN_MAIN" : " ",
        "PMNTN_LT" : 0.5,
        "PMNTN_DFFL" : "쉬움",
        "PMNTN_UPPL" : 9,
        "PMNTN_GODN" : 6,
        "PMNTN_MTRQ" : "시멘트",
        "PMNTN_CNRL" : " ",
        "PMNTN_CLS_" : " ",
        "PMNTN_RISK" : " ",
        "PMNTN_RECO" : " ",
        "DATA_STDR_" : "2016-12-31",
        "MNTN_ID" : "488701401"
      },
      "geometry" : {
        "paths" : [
          [
            [
              271567.38359999936,
              336095.82789999992
            ],
            [
              271567.68870000076,
              336106.02530000173
            ],
            [
              271574.55910000019,
              336124.42740000039
            ],
            [
              271574.13350000046,
              336138.02689999901
            ],
            [
              271568.84560000151,
              336151.19830000028
            ],
            [
              271558.31860000081,
              336161.9207000006
            ],
            [
              271553.64800000098,
              336169.8300999999
            ],
            [
              271545.87079999875,
              336178.77990000136
            ],
            [
              271548.1305999998,
              336186.94830000028
            ],
            [
              271562.13330000266,
              336201.50310000032
            ],
            [
              271572.69870000053,
              336209.87390000187
            ],
            [
              271577.62050000019,
              336217.67120000161
            ],
            [
              271576.81460000109,
              336226.7555999998
            ],
            [
              271572.55180000141,
              336233.53150000051
            ],
            [
              271571.94689999986,
              336252.82909999974
            ],
            [
              271573.36289999913,
              336264.77779999934
            ],
            [
              271578.76350000128,
              336272.40770000219
            ],
            [
              271588.13580000121,
              336277.44729999825
            ],
            [
              271597.91439999919,
              336284.26070000418
            ],
            [
              271606.68079999927,
              336295.29639999941
            ],
            [
              271612.54660000093,
              336304.8487999998
            ],
            [
              271614.15660000034,
              336314.24120000191
            ],
            [
              271619.88999999966,
              336320.84790000133
            ],
            [
              271630.29129999969,
              336324.41110000014
            ],
            [
              271642.48890000302,
              336327.99799999967
            ],
            [
              271649.4469000008,
              336335.98870000057
            ],
            [
              271657.73950000107,
              336347.33730000071
            ],
            [
              271665.05180000141,
              336354.32220000215
            ],
            [
              271675.69870000239,
              336358.0540000014
            ],
            [
              271682.40110000223,
              336367.53710000031
            ],
            [
              271690.72740000207,
              336375.71719999984
            ],
            [
              271698.41540000122,
              336380.15730000101
            ],
            [
              271704.76260000095,
              336384.66929999925
            ],
            [
              271709.50350000057,
              336397.21180000156
            ],
            [
              271709.65230000392,
              336408.70460000262
            ],
            [
              271706.77650000248,
              336415.78810000233
            ],
            [
              271705.27700000256,
              336424.62539999932
            ],
            [
              271707.4951000018,
              336437.3228999991
            ],
            [
              271711.63240000047,
              336457.4915000014
            ],
            [
              271708.92440000083,
              336469.64030000009
            ],
            [
              271705.64879999962,
              336476.77099999972
            ],
            [
              271704.74459999986,
              336486.42180000059
            ],
            [
              271705.09220000263,
              336498.76910000108
            ]
          ]
        ]
      }
    },
    {
      "attributes" : {
        "FID" : 11,
        "PMNTN_SN" : 17505,
        "MNTN_CODE" : "488701401",
        "MNTN_NM" : "무이산",
        "PMNTN_NM" : "시목리구간",
        "PMNTN_MAIN" : " ",
        "PMNTN_LT" : 0.52,
        "PMNTN_DFFL" : "쉬움",
        "PMNTN_UPPL" : 9,
        "PMNTN_GODN" : 6,
        "PMNTN_MTRQ" : "토사/암반/시멘트",
        "PMNTN_CNRL" : " ",
        "PMNTN_CLS_" : " ",
        "PMNTN_RISK" : " ",
        "PMNTN_RECO" : " ",
        "DATA_STDR_" : "2016-12-31",
        "MNTN_ID" : "488701401"
      },
      "geometry" : {
        "paths" : [
          [
            [
              271273.39850000385,
              336342.14380000345
            ],
            [
              271265.65310000069,
              336315.49089999869
            ],
            [
              271265.51840000134,
              336301.94800000079
            ],
            [
              271267.88630000036,
              336292.24689999968
            ],
            [
              271272.68490000069,
              336279.05360000022
            ],
            [
              271276.5289000012,
              336262.19150000438
            ],
            [
              271279.12220000196,
              336257.44400000386
            ],
            [
              271283.74280000012,
              336253.90310000256
            ],
            [
              271290.0231999997,
              336247.06469999999
            ],
            [
              271294.28430000041,
              336238.42119999975
            ],
            [
              271295.28560000006,
              336218.69830000401
            ],
            [
              271297.85510000028,
              336207.92989999987
            ],
            [
              271305.11840000283,
              336197.20220000297
            ],
            [
              271314.28350000083,
              336189.97320000082
            ],
            [
              271329.42789999954,
              336193.88350000232
            ],
            [
              271342.08170000184,
              336195.86390000209
            ],
            [
              271350.59200000297,
              336195.76890000142
            ],
            [
              271364.15920000151,
              336183.87690000236
            ],
            [
              271371.00070000347,
              336174.3571000006
            ],
            [
              271368.72570000123,
              336162.95380000025
            ],
            [
              271363.92140000034,
              336155.89250000194
            ],
            [
              271365.50600000098,
              336147.12509999983
            ],
            [
              271375.60209999979,
              336142.28480000235
            ],
            [
              271383.62730000075,
              336139.63390000165
            ],
            [
              271396.6221000012,
              336139.20830000006
            ],
            [
              271407.5234000003,
              336138.33900000155
            ],
            [
              271415.96580000035,
              336137.06120000407
            ],
            [
              271422.22600000072,
              336134.77720000222
            ],
            [
              271441.0214000009,
              336125.3666999992
            ],
            [
              271456.05660000071,
              336120.01010000147
            ],
            [
              271469.22570000403,
              336122.66080000065
            ],
            [
              271476.82530000154,
              336124.84230000153
            ],
            [
              271485.4179999996,
              336123.19429999962
            ],
            [
              271492.31180000026,
              336117.54639999941
            ],
            [
              271497.31589999981,
              336106.43180000223
            ],
            [
              271503.31520000007,
              336088.64949999936
            ],
            [
              271507.45420000236,
              336079.84850000218
            ],
            [
              271513.87770000286,
              336073.6294000037
            ],
            [
              271523.38000000361,
              336070.78440000117
            ],
            [
              271530.834900002,
              336079.88170000166
            ],
            [
              271534.39360000007,
              336091.18740000203
            ],
            [
              271541.73080000095,
              336095.35710000433
            ],
            [
              271545.87630000245,
              336096.25750000216
            ],
            [
              271559.81709999964,
              336096.47680000216
            ],
            [
              271567.38359999936,
              336095.82789999992
            ]
          ]
        ]
      }
    },
    {
      "attributes" : {
        "FID" : 12,
        "PMNTN_SN" : 17506,
        "MNTN_CODE" : "488701401",
        "MNTN_NM" : "무이산",
        "PMNTN_NM" : "시목리구간",
        "PMNTN_MAIN" : " ",
        "PMNTN_LT" : 0.22,
        "PMNTN_DFFL" : "쉬움",
        "PMNTN_UPPL" : 4,
        "PMNTN_GODN" : 3,
        "PMNTN_MTRQ" : "토사/암반",
        "PMNTN_CNRL" : " ",
        "PMNTN_CLS_" : " ",
        "PMNTN_RISK" : " ",
        "PMNTN_RECO" : " ",
        "DATA_STDR_" : "2016-12-31",
        "MNTN_ID" : "488701401"
      },
      "geometry" : {
        "paths" : [
          [
            [
              271400.40960000083,
              336501.84610000253
            ],
            [
              271390.13830000069,
              336501.91680000164
            ],
            [
              271383.14319999982,
              336498.26129999943
            ],
            [
              271359.56600000244,
              336494.2127000019
            ],
            [
              271354.7806000011,
              336488.67760000192
            ],
            [
              271347.63600000087,
              336469.53529999964
            ],
            [
              271329.747299999,
              336445.47980000265
            ],
            [
              271323.84460000135,
              336430.56990000233
            ],
            [
              271314.41770000011,
              336417.62219999917
            ],
            [
              271300.42650000285,
              336408.49780000374
            ],
            [
              271288.96549999993,
              336397.31959999911
            ],
            [
              271280.01319999993,
              336382.94339999929
            ],
            [
              271274.15500000119,
              336371.00080000423
            ],
            [
              271273.39850000385,
              336342.14380000345
            ]
          ]
        ]
      }
    },
    {
      "attributes" : {
        "FID" : 13,
        "PMNTN_SN" : 17507,
        "MNTN_CODE" : "488701401",
        "MNTN_NM" : "무이산",
        "PMNTN_NM" : "시목리구간",
        "PMNTN_MAIN" : " ",
        "PMNTN_LT" : 0.29,
        "PMNTN_DFFL" : "쉬움",
        "PMNTN_UPPL" : 5,
        "PMNTN_GODN" : 4,
        "PMNTN_MTRQ" : "토사/암반",
        "PMNTN_CNRL" : " ",
        "PMNTN_CLS_" : " ",
        "PMNTN_RISK" : " ",
        "PMNTN_RECO" : " ",
        "DATA_STDR_" : "2016-12-31",
        "MNTN_ID" : "488701401"
      },
      "geometry" : {
        "paths" : [
          [
            [
              271273.39850000385,
              336342.14380000345
            ],
            [
              271287.15390000027,
              336349.43400000222
            ],
            [
              271303.98740000091,
              336350.70340000466
            ],
            [
              271305.04729999974,
              336357.7525000032
            ],
            [
              271312.83910000045,
              336361.5166000016
            ],
            [
              271325.76530000102,
              336362.32689999975
            ],
            [
              271368.03690000158,
              336403.68170000054
            ],
            [
              271390.12870000117,
              336409.28109999932
            ],
            [
              271413.67720000166,
              336409.35810000449
            ],
            [
              271415.98550000135,
              336414.12930000015
            ],
            [
              271426.22870000172,
              336417.11329999939
            ],
            [
              271431.85130000301,
              336422.41330000013
            ],
            [
              271424.862900001,
              336424.5522000026
            ],
            [
              271417.92779999878,
              336436.14120000228
            ],
            [
              271411.39879999962,
              336452.96050000377
            ],
            [
              271411.03700000234,
              336469.68040000275
            ],
            [
              271404.16640000138,
              336470.37869999744
            ],
            [
              271396.51820000261,
              336488.51900000125
            ],
            [
              271400.40960000083,
              336501.84610000253
            ]
          ]
        ]
      }
    },
    {
      "attributes" : {
        "FID" : 14,
        "PMNTN_SN" : 17508,
        "MNTN_CODE" : "488701401",
        "MNTN_NM" : "무이산",
        "PMNTN_NM" : "시목리구간",
        "PMNTN_MAIN" : " ",
        "PMNTN_LT" : 0.25,
        "PMNTN_DFFL" : "쉬움",
        "PMNTN_UPPL" : 4,
        "PMNTN_GODN" : 3,
        "PMNTN_MTRQ" : "토사/암반",
        "PMNTN_CNRL" : " ",
        "PMNTN_CLS_" : " ",
        "PMNTN_RISK" : " ",
        "PMNTN_RECO" : " ",
        "DATA_STDR_" : "2016-12-31",
        "MNTN_ID" : "488701401"
      },
      "geometry" : {
        "paths" : [
          [
            [
              271924.0036000004,
              336788.61900000274
            ],
            [
              271910.94520000182,
              336802.38120000251
            ],
            [
              271898.94620000105,
              336821.31370000169
            ],
            [
              271891.04090000037,
              336826.05840000138
            ],
            [
              271883.04100000206,
              336840.6425999999
            ],
            [
              271877.84400000051,
              336844.76750000007
            ],
            [
              271858.97580000106,
              336856.752700001
            ],
            [
              271850.30780000053,
              336858.87250000052
            ],
            [
              271839.38620000333,
              336857.71840000153
            ],
            [
              271828.17399999965,
              336854.15130000003
            ],
            [
              271820.94890000019,
              336859.30150000192
            ],
            [
              271815.88380000181,
              336870.12780000269
            ],
            [
              271807.51460000034,
              336882.94010000303
            ],
            [
              271803.3991000019,
              336890.50370000117
            ],
            [
              271792.22700000089,
              336897.8246000018
            ],
            [
              271779.96190000139,
              336901.95700000226
            ],
            [
              271769.9598000003,
              336907.84270000085
            ],
            [
              271754.00280000176,
              336914.97610000148
            ],
            [
              271746.20779999997,
              336919.61989999935
            ],
            [
              271740.00650000107,
              336927.41070000082
            ]
          ]
        ]
      }
    },
    {
      "attributes" : {
        "FID" : 15,
        "PMNTN_SN" : 17509,
        "MNTN_CODE" : "488701401",
        "MNTN_NM" : "무이산",
        "PMNTN_NM" : "시목리구간",
        "PMNTN_MAIN" : " ",
        "PMNTN_LT" : 0.48,
        "PMNTN_DFFL" : "쉬움",
        "PMNTN_UPPL" : 8,
        "PMNTN_GODN" : 6,
        "PMNTN_MTRQ" : "토사/암반",
        "PMNTN_CNRL" : " ",
        "PMNTN_CLS_" : " ",
        "PMNTN_RISK" : " ",
        "PMNTN_RECO" : " ",
        "DATA_STDR_" : "2016-12-31",
        "MNTN_ID" : "488701401"
      },
      "geometry" : {
        "paths" : [
          [
            [
              271805.8367999997,
              335827.10090000369
            ],
            [
              271783.77640000172,
              335814.39580000006
            ],
            [
              271778.66590000223,
              335821.64440000057
            ],
            [
              271770.91339999996,
              335835.5186999999
            ],
            [
              271764.09499999974,
              335851.82200000063
            ],
            [
              271762.35000000056,
              335871.6855999995
            ],
            [
              271760.82650000416,
              335889.19040000252
            ],
            [
              271756.75500000082,
              335906.71900000051
            ],
            [
              271748.47800000291,
              335933.65259999968
            ],
            [
              271741.83970000129,
              335945.60190000013
            ],
            [
              271731.40320000146,
              335959.66790000349
            ],
            [
              271727.35000000056,
              335971.70030000061
            ],
            [
              271718.37960000057,
              335990.22599999979
            ],
            [
              271710.84540000185,
              336007.53280000016
            ],
            [
              271706.24770000111,
              336018.33830000088
            ],
            [
              271704.27720000036,
              336040.73560000025
            ],
            [
              271704.72970000282,
              336059.72600000165
            ],
            [
              271699.9000000013,
              336076.8908000011
            ],
            [
              271689.27369999979,
              336102.39460000023
            ],
            [
              271679.66130000073,
              336115.00180000067
            ],
            [
              271670.15300000086,
              336124.01200000197
            ],
            [
              271655.05329999886,
              336125.54970000125
            ],
            [
              271639.15220000222,
              336124.75830000266
            ],
            [
              271625.1222000001,
              336119.77820000239
            ],
            [
              271613.26930000167,
              336112.37170000002
            ],
            [
              271607.24110000115,
              336103.50160000101
            ],
            [
              271602.26380000357,
              336091.94810000062
            ],
            [
              271596.08730000164,
              336091.71169999987
            ],
            [
              271585.7321999995,
              336093.0335000027
            ],
            [
              271567.38359999936,
              336095.82789999992
            ]
          ]
        ]
      }
    },
    {
      "attributes" : {
        "FID" : 16,
        "PMNTN_SN" : 17510,
        "MNTN_CODE" : "488701401",
        "MNTN_NM" : "무이산",
        "PMNTN_NM" : "시목리구간",
        "PMNTN_MAIN" : " ",
        "PMNTN_LT" : 0.31,
        "PMNTN_DFFL" : "쉬움",
        "PMNTN_UPPL" : 5,
        "PMNTN_GODN" : 4,
        "PMNTN_MTRQ" : "토사/암반",
        "PMNTN_CNRL" : " ",
        "PMNTN_CLS_" : " ",
        "PMNTN_RISK" : " ",
        "PMNTN_RECO" : " ",
        "DATA_STDR_" : "2016-12-31",
        "MNTN_ID" : "488701401"
      },
      "geometry" : {
        "paths" : [
          [
            [
              271911.45930000208,
              336270.05470000394
            ],
            [
              271887.39910000097,
              336285.34640000202
            ],
            [
              271885.02710000239,
              336296.04169999994
            ],
            [
              271866.68420000002,
              336322.78229999729
            ],
            [
              271855.72080000024,
              336354.48409999907
            ],
            [
              271856.48449999932,
              336387.85219999962
            ],
            [
              271851.67210000381,
              336397.00250000134
            ],
            [
              271831.08090000041,
              336422.89729999751
            ],
            [
              271821.00110000186,
              336427.92210000008
            ],
            [
              271799.40620000288,
              336432.31489999965
            ],
            [
              271791.03110000119,
              336451.97430000454
            ],
            [
              271765.82210000139,
              336485.53309999779
            ],
            [
              271763.5736000007,
              336495.99700000137
            ],
            [
              271767.44060000312,
              336506.16599999741
            ],
            [
              271765.06290000398,
              336510.034500001
            ],
            [
              271761.15970000066,
              336510.50420000218
            ]
          ]
        ]
      }
    },
    {
      "attributes" : {
        "FID" : 17,
        "PMNTN_SN" : 17511,
        "MNTN_CODE" : "488701401",
        "MNTN_NM" : "무이산",
        "PMNTN_NM" : "시목리구간",
        "PMNTN_MAIN" : "무어산정상",
        "PMNTN_LT" : 0.18,
        "PMNTN_DFFL" : "쉬움",
        "PMNTN_UPPL" : 3,
        "PMNTN_GODN" : 2,
        "PMNTN_MTRQ" : "토사/암반",
        "PMNTN_CNRL" : " ",
        "PMNTN_CLS_" : " ",
        "PMNTN_RISK" : " ",
        "PMNTN_RECO" : " ",
        "DATA_STDR_" : "2016-12-31",
        "MNTN_ID" : "488701401"
      },
      "geometry" : {
        "paths" : [
          [
            [
              271626.5390000008,
              336918.99410000257
            ],
            [
              271618.12889999989,
              336925.24890000373
            ],
            [
              271608.29250000045,
              336924.29060000181
            ],
            [
              271597.2023000028,
              336928.60329999961
            ],
            [
              271596.83189999964,
              336938.27590000071
            ],
            [
              271604.02410000376,
              336950.5449000001
            ],
            [
              271604.21700000111,
              336964.33940000273
            ],
            [
              271600.57670000196,
              336975.08970000036
            ],
            [
              271599.54480000027,
              336992.00889999978
            ],
            [
              271596.07250000257,
              337015.87910000421
            ],
            [
              271591.20770000201,
              337026.40179999918
            ],
            [
              271587.38280000072,
              337044.24450000003
            ],
            [
              271588.77529999986,
              337059.04710000008
            ],
            [
              271588.68550000153,
              337074.07330000401
            ]
          ]
        ]
      }
    },
    {
      "attributes" : {
        "FID" : 18,
        "PMNTN_SN" : 17512,
        "MNTN_CODE" : "488701401",
        "MNTN_NM" : "무이산",
        "PMNTN_NM" : "시목리구간",
        "PMNTN_MAIN" : " ",
        "PMNTN_LT" : 0.32,
        "PMNTN_DFFL" : "쉬움",
        "PMNTN_UPPL" : 6,
        "PMNTN_GODN" : 4,
        "PMNTN_MTRQ" : "토사/암반",
        "PMNTN_CNRL" : " ",
        "PMNTN_CLS_" : " ",
        "PMNTN_RISK" : " ",
        "PMNTN_RECO" : " ",
        "DATA_STDR_" : "2016-12-31",
        "MNTN_ID" : "488701401"
      },
      "geometry" : {
        "paths" : [
          [
            [
              272172.62610000186,
              336138.38340000063
            ],
            [
              272106.4170000013,
              336149.90130000189
            ],
            [
              272083.72970000189,
              336142.78870000131
            ],
            [
              272066.66660000198,
              336153.9047000017
            ],
            [
              272045.73550000135,
              336153.13080000319
            ],
            [
              272033.44200000353,
              336156.67730000243
            ],
            [
              272017.76680000033,
              336176.41820000112
            ],
            [
              272010.58020000067,
              336183.38120000251
            ],
            [
              272000.70690000243,
              336187.22640000097
            ],
            [
              271991.44730000198,
              336195.96870000102
            ],
            [
              271985.24170000106,
              336207.38640000299
            ],
            [
              271966.29020000063,
              336223.85390000232
            ],
            [
              271953.98060000036,
              336230.35799999908
            ],
            [
              271940.36330000032,
              336233.28940000758
            ],
            [
              271934.42090000119,
              336242.75999999978
            ],
            [
              271928.87669999991,
              336251.28780000098
            ],
            [
              271919.85049999971,
              336252.63780000061
            ],
            [
              271919.02560000215,
              336262.04330000281
            ],
            [
              271911.45930000208,
              336270.05470000394
            ]
          ]
        ]
      }
    },
    {
      "attributes" : {
        "FID" : 19,
        "PMNTN_SN" : 17513,
        "MNTN_CODE" : "488701401",
        "MNTN_NM" : "무이산",
        "PMNTN_NM" : "시목리구간",
        "PMNTN_MAIN" : " ",
        "PMNTN_LT" : 0.14,
        "PMNTN_DFFL" : "쉬움",
        "PMNTN_UPPL" : 2,
        "PMNTN_GODN" : 2,
        "PMNTN_MTRQ" : "토사/암반",
        "PMNTN_CNRL" : " ",
        "PMNTN_CLS_" : " ",
        "PMNTN_RISK" : " ",
        "PMNTN_RECO" : " ",
        "DATA_STDR_" : "2016-12-31",
        "MNTN_ID" : "488701401"
      },
      "geometry" : {
        "paths" : [
          [
            [
              271400.40960000083,
              336501.84610000253
            ],
            [
              271402.3412000034,
              336503.89340000227
            ],
            [
              271400.32969999872,
              336515.14970000088
            ],
            [
              271401.32770000305,
              336528.02070000209
            ],
            [
              271420.84800000023,
              336549.32720000111
            ],
            [
              271420.84360000025,
              336556.51659999788
            ],
            [
              271423.39400000218,
              336554.75120000169
            ],
            [
              271430.16450000182,
              336558.95370000042
            ],
            [
              271434.46600000095,
              336570.84670000151
            ],
            [
              271449.15570000093,
              336583.72520000115
            ],
            [
              271464.57519999985,
              336613.2864000015
            ]
          ]
        ]
      }
    }
  ]
}