{
  "displayFieldName" : "",
  "fieldAliases" : {
    "FID" : "FID",
    "PMNTN_SPOT" : "PMNTN_SPOT",
    "MNTN_CODE" : "MNTN_CODE",
    "MANAGE_SP1" : "MANAGE_SP1",
    "MANAGE_SP2" : "MANAGE_SP2",
    "DETAIL_SPO" : "DETAIL_SPO",
    "ETC_MATTER" : "ETC_MATTER",
    "MNTN_NM" : "MNTN_NM",
    "PAST_SPOT_" : "PAST_SPOT_",
    "MNTN_ID" : "MNTN_ID"
  },
  "geometryType" : "esriGeometryPoint",
  "spatialReference" : {
    "wkt" : "PROJCS[\"PCS_ITRF2000_TM\",GEOGCS[\"GCS_ITRF_2000\",DATUM[\"D_ITRF_2000\",SPHEROID[\"GRS_1980\",6378137.0,298.257222101]],PRIMEM[\"Greenwich\",0.0],UNIT[\"Degree\",0.0174532925199433]],PROJECTION[\"Transverse_Mercator\"],PARAMETER[\"False_Easting\",200000.0],PARAMETER[\"False_Northing\",600000.0],PARAMETER[\"Central_Meridian\",127.0],PARAMETER[\"Scale_Factor\",1.0],PARAMETER[\"Latitude_Of_Origin\",38.0],UNIT[\"Meter\",1.0]]"
  },
  "fields" : [
    {
      "name" : "FID",
      "type" : "esriFieldTypeOID",
      "alias" : "FID"
    },
    {
      "name" : "PMNTN_SPOT",
      "type" : "esriFieldTypeDouble",
      "alias" : "PMNTN_SPOT"
    },
    {
      "name" : "MNTN_CODE",
      "type" : "esriFieldTypeString",
      "alias" : "MNTN_CODE",
      "length" : 9
    },
    {
      "name" : "MANAGE_SP1",
      "type" : "esriFieldTypeString",
      "alias" : "MANAGE_SP1",
      "length" : 2
    },
    {
      "name" : "MANAGE_SP2",
      "type" : "esriFieldTypeString",
      "alias" : "MANAGE_SP2",
      "length" : 50
    },
    {
      "name" : "DETAIL_SPO",
      "type" : "esriFieldTypeString",
      "alias" : "DETAIL_SPO",
      "length" : 200
    },
    {
      "name" : "ETC_MATTER",
      "type" : "esriFieldTypeString",
      "alias" : "ETC_MATTER",
      "length" : 200
    },
    {
      "name" : "MNTN_NM",
      "type" : "esriFieldTypeString",
      "alias" : "MNTN_NM",
      "length" : 50
    },
    {
      "name" : "PAST_SPOT_",
      "type" : "esriFieldTypeString",
      "alias" : "PAST_SPOT_",
      "length" : 14
    },
    {
      "name" : "MNTN_ID",
      "type" : "esriFieldTypeString",
      "alias" : "MNTN_ID",
      "length" : 10
    }
  ],
  "features" : [
    {
      "attributes" : {
        "FID" : 0,
        "PMNTN_SPOT" : 53134,
        "MNTN_CODE" : "428203804",
        "MANAGE_SP1" : "01",
        "MANAGE_SP2" : "시종점",
        "DETAIL_SPO" : "시종점",
        "ETC_MATTER" : " ",
        "MNTN_NM" : "소똥령",
        "PAST_SPOT_" : "4282016010001",
        "MNTN_ID" : "428201601"
      },
      "geometry" : {
        "x" : 319362.07020000461,
        "y" : 635399.03970000707
      }
    },
    {
      "attributes" : {
        "FID" : 1,
        "PMNTN_SPOT" : 53135,
        "MNTN_CODE" : "428203804",
        "MANAGE_SP1" : "01",
        "MANAGE_SP2" : "시종점",
        "DETAIL_SPO" : "시종점",
        "ETC_MATTER" : " ",
        "MNTN_NM" : "소똥령",
        "PAST_SPOT_" : "4282016010002",
        "MNTN_ID" : "428201601"
      },
      "geometry" : {
        "x" : 320421.70280000195,
        "y" : 637018.69750000164
      }
    },
    {
      "attributes" : {
        "FID" : 2,
        "PMNTN_SPOT" : 53136,
        "MNTN_CODE" : "428203804",
        "MANAGE_SP1" : "99",
        "MANAGE_SP2" : "기타",
        "DETAIL_SPO" : "제1소똥봉우리",
        "ETC_MATTER" : " ",
        "MNTN_NM" : "소똥령",
        "PAST_SPOT_" : "4282016010003",
        "MNTN_ID" : "428201601"
      },
      "geometry" : {
        "x" : 319607.28840000369,
        "y" : 635146.54880000465
      }
    },
    {
      "attributes" : {
        "FID" : 3,
        "PMNTN_SPOT" : 53137,
        "MNTN_CODE" : "428203804",
        "MANAGE_SP1" : "99",
        "MANAGE_SP2" : "기타",
        "DETAIL_SPO" : "기타",
        "ETC_MATTER" : " ",
        "MNTN_NM" : "소똥령",
        "PAST_SPOT_" : "4282016010004",
        "MNTN_ID" : "428201601"
      },
      "geometry" : {
        "x" : 319502.45120000374,
        "y" : 635169.67139999941
      }
    },
    {
      "attributes" : {
        "FID" : 4,
        "PMNTN_SPOT" : 53138,
        "MNTN_CODE" : "428203804",
        "MANAGE_SP1" : "15",
        "MANAGE_SP2" : "훼손지",
        "DETAIL_SPO" : "훼손지",
        "ETC_MATTER" : "2개",
        "MNTN_NM" : "소똥령",
        "PAST_SPOT_" : "4282016010005",
        "MNTN_ID" : "428201601"
      },
      "geometry" : {
        "x" : 319699.19250000734,
        "y" : 635175.66640000232
      }
    },
    {
      "attributes" : {
        "FID" : 5,
        "PMNTN_SPOT" : 53139,
        "MNTN_CODE" : "428203804",
        "MANAGE_SP1" : "15",
        "MANAGE_SP2" : "훼손지",
        "DETAIL_SPO" : "훼손지",
        "ETC_MATTER" : " ",
        "MNTN_NM" : "소똥령",
        "PAST_SPOT_" : "4282016010006",
        "MNTN_ID" : "428201601"
      },
      "geometry" : {
        "x" : 319499.92850000691,
        "y" : 635175.79649999924
      }
    },
    {
      "attributes" : {
        "FID" : 6,
        "PMNTN_SPOT" : 53140,
        "MNTN_CODE" : "428203804",
        "MANAGE_SP1" : "15",
        "MANAGE_SP2" : "훼손지",
        "DETAIL_SPO" : "훼손지",
        "ETC_MATTER" : " ",
        "MNTN_NM" : "소똥령",
        "PAST_SPOT_" : "4282016010007",
        "MNTN_ID" : "428201601"
      },
      "geometry" : {
        "x" : 319487.05060000345,
        "y" : 635224.94979999959
      }
    },
    {
      "attributes" : {
        "FID" : 7,
        "PMNTN_SPOT" : 53141,
        "MNTN_CODE" : "428203804",
        "MANAGE_SP1" : "99",
        "MANAGE_SP2" : "기타",
        "DETAIL_SPO" : "구름다리",
        "ETC_MATTER" : " ",
        "MNTN_NM" : "소똥령",
        "PAST_SPOT_" : "4282016010008",
        "MNTN_ID" : "428201601"
      },
      "geometry" : {
        "x" : 319406.76070000511,
        "y" : 635396.45560000278
      }
    },
    {
      "attributes" : {
        "FID" : 8,
        "PMNTN_SPOT" : 53142,
        "MNTN_CODE" : "428203804",
        "MANAGE_SP1" : "15",
        "MANAGE_SP2" : "훼손지",
        "DETAIL_SPO" : "훼손지",
        "ETC_MATTER" : " ",
        "MNTN_NM" : "소똥령",
        "PAST_SPOT_" : "4282016010009",
        "MNTN_ID" : "428201601"
      },
      "geometry" : {
        "x" : 319768.76900000405,
        "y" : 635526.86460000835
      }
    },
    {
      "attributes" : {
        "FID" : 9,
        "PMNTN_SPOT" : 53143,
        "MNTN_CODE" : "428203804",
        "MANAGE_SP1" : "05",
        "MANAGE_SP2" : "벤치",
        "DETAIL_SPO" : "벤치",
        "ETC_MATTER" : "제1정상",
        "MNTN_NM" : "소똥령",
        "PAST_SPOT_" : "4282016010010",
        "MNTN_ID" : "428201601"
      },
      "geometry" : {
        "x" : 319770.7077000048,
        "y" : 635567.27640000172
      }
    },
    {
      "attributes" : {
        "FID" : 10,
        "PMNTN_SPOT" : 53144,
        "MNTN_CODE" : "428203804",
        "MANAGE_SP1" : "23",
        "MANAGE_SP2" : "정상",
        "DETAIL_SPO" : "정상부",
        "ETC_MATTER" : "제2정상",
        "MNTN_NM" : "소똥령",
        "PAST_SPOT_" : "4282016010011",
        "MNTN_ID" : "428201601"
      },
      "geometry" : {
        "x" : 319792.69290000293,
        "y" : 635724.3823000025
      }
    },
    {
      "attributes" : {
        "FID" : 11,
        "PMNTN_SPOT" : 53145,
        "MNTN_CODE" : "428203804",
        "MANAGE_SP1" : "23",
        "MANAGE_SP2" : "정상",
        "DETAIL_SPO" : "정상부",
        "ETC_MATTER" : "제3정상",
        "MNTN_NM" : "소똥령",
        "PAST_SPOT_" : "4282016010012",
        "MNTN_ID" : "428201601"
      },
      "geometry" : {
        "x" : 319726.71620000526,
        "y" : 635777.43480000086
      }
    },
    {
      "attributes" : {
        "FID" : 12,
        "PMNTN_SPOT" : 53146,
        "MNTN_CODE" : "428203804",
        "MANAGE_SP1" : "15",
        "MANAGE_SP2" : "훼손지",
        "DETAIL_SPO" : "훼손지",
        "ETC_MATTER" : " ",
        "MNTN_NM" : "소똥령",
        "PAST_SPOT_" : "4282016010013",
        "MNTN_ID" : "428201601"
      },
      "geometry" : {
        "x" : 319848.33410000522,
        "y" : 636423.79020000435
      }
    },
    {
      "attributes" : {
        "FID" : 13,
        "PMNTN_SPOT" : 53147,
        "MNTN_CODE" : "428203804",
        "MANAGE_SP1" : "99",
        "MANAGE_SP2" : "기타",
        "DETAIL_SPO" : "기타",
        "ETC_MATTER" : "안전줄훼손",
        "MNTN_NM" : "소똥령",
        "PAST_SPOT_" : "4282016010014",
        "MNTN_ID" : "428201601"
      },
      "geometry" : {
        "x" : 320080.57900000364,
        "y" : 636675.31970000267
      }
    },
    {
      "attributes" : {
        "FID" : 14,
        "PMNTN_SPOT" : 53148,
        "MNTN_CODE" : "428203804",
        "MANAGE_SP1" : "15",
        "MANAGE_SP2" : "훼손지",
        "DETAIL_SPO" : "훼손지",
        "ETC_MATTER" : " ",
        "MNTN_NM" : "소똥령",
        "PAST_SPOT_" : "4282016010015",
        "MNTN_ID" : "428201601"
      },
      "geometry" : {
        "x" : 320327.93430000264,
        "y" : 636995.52320000157
      }
    },
    {
      "attributes" : {
        "FID" : 15,
        "PMNTN_SPOT" : 53149,
        "MNTN_CODE" : "428203804",
        "MANAGE_SP1" : "15",
        "MANAGE_SP2" : "훼손지",
        "DETAIL_SPO" : "훼손지",
        "ETC_MATTER" : " ",
        "MNTN_NM" : "소똥령",
        "PAST_SPOT_" : "4282016010016",
        "MNTN_ID" : "428201601"
      },
      "geometry" : {
        "x" : 320342.60540000349,
        "y" : 637004.74640000053
      }
    },
    {
      "attributes" : {
        "FID" : 16,
        "PMNTN_SPOT" : 53150,
        "MNTN_CODE" : "428203804",
        "MANAGE_SP1" : "01",
        "MANAGE_SP2" : "시종점",
        "DETAIL_SPO" : "시종점",
        "ETC_MATTER" : " ",
        "MNTN_NM" : "소똥령",
        "PAST_SPOT_" : "4282016010017",
        "MNTN_ID" : "428201601"
      },
      "geometry" : {
        "x" : 319374.61141476594,
        "y" : 634600.91110145673
      }
    },
    {
      "attributes" : {
        "FID" : 17,
        "PMNTN_SPOT" : 53151,
        "MNTN_CODE" : "428203804",
        "MANAGE_SP1" : "01",
        "MANAGE_SP2" : "시종점",
        "DETAIL_SPO" : "시종점",
        "ETC_MATTER" : " ",
        "MNTN_NM" : "소똥령",
        "PAST_SPOT_" : "4282016010018",
        "MNTN_ID" : "428201601"
      },
      "geometry" : {
        "x" : 319832.4979000017,
        "y" : 634513.88490000181
      }
    },
    {
      "attributes" : {
        "FID" : 18,
        "PMNTN_SPOT" : 53152,
        "MNTN_CODE" : "428203804",
        "MANAGE_SP1" : "01",
        "MANAGE_SP2" : "시종점",
        "DETAIL_SPO" : "시종점",
        "ETC_MATTER" : " ",
        "MNTN_NM" : "소똥령",
        "PAST_SPOT_" : "4282016010019",
        "MNTN_ID" : "428201601"
      },
      "geometry" : {
        "x" : 319914.68470000755,
        "y" : 634223.38269999996
      }
    },
    {
      "attributes" : {
        "FID" : 19,
        "PMNTN_SPOT" : 53153,
        "MNTN_CODE" : "428203804",
        "MANAGE_SP1" : "01",
        "MANAGE_SP2" : "시종점",
        "DETAIL_SPO" : "시종점",
        "ETC_MATTER" : " ",
        "MNTN_NM" : "소똥령",
        "PAST_SPOT_" : "4282016010020",
        "MNTN_ID" : "428201601"
      },
      "geometry" : {
        "x" : 321996.78102907538,
        "y" : 635697.7581218183
      }
    },
    {
      "attributes" : {
        "FID" : 20,
        "PMNTN_SPOT" : 53154,
        "MNTN_CODE" : "428203804",
        "MANAGE_SP1" : "01",
        "MANAGE_SP2" : "시종점",
        "DETAIL_SPO" : "시종점",
        "ETC_MATTER" : " ",
        "MNTN_NM" : "소똥령",
        "PAST_SPOT_" : "4282016010021",
        "MNTN_ID" : "428201601"
      },
      "geometry" : {
        "x" : 320032.37562714051,
        "y" : 633730.47895404324
      }
    },
    {
      "attributes" : {
        "FID" : 21,
        "PMNTN_SPOT" : 53155,
        "MNTN_CODE" : "428203804",
        "MANAGE_SP1" : "01",
        "MANAGE_SP2" : "시종점",
        "DETAIL_SPO" : "시종점",
        "ETC_MATTER" : " ",
        "MNTN_NM" : "소똥령",
        "PAST_SPOT_" : "4282016010022",
        "MNTN_ID" : "428201601"
      },
      "geometry" : {
        "x" : 319356.32889031526,
        "y" : 633753.23151362501
      }
    }
  ]
}