{
  "displayFieldName" : "",
  "fieldAliases" : {
    "FID" : "FID",
    "PMNTN_SN" : "PMNTN_SN",
    "MNTN_CODE" : "MNTN_CODE",
    "MNTN_NM" : "MNTN_NM",
    "PMNTN_NM" : "PMNTN_NM",
    "PMNTN_MAIN" : "PMNTN_MAIN",
    "PMNTN_LT" : "PMNTN_LT",
    "PMNTN_DFFL" : "PMNTN_DFFL",
    "PMNTN_UPPL" : "PMNTN_UPPL",
    "PMNTN_GODN" : "PMNTN_GODN",
    "PMNTN_MTRQ" : "PMNTN_MTRQ",
    "PMNTN_CNRL" : "PMNTN_CNRL",
    "PMNTN_CLS_" : "PMNTN_CLS_",
    "PMNTN_RISK" : "PMNTN_RISK",
    "PMNTN_RECO" : "PMNTN_RECO",
    "DATA_STDR_" : "DATA_STDR_",
    "MNTN_ID" : "MNTN_ID"
  },
  "geometryType" : "esriGeometryPolyline",
  "spatialReference" : {
    "wkt" : "PROJCS[\"PCS_ITRF2000_TM\",GEOGCS[\"GCS_ITRF_2000\",DATUM[\"D_ITRF_2000\",SPHEROID[\"GRS_1980\",6378137.0,298.257222101]],PRIMEM[\"Greenwich\",0.0],UNIT[\"Degree\",0.0174532925199433]],PROJECTION[\"Transverse_Mercator\"],PARAMETER[\"False_Easting\",200000.0],PARAMETER[\"False_Northing\",600000.0],PARAMETER[\"Central_Meridian\",127.0],PARAMETER[\"Scale_Factor\",1.0],PARAMETER[\"Latitude_Of_Origin\",38.0],UNIT[\"Meter\",1.0]]"
  },
  "fields" : [
    {
      "name" : "FID",
      "type" : "esriFieldTypeOID",
      "alias" : "FID"
    },
    {
      "name" : "PMNTN_SN",
      "type" : "esriFieldTypeDouble",
      "alias" : "PMNTN_SN"
    },
    {
      "name" : "MNTN_CODE",
      "type" : "esriFieldTypeString",
      "alias" : "MNTN_CODE",
      "length" : 9
    },
    {
      "name" : "MNTN_NM",
      "type" : "esriFieldTypeString",
      "alias" : "MNTN_NM",
      "length" : 50
    },
    {
      "name" : "PMNTN_NM",
      "type" : "esriFieldTypeString",
      "alias" : "PMNTN_NM",
      "length" : 50
    },
    {
      "name" : "PMNTN_MAIN",
      "type" : "esriFieldTypeString",
      "alias" : "PMNTN_MAIN",
      "length" : 200
    },
    {
      "name" : "PMNTN_LT",
      "type" : "esriFieldTypeSingle",
      "alias" : "PMNTN_LT"
    },
    {
      "name" : "PMNTN_DFFL",
      "type" : "esriFieldTypeString",
      "alias" : "PMNTN_DFFL",
      "length" : 8
    },
    {
      "name" : "PMNTN_UPPL",
      "type" : "esriFieldTypeDouble",
      "alias" : "PMNTN_UPPL"
    },
    {
      "name" : "PMNTN_GODN",
      "type" : "esriFieldTypeDouble",
      "alias" : "PMNTN_GODN"
    },
    {
      "name" : "PMNTN_MTRQ",
      "type" : "esriFieldTypeString",
      "alias" : "PMNTN_MTRQ",
      "length" : 200
    },
    {
      "name" : "PMNTN_CNRL",
      "type" : "esriFieldTypeString",
      "alias" : "PMNTN_CNRL",
      "length" : 1
    },
    {
      "name" : "PMNTN_CLS_",
      "type" : "esriFieldTypeString",
      "alias" : "PMNTN_CLS_",
      "length" : 1
    },
    {
      "name" : "PMNTN_RISK",
      "type" : "esriFieldTypeString",
      "alias" : "PMNTN_RISK",
      "length" : 200
    },
    {
      "name" : "PMNTN_RECO",
      "type" : "esriFieldTypeString",
      "alias" : "PMNTN_RECO",
      "length" : 1
    },
    {
      "name" : "DATA_STDR_",
      "type" : "esriFieldTypeString",
      "alias" : "DATA_STDR_",
      "length" : 10
    },
    {
      "name" : "MNTN_ID",
      "type" : "esriFieldTypeString",
      "alias" : "MNTN_ID",
      "length" : 10
    }
  ],
  "features" : [
    {
      "attributes" : {
        "FID" : 0,
        "PMNTN_SN" : 32777,
        "MNTN_CODE" : "488207304",
        "MNTN_NM" : "소팽이산책로",
        "PMNTN_NM" : "소팽이구간",
        "PMNTN_MAIN" : " ",
        "PMNTN_LT" : 1.16,
        "PMNTN_DFFL" : "쉬움",
        "PMNTN_UPPL" : 20,
        "PMNTN_GODN" : 14,
        "PMNTN_MTRQ" : "토사/암반",
        "PMNTN_CNRL" : " ",
        "PMNTN_CLS_" : " ",
        "PMNTN_RISK" : "등산로 상단부에는 등산로가 좁고 소나무낙옆과 작은 자갈조각으로 미끄러질 우려가 있음",
        "PMNTN_RECO" : " ",
        "DATA_STDR_" : "2016-12-31",
        "MNTN_ID" : "488207304"
      },
      "geometry" : {
        "paths" : [
          [
            [
              320774.00520000514,
              637888.3741999995
            ],
            [
              320783.65670000296,
              637872.40829999745
            ],
            [
              320793.17380000371,
              637865.914900003
            ],
            [
              320796.59850000031,
              637868.28350000083
            ],
            [
              320800.68630000297,
              637868.46560000256
            ],
            [
              320813.86330000311,
              637866.7547999993
            ],
            [
              320826.86180000287,
              637861.29080000333
            ],
            [
              320827.71840000153,
              637860.39149999991
            ],
            [
              320834.63440000266,
              637854.78980000131
            ],
            [
              320839.81430000253,
              637854.49500000104
            ],
            [
              320847.91560000367,
              637852.48509999923
            ],
            [
              320856.96840000246,
              637854.31870000437
            ],
            [
              320859.2823000066,
              637853.68820000254
            ],
            [
              320864.61980000418,
              637853.63780000247
            ],
            [
              320868.28290000372,
              637853.79500000365
            ],
            [
              320882.14390000235,
              637853.4068
            ],
            [
              320890.45860000327,
              637851.82810000144
            ],
            [
              320899.4503000034,
              637851.54390000179
            ],
            [
              320902.17070000246,
              637851.99420000054
            ],
            [
              320909.44880000129,
              637852.56850000657
            ],
            [
              320919.58830000274,
              637852.01300000213
            ],
            [
              320923.48350000195,
              637850.36810000055
            ],
            [
              320928.21240000147,
              637846.41840000078
            ],
            [
              320932.72670000419,
              637843.08900000155
            ],
            [
              320934.33620000072,
              637841.35400000028
            ],
            [
              320943.63800000306,
              637837.98469999991
            ],
            [
              320946.04480000399,
              637835.38690000027
            ],
            [
              320946.95579999965,
              637834.27440000325
            ],
            [
              320958.87380000576,
              637829.5017000027
            ],
            [
              320958.94770000409,
              637828.98159999959
            ],
            [
              320963.40140000544,
              637829.69050000049
            ],
            [
              320975.52520000469,
              637819.02030000091
            ],
            [
              320980.63250000216,
              637819.17119999975
            ],
            [
              320988.28520000167,
              637819.21150000021
            ],
            [
              320993.3991000019,
              637822.83400000259
            ],
            [
              320997.43070000224,
              637822.37320000306
            ],
            [
              321002.19450000301,
              637820.00610000081
            ],
            [
              321009.27000000235,
              637817.47839999758
            ],
            [
              321016.11440000311,
              637814.71440000087
            ],
            [
              321025.85100000538,
              637812.67320000194
            ],
            [
              321037.67100000195,
              637813.46460000053
            ],
            [
              321043.3554000007,
              637814.2384000048
            ],
            [
              321050.8813000042,
              637816.38950000145
            ],
            [
              321059.65520000458,
              637814.99479999952
            ],
            [
              321063.14860000275,
              637815.70790000074
            ],
            [
              321069.90340000298,
              637817.94970000163
            ],
            [
              321078.94209999964,
              637819.9186000023
            ],
            [
              321084.90150000341,
              637819.95209999941
            ],
            [
              321088.86780000571,
              637821.39839999937
            ],
            [
              321098.88320000283,
              637823.2517000027
            ],
            [
              321102.96240000241,
              637824.98810000159
            ],
            [
              321113.20240000542,
              637829.46939999983
            ],
            [
              321116.45960000157,
              637829.79740000144
            ],
            [
              321117.27250000276,
              637837.18070000224
            ],
            [
              321121.42130000424,
              637841.12380000204
            ],
            [
              321128.6901000049,
              637848.18510000035
            ],
            [
              321131.17520000506,
              637849.17170000263
            ],
            [
              321136.22040000185,
              637852.97010000423
            ],
            [
              321135.6986000035,
              637851.59420000203
            ],
            [
              321141.356200004,
              637852.68410000019
            ],
            [
              321149.40900000092,
              637857.82140000165
            ],
            [
              321158.58179999795,
              637867.46130000427
            ],
            [
              321168.01260000374,
              637868.20769999921
            ],
            [
              321172.10740000196,
              637870.85649999976
            ],
            [
              321182.89660000149,
              637869.01740000024
            ],
            [
              321184.68400000315,
              637868.13220000081
            ],
            [
              321192.00569999963,
              637873.12820000201
            ],
            [
              321199.23930000141,
              637877.64820000157
            ],
            [
              321211.54690000601,
              637878.6798000019
            ],
            [
              321222.70990000293,
              637874.88269999996
            ],
            [
              321225.72440000158,
              637872.96940000355
            ],
            [
              321229.64360000379,
              637870.48189999908
            ],
            [
              321230.91800000239,
              637869.67300000228
            ],
            [
              321233.04530000407,
              637869.74330000207
            ],
            [
              321239.47820000257,
              637869.95580000058
            ],
            [
              321241.76220000256,
              637870.03120000474
            ],
            [
              321249.79130000249,
              637867.94610000029
            ],
            [
              321256.63490000367,
              637866.70859999955
            ],
            [
              321261.50330000278,
              637869.09919999912
            ],
            [
              321264.23560000397,
              637870.27740000747
            ],
            [
              321269.41760000121,
              637872.7081000004
            ],
            [
              321273.28050000407,
              637871.7610000018
            ],
            [
              321279.85430000257,
              637870.9104999993
            ],
            [
              321285.91800000239,
              637875.22680000402
            ],
            [
              321298.56200000178,
              637877.77140000276
            ],
            [
              321308.08410000149,
              637876.8348000031
            ],
            [
              321310.7555000037,
              637876.63290000148
            ],
            [
              321318.77210000157,
              637878.3169000037
            ],
            [
              321331.94510000292,
              637882.73090000264
            ],
            [
              321335.82360000256,
              637886.11160000227
            ],
            [
              321345.33520000242,
              637889.28859999776
            ],
            [
              321354.7835000027,
              637889.84009999782
            ],
            [
              321360.40440000594,
              637895.33190000243
            ],
            [
              321367.60200000275,
              637902.72730000131
            ],
            [
              321369.98040000256,
              637905.44340000115
            ],
            [
              321373.92230000068,
              637908.49950000085
            ],
            [
              321389.64270000253,
              637914.13380000368
            ],
            [
              321397.88540000189,
              637918.32480000146
            ],
            [
              321399.43539999984,
              637917.68970000185
            ],
            [
              321402.32290000282,
              637922.06780000031
            ],
            [
              321402.34260000195,
              637919.77859999985
            ],
            [
              321404.60860000364,
              637922.65130000189
            ],
            [
              321408.87550000288,
              637925.5540000014
            ],
            [
              321406.80580000486,
              637932.05630000122
            ],
            [
              321413.2226000037,
              637935.79180000164
            ],
            [
              321418.24550000206,
              637938.63140000217
            ],
            [
              321427.02100000158,
              637942.97010000236
            ],
            [
              321433.61210000142,
              637940.97519999929
            ],
            [
              321437.5530000031,
              637941.17400000244
            ],
            [
              321441.67350000143,
              637943.07880000025
            ],
            [
              321442.9616000019,
              637943.2191000022
            ],
            [
              321445.19950000383,
              637951.37769999914
            ],
            [
              321451.12050000392,
              637955.42210000381
            ],
            [
              321454.2677000016,
              637961.60270000249
            ],
            [
              321463.39340000227,
              637966.54240000062
            ],
            [
              321469.13230000157,
              637968.55520000122
            ],
            [
              321470.44920000341,
              637968.7332000006
            ],
            [
              321479.88770000543,
              637967.49780000001
            ],
            [
              321491.74450000376,
              637966.81069999747
            ],
            [
              321500.10760000348,
              637968.35110000148
            ],
            [
              321508.40880000126,
              637974.49750000238
            ],
            [
              321515.30680000316,
              637978.40790000185
            ],
            [
              321521.24960000534,
              637982.46200000122
            ],
            [
              321526.35310000461,
              637986.75490000285
            ],
            [
              321531.2369000027,
              637993.47350000404
            ],
            [
              321531.23720000125,
              637992.96160000376
            ],
            [
              321537.61170000397,
              637994.14650000073
            ],
            [
              321544.41250000149,
              637996.24050000124
            ],
            [
              321552.24210000224,
              638002.53810000233
            ],
            [
              321556.59300000407,
              638008.13189999945
            ],
            [
              321558.94830000401,
              638007.49719999917
            ],
            [
              321563.23150000256,
              638015.64010000229
            ],
            [
              321566.08230000269,
              638021.05310000107
            ],
            [
              321577.2155000018,
              638027.02820000239
            ],
            [
              321580.10410000291,
              638033.33530000225
            ],
            [
              321590.43740000203,
              638040.34070000052
            ],
            [
              321593.03530000243,
              638047.86200000159
            ],
            [
              321595.08050000388,
              638051.83960000053
            ],
            [
              321608.30640000105,
              638054.17930000275
            ],
            [
              321616.54220000282,
              638059.3011000026
            ],
            [
              321623.0584000051,
              638062.75900000148
            ],
            [
              321629.57940000296,
              638062.48500000499
            ],
            [
              321643.5072000036,
              638057.13199999928
            ],
            [
              321650.70430000406,
              638057.74950000271
            ],
            [
              321656.33710000291,
              638056.57789999992
            ],
            [
              321665.50210000481,
              638057.44199999981
            ],
            [
              321673.02950000577,
              638059.94730000384
            ],
            [
              321678.44390000403,
              638056.98450000398
            ],
            [
              321678.18850000389,
              638056.66519999877
            ],
            [
              321680.85270000342,
              638055.46550000086
            ],
            [
              321687.09630000219,
              638056.10150000453
            ],
            [
              321693.42800000589,
              638054.09750000387
            ],
            [
              321697.06410000287,
              638054.27859999985
            ],
            [
              321700.34930000268,
              638056.20010000095
            ],
            [
              321702.77670000307,
              638056.40890000015
            ],
            [
              321712.01650000364,
              638054.42020000145
            ],
            [
              321714.243300003,
              638054.70690000057
            ],
            [
              321721.48710000236,
              638046.18680000119
            ],
            [
              321713.66600000579,
              638047.83800000139
            ],
            [
              321702.50370000303,
              638044.53140000254
            ],
            [
              321691.24380000401,
              638045.56080000289
            ],
            [
              321683.48320000246,
              638042.90560000017
            ],
            [
              321676.45660000201,
              638045.60120000131
            ],
            [
              321673.43170000147,
              638047.8543999996
            ]
          ]
        ]
      }
    }
  ]
}