{
  "displayFieldName" : "",
  "fieldAliases" : {
    "FID" : "FID",
    "PMNTN_SPOT" : "PMNTN_SPOT",
    "MNTN_CODE" : "MNTN_CODE",
    "MANAGE_SP1" : "MANAGE_SP1",
    "MANAGE_SP2" : "MANAGE_SP2",
    "DETAIL_SPO" : "DETAIL_SPO",
    "ETC_MATTER" : "ETC_MATTER",
    "MNTN_NM" : "MNTN_NM",
    "PAST_SPOT_" : "PAST_SPOT_",
    "MNTN_ID" : "MNTN_ID"
  },
  "geometryType" : "esriGeometryPoint",
  "spatialReference" : {
    "wkt" : "PROJCS[\"PCS_ITRF2000_TM\",GEOGCS[\"GCS_ITRF_2000\",DATUM[\"D_ITRF_2000\",SPHEROID[\"GRS_1980\",6378137.0,298.257222101]],PRIMEM[\"Greenwich\",0.0],UNIT[\"Degree\",0.0174532925199433]],PROJECTION[\"Transverse_Mercator\"],PARAMETER[\"False_Easting\",200000.0],PARAMETER[\"False_Northing\",600000.0],PARAMETER[\"Central_Meridian\",127.0],PARAMETER[\"Scale_Factor\",1.0],PARAMETER[\"Latitude_Of_Origin\",38.0],UNIT[\"Meter\",1.0]]"
  },
  "fields" : [
    {
      "name" : "FID",
      "type" : "esriFieldTypeOID",
      "alias" : "FID"
    },
    {
      "name" : "PMNTN_SPOT",
      "type" : "esriFieldTypeDouble",
      "alias" : "PMNTN_SPOT"
    },
    {
      "name" : "MNTN_CODE",
      "type" : "esriFieldTypeString",
      "alias" : "MNTN_CODE",
      "length" : 9
    },
    {
      "name" : "MANAGE_SP1",
      "type" : "esriFieldTypeString",
      "alias" : "MANAGE_SP1",
      "length" : 2
    },
    {
      "name" : "MANAGE_SP2",
      "type" : "esriFieldTypeString",
      "alias" : "MANAGE_SP2",
      "length" : 50
    },
    {
      "name" : "DETAIL_SPO",
      "type" : "esriFieldTypeString",
      "alias" : "DETAIL_SPO",
      "length" : 200
    },
    {
      "name" : "ETC_MATTER",
      "type" : "esriFieldTypeString",
      "alias" : "ETC_MATTER",
      "length" : 200
    },
    {
      "name" : "MNTN_NM",
      "type" : "esriFieldTypeString",
      "alias" : "MNTN_NM",
      "length" : 50
    },
    {
      "name" : "PAST_SPOT_",
      "type" : "esriFieldTypeString",
      "alias" : "PAST_SPOT_",
      "length" : 14
    },
    {
      "name" : "MNTN_ID",
      "type" : "esriFieldTypeString",
      "alias" : "MNTN_ID",
      "length" : 10
    }
  ],
  "features" : [
    {
      "attributes" : {
        "FID" : 0,
        "PMNTN_SPOT" : 65158,
        "MNTN_CODE" : "457403501",
        "MANAGE_SP1" : "01",
        "MANAGE_SP2" : "시종점",
        "DETAIL_SPO" : "시종점",
        "ETC_MATTER" : " ",
        "MNTN_NM" : "영태산",
        "PAST_SPOT_" : "4574035010001",
        "MNTN_ID" : "457403501"
      },
      "geometry" : {
        "x" : 234334.05709999986,
        "y" : 334143.05249999836
      }
    },
    {
      "attributes" : {
        "FID" : 1,
        "PMNTN_SPOT" : 65159,
        "MNTN_CODE" : "457403501",
        "MANAGE_SP1" : "01",
        "MANAGE_SP2" : "시종점",
        "DETAIL_SPO" : "시종점",
        "ETC_MATTER" : " ",
        "MNTN_NM" : "영태산",
        "PAST_SPOT_" : "4574035010002",
        "MNTN_ID" : "457403501"
      },
      "geometry" : {
        "x" : 234659.36290000007,
        "y" : 333133.50249999948
      }
    },
    {
      "attributes" : {
        "FID" : 2,
        "PMNTN_SPOT" : 65160,
        "MNTN_CODE" : "457403501",
        "MANAGE_SP1" : "02",
        "MANAGE_SP2" : "분기점",
        "DETAIL_SPO" : "분기점",
        "ETC_MATTER" : " ",
        "MNTN_NM" : "영태산",
        "PAST_SPOT_" : "4574035010003",
        "MNTN_ID" : "457403501"
      },
      "geometry" : {
        "x" : 234961.86300000176,
        "y" : 334173.36800000444
      }
    },
    {
      "attributes" : {
        "FID" : 3,
        "PMNTN_SPOT" : 65161,
        "MNTN_CODE" : "457403501",
        "MANAGE_SP1" : "01",
        "MANAGE_SP2" : "시종점",
        "DETAIL_SPO" : "시종점",
        "ETC_MATTER" : " ",
        "MNTN_NM" : "영태산",
        "PAST_SPOT_" : "4574035010004",
        "MNTN_ID" : "457403501"
      },
      "geometry" : {
        "x" : 235707.29060000088,
        "y" : 333512.88410000317
      }
    },
    {
      "attributes" : {
        "FID" : 4,
        "PMNTN_SPOT" : 65162,
        "MNTN_CODE" : "457403501",
        "MANAGE_SP1" : "02",
        "MANAGE_SP2" : "분기점",
        "DETAIL_SPO" : "분기점",
        "ETC_MATTER" : " ",
        "MNTN_NM" : "영태산",
        "PAST_SPOT_" : "4574035010005",
        "MNTN_ID" : "457403501"
      },
      "geometry" : {
        "x" : 236050.32970000058,
        "y" : 334787.95570000261
      }
    },
    {
      "attributes" : {
        "FID" : 5,
        "PMNTN_SPOT" : 65163,
        "MNTN_CODE" : "457403501",
        "MANAGE_SP1" : "01",
        "MANAGE_SP2" : "시종점",
        "DETAIL_SPO" : "시종점",
        "ETC_MATTER" : " ",
        "MNTN_NM" : "영태산",
        "PAST_SPOT_" : "4574035010006",
        "MNTN_ID" : "457403501"
      },
      "geometry" : {
        "x" : 236817.33000000101,
        "y" : 333961.20199999958
      }
    }
  ]
}