{
  "displayFieldName" : "",
  "fieldAliases" : {
    "FID" : "FID",
    "SAFE_SPOT1" : "SAFE_SPOT1",
    "SAFE_SPOT2" : "SAFE_SPOT2",
    "SAFE_SPOT3" : "SAFE_SPOT3",
    "MGC" : "MGC",
    "ETC_MATTER" : "ETC_MATTER",
    "MNTN_NM" : "MNTN_NM"
  },
  "geometryType" : "esriGeometryPoint",
  "spatialReference" : {
    "wkt" : "PROJCS[\"PCS_ITRF2000_TM\",GEOGCS[\"GCS_ITRF_2000\",DATUM[\"D_ITRF_2000\",SPHEROID[\"GRS_1980\",6378137.0,298.257222101]],PRIMEM[\"Greenwich\",0.0],UNIT[\"Degree\",0.0174532925199433]],PROJECTION[\"Transverse_Mercator\"],PARAMETER[\"False_Easting\",200000.0],PARAMETER[\"False_Northing\",600000.0],PARAMETER[\"Central_Meridian\",127.0],PARAMETER[\"Scale_Factor\",1.0],PARAMETER[\"Latitude_Of_Origin\",38.0],UNIT[\"Meter\",1.0]]"
  },
  "fields" : [
    {
      "name" : "FID",
      "type" : "esriFieldTypeOID",
      "alias" : "FID"
    },
    {
      "name" : "SAFE_SPOT1",
      "type" : "esriFieldTypeDouble",
      "alias" : "SAFE_SPOT1"
    },
    {
      "name" : "SAFE_SPOT2",
      "type" : "esriFieldTypeString",
      "alias" : "SAFE_SPOT2",
      "length" : 50
    },
    {
      "name" : "SAFE_SPOT3",
      "type" : "esriFieldTypeString",
      "alias" : "SAFE_SPOT3",
      "length" : 50
    },
    {
      "name" : "MGC",
      "type" : "esriFieldTypeString",
      "alias" : "MGC",
      "length" : 50
    },
    {
      "name" : "ETC_MATTER",
      "type" : "esriFieldTypeString",
      "alias" : "ETC_MATTER",
      "length" : 200
    },
    {
      "name" : "MNTN_NM",
      "type" : "esriFieldTypeString",
      "alias" : "MNTN_NM",
      "length" : 50
    }
  ],
  "features" : [
    {
      "attributes" : {
        "FID" : 0,
        "SAFE_SPOT1" : 3506,
        "SAFE_SPOT2" : "위치표지목",
        "SAFE_SPOT3" : " ",
        "MGC" : "마산소방서",
        "ETC_MATTER" : " ",
        "MNTN_NM" : "팔용산"
      },
      "geometry" : {
        "x" : 345289.64489999879,
        "y" : 294642.3954000026
      }
    },
    {
      "attributes" : {
        "FID" : 1,
        "SAFE_SPOT1" : 3507,
        "SAFE_SPOT2" : "위치표지목",
        "SAFE_SPOT3" : " ",
        "MGC" : "마산소방서",
        "ETC_MATTER" : " ",
        "MNTN_NM" : "팔용산"
      },
      "geometry" : {
        "x" : 345491.44920000061,
        "y" : 294676.47210000083
      }
    },
    {
      "attributes" : {
        "FID" : 2,
        "SAFE_SPOT1" : 3508,
        "SAFE_SPOT2" : "위치표지목",
        "SAFE_SPOT3" : " ",
        "MGC" : "마산소방서",
        "ETC_MATTER" : " ",
        "MNTN_NM" : "팔용산"
      },
      "geometry" : {
        "x" : 345104.66170000006,
        "y" : 293560.3740000017
      }
    },
    {
      "attributes" : {
        "FID" : 3,
        "SAFE_SPOT1" : 3509,
        "SAFE_SPOT2" : "위치표지목",
        "SAFE_SPOT3" : " ",
        "MGC" : "마산소방서",
        "ETC_MATTER" : " ",
        "MNTN_NM" : "팔용산"
      },
      "geometry" : {
        "x" : 345685.84840000141,
        "y" : 293600.55130000412
      }
    },
    {
      "attributes" : {
        "FID" : 4,
        "SAFE_SPOT1" : 3510,
        "SAFE_SPOT2" : "위치표지목",
        "SAFE_SPOT3" : " ",
        "MGC" : "마산소방서",
        "ETC_MATTER" : " ",
        "MNTN_NM" : "팔용산"
      },
      "geometry" : {
        "x" : 345884.69070000015,
        "y" : 293819.56849999912
      }
    },
    {
      "attributes" : {
        "FID" : 5,
        "SAFE_SPOT1" : 3511,
        "SAFE_SPOT2" : "위치표지목",
        "SAFE_SPOT3" : " ",
        "MGC" : "마산소방서",
        "ETC_MATTER" : " ",
        "MNTN_NM" : "팔용산"
      },
      "geometry" : {
        "x" : 345599.05420000013,
        "y" : 294277.4141000025
      }
    },
    {
      "attributes" : {
        "FID" : 6,
        "SAFE_SPOT1" : 3512,
        "SAFE_SPOT2" : "위치표지목",
        "SAFE_SPOT3" : " ",
        "MGC" : "마산소방서",
        "ETC_MATTER" : " ",
        "MNTN_NM" : "팔용산"
      },
      "geometry" : {
        "x" : 346044.28710000031,
        "y" : 294901.20069999993
      }
    },
    {
      "attributes" : {
        "FID" : 7,
        "SAFE_SPOT1" : 3513,
        "SAFE_SPOT2" : "위치표지목",
        "SAFE_SPOT3" : " ",
        "MGC" : "마산소방서",
        "ETC_MATTER" : " ",
        "MNTN_NM" : "팔용산"
      },
      "geometry" : {
        "x" : 345301.53660000023,
        "y" : 293902.66610000096
      }
    },
    {
      "attributes" : {
        "FID" : 8,
        "SAFE_SPOT1" : 3514,
        "SAFE_SPOT2" : "위치표지목",
        "SAFE_SPOT3" : " ",
        "MGC" : "마산소방서",
        "ETC_MATTER" : " ",
        "MNTN_NM" : "팔용산"
      },
      "geometry" : {
        "x" : 344996.57790000085,
        "y" : 293990.25899999961
      }
    },
    {
      "attributes" : {
        "FID" : 9,
        "SAFE_SPOT1" : 3515,
        "SAFE_SPOT2" : "위치표지목",
        "SAFE_SPOT3" : " ",
        "MGC" : "마산소방서",
        "ETC_MATTER" : " ",
        "MNTN_NM" : "팔용산"
      },
      "geometry" : {
        "x" : 344748.61980000045,
        "y" : 293677.98580000177
      }
    },
    {
      "attributes" : {
        "FID" : 10,
        "SAFE_SPOT1" : 3516,
        "SAFE_SPOT2" : "위치표지목",
        "SAFE_SPOT3" : " ",
        "MGC" : "마산소방서",
        "ETC_MATTER" : " ",
        "MNTN_NM" : "팔용산"
      },
      "geometry" : {
        "x" : 346381.50399999972,
        "y" : 294382.54340000264
      }
    }
  ]
}