{
  "displayFieldName" : "",
  "fieldAliases" : {
    "FID" : "FID",
    "PMNTN_SN" : "PMNTN_SN",
    "MNTN_CODE" : "MNTN_CODE",
    "MNTN_NM" : "MNTN_NM",
    "PMNTN_NM" : "PMNTN_NM",
    "PMNTN_MAIN" : "PMNTN_MAIN",
    "PMNTN_LT" : "PMNTN_LT",
    "PMNTN_DFFL" : "PMNTN_DFFL",
    "PMNTN_UPPL" : "PMNTN_UPPL",
    "PMNTN_GODN" : "PMNTN_GODN",
    "PMNTN_MTRQ" : "PMNTN_MTRQ",
    "PMNTN_CNRL" : "PMNTN_CNRL",
    "PMNTN_CLS_" : "PMNTN_CLS_",
    "PMNTN_RISK" : "PMNTN_RISK",
    "PMNTN_RECO" : "PMNTN_RECO",
    "DATA_STDR_" : "DATA_STDR_",
    "MNTN_ID" : "MNTN_ID"
  },
  "geometryType" : "esriGeometryPolyline",
  "spatialReference" : {
    "wkt" : "PROJCS[\"PCS_ITRF2000_TM\",GEOGCS[\"GCS_ITRF_2000\",DATUM[\"D_ITRF_2000\",SPHEROID[\"GRS_1980\",6378137.0,298.257222101]],PRIMEM[\"Greenwich\",0.0],UNIT[\"Degree\",0.0174532925199433]],PROJECTION[\"Transverse_Mercator\"],PARAMETER[\"False_Easting\",200000.0],PARAMETER[\"False_Northing\",600000.0],PARAMETER[\"Central_Meridian\",127.0],PARAMETER[\"Scale_Factor\",1.0],PARAMETER[\"Latitude_Of_Origin\",38.0],UNIT[\"Meter\",1.0]]"
  },
  "fields" : [
    {
      "name" : "FID",
      "type" : "esriFieldTypeOID",
      "alias" : "FID"
    },
    {
      "name" : "PMNTN_SN",
      "type" : "esriFieldTypeDouble",
      "alias" : "PMNTN_SN"
    },
    {
      "name" : "MNTN_CODE",
      "type" : "esriFieldTypeString",
      "alias" : "MNTN_CODE",
      "length" : 9
    },
    {
      "name" : "MNTN_NM",
      "type" : "esriFieldTypeString",
      "alias" : "MNTN_NM",
      "length" : 50
    },
    {
      "name" : "PMNTN_NM",
      "type" : "esriFieldTypeString",
      "alias" : "PMNTN_NM",
      "length" : 50
    },
    {
      "name" : "PMNTN_MAIN",
      "type" : "esriFieldTypeString",
      "alias" : "PMNTN_MAIN",
      "length" : 200
    },
    {
      "name" : "PMNTN_LT",
      "type" : "esriFieldTypeSingle",
      "alias" : "PMNTN_LT"
    },
    {
      "name" : "PMNTN_DFFL",
      "type" : "esriFieldTypeString",
      "alias" : "PMNTN_DFFL",
      "length" : 8
    },
    {
      "name" : "PMNTN_UPPL",
      "type" : "esriFieldTypeDouble",
      "alias" : "PMNTN_UPPL"
    },
    {
      "name" : "PMNTN_GODN",
      "type" : "esriFieldTypeDouble",
      "alias" : "PMNTN_GODN"
    },
    {
      "name" : "PMNTN_MTRQ",
      "type" : "esriFieldTypeString",
      "alias" : "PMNTN_MTRQ",
      "length" : 200
    },
    {
      "name" : "PMNTN_CNRL",
      "type" : "esriFieldTypeString",
      "alias" : "PMNTN_CNRL",
      "length" : 1
    },
    {
      "name" : "PMNTN_CLS_",
      "type" : "esriFieldTypeString",
      "alias" : "PMNTN_CLS_",
      "length" : 1
    },
    {
      "name" : "PMNTN_RISK",
      "type" : "esriFieldTypeString",
      "alias" : "PMNTN_RISK",
      "length" : 200
    },
    {
      "name" : "PMNTN_RECO",
      "type" : "esriFieldTypeString",
      "alias" : "PMNTN_RECO",
      "length" : 1
    },
    {
      "name" : "DATA_STDR_",
      "type" : "esriFieldTypeString",
      "alias" : "DATA_STDR_",
      "length" : 10
    },
    {
      "name" : "MNTN_ID",
      "type" : "esriFieldTypeString",
      "alias" : "MNTN_ID",
      "length" : 10
    }
  ],
  "features" : [
    {
      "attributes" : {
        "FID" : 0,
        "PMNTN_SN" : 12465,
        "MNTN_CODE" : "468900501",
        "MNTN_NM" : "덕암산",
        "PMNTN_NM" : "대성빌라입구-체육공원,칠인헬기장구간",
        "PMNTN_MAIN" : " ",
        "PMNTN_LT" : 0.84,
        "PMNTN_DFFL" : "쉬움",
        "PMNTN_UPPL" : 15,
        "PMNTN_GODN" : 10,
        "PMNTN_MTRQ" : "토사",
        "PMNTN_CNRL" : " ",
        "PMNTN_CLS_" : " ",
        "PMNTN_RISK" : " ",
        "PMNTN_RECO" : " ",
        "DATA_STDR_" : "2016-12-31",
        "MNTN_ID" : "468900501"
      },
      "geometry" : {
        "paths" : [
          [
            [
              181379.33900000062,
              200245.85649999976
            ],
            [
              181368.53239999991,
              200245.19229999743
            ],
            [
              181365.3572000023,
              200246.40780000202
            ],
            [
              181364.41890000086,
              200249.74610000104
            ],
            [
              181363.72989999969,
              200253.10430000164
            ],
            [
              181364.30929999985,
              200256.03600000218
            ],
            [
              181365.15090000164,
              200258.87430000119
            ],
            [
              181367.21880000085,
              200260.97480000183
            ],
            [
              181369.11199999973,
              200263.32459999993
            ],
            [
              181371.21290000249,
              200266.16009999998
            ],
            [
              181371.56690000091,
              200268.68560000136
            ],
            [
              181371.79440000001,
              200272.10659999959
            ],
            [
              181371.00590000302,
              200275.38460000232
            ],
            [
              181370.8582000006,
              200278.36060000025
            ],
            [
              181370.7024000017,
              200281.49980000034
            ],
            [
              181372.47550000064,
              200283.86309999973
            ],
            [
              181373.04909999948,
              200285.7603999991
            ],
            [
              181373.16740000062,
              200285.8983999975
            ],
            [
              181373.12450000085,
              200285.97500000149
            ],
            [
              181373.14020000119,
              200286.04560000263
            ],
            [
              181372.39890000317,
              200286.66380000673
            ],
            [
              181371.82800000068,
              200288.38890000246
            ],
            [
              181372.83550000004,
              200290.22770000249
            ],
            [
              181376.03770000394,
              200292.12960000336
            ],
            [
              181378.84419999924,
              200294.0318
            ],
            [
              181381.01730000228,
              200296.58449999802
            ],
            [
              181383.43790000118,
              200299.21809999831
            ],
            [
              181386.16660000104,
              200301.16310000233
            ],
            [
              181387.74090000335,
              200301.80080000125
            ],
            [
              181389.43070000131,
              200304.67830000073
            ],
            [
              181392.05990000162,
              200305.99550000019
            ],
            [
              181394.24610000383,
              200307.56030000374
            ],
            [
              181395.5903000012,
              200309.26979999989
            ],
            [
              181397.23550000228,
              200311.80490000173
            ],
            [
              181397.87590000127,
              200315.5829000026
            ],
            [
              181397.64770000055,
              200315.9355999995
            ],
            [
              181396.19070000108,
              200318.39169999957
            ],
            [
              181394.98450000025,
              200320.68890000135
            ],
            [
              181392.13560000062,
              200323.42580000125
            ],
            [
              181390.56850000098,
              200325.47990000062
            ],
            [
              181389.37290000264,
              200327.05089999922
            ],
            [
              181387.92730000149,
              200328.68759999983
            ],
            [
              181385.55380000267,
              200330.45380000025
            ],
            [
              181383.40749999974,
              200330.45340000093
            ],
            [
              181382.14080000017,
              200331.45340000279
            ],
            [
              181381.32749999966,
              200333.90800000355
            ],
            [
              181381.29010000173,
              200335.14479999989
            ],
            [
              181383.23860000074,
              200337.1969000008
            ],
            [
              181386.28390000295,
              200339.79270000197
            ],
            [
              181388.46110000089,
              200341.86020000465
            ],
            [
              181391.13790000137,
              200344.62329999916
            ],
            [
              181393.64280000143,
              200347.73350000195
            ],
            [
              181396.81380000059,
              200353.13100000098
            ],
            [
              181402.4495000001,
              200358.14240000024
            ],
            [
              181405.19780000206,
              200360.14059999958
            ],
            [
              181405.43530000374,
              200361.33550000191
            ],
            [
              181404.90720000304,
              200363.50300000235
            ],
            [
              181403.66540000122,
              200367.73699999973
            ],
            [
              181401.36750000063,
              200368.70230000094
            ],
            [
              181400.00390000083,
              200370.36360000446
            ],
            [
              181398.05480000004,
              200371.71219999902
            ],
            [
              181396.53460000176,
              200374.29940000176
            ],
            [
              181394.18050000351,
              200374.98579999991
            ],
            [
              181389.6436999999,
              200379.03330000117
            ],
            [
              181383.49550000019,
              200383.44790000282
            ],
            [
              181376.47039999999,
              200385.10200000182
            ],
            [
              181369.80410000123,
              200390.0465000011
            ],
            [
              181356.26970000006,
              200397.92290000059
            ],
            [
              181352.41229999997,
              200401.47769999877
            ],
            [
              181348.49909999967,
              200405.83090000041
            ],
            [
              181344.81290000025,
              200408.21960000135
            ],
            [
              181337.78160000127,
              200409.29330000095
            ],
            [
              181330.48260000069,
              200415.90569999814
            ],
            [
              181324.709900002,
              200422.41200000048
            ],
            [
              181319.07629999984,
              200424.43710000068
            ],
            [
              181308.52640000079,
              200426.82130000181
            ],
            [
              181295.16800000053,
              200438.28320000507
            ],
            [
              181288.38499999978,
              200447.12179999985
            ],
            [
              181280.79949999973,
              200450.35469999909
            ],
            [
              181277.26999999955,
              200456.10639999993
            ],
            [
              181275.91050000116,
              200457.71530000307
            ],
            [
              181274.94990000315,
              200459.28600000031
            ],
            [
              181275.40320000332,
              200461.38510000147
            ],
            [
              181276.79070000071,
              200464.05040000193
            ],
            [
              181277.21550000086,
              200466.76250000112
            ],
            [
              181276.30800000019,
              200470.06670000218
            ],
            [
              181276.91729999986,
              200472.82180000097
            ],
            [
              181277.91070000362,
              200475.4504000023
            ],
            [
              181277.95330000017,
              200478.53830000199
            ],
            [
              181276.84030000027,
              200481.67870000191
            ],
            [
              181276.25040000118,
              200484.68499999866
            ],
            [
              181275.74300000072,
              200488.16070000082
            ],
            [
              181275.81400000025,
              200491.81609999947
            ],
            [
              181275.72800000105,
              200495.36950000189
            ],
            [
              181275.441300001,
              200498.46780000068
            ],
            [
              181274.91000000015,
              200501.14570000209
            ],
            [
              181274.04050000105,
              200504.56430000067
            ],
            [
              181273.80560000148,
              200507.59690000303
            ],
            [
              181273.5186999999,
              200510.46710000001
            ],
            [
              181273.70600000024,
              200512.46790000424
            ],
            [
              181273.43330000155,
              200514.91730000451
            ],
            [
              181272.40910000168,
              200518.87380000204
            ],
            [
              181272.15940000117,
              200521.68510000035
            ],
            [
              181272.30950000044,
              200525.30379999988
            ],
            [
              181273.2908000024,
              200528.70840000175
            ],
            [
              181272.33520000242,
              200532.5110000018
            ],
            [
              181271.81880000047,
              200536.36260000244
            ],
            [
              181271.84470000025,
              200539.69959999993
            ],
            [
              181272.19060000032,
              200543.65240000188
            ],
            [
              181272.55190000124,
              200547.472000001
            ],
            [
              181272.52330000047,
              200551.10210000165
            ],
            [
              181271.40730000101,
              200554.5887000002
            ],
            [
              181270.16330000106,
              200557.78590000235
            ],
            [
              181270.39080000389,
              200562.15200000443
            ],
            [
              181271.02469999995,
              200565.07840000093
            ],
            [
              181270.38310000021,
              200568.73240000382
            ],
            [
              181268.76059999969,
              200571.84009999968
            ],
            [
              181267.50519999955,
              200575.85030000284
            ],
            [
              181266.63119999971,
              200579.28610000387
            ],
            [
              181265.29550000187,
              200582.52850000001
            ],
            [
              181263.17150000297,
              200587.09900000319
            ],
            [
              181260.4282999998,
              200592.11529999971
            ],
            [
              181259.88350000326,
              200594.23139999993
            ],
            [
              181260.36510000098,
              200597.77800000459
            ],
            [
              181261.70020000171,
              200600.52090000175
            ],
            [
              181260.57529999968,
              200603.96240000241
            ],
            [
              181259.25590000022,
              200605.62990000099
            ],
            [
              181257.33380000386,
              200608.03010000102
            ],
            [
              181254.15730000287,
              200609.83600000106
            ],
            [
              181250.13069999963,
              200615.82290000282
            ],
            [
              181246.42920000199,
              200619.90510000102
            ],
            [
              181241.44520000368,
              200624.34359999932
            ],
            [
              181237.67850000039,
              200628.14159999974
            ],
            [
              181231.98170000128,
              200634.27260000259
            ],
            [
              181229.11670000106,
              200636.60319999978
            ],
            [
              181226.82030000258,
              200638.28690000065
            ],
            [
              181223.43020000309,
              200641.52700000256
            ],
            [
              181213.38949999958,
              200659.97800000012
            ],
            [
              181207.38609999977,
              200666.2081000004
            ],
            [
              181202.81060000136,
              200671.34990000166
            ],
            [
              181200.12020000163,
              200679.88770000078
            ],
            [
              181193.82760000229,
              200684.67750000022
            ],
            [
              181190.30500000343,
              200689.81230000034
            ],
            [
              181188.00060000084,
              200692.24090000242
            ],
            [
              181186.06040000077,
              200694.49080000259
            ],
            [
              181184.16820000019,
              200696.93600000069
            ],
            [
              181181.10369999986,
              200699.80730000325
            ],
            [
              181178.96660000086,
              200701.54250000231
            ],
            [
              181177.03249999974,
              200703.48490000144
            ],
            [
              181174.74590000417,
              200705.41270000115
            ],
            [
              181172.78340000007,
              200715.56680000387
            ],
            [
              181172.19660000131,
              200719.86009999923
            ],
            [
              181170.54760000017,
              200728.23900000192
            ],
            [
              181169.51160000078,
              200735.27950000204
            ],
            [
              181165.62170000095,
              200740.12430000305
            ],
            [
              181164.78610000107,
              200747.62780000456
            ],
            [
              181164.93530000094,
              200750.35419999994
            ],
            [
              181165.43699999992,
              200753.99090000056
            ],
            [
              181165.1501000002,
              200757.80330000073
            ],
            [
              181164.67550000083,
              200762.63480000198
            ],
            [
              181164.63480000105,
              200765.99440000392
            ],
            [
              181164.50079999957,
              200769.20190000162
            ],
            [
              181164.64950000215,
              200772.58730000444
            ],
            [
              181164.91270000208,
              200776.55200000107
            ],
            [
              181164.84950000327,
              200778.98540000245
            ],
            [
              181164.83999999985,
              200782.91310000047
            ],
            [
              181164.72790000215,
              200786.14229999855
            ],
            [
              181164.85490000062,
              200789.43110000342
            ],
            [
              181165.14240000211,
              200792.56440000236
            ],
            [
              181166.21970000211,
              200795.34910000116
            ],
            [
              181166.74660000019,
              200798.4533000011
            ],
            [
              181165.90090000164,
              200802.04419999942
            ],
            [
              181166.37600000203,
              200805.23410000093
            ],
            [
              181167.28710000124,
              200807.73619999923
            ],
            [
              181167.38540000003,
              200810.40870000236
            ],
            [
              181167.61940000113,
              200813.55910000205
            ],
            [
              181167.25800000131,
              200817
            ],
            [
              181166.34080000035,
              200820.65090000443
            ],
            [
              181165.10960000008,
              200823.87100000121
            ],
            [
              181163.76570000406,
              200827.40090000071
            ],
            [
              181162.89910000097,
              200830.77400000021
            ],
            [
              181162.21559999976,
              200834.39770000242
            ],
            [
              181161.79800000228,
              200837.55140000209
            ],
            [
              181161.11810000055,
              200841.95030000433
            ],
            [
              181161.22649999987,
              200844.64660000242
            ],
            [
              181160.56510000024,
              200846.88510000333
            ],
            [
              181159.73500000127,
              200850.99320000224
            ],
            [
              181159.29420000035,
              200852.70270000398
            ],
            [
              181158.03560000099,
              200856.34180000238
            ],
            [
              181158.06560000032,
              200857.71130000055
            ],
            [
              181157.67010000162,
              200858.71320000105
            ],
            [
              181157.48260000069,
              200858.91890000179
            ],
            [
              181157.61029999983,
              200861.1146000009
            ],
            [
              181158.33970000036,
              200862.61990000308
            ],
            [
              181158.27539999969,
              200865.86070000008
            ],
            [
              181155.9199000001,
              200866.78690000065
            ],
            [
              181154.79449999984,
              200868.05120000429
            ],
            [
              181153.88609999884,
              200869.17290000245
            ],
            [
              181153.91150000039,
              200871.63020000048
            ],
            [
              181154.9476000024,
              200872.93979999796
            ],
            [
              181156.74610000104,
              200874.10510000214
            ],
            [
              181158.12980000023,
              200875.99730000272
            ],
            [
              181158.10850000009,
              200877.50779999979
            ],
            [
              181157.58690000325,
              200878.625
            ],
            [
              181157.53150000237,
              200881.36390000023
            ],
            [
              181157.50790000148,
              200883.25749999844
            ],
            [
              181156.82189999986,
              200885.02930000424
            ],
            [
              181154.95330000296,
              200887.03260000423
            ],
            [
              181153.36990000121,
              200888.46020000055
            ],
            [
              181152.03619999997,
              200890.45229999907
            ],
            [
              181150.39720000047,
              200892.11740000546
            ],
            [
              181148.7665000027,
              200893.22800000198
            ],
            [
              181148.10770000145,
              200895.37200000137
            ],
            [
              181146.95600000117,
              200898.12130000256
            ],
            [
              181145.31070000213,
              200899.88859999925
            ],
            [
              181144.73809999973,
              200900.14299999923
            ],
            [
              181143.81130000018,
              200900.70050000213
            ],
            [
              181142.99190000165,
              200901.47620000318
            ],
            [
              181142.91830000095,
              200901.70630000159
            ],
            [
              181142.94740000274,
              200901.71160000004
            ],
            [
              181142.76250000205,
              200901.93920000456
            ],
            [
              181141.41670000181,
              200902.46490000188
            ],
            [
              181140.8189000003,
              200903.82259999961
            ],
            [
              181140.18710000068,
              200904.87649999931
            ],
            [
              181140.17590000201,
              200905.72509999759
            ],
            [
              181139.80920000095,
              200906.12629999965
            ],
            [
              181138.89900000021,
              200907.17180000246
            ],
            [
              181138.90450000018,
              200907.79390000366
            ],
            [
              181139.22200000286,
              200909.5594000034
            ]
          ]
        ]
      }
    },
    {
      "attributes" : {
        "FID" : 1,
        "PMNTN_SN" : 12466,
        "MNTN_CODE" : "468900501",
        "MNTN_NM" : "덕암산",
        "PMNTN_NM" : "대성빌라입구-체육공원,칠인헬기장구간",
        "PMNTN_MAIN" : " ",
        "PMNTN_LT" : 0.64,
        "PMNTN_DFFL" : "쉬움",
        "PMNTN_UPPL" : 12,
        "PMNTN_GODN" : 8,
        "PMNTN_MTRQ" : "토사",
        "PMNTN_CNRL" : " ",
        "PMNTN_CLS_" : " ",
        "PMNTN_RISK" : " ",
        "PMNTN_RECO" : " ",
        "DATA_STDR_" : "2016-12-31",
        "MNTN_ID" : "468900501"
      },
      "geometry" : {
        "paths" : [
          [
            [
              181139.22200000286,
              200909.5594000034
            ],
            [
              181138.11500000022,
              200909.32510000095
            ],
            [
              181136.43640000001,
              200910.21650000103
            ],
            [
              181135.4617000008,
              200912.39269999973
            ],
            [
              181133.74390000105,
              200913.33760000207
            ],
            [
              181131.0278000012,
              200915.09689999931
            ],
            [
              181129.81310000084,
              200915.96619999968
            ],
            [
              181129.75590000115,
              200916.23900000192
            ],
            [
              181128.97310000286,
              200916.4577000048
            ],
            [
              181126.88109999895,
              200917.55599999987
            ],
            [
              181123.73500000127,
              200917.14180000313
            ],
            [
              181123.1342000002,
              200917.41260000132
            ],
            [
              181121.85050000064,
              200916.48240000196
            ],
            [
              181119.34060000069,
              200915.76590000093
            ],
            [
              181117.21289999969,
              200915.61130000092
            ],
            [
              181115.74230000097,
              200917.39980000071
            ],
            [
              181113.61050000228,
              200921.50060000271
            ],
            [
              181111.68840000127,
              200920.91520000622
            ],
            [
              181108.90080000274,
              200919.11000000313
            ],
            [
              181105.68410000205,
              200917.38640000112
            ],
            [
              181103.60760000162,
              200918.33610000275
            ],
            [
              181101.46899999958,
              200919.86510000005
            ],
            [
              181099.06200000364,
              200921.56580000184
            ],
            [
              181098.39690000005,
              200922.37650000304
            ],
            [
              181096.66870000307,
              200922.74090000242
            ],
            [
              181095.31070000026,
              200922.25370000303
            ],
            [
              181093.4963000007,
              200921.00940000266
            ],
            [
              181091.14550000057,
              200920.52820000239
            ],
            [
              181088.80099999998,
              200921.91929999925
            ],
            [
              181086.83249999862,
              200923.25740000047
            ],
            [
              181083.9132000003,
              200924.96150000021
            ],
            [
              181082.01360000111,
              200925.76979999989
            ],
            [
              181080.26980000269,
              200926.94320000149
            ],
            [
              181077.78230000008,
              200927.81360000186
            ],
            [
              181076.06489999965,
              200928.32990000211
            ],
            [
              181074.73080000095,
              200930.44409999996
            ],
            [
              181072.82690000162,
              200930.93260000087
            ],
            [
              181071.39440000057,
              200933.40420000069
            ],
            [
              181071.28299999982,
              200936.65670000017
            ],
            [
              181070.40660000313,
              200938.76080000214
            ],
            [
              181069.03120000008,
              200941.06410000287
            ],
            [
              181066.44940000027,
              200940.51750000194
            ],
            [
              181064.79840000253,
              200939.65330000408
            ],
            [
              181062.37280000001,
              200940.48110000417
            ],
            [
              181060.01050000079,
              200942.23289999925
            ],
            [
              181059.1305000009,
              200944.03620000184
            ],
            [
              181057.4578999998,
              200945.85810000077
            ],
            [
              181054.70130000263,
              200947.80859999917
            ],
            [
              181052.20920000412,
              200949.01960000023
            ],
            [
              181049.98340000119,
              200951.82280000299
            ],
            [
              181049.59930000082,
              200955.86320000142
            ],
            [
              181047.62520000152,
              200958.0196000021
            ],
            [
              181043.59590000007,
              200959.24510000087
            ],
            [
              181041.29840000346,
              200955.49690000154
            ],
            [
              181037.82510000374,
              200955.28810000047
            ],
            [
              181035.3405000018,
              200953.27690000087
            ],
            [
              181033.21679999959,
              200950.84640000015
            ],
            [
              181029.41889999993,
              200950.70720000193
            ],
            [
              181026.81900000107,
              200948.94899999909
            ],
            [
              181023.92939999979,
              200948.19790000096
            ],
            [
              181021.74280000199,
              200947.24090000242
            ],
            [
              181019.75910000131,
              200947.64890000224
            ],
            [
              181018.83370000031,
              200950.98570000194
            ],
            [
              181018.36490000226,
              200952.14310000278
            ],
            [
              181017.14730000123,
              200954.94129999913
            ],
            [
              181014.91340000089,
              200957.74740000069
            ],
            [
              181012.28519999981,
              200958.74910000153
            ],
            [
              181010.47910000384,
              200958.4140000008
            ],
            [
              181008.65300000273,
              200960.7797000017
            ],
            [
              181006.98930000234,
              200962.13409999944
            ],
            [
              181006.42290000059,
              200964.64640000463
            ],
            [
              181006.36910000071,
              200969.19710000046
            ],
            [
              181006.20399999991,
              200971.6219000034
            ],
            [
              181004.02890000213,
              200973.41490000114
            ],
            [
              181000.61270000227,
              200974.85239999928
            ],
            [
              180997.06300000101,
              200974.95370000042
            ],
            [
              180994.10049999878,
              200974.2882000003
            ],
            [
              180991.57299999986,
              200972.83620000258
            ],
            [
              180988.80800000019,
              200972.37529999949
            ],
            [
              180983.13889999967,
              200973.5287000034
            ],
            [
              180982.03110000025,
              200976.70360000059
            ],
            [
              180979.05240000412,
              200979.67010000162
            ],
            [
              180976.5913000023,
              200982.27529999986
            ],
            [
              180974.05109999981,
              200984.13189999945
            ],
            [
              180972.3236000007,
              200986.24349999987
            ],
            [
              180970.71220000088,
              200988.10380000435
            ],
            [
              180965.60790000018,
              200993.45270000026
            ],
            [
              180963.21320000105,
              200995.7311000023
            ],
            [
              180961.3768000016,
              200999.13719999976
            ],
            [
              180958.09690000024,
              201001.01479999907
            ],
            [
              180956.67020000052,
              201002.23020000011
            ],
            [
              180955.83380000386,
              201003.78620000184
            ],
            [
              180953.86360000167,
              201005.39990000427
            ],
            [
              180952.96700000111,
              201007.91040000319
            ],
            [
              180952.22910000104,
              201011.04340000264
            ],
            [
              180950.83600000013,
              201012.32960000075
            ],
            [
              180948.70860000141,
              201012.7688999977
            ],
            [
              180946.03600000311,
              201013.85190000385
            ],
            [
              180943.72700000089,
              201015.54590000026
            ],
            [
              180943.36990000214,
              201017.83400000073
            ],
            [
              180942.35390000138,
              201020.60939999856
            ],
            [
              180940.98000000045,
              201022.75999999791
            ],
            [
              180938.47130000405,
              201024.36290000565
            ],
            [
              180934.05640000291,
              201026.01740000211
            ],
            [
              180932.33270000014,
              201027.00520000421
            ],
            [
              180930.1054000007,
              201027.43789999932
            ],
            [
              180923.78440000024,
              201030.19490000233
            ],
            [
              180921.20280000381,
              201031.17799999751
            ],
            [
              180917.64380000252,
              201032.37110000104
            ],
            [
              180914.01799999923,
              201033.04590000398
            ],
            [
              180911.46580000129,
              201035.80070000142
            ],
            [
              180909.02530000266,
              201037.55620000139
            ],
            [
              180906.12509999983,
              201037.88830000162
            ],
            [
              180904.48199999984,
              201038.35019999743
            ],
            [
              180902.28090000339,
              201038.85960000195
            ],
            [
              180899.50510000065,
              201040.26530000009
            ],
            [
              180896.09450000245,
              201041.02099999972
            ],
            [
              180893.93990000058,
              201042.92880000174
            ],
            [
              180892.10140000004,
              201046.32269999944
            ],
            [
              180889.44200000074,
              201047.25280000269
            ],
            [
              180886.81970000267,
              201049.00669999793
            ],
            [
              180885.59740000032,
              201051.66540000029
            ],
            [
              180883.52130000386,
              201053.34050000086
            ],
            [
              180880.46019999962,
              201055.78859999962
            ],
            [
              180877.90530000255,
              201056.5867999997
            ],
            [
              180877.40520000085,
              201059.00210000016
            ],
            [
              180877.75570000056,
              201061.61130000092
            ],
            [
              180876.80879999977,
              201063.59520000406
            ],
            [
              180875.72860000376,
              201065.14440000243
            ],
            [
              180874.25110000093,
              201067.10930000246
            ],
            [
              180874.96989999991,
              201069.46340000071
            ],
            [
              180877.22670000326,
              201071.67400000244
            ],
            [
              180879.50310000032,
              201074.00679999962
            ],
            [
              180880.28160000313,
              201075.67510000244
            ],
            [
              180881.32990000118,
              201077.24159999937
            ],
            [
              180880.31280000228,
              201079.89589999802
            ],
            [
              180877.86260000058,
              201082.28520000167
            ],
            [
              180876.46790000051,
              201084.7388000004
            ],
            [
              180874.67330000177,
              201087.17940000445
            ],
            [
              180872.87559999991,
              201090.05610000342
            ],
            [
              180872.44520000275,
              201091.98490000144
            ],
            [
              180873.06560000125,
              201094.13360000029
            ],
            [
              180873.11930000037,
              201097.23489999957
            ],
            [
              180872.54710000195,
              201100.3122000061
            ],
            [
              180872.95400000177,
              201102.82980000041
            ],
            [
              180870.77600000054,
              201104.6296000015
            ],
            [
              180869.0214999998,
              201106.56320000254
            ],
            [
              180868.40200000349,
              201109.23580000177
            ],
            [
              180868.80470000021,
              201112.50530000031
            ],
            [
              180868.28730000183,
              201115.85329999961
            ],
            [
              180867.06250000093,
              201118.38340000436
            ],
            [
              180867.31920000073,
              201120.59840000235
            ],
            [
              180867.19670000114,
              201123.80690000206
            ],
            [
              180867.27170000225,
              201127.32670000196
            ],
            [
              180866.15880000405,
              201129.24720000289
            ],
            [
              180864.96220000181,
              201133.03760000132
            ],
            [
              180863.99370000046,
              201136.09990000166
            ],
            [
              180864.76820000354,
              201138.98830000125
            ],
            [
              180864.15640000161,
              201141.04830000177
            ],
            [
              180863.98950000014,
              201143.94550000317
            ],
            [
              180863.43680000305,
              201143.7928000018
            ],
            [
              180861.30330000259,
              201145.59479999915
            ],
            [
              180859.5392000014,
              201147.8302000016
            ],
            [
              180858.83690000046,
              201149.97470000386
            ],
            [
              180857.52740000095,
              201151.9597000014
            ],
            [
              180856.18499999959,
              201153.91040000133
            ],
            [
              180854.67069999967,
              201155.94170000032
            ],
            [
              180853.29490000196,
              201158.07519999892
            ],
            [
              180853.19039999973,
              201160.38849999942
            ],
            [
              180852.60960000008,
              201162.12329999916
            ],
            [
              180845.96340000071,
              201168.10800000094
            ],
            [
              180840.43290000129,
              201175.56530000269
            ],
            [
              180838.17360000405,
              201180.37240000255
            ],
            [
              180837.17430000193,
              201186.12310000136
            ],
            [
              180839.04600000381,
              201190.49070000276
            ],
            [
              180840.78420000244,
              201192.97240000218
            ],
            [
              180841.25260000117,
              201195.18870000169
            ],
            [
              180841.82390000112,
              201196.95570000261
            ],
            [
              180841.15600000136,
              201200.7265000008
            ],
            [
              180842.45010000095,
              201203.74010000005
            ],
            [
              180843.5932,
              201206.31939999945
            ],
            [
              180844.52359999996,
              201208.59550000168
            ],
            [
              180844.77960000001,
              201211.99660000205
            ],
            [
              180845.73739999998,
              201214.91080000438
            ],
            [
              180846.26510000415,
              201218.93140000105
            ],
            [
              180844.28350000083,
              201221.79710000381
            ],
            [
              180843.11600000039,
              201224.3414000012
            ],
            [
              180845.07580000069,
              201230.56300000101
            ],
            [
              180846.5223000003,
              201233.81589999981
            ],
            [
              180846.53910000343,
              201236.82239999995
            ],
            [
              180847.62870000023,
              201243.18510000035
            ],
            [
              180848.92650000192,
              201247.59659999982
            ],
            [
              180850.53249999974,
              201252.01650000177
            ],
            [
              180849.3142000027,
              201259.09520000219
            ],
            [
              180850.46280000173,
              201261.75840000063
            ],
            [
              180850.77050000057,
              201264.76790000126
            ],
            [
              180849.07660000026,
              201268.30409999937
            ],
            [
              180846.68120000046,
              201271.77640000358
            ],
            [
              180845.92129999958,
              201275.3331000004
            ],
            [
              180845.51540000085,
              201279.02450000122
            ],
            [
              180843.93900000025,
              201282.5390000008
            ],
            [
              180843.4355000034,
              201286.79649999924
            ],
            [
              180843.40850000083,
              201289.79990000464
            ],
            [
              180844.21910000127,
              201294.25970000029
            ],
            [
              180843.55990000162,
              201298.64800000191
            ],
            [
              180842.66930000111,
              201303.38220000081
            ],
            [
              180842.5101000024,
              201306.03920000046
            ],
            [
              180841.9821000006,
              201309.29140000418
            ],
            [
              180842.40150000341,
              201311.19020000286
            ],
            [
              180842.20540000126,
              201314.80199999921
            ]
          ]
        ]
      }
    },
    {
      "attributes" : {
        "FID" : 2,
        "PMNTN_SN" : 12467,
        "MNTN_CODE" : "468900501",
        "MNTN_NM" : "덕암산",
        "PMNTN_NM" : "대성빌라입구-체육공원,칠인헬기장구간",
        "PMNTN_MAIN" : " ",
        "PMNTN_LT" : 0.17,
        "PMNTN_DFFL" : "쉬움",
        "PMNTN_UPPL" : 3,
        "PMNTN_GODN" : 2,
        "PMNTN_MTRQ" : "토사",
        "PMNTN_CNRL" : " ",
        "PMNTN_CLS_" : " ",
        "PMNTN_RISK" : " ",
        "PMNTN_RECO" : " ",
        "DATA_STDR_" : "2016-12-31",
        "MNTN_ID" : "468900501"
      },
      "geometry" : {
        "paths" : [
          [
            [
              181139.22200000286,
              200909.5594000034
            ],
            [
              181139.34729999956,
              200910.25630000234
            ],
            [
              181138.23110000044,
              200913.38930000179
            ],
            [
              181138.23110000044,
              200913.38930000179
            ],
            [
              181138.24510000087,
              200915.15070000663
            ],
            [
              181139.06209999975,
              200916.35869999789
            ],
            [
              181140.02990000043,
              200917.67330000363
            ],
            [
              181140.47970000003,
              200918.67360000126
            ],
            [
              181141.94440000132,
              200920.79360000417
            ],
            [
              181142.80550000072,
              200922.83029999956
            ],
            [
              181144.21730000153,
              200924.67660000175
            ],
            [
              181145.69380000327,
              200926.07269999944
            ],
            [
              181147.68290000036,
              200927.97949999943
            ],
            [
              181149.64210000262,
              200929.49340000004
            ],
            [
              181151.23760000058,
              200930.68180000037
            ],
            [
              181154.24480000045,
              200933.55810000002
            ],
            [
              181156.85759999976,
              200936.99599999934
            ],
            [
              181159.16760000121,
              200939.38350000046
            ],
            [
              181159.3515999997,
              200941.00130000152
            ],
            [
              181158.2033000011,
              200943.68860000186
            ],
            [
              181157.19790000189,
              200945.2517000027
            ],
            [
              181156.11020000186,
              200946.42580000125
            ],
            [
              181155.90919999965,
              200948.10290000029
            ],
            [
              181156.49650000036,
              200951.36730000004
            ],
            [
              181156.83239999972,
              200952.66090000235
            ],
            [
              181156.80040000007,
              200954.06760000251
            ],
            [
              181157.50260000024,
              200955.6232000012
            ],
            [
              181158.98699999973,
              200957.92240000144
            ],
            [
              181160.80660000071,
              200959.6202000007
            ],
            [
              181161.57890000194,
              200961.27889999934
            ],
            [
              181163.47630000114,
              200961.68010000139
            ],
            [
              181165.44139999989,
              200963.41540000029
            ],
            [
              181166.01680000033,
              200965.48000000045
            ],
            [
              181166.35190000013,
              200967.22900000401
            ],
            [
              181168.41990000103,
              200969.37910000049
            ],
            [
              181171.0887000002,
              200970.51649999991
            ],
            [
              181173.94920000061,
              200970.75050000101
            ],
            [
              181175.49480000045,
              200972.70150000043
            ],
            [
              181176.21740000043,
              200975.33720000088
            ],
            [
              181177.2862000009,
              200978.11130000278
            ],
            [
              181177.19440000132,
              200981.50340000354
            ],
            [
              181176.12840000074,
              200984.88750000112
            ],
            [
              181176.06960000098,
              200987.58350000158
            ],
            [
              181178.5960999988,
              200989.58589999937
            ],
            [
              181181.15490000229,
              200990.94260000065
            ],
            [
              181183.41280000191,
              200992.41889999993
            ],
            [
              181184.63210000005,
              200995.23550000042
            ],
            [
              181185.18130000122,
              200997.27910000086
            ],
            [
              181184.88380000275,
              201000.11910000257
            ],
            [
              181184.83980000019,
              201001.73829999939
            ],
            [
              181184.50870000012,
              201004.0530999992
            ],
            [
              181185.5203000037,
              201009.34570000134
            ],
            [
              181186.92320000194,
              201011.91740000248
            ],
            [
              181188.82540000137,
              201015.07330000401
            ],
            [
              181190.53560000379,
              201017.66890000179
            ],
            [
              181191.8928000005,
              201021.42450000159
            ],
            [
              181193.08270000387,
              201023.79130000249
            ],
            [
              181193.75989999995,
              201025.16400000267
            ],
            [
              181194.73659999948,
              201026.64070000127
            ],
            [
              181195.61070000194,
              201029.21309999935
            ],
            [
              181196.77229999937,
              201031.05160000175
            ],
            [
              181199.72580000106,
              201032.41240000166
            ],
            [
              181202.09800000209,
              201033.63130000047
            ],
            [
              181204.24550000299,
              201034.35810000077
            ],
            [
              181206.52330000047,
              201035.43320000358
            ],
            [
              181208.86500000115,
              201035.74190000445
            ],
            [
              181211.13820000086,
              201036.08220000006
            ],
            [
              181213.30850000121,
              201038.18730000034
            ],
            [
              181214.73160000239,
              201040.69449999928
            ],
            [
              181215.20220000297,
              201041.93729999848
            ],
            [
              181215.23230000399,
              201041.95000000298
            ]
          ]
        ]
      }
    }
  ]
}