{
  "displayFieldName" : "",
  "fieldAliases" : {
    "FID" : "FID",
    "PMNTN_SPOT" : "PMNTN_SPOT",
    "MNTN_CODE" : "MNTN_CODE",
    "MANAGE_SP1" : "MANAGE_SP1",
    "MANAGE_SP2" : "MANAGE_SP2",
    "DETAIL_SPO" : "DETAIL_SPO",
    "ETC_MATTER" : "ETC_MATTER",
    "MNTN_NM" : "MNTN_NM",
    "PAST_SPOT_" : "PAST_SPOT_",
    "MNTN_ID" : "MNTN_ID"
  },
  "geometryType" : "esriGeometryPoint",
  "spatialReference" : {
    "wkt" : "PROJCS[\"PCS_ITRF2000_TM\",GEOGCS[\"GCS_ITRF_2000\",DATUM[\"D_ITRF_2000\",SPHEROID[\"GRS_1980\",6378137.0,298.257222101]],PRIMEM[\"Greenwich\",0.0],UNIT[\"Degree\",0.0174532925199433]],PROJECTION[\"Transverse_Mercator\"],PARAMETER[\"False_Easting\",200000.0],PARAMETER[\"False_Northing\",600000.0],PARAMETER[\"Central_Meridian\",127.0],PARAMETER[\"Scale_Factor\",1.0],PARAMETER[\"Latitude_Of_Origin\",38.0],UNIT[\"Meter\",1.0]]"
  },
  "fields" : [
    {
      "name" : "FID",
      "type" : "esriFieldTypeOID",
      "alias" : "FID"
    },
    {
      "name" : "PMNTN_SPOT",
      "type" : "esriFieldTypeDouble",
      "alias" : "PMNTN_SPOT"
    },
    {
      "name" : "MNTN_CODE",
      "type" : "esriFieldTypeString",
      "alias" : "MNTN_CODE",
      "length" : 9
    },
    {
      "name" : "MANAGE_SP1",
      "type" : "esriFieldTypeString",
      "alias" : "MANAGE_SP1",
      "length" : 2
    },
    {
      "name" : "MANAGE_SP2",
      "type" : "esriFieldTypeString",
      "alias" : "MANAGE_SP2",
      "length" : 50
    },
    {
      "name" : "DETAIL_SPO",
      "type" : "esriFieldTypeString",
      "alias" : "DETAIL_SPO",
      "length" : 200
    },
    {
      "name" : "ETC_MATTER",
      "type" : "esriFieldTypeString",
      "alias" : "ETC_MATTER",
      "length" : 200
    },
    {
      "name" : "MNTN_NM",
      "type" : "esriFieldTypeString",
      "alias" : "MNTN_NM",
      "length" : 50
    },
    {
      "name" : "PAST_SPOT_",
      "type" : "esriFieldTypeString",
      "alias" : "PAST_SPOT_",
      "length" : 14
    },
    {
      "name" : "MNTN_ID",
      "type" : "esriFieldTypeString",
      "alias" : "MNTN_ID",
      "length" : 10
    }
  ],
  "features" : [
    {
      "attributes" : {
        "FID" : 0,
        "PMNTN_SPOT" : 22382,
        "MNTN_CODE" : "427702301",
        "MANAGE_SP1" : "01",
        "MANAGE_SP2" : "시종점",
        "DETAIL_SPO" : "시종점",
        "ETC_MATTER" : " ",
        "MNTN_NM" : "도름산",
        "PAST_SPOT_" : "4277023010001",
        "MNTN_ID" : "427702301"
      },
      "geometry" : {
        "x" : 366391.19620001689,
        "y" : 547583.18350000493
      }
    },
    {
      "attributes" : {
        "FID" : 1,
        "PMNTN_SPOT" : 22383,
        "MNTN_CODE" : "427702301",
        "MANAGE_SP1" : "01",
        "MANAGE_SP2" : "시종점",
        "DETAIL_SPO" : "시종점",
        "ETC_MATTER" : " ",
        "MNTN_NM" : "도름산",
        "PAST_SPOT_" : "4277023010002",
        "MNTN_ID" : "427702301"
      },
      "geometry" : {
        "x" : 366756.24110001605,
        "y" : 548890.98829999939
      }
    },
    {
      "attributes" : {
        "FID" : 2,
        "PMNTN_SPOT" : 22384,
        "MNTN_CODE" : "427702301",
        "MANAGE_SP1" : "23",
        "MANAGE_SP2" : "정상",
        "DETAIL_SPO" : "훼손,정상부,묘지,감시탑",
        "ETC_MATTER" : " ",
        "MNTN_NM" : "도름산",
        "PAST_SPOT_" : "4277023010003",
        "MNTN_ID" : "427702301"
      },
      "geometry" : {
        "x" : 366238.70310003031,
        "y" : 548488.60400000401
      }
    },
    {
      "attributes" : {
        "FID" : 3,
        "PMNTN_SPOT" : 22385,
        "MNTN_CODE" : "427702301",
        "MANAGE_SP1" : "14",
        "MANAGE_SP2" : "조망점",
        "DETAIL_SPO" : "조망점",
        "ETC_MATTER" : "벤치필요",
        "MNTN_NM" : "도름산",
        "PAST_SPOT_" : "4277023010004",
        "MNTN_ID" : "427702301"
      },
      "geometry" : {
        "x" : 366146.34960002545,
        "y" : 548511.85590000264
      }
    },
    {
      "attributes" : {
        "FID" : 4,
        "PMNTN_SPOT" : 22386,
        "MNTN_CODE" : "427702301",
        "MANAGE_SP1" : "15",
        "MANAGE_SP2" : "훼손지",
        "DETAIL_SPO" : "훼손",
        "ETC_MATTER" : " ",
        "MNTN_NM" : "도름산",
        "PAST_SPOT_" : "4277023010005",
        "MNTN_ID" : "427702301"
      },
      "geometry" : {
        "x" : 366122.68830002937,
        "y" : 548607.60590000078
      }
    },
    {
      "attributes" : {
        "FID" : 5,
        "PMNTN_SPOT" : 22387,
        "MNTN_CODE" : "427702301",
        "MANAGE_SP1" : "99",
        "MANAGE_SP2" : "기타",
        "DETAIL_SPO" : "쉼터",
        "ETC_MATTER" : "벤치필요",
        "MNTN_NM" : "도름산",
        "PAST_SPOT_" : "4277023010006",
        "MNTN_ID" : "427702301"
      },
      "geometry" : {
        "x" : 366095.80620003026,
        "y" : 548697.68380000256
      }
    },
    {
      "attributes" : {
        "FID" : 6,
        "PMNTN_SPOT" : 22388,
        "MNTN_CODE" : "427702301",
        "MANAGE_SP1" : "15",
        "MANAGE_SP2" : "훼손지",
        "DETAIL_SPO" : "훼손",
        "ETC_MATTER" : " ",
        "MNTN_NM" : "도름산",
        "PAST_SPOT_" : "4277023010007",
        "MNTN_ID" : "427702301"
      },
      "geometry" : {
        "x" : 366128.8033000296,
        "y" : 548761.128800001
      }
    },
    {
      "attributes" : {
        "FID" : 7,
        "PMNTN_SPOT" : 22389,
        "MNTN_CODE" : "427702301",
        "MANAGE_SP1" : "99",
        "MANAGE_SP2" : "기타",
        "DETAIL_SPO" : "묘지",
        "ETC_MATTER" : " ",
        "MNTN_NM" : "도름산",
        "PAST_SPOT_" : "4277023010008",
        "MNTN_ID" : "427702301"
      },
      "geometry" : {
        "x" : 366188.73270003125,
        "y" : 548851.95220000483
      }
    },
    {
      "attributes" : {
        "FID" : 8,
        "PMNTN_SPOT" : 22390,
        "MNTN_CODE" : "427702301",
        "MANAGE_SP1" : "99",
        "MANAGE_SP2" : "기타",
        "DETAIL_SPO" : "묘지",
        "ETC_MATTER" : " ",
        "MNTN_NM" : "도름산",
        "PAST_SPOT_" : "4277023010009",
        "MNTN_ID" : "427702301"
      },
      "geometry" : {
        "x" : 366284.18960002903,
        "y" : 548910.87160000578
      }
    },
    {
      "attributes" : {
        "FID" : 9,
        "PMNTN_SPOT" : 22391,
        "MNTN_CODE" : "427702301",
        "MANAGE_SP1" : "99",
        "MANAGE_SP2" : "기타",
        "DETAIL_SPO" : "묘지",
        "ETC_MATTER" : " ",
        "MNTN_NM" : "도름산",
        "PAST_SPOT_" : "4277023010010",
        "MNTN_ID" : "427702301"
      },
      "geometry" : {
        "x" : 366316.82910003234,
        "y" : 548919.09750000201
      }
    }
  ]
}