{
  "displayFieldName" : "",
  "fieldAliases" : {
    "FID" : "FID",
    "PMNTN_SN" : "PMNTN_SN",
    "MNTN_CODE" : "MNTN_CODE",
    "MNTN_NM" : "MNTN_NM",
    "PMNTN_NM" : "PMNTN_NM",
    "PMNTN_MAIN" : "PMNTN_MAIN",
    "PMNTN_LT" : "PMNTN_LT",
    "PMNTN_DFFL" : "PMNTN_DFFL",
    "PMNTN_UPPL" : "PMNTN_UPPL",
    "PMNTN_GODN" : "PMNTN_GODN",
    "PMNTN_MTRQ" : "PMNTN_MTRQ",
    "PMNTN_CNRL" : "PMNTN_CNRL",
    "PMNTN_CLS_" : "PMNTN_CLS_",
    "PMNTN_RISK" : "PMNTN_RISK",
    "PMNTN_RECO" : "PMNTN_RECO",
    "DATA_STDR_" : "DATA_STDR_",
    "MNTN_ID" : "MNTN_ID"
  },
  "geometryType" : "esriGeometryPolyline",
  "spatialReference" : {
    "wkt" : "PROJCS[\"PCS_ITRF2000_TM\",GEOGCS[\"GCS_ITRF_2000\",DATUM[\"D_ITRF_2000\",SPHEROID[\"GRS_1980\",6378137.0,298.257222101]],PRIMEM[\"Greenwich\",0.0],UNIT[\"Degree\",0.0174532925199433]],PROJECTION[\"Transverse_Mercator\"],PARAMETER[\"False_Easting\",200000.0],PARAMETER[\"False_Northing\",600000.0],PARAMETER[\"Central_Meridian\",127.0],PARAMETER[\"Scale_Factor\",1.0],PARAMETER[\"Latitude_Of_Origin\",38.0],UNIT[\"Meter\",1.0]]"
  },
  "fields" : [
    {
      "name" : "FID",
      "type" : "esriFieldTypeOID",
      "alias" : "FID"
    },
    {
      "name" : "PMNTN_SN",
      "type" : "esriFieldTypeDouble",
      "alias" : "PMNTN_SN"
    },
    {
      "name" : "MNTN_CODE",
      "type" : "esriFieldTypeString",
      "alias" : "MNTN_CODE",
      "length" : 9
    },
    {
      "name" : "MNTN_NM",
      "type" : "esriFieldTypeString",
      "alias" : "MNTN_NM",
      "length" : 50
    },
    {
      "name" : "PMNTN_NM",
      "type" : "esriFieldTypeString",
      "alias" : "PMNTN_NM",
      "length" : 50
    },
    {
      "name" : "PMNTN_MAIN",
      "type" : "esriFieldTypeString",
      "alias" : "PMNTN_MAIN",
      "length" : 200
    },
    {
      "name" : "PMNTN_LT",
      "type" : "esriFieldTypeSingle",
      "alias" : "PMNTN_LT"
    },
    {
      "name" : "PMNTN_DFFL",
      "type" : "esriFieldTypeString",
      "alias" : "PMNTN_DFFL",
      "length" : 8
    },
    {
      "name" : "PMNTN_UPPL",
      "type" : "esriFieldTypeDouble",
      "alias" : "PMNTN_UPPL"
    },
    {
      "name" : "PMNTN_GODN",
      "type" : "esriFieldTypeDouble",
      "alias" : "PMNTN_GODN"
    },
    {
      "name" : "PMNTN_MTRQ",
      "type" : "esriFieldTypeString",
      "alias" : "PMNTN_MTRQ",
      "length" : 200
    },
    {
      "name" : "PMNTN_CNRL",
      "type" : "esriFieldTypeString",
      "alias" : "PMNTN_CNRL",
      "length" : 1
    },
    {
      "name" : "PMNTN_CLS_",
      "type" : "esriFieldTypeString",
      "alias" : "PMNTN_CLS_",
      "length" : 1
    },
    {
      "name" : "PMNTN_RISK",
      "type" : "esriFieldTypeString",
      "alias" : "PMNTN_RISK",
      "length" : 200
    },
    {
      "name" : "PMNTN_RECO",
      "type" : "esriFieldTypeString",
      "alias" : "PMNTN_RECO",
      "length" : 1
    },
    {
      "name" : "DATA_STDR_",
      "type" : "esriFieldTypeString",
      "alias" : "DATA_STDR_",
      "length" : 10
    },
    {
      "name" : "MNTN_ID",
      "type" : "esriFieldTypeString",
      "alias" : "MNTN_ID",
      "length" : 10
    }
  ],
  "features" : [
    {
      "attributes" : {
        "FID" : 0,
        "PMNTN_SN" : 32355,
        "MNTN_CODE" : "418304901",
        "MNTN_NM" : "성지봉",
        "PMNTN_NM" : "유현파출소-정상구간",
        "PMNTN_MAIN" : " ",
        "PMNTN_LT" : 1.24,
        "PMNTN_DFFL" : "쉬움",
        "PMNTN_UPPL" : 22,
        "PMNTN_GODN" : 15,
        "PMNTN_MTRQ" : "토사",
        "PMNTN_CNRL" : " ",
        "PMNTN_CLS_" : " ",
        "PMNTN_RISK" : " ",
        "PMNTN_RECO" : " ",
        "DATA_STDR_" : "2016-12-31",
        "MNTN_ID" : "418304901"
      },
      "geometry" : {
        "paths" : [
          [
            [
              275024.36920000333,
              550704.28350000456
            ],
            [
              275022.1922000004,
              550700.08259999938
            ],
            [
              275023.60570000112,
              550693.44380000047
            ],
            [
              275020.87110000104,
              550689.80590000004
            ],
            [
              275021.84540000092,
              550683.90029999986
            ],
            [
              275025.84240000416,
              550680.65990000032
            ],
            [
              275028.91460000072,
              550671.48920000158
            ],
            [
              275031.29619999975,
              550662.96090000309
            ],
            [
              275032.81690000091,
              550656.49459999986
            ],
            [
              275034.78290000092,
              550645.72980000265
            ],
            [
              275037.51350000035,
              550640.53759999946
            ],
            [
              275040.72879999969,
              550633.23039999977
            ],
            [
              275037.44420000166,
              550622.06609999761
            ],
            [
              275030.8116000006,
              550611.62710000202
            ],
            [
              275026.76610000059,
              550603.80280000158
            ],
            [
              275020.22900000308,
              550592.07230000012
            ],
            [
              275009.21440000087,
              550579.2920000013
            ],
            [
              275002.01650000084,
              550568.76139999926
            ],
            [
              274997.38300000411,
              550559.07619999908
            ],
            [
              274999.50810000021,
              550545.33970000222
            ],
            [
              275002.69270000048,
              550531.33359999955
            ],
            [
              275011.22420000099,
              550521.97690000013
            ],
            [
              275014.26380000263,
              550509.3599999994
            ],
            [
              275018.03460000083,
              550498.97629999928
            ],
            [
              275022.90830000117,
              550490.82790000178
            ],
            [
              275024.81740000006,
              550481.17750000022
            ],
            [
              275027.88490000181,
              550474.83930000104
            ],
            [
              275030.27710000053,
              550468.39170000143
            ],
            [
              275029.04600000195,
              550463.80599999987
            ],
            [
              275025.27060000319,
              550459.7992000021
            ],
            [
              275024.63929999992,
              550453.96710000187
            ],
            [
              275024.16050000396,
              550448.2993999999
            ],
            [
              275018.70870000124,
              550443.99530000053
            ],
            [
              275010.87790000159,
              550438.17210000008
            ],
            [
              275014.82500000205,
              550420.52790000103
            ],
            [
              275017.21200000029,
              550412.16449999809
            ],
            [
              275017.31840000022,
              550407.06310000271
            ],
            [
              275014.1260000011,
              550404.15640000254
            ],
            [
              275009.64830000047,
              550400.54930000193
            ],
            [
              275002.57870000135,
              550397.82210000232
            ],
            [
              274999.31000000052,
              550394.29089999944
            ],
            [
              275000.11950000282,
              550386.4114000015
            ],
            [
              275004.36050000042,
              550379.56039999984
            ],
            [
              274996.05390000064,
              550370.29949999973
            ],
            [
              274990.15650000051,
              550361.3507000003
            ],
            [
              274982.293700004,
              550355.97870000079
            ],
            [
              274976.2181000011,
              550351.18490000069
            ],
            [
              274968.82430000138,
              550346.71240000241
            ],
            [
              274966.13030000217,
              550337.8145999983
            ],
            [
              274965.79630000051,
              550330.75320000201
            ],
            [
              274961.02150000073,
              550320.32410000078
            ],
            [
              274954.36909999978,
              550313.60060000233
            ],
            [
              274948.82160000037,
              550308.74090000242
            ],
            [
              274942.52900000289,
              550304.24870000035
            ],
            [
              274926.97130000405,
              550295.24850000069
            ],
            [
              274923.27360000275,
              550291.88480000012
            ],
            [
              274915.88610000163,
              550283.67109999992
            ],
            [
              274898.89950000215,
              550263.8881000001
            ],
            [
              274891.15030000266,
              550253.81470000185
            ],
            [
              274882.29440000001,
              550242.24929999933
            ],
            [
              274874.54120000079,
              550232.91899999976
            ],
            [
              274870.8574000001,
              550226.95450000092
            ],
            [
              274865.69120000303,
              550220.23890000395
            ],
            [
              274860.52310000081,
              550213.89489999972
            ],
            [
              274849.40230000112,
              550209.00550000183
            ],
            [
              274844.59190000128,
              550205.26430000365
            ],
            [
              274836.06799999997,
              550201.13179999962
            ],
            [
              274825.3030000031,
              550199.21670000069
            ],
            [
              274817.27120000124,
              550198.28560000286
            ],
            [
              274806.66800000053,
              550199.28730000183
            ],
            [
              274798.24570000079,
              550197.32819999941
            ],
            [
              274787.42760000005,
              550196.18039999902
            ],
            [
              274782.76030000206,
              550191.40640000254
            ],
            [
              274780.53000000026,
              550185.56269999966
            ],
            [
              274777.1688000001,
              550184.90380000137
            ],
            [
              274763.34080000035,
              550167.353500003
            ],
            [
              274757.71360000316,
              550159.94730000012
            ],
            [
              274755.8535000002,
              550156.62710000202
            ],
            [
              274758.37750000227,
              550147.63150000013
            ],
            [
              274755.3180999998,
              550143.44989999942
            ],
            [
              274749.43140000105,
              550137.97030000016
            ],
            [
              274745.2993999999,
              550131.70849999972
            ],
            [
              274745.81720000319,
              550125.86049999855
            ],
            [
              274743.97400000133,
              550122.7519000005
            ],
            [
              274751.1213000007,
              550110.87549999915
            ],
            [
              274750.40830000024,
              550100.60570000112
            ],
            [
              274749.54470000137,
              550091.34420000389
            ],
            [
              274754.3730000006,
              550079.64970000274
            ],
            [
              274750.90020000096,
              550067.34520000033
            ],
            [
              274754.37200000137,
              550047.92940000258
            ],
            [
              274761.90230000298,
              550033.90670000017
            ],
            [
              274764.54860000126,
              550025.3749000039
            ],
            [
              274765.35489999969,
              550013.48930000141
            ],
            [
              274763.41370000038,
              550007.89800000191
            ],
            [
              274766.07490000222,
              549998.71970000118
            ],
            [
              274767.1640000008,
              549994.45880000293
            ],
            [
              274763.17380000092,
              549975.8387000002
            ],
            [
              274757.89670000132,
              549969.97709999979
            ],
            [
              274754.84260000009,
              549964.04030000046
            ],
            [
              274752.80760000087,
              549955.50210000016
            ],
            [
              274755.41480000224,
              549952.21000000089
            ],
            [
              274756.62000000104,
              549938.99780000187
            ],
            [
              274753.47020000406,
              549930.57570000179
            ],
            [
              274747.28940000013,
              549927.76460000128
            ],
            [
              274740.94720000308,
              549921.95560000464
            ],
            [
              274739.12100000214,
              549916.00100000016
            ],
            [
              274738.42929999996,
              549906.33670000359
            ],
            [
              274742.18040000089,
              549899.66860000417
            ],
            [
              274750.78330000117,
              549888.93910000101
            ],
            [
              274760.12540000211,
              549878.95659999922
            ],
            [
              274763.51290000416,
              549870.8003000021
            ],
            [
              274774.80599999987,
              549859.96440000087
            ],
            [
              274779.5206000004,
              549854.3916000016
            ],
            [
              274784.22729999945,
              549850.32940000109
            ],
            [
              274787.25820000004,
              549839.34400000237
            ],
            [
              274783.74420000054,
              549824.14790000021
            ],
            [
              274786.2650000006,
              549817.93349999934
            ],
            [
              274793.73450000118,
              549815.34019999951
            ],
            [
              274802.5150000006,
              549813.7798999995
            ],
            [
              274809.86840000097,
              549807.13090000302
            ],
            [
              274817.40130000189,
              549798.63270000182
            ],
            [
              274820.39550000336,
              549794.56140000559
            ],
            [
              274821.91530000418,
              549788.25300000049
            ],
            [
              274820.47250000201,
              549780.07100000046
            ],
            [
              274820.52980000246,
              549769.29609999992
            ],
            [
              274815.78270000219,
              549753.6652999986
            ],
            [
              274808.80819999985,
              549737.65110000037
            ],
            [
              274802.52550000325,
              549731.30120000057
            ],
            [
              274795.86129999999,
              549726.80700000562
            ],
            [
              274783.26420000289,
              549720.05189999938
            ]
          ]
        ]
      }
    },
    {
      "attributes" : {
        "FID" : 1,
        "PMNTN_SN" : 32356,
        "MNTN_CODE" : "418304901",
        "MNTN_NM" : "성지봉",
        "PMNTN_NM" : "유현파출소-정상구간",
        "PMNTN_MAIN" : " ",
        "PMNTN_LT" : 2.41,
        "PMNTN_DFFL" : "쉬움",
        "PMNTN_UPPL" : 43,
        "PMNTN_GODN" : 30,
        "PMNTN_MTRQ" : "토사",
        "PMNTN_CNRL" : " ",
        "PMNTN_CLS_" : " ",
        "PMNTN_RISK" : " ",
        "PMNTN_RECO" : " ",
        "DATA_STDR_" : "2016-12-31",
        "MNTN_ID" : "418304901"
      },
      "geometry" : {
        "paths" : [
          [
            [
              274783.26420000289,
              549720.05189999938
            ],
            [
              274793.65770000126,
              549721.96500000358
            ],
            [
              274802.199400004,
              549722.75349999964
            ],
            [
              274810.35760000069,
              549725.76940000243
            ],
            [
              274818.87170000095,
              549731.75960000046
            ],
            [
              274825.16830000188,
              549735.50870000198
            ],
            [
              274831.84830000065,
              549737.03050000034
            ],
            [
              274842.2555999998,
              549736.34270000644
            ],
            [
              274848.95139999874,
              549734.89210000075
            ],
            [
              274859.74610000104,
              549731.23390000127
            ],
            [
              274866.07630000077,
              549728.66660000011
            ],
            [
              274873.87880000006,
              549728.70810000226
            ],
            [
              274883.92059999984,
              549726.90369999968
            ],
            [
              274888.37920000125,
              549726.92750000209
            ],
            [
              274893.95240000263,
              549726.9571000021
            ],
            [
              274899.18370000087,
              549721.41149999946
            ],
            [
              274908.11099999864,
              549717.74339999817
            ],
            [
              274913.7081000004,
              549715.11639999971
            ],
            [
              274929.69630000181,
              549713.02790000103
            ],
            [
              274937.50079999957,
              549712.69780000299
            ],
            [
              274946.4298000019,
              549710.51600000076
            ],
            [
              274957.97750000097,
              549705.00400000252
            ],
            [
              274967.28010000009,
              549702.45250000246
            ],
            [
              274974.7248999998,
              549699.89120000042
            ],
            [
              274982.16380000021,
              549698.44450000115
            ],
            [
              274996.6799999997,
              549693.69140000083
            ],
            [
              275003.02200000174,
              549688.89489999786
            ],
            [
              275005.72080000304,
              549682.80639999919
            ],
            [
              275010.49700000323,
              549673.80270000175
            ],
            [
              275020.21800000407,
              549669.29360000417
            ],
            [
              275025.43950000219,
              549665.60579999909
            ],
            [
              275031.03050000127,
              549662.29150000028
            ],
            [
              275036.63140000124,
              549657.11939999834
            ],
            [
              275044.09600000083,
              549650.84260000102
            ],
            [
              275052.66340000089,
              549646.80100000277
            ],
            [
              275061.94940000027,
              549638.6809000019
            ],
            [
              275066.8132000016,
              549632.39020000026
            ],
            [
              275071.67300000321,
              549626.84270000458
            ],
            [
              275081.74830000103,
              549618.72190000117
            ],
            [
              275090.70100000221,
              549612.08139999956
            ],
            [
              275098.89690000005,
              549608.03790000267
            ],
            [
              275116.82090000156,
              549599.95400000177
            ],
            [
              275125.22200000007,
              549597.4998000022
            ],
            [
              275129.29140000138,
              549592.16660000384
            ],
            [
              275134.16100000218,
              549584.76120000146
            ],
            [
              275141.27379999962,
              549574.76689999923
            ],
            [
              275153.81580000091,
              549560.39380000159
            ],
            [
              275164.66110000387,
              549548.13409999758
            ],
            [
              275169.64100000355,
              549540.09800000116
            ],
            [
              275181.91260000411,
              549528.59380000457
            ],
            [
              275190.27760000248,
              549522.42870000005
            ],
            [
              275200.34700000007,
              549515.4226000011
            ],
            [
              275208.3917000005,
              549509.19500000216
            ],
            [
              275212.46530000307,
              549501.25599999912
            ],
            [
              275216.58000000287,
              549496.07599999942
            ],
            [
              275220.32120000105,
              549491.26570000127
            ],
            [
              275225.91620000266,
              549487.20820000023
            ],
            [
              275232.25619999971,
              549482.78319999948
            ],
            [
              275240.46000000183,
              549477.25350000151
            ],
            [
              275249.79020000342,
              549469.50030000135
            ],
            [
              275258.37540000305,
              549462.11470000073
            ],
            [
              275266.9645000007,
              549453.9860999994
            ],
            [
              275274.80060000252,
              549447.71120000072
            ],
            [
              275283.00830000266,
              549441.4384000022
            ],
            [
              275296.42360000405,
              549434.07850000076
            ],
            [
              275304.26170000061,
              549427.43210000172
            ],
            [
              275310.61560000107,
              549420.40620000102
            ],
            [
              275317.32530000061,
              549416.35470000096
            ],
            [
              275322.59350000042,
              549412.56030000187
            ],
            [
              275328.17849999946,
              549411.62010000087
            ],
            [
              275333.8107000012,
              549408.00339999981
            ],
            [
              275335.60230000317,
              549403.07579999976
            ],
            [
              275335.81450000033,
              549395.58980000205
            ],
            [
              275341.069000002,
              549387.21360000223
            ],
            [
              275347.98200000077,
              549380.8479999993
            ],
            [
              275355.06919999979,
              549375.6838000007
            ],
            [
              275360.28670000006,
              549372.73909999989
            ],
            [
              275365.52200000081,
              549366.4504000023
            ],
            [
              275369.0597000001,
              549363.34450000152
            ],
            [
              275374.2050999999,
              549358.90260000154
            ],
            [
              275377.54320000019,
              549354.64930000342
            ],
            [
              275377.51630000304,
              549346.82140000351
            ],
            [
              275375.72369999997,
              549334.55040000193
            ],
            [
              275371.70980000217,
              549320.78130000085
            ],
            [
              275371.75719999988,
              549311.86409999989
            ],
            [
              275371.79080000054,
              549305.54780000448
            ],
            [
              275370.34810000192,
              549297.36579999886
            ],
            [
              275372.99039999954,
              549289.57709999941
            ],
            [
              275375.63670000061,
              549281.04519999772
            ],
            [
              275374.18610000145,
              549274.34940000437
            ],
            [
              275373.31070000026,
              549270.12230000272
            ],
            [
              275371.46150000114,
              549267.00570000149
            ],
            [
              275370.17410000414,
              549260.20879999921
            ],
            [
              275370.94290000387,
              549255.38260000199
            ],
            [
              275376.24139999971,
              549237.20430000313
            ],
            [
              275378.88369999919,
              549229.41560000181
            ],
            [
              275382.65260000341,
              549219.40350000001
            ],
            [
              275385.29490000103,
              549211.61480000429
            ],
            [
              275387.56180000119,
              549204.56719999947
            ],
            [
              275390.19620000292,
              549198.26469999924
            ],
            [
              275392.45910000149,
              549191.96020000055
            ],
            [
              275395.46900000237,
              549184.91650000401
            ],
            [
              275399.60349999927,
              549176.02110000141
            ],
            [
              275407.80530000385,
              549170.86280000024
            ],
            [
              275413.40620000102,
              549165.69080000184
            ],
            [
              275419.00310000032,
              549161.26180000044
            ],
            [
              275421.16289999988,
              549156.06660000235
            ],
            [
              275422.96160000097,
              549148.00870000012
            ],
            [
              275427.72610000242,
              549140.28710000217
            ],
            [
              275432.26299999934,
              549134.26420000196
            ],
            [
              275439.25449999981,
              549126.97699999996
            ],
            [
              275446.69940000027,
              549123.50990000181
            ],
            [
              275451.96630000044,
              549111.27639999986
            ],
            [
              275452.75870000105,
              549101.99160000123
            ],
            [
              275455.41290000267,
              549091.97360000014
            ],
            [
              275457.69560000207,
              549081.95360000059
            ],
            [
              275459.22520000022,
              549073.78740000166
            ],
            [
              275462.61460000183,
              549065.25950000249
            ],
            [
              275467.8638000004,
              549056.37000000104
            ],
            [
              275471.62530000228,
              549047.73719999939
            ],
            [
              275475.64639999904,
              549031.7678999994
            ],
            [
              275477.96319999918,
              549023.61950000189
            ],
            [
              275482.56130000018,
              549017.84170000255
            ],
            [
              275488.37740000244,
              549011.14870000072
            ],
            [
              275491.1567000011,
              549008.19100000151
            ],
            [
              275494.52830000035,
              549003.00700000115
            ],
            [
              275497.53830000013,
              548995.96340000257
            ],
            [
              275501.65099999961,
              548991.15500000119
            ],
            [
              275505.291000003,
              548986.18620000035
            ],
            [
              275507.17050000001,
              548982.10899999924
            ],
            [
              275511.68440000061,
              548971.72930000164
            ],
            [
              275514.69409999996,
              548964.73670000024
            ],
            [
              275516.74130000174,
              548958.80260000005
            ],
            [
              275516.98550000228,
              548953.06779999845
            ],
            [
              275519.70849999972,
              548949.71350000054
            ],
            [
              275521.05560000055,
              548945.76989999972
            ],
            [
              275522.15230000019,
              548939.56609999947
            ],
            [
              275525.11770000122,
              548928.55769999884
            ],
            [
              275527.33550000191,
              548917.04150000028
            ],
            [
              275529.62590000127,
              548909.67210000008
            ],
            [
              275527.82590000052,
              548904.84690000117
            ],
            [
              275525.27150000166,
              548901.46490000188
            ],
            [
              275527.22890000045,
              548895.44759999961
            ],
            [
              275528.8928000005,
              548887.69510000013
            ],
            [
              275529.67819999903,
              548877.14769999869
            ],
            [
              275526.38380000368,
              548872.23409999907
            ],
            [
              275524.22640000097,
              548868.28849999979
            ],
            [
              275522.02280000132,
              548863.44649999961
            ],
            [
              275521.32120000012,
              548855.6400000006
            ],
            [
              275520.9852,
              548848.95010000095
            ],
            [
              275522.55030000024,
              548843.70069999993
            ],
            [
              275527.16630000342,
              548842.91169999912
            ],
            [
              275531.80099999905,
              548835.52060000785
            ],
            [
              275528.5895000007,
              548831.15750000253
            ],
            [
              275530.07440000121,
              548825.3254000023
            ],
            [
              275529.97770000063,
              548820.92970000207
            ],
            [
              275529.76630000118,
              548813.38280000165
            ],
            [
              275527.40960000269,
              548807.30330000073
            ],
            [
              275527.5485000005,
              548802.53990000114
            ],
            [
              275529.20010000002,
              548798.56760000065
            ],
            [
              275530.93390000239,
              548794.75510000251
            ],
            [
              275532.3060999997,
              548789.66530000232
            ],
            [
              275531.01450000051,
              548784.7097000014
            ],
            [
              275531.76200000104,
              548778.7824000027
            ],
            [
              275532.22340000141,
              548771.20500000007
            ],
            [
              275528.331100001,
              548767.24100000411
            ],
            [
              275528.91770000383,
              548761.01810000092
            ],
            [
              275531.89840000216,
              548757.41070000082
            ],
            [
              275532.63150000013,
              548755.00720000453
            ],
            [
              275532.17289999966,
              548752.50630000047
            ],
            [
              275530.57820000313,
              548750.36080000177
            ],
            [
              275527.85300000384,
              548745.26530000009
            ],
            [
              275528.63729999959,
              548737.52260000259
            ],
            [
              275530.51680000126,
              548733.44540000521
            ],
            [
              275533.93379999977,
              548719.71580000035
            ],
            [
              275535.46740000322,
              548710.80650000274
            ],
            [
              275535.5109000029,
              548702.63240000047
            ],
            [
              275535.55240000226,
              548694.82990000024
            ],
            [
              275536.70060000103,
              548688.51950000226
            ],
            [
              275540.08210000396,
              548681.47780000232
            ],
            [
              275541.97740000021,
              548674.4282000009
            ],
            [
              275542.01690000109,
              548666.99719999917
            ],
            [
              275542.06630000286,
              548657.70849999972
            ],
            [
              275539.14530000277,
              548648.03240000084
            ],
            [
              275530.2873000009,
              548636.83840000071
            ],
            [
              275524.77139999997,
              548626.03390000202
            ],
            [
              275519.26530000102,
              548613.37150000036
            ],
            [
              275518.92870000098,
              548608.32900000177
            ],
            [
              275511.16970000044,
              548601.06590000167
            ],
            [
              275511.94489999954,
              548592.52520000003
            ],
            [
              275510.50810000114,
              548583.22860000096
            ],
            [
              275506.84790000226,
              548572.80540000275
            ],
            [
              275503.90710000042,
              548566.84480000101
            ],
            [
              275502.47620000038,
              548556.43349999934
            ],
            [
              275501.07500000019,
              548540.44890000112
            ],
            [
              275498.90890000109,
              548528.5474999994
            ],
            [
              275496.74280000292,
              548516.64600000158
            ],
            [
              275492.34540000092,
              548505.10430000164
            ],
            [
              275489.04500000086,
              548496.91240000166
            ],
            [
              275483.5111999996,
              548489.45170000196
            ],
            [
              275476.86089999974,
              548482.35669999942
            ],
            [
              275473.19079999998,
              548473.79130000062
            ],
            [
              275469.51870000083,
              548465.59750000015
            ],
            [
              275466.97320000175,
              548455.18020000122
            ],
            [
              275457.04800000321,
              548435.06320000254
            ],
            [
              275448.92330000363,
              548425.73100000061
            ],
            [
              275445.99039999954,
              548418.28419999965
            ],
            [
              275442.68599999975,
              548410.83540000208
            ],
            [
              275434.22130000032,
              548395.55640000105
            ],
            [
              275430.90700000152,
              548389.96539999917
            ],
            [
              275423.14990000054,
              548381.37829999998
            ],
            [
              275414.26630000025,
              548375.01450000145
            ],
            [
              275408.05360000022,
              548372.19550000317
            ],
            [
              275401.65930000041,
              548370.11720000207
            ],
            [
              275396.79630000051,
              548364.39919999987
            ],
            [
              275390.19650000148,
              548359.65250000171
            ],
            [
              275385.44409999903,
              548352.98650000058
            ],
            [
              275379.47880000062,
              548348.82030000165
            ],
            [
              275373.61780000106,
              548345.39890000038
            ],
            [
              275368.74540000409,
              548340.96050000191
            ],
            [
              275359.15030000079,
              548328.64800000191
            ],
            [
              275353.61060000118,
              548322.30199999921
            ],
            [
              275342.89890000131,
              548310.35510000028
            ],
            [
              275334.76620000042,
              548302.50909999944
            ],
            [
              275331.45000000205,
              548297.28959999792
            ],
            [
              275327.76999999955,
              548290.58190000057
            ],
            [
              275323.72640000097,
              548282.38610000163
            ],
            [
              275316.73810000252,
              548268.9728000015
            ],
            [
              275311.98890000023,
              548253.71360000223
            ],
            [
              275305.41760000028,
              548231.756500002
            ],
            [
              275303.59740000032,
              548224.68720000237
            ],
            [
              275299.18420000002,
              548216.11790000275
            ],
            [
              275295.91730000079,
              548201.60960000381
            ],
            [
              275295.36070000008,
              548192.66200000234
            ],
            [
              275296.1556000039,
              548186.48380000144
            ],
            [
              275298.0521999998,
              548181.62120000087
            ],
            [
              275298.76180000044,
              548174.97929999791
            ],
            [
              275299.05109999981,
              548167.68990000337
            ],
            [
              275296.4982000012,
              548162.22729999945
            ],
            [
              275294.69580000173,
              548151.81400000118
            ],
            [
              275288.81219999865,
              548140.26440000162
            ],
            [
              275284.05710000079,
              548126.11980000138
            ],
            [
              275278.91069999989,
              548115.68869999982
            ],
            [
              275274.1239999989,
              548107.48900000006
            ],
            [
              275269.03890000191,
              548085.53990000114
            ],
            [
              275266.85700000077,
              548076.61079999991
            ],
            [
              275263.92210000288,
              548069.53559999913
            ],
            [
              275261.74810000043,
              548059.1203000024
            ],
            [
              275259.19070000201,
              548050.93239999749
            ],
            [
              275258.87839999888,
              548039.78390000202
            ],
            [
              275261.5326000005,
              548029.76590000093
            ],
            [
              275260.84090000112,
              548020.1016000025
            ],
            [
              275259.39220000152,
              548013.03430000134
            ],
            [
              275259.78940000013,
              548008.20610000007
            ],
            [
              275258.76140000299,
              548002.41840000078
            ],
            [
              275253.54420000128,
              547994.79670000263
            ],
            [
              275246.90770000033,
              547985.10089999996
            ],
            [
              275242.78960000165,
              547981.79770000093
            ],
            [
              275240.50270000007,
              547980.28250000253
            ],
            [
              275238.88790000323,
              547977.04179999977
            ],
            [
              275239.0691000009,
              547973.36270000227
            ],
            [
              275237.07600000035,
              547967.48330000229
            ],
            [
              275231.23110000137,
              547958.27000000142
            ],
            [
              275223.89670000132,
              547951.47740000114
            ],
            [
              275219.6342000002,
              547943.34109999985
            ],
            [
              275223.75680000056,
              547936.67490000464
            ],
            [
              275227.15210000146,
              547927.03240000084
            ],
            [
              275236.56530000176,
              547903.6742000021
            ],
            [
              275239.21750000026,
              547894.02770000324
            ],
            [
              275239.42650000285,
              547891.12570000067
            ],
            [
              275235.90870000236,
              547889.23080000095
            ],
            [
              275231.15150000062,
              547888.47919999994
            ],
            [
              275223.93120000232,
              547886.5103999991
            ],
            [
              275217.67619999964,
              547883.61150000431
            ],
            [
              275212.91650000121,
              547879.02540000156
            ]
          ]
        ]
      }
    },
    {
      "attributes" : {
        "FID" : 2,
        "PMNTN_SN" : 32357,
        "MNTN_CODE" : "418304901",
        "MNTN_NM" : "성지봉",
        "PMNTN_NM" : "유현파출소-정상구간",
        "PMNTN_MAIN" : " ",
        "PMNTN_LT" : 0.39,
        "PMNTN_DFFL" : "쉬움",
        "PMNTN_UPPL" : 7,
        "PMNTN_GODN" : 5,
        "PMNTN_MTRQ" : "토사",
        "PMNTN_CNRL" : " ",
        "PMNTN_CLS_" : " ",
        "PMNTN_RISK" : " ",
        "PMNTN_RECO" : " ",
        "DATA_STDR_" : "2016-12-31",
        "MNTN_ID" : "418304901"
      },
      "geometry" : {
        "paths" : [
          [
            [
              274783.26420000289,
              549720.05189999938
            ],
            [
              274774.56340000127,
              549714.24639999866
            ],
            [
              274769.37940000091,
              549710.87480000034
            ],
            [
              274765.67980000097,
              549707.88269999996
            ],
            [
              274762.38520000223,
              549698.57620000094
            ],
            [
              274760.56099999882,
              549692.24990000203
            ],
            [
              274757.64400000405,
              549681.83070000261
            ],
            [
              274753.97000000253,
              549674.00840000249
            ],
            [
              274750.30389999971,
              549664.69989999942
            ],
            [
              274744.39859999996,
              549657.23730000108
            ],
            [
              274729.59389999975,
              549646.38330000453
            ],
            [
              274723.31120000314,
              549640.03339999914
            ],
            [
              274714.81100000255,
              549631.4422999993
            ],
            [
              274704.4392000027,
              549625.44220000133
            ],
            [
              274695.91530000046,
              549621.30970000103
            ],
            [
              274685.15420000255,
              549618.65149999969
            ],
            [
              274677.74090000242,
              549615.26810000278
            ],
            [
              274670.70319999941,
              549611.1435000021
            ],
            [
              274664.03310000245,
              549607.76400000043
            ],
            [
              274659.21880000271,
              549604.76590000279
            ],
            [
              274647.04849999957,
              549587.60940000042
            ],
            [
              274635.95740000159,
              549577.14670000039
            ],
            [
              274625.95320000313,
              549571.89169999957
            ],
            [
              274619.78569999989,
              549569.46770000085
            ],
            [
              274616.69379999954,
              549566.31800000183
            ],
            [
              274606.77109999955,
              549557.80800000019
            ],
            [
              274600.99100000225,
              549552.68860000186
            ],
            [
              274593.77060000319,
              549544.96820000373
            ],
            [
              274585.28619999904,
              549533.4047000017
            ],
            [
              274578.26630000118,
              549525.93620000221
            ],
            [
              274575.3038000036,
              549524.06259999983
            ],
            [
              274569.60389999952,
              549522.55440000258
            ],
            [
              274564.92210000101,
              549519.92019999959
            ],
            [
              274557.15120000392,
              549513.93390000053
            ],
            [
              274553.07800000161,
              549511.31140000001
            ],
            [
              274545.66679999977,
              549507.55629999936
            ],
            [
              274541.23190000094,
              549503.07399999909
            ],
            [
              274533.45110000297,
              549498.94549999945
            ],
            [
              274526.77960000001,
              549495.82440000027
            ],
            [
              274520.9457000019,
              549494.85410000011
            ],
            [
              274515.01269999892,
              549493.9682
            ],
            [
              274509.03299999982,
              549495.17270000279
            ],
            [
              274504.65660000034,
              549496.25660000183
            ],
            [
              274498.99139999971,
              549503.70570000447
            ],
            [
              274492.90469999891,
              549507.64729999937
            ]
          ]
        ]
      }
    }
  ]
}