{
  "displayFieldName" : "",
  "fieldAliases" : {
    "FID" : "FID",
    "SAFE_SPOT1" : "SAFE_SPOT1",
    "SAFE_SPOT2" : "SAFE_SPOT2",
    "SAFE_SPOT3" : "SAFE_SPOT3",
    "MGC" : "MGC",
    "ETC_MATTER" : "ETC_MATTER",
    "MNTN_NM" : "MNTN_NM"
  },
  "geometryType" : "esriGeometryPoint",
  "spatialReference" : {
    "wkt" : "PROJCS[\"PCS_ITRF2000_TM\",GEOGCS[\"GCS_ITRF_2000\",DATUM[\"D_ITRF_2000\",SPHEROID[\"GRS_1980\",6378137.0,298.257222101]],PRIMEM[\"Greenwich\",0.0],UNIT[\"Degree\",0.0174532925199433]],PROJECTION[\"Transverse_Mercator\"],PARAMETER[\"False_Easting\",200000.0],PARAMETER[\"False_Northing\",600000.0],PARAMETER[\"Central_Meridian\",127.0],PARAMETER[\"Scale_Factor\",1.0],PARAMETER[\"Latitude_Of_Origin\",38.0],UNIT[\"Meter\",1.0]]"
  },
  "fields" : [
    {
      "name" : "FID",
      "type" : "esriFieldTypeOID",
      "alias" : "FID"
    },
    {
      "name" : "SAFE_SPOT1",
      "type" : "esriFieldTypeDouble",
      "alias" : "SAFE_SPOT1"
    },
    {
      "name" : "SAFE_SPOT2",
      "type" : "esriFieldTypeString",
      "alias" : "SAFE_SPOT2",
      "length" : 50
    },
    {
      "name" : "SAFE_SPOT3",
      "type" : "esriFieldTypeString",
      "alias" : "SAFE_SPOT3",
      "length" : 50
    },
    {
      "name" : "MGC",
      "type" : "esriFieldTypeString",
      "alias" : "MGC",
      "length" : 50
    },
    {
      "name" : "ETC_MATTER",
      "type" : "esriFieldTypeString",
      "alias" : "ETC_MATTER",
      "length" : 200
    },
    {
      "name" : "MNTN_NM",
      "type" : "esriFieldTypeString",
      "alias" : "MNTN_NM",
      "length" : 50
    }
  ],
  "features" : [
    {
      "attributes" : {
        "FID" : 0,
        "SAFE_SPOT1" : 5668,
        "SAFE_SPOT2" : "쉼터입구",
        "SAFE_SPOT3" : "2-2",
        "MGC" : "경기도 이천시",
        "ETC_MATTER" : " ",
        "MNTN_NM" : "노승산"
      },
      "geometry" : {
        "x" : 244893.67060000077,
        "y" : 502723.60260000266
      }
    },
    {
      "attributes" : {
        "FID" : 1,
        "SAFE_SPOT1" : 5669,
        "SAFE_SPOT2" : "병풍바위",
        "SAFE_SPOT3" : "2-4",
        "MGC" : "경기도 이천시",
        "ETC_MATTER" : " ",
        "MNTN_NM" : "노승산"
      },
      "geometry" : {
        "x" : 244383.06170000043,
        "y" : 502974.93139999919
      }
    },
    {
      "attributes" : {
        "FID" : 2,
        "SAFE_SPOT1" : 5676,
        "SAFE_SPOT2" : "병목안교",
        "SAFE_SPOT3" : "1-1",
        "MGC" : "경기도 이천시",
        "ETC_MATTER" : " ",
        "MNTN_NM" : "노승산"
      },
      "geometry" : {
        "x" : 244214.94210000057,
        "y" : 503729.97460000031
      }
    },
    {
      "attributes" : {
        "FID" : 3,
        "SAFE_SPOT1" : 5677,
        "SAFE_SPOT2" : "원경사",
        "SAFE_SPOT3" : "2-1",
        "MGC" : "경기도 이천시",
        "ETC_MATTER" : " ",
        "MNTN_NM" : "노승산"
      },
      "geometry" : {
        "x" : 244136.01240000036,
        "y" : 503105.5831000004
      }
    },
    {
      "attributes" : {
        "FID" : 4,
        "SAFE_SPOT1" : 5678,
        "SAFE_SPOT2" : "헬기장",
        "SAFE_SPOT3" : "2-3",
        "MGC" : "경기도 이천시",
        "ETC_MATTER" : " ",
        "MNTN_NM" : "노승산"
      },
      "geometry" : {
        "x" : 244140.12630000059,
        "y" : 502932.65430000052
      }
    },
    {
      "attributes" : {
        "FID" : 5,
        "SAFE_SPOT1" : 5679,
        "SAFE_SPOT2" : "정상",
        "SAFE_SPOT3" : "2-5",
        "MGC" : "경기도 이천시",
        "ETC_MATTER" : " ",
        "MNTN_NM" : "노승산"
      },
      "geometry" : {
        "x" : 244318.78490000032,
        "y" : 502804.72609999962
      }
    }
  ]
}