{
  "displayFieldName" : "",
  "fieldAliases" : {
    "FID" : "FID",
    "SAFE_SPOT1" : "SAFE_SPOT1",
    "SAFE_SPOT2" : "SAFE_SPOT2",
    "SAFE_SPOT3" : "SAFE_SPOT3",
    "MGC" : "MGC",
    "ETC_MATTER" : "ETC_MATTER",
    "MNTN_NM" : "MNTN_NM"
  },
  "geometryType" : "esriGeometryPoint",
  "spatialReference" : {
    "wkt" : "PROJCS[\"PCS_ITRF2000_TM\",GEOGCS[\"GCS_ITRF_2000\",DATUM[\"D_ITRF_2000\",SPHEROID[\"GRS_1980\",6378137.0,298.257222101]],PRIMEM[\"Greenwich\",0.0],UNIT[\"Degree\",0.0174532925199433]],PROJECTION[\"Transverse_Mercator\"],PARAMETER[\"False_Easting\",200000.0],PARAMETER[\"False_Northing\",600000.0],PARAMETER[\"Central_Meridian\",127.0],PARAMETER[\"Scale_Factor\",1.0],PARAMETER[\"Latitude_Of_Origin\",38.0],UNIT[\"Meter\",1.0]]"
  },
  "fields" : [
    {
      "name" : "FID",
      "type" : "esriFieldTypeOID",
      "alias" : "FID"
    },
    {
      "name" : "SAFE_SPOT1",
      "type" : "esriFieldTypeDouble",
      "alias" : "SAFE_SPOT1"
    },
    {
      "name" : "SAFE_SPOT2",
      "type" : "esriFieldTypeString",
      "alias" : "SAFE_SPOT2",
      "length" : 50
    },
    {
      "name" : "SAFE_SPOT3",
      "type" : "esriFieldTypeString",
      "alias" : "SAFE_SPOT3",
      "length" : 50
    },
    {
      "name" : "MGC",
      "type" : "esriFieldTypeString",
      "alias" : "MGC",
      "length" : 50
    },
    {
      "name" : "ETC_MATTER",
      "type" : "esriFieldTypeString",
      "alias" : "ETC_MATTER",
      "length" : 200
    },
    {
      "name" : "MNTN_NM",
      "type" : "esriFieldTypeString",
      "alias" : "MNTN_NM",
      "length" : 50
    }
  ],
  "features" : [
    {
      "attributes" : {
        "FID" : 0,
        "SAFE_SPOT1" : 2229,
        "SAFE_SPOT2" : "간이구조구급함",
        "SAFE_SPOT3" : " ",
        "MGC" : "부산기장소방서",
        "ETC_MATTER" : " ",
        "MNTN_NM" : "철마산"
      },
      "geometry" : {
        "x" : 393688.0373999998,
        "y" : 303646.18170000054
      }
    },
    {
      "attributes" : {
        "FID" : 1,
        "SAFE_SPOT1" : 5944,
        "SAFE_SPOT2" : "산악위치표지판",
        "SAFE_SPOT3" : "조난 01",
        "MGC" : "부산시 기장군",
        "ETC_MATTER" : " ",
        "MNTN_NM" : "철마산"
      },
      "geometry" : {
        "x" : 392601.42030000035,
        "y" : 303628.44250000082
      }
    },
    {
      "attributes" : {
        "FID" : 2,
        "SAFE_SPOT1" : 5945,
        "SAFE_SPOT2" : "산악위치표지판",
        "SAFE_SPOT3" : "조난 02",
        "MGC" : "부산시 기장군",
        "ETC_MATTER" : " ",
        "MNTN_NM" : "철마산"
      },
      "geometry" : {
        "x" : 393695.56460000109,
        "y" : 303648.81069999747
      }
    },
    {
      "attributes" : {
        "FID" : 3,
        "SAFE_SPOT1" : 5946,
        "SAFE_SPOT2" : "산악위치표지판",
        "SAFE_SPOT3" : "조난 04",
        "MGC" : "부산시 기장군",
        "ETC_MATTER" : " ",
        "MNTN_NM" : "철마산"
      },
      "geometry" : {
        "x" : 393950.52520000003,
        "y" : 303771.17770000175
      }
    },
    {
      "attributes" : {
        "FID" : 4,
        "SAFE_SPOT1" : 5947,
        "SAFE_SPOT2" : "산악위치표지판",
        "SAFE_SPOT3" : "조난 05",
        "MGC" : "부산시 기장군",
        "ETC_MATTER" : " ",
        "MNTN_NM" : "철마산"
      },
      "geometry" : {
        "x" : 393688.0373999998,
        "y" : 303646.18170000054
      }
    },
    {
      "attributes" : {
        "FID" : 5,
        "SAFE_SPOT1" : 5948,
        "SAFE_SPOT2" : "산악위치표지판",
        "SAFE_SPOT3" : "조난 06",
        "MGC" : "부산시 기장군",
        "ETC_MATTER" : " ",
        "MNTN_NM" : "철마산"
      },
      "geometry" : {
        "x" : 393999.13100000098,
        "y" : 303767.90640000068
      }
    },
    {
      "attributes" : {
        "FID" : 6,
        "SAFE_SPOT1" : 5949,
        "SAFE_SPOT2" : "산악위치표지판",
        "SAFE_SPOT3" : "조난 07",
        "MGC" : "부산시 기장군",
        "ETC_MATTER" : " ",
        "MNTN_NM" : "철마산"
      },
      "geometry" : {
        "x" : 394842.68400000036,
        "y" : 303744.78160000034
      }
    },
    {
      "attributes" : {
        "FID" : 7,
        "SAFE_SPOT1" : 5950,
        "SAFE_SPOT2" : "산악위치표지판",
        "SAFE_SPOT3" : "조난 08",
        "MGC" : "부산시 기장군",
        "ETC_MATTER" : " ",
        "MNTN_NM" : "철마산"
      },
      "geometry" : {
        "x" : 395781.04040000122,
        "y" : 304012.76770000346
      }
    },
    {
      "attributes" : {
        "FID" : 8,
        "SAFE_SPOT1" : 5951,
        "SAFE_SPOT2" : "산악위치표지판",
        "SAFE_SPOT3" : "조난 11",
        "MGC" : "부산시 기장군",
        "ETC_MATTER" : " ",
        "MNTN_NM" : "철마산"
      },
      "geometry" : {
        "x" : 394838.25450000074,
        "y" : 304814.52750000171
      }
    },
    {
      "attributes" : {
        "FID" : 9,
        "SAFE_SPOT1" : 5952,
        "SAFE_SPOT2" : "산악위치표지판",
        "SAFE_SPOT3" : "조난 12",
        "MGC" : "부산시 기장군",
        "ETC_MATTER" : " ",
        "MNTN_NM" : "철마산"
      },
      "geometry" : {
        "x" : 394365.94540000055,
        "y" : 304798.1558000017
      }
    },
    {
      "attributes" : {
        "FID" : 10,
        "SAFE_SPOT1" : 5953,
        "SAFE_SPOT2" : "산악위치표지판",
        "SAFE_SPOT3" : "조난 13",
        "MGC" : "부산시 기장군",
        "ETC_MATTER" : " ",
        "MNTN_NM" : "철마산"
      },
      "geometry" : {
        "x" : 393415.96519999951,
        "y" : 305015.17390000261
      }
    }
  ]
}