{
  "displayFieldName" : "",
  "fieldAliases" : {
    "FID" : "FID",
    "PMNTN_SPOT" : "PMNTN_SPOT",
    "MNTN_CODE" : "MNTN_CODE",
    "MANAGE_SP1" : "MANAGE_SP1",
    "MANAGE_SP2" : "MANAGE_SP2",
    "DETAIL_SPO" : "DETAIL_SPO",
    "ETC_MATTER" : "ETC_MATTER",
    "MNTN_NM" : "MNTN_NM",
    "PAST_SPOT_" : "PAST_SPOT_",
    "MNTN_ID" : "MNTN_ID"
  },
  "geometryType" : "esriGeometryPoint",
  "spatialReference" : {
    "wkt" : "PROJCS[\"PCS_ITRF2000_TM\",GEOGCS[\"GCS_ITRF_2000\",DATUM[\"D_ITRF_2000\",SPHEROID[\"GRS_1980\",6378137.0,298.257222101]],PRIMEM[\"Greenwich\",0.0],UNIT[\"Degree\",0.0174532925199433]],PROJECTION[\"Transverse_Mercator\"],PARAMETER[\"False_Easting\",200000.0],PARAMETER[\"False_Northing\",600000.0],PARAMETER[\"Central_Meridian\",127.0],PARAMETER[\"Scale_Factor\",1.0],PARAMETER[\"Latitude_Of_Origin\",38.0],UNIT[\"Meter\",1.0]]"
  },
  "fields" : [
    {
      "name" : "FID",
      "type" : "esriFieldTypeOID",
      "alias" : "FID"
    },
    {
      "name" : "PMNTN_SPOT",
      "type" : "esriFieldTypeDouble",
      "alias" : "PMNTN_SPOT"
    },
    {
      "name" : "MNTN_CODE",
      "type" : "esriFieldTypeString",
      "alias" : "MNTN_CODE",
      "length" : 9
    },
    {
      "name" : "MANAGE_SP1",
      "type" : "esriFieldTypeString",
      "alias" : "MANAGE_SP1",
      "length" : 2
    },
    {
      "name" : "MANAGE_SP2",
      "type" : "esriFieldTypeString",
      "alias" : "MANAGE_SP2",
      "length" : 50
    },
    {
      "name" : "DETAIL_SPO",
      "type" : "esriFieldTypeString",
      "alias" : "DETAIL_SPO",
      "length" : 200
    },
    {
      "name" : "ETC_MATTER",
      "type" : "esriFieldTypeString",
      "alias" : "ETC_MATTER",
      "length" : 200
    },
    {
      "name" : "MNTN_NM",
      "type" : "esriFieldTypeString",
      "alias" : "MNTN_NM",
      "length" : 50
    },
    {
      "name" : "PAST_SPOT_",
      "type" : "esriFieldTypeString",
      "alias" : "PAST_SPOT_",
      "length" : 14
    },
    {
      "name" : "MNTN_ID",
      "type" : "esriFieldTypeString",
      "alias" : "MNTN_ID",
      "length" : 10
    }
  ],
  "features" : [
    {
      "attributes" : {
        "FID" : 0,
        "PMNTN_SPOT" : 76050,
        "MNTN_CODE" : "472803401",
        "MANAGE_SP1" : "99",
        "MANAGE_SP2" : "기타",
        "DETAIL_SPO" : "마을회관",
        "ETC_MATTER" : " ",
        "MNTN_NM" : "작약산",
        "PAST_SPOT_" : "4728034010001",
        "MNTN_ID" : "472803401"
      },
      "geometry" : {
        "x" : 297675.65689999983,
        "y" : 443856.37850000151
      }
    },
    {
      "attributes" : {
        "FID" : 1,
        "PMNTN_SPOT" : 76051,
        "MNTN_CODE" : "472803401",
        "MANAGE_SP1" : "99",
        "MANAGE_SP2" : "기타",
        "DETAIL_SPO" : "노인회관",
        "ETC_MATTER" : " ",
        "MNTN_NM" : "작약산",
        "PAST_SPOT_" : "4728034010002",
        "MNTN_ID" : "472803401"
      },
      "geometry" : {
        "x" : 297523.47020000126,
        "y" : 444038.48249999993
      }
    },
    {
      "attributes" : {
        "FID" : 2,
        "PMNTN_SPOT" : 76052,
        "MNTN_CODE" : "472803401",
        "MANAGE_SP1" : "11",
        "MANAGE_SP2" : "안내판또는지도",
        "DETAIL_SPO" : "산불안내판",
        "ETC_MATTER" : " ",
        "MNTN_NM" : "작약산",
        "PAST_SPOT_" : "4728034010003",
        "MNTN_ID" : "472803401"
      },
      "geometry" : {
        "x" : 297170.35669999942,
        "y" : 444405.69189999998
      }
    },
    {
      "attributes" : {
        "FID" : 3,
        "PMNTN_SPOT" : 76053,
        "MNTN_CODE" : "472803401",
        "MANAGE_SP1" : "16",
        "MANAGE_SP2" : "주요나무",
        "DETAIL_SPO" : "느티나무",
        "ETC_MATTER" : " ",
        "MNTN_NM" : "작약산",
        "PAST_SPOT_" : "4728034010004",
        "MNTN_ID" : "472803401"
      },
      "geometry" : {
        "x" : 296941.68050000072,
        "y" : 444794.77390000224
      }
    },
    {
      "attributes" : {
        "FID" : 4,
        "PMNTN_SPOT" : 76054,
        "MNTN_CODE" : "472803401",
        "MANAGE_SP1" : "99",
        "MANAGE_SP2" : "기타",
        "DETAIL_SPO" : "임도",
        "ETC_MATTER" : " ",
        "MNTN_NM" : "작약산",
        "PAST_SPOT_" : "4728034010005",
        "MNTN_ID" : "472803401"
      },
      "geometry" : {
        "x" : 296959.15250000078,
        "y" : 444846.7627000045
      }
    },
    {
      "attributes" : {
        "FID" : 5,
        "PMNTN_SPOT" : 76055,
        "MNTN_CODE" : "472803401",
        "MANAGE_SP1" : "06",
        "MANAGE_SP2" : "음수대",
        "DETAIL_SPO" : "약수터",
        "ETC_MATTER" : " ",
        "MNTN_NM" : "작약산",
        "PAST_SPOT_" : "4728034010006",
        "MNTN_ID" : "472803401"
      },
      "geometry" : {
        "x" : 296473.65850000083,
        "y" : 445719.51060000062
      }
    },
    {
      "attributes" : {
        "FID" : 6,
        "PMNTN_SPOT" : 76056,
        "MNTN_CODE" : "472803401",
        "MANAGE_SP1" : "99",
        "MANAGE_SP2" : "기타",
        "DETAIL_SPO" : "작약산",
        "ETC_MATTER" : " ",
        "MNTN_NM" : "작약산",
        "PAST_SPOT_" : "4728034010007",
        "MNTN_ID" : "472803401"
      },
      "geometry" : {
        "x" : 296259.40859999973,
        "y" : 445757.72130000219
      }
    },
    {
      "attributes" : {
        "FID" : 7,
        "PMNTN_SPOT" : 76057,
        "MNTN_CODE" : "472803401",
        "MANAGE_SP1" : "99",
        "MANAGE_SP2" : "기타",
        "DETAIL_SPO" : "거북바위",
        "ETC_MATTER" : " ",
        "MNTN_NM" : "작약산",
        "PAST_SPOT_" : "4728034010008",
        "MNTN_ID" : "472803401"
      },
      "geometry" : {
        "x" : 296173.33810000028,
        "y" : 445775.51520000398
      }
    },
    {
      "attributes" : {
        "FID" : 8,
        "PMNTN_SPOT" : 76058,
        "MNTN_CODE" : "472803401",
        "MANAGE_SP1" : "16",
        "MANAGE_SP2" : "주요나무",
        "DETAIL_SPO" : "철쭉군락지",
        "ETC_MATTER" : " ",
        "MNTN_NM" : "작약산",
        "PAST_SPOT_" : "4728034010009",
        "MNTN_ID" : "472803401"
      },
      "geometry" : {
        "x" : 296461.50320000015,
        "y" : 445884.68110000342
      }
    },
    {
      "attributes" : {
        "FID" : 9,
        "PMNTN_SPOT" : 76059,
        "MNTN_CODE" : "472803401",
        "MANAGE_SP1" : "99",
        "MANAGE_SP2" : "기타",
        "DETAIL_SPO" : "소작약산(시루봉)",
        "ETC_MATTER" : " ",
        "MNTN_NM" : "작약산",
        "PAST_SPOT_" : "4728034010010",
        "MNTN_ID" : "472803401"
      },
      "geometry" : {
        "x" : 298221.72660000063,
        "y" : 446056.27610000223
      }
    },
    {
      "attributes" : {
        "FID" : 10,
        "PMNTN_SPOT" : 76060,
        "MNTN_CODE" : "472803401",
        "MANAGE_SP1" : "99",
        "MANAGE_SP2" : "기타",
        "DETAIL_SPO" : "비닐움막",
        "ETC_MATTER" : " ",
        "MNTN_NM" : "작약산",
        "PAST_SPOT_" : "4728034010011",
        "MNTN_ID" : "472803401"
      },
      "geometry" : {
        "x" : 298626.00380000193,
        "y" : 445212.57120000198
      }
    },
    {
      "attributes" : {
        "FID" : 11,
        "PMNTN_SPOT" : 76061,
        "MNTN_CODE" : "472803401",
        "MANAGE_SP1" : "22",
        "MANAGE_SP2" : "헬기장",
        "DETAIL_SPO" : "헬기장",
        "ETC_MATTER" : " ",
        "MNTN_NM" : "작약산",
        "PAST_SPOT_" : "4728034010012",
        "MNTN_ID" : "472803401"
      },
      "geometry" : {
        "x" : 298578.18099999893,
        "y" : 444935.83019999973
      }
    },
    {
      "attributes" : {
        "FID" : 12,
        "PMNTN_SPOT" : 76062,
        "MNTN_CODE" : "472803401",
        "MANAGE_SP1" : "99",
        "MANAGE_SP2" : "기타",
        "DETAIL_SPO" : "임도",
        "ETC_MATTER" : " ",
        "MNTN_NM" : "작약산",
        "PAST_SPOT_" : "4728034010013",
        "MNTN_ID" : "472803401"
      },
      "geometry" : {
        "x" : 298337.89610000141,
        "y" : 444578.49770000204
      }
    },
    {
      "attributes" : {
        "FID" : 13,
        "PMNTN_SPOT" : 76063,
        "MNTN_CODE" : "472803401",
        "MANAGE_SP1" : "99",
        "MANAGE_SP2" : "기타",
        "DETAIL_SPO" : "마을회관",
        "ETC_MATTER" : " ",
        "MNTN_NM" : "작약산",
        "PAST_SPOT_" : "4728034010014",
        "MNTN_ID" : "472803401"
      },
      "geometry" : {
        "x" : 297659.37070000079,
        "y" : 443890.23409999907
      }
    },
    {
      "attributes" : {
        "FID" : 14,
        "PMNTN_SPOT" : 76064,
        "MNTN_CODE" : "472803401",
        "MANAGE_SP1" : "99",
        "MANAGE_SP2" : "기타",
        "DETAIL_SPO" : "임도",
        "ETC_MATTER" : " ",
        "MNTN_NM" : "작약산",
        "PAST_SPOT_" : "4728034010015",
        "MNTN_ID" : "472803401"
      },
      "geometry" : {
        "x" : 297549.72479999997,
        "y" : 445044.00640000217
      }
    },
    {
      "attributes" : {
        "FID" : 15,
        "PMNTN_SPOT" : 76065,
        "MNTN_CODE" : "472803401",
        "MANAGE_SP1" : "99",
        "MANAGE_SP2" : "기타",
        "DETAIL_SPO" : "임도",
        "ETC_MATTER" : " ",
        "MNTN_NM" : "작약산",
        "PAST_SPOT_" : "4728034010016",
        "MNTN_ID" : "472803401"
      },
      "geometry" : {
        "x" : 297541.22009999957,
        "y" : 445068.25680000149
      }
    },
    {
      "attributes" : {
        "FID" : 16,
        "PMNTN_SPOT" : 76066,
        "MNTN_CODE" : "472803401",
        "MANAGE_SP1" : "99",
        "MANAGE_SP2" : "기타",
        "DETAIL_SPO" : "산불감시초소",
        "ETC_MATTER" : " ",
        "MNTN_NM" : "작약산",
        "PAST_SPOT_" : "4728034010017",
        "MNTN_ID" : "472803401"
      },
      "geometry" : {
        "x" : 297437.9347000001,
        "y" : 445232.25040000305
      }
    },
    {
      "attributes" : {
        "FID" : 17,
        "PMNTN_SPOT" : 76067,
        "MNTN_CODE" : "472803401",
        "MANAGE_SP1" : "99",
        "MANAGE_SP2" : "기타",
        "DETAIL_SPO" : "안전로프",
        "ETC_MATTER" : " ",
        "MNTN_NM" : "작약산",
        "PAST_SPOT_" : "4728034010018",
        "MNTN_ID" : "472803401"
      },
      "geometry" : {
        "x" : 298335.72310000006,
        "y" : 446090.24760000221
      }
    },
    {
      "attributes" : {
        "FID" : 18,
        "PMNTN_SPOT" : 76068,
        "MNTN_CODE" : "472803401",
        "MANAGE_SP1" : "99",
        "MANAGE_SP2" : "기타",
        "DETAIL_SPO" : "안전로프",
        "ETC_MATTER" : " ",
        "MNTN_NM" : "작약산",
        "PAST_SPOT_" : "4728034010019",
        "MNTN_ID" : "472803401"
      },
      "geometry" : {
        "x" : 298374.41700000037,
        "y" : 446097.94280000217
      }
    },
    {
      "attributes" : {
        "FID" : 19,
        "PMNTN_SPOT" : 76069,
        "MNTN_CODE" : "472803401",
        "MANAGE_SP1" : "99",
        "MANAGE_SP2" : "기타",
        "DETAIL_SPO" : "안전로프",
        "ETC_MATTER" : " ",
        "MNTN_NM" : "작약산",
        "PAST_SPOT_" : "4728034010020",
        "MNTN_ID" : "472803401"
      },
      "geometry" : {
        "x" : 298453.27970000077,
        "y" : 446098.02690000087
      }
    },
    {
      "attributes" : {
        "FID" : 20,
        "PMNTN_SPOT" : 76070,
        "MNTN_CODE" : "472803401",
        "MANAGE_SP1" : "22",
        "MANAGE_SP2" : "헬기장",
        "DETAIL_SPO" : "헬기장",
        "ETC_MATTER" : " ",
        "MNTN_NM" : "작약산",
        "PAST_SPOT_" : "4728034010021",
        "MNTN_ID" : "472803401"
      },
      "geometry" : {
        "x" : 299159.9924000008,
        "y" : 446083.04230000079
      }
    },
    {
      "attributes" : {
        "FID" : 21,
        "PMNTN_SPOT" : 76071,
        "MNTN_CODE" : "472803401",
        "MANAGE_SP1" : "16",
        "MANAGE_SP2" : "주요나무",
        "DETAIL_SPO" : "소나무",
        "ETC_MATTER" : " ",
        "MNTN_NM" : "작약산",
        "PAST_SPOT_" : "4728034010022",
        "MNTN_ID" : "472803401"
      },
      "geometry" : {
        "x" : 299251.80740000121,
        "y" : 445941.38290000148
      }
    },
    {
      "attributes" : {
        "FID" : 22,
        "PMNTN_SPOT" : 76072,
        "MNTN_CODE" : "472803401",
        "MANAGE_SP1" : "99",
        "MANAGE_SP2" : "기타",
        "DETAIL_SPO" : "안전로프",
        "ETC_MATTER" : " ",
        "MNTN_NM" : "작약산",
        "PAST_SPOT_" : "4728034010023",
        "MNTN_ID" : "472803401"
      },
      "geometry" : {
        "x" : 300336.31650000066,
        "y" : 445874.81709999964
      }
    },
    {
      "attributes" : {
        "FID" : 23,
        "PMNTN_SPOT" : 76073,
        "MNTN_CODE" : "472803401",
        "MANAGE_SP1" : "06",
        "MANAGE_SP2" : "음수대",
        "DETAIL_SPO" : "안룡약수터",
        "ETC_MATTER" : " ",
        "MNTN_NM" : "작약산",
        "PAST_SPOT_" : "4728034010024",
        "MNTN_ID" : "472803401"
      },
      "geometry" : {
        "x" : 300469.67289999966,
        "y" : 445902.55290000141
      }
    },
    {
      "attributes" : {
        "FID" : 24,
        "PMNTN_SPOT" : 76074,
        "MNTN_CODE" : "472803401",
        "MANAGE_SP1" : "99",
        "MANAGE_SP2" : "기타",
        "DETAIL_SPO" : "산불조심플랭카드",
        "ETC_MATTER" : " ",
        "MNTN_NM" : "작약산",
        "PAST_SPOT_" : "4728034010025",
        "MNTN_ID" : "472803401"
      },
      "geometry" : {
        "x" : 299519.28590000048,
        "y" : 446546.21210000105
      }
    },
    {
      "attributes" : {
        "FID" : 25,
        "PMNTN_SPOT" : 76075,
        "MNTN_CODE" : "472803401",
        "MANAGE_SP1" : "99",
        "MANAGE_SP2" : "기타",
        "DETAIL_SPO" : "은점봉",
        "ETC_MATTER" : " ",
        "MNTN_NM" : "작약산",
        "PAST_SPOT_" : "4728034010026",
        "MNTN_ID" : "472803401"
      },
      "geometry" : {
        "x" : 299492.85520000011,
        "y" : 446416.42520000041
      }
    },
    {
      "attributes" : {
        "FID" : 26,
        "PMNTN_SPOT" : 76076,
        "MNTN_CODE" : "472803401",
        "MANAGE_SP1" : "99",
        "MANAGE_SP2" : "기타",
        "DETAIL_SPO" : "규석광산도로",
        "ETC_MATTER" : " ",
        "MNTN_NM" : "작약산",
        "PAST_SPOT_" : "4728034010027",
        "MNTN_ID" : "472803401"
      },
      "geometry" : {
        "x" : 298948.02080000099,
        "y" : 445240.0549999997
      }
    },
    {
      "attributes" : {
        "FID" : 27,
        "PMNTN_SPOT" : 76077,
        "MNTN_CODE" : "472803401",
        "MANAGE_SP1" : "99",
        "MANAGE_SP2" : "기타",
        "DETAIL_SPO" : "안전로프",
        "ETC_MATTER" : " ",
        "MNTN_NM" : "작약산",
        "PAST_SPOT_" : "4728034010028",
        "MNTN_ID" : "472803401"
      },
      "geometry" : {
        "x" : 298779.27640000079,
        "y" : 445195.96770000458
      }
    },
    {
      "attributes" : {
        "FID" : 28,
        "PMNTN_SPOT" : 76078,
        "MNTN_CODE" : "472803401",
        "MANAGE_SP1" : "01",
        "MANAGE_SP2" : "시종점",
        "DETAIL_SPO" : "시종점",
        "ETC_MATTER" : " ",
        "MNTN_NM" : "작약산",
        "PAST_SPOT_" : "4728034010029",
        "MNTN_ID" : "472803401"
      },
      "geometry" : {
        "x" : 295711.68740000017,
        "y" : 444849.8647000026
      }
    },
    {
      "attributes" : {
        "FID" : 29,
        "PMNTN_SPOT" : 76079,
        "MNTN_CODE" : "472803401",
        "MANAGE_SP1" : "01",
        "MANAGE_SP2" : "시종점",
        "DETAIL_SPO" : "시종점",
        "ETC_MATTER" : " ",
        "MNTN_NM" : "작약산",
        "PAST_SPOT_" : "4728034010030",
        "MNTN_ID" : "472803401"
      },
      "geometry" : {
        "x" : 296173.34170000162,
        "y" : 445775.41520000063
      }
    },
    {
      "attributes" : {
        "FID" : 30,
        "PMNTN_SPOT" : 76080,
        "MNTN_CODE" : "472803401",
        "MANAGE_SP1" : "02",
        "MANAGE_SP2" : "분기점",
        "DETAIL_SPO" : "분기점",
        "ETC_MATTER" : " ",
        "MNTN_NM" : "작약산",
        "PAST_SPOT_" : "4728034010031",
        "MNTN_ID" : "472803401"
      },
      "geometry" : {
        "x" : 296271.12040000036,
        "y" : 445768.23930000141
      }
    },
    {
      "attributes" : {
        "FID" : 31,
        "PMNTN_SPOT" : 76081,
        "MNTN_CODE" : "472803401",
        "MANAGE_SP1" : "02",
        "MANAGE_SP2" : "분기점",
        "DETAIL_SPO" : "분기점",
        "ETC_MATTER" : " ",
        "MNTN_NM" : "작약산",
        "PAST_SPOT_" : "4728034010032",
        "MNTN_ID" : "472803401"
      },
      "geometry" : {
        "x" : 296294.40220000036,
        "y" : 445577.71700000204
      }
    },
    {
      "attributes" : {
        "FID" : 32,
        "PMNTN_SPOT" : 76082,
        "MNTN_CODE" : "472803401",
        "MANAGE_SP1" : "02",
        "MANAGE_SP2" : "분기점",
        "DETAIL_SPO" : "분기점",
        "ETC_MATTER" : " ",
        "MNTN_NM" : "작약산",
        "PAST_SPOT_" : "4728034010033",
        "MNTN_ID" : "472803401"
      },
      "geometry" : {
        "x" : 296297.43210000172,
        "y" : 445394.74210000038
      }
    },
    {
      "attributes" : {
        "FID" : 33,
        "PMNTN_SPOT" : 76083,
        "MNTN_CODE" : "472803401",
        "MANAGE_SP1" : "01",
        "MANAGE_SP2" : "시종점",
        "DETAIL_SPO" : "시종점",
        "ETC_MATTER" : " ",
        "MNTN_NM" : "작약산",
        "PAST_SPOT_" : "4728034010034",
        "MNTN_ID" : "472803401"
      },
      "geometry" : {
        "x" : 296473.79090000037,
        "y" : 445719.06430000439
      }
    },
    {
      "attributes" : {
        "FID" : 34,
        "PMNTN_SPOT" : 76084,
        "MNTN_CODE" : "472803401",
        "MANAGE_SP1" : "02",
        "MANAGE_SP2" : "분기점",
        "DETAIL_SPO" : "분기점",
        "ETC_MATTER" : " ",
        "MNTN_NM" : "작약산",
        "PAST_SPOT_" : "4728034010035",
        "MNTN_ID" : "472803401"
      },
      "geometry" : {
        "x" : 296865.83530000132,
        "y" : 445942.75579999946
      }
    },
    {
      "attributes" : {
        "FID" : 35,
        "PMNTN_SPOT" : 76085,
        "MNTN_CODE" : "472803401",
        "MANAGE_SP1" : "02",
        "MANAGE_SP2" : "분기점",
        "DETAIL_SPO" : "분기점",
        "ETC_MATTER" : " ",
        "MNTN_NM" : "작약산",
        "PAST_SPOT_" : "4728034010036",
        "MNTN_ID" : "472803401"
      },
      "geometry" : {
        "x" : 297482.82859999966,
        "y" : 444168.18760000169
      }
    },
    {
      "attributes" : {
        "FID" : 36,
        "PMNTN_SPOT" : 76086,
        "MNTN_CODE" : "472803401",
        "MANAGE_SP1" : "02",
        "MANAGE_SP2" : "분기점",
        "DETAIL_SPO" : "분기점",
        "ETC_MATTER" : " ",
        "MNTN_NM" : "작약산",
        "PAST_SPOT_" : "4728034010037",
        "MNTN_ID" : "472803401"
      },
      "geometry" : {
        "x" : 297657.69180000015,
        "y" : 443886.49460000172
      }
    },
    {
      "attributes" : {
        "FID" : 37,
        "PMNTN_SPOT" : 76087,
        "MNTN_CODE" : "472803401",
        "MANAGE_SP1" : "01",
        "MANAGE_SP2" : "시종점",
        "DETAIL_SPO" : "시종점",
        "ETC_MATTER" : " ",
        "MNTN_NM" : "작약산",
        "PAST_SPOT_" : "4728034010038",
        "MNTN_ID" : "472803401"
      },
      "geometry" : {
        "x" : 297682.25790000055,
        "y" : 443825.91620000079
      }
    },
    {
      "attributes" : {
        "FID" : 38,
        "PMNTN_SPOT" : 76088,
        "MNTN_CODE" : "472803401",
        "MANAGE_SP1" : "02",
        "MANAGE_SP2" : "분기점",
        "DETAIL_SPO" : "분기점",
        "ETC_MATTER" : " ",
        "MNTN_NM" : "작약산",
        "PAST_SPOT_" : "4728034010039",
        "MNTN_ID" : "472803401"
      },
      "geometry" : {
        "x" : 298219.59970000107,
        "y" : 446055.73060000129
      }
    },
    {
      "attributes" : {
        "FID" : 39,
        "PMNTN_SPOT" : 76089,
        "MNTN_CODE" : "472803401",
        "MANAGE_SP1" : "01",
        "MANAGE_SP2" : "시종점",
        "DETAIL_SPO" : "시종점",
        "ETC_MATTER" : " ",
        "MNTN_NM" : "작약산",
        "PAST_SPOT_" : "4728034010040",
        "MNTN_ID" : "472803401"
      },
      "geometry" : {
        "x" : 298256.73410000093,
        "y" : 444540.42080000229
      }
    },
    {
      "attributes" : {
        "FID" : 40,
        "PMNTN_SPOT" : 76090,
        "MNTN_CODE" : "472803401",
        "MANAGE_SP1" : "02",
        "MANAGE_SP2" : "분기점",
        "DETAIL_SPO" : "분기점",
        "ETC_MATTER" : " ",
        "MNTN_NM" : "작약산",
        "PAST_SPOT_" : "4728034010041",
        "MNTN_ID" : "472803401"
      },
      "geometry" : {
        "x" : 298299.98300000187,
        "y" : 444568.95450000279
      }
    },
    {
      "attributes" : {
        "FID" : 41,
        "PMNTN_SPOT" : 76091,
        "MNTN_CODE" : "472803401",
        "MANAGE_SP1" : "01",
        "MANAGE_SP2" : "시종점",
        "DETAIL_SPO" : "시종점",
        "ETC_MATTER" : " ",
        "MNTN_NM" : "작약산",
        "PAST_SPOT_" : "4728034010042",
        "MNTN_ID" : "472803401"
      },
      "geometry" : {
        "x" : 298537.26049999986,
        "y" : 445150.26840000041
      }
    },
    {
      "attributes" : {
        "FID" : 42,
        "PMNTN_SPOT" : 76092,
        "MNTN_CODE" : "472803401",
        "MANAGE_SP1" : "02",
        "MANAGE_SP2" : "분기점",
        "DETAIL_SPO" : "분기점",
        "ETC_MATTER" : " ",
        "MNTN_NM" : "작약산",
        "PAST_SPOT_" : "4728034010043",
        "MNTN_ID" : "472803401"
      },
      "geometry" : {
        "x" : 298624.0764000006,
        "y" : 445209.74770000204
      }
    },
    {
      "attributes" : {
        "FID" : 43,
        "PMNTN_SPOT" : 76093,
        "MNTN_CODE" : "472803401",
        "MANAGE_SP1" : "02",
        "MANAGE_SP2" : "분기점",
        "DETAIL_SPO" : "분기점",
        "ETC_MATTER" : " ",
        "MNTN_NM" : "작약산",
        "PAST_SPOT_" : "4728034010044",
        "MNTN_ID" : "472803401"
      },
      "geometry" : {
        "x" : 298645.11680000182,
        "y" : 445158.65210000239
      }
    },
    {
      "attributes" : {
        "FID" : 44,
        "PMNTN_SPOT" : 76094,
        "MNTN_CODE" : "472803401",
        "MANAGE_SP1" : "01",
        "MANAGE_SP2" : "시종점",
        "DETAIL_SPO" : "시종점",
        "ETC_MATTER" : " ",
        "MNTN_NM" : "작약산",
        "PAST_SPOT_" : "4728034010045",
        "MNTN_ID" : "472803401"
      },
      "geometry" : {
        "x" : 298953.87360000052,
        "y" : 445239.52129999921
      }
    },
    {
      "attributes" : {
        "FID" : 45,
        "PMNTN_SPOT" : 76095,
        "MNTN_CODE" : "472803401",
        "MANAGE_SP1" : "02",
        "MANAGE_SP2" : "분기점",
        "DETAIL_SPO" : "분기점",
        "ETC_MATTER" : " ",
        "MNTN_NM" : "작약산",
        "PAST_SPOT_" : "4728034010046",
        "MNTN_ID" : "472803401"
      },
      "geometry" : {
        "x" : 299160.07160000037,
        "y" : 446083.47519999929
      }
    },
    {
      "attributes" : {
        "FID" : 46,
        "PMNTN_SPOT" : 99055,
        "MNTN_CODE" : "472803401",
        "MANAGE_SP1" : "09",
        "MANAGE_SP2" : "기타건물",
        "DETAIL_SPO" : "기타건물",
        "ETC_MATTER" : " ",
        "MNTN_NM" : "작약산",
        "PAST_SPOT_" : "4728034010047",
        "MNTN_ID" : "472803401"
      },
      "geometry" : {
        "x" : 297479.42069999973,
        "y" : 444169.38299999887
      }
    },
    {
      "attributes" : {
        "FID" : 47,
        "PMNTN_SPOT" : 99056,
        "MNTN_CODE" : "472803401",
        "MANAGE_SP1" : "14",
        "MANAGE_SP2" : "조망점",
        "DETAIL_SPO" : "조망점",
        "ETC_MATTER" : " ",
        "MNTN_NM" : "작약산",
        "PAST_SPOT_" : "4728034010048",
        "MNTN_ID" : "472803401"
      },
      "geometry" : {
        "x" : 296294.94190000009,
        "y" : 445578.19729999988
      }
    },
    {
      "attributes" : {
        "FID" : 48,
        "PMNTN_SPOT" : 99057,
        "MNTN_CODE" : "472803401",
        "MANAGE_SP1" : "99",
        "MANAGE_SP2" : "기타",
        "DETAIL_SPO" : "거북바위",
        "ETC_MATTER" : " ",
        "MNTN_NM" : "작약산",
        "PAST_SPOT_" : "4728034010049",
        "MNTN_ID" : "472803401"
      },
      "geometry" : {
        "x" : 296271.30639999988,
        "y" : 445768.20649999927
      }
    },
    {
      "attributes" : {
        "FID" : 49,
        "PMNTN_SPOT" : 99058,
        "MNTN_CODE" : "472803401",
        "MANAGE_SP1" : "22",
        "MANAGE_SP2" : "헬기장",
        "DETAIL_SPO" : "헬기장",
        "ETC_MATTER" : " ",
        "MNTN_NM" : "작약산",
        "PAST_SPOT_" : "4728034010050",
        "MNTN_ID" : "472803401"
      },
      "geometry" : {
        "x" : 298499.62830000109,
        "y" : 444628.09989999951
      }
    },
    {
      "attributes" : {
        "FID" : 50,
        "PMNTN_SPOT" : 99059,
        "MNTN_CODE" : "472803401",
        "MANAGE_SP1" : "99",
        "MANAGE_SP2" : "기타",
        "DETAIL_SPO" : "임도",
        "ETC_MATTER" : " ",
        "MNTN_NM" : "작약산",
        "PAST_SPOT_" : "4728034010051",
        "MNTN_ID" : "472803401"
      },
      "geometry" : {
        "x" : 297985.13379999995,
        "y" : 444026.43720000033
      }
    },
    {
      "attributes" : {
        "FID" : 51,
        "PMNTN_SPOT" : 99060,
        "MNTN_CODE" : "472803401",
        "MANAGE_SP1" : "99",
        "MANAGE_SP2" : "기타",
        "DETAIL_SPO" : "산물감시초소",
        "ETC_MATTER" : " ",
        "MNTN_NM" : "작약산",
        "PAST_SPOT_" : "4728034010052",
        "MNTN_ID" : "472803401"
      },
      "geometry" : {
        "x" : 296867.89620000136,
        "y" : 445943.26510000124
      }
    },
    {
      "attributes" : {
        "FID" : 52,
        "PMNTN_SPOT" : 99061,
        "MNTN_CODE" : "472803401",
        "MANAGE_SP1" : "12",
        "MANAGE_SP2" : "위험지역",
        "DETAIL_SPO" : "위험지역",
        "ETC_MATTER" : " ",
        "MNTN_NM" : "작약산",
        "PAST_SPOT_" : "4728034010053",
        "MNTN_ID" : "472803401"
      },
      "geometry" : {
        "x" : 298926.69300000096,
        "y" : 445944.03769999905
      }
    },
    {
      "attributes" : {
        "FID" : 53,
        "PMNTN_SPOT" : 99062,
        "MNTN_CODE" : "472803401",
        "MANAGE_SP1" : "16",
        "MANAGE_SP2" : "주요나무",
        "DETAIL_SPO" : "소나무",
        "ETC_MATTER" : " ",
        "MNTN_NM" : "작약산",
        "PAST_SPOT_" : "4728034010054",
        "MNTN_ID" : "472803401"
      },
      "geometry" : {
        "x" : 299404.55989999941,
        "y" : 445669.19390000042
      }
    },
    {
      "attributes" : {
        "FID" : 54,
        "PMNTN_SPOT" : 99063,
        "MNTN_CODE" : "472803401",
        "MANAGE_SP1" : "06",
        "MANAGE_SP2" : "음수대",
        "DETAIL_SPO" : "안룡약수터",
        "ETC_MATTER" : " ",
        "MNTN_NM" : "작약산",
        "PAST_SPOT_" : "4728034010055",
        "MNTN_ID" : "472803401"
      },
      "geometry" : {
        "x" : 300382.52259999921,
        "y" : 445986.0177999998
      }
    },
    {
      "attributes" : {
        "FID" : 55,
        "PMNTN_SPOT" : 99064,
        "MNTN_CODE" : "472803401",
        "MANAGE_SP1" : "10",
        "MANAGE_SP2" : "이정표",
        "DETAIL_SPO" : "이정표",
        "ETC_MATTER" : " ",
        "MNTN_NM" : "작약산",
        "PAST_SPOT_" : "4728034010056",
        "MNTN_ID" : "472803401"
      },
      "geometry" : {
        "x" : 299641.20870000013,
        "y" : 446405.80039999995
      }
    },
    {
      "attributes" : {
        "FID" : 56,
        "PMNTN_SPOT" : 99065,
        "MNTN_CODE" : "472803401",
        "MANAGE_SP1" : "12",
        "MANAGE_SP2" : "위험지역",
        "DETAIL_SPO" : "위험지역",
        "ETC_MATTER" : " ",
        "MNTN_NM" : "작약산",
        "PAST_SPOT_" : "4728034010057",
        "MNTN_ID" : "472803401"
      },
      "geometry" : {
        "x" : 298646.83429999731,
        "y" : 445157.90719999943
      }
    }
  ]
}