{
  "displayFieldName" : "",
  "fieldAliases" : {
    "FID" : "FID",
    "PMNTN_SN" : "PMNTN_SN",
    "MNTN_CODE" : "MNTN_CODE",
    "MNTN_NM" : "MNTN_NM",
    "PMNTN_NM" : "PMNTN_NM",
    "PMNTN_MAIN" : "PMNTN_MAIN",
    "PMNTN_LT" : "PMNTN_LT",
    "PMNTN_DFFL" : "PMNTN_DFFL",
    "PMNTN_UPPL" : "PMNTN_UPPL",
    "PMNTN_GODN" : "PMNTN_GODN",
    "PMNTN_MTRQ" : "PMNTN_MTRQ",
    "PMNTN_CNRL" : "PMNTN_CNRL",
    "PMNTN_CLS_" : "PMNTN_CLS_",
    "PMNTN_RISK" : "PMNTN_RISK",
    "PMNTN_RECO" : "PMNTN_RECO",
    "DATA_STDR_" : "DATA_STDR_",
    "MNTN_ID" : "MNTN_ID"
  },
  "geometryType" : "esriGeometryPolyline",
  "spatialReference" : {
    "wkt" : "PROJCS[\"PCS_ITRF2000_TM\",GEOGCS[\"GCS_ITRF_2000\",DATUM[\"D_ITRF_2000\",SPHEROID[\"GRS_1980\",6378137.0,298.257222101]],PRIMEM[\"Greenwich\",0.0],UNIT[\"Degree\",0.0174532925199433]],PROJECTION[\"Transverse_Mercator\"],PARAMETER[\"False_Easting\",200000.0],PARAMETER[\"False_Northing\",600000.0],PARAMETER[\"Central_Meridian\",127.0],PARAMETER[\"Scale_Factor\",1.0],PARAMETER[\"Latitude_Of_Origin\",38.0],UNIT[\"Meter\",1.0]]"
  },
  "fields" : [
    {
      "name" : "FID",
      "type" : "esriFieldTypeOID",
      "alias" : "FID"
    },
    {
      "name" : "PMNTN_SN",
      "type" : "esriFieldTypeDouble",
      "alias" : "PMNTN_SN"
    },
    {
      "name" : "MNTN_CODE",
      "type" : "esriFieldTypeString",
      "alias" : "MNTN_CODE",
      "length" : 9
    },
    {
      "name" : "MNTN_NM",
      "type" : "esriFieldTypeString",
      "alias" : "MNTN_NM",
      "length" : 50
    },
    {
      "name" : "PMNTN_NM",
      "type" : "esriFieldTypeString",
      "alias" : "PMNTN_NM",
      "length" : 50
    },
    {
      "name" : "PMNTN_MAIN",
      "type" : "esriFieldTypeString",
      "alias" : "PMNTN_MAIN",
      "length" : 200
    },
    {
      "name" : "PMNTN_LT",
      "type" : "esriFieldTypeSingle",
      "alias" : "PMNTN_LT"
    },
    {
      "name" : "PMNTN_DFFL",
      "type" : "esriFieldTypeString",
      "alias" : "PMNTN_DFFL",
      "length" : 8
    },
    {
      "name" : "PMNTN_UPPL",
      "type" : "esriFieldTypeDouble",
      "alias" : "PMNTN_UPPL"
    },
    {
      "name" : "PMNTN_GODN",
      "type" : "esriFieldTypeDouble",
      "alias" : "PMNTN_GODN"
    },
    {
      "name" : "PMNTN_MTRQ",
      "type" : "esriFieldTypeString",
      "alias" : "PMNTN_MTRQ",
      "length" : 200
    },
    {
      "name" : "PMNTN_CNRL",
      "type" : "esriFieldTypeString",
      "alias" : "PMNTN_CNRL",
      "length" : 1
    },
    {
      "name" : "PMNTN_CLS_",
      "type" : "esriFieldTypeString",
      "alias" : "PMNTN_CLS_",
      "length" : 1
    },
    {
      "name" : "PMNTN_RISK",
      "type" : "esriFieldTypeString",
      "alias" : "PMNTN_RISK",
      "length" : 200
    },
    {
      "name" : "PMNTN_RECO",
      "type" : "esriFieldTypeString",
      "alias" : "PMNTN_RECO",
      "length" : 1
    },
    {
      "name" : "DATA_STDR_",
      "type" : "esriFieldTypeString",
      "alias" : "DATA_STDR_",
      "length" : 10
    },
    {
      "name" : "MNTN_ID",
      "type" : "esriFieldTypeString",
      "alias" : "MNTN_ID",
      "length" : 10
    }
  ],
  "features" : [
    {
      "attributes" : {
        "FID" : 0,
        "PMNTN_SN" : 8834,
        "MNTN_CODE" : "471904101",
        "MNTN_NM" : "기양산",
        "PMNTN_NM" : "상송리구간",
        "PMNTN_MAIN" : " ",
        "PMNTN_LT" : 2.36,
        "PMNTN_DFFL" : "쉬움",
        "PMNTN_UPPL" : 89,
        "PMNTN_GODN" : 62,
        "PMNTN_MTRQ" : " ",
        "PMNTN_CNRL" : " ",
        "PMNTN_CLS_" : " ",
        "PMNTN_RISK" : " ",
        "PMNTN_RECO" : " ",
        "DATA_STDR_" : "2016-12-31",
        "MNTN_ID" : "471900201"
      },
      "geometry" : {
        "paths" : [
          [
            [
              303704.63100000098,
              411312.22860000096
            ],
            [
              303701.89310000092,
              411309.33540000021
            ],
            [
              303700.23390000127,
              411305.63410000317
            ],
            [
              303696.59470000118,
              411298.14000000432
            ],
            [
              303696.03590000048,
              411294.2201000005
            ],
            [
              303695.27489999961,
              411290.25260000117
            ],
            [
              303692.89589999989,
              411279.87990000099
            ],
            [
              303692.05310000014,
              411275.39700000174
            ],
            [
              303691.56220000144,
              411271.43440000154
            ],
            [
              303691.42300000042,
              411267.88729999959
            ],
            [
              303691.82850000169,
              411263.31479999982
            ],
            [
              303692.62820000108,
              411260.24110000208
            ],
            [
              303694.65730000101,
              411256.16029999964
            ],
            [
              303698.93710000068,
              411250.19429999962
            ],
            [
              303700.49660000019,
              411247.68490000069
            ],
            [
              303701.87359999958,
              411243.66790000163
            ],
            [
              303702.08860000037,
              411239.32900000177
            ],
            [
              303701.57460000087,
              411235.83760000207
            ],
            [
              303699.24980000127,
              411226.34040000103
            ],
            [
              303697.69249999989,
              411218.09449999966
            ],
            [
              303694.62570000067,
              411204.94840000197
            ],
            [
              303693.64890000131,
              411200.01490000077
            ],
            [
              303692.8300999999,
              411194.5511000026
            ],
            [
              303692.48770000041,
              411189.65640000068
            ],
            [
              303692.5393000003,
              411186.11480000056
            ],
            [
              303692.92590000015,
              411181.70350000076
            ],
            [
              303693.5661000004,
              411177.23719999939
            ],
            [
              303694.45530000143,
              411172.70880000107
            ],
            [
              303695.57949999999,
              411168.18549999967
            ],
            [
              303696.92490000091,
              411163.71949999966
            ],
            [
              303698.56120000221,
              411159.14490000159
            ],
            [
              303700.04889999982,
              411155.67200000025
            ],
            [
              303702.11789999995,
              411151.74660000205
            ],
            [
              303704.61959999986,
              411147.78460000269
            ],
            [
              303707.58389999997,
              411143.7379999999
            ],
            [
              303711.08340000082,
              411139.50669999979
            ],
            [
              303716.89620000124,
              411133.20899999887
            ],
            [
              303728.72989999969,
              411121.27559999935
            ],
            [
              303737.02840000112,
              411112.39039999992
            ],
            [
              303746.60950000118,
              411102.75340000354
            ],
            [
              303750.02259999979,
              411098.85860000178
            ],
            [
              303752.67819999997,
              411095.21969999932
            ],
            [
              303755.07380000036,
              411091.06140000001
            ],
            [
              303757.31270000059,
              411086.15410000458
            ],
            [
              303759.1575000016,
              411081.30980000272
            ],
            [
              303763.20569999982,
              411069.67259999923
            ],
            [
              303765.47149999905,
              411064.06290000118
            ],
            [
              303768.99660000112,
              411056.06200000457
            ],
            [
              303773.34420000017,
              411047.00320000201
            ],
            [
              303776.41410000063,
              411040.95900000446
            ],
            [
              303779.37049999926,
              411035.628800001
            ],
            [
              303782.74650000222,
              411030.20380000211
            ],
            [
              303786.79879999999,
              411024.32909999974
            ],
            [
              303800.66300000064,
              411005.97380000167
            ],
            [
              303805.38509999961,
              410999.43680000119
            ],
            [
              303811.11029999889,
              410991.05390000157
            ],
            [
              303823.01499999966,
              410972.57989999838
            ],
            [
              303828.38269999996,
              410964.57720000111
            ],
            [
              303841.33820000105,
              410946.40400000103
            ],
            [
              303845.95440000109,
              410939.57570000365
            ],
            [
              303848.91770000011,
              410934.74310000241
            ],
            [
              303851.59270000085,
              410929.75370000303
            ],
            [
              303859.51060000062,
              410912.7193
            ],
            [
              303862.46900000051,
              410906.81110000424
            ],
            [
              303865.47460000217,
              410901.60859999992
            ],
            [
              303869.11450000014,
              410896.23950000107
            ],
            [
              303872.94009999931,
              410891.08860000223
            ],
            [
              303877.13109999988,
              410885.85520000011
            ],
            [
              303881.80229999963,
              410880.40730000287
            ],
            [
              303886.51840000041,
              410875.24899999984
            ],
            [
              303892.53859999962,
              410869.48820000142
            ],
            [
              303904.83169999998,
              410858.88870000094
            ],
            [
              303909.77460000198,
              410854.38190000132
            ],
            [
              303916.76060000062,
              410847.2360999994
            ],
            [
              303924.32679999992,
              410839.04250000045
            ],
            [
              303931.13480000012,
              410831.1699000001
            ],
            [
              303937.13960000034,
              410823.6436999999
            ],
            [
              303942.45440000016,
              410816.32210000046
            ],
            [
              303947.12760000024,
              410809.13720000163
            ],
            [
              303949.86330000032,
              410804.33660000376
            ],
            [
              303952.3526999997,
              410799.01540000178
            ],
            [
              303954.78090000153,
              410792.84190000221
            ],
            [
              303959.52140000183,
              410779.24870000035
            ],
            [
              303961.41469999868,
              410774.32600000128
            ],
            [
              303963.87349999975,
              410768.69649999961
            ],
            [
              303966.43210000079,
              410763.871199999
            ],
            [
              303968.9066000022,
              410760.06130000018
            ],
            [
              303971.67669999972,
              410756.73379999958
            ],
            [
              303974.76240000129,
              410753.62610000186
            ],
            [
              303982.27460000012,
              410746.64750000089
            ],
            [
              303985.57300000172,
              410743.15870000049
            ],
            [
              303988.11820000131,
              410739.76600000262
            ],
            [
              303989.89030000009,
              410736.42510000244
            ],
            [
              303990.89890000131,
              410733.54740000144
            ],
            [
              303991.67470000125,
              410730.31440000422
            ],
            [
              303992.23330000043,
              410726.67070000246
            ],
            [
              303992.61210000049,
              410722.37680000067
            ],
            [
              303993.11259999964,
              410714.53640000336
            ],
            [
              303993.18930000067,
              410708.5335000027
            ],
            [
              303992.2938000001,
              410696.68649999984
            ],
            [
              303992.18130000122,
              410692.97290000319
            ],
            [
              303992.42609999981,
              410689.53370000236
            ],
            [
              303993.95960000064,
              410684.52459999733
            ],
            [
              303996.92709999997,
              410680.02290000021
            ],
            [
              304000.04879999999,
              410676.82690000162
            ],
            [
              304007.02490000054,
              410670.69120000117
            ],
            [
              304009.81960000005,
              410668.01250000112
            ],
            [
              304012.37150000036,
              410665.04170000181
            ],
            [
              304014.18140000012,
              410662.15839999914
            ],
            [
              304015.61950000003,
              410658.69710000046
            ],
            [
              304016.70920000039,
              410654.5791000016
            ],
            [
              304017.41360000055,
              410650.44419999979
            ],
            [
              304018.74410000071,
              410640.16260000132
            ],
            [
              304019.82299999986,
              410635.00799999945
            ],
            [
              304021.01240000129,
              410631.58530000038
            ],
            [
              304024.14450000133,
              410625.87609999999
            ],
            [
              304027.69649999961,
              410621.12350000255
            ],
            [
              304032.31049999967,
              410615.97809999995
            ],
            [
              304037.36450000014,
              410610.79950000159
            ],
            [
              304042.71990000084,
              410605.75900000148
            ],
            [
              304047.25079999957,
              410601.80790000036
            ],
            [
              304051.68690000102,
              410598.44900000095
            ],
            [
              304056.84439999983,
              410594.95280000009
            ],
            [
              304074.76060000062,
              410584.02430000156
            ],
            [
              304081.33029999956,
              410579.75720000081
            ],
            [
              304087.50499999989,
              410575.19050000235
            ],
            [
              304092.82780000195,
              410570.51620000228
            ],
            [
              304097.5521000009,
              410565.79619999975
            ],
            [
              304102.50240000058,
              410560.36810000427
            ],
            [
              304107.87060000096,
              410554.03519999981
            ],
            [
              304124.53760000132,
              410533.64790000021
            ],
            [
              304132.19550000131,
              410524.62600000203
            ],
            [
              304137.3152999999,
              410518.91479999945
            ],
            [
              304140.36239999998,
              410515.70460000262
            ],
            [
              304143.22110000066,
              410513.02209999785
            ],
            [
              304146.64950000122,
              410510.27899999917
            ],
            [
              304150.70340000093,
              410507.51659999974
            ],
            [
              304154.30860000011,
              410505.29580000415
            ],
            [
              304165.22440000065,
              410499.05730000325
            ],
            [
              304170.61280000024,
              410495.59310000017
            ],
            [
              304177.68609999958,
              410490.68700000271
            ],
            [
              304184.18410000019,
              410485.75580000132
            ],
            [
              304188.70520000067,
              410482.04010000266
            ],
            [
              304192.47149999999,
              410478.53529999964
            ],
            [
              304195.26769999973,
              410475.52190000191
            ],
            [
              304198.18390000053,
              410471.99470000155
            ],
            [
              304208.21120000072,
              410458.42180000246
            ],
            [
              304212.5504999999,
              410453.04300000146
            ],
            [
              304216.98570000194,
              410448.34109999985
            ],
            [
              304228.15780000016,
              410437.53200000152
            ],
            [
              304230.95730000082,
              410434.50480000116
            ],
            [
              304233.31310000084,
              410431.64279999956
            ],
            [
              304235.58890000079,
              410428.42600000091
            ],
            [
              304237.86120000016,
              410424.66270000115
            ],
            [
              304244.28980000131,
              410412.24320000224
            ],
            [
              304246.57240000088,
              410408.13300000131
            ],
            [
              304249.5904000001,
              410403.23249999993
            ],
            [
              304253.83450000081,
              410396.92820000276
            ],
            [
              304257.96320000105,
              410391.11269999854
            ],
            [
              304261.8275000006,
              410386.22950000316
            ],
            [
              304265.57949999999,
              410382.07090000249
            ],
            [
              304269.69359999988,
              410378.11760000139
            ],
            [
              304275.63540000189,
              410373.1798000019
            ],
            [
              304282.62829999998,
              410368.11889999919
            ],
            [
              304292.75360000134,
              410361.59120000154
            ],
            [
              304298.12370000128,
              410358.31280000135
            ],
            [
              304300.81210000068,
              410356.88340000436
            ],
            [
              304305.05710000172,
              410355.06660000235
            ],
            [
              304310.08739999961,
              410353.36250000261
            ],
            [
              304314.52419999987,
              410352.07469999976
            ],
            [
              304326.81419999991,
              410348.92200000212
            ],
            [
              304332.28090000059,
              410347.28740000352
            ],
            [
              304337.02819999959,
              410345.50680000149
            ],
            [
              304340.97400000226,
              410343.56699999794
            ],
            [
              304344.50439999998,
              410341.20950000174
            ],
            [
              304347.34259999916,
              410338.53280000389
            ],
            [
              304349.4225000022,
              410335.68150000088
            ],
            [
              304351.39890000131,
              410331.72079999931
            ],
            [
              304352.9486999996,
              410327.54289999977
            ],
            [
              304354.24459999893,
              410322.87910000235
            ],
            [
              304355.26190000027,
              410317.79839999974
            ],
            [
              304355.91959999967,
              410312.70920000412
            ],
            [
              304355.97850000113,
              410309.63440000266
            ],
            [
              304355.71619999968,
              410306.22360000201
            ],
            [
              304355.22340000048,
              410302.67029999942
            ],
            [
              304353.18910000194,
              410291.75860000402
            ],
            [
              304352.81480000168,
              410288.39000000432
            ],
            [
              304352.8069999991,
              410284.03050000221
            ],
            [
              304353.36580000073,
              410279.66620000266
            ],
            [
              304355.70150000043,
              410269.96199999936
            ],
            [
              304356.36959999986,
              410266.59999999963
            ],
            [
              304356.69809999876,
              410262.04489999823
            ],
            [
              304356.04970000125,
              410257.18690000102
            ],
            [
              304354.67230000068,
              410253.46770000085
            ],
            [
              304352.8403000012,
              410249.87760000117
            ],
            [
              304347.47900000028,
              410240.58889999986
            ],
            [
              304345.69200000167,
              410236.53350000456
            ],
            [
              304344.33680000063,
              410232.22159999982
            ],
            [
              304343.29040000029,
              410227.66440000199
            ],
            [
              304342.07830000017,
              410221.50410000421
            ],
            [
              304341.4532000022,
              410216.08110000007
            ],
            [
              304341.40170000028,
              410211.23479999974
            ],
            [
              304341.95800000057,
              410206.6969000008
            ],
            [
              304343.1174000008,
              410202.76970000193
            ],
            [
              304344.68450000044,
              410199.72620000131
            ],
            [
              304349.8515000008,
              410191.26369999908
            ],
            [
              304351.21410000138,
              410187.79529999755
            ],
            [
              304352.41540000029,
              410182.70020000078
            ],
            [
              304353.9310999997,
              410172.22440000251
            ],
            [
              304354.78309999965,
              410167.87870000117
            ],
            [
              304356.16900000069,
              410162.30980000272
            ],
            [
              304358.07739999983,
              410156.00950000249
            ],
            [
              304360.72890000045,
              410148.54340000078
            ],
            [
              304362.17380000092,
              410145.36850000173
            ],
            [
              304363.72770000156,
              410142.51000000164
            ],
            [
              304365.58169999998,
              410139.63870000094
            ],
            [
              304367.72700000089,
              410136.77260000259
            ],
            [
              304370.19039999973,
              410133.88000000268
            ],
            [
              304372.97000000067,
              410130.9673999995
            ],
            [
              304379.57570000086,
              410124.98230000213
            ],
            [
              304386.94800000079,
              410119.1873000022
            ],
            [
              304391.3200000003,
              410116.19140000455
            ],
            [
              304396.21999999881,
              410113.44450000115
            ],
            [
              304408.7379999999,
              410107.1352000013
            ],
            [
              304412.06780000124,
              410105.20119999908
            ],
            [
              304415.06670000125,
              410103.20540000126
            ],
            [
              304420.55080000032,
              410099.18180000037
            ],
            [
              304426.03590000048,
              410094.77790000103
            ],
            [
              304431.51610000152,
              410089.99850000069
            ],
            [
              304436.98379999958,
              410084.85019999929
            ],
            [
              304442.08980000112,
              410079.64530000091
            ],
            [
              304447.20000000112,
              410073.87390000187
            ],
            [
              304453.02290000021,
              410066.71200000122
            ],
            [
              304462.24210000038,
              410054.74670000188
            ],
            [
              304467.84290000144,
              410048.4821000006
            ],
            [
              304469.88360000122,
              410045.98719999939
            ],
            [
              304472.08090000134,
              410042.77940000035
            ],
            [
              304473.80170000065,
              410038.83370000124
            ],
            [
              304474.13430000003,
              410034.06730000116
            ],
            [
              304473.42150000017,
              410029.74220000207
            ],
            [
              304471.29129999969,
              410021.35160000063
            ],
            [
              304470.8414000012,
              410017.66139999963
            ],
            [
              304470.95839999989,
              410013.83960000053
            ],
            [
              304471.4140000008,
              410010.84100000374
            ],
            [
              304473.68870000076,
              410001.10230000131
            ],
            [
              304474.35140000004,
              409997.62609999999
            ],
            [
              304474.6846000012,
              409994.29780000076
            ],
            [
              304474.41590000037,
              409989.89320000075
            ],
            [
              304473.48589999974,
              409985.42830000073
            ],
            [
              304469.83820000011,
              409974.36739999987
            ],
            [
              304468.6528000012,
              409969.81259999983
            ],
            [
              304467.26980000082,
              409963.01989999972
            ],
            [
              304466.3526999997,
              409956.29370000213
            ],
            [
              304466.01550000068,
              409952.1686000023
            ],
            [
              304466.07720000111,
              409948.55880000256
            ],
            [
              304466.75409999955,
              409944.58780000173
            ],
            [
              304468.07630000077,
              409940.79910000041
            ],
            [
              304469.51170000061,
              409938.02679999918
            ],
            [
              304472.11710000224,
              409933.62710000202
            ],
            [
              304475.31120000128,
              409928.9422999993
            ],
            [
              304481.44660000037,
              409921.30660000071
            ],
            [
              304483.06970000081,
              409918.78410000354
            ],
            [
              304484.26530000102,
              409915.20869999938
            ],
            [
              304484.06329999957,
              409911.1035999991
            ],
            [
              304482.91810000222,
              409907.61500000209
            ],
            [
              304481.58970000129,
              409905.09190000221
            ],
            [
              304479.84470000211,
              409902.46079999767
            ],
            [
              304477.68690000009,
              409899.72760000452
            ],
            [
              304475.11730000004,
              409896.89470000193
            ],
            [
              304472.14900000114,
              409893.977400003
            ],
            [
              304468.90230000112,
              409891.07670000196
            ],
            [
              304465.08450000081,
              409887.95490000211
            ],
            [
              304460.45640000049,
              409884.44940000214
            ],
            [
              304455.45100000128,
              409881.58250000142
            ],
            [
              304450.61450000107,
              409879.79850000143
            ],
            [
              304440.78280000109,
              409877.0482000038
            ],
            [
              304437.5831000004,
              409875.98270000145
            ],
            [
              304434.04360000044,
              409874.53160000034
            ],
            [
              304429.95210000034,
              409872.11030000076
            ],
            [
              304425.89140000101,
              409868.96280000173
            ],
            [
              304420.88290000055,
              409864.32679999992
            ],
            [
              304416.37990000006,
              409859.27950000204
            ],
            [
              304412.53899999987,
              409854.00249999948
            ],
            [
              304410.69790000096,
              409850.95670000091
            ],
            [
              304409.30680000037,
              409848.15160000324
            ],
            [
              304408.01819999982,
              409844.90269999951
            ],
            [
              304406.86900000088,
              409841.25459999777
            ],
            [
              304405.4383000005,
              409835.34919999912
            ],
            [
              304402.50769999996,
              409820.68740000017
            ],
            [
              304398.43110000063,
              409804.91119999997
            ],
            [
              304397.19530000072,
              409799.41459999979
            ],
            [
              304396.08910000138,
              409793.23890000023
            ],
            [
              304395.5223000003,
              409787.68900000118
            ],
            [
              304395.43670000229,
              409783.68480000272
            ],
            [
              304395.49480000138,
              409778.57520000264
            ],
            [
              304395.74870000035,
              409774.4226000011
            ],
            [
              304396.16450000182,
              409770.84170000069
            ],
            [
              304397.32280000206,
              409766.50359999947
            ],
            [
              304399.70139999967,
              409762.36390000395
            ],
            [
              304402.24450000003,
              409759.81740000099
            ],
            [
              304409.33080000151,
              409754.45590000041
            ],
            [
              304411.85830000043,
              409752.28570000082
            ],
            [
              304413.86790000089,
              409750.02649999969
            ],
            [
              304415.69000000041,
              409747.10889999755
            ],
            [
              304417.00220000092,
              409744.35780000128
            ],
            [
              304418.20560000092,
              409741.17530000024
            ],
            [
              304419.30010000151,
              409737.7405999992
            ],
            [
              304422.2611000007,
              409726.95529999956
            ],
            [
              304423.37119999994,
              409723.74120000191
            ],
            [
              304424.60210000165,
              409720.8283000011
            ],
            [
              304427.58030000143,
              409714.54720000178
            ],
            [
              304431.05360000115,
              409707.83400000259
            ],
            [
              304437.80500000063,
              409695.24719999917
            ],
            [
              304442.8618999999,
              409686.80230000243
            ],
            [
              304446.43140000105,
              409681.47080000117
            ],
            [
              304449.11870000046,
              409678.20969999954
            ],
            [
              304452.82740000077,
              409674.90150000155
            ],
            [
              304460.36569999903,
              409669.5633000005
            ],
            [
              304462.82340000011,
              409667.28559999913
            ],
            [
              304464.83430000022,
              409664.62290000357
            ],
            [
              304466.10570000112,
              409662.06960000284
            ],
            [
              304467.13889999967,
              409659.25860000029
            ],
            [
              304467.9720999999,
              409656.12780000083
            ],
            [
              304468.63730000053,
              409652.4411999993
            ],
            [
              304469.06400000025,
              409648.43490000442
            ],
            [
              304469.23890000116,
              409644.36520000175
            ],
            [
              304468.82490000222,
              409640.29710000195
            ],
            [
              304467.89020000212,
              409636.27140000463
            ],
            [
              304464.80009999964,
              409626.97829999961
            ],
            [
              304463.78770000022,
              409623.4627000019
            ],
            [
              304463.12640000135,
              409620.1043000035
            ],
            [
              304462.81000000052,
              409616.43290000223
            ],
            [
              304462.83290000167,
              409609.72120000236
            ],
            [
              304463.75670000166,
              409594.81510000117
            ],
            [
              304464.04069999978,
              409577.71450000256
            ],
            [
              304463.94249999989,
              409567.65010000207
            ],
            [
              304463.38060000073,
              409559.33530000411
            ],
            [
              304462.70779999997,
              409554.30270000175
            ],
            [
              304461.64250000007,
              409549.26030000299
            ],
            [
              304460.49330000207,
              409544.87989999913
            ],
            [
              304456.59640000109,
              409531.88260000013
            ],
            [
              304454.98370000068,
              409525.14380000159
            ],
            [
              304453.37810000125,
              409516.60800000094
            ],
            [
              304452.14840000123,
              409507.51270000078
            ],
            [
              304451.68520000018,
              409502.79370000027
            ],
            [
              304451.59420000017,
              409498.68590000272
            ],
            [
              304451.79899999965,
              409495.5867999997
            ],
            [
              304452.62840000074,
              409491.41980000213
            ],
            [
              304454.52320000064,
              409486.92129999958
            ],
            [
              304456.65469999984,
              409483.77530000173
            ],
            [
              304463.4422000004,
              409475.87880000286
            ],
            [
              304466.02230000123,
              409472.39570000023
            ],
            [
              304467.9226000011,
              409468.77290000021
            ],
            [
              304469.94560000021,
              409463.05969999917
            ],
            [
              304471.67070000153,
              409456.26240000129
            ],
            [
              304472.72750000097,
              409450.31260000356
            ],
            [
              304472.87040000223,
              409445.52059999853
            ],
            [
              304472.40620000195,
              409436.20199999958
            ],
            [
              304472.37339999992,
              409432.48780000024
            ],
            [
              304472.69189999998,
              409428.74140000157
            ],
            [
              304473.4338999996,
              409425.54350000061
            ],
            [
              304475.13970000111,
              409421.66149999946
            ],
            [
              304477.67890000064,
              409417.57810000144
            ],
            [
              304480.94820000045,
              409413.46410000324
            ],
            [
              304484.93410000112,
              409409.32690000162
            ],
            [
              304489.69170000032,
              409405.13270000182
            ],
            [
              304493.23940000124,
              409402.53440000117
            ],
            [
              304496.8245000001,
              409400.62870000117
            ],
            [
              304506.34250000026,
              409396.35490000248
            ],
            [
              304509.92980000097,
              409394.14499999955
            ],
            [
              304514.81020000018,
              409389.85649999976
            ],
            [
              304518.32349999994,
              409385.93040000089
            ],
            [
              304521.51209999993,
              409381.61690000258
            ],
            [
              304524.37789999973,
              409376.91390000097
            ]
          ]
        ]
      }
    }
  ]
}