{
  "displayFieldName" : "",
  "fieldAliases" : {
    "FID" : "FID",
    "PMNTN_SN" : "PMNTN_SN",
    "MNTN_CODE" : "MNTN_CODE",
    "MNTN_NM" : "MNTN_NM",
    "PMNTN_NM" : "PMNTN_NM",
    "PMNTN_MAIN" : "PMNTN_MAIN",
    "PMNTN_LT" : "PMNTN_LT",
    "PMNTN_DFFL" : "PMNTN_DFFL",
    "PMNTN_UPPL" : "PMNTN_UPPL",
    "PMNTN_GODN" : "PMNTN_GODN",
    "PMNTN_MTRQ" : "PMNTN_MTRQ",
    "PMNTN_CNRL" : "PMNTN_CNRL",
    "PMNTN_CLS_" : "PMNTN_CLS_",
    "PMNTN_RISK" : "PMNTN_RISK",
    "PMNTN_RECO" : "PMNTN_RECO",
    "DATA_STDR_" : "DATA_STDR_",
    "MNTN_ID" : "MNTN_ID"
  },
  "geometryType" : "esriGeometryPolyline",
  "spatialReference" : {
    "wkt" : "PROJCS[\"PCS_ITRF2000_TM\",GEOGCS[\"GCS_ITRF_2000\",DATUM[\"D_ITRF_2000\",SPHEROID[\"GRS_1980\",6378137.0,298.257222101]],PRIMEM[\"Greenwich\",0.0],UNIT[\"Degree\",0.0174532925199433]],PROJECTION[\"Transverse_Mercator\"],PARAMETER[\"False_Easting\",200000.0],PARAMETER[\"False_Northing\",600000.0],PARAMETER[\"Central_Meridian\",127.0],PARAMETER[\"Scale_Factor\",1.0],PARAMETER[\"Latitude_Of_Origin\",38.0],UNIT[\"Meter\",1.0]]"
  },
  "fields" : [
    {
      "name" : "FID",
      "type" : "esriFieldTypeOID",
      "alias" : "FID"
    },
    {
      "name" : "PMNTN_SN",
      "type" : "esriFieldTypeDouble",
      "alias" : "PMNTN_SN"
    },
    {
      "name" : "MNTN_CODE",
      "type" : "esriFieldTypeString",
      "alias" : "MNTN_CODE",
      "length" : 9
    },
    {
      "name" : "MNTN_NM",
      "type" : "esriFieldTypeString",
      "alias" : "MNTN_NM",
      "length" : 50
    },
    {
      "name" : "PMNTN_NM",
      "type" : "esriFieldTypeString",
      "alias" : "PMNTN_NM",
      "length" : 50
    },
    {
      "name" : "PMNTN_MAIN",
      "type" : "esriFieldTypeString",
      "alias" : "PMNTN_MAIN",
      "length" : 200
    },
    {
      "name" : "PMNTN_LT",
      "type" : "esriFieldTypeSingle",
      "alias" : "PMNTN_LT"
    },
    {
      "name" : "PMNTN_DFFL",
      "type" : "esriFieldTypeString",
      "alias" : "PMNTN_DFFL",
      "length" : 8
    },
    {
      "name" : "PMNTN_UPPL",
      "type" : "esriFieldTypeDouble",
      "alias" : "PMNTN_UPPL"
    },
    {
      "name" : "PMNTN_GODN",
      "type" : "esriFieldTypeDouble",
      "alias" : "PMNTN_GODN"
    },
    {
      "name" : "PMNTN_MTRQ",
      "type" : "esriFieldTypeString",
      "alias" : "PMNTN_MTRQ",
      "length" : 200
    },
    {
      "name" : "PMNTN_CNRL",
      "type" : "esriFieldTypeString",
      "alias" : "PMNTN_CNRL",
      "length" : 1
    },
    {
      "name" : "PMNTN_CLS_",
      "type" : "esriFieldTypeString",
      "alias" : "PMNTN_CLS_",
      "length" : 1
    },
    {
      "name" : "PMNTN_RISK",
      "type" : "esriFieldTypeString",
      "alias" : "PMNTN_RISK",
      "length" : 200
    },
    {
      "name" : "PMNTN_RECO",
      "type" : "esriFieldTypeString",
      "alias" : "PMNTN_RECO",
      "length" : 1
    },
    {
      "name" : "DATA_STDR_",
      "type" : "esriFieldTypeString",
      "alias" : "DATA_STDR_",
      "length" : 10
    },
    {
      "name" : "MNTN_ID",
      "type" : "esriFieldTypeString",
      "alias" : "MNTN_ID",
      "length" : 10
    }
  ],
  "features" : [
    {
      "attributes" : {
        "FID" : 0,
        "PMNTN_SN" : 37541,
        "MNTN_CODE" : "113800704",
        "MNTN_NM" : "역촌근린공원",
        "PMNTN_NM" : "구산동구간",
        "PMNTN_MAIN" : " ",
        "PMNTN_LT" : 0.17,
        "PMNTN_DFFL" : "쉬움",
        "PMNTN_UPPL" : 3,
        "PMNTN_GODN" : 2,
        "PMNTN_MTRQ" : "흙길",
        "PMNTN_CNRL" : " ",
        "PMNTN_CLS_" : " ",
        "PMNTN_RISK" : " ",
        "PMNTN_RECO" : " ",
        "DATA_STDR_" : "2016-12-31",
        "MNTN_ID" : "113800704"
      },
      "geometry" : {
        "paths" : [
          [
            [
              191872.60660000239,
              556633.74050000124
            ],
            [
              191872.23749999981,
              556634.68040000089
            ],
            [
              191870.31760000158,
              556639.14780000225
            ],
            [
              191868.3953999998,
              556642.73589999974
            ],
            [
              191865.23839999922,
              556644.1015000008
            ],
            [
              191861.45770000014,
              556645.59410000406
            ],
            [
              191854.35450000037,
              556647.32220000029
            ],
            [
              191847.05270000175,
              556650.37150000036
            ],
            [
              191844.45600000117,
              556651.85040000081
            ],
            [
              191839.17560000345,
              556654.85799999908
            ],
            [
              191834.92139999941,
              556657.17129999958
            ],
            [
              191829.17870000377,
              556663.37200000137
            ],
            [
              191826.88329999987,
              556667.8721000012
            ],
            [
              191826.97869999986,
              556673.35879999958
            ],
            [
              191824.65160000138,
              556680.31719999947
            ],
            [
              191822.18050000258,
              556685.88320000097
            ],
            [
              191822.06000000332,
              556688.71610000171
            ],
            [
              191819.32550000213,
              556698.01029999927
            ],
            [
              191813.9823000012,
              556711.17940000072
            ],
            [
              191806.33580000047,
              556724.48850000463
            ],
            [
              191802.44790000003,
              556730.39120000042
            ],
            [
              191801.4177000029,
              556736.00349999964
            ],
            [
              191795.91789999977,
              556745.61959999986
            ],
            [
              191789.64899999928,
              556753.34020000137
            ],
            [
              191787.78370000143,
              556756.98920000531
            ],
            [
              191785.27110000234,
              556763.28889999911
            ],
            [
              191785.48520000093,
              556768.3065000046
            ]
          ]
        ]
      }
    },
    {
      "attributes" : {
        "FID" : 1,
        "PMNTN_SN" : 37542,
        "MNTN_CODE" : "113800704",
        "MNTN_NM" : "역촌근린공원",
        "PMNTN_NM" : "구산동구간",
        "PMNTN_MAIN" : " ",
        "PMNTN_LT" : 0.14,
        "PMNTN_DFFL" : "쉬움",
        "PMNTN_UPPL" : 2,
        "PMNTN_GODN" : 2,
        "PMNTN_MTRQ" : "흙길",
        "PMNTN_CNRL" : " ",
        "PMNTN_CLS_" : " ",
        "PMNTN_RISK" : " ",
        "PMNTN_RECO" : " ",
        "DATA_STDR_" : "2016-12-31",
        "MNTN_ID" : "113800704"
      },
      "geometry" : {
        "paths" : [
          [
            [
              191872.60660000239,
              556633.74050000124
            ],
            [
              191873.19790000003,
              556648.55870000087
            ],
            [
              191872.15759999957,
              556654.5402999986
            ],
            [
              191869.85950000305,
              556666.22320000082
            ],
            [
              191868.27720000036,
              556668.98850000091
            ],
            [
              191868.94570000097,
              556670.11269999854
            ],
            [
              191867.20399999991,
              556676.3853999991
            ],
            [
              191865.84390000161,
              556685.69910000078
            ],
            [
              191864.34200000111,
              556691.61730000004
            ],
            [
              191861.32600000314,
              556696.0829000026
            ],
            [
              191856.03560000099,
              556700.9963000007
            ],
            [
              191851.31979999971,
              556704.96770000085
            ],
            [
              191850.4486000007,
              556713.51700000092
            ],
            [
              191851.99570000265,
              556718.00249999948
            ],
            [
              191851.8050000025,
              556720.86370000243
            ],
            [
              191849.6696000034,
              556724.35390000418
            ],
            [
              191846.80160000175,
              556728.72639999911
            ],
            [
              191844.48940000124,
              556735.33300000243
            ],
            [
              191844.27200000081,
              556740.05920000188
            ],
            [
              191841.86370000243,
              556742.65200000443
            ],
            [
              191839.39850000013,
              556746.69390000217
            ],
            [
              191838.86129999999,
              556749.02760000154
            ],
            [
              191839.70640000049,
              556751.22630000114
            ],
            [
              191845.12200000044,
              556751.80060000345
            ],
            [
              191849.29050000291,
              556752.83900000155
            ]
          ]
        ]
      }
    },
    {
      "attributes" : {
        "FID" : 2,
        "PMNTN_SN" : 37543,
        "MNTN_CODE" : "113800704",
        "MNTN_NM" : "역촌근린공원",
        "PMNTN_NM" : "구산동구간",
        "PMNTN_MAIN" : " ",
        "PMNTN_LT" : 0.02,
        "PMNTN_DFFL" : "쉬움",
        "PMNTN_UPPL" : 1,
        "PMNTN_GODN" : 0,
        "PMNTN_MTRQ" : "흙길",
        "PMNTN_CNRL" : " ",
        "PMNTN_CLS_" : " ",
        "PMNTN_RISK" : " ",
        "PMNTN_RECO" : " ",
        "DATA_STDR_" : "2016-12-31",
        "MNTN_ID" : "113800704"
      },
      "geometry" : {
        "paths" : [
          [
            [
              191785.48520000093,
              556768.3065000046
            ],
            [
              191792.12249999959,
              556768.73450000398
            ],
            [
              191800.87730000354,
              556772.72320000082
            ],
            [
              191804.0717000002,
              556774.38790000416
            ]
          ]
        ]
      }
    },
    {
      "attributes" : {
        "FID" : 3,
        "PMNTN_SN" : 37544,
        "MNTN_CODE" : "113800704",
        "MNTN_NM" : "역촌근린공원",
        "PMNTN_NM" : "구산동구간",
        "PMNTN_MAIN" : " ",
        "PMNTN_LT" : 0.03,
        "PMNTN_DFFL" : "쉬움",
        "PMNTN_UPPL" : 1,
        "PMNTN_GODN" : 0,
        "PMNTN_MTRQ" : "흙길",
        "PMNTN_CNRL" : " ",
        "PMNTN_CLS_" : " ",
        "PMNTN_RISK" : " ",
        "PMNTN_RECO" : " ",
        "DATA_STDR_" : "2016-12-31",
        "MNTN_ID" : "113800704"
      },
      "geometry" : {
        "paths" : [
          [
            [
              191812.73660000227,
              556779.73570000008
            ],
            [
              191815.24220000114,
              556781.75450000167
            ],
            [
              191819.78529999964,
              556783.41620000266
            ],
            [
              191822.01690000389,
              556784.2239000015
            ],
            [
              191824.92030000221,
              556788.34180000238
            ],
            [
              191827.16450000089,
              556792.83570000157
            ],
            [
              191835.17360000312,
              556794.3256000001
            ],
            [
              191837.42110000271,
              556794.29480000213
            ],
            [
              191838.46829999983,
              556793.84410000034
            ]
          ]
        ]
      }
    },
    {
      "attributes" : {
        "FID" : 4,
        "PMNTN_SN" : 37545,
        "MNTN_CODE" : "113800704",
        "MNTN_NM" : "역촌근린공원",
        "PMNTN_NM" : "구산동구간",
        "PMNTN_MAIN" : " ",
        "PMNTN_LT" : 0.04,
        "PMNTN_DFFL" : "쉬움",
        "PMNTN_UPPL" : 1,
        "PMNTN_GODN" : 0,
        "PMNTN_MTRQ" : "흙길",
        "PMNTN_CNRL" : " ",
        "PMNTN_CLS_" : " ",
        "PMNTN_RISK" : " ",
        "PMNTN_RECO" : " ",
        "DATA_STDR_" : "2016-12-31",
        "MNTN_ID" : "113800704"
      },
      "geometry" : {
        "paths" : [
          [
            [
              191810.92130000144,
              556964.87670000084
            ],
            [
              191813.34610000346,
              556962.74060000107
            ],
            [
              191816.13990000077,
              556961.43689999916
            ],
            [
              191818.34850000124,
              556960.19540000521
            ],
            [
              191820.99450000189,
              556956.66999999993
            ],
            [
              191824.8226000024,
              556953.92989999987
            ],
            [
              191827.13680000044,
              556953.57860000245
            ],
            [
              191828.73170000408,
              556954.43980000168
            ],
            [
              191830.53010000382,
              556954.43810000457
            ],
            [
              191832.33560000267,
              556954.13859999925
            ],
            [
              191833.23760000058,
              556953.23530000262
            ],
            [
              191834.43590000272,
              556952.63869999908
            ],
            [
              191835.33790000156,
              556951.73550000228
            ],
            [
              191836.53620000184,
              556951.1389000006
            ],
            [
              191837.43790000025,
              556949.93799999915
            ],
            [
              191838.33930000104,
              556948.44849999994
            ],
            [
              191840.1370000001,
              556947.84200000204
            ],
            [
              191841.63910000026,
              556947.54289999977
            ],
            [
              191843.43750000279,
              556947.5410999991
            ],
            [
              191848.01719999965,
              556947.91290000454
            ]
          ]
        ]
      }
    },
    {
      "attributes" : {
        "FID" : 5,
        "PMNTN_SN" : 37546,
        "MNTN_CODE" : "113800704",
        "MNTN_NM" : "역촌근린공원",
        "PMNTN_NM" : "구산동구간",
        "PMNTN_MAIN" : " ",
        "PMNTN_LT" : 0.12,
        "PMNTN_DFFL" : "쉬움",
        "PMNTN_UPPL" : 2,
        "PMNTN_GODN" : 1,
        "PMNTN_MTRQ" : "흙길",
        "PMNTN_CNRL" : " ",
        "PMNTN_CLS_" : " ",
        "PMNTN_RISK" : " ",
        "PMNTN_RECO" : " ",
        "DATA_STDR_" : "2016-12-31",
        "MNTN_ID" : "113800704"
      },
      "geometry" : {
        "paths" : [
          [
            [
              191934.3032999998,
              556936.47879999876
            ],
            [
              191932.71360000037,
              556923.2182
            ],
            [
              191928.16140000056,
              556922.01280000247
            ],
            [
              191924.89030000195,
              556921.60690000094
            ],
            [
              191921.94560000021,
              556920.4561999999
            ],
            [
              191920.04040000308,
              556912.40310000256
            ],
            [
              191917.19210000243,
              556905.52540000156
            ],
            [
              191918.8732000012,
              556899.84999999963
            ],
            [
              191917.69990000129,
              556895.71700000204
            ],
            [
              191914.9531000033,
              556891.62029999867
            ],
            [
              191915.30340000056,
              556884.95440000109
            ],
            [
              191913.10170000233,
              556873.69059999846
            ],
            [
              191908.27760000154,
              556867.24840000086
            ],
            [
              191905.80190000217,
              556857.06550000794
            ],
            [
              191903.95920000132,
              556853.79400000162
            ],
            [
              191897.03450000286,
              556845.12600000203
            ],
            [
              191898.16900000256,
              556839.6427000016
            ],
            [
              191897.09050000086,
              556832.16190000251
            ]
          ]
        ]
      }
    },
    {
      "attributes" : {
        "FID" : 6,
        "PMNTN_SN" : 37547,
        "MNTN_CODE" : "113800704",
        "MNTN_NM" : "역촌근린공원",
        "PMNTN_NM" : "구산동구간",
        "PMNTN_MAIN" : " ",
        "PMNTN_LT" : 0.11,
        "PMNTN_DFFL" : "쉬움",
        "PMNTN_UPPL" : 2,
        "PMNTN_GODN" : 1,
        "PMNTN_MTRQ" : "흙길",
        "PMNTN_CNRL" : " ",
        "PMNTN_CLS_" : " ",
        "PMNTN_RISK" : " ",
        "PMNTN_RECO" : " ",
        "DATA_STDR_" : "2016-12-31",
        "MNTN_ID" : "113800704"
      },
      "geometry" : {
        "paths" : [
          [
            [
              191847.0075999992,
              556912.16139999963
            ],
            [
              191853.60690000094,
              556901.2303000018
            ],
            [
              191861.53400000371,
              556899.28600000218
            ],
            [
              191865.76460000128,
              556895.94030000269
            ],
            [
              191871.78590000141,
              556891.1464000009
            ],
            [
              191874.79700000118,
              556882.64039999992
            ],
            [
              191876.86220000032,
              556875.41000000201
            ],
            [
              191879.10360000189,
              556866.89550000243
            ],
            [
              191879.92330000084,
              556860.2957000006
            ],
            [
              191878.5176999988,
              556857
            ],
            [
              191878.24180000089,
              556854.44559999928
            ],
            [
              191878.17879999988,
              556852.04880000278
            ],
            [
              191878.18240000121,
              556848.13220000081
            ],
            [
              191878.98950000107,
              556841.07970000245
            ],
            [
              191879.75430000108,
              556836.04600000009
            ],
            [
              191882.92870000284,
              556837.04580000043
            ],
            [
              191891.85890000127,
              556838.30040000193
            ],
            [
              191897.09050000086,
              556832.16190000251
            ]
          ]
        ]
      }
    },
    {
      "attributes" : {
        "FID" : 7,
        "PMNTN_SN" : 37548,
        "MNTN_CODE" : "113800704",
        "MNTN_NM" : "역촌근린공원",
        "PMNTN_NM" : "구산동구간",
        "PMNTN_MAIN" : " ",
        "PMNTN_LT" : 0.01,
        "PMNTN_DFFL" : "쉬움",
        "PMNTN_UPPL" : 1,
        "PMNTN_GODN" : 0,
        "PMNTN_MTRQ" : "흙길",
        "PMNTN_CNRL" : " ",
        "PMNTN_CLS_" : " ",
        "PMNTN_RISK" : " ",
        "PMNTN_RECO" : " ",
        "DATA_STDR_" : "2016-12-31",
        "MNTN_ID" : "113800704"
      },
      "geometry" : {
        "paths" : [
          [
            [
              191838.46829999983,
              556793.84410000034
            ],
            [
              191838.57459999993,
              556799.1612999998
            ]
          ]
        ]
      }
    },
    {
      "attributes" : {
        "FID" : 8,
        "PMNTN_SN" : 37549,
        "MNTN_CODE" : "113800704",
        "MNTN_NM" : "역촌근린공원",
        "PMNTN_NM" : "구산동구간",
        "PMNTN_MAIN" : " ",
        "PMNTN_LT" : 0.04,
        "PMNTN_DFFL" : "쉬움",
        "PMNTN_UPPL" : 1,
        "PMNTN_GODN" : 0,
        "PMNTN_MTRQ" : "흙길",
        "PMNTN_CNRL" : " ",
        "PMNTN_CLS_" : " ",
        "PMNTN_RISK" : " ",
        "PMNTN_RECO" : " ",
        "DATA_STDR_" : "2016-12-31",
        "MNTN_ID" : "113800704"
      },
      "geometry" : {
        "paths" : [
          [
            [
              191858.29080000147,
              556842.29080000147
            ],
            [
              191854.7798999995,
              556839.29870000109
            ],
            [
              191851.77180000208,
              556835.81299999915
            ],
            [
              191849.26539999992,
              556830.82900000177
            ],
            [
              191846.75910000131,
              556825.8543999996
            ],
            [
              191845.25430000015,
              556823.36270000227
            ],
            [
              191843.24420000147,
              556818.87130000442
            ],
            [
              191840.73780000117,
              556813.88739999942
            ],
            [
              191839.54729999881,
              556810.50310000218
            ]
          ]
        ]
      }
    },
    {
      "attributes" : {
        "FID" : 9,
        "PMNTN_SN" : 37550,
        "MNTN_CODE" : "113800704",
        "MNTN_NM" : "역촌근린공원",
        "PMNTN_NM" : "구산동구간",
        "PMNTN_MAIN" : " ",
        "PMNTN_LT" : 0.06,
        "PMNTN_DFFL" : "쉬움",
        "PMNTN_UPPL" : 1,
        "PMNTN_GODN" : 1,
        "PMNTN_MTRQ" : "흙길",
        "PMNTN_CNRL" : " ",
        "PMNTN_CLS_" : " ",
        "PMNTN_RISK" : " ",
        "PMNTN_RECO" : " ",
        "DATA_STDR_" : "2016-12-31",
        "MNTN_ID" : "113800704"
      },
      "geometry" : {
        "paths" : [
          [
            [
              191785.48520000093,
              556768.3065000046
            ],
            [
              191785.29870000016,
              556769.26280000247
            ],
            [
              191781.69480000064,
              556781.67129999958
            ],
            [
              191777.52400000393,
              556791.71499999985
            ],
            [
              191776.10960000101,
              556795.57230000384
            ],
            [
              191775.18450000137,
              556802.08639999852
            ],
            [
              191775.59340000153,
              556804.6817000024
            ],
            [
              191781.64000000339,
              556811.37209999934
            ],
            [
              191786.03699999955,
              556812.52820000239
            ],
            [
              191790.69310000073,
              556812.61089999974
            ]
          ]
        ]
      }
    },
    {
      "attributes" : {
        "FID" : 10,
        "PMNTN_SN" : 37551,
        "MNTN_CODE" : "113800704",
        "MNTN_NM" : "역촌근린공원",
        "PMNTN_NM" : "구산동구간",
        "PMNTN_MAIN" : " ",
        "PMNTN_LT" : 0.05,
        "PMNTN_DFFL" : "쉬움",
        "PMNTN_UPPL" : 1,
        "PMNTN_GODN" : 1,
        "PMNTN_MTRQ" : "흙길",
        "PMNTN_CNRL" : " ",
        "PMNTN_CLS_" : " ",
        "PMNTN_RISK" : " ",
        "PMNTN_RECO" : " ",
        "DATA_STDR_" : "2016-12-31",
        "MNTN_ID" : "113800704"
      },
      "geometry" : {
        "paths" : [
          [
            [
              191692.7658000011,
              556810.81010000221
            ],
            [
              191701.6669000024,
              556811.5689000003
            ],
            [
              191707.1146999998,
              556813.45670000091
            ],
            [
              191710.73810000066,
              556812.84940000065
            ],
            [
              191713.0839000009,
              556812.93590000086
            ],
            [
              191716.97520000022,
              556811.40560000204
            ],
            [
              191722.84570000321,
              556808.64570000395
            ],
            [
              191732.40670000017,
              556807.79900000431
            ],
            [
              191736.38850000314,
              556807.99970000051
            ],
            [
              191738.68390000239,
              556809.14159999974
            ],
            [
              191740.76659999974,
              556811.45850000158
            ]
          ]
        ]
      }
    },
    {
      "attributes" : {
        "FID" : 11,
        "PMNTN_SN" : 37552,
        "MNTN_CODE" : "113800704",
        "MNTN_NM" : "역촌근린공원",
        "PMNTN_NM" : "구산동구간",
        "PMNTN_MAIN" : " ",
        "PMNTN_LT" : 0.04,
        "PMNTN_DFFL" : "쉬움",
        "PMNTN_UPPL" : 1,
        "PMNTN_GODN" : 0,
        "PMNTN_MTRQ" : "흙길",
        "PMNTN_CNRL" : " ",
        "PMNTN_CLS_" : " ",
        "PMNTN_RISK" : " ",
        "PMNTN_RECO" : " ",
        "DATA_STDR_" : "2016-12-31",
        "MNTN_ID" : "113800704"
      },
      "geometry" : {
        "paths" : [
          [
            [
              191810.92130000144,
              556964.87670000084
            ],
            [
              191808.81030000187,
              556967.20220000111
            ],
            [
              191804.27710000146,
              556971.19610000215
            ],
            [
              191800.52420000173,
              556971.9495000001
            ],
            [
              191799.18250000011,
              556975.38319999911
            ],
            [
              191795.11510000098,
              556977.33249999955
            ],
            [
              191790.59550000075,
              556981.30600000173
            ],
            [
              191790.67940000352,
              556984.23860000074
            ],
            [
              191791.1117000021,
              556985.68530000001
            ],
            [
              191791.99250000156,
              556989.26940000243
            ]
          ]
        ]
      }
    },
    {
      "attributes" : {
        "FID" : 12,
        "PMNTN_SN" : 37553,
        "MNTN_CODE" : "113800704",
        "MNTN_NM" : "역촌근린공원",
        "PMNTN_NM" : "구산동구간",
        "PMNTN_MAIN" : " ",
        "PMNTN_LT" : 0.01,
        "PMNTN_DFFL" : "쉬움",
        "PMNTN_UPPL" : 1,
        "PMNTN_GODN" : 0,
        "PMNTN_MTRQ" : "흙길",
        "PMNTN_CNRL" : " ",
        "PMNTN_CLS_" : " ",
        "PMNTN_RISK" : " ",
        "PMNTN_RECO" : " ",
        "DATA_STDR_" : "2016-12-31",
        "MNTN_ID" : "113800704"
      },
      "geometry" : {
        "paths" : [
          [
            [
              191827.00840000156,
              556813.35680000111
            ],
            [
              191830.58790000062,
              556814.31090000458
            ],
            [
              191834.31720000226,
              556814.22350000031
            ],
            [
              191838.34060000069,
              556811.46070000157
            ],
            [
              191839.54729999881,
              556810.50310000218
            ]
          ]
        ]
      }
    },
    {
      "attributes" : {
        "FID" : 13,
        "PMNTN_SN" : 37554,
        "MNTN_CODE" : "113800704",
        "MNTN_NM" : "역촌근린공원",
        "PMNTN_NM" : "구산동구간",
        "PMNTN_MAIN" : " ",
        "PMNTN_LT" : 0.05,
        "PMNTN_DFFL" : "쉬움",
        "PMNTN_UPPL" : 1,
        "PMNTN_GODN" : 1,
        "PMNTN_MTRQ" : "흙길",
        "PMNTN_CNRL" : " ",
        "PMNTN_CLS_" : " ",
        "PMNTN_RISK" : " ",
        "PMNTN_RECO" : " ",
        "DATA_STDR_" : "2016-12-31",
        "MNTN_ID" : "113800704"
      },
      "geometry" : {
        "paths" : [
          [
            [
              191821.75050000008,
              557011.92070000246
            ],
            [
              191822.85479999986,
              557013.50109999999
            ],
            [
              191823.49859999958,
              557013.47259999998
            ],
            [
              191821.38870000094,
              557005.26940000243
            ],
            [
              191819.93950000033,
              556999.10290000215
            ],
            [
              191817.7443000013,
              556994.50019999966
            ],
            [
              191814.78610000294,
              556989.01430000551
            ],
            [
              191814.7201000005,
              556982.11150000431
            ],
            [
              191814.26590000093,
              556979.30250000022
            ],
            [
              191810.92130000144,
              556964.87670000084
            ]
          ]
        ]
      }
    },
    {
      "attributes" : {
        "FID" : 14,
        "PMNTN_SN" : 37555,
        "MNTN_CODE" : "113800704",
        "MNTN_NM" : "역촌근린공원",
        "PMNTN_NM" : "구산동구간",
        "PMNTN_MAIN" : " ",
        "PMNTN_LT" : 0.03,
        "PMNTN_DFFL" : "쉬움",
        "PMNTN_UPPL" : 1,
        "PMNTN_GODN" : 0,
        "PMNTN_MTRQ" : "흙길",
        "PMNTN_CNRL" : " ",
        "PMNTN_CLS_" : " ",
        "PMNTN_RISK" : " ",
        "PMNTN_RECO" : " ",
        "DATA_STDR_" : "2016-12-31",
        "MNTN_ID" : "113800704"
      },
      "geometry" : {
        "paths" : [
          [
            [
              191849.29050000291,
              556752.83900000155
            ],
            [
              191853.57670000382,
              556753.5438000001
            ],
            [
              191856.76320000272,
              556754.27309999987
            ],
            [
              191861.51750000194,
              556755.19070000201
            ],
            [
              191866.12460000254,
              556756.81450000219
            ],
            [
              191874.23110000044,
              556757.46800000407
            ]
          ]
        ]
      }
    },
    {
      "attributes" : {
        "FID" : 15,
        "PMNTN_SN" : 37556,
        "MNTN_CODE" : "113800704",
        "MNTN_NM" : "역촌근린공원",
        "PMNTN_NM" : "구산동구간",
        "PMNTN_MAIN" : " ",
        "PMNTN_LT" : 0.04,
        "PMNTN_DFFL" : "쉬움",
        "PMNTN_UPPL" : 1,
        "PMNTN_GODN" : 0,
        "PMNTN_MTRQ" : "흙길",
        "PMNTN_CNRL" : " ",
        "PMNTN_CLS_" : " ",
        "PMNTN_RISK" : " ",
        "PMNTN_RECO" : " ",
        "DATA_STDR_" : "2016-12-31",
        "MNTN_ID" : "113800704"
      },
      "geometry" : {
        "paths" : [
          [
            [
              191804.0717000002,
              556774.38790000416
            ],
            [
              191804.63060000259,
              556779.75799999945
            ],
            [
              191800.05890000332,
              556785.1427000016
            ],
            [
              191796.21810000204,
              556791.06860000268
            ],
            [
              191794.96040000021,
              556795.36930000223
            ],
            [
              191793.67920000106,
              556801.44790000096
            ],
            [
              191792.17779999878,
              556809.78049999848
            ],
            [
              191790.69310000073,
              556812.61089999974
            ]
          ]
        ]
      }
    },
    {
      "attributes" : {
        "FID" : 16,
        "PMNTN_SN" : 37557,
        "MNTN_CODE" : "113800704",
        "MNTN_NM" : "역촌근린공원",
        "PMNTN_NM" : "구산동구간",
        "PMNTN_MAIN" : " ",
        "PMNTN_LT" : 0.02,
        "PMNTN_DFFL" : "쉬움",
        "PMNTN_UPPL" : 1,
        "PMNTN_GODN" : 0,
        "PMNTN_MTRQ" : "흙길",
        "PMNTN_CNRL" : " ",
        "PMNTN_CLS_" : " ",
        "PMNTN_RISK" : " ",
        "PMNTN_RECO" : " ",
        "DATA_STDR_" : "2016-12-31",
        "MNTN_ID" : "113800704"
      },
      "geometry" : {
        "paths" : [
          [
            [
              191866.925400001,
              556979.84999999963
            ],
            [
              191862.14880000055,
              556979.94470000453
            ],
            [
              191859.0876000002,
              556981.80920000002
            ],
            [
              191855.8320000004,
              556983.79489999823
            ],
            [
              191851.72600000072,
              556984.9310999997
            ],
            [
              191850.87520000152,
              556985.18310000002
            ]
          ]
        ]
      }
    },
    {
      "attributes" : {
        "FID" : 17,
        "PMNTN_SN" : 37558,
        "MNTN_CODE" : "113800704",
        "MNTN_NM" : "역촌근린공원",
        "PMNTN_NM" : "구산동구간",
        "PMNTN_MAIN" : " ",
        "PMNTN_LT" : 0.06,
        "PMNTN_DFFL" : "쉬움",
        "PMNTN_UPPL" : 1,
        "PMNTN_GODN" : 1,
        "PMNTN_MTRQ" : "흙길",
        "PMNTN_CNRL" : " ",
        "PMNTN_CLS_" : " ",
        "PMNTN_RISK" : " ",
        "PMNTN_RECO" : " ",
        "DATA_STDR_" : "2016-12-31",
        "MNTN_ID" : "113800704"
      },
      "geometry" : {
        "paths" : [
          [
            [
              191860.7852000026,
              556799.430999998
            ],
            [
              191869.94969999976,
              556792.06340000033
            ],
            [
              191872.51920000091,
              556788.71709999815
            ],
            [
              191872.96559999976,
              556786.41810000129
            ],
            [
              191875.52660000138,
              556784.65980000235
            ],
            [
              191876.23110000044,
              556782.42559999973
            ],
            [
              191880.3926000027,
              556782.06570000015
            ],
            [
              191881.57160000224,
              556779.53610000201
            ],
            [
              191881.7491000006,
              556778.0297000017
            ],
            [
              191881.85420000087,
              556775.38330000266
            ],
            [
              191881.00540000107,
              556772.93679999933
            ],
            [
              191881.57500000205,
              556770.41580000147
            ],
            [
              191878.76240000129,
              556769.38399999961
            ],
            [
              191875.85820000339,
              556767.64970000274
            ],
            [
              191873.22990000155,
              556763.7993999999
            ],
            [
              191873.24100000132,
              556759.96310000122
            ],
            [
              191874.23110000044,
              556757.46800000407
            ]
          ]
        ]
      }
    },
    {
      "attributes" : {
        "FID" : 18,
        "PMNTN_SN" : 37559,
        "MNTN_CODE" : "113800704",
        "MNTN_NM" : "역촌근린공원",
        "PMNTN_NM" : "구산동구간",
        "PMNTN_MAIN" : " ",
        "PMNTN_LT" : 0.06,
        "PMNTN_DFFL" : "쉬움",
        "PMNTN_UPPL" : 1,
        "PMNTN_GODN" : 1,
        "PMNTN_MTRQ" : "흙길",
        "PMNTN_CNRL" : " ",
        "PMNTN_CLS_" : " ",
        "PMNTN_RISK" : " ",
        "PMNTN_RECO" : " ",
        "DATA_STDR_" : "2016-12-31",
        "MNTN_ID" : "113800704"
      },
      "geometry" : {
        "paths" : [
          [
            [
              191780.06329999957,
              556907.41249999776
            ],
            [
              191782.95830000099,
              556905.86589999869
            ],
            [
              191787.67670000065,
              556904.44329999946
            ],
            [
              191790.04600000102,
              556899.55310000293
            ],
            [
              191789.59270000085,
              556897.6371000018
            ],
            [
              191793.67750000209,
              556889.74410000071
            ],
            [
              191797.25830000266,
              556881.16320000216
            ],
            [
              191804.13790000323,
              556878.09569999762
            ],
            [
              191809.48890000116,
              556878.31360000186
            ],
            [
              191821.32550000027,
              556879.93860000186
            ]
          ]
        ]
      }
    },
    {
      "attributes" : {
        "FID" : 19,
        "PMNTN_SN" : 37560,
        "MNTN_CODE" : "113800704",
        "MNTN_NM" : "역촌근린공원",
        "PMNTN_NM" : "구산동구간",
        "PMNTN_MAIN" : " ",
        "PMNTN_LT" : 0.05,
        "PMNTN_DFFL" : "쉬움",
        "PMNTN_UPPL" : 1,
        "PMNTN_GODN" : 1,
        "PMNTN_MTRQ" : "흙길",
        "PMNTN_CNRL" : " ",
        "PMNTN_CLS_" : " ",
        "PMNTN_RISK" : " ",
        "PMNTN_RECO" : " ",
        "DATA_STDR_" : "2016-12-31",
        "MNTN_ID" : "113800704"
      },
      "geometry" : {
        "paths" : [
          [
            [
              191866.925400001,
              556979.84999999963
            ],
            [
              191867.90990000218,
              556981.93319999985
            ],
            [
              191870.01499999966,
              556983.55990000069
            ],
            [
              191875.46100000013,
              556986.16369999945
            ],
            [
              191878.17560000345,
              556985.83269999735
            ],
            [
              191884.77740000281,
              556985.94350000098
            ],
            [
              191888.86700000241,
              556984.25540000014
            ],
            [
              191891.89199999999,
              556980.31470000185
            ],
            [
              191898.45000000112,
              556973.92930000648
            ],
            [
              191902.31090000179,
              556970.39130000211
            ],
            [
              191908.26040000003,
              556967.01590000279
            ],
            [
              191911.39550000057,
              556968.09930000454
            ]
          ]
        ]
      }
    },
    {
      "attributes" : {
        "FID" : 20,
        "PMNTN_SN" : 37561,
        "MNTN_CODE" : "113800704",
        "MNTN_NM" : "역촌근린공원",
        "PMNTN_NM" : "구산동구간",
        "PMNTN_MAIN" : " ",
        "PMNTN_LT" : 0.04,
        "PMNTN_DFFL" : "쉬움",
        "PMNTN_UPPL" : 1,
        "PMNTN_GODN" : 0,
        "PMNTN_MTRQ" : "흙길",
        "PMNTN_CNRL" : " ",
        "PMNTN_CLS_" : " ",
        "PMNTN_RISK" : " ",
        "PMNTN_RECO" : " ",
        "DATA_STDR_" : "2016-12-31",
        "MNTN_ID" : "113800704"
      },
      "geometry" : {
        "paths" : [
          [
            [
              191848.01719999965,
              556947.91290000454
            ],
            [
              191849.68960000016,
              556950.90630000085
            ],
            [
              191851.68450000137,
              556957.88729999959
            ],
            [
              191860.8956000004,
              556970.22330000252
            ],
            [
              191864.89140000008,
              556977.12220000289
            ],
            [
              191866.80289999954,
              556979.59080000222
            ],
            [
              191866.925400001,
              556979.84999999963
            ]
          ]
        ]
      }
    },
    {
      "attributes" : {
        "FID" : 21,
        "PMNTN_SN" : 37562,
        "MNTN_CODE" : "113800704",
        "MNTN_NM" : "역촌근린공원",
        "PMNTN_NM" : "구산동구간",
        "PMNTN_MAIN" : " ",
        "PMNTN_LT" : 0.04,
        "PMNTN_DFFL" : "쉬움",
        "PMNTN_UPPL" : 1,
        "PMNTN_GODN" : 0,
        "PMNTN_MTRQ" : "흙길",
        "PMNTN_CNRL" : " ",
        "PMNTN_CLS_" : " ",
        "PMNTN_RISK" : " ",
        "PMNTN_RECO" : " ",
        "DATA_STDR_" : "2016-12-31",
        "MNTN_ID" : "113800704"
      },
      "geometry" : {
        "paths" : [
          [
            [
              191847.0075999992,
              556912.16139999963
            ],
            [
              191847.0075999992,
              556912.16139999963
            ],
            [
              191846.15230000112,
              556918.72990000062
            ],
            [
              191843.01740000211,
              556926.78649999946
            ],
            [
              191842.37310000136,
              556931.47480000183
            ],
            [
              191842.99770000111,
              556935.01250000112
            ],
            [
              191845.49610000104,
              556937.44459999911
            ],
            [
              191847.39050000068,
              556940.19800000079
            ],
            [
              191848.5773000028,
              556944.66540000215
            ],
            [
              191848.01719999965,
              556947.91290000454
            ]
          ]
        ]
      }
    },
    {
      "attributes" : {
        "FID" : 22,
        "PMNTN_SN" : 37563,
        "MNTN_CODE" : "113800704",
        "MNTN_NM" : "역촌근린공원",
        "PMNTN_NM" : "구산동구간",
        "PMNTN_MAIN" : " ",
        "PMNTN_LT" : 0.04,
        "PMNTN_DFFL" : "쉬움",
        "PMNTN_UPPL" : 1,
        "PMNTN_GODN" : 0,
        "PMNTN_MTRQ" : "흙길",
        "PMNTN_CNRL" : " ",
        "PMNTN_CLS_" : " ",
        "PMNTN_RISK" : " ",
        "PMNTN_RECO" : " ",
        "DATA_STDR_" : "2016-12-31",
        "MNTN_ID" : "113800704"
      },
      "geometry" : {
        "paths" : [
          [
            [
              191821.32550000027,
              556879.93860000186
            ],
            [
              191821.08700000122,
              556880.17560000345
            ],
            [
              191825.0025000032,
              556883.92589999922
            ],
            [
              191827.19240000099,
              556888.95510000177
            ],
            [
              191832.33360000048,
              556892.0503000021
            ],
            [
              191837.73180000018,
              556895.20800000243
            ],
            [
              191840.47780000325,
              556897.97360000387
            ],
            [
              191840.77150000073,
              556902.57380000129
            ],
            [
              191843.08520000055,
              556905.53250000067
            ],
            [
              191843.73500000127,
              556909.57479999959
            ],
            [
              191847.0075999992,
              556912.16139999963
            ]
          ]
        ]
      }
    },
    {
      "attributes" : {
        "FID" : 23,
        "PMNTN_SN" : 37564,
        "MNTN_CODE" : "113800704",
        "MNTN_NM" : "역촌근린공원",
        "PMNTN_NM" : "구산동구간",
        "PMNTN_MAIN" : " ",
        "PMNTN_LT" : 0.07,
        "PMNTN_DFFL" : "쉬움",
        "PMNTN_UPPL" : 1,
        "PMNTN_GODN" : 1,
        "PMNTN_MTRQ" : "흙길",
        "PMNTN_CNRL" : " ",
        "PMNTN_CLS_" : " ",
        "PMNTN_RISK" : " ",
        "PMNTN_RECO" : " ",
        "DATA_STDR_" : "2016-12-31",
        "MNTN_ID" : "113800704"
      },
      "geometry" : {
        "paths" : [
          [
            [
              191827.00840000156,
              556813.35680000111
            ],
            [
              191825.4020000007,
              556816.78910000063
            ],
            [
              191824.36960000359,
              556820.5511000026
            ],
            [
              191825.56830000039,
              556834.32740000077
            ],
            [
              191827.93480000086,
              556841.10350000113
            ],
            [
              191832.09080000222,
              556855.37200000137
            ],
            [
              191834.47480000183,
              556862.66880000196
            ],
            [
              191832.74199999962,
              556865.54430000111
            ],
            [
              191825.92500000354,
              556872.04710000008
            ],
            [
              191824.65630000085,
              556876.62800000235
            ],
            [
              191821.32550000027,
              556879.93860000186
            ]
          ]
        ]
      }
    },
    {
      "attributes" : {
        "FID" : 24,
        "PMNTN_SN" : 37565,
        "MNTN_CODE" : "113800704",
        "MNTN_NM" : "역촌근린공원",
        "PMNTN_NM" : "구산동구간",
        "PMNTN_MAIN" : " ",
        "PMNTN_LT" : 0.01,
        "PMNTN_DFFL" : "쉬움",
        "PMNTN_UPPL" : 1,
        "PMNTN_GODN" : 0,
        "PMNTN_MTRQ" : "흙길",
        "PMNTN_CNRL" : " ",
        "PMNTN_CLS_" : " ",
        "PMNTN_RISK" : " ",
        "PMNTN_RECO" : " ",
        "DATA_STDR_" : "2016-12-31",
        "MNTN_ID" : "113800704"
      },
      "geometry" : {
        "paths" : [
          [
            [
              191804.0717000002,
              556774.38790000416
            ],
            [
              191804.0717000002,
              556774.38790000416
            ],
            [
              191808.08520000242,
              556778.35899999924
            ],
            [
              191812.73660000227,
              556779.73570000008
            ]
          ]
        ]
      }
    },
    {
      "attributes" : {
        "FID" : 25,
        "PMNTN_SN" : 37566,
        "MNTN_CODE" : "113800704",
        "MNTN_NM" : "역촌근린공원",
        "PMNTN_NM" : "구산동구간",
        "PMNTN_MAIN" : " ",
        "PMNTN_LT" : 0.1,
        "PMNTN_DFFL" : "쉬움",
        "PMNTN_UPPL" : 2,
        "PMNTN_GODN" : 1,
        "PMNTN_MTRQ" : "흙길",
        "PMNTN_CNRL" : " ",
        "PMNTN_CLS_" : " ",
        "PMNTN_RISK" : " ",
        "PMNTN_RECO" : " ",
        "DATA_STDR_" : "2016-12-31",
        "MNTN_ID" : "113800704"
      },
      "geometry" : {
        "paths" : [
          [
            [
              191790.69310000073,
              556812.61089999974
            ],
            [
              191790.69310000073,
              556812.61089999974
            ],
            [
              191787.91739999875,
              556819.05330000445
            ],
            [
              191784.81360000186,
              556825.05470000021
            ],
            [
              191783.09289999958,
              556832.25930000097
            ],
            [
              191780.1409,
              556834.10529999807
            ],
            [
              191774.98780000024,
              556835.81170000136
            ],
            [
              191771.23460000101,
              556839.40949999914
            ],
            [
              191768.26229999959,
              556845.14810000174
            ],
            [
              191768.25540000014,
              556849.9039000012
            ],
            [
              191768.236800001,
              556852.86529999971
            ],
            [
              191771.61710000038,
              556855.61120000295
            ],
            [
              191776.29230000079,
              556856.40440000035
            ],
            [
              191777.84509999864,
              556857.49100000598
            ],
            [
              191779.50240000151,
              556860.01600000076
            ],
            [
              191779.54400000162,
              556863.65610000119
            ],
            [
              191775.58620000072,
              556868.90090000443
            ],
            [
              191774.27560000215,
              556872.55070000328
            ],
            [
              191775.7136000013,
              556874.56440000236
            ],
            [
              191776.52020000294,
              556877.61640000157
            ],
            [
              191775.79560000263,
              556879.16210000217
            ],
            [
              191772.84360000119,
              556882.29609999992
            ],
            [
              191771.54300000239,
              556885.10659999773
            ],
            [
              191766.98260000069,
              556885.58750000224
            ]
          ]
        ]
      }
    },
    {
      "attributes" : {
        "FID" : 26,
        "PMNTN_SN" : 37567,
        "MNTN_CODE" : "113800704",
        "MNTN_NM" : "역촌근린공원",
        "PMNTN_NM" : "구산동구간",
        "PMNTN_MAIN" : " ",
        "PMNTN_LT" : 0.07,
        "PMNTN_DFFL" : "쉬움",
        "PMNTN_UPPL" : 1,
        "PMNTN_GODN" : 1,
        "PMNTN_MTRQ" : "흙길",
        "PMNTN_CNRL" : " ",
        "PMNTN_CLS_" : " ",
        "PMNTN_RISK" : " ",
        "PMNTN_RECO" : " ",
        "DATA_STDR_" : "2016-12-31",
        "MNTN_ID" : "113800704"
      },
      "geometry" : {
        "paths" : [
          [
            [
              191740.76659999974,
              556811.45850000158
            ],
            [
              191740.76659999974,
              556811.45850000158
            ],
            [
              191735.41530000139,
              556819.7367000021
            ],
            [
              191731.98579999991,
              556829.69620000385
            ],
            [
              191729.34089999925,
              556834.12959999964
            ],
            [
              191722.88449999876,
              556839.28329999931
            ],
            [
              191717.3665000014,
              556843.79960000142
            ],
            [
              191711.57880000118,
              556850.02740000188
            ],
            [
              191703.85370000079,
              556851.2818
            ],
            [
              191697.59700000007,
              556854.10569999926
            ],
            [
              191696.99720000103,
              556857.60470000096
            ]
          ]
        ]
      }
    },
    {
      "attributes" : {
        "FID" : 27,
        "PMNTN_SN" : 37568,
        "MNTN_CODE" : "113800704",
        "MNTN_NM" : "역촌근린공원",
        "PMNTN_NM" : "구산동구간",
        "PMNTN_MAIN" : " ",
        "PMNTN_LT" : 0.06,
        "PMNTN_DFFL" : "쉬움",
        "PMNTN_UPPL" : 1,
        "PMNTN_GODN" : 1,
        "PMNTN_MTRQ" : "흙길",
        "PMNTN_CNRL" : " ",
        "PMNTN_CLS_" : " ",
        "PMNTN_RISK" : " ",
        "PMNTN_RECO" : " ",
        "DATA_STDR_" : "2016-12-31",
        "MNTN_ID" : "113800704"
      },
      "geometry" : {
        "paths" : [
          [
            [
              191785.48520000093,
              556768.3065000046
            ],
            [
              191785.48520000093,
              556768.3065000046
            ],
            [
              191782.03130000178,
              556768.98479999974
            ],
            [
              191776.54940000083,
              556771.21780000068
            ],
            [
              191771.60630000196,
              556774.97110000066
            ],
            [
              191763.59910000116,
              556780.45650000125
            ],
            [
              191756.02330000047,
              556788.93810000084
            ],
            [
              191746.02259999979,
              556802.01359999925
            ],
            [
              191743.28550000116,
              556809.55180000141
            ],
            [
              191740.76659999974,
              556811.45850000158
            ]
          ]
        ]
      }
    },
    {
      "attributes" : {
        "FID" : 28,
        "PMNTN_SN" : 37569,
        "MNTN_CODE" : "113800704",
        "MNTN_NM" : "역촌근린공원",
        "PMNTN_NM" : "구산동구간",
        "PMNTN_MAIN" : " ",
        "PMNTN_LT" : 0.01,
        "PMNTN_DFFL" : "쉬움",
        "PMNTN_UPPL" : 1,
        "PMNTN_GODN" : 0,
        "PMNTN_MTRQ" : "흙길",
        "PMNTN_CNRL" : " ",
        "PMNTN_CLS_" : " ",
        "PMNTN_RISK" : " ",
        "PMNTN_RECO" : " ",
        "DATA_STDR_" : "2016-12-31",
        "MNTN_ID" : "113800704"
      },
      "geometry" : {
        "paths" : [
          [
            [
              191849.29050000291,
              556752.83900000155
            ],
            [
              191851.03809999954,
              556756.2388000004
            ],
            [
              191850.16040000133,
              556762.76600000262
            ],
            [
              191850.53600000124,
              556766.53429999948
            ]
          ]
        ]
      }
    },
    {
      "attributes" : {
        "FID" : 29,
        "PMNTN_SN" : 37570,
        "MNTN_CODE" : "113800704",
        "MNTN_NM" : "역촌근린공원",
        "PMNTN_NM" : "구산동구간",
        "PMNTN_MAIN" : " ",
        "PMNTN_LT" : 0.04,
        "PMNTN_DFFL" : "쉬움",
        "PMNTN_UPPL" : 1,
        "PMNTN_GODN" : 0,
        "PMNTN_MTRQ" : "흙길",
        "PMNTN_CNRL" : " ",
        "PMNTN_CLS_" : " ",
        "PMNTN_RISK" : " ",
        "PMNTN_RECO" : " ",
        "DATA_STDR_" : "2016-12-31",
        "MNTN_ID" : "113800704"
      },
      "geometry" : {
        "paths" : [
          [
            [
              191850.53600000124,
              556766.53429999948
            ],
            [
              191850.53600000124,
              556766.53429999948
            ],
            [
              191852.18439999968,
              556771.58030000143
            ],
            [
              191853.48749999981,
              556773.33230000176
            ],
            [
              191858.23670000024,
              556776.44720000215
            ],
            [
              191861.38760000002,
              556778.19870000519
            ],
            [
              191864.46940000169,
              556781.23070000112
            ],
            [
              191866.56570000295,
              556783.5308999978
            ],
            [
              191866.26050000079,
              556785.89310000278
            ],
            [
              191863.66940000094,
              556789.05360000022
            ],
            [
              191863.7639000006,
              556794.99670000002
            ],
            [
              191860.7852000026,
              556799.430999998
            ]
          ]
        ]
      }
    },
    {
      "attributes" : {
        "FID" : 30,
        "PMNTN_SN" : 37571,
        "MNTN_CODE" : "113800704",
        "MNTN_NM" : "역촌근린공원",
        "PMNTN_NM" : "구산동구간",
        "PMNTN_MAIN" : " ",
        "PMNTN_LT" : 0.04,
        "PMNTN_DFFL" : "쉬움",
        "PMNTN_UPPL" : 1,
        "PMNTN_GODN" : 0,
        "PMNTN_MTRQ" : "흙길",
        "PMNTN_CNRL" : " ",
        "PMNTN_CLS_" : " ",
        "PMNTN_RISK" : " ",
        "PMNTN_RECO" : " ",
        "DATA_STDR_" : "2016-12-31",
        "MNTN_ID" : "113800704"
      },
      "geometry" : {
        "paths" : [
          [
            [
              191838.46829999983,
              556793.84410000034
            ],
            [
              191844.94230000023,
              556790.91930000111
            ],
            [
              191847.73029999994,
              556789.95310000144
            ],
            [
              191849.23070000298,
              556787.9608000014
            ],
            [
              191850.73149999976,
              556786.46149999835
            ],
            [
              191852.23249999993,
              556784.96230000444
            ],
            [
              191852.22900000121,
              556781.47360000201
            ],
            [
              191852.22610000055,
              556778.48740000278
            ],
            [
              191852.22319999989,
              556775.49190000072
            ],
            [
              191850.53600000124,
              556766.53429999948
            ]
          ]
        ]
      }
    },
    {
      "attributes" : {
        "FID" : 31,
        "PMNTN_SN" : 37572,
        "MNTN_CODE" : "113800704",
        "MNTN_NM" : "역촌근린공원",
        "PMNTN_NM" : "구산동구간",
        "PMNTN_MAIN" : " ",
        "PMNTN_LT" : 0.02,
        "PMNTN_DFFL" : "쉬움",
        "PMNTN_UPPL" : 1,
        "PMNTN_GODN" : 0,
        "PMNTN_MTRQ" : "흙길",
        "PMNTN_CNRL" : " ",
        "PMNTN_CLS_" : " ",
        "PMNTN_RISK" : " ",
        "PMNTN_RECO" : " ",
        "DATA_STDR_" : "2016-12-31",
        "MNTN_ID" : "113800704"
      },
      "geometry" : {
        "paths" : [
          [
            [
              191838.57459999993,
              556799.1612999998
            ],
            [
              191833.50009999983,
              556802.64530000463
            ],
            [
              191831.89290000033,
              556804.93720000237
            ],
            [
              191828.11760000233,
              556808.98420000263
            ],
            [
              191827.00840000156,
              556813.35680000111
            ]
          ]
        ]
      }
    },
    {
      "attributes" : {
        "FID" : 32,
        "PMNTN_SN" : 37573,
        "MNTN_CODE" : "113800704",
        "MNTN_NM" : "역촌근린공원",
        "PMNTN_NM" : "구산동구간",
        "PMNTN_MAIN" : " ",
        "PMNTN_LT" : 0.03,
        "PMNTN_DFFL" : "쉬움",
        "PMNTN_UPPL" : 1,
        "PMNTN_GODN" : 0,
        "PMNTN_MTRQ" : "흙길",
        "PMNTN_CNRL" : " ",
        "PMNTN_CLS_" : " ",
        "PMNTN_RISK" : " ",
        "PMNTN_RECO" : " ",
        "DATA_STDR_" : "2016-12-31",
        "MNTN_ID" : "113800704"
      },
      "geometry" : {
        "paths" : [
          [
            [
              191838.57459999993,
              556799.1612999998
            ],
            [
              191841.04220000375,
              556798.19080000371
            ],
            [
              191843.41579999961,
              556797.90520000271
            ],
            [
              191848.5791000016,
              556796.26539999992
            ],
            [
              191853.44830000028,
              556794.64800000191
            ],
            [
              191857.12650000211,
              556795.70260000229
            ],
            [
              191859.4101000037,
              556796.32509999722
            ],
            [
              191860.7852000026,
              556799.430999998
            ]
          ]
        ]
      }
    },
    {
      "attributes" : {
        "FID" : 33,
        "PMNTN_SN" : 37574,
        "MNTN_CODE" : "113800704",
        "MNTN_NM" : "역촌근린공원",
        "PMNTN_NM" : "구산동구간",
        "PMNTN_MAIN" : " ",
        "PMNTN_LT" : 0.04,
        "PMNTN_DFFL" : "쉬움",
        "PMNTN_UPPL" : 1,
        "PMNTN_GODN" : 0,
        "PMNTN_MTRQ" : "흙길",
        "PMNTN_CNRL" : " ",
        "PMNTN_CLS_" : " ",
        "PMNTN_RISK" : " ",
        "PMNTN_RECO" : " ",
        "DATA_STDR_" : "2016-12-31",
        "MNTN_ID" : "113800704"
      },
      "geometry" : {
        "paths" : [
          [
            [
              191860.7852000026,
              556799.430999998
            ],
            [
              191862.09460000042,
              556804.39589999989
            ],
            [
              191862.44699999969,
              556808.98200000264
            ],
            [
              191862.45440000016,
              556809.10290000401
            ],
            [
              191861.75439999998,
              556812.14560000412
            ],
            [
              191861.86210000142,
              556816.31330000237
            ],
            [
              191859.22119999956,
              556820.84680000134
            ],
            [
              191859.75520000141,
              556823.87399999984
            ],
            [
              191859.73550000042,
              556827.57940000296
            ],
            [
              191859.20490000211,
              556832.4315000046
            ],
            [
              191858.70070000086,
              556837.59250000119
            ],
            [
              191858.72080000304,
              556838.88800000399
            ],
            [
              191858.29080000147,
              556842.29080000147
            ]
          ]
        ]
      }
    },
    {
      "attributes" : {
        "FID" : 34,
        "PMNTN_SN" : 37575,
        "MNTN_CODE" : "113800704",
        "MNTN_NM" : "역촌근린공원",
        "PMNTN_NM" : "구산동구간",
        "PMNTN_MAIN" : " ",
        "PMNTN_LT" : 0.03,
        "PMNTN_DFFL" : "쉬움",
        "PMNTN_UPPL" : 1,
        "PMNTN_GODN" : 0,
        "PMNTN_MTRQ" : "흙길",
        "PMNTN_CNRL" : " ",
        "PMNTN_CLS_" : " ",
        "PMNTN_RISK" : " ",
        "PMNTN_RECO" : " ",
        "DATA_STDR_" : "2016-12-31",
        "MNTN_ID" : "113800704"
      },
      "geometry" : {
        "paths" : [
          [
            [
              191874.23110000044,
              556757.46800000407
            ],
            [
              191897.7416000003,
              556744.61890000105
            ]
          ]
        ]
      }
    },
    {
      "attributes" : {
        "FID" : 35,
        "PMNTN_SN" : 37576,
        "MNTN_CODE" : "113800704",
        "MNTN_NM" : "역촌근린공원",
        "PMNTN_NM" : "구산동구간",
        "PMNTN_MAIN" : " ",
        "PMNTN_LT" : 0.04,
        "PMNTN_DFFL" : "쉬움",
        "PMNTN_UPPL" : 1,
        "PMNTN_GODN" : 0,
        "PMNTN_MTRQ" : "흙길",
        "PMNTN_CNRL" : " ",
        "PMNTN_CLS_" : " ",
        "PMNTN_RISK" : " ",
        "PMNTN_RECO" : " ",
        "DATA_STDR_" : "2016-12-31",
        "MNTN_ID" : "113800704"
      },
      "geometry" : {
        "paths" : [
          [
            [
              191812.73660000227,
              556779.73570000008
            ],
            [
              191819.13310000021,
              556789.49760000221
            ],
            [
              191822.61690000258,
              556794.91770000197
            ],
            [
              191825.38180000149,
              556811.14140000381
            ],
            [
              191827.00840000156,
              556813.35680000111
            ]
          ]
        ]
      }
    },
    {
      "attributes" : {
        "FID" : 36,
        "PMNTN_SN" : 37577,
        "MNTN_CODE" : "113800704",
        "MNTN_NM" : "역촌근린공원",
        "PMNTN_NM" : "구산동구간",
        "PMNTN_MAIN" : " ",
        "PMNTN_LT" : 0.01,
        "PMNTN_DFFL" : "쉬움",
        "PMNTN_UPPL" : 1,
        "PMNTN_GODN" : 0,
        "PMNTN_MTRQ" : "흙길",
        "PMNTN_CNRL" : " ",
        "PMNTN_CLS_" : " ",
        "PMNTN_RISK" : " ",
        "PMNTN_RECO" : " ",
        "DATA_STDR_" : "2016-12-31",
        "MNTN_ID" : "113800704"
      },
      "geometry" : {
        "paths" : [
          [
            [
              191839.54729999881,
              556810.50310000218
            ],
            [
              191838.22910000291,
              556806.41950000077
            ],
            [
              191838.57459999993,
              556799.1612999998
            ]
          ]
        ]
      }
    },
    {
      "attributes" : {
        "FID" : 37,
        "PMNTN_SN" : 37578,
        "MNTN_CODE" : "113800704",
        "MNTN_NM" : "역촌근린공원",
        "PMNTN_NM" : "구산동구간",
        "PMNTN_MAIN" : " ",
        "PMNTN_LT" : 0.02,
        "PMNTN_DFFL" : "쉬움",
        "PMNTN_UPPL" : 1,
        "PMNTN_GODN" : 0,
        "PMNTN_MTRQ" : "흙길",
        "PMNTN_CNRL" : " ",
        "PMNTN_CLS_" : " ",
        "PMNTN_RISK" : " ",
        "PMNTN_RECO" : " ",
        "DATA_STDR_" : "2016-12-31",
        "MNTN_ID" : "113800704"
      },
      "geometry" : {
        "paths" : [
          [
            [
              191839.54729999881,
              556810.50310000218
            ],
            [
              191839.54729999881,
              556810.50310000218
            ],
            [
              191844.91459999885,
              556806.00840000249
            ],
            [
              191852.62670000084,
              556803.22070000134
            ],
            [
              191860.7852000026,
              556799.430999998
            ]
          ]
        ]
      }
    },
    {
      "attributes" : {
        "FID" : 38,
        "PMNTN_SN" : 37579,
        "MNTN_CODE" : "113800704",
        "MNTN_NM" : "역촌근린공원",
        "PMNTN_NM" : "구산동구간",
        "PMNTN_MAIN" : " ",
        "PMNTN_LT" : 0.07,
        "PMNTN_DFFL" : "쉬움",
        "PMNTN_UPPL" : 1,
        "PMNTN_GODN" : 1,
        "PMNTN_MTRQ" : "흙길",
        "PMNTN_CNRL" : " ",
        "PMNTN_CLS_" : " ",
        "PMNTN_RISK" : " ",
        "PMNTN_RECO" : " ",
        "DATA_STDR_" : "2016-12-31",
        "MNTN_ID" : "113800704"
      },
      "geometry" : {
        "paths" : [
          [
            [
              191858.29080000147,
              556842.29080000147
            ],
            [
              191858.29080000147,
              556842.29080000147
            ],
            [
              191857.89280000329,
              556846.57509999909
            ],
            [
              191858.26339999959,
              556855.47020000406
            ],
            [
              191856.98700000066,
              556859.13550000265
            ],
            [
              191856.05790000223,
              556864.25600000098
            ],
            [
              191858.01640000008,
              556867.14770000242
            ],
            [
              191856.64749999996,
              556871.54580000229
            ],
            [
              191856.11039999966,
              556874.21550000273
            ],
            [
              191857.63860000018,
              556878.62610000372
            ],
            [
              191856.21449999977,
              556883.32850000262
            ],
            [
              191854.1650000019,
              556891.3590000011
            ],
            [
              191848.73630000185,
              556901.22140000202
            ],
            [
              191846.28920000233,
              556906.39340000413
            ],
            [
              191847.0075999992,
              556912.16139999963
            ]
          ]
        ]
      }
    },
    {
      "attributes" : {
        "FID" : 39,
        "PMNTN_SN" : 37580,
        "MNTN_CODE" : "113800704",
        "MNTN_NM" : "역촌근린공원",
        "PMNTN_NM" : "구산동구간",
        "PMNTN_MAIN" : " ",
        "PMNTN_LT" : 0.07,
        "PMNTN_DFFL" : "쉬움",
        "PMNTN_UPPL" : 1,
        "PMNTN_GODN" : 1,
        "PMNTN_MTRQ" : "흙길",
        "PMNTN_CNRL" : " ",
        "PMNTN_CLS_" : " ",
        "PMNTN_RISK" : " ",
        "PMNTN_RECO" : " ",
        "DATA_STDR_" : "2016-12-31",
        "MNTN_ID" : "113800704"
      },
      "geometry" : {
        "paths" : [
          [
            [
              191897.09050000086,
              556832.16190000251
            ],
            [
              191897.37370000035,
              556825.58410000429
            ],
            [
              191897.64950000029,
              556820.55579999834
            ],
            [
              191896.09110000264,
              556817.59710000269
            ],
            [
              191894.6866000006,
              556815.21510000154
            ],
            [
              191893.75280000363,
              556811.05800000019
            ],
            [
              191894.93960000109,
              556805.19009999931
            ],
            [
              191894.25830000266,
              556803.46649999917
            ],
            [
              191890.00960000418,
              556801.10170000046
            ],
            [
              191884.41400000267,
              556798.94140000083
            ],
            [
              191879.64360000007,
              556797.07710000314
            ],
            [
              191873.19880000036,
              556796.52700000256
            ],
            [
              191871.57690000162,
              556796.82200000063
            ],
            [
              191869.07430000044,
              556797.47150000185
            ],
            [
              191866.67250000127,
              556798.46320000105
            ],
            [
              191860.7852000026,
              556799.430999998
            ]
          ]
        ]
      }
    },
    {
      "attributes" : {
        "FID" : 40,
        "PMNTN_SN" : 37581,
        "MNTN_CODE" : "113800704",
        "MNTN_NM" : "역촌근린공원",
        "PMNTN_NM" : "구산동구간",
        "PMNTN_MAIN" : " ",
        "PMNTN_LT" : 0.01,
        "PMNTN_DFFL" : "쉬움",
        "PMNTN_UPPL" : 1,
        "PMNTN_GODN" : 0,
        "PMNTN_MTRQ" : "흙길",
        "PMNTN_CNRL" : " ",
        "PMNTN_CLS_" : " ",
        "PMNTN_RISK" : " ",
        "PMNTN_RECO" : " ",
        "DATA_STDR_" : "2016-12-31",
        "MNTN_ID" : "113800704"
      },
      "geometry" : {
        "paths" : [
          [
            [
              191873.12530000042,
              556619.27379999869
            ],
            [
              191872.60660000239,
              556633.74050000124
            ]
          ]
        ]
      }
    }
  ]
}