{
  "displayFieldName" : "",
  "fieldAliases" : {
    "FID" : "FID",
    "PMNTN_SPOT" : "PMNTN_SPOT",
    "MNTN_CODE" : "MNTN_CODE",
    "MANAGE_SP1" : "MANAGE_SP1",
    "MANAGE_SP2" : "MANAGE_SP2",
    "DETAIL_SPO" : "DETAIL_SPO",
    "ETC_MATTER" : "ETC_MATTER",
    "MNTN_NM" : "MNTN_NM",
    "PAST_SPOT_" : "PAST_SPOT_",
    "MNTN_ID" : "MNTN_ID"
  },
  "geometryType" : "esriGeometryPoint",
  "spatialReference" : {
    "wkt" : "PROJCS[\"PCS_ITRF2000_TM\",GEOGCS[\"GCS_ITRF_2000\",DATUM[\"D_ITRF_2000\",SPHEROID[\"GRS_1980\",6378137.0,298.257222101]],PRIMEM[\"Greenwich\",0.0],UNIT[\"Degree\",0.0174532925199433]],PROJECTION[\"Transverse_Mercator\"],PARAMETER[\"False_Easting\",200000.0],PARAMETER[\"False_Northing\",600000.0],PARAMETER[\"Central_Meridian\",127.0],PARAMETER[\"Scale_Factor\",1.0],PARAMETER[\"Latitude_Of_Origin\",38.0],UNIT[\"Meter\",1.0]]"
  },
  "fields" : [
    {
      "name" : "FID",
      "type" : "esriFieldTypeOID",
      "alias" : "FID"
    },
    {
      "name" : "PMNTN_SPOT",
      "type" : "esriFieldTypeDouble",
      "alias" : "PMNTN_SPOT"
    },
    {
      "name" : "MNTN_CODE",
      "type" : "esriFieldTypeString",
      "alias" : "MNTN_CODE",
      "length" : 9
    },
    {
      "name" : "MANAGE_SP1",
      "type" : "esriFieldTypeString",
      "alias" : "MANAGE_SP1",
      "length" : 2
    },
    {
      "name" : "MANAGE_SP2",
      "type" : "esriFieldTypeString",
      "alias" : "MANAGE_SP2",
      "length" : 50
    },
    {
      "name" : "DETAIL_SPO",
      "type" : "esriFieldTypeString",
      "alias" : "DETAIL_SPO",
      "length" : 200
    },
    {
      "name" : "ETC_MATTER",
      "type" : "esriFieldTypeString",
      "alias" : "ETC_MATTER",
      "length" : 200
    },
    {
      "name" : "MNTN_NM",
      "type" : "esriFieldTypeString",
      "alias" : "MNTN_NM",
      "length" : 50
    },
    {
      "name" : "PAST_SPOT_",
      "type" : "esriFieldTypeString",
      "alias" : "PAST_SPOT_",
      "length" : 14
    },
    {
      "name" : "MNTN_ID",
      "type" : "esriFieldTypeString",
      "alias" : "MNTN_ID",
      "length" : 10
    }
  ],
  "features" : [
    {
      "attributes" : {
        "FID" : 0,
        "PMNTN_SPOT" : 50849,
        "MNTN_CODE" : "481703401",
        "MANAGE_SP1" : "01",
        "MANAGE_SP2" : "시종점",
        "DETAIL_SPO" : "시종점",
        "ETC_MATTER" : " ",
        "MNTN_NM" : "석갑산",
        "PAST_SPOT_" : "4817016010001",
        "MNTN_ID" : "481701601"
      },
      "geometry" : {
        "x" : 295118.83000000194,
        "y" : 287966.39110000245
      }
    },
    {
      "attributes" : {
        "FID" : 1,
        "PMNTN_SPOT" : 50850,
        "MNTN_CODE" : "481703401",
        "MANAGE_SP1" : "02",
        "MANAGE_SP2" : "분기점",
        "DETAIL_SPO" : "분기점",
        "ETC_MATTER" : " ",
        "MNTN_NM" : "석갑산",
        "PAST_SPOT_" : "4817016010002",
        "MNTN_ID" : "481701601"
      },
      "geometry" : {
        "x" : 295137.32560000103,
        "y" : 287932.59000000358
      }
    },
    {
      "attributes" : {
        "FID" : 2,
        "PMNTN_SPOT" : 50851,
        "MNTN_CODE" : "481703401",
        "MANAGE_SP1" : "01",
        "MANAGE_SP2" : "시종점",
        "DETAIL_SPO" : "시종점",
        "ETC_MATTER" : " ",
        "MNTN_NM" : "석갑산",
        "PAST_SPOT_" : "4817016010003",
        "MNTN_ID" : "481701601"
      },
      "geometry" : {
        "x" : 295154.11649999954,
        "y" : 287962.28800000064
      }
    },
    {
      "attributes" : {
        "FID" : 3,
        "PMNTN_SPOT" : 50852,
        "MNTN_CODE" : "481703401",
        "MANAGE_SP1" : "02",
        "MANAGE_SP2" : "분기점",
        "DETAIL_SPO" : "분기점",
        "ETC_MATTER" : " ",
        "MNTN_NM" : "석갑산",
        "PAST_SPOT_" : "4817016010004",
        "MNTN_ID" : "481701601"
      },
      "geometry" : {
        "x" : 295277.43399999943,
        "y" : 287337.89010000229
      }
    },
    {
      "attributes" : {
        "FID" : 4,
        "PMNTN_SPOT" : 50853,
        "MNTN_CODE" : "481703401",
        "MANAGE_SP1" : "02",
        "MANAGE_SP2" : "분기점",
        "DETAIL_SPO" : "분기점",
        "ETC_MATTER" : " ",
        "MNTN_NM" : "석갑산",
        "PAST_SPOT_" : "4817016010005",
        "MNTN_ID" : "481701601"
      },
      "geometry" : {
        "x" : 295300.37579999864,
        "y" : 287740.0578000024
      }
    },
    {
      "attributes" : {
        "FID" : 5,
        "PMNTN_SPOT" : 50854,
        "MNTN_CODE" : "481703401",
        "MANAGE_SP1" : "01",
        "MANAGE_SP2" : "시종점",
        "DETAIL_SPO" : "시종점",
        "ETC_MATTER" : " ",
        "MNTN_NM" : "석갑산",
        "PAST_SPOT_" : "4817016010006",
        "MNTN_ID" : "481701601"
      },
      "geometry" : {
        "x" : 295331.37680000253,
        "y" : 288182.02560000122
      }
    },
    {
      "attributes" : {
        "FID" : 6,
        "PMNTN_SPOT" : 50855,
        "MNTN_CODE" : "481703401",
        "MANAGE_SP1" : "01",
        "MANAGE_SP2" : "시종점",
        "DETAIL_SPO" : "시종점",
        "ETC_MATTER" : " ",
        "MNTN_NM" : "석갑산",
        "PAST_SPOT_" : "4817016010007",
        "MNTN_ID" : "481701601"
      },
      "geometry" : {
        "x" : 295352.04210000206,
        "y" : 287206.60400000215
      }
    },
    {
      "attributes" : {
        "FID" : 7,
        "PMNTN_SPOT" : 50856,
        "MNTN_CODE" : "481703401",
        "MANAGE_SP1" : "02",
        "MANAGE_SP2" : "분기점",
        "DETAIL_SPO" : "분기점",
        "ETC_MATTER" : " ",
        "MNTN_NM" : "석갑산",
        "PAST_SPOT_" : "4817016010008",
        "MNTN_ID" : "481701601"
      },
      "geometry" : {
        "x" : 295484.3040000014,
        "y" : 287761.46450000256
      }
    },
    {
      "attributes" : {
        "FID" : 8,
        "PMNTN_SPOT" : 50857,
        "MNTN_CODE" : "481703401",
        "MANAGE_SP1" : "02",
        "MANAGE_SP2" : "분기점",
        "DETAIL_SPO" : "분기점",
        "ETC_MATTER" : " ",
        "MNTN_NM" : "석갑산",
        "PAST_SPOT_" : "4817016010009",
        "MNTN_ID" : "481701601"
      },
      "geometry" : {
        "x" : 295538.17170000169,
        "y" : 288249.1109000016
      }
    },
    {
      "attributes" : {
        "FID" : 9,
        "PMNTN_SPOT" : 50858,
        "MNTN_CODE" : "481703401",
        "MANAGE_SP1" : "02",
        "MANAGE_SP2" : "분기점",
        "DETAIL_SPO" : "분기점",
        "ETC_MATTER" : " ",
        "MNTN_NM" : "석갑산",
        "PAST_SPOT_" : "4817016010010",
        "MNTN_ID" : "481701601"
      },
      "geometry" : {
        "x" : 295612.95020000078,
        "y" : 288038.93100000359
      }
    },
    {
      "attributes" : {
        "FID" : 10,
        "PMNTN_SPOT" : 50859,
        "MNTN_CODE" : "481703401",
        "MANAGE_SP1" : "02",
        "MANAGE_SP2" : "분기점",
        "DETAIL_SPO" : "분기점",
        "ETC_MATTER" : " ",
        "MNTN_NM" : "석갑산",
        "PAST_SPOT_" : "4817016010011",
        "MNTN_ID" : "481701601"
      },
      "geometry" : {
        "x" : 295624.29640000314,
        "y" : 287854.7519000005
      }
    },
    {
      "attributes" : {
        "FID" : 11,
        "PMNTN_SPOT" : 50860,
        "MNTN_CODE" : "481703401",
        "MANAGE_SP1" : "01",
        "MANAGE_SP2" : "시종점",
        "DETAIL_SPO" : "시종점",
        "ETC_MATTER" : " ",
        "MNTN_NM" : "석갑산",
        "PAST_SPOT_" : "4817016010012",
        "MNTN_ID" : "481701601"
      },
      "geometry" : {
        "x" : 295669.0502000032,
        "y" : 287429.41660000198
      }
    },
    {
      "attributes" : {
        "FID" : 12,
        "PMNTN_SPOT" : 50861,
        "MNTN_CODE" : "481703401",
        "MANAGE_SP1" : "02",
        "MANAGE_SP2" : "분기점",
        "DETAIL_SPO" : "분기점",
        "ETC_MATTER" : " ",
        "MNTN_NM" : "석갑산",
        "PAST_SPOT_" : "4817016010013",
        "MNTN_ID" : "481701601"
      },
      "geometry" : {
        "x" : 295678.11950000189,
        "y" : 287788.22140000202
      }
    },
    {
      "attributes" : {
        "FID" : 13,
        "PMNTN_SPOT" : 50862,
        "MNTN_CODE" : "481703401",
        "MANAGE_SP1" : "02",
        "MANAGE_SP2" : "분기점",
        "DETAIL_SPO" : "분기점",
        "ETC_MATTER" : " ",
        "MNTN_NM" : "석갑산",
        "PAST_SPOT_" : "4817016010014",
        "MNTN_ID" : "481701601"
      },
      "geometry" : {
        "x" : 295716.018600001,
        "y" : 287741.62060000189
      }
    },
    {
      "attributes" : {
        "FID" : 14,
        "PMNTN_SPOT" : 50863,
        "MNTN_CODE" : "481703401",
        "MANAGE_SP1" : "02",
        "MANAGE_SP2" : "분기점",
        "DETAIL_SPO" : "분기점",
        "ETC_MATTER" : " ",
        "MNTN_NM" : "석갑산",
        "PAST_SPOT_" : "4817016010015",
        "MNTN_ID" : "481701601"
      },
      "geometry" : {
        "x" : 295739.70380000304,
        "y" : 287433.59530000202
      }
    },
    {
      "attributes" : {
        "FID" : 15,
        "PMNTN_SPOT" : 50864,
        "MNTN_CODE" : "481703401",
        "MANAGE_SP1" : "02",
        "MANAGE_SP2" : "분기점",
        "DETAIL_SPO" : "분기점",
        "ETC_MATTER" : " ",
        "MNTN_NM" : "석갑산",
        "PAST_SPOT_" : "4817016010016",
        "MNTN_ID" : "481701601"
      },
      "geometry" : {
        "x" : 295761.02410000376,
        "y" : 287618.6053000018
      }
    },
    {
      "attributes" : {
        "FID" : 16,
        "PMNTN_SPOT" : 50865,
        "MNTN_CODE" : "481703401",
        "MANAGE_SP1" : "02",
        "MANAGE_SP2" : "분기점",
        "DETAIL_SPO" : "분기점",
        "ETC_MATTER" : " ",
        "MNTN_NM" : "석갑산",
        "PAST_SPOT_" : "4817016010017",
        "MNTN_ID" : "481701601"
      },
      "geometry" : {
        "x" : 295762.49590000138,
        "y" : 287524.01200000197
      }
    },
    {
      "attributes" : {
        "FID" : 17,
        "PMNTN_SPOT" : 50866,
        "MNTN_CODE" : "481703401",
        "MANAGE_SP1" : "02",
        "MANAGE_SP2" : "분기점",
        "DETAIL_SPO" : "분기점",
        "ETC_MATTER" : " ",
        "MNTN_NM" : "석갑산",
        "PAST_SPOT_" : "4817016010018",
        "MNTN_ID" : "481701601"
      },
      "geometry" : {
        "x" : 295763.85310000274,
        "y" : 287544.09840000048
      }
    },
    {
      "attributes" : {
        "FID" : 18,
        "PMNTN_SPOT" : 50867,
        "MNTN_CODE" : "481703401",
        "MANAGE_SP1" : "02",
        "MANAGE_SP2" : "분기점",
        "DETAIL_SPO" : "분기점",
        "ETC_MATTER" : " ",
        "MNTN_NM" : "석갑산",
        "PAST_SPOT_" : "4817016010019",
        "MNTN_ID" : "481701601"
      },
      "geometry" : {
        "x" : 295770.71760000382,
        "y" : 287709.07800000161
      }
    },
    {
      "attributes" : {
        "FID" : 19,
        "PMNTN_SPOT" : 50868,
        "MNTN_CODE" : "481703401",
        "MANAGE_SP1" : "02",
        "MANAGE_SP2" : "분기점",
        "DETAIL_SPO" : "분기점",
        "ETC_MATTER" : " ",
        "MNTN_NM" : "석갑산",
        "PAST_SPOT_" : "4817016010020",
        "MNTN_ID" : "481701601"
      },
      "geometry" : {
        "x" : 295793.32610000111,
        "y" : 287280.43280000053
      }
    },
    {
      "attributes" : {
        "FID" : 20,
        "PMNTN_SPOT" : 50869,
        "MNTN_CODE" : "481703401",
        "MANAGE_SP1" : "02",
        "MANAGE_SP2" : "분기점",
        "DETAIL_SPO" : "분기점",
        "ETC_MATTER" : " ",
        "MNTN_NM" : "석갑산",
        "PAST_SPOT_" : "4817016010021",
        "MNTN_ID" : "481701601"
      },
      "geometry" : {
        "x" : 295857.20040000044,
        "y" : 287723.74410000257
      }
    },
    {
      "attributes" : {
        "FID" : 21,
        "PMNTN_SPOT" : 50870,
        "MNTN_CODE" : "481703401",
        "MANAGE_SP1" : "02",
        "MANAGE_SP2" : "분기점",
        "DETAIL_SPO" : "분기점",
        "ETC_MATTER" : " ",
        "MNTN_NM" : "석갑산",
        "PAST_SPOT_" : "4817016010022",
        "MNTN_ID" : "481701601"
      },
      "geometry" : {
        "x" : 295955.37739999965,
        "y" : 287438.35299999826
      }
    },
    {
      "attributes" : {
        "FID" : 22,
        "PMNTN_SPOT" : 50871,
        "MNTN_CODE" : "481703401",
        "MANAGE_SP1" : "01",
        "MANAGE_SP2" : "시종점",
        "DETAIL_SPO" : "시종점",
        "ETC_MATTER" : " ",
        "MNTN_NM" : "석갑산",
        "PAST_SPOT_" : "4817016010023",
        "MNTN_ID" : "481701601"
      },
      "geometry" : {
        "x" : 295995.32605695724,
        "y" : 286961.21406826377
      }
    },
    {
      "attributes" : {
        "FID" : 23,
        "PMNTN_SPOT" : 50872,
        "MNTN_CODE" : "481703401",
        "MANAGE_SP1" : "02",
        "MANAGE_SP2" : "분기점",
        "DETAIL_SPO" : "분기점",
        "ETC_MATTER" : " ",
        "MNTN_NM" : "석갑산",
        "PAST_SPOT_" : "4817016010024",
        "MNTN_ID" : "481701601"
      },
      "geometry" : {
        "x" : 295998.68090000004,
        "y" : 288298.34490000457
      }
    },
    {
      "attributes" : {
        "FID" : 24,
        "PMNTN_SPOT" : 50873,
        "MNTN_CODE" : "481703401",
        "MANAGE_SP1" : "01",
        "MANAGE_SP2" : "시종점",
        "DETAIL_SPO" : "시종점",
        "ETC_MATTER" : " ",
        "MNTN_NM" : "석갑산",
        "PAST_SPOT_" : "4817016010025",
        "MNTN_ID" : "481701601"
      },
      "geometry" : {
        "x" : 296002.00150000118,
        "y" : 288305.85880000144
      }
    },
    {
      "attributes" : {
        "FID" : 25,
        "PMNTN_SPOT" : 50874,
        "MNTN_CODE" : "481703401",
        "MANAGE_SP1" : "02",
        "MANAGE_SP2" : "분기점",
        "DETAIL_SPO" : "분기점",
        "ETC_MATTER" : " ",
        "MNTN_NM" : "석갑산",
        "PAST_SPOT_" : "4817016010026",
        "MNTN_ID" : "481701601"
      },
      "geometry" : {
        "x" : 296012.78520000167,
        "y" : 287328.48100000434
      }
    },
    {
      "attributes" : {
        "FID" : 26,
        "PMNTN_SPOT" : 50875,
        "MNTN_CODE" : "481703401",
        "MANAGE_SP1" : "01",
        "MANAGE_SP2" : "시종점",
        "DETAIL_SPO" : "시종점",
        "ETC_MATTER" : " ",
        "MNTN_NM" : "석갑산",
        "PAST_SPOT_" : "4817016010027",
        "MNTN_ID" : "481701601"
      },
      "geometry" : {
        "x" : 296041.40410000272,
        "y" : 287237.39279999956
      }
    },
    {
      "attributes" : {
        "FID" : 27,
        "PMNTN_SPOT" : 50876,
        "MNTN_CODE" : "481703401",
        "MANAGE_SP1" : "02",
        "MANAGE_SP2" : "분기점",
        "DETAIL_SPO" : "분기점",
        "ETC_MATTER" : " ",
        "MNTN_NM" : "석갑산",
        "PAST_SPOT_" : "4817016010028",
        "MNTN_ID" : "481701601"
      },
      "geometry" : {
        "x" : 296045.54710000288,
        "y" : 287426.8208000008
      }
    },
    {
      "attributes" : {
        "FID" : 28,
        "PMNTN_SPOT" : 50877,
        "MNTN_CODE" : "481703401",
        "MANAGE_SP1" : "02",
        "MANAGE_SP2" : "분기점",
        "DETAIL_SPO" : "분기점",
        "ETC_MATTER" : " ",
        "MNTN_NM" : "석갑산",
        "PAST_SPOT_" : "4817016010029",
        "MNTN_ID" : "481701601"
      },
      "geometry" : {
        "x" : 296054.02110000327,
        "y" : 287574.04990000091
      }
    },
    {
      "attributes" : {
        "FID" : 29,
        "PMNTN_SPOT" : 50878,
        "MNTN_CODE" : "481703401",
        "MANAGE_SP1" : "02",
        "MANAGE_SP2" : "분기점",
        "DETAIL_SPO" : "분기점",
        "ETC_MATTER" : " ",
        "MNTN_NM" : "석갑산",
        "PAST_SPOT_" : "4817016010030",
        "MNTN_ID" : "481701601"
      },
      "geometry" : {
        "x" : 296074.99800000247,
        "y" : 287910.19419999979
      }
    },
    {
      "attributes" : {
        "FID" : 30,
        "PMNTN_SPOT" : 50879,
        "MNTN_CODE" : "481703401",
        "MANAGE_SP1" : "01",
        "MANAGE_SP2" : "시종점",
        "DETAIL_SPO" : "시종점",
        "ETC_MATTER" : " ",
        "MNTN_NM" : "석갑산",
        "PAST_SPOT_" : "4817016010031",
        "MNTN_ID" : "481701601"
      },
      "geometry" : {
        "x" : 296357.41392021719,
        "y" : 288250.4417069573
      }
    },
    {
      "attributes" : {
        "FID" : 31,
        "PMNTN_SPOT" : 50880,
        "MNTN_CODE" : "481703401",
        "MANAGE_SP1" : "01",
        "MANAGE_SP2" : "시종점",
        "DETAIL_SPO" : "시종점",
        "ETC_MATTER" : " ",
        "MNTN_NM" : "석갑산",
        "PAST_SPOT_" : "4817016010032",
        "MNTN_ID" : "481701601"
      },
      "geometry" : {
        "x" : 296398.67920000106,
        "y" : 286909.04440000094
      }
    },
    {
      "attributes" : {
        "FID" : 32,
        "PMNTN_SPOT" : 50881,
        "MNTN_CODE" : "481703401",
        "MANAGE_SP1" : "02",
        "MANAGE_SP2" : "분기점",
        "DETAIL_SPO" : "분기점",
        "ETC_MATTER" : " ",
        "MNTN_NM" : "석갑산",
        "PAST_SPOT_" : "4817016010033",
        "MNTN_ID" : "481701601"
      },
      "geometry" : {
        "x" : 296448.19080000278,
        "y" : 287234.91350000352
      }
    },
    {
      "attributes" : {
        "FID" : 33,
        "PMNTN_SPOT" : 50882,
        "MNTN_CODE" : "481703401",
        "MANAGE_SP1" : "01",
        "MANAGE_SP2" : "시종점",
        "DETAIL_SPO" : "시종점",
        "ETC_MATTER" : " ",
        "MNTN_NM" : "석갑산",
        "PAST_SPOT_" : "4817016010034",
        "MNTN_ID" : "481701601"
      },
      "geometry" : {
        "x" : 296688.54990000185,
        "y" : 287416.35800000094
      }
    },
    {
      "attributes" : {
        "FID" : 34,
        "PMNTN_SPOT" : 50883,
        "MNTN_CODE" : "481703401",
        "MANAGE_SP1" : "01",
        "MANAGE_SP2" : "시종점",
        "DETAIL_SPO" : "시종점",
        "ETC_MATTER" : " ",
        "MNTN_NM" : "석갑산",
        "PAST_SPOT_" : "4817016010035",
        "MNTN_ID" : "481701601"
      },
      "geometry" : {
        "x" : 296759.55399999954,
        "y" : 287885.37340000272
      }
    },
    {
      "attributes" : {
        "FID" : 35,
        "PMNTN_SPOT" : 50884,
        "MNTN_CODE" : "481703401",
        "MANAGE_SP1" : "99",
        "MANAGE_SP2" : "기타",
        "DETAIL_SPO" : "고분군 6호분군 입구",
        "ETC_MATTER" : " ",
        "MNTN_NM" : "석갑산",
        "PAST_SPOT_" : "4817016010036",
        "MNTN_ID" : "481701601"
      },
      "geometry" : {
        "x" : 295986.83160000015,
        "y" : 287037.27170000225
      }
    },
    {
      "attributes" : {
        "FID" : 36,
        "PMNTN_SPOT" : 50885,
        "MNTN_CODE" : "481703401",
        "MANAGE_SP1" : "11",
        "MANAGE_SP2" : "안내판또는지도",
        "DETAIL_SPO" : "고려 고분군 안내문",
        "ETC_MATTER" : " ",
        "MNTN_NM" : "석갑산",
        "PAST_SPOT_" : "4817016010037",
        "MNTN_ID" : "481701601"
      },
      "geometry" : {
        "x" : 295971.29480000306,
        "y" : 287056.48139999993
      }
    },
    {
      "attributes" : {
        "FID" : 37,
        "PMNTN_SPOT" : 50886,
        "MNTN_CODE" : "481703401",
        "MANAGE_SP1" : "99",
        "MANAGE_SP2" : "기타",
        "DETAIL_SPO" : "사적164호진주평거고려고분군제6호분군",
        "ETC_MATTER" : " ",
        "MNTN_NM" : "석갑산",
        "PAST_SPOT_" : "4817016010038",
        "MNTN_ID" : "481701601"
      },
      "geometry" : {
        "x" : 295941.51649999991,
        "y" : 287097.35579999909
      }
    },
    {
      "attributes" : {
        "FID" : 38,
        "PMNTN_SPOT" : 50887,
        "MNTN_CODE" : "481703401",
        "MANAGE_SP1" : "99",
        "MANAGE_SP2" : "기타",
        "DETAIL_SPO" : "도로변입구(2)",
        "ETC_MATTER" : " ",
        "MNTN_NM" : "석갑산",
        "PAST_SPOT_" : "4817016010039",
        "MNTN_ID" : "481701601"
      },
      "geometry" : {
        "x" : 295554.4541000016,
        "y" : 287118.03710000031
      }
    },
    {
      "attributes" : {
        "FID" : 39,
        "PMNTN_SPOT" : 50888,
        "MNTN_CODE" : "481703401",
        "MANAGE_SP1" : "99",
        "MANAGE_SP2" : "기타",
        "DETAIL_SPO" : "돌탑",
        "ETC_MATTER" : " ",
        "MNTN_NM" : "석갑산",
        "PAST_SPOT_" : "4817016010040",
        "MNTN_ID" : "481701601"
      },
      "geometry" : {
        "x" : 295567.15430000424,
        "y" : 287128.43500000238
      }
    },
    {
      "attributes" : {
        "FID" : 40,
        "PMNTN_SPOT" : 50889,
        "MNTN_CODE" : "481703401",
        "MANAGE_SP1" : "99",
        "MANAGE_SP2" : "기타",
        "DETAIL_SPO" : "고속도로와 맞물림",
        "ETC_MATTER" : " ",
        "MNTN_NM" : "석갑산",
        "PAST_SPOT_" : "4817016010041",
        "MNTN_ID" : "481701601"
      },
      "geometry" : {
        "x" : 295351.21140000317,
        "y" : 287203.82510000095
      }
    },
    {
      "attributes" : {
        "FID" : 41,
        "PMNTN_SPOT" : 50890,
        "MNTN_CODE" : "481703401",
        "MANAGE_SP1" : "99",
        "MANAGE_SP2" : "기타",
        "DETAIL_SPO" : "도로변 임도",
        "ETC_MATTER" : " ",
        "MNTN_NM" : "석갑산",
        "PAST_SPOT_" : "4817016010042",
        "MNTN_ID" : "481701601"
      },
      "geometry" : {
        "x" : 295374.33770000283,
        "y" : 287211.30299999937
      }
    },
    {
      "attributes" : {
        "FID" : 42,
        "PMNTN_SPOT" : 50891,
        "MNTN_CODE" : "481703401",
        "MANAGE_SP1" : "99",
        "MANAGE_SP2" : "기타",
        "DETAIL_SPO" : "등산로옆도로공사중",
        "ETC_MATTER" : " ",
        "MNTN_NM" : "석갑산",
        "PAST_SPOT_" : "4817016010043",
        "MNTN_ID" : "481701601"
      },
      "geometry" : {
        "x" : 296460.16750000417,
        "y" : 287235.33469999954
      }
    },
    {
      "attributes" : {
        "FID" : 43,
        "PMNTN_SPOT" : 50892,
        "MNTN_CODE" : "481703401",
        "MANAGE_SP1" : "99",
        "MANAGE_SP2" : "기타",
        "DETAIL_SPO" : "고분군 5호분군 입구",
        "ETC_MATTER" : " ",
        "MNTN_NM" : "석갑산",
        "PAST_SPOT_" : "4817016010044",
        "MNTN_ID" : "481701601"
      },
      "geometry" : {
        "x" : 296039.75330000464,
        "y" : 287235.51190000027
      }
    },
    {
      "attributes" : {
        "FID" : 44,
        "PMNTN_SPOT" : 50893,
        "MNTN_CODE" : "481703401",
        "MANAGE_SP1" : "99",
        "MANAGE_SP2" : "기타",
        "DETAIL_SPO" : "도로변입구(1)",
        "ETC_MATTER" : " ",
        "MNTN_NM" : "석갑산",
        "PAST_SPOT_" : "4817016010045",
        "MNTN_ID" : "481701601"
      },
      "geometry" : {
        "x" : 295343.81690000091,
        "y" : 287245.97970000096
      }
    },
    {
      "attributes" : {
        "FID" : 45,
        "PMNTN_SPOT" : 50894,
        "MNTN_CODE" : "481703401",
        "MANAGE_SP1" : "11",
        "MANAGE_SP2" : "안내판또는지도",
        "DETAIL_SPO" : "고분군 5호분군 안내문",
        "ETC_MATTER" : " ",
        "MNTN_NM" : "석갑산",
        "PAST_SPOT_" : "4817016010046",
        "MNTN_ID" : "481701601"
      },
      "geometry" : {
        "x" : 296030.28720000107,
        "y" : 287246.70769999921
      }
    },
    {
      "attributes" : {
        "FID" : 46,
        "PMNTN_SPOT" : 50895,
        "MNTN_CODE" : "481703401",
        "MANAGE_SP1" : "10",
        "MANAGE_SP2" : "이정표",
        "DETAIL_SPO" : "이정표",
        "ETC_MATTER" : " ",
        "MNTN_NM" : "석갑산",
        "PAST_SPOT_" : "4817016010047",
        "MNTN_ID" : "481701601"
      },
      "geometry" : {
        "x" : 295793.99069999997,
        "y" : 287289.2266999986
      }
    },
    {
      "attributes" : {
        "FID" : 47,
        "PMNTN_SPOT" : 50896,
        "MNTN_CODE" : "481703401",
        "MANAGE_SP1" : "99",
        "MANAGE_SP2" : "기타",
        "DETAIL_SPO" : "고분군 5호분군",
        "ETC_MATTER" : " ",
        "MNTN_NM" : "석갑산",
        "PAST_SPOT_" : "4817016010048",
        "MNTN_ID" : "481701601"
      },
      "geometry" : {
        "x" : 296027.01810000092,
        "y" : 287294.75320000015
      }
    },
    {
      "attributes" : {
        "FID" : 48,
        "PMNTN_SPOT" : 50897,
        "MNTN_CODE" : "481703401",
        "MANAGE_SP1" : "99",
        "MANAGE_SP2" : "기타",
        "DETAIL_SPO" : "고려고분군 2호분군",
        "ETC_MATTER" : " ",
        "MNTN_NM" : "석갑산",
        "PAST_SPOT_" : "4817016010049",
        "MNTN_ID" : "481701601"
      },
      "geometry" : {
        "x" : 295929.80430000369,
        "y" : 287310.59090000391
      }
    },
    {
      "attributes" : {
        "FID" : 49,
        "PMNTN_SPOT" : 50898,
        "MNTN_CODE" : "481703401",
        "MANAGE_SP1" : "99",
        "MANAGE_SP2" : "기타",
        "DETAIL_SPO" : "고려고분군 1호분",
        "ETC_MATTER" : " ",
        "MNTN_NM" : "석갑산",
        "PAST_SPOT_" : "4817016010050",
        "MNTN_ID" : "481701601"
      },
      "geometry" : {
        "x" : 295840.61160000414,
        "y" : 287321.80959999934
      }
    },
    {
      "attributes" : {
        "FID" : 50,
        "PMNTN_SPOT" : 50899,
        "MNTN_CODE" : "481703401",
        "MANAGE_SP1" : "99",
        "MANAGE_SP2" : "기타",
        "DETAIL_SPO" : "고려고분군 4호분옆방지책",
        "ETC_MATTER" : " ",
        "MNTN_NM" : "석갑산",
        "PAST_SPOT_" : "4817016010051",
        "MNTN_ID" : "481701601"
      },
      "geometry" : {
        "x" : 296008.39780000597,
        "y" : 287331.59549999982
      }
    },
    {
      "attributes" : {
        "FID" : 51,
        "PMNTN_SPOT" : 50900,
        "MNTN_CODE" : "481703401",
        "MANAGE_SP1" : "99",
        "MANAGE_SP2" : "기타",
        "DETAIL_SPO" : "신안빌라측 입구",
        "ETC_MATTER" : " ",
        "MNTN_NM" : "석갑산",
        "PAST_SPOT_" : "4817016010052",
        "MNTN_ID" : "481701601"
      },
      "geometry" : {
        "x" : 296667.36210000329,
        "y" : 287401.25520000234
      }
    },
    {
      "attributes" : {
        "FID" : 52,
        "PMNTN_SPOT" : 50901,
        "MNTN_CODE" : "481703401",
        "MANAGE_SP1" : "99",
        "MANAGE_SP2" : "기타",
        "DETAIL_SPO" : "나무계단벤치",
        "ETC_MATTER" : " ",
        "MNTN_NM" : "석갑산",
        "PAST_SPOT_" : "4817016010053",
        "MNTN_ID" : "481701601"
      },
      "geometry" : {
        "x" : 295740.1528000012,
        "y" : 287433.68640000001
      }
    },
    {
      "attributes" : {
        "FID" : 53,
        "PMNTN_SPOT" : 50902,
        "MNTN_CODE" : "481703401",
        "MANAGE_SP1" : "05",
        "MANAGE_SP2" : "벤치",
        "DETAIL_SPO" : "벤치",
        "ETC_MATTER" : " ",
        "MNTN_NM" : "석갑산",
        "PAST_SPOT_" : "4817016010054",
        "MNTN_ID" : "481701601"
      },
      "geometry" : {
        "x" : 295954.83730000537,
        "y" : 287435.7442000024
      }
    },
    {
      "attributes" : {
        "FID" : 54,
        "PMNTN_SPOT" : 50903,
        "MNTN_CODE" : "481703401",
        "MANAGE_SP1" : "99",
        "MANAGE_SP2" : "기타",
        "DETAIL_SPO" : "방지책",
        "ETC_MATTER" : " ",
        "MNTN_NM" : "석갑산",
        "PAST_SPOT_" : "4817016010055",
        "MNTN_ID" : "481701601"
      },
      "geometry" : {
        "x" : 296295.28320000134,
        "y" : 287455.79690000042
      }
    },
    {
      "attributes" : {
        "FID" : 55,
        "PMNTN_SPOT" : 50904,
        "MNTN_CODE" : "481703401",
        "MANAGE_SP1" : "10",
        "MANAGE_SP2" : "이정표",
        "DETAIL_SPO" : "이정표",
        "ETC_MATTER" : " ",
        "MNTN_NM" : "석갑산",
        "PAST_SPOT_" : "4817016010056",
        "MNTN_ID" : "481701601"
      },
      "geometry" : {
        "x" : 295756.3328999998,
        "y" : 287456.99290000275
      }
    },
    {
      "attributes" : {
        "FID" : 56,
        "PMNTN_SPOT" : 50905,
        "MNTN_CODE" : "481703401",
        "MANAGE_SP1" : "99",
        "MANAGE_SP2" : "기타",
        "DETAIL_SPO" : "평상",
        "ETC_MATTER" : " ",
        "MNTN_NM" : "석갑산",
        "PAST_SPOT_" : "4817016010057",
        "MNTN_ID" : "481701601"
      },
      "geometry" : {
        "x" : 296155.48770000041,
        "y" : 287483.74119999819
      }
    },
    {
      "attributes" : {
        "FID" : 57,
        "PMNTN_SPOT" : 50906,
        "MNTN_CODE" : "481703401",
        "MANAGE_SP1" : "99",
        "MANAGE_SP2" : "기타",
        "DETAIL_SPO" : "나무계단",
        "ETC_MATTER" : " ",
        "MNTN_NM" : "석갑산",
        "PAST_SPOT_" : "4817016010058",
        "MNTN_ID" : "481701601"
      },
      "geometry" : {
        "x" : 295811.59690000024,
        "y" : 287536.32670000009
      }
    },
    {
      "attributes" : {
        "FID" : 58,
        "PMNTN_SPOT" : 50907,
        "MNTN_CODE" : "481703401",
        "MANAGE_SP1" : "07",
        "MANAGE_SP2" : "시설물(운동기구 등)",
        "DETAIL_SPO" : "체육장(1)",
        "ETC_MATTER" : " ",
        "MNTN_NM" : "석갑산",
        "PAST_SPOT_" : "4817016010059",
        "MNTN_ID" : "481701601"
      },
      "geometry" : {
        "x" : 295761.35060000233,
        "y" : 287601.29729999974
      }
    },
    {
      "attributes" : {
        "FID" : 59,
        "PMNTN_SPOT" : 50908,
        "MNTN_CODE" : "481703401",
        "MANAGE_SP1" : "99",
        "MANAGE_SP2" : "기타",
        "DETAIL_SPO" : "나무계단",
        "ETC_MATTER" : " ",
        "MNTN_NM" : "석갑산",
        "PAST_SPOT_" : "4817016010060",
        "MNTN_ID" : "481701601"
      },
      "geometry" : {
        "x" : 295761.53210000135,
        "y" : 287614.30409999937
      }
    },
    {
      "attributes" : {
        "FID" : 60,
        "PMNTN_SPOT" : 50909,
        "MNTN_CODE" : "481703401",
        "MANAGE_SP1" : "99",
        "MANAGE_SP2" : "기타",
        "DETAIL_SPO" : "정실부부묘",
        "ETC_MATTER" : " ",
        "MNTN_NM" : "석갑산",
        "PAST_SPOT_" : "4817016010061",
        "MNTN_ID" : "481701601"
      },
      "geometry" : {
        "x" : 295912.01160000451,
        "y" : 287631.06279999949
      }
    },
    {
      "attributes" : {
        "FID" : 61,
        "PMNTN_SPOT" : 50910,
        "MNTN_CODE" : "481703401",
        "MANAGE_SP1" : "99",
        "MANAGE_SP2" : "기타",
        "DETAIL_SPO" : "천황사",
        "ETC_MATTER" : " ",
        "MNTN_NM" : "석갑산",
        "PAST_SPOT_" : "4817016010062",
        "MNTN_ID" : "481701601"
      },
      "geometry" : {
        "x" : 296146.77350000385,
        "y" : 287647.46320000105
      }
    },
    {
      "attributes" : {
        "FID" : 62,
        "PMNTN_SPOT" : 50911,
        "MNTN_CODE" : "481703401",
        "MANAGE_SP1" : "99",
        "MANAGE_SP2" : "기타",
        "DETAIL_SPO" : "터널",
        "ETC_MATTER" : " ",
        "MNTN_NM" : "석갑산",
        "PAST_SPOT_" : "4817016010063",
        "MNTN_ID" : "481701601"
      },
      "geometry" : {
        "x" : 296331.64300000481,
        "y" : 287663.38400000148
      }
    },
    {
      "attributes" : {
        "FID" : 63,
        "PMNTN_SPOT" : 50912,
        "MNTN_CODE" : "481703401",
        "MANAGE_SP1" : "07",
        "MANAGE_SP2" : "시설물(운동기구 등)",
        "DETAIL_SPO" : "석갑산체육공원",
        "ETC_MATTER" : " ",
        "MNTN_NM" : "석갑산",
        "PAST_SPOT_" : "4817016010064",
        "MNTN_ID" : "481701601"
      },
      "geometry" : {
        "x" : 295775.26530000102,
        "y" : 287701.05550000258
      }
    },
    {
      "attributes" : {
        "FID" : 64,
        "PMNTN_SPOT" : 50913,
        "MNTN_CODE" : "481703401",
        "MANAGE_SP1" : "05",
        "MANAGE_SP2" : "벤치",
        "DETAIL_SPO" : "벤치",
        "ETC_MATTER" : " ",
        "MNTN_NM" : "석갑산",
        "PAST_SPOT_" : "4817016010065",
        "MNTN_ID" : "481701601"
      },
      "geometry" : {
        "x" : 295214.94590000063,
        "y" : 287712.12180000357
      }
    },
    {
      "attributes" : {
        "FID" : 65,
        "PMNTN_SPOT" : 50914,
        "MNTN_CODE" : "481703401",
        "MANAGE_SP1" : "05",
        "MANAGE_SP2" : "벤치",
        "DETAIL_SPO" : "벤치4",
        "ETC_MATTER" : " ",
        "MNTN_NM" : "석갑산",
        "PAST_SPOT_" : "4817016010066",
        "MNTN_ID" : "481701601"
      },
      "geometry" : {
        "x" : 295303.66689999867,
        "y" : 287741.87070000172
      }
    },
    {
      "attributes" : {
        "FID" : 66,
        "PMNTN_SPOT" : 50915,
        "MNTN_CODE" : "481703401",
        "MANAGE_SP1" : "99",
        "MANAGE_SP2" : "기타",
        "DETAIL_SPO" : "천황사입구",
        "ETC_MATTER" : " ",
        "MNTN_NM" : "석갑산",
        "PAST_SPOT_" : "4817016010067",
        "MNTN_ID" : "481701601"
      },
      "geometry" : {
        "x" : 296749.97810000181,
        "y" : 287883.61580000259
      }
    },
    {
      "attributes" : {
        "FID" : 67,
        "PMNTN_SPOT" : 50916,
        "MNTN_CODE" : "481703401",
        "MANAGE_SP1" : "99",
        "MANAGE_SP2" : "기타",
        "DETAIL_SPO" : "한씨제각,이정표",
        "ETC_MATTER" : " ",
        "MNTN_NM" : "석갑산",
        "PAST_SPOT_" : "4817016010068",
        "MNTN_ID" : "481701601"
      },
      "geometry" : {
        "x" : 296076.56730000023,
        "y" : 287909.98949999548
      }
    },
    {
      "attributes" : {
        "FID" : 68,
        "PMNTN_SPOT" : 50917,
        "MNTN_CODE" : "481703401",
        "MANAGE_SP1" : "99",
        "MANAGE_SP2" : "기타",
        "DETAIL_SPO" : "서진주IC부근(2)",
        "ETC_MATTER" : " ",
        "MNTN_NM" : "석갑산",
        "PAST_SPOT_" : "4817016010069",
        "MNTN_ID" : "481701601"
      },
      "geometry" : {
        "x" : 295151.10929999966,
        "y" : 287957.15610000119
      }
    },
    {
      "attributes" : {
        "FID" : 69,
        "PMNTN_SPOT" : 50918,
        "MNTN_CODE" : "481703401",
        "MANAGE_SP1" : "99",
        "MANAGE_SP2" : "기타",
        "DETAIL_SPO" : "서진주IC부근(1)",
        "ETC_MATTER" : " ",
        "MNTN_NM" : "석갑산",
        "PAST_SPOT_" : "4817016010070",
        "MNTN_ID" : "481701601"
      },
      "geometry" : {
        "x" : 295120.416000003,
        "y" : 287964.29080000333
      }
    },
    {
      "attributes" : {
        "FID" : 70,
        "PMNTN_SPOT" : 50919,
        "MNTN_CODE" : "481703401",
        "MANAGE_SP1" : "99",
        "MANAGE_SP2" : "기타",
        "DETAIL_SPO" : "대사골(입구)",
        "ETC_MATTER" : " ",
        "MNTN_NM" : "석갑산",
        "PAST_SPOT_" : "4817016010071",
        "MNTN_ID" : "481701601"
      },
      "geometry" : {
        "x" : 295917.69649999868,
        "y" : 288006.60970000178
      }
    },
    {
      "attributes" : {
        "FID" : 71,
        "PMNTN_SPOT" : 50920,
        "MNTN_CODE" : "481703401",
        "MANAGE_SP1" : "99",
        "MANAGE_SP2" : "기타",
        "DETAIL_SPO" : "대사골(임도)",
        "ETC_MATTER" : " ",
        "MNTN_NM" : "석갑산",
        "PAST_SPOT_" : "4817016010072",
        "MNTN_ID" : "481701601"
      },
      "geometry" : {
        "x" : 296139.86650000233,
        "y" : 288101.32790000364
      }
    },
    {
      "attributes" : {
        "FID" : 72,
        "PMNTN_SPOT" : 50921,
        "MNTN_CODE" : "481703401",
        "MANAGE_SP1" : "99",
        "MANAGE_SP2" : "기타",
        "DETAIL_SPO" : "서진주IC공용주차장",
        "ETC_MATTER" : " ",
        "MNTN_NM" : "석갑산",
        "PAST_SPOT_" : "4817016010073",
        "MNTN_ID" : "481701601"
      },
      "geometry" : {
        "x" : 295332.6930999998,
        "y" : 288188.0455000028
      }
    },
    {
      "attributes" : {
        "FID" : 73,
        "PMNTN_SPOT" : 50922,
        "MNTN_CODE" : "481703401",
        "MANAGE_SP1" : "01",
        "MANAGE_SP2" : "시종점",
        "DETAIL_SPO" : "시종점",
        "ETC_MATTER" : " ",
        "MNTN_NM" : "석갑산",
        "PAST_SPOT_" : "4817016010074",
        "MNTN_ID" : "481701601"
      },
      "geometry" : {
        "x" : 296385.24898978509,
        "y" : 288130.75090782903
      }
    },
    {
      "attributes" : {
        "FID" : 74,
        "PMNTN_SPOT" : 50923,
        "MNTN_CODE" : "481703401",
        "MANAGE_SP1" : "02",
        "MANAGE_SP2" : "분기점",
        "DETAIL_SPO" : "분기점",
        "ETC_MATTER" : " ",
        "MNTN_NM" : "석갑산",
        "PAST_SPOT_" : "4817016010075",
        "MNTN_ID" : "481701601"
      },
      "geometry" : {
        "x" : 296322.62008326314,
        "y" : 288144.66844261251
      }
    },
    {
      "attributes" : {
        "FID" : 75,
        "PMNTN_SPOT" : 50924,
        "MNTN_CODE" : "481703401",
        "MANAGE_SP1" : "02",
        "MANAGE_SP2" : "분기점",
        "DETAIL_SPO" : "분기점",
        "ETC_MATTER" : " ",
        "MNTN_NM" : "석갑산",
        "PAST_SPOT_" : "4817016010076",
        "MNTN_ID" : "481701601"
      },
      "geometry" : {
        "x" : 296234.20236118417,
        "y" : 287626.72477787361
      }
    },
    {
      "attributes" : {
        "FID" : 76,
        "PMNTN_SPOT" : 50925,
        "MNTN_CODE" : "481703401",
        "MANAGE_SP1" : "02",
        "MANAGE_SP2" : "분기점",
        "DETAIL_SPO" : "분기점",
        "ETC_MATTER" : " ",
        "MNTN_NM" : "석갑산",
        "PAST_SPOT_" : "4817016010077",
        "MNTN_ID" : "481701601"
      },
      "geometry" : {
        "x" : 296119.62811697274,
        "y" : 287838.96948819794
      }
    },
    {
      "attributes" : {
        "FID" : 77,
        "PMNTN_SPOT" : 50926,
        "MNTN_CODE" : "481703401",
        "MANAGE_SP1" : "02",
        "MANAGE_SP2" : "분기점",
        "DETAIL_SPO" : "분기점",
        "ETC_MATTER" : " ",
        "MNTN_NM" : "석갑산",
        "PAST_SPOT_" : "4817016010078",
        "MNTN_ID" : "481701601"
      },
      "geometry" : {
        "x" : 296527.63531651162,
        "y" : 287232.07045671716
      }
    },
    {
      "attributes" : {
        "FID" : 78,
        "PMNTN_SPOT" : 50927,
        "MNTN_CODE" : "481703401",
        "MANAGE_SP1" : "01",
        "MANAGE_SP2" : "시종점",
        "DETAIL_SPO" : "시종점",
        "ETC_MATTER" : " ",
        "MNTN_NM" : "석갑산",
        "PAST_SPOT_" : "4817016010079",
        "MNTN_ID" : "481701601"
      },
      "geometry" : {
        "x" : 296595.40376500133,
        "y" : 287124.51314304583
      }
    }
  ]
}