{
  "displayFieldName" : "",
  "fieldAliases" : {
    "FID" : "FID",
    "PMNTN_SN" : "PMNTN_SN",
    "MNTN_CODE" : "MNTN_CODE",
    "MNTN_NM" : "MNTN_NM",
    "PMNTN_NM" : "PMNTN_NM",
    "PMNTN_MAIN" : "PMNTN_MAIN",
    "PMNTN_LT" : "PMNTN_LT",
    "PMNTN_DFFL" : "PMNTN_DFFL",
    "PMNTN_UPPL" : "PMNTN_UPPL",
    "PMNTN_GODN" : "PMNTN_GODN",
    "PMNTN_MTRQ" : "PMNTN_MTRQ",
    "PMNTN_CNRL" : "PMNTN_CNRL",
    "PMNTN_CLS_" : "PMNTN_CLS_",
    "PMNTN_RISK" : "PMNTN_RISK",
    "PMNTN_RECO" : "PMNTN_RECO",
    "DATA_STDR_" : "DATA_STDR_",
    "MNTN_ID" : "MNTN_ID"
  },
  "geometryType" : "esriGeometryPolyline",
  "spatialReference" : {
    "wkt" : "PROJCS[\"PCS_ITRF2000_TM\",GEOGCS[\"GCS_ITRF_2000\",DATUM[\"D_ITRF_2000\",SPHEROID[\"GRS_1980\",6378137.0,298.257222101]],PRIMEM[\"Greenwich\",0.0],UNIT[\"Degree\",0.0174532925199433]],PROJECTION[\"Transverse_Mercator\"],PARAMETER[\"False_Easting\",200000.0],PARAMETER[\"False_Northing\",600000.0],PARAMETER[\"Central_Meridian\",127.0],PARAMETER[\"Scale_Factor\",1.0],PARAMETER[\"Latitude_Of_Origin\",38.0],UNIT[\"Meter\",1.0]]"
  },
  "fields" : [
    {
      "name" : "FID",
      "type" : "esriFieldTypeOID",
      "alias" : "FID"
    },
    {
      "name" : "PMNTN_SN",
      "type" : "esriFieldTypeDouble",
      "alias" : "PMNTN_SN"
    },
    {
      "name" : "MNTN_CODE",
      "type" : "esriFieldTypeString",
      "alias" : "MNTN_CODE",
      "length" : 9
    },
    {
      "name" : "MNTN_NM",
      "type" : "esriFieldTypeString",
      "alias" : "MNTN_NM",
      "length" : 50
    },
    {
      "name" : "PMNTN_NM",
      "type" : "esriFieldTypeString",
      "alias" : "PMNTN_NM",
      "length" : 50
    },
    {
      "name" : "PMNTN_MAIN",
      "type" : "esriFieldTypeString",
      "alias" : "PMNTN_MAIN",
      "length" : 200
    },
    {
      "name" : "PMNTN_LT",
      "type" : "esriFieldTypeSingle",
      "alias" : "PMNTN_LT"
    },
    {
      "name" : "PMNTN_DFFL",
      "type" : "esriFieldTypeString",
      "alias" : "PMNTN_DFFL",
      "length" : 8
    },
    {
      "name" : "PMNTN_UPPL",
      "type" : "esriFieldTypeDouble",
      "alias" : "PMNTN_UPPL"
    },
    {
      "name" : "PMNTN_GODN",
      "type" : "esriFieldTypeDouble",
      "alias" : "PMNTN_GODN"
    },
    {
      "name" : "PMNTN_MTRQ",
      "type" : "esriFieldTypeString",
      "alias" : "PMNTN_MTRQ",
      "length" : 200
    },
    {
      "name" : "PMNTN_CNRL",
      "type" : "esriFieldTypeString",
      "alias" : "PMNTN_CNRL",
      "length" : 1
    },
    {
      "name" : "PMNTN_CLS_",
      "type" : "esriFieldTypeString",
      "alias" : "PMNTN_CLS_",
      "length" : 1
    },
    {
      "name" : "PMNTN_RISK",
      "type" : "esriFieldTypeString",
      "alias" : "PMNTN_RISK",
      "length" : 200
    },
    {
      "name" : "PMNTN_RECO",
      "type" : "esriFieldTypeString",
      "alias" : "PMNTN_RECO",
      "length" : 1
    },
    {
      "name" : "DATA_STDR_",
      "type" : "esriFieldTypeString",
      "alias" : "DATA_STDR_",
      "length" : 10
    },
    {
      "name" : "MNTN_ID",
      "type" : "esriFieldTypeString",
      "alias" : "MNTN_ID",
      "length" : 10
    }
  ],
  "features" : [
    {
      "attributes" : {
        "FID" : 0,
        "PMNTN_SN" : 31909,
        "MNTN_CODE" : "447101601",
        "MNTN_NM" : "성봉",
        "PMNTN_NM" : "십이폭포입구구간",
        "PMNTN_MAIN" : "십이폭포",
        "PMNTN_LT" : 2.44,
        "PMNTN_DFFL" : "쉬움",
        "PMNTN_UPPL" : 43,
        "PMNTN_GODN" : 30,
        "PMNTN_MTRQ" : "토사",
        "PMNTN_CNRL" : " ",
        "PMNTN_CLS_" : " ",
        "PMNTN_RISK" : " ",
        "PMNTN_RECO" : " ",
        "DATA_STDR_" : "2016-12-31",
        "MNTN_ID" : "447101601"
      },
      "geometry" : {
        "paths" : [
          [
            [
              243347.29950000066,
              379551.0783000011
            ],
            [
              243338.30529999919,
              379545.7666000016
            ],
            [
              243321.51690000389,
              379517.23640000448
            ],
            [
              243316.43320000079,
              379501.58690000139
            ],
            [
              243308.3124000011,
              379487.92210000008
            ],
            [
              243293.69230000302,
              379482.39610000327
            ],
            [
              243287.20680000074,
              379474.15460000187
            ],
            [
              243273.77830000315,
              379463.95030000433
            ],
            [
              243248.40429999959,
              379431.7778000012
            ],
            [
              243242.9076000005,
              379413.90709999762
            ],
            [
              243248.13170000166,
              379396.45550000109
            ],
            [
              243257.09570000321,
              379383.85950000212
            ],
            [
              243268.9394000005,
              379377.50770000182
            ],
            [
              243277.66340000369,
              379372.63529999927
            ],
            [
              243285.54079999868,
              379362.69349999912
            ],
            [
              243287.07019999996,
              379358.35050000437
            ],
            [
              243289.52520000003,
              379355.61430000514
            ],
            [
              243292.52670000214,
              379348.61510000378
            ],
            [
              243306.82020000182,
              379332.95110000111
            ],
            [
              243325.98980000149,
              379313.45570000075
            ],
            [
              243339.2712000031,
              379288.69220000133
            ],
            [
              243358.83999999892,
              379266.58750000224
            ],
            [
              243385.40470000263,
              379241.5474999994
            ],
            [
              243416.74560000189,
              379209.41469999962
            ],
            [
              243437.20610000007,
              379188.62680000067
            ],
            [
              243451.39010000229,
              379192.56949999928
            ],
            [
              243462.77680000011,
              379198.71620000154
            ],
            [
              243469.74330000114,
              379199.37090000138
            ],
            [
              243493.39749999996,
              379189.65220000036
            ],
            [
              243516.54830000177,
              379178.0846000053
            ],
            [
              243537.52410000097,
              379168.26710000262
            ],
            [
              243549.26830000337,
              379146.62410000153
            ],
            [
              243549.10070000216,
              379122.83770000003
            ],
            [
              243549.47350000031,
              379120.80849999934
            ],
            [
              243547.60720000044,
              379106.50620000064
            ],
            [
              243546.37430000119,
              379097.7769000046
            ],
            [
              243546.75750000123,
              379080.80430000089
            ],
            [
              243545.72910000011,
              379061.19900000095
            ],
            [
              243542.10800000094,
              379039.31450000033
            ],
            [
              243536.27249999996,
              379028.95240000077
            ],
            [
              243525.93470000103,
              379020.7480000034
            ],
            [
              243508.51760000177,
              379014.62319999933
            ],
            [
              243492.29000000097,
              379007.04520000145
            ],
            [
              243486.78019999992,
              379006.37340000086
            ],
            [
              243474.6090000011,
              379005.86499999836
            ],
            [
              243458.9701000005,
              379011.28389999829
            ],
            [
              243453.78680000268,
              379011.03299999982
            ],
            [
              243448.77810000256,
              379012.33100000024
            ],
            [
              243442.49390000198,
              379012.26449999958
            ],
            [
              243436.85730000213,
              379014.55999999866
            ],
            [
              243434.09340000059,
              379014.15580000356
            ],
            [
              243415.54190000053,
              379018.59359999932
            ],
            [
              243402.41459999979,
              379021.14200000279
            ],
            [
              243385.21750000119,
              379023.76090000011
            ],
            [
              243374.30069999956,
              379026.2920000013
            ],
            [
              243362.18550000153,
              379029.84579999931
            ],
            [
              243353.35470000189,
              379030.58530000225
            ],
            [
              243343.47820000257,
              379033.5831000004
            ],
            [
              243332.69940000214,
              379038.70400000177
            ],
            [
              243321.30520000122,
              379041.81310000084
            ],
            [
              243308.41730000079,
              379041.83100000396
            ],
            [
              243300.17950000241,
              379043.46820000187
            ],
            [
              243287.21700000111,
              379042.44500000402
            ],
            [
              243265.71289999969,
              379035.18370000273
            ],
            [
              243252.58520000149,
              379030.89390000142
            ],
            [
              243234.31830000132,
              379031.02260000072
            ],
            [
              243221.77460000105,
              379030.35850000195
            ],
            [
              243209.55080000125,
              379029.88939999975
            ],
            [
              243191.60380000062,
              379036.87530000135
            ],
            [
              243176.83110000007,
              379042.58690000139
            ],
            [
              243165.0624000011,
              379049.76280000061
            ],
            [
              243158.02470000088,
              379052.61850000359
            ],
            [
              243148.75730000064,
              379057.01050000452
            ],
            [
              243141.69990000129,
              379055.73579999991
            ],
            [
              243126.66380000208,
              379058.75620000251
            ],
            [
              243115.89050000254,
              379058.21400000155
            ],
            [
              243105.03730000276,
              379057.52400000207
            ],
            [
              243100.35840000026,
              379057.95490000397
            ],
            [
              243083.63530000206,
              379055.1117000021
            ],
            [
              243071.58350000251,
              379054.81079999916
            ],
            [
              243060.79570000153,
              379052.54430000111
            ],
            [
              243047.38399999961,
              379049.09310000204
            ],
            [
              243037.40500000026,
              379051.4253000021
            ],
            [
              243026.25590000115,
              379042.7723999992
            ],
            [
              243011.96289999969,
              379035.11500000209
            ],
            [
              243003.85800000187,
              379027.42760000192
            ],
            [
              242994.26560000051,
              379026.43200000376
            ],
            [
              242986.28560000006,
              379020.23570000194
            ],
            [
              242977.92560000345,
              379019.09740000032
            ],
            [
              242969.86490000132,
              379017.04890000075
            ],
            [
              242962.05300000124,
              379013.55080000125
            ],
            [
              242952.97300000023,
              379008.21419999935
            ],
            [
              242951.85149999987,
              379007.30660000257
            ],
            [
              242942.58839999977,
              379003.71690000035
            ],
            [
              242933.28749999963,
              379000.069000002
            ],
            [
              242925.30389999971,
              378994.02610000037
            ],
            [
              242911.98370000068,
              378985.73919999972
            ],
            [
              242900.71050000098,
              378976.35800000094
            ],
            [
              242896.97320000082,
              378959.34789999947
            ],
            [
              242898.34140000306,
              378945.0885999985
            ],
            [
              242901.16950000171,
              378922.99740000255
            ],
            [
              242906.80040000379,
              378891.83170000464
            ],
            [
              242908.06570000015,
              378869.97929999977
            ],
            [
              242902.50679999962,
              378860.10040000267
            ],
            [
              242897.69840000011,
              378856.9243999999
            ],
            [
              242894.54820000008,
              378855.00040000118
            ],
            [
              242891.86270000134,
              378840.07809999958
            ],
            [
              242893.80730000045,
              378828.42239999957
            ],
            [
              242898.62820000108,
              378815.42350000329
            ],
            [
              242900.008100003,
              378800.38000000268
            ],
            [
              242900.06820000336,
              378783.87360000238
            ],
            [
              242891.5784,
              378777.75760000199
            ],
            [
              242890.49239999987,
              378764.18480000272
            ],
            [
              242886.5343000032,
              378751.39840000123
            ],
            [
              242886.16120000184,
              378740.90200000256
            ],
            [
              242881.10060000047,
              378724.09109999985
            ],
            [
              242878.77060000133,
              378707.54289999977
            ],
            [
              242880.54910000041,
              378699.28319999948
            ],
            [
              242883.80710000079,
              378688.06999999844
            ],
            [
              242884.18230000138,
              378676.87079999968
            ],
            [
              242878.20580000151,
              378671.32120000198
            ],
            [
              242879.95679999981,
              378652.79800000414
            ],
            [
              242874.54439999908,
              378642.57259999961
            ],
            [
              242866.76270000357,
              378633.27570000105
            ],
            [
              242849.93369999994,
              378623.28769999929
            ],
            [
              242839.3870000001,
              378618.85500000231
            ],
            [
              242829.87460000068,
              378614.38060000166
            ],
            [
              242820.04740000051,
              378605.59930000268
            ],
            [
              242798.21499999985,
              378603.59090000018
            ],
            [
              242781.97960000206,
              378602.49090000056
            ],
            [
              242771.27940000128,
              378604.95760000125
            ],
            [
              242764.46950000245,
              378605.11770000122
            ],
            [
              242752.69230000023,
              378605.33720000088
            ],
            [
              242747.60819999967,
              378601.58029999956
            ],
            [
              242739.31480000075,
              378594.14530000091
            ],
            [
              242725.2471000012,
              378578.11329999939
            ],
            [
              242718.88749999925,
              378576.63460000232
            ],
            [
              242710.08110000007,
              378571.7031000033
            ],
            [
              242703.65710000135,
              378566.28309999965
            ],
            [
              242702.08440000098,
              378565.71939999983
            ],
            [
              242680.6015999997,
              378554.16770000011
            ],
            [
              242665.07189999986,
              378552.47499999963
            ],
            [
              242660.13190000132,
              378548.96959999949
            ],
            [
              242647.97719999962,
              378550.50960000232
            ],
            [
              242637.41010000277,
              378550.99029999971
            ],
            [
              242622.84420000017,
              378549.65399999917
            ],
            [
              242617.61800000072,
              378549.34640000015
            ],
            [
              242608.06740000099,
              378550.63900000229
            ],
            [
              242599.0756000001,
              378553.27020000108
            ],
            [
              242578.68470000383,
              378557.11270000041
            ],
            [
              242571.91960000154,
              378556.97980000079
            ],
            [
              242563.13950000145,
              378557.72790000401
            ],
            [
              242556.84420000017,
              378555.50020000152
            ],
            [
              242551.29470000044,
              378552.53679999895
            ],
            [
              242550.61280000303,
              378550.11280000024
            ],
            [
              242539.30920000002,
              378530.07690000162
            ],
            [
              242534.50110000279,
              378485.25390000083
            ],
            [
              242531.00250000041,
              378468.87759999931
            ],
            [
              242534.49469999969,
              378452.66669999994
            ],
            [
              242536.43690000102,
              378431.20950000547
            ],
            [
              242530.60730000027,
              378417.9813000001
            ],
            [
              242522.24380000122,
              378400.09910000116
            ],
            [
              242523.16399999987,
              378387.7974999994
            ],
            [
              242533.13290000055,
              378373.05179999955
            ],
            [
              242535.7014000034,
              378359.92390000075
            ],
            [
              242534.46879999992,
              378349.13560000062
            ],
            [
              242520.28600000124,
              378335.43410000205
            ],
            [
              242514.83669999987,
              378323.44390000403
            ],
            [
              242512.08669999987,
              378293.75459999964
            ],
            [
              242505.57660000026,
              378287.30940000154
            ],
            [
              242514.42440000083,
              378259.62390000187
            ]
          ]
        ]
      }
    },
    {
      "attributes" : {
        "FID" : 1,
        "PMNTN_SN" : 31910,
        "MNTN_CODE" : "447101601",
        "MNTN_NM" : "성봉",
        "PMNTN_NM" : "십이폭포입구구간",
        "PMNTN_MAIN" : "십이폭포",
        "PMNTN_LT" : 4.17,
        "PMNTN_DFFL" : "쉬움",
        "PMNTN_UPPL" : 74,
        "PMNTN_GODN" : 52,
        "PMNTN_MTRQ" : "토사",
        "PMNTN_CNRL" : " ",
        "PMNTN_CLS_" : " ",
        "PMNTN_RISK" : " ",
        "PMNTN_RECO" : " ",
        "DATA_STDR_" : "2016-12-31",
        "MNTN_ID" : "447101601"
      },
      "geometry" : {
        "paths" : [
          [
            [
              242514.42440000083,
              378259.62390000187
            ],
            [
              242511.27649999969,
              378253.94700000249
            ],
            [
              242511.71290000249,
              378249.06240000017
            ],
            [
              242509.11510000378,
              378245.17490000091
            ],
            [
              242503.63340000249,
              378242.11300000362
            ],
            [
              242494.92860000022,
              378239.00360000134
            ],
            [
              242484.54030000325,
              378238.76680000126
            ],
            [
              242482.06460000109,
              378233.52210000157
            ],
            [
              242480.99110000022,
              378228.56880000234
            ],
            [
              242480.13290000055,
              378224.1080000028
            ],
            [
              242474.48670000117,
              378221.19920000248
            ],
            [
              242469.06159999967,
              378216.0811999999
            ],
            [
              242466.69480000064,
              378209.16770000197
            ],
            [
              242469.5222000014,
              378199.34400000051
            ],
            [
              242469.11339999922,
              378192.20530000143
            ],
            [
              242462.41299999971,
              378186.4422999993
            ],
            [
              242448.12850000244,
              378185.37940000184
            ],
            [
              242442.62740000151,
              378185.07630000263
            ],
            [
              242431.48270000052,
              378182.76540000178
            ],
            [
              242423.25070000067,
              378178.56410000287
            ],
            [
              242416.72620000318,
              378174.47610000148
            ],
            [
              242396.32300000172,
              378154.43160000257
            ],
            [
              242394.04700000025,
              378149.13359999843
            ],
            [
              242399.93120000232,
              378142.88199999928
            ],
            [
              242400.18300000392,
              378132.07770000212
            ],
            [
              242398.94460000098,
              378122.81409999914
            ],
            [
              242392.27180000301,
              378118.9328000024
            ],
            [
              242387.62970000319,
              378111.9606999997
            ],
            [
              242389.56310000084,
              378098.84210000001
            ],
            [
              242395.30620000325,
              378087.60940000229
            ],
            [
              242401.80390000343,
              378081.21939999983
            ],
            [
              242401.8041000003,
              378074.19369999878
            ],
            [
              242398.71109999996,
              378067.15480000339
            ],
            [
              242398.80660000164,
              378056.43920000084
            ],
            [
              242402.69920000341,
              378049.14530000091
            ],
            [
              242407.79619999975,
              378045.15830000117
            ],
            [
              242409.98640000168,
              378041.58140000142
            ],
            [
              242410.13590000011,
              378036.43300000019
            ],
            [
              242410.90259999968,
              378029.85899999924
            ],
            [
              242413.38440000173,
              378025.90620000102
            ],
            [
              242418.80500000343,
              378019.59109999985
            ],
            [
              242421.99670000002,
              378014.19310000166
            ],
            [
              242423.14940000232,
              378008.63590000197
            ],
            [
              242420.83740000054,
              378005.43080000207
            ],
            [
              242415.86959999986,
              378001.35810000077
            ],
            [
              242412.09950000234,
              377997.658400001
            ],
            [
              242409.71690000407,
              377993.84489999898
            ],
            [
              242407.80880000163,
              377983.31760000251
            ],
            [
              242402.19880000222,
              377978.97790000029
            ],
            [
              242392.76830000244,
              377977.79630000144
            ],
            [
              242387.19180000015,
              377972.56069999933
            ],
            [
              242388.14390000049,
              377963.06180000119
            ],
            [
              242385.90419999976,
              377958.6668999996
            ],
            [
              242374.22080000024,
              377953.89110000059
            ],
            [
              242360.55530000106,
              377950.33750000037
            ],
            [
              242353.88030000124,
              377943.57330000028
            ],
            [
              242344.68030000385,
              377938.29250000045
            ],
            [
              242340.66089999955,
              377926.06660000235
            ],
            [
              242338.35809999984,
              377917.7313000001
            ],
            [
              242325.63010000251,
              377913.1219000034
            ],
            [
              242317.38170000073,
              377910.2946000006
            ],
            [
              242308.93569999933,
              377906.32579999976
            ],
            [
              242306.82749999966,
              377898.70820000023
            ],
            [
              242306.67730000056,
              377893.56420000456
            ],
            [
              242309.05400000233,
              377888.35550000332
            ],
            [
              242312.8310000021,
              377881.21169999987
            ],
            [
              242317.08650000114,
              377876.01170000061
            ],
            [
              242318.55260000098,
              377870.77050000243
            ],
            [
              242316.53700000141,
              377864.47960000113
            ],
            [
              242317.07660000026,
              377857.51620000228
            ],
            [
              242315.67489999998,
              377850.23330000043
            ],
            [
              242316.71189999953,
              377845.4512000028
            ],
            [
              242319.09809999913,
              377838.57900000177
            ],
            [
              242323.91190000158,
              377833.61060000584
            ],
            [
              242320.44280000217,
              377830.48730000108
            ],
            [
              242321.19300000183,
              377826.51789999753
            ],
            [
              242319.04459999967,
              377822.62150000222
            ],
            [
              242317.01270000078,
              377817.66360000148
            ],
            [
              242311.7834999999,
              377816.34110000357
            ],
            [
              242309.13240000326,
              377812.86800000072
            ],
            [
              242306.13300000038,
              377801.30379999988
            ],
            [
              242300.85400000121,
              377795.63599999994
            ],
            [
              242287.89620000124,
              377791.60590000078
            ],
            [
              242281.70660000108,
              377790.31030000001
            ],
            [
              242276.7098999992,
              377786.46749999933
            ],
            [
              242272.43370000273,
              377779.4130000025
            ],
            [
              242267.66970000044,
              377774.88260000385
            ],
            [
              242265.27590000071,
              377768.70680000074
            ],
            [
              242259.96989999991,
              377765.87140000239
            ],
            [
              242256.9907000009,
              377756.42860000022
            ],
            [
              242250.82170000114,
              377748.4571999982
            ],
            [
              242247.57650000043,
              377743.24000000209
            ],
            [
              242242.87579999957,
              377739.96500000171
            ],
            [
              242240.10750000272,
              377734.91100000031
            ],
            [
              242237.54030000418,
              377728.15220000222
            ],
            [
              242235.61870000046,
              377719.81609999947
            ],
            [
              242231.2481000023,
              377714.00259999931
            ],
            [
              242228.02579999994,
              377702.67790000141
            ],
            [
              242223.6277999999,
              377692.28050000221
            ],
            [
              242219.54750000034,
              377690.48730000295
            ],
            [
              242218.18020000029,
              377685.3245000001
            ],
            [
              242218.01790000126,
              377677.95880000107
            ],
            [
              242217.95030000247,
              377672.80910000205
            ],
            [
              242211.20470000152,
              377670.18859999999
            ],
            [
              242201.48620000109,
              377670.1817000024
            ],
            [
              242196.18630000018,
              377667.32010000013
            ],
            [
              242191.14159999974,
              377662.82420000248
            ],
            [
              242185.83789999969,
              377655.95840000175
            ],
            [
              242179.20710000116,
              377653.20630000345
            ],
            [
              242170.91690000147,
              377648.2293999996
            ],
            [
              242163.18240000028,
              377641.86160000041
            ],
            [
              242163.33260000218,
              377634.05720000155
            ],
            [
              242158.18750000373,
              377627.92559999973
            ],
            [
              242153.08349999972,
              377621.18190000206
            ],
            [
              242155.07689999882,
              377614.73829999939
            ],
            [
              242156.53797969129,
              377612.47203262895
            ],
            [
              242159.0736999996,
              377608.53890000097
            ],
            [
              242156.10680000018,
              377604.77720000409
            ],
            [
              242157.11210000329,
              377589.65379999951
            ],
            [
              242156.66089999955,
              377582.58840000071
            ],
            [
              242152.13190000039,
              377576.47199999914
            ],
            [
              242154.16640000138,
              377568.53620000184
            ],
            [
              242153.3544000024,
              377558.88320000097
            ],
            [
              242154.67019999959,
              377554.5391000025
            ],
            [
              242153.1445000004,
              377549.54410000145
            ],
            [
              242150.7703000037,
              377545.69419999793
            ],
            [
              242147.72529999912,
              377543.15259999968
            ],
            [
              242138.41780000087,
              377540.45230000094
            ],
            [
              242138.92980000004,
              377531.26560000144
            ],
            [
              242140.18130000029,
              377527.18190000392
            ],
            [
              242144.91629999969,
              377523.47039999813
            ],
            [
              242146.47980000265,
              377519.85930000246
            ],
            [
              242149.01810000092,
              377516.83990000188
            ],
            [
              242155.91770000104,
              377512.48719999939
            ],
            [
              242165.29720000084,
              377497.65990000218
            ],
            [
              242172.16820000019,
              377492.26420000382
            ],
            [
              242181.35759999976,
              377478.18930000067
            ],
            [
              242188.72220000066,
              377471.57300000265
            ],
            [
              242201.2762000002,
              377464.23300000094
            ],
            [
              242209.70839999989,
              377457.00540000014
            ],
            [
              242215.48610000033,
              377452.63130000234
            ],
            [
              242223.26879999973,
              377453.73299999908
            ],
            [
              242233.47400000319,
              377450.76410000212
            ],
            [
              242242.05580000114,
              377445.31389999948
            ],
            [
              242246.18440000061,
              377442.33410000429
            ],
            [
              242252.95640000049,
              377437.66040000133
            ],
            [
              242260.37959999964,
              377435.90240000002
            ],
            [
              242264.83139999956,
              377434.62590000033
            ],
            [
              242271.89450000133,
              377430.44470000453
            ],
            [
              242274.96330000367,
              377427.26570000127
            ],
            [
              242274.630400002,
              377417.60850000195
            ],
            [
              242278.10480000358,
              377411.21340000257
            ],
            [
              242280.26650000084,
              377396.40330000408
            ],
            [
              242281.64120000321,
              377391.29900000058
            ],
            [
              242280.69139999989,
              377387.77980000153
            ],
            [
              242278.24380000029,
              377383.79250000045
            ],
            [
              242275.84570000134,
              377382.0680999998
            ],
            [
              242283.52490000241,
              377367.65020000003
            ],
            [
              242289.12540000305,
              377361.4196000006
            ],
            [
              242292.72560000233,
              377358.00669999979
            ],
            [
              242296.49650000129,
              377351.93640000001
            ],
            [
              242297.39300000109,
              377346.27430000342
            ],
            [
              242297.98190000281,
              377338.15069999918
            ],
            [
              242301.36880000215,
              377334.32990000211
            ],
            [
              242309.01830000058,
              377333.92730000243
            ],
            [
              242316.96500000078,
              377330.14690000005
            ],
            [
              242322.1762000015,
              377315.30739999749
            ],
            [
              242325.58980000019,
              377309.26130000129
            ],
            [
              242328.3331000004,
              377306.86449999921
            ],
            [
              242329.674300001,
              377302.61930000037
            ],
            [
              242328.36110000405,
              377300.16000000201
            ],
            [
              242323.70920000132,
              377295.98750000075
            ],
            [
              242321.29710000381,
              377292.02669999935
            ],
            [
              242318.40800000075,
              377285.00750000216
            ],
            [
              242314.35880000051,
              377281.96900000051
            ],
            [
              242311.94270000048,
              377274.06449999847
            ],
            [
              242310.96840000059,
              377269.18620000221
            ],
            [
              242306.5010000011,
              377263.85980000161
            ],
            [
              242300.66950000077,
              377256.90719999745
            ],
            [
              242298.96439999901,
              377252.54880000278
            ],
            [
              242297.21510000248,
              377242.16650000028
            ],
            [
              242297.33070000075,
              377236.1428999994
            ],
            [
              242295.972000001,
              377231.53900000267
            ],
            [
              242297.55920000374,
              377225.25020000152
            ],
            [
              242296.55020000041,
              377219.29540000111
            ],
            [
              242289.25410000328,
              377216.63480000012
            ],
            [
              242285.7658000011,
              377222.62610000186
            ],
            [
              242274.68809999898,
              377225.82130000181
            ],
            [
              242267.82220000401,
              377222.65400000103
            ],
            [
              242262.64670000132,
              377215.87209999934
            ],
            [
              242259.65660000034,
              377209.83320000023
            ],
            [
              242252.95940000005,
              377206.70270000212
            ],
            [
              242249.15600000229,
              377202.12640000321
            ],
            [
              242242.99670000002,
              377196.55510000326
            ],
            [
              242236.15620000195,
              377192.18050000072
            ],
            [
              242230.14590000082,
              377188.11240000091
            ],
            [
              242221.66089999955,
              377183.97130000032
            ],
            [
              242214.17970000394,
              377179.21920000017
            ],
            [
              242205.34850000031,
              377179.09340000153
            ],
            [
              242190.58810000308,
              377181.96160000004
            ],
            [
              242185.29890000261,
              377184.71940000169
            ],
            [
              242178.92560000159,
              377184.10299999826
            ],
            [
              242173.26910000108,
              377178.44350000098
            ],
            [
              242166.97540000081,
              377175.0549999997
            ],
            [
              242159.5279000001,
              377171.37719999999
            ],
            [
              242147.64660000056,
              377172.79300000146
            ],
            [
              242139.92360000126,
              377170.7594000008
            ],
            [
              242134.19090000261,
              377166.39120000228
            ],
            [
              242131.99540000316,
              377158.53560000099
            ],
            [
              242129.65500000026,
              377152.65680000372
            ],
            [
              242126.30720000062,
              377146.36620000191
            ],
            [
              242126.01180000138,
              377141.76090000384
            ],
            [
              242128.20590000041,
              377133.16169999912
            ],
            [
              242130.66320000123,
              377127.07909999974
            ],
            [
              242130.40810000245,
              377120.14990000054
            ],
            [
              242133.0393000003,
              377113.35810000263
            ],
            [
              242132.57250000257,
              377108.65379999951
            ],
            [
              242129.82820000127,
              377104.5616999995
            ],
            [
              242125.94100000151,
              377102.73720000125
            ],
            [
              242120.85109999962,
              377101.56709999777
            ],
            [
              242118.18969999999,
              377097.94530000165
            ],
            [
              242111.84650000371,
              377096.11930000409
            ],
            [
              242110.87540000025,
              377087.80030000024
            ],
            [
              242107.29600000195,
              377077.02910000086
            ],
            [
              242108.93630000204,
              377071.11710000038
            ],
            [
              242110.03729999997,
              377064.58750000037
            ],
            [
              242110.82390000112,
              377056.08430000208
            ],
            [
              242108.64330000244,
              377050.04850000143
            ],
            [
              242109.10780000128,
              377044.56120000035
            ],
            [
              242108.90450000204,
              377038.07770000212
            ],
            [
              242110.48149999976,
              377033.0876000002
            ],
            [
              242110.50310000032,
              377028.91190000065
            ],
            [
              242109.1659000013,
              377022.7191000022
            ],
            [
              242107.75980000105,
              377019.72630000114
            ],
            [
              242105.99049999937,
              377015.23039999977
            ],
            [
              242110.21640000306,
              377011.57720000111
            ],
            [
              242114.47040000279,
              377009.21270000003
            ],
            [
              242117.57440000121,
              377005.49780000001
            ],
            [
              242127.91830000095,
              376988.37250000238
            ],
            [
              242130.36090000067,
              376983.37370000221
            ],
            [
              242131.65410000179,
              376979.78510000184
            ],
            [
              242135.44639999978,
              376977.37450000271
            ],
            [
              242140.61079999991,
              376975.68510000408
            ],
            [
              242147.02790000383,
              376973.09050000086
            ],
            [
              242154.43980000354,
              376965.1360000018
            ],
            [
              242158.40990000032,
              376955.29629999958
            ],
            [
              242161.77750000078,
              376949.75049999915
            ],
            [
              242173.39770000055,
              376939.60640000179
            ],
            [
              242176.44850000087,
              376934.09930000082
            ],
            [
              242181.25590000395,
              376919.92230000161
            ],
            [
              242186.49050000031,
              376914.34009999968
            ],
            [
              242187.76979999989,
              376904.79989999905
            ],
            [
              242189.90250000171,
              376900.48340000212
            ],
            [
              242191.34900000039,
              376887.66180000454
            ],
            [
              242195.58650000021,
              376882.6185999997
            ],
            [
              242197.92850000225,
              376877.86390000209
            ],
            [
              242200.60610000044,
              376871.93400000036
            ],
            [
              242201.88949999958,
              376863.34160000272
            ],
            [
              242205.59190000035,
              376857.5661000032
            ],
            [
              242210.54860000219,
              376853.70940000005
            ],
            [
              242220.78370000236,
              376854.85670000128
            ],
            [
              242226.76120000146,
              376859.75190000609
            ],
            [
              242233.78010000102,
              376857.26510000229
            ],
            [
              242245.56489999965,
              376846.10510000214
            ],
            [
              242248.77609999944,
              376842.10780000128
            ],
            [
              242253.66370000131,
              376839.19030000269
            ],
            [
              242256.50810000021,
              376839.03320000134
            ],
            [
              242261.59960000031,
              376839.3180999998
            ],
            [
              242263.73676900845,
              376845.71933571436
            ],
            [
              242263.97545595467,
              376847.4962274041
            ],
            [
              242264.77370000165,
              376848.94419999979
            ],
            [
              242265.18550000247,
              376849.69640000165
            ],
            [
              242273.13630000316,
              376854.62680000067
            ],
            [
              242273.42310000304,
              376856.29300000146
            ],
            [
              242281.68700000178,
              376862.12710000016
            ],
            [
              242286.77910000365,
              376868.95049999841
            ],
            [
              242289.57770000119,
              376871.13880000263
            ],
            [
              242297.64160000253,
              376873.93390000053
            ],
            [
              242301.92210000288,
              376873.62900000252
            ],
            [
              242305.62140000053,
              376874.61319999956
            ],
            [
              242314.25580000039,
              376877.21330000088
            ],
            [
              242324.69870000053,
              376880.14340000413
            ],
            [
              242333.44969999883,
              376882.57970000058
            ],
            [
              242340.54030000139,
              376880.41259999946
            ],
            [
              242351.10879999958,
              376881.89680000208
            ],
            [
              242358.0576000018,
              376882.05230000056
            ],
            [
              242366.30430000182,
              376879.9768000003
            ],
            [
              242378.54160000384,
              376888.20589999855
            ],
            [
              242387.90699999966,
              376893.03600000218
            ],
            [
              242400.64320000075,
              376897.24640000425
            ],
            [
              242404.50080000237,
              376904.73950000107
            ],
            [
              242407.32660000026,
              376915.06720000133
            ],
            [
              242410.67800000031,
              376920.88400000334
            ],
            [
              242413.61129999906,
              376923.80740000121
            ],
            [
              242421.66550000384,
              376928.05210000277
            ],
            [
              242424.54619999975,
              376931.02339999937
            ],
            [
              242425.40700000059,
              376937.40530000068
            ],
            [
              242429.89550000057,
              376945.85580000095
            ],
            [
              242438.4168000007,
              376956.72739999928
            ],
            [
              242440.89790000021,
              376960.76630000398
            ],
            [
              242449.53940000106,
              376977.59580000117
            ],
            [
              242447.97250000387,
              376998.41269999929
            ],
            [
              242443.68969999999,
              377000.94050000422
            ],
            [
              242441.37280000281,
              377009.10139999911
            ],
            [
              242447.19549999945,
              377013.7918999996
            ],
            [
              242451.240600002,
              377016.63009999879
            ],
            [
              242454.59400000051,
              377018.72969999909
            ],
            [
              242457.01960000023,
              377020.45270000212
            ],
            [
              242458.73450000118,
              377020.63780000061
            ],
            [
              242460.84490000177,
              377025.48260000162
            ],
            [
              242464.15390000399,
              377028.53020000085
            ],
            [
              242469.34690000024,
              377030.20940000191
            ],
            [
              242472.17100000102,
              377030.95690000243
            ],
            [
              242475.76879999973,
              377032.73840000108
            ],
            [
              242478.65650000051,
              377034.1810999997
            ],
            [
              242485.88970000111,
              377040.19910000078
            ],
            [
              242517.04560000077,
              377073.52530000359
            ],
            [
              242523.94400000107,
              377082.5139000006
            ],
            [
              242529.31870000158,
              377084.06939999945
            ],
            [
              242535.14240000211,
              377093.03230000287
            ],
            [
              242547.51530000102,
              377093.15729999729
            ],
            [
              242549.10560000222,
              377095.03949999996
            ],
            [
              242554.94079999998,
              377098.98020000197
            ],
            [
              242559.43950000312,
              377104.55410000123
            ],
            [
              242562.9662000034,
              377106.98790000193
            ],
            [
              242572.38490000181,
              377107.75690000318
            ],
            [
              242585.53010000102,
              377110.0485999994
            ],
            [
              242593.59470000025,
              377116.89719999954
            ],
            [
              242596.97340000141,
              377125.30750000291
            ],
            [
              242599.17820000276,
              377137.82500000112
            ],
            [
              242597.9346000012,
              377147.04830000177
            ],
            [
              242597.53390000015,
              377151.7526000049
            ],
            [
              242594.72540000081,
              377158.16340000182
            ],
            [
              242599.14340000134,
              377182.86850000173
            ],
            [
              242605.88300000038,
              377197.65520000271
            ],
            [
              242609.0792000033,
              377211.6353999991
            ],
            [
              242614.21150000021,
              377218.13830000162
            ],
            [
              242618.31130000297,
              377223.78840000182
            ],
            [
              242624.66539999936,
              377224.2255000025
            ],
            [
              242637.57290000003,
              377240.29480000027
            ],
            [
              242644.10110000242,
              377242.32609999739
            ],
            [
              242640.9439000003,
              377259.00570000149
            ],
            [
              242639.92570000328,
              377269.45480000041
            ],
            [
              242641.01140000019,
              377280.94659999944
            ],
            [
              242642.61309999879,
              377287.31600000151
            ],
            [
              242643.8049999997,
              377292.46520000324
            ],
            [
              242645.11319999956,
              377309.30059999973
            ],
            [
              242650.29060000088,
              377318.32290000096
            ],
            [
              242656.81750000082,
              377321.19310000353
            ],
            [
              242662.41920000035,
              377322.50400000252
            ],
            [
              242671.22979999986,
              377326.32220000029
            ],
            [
              242681.32300000079,
              377326.71619999968
            ],
            [
              242687.82530000061,
              377328.28220000118
            ],
            [
              242692.12069999985,
              377334.02300000004
            ],
            [
              242695.31410000101,
              377339.4888000004
            ],
            [
              242699.2909000013,
              377343.92600000091
            ],
            [
              242706.74750000145,
              377353.97910000198
            ],
            [
              242716.53409999888,
              377356.75450000167
            ],
            [
              242723.8478000015,
              377362.65620000102
            ],
            [
              242736.2750000013,
              377393.48350000195
            ],
            [
              242736.35149999987,
              377394.86040000059
            ],
            [
              242752.01360000204,
              377410.13410000317
            ],
            [
              242763.11400000006,
              377416.94970000349
            ],
            [
              242767.40820000041,
              377426.32990000583
            ],
            [
              242773.80990000349,
              377432.95570000075
            ],
            [
              242784.49629999977,
              377444.03840000182
            ],
            [
              242787.45020000078,
              377454.53170000203
            ],
            [
              242781.78000000026,
              377487.4382000044
            ],
            [
              242776.02260000259,
              377497.91080000065
            ],
            [
              242764.59470000025,
              377519.61910000257
            ],
            [
              242761.29789999966,
              377532.36360000074
            ],
            [
              242745.00729999971,
              377555.19980000146
            ],
            [
              242748.43829999957,
              377569.23350000009
            ],
            [
              242746.04020000063,
              377583.15550000034
            ],
            [
              242748.06030000094,
              377590.51300000027
            ],
            [
              242749.38900000229,
              377614.12470000423
            ],
            [
              242751.89370000083,
              377628.14900000021
            ],
            [
              242751.62889999989,
              377638.43870000355
            ],
            [
              242748.50990000367,
              377642.70319999941
            ],
            [
              242745.08820000384,
              377645.46430000104
            ],
            [
              242741.11530000251,
              377646.26520000026
            ],
            [
              242737.21900000051,
              377655.04850000143
            ],
            [
              242735.59480000101,
              377660.94080000184
            ],
            [
              242735.93020000029,
              377667.91920000128
            ],
            [
              242737.46400000155,
              377674.82880000025
            ],
            [
              242743.25700000022,
              377678.27850000001
            ],
            [
              242746.82380000036,
              377679.6456000004
            ],
            [
              242749.47649999987,
              377683.97770000063
            ],
            [
              242750.0831000004,
              377689.55420000106
            ],
            [
              242751.12920000032,
              377695.20370000228
            ],
            [
              242754.99290000182,
              377698.13660000265
            ],
            [
              242755.35780000221,
              377706.25950000063
            ],
            [
              242752.00729999971,
              377719.14340000227
            ],
            [
              242748.37959999964,
              377725.32010000013
            ],
            [
              242749.54000000376,
              377735.37060000189
            ],
            [
              242756.32380000129,
              377742.27690000087
            ],
            [
              242765.4691000022,
              377747.38260000013
            ],
            [
              242770.21430000383,
              377756.50960000046
            ],
            [
              242769.10850000195,
              377763.21000000276
            ],
            [
              242764.54739999957,
              377768.88490000181
            ],
            [
              242762.77810000069,
              377772.55219999887
            ],
            [
              242760.99450000096,
              377776.51920000091
            ],
            [
              242763.72390000056,
              377783.17240000144
            ],
            [
              242767.99100000225,
              377786.73070000112
            ],
            [
              242772.31730000209,
              377786.26130000129
            ],
            [
              242782.01229999959,
              377787.51490000077
            ],
            [
              242790.57730000187,
              377788.68120000139
            ],
            [
              242795.99190000258,
              377793.03670000099
            ],
            [
              242797.79380000103,
              377796.06499999948
            ],
            [
              242796.95530000236,
              377801.2324000001
            ],
            [
              242799.92470000125,
              377804.55020000227
            ],
            [
              242803.77799999993,
              377805.7368999999
            ],
            [
              242813.720900001,
              377808.00469999947
            ],
            [
              242822.20490000118,
              377817.94990000129
            ],
            [
              242828.97809999995,
              377829.89690000191
            ],
            [
              242839.22100000363,
              377851.03449999914
            ],
            [
              242840.12940000184,
              377870.73679999821
            ],
            [
              242830.79980000202,
              377876.97920000181
            ],
            [
              242812.54789999966,
              377912.71140000224
            ],
            [
              242811.47880000155,
              377925.71580000035
            ],
            [
              242810.94450000115,
              377938.98279999942
            ],
            [
              242806.42439999897,
              377947.98600000143
            ],
            [
              242801.88850000035,
              377967.3507000003
            ],
            [
              242799.3414000012,
              377974.12250000238
            ],
            [
              242791.93730000127,
              377990.85410000198
            ],
            [
              242787.48680000287,
              377999.89800000191
            ],
            [
              242783.51430000179,
              378008.10049999878
            ],
            [
              242781.40960000176,
              378014.0120000001
            ],
            [
              242774.96219999995,
              378027.57269999944
            ],
            [
              242763.23979999963,
              378033.73210000433
            ],
            [
              242760.77539999969,
              378039.11640000157
            ],
            [
              242764.04910000041,
              378051.21230000071
            ],
            [
              242757.90740000084,
              378066.18460000679
            ],
            [
              242752.21050000098,
              378077.44089999981
            ],
            [
              242747.70410000067,
              378090.67459999956
            ],
            [
              242741.71870000102,
              378099.91690000147
            ],
            [
              242741.94960000273,
              378110.07340000011
            ],
            [
              242738.08210000396,
              378111.57870000228
            ],
            [
              242733.63520000037,
              378119.89959999919
            ],
            [
              242734.32960000355,
              378127.98460000008
            ],
            [
              242734.13340000249,
              378136.18400000036
            ],
            [
              242730.87830000091,
              378143.28760000132
            ],
            [
              242721.60250000004,
              378154.92220000178
            ],
            [
              242717.03760000039,
              378157.11850000359
            ],
            [
              242713.552000002,
              378161.38780000247
            ],
            [
              242705.74810000136,
              378175.73710000142
            ],
            [
              242699.16220000386,
              378177.76740000211
            ],
            [
              242692.98370000161,
              378178.89180000313
            ],
            [
              242688.94000000041,
              378175.79140000232
            ],
            [
              242685.17339999974,
              378173.3359999992
            ],
            [
              242679.94710000325,
              378161.51089999825
            ],
            [
              242678.87480000127,
              378159.76640000008
            ],
            [
              242675.90520000085,
              378158.09650000185
            ],
            [
              242663.64780000038,
              378157.47820000164
            ],
            [
              242656.55800000392,
              378151.77100000344
            ],
            [
              242645.49930000026,
              378130.29800000414
            ],
            [
              242640.54890000168,
              378115.25950000249
            ],
            [
              242636.31340000033,
              378108.77480000444
            ],
            [
              242628.26770000253,
              378094.98620000109
            ],
            [
              242615.63140000124,
              378090.26429999992
            ],
            [
              242607.4924000008,
              378097.80089999922
            ],
            [
              242598.42459999956,
              378108.06360000186
            ],
            [
              242592.06720000319,
              378111.5025000032
            ],
            [
              242581.81369999982,
              378119.19110000134
            ],
            [
              242577.27270000055,
              378136.58220000193
            ],
            [
              242569.09830000252,
              378146.82949999906
            ],
            [
              242563.39149999991,
              378153.35260000266
            ],
            [
              242559.30710000265,
              378156.16269999929
            ],
            [
              242551.97479999997,
              378163.01250000112
            ],
            [
              242542.67760000005,
              378168.82480000332
            ],
            [
              242543.90720000397,
              378174.78010000288
            ],
            [
              242547.76049999986,
              378188.42930000462
            ],
            [
              242547.93240000121,
              378201.54820000008
            ],
            [
              242545.63769999985,
              378211.34170000069
            ],
            [
              242535.00459999964,
              378232.04520000145
            ],
            [
              242524.99610000011,
              378247.2052000016
            ],
            [
              242514.42440000083,
              378259.62390000187
            ]
          ]
        ]
      }
    }
  ]
}