{
  "displayFieldName" : "",
  "fieldAliases" : {
    "FID" : "FID",
    "PMNTN_SN" : "PMNTN_SN",
    "MNTN_CODE" : "MNTN_CODE",
    "MNTN_NM" : "MNTN_NM",
    "PMNTN_NM" : "PMNTN_NM",
    "PMNTN_MAIN" : "PMNTN_MAIN",
    "PMNTN_LT" : "PMNTN_LT",
    "PMNTN_DFFL" : "PMNTN_DFFL",
    "PMNTN_UPPL" : "PMNTN_UPPL",
    "PMNTN_GODN" : "PMNTN_GODN",
    "PMNTN_MTRQ" : "PMNTN_MTRQ",
    "PMNTN_CNRL" : "PMNTN_CNRL",
    "PMNTN_CLS_" : "PMNTN_CLS_",
    "PMNTN_RISK" : "PMNTN_RISK",
    "PMNTN_RECO" : "PMNTN_RECO",
    "DATA_STDR_" : "DATA_STDR_",
    "MNTN_ID" : "MNTN_ID"
  },
  "geometryType" : "esriGeometryPolyline",
  "spatialReference" : {
    "wkt" : "PROJCS[\"PCS_ITRF2000_TM\",GEOGCS[\"GCS_ITRF_2000\",DATUM[\"D_ITRF_2000\",SPHEROID[\"GRS_1980\",6378137.0,298.257222101]],PRIMEM[\"Greenwich\",0.0],UNIT[\"Degree\",0.0174532925199433]],PROJECTION[\"Transverse_Mercator\"],PARAMETER[\"False_Easting\",200000.0],PARAMETER[\"False_Northing\",600000.0],PARAMETER[\"Central_Meridian\",127.0],PARAMETER[\"Scale_Factor\",1.0],PARAMETER[\"Latitude_Of_Origin\",38.0],UNIT[\"Meter\",1.0]]"
  },
  "fields" : [
    {
      "name" : "FID",
      "type" : "esriFieldTypeOID",
      "alias" : "FID"
    },
    {
      "name" : "PMNTN_SN",
      "type" : "esriFieldTypeDouble",
      "alias" : "PMNTN_SN"
    },
    {
      "name" : "MNTN_CODE",
      "type" : "esriFieldTypeString",
      "alias" : "MNTN_CODE",
      "length" : 9
    },
    {
      "name" : "MNTN_NM",
      "type" : "esriFieldTypeString",
      "alias" : "MNTN_NM",
      "length" : 50
    },
    {
      "name" : "PMNTN_NM",
      "type" : "esriFieldTypeString",
      "alias" : "PMNTN_NM",
      "length" : 50
    },
    {
      "name" : "PMNTN_MAIN",
      "type" : "esriFieldTypeString",
      "alias" : "PMNTN_MAIN",
      "length" : 200
    },
    {
      "name" : "PMNTN_LT",
      "type" : "esriFieldTypeSingle",
      "alias" : "PMNTN_LT"
    },
    {
      "name" : "PMNTN_DFFL",
      "type" : "esriFieldTypeString",
      "alias" : "PMNTN_DFFL",
      "length" : 8
    },
    {
      "name" : "PMNTN_UPPL",
      "type" : "esriFieldTypeDouble",
      "alias" : "PMNTN_UPPL"
    },
    {
      "name" : "PMNTN_GODN",
      "type" : "esriFieldTypeDouble",
      "alias" : "PMNTN_GODN"
    },
    {
      "name" : "PMNTN_MTRQ",
      "type" : "esriFieldTypeString",
      "alias" : "PMNTN_MTRQ",
      "length" : 200
    },
    {
      "name" : "PMNTN_CNRL",
      "type" : "esriFieldTypeString",
      "alias" : "PMNTN_CNRL",
      "length" : 1
    },
    {
      "name" : "PMNTN_CLS_",
      "type" : "esriFieldTypeString",
      "alias" : "PMNTN_CLS_",
      "length" : 1
    },
    {
      "name" : "PMNTN_RISK",
      "type" : "esriFieldTypeString",
      "alias" : "PMNTN_RISK",
      "length" : 200
    },
    {
      "name" : "PMNTN_RECO",
      "type" : "esriFieldTypeString",
      "alias" : "PMNTN_RECO",
      "length" : 1
    },
    {
      "name" : "DATA_STDR_",
      "type" : "esriFieldTypeString",
      "alias" : "DATA_STDR_",
      "length" : 10
    },
    {
      "name" : "MNTN_ID",
      "type" : "esriFieldTypeString",
      "alias" : "MNTN_ID",
      "length" : 10
    }
  ],
  "features" : [
    {
      "attributes" : {
        "FID" : 0,
        "PMNTN_SN" : 29915,
        "MNTN_CODE" : "478500104",
        "MNTN_NM" : "삼청리뒷산",
        "PMNTN_NM" : "삼청리구간",
        "PMNTN_MAIN" : " ",
        "PMNTN_LT" : 0.85,
        "PMNTN_DFFL" : "쉬움",
        "PMNTN_UPPL" : 15,
        "PMNTN_GODN" : 11,
        "PMNTN_MTRQ" : " ",
        "PMNTN_CNRL" : " ",
        "PMNTN_CLS_" : " ",
        "PMNTN_RISK" : " ",
        "PMNTN_RECO" : " ",
        "DATA_STDR_" : "2016-12-31",
        "MNTN_ID" : "478501801"
      },
      "geometry" : {
        "paths" : [
          [
            [
              329355.42450000066,
              378061.29060000181
            ],
            [
              329357.14780000132,
              378059.0476000011
            ],
            [
              329359.34509999957,
              378056.97149999999
            ],
            [
              329362.59060000069,
              378053.51500000432
            ],
            [
              329364.52410000004,
              378049.81379999965
            ],
            [
              329364.83040000126,
              378046.50259999931
            ],
            [
              329363.76040000096,
              378041.9550999999
            ],
            [
              329364.0279000001,
              378038.74510000087
            ],
            [
              329363.22539999988,
              378035.80260000192
            ],
            [
              329360.55040000193,
              378029.65010000207
            ],
            [
              329359.45740000159,
              378026.22749999724
            ],
            [
              329358.67790000048,
              378022.9626000002
            ],
            [
              329357.80979999993,
              378018.53030000068
            ],
            [
              329355.20040000044,
              378012.7976000011
            ],
            [
              329353.6257000016,
              378007.9058000017
            ],
            [
              329353.06040000077,
              378003.43509999849
            ],
            [
              329353.06040000077,
              378000.22509999946
            ],
            [
              329353.32789999992,
              377996.74760000221
            ],
            [
              329353.32789999992,
              377990.32760000043
            ],
            [
              329353.86290000007,
              377986.31509999931
            ],
            [
              329354.93290000129,
              377983.37260000408
            ],
            [
              329356.53790000081,
              377980.69759999774
            ],
            [
              329359.21290000156,
              377974.54509999976
            ],
            [
              329360.81790000107,
              377971.6026000008
            ],
            [
              329362.69039999973,
              377968.92760000005
            ],
            [
              329365.36540000048,
              377967.05510000139
            ],
            [
              329367.237900001,
              377964.38010000065
            ],
            [
              329369.91290000174,
              377962.50760000199
            ],
            [
              329375.10960000008,
              377959.37900000252
            ],
            [
              329379.5429000007,
              377957.42509999871
            ],
            [
              329382.71310000028,
              377956.50730000064
            ],
            [
              329386.23039999977,
              377955.82010000013
            ],
            [
              329389.24349999987,
              377955.47900000028
            ],
            [
              329392.40220000036,
              377955.36510000005
            ],
            [
              329395.68740000017,
              377955.47910000011
            ],
            [
              329399.07040000055,
              377955.82010000013
            ],
            [
              329402.28039999865,
              377956.35510000214
            ],
            [
              329405.75789999962,
              377957.69260000251
            ],
            [
              329408.96790000051,
              377958.2276000008
            ],
            [
              329411.9104000004,
              377959.29759999737
            ],
            [
              329418.06290000118,
              377960.90260000154
            ],
            [
              329421.00540000107,
              377961.9726000037
            ],
            [
              329425.21960000042,
              377963.8943000026
            ],
            [
              329433.46700000111,
              377968.48670000024
            ],
            [
              329437.05539999995,
              377970.26510000043
            ],
            [
              329440.80040000007,
              377971.8701000046
            ],
            [
              329443.47539999988,
              377973.47509999946
            ],
            [
              329446.41789999977,
              377974.27760000154
            ],
            [
              329449.62790000159,
              377975.61510000192
            ],
            [
              329454.9673000006,
              377977.63540000096
            ],
            [
              329458.99040000141,
              377978.82509999909
            ],
            [
              329463.00289999973,
              377979.62760000117
            ],
            [
              329469.15540000051,
              377981.23260000162
            ],
            [
              329475.30790000129,
              377983.10510000028
            ],
            [
              329478.25040000118,
              377984.17510000058
            ],
            [
              329481.19290000107,
              377985.51260000095
            ],
            [
              329484.4029000001,
              377986.04759999923
            ],
            [
              329488.09609999973,
              377987.78160000034
            ],
            [
              329491.89290000126,
              377987.92010000348
            ],
            [
              329504.74450000003,
              377988.45170000196
            ],
            [
              329509.10979999974,
              377988.3208000008
            ],
            [
              329513.02540000062,
              377987.92010000348
            ],
            [
              329516.23539999966,
              377987.38509999961
            ],
            [
              329519.71280000079,
              377986.58260000311
            ],
            [
              329522.65530000068,
              377985.51260000095
            ],
            [
              329525.59780000057,
              377984.17510000058
            ],
            [
              329530.93790000025,
              377982.38080000132
            ],
            [
              329534.69280000124,
              377980.16259999946
            ],
            [
              329537.36780000199,
              377977.75510000251
            ],
            [
              329540.04279999994,
              377975.61510000192
            ],
            [
              329543.15680000186,
              377973.60559999943
            ],
            [
              329548.27370000165,
              377971.0987999998
            ],
            [
              329556.53479999956,
              377968.34050000086
            ],
            [
              329560.15370000061,
              377966.59060000069
            ],
            [
              329562.19489999954,
              377963.77600000054
            ],
            [
              329562.32790000085,
              377958.81780000404
            ],
            [
              329560.56960000098,
              377954.61810000241
            ],
            [
              329557.16280000005,
              377952.07509999909
            ],
            [
              329553.95280000102,
              377950.20260000043
            ],
            [
              329551.01030000206,
              377949.40010000207
            ],
            [
              329546.99780000094,
              377947.52759999968
            ],
            [
              329544.3228000002,
              377945.92259999923
            ],
            [
              329542.18280000053,
              377943.78260000236
            ],
            [
              329540.57780000102,
              377941.10760000162
            ],
            [
              329539.24030000065,
              377937.89760000259
            ],
            [
              329538.59160000179,
              377933.95289999992
            ],
            [
              329540.60170000046,
              377929.54199999943
            ],
            [
              329544.05530000106,
              377927.46509999968
            ],
            [
              329547.53280000109,
              377925.59260000102
            ],
            [
              329550.74280000012,
              377924.52260000445
            ],
            [
              329553.41780000087,
              377922.91760000028
            ],
            [
              329555.55780000053,
              377920.77760000154
            ],
            [
              329557.43029999919,
              377918.37010000087
            ],
            [
              329559.6333000008,
              377916.48360000178
            ],
            [
              329563.58280000091,
              377914.62509999797
            ],
            [
              329566.52529999986,
              377913.82260000147
            ],
            [
              329573.21279999986,
              377912.75259999931
            ],
            [
              329576.42280000076,
              377911.95009999909
            ],
            [
              329579.90030000079,
              377911.68260000274
            ],
            [
              329587.39030000009,
              377911.68260000274
            ],
            [
              329590.60030000098,
              377911.4151000008
            ],
            [
              329595.82959999982,
              377911.29510000162
            ],
            [
              329601.03280000016,
              377913.02009999938
            ],
            [
              329604.24280000106,
              377914.09009999968
            ],
            [
              329607.13229999971,
              377915.44319999963
            ],
            [
              329613.69610000122,
              377919.50390000455
            ],
            [
              329616.8152999999,
              377921.04510000162
            ],
            [
              329619.75779999979,
              377922.11510000192
            ],
            [
              329622.70029999968,
              377923.45260000229
            ],
            [
              329625.37530000042,
              377925.05760000274
            ],
            [
              329628.31780000031,
              377927.19759999961
            ],
            [
              329630.99280000012,
              377928.80260000005
            ],
            [
              329634.47030000109,
              377929.87260000035
            ],
            [
              329638.06309999991,
              377932.14360000193
            ],
            [
              329640.49760000221,
              377934.50819999911
            ],
            [
              329641.96030000038,
              377937.36259999871
            ],
            [
              329643.48800000176,
              377941.52590000257
            ],
            [
              329646.2734000003,
              377944.88550000265
            ],
            [
              329647.31030000094,
              377947.52759999968
            ],
            [
              329648.38030000031,
              377951.00510000251
            ],
            [
              329648.91530000046,
              377954.48259999976
            ],
            [
              329649.42530000117,
              377958.92060000449
            ],
            [
              329651.5903000012,
              377967.05510000139
            ],
            [
              329652.12530000135,
              377970.26510000043
            ],
            [
              329652.3928000005,
              377973.47509999946
            ],
            [
              329652.3928000005,
              377976.95260000043
            ],
            [
              329652.12530000135,
              377980.96510000154
            ],
            [
              329651.5903000012,
              377984.71010000445
            ],
            [
              329650.78780000191,
              377987.65259999968
            ],
            [
              329648.63970000111,
              377992.99679999985
            ],
            [
              329647.84530000202,
              377997.01510000229
            ],
            [
              329647.84530000202,
              378000.22509999946
            ],
            [
              329648.11280000117,
              378003.70260000229
            ],
            [
              329648.91530000046,
              378006.64510000311
            ],
            [
              329649.1827999996,
              378009.85510000214
            ],
            [
              329650.15770000126,
              378015.85779999942
            ],
            [
              329650.17740000039,
              378019.38200000115
            ],
            [
              329649.71780000068,
              378023.49759999849
            ],
            [
              329649.1827999996,
              378027.51009999961
            ],
            [
              329649.1827999996,
              378031.7901000008
            ],
            [
              329648.91530000046,
              378035.26760000363
            ],
            [
              329649.45030000154,
              378038.47760000266
            ],
            [
              329651.05530000106,
              378041.9550999999
            ],
            [
              329652.3928000005,
              378045.43260000274
            ],
            [
              329653.99780000001,
              378048.10759999789
            ],
            [
              329655.33530000038,
              378051.05010000244
            ],
            [
              329656.40529999975,
              378053.99260000326
            ],
            [
              329656.9402999999,
              378057.20260000229
            ],
            [
              329657.20780000184,
              378066.83259999752
            ],
            [
              329657.74280000012,
              378070.31010000035
            ],
            [
              329658.01030000113,
              378073.52009999938
            ],
            [
              329658.81280000135,
              378076.4626000002
            ],
            [
              329659.13980000094,
              378079.94120000303
            ],
            [
              329658.42660000175,
              378084.39340000041
            ],
            [
              329655.87029999867,
              378089.03509999998
            ],
            [
              329655.07430000138,
              378092.69430000149
            ],
            [
              329652.92779999971,
              378095.45510000363
            ],
            [
              329651.42300000042,
              378099.1782000009
            ],
            [
              329651.05530000106,
              378102.1425999999
            ],
            [
              329651.05530000106,
              378105.35260000266
            ],
            [
              329651.3228000002,
              378109.36510000005
            ],
            [
              329651.05530000106,
              378112.57509999909
            ],
            [
              329651.33389999997,
              378117.01620000042
            ],
            [
              329653.46279999986,
              378121.67010000162
            ],
            [
              329655.30819999985,
              378125.24540000223
            ],
            [
              329656.27200000174,
              378130.16650000215
            ],
            [
              329655.33530000038,
              378133.97509999946
            ],
            [
              329653.99780000001,
              378136.917600004
            ],
            [
              329652.04279999994,
              378141.52030000091
            ],
            [
              329651.50400000066,
              378147.17590000294
            ],
            [
              329648.64780000132,
              378152.43259999901
            ],
            [
              329645.17030000128,
              378158.31760000437
            ],
            [
              329641.82020000089,
              378164.03680000082
            ],
            [
              329641.52749999985,
              378168.40660000034
            ],
            [
              329643.03030000068,
              378171.69260000251
            ],
            [
              329644.6353000002,
              378174.36759999953
            ],
            [
              329646.72269999888,
              378177.51440000162
            ],
            [
              329646.91860000137,
              378180.86250000261
            ],
            [
              329645.68910000101,
              378183.7620000001
            ],
            [
              329641.20849999972,
              378186.03309999965
            ],
            [
              329638.65930000134,
              378188.5978000015
            ],
            [
              329636.8777999999,
              378191.48750000075
            ],
            [
              329635.54030000232,
              378194.69749999978
            ],
            [
              329635.00530000124,
              378197.90750000253
            ],
            [
              329635.27280000038,
              378201.38499999978
            ],
            [
              329636.07530000061,
              378204.3275000006
            ],
            [
              329636.34279999975,
              378207.53749999963
            ],
            [
              329637.94780000113,
              378217.16750000045
            ],
            [
              329638.31740000006,
              378221.722000001
            ],
            [
              329638.43960000109,
              378225.90780000389
            ],
            [
              329638.31700000074,
              378229.81680000387
            ],
            [
              329637.94780000113,
              378233.4849999994
            ],
            [
              329637.41280000098,
              378236.69500000216
            ],
            [
              329635.87350000069,
              378239.43239999935
            ],
            [
              329630.82850000169,
              378243.24170000292
            ],
            [
              329628.05030000117,
              378247.12750000134
            ],
            [
              329627.01059999969,
              378249.90750000253
            ],
            [
              329626.44530000165,
              378253.01250000112
            ],
            [
              329626.58150000032,
              378256.44530000165
            ],
            [
              329628.81199999992,
              378259.94659999944
            ],
            [
              329632.37800000142,
              378263.13490000181
            ],
            [
              329634.20280000195,
              378266.65499999747
            ],
            [
              329635.80780000146,
              378269.59750000201
            ],
            [
              329636.07530000061,
              378272.80750000104
            ],
            [
              329636.97630000114,
              378275.90399999917
            ],
            [
              329639.28529999964,
              378277.89000000432
            ],
            [
              329641.96030000038,
              378279.49499999918
            ]
          ]
        ]
      }
    }
  ]
}