{
  "displayFieldName" : "",
  "fieldAliases" : {
    "FID" : "FID",
    "PMNTN_SN" : "PMNTN_SN",
    "MNTN_CODE" : "MNTN_CODE",
    "MNTN_NM" : "MNTN_NM",
    "PMNTN_NM" : "PMNTN_NM",
    "PMNTN_MAIN" : "PMNTN_MAIN",
    "PMNTN_LT" : "PMNTN_LT",
    "PMNTN_DFFL" : "PMNTN_DFFL",
    "PMNTN_UPPL" : "PMNTN_UPPL",
    "PMNTN_GODN" : "PMNTN_GODN",
    "PMNTN_MTRQ" : "PMNTN_MTRQ",
    "PMNTN_CNRL" : "PMNTN_CNRL",
    "PMNTN_CLS_" : "PMNTN_CLS_",
    "PMNTN_RISK" : "PMNTN_RISK",
    "PMNTN_RECO" : "PMNTN_RECO",
    "DATA_STDR_" : "DATA_STDR_",
    "MNTN_ID" : "MNTN_ID"
  },
  "geometryType" : "esriGeometryPolyline",
  "spatialReference" : {
    "wkt" : "PROJCS[\"PCS_ITRF2000_TM\",GEOGCS[\"GCS_ITRF_2000\",DATUM[\"D_ITRF_2000\",SPHEROID[\"GRS_1980\",6378137.0,298.257222101]],PRIMEM[\"Greenwich\",0.0],UNIT[\"Degree\",0.0174532925199433]],PROJECTION[\"Transverse_Mercator\"],PARAMETER[\"False_Easting\",200000.0],PARAMETER[\"False_Northing\",600000.0],PARAMETER[\"Central_Meridian\",127.0],PARAMETER[\"Scale_Factor\",1.0],PARAMETER[\"Latitude_Of_Origin\",38.0],UNIT[\"Meter\",1.0]]"
  },
  "fields" : [
    {
      "name" : "FID",
      "type" : "esriFieldTypeOID",
      "alias" : "FID"
    },
    {
      "name" : "PMNTN_SN",
      "type" : "esriFieldTypeDouble",
      "alias" : "PMNTN_SN"
    },
    {
      "name" : "MNTN_CODE",
      "type" : "esriFieldTypeString",
      "alias" : "MNTN_CODE",
      "length" : 9
    },
    {
      "name" : "MNTN_NM",
      "type" : "esriFieldTypeString",
      "alias" : "MNTN_NM",
      "length" : 50
    },
    {
      "name" : "PMNTN_NM",
      "type" : "esriFieldTypeString",
      "alias" : "PMNTN_NM",
      "length" : 50
    },
    {
      "name" : "PMNTN_MAIN",
      "type" : "esriFieldTypeString",
      "alias" : "PMNTN_MAIN",
      "length" : 200
    },
    {
      "name" : "PMNTN_LT",
      "type" : "esriFieldTypeSingle",
      "alias" : "PMNTN_LT"
    },
    {
      "name" : "PMNTN_DFFL",
      "type" : "esriFieldTypeString",
      "alias" : "PMNTN_DFFL",
      "length" : 8
    },
    {
      "name" : "PMNTN_UPPL",
      "type" : "esriFieldTypeDouble",
      "alias" : "PMNTN_UPPL"
    },
    {
      "name" : "PMNTN_GODN",
      "type" : "esriFieldTypeDouble",
      "alias" : "PMNTN_GODN"
    },
    {
      "name" : "PMNTN_MTRQ",
      "type" : "esriFieldTypeString",
      "alias" : "PMNTN_MTRQ",
      "length" : 200
    },
    {
      "name" : "PMNTN_CNRL",
      "type" : "esriFieldTypeString",
      "alias" : "PMNTN_CNRL",
      "length" : 1
    },
    {
      "name" : "PMNTN_CLS_",
      "type" : "esriFieldTypeString",
      "alias" : "PMNTN_CLS_",
      "length" : 1
    },
    {
      "name" : "PMNTN_RISK",
      "type" : "esriFieldTypeString",
      "alias" : "PMNTN_RISK",
      "length" : 200
    },
    {
      "name" : "PMNTN_RECO",
      "type" : "esriFieldTypeString",
      "alias" : "PMNTN_RECO",
      "length" : 1
    },
    {
      "name" : "DATA_STDR_",
      "type" : "esriFieldTypeString",
      "alias" : "DATA_STDR_",
      "length" : 10
    },
    {
      "name" : "MNTN_ID",
      "type" : "esriFieldTypeString",
      "alias" : "MNTN_ID",
      "length" : 10
    }
  ],
  "features" : [
    {
      "attributes" : {
        "FID" : 0,
        "PMNTN_SN" : 55107,
        "MNTN_CODE" : "418204401",
        "MNTN_NM" : "화야산",
        "PMNTN_NM" : " ",
        "PMNTN_MAIN" : " ",
        "PMNTN_LT" : 0.68,
        "PMNTN_DFFL" : "쉬움",
        "PMNTN_UPPL" : 12,
        "PMNTN_GODN" : 8,
        "PMNTN_MTRQ" : " ",
        "PMNTN_CNRL" : " ",
        "PMNTN_CLS_" : "Y",
        "PMNTN_RISK" : " ",
        "PMNTN_RECO" : " ",
        "DATA_STDR_" : "2016-12-31",
        "MNTN_ID" : "418204401"
      },
      "geometry" : {
        "paths" : [
          [
            [
              236988.78870000038,
              563425.58310000226
            ],
            [
              237001.41670000087,
              563341.67520000227
            ],
            [
              237029.25820000097,
              563242.9160999991
            ],
            [
              237025.82250000071,
              563119.39250000007
            ],
            [
              237008.1529000001,
              563000.61349999905
            ],
            [
              237042.26499999966,
              562886.00650000013
            ],
            [
              237049.13860000018,
              562757.46609999985
            ]
          ]
        ]
      }
    },
    {
      "attributes" : {
        "FID" : 1,
        "PMNTN_SN" : 55108,
        "MNTN_CODE" : "418204401",
        "MNTN_NM" : "화야산",
        "PMNTN_NM" : " ",
        "PMNTN_MAIN" : " ",
        "PMNTN_LT" : 1.01,
        "PMNTN_DFFL" : "쉬움",
        "PMNTN_UPPL" : 18,
        "PMNTN_GODN" : 12,
        "PMNTN_MTRQ" : " ",
        "PMNTN_CNRL" : " ",
        "PMNTN_CLS_" : " ",
        "PMNTN_RISK" : " ",
        "PMNTN_RECO" : " ",
        "DATA_STDR_" : "2016-12-31",
        "MNTN_ID" : "418204401"
      },
      "geometry" : {
        "paths" : [
          [
            [
              236988.78870000038,
              563425.58310000226
            ],
            [
              236922.37230000179,
              563478.39280000143
            ],
            [
              236861.12829999998,
              563545.16540000215
            ],
            [
              236754.36879999936,
              563597.3545000013
            ],
            [
              236664.67480000108,
              563644.18590000272
            ],
            [
              236557.28020000085,
              563655.61590000242
            ],
            [
              236465.24470000062,
              563613.62640000135
            ],
            [
              236374.55860000011,
              563582.53780000098
            ],
            [
              236275.33970000036,
              563567.98569999821
            ],
            [
              236170.36599999946,
              563559.65130000003
            ],
            [
              236066.97780000046,
              563585.63550000265
            ]
          ]
        ]
      }
    },
    {
      "attributes" : {
        "FID" : 2,
        "PMNTN_SN" : 55109,
        "MNTN_CODE" : "418204401",
        "MNTN_NM" : "화야산",
        "PMNTN_NM" : " ",
        "PMNTN_MAIN" : " ",
        "PMNTN_LT" : 1.31,
        "PMNTN_DFFL" : "쉬움",
        "PMNTN_UPPL" : 23,
        "PMNTN_GODN" : 16,
        "PMNTN_MTRQ" : " ",
        "PMNTN_CNRL" : " ",
        "PMNTN_CLS_" : " ",
        "PMNTN_RISK" : " ",
        "PMNTN_RECO" : " ",
        "DATA_STDR_" : "2016-12-31",
        "MNTN_ID" : "418204401"
      },
      "geometry" : {
        "paths" : [
          [
            [
              236066.97780000046,
              563585.63550000265
            ],
            [
              236107.49410000071,
              563490.94490000233
            ],
            [
              236119.78220000118,
              563402.30290000141
            ],
            [
              236070.96710000001,
              563320.06690000184
            ],
            [
              236011.5019000005,
              563200.07810000144
            ],
            [
              235989.60759999976,
              563055.54920000024
            ],
            [
              236013.61860000063,
              562956.33019999973
            ],
            [
              236046.63860000018,
              562855.28560000099
            ],
            [
              236105.0587000018,
              562748.60539999977
            ],
            [
              236186.39180000126,
              562630.26369999908
            ],
            [
              236228.37709999923,
              562489.378800001
            ],
            [
              236189.46500000171,
              562379.68500000238
            ]
          ]
        ]
      }
    },
    {
      "attributes" : {
        "FID" : 3,
        "PMNTN_SN" : 55110,
        "MNTN_CODE" : "418204401",
        "MNTN_NM" : "화야산",
        "PMNTN_NM" : "삼회리구간",
        "PMNTN_MAIN" : " ",
        "PMNTN_LT" : 2.62,
        "PMNTN_DFFL" : "쉬움",
        "PMNTN_UPPL" : 56,
        "PMNTN_GODN" : 39,
        "PMNTN_MTRQ" : " ",
        "PMNTN_CNRL" : " ",
        "PMNTN_CLS_" : " ",
        "PMNTN_RISK" : " ",
        "PMNTN_RECO" : " ",
        "DATA_STDR_" : "2016-12-31",
        "MNTN_ID" : "418204401"
      },
      "geometry" : {
        "paths" : [
          [
            [
              236066.97780000046,
              563585.63550000265
            ],
            [
              235985.93120000046,
              563610.76410000212
            ],
            [
              235886.71009999979,
              563630.60390000232
            ],
            [
              235748.95010000095,
              563633.33789999969
            ],
            [
              235632.00400000066,
              563599.73580000177
            ],
            [
              235542.5747000007,
              563555.28570000082
            ],
            [
              235423.51190000027,
              563511.89399999939
            ],
            [
              235326.14510000125,
              563483.84809999913
            ],
            [
              235241.47819999978,
              563465.85640000179
            ],
            [
              235129.29470000044,
              563457.38970000111
            ],
            [
              234991.44650000148,
              563468.50220000185
            ],
            [
              234938.11030000076,
              563474.35480000079
            ],
            [
              234904.83940000087,
              563465.7762000002
            ],
            [
              234875.64690000005,
              563450.33410000056
            ],
            [
              234791.15649999958,
              563385.95199999958
            ],
            [
              234741.11359999981,
              563349.79140000045
            ],
            [
              234716.82859999966,
              563356.7760000024
            ],
            [
              234690.08230000082,
              563359.14400000125
            ],
            [
              234627.06120000128,
              563356.70739999972
            ],
            [
              234609.77520000003,
              563357.27930000238
            ],
            [
              234600.30670000054,
              563351.41480000131
            ],
            [
              234583.85240000114,
              563338.76659999974
            ],
            [
              234561.94539999962,
              563314.16630000249
            ],
            [
              234515.96389999893,
              563275.86439999938
            ],
            [
              234486.46220000088,
              563258.23630000278
            ],
            [
              234460.51229999959,
              563253.07670000196
            ],
            [
              234418.85140000004,
              563243.37250000425
            ],
            [
              234372.93760000076,
              563225.96700000204
            ],
            [
              234328.59990000073,
              563205.97890000232
            ],
            [
              234312.4393000016,
              563193.05830000155
            ],
            [
              234299.87140000053,
              563177.30660000071
            ],
            [
              234295.64670000039,
              563156.67360000126
            ],
            [
              234288.93700000085,
              563144.33129999973
            ],
            [
              234263.89250000007,
              563135.22529999912
            ],
            [
              234225.05100000091,
              563135.53969999962
            ],
            [
              234176.13650000002,
              563135.5222000014
            ],
            [
              234152.92019999865,
              563136.0848999992
            ],
            [
              234136.5167000005,
              563130.28280000016
            ],
            [
              234126.06580000091,
              563119.79270000011
            ],
            [
              234112.06780000124,
              563114.08920000121
            ],
            [
              234048.01360000204,
              563096.62829999998
            ],
            [
              233978.06130000018,
              563072.87250000238
            ],
            [
              233916.62710000202,
              563088.62810000218
            ],
            [
              233859.64490000159,
              563119.07509999909
            ],
            [
              233805.00490000006,
              563139.23090000264
            ],
            [
              233744.4151999997,
              563155.47620000318
            ],
            [
              233700.90940000117,
              563156.71450000256
            ],
            [
              233638.74100000039,
              563172.00009999983
            ]
          ]
        ]
      }
    },
    {
      "attributes" : {
        "FID" : 4,
        "PMNTN_SN" : 55111,
        "MNTN_CODE" : "418204401",
        "MNTN_NM" : "화야산",
        "PMNTN_NM" : " ",
        "PMNTN_MAIN" : " ",
        "PMNTN_LT" : 0.84,
        "PMNTN_DFFL" : "쉬움",
        "PMNTN_UPPL" : 15,
        "PMNTN_GODN" : 10,
        "PMNTN_MTRQ" : " ",
        "PMNTN_CNRL" : " ",
        "PMNTN_CLS_" : " ",
        "PMNTN_RISK" : " ",
        "PMNTN_RECO" : " ",
        "DATA_STDR_" : "2016-12-31",
        "MNTN_ID" : "418204401"
      },
      "geometry" : {
        "paths" : [
          [
            [
              237748.20200000051,
              563658.53009999916
            ],
            [
              237743.42870000098,
              563652.43989999965
            ],
            [
              237653.25939999986,
              563537.39320000261
            ],
            [
              237550.10470000096,
              563481.99599999934
            ],
            [
              237426.8748000022,
              563456.4635999985
            ],
            [
              237295.53729999997,
              563441.77920000069
            ],
            [
              237193.18110000063,
              563403.15000000037
            ],
            [
              237090.97860000003,
              563408.98680000193
            ],
            [
              236988.78870000038,
              563425.58310000226
            ]
          ]
        ]
      }
    },
    {
      "attributes" : {
        "FID" : 5,
        "PMNTN_SN" : 55112,
        "MNTN_CODE" : "418204401",
        "MNTN_NM" : "화야산",
        "PMNTN_NM" : " ",
        "PMNTN_MAIN" : " ",
        "PMNTN_LT" : 0.5,
        "PMNTN_DFFL" : "쉬움",
        "PMNTN_UPPL" : 9,
        "PMNTN_GODN" : 6,
        "PMNTN_MTRQ" : " ",
        "PMNTN_CNRL" : " ",
        "PMNTN_CLS_" : " ",
        "PMNTN_RISK" : " ",
        "PMNTN_RECO" : " ",
        "DATA_STDR_" : "2016-12-31",
        "MNTN_ID" : "418204401"
      },
      "geometry" : {
        "paths" : [
          [
            [
              237827.39159999974,
              564099.44910000078
            ],
            [
              237780.02810000069,
              564005.07829999737
            ],
            [
              237766.27320000064,
              563983.85110000148
            ],
            [
              237731.08010000084,
              563929.53960000165
            ],
            [
              237696.3227000013,
              563872.46300000139
            ],
            [
              237670.15620000008,
              563829.49380000122
            ],
            [
              237667.42120000068,
              563825.00249999762
            ],
            [
              237704.07290000096,
              563731.00499999896
            ],
            [
              237706.27840000018,
              563727.38280000351
            ],
            [
              237717.15540000051,
              563709.51910000108
            ],
            [
              237748.20200000051,
              563658.53009999916
            ]
          ]
        ]
      }
    },
    {
      "attributes" : {
        "FID" : 6,
        "PMNTN_SN" : 55113,
        "MNTN_CODE" : "418204401",
        "MNTN_NM" : "화야산",
        "PMNTN_NM" : " ",
        "PMNTN_MAIN" : " ",
        "PMNTN_LT" : 3.37,
        "PMNTN_DFFL" : "쉬움",
        "PMNTN_UPPL" : 59,
        "PMNTN_GODN" : 42,
        "PMNTN_MTRQ" : " ",
        "PMNTN_CNRL" : " ",
        "PMNTN_CLS_" : " ",
        "PMNTN_RISK" : " ",
        "PMNTN_RECO" : " ",
        "DATA_STDR_" : "2016-12-31",
        "MNTN_ID" : "418204401"
      },
      "geometry" : {
        "paths" : [
          [
            [
              237827.39159999974,
              564099.44910000078
            ],
            [
              237849.21280000173,
              564099.22870000452
            ],
            [
              237947.73979999963,
              564098.23359999992
            ],
            [
              238074.94730000012,
              564073.07180000097
            ],
            [
              238181.65160000138,
              564075.81010000035
            ],
            [
              238291.85329999961,
              564070.67760000005
            ],
            [
              238439.44620000198,
              564069.38480000012
            ],
            [
              238571.09780000057,
              564047.16160000116
            ],
            [
              238578.17030000035,
              564070.38800000399
            ],
            [
              238579.31909999903,
              564091.24269999936
            ],
            [
              238576.88820000179,
              564107.58130000345
            ],
            [
              238572.08480000123,
              564120.01549999975
            ],
            [
              238571.31400000118,
              564129.09900000319
            ],
            [
              238575.48259999976,
              564139.57640000433
            ],
            [
              238595.91610000189,
              564146.25259999931
            ],
            [
              238615.2211000016,
              564153.17930000275
            ],
            [
              238632.73539999966,
              564161.1780999992
            ],
            [
              238648.53230000008,
              564179.18469999917
            ],
            [
              238655.89219999965,
              564192.92980000004
            ],
            [
              238669.52560000028,
              564204.61649999954
            ],
            [
              238681.53850000072,
              564217.93850000016
            ],
            [
              238717.60659999959,
              564282.5989000015
            ],
            [
              238729.95510000177,
              564295.47980000451
            ],
            [
              238746.27300000191,
              564302.45890000463
            ],
            [
              238768.40890000015,
              564301.24440000206
            ],
            [
              238797.9011000013,
              564285.12280000001
            ],
            [
              238811.60570000205,
              564281.08359999955
            ],
            [
              238820.33980000112,
              564284.98240000196
            ],
            [
              238825.63420000114,
              564299.33660000004
            ],
            [
              238832.98450000118,
              564312.51910000108
            ],
            [
              238861.46470000036,
              564354.86000000127
            ],
            [
              238875.36230000108,
              564383.39520000294
            ],
            [
              238882.93689999916,
              564400.27810000256
            ],
            [
              238891.70750000048,
              564409.3505000025
            ],
            [
              238904.82990000118,
              564414.87890000083
            ],
            [
              238917.96790000051,
              564412.72919999994
            ],
            [
              238928.63799999934,
              564409.87640000321
            ],
            [
              238940.58050000202,
              564412.56090000086
            ],
            [
              238969.31590000074,
              564424.48340000212
            ],
            [
              238980.08640000038,
              564425.51559999958
            ],
            [
              238995.88740000036,
              564420.59660000168
            ],
            [
              239010.38190000132,
              564419.82340000011
            ],
            [
              239023.99160000216,
              564422.5242999997
            ],
            [
              239042.49600000121,
              564432.66039999947
            ],
            [
              239061.98309999984,
              564442.38680000231
            ],
            [
              239078.73730000202,
              564445.00039999932
            ],
            [
              239086.84200000111,
              564452.57200000063
            ],
            [
              239089.17640000116,
              564466.18659999967
            ],
            [
              239096.1015000008,
              564477.24550000019
            ],
            [
              239106.94660000037,
              564486.87719999999
            ],
            [
              239126.13430000003,
              564491.23780000024
            ],
            [
              239141.98330000136,
              564492.91300000064
            ],
            [
              239151.95810000133,
              564504.39640000276
            ],
            [
              239158.31310000084,
              564545.79330000095
            ],
            [
              239157.61060000118,
              564555.77170000225
            ],
            [
              239145.04990000091,
              564568.4897000026
            ],
            [
              239133.21060000081,
              564579.38240000047
            ],
            [
              239127.84530000202,
              564594.86810000241
            ],
            [
              239126.57310000155,
              564623.18220000155
            ],
            [
              239123.73209999967,
              564638.71110000275
            ],
            [
              239108.30989999883,
              564664.34370000102
            ],
            [
              239092.90750000067,
              564678.95900000259
            ],
            [
              239080.14969999995,
              564689.34100000001
            ],
            [
              239068.65930000134,
              564698.39310000278
            ],
            [
              239063.5596000012,
              564708.60550000146
            ],
            [
              239063.81760000158,
              564715.76920000091
            ],
            [
              239070.46980000008,
              564720.941300001
            ],
            [
              239082.27269999962,
              564725.43590000086
            ],
            [
              239107.75680000056,
              564731.57240000181
            ],
            [
              239138.02209999971,
              564734.06919999979
            ],
            [
              239184.96410000045,
              564732.81530000083
            ],
            [
              239189.36360000074,
              564740.90540000238
            ],
            [
              239189.08560000081,
              564760.7882000003
            ],
            [
              239192.7324000001,
              564772.30470000207
            ],
            [
              239197.69819999952,
              564776.97140000015
            ],
            [
              239204.98060000036,
              564778.5449000001
            ],
            [
              239246.07970000058,
              564758.97310000099
            ],
            [
              239272.84370000008,
              564750.27080000006
            ],
            [
              239286.1595999999,
              564747.66440000199
            ],
            [
              239292.18040000089,
              564745.58019999973
            ],
            [
              239294.54420000128,
              564740.78610000014
            ],
            [
              239289.21100000013,
              564736.76080000214
            ],
            [
              239258.18809999991,
              564737.11340000108
            ],
            [
              239245.68870000076,
              564734.45179999806
            ],
            [
              239225.88260000013,
              564731.50130000152
            ],
            [
              239220.77650000155,
              564727.19700000063
            ],
            [
              239219.24540000036,
              564719.92410000227
            ],
            [
              239222.18200000003,
              564714.0307
            ],
            [
              239238.76250000019,
              564712.85050000437
            ],
            [
              239250.97690000013,
              564705.94740000181
            ],
            [
              239272.00180000067,
              564704.73949999921
            ],
            [
              239294.99980000034,
              564702.37170000188
            ],
            [
              239322.3236999996,
              564692.38079999946
            ],
            [
              239358.6324000014,
              564678.99369999953
            ],
            [
              239396.48919999972,
              564664.60870000347
            ],
            [
              239438.37740000058,
              564656.45190000162
            ],
            [
              239450.58899999969,
              564650.57090000436
            ],
            [
              239480.76510000136,
              564626.87890000083
            ],
            [
              239512.51790000033,
              564625.60989999957
            ],
            [
              239524.05300000031,
              564622.91020000167
            ],
            [
              239549.97090000007,
              564616.29419999942
            ],
            [
              239570.47160000168,
              564608.11600000225
            ],
            [
              239581.5783000011,
              564607.49100000225
            ],
            [
              239590.84450000059,
              564608.0700000003
            ],
            [
              239606.13150000107,
              564606.51420000009
            ],
            [
              239617.10840000119,
              564610.24930000119
            ],
            [
              239623.99690000061,
              564617.80620000139
            ],
            [
              239630.03420000151,
              564628.5680000037
            ],
            [
              239631.55269999988,
              564638.83689999953
            ],
            [
              239631.06060000136,
              564673.38590000197
            ],
            [
              239634.17949999962,
              564683.16690000147
            ],
            [
              239641.46990000177,
              564687.91880000383
            ],
            [
              239654.27260000072,
              564688.13210000098
            ],
            [
              239673.93690000102,
              564678.7491999995
            ],
            [
              239690.93750000093,
              564670.17230000161
            ],
            [
              239702.57290000189,
              564658.3385999985
            ],
            [
              239713.68120000046,
              564651.49340000004
            ],
            [
              239726.84929999989,
              564651.40140000172
            ],
            [
              239740.39850000106,
              564655.44979999959
            ],
            [
              239752.62829999998,
              564652.4702999983
            ],
            [
              239763.16070000082,
              564649.0548000019
            ],
            [
              239775.68489999976,
              564649.2396000009
            ],
            [
              239782.55910000019,
              564644.87210000306
            ],
            [
              239778.63019999955,
              564639.4029000029
            ],
            [
              239765.40830000117,
              564636.43710000254
            ],
            [
              239749.91060000099,
              564637.31530000083
            ],
            [
              239734.52210000064,
              564633.63630000316
            ],
            [
              239715.20189999882,
              564625.42459999956
            ],
            [
              239690.8685000008,
              564634.60090000369
            ],
            [
              239671.27070000116,
              564635.88590000384
            ],
            [
              239662.02190000005,
              564625.67850000225
            ],
            [
              239658.07550000027,
              564609.42940000445
            ],
            [
              239653.24590000231,
              564592.91039999947
            ],
            [
              239637.56439999957,
              564579.03020000085
            ],
            [
              239616.38950000145,
              564567.96619999781
            ],
            [
              239595.55120000057,
              564558.24459999986
            ],
            [
              239572.26269999985,
              564552.78509999998
            ],
            [
              239539.23610000033,
              564558.93090000376
            ],
            [
              239519.46610000078,
              564556.30060000345
            ],
            [
              239511.29550000001,
              564553.08840000443
            ],
            [
              239508.28190000076,
              564541.30289999954
            ],
            [
              239515.85320000071,
              564523.1838000007
            ],
            [
              239535.37450000178,
              564502.81750000082
            ],
            [
              239536.7583999997,
              564487.39130000025
            ],
            [
              239524.41519999877,
              564466.38400000148
            ],
            [
              239520.40450000111,
              564456.97130000219
            ],
            [
              239522.13289999962,
              564450.11889999919
            ],
            [
              239535.31760000065,
              564444.56480000168
            ],
            [
              239548.81759999972,
              564444.39379999973
            ],
            [
              239563.9140999997,
              564450.70280000195
            ]
          ]
        ]
      }
    },
    {
      "attributes" : {
        "FID" : 7,
        "PMNTN_SN" : 55114,
        "MNTN_CODE" : "418204401",
        "MNTN_NM" : "화야산",
        "PMNTN_NM" : " ",
        "PMNTN_MAIN" : " ",
        "PMNTN_LT" : 0.09,
        "PMNTN_DFFL" : "쉬움",
        "PMNTN_UPPL" : 2,
        "PMNTN_GODN" : 1,
        "PMNTN_MTRQ" : " ",
        "PMNTN_CNRL" : " ",
        "PMNTN_CLS_" : " ",
        "PMNTN_RISK" : " ",
        "PMNTN_RECO" : " ",
        "DATA_STDR_" : "2016-12-31",
        "MNTN_ID" : "418204401"
      },
      "geometry" : {
        "paths" : [
          [
            [
              237772.74600000214,
              564170.34129999951
            ],
            [
              237827.39159999974,
              564099.44910000078
            ]
          ]
        ]
      }
    },
    {
      "attributes" : {
        "FID" : 8,
        "PMNTN_SN" : 55115,
        "MNTN_CODE" : "418204401",
        "MNTN_NM" : "화야산",
        "PMNTN_NM" : "회곡리구간",
        "PMNTN_MAIN" : " ",
        "PMNTN_LT" : 2.67,
        "PMNTN_DFFL" : "쉬움",
        "PMNTN_UPPL" : 47,
        "PMNTN_GODN" : 33,
        "PMNTN_MTRQ" : " ",
        "PMNTN_CNRL" : " ",
        "PMNTN_CLS_" : " ",
        "PMNTN_RISK" : " ",
        "PMNTN_RECO" : " ",
        "DATA_STDR_" : "2016-12-31",
        "MNTN_ID" : "418204401"
      },
      "geometry" : {
        "paths" : [
          [
            [
              239564.1642000014,
              564450.7042000033
            ],
            [
              239580.47709999979,
              564451.9346000012
            ],
            [
              239599.83430000115,
              564447.37390000001
            ],
            [
              239612.1511000013,
              564439.66210000031
            ],
            [
              239627.64350000024,
              564438.94270000421
            ],
            [
              239643.25040000118,
              564432.27150000259
            ],
            [
              239644.82180000003,
              564422.90690000355
            ],
            [
              239634.07670000196,
              564403.37490000203
            ],
            [
              239633.51730000135,
              564390.26209999993
            ],
            [
              239636.53600000031,
              564368.2620000001
            ],
            [
              239634.11800000072,
              564347.78309999965
            ],
            [
              239622.91110000014,
              564335.22419999912
            ],
            [
              239608.08010000084,
              564325.80740000121
            ],
            [
              239591.92150000017,
              564307.12870000117
            ],
            [
              239583.05080000218,
              564290.98009999841
            ],
            [
              239582.67369999923,
              564281.44620000385
            ],
            [
              239589.25840000063,
              564276.12910000235
            ],
            [
              239606.28350000177,
              564268.97060000151
            ],
            [
              239650.55650000088,
              564264.30090000108
            ],
            [
              239687.26820000075,
              564268.90789999999
            ],
            [
              239714.09250000026,
              564267.82510000095
            ],
            [
              239727.04140000138,
              564272.99330000021
            ],
            [
              239727.01570000127,
              564288.93620000221
            ],
            [
              239745.30689999927,
              564330.15819999948
            ],
            [
              239754.08210000116,
              564347.22170000337
            ],
            [
              239759.71390000079,
              564359.56540000252
            ],
            [
              239767.03200000059,
              564369.82180000097
            ],
            [
              239779.73110000044,
              564375.9934000019
            ],
            [
              239798.9123000009,
              564372.00590000302
            ],
            [
              239830.40780000016,
              564357.35630000383
            ],
            [
              239855.59100000095,
              564336.69459999911
            ],
            [
              239866.9271999998,
              564335.46230000071
            ],
            [
              239878.15330000035,
              564338.86030000262
            ],
            [
              239897.31790000014,
              564352.81590000354
            ],
            [
              239905.74030000065,
              564354.37790000439
            ],
            [
              239914.57149999961,
              564349.07750000246
            ],
            [
              239926.81520000007,
              564290.71660000086
            ],
            [
              239926.39500000048,
              564273.68050000072
            ],
            [
              239930.93769999966,
              564262.61080000177
            ],
            [
              239952.99360000156,
              564255.53009999916
            ],
            [
              239991.68689999916,
              564246.24479999952
            ],
            [
              240012.62870000117,
              564247.76280000433
            ],
            [
              240032.91220000107,
              564253.11750000156
            ],
            [
              240060.41160000023,
              564265.9878000021
            ],
            [
              240078.91480000131,
              564279.74389999919
            ],
            [
              240091.94180000108,
              564284.15870000236
            ],
            [
              240106.38910000212,
              564282.95539999753
            ],
            [
              240116.66500000004,
              564280.70320000127
            ],
            [
              240131.14600000065,
              564282.74460000172
            ],
            [
              240149.49220000114,
              564273.00079999864
            ],
            [
              240169.69479999971,
              564255.64470000006
            ],
            [
              240189.61050000135,
              564243.33540000208
            ],
            [
              240203.18209999986,
              564245.33350000158
            ],
            [
              240246.75920000114,
              564262.94950000197
            ],
            [
              240288.15749999974,
              564279.82410000078
            ],
            [
              240296.70150000043,
              564286.65370000154
            ],
            [
              240303.69220000133,
              564294.95580000244
            ],
            [
              240307.84020000137,
              564323.85030000098
            ],
            [
              240308.4478000002,
              564346.04829999991
            ],
            [
              240304.32590000052,
              564354.44160000235
            ],
            [
              240292.96410000138,
              564365.84679999761
            ],
            [
              240279.5449000001,
              564373.10630000196
            ],
            [
              240273.27390000131,
              564378.77790000103
            ],
            [
              240271.76180000044,
              564389.18620000221
            ],
            [
              240273.13960000128,
              564400.82720000111
            ],
            [
              240269.71509999968,
              564417.33420000225
            ],
            [
              240272.75499999989,
              564426.2379999999
            ],
            [
              240287.459900002,
              564451.06160000153
            ],
            [
              240302.90700000059,
              564469.24100000225
            ],
            [
              240309.57330000121,
              564488.7444000002
            ],
            [
              240315.88380000181,
              564518.28639999963
            ],
            [
              240326.1790000014,
              564524.85600000061
            ],
            [
              240338.72149999999,
              564522.4737000037
            ],
            [
              240347.08530000038,
              564514.20219999924
            ],
            [
              240357.4357000012,
              564496.9317000024
            ],
            [
              240372.51280000154,
              564482.534500001
            ],
            [
              240377.81659999955,
              564472.4940000046
            ],
            [
              240388.43269999884,
              564438.8582000006
            ],
            [
              240394.34840000141,
              564421.10860000178
            ],
            [
              240390.76880000066,
              564404.77150000259
            ],
            [
              240390.24789999984,
              564392.65180000104
            ],
            [
              240395.88420000114,
              564384.35620000213
            ],
            [
              240408.96229999978,
              564383.43799999915
            ],
            [
              240443.56730000209,
              564394.04030000232
            ],
            [
              240493.97790000122,
              564408.52649999969
            ],
            [
              240505.15980000049,
              564405.0268000029
            ],
            [
              240516.88290000055,
              564383.96660000272
            ],
            [
              240527.94850000087,
              564373.75960000232
            ],
            [
              240540.28409999982,
              564361.66850000247
            ],
            [
              240552.36720000114,
              564340.25280000083
            ],
            [
              240564.49230000004,
              564322.58640000038
            ],
            [
              240593.0597000001,
              564310.99700000137
            ],
            [
              240604.29869999923,
              564304.87719999999
            ],
            [
              240608.0839000009,
              564297.63660000078
            ],
            [
              240612.78050000127,
              564286.43530000374
            ],
            [
              240622.94720000122,
              564277.07550000027
            ],
            [
              240629.55200000014,
              564265.7666000016
            ],
            [
              240627.11530000065,
              564257.55299999937
            ],
            [
              240617.02329999954,
              564250.00200000033
            ],
            [
              240604.16010000091,
              564238.61239999905
            ],
            [
              240602.82810000051,
              564225.8377000019
            ],
            [
              240625.47130000126,
              564179.35830000229
            ],
            [
              240610.52670000028,
              564148.01670000143
            ],
            [
              240606.5672000004,
              564139.99110000394
            ],
            [
              240616.60529999994,
              564072.84539999999
            ],
            [
              240611.47219999973,
              564039.26129999943
            ],
            [
              240612.28550000023,
              564026.05310000107
            ],
            [
              240624.91089999955,
              564011.50019999966
            ],
            [
              240638.94249999989,
              563944.12110000104
            ],
            [
              240629.72520000115,
              563926.46719999798
            ],
            [
              240628.32320000045,
              563912.6855000034
            ],
            [
              240630.15259999968,
              563881.10730000213
            ],
            [
              240629.19049999956,
              563862.2929999996
            ],
            [
              240622.77859999985,
              563855.09990000166
            ],
            [
              240615.11280000024,
              563861.95620000176
            ],
            [
              240614.69880000129,
              563871.81660000235
            ],
            [
              240614.3395999996,
              563887.69779999927
            ],
            [
              240606.89470000099,
              563917.84030000307
            ],
            [
              240601.47590000182,
              563924.99470000342
            ],
            [
              240590.87380000111,
              563927.164900003
            ],
            [
              240575.73520000186,
              563921.14710000344
            ],
            [
              240558.99420000054,
              563910.08600000106
            ],
            [
              240553.42389999982,
              563899.50890000165
            ],
            [
              240552.44350000005,
              563874.17250000313
            ],
            [
              240539.99590000045,
              563843.42090000212
            ],
            [
              240533.3021000009,
              563809.96559999883
            ],
            [
              240533.39300000016,
              563796.73230000027
            ],
            [
              240549.73340000119,
              563737.27570000105
            ]
          ]
        ]
      }
    },
    {
      "attributes" : {
        "FID" : 9,
        "PMNTN_SN" : 55116,
        "MNTN_CODE" : "418204401",
        "MNTN_NM" : "화야산",
        "PMNTN_NM" : " ",
        "PMNTN_MAIN" : " ",
        "PMNTN_LT" : 0.27,
        "PMNTN_DFFL" : "쉬움",
        "PMNTN_UPPL" : 5,
        "PMNTN_GODN" : 3,
        "PMNTN_MTRQ" : " ",
        "PMNTN_CNRL" : " ",
        "PMNTN_CLS_" : " ",
        "PMNTN_RISK" : " ",
        "PMNTN_RECO" : " ",
        "DATA_STDR_" : "2016-12-31",
        "MNTN_ID" : "418204401"
      },
      "geometry" : {
        "paths" : [
          [
            [
              239797.40060000028,
              564529.93659999967
            ],
            [
              239732.44250000175,
              564532.63089999929
            ],
            [
              239699.24750000052,
              564518.93920000084
            ],
            [
              239656.61960000079,
              564511.99620000273
            ],
            [
              239614.83150000125,
              564494.75450000353
            ],
            [
              239588.19280000031,
              564496.35930000059
            ],
            [
              239575.67010000069,
              564487.12909999862
            ],
            [
              239566.53420000058,
              564477.40630000271
            ],
            [
              239563.72400000226,
              564464.93250000104
            ],
            [
              239564.1642000014,
              564450.7042000033
            ]
          ]
        ]
      }
    },
    {
      "attributes" : {
        "FID" : 10,
        "PMNTN_SN" : 55117,
        "MNTN_CODE" : "418204401",
        "MNTN_NM" : "화야산",
        "PMNTN_NM" : " ",
        "PMNTN_MAIN" : " ",
        "PMNTN_LT" : 1.27,
        "PMNTN_DFFL" : "쉬움",
        "PMNTN_UPPL" : 22,
        "PMNTN_GODN" : 16,
        "PMNTN_MTRQ" : " ",
        "PMNTN_CNRL" : " ",
        "PMNTN_CLS_" : " ",
        "PMNTN_RISK" : " ",
        "PMNTN_RECO" : " ",
        "DATA_STDR_" : "2016-12-31",
        "MNTN_ID" : "418204401"
      },
      "geometry" : {
        "paths" : [
          [
            [
              237008.53959999979,
              565098.94060000032
            ],
            [
              237056.76890000049,
              565005.49799999967
            ],
            [
              237064.06420000084,
              564891.43420000374
            ],
            [
              237091.31630000006,
              564750.8740000017
            ],
            [
              237188.35239999928,
              564655.62380000204
            ],
            [
              237292.13550000079,
              564611.17380000465
            ],
            [
              237371.11370000057,
              564552.63460000232
            ],
            [
              237450.62119999994,
              564486.62089999951
            ],
            [
              237519.14840000123,
              564433.17500000447
            ],
            [
              237592.04130000062,
              564360.41440000013
            ],
            [
              237653.29240000155,
              564247.63550000079
            ],
            [
              237772.74600000214,
              564170.34129999951
            ]
          ]
        ]
      }
    },
    {
      "attributes" : {
        "FID" : 11,
        "PMNTN_SN" : 55118,
        "MNTN_CODE" : "418204401",
        "MNTN_NM" : "화야산",
        "PMNTN_NM" : "회곡리구간",
        "PMNTN_MAIN" : " ",
        "PMNTN_LT" : 0.78,
        "PMNTN_DFFL" : "중간",
        "PMNTN_UPPL" : 23,
        "PMNTN_GODN" : 16,
        "PMNTN_MTRQ" : " ",
        "PMNTN_CNRL" : " ",
        "PMNTN_CLS_" : " ",
        "PMNTN_RISK" : " ",
        "PMNTN_RECO" : " ",
        "DATA_STDR_" : "2016-12-31",
        "MNTN_ID" : "418204401"
      },
      "geometry" : {
        "paths" : [
          [
            [
              237008.53959999979,
              565098.94060000032
            ],
            [
              237062.60749999899,
              565164.33680000156
            ],
            [
              237141.79569999967,
              565220.65460000001
            ],
            [
              237193.37550000008,
              565293.90220000036
            ],
            [
              237278.04230000079,
              565384.2135000024
            ],
            [
              237362.00360000134,
              565435.95430000126
            ],
            [
              237457.253800001,
              565457.12099999934
            ],
            [
              237553.6799000008,
              565468.88030000404
            ],
            [
              237555.8879000023,
              565485.85400000215
            ],
            [
              237563.20940000098,
              565542.13749999925
            ],
            [
              237562.96169999987,
              565554.62730000354
            ]
          ]
        ]
      }
    },
    {
      "attributes" : {
        "FID" : 12,
        "PMNTN_SN" : 55119,
        "MNTN_CODE" : "418204401",
        "MNTN_NM" : "화야산",
        "PMNTN_NM" : "회곡리구간",
        "PMNTN_MAIN" : " ",
        "PMNTN_LT" : 1.77,
        "PMNTN_DFFL" : "쉬움",
        "PMNTN_UPPL" : 31,
        "PMNTN_GODN" : 22,
        "PMNTN_MTRQ" : " ",
        "PMNTN_CNRL" : " ",
        "PMNTN_CLS_" : " ",
        "PMNTN_RISK" : " ",
        "PMNTN_RECO" : " ",
        "DATA_STDR_" : "2016-12-31",
        "MNTN_ID" : "418204401"
      },
      "geometry" : {
        "paths" : [
          [
            [
              237587.58540000115,
              565547.54089999944
            ],
            [
              237660.45419999957,
              565474.05440000258
            ],
            [
              237746.53210000042,
              565354.46250000224
            ],
            [
              237808.62110000011,
              565220.05389999971
            ],
            [
              237883.41020000074,
              565078.94250000454
            ],
            [
              237960.08069999982,
              564944.41630000249
            ],
            [
              238040.0438000001,
              564877.15320000239
            ],
            [
              238138.35139999911,
              564806.59749999829
            ],
            [
              238155.75520000048,
              564650.66940000281
            ],
            [
              238134.34790000133,
              564572.71470000036
            ],
            [
              238118.36060000025,
              564514.49689999968
            ],
            [
              238027.81420000177,
              564460.40420000255
            ],
            [
              237933.5047000004,
              564415.01339999959
            ],
            [
              237889.76020000223,
              564316.94100000151
            ],
            [
              237884.5326999994,
              564275.73619999923
            ],
            [
              237877.76570000034,
              564222.39640000463
            ],
            [
              237855.96090000123,
              564211.58840000071
            ],
            [
              237772.74600000214,
              564170.34129999951
            ]
          ]
        ]
      }
    },
    {
      "attributes" : {
        "FID" : 13,
        "PMNTN_SN" : 55120,
        "MNTN_CODE" : "418204401",
        "MNTN_NM" : "화야산",
        "PMNTN_NM" : "삼회리구간",
        "PMNTN_MAIN" : " ",
        "PMNTN_LT" : 2.91,
        "PMNTN_DFFL" : "쉬움",
        "PMNTN_UPPL" : 62,
        "PMNTN_GODN" : 44,
        "PMNTN_MTRQ" : " ",
        "PMNTN_CNRL" : " ",
        "PMNTN_CLS_" : " ",
        "PMNTN_RISK" : " ",
        "PMNTN_RECO" : " ",
        "DATA_STDR_" : "2016-12-31",
        "MNTN_ID" : "418204401"
      },
      "geometry" : {
        "paths" : [
          [
            [
              234546.54870000109,
              566365.96010000259
            ],
            [
              234559.54190000053,
              566361.29350000061
            ],
            [
              234605.3722000001,
              566340.8928999994
            ],
            [
              234626.05310000014,
              566325.62050000019
            ],
            [
              234645.91920000035,
              566318.40469999984
            ],
            [
              234663.77220000047,
              566314.07139999978
            ],
            [
              234706.27859999985,
              566318.75760000385
            ],
            [
              234735.07430000138,
              566316.47400000133
            ],
            [
              234771.97420000099,
              566307.22250000015
            ],
            [
              234816.63640000019,
              566300.02170000039
            ],
            [
              234849.70010000095,
              566287.60740000196
            ],
            [
              234876.61139999982,
              566283.23010000214
            ],
            [
              234886.78179999907,
              566284.02889999934
            ],
            [
              234898.58880000096,
              566288.49190000072
            ],
            [
              234918.78789999895,
              566280.94980000146
            ],
            [
              234976.77010000218,
              566269.63300000131
            ],
            [
              235007.24220000021,
              566259.92330000177
            ],
            [
              235050.65820000134,
              566245.24469999969
            ],
            [
              235087.09360000119,
              566237.63690000214
            ],
            [
              235163.23259999976,
              566209.40180000104
            ],
            [
              235214.08710000105,
              566185.62380000018
            ],
            [
              235248.17940000072,
              566155.16550000012
            ],
            [
              235274.27720000129,
              566146.3927000016
            ],
            [
              235304.31689999998,
              566138.94710000232
            ],
            [
              235317.56440000143,
              566135.72529999912
            ],
            [
              235331.03239999991,
              566134.53790000454
            ],
            [
              235348.84729999956,
              566138.80980000272
            ],
            [
              235371.12740000058,
              566139.4151000008
            ],
            [
              235391.28490000125,
              566133.89719999954
            ],
            [
              235405.68410000019,
              566122.4338000007
            ],
            [
              235420.78589999955,
              566111.81919999979
            ],
            [
              235537.51749999914,
              566048.90430000238
            ],
            [
              235560.53620000184,
              566035.62769999914
            ],
            [
              235580.45390000101,
              566030.56279999763
            ],
            [
              235604.28199999966,
              566029.66560000181
            ],
            [
              235627.65710000228,
              566031.09260000102
            ],
            [
              235693.22590000089,
              566019.25690000132
            ],
            [
              235712.0288000023,
              565995.74929999933
            ],
            [
              235875.94369999971,
              565952.51469999924
            ],
            [
              236001.65410000086,
              565931.93670000136
            ],
            [
              236080.34140000027,
              565889.97370000184
            ],
            [
              236188.62229999993,
              565833.67029999942
            ],
            [
              236258.67090000026,
              565750.00880000181
            ],
            [
              236336.19310000166,
              565678.36240000278
            ],
            [
              236402.63760000002,
              565566.65220000222
            ],
            [
              236483.77880000137,
              565485.05460000224
            ],
            [
              236545.0828999998,
              565423.24780000187
            ],
            [
              236614.07320000138,
              565342.81430000067
            ],
            [
              236682.05800000113,
              565280.26669999957
            ],
            [
              236747.73530000076,
              565193.02199999988
            ],
            [
              236833.347000001,
              565112.09720000066
            ],
            [
              236923.68840000127,
              565099.47270000167
            ],
            [
              237008.53959999979,
              565098.94060000032
            ]
          ]
        ]
      }
    },
    {
      "attributes" : {
        "FID" : 14,
        "PMNTN_SN" : 55121,
        "MNTN_CODE" : "418204401",
        "MNTN_NM" : "화야산",
        "PMNTN_NM" : "수입리구간",
        "PMNTN_MAIN" : " ",
        "PMNTN_LT" : 0.96,
        "PMNTN_DFFL" : "쉬움",
        "PMNTN_UPPL" : 17,
        "PMNTN_GODN" : 12,
        "PMNTN_MTRQ" : " ",
        "PMNTN_CNRL" : " ",
        "PMNTN_CLS_" : " ",
        "PMNTN_RISK" : " ",
        "PMNTN_RECO" : " ",
        "DATA_STDR_" : "2016-12-31",
        "MNTN_ID" : "418204401"
      },
      "geometry" : {
        "paths" : [
          [
            [
              235434.6071999995,
              561853.42770000361
            ],
            [
              235555.85280000139,
              561904.4263000004
            ],
            [
              235665.78740000073,
              562007.61400000006
            ],
            [
              235783.85789999925,
              562056.42970000207
            ],
            [
              235902.72220000066,
              562142.15490000136
            ],
            [
              235908.29330000095,
              562153.57940000109
            ],
            [
              235910.89080000203,
              562158.90610000305
            ],
            [
              235945.78330000024,
              562230.4597000014
            ],
            [
              235992.21769999992,
              562309.23960000463
            ],
            [
              236107.31170000136,
              562347.5381000042
            ],
            [
              236166.53320000228,
              562370.71169999987
            ],
            [
              236189.46500000171,
              562379.68500000238
            ]
          ]
        ]
      }
    },
    {
      "attributes" : {
        "FID" : 15,
        "PMNTN_SN" : 55122,
        "MNTN_CODE" : "418204401",
        "MNTN_NM" : "화야산",
        "PMNTN_NM" : " ",
        "PMNTN_MAIN" : " ",
        "PMNTN_LT" : 0.99,
        "PMNTN_DFFL" : "쉬움",
        "PMNTN_UPPL" : 17,
        "PMNTN_GODN" : 12,
        "PMNTN_MTRQ" : " ",
        "PMNTN_CNRL" : " ",
        "PMNTN_CLS_" : " ",
        "PMNTN_RISK" : " ",
        "PMNTN_RECO" : " ",
        "DATA_STDR_" : "2016-12-31",
        "MNTN_ID" : "418204401"
      },
      "geometry" : {
        "paths" : [
          [
            [
              236189.46500000171,
              562379.68500000238
            ],
            [
              236270.38619999867,
              562366.39690000005
            ],
            [
              236271.81090000086,
              562366.16290000267
            ],
            [
              236275.25470000133,
              562366.80980000272
            ],
            [
              236353.03949999996,
              562394.0876000002
            ],
            [
              236409.86340000015,
              562414.01480000094
            ],
            [
              236456.56359999999,
              562455.60370000079
            ],
            [
              236518.65780000109,
              562510.90170000121
            ],
            [
              236520.77010000125,
              562512.78280000202
            ],
            [
              236576.81580000091,
              562579.18130000122
            ],
            [
              236636.34710000083,
              562649.75900000148
            ],
            [
              236767.73170000128,
              562715.4512000028
            ],
            [
              236770.49120000005,
              562716.83100000024
            ],
            [
              236776.83710000198,
              562716.90790000185
            ],
            [
              236813.9056000011,
              562717.35679999925
            ],
            [
              236885.18829999957,
              562718.22010000423
            ],
            [
              236959.45029999968,
              562753.6519000046
            ],
            [
              237049.13860000018,
              562757.46609999985
            ]
          ]
        ]
      }
    },
    {
      "attributes" : {
        "FID" : 16,
        "PMNTN_SN" : 55123,
        "MNTN_CODE" : "418204401",
        "MNTN_NM" : "화야산",
        "PMNTN_NM" : " ",
        "PMNTN_MAIN" : " ",
        "PMNTN_LT" : 1.25,
        "PMNTN_DFFL" : "쉬움",
        "PMNTN_UPPL" : 22,
        "PMNTN_GODN" : 15,
        "PMNTN_MTRQ" : " ",
        "PMNTN_CNRL" : " ",
        "PMNTN_CLS_" : " ",
        "PMNTN_RISK" : " ",
        "PMNTN_RECO" : " ",
        "DATA_STDR_" : "2016-12-31",
        "MNTN_ID" : "418204401"
      },
      "geometry" : {
        "paths" : [
          [
            [
              237049.13860000018,
              562757.46609999985
            ],
            [
              237159.49560000189,
              562764.98530000076
            ],
            [
              237295.74799999967,
              562836.90870000049
            ],
            [
              237300.71720000077,
              562839.53180000186
            ],
            [
              237361.58349999972,
              562890.83819999732
            ],
            [
              237397.15799999889,
              562920.82520000264
            ],
            [
              237514.50100000016,
              563001.4571000021
            ],
            [
              237566.35940000135,
              563122.37189999968
            ],
            [
              237594.36600000132,
              563189.80100000091
            ],
            [
              237613.61410000082,
              563236.14299999923
            ],
            [
              237623.42580000032,
              563257.7415000014
            ],
            [
              237662.7237000009,
              563344.24829999916
            ],
            [
              237668.4226000011,
              563356.79319999926
            ],
            [
              237714.05050000083,
              563439.61769999936
            ],
            [
              237723.19149999972,
              563456.21059999987
            ],
            [
              237754.34620000143,
              563547.29359999858
            ],
            [
              237749.23520000186,
              563639.82509999909
            ],
            [
              237748.20200000051,
              563658.53009999916
            ]
          ]
        ]
      }
    }
  ]
}