{
  "displayFieldName" : "",
  "fieldAliases" : {
    "FID" : "FID",
    "PMNTN_SN" : "PMNTN_SN",
    "MNTN_CODE" : "MNTN_CODE",
    "MNTN_NM" : "MNTN_NM",
    "PMNTN_NM" : "PMNTN_NM",
    "PMNTN_MAIN" : "PMNTN_MAIN",
    "PMNTN_LT" : "PMNTN_LT",
    "PMNTN_DFFL" : "PMNTN_DFFL",
    "PMNTN_UPPL" : "PMNTN_UPPL",
    "PMNTN_GODN" : "PMNTN_GODN",
    "PMNTN_MTRQ" : "PMNTN_MTRQ",
    "PMNTN_CNRL" : "PMNTN_CNRL",
    "PMNTN_CLS_" : "PMNTN_CLS_",
    "PMNTN_RISK" : "PMNTN_RISK",
    "PMNTN_RECO" : "PMNTN_RECO",
    "DATA_STDR_" : "DATA_STDR_",
    "MNTN_ID" : "MNTN_ID"
  },
  "geometryType" : "esriGeometryPolyline",
  "spatialReference" : {
    "wkt" : "PROJCS[\"PCS_ITRF2000_TM\",GEOGCS[\"GCS_ITRF_2000\",DATUM[\"D_ITRF_2000\",SPHEROID[\"GRS_1980\",6378137.0,298.257222101]],PRIMEM[\"Greenwich\",0.0],UNIT[\"Degree\",0.0174532925199433]],PROJECTION[\"Transverse_Mercator\"],PARAMETER[\"False_Easting\",200000.0],PARAMETER[\"False_Northing\",600000.0],PARAMETER[\"Central_Meridian\",127.0],PARAMETER[\"Scale_Factor\",1.0],PARAMETER[\"Latitude_Of_Origin\",38.0],UNIT[\"Meter\",1.0]]"
  },
  "fields" : [
    {
      "name" : "FID",
      "type" : "esriFieldTypeOID",
      "alias" : "FID"
    },
    {
      "name" : "PMNTN_SN",
      "type" : "esriFieldTypeDouble",
      "alias" : "PMNTN_SN"
    },
    {
      "name" : "MNTN_CODE",
      "type" : "esriFieldTypeString",
      "alias" : "MNTN_CODE",
      "length" : 9
    },
    {
      "name" : "MNTN_NM",
      "type" : "esriFieldTypeString",
      "alias" : "MNTN_NM",
      "length" : 50
    },
    {
      "name" : "PMNTN_NM",
      "type" : "esriFieldTypeString",
      "alias" : "PMNTN_NM",
      "length" : 50
    },
    {
      "name" : "PMNTN_MAIN",
      "type" : "esriFieldTypeString",
      "alias" : "PMNTN_MAIN",
      "length" : 200
    },
    {
      "name" : "PMNTN_LT",
      "type" : "esriFieldTypeSingle",
      "alias" : "PMNTN_LT"
    },
    {
      "name" : "PMNTN_DFFL",
      "type" : "esriFieldTypeString",
      "alias" : "PMNTN_DFFL",
      "length" : 8
    },
    {
      "name" : "PMNTN_UPPL",
      "type" : "esriFieldTypeDouble",
      "alias" : "PMNTN_UPPL"
    },
    {
      "name" : "PMNTN_GODN",
      "type" : "esriFieldTypeDouble",
      "alias" : "PMNTN_GODN"
    },
    {
      "name" : "PMNTN_MTRQ",
      "type" : "esriFieldTypeString",
      "alias" : "PMNTN_MTRQ",
      "length" : 200
    },
    {
      "name" : "PMNTN_CNRL",
      "type" : "esriFieldTypeString",
      "alias" : "PMNTN_CNRL",
      "length" : 1
    },
    {
      "name" : "PMNTN_CLS_",
      "type" : "esriFieldTypeString",
      "alias" : "PMNTN_CLS_",
      "length" : 1
    },
    {
      "name" : "PMNTN_RISK",
      "type" : "esriFieldTypeString",
      "alias" : "PMNTN_RISK",
      "length" : 200
    },
    {
      "name" : "PMNTN_RECO",
      "type" : "esriFieldTypeString",
      "alias" : "PMNTN_RECO",
      "length" : 1
    },
    {
      "name" : "DATA_STDR_",
      "type" : "esriFieldTypeString",
      "alias" : "DATA_STDR_",
      "length" : 10
    },
    {
      "name" : "MNTN_ID",
      "type" : "esriFieldTypeString",
      "alias" : "MNTN_ID",
      "length" : 10
    }
  ],
  "features" : [
    {
      "attributes" : {
        "FID" : 0,
        "PMNTN_SN" : 19,
        "MNTN_CODE" : "301105904",
        "MNTN_NM" : "159고지",
        "PMNTN_NM" : "삼거리-대전대학교 창업보육센터 건너편구간",
        "PMNTN_MAIN" : " ",
        "PMNTN_LT" : 0.48,
        "PMNTN_DFFL" : "쉬움",
        "PMNTN_UPPL" : 8,
        "PMNTN_GODN" : 6,
        "PMNTN_MTRQ" : "마사토",
        "PMNTN_CNRL" : " ",
        "PMNTN_CLS_" : " ",
        "PMNTN_RISK" : "급경사 약 200m",
        "PMNTN_RECO" : " ",
        "DATA_STDR_" : "2016-12-31",
        "MNTN_ID" : "301105904"
      },
      "geometry" : {
        "paths" : [
          [
            [
              241841.53980000317,
              415159.36250000261
            ],
            [
              241837.45400000084,
              415170.35119999945
            ],
            [
              241830.73160000052,
              415179.7498000022
            ],
            [
              241820.66489999928,
              415188.18340000138
            ],
            [
              241811.65989999939,
              415193.68850000203
            ],
            [
              241805.59950000141,
              415202.98069999926
            ],
            [
              241798.30010000058,
              415214.00980000757
            ],
            [
              241799.58519999962,
              415221.37260000594
            ],
            [
              241800.96830000356,
              415232.47609999962
            ],
            [
              241805.42160000093,
              415239.93249999918
            ],
            [
              241818.49130000081,
              415248.39340000227
            ],
            [
              241830.1612000009,
              415261.42110000178
            ],
            [
              241838.24720000103,
              415265.94639999978
            ],
            [
              241841.15649999958,
              415277.05729999952
            ],
            [
              241841.11160000134,
              415286.37840000167
            ],
            [
              241827.50210000295,
              415315.83060000092
            ],
            [
              241827.40370000061,
              415336.24840000272
            ],
            [
              241833.37469999958,
              415345.48760000244
            ],
            [
              241828.84119999874,
              415354.67620000057
            ],
            [
              241824.25380000193,
              415375.07230000012
            ],
            [
              241819.7295000013,
              415382.37450000271
            ],
            [
              241809.1984000029,
              415387.87219999917
            ],
            [
              241789.81420000177,
              415386.00339999981
            ],
            [
              241780.85430000164,
              415382.18730000407
            ],
            [
              241771.75430000387,
              415375.87780000269
            ],
            [
              241760.62230000086,
              415373.67870000377
            ],
            [
              241743.49560000282,
              415365.36230000108
            ],
            [
              241722.41359999962,
              415355.66410000063
            ],
            [
              241706.1453999998,
              415346.76190000214
            ],
            [
              241701.70110000111,
              415337.41920000128
            ],
            [
              241687.82540000323,
              415334.15350000001
            ],
            [
              241680.21030000038,
              415332.86930000037
            ],
            [
              241676.49360000249,
              415320.9832000006
            ],
            [
              241673.57500000019,
              415311.75880000181
            ],
            [
              241651.03540000226,
              415305.77180000022
            ],
            [
              241640.53090000153,
              415305.72140000202
            ]
          ]
        ]
      }
    },
    {
      "attributes" : {
        "FID" : 1,
        "PMNTN_SN" : 20,
        "MNTN_CODE" : "301105904",
        "MNTN_NM" : "159고지",
        "PMNTN_NM" : "삼거리-대전대학교 창업보육센터 건너편구간",
        "PMNTN_MAIN" : " ",
        "PMNTN_LT" : 0.58,
        "PMNTN_DFFL" : "쉬움",
        "PMNTN_UPPL" : 10,
        "PMNTN_GODN" : 7,
        "PMNTN_MTRQ" : "마사토",
        "PMNTN_CNRL" : " ",
        "PMNTN_CLS_" : " ",
        "PMNTN_RISK" : " ",
        "PMNTN_RECO" : " ",
        "DATA_STDR_" : "2016-12-31",
        "MNTN_ID" : "301105904"
      },
      "geometry" : {
        "paths" : [
          [
            [
              241897.05700000189,
              414757.50799999945
            ],
            [
              241890.53600000124,
              414784.7965000011
            ],
            [
              241883.64510000218,
              414808.44219999947
            ],
            [
              241875.58010000084,
              414824.0297000017
            ],
            [
              241869.11660000123,
              414836.81330000423
            ],
            [
              241871.70440000016,
              414844.42600000463
            ],
            [
              241891.14320000168,
              414853.84109999985
            ],
            [
              241905.97649999987,
              414868.6715000011
            ],
            [
              241916.86239999998,
              414886.72610000148
            ],
            [
              241919.78090000339,
              414895.9506000001
            ],
            [
              241920.83960000053,
              414908.64169999771
            ],
            [
              241925.24460000265,
              414926.32330000587
            ],
            [
              241933.2927000029,
              414944.7742999997
            ],
            [
              241936.98210000154,
              414955.7098999992
            ],
            [
              241941.54960000049,
              414971.90919999965
            ],
            [
              241943.15360000264,
              414979.54370000027
            ],
            [
              241952.50040000025,
              415000.74680000171
            ],
            [
              241965.97410000395,
              415022.41690000147
            ],
            [
              241977.38620000333,
              415039.66029999964
            ],
            [
              241980.29540000297,
              415050.77120000124
            ],
            [
              241981.13690000307,
              415059.33380000107
            ],
            [
              241979.88350000139,
              415070.65899999812
            ],
            [
              241976.50040000211,
              415086.71619999968
            ],
            [
              241973.78570000362,
              415100.49090000056
            ],
            [
              241974.112900001,
              415117.04830000177
            ],
            [
              241974.16920000222,
              415130.79350000061
            ],
            [
              241973.58070000168,
              415142.94610000215
            ],
            [
              241974.45980000123,
              415154.3887000028
            ],
            [
              241953.95579999965,
              415159.3088000007
            ],
            [
              241924.049300001,
              415160.93980000168
            ],
            [
              241916.57050000224,
              415166.45219999924
            ],
            [
              241886.56470000092,
              415170.08030000143
            ],
            [
              241876.14990000054,
              415170.03000000119
            ],
            [
              241871.50160000194,
              415161.32720000111
            ],
            [
              241862.74500000197,
              415156.98200000264
            ],
            [
              241854.02199999988,
              415155.2536999993
            ],
            [
              241841.53980000317,
              415159.36250000261
            ]
          ]
        ]
      }
    },
    {
      "attributes" : {
        "FID" : 2,
        "PMNTN_SN" : 21,
        "MNTN_CODE" : "301105904",
        "MNTN_NM" : "159고지",
        "PMNTN_NM" : "용운교회건너편삼거리-새울길구간",
        "PMNTN_MAIN" : " ",
        "PMNTN_LT" : 0.23,
        "PMNTN_DFFL" : "쉬움",
        "PMNTN_UPPL" : 4,
        "PMNTN_GODN" : 3,
        "PMNTN_MTRQ" : "마사토",
        "PMNTN_CNRL" : " ",
        "PMNTN_CLS_" : " ",
        "PMNTN_RISK" : " ",
        "PMNTN_RECO" : " ",
        "DATA_STDR_" : "2016-12-31",
        "MNTN_ID" : "301105904"
      },
      "geometry" : {
        "paths" : [
          [
            [
              241841.53980000317,
              415159.36250000261
            ],
            [
              241846.59170000162,
              415165.60020000115
            ],
            [
              241849.17050000001,
              415179.11040000059
            ],
            [
              241849.12609999999,
              415188.320600003
            ],
            [
              241857.73739999998,
              415199.03109999932
            ],
            [
              241863.94980000053,
              415208.9458000008
            ],
            [
              241863.89630000386,
              415216.13399999961
            ],
            [
              241874.40090000071,
              415216.18470000476
            ],
            [
              241883.36099999957,
              415220.0008000005
            ],
            [
              241893.75150000118,
              415224.77330000326
            ],
            [
              241900.4644000018,
              415232.23880000226
            ],
            [
              241907.34890000056,
              415240.12519999966
            ],
            [
              241914.65099999961,
              415247.89410000294
            ],
            [
              241918.84840000141,
              415255.80270000361
            ],
            [
              241923.02720000129,
              415262.9579000026
            ],
            [
              241925.03070000187,
              415273.79990000091
            ],
            [
              241920.49710000027,
              415282.98850000277
            ],
            [
              241927.91309999954,
              415290.45920000412
            ],
            [
              241935.32419999968,
              415286.55760000274
            ],
            [
              241950.17379999999,
              415276.81410000101
            ],
            [
              241956.72809999995,
              415266.55150000192
            ],
            [
              241961.49890000094,
              415261.3022000026
            ],
            [
              241967.97740000021,
              415257.94349999912
            ],
            [
              241971.15199999977,
              415259.49320000224
            ]
          ]
        ]
      }
    },
    {
      "attributes" : {
        "FID" : 3,
        "PMNTN_SN" : 22,
        "MNTN_CODE" : "301105904",
        "MNTN_NM" : "159고지",
        "PMNTN_NM" : "용운교회건너편삼거리-새울길구간",
        "PMNTN_MAIN" : " ",
        "PMNTN_LT" : 0.24,
        "PMNTN_DFFL" : "쉬움",
        "PMNTN_UPPL" : 4,
        "PMNTN_GODN" : 3,
        "PMNTN_MTRQ" : "마사토",
        "PMNTN_CNRL" : " ",
        "PMNTN_CLS_" : " ",
        "PMNTN_RISK" : " ",
        "PMNTN_RECO" : " ",
        "DATA_STDR_" : "2016-12-31",
        "MNTN_ID" : "301105904"
      },
      "geometry" : {
        "paths" : [
          [
            [
              241757.40210000239,
              414956.73079999909
            ],
            [
              241748.39690000005,
              414962.23600000143
            ],
            [
              241757.27770000137,
              414982.58600000106
            ],
            [
              241764.78390000295,
              414990.05700000189
            ],
            [
              241769.22890000138,
              414999.28880000114
            ],
            [
              241767.65770000219,
              415008.6026000008
            ],
            [
              241767.33270000014,
              415018.86850000173
            ],
            [
              241765.75519999955,
              415030.16850000434
            ],
            [
              241767.67520000041,
              415036.93480000086
            ],
            [
              241766.79410000052,
              415042.38900000229
            ],
            [
              241771.72170000151,
              415052.41200000234
            ],
            [
              241779.0307,
              415059.11600000039
            ],
            [
              241784.28040000238,
              415065.94209999964
            ],
            [
              241794.42819999903,
              415082.67840000056
            ],
            [
              241804.55929999985,
              415100.95189999975
            ],
            [
              241815.03210000135,
              415108.70259999856
            ],
            [
              241822.53859999962,
              415116.06269999966
            ],
            [
              241822.49370000139,
              415125.38389999978
            ],
            [
              241829.91050000023,
              415132.74350000173
            ],
            [
              241840.32589999959,
              415151.32550000399
            ],
            [
              241841.53980000317,
              415159.36250000261
            ]
          ]
        ]
      }
    }
  ]
}