{
  "displayFieldName" : "",
  "fieldAliases" : {
    "FID" : "FID",
    "PMNTN_SN" : "PMNTN_SN",
    "MNTN_CODE" : "MNTN_CODE",
    "MNTN_NM" : "MNTN_NM",
    "PMNTN_NM" : "PMNTN_NM",
    "PMNTN_MAIN" : "PMNTN_MAIN",
    "PMNTN_LT" : "PMNTN_LT",
    "PMNTN_DFFL" : "PMNTN_DFFL",
    "PMNTN_UPPL" : "PMNTN_UPPL",
    "PMNTN_GODN" : "PMNTN_GODN",
    "PMNTN_MTRQ" : "PMNTN_MTRQ",
    "PMNTN_CNRL" : "PMNTN_CNRL",
    "PMNTN_CLS_" : "PMNTN_CLS_",
    "PMNTN_RISK" : "PMNTN_RISK",
    "PMNTN_RECO" : "PMNTN_RECO",
    "DATA_STDR_" : "DATA_STDR_",
    "MNTN_ID" : "MNTN_ID"
  },
  "geometryType" : "esriGeometryPolyline",
  "spatialReference" : {
    "wkt" : "PROJCS[\"PCS_ITRF2000_TM\",GEOGCS[\"GCS_ITRF_2000\",DATUM[\"D_ITRF_2000\",SPHEROID[\"GRS_1980\",6378137.0,298.257222101]],PRIMEM[\"Greenwich\",0.0],UNIT[\"Degree\",0.0174532925199433]],PROJECTION[\"Transverse_Mercator\"],PARAMETER[\"False_Easting\",200000.0],PARAMETER[\"False_Northing\",600000.0],PARAMETER[\"Central_Meridian\",127.0],PARAMETER[\"Scale_Factor\",1.0],PARAMETER[\"Latitude_Of_Origin\",38.0],UNIT[\"Meter\",1.0]]"
  },
  "fields" : [
    {
      "name" : "FID",
      "type" : "esriFieldTypeOID",
      "alias" : "FID"
    },
    {
      "name" : "PMNTN_SN",
      "type" : "esriFieldTypeDouble",
      "alias" : "PMNTN_SN"
    },
    {
      "name" : "MNTN_CODE",
      "type" : "esriFieldTypeString",
      "alias" : "MNTN_CODE",
      "length" : 9
    },
    {
      "name" : "MNTN_NM",
      "type" : "esriFieldTypeString",
      "alias" : "MNTN_NM",
      "length" : 50
    },
    {
      "name" : "PMNTN_NM",
      "type" : "esriFieldTypeString",
      "alias" : "PMNTN_NM",
      "length" : 50
    },
    {
      "name" : "PMNTN_MAIN",
      "type" : "esriFieldTypeString",
      "alias" : "PMNTN_MAIN",
      "length" : 200
    },
    {
      "name" : "PMNTN_LT",
      "type" : "esriFieldTypeSingle",
      "alias" : "PMNTN_LT"
    },
    {
      "name" : "PMNTN_DFFL",
      "type" : "esriFieldTypeString",
      "alias" : "PMNTN_DFFL",
      "length" : 8
    },
    {
      "name" : "PMNTN_UPPL",
      "type" : "esriFieldTypeDouble",
      "alias" : "PMNTN_UPPL"
    },
    {
      "name" : "PMNTN_GODN",
      "type" : "esriFieldTypeDouble",
      "alias" : "PMNTN_GODN"
    },
    {
      "name" : "PMNTN_MTRQ",
      "type" : "esriFieldTypeString",
      "alias" : "PMNTN_MTRQ",
      "length" : 200
    },
    {
      "name" : "PMNTN_CNRL",
      "type" : "esriFieldTypeString",
      "alias" : "PMNTN_CNRL",
      "length" : 1
    },
    {
      "name" : "PMNTN_CLS_",
      "type" : "esriFieldTypeString",
      "alias" : "PMNTN_CLS_",
      "length" : 1
    },
    {
      "name" : "PMNTN_RISK",
      "type" : "esriFieldTypeString",
      "alias" : "PMNTN_RISK",
      "length" : 200
    },
    {
      "name" : "PMNTN_RECO",
      "type" : "esriFieldTypeString",
      "alias" : "PMNTN_RECO",
      "length" : 1
    },
    {
      "name" : "DATA_STDR_",
      "type" : "esriFieldTypeString",
      "alias" : "DATA_STDR_",
      "length" : 10
    },
    {
      "name" : "MNTN_ID",
      "type" : "esriFieldTypeString",
      "alias" : "MNTN_ID",
      "length" : 10
    }
  ],
  "features" : [
    {
      "attributes" : {
        "FID" : 0,
        "PMNTN_SN" : 2283,
        "MNTN_CODE" : "488600701",
        "MNTN_NM" : "검무봉",
        "PMNTN_NM" : "묵곡리구간",
        "PMNTN_MAIN" : " ",
        "PMNTN_LT" : 1.2,
        "PMNTN_DFFL" : "쉬움",
        "PMNTN_UPPL" : 21,
        "PMNTN_GODN" : 15,
        "PMNTN_MTRQ" : " ",
        "PMNTN_CNRL" : " ",
        "PMNTN_CLS_" : " ",
        "PMNTN_RISK" : " ",
        "PMNTN_RECO" : " ",
        "DATA_STDR_" : "2016-12-31",
        "MNTN_ID" : "488600701"
      },
      "geometry" : {
        "paths" : [
          [
            [
              288331.9570000004,
              298412.94360000268
            ],
            [
              288334.09219999984,
              298409.07680000179
            ],
            [
              288334.88300000224,
              298402.31360000372
            ],
            [
              288334.89050000161,
              298401.54170000181
            ],
            [
              288337.04630000051,
              298395.57320000231
            ],
            [
              288340.56720000412,
              298388.83680000156
            ],
            [
              288341.96920000017,
              298385.07440000027
            ],
            [
              288346.27210000064,
              298373.24890000001
            ],
            [
              288348.41930000111,
              298367.3825000003
            ],
            [
              288353.32150000054,
              298359.77600000054
            ],
            [
              288358.30330000352,
              298352.61680000089
            ],
            [
              288360.61050000321,
              298343.13760000095
            ],
            [
              288361.24080000073,
              298340.18070000038
            ],
            [
              288363.11840000283,
              298337.31849999912
            ],
            [
              288365.02200000081,
              298335.91010000184
            ],
            [
              288367.47350000031,
              298335.69209999964
            ],
            [
              288372.31520000007,
              298333.7806000039
            ],
            [
              288377.25140000042,
              298331.27119999938
            ],
            [
              288384.95470000058,
              298325.80330000073
            ],
            [
              288391.97589999903,
              298314.44160000235
            ],
            [
              288398.95480000228,
              298308.18549999967
            ],
            [
              288409.52110000141,
              298297.74200000055
            ],
            [
              288422.7806000011,
              298291.11030000448
            ],
            [
              288423.41350000165,
              298291.1165000014
            ],
            [
              288430.43940000143,
              298289.40890000202
            ],
            [
              288439.48720000219,
              298285.27500000224
            ],
            [
              288452.07999999914,
              298272.74950000085
            ],
            [
              288463.3011000026,
              298260.0989000015
            ],
            [
              288468.26230000239,
              298255.05070000514
            ],
            [
              288468.90620000102,
              298254.72229999863
            ],
            [
              288470.50410000142,
              298254.04220000282
            ],
            [
              288473.10179999936,
              298253.87050000392
            ],
            [
              288480.73880000133,
              298254.39180000126
            ],
            [
              288487.67200000398,
              298252.79500000179
            ],
            [
              288492.63770000078,
              298247.30040000007
            ],
            [
              288501.76500000246,
              298235.06650000066
            ],
            [
              288510.13410000037,
              298226.27570000105
            ],
            [
              288515.75669999979,
              298218.34150000103
            ],
            [
              288522.13210000191,
              298209.08479999937
            ],
            [
              288531.17240000237,
              298205.7322000023
            ],
            [
              288532.54520000331,
              298204.96440000087
            ],
            [
              288539.60920000076,
              298198.59759999998
            ],
            [
              288547.31160000339,
              298193.24159999937
            ],
            [
              288550.80769999977,
              298189.05330000073
            ],
            [
              288552.65419999976,
              298183.3505000025
            ],
            [
              288553.65870000143,
              298176.76720000245
            ],
            [
              288550.35870000161,
              298160.19810000062
            ],
            [
              288549.02610000223,
              298156.86470000073
            ],
            [
              288542.49620000087,
              298145.28680000454
            ],
            [
              288541.68140000012,
              298142.80020000227
            ],
            [
              288542.93690000102,
              298137.71989999898
            ],
            [
              288546.46140000131,
              298131.42070000432
            ],
            [
              288551.39769999962,
              298128.92080000229
            ],
            [
              288559.02620000113,
              298130.32560000196
            ],
            [
              288563.85030000098,
              298129.93590000458
            ],
            [
              288565.9682,
              298127.84540000372
            ],
            [
              288581.35580000095,
              298117.34710000455
            ],
            [
              288597.40380000416,
              298104.84630000405
            ],
            [
              288601.62000000384,
              298101.89290000126
            ],
            [
              288611.35990000051,
              298101.10490000248
            ],
            [
              288614.19360000081,
              298099.91430000216
            ],
            [
              288622.51280000061,
              298096.22000000067
            ],
            [
              288631.5446000034,
              298093.76029999927
            ],
            [
              288639.22419999912,
              298089.94789999723
            ],
            [
              288639.96070000343,
              298088.73679999821
            ],
            [
              288640.61010000017,
              298087.85030000284
            ],
            [
              288641.239500002,
              298084.9916999992
            ],
            [
              288642.11250000168,
              298083.2053999994
            ],
            [
              288643.11220000312,
              298083.01070000045
            ],
            [
              288659.45040000137,
              298078.38120000064
            ],
            [
              288678.28430000134,
              298068.80980000272
            ],
            [
              288699.25240000244,
              298055.47399999946
            ],
            [
              288712.52130000107,
              298047.94990000129
            ],
            [
              288718.08960000332,
              298046.33990000002
            ],
            [
              288724.38250000123,
              298044.73690000176
            ],
            [
              288731.3246000018,
              298042.25680000149
            ],
            [
              288734.77940000128,
              298042.29069999978
            ],
            [
              288736.88990000077,
              298040.97220000252
            ],
            [
              288740.35659999959,
              298039.78780000284
            ],
            [
              288750.17060000077,
              298032.22980000637
            ],
            [
              288759.97290000319,
              298025.10889999941
            ],
            [
              288762.08660000097,
              298023.46480000392
            ],
            [
              288763.46360000037,
              298022.25999999978
            ],
            [
              288766.32360000256,
              298017.62850000151
            ],
            [
              288768.47980000358,
              298011.66000000015
            ],
            [
              288771.97170000151,
              298007.91829999909
            ],
            [
              288775.44600000326,
              298006.7340000011
            ],
            [
              288781.29960000236,
              298005.60320000164
            ],
            [
              288783.73810000252,
              298005.03920000233
            ],
            [
              288784.69280000217,
              298004.04720000178
            ],
            [
              288787.32910000067,
              298001.30770000257
            ],
            [
              288787.97409999929,
              298000.08640000038
            ],
            [
              288792.18609999865,
              297997.57950000279
            ],
            [
              288796.61400000192,
              297992.07610000111
            ],
            [
              288797.80150000006,
              297991.19860000163
            ],
            [
              288798.52310000081,
              297988.95570000075
            ],
            [
              288792.40770000312,
              297975.05529999919
            ],
            [
              288788.88289999962,
              297967.76970000193
            ],
            [
              288789.03589999955,
              297965.81440000236
            ],
            [
              288789.45739999879,
              297964.18600000069
            ],
            [
              288793.29040000122,
              297958.97370000184
            ],
            [
              288810.67019999959,
              297949.93700000085
            ],
            [
              288812.13130000234,
              297949.50500000082
            ],
            [
              288829.45420000236,
              297946.23420000263
            ],
            [
              288834.38210000191,
              297944.61779999919
            ],
            [
              288838.64429999981,
              297937.00530000031
            ],
            [
              288839.31870000158,
              297932.79870000295
            ],
            [
              288845.70239999983,
              297922.7610000018
            ],
            [
              288857.7276999997,
              297902.12949999981
            ],
            [
              288860.54210000113,
              297893.60990000144
            ],
            [
              288867.51280000247,
              297888.24680000357
            ],
            [
              288873.48700000066,
              297882.54320000112
            ],
            [
              288874.92660000082,
              297881.5503000021
            ],
            [
              288875.22860000376,
              297880.51610000245
            ],
            [
              288875.80590000004,
              297879.06679999828
            ],
            [
              288877.39830000047,
              297873.47240000032
            ],
            [
              288885.06080000196,
              297871.43659999967
            ],
            [
              288894.18790000118,
              297859.32389999926
            ],
            [
              288894.94189999998,
              297856.33660000004
            ],
            [
              288897.83070000261,
              297840.27480000071
            ],
            [
              288898.05140000116,
              297817.86220000125
            ],
            [
              288898.38900000323,
              297813.79380000196
            ],
            [
              288899.64169999957,
              297810.21079999954
            ],
            [
              288903.11260000151,
              297803.48660000041
            ],
            [
              288907.44160000235,
              297788.33190000243
            ],
            [
              288909.54800000135,
              297778.14049999975
            ],
            [
              288909.62330000289,
              297770.48680000007
            ],
            [
              288911.19269999955,
              297759.07159999944
            ],
            [
              288911.83770000003,
              297757.85960000195
            ],
            [
              288921.09910000209,
              297741.41420000233
            ],
            [
              288926.00980000105,
              297733.02680000104
            ],
            [
              288935.79160000291,
              297728.02640000358
            ],
            [
              288944.95720000006,
              297712.02650000155
            ],
            [
              288945.70130000357,
              297710.81540000252
            ],
            [
              288955.52960000001,
              297691.817900002
            ],
            [
              288959.15460000373,
              297684.64560000226
            ],
            [
              288962.6969000008,
              297675.80760000087
            ],
            [
              288963.38800000399,
              297669.9271000009
            ],
            [
              288969.12390000094,
              297651.3450000044
            ],
            [
              288976.29580000043,
              297634.87900000252
            ],
            [
              288980.49520000257,
              297624.38270000182
            ],
            [
              288981.26130000409,
              297620.17699999735
            ],
            [
              288983.40140000265,
              297615.86410000175
            ],
            [
              288984.14230000041,
              297614.20649999939
            ],
            [
              288986.22690000106,
              297606.23770000227
            ],
            [
              288988.39210000355,
              297598.60460000299
            ],
            [
              288989.12710000016,
              297597.68820000067
            ],
            [
              288993.39120000321,
              297589.78100000136
            ],
            [
              289003.2519999994,
              297577.55480000377
            ],
            [
              289008.18050000351,
              297566.61920000054
            ]
          ]
        ]
      }
    },
    {
      "attributes" : {
        "FID" : 1,
        "PMNTN_SN" : 2284,
        "MNTN_CODE" : "488600701",
        "MNTN_NM" : "검무봉",
        "PMNTN_NM" : "오미리구간",
        "PMNTN_MAIN" : " ",
        "PMNTN_LT" : 1.2,
        "PMNTN_DFFL" : "쉬움",
        "PMNTN_UPPL" : 21,
        "PMNTN_GODN" : 15,
        "PMNTN_MTRQ" : " ",
        "PMNTN_CNRL" : " ",
        "PMNTN_CLS_" : " ",
        "PMNTN_RISK" : " ",
        "PMNTN_RECO" : " ",
        "DATA_STDR_" : "2016-12-31",
        "MNTN_ID" : "488600701"
      },
      "geometry" : {
        "paths" : [
          [
            [
              288255.68490000349,
              297912.64790000208
            ],
            [
              288257.56639999989,
              297906.37970000692
            ],
            [
              288259.32800000068,
              297905.60300000012
            ],
            [
              288261.27800000366,
              297904.16349999979
            ],
            [
              288286.89500000328,
              297900.39839999937
            ],
            [
              288289.31450000219,
              297898.96330000274
            ],
            [
              288289.5839999998,
              297897.27470000274
            ],
            [
              288290.96930000093,
              297883.0438000001
            ],
            [
              288292.6427000016,
              297863.33049999923
            ],
            [
              288294.31430000067,
              297861.4254999999
            ],
            [
              288296.77610000037,
              297860.58410000429
            ],
            [
              288313.07650000416,
              297859.94409999996
            ],
            [
              288316.63580000214,
              297858.64900000207
            ],
            [
              288320.80510000046,
              297851.14690000191
            ],
            [
              288322.33660000097,
              297843.50750000216
            ],
            [
              288324.5295000039,
              297832.98190000094
            ],
            [
              288326.00330000184,
              297821.90059999935
            ],
            [
              288322.96210000291,
              297811.84809999913
            ],
            [
              288324.47670000233,
              297811.03890000097
            ],
            [
              288326.03990000207,
              297811.47470000014
            ],
            [
              288330.27550000232,
              297813.36430000328
            ],
            [
              288335.35820000153,
              297816.89340000227
            ],
            [
              288341.61440000124,
              297817.31870000437
            ],
            [
              288343.59830000158,
              297816.34230000153
            ],
            [
              288344.58400000166,
              297814.09729999863
            ],
            [
              288342.08060000371,
              297806.4141000025
            ],
            [
              288341.49320000224,
              297801.74880000018
            ],
            [
              288345.03490000218,
              297792.90130000189
            ],
            [
              288347.85969999991,
              297783.27490000054
            ],
            [
              288345.65810000245,
              297776.90699999966
            ],
            [
              288345.79370000027,
              297775.59740000218
            ],
            [
              288346.23680000007,
              297773.36540000327
            ],
            [
              288348.73410000093,
              297767.97450000048
            ],
            [
              288351.583800002,
              297755.79980000108
            ],
            [
              288351.66750000324,
              297747.25330000371
            ],
            [
              288349.71050000004,
              297743.02089999989
            ],
            [
              288349.72250000201,
              297741.79340000264
            ],
            [
              288352.62019999977,
              297737.60770000331
            ],
            [
              288352.63779999968,
              297736.72790000029
            ],
            [
              288352.89990000147,
              297734.49120000377
            ],
            [
              288351.8619000027,
              297727.38899999857
            ],
            [
              288351.8955000015,
              297723.95740000159
            ],
            [
              288348.48520000186,
              297719.36660000682
            ],
            [
              288347.17430000007,
              297713.81050000153
            ],
            [
              288350.6997000007,
              297706.62780000269
            ],
            [
              288351.46440000366,
              297703.31490000151
            ],
            [
              288351.51010000054,
              297698.64640000276
            ],
            [
              288352.16810000315,
              297696.10450000316
            ],
            [
              288353.76470000204,
              297691.12330000103
            ],
            [
              288353.44760000333,
              297689.35019999929
            ],
            [
              288353.02370000258,
              297687.8228999991
            ],
            [
              288351.69400000013,
              297686.2658000011
            ],
            [
              288351.91440000292,
              297684.07130000181
            ],
            [
              288352.40050000045,
              297681.90770000219
            ],
            [
              288357.25769999996,
              297678.73410000093
            ],
            [
              288362.00940000173,
              297673.13670000061
            ],
            [
              288362.72420000378,
              297671.24890000373
            ],
            [
              288363.625,
              297669.55050000176
            ],
            [
              288364.25219999999,
              297665.2667000033
            ],
            [
              288365.22780000418,
              297664.44790000096
            ],
            [
              288373.40270000044,
              297655.59390000068
            ],
            [
              288375.54890000168,
              297650.62040000409
            ],
            [
              288376.91839999892,
              297650.18740000203
            ],
            [
              288393.06270000339,
              297637.25010000169
            ],
            [
              288404.93740000017,
              297632.70670000277
            ],
            [
              288420.27540000062,
              297617.98520000093
            ],
            [
              288433.70120000187,
              297594.48360000364
            ],
            [
              288435.17960000038,
              297592.28449999914
            ],
            [
              288438.80840000045,
              297574.56510000117
            ],
            [
              288443.0205000015,
              297572.04870000295
            ],
            [
              288450.02489999961,
              297563.24440000392
            ],
            [
              288464.06340000127,
              297551.17950000241
            ],
            [
              288482.24419999961,
              297534.37450000271
            ],
            [
              288494.16920000128,
              297524.7257000003
            ],
            [
              288501.84810000099,
              297521.03429999948
            ],
            [
              288505.97310000379,
              297518.07990000024
            ],
            [
              288514.37230000086,
              297515.60460000113
            ],
            [
              288519.20450000372,
              297514.43350000121
            ],
            [
              288526.88360000122,
              297510.73279999942
            ],
            [
              288531.79950000253,
              297510.34380000271
            ],
            [
              288538.66700000409,
              297515.50790000334
            ],
            [
              288540.02020000014,
              297516.74890000187
            ],
            [
              288543.47410000209,
              297517.66630000062
            ],
            [
              288548.60220000241,
              297520.55929999985
            ],
            [
              288549.90350000001,
              297520.47470000014
            ],
            [
              288551.10080000013,
              297519.30860000104
            ],
            [
              288551.20000000391,
              297509.19470000081
            ],
            [
              288554.09260000102,
              297502.01520000026
            ],
            [
              288554.11330000311,
              297499.90410000272
            ],
            [
              288553.12000000291,
              297495.72070000134
            ],
            [
              288553.00750000402,
              297494.30850000121
            ],
            [
              288554.52470000274,
              297493.41840000264
            ],
            [
              288557.64670000318,
              297491.51170000061
            ],
            [
              288558.75380000286,
              297489.60860000178
            ],
            [
              288564.9999000039,
              297467.35860000178
            ],
            [
              288564.95760000311,
              297465.98550000228
            ],
            [
              288564.23040000349,
              297460.7265000008
            ],
            [
              288562.19080000091,
              297455.60040000267
            ],
            [
              288561.78120000008,
              297452.89489999972
            ],
            [
              288563.59729999863,
              297451.4010000024
            ],
            [
              288567.78120000008,
              297450.99560000189
            ],
            [
              288572.63400000054,
              297448.49490000121
            ],
            [
              288573.69299999997,
              297444.36350000277
            ],
            [
              288574.05369999912,
              297442.95629999973
            ],
            [
              288576.02440000046,
              297444.08460000157
            ],
            [
              288580.25550000183,
              297450.67159999721
            ],
            [
              288584.95480000321,
              297463.0410999991
            ],
            [
              288588.4262000015,
              297471.50159999914
            ],
            [
              288588.38920000382,
              297475.27730000019
            ],
            [
              288591.72330000065,
              297487.62420000136
            ],
            [
              288592.32700000051,
              297490.6249000039
            ],
            [
              288593.75850000419,
              297493.19660000131
            ],
            [
              288594.39630000107,
              297493.79230000265
            ],
            [
              288596.07220000122,
              297493.58570000157
            ],
            [
              288607.56530000083,
              297496.21539999917
            ],
            [
              288623.55660000164,
              297498.14870000072
            ],
            [
              288629.11330000311,
              297497.75690000132
            ],
            [
              288639.4608000014,
              297500.40680000186
            ],
            [
              288644.98470000178,
              297503.3535999991
            ],
            [
              288652.60610000417,
              297505.53040000424
            ],
            [
              288658.15409999993,
              297506.03130000271
            ],
            [
              288675.51489999983,
              297508.31310000271
            ],
            [
              288678.24100000411,
              297508.77700000256
            ],
            [
              288681.77430000063,
              297510.15110000223
            ],
            [
              288696.27180000115,
              297516.61800000258
            ],
            [
              288697.62940000184,
              297517.40330000222
            ],
            [
              288717.10059999954,
              297517.59460000135
            ],
            [
              288743.46420000214,
              297520.41139999963
            ],
            [
              288746.91920000128,
              297520.44539999962
            ],
            [
              288761.43739999924,
              297524.80129999854
            ],
            [
              288771.1725000022,
              297524.56210000254
            ],
            [
              288774.63940000348,
              297524.14980000071
            ],
            [
              288779.46820000093,
              297523.31370000169
            ],
            [
              288789.70110000018,
              297519.3748000022
            ],
            [
              288790.70909999963,
              297519.01290000416
            ],
            [
              288792.3021999998,
              297519.51830000244
            ],
            [
              288796.37910000049,
              297522.55220000073
            ],
            [
              288814.79760000296,
              297530.43219999783
            ],
            [
              288833.38999999966,
              297533.20020000264
            ],
            [
              288835.45710000023,
              297532.75040000118
            ],
            [
              288838.31360000279,
              297531.11770000122
            ],
            [
              288841.95250000153,
              297526.47690000013
            ],
            [
              288861.49029999878,
              297519.90750000067
            ],
            [
              288878.1472000014,
              297520.07149999961
            ],
            [
              288879.51240000222,
              297520.08500000089
            ],
            [
              288901.71840000059,
              297519.85720000044
            ],
            [
              288908.62830000278,
              297519.92530000024
            ],
            [
              288914.19710000418,
              297518.315200001
            ],
            [
              288918.39279999956,
              297517.4729999993
            ],
            [
              288921.83910000138,
              297518.39050000161
            ],
            [
              288928.86460000183,
              297516.79499999993
            ],
            [
              288929.50519999955,
              297516.80129999854
            ],
            [
              288936.58170000091,
              297514.17310000025
            ],
            [
              288939.01840000227,
              297512.25500000268
            ],
            [
              288941.37700000219,
              297511.81210000068
            ],
            [
              288942.55000000168,
              297512.67830000259
            ],
            [
              288944.96030000318,
              297514.87810000032
            ],
            [
              288961.3227000013,
              297528.88010000437
            ],
            [
              288963.40260000154,
              297530.67699999921
            ],
            [
              288964.71430000104,
              297535.349700002
            ],
            [
              288970.18350000307,
              297543.8300000038
            ],
            [
              288975.06570000295,
              297546.8729000017
            ],
            [
              288981.16350000072,
              297556.58709999919
            ],
            [
              288981.88370000292,
              297557.0407000035
            ],
            [
              288985.28390000295,
              297563.39870000258
            ],
            [
              288992.89190000203,
              297566.91500000283
            ],
            [
              288994.97450000048,
              297567.52439999953
            ],
            [
              288997.09600000083,
              297567.62620000355
            ],
            [
              289008.18050000351,
              297566.61920000054
            ]
          ]
        ]
      }
    },
    {
      "attributes" : {
        "FID" : 2,
        "PMNTN_SN" : 2285,
        "MNTN_CODE" : "488600701",
        "MNTN_NM" : "검무봉",
        "PMNTN_NM" : "오미리구간",
        "PMNTN_MAIN" : " ",
        "PMNTN_LT" : 0.16,
        "PMNTN_DFFL" : "쉬움",
        "PMNTN_UPPL" : 3,
        "PMNTN_GODN" : 2,
        "PMNTN_MTRQ" : " ",
        "PMNTN_CNRL" : " ",
        "PMNTN_CLS_" : " ",
        "PMNTN_RISK" : " ",
        "PMNTN_RECO" : " ",
        "DATA_STDR_" : "2016-12-31",
        "MNTN_ID" : "488600701"
      },
      "geometry" : {
        "paths" : [
          [
            [
              289008.18050000351,
              297566.61920000054
            ],
            [
              289021.36600000318,
              297567.64210000262
            ],
            [
              289031.10100000259,
              297568.17530000024
            ],
            [
              289047.74690000247,
              297568.67430000007
            ],
            [
              289059.56730000023,
              297569.6838000007
            ],
            [
              289078.9338000007,
              297571.20490000397
            ],
            [
              289087.29150000028,
              297572.95210000128
            ],
            [
              289097.62680000067,
              297576.82090000436
            ],
            [
              289101.85280000232,
              297578.36140000075
            ],
            [
              289103.88720000256,
              297578.54759999923
            ],
            [
              289106.28680000361,
              297577.81629999913
            ],
            [
              289110.09320000093,
              297576.94449999928
            ],
            [
              289119.86550000124,
              297573.27359999903
            ],
            [
              289121.97170000058,
              297571.62970000133
            ],
            [
              289125.48570000287,
              297565.67460000329
            ],
            [
              289128.32409999985,
              297564.03790000267
            ],
            [
              289140.92310000211,
              297551.06689999998
            ],
            [
              289150.74700000044,
              297541.84460000135
            ]
          ]
        ]
      }
    }
  ]
}