{
  "displayFieldName" : "",
  "fieldAliases" : {
    "FID" : "FID",
    "SAFE_SPOT1" : "SAFE_SPOT1",
    "SAFE_SPOT2" : "SAFE_SPOT2",
    "SAFE_SPOT3" : "SAFE_SPOT3",
    "MGC" : "MGC",
    "ETC_MATTER" : "ETC_MATTER",
    "MNTN_NM" : "MNTN_NM"
  },
  "geometryType" : "esriGeometryPoint",
  "spatialReference" : {
    "wkt" : "PROJCS[\"PCS_ITRF2000_TM\",GEOGCS[\"GCS_ITRF_2000\",DATUM[\"D_ITRF_2000\",SPHEROID[\"GRS_1980\",6378137.0,298.257222101]],PRIMEM[\"Greenwich\",0.0],UNIT[\"Degree\",0.0174532925199433]],PROJECTION[\"Transverse_Mercator\"],PARAMETER[\"False_Easting\",200000.0],PARAMETER[\"False_Northing\",600000.0],PARAMETER[\"Central_Meridian\",127.0],PARAMETER[\"Scale_Factor\",1.0],PARAMETER[\"Latitude_Of_Origin\",38.0],UNIT[\"Meter\",1.0]]"
  },
  "fields" : [
    {
      "name" : "FID",
      "type" : "esriFieldTypeOID",
      "alias" : "FID"
    },
    {
      "name" : "SAFE_SPOT1",
      "type" : "esriFieldTypeDouble",
      "alias" : "SAFE_SPOT1"
    },
    {
      "name" : "SAFE_SPOT2",
      "type" : "esriFieldTypeString",
      "alias" : "SAFE_SPOT2",
      "length" : 50
    },
    {
      "name" : "SAFE_SPOT3",
      "type" : "esriFieldTypeString",
      "alias" : "SAFE_SPOT3",
      "length" : 50
    },
    {
      "name" : "MGC",
      "type" : "esriFieldTypeString",
      "alias" : "MGC",
      "length" : 50
    },
    {
      "name" : "ETC_MATTER",
      "type" : "esriFieldTypeString",
      "alias" : "ETC_MATTER",
      "length" : 200
    },
    {
      "name" : "MNTN_NM",
      "type" : "esriFieldTypeString",
      "alias" : "MNTN_NM",
      "length" : 50
    }
  ],
  "features" : [
    {
      "attributes" : {
        "FID" : 0,
        "SAFE_SPOT1" : 5565,
        "SAFE_SPOT2" : "우두령 이정표",
        "SAFE_SPOT3" : " ",
        "MGC" : "거창군",
        "ETC_MATTER" : "수도산 5.8km, 거말산 1.3km",
        "MNTN_NM" : "거말산"
      },
      "geometry" : {
        "x" : 284724.50499999896,
        "y" : 362337.34869999997
      }
    },
    {
      "attributes" : {
        "FID" : 1,
        "SAFE_SPOT1" : 5566,
        "SAFE_SPOT2" : "갈림길 이정표",
        "SAFE_SPOT3" : " ",
        "MGC" : "거창군",
        "ETC_MATTER" : "거말산 정상 740m, 우두령 660m",
        "MNTN_NM" : "거말산"
      },
      "geometry" : {
        "x" : 284231.72490000073,
        "y" : 362434.36050000228
      }
    },
    {
      "attributes" : {
        "FID" : 2,
        "SAFE_SPOT1" : 5567,
        "SAFE_SPOT2" : "갈림길 이정표",
        "SAFE_SPOT3" : " ",
        "MGC" : "거창군",
        "ETC_MATTER" : "거말산 정상 70m, 배티고개 2.9km, 우두령 1.3km",
        "MNTN_NM" : "거말산"
      },
      "geometry" : {
        "x" : 283654.57830000017,
        "y" : 362431.95930000022
      }
    },
    {
      "attributes" : {
        "FID" : 3,
        "SAFE_SPOT1" : 5568,
        "SAFE_SPOT2" : "이정표",
        "SAFE_SPOT3" : " ",
        "MGC" : "거창군",
        "ETC_MATTER" : "배티고개 2.6km",
        "MNTN_NM" : "거말산"
      },
      "geometry" : {
        "x" : 283613.84759999998,
        "y" : 362493.22420000099
      }
    },
    {
      "attributes" : {
        "FID" : 4,
        "SAFE_SPOT1" : 5569,
        "SAFE_SPOT2" : "갈림길 이정표",
        "SAFE_SPOT3" : " ",
        "MGC" : "거창군",
        "ETC_MATTER" : "배티고개 방향",
        "MNTN_NM" : "거말산"
      },
      "geometry" : {
        "x" : 283754.18280000053,
        "y" : 362778.14590000175
      }
    },
    {
      "attributes" : {
        "FID" : 5,
        "SAFE_SPOT1" : 5570,
        "SAFE_SPOT2" : "목림이고개 이정표",
        "SAFE_SPOT3" : " ",
        "MGC" : "거창군",
        "ETC_MATTER" : "거말산 정상 1.0km, 배티고개 2.0km",
        "MNTN_NM" : "거말산"
      },
      "geometry" : {
        "x" : 284042.43690000009,
        "y" : 362811.70879999921
      }
    },
    {
      "attributes" : {
        "FID" : 6,
        "SAFE_SPOT1" : 5571,
        "SAFE_SPOT2" : "배티고개 이정표",
        "SAFE_SPOT3" : " ",
        "MGC" : "거창군",
        "ETC_MATTER" : "거말산 정상 3.0km, 국사봉",
        "MNTN_NM" : "거말산"
      },
      "geometry" : {
        "x" : 283809.16800000053,
        "y" : 364387.74860000052
      }
    }
  ]
}