{
  "displayFieldName" : "",
  "fieldAliases" : {
    "FID" : "FID",
    "PMNTN_SN" : "PMNTN_SN",
    "MNTN_CODE" : "MNTN_CODE",
    "MNTN_NM" : "MNTN_NM",
    "PMNTN_NM" : "PMNTN_NM",
    "PMNTN_MAIN" : "PMNTN_MAIN",
    "PMNTN_LT" : "PMNTN_LT",
    "PMNTN_DFFL" : "PMNTN_DFFL",
    "PMNTN_UPPL" : "PMNTN_UPPL",
    "PMNTN_GODN" : "PMNTN_GODN",
    "PMNTN_MTRQ" : "PMNTN_MTRQ",
    "PMNTN_CNRL" : "PMNTN_CNRL",
    "PMNTN_CLS_" : "PMNTN_CLS_",
    "PMNTN_RISK" : "PMNTN_RISK",
    "PMNTN_RECO" : "PMNTN_RECO",
    "DATA_STDR_" : "DATA_STDR_",
    "MNTN_ID" : "MNTN_ID"
  },
  "geometryType" : "esriGeometryPolyline",
  "spatialReference" : {
    "wkt" : "PROJCS[\"PCS_ITRF2000_TM\",GEOGCS[\"GCS_ITRF_2000\",DATUM[\"D_ITRF_2000\",SPHEROID[\"GRS_1980\",6378137.0,298.257222101]],PRIMEM[\"Greenwich\",0.0],UNIT[\"Degree\",0.0174532925199433]],PROJECTION[\"Transverse_Mercator\"],PARAMETER[\"False_Easting\",200000.0],PARAMETER[\"False_Northing\",600000.0],PARAMETER[\"Central_Meridian\",127.0],PARAMETER[\"Scale_Factor\",1.0],PARAMETER[\"Latitude_Of_Origin\",38.0],UNIT[\"Meter\",1.0]]"
  },
  "fields" : [
    {
      "name" : "FID",
      "type" : "esriFieldTypeOID",
      "alias" : "FID"
    },
    {
      "name" : "PMNTN_SN",
      "type" : "esriFieldTypeDouble",
      "alias" : "PMNTN_SN"
    },
    {
      "name" : "MNTN_CODE",
      "type" : "esriFieldTypeString",
      "alias" : "MNTN_CODE",
      "length" : 9
    },
    {
      "name" : "MNTN_NM",
      "type" : "esriFieldTypeString",
      "alias" : "MNTN_NM",
      "length" : 50
    },
    {
      "name" : "PMNTN_NM",
      "type" : "esriFieldTypeString",
      "alias" : "PMNTN_NM",
      "length" : 50
    },
    {
      "name" : "PMNTN_MAIN",
      "type" : "esriFieldTypeString",
      "alias" : "PMNTN_MAIN",
      "length" : 200
    },
    {
      "name" : "PMNTN_LT",
      "type" : "esriFieldTypeSingle",
      "alias" : "PMNTN_LT"
    },
    {
      "name" : "PMNTN_DFFL",
      "type" : "esriFieldTypeString",
      "alias" : "PMNTN_DFFL",
      "length" : 8
    },
    {
      "name" : "PMNTN_UPPL",
      "type" : "esriFieldTypeDouble",
      "alias" : "PMNTN_UPPL"
    },
    {
      "name" : "PMNTN_GODN",
      "type" : "esriFieldTypeDouble",
      "alias" : "PMNTN_GODN"
    },
    {
      "name" : "PMNTN_MTRQ",
      "type" : "esriFieldTypeString",
      "alias" : "PMNTN_MTRQ",
      "length" : 200
    },
    {
      "name" : "PMNTN_CNRL",
      "type" : "esriFieldTypeString",
      "alias" : "PMNTN_CNRL",
      "length" : 1
    },
    {
      "name" : "PMNTN_CLS_",
      "type" : "esriFieldTypeString",
      "alias" : "PMNTN_CLS_",
      "length" : 1
    },
    {
      "name" : "PMNTN_RISK",
      "type" : "esriFieldTypeString",
      "alias" : "PMNTN_RISK",
      "length" : 200
    },
    {
      "name" : "PMNTN_RECO",
      "type" : "esriFieldTypeString",
      "alias" : "PMNTN_RECO",
      "length" : 1
    },
    {
      "name" : "DATA_STDR_",
      "type" : "esriFieldTypeString",
      "alias" : "DATA_STDR_",
      "length" : 10
    },
    {
      "name" : "MNTN_ID",
      "type" : "esriFieldTypeString",
      "alias" : "MNTN_ID",
      "length" : 10
    }
  ],
  "features" : [
    {
      "attributes" : {
        "FID" : 0,
        "PMNTN_SN" : 31899,
        "MNTN_CODE" : "468300901",
        "MNTN_NM" : "성묘산",
        "PMNTN_NM" : "마산리구간",
        "PMNTN_MAIN" : " ",
        "PMNTN_LT" : 1.16,
        "PMNTN_DFFL" : "쉬움",
        "PMNTN_UPPL" : 20,
        "PMNTN_GODN" : 14,
        "PMNTN_MTRQ" : "토사",
        "PMNTN_CNRL" : " ",
        "PMNTN_CLS_" : " ",
        "PMNTN_RISK" : " ",
        "PMNTN_RECO" : "Y",
        "DATA_STDR_" : "2016-12-31",
        "MNTN_ID" : "468300901"
      },
      "geometry" : {
        "paths" : [
          [
            [
              168951.65930000041,
              245235.81479999982
            ],
            [
              168950.40519999992,
              245236.76730000041
            ],
            [
              168947.99949999992,
              245240.22430000082
            ],
            [
              168945.95370000135,
              245243.21199999936
            ],
            [
              168942.10580000002,
              245247.11340000108
            ],
            [
              168939.64639999997,
              245251.84840000048
            ],
            [
              168937.25780000258,
              245255.44349999912
            ],
            [
              168934.02020000014,
              245258.59880000353
            ],
            [
              168932.9626999991,
              245263.82430000231
            ],
            [
              168932.96500000078,
              245270.24410000257
            ],
            [
              168936.00650000013,
              245275.71860000119
            ],
            [
              168937.85560000222,
              245281.81709999964
            ],
            [
              168939.77800000366,
              245287.62940000184
            ],
            [
              168941.29530000314,
              245294.51860000193
            ],
            [
              168940.89950000308,
              245301.45140000246
            ],
            [
              168939.59800000116,
              245307.54340000451
            ],
            [
              168937.09460000321,
              245311.98540000431
            ],
            [
              168934.42300000414,
              245317.02240000106
            ],
            [
              168932.57590000052,
              245321.1838000007
            ],
            [
              168929.56030000094,
              245326.03979999945
            ],
            [
              168927.26540000271,
              245332.35559999943
            ],
            [
              168924.80540000089,
              245337.43349999934
            ],
            [
              168923.73340000119,
              245344.51979999989
            ],
            [
              168921.61170000117,
              245350.91660000198
            ],
            [
              168916.52930000238,
              245355.03779999912
            ],
            [
              168910.88790000044,
              245358.67400000058
            ],
            [
              168908.02840000391,
              245362.61990000121
            ],
            [
              168904.01640000101,
              245365.08420000039
            ],
            [
              168899.95480000135,
              245369.51590000093
            ],
            [
              168897.39850000106,
              245373.41480000131
            ],
            [
              168891.95210000034,
              245375.74780000001
            ],
            [
              168888.3889000034,
              245377.53460000269
            ],
            [
              168885.43759999983,
              245382.2415000014
            ],
            [
              168881.83250000235,
              245385.16600000113
            ],
            [
              168878.04959999956,
              245388.67850000039
            ],
            [
              168873.84210000001,
              245392.29099999741
            ],
            [
              168870.62640000042,
              245396.05350000225
            ],
            [
              168868.62820000108,
              245401.33970000222
            ],
            [
              168866.41510000173,
              245407.10989999957
            ],
            [
              168864.75510000065,
              245412.85120000131
            ],
            [
              168861.54509999976,
              245417.85470000468
            ],
            [
              168858.77720000409,
              245423.29020000063
            ],
            [
              168855.8431000039,
              245428.97670000419
            ],
            [
              168852.96760000288,
              245434.59960000217
            ],
            [
              168851.05410000123,
              245440.71690000035
            ],
            [
              168848.83350000065,
              245446.1472000014
            ],
            [
              168848.30030000117,
              245451.33170000091
            ],
            [
              168846.63640000019,
              245457.2453000024
            ],
            [
              168846.11660000402,
              245462.53910000436
            ],
            [
              168844.94800000079,
              245468.03530000336
            ],
            [
              168846.45520000253,
              245473.60539999977
            ],
            [
              168846.44350000005,
              245477.9701000005
            ],
            [
              168847.01770000346,
              245483.77620000206
            ],
            [
              168847.16240000073,
              245488.98050000146
            ],
            [
              168847.86640000157,
              245494.79470000416
            ],
            [
              168847.93829999957,
              245501.38829999976
            ],
            [
              168847.60319999978,
              245507.10670000128
            ],
            [
              168847.66110000107,
              245513.13419999927
            ],
            [
              168846.94570000004,
              245518.7957000006
            ],
            [
              168846.95980000123,
              245524.29979999922
            ],
            [
              168847.42690000217,
              245529.88410000317
            ],
            [
              168847.59539999999,
              245535.38220000267
            ],
            [
              168848.01390000246,
              245540.1286000032
            ],
            [
              168849.85330000054,
              245544.89890000038
            ],
            [
              168851.78300000075,
              245548.80880000256
            ],
            [
              168853.36020000093,
              245554.06800000183
            ],
            [
              168853.43610000052,
              245560.66390000097
            ],
            [
              168854.09289999958,
              245566.37240000255
            ],
            [
              168856.24780000094,
              245572.24200000055
            ],
            [
              168857.40350000095,
              245577.92850000225
            ],
            [
              168860.13320000004,
              245583.694000002
            ],
            [
              168860.89860000089,
              245589.87200000137
            ],
            [
              168861.43350000307,
              245595.88790000044
            ],
            [
              168860.62179999985,
              245602.67730000056
            ],
            [
              168861.24430000037,
              245608.90750000253
            ],
            [
              168863.89950000122,
              245614.25820000097
            ],
            [
              168864.63129999954,
              245621.55650000088
            ],
            [
              168867.5205000015,
              245627.2126000002
            ],
            [
              168867.53860000242,
              245633.00970000215
            ],
            [
              168868.95500000101,
              245639.00170000084
            ],
            [
              168871.51530000009,
              245644.94380000234
            ],
            [
              168873.18520000204,
              245651.05370000191
            ],
            [
              168874.94190000091,
              245656.76400000229
            ],
            [
              168876.68810000177,
              245663.44859999977
            ],
            [
              168877.98770000134,
              245669.20990000106
            ],
            [
              168880.46649999917,
              245675.62719999999
            ],
            [
              168879.95510000177,
              245680.13160000183
            ],
            [
              168880.941300001,
              245686.70219999924
            ],
            [
              168881.62730000075,
              245692.1668999996
            ],
            [
              168882.70830000099,
              245698.42750000209
            ],
            [
              168883.62770000007,
              245704.68480000272
            ],
            [
              168885.01970000099,
              245710.81210000254
            ],
            [
              168889.07660000026,
              245715.12629999965
            ],
            [
              168892.73840000108,
              245719.21959999949
            ],
            [
              168896.2826000005,
              245724.63910000026
            ],
            [
              168899.4755000025,
              245728.73469999991
            ],
            [
              168900.29230000358,
              245734.08800000139
            ],
            [
              168905.70210000407,
              245736.78499999829
            ],
            [
              168909.39760000259,
              245741.7818
            ],
            [
              168911.19900000002,
              245743.23280000128
            ],
            [
              168912.87660000101,
              245744.62350000255
            ],
            [
              168915.31840000302,
              245748.19490000047
            ],
            [
              168918.34630000405,
              245751.68630000018
            ],
            [
              168919.42540000193,
              245757.63639999926
            ],
            [
              168918.39049999975,
              245762.85030000098
            ],
            [
              168918.44860000163,
              245768.99740000255
            ],
            [
              168921.00150000025,
              245774.75530000031
            ],
            [
              168921.80170000065,
              245781.92689999938
            ],
            [
              168919.92239999957,
              245788.18230000138
            ],
            [
              168918.89979999978,
              245794.37739999965
            ],
            [
              168919.83390000276,
              245799.0295000039
            ],
            [
              168920.69890000019,
              245805.55810000375
            ],
            [
              168918.98390000034,
              245812.63010000251
            ],
            [
              168915.47349999938,
              245816.60800000653
            ],
            [
              168910.4356000023,
              245822.73430000432
            ],
            [
              168905.45490000118,
              245824.49650000222
            ],
            [
              168900.87680000067,
              245831.27830000035
            ],
            [
              168899.9670000039,
              245832.88289999962
            ],
            [
              168898.79980000108,
              245836.96560000256
            ],
            [
              168893.80219999887,
              245841.54670000263
            ],
            [
              168890.15920000058,
              245845.01810000278
            ],
            [
              168886.99710000213,
              245849.78099999949
            ],
            [
              168884.39070000406,
              245855.15940000303
            ],
            [
              168880.38280000072,
              245859.42620000057
            ],
            [
              168876.14099999983,
              245863.10920000076
            ],
            [
              168872.52249999996,
              245867.54080000147
            ],
            [
              168868.53740000073,
              245871.85850000195
            ],
            [
              168864.62090000045,
              245875.47630000301
            ],
            [
              168860.95249999966,
              245879.94510000199
            ],
            [
              168856.52969999984,
              245883.74069999903
            ],
            [
              168852.24990000017,
              245891.94490000047
            ],
            [
              168850.76880000066,
              245897.92890000157
            ],
            [
              168849.67349999957,
              245900.21470000222
            ],
            [
              168844.4514999995,
              245904.68249999918
            ],
            [
              168839.85340000223,
              245908.87660000101
            ],
            [
              168835.15110000037,
              245912.10920000263
            ],
            [
              168830.74850000255,
              245915.72230000235
            ],
            [
              168828.20500000194,
              245918.23850000091
            ],
            [
              168824.8180999998,
              245924.09240000136
            ],
            [
              168820.27370000351,
              245928.2098000031
            ],
            [
              168815.63960000221,
              245931.75210000016
            ],
            [
              168810.21389999986,
              245933.66310000233
            ],
            [
              168805.05380000081,
              245935.96980000287
            ],
            [
              168800.07540000137,
              245938.31689999998
            ],
            [
              168796.30140000116,
              245942.83420000225
            ],
            [
              168791.80290000048,
              245945.13840000145
            ],
            [
              168788.82650000136,
              245949.02930000611
            ],
            [
              168785.96610000357,
              245951.76460000128
            ],
            [
              168782.38140000217,
              245955.22839999944
            ],
            [
              168782.28230000008,
              245955.53319999948
            ],
            [
              168782.00710000005,
              245955.69650000148
            ],
            [
              168780.17370000016,
              245957.45390000194
            ],
            [
              168777.10919999983,
              245960.87360000052
            ],
            [
              168773.60420000087,
              245965.40980000235
            ],
            [
              168773.29119999986,
              245969.26300000213
            ],
            [
              168770.75429999921,
              245973.64960000105
            ],
            [
              168768.51170000341,
              245978.62460000068
            ],
            [
              168766.63970000297,
              245983.62749999948
            ],
            [
              168764.03420000058,
              245987.63620000146
            ],
            [
              168764.32790000085,
              245993.83260000125
            ],
            [
              168763.4495000001,
              246000.27960000001
            ],
            [
              168761.83370000124,
              246006.79230000824
            ],
            [
              168758.70089999959,
              246010.30590000004
            ],
            [
              168756.11710000224,
              246016.09010000154
            ],
            [
              168752.51780000143,
              246025.02820000052
            ],
            [
              168748.94940000214,
              246028.32830000482
            ],
            [
              168745.01330000069,
              246033.17050000094
            ],
            [
              168742.01489999983,
              246036.74370000139
            ],
            [
              168735.46140000131,
              246040.5735000018
            ],
            [
              168730.13350000139,
              246043.5800999999
            ],
            [
              168726.86650000047,
              246047.87429999933
            ],
            [
              168724.94149999972,
              246050.20189999975
            ],
            [
              168723.22970000096,
              246057.39210000075
            ],
            [
              168721.10770000238,
              246063.14629999921
            ],
            [
              168718.89740000013,
              246066.73770000227
            ],
            [
              168714.8543000007,
              246070.33490000106
            ],
            [
              168711.15180000104,
              246070.46060000174
            ],
            [
              168705.18040000275,
              246071.47870000079
            ],
            [
              168701.66290000081,
              246074.80510000139
            ],
            [
              168697.78409999982,
              246076.2706000004
            ],
            [
              168695.71549999993,
              246079.07400000095
            ],
            [
              168691.3747000033,
              246081.378800001
            ],
            [
              168687.81840000115,
              246079.83160000108
            ],
            [
              168684.36990000121,
              246076.40869999863
            ],
            [
              168682.1734000016,
              246070.76990000159
            ],
            [
              168680.66940000188,
              246066.66890000179
            ],
            [
              168679.0353000015,
              246062.22870000266
            ],
            [
              168677.66979999933,
              246059.75570000149
            ],
            [
              168676.67560000159,
              246055.47839999944
            ],
            [
              168676.55130000133,
              246052.36420000158
            ],
            [
              168673.24380000029,
              246047.62510000169
            ],
            [
              168672.62480000034,
              246042.99000000209
            ],
            [
              168671.66150000133,
              246039.3591000028
            ],
            [
              168669.4598999992,
              246035.53150000237
            ],
            [
              168668.01360000018,
              246031.05660000071
            ],
            [
              168667.77890000027,
              246026.61020000093
            ],
            [
              168667.77880000323,
              246023.37720000185
            ],
            [
              168667.2992000021,
              246019.93990000151
            ],
            [
              168667.51710000169,
              246014.68170000426
            ],
            [
              168664.97490000259,
              246012.73389999941
            ],
            [
              168662.50860000309,
              246011.53160000034
            ],
            [
              168663.07459999993,
              246007.67590000108
            ],
            [
              168664.57280000113,
              246003.67510000058
            ],
            [
              168664.45130000263,
              245999.63240000233
            ],
            [
              168663.87370000128,
              245996.30519999936
            ],
            [
              168662.8032999998,
              245990.73770000227
            ],
            [
              168660.89420000091,
              245987.41800000146
            ],
            [
              168658.98529999983,
              245984.08579999954
            ],
            [
              168658.03280000016,
              245979.74410000257
            ],
            [
              168655.31060000043,
              245976.7416999992
            ],
            [
              168649.67190000135,
              245976.8870000001
            ],
            [
              168644.82750000246,
              245978.64399999939
            ],
            [
              168636.78210000135,
              245981.58420000039
            ],
            [
              168623.88069999963,
              245984.61310000159
            ]
          ]
        ]
      }
    },
    {
      "attributes" : {
        "FID" : 1,
        "PMNTN_SN" : 31900,
        "MNTN_CODE" : "468300901",
        "MNTN_NM" : "성묘산",
        "PMNTN_NM" : "마산리구간",
        "PMNTN_MAIN" : " ",
        "PMNTN_LT" : 0.42,
        "PMNTN_DFFL" : "쉬움",
        "PMNTN_UPPL" : 7,
        "PMNTN_GODN" : 5,
        "PMNTN_MTRQ" : "토사",
        "PMNTN_CNRL" : " ",
        "PMNTN_CLS_" : " ",
        "PMNTN_RISK" : " ",
        "PMNTN_RECO" : "Y",
        "DATA_STDR_" : "2016-12-31",
        "MNTN_ID" : "468300901"
      },
      "geometry" : {
        "paths" : [
          [
            [
              168951.65930000041,
              245235.81479999982
            ],
            [
              168952.04400000069,
              245236.61499999836
            ],
            [
              168953.45030000061,
              245238.25689999945
            ],
            [
              168954.19479999971,
              245241.21560000069
            ],
            [
              168956.33500000369,
              245246.75910000131
            ],
            [
              168959.90560000297,
              245250.50439999998
            ],
            [
              168963.64410000108,
              245254.49670000188
            ],
            [
              168968.9011000013,
              245257.54570000246
            ],
            [
              168974.8432,
              245259.87450000271
            ],
            [
              168980.67520000041,
              245263.66650000028
            ],
            [
              168984.2647000039,
              245265.41990000382
            ],
            [
              168986.84380000085,
              245266.75380000286
            ],
            [
              168990.39240000024,
              245268.33390000276
            ],
            [
              168992.85360000096,
              245267.84770000167
            ],
            [
              168995.77070000395,
              245267.83430000208
            ],
            [
              168999.07040000055,
              245265.06990000047
            ],
            [
              169002.77600000054,
              245262.77559999749
            ],
            [
              169005.41039999947,
              245257.70010000095
            ],
            [
              169006.81290000118,
              245254.13030000031
            ],
            [
              169008.99330000021,
              245250.12200000323
            ],
            [
              169011.85300000198,
              245246.27150000259
            ],
            [
              169016.09379999992,
              245242.60780000128
            ],
            [
              169018.97770000342,
              245237.70270000026
            ],
            [
              169021.91210000031,
              245234.12890000083
            ],
            [
              169024.88219999988,
              245229.95460000075
            ],
            [
              169027.3992999997,
              245227.19620000198
            ],
            [
              169030.3701000018,
              245223.74080000073
            ],
            [
              169033.0504999999,
              245218.80900000222
            ],
            [
              169035.28680000082,
              245214.76270000264
            ],
            [
              169039.44610000215,
              245209.85360000096
            ],
            [
              169043.18120000046,
              245205.69310000166
            ],
            [
              169046.6696000034,
              245201.69490000233
            ],
            [
              169051.4896000037,
              245197.56709999964
            ],
            [
              169055.17420000024,
              245192.33410000056
            ],
            [
              169058.9598000003,
              245187.66919999942
            ],
            [
              169063.03350000177,
              245184.43229999952
            ],
            [
              169066.30659999978,
              245181.35080000199
            ],
            [
              169069.84389999975,
              245179.50620000251
            ],
            [
              169073.04600000009,
              245177.26400000043
            ],
            [
              169077.41610000003,
              245173.91210000031
            ],
            [
              169081.53420000058,
              245169.94120000303
            ],
            [
              169085.35099999979,
              245166.18020000122
            ],
            [
              169089.99270000029,
              245164.4550999999
            ],
            [
              169094.19969999976,
              245165.4860999994
            ],
            [
              169098.283400001,
              245163.98260000162
            ],
            [
              169101.97920000087,
              245161.68310000189
            ],
            [
              169106.33069999982,
              245158.77329999954
            ],
            [
              169111.32330000121,
              245156.46969999932
            ],
            [
              169116.21980000101,
              245155.00200000219
            ],
            [
              169121.09070000052,
              245152.97680000402
            ],
            [
              169126.27840000298,
              245150.44559999928
            ],
            [
              169130.37660000101,
              245147.29510000162
            ],
            [
              169134.66010000091,
              245142.6967999991
            ],
            [
              169137.65660000127,
              245135.68370000273
            ],
            [
              169139.67440000083,
              245130.4355999995
            ],
            [
              169142.32230000198,
              245124.90250000358
            ],
            [
              169145.25829999987,
              245120.49750000238
            ],
            [
              169147.93670000229,
              245116.39330000058
            ],
            [
              169149.9012000002,
              245111.90919999965
            ],
            [
              169151.25889999978,
              245107.04069999978
            ],
            [
              169152.0477,
              245099.97430000082
            ],
            [
              169152.4495000029,
              245093.61240000278
            ],
            [
              169152.57520000171,
              245087.73790000007
            ],
            [
              169152.211500003,
              245079.91720000282
            ],
            [
              169152.70459999982,
              245074.05780000053
            ],
            [
              169155.90330000129,
              245067.10139999911
            ],
            [
              169158.39520000014,
              245062.09410000034
            ],
            [
              169161.27690000087,
              245057.68750000186
            ],
            [
              169163.69770000037,
              245052.63560000062
            ],
            [
              169166.11790000089,
              245046.64130000025
            ],
            [
              169167.35560000036,
              245041.04810000025
            ],
            [
              169169.34690000024,
              245036.03089999966
            ],
            [
              169170.90240000095,
              245030.65240000002
            ],
            [
              169171.99980000407,
              245025.03529999778
            ],
            [
              169172.54140000045,
              245018.62549999729
            ],
            [
              169171.5055000009,
              245016.03350000083
            ],
            [
              169168.45040000323,
              245014.65080000088
            ],
            [
              169161.71970000025,
              245013.99040000327
            ],
            [
              169155.3872000007,
              245013.75050000101
            ],
            [
              169150.64320000261,
              245015.34119999781
            ],
            [
              169147.72730000038,
              245019.65929999948
            ],
            [
              169145.64489999972,
              245023.75850000232
            ],
            [
              169140.27940000221,
              245021.54850000143
            ]
          ]
        ]
      }
    },
    {
      "attributes" : {
        "FID" : 2,
        "PMNTN_SN" : 31901,
        "MNTN_CODE" : "468300901",
        "MNTN_NM" : "성묘산",
        "PMNTN_NM" : "마산리구간",
        "PMNTN_MAIN" : " ",
        "PMNTN_LT" : 0.73,
        "PMNTN_DFFL" : "쉬움",
        "PMNTN_UPPL" : 13,
        "PMNTN_GODN" : 9,
        "PMNTN_MTRQ" : "토사",
        "PMNTN_CNRL" : " ",
        "PMNTN_CLS_" : " ",
        "PMNTN_RISK" : " ",
        "PMNTN_RECO" : "Y",
        "DATA_STDR_" : "2016-12-31",
        "MNTN_ID" : "468300901"
      },
      "geometry" : {
        "paths" : [
          [
            [
              168989.38810000382,
              244565.02290000208
            ],
            [
              168992.97830000333,
              244568.66579999961
            ],
            [
              168990.85369999986,
              244571.81500000134
            ],
            [
              168987.29960000236,
              244578.6428999994
            ],
            [
              168985.01570000034,
              244584.47850000113
            ],
            [
              168982.12260000035,
              244587.70760000125
            ],
            [
              168981.26480000094,
              244591.37570000254
            ],
            [
              168980.4458999997,
              244594.82300000079
            ],
            [
              168980.14120000321,
              244598.75290000252
            ],
            [
              168979.54110000096,
              244602.81700000167
            ],
            [
              168978.3208000036,
              244606.69120000117
            ],
            [
              168977.74100000132,
              244610.94469999894
            ],
            [
              168977.55790000129,
              244614.7378000021
            ],
            [
              168977.00480000023,
              244618.13250000402
            ],
            [
              168976.45889999904,
              244621.57820000127
            ],
            [
              168975.79450000077,
              244625.45860000327
            ],
            [
              168974.42290000059,
              244629.6286999993
            ],
            [
              168975.94950000197,
              244633.25120000169
            ],
            [
              168977.45780000184,
              244636.67790000141
            ],
            [
              168978.61699999962,
              244637.78779999912
            ],
            [
              168980.47990000062,
              244643.03529999964
            ],
            [
              168983.44440000039,
              244644.08090000041
            ],
            [
              168987.01990000065,
              244646.44250000268
            ],
            [
              168990.3116000006,
              244649.5252000019
            ],
            [
              168993.43040000182,
              244652.51220000163
            ],
            [
              168995.95910000242,
              244657.02850000188
            ],
            [
              168996.94639999978,
              244660.39490000159
            ],
            [
              168997.77120000031,
              244664.49510000274
            ],
            [
              168999.46530000027,
              244667.93630000018
            ],
            [
              169001.51230000239,
              244671.65039999969
            ],
            [
              169004.04340000078,
              244675.16420000233
            ],
            [
              169005.88630000129,
              244678.86060000211
            ],
            [
              169005.92450000066,
              244682.77910000272
            ],
            [
              169004.33829999994,
              244686.63069999963
            ],
            [
              169002.6138000004,
              244690.38380000181
            ],
            [
              169000.32679999992,
              244693.3684000019
            ],
            [
              168999.79490000196,
              244697.63829999976
            ],
            [
              168998.69340000395,
              244701.67700000107
            ],
            [
              168997.78359999973,
              244705.38529999927
            ],
            [
              168998.08179999888,
              244708.60170000046
            ],
            [
              168997.2248000009,
              244711.8638000004
            ],
            [
              168995.95359999966,
              244714.79320000112
            ],
            [
              168995.06540000066,
              244718.692900002
            ],
            [
              168994.03910000343,
              244721.98780000024
            ],
            [
              168992.07550000213,
              244726.63980000094
            ],
            [
              168991.74400000088,
              244730.53370000049
            ],
            [
              168991.22900000215,
              244733.82840000279
            ],
            [
              168989.49850000162,
              244737.07850000076
            ],
            [
              168987.73190000094,
              244740.53859999962
            ],
            [
              168985.85700000077,
              244743.21740000322
            ],
            [
              168984.16990000289,
              244746.85480000451
            ],
            [
              168982.36710000038,
              244750.96260000207
            ],
            [
              168981.0401000008,
              244754.40360000357
            ],
            [
              168979.70140000153,
              244759.53230000101
            ],
            [
              168977.95100000035,
              244764.12890000083
            ],
            [
              168976.02190000098,
              244769.07379999943
            ],
            [
              168974.28760000039,
              244772.99129999988
            ],
            [
              168972.54380000196,
              244777.49689999968
            ],
            [
              168970.34210000094,
              244782.82449999824
            ],
            [
              168969.18049999978,
              244787.35980000347
            ],
            [
              168966.7098000003,
              244791.53110000305
            ],
            [
              168967.98909999989,
              244797.44470000081
            ],
            [
              168971.36900000181,
              244802.00240000151
            ],
            [
              168973.62940000184,
              244806.38860000111
            ],
            [
              168975.76620000042,
              244811.78380000219
            ],
            [
              168977.88860000297,
              244817.02770000137
            ],
            [
              168979.50200000126,
              244822.4626000002
            ],
            [
              168981.77030000184,
              244827.05079999939
            ],
            [
              168983.7097000014,
              244831.81949999928
            ],
            [
              168984.90070000011,
              244837.22990000248
            ],
            [
              168985.11960000079,
              244842.80540000089
            ],
            [
              168985.47140000295,
              244848.43869999796
            ],
            [
              168986.08569999877,
              244853.86150000058
            ],
            [
              168986.45450000092,
              244859.41220000014
            ],
            [
              168986.28900000267,
              244865.62540000305
            ],
            [
              168986.42449999973,
              244871.16439999826
            ],
            [
              168986.53560000192,
              244876.7826000005
            ],
            [
              168986.61400000285,
              244882.35249999911
            ],
            [
              168985.05179999955,
              244887.21499999985
            ],
            [
              168983.05730000231,
              244892.68150000088
            ],
            [
              168981.7312000012,
              244897.87759999931
            ],
            [
              168982.14420000091,
              244903.38950000145
            ],
            [
              168981.87270000111,
              244908.32799999975
            ],
            [
              168980.26730000135,
              244914.1352000013
            ],
            [
              168977.40000000037,
              244917.97640000284
            ],
            [
              168978.11220000125,
              244923.49030000344
            ],
            [
              168978.14420000277,
              244929.23460000008
            ],
            [
              168975.18250000011,
              244933.31780000404
            ],
            [
              168971.01100000367,
              244935.80230000056
            ],
            [
              168968.80840000231,
              244940.13499999791
            ],
            [
              168968.11800000258,
              244944.96160000004
            ],
            [
              168966.66309999954,
              244949.01490000449
            ],
            [
              168964.63309999928,
              244953.65599999949
            ],
            [
              168961.83850000054,
              244958.79360000044
            ],
            [
              168958.29140000325,
              244963.8954000026
            ],
            [
              168957.20810000226,
              244968.26300000213
            ],
            [
              168958.21080000047,
              244972.56550000422
            ],
            [
              168958.09960000124,
              244975.34930000454
            ],
            [
              168957.34100000095,
              244977.51220000163
            ],
            [
              168955.35809999984,
              244981.16710000113
            ],
            [
              168952.57469999883,
              244985.37450000271
            ],
            [
              168948.84320000187,
              244988.8853999991
            ],
            [
              168948.26280000061,
              244994.47550000064
            ],
            [
              168947.74580000341,
              245001.32119999826
            ],
            [
              168947.73580000363,
              245006.08810000122
            ],
            [
              168949.834900002,
              245010.70710000023
            ],
            [
              168954.51730000041,
              245013.58880000189
            ],
            [
              168957.54630000051,
              245017.1090000011
            ],
            [
              168959.36240000371,
              245020.07569999993
            ],
            [
              168959.59800000116,
              245024.61500000022
            ],
            [
              168961.02280000132,
              245026.40510000102
            ],
            [
              168962.87019999977,
              245029.87360000238
            ],
            [
              168963.34300000314,
              245033.6790000014
            ],
            [
              168965.10090000089,
              245034.79680000246
            ],
            [
              168966.22419999912,
              245039.07690000534
            ],
            [
              168967.84240000043,
              245040.29729999974
            ],
            [
              168969.17260000203,
              245043.51330000162
            ],
            [
              168971.50570000149,
              245045.49440000206
            ],
            [
              168972.65190000273,
              245049.15839999914
            ],
            [
              168972.80920000188,
              245054.19240000285
            ],
            [
              168973.58019999973,
              245058.59479999729
            ],
            [
              168975.22780000046,
              245062.39159999974
            ],
            [
              168975.70090000238,
              245066.05850000121
            ],
            [
              168975.64010000043,
              245070.55980000086
            ],
            [
              168976.28410000168,
              245073.21260000207
            ],
            [
              168975.89480000176,
              245076.61120000109
            ],
            [
              168975.21040000115,
              245080.27640000172
            ],
            [
              168976.50459999964,
              245083.68549999967
            ],
            [
              168977.06230000034,
              245086.34970000014
            ],
            [
              168977.43990000151,
              245089.80910000391
            ],
            [
              168977.34340000059,
              245093.84540000185
            ],
            [
              168976.42310000304,
              245097.37560000271
            ],
            [
              168977.23290000204,
              245100.75049999729
            ],
            [
              168977.29519999959,
              245105.10989999957
            ],
            [
              168977.32600000035,
              245109.27800000645
            ],
            [
              168977.41460000072,
              245111.96250000037
            ],
            [
              168976.41999999993,
              245115.77019999921
            ],
            [
              168976.44780000206,
              245119.07560000382
            ],
            [
              168976.61390000116,
              245122.49730000086
            ],
            [
              168975.70640000328,
              245127.6435000021
            ],
            [
              168975.59170000162,
              245130.96620000154
            ],
            [
              168975.22740000114,
              245135.0055999998
            ],
            [
              168974.47460000403,
              245138.01190000214
            ],
            [
              168973.96160000376,
              245143.92060000077
            ],
            [
              168972.93049999978,
              245149.67310000211
            ],
            [
              168972.62700000219,
              245154.06470000185
            ],
            [
              168972.12469999958,
              245158.75250000134
            ],
            [
              168971.8964000009,
              245163.5233000014
            ],
            [
              168970.20970000047,
              245170.04510000348
            ],
            [
              168969.25500000268,
              245173.72800000012
            ],
            [
              168967.53880000208,
              245179.55810000002
            ],
            [
              168967.19100000244,
              245185.27920000069
            ],
            [
              168966.66020000074,
              245190.66000000015
            ],
            [
              168964.58880000096,
              245193.81410000101
            ],
            [
              168964.20000000112,
              245196.75190000236
            ],
            [
              168963.48490000051,
              245204.72330000065
            ],
            [
              168961.33340000082,
              245207.40289999917
            ],
            [
              168958.85570000019,
              245210.69639999978
            ],
            [
              168958.41019999981,
              245214.51740000397
            ],
            [
              168958.80750000011,
              245219.22210000269
            ],
            [
              168957.16200000048,
              245222.02580000274
            ],
            [
              168955.25330000091,
              245226.88850000128
            ],
            [
              168954.35960000381,
              245229.52250000089
            ],
            [
              168953.33280000091,
              245233.95390000008
            ],
            [
              168951.65930000041,
              245235.81479999982
            ]
          ]
        ]
      }
    }
  ]
}