{
  "displayFieldName" : "",
  "fieldAliases" : {
    "FID" : "FID",
    "PMNTN_SN" : "PMNTN_SN",
    "MNTN_CODE" : "MNTN_CODE",
    "MNTN_NM" : "MNTN_NM",
    "PMNTN_NM" : "PMNTN_NM",
    "PMNTN_MAIN" : "PMNTN_MAIN",
    "PMNTN_LT" : "PMNTN_LT",
    "PMNTN_DFFL" : "PMNTN_DFFL",
    "PMNTN_UPPL" : "PMNTN_UPPL",
    "PMNTN_GODN" : "PMNTN_GODN",
    "PMNTN_MTRQ" : "PMNTN_MTRQ",
    "PMNTN_CNRL" : "PMNTN_CNRL",
    "PMNTN_CLS_" : "PMNTN_CLS_",
    "PMNTN_RISK" : "PMNTN_RISK",
    "PMNTN_RECO" : "PMNTN_RECO",
    "DATA_STDR_" : "DATA_STDR_",
    "MNTN_ID" : "MNTN_ID"
  },
  "geometryType" : "esriGeometryPolyline",
  "spatialReference" : {
    "wkt" : "PROJCS[\"PCS_ITRF2000_TM\",GEOGCS[\"GCS_ITRF_2000\",DATUM[\"D_ITRF_2000\",SPHEROID[\"GRS_1980\",6378137.0,298.257222101]],PRIMEM[\"Greenwich\",0.0],UNIT[\"Degree\",0.0174532925199433]],PROJECTION[\"Transverse_Mercator\"],PARAMETER[\"False_Easting\",200000.0],PARAMETER[\"False_Northing\",600000.0],PARAMETER[\"Central_Meridian\",127.0],PARAMETER[\"Scale_Factor\",1.0],PARAMETER[\"Latitude_Of_Origin\",38.0],UNIT[\"Meter\",1.0]]"
  },
  "fields" : [
    {
      "name" : "FID",
      "type" : "esriFieldTypeOID",
      "alias" : "FID"
    },
    {
      "name" : "PMNTN_SN",
      "type" : "esriFieldTypeDouble",
      "alias" : "PMNTN_SN"
    },
    {
      "name" : "MNTN_CODE",
      "type" : "esriFieldTypeString",
      "alias" : "MNTN_CODE",
      "length" : 9
    },
    {
      "name" : "MNTN_NM",
      "type" : "esriFieldTypeString",
      "alias" : "MNTN_NM",
      "length" : 50
    },
    {
      "name" : "PMNTN_NM",
      "type" : "esriFieldTypeString",
      "alias" : "PMNTN_NM",
      "length" : 50
    },
    {
      "name" : "PMNTN_MAIN",
      "type" : "esriFieldTypeString",
      "alias" : "PMNTN_MAIN",
      "length" : 200
    },
    {
      "name" : "PMNTN_LT",
      "type" : "esriFieldTypeSingle",
      "alias" : "PMNTN_LT"
    },
    {
      "name" : "PMNTN_DFFL",
      "type" : "esriFieldTypeString",
      "alias" : "PMNTN_DFFL",
      "length" : 8
    },
    {
      "name" : "PMNTN_UPPL",
      "type" : "esriFieldTypeDouble",
      "alias" : "PMNTN_UPPL"
    },
    {
      "name" : "PMNTN_GODN",
      "type" : "esriFieldTypeDouble",
      "alias" : "PMNTN_GODN"
    },
    {
      "name" : "PMNTN_MTRQ",
      "type" : "esriFieldTypeString",
      "alias" : "PMNTN_MTRQ",
      "length" : 200
    },
    {
      "name" : "PMNTN_CNRL",
      "type" : "esriFieldTypeString",
      "alias" : "PMNTN_CNRL",
      "length" : 1
    },
    {
      "name" : "PMNTN_CLS_",
      "type" : "esriFieldTypeString",
      "alias" : "PMNTN_CLS_",
      "length" : 1
    },
    {
      "name" : "PMNTN_RISK",
      "type" : "esriFieldTypeString",
      "alias" : "PMNTN_RISK",
      "length" : 200
    },
    {
      "name" : "PMNTN_RECO",
      "type" : "esriFieldTypeString",
      "alias" : "PMNTN_RECO",
      "length" : 1
    },
    {
      "name" : "DATA_STDR_",
      "type" : "esriFieldTypeString",
      "alias" : "DATA_STDR_",
      "length" : 10
    },
    {
      "name" : "MNTN_ID",
      "type" : "esriFieldTypeString",
      "alias" : "MNTN_ID",
      "length" : 10
    }
  ],
  "features" : [
    {
      "attributes" : {
        "FID" : 0,
        "PMNTN_SN" : 54641,
        "MNTN_CODE" : "437202104",
        "MNTN_NM" : "호점산성",
        "PMNTN_NM" : "용곡리구간",
        "PMNTN_MAIN" : " ",
        "PMNTN_LT" : 0.92,
        "PMNTN_DFFL" : "쉬움",
        "PMNTN_UPPL" : 16,
        "PMNTN_GODN" : 11,
        "PMNTN_MTRQ" : " ",
        "PMNTN_CNRL" : " ",
        "PMNTN_CLS_" : " ",
        "PMNTN_RISK" : " ",
        "PMNTN_RECO" : " ",
        "DATA_STDR_" : "2016-12-31",
        "MNTN_ID" : "437202104"
      },
      "geometry" : {
        "paths" : [
          [
            [
              250445.74450000189,
              430034.59340000153
            ],
            [
              250451.24520000163,
              430027.84260000102
            ],
            [
              250458.49610000011,
              430020.34160000086
            ],
            [
              250476.99839999992,
              430011.09050000086
            ],
            [
              250497.25100000016,
              429998.58890000172
            ],
            [
              250504.2518000016,
              429995.08850000426
            ],
            [
              250508.75239999965,
              429994.08840000257
            ],
            [
              250512.0027999999,
              429995.08850000426
            ],
            [
              250519.25370000303,
              430005.58980000205
            ],
            [
              250530.50510000065,
              430030.34290000238
            ],
            [
              250533.50549999997,
              430039.59400000051
            ],
            [
              250536.50590000395,
              430047.34500000067
            ],
            [
              250539.75629999954,
              430053.59580000117
            ],
            [
              250543.50670000073,
              430055.0960000027
            ],
            [
              250552.75790000241,
              430052.34560000151
            ],
            [
              250558.25860000029,
              430050.34540000372
            ],
            [
              250565.25949999969,
              430048.84520000219
            ],
            [
              250570.5101000024,
              430050.09540000185
            ],
            [
              250573.51049999986,
              430053.09570000134
            ],
            [
              250577.51100000087,
              430062.34689999931
            ],
            [
              250582.76160000265,
              430072.34810000099
            ],
            [
              250587.51220000163,
              430081.59930000268
            ],
            [
              250594.51309999917,
              430090.35040000081
            ],
            [
              250600.5139000006,
              430092.60070000216
            ],
            [
              250610.76510000229,
              430095.35099999979
            ],
            [
              250621.51650000084,
              430103.85210000165
            ],
            [
              250628.01730000135,
              430112.85319999978
            ],
            [
              250635.01819999889,
              430123.85460000299
            ],
            [
              250642.01900000032,
              430129.6053000018
            ],
            [
              250654.77060000319,
              430136.60620000213
            ],
            [
              250663.27169999946,
              430145.10720000044
            ],
            [
              250673.27300000004,
              430153.85830000229
            ],
            [
              250682.77410000097,
              430163.35950000025
            ],
            [
              250691.77530000173,
              430172.36060000211
            ],
            [
              250699.02620000299,
              430175.8610999994
            ],
            [
              250706.52710000239,
              430176.36110000126
            ],
            [
              250715.77830000408,
              430176.36110000126
            ],
            [
              250723.02919999976,
              430178.36140000261
            ],
            [
              250732.03029999975,
              430184.36210000142
            ],
            [
              250741.53150000237,
              430188.86270000041
            ],
            [
              250751.53270000126,
              430190.86290000193
            ],
            [
              250757.78350000083,
              430189.11270000041
            ],
            [
              250763.28420000058,
              430184.36210000142
            ],
            [
              250769.28500000015,
              430173.86079999804
            ],
            [
              250777.53600000404,
              430163.85960000008
            ],
            [
              250785.78700000141,
              430156.60869999975
            ],
            [
              250801.2890000008,
              430145.85730000027
            ],
            [
              250811.5401999997,
              430136.856200004
            ],
            [
              250823.7918000007,
              430130.10540000163
            ],
            [
              250843.54420000315,
              430116.60370000079
            ],
            [
              250855.5457000006,
              430112.60319999792
            ],
            [
              250863.5466999989,
              430107.8526000008
            ],
            [
              250867.54720000178,
              430101.8518000003
            ],
            [
              250873.79800000228,
              430086.34990000166
            ],
            [
              250880.29879999999,
              430074.59840000421
            ],
            [
              250885.04940000083,
              430067.84760000184
            ],
            [
              250892.30030000024,
              430064.59720000066
            ],
            [
              250916.80339999963,
              430057.59630000032
            ],
            [
              250932.05530000106,
              430047.59500000253
            ],
            [
              250941.05640000105,
              430037.09369999915
            ],
            [
              250950.30760000087,
              430029.34280000068
            ],
            [
              250956.55840000324,
              430020.84170000069
            ],
            [
              250959.05869999994,
              430012.34060000256
            ],
            [
              250958.55860000011,
              430001.08919999935
            ],
            [
              250959.30870000087,
              429994.33840000257
            ],
            [
              250962.80910000205,
              429985.83730000257
            ],
            [
              250969.56000000145,
              429974.33590000309
            ],
            [
              250974.81060000136,
              429970.08540000767
            ],
            [
              250981.81149999984,
              429965.08470000513
            ],
            [
              250986.06200000085,
              429958.33390000463
            ],
            [
              250991.81280000415,
              429944.33210000768
            ],
            [
              250992.81290000025,
              429927.8300999999
            ],
            [
              250992.56290000025,
              429911.57800000161
            ],
            [
              250993.06290000118,
              429906.82740000263
            ],
            [
              250995.56320000067,
              429901.07669999823
            ],
            [
              250999.81380000059,
              429892.57570000179
            ],
            [
              251005.56450000033,
              429886.82490000315
            ],
            [
              251012.31530000176,
              429878.32389999926
            ],
            [
              251022.31659999955,
              429862.82190000266
            ],
            [
              251033.06790000107,
              429852.32059999928
            ],
            [
              251045.06940000225,
              429840.06909999996
            ],
            [
              251062.82160000037,
              429830.06790000014
            ]
          ]
        ]
      }
    },
    {
      "attributes" : {
        "FID" : 1,
        "PMNTN_SN" : 54642,
        "MNTN_CODE" : "437202104",
        "MNTN_NM" : "호점산성",
        "PMNTN_NM" : "용곡리구간",
        "PMNTN_MAIN" : " ",
        "PMNTN_LT" : 0.88,
        "PMNTN_DFFL" : "쉬움",
        "PMNTN_UPPL" : 16,
        "PMNTN_GODN" : 11,
        "PMNTN_MTRQ" : " ",
        "PMNTN_CNRL" : " ",
        "PMNTN_CLS_" : " ",
        "PMNTN_RISK" : " ",
        "PMNTN_RECO" : " ",
        "DATA_STDR_" : "2016-12-31",
        "MNTN_ID" : "437202104"
      },
      "geometry" : {
        "paths" : [
          [
            [
              251062.82160000037,
              429830.06790000014
            ],
            [
              251048.86969999969,
              429815.94830000214
            ],
            [
              251032.36770000309,
              429799.19619999826
            ],
            [
              251018.86600000039,
              429779.69370000437
            ],
            [
              251011.61510000098,
              429768.4422999993
            ],
            [
              251004.11410000082,
              429756.69089999981
            ],
            [
              251001.61380000412,
              429739.43870000169
            ],
            [
              251003.11400000285,
              429724.18679999933
            ],
            [
              251004.86419999972,
              429713.68549999967
            ],
            [
              251009.61480000243,
              429707.43470000103
            ],
            [
              251017.11580000259,
              429697.93350000679
            ],
            [
              251024.1166000003,
              429685.43200000189
            ],
            [
              251027.61710000131,
              429672.93040000275
            ],
            [
              251032.86770000402,
              429656.67840000428
            ],
            [
              251034.61790000089,
              429640.42630000226
            ],
            [
              251035.61810000055,
              429622.9242000021
            ],
            [
              251032.61770000122,
              429602.67160000093
            ],
            [
              251029.36730000097,
              429576.41830000095
            ],
            [
              251027.61710000131,
              429551.91530000046
            ],
            [
              251030.8674999997,
              429529.16240000166
            ],
            [
              251037.61830000021,
              429505.15940000303
            ],
            [
              251041.61880000122,
              429489.4075000044
            ],
            [
              251051.62010000087,
              429475.40570000373
            ],
            [
              251054.87050000392,
              429467.6547000017
            ],
            [
              251058.62090000045,
              429455.65320000239
            ],
            [
              251060.62120000087,
              429443.9018000029
            ],
            [
              251065.12179999985,
              429437.6510000024
            ],
            [
              251072.87270000111,
              429433.15039999969
            ],
            [
              251085.62430000398,
              429422.64910000004
            ],
            [
              251104.87669999991,
              429407.64719999954
            ],
            [
              251118.62840000167,
              429402.39660000429
            ],
            [
              251127.87960000057,
              429400.39629999921
            ],
            [
              251144.88170000166,
              429395.39570000395
            ],
            [
              251164.13410000224,
              429394.39560000226
            ],
            [
              251188.13709999993,
              429391.64520000108
            ],
            [
              251199.63860000018,
              429388.14480000176
            ],
            [
              251220.39120000228,
              429379.89380000159
            ],
            [
              251244.89419999998,
              429370.39260000363
            ],
            [
              251264.14660000335,
              429359.39120000042
            ],
            [
              251277.89829999954,
              429354.64060000144
            ],
            [
              251284.64920000173,
              429353.89049999975
            ],
            [
              251288.64969999995,
              429356.1408000011
            ],
            [
              251289.89980000164,
              429360.64140000008
            ],
            [
              251296.40070000105,
              429373.39300000109
            ],
            [
              251300.9012000002,
              429379.89380000159
            ],
            [
              251304.90170000121,
              429380.39380000159
            ],
            [
              251308.90220000222,
              429378.39360000007
            ],
            [
              251312.15259999968,
              429373.14290000126
            ],
            [
              251321.40380000137,
              429358.39110000245
            ],
            [
              251328.4047000017,
              429345.63949999958
            ],
            [
              251335.65560000297,
              429333.38800000213
            ],
            [
              251345.40680000093,
              429323.63670000061
            ],
            [
              251360.15860000066,
              429317.63599999994
            ],
            [
              251371.41000000015,
              429313.88550000265
            ],
            [
              251377.91080000065,
              429310.38509999961
            ],
            [
              251388.16210000124,
              429300.38380000181
            ],
            [
              251397.66330000293,
              429293.63300000131
            ],
            [
              251407.41450000182,
              429289.13240000233
            ],
            [
              251415.16550000012,
              429286.38210000098
            ],
            [
              251421.41629999969,
              429282.13160000183
            ],
            [
              251434.66790000349,
              429270.88020000234
            ]
          ]
        ]
      }
    },
    {
      "attributes" : {
        "FID" : 2,
        "PMNTN_SN" : 54643,
        "MNTN_CODE" : "437202104",
        "MNTN_NM" : "호점산성",
        "PMNTN_NM" : "남대문리구간",
        "PMNTN_MAIN" : " ",
        "PMNTN_LT" : 0.75,
        "PMNTN_DFFL" : "중간",
        "PMNTN_UPPL" : 23,
        "PMNTN_GODN" : 16,
        "PMNTN_MTRQ" : " ",
        "PMNTN_CNRL" : " ",
        "PMNTN_CLS_" : " ",
        "PMNTN_RISK" : " ",
        "PMNTN_RECO" : " ",
        "DATA_STDR_" : "2016-12-31",
        "MNTN_ID" : "437202104"
      },
      "geometry" : {
        "paths" : [
          [
            [
              251434.66790000349,
              429270.88020000234
            ],
            [
              251428.91720000096,
              429264.12930000201
            ],
            [
              251416.66570000071,
              429251.87780000269
            ],
            [
              251406.41440000292,
              429238.37610000186
            ],
            [
              251397.91330000106,
              429219.37370000221
            ],
            [
              251392.91270000022,
              429198.12109999917
            ],
            [
              251391.91260000318,
              429156.86590000056
            ],
            [
              251390.66240000073,
              429129.86250000075
            ],
            [
              251391.66260000039,
              429111.61020000093
            ],
            [
              251390.4123999998,
              429099.60870000161
            ],
            [
              251387.16199999955,
              429086.10710000247
            ],
            [
              251384.41170000006,
              429072.8553999979
            ],
            [
              251380.4112000009,
              429058.60360000283
            ],
            [
              251375.91060000099,
              429035.10070000216
            ],
            [
              251373.16030000057,
              429014.34810000099
            ],
            [
              251373.41030000336,
              429005.84699999914
            ],
            [
              251377.41079999972,
              428990.34510000236
            ],
            [
              251388.91220000107,
              428964.09180000052
            ],
            [
              251396.41320000123,
              428941.08890000172
            ],
            [
              251403.16399999987,
              428921.08640000224
            ],
            [
              251405.16430000309,
              428913.08540000021
            ],
            [
              251404.6642000014,
              428907.83479999937
            ],
            [
              251400.91370000131,
              428901.33400000073
            ],
            [
              251396.6632000003,
              428899.58369999938
            ],
            [
              251392.41270000115,
              428895.83330000006
            ],
            [
              251386.16190000065,
              428888.33229999989
            ],
            [
              251369.65980000049,
              428862.07910000347
            ],
            [
              251357.65830000117,
              428839.82630000077
            ],
            [
              251352.90770000219,
              428824.32430000417
            ],
            [
              251350.15740000177,
              428811.57269999944
            ],
            [
              251350.90750000067,
              428802.07159999944
            ],
            [
              251351.90760000143,
              428794.57059999928
            ],
            [
              251352.65770000126,
              428788.06980000436
            ],
            [
              251351.65760000329,
              428783.56920000166
            ],
            [
              251347.65710000042,
              428781.319000002
            ],
            [
              251341.40629999992,
              428783.56920000166
            ],
            [
              251330.65490000229,
              428781.319000002
            ],
            [
              251318.40340000205,
              428777.81850000471
            ],
            [
              251299.9011000013,
              428764.81689999998
            ],
            [
              251290.9000000013,
              428759.31620000117
            ],
            [
              251275.14800000191,
              428750.81519999914
            ],
            [
              251253.64529999997,
              428738.56359999999
            ],
            [
              251232.64269999973,
              428730.31260000169
            ],
            [
              251211.89010000043,
              428720.31130000018
            ],
            [
              251205.63930000365,
              428718.06110000238
            ],
            [
              251200.63870000374,
              428721.06140000001
            ],
            [
              251195.8881000001,
              428724.06180000305
            ],
            [
              251191.38750000019,
              428726.81220000423
            ],
            [
              251188.63719999976,
              428726.3121000044
            ],
            [
              251184.38670000248,
              428723.81180000119
            ],
            [
              251178.13590000104,
              428716.81090000086
            ],
            [
              251164.13410000037,
              428688.80739999935
            ]
          ]
        ]
      }
    },
    {
      "attributes" : {
        "FID" : 3,
        "PMNTN_SN" : 54644,
        "MNTN_CODE" : "437202104",
        "MNTN_NM" : "호점산성",
        "PMNTN_NM" : "용곡리구간",
        "PMNTN_MAIN" : " ",
        "PMNTN_LT" : 0.9,
        "PMNTN_DFFL" : "쉬움",
        "PMNTN_UPPL" : 16,
        "PMNTN_GODN" : 11,
        "PMNTN_MTRQ" : " ",
        "PMNTN_CNRL" : " ",
        "PMNTN_CLS_" : " ",
        "PMNTN_RISK" : " ",
        "PMNTN_RECO" : " ",
        "DATA_STDR_" : "2016-12-31",
        "MNTN_ID" : "437202104"
      },
      "geometry" : {
        "paths" : [
          [
            [
              251434.66790000349,
              429270.88020000234
            ],
            [
              251444.89670000039,
              429276.41780000366
            ],
            [
              251459.64850000106,
              429278.4179999996
            ],
            [
              251484.65170000214,
              429282.66850000434
            ],
            [
              251501.90380000416,
              429286.66900000162
            ],
            [
              251515.90560000017,
              429290.66950000077
            ],
            [
              251524.40660000034,
              429296.42029999942
            ],
            [
              251536.40810000058,
              429309.42190000042
            ],
            [
              251551.9101000037,
              429323.17360000499
            ],
            [
              251564.16160000209,
              429335.17510000058
            ],
            [
              251573.91280000005,
              429346.17650000006
            ],
            [
              251583.6640000008,
              429361.17840000056
            ],
            [
              251594.66540000122,
              429377.18040000461
            ],
            [
              251603.16650000028,
              429387.43160000257
            ],
            [
              251608.4171000002,
              429393.68239999935
            ],
            [
              251624.16910000052,
              429403.43360000104
            ],
            [
              251638.92090000026,
              429410.43450000137
            ],
            [
              251650.1724000033,
              429417.1854000017
            ],
            [
              251658.67340000346,
              429424.18620000221
            ],
            [
              251666.17440000083,
              429437.93789999932
            ],
            [
              251667.92460000236,
              429445.93890000135
            ],
            [
              251667.92460000049,
              429452.43979999982
            ],
            [
              251663.67400000244,
              429463.44109999947
            ],
            [
              251653.17270000372,
              429480.19319999777
            ],
            [
              251641.42130000144,
              429492.19470000267
            ],
            [
              251624.41910000052,
              429501.69590000063
            ],
            [
              251600.66620000079,
              429511.19710000232
            ],
            [
              251584.91420000326,
              429518.94810000248
            ],
            [
              251572.16260000132,
              429531.44959999993
            ],
            [
              251556.66070000082,
              429544.20119999908
            ],
            [
              251533.65780000016,
              429555.70270000212
            ],
            [
              251514.15540000051,
              429571.20460000075
            ],
            [
              251494.15290000197,
              429591.70720000193
            ],
            [
              251479.40100000147,
              429613.2098999992
            ],
            [
              251463.64900000114,
              429636.46280000359
            ],
            [
              251451.64749999903,
              429660.21570000239
            ],
            [
              251443.14649999887,
              429670.21700000018
            ],
            [
              251432.64520000294,
              429678.96810000204
            ],
            [
              251414.8928999994,
              429689.71940000169
            ],
            [
              251398.64090000372,
              429700.72080000117
            ],
            [
              251390.6399000017,
              429706.22149999999
            ],
            [
              251385.63930000272,
              429714.22250000201
            ],
            [
              251379.13850000035,
              429729.72440000437
            ],
            [
              251375.8881000001,
              429746.22650000267
            ],
            [
              251375.38800000027,
              429755.72769999877
            ],
            [
              251377.38830000348,
              429771.47959999926
            ],
            [
              251380.63870000094,
              429781.48090000078
            ],
            [
              251386.88940000162,
              429796.48280000128
            ],
            [
              251392.89020000119,
              429809.48440000229
            ],
            [
              251400.89120000228,
              429817.48540000059
            ],
            [
              251413.89280000143,
              429824.73630000092
            ],
            [
              251423.64400000405,
              429830.48699999973
            ],
            [
              251429.89480000176,
              429837.73790000193
            ],
            [
              251441.64630000014,
              429854.74000000022
            ],
            [
              251449.14719999954,
              429867.7416999992
            ],
            [
              251449.89730000217,
              429873.49239999987
            ]
          ]
        ]
      }
    },
    {
      "attributes" : {
        "FID" : 4,
        "PMNTN_SN" : 54645,
        "MNTN_CODE" : "437202104",
        "MNTN_NM" : "호점산성",
        "PMNTN_NM" : "용곡리구간",
        "PMNTN_MAIN" : " ",
        "PMNTN_LT" : 0.81,
        "PMNTN_DFFL" : "쉬움",
        "PMNTN_UPPL" : 14,
        "PMNTN_GODN" : 10,
        "PMNTN_MTRQ" : " ",
        "PMNTN_CNRL" : " ",
        "PMNTN_CLS_" : " ",
        "PMNTN_RISK" : " ",
        "PMNTN_RECO" : " ",
        "DATA_STDR_" : "2016-12-31",
        "MNTN_ID" : "437202104"
      },
      "geometry" : {
        "paths" : [
          [
            [
              251449.89730000217,
              429873.49239999987
            ],
            [
              251431.64500000048,
              429878.99310000427
            ],
            [
              251417.39330000244,
              429882.99360000156
            ],
            [
              251396.39059999958,
              429887.49410000071
            ],
            [
              251385.38929999992,
              429891.74469999969
            ],
            [
              251381.88880000077,
              429899.24560000002
            ],
            [
              251381.3888000017,
              429906.74650000222
            ],
            [
              251383.88910000119,
              429922.24850000441
            ],
            [
              251395.89060000051,
              429936.50029999949
            ],
            [
              251409.14219999965,
              429949.00180000067
            ],
            [
              251424.89419999998,
              429960.75329999998
            ],
            [
              251436.14560000133,
              429969.25440000184
            ],
            [
              251442.39640000369,
              429975.25510000624
            ],
            [
              251447.39700000081,
              429983.50610000454
            ],
            [
              251450.39740000013,
              429997.75789999962
            ],
            [
              251451.39750000089,
              430007.759200003
            ],
            [
              251455.39799999911,
              430012.25970000215
            ],
            [
              251459.39850000199,
              430018.26050000079
            ],
            [
              251459.39850000013,
              430028.51180000044
            ],
            [
              251455.64800000191,
              430038.0129000023
            ],
            [
              251450.147400002,
              430043.51360000297
            ],
            [
              251432.39510000311,
              430052.76479999907
            ],
            [
              251409.14220000245,
              430061.76590000093
            ],
            [
              251393.14020000212,
              430063.51610000245
            ],
            [
              251381.6388000017,
              430066.26649999991
            ],
            [
              251366.88690000307,
              430073.26740000024
            ],
            [
              251352.88520000409,
              430079.76820000075
            ],
            [
              251334.38289999962,
              430084.76879999973
            ],
            [
              251320.38110000081,
              430094.76999999955
            ],
            [
              251311.63000000175,
              430096.52030000463
            ],
            [
              251301.62880000286,
              430097.27040000074
            ],
            [
              251288.12710000388,
              430094.76999999955
            ],
            [
              251280.37610000093,
              430089.01930000447
            ],
            [
              251277.3758000005,
              430081.76840000227
            ],
            [
              251275.62550000008,
              430075.51760000736
            ],
            [
              251268.87469999865,
              430069.76689999923
            ],
            [
              251250.37240000349,
              430061.51590000093
            ],
            [
              251243.87160000112,
              430057.51540000364
            ],
            [
              251226.6194000002,
              430044.26369999908
            ],
            [
              251215.36800000072,
              430035.26260000095
            ],
            [
              251203.86660000309,
              430031.2621000018
            ],
            [
              251195.61550000031,
              430030.76200000197
            ],
            [
              251185.11420000158,
              430029.01180000044
            ],
            [
              251170.86240000091,
              430022.26099999994
            ],
            [
              251155.86060000025,
              430016.2602000013
            ],
            [
              251147.10950000305,
              430011.75970000029
            ],
            [
              251135.85810000077,
              430006.50900000148
            ],
            [
              251123.35649999976,
              429999.50810000114
            ],
            [
              251116.60570000298,
              429992.50730000064
            ],
            [
              251109.35479999986,
              429977.255400002
            ],
            [
              251105.10420000181,
              429958.00290000252
            ],
            [
              251099.85360000003,
              429938.00040000305
            ],
            [
              251099.10350000113,
              429921.74840000458
            ],
            [
              251100.60369999986,
              429906.74650000222
            ],
            [
              251099.35350000206,
              429898.99560000002
            ],
            [
              251095.85310000181,
              429888.74430000223
            ],
            [
              251089.10219999962,
              429876.24270000309
            ],
            [
              251079.10100000259,
              429860.49080000445
            ],
            [
              251072.10010000039,
              429844.4888000004
            ],
            [
              251062.82160000037,
              429830.06790000014
            ]
          ]
        ]
      }
    },
    {
      "attributes" : {
        "FID" : 5,
        "PMNTN_SN" : 54646,
        "MNTN_CODE" : "437202104",
        "MNTN_NM" : "호점산성",
        "PMNTN_NM" : "용곡리구간",
        "PMNTN_MAIN" : " ",
        "PMNTN_LT" : 0.49,
        "PMNTN_DFFL" : "쉬움",
        "PMNTN_UPPL" : 9,
        "PMNTN_GODN" : 6,
        "PMNTN_MTRQ" : " ",
        "PMNTN_CNRL" : " ",
        "PMNTN_CLS_" : " ",
        "PMNTN_RISK" : " ",
        "PMNTN_RECO" : " ",
        "DATA_STDR_" : "2016-12-31",
        "MNTN_ID" : "437202104"
      },
      "geometry" : {
        "paths" : [
          [
            [
              251449.89730000217,
              429873.49239999987
            ],
            [
              251488.71290000062,
              429868.52669999935
            ],
            [
              251509.2154000001,
              429870.27690000087
            ],
            [
              251525.96750000119,
              429870.7770000007
            ],
            [
              251535.21870000008,
              429872.52720000222
            ],
            [
              251544.21980000287,
              429876.27769999951
            ],
            [
              251552.22080000397,
              429881.52830000035
            ],
            [
              251561.472000001,
              429887.27910000272
            ],
            [
              251575.4737000009,
              429894.77999999933
            ],
            [
              251587.22520000022,
              429899.78059999831
            ],
            [
              251599.47670000233,
              429906.2814000044
            ],
            [
              251611.47819999978,
              429915.78260000236
            ],
            [
              251624.22979999986,
              429927.78410000168
            ],
            [
              251638.98170000128,
              429941.78590000235
            ],
            [
              251653.98350000195,
              429958.53800000064
            ],
            [
              251667.98529999983,
              429976.54020000063
            ],
            [
              251685.73749999981,
              430002.29340000078
            ],
            [
              251697.73900000099,
              430023.54610000364
            ],
            [
              251705.23990000039,
              430040.54820000194
            ],
            [
              251707.74030000158,
              430049.54930000007
            ],
            [
              251707.49019999988,
              430056.80020000041
            ],
            [
              251705.23990000039,
              430059.55060000159
            ],
            [
              251700.23930000141,
              430064.80120000243
            ],
            [
              251693.73850000091,
              430070.80200000107
            ],
            [
              251689.7379999999,
              430078.55300000124
            ],
            [
              251689.7379999999,
              430085.55379999988
            ],
            [
              251692.48840000108,
              430094.5549999997
            ],
            [
              251692.23829999939,
              430103.80609999783
            ],
            [
              251688.48790000286,
              430120.05810000189
            ],
            [
              251685.98749999981,
              430135.56010000408
            ],
            [
              251682.23710000049,
              430146.8115000017
            ],
            [
              251676.98639999982,
              430160.81320000067
            ],
            [
              251667.4852,
              430176.81520000286
            ],
            [
              251661.73450000025,
              430190.56700000167
            ]
          ]
        ]
      }
    }
  ]
}