{
  "displayFieldName" : "",
  "fieldAliases" : {
    "FID" : "FID",
    "PMNTN_SPOT" : "PMNTN_SPOT",
    "MNTN_CODE" : "MNTN_CODE",
    "MANAGE_SP1" : "MANAGE_SP1",
    "MANAGE_SP2" : "MANAGE_SP2",
    "DETAIL_SPO" : "DETAIL_SPO",
    "ETC_MATTER" : "ETC_MATTER",
    "MNTN_NM" : "MNTN_NM",
    "PAST_SPOT_" : "PAST_SPOT_",
    "MNTN_ID" : "MNTN_ID"
  },
  "geometryType" : "esriGeometryPoint",
  "spatialReference" : {
    "wkt" : "PROJCS[\"PCS_ITRF2000_TM\",GEOGCS[\"GCS_ITRF_2000\",DATUM[\"D_ITRF_2000\",SPHEROID[\"GRS_1980\",6378137.0,298.257222101]],PRIMEM[\"Greenwich\",0.0],UNIT[\"Degree\",0.0174532925199433]],PROJECTION[\"Transverse_Mercator\"],PARAMETER[\"False_Easting\",200000.0],PARAMETER[\"False_Northing\",600000.0],PARAMETER[\"Central_Meridian\",127.0],PARAMETER[\"Scale_Factor\",1.0],PARAMETER[\"Latitude_Of_Origin\",38.0],UNIT[\"Meter\",1.0]]"
  },
  "fields" : [
    {
      "name" : "FID",
      "type" : "esriFieldTypeOID",
      "alias" : "FID"
    },
    {
      "name" : "PMNTN_SPOT",
      "type" : "esriFieldTypeDouble",
      "alias" : "PMNTN_SPOT"
    },
    {
      "name" : "MNTN_CODE",
      "type" : "esriFieldTypeString",
      "alias" : "MNTN_CODE",
      "length" : 9
    },
    {
      "name" : "MANAGE_SP1",
      "type" : "esriFieldTypeString",
      "alias" : "MANAGE_SP1",
      "length" : 2
    },
    {
      "name" : "MANAGE_SP2",
      "type" : "esriFieldTypeString",
      "alias" : "MANAGE_SP2",
      "length" : 50
    },
    {
      "name" : "DETAIL_SPO",
      "type" : "esriFieldTypeString",
      "alias" : "DETAIL_SPO",
      "length" : 200
    },
    {
      "name" : "ETC_MATTER",
      "type" : "esriFieldTypeString",
      "alias" : "ETC_MATTER",
      "length" : 200
    },
    {
      "name" : "MNTN_NM",
      "type" : "esriFieldTypeString",
      "alias" : "MNTN_NM",
      "length" : 50
    },
    {
      "name" : "PAST_SPOT_",
      "type" : "esriFieldTypeString",
      "alias" : "PAST_SPOT_",
      "length" : 14
    },
    {
      "name" : "MNTN_ID",
      "type" : "esriFieldTypeString",
      "alias" : "MNTN_ID",
      "length" : 10
    }
  ],
  "features" : [
    {
      "attributes" : {
        "FID" : 0,
        "PMNTN_SPOT" : 50723,
        "MNTN_CODE" : "448101301",
        "MANAGE_SP1" : "10",
        "MANAGE_SP2" : "이정표",
        "DETAIL_SPO" : "이정표 신설 요함.",
        "ETC_MATTER" : "우측:밤나무단지 길, 직진 통행할 것.",
        "MNTN_NM" : "서원산",
        "PAST_SPOT_" : "24120512000001",
        "MNTN_ID" : "2412051200"
      },
      "geometry" : {
        "x" : 166503.29959999956,
        "y" : 458335.07220000215
      }
    },
    {
      "attributes" : {
        "FID" : 1,
        "PMNTN_SPOT" : 50724,
        "MNTN_CODE" : "448101301",
        "MANAGE_SP1" : "10",
        "MANAGE_SP2" : "이정표",
        "DETAIL_SPO" : "이정표 신설 요함.",
        "ETC_MATTER" : "좌측:길없음, 우측 통행할 것.",
        "MNTN_NM" : "서원산",
        "PAST_SPOT_" : "24120512000002",
        "MNTN_ID" : "2412051200"
      },
      "geometry" : {
        "x" : 166436.06730000023,
        "y" : 459395.36520000175
      }
    },
    {
      "attributes" : {
        "FID" : 2,
        "PMNTN_SPOT" : 50725,
        "MNTN_CODE" : "448101301",
        "MANAGE_SP1" : "99",
        "MANAGE_SP2" : "기타",
        "DETAIL_SPO" : "묘지 1기",
        "ETC_MATTER" : " ",
        "MNTN_NM" : "서원산",
        "PAST_SPOT_" : "24120512000003",
        "MNTN_ID" : "2412051200"
      },
      "geometry" : {
        "x" : 166632.38640000112,
        "y" : 459432.00440000184
      }
    },
    {
      "attributes" : {
        "FID" : 3,
        "PMNTN_SPOT" : 50726,
        "MNTN_CODE" : "448101301",
        "MANAGE_SP1" : "99",
        "MANAGE_SP2" : "기타",
        "DETAIL_SPO" : "좌측:보덕사,직진:관음암",
        "ETC_MATTER" : "관음암으로 통행할 것.",
        "MNTN_NM" : "서원산",
        "PAST_SPOT_" : "24120512000004",
        "MNTN_ID" : "2412051200"
      },
      "geometry" : {
        "x" : 167494.79760000203,
        "y" : 457817.71860000119
      }
    },
    {
      "attributes" : {
        "FID" : 4,
        "PMNTN_SPOT" : 50727,
        "MNTN_CODE" : "448101301",
        "MANAGE_SP1" : "99",
        "MANAGE_SP2" : "기타",
        "DETAIL_SPO" : "아스팔트 포장길",
        "ETC_MATTER" : " ",
        "MNTN_NM" : "서원산",
        "PAST_SPOT_" : "24120512000005",
        "MNTN_ID" : "2412051200"
      },
      "geometry" : {
        "x" : 167524.7768000029,
        "y" : 457847.23480000161
      }
    },
    {
      "attributes" : {
        "FID" : 5,
        "PMNTN_SPOT" : 50728,
        "MNTN_CODE" : "448101301",
        "MANAGE_SP1" : "10",
        "MANAGE_SP2" : "이정표",
        "DETAIL_SPO" : "이정표 신설 요함.",
        "ETC_MATTER" : "관음암 우측 계곡부로 통행.",
        "MNTN_NM" : "서원산",
        "PAST_SPOT_" : "24120512000006",
        "MNTN_ID" : "2412051200"
      },
      "geometry" : {
        "x" : 167536.68040000275,
        "y" : 457850.47440000065
      }
    },
    {
      "attributes" : {
        "FID" : 6,
        "PMNTN_SPOT" : 50729,
        "MNTN_CODE" : "448101301",
        "MANAGE_SP1" : "99",
        "MANAGE_SP2" : "기타",
        "DETAIL_SPO" : "계곡부 횡단",
        "ETC_MATTER" : " ",
        "MNTN_NM" : "서원산",
        "PAST_SPOT_" : "24120512000007",
        "MNTN_ID" : "2412051200"
      },
      "geometry" : {
        "x" : 167560.37490000017,
        "y" : 457846.11159999855
      }
    },
    {
      "attributes" : {
        "FID" : 7,
        "PMNTN_SPOT" : 50730,
        "MNTN_CODE" : "448101301",
        "MANAGE_SP1" : "99",
        "MANAGE_SP2" : "기타",
        "DETAIL_SPO" : "묘지 산재",
        "ETC_MATTER" : " ",
        "MNTN_NM" : "서원산",
        "PAST_SPOT_" : "24120512000008",
        "MNTN_ID" : "2412051200"
      },
      "geometry" : {
        "x" : 167564.49089999963,
        "y" : 457819.56180000119
      }
    },
    {
      "attributes" : {
        "FID" : 8,
        "PMNTN_SPOT" : 50731,
        "MNTN_CODE" : "448101301",
        "MANAGE_SP1" : "99",
        "MANAGE_SP2" : "기타",
        "DETAIL_SPO" : "묘지 산재",
        "ETC_MATTER" : " ",
        "MNTN_NM" : "서원산",
        "PAST_SPOT_" : "24120512000009",
        "MNTN_ID" : "2412051200"
      },
      "geometry" : {
        "x" : 167591.32039999962,
        "y" : 457833.76450000145
      }
    },
    {
      "attributes" : {
        "FID" : 9,
        "PMNTN_SPOT" : 50732,
        "MNTN_CODE" : "448101301",
        "MANAGE_SP1" : "99",
        "MANAGE_SP2" : "기타",
        "DETAIL_SPO" : "묘지 1기",
        "ETC_MATTER" : " ",
        "MNTN_NM" : "서원산",
        "PAST_SPOT_" : "24120512000010",
        "MNTN_ID" : "2412051200"
      },
      "geometry" : {
        "x" : 167737.3114999989,
        "y" : 457963.29620000161
      }
    },
    {
      "attributes" : {
        "FID" : 10,
        "PMNTN_SPOT" : 50733,
        "MNTN_CODE" : "448101301",
        "MANAGE_SP1" : "99",
        "MANAGE_SP2" : "기타",
        "DETAIL_SPO" : "경사가 급하여 주의 요함.",
        "ETC_MATTER" : " ",
        "MNTN_NM" : "서원산",
        "PAST_SPOT_" : "24120512000011",
        "MNTN_ID" : "2412051200"
      },
      "geometry" : {
        "x" : 167793.10460000113,
        "y" : 458005.99950000271
      }
    },
    {
      "attributes" : {
        "FID" : 11,
        "PMNTN_SPOT" : 50734,
        "MNTN_CODE" : "448101301",
        "MANAGE_SP1" : "10",
        "MANAGE_SP2" : "이정표",
        "DETAIL_SPO" : "이정표 신설 요함.",
        "ETC_MATTER" : "좌측 소로길 곧 없어짐. 직진 통행할 것.",
        "MNTN_NM" : "서원산",
        "PAST_SPOT_" : "24120512000012",
        "MNTN_ID" : "2412051200"
      },
      "geometry" : {
        "x" : 167805.98660000321,
        "y" : 458147.77740000002
      }
    },
    {
      "attributes" : {
        "FID" : 12,
        "PMNTN_SPOT" : 50735,
        "MNTN_CODE" : "448101301",
        "MANAGE_SP1" : "99",
        "MANAGE_SP2" : "기타",
        "DETAIL_SPO" : "등산로 전경",
        "ETC_MATTER" : " ",
        "MNTN_NM" : "서원산",
        "PAST_SPOT_" : "24120512000013",
        "MNTN_ID" : "2412051200"
      },
      "geometry" : {
        "x" : 167598.03149999958,
        "y" : 458262.08180000074
      }
    },
    {
      "attributes" : {
        "FID" : 13,
        "PMNTN_SPOT" : 50736,
        "MNTN_CODE" : "448101301",
        "MANAGE_SP1" : "99",
        "MANAGE_SP2" : "기타",
        "DETAIL_SPO" : "묘지 1기",
        "ETC_MATTER" : " ",
        "MNTN_NM" : "서원산",
        "PAST_SPOT_" : "24120512000014",
        "MNTN_ID" : "2412051200"
      },
      "geometry" : {
        "x" : 167244.24480000045,
        "y" : 458870.18100000173
      }
    },
    {
      "attributes" : {
        "FID" : 14,
        "PMNTN_SPOT" : 50737,
        "MNTN_CODE" : "448101301",
        "MANAGE_SP1" : "10",
        "MANAGE_SP2" : "이정표",
        "DETAIL_SPO" : "이정표 신설 요함.",
        "ETC_MATTER" : "우측으로 통행할 것.",
        "MNTN_NM" : "서원산",
        "PAST_SPOT_" : "24120512000015",
        "MNTN_ID" : "2412051200"
      },
      "geometry" : {
        "x" : 167921.10869999975,
        "y" : 458008.02499999851
      }
    },
    {
      "attributes" : {
        "FID" : 15,
        "PMNTN_SPOT" : 50738,
        "MNTN_CODE" : "448101301",
        "MANAGE_SP1" : "10",
        "MANAGE_SP2" : "이정표",
        "DETAIL_SPO" : "이정표 신설 요함.",
        "ETC_MATTER" : "좌측으로 통행할 것.",
        "MNTN_NM" : "서원산",
        "PAST_SPOT_" : "24120512000016",
        "MNTN_ID" : "2412051200"
      },
      "geometry" : {
        "x" : 167930.14820000064,
        "y" : 457962.46900000237
      }
    },
    {
      "attributes" : {
        "FID" : 16,
        "PMNTN_SPOT" : 50739,
        "MNTN_CODE" : "448101301",
        "MANAGE_SP1" : "99",
        "MANAGE_SP2" : "기타",
        "DETAIL_SPO" : "등산로 전경",
        "ETC_MATTER" : " ",
        "MNTN_NM" : "서원산",
        "PAST_SPOT_" : "24120512000017",
        "MNTN_ID" : "2412051200"
      },
      "geometry" : {
        "x" : 166845.17760000285,
        "y" : 459682.88929999992
      }
    },
    {
      "attributes" : {
        "FID" : 17,
        "PMNTN_SPOT" : 50740,
        "MNTN_CODE" : "448101301",
        "MANAGE_SP1" : "10",
        "MANAGE_SP2" : "이정표",
        "DETAIL_SPO" : "이정표 신설 요함.",
        "ETC_MATTER" : "좌/우측 수로이므로 직진 통행할 것.",
        "MNTN_NM" : "서원산",
        "PAST_SPOT_" : "24120512000018",
        "MNTN_ID" : "2412051200"
      },
      "geometry" : {
        "x" : 166786.66480000224,
        "y" : 459736.13020000048
      }
    },
    {
      "attributes" : {
        "FID" : 18,
        "PMNTN_SPOT" : 50741,
        "MNTN_CODE" : "448101301",
        "MANAGE_SP1" : "99",
        "MANAGE_SP2" : "기타",
        "DETAIL_SPO" : "묘지 흔적",
        "ETC_MATTER" : " ",
        "MNTN_NM" : "서원산",
        "PAST_SPOT_" : "24120512000019",
        "MNTN_ID" : "2412051200"
      },
      "geometry" : {
        "x" : 166746.39670000132,
        "y" : 459840.91520000249
      }
    },
    {
      "attributes" : {
        "FID" : 19,
        "PMNTN_SPOT" : 50742,
        "MNTN_CODE" : "448101301",
        "MANAGE_SP1" : "99",
        "MANAGE_SP2" : "기타",
        "DETAIL_SPO" : "등산로 전경",
        "ETC_MATTER" : " ",
        "MNTN_NM" : "서원산",
        "PAST_SPOT_" : "24120512000020",
        "MNTN_ID" : "2412051200"
      },
      "geometry" : {
        "x" : 168072.35490000341,
        "y" : 457844.37920000218
      }
    },
    {
      "attributes" : {
        "FID" : 20,
        "PMNTN_SPOT" : 50743,
        "MNTN_CODE" : "448101301",
        "MANAGE_SP1" : "10",
        "MANAGE_SP2" : "이정표",
        "DETAIL_SPO" : "이정표 신설 요함.",
        "ETC_MATTER" : "좌측 길 없어지므로 우측 통행할 것.",
        "MNTN_NM" : "서원산",
        "PAST_SPOT_" : "24120512000021",
        "MNTN_ID" : "2412051200"
      },
      "geometry" : {
        "x" : 166730.34610000253,
        "y" : 459900.49419999868
      }
    },
    {
      "attributes" : {
        "FID" : 21,
        "PMNTN_SPOT" : 50744,
        "MNTN_CODE" : "448101301",
        "MANAGE_SP1" : "10",
        "MANAGE_SP2" : "이정표",
        "DETAIL_SPO" : "이정표 신설 요함.",
        "ETC_MATTER" : "우측길은 묘지길로 직진 통행할 것.",
        "MNTN_NM" : "서원산",
        "PAST_SPOT_" : "24120512000022",
        "MNTN_ID" : "2412051200"
      },
      "geometry" : {
        "x" : 167059.08509999979,
        "y" : 460179.54209999926
      }
    },
    {
      "attributes" : {
        "FID" : 22,
        "PMNTN_SPOT" : 50745,
        "MNTN_CODE" : "448101301",
        "MANAGE_SP1" : "10",
        "MANAGE_SP2" : "이정표",
        "DETAIL_SPO" : "이정표 신설 요함.",
        "ETC_MATTER" : "직진길은 없어지므로 우측 통행할 것.",
        "MNTN_NM" : "서원산",
        "PAST_SPOT_" : "24120512000023",
        "MNTN_ID" : "2412051200"
      },
      "geometry" : {
        "x" : 167081.86270000134,
        "y" : 460214.70000000112
      }
    },
    {
      "attributes" : {
        "FID" : 23,
        "PMNTN_SPOT" : 50746,
        "MNTN_CODE" : "448101301",
        "MANAGE_SP1" : "23",
        "MANAGE_SP2" : "정상",
        "DETAIL_SPO" : "봉산면, 서원산 정상부 일대 전경",
        "ETC_MATTER" : " ",
        "MNTN_NM" : "서원산",
        "PAST_SPOT_" : "24120512000024",
        "MNTN_ID" : "2412051200"
      },
      "geometry" : {
        "x" : 167145.91399999987,
        "y" : 460243.1734000016
      }
    },
    {
      "attributes" : {
        "FID" : 24,
        "PMNTN_SPOT" : 50747,
        "MNTN_CODE" : "448101301",
        "MANAGE_SP1" : "10",
        "MANAGE_SP2" : "이정표",
        "DETAIL_SPO" : "이정표 신설 요함.",
        "ETC_MATTER" : "우측길은 없어지므로 좌측 통행할 것.",
        "MNTN_NM" : "서원산",
        "PAST_SPOT_" : "24120512000025",
        "MNTN_ID" : "2412051200"
      },
      "geometry" : {
        "x" : 167307.94940000027,
        "y" : 460636.12600000389
      }
    },
    {
      "attributes" : {
        "FID" : 25,
        "PMNTN_SPOT" : 50748,
        "MNTN_CODE" : "448101301",
        "MANAGE_SP1" : "99",
        "MANAGE_SP2" : "기타",
        "DETAIL_SPO" : "벌채지",
        "ETC_MATTER" : " ",
        "MNTN_NM" : "서원산",
        "PAST_SPOT_" : "24120512000026",
        "MNTN_ID" : "2412051200"
      },
      "geometry" : {
        "x" : 167347.23730000108,
        "y" : 460803.7929999996
      }
    },
    {
      "attributes" : {
        "FID" : 26,
        "PMNTN_SPOT" : 50749,
        "MNTN_CODE" : "448101301",
        "MANAGE_SP1" : "99",
        "MANAGE_SP2" : "기타",
        "DETAIL_SPO" : "송전탑",
        "ETC_MATTER" : " ",
        "MNTN_NM" : "서원산",
        "PAST_SPOT_" : "24120512000027",
        "MNTN_ID" : "2412051200"
      },
      "geometry" : {
        "x" : 167298.89220000338,
        "y" : 460901.12670000084
      }
    },
    {
      "attributes" : {
        "FID" : 27,
        "PMNTN_SPOT" : 50750,
        "MNTN_CODE" : "448101301",
        "MANAGE_SP1" : "99",
        "MANAGE_SP2" : "기타",
        "DETAIL_SPO" : "송전탑",
        "ETC_MATTER" : " ",
        "MNTN_NM" : "서원산",
        "PAST_SPOT_" : "24120512000028",
        "MNTN_ID" : "2412051200"
      },
      "geometry" : {
        "x" : 167289.03769999929,
        "y" : 461188.59219999984
      }
    },
    {
      "attributes" : {
        "FID" : 28,
        "PMNTN_SPOT" : 50751,
        "MNTN_CODE" : "448101301",
        "MANAGE_SP1" : "99",
        "MANAGE_SP2" : "기타",
        "DETAIL_SPO" : "송전탑",
        "ETC_MATTER" : " ",
        "MNTN_NM" : "서원산",
        "PAST_SPOT_" : "24120512000029",
        "MNTN_ID" : "2412051200"
      },
      "geometry" : {
        "x" : 167229.52220000047,
        "y" : 461489.89880000055
      }
    },
    {
      "attributes" : {
        "FID" : 29,
        "PMNTN_SPOT" : 50752,
        "MNTN_CODE" : "448101301",
        "MANAGE_SP1" : "99",
        "MANAGE_SP2" : "기타",
        "DETAIL_SPO" : "묘지 1기",
        "ETC_MATTER" : " ",
        "MNTN_NM" : "서원산",
        "PAST_SPOT_" : "24120512000030",
        "MNTN_ID" : "2412051200"
      },
      "geometry" : {
        "x" : 168158.49170000199,
        "y" : 457632.27200000174
      }
    },
    {
      "attributes" : {
        "FID" : 30,
        "PMNTN_SPOT" : 50753,
        "MNTN_CODE" : "448101301",
        "MANAGE_SP1" : "99",
        "MANAGE_SP2" : "기타",
        "DETAIL_SPO" : "사거리",
        "ETC_MATTER" : "좌측(원평리), 직진(묘지길), 우(실티재), 우측 통행할 것.",
        "MNTN_NM" : "서원산",
        "PAST_SPOT_" : "24120512000031",
        "MNTN_ID" : "2412051200"
      },
      "geometry" : {
        "x" : 167036.01330000255,
        "y" : 461995.73090000451
      }
    },
    {
      "attributes" : {
        "FID" : 31,
        "PMNTN_SPOT" : 50754,
        "MNTN_CODE" : "448101301",
        "MANAGE_SP1" : "10",
        "MANAGE_SP2" : "이정표",
        "DETAIL_SPO" : "이정표 신설 요함.",
        "ETC_MATTER" : "좌/우(묘지길), 직진 통행할 것.",
        "MNTN_NM" : "서원산",
        "PAST_SPOT_" : "24120512000032",
        "MNTN_ID" : "2412051200"
      },
      "geometry" : {
        "x" : 167129.92780000251,
        "y" : 462085.96880000271
      }
    },
    {
      "attributes" : {
        "FID" : 32,
        "PMNTN_SPOT" : 50755,
        "MNTN_CODE" : "448101301",
        "MANAGE_SP1" : "99",
        "MANAGE_SP2" : "기타",
        "DETAIL_SPO" : "등산로 정비 요함.",
        "ETC_MATTER" : " ",
        "MNTN_NM" : "서원산",
        "PAST_SPOT_" : "24120512000033",
        "MNTN_ID" : "2412051200"
      },
      "geometry" : {
        "x" : 168227.86240000278,
        "y" : 457501.62850000151
      }
    },
    {
      "attributes" : {
        "FID" : 33,
        "PMNTN_SPOT" : 50756,
        "MNTN_CODE" : "448101301",
        "MANAGE_SP1" : "99",
        "MANAGE_SP2" : "기타",
        "DETAIL_SPO" : "등산로 정비 요함.",
        "ETC_MATTER" : " ",
        "MNTN_NM" : "서원산",
        "PAST_SPOT_" : "24120512000034",
        "MNTN_ID" : "2412051200"
      },
      "geometry" : {
        "x" : 168237.82510000002,
        "y" : 457403.50039999746
      }
    },
    {
      "attributes" : {
        "FID" : 34,
        "PMNTN_SPOT" : 50757,
        "MNTN_CODE" : "448101301",
        "MANAGE_SP1" : "99",
        "MANAGE_SP2" : "기타",
        "DETAIL_SPO" : "삼각점,묘지",
        "ETC_MATTER" : " ",
        "MNTN_NM" : "서원산",
        "PAST_SPOT_" : "24120512000035",
        "MNTN_ID" : "2412051200"
      },
      "geometry" : {
        "x" : 168324.77089999989,
        "y" : 457041.20940000191
      }
    },
    {
      "attributes" : {
        "FID" : 35,
        "PMNTN_SPOT" : 50758,
        "MNTN_CODE" : "448101301",
        "MANAGE_SP1" : "99",
        "MANAGE_SP2" : "기타",
        "DETAIL_SPO" : "등산로 정비 요함.",
        "ETC_MATTER" : " ",
        "MNTN_NM" : "서원산",
        "PAST_SPOT_" : "24120512000036",
        "MNTN_ID" : "2412051200"
      },
      "geometry" : {
        "x" : 168438.75540000293,
        "y" : 456877.44260000065
      }
    },
    {
      "attributes" : {
        "FID" : 36,
        "PMNTN_SPOT" : 50759,
        "MNTN_CODE" : "448101301",
        "MANAGE_SP1" : "99",
        "MANAGE_SP2" : "기타",
        "DETAIL_SPO" : "등산로 정비 요함.",
        "ETC_MATTER" : " ",
        "MNTN_NM" : "서원산",
        "PAST_SPOT_" : "24120512000037",
        "MNTN_ID" : "2412051200"
      },
      "geometry" : {
        "x" : 168478.02740000188,
        "y" : 456844.19360000081
      }
    },
    {
      "attributes" : {
        "FID" : 37,
        "PMNTN_SPOT" : 50760,
        "MNTN_CODE" : "448101301",
        "MANAGE_SP1" : "99",
        "MANAGE_SP2" : "기타",
        "DETAIL_SPO" : "아스팔트 포장길,이정표신설요함",
        "ETC_MATTER" : " ",
        "MNTN_NM" : "서원산",
        "PAST_SPOT_" : "24120512000038",
        "MNTN_ID" : "2412051200"
      },
      "geometry" : {
        "x" : 168545.01430000272,
        "y" : 456820.02009999938
      }
    },
    {
      "attributes" : {
        "FID" : 38,
        "PMNTN_SPOT" : 50761,
        "MNTN_CODE" : "448101301",
        "MANAGE_SP1" : "99",
        "MANAGE_SP2" : "기타",
        "DETAIL_SPO" : "덕산 정수장 뒷편 펜스",
        "ETC_MATTER" : " ",
        "MNTN_NM" : "서원산",
        "PAST_SPOT_" : "24120512000039",
        "MNTN_ID" : "2412051200"
      },
      "geometry" : {
        "x" : 168644.24990000296,
        "y" : 456924.99220000021
      }
    },
    {
      "attributes" : {
        "FID" : 39,
        "PMNTN_SPOT" : 50762,
        "MNTN_CODE" : "448101301",
        "MANAGE_SP1" : "99",
        "MANAGE_SP2" : "기타",
        "DETAIL_SPO" : "관음암,이정표신설요함",
        "ETC_MATTER" : " ",
        "MNTN_NM" : "서원산",
        "PAST_SPOT_" : "24120512000040",
        "MNTN_ID" : "2412051200"
      },
      "geometry" : {
        "x" : 168667.48350000009,
        "y" : 456942.69610000215
      }
    },
    {
      "attributes" : {
        "FID" : 40,
        "PMNTN_SPOT" : 50763,
        "MNTN_CODE" : "448101301",
        "MANAGE_SP1" : "10",
        "MANAGE_SP2" : "이정표",
        "DETAIL_SPO" : "이정표 신설 요함.",
        "ETC_MATTER" : "묘지 뒷편 능선길로 통행할 것.",
        "MNTN_NM" : "서원산",
        "PAST_SPOT_" : "24120512000041",
        "MNTN_ID" : "2412051200"
      },
      "geometry" : {
        "x" : 167751.9012000002,
        "y" : 457965.81570000388
      }
    },
    {
      "attributes" : {
        "FID" : 41,
        "PMNTN_SPOT" : 50764,
        "MNTN_CODE" : "448101301",
        "MANAGE_SP1" : "99",
        "MANAGE_SP2" : "기타",
        "DETAIL_SPO" : "벌채지,임도",
        "ETC_MATTER" : " ",
        "MNTN_NM" : "서원산",
        "PAST_SPOT_" : "24120512000042",
        "MNTN_ID" : "2412051200"
      },
      "geometry" : {
        "x" : 167316.78760000039,
        "y" : 460909.88069999777
      }
    },
    {
      "attributes" : {
        "FID" : 42,
        "PMNTN_SPOT" : 50765,
        "MNTN_CODE" : "448101301",
        "MANAGE_SP1" : "99",
        "MANAGE_SP2" : "기타",
        "DETAIL_SPO" : "등산로 전경,이정표신설요함",
        "ETC_MATTER" : " ",
        "MNTN_NM" : "서원산",
        "PAST_SPOT_" : "24120512000043",
        "MNTN_ID" : "2412051200"
      },
      "geometry" : {
        "x" : 166384.22870000079,
        "y" : 459396.79020000063
      }
    },
    {
      "attributes" : {
        "FID" : 43,
        "PMNTN_SPOT" : 50766,
        "MNTN_CODE" : "448101301",
        "MANAGE_SP1" : "99",
        "MANAGE_SP2" : "기타",
        "DETAIL_SPO" : "묘지 흔적 공터",
        "ETC_MATTER" : " ",
        "MNTN_NM" : "서원산",
        "PAST_SPOT_" : "24120512000044",
        "MNTN_ID" : "2412051200"
      },
      "geometry" : {
        "x" : 166352.49740000162,
        "y" : 459364.33280000277
      }
    },
    {
      "attributes" : {
        "FID" : 44,
        "PMNTN_SPOT" : 50767,
        "MNTN_CODE" : "448101301",
        "MANAGE_SP1" : "10",
        "MANAGE_SP2" : "이정표",
        "DETAIL_SPO" : "이정표 신설 요함.",
        "ETC_MATTER" : "우측:묘지길, 직진 통행할 것.",
        "MNTN_NM" : "서원산",
        "PAST_SPOT_" : "24120512000045",
        "MNTN_ID" : "2412051200"
      },
      "geometry" : {
        "x" : 166370.99330000114,
        "y" : 459354.41629999876
      }
    },
    {
      "attributes" : {
        "FID" : 45,
        "PMNTN_SPOT" : 50768,
        "MNTN_CODE" : "448101301",
        "MANAGE_SP1" : "02",
        "MANAGE_SP2" : "분기점",
        "DETAIL_SPO" : "이정표 신설 요함.",
        "ETC_MATTER" : "직진:서산시 운산면 원평리 임도길, 우측 통행할 것.",
        "MNTN_NM" : "서원산",
        "PAST_SPOT_" : "24120512000046",
        "MNTN_ID" : "2412051200"
      },
      "geometry" : {
        "x" : 166239.55390000064,
        "y" : 459452.76340000145
      }
    },
    {
      "attributes" : {
        "FID" : 46,
        "PMNTN_SPOT" : 50769,
        "MNTN_CODE" : "448101301",
        "MANAGE_SP1" : "02",
        "MANAGE_SP2" : "분기점",
        "DETAIL_SPO" : "분기(서원산Ⅰ-1)",
        "ETC_MATTER" : " ",
        "MNTN_NM" : "서원산",
        "PAST_SPOT_" : "24120512000047",
        "MNTN_ID" : "2412051200"
      },
      "geometry" : {
        "x" : 166313.60940000229,
        "y" : 459403.33640000224
      }
    },
    {
      "attributes" : {
        "FID" : 47,
        "PMNTN_SPOT" : 50770,
        "MNTN_CODE" : "448101301",
        "MANAGE_SP1" : "02",
        "MANAGE_SP2" : "분기점",
        "DETAIL_SPO" : "분기(서원산Ⅰ-1)",
        "ETC_MATTER" : " ",
        "MNTN_NM" : "서원산",
        "PAST_SPOT_" : "24120512000048",
        "MNTN_ID" : "2412051200"
      },
      "geometry" : {
        "x" : 166406.99890000187,
        "y" : 459365.36080000177
      }
    },
    {
      "attributes" : {
        "FID" : 48,
        "PMNTN_SPOT" : 50771,
        "MNTN_CODE" : "448101301",
        "MANAGE_SP1" : "01",
        "MANAGE_SP2" : "시종점",
        "DETAIL_SPO" : "시종점",
        "ETC_MATTER" : " ",
        "MNTN_NM" : "서원산",
        "PAST_SPOT_" : "24120512000049",
        "MNTN_ID" : "2412051200"
      },
      "geometry" : {
        "x" : 166416.93940000143,
        "y" : 457925.86380000412
      }
    },
    {
      "attributes" : {
        "FID" : 49,
        "PMNTN_SPOT" : 50772,
        "MNTN_CODE" : "448101301",
        "MANAGE_SP1" : "01",
        "MANAGE_SP2" : "시종점",
        "DETAIL_SPO" : "시종점",
        "ETC_MATTER" : " ",
        "MNTN_NM" : "서원산",
        "PAST_SPOT_" : "24120512000050",
        "MNTN_ID" : "2412051200"
      },
      "geometry" : {
        "x" : 166902.54399999976,
        "y" : 461502.67119999975
      }
    },
    {
      "attributes" : {
        "FID" : 50,
        "PMNTN_SPOT" : 50773,
        "MNTN_CODE" : "448101301",
        "MANAGE_SP1" : "02",
        "MANAGE_SP2" : "분기점",
        "DETAIL_SPO" : "가야산 봉우리 전경",
        "ETC_MATTER" : " ",
        "MNTN_NM" : "서원산",
        "PAST_SPOT_" : "24120512000051",
        "MNTN_ID" : "2412051200"
      },
      "geometry" : {
        "x" : 166997.89059999958,
        "y" : 459333.49320000224
      }
    },
    {
      "attributes" : {
        "FID" : 51,
        "PMNTN_SPOT" : 50774,
        "MNTN_CODE" : "448101301",
        "MANAGE_SP1" : "01",
        "MANAGE_SP2" : "시종점",
        "DETAIL_SPO" : "시종점",
        "ETC_MATTER" : "가야산주차장",
        "MNTN_NM" : "서원산",
        "PAST_SPOT_" : "24120512000052",
        "MNTN_ID" : "2412051200"
      },
      "geometry" : {
        "x" : 167072.70740000065,
        "y" : 457411.20370000415
      }
    },
    {
      "attributes" : {
        "FID" : 52,
        "PMNTN_SPOT" : 50775,
        "MNTN_CODE" : "448101301",
        "MANAGE_SP1" : "02",
        "MANAGE_SP2" : "분기점",
        "DETAIL_SPO" : "경사가 급하여 주의 요함.분기",
        "ETC_MATTER" : " ",
        "MNTN_NM" : "서원산",
        "PAST_SPOT_" : "24120512000053",
        "MNTN_ID" : "2412051200"
      },
      "geometry" : {
        "x" : 167852.56350000016,
        "y" : 458073.29250000045
      }
    },
    {
      "attributes" : {
        "FID" : 53,
        "PMNTN_SPOT" : 50776,
        "MNTN_CODE" : "448101301",
        "MANAGE_SP1" : "01",
        "MANAGE_SP2" : "시종점",
        "DETAIL_SPO" : "시종점",
        "ETC_MATTER" : " ",
        "MNTN_NM" : "서원산",
        "PAST_SPOT_" : "24120512000054",
        "MNTN_ID" : "2412051200"
      },
      "geometry" : {
        "x" : 169166.01360000297,
        "y" : 456688.20030000061
      }
    },
    {
      "attributes" : {
        "FID" : 54,
        "PMNTN_SPOT" : 50777,
        "MNTN_CODE" : "448101301",
        "MANAGE_SP1" : "01",
        "MANAGE_SP2" : "시종점",
        "DETAIL_SPO" : "시종점",
        "ETC_MATTER" : " ",
        "MNTN_NM" : "서원산",
        "PAST_SPOT_" : "24120512000055",
        "MNTN_ID" : "2412051200"
      },
      "geometry" : {
        "x" : 167307.9159925282,
        "y" : 462260.25249969959
      }
    }
  ]
}