{
  "displayFieldName" : "",
  "fieldAliases" : {
    "FID" : "FID",
    "PMNTN_SPOT" : "PMNTN_SPOT",
    "MNTN_CODE" : "MNTN_CODE",
    "MANAGE_SP1" : "MANAGE_SP1",
    "MANAGE_SP2" : "MANAGE_SP2",
    "DETAIL_SPO" : "DETAIL_SPO",
    "ETC_MATTER" : "ETC_MATTER",
    "MNTN_NM" : "MNTN_NM",
    "PAST_SPOT_" : "PAST_SPOT_",
    "MNTN_ID" : "MNTN_ID"
  },
  "geometryType" : "esriGeometryPoint",
  "spatialReference" : {
    "wkt" : "PROJCS[\"PCS_ITRF2000_TM\",GEOGCS[\"GCS_ITRF_2000\",DATUM[\"D_ITRF_2000\",SPHEROID[\"GRS_1980\",6378137.0,298.257222101]],PRIMEM[\"Greenwich\",0.0],UNIT[\"Degree\",0.0174532925199433]],PROJECTION[\"Transverse_Mercator\"],PARAMETER[\"False_Easting\",200000.0],PARAMETER[\"False_Northing\",600000.0],PARAMETER[\"Central_Meridian\",127.0],PARAMETER[\"Scale_Factor\",1.0],PARAMETER[\"Latitude_Of_Origin\",38.0],UNIT[\"Meter\",1.0]]"
  },
  "fields" : [
    {
      "name" : "FID",
      "type" : "esriFieldTypeOID",
      "alias" : "FID"
    },
    {
      "name" : "PMNTN_SPOT",
      "type" : "esriFieldTypeDouble",
      "alias" : "PMNTN_SPOT"
    },
    {
      "name" : "MNTN_CODE",
      "type" : "esriFieldTypeString",
      "alias" : "MNTN_CODE",
      "length" : 9
    },
    {
      "name" : "MANAGE_SP1",
      "type" : "esriFieldTypeString",
      "alias" : "MANAGE_SP1",
      "length" : 2
    },
    {
      "name" : "MANAGE_SP2",
      "type" : "esriFieldTypeString",
      "alias" : "MANAGE_SP2",
      "length" : 50
    },
    {
      "name" : "DETAIL_SPO",
      "type" : "esriFieldTypeString",
      "alias" : "DETAIL_SPO",
      "length" : 200
    },
    {
      "name" : "ETC_MATTER",
      "type" : "esriFieldTypeString",
      "alias" : "ETC_MATTER",
      "length" : 200
    },
    {
      "name" : "MNTN_NM",
      "type" : "esriFieldTypeString",
      "alias" : "MNTN_NM",
      "length" : 50
    },
    {
      "name" : "PAST_SPOT_",
      "type" : "esriFieldTypeString",
      "alias" : "PAST_SPOT_",
      "length" : 14
    },
    {
      "name" : "MNTN_ID",
      "type" : "esriFieldTypeString",
      "alias" : "MNTN_ID",
      "length" : 10
    }
  ],
  "features" : [
    {
      "attributes" : {
        "FID" : 0,
        "PMNTN_SPOT" : 3954,
        "MNTN_CODE" : "467300201",
        "MANAGE_SP1" : "02",
        "MANAGE_SP2" : "분기점",
        "DETAIL_SPO" : "분기점",
        "ETC_MATTER" : " ",
        "MNTN_NM" : "견두산",
        "PAST_SPOT_" : "4673002010001",
        "MNTN_ID" : "467300201"
      },
      "geometry" : {
        "x" : 235083.5111000007,
        "y" : 300049.03979999945
      }
    },
    {
      "attributes" : {
        "FID" : 1,
        "PMNTN_SPOT" : 3955,
        "MNTN_CODE" : "467300201",
        "MANAGE_SP1" : "02",
        "MANAGE_SP2" : "분기점",
        "DETAIL_SPO" : "분기점",
        "ETC_MATTER" : " ",
        "MNTN_NM" : "견두산",
        "PAST_SPOT_" : "4673002010002",
        "MNTN_ID" : "467300201"
      },
      "geometry" : {
        "x" : 235108.96120000072,
        "y" : 298099.6995000001
      }
    },
    {
      "attributes" : {
        "FID" : 2,
        "PMNTN_SPOT" : 3956,
        "MNTN_CODE" : "467300201",
        "MANAGE_SP1" : "01",
        "MANAGE_SP2" : "시종점",
        "DETAIL_SPO" : "시종점",
        "ETC_MATTER" : " ",
        "MNTN_NM" : "견두산",
        "PAST_SPOT_" : "4673002010003",
        "MNTN_ID" : "467300201"
      },
      "geometry" : {
        "x" : 235356.39180000126,
        "y" : 292218.40630000457
      }
    },
    {
      "attributes" : {
        "FID" : 3,
        "PMNTN_SPOT" : 3957,
        "MNTN_CODE" : "467300201",
        "MANAGE_SP1" : "01",
        "MANAGE_SP2" : "시종점",
        "DETAIL_SPO" : "시종점",
        "ETC_MATTER" : " ",
        "MNTN_NM" : "견두산",
        "PAST_SPOT_" : "4673002010004",
        "MNTN_ID" : "467300201"
      },
      "geometry" : {
        "x" : 235464.83400000166,
        "y" : 300187.16159999929
      }
    },
    {
      "attributes" : {
        "FID" : 4,
        "PMNTN_SPOT" : 3958,
        "MNTN_CODE" : "467300201",
        "MANAGE_SP1" : "02",
        "MANAGE_SP2" : "분기점",
        "DETAIL_SPO" : "분기점",
        "ETC_MATTER" : " ",
        "MNTN_NM" : "견두산",
        "PAST_SPOT_" : "4673002010005",
        "MNTN_ID" : "467300201"
      },
      "geometry" : {
        "x" : 236356.76709999982,
        "y" : 295066.51640000008
      }
    },
    {
      "attributes" : {
        "FID" : 5,
        "PMNTN_SPOT" : 3959,
        "MNTN_CODE" : "467300201",
        "MANAGE_SP1" : "01",
        "MANAGE_SP2" : "시종점",
        "DETAIL_SPO" : "시종점",
        "ETC_MATTER" : " ",
        "MNTN_NM" : "견두산",
        "PAST_SPOT_" : "4673002010006",
        "MNTN_ID" : "467300201"
      },
      "geometry" : {
        "x" : 236960.64720000047,
        "y" : 288344.30730000325
      }
    },
    {
      "attributes" : {
        "FID" : 6,
        "PMNTN_SPOT" : 3960,
        "MNTN_CODE" : "467300201",
        "MANAGE_SP1" : "02",
        "MANAGE_SP2" : "분기점",
        "DETAIL_SPO" : "분기점",
        "ETC_MATTER" : " ",
        "MNTN_NM" : "견두산",
        "PAST_SPOT_" : "4673002010007",
        "MNTN_ID" : "467300201"
      },
      "geometry" : {
        "x" : 237029.2471000012,
        "y" : 292077.6686000023
      }
    },
    {
      "attributes" : {
        "FID" : 7,
        "PMNTN_SPOT" : 3961,
        "MNTN_CODE" : "467300201",
        "MANAGE_SP1" : "02",
        "MANAGE_SP2" : "분기점",
        "DETAIL_SPO" : "분기점",
        "ETC_MATTER" : " ",
        "MNTN_NM" : "견두산",
        "PAST_SPOT_" : "4673002010008",
        "MNTN_ID" : "467300201"
      },
      "geometry" : {
        "x" : 237145.84379999992,
        "y" : 303726.42879999988
      }
    },
    {
      "attributes" : {
        "FID" : 8,
        "PMNTN_SPOT" : 3962,
        "MNTN_CODE" : "467300201",
        "MANAGE_SP1" : "01",
        "MANAGE_SP2" : "시종점",
        "DETAIL_SPO" : "시종점",
        "ETC_MATTER" : " ",
        "MNTN_NM" : "견두산",
        "PAST_SPOT_" : "4673002010009",
        "MNTN_ID" : "467300201"
      },
      "geometry" : {
        "x" : 237364.05390000157,
        "y" : 298798.35510000028
      }
    },
    {
      "attributes" : {
        "FID" : 9,
        "PMNTN_SPOT" : 3963,
        "MNTN_CODE" : "467300201",
        "MANAGE_SP1" : "02",
        "MANAGE_SP2" : "분기점",
        "DETAIL_SPO" : "분기점",
        "ETC_MATTER" : " ",
        "MNTN_NM" : "견두산",
        "PAST_SPOT_" : "4673002010010",
        "MNTN_ID" : "467300201"
      },
      "geometry" : {
        "x" : 237734.93759999983,
        "y" : 291904.95620000176
      }
    },
    {
      "attributes" : {
        "FID" : 10,
        "PMNTN_SPOT" : 3964,
        "MNTN_CODE" : "467300201",
        "MANAGE_SP1" : "02",
        "MANAGE_SP2" : "분기점",
        "DETAIL_SPO" : "분기점",
        "ETC_MATTER" : " ",
        "MNTN_NM" : "견두산",
        "PAST_SPOT_" : "4673002010011",
        "MNTN_ID" : "467300201"
      },
      "geometry" : {
        "x" : 238190.3431000011,
        "y" : 292078.14790000208
      }
    },
    {
      "attributes" : {
        "FID" : 11,
        "PMNTN_SPOT" : 3965,
        "MNTN_CODE" : "467300201",
        "MANAGE_SP1" : "01",
        "MANAGE_SP2" : "시종점",
        "DETAIL_SPO" : "시종점",
        "ETC_MATTER" : " ",
        "MNTN_NM" : "견두산",
        "PAST_SPOT_" : "4673002010012",
        "MNTN_ID" : "467300201"
      },
      "geometry" : {
        "x" : 238622.63609999884,
        "y" : 296050.91889999993
      }
    },
    {
      "attributes" : {
        "FID" : 12,
        "PMNTN_SPOT" : 3966,
        "MNTN_CODE" : "467300201",
        "MANAGE_SP1" : "02",
        "MANAGE_SP2" : "분기점",
        "DETAIL_SPO" : "분기점",
        "ETC_MATTER" : " ",
        "MNTN_NM" : "견두산",
        "PAST_SPOT_" : "4673002010013",
        "MNTN_ID" : "467300201"
      },
      "geometry" : {
        "x" : 238993.95239999983,
        "y" : 303353.6743999999
      }
    },
    {
      "attributes" : {
        "FID" : 13,
        "PMNTN_SPOT" : 3967,
        "MNTN_CODE" : "467300201",
        "MANAGE_SP1" : "01",
        "MANAGE_SP2" : "시종점",
        "DETAIL_SPO" : "시종점",
        "ETC_MATTER" : " ",
        "MNTN_NM" : "견두산",
        "PAST_SPOT_" : "4673002010014",
        "MNTN_ID" : "467300201"
      },
      "geometry" : {
        "x" : 239342.76060000062,
        "y" : 303485.4074000027
      }
    },
    {
      "attributes" : {
        "FID" : 14,
        "PMNTN_SPOT" : 3968,
        "MNTN_CODE" : "467300201",
        "MANAGE_SP1" : "01",
        "MANAGE_SP2" : "시종점",
        "DETAIL_SPO" : "시종점",
        "ETC_MATTER" : " ",
        "MNTN_NM" : "견두산",
        "PAST_SPOT_" : "4673002010015",
        "MNTN_ID" : "467300201"
      },
      "geometry" : {
        "x" : 239608.54060000088,
        "y" : 291432.83030000143
      }
    },
    {
      "attributes" : {
        "FID" : 15,
        "PMNTN_SPOT" : 3969,
        "MNTN_CODE" : "467300201",
        "MANAGE_SP1" : "01",
        "MANAGE_SP2" : "시종점",
        "DETAIL_SPO" : "시종점",
        "ETC_MATTER" : " ",
        "MNTN_NM" : "견두산",
        "PAST_SPOT_" : "4673002010016",
        "MNTN_ID" : "467300201"
      },
      "geometry" : {
        "x" : 239668.88030000124,
        "y" : 306783.06750000454
      }
    },
    {
      "attributes" : {
        "FID" : 16,
        "PMNTN_SPOT" : 3970,
        "MNTN_CODE" : "467300201",
        "MANAGE_SP1" : "01",
        "MANAGE_SP2" : "시종점",
        "DETAIL_SPO" : "시종점",
        "ETC_MATTER" : " ",
        "MNTN_NM" : "견두산",
        "PAST_SPOT_" : "4673002010017",
        "MNTN_ID" : "467300201"
      },
      "geometry" : {
        "x" : 239946.81377235334,
        "y" : 303311.26184711978
      }
    },
    {
      "attributes" : {
        "FID" : 17,
        "PMNTN_SPOT" : 3971,
        "MNTN_CODE" : "467300201",
        "MANAGE_SP1" : "01",
        "MANAGE_SP2" : "시종점",
        "DETAIL_SPO" : "시종점",
        "ETC_MATTER" : " ",
        "MNTN_NM" : "견두산",
        "PAST_SPOT_" : "4673002010018",
        "MNTN_ID" : "467300201"
      },
      "geometry" : {
        "x" : 240972.72920000087,
        "y" : 290968.51359999925
      }
    },
    {
      "attributes" : {
        "FID" : 18,
        "PMNTN_SPOT" : 3972,
        "MNTN_CODE" : "467300201",
        "MANAGE_SP1" : "01",
        "MANAGE_SP2" : "시종점",
        "DETAIL_SPO" : "시종점",
        "ETC_MATTER" : " ",
        "MNTN_NM" : "견두산",
        "PAST_SPOT_" : "4673002010019",
        "MNTN_ID" : "467300201"
      },
      "geometry" : {
        "x" : 241257.63530000206,
        "y" : 286446.78810000047
      }
    }
  ]
}