{
  "displayFieldName" : "",
  "fieldAliases" : {
    "FID" : "FID",
    "PMNTN_SN" : "PMNTN_SN",
    "MNTN_CODE" : "MNTN_CODE",
    "MNTN_NM" : "MNTN_NM",
    "PMNTN_NM" : "PMNTN_NM",
    "PMNTN_MAIN" : "PMNTN_MAIN",
    "PMNTN_LT" : "PMNTN_LT",
    "PMNTN_DFFL" : "PMNTN_DFFL",
    "PMNTN_UPPL" : "PMNTN_UPPL",
    "PMNTN_GODN" : "PMNTN_GODN",
    "PMNTN_MTRQ" : "PMNTN_MTRQ",
    "PMNTN_CNRL" : "PMNTN_CNRL",
    "PMNTN_CLS_" : "PMNTN_CLS_",
    "PMNTN_RISK" : "PMNTN_RISK",
    "PMNTN_RECO" : "PMNTN_RECO",
    "DATA_STDR_" : "DATA_STDR_",
    "MNTN_ID" : "MNTN_ID"
  },
  "geometryType" : "esriGeometryPolyline",
  "spatialReference" : {
    "wkt" : "PROJCS[\"PCS_ITRF2000_TM\",GEOGCS[\"GCS_ITRF_2000\",DATUM[\"D_ITRF_2000\",SPHEROID[\"GRS_1980\",6378137.0,298.257222101]],PRIMEM[\"Greenwich\",0.0],UNIT[\"Degree\",0.0174532925199433]],PROJECTION[\"Transverse_Mercator\"],PARAMETER[\"False_Easting\",200000.0],PARAMETER[\"False_Northing\",600000.0],PARAMETER[\"Central_Meridian\",127.0],PARAMETER[\"Scale_Factor\",1.0],PARAMETER[\"Latitude_Of_Origin\",38.0],UNIT[\"Meter\",1.0]]"
  },
  "fields" : [
    {
      "name" : "FID",
      "type" : "esriFieldTypeOID",
      "alias" : "FID"
    },
    {
      "name" : "PMNTN_SN",
      "type" : "esriFieldTypeDouble",
      "alias" : "PMNTN_SN"
    },
    {
      "name" : "MNTN_CODE",
      "type" : "esriFieldTypeString",
      "alias" : "MNTN_CODE",
      "length" : 9
    },
    {
      "name" : "MNTN_NM",
      "type" : "esriFieldTypeString",
      "alias" : "MNTN_NM",
      "length" : 50
    },
    {
      "name" : "PMNTN_NM",
      "type" : "esriFieldTypeString",
      "alias" : "PMNTN_NM",
      "length" : 50
    },
    {
      "name" : "PMNTN_MAIN",
      "type" : "esriFieldTypeString",
      "alias" : "PMNTN_MAIN",
      "length" : 200
    },
    {
      "name" : "PMNTN_LT",
      "type" : "esriFieldTypeSingle",
      "alias" : "PMNTN_LT"
    },
    {
      "name" : "PMNTN_DFFL",
      "type" : "esriFieldTypeString",
      "alias" : "PMNTN_DFFL",
      "length" : 8
    },
    {
      "name" : "PMNTN_UPPL",
      "type" : "esriFieldTypeDouble",
      "alias" : "PMNTN_UPPL"
    },
    {
      "name" : "PMNTN_GODN",
      "type" : "esriFieldTypeDouble",
      "alias" : "PMNTN_GODN"
    },
    {
      "name" : "PMNTN_MTRQ",
      "type" : "esriFieldTypeString",
      "alias" : "PMNTN_MTRQ",
      "length" : 200
    },
    {
      "name" : "PMNTN_CNRL",
      "type" : "esriFieldTypeString",
      "alias" : "PMNTN_CNRL",
      "length" : 1
    },
    {
      "name" : "PMNTN_CLS_",
      "type" : "esriFieldTypeString",
      "alias" : "PMNTN_CLS_",
      "length" : 1
    },
    {
      "name" : "PMNTN_RISK",
      "type" : "esriFieldTypeString",
      "alias" : "PMNTN_RISK",
      "length" : 200
    },
    {
      "name" : "PMNTN_RECO",
      "type" : "esriFieldTypeString",
      "alias" : "PMNTN_RECO",
      "length" : 1
    },
    {
      "name" : "DATA_STDR_",
      "type" : "esriFieldTypeString",
      "alias" : "DATA_STDR_",
      "length" : 10
    },
    {
      "name" : "MNTN_ID",
      "type" : "esriFieldTypeString",
      "alias" : "MNTN_ID",
      "length" : 10
    }
  ],
  "features" : [
    {
      "attributes" : {
        "FID" : 0,
        "PMNTN_SN" : 12223,
        "MNTN_CODE" : "291701801",
        "MNTN_NM" : "덕봉",
        "PMNTN_NM" : "화암동구간",
        "PMNTN_MAIN" : " ",
        "PMNTN_LT" : 0.71,
        "PMNTN_DFFL" : "쉬움",
        "PMNTN_UPPL" : 13,
        "PMNTN_GODN" : 9,
        "PMNTN_MTRQ" : " ",
        "PMNTN_CNRL" : " ",
        "PMNTN_CLS_" : " ",
        "PMNTN_RISK" : " ",
        "PMNTN_RECO" : " ",
        "DATA_STDR_" : "2016-12-31",
        "MNTN_ID" : "291701801"
      },
      "geometry" : {
        "paths" : [
          [
            [
              195784.88682995737,
              283440.1165738292
            ],
            [
              195827.2991130976,
              283427.62479167059
            ],
            [
              195835.73689146992,
              283434.01961129718
            ],
            [
              195863.29530286044,
              283427.80563304573
            ],
            [
              195869.65820952039,
              283425.72012324445
            ],
            [
              195897.13152007107,
              283436.44552890211
            ],
            [
              195923.66313499957,
              283423.87396208011
            ],
            [
              195936.36767377146,
              283423.93778839149
            ],
            [
              195958.62721134257,
              283418.75592645071
            ],
            [
              195969.25155933294,
              283411.3981337063
            ],
            [
              195980.90802481398,
              283409.33921774477
            ],
            [
              195999.93292118981,
              283415.78722678684
            ],
            [
              196008.40793325752,
              283414.77106592432
            ],
            [
              196015.84019027557,
              283410.57345120236
            ],
            [
              196028.56600572728,
              283406.40243059769
            ],
            [
              196044.50518823694,
              283394.83638447151
            ],
            [
              196066.77004715148,
              283388.59580943175
            ],
            [
              196075.23442219105,
              283389.6970717106
            ],
            [
              196081.57605499402,
              283391.84640810825
            ],
            [
              196091.10446074139,
              283391.89427750185
            ],
            [
              196096.44057006668,
              283383.45117751136
            ],
            [
              196106.00620762631,
              283376.08806439862
            ],
            [
              196119.79073598981,
              283371.92236167192
            ],
            [
              196126.14300674945,
              283371.95427445509
            ],
            [
              196137.8579808576,
              283358.24952768162
            ],
            [
              196148.45573659427,
              283356.18529184721
            ],
            [
              196159.02157977223,
              283360.47332697921
            ],
            [
              196174.88630110305,
              283363.72924430482
            ],
            [
              196193.93247712497,
              283365.94240624085
            ],
            [
              196202.43408490904,
              283359.63268523663
            ],
            [
              196214.1171472026,
              283352.28020853736
            ],
            [
              196225.81616587751,
              283341.75159589015
            ],
            [
              196240.63813282456,
              283341.82605855912
            ],
            [
              196262.81789602619,
              283352.52487214655
            ],
            [
              196284.99234086182,
              283364.2823982574
            ],
            [
              196309.25229729153,
              283382.40283464827
            ],
            [
              196338.81645191461,
              283398.43244207837
            ],
            [
              196368.40720145963,
              283409.16849014536
            ],
            [
              196393.76842224505,
              283418.8245513849
            ],
            [
              196408.56379770394,
              283424.19257599488
            ],
            [
              196432.91417709738,
              283424.31490976363
            ]
          ]
        ]
      }
    },
    {
      "attributes" : {
        "FID" : 1,
        "PMNTN_SN" : 12224,
        "MNTN_CODE" : "291701801",
        "MNTN_NM" : "덕봉",
        "PMNTN_NM" : "화암동구간",
        "PMNTN_MAIN" : " ",
        "PMNTN_LT" : 0.27,
        "PMNTN_DFFL" : "쉬움",
        "PMNTN_UPPL" : 5,
        "PMNTN_GODN" : 3,
        "PMNTN_MTRQ" : " ",
        "PMNTN_CNRL" : " ",
        "PMNTN_CLS_" : " ",
        "PMNTN_RISK" : " ",
        "PMNTN_RECO" : " ",
        "DATA_STDR_" : "2016-12-31",
        "MNTN_ID" : "291701801"
      },
      "geometry" : {
        "paths" : [
          [
            [
              196432.91417709738,
              283424.31490976363
            ],
            [
              196445.60808540788,
              283426.49616043083
            ],
            [
              196459.27560409438,
              283445.6221251227
            ],
            [
              196465.5161804175,
              283467.88699465059
            ],
            [
              196454.81736105587,
              283490.06676148809
            ],
            [
              196445.19852929283,
              283508.01699805632
            ],
            [
              196436.6277714707,
              283528.08997754566
            ],
            [
              196431.23314975388,
              283548.17891367525
            ],
            [
              196429.04125921614,
              283562.99024586752
            ],
            [
              196436.40437308047,
              283572.55588853173
            ],
            [
              196444.85279429611,
              283576.83328952827
            ],
            [
              196455.40268280357,
              283584.29746525548
            ],
            [
              196444.74641322996,
              283598.00753305107
            ],
            [
              196438.32499222737,
              283611.73887684569
            ],
            [
              196428.76998733729,
              283616.98456589319
            ],
            [
              196420.27369465865,
              283622.23557391763
            ],
            [
              196408.5746701071,
              283632.76418520883
            ]
          ]
        ]
      }
    },
    {
      "attributes" : {
        "FID" : 2,
        "PMNTN_SN" : 12225,
        "MNTN_CODE" : "291701801",
        "MNTN_NM" : "덕봉",
        "PMNTN_NM" : "화암동구간",
        "PMNTN_MAIN" : " ",
        "PMNTN_LT" : 1.69,
        "PMNTN_DFFL" : "쉬움",
        "PMNTN_UPPL" : 30,
        "PMNTN_GODN" : 21,
        "PMNTN_MTRQ" : " ",
        "PMNTN_CNRL" : " ",
        "PMNTN_CLS_" : " ",
        "PMNTN_RISK" : " ",
        "PMNTN_RECO" : " ",
        "DATA_STDR_" : "2016-12-31",
        "MNTN_ID" : "291701801"
      },
      "geometry" : {
        "paths" : [
          [
            [
              196432.91417709738,
              283424.31490976363
            ],
            [
              196443.58640037291,
              283407.42870356515
            ],
            [
              196453.1307665091,
              283404.30043656193
            ],
            [
              196472.21949905343,
              283398.04390235618
            ],
            [
              196481.75854663737,
              283395.97434737161
            ],
            [
              196489.22272040695,
              283385.42445686273
            ],
            [
              196500.90578666516,
              283378.07197810896
            ],
            [
              196513.59969605599,
              283380.25322828069
            ],
            [
              196536.87540960778,
              283383.54637889564
            ],
            [
              196561.21515488625,
              283385.78613618203
            ],
            [
              196578.15987088811,
              283384.81252486818
            ],
            [
              196591.97631940991,
              283374.29454592057
            ],
            [
              196612.15036103036,
              283362.74976699799
            ],
            [
              196636.55393379461,
              283352.28497504443
            ],
            [
              196656.72265737318,
              283341.79890747182
            ],
            [
              196676.8807437839,
              283333.43026432209
            ],
            [
              196712.93547406886,
              283321.96526443586
            ],
            [
              196732.05080521852,
              283310.4151640255
            ],
            [
              196776.51673206221,
              283310.63855043799
            ],
            [
              196825.20687417779,
              283313.00063701905
            ],
            [
              196860.06461054459,
              283329.05684506334
            ],
            [
              196862.1182108419,
              283341.772034619
            ],
            [
              196871.58279971499,
              283354.52445567213
            ],
            [
              196885.30351445172,
              283363.06330136769
            ],
            [
              196896.92276027519,
              283368.41537158191
            ],
            [
              196926.56139795575,
              283369.62301053852
            ],
            [
              196950.83732825983,
              283384.56732169725
            ],
            [
              196964.55804393813,
              283393.10616860352
            ],
            [
              196974.00667665992,
              283409.03473008052
            ],
            [
              196989.87141234614,
              283412.2906511724
            ],
            [
              197008.89101143368,
              283419.79738030955
            ],
            [
              197031.04951740801,
              283434.73105646484
            ],
            [
              197063.64622334763,
              283479.36188378371
            ],
            [
              197074.16420639772,
              283493.17834104598
            ],
            [
              197102.61116291489,
              283520.84848936833
            ],
            [
              197143.67757120728,
              283565.52187564969
            ],
            [
              197156.17468436062,
              283606.87551182508
            ],
            [
              197167.68223126605,
              283634.46056059189
            ],
            [
              197177.11490447167,
              283653.56526740827
            ],
            [
              197184.33972544689,
              283690.65745826624
            ],
            [
              197190.5377471773,
              283721.39205213636
            ],
            [
              197190.4685973078,
              283735.15532195009
            ],
            [
              197186.06352910772,
              283769.01286287419
            ],
            [
              197174.3857699167,
              283775.30662917718
            ],
            [
              197169.04433117714,
              283784.80845012888
            ],
            [
              197157.34529490862,
              283795.33706819639
            ],
            [
              197160.44164433796,
              283811.23372150213
            ],
            [
              197168.83155866712,
              283827.15697160736
            ],
            [
              197173.98682064936,
              283854.71010741964
            ],
            [
              197172.89619136229,
              283861.0570662953
            ],
            [
              197160.11184413638,
              283876.87392915413
            ],
            [
              197149.35981201939,
              283909.64083861373
            ],
            [
              197156.68037255574,
              283927.67619604804
            ],
            [
              197163.96901588608,
              283952.0638319701
            ],
            [
              197170.23618215136,
              283969.0351575017
            ],
            [
              197184.94645489473,
              283991.34260477498
            ],
            [
              197202.88074254245,
              284004.13759376667
            ],
            [
              197215.64325418044,
              284070.94202183187
            ],
            [
              197229.4874214204,
              284125.69555671699
            ],
            [
              197240.48827345576,
              284188.86970161088
            ],
            [
              197228.70177484769,
              284234.8201961685
            ],
            [
              197227.73315188196,
              284277.41808652692
            ],
            [
              197202.31902046502,
              284289.71657231823
            ],
            [
              197164.28306249715,
              284310.97819254734
            ]
          ]
        ]
      }
    },
    {
      "attributes" : {
        "FID" : 3,
        "PMNTN_SN" : 12226,
        "MNTN_CODE" : "291701801",
        "MNTN_NM" : "덕봉",
        "PMNTN_NM" : "청풍동구간",
        "PMNTN_MAIN" : " ",
        "PMNTN_LT" : 3.42,
        "PMNTN_DFFL" : "쉬움",
        "PMNTN_UPPL" : 60,
        "PMNTN_GODN" : 42,
        "PMNTN_MTRQ" : " ",
        "PMNTN_CNRL" : " ",
        "PMNTN_CLS_" : " ",
        "PMNTN_RISK" : " ",
        "PMNTN_RECO" : " ",
        "DATA_STDR_" : "2016-12-31",
        "MNTN_ID" : "291701801"
      },
      "geometry" : {
        "paths" : [
          [
            [
              197164.28306249715,
              284310.97819254734
            ],
            [
              197176.81738235708,
              284344.92084544897
            ],
            [
              197180.93519527558,
              284368.23381239921
            ],
            [
              197197.76820438541,
              284389.49319352768
            ],
            [
              197216.77183975093,
              284400.1760845799
            ],
            [
              197235.82867564727,
              284400.2718449235
            ],
            [
              197284.52948034555,
              284400.51656580716
            ],
            [
              197337.46514064819,
              284400.78256677836
            ],
            [
              197386.05955025554,
              284422.20155359432
            ],
            [
              197407.1167751113,
              284445.59964754432
            ],
            [
              197428.22720080055,
              284458.41060914844
            ],
            [
              197445.03893201146,
              284483.90485132486
            ],
            [
              197457.6477301484,
              284503.02553359419
            ],
            [
              197478.68367391173,
              284530.65848495625
            ],
            [
              197493.38861757796,
              284554.02466269583
            ],
            [
              197505.94421259873,
              284583.7324813772
            ],
            [
              197524.68183819391,
              284647.35105325654
            ],
            [
              197539.40806093253,
              284666.48238022998
            ],
            [
              197575.24470926076,
              284698.42467723973
            ],
            [
              197555.98569101654,
              284738.56002342328
            ],
            [
              197545.23894291278,
              284770.26822375506
            ],
            [
              197545.13253349066,
              284791.44249344617
            ],
            [
              197574.61689646263,
              284823.35287258402
            ],
            [
              197621.1470872527,
              284834.17411128432
            ],
            [
              197644.22596380953,
              284876.63970714062
            ],
            [
              197665.19805296417,
              284916.97723667696
            ],
            [
              197699.02368328441,
              284927.73463360593
            ],
            [
              197741.38287227228,
              284925.83003200218
            ],
            [
              197802.8840413969,
              284907.08178109862
            ],
            [
              197847.36066295765,
              284905.18781949952
            ],
            [
              197896.00829483941,
              284916.01970698684
            ],
            [
              197938.18659103755,
              284950.11137871072
            ],
            [
              197944.4750266131,
              284962.84787025675
            ],
            [
              197952.90217278525,
              284971.360147506
            ],
            [
              197974.03388679679,
              284979.93627340719
            ],
            [
              197951.10689136758,
              285002.05789416656
            ],
            [
              197938.27462591883,
              285027.40318020061
            ],
            [
              197921.21814577933,
              285050.60975447856
            ],
            [
              197848.89570999704,
              285115.88819914311
            ],
            [
              197828.68437134381,
              285134.8439514339
            ],
            [
              197829.20034779701,
              285242.83808215335
            ],
            [
              197814.26395222172,
              285265.52593467571
            ],
            [
              197724.46209081635,
              285332.83398296125
            ],
            [
              197684.56078496762,
              285372.3362026196
            ],
            [
              197647.44195383601,
              285384.85452484526
            ],
            [
              197596.07040008716,
              285389.36065820791
            ],
            [
              197591.27160136867,
              285396.21835083887
            ],
            [
              197587.01546240877,
              285400.43192017078
            ],
            [
              197577.99777318444,
              285404.09218725003
            ],
            [
              197560.02358890697,
              285399.23751591519
            ],
            [
              197532.61410448514,
              285375.80746826902
            ],
            [
              197521.60669698939,
              285354.04797006585
            ],
            [
              197482.0619166689,
              285322.61638134159
            ],
            [
              197468.34121132735,
              285314.07749971747
            ],
            [
              197449.86427757051,
              285303.92660338618
            ],
            [
              197427.09661929496,
              285304.87091326527
            ],
            [
              197418.66948128678,
              285296.35863785073
            ],
            [
              197402.31795659568,
              285284.63031461649
            ],
            [
              197391.76541043259,
              285277.69546746835
            ],
            [
              197385.43441487849,
              285273.42868792824
            ],
            [
              197353.93374680541,
              285221.3921066951
            ],
            [
              197333.55488663167,
              285168.35268569924
            ],
            [
              197319.92463758215,
              285141.81568319723
            ],
            [
              197303.08632313274,
              285121.61499808915
            ],
            [
              197285.76919998322,
              285091.35387814045
            ],
            [
              197281.07150109392,
              285078.09601973742
            ],
            [
              197277.37930706143,
              285075.43061394431
            ],
            [
              197271.11748185102,
              285057.40056533366
            ],
            [
              197269.59858238976,
              285043.62931310013
            ],
            [
              197260.16859828681,
              285023.99523287453
            ],
            [
              197246.0063291546,
              284997.98493098095
            ],
            [
              197233.96414606925,
              284971.45591475628
            ],
            [
              197241.96838774346,
              284853.44664638303
            ],
            [
              197242.63873860799,
              284825.3934088666
            ],
            [
              197239.53176593315,
              284811.61417672969
            ],
            [
              197232.20590206143,
              284794.63752339408
            ],
            [
              197227.56406392623,
              284770.2631797567
            ],
            [
              197230.77478619944,
              284763.39750591293
            ],
            [
              197161.95047812443,
              284659.29513973743
            ],
            [
              197118.71615492646,
              284624.66883463785
            ],
            [
              197052.6317207031,
              284607.39691049047
            ],
            [
              196986.46748726722,
              284606.00568117946
            ],
            [
              196951.3889775034,
              284633.88600115292
            ],
            [
              196950.10681120493,
              284678.34661748447
            ],
            [
              196940.52785289753,
              284688.35650562495
            ],
            [
              196938.37052463368,
              284696.28621061891
            ],
            [
              196929.88486145623,
              284699.41978592239
            ],
            [
              196864.2127509471,
              284705.44219882786
            ],
            [
              196752.45738631673,
              284717.05609293841
            ],
            [
              196729.14176891278,
              284721.70325057767
            ],
            [
              196696.8084745761,
              284730.01067818701
            ],
            [
              196665.04178046063,
              284730.90977833048
            ],
            [
              196628.02645411156,
              284733.36732054316
            ]
          ]
        ]
      }
    },
    {
      "attributes" : {
        "FID" : 4,
        "PMNTN_SN" : 12227,
        "MNTN_CODE" : "291701801",
        "MNTN_NM" : "덕봉",
        "PMNTN_NM" : "화암동구간",
        "PMNTN_MAIN" : " ",
        "PMNTN_LT" : 0.06,
        "PMNTN_DFFL" : "쉬움",
        "PMNTN_UPPL" : 1,
        "PMNTN_GODN" : 1,
        "PMNTN_MTRQ" : " ",
        "PMNTN_CNRL" : " ",
        "PMNTN_CLS_" : " ",
        "PMNTN_RISK" : " ",
        "PMNTN_RECO" : " ",
        "DATA_STDR_" : "2016-12-31",
        "MNTN_ID" : "291701801"
      },
      "geometry" : {
        "paths" : [
          [
            [
              196628.02645411156,
              284733.36732054316
            ],
            [
              196631.22121274658,
              284729.67778838985
            ],
            [
              196628.15946409851,
              284706.89951067604
            ],
            [
              196628.22596879676,
              284693.66560574062
            ],
            [
              196625.62175071612,
              284685.18260568567
            ],
            [
              196621.96414052788,
              284675.63557294756
            ],
            [
              196621.44010467641,
              284674.57420038618
            ]
          ]
        ]
      }
    },
    {
      "attributes" : {
        "FID" : 5,
        "PMNTN_SN" : 12228,
        "MNTN_CODE" : "291701801",
        "MNTN_NM" : "덕봉",
        "PMNTN_NM" : "화암동구간",
        "PMNTN_MAIN" : " ",
        "PMNTN_LT" : 0.82,
        "PMNTN_DFFL" : "쉬움",
        "PMNTN_UPPL" : 14,
        "PMNTN_GODN" : 10,
        "PMNTN_MTRQ" : " ",
        "PMNTN_CNRL" : " ",
        "PMNTN_CLS_" : " ",
        "PMNTN_RISK" : " ",
        "PMNTN_RECO" : " ",
        "DATA_STDR_" : "2016-12-31",
        "MNTN_ID" : "291701801"
      },
      "geometry" : {
        "paths" : [
          [
            [
              196621.44010467641,
              284674.57420038618
            ],
            [
              196619.93982162513,
              284657.09746551886
            ],
            [
              196615.83265952114,
              284631.66708710231
            ],
            [
              196608.67704556603,
              284580.81165121496
            ],
            [
              196614.15681485925,
              284543.78331915848
            ],
            [
              196629.21819554642,
              284496.2157440111
            ],
            [
              196641.01299522072,
              284466.63031800091
            ],
            [
              196654.96245932393,
              284429.6445443593
            ],
            [
              196658.2183972802,
              284413.77981806919
            ],
            [
              196684.78728888091,
              284393.79728217795
            ],
            [
              196710.36662805639,
              284360.04616270959
            ],
            [
              196729.45537292864,
              284353.78964710794
            ],
            [
              196760.2218758706,
              284341.23937544972
            ],
            [
              196791.98325298168,
              284341.39897392876
            ],
            [
              196849.15373463463,
              284341.68625119701
            ],
            [
              196880.92575481161,
              284339.72842430137
            ],
            [
              196938.25584003609,
              284308.25431857258
            ],
            [
              196952.04038568959,
              284304.08862628229
            ],
            [
              196983.80176963657,
              284304.24822343327
            ],
            [
              196993.30890541151,
              284308.53095388971
            ],
            [
              197003.83751467243,
              284320.22999424301
            ],
            [
              197014.39804351144,
              284325.57675775327
            ],
            [
              197027.11323769949,
              284323.523171179
            ],
            [
              197041.97777736653,
              284315.12794708088
            ],
            [
              197067.4134865785,
              284309.96206053533
            ],
            [
              197098.12680150568,
              284307.99891207181
            ],
            [
              197127.77076468244,
              284308.14786953665
            ],
            [
              197148.93970478978,
              284309.31298074499
            ],
            [
              197164.28306249715,
              284310.97819254734
            ]
          ]
        ]
      }
    },
    {
      "attributes" : {
        "FID" : 6,
        "PMNTN_SN" : 12229,
        "MNTN_CODE" : "291701801",
        "MNTN_NM" : "덕봉",
        "PMNTN_NM" : "청풍동구간",
        "PMNTN_MAIN" : " ",
        "PMNTN_LT" : 1.5,
        "PMNTN_DFFL" : "쉬움",
        "PMNTN_UPPL" : 26,
        "PMNTN_GODN" : 19,
        "PMNTN_MTRQ" : " ",
        "PMNTN_CNRL" : " ",
        "PMNTN_CLS_" : " ",
        "PMNTN_RISK" : " ",
        "PMNTN_RECO" : " ",
        "DATA_STDR_" : "2016-12-31",
        "MNTN_ID" : "291701801"
      },
      "geometry" : {
        "paths" : [
          [
            [
              196621.44010467641,
              284674.57420038618
            ],
            [
              196563.3598944759,
              284644.63763651066
            ],
            [
              196551.83110556938,
              284621.28744241968
            ],
            [
              196539.20104183257,
              284606.40162699111
            ],
            [
              196517.96827332489,
              284617.94105660543
            ],
            [
              196499.95420418028,
              284621.02674861066
            ],
            [
              196487.29221957643,
              284612.49320740812
            ],
            [
              196466.20309946593,
              284595.44740674458
            ],
            [
              196455.71174182743,
              284576.3373848144
            ],
            [
              196450.5352256177,
              284553.01911563613
            ],
            [
              196444.33191767149,
              284523.34325349703
            ],
            [
              196435.86754046753,
              284522.24198000878
            ],
            [
              196416.69367776345,
              284545.43788420595
            ],
            [
              196406.97374080028,
              284583.50363922678
            ],
            [
              196392.1038888935,
              284592.95756493323
            ],
            [
              196374.08450213168,
              284597.10196908191
            ],
            [
              196355.97999141831,
              284618.18576620333
            ],
            [
              196328.40559543576,
              284627.57584731095
            ],
            [
              196293.47341914009,
              284626.34156576172
            ],
            [
              196263.83480400685,
              284625.13388573192
            ],
            [
              196158.00617637113,
              284616.13216239959
            ],
            [
              196053.02346131392,
              284649.48422985338
            ],
            [
              196043.39929007553,
              284668.49315761216
            ],
            [
              196026.38009782415,
              284684.28870739043
            ],
            [
              195989.30922873132,
              284687.27862980217
            ],
            [
              195900.51046439726,
              284660.36393126845
            ],
            [
              195879.38411695603,
              284650.72912114859
            ],
            [
              195848.83045223076,
              284620.93091083132
            ],
            [
              195841.54183813557,
              284596.54330527969
            ],
            [
              195836.48237076215,
              284549.93340005167
            ],
            [
              195834.57775475644,
              284507.57430159673
            ],
            [
              195824.06512224395,
              284492.69913997874
            ],
            [
              195818.83540652599,
              284479.9680021368
            ],
            [
              195797.8048207527,
              284451.27639183402
            ],
            [
              195763.00566663686,
              284423.57433366217
            ],
            [
              195699.74366771616,
              284371.37827755325
            ],
            [
              195624.66028881073,
              284354.06117936783
            ],
            [
              195517.90602196101,
              284318.58639745228
            ],
            [
              195489.4112618966,
              284300.44467183575
            ]
          ]
        ]
      }
    },
    {
      "attributes" : {
        "FID" : 7,
        "PMNTN_SN" : 12230,
        "MNTN_CODE" : "291701801",
        "MNTN_NM" : "덕봉",
        "PMNTN_NM" : "청풍동구간",
        "PMNTN_MAIN" : " ",
        "PMNTN_LT" : 2.14,
        "PMNTN_DFFL" : "쉬움",
        "PMNTN_UPPL" : 40,
        "PMNTN_GODN" : 28,
        "PMNTN_MTRQ" : " ",
        "PMNTN_CNRL" : " ",
        "PMNTN_CLS_" : " ",
        "PMNTN_RISK" : " ",
        "PMNTN_RECO" : " ",
        "DATA_STDR_" : "2016-12-31",
        "MNTN_ID" : "291701801"
      },
      "geometry" : {
        "paths" : [
          [
            [
              196628.02645411156,
              284733.36732054316
            ],
            [
              196633.26415167283,
              284744.51040282659
            ],
            [
              196636.8924987372,
              284759.8803541977
            ],
            [
              196631.46858540736,
              284785.79220573977
            ],
            [
              196621.73001403268,
              284827.5634607356
            ],
            [
              196604.64430103451,
              284856.59292239323
            ],
            [
              196589.74251945224,
              284872.39911977202
            ],
            [
              196571.67524204776,
              284886.07193016261
            ],
            [
              196541.18802384101,
              284948.38431837223
            ],
            [
              196539.51748485398,
              284964.78637785278
            ],
            [
              196542.5393211823,
              284995.5049964264
            ],
            [
              196538.2033779854,
              285015.59924699366
            ],
            [
              196538.60503575485,
              285041.01100229472
            ],
            [
              196532.7076271316,
              285055.80370993912
            ],
            [
              196515.15108131897,
              285073.18466906808
            ],
            [
              196502.39864685945,
              285082.64922945388
            ],
            [
              196484.37925553694,
              285086.79362423159
            ],
            [
              196356.22985849716,
              285095.14885582961
            ],
            [
              196321.84832103457,
              285089.682368204
            ],
            [
              196272.62353379466,
              285088.37623723596
            ],
            [
              196253.03736251965,
              285088.27780175023
            ],
            [
              196240.30355460104,
              285094.03686734103
            ],
            [
              196220.1933489237,
              285092.87705939636
            ],
            [
              196204.33395377453,
              285088.56239919364
            ],
            [
              196188.48520054575,
              285082.1303153988
            ],
            [
              196166.2495910842,
              285082.54793389514
            ],
            [
              196136.59767864272,
              285083.98701836355
            ],
            [
              196050.86064899527,
              285079.85054000467
            ],
            [
              196026.52092167363,
              285077.61073761992
            ],
            [
              196013.30032783188,
              285074.89744815417
            ],
            [
              195982.12952364422,
              285062.5653002169
            ],
            [
              195938.78619757388,
              285049.64260823652
            ],
            [
              195921.36268342379,
              285040.55576696433
            ],
            [
              195886.97850204539,
              285035.61863978207
            ],
            [
              195815.60593068786,
              285017.26139319874
            ],
            [
              195783.87385249604,
              285011.2788579613
            ],
            [
              195762.71558714658,
              285007.99630894698
            ],
            [
              195730.96754857246,
              285005.18990836479
            ],
            [
              195716.69622868858,
              285000.88323314674
            ],
            [
              195709.8545106547,
              284992.90831360221
            ],
            [
              195697.7485000547,
              284979.08387851343
            ],
            [
              195691.4228358632,
              284973.75839786045
            ],
            [
              195681.38370119128,
              284970.00236175023
            ],
            [
              195670.28585535567,
              284966.24100503512
            ],
            [
              195667.09109916072,
              284969.93053234555
            ],
            [
              195664.40973647591,
              284976.79885372706
            ],
            [
              195649.53457199316,
              284987.3114761766
            ],
            [
              195635.25527226832,
              284984.59286845475
            ],
            [
              195598.18175800238,
              284988.11213255487
            ],
            [
              195586.49602977652,
              284995.99393833056
            ],
            [
              195560.51770131197,
              285003.80391394906
            ],
            [
              195554.72139380872,
              284998.4810942933
            ],
            [
              195545.21427669935,
              284994.19836328737
            ],
            [
              195532.0016708374,
              284989.89700984582
            ],
            [
              195525.14665235206,
              284984.56886974163
            ],
            [
              195519.86639873032,
              284981.89548847638
            ],
            [
              195513.52477370296,
              284979.74614206702
            ],
            [
              195509.82194531988,
              284979.19816405512
            ],
            [
              195501.36821894906,
              284975.97946522199
            ],
            [
              195498.72144131456,
              284975.96616346389
            ],
            [
              195440.58544744086,
              284957.14608253352
            ],
            [
              195368.14089775551,
              284941.43030783162
            ],
            [
              195320.01211848203,
              284932.71853093989
            ],
            [
              195247.49042886496,
              284932.35406623594
            ],
            [
              195225.8241032036,
              284924.83401776105
            ],
            [
              195214.73956446256,
              284918.42588671297
            ],
            [
              195171.42021651193,
              284900.73901469447
            ],
            [
              195140.26274096128,
              284885.76010778174
            ],
            [
              195115.96028220281,
              284876.10933866911
            ],
            [
              195084.81344931945,
              284859.01301242597
            ],
            [
              195068.99397746939,
              284846.75803270563
            ],
            [
              195044.68087915517,
              284839.22468644939
            ],
            [
              195008.72994699795,
              284830.04474902526
            ],
            [
              194997.12669610418,
              284821.51653953455
            ],
            [
              194986.552892901,
              284818.8165582139
            ],
            [
              194986.45446310937,
              284838.40270142816
            ],
            [
              194986.81356037222,
              284872.28409592248
            ],
            [
              194982.41644029319,
              284904.55348199233
            ],
            [
              194980.14472092036,
              284935.2454434149
            ],
            [
              194974.2366828816,
              284952.15554668196
            ],
            [
              194968.35790836811,
              284963.24274239875
            ]
          ]
        ]
      }
    }
  ]
}