{
  "displayFieldName" : "",
  "fieldAliases" : {
    "FID" : "FID",
    "PMNTN_SPOT" : "PMNTN_SPOT",
    "MNTN_CODE" : "MNTN_CODE",
    "MANAGE_SP1" : "MANAGE_SP1",
    "MANAGE_SP2" : "MANAGE_SP2",
    "DETAIL_SPO" : "DETAIL_SPO",
    "ETC_MATTER" : "ETC_MATTER",
    "MNTN_NM" : "MNTN_NM",
    "PAST_SPOT_" : "PAST_SPOT_",
    "MNTN_ID" : "MNTN_ID"
  },
  "geometryType" : "esriGeometryPoint",
  "spatialReference" : {
    "wkt" : "PROJCS[\"PCS_ITRF2000_TM\",GEOGCS[\"GCS_ITRF_2000\",DATUM[\"D_ITRF_2000\",SPHEROID[\"GRS_1980\",6378137.0,298.257222101]],PRIMEM[\"Greenwich\",0.0],UNIT[\"Degree\",0.0174532925199433]],PROJECTION[\"Transverse_Mercator\"],PARAMETER[\"False_Easting\",200000.0],PARAMETER[\"False_Northing\",600000.0],PARAMETER[\"Central_Meridian\",127.0],PARAMETER[\"Scale_Factor\",1.0],PARAMETER[\"Latitude_Of_Origin\",38.0],UNIT[\"Meter\",1.0]]"
  },
  "fields" : [
    {
      "name" : "FID",
      "type" : "esriFieldTypeOID",
      "alias" : "FID"
    },
    {
      "name" : "PMNTN_SPOT",
      "type" : "esriFieldTypeDouble",
      "alias" : "PMNTN_SPOT"
    },
    {
      "name" : "MNTN_CODE",
      "type" : "esriFieldTypeString",
      "alias" : "MNTN_CODE",
      "length" : 9
    },
    {
      "name" : "MANAGE_SP1",
      "type" : "esriFieldTypeString",
      "alias" : "MANAGE_SP1",
      "length" : 2
    },
    {
      "name" : "MANAGE_SP2",
      "type" : "esriFieldTypeString",
      "alias" : "MANAGE_SP2",
      "length" : 50
    },
    {
      "name" : "DETAIL_SPO",
      "type" : "esriFieldTypeString",
      "alias" : "DETAIL_SPO",
      "length" : 200
    },
    {
      "name" : "ETC_MATTER",
      "type" : "esriFieldTypeString",
      "alias" : "ETC_MATTER",
      "length" : 200
    },
    {
      "name" : "MNTN_NM",
      "type" : "esriFieldTypeString",
      "alias" : "MNTN_NM",
      "length" : 50
    },
    {
      "name" : "PAST_SPOT_",
      "type" : "esriFieldTypeString",
      "alias" : "PAST_SPOT_",
      "length" : 14
    },
    {
      "name" : "MNTN_ID",
      "type" : "esriFieldTypeString",
      "alias" : "MNTN_ID",
      "length" : 10
    }
  ],
  "features" : [
    {
      "attributes" : {
        "FID" : 0,
        "PMNTN_SPOT" : 19599,
        "MNTN_CODE" : "488703901",
        "MANAGE_SP1" : "01",
        "MANAGE_SP2" : "시종점",
        "DETAIL_SPO" : "시종점",
        "ETC_MATTER" : " ",
        "MNTN_NM" : "대봉산",
        "PAST_SPOT_" : "4887039010001",
        "MNTN_ID" : "488703901"
      },
      "geometry" : {
        "x" : 261171.75339999981,
        "y" : 333429.48010000214
      }
    },
    {
      "attributes" : {
        "FID" : 1,
        "PMNTN_SPOT" : 19600,
        "MNTN_CODE" : "488703901",
        "MANAGE_SP1" : "01",
        "MANAGE_SP2" : "시종점",
        "DETAIL_SPO" : "시종점",
        "ETC_MATTER" : " ",
        "MNTN_NM" : "대봉산",
        "PAST_SPOT_" : "4887039010002",
        "MNTN_ID" : "488703901"
      },
      "geometry" : {
        "x" : 261336.50980000384,
        "y" : 334754.78090000339
      }
    },
    {
      "attributes" : {
        "FID" : 2,
        "PMNTN_SPOT" : 19601,
        "MNTN_CODE" : "488703901",
        "MANAGE_SP1" : "02",
        "MANAGE_SP2" : "분기점",
        "DETAIL_SPO" : "분기점",
        "ETC_MATTER" : " ",
        "MNTN_NM" : "대봉산",
        "PAST_SPOT_" : "4887039010003",
        "MNTN_ID" : "488703901"
      },
      "geometry" : {
        "x" : 261416.8063459741,
        "y" : 333133.13245482743
      }
    },
    {
      "attributes" : {
        "FID" : 3,
        "PMNTN_SPOT" : 19602,
        "MNTN_CODE" : "488703901",
        "MANAGE_SP1" : "02",
        "MANAGE_SP2" : "분기점",
        "DETAIL_SPO" : "분기점",
        "ETC_MATTER" : " ",
        "MNTN_NM" : "대봉산",
        "PAST_SPOT_" : "4887039010004",
        "MNTN_ID" : "488703901"
      },
      "geometry" : {
        "x" : 261479.06825313997,
        "y" : 332939.30864646286
      }
    },
    {
      "attributes" : {
        "FID" : 4,
        "PMNTN_SPOT" : 19603,
        "MNTN_CODE" : "488703901",
        "MANAGE_SP1" : "02",
        "MANAGE_SP2" : "분기점",
        "DETAIL_SPO" : "분기점",
        "ETC_MATTER" : " ",
        "MNTN_NM" : "대봉산",
        "PAST_SPOT_" : "4887039010005",
        "MNTN_ID" : "488703901"
      },
      "geometry" : {
        "x" : 261532.76220211107,
        "y" : 332782.44195697457
      }
    },
    {
      "attributes" : {
        "FID" : 5,
        "PMNTN_SPOT" : 19604,
        "MNTN_CODE" : "488703901",
        "MANAGE_SP1" : "01",
        "MANAGE_SP2" : "시종점",
        "DETAIL_SPO" : "시종점",
        "ETC_MATTER" : " ",
        "MNTN_NM" : "대봉산",
        "PAST_SPOT_" : "4887039010006",
        "MNTN_ID" : "488703901"
      },
      "geometry" : {
        "x" : 261559.62540000025,
        "y" : 332477.45890000649
      }
    },
    {
      "attributes" : {
        "FID" : 6,
        "PMNTN_SPOT" : 19605,
        "MNTN_CODE" : "488703901",
        "MANAGE_SP1" : "02",
        "MANAGE_SP2" : "분기점",
        "DETAIL_SPO" : "분기점",
        "ETC_MATTER" : " ",
        "MNTN_NM" : "대봉산",
        "PAST_SPOT_" : "4887039010007",
        "MNTN_ID" : "488703901"
      },
      "geometry" : {
        "x" : 261564.47475280892,
        "y" : 332718.37933832407
      }
    },
    {
      "attributes" : {
        "FID" : 7,
        "PMNTN_SPOT" : 19606,
        "MNTN_CODE" : "488703901",
        "MANAGE_SP1" : "02",
        "MANAGE_SP2" : "분기점",
        "DETAIL_SPO" : "분기점",
        "ETC_MATTER" : " ",
        "MNTN_NM" : "대봉산",
        "PAST_SPOT_" : "4887039010008",
        "MNTN_ID" : "488703901"
      },
      "geometry" : {
        "x" : 261592.55031115655,
        "y" : 332921.93132885918
      }
    },
    {
      "attributes" : {
        "FID" : 8,
        "PMNTN_SPOT" : 19607,
        "MNTN_CODE" : "488703901",
        "MANAGE_SP1" : "02",
        "MANAGE_SP2" : "분기점",
        "DETAIL_SPO" : "분기점",
        "ETC_MATTER" : " ",
        "MNTN_NM" : "대봉산",
        "PAST_SPOT_" : "4887039010009",
        "MNTN_ID" : "488703901"
      },
      "geometry" : {
        "x" : 261723.12129999977,
        "y" : 333040.45759999566
      }
    },
    {
      "attributes" : {
        "FID" : 9,
        "PMNTN_SPOT" : 19608,
        "MNTN_CODE" : "488703901",
        "MANAGE_SP1" : "02",
        "MANAGE_SP2" : "분기점",
        "DETAIL_SPO" : "분기점",
        "ETC_MATTER" : " ",
        "MNTN_NM" : "대봉산",
        "PAST_SPOT_" : "4887039010010",
        "MNTN_ID" : "488703901"
      },
      "geometry" : {
        "x" : 261732.76045728661,
        "y" : 333271.40550110303
      }
    },
    {
      "attributes" : {
        "FID" : 10,
        "PMNTN_SPOT" : 19609,
        "MNTN_CODE" : "488703901",
        "MANAGE_SP1" : "02",
        "MANAGE_SP2" : "분기점",
        "DETAIL_SPO" : "분기점",
        "ETC_MATTER" : " ",
        "MNTN_NM" : "대봉산",
        "PAST_SPOT_" : "4887039010011",
        "MNTN_ID" : "488703901"
      },
      "geometry" : {
        "x" : 261749.35354997776,
        "y" : 333238.74309287965
      }
    },
    {
      "attributes" : {
        "FID" : 11,
        "PMNTN_SPOT" : 19610,
        "MNTN_CODE" : "488703901",
        "MANAGE_SP1" : "02",
        "MANAGE_SP2" : "분기점",
        "DETAIL_SPO" : "분기점",
        "ETC_MATTER" : " ",
        "MNTN_NM" : "대봉산",
        "PAST_SPOT_" : "4887039010012",
        "MNTN_ID" : "488703901"
      },
      "geometry" : {
        "x" : 261764.50790828932,
        "y" : 333181.08994021825
      }
    },
    {
      "attributes" : {
        "FID" : 12,
        "PMNTN_SPOT" : 19611,
        "MNTN_CODE" : "488703901",
        "MANAGE_SP1" : "01",
        "MANAGE_SP2" : "시종점",
        "DETAIL_SPO" : "시종점",
        "ETC_MATTER" : " ",
        "MNTN_NM" : "대봉산",
        "PAST_SPOT_" : "4887039010013",
        "MNTN_ID" : "488703901"
      },
      "geometry" : {
        "x" : 261789.03494735807,
        "y" : 331879.62302196957
      }
    },
    {
      "attributes" : {
        "FID" : 13,
        "PMNTN_SPOT" : 19612,
        "MNTN_CODE" : "488703901",
        "MANAGE_SP1" : "01",
        "MANAGE_SP2" : "시종점",
        "DETAIL_SPO" : "시종점",
        "ETC_MATTER" : " ",
        "MNTN_NM" : "대봉산",
        "PAST_SPOT_" : "4887039010014",
        "MNTN_ID" : "488703901"
      },
      "geometry" : {
        "x" : 261792.78151305392,
        "y" : 331879.77197291143
      }
    },
    {
      "attributes" : {
        "FID" : 14,
        "PMNTN_SPOT" : 19613,
        "MNTN_CODE" : "488703901",
        "MANAGE_SP1" : "02",
        "MANAGE_SP2" : "분기점",
        "DETAIL_SPO" : "분기점",
        "ETC_MATTER" : " ",
        "MNTN_NM" : "대봉산",
        "PAST_SPOT_" : "4887039010015",
        "MNTN_ID" : "488703901"
      },
      "geometry" : {
        "x" : 261942.72470159363,
        "y" : 333657.02289330214
      }
    },
    {
      "attributes" : {
        "FID" : 15,
        "PMNTN_SPOT" : 19614,
        "MNTN_CODE" : "488703901",
        "MANAGE_SP1" : "02",
        "MANAGE_SP2" : "분기점",
        "DETAIL_SPO" : "분기점",
        "ETC_MATTER" : " ",
        "MNTN_NM" : "대봉산",
        "PAST_SPOT_" : "4887039010016",
        "MNTN_ID" : "488703901"
      },
      "geometry" : {
        "x" : 262222.11612576898,
        "y" : 332133.4360492751
      }
    },
    {
      "attributes" : {
        "FID" : 16,
        "PMNTN_SPOT" : 19615,
        "MNTN_CODE" : "488703901",
        "MANAGE_SP1" : "01",
        "MANAGE_SP2" : "시종점",
        "DETAIL_SPO" : "시종점",
        "ETC_MATTER" : " ",
        "MNTN_NM" : "대봉산",
        "PAST_SPOT_" : "4887039010017",
        "MNTN_ID" : "488703901"
      },
      "geometry" : {
        "x" : 262312.06060742028,
        "y" : 332550.83164376579
      }
    },
    {
      "attributes" : {
        "FID" : 17,
        "PMNTN_SPOT" : 19616,
        "MNTN_CODE" : "488703901",
        "MANAGE_SP1" : "01",
        "MANAGE_SP2" : "시종점",
        "DETAIL_SPO" : "시종점",
        "ETC_MATTER" : " ",
        "MNTN_NM" : "대봉산",
        "PAST_SPOT_" : "4887039010018",
        "MNTN_ID" : "488703901"
      },
      "geometry" : {
        "x" : 262343.84499999881,
        "y" : 337874.666000003
      }
    },
    {
      "attributes" : {
        "FID" : 18,
        "PMNTN_SPOT" : 19617,
        "MNTN_CODE" : "488703901",
        "MANAGE_SP1" : "01",
        "MANAGE_SP2" : "시종점",
        "DETAIL_SPO" : "시종점",
        "ETC_MATTER" : " ",
        "MNTN_NM" : "대봉산",
        "PAST_SPOT_" : "4887039010019",
        "MNTN_ID" : "488703901"
      },
      "geometry" : {
        "x" : 262377.18212687504,
        "y" : 332674.78196190856
      }
    },
    {
      "attributes" : {
        "FID" : 19,
        "PMNTN_SPOT" : 19618,
        "MNTN_CODE" : "488703901",
        "MANAGE_SP1" : "02",
        "MANAGE_SP2" : "분기점",
        "DETAIL_SPO" : "분기점",
        "ETC_MATTER" : " ",
        "MNTN_NM" : "대봉산",
        "PAST_SPOT_" : "4887039010020",
        "MNTN_ID" : "488703901"
      },
      "geometry" : {
        "x" : 262436.94216285925,
        "y" : 333530.98248342983
      }
    },
    {
      "attributes" : {
        "FID" : 20,
        "PMNTN_SPOT" : 19619,
        "MNTN_CODE" : "488703901",
        "MANAGE_SP1" : "02",
        "MANAGE_SP2" : "분기점",
        "DETAIL_SPO" : "분기점",
        "ETC_MATTER" : " ",
        "MNTN_NM" : "대봉산",
        "PAST_SPOT_" : "4887039010021",
        "MNTN_ID" : "488703901"
      },
      "geometry" : {
        "x" : 262841.25029146113,
        "y" : 332609.91560284607
      }
    },
    {
      "attributes" : {
        "FID" : 21,
        "PMNTN_SPOT" : 19620,
        "MNTN_CODE" : "488703901",
        "MANAGE_SP1" : "02",
        "MANAGE_SP2" : "분기점",
        "DETAIL_SPO" : "분기점",
        "ETC_MATTER" : " ",
        "MNTN_NM" : "대봉산",
        "PAST_SPOT_" : "4887039010022",
        "MNTN_ID" : "488703901"
      },
      "geometry" : {
        "x" : 262914.44329173584,
        "y" : 332896.33644763753
      }
    },
    {
      "attributes" : {
        "FID" : 22,
        "PMNTN_SPOT" : 19621,
        "MNTN_CODE" : "488703901",
        "MANAGE_SP1" : "02",
        "MANAGE_SP2" : "분기점",
        "DETAIL_SPO" : "분기점",
        "ETC_MATTER" : " ",
        "MNTN_NM" : "대봉산",
        "PAST_SPOT_" : "4887039010023",
        "MNTN_ID" : "488703901"
      },
      "geometry" : {
        "x" : 262980.32816394325,
        "y" : 334266.38714490086
      }
    },
    {
      "attributes" : {
        "FID" : 23,
        "PMNTN_SPOT" : 19622,
        "MNTN_CODE" : "488703901",
        "MANAGE_SP1" : "02",
        "MANAGE_SP2" : "분기점",
        "DETAIL_SPO" : "분기점",
        "ETC_MATTER" : " ",
        "MNTN_NM" : "대봉산",
        "PAST_SPOT_" : "4887039010024",
        "MNTN_ID" : "488703901"
      },
      "geometry" : {
        "x" : 263114.29078184441,
        "y" : 333181.22100100853
      }
    },
    {
      "attributes" : {
        "FID" : 24,
        "PMNTN_SPOT" : 19623,
        "MNTN_CODE" : "488703901",
        "MANAGE_SP1" : "02",
        "MANAGE_SP2" : "분기점",
        "DETAIL_SPO" : "분기점",
        "ETC_MATTER" : " ",
        "MNTN_NM" : "대봉산",
        "PAST_SPOT_" : "4887039010025",
        "MNTN_ID" : "488703901"
      },
      "geometry" : {
        "x" : 263133.92220700253,
        "y" : 333282.4754539188
      }
    },
    {
      "attributes" : {
        "FID" : 25,
        "PMNTN_SPOT" : 19624,
        "MNTN_CODE" : "488703901",
        "MANAGE_SP1" : "02",
        "MANAGE_SP2" : "분기점",
        "DETAIL_SPO" : "분기점",
        "ETC_MATTER" : " ",
        "MNTN_NM" : "대봉산",
        "PAST_SPOT_" : "4887039010026",
        "MNTN_ID" : "488703901"
      },
      "geometry" : {
        "x" : 263168.16610262543,
        "y" : 334260.58866094984
      }
    },
    {
      "attributes" : {
        "FID" : 26,
        "PMNTN_SPOT" : 19625,
        "MNTN_CODE" : "488703901",
        "MANAGE_SP1" : "02",
        "MANAGE_SP2" : "분기점",
        "DETAIL_SPO" : "분기점",
        "ETC_MATTER" : " ",
        "MNTN_NM" : "대봉산",
        "PAST_SPOT_" : "4887039010027",
        "MNTN_ID" : "488703901"
      },
      "geometry" : {
        "x" : 263232.95951157622,
        "y" : 334315.29622903094
      }
    },
    {
      "attributes" : {
        "FID" : 27,
        "PMNTN_SPOT" : 19626,
        "MNTN_CODE" : "488703901",
        "MANAGE_SP1" : "02",
        "MANAGE_SP2" : "분기점",
        "DETAIL_SPO" : "분기점",
        "ETC_MATTER" : " ",
        "MNTN_NM" : "대봉산",
        "PAST_SPOT_" : "4887039010028",
        "MNTN_ID" : "488703901"
      },
      "geometry" : {
        "x" : 263253.5100813536,
        "y" : 334211.08351384103
      }
    },
    {
      "attributes" : {
        "FID" : 28,
        "PMNTN_SPOT" : 19627,
        "MNTN_CODE" : "488703901",
        "MANAGE_SP1" : "02",
        "MANAGE_SP2" : "분기점",
        "DETAIL_SPO" : "분기점",
        "ETC_MATTER" : " ",
        "MNTN_NM" : "대봉산",
        "PAST_SPOT_" : "4887039010029",
        "MNTN_ID" : "488703901"
      },
      "geometry" : {
        "x" : 263306.97620838787,
        "y" : 332374.03050799668
      }
    },
    {
      "attributes" : {
        "FID" : 29,
        "PMNTN_SPOT" : 19628,
        "MNTN_CODE" : "488703901",
        "MANAGE_SP1" : "02",
        "MANAGE_SP2" : "분기점",
        "DETAIL_SPO" : "분기점",
        "ETC_MATTER" : " ",
        "MNTN_NM" : "대봉산",
        "PAST_SPOT_" : "4887039010030",
        "MNTN_ID" : "488703901"
      },
      "geometry" : {
        "x" : 263396.28133440204,
        "y" : 332475.46869107522
      }
    },
    {
      "attributes" : {
        "FID" : 30,
        "PMNTN_SPOT" : 19629,
        "MNTN_CODE" : "488703901",
        "MANAGE_SP1" : "02",
        "MANAGE_SP2" : "분기점",
        "DETAIL_SPO" : "분기점",
        "ETC_MATTER" : " ",
        "MNTN_NM" : "대봉산",
        "PAST_SPOT_" : "4887039010031",
        "MNTN_ID" : "488703901"
      },
      "geometry" : {
        "x" : 263446.24331608694,
        "y" : 335453.11262970418
      }
    },
    {
      "attributes" : {
        "FID" : 31,
        "PMNTN_SPOT" : 19630,
        "MNTN_CODE" : "488703901",
        "MANAGE_SP1" : "02",
        "MANAGE_SP2" : "분기점",
        "DETAIL_SPO" : "분기점",
        "ETC_MATTER" : " ",
        "MNTN_NM" : "대봉산",
        "PAST_SPOT_" : "4887039010032",
        "MNTN_ID" : "488703901"
      },
      "geometry" : {
        "x" : 263582.47894764785,
        "y" : 333966.97442687303
      }
    },
    {
      "attributes" : {
        "FID" : 32,
        "PMNTN_SPOT" : 19631,
        "MNTN_CODE" : "488703901",
        "MANAGE_SP1" : "02",
        "MANAGE_SP2" : "분기점",
        "DETAIL_SPO" : "분기점",
        "ETC_MATTER" : " ",
        "MNTN_NM" : "대봉산",
        "PAST_SPOT_" : "4887039010033",
        "MNTN_ID" : "488703901"
      },
      "geometry" : {
        "x" : 263583.69395798538,
        "y" : 332673.50432095863
      }
    },
    {
      "attributes" : {
        "FID" : 33,
        "PMNTN_SPOT" : 19632,
        "MNTN_CODE" : "488703901",
        "MANAGE_SP1" : "02",
        "MANAGE_SP2" : "분기점",
        "DETAIL_SPO" : "분기점",
        "ETC_MATTER" : " ",
        "MNTN_NM" : "대봉산",
        "PAST_SPOT_" : "4887039010034",
        "MNTN_ID" : "488703901"
      },
      "geometry" : {
        "x" : 263619.47800000198,
        "y" : 332591.22180000134
      }
    },
    {
      "attributes" : {
        "FID" : 34,
        "PMNTN_SPOT" : 19633,
        "MNTN_CODE" : "488703901",
        "MANAGE_SP1" : "02",
        "MANAGE_SP2" : "분기점",
        "DETAIL_SPO" : "분기점",
        "ETC_MATTER" : " ",
        "MNTN_NM" : "대봉산",
        "PAST_SPOT_" : "4887039010035",
        "MNTN_ID" : "488703901"
      },
      "geometry" : {
        "x" : 263619.47800000012,
        "y" : 332591.22180000134
      }
    },
    {
      "attributes" : {
        "FID" : 35,
        "PMNTN_SPOT" : 19634,
        "MNTN_CODE" : "488703901",
        "MANAGE_SP1" : "02",
        "MANAGE_SP2" : "분기점",
        "DETAIL_SPO" : "분기점",
        "ETC_MATTER" : " ",
        "MNTN_NM" : "대봉산",
        "PAST_SPOT_" : "4887039010036",
        "MNTN_ID" : "488703901"
      },
      "geometry" : {
        "x" : 263653.53391735535,
        "y" : 333154.95338806696
      }
    },
    {
      "attributes" : {
        "FID" : 36,
        "PMNTN_SPOT" : 19635,
        "MNTN_CODE" : "488703901",
        "MANAGE_SP1" : "02",
        "MANAGE_SP2" : "분기점",
        "DETAIL_SPO" : "분기점",
        "ETC_MATTER" : " ",
        "MNTN_NM" : "대봉산",
        "PAST_SPOT_" : "4887039010037",
        "MNTN_ID" : "488703901"
      },
      "geometry" : {
        "x" : 263665.37496975996,
        "y" : 330241.60194713064
      }
    },
    {
      "attributes" : {
        "FID" : 37,
        "PMNTN_SPOT" : 19636,
        "MNTN_CODE" : "488703901",
        "MANAGE_SP1" : "02",
        "MANAGE_SP2" : "분기점",
        "DETAIL_SPO" : "분기점",
        "ETC_MATTER" : " ",
        "MNTN_NM" : "대봉산",
        "PAST_SPOT_" : "4887039010038",
        "MNTN_ID" : "488703901"
      },
      "geometry" : {
        "x" : 263671.88587343693,
        "y" : 331133.38512565196
      }
    },
    {
      "attributes" : {
        "FID" : 38,
        "PMNTN_SPOT" : 19637,
        "MNTN_CODE" : "488703901",
        "MANAGE_SP1" : "02",
        "MANAGE_SP2" : "분기점",
        "DETAIL_SPO" : "분기점",
        "ETC_MATTER" : " ",
        "MNTN_NM" : "대봉산",
        "PAST_SPOT_" : "4887039010039",
        "MNTN_ID" : "488703901"
      },
      "geometry" : {
        "x" : 263678.39030000009,
        "y" : 332482.74790000357
      }
    },
    {
      "attributes" : {
        "FID" : 39,
        "PMNTN_SPOT" : 19638,
        "MNTN_CODE" : "488703901",
        "MANAGE_SP1" : "02",
        "MANAGE_SP2" : "분기점",
        "DETAIL_SPO" : "분기점",
        "ETC_MATTER" : " ",
        "MNTN_NM" : "대봉산",
        "PAST_SPOT_" : "4887039010040",
        "MNTN_ID" : "488703901"
      },
      "geometry" : {
        "x" : 263723.76660000067,
        "y" : 332249.16040000319
      }
    },
    {
      "attributes" : {
        "FID" : 40,
        "PMNTN_SPOT" : 19639,
        "MNTN_CODE" : "488703901",
        "MANAGE_SP1" : "02",
        "MANAGE_SP2" : "분기점",
        "DETAIL_SPO" : "분기점",
        "ETC_MATTER" : " ",
        "MNTN_NM" : "대봉산",
        "PAST_SPOT_" : "4887039010041",
        "MNTN_ID" : "488703901"
      },
      "geometry" : {
        "x" : 263817.06814482901,
        "y" : 333548.0657333713
      }
    },
    {
      "attributes" : {
        "FID" : 41,
        "PMNTN_SPOT" : 19640,
        "MNTN_CODE" : "488703901",
        "MANAGE_SP1" : "02",
        "MANAGE_SP2" : "분기점",
        "DETAIL_SPO" : "분기점",
        "ETC_MATTER" : " ",
        "MNTN_NM" : "대봉산",
        "PAST_SPOT_" : "4887039010042",
        "MNTN_ID" : "488703901"
      },
      "geometry" : {
        "x" : 263832.75980000012,
        "y" : 330996.50310000218
      }
    },
    {
      "attributes" : {
        "FID" : 42,
        "PMNTN_SPOT" : 19641,
        "MNTN_CODE" : "488703901",
        "MANAGE_SP1" : "02",
        "MANAGE_SP2" : "분기점",
        "DETAIL_SPO" : "분기점",
        "ETC_MATTER" : " ",
        "MNTN_NM" : "대봉산",
        "PAST_SPOT_" : "4887039010043",
        "MNTN_ID" : "488703901"
      },
      "geometry" : {
        "x" : 263844.71951747593,
        "y" : 333780.97908636555
      }
    },
    {
      "attributes" : {
        "FID" : 43,
        "PMNTN_SPOT" : 19642,
        "MNTN_CODE" : "488703901",
        "MANAGE_SP1" : "02",
        "MANAGE_SP2" : "분기점",
        "DETAIL_SPO" : "분기점",
        "ETC_MATTER" : " ",
        "MNTN_NM" : "대봉산",
        "PAST_SPOT_" : "4887039010044",
        "MNTN_ID" : "488703901"
      },
      "geometry" : {
        "x" : 263904.88280000165,
        "y" : 333617.00550000183
      }
    },
    {
      "attributes" : {
        "FID" : 44,
        "PMNTN_SPOT" : 19643,
        "MNTN_CODE" : "488703901",
        "MANAGE_SP1" : "02",
        "MANAGE_SP2" : "분기점",
        "DETAIL_SPO" : "분기점",
        "ETC_MATTER" : " ",
        "MNTN_NM" : "대봉산",
        "PAST_SPOT_" : "4887039010045",
        "MNTN_ID" : "488703901"
      },
      "geometry" : {
        "x" : 264070.05179999955,
        "y" : 331589.83460000157
      }
    },
    {
      "attributes" : {
        "FID" : 45,
        "PMNTN_SPOT" : 19644,
        "MNTN_CODE" : "488703901",
        "MANAGE_SP1" : "02",
        "MANAGE_SP2" : "분기점",
        "DETAIL_SPO" : "분기점",
        "ETC_MATTER" : " ",
        "MNTN_NM" : "대봉산",
        "PAST_SPOT_" : "4887039010046",
        "MNTN_ID" : "488703901"
      },
      "geometry" : {
        "x" : 264158.77042904589,
        "y" : 332509.16731160507
      }
    },
    {
      "attributes" : {
        "FID" : 46,
        "PMNTN_SPOT" : 19645,
        "MNTN_CODE" : "488703901",
        "MANAGE_SP1" : "02",
        "MANAGE_SP2" : "분기점",
        "DETAIL_SPO" : "분기점",
        "ETC_MATTER" : " ",
        "MNTN_NM" : "대봉산",
        "PAST_SPOT_" : "4887039010047",
        "MNTN_ID" : "488703901"
      },
      "geometry" : {
        "x" : 264269.18599999975,
        "y" : 330273.69140000269
      }
    },
    {
      "attributes" : {
        "FID" : 47,
        "PMNTN_SPOT" : 19646,
        "MNTN_CODE" : "488703901",
        "MANAGE_SP1" : "02",
        "MANAGE_SP2" : "분기점",
        "DETAIL_SPO" : "분기점",
        "ETC_MATTER" : " ",
        "MNTN_NM" : "대봉산",
        "PAST_SPOT_" : "4887039010048",
        "MNTN_ID" : "488703901"
      },
      "geometry" : {
        "x" : 264285.427000002,
        "y" : 331019.20910000056
      }
    },
    {
      "attributes" : {
        "FID" : 48,
        "PMNTN_SPOT" : 19647,
        "MNTN_CODE" : "488703901",
        "MANAGE_SP1" : "02",
        "MANAGE_SP2" : "분기점",
        "DETAIL_SPO" : "분기점",
        "ETC_MATTER" : " ",
        "MNTN_NM" : "대봉산",
        "PAST_SPOT_" : "4887039010049",
        "MNTN_ID" : "488703901"
      },
      "geometry" : {
        "x" : 264293.05207303353,
        "y" : 331116.08849083818
      }
    },
    {
      "attributes" : {
        "FID" : 49,
        "PMNTN_SPOT" : 19648,
        "MNTN_CODE" : "488703901",
        "MANAGE_SP1" : "02",
        "MANAGE_SP2" : "분기점",
        "DETAIL_SPO" : "분기점",
        "ETC_MATTER" : " ",
        "MNTN_NM" : "대봉산",
        "PAST_SPOT_" : "4887039010050",
        "MNTN_ID" : "488703901"
      },
      "geometry" : {
        "x" : 264305.5290000001,
        "y" : 330120.77439999953
      }
    },
    {
      "attributes" : {
        "FID" : 50,
        "PMNTN_SPOT" : 19649,
        "MNTN_CODE" : "488703901",
        "MANAGE_SP1" : "02",
        "MANAGE_SP2" : "분기점",
        "DETAIL_SPO" : "분기점",
        "ETC_MATTER" : " ",
        "MNTN_NM" : "대봉산",
        "PAST_SPOT_" : "4887039010051",
        "MNTN_ID" : "488703901"
      },
      "geometry" : {
        "x" : 264316.62069138139,
        "y" : 331957.51386485621
      }
    },
    {
      "attributes" : {
        "FID" : 51,
        "PMNTN_SPOT" : 19650,
        "MNTN_CODE" : "488703901",
        "MANAGE_SP1" : "02",
        "MANAGE_SP2" : "분기점",
        "DETAIL_SPO" : "분기점",
        "ETC_MATTER" : " ",
        "MNTN_NM" : "대봉산",
        "PAST_SPOT_" : "4887039010052",
        "MNTN_ID" : "488703901"
      },
      "geometry" : {
        "x" : 264340.18650000263,
        "y" : 333374.83720000274
      }
    },
    {
      "attributes" : {
        "FID" : 52,
        "PMNTN_SPOT" : 19651,
        "MNTN_CODE" : "488703901",
        "MANAGE_SP1" : "02",
        "MANAGE_SP2" : "분기점",
        "DETAIL_SPO" : "분기점",
        "ETC_MATTER" : " ",
        "MNTN_NM" : "대봉산",
        "PAST_SPOT_" : "4887039010053",
        "MNTN_ID" : "488703901"
      },
      "geometry" : {
        "x" : 264362.30648337677,
        "y" : 329922.83006818965
      }
    },
    {
      "attributes" : {
        "FID" : 53,
        "PMNTN_SPOT" : 19652,
        "MNTN_CODE" : "488703901",
        "MANAGE_SP1" : "01",
        "MANAGE_SP2" : "시종점",
        "DETAIL_SPO" : "시종점",
        "ETC_MATTER" : " ",
        "MNTN_NM" : "대봉산",
        "PAST_SPOT_" : "4887039010054",
        "MNTN_ID" : "488703901"
      },
      "geometry" : {
        "x" : 264427.95210000034,
        "y" : 329038.30849999748
      }
    },
    {
      "attributes" : {
        "FID" : 54,
        "PMNTN_SPOT" : 19653,
        "MNTN_CODE" : "488703901",
        "MANAGE_SP1" : "01",
        "MANAGE_SP2" : "시종점",
        "DETAIL_SPO" : "시종점",
        "ETC_MATTER" : " ",
        "MNTN_NM" : "대봉산",
        "PAST_SPOT_" : "4887039010055",
        "MNTN_ID" : "488703901"
      },
      "geometry" : {
        "x" : 264517.04817063175,
        "y" : 337655.24576312676
      }
    },
    {
      "attributes" : {
        "FID" : 55,
        "PMNTN_SPOT" : 19654,
        "MNTN_CODE" : "488703901",
        "MANAGE_SP1" : "02",
        "MANAGE_SP2" : "분기점",
        "DETAIL_SPO" : "분기점",
        "ETC_MATTER" : " ",
        "MNTN_NM" : "대봉산",
        "PAST_SPOT_" : "4887039010056",
        "MNTN_ID" : "488703901"
      },
      "geometry" : {
        "x" : 264562.04759801365,
        "y" : 332271.4631704893
      }
    },
    {
      "attributes" : {
        "FID" : 56,
        "PMNTN_SPOT" : 19655,
        "MNTN_CODE" : "488703901",
        "MANAGE_SP1" : "02",
        "MANAGE_SP2" : "분기점",
        "DETAIL_SPO" : "분기점",
        "ETC_MATTER" : " ",
        "MNTN_NM" : "대봉산",
        "PAST_SPOT_" : "4887039010057",
        "MNTN_ID" : "488703901"
      },
      "geometry" : {
        "x" : 264567.93049999978,
        "y" : 332276.25420000218
      }
    },
    {
      "attributes" : {
        "FID" : 57,
        "PMNTN_SPOT" : 19656,
        "MNTN_CODE" : "488703901",
        "MANAGE_SP1" : "02",
        "MANAGE_SP2" : "분기점",
        "DETAIL_SPO" : "분기점",
        "ETC_MATTER" : " ",
        "MNTN_NM" : "대봉산",
        "PAST_SPOT_" : "4887039010058",
        "MNTN_ID" : "488703901"
      },
      "geometry" : {
        "x" : 264588.88877499755,
        "y" : 332298.88287222385
      }
    },
    {
      "attributes" : {
        "FID" : 58,
        "PMNTN_SPOT" : 19657,
        "MNTN_CODE" : "488703901",
        "MANAGE_SP1" : "01",
        "MANAGE_SP2" : "시종점",
        "DETAIL_SPO" : "시종점",
        "ETC_MATTER" : " ",
        "MNTN_NM" : "대봉산",
        "PAST_SPOT_" : "4887039010059",
        "MNTN_ID" : "488703901"
      },
      "geometry" : {
        "x" : 264712.62299149204,
        "y" : 330739.02836120874
      }
    },
    {
      "attributes" : {
        "FID" : 59,
        "PMNTN_SPOT" : 19658,
        "MNTN_CODE" : "488703901",
        "MANAGE_SP1" : "02",
        "MANAGE_SP2" : "분기점",
        "DETAIL_SPO" : "분기점",
        "ETC_MATTER" : " ",
        "MNTN_NM" : "대봉산",
        "PAST_SPOT_" : "4887039010060",
        "MNTN_ID" : "488703901"
      },
      "geometry" : {
        "x" : 264858.23440000229,
        "y" : 332114.93799999915
      }
    },
    {
      "attributes" : {
        "FID" : 60,
        "PMNTN_SPOT" : 19659,
        "MNTN_CODE" : "488703901",
        "MANAGE_SP1" : "02",
        "MANAGE_SP2" : "분기점",
        "DETAIL_SPO" : "분기점",
        "ETC_MATTER" : " ",
        "MNTN_NM" : "대봉산",
        "PAST_SPOT_" : "4887039010061",
        "MNTN_ID" : "488703901"
      },
      "geometry" : {
        "x" : 264860.25960000232,
        "y" : 331657.1780000031
      }
    },
    {
      "attributes" : {
        "FID" : 61,
        "PMNTN_SPOT" : 19660,
        "MNTN_CODE" : "488703901",
        "MANAGE_SP1" : "02",
        "MANAGE_SP2" : "분기점",
        "DETAIL_SPO" : "분기점",
        "ETC_MATTER" : " ",
        "MNTN_NM" : "대봉산",
        "PAST_SPOT_" : "4887039010062",
        "MNTN_ID" : "488703901"
      },
      "geometry" : {
        "x" : 264866.09668985195,
        "y" : 331944.04356454499
      }
    },
    {
      "attributes" : {
        "FID" : 62,
        "PMNTN_SPOT" : 19661,
        "MNTN_CODE" : "488703901",
        "MANAGE_SP1" : "02",
        "MANAGE_SP2" : "분기점",
        "DETAIL_SPO" : "분기점",
        "ETC_MATTER" : " ",
        "MNTN_NM" : "대봉산",
        "PAST_SPOT_" : "4887039010063",
        "MNTN_ID" : "488703901"
      },
      "geometry" : {
        "x" : 264872.93682876416,
        "y" : 331893.71555474587
      }
    },
    {
      "attributes" : {
        "FID" : 63,
        "PMNTN_SPOT" : 19662,
        "MNTN_CODE" : "488703901",
        "MANAGE_SP1" : "02",
        "MANAGE_SP2" : "분기점",
        "DETAIL_SPO" : "분기점",
        "ETC_MATTER" : " ",
        "MNTN_NM" : "대봉산",
        "PAST_SPOT_" : "4887039010064",
        "MNTN_ID" : "488703901"
      },
      "geometry" : {
        "x" : 264873.6481999997,
        "y" : 331859.11199999973
      }
    },
    {
      "attributes" : {
        "FID" : 64,
        "PMNTN_SPOT" : 19663,
        "MNTN_CODE" : "488703901",
        "MANAGE_SP1" : "01",
        "MANAGE_SP2" : "시종점",
        "DETAIL_SPO" : "시종점",
        "ETC_MATTER" : " ",
        "MNTN_NM" : "대봉산",
        "PAST_SPOT_" : "4887039010065",
        "MNTN_ID" : "488703901"
      },
      "geometry" : {
        "x" : 265107.55310000107,
        "y" : 333557.58070000075
      }
    },
    {
      "attributes" : {
        "FID" : 65,
        "PMNTN_SPOT" : 19664,
        "MNTN_CODE" : "488703901",
        "MANAGE_SP1" : "01",
        "MANAGE_SP2" : "시종점",
        "DETAIL_SPO" : "시종점",
        "ETC_MATTER" : " ",
        "MNTN_NM" : "대봉산",
        "PAST_SPOT_" : "4887039010066",
        "MNTN_ID" : "488703901"
      },
      "geometry" : {
        "x" : 265124.97485079803,
        "y" : 329675.89874214679
      }
    },
    {
      "attributes" : {
        "FID" : 66,
        "PMNTN_SPOT" : 19665,
        "MNTN_CODE" : "488703901",
        "MANAGE_SP1" : "01",
        "MANAGE_SP2" : "시종점",
        "DETAIL_SPO" : "시종점",
        "ETC_MATTER" : " ",
        "MNTN_NM" : "대봉산",
        "PAST_SPOT_" : "4887039010067",
        "MNTN_ID" : "488703901"
      },
      "geometry" : {
        "x" : 265308.24630000256,
        "y" : 332031.46610000171
      }
    },
    {
      "attributes" : {
        "FID" : 67,
        "PMNTN_SPOT" : 19666,
        "MNTN_CODE" : "488703901",
        "MANAGE_SP1" : "01",
        "MANAGE_SP2" : "시종점",
        "DETAIL_SPO" : "시종점",
        "ETC_MATTER" : " ",
        "MNTN_NM" : "대봉산",
        "PAST_SPOT_" : "4887039010068",
        "MNTN_ID" : "488703901"
      },
      "geometry" : {
        "x" : 265551.15870000049,
        "y" : 336992.73630000278
      }
    },
    {
      "attributes" : {
        "FID" : 68,
        "PMNTN_SPOT" : 19667,
        "MNTN_CODE" : "488703901",
        "MANAGE_SP1" : "02",
        "MANAGE_SP2" : "분기점",
        "DETAIL_SPO" : "분기점",
        "ETC_MATTER" : " ",
        "MNTN_NM" : "대봉산",
        "PAST_SPOT_" : "4887039010069",
        "MNTN_ID" : "488703901"
      },
      "geometry" : {
        "x" : 265677.74679587409,
        "y" : 337227.22329260223
      }
    },
    {
      "attributes" : {
        "FID" : 69,
        "PMNTN_SPOT" : 19668,
        "MNTN_CODE" : "488703901",
        "MANAGE_SP1" : "02",
        "MANAGE_SP2" : "분기점",
        "DETAIL_SPO" : "분기점",
        "ETC_MATTER" : " ",
        "MNTN_NM" : "대봉산",
        "PAST_SPOT_" : "4887039010070",
        "MNTN_ID" : "488703901"
      },
      "geometry" : {
        "x" : 265731.61397333909,
        "y" : 337166.75956440531
      }
    },
    {
      "attributes" : {
        "FID" : 70,
        "PMNTN_SPOT" : 19669,
        "MNTN_CODE" : "488703901",
        "MANAGE_SP1" : "01",
        "MANAGE_SP2" : "시종점",
        "DETAIL_SPO" : "시종점",
        "ETC_MATTER" : " ",
        "MNTN_NM" : "대봉산",
        "PAST_SPOT_" : "4887039010071",
        "MNTN_ID" : "488703901"
      },
      "geometry" : {
        "x" : 265740.35100000072,
        "y" : 337279.13640000299
      }
    },
    {
      "attributes" : {
        "FID" : 71,
        "PMNTN_SPOT" : 19670,
        "MNTN_CODE" : "488703901",
        "MANAGE_SP1" : "01",
        "MANAGE_SP2" : "시종점",
        "DETAIL_SPO" : "시종점",
        "ETC_MATTER" : " ",
        "MNTN_NM" : "대봉산",
        "PAST_SPOT_" : "4887039010072",
        "MNTN_ID" : "488703901"
      },
      "geometry" : {
        "x" : 265803.14522578474,
        "y" : 337233.59572947957
      }
    }
  ]
}