{
  "displayFieldName" : "",
  "fieldAliases" : {
    "FID" : "FID",
    "PMNTN_SPOT" : "PMNTN_SPOT",
    "MNTN_CODE" : "MNTN_CODE",
    "MANAGE_SP1" : "MANAGE_SP1",
    "MANAGE_SP2" : "MANAGE_SP2",
    "DETAIL_SPO" : "DETAIL_SPO",
    "ETC_MATTER" : "ETC_MATTER",
    "MNTN_NM" : "MNTN_NM",
    "PAST_SPOT_" : "PAST_SPOT_",
    "MNTN_ID" : "MNTN_ID"
  },
  "geometryType" : "esriGeometryPoint",
  "spatialReference" : {
    "wkt" : "PROJCS[\"PCS_ITRF2000_TM\",GEOGCS[\"GCS_ITRF_2000\",DATUM[\"D_ITRF_2000\",SPHEROID[\"GRS_1980\",6378137.0,298.257222101]],PRIMEM[\"Greenwich\",0.0],UNIT[\"Degree\",0.0174532925199433]],PROJECTION[\"Transverse_Mercator\"],PARAMETER[\"False_Easting\",200000.0],PARAMETER[\"False_Northing\",600000.0],PARAMETER[\"Central_Meridian\",127.0],PARAMETER[\"Scale_Factor\",1.0],PARAMETER[\"Latitude_Of_Origin\",38.0],UNIT[\"Meter\",1.0]]"
  },
  "fields" : [
    {
      "name" : "FID",
      "type" : "esriFieldTypeOID",
      "alias" : "FID"
    },
    {
      "name" : "PMNTN_SPOT",
      "type" : "esriFieldTypeDouble",
      "alias" : "PMNTN_SPOT"
    },
    {
      "name" : "MNTN_CODE",
      "type" : "esriFieldTypeString",
      "alias" : "MNTN_CODE",
      "length" : 9
    },
    {
      "name" : "MANAGE_SP1",
      "type" : "esriFieldTypeString",
      "alias" : "MANAGE_SP1",
      "length" : 2
    },
    {
      "name" : "MANAGE_SP2",
      "type" : "esriFieldTypeString",
      "alias" : "MANAGE_SP2",
      "length" : 50
    },
    {
      "name" : "DETAIL_SPO",
      "type" : "esriFieldTypeString",
      "alias" : "DETAIL_SPO",
      "length" : 200
    },
    {
      "name" : "ETC_MATTER",
      "type" : "esriFieldTypeString",
      "alias" : "ETC_MATTER",
      "length" : 200
    },
    {
      "name" : "MNTN_NM",
      "type" : "esriFieldTypeString",
      "alias" : "MNTN_NM",
      "length" : 50
    },
    {
      "name" : "PAST_SPOT_",
      "type" : "esriFieldTypeString",
      "alias" : "PAST_SPOT_",
      "length" : 14
    },
    {
      "name" : "MNTN_ID",
      "type" : "esriFieldTypeString",
      "alias" : "MNTN_ID",
      "length" : 10
    }
  ],
  "features" : [
    {
      "attributes" : {
        "FID" : 0,
        "PMNTN_SPOT" : 20389,
        "MNTN_CODE" : "427300501",
        "MANAGE_SP1" : "99",
        "MANAGE_SP2" : "기타",
        "DETAIL_SPO" : "등산로입구",
        "ETC_MATTER" : " ",
        "MNTN_NM" : "덕고산",
        "PAST_SPOT_" : "4273005010001",
        "MNTN_ID" : "427300501"
      },
      "geometry" : {
        "x" : 307888.16569999978,
        "y" : 561614.68290000223
      }
    },
    {
      "attributes" : {
        "FID" : 1,
        "PMNTN_SPOT" : 20390,
        "MNTN_CODE" : "427300501",
        "MANAGE_SP1" : "99",
        "MANAGE_SP2" : "기타",
        "DETAIL_SPO" : "계곡",
        "ETC_MATTER" : "우천시진입불가",
        "MNTN_NM" : "덕고산",
        "PAST_SPOT_" : "4273005010002",
        "MNTN_ID" : "427300501"
      },
      "geometry" : {
        "x" : 308544.502700001,
        "y" : 561223.34480000101
      }
    },
    {
      "attributes" : {
        "FID" : 2,
        "PMNTN_SPOT" : 20391,
        "MNTN_CODE" : "427300501",
        "MANAGE_SP1" : "99",
        "MANAGE_SP2" : "기타",
        "DETAIL_SPO" : "공터",
        "ETC_MATTER" : "이정표필요",
        "MNTN_NM" : "덕고산",
        "PAST_SPOT_" : "4273005010003",
        "MNTN_ID" : "427300501"
      },
      "geometry" : {
        "x" : 309615.59650000185,
        "y" : 560909.68119999953
      }
    },
    {
      "attributes" : {
        "FID" : 3,
        "PMNTN_SPOT" : 20392,
        "MNTN_CODE" : "427300501",
        "MANAGE_SP1" : "99",
        "MANAGE_SP2" : "기타",
        "DETAIL_SPO" : "급경사",
        "ETC_MATTER" : "4~5구간로프필요",
        "MNTN_NM" : "덕고산",
        "PAST_SPOT_" : "4273005010004",
        "MNTN_ID" : "427300501"
      },
      "geometry" : {
        "x" : 310250.4542000005,
        "y" : 560881.71829999983
      }
    },
    {
      "attributes" : {
        "FID" : 4,
        "PMNTN_SPOT" : 20393,
        "MNTN_CODE" : "427300501",
        "MANAGE_SP1" : "99",
        "MANAGE_SP2" : "기타",
        "DETAIL_SPO" : "급경사,급경사,산죽군락지",
        "ETC_MATTER" : "4~5구간로프필요",
        "MNTN_NM" : "덕고산",
        "PAST_SPOT_" : "4273005010005",
        "MNTN_ID" : "427300501"
      },
      "geometry" : {
        "x" : 310300.58340000082,
        "y" : 560835.82240000181
      }
    },
    {
      "attributes" : {
        "FID" : 5,
        "PMNTN_SPOT" : 20394,
        "MNTN_CODE" : "427300501",
        "MANAGE_SP1" : "99",
        "MANAGE_SP2" : "기타",
        "DETAIL_SPO" : "암벽",
        "ETC_MATTER" : "40m구간로프필요",
        "MNTN_NM" : "덕고산",
        "PAST_SPOT_" : "4273005010006",
        "MNTN_ID" : "427300501"
      },
      "geometry" : {
        "x" : 310784.69290000107,
        "y" : 559963.71880000085
      }
    },
    {
      "attributes" : {
        "FID" : 6,
        "PMNTN_SPOT" : 20395,
        "MNTN_CODE" : "427300501",
        "MANAGE_SP1" : "99",
        "MANAGE_SP2" : "기타",
        "DETAIL_SPO" : "급경사",
        "ETC_MATTER" : "30m구간로프필요",
        "MNTN_NM" : "덕고산",
        "PAST_SPOT_" : "4273005010007",
        "MNTN_ID" : "427300501"
      },
      "geometry" : {
        "x" : 310770.56429999974,
        "y" : 559856.47269999981
      }
    },
    {
      "attributes" : {
        "FID" : 7,
        "PMNTN_SPOT" : 20396,
        "MNTN_CODE" : "427300501",
        "MANAGE_SP1" : "23",
        "MANAGE_SP2" : "정상",
        "DETAIL_SPO" : "정상",
        "ETC_MATTER" : "정상표지석,이정표필요",
        "MNTN_NM" : "덕고산",
        "PAST_SPOT_" : "4273005010008",
        "MNTN_ID" : "427300501"
      },
      "geometry" : {
        "x" : 310159.29719999991,
        "y" : 559126.0745000001
      }
    },
    {
      "attributes" : {
        "FID" : 8,
        "PMNTN_SPOT" : 20397,
        "MNTN_CODE" : "427300501",
        "MANAGE_SP1" : "10",
        "MANAGE_SP2" : "이정표",
        "DETAIL_SPO" : "이정표,이정표,갈림길",
        "ETC_MATTER" : " ",
        "MNTN_NM" : "덕고산",
        "PAST_SPOT_" : "4273005010009",
        "MNTN_ID" : "427300501"
      },
      "geometry" : {
        "x" : 307336.47770000156,
        "y" : 561011.40340000018
      }
    },
    {
      "attributes" : {
        "FID" : 9,
        "PMNTN_SPOT" : 20398,
        "MNTN_CODE" : "427300501",
        "MANAGE_SP1" : "10",
        "MANAGE_SP2" : "이정표",
        "DETAIL_SPO" : "이정표,이정표,등산로입구",
        "ETC_MATTER" : "임도,등산로입구",
        "MNTN_NM" : "덕고산",
        "PAST_SPOT_" : "4273005010010",
        "MNTN_ID" : "427300501"
      },
      "geometry" : {
        "x" : 307806.75280000083,
        "y" : 561700.76510000043
      }
    },
    {
      "attributes" : {
        "FID" : 10,
        "PMNTN_SPOT" : 20399,
        "MNTN_CODE" : "427300501",
        "MANAGE_SP1" : "02",
        "MANAGE_SP2" : "분기점",
        "DETAIL_SPO" : "분기점",
        "ETC_MATTER" : " ",
        "MNTN_NM" : "덕고산",
        "PAST_SPOT_" : "4273005010011",
        "MNTN_ID" : "427300501"
      },
      "geometry" : {
        "x" : 310804.54165468458,
        "y" : 560458.46519240364
      }
    },
    {
      "attributes" : {
        "FID" : 11,
        "PMNTN_SPOT" : 20400,
        "MNTN_CODE" : "427300501",
        "MANAGE_SP1" : "01",
        "MANAGE_SP2" : "시종점",
        "DETAIL_SPO" : "시종점",
        "ETC_MATTER" : " ",
        "MNTN_NM" : "덕고산",
        "PAST_SPOT_" : "4273005010012",
        "MNTN_ID" : "427300501"
      },
      "geometry" : {
        "x" : 310838.62329999916,
        "y" : 560439.46550000273
      }
    }
  ]
}