{
  "displayFieldName" : "",
  "fieldAliases" : {
    "FID" : "FID",
    "PMNTN_SN" : "PMNTN_SN",
    "MNTN_CODE" : "MNTN_CODE",
    "MNTN_NM" : "MNTN_NM",
    "PMNTN_NM" : "PMNTN_NM",
    "PMNTN_MAIN" : "PMNTN_MAIN",
    "PMNTN_LT" : "PMNTN_LT",
    "PMNTN_DFFL" : "PMNTN_DFFL",
    "PMNTN_UPPL" : "PMNTN_UPPL",
    "PMNTN_GODN" : "PMNTN_GODN",
    "PMNTN_MTRQ" : "PMNTN_MTRQ",
    "PMNTN_CNRL" : "PMNTN_CNRL",
    "PMNTN_CLS_" : "PMNTN_CLS_",
    "PMNTN_RISK" : "PMNTN_RISK",
    "PMNTN_RECO" : "PMNTN_RECO",
    "DATA_STDR_" : "DATA_STDR_",
    "MNTN_ID" : "MNTN_ID"
  },
  "geometryType" : "esriGeometryPolyline",
  "spatialReference" : {
    "wkt" : "PROJCS[\"PCS_ITRF2000_TM\",GEOGCS[\"GCS_ITRF_2000\",DATUM[\"D_ITRF_2000\",SPHEROID[\"GRS_1980\",6378137.0,298.257222101]],PRIMEM[\"Greenwich\",0.0],UNIT[\"Degree\",0.0174532925199433]],PROJECTION[\"Transverse_Mercator\"],PARAMETER[\"False_Easting\",200000.0],PARAMETER[\"False_Northing\",600000.0],PARAMETER[\"Central_Meridian\",127.0],PARAMETER[\"Scale_Factor\",1.0],PARAMETER[\"Latitude_Of_Origin\",38.0],UNIT[\"Meter\",1.0]]"
  },
  "fields" : [
    {
      "name" : "FID",
      "type" : "esriFieldTypeOID",
      "alias" : "FID"
    },
    {
      "name" : "PMNTN_SN",
      "type" : "esriFieldTypeDouble",
      "alias" : "PMNTN_SN"
    },
    {
      "name" : "MNTN_CODE",
      "type" : "esriFieldTypeString",
      "alias" : "MNTN_CODE",
      "length" : 9
    },
    {
      "name" : "MNTN_NM",
      "type" : "esriFieldTypeString",
      "alias" : "MNTN_NM",
      "length" : 50
    },
    {
      "name" : "PMNTN_NM",
      "type" : "esriFieldTypeString",
      "alias" : "PMNTN_NM",
      "length" : 50
    },
    {
      "name" : "PMNTN_MAIN",
      "type" : "esriFieldTypeString",
      "alias" : "PMNTN_MAIN",
      "length" : 200
    },
    {
      "name" : "PMNTN_LT",
      "type" : "esriFieldTypeSingle",
      "alias" : "PMNTN_LT"
    },
    {
      "name" : "PMNTN_DFFL",
      "type" : "esriFieldTypeString",
      "alias" : "PMNTN_DFFL",
      "length" : 8
    },
    {
      "name" : "PMNTN_UPPL",
      "type" : "esriFieldTypeDouble",
      "alias" : "PMNTN_UPPL"
    },
    {
      "name" : "PMNTN_GODN",
      "type" : "esriFieldTypeDouble",
      "alias" : "PMNTN_GODN"
    },
    {
      "name" : "PMNTN_MTRQ",
      "type" : "esriFieldTypeString",
      "alias" : "PMNTN_MTRQ",
      "length" : 200
    },
    {
      "name" : "PMNTN_CNRL",
      "type" : "esriFieldTypeString",
      "alias" : "PMNTN_CNRL",
      "length" : 1
    },
    {
      "name" : "PMNTN_CLS_",
      "type" : "esriFieldTypeString",
      "alias" : "PMNTN_CLS_",
      "length" : 1
    },
    {
      "name" : "PMNTN_RISK",
      "type" : "esriFieldTypeString",
      "alias" : "PMNTN_RISK",
      "length" : 200
    },
    {
      "name" : "PMNTN_RECO",
      "type" : "esriFieldTypeString",
      "alias" : "PMNTN_RECO",
      "length" : 1
    },
    {
      "name" : "DATA_STDR_",
      "type" : "esriFieldTypeString",
      "alias" : "DATA_STDR_",
      "length" : 10
    },
    {
      "name" : "MNTN_ID",
      "type" : "esriFieldTypeString",
      "alias" : "MNTN_ID",
      "length" : 10
    }
  ],
  "features" : [
    {
      "attributes" : {
        "FID" : 0,
        "PMNTN_SN" : 20966,
        "MNTN_CODE" : "471901001",
        "MNTN_NM" : "백마산",
        "PMNTN_NM" : "오로리구간",
        "PMNTN_MAIN" : " ",
        "PMNTN_LT" : 0.35,
        "PMNTN_DFFL" : "쉬움",
        "PMNTN_UPPL" : 6,
        "PMNTN_GODN" : 4,
        "PMNTN_MTRQ" : " ",
        "PMNTN_CNRL" : " ",
        "PMNTN_CLS_" : " ",
        "PMNTN_RISK" : " ",
        "PMNTN_RECO" : " ",
        "DATA_STDR_" : "2016-12-31",
        "MNTN_ID" : "471901001"
      },
      "geometry" : {
        "paths" : [
          [
            [
              317830.24570000079,
              402718.8870000001
            ],
            [
              317826.15020000003,
              402734.35870000161
            ],
            [
              317815.68400000129,
              402736.63399999961
            ],
            [
              317807.94809999876,
              402748.4653000012
            ],
            [
              317793.38650000002,
              402757.56629999727
            ],
            [
              317778.82490000222,
              402760.2966999989
            ],
            [
              317771.99909999967,
              402760.2966999989
            ],
            [
              317758.80260000098,
              402762.11690000072
            ],
            [
              317751.52180000115,
              402763.02700000256
            ],
            [
              317744.24100000039,
              402766.21230000071
            ],
            [
              317731.95460000169,
              402771.21790000238
            ],
            [
              317721.033400001,
              402772.58300000057
            ],
            [
              317712.84240000043,
              402772.58300000057
            ],
            [
              317703.2863999987,
              402774.85830000229
            ],
            [
              317695.55050000176,
              402782.59420000203
            ],
            [
              317690.5449000001,
              402791.24010000192
            ],
            [
              317685.53940000106,
              402798.52100000158
            ],
            [
              317669.1575000016,
              402810.80730000138
            ],
            [
              317650.04540000204,
              402827.18920000084
            ],
            [
              317632.29839999974,
              402839.93060000241
            ],
            [
              317619.55700000096,
              402864.95839999989
            ],
            [
              317613.18620000128,
              402881.79530000128
            ],
            [
              317599.07970000058,
              402895.90190000087
            ],
            [
              317594.07410000172,
              402909.55340000242
            ],
            [
              317589.06850000005,
              402927.30040000193
            ]
          ]
        ]
      }
    },
    {
      "attributes" : {
        "FID" : 1,
        "PMNTN_SN" : 20967,
        "MNTN_CODE" : "471901001",
        "MNTN_NM" : "백마산",
        "PMNTN_NM" : "오로리구간",
        "PMNTN_MAIN" : " ",
        "PMNTN_LT" : 0.75,
        "PMNTN_DFFL" : "쉬움",
        "PMNTN_UPPL" : 13,
        "PMNTN_GODN" : 9,
        "PMNTN_MTRQ" : " ",
        "PMNTN_CNRL" : " ",
        "PMNTN_CLS_" : " ",
        "PMNTN_RISK" : " ",
        "PMNTN_RECO" : " ",
        "DATA_STDR_" : "2016-12-31",
        "MNTN_ID" : "471901001"
      },
      "geometry" : {
        "paths" : [
          [
            [
              318261.6342000002,
              402800.3412000034
            ],
            [
              318254.35329999961,
              402785.32450000197
            ],
            [
              318249.80280000158,
              402783.95930000022
            ],
            [
              318240.24679999985,
              402782.59420000203
            ],
            [
              318210.66840000078,
              402781.22900000215
            ],
            [
              318195.65170000121,
              402778.95380000211
            ],
            [
              318189.73610000033,
              402773.03810000233
            ],
            [
              318179.72500000056,
              402775.76840000041
            ],
            [
              318163.79820000101,
              402775.76840000041
            ],
            [
              318126.93900000118,
              402769.85270000063
            ],
            [
              318120.11330000218,
              402773.03810000233
            ],
            [
              318115.56269999966,
              402782.59420000203
            ],
            [
              318108.73700000159,
              402788.50979999825
            ],
            [
              318096.90560000017,
              402792.60530000366
            ],
            [
              318086.8945000004,
              402794.42550000362
            ],
            [
              318075.97329999972,
              402799.88609999977
            ],
            [
              318067.3273,
              402806.25679999962
            ],
            [
              318060.50150000025,
              402812.6275000032
            ],
            [
              318050.0354000004,
              402816.72300000116
            ],
            [
              318042.7546000015,
              402823.54880000465
            ],
            [
              318039.56919999979,
              402832.19470000267
            ],
            [
              318037.29390000086,
              402842.20590000227
            ],
            [
              318032.74340000004,
              402849.03160000034
            ],
            [
              318022.73230000027,
              402855.40230000019
            ],
            [
              318014.99640000053,
              402862.22810000181
            ],
            [
              318003.6202000007,
              402868.5987999998
            ],
            [
              317993.60899999924,
              402868.5987999998
            ],
            [
              317972.67669999972,
              402870.41900000162
            ],
            [
              317949.92410000041,
              402869.96400000155
            ],
            [
              317933.08720000088,
              402867.23370000347
            ],
            [
              317914.43010000046,
              402871.78420000151
            ],
            [
              317898.50330000091,
              402878.15490000136
            ],
            [
              317884.8518000003,
              402880.88519999944
            ],
            [
              317878.93610000052,
              402879.97510000132
            ],
            [
              317856.18360000011,
              402873.1492999997
            ],
            [
              317831.61080000084,
              402868.5987999998
            ],
            [
              317815.68400000129,
              402872.69429999962
            ],
            [
              317797.02690000087,
              402879.97510000132
            ],
            [
              317787.47080000117,
              402884.07060000114
            ],
            [
              317780.19000000134,
              402890.44129999913
            ],
            [
              317768.81370000076,
              402896.3570000045
            ],
            [
              317756.52740000095,
              402896.81200000271
            ],
            [
              317738.78040000144,
              402894.08170000091
            ],
            [
              317720.12330000103,
              402893.17159999721
            ],
            [
              317702.83130000066,
              402895.4469000008
            ],
            [
              317684.17420000024,
              402899.08730000257
            ],
            [
              317671.43280000053,
              402906.36810000427
            ],
            [
              317650.04540000204,
              402920.474700002
            ],
            [
              317641.39940000139,
              402921.83980000019
            ],
            [
              317606.81549999956,
              402924.57010000385
            ],
            [
              317589.06850000005,
              402927.30040000193
            ]
          ]
        ]
      }
    },
    {
      "attributes" : {
        "FID" : 2,
        "PMNTN_SN" : 20968,
        "MNTN_CODE" : "471901001",
        "MNTN_NM" : "백마산",
        "PMNTN_NM" : " ",
        "PMNTN_MAIN" : " ",
        "PMNTN_LT" : 0.09,
        "PMNTN_DFFL" : "쉬움",
        "PMNTN_UPPL" : 2,
        "PMNTN_GODN" : 1,
        "PMNTN_MTRQ" : " ",
        "PMNTN_CNRL" : " ",
        "PMNTN_CLS_" : " ",
        "PMNTN_RISK" : " ",
        "PMNTN_RECO" : " ",
        "DATA_STDR_" : "2016-12-31",
        "MNTN_ID" : "471901001"
      },
      "geometry" : {
        "paths" : [
          [
            [
              317589.06850000005,
              402927.30040000193
            ],
            [
              317584.06300000194,
              402944.13729999959
            ],
            [
              317574.05180000048,
              402965.52470000461
            ],
            [
              317563.13060000073,
              402986.00200000219
            ],
            [
              317552.66440000013,
              403007.38940000348
            ]
          ]
        ]
      }
    },
    {
      "attributes" : {
        "FID" : 3,
        "PMNTN_SN" : 20969,
        "MNTN_CODE" : "471901001",
        "MNTN_NM" : "백마산",
        "PMNTN_NM" : "황산리구간",
        "PMNTN_MAIN" : " ",
        "PMNTN_LT" : 0.1,
        "PMNTN_DFFL" : "쉬움",
        "PMNTN_UPPL" : 2,
        "PMNTN_GODN" : 1,
        "PMNTN_MTRQ" : " ",
        "PMNTN_CNRL" : " ",
        "PMNTN_CLS_" : " ",
        "PMNTN_RISK" : " ",
        "PMNTN_RECO" : " ",
        "DATA_STDR_" : "2016-12-31",
        "MNTN_ID" : "471901001"
      },
      "geometry" : {
        "paths" : [
          [
            [
              317552.66440000013,
              403007.38940000348
            ],
            [
              317541.2882000003,
              403018.76569999941
            ],
            [
              317534.00729999971,
              403018.76569999941
            ],
            [
              317518.08050000016,
              403016.94549999945
            ],
            [
              317502.1538000023,
              403013.30510000326
            ],
            [
              317488.50219999999,
              403013.30510000326
            ],
            [
              317475.76079999935,
              403014.21519999951
            ],
            [
              317457.5587000018,
              403009.66470000148
            ]
          ]
        ]
      }
    },
    {
      "attributes" : {
        "FID" : 4,
        "PMNTN_SN" : 20970,
        "MNTN_CODE" : "471901001",
        "MNTN_NM" : "백마산",
        "PMNTN_NM" : " ",
        "PMNTN_MAIN" : " ",
        "PMNTN_LT" : 0.15,
        "PMNTN_DFFL" : "쉬움",
        "PMNTN_UPPL" : 3,
        "PMNTN_GODN" : 2,
        "PMNTN_MTRQ" : " ",
        "PMNTN_CNRL" : " ",
        "PMNTN_CLS_" : " ",
        "PMNTN_RISK" : " ",
        "PMNTN_RECO" : " ",
        "DATA_STDR_" : "2016-12-31",
        "MNTN_ID" : "471901001"
      },
      "geometry" : {
        "paths" : [
          [
            [
              317552.66440000013,
              403007.38940000348
            ],
            [
              317552.20940000005,
              403021.041000003
            ],
            [
              317552.20940000005,
              403049.70920000039
            ],
            [
              317553.11950000096,
              403060.630400002
            ],
            [
              317556.30480000097,
              403071.55169999972
            ],
            [
              317562.22050000075,
              403079.28749999963
            ],
            [
              317564.04070000071,
              403089.7536999993
            ],
            [
              317562.67560000066,
              403102.95019999892
            ],
            [
              317565.86090000067,
              403133.43860000186
            ],
            [
              317564.49580000155,
              403150.27549999952
            ]
          ]
        ]
      }
    },
    {
      "attributes" : {
        "FID" : 5,
        "PMNTN_SN" : 20971,
        "MNTN_CODE" : "471901001",
        "MNTN_NM" : "백마산",
        "PMNTN_NM" : "오로리구간",
        "PMNTN_MAIN" : " ",
        "PMNTN_LT" : 0.44,
        "PMNTN_DFFL" : "쉬움",
        "PMNTN_UPPL" : 8,
        "PMNTN_GODN" : 5,
        "PMNTN_MTRQ" : " ",
        "PMNTN_CNRL" : " ",
        "PMNTN_CLS_" : " ",
        "PMNTN_RISK" : " ",
        "PMNTN_RECO" : " ",
        "DATA_STDR_" : "2016-12-31",
        "MNTN_ID" : "471901001"
      },
      "geometry" : {
        "paths" : [
          [
            [
              317564.49580000155,
              403150.27549999952
            ],
            [
              317582.24280000106,
              403141.62950000167
            ],
            [
              317596.34930000175,
              403132.52850000001
            ],
            [
              317608.18070000038,
              403130.25329999998
            ],
            [
              317620.46710000187,
              403121.15220000409
            ],
            [
              317642.76460000034,
              403105.22539999895
            ],
            [
              317662.78679999989,
              403096.57950000092
            ],
            [
              317680.53380000032,
              403097.94459999725
            ],
            [
              317699.64600000065,
              403101.58500000276
            ],
            [
              317710.11210000049,
              403104.77040000074
            ],
            [
              317719.21320000105,
              403110.68610000052
            ],
            [
              317731.49950000085,
              403118.42190000042
            ],
            [
              317753.34200000018,
              403128.8881000001
            ],
            [
              317777.4597000014,
              403145.72500000149
            ],
            [
              317803.85270000063,
              403154.82599999942
            ],
            [
              317844.35219999868,
              403167.11240000091
            ],
            [
              317852.9982000012,
              403177.12350000255
            ],
            [
              317868.01490000077,
              403183.49420000054
            ],
            [
              317882.12149999943,
              403183.03920000046
            ],
            [
              317896.68310000096,
              403177.12350000255
            ],
            [
              317919.8907000022,
              403181.21900000051
            ],
            [
              317934.4524000017,
              403188.04480000213
            ],
            [
              317944.91850000061,
              403198.96600000001
            ],
            [
              317959.93520000018,
              403203.06140000187
            ]
          ]
        ]
      }
    },
    {
      "attributes" : {
        "FID" : 6,
        "PMNTN_SN" : 20972,
        "MNTN_CODE" : "471901001",
        "MNTN_NM" : "백마산",
        "PMNTN_NM" : "오로리구간",
        "PMNTN_MAIN" : " ",
        "PMNTN_LT" : 0.69,
        "PMNTN_DFFL" : "쉬움",
        "PMNTN_UPPL" : 12,
        "PMNTN_GODN" : 9,
        "PMNTN_MTRQ" : " ",
        "PMNTN_CNRL" : " ",
        "PMNTN_CLS_" : " ",
        "PMNTN_RISK" : " ",
        "PMNTN_RECO" : " ",
        "DATA_STDR_" : "2016-12-31",
        "MNTN_ID" : "471901001"
      },
      "geometry" : {
        "paths" : [
          [
            [
              317564.49580000155,
              403150.27549999952
            ],
            [
              317563.13060000073,
              403170.75280000269
            ],
            [
              317563.58570000157,
              403196.69070000201
            ],
            [
              317567.6810999997,
              403210.34230000153
            ],
            [
              317569.95640000049,
              403218.98820000142
            ],
            [
              317566.77100000158,
              403231.27459999919
            ],
            [
              317559.03519999981,
              403254.9373000022
            ],
            [
              317553.5745000001,
              403286.33579999954
            ],
            [
              317560.8554000007,
              403300.44239999913
            ],
            [
              317573.1417000005,
              403322.28490000218
            ],
            [
              317585.42810000107,
              403354.59349999949
            ],
            [
              317594.07410000172,
              403378.71120000444
            ],
            [
              317610.45590000041,
              403413.29510000162
            ],
            [
              317621.83220000099,
              403428.76680000313
            ],
            [
              317629.11300000083,
              403438.32289999723
            ],
            [
              317640.03430000134,
              403446.96890000068
            ],
            [
              317661.87669999991,
              403453.33960000053
            ],
            [
              317683.7192000011,
              403465.17090000026
            ],
            [
              317698.28079999983,
              403470.631500002
            ],
            [
              317709.65710000042,
              403476.54719999991
            ],
            [
              317721.48840000108,
              403492.92899999954
            ],
            [
              317722.85360000189,
              403499.29980000295
            ],
            [
              317727.40409999993,
              403519.77710000053
            ],
            [
              317733.31979999971,
              403522.50740000233
            ],
            [
              317751.52180000115,
              403525.69270000048
            ],
            [
              317772.90919999965,
              403532.06340000033
            ],
            [
              317784.74050000031,
              403540.2544000037
            ],
            [
              317795.66180000175,
              403571.19780000113
            ],
            [
              317806.58299999963,
              403586.6696000006
            ],
            [
              317818.41430000216,
              403594.40550000034
            ],
            [
              317833.88609999977,
              403601.23120000027
            ],
            [
              317839.80170000065,
              403605.78170000203
            ],
            [
              317845.26229999959,
              403612.15249999985
            ],
            [
              317848.44770000037,
              403621.70850000158
            ],
            [
              317849.35780000035,
              403638.54539999925
            ],
            [
              317850.26790000126,
              403654.01720000431
            ],
            [
              317852.54319999926,
              403668.12370000035
            ],
            [
              317863.46439999994,
              403677.67980000004
            ],
            [
              317875.29569999967,
              403681.77529999986
            ]
          ]
        ]
      }
    },
    {
      "attributes" : {
        "FID" : 7,
        "PMNTN_SN" : 20973,
        "MNTN_CODE" : "471901001",
        "MNTN_NM" : "백마산",
        "PMNTN_NM" : "황산리구간",
        "PMNTN_MAIN" : " ",
        "PMNTN_LT" : 0.35,
        "PMNTN_DFFL" : "쉬움",
        "PMNTN_UPPL" : 6,
        "PMNTN_GODN" : 4,
        "PMNTN_MTRQ" : " ",
        "PMNTN_CNRL" : " ",
        "PMNTN_CLS_" : " ",
        "PMNTN_RISK" : " ",
        "PMNTN_RECO" : " ",
        "DATA_STDR_" : "2016-12-31",
        "MNTN_ID" : "471901001"
      },
      "geometry" : {
        "paths" : [
          [
            [
              317260.46600000001,
              403272.97910000384
            ],
            [
              317266.92090000119,
              403273.49870000035
            ],
            [
              317271.94299999997,
              403272.88920000382
            ],
            [
              317274.67870000005,
              403270.08459999971
            ],
            [
              317279.09839999955,
              403265.78199999966
            ],
            [
              317291.92009999976,
              403255.39230000228
            ],
            [
              317309.66710000206,
              403249.47670000233
            ],
            [
              317320.58829999994,
              403245.83630000055
            ],
            [
              317336.51510000136,
              403233.54990000278
            ],
            [
              317346.9813000001,
              403219.44329999946
            ],
            [
              317351.53180000093,
              403211.25239999965
            ],
            [
              317358.35760000069,
              403205.33669999987
            ],
            [
              317371.09900000133,
              403203.97149999812
            ],
            [
              317387.93590000086,
              403203.97149999812
            ],
            [
              317405.22790000122,
              403204.42660000175
            ],
            [
              317426.16020000074,
              403199.87610000372
            ],
            [
              317442.99710000027,
              403184.85940000229
            ],
            [
              317453.00820000004,
              403177.12350000255
            ],
            [
              317467.11479999963,
              403173.9382000044
            ],
            [
              317478.94610000029,
              403173.9382000044
            ],
            [
              317492.14260000084,
              403172.11800000258
            ],
            [
              317496.6930999998,
              403168.93260000274
            ],
            [
              317506.24920000043,
              403161.65180000104
            ],
            [
              317513.07500000019,
              403156.1911999993
            ],
            [
              317521.7209999999,
              403149.82049999945
            ],
            [
              317533.55230000056,
              403148.45529999956
            ],
            [
              317544.92860000115,
              403150.27549999952
            ],
            [
              317559.94530000072,
              403150.27549999952
            ],
            [
              317564.49580000155,
              403150.27549999952
            ]
          ]
        ]
      }
    }
  ]
}