{
  "displayFieldName" : "",
  "fieldAliases" : {
    "FID" : "FID",
    "SAFE_SPOT1" : "SAFE_SPOT1",
    "SAFE_SPOT2" : "SAFE_SPOT2",
    "SAFE_SPOT3" : "SAFE_SPOT3",
    "MGC" : "MGC",
    "ETC_MATTER" : "ETC_MATTER",
    "MNTN_NM" : "MNTN_NM"
  },
  "geometryType" : "esriGeometryPoint",
  "spatialReference" : {
    "wkt" : "PROJCS[\"PCS_ITRF2000_TM\",GEOGCS[\"GCS_ITRF_2000\",DATUM[\"D_ITRF_2000\",SPHEROID[\"GRS_1980\",6378137.0,298.257222101]],PRIMEM[\"Greenwich\",0.0],UNIT[\"Degree\",0.0174532925199433]],PROJECTION[\"Transverse_Mercator\"],PARAMETER[\"False_Easting\",200000.0],PARAMETER[\"False_Northing\",600000.0],PARAMETER[\"Central_Meridian\",127.0],PARAMETER[\"Scale_Factor\",1.0],PARAMETER[\"Latitude_Of_Origin\",38.0],UNIT[\"Meter\",1.0]]"
  },
  "fields" : [
    {
      "name" : "FID",
      "type" : "esriFieldTypeOID",
      "alias" : "FID"
    },
    {
      "name" : "SAFE_SPOT1",
      "type" : "esriFieldTypeDouble",
      "alias" : "SAFE_SPOT1"
    },
    {
      "name" : "SAFE_SPOT2",
      "type" : "esriFieldTypeString",
      "alias" : "SAFE_SPOT2",
      "length" : 50
    },
    {
      "name" : "SAFE_SPOT3",
      "type" : "esriFieldTypeString",
      "alias" : "SAFE_SPOT3",
      "length" : 50
    },
    {
      "name" : "MGC",
      "type" : "esriFieldTypeString",
      "alias" : "MGC",
      "length" : 50
    },
    {
      "name" : "ETC_MATTER",
      "type" : "esriFieldTypeString",
      "alias" : "ETC_MATTER",
      "length" : 200
    },
    {
      "name" : "MNTN_NM",
      "type" : "esriFieldTypeString",
      "alias" : "MNTN_NM",
      "length" : 50
    }
  ],
  "features" : [
    {
      "attributes" : {
        "FID" : 0,
        "SAFE_SPOT1" : 1361,
        "SAFE_SPOT2" : "산악위치표지판",
        "SAFE_SPOT3" : " ",
        "MGC" : "대구달서소방서",
        "ETC_MATTER" : " ",
        "MNTN_NM" : "앞산"
      },
      "geometry" : {
        "x" : 340862.66860000137,
        "y" : 359141.4280999992
      }
    },
    {
      "attributes" : {
        "FID" : 1,
        "SAFE_SPOT1" : 1362,
        "SAFE_SPOT2" : "산악위치표지판",
        "SAFE_SPOT3" : " ",
        "MGC" : "대구달서소방서",
        "ETC_MATTER" : " ",
        "MNTN_NM" : "앞산"
      },
      "geometry" : {
        "x" : 341005.08120000083,
        "y" : 359186.86260000244
      }
    },
    {
      "attributes" : {
        "FID" : 2,
        "SAFE_SPOT1" : 1363,
        "SAFE_SPOT2" : "산악위치표지판",
        "SAFE_SPOT3" : " ",
        "MGC" : "대구달서소방서",
        "ETC_MATTER" : " ",
        "MNTN_NM" : "앞산"
      },
      "geometry" : {
        "x" : 341113.817900002,
        "y" : 358982.01900000125
      }
    },
    {
      "attributes" : {
        "FID" : 3,
        "SAFE_SPOT1" : 1364,
        "SAFE_SPOT2" : "산악위치표지판",
        "SAFE_SPOT3" : " ",
        "MGC" : "대구달서소방서",
        "ETC_MATTER" : " ",
        "MNTN_NM" : "앞산"
      },
      "geometry" : {
        "x" : 340487.54920000117,
        "y" : 358410.90139999986
      }
    },
    {
      "attributes" : {
        "FID" : 4,
        "SAFE_SPOT1" : 1365,
        "SAFE_SPOT2" : "산악위치표지판",
        "SAFE_SPOT3" : " ",
        "MGC" : "대구달서소방서",
        "ETC_MATTER" : " ",
        "MNTN_NM" : "앞산"
      },
      "geometry" : {
        "x" : 341322.04950000066,
        "y" : 358837.34710000455
      }
    },
    {
      "attributes" : {
        "FID" : 5,
        "SAFE_SPOT1" : 1366,
        "SAFE_SPOT2" : "산악위치표지판",
        "SAFE_SPOT3" : " ",
        "MGC" : "대구달서소방서",
        "ETC_MATTER" : " ",
        "MNTN_NM" : "앞산"
      },
      "geometry" : {
        "x" : 341490.86350000184,
        "y" : 358331.30880000442
      }
    },
    {
      "attributes" : {
        "FID" : 6,
        "SAFE_SPOT1" : 1367,
        "SAFE_SPOT2" : "산악위치표지판",
        "SAFE_SPOT3" : " ",
        "MGC" : "대구달서소방서",
        "ETC_MATTER" : " ",
        "MNTN_NM" : "앞산"
      },
      "geometry" : {
        "x" : 341513.99120000005,
        "y" : 358769.50070000254
      }
    },
    {
      "attributes" : {
        "FID" : 7,
        "SAFE_SPOT1" : 1368,
        "SAFE_SPOT2" : "산악위치표지판",
        "SAFE_SPOT3" : " ",
        "MGC" : "대구달서소방서",
        "ETC_MATTER" : " ",
        "MNTN_NM" : "앞산"
      },
      "geometry" : {
        "x" : 341447.17670000065,
        "y" : 359335.75100000203
      }
    },
    {
      "attributes" : {
        "FID" : 8,
        "SAFE_SPOT1" : 1369,
        "SAFE_SPOT2" : "산악위치표지판",
        "SAFE_SPOT3" : " ",
        "MGC" : "대구달서소방서",
        "ETC_MATTER" : " ",
        "MNTN_NM" : "앞산"
      },
      "geometry" : {
        "x" : 341772.72740000021,
        "y" : 358921.6398000028
      }
    },
    {
      "attributes" : {
        "FID" : 9,
        "SAFE_SPOT1" : 1370,
        "SAFE_SPOT2" : "산악위치표지판",
        "SAFE_SPOT3" : " ",
        "MGC" : "대구달서소방서",
        "ETC_MATTER" : " ",
        "MNTN_NM" : "앞산"
      },
      "geometry" : {
        "x" : 341920.28239999991,
        "y" : 358646.51229999959
      }
    },
    {
      "attributes" : {
        "FID" : 10,
        "SAFE_SPOT1" : 1371,
        "SAFE_SPOT2" : "산악위치표지판",
        "SAFE_SPOT3" : " ",
        "MGC" : "대구달서소방서",
        "ETC_MATTER" : " ",
        "MNTN_NM" : "앞산"
      },
      "geometry" : {
        "x" : 342379.86749999877,
        "y" : 358801.8936999999
      }
    },
    {
      "attributes" : {
        "FID" : 11,
        "SAFE_SPOT1" : 1372,
        "SAFE_SPOT2" : "산악위치표지판",
        "SAFE_SPOT3" : " ",
        "MGC" : "대구달서소방서",
        "ETC_MATTER" : " ",
        "MNTN_NM" : "앞산"
      },
      "geometry" : {
        "x" : 341936.89419999998,
        "y" : 359019.85349999927
      }
    },
    {
      "attributes" : {
        "FID" : 12,
        "SAFE_SPOT1" : 1373,
        "SAFE_SPOT2" : "산악위치표지판",
        "SAFE_SPOT3" : " ",
        "MGC" : "대구달서소방서",
        "ETC_MATTER" : " ",
        "MNTN_NM" : "앞산"
      },
      "geometry" : {
        "x" : 341904.88829999976,
        "y" : 358212.75909999944
      }
    },
    {
      "attributes" : {
        "FID" : 13,
        "SAFE_SPOT1" : 1374,
        "SAFE_SPOT2" : "산악위치표지판",
        "SAFE_SPOT3" : " ",
        "MGC" : "대구달서소방서",
        "ETC_MATTER" : " ",
        "MNTN_NM" : "앞산"
      },
      "geometry" : {
        "x" : 342345.87800000235,
        "y" : 358573.18490000255
      }
    },
    {
      "attributes" : {
        "FID" : 14,
        "SAFE_SPOT1" : 1375,
        "SAFE_SPOT2" : "산악위치표지판",
        "SAFE_SPOT3" : " ",
        "MGC" : "대구달서소방서",
        "ETC_MATTER" : " ",
        "MNTN_NM" : "앞산"
      },
      "geometry" : {
        "x" : 342523.28100000136,
        "y" : 358005.63629999943
      }
    },
    {
      "attributes" : {
        "FID" : 15,
        "SAFE_SPOT1" : 1376,
        "SAFE_SPOT2" : "산악위치표지판",
        "SAFE_SPOT3" : " ",
        "MGC" : "대구달서소방서",
        "ETC_MATTER" : " ",
        "MNTN_NM" : "앞산"
      },
      "geometry" : {
        "x" : 342816.67850000225,
        "y" : 358189.19660000131
      }
    },
    {
      "attributes" : {
        "FID" : 16,
        "SAFE_SPOT1" : 1377,
        "SAFE_SPOT2" : "산악위치표지판",
        "SAFE_SPOT3" : " ",
        "MGC" : "대구달서소방서",
        "ETC_MATTER" : " ",
        "MNTN_NM" : "앞산"
      },
      "geometry" : {
        "x" : 342931.49880000111,
        "y" : 357299.98479999974
      }
    },
    {
      "attributes" : {
        "FID" : 17,
        "SAFE_SPOT1" : 1378,
        "SAFE_SPOT2" : "산악위치표지판",
        "SAFE_SPOT3" : " ",
        "MGC" : "대구달서소방서",
        "ETC_MATTER" : " ",
        "MNTN_NM" : "앞산"
      },
      "geometry" : {
        "x" : 343442.69630000181,
        "y" : 357218.83970000036
      }
    },
    {
      "attributes" : {
        "FID" : 18,
        "SAFE_SPOT1" : 1379,
        "SAFE_SPOT2" : "산악위치표지판",
        "SAFE_SPOT3" : " ",
        "MGC" : "대구달서소방서",
        "ETC_MATTER" : " ",
        "MNTN_NM" : "앞산"
      },
      "geometry" : {
        "x" : 342607.89570000209,
        "y" : 357430.42860000022
      }
    },
    {
      "attributes" : {
        "FID" : 19,
        "SAFE_SPOT1" : 1380,
        "SAFE_SPOT2" : "산악위치표지판",
        "SAFE_SPOT3" : " ",
        "MGC" : "대구달서소방서",
        "ETC_MATTER" : " ",
        "MNTN_NM" : "앞산"
      },
      "geometry" : {
        "x" : 342850.54959999956,
        "y" : 357024.26700000092
      }
    },
    {
      "attributes" : {
        "FID" : 20,
        "SAFE_SPOT1" : 1381,
        "SAFE_SPOT2" : "산악위치표지판",
        "SAFE_SPOT3" : " ",
        "MGC" : "대구달서소방서",
        "ETC_MATTER" : " ",
        "MNTN_NM" : "앞산"
      },
      "geometry" : {
        "x" : 342875.61390000023,
        "y" : 356716.34480000101
      }
    },
    {
      "attributes" : {
        "FID" : 21,
        "SAFE_SPOT1" : 1506,
        "SAFE_SPOT2" : "산악위치표지판",
        "SAFE_SPOT3" : " ",
        "MGC" : "대구달서소방서",
        "ETC_MATTER" : " ",
        "MNTN_NM" : "앞산"
      },
      "geometry" : {
        "x" : 341201.00339999888,
        "y" : 360127.29719999805
      }
    },
    {
      "attributes" : {
        "FID" : 22,
        "SAFE_SPOT1" : 1507,
        "SAFE_SPOT2" : "산악위치표지판",
        "SAFE_SPOT3" : " ",
        "MGC" : "대구달서소방서",
        "ETC_MATTER" : " ",
        "MNTN_NM" : "앞산"
      },
      "geometry" : {
        "x" : 340885.04890000075,
        "y" : 359943.42910000123
      }
    },
    {
      "attributes" : {
        "FID" : 23,
        "SAFE_SPOT1" : 1508,
        "SAFE_SPOT2" : "산악위치표지판",
        "SAFE_SPOT3" : " ",
        "MGC" : "대구달서소방서",
        "ETC_MATTER" : " ",
        "MNTN_NM" : "앞산"
      },
      "geometry" : {
        "x" : 340738.30580000114,
        "y" : 359697.51590000466
      }
    },
    {
      "attributes" : {
        "FID" : 24,
        "SAFE_SPOT1" : 1509,
        "SAFE_SPOT2" : "산악위치표지판",
        "SAFE_SPOT3" : " ",
        "MGC" : "대구달서소방서",
        "ETC_MATTER" : " ",
        "MNTN_NM" : "앞산"
      },
      "geometry" : {
        "x" : 340483.6539000012,
        "y" : 359446.8078000024
      }
    },
    {
      "attributes" : {
        "FID" : 25,
        "SAFE_SPOT1" : 1510,
        "SAFE_SPOT2" : "산악위치표지판",
        "SAFE_SPOT3" : " ",
        "MGC" : "대구달서소방서",
        "ETC_MATTER" : " ",
        "MNTN_NM" : "앞산"
      },
      "geometry" : {
        "x" : 340305.4934000019,
        "y" : 359280.56810000166
      }
    },
    {
      "attributes" : {
        "FID" : 26,
        "SAFE_SPOT1" : 1511,
        "SAFE_SPOT2" : "산악위치표지판",
        "SAFE_SPOT3" : " ",
        "MGC" : "대구달서소방서",
        "ETC_MATTER" : " ",
        "MNTN_NM" : "앞산"
      },
      "geometry" : {
        "x" : 340362.51800000109,
        "y" : 359010.14790000394
      }
    },
    {
      "attributes" : {
        "FID" : 27,
        "SAFE_SPOT1" : 1512,
        "SAFE_SPOT2" : "산악위치표지판",
        "SAFE_SPOT3" : " ",
        "MGC" : "대구달서소방서",
        "ETC_MATTER" : " ",
        "MNTN_NM" : "앞산"
      },
      "geometry" : {
        "x" : 340285.25939999986,
        "y" : 358814.67850000225
      }
    },
    {
      "attributes" : {
        "FID" : 28,
        "SAFE_SPOT1" : 1513,
        "SAFE_SPOT2" : "산악위치표지판",
        "SAFE_SPOT3" : " ",
        "MGC" : "대구달서소방서",
        "ETC_MATTER" : " ",
        "MNTN_NM" : "앞산"
      },
      "geometry" : {
        "x" : 340374.68020000122,
        "y" : 358560.1884000022
      }
    },
    {
      "attributes" : {
        "FID" : 29,
        "SAFE_SPOT1" : 1514,
        "SAFE_SPOT2" : "산악위치표지판",
        "SAFE_SPOT3" : " ",
        "MGC" : "대구달서소방서",
        "ETC_MATTER" : " ",
        "MNTN_NM" : "앞산"
      },
      "geometry" : {
        "x" : 340633.22110000066,
        "y" : 358410.1325000003
      }
    },
    {
      "attributes" : {
        "FID" : 30,
        "SAFE_SPOT1" : 1515,
        "SAFE_SPOT2" : "산악위치표지판",
        "SAFE_SPOT3" : " ",
        "MGC" : "대구달서소방서",
        "ETC_MATTER" : " ",
        "MNTN_NM" : "앞산"
      },
      "geometry" : {
        "x" : 340898.71439999994,
        "y" : 358297.19330000132
      }
    },
    {
      "attributes" : {
        "FID" : 31,
        "SAFE_SPOT1" : 1516,
        "SAFE_SPOT2" : "산악위치표지판",
        "SAFE_SPOT3" : " ",
        "MGC" : "대구달서소방서",
        "ETC_MATTER" : " ",
        "MNTN_NM" : "앞산"
      },
      "geometry" : {
        "x" : 341199.02170000132,
        "y" : 358206.39999999851
      }
    },
    {
      "attributes" : {
        "FID" : 32,
        "SAFE_SPOT1" : 1517,
        "SAFE_SPOT2" : "산악위치표지판",
        "SAFE_SPOT3" : " ",
        "MGC" : "대구달서소방서",
        "ETC_MATTER" : " ",
        "MNTN_NM" : "앞산"
      },
      "geometry" : {
        "x" : 341618.6222000001,
        "y" : 358194.60639999993
      }
    },
    {
      "attributes" : {
        "FID" : 33,
        "SAFE_SPOT1" : 1518,
        "SAFE_SPOT2" : "산악위치표지판",
        "SAFE_SPOT3" : " ",
        "MGC" : "대구달서소방서",
        "ETC_MATTER" : " ",
        "MNTN_NM" : "앞산"
      },
      "geometry" : {
        "x" : 341891.95469999965,
        "y" : 358220.56819999963
      }
    },
    {
      "attributes" : {
        "FID" : 34,
        "SAFE_SPOT1" : 1519,
        "SAFE_SPOT2" : "산악위치표지판",
        "SAFE_SPOT3" : " ",
        "MGC" : "대구달서소방서",
        "ETC_MATTER" : " ",
        "MNTN_NM" : "앞산"
      },
      "geometry" : {
        "x" : 342237.42179999966,
        "y" : 358133.61700000428
      }
    },
    {
      "attributes" : {
        "FID" : 35,
        "SAFE_SPOT1" : 1520,
        "SAFE_SPOT2" : "산악위치표지판",
        "SAFE_SPOT3" : " ",
        "MGC" : "대구달서소방서",
        "ETC_MATTER" : " ",
        "MNTN_NM" : "앞산"
      },
      "geometry" : {
        "x" : 342435.20199999958,
        "y" : 358016.5511000026
      }
    },
    {
      "attributes" : {
        "FID" : 36,
        "SAFE_SPOT1" : 1521,
        "SAFE_SPOT2" : "산악위치표지판",
        "SAFE_SPOT3" : " ",
        "MGC" : "대구달서소방서",
        "ETC_MATTER" : " ",
        "MNTN_NM" : "앞산"
      },
      "geometry" : {
        "x" : 342647.75480000116,
        "y" : 357918.22720000148
      }
    },
    {
      "attributes" : {
        "FID" : 37,
        "SAFE_SPOT1" : 1522,
        "SAFE_SPOT2" : "산악위치표지판",
        "SAFE_SPOT3" : " ",
        "MGC" : "대구달서소방서",
        "ETC_MATTER" : " ",
        "MNTN_NM" : "앞산"
      },
      "geometry" : {
        "x" : 340409.38960000128,
        "y" : 358588.48840000294
      }
    },
    {
      "attributes" : {
        "FID" : 38,
        "SAFE_SPOT1" : 1523,
        "SAFE_SPOT2" : "산악위치표지판",
        "SAFE_SPOT3" : " ",
        "MGC" : "대구달서소방서",
        "ETC_MATTER" : " ",
        "MNTN_NM" : "앞산"
      },
      "geometry" : {
        "x" : 340577.73990000132,
        "y" : 358424.66690000147
      }
    },
    {
      "attributes" : {
        "FID" : 39,
        "SAFE_SPOT1" : 1524,
        "SAFE_SPOT2" : "산악위치표지판",
        "SAFE_SPOT3" : " ",
        "MGC" : "대구달서소방서",
        "ETC_MATTER" : " ",
        "MNTN_NM" : "앞산"
      },
      "geometry" : {
        "x" : 340905.02650000062,
        "y" : 358531.6203000024
      }
    },
    {
      "attributes" : {
        "FID" : 40,
        "SAFE_SPOT1" : 1525,
        "SAFE_SPOT2" : "산악위치표지판",
        "SAFE_SPOT3" : " ",
        "MGC" : "대구달서소방서",
        "ETC_MATTER" : " ",
        "MNTN_NM" : "앞산"
      },
      "geometry" : {
        "x" : 341190.80650000088,
        "y" : 358721.17130000144
      }
    },
    {
      "attributes" : {
        "FID" : 41,
        "SAFE_SPOT1" : 1526,
        "SAFE_SPOT2" : "산악위치표지판",
        "SAFE_SPOT3" : " ",
        "MGC" : "대구달서소방서",
        "ETC_MATTER" : " ",
        "MNTN_NM" : "앞산"
      },
      "geometry" : {
        "x" : 341532.00050000008,
        "y" : 359056.53150000237
      }
    },
    {
      "attributes" : {
        "FID" : 42,
        "SAFE_SPOT1" : 1527,
        "SAFE_SPOT2" : "산악위치표지판",
        "SAFE_SPOT3" : " ",
        "MGC" : "대구달서소방서",
        "ETC_MATTER" : " ",
        "MNTN_NM" : "앞산"
      },
      "geometry" : {
        "x" : 341824.44170000218,
        "y" : 359298.62660000101
      }
    },
    {
      "attributes" : {
        "FID" : 43,
        "SAFE_SPOT1" : 1528,
        "SAFE_SPOT2" : "산악위치표지판",
        "SAFE_SPOT3" : " ",
        "MGC" : "대구달서소방서",
        "ETC_MATTER" : " ",
        "MNTN_NM" : "앞산"
      },
      "geometry" : {
        "x" : 341189.27579999994,
        "y" : 358344.99060000107
      }
    },
    {
      "attributes" : {
        "FID" : 44,
        "SAFE_SPOT1" : 1529,
        "SAFE_SPOT2" : "산악위치표지판",
        "SAFE_SPOT3" : " ",
        "MGC" : "대구달서소방서",
        "ETC_MATTER" : " ",
        "MNTN_NM" : "앞산"
      },
      "geometry" : {
        "x" : 341380.53600000124,
        "y" : 358477.54120000266
      }
    },
    {
      "attributes" : {
        "FID" : 45,
        "SAFE_SPOT1" : 1530,
        "SAFE_SPOT2" : "산악위치표지판",
        "SAFE_SPOT3" : " ",
        "MGC" : "대구달서소방서",
        "ETC_MATTER" : " ",
        "MNTN_NM" : "앞산"
      },
      "geometry" : {
        "x" : 341530.47630000021,
        "y" : 358994.84200000204
      }
    },
    {
      "attributes" : {
        "FID" : 46,
        "SAFE_SPOT1" : 1531,
        "SAFE_SPOT2" : "산악위치표지판",
        "SAFE_SPOT3" : " ",
        "MGC" : "대구달서소방서",
        "ETC_MATTER" : " ",
        "MNTN_NM" : "앞산"
      },
      "geometry" : {
        "x" : 341920.05719999876,
        "y" : 358347.43250000104
      }
    },
    {
      "attributes" : {
        "FID" : 47,
        "SAFE_SPOT1" : 1532,
        "SAFE_SPOT2" : "산악위치표지판",
        "SAFE_SPOT3" : " ",
        "MGC" : "대구달서소방서",
        "ETC_MATTER" : " ",
        "MNTN_NM" : "앞산"
      },
      "geometry" : {
        "x" : 342061.57380000036,
        "y" : 358605.61429999769
      }
    },
    {
      "attributes" : {
        "FID" : 48,
        "SAFE_SPOT1" : 1533,
        "SAFE_SPOT2" : "산악위치표지판",
        "SAFE_SPOT3" : " ",
        "MGC" : "대구달서소방서",
        "ETC_MATTER" : " ",
        "MNTN_NM" : "앞산"
      },
      "geometry" : {
        "x" : 342302.63250000123,
        "y" : 358763.65170000121
      }
    },
    {
      "attributes" : {
        "FID" : 49,
        "SAFE_SPOT1" : 1534,
        "SAFE_SPOT2" : "산악위치표지판",
        "SAFE_SPOT3" : " ",
        "MGC" : "대구달서소방서",
        "ETC_MATTER" : " ",
        "MNTN_NM" : "앞산"
      },
      "geometry" : {
        "x" : 342345.8899000017,
        "y" : 358884.59509999864
      }
    },
    {
      "attributes" : {
        "FID" : 50,
        "SAFE_SPOT1" : 1535,
        "SAFE_SPOT2" : "산악위치표지판",
        "SAFE_SPOT3" : " ",
        "MGC" : "대구달서소방서",
        "ETC_MATTER" : " ",
        "MNTN_NM" : "앞산"
      },
      "geometry" : {
        "x" : 342378.30990000162,
        "y" : 359054.69670000114
      }
    },
    {
      "attributes" : {
        "FID" : 51,
        "SAFE_SPOT1" : 1536,
        "SAFE_SPOT2" : "산악위치표지판",
        "SAFE_SPOT3" : " ",
        "MGC" : "대구달서소방서",
        "ETC_MATTER" : " ",
        "MNTN_NM" : "앞산"
      },
      "geometry" : {
        "x" : 341943.59370000195,
        "y" : 358289.22809999995
      }
    },
    {
      "attributes" : {
        "FID" : 52,
        "SAFE_SPOT1" : 1537,
        "SAFE_SPOT2" : "산악위치표지판",
        "SAFE_SPOT3" : " ",
        "MGC" : "대구달서소방서",
        "ETC_MATTER" : " ",
        "MNTN_NM" : "앞산"
      },
      "geometry" : {
        "x" : 342234.99380000029,
        "y" : 358284.65790000185
      }
    },
    {
      "attributes" : {
        "FID" : 53,
        "SAFE_SPOT1" : 1538,
        "SAFE_SPOT2" : "산악위치표지판",
        "SAFE_SPOT3" : " ",
        "MGC" : "대구달서소방서",
        "ETC_MATTER" : " ",
        "MNTN_NM" : "앞산"
      },
      "geometry" : {
        "x" : 342525.42300000135,
        "y" : 358184.50029999949
      }
    },
    {
      "attributes" : {
        "FID" : 54,
        "SAFE_SPOT1" : 1539,
        "SAFE_SPOT2" : "산악위치표지판",
        "SAFE_SPOT3" : " ",
        "MGC" : "대구달서소방서",
        "ETC_MATTER" : " ",
        "MNTN_NM" : "앞산"
      },
      "geometry" : {
        "x" : 342702.57259999961,
        "y" : 358101.02400000021
      }
    },
    {
      "attributes" : {
        "FID" : 55,
        "SAFE_SPOT1" : 1540,
        "SAFE_SPOT2" : "산악위치표지판",
        "SAFE_SPOT3" : " ",
        "MGC" : "대구달서소방서",
        "ETC_MATTER" : " ",
        "MNTN_NM" : "앞산"
      },
      "geometry" : {
        "x" : 342477.88680000044,
        "y" : 358017.23829999939
      }
    },
    {
      "attributes" : {
        "FID" : 56,
        "SAFE_SPOT1" : 1541,
        "SAFE_SPOT2" : "산악위치표지판",
        "SAFE_SPOT3" : " ",
        "MGC" : "대구달서소방서",
        "ETC_MATTER" : " ",
        "MNTN_NM" : "앞산"
      },
      "geometry" : {
        "x" : 341140.58160000108,
        "y" : 358091.38750000112
      }
    },
    {
      "attributes" : {
        "FID" : 57,
        "SAFE_SPOT1" : 1542,
        "SAFE_SPOT2" : "산악위치표지판",
        "SAFE_SPOT3" : " ",
        "MGC" : "대구달서소방서",
        "ETC_MATTER" : " ",
        "MNTN_NM" : "앞산"
      },
      "geometry" : {
        "x" : 341503.32520000078,
        "y" : 358023.18290000223
      }
    },
    {
      "attributes" : {
        "FID" : 58,
        "SAFE_SPOT1" : 1543,
        "SAFE_SPOT2" : "산악위치표지판",
        "SAFE_SPOT3" : " ",
        "MGC" : "대구달서소방서",
        "ETC_MATTER" : " ",
        "MNTN_NM" : "앞산"
      },
      "geometry" : {
        "x" : 342014.65020000003,
        "y" : 358086.87319999933
      }
    },
    {
      "attributes" : {
        "FID" : 59,
        "SAFE_SPOT1" : 1544,
        "SAFE_SPOT2" : "산악위치표지판",
        "SAFE_SPOT3" : " ",
        "MGC" : "대구달서소방서",
        "ETC_MATTER" : " ",
        "MNTN_NM" : "앞산"
      },
      "geometry" : {
        "x" : 342533.29609999992,
        "y" : 357851.634200003
      }
    }
  ]
}