{"displayFieldName":"","fieldAliases":{"FID":"FID","PMNTN_SPOT":"PMNTN_SPOT","MNTN_CODE":"MNTN_CODE","MANAGE_SP1":"MANAGE_SP1","MANAGE_SP2":"MANAGE_SP2","DETAIL_SPO":"DETAIL_SPO","ETC_MATTER":"ETC_MATTER","MNTN_NM":"MNTN_NM","PAST_SPOT_":"PAST_SPOT_","MNTN_ID":"MNTN_ID"},"geometryType":"esriGeometryPoint","spatialReference":{"wkt":"PROJCS[\"PCS_ITRF2000_TM\",GEOGCS[\"GCS_ITRF_2000\",DATUM[\"D_ITRF_2000\",SPHEROID[\"GRS_1980\",6378137.0,298.257222101]],PRIMEM[\"Greenwich\",0.0],UNIT[\"Degree\",0.0174532925199433]],PROJECTION[\"Transverse_Mercator\"],PARAMETER[\"False_Easting\",200000.0],PARAMETER[\"False_Northing\",600000.0],PARAMETER[\"Central_Meridian\",127.0],PARAMETER[\"Scale_Factor\",1.0],PARAMETER[\"Latitude_Of_Origin\",38.0],UNIT[\"Meter\",1.0]]"},"fields":[{"name":"FID","type":"esriFieldTypeOID","alias":"FID"},{"name":"PMNTN_SPOT","type":"esriFieldTypeDouble","alias":"PMNTN_SPOT"},{"name":"MNTN_CODE","type":"esriFieldTypeString","alias":"MNTN_CODE","length":9},{"name":"MANAGE_SP1","type":"esriFieldTypeString","alias":"MANAGE_SP1","length":2},{"name":"MANAGE_SP2","type":"esriFieldTypeString","alias":"MANAGE_SP2","length":50},{"name":"DETAIL_SPO","type":"esriFieldTypeString","alias":"DETAIL_SPO","length":200},{"name":"ETC_MATTER","type":"esriFieldTypeString","alias":"ETC_MATTER","length":200},{"name":"MNTN_NM","type":"esriFieldTypeString","alias":"MNTN_NM","length":50},{"name":"PAST_SPOT_","type":"esriFieldTypeString","alias":"PAST_SPOT_","length":14},{"name":"MNTN_ID","type":"esriFieldTypeString","alias":"MNTN_ID","length":10}],"features":[{"attributes":{"FID":0,"PMNTN_SPOT":69369,"MNTN_CODE":"427901901","MANAGE_SP1":"01","MANAGE_SP2":"시종점","DETAIL_SPO":"시종점","ETC_MATTER":" ","MNTN_NM":"용화산","PAST_SPOT_":"4279019010001","MNTN_ID":"427901901"},"geometry":{"x":264460.22119999956,"y":599389.42459999956}},{"attributes":{"FID":1,"PMNTN_SPOT":69370,"MNTN_CODE":"427901901","MANAGE_SP1":"01","MANAGE_SP2":"시종점","DETAIL_SPO":"시종점","ETC_MATTER":" ","MNTN_NM":"용화산","PAST_SPOT_":"4279019010002","MNTN_ID":"427901901"},"geometry":{"x":264876.22860000003,"y":606009.33400000073}},{"attributes":{"FID":2,"PMNTN_SPOT":69371,"MNTN_CODE":"427901901","MANAGE_SP1":"02","MANAGE_SP2":"분기점","DETAIL_SPO":"분기점","ETC_MATTER":" ","MNTN_NM":"용화산","PAST_SPOT_":"4279019010003","MNTN_ID":"427901901"},"geometry":{"x":264902.76609999966,"y":602818.01129999943}},{"attributes":{"FID":3,"PMNTN_SPOT":69372,"MNTN_CODE":"427901901","MANAGE_SP1":"01","MANAGE_SP2":"시종점","DETAIL_SPO":"시종점","ETC_MATTER":" ","MNTN_NM":"용화산","PAST_SPOT_":"4279019010004","MNTN_ID":"427901901"},"geometry":{"x":264987.37930000015,"y":600817.88729999959}},{"attributes":{"FID":4,"PMNTN_SPOT":69373,"MNTN_CODE":"427901901","MANAGE_SP1":"01","MANAGE_SP2":"시종점","DETAIL_SPO":"시종점","ETC_MATTER":" ","MNTN_NM":"용화산","PAST_SPOT_":"4279019010005","MNTN_ID":"427901901"},"geometry":{"x":265356.95089999959,"y":595631.99530000053}},{"attributes":{"FID":5,"PMNTN_SPOT":69374,"MNTN_CODE":"427901901","MANAGE_SP1":"02","MANAGE_SP2":"분기점","DETAIL_SPO":"분기점","ETC_MATTER":" ","MNTN_NM":"용화산","PAST_SPOT_":"4279019010006","MNTN_ID":"427901901"},"geometry":{"x":265468.00949999969,"y":603163.55550000072}},{"attributes":{"FID":6,"PMNTN_SPOT":69375,"MNTN_CODE":"427901901","MANAGE_SP1":"01","MANAGE_SP2":"시종점","DETAIL_SPO":"시종점","ETC_MATTER":" ","MNTN_NM":"용화산","PAST_SPOT_":"4279019010007","MNTN_ID":"427901901"},"geometry":{"x":266070.64879999962,"y":594387.60950000025}},{"attributes":{"FID":7,"PMNTN_SPOT":69376,"MNTN_CODE":"427901901","MANAGE_SP1":"02","MANAGE_SP2":"분기점","DETAIL_SPO":"분기점","ETC_MATTER":" ","MNTN_NM":"용화산","PAST_SPOT_":"4279019010008","MNTN_ID":"427901901"},"geometry":{"x":266136.46719999984,"y":597670.8189000003}},{"attributes":{"FID":8,"PMNTN_SPOT":69377,"MNTN_CODE":"427901901","MANAGE_SP1":"02","MANAGE_SP2":"분기점","DETAIL_SPO":"분기점","ETC_MATTER":" ","MNTN_NM":"용화산","PAST_SPOT_":"4279019010009","MNTN_ID":"427901901"},"geometry":{"x":266566.29509999976,"y":603987.42610000074}},{"attributes":{"FID":9,"PMNTN_SPOT":69378,"MNTN_CODE":"427901901","MANAGE_SP1":"02","MANAGE_SP2":"분기점","DETAIL_SPO":"분기점","ETC_MATTER":" ","MNTN_NM":"용화산","PAST_SPOT_":"4279019010010","MNTN_ID":"427901901"},"geometry":{"x":266700.91459999979,"y":601761.14320000075}},{"attributes":{"FID":10,"PMNTN_SPOT":69379,"MNTN_CODE":"427901901","MANAGE_SP1":"02","MANAGE_SP2":"분기점","DETAIL_SPO":"분기점","ETC_MATTER":" ","MNTN_NM":"용화산","PAST_SPOT_":"4279019010011","MNTN_ID":"427901901"},"geometry":{"x":266763.73500000034,"y":597961.42420000024}},{"attributes":{"FID":11,"PMNTN_SPOT":69380,"MNTN_CODE":"427901901","MANAGE_SP1":"02","MANAGE_SP2":"분기점","DETAIL_SPO":"분기점","ETC_MATTER":" ","MNTN_NM":"용화산","PAST_SPOT_":"4279019010012","MNTN_ID":"427901901"},"geometry":{"x":266789.96800000034,"y":597976.03710000031}},{"attributes":{"FID":12,"PMNTN_SPOT":69381,"MNTN_CODE":"427901901","MANAGE_SP1":"01","MANAGE_SP2":"시종점","DETAIL_SPO":"시종점","ETC_MATTER":" ","MNTN_NM":"용화산","PAST_SPOT_":"4279019010013","MNTN_ID":"427901901"},"geometry":{"x":266943.42399999965,"y":596153.12529999949}},{"attributes":{"FID":13,"PMNTN_SPOT":69382,"MNTN_CODE":"427901901","MANAGE_SP1":"02","MANAGE_SP2":"분기점","DETAIL_SPO":"분기점","ETC_MATTER":" ","MNTN_NM":"용화산","PAST_SPOT_":"4279019010014","MNTN_ID":"427901901"},"geometry":{"x":267014.72919999994,"y":597410.94840000011}},{"attributes":{"FID":14,"PMNTN_SPOT":69383,"MNTN_CODE":"427901901","MANAGE_SP1":"02","MANAGE_SP2":"분기점","DETAIL_SPO":"분기점","ETC_MATTER":" ","MNTN_NM":"용화산","PAST_SPOT_":"4279019010015","MNTN_ID":"427901901"},"geometry":{"x":267083.56560000032,"y":605961.75730000064}},{"attributes":{"FID":15,"PMNTN_SPOT":69384,"MNTN_CODE":"427901901","MANAGE_SP1":"02","MANAGE_SP2":"분기점","DETAIL_SPO":"분기점","ETC_MATTER":" ","MNTN_NM":"용화산","PAST_SPOT_":"4279019010016","MNTN_ID":"427901901"},"geometry":{"x":267576.61390000023,"y":596446.90259999968}},{"attributes":{"FID":16,"PMNTN_SPOT":69385,"MNTN_CODE":"427901901","MANAGE_SP1":"02","MANAGE_SP2":"분기점","DETAIL_SPO":"분기점","ETC_MATTER":" ","MNTN_NM":"용화산","PAST_SPOT_":"4279019010017","MNTN_ID":"427901901"},"geometry":{"x":267588.02269999962,"y":596715.00999999978}},{"attributes":{"FID":17,"PMNTN_SPOT":69386,"MNTN_CODE":"427901901","MANAGE_SP1":"02","MANAGE_SP2":"분기점","DETAIL_SPO":"분기점","ETC_MATTER":" ","MNTN_NM":"용화산","PAST_SPOT_":"4279019010018","MNTN_ID":"427901901"},"geometry":{"x":267626.53500000015,"y":603290.86500000022}},{"attributes":{"FID":18,"PMNTN_SPOT":69387,"MNTN_CODE":"427901901","MANAGE_SP1":"02","MANAGE_SP2":"분기점","DETAIL_SPO":"분기점","ETC_MATTER":" ","MNTN_NM":"용화산","PAST_SPOT_":"4279019010019","MNTN_ID":"427901901"},"geometry":{"x":267710.38939999975,"y":601298.59009999968}},{"attributes":{"FID":19,"PMNTN_SPOT":69388,"MNTN_CODE":"427901901","MANAGE_SP1":"01","MANAGE_SP2":"시종점","DETAIL_SPO":"시종점","ETC_MATTER":" ","MNTN_NM":"용화산","PAST_SPOT_":"4279019010020","MNTN_ID":"427901901"},"geometry":{"x":267739.66500000004,"y":598356.93019999936}},{"attributes":{"FID":20,"PMNTN_SPOT":69389,"MNTN_CODE":"427901901","MANAGE_SP1":"01","MANAGE_SP2":"시종점","DETAIL_SPO":"시종점","ETC_MATTER":" ","MNTN_NM":"용화산","PAST_SPOT_":"4279019010021","MNTN_ID":"427901901"},"geometry":{"x":267826.03849999979,"y":606021.56279999949}},{"attributes":{"FID":21,"PMNTN_SPOT":69390,"MNTN_CODE":"427901901","MANAGE_SP1":"02","MANAGE_SP2":"분기점","DETAIL_SPO":"분기점","ETC_MATTER":" ","MNTN_NM":"용화산","PAST_SPOT_":"4279019010022","MNTN_ID":"427901901"},"geometry":{"x":267906.50679999962,"y":602726.50359999947}},{"attributes":{"FID":22,"PMNTN_SPOT":69391,"MNTN_CODE":"427901901","MANAGE_SP1":"02","MANAGE_SP2":"분기점","DETAIL_SPO":"분기점","ETC_MATTER":" ","MNTN_NM":"용화산","PAST_SPOT_":"4279019010023","MNTN_ID":"427901901"},"geometry":{"x":268097.91309999954,"y":601861.29439999908}},{"attributes":{"FID":23,"PMNTN_SPOT":69392,"MNTN_CODE":"427901901","MANAGE_SP1":"02","MANAGE_SP2":"분기점","DETAIL_SPO":"분기점","ETC_MATTER":" ","MNTN_NM":"용화산","PAST_SPOT_":"4279019010024","MNTN_ID":"427901901"},"geometry":{"x":268232.67599999998,"y":604168.12769999914}},{"attributes":{"FID":24,"PMNTN_SPOT":69393,"MNTN_CODE":"427901901","MANAGE_SP1":"02","MANAGE_SP2":"분기점","DETAIL_SPO":"분기점","ETC_MATTER":" ","MNTN_NM":"용화산","PAST_SPOT_":"4279019010025","MNTN_ID":"427901901"},"geometry":{"x":268393.11990000028,"y":605101.50219999999}},{"attributes":{"FID":25,"PMNTN_SPOT":69394,"MNTN_CODE":"427901901","MANAGE_SP1":"02","MANAGE_SP2":"분기점","DETAIL_SPO":"분기점","ETC_MATTER":" ","MNTN_NM":"용화산","PAST_SPOT_":"4279019010026","MNTN_ID":"427901901"},"geometry":{"x":268400.35670000035,"y":601831.6230999995}},{"attributes":{"FID":26,"PMNTN_SPOT":69395,"MNTN_CODE":"427901901","MANAGE_SP1":"02","MANAGE_SP2":"분기점","DETAIL_SPO":"분기점","ETC_MATTER":" ","MNTN_NM":"용화산","PAST_SPOT_":"4279019010027","MNTN_ID":"427901901"},"geometry":{"x":268681.47890000045,"y":603080.67139999941}},{"attributes":{"FID":27,"PMNTN_SPOT":69396,"MNTN_CODE":"427901901","MANAGE_SP1":"01","MANAGE_SP2":"시종점","DETAIL_SPO":"시종점","ETC_MATTER":" ","MNTN_NM":"용화산","PAST_SPOT_":"4279019010028","MNTN_ID":"427901901"},"geometry":{"x":268945.73500000034,"y":606059.17530000024}},{"attributes":{"FID":28,"PMNTN_SPOT":69397,"MNTN_CODE":"427901901","MANAGE_SP1":"01","MANAGE_SP2":"시종점","DETAIL_SPO":"시종점","ETC_MATTER":" ","MNTN_NM":"용화산","PAST_SPOT_":"4279019010029","MNTN_ID":"427901901"},"geometry":{"x":269062.64219999965,"y":604998.76410000026}},{"attributes":{"FID":29,"PMNTN_SPOT":69398,"MNTN_CODE":"427901901","MANAGE_SP1":"01","MANAGE_SP2":"시종점","DETAIL_SPO":"시종점","ETC_MATTER":" ","MNTN_NM":"용화산","PAST_SPOT_":"4279019010030","MNTN_ID":"427901901"},"geometry":{"x":269080.27209999971,"y":606480.14650000073}},{"attributes":{"FID":30,"PMNTN_SPOT":69399,"MNTN_CODE":"427901901","MANAGE_SP1":"01","MANAGE_SP2":"시종점","DETAIL_SPO":"시종점","ETC_MATTER":" ","MNTN_NM":"용화산","PAST_SPOT_":"4279019010031","MNTN_ID":"427901901"},"geometry":{"x":269366.18560000043,"y":606346.69290000014}},{"attributes":{"FID":31,"PMNTN_SPOT":69400,"MNTN_CODE":"427901901","MANAGE_SP1":"01","MANAGE_SP2":"시종점","DETAIL_SPO":"시종점","ETC_MATTER":" ","MNTN_NM":"용화산","PAST_SPOT_":"4279019010032","MNTN_ID":"427901901"},"geometry":{"x":269698.26719999965,"y":606245.22350000031}},{"attributes":{"FID":32,"PMNTN_SPOT":69401,"MNTN_CODE":"427901901","MANAGE_SP1":"01","MANAGE_SP2":"시종점","DETAIL_SPO":"시종점","ETC_MATTER":" ","MNTN_NM":"용화산","PAST_SPOT_":"4279019010033","MNTN_ID":"427901901"},"geometry":{"x":265905.22090000007,"y":597690.46460000053}},{"attributes":{"FID":33,"PMNTN_SPOT":69416,"MNTN_CODE":"427901901","MANAGE_SP1":"99","MANAGE_SP2":"기타","DETAIL_SPO":"기타","ETC_MATTER":"70m목계단필요","MNTN_NM":"용화산","PAST_SPOT_":"22170116000034","MNTN_ID":"2217011600"},"geometry":{"x":267188.53899999987,"y":608262.85720000044}},{"attributes":{"FID":34,"PMNTN_SPOT":69417,"MNTN_CODE":"427901901","MANAGE_SP1":"99","MANAGE_SP2":"기타","DETAIL_SPO":"기타","ETC_MATTER":"70m목계단필요","MNTN_NM":"용화산","PAST_SPOT_":"22170116000035","MNTN_ID":"2217011600"},"geometry":{"x":267221.05169999972,"y":608225.60380000062}},{"attributes":{"FID":35,"PMNTN_SPOT":69418,"MNTN_CODE":"427901901","MANAGE_SP1":"99","MANAGE_SP2":"기타","DETAIL_SPO":"기타","ETC_MATTER":"30m목계단필요","MNTN_NM":"용화산","PAST_SPOT_":"22170116000036","MNTN_ID":"2217011600"},"geometry":{"x":267276.50490000006,"y":608152.01769999973}},{"attributes":{"FID":36,"PMNTN_SPOT":69419,"MNTN_CODE":"427901901","MANAGE_SP1":"99","MANAGE_SP2":"기타","DETAIL_SPO":"기타","ETC_MATTER":"30m목계단필요","MNTN_NM":"용화산","PAST_SPOT_":"22170116000037","MNTN_ID":"2217011600"},"geometry":{"x":267295.57239999995,"y":608138.40980000049}},{"attributes":{"FID":37,"PMNTN_SPOT":69420,"MNTN_CODE":"427901901","MANAGE_SP1":"99","MANAGE_SP2":"기타","DETAIL_SPO":"기타","ETC_MATTER":"20m목계단필요","MNTN_NM":"용화산","PAST_SPOT_":"22170116000038","MNTN_ID":"2217011600"},"geometry":{"x":267387.88509999961,"y":608011.62209999934}},{"attributes":{"FID":38,"PMNTN_SPOT":69421,"MNTN_CODE":"427901901","MANAGE_SP1":"99","MANAGE_SP2":"기타","DETAIL_SPO":"기타","ETC_MATTER":"20m목계단필요","MNTN_NM":"용화산","PAST_SPOT_":"22170116000039","MNTN_ID":"2217011600"},"geometry":{"x":267441.08380000014,"y":608009.50799999945}},{"attributes":{"FID":39,"PMNTN_SPOT":69422,"MNTN_CODE":"427901901","MANAGE_SP1":"99","MANAGE_SP2":"기타","DETAIL_SPO":"기타","ETC_MATTER":" ","MNTN_NM":"용화산","PAST_SPOT_":"22170116000040","MNTN_ID":"2217011600"},"geometry":{"x":267805.94130000006,"y":607792.28759999946}},{"attributes":{"FID":40,"PMNTN_SPOT":69423,"MNTN_CODE":"427901901","MANAGE_SP1":"99","MANAGE_SP2":"기타","DETAIL_SPO":"기타","ETC_MATTER":" ","MNTN_NM":"용화산","PAST_SPOT_":"22170116000041","MNTN_ID":"2217011600"},"geometry":{"x":267907.45610000007,"y":607657.92239999957}},{"attributes":{"FID":41,"PMNTN_SPOT":69424,"MNTN_CODE":"427901901","MANAGE_SP1":"99","MANAGE_SP2":"기타","DETAIL_SPO":"다리","ETC_MATTER":" ","MNTN_NM":"용화산","PAST_SPOT_":"22170116000042","MNTN_ID":"2217011600"},"geometry":{"x":267993.50019999966,"y":607569.0541999992}},{"attributes":{"FID":42,"PMNTN_SPOT":69425,"MNTN_CODE":"427901901","MANAGE_SP1":"99","MANAGE_SP2":"기타","DETAIL_SPO":"다리","ETC_MATTER":" ","MNTN_NM":"용화산","PAST_SPOT_":"22170116000043","MNTN_ID":"2217011600"},"geometry":{"x":267984.2109000003,"y":607556.8769000005}},{"attributes":{"FID":43,"PMNTN_SPOT":69426,"MNTN_CODE":"427901901","MANAGE_SP1":"99","MANAGE_SP2":"기타","DETAIL_SPO":"기타","ETC_MATTER":"안내판","MNTN_NM":"용화산","PAST_SPOT_":"22170116000044","MNTN_ID":"2217011600"},"geometry":{"x":268021.45610000007,"y":607500.12849999964}},{"attributes":{"FID":44,"PMNTN_SPOT":69427,"MNTN_CODE":"427901901","MANAGE_SP1":"99","MANAGE_SP2":"기타","DETAIL_SPO":"기타","ETC_MATTER":"등산안내필요","MNTN_NM":"용화산","PAST_SPOT_":"22170116000045","MNTN_ID":"2217011600"},"geometry":{"x":268088.86830000021,"y":607372.58620000072}},{"attributes":{"FID":45,"PMNTN_SPOT":69428,"MNTN_CODE":"427901901","MANAGE_SP1":"99","MANAGE_SP2":"기타","DETAIL_SPO":"기타","ETC_MATTER":" ","MNTN_NM":"용화산","PAST_SPOT_":"22170116000046","MNTN_ID":"2217011600"},"geometry":{"x":265923.09009999968,"y":606503.83669999987}},{"attributes":{"FID":46,"PMNTN_SPOT":69429,"MNTN_CODE":"427901901","MANAGE_SP1":"99","MANAGE_SP2":"기타","DETAIL_SPO":"기타","ETC_MATTER":" ","MNTN_NM":"용화산","PAST_SPOT_":"22170116000047","MNTN_ID":"2217011600"},"geometry":{"x":265999.66179999989,"y":606434.51979999989}},{"attributes":{"FID":47,"PMNTN_SPOT":69430,"MNTN_CODE":"427901901","MANAGE_SP1":"99","MANAGE_SP2":"기타","DETAIL_SPO":"기타","ETC_MATTER":"119신고3지점","MNTN_NM":"용화산","PAST_SPOT_":"22170116000048","MNTN_ID":"2217011600"},"geometry":{"x":266227.13760000002,"y":606406.38790000044}},{"attributes":{"FID":48,"PMNTN_SPOT":69431,"MNTN_CODE":"427901901","MANAGE_SP1":"99","MANAGE_SP2":"기타","DETAIL_SPO":"기타","ETC_MATTER":" ","MNTN_NM":"용화산","PAST_SPOT_":"22170116000049","MNTN_ID":"2217011600"},"geometry":{"x":266506.9012000002,"y":606263.01740000024}},{"attributes":{"FID":49,"PMNTN_SPOT":69432,"MNTN_CODE":"427901901","MANAGE_SP1":"99","MANAGE_SP2":"기타","DETAIL_SPO":"기타","ETC_MATTER":" ","MNTN_NM":"용화산","PAST_SPOT_":"22170116000050","MNTN_ID":"2217011600"},"geometry":{"x":266768.90359999985,"y":605995.62619999982}},{"attributes":{"FID":50,"PMNTN_SPOT":69433,"MNTN_CODE":"427901901","MANAGE_SP1":"11","MANAGE_SP2":"안내판또는지도","DETAIL_SPO":"안내판","ETC_MATTER":"안내판훼손","MNTN_NM":"용화산","PAST_SPOT_":"22170116000051","MNTN_ID":"2217011600"},"geometry":{"x":266614.50779999979,"y":606220.82269999944}},{"attributes":{"FID":51,"PMNTN_SPOT":69434,"MNTN_CODE":"427901901","MANAGE_SP1":"99","MANAGE_SP2":"기타","DETAIL_SPO":"기타","ETC_MATTER":" ","MNTN_NM":"용화산","PAST_SPOT_":"22170116000052","MNTN_ID":"2217011600"},"geometry":{"x":266936.1342000002,"y":605983.56210000068}},{"attributes":{"FID":52,"PMNTN_SPOT":69435,"MNTN_CODE":"427901901","MANAGE_SP1":"99","MANAGE_SP2":"기타","DETAIL_SPO":"기타","ETC_MATTER":" ","MNTN_NM":"용화산","PAST_SPOT_":"22170116000053","MNTN_ID":"2217011600"},"geometry":{"x":267093.65319999959,"y":605956.99049999937}},{"attributes":{"FID":53,"PMNTN_SPOT":69436,"MNTN_CODE":"427901901","MANAGE_SP1":"99","MANAGE_SP2":"기타","DETAIL_SPO":"기타","ETC_MATTER":"이정표필요","MNTN_NM":"용화산","PAST_SPOT_":"22170116000054","MNTN_ID":"2217011600"},"geometry":{"x":267280.43240000028,"y":605980.28350000083}},{"attributes":{"FID":54,"PMNTN_SPOT":69437,"MNTN_CODE":"427901901","MANAGE_SP1":"99","MANAGE_SP2":"기타","DETAIL_SPO":"기타","ETC_MATTER":" ","MNTN_NM":"용화산","PAST_SPOT_":"22170116000055","MNTN_ID":"2217011600"},"geometry":{"x":267523.3077999996,"y":606013.47969999909}},{"attributes":{"FID":55,"PMNTN_SPOT":69438,"MNTN_CODE":"427901901","MANAGE_SP1":"99","MANAGE_SP2":"기타","DETAIL_SPO":"기타","ETC_MATTER":" ","MNTN_NM":"용화산","PAST_SPOT_":"22170116000056","MNTN_ID":"2217011600"},"geometry":{"x":267647.54069999978,"y":606042.25899999961}},{"attributes":{"FID":56,"PMNTN_SPOT":69439,"MNTN_CODE":"427901901","MANAGE_SP1":"99","MANAGE_SP2":"기타","DETAIL_SPO":"기타","ETC_MATTER":" ","MNTN_NM":"용화산","PAST_SPOT_":"22170116000057","MNTN_ID":"2217011600"},"geometry":{"x":267718.3945000004,"y":606082.69769999944}},{"attributes":{"FID":57,"PMNTN_SPOT":69440,"MNTN_CODE":"427901901","MANAGE_SP1":"99","MANAGE_SP2":"기타","DETAIL_SPO":"기타","ETC_MATTER":"안내판필요","MNTN_NM":"용화산","PAST_SPOT_":"22170116000058","MNTN_ID":"2217011600"},"geometry":{"x":267782.98780000024,"y":606147.61800000072}},{"attributes":{"FID":58,"PMNTN_SPOT":69441,"MNTN_CODE":"427901901","MANAGE_SP1":"99","MANAGE_SP2":"기타","DETAIL_SPO":"기타","ETC_MATTER":"로프필요","MNTN_NM":"용화산","PAST_SPOT_":"22170116000059","MNTN_ID":"2217011600"},"geometry":{"x":265747.18719999958,"y":604299.47430000082}},{"attributes":{"FID":59,"PMNTN_SPOT":69442,"MNTN_CODE":"427901901","MANAGE_SP1":"99","MANAGE_SP2":"기타","DETAIL_SPO":"기타","ETC_MATTER":"로프필요","MNTN_NM":"용화산","PAST_SPOT_":"22170116000060","MNTN_ID":"2217011600"},"geometry":{"x":265747.91189999972,"y":604296.70500000007}},{"attributes":{"FID":60,"PMNTN_SPOT":69443,"MNTN_CODE":"427901901","MANAGE_SP1":"99","MANAGE_SP2":"기타","DETAIL_SPO":"기타","ETC_MATTER":" ","MNTN_NM":"용화산","PAST_SPOT_":"22170116000061","MNTN_ID":"2217011600"},"geometry":{"x":265769.36529999971,"y":604205.51840000041}},{"attributes":{"FID":61,"PMNTN_SPOT":69444,"MNTN_CODE":"427901901","MANAGE_SP1":"99","MANAGE_SP2":"기타","DETAIL_SPO":"기타","ETC_MATTER":" ","MNTN_NM":"용화산","PAST_SPOT_":"22170116000062","MNTN_ID":"2217011600"},"geometry":{"x":265997.36340000015,"y":604131.09300000034}},{"attributes":{"FID":62,"PMNTN_SPOT":69445,"MNTN_CODE":"427901901","MANAGE_SP1":"99","MANAGE_SP2":"기타","DETAIL_SPO":"기타","ETC_MATTER":"로프필요","MNTN_NM":"용화산","PAST_SPOT_":"22170116000063","MNTN_ID":"2217011600"},"geometry":{"x":266023.15579999983,"y":604144.51099999994}},{"attributes":{"FID":63,"PMNTN_SPOT":69446,"MNTN_CODE":"427901901","MANAGE_SP1":"99","MANAGE_SP2":"기타","DETAIL_SPO":"기타","ETC_MATTER":"로프필요","MNTN_NM":"용화산","PAST_SPOT_":"22170116000064","MNTN_ID":"2217011600"},"geometry":{"x":266029.8881000001,"y":604137.12790000066}},{"attributes":{"FID":64,"PMNTN_SPOT":69447,"MNTN_CODE":"427901901","MANAGE_SP1":"99","MANAGE_SP2":"기타","DETAIL_SPO":"기타","ETC_MATTER":" ","MNTN_NM":"용화산","PAST_SPOT_":"22170116000065","MNTN_ID":"2217011600"},"geometry":{"x":266120.58169999998,"y":604104.89140000008}},{"attributes":{"FID":65,"PMNTN_SPOT":69448,"MNTN_CODE":"427901901","MANAGE_SP1":"99","MANAGE_SP2":"기타","DETAIL_SPO":"기타","ETC_MATTER":"로프필요","MNTN_NM":"용화산","PAST_SPOT_":"22170116000066","MNTN_ID":"2217011600"},"geometry":{"x":266165.50669999979,"y":604075.83770000003}},{"attributes":{"FID":66,"PMNTN_SPOT":69449,"MNTN_CODE":"427901901","MANAGE_SP1":"99","MANAGE_SP2":"기타","DETAIL_SPO":"기타","ETC_MATTER":"로프필요","MNTN_NM":"용화산","PAST_SPOT_":"22170116000067","MNTN_ID":"2217011600"},"geometry":{"x":266170.46329999994,"y":604081.7611999996}},{"attributes":{"FID":67,"PMNTN_SPOT":69450,"MNTN_CODE":"427901901","MANAGE_SP1":"99","MANAGE_SP2":"기타","DETAIL_SPO":"기타","ETC_MATTER":" ","MNTN_NM":"용화산","PAST_SPOT_":"22170116000068","MNTN_ID":"2217011600"},"geometry":{"x":266175.1456000004,"y":604099.89330000058}},{"attributes":{"FID":68,"PMNTN_SPOT":69451,"MNTN_CODE":"427901901","MANAGE_SP1":"99","MANAGE_SP2":"기타","DETAIL_SPO":"기타","ETC_MATTER":" ","MNTN_NM":"용화산","PAST_SPOT_":"22170116000069","MNTN_ID":"2217011600"},"geometry":{"x":266261.12839999981,"y":604085.7145000007}},{"attributes":{"FID":69,"PMNTN_SPOT":69452,"MNTN_CODE":"427901901","MANAGE_SP1":"99","MANAGE_SP2":"기타","DETAIL_SPO":"기타","ETC_MATTER":" ","MNTN_NM":"용화산","PAST_SPOT_":"22170116000070","MNTN_ID":"2217011600"},"geometry":{"x":266260.41849999968,"y":604097.47550000064}},{"attributes":{"FID":70,"PMNTN_SPOT":69453,"MNTN_CODE":"427901901","MANAGE_SP1":"99","MANAGE_SP2":"기타","DETAIL_SPO":"기타","ETC_MATTER":" ","MNTN_NM":"용화산","PAST_SPOT_":"22170116000071","MNTN_ID":"2217011600"},"geometry":{"x":266266.12380000018,"y":604108.51149999909}},{"attributes":{"FID":71,"PMNTN_SPOT":69454,"MNTN_CODE":"427901901","MANAGE_SP1":"99","MANAGE_SP2":"기타","DETAIL_SPO":"기타","ETC_MATTER":" ","MNTN_NM":"용화산","PAST_SPOT_":"22170116000072","MNTN_ID":"2217011600"},"geometry":{"x":266291.7034,"y":604126.48000000045}},{"attributes":{"FID":72,"PMNTN_SPOT":69455,"MNTN_CODE":"427901901","MANAGE_SP1":"99","MANAGE_SP2":"기타","DETAIL_SPO":"기타","ETC_MATTER":" ","MNTN_NM":"용화산","PAST_SPOT_":"22170116000073","MNTN_ID":"2217011600"},"geometry":{"x":266341.3629999999,"y":604109.12140000053}},{"attributes":{"FID":73,"PMNTN_SPOT":69456,"MNTN_CODE":"427901901","MANAGE_SP1":"99","MANAGE_SP2":"기타","DETAIL_SPO":"기타","ETC_MATTER":" ","MNTN_NM":"용화산","PAST_SPOT_":"22170116000074","MNTN_ID":"2217011600"},"geometry":{"x":266578.97530000005,"y":603857.73299999908}},{"attributes":{"FID":74,"PMNTN_SPOT":69457,"MNTN_CODE":"427901901","MANAGE_SP1":"99","MANAGE_SP2":"기타","DETAIL_SPO":"기타","ETC_MATTER":"로프설치","MNTN_NM":"용화산","PAST_SPOT_":"22170116000075","MNTN_ID":"2217011600"},"geometry":{"x":266584.99789999984,"y":603851.34359999932}},{"attributes":{"FID":75,"PMNTN_SPOT":69458,"MNTN_CODE":"427901901","MANAGE_SP1":"99","MANAGE_SP2":"기타","DETAIL_SPO":"기타","ETC_MATTER":"로프설치","MNTN_NM":"용화산","PAST_SPOT_":"22170116000076","MNTN_ID":"2217011600"},"geometry":{"x":266588.59559999965,"y":603840.82719999924}},{"attributes":{"FID":76,"PMNTN_SPOT":69459,"MNTN_CODE":"427901901","MANAGE_SP1":"99","MANAGE_SP2":"기타","DETAIL_SPO":"기타","ETC_MATTER":" ","MNTN_NM":"용화산","PAST_SPOT_":"22170116000077","MNTN_ID":"2217011600"},"geometry":{"x":266822.14439999964,"y":603540.56919999979}},{"attributes":{"FID":77,"PMNTN_SPOT":69460,"MNTN_CODE":"427901901","MANAGE_SP1":"99","MANAGE_SP2":"기타","DETAIL_SPO":"기타","ETC_MATTER":" ","MNTN_NM":"용화산","PAST_SPOT_":"22170116000078","MNTN_ID":"2217011600"},"geometry":{"x":267681.59530000016,"y":603253.13159999996}},{"attributes":{"FID":78,"PMNTN_SPOT":69461,"MNTN_CODE":"427901901","MANAGE_SP1":"99","MANAGE_SP2":"기타","DETAIL_SPO":"기타","ETC_MATTER":"로프부족","MNTN_NM":"용화산","PAST_SPOT_":"22170116000079","MNTN_ID":"2217011600"},"geometry":{"x":267668.16289999988,"y":603178.53429999948}},{"attributes":{"FID":79,"PMNTN_SPOT":69462,"MNTN_CODE":"427901901","MANAGE_SP1":"99","MANAGE_SP2":"기타","DETAIL_SPO":"기타","ETC_MATTER":"로프부족","MNTN_NM":"용화산","PAST_SPOT_":"22170116000080","MNTN_ID":"2217011600"},"geometry":{"x":267669.59159999993,"y":603175.65990000032}},{"attributes":{"FID":80,"PMNTN_SPOT":69463,"MNTN_CODE":"427901901","MANAGE_SP1":"99","MANAGE_SP2":"기타","DETAIL_SPO":"기타","ETC_MATTER":" ","MNTN_NM":"용화산","PAST_SPOT_":"22170116000081","MNTN_ID":"2217011600"},"geometry":{"x":267839.95000000019,"y":602761.79079999961}},{"attributes":{"FID":81,"PMNTN_SPOT":69464,"MNTN_CODE":"427901901","MANAGE_SP1":"99","MANAGE_SP2":"기타","DETAIL_SPO":"기타","ETC_MATTER":"다리필요","MNTN_NM":"용화산","PAST_SPOT_":"22170116000082","MNTN_ID":"2217011600"},"geometry":{"x":265977.58469999954,"y":601901.79719999991}},{"attributes":{"FID":82,"PMNTN_SPOT":69465,"MNTN_CODE":"427901901","MANAGE_SP1":"99","MANAGE_SP2":"기타","DETAIL_SPO":"폭포","ETC_MATTER":" ","MNTN_NM":"용화산","PAST_SPOT_":"22170116000083","MNTN_ID":"2217011600"},"geometry":{"x":265994.26250000019,"y":602153.36260000058}},{"attributes":{"FID":83,"PMNTN_SPOT":69466,"MNTN_CODE":"427901901","MANAGE_SP1":"99","MANAGE_SP2":"기타","DETAIL_SPO":"기타","ETC_MATTER":" ","MNTN_NM":"용화산","PAST_SPOT_":"22170116000084","MNTN_ID":"2217011600"},"geometry":{"x":265996.4570000004,"y":602164.36999999918}},{"attributes":{"FID":84,"PMNTN_SPOT":69467,"MNTN_CODE":"427901901","MANAGE_SP1":"99","MANAGE_SP2":"기타","DETAIL_SPO":"기타","ETC_MATTER":"로프필요","MNTN_NM":"용화산","PAST_SPOT_":"22170116000085","MNTN_ID":"2217011600"},"geometry":{"x":266005.26829999965,"y":602193.41389999911}},{"attributes":{"FID":85,"PMNTN_SPOT":69468,"MNTN_CODE":"427901901","MANAGE_SP1":"99","MANAGE_SP2":"기타","DETAIL_SPO":"기타","ETC_MATTER":"로프필요","MNTN_NM":"용화산","PAST_SPOT_":"22170116000086","MNTN_ID":"2217011600"},"geometry":{"x":266009.48610000033,"y":602203.9935999997}},{"attributes":{"FID":86,"PMNTN_SPOT":69469,"MNTN_CODE":"427901901","MANAGE_SP1":"99","MANAGE_SP2":"기타","DETAIL_SPO":"기타","ETC_MATTER":" ","MNTN_NM":"용화산","PAST_SPOT_":"22170116000087","MNTN_ID":"2217011600"},"geometry":{"x":266079.73900000006,"y":602302.24689999968}},{"attributes":{"FID":87,"PMNTN_SPOT":69470,"MNTN_CODE":"427901901","MANAGE_SP1":"99","MANAGE_SP2":"기타","DETAIL_SPO":"기타","ETC_MATTER":" ","MNTN_NM":"용화산","PAST_SPOT_":"22170116000088","MNTN_ID":"2217011600"},"geometry":{"x":266365.17800000031,"y":602493.71309999935}},{"attributes":{"FID":88,"PMNTN_SPOT":69471,"MNTN_CODE":"427901901","MANAGE_SP1":"99","MANAGE_SP2":"기타","DETAIL_SPO":"기타","ETC_MATTER":" ","MNTN_NM":"용화산","PAST_SPOT_":"22170116000089","MNTN_ID":"2217011600"},"geometry":{"x":266443.44379999954,"y":602566.83589999937}},{"attributes":{"FID":89,"PMNTN_SPOT":69472,"MNTN_CODE":"427901901","MANAGE_SP1":"99","MANAGE_SP2":"기타","DETAIL_SPO":"기타","ETC_MATTER":" ","MNTN_NM":"용화산","PAST_SPOT_":"22170116000090","MNTN_ID":"2217011600"},"geometry":{"x":266652.03120000008,"y":602671.65819999948}},{"attributes":{"FID":90,"PMNTN_SPOT":69473,"MNTN_CODE":"427901901","MANAGE_SP1":"99","MANAGE_SP2":"기타","DETAIL_SPO":"법화사지터","ETC_MATTER":" ","MNTN_NM":"용화산","PAST_SPOT_":"22170116000091","MNTN_ID":"2217011600"},"geometry":{"x":266819.20590000041,"y":602793.02070000023}},{"attributes":{"FID":91,"PMNTN_SPOT":69474,"MNTN_CODE":"427901901","MANAGE_SP1":"99","MANAGE_SP2":"기타","DETAIL_SPO":"법화사지터","ETC_MATTER":" ","MNTN_NM":"용화산","PAST_SPOT_":"22170116000092","MNTN_ID":"2217011600"},"geometry":{"x":266896.7257000003,"y":602838.39020000026}},{"attributes":{"FID":92,"PMNTN_SPOT":69475,"MNTN_CODE":"427901901","MANAGE_SP1":"99","MANAGE_SP2":"기타","DETAIL_SPO":"기타","ETC_MATTER":"장애물","MNTN_NM":"용화산","PAST_SPOT_":"22170116000093","MNTN_ID":"2217011600"},"geometry":{"x":266164.93340000045,"y":603310.88110000081}},{"attributes":{"FID":93,"PMNTN_SPOT":69476,"MNTN_CODE":"427901901","MANAGE_SP1":"99","MANAGE_SP2":"기타","DETAIL_SPO":"합수머리","ETC_MATTER":" ","MNTN_NM":"용화산","PAST_SPOT_":"22170116000094","MNTN_ID":"2217011600"},"geometry":{"x":265770.31419999991,"y":602755.10529999994}},{"attributes":{"FID":94,"PMNTN_SPOT":69477,"MNTN_CODE":"427901901","MANAGE_SP1":"99","MANAGE_SP2":"기타","DETAIL_SPO":"기타","ETC_MATTER":"이정표필요","MNTN_NM":"용화산","PAST_SPOT_":"22170116000095","MNTN_ID":"2217011600"},"geometry":{"x":265891.13179999962,"y":601807.96580000035}},{"attributes":{"FID":95,"PMNTN_SPOT":69478,"MNTN_CODE":"427901901","MANAGE_SP1":"99","MANAGE_SP2":"기타","DETAIL_SPO":"기타","ETC_MATTER":"이정표필요","MNTN_NM":"용화산","PAST_SPOT_":"22170116000096","MNTN_ID":"2217011600"},"geometry":{"x":269234.36230000015,"y":599791.46649999917}},{"attributes":{"FID":96,"PMNTN_SPOT":69479,"MNTN_CODE":"427901901","MANAGE_SP1":"99","MANAGE_SP2":"기타","DETAIL_SPO":"기타","ETC_MATTER":"로프필요","MNTN_NM":"용화산","PAST_SPOT_":"22170116000097","MNTN_ID":"2217011600"},"geometry":{"x":269144.99239999987,"y":600148.71110000089}},{"attributes":{"FID":97,"PMNTN_SPOT":69480,"MNTN_CODE":"427901901","MANAGE_SP1":"99","MANAGE_SP2":"기타","DETAIL_SPO":"기타","ETC_MATTER":"로프필요","MNTN_NM":"용화산","PAST_SPOT_":"22170116000098","MNTN_ID":"2217011600"},"geometry":{"x":269145.58100000024,"y":600151.82430000044}},{"attributes":{"FID":98,"PMNTN_SPOT":69481,"MNTN_CODE":"427901901","MANAGE_SP1":"99","MANAGE_SP2":"기타","DETAIL_SPO":"기타","ETC_MATTER":" ","MNTN_NM":"용화산","PAST_SPOT_":"22170116000099","MNTN_ID":"2217011600"},"geometry":{"x":269140.14070000034,"y":600151.11229999922}},{"attributes":{"FID":99,"PMNTN_SPOT":69482,"MNTN_CODE":"427901901","MANAGE_SP1":"99","MANAGE_SP2":"기타","DETAIL_SPO":"기타","ETC_MATTER":"헬기장","MNTN_NM":"용화산","PAST_SPOT_":"22170116000100","MNTN_ID":"2217011600"},"geometry":{"x":269142.38580000028,"y":600166.11730000004}},{"attributes":{"FID":100,"PMNTN_SPOT":69483,"MNTN_CODE":"427901901","MANAGE_SP1":"99","MANAGE_SP2":"기타","DETAIL_SPO":"기타","ETC_MATTER":"로프필요","MNTN_NM":"용화산","PAST_SPOT_":"22170116000101","MNTN_ID":"2217011600"},"geometry":{"x":268761.97910000011,"y":601186.29360000044}},{"attributes":{"FID":101,"PMNTN_SPOT":69484,"MNTN_CODE":"427901901","MANAGE_SP1":"99","MANAGE_SP2":"기타","DETAIL_SPO":"기타","ETC_MATTER":"로프필요","MNTN_NM":"용화산","PAST_SPOT_":"22170116000102","MNTN_ID":"2217011600"},"geometry":{"x":268733.05620000046,"y":601168.51139999926}},{"attributes":{"FID":102,"PMNTN_SPOT":69485,"MNTN_CODE":"427901901","MANAGE_SP1":"99","MANAGE_SP2":"기타","DETAIL_SPO":"기타","ETC_MATTER":"로프필요","MNTN_NM":"용화산","PAST_SPOT_":"22170116000103","MNTN_ID":"2217011600"},"geometry":{"x":268744.40919999965,"y":601176.26630000025}},{"attributes":{"FID":103,"PMNTN_SPOT":69486,"MNTN_CODE":"427901901","MANAGE_SP1":"99","MANAGE_SP2":"기타","DETAIL_SPO":"기타","ETC_MATTER":"로프필요","MNTN_NM":"용화산","PAST_SPOT_":"22170116000104","MNTN_ID":"2217011600"},"geometry":{"x":268739.14149999991,"y":601176.00009999983}},{"attributes":{"FID":104,"PMNTN_SPOT":69487,"MNTN_CODE":"427901901","MANAGE_SP1":"99","MANAGE_SP2":"기타","DETAIL_SPO":"기타","ETC_MATTER":"로프필요","MNTN_NM":"용화산","PAST_SPOT_":"22170116000105","MNTN_ID":"2217011600"},"geometry":{"x":268725.85470000003,"y":601178.88570000045}},{"attributes":{"FID":105,"PMNTN_SPOT":69488,"MNTN_CODE":"427901901","MANAGE_SP1":"99","MANAGE_SP2":"기타","DETAIL_SPO":"기타","ETC_MATTER":"전망절벽","MNTN_NM":"용화산","PAST_SPOT_":"22170116000106","MNTN_ID":"2217011600"},"geometry":{"x":268628.43740000017,"y":601285.07980000041}},{"attributes":{"FID":106,"PMNTN_SPOT":69489,"MNTN_CODE":"427901901","MANAGE_SP1":"99","MANAGE_SP2":"기타","DETAIL_SPO":"기타","ETC_MATTER":"로프필요","MNTN_NM":"용화산","PAST_SPOT_":"22170116000107","MNTN_ID":"2217011600"},"geometry":{"x":268559.29420000035,"y":601392.39990000054}},{"attributes":{"FID":107,"PMNTN_SPOT":69490,"MNTN_CODE":"427901901","MANAGE_SP1":"99","MANAGE_SP2":"기타","DETAIL_SPO":"기타","ETC_MATTER":"로프필요","MNTN_NM":"용화산","PAST_SPOT_":"22170116000108","MNTN_ID":"2217011600"},"geometry":{"x":268561.01580000017,"y":601386.08689999953}},{"attributes":{"FID":108,"PMNTN_SPOT":69491,"MNTN_CODE":"427901901","MANAGE_SP1":"99","MANAGE_SP2":"기타","DETAIL_SPO":"기타","ETC_MATTER":"이정표필요","MNTN_NM":"용화산","PAST_SPOT_":"22170116000109","MNTN_ID":"2217011600"},"geometry":{"x":268412.88289999962,"y":601812.67109999992}},{"attributes":{"FID":109,"PMNTN_SPOT":69492,"MNTN_CODE":"427901901","MANAGE_SP1":"99","MANAGE_SP2":"기타","DETAIL_SPO":"기타","ETC_MATTER":"이정표필요","MNTN_NM":"용화산","PAST_SPOT_":"22170116000110","MNTN_ID":"2217011600"},"geometry":{"x":268326.9645999996,"y":601826.27339999937}},{"attributes":{"FID":110,"PMNTN_SPOT":69493,"MNTN_CODE":"427901901","MANAGE_SP1":"99","MANAGE_SP2":"기타","DETAIL_SPO":"기타","ETC_MATTER":"로프필요","MNTN_NM":"용화산","PAST_SPOT_":"22170116000111","MNTN_ID":"2217011600"},"geometry":{"x":268253.91559999995,"y":601802.68530000001}},{"attributes":{"FID":111,"PMNTN_SPOT":69494,"MNTN_CODE":"427901901","MANAGE_SP1":"99","MANAGE_SP2":"기타","DETAIL_SPO":"기타","ETC_MATTER":"로프필요","MNTN_NM":"용화산","PAST_SPOT_":"22170116000112","MNTN_ID":"2217011600"},"geometry":{"x":268251.64059999958,"y":601801.66719999909}},{"attributes":{"FID":112,"PMNTN_SPOT":69495,"MNTN_CODE":"427901901","MANAGE_SP1":"99","MANAGE_SP2":"기타","DETAIL_SPO":"기타","ETC_MATTER":"764고지","MNTN_NM":"용화산","PAST_SPOT_":"22170116000113","MNTN_ID":"2217011600"},"geometry":{"x":268230.07430000044,"y":601786.50139999948}},{"attributes":{"FID":113,"PMNTN_SPOT":69496,"MNTN_CODE":"427901901","MANAGE_SP1":"99","MANAGE_SP2":"기타","DETAIL_SPO":"기타","ETC_MATTER":"공터","MNTN_NM":"용화산","PAST_SPOT_":"22170116000114","MNTN_ID":"2217011600"},"geometry":{"x":268068.04509999976,"y":602366.27740000002}},{"attributes":{"FID":114,"PMNTN_SPOT":69497,"MNTN_CODE":"427901901","MANAGE_SP1":"99","MANAGE_SP2":"기타","DETAIL_SPO":"목계단","ETC_MATTER":"100m","MNTN_NM":"용화산","PAST_SPOT_":"22170116000115","MNTN_ID":"2217011600"},"geometry":{"x":267945.94959999993,"y":602686.85209999979}},{"attributes":{"FID":115,"PMNTN_SPOT":69498,"MNTN_CODE":"427901901","MANAGE_SP1":"99","MANAGE_SP2":"기타","DETAIL_SPO":"목계단","ETC_MATTER":"100m","MNTN_NM":"용화산","PAST_SPOT_":"22170116000116","MNTN_ID":"2217011600"},"geometry":{"x":267900.95749999955,"y":602732.8797999993}},{"attributes":{"FID":116,"PMNTN_SPOT":69499,"MNTN_CODE":"427901901","MANAGE_SP1":"99","MANAGE_SP2":"기타","DETAIL_SPO":"목계단","ETC_MATTER":"20m","MNTN_NM":"용화산","PAST_SPOT_":"22170116000117","MNTN_ID":"2217011600"},"geometry":{"x":267850.65620000008,"y":602762.65660000034}},{"attributes":{"FID":117,"PMNTN_SPOT":69500,"MNTN_CODE":"427901901","MANAGE_SP1":"99","MANAGE_SP2":"기타","DETAIL_SPO":"기타","ETC_MATTER":" ","MNTN_NM":"용화산","PAST_SPOT_":"22170116000118","MNTN_ID":"2217011600"},"geometry":{"x":267849.6875,"y":602762.98159999959}},{"attributes":{"FID":118,"PMNTN_SPOT":69501,"MNTN_CODE":"427901901","MANAGE_SP1":"99","MANAGE_SP2":"기타","DETAIL_SPO":"기타","ETC_MATTER":" ","MNTN_NM":"용화산","PAST_SPOT_":"22170116000119","MNTN_ID":"2217011600"},"geometry":{"x":264991.80869999994,"y":600846.34019999951}},{"attributes":{"FID":119,"PMNTN_SPOT":69502,"MNTN_CODE":"427901901","MANAGE_SP1":"99","MANAGE_SP2":"기타","DETAIL_SPO":"기타","ETC_MATTER":" ","MNTN_NM":"용화산","PAST_SPOT_":"22170116000120","MNTN_ID":"2217011600"},"geometry":{"x":264972.29530000035,"y":601202.29450000077}},{"attributes":{"FID":120,"PMNTN_SPOT":69503,"MNTN_CODE":"427901901","MANAGE_SP1":"99","MANAGE_SP2":"기타","DETAIL_SPO":"기타","ETC_MATTER":"이정표필요","MNTN_NM":"용화산","PAST_SPOT_":"22170116000121","MNTN_ID":"2217011600"},"geometry":{"x":264953.77689999994,"y":601499.42329999991}},{"attributes":{"FID":121,"PMNTN_SPOT":69504,"MNTN_CODE":"427901901","MANAGE_SP1":"99","MANAGE_SP2":"기타","DETAIL_SPO":"기타","ETC_MATTER":"채석장","MNTN_NM":"용화산","PAST_SPOT_":"22170116000122","MNTN_ID":"2217011600"},"geometry":{"x":264936.33150000032,"y":601893.91369999945}},{"attributes":{"FID":122,"PMNTN_SPOT":69505,"MNTN_CODE":"427901901","MANAGE_SP1":"99","MANAGE_SP2":"기타","DETAIL_SPO":"기타","ETC_MATTER":" ","MNTN_NM":"용화산","PAST_SPOT_":"22170116000123","MNTN_ID":"2217011600"},"geometry":{"x":264950.62849999964,"y":601984.71969999932}},{"attributes":{"FID":123,"PMNTN_SPOT":69506,"MNTN_CODE":"427901901","MANAGE_SP1":"99","MANAGE_SP2":"기타","DETAIL_SPO":"기타","ETC_MATTER":" ","MNTN_NM":"용화산","PAST_SPOT_":"22170116000124","MNTN_ID":"2217011600"},"geometry":{"x":264948.75160000008,"y":602033.10380000062}},{"attributes":{"FID":124,"PMNTN_SPOT":69507,"MNTN_CODE":"427901901","MANAGE_SP1":"99","MANAGE_SP2":"기타","DETAIL_SPO":"기타","ETC_MATTER":" ","MNTN_NM":"용화산","PAST_SPOT_":"22170116000125","MNTN_ID":"2217011600"},"geometry":{"x":264946.73660000041,"y":602054.6230999995}},{"attributes":{"FID":125,"PMNTN_SPOT":69508,"MNTN_CODE":"427901901","MANAGE_SP1":"99","MANAGE_SP2":"기타","DETAIL_SPO":"기타","ETC_MATTER":" ","MNTN_NM":"용화산","PAST_SPOT_":"22170116000126","MNTN_ID":"2217011600"},"geometry":{"x":264992.88690000027,"y":602325.51300000027}},{"attributes":{"FID":126,"PMNTN_SPOT":69509,"MNTN_CODE":"427901901","MANAGE_SP1":"99","MANAGE_SP2":"기타","DETAIL_SPO":"기타","ETC_MATTER":"폭발물처리장","MNTN_NM":"용화산","PAST_SPOT_":"22170116000127","MNTN_ID":"2217011600"},"geometry":{"x":264745.09949999955,"y":602676.21749999933}},{"attributes":{"FID":127,"PMNTN_SPOT":69510,"MNTN_CODE":"427901901","MANAGE_SP1":"99","MANAGE_SP2":"기타","DETAIL_SPO":"기타","ETC_MATTER":"군시설물","MNTN_NM":"용화산","PAST_SPOT_":"22170116000128","MNTN_ID":"2217011600"},"geometry":{"x":264905.70839999989,"y":602820.57770000026}},{"attributes":{"FID":128,"PMNTN_SPOT":69511,"MNTN_CODE":"427901901","MANAGE_SP1":"99","MANAGE_SP2":"기타","DETAIL_SPO":"기타","ETC_MATTER":" ","MNTN_NM":"용화산","PAST_SPOT_":"22170116000129","MNTN_ID":"2217011600"},"geometry":{"x":265018.26769999973,"y":604291.98179999925}},{"attributes":{"FID":129,"PMNTN_SPOT":69512,"MNTN_CODE":"427901901","MANAGE_SP1":"99","MANAGE_SP2":"기타","DETAIL_SPO":"기타","ETC_MATTER":"로프필요","MNTN_NM":"용화산","PAST_SPOT_":"22170116000130","MNTN_ID":"2217011600"},"geometry":{"x":265014.88080000039,"y":604331.47340000048}},{"attributes":{"FID":130,"PMNTN_SPOT":69513,"MNTN_CODE":"427901901","MANAGE_SP1":"99","MANAGE_SP2":"기타","DETAIL_SPO":"기타","ETC_MATTER":"로프필요","MNTN_NM":"용화산","PAST_SPOT_":"22170116000131","MNTN_ID":"2217011600"},"geometry":{"x":265010.38320000004,"y":604356.0811999999}},{"attributes":{"FID":131,"PMNTN_SPOT":69514,"MNTN_CODE":"427901901","MANAGE_SP1":"99","MANAGE_SP2":"기타","DETAIL_SPO":"기타","ETC_MATTER":"공터","MNTN_NM":"용화산","PAST_SPOT_":"22170116000132","MNTN_ID":"2217011600"},"geometry":{"x":265040.40309999976,"y":604378.96539999917}},{"attributes":{"FID":132,"PMNTN_SPOT":69515,"MNTN_CODE":"427901901","MANAGE_SP1":"99","MANAGE_SP2":"기타","DETAIL_SPO":"기타","ETC_MATTER":"이정표필요","MNTN_NM":"용화산","PAST_SPOT_":"22170116000133","MNTN_ID":"2217011600"},"geometry":{"x":265071.19450000022,"y":604404.18700000085}},{"attributes":{"FID":133,"PMNTN_SPOT":69516,"MNTN_CODE":"427901901","MANAGE_SP1":"99","MANAGE_SP2":"기타","DETAIL_SPO":"기타","ETC_MATTER":"이정표필요","MNTN_NM":"용화산","PAST_SPOT_":"22170116000134","MNTN_ID":"2217011600"},"geometry":{"x":264978.66729999986,"y":604469.27850000001}},{"attributes":{"FID":134,"PMNTN_SPOT":69517,"MNTN_CODE":"427901901","MANAGE_SP1":"99","MANAGE_SP2":"기타","DETAIL_SPO":"기타","ETC_MATTER":"로프필요","MNTN_NM":"용화산","PAST_SPOT_":"22170116000135","MNTN_ID":"2217011600"},"geometry":{"x":265705.18580000009,"y":604314.67779999971}},{"attributes":{"FID":135,"PMNTN_SPOT":69518,"MNTN_CODE":"427901901","MANAGE_SP1":"99","MANAGE_SP2":"기타","DETAIL_SPO":"기타","ETC_MATTER":"목계단필요","MNTN_NM":"용화산","PAST_SPOT_":"22170116000136","MNTN_ID":"2217011600"},"geometry":{"x":265689.61519999988,"y":604285.69079999998}},{"attributes":{"FID":136,"PMNTN_SPOT":69519,"MNTN_CODE":"427901901","MANAGE_SP1":"99","MANAGE_SP2":"기타","DETAIL_SPO":"기타","ETC_MATTER":"목계단필요","MNTN_NM":"용화산","PAST_SPOT_":"22170116000137","MNTN_ID":"2217011600"},"geometry":{"x":265683.10659999959,"y":604276.20289999992}},{"attributes":{"FID":137,"PMNTN_SPOT":69520,"MNTN_CODE":"427901901","MANAGE_SP1":"99","MANAGE_SP2":"기타","DETAIL_SPO":"기타","ETC_MATTER":"로프필요","MNTN_NM":"용화산","PAST_SPOT_":"22170116000138","MNTN_ID":"2217011600"},"geometry":{"x":265654.28050000034,"y":604214.14030000009}},{"attributes":{"FID":138,"PMNTN_SPOT":69521,"MNTN_CODE":"427901901","MANAGE_SP1":"99","MANAGE_SP2":"기타","DETAIL_SPO":"기타","ETC_MATTER":"로프필요","MNTN_NM":"용화산","PAST_SPOT_":"22170116000139","MNTN_ID":"2217011600"},"geometry":{"x":265653.70249999966,"y":604209.58440000005}},{"attributes":{"FID":139,"PMNTN_SPOT":69522,"MNTN_CODE":"427901901","MANAGE_SP1":"99","MANAGE_SP2":"기타","DETAIL_SPO":"기타","ETC_MATTER":"로프필요","MNTN_NM":"용화산","PAST_SPOT_":"22170116000140","MNTN_ID":"2217011600"},"geometry":{"x":265638.79779999983,"y":604196.03289999999}},{"attributes":{"FID":140,"PMNTN_SPOT":69523,"MNTN_CODE":"427901901","MANAGE_SP1":"99","MANAGE_SP2":"기타","DETAIL_SPO":"기타","ETC_MATTER":"로프필요","MNTN_NM":"용화산","PAST_SPOT_":"22170116000141","MNTN_ID":"2217011600"},"geometry":{"x":265649.51379999984,"y":604195.45280000009}},{"attributes":{"FID":141,"PMNTN_SPOT":69524,"MNTN_CODE":"427901901","MANAGE_SP1":"99","MANAGE_SP2":"기타","DETAIL_SPO":"기타","ETC_MATTER":"등산로차단","MNTN_NM":"용화산","PAST_SPOT_":"22170116000142","MNTN_ID":"2217011600"},"geometry":{"x":265641.63630000036,"y":604126.78710000031}},{"attributes":{"FID":142,"PMNTN_SPOT":69525,"MNTN_CODE":"427901901","MANAGE_SP1":"99","MANAGE_SP2":"기타","DETAIL_SPO":"기타","ETC_MATTER":"이정표필요","MNTN_NM":"용화산","PAST_SPOT_":"22170116000143","MNTN_ID":"2217011600"},"geometry":{"x":265628.77460000012,"y":604088.38629999943}},{"attributes":{"FID":143,"PMNTN_SPOT":69526,"MNTN_CODE":"427901901","MANAGE_SP1":"99","MANAGE_SP2":"기타","DETAIL_SPO":"기타","ETC_MATTER":" ","MNTN_NM":"용화산","PAST_SPOT_":"22170116000144","MNTN_ID":"2217011600"},"geometry":{"x":265471.3518000003,"y":603649.42310000025}},{"attributes":{"FID":144,"PMNTN_SPOT":69527,"MNTN_CODE":"427901901","MANAGE_SP1":"99","MANAGE_SP2":"기타","DETAIL_SPO":"기타","ETC_MATTER":" ","MNTN_NM":"용화산","PAST_SPOT_":"22170116000145","MNTN_ID":"2217011600"},"geometry":{"x":265413.75109999999,"y":603320.15909999982}},{"attributes":{"FID":145,"PMNTN_SPOT":69528,"MNTN_CODE":"427901901","MANAGE_SP1":"99","MANAGE_SP2":"기타","DETAIL_SPO":"기타","ETC_MATTER":"큰바위","MNTN_NM":"용화산","PAST_SPOT_":"22170116000146","MNTN_ID":"2217011600"},"geometry":{"x":265615.61969999969,"y":602926.14629999921}},{"attributes":{"FID":146,"PMNTN_SPOT":69529,"MNTN_CODE":"427901901","MANAGE_SP1":"99","MANAGE_SP2":"기타","DETAIL_SPO":"기타","ETC_MATTER":" ","MNTN_NM":"용화산","PAST_SPOT_":"22170116000147","MNTN_ID":"2217011600"},"geometry":{"x":265449.88100000005,"y":602162.3116999995}},{"attributes":{"FID":147,"PMNTN_SPOT":69530,"MNTN_CODE":"427901901","MANAGE_SP1":"99","MANAGE_SP2":"기타","DETAIL_SPO":"기타","ETC_MATTER":"목계단필요","MNTN_NM":"용화산","PAST_SPOT_":"22170116000148","MNTN_ID":"2217011600"},"geometry":{"x":265539.94049999956,"y":601948.45610000007}},{"attributes":{"FID":148,"PMNTN_SPOT":69531,"MNTN_CODE":"427901901","MANAGE_SP1":"99","MANAGE_SP2":"기타","DETAIL_SPO":"기타","ETC_MATTER":"목계단필요","MNTN_NM":"용화산","PAST_SPOT_":"22170116000149","MNTN_ID":"2217011600"},"geometry":{"x":265540.84179999959,"y":601945.57709999941}},{"attributes":{"FID":149,"PMNTN_SPOT":69532,"MNTN_CODE":"427901901","MANAGE_SP1":"99","MANAGE_SP2":"기타","DETAIL_SPO":"기타","ETC_MATTER":"로프필요","MNTN_NM":"용화산","PAST_SPOT_":"22170116000150","MNTN_ID":"2217011600"},"geometry":{"x":265551.47829999961,"y":601944.33019999973}},{"attributes":{"FID":150,"PMNTN_SPOT":69533,"MNTN_CODE":"427901901","MANAGE_SP1":"99","MANAGE_SP2":"기타","DETAIL_SPO":"기타","ETC_MATTER":"로프필요","MNTN_NM":"용화산","PAST_SPOT_":"22170116000151","MNTN_ID":"2217011600"},"geometry":{"x":265557.59640000015,"y":601937.05269999988}},{"attributes":{"FID":151,"PMNTN_SPOT":69534,"MNTN_CODE":"427901901","MANAGE_SP1":"99","MANAGE_SP2":"기타","DETAIL_SPO":"기타","ETC_MATTER":"로프필요","MNTN_NM":"용화산","PAST_SPOT_":"22170116000152","MNTN_ID":"2217011600"},"geometry":{"x":265790.07620000001,"y":601804.26669999957}},{"attributes":{"FID":152,"PMNTN_SPOT":69535,"MNTN_CODE":"427901901","MANAGE_SP1":"99","MANAGE_SP2":"기타","DETAIL_SPO":"기타","ETC_MATTER":"로프필요","MNTN_NM":"용화산","PAST_SPOT_":"22170116000153","MNTN_ID":"2217011600"},"geometry":{"x":265828.58820000011,"y":601809.57169999927}},{"attributes":{"FID":153,"PMNTN_SPOT":69536,"MNTN_CODE":"427901901","MANAGE_SP1":"99","MANAGE_SP2":"기타","DETAIL_SPO":"기타","ETC_MATTER":"로프필요","MNTN_NM":"용화산","PAST_SPOT_":"22170116000154","MNTN_ID":"2217011600"},"geometry":{"x":265834.28749999963,"y":601810.7276000008}},{"attributes":{"FID":154,"PMNTN_SPOT":69537,"MNTN_CODE":"427901901","MANAGE_SP1":"99","MANAGE_SP2":"기타","DETAIL_SPO":"기타","ETC_MATTER":"종점","MNTN_NM":"용화산","PAST_SPOT_":"22170116000155","MNTN_ID":"2217011600"},"geometry":{"x":265890.55200000014,"y":601803.63189999945}},{"attributes":{"FID":155,"PMNTN_SPOT":69538,"MNTN_CODE":"427901901","MANAGE_SP1":"01","MANAGE_SP2":"시종점","DETAIL_SPO":"시종점","ETC_MATTER":"안내판필요","MNTN_NM":"용화산","PAST_SPOT_":"22170116000156","MNTN_ID":"2217011600"},"geometry":{"x":264968.07529999968,"y":600819.91929999925}},{"attributes":{"FID":156,"PMNTN_SPOT":69539,"MNTN_CODE":"427901901","MANAGE_SP1":"02","MANAGE_SP2":"분기점","DETAIL_SPO":"분기점","ETC_MATTER":" ","MNTN_NM":"용화산","PAST_SPOT_":"22170116000157","MNTN_ID":"2217011600"},"geometry":{"x":265636.26559999958,"y":604445.89010000043}},{"attributes":{"FID":157,"PMNTN_SPOT":69540,"MNTN_CODE":"427901901","MANAGE_SP1":"99","MANAGE_SP2":"기타","DETAIL_SPO":"용화산","ETC_MATTER":" ","MNTN_NM":"용화산","PAST_SPOT_":"22170116000158","MNTN_ID":"2217011600"},"geometry":{"x":265669.40160000045,"y":604505.47929999977}},{"attributes":{"FID":158,"PMNTN_SPOT":69541,"MNTN_CODE":"427901901","MANAGE_SP1":"02","MANAGE_SP2":"분기점","DETAIL_SPO":"분기점","ETC_MATTER":"이정표필요,로프필요","MNTN_NM":"용화산","PAST_SPOT_":"22170116000159","MNTN_ID":"2217011600"},"geometry":{"x":265728.64379999973,"y":604334.51459999941}},{"attributes":{"FID":159,"PMNTN_SPOT":69542,"MNTN_CODE":"427901901","MANAGE_SP1":"01","MANAGE_SP2":"시종점","DETAIL_SPO":"시종점","ETC_MATTER":"로프필요","MNTN_NM":"용화산","PAST_SPOT_":"22170116000160","MNTN_ID":"2217011600"},"geometry":{"x":265853.0148,"y":601797.22440000065}},{"attributes":{"FID":160,"PMNTN_SPOT":69543,"MNTN_CODE":"427901901","MANAGE_SP1":"11","MANAGE_SP2":"안내판또는지도","DETAIL_SPO":"안내판","ETC_MATTER":"성불령","MNTN_NM":"용화산","PAST_SPOT_":"22170116000161","MNTN_ID":"2217011600"},"geometry":{"x":265884.15759999957,"y":606476.5549999997}},{"attributes":{"FID":161,"PMNTN_SPOT":69544,"MNTN_CODE":"427901901","MANAGE_SP1":"02","MANAGE_SP2":"분기점","DETAIL_SPO":"분기점","ETC_MATTER":"다리필요","MNTN_NM":"용화산","PAST_SPOT_":"22170116000162","MNTN_ID":"2217011600"},"geometry":{"x":265986.32380000036,"y":601852.42689999938}},{"attributes":{"FID":162,"PMNTN_SPOT":69545,"MNTN_CODE":"427901901","MANAGE_SP1":"02","MANAGE_SP2":"분기점","DETAIL_SPO":"분기점","ETC_MATTER":" ","MNTN_NM":"용화산","PAST_SPOT_":"22170116000163","MNTN_ID":"2217011600"},"geometry":{"x":266001.43539999984,"y":606399.67769999988}},{"attributes":{"FID":163,"PMNTN_SPOT":69546,"MNTN_CODE":"427901901","MANAGE_SP1":"02","MANAGE_SP2":"분기점","DETAIL_SPO":"분기점","ETC_MATTER":" ","MNTN_NM":"용화산","PAST_SPOT_":"22170116000164","MNTN_ID":"2217011600"},"geometry":{"x":266047.49450000003,"y":606391.61319999956}},{"attributes":{"FID":164,"PMNTN_SPOT":69547,"MNTN_CODE":"427901901","MANAGE_SP1":"02","MANAGE_SP2":"분기점","DETAIL_SPO":"분기점","ETC_MATTER":"이정표필요","MNTN_NM":"용화산","PAST_SPOT_":"22170116000165","MNTN_ID":"2217011600"},"geometry":{"x":266453.46250000037,"y":604068.40369999968}},{"attributes":{"FID":165,"PMNTN_SPOT":69548,"MNTN_CODE":"427901901","MANAGE_SP1":"02","MANAGE_SP2":"분기점","DETAIL_SPO":"분기점","ETC_MATTER":" ","MNTN_NM":"용화산","PAST_SPOT_":"22170116000166","MNTN_ID":"2217011600"},"geometry":{"x":267102.89169999957,"y":608380.15509999916}},{"attributes":{"FID":166,"PMNTN_SPOT":69549,"MNTN_CODE":"427901901","MANAGE_SP1":"02","MANAGE_SP2":"분기점","DETAIL_SPO":"분기점","ETC_MATTER":"이정표필요","MNTN_NM":"용화산","PAST_SPOT_":"22170116000167","MNTN_ID":"2217011600"},"geometry":{"x":267320.70100000035,"y":603423.76979999989}},{"attributes":{"FID":167,"PMNTN_SPOT":69550,"MNTN_CODE":"427901901","MANAGE_SP1":"01","MANAGE_SP2":"시종점","DETAIL_SPO":"시종점","ETC_MATTER":" ","MNTN_NM":"용화산","PAST_SPOT_":"22170116000168","MNTN_ID":"2217011600"},"geometry":{"x":267688.0504999999,"y":610875.57899999991}},{"attributes":{"FID":168,"PMNTN_SPOT":69551,"MNTN_CODE":"427901901","MANAGE_SP1":"99","MANAGE_SP2":"기타","DETAIL_SPO":"목계단","ETC_MATTER":"20m","MNTN_NM":"용화산","PAST_SPOT_":"22170116000169","MNTN_ID":"2217011600"},"geometry":{"x":267841.42929999996,"y":602774.0139000006}},{"attributes":{"FID":169,"PMNTN_SPOT":69552,"MNTN_CODE":"427901901","MANAGE_SP1":"01","MANAGE_SP2":"시종점","DETAIL_SPO":"시종점","ETC_MATTER":" ","MNTN_NM":"용화산","PAST_SPOT_":"22170116000170","MNTN_ID":"2217011600"},"geometry":{"x":268591.96630000044,"y":607446.98809999973}},{"attributes":{"FID":170,"PMNTN_SPOT":69553,"MNTN_CODE":"427901901","MANAGE_SP1":"01","MANAGE_SP2":"시종점","DETAIL_SPO":"시종점","ETC_MATTER":"안내판필요","MNTN_NM":"용화산","PAST_SPOT_":"22170116000171","MNTN_ID":"2217011600"},"geometry":{"x":269398.31670000032,"y":599752.58540000021}},{"attributes":{"FID":171,"PMNTN_SPOT":100654,"MNTN_CODE":"427901901","MANAGE_SP1":"11","MANAGE_SP2":"안내판또는지도","DETAIL_SPO":"등산로안내판, 주차장, 등산로입구","ETC_MATTER":" ","MNTN_NM":"용화산","PAST_SPOT_":"4279019010172","MNTN_ID":"427901901"},"geometry":{"x":264966.58629999962,"y":604583.88670000061}},{"attributes":{"FID":172,"PMNTN_SPOT":100655,"MNTN_CODE":"427901901","MANAGE_SP1":"99","MANAGE_SP2":"기타","DETAIL_SPO":"로프시작, 훼손지","ETC_MATTER":" ","MNTN_NM":"용화산","PAST_SPOT_":"4279019010173","MNTN_ID":"427901901"},"geometry":{"x":264975.93360000011,"y":604577.07220000029}},{"attributes":{"FID":173,"PMNTN_SPOT":100656,"MNTN_CODE":"427901901","MANAGE_SP1":"99","MANAGE_SP2":"기타","DETAIL_SPO":"로프끝","ETC_MATTER":" ","MNTN_NM":"용화산","PAST_SPOT_":"4279019010174","MNTN_ID":"427901901"},"geometry":{"x":264981.78120000008,"y":604555.2734999992}},{"attributes":{"FID":174,"PMNTN_SPOT":100657,"MNTN_CODE":"427901901","MANAGE_SP1":"99","MANAGE_SP2":"기타","DETAIL_SPO":"로프시작","ETC_MATTER":" ","MNTN_NM":"용화산","PAST_SPOT_":"4279019010175","MNTN_ID":"427901901"},"geometry":{"x":264990.10900000017,"y":604546.59459999949}},{"attributes":{"FID":175,"PMNTN_SPOT":100658,"MNTN_CODE":"427901901","MANAGE_SP1":"99","MANAGE_SP2":"기타","DETAIL_SPO":"로프끝","ETC_MATTER":" ","MNTN_NM":"용화산","PAST_SPOT_":"4279019010176","MNTN_ID":"427901901"},"geometry":{"x":265007.66839999985,"y":604537.3144000005}},{"attributes":{"FID":176,"PMNTN_SPOT":100659,"MNTN_CODE":"427901901","MANAGE_SP1":"99","MANAGE_SP2":"기타","DETAIL_SPO":"로프시작, 훼손지","ETC_MATTER":" ","MNTN_NM":"용화산","PAST_SPOT_":"4279019010177","MNTN_ID":"427901901"},"geometry":{"x":265045.41339999996,"y":604552.04719999991}},{"attributes":{"FID":177,"PMNTN_SPOT":100660,"MNTN_CODE":"427901901","MANAGE_SP1":"15","MANAGE_SP2":"훼손지","DETAIL_SPO":"훼손지","ETC_MATTER":" ","MNTN_NM":"용화산","PAST_SPOT_":"4279019010178","MNTN_ID":"427901901"},"geometry":{"x":265058.07149999961,"y":604547.18180000037}},{"attributes":{"FID":178,"PMNTN_SPOT":100661,"MNTN_CODE":"427901901","MANAGE_SP1":"99","MANAGE_SP2":"기타","DETAIL_SPO":"로프끝, 조망점","ETC_MATTER":" ","MNTN_NM":"용화산","PAST_SPOT_":"4279019010179","MNTN_ID":"427901901"},"geometry":{"x":265083.70760000031,"y":604505.48709999956}},{"attributes":{"FID":179,"PMNTN_SPOT":100662,"MNTN_CODE":"427901901","MANAGE_SP1":"15","MANAGE_SP2":"훼손지","DETAIL_SPO":"훼손지","ETC_MATTER":" ","MNTN_NM":"용화산","PAST_SPOT_":"4279019010180","MNTN_ID":"427901901"},"geometry":{"x":265118.39960000012,"y":604500.16589999944}},{"attributes":{"FID":180,"PMNTN_SPOT":100663,"MNTN_CODE":"427901901","MANAGE_SP1":"99","MANAGE_SP2":"기타","DETAIL_SPO":"로프시작","ETC_MATTER":" ","MNTN_NM":"용화산","PAST_SPOT_":"4279019010181","MNTN_ID":"427901901"},"geometry":{"x":265153.82859999966,"y":604507.70900000073}},{"attributes":{"FID":181,"PMNTN_SPOT":100664,"MNTN_CODE":"427901901","MANAGE_SP1":"99","MANAGE_SP2":"기타","DETAIL_SPO":"로프끝, 훼손지","ETC_MATTER":" ","MNTN_NM":"용화산","PAST_SPOT_":"4279019010182","MNTN_ID":"427901901"},"geometry":{"x":265183.58800000045,"y":604523.21010000072}},{"attributes":{"FID":182,"PMNTN_SPOT":100665,"MNTN_CODE":"427901901","MANAGE_SP1":"99","MANAGE_SP2":"기타","DETAIL_SPO":"로프시작, 훼손지","ETC_MATTER":" ","MNTN_NM":"용화산","PAST_SPOT_":"4279019010183","MNTN_ID":"427901901"},"geometry":{"x":265203.72809999995,"y":604512.76590000093}},{"attributes":{"FID":183,"PMNTN_SPOT":100666,"MNTN_CODE":"427901901","MANAGE_SP1":"99","MANAGE_SP2":"기타","DETAIL_SPO":"로프끝","ETC_MATTER":" ","MNTN_NM":"용화산","PAST_SPOT_":"4279019010184","MNTN_ID":"427901901"},"geometry":{"x":265242.18890000042,"y":604530.46570000052}},{"attributes":{"FID":184,"PMNTN_SPOT":100667,"MNTN_CODE":"427901901","MANAGE_SP1":"99","MANAGE_SP2":"기타","DETAIL_SPO":"로프","ETC_MATTER":" ","MNTN_NM":"용화산","PAST_SPOT_":"4279019010185","MNTN_ID":"427901901"},"geometry":{"x":265248.56960000005,"y":604538.08220000006}},{"attributes":{"FID":185,"PMNTN_SPOT":100668,"MNTN_CODE":"427901901","MANAGE_SP1":"15","MANAGE_SP2":"훼손지","DETAIL_SPO":"훼손지","ETC_MATTER":" ","MNTN_NM":"용화산","PAST_SPOT_":"4279019010186","MNTN_ID":"427901901"},"geometry":{"x":265299.42480000015,"y":604505.4737999998}},{"attributes":{"FID":186,"PMNTN_SPOT":100669,"MNTN_CODE":"427901901","MANAGE_SP1":"99","MANAGE_SP2":"기타","DETAIL_SPO":"로프시작, 조망점","ETC_MATTER":" ","MNTN_NM":"용화산","PAST_SPOT_":"4279019010187","MNTN_ID":"427901901"},"geometry":{"x":265306.84850000031,"y":604498.44669999927}},{"attributes":{"FID":187,"PMNTN_SPOT":100670,"MNTN_CODE":"427901901","MANAGE_SP1":"99","MANAGE_SP2":"기타","DETAIL_SPO":"로프끝","ETC_MATTER":" ","MNTN_NM":"용화산","PAST_SPOT_":"4279019010188","MNTN_ID":"427901901"},"geometry":{"x":265364.93869999982,"y":604517.97269999981}},{"attributes":{"FID":188,"PMNTN_SPOT":100671,"MNTN_CODE":"427901901","MANAGE_SP1":"15","MANAGE_SP2":"훼손지","DETAIL_SPO":"훼손지","ETC_MATTER":" ","MNTN_NM":"용화산","PAST_SPOT_":"4279019010189","MNTN_ID":"427901901"},"geometry":{"x":265543.50299999956,"y":604553.87920000032}},{"attributes":{"FID":189,"PMNTN_SPOT":100672,"MNTN_CODE":"427901901","MANAGE_SP1":"15","MANAGE_SP2":"훼손지","DETAIL_SPO":"훼손지","ETC_MATTER":" ","MNTN_NM":"용화산","PAST_SPOT_":"4279019010190","MNTN_ID":"427901901"},"geometry":{"x":265561.38229999971,"y":604530.6679999996}},{"attributes":{"FID":190,"PMNTN_SPOT":100673,"MNTN_CODE":"427901901","MANAGE_SP1":"99","MANAGE_SP2":"기타","DETAIL_SPO":"로프끝","ETC_MATTER":" ","MNTN_NM":"용화산","PAST_SPOT_":"4279019010191","MNTN_ID":"427901901"},"geometry":{"x":265608.8881000001,"y":604455.41349999979}},{"attributes":{"FID":191,"PMNTN_SPOT":100674,"MNTN_CODE":"427901901","MANAGE_SP1":"15","MANAGE_SP2":"훼손지","DETAIL_SPO":"훼손지","ETC_MATTER":" ","MNTN_NM":"용화산","PAST_SPOT_":"4279019010192","MNTN_ID":"427901901"},"geometry":{"x":265619.42449999973,"y":604443.20160000026}},{"attributes":{"FID":192,"PMNTN_SPOT":100675,"MNTN_CODE":"427901901","MANAGE_SP1":"10","MANAGE_SP2":"이정표","DETAIL_SPO":"이정표","ETC_MATTER":" ","MNTN_NM":"용화산","PAST_SPOT_":"4279019010193","MNTN_ID":"427901901"},"geometry":{"x":265628.76350000035,"y":604436.94009999931}},{"attributes":{"FID":193,"PMNTN_SPOT":100676,"MNTN_CODE":"427901901","MANAGE_SP1":"11","MANAGE_SP2":"안내판또는지도","DETAIL_SPO":"정상안내판, 정상부, 이정표, 조망점","ETC_MATTER":" ","MNTN_NM":"용화산","PAST_SPOT_":"4279019010194","MNTN_ID":"427901901"},"geometry":{"x":265664.24700000044,"y":604494.85889999941}},{"attributes":{"FID":194,"PMNTN_SPOT":100677,"MNTN_CODE":"427901901","MANAGE_SP1":"99","MANAGE_SP2":"기타","DETAIL_SPO":"로프시작","ETC_MATTER":" ","MNTN_NM":"용화산","PAST_SPOT_":"4279019010195","MNTN_ID":"427901901"},"geometry":{"x":265649.9804999996,"y":604593.99049999937}},{"attributes":{"FID":195,"PMNTN_SPOT":100678,"MNTN_CODE":"427901901","MANAGE_SP1":"99","MANAGE_SP2":"기타","DETAIL_SPO":"로프끝","ETC_MATTER":" ","MNTN_NM":"용화산","PAST_SPOT_":"4279019010196","MNTN_ID":"427901901"},"geometry":{"x":265619.20469999965,"y":604623.10089999996}},{"attributes":{"FID":196,"PMNTN_SPOT":100679,"MNTN_CODE":"427901901","MANAGE_SP1":"99","MANAGE_SP2":"기타","DETAIL_SPO":"로프시작","ETC_MATTER":" ","MNTN_NM":"용화산","PAST_SPOT_":"4279019010197","MNTN_ID":"427901901"},"geometry":{"x":265620.21250000037,"y":604802.14069999941}},{"attributes":{"FID":197,"PMNTN_SPOT":100680,"MNTN_CODE":"427901901","MANAGE_SP1":"99","MANAGE_SP2":"기타","DETAIL_SPO":"로프끝","ETC_MATTER":" ","MNTN_NM":"용화산","PAST_SPOT_":"4279019010198","MNTN_ID":"427901901"},"geometry":{"x":265626.49280000012,"y":604821.76160000078}},{"attributes":{"FID":198,"PMNTN_SPOT":100681,"MNTN_CODE":"427901901","MANAGE_SP1":"99","MANAGE_SP2":"기타","DETAIL_SPO":"로프시작","ETC_MATTER":" ","MNTN_NM":"용화산","PAST_SPOT_":"4279019010199","MNTN_ID":"427901901"},"geometry":{"x":265607.88540000003,"y":605065.7946000006}},{"attributes":{"FID":199,"PMNTN_SPOT":100682,"MNTN_CODE":"427901901","MANAGE_SP1":"99","MANAGE_SP2":"기타","DETAIL_SPO":"로프끝","ETC_MATTER":" ","MNTN_NM":"용화산","PAST_SPOT_":"4279019010200","MNTN_ID":"427901901"},"geometry":{"x":265600.60429999977,"y":605087.59919999912}},{"attributes":{"FID":200,"PMNTN_SPOT":100683,"MNTN_CODE":"427901901","MANAGE_SP1":"99","MANAGE_SP2":"기타","DETAIL_SPO":"로프, 조망점","ETC_MATTER":" ","MNTN_NM":"용화산","PAST_SPOT_":"4279019010201","MNTN_ID":"427901901"},"geometry":{"x":265642.48479999974,"y":605388.26400000043}},{"attributes":{"FID":201,"PMNTN_SPOT":100684,"MNTN_CODE":"427901901","MANAGE_SP1":"99","MANAGE_SP2":"기타","DETAIL_SPO":"로프시작","ETC_MATTER":" ","MNTN_NM":"용화산","PAST_SPOT_":"4279019010202","MNTN_ID":"427901901"},"geometry":{"x":265801.03899999987,"y":605719.45040000044}},{"attributes":{"FID":202,"PMNTN_SPOT":100685,"MNTN_CODE":"427901901","MANAGE_SP1":"99","MANAGE_SP2":"기타","DETAIL_SPO":"로프끝","ETC_MATTER":" ","MNTN_NM":"용화산","PAST_SPOT_":"4279019010203","MNTN_ID":"427901901"},"geometry":{"x":265809.85580000002,"y":605753.17750000022}},{"attributes":{"FID":203,"PMNTN_SPOT":100686,"MNTN_CODE":"427901901","MANAGE_SP1":"99","MANAGE_SP2":"기타","DETAIL_SPO":"로프시작","ETC_MATTER":" ","MNTN_NM":"용화산","PAST_SPOT_":"4279019010204","MNTN_ID":"427901901"},"geometry":{"x":265822.29700000025,"y":605784.85889999941}},{"attributes":{"FID":204,"PMNTN_SPOT":100687,"MNTN_CODE":"427901901","MANAGE_SP1":"99","MANAGE_SP2":"기타","DETAIL_SPO":"로프끝","ETC_MATTER":" ","MNTN_NM":"용화산","PAST_SPOT_":"4279019010205","MNTN_ID":"427901901"},"geometry":{"x":265816.88370000012,"y":605807.65179999918}},{"attributes":{"FID":205,"PMNTN_SPOT":100688,"MNTN_CODE":"427901901","MANAGE_SP1":"11","MANAGE_SP2":"안내판또는지도","DETAIL_SPO":"안내판","ETC_MATTER":" ","MNTN_NM":"용화산","PAST_SPOT_":"4279019010206","MNTN_ID":"427901901"},"geometry":{"x":265886.72180000041,"y":605926.44449999928}},{"attributes":{"FID":206,"PMNTN_SPOT":100689,"MNTN_CODE":"427901901","MANAGE_SP1":"99","MANAGE_SP2":"기타","DETAIL_SPO":"철탑","ETC_MATTER":" ","MNTN_NM":"용화산","PAST_SPOT_":"4279019010207","MNTN_ID":"427901901"},"geometry":{"x":265873.54800000042,"y":606397.34039999917}},{"attributes":{"FID":207,"PMNTN_SPOT":100690,"MNTN_CODE":"427901901","MANAGE_SP1":"11","MANAGE_SP2":"안내판또는지도","DETAIL_SPO":"등산로안내판, 이정표","ETC_MATTER":" ","MNTN_NM":"용화산","PAST_SPOT_":"4279019010208","MNTN_ID":"427901901"},"geometry":{"x":265881.52080000006,"y":606468.50899999961}},{"attributes":{"FID":208,"PMNTN_SPOT":100691,"MNTN_CODE":"427901901","MANAGE_SP1":"11","MANAGE_SP2":"안내판또는지도","DETAIL_SPO":"안내판","ETC_MATTER":" ","MNTN_NM":"용화산","PAST_SPOT_":"4279019010209","MNTN_ID":"427901901"},"geometry":{"x":265869.01219999976,"y":606484.74129999988}},{"attributes":{"FID":209,"PMNTN_SPOT":100692,"MNTN_CODE":"427901901","MANAGE_SP1":"99","MANAGE_SP2":"기타","DETAIL_SPO":"로프시작, 훼손지","ETC_MATTER":" ","MNTN_NM":"용화산","PAST_SPOT_":"4279019010210","MNTN_ID":"427901901"},"geometry":{"x":265828.93890000042,"y":606548.18520000018}},{"attributes":{"FID":210,"PMNTN_SPOT":100693,"MNTN_CODE":"427901901","MANAGE_SP1":"99","MANAGE_SP2":"기타","DETAIL_SPO":"로프끝, 훼손지","ETC_MATTER":" ","MNTN_NM":"용화산","PAST_SPOT_":"4279019010211","MNTN_ID":"427901901"},"geometry":{"x":265805.65029999986,"y":606550.74259999953}},{"attributes":{"FID":211,"PMNTN_SPOT":100694,"MNTN_CODE":"427901901","MANAGE_SP1":"15","MANAGE_SP2":"훼손지","DETAIL_SPO":"훼손지","ETC_MATTER":" ","MNTN_NM":"용화산","PAST_SPOT_":"4279019010212","MNTN_ID":"427901901"},"geometry":{"x":265475.61720000021,"y":606457.2042999994}},{"attributes":{"FID":212,"PMNTN_SPOT":100695,"MNTN_CODE":"427901901","MANAGE_SP1":"15","MANAGE_SP2":"훼손지","DETAIL_SPO":"훼손지","ETC_MATTER":" ","MNTN_NM":"용화산","PAST_SPOT_":"4279019010213","MNTN_ID":"427901901"},"geometry":{"x":264956.27489999961,"y":606131.30460000038}},{"attributes":{"FID":213,"PMNTN_SPOT":100696,"MNTN_CODE":"427901901","MANAGE_SP1":"11","MANAGE_SP2":"안내판또는지도","DETAIL_SPO":"안내판","ETC_MATTER":" ","MNTN_NM":"용화산","PAST_SPOT_":"4279019010214","MNTN_ID":"427901901"},"geometry":{"x":264908.46140000038,"y":606093.00210000016}},{"attributes":{"FID":214,"PMNTN_SPOT":100697,"MNTN_CODE":"427901901","MANAGE_SP1":"11","MANAGE_SP2":"안내판또는지도","DETAIL_SPO":"입산금지안내판, 올라가는길","ETC_MATTER":" ","MNTN_NM":"용화산","PAST_SPOT_":"4279019010215","MNTN_ID":"427901901"},"geometry":{"x":264876.8498999998,"y":606010.22719999962}},{"attributes":{"FID":215,"PMNTN_SPOT":100698,"MNTN_CODE":"427901901","MANAGE_SP1":"10","MANAGE_SP2":"이정표","DETAIL_SPO":"이정표, 119신고안내판","ETC_MATTER":" ","MNTN_NM":"용화산","PAST_SPOT_":"4279019010216","MNTN_ID":"427901901"},"geometry":{"x":266062.43230000045,"y":607051.0728999991}},{"attributes":{"FID":216,"PMNTN_SPOT":100699,"MNTN_CODE":"427901901","MANAGE_SP1":"10","MANAGE_SP2":"이정표","DETAIL_SPO":"이정표, 119신고안내판","ETC_MATTER":" ","MNTN_NM":"용화산","PAST_SPOT_":"4279019010217","MNTN_ID":"427901901"},"geometry":{"x":266361.3339999998,"y":608069.7555999998}},{"attributes":{"FID":217,"PMNTN_SPOT":100700,"MNTN_CODE":"427901901","MANAGE_SP1":"99","MANAGE_SP2":"기타","DETAIL_SPO":"로프시작","ETC_MATTER":" ","MNTN_NM":"용화산","PAST_SPOT_":"4279019010218","MNTN_ID":"427901901"},"geometry":{"x":266855.61070000008,"y":608198.34779999964}},{"attributes":{"FID":218,"PMNTN_SPOT":100701,"MNTN_CODE":"427901901","MANAGE_SP1":"99","MANAGE_SP2":"기타","DETAIL_SPO":"로프끝","ETC_MATTER":" ","MNTN_NM":"용화산","PAST_SPOT_":"4279019010219","MNTN_ID":"427901901"},"geometry":{"x":266884.35620000027,"y":608230.69079999998}},{"attributes":{"FID":219,"PMNTN_SPOT":100702,"MNTN_CODE":"427901901","MANAGE_SP1":"99","MANAGE_SP2":"기타","DETAIL_SPO":"로프시작","ETC_MATTER":" ","MNTN_NM":"용화산","PAST_SPOT_":"4279019010220","MNTN_ID":"427901901"},"geometry":{"x":266939.0811999999,"y":608257.82660000026}},{"attributes":{"FID":220,"PMNTN_SPOT":100703,"MNTN_CODE":"427901901","MANAGE_SP1":"99","MANAGE_SP2":"기타","DETAIL_SPO":"로프끝","ETC_MATTER":" ","MNTN_NM":"용화산","PAST_SPOT_":"4279019010221","MNTN_ID":"427901901"},"geometry":{"x":266962.5736999996,"y":608274.17400000058}},{"attributes":{"FID":221,"PMNTN_SPOT":100704,"MNTN_CODE":"427901901","MANAGE_SP1":"10","MANAGE_SP2":"이정표","DETAIL_SPO":"이정표","ETC_MATTER":" ","MNTN_NM":"용화산","PAST_SPOT_":"4279019010222","MNTN_ID":"427901901"},"geometry":{"x":267171.58980000019,"y":608454.67659999989}},{"attributes":{"FID":222,"PMNTN_SPOT":100705,"MNTN_CODE":"427901901","MANAGE_SP1":"99","MANAGE_SP2":"기타","DETAIL_SPO":"삼각점, 조망점","ETC_MATTER":" ","MNTN_NM":"용화산","PAST_SPOT_":"4279019010223","MNTN_ID":"427901901"},"geometry":{"x":267229.31450000033,"y":608547.92970000021}},{"attributes":{"FID":223,"PMNTN_SPOT":100706,"MNTN_CODE":"427901901","MANAGE_SP1":"10","MANAGE_SP2":"이정표","DETAIL_SPO":"이정표","ETC_MATTER":" ","MNTN_NM":"용화산","PAST_SPOT_":"4279019010224","MNTN_ID":"427901901"},"geometry":{"x":267315.12119999994,"y":608649.26559999958}},{"attributes":{"FID":224,"PMNTN_SPOT":100707,"MNTN_CODE":"427901901","MANAGE_SP1":"99","MANAGE_SP2":"기타","DETAIL_SPO":"로프시작","ETC_MATTER":" ","MNTN_NM":"용화산","PAST_SPOT_":"4279019010225","MNTN_ID":"427901901"},"geometry":{"x":267263.05319999997,"y":608792.5839000009}},{"attributes":{"FID":225,"PMNTN_SPOT":100708,"MNTN_CODE":"427901901","MANAGE_SP1":"99","MANAGE_SP2":"기타","DETAIL_SPO":"로프끝","ETC_MATTER":" ","MNTN_NM":"용화산","PAST_SPOT_":"4279019010226","MNTN_ID":"427901901"},"geometry":{"x":267244.0773,"y":608821.02229999937}},{"attributes":{"FID":226,"PMNTN_SPOT":100709,"MNTN_CODE":"427901901","MANAGE_SP1":"11","MANAGE_SP2":"안내판또는지도","DETAIL_SPO":"119신고안내판","ETC_MATTER":" ","MNTN_NM":"용화산","PAST_SPOT_":"4279019010227","MNTN_ID":"427901901"},"geometry":{"x":267216.00189999957,"y":609046.4450000003}},{"attributes":{"FID":227,"PMNTN_SPOT":100710,"MNTN_CODE":"427901901","MANAGE_SP1":"10","MANAGE_SP2":"이정표","DETAIL_SPO":"이정표, 로프시작","ETC_MATTER":" ","MNTN_NM":"용화산","PAST_SPOT_":"4279019010228","MNTN_ID":"427901901"},"geometry":{"x":267218.72580000013,"y":609141.30340000056}},{"attributes":{"FID":228,"PMNTN_SPOT":100711,"MNTN_CODE":"427901901","MANAGE_SP1":"99","MANAGE_SP2":"기타","DETAIL_SPO":"로프시작","ETC_MATTER":" ","MNTN_NM":"용화산","PAST_SPOT_":"4279019010229","MNTN_ID":"427901901"},"geometry":{"x":267276.30520000029,"y":609180.66389999911}},{"attributes":{"FID":229,"PMNTN_SPOT":100712,"MNTN_CODE":"427901901","MANAGE_SP1":"22","MANAGE_SP2":"헬기장","DETAIL_SPO":"헬기착륙장, 조망점","ETC_MATTER":" ","MNTN_NM":"용화산","PAST_SPOT_":"4279019010230","MNTN_ID":"427901901"},"geometry":{"x":267898.22620000038,"y":610060.11130000092}},{"attributes":{"FID":230,"PMNTN_SPOT":100713,"MNTN_CODE":"427901901","MANAGE_SP1":"10","MANAGE_SP2":"이정표","DETAIL_SPO":"이정표","ETC_MATTER":" ","MNTN_NM":"용화산","PAST_SPOT_":"4279019010231","MNTN_ID":"427901901"},"geometry":{"x":267944.55530000012,"y":610067.68679999933}},{"attributes":{"FID":231,"PMNTN_SPOT":100714,"MNTN_CODE":"427901901","MANAGE_SP1":"99","MANAGE_SP2":"기타","DETAIL_SPO":"올라가는입구","ETC_MATTER":" ","MNTN_NM":"용화산","PAST_SPOT_":"4279019010232","MNTN_ID":"427901901"},"geometry":{"x":267816.9123999998,"y":610739.43789999932}},{"attributes":{"FID":232,"PMNTN_SPOT":100715,"MNTN_CODE":"427901901","MANAGE_SP1":"13","MANAGE_SP2":"유적(문화,역사)","DETAIL_SPO":"파로호비","ETC_MATTER":" ","MNTN_NM":"용화산","PAST_SPOT_":"4279019010233","MNTN_ID":"427901901"},"geometry":{"x":267811.88650000002,"y":610805.62260000035}},{"attributes":{"FID":233,"PMNTN_SPOT":100716,"MNTN_CODE":"427901901","MANAGE_SP1":"10","MANAGE_SP2":"이정표","DETAIL_SPO":"이정표","ETC_MATTER":" ","MNTN_NM":"용화산","PAST_SPOT_":"4279019010234","MNTN_ID":"427901901"},"geometry":{"x":267785.73400000017,"y":610816.65379999951}},{"attributes":{"FID":234,"PMNTN_SPOT":100717,"MNTN_CODE":"427901901","MANAGE_SP1":"05","MANAGE_SP2":"벤치","DETAIL_SPO":"벤치","ETC_MATTER":" ","MNTN_NM":"용화산","PAST_SPOT_":"4279019010235","MNTN_ID":"427901901"},"geometry":{"x":267773.85610000044,"y":610821.76160000078}},{"attributes":{"FID":235,"PMNTN_SPOT":100718,"MNTN_CODE":"427901901","MANAGE_SP1":"14","MANAGE_SP2":"조망점","DETAIL_SPO":"파로호전망대","ETC_MATTER":" ","MNTN_NM":"용화산","PAST_SPOT_":"4279019010236","MNTN_ID":"427901901"},"geometry":{"x":267687.0223000003,"y":610867.08899999969}},{"attributes":{"FID":236,"PMNTN_SPOT":63571,"MNTN_CODE":"427901901","MANAGE_SP1":"99","MANAGE_SP2":"기타","DETAIL_SPO":"목계단","ETC_MATTER":" ","MNTN_NM":"용화산","PAST_SPOT_":" ","MNTN_ID":" "},"geometry":{"x":269505.38800000027,"y":600976.81839999929}},{"attributes":{"FID":237,"PMNTN_SPOT":63572,"MNTN_CODE":"427901901","MANAGE_SP1":"99","MANAGE_SP2":"기타","DETAIL_SPO":"목계단","ETC_MATTER":" ","MNTN_NM":"용화산","PAST_SPOT_":" ","MNTN_ID":" "},"geometry":{"x":269426.89109999966,"y":601095.62209999934}},{"attributes":{"FID":238,"PMNTN_SPOT":63573,"MNTN_CODE":"427901901","MANAGE_SP1":"99","MANAGE_SP2":"기타","DETAIL_SPO":"쉼터","ETC_MATTER":" ","MNTN_NM":"용화산","PAST_SPOT_":" ","MNTN_ID":" "},"geometry":{"x":269426.86400000006,"y":601346.56629999913}},{"attributes":{"FID":239,"PMNTN_SPOT":63574,"MNTN_CODE":"427901901","MANAGE_SP1":"99","MANAGE_SP2":"기타","DETAIL_SPO":"쉼터","ETC_MATTER":" ","MNTN_NM":"용화산","PAST_SPOT_":" ","MNTN_ID":" "},"geometry":{"x":269151.61050000042,"y":601517.26369999908}},{"attributes":{"FID":240,"PMNTN_SPOT":63575,"MNTN_CODE":"427901901","MANAGE_SP1":"99","MANAGE_SP2":"기타","DETAIL_SPO":"안전로프","ETC_MATTER":" ","MNTN_NM":"용화산","PAST_SPOT_":" ","MNTN_ID":" "},"geometry":{"x":268711.35209999979,"y":601276.98850000091}},{"attributes":{"FID":241,"PMNTN_SPOT":63576,"MNTN_CODE":"427901901","MANAGE_SP1":"99","MANAGE_SP2":"기타","DETAIL_SPO":"목계단","ETC_MATTER":" ","MNTN_NM":"용화산","PAST_SPOT_":" ","MNTN_ID":" "},"geometry":{"x":268837.0756000001,"y":601436.06990000047}},{"attributes":{"FID":242,"PMNTN_SPOT":63577,"MNTN_CODE":"427901901","MANAGE_SP1":"02","MANAGE_SP2":"분기점","DETAIL_SPO":"분기점","ETC_MATTER":" ","MNTN_NM":"용화산","PAST_SPOT_":" ","MNTN_ID":" "},"geometry":{"x":268666.95210000034,"y":601243.10469999909}},{"attributes":{"FID":243,"PMNTN_SPOT":63578,"MNTN_CODE":"427901901","MANAGE_SP1":"02","MANAGE_SP2":"분기점","DETAIL_SPO":"분기점","ETC_MATTER":" ","MNTN_NM":"용화산","PAST_SPOT_":" ","MNTN_ID":" "},"geometry":{"x":266122.1699000001,"y":604104.51160000078}},{"attributes":{"FID":244,"PMNTN_SPOT":63579,"MNTN_CODE":"427901901","MANAGE_SP1":"01","MANAGE_SP2":"시종점","DETAIL_SPO":"시종점","ETC_MATTER":" ","MNTN_NM":"용화산","PAST_SPOT_":" ","MNTN_ID":" "},"geometry":{"x":266199.86500000022,"y":604450.75310000032}},{"attributes":{"FID":245,"PMNTN_SPOT":63580,"MNTN_CODE":"427901901","MANAGE_SP1":"01","MANAGE_SP2":"시종점","DETAIL_SPO":"시종점","ETC_MATTER":" ","MNTN_NM":"용화산","PAST_SPOT_":" ","MNTN_ID":" "},"geometry":{"x":269497.45940000005,"y":600955.53949999996}},{"attributes":{"FID":246,"PMNTN_SPOT":63581,"MNTN_CODE":"427901901","MANAGE_SP1":"99","MANAGE_SP2":"기타","DETAIL_SPO":"기타","ETC_MATTER":" ","MNTN_NM":"용화산","PAST_SPOT_":" ","MNTN_ID":" "},"geometry":{"x":265229.56570000015,"y":604523.03649999946}},{"attributes":{"FID":247,"PMNTN_SPOT":63582,"MNTN_CODE":"427901901","MANAGE_SP1":"99","MANAGE_SP2":"기타","DETAIL_SPO":"목계단","ETC_MATTER":" ","MNTN_NM":"용화산","PAST_SPOT_":" ","MNTN_ID":" "},"geometry":{"x":265602.99069999997,"y":604469.98980000056}},{"attributes":{"FID":248,"PMNTN_SPOT":63583,"MNTN_CODE":"427901901","MANAGE_SP1":"99","MANAGE_SP2":"기타","DETAIL_SPO":"기타","ETC_MATTER":" ","MNTN_NM":"용화산","PAST_SPOT_":" ","MNTN_ID":" "},"geometry":{"x":265991.1409,"y":604150.05169999972}},{"attributes":{"FID":249,"PMNTN_SPOT":63584,"MNTN_CODE":"427901901","MANAGE_SP1":"11","MANAGE_SP2":"안내판또는지도","DETAIL_SPO":"방향안내판","ETC_MATTER":" ","MNTN_NM":"용화산","PAST_SPOT_":" ","MNTN_ID":" "},"geometry":{"x":266144.97140000015,"y":604128.92830000073}},{"attributes":{"FID":250,"PMNTN_SPOT":63585,"MNTN_CODE":"427901901","MANAGE_SP1":"99","MANAGE_SP2":"기타","DETAIL_SPO":"목계단","ETC_MATTER":" ","MNTN_NM":"용화산","PAST_SPOT_":" ","MNTN_ID":" "},"geometry":{"x":266159.29499999993,"y":604171.08000000007}},{"attributes":{"FID":251,"PMNTN_SPOT":63586,"MNTN_CODE":"427901901","MANAGE_SP1":"99","MANAGE_SP2":"기타","DETAIL_SPO":"기타","ETC_MATTER":" ","MNTN_NM":"용화산","PAST_SPOT_":" ","MNTN_ID":" "},"geometry":{"x":266200.57909999974,"y":604445.05509999953}},{"attributes":{"FID":252,"PMNTN_SPOT":63587,"MNTN_CODE":"427901901","MANAGE_SP1":"99","MANAGE_SP2":"기타","DETAIL_SPO":"기타","ETC_MATTER":" ","MNTN_NM":"용화산","PAST_SPOT_":" ","MNTN_ID":" "},"geometry":{"x":268223.57529999968,"y":604163.8554999996}},{"attributes":{"FID":253,"PMNTN_SPOT":63588,"MNTN_CODE":"427901901","MANAGE_SP1":"99","MANAGE_SP2":"기타","DETAIL_SPO":"기타","ETC_MATTER":" ","MNTN_NM":"용화산","PAST_SPOT_":" ","MNTN_ID":" "},"geometry":{"x":268479.56940000039,"y":604582.47729999945}}]}