{
  "displayFieldName" : "",
  "fieldAliases" : {
    "FID" : "FID",
    "PMNTN_SPOT" : "PMNTN_SPOT",
    "MNTN_CODE" : "MNTN_CODE",
    "MANAGE_SP1" : "MANAGE_SP1",
    "MANAGE_SP2" : "MANAGE_SP2",
    "DETAIL_SPO" : "DETAIL_SPO",
    "ETC_MATTER" : "ETC_MATTER",
    "MNTN_NM" : "MNTN_NM",
    "PAST_SPOT_" : "PAST_SPOT_",
    "MNTN_ID" : "MNTN_ID"
  },
  "geometryType" : "esriGeometryPoint",
  "spatialReference" : {
    "wkt" : "PROJCS[\"PCS_ITRF2000_TM\",GEOGCS[\"GCS_ITRF_2000\",DATUM[\"D_ITRF_2000\",SPHEROID[\"GRS_1980\",6378137.0,298.257222101]],PRIMEM[\"Greenwich\",0.0],UNIT[\"Degree\",0.0174532925199433]],PROJECTION[\"Transverse_Mercator\"],PARAMETER[\"False_Easting\",200000.0],PARAMETER[\"False_Northing\",600000.0],PARAMETER[\"Central_Meridian\",127.0],PARAMETER[\"Scale_Factor\",1.0],PARAMETER[\"Latitude_Of_Origin\",38.0],UNIT[\"Meter\",1.0]]"
  },
  "fields" : [
    {
      "name" : "FID",
      "type" : "esriFieldTypeOID",
      "alias" : "FID"
    },
    {
      "name" : "PMNTN_SPOT",
      "type" : "esriFieldTypeDouble",
      "alias" : "PMNTN_SPOT"
    },
    {
      "name" : "MNTN_CODE",
      "type" : "esriFieldTypeString",
      "alias" : "MNTN_CODE",
      "length" : 9
    },
    {
      "name" : "MANAGE_SP1",
      "type" : "esriFieldTypeString",
      "alias" : "MANAGE_SP1",
      "length" : 2
    },
    {
      "name" : "MANAGE_SP2",
      "type" : "esriFieldTypeString",
      "alias" : "MANAGE_SP2",
      "length" : 50
    },
    {
      "name" : "DETAIL_SPO",
      "type" : "esriFieldTypeString",
      "alias" : "DETAIL_SPO",
      "length" : 200
    },
    {
      "name" : "ETC_MATTER",
      "type" : "esriFieldTypeString",
      "alias" : "ETC_MATTER",
      "length" : 200
    },
    {
      "name" : "MNTN_NM",
      "type" : "esriFieldTypeString",
      "alias" : "MNTN_NM",
      "length" : 50
    },
    {
      "name" : "PAST_SPOT_",
      "type" : "esriFieldTypeString",
      "alias" : "PAST_SPOT_",
      "length" : 14
    },
    {
      "name" : "MNTN_ID",
      "type" : "esriFieldTypeString",
      "alias" : "MNTN_ID",
      "length" : 10
    }
  ],
  "features" : [
    {
      "attributes" : {
        "FID" : 0,
        "PMNTN_SPOT" : 3239,
        "MNTN_CODE" : "427600201",
        "MANAGE_SP1" : "99",
        "MANAGE_SP2" : "기타",
        "DETAIL_SPO" : "임도",
        "ETC_MATTER" : "철탑임도",
        "MNTN_NM" : "거문산",
        "PAST_SPOT_" : "22150601000001",
        "MNTN_ID" : "2215060100"
      },
      "geometry" : {
        "x" : 325673.87860000413,
        "y" : 551125.11110000126
      }
    },
    {
      "attributes" : {
        "FID" : 1,
        "PMNTN_SPOT" : 3240,
        "MNTN_CODE" : "427600201",
        "MANAGE_SP1" : "02",
        "MANAGE_SP2" : "분기점",
        "DETAIL_SPO" : "갈림길",
        "ETC_MATTER" : "게천평-금당산",
        "MNTN_NM" : "거문산",
        "PAST_SPOT_" : "22150601000002",
        "MNTN_ID" : "2215060100"
      },
      "geometry" : {
        "x" : 325087.82000000402,
        "y" : 550670.71020000055
      }
    },
    {
      "attributes" : {
        "FID" : 2,
        "PMNTN_SPOT" : 3241,
        "MNTN_CODE" : "427600201",
        "MANAGE_SP1" : "99",
        "MANAGE_SP2" : "기타",
        "DETAIL_SPO" : "법장사",
        "ETC_MATTER" : "조계종",
        "MNTN_NM" : "거문산",
        "PAST_SPOT_" : "22150601000003",
        "MNTN_ID" : "2215060100"
      },
      "geometry" : {
        "x" : 327174.13160000555,
        "y" : 547932.65740000084
      }
    },
    {
      "attributes" : {
        "FID" : 3,
        "PMNTN_SPOT" : 3242,
        "MNTN_CODE" : "427600201",
        "MANAGE_SP1" : "01",
        "MANAGE_SP2" : "시종점",
        "DETAIL_SPO" : "시종점,등산로입구",
        "ETC_MATTER" : "금당동",
        "MNTN_NM" : "거문산",
        "PAST_SPOT_" : "22150601000004",
        "MNTN_ID" : "2215060100"
      },
      "geometry" : {
        "x" : 323459.35219999962,
        "y" : 550522.92129999772
      }
    },
    {
      "attributes" : {
        "FID" : 4,
        "PMNTN_SPOT" : 3243,
        "MNTN_CODE" : "427600201",
        "MANAGE_SP1" : "23",
        "MANAGE_SP2" : "정상",
        "DETAIL_SPO" : "금당산정상",
        "ETC_MATTER" : "삼각점",
        "MNTN_NM" : "거문산",
        "PAST_SPOT_" : "22150601000005",
        "MNTN_ID" : "2215060100"
      },
      "geometry" : {
        "x" : 325034.83730000257,
        "y" : 550003.48100000061
      }
    },
    {
      "attributes" : {
        "FID" : 5,
        "PMNTN_SPOT" : 3244,
        "MNTN_CODE" : "427600201",
        "MANAGE_SP1" : "02",
        "MANAGE_SP2" : "분기점",
        "DETAIL_SPO" : "분기점",
        "ETC_MATTER" : "금당사거리-금당동",
        "MNTN_NM" : "거문산",
        "PAST_SPOT_" : "22150601000006",
        "MNTN_ID" : "2215060100"
      },
      "geometry" : {
        "x" : 325174.5212000031,
        "y" : 550149.3161000032
      }
    },
    {
      "attributes" : {
        "FID" : 6,
        "PMNTN_SPOT" : 3245,
        "MNTN_CODE" : "427600201",
        "MANAGE_SP1" : "99",
        "MANAGE_SP2" : "기타",
        "DETAIL_SPO" : "금당사거리",
        "ETC_MATTER" : "법장사-금당산",
        "MNTN_NM" : "거문산",
        "PAST_SPOT_" : "22150601000007",
        "MNTN_ID" : "2215060100"
      },
      "geometry" : {
        "x" : 325335.09530000202,
        "y" : 550072.95050000027
      }
    },
    {
      "attributes" : {
        "FID" : 7,
        "PMNTN_SPOT" : 3246,
        "MNTN_CODE" : "427600201",
        "MANAGE_SP1" : "23",
        "MANAGE_SP2" : "정상",
        "DETAIL_SPO" : "거문산정상",
        "ETC_MATTER" : "이정표",
        "MNTN_NM" : "거문산",
        "PAST_SPOT_" : "22150601000008",
        "MNTN_ID" : "2215060100"
      },
      "geometry" : {
        "x" : 325960.03860000335,
        "y" : 548543.19820000231
      }
    },
    {
      "attributes" : {
        "FID" : 8,
        "PMNTN_SPOT" : 3247,
        "MNTN_CODE" : "427600201",
        "MANAGE_SP1" : "01",
        "MANAGE_SP2" : "시종점",
        "DETAIL_SPO" : "시종점,등산로입구",
        "ETC_MATTER" : "제재고개",
        "MNTN_NM" : "거문산",
        "PAST_SPOT_" : "22150601000009",
        "MNTN_ID" : "2215060100"
      },
      "geometry" : {
        "x" : 326006.39480000548,
        "y" : 551479.19350000098
      }
    },
    {
      "attributes" : {
        "FID" : 9,
        "PMNTN_SPOT" : 3248,
        "MNTN_CODE" : "427600201",
        "MANAGE_SP1" : "01",
        "MANAGE_SP2" : "시종점",
        "DETAIL_SPO" : "시종점,등산로입구",
        "ETC_MATTER" : "법장사입구",
        "MNTN_NM" : "거문산",
        "PAST_SPOT_" : "22150601000010",
        "MNTN_ID" : "2215060100"
      },
      "geometry" : {
        "x" : 327267.99290000554,
        "y" : 547837.40179999918
      }
    }
  ]
}