{
  "displayFieldName" : "",
  "fieldAliases" : {
    "FID" : "FID",
    "PMNTN_SPOT" : "PMNTN_SPOT",
    "MNTN_CODE" : "MNTN_CODE",
    "MANAGE_SP1" : "MANAGE_SP1",
    "MANAGE_SP2" : "MANAGE_SP2",
    "DETAIL_SPO" : "DETAIL_SPO",
    "ETC_MATTER" : "ETC_MATTER",
    "MNTN_NM" : "MNTN_NM",
    "PAST_SPOT_" : "PAST_SPOT_",
    "MNTN_ID" : "MNTN_ID"
  },
  "geometryType" : "esriGeometryPoint",
  "spatialReference" : {
    "wkt" : "PROJCS[\"PCS_ITRF2000_TM\",GEOGCS[\"GCS_ITRF_2000\",DATUM[\"D_ITRF_2000\",SPHEROID[\"GRS_1980\",6378137.0,298.257222101]],PRIMEM[\"Greenwich\",0.0],UNIT[\"Degree\",0.0174532925199433]],PROJECTION[\"Transverse_Mercator\"],PARAMETER[\"False_Easting\",200000.0],PARAMETER[\"False_Northing\",600000.0],PARAMETER[\"Central_Meridian\",127.0],PARAMETER[\"Scale_Factor\",1.0],PARAMETER[\"Latitude_Of_Origin\",38.0],UNIT[\"Meter\",1.0]]"
  },
  "fields" : [
    {
      "name" : "FID",
      "type" : "esriFieldTypeOID",
      "alias" : "FID"
    },
    {
      "name" : "PMNTN_SPOT",
      "type" : "esriFieldTypeDouble",
      "alias" : "PMNTN_SPOT"
    },
    {
      "name" : "MNTN_CODE",
      "type" : "esriFieldTypeString",
      "alias" : "MNTN_CODE",
      "length" : 9
    },
    {
      "name" : "MANAGE_SP1",
      "type" : "esriFieldTypeString",
      "alias" : "MANAGE_SP1",
      "length" : 2
    },
    {
      "name" : "MANAGE_SP2",
      "type" : "esriFieldTypeString",
      "alias" : "MANAGE_SP2",
      "length" : 50
    },
    {
      "name" : "DETAIL_SPO",
      "type" : "esriFieldTypeString",
      "alias" : "DETAIL_SPO",
      "length" : 200
    },
    {
      "name" : "ETC_MATTER",
      "type" : "esriFieldTypeString",
      "alias" : "ETC_MATTER",
      "length" : 200
    },
    {
      "name" : "MNTN_NM",
      "type" : "esriFieldTypeString",
      "alias" : "MNTN_NM",
      "length" : 50
    },
    {
      "name" : "PAST_SPOT_",
      "type" : "esriFieldTypeString",
      "alias" : "PAST_SPOT_",
      "length" : 14
    },
    {
      "name" : "MNTN_ID",
      "type" : "esriFieldTypeString",
      "alias" : "MNTN_ID",
      "length" : 10
    }
  ],
  "features" : [
    {
      "attributes" : {
        "FID" : 0,
        "PMNTN_SPOT" : 51262,
        "MNTN_CODE" : "427803004",
        "MANAGE_SP1" : "11",
        "MANAGE_SP2" : "안내판또는지도",
        "DETAIL_SPO" : "안내판,정자,이정표,화장실",
        "ETC_MATTER" : " ",
        "MNTN_NM" : "석현공원뒷산",
        "PAST_SPOT_" : "4278030040001",
        "MNTN_ID" : "427803004"
      },
      "geometry" : {
        "x" : 236527.19610000029,
        "y" : 620210.25799999945
      }
    },
    {
      "attributes" : {
        "FID" : 1,
        "PMNTN_SPOT" : 51263,
        "MNTN_CODE" : "427803004",
        "MANAGE_SP1" : "99",
        "MANAGE_SP2" : "기타",
        "DETAIL_SPO" : "목계단",
        "ETC_MATTER" : " ",
        "MNTN_NM" : "석현공원뒷산",
        "PAST_SPOT_" : "4278030040002",
        "MNTN_ID" : "427803004"
      },
      "geometry" : {
        "x" : 236445.87249999959,
        "y" : 620171.61540000141
      }
    },
    {
      "attributes" : {
        "FID" : 2,
        "PMNTN_SPOT" : 51264,
        "MNTN_CODE" : "427803004",
        "MANAGE_SP1" : "10",
        "MANAGE_SP2" : "이정표",
        "DETAIL_SPO" : "이정표,갈림길",
        "ETC_MATTER" : " ",
        "MNTN_NM" : "석현공원뒷산",
        "PAST_SPOT_" : "4278030040003",
        "MNTN_ID" : "427803004"
      },
      "geometry" : {
        "x" : 236209.86870000139,
        "y" : 620260.86570000462
      }
    },
    {
      "attributes" : {
        "FID" : 3,
        "PMNTN_SPOT" : 51265,
        "MNTN_CODE" : "427803004",
        "MANAGE_SP1" : "99",
        "MANAGE_SP2" : "기타",
        "DETAIL_SPO" : "목계단",
        "ETC_MATTER" : " ",
        "MNTN_NM" : "석현공원뒷산",
        "PAST_SPOT_" : "4278030040004",
        "MNTN_ID" : "427803004"
      },
      "geometry" : {
        "x" : 236120.08179999888,
        "y" : 620244.13710000366
      }
    },
    {
      "attributes" : {
        "FID" : 4,
        "PMNTN_SPOT" : 51266,
        "MNTN_CODE" : "427803004",
        "MANAGE_SP1" : "23",
        "MANAGE_SP2" : "정상",
        "DETAIL_SPO" : "정상,운동,벤치",
        "ETC_MATTER" : " ",
        "MNTN_NM" : "석현공원뒷산",
        "PAST_SPOT_" : "4278030040005",
        "MNTN_ID" : "427803004"
      },
      "geometry" : {
        "x" : 236040.07060000114,
        "y" : 620271.82430000231
      }
    },
    {
      "attributes" : {
        "FID" : 5,
        "PMNTN_SPOT" : 51267,
        "MNTN_CODE" : "427803004",
        "MANAGE_SP1" : "99",
        "MANAGE_SP2" : "기타",
        "DETAIL_SPO" : "목계단",
        "ETC_MATTER" : " ",
        "MNTN_NM" : "석현공원뒷산",
        "PAST_SPOT_" : "4278030040006",
        "MNTN_ID" : "427803004"
      },
      "geometry" : {
        "x" : 236258.67530000117,
        "y" : 620277.69129999913
      }
    },
    {
      "attributes" : {
        "FID" : 6,
        "PMNTN_SPOT" : 51268,
        "MNTN_CODE" : "427803004",
        "MANAGE_SP1" : "99",
        "MANAGE_SP2" : "기타",
        "DETAIL_SPO" : "목계단",
        "ETC_MATTER" : " ",
        "MNTN_NM" : "석현공원뒷산",
        "PAST_SPOT_" : "4278030040007",
        "MNTN_ID" : "427803004"
      },
      "geometry" : {
        "x" : 236333.97389999963,
        "y" : 620280.81920000352
      }
    },
    {
      "attributes" : {
        "FID" : 7,
        "PMNTN_SPOT" : 51269,
        "MNTN_CODE" : "427803004",
        "MANAGE_SP1" : "01",
        "MANAGE_SP2" : "시종점",
        "DETAIL_SPO" : "시종점",
        "ETC_MATTER" : " ",
        "MNTN_NM" : "석현공원뒷산",
        "PAST_SPOT_" : "4278030040008",
        "MNTN_ID" : "427803004"
      },
      "geometry" : {
        "x" : 236037.97170000058,
        "y" : 620269.84250000119
      }
    },
    {
      "attributes" : {
        "FID" : 8,
        "PMNTN_SPOT" : 51270,
        "MNTN_CODE" : "427803004",
        "MANAGE_SP1" : "02",
        "MANAGE_SP2" : "분기점",
        "DETAIL_SPO" : "분기점",
        "ETC_MATTER" : " ",
        "MNTN_NM" : "석현공원뒷산",
        "PAST_SPOT_" : "4278030040009",
        "MNTN_ID" : "427803004"
      },
      "geometry" : {
        "x" : 236207.08090000134,
        "y" : 620261.16600000113
      }
    },
    {
      "attributes" : {
        "FID" : 9,
        "PMNTN_SPOT" : 51271,
        "MNTN_CODE" : "427803004",
        "MANAGE_SP1" : "02",
        "MANAGE_SP2" : "분기점",
        "DETAIL_SPO" : "분기점",
        "ETC_MATTER" : " ",
        "MNTN_NM" : "석현공원뒷산",
        "PAST_SPOT_" : "4278030040010",
        "MNTN_ID" : "427803004"
      },
      "geometry" : {
        "x" : 236492.92260000017,
        "y" : 620178.94440000132
      }
    },
    {
      "attributes" : {
        "FID" : 10,
        "PMNTN_SPOT" : 51272,
        "MNTN_CODE" : "427803004",
        "MANAGE_SP1" : "01",
        "MANAGE_SP2" : "시종점",
        "DETAIL_SPO" : "시종점",
        "ETC_MATTER" : " ",
        "MNTN_NM" : "석현공원뒷산",
        "PAST_SPOT_" : "4278030040011",
        "MNTN_ID" : "427803004"
      },
      "geometry" : {
        "x" : 236519.96439999994,
        "y" : 620226.97020000219
      }
    },
    {
      "attributes" : {
        "FID" : 11,
        "PMNTN_SPOT" : 97621,
        "MNTN_CODE" : "427803004",
        "MANAGE_SP1" : "99",
        "MANAGE_SP2" : "기타",
        "DETAIL_SPO" : "목계단",
        "ETC_MATTER" : " ",
        "MNTN_NM" : "석현공원뒷산",
        "PAST_SPOT_" : "4278030040012",
        "MNTN_ID" : "427803004"
      },
      "geometry" : {
        "x" : 236391.32720000055,
        "y" : 620189.79300000006
      }
    },
    {
      "attributes" : {
        "FID" : 12,
        "PMNTN_SPOT" : 97622,
        "MNTN_CODE" : "427803004",
        "MANAGE_SP1" : "99",
        "MANAGE_SP2" : "기타",
        "DETAIL_SPO" : "목계단",
        "ETC_MATTER" : " ",
        "MNTN_NM" : "석현공원뒷산",
        "PAST_SPOT_" : "4278030040013",
        "MNTN_ID" : "427803004"
      },
      "geometry" : {
        "x" : 236428.29450000016,
        "y" : 620246.09070000111
      }
    }
  ]
}