{
  "displayFieldName" : "",
  "fieldAliases" : {
    "FID" : "FID",
    "SAFE_SPOT1" : "SAFE_SPOT1",
    "SAFE_SPOT2" : "SAFE_SPOT2",
    "SAFE_SPOT3" : "SAFE_SPOT3",
    "MGC" : "MGC",
    "ETC_MATTER" : "ETC_MATTER",
    "MNTN_NM" : "MNTN_NM"
  },
  "geometryType" : "esriGeometryPoint",
  "spatialReference" : {
    "wkt" : "PROJCS[\"PCS_ITRF2000_TM\",GEOGCS[\"GCS_ITRF_2000\",DATUM[\"D_ITRF_2000\",SPHEROID[\"GRS_1980\",6378137.0,298.257222101]],PRIMEM[\"Greenwich\",0.0],UNIT[\"Degree\",0.0174532925199433]],PROJECTION[\"Transverse_Mercator\"],PARAMETER[\"False_Easting\",200000.0],PARAMETER[\"False_Northing\",600000.0],PARAMETER[\"Central_Meridian\",127.0],PARAMETER[\"Scale_Factor\",1.0],PARAMETER[\"Latitude_Of_Origin\",38.0],UNIT[\"Meter\",1.0]]"
  },
  "fields" : [
    {
      "name" : "FID",
      "type" : "esriFieldTypeOID",
      "alias" : "FID"
    },
    {
      "name" : "SAFE_SPOT1",
      "type" : "esriFieldTypeDouble",
      "alias" : "SAFE_SPOT1"
    },
    {
      "name" : "SAFE_SPOT2",
      "type" : "esriFieldTypeString",
      "alias" : "SAFE_SPOT2",
      "length" : 50
    },
    {
      "name" : "SAFE_SPOT3",
      "type" : "esriFieldTypeString",
      "alias" : "SAFE_SPOT3",
      "length" : 50
    },
    {
      "name" : "MGC",
      "type" : "esriFieldTypeString",
      "alias" : "MGC",
      "length" : 50
    },
    {
      "name" : "ETC_MATTER",
      "type" : "esriFieldTypeString",
      "alias" : "ETC_MATTER",
      "length" : 200
    },
    {
      "name" : "MNTN_NM",
      "type" : "esriFieldTypeString",
      "alias" : "MNTN_NM",
      "length" : 50
    }
  ],
  "features" : [
    {
      "attributes" : {
        "FID" : 0,
        "SAFE_SPOT1" : 344,
        "SAFE_SPOT2" : "산악위치표지판",
        "SAFE_SPOT3" : "오봉산-1",
        "MGC" : "경주소방서",
        "ETC_MATTER" : " ",
        "MNTN_NM" : "오봉산"
      },
      "geometry" : {
        "x" : 386925.96660000086,
        "y" : 363532.47980000451
      }
    },
    {
      "attributes" : {
        "FID" : 1,
        "SAFE_SPOT1" : 345,
        "SAFE_SPOT2" : "산악위치표지판",
        "SAFE_SPOT3" : "오봉산-2",
        "MGC" : "경주소방서",
        "ETC_MATTER" : " ",
        "MNTN_NM" : "오봉산"
      },
      "geometry" : {
        "x" : 386977.46670000069,
        "y" : 363471.88700000197
      }
    },
    {
      "attributes" : {
        "FID" : 2,
        "SAFE_SPOT1" : 346,
        "SAFE_SPOT2" : "산악위치표지판",
        "SAFE_SPOT3" : "오봉산-3",
        "MGC" : "경주소방서",
        "ETC_MATTER" : " ",
        "MNTN_NM" : "오봉산"
      },
      "geometry" : {
        "x" : 386681.50540000107,
        "y" : 363218.89730000123
      }
    },
    {
      "attributes" : {
        "FID" : 3,
        "SAFE_SPOT1" : 347,
        "SAFE_SPOT2" : "산악위치표지판",
        "SAFE_SPOT3" : "오봉산-4",
        "MGC" : "경주소방서",
        "ETC_MATTER" : " ",
        "MNTN_NM" : "오봉산"
      },
      "geometry" : {
        "x" : 386148.3487999998,
        "y" : 364688.02520000003
      }
    },
    {
      "attributes" : {
        "FID" : 4,
        "SAFE_SPOT1" : 348,
        "SAFE_SPOT2" : "산악위치표지판",
        "SAFE_SPOT3" : "오봉산-5",
        "MGC" : "경주소방서",
        "ETC_MATTER" : " ",
        "MNTN_NM" : "오봉산"
      },
      "geometry" : {
        "x" : 386367.74950000085,
        "y" : 369750.64519999921
      }
    },
    {
      "attributes" : {
        "FID" : 5,
        "SAFE_SPOT1" : 349,
        "SAFE_SPOT2" : "산악위치표지판",
        "SAFE_SPOT3" : "오봉산-6",
        "MGC" : "경주소방서",
        "ETC_MATTER" : " ",
        "MNTN_NM" : "오봉산"
      },
      "geometry" : {
        "x" : 389013.68570000026,
        "y" : 363361.01139999926
      }
    },
    {
      "attributes" : {
        "FID" : 6,
        "SAFE_SPOT1" : 350,
        "SAFE_SPOT2" : "산악위치표지판",
        "SAFE_SPOT3" : "오봉산-7",
        "MGC" : "경주소방서",
        "ETC_MATTER" : " ",
        "MNTN_NM" : "오봉산"
      },
      "geometry" : {
        "x" : 385992.99969999958,
        "y" : 366103.44889999926
      }
    },
    {
      "attributes" : {
        "FID" : 7,
        "SAFE_SPOT1" : 351,
        "SAFE_SPOT2" : "산악위치표지판",
        "SAFE_SPOT3" : "오봉산-8",
        "MGC" : "경주소방서",
        "ETC_MATTER" : " ",
        "MNTN_NM" : "오봉산"
      },
      "geometry" : {
        "x" : 385867.32980000041,
        "y" : 363726.02980000153
      }
    },
    {
      "attributes" : {
        "FID" : 8,
        "SAFE_SPOT1" : 352,
        "SAFE_SPOT2" : "산악위치표지판",
        "SAFE_SPOT3" : "오봉산-9",
        "MGC" : "경주소방서",
        "ETC_MATTER" : " ",
        "MNTN_NM" : "오봉산"
      },
      "geometry" : {
        "x" : 386295.27740000002,
        "y" : 363673.36260000058
      }
    },
    {
      "attributes" : {
        "FID" : 9,
        "SAFE_SPOT1" : 353,
        "SAFE_SPOT2" : "산악위치표지판",
        "SAFE_SPOT3" : "오봉산-10",
        "MGC" : "경주소방서",
        "ETC_MATTER" : " ",
        "MNTN_NM" : "오봉산"
      },
      "geometry" : {
        "x" : 386292.02650000155,
        "y" : 363827.50019999966
      }
    }
  ]
}