{
  "displayFieldName" : "",
  "fieldAliases" : {
    "FID" : "FID",
    "PMNTN_SPOT" : "PMNTN_SPOT",
    "MNTN_CODE" : "MNTN_CODE",
    "MANAGE_SP1" : "MANAGE_SP1",
    "MANAGE_SP2" : "MANAGE_SP2",
    "DETAIL_SPO" : "DETAIL_SPO",
    "ETC_MATTER" : "ETC_MATTER",
    "MNTN_NM" : "MNTN_NM",
    "PAST_SPOT_" : "PAST_SPOT_",
    "MNTN_ID" : "MNTN_ID"
  },
  "geometryType" : "esriGeometryPoint",
  "spatialReference" : {
    "wkt" : "PROJCS[\"PCS_ITRF2000_TM\",GEOGCS[\"GCS_ITRF_2000\",DATUM[\"D_ITRF_2000\",SPHEROID[\"GRS_1980\",6378137.0,298.257222101]],PRIMEM[\"Greenwich\",0.0],UNIT[\"Degree\",0.0174532925199433]],PROJECTION[\"Transverse_Mercator\"],PARAMETER[\"False_Easting\",200000.0],PARAMETER[\"False_Northing\",600000.0],PARAMETER[\"Central_Meridian\",127.0],PARAMETER[\"Scale_Factor\",1.0],PARAMETER[\"Latitude_Of_Origin\",38.0],UNIT[\"Meter\",1.0]]"
  },
  "fields" : [
    {
      "name" : "FID",
      "type" : "esriFieldTypeOID",
      "alias" : "FID"
    },
    {
      "name" : "PMNTN_SPOT",
      "type" : "esriFieldTypeDouble",
      "alias" : "PMNTN_SPOT"
    },
    {
      "name" : "MNTN_CODE",
      "type" : "esriFieldTypeString",
      "alias" : "MNTN_CODE",
      "length" : 9
    },
    {
      "name" : "MANAGE_SP1",
      "type" : "esriFieldTypeString",
      "alias" : "MANAGE_SP1",
      "length" : 2
    },
    {
      "name" : "MANAGE_SP2",
      "type" : "esriFieldTypeString",
      "alias" : "MANAGE_SP2",
      "length" : 50
    },
    {
      "name" : "DETAIL_SPO",
      "type" : "esriFieldTypeString",
      "alias" : "DETAIL_SPO",
      "length" : 200
    },
    {
      "name" : "ETC_MATTER",
      "type" : "esriFieldTypeString",
      "alias" : "ETC_MATTER",
      "length" : 200
    },
    {
      "name" : "MNTN_NM",
      "type" : "esriFieldTypeString",
      "alias" : "MNTN_NM",
      "length" : 50
    },
    {
      "name" : "PAST_SPOT_",
      "type" : "esriFieldTypeString",
      "alias" : "PAST_SPOT_",
      "length" : 14
    },
    {
      "name" : "MNTN_ID",
      "type" : "esriFieldTypeString",
      "alias" : "MNTN_ID",
      "length" : 10
    }
  ],
  "features" : [
    {
      "attributes" : {
        "FID" : 0,
        "PMNTN_SPOT" : 67103,
        "MNTN_CODE" : "481101404",
        "MANAGE_SP1" : "01",
        "MANAGE_SP2" : "시종점",
        "DETAIL_SPO" : "시종점",
        "ETC_MATTER" : " ",
        "MNTN_NM" : "옥계리야산",
        "PAST_SPOT_" : "4812512010001",
        "MNTN_ID" : "481251201"
      },
      "geometry" : {
        "x" : 344664.70810001343,
        "y" : 280021.83600000665
      }
    },
    {
      "attributes" : {
        "FID" : 1,
        "PMNTN_SPOT" : 67104,
        "MNTN_CODE" : "481101404",
        "MANAGE_SP1" : "01",
        "MANAGE_SP2" : "시종점",
        "DETAIL_SPO" : "시종점",
        "ETC_MATTER" : " ",
        "MNTN_NM" : "옥계리야산",
        "PAST_SPOT_" : "4812512010002",
        "MNTN_ID" : "481251201"
      },
      "geometry" : {
        "x" : 345286.87100001145,
        "y" : 278286.76570000127
      }
    },
    {
      "attributes" : {
        "FID" : 2,
        "PMNTN_SPOT" : 67105,
        "MNTN_CODE" : "481101404",
        "MANAGE_SP1" : "01",
        "MANAGE_SP2" : "시종점",
        "DETAIL_SPO" : "시종점",
        "ETC_MATTER" : " ",
        "MNTN_NM" : "옥계리야산",
        "PAST_SPOT_" : "4812512010003",
        "MNTN_ID" : "481251201"
      },
      "geometry" : {
        "x" : 345679.89540001191,
        "y" : 279549.63509999961
      }
    },
    {
      "attributes" : {
        "FID" : 3,
        "PMNTN_SPOT" : 67106,
        "MNTN_CODE" : "481101404",
        "MANAGE_SP1" : "01",
        "MANAGE_SP2" : "시종점",
        "DETAIL_SPO" : "시종점",
        "ETC_MATTER" : " ",
        "MNTN_NM" : "옥계리야산",
        "PAST_SPOT_" : "4812512010004",
        "MNTN_ID" : "481251201"
      },
      "geometry" : {
        "x" : 345719.3202000102,
        "y" : 279579.20360000245
      }
    },
    {
      "attributes" : {
        "FID" : 4,
        "PMNTN_SPOT" : 67107,
        "MNTN_CODE" : "481101404",
        "MANAGE_SP1" : "02",
        "MANAGE_SP2" : "분기점",
        "DETAIL_SPO" : "분기점",
        "ETC_MATTER" : " ",
        "MNTN_NM" : "옥계리야산",
        "PAST_SPOT_" : "4812512010005",
        "MNTN_ID" : "481251201"
      },
      "geometry" : {
        "x" : 345923.44390000962,
        "y" : 278232.0914000012
      }
    },
    {
      "attributes" : {
        "FID" : 5,
        "PMNTN_SPOT" : 67108,
        "MNTN_CODE" : "481101404",
        "MANAGE_SP1" : "01",
        "MANAGE_SP2" : "시종점",
        "DETAIL_SPO" : "시종점",
        "ETC_MATTER" : " ",
        "MNTN_NM" : "옥계리야산",
        "PAST_SPOT_" : "4812512010006",
        "MNTN_ID" : "481251201"
      },
      "geometry" : {
        "x" : 346130.59200001229,
        "y" : 278107.94370000251
      }
    },
    {
      "attributes" : {
        "FID" : 6,
        "PMNTN_SPOT" : 67109,
        "MNTN_CODE" : "481101404",
        "MANAGE_SP1" : "23",
        "MANAGE_SP2" : "정상",
        "DETAIL_SPO" : "정상",
        "ETC_MATTER" : " ",
        "MNTN_NM" : "옥계리야산",
        "PAST_SPOT_" : "4812512010007",
        "MNTN_ID" : "481251201"
      },
      "geometry" : {
        "x" : 345879.72060001828,
        "y" : 278336.79579999857
      }
    },
    {
      "attributes" : {
        "FID" : 7,
        "PMNTN_SPOT" : 67110,
        "MNTN_CODE" : "481101404",
        "MANAGE_SP1" : "23",
        "MANAGE_SP2" : "정상",
        "DETAIL_SPO" : "정상",
        "ETC_MATTER" : " ",
        "MNTN_NM" : "옥계리야산",
        "PAST_SPOT_" : "4812512010008",
        "MNTN_ID" : "481251201"
      },
      "geometry" : {
        "x" : 345514.87350001838,
        "y" : 279907.6230999995
      }
    },
    {
      "attributes" : {
        "FID" : 8,
        "PMNTN_SPOT" : 67111,
        "MNTN_CODE" : "481101404",
        "MANAGE_SP1" : "99",
        "MANAGE_SP2" : "기타",
        "DETAIL_SPO" : "암반",
        "ETC_MATTER" : " ",
        "MNTN_NM" : "옥계리야산",
        "PAST_SPOT_" : "4812512010009",
        "MNTN_ID" : "481251201"
      },
      "geometry" : {
        "x" : 345080.46790001541,
        "y" : 279971.42129999772
      }
    },
    {
      "attributes" : {
        "FID" : 9,
        "PMNTN_SPOT" : 67112,
        "MNTN_CODE" : "481101404",
        "MANAGE_SP1" : "99",
        "MANAGE_SP2" : "기타",
        "DETAIL_SPO" : "암반",
        "ETC_MATTER" : " ",
        "MNTN_NM" : "옥계리야산",
        "PAST_SPOT_" : "4812512010010",
        "MNTN_ID" : "481251201"
      },
      "geometry" : {
        "x" : 345181.59320002049,
        "y" : 280068.73880000226
      }
    }
  ]
}