{
  "displayFieldName" : "",
  "fieldAliases" : {
    "FID" : "FID",
    "SAFE_SPOT1" : "SAFE_SPOT1",
    "SAFE_SPOT2" : "SAFE_SPOT2",
    "SAFE_SPOT3" : "SAFE_SPOT3",
    "MGC" : "MGC",
    "ETC_MATTER" : "ETC_MATTER",
    "MNTN_NM" : "MNTN_NM"
  },
  "geometryType" : "esriGeometryPoint",
  "spatialReference" : {
    "wkt" : "PROJCS[\"PCS_ITRF2000_TM\",GEOGCS[\"GCS_ITRF_2000\",DATUM[\"D_ITRF_2000\",SPHEROID[\"GRS_1980\",6378137.0,298.257222101]],PRIMEM[\"Greenwich\",0.0],UNIT[\"Degree\",0.0174532925199433]],PROJECTION[\"Transverse_Mercator\"],PARAMETER[\"False_Easting\",200000.0],PARAMETER[\"False_Northing\",600000.0],PARAMETER[\"Central_Meridian\",127.0],PARAMETER[\"Scale_Factor\",1.0],PARAMETER[\"Latitude_Of_Origin\",38.0],UNIT[\"Meter\",1.0]]"
  },
  "fields" : [
    {
      "name" : "FID",
      "type" : "esriFieldTypeOID",
      "alias" : "FID"
    },
    {
      "name" : "SAFE_SPOT1",
      "type" : "esriFieldTypeDouble",
      "alias" : "SAFE_SPOT1"
    },
    {
      "name" : "SAFE_SPOT2",
      "type" : "esriFieldTypeString",
      "alias" : "SAFE_SPOT2",
      "length" : 50
    },
    {
      "name" : "SAFE_SPOT3",
      "type" : "esriFieldTypeString",
      "alias" : "SAFE_SPOT3",
      "length" : 50
    },
    {
      "name" : "MGC",
      "type" : "esriFieldTypeString",
      "alias" : "MGC",
      "length" : 50
    },
    {
      "name" : "ETC_MATTER",
      "type" : "esriFieldTypeString",
      "alias" : "ETC_MATTER",
      "length" : 200
    },
    {
      "name" : "MNTN_NM",
      "type" : "esriFieldTypeString",
      "alias" : "MNTN_NM",
      "length" : 50
    }
  ],
  "features" : [
    {
      "attributes" : {
        "FID" : 0,
        "SAFE_SPOT1" : 1959,
        "SAFE_SPOT2" : "위치표시판",
        "SAFE_SPOT3" : " ",
        "MGC" : "부산해운대소방서",
        "ETC_MATTER" : " ",
        "MNTN_NM" : "장산"
      },
      "geometry" : {
        "x" : 397485.67850000132,
        "y" : 289266.99840000272
      }
    },
    {
      "attributes" : {
        "FID" : 1,
        "SAFE_SPOT1" : 1960,
        "SAFE_SPOT2" : "위치표시판",
        "SAFE_SPOT3" : " ",
        "MGC" : "부산해운대소방서",
        "ETC_MATTER" : " ",
        "MNTN_NM" : "장산"
      },
      "geometry" : {
        "x" : 397261.62669999991,
        "y" : 289672.284500001
      }
    },
    {
      "attributes" : {
        "FID" : 2,
        "SAFE_SPOT1" : 1961,
        "SAFE_SPOT2" : "위치표시판",
        "SAFE_SPOT3" : " ",
        "MGC" : "부산해운대소방서",
        "ETC_MATTER" : " ",
        "MNTN_NM" : "장산"
      },
      "geometry" : {
        "x" : 397005.16560000088,
        "y" : 290055.28170000017
      }
    },
    {
      "attributes" : {
        "FID" : 3,
        "SAFE_SPOT1" : 1962,
        "SAFE_SPOT2" : "위치표시판",
        "SAFE_SPOT3" : " ",
        "MGC" : "부산해운대소방서",
        "ETC_MATTER" : " ",
        "MNTN_NM" : "장산"
      },
      "geometry" : {
        "x" : 396983.43530000094,
        "y" : 293959.14170000143
      }
    },
    {
      "attributes" : {
        "FID" : 4,
        "SAFE_SPOT1" : 1963,
        "SAFE_SPOT2" : "위치표시판",
        "SAFE_SPOT3" : " ",
        "MGC" : "부산해운대소방서",
        "ETC_MATTER" : " ",
        "MNTN_NM" : "장산"
      },
      "geometry" : {
        "x" : 395216.67710000183,
        "y" : 289282.55739999935
      }
    },
    {
      "attributes" : {
        "FID" : 5,
        "SAFE_SPOT1" : 1964,
        "SAFE_SPOT2" : "위치표시판",
        "SAFE_SPOT3" : " ",
        "MGC" : "부산해운대소방서",
        "ETC_MATTER" : " ",
        "MNTN_NM" : "장산"
      },
      "geometry" : {
        "x" : 397205.59460000135,
        "y" : 289803.67510000244
      }
    },
    {
      "attributes" : {
        "FID" : 6,
        "SAFE_SPOT1" : 1965,
        "SAFE_SPOT2" : "위치표시판",
        "SAFE_SPOT3" : " ",
        "MGC" : "부산해운대소방서",
        "ETC_MATTER" : " ",
        "MNTN_NM" : "장산"
      },
      "geometry" : {
        "x" : 394588.12889999989,
        "y" : 289429.39169999957
      }
    },
    {
      "attributes" : {
        "FID" : 7,
        "SAFE_SPOT1" : 1966,
        "SAFE_SPOT2" : "위치표시판",
        "SAFE_SPOT3" : " ",
        "MGC" : "부산해운대소방서",
        "ETC_MATTER" : " ",
        "MNTN_NM" : "장산"
      },
      "geometry" : {
        "x" : 394966.36190000083,
        "y" : 289736.67020000145
      }
    },
    {
      "attributes" : {
        "FID" : 8,
        "SAFE_SPOT1" : 1967,
        "SAFE_SPOT2" : "위치표시판",
        "SAFE_SPOT3" : " ",
        "MGC" : "부산해운대소방서",
        "ETC_MATTER" : " ",
        "MNTN_NM" : "장산"
      },
      "geometry" : {
        "x" : 395071.72600000072,
        "y" : 289899.30470000021
      }
    },
    {
      "attributes" : {
        "FID" : 9,
        "SAFE_SPOT1" : 1968,
        "SAFE_SPOT2" : "위치표시판",
        "SAFE_SPOT3" : " ",
        "MGC" : "부산해운대소방서",
        "ETC_MATTER" : " ",
        "MNTN_NM" : "장산"
      },
      "geometry" : {
        "x" : 396873.82610000111,
        "y" : 290157.27960000187
      }
    },
    {
      "attributes" : {
        "FID" : 10,
        "SAFE_SPOT1" : 1969,
        "SAFE_SPOT2" : "위치표시판",
        "SAFE_SPOT3" : " ",
        "MGC" : "부산해운대소방서",
        "ETC_MATTER" : " ",
        "MNTN_NM" : "장산"
      },
      "geometry" : {
        "x" : 395067.80050000176,
        "y" : 289963.98279999755
      }
    },
    {
      "attributes" : {
        "FID" : 11,
        "SAFE_SPOT1" : 1970,
        "SAFE_SPOT2" : "위치표시판",
        "SAFE_SPOT3" : " ",
        "MGC" : "부산해운대소방서",
        "ETC_MATTER" : " ",
        "MNTN_NM" : "장산"
      },
      "geometry" : {
        "x" : 396074.86990000214,
        "y" : 288002.75630000047
      }
    },
    {
      "attributes" : {
        "FID" : 12,
        "SAFE_SPOT1" : 1971,
        "SAFE_SPOT2" : "위치표시판",
        "SAFE_SPOT3" : " ",
        "MGC" : "부산해운대소방서",
        "ETC_MATTER" : " ",
        "MNTN_NM" : "장산"
      },
      "geometry" : {
        "x" : 395371.1501000002,
        "y" : 290571.89420000277
      }
    },
    {
      "attributes" : {
        "FID" : 13,
        "SAFE_SPOT1" : 1972,
        "SAFE_SPOT2" : "위치표시판",
        "SAFE_SPOT3" : " ",
        "MGC" : "부산해운대소방서",
        "ETC_MATTER" : " ",
        "MNTN_NM" : "장산"
      },
      "geometry" : {
        "x" : 395287.24700000044,
        "y" : 290588.58710000105
      }
    },
    {
      "attributes" : {
        "FID" : 14,
        "SAFE_SPOT1" : 1973,
        "SAFE_SPOT2" : "위치표시판",
        "SAFE_SPOT3" : " ",
        "MGC" : "부산해운대소방서",
        "ETC_MATTER" : " ",
        "MNTN_NM" : "장산"
      },
      "geometry" : {
        "x" : 393986.27300000098,
        "y" : 289749.53920000046
      }
    },
    {
      "attributes" : {
        "FID" : 15,
        "SAFE_SPOT1" : 1974,
        "SAFE_SPOT2" : "위치표시판",
        "SAFE_SPOT3" : " ",
        "MGC" : "부산해운대소방서",
        "ETC_MATTER" : " ",
        "MNTN_NM" : "장산"
      },
      "geometry" : {
        "x" : 396866.9467999991,
        "y" : 294311.26420000009
      }
    },
    {
      "attributes" : {
        "FID" : 16,
        "SAFE_SPOT1" : 1975,
        "SAFE_SPOT2" : "위치표시판",
        "SAFE_SPOT3" : " ",
        "MGC" : "부산해운대소방서",
        "ETC_MATTER" : " ",
        "MNTN_NM" : "장산"
      },
      "geometry" : {
        "x" : 395936.93360000104,
        "y" : 289813.13560000062
      }
    },
    {
      "attributes" : {
        "FID" : 17,
        "SAFE_SPOT1" : 1976,
        "SAFE_SPOT2" : "위치표시판",
        "SAFE_SPOT3" : " ",
        "MGC" : "부산해운대소방서",
        "ETC_MATTER" : " ",
        "MNTN_NM" : "장산"
      },
      "geometry" : {
        "x" : 396801.41260000039,
        "y" : 290343.82760000043
      }
    },
    {
      "attributes" : {
        "FID" : 18,
        "SAFE_SPOT1" : 1977,
        "SAFE_SPOT2" : "위치표시판",
        "SAFE_SPOT3" : " ",
        "MGC" : "부산해운대소방서",
        "ETC_MATTER" : " ",
        "MNTN_NM" : "장산"
      },
      "geometry" : {
        "x" : 397215.36060000211,
        "y" : 293304.22110000253
      }
    },
    {
      "attributes" : {
        "FID" : 19,
        "SAFE_SPOT1" : 1978,
        "SAFE_SPOT2" : "위치표시판",
        "SAFE_SPOT3" : " ",
        "MGC" : "부산해운대소방서",
        "ETC_MATTER" : " ",
        "MNTN_NM" : "장산"
      },
      "geometry" : {
        "x" : 397214.95720000006,
        "y" : 293322.71639999934
      }
    },
    {
      "attributes" : {
        "FID" : 20,
        "SAFE_SPOT1" : 1979,
        "SAFE_SPOT2" : "위치표시판",
        "SAFE_SPOT3" : " ",
        "MGC" : "부산해운대소방서",
        "ETC_MATTER" : " ",
        "MNTN_NM" : "장산"
      },
      "geometry" : {
        "x" : 396500.65409999993,
        "y" : 292301.78660000116
      }
    },
    {
      "attributes" : {
        "FID" : 21,
        "SAFE_SPOT1" : 1980,
        "SAFE_SPOT2" : "위치표시판",
        "SAFE_SPOT3" : " ",
        "MGC" : "부산해운대소방서",
        "ETC_MATTER" : " ",
        "MNTN_NM" : "장산"
      },
      "geometry" : {
        "x" : 396416.56310000084,
        "y" : 292327.71600000001
      }
    },
    {
      "attributes" : {
        "FID" : 22,
        "SAFE_SPOT1" : 1981,
        "SAFE_SPOT2" : "위치표시판",
        "SAFE_SPOT3" : " ",
        "MGC" : "부산해운대소방서",
        "ETC_MATTER" : " ",
        "MNTN_NM" : "장산"
      },
      "geometry" : {
        "x" : 397264.18000000063,
        "y" : 293502.66229999997
      }
    },
    {
      "attributes" : {
        "FID" : 23,
        "SAFE_SPOT1" : 1982,
        "SAFE_SPOT2" : "위치표시판",
        "SAFE_SPOT3" : " ",
        "MGC" : "부산해운대소방서",
        "ETC_MATTER" : " ",
        "MNTN_NM" : "장산"
      },
      "geometry" : {
        "x" : 397253.74060000014,
        "y" : 293749.15499999747
      }
    },
    {
      "attributes" : {
        "FID" : 24,
        "SAFE_SPOT1" : 1983,
        "SAFE_SPOT2" : "위치표시판",
        "SAFE_SPOT3" : " ",
        "MGC" : "부산해운대소방서",
        "ETC_MATTER" : " ",
        "MNTN_NM" : "장산"
      },
      "geometry" : {
        "x" : 397281.98280000128,
        "y" : 289435.26110000163
      }
    },
    {
      "attributes" : {
        "FID" : 25,
        "SAFE_SPOT1" : 1984,
        "SAFE_SPOT2" : "위치표시판",
        "SAFE_SPOT3" : " ",
        "MGC" : "부산해운대소방서",
        "ETC_MATTER" : " ",
        "MNTN_NM" : "장산"
      },
      "geometry" : {
        "x" : 396599.34610000066,
        "y" : 290555.31460000202
      }
    },
    {
      "attributes" : {
        "FID" : 26,
        "SAFE_SPOT1" : 1985,
        "SAFE_SPOT2" : "위치표시판",
        "SAFE_SPOT3" : " ",
        "MGC" : "부산해운대소방서",
        "ETC_MATTER" : " ",
        "MNTN_NM" : "장산"
      },
      "geometry" : {
        "x" : 396909.57050000131,
        "y" : 291539.6817000024
      }
    },
    {
      "attributes" : {
        "FID" : 27,
        "SAFE_SPOT1" : 1986,
        "SAFE_SPOT2" : "위치표시판",
        "SAFE_SPOT3" : " ",
        "MGC" : "부산해운대소방서",
        "ETC_MATTER" : " ",
        "MNTN_NM" : "장산"
      },
      "geometry" : {
        "x" : 396372.01190000121,
        "y" : 291814.80830000155
      }
    },
    {
      "attributes" : {
        "FID" : 28,
        "SAFE_SPOT1" : 1987,
        "SAFE_SPOT2" : "위치표시판",
        "SAFE_SPOT3" : " ",
        "MGC" : "부산해운대소방서",
        "ETC_MATTER" : " ",
        "MNTN_NM" : "장산"
      },
      "geometry" : {
        "x" : 396019.20189999975,
        "y" : 291742.39379999973
      }
    },
    {
      "attributes" : {
        "FID" : 29,
        "SAFE_SPOT1" : 1988,
        "SAFE_SPOT2" : "위치표시판",
        "SAFE_SPOT3" : " ",
        "MGC" : "부산해운대소방서",
        "ETC_MATTER" : " ",
        "MNTN_NM" : "장산"
      },
      "geometry" : {
        "x" : 395725.78020000085,
        "y" : 291615.76659999974
      }
    },
    {
      "attributes" : {
        "FID" : 30,
        "SAFE_SPOT1" : 1989,
        "SAFE_SPOT2" : "위치표시판",
        "SAFE_SPOT3" : " ",
        "MGC" : "부산해운대소방서",
        "ETC_MATTER" : " ",
        "MNTN_NM" : "장산"
      },
      "geometry" : {
        "x" : 394731.57970000058,
        "y" : 290881.92390000075
      }
    },
    {
      "attributes" : {
        "FID" : 31,
        "SAFE_SPOT1" : 1990,
        "SAFE_SPOT2" : "위치표시판",
        "SAFE_SPOT3" : " ",
        "MGC" : "부산해운대소방서",
        "ETC_MATTER" : " ",
        "MNTN_NM" : "장산"
      },
      "geometry" : {
        "x" : 396589.76400000136,
        "y" : 291578.98700000159
      }
    },
    {
      "attributes" : {
        "FID" : 32,
        "SAFE_SPOT1" : 1991,
        "SAFE_SPOT2" : "위치표시판",
        "SAFE_SPOT3" : " ",
        "MGC" : "부산해운대소방서",
        "ETC_MATTER" : " ",
        "MNTN_NM" : "장산"
      },
      "geometry" : {
        "x" : 396265.83689999953,
        "y" : 291575.03830000013
      }
    },
    {
      "attributes" : {
        "FID" : 33,
        "SAFE_SPOT1" : 1992,
        "SAFE_SPOT2" : "위치표시판",
        "SAFE_SPOT3" : " ",
        "MGC" : "부산해운대소방서",
        "ETC_MATTER" : " ",
        "MNTN_NM" : "장산"
      },
      "geometry" : {
        "x" : 395550.27830000129,
        "y" : 290366.05410000309
      }
    },
    {
      "attributes" : {
        "FID" : 34,
        "SAFE_SPOT1" : 1993,
        "SAFE_SPOT2" : "위치표시판",
        "SAFE_SPOT3" : " ",
        "MGC" : "부산해운대소방서",
        "ETC_MATTER" : " ",
        "MNTN_NM" : "장산"
      },
      "geometry" : {
        "x" : 395866.53860000148,
        "y" : 289907.21490000375
      }
    },
    {
      "attributes" : {
        "FID" : 35,
        "SAFE_SPOT1" : 1994,
        "SAFE_SPOT2" : "위치표시판",
        "SAFE_SPOT3" : " ",
        "MGC" : "부산해운대소방서",
        "ETC_MATTER" : " ",
        "MNTN_NM" : "장산"
      },
      "geometry" : {
        "x" : 396176.47660000063,
        "y" : 289858.41479999945
      }
    },
    {
      "attributes" : {
        "FID" : 36,
        "SAFE_SPOT1" : 1995,
        "SAFE_SPOT2" : "위치표시판",
        "SAFE_SPOT3" : " ",
        "MGC" : "부산해운대소방서",
        "ETC_MATTER" : " ",
        "MNTN_NM" : "장산"
      },
      "geometry" : {
        "x" : 394926.15870000049,
        "y" : 289134.43759999797
      }
    },
    {
      "attributes" : {
        "FID" : 37,
        "SAFE_SPOT1" : 1996,
        "SAFE_SPOT2" : "위치표시판",
        "SAFE_SPOT3" : " ",
        "MGC" : "부산해운대소방서",
        "ETC_MATTER" : " ",
        "MNTN_NM" : "장산"
      },
      "geometry" : {
        "x" : 395781.36160000134,
        "y" : 289982.47120000049
      }
    },
    {
      "attributes" : {
        "FID" : 38,
        "SAFE_SPOT1" : 1997,
        "SAFE_SPOT2" : "위치표시판",
        "SAFE_SPOT3" : " ",
        "MGC" : "부산해운대소방서",
        "ETC_MATTER" : " ",
        "MNTN_NM" : "장산"
      },
      "geometry" : {
        "x" : 396295.34450000059,
        "y" : 289046.82530000247
      }
    },
    {
      "attributes" : {
        "FID" : 39,
        "SAFE_SPOT1" : 1998,
        "SAFE_SPOT2" : "위치표시판",
        "SAFE_SPOT3" : " ",
        "MGC" : "부산해운대소방서",
        "ETC_MATTER" : " ",
        "MNTN_NM" : "장산"
      },
      "geometry" : {
        "x" : 396372.01190000121,
        "y" : 291814.80830000155
      }
    },
    {
      "attributes" : {
        "FID" : 40,
        "SAFE_SPOT1" : 2207,
        "SAFE_SPOT2" : "위험경고표지판",
        "SAFE_SPOT3" : " ",
        "MGC" : "부산해운대소방서",
        "ETC_MATTER" : " ",
        "MNTN_NM" : "장산"
      },
      "geometry" : {
        "x" : 395067.80050000176,
        "y" : 289963.98279999755
      }
    },
    {
      "attributes" : {
        "FID" : 41,
        "SAFE_SPOT1" : 2208,
        "SAFE_SPOT2" : "위험경고표지판",
        "SAFE_SPOT3" : " ",
        "MGC" : "부산해운대소방서",
        "ETC_MATTER" : " ",
        "MNTN_NM" : "장산"
      },
      "geometry" : {
        "x" : 396074.86990000214,
        "y" : 288002.75630000047
      }
    },
    {
      "attributes" : {
        "FID" : 42,
        "SAFE_SPOT1" : 2209,
        "SAFE_SPOT2" : "위험경고표지판",
        "SAFE_SPOT3" : " ",
        "MGC" : "부산해운대소방서",
        "ETC_MATTER" : " ",
        "MNTN_NM" : "장산"
      },
      "geometry" : {
        "x" : 395371.1501000002,
        "y" : 290571.89420000277
      }
    },
    {
      "attributes" : {
        "FID" : 43,
        "SAFE_SPOT1" : 2210,
        "SAFE_SPOT2" : "위험경고표지판",
        "SAFE_SPOT3" : " ",
        "MGC" : "부산해운대소방서",
        "ETC_MATTER" : " ",
        "MNTN_NM" : "장산"
      },
      "geometry" : {
        "x" : 395287.24700000044,
        "y" : 290588.58710000105
      }
    },
    {
      "attributes" : {
        "FID" : 44,
        "SAFE_SPOT1" : 2211,
        "SAFE_SPOT2" : "위험경고표지판",
        "SAFE_SPOT3" : " ",
        "MGC" : "부산해운대소방서",
        "ETC_MATTER" : " ",
        "MNTN_NM" : "장산"
      },
      "geometry" : {
        "x" : 393986.27300000098,
        "y" : 289749.53920000046
      }
    },
    {
      "attributes" : {
        "FID" : 45,
        "SAFE_SPOT1" : 2212,
        "SAFE_SPOT2" : "위험경고표지판",
        "SAFE_SPOT3" : " ",
        "MGC" : "부산해운대소방서",
        "ETC_MATTER" : " ",
        "MNTN_NM" : "장산"
      },
      "geometry" : {
        "x" : 396866.9467999991,
        "y" : 294311.26420000009
      }
    },
    {
      "attributes" : {
        "FID" : 46,
        "SAFE_SPOT1" : 2218,
        "SAFE_SPOT2" : "간이구조구급함",
        "SAFE_SPOT3" : " ",
        "MGC" : "부산해운대소방서",
        "ETC_MATTER" : " ",
        "MNTN_NM" : "장산"
      },
      "geometry" : {
        "x" : 396751.27150000073,
        "y" : 290321.14970000274
      }
    },
    {
      "attributes" : {
        "FID" : 47,
        "SAFE_SPOT1" : 2219,
        "SAFE_SPOT2" : "간이구조구급함",
        "SAFE_SPOT3" : " ",
        "MGC" : "부산해운대소방서",
        "ETC_MATTER" : " ",
        "MNTN_NM" : "장산"
      },
      "geometry" : {
        "x" : 394394.9282000009,
        "y" : 289937.1726000011
      }
    },
    {
      "attributes" : {
        "FID" : 48,
        "SAFE_SPOT1" : 2220,
        "SAFE_SPOT2" : "간이구조구급함",
        "SAFE_SPOT3" : " ",
        "MGC" : "부산해운대소방서",
        "ETC_MATTER" : " ",
        "MNTN_NM" : "장산"
      },
      "geometry" : {
        "x" : 396265.83689999953,
        "y" : 291575.03830000013
      }
    },
    {
      "attributes" : {
        "FID" : 49,
        "SAFE_SPOT1" : 2221,
        "SAFE_SPOT2" : "간이구조구급함",
        "SAFE_SPOT3" : " ",
        "MGC" : "부산해운대소방서",
        "ETC_MATTER" : " ",
        "MNTN_NM" : "장산"
      },
      "geometry" : {
        "x" : 396801.41260000039,
        "y" : 290343.82760000043
      }
    },
    {
      "attributes" : {
        "FID" : 50,
        "SAFE_SPOT1" : 6122,
        "SAFE_SPOT2" : "산악위치표지판",
        "SAFE_SPOT3" : " ",
        "MGC" : "부산시 해운대구",
        "ETC_MATTER" : "장산너덜길(반송 경동APT뒤)",
        "MNTN_NM" : "장산"
      },
      "geometry" : {
        "x" : 396892.2407999998,
        "y" : 294311.81510000303
      }
    },
    {
      "attributes" : {
        "FID" : 51,
        "SAFE_SPOT1" : 6123,
        "SAFE_SPOT2" : "산악위치표지판",
        "SAFE_SPOT3" : "구청24",
        "MGC" : "부산시 해운대구",
        "ETC_MATTER" : "반송2동 경동아파트 뒤헬기장(2.9\u339E), 돌탑(1.6\u339E)",
        "MNTN_NM" : "장산"
      },
      "geometry" : {
        "x" : 396866.9467999991,
        "y" : 294311.26420000009
      }
    },
    {
      "attributes" : {
        "FID" : 52,
        "SAFE_SPOT1" : 6124,
        "SAFE_SPOT2" : "산악위치표지판",
        "SAFE_SPOT3" : "구청04",
        "MGC" : "부산시 해운대구",
        "ETC_MATTER" : "반송2동 경동아파트 600m위 정상(4.6\u339E), 반송2동(0.6\u339E), 반송3동(0.8\u339E), 예비군교육장",
        "MNTN_NM" : "장산"
      },
      "geometry" : {
        "x" : 396983.43530000094,
        "y" : 293959.14170000143
      }
    },
    {
      "attributes" : {
        "FID" : 53,
        "SAFE_SPOT1" : 6125,
        "SAFE_SPOT2" : "산악위치표지판",
        "SAFE_SPOT3" : "구청37",
        "MGC" : "부산시 해운대구",
        "ETC_MATTER" : "반송2동 경동아파트 갈림길 반송2동(주공아파트) (1.8\u339E), 정상(4.3\u339E) 반송2동(경동아파트) (1.2\u339E),",
        "MNTN_NM" : "장산"
      },
      "geometry" : {
        "x" : 397253.74060000014,
        "y" : 293749.15499999747
      }
    },
    {
      "attributes" : {
        "FID" : 54,
        "SAFE_SPOT1" : 6126,
        "SAFE_SPOT2" : "산악위치표지판",
        "SAFE_SPOT3" : "구청36",
        "MGC" : "부산시 해운대구",
        "ETC_MATTER" : "반송돌탑 150m 아래 (기장쪽 능선길) 반송2,3동, 정상, 기장",
        "MNTN_NM" : "장산"
      },
      "geometry" : {
        "x" : 397264.18000000063,
        "y" : 293502.66229999997
      }
    },
    {
      "attributes" : {
        "FID" : 55,
        "SAFE_SPOT1" : 6127,
        "SAFE_SPOT2" : "산악위치표지판",
        "SAFE_SPOT3" : "구청31",
        "MGC" : "부산시 해운대구",
        "ETC_MATTER" : "반송돌탑주변 (반송교장방향) 반송2,3동, 기장, 반송3동(체육공원)(0.9\u339E)",
        "MNTN_NM" : "장산"
      },
      "geometry" : {
        "x" : 397214.95720000006,
        "y" : 293322.71639999934
      }
    },
    {
      "attributes" : {
        "FID" : 56,
        "SAFE_SPOT1" : 6128,
        "SAFE_SPOT2" : "산악위치표지판",
        "SAFE_SPOT3" : "구청30",
        "MGC" : "부산시 해운대구",
        "ETC_MATTER" : "반송 돌탑주변 (정상방향 좌측소로) 헬기장(1.3\u339E), 정상(3.9\u339E), 장산마을(2.2\u339E)",
        "MNTN_NM" : "장산"
      },
      "geometry" : {
        "x" : 397212.89810000174,
        "y" : 293301.08340000175
      }
    },
    {
      "attributes" : {
        "FID" : 57,
        "SAFE_SPOT1" : 6129,
        "SAFE_SPOT2" : "산악위치표지판",
        "SAFE_SPOT3" : " ",
        "MGC" : "부산시 해운대구",
        "ETC_MATTER" : "헬기장",
        "MNTN_NM" : "장산"
      },
      "geometry" : {
        "x" : 396518.48269999959,
        "y" : 292413.19730000198
      }
    },
    {
      "attributes" : {
        "FID" : 58,
        "SAFE_SPOT1" : 6130,
        "SAFE_SPOT2" : "산악위치표지판",
        "SAFE_SPOT3" : "구청33",
        "MGC" : "부산시 해운대구",
        "ETC_MATTER" : "헬기장 사거리 폭포사(3.1\u339E), 장산마을(1.6\u339E), 정상(2.6\u339E) 반송방면",
        "MNTN_NM" : "장산"
      },
      "geometry" : {
        "x" : 396500.65409999993,
        "y" : 292301.78660000116
      }
    },
    {
      "attributes" : {
        "FID" : 59,
        "SAFE_SPOT1" : 6131,
        "SAFE_SPOT2" : "산악위치표지판",
        "SAFE_SPOT3" : "구청34",
        "MGC" : "부산시 해운대구",
        "ETC_MATTER" : "헬기장사거리 (정상방향20m) 폭포사(3.0\u339E), 헬기장, 정상(2.6\u339E), 장천사(1.2\u339E)",
        "MNTN_NM" : "장산"
      },
      "geometry" : {
        "x" : 396414.10010000132,
        "y" : 292324.57850000076
      }
    },
    {
      "attributes" : {
        "FID" : 60,
        "SAFE_SPOT1" : 6132,
        "SAFE_SPOT2" : "산악위치표지판",
        "SAFE_SPOT3" : "구청48",
        "MGC" : "부산시 해운대구",
        "ETC_MATTER" : "억새밭 뒷길 갈림길 (좌측 억새밭, 우측 반여동)",
        "MNTN_NM" : "장산"
      },
      "geometry" : {
        "x" : 396019.20189999975,
        "y" : 291742.39379999973
      }
    },
    {
      "attributes" : {
        "FID" : 61,
        "SAFE_SPOT1" : 6133,
        "SAFE_SPOT2" : "산악위치표지판",
        "SAFE_SPOT3" : " ",
        "MGC" : "부산시 해운대구",
        "ETC_MATTER" : "너덜길 (정상 1.8Km, 초록공원 2.3Km)",
        "MNTN_NM" : "장산"
      },
      "geometry" : {
        "x" : 395701.87550000008,
        "y" : 291667.67680000328
      }
    },
    {
      "attributes" : {
        "FID" : 62,
        "SAFE_SPOT1" : 6134,
        "SAFE_SPOT2" : "산악위치표지판",
        "SAFE_SPOT3" : "구청49",
        "MGC" : "부산시 해운대구",
        "ETC_MATTER" : "정상뒷길과 반여동 갈림길",
        "MNTN_NM" : "장산"
      },
      "geometry" : {
        "x" : 395725.78020000085,
        "y" : 291615.76659999974
      }
    },
    {
      "attributes" : {
        "FID" : 63,
        "SAFE_SPOT1" : 6135,
        "SAFE_SPOT2" : "산악위치표지판",
        "SAFE_SPOT3" : "구청18",
        "MGC" : "부산시 해운대구",
        "ETC_MATTER" : "정상",
        "MNTN_NM" : "장산"
      },
      "geometry" : {
        "x" : 395371.1501000002,
        "y" : 290571.89420000277
      }
    },
    {
      "attributes" : {
        "FID" : 64,
        "SAFE_SPOT1" : 6136,
        "SAFE_SPOT2" : "산악위치표지판",
        "SAFE_SPOT3" : " ",
        "MGC" : "부산시 해운대구",
        "ETC_MATTER" : "갈맷길 (정상 0.2Km, 대천공원2.4Km,)",
        "MNTN_NM" : "장산"
      },
      "geometry" : {
        "x" : 395550.27830000129,
        "y" : 290366.05410000309
      }
    },
    {
      "attributes" : {
        "FID" : 65,
        "SAFE_SPOT1" : 6137,
        "SAFE_SPOT2" : "산악위치표지판",
        "SAFE_SPOT3" : " ",
        "MGC" : "부산시 해운대구",
        "ETC_MATTER" : "CCTV 감시",
        "MNTN_NM" : "장산"
      },
      "geometry" : {
        "x" : 395781.36160000134,
        "y" : 289982.47120000049
      }
    },
    {
      "attributes" : {
        "FID" : 66,
        "SAFE_SPOT1" : 6138,
        "SAFE_SPOT2" : "산악위치표지판",
        "SAFE_SPOT3" : " ",
        "MGC" : "부산시 해운대구",
        "ETC_MATTER" : "장산너덜길(대천공원 2.2Km, 옥녀봉 0.6Km)",
        "MNTN_NM" : "장산"
      },
      "geometry" : {
        "x" : 395866.53860000148,
        "y" : 289907.21490000375
      }
    },
    {
      "attributes" : {
        "FID" : 67,
        "SAFE_SPOT1" : 6139,
        "SAFE_SPOT2" : "산악위치표지판",
        "SAFE_SPOT3" : "구청26",
        "MGC" : "부산시 해운대구",
        "ETC_MATTER" : "중봉",
        "MNTN_NM" : "장산"
      },
      "geometry" : {
        "x" : 395936.93360000104,
        "y" : 289813.13560000062
      }
    },
    {
      "attributes" : {
        "FID" : 68,
        "SAFE_SPOT1" : 6140,
        "SAFE_SPOT2" : "산악위치표지판",
        "SAFE_SPOT3" : " ",
        "MGC" : "부산시 해운대구",
        "ETC_MATTER" : "장산너덜길(정상 1.5Km, 중봉 0.3km, 간비오산봉수대2.5Km)",
        "MNTN_NM" : "장산"
      },
      "geometry" : {
        "x" : 396176.47660000063,
        "y" : 289858.41479999945
      }
    },
    {
      "attributes" : {
        "FID" : 69,
        "SAFE_SPOT1" : 6141,
        "SAFE_SPOT2" : "산악위치표지판",
        "SAFE_SPOT3" : " ",
        "MGC" : "부산시 해운대구",
        "ETC_MATTER" : "유격장",
        "MNTN_NM" : "장산"
      },
      "geometry" : {
        "x" : 396295.34450000059,
        "y" : 289046.82530000247
      }
    },
    {
      "attributes" : {
        "FID" : 70,
        "SAFE_SPOT1" : 6142,
        "SAFE_SPOT2" : "산악위치표지판",
        "SAFE_SPOT3" : " ",
        "MGC" : "부산시 해운대구",
        "ETC_MATTER" : "벤치",
        "MNTN_NM" : "장산"
      },
      "geometry" : {
        "x" : 396055.73770000134,
        "y" : 288418.67570000328
      }
    },
    {
      "attributes" : {
        "FID" : 71,
        "SAFE_SPOT1" : 6143,
        "SAFE_SPOT2" : "산악위치표지판",
        "SAFE_SPOT3" : " ",
        "MGC" : "부산시 해운대구",
        "ETC_MATTER" : "체육공원",
        "MNTN_NM" : "장산"
      },
      "geometry" : {
        "x" : 396074.86990000214,
        "y" : 288002.75630000047
      }
    },
    {
      "attributes" : {
        "FID" : 72,
        "SAFE_SPOT1" : 6144,
        "SAFE_SPOT2" : "산악위치표지판",
        "SAFE_SPOT3" : "구청17",
        "MGC" : "부산시 해운대구",
        "ETC_MATTER" : "해운대여고 옆(해광사 좌측등산로)",
        "MNTN_NM" : "장산"
      },
      "geometry" : {
        "x" : 396074.86990000214,
        "y" : 288002.75630000047
      }
    },
    {
      "attributes" : {
        "FID" : 73,
        "SAFE_SPOT1" : 6145,
        "SAFE_SPOT2" : "산악위치표지판",
        "SAFE_SPOT3" : "구청01",
        "MGC" : "부산시 해운대구",
        "ETC_MATTER" : "대천공원 입구",
        "MNTN_NM" : "장산"
      },
      "geometry" : {
        "x" : 397485.67850000132,
        "y" : 289266.99840000272
      }
    },
    {
      "attributes" : {
        "FID" : 74,
        "SAFE_SPOT1" : 6146,
        "SAFE_SPOT2" : "산악위치표지판",
        "SAFE_SPOT3" : "구청02",
        "MGC" : "부산시 해운대구",
        "ETC_MATTER" : "장산산림욕장 관리사무소 앞",
        "MNTN_NM" : "장산"
      },
      "geometry" : {
        "x" : 397261.62669999991,
        "y" : 289672.284500001
      }
    },
    {
      "attributes" : {
        "FID" : 75,
        "SAFE_SPOT1" : 6147,
        "SAFE_SPOT2" : "산악위치표지판",
        "SAFE_SPOT3" : "구청10",
        "MGC" : "부산시 해운대구",
        "ETC_MATTER" : "관리사무소\uFF5E체육광장 쪽 우측 산책길 입구",
        "MNTN_NM" : "장산"
      },
      "geometry" : {
        "x" : 397205.59460000135,
        "y" : 289803.67510000244
      }
    },
    {
      "attributes" : {
        "FID" : 76,
        "SAFE_SPOT1" : 6148,
        "SAFE_SPOT2" : "산악위치표지판",
        "SAFE_SPOT3" : "구청03",
        "MGC" : "부산시 해운대구",
        "ETC_MATTER" : "폭포사 입구 화장실 옆",
        "MNTN_NM" : "장산"
      },
      "geometry" : {
        "x" : 397005.16560000088,
        "y" : 290055.28170000017
      }
    },
    {
      "attributes" : {
        "FID" : 77,
        "SAFE_SPOT1" : 6149,
        "SAFE_SPOT2" : "산악위치표지판",
        "SAFE_SPOT3" : "구청15",
        "MGC" : "부산시 해운대구",
        "ETC_MATTER" : "산림욕장 산책길(양운폭포 입구)",
        "MNTN_NM" : "장산"
      },
      "geometry" : {
        "x" : 396873.82610000111,
        "y" : 290157.27960000187
      }
    },
    {
      "attributes" : {
        "FID" : 78,
        "SAFE_SPOT1" : 6150,
        "SAFE_SPOT2" : "산악위치표지판",
        "SAFE_SPOT3" : "구청28",
        "MGC" : "부산시 해운대구",
        "ETC_MATTER" : "장산체육광장 입구",
        "MNTN_NM" : "장산"
      },
      "geometry" : {
        "x" : 396801.41260000039,
        "y" : 290343.82760000043
      }
    },
    {
      "attributes" : {
        "FID" : 79,
        "SAFE_SPOT1" : 6151,
        "SAFE_SPOT2" : "산악위치표지판",
        "SAFE_SPOT3" : "구청43",
        "MGC" : "부산시 해운대구",
        "ETC_MATTER" : "체육광장 위 갈림길(좌측너덜, 우측 모정원)",
        "MNTN_NM" : "장산"
      },
      "geometry" : {
        "x" : 396599.34610000066,
        "y" : 290555.31460000202
      }
    },
    {
      "attributes" : {
        "FID" : 80,
        "SAFE_SPOT1" : 6152,
        "SAFE_SPOT2" : "산악위치표지판",
        "SAFE_SPOT3" : " ",
        "MGC" : "부산시 해운대구",
        "ETC_MATTER" : "모정원 앞",
        "MNTN_NM" : "장산"
      },
      "geometry" : {
        "x" : 396763.70910000056,
        "y" : 290913.54400000162
      }
    },
    {
      "attributes" : {
        "FID" : 81,
        "SAFE_SPOT1" : 6153,
        "SAFE_SPOT2" : "산악위치표지판",
        "SAFE_SPOT3" : "구청46",
        "MGC" : "부산시 해운대구",
        "ETC_MATTER" : "구남정 앞",
        "MNTN_NM" : "장산"
      },
      "geometry" : {
        "x" : 396909.57050000131,
        "y" : 291539.6817000024
      }
    },
    {
      "attributes" : {
        "FID" : 82,
        "SAFE_SPOT1" : 6154,
        "SAFE_SPOT2" : "산악위치표지판",
        "SAFE_SPOT3" : " ",
        "MGC" : "부산시 해운대구",
        "ETC_MATTER" : "장산마을갈림길(세심원 가기전 갈림길) -\u003e 장산너덜길 (대천공원 2.5Km, 억새밭0.3Km)",
        "MNTN_NM" : "장산"
      },
      "geometry" : {
        "x" : 396589.76400000136,
        "y" : 291578.98700000159
      }
    },
    {
      "attributes" : {
        "FID" : 83,
        "SAFE_SPOT1" : 6155,
        "SAFE_SPOT2" : "산악위치표지판",
        "SAFE_SPOT3" : " ",
        "MGC" : "부산시 해운대구",
        "ETC_MATTER" : "장산너덜길(억새밭) -\u003e 8부능선길",
        "MNTN_NM" : "장산"
      },
      "geometry" : {
        "x" : 396265.83689999953,
        "y" : 291575.03830000013
      }
    },
    {
      "attributes" : {
        "FID" : 84,
        "SAFE_SPOT1" : 6156,
        "SAFE_SPOT2" : "산악위치표지판",
        "SAFE_SPOT3" : " ",
        "MGC" : "부산시 해운대구",
        "ETC_MATTER" : "갈맷길(정상 0.2Km, 대천공원2.4Km,)",
        "MNTN_NM" : "장산"
      },
      "geometry" : {
        "x" : 395550.27830000129,
        "y" : 290366.05410000309
      }
    },
    {
      "attributes" : {
        "FID" : 85,
        "SAFE_SPOT1" : 6157,
        "SAFE_SPOT2" : "산악위치표지판",
        "SAFE_SPOT3" : "구청18",
        "MGC" : "부산시 해운대구",
        "ETC_MATTER" : "정상",
        "MNTN_NM" : "장산"
      },
      "geometry" : {
        "x" : 395371.1501000002,
        "y" : 290571.89420000277
      }
    },
    {
      "attributes" : {
        "FID" : 86,
        "SAFE_SPOT1" : 6158,
        "SAFE_SPOT2" : "산악위치표지판",
        "SAFE_SPOT3" : "구청19",
        "MGC" : "부산시 해운대구",
        "ETC_MATTER" : "정상(반여2동 방향)",
        "MNTN_NM" : "장산"
      },
      "geometry" : {
        "x" : 395287.24700000044,
        "y" : 290588.58710000105
      }
    },
    {
      "attributes" : {
        "FID" : 87,
        "SAFE_SPOT1" : 6159,
        "SAFE_SPOT2" : "산악위치표지판",
        "SAFE_SPOT3" : " ",
        "MGC" : "부산시 해운대구",
        "ETC_MATTER" : "위험지역 돌무지",
        "MNTN_NM" : "장산"
      },
      "geometry" : {
        "x" : 395113.90529999975,
        "y" : 290409.06379999965
      }
    },
    {
      "attributes" : {
        "FID" : 88,
        "SAFE_SPOT1" : 6160,
        "SAFE_SPOT2" : "산악위치표지판",
        "SAFE_SPOT3" : " ",
        "MGC" : "부산시 해운대구",
        "ETC_MATTER" : "너덜경 갈림길",
        "MNTN_NM" : "장산"
      },
      "geometry" : {
        "x" : 394886.03039999958,
        "y" : 290410.32230000198
      }
    },
    {
      "attributes" : {
        "FID" : 89,
        "SAFE_SPOT1" : 6161,
        "SAFE_SPOT2" : "산악위치표지판",
        "SAFE_SPOT3" : "구청50",
        "MGC" : "부산시 해운대구",
        "ETC_MATTER" : "반여2동 너덜체육공원 송전탑 50M위",
        "MNTN_NM" : "장산"
      },
      "geometry" : {
        "x" : 394731.57970000058,
        "y" : 290881.92390000075
      }
    },
    {
      "attributes" : {
        "FID" : 90,
        "SAFE_SPOT1" : 6162,
        "SAFE_SPOT2" : "산악위치표지판",
        "SAFE_SPOT3" : " ",
        "MGC" : "부산시 해운대구",
        "ETC_MATTER" : "장산너덜길(장산동국@0.5Km, 중봉위갈림길1.9Km)",
        "MNTN_NM" : "장산"
      },
      "geometry" : {
        "x" : 394711.53600000124,
        "y" : 290872.24080000259
      }
    },
    {
      "attributes" : {
        "FID" : 91,
        "SAFE_SPOT1" : 6163,
        "SAFE_SPOT2" : "산악위치표지판",
        "SAFE_SPOT3" : " ",
        "MGC" : "부산시 해운대구",
        "ETC_MATTER" : "반여산림생태공원 안내표지판",
        "MNTN_NM" : "장산"
      },
      "geometry" : {
        "x" : 394613.39460000023,
        "y" : 290962.64770000055
      }
    },
    {
      "attributes" : {
        "FID" : 92,
        "SAFE_SPOT1" : 6164,
        "SAFE_SPOT2" : "산악위치표지판",
        "SAFE_SPOT3" : " ",
        "MGC" : "부산시 해운대구",
        "ETC_MATTER" : "반여초등학교",
        "MNTN_NM" : "장산"
      },
      "geometry" : {
        "x" : 394474.9159000013,
        "y" : 291163.21010000259
      }
    },
    {
      "attributes" : {
        "FID" : 93,
        "SAFE_SPOT1" : 6165,
        "SAFE_SPOT2" : "산악위치표지판",
        "SAFE_SPOT3" : " ",
        "MGC" : "부산시 해운대구",
        "ETC_MATTER" : "재송초등학교 뒤 등산로 입구(약수터 520m, 재송소공원 560m)",
        "MNTN_NM" : "장산"
      },
      "geometry" : {
        "x" : 393927.60610000137,
        "y" : 289769.86970000342
      }
    },
    {
      "attributes" : {
        "FID" : 94,
        "SAFE_SPOT1" : 6166,
        "SAFE_SPOT2" : "산악위치표지판",
        "SAFE_SPOT3" : "구청20",
        "MGC" : "부산시 해운대구",
        "ETC_MATTER" : "옥천사 옆(재일쉼터)",
        "MNTN_NM" : "장산"
      },
      "geometry" : {
        "x" : 393986.27300000098,
        "y" : 289749.53920000046
      }
    },
    {
      "attributes" : {
        "FID" : 95,
        "SAFE_SPOT1" : 6167,
        "SAFE_SPOT2" : "산악위치표지판",
        "SAFE_SPOT3" : " ",
        "MGC" : "부산시 해운대구",
        "ETC_MATTER" : "갈림길 쉼터(벤치) (체육공원, 약수터 260m)",
        "MNTN_NM" : "장산"
      },
      "geometry" : {
        "x" : 394187.00509999972,
        "y" : 289834.02459999919
      }
    },
    {
      "attributes" : {
        "FID" : 96,
        "SAFE_SPOT1" : 6168,
        "SAFE_SPOT2" : "산악위치표지판",
        "SAFE_SPOT3" : " ",
        "MGC" : "부산시 해운대구",
        "ETC_MATTER" : "옥천약수터 갈림길(170m)",
        "MNTN_NM" : "장산"
      },
      "geometry" : {
        "x" : 394241.15740000084,
        "y" : 289906.1165000014
      }
    },
    {
      "attributes" : {
        "FID" : 97,
        "SAFE_SPOT1" : 6169,
        "SAFE_SPOT2" : "산악위치표지판",
        "SAFE_SPOT3" : " ",
        "MGC" : "부산시 해운대구",
        "ETC_MATTER" : "옥천약수터",
        "MNTN_NM" : "장산"
      },
      "geometry" : {
        "x" : 394394.9282000009,
        "y" : 289937.1726000011
      }
    },
    {
      "attributes" : {
        "FID" : 98,
        "SAFE_SPOT1" : 6170,
        "SAFE_SPOT2" : "산악위치표지판",
        "SAFE_SPOT3" : " ",
        "MGC" : "부산시 해운대구",
        "ETC_MATTER" : "약수터 위 갈림길 (좌측길-선바위 우측길-성불사)",
        "MNTN_NM" : "장산"
      },
      "geometry" : {
        "x" : 394424.69949999917,
        "y" : 289965.56720000133
      }
    },
    {
      "attributes" : {
        "FID" : 99,
        "SAFE_SPOT1" : 6171,
        "SAFE_SPOT2" : "산악위치표지판",
        "SAFE_SPOT3" : " ",
        "MGC" : "부산시 해운대구",
        "ETC_MATTER" : "체육공원 갈림길 게시판(좌측길)",
        "MNTN_NM" : "장산"
      },
      "geometry" : {
        "x" : 396353.41040000226,
        "y" : 289988.69340000302
      }
    },
    {
      "attributes" : {
        "FID" : 100,
        "SAFE_SPOT1" : 6172,
        "SAFE_SPOT2" : "산악위치표지판",
        "SAFE_SPOT3" : "구청16",
        "MGC" : "부산시 해운대구",
        "ETC_MATTER" : "재송 제1.2약수터 갈림길 (옥천사1.0Km, 정상1.1Km)",
        "MNTN_NM" : "장산"
      },
      "geometry" : {
        "x" : 395067.80050000176,
        "y" : 289963.98279999755
      }
    },
    {
      "attributes" : {
        "FID" : 101,
        "SAFE_SPOT1" : 6173,
        "SAFE_SPOT2" : "산악위치표지판",
        "SAFE_SPOT3" : "구청13",
        "MGC" : "부산시 해운대구",
        "ETC_MATTER" : "재송경계쉼터 700M위 갈림길(정상(0.9Km, 성불사(1.6Km)",
        "MNTN_NM" : "장산"
      },
      "geometry" : {
        "x" : 395071.59320000093,
        "y" : 289905.46969999932
      }
    },
    {
      "attributes" : {
        "FID" : 102,
        "SAFE_SPOT1" : 6174,
        "SAFE_SPOT2" : "산악위치표지판",
        "SAFE_SPOT3" : " ",
        "MGC" : "부산시 해운대구",
        "ETC_MATTER" : "선바위(장군바위)",
        "MNTN_NM" : "장산"
      },
      "geometry" : {
        "x" : 395167.30620000046,
        "y" : 290280.68960000202
      }
    },
    {
      "attributes" : {
        "FID" : 103,
        "SAFE_SPOT1" : 6175,
        "SAFE_SPOT2" : "산악위치표지판",
        "SAFE_SPOT3" : "구청14",
        "MGC" : "부산시 해운대구",
        "ETC_MATTER" : "정상-우2동 방향(옥천사2.1Km, 성불사 2.5Km)",
        "MNTN_NM" : "장산"
      },
      "geometry" : {
        "x" : 395315.21470000129,
        "y" : 290583.02270000428
      }
    },
    {
      "attributes" : {
        "FID" : 104,
        "SAFE_SPOT1" : 6176,
        "SAFE_SPOT2" : "산악위치표지판",
        "SAFE_SPOT3" : "구청18",
        "MGC" : "부산시 해운대구",
        "ETC_MATTER" : "정상",
        "MNTN_NM" : "장산"
      },
      "geometry" : {
        "x" : 395371.1501000002,
        "y" : 290571.89420000277
      }
    },
    {
      "attributes" : {
        "FID" : 105,
        "SAFE_SPOT1" : 6177,
        "SAFE_SPOT2" : "산악위치표지판",
        "SAFE_SPOT3" : " ",
        "MGC" : "부산시 해운대구",
        "ETC_MATTER" : "갈맷길(정상 0.2Km, 대천공원2.4Km,)",
        "MNTN_NM" : "장산"
      },
      "geometry" : {
        "x" : 395550.27830000129,
        "y" : 290366.05410000309
      }
    },
    {
      "attributes" : {
        "FID" : 106,
        "SAFE_SPOT1" : 6178,
        "SAFE_SPOT2" : "산악위치표지판",
        "SAFE_SPOT3" : " ",
        "MGC" : "부산시 해운대구",
        "ETC_MATTER" : "CCTV 감시",
        "MNTN_NM" : "장산"
      },
      "geometry" : {
        "x" : 395781.36160000134,
        "y" : 289982.47120000049
      }
    },
    {
      "attributes" : {
        "FID" : 107,
        "SAFE_SPOT1" : 6179,
        "SAFE_SPOT2" : "산악위치표지판",
        "SAFE_SPOT3" : " ",
        "MGC" : "부산시 해운대구",
        "ETC_MATTER" : "장산너덜길(대천공원 2.2Km, 옥녀봉 0.6Km)",
        "MNTN_NM" : "장산"
      },
      "geometry" : {
        "x" : 395866.53860000148,
        "y" : 289907.21490000375
      }
    },
    {
      "attributes" : {
        "FID" : 108,
        "SAFE_SPOT1" : 6180,
        "SAFE_SPOT2" : "산악위치표지판",
        "SAFE_SPOT3" : "구청26",
        "MGC" : "부산시 해운대구",
        "ETC_MATTER" : "중봉",
        "MNTN_NM" : "장산"
      },
      "geometry" : {
        "x" : 395936.93360000104,
        "y" : 289813.13560000062
      }
    },
    {
      "attributes" : {
        "FID" : 109,
        "SAFE_SPOT1" : 6181,
        "SAFE_SPOT2" : "산악위치표지판",
        "SAFE_SPOT3" : " ",
        "MGC" : "부산시 해운대구",
        "ETC_MATTER" : "장산너덜길(정상 1.5Km, 중봉 0.3km)",
        "MNTN_NM" : "장산"
      },
      "geometry" : {
        "x" : 396176.47660000063,
        "y" : 289858.41479999945
      }
    },
    {
      "attributes" : {
        "FID" : 110,
        "SAFE_SPOT1" : 6182,
        "SAFE_SPOT2" : "산악위치표지판",
        "SAFE_SPOT3" : " ",
        "MGC" : "부산시 해운대구",
        "ETC_MATTER" : "옥녀봉",
        "MNTN_NM" : "장산"
      },
      "geometry" : {
        "x" : 396350.29810000025,
        "y" : 289782.00019999966
      }
    },
    {
      "attributes" : {
        "FID" : 111,
        "SAFE_SPOT1" : 6183,
        "SAFE_SPOT2" : "산악위치표지판",
        "SAFE_SPOT3" : " ",
        "MGC" : "부산시 해운대구",
        "ETC_MATTER" : "(위험구역)밧줄 끝지점",
        "MNTN_NM" : "장산"
      },
      "geometry" : {
        "x" : 396401.24560000002,
        "y" : 289767.68550000153
      }
    },
    {
      "attributes" : {
        "FID" : 112,
        "SAFE_SPOT1" : 6184,
        "SAFE_SPOT2" : "산악위치표지판",
        "SAFE_SPOT3" : " ",
        "MGC" : "부산시 해운대구",
        "ETC_MATTER" : "(위험구역)개울옆 갈림길",
        "MNTN_NM" : "장산"
      },
      "geometry" : {
        "x" : 397082.72320000082,
        "y" : 289400.0818000026
      }
    },
    {
      "attributes" : {
        "FID" : 113,
        "SAFE_SPOT1" : 6185,
        "SAFE_SPOT2" : "산악위치표지판",
        "SAFE_SPOT3" : "구청41",
        "MGC" : "부산시 해운대구",
        "ETC_MATTER" : "대천호수 좌측 등산로 갈림길",
        "MNTN_NM" : "장산"
      },
      "geometry" : {
        "x" : 397281.98280000128,
        "y" : 289435.26110000163
      }
    },
    {
      "attributes" : {
        "FID" : 114,
        "SAFE_SPOT1" : 6186,
        "SAFE_SPOT2" : "산악위치표지판",
        "SAFE_SPOT3" : "구청01",
        "MGC" : "부산시 해운대구",
        "ETC_MATTER" : "대천공원 입구",
        "MNTN_NM" : "장산"
      },
      "geometry" : {
        "x" : 397485.67850000132,
        "y" : 289266.99840000272
      }
    },
    {
      "attributes" : {
        "FID" : 115,
        "SAFE_SPOT1" : 6187,
        "SAFE_SPOT2" : "산악위치표지판",
        "SAFE_SPOT3" : "구청 09",
        "MGC" : "부산시 해운대구",
        "ETC_MATTER" : "성불사 입구",
        "MNTN_NM" : "장산"
      },
      "geometry" : {
        "x" : 395216.67710000183,
        "y" : 289282.55739999935
      }
    },
    {
      "attributes" : {
        "FID" : 116,
        "SAFE_SPOT1" : 6188,
        "SAFE_SPOT2" : "산악위치표지판",
        "SAFE_SPOT3" : " ",
        "MGC" : "부산시 해운대구",
        "ETC_MATTER" : "성불사 0.4Km, 재송동 1.4km",
        "MNTN_NM" : "장산"
      },
      "geometry" : {
        "x" : 394926.15870000049,
        "y" : 289134.43759999797
      }
    },
    {
      "attributes" : {
        "FID" : 117,
        "SAFE_SPOT1" : 6189,
        "SAFE_SPOT2" : "산악위치표지판",
        "SAFE_SPOT3" : "구청 11",
        "MGC" : "부산시 해운대구",
        "ETC_MATTER" : "성불사 임도변 재송경계쉽터 맞은편",
        "MNTN_NM" : "장산"
      },
      "geometry" : {
        "x" : 394588.12889999989,
        "y" : 289429.39169999957
      }
    },
    {
      "attributes" : {
        "FID" : 118,
        "SAFE_SPOT1" : 6190,
        "SAFE_SPOT2" : "산악위치표지판",
        "SAFE_SPOT3" : " ",
        "MGC" : "부산시 해운대구",
        "ETC_MATTER" : "큰무덤 윗길",
        "MNTN_NM" : "장산"
      },
      "geometry" : {
        "x" : 394936.11820000038,
        "y" : 289612.66149999946
      }
    },
    {
      "attributes" : {
        "FID" : 119,
        "SAFE_SPOT1" : 6191,
        "SAFE_SPOT2" : "산악위치표지판",
        "SAFE_SPOT3" : "구청 12",
        "MGC" : "부산시 해운대구",
        "ETC_MATTER" : "재송경계쉼터 500M위",
        "MNTN_NM" : "장산"
      },
      "geometry" : {
        "x" : 394966.36190000083,
        "y" : 289736.67020000145
      }
    },
    {
      "attributes" : {
        "FID" : 120,
        "SAFE_SPOT1" : 6192,
        "SAFE_SPOT2" : "산악위치표지판",
        "SAFE_SPOT3" : "구청 13",
        "MGC" : "부산시 해운대구",
        "ETC_MATTER" : "재송경계쉼터 700M위 갈림길 (중봉은 오른쪽)",
        "MNTN_NM" : "장산"
      },
      "geometry" : {
        "x" : 395071.72600000072,
        "y" : 289899.30470000021
      }
    },
    {
      "attributes" : {
        "FID" : 121,
        "SAFE_SPOT1" : 6193,
        "SAFE_SPOT2" : "산악위치표지판",
        "SAFE_SPOT3" : " ",
        "MGC" : "부산시 해운대구",
        "ETC_MATTER" : "갈맷길 (정상 0.2Km, 대천공원2.4Km,)",
        "MNTN_NM" : "장산"
      },
      "geometry" : {
        "x" : 395550.27830000129,
        "y" : 290366.05410000309
      }
    },
    {
      "attributes" : {
        "FID" : 122,
        "SAFE_SPOT1" : 6194,
        "SAFE_SPOT2" : "산악위치표지판",
        "SAFE_SPOT3" : "구청14",
        "MGC" : "부산시 해운대구",
        "ETC_MATTER" : "정상-우2동 방향 (옥천사2.1Km, 성불사 2.5Km)",
        "MNTN_NM" : "장산"
      },
      "geometry" : {
        "x" : 395315.21470000129,
        "y" : 290583.02270000428
      }
    },
    {
      "attributes" : {
        "FID" : 123,
        "SAFE_SPOT1" : 6195,
        "SAFE_SPOT2" : "산악위치표지판",
        "SAFE_SPOT3" : "구청18",
        "MGC" : "부산시 해운대구",
        "ETC_MATTER" : "정상",
        "MNTN_NM" : "장산"
      },
      "geometry" : {
        "x" : 395371.1501000002,
        "y" : 290571.89420000277
      }
    },
    {
      "attributes" : {
        "FID" : 124,
        "SAFE_SPOT1" : 6196,
        "SAFE_SPOT2" : "산악위치표지판",
        "SAFE_SPOT3" : "7893부대",
        "MGC" : "부산시 해운대구",
        "ETC_MATTER" : "7893부대 입구",
        "MNTN_NM" : "장산"
      },
      "geometry" : {
        "x" : 395445.59920000099,
        "y" : 290758.53870000131
      }
    },
    {
      "attributes" : {
        "FID" : 125,
        "SAFE_SPOT1" : 6197,
        "SAFE_SPOT2" : "산악위치표지판",
        "SAFE_SPOT3" : " ",
        "MGC" : "부산시 해운대구",
        "ETC_MATTER" : "8120부대 입구",
        "MNTN_NM" : "장산"
      },
      "geometry" : {
        "x" : 395674.85869999975,
        "y" : 291044.13270000182
      }
    },
    {
      "attributes" : {
        "FID" : 126,
        "SAFE_SPOT1" : 6198,
        "SAFE_SPOT2" : "산악위치표지판",
        "SAFE_SPOT3" : " ",
        "MGC" : "부산시 해운대구",
        "ETC_MATTER" : "갈림길",
        "MNTN_NM" : "장산"
      },
      "geometry" : {
        "x" : 395895.93420000095,
        "y" : 290888.54989999905
      }
    },
    {
      "attributes" : {
        "FID" : 127,
        "SAFE_SPOT1" : 6199,
        "SAFE_SPOT2" : "산악위치표지판",
        "SAFE_SPOT3" : " ",
        "MGC" : "부산시 해운대구",
        "ETC_MATTER" : "장산너덜길 (억새밭)",
        "MNTN_NM" : "장산"
      },
      "geometry" : {
        "x" : 396265.83689999953,
        "y" : 291575.03830000013
      }
    },
    {
      "attributes" : {
        "FID" : 128,
        "SAFE_SPOT1" : 6200,
        "SAFE_SPOT2" : "산악위치표지판",
        "SAFE_SPOT3" : "구청48",
        "MGC" : "부산시 해운대구",
        "ETC_MATTER" : "억새밭 뒷길 갈림길 (좌측 억새밭, 우측 반여동)",
        "MNTN_NM" : "장산"
      },
      "geometry" : {
        "x" : 396019.20189999975,
        "y" : 291742.39379999973
      }
    },
    {
      "attributes" : {
        "FID" : 129,
        "SAFE_SPOT1" : 6201,
        "SAFE_SPOT2" : "산악위치표지판",
        "SAFE_SPOT3" : "구청34",
        "MGC" : "부산시 해운대구",
        "ETC_MATTER" : "헬기장사거리 (정상방향20M)",
        "MNTN_NM" : "장산"
      },
      "geometry" : {
        "x" : 396416.56310000084,
        "y" : 292327.71600000001
      }
    },
    {
      "attributes" : {
        "FID" : 130,
        "SAFE_SPOT1" : 6202,
        "SAFE_SPOT2" : "산악위치표지판",
        "SAFE_SPOT3" : "구청33",
        "MGC" : "부산시 해운대구",
        "ETC_MATTER" : "헬기장사거리",
        "MNTN_NM" : "장산"
      },
      "geometry" : {
        "x" : 396500.52010000125,
        "y" : 292307.95160000026
      }
    },
    {
      "attributes" : {
        "FID" : 131,
        "SAFE_SPOT1" : 6203,
        "SAFE_SPOT2" : "산악위치표지판",
        "SAFE_SPOT3" : " ",
        "MGC" : "부산시 해운대구",
        "ETC_MATTER" : "헬기장",
        "MNTN_NM" : "장산"
      },
      "geometry" : {
        "x" : 396523.54260000214,
        "y" : 292413.30720000155
      }
    },
    {
      "attributes" : {
        "FID" : 132,
        "SAFE_SPOT1" : 6204,
        "SAFE_SPOT2" : "산악위치표지판",
        "SAFE_SPOT3" : " ",
        "MGC" : "부산시 해운대구",
        "ETC_MATTER" : "장산너덜길 (반송 방면)",
        "MNTN_NM" : "장산"
      },
      "geometry" : {
        "x" : 397134.18969999999,
        "y" : 293080.40310000442
      }
    },
    {
      "attributes" : {
        "FID" : 133,
        "SAFE_SPOT1" : 6205,
        "SAFE_SPOT2" : "산악위치표지판",
        "SAFE_SPOT3" : "구청30",
        "MGC" : "부산시 해운대구",
        "ETC_MATTER" : "반송돌탑주변",
        "MNTN_NM" : "장산"
      },
      "geometry" : {
        "x" : 397215.36060000211,
        "y" : 293304.22110000253
      }
    },
    {
      "attributes" : {
        "FID" : 134,
        "SAFE_SPOT1" : 6206,
        "SAFE_SPOT2" : "산악위치표지판",
        "SAFE_SPOT3" : "구청31",
        "MGC" : "부산시 해운대구",
        "ETC_MATTER" : "반송돌탑주변 (반송교장방향) 반송2,3동, 기장, 반송3동(체육공원)(0.9\u339E)",
        "MNTN_NM" : "장산"
      },
      "geometry" : {
        "x" : 397214.95720000006,
        "y" : 293322.71639999934
      }
    },
    {
      "attributes" : {
        "FID" : 135,
        "SAFE_SPOT1" : 6207,
        "SAFE_SPOT2" : "산악위치표지판",
        "SAFE_SPOT3" : " ",
        "MGC" : "부산시 해운대구",
        "ETC_MATTER" : " ",
        "MNTN_NM" : "장산"
      },
      "geometry" : {
        "x" : 397685.74210000038,
        "y" : 293089.35950000212
      }
    },
    {
      "attributes" : {
        "FID" : 136,
        "SAFE_SPOT1" : 6208,
        "SAFE_SPOT2" : "산악위치표지판",
        "SAFE_SPOT3" : " ",
        "MGC" : "부산시 해운대구",
        "ETC_MATTER" : " ",
        "MNTN_NM" : "장산"
      },
      "geometry" : {
        "x" : 397913.04839999974,
        "y" : 293226.94409999996
      }
    },
    {
      "attributes" : {
        "FID" : 137,
        "SAFE_SPOT1" : 6209,
        "SAFE_SPOT2" : "산악위치표지판",
        "SAFE_SPOT3" : " ",
        "MGC" : "부산시 해운대구",
        "ETC_MATTER" : " ",
        "MNTN_NM" : "장산"
      },
      "geometry" : {
        "x" : 399224.6640000008,
        "y" : 293659.75660000183
      }
    },
    {
      "attributes" : {
        "FID" : 138,
        "SAFE_SPOT1" : 6210,
        "SAFE_SPOT2" : "산악위치표지판",
        "SAFE_SPOT3" : "구청01",
        "MGC" : "부산시 해운대구",
        "ETC_MATTER" : "대천공원 입구",
        "MNTN_NM" : "장산"
      },
      "geometry" : {
        "x" : 397485.67850000132,
        "y" : 289266.99840000272
      }
    },
    {
      "attributes" : {
        "FID" : 139,
        "SAFE_SPOT1" : 6211,
        "SAFE_SPOT2" : "산악위치표지판",
        "SAFE_SPOT3" : "구청41",
        "MGC" : "부산시 해운대구",
        "ETC_MATTER" : "대천호수 좌측 등산로 갈림길",
        "MNTN_NM" : "장산"
      },
      "geometry" : {
        "x" : 397281.98280000128,
        "y" : 289435.26110000163
      }
    },
    {
      "attributes" : {
        "FID" : 140,
        "SAFE_SPOT1" : 6212,
        "SAFE_SPOT2" : "산악위치표지판",
        "SAFE_SPOT3" : " ",
        "MGC" : "부산시 해운대구",
        "ETC_MATTER" : "옥녀봉",
        "MNTN_NM" : "장산"
      },
      "geometry" : {
        "x" : 396350.29810000025,
        "y" : 289782.00019999966
      }
    },
    {
      "attributes" : {
        "FID" : 141,
        "SAFE_SPOT1" : 6213,
        "SAFE_SPOT2" : "산악위치표지판",
        "SAFE_SPOT3" : " ",
        "MGC" : "부산시 해운대구",
        "ETC_MATTER" : "장산너덜길 (정상 1.5Km, 중봉 0.3km)",
        "MNTN_NM" : "장산"
      },
      "geometry" : {
        "x" : 396176.47660000063,
        "y" : 289858.41479999945
      }
    },
    {
      "attributes" : {
        "FID" : 142,
        "SAFE_SPOT1" : 6214,
        "SAFE_SPOT2" : "산악위치표지판",
        "SAFE_SPOT3" : "구청26",
        "MGC" : "부산시 해운대구",
        "ETC_MATTER" : "중봉",
        "MNTN_NM" : "장산"
      },
      "geometry" : {
        "x" : 395936.93360000104,
        "y" : 289813.13560000062
      }
    },
    {
      "attributes" : {
        "FID" : 143,
        "SAFE_SPOT1" : 6215,
        "SAFE_SPOT2" : "산악위치표지판",
        "SAFE_SPOT3" : " ",
        "MGC" : "부산시 해운대구",
        "ETC_MATTER" : "장산너덜길 (대천공원 2.2Km, 옥녀봉 0.6Km)",
        "MNTN_NM" : "장산"
      },
      "geometry" : {
        "x" : 395866.53860000148,
        "y" : 289907.21490000375
      }
    },
    {
      "attributes" : {
        "FID" : 144,
        "SAFE_SPOT1" : 6216,
        "SAFE_SPOT2" : "산악위치표지판",
        "SAFE_SPOT3" : " ",
        "MGC" : "부산시 해운대구",
        "ETC_MATTER" : "CCTV 감시",
        "MNTN_NM" : "장산"
      },
      "geometry" : {
        "x" : 395781.36160000134,
        "y" : 289982.47120000049
      }
    },
    {
      "attributes" : {
        "FID" : 145,
        "SAFE_SPOT1" : 6217,
        "SAFE_SPOT2" : "산악위치표지판",
        "SAFE_SPOT3" : " ",
        "MGC" : "부산시 해운대구",
        "ETC_MATTER" : "갈맷길 (정상 0.2Km, 대천공원2.4Km,)",
        "MNTN_NM" : "장산"
      },
      "geometry" : {
        "x" : 395550.27830000129,
        "y" : 290366.05410000309
      }
    },
    {
      "attributes" : {
        "FID" : 146,
        "SAFE_SPOT1" : 6218,
        "SAFE_SPOT2" : "산악위치표지판",
        "SAFE_SPOT3" : "구청18",
        "MGC" : "부산시 해운대구",
        "ETC_MATTER" : "정상",
        "MNTN_NM" : "장산"
      },
      "geometry" : {
        "x" : 395371.1501000002,
        "y" : 290571.89420000277
      }
    },
    {
      "attributes" : {
        "FID" : 147,
        "SAFE_SPOT1" : 6219,
        "SAFE_SPOT2" : "산악위치표지판",
        "SAFE_SPOT3" : "7893부대",
        "MGC" : "부산시 해운대구",
        "ETC_MATTER" : "7893부대 입구",
        "MNTN_NM" : "장산"
      },
      "geometry" : {
        "x" : 395445.59920000099,
        "y" : 290758.53870000131
      }
    },
    {
      "attributes" : {
        "FID" : 148,
        "SAFE_SPOT1" : 6220,
        "SAFE_SPOT2" : "산악위치표지판",
        "SAFE_SPOT3" : " ",
        "MGC" : "부산시 해운대구",
        "ETC_MATTER" : "8120부대 입구",
        "MNTN_NM" : "장산"
      },
      "geometry" : {
        "x" : 395674.85869999975,
        "y" : 291044.13270000182
      }
    },
    {
      "attributes" : {
        "FID" : 149,
        "SAFE_SPOT1" : 6221,
        "SAFE_SPOT2" : "산악위치표지판",
        "SAFE_SPOT3" : " ",
        "MGC" : "부산시 해운대구",
        "ETC_MATTER" : "갈림길",
        "MNTN_NM" : "장산"
      },
      "geometry" : {
        "x" : 395895.93420000095,
        "y" : 290888.54989999905
      }
    },
    {
      "attributes" : {
        "FID" : 150,
        "SAFE_SPOT1" : 6222,
        "SAFE_SPOT2" : "산악위치표지판",
        "SAFE_SPOT3" : " ",
        "MGC" : "부산시 해운대구",
        "ETC_MATTER" : "장산너덜길(억새밭)",
        "MNTN_NM" : "장산"
      },
      "geometry" : {
        "x" : 396265.83689999953,
        "y" : 291575.03830000013
      }
    },
    {
      "attributes" : {
        "FID" : 151,
        "SAFE_SPOT1" : 6223,
        "SAFE_SPOT2" : "산악위치표지판",
        "SAFE_SPOT3" : "구청 47",
        "MGC" : "부산시 해운대구",
        "ETC_MATTER" : "구남정 위 억새밭 아래 갈림길",
        "MNTN_NM" : "장산"
      },
      "geometry" : {
        "x" : 396372.01190000121,
        "y" : 291814.80830000155
      }
    },
    {
      "attributes" : {
        "FID" : 152,
        "SAFE_SPOT1" : 6224,
        "SAFE_SPOT2" : "산악위치표지판",
        "SAFE_SPOT3" : " ",
        "MGC" : "부산시 해운대구",
        "ETC_MATTER" : "세심원",
        "MNTN_NM" : "장산"
      },
      "geometry" : {
        "x" : 396618.1007000003,
        "y" : 291789.31350000203
      }
    },
    {
      "attributes" : {
        "FID" : 153,
        "SAFE_SPOT1" : 6225,
        "SAFE_SPOT2" : "산악위치표지판",
        "SAFE_SPOT3" : "구청46",
        "MGC" : "부산시 해운대구",
        "ETC_MATTER" : "구남정 앞",
        "MNTN_NM" : "장산"
      },
      "geometry" : {
        "x" : 396909.57050000131,
        "y" : 291539.6817000024
      }
    },
    {
      "attributes" : {
        "FID" : 154,
        "SAFE_SPOT1" : 6226,
        "SAFE_SPOT2" : "산악위치표지판",
        "SAFE_SPOT3" : " ",
        "MGC" : "부산시 해운대구",
        "ETC_MATTER" : "모정원 앞",
        "MNTN_NM" : "장산"
      },
      "geometry" : {
        "x" : 396763.70910000056,
        "y" : 290913.54400000162
      }
    },
    {
      "attributes" : {
        "FID" : 155,
        "SAFE_SPOT1" : 6227,
        "SAFE_SPOT2" : "산악위치표지판",
        "SAFE_SPOT3" : "구청43",
        "MGC" : "부산시 해운대구",
        "ETC_MATTER" : "체육광장 위 갈림길(좌측너덜, 우측 모정원)",
        "MNTN_NM" : "장산"
      },
      "geometry" : {
        "x" : 396599.34610000066,
        "y" : 290555.31460000202
      }
    },
    {
      "attributes" : {
        "FID" : 156,
        "SAFE_SPOT1" : 6228,
        "SAFE_SPOT2" : "산악위치표지판",
        "SAFE_SPOT3" : "구청28",
        "MGC" : "부산시 해운대구",
        "ETC_MATTER" : "장산체육광장 입구",
        "MNTN_NM" : "장산"
      },
      "geometry" : {
        "x" : 396801.41260000039,
        "y" : 290343.82760000043
      }
    },
    {
      "attributes" : {
        "FID" : 157,
        "SAFE_SPOT1" : 6229,
        "SAFE_SPOT2" : "산악위치표지판",
        "SAFE_SPOT3" : "구청15",
        "MGC" : "부산시 해운대구",
        "ETC_MATTER" : "산림욕장 산책길(양운폭포 입구)",
        "MNTN_NM" : "장산"
      },
      "geometry" : {
        "x" : 396873.82610000111,
        "y" : 290157.27960000187
      }
    },
    {
      "attributes" : {
        "FID" : 158,
        "SAFE_SPOT1" : 6230,
        "SAFE_SPOT2" : "산악위치표지판",
        "SAFE_SPOT3" : "구청03",
        "MGC" : "부산시 해운대구",
        "ETC_MATTER" : "폭포사 입구 화장실 옆",
        "MNTN_NM" : "장산"
      },
      "geometry" : {
        "x" : 397005.16560000088,
        "y" : 290055.28170000017
      }
    },
    {
      "attributes" : {
        "FID" : 159,
        "SAFE_SPOT1" : 6231,
        "SAFE_SPOT2" : "산악위치표지판",
        "SAFE_SPOT3" : "구청10",
        "MGC" : "부산시 해운대구",
        "ETC_MATTER" : "관리사무소\uFF5E체육광장 쪽 우측 산책길 입구",
        "MNTN_NM" : "장산"
      },
      "geometry" : {
        "x" : 397205.59460000135,
        "y" : 289803.67510000244
      }
    },
    {
      "attributes" : {
        "FID" : 160,
        "SAFE_SPOT1" : 6232,
        "SAFE_SPOT2" : "산악위치표지판",
        "SAFE_SPOT3" : "구청02",
        "MGC" : "부산시 해운대구",
        "ETC_MATTER" : "장산산림욕장 관리사무소 앞",
        "MNTN_NM" : "장산"
      },
      "geometry" : {
        "x" : 397261.62669999991,
        "y" : 289672.284500001
      }
    },
    {
      "attributes" : {
        "FID" : 161,
        "SAFE_SPOT1" : 6233,
        "SAFE_SPOT2" : "산악위치표지판",
        "SAFE_SPOT3" : "구청01",
        "MGC" : "부산시 해운대구",
        "ETC_MATTER" : "대천공원 입구",
        "MNTN_NM" : "장산"
      },
      "geometry" : {
        "x" : 397485.67850000132,
        "y" : 289266.99840000272
      }
    }
  ]
}