{
  "displayFieldName" : "",
  "fieldAliases" : {
    "FID" : "FID",
    "PMNTN_SPOT" : "PMNTN_SPOT",
    "MNTN_CODE" : "MNTN_CODE",
    "MANAGE_SP1" : "MANAGE_SP1",
    "MANAGE_SP2" : "MANAGE_SP2",
    "DETAIL_SPO" : "DETAIL_SPO",
    "ETC_MATTER" : "ETC_MATTER",
    "MNTN_NM" : "MNTN_NM",
    "PAST_SPOT_" : "PAST_SPOT_",
    "MNTN_ID" : "MNTN_ID"
  },
  "geometryType" : "esriGeometryPoint",
  "spatialReference" : {
    "wkt" : "PROJCS[\"PCS_ITRF2000_TM\",GEOGCS[\"GCS_ITRF_2000\",DATUM[\"D_ITRF_2000\",SPHEROID[\"GRS_1980\",6378137.0,298.257222101]],PRIMEM[\"Greenwich\",0.0],UNIT[\"Degree\",0.0174532925199433]],PROJECTION[\"Transverse_Mercator\"],PARAMETER[\"False_Easting\",200000.0],PARAMETER[\"False_Northing\",600000.0],PARAMETER[\"Central_Meridian\",127.0],PARAMETER[\"Scale_Factor\",1.0],PARAMETER[\"Latitude_Of_Origin\",38.0],UNIT[\"Meter\",1.0]]"
  },
  "fields" : [
    {
      "name" : "FID",
      "type" : "esriFieldTypeOID",
      "alias" : "FID"
    },
    {
      "name" : "PMNTN_SPOT",
      "type" : "esriFieldTypeDouble",
      "alias" : "PMNTN_SPOT"
    },
    {
      "name" : "MNTN_CODE",
      "type" : "esriFieldTypeString",
      "alias" : "MNTN_CODE",
      "length" : 9
    },
    {
      "name" : "MANAGE_SP1",
      "type" : "esriFieldTypeString",
      "alias" : "MANAGE_SP1",
      "length" : 2
    },
    {
      "name" : "MANAGE_SP2",
      "type" : "esriFieldTypeString",
      "alias" : "MANAGE_SP2",
      "length" : 50
    },
    {
      "name" : "DETAIL_SPO",
      "type" : "esriFieldTypeString",
      "alias" : "DETAIL_SPO",
      "length" : 200
    },
    {
      "name" : "ETC_MATTER",
      "type" : "esriFieldTypeString",
      "alias" : "ETC_MATTER",
      "length" : 200
    },
    {
      "name" : "MNTN_NM",
      "type" : "esriFieldTypeString",
      "alias" : "MNTN_NM",
      "length" : 50
    },
    {
      "name" : "PAST_SPOT_",
      "type" : "esriFieldTypeString",
      "alias" : "PAST_SPOT_",
      "length" : 14
    },
    {
      "name" : "MNTN_ID",
      "type" : "esriFieldTypeString",
      "alias" : "MNTN_ID",
      "length" : 10
    }
  ],
  "features" : [
    {
      "attributes" : {
        "FID" : 0,
        "PMNTN_SPOT" : 57214,
        "MNTN_CODE" : "302301104",
        "MANAGE_SP1" : "01",
        "MANAGE_SP2" : "시종점",
        "DETAIL_SPO" : "시종점",
        "ETC_MATTER" : " ",
        "MNTN_NM" : "신탄진정수장산림공원",
        "PAST_SPOT_" : "3023011040001",
        "MNTN_ID" : "302301104"
      },
      "geometry" : {
        "x" : 239003.89020000026,
        "y" : 426154.24350000173
      }
    },
    {
      "attributes" : {
        "FID" : 1,
        "PMNTN_SPOT" : 57215,
        "MNTN_CODE" : "302301104",
        "MANAGE_SP1" : "01",
        "MANAGE_SP2" : "시종점",
        "DETAIL_SPO" : "시종점",
        "ETC_MATTER" : " ",
        "MNTN_NM" : "신탄진정수장산림공원",
        "PAST_SPOT_" : "3023011040002",
        "MNTN_ID" : "302301104"
      },
      "geometry" : {
        "x" : 239111.5886000013,
        "y" : 427422.24320000038
      }
    },
    {
      "attributes" : {
        "FID" : 2,
        "PMNTN_SPOT" : 57216,
        "MNTN_CODE" : "302301104",
        "MANAGE_SP1" : "02",
        "MANAGE_SP2" : "분기점",
        "DETAIL_SPO" : "분기점",
        "ETC_MATTER" : " ",
        "MNTN_NM" : "신탄진정수장산림공원",
        "PAST_SPOT_" : "3023011040003",
        "MNTN_ID" : "302301104"
      },
      "geometry" : {
        "x" : 239112.56370000076,
        "y" : 427416.26920000277
      }
    },
    {
      "attributes" : {
        "FID" : 3,
        "PMNTN_SPOT" : 57217,
        "MNTN_CODE" : "302301104",
        "MANAGE_SP1" : "01",
        "MANAGE_SP2" : "시종점",
        "DETAIL_SPO" : "시종점",
        "ETC_MATTER" : " ",
        "MNTN_NM" : "신탄진정수장산림공원",
        "PAST_SPOT_" : "3023011040004",
        "MNTN_ID" : "302301104"
      },
      "geometry" : {
        "x" : 239279.58330000006,
        "y" : 428078.40619999915
      }
    },
    {
      "attributes" : {
        "FID" : 4,
        "PMNTN_SPOT" : 57218,
        "MNTN_CODE" : "302301104",
        "MANAGE_SP1" : "02",
        "MANAGE_SP2" : "분기점",
        "DETAIL_SPO" : "분기점",
        "ETC_MATTER" : " ",
        "MNTN_NM" : "신탄진정수장산림공원",
        "PAST_SPOT_" : "3023011040005",
        "MNTN_ID" : "302301104"
      },
      "geometry" : {
        "x" : 239382.2435000008,
        "y" : 427357.56120000035
      }
    },
    {
      "attributes" : {
        "FID" : 5,
        "PMNTN_SPOT" : 57219,
        "MNTN_CODE" : "302301104",
        "MANAGE_SP1" : "02",
        "MANAGE_SP2" : "분기점",
        "DETAIL_SPO" : "분기점",
        "ETC_MATTER" : " ",
        "MNTN_NM" : "신탄진정수장산림공원",
        "PAST_SPOT_" : "3023011040006",
        "MNTN_ID" : "302301104"
      },
      "geometry" : {
        "x" : 239387.99530000053,
        "y" : 427353.70540000126
      }
    }
  ]
}