{
  "displayFieldName" : "",
  "fieldAliases" : {
    "FID" : "FID",
    "PMNTN_SPOT" : "PMNTN_SPOT",
    "MNTN_CODE" : "MNTN_CODE",
    "MANAGE_SP1" : "MANAGE_SP1",
    "MANAGE_SP2" : "MANAGE_SP2",
    "DETAIL_SPO" : "DETAIL_SPO",
    "ETC_MATTER" : "ETC_MATTER",
    "MNTN_NM" : "MNTN_NM",
    "PAST_SPOT_" : "PAST_SPOT_",
    "MNTN_ID" : "MNTN_ID"
  },
  "geometryType" : "esriGeometryPoint",
  "spatialReference" : {
    "wkt" : "PROJCS[\"PCS_ITRF2000_TM\",GEOGCS[\"GCS_ITRF_2000\",DATUM[\"D_ITRF_2000\",SPHEROID[\"GRS_1980\",6378137.0,298.257222101]],PRIMEM[\"Greenwich\",0.0],UNIT[\"Degree\",0.0174532925199433]],PROJECTION[\"Transverse_Mercator\"],PARAMETER[\"False_Easting\",200000.0],PARAMETER[\"False_Northing\",600000.0],PARAMETER[\"Central_Meridian\",127.0],PARAMETER[\"Scale_Factor\",1.0],PARAMETER[\"Latitude_Of_Origin\",38.0],UNIT[\"Meter\",1.0]]"
  },
  "fields" : [
    {
      "name" : "FID",
      "type" : "esriFieldTypeOID",
      "alias" : "FID"
    },
    {
      "name" : "PMNTN_SPOT",
      "type" : "esriFieldTypeDouble",
      "alias" : "PMNTN_SPOT"
    },
    {
      "name" : "MNTN_CODE",
      "type" : "esriFieldTypeString",
      "alias" : "MNTN_CODE",
      "length" : 9
    },
    {
      "name" : "MANAGE_SP1",
      "type" : "esriFieldTypeString",
      "alias" : "MANAGE_SP1",
      "length" : 2
    },
    {
      "name" : "MANAGE_SP2",
      "type" : "esriFieldTypeString",
      "alias" : "MANAGE_SP2",
      "length" : 50
    },
    {
      "name" : "DETAIL_SPO",
      "type" : "esriFieldTypeString",
      "alias" : "DETAIL_SPO",
      "length" : 200
    },
    {
      "name" : "ETC_MATTER",
      "type" : "esriFieldTypeString",
      "alias" : "ETC_MATTER",
      "length" : 200
    },
    {
      "name" : "MNTN_NM",
      "type" : "esriFieldTypeString",
      "alias" : "MNTN_NM",
      "length" : 50
    },
    {
      "name" : "PAST_SPOT_",
      "type" : "esriFieldTypeString",
      "alias" : "PAST_SPOT_",
      "length" : 14
    },
    {
      "name" : "MNTN_ID",
      "type" : "esriFieldTypeString",
      "alias" : "MNTN_ID",
      "length" : 10
    }
  ],
  "features" : [
    {
      "attributes" : {
        "FID" : 0,
        "PMNTN_SPOT" : 11281,
        "MNTN_CODE" : "413900101",
        "MANAGE_SP1" : "99",
        "MANAGE_SP2" : "기타",
        "DETAIL_SPO" : "기타",
        "ETC_MATTER" : "안산시계영동고속도로밑터널통과해서안산정수장가는길",
        "MNTN_NM" : "군자봉",
        "PAST_SPOT_" : "21239901000001",
        "MNTN_ID" : "2123990100"
      },
      "geometry" : {
        "x" : 181861.69400000293,
        "y" : 528396.26930000447
      }
    },
    {
      "attributes" : {
        "FID" : 1,
        "PMNTN_SPOT" : 11282,
        "MNTN_CODE" : "413900101",
        "MANAGE_SP1" : "99",
        "MANAGE_SP2" : "기타",
        "DETAIL_SPO" : "기타",
        "ETC_MATTER" : "1-3-7구간 292번과 만나는 지름길",
        "MNTN_NM" : "군자봉",
        "PAST_SPOT_" : "21239901000002",
        "MNTN_ID" : "2123990100"
      },
      "geometry" : {
        "x" : 182222.87410000153,
        "y" : 529229.66899999976
      }
    },
    {
      "attributes" : {
        "FID" : 2,
        "PMNTN_SPOT" : 11283,
        "MNTN_CODE" : "413900101",
        "MANAGE_SP1" : "06",
        "MANAGE_SP2" : "음수대",
        "DETAIL_SPO" : "약수터",
        "ETC_MATTER" : " ",
        "MNTN_NM" : "군자봉",
        "PAST_SPOT_" : "21239901000003",
        "MNTN_ID" : "2123990100"
      },
      "geometry" : {
        "x" : 182214.34300000314,
        "y" : 529217.26790000126
      }
    },
    {
      "attributes" : {
        "FID" : 3,
        "PMNTN_SPOT" : 11284,
        "MNTN_CODE" : "413900101",
        "MANAGE_SP1" : "99",
        "MANAGE_SP2" : "기타",
        "DETAIL_SPO" : "기타",
        "ETC_MATTER" : "노선 중앙 곳곳에",
        "MNTN_NM" : "군자봉",
        "PAST_SPOT_" : "21239901000004",
        "MNTN_ID" : "2123990100"
      },
      "geometry" : {
        "x" : 182243.47790000215,
        "y" : 529029.83929999918
      }
    },
    {
      "attributes" : {
        "FID" : 4,
        "PMNTN_SPOT" : 11285,
        "MNTN_CODE" : "413900101",
        "MANAGE_SP1" : "99",
        "MANAGE_SP2" : "기타",
        "DETAIL_SPO" : "경효재,경효사",
        "ETC_MATTER" : "영응대군의재실,사당",
        "MNTN_NM" : "군자봉",
        "PAST_SPOT_" : "21239901000005",
        "MNTN_ID" : "2123990100"
      },
      "geometry" : {
        "x" : 181213.80840000138,
        "y" : 528581.78979999945
      }
    },
    {
      "attributes" : {
        "FID" : 5,
        "PMNTN_SPOT" : 11286,
        "MNTN_CODE" : "413900101",
        "MANAGE_SP1" : "99",
        "MANAGE_SP2" : "기타",
        "DETAIL_SPO" : "영응대군신도비(신)",
        "ETC_MATTER" : "향토유적 제9호",
        "MNTN_NM" : "군자봉",
        "PAST_SPOT_" : "21239901000006",
        "MNTN_ID" : "2123990100"
      },
      "geometry" : {
        "x" : 181252.52530000079,
        "y" : 528582.0353000015
      }
    },
    {
      "attributes" : {
        "FID" : 6,
        "PMNTN_SPOT" : 11287,
        "MNTN_CODE" : "413900101",
        "MANAGE_SP1" : "11",
        "MANAGE_SP2" : "안내판또는지도",
        "DETAIL_SPO" : "영응대군묘 안내판,이정표,향나무,영응대군신도비(구),영응대군묘",
        "ETC_MATTER" : "향토유적 제9호",
        "MNTN_NM" : "군자봉",
        "PAST_SPOT_" : "21239901000007",
        "MNTN_ID" : "2123990100"
      },
      "geometry" : {
        "x" : 181365.02660000138,
        "y" : 528630.49390000105
      }
    },
    {
      "attributes" : {
        "FID" : 7,
        "PMNTN_SPOT" : 11288,
        "MNTN_CODE" : "413900101",
        "MANAGE_SP1" : "99",
        "MANAGE_SP2" : "기타",
        "DETAIL_SPO" : "기타",
        "ETC_MATTER" : "사각지붕의정자",
        "MNTN_NM" : "군자봉",
        "PAST_SPOT_" : "21239901000008",
        "MNTN_ID" : "2123990100"
      },
      "geometry" : {
        "x" : 181399.35490000062,
        "y" : 528645.26689999923
      }
    },
    {
      "attributes" : {
        "FID" : 8,
        "PMNTN_SPOT" : 11289,
        "MNTN_CODE" : "413900101",
        "MANAGE_SP1" : "99",
        "MANAGE_SP2" : "기타",
        "DETAIL_SPO" : "기타",
        "ETC_MATTER" : "뿌리노출",
        "MNTN_NM" : "군자봉",
        "PAST_SPOT_" : "21239901000009",
        "MNTN_ID" : "2123990100"
      },
      "geometry" : {
        "x" : 181547.81060000043,
        "y" : 528735.63360000029
      }
    },
    {
      "attributes" : {
        "FID" : 9,
        "PMNTN_SPOT" : 11290,
        "MNTN_CODE" : "413900101",
        "MANAGE_SP1" : "99",
        "MANAGE_SP2" : "기타",
        "DETAIL_SPO" : "기타",
        "ETC_MATTER" : "노선중앙에나무",
        "MNTN_NM" : "군자봉",
        "PAST_SPOT_" : "21239901000010",
        "MNTN_ID" : "2123990100"
      },
      "geometry" : {
        "x" : 181707.67300000042,
        "y" : 528604.2946000006
      }
    },
    {
      "attributes" : {
        "FID" : 10,
        "PMNTN_SPOT" : 11291,
        "MNTN_CODE" : "413900101",
        "MANAGE_SP1" : "99",
        "MANAGE_SP2" : "기타",
        "DETAIL_SPO" : "기타",
        "ETC_MATTER" : "개인묘역이나 시야가트인곳(거모동쪽 조망)",
        "MNTN_NM" : "군자봉",
        "PAST_SPOT_" : "21239901000011",
        "MNTN_ID" : "2123990100"
      },
      "geometry" : {
        "x" : 181765.8357000025,
        "y" : 528579.92750000395
      }
    },
    {
      "attributes" : {
        "FID" : 11,
        "PMNTN_SPOT" : 11292,
        "MNTN_CODE" : "413900101",
        "MANAGE_SP1" : "11",
        "MANAGE_SP2" : "안내판또는지도",
        "DETAIL_SPO" : "긴급구조안내,이정표,피크닉테이블,영각사가는길,운동하는 숲",
        "ETC_MATTER" : "긴급안내요청연락안내,소나무로만든평상,피그닉테이블2개,등있는의자2개,운동기구 역기외 5개,노선1-2가는 길,노선1-3가는 길,",
        "MNTN_NM" : "군자봉",
        "PAST_SPOT_" : "21239901000012",
        "MNTN_ID" : "2123990100"
      },
      "geometry" : {
        "x" : 181968.8460000027,
        "y" : 528756.39580000192
      }
    },
    {
      "attributes" : {
        "FID" : 12,
        "PMNTN_SPOT" : 11293,
        "MNTN_CODE" : "413900101",
        "MANAGE_SP1" : "99",
        "MANAGE_SP2" : "기타",
        "DETAIL_SPO" : "기타",
        "ETC_MATTER" : "뿌리노출",
        "MNTN_NM" : "군자봉",
        "PAST_SPOT_" : "21239901000013",
        "MNTN_ID" : "2123990100"
      },
      "geometry" : {
        "x" : 181989.80340000335,
        "y" : 528787.29320000112
      }
    },
    {
      "attributes" : {
        "FID" : 13,
        "PMNTN_SPOT" : 11294,
        "MNTN_CODE" : "413900101",
        "MANAGE_SP1" : "99",
        "MANAGE_SP2" : "기타",
        "DETAIL_SPO" : "기타",
        "ETC_MATTER" : "암석노출",
        "MNTN_NM" : "군자봉",
        "PAST_SPOT_" : "21239901000014",
        "MNTN_ID" : "2123990100"
      },
      "geometry" : {
        "x" : 181998.93670000136,
        "y" : 528807.40619999915
      }
    },
    {
      "attributes" : {
        "FID" : 14,
        "PMNTN_SPOT" : 11295,
        "MNTN_CODE" : "413900101",
        "MANAGE_SP1" : "99",
        "MANAGE_SP2" : "기타",
        "DETAIL_SPO" : "기타",
        "ETC_MATTER" : "시화,서해조망",
        "MNTN_NM" : "군자봉",
        "PAST_SPOT_" : "21239901000015",
        "MNTN_ID" : "2123990100"
      },
      "geometry" : {
        "x" : 182005.71650000103,
        "y" : 528816.71430000104
      }
    },
    {
      "attributes" : {
        "FID" : 15,
        "PMNTN_SPOT" : 11296,
        "MNTN_CODE" : "413900101",
        "MANAGE_SP1" : "99",
        "MANAGE_SP2" : "기타",
        "DETAIL_SPO" : "기타",
        "ETC_MATTER" : "암석노출",
        "MNTN_NM" : "군자봉",
        "PAST_SPOT_" : "21239901000016",
        "MNTN_ID" : "2123990100"
      },
      "geometry" : {
        "x" : 182041.30620000418,
        "y" : 529014.25870000012
      }
    },
    {
      "attributes" : {
        "FID" : 16,
        "PMNTN_SPOT" : 11297,
        "MNTN_CODE" : "413900101",
        "MANAGE_SP1" : "99",
        "MANAGE_SP2" : "기타",
        "DETAIL_SPO" : "안전로프",
        "ETC_MATTER" : "로프설치,뿌리노출,암석노출등 로프가설치되어있으나 위험하고 많이 훼손된 길",
        "MNTN_NM" : "군자봉",
        "PAST_SPOT_" : "21239901000017",
        "MNTN_ID" : "2123990100"
      },
      "geometry" : {
        "x" : 182028.42670000065,
        "y" : 529039.56910000183
      }
    },
    {
      "attributes" : {
        "FID" : 17,
        "PMNTN_SPOT" : 11298,
        "MNTN_CODE" : "413900101",
        "MANAGE_SP1" : "99",
        "MANAGE_SP2" : "기타",
        "DETAIL_SPO" : "안전로프",
        "ETC_MATTER" : "로프설치,뿌리노출,암석노출등 로프가설치되어있으나 위험하고 많이 훼손된 길",
        "MNTN_NM" : "군자봉",
        "PAST_SPOT_" : "21239901000018",
        "MNTN_ID" : "2123990100"
      },
      "geometry" : {
        "x" : 182015.86960000079,
        "y" : 529168.76160000078
      }
    },
    {
      "attributes" : {
        "FID" : 18,
        "PMNTN_SPOT" : 11299,
        "MNTN_CODE" : "413900101",
        "MANAGE_SP1" : "99",
        "MANAGE_SP2" : "기타",
        "DETAIL_SPO" : "로프",
        "ETC_MATTER" : " ",
        "MNTN_NM" : "군자봉",
        "PAST_SPOT_" : "21239901000019",
        "MNTN_ID" : "2123990100"
      },
      "geometry" : {
        "x" : 182029.64410000201,
        "y" : 529467.16180000082
      }
    },
    {
      "attributes" : {
        "FID" : 19,
        "PMNTN_SPOT" : 11300,
        "MNTN_CODE" : "413900101",
        "MANAGE_SP1" : "99",
        "MANAGE_SP2" : "기타",
        "DETAIL_SPO" : "로프",
        "ETC_MATTER" : "목계단",
        "MNTN_NM" : "군자봉",
        "PAST_SPOT_" : "21239901000020",
        "MNTN_ID" : "2123990100"
      },
      "geometry" : {
        "x" : 182010.62270000111,
        "y" : 529474.4280999992
      }
    },
    {
      "attributes" : {
        "FID" : 20,
        "PMNTN_SPOT" : 11301,
        "MNTN_CODE" : "413900101",
        "MANAGE_SP1" : "99",
        "MANAGE_SP2" : "기타",
        "DETAIL_SPO" : "진출입로",
        "ETC_MATTER" : "목계단,포장소로 샛터고개 길",
        "MNTN_NM" : "군자봉",
        "PAST_SPOT_" : "21239901000021",
        "MNTN_ID" : "2123990100"
      },
      "geometry" : {
        "x" : 182006.30640000384,
        "y" : 529477.54509999976
      }
    },
    {
      "attributes" : {
        "FID" : 21,
        "PMNTN_SPOT" : 11302,
        "MNTN_CODE" : "413900101",
        "MANAGE_SP1" : "99",
        "MANAGE_SP2" : "기타",
        "DETAIL_SPO" : "목계단",
        "ETC_MATTER" : " ",
        "MNTN_NM" : "군자봉",
        "PAST_SPOT_" : "21239901000022",
        "MNTN_ID" : "2123990100"
      },
      "geometry" : {
        "x" : 182005.1696000006,
        "y" : 529488.45740000159
      }
    },
    {
      "attributes" : {
        "FID" : 22,
        "PMNTN_SPOT" : 11303,
        "MNTN_CODE" : "413900101",
        "MANAGE_SP1" : "99",
        "MANAGE_SP2" : "기타",
        "DETAIL_SPO" : "목계단",
        "ETC_MATTER" : " ",
        "MNTN_NM" : "군자봉",
        "PAST_SPOT_" : "21239901000023",
        "MNTN_ID" : "2123990100"
      },
      "geometry" : {
        "x" : 182008.49920000322,
        "y" : 529492.01290000044
      }
    },
    {
      "attributes" : {
        "FID" : 23,
        "PMNTN_SPOT" : 11304,
        "MNTN_CODE" : "413900101",
        "MANAGE_SP1" : "99",
        "MANAGE_SP2" : "기타",
        "DETAIL_SPO" : "기타",
        "ETC_MATTER" : " ",
        "MNTN_NM" : "군자봉",
        "PAST_SPOT_" : "21239901000024",
        "MNTN_ID" : "2123990100"
      },
      "geometry" : {
        "x" : 182015.43940000143,
        "y" : 529501.98660000041
      }
    },
    {
      "attributes" : {
        "FID" : 24,
        "PMNTN_SPOT" : 11305,
        "MNTN_CODE" : "413900101",
        "MANAGE_SP1" : "99",
        "MANAGE_SP2" : "기타",
        "DETAIL_SPO" : "기타",
        "ETC_MATTER" : " ",
        "MNTN_NM" : "군자봉",
        "PAST_SPOT_" : "21239901000025",
        "MNTN_ID" : "2123990100"
      },
      "geometry" : {
        "x" : 182026.56419999991,
        "y" : 529513.52720000036
      }
    },
    {
      "attributes" : {
        "FID" : 25,
        "PMNTN_SPOT" : 11306,
        "MNTN_CODE" : "413900101",
        "MANAGE_SP1" : "99",
        "MANAGE_SP2" : "기타",
        "DETAIL_SPO" : "기타",
        "ETC_MATTER" : " ",
        "MNTN_NM" : "군자봉",
        "PAST_SPOT_" : "21239901000026",
        "MNTN_ID" : "2123990100"
      },
      "geometry" : {
        "x" : 182045.86200000346,
        "y" : 529543.95110000111
      }
    },
    {
      "attributes" : {
        "FID" : 26,
        "PMNTN_SPOT" : 11307,
        "MNTN_CODE" : "413900101",
        "MANAGE_SP1" : "99",
        "MANAGE_SP2" : "기타",
        "DETAIL_SPO" : "기타",
        "ETC_MATTER" : " ",
        "MNTN_NM" : "군자봉",
        "PAST_SPOT_" : "21239901000027",
        "MNTN_ID" : "2123990100"
      },
      "geometry" : {
        "x" : 182044.58079999965,
        "y" : 529590.55690000206
      }
    },
    {
      "attributes" : {
        "FID" : 27,
        "PMNTN_SPOT" : 11308,
        "MNTN_CODE" : "413900101",
        "MANAGE_SP1" : "99",
        "MANAGE_SP2" : "기타",
        "DETAIL_SPO" : "기타",
        "ETC_MATTER" : " ",
        "MNTN_NM" : "군자봉",
        "PAST_SPOT_" : "21239901000028",
        "MNTN_ID" : "2123990100"
      },
      "geometry" : {
        "x" : 182007.96310000028,
        "y" : 529649.35880000144
      }
    },
    {
      "attributes" : {
        "FID" : 28,
        "PMNTN_SPOT" : 11309,
        "MNTN_CODE" : "413900101",
        "MANAGE_SP1" : "99",
        "MANAGE_SP2" : "기타",
        "DETAIL_SPO" : "기타",
        "ETC_MATTER" : " ",
        "MNTN_NM" : "군자봉",
        "PAST_SPOT_" : "21239901000029",
        "MNTN_ID" : "2123990100"
      },
      "geometry" : {
        "x" : 181969.51600000355,
        "y" : 529652.78290000185
      }
    },
    {
      "attributes" : {
        "FID" : 29,
        "PMNTN_SPOT" : 11310,
        "MNTN_CODE" : "413900101",
        "MANAGE_SP1" : "10",
        "MANAGE_SP2" : "이정표",
        "DETAIL_SPO" : "이정표",
        "ETC_MATTER" : " ",
        "MNTN_NM" : "군자봉",
        "PAST_SPOT_" : "21239901000030",
        "MNTN_ID" : "2123990100"
      },
      "geometry" : {
        "x" : 181919.62750000134,
        "y" : 529686.32029999979
      }
    },
    {
      "attributes" : {
        "FID" : 30,
        "PMNTN_SPOT" : 11311,
        "MNTN_CODE" : "413900101",
        "MANAGE_SP1" : "99",
        "MANAGE_SP2" : "기타",
        "DETAIL_SPO" : "기타",
        "ETC_MATTER" : " ",
        "MNTN_NM" : "군자봉",
        "PAST_SPOT_" : "21239901000031",
        "MNTN_ID" : "2123990100"
      },
      "geometry" : {
        "x" : 181851.3898,
        "y" : 529714.07129999995
      }
    },
    {
      "attributes" : {
        "FID" : 31,
        "PMNTN_SPOT" : 11312,
        "MNTN_CODE" : "413900101",
        "MANAGE_SP1" : "99",
        "MANAGE_SP2" : "기타",
        "DETAIL_SPO" : "피그닉테이블",
        "ETC_MATTER" : " ",
        "MNTN_NM" : "군자봉",
        "PAST_SPOT_" : "21239901000032",
        "MNTN_ID" : "2123990100"
      },
      "geometry" : {
        "x" : 181802.91550000105,
        "y" : 529705.409500001
      }
    },
    {
      "attributes" : {
        "FID" : 32,
        "PMNTN_SPOT" : 11313,
        "MNTN_CODE" : "413900101",
        "MANAGE_SP1" : "99",
        "MANAGE_SP2" : "기타",
        "DETAIL_SPO" : "피그닉테이블",
        "ETC_MATTER" : " ",
        "MNTN_NM" : "군자봉",
        "PAST_SPOT_" : "21239901000033",
        "MNTN_ID" : "2123990100"
      },
      "geometry" : {
        "x" : 181776.90100000054,
        "y" : 529718.67389999889
      }
    },
    {
      "attributes" : {
        "FID" : 33,
        "PMNTN_SPOT" : 11314,
        "MNTN_CODE" : "413900101",
        "MANAGE_SP1" : "99",
        "MANAGE_SP2" : "기타",
        "DETAIL_SPO" : "피그닉테이블",
        "ETC_MATTER" : " ",
        "MNTN_NM" : "군자봉",
        "PAST_SPOT_" : "21239901000034",
        "MNTN_ID" : "2123990100"
      },
      "geometry" : {
        "x" : 181749.20330000389,
        "y" : 529731.88649999909
      }
    },
    {
      "attributes" : {
        "FID" : 34,
        "PMNTN_SPOT" : 11315,
        "MNTN_CODE" : "413900101",
        "MANAGE_SP1" : "99",
        "MANAGE_SP2" : "기타",
        "DETAIL_SPO" : "피그닉테이블",
        "ETC_MATTER" : " ",
        "MNTN_NM" : "군자봉",
        "PAST_SPOT_" : "21239901000035",
        "MNTN_ID" : "2123990100"
      },
      "geometry" : {
        "x" : 181707.28880000114,
        "y" : 529745.40800000168
      }
    },
    {
      "attributes" : {
        "FID" : 35,
        "PMNTN_SPOT" : 11316,
        "MNTN_CODE" : "413900101",
        "MANAGE_SP1" : "05",
        "MANAGE_SP2" : "벤치",
        "DETAIL_SPO" : "일반의자",
        "ETC_MATTER" : " ",
        "MNTN_NM" : "군자봉",
        "PAST_SPOT_" : "21239901000036",
        "MNTN_ID" : "2123990100"
      },
      "geometry" : {
        "x" : 181652.20120000001,
        "y" : 529778.59219999984
      }
    },
    {
      "attributes" : {
        "FID" : 36,
        "PMNTN_SPOT" : 11317,
        "MNTN_CODE" : "413900101",
        "MANAGE_SP1" : "99",
        "MANAGE_SP2" : "기타",
        "DETAIL_SPO" : "목계단",
        "ETC_MATTER" : " ",
        "MNTN_NM" : "군자봉",
        "PAST_SPOT_" : "21239901000037",
        "MNTN_ID" : "2123990100"
      },
      "geometry" : {
        "x" : 181553.40570000093,
        "y" : 529799.09930000454
      }
    },
    {
      "attributes" : {
        "FID" : 37,
        "PMNTN_SPOT" : 11318,
        "MNTN_CODE" : "413900101",
        "MANAGE_SP1" : "99",
        "MANAGE_SP2" : "기타",
        "DETAIL_SPO" : "목계단",
        "ETC_MATTER" : " ",
        "MNTN_NM" : "군자봉",
        "PAST_SPOT_" : "21239901000038",
        "MNTN_ID" : "2123990100"
      },
      "geometry" : {
        "x" : 181545.51260000374,
        "y" : 529814.8769000005
      }
    },
    {
      "attributes" : {
        "FID" : 38,
        "PMNTN_SPOT" : 11319,
        "MNTN_CODE" : "413900101",
        "MANAGE_SP1" : "99",
        "MANAGE_SP2" : "기타",
        "DETAIL_SPO" : "기타",
        "ETC_MATTER" : " ",
        "MNTN_NM" : "군자봉",
        "PAST_SPOT_" : "21239901000039",
        "MNTN_ID" : "2123990100"
      },
      "geometry" : {
        "x" : 181532.909500001,
        "y" : 529819.84370000102
      }
    },
    {
      "attributes" : {
        "FID" : 39,
        "PMNTN_SPOT" : 11320,
        "MNTN_CODE" : "413900101",
        "MANAGE_SP1" : "99",
        "MANAGE_SP2" : "기타",
        "DETAIL_SPO" : "기타",
        "ETC_MATTER" : " ",
        "MNTN_NM" : "군자봉",
        "PAST_SPOT_" : "21239901000040",
        "MNTN_ID" : "2123990100"
      },
      "geometry" : {
        "x" : 181528.40220000129,
        "y" : 529828.53289999999
      }
    },
    {
      "attributes" : {
        "FID" : 40,
        "PMNTN_SPOT" : 11321,
        "MNTN_CODE" : "413900101",
        "MANAGE_SP1" : "11",
        "MANAGE_SP2" : "안내판또는지도",
        "DETAIL_SPO" : "산림욕안내판,의자",
        "ETC_MATTER" : " ",
        "MNTN_NM" : "군자봉",
        "PAST_SPOT_" : "21239901000041",
        "MNTN_ID" : "2123990100"
      },
      "geometry" : {
        "x" : 181523.92920000199,
        "y" : 529836.65590000153
      }
    },
    {
      "attributes" : {
        "FID" : 41,
        "PMNTN_SPOT" : 11322,
        "MNTN_CODE" : "413900101",
        "MANAGE_SP1" : "05",
        "MANAGE_SP2" : "벤치",
        "DETAIL_SPO" : "의자",
        "ETC_MATTER" : " ",
        "MNTN_NM" : "군자봉",
        "PAST_SPOT_" : "21239901000042",
        "MNTN_ID" : "2123990100"
      },
      "geometry" : {
        "x" : 181514.69650000241,
        "y" : 529958.97190000117
      }
    },
    {
      "attributes" : {
        "FID" : 42,
        "PMNTN_SPOT" : 11323,
        "MNTN_CODE" : "413900101",
        "MANAGE_SP1" : "11",
        "MANAGE_SP2" : "안내판또는지도",
        "DETAIL_SPO" : "산림헌장안내,안전로프,우회로",
        "ETC_MATTER" : " ",
        "MNTN_NM" : "군자봉",
        "PAST_SPOT_" : "21239901000043",
        "MNTN_ID" : "2123990100"
      },
      "geometry" : {
        "x" : 181523.62280000187,
        "y" : 530117.05170000158
      }
    },
    {
      "attributes" : {
        "FID" : 43,
        "PMNTN_SPOT" : 11324,
        "MNTN_CODE" : "413900101",
        "MANAGE_SP1" : "99",
        "MANAGE_SP2" : "기타",
        "DETAIL_SPO" : "안전로프",
        "ETC_MATTER" : " ",
        "MNTN_NM" : "군자봉",
        "PAST_SPOT_" : "21239901000044",
        "MNTN_ID" : "2123990100"
      },
      "geometry" : {
        "x" : 181526.13090000115,
        "y" : 530161.41840000451
      }
    },
    {
      "attributes" : {
        "FID" : 44,
        "PMNTN_SPOT" : 11325,
        "MNTN_CODE" : "413900101",
        "MANAGE_SP1" : "99",
        "MANAGE_SP2" : "기타",
        "DETAIL_SPO" : "목계단",
        "ETC_MATTER" : " ",
        "MNTN_NM" : "군자봉",
        "PAST_SPOT_" : "21239901000045",
        "MNTN_ID" : "2123990100"
      },
      "geometry" : {
        "x" : 181526.57990000118,
        "y" : 530168.15420000628
      }
    },
    {
      "attributes" : {
        "FID" : 45,
        "PMNTN_SPOT" : 11326,
        "MNTN_CODE" : "413900101",
        "MANAGE_SP1" : "99",
        "MANAGE_SP2" : "기타",
        "DETAIL_SPO" : "목계단,시",
        "ETC_MATTER" : "나무의 마음이란 시",
        "MNTN_NM" : "군자봉",
        "PAST_SPOT_" : "21239901000046",
        "MNTN_ID" : "2123990100"
      },
      "geometry" : {
        "x" : 181521.3132000016,
        "y" : 530197.72150000185
      }
    },
    {
      "attributes" : {
        "FID" : 46,
        "PMNTN_SPOT" : 11327,
        "MNTN_CODE" : "413900101",
        "MANAGE_SP1" : "99",
        "MANAGE_SP2" : "기타",
        "DETAIL_SPO" : "계단+로프",
        "ETC_MATTER" : " ",
        "MNTN_NM" : "군자봉",
        "PAST_SPOT_" : "21239901000047",
        "MNTN_ID" : "2123990100"
      },
      "geometry" : {
        "x" : 181520.48860000074,
        "y" : 530197.35710000247
      }
    },
    {
      "attributes" : {
        "FID" : 47,
        "PMNTN_SPOT" : 11328,
        "MNTN_CODE" : "413900101",
        "MANAGE_SP1" : "99",
        "MANAGE_SP2" : "기타",
        "DETAIL_SPO" : "계단+로프",
        "ETC_MATTER" : " ",
        "MNTN_NM" : "군자봉",
        "PAST_SPOT_" : "21239901000048",
        "MNTN_ID" : "2123990100"
      },
      "geometry" : {
        "x" : 181514.45510000084,
        "y" : 530212.67550000176
      }
    },
    {
      "attributes" : {
        "FID" : 48,
        "PMNTN_SPOT" : 11329,
        "MNTN_CODE" : "413900101",
        "MANAGE_SP1" : "99",
        "MANAGE_SP2" : "기타",
        "DETAIL_SPO" : "계단끝",
        "ETC_MATTER" : " ",
        "MNTN_NM" : "군자봉",
        "PAST_SPOT_" : "21239901000049",
        "MNTN_ID" : "2123990100"
      },
      "geometry" : {
        "x" : 181514.23820000049,
        "y" : 530222.69800000265
      }
    },
    {
      "attributes" : {
        "FID" : 49,
        "PMNTN_SPOT" : 11330,
        "MNTN_CODE" : "413900101",
        "MANAGE_SP1" : "99",
        "MANAGE_SP2" : "기타",
        "DETAIL_SPO" : "계단",
        "ETC_MATTER" : " ",
        "MNTN_NM" : "군자봉",
        "PAST_SPOT_" : "21239901000050",
        "MNTN_ID" : "2123990100"
      },
      "geometry" : {
        "x" : 181491.92389999982,
        "y" : 530249.86160000227
      }
    },
    {
      "attributes" : {
        "FID" : 50,
        "PMNTN_SPOT" : 11331,
        "MNTN_CODE" : "413900101",
        "MANAGE_SP1" : "14",
        "MANAGE_SP2" : "조망점",
        "DETAIL_SPO" : "조망점,약수터안내판,가로등,계단,평상,울타리,운동기구,등걸이 의자,정자,",
        "ETC_MATTER" : " ",
        "MNTN_NM" : "군자봉",
        "PAST_SPOT_" : "21239901000051",
        "MNTN_ID" : "2123990100"
      },
      "geometry" : {
        "x" : 181473.43350000307,
        "y" : 530255.95160000026
      }
    },
    {
      "attributes" : {
        "FID" : 51,
        "PMNTN_SPOT" : 11332,
        "MNTN_CODE" : "413900101",
        "MANAGE_SP1" : "11",
        "MANAGE_SP2" : "안내판또는지도",
        "DETAIL_SPO" : "황고개등산로안내판,지붕만있는 쉼터,가로등",
        "ETC_MATTER" : " ",
        "MNTN_NM" : "군자봉",
        "PAST_SPOT_" : "21239901000052",
        "MNTN_ID" : "2123990100"
      },
      "geometry" : {
        "x" : 181444.46010000166,
        "y" : 530275.99380000494
      }
    },
    {
      "attributes" : {
        "FID" : 52,
        "PMNTN_SPOT" : 11333,
        "MNTN_CODE" : "413900101",
        "MANAGE_SP1" : "99",
        "MANAGE_SP2" : "기타",
        "DETAIL_SPO" : "철탑",
        "ETC_MATTER" : "로폭감소",
        "MNTN_NM" : "군자봉",
        "PAST_SPOT_" : "21239901000053",
        "MNTN_ID" : "2123990100"
      },
      "geometry" : {
        "x" : 181973.0923000006,
        "y" : 528365.63899999857
      }
    },
    {
      "attributes" : {
        "FID" : 53,
        "PMNTN_SPOT" : 11334,
        "MNTN_CODE" : "413900101",
        "MANAGE_SP1" : "99",
        "MANAGE_SP2" : "기타",
        "DETAIL_SPO" : "기타",
        "ETC_MATTER" : "영각사로 내려가는길로추정 하절기덩쿨식물로인해진입불가능",
        "MNTN_NM" : "군자봉",
        "PAST_SPOT_" : "21239901000054",
        "MNTN_ID" : "2123990100"
      },
      "geometry" : {
        "x" : 181994.98930000328,
        "y" : 528298.17880000174
      }
    },
    {
      "attributes" : {
        "FID" : 54,
        "PMNTN_SPOT" : 11335,
        "MNTN_CODE" : "413900101",
        "MANAGE_SP1" : "99",
        "MANAGE_SP2" : "기타",
        "DETAIL_SPO" : "철탑",
        "ETC_MATTER" : "조망포인트",
        "MNTN_NM" : "군자봉",
        "PAST_SPOT_" : "21239901000055",
        "MNTN_ID" : "2123990100"
      },
      "geometry" : {
        "x" : 182230.96720000356,
        "y" : 528378.81240000203
      }
    },
    {
      "attributes" : {
        "FID" : 55,
        "PMNTN_SPOT" : 11336,
        "MNTN_CODE" : "413900101",
        "MANAGE_SP1" : "99",
        "MANAGE_SP2" : "기타",
        "DETAIL_SPO" : "安山市界",
        "ETC_MATTER" : "안산시 관할 산과의 접점,영각사로 내려가는길로추정 하절기덩쿨식물로인해진입불가능(분기내노선)",
        "MNTN_NM" : "군자봉",
        "PAST_SPOT_" : "21239901000056",
        "MNTN_ID" : "2123990100"
      },
      "geometry" : {
        "x" : 182318.21639999934,
        "y" : 528352.92200000212
      }
    },
    {
      "attributes" : {
        "FID" : 56,
        "PMNTN_SPOT" : 11337,
        "MNTN_CODE" : "413900101",
        "MANAGE_SP1" : "99",
        "MANAGE_SP2" : "기타",
        "DETAIL_SPO" : "출입구",
        "ETC_MATTER" : "포장소로에 합류",
        "MNTN_NM" : "군자봉",
        "PAST_SPOT_" : "21239901000057",
        "MNTN_ID" : "2123990100"
      },
      "geometry" : {
        "x" : 182284.27870000061,
        "y" : 528134.67430000007
      }
    },
    {
      "attributes" : {
        "FID" : 57,
        "PMNTN_SPOT" : 11338,
        "MNTN_CODE" : "413900101",
        "MANAGE_SP1" : "99",
        "MANAGE_SP2" : "기타",
        "DETAIL_SPO" : "기타",
        "ETC_MATTER" : "계단이 발판에만 있고 나머지는 흙길",
        "MNTN_NM" : "군자봉",
        "PAST_SPOT_" : "21239901000058",
        "MNTN_ID" : "2123990100"
      },
      "geometry" : {
        "x" : 182124.84390000068,
        "y" : 528716.10380000062
      }
    },
    {
      "attributes" : {
        "FID" : 58,
        "PMNTN_SPOT" : 11339,
        "MNTN_CODE" : "413900101",
        "MANAGE_SP1" : "99",
        "MANAGE_SP2" : "기타",
        "DETAIL_SPO" : "기타",
        "ETC_MATTER" : "121~123까지계단",
        "MNTN_NM" : "군자봉",
        "PAST_SPOT_" : "21239901000059",
        "MNTN_ID" : "2123990100"
      },
      "geometry" : {
        "x" : 182123.14709999971,
        "y" : 528689.23780000024
      }
    },
    {
      "attributes" : {
        "FID" : 59,
        "PMNTN_SPOT" : 11340,
        "MNTN_CODE" : "413900101",
        "MANAGE_SP1" : "10",
        "MANAGE_SP2" : "이정표",
        "DETAIL_SPO" : "이정표",
        "ETC_MATTER" : "등산안내도,푸른산사랑안내,산이용자수칙안내,이정표",
        "MNTN_NM" : "군자봉",
        "PAST_SPOT_" : "21239901000060",
        "MNTN_ID" : "2123990100"
      },
      "geometry" : {
        "x" : 182123.11650000047,
        "y" : 528679.11600000225
      }
    },
    {
      "attributes" : {
        "FID" : 60,
        "PMNTN_SPOT" : 11341,
        "MNTN_CODE" : "413900101",
        "MANAGE_SP1" : "99",
        "MANAGE_SP2" : "기타",
        "DETAIL_SPO" : "기타",
        "ETC_MATTER" : "인조계단",
        "MNTN_NM" : "군자봉",
        "PAST_SPOT_" : "21239901000061",
        "MNTN_ID" : "2123990100"
      },
      "geometry" : {
        "x" : 182149.11110000126,
        "y" : 528667.19570000097
      }
    },
    {
      "attributes" : {
        "FID" : 61,
        "PMNTN_SPOT" : 11342,
        "MNTN_CODE" : "413900101",
        "MANAGE_SP1" : "99",
        "MANAGE_SP2" : "기타",
        "DETAIL_SPO" : "기타",
        "ETC_MATTER" : "인조계단",
        "MNTN_NM" : "군자봉",
        "PAST_SPOT_" : "21239901000062",
        "MNTN_ID" : "2123990100"
      },
      "geometry" : {
        "x" : 182157.92860000022,
        "y" : 528668.24220000021
      }
    },
    {
      "attributes" : {
        "FID" : 62,
        "PMNTN_SPOT" : 11343,
        "MNTN_CODE" : "413900101",
        "MANAGE_SP1" : "99",
        "MANAGE_SP2" : "기타",
        "DETAIL_SPO" : "기타",
        "ETC_MATTER" : "돌계단",
        "MNTN_NM" : "군자봉",
        "PAST_SPOT_" : "21239901000063",
        "MNTN_ID" : "2123990100"
      },
      "geometry" : {
        "x" : 182162.42590000108,
        "y" : 528666.73420000263
      }
    },
    {
      "attributes" : {
        "FID" : 63,
        "PMNTN_SPOT" : 11344,
        "MNTN_CODE" : "413900101",
        "MANAGE_SP1" : "99",
        "MANAGE_SP2" : "기타",
        "DETAIL_SPO" : "기타",
        "ETC_MATTER" : "돌계단",
        "MNTN_NM" : "군자봉",
        "PAST_SPOT_" : "21239901000064",
        "MNTN_ID" : "2123990100"
      },
      "geometry" : {
        "x" : 182169.99540000036,
        "y" : 528668.32729999907
      }
    },
    {
      "attributes" : {
        "FID" : 64,
        "PMNTN_SPOT" : 11345,
        "MNTN_CODE" : "413900101",
        "MANAGE_SP1" : "99",
        "MANAGE_SP2" : "기타",
        "DETAIL_SPO" : "영각사,출입구",
        "ETC_MATTER" : "사찰",
        "MNTN_NM" : "군자봉",
        "PAST_SPOT_" : "21239901000065",
        "MNTN_ID" : "2123990100"
      },
      "geometry" : {
        "x" : 182182.56749999896,
        "y" : 528656.19180000015
      }
    },
    {
      "attributes" : {
        "FID" : 65,
        "PMNTN_SPOT" : 11346,
        "MNTN_CODE" : "413900101",
        "MANAGE_SP1" : "99",
        "MANAGE_SP2" : "기타",
        "DETAIL_SPO" : "기타",
        "ETC_MATTER" : "좌회전",
        "MNTN_NM" : "군자봉",
        "PAST_SPOT_" : "21239901000066",
        "MNTN_ID" : "2123990100"
      },
      "geometry" : {
        "x" : 181960.60490000155,
        "y" : 529245.09539999999
      }
    },
    {
      "attributes" : {
        "FID" : 66,
        "PMNTN_SPOT" : 11347,
        "MNTN_CODE" : "413900101",
        "MANAGE_SP1" : "99",
        "MANAGE_SP2" : "기타",
        "DETAIL_SPO" : "전망데크,가래골약수터",
        "ETC_MATTER" : "일반의자,피크닉테이블,평상,운동기구",
        "MNTN_NM" : "군자봉",
        "PAST_SPOT_" : "21239901000067",
        "MNTN_ID" : "2123990100"
      },
      "geometry" : {
        "x" : 181887.73469999991,
        "y" : 529189.51690000109
      }
    },
    {
      "attributes" : {
        "FID" : 67,
        "PMNTN_SPOT" : 11348,
        "MNTN_CODE" : "413900101",
        "MANAGE_SP1" : "99",
        "MANAGE_SP2" : "기타",
        "DETAIL_SPO" : "기타",
        "ETC_MATTER" : " ",
        "MNTN_NM" : "군자봉",
        "PAST_SPOT_" : "21239901000068",
        "MNTN_ID" : "2123990100"
      },
      "geometry" : {
        "x" : 181826.59420000017,
        "y" : 529207.48589999974
      }
    },
    {
      "attributes" : {
        "FID" : 68,
        "PMNTN_SPOT" : 11349,
        "MNTN_CODE" : "413900101",
        "MANAGE_SP1" : "16",
        "MANAGE_SP2" : "주요나무",
        "DETAIL_SPO" : "자작나무조림지",
        "ETC_MATTER" : "자작나무조림지",
        "MNTN_NM" : "군자봉",
        "PAST_SPOT_" : "21239901000069",
        "MNTN_ID" : "2123990100"
      },
      "geometry" : {
        "x" : 181798.84930000361,
        "y" : 529220.17680000141
      }
    },
    {
      "attributes" : {
        "FID" : 69,
        "PMNTN_SPOT" : 11350,
        "MNTN_CODE" : "413900101",
        "MANAGE_SP1" : "99",
        "MANAGE_SP2" : "기타",
        "DETAIL_SPO" : "기타",
        "ETC_MATTER" : "1-4-2가는길",
        "MNTN_NM" : "군자봉",
        "PAST_SPOT_" : "21239901000070",
        "MNTN_ID" : "2123990100"
      },
      "geometry" : {
        "x" : 181825.79680000059,
        "y" : 529179.08630000241
      }
    },
    {
      "attributes" : {
        "FID" : 70,
        "PMNTN_SPOT" : 11351,
        "MNTN_CODE" : "413900101",
        "MANAGE_SP1" : "99",
        "MANAGE_SP2" : "기타",
        "DETAIL_SPO" : "기타",
        "ETC_MATTER" : " ",
        "MNTN_NM" : "군자봉",
        "PAST_SPOT_" : "21239901000071",
        "MNTN_ID" : "2123990100"
      },
      "geometry" : {
        "x" : 182218.61550000031,
        "y" : 528738.38829999976
      }
    },
    {
      "attributes" : {
        "FID" : 71,
        "PMNTN_SPOT" : 11352,
        "MNTN_CODE" : "413900101",
        "MANAGE_SP1" : "99",
        "MANAGE_SP2" : "기타",
        "DETAIL_SPO" : "기타",
        "ETC_MATTER" : " ",
        "MNTN_NM" : "군자봉",
        "PAST_SPOT_" : "21239901000072",
        "MNTN_ID" : "2123990100"
      },
      "geometry" : {
        "x" : 182420.66839999985,
        "y" : 531100.67180000246
      }
    },
    {
      "attributes" : {
        "FID" : 72,
        "PMNTN_SPOT" : 11353,
        "MNTN_CODE" : "413900101",
        "MANAGE_SP1" : "99",
        "MANAGE_SP2" : "기타",
        "DETAIL_SPO" : "기타",
        "ETC_MATTER" : " ",
        "MNTN_NM" : "군자봉",
        "PAST_SPOT_" : "21239901000073",
        "MNTN_ID" : "2123990100"
      },
      "geometry" : {
        "x" : 182386.46950000059,
        "y" : 531091.21059999987
      }
    },
    {
      "attributes" : {
        "FID" : 73,
        "PMNTN_SPOT" : 11354,
        "MNTN_CODE" : "413900101",
        "MANAGE_SP1" : "99",
        "MANAGE_SP2" : "기타",
        "DETAIL_SPO" : "기타",
        "ETC_MATTER" : " ",
        "MNTN_NM" : "군자봉",
        "PAST_SPOT_" : "21239901000074",
        "MNTN_ID" : "2123990100"
      },
      "geometry" : {
        "x" : 182343.7469000034,
        "y" : 531076.00740000419
      }
    },
    {
      "attributes" : {
        "FID" : 74,
        "PMNTN_SPOT" : 11355,
        "MNTN_CODE" : "413900101",
        "MANAGE_SP1" : "99",
        "MANAGE_SP2" : "기타",
        "DETAIL_SPO" : "기타",
        "ETC_MATTER" : "등걸이 의자",
        "MNTN_NM" : "군자봉",
        "PAST_SPOT_" : "21239901000075",
        "MNTN_ID" : "2123990100"
      },
      "geometry" : {
        "x" : 182363.58490000106,
        "y" : 531021.12700000033
      }
    },
    {
      "attributes" : {
        "FID" : 75,
        "PMNTN_SPOT" : 11356,
        "MNTN_CODE" : "413900101",
        "MANAGE_SP1" : "99",
        "MANAGE_SP2" : "기타",
        "DETAIL_SPO" : "안전로프",
        "ETC_MATTER" : "옥녀봉1-1,1-2구간과의 접점",
        "MNTN_NM" : "군자봉",
        "PAST_SPOT_" : "21239901000076",
        "MNTN_ID" : "2123990100"
      },
      "geometry" : {
        "x" : 182308.74480000231,
        "y" : 530951.56660000235
      }
    },
    {
      "attributes" : {
        "FID" : 76,
        "PMNTN_SPOT" : 11357,
        "MNTN_CODE" : "413900101",
        "MANAGE_SP1" : "99",
        "MANAGE_SP2" : "기타",
        "DETAIL_SPO" : "안전로프",
        "ETC_MATTER" : "옥녀봉1-1,1-2구간과의 접점",
        "MNTN_NM" : "군자봉",
        "PAST_SPOT_" : "21239901000077",
        "MNTN_ID" : "2123990100"
      },
      "geometry" : {
        "x" : 182266.88910000399,
        "y" : 530944.54170000181
      }
    },
    {
      "attributes" : {
        "FID" : 77,
        "PMNTN_SPOT" : 11358,
        "MNTN_CODE" : "413900101",
        "MANAGE_SP1" : "07",
        "MANAGE_SP2" : "시설물(운동기구 등)",
        "DETAIL_SPO" : "운동기구,평상",
        "ETC_MATTER" : "스텐인 재질의 기구,의자",
        "MNTN_NM" : "군자봉",
        "PAST_SPOT_" : "21239901000078",
        "MNTN_ID" : "2123990100"
      },
      "geometry" : {
        "x" : 182275.91050000023,
        "y" : 530901.22670000233
      }
    },
    {
      "attributes" : {
        "FID" : 78,
        "PMNTN_SPOT" : 11359,
        "MNTN_CODE" : "413900101",
        "MANAGE_SP1" : "99",
        "MANAGE_SP2" : "기타",
        "DETAIL_SPO" : "철탑",
        "ETC_MATTER" : " ",
        "MNTN_NM" : "군자봉",
        "PAST_SPOT_" : "21239901000079",
        "MNTN_ID" : "2123990100"
      },
      "geometry" : {
        "x" : 182370.9066000022,
        "y" : 530481.65240000002
      }
    },
    {
      "attributes" : {
        "FID" : 79,
        "PMNTN_SPOT" : 11360,
        "MNTN_CODE" : "413900101",
        "MANAGE_SP1" : "99",
        "MANAGE_SP2" : "기타",
        "DETAIL_SPO" : "기타",
        "ETC_MATTER" : " ",
        "MNTN_NM" : "군자봉",
        "PAST_SPOT_" : "21239901000080",
        "MNTN_ID" : "2123990100"
      },
      "geometry" : {
        "x" : 182377.19850000087,
        "y" : 530428.85400000215
      }
    },
    {
      "attributes" : {
        "FID" : 80,
        "PMNTN_SPOT" : 11361,
        "MNTN_CODE" : "413900101",
        "MANAGE_SP1" : "99",
        "MANAGE_SP2" : "기타",
        "DETAIL_SPO" : "나분들",
        "ETC_MATTER" : "고개지명",
        "MNTN_NM" : "군자봉",
        "PAST_SPOT_" : "21239901000081",
        "MNTN_ID" : "2123990100"
      },
      "geometry" : {
        "x" : 182286.56360000093,
        "y" : 530248.52810000256
      }
    },
    {
      "attributes" : {
        "FID" : 81,
        "PMNTN_SPOT" : 11362,
        "MNTN_CODE" : "413900101",
        "MANAGE_SP1" : "99",
        "MANAGE_SP2" : "기타",
        "DETAIL_SPO" : "철탑",
        "ETC_MATTER" : " ",
        "MNTN_NM" : "군자봉",
        "PAST_SPOT_" : "21239901000082",
        "MNTN_ID" : "2123990100"
      },
      "geometry" : {
        "x" : 182268.50800000038,
        "y" : 530184.71639999934
      }
    },
    {
      "attributes" : {
        "FID" : 82,
        "PMNTN_SPOT" : 11363,
        "MNTN_CODE" : "413900101",
        "MANAGE_SP1" : "99",
        "MANAGE_SP2" : "기타",
        "DETAIL_SPO" : "차도",
        "ETC_MATTER" : "차량이동로",
        "MNTN_NM" : "군자봉",
        "PAST_SPOT_" : "21239901000083",
        "MNTN_ID" : "2123990100"
      },
      "geometry" : {
        "x" : 182232.40909999982,
        "y" : 530100.4886000026
      }
    },
    {
      "attributes" : {
        "FID" : 83,
        "PMNTN_SPOT" : 11364,
        "MNTN_CODE" : "413900101",
        "MANAGE_SP1" : "99",
        "MANAGE_SP2" : "기타",
        "DETAIL_SPO" : "과수원",
        "ETC_MATTER" : "복숭아, 자두, 배",
        "MNTN_NM" : "군자봉",
        "PAST_SPOT_" : "21239901000084",
        "MNTN_ID" : "2123990100"
      },
      "geometry" : {
        "x" : 182174.20540000126,
        "y" : 529944.60029999912
      }
    },
    {
      "attributes" : {
        "FID" : 84,
        "PMNTN_SPOT" : 11365,
        "MNTN_CODE" : "413900101",
        "MANAGE_SP1" : "99",
        "MANAGE_SP2" : "기타",
        "DETAIL_SPO" : "철탑",
        "ETC_MATTER" : " ",
        "MNTN_NM" : "군자봉",
        "PAST_SPOT_" : "21239901000085",
        "MNTN_ID" : "2123990100"
      },
      "geometry" : {
        "x" : 182173.68269999977,
        "y" : 529944.57930000313
      }
    },
    {
      "attributes" : {
        "FID" : 85,
        "PMNTN_SPOT" : 11366,
        "MNTN_CODE" : "413900101",
        "MANAGE_SP1" : "99",
        "MANAGE_SP2" : "기타",
        "DETAIL_SPO" : "철탑",
        "ETC_MATTER" : " ",
        "MNTN_NM" : "군자봉",
        "PAST_SPOT_" : "21239901000086",
        "MNTN_ID" : "2123990100"
      },
      "geometry" : {
        "x" : 182052.76790000033,
        "y" : 529800.48020000197
      }
    },
    {
      "attributes" : {
        "FID" : 86,
        "PMNTN_SPOT" : 11367,
        "MNTN_CODE" : "413900101",
        "MANAGE_SP1" : "99",
        "MANAGE_SP2" : "기타",
        "DETAIL_SPO" : "기타",
        "ETC_MATTER" : " ",
        "MNTN_NM" : "군자봉",
        "PAST_SPOT_" : "21239901000087",
        "MNTN_ID" : "2123990100"
      },
      "geometry" : {
        "x" : 182033.54660000186,
        "y" : 529739.60159999877
      }
    },
    {
      "attributes" : {
        "FID" : 87,
        "PMNTN_SPOT" : 11368,
        "MNTN_CODE" : "413900101",
        "MANAGE_SP1" : "99",
        "MANAGE_SP2" : "기타",
        "DETAIL_SPO" : "개인묘역",
        "ETC_MATTER" : " ",
        "MNTN_NM" : "군자봉",
        "PAST_SPOT_" : "21239901000088",
        "MNTN_ID" : "2123990100"
      },
      "geometry" : {
        "x" : 182055.31429999974,
        "y" : 531142.52950000018
      }
    },
    {
      "attributes" : {
        "FID" : 88,
        "PMNTN_SPOT" : 11369,
        "MNTN_CODE" : "413900101",
        "MANAGE_SP1" : "99",
        "MANAGE_SP2" : "기타",
        "DETAIL_SPO" : "굿당길 진출입로",
        "ETC_MATTER" : "임의로 트랙과 웨이포인트부여( 원래 진입로는 있음)",
        "MNTN_NM" : "군자봉",
        "PAST_SPOT_" : "21239901000089",
        "MNTN_ID" : "2123990100"
      },
      "geometry" : {
        "x" : 181569.93890000321,
        "y" : 529038.04309999943
      }
    },
    {
      "attributes" : {
        "FID" : 89,
        "PMNTN_SPOT" : 11370,
        "MNTN_CODE" : "413900101",
        "MANAGE_SP1" : "99",
        "MANAGE_SP2" : "기타",
        "DETAIL_SPO" : "기타",
        "ETC_MATTER" : "삼거리갈림길",
        "MNTN_NM" : "군자봉",
        "PAST_SPOT_" : "21239901000090",
        "MNTN_ID" : "2123990100"
      },
      "geometry" : {
        "x" : 181711.04710000101,
        "y" : 528897.45620000362
      }
    },
    {
      "attributes" : {
        "FID" : 90,
        "PMNTN_SPOT" : 11371,
        "MNTN_CODE" : "413900101",
        "MANAGE_SP1" : "99",
        "MANAGE_SP2" : "기타",
        "DETAIL_SPO" : "기타",
        "ETC_MATTER" : "인조계단",
        "MNTN_NM" : "군자봉",
        "PAST_SPOT_" : "21239901000091",
        "MNTN_ID" : "2123990100"
      },
      "geometry" : {
        "x" : 181746.28280000202,
        "y" : 528882.48450000212
      }
    },
    {
      "attributes" : {
        "FID" : 91,
        "PMNTN_SPOT" : 11372,
        "MNTN_CODE" : "413900101",
        "MANAGE_SP1" : "99",
        "MANAGE_SP2" : "기타",
        "DETAIL_SPO" : "기타",
        "ETC_MATTER" : "인조계단",
        "MNTN_NM" : "군자봉",
        "PAST_SPOT_" : "21239901000092",
        "MNTN_ID" : "2123990100"
      },
      "geometry" : {
        "x" : 181766.76700000372,
        "y" : 528891.27400000021
      }
    },
    {
      "attributes" : {
        "FID" : 92,
        "PMNTN_SPOT" : 11373,
        "MNTN_CODE" : "413900101",
        "MANAGE_SP1" : "99",
        "MANAGE_SP2" : "기타",
        "DETAIL_SPO" : "기타",
        "ETC_MATTER" : " ",
        "MNTN_NM" : "군자봉",
        "PAST_SPOT_" : "21239901000093",
        "MNTN_ID" : "2123990100"
      },
      "geometry" : {
        "x" : 181771.18809999991,
        "y" : 528887.40190000273
      }
    },
    {
      "attributes" : {
        "FID" : 93,
        "PMNTN_SPOT" : 11374,
        "MNTN_CODE" : "413900101",
        "MANAGE_SP1" : "99",
        "MANAGE_SP2" : "기타",
        "DETAIL_SPO" : "기타",
        "ETC_MATTER" : "가래골약수터내려가는길",
        "MNTN_NM" : "군자봉",
        "PAST_SPOT_" : "21239901000094",
        "MNTN_ID" : "2123990100"
      },
      "geometry" : {
        "x" : 181873.8460000027,
        "y" : 529166.12920000032
      }
    },
    {
      "attributes" : {
        "FID" : 94,
        "PMNTN_SPOT" : 11375,
        "MNTN_CODE" : "413900101",
        "MANAGE_SP1" : "99",
        "MANAGE_SP2" : "기타",
        "DETAIL_SPO" : "기타",
        "ETC_MATTER" : "가래골약수터내려가는길",
        "MNTN_NM" : "군자봉",
        "PAST_SPOT_" : "21239901000095",
        "MNTN_ID" : "2123990100"
      },
      "geometry" : {
        "x" : 181893.97460000031,
        "y" : 529166.64020000212
      }
    },
    {
      "attributes" : {
        "FID" : 95,
        "PMNTN_SPOT" : 11376,
        "MNTN_CODE" : "413900101",
        "MANAGE_SP1" : "99",
        "MANAGE_SP2" : "기타",
        "DETAIL_SPO" : "기타",
        "ETC_MATTER" : "나무의자",
        "MNTN_NM" : "군자봉",
        "PAST_SPOT_" : "21239901000096",
        "MNTN_ID" : "2123990100"
      },
      "geometry" : {
        "x" : 181911.83340000082,
        "y" : 529166.22389999963
      }
    },
    {
      "attributes" : {
        "FID" : 96,
        "PMNTN_SPOT" : 11377,
        "MNTN_CODE" : "413900101",
        "MANAGE_SP1" : "99",
        "MANAGE_SP2" : "기타",
        "DETAIL_SPO" : "계단,안전로프",
        "ETC_MATTER" : "289~67,급경사",
        "MNTN_NM" : "군자봉",
        "PAST_SPOT_" : "21239901000097",
        "MNTN_ID" : "2123990100"
      },
      "geometry" : {
        "x" : 181913.95010000281,
        "y" : 529178.15029999986
      }
    },
    {
      "attributes" : {
        "FID" : 97,
        "PMNTN_SPOT" : 11378,
        "MNTN_CODE" : "413900101",
        "MANAGE_SP1" : "99",
        "MANAGE_SP2" : "기타",
        "DETAIL_SPO" : "박동량묘와 신도비",
        "ETC_MATTER" : "향토유적12호,1-7구간에서 1-3-7으로의 갈라짐",
        "MNTN_NM" : "군자봉",
        "PAST_SPOT_" : "21239901000098",
        "MNTN_ID" : "2123990100"
      },
      "geometry" : {
        "x" : 182203.24160000216,
        "y" : 529315.92480000295
      }
    },
    {
      "attributes" : {
        "FID" : 98,
        "PMNTN_SPOT" : 11379,
        "MNTN_CODE" : "413900101",
        "MANAGE_SP1" : "10",
        "MANAGE_SP2" : "이정표",
        "DETAIL_SPO" : "이정표",
        "ETC_MATTER" : "현재 파괴 정도가 심한 상태로 교체나 보수 필요",
        "MNTN_NM" : "군자봉",
        "PAST_SPOT_" : "21239901000099",
        "MNTN_ID" : "2123990100"
      },
      "geometry" : {
        "x" : 182294.85889999941,
        "y" : 529240.98010000214
      }
    },
    {
      "attributes" : {
        "FID" : 99,
        "PMNTN_SPOT" : 11380,
        "MNTN_CODE" : "413900101",
        "MANAGE_SP1" : "99",
        "MANAGE_SP2" : "기타",
        "DETAIL_SPO" : "기타",
        "ETC_MATTER" : "능곡지구조망",
        "MNTN_NM" : "군자봉",
        "PAST_SPOT_" : "21239901000100",
        "MNTN_ID" : "2123990100"
      },
      "geometry" : {
        "x" : 182404.13250000123,
        "y" : 529332.69959999807
      }
    },
    {
      "attributes" : {
        "FID" : 100,
        "PMNTN_SPOT" : 11381,
        "MNTN_CODE" : "413900101",
        "MANAGE_SP1" : "16",
        "MANAGE_SP2" : "주요나무",
        "DETAIL_SPO" : "소나무",
        "ETC_MATTER" : "적송이 군림",
        "MNTN_NM" : "군자봉",
        "PAST_SPOT_" : "21239901000101",
        "MNTN_ID" : "2123990100"
      },
      "geometry" : {
        "x" : 182443.21300000232,
        "y" : 529364.14800000004
      }
    },
    {
      "attributes" : {
        "FID" : 101,
        "PMNTN_SPOT" : 11382,
        "MNTN_CODE" : "413900101",
        "MANAGE_SP1" : "99",
        "MANAGE_SP2" : "기타",
        "DETAIL_SPO" : "기타",
        "ETC_MATTER" : "차량 통행 가능 지점",
        "MNTN_NM" : "군자봉",
        "PAST_SPOT_" : "21239901000102",
        "MNTN_ID" : "2123990100"
      },
      "geometry" : {
        "x" : 182559.60330000147,
        "y" : 529442.03680000268
      }
    },
    {
      "attributes" : {
        "FID" : 102,
        "PMNTN_SPOT" : 11383,
        "MNTN_CODE" : "413900101",
        "MANAGE_SP1" : "10",
        "MANAGE_SP2" : "이정표",
        "DETAIL_SPO" : "이정표",
        "ETC_MATTER" : " ",
        "MNTN_NM" : "군자봉",
        "PAST_SPOT_" : "21239901000103",
        "MNTN_ID" : "2123990100"
      },
      "geometry" : {
        "x" : 182686.87460000347,
        "y" : 529467.05300000124
      }
    },
    {
      "attributes" : {
        "FID" : 103,
        "PMNTN_SPOT" : 11384,
        "MNTN_CODE" : "413900101",
        "MANAGE_SP1" : "01",
        "MANAGE_SP2" : "시종점",
        "DETAIL_SPO" : "시종점,안내판,이정표,출입구",
        "ETC_MATTER" : "영응대군묘안내,산사랑안내",
        "MNTN_NM" : "군자봉",
        "PAST_SPOT_" : "21239901000104",
        "MNTN_ID" : "2123990100"
      },
      "geometry" : {
        "x" : 181121.28810000047,
        "y" : 528591.67900000326
      }
    },
    {
      "attributes" : {
        "FID" : 104,
        "PMNTN_SPOT" : 11385,
        "MNTN_CODE" : "413900101",
        "MANAGE_SP1" : "01",
        "MANAGE_SP2" : "시종점",
        "DETAIL_SPO" : "시종점,황고개약수터,진출입로",
        "ETC_MATTER" : "버스정류장",
        "MNTN_NM" : "군자봉",
        "PAST_SPOT_" : "21239901000105",
        "MNTN_ID" : "2123990100"
      },
      "geometry" : {
        "x" : 181433.25009999983,
        "y" : 530317.37230000086
      }
    },
    {
      "attributes" : {
        "FID" : 105,
        "PMNTN_SPOT" : 11386,
        "MNTN_CODE" : "413900101",
        "MANAGE_SP1" : "01",
        "MANAGE_SP2" : "시종점",
        "DETAIL_SPO" : "시종점,굿당길",
        "ETC_MATTER" : "샛터고개길에서 우측으로 진출입로 시작",
        "MNTN_NM" : "군자봉",
        "PAST_SPOT_" : "21239901000106",
        "MNTN_ID" : "2123990100"
      },
      "geometry" : {
        "x" : 181520.07919999957,
        "y" : 529017.11989999935
      }
    },
    {
      "attributes" : {
        "FID" : 106,
        "PMNTN_SPOT" : 11387,
        "MNTN_CODE" : "413900101",
        "MANAGE_SP1" : "01",
        "MANAGE_SP2" : "시종점",
        "DETAIL_SPO" : "시종점,이정표,가래골약수터입구(언덕길)",
        "ETC_MATTER" : " ",
        "MNTN_NM" : "군자봉",
        "PAST_SPOT_" : "21239901000107",
        "MNTN_ID" : "2123990100"
      },
      "geometry" : {
        "x" : 181704.99200000055,
        "y" : 529174.69090000167
      }
    },
    {
      "attributes" : {
        "FID" : 107,
        "PMNTN_SPOT" : 11388,
        "MNTN_CODE" : "413900101",
        "MANAGE_SP1" : "01",
        "MANAGE_SP2" : "시종점",
        "DETAIL_SPO" : "시종점,출입로",
        "ETC_MATTER" : "가래골약수터진입로",
        "MNTN_NM" : "군자봉",
        "PAST_SPOT_" : "21239901000108",
        "MNTN_ID" : "2123990100"
      },
      "geometry" : {
        "x" : 181757.48230000027,
        "y" : 529226.03880000114
      }
    },
    {
      "attributes" : {
        "FID" : 108,
        "PMNTN_SPOT" : 11389,
        "MNTN_CODE" : "413900101",
        "MANAGE_SP1" : "02",
        "MANAGE_SP2" : "분기점",
        "DETAIL_SPO" : "분기점",
        "ETC_MATTER" : "1-2-4접점",
        "MNTN_NM" : "군자봉",
        "PAST_SPOT_" : "21239901000109",
        "MNTN_ID" : "2123990100"
      },
      "geometry" : {
        "x" : 181797.47580000013,
        "y" : 528883.07190000266
      }
    },
    {
      "attributes" : {
        "FID" : 109,
        "PMNTN_SPOT" : 11390,
        "MNTN_CODE" : "413900101",
        "MANAGE_SP1" : "02",
        "MANAGE_SP2" : "분기점",
        "DETAIL_SPO" : "분기점",
        "ETC_MATTER" : " ",
        "MNTN_NM" : "군자봉",
        "PAST_SPOT_" : "21239901000110",
        "MNTN_ID" : "2123990100"
      },
      "geometry" : {
        "x" : 181819.01640000008,
        "y" : 529179.21300000325
      }
    },
    {
      "attributes" : {
        "FID" : 110,
        "PMNTN_SPOT" : 11391,
        "MNTN_CODE" : "413900101",
        "MANAGE_SP1" : "02",
        "MANAGE_SP2" : "분기점",
        "DETAIL_SPO" : "분기점",
        "ETC_MATTER" : "분기내노선",
        "MNTN_NM" : "군자봉",
        "PAST_SPOT_" : "21239901000111",
        "MNTN_ID" : "2123990100"
      },
      "geometry" : {
        "x" : 181858.24189999979,
        "y" : 528534.78449999914
      }
    },
    {
      "attributes" : {
        "FID" : 111,
        "PMNTN_SPOT" : 11392,
        "MNTN_CODE" : "413900101",
        "MANAGE_SP1" : "02",
        "MANAGE_SP2" : "분기점",
        "DETAIL_SPO" : "분기점",
        "ETC_MATTER" : "노선1-1가는 길",
        "MNTN_NM" : "군자봉",
        "PAST_SPOT_" : "21239901000112",
        "MNTN_ID" : "2123990100"
      },
      "geometry" : {
        "x" : 181863.02760000061,
        "y" : 528623.5756000001
      }
    },
    {
      "attributes" : {
        "FID" : 112,
        "PMNTN_SPOT" : 11393,
        "MNTN_CODE" : "413900101",
        "MANAGE_SP1" : "02",
        "MANAGE_SP2" : "분기점",
        "DETAIL_SPO" : "분기점",
        "ETC_MATTER" : "분기내노선",
        "MNTN_NM" : "군자봉",
        "PAST_SPOT_" : "21239901000113",
        "MNTN_ID" : "2123990100"
      },
      "geometry" : {
        "x" : 181872.70910000149,
        "y" : 528502.94700000249
      }
    },
    {
      "attributes" : {
        "FID" : 113,
        "PMNTN_SPOT" : 11394,
        "MNTN_CODE" : "413900101",
        "MANAGE_SP1" : "01",
        "MANAGE_SP2" : "시종점",
        "DETAIL_SPO" : "시종점,출입구",
        "ETC_MATTER" : " ",
        "MNTN_NM" : "군자봉",
        "PAST_SPOT_" : "21239901000114",
        "MNTN_ID" : "2123990100"
      },
      "geometry" : {
        "x" : 181926.81149999984,
        "y" : 529403.00850000232
      }
    },
    {
      "attributes" : {
        "FID" : 114,
        "PMNTN_SPOT" : 11395,
        "MNTN_CODE" : "413900101",
        "MANAGE_SP1" : "01",
        "MANAGE_SP2" : "시종점",
        "DETAIL_SPO" : "시종점",
        "ETC_MATTER" : "하절기등산로라 덩쿨식물때문에 진입불가(길추정)",
        "MNTN_NM" : "군자봉",
        "PAST_SPOT_" : "21239901000115",
        "MNTN_ID" : "2123990100"
      },
      "geometry" : {
        "x" : 181928.04150000028,
        "y" : 531224.82100000046
      }
    },
    {
      "attributes" : {
        "FID" : 115,
        "PMNTN_SPOT" : 11396,
        "MNTN_CODE" : "413900101",
        "MANAGE_SP1" : "01",
        "MANAGE_SP2" : "시종점",
        "DETAIL_SPO" : "시종점,진출입로",
        "ETC_MATTER" : " ",
        "MNTN_NM" : "군자봉",
        "PAST_SPOT_" : "21239901000116",
        "MNTN_ID" : "2123990100"
      },
      "geometry" : {
        "x" : 181942.78570000269,
        "y" : 530901.87459999882
      }
    },
    {
      "attributes" : {
        "FID" : 116,
        "PMNTN_SPOT" : 11397,
        "MNTN_CODE" : "413900101",
        "MANAGE_SP1" : "02",
        "MANAGE_SP2" : "분기점",
        "DETAIL_SPO" : "운동하는 숲",
        "ETC_MATTER" : "운동하는숲 1구간 59번 포인트 거리가 12M 떨어져있어 새로 포인트부여",
        "MNTN_NM" : "군자봉",
        "PAST_SPOT_" : "21239901000117",
        "MNTN_ID" : "2123990100"
      },
      "geometry" : {
        "x" : 181965.70959999971,
        "y" : 528772.63979999907
      }
    },
    {
      "attributes" : {
        "FID" : 117,
        "PMNTN_SPOT" : 11398,
        "MNTN_CODE" : "413900101",
        "MANAGE_SP1" : "10",
        "MANAGE_SP2" : "이정표",
        "DETAIL_SPO" : "이정표,출입구",
        "ETC_MATTER" : " ",
        "MNTN_NM" : "군자봉",
        "PAST_SPOT_" : "21239901000118",
        "MNTN_ID" : "2123990100"
      },
      "geometry" : {
        "x" : 181999.65270000044,
        "y" : 529484.82240000367
      }
    },
    {
      "attributes" : {
        "FID" : 118,
        "PMNTN_SPOT" : 11399,
        "MNTN_CODE" : "413900101",
        "MANAGE_SP1" : "02",
        "MANAGE_SP2" : "분기점",
        "DETAIL_SPO" : "이정표",
        "ETC_MATTER" : "옥녀봉가는길과의 접점",
        "MNTN_NM" : "군자봉",
        "PAST_SPOT_" : "21239901000119",
        "MNTN_ID" : "2123990100"
      },
      "geometry" : {
        "x" : 182014.71130000055,
        "y" : 529648.06010000221
      }
    },
    {
      "attributes" : {
        "FID" : 119,
        "PMNTN_SPOT" : 11400,
        "MNTN_CODE" : "413900101",
        "MANAGE_SP1" : "02",
        "MANAGE_SP2" : "분기점",
        "DETAIL_SPO" : "이정표",
        "ETC_MATTER" : "의자,노선1-4가는 길",
        "MNTN_NM" : "군자봉",
        "PAST_SPOT_" : "21239901000120",
        "MNTN_ID" : "2123990100"
      },
      "geometry" : {
        "x" : 182018.46420000121,
        "y" : 529165.37729999796
      }
    },
    {
      "attributes" : {
        "FID" : 120,
        "PMNTN_SPOT" : 11401,
        "MNTN_CODE" : "413900101",
        "MANAGE_SP1" : "02",
        "MANAGE_SP2" : "분기점",
        "DETAIL_SPO" : "분기점",
        "ETC_MATTER" : "계단이 발판에만 있고 나머지는 흙길,노선1-3-7로나뉘어지는지점",
        "MNTN_NM" : "군자봉",
        "PAST_SPOT_" : "21239901000121",
        "MNTN_ID" : "2123990100"
      },
      "geometry" : {
        "x" : 182045.01350000128,
        "y" : 528767.66690000147
      }
    },
    {
      "attributes" : {
        "FID" : 121,
        "PMNTN_SPOT" : 11402,
        "MNTN_CODE" : "413900101",
        "MANAGE_SP1" : "23",
        "MANAGE_SP2" : "정상",
        "DETAIL_SPO" : "정상,이정표,느티나무,성황사지,산불감시탑,긴급구조안내",
        "ETC_MATTER" : "향토유적제14호,노거수,산불감시용 건물,지정화계도문구,성황사지안내,능곡지구조망,안내요청연락안내",
        "MNTN_NM" : "군자봉",
        "PAST_SPOT_" : "21239901000122",
        "MNTN_ID" : "2123990100"
      },
      "geometry" : {
        "x" : 182048.00500000082,
        "y" : 528981.53599999845
      }
    },
    {
      "attributes" : {
        "FID" : 122,
        "PMNTN_SPOT" : 11403,
        "MNTN_CODE" : "413900101",
        "MANAGE_SP1" : "02",
        "MANAGE_SP2" : "분기점",
        "DETAIL_SPO" : "이정표,사색의 숲",
        "ETC_MATTER" : "운동기구 역기외 3개,1구간과1-8,1-7구간의 접점",
        "MNTN_NM" : "군자봉",
        "PAST_SPOT_" : "21239901000123",
        "MNTN_ID" : "2123990100"
      },
      "geometry" : {
        "x" : 182055.12729999982,
        "y" : 529310.66500000097
      }
    },
    {
      "attributes" : {
        "FID" : 123,
        "PMNTN_SPOT" : 11404,
        "MNTN_CODE" : "413900101",
        "MANAGE_SP1" : "02",
        "MANAGE_SP2" : "분기점",
        "DETAIL_SPO" : "분기점",
        "ETC_MATTER" : "1구간과 1-6구간의 접점",
        "MNTN_NM" : "군자봉",
        "PAST_SPOT_" : "21239901000124",
        "MNTN_ID" : "2123990100"
      },
      "geometry" : {
        "x" : 182056.72090000287,
        "y" : 529239.72639999911
      }
    },
    {
      "attributes" : {
        "FID" : 124,
        "PMNTN_SPOT" : 11405,
        "MNTN_CODE" : "413900101",
        "MANAGE_SP1" : "02",
        "MANAGE_SP2" : "분기점",
        "DETAIL_SPO" : "분기점",
        "ETC_MATTER" : "1-2구간과의 접점",
        "MNTN_NM" : "군자봉",
        "PAST_SPOT_" : "21239901000125",
        "MNTN_ID" : "2123990100"
      },
      "geometry" : {
        "x" : 182131.01750000101,
        "y" : 530996.80460000224
      }
    },
    {
      "attributes" : {
        "FID" : 125,
        "PMNTN_SPOT" : 11406,
        "MNTN_CODE" : "413900101",
        "MANAGE_SP1" : "01",
        "MANAGE_SP2" : "시종점",
        "DETAIL_SPO" : "시종점진출입로(영각사)",
        "ETC_MATTER" : "진출입로 영각사 측후면",
        "MNTN_NM" : "군자봉",
        "PAST_SPOT_" : "21239901000126",
        "MNTN_ID" : "2123990100"
      },
      "geometry" : {
        "x" : 182198.30810000282,
        "y" : 528713.96040000394
      }
    },
    {
      "attributes" : {
        "FID" : 126,
        "PMNTN_SPOT" : 11407,
        "MNTN_CODE" : "413900101",
        "MANAGE_SP1" : "02",
        "MANAGE_SP2" : "분기점",
        "DETAIL_SPO" : "분기점",
        "ETC_MATTER" : "1-3-7-1구간의 접점",
        "MNTN_NM" : "군자봉",
        "PAST_SPOT_" : "21239901000127",
        "MNTN_ID" : "2123990100"
      },
      "geometry" : {
        "x" : 182209.25370000117,
        "y" : 528872.35199999996
      }
    },
    {
      "attributes" : {
        "FID" : 127,
        "PMNTN_SPOT" : 11408,
        "MNTN_CODE" : "413900101",
        "MANAGE_SP1" : "02",
        "MANAGE_SP2" : "분기점",
        "DETAIL_SPO" : "분기점",
        "ETC_MATTER" : "1-3-7-1구간의 접점",
        "MNTN_NM" : "군자봉",
        "PAST_SPOT_" : "21239901000128",
        "MNTN_ID" : "2123990100"
      },
      "geometry" : {
        "x" : 182249.40130000096,
        "y" : 528843.83830000274
      }
    },
    {
      "attributes" : {
        "FID" : 128,
        "PMNTN_SPOT" : 11409,
        "MNTN_CODE" : "413900101",
        "MANAGE_SP1" : "02",
        "MANAGE_SP2" : "분기점",
        "DETAIL_SPO" : "분기점",
        "ETC_MATTER" : " ",
        "MNTN_NM" : "군자봉",
        "PAST_SPOT_" : "21239901000129",
        "MNTN_ID" : "2123990100"
      },
      "geometry" : {
        "x" : 182252.54650000017,
        "y" : 530935.74300000258
      }
    },
    {
      "attributes" : {
        "FID" : 129,
        "PMNTN_SPOT" : 11410,
        "MNTN_CODE" : "413900101",
        "MANAGE_SP1" : "02",
        "MANAGE_SP2" : "분기점",
        "DETAIL_SPO" : "분기점",
        "ETC_MATTER" : "1-3-7분기",
        "MNTN_NM" : "군자봉",
        "PAST_SPOT_" : "21239901000130",
        "MNTN_ID" : "2123990100"
      },
      "geometry" : {
        "x" : 182284.26500117313,
        "y" : 529246.75348245539
      }
    },
    {
      "attributes" : {
        "FID" : 130,
        "PMNTN_SPOT" : 11411,
        "MNTN_CODE" : "413900101",
        "MANAGE_SP1" : "02",
        "MANAGE_SP2" : "분기점",
        "DETAIL_SPO" : "순흥안씨문중묘역",
        "ETC_MATTER" : "고속도로 I.C(영동고속도로 조망)",
        "MNTN_NM" : "군자봉",
        "PAST_SPOT_" : "21239901000131",
        "MNTN_ID" : "2123990100"
      },
      "geometry" : {
        "x" : 182339.74629999883,
        "y" : 528248.96030000411
      }
    },
    {
      "attributes" : {
        "FID" : 131,
        "PMNTN_SPOT" : 11412,
        "MNTN_CODE" : "413900101",
        "MANAGE_SP1" : "02",
        "MANAGE_SP2" : "분기점",
        "DETAIL_SPO" : "분기점",
        "ETC_MATTER" : " ",
        "MNTN_NM" : "군자봉",
        "PAST_SPOT_" : "21239901000132",
        "MNTN_ID" : "2123990100"
      },
      "geometry" : {
        "x" : 182356.10130000021,
        "y" : 528757.43989999965
      }
    },
    {
      "attributes" : {
        "FID" : 132,
        "PMNTN_SPOT" : 11413,
        "MNTN_CODE" : "413900101",
        "MANAGE_SP1" : "01",
        "MANAGE_SP2" : "시종점",
        "DETAIL_SPO" : "시종점,39번국도",
        "ETC_MATTER" : "39번 국도 인도",
        "MNTN_NM" : "군자봉",
        "PAST_SPOT_" : "21239901000133",
        "MNTN_ID" : "2123990100"
      },
      "geometry" : {
        "x" : 182368.6015000008,
        "y" : 528093.74100000225
      }
    },
    {
      "attributes" : {
        "FID" : 133,
        "PMNTN_SPOT" : 11414,
        "MNTN_CODE" : "413900101",
        "MANAGE_SP1" : "01",
        "MANAGE_SP2" : "시종점",
        "DETAIL_SPO" : "시종점",
        "ETC_MATTER" : "개인묘역",
        "MNTN_NM" : "군자봉",
        "PAST_SPOT_" : "21239901000134",
        "MNTN_ID" : "2123990100"
      },
      "geometry" : {
        "x" : 182395.30680000037,
        "y" : 528662.56380000152
      }
    },
    {
      "attributes" : {
        "FID" : 134,
        "PMNTN_SPOT" : 11415,
        "MNTN_CODE" : "413900101",
        "MANAGE_SP1" : "01",
        "MANAGE_SP2" : "시종점",
        "DETAIL_SPO" : "시종점",
        "ETC_MATTER" : " ",
        "MNTN_NM" : "군자봉",
        "PAST_SPOT_" : "21239901000135",
        "MNTN_ID" : "2123990100"
      },
      "geometry" : {
        "x" : 182400.18989999965,
        "y" : 528782.39290000126
      }
    },
    {
      "attributes" : {
        "FID" : 135,
        "PMNTN_SPOT" : 11416,
        "MNTN_CODE" : "413900101",
        "MANAGE_SP1" : "01",
        "MANAGE_SP2" : "시종점",
        "DETAIL_SPO" : "시종점,출입구",
        "ETC_MATTER" : "39번국도에서 진입 GPS116번과 약 100M떨어짐",
        "MNTN_NM" : "군자봉",
        "PAST_SPOT_" : "21239901000136",
        "MNTN_ID" : "2123990100"
      },
      "geometry" : {
        "x" : 182440.31940000132,
        "y" : 528234.15249999799
      }
    },
    {
      "attributes" : {
        "FID" : 136,
        "PMNTN_SPOT" : 11417,
        "MNTN_CODE" : "413900101",
        "MANAGE_SP1" : "01",
        "MANAGE_SP2" : "시종점",
        "DETAIL_SPO" : "시종점",
        "ETC_MATTER" : "등산로진출입로",
        "MNTN_NM" : "군자봉",
        "PAST_SPOT_" : "21239901000137",
        "MNTN_ID" : "2123990100"
      },
      "geometry" : {
        "x" : 182440.84420000017,
        "y" : 531105.79530000128
      }
    },
    {
      "attributes" : {
        "FID" : 137,
        "PMNTN_SPOT" : 11418,
        "MNTN_CODE" : "413900101",
        "MANAGE_SP1" : "01",
        "MANAGE_SP2" : "시종점",
        "DETAIL_SPO" : "시종점,39번국도",
        "ETC_MATTER" : "39번국도",
        "MNTN_NM" : "군자봉",
        "PAST_SPOT_" : "21239901000138",
        "MNTN_ID" : "2123990100"
      },
      "geometry" : {
        "x" : 182641.93570000026,
        "y" : 528628.27180000022
      }
    },
    {
      "attributes" : {
        "FID" : 138,
        "PMNTN_SPOT" : 11419,
        "MNTN_CODE" : "413900101",
        "MANAGE_SP1" : "01",
        "MANAGE_SP2" : "시종점",
        "DETAIL_SPO" : "시종점",
        "ETC_MATTER" : "산북마을 포장소로와 합류",
        "MNTN_NM" : "군자봉",
        "PAST_SPOT_" : "21239901000139",
        "MNTN_ID" : "2123990100"
      },
      "geometry" : {
        "x" : 182694.03180000279,
        "y" : 529471.05580000393
      }
    }
  ]
}