{
  "displayFieldName" : "",
  "fieldAliases" : {
    "FID" : "FID",
    "PMNTN_SPOT" : "PMNTN_SPOT",
    "MNTN_CODE" : "MNTN_CODE",
    "MANAGE_SP1" : "MANAGE_SP1",
    "MANAGE_SP2" : "MANAGE_SP2",
    "DETAIL_SPO" : "DETAIL_SPO",
    "ETC_MATTER" : "ETC_MATTER",
    "MNTN_NM" : "MNTN_NM",
    "PAST_SPOT_" : "PAST_SPOT_",
    "MNTN_ID" : "MNTN_ID"
  },
  "geometryType" : "esriGeometryPoint",
  "spatialReference" : {
    "wkt" : "PROJCS[\"PCS_ITRF2000_TM\",GEOGCS[\"GCS_ITRF_2000\",DATUM[\"D_ITRF_2000\",SPHEROID[\"GRS_1980\",6378137.0,298.257222101]],PRIMEM[\"Greenwich\",0.0],UNIT[\"Degree\",0.0174532925199433]],PROJECTION[\"Transverse_Mercator\"],PARAMETER[\"False_Easting\",200000.0],PARAMETER[\"False_Northing\",600000.0],PARAMETER[\"Central_Meridian\",127.0],PARAMETER[\"Scale_Factor\",1.0],PARAMETER[\"Latitude_Of_Origin\",38.0],UNIT[\"Meter\",1.0]]"
  },
  "fields" : [
    {
      "name" : "FID",
      "type" : "esriFieldTypeOID",
      "alias" : "FID"
    },
    {
      "name" : "PMNTN_SPOT",
      "type" : "esriFieldTypeDouble",
      "alias" : "PMNTN_SPOT"
    },
    {
      "name" : "MNTN_CODE",
      "type" : "esriFieldTypeString",
      "alias" : "MNTN_CODE",
      "length" : 9
    },
    {
      "name" : "MANAGE_SP1",
      "type" : "esriFieldTypeString",
      "alias" : "MANAGE_SP1",
      "length" : 2
    },
    {
      "name" : "MANAGE_SP2",
      "type" : "esriFieldTypeString",
      "alias" : "MANAGE_SP2",
      "length" : 50
    },
    {
      "name" : "DETAIL_SPO",
      "type" : "esriFieldTypeString",
      "alias" : "DETAIL_SPO",
      "length" : 200
    },
    {
      "name" : "ETC_MATTER",
      "type" : "esriFieldTypeString",
      "alias" : "ETC_MATTER",
      "length" : 200
    },
    {
      "name" : "MNTN_NM",
      "type" : "esriFieldTypeString",
      "alias" : "MNTN_NM",
      "length" : 50
    },
    {
      "name" : "PAST_SPOT_",
      "type" : "esriFieldTypeString",
      "alias" : "PAST_SPOT_",
      "length" : 14
    },
    {
      "name" : "MNTN_ID",
      "type" : "esriFieldTypeString",
      "alias" : "MNTN_ID",
      "length" : 10
    }
  ],
  "features" : [
    {
      "attributes" : {
        "FID" : 0,
        "PMNTN_SPOT" : 65650,
        "MNTN_CODE" : "468402401",
        "MANAGE_SP1" : "01",
        "MANAGE_SP2" : "시종점",
        "DETAIL_SPO" : "시종점",
        "ETC_MATTER" : " ",
        "MNTN_NM" : "오룡산",
        "PAST_SPOT_" : "4684024010001",
        "MNTN_ID" : "468402401"
      },
      "geometry" : {
        "x" : 149974.84949999955,
        "y" : 247085.04240000434
      }
    },
    {
      "attributes" : {
        "FID" : 1,
        "PMNTN_SPOT" : 65651,
        "MNTN_CODE" : "468402401",
        "MANAGE_SP1" : "01",
        "MANAGE_SP2" : "시종점",
        "DETAIL_SPO" : "시종점",
        "ETC_MATTER" : " ",
        "MNTN_NM" : "오룡산",
        "PAST_SPOT_" : "4684024010002",
        "MNTN_ID" : "468402401"
      },
      "geometry" : {
        "x" : 150007.47370000184,
        "y" : 247595.31240000203
      }
    },
    {
      "attributes" : {
        "FID" : 2,
        "PMNTN_SPOT" : 65652,
        "MNTN_CODE" : "468402401",
        "MANAGE_SP1" : "02",
        "MANAGE_SP2" : "분기점",
        "DETAIL_SPO" : "분기점",
        "ETC_MATTER" : " ",
        "MNTN_NM" : "오룡산",
        "PAST_SPOT_" : "4684024010003",
        "MNTN_ID" : "468402401"
      },
      "geometry" : {
        "x" : 150476.91360000055,
        "y" : 247389.54840000346
      }
    },
    {
      "attributes" : {
        "FID" : 3,
        "PMNTN_SPOT" : 65653,
        "MNTN_CODE" : "468402401",
        "MANAGE_SP1" : "01",
        "MANAGE_SP2" : "시종점",
        "DETAIL_SPO" : "시종점",
        "ETC_MATTER" : " ",
        "MNTN_NM" : "오룡산",
        "PAST_SPOT_" : "4684024010004",
        "MNTN_ID" : "468402401"
      },
      "geometry" : {
        "x" : 151224.4486999996,
        "y" : 247107.22190000303
      }
    },
    {
      "attributes" : {
        "FID" : 4,
        "PMNTN_SPOT" : 65654,
        "MNTN_CODE" : "468402401",
        "MANAGE_SP1" : "02",
        "MANAGE_SP2" : "분기점",
        "DETAIL_SPO" : "분기점",
        "ETC_MATTER" : " ",
        "MNTN_NM" : "오룡산",
        "PAST_SPOT_" : "4684024010005",
        "MNTN_ID" : "468402401"
      },
      "geometry" : {
        "x" : 151363.11799999978,
        "y" : 247726.78619999997
      }
    },
    {
      "attributes" : {
        "FID" : 5,
        "PMNTN_SPOT" : 65655,
        "MNTN_CODE" : "468402401",
        "MANAGE_SP1" : "01",
        "MANAGE_SP2" : "시종점",
        "DETAIL_SPO" : "시종점",
        "ETC_MATTER" : " ",
        "MNTN_NM" : "오룡산",
        "PAST_SPOT_" : "4684024010006",
        "MNTN_ID" : "468402401"
      },
      "geometry" : {
        "x" : 151503.07730000187,
        "y" : 246850.83710000105
      }
    },
    {
      "attributes" : {
        "FID" : 6,
        "PMNTN_SPOT" : 65656,
        "MNTN_CODE" : "468402401",
        "MANAGE_SP1" : "01",
        "MANAGE_SP2" : "시종점",
        "DETAIL_SPO" : "시종점",
        "ETC_MATTER" : " ",
        "MNTN_NM" : "오룡산",
        "PAST_SPOT_" : "4684024010007",
        "MNTN_ID" : "468402401"
      },
      "geometry" : {
        "x" : 151640.08400000073,
        "y" : 248240.4504000023
      }
    },
    {
      "attributes" : {
        "FID" : 7,
        "PMNTN_SPOT" : 65657,
        "MNTN_CODE" : "468402401",
        "MANAGE_SP1" : "02",
        "MANAGE_SP2" : "분기점",
        "DETAIL_SPO" : "분기점",
        "ETC_MATTER" : " ",
        "MNTN_NM" : "오룡산",
        "PAST_SPOT_" : "4684024010008",
        "MNTN_ID" : "468402401"
      },
      "geometry" : {
        "x" : 151648.26540000085,
        "y" : 247253.62900000438
      }
    },
    {
      "attributes" : {
        "FID" : 8,
        "PMNTN_SPOT" : 65658,
        "MNTN_CODE" : "468402401",
        "MANAGE_SP1" : "02",
        "MANAGE_SP2" : "분기점",
        "DETAIL_SPO" : "분기점",
        "ETC_MATTER" : " ",
        "MNTN_NM" : "오룡산",
        "PAST_SPOT_" : "4684024010009",
        "MNTN_ID" : "468402401"
      },
      "geometry" : {
        "x" : 151380.79240000062,
        "y" : 247308.49130000174
      }
    },
    {
      "attributes" : {
        "FID" : 9,
        "PMNTN_SPOT" : 65659,
        "MNTN_CODE" : "468402401",
        "MANAGE_SP1" : "02",
        "MANAGE_SP2" : "분기점",
        "DETAIL_SPO" : "분기점",
        "ETC_MATTER" : " ",
        "MNTN_NM" : "오룡산",
        "PAST_SPOT_" : "4684024010010",
        "MNTN_ID" : "468402401"
      },
      "geometry" : {
        "x" : 151675.34830000065,
        "y" : 247202.6444000043
      }
    },
    {
      "attributes" : {
        "FID" : 10,
        "PMNTN_SPOT" : 65660,
        "MNTN_CODE" : "468402401",
        "MANAGE_SP1" : "02",
        "MANAGE_SP2" : "분기점",
        "DETAIL_SPO" : "분기점",
        "ETC_MATTER" : " ",
        "MNTN_NM" : "오룡산",
        "PAST_SPOT_" : "4684024010011",
        "MNTN_ID" : "468402401"
      },
      "geometry" : {
        "x" : 151888.58710711729,
        "y" : 246951.00933767296
      }
    },
    {
      "attributes" : {
        "FID" : 11,
        "PMNTN_SPOT" : 65661,
        "MNTN_CODE" : "468402401",
        "MANAGE_SP1" : "02",
        "MANAGE_SP2" : "분기점",
        "DETAIL_SPO" : "분기점",
        "ETC_MATTER" : " ",
        "MNTN_NM" : "오룡산",
        "PAST_SPOT_" : "4684024010012",
        "MNTN_ID" : "468402401"
      },
      "geometry" : {
        "x" : 151713.71969333012,
        "y" : 246903.3969230298
      }
    },
    {
      "attributes" : {
        "FID" : 12,
        "PMNTN_SPOT" : 65662,
        "MNTN_CODE" : "468402401",
        "MANAGE_SP1" : "02",
        "MANAGE_SP2" : "분기점",
        "DETAIL_SPO" : "분기점",
        "ETC_MATTER" : " ",
        "MNTN_NM" : "오룡산",
        "PAST_SPOT_" : "4684024010013",
        "MNTN_ID" : "468402401"
      },
      "geometry" : {
        "x" : 152343.50208704453,
        "y" : 247479.07430009916
      }
    },
    {
      "attributes" : {
        "FID" : 13,
        "PMNTN_SPOT" : 65663,
        "MNTN_CODE" : "468402401",
        "MANAGE_SP1" : "02",
        "MANAGE_SP2" : "분기점",
        "DETAIL_SPO" : "분기점",
        "ETC_MATTER" : " ",
        "MNTN_NM" : "오룡산",
        "PAST_SPOT_" : "4684024010014",
        "MNTN_ID" : "468402401"
      },
      "geometry" : {
        "x" : 151496.7200000016,
        "y" : 247617.23680000007
      }
    },
    {
      "attributes" : {
        "FID" : 14,
        "PMNTN_SPOT" : 65664,
        "MNTN_CODE" : "468402401",
        "MANAGE_SP1" : "02",
        "MANAGE_SP2" : "분기점",
        "DETAIL_SPO" : "분기점",
        "ETC_MATTER" : " ",
        "MNTN_NM" : "오룡산",
        "PAST_SPOT_" : "4684024010015",
        "MNTN_ID" : "468402401"
      },
      "geometry" : {
        "x" : 150718.73860000074,
        "y" : 247461.45090000145
      }
    },
    {
      "attributes" : {
        "FID" : 15,
        "PMNTN_SPOT" : 65665,
        "MNTN_CODE" : "468402401",
        "MANAGE_SP1" : "02",
        "MANAGE_SP2" : "분기점",
        "DETAIL_SPO" : "분기점",
        "ETC_MATTER" : " ",
        "MNTN_NM" : "오룡산",
        "PAST_SPOT_" : "4684024010016",
        "MNTN_ID" : "468402401"
      },
      "geometry" : {
        "x" : 150796.31503114477,
        "y" : 247159.63828184456
      }
    },
    {
      "attributes" : {
        "FID" : 16,
        "PMNTN_SPOT" : 65666,
        "MNTN_CODE" : "468402401",
        "MANAGE_SP1" : "01",
        "MANAGE_SP2" : "시종점",
        "DETAIL_SPO" : "시종점",
        "ETC_MATTER" : " ",
        "MNTN_NM" : "오룡산",
        "PAST_SPOT_" : "4684024010017",
        "MNTN_ID" : "468402401"
      },
      "geometry" : {
        "x" : 150792.85231008194,
        "y" : 246956.20341926999
      }
    },
    {
      "attributes" : {
        "FID" : 17,
        "PMNTN_SPOT" : 65667,
        "MNTN_CODE" : "468402401",
        "MANAGE_SP1" : "01",
        "MANAGE_SP2" : "시종점",
        "DETAIL_SPO" : "시종점",
        "ETC_MATTER" : " ",
        "MNTN_NM" : "오룡산",
        "PAST_SPOT_" : "4684024010018",
        "MNTN_ID" : "468402401"
      },
      "geometry" : {
        "x" : 151014.03361811303,
        "y" : 247129.77231265791
      }
    },
    {
      "attributes" : {
        "FID" : 18,
        "PMNTN_SPOT" : 65668,
        "MNTN_CODE" : "468402401",
        "MANAGE_SP1" : "01",
        "MANAGE_SP2" : "시종점",
        "DETAIL_SPO" : "시종점",
        "ETC_MATTER" : " ",
        "MNTN_NM" : "오룡산",
        "PAST_SPOT_" : "4684024010019",
        "MNTN_ID" : "468402401"
      },
      "geometry" : {
        "x" : 151668.27147935051,
        "y" : 246705.1561420504
      }
    },
    {
      "attributes" : {
        "FID" : 19,
        "PMNTN_SPOT" : 65669,
        "MNTN_CODE" : "468402401",
        "MANAGE_SP1" : "01",
        "MANAGE_SP2" : "시종점",
        "DETAIL_SPO" : "시종점",
        "ETC_MATTER" : " ",
        "MNTN_NM" : "오룡산",
        "PAST_SPOT_" : "4684024010020",
        "MNTN_ID" : "468402401"
      },
      "geometry" : {
        "x" : 152405.83106621634,
        "y" : 246725.49962830916
      }
    },
    {
      "attributes" : {
        "FID" : 20,
        "PMNTN_SPOT" : 65670,
        "MNTN_CODE" : "468402401",
        "MANAGE_SP1" : "01",
        "MANAGE_SP2" : "시종점",
        "DETAIL_SPO" : "시종점",
        "ETC_MATTER" : " ",
        "MNTN_NM" : "오룡산",
        "PAST_SPOT_" : "4684024010021",
        "MNTN_ID" : "468402401"
      },
      "geometry" : {
        "x" : 152679.38603035919,
        "y" : 247199.45957409404
      }
    },
    {
      "attributes" : {
        "FID" : 21,
        "PMNTN_SPOT" : 65671,
        "MNTN_CODE" : "468402401",
        "MANAGE_SP1" : "01",
        "MANAGE_SP2" : "시종점",
        "DETAIL_SPO" : "시종점",
        "ETC_MATTER" : " ",
        "MNTN_NM" : "오룡산",
        "PAST_SPOT_" : "4684024010022",
        "MNTN_ID" : "468402401"
      },
      "geometry" : {
        "x" : 152479.41388884932,
        "y" : 247538.8062384706
      }
    }
  ]
}