{
  "displayFieldName" : "",
  "fieldAliases" : {
    "FID" : "FID",
    "PMNTN_SN" : "PMNTN_SN",
    "MNTN_CODE" : "MNTN_CODE",
    "MNTN_NM" : "MNTN_NM",
    "PMNTN_NM" : "PMNTN_NM",
    "PMNTN_MAIN" : "PMNTN_MAIN",
    "PMNTN_LT" : "PMNTN_LT",
    "PMNTN_DFFL" : "PMNTN_DFFL",
    "PMNTN_UPPL" : "PMNTN_UPPL",
    "PMNTN_GODN" : "PMNTN_GODN",
    "PMNTN_MTRQ" : "PMNTN_MTRQ",
    "PMNTN_CNRL" : "PMNTN_CNRL",
    "PMNTN_CLS_" : "PMNTN_CLS_",
    "PMNTN_RISK" : "PMNTN_RISK",
    "PMNTN_RECO" : "PMNTN_RECO",
    "DATA_STDR_" : "DATA_STDR_",
    "MNTN_ID" : "MNTN_ID"
  },
  "geometryType" : "esriGeometryPolyline",
  "spatialReference" : {
    "wkt" : "PROJCS[\"PCS_ITRF2000_TM\",GEOGCS[\"GCS_ITRF_2000\",DATUM[\"D_ITRF_2000\",SPHEROID[\"GRS_1980\",6378137.0,298.257222101]],PRIMEM[\"Greenwich\",0.0],UNIT[\"Degree\",0.0174532925199433]],PROJECTION[\"Transverse_Mercator\"],PARAMETER[\"False_Easting\",200000.0],PARAMETER[\"False_Northing\",600000.0],PARAMETER[\"Central_Meridian\",127.0],PARAMETER[\"Scale_Factor\",1.0],PARAMETER[\"Latitude_Of_Origin\",38.0],UNIT[\"Meter\",1.0]]"
  },
  "fields" : [
    {
      "name" : "FID",
      "type" : "esriFieldTypeOID",
      "alias" : "FID"
    },
    {
      "name" : "PMNTN_SN",
      "type" : "esriFieldTypeDouble",
      "alias" : "PMNTN_SN"
    },
    {
      "name" : "MNTN_CODE",
      "type" : "esriFieldTypeString",
      "alias" : "MNTN_CODE",
      "length" : 9
    },
    {
      "name" : "MNTN_NM",
      "type" : "esriFieldTypeString",
      "alias" : "MNTN_NM",
      "length" : 50
    },
    {
      "name" : "PMNTN_NM",
      "type" : "esriFieldTypeString",
      "alias" : "PMNTN_NM",
      "length" : 50
    },
    {
      "name" : "PMNTN_MAIN",
      "type" : "esriFieldTypeString",
      "alias" : "PMNTN_MAIN",
      "length" : 200
    },
    {
      "name" : "PMNTN_LT",
      "type" : "esriFieldTypeSingle",
      "alias" : "PMNTN_LT"
    },
    {
      "name" : "PMNTN_DFFL",
      "type" : "esriFieldTypeString",
      "alias" : "PMNTN_DFFL",
      "length" : 8
    },
    {
      "name" : "PMNTN_UPPL",
      "type" : "esriFieldTypeDouble",
      "alias" : "PMNTN_UPPL"
    },
    {
      "name" : "PMNTN_GODN",
      "type" : "esriFieldTypeDouble",
      "alias" : "PMNTN_GODN"
    },
    {
      "name" : "PMNTN_MTRQ",
      "type" : "esriFieldTypeString",
      "alias" : "PMNTN_MTRQ",
      "length" : 200
    },
    {
      "name" : "PMNTN_CNRL",
      "type" : "esriFieldTypeString",
      "alias" : "PMNTN_CNRL",
      "length" : 1
    },
    {
      "name" : "PMNTN_CLS_",
      "type" : "esriFieldTypeString",
      "alias" : "PMNTN_CLS_",
      "length" : 1
    },
    {
      "name" : "PMNTN_RISK",
      "type" : "esriFieldTypeString",
      "alias" : "PMNTN_RISK",
      "length" : 200
    },
    {
      "name" : "PMNTN_RECO",
      "type" : "esriFieldTypeString",
      "alias" : "PMNTN_RECO",
      "length" : 1
    },
    {
      "name" : "DATA_STDR_",
      "type" : "esriFieldTypeString",
      "alias" : "DATA_STDR_",
      "length" : 10
    },
    {
      "name" : "MNTN_ID",
      "type" : "esriFieldTypeString",
      "alias" : "MNTN_ID",
      "length" : 10
    }
  ],
  "features" : [
    {
      "attributes" : {
        "FID" : 0,
        "PMNTN_SN" : 9076,
        "MNTN_CODE" : "488601301",
        "MNTN_NM" : "꽃봉산",
        "PMNTN_NM" : "옥산리구간",
        "PMNTN_MAIN" : "꽃봉산",
        "PMNTN_LT" : 0.22,
        "PMNTN_DFFL" : "쉬움",
        "PMNTN_UPPL" : 4,
        "PMNTN_GODN" : 3,
        "PMNTN_MTRQ" : " ",
        "PMNTN_CNRL" : " ",
        "PMNTN_CLS_" : " ",
        "PMNTN_RISK" : " ",
        "PMNTN_RECO" : " ",
        "DATA_STDR_" : "2016-12-31",
        "MNTN_ID" : "488601301"
      },
      "geometry" : {
        "paths" : [
          [
            [
              279788.33662582468,
              312907.38962305896
            ],
            [
              279758.18881618697,
              312922.74852768704
            ],
            [
              279740.64571189228,
              312925.31784620509
            ],
            [
              279733.33255305141,
              312922.27671769075
            ],
            [
              279720.00055430271,
              312923.07912361994
            ],
            [
              279702.20661218837,
              312927.31115147471
            ],
            [
              279684.56907270104,
              312935.3671023678
            ],
            [
              279664.3120447034,
              312937.14841609448
            ],
            [
              279647.5077676652,
              312933.92079536244
            ],
            [
              279638.87191285659,
              312937.51556571573
            ],
            [
              279631.78348067589,
              312945.42936237529
            ],
            [
              279622.49524479732,
              312950.31624254398
            ],
            [
              279606.38933611102,
              312955.66099051386
            ],
            [
              279581.78747225925,
              312963.4180574473
            ]
          ]
        ]
      }
    },
    {
      "attributes" : {
        "FID" : 1,
        "PMNTN_SN" : 9077,
        "MNTN_CODE" : "488601301",
        "MNTN_NM" : "꽃봉산",
        "PMNTN_NM" : "옥산리구간",
        "PMNTN_MAIN" : "꽃봉산",
        "PMNTN_LT" : 0.15,
        "PMNTN_DFFL" : "중간",
        "PMNTN_UPPL" : 3,
        "PMNTN_GODN" : 2,
        "PMNTN_MTRQ" : " ",
        "PMNTN_CNRL" : " ",
        "PMNTN_CLS_" : " ",
        "PMNTN_RISK" : " ",
        "PMNTN_RECO" : " ",
        "DATA_STDR_" : "2016-12-31",
        "MNTN_ID" : "488601301"
      },
      "geometry" : {
        "paths" : [
          [
            [
              279555.08898388967,
              313094.42300337739
            ],
            [
              279555.77832246013,
              313085.61309813894
            ],
            [
              279552.82090070378,
              313071.1140571814
            ],
            [
              279556.81407245342,
              313062.13716762327
            ],
            [
              279565.8128298372,
              313049.68757750839
            ],
            [
              279569.57242472656,
              313038.40331997722
            ],
            [
              279583.01148338988,
              313030.65403498709
            ],
            [
              279589.06183139514,
              313021.52783747762
            ],
            [
              279589.74752416275,
              313012.89359292015
            ],
            [
              279579.04254961386,
              312995.64835700952
            ],
            [
              279582.1235419903,
              312981.35268524848
            ],
            [
              279581.78747225925,
              312963.4180574473
            ]
          ]
        ]
      }
    },
    {
      "attributes" : {
        "FID" : 2,
        "PMNTN_SN" : 9078,
        "MNTN_CODE" : "488601301",
        "MNTN_NM" : "꽃봉산",
        "PMNTN_NM" : "옥산리구간",
        "PMNTN_MAIN" : "꽃봉산",
        "PMNTN_LT" : 0.09,
        "PMNTN_DFFL" : "쉬움",
        "PMNTN_UPPL" : 2,
        "PMNTN_GODN" : 1,
        "PMNTN_MTRQ" : " ",
        "PMNTN_CNRL" : " ",
        "PMNTN_CLS_" : " ",
        "PMNTN_RISK" : " ",
        "PMNTN_RECO" : " ",
        "DATA_STDR_" : "2016-12-31",
        "MNTN_ID" : "488601301"
      },
      "geometry" : {
        "paths" : [
          [
            [
              279788.33662582468,
              312907.38962305896
            ],
            [
              279793.84388510045,
              312911.70517772436
            ],
            [
              279799.94097547233,
              312911.02627701126
            ],
            [
              279806.94535608403,
              312907.03579803184
            ],
            [
              279824.91577861272,
              312912.08755828254
            ],
            [
              279833.65379332099,
              312911.57935116254
            ],
            [
              279858.62499308772,
              312900.84515704773
            ],
            [
              279874.18748066295,
              312898.39793029986
            ]
          ]
        ]
      }
    },
    {
      "attributes" : {
        "FID" : 3,
        "PMNTN_SN" : 9079,
        "MNTN_CODE" : "488601301",
        "MNTN_NM" : "꽃봉산",
        "PMNTN_NM" : "옥산리구간",
        "PMNTN_MAIN" : "꽃봉산",
        "PMNTN_LT" : 0.11,
        "PMNTN_DFFL" : "쉬움",
        "PMNTN_UPPL" : 2,
        "PMNTN_GODN" : 1,
        "PMNTN_MTRQ" : " ",
        "PMNTN_CNRL" : " ",
        "PMNTN_CLS_" : " ",
        "PMNTN_RISK" : " ",
        "PMNTN_RECO" : " ",
        "DATA_STDR_" : "2016-12-31",
        "MNTN_ID" : "488601301"
      },
      "geometry" : {
        "paths" : [
          [
            [
              279788.33662582468,
              312907.38962305896
            ],
            [
              279806.76804310642,
              312893.1447071135
            ],
            [
              279812.48942724336,
              312893.02626105584
            ],
            [
              279826.91850342788,
              312882.9907417465
            ],
            [
              279827.84296042286,
              312875.68245943822
            ],
            [
              279837.40411640331,
              312872.08281673305
            ],
            [
              279840.36327532958,
              312881.54860591888
            ],
            [
              279853.35106121283,
              312885.13826684467
            ],
            [
              279862.37320545875,
              312889.40547151119
            ],
            [
              279874.18748066295,
              312898.39793029986
            ]
          ]
        ]
      }
    },
    {
      "attributes" : {
        "FID" : 4,
        "PMNTN_SN" : 9080,
        "MNTN_CODE" : "488601301",
        "MNTN_NM" : "꽃봉산",
        "PMNTN_NM" : "지리구간",
        "PMNTN_MAIN" : "꽃봉산",
        "PMNTN_LT" : 0.45,
        "PMNTN_DFFL" : "쉬움",
        "PMNTN_UPPL" : 8,
        "PMNTN_GODN" : 6,
        "PMNTN_MTRQ" : " ",
        "PMNTN_CNRL" : " ",
        "PMNTN_CLS_" : " ",
        "PMNTN_RISK" : " ",
        "PMNTN_RECO" : " ",
        "DATA_STDR_" : "2016-12-31",
        "MNTN_ID" : "488601301"
      },
      "geometry" : {
        "paths" : [
          [
            [
              279864.90286998823,
              313226.68681941926
            ],
            [
              279868.91461350489,
              313210.27824181877
            ],
            [
              279870.00839372445,
              313197.46463071555
            ],
            [
              279863.63217347674,
              313185.04777259938
            ],
            [
              279850.94854100794,
              313174.45459259488
            ],
            [
              279848.82914056536,
              313165.91065151803
            ],
            [
              279850.79457360599,
              313158.42672618106
            ],
            [
              279872.20682872646,
              313148.49379191548
            ],
            [
              279882.78670509066,
              313136.86620119028
            ],
            [
              279894.53464263584,
              313136.88676535524
            ],
            [
              279906.02495086566,
              313147.3255868163
            ],
            [
              279917.66459032614,
              313164.59174288623
            ],
            [
              279929.84831344802,
              313174.20399370231
            ],
            [
              279945.76722641475,
              313182.29008552618
            ],
            [
              279957.86910966411,
              313185.68611957319
            ],
            [
              279967.95658627339,
              313185.65305401199
            ],
            [
              279985.58134621661,
              313180.30006112717
            ],
            [
              280004.4641639255,
              313179.71293677762
            ],
            [
              280020.78538213484,
              313173.4835337624
            ],
            [
              280045.54276189487,
              313161.91407830268
            ],
            [
              280059.20247139875,
              313155.92531399056
            ],
            [
              280073.75560586806,
              313150.48897767067
            ],
            [
              280092.05158014875,
              313140.94298948348
            ],
            [
              280118.23177107982,
              313135.40173093416
            ],
            [
              280157.59258026816,
              313137.84812510759
            ],
            [
              280170.44233480189,
              313138.04470273666
            ],
            [
              280185.95301032439,
              313137.22194590792
            ]
          ]
        ]
      }
    },
    {
      "attributes" : {
        "FID" : 5,
        "PMNTN_SN" : 9081,
        "MNTN_CODE" : "488601301",
        "MNTN_NM" : "꽃봉산",
        "PMNTN_NM" : "묵곡리구간",
        "PMNTN_MAIN" : " ",
        "PMNTN_LT" : 1.18,
        "PMNTN_DFFL" : "쉬움",
        "PMNTN_UPPL" : 21,
        "PMNTN_GODN" : 15,
        "PMNTN_MTRQ" : " ",
        "PMNTN_CNRL" : " ",
        "PMNTN_CLS_" : " ",
        "PMNTN_RISK" : " ",
        "PMNTN_RECO" : " ",
        "DATA_STDR_" : "2016-12-31",
        "MNTN_ID" : "488601301"
      },
      "geometry" : {
        "paths" : [
          [
            [
              280917.55843016226,
              311223.55852819234
            ],
            [
              280913.46193664428,
              311238.31957753375
            ],
            [
              280908.9711208269,
              311243.22977017052
            ],
            [
              280910.54430690501,
              311251.20529460162
            ],
            [
              280904.24771774095,
              311267.09928460233
            ],
            [
              280871.02649269998,
              311293.52104876377
            ],
            [
              280866.94454447739,
              311301.12943334877
            ],
            [
              280865.83053105418,
              311305.60235400498
            ],
            [
              280865.55105229188,
              311314.65871623717
            ],
            [
              280869.65464984812,
              311324.09861426987
            ],
            [
              280894.13518154714,
              311348.1937229
            ],
            [
              280903.31612369325,
              311362.96210340783
            ],
            [
              280908.97710999846,
              311377.89420245774
            ],
            [
              280904.73591822572,
              311417.57915770449
            ],
            [
              280890.43579821661,
              311450.35620639287
            ],
            [
              280886.6667549042,
              311471.43477141298
            ],
            [
              280891.65257761721,
              311506.37576276436
            ],
            [
              280896.93016975746,
              311516.52375093661
            ],
            [
              280903.72806927282,
              311521.89567551203
            ],
            [
              280901.50953068025,
              311524.7031052243
            ],
            [
              280904.19157375395,
              311543.1611456275
            ],
            [
              280899.43166256417,
              311552.49340946227
            ],
            [
              280896.0479981117,
              311574.74730551615
            ],
            [
              280898.37697656266,
              311580.822989434
            ],
            [
              280893.00438288413,
              311599.84099069797
            ],
            [
              280898.44608284812,
              311624.15958750807
            ],
            [
              280896.37054312322,
              311636.78467981517
            ],
            [
              280894.89384392649,
              311653.8856249284
            ],
            [
              280892.77316869516,
              311665.19660705887
            ],
            [
              280887.64697348047,
              311674.70973907597
            ],
            [
              280881.25721479952,
              311722.13212636113
            ],
            [
              280879.81754770968,
              311754.32735905424
            ],
            [
              280882.14232578222,
              311804.28897245973
            ],
            [
              280883.64704522863,
              311812.79796157964
            ],
            [
              280892.50320499856,
              311821.29477899708
            ],
            [
              280888.37379149906,
              311831.66510961764
            ],
            [
              280887.72959545907,
              311836.39336511493
            ],
            [
              280884.21022282634,
              311839.05881809816
            ],
            [
              280885.51645485684,
              311847.56273755245
            ],
            [
              280877.72909205407,
              311854.35597051308
            ],
            [
              280876.0956429271,
              311871.69628825039
            ],
            [
              280878.53508787137,
              311873.95034703612
            ],
            [
              280878.4521549847,
              311879.77185398899
            ],
            [
              280868.51120961923,
              311895.35399632342
            ],
            [
              280864.61255321186,
              311908.86074003018
            ],
            [
              280865.27775381412,
              311925.48696412146
            ],
            [
              280857.34122244827,
              311974.73708198778
            ],
            [
              280852.95354852173,
              311987.57898768783
            ],
            [
              280852.52311739232,
              311999.02421919629
            ],
            [
              280861.06759348791,
              312032.82539066486
            ],
            [
              280862.80866286531,
              312057.66456575133
            ],
            [
              280849.95886683185,
              312130.80107227713
            ],
            [
              280852.55032148957,
              312171.98918757029
            ],
            [
              280850.62565920036,
              312192.089167675
            ],
            [
              280823.75622346997,
              312272.94929191656
            ],
            [
              280823.97153197601,
              312282.87506281585
            ],
            [
              280829.29895331804,
              312304.36107532308
            ],
            [
              280839.70683048759,
              312317.21529511735
            ],
            [
              280839.52849978674,
              312321.80815892294
            ]
          ]
        ]
      }
    },
    {
      "attributes" : {
        "FID" : 6,
        "PMNTN_SN" : 9082,
        "MNTN_CODE" : "488601301",
        "MNTN_NM" : "꽃봉산",
        "PMNTN_NM" : "묵곡리구간",
        "PMNTN_MAIN" : " ",
        "PMNTN_LT" : 0.2,
        "PMNTN_DFFL" : "쉬움",
        "PMNTN_UPPL" : 4,
        "PMNTN_GODN" : 2,
        "PMNTN_MTRQ" : " ",
        "PMNTN_CNRL" : " ",
        "PMNTN_CLS_" : " ",
        "PMNTN_RISK" : " ",
        "PMNTN_RECO" : " ",
        "DATA_STDR_" : "2016-12-31",
        "MNTN_ID" : "488601301"
      },
      "geometry" : {
        "paths" : [
          [
            [
              280839.52849978674,
              312321.80815892294
            ],
            [
              280851.44400087185,
              312327.90509486943
            ],
            [
              280858.86913696025,
              312337.13312599808
            ],
            [
              280860.91721337475,
              312342.23903255165
            ],
            [
              280858.84077332728,
              312353.81825231202
            ],
            [
              280862.14234306291,
              312367.70594569109
            ],
            [
              280852.29150169902,
              312373.33722606674
            ],
            [
              280842.41863457765,
              312390.7243497856
            ],
            [
              280835.56273867656,
              312393.56440350041
            ],
            [
              280834.06530967727,
              312399.18721427582
            ],
            [
              280829.26833396126,
              312403.3851052355
            ],
            [
              280829.17088685557,
              312411.68048187904
            ],
            [
              280791.56546488684,
              312435.83080580458
            ],
            [
              280782.04836314358,
              312446.7014319282
            ],
            [
              280768.57087322604,
              312453.42555734143
            ],
            [
              280763.90152228065,
              312449.73004581966
            ]
          ]
        ]
      }
    },
    {
      "attributes" : {
        "FID" : 7,
        "PMNTN_SN" : 9083,
        "MNTN_CODE" : "488601301",
        "MNTN_NM" : "꽃봉산",
        "PMNTN_NM" : "옥산리구간",
        "PMNTN_MAIN" : "꽃봉산",
        "PMNTN_LT" : 0.27,
        "PMNTN_DFFL" : "쉬움",
        "PMNTN_UPPL" : 5,
        "PMNTN_GODN" : 3,
        "PMNTN_MTRQ" : " ",
        "PMNTN_CNRL" : " ",
        "PMNTN_CLS_" : " ",
        "PMNTN_RISK" : " ",
        "PMNTN_RECO" : " ",
        "DATA_STDR_" : "2016-12-31",
        "MNTN_ID" : "488601301"
      },
      "geometry" : {
        "paths" : [
          [
            [
              279581.78747225925,
              312963.4180574473
            ],
            [
              279574.70986213069,
              312965.70681201294
            ],
            [
              279569.38650555816,
              312967.42827680707
            ],
            [
              279555.88806270529,
              312970.33911889233
            ],
            [
              279548.81493428722,
              312984.40584425256
            ],
            [
              279536.22399254236,
              312991.80916979536
            ],
            [
              279521.79016046319,
              312995.8202027902
            ],
            [
              279502.86561725475,
              312993.61574198864
            ],
            [
              279420.49694066867,
              313002.07608835958
            ],
            [
              279408.16665629297,
              312998.10727607086
            ],
            [
              279399.32053532079,
              312991.89990775846
            ],
            [
              279382.43851141073,
              312992.92253141664
            ],
            [
              279377.45287589636,
              312989.28843073174
            ],
            [
              279365.8110594023,
              312991.85482188687
            ],
            [
              279357.99722422287,
              312989.46058445983
            ],
            [
              279353.51544021815,
              312987.40282376669
            ],
            [
              279346.19846746232,
              312977.03300153278
            ],
            [
              279333.89177784417,
              312970.38590208255
            ]
          ]
        ]
      }
    },
    {
      "attributes" : {
        "FID" : 8,
        "PMNTN_SN" : 9084,
        "MNTN_CODE" : "488601301",
        "MNTN_NM" : "꽃봉산",
        "PMNTN_NM" : "옥산리구간",
        "PMNTN_MAIN" : "꽃봉산",
        "PMNTN_LT" : 0.05,
        "PMNTN_DFFL" : "쉬움",
        "PMNTN_UPPL" : 1,
        "PMNTN_GODN" : 1,
        "PMNTN_MTRQ" : " ",
        "PMNTN_CNRL" : " ",
        "PMNTN_CLS_" : " ",
        "PMNTN_RISK" : " ",
        "PMNTN_RECO" : " ",
        "DATA_STDR_" : "2016-12-31",
        "MNTN_ID" : "488601301"
      },
      "geometry" : {
        "paths" : [
          [
            [
              279874.18748066295,
              312898.39793029986
            ],
            [
              279882.41858741269,
              312904.89679252729
            ],
            [
              279891.13399512134,
              312903.07421742938
            ],
            [
              279903.63008243497,
              312906.9745166637
            ],
            [
              279916.90712271165,
              312908.13769295067
            ]
          ]
        ]
      }
    },
    {
      "attributes" : {
        "FID" : 9,
        "PMNTN_SN" : 9085,
        "MNTN_CODE" : "488601301",
        "MNTN_NM" : "꽃봉산",
        "PMNTN_NM" : "옥산리구간",
        "PMNTN_MAIN" : "꽃봉산",
        "PMNTN_LT" : 0.38,
        "PMNTN_DFFL" : "쉬움",
        "PMNTN_UPPL" : 7,
        "PMNTN_GODN" : 5,
        "PMNTN_MTRQ" : " ",
        "PMNTN_CNRL" : " ",
        "PMNTN_CLS_" : " ",
        "PMNTN_RISK" : " ",
        "PMNTN_RECO" : " ",
        "DATA_STDR_" : "2016-12-31",
        "MNTN_ID" : "488601301"
      },
      "geometry" : {
        "paths" : [
          [
            [
              279916.90712271351,
              312908.13769295067
            ],
            [
              279901.03530379757,
              312928.352375824
            ],
            [
              279903.12589231133,
              312941.56859142333
            ],
            [
              279888.42831074912,
              312987.16917627677
            ],
            [
              279878.16374311596,
              312980.40000747889
            ],
            [
              279868.12699254695,
              312997.66585553437
            ],
            [
              279856.82785360143,
              313005.34065256827
            ],
            [
              279850.54134525545,
              313012.72537117265
            ],
            [
              279839.3749268176,
              313033.73857438751
            ],
            [
              279816.18867844716,
              313055.29596617259
            ],
            [
              279811.19519935269,
              313062.85032268055
            ],
            [
              279804.05508683249,
              313066.06067119353
            ],
            [
              279794.34724150412,
              313073.36175381951
            ],
            [
              279780.47280600853,
              313090.95805836096
            ],
            [
              279765.71991502587,
              313097.54969853163
            ],
            [
              279762.7055913182,
              313104.89280670322
            ],
            [
              279755.54842629563,
              313115.6333500687
            ],
            [
              279754.2214776231,
              313125.6485250704
            ],
            [
              279747.69836614653,
              313133.52582262643
            ],
            [
              279713.55634241365,
              313134.23566200212
            ],
            [
              279695.40065755509,
              313136.54348869249
            ],
            [
              279687.05583289545,
              313142.25061938539
            ],
            [
              279679.911567715,
              313152.68570927903
            ]
          ]
        ]
      }
    },
    {
      "attributes" : {
        "FID" : 10,
        "PMNTN_SN" : 9086,
        "MNTN_CODE" : "488601301",
        "MNTN_NM" : "꽃봉산",
        "PMNTN_NM" : "지리구간",
        "PMNTN_MAIN" : "꽃봉산",
        "PMNTN_LT" : 0.37,
        "PMNTN_DFFL" : "쉬움",
        "PMNTN_UPPL" : 7,
        "PMNTN_GODN" : 5,
        "PMNTN_MTRQ" : " ",
        "PMNTN_CNRL" : " ",
        "PMNTN_CLS_" : " ",
        "PMNTN_RISK" : " ",
        "PMNTN_RECO" : " ",
        "DATA_STDR_" : "2016-12-31",
        "MNTN_ID" : "488601301"
      },
      "geometry" : {
        "paths" : [
          [
            [
              280185.95301032439,
              313137.22194590792
            ],
            [
              280174.08329376858,
              313128.71885051019
            ],
            [
              280161.9518153714,
              313115.72612261958
            ],
            [
              280146.354732031,
              313099.53669631109
            ],
            [
              280137.68335243315,
              313084.04186372273
            ],
            [
              280128.40549103636,
              313063.02420147508
            ],
            [
              280109.74731267896,
              313034.39772639237
            ],
            [
              280093.84365588054,
              313017.92392892763
            ],
            [
              280081.10404022969,
              313013.77377266623
            ],
            [
              280053.67239922658,
              313016.9519223664
            ],
            [
              280003.82295064814,
              312970.73907719925
            ],
            [
              279956.82819436304,
              312938.23334895447
            ],
            [
              279947.4668848319,
              312922.92296183854
            ],
            [
              279936.1830200227,
              312912.80399886519
            ],
            [
              279928.27757637389,
              312913.97733533569
            ],
            [
              279916.90712271165,
              312908.13769295067
            ]
          ]
        ]
      }
    },
    {
      "attributes" : {
        "FID" : 11,
        "PMNTN_SN" : 9087,
        "MNTN_CODE" : "488601301",
        "MNTN_NM" : "꽃봉산",
        "PMNTN_NM" : "옥산리구간",
        "PMNTN_MAIN" : " ",
        "PMNTN_LT" : 1.11,
        "PMNTN_DFFL" : "쉬움",
        "PMNTN_UPPL" : 20,
        "PMNTN_GODN" : 14,
        "PMNTN_MTRQ" : " ",
        "PMNTN_CNRL" : " ",
        "PMNTN_CLS_" : " ",
        "PMNTN_RISK" : " ",
        "PMNTN_RECO" : " ",
        "DATA_STDR_" : "2016-12-31",
        "MNTN_ID" : "488601301"
      },
      "geometry" : {
        "paths" : [
          [
            [
              280763.90152228065,
              312449.73004581966
            ],
            [
              280754.51168077346,
              312461.3256571684
            ],
            [
              280754.04582535382,
              312469.10607833229
            ],
            [
              280761.42313952092,
              312488.72247572057
            ],
            [
              280775.51455083769,
              312502.63281193376
            ],
            [
              280768.35906990431,
              312528.63830172271
            ],
            [
              280740.07915773429,
              312570.9160148669
            ],
            [
              280736.9972420102,
              312583.40698110685
            ],
            [
              280730.19059285056,
              312596.86900407262
            ],
            [
              280717.49833321664,
              312600.9774628561
            ],
            [
              280702.34583013505,
              312596.69323719293
            ],
            [
              280688.12960689981,
              312606.00567266345
            ],
            [
              280683.20817851648,
              312616.45264406502
            ],
            [
              280678.87598146871,
              312617.25082322955
            ],
            [
              280679.16406561621,
              312630.95326266252
            ],
            [
              280672.36111188028,
              312663.52824357338
            ],
            [
              280666.0337959202,
              312676.20401764661
            ],
            [
              280656.60608979594,
              312707.69520142302
            ],
            [
              280652.80087003391,
              312724.89923135936
            ],
            [
              280645.86253879778,
              312740.71849720925
            ],
            [
              280641.27396590728,
              312748.8711337056
            ],
            [
              280637.55913853459,
              312757.24566149153
            ],
            [
              280638.25099332724,
              312763.29727365077
            ],
            [
              280632.88832158875,
              312769.47129061632
            ],
            [
              280633.62678708881,
              312775.42101448216
            ],
            [
              280609.36366738193,
              312786.01996285841
            ],
            [
              280598.44329522271,
              312821.56622914225
            ],
            [
              280596.65277009085,
              312842.8753600698
            ],
            [
              280594.32920584083,
              312866.00471526757
            ],
            [
              280592.19707029499,
              312882.25109707005
            ],
            [
              280584.45422123652,
              312904.11026300862
            ],
            [
              280571.29952194821,
              312923.32646618783
            ],
            [
              280544.558626201,
              312946.75433199294
            ],
            [
              280533.3595733745,
              312954.88970012777
            ],
            [
              280520.26283046417,
              312960.99081157334
            ],
            [
              280506.78148371726,
              312964.64793081395
            ],
            [
              280491.99395976681,
              312974.06716526113
            ],
            [
              280487.34192966577,
              312978.46210788377
            ],
            [
              280485.60997349955,
              312988.21179854497
            ],
            [
              280482.72566462774,
              313001.81462812237
            ],
            [
              280476.3029655125,
              313005.57128070481
            ],
            [
              280468.22061613109,
              313016.6666323673
            ],
            [
              280468.63295454998,
              313029.98546892963
            ],
            [
              280470.88368525449,
              313041.79036325589
            ],
            [
              280471.2663467899,
              313057.45578172244
            ],
            [
              280466.05763984658,
              313070.16919821687
            ],
            [
              280454.7932963483,
              313079.86969364434
            ],
            [
              280435.39889839478,
              313093.37803168967
            ],
            [
              280429.43875020184,
              313100.54744127393
            ],
            [
              280430.60472598765,
              313110.5710424874
            ],
            [
              280416.00371021219,
              313118.47728187591
            ],
            [
              280400.3546844162,
              313124.32484905981
            ],
            [
              280388.52617527265,
              313123.61817495711
            ],
            [
              280379.20299013332,
              313121.75814057514
            ],
            [
              280369.57290363684,
              313121.90428722277
            ],
            [
              280353.26114465483,
              313127.83991084993
            ],
            [
              280342.62785322592,
              313136.83811158873
            ],
            [
              280333.96667583659,
              313147.00897311419
            ],
            [
              280314.69066282734,
              313151.16747590154
            ],
            [
              280303.65588744264,
              313159.09783778712
            ],
            [
              280292.6842880277,
              313167.31968338229
            ],
            [
              280282.64571608137,
              313169.30458820611
            ],
            [
              280271.67096390203,
              313162.05368323065
            ],
            [
              280252.72092786245,
              313141.7457474228
            ],
            [
              280229.05772442184,
              313125.11200504005
            ],
            [
              280205.79454446584,
              313127.36949239671
            ],
            [
              280185.95301032439,
              313137.22194590792
            ]
          ]
        ]
      }
    },
    {
      "attributes" : {
        "FID" : 12,
        "PMNTN_SN" : 9088,
        "MNTN_CODE" : "488601301",
        "MNTN_NM" : "꽃봉산",
        "PMNTN_NM" : "묵곡리구간",
        "PMNTN_MAIN" : " ",
        "PMNTN_LT" : 0.16,
        "PMNTN_DFFL" : "쉬움",
        "PMNTN_UPPL" : 3,
        "PMNTN_GODN" : 2,
        "PMNTN_MTRQ" : " ",
        "PMNTN_CNRL" : " ",
        "PMNTN_CLS_" : " ",
        "PMNTN_RISK" : " ",
        "PMNTN_RECO" : " ",
        "DATA_STDR_" : "2016-12-31",
        "MNTN_ID" : "488601301"
      },
      "geometry" : {
        "paths" : [
          [
            [
              280839.52849978674,
              312321.80815892294
            ],
            [
              280833.79906901997,
              312349.23087057658
            ],
            [
              280824.11527486611,
              312357.4491970744
            ],
            [
              280810.20832835883,
              312361.95583010279
            ],
            [
              280802.2364351349,
              312372.87750939094
            ],
            [
              280794.85633788351,
              312394.20271284692
            ],
            [
              280778.98235562071,
              312420.99472326227
            ],
            [
              280771.34283589199,
              312429.68720665015
            ],
            [
              280768.70311461948,
              312443.80051030777
            ],
            [
              280763.90152228065,
              312449.73004581966
            ]
          ]
        ]
      }
    }
  ]
}