{
  "displayFieldName" : "",
  "fieldAliases" : {
    "FID" : "FID",
    "PMNTN_SN" : "PMNTN_SN",
    "MNTN_CODE" : "MNTN_CODE",
    "MNTN_NM" : "MNTN_NM",
    "PMNTN_NM" : "PMNTN_NM",
    "PMNTN_MAIN" : "PMNTN_MAIN",
    "PMNTN_LT" : "PMNTN_LT",
    "PMNTN_DFFL" : "PMNTN_DFFL",
    "PMNTN_UPPL" : "PMNTN_UPPL",
    "PMNTN_GODN" : "PMNTN_GODN",
    "PMNTN_MTRQ" : "PMNTN_MTRQ",
    "PMNTN_CNRL" : "PMNTN_CNRL",
    "PMNTN_CLS_" : "PMNTN_CLS_",
    "PMNTN_RISK" : "PMNTN_RISK",
    "PMNTN_RECO" : "PMNTN_RECO",
    "DATA_STDR_" : "DATA_STDR_",
    "MNTN_ID" : "MNTN_ID"
  },
  "geometryType" : "esriGeometryPolyline",
  "spatialReference" : {
    "wkt" : "PROJCS[\"PCS_ITRF2000_TM\",GEOGCS[\"GCS_ITRF_2000\",DATUM[\"D_ITRF_2000\",SPHEROID[\"GRS_1980\",6378137.0,298.257222101]],PRIMEM[\"Greenwich\",0.0],UNIT[\"Degree\",0.0174532925199433]],PROJECTION[\"Transverse_Mercator\"],PARAMETER[\"False_Easting\",200000.0],PARAMETER[\"False_Northing\",600000.0],PARAMETER[\"Central_Meridian\",127.0],PARAMETER[\"Scale_Factor\",1.0],PARAMETER[\"Latitude_Of_Origin\",38.0],UNIT[\"Meter\",1.0]]"
  },
  "fields" : [
    {
      "name" : "FID",
      "type" : "esriFieldTypeOID",
      "alias" : "FID"
    },
    {
      "name" : "PMNTN_SN",
      "type" : "esriFieldTypeDouble",
      "alias" : "PMNTN_SN"
    },
    {
      "name" : "MNTN_CODE",
      "type" : "esriFieldTypeString",
      "alias" : "MNTN_CODE",
      "length" : 9
    },
    {
      "name" : "MNTN_NM",
      "type" : "esriFieldTypeString",
      "alias" : "MNTN_NM",
      "length" : 50
    },
    {
      "name" : "PMNTN_NM",
      "type" : "esriFieldTypeString",
      "alias" : "PMNTN_NM",
      "length" : 50
    },
    {
      "name" : "PMNTN_MAIN",
      "type" : "esriFieldTypeString",
      "alias" : "PMNTN_MAIN",
      "length" : 200
    },
    {
      "name" : "PMNTN_LT",
      "type" : "esriFieldTypeSingle",
      "alias" : "PMNTN_LT"
    },
    {
      "name" : "PMNTN_DFFL",
      "type" : "esriFieldTypeString",
      "alias" : "PMNTN_DFFL",
      "length" : 8
    },
    {
      "name" : "PMNTN_UPPL",
      "type" : "esriFieldTypeDouble",
      "alias" : "PMNTN_UPPL"
    },
    {
      "name" : "PMNTN_GODN",
      "type" : "esriFieldTypeDouble",
      "alias" : "PMNTN_GODN"
    },
    {
      "name" : "PMNTN_MTRQ",
      "type" : "esriFieldTypeString",
      "alias" : "PMNTN_MTRQ",
      "length" : 200
    },
    {
      "name" : "PMNTN_CNRL",
      "type" : "esriFieldTypeString",
      "alias" : "PMNTN_CNRL",
      "length" : 1
    },
    {
      "name" : "PMNTN_CLS_",
      "type" : "esriFieldTypeString",
      "alias" : "PMNTN_CLS_",
      "length" : 1
    },
    {
      "name" : "PMNTN_RISK",
      "type" : "esriFieldTypeString",
      "alias" : "PMNTN_RISK",
      "length" : 200
    },
    {
      "name" : "PMNTN_RECO",
      "type" : "esriFieldTypeString",
      "alias" : "PMNTN_RECO",
      "length" : 1
    },
    {
      "name" : "DATA_STDR_",
      "type" : "esriFieldTypeString",
      "alias" : "DATA_STDR_",
      "length" : 10
    },
    {
      "name" : "MNTN_ID",
      "type" : "esriFieldTypeString",
      "alias" : "MNTN_ID",
      "length" : 10
    }
  ],
  "features" : [
    {
      "attributes" : {
        "FID" : 0,
        "PMNTN_SN" : 31908,
        "MNTN_CODE" : "468801501",
        "MNTN_NM" : "성미산",
        "PMNTN_NM" : "북일면 임도구간",
        "PMNTN_MAIN" : " ",
        "PMNTN_LT" : 4.18,
        "PMNTN_DFFL" : "쉬움",
        "PMNTN_UPPL" : 74,
        "PMNTN_GODN" : 52,
        "PMNTN_MTRQ" : "토사",
        "PMNTN_CNRL" : " ",
        "PMNTN_CLS_" : " ",
        "PMNTN_RISK" : " ",
        "PMNTN_RECO" : " ",
        "DATA_STDR_" : "2016-12-31",
        "MNTN_ID" : "468801501"
      },
      "geometry" : {
        "paths" : [
          [
            [
              183373.22869999893,
              310217.38740000129
            ],
            [
              183369.86690000258,
              310208.88840000145
            ],
            [
              183370.14599999972,
              310203.32670000196
            ],
            [
              183372.10940000135,
              310190.21070000157
            ],
            [
              183375.24089999963,
              310182.87690000236
            ],
            [
              183377.7192000011,
              310180.51950000226
            ],
            [
              183388.35280000418,
              310173.61810000241
            ],
            [
              183395.76919999998,
              310152.47580000013
            ],
            [
              183394.70489999931,
              310142.13470000029
            ],
            [
              183384.94060000312,
              310129.912200002
            ],
            [
              183385.98390000034,
              310121.8782000076
            ],
            [
              183388.98000000045,
              310114.02459999919
            ],
            [
              183394.28200000152,
              310099.05839999951
            ],
            [
              183391.48690000363,
              310090.71900000237
            ],
            [
              183387.80890000146,
              310086.8013000004
            ],
            [
              183381.15079999994,
              310081.47570000403
            ],
            [
              183375.67320000287,
              310076.26880000159
            ],
            [
              183373.61780000012,
              310068.47949999943
            ],
            [
              183376.3851000024,
              310048.12870000117
            ],
            [
              183376.75600000098,
              310032.24200000055
            ],
            [
              183380.13430000003,
              310021.43600000069
            ],
            [
              183379.13970000017,
              310005.97250000387
            ],
            [
              183369.29950000159,
              310001.37810000218
            ],
            [
              183363.82610000391,
              310002.56930000149
            ],
            [
              183362.39490000252,
              310002.84150000103
            ],
            [
              183359.69510000013,
              310004.86450000107
            ],
            [
              183350.42780000065,
              310012.68710000254
            ],
            [
              183344.24330000207,
              310019.4338000007
            ],
            [
              183340.59240000043,
              310026.55199999921
            ],
            [
              183335.47130000032,
              310033.89690000005
            ],
            [
              183332.03730000183,
              310038.34850000031
            ],
            [
              183329.9765999997,
              310040.07269999944
            ],
            [
              183320.72500000056,
              310044.85129999928
            ],
            [
              183310.60130000301,
              310039.28090000153
            ],
            [
              183310.60690000001,
              310038.18359999917
            ],
            [
              183310.57270000409,
              310036.18429999985
            ],
            [
              183311.486800001,
              310032.23949999921
            ],
            [
              183317.00420000404,
              310017.80570000224
            ],
            [
              183319.41760000307,
              310009.23629999906
            ],
            [
              183320.92420000304,
              309992.14079999924
            ],
            [
              183321.98500000313,
              309980.9795000013
            ],
            [
              183318.56610000134,
              309970.50860000215
            ],
            [
              183308.24990000017,
              309959.95140000246
            ],
            [
              183293.03729999904,
              309948.25300000235
            ],
            [
              183279.81610000134,
              309944.82850000262
            ],
            [
              183269.13750000019,
              309938.46700000018
            ],
            [
              183268.75540000014,
              309937.76089999825
            ],
            [
              183266.01429999992,
              309929.84280000255
            ],
            [
              183258.77950000204,
              309917.60870000161
            ],
            [
              183251.49629999977,
              309909.60230000317
            ],
            [
              183244.60560000222,
              309908.08999999985
            ],
            [
              183236.09920000006,
              309907.18720000423
            ],
            [
              183226.8236000007,
              309904.97440000065
            ],
            [
              183216.56070000213,
              309895.66249999963
            ],
            [
              183220.45590000134,
              309886.21420000121
            ],
            [
              183221.06790000107,
              309883.53480000049
            ],
            [
              183220.73520000093,
              309874.11980000325
            ],
            [
              183223.08730000071,
              309865.64820000157
            ],
            [
              183225.12950000074,
              309853.31589999981
            ],
            [
              183228.80900000036,
              309841.9999000039
            ],
            [
              183234.8328999998,
              309827.88680000231
            ],
            [
              183246.60010000132,
              309814.35040000081
            ],
            [
              183245.84590000194,
              309799.26160000265
            ],
            [
              183252.14190000296,
              309784.30900000036
            ],
            [
              183271.28690000251,
              309775.87590000033
            ],
            [
              183283.99490000028,
              309774.32040000148
            ],
            [
              183287.4319000002,
              309771.42200000025
            ],
            [
              183302.54300000053,
              309759.91819999926
            ],
            [
              183317.30220000073,
              309747.48510000296
            ],
            [
              183324.78930000123,
              309731.51320000179
            ],
            [
              183323.29989999998,
              309729.2097000014
            ],
            [
              183324.52250000089,
              309714.91400000267
            ],
            [
              183321.59050000086,
              309707.30820000358
            ],
            [
              183316.8404000029,
              309701.32160000317
            ],
            [
              183310.96289999969,
              309694.40310000256
            ],
            [
              183295.85910000093,
              309680.10540000349
            ],
            [
              183290.53910000157,
              309679.75480000302
            ],
            [
              183286.5398000041,
              309667.7435999997
            ],
            [
              183287.13900000229,
              309656.78240000084
            ],
            [
              183294.19799999986,
              309650.07389999926
            ],
            [
              183302.93810000271,
              309647.45670000091
            ],
            [
              183322.16060000192,
              309635.21070000157
            ],
            [
              183331.40139999986,
              309616.17600000277
            ],
            [
              183332.41880000196,
              309610.40840000287
            ],
            [
              183340.82940000203,
              309603.60410000011
            ],
            [
              183344.80780000333,
              309613.36119999923
            ],
            [
              183338.16250000149,
              309631.6472000014
            ],
            [
              183327.59910000023,
              309646.92960000224
            ],
            [
              183328.29770000186,
              309665.28550000116
            ],
            [
              183332.9523000028,
              309671.65350000188
            ],
            [
              183348.20799999963,
              309682.24720000103
            ],
            [
              183353.52820000052,
              309684.57150000148
            ],
            [
              183366.32090000063,
              309691.79209999926
            ],
            [
              183375.23710000049,
              309703.12120000087
            ],
            [
              183378.71630000044,
              309723.76830000058
            ],
            [
              183383.51500000153,
              309743.56470000185
            ],
            [
              183390.55950000044,
              309756.33070000261
            ],
            [
              183406.71470000409,
              309763.59360000119
            ],
            [
              183418.9280000031,
              309783.81850000471
            ],
            [
              183427.66420000233,
              309780.70690000243
            ],
            [
              183436.92129999958,
              309775.45580000244
            ],
            [
              183434.59990000073,
              309759.33410000429
            ],
            [
              183438.58530000132,
              309738.68339999951
            ],
            [
              183440.35860000085,
              309718.93119999953
            ],
            [
              183439.79530000035,
              309704.45840000175
            ],
            [
              183448.39769999962,
              309701.1259000022
            ],
            [
              183461.986800001,
              309730.97149999999
            ],
            [
              183464.02920000069,
              309739.98830000125
            ],
            [
              183465.16830000002,
              309742.35759999976
            ],
            [
              183471.99380000122,
              309755.76440000162
            ],
            [
              183486.1241000006,
              309765.69820000231
            ],
            [
              183505.28600000404,
              309774.35810000077
            ],
            [
              183515.27990000136,
              309783.75100000389
            ],
            [
              183521.52570000105,
              309805.0727000013
            ],
            [
              183518.54770000186,
              309821.49190000072
            ],
            [
              183518.00700000022,
              309825.66839999892
            ],
            [
              183526.29210000113,
              309841.86229999922
            ],
            [
              183538.56350000296,
              309855.68700000271
            ],
            [
              183539.65529999975,
              309857.22870000266
            ],
            [
              183543.54350000247,
              309859.48140000179
            ],
            [
              183543.2145000007,
              309862.79270000197
            ],
            [
              183554.04340000264,
              309879.17720000446
            ],
            [
              183557.47200000007,
              309892.52509999834
            ],
            [
              183561.52960000094,
              309912.53040000238
            ],
            [
              183576.55510000139,
              309905.94120000117
            ],
            [
              183578.33530000038,
              309916.82550000213
            ],
            [
              183581.32860000245,
              309918.13720000163
            ],
            [
              183592.98259999976,
              309912.69620000012
            ],
            [
              183597.75260000117,
              309909.93480000272
            ],
            [
              183606.44680000283,
              309891.70110000297
            ],
            [
              183608.01370000187,
              309886.46260000393
            ],
            [
              183611.5764000006,
              309877.29600000381
            ],
            [
              183615.16600000113,
              309870.41709999926
            ],
            [
              183620.247299999,
              309862.97739999928
            ],
            [
              183623.06840000022,
              309856.40680000372
            ],
            [
              183629.11200000066,
              309846.22210000083
            ],
            [
              183630.84600000083,
              309844.94490000419
            ],
            [
              183642.97070000321,
              309832.64740000106
            ],
            [
              183637.61369999871,
              309827.09039999731
            ],
            [
              183644.01630000118,
              309820.51980000176
            ],
            [
              183654.52630000282,
              309811.41080000252
            ],
            [
              183659.0251000002,
              309802.5717999991
            ],
            [
              183662.75820000097,
              309792.93160000443
            ],
            [
              183666.79509999976,
              309780.99159999937
            ],
            [
              183663.41160000302,
              309771.44710000046
            ],
            [
              183663.45090000145,
              309763.7004000023
            ],
            [
              183666.21600000001,
              309747.26300000027
            ],
            [
              183672.5708999997,
              309732.33500000462
            ],
            [
              183676.59840000048,
              309723.21419999935
            ],
            [
              183681.38510000333,
              309717.04920000024
            ],
            [
              183682.95949999988,
              309711.8060999997
            ],
            [
              183687.54169999994,
              309706.15740000084
            ],
            [
              183690.59930000082,
              309699.74450000189
            ],
            [
              183700.1698000012,
              309685.7313000001
            ],
            [
              183705.39380000066,
              309681.28600000031
            ],
            [
              183706.89809999987,
              309679.25590000115
            ],
            [
              183713.01460000221,
              309675.62730000168
            ],
            [
              183721.66710000206,
              309671.62480000034
            ],
            [
              183733.75820000283,
              309670.26109999791
            ],
            [
              183747.25109999999,
              309671.77100000344
            ],
            [
              183750.98020000383,
              309670.29490000196
            ],
            [
              183751.83290000074,
              309670.18180000037
            ],
            [
              183761.25710000098,
              309654.75750000216
            ],
            [
              183765.5734000029,
              309647.89240000211
            ],
            [
              183772.60220000148,
              309638.22320000082
            ],
            [
              183786.81030000094,
              309628.71150000021
            ],
            [
              183797.64380000345,
              309616.57000000216
            ],
            [
              183805.1166000003,
              309601.56060000323
            ],
            [
              183811.68160000071,
              309595.58269999921
            ],
            [
              183824.02730000019,
              309592.70240000263
            ],
            [
              183838.59520000312,
              309591.44659999944
            ],
            [
              183849.63180000056,
              309588.41459999979
            ],
            [
              183851.10040000174,
              309603.85520000011
            ],
            [
              183853.38570000045,
              309608.37060000375
            ],
            [
              183851.39780000132,
              309616.73450000025
            ],
            [
              183850.59580000211,
              309628.20229999907
            ],
            [
              183852.47960000113,
              309633.88089999743
            ],
            [
              183858.76590000279,
              309644.1548999995
            ],
            [
              183865.7463999996,
              309655.12520000339
            ],
            [
              183866.92130000237,
              309656.24830000103
            ],
            [
              183871.36409999989,
              309662.05260000192
            ],
            [
              183873.78390000015,
              309669.41350000165
            ],
            [
              183879.19810000341,
              309681.7722000014
            ],
            [
              183880.79970000125,
              309683.04330000095
            ],
            [
              183888.38010000065,
              309688.7770000007
            ],
            [
              183890.81290000211,
              309690.64180000126
            ],
            [
              183894.88190000225,
              309691.79700000212
            ],
            [
              183899.13410000131,
              309697.49000000581
            ],
            [
              183908.65589999966,
              309707.15370000154
            ],
            [
              183909.92559999973,
              309710.21110000461
            ],
            [
              183911.14119999949,
              309721.30330000073
            ],
            [
              183911.61780000199,
              309723.8505000025
            ],
            [
              183913.35409999918,
              309728.00430000015
            ],
            [
              183917.74319999944,
              309737.91900000162
            ],
            [
              183920.16970000416,
              309744.73139999993
            ],
            [
              183921.95710000116,
              309747.72250000387
            ],
            [
              183920.96719999984,
              309752.09510000236
            ],
            [
              183931.00110000093,
              309758.51249999925
            ],
            [
              183931.08790000062,
              309760.22350000218
            ],
            [
              183934.19090000074,
              309766.36490000039
            ],
            [
              183933.81080000289,
              309766.72830000706
            ],
            [
              183933.52180000208,
              309766.94270000048
            ],
            [
              183934.84280000068,
              309768.92110000178
            ],
            [
              183941.48010000307,
              309775.41900000162
            ],
            [
              183943.25610000361,
              309780.55850000307
            ],
            [
              183946.42200000398,
              309783.5380000025
            ],
            [
              183948.54239999875,
              309785.31970000267
            ],
            [
              183951.06160000246,
              309788.70959999971
            ],
            [
              183953.3546000002,
              309789.07750000246
            ],
            [
              183963.38049999997,
              309795.35540000163
            ],
            [
              183970.52740000188,
              309797.19319999777
            ],
            [
              183971.76130000222,
              309797.32120000198
            ],
            [
              183975.7435999997,
              309796.92360000312
            ],
            [
              183983.79820000101,
              309795.30969999917
            ],
            [
              183986.53910000063,
              309794.9048999995
            ],
            [
              183986.14800000004,
              309793.37120000273
            ],
            [
              183996.97040000092,
              309789.35310000181
            ],
            [
              184005.99469999969,
              309789.14169999957
            ],
            [
              184006.37380000018,
              309788.18320000172
            ],
            [
              184011.55570000131,
              309785.70960000344
            ],
            [
              184014.53320000041,
              309785.56489999965
            ],
            [
              184016.61390000209,
              309782.18530000187
            ],
            [
              184019.26130000129,
              309780.55320000835
            ],
            [
              184021.37000000384,
              309780.08449999988
            ],
            [
              184028.67090000119,
              309778.62080000155
            ],
            [
              184030.1603000015,
              309776.75830000266
            ],
            [
              184037.21310000215,
              309772.81200000085
            ],
            [
              184040.3517000014,
              309773.36439999938
            ],
            [
              184042.53080000076,
              309773.89060000144
            ],
            [
              184043.50590000208,
              309774.00980000012
            ],
            [
              184047.49680000264,
              309774.17010000348
            ],
            [
              184051.50320000108,
              309774.47919999994
            ],
            [
              184054.99180000369,
              309774.78920000419
            ],
            [
              184065.8962000031,
              309769.79460000433
            ],
            [
              184067.19759999961,
              309769.29010000266
            ],
            [
              184068.35650000162,
              309761.37410000339
            ],
            [
              184069.75070000254,
              309753.08570000157
            ],
            [
              184073.09130000137,
              309747.29540000111
            ],
            [
              184074.22680000402,
              309747.69340000115
            ],
            [
              184074.93920000177,
              309749.97040000185
            ],
            [
              184074.87070000079,
              309750.03570000082
            ],
            [
              184074.98770000134,
              309751.56060000136
            ],
            [
              184075.28120000195,
              309753.92210000008
            ],
            [
              184076.79789999966,
              309763.14470000006
            ],
            [
              184076.55319999997,
              309771.22650000267
            ],
            [
              184076.36410000362,
              309771.9056000039
            ],
            [
              184077.22470000014,
              309771.9598999992
            ],
            [
              184083.38210000284,
              309782.78300000355
            ],
            [
              184084.97009999957,
              309789.22480000183
            ],
            [
              184085.81140000001,
              309791.28779999912
            ],
            [
              184085.6818000013,
              309791.18569999933
            ],
            [
              184086.0318999989,
              309795.36999999918
            ],
            [
              184086.93410000298,
              309797.33050000295
            ],
            [
              184087.01270000078,
              309803.06830000132
            ],
            [
              184086.66309999954,
              309803.50590000115
            ],
            [
              184086.67870000098,
              309807.99760000408
            ],
            [
              184086.81190000009,
              309810.06190000102
            ],
            [
              184085.65040000062,
              309812.17500000075
            ],
            [
              184086.12920000125,
              309815.92180000432
            ],
            [
              184086.32739999983,
              309816.02380000055
            ],
            [
              184086.33500000183,
              309816.02380000055
            ],
            [
              184086.96090000309,
              309821.10020000115
            ],
            [
              184086.0214000009,
              309823.85449999943
            ],
            [
              184085.29530000128,
              309826.67349999771
            ],
            [
              184084.92050000001,
              309830.05929999985
            ],
            [
              184084.16910000145,
              309835.82630000077
            ],
            [
              184085.16949999891,
              309837.37760000117
            ],
            [
              184096.36249999981,
              309857.7052000016
            ],
            [
              184099.60429999977,
              309856.33250000142
            ],
            [
              184103.54390000273,
              309853.29390000179
            ],
            [
              184104.68410000019,
              309852.06430000253
            ],
            [
              184104.40840000007,
              309859.81130000204
            ],
            [
              184107.32300000172,
              309858.54140000418
            ],
            [
              184107.815200001,
              309856.97819999978
            ],
            [
              184107.793700004,
              309853.47230000049
            ],
            [
              184109.48510000296,
              309853.84130000137
            ],
            [
              184110.17939999979,
              309854.52820000239
            ],
            [
              184110.96700000111,
              309856.36820000038
            ],
            [
              184110.96729999967,
              309856.54480000213
            ],
            [
              184111.08939999901,
              309856.69339999929
            ],
            [
              184111.31830000225,
              309856.88840000331
            ],
            [
              184111.86710000411,
              309857.16630000062
            ],
            [
              184116.64410000294,
              309862.61680000462
            ],
            [
              184120.87380000111,
              309864.33899999969
            ],
            [
              184121.17420000304,
              309870.54120000079
            ],
            [
              184123.31580000091,
              309875.81039999984
            ],
            [
              184124.99270000122,
              309876.5513000004
            ],
            [
              184126.72149999999,
              309876.61340000108
            ],
            [
              184128.36199999973,
              309878.34019999951
            ],
            [
              184129.76490000077,
              309879.34210000001
            ],
            [
              184131.19390000124,
              309882.0644000005
            ],
            [
              184132.30669999961,
              309882.57389999926
            ],
            [
              184132.58829999994,
              309882.5175999999
            ],
            [
              184132.61920000054,
              309882.69430000149
            ],
            [
              184132.73350000195,
              309882.74050000124
            ],
            [
              184134.43209999893,
              309882.92350000329
            ],
            [
              184134.70630000252,
              309882.95100000128
            ],
            [
              184134.94220000133,
              309882.86680000089
            ],
            [
              184135.03580000158,
              309884.1128000021
            ],
            [
              184135.40909999982,
              309884.1865000017
            ],
            [
              184135.49340000097,
              309884.48399999924
            ],
            [
              184135.88310000021,
              309885.19939999841
            ],
            [
              184135.93020000309,
              309886.02700000256
            ],
            [
              184136.15110000223,
              309886.05440000072
            ],
            [
              184136.17410000134,
              309886.14730000123
            ],
            [
              184136.1520000007,
              309886.51940000057
            ],
            [
              184136.11440000124,
              309886.82630000263
            ],
            [
              184136.56550000049,
              309887.83920000121
            ],
            [
              184136.51430000085,
              309889.04830000177
            ],
            [
              184139.06120000035,
              309890.87570000067
            ],
            [
              184143.24700000137,
              309889.29680000618
            ],
            [
              184147.61320000328,
              309894.99900000356
            ],
            [
              184148.2463999996,
              309895.61170000024
            ],
            [
              184149.17630000412,
              309896.05639999919
            ],
            [
              184155.38020000327,
              309898.76090000197
            ],
            [
              184154.79800000321,
              309896.85550000332
            ],
            [
              184159.62239999976,
              309898.92080000043
            ],
            [
              184161.85240000021,
              309898.09860000014
            ],
            [
              184163.12460000254,
              309898.37519999966
            ],
            [
              184164.82380000129,
              309898.85590000264
            ],
            [
              184166.05010000058,
              309902.89220000058
            ],
            [
              184164.41430000216,
              309905.61910000071
            ],
            [
              184161.99610000011,
              309910.51319999993
            ],
            [
              184162.19100000057,
              309917.4224999994
            ],
            [
              184164.39010000136,
              309920.72919999994
            ],
            [
              184166.95440000109,
              309919.506500002
            ],
            [
              184169.93320000079,
              309920.1428999994
            ],
            [
              184171.91800000053,
              309922.78980000131
            ],
            [
              184171.03270000033,
              309926.03690000251
            ],
            [
              184169.6725000022,
              309932.1026000008
            ],
            [
              184169.36870000139,
              309932.58670000173
            ],
            [
              184167.09130000044,
              309936.67320000194
            ],
            [
              184168.06260000169,
              309939.00580000132
            ],
            [
              184169.91760000121,
              309941.52270000242
            ],
            [
              184172.74030000065,
              309944.32609999925
            ],
            [
              184176.73400000017,
              309946.11390000209
            ],
            [
              184181.2329000039,
              309949.34219999798
            ],
            [
              184183.06320000254,
              309950.77109999955
            ],
            [
              184179.21930000279,
              309956.22750000097
            ],
            [
              184180.64480000362,
              309961.30250000022
            ],
            [
              184181.68950000219,
              309962.10980000161
            ],
            [
              184182.1174000008,
              309967.2237999998
            ],
            [
              184182.40460000094,
              309970.3572000023
            ],
            [
              184181.68920000084,
              309976.01530000009
            ],
            [
              184182.32570000179,
              309980.30169999786
            ],
            [
              184180.14039999992,
              309986.41479999945
            ],
            [
              184179.43920000084,
              309991.7873999998
            ],
            [
              184175.67740000319,
              309995.89949999936
            ],
            [
              184174.52980000339,
              310000.44590000436
            ],
            [
              184173.93730000034,
              310001.31179999933
            ],
            [
              184171.0839000009,
              310007.03610000014
            ],
            [
              184164.1213000007,
              310014.51579999924
            ],
            [
              184162.57370000053,
              310022.22790000029
            ],
            [
              184158.02699999977,
              310030.76359999925
            ],
            [
              184156.87380000111,
              310037.53580000065
            ],
            [
              184155.88019999955,
              310039.89030000009
            ],
            [
              184153.34000000171,
              310041.7826000005
            ],
            [
              184151.28220000025,
              310045.19920000061
            ],
            [
              184150.00520000234,
              310046.56839999743
            ],
            [
              184149.88370000012,
              310046.74540000036
            ],
            [
              184149.86850000266,
              310046.74540000036
            ],
            [
              184149.96949999966,
              310047.8983000014
            ],
            [
              184146.87860000134,
              310052.78610000014
            ],
            [
              184146.95419999957,
              310052.4512000028
            ],
            [
              184141.84720000252,
              310054.17120000161
            ],
            [
              184141.12450000178,
              310054.57250000164
            ],
            [
              184138.11990000401,
              310052.31800000183
            ],
            [
              184133.78300000355,
              310050.20530000515
            ],
            [
              184129.63480000384,
              310047.18100000173
            ],
            [
              184128.11799999978,
              310046.43029999919
            ],
            [
              184126.76710000355,
              310044.76810000278
            ],
            [
              184123.56579999998,
              310043.20210000128
            ],
            [
              184116.08130000159,
              310044.06159999967
            ],
            [
              184113.51219999883,
              310051.18960000016
            ],
            [
              184112.98990000132,
              310053.00400000066
            ],
            [
              184109.27300000004,
              310056.95350000262
            ],
            [
              184100.27560000028,
              310059.32230000198
            ],
            [
              184098.60100000165,
              310059.78100000136
            ],
            [
              184088.30660000071,
              310065.10920000263
            ],
            [
              184077.14870000258,
              310068.69070000015
            ],
            [
              184065.79509999976,
              310073.62090000138
            ],
            [
              184053.82710000221,
              310079.91940000094
            ],
            [
              184053.35570000019,
              310080.3666999992
            ],
            [
              184052.72440000065,
              310080.8420000039
            ],
            [
              184052.17700000014,
              310081.32660000399
            ],
            [
              184051.50019999966,
              310081.87640000135
            ],
            [
              184045.44269999862,
              310084.32370000146
            ],
            [
              184039.9952999996,
              310083.04069999792
            ],
            [
              184036.03060000204,
              310080.46240000054
            ],
            [
              184026.09170000069,
              310084.37670000456
            ],
            [
              184020.0708000008,
              310085.98680000007
            ],
            [
              184013.47420000099,
              310089.38370000198
            ],
            [
              184007.35919999983,
              310098.10820000246
            ],
            [
              184004.67630000133,
              310105.40389999934
            ],
            [
              183996.1657000035,
              310111.60330000333
            ],
            [
              183989.02120000124,
              310119.49259999953
            ],
            [
              183988.41210000217,
              310119.61470000446
            ],
            [
              183987.92470000125,
              310119.54120000266
            ],
            [
              183987.49810000043,
              310119.50470000133
            ],
            [
              183985.94360000081,
              310123.25520000421
            ],
            [
              183986.11150000058,
              310123.45940000378
            ],
            [
              183986.67610000167,
              310123.99789999984
            ],
            [
              183982.51659999974,
              310127.49259999953
            ],
            [
              183979.68879999965,
              310126.10270000249
            ],
            [
              183979.58980000019,
              310126.12150000408
            ],
            [
              183979.27029999997,
              310126.31730000116
            ],
            [
              183977.60970000178,
              310130.28189999983
            ],
            [
              183974.33810000028,
              310136.26740000211
            ],
            [
              183976.28969999962,
              310145.96340000071
            ],
            [
              183981.04100000393,
              310149.82359999977
            ],
            [
              183982.0166000016,
              310150.32400000095
            ],
            [
              183986.24830000382,
              310161.74550000019
            ],
            [
              183991.66740000155,
              310164.32120000012
            ],
            [
              183996.29870000016,
              310164.94540000148
            ],
            [
              183999.13720000349,
              310168.03700000048
            ],
            [
              184000.88209999911,
              310172.90699999966
            ],
            [
              184001.64740000386,
              310174.9886000026
            ],
            [
              184002.73550000321,
              310178.80890000053
            ],
            [
              183999.50200000033,
              310184.72919999994
            ],
            [
              183997.61770000122,
              310187.18760000169
            ],
            [
              183997.05910000205,
              310189.96920000203
            ],
            [
              183997.73350000288,
              310192.33940000273
            ],
            [
              183995.60039999988,
              310196.17450000159
            ],
            [
              183994.17240000051,
              310198.24159999937
            ],
            [
              183990.24320000317,
              310198.47179999761
            ],
            [
              183988.48370000254,
              310202.53880000301
            ],
            [
              183987.01450000238,
              310202.82980000414
            ],
            [
              183988.56460000109,
              310205.22620000131
            ],
            [
              183989.05680000037,
              310207.89429999888
            ],
            [
              183989.2946000006,
              310213.1761000026
            ],
            [
              183989.05960000027,
              310213.75310000218
            ],
            [
              183988.25730000064,
              310216.53510000184
            ],
            [
              183985.34719999973,
              310220.2415000014
            ],
            [
              183985.87300000247,
              310228.95420000143
            ],
            [
              183981.10930000059,
              310235.15630000085
            ],
            [
              183979.75949999969,
              310238.40430000052
            ],
            [
              183976.34059999976,
              310238.66139999963
            ],
            [
              183972.23110000137,
              310240.18450000137
            ],
            [
              183970.13599999994,
              310243.97330000065
            ],
            [
              183972.2387000015,
              310248.73090000078
            ],
            [
              183972.53220000397,
              310256.04340000264
            ],
            [
              183970.36849999987,
              310258.92060000077
            ],
            [
              183963.10290000029,
              310265.53900000267
            ],
            [
              183955.07550000027,
              310268.44439999945
            ],
            [
              183948.96659999993,
              310270.26370000094
            ],
            [
              183947.79300000146,
              310271.63540000282
            ],
            [
              183939.96100000292,
              310278.25210000202
            ],
            [
              183939.1417000005,
              310279.99260000139
            ],
            [
              183932.54410000145,
              310291.23820000328
            ],
            [
              183931.6930999998,
              310292.35580000095
            ],
            [
              183931.3133000005,
              310292.84930000082
            ],
            [
              183931.00240000058,
              310293.59370000288
            ],
            [
              183930.78970000334,
              310293.86380000226
            ],
            [
              183930.66150000133,
              310294.60810000077
            ],
            [
              183923.22980000172,
              310300.85210000165
            ],
            [
              183921.81540000159,
              310305.98540000245
            ],
            [
              183921.68300000113,
              310310.50459999964
            ],
            [
              183919.33220000006,
              310320.19569999911
            ],
            [
              183920.28420000151,
              310328.14900000021
            ],
            [
              183922.9020999996,
              310331.46430000104
            ],
            [
              183926.60460000113,
              310336.56310000271
            ],
            [
              183931.3946000021,
              310340.74870000035
            ],
            [
              183920.51649999898,
              310333.90330000222
            ],
            [
              183914.84210000001,
              310325.81120000221
            ],
            [
              183914.47740000021,
              310322.55079999939
            ],
            [
              183913.67910000309,
              310309.65470000356
            ],
            [
              183910.05290000048,
              310304.70450000279
            ],
            [
              183906.48180000111,
              310300.69350000098
            ],
            [
              183904.40360000078,
              310296.88430000097
            ],
            [
              183897.69490000233,
              310292.86969999969
            ],
            [
              183893.34080000129,
              310289.61330000311
            ],
            [
              183892.4944000002,
              310289.00110000186
            ],
            [
              183892.47140000109,
              310288.96390000172
            ],
            [
              183891.48759999964,
              310288.13800000027
            ],
            [
              183891.21280000173,
              310287.76650000177
            ],
            [
              183890.61890000198,
              310292.05470000021
            ],
            [
              183889.3321000021,
              310296.45570000075
            ],
            [
              183888.49940000009,
              310299.20990000106
            ],
            [
              183888.68710000068,
              310301.97149999999
            ],
            [
              183886.35880000144,
              310303.06379999965
            ],
            [
              183881.9486999996,
              310302.60669999942
            ],
            [
              183879.05660000071,
              310303.5604000017
            ],
            [
              183877.2937000012,
              310301.43400000036
            ],
            [
              183872.70190000255,
              310301.57239999995
            ],
            [
              183864.6771000009,
              310302.50740000233
            ],
            [
              183860.27900000196,
              310304.50550000183
            ],
            [
              183858.65830000024,
              310305.24300000258
            ],
            [
              183855.25450000353,
              310305.37000000104
            ],
            [
              183855.68900000025,
              310305.65750000067
            ],
            [
              183847.47280000057,
              310306.01640000381
            ],
            [
              183846.26100000087,
              310305.50709999911
            ],
            [
              183838.4495000001,
              310306.49760000408
            ],
            [
              183838.22960000206,
              310302.77820000052
            ],
            [
              183835.94470000081,
              310298.41150000319
            ],
            [
              183832.89620000217,
              310292.86510000192
            ],
            [
              183829.75910000037,
              310293.06600000151
            ],
            [
              183828.96090000216,
              310293.84860000201
            ],
            [
              183824.35940000042,
              310297.07459999993
            ],
            [
              183823.59780000057,
              310297.03869999945
            ],
            [
              183821.46750000399,
              310298.1213000007
            ],
            [
              183816.75720000081,
              310300.10130000114
            ],
            [
              183812.15300000273,
              310301.76500000246
            ],
            [
              183806.00310000218,
              310303.61730000377
            ],
            [
              183803.93960000016,
              310303.72339999862
            ],
            [
              183803.68880000245,
              310304.0214000009
            ],
            [
              183800.65240000002,
              310305.1986000035
            ],
            [
              183797.94750000071,
              310308.59779999964
            ],
            [
              183793.15220000409,
              310309.85260000266
            ],
            [
              183788.70380000025,
              310309.29340000078
            ],
            [
              183784.08929999918,
              310309.52490000241
            ],
            [
              183778.15639999975,
              310309.19140000083
            ],
            [
              183770.65220000036,
              310307.43810000084
            ],
            [
              183767.22930000164,
              310309.65760000423
            ],
            [
              183766.39250000287,
              310314.36470000073
            ],
            [
              183764.0381000014,
              310313.6529000029
            ],
            [
              183757.75980000105,
              310316.05430000089
            ],
            [
              183754.46850000136,
              310319.44519999996
            ],
            [
              183754.09050000273,
              310320.96169999987
            ],
            [
              183749.26570000034,
              310322.81169999763
            ],
            [
              183741.26600000355,
              310325.00230000168
            ],
            [
              183733.9925000025,
              310324.46680000052
            ],
            [
              183726.7863000026,
              310327.53940000199
            ],
            [
              183717.95640000142,
              310329.66640000045
            ],
            [
              183714.44430000056,
              310333.0298999995
            ],
            [
              183713.88080000319,
              310333.04030000232
            ],
            [
              183712.81510000117,
              310333.23750000261
            ],
            [
              183701.72320000082,
              310339.44170000218
            ],
            [
              183699.66600000113,
              310338.85969999991
            ],
            [
              183694.07150000054,
              310340.39490000159
            ],
            [
              183688.14070000034,
              310341.19620000012
            ],
            [
              183685.68080000114,
              310341.09830000438
            ],
            [
              183684.79870000016,
              310341.77870000154
            ],
            [
              183682.67540000007,
              310342.52660000138
            ],
            [
              183677.21860000212,
              310344.3964000009
            ],
            [
              183674.81209999975,
              310344.36360000074
            ],
            [
              183674.37860000134,
              310344.60620000027
            ],
            [
              183666.13230000064,
              310345.17910000123
            ],
            [
              183661.97360000107,
              310348.98090000078
            ],
            [
              183661.36529999878,
              310349.52140000463
            ],
            [
              183652.08710000012,
              310352.12350000069
            ],
            [
              183651.52350000106,
              310352.12450000271
            ],
            [
              183644.40890000015,
              310355.2435999997
            ],
            [
              183643.45800000057,
              310355.75680000149
            ],
            [
              183639.81689999998,
              310359.4366999995
            ],
            [
              183636.05480000377,
              310363.51680000126
            ],
            [
              183631.03690000065,
              310363.80500000156
            ],
            [
              183626.44730000105,
              310365.14310000278
            ],
            [
              183620.22400000133,
              310368.42790000141
            ],
            [
              183619.94529999886,
              310370.11160000227
            ],
            [
              183616.99850000255,
              310370.256500002
            ],
            [
              183613.48170000035,
              310371.04410000145
            ],
            [
              183605.82170000207,
              310371.56029999815
            ],
            [
              183602.54970000405,
              310372.96120000258
            ],
            [
              183601.90979999956,
              310372.8507000003
            ],
            [
              183588.89320000354,
              310375.84100000001
            ],
            [
              183585.64540000074,
              310377.9486999996
            ],
            [
              183576.70519999973,
              310386.39040000178
            ],
            [
              183564.31020000204,
              310396.14980000071
            ],
            [
              183553.64829999954,
              310404.12040000223
            ],
            [
              183546.71140000131,
              310416.89210000075
            ],
            [
              183534.10410000011,
              310431.25520000234
            ],
            [
              183526.98390000034,
              310443.72030000016
            ],
            [
              183524.11950000003,
              310451.45350000262
            ],
            [
              183518.78020000365,
              310463.3574000001
            ],
            [
              183517.18750000093,
              310466.90359999985
            ],
            [
              183515.17360000126,
              310469.12050000392
            ],
            [
              183515.20460000169,
              310469.42730000056
            ],
            [
              183515.05430000089,
              310470.51559999958
            ],
            [
              183509.53700000327,
              310474.51559999958
            ],
            [
              183502.21530000027,
              310478.89959999919
            ],
            [
              183492.35859999992,
              310494.01090000197
            ],
            [
              183486.52190000005,
              310517.01940000057
            ],
            [
              183498.14510000125,
              310530.78940000385
            ],
            [
              183498.63480000198,
              310532.0625
            ],
            [
              183496.95300000068,
              310536.85490000248
            ],
            [
              183490.8431000011,
              310537.71189999953
            ],
            [
              183465.84280000255,
              310541.0120000001
            ],
            [
              183458.8627000032,
              310538.03090000153
            ],
            [
              183457.55879999977,
              310517.63370000012
            ],
            [
              183455.11359999981,
              310498.14310000092
            ],
            [
              183453.65640000254,
              310488.44970000163
            ],
            [
              183453.75430000108,
              310481.4486000035
            ],
            [
              183454.10120000038,
              310478.04880000092
            ],
            [
              183451.4207000006,
              310473.92459999956
            ],
            [
              183448.57070000097,
              310460.07280000113
            ],
            [
              183445.14960000105,
              310446.77590000071
            ],
            [
              183439.47050000075,
              310443.15180000104
            ],
            [
              183427.34040000103,
              310438.46529999934
            ],
            [
              183419.02819999959,
              310436.70900000446
            ],
            [
              183414.56180000119,
              310431.11660000123
            ],
            [
              183417.62990000285,
              310408.60290000029
            ],
            [
              183424.63090000208,
              310380.86889999919
            ],
            [
              183432.43020000216,
              310359.44730000198
            ],
            [
              183434.8590000011,
              310345.3450000044
            ],
            [
              183428.01470000204,
              310341.30210000277
            ]
          ]
        ]
      }
    }
  ]
}