{
  "displayFieldName" : "",
  "fieldAliases" : {
    "FID" : "FID",
    "SAFE_SPOT1" : "SAFE_SPOT1",
    "SAFE_SPOT2" : "SAFE_SPOT2",
    "SAFE_SPOT3" : "SAFE_SPOT3",
    "MGC" : "MGC",
    "ETC_MATTER" : "ETC_MATTER",
    "MNTN_NM" : "MNTN_NM"
  },
  "geometryType" : "esriGeometryPoint",
  "spatialReference" : {
    "wkt" : "PROJCS[\"PCS_ITRF2000_TM\",GEOGCS[\"GCS_ITRF_2000\",DATUM[\"D_ITRF_2000\",SPHEROID[\"GRS_1980\",6378137.0,298.257222101]],PRIMEM[\"Greenwich\",0.0],UNIT[\"Degree\",0.0174532925199433]],PROJECTION[\"Transverse_Mercator\"],PARAMETER[\"False_Easting\",200000.0],PARAMETER[\"False_Northing\",600000.0],PARAMETER[\"Central_Meridian\",127.0],PARAMETER[\"Scale_Factor\",1.0],PARAMETER[\"Latitude_Of_Origin\",38.0],UNIT[\"Meter\",1.0]]"
  },
  "fields" : [
    {
      "name" : "FID",
      "type" : "esriFieldTypeOID",
      "alias" : "FID"
    },
    {
      "name" : "SAFE_SPOT1",
      "type" : "esriFieldTypeDouble",
      "alias" : "SAFE_SPOT1"
    },
    {
      "name" : "SAFE_SPOT2",
      "type" : "esriFieldTypeString",
      "alias" : "SAFE_SPOT2",
      "length" : 50
    },
    {
      "name" : "SAFE_SPOT3",
      "type" : "esriFieldTypeString",
      "alias" : "SAFE_SPOT3",
      "length" : 50
    },
    {
      "name" : "MGC",
      "type" : "esriFieldTypeString",
      "alias" : "MGC",
      "length" : 50
    },
    {
      "name" : "ETC_MATTER",
      "type" : "esriFieldTypeString",
      "alias" : "ETC_MATTER",
      "length" : 200
    },
    {
      "name" : "MNTN_NM",
      "type" : "esriFieldTypeString",
      "alias" : "MNTN_NM",
      "length" : 50
    }
  ],
  "features" : [
    {
      "attributes" : {
        "FID" : 0,
        "SAFE_SPOT1" : 3773,
        "SAFE_SPOT2" : "산악위치 표시판",
        "SAFE_SPOT3" : " ",
        "MGC" : "천안동남소방서",
        "ETC_MATTER" : " ",
        "MNTN_NM" : "태학산"
      },
      "geometry" : {
        "x" : 207771.96820000187,
        "y" : 458876.57240000181
      }
    },
    {
      "attributes" : {
        "FID" : 1,
        "SAFE_SPOT1" : 3774,
        "SAFE_SPOT2" : "산악위치 표시판",
        "SAFE_SPOT3" : " ",
        "MGC" : "천안동남소방서",
        "ETC_MATTER" : " ",
        "MNTN_NM" : "태학산"
      },
      "geometry" : {
        "x" : 207669.7630000012,
        "y" : 458848.73700000159
      }
    },
    {
      "attributes" : {
        "FID" : 2,
        "SAFE_SPOT1" : 3775,
        "SAFE_SPOT2" : "산악위치 표시판",
        "SAFE_SPOT3" : " ",
        "MGC" : "천안동남소방서",
        "ETC_MATTER" : " ",
        "MNTN_NM" : "태학산"
      },
      "geometry" : {
        "x" : 207439.28200000152,
        "y" : 458809.69310000166
      }
    },
    {
      "attributes" : {
        "FID" : 3,
        "SAFE_SPOT1" : 3776,
        "SAFE_SPOT2" : "산악위치 표시판",
        "SAFE_SPOT3" : " ",
        "MGC" : "천안동남소방서",
        "ETC_MATTER" : " ",
        "MNTN_NM" : "태학산"
      },
      "geometry" : {
        "x" : 207439.61880000122,
        "y" : 458422.21389999986
      }
    },
    {
      "attributes" : {
        "FID" : 4,
        "SAFE_SPOT1" : 3777,
        "SAFE_SPOT2" : "산악위치 표시판",
        "SAFE_SPOT3" : " ",
        "MGC" : "천안동남소방서",
        "ETC_MATTER" : " ",
        "MNTN_NM" : "태학산"
      },
      "geometry" : {
        "x" : 207656.74050000031,
        "y" : 458150.21429999918
      }
    },
    {
      "attributes" : {
        "FID" : 5,
        "SAFE_SPOT1" : 3778,
        "SAFE_SPOT2" : "산악위치 표시판",
        "SAFE_SPOT3" : " ",
        "MGC" : "천안동남소방서",
        "ETC_MATTER" : " ",
        "MNTN_NM" : "태학산"
      },
      "geometry" : {
        "x" : 207831.99500000197,
        "y" : 458357.21340000257
      }
    },
    {
      "attributes" : {
        "FID" : 6,
        "SAFE_SPOT1" : 3779,
        "SAFE_SPOT2" : "산악위치 표시판",
        "SAFE_SPOT3" : " ",
        "MGC" : "천안동남소방서",
        "ETC_MATTER" : " ",
        "MNTN_NM" : "태학산"
      },
      "geometry" : {
        "x" : 208110.15909999982,
        "y" : 458627.81410000287
      }
    },
    {
      "attributes" : {
        "FID" : 7,
        "SAFE_SPOT1" : 3780,
        "SAFE_SPOT2" : "산악위치 표시판",
        "SAFE_SPOT3" : " ",
        "MGC" : "천안동남소방서",
        "ETC_MATTER" : " ",
        "MNTN_NM" : "태학산"
      },
      "geometry" : {
        "x" : 207800.3618999999,
        "y" : 458487.26910000108
      }
    },
    {
      "attributes" : {
        "FID" : 8,
        "SAFE_SPOT1" : 3781,
        "SAFE_SPOT2" : "산악위치 표시판",
        "SAFE_SPOT3" : " ",
        "MGC" : "천안동남소방서",
        "ETC_MATTER" : " ",
        "MNTN_NM" : "태학산"
      },
      "geometry" : {
        "x" : 207729.3702999996,
        "y" : 458512.48180000298
      }
    },
    {
      "attributes" : {
        "FID" : 9,
        "SAFE_SPOT1" : 3782,
        "SAFE_SPOT2" : "산악위치 표시판",
        "SAFE_SPOT3" : " ",
        "MGC" : "천안동남소방서",
        "ETC_MATTER" : " ",
        "MNTN_NM" : "태학산"
      },
      "geometry" : {
        "x" : 207427.80540000089,
        "y" : 458595.75250000134
      }
    },
    {
      "attributes" : {
        "FID" : 10,
        "SAFE_SPOT1" : 3783,
        "SAFE_SPOT2" : "산악위치 표시판",
        "SAFE_SPOT3" : " ",
        "MGC" : "천안동남소방서",
        "ETC_MATTER" : " ",
        "MNTN_NM" : "태학산"
      },
      "geometry" : {
        "x" : 207686.30750000011,
        "y" : 458661.94780000113
      }
    }
  ]
}