{
  "displayFieldName" : "",
  "fieldAliases" : {
    "FID" : "FID",
    "PMNTN_SPOT" : "PMNTN_SPOT",
    "MNTN_CODE" : "MNTN_CODE",
    "MANAGE_SP1" : "MANAGE_SP1",
    "MANAGE_SP2" : "MANAGE_SP2",
    "DETAIL_SPO" : "DETAIL_SPO",
    "ETC_MATTER" : "ETC_MATTER",
    "MNTN_NM" : "MNTN_NM",
    "PAST_SPOT_" : "PAST_SPOT_",
    "MNTN_ID" : "MNTN_ID"
  },
  "geometryType" : "esriGeometryPoint",
  "spatialReference" : {
    "wkt" : "PROJCS[\"PCS_ITRF2000_TM\",GEOGCS[\"GCS_ITRF_2000\",DATUM[\"D_ITRF_2000\",SPHEROID[\"GRS_1980\",6378137.0,298.257222101]],PRIMEM[\"Greenwich\",0.0],UNIT[\"Degree\",0.0174532925199433]],PROJECTION[\"Transverse_Mercator\"],PARAMETER[\"False_Easting\",200000.0],PARAMETER[\"False_Northing\",600000.0],PARAMETER[\"Central_Meridian\",127.0],PARAMETER[\"Scale_Factor\",1.0],PARAMETER[\"Latitude_Of_Origin\",38.0],UNIT[\"Meter\",1.0]]"
  },
  "fields" : [
    {
      "name" : "FID",
      "type" : "esriFieldTypeOID",
      "alias" : "FID"
    },
    {
      "name" : "PMNTN_SPOT",
      "type" : "esriFieldTypeDouble",
      "alias" : "PMNTN_SPOT"
    },
    {
      "name" : "MNTN_CODE",
      "type" : "esriFieldTypeString",
      "alias" : "MNTN_CODE",
      "length" : 9
    },
    {
      "name" : "MANAGE_SP1",
      "type" : "esriFieldTypeString",
      "alias" : "MANAGE_SP1",
      "length" : 2
    },
    {
      "name" : "MANAGE_SP2",
      "type" : "esriFieldTypeString",
      "alias" : "MANAGE_SP2",
      "length" : 50
    },
    {
      "name" : "DETAIL_SPO",
      "type" : "esriFieldTypeString",
      "alias" : "DETAIL_SPO",
      "length" : 200
    },
    {
      "name" : "ETC_MATTER",
      "type" : "esriFieldTypeString",
      "alias" : "ETC_MATTER",
      "length" : 200
    },
    {
      "name" : "MNTN_NM",
      "type" : "esriFieldTypeString",
      "alias" : "MNTN_NM",
      "length" : 50
    },
    {
      "name" : "PAST_SPOT_",
      "type" : "esriFieldTypeString",
      "alias" : "PAST_SPOT_",
      "length" : 14
    },
    {
      "name" : "MNTN_ID",
      "type" : "esriFieldTypeString",
      "alias" : "MNTN_ID",
      "length" : 10
    }
  ],
  "features" : [
    {
      "attributes" : {
        "FID" : 0,
        "PMNTN_SPOT" : 6934,
        "MNTN_CODE" : "282000301",
        "MANAGE_SP1" : "99",
        "MANAGE_SP2" : "기타",
        "DETAIL_SPO" : "수돗가",
        "ETC_MATTER" : " ",
        "MNTN_NM" : "관모산",
        "PAST_SPOT_" : "2820003010001",
        "MNTN_ID" : "282000301"
      },
      "geometry" : {
        "x" : 178377.6568,
        "y" : 538857.2938000001
      }
    },
    {
      "attributes" : {
        "FID" : 1,
        "PMNTN_SPOT" : 6935,
        "MNTN_CODE" : "282000301",
        "MANAGE_SP1" : "99",
        "MANAGE_SP2" : "기타",
        "DETAIL_SPO" : "배드민턴장",
        "ETC_MATTER" : " ",
        "MNTN_NM" : "관모산",
        "PAST_SPOT_" : "2820003010002",
        "MNTN_ID" : "282000301"
      },
      "geometry" : {
        "x" : 178420.99920000136,
        "y" : 538805.05790000223
      }
    },
    {
      "attributes" : {
        "FID" : 2,
        "PMNTN_SPOT" : 6936,
        "MNTN_CODE" : "282000301",
        "MANAGE_SP1" : "99",
        "MANAGE_SP2" : "기타",
        "DETAIL_SPO" : "목계단",
        "ETC_MATTER" : " ",
        "MNTN_NM" : "관모산",
        "PAST_SPOT_" : "2820003010003",
        "MNTN_ID" : "282000301"
      },
      "geometry" : {
        "x" : 179024.09049999993,
        "y" : 539141.89130000211
      }
    },
    {
      "attributes" : {
        "FID" : 3,
        "PMNTN_SPOT" : 6937,
        "MNTN_CODE" : "282000301",
        "MANAGE_SP1" : "99",
        "MANAGE_SP2" : "기타",
        "DETAIL_SPO" : "철계단",
        "ETC_MATTER" : " ",
        "MNTN_NM" : "관모산",
        "PAST_SPOT_" : "2820003010004",
        "MNTN_ID" : "282000301"
      },
      "geometry" : {
        "x" : 178984.80420000013,
        "y" : 539597.87560000084
      }
    },
    {
      "attributes" : {
        "FID" : 4,
        "PMNTN_SPOT" : 6938,
        "MNTN_CODE" : "282000301",
        "MANAGE_SP1" : "06",
        "MANAGE_SP2" : "음수대",
        "DETAIL_SPO" : "범골약수터",
        "ETC_MATTER" : " ",
        "MNTN_NM" : "관모산",
        "PAST_SPOT_" : "2820003010005",
        "MNTN_ID" : "282000301"
      },
      "geometry" : {
        "x" : 179021.24139999971,
        "y" : 539866.75679999962
      }
    },
    {
      "attributes" : {
        "FID" : 5,
        "PMNTN_SPOT" : 6939,
        "MNTN_CODE" : "282000301",
        "MANAGE_SP1" : "99",
        "MANAGE_SP2" : "기타",
        "DETAIL_SPO" : "목다리",
        "ETC_MATTER" : " ",
        "MNTN_NM" : "관모산",
        "PAST_SPOT_" : "2820003010006",
        "MNTN_ID" : "282000301"
      },
      "geometry" : {
        "x" : 178981.35759999976,
        "y" : 539324.96700000018
      }
    },
    {
      "attributes" : {
        "FID" : 6,
        "PMNTN_SPOT" : 6940,
        "MNTN_CODE" : "282000301",
        "MANAGE_SP1" : "06",
        "MANAGE_SP2" : "음수대",
        "DETAIL_SPO" : "약수터",
        "ETC_MATTER" : " ",
        "MNTN_NM" : "관모산",
        "PAST_SPOT_" : "2820003010007",
        "MNTN_ID" : "282000301"
      },
      "geometry" : {
        "x" : 178928.80910000112,
        "y" : 539262.06360000186
      }
    },
    {
      "attributes" : {
        "FID" : 7,
        "PMNTN_SPOT" : 6941,
        "MNTN_CODE" : "282000301",
        "MANAGE_SP1" : "99",
        "MANAGE_SP2" : "기타",
        "DETAIL_SPO" : "동물원뒷편",
        "ETC_MATTER" : " ",
        "MNTN_NM" : "관모산",
        "PAST_SPOT_" : "2820003010008",
        "MNTN_ID" : "282000301"
      },
      "geometry" : {
        "x" : 178457.43300000206,
        "y" : 538986.75960000046
      }
    },
    {
      "attributes" : {
        "FID" : 8,
        "PMNTN_SPOT" : 6942,
        "MNTN_CODE" : "282000301",
        "MANAGE_SP1" : "99",
        "MANAGE_SP2" : "기타",
        "DETAIL_SPO" : "목다리",
        "ETC_MATTER" : " ",
        "MNTN_NM" : "관모산",
        "PAST_SPOT_" : "2820003010009",
        "MNTN_ID" : "282000301"
      },
      "geometry" : {
        "x" : 178518.0718000019,
        "y" : 539464.62930000015
      }
    },
    {
      "attributes" : {
        "FID" : 9,
        "PMNTN_SPOT" : 6943,
        "MNTN_CODE" : "282000301",
        "MANAGE_SP1" : "06",
        "MANAGE_SP2" : "음수대",
        "DETAIL_SPO" : "거수골약수터",
        "ETC_MATTER" : " ",
        "MNTN_NM" : "관모산",
        "PAST_SPOT_" : "2820003010010",
        "MNTN_ID" : "282000301"
      },
      "geometry" : {
        "x" : 178860.96850000136,
        "y" : 539223.2191000022
      }
    },
    {
      "attributes" : {
        "FID" : 10,
        "PMNTN_SPOT" : 6944,
        "MNTN_CODE" : "282000301",
        "MANAGE_SP1" : "06",
        "MANAGE_SP2" : "음수대",
        "DETAIL_SPO" : "관모약수터",
        "ETC_MATTER" : " ",
        "MNTN_NM" : "관모산",
        "PAST_SPOT_" : "2820003010011",
        "MNTN_ID" : "282000301"
      },
      "geometry" : {
        "x" : 178933.99130000081,
        "y" : 539243.66810000315
      }
    },
    {
      "attributes" : {
        "FID" : 11,
        "PMNTN_SPOT" : 6945,
        "MNTN_CODE" : "282000301",
        "MANAGE_SP1" : "01",
        "MANAGE_SP2" : "시종점",
        "DETAIL_SPO" : "시종점",
        "ETC_MATTER" : " ",
        "MNTN_NM" : "관모산",
        "PAST_SPOT_" : "2820003010012",
        "MNTN_ID" : "282000301"
      },
      "geometry" : {
        "x" : 178351.81109999958,
        "y" : 539294.82530000061
      }
    },
    {
      "attributes" : {
        "FID" : 12,
        "PMNTN_SPOT" : 6946,
        "MNTN_CODE" : "282000301",
        "MANAGE_SP1" : "01",
        "MANAGE_SP2" : "시종점",
        "DETAIL_SPO" : "시종점",
        "ETC_MATTER" : " ",
        "MNTN_NM" : "관모산",
        "PAST_SPOT_" : "2820003010013",
        "MNTN_ID" : "282000301"
      },
      "geometry" : {
        "x" : 178376.23384242132,
        "y" : 539413.04976911657
      }
    },
    {
      "attributes" : {
        "FID" : 13,
        "PMNTN_SPOT" : 6947,
        "MNTN_CODE" : "282000301",
        "MANAGE_SP1" : "01",
        "MANAGE_SP2" : "시종점",
        "DETAIL_SPO" : "시종점",
        "ETC_MATTER" : " ",
        "MNTN_NM" : "관모산",
        "PAST_SPOT_" : "2820003010014",
        "MNTN_ID" : "282000301"
      },
      "geometry" : {
        "x" : 178385.46680000052,
        "y" : 539221.46770000271
      }
    },
    {
      "attributes" : {
        "FID" : 14,
        "PMNTN_SPOT" : 6948,
        "MNTN_CODE" : "282000301",
        "MANAGE_SP1" : "01",
        "MANAGE_SP2" : "시종점",
        "DETAIL_SPO" : "시종점",
        "ETC_MATTER" : " ",
        "MNTN_NM" : "관모산",
        "PAST_SPOT_" : "2820003010015",
        "MNTN_ID" : "282000301"
      },
      "geometry" : {
        "x" : 178388.18679451663,
        "y" : 538900.6445455607
      }
    },
    {
      "attributes" : {
        "FID" : 15,
        "PMNTN_SPOT" : 6949,
        "MNTN_CODE" : "282000301",
        "MANAGE_SP1" : "01",
        "MANAGE_SP2" : "시종점",
        "DETAIL_SPO" : "시종점",
        "ETC_MATTER" : " ",
        "MNTN_NM" : "관모산",
        "PAST_SPOT_" : "2820003010016",
        "MNTN_ID" : "282000301"
      },
      "geometry" : {
        "x" : 178415.15770000126,
        "y" : 539141.08570000157
      }
    },
    {
      "attributes" : {
        "FID" : 16,
        "PMNTN_SPOT" : 6950,
        "MNTN_CODE" : "282000301",
        "MANAGE_SP1" : "01",
        "MANAGE_SP2" : "시종점",
        "DETAIL_SPO" : "시종점",
        "ETC_MATTER" : " ",
        "MNTN_NM" : "관모산",
        "PAST_SPOT_" : "2820003010017",
        "MNTN_ID" : "282000301"
      },
      "geometry" : {
        "x" : 178415.19851045776,
        "y" : 539109.82311790809
      }
    },
    {
      "attributes" : {
        "FID" : 17,
        "PMNTN_SPOT" : 6951,
        "MNTN_CODE" : "282000301",
        "MANAGE_SP1" : "01",
        "MANAGE_SP2" : "시종점",
        "DETAIL_SPO" : "시종점",
        "ETC_MATTER" : " ",
        "MNTN_NM" : "관모산",
        "PAST_SPOT_" : "2820003010018",
        "MNTN_ID" : "282000301"
      },
      "geometry" : {
        "x" : 178417.21989999991,
        "y" : 539074.09789999947
      }
    },
    {
      "attributes" : {
        "FID" : 18,
        "PMNTN_SPOT" : 6952,
        "MNTN_CODE" : "282000301",
        "MANAGE_SP1" : "02",
        "MANAGE_SP2" : "분기점",
        "DETAIL_SPO" : "분기점",
        "ETC_MATTER" : " ",
        "MNTN_NM" : "관모산",
        "PAST_SPOT_" : "2820003010019",
        "MNTN_ID" : "282000301"
      },
      "geometry" : {
        "x" : 178436.42140000127,
        "y" : 539234.74460000172
      }
    },
    {
      "attributes" : {
        "FID" : 19,
        "PMNTN_SPOT" : 6953,
        "MNTN_CODE" : "282000301",
        "MANAGE_SP1" : "01",
        "MANAGE_SP2" : "시종점",
        "DETAIL_SPO" : "시종점",
        "ETC_MATTER" : " ",
        "MNTN_NM" : "관모산",
        "PAST_SPOT_" : "2820003010020",
        "MNTN_ID" : "282000301"
      },
      "geometry" : {
        "x" : 178439.72270000074,
        "y" : 539508.1464000009
      }
    },
    {
      "attributes" : {
        "FID" : 20,
        "PMNTN_SPOT" : 6954,
        "MNTN_CODE" : "282000301",
        "MANAGE_SP1" : "02",
        "MANAGE_SP2" : "분기점",
        "DETAIL_SPO" : "분기점",
        "ETC_MATTER" : " ",
        "MNTN_NM" : "관모산",
        "PAST_SPOT_" : "2820003010021",
        "MNTN_ID" : "282000301"
      },
      "geometry" : {
        "x" : 178440.54638293572,
        "y" : 539399.83833187632
      }
    },
    {
      "attributes" : {
        "FID" : 21,
        "PMNTN_SPOT" : 6955,
        "MNTN_CODE" : "282000301",
        "MANAGE_SP1" : "02",
        "MANAGE_SP2" : "분기점",
        "DETAIL_SPO" : "분기점",
        "ETC_MATTER" : " ",
        "MNTN_NM" : "관모산",
        "PAST_SPOT_" : "2820003010022",
        "MNTN_ID" : "282000301"
      },
      "geometry" : {
        "x" : 178444.31800000183,
        "y" : 539396.36590000056
      }
    },
    {
      "attributes" : {
        "FID" : 22,
        "PMNTN_SPOT" : 6956,
        "MNTN_CODE" : "282000301",
        "MANAGE_SP1" : "02",
        "MANAGE_SP2" : "분기점",
        "DETAIL_SPO" : "분기점",
        "ETC_MATTER" : " ",
        "MNTN_NM" : "관모산",
        "PAST_SPOT_" : "2820003010023",
        "MNTN_ID" : "282000301"
      },
      "geometry" : {
        "x" : 178453.0027999999,
        "y" : 539503.71470000222
      }
    },
    {
      "attributes" : {
        "FID" : 23,
        "PMNTN_SPOT" : 6957,
        "MNTN_CODE" : "282000301",
        "MANAGE_SP1" : "02",
        "MANAGE_SP2" : "분기점",
        "DETAIL_SPO" : "분기점",
        "ETC_MATTER" : " ",
        "MNTN_NM" : "관모산",
        "PAST_SPOT_" : "2820003010024",
        "MNTN_ID" : "282000301"
      },
      "geometry" : {
        "x" : 178467.40130000003,
        "y" : 539020.73189999908
      }
    },
    {
      "attributes" : {
        "FID" : 24,
        "PMNTN_SPOT" : 6958,
        "MNTN_CODE" : "282000301",
        "MANAGE_SP1" : "01",
        "MANAGE_SP2" : "시종점",
        "DETAIL_SPO" : "시종점",
        "ETC_MATTER" : " ",
        "MNTN_NM" : "관모산",
        "PAST_SPOT_" : "2820003010025",
        "MNTN_ID" : "282000301"
      },
      "geometry" : {
        "x" : 178484.43300000206,
        "y" : 539080.10580000095
      }
    },
    {
      "attributes" : {
        "FID" : 25,
        "PMNTN_SPOT" : 6959,
        "MNTN_CODE" : "282000301",
        "MANAGE_SP1" : "02",
        "MANAGE_SP2" : "분기점",
        "DETAIL_SPO" : "분기점",
        "ETC_MATTER" : " ",
        "MNTN_NM" : "관모산",
        "PAST_SPOT_" : "2820003010026",
        "MNTN_ID" : "282000301"
      },
      "geometry" : {
        "x" : 178498.6340896422,
        "y" : 538822.68460755982
      }
    },
    {
      "attributes" : {
        "FID" : 26,
        "PMNTN_SPOT" : 6960,
        "MNTN_CODE" : "282000301",
        "MANAGE_SP1" : "02",
        "MANAGE_SP2" : "분기점",
        "DETAIL_SPO" : "분기점",
        "ETC_MATTER" : " ",
        "MNTN_NM" : "관모산",
        "PAST_SPOT_" : "2820003010027",
        "MNTN_ID" : "282000301"
      },
      "geometry" : {
        "x" : 178509.1464999998,
        "y" : 539340.43230000138
      }
    },
    {
      "attributes" : {
        "FID" : 27,
        "PMNTN_SPOT" : 6961,
        "MNTN_CODE" : "282000301",
        "MANAGE_SP1" : "02",
        "MANAGE_SP2" : "분기점",
        "DETAIL_SPO" : "분기점",
        "ETC_MATTER" : " ",
        "MNTN_NM" : "관모산",
        "PAST_SPOT_" : "2820003010028",
        "MNTN_ID" : "282000301"
      },
      "geometry" : {
        "x" : 178519.55350000039,
        "y" : 539170.4039000012
      }
    },
    {
      "attributes" : {
        "FID" : 28,
        "PMNTN_SPOT" : 6962,
        "MNTN_CODE" : "282000301",
        "MANAGE_SP1" : "01",
        "MANAGE_SP2" : "시종점",
        "DETAIL_SPO" : "시종점",
        "ETC_MATTER" : " ",
        "MNTN_NM" : "관모산",
        "PAST_SPOT_" : "2820003010029",
        "MNTN_ID" : "282000301"
      },
      "geometry" : {
        "x" : 178519.74607717339,
        "y" : 539667.18435178325
      }
    },
    {
      "attributes" : {
        "FID" : 29,
        "PMNTN_SPOT" : 6963,
        "MNTN_CODE" : "282000301",
        "MANAGE_SP1" : "02",
        "MANAGE_SP2" : "분기점",
        "DETAIL_SPO" : "분기점",
        "ETC_MATTER" : " ",
        "MNTN_NM" : "관모산",
        "PAST_SPOT_" : "2820003010030",
        "MNTN_ID" : "282000301"
      },
      "geometry" : {
        "x" : 178526.96540685371,
        "y" : 539656.51197709702
      }
    },
    {
      "attributes" : {
        "FID" : 30,
        "PMNTN_SPOT" : 6964,
        "MNTN_CODE" : "282000301",
        "MANAGE_SP1" : "02",
        "MANAGE_SP2" : "분기점",
        "DETAIL_SPO" : "분기점",
        "ETC_MATTER" : " ",
        "MNTN_NM" : "관모산",
        "PAST_SPOT_" : "2820003010031",
        "MNTN_ID" : "282000301"
      },
      "geometry" : {
        "x" : 178527.34690000024,
        "y" : 538864.43440000154
      }
    },
    {
      "attributes" : {
        "FID" : 31,
        "PMNTN_SPOT" : 6965,
        "MNTN_CODE" : "282000301",
        "MANAGE_SP1" : "02",
        "MANAGE_SP2" : "분기점",
        "DETAIL_SPO" : "분기점",
        "ETC_MATTER" : " ",
        "MNTN_NM" : "관모산",
        "PAST_SPOT_" : "2820003010032",
        "MNTN_ID" : "282000301"
      },
      "geometry" : {
        "x" : 178561.61639999971,
        "y" : 539601.89130000025
      }
    },
    {
      "attributes" : {
        "FID" : 32,
        "PMNTN_SPOT" : 6966,
        "MNTN_CODE" : "282000301",
        "MANAGE_SP1" : "02",
        "MANAGE_SP2" : "분기점",
        "DETAIL_SPO" : "분기점",
        "ETC_MATTER" : " ",
        "MNTN_NM" : "관모산",
        "PAST_SPOT_" : "2820003010033",
        "MNTN_ID" : "282000301"
      },
      "geometry" : {
        "x" : 178592.46103222854,
        "y" : 539612.48458349891
      }
    },
    {
      "attributes" : {
        "FID" : 33,
        "PMNTN_SPOT" : 6967,
        "MNTN_CODE" : "282000301",
        "MANAGE_SP1" : "02",
        "MANAGE_SP2" : "분기점",
        "DETAIL_SPO" : "분기점",
        "ETC_MATTER" : " ",
        "MNTN_NM" : "관모산",
        "PAST_SPOT_" : "2820003010034",
        "MNTN_ID" : "282000301"
      },
      "geometry" : {
        "x" : 178623.00412655436,
        "y" : 538984.9737210013
      }
    },
    {
      "attributes" : {
        "FID" : 34,
        "PMNTN_SPOT" : 6968,
        "MNTN_CODE" : "282000301",
        "MANAGE_SP1" : "02",
        "MANAGE_SP2" : "분기점",
        "DETAIL_SPO" : "분기점",
        "ETC_MATTER" : " ",
        "MNTN_NM" : "관모산",
        "PAST_SPOT_" : "2820003010035",
        "MNTN_ID" : "282000301"
      },
      "geometry" : {
        "x" : 178638.85940000042,
        "y" : 539468.98570000194
      }
    },
    {
      "attributes" : {
        "FID" : 35,
        "PMNTN_SPOT" : 6969,
        "MNTN_CODE" : "282000301",
        "MANAGE_SP1" : "02",
        "MANAGE_SP2" : "분기점",
        "DETAIL_SPO" : "분기점",
        "ETC_MATTER" : " ",
        "MNTN_NM" : "관모산",
        "PAST_SPOT_" : "2820003010036",
        "MNTN_ID" : "282000301"
      },
      "geometry" : {
        "x" : 178641.00030000042,
        "y" : 539238.83170000277
      }
    },
    {
      "attributes" : {
        "FID" : 36,
        "PMNTN_SPOT" : 6970,
        "MNTN_CODE" : "282000301",
        "MANAGE_SP1" : "02",
        "MANAGE_SP2" : "분기점",
        "DETAIL_SPO" : "분기점",
        "ETC_MATTER" : " ",
        "MNTN_NM" : "관모산",
        "PAST_SPOT_" : "2820003010037",
        "MNTN_ID" : "282000301"
      },
      "geometry" : {
        "x" : 178645.22339999955,
        "y" : 539385.67630000226
      }
    },
    {
      "attributes" : {
        "FID" : 37,
        "PMNTN_SPOT" : 6971,
        "MNTN_CODE" : "282000301",
        "MANAGE_SP1" : "02",
        "MANAGE_SP2" : "분기점",
        "DETAIL_SPO" : "분기점",
        "ETC_MATTER" : " ",
        "MNTN_NM" : "관모산",
        "PAST_SPOT_" : "2820003010038",
        "MNTN_ID" : "282000301"
      },
      "geometry" : {
        "x" : 178674.82600000128,
        "y" : 539369.07520000264
      }
    },
    {
      "attributes" : {
        "FID" : 38,
        "PMNTN_SPOT" : 6972,
        "MNTN_CODE" : "282000301",
        "MANAGE_SP1" : "02",
        "MANAGE_SP2" : "분기점",
        "DETAIL_SPO" : "분기점",
        "ETC_MATTER" : " ",
        "MNTN_NM" : "관모산",
        "PAST_SPOT_" : "2820003010039",
        "MNTN_ID" : "282000301"
      },
      "geometry" : {
        "x" : 178717.53634432238,
        "y" : 539279.79312457517
      }
    },
    {
      "attributes" : {
        "FID" : 39,
        "PMNTN_SPOT" : 6973,
        "MNTN_CODE" : "282000301",
        "MANAGE_SP1" : "02",
        "MANAGE_SP2" : "분기점",
        "DETAIL_SPO" : "분기점",
        "ETC_MATTER" : " ",
        "MNTN_NM" : "관모산",
        "PAST_SPOT_" : "2820003010040",
        "MNTN_ID" : "282000301"
      },
      "geometry" : {
        "x" : 178732.16249999963,
        "y" : 539263.82760000229
      }
    },
    {
      "attributes" : {
        "FID" : 40,
        "PMNTN_SPOT" : 6974,
        "MNTN_CODE" : "282000301",
        "MANAGE_SP1" : "02",
        "MANAGE_SP2" : "분기점",
        "DETAIL_SPO" : "분기점",
        "ETC_MATTER" : " ",
        "MNTN_NM" : "관모산",
        "PAST_SPOT_" : "2820003010041",
        "MNTN_ID" : "282000301"
      },
      "geometry" : {
        "x" : 178740.31390000042,
        "y" : 539377.42669999972
      }
    },
    {
      "attributes" : {
        "FID" : 41,
        "PMNTN_SPOT" : 6975,
        "MNTN_CODE" : "282000301",
        "MANAGE_SP1" : "02",
        "MANAGE_SP2" : "분기점",
        "DETAIL_SPO" : "분기점",
        "ETC_MATTER" : " ",
        "MNTN_NM" : "관모산",
        "PAST_SPOT_" : "2820003010042",
        "MNTN_ID" : "282000301"
      },
      "geometry" : {
        "x" : 178748.96410000138,
        "y" : 539255.66270000115
      }
    },
    {
      "attributes" : {
        "FID" : 42,
        "PMNTN_SPOT" : 6976,
        "MNTN_CODE" : "282000301",
        "MANAGE_SP1" : "02",
        "MANAGE_SP2" : "분기점",
        "DETAIL_SPO" : "분기점",
        "ETC_MATTER" : " ",
        "MNTN_NM" : "관모산",
        "PAST_SPOT_" : "2820003010043",
        "MNTN_ID" : "282000301"
      },
      "geometry" : {
        "x" : 178760.27804344427,
        "y" : 539258.62476624735
      }
    },
    {
      "attributes" : {
        "FID" : 43,
        "PMNTN_SPOT" : 6977,
        "MNTN_CODE" : "282000301",
        "MANAGE_SP1" : "02",
        "MANAGE_SP2" : "분기점",
        "DETAIL_SPO" : "분기점",
        "ETC_MATTER" : " ",
        "MNTN_NM" : "관모산",
        "PAST_SPOT_" : "2820003010044",
        "MNTN_ID" : "282000301"
      },
      "geometry" : {
        "x" : 178765.25800000131,
        "y" : 539296.01899999939
      }
    },
    {
      "attributes" : {
        "FID" : 44,
        "PMNTN_SPOT" : 6978,
        "MNTN_CODE" : "282000301",
        "MANAGE_SP1" : "02",
        "MANAGE_SP2" : "분기점",
        "DETAIL_SPO" : "분기점",
        "ETC_MATTER" : " ",
        "MNTN_NM" : "관모산",
        "PAST_SPOT_" : "2820003010045",
        "MNTN_ID" : "282000301"
      },
      "geometry" : {
        "x" : 178767.16810000129,
        "y" : 539266.01430000365
      }
    },
    {
      "attributes" : {
        "FID" : 45,
        "PMNTN_SPOT" : 6979,
        "MNTN_CODE" : "282000301",
        "MANAGE_SP1" : "02",
        "MANAGE_SP2" : "분기점",
        "DETAIL_SPO" : "분기점",
        "ETC_MATTER" : " ",
        "MNTN_NM" : "관모산",
        "PAST_SPOT_" : "2820003010046",
        "MNTN_ID" : "282000301"
      },
      "geometry" : {
        "x" : 178777.83922182303,
        "y" : 539017.73645084538
      }
    },
    {
      "attributes" : {
        "FID" : 46,
        "PMNTN_SPOT" : 6980,
        "MNTN_CODE" : "282000301",
        "MANAGE_SP1" : "02",
        "MANAGE_SP2" : "분기점",
        "DETAIL_SPO" : "분기점",
        "ETC_MATTER" : " ",
        "MNTN_NM" : "관모산",
        "PAST_SPOT_" : "2820003010047",
        "MNTN_ID" : "282000301"
      },
      "geometry" : {
        "x" : 178788.74810000136,
        "y" : 539111.55280000158
      }
    },
    {
      "attributes" : {
        "FID" : 47,
        "PMNTN_SPOT" : 6981,
        "MNTN_CODE" : "282000301",
        "MANAGE_SP1" : "02",
        "MANAGE_SP2" : "분기점",
        "DETAIL_SPO" : "분기점",
        "ETC_MATTER" : " ",
        "MNTN_NM" : "관모산",
        "PAST_SPOT_" : "2820003010048",
        "MNTN_ID" : "282000301"
      },
      "geometry" : {
        "x" : 178795.98780000117,
        "y" : 539302.68520000018
      }
    },
    {
      "attributes" : {
        "FID" : 48,
        "PMNTN_SPOT" : 6982,
        "MNTN_CODE" : "282000301",
        "MANAGE_SP1" : "02",
        "MANAGE_SP2" : "분기점",
        "DETAIL_SPO" : "분기점",
        "ETC_MATTER" : " ",
        "MNTN_NM" : "관모산",
        "PAST_SPOT_" : "2820003010049",
        "MNTN_ID" : "282000301"
      },
      "geometry" : {
        "x" : 178798.39300000109,
        "y" : 539179.38740000688
      }
    },
    {
      "attributes" : {
        "FID" : 49,
        "PMNTN_SPOT" : 6983,
        "MNTN_CODE" : "282000301",
        "MANAGE_SP1" : "02",
        "MANAGE_SP2" : "분기점",
        "DETAIL_SPO" : "분기점",
        "ETC_MATTER" : " ",
        "MNTN_NM" : "관모산",
        "PAST_SPOT_" : "2820003010050",
        "MNTN_ID" : "282000301"
      },
      "geometry" : {
        "x" : 178798.96649966575,
        "y" : 539245.46449076943
      }
    },
    {
      "attributes" : {
        "FID" : 50,
        "PMNTN_SPOT" : 6984,
        "MNTN_CODE" : "282000301",
        "MANAGE_SP1" : "02",
        "MANAGE_SP2" : "분기점",
        "DETAIL_SPO" : "분기점",
        "ETC_MATTER" : " ",
        "MNTN_NM" : "관모산",
        "PAST_SPOT_" : "2820003010051",
        "MNTN_ID" : "282000301"
      },
      "geometry" : {
        "x" : 178802.15808712225,
        "y" : 538782.14242780022
      }
    },
    {
      "attributes" : {
        "FID" : 51,
        "PMNTN_SPOT" : 6985,
        "MNTN_CODE" : "282000301",
        "MANAGE_SP1" : "02",
        "MANAGE_SP2" : "분기점",
        "DETAIL_SPO" : "분기점",
        "ETC_MATTER" : " ",
        "MNTN_NM" : "관모산",
        "PAST_SPOT_" : "2820003010052",
        "MNTN_ID" : "282000301"
      },
      "geometry" : {
        "x" : 178817.38019999955,
        "y" : 539372.08290000074
      }
    },
    {
      "attributes" : {
        "FID" : 52,
        "PMNTN_SPOT" : 6986,
        "MNTN_CODE" : "282000301",
        "MANAGE_SP1" : "02",
        "MANAGE_SP2" : "분기점",
        "DETAIL_SPO" : "분기점",
        "ETC_MATTER" : " ",
        "MNTN_NM" : "관모산",
        "PAST_SPOT_" : "2820003010053",
        "MNTN_ID" : "282000301"
      },
      "geometry" : {
        "x" : 178821.00160000008,
        "y" : 539160.99819999933
      }
    },
    {
      "attributes" : {
        "FID" : 53,
        "PMNTN_SPOT" : 6987,
        "MNTN_CODE" : "282000301",
        "MANAGE_SP1" : "02",
        "MANAGE_SP2" : "분기점",
        "DETAIL_SPO" : "분기점",
        "ETC_MATTER" : " ",
        "MNTN_NM" : "관모산",
        "PAST_SPOT_" : "2820003010054",
        "MNTN_ID" : "282000301"
      },
      "geometry" : {
        "x" : 178843.32079999987,
        "y" : 539291.43080000021
      }
    },
    {
      "attributes" : {
        "FID" : 54,
        "PMNTN_SPOT" : 6988,
        "MNTN_CODE" : "282000301",
        "MANAGE_SP1" : "02",
        "MANAGE_SP2" : "분기점",
        "DETAIL_SPO" : "분기점",
        "ETC_MATTER" : " ",
        "MNTN_NM" : "관모산",
        "PAST_SPOT_" : "2820003010055",
        "MNTN_ID" : "282000301"
      },
      "geometry" : {
        "x" : 178845.56549999956,
        "y" : 539104.10060000233
      }
    },
    {
      "attributes" : {
        "FID" : 55,
        "PMNTN_SPOT" : 6989,
        "MNTN_CODE" : "282000301",
        "MANAGE_SP1" : "02",
        "MANAGE_SP2" : "분기점",
        "DETAIL_SPO" : "분기점",
        "ETC_MATTER" : " ",
        "MNTN_NM" : "관모산",
        "PAST_SPOT_" : "2820003010056",
        "MNTN_ID" : "282000301"
      },
      "geometry" : {
        "x" : 178847.63609999977,
        "y" : 539138.12830000184
      }
    },
    {
      "attributes" : {
        "FID" : 56,
        "PMNTN_SPOT" : 6990,
        "MNTN_CODE" : "282000301",
        "MANAGE_SP1" : "02",
        "MANAGE_SP2" : "분기점",
        "DETAIL_SPO" : "분기점",
        "ETC_MATTER" : " ",
        "MNTN_NM" : "관모산",
        "PAST_SPOT_" : "2820003010057",
        "MNTN_ID" : "282000301"
      },
      "geometry" : {
        "x" : 178860.79129999969,
        "y" : 539290.18960000388
      }
    },
    {
      "attributes" : {
        "FID" : 57,
        "PMNTN_SPOT" : 6991,
        "MNTN_CODE" : "282000301",
        "MANAGE_SP1" : "02",
        "MANAGE_SP2" : "분기점",
        "DETAIL_SPO" : "분기점",
        "ETC_MATTER" : " ",
        "MNTN_NM" : "관모산",
        "PAST_SPOT_" : "2820003010058",
        "MNTN_ID" : "282000301"
      },
      "geometry" : {
        "x" : 178872.11220000125,
        "y" : 539192.03460000455
      }
    },
    {
      "attributes" : {
        "FID" : 58,
        "PMNTN_SPOT" : 6992,
        "MNTN_CODE" : "282000301",
        "MANAGE_SP1" : "02",
        "MANAGE_SP2" : "분기점",
        "DETAIL_SPO" : "분기점",
        "ETC_MATTER" : " ",
        "MNTN_NM" : "관모산",
        "PAST_SPOT_" : "2820003010059",
        "MNTN_ID" : "282000301"
      },
      "geometry" : {
        "x" : 178891.76671430469,
        "y" : 539228.59422769956
      }
    },
    {
      "attributes" : {
        "FID" : 59,
        "PMNTN_SPOT" : 6993,
        "MNTN_CODE" : "282000301",
        "MANAGE_SP1" : "02",
        "MANAGE_SP2" : "분기점",
        "DETAIL_SPO" : "분기점",
        "ETC_MATTER" : " ",
        "MNTN_NM" : "관모산",
        "PAST_SPOT_" : "2820003010060",
        "MNTN_ID" : "282000301"
      },
      "geometry" : {
        "x" : 178918.31780000031,
        "y" : 539251.80910000205
      }
    },
    {
      "attributes" : {
        "FID" : 60,
        "PMNTN_SPOT" : 6994,
        "MNTN_CODE" : "282000301",
        "MANAGE_SP1" : "02",
        "MANAGE_SP2" : "분기점",
        "DETAIL_SPO" : "분기점",
        "ETC_MATTER" : " ",
        "MNTN_NM" : "관모산",
        "PAST_SPOT_" : "2820003010061",
        "MNTN_ID" : "282000301"
      },
      "geometry" : {
        "x" : 178918.34661357291,
        "y" : 539223.73072420992
      }
    },
    {
      "attributes" : {
        "FID" : 61,
        "PMNTN_SPOT" : 6995,
        "MNTN_CODE" : "282000301",
        "MANAGE_SP1" : "02",
        "MANAGE_SP2" : "분기점",
        "DETAIL_SPO" : "분기점",
        "ETC_MATTER" : " ",
        "MNTN_NM" : "관모산",
        "PAST_SPOT_" : "2820003010062",
        "MNTN_ID" : "282000301"
      },
      "geometry" : {
        "x" : 178922.62689999957,
        "y" : 539241.07670000196
      }
    },
    {
      "attributes" : {
        "FID" : 62,
        "PMNTN_SPOT" : 6996,
        "MNTN_CODE" : "282000301",
        "MANAGE_SP1" : "02",
        "MANAGE_SP2" : "분기점",
        "DETAIL_SPO" : "분기점",
        "ETC_MATTER" : " ",
        "MNTN_NM" : "관모산",
        "PAST_SPOT_" : "2820003010063",
        "MNTN_ID" : "282000301"
      },
      "geometry" : {
        "x" : 178923.26768663619,
        "y" : 538945.27155086398
      }
    },
    {
      "attributes" : {
        "FID" : 63,
        "PMNTN_SPOT" : 6997,
        "MNTN_CODE" : "282000301",
        "MANAGE_SP1" : "02",
        "MANAGE_SP2" : "분기점",
        "DETAIL_SPO" : "분기점",
        "ETC_MATTER" : " ",
        "MNTN_NM" : "관모산",
        "PAST_SPOT_" : "2820003010064",
        "MNTN_ID" : "282000301"
      },
      "geometry" : {
        "x" : 178928.7510000011,
        "y" : 539265.3711000029
      }
    },
    {
      "attributes" : {
        "FID" : 64,
        "PMNTN_SPOT" : 6998,
        "MNTN_CODE" : "282000301",
        "MANAGE_SP1" : "02",
        "MANAGE_SP2" : "분기점",
        "DETAIL_SPO" : "분기점",
        "ETC_MATTER" : " ",
        "MNTN_NM" : "관모산",
        "PAST_SPOT_" : "2820003010065",
        "MNTN_ID" : "282000301"
      },
      "geometry" : {
        "x" : 178946.19330000039,
        "y" : 539324.99300000258
      }
    },
    {
      "attributes" : {
        "FID" : 65,
        "PMNTN_SPOT" : 6999,
        "MNTN_CODE" : "282000301",
        "MANAGE_SP1" : "02",
        "MANAGE_SP2" : "분기점",
        "DETAIL_SPO" : "분기점",
        "ETC_MATTER" : " ",
        "MNTN_NM" : "관모산",
        "PAST_SPOT_" : "2820003010066",
        "MNTN_ID" : "282000301"
      },
      "geometry" : {
        "x" : 178948.40302863065,
        "y" : 538992.06900130212
      }
    },
    {
      "attributes" : {
        "FID" : 66,
        "PMNTN_SPOT" : 7000,
        "MNTN_CODE" : "282000301",
        "MANAGE_SP1" : "02",
        "MANAGE_SP2" : "분기점",
        "DETAIL_SPO" : "분기점",
        "ETC_MATTER" : " ",
        "MNTN_NM" : "관모산",
        "PAST_SPOT_" : "2820003010067",
        "MNTN_ID" : "282000301"
      },
      "geometry" : {
        "x" : 178970.4971000012,
        "y" : 539317.11800000258
      }
    },
    {
      "attributes" : {
        "FID" : 67,
        "PMNTN_SPOT" : 7001,
        "MNTN_CODE" : "282000301",
        "MANAGE_SP1" : "02",
        "MANAGE_SP2" : "분기점",
        "DETAIL_SPO" : "분기점",
        "ETC_MATTER" : " ",
        "MNTN_NM" : "관모산",
        "PAST_SPOT_" : "2820003010068",
        "MNTN_ID" : "282000301"
      },
      "geometry" : {
        "x" : 178979.68842935655,
        "y" : 539585.86006125994
      }
    },
    {
      "attributes" : {
        "FID" : 68,
        "PMNTN_SPOT" : 7002,
        "MNTN_CODE" : "282000301",
        "MANAGE_SP1" : "02",
        "MANAGE_SP2" : "분기점",
        "DETAIL_SPO" : "분기점",
        "ETC_MATTER" : " ",
        "MNTN_NM" : "관모산",
        "PAST_SPOT_" : "2820003010069",
        "MNTN_ID" : "282000301"
      },
      "geometry" : {
        "x" : 178984.80500000156,
        "y" : 539451.93050000072
      }
    },
    {
      "attributes" : {
        "FID" : 69,
        "PMNTN_SPOT" : 7003,
        "MNTN_CODE" : "282000301",
        "MANAGE_SP1" : "02",
        "MANAGE_SP2" : "분기점",
        "DETAIL_SPO" : "분기점",
        "ETC_MATTER" : " ",
        "MNTN_NM" : "관모산",
        "PAST_SPOT_" : "2820003010070",
        "MNTN_ID" : "282000301"
      },
      "geometry" : {
        "x" : 179004.94656057376,
        "y" : 539111.2688485235
      }
    },
    {
      "attributes" : {
        "FID" : 70,
        "PMNTN_SPOT" : 7004,
        "MNTN_CODE" : "282000301",
        "MANAGE_SP1" : "01",
        "MANAGE_SP2" : "시종점",
        "DETAIL_SPO" : "시종점",
        "ETC_MATTER" : " ",
        "MNTN_NM" : "관모산",
        "PAST_SPOT_" : "2820003010071",
        "MNTN_ID" : "282000301"
      },
      "geometry" : {
        "x" : 179031.77580000088,
        "y" : 539876.01549999975
      }
    },
    {
      "attributes" : {
        "FID" : 71,
        "PMNTN_SPOT" : 7005,
        "MNTN_CODE" : "282000301",
        "MANAGE_SP1" : "01",
        "MANAGE_SP2" : "시종점",
        "DETAIL_SPO" : "시종점",
        "ETC_MATTER" : " ",
        "MNTN_NM" : "관모산",
        "PAST_SPOT_" : "2820003010072",
        "MNTN_ID" : "282000301"
      },
      "geometry" : {
        "x" : 179046.74030000065,
        "y" : 539881.39270000346
      }
    },
    {
      "attributes" : {
        "FID" : 72,
        "PMNTN_SPOT" : 7006,
        "MNTN_CODE" : "282000301",
        "MANAGE_SP1" : "02",
        "MANAGE_SP2" : "분기점",
        "DETAIL_SPO" : "분기점",
        "ETC_MATTER" : " ",
        "MNTN_NM" : "관모산",
        "PAST_SPOT_" : "2820003010073",
        "MNTN_ID" : "282000301"
      },
      "geometry" : {
        "x" : 179048.97810000088,
        "y" : 539728.52669999935
      }
    },
    {
      "attributes" : {
        "FID" : 73,
        "PMNTN_SPOT" : 7007,
        "MNTN_CODE" : "282000301",
        "MANAGE_SP1" : "02",
        "MANAGE_SP2" : "분기점",
        "DETAIL_SPO" : "분기점",
        "ETC_MATTER" : " ",
        "MNTN_NM" : "관모산",
        "PAST_SPOT_" : "2820003010074",
        "MNTN_ID" : "282000301"
      },
      "geometry" : {
        "x" : 179049.81549999956,
        "y" : 539405.83240000159
      }
    },
    {
      "attributes" : {
        "FID" : 74,
        "PMNTN_SPOT" : 7008,
        "MNTN_CODE" : "282000301",
        "MANAGE_SP1" : "02",
        "MANAGE_SP2" : "분기점",
        "DETAIL_SPO" : "분기점",
        "ETC_MATTER" : " ",
        "MNTN_NM" : "관모산",
        "PAST_SPOT_" : "2820003010075",
        "MNTN_ID" : "282000301"
      },
      "geometry" : {
        "x" : 179049.95095071103,
        "y" : 539222.11931966245
      }
    },
    {
      "attributes" : {
        "FID" : 75,
        "PMNTN_SPOT" : 7009,
        "MNTN_CODE" : "282000301",
        "MANAGE_SP1" : "02",
        "MANAGE_SP2" : "분기점",
        "DETAIL_SPO" : "분기점",
        "ETC_MATTER" : " ",
        "MNTN_NM" : "관모산",
        "PAST_SPOT_" : "2820003010076",
        "MNTN_ID" : "282000301"
      },
      "geometry" : {
        "x" : 179050.41149652004,
        "y" : 539516.52580202371
      }
    },
    {
      "attributes" : {
        "FID" : 76,
        "PMNTN_SPOT" : 7010,
        "MNTN_CODE" : "282000301",
        "MANAGE_SP1" : "02",
        "MANAGE_SP2" : "분기점",
        "DETAIL_SPO" : "분기점",
        "ETC_MATTER" : " ",
        "MNTN_NM" : "관모산",
        "PAST_SPOT_" : "2820003010077",
        "MNTN_ID" : "282000301"
      },
      "geometry" : {
        "x" : 179050.87030000333,
        "y" : 539685.83190000243
      }
    },
    {
      "attributes" : {
        "FID" : 77,
        "PMNTN_SPOT" : 7011,
        "MNTN_CODE" : "282000301",
        "MANAGE_SP1" : "02",
        "MANAGE_SP2" : "분기점",
        "DETAIL_SPO" : "분기점",
        "ETC_MATTER" : " ",
        "MNTN_NM" : "관모산",
        "PAST_SPOT_" : "2820003010078",
        "MNTN_ID" : "282000301"
      },
      "geometry" : {
        "x" : 179053.82880000211,
        "y" : 539714.81310000271
      }
    },
    {
      "attributes" : {
        "FID" : 78,
        "PMNTN_SPOT" : 7012,
        "MNTN_CODE" : "282000301",
        "MANAGE_SP1" : "02",
        "MANAGE_SP2" : "분기점",
        "DETAIL_SPO" : "분기점",
        "ETC_MATTER" : " ",
        "MNTN_NM" : "관모산",
        "PAST_SPOT_" : "2820003010079",
        "MNTN_ID" : "282000301"
      },
      "geometry" : {
        "x" : 179063.0708999997,
        "y" : 539453.17600000463
      }
    },
    {
      "attributes" : {
        "FID" : 79,
        "PMNTN_SPOT" : 7013,
        "MNTN_CODE" : "282000301",
        "MANAGE_SP1" : "02",
        "MANAGE_SP2" : "분기점",
        "DETAIL_SPO" : "분기점",
        "ETC_MATTER" : " ",
        "MNTN_NM" : "관모산",
        "PAST_SPOT_" : "2820003010080",
        "MNTN_ID" : "282000301"
      },
      "geometry" : {
        "x" : 179071.51870000083,
        "y" : 539747.19860000163
      }
    },
    {
      "attributes" : {
        "FID" : 80,
        "PMNTN_SPOT" : 7014,
        "MNTN_CODE" : "282000301",
        "MANAGE_SP1" : "02",
        "MANAGE_SP2" : "분기점",
        "DETAIL_SPO" : "분기점",
        "ETC_MATTER" : " ",
        "MNTN_NM" : "관모산",
        "PAST_SPOT_" : "2820003010081",
        "MNTN_ID" : "282000301"
      },
      "geometry" : {
        "x" : 179074.48010000028,
        "y" : 539424.22230000049
      }
    },
    {
      "attributes" : {
        "FID" : 81,
        "PMNTN_SPOT" : 7015,
        "MNTN_CODE" : "282000301",
        "MANAGE_SP1" : "02",
        "MANAGE_SP2" : "분기점",
        "DETAIL_SPO" : "분기점",
        "ETC_MATTER" : " ",
        "MNTN_NM" : "관모산",
        "PAST_SPOT_" : "2820003010082",
        "MNTN_ID" : "282000301"
      },
      "geometry" : {
        "x" : 179075.81803508382,
        "y" : 539487.44571865909
      }
    },
    {
      "attributes" : {
        "FID" : 82,
        "PMNTN_SPOT" : 7016,
        "MNTN_CODE" : "282000301",
        "MANAGE_SP1" : "01",
        "MANAGE_SP2" : "시종점",
        "DETAIL_SPO" : "시종점",
        "ETC_MATTER" : " ",
        "MNTN_NM" : "관모산",
        "PAST_SPOT_" : "2820003010083",
        "MNTN_ID" : "282000301"
      },
      "geometry" : {
        "x" : 179091.4076000005,
        "y" : 538568.39650000446
      }
    },
    {
      "attributes" : {
        "FID" : 83,
        "PMNTN_SPOT" : 7017,
        "MNTN_CODE" : "282000301",
        "MANAGE_SP1" : "02",
        "MANAGE_SP2" : "분기점",
        "DETAIL_SPO" : "분기점",
        "ETC_MATTER" : " ",
        "MNTN_NM" : "관모산",
        "PAST_SPOT_" : "2820003010084",
        "MNTN_ID" : "282000301"
      },
      "geometry" : {
        "x" : 179116.64840943459,
        "y" : 539413.87781069428
      }
    },
    {
      "attributes" : {
        "FID" : 84,
        "PMNTN_SPOT" : 7018,
        "MNTN_CODE" : "282000301",
        "MANAGE_SP1" : "02",
        "MANAGE_SP2" : "분기점",
        "DETAIL_SPO" : "분기점",
        "ETC_MATTER" : " ",
        "MNTN_NM" : "관모산",
        "PAST_SPOT_" : "2820003010085",
        "MNTN_ID" : "282000301"
      },
      "geometry" : {
        "x" : 179128.56550517585,
        "y" : 539410.18542730808
      }
    },
    {
      "attributes" : {
        "FID" : 85,
        "PMNTN_SPOT" : 7019,
        "MNTN_CODE" : "282000301",
        "MANAGE_SP1" : "02",
        "MANAGE_SP2" : "분기점",
        "DETAIL_SPO" : "분기점",
        "ETC_MATTER" : " ",
        "MNTN_NM" : "관모산",
        "PAST_SPOT_" : "2820003010086",
        "MNTN_ID" : "282000301"
      },
      "geometry" : {
        "x" : 179136.78804007452,
        "y" : 539342.58914969303
      }
    },
    {
      "attributes" : {
        "FID" : 86,
        "PMNTN_SPOT" : 7020,
        "MNTN_CODE" : "282000301",
        "MANAGE_SP1" : "02",
        "MANAGE_SP2" : "분기점",
        "DETAIL_SPO" : "분기점",
        "ETC_MATTER" : " ",
        "MNTN_NM" : "관모산",
        "PAST_SPOT_" : "2820003010087",
        "MNTN_ID" : "282000301"
      },
      "geometry" : {
        "x" : 179235.51102556195,
        "y" : 539438.51167069562
      }
    },
    {
      "attributes" : {
        "FID" : 87,
        "PMNTN_SPOT" : 7021,
        "MNTN_CODE" : "282000301",
        "MANAGE_SP1" : "01",
        "MANAGE_SP2" : "시종점",
        "DETAIL_SPO" : "시종점",
        "ETC_MATTER" : " ",
        "MNTN_NM" : "관모산",
        "PAST_SPOT_" : "2820003010088",
        "MNTN_ID" : "282000301"
      },
      "geometry" : {
        "x" : 179290.74712162092,
        "y" : 538791.92115706764
      }
    },
    {
      "attributes" : {
        "FID" : 88,
        "PMNTN_SPOT" : 7022,
        "MNTN_CODE" : "282000301",
        "MANAGE_SP1" : "01",
        "MANAGE_SP2" : "시종점",
        "DETAIL_SPO" : "시종점",
        "ETC_MATTER" : " ",
        "MNTN_NM" : "관모산",
        "PAST_SPOT_" : "2820003010089",
        "MNTN_ID" : "282000301"
      },
      "geometry" : {
        "x" : 179302.60290000215,
        "y" : 539889.94430000149
      }
    },
    {
      "attributes" : {
        "FID" : 89,
        "PMNTN_SPOT" : 95949,
        "MNTN_CODE" : "282000301",
        "MANAGE_SP1" : "10",
        "MANAGE_SP2" : "이정표",
        "DETAIL_SPO" : "이정표",
        "ETC_MATTER" : " ",
        "MNTN_NM" : "관모산",
        "PAST_SPOT_" : "2820003010090",
        "MNTN_ID" : "282000301"
      },
      "geometry" : {
        "x" : 178381.01709999915,
        "y" : 538868.94160000025
      }
    },
    {
      "attributes" : {
        "FID" : 90,
        "PMNTN_SPOT" : 95950,
        "MNTN_CODE" : "282000301",
        "MANAGE_SP1" : "04",
        "MANAGE_SP2" : "화장실",
        "DETAIL_SPO" : "화장실",
        "ETC_MATTER" : " ",
        "MNTN_NM" : "관모산",
        "PAST_SPOT_" : "2820003010091",
        "MNTN_ID" : "282000301"
      },
      "geometry" : {
        "x" : 178398.48200000083,
        "y" : 538836.74570000044
      }
    },
    {
      "attributes" : {
        "FID" : 91,
        "PMNTN_SPOT" : 95951,
        "MNTN_CODE" : "282000301",
        "MANAGE_SP1" : "10",
        "MANAGE_SP2" : "이정표",
        "DETAIL_SPO" : "이정표",
        "ETC_MATTER" : " ",
        "MNTN_NM" : "관모산",
        "PAST_SPOT_" : "2820003010092",
        "MNTN_ID" : "282000301"
      },
      "geometry" : {
        "x" : 178485.78940000103,
        "y" : 538826.58469999919
      }
    },
    {
      "attributes" : {
        "FID" : 92,
        "PMNTN_SPOT" : 95952,
        "MNTN_CODE" : "282000301",
        "MANAGE_SP1" : "15",
        "MANAGE_SP2" : "훼손지",
        "DETAIL_SPO" : "훼손지",
        "ETC_MATTER" : " ",
        "MNTN_NM" : "관모산",
        "PAST_SPOT_" : "2820003010093",
        "MNTN_ID" : "282000301"
      },
      "geometry" : {
        "x" : 178567.2159000005,
        "y" : 538813.69529999944
      }
    },
    {
      "attributes" : {
        "FID" : 93,
        "PMNTN_SPOT" : 95954,
        "MNTN_CODE" : "282000301",
        "MANAGE_SP1" : "15",
        "MANAGE_SP2" : "훼손지",
        "DETAIL_SPO" : "훼손지",
        "ETC_MATTER" : " ",
        "MNTN_NM" : "관모산",
        "PAST_SPOT_" : "2820003010094",
        "MNTN_ID" : "282000301"
      },
      "geometry" : {
        "x" : 178665.26469999948,
        "y" : 538804.05749999953
      }
    },
    {
      "attributes" : {
        "FID" : 94,
        "PMNTN_SPOT" : 95955,
        "MNTN_CODE" : "282000301",
        "MANAGE_SP1" : "05",
        "MANAGE_SP2" : "벤치",
        "DETAIL_SPO" : "벤치",
        "ETC_MATTER" : " ",
        "MNTN_NM" : "관모산",
        "PAST_SPOT_" : "2820003010095",
        "MNTN_ID" : "282000301"
      },
      "geometry" : {
        "x" : 179061.41769999915,
        "y" : 539262.79939999944
      }
    },
    {
      "attributes" : {
        "FID" : 95,
        "PMNTN_SPOT" : 95956,
        "MNTN_CODE" : "282000301",
        "MANAGE_SP1" : "14",
        "MANAGE_SP2" : "조망점",
        "DETAIL_SPO" : "조망점",
        "ETC_MATTER" : " ",
        "MNTN_NM" : "관모산",
        "PAST_SPOT_" : "2820003010096",
        "MNTN_ID" : "282000301"
      },
      "geometry" : {
        "x" : 178975.74779999926,
        "y" : 539588.56760000042
      }
    },
    {
      "attributes" : {
        "FID" : 96,
        "PMNTN_SPOT" : 95957,
        "MNTN_CODE" : "282000301",
        "MANAGE_SP1" : "14",
        "MANAGE_SP2" : "조망점",
        "DETAIL_SPO" : "조망점",
        "ETC_MATTER" : " ",
        "MNTN_NM" : "관모산",
        "PAST_SPOT_" : "2820003010097",
        "MNTN_ID" : "282000301"
      },
      "geometry" : {
        "x" : 179016.93889999934,
        "y" : 539627.48000000056
      }
    },
    {
      "attributes" : {
        "FID" : 97,
        "PMNTN_SPOT" : 95958,
        "MNTN_CODE" : "282000301",
        "MANAGE_SP1" : "15",
        "MANAGE_SP2" : "훼손지",
        "DETAIL_SPO" : "훼손지",
        "ETC_MATTER" : " ",
        "MNTN_NM" : "관모산",
        "PAST_SPOT_" : "2820003010098",
        "MNTN_ID" : "282000301"
      },
      "geometry" : {
        "x" : 179026.48970000024,
        "y" : 539653.5598000004
      }
    },
    {
      "attributes" : {
        "FID" : 98,
        "PMNTN_SPOT" : 95959,
        "MNTN_CODE" : "282000301",
        "MANAGE_SP1" : "05",
        "MANAGE_SP2" : "벤치",
        "DETAIL_SPO" : "벤치",
        "ETC_MATTER" : " ",
        "MNTN_NM" : "관모산",
        "PAST_SPOT_" : "2820003010099",
        "MNTN_ID" : "282000301"
      },
      "geometry" : {
        "x" : 178857.01019999984,
        "y" : 539575.15540000028
      }
    },
    {
      "attributes" : {
        "FID" : 99,
        "PMNTN_SPOT" : 95960,
        "MNTN_CODE" : "282000301",
        "MANAGE_SP1" : "11",
        "MANAGE_SP2" : "안내판또는지도",
        "DETAIL_SPO" : "안내판또는지도",
        "ETC_MATTER" : " ",
        "MNTN_NM" : "관모산",
        "PAST_SPOT_" : "2820003010100",
        "MNTN_ID" : "282000301"
      },
      "geometry" : {
        "x" : 178629.46740000014,
        "y" : 539610.38839999971
      }
    },
    {
      "attributes" : {
        "FID" : 100,
        "PMNTN_SPOT" : 95961,
        "MNTN_CODE" : "282000301",
        "MANAGE_SP1" : "10",
        "MANAGE_SP2" : "이정표",
        "DETAIL_SPO" : "이정표",
        "ETC_MATTER" : " ",
        "MNTN_NM" : "관모산",
        "PAST_SPOT_" : "2820003010101",
        "MNTN_ID" : "282000301"
      },
      "geometry" : {
        "x" : 178588.05980000019,
        "y" : 539609.22010000038
      }
    },
    {
      "attributes" : {
        "FID" : 101,
        "PMNTN_SPOT" : 95962,
        "MNTN_CODE" : "282000301",
        "MANAGE_SP1" : "11",
        "MANAGE_SP2" : "안내판또는지도",
        "DETAIL_SPO" : "안내판또는지도",
        "ETC_MATTER" : " ",
        "MNTN_NM" : "관모산",
        "PAST_SPOT_" : "2820003010102",
        "MNTN_ID" : "282000301"
      },
      "geometry" : {
        "x" : 178650.19100000072,
        "y" : 539585.4131000007
      }
    },
    {
      "attributes" : {
        "FID" : 102,
        "PMNTN_SPOT" : 95963,
        "MNTN_CODE" : "282000301",
        "MANAGE_SP1" : "05",
        "MANAGE_SP2" : "벤치",
        "DETAIL_SPO" : "벤치",
        "ETC_MATTER" : " ",
        "MNTN_NM" : "관모산",
        "PAST_SPOT_" : "2820003010103",
        "MNTN_ID" : "282000301"
      },
      "geometry" : {
        "x" : 178689.64170000027,
        "y" : 539499.87489999994
      }
    },
    {
      "attributes" : {
        "FID" : 103,
        "PMNTN_SPOT" : 95964,
        "MNTN_CODE" : "282000301",
        "MANAGE_SP1" : "10",
        "MANAGE_SP2" : "이정표",
        "DETAIL_SPO" : "이정표",
        "ETC_MATTER" : " ",
        "MNTN_NM" : "관모산",
        "PAST_SPOT_" : "2820003010104",
        "MNTN_ID" : "282000301"
      },
      "geometry" : {
        "x" : 178634.24070000014,
        "y" : 539467.4752999997
      }
    },
    {
      "attributes" : {
        "FID" : 104,
        "PMNTN_SPOT" : 95965,
        "MNTN_CODE" : "282000301",
        "MANAGE_SP1" : "10",
        "MANAGE_SP2" : "이정표",
        "DETAIL_SPO" : "이정표",
        "ETC_MATTER" : " ",
        "MNTN_NM" : "관모산",
        "PAST_SPOT_" : "2820003010105",
        "MNTN_ID" : "282000301"
      },
      "geometry" : {
        "x" : 178653.02039999893,
        "y" : 539418.83849999995
      }
    },
    {
      "attributes" : {
        "FID" : 105,
        "PMNTN_SPOT" : 95966,
        "MNTN_CODE" : "282000301",
        "MANAGE_SP1" : "05",
        "MANAGE_SP2" : "벤치",
        "DETAIL_SPO" : "벤치",
        "ETC_MATTER" : " ",
        "MNTN_NM" : "관모산",
        "PAST_SPOT_" : "2820003010106",
        "MNTN_ID" : "282000301"
      },
      "geometry" : {
        "x" : 178707.62870000099,
        "y" : 539448.60749999969
      }
    },
    {
      "attributes" : {
        "FID" : 106,
        "PMNTN_SPOT" : 95967,
        "MNTN_CODE" : "282000301",
        "MANAGE_SP1" : "15",
        "MANAGE_SP2" : "훼손지",
        "DETAIL_SPO" : "훼손지",
        "ETC_MATTER" : " ",
        "MNTN_NM" : "관모산",
        "PAST_SPOT_" : "2820003010107",
        "MNTN_ID" : "282000301"
      },
      "geometry" : {
        "x" : 178921.76059999914,
        "y" : 539434.11869999964
      }
    },
    {
      "attributes" : {
        "FID" : 107,
        "PMNTN_SPOT" : 95968,
        "MNTN_CODE" : "282000301",
        "MANAGE_SP1" : "07",
        "MANAGE_SP2" : "시설물(운동기구 등)",
        "DETAIL_SPO" : "시설물(운동기구등)",
        "ETC_MATTER" : " ",
        "MNTN_NM" : "관모산",
        "PAST_SPOT_" : "2820003010108",
        "MNTN_ID" : "282000301"
      },
      "geometry" : {
        "x" : 179020.69840000075,
        "y" : 539358.97220000101
      }
    },
    {
      "attributes" : {
        "FID" : 108,
        "PMNTN_SPOT" : 95969,
        "MNTN_CODE" : "282000301",
        "MANAGE_SP1" : "05",
        "MANAGE_SP2" : "벤치",
        "DETAIL_SPO" : "벤치",
        "ETC_MATTER" : " ",
        "MNTN_NM" : "관모산",
        "PAST_SPOT_" : "2820003010109",
        "MNTN_ID" : "282000301"
      },
      "geometry" : {
        "x" : 178846.30630000029,
        "y" : 539243.80619999999
      }
    },
    {
      "attributes" : {
        "FID" : 109,
        "PMNTN_SPOT" : 95970,
        "MNTN_CODE" : "282000301",
        "MANAGE_SP1" : "06",
        "MANAGE_SP2" : "음수대",
        "DETAIL_SPO" : "음수대",
        "ETC_MATTER" : " ",
        "MNTN_NM" : "관모산",
        "PAST_SPOT_" : "2820003010110",
        "MNTN_ID" : "282000301"
      },
      "geometry" : {
        "x" : 178825.4231999992,
        "y" : 539247.40359999996
      }
    },
    {
      "attributes" : {
        "FID" : 110,
        "PMNTN_SPOT" : 95971,
        "MNTN_CODE" : "282000301",
        "MANAGE_SP1" : "06",
        "MANAGE_SP2" : "음수대",
        "DETAIL_SPO" : "음수대",
        "ETC_MATTER" : " ",
        "MNTN_NM" : "관모산",
        "PAST_SPOT_" : "2820003010111",
        "MNTN_ID" : "282000301"
      },
      "geometry" : {
        "x" : 178804.64919999926,
        "y" : 539247.27040000109
      }
    },
    {
      "attributes" : {
        "FID" : 111,
        "PMNTN_SPOT" : 95972,
        "MNTN_CODE" : "282000301",
        "MANAGE_SP1" : "05",
        "MANAGE_SP2" : "벤치",
        "DETAIL_SPO" : "벤치",
        "ETC_MATTER" : " ",
        "MNTN_NM" : "관모산",
        "PAST_SPOT_" : "2820003010112",
        "MNTN_ID" : "282000301"
      },
      "geometry" : {
        "x" : 178760.77520000079,
        "y" : 539309.2365000007
      }
    },
    {
      "attributes" : {
        "FID" : 112,
        "PMNTN_SPOT" : 95973,
        "MNTN_CODE" : "282000301",
        "MANAGE_SP1" : "05",
        "MANAGE_SP2" : "벤치",
        "DETAIL_SPO" : "벤치",
        "ETC_MATTER" : " ",
        "MNTN_NM" : "관모산",
        "PAST_SPOT_" : "2820003010113",
        "MNTN_ID" : "282000301"
      },
      "geometry" : {
        "x" : 178809.16789999872,
        "y" : 539297.69889999996
      }
    },
    {
      "attributes" : {
        "FID" : 113,
        "PMNTN_SPOT" : 95974,
        "MNTN_CODE" : "282000301",
        "MANAGE_SP1" : "15",
        "MANAGE_SP2" : "훼손지",
        "DETAIL_SPO" : "훼손지",
        "ETC_MATTER" : " ",
        "MNTN_NM" : "관모산",
        "PAST_SPOT_" : "2820003010114",
        "MNTN_ID" : "282000301"
      },
      "geometry" : {
        "x" : 178512.98099999901,
        "y" : 538855.86509999947
      }
    },
    {
      "attributes" : {
        "FID" : 114,
        "PMNTN_SPOT" : 95975,
        "MNTN_CODE" : "282000301",
        "MANAGE_SP1" : "15",
        "MANAGE_SP2" : "훼손지",
        "DETAIL_SPO" : "훼손지",
        "ETC_MATTER" : " ",
        "MNTN_NM" : "관모산",
        "PAST_SPOT_" : "2820003010115",
        "MNTN_ID" : "282000301"
      },
      "geometry" : {
        "x" : 178579.87010000076,
        "y" : 539001.8496999999
      }
    },
    {
      "attributes" : {
        "FID" : 115,
        "PMNTN_SPOT" : 95976,
        "MNTN_CODE" : "282000301",
        "MANAGE_SP1" : "05",
        "MANAGE_SP2" : "벤치",
        "DETAIL_SPO" : "벤치",
        "ETC_MATTER" : " ",
        "MNTN_NM" : "관모산",
        "PAST_SPOT_" : "2820003010116",
        "MNTN_ID" : "282000301"
      },
      "geometry" : {
        "x" : 178926.00829999943,
        "y" : 539236.65540000075
      }
    },
    {
      "attributes" : {
        "FID" : 116,
        "PMNTN_SPOT" : 95977,
        "MNTN_CODE" : "282000301",
        "MANAGE_SP1" : "05",
        "MANAGE_SP2" : "벤치",
        "DETAIL_SPO" : "벤치",
        "ETC_MATTER" : " ",
        "MNTN_NM" : "관모산",
        "PAST_SPOT_" : "2820003010117",
        "MNTN_ID" : "282000301"
      },
      "geometry" : {
        "x" : 178941.76150000011,
        "y" : 539254.51419999974
      }
    }
  ]
}