{
  "displayFieldName" : "",
  "fieldAliases" : {
    "FID" : "FID",
    "PMNTN_SPOT" : "PMNTN_SPOT",
    "MNTN_CODE" : "MNTN_CODE",
    "MANAGE_SP1" : "MANAGE_SP1",
    "MANAGE_SP2" : "MANAGE_SP2",
    "DETAIL_SPO" : "DETAIL_SPO",
    "ETC_MATTER" : "ETC_MATTER",
    "MNTN_NM" : "MNTN_NM",
    "PAST_SPOT_" : "PAST_SPOT_",
    "MNTN_ID" : "MNTN_ID"
  },
  "geometryType" : "esriGeometryPoint",
  "spatialReference" : {
    "wkt" : "PROJCS[\"PCS_ITRF2000_TM\",GEOGCS[\"GCS_ITRF_2000\",DATUM[\"D_ITRF_2000\",SPHEROID[\"GRS_1980\",6378137.0,298.257222101]],PRIMEM[\"Greenwich\",0.0],UNIT[\"Degree\",0.0174532925199433]],PROJECTION[\"Transverse_Mercator\"],PARAMETER[\"False_Easting\",200000.0],PARAMETER[\"False_Northing\",600000.0],PARAMETER[\"Central_Meridian\",127.0],PARAMETER[\"Scale_Factor\",1.0],PARAMETER[\"Latitude_Of_Origin\",38.0],UNIT[\"Meter\",1.0]]"
  },
  "fields" : [
    {
      "name" : "FID",
      "type" : "esriFieldTypeOID",
      "alias" : "FID"
    },
    {
      "name" : "PMNTN_SPOT",
      "type" : "esriFieldTypeDouble",
      "alias" : "PMNTN_SPOT"
    },
    {
      "name" : "MNTN_CODE",
      "type" : "esriFieldTypeString",
      "alias" : "MNTN_CODE",
      "length" : 9
    },
    {
      "name" : "MANAGE_SP1",
      "type" : "esriFieldTypeString",
      "alias" : "MANAGE_SP1",
      "length" : 2
    },
    {
      "name" : "MANAGE_SP2",
      "type" : "esriFieldTypeString",
      "alias" : "MANAGE_SP2",
      "length" : 50
    },
    {
      "name" : "DETAIL_SPO",
      "type" : "esriFieldTypeString",
      "alias" : "DETAIL_SPO",
      "length" : 200
    },
    {
      "name" : "ETC_MATTER",
      "type" : "esriFieldTypeString",
      "alias" : "ETC_MATTER",
      "length" : 200
    },
    {
      "name" : "MNTN_NM",
      "type" : "esriFieldTypeString",
      "alias" : "MNTN_NM",
      "length" : 50
    },
    {
      "name" : "PAST_SPOT_",
      "type" : "esriFieldTypeString",
      "alias" : "PAST_SPOT_",
      "length" : 14
    },
    {
      "name" : "MNTN_ID",
      "type" : "esriFieldTypeString",
      "alias" : "MNTN_ID",
      "length" : 10
    }
  ],
  "features" : [
    {
      "attributes" : {
        "FID" : 0,
        "PMNTN_SPOT" : 60583,
        "MNTN_CODE" : "457101801",
        "MANAGE_SP1" : "09",
        "MANAGE_SP2" : "기타건물",
        "DETAIL_SPO" : "기타건물",
        "ETC_MATTER" : " ",
        "MNTN_NM" : "안수산",
        "PAST_SPOT_" : "4571018010001",
        "MNTN_ID" : "457101801"
      },
      "geometry" : {
        "x" : 220944.59560000151,
        "y" : 373870.011900004
      }
    },
    {
      "attributes" : {
        "FID" : 1,
        "PMNTN_SPOT" : 60584,
        "MNTN_CODE" : "457101801",
        "MANAGE_SP1" : "15",
        "MANAGE_SP2" : "훼손지",
        "DETAIL_SPO" : "훼손지",
        "ETC_MATTER" : " ",
        "MNTN_NM" : "안수산",
        "PAST_SPOT_" : "4571018010002",
        "MNTN_ID" : "457101801"
      },
      "geometry" : {
        "x" : 220923.95090000145,
        "y" : 373893.4140000008
      }
    },
    {
      "attributes" : {
        "FID" : 2,
        "PMNTN_SPOT" : 60585,
        "MNTN_CODE" : "457101801",
        "MANAGE_SP1" : "12",
        "MANAGE_SP2" : "위험지역",
        "DETAIL_SPO" : "위험지역",
        "ETC_MATTER" : " ",
        "MNTN_NM" : "안수산",
        "PAST_SPOT_" : "4571018010003",
        "MNTN_ID" : "457101801"
      },
      "geometry" : {
        "x" : 220915.20320000034,
        "y" : 373920.52470000088
      }
    },
    {
      "attributes" : {
        "FID" : 3,
        "PMNTN_SPOT" : 60586,
        "MNTN_CODE" : "457101801",
        "MANAGE_SP1" : "15",
        "MANAGE_SP2" : "훼손지",
        "DETAIL_SPO" : "훼손지",
        "ETC_MATTER" : " ",
        "MNTN_NM" : "안수산",
        "PAST_SPOT_" : "4571018010004",
        "MNTN_ID" : "457101801"
      },
      "geometry" : {
        "x" : 220917.49069999997,
        "y" : 373940.97890000232
      }
    },
    {
      "attributes" : {
        "FID" : 4,
        "PMNTN_SPOT" : 60587,
        "MNTN_CODE" : "457101801",
        "MANAGE_SP1" : "15",
        "MANAGE_SP2" : "훼손지",
        "DETAIL_SPO" : "훼손지",
        "ETC_MATTER" : " ",
        "MNTN_NM" : "안수산",
        "PAST_SPOT_" : "4571018010005",
        "MNTN_ID" : "457101801"
      },
      "geometry" : {
        "x" : 220916.77210000064,
        "y" : 373978.40150000155
      }
    },
    {
      "attributes" : {
        "FID" : 5,
        "PMNTN_SPOT" : 60588,
        "MNTN_CODE" : "457101801",
        "MANAGE_SP1" : "12",
        "MANAGE_SP2" : "위험지역",
        "DETAIL_SPO" : "조망점,위험지역",
        "ETC_MATTER" : " ",
        "MNTN_NM" : "안수산",
        "PAST_SPOT_" : "4571018010006",
        "MNTN_ID" : "457101801"
      },
      "geometry" : {
        "x" : 220645.80869999994,
        "y" : 374104.39370000176
      }
    },
    {
      "attributes" : {
        "FID" : 6,
        "PMNTN_SPOT" : 60589,
        "MNTN_CODE" : "457101801",
        "MANAGE_SP1" : "15",
        "MANAGE_SP2" : "훼손지",
        "DETAIL_SPO" : "훼손지",
        "ETC_MATTER" : " ",
        "MNTN_NM" : "안수산",
        "PAST_SPOT_" : "4571018010007",
        "MNTN_ID" : "457101801"
      },
      "geometry" : {
        "x" : 220426.59000000171,
        "y" : 373814.49529999867
      }
    },
    {
      "attributes" : {
        "FID" : 7,
        "PMNTN_SPOT" : 60590,
        "MNTN_CODE" : "457101801",
        "MANAGE_SP1" : "15",
        "MANAGE_SP2" : "훼손지",
        "DETAIL_SPO" : "훼손지",
        "ETC_MATTER" : " ",
        "MNTN_NM" : "안수산",
        "PAST_SPOT_" : "4571018010008",
        "MNTN_ID" : "457101801"
      },
      "geometry" : {
        "x" : 220603.68640000001,
        "y" : 374081.93999999948
      }
    },
    {
      "attributes" : {
        "FID" : 8,
        "PMNTN_SPOT" : 60591,
        "MNTN_CODE" : "457101801",
        "MANAGE_SP1" : "15",
        "MANAGE_SP2" : "훼손지",
        "DETAIL_SPO" : "훼손지",
        "ETC_MATTER" : " ",
        "MNTN_NM" : "안수산",
        "PAST_SPOT_" : "4571018010009",
        "MNTN_ID" : "457101801"
      },
      "geometry" : {
        "x" : 220572.03009999916,
        "y" : 374158.7602000013
      }
    },
    {
      "attributes" : {
        "FID" : 9,
        "PMNTN_SPOT" : 60592,
        "MNTN_CODE" : "457101801",
        "MANAGE_SP1" : "15",
        "MANAGE_SP2" : "훼손지",
        "DETAIL_SPO" : "훼손지",
        "ETC_MATTER" : " ",
        "MNTN_NM" : "안수산",
        "PAST_SPOT_" : "4571018010010",
        "MNTN_ID" : "457101801"
      },
      "geometry" : {
        "x" : 220524.75960000139,
        "y" : 374190.78830000199
      }
    },
    {
      "attributes" : {
        "FID" : 10,
        "PMNTN_SPOT" : 60593,
        "MNTN_CODE" : "457101801",
        "MANAGE_SP1" : "12",
        "MANAGE_SP2" : "위험지역",
        "DETAIL_SPO" : "위험지역,시설물",
        "ETC_MATTER" : " ",
        "MNTN_NM" : "안수산",
        "PAST_SPOT_" : "4571018010011",
        "MNTN_ID" : "457101801"
      },
      "geometry" : {
        "x" : 221136.53980000038,
        "y" : 373309.14100000262
      }
    },
    {
      "attributes" : {
        "FID" : 11,
        "PMNTN_SPOT" : 60594,
        "MNTN_CODE" : "457101801",
        "MANAGE_SP1" : "15",
        "MANAGE_SP2" : "훼손지",
        "DETAIL_SPO" : "훼손지",
        "ETC_MATTER" : " ",
        "MNTN_NM" : "안수산",
        "PAST_SPOT_" : "4571018010012",
        "MNTN_ID" : "457101801"
      },
      "geometry" : {
        "x" : 220724.16210000217,
        "y" : 373065.25489999913
      }
    },
    {
      "attributes" : {
        "FID" : 12,
        "PMNTN_SPOT" : 60595,
        "MNTN_CODE" : "457101801",
        "MANAGE_SP1" : "15",
        "MANAGE_SP2" : "훼손지",
        "DETAIL_SPO" : "훼손지",
        "ETC_MATTER" : " ",
        "MNTN_NM" : "안수산",
        "PAST_SPOT_" : "4571018010013",
        "MNTN_ID" : "457101801"
      },
      "geometry" : {
        "x" : 220705.99380000215,
        "y" : 373071.07240000181
      }
    },
    {
      "attributes" : {
        "FID" : 13,
        "PMNTN_SPOT" : 60596,
        "MNTN_CODE" : "457101801",
        "MANAGE_SP1" : "14",
        "MANAGE_SP2" : "조망점",
        "DETAIL_SPO" : "조망점",
        "ETC_MATTER" : " ",
        "MNTN_NM" : "안수산",
        "PAST_SPOT_" : "4571018010014",
        "MNTN_ID" : "457101801"
      },
      "geometry" : {
        "x" : 220601.86440000124,
        "y" : 372003.39960000291
      }
    },
    {
      "attributes" : {
        "FID" : 14,
        "PMNTN_SPOT" : 60597,
        "MNTN_CODE" : "457101801",
        "MANAGE_SP1" : "15",
        "MANAGE_SP2" : "훼손지",
        "DETAIL_SPO" : "훼손지",
        "ETC_MATTER" : " ",
        "MNTN_NM" : "안수산",
        "PAST_SPOT_" : "4571018010015",
        "MNTN_ID" : "457101801"
      },
      "geometry" : {
        "x" : 221089.01280000154,
        "y" : 372926.19940000214
      }
    },
    {
      "attributes" : {
        "FID" : 15,
        "PMNTN_SPOT" : 60598,
        "MNTN_CODE" : "457101801",
        "MANAGE_SP1" : "15",
        "MANAGE_SP2" : "훼손지",
        "DETAIL_SPO" : "훼손지",
        "ETC_MATTER" : " ",
        "MNTN_NM" : "안수산",
        "PAST_SPOT_" : "4571018010016",
        "MNTN_ID" : "457101801"
      },
      "geometry" : {
        "x" : 221285.12840000074,
        "y" : 372790.61030000448
      }
    },
    {
      "attributes" : {
        "FID" : 16,
        "PMNTN_SPOT" : 60599,
        "MNTN_CODE" : "457101801",
        "MANAGE_SP1" : "07",
        "MANAGE_SP2" : "시설물(운동기구 등)",
        "DETAIL_SPO" : "시설물",
        "ETC_MATTER" : " ",
        "MNTN_NM" : "안수산",
        "PAST_SPOT_" : "4571018010017",
        "MNTN_ID" : "457101801"
      },
      "geometry" : {
        "x" : 221358.07030000072,
        "y" : 372808.77240000293
      }
    },
    {
      "attributes" : {
        "FID" : 17,
        "PMNTN_SPOT" : 60600,
        "MNTN_CODE" : "457101801",
        "MANAGE_SP1" : "07",
        "MANAGE_SP2" : "시설물(운동기구 등)",
        "DETAIL_SPO" : "시설물",
        "ETC_MATTER" : " ",
        "MNTN_NM" : "안수산",
        "PAST_SPOT_" : "4571018010018",
        "MNTN_ID" : "457101801"
      },
      "geometry" : {
        "x" : 219758.37790000159,
        "y" : 373687.03710000031
      }
    },
    {
      "attributes" : {
        "FID" : 18,
        "PMNTN_SPOT" : 60601,
        "MNTN_CODE" : "457101801",
        "MANAGE_SP1" : "15",
        "MANAGE_SP2" : "훼손지",
        "DETAIL_SPO" : "훼손지",
        "ETC_MATTER" : " ",
        "MNTN_NM" : "안수산",
        "PAST_SPOT_" : "4571018010019",
        "MNTN_ID" : "457101801"
      },
      "geometry" : {
        "x" : 219813.28089999966,
        "y" : 373659.13400000148
      }
    },
    {
      "attributes" : {
        "FID" : 19,
        "PMNTN_SPOT" : 60602,
        "MNTN_CODE" : "457101801",
        "MANAGE_SP1" : "15",
        "MANAGE_SP2" : "훼손지",
        "DETAIL_SPO" : "훼손지",
        "ETC_MATTER" : " ",
        "MNTN_NM" : "안수산",
        "PAST_SPOT_" : "4571018010020",
        "MNTN_ID" : "457101801"
      },
      "geometry" : {
        "x" : 219902.84080000129,
        "y" : 373587.57919999957
      }
    },
    {
      "attributes" : {
        "FID" : 20,
        "PMNTN_SPOT" : 60603,
        "MNTN_CODE" : "457101801",
        "MANAGE_SP1" : "15",
        "MANAGE_SP2" : "훼손지",
        "DETAIL_SPO" : "훼손지",
        "ETC_MATTER" : " ",
        "MNTN_NM" : "안수산",
        "PAST_SPOT_" : "4571018010021",
        "MNTN_ID" : "457101801"
      },
      "geometry" : {
        "x" : 219987.97340000048,
        "y" : 373526.78239999898
      }
    },
    {
      "attributes" : {
        "FID" : 21,
        "PMNTN_SPOT" : 60604,
        "MNTN_CODE" : "457101801",
        "MANAGE_SP1" : "07",
        "MANAGE_SP2" : "시설물(운동기구 등)",
        "DETAIL_SPO" : "시설물",
        "ETC_MATTER" : " ",
        "MNTN_NM" : "안수산",
        "PAST_SPOT_" : "4571018010022",
        "MNTN_ID" : "457101801"
      },
      "geometry" : {
        "x" : 220117.54500000086,
        "y" : 373510.72030000016
      }
    },
    {
      "attributes" : {
        "FID" : 22,
        "PMNTN_SPOT" : 60605,
        "MNTN_CODE" : "457101801",
        "MANAGE_SP1" : "15",
        "MANAGE_SP2" : "훼손지",
        "DETAIL_SPO" : "훼손지",
        "ETC_MATTER" : " ",
        "MNTN_NM" : "안수산",
        "PAST_SPOT_" : "4571018010023",
        "MNTN_ID" : "457101801"
      },
      "geometry" : {
        "x" : 220122.64979999978,
        "y" : 373471.52850000001
      }
    },
    {
      "attributes" : {
        "FID" : 23,
        "PMNTN_SPOT" : 60606,
        "MNTN_CODE" : "457101801",
        "MANAGE_SP1" : "13",
        "MANAGE_SP2" : "유적(문화, 역사)",
        "DETAIL_SPO" : "유적",
        "ETC_MATTER" : " ",
        "MNTN_NM" : "안수산",
        "PAST_SPOT_" : "4571018010024",
        "MNTN_ID" : "457101801"
      },
      "geometry" : {
        "x" : 220137.84200000111,
        "y" : 373468.23700000159
      }
    },
    {
      "attributes" : {
        "FID" : 24,
        "PMNTN_SPOT" : 60607,
        "MNTN_CODE" : "457101801",
        "MANAGE_SP1" : "16",
        "MANAGE_SP2" : "주요나무",
        "DETAIL_SPO" : "주요나무",
        "ETC_MATTER" : " ",
        "MNTN_NM" : "안수산",
        "PAST_SPOT_" : "4571018010025",
        "MNTN_ID" : "457101801"
      },
      "geometry" : {
        "x" : 220297.25530000124,
        "y" : 373186.73479999974
      }
    },
    {
      "attributes" : {
        "FID" : 25,
        "PMNTN_SPOT" : 60608,
        "MNTN_CODE" : "457101801",
        "MANAGE_SP1" : "12",
        "MANAGE_SP2" : "위험지역",
        "DETAIL_SPO" : "위험지역,시설물",
        "ETC_MATTER" : " ",
        "MNTN_NM" : "안수산",
        "PAST_SPOT_" : "4571018010026",
        "MNTN_ID" : "457101801"
      },
      "geometry" : {
        "x" : 220306.47140000015,
        "y" : 373159.44900000095
      }
    },
    {
      "attributes" : {
        "FID" : 26,
        "PMNTN_SPOT" : 60609,
        "MNTN_CODE" : "457101801",
        "MANAGE_SP1" : "15",
        "MANAGE_SP2" : "훼손지",
        "DETAIL_SPO" : "훼손지",
        "ETC_MATTER" : " ",
        "MNTN_NM" : "안수산",
        "PAST_SPOT_" : "4571018010027",
        "MNTN_ID" : "457101801"
      },
      "geometry" : {
        "x" : 220392.91179999895,
        "y" : 372988.5391999986
      }
    },
    {
      "attributes" : {
        "FID" : 27,
        "PMNTN_SPOT" : 60610,
        "MNTN_CODE" : "457101801",
        "MANAGE_SP1" : "15",
        "MANAGE_SP2" : "훼손지",
        "DETAIL_SPO" : "훼손지",
        "ETC_MATTER" : " ",
        "MNTN_NM" : "안수산",
        "PAST_SPOT_" : "4571018010028",
        "MNTN_ID" : "457101801"
      },
      "geometry" : {
        "x" : 220396.24260000046,
        "y" : 372979.41710000299
      }
    },
    {
      "attributes" : {
        "FID" : 28,
        "PMNTN_SPOT" : 60611,
        "MNTN_CODE" : "457101801",
        "MANAGE_SP1" : "23",
        "MANAGE_SP2" : "정상",
        "DETAIL_SPO" : "시설물,정상,조망점",
        "ETC_MATTER" : " ",
        "MNTN_NM" : "안수산",
        "PAST_SPOT_" : "4571018010029",
        "MNTN_ID" : "457101801"
      },
      "geometry" : {
        "x" : 220411.52240000013,
        "y" : 372980.91640000045
      }
    },
    {
      "attributes" : {
        "FID" : 29,
        "PMNTN_SPOT" : 60612,
        "MNTN_CODE" : "457101801",
        "MANAGE_SP1" : "15",
        "MANAGE_SP2" : "훼손지",
        "DETAIL_SPO" : "훼손지",
        "ETC_MATTER" : " ",
        "MNTN_NM" : "안수산",
        "PAST_SPOT_" : "4571018010030",
        "MNTN_ID" : "457101801"
      },
      "geometry" : {
        "x" : 219848.40440000035,
        "y" : 373661.42370000109
      }
    },
    {
      "attributes" : {
        "FID" : 30,
        "PMNTN_SPOT" : 60613,
        "MNTN_CODE" : "457101801",
        "MANAGE_SP1" : "07",
        "MANAGE_SP2" : "시설물(운동기구 등)",
        "DETAIL_SPO" : "시설물,위험지역",
        "ETC_MATTER" : " ",
        "MNTN_NM" : "안수산",
        "PAST_SPOT_" : "4571018010031",
        "MNTN_ID" : "457101801"
      },
      "geometry" : {
        "x" : 219847.03960000165,
        "y" : 373671.24960000254
      }
    },
    {
      "attributes" : {
        "FID" : 31,
        "PMNTN_SPOT" : 60614,
        "MNTN_CODE" : "457101801",
        "MANAGE_SP1" : "15",
        "MANAGE_SP2" : "훼손지",
        "DETAIL_SPO" : "훼손지",
        "ETC_MATTER" : " ",
        "MNTN_NM" : "안수산",
        "PAST_SPOT_" : "4571018010032",
        "MNTN_ID" : "457101801"
      },
      "geometry" : {
        "x" : 219848.41550000012,
        "y" : 373681.67850000039
      }
    },
    {
      "attributes" : {
        "FID" : 32,
        "PMNTN_SPOT" : 60615,
        "MNTN_CODE" : "457101801",
        "MANAGE_SP1" : "15",
        "MANAGE_SP2" : "훼손지",
        "DETAIL_SPO" : "훼손지",
        "ETC_MATTER" : " ",
        "MNTN_NM" : "안수산",
        "PAST_SPOT_" : "4571018010033",
        "MNTN_ID" : "457101801"
      },
      "geometry" : {
        "x" : 219852.22880000155,
        "y" : 373686.64040000364
      }
    },
    {
      "attributes" : {
        "FID" : 33,
        "PMNTN_SPOT" : 60616,
        "MNTN_CODE" : "457101801",
        "MANAGE_SP1" : "12",
        "MANAGE_SP2" : "위험지역",
        "DETAIL_SPO" : "위험지역",
        "ETC_MATTER" : " ",
        "MNTN_NM" : "안수산",
        "PAST_SPOT_" : "4571018010034",
        "MNTN_ID" : "457101801"
      },
      "geometry" : {
        "x" : 219946.59920000192,
        "y" : 373661.87549999915
      }
    },
    {
      "attributes" : {
        "FID" : 34,
        "PMNTN_SPOT" : 60617,
        "MNTN_CODE" : "457101801",
        "MANAGE_SP1" : "15",
        "MANAGE_SP2" : "훼손지",
        "DETAIL_SPO" : "훼손지",
        "ETC_MATTER" : " ",
        "MNTN_NM" : "안수산",
        "PAST_SPOT_" : "4571018010035",
        "MNTN_ID" : "457101801"
      },
      "geometry" : {
        "x" : 219974.43489999976,
        "y" : 373654.54400000162
      }
    },
    {
      "attributes" : {
        "FID" : 35,
        "PMNTN_SPOT" : 60618,
        "MNTN_CODE" : "457101801",
        "MANAGE_SP1" : "07",
        "MANAGE_SP2" : "시설물(운동기구 등)",
        "DETAIL_SPO" : "시설물",
        "ETC_MATTER" : " ",
        "MNTN_NM" : "안수산",
        "PAST_SPOT_" : "4571018010036",
        "MNTN_ID" : "457101801"
      },
      "geometry" : {
        "x" : 219987.31920000166,
        "y" : 373651.44959999993
      }
    },
    {
      "attributes" : {
        "FID" : 36,
        "PMNTN_SPOT" : 60619,
        "MNTN_CODE" : "457101801",
        "MANAGE_SP1" : "07",
        "MANAGE_SP2" : "시설물(운동기구 등)",
        "DETAIL_SPO" : "시설물",
        "ETC_MATTER" : " ",
        "MNTN_NM" : "안수산",
        "PAST_SPOT_" : "4571018010037",
        "MNTN_ID" : "457101801"
      },
      "geometry" : {
        "x" : 220039.04770000093,
        "y" : 373607.28820000216
      }
    },
    {
      "attributes" : {
        "FID" : 37,
        "PMNTN_SPOT" : 60620,
        "MNTN_CODE" : "457101801",
        "MANAGE_SP1" : "01",
        "MANAGE_SP2" : "시종점",
        "DETAIL_SPO" : "시종점",
        "ETC_MATTER" : " ",
        "MNTN_NM" : "안수산",
        "PAST_SPOT_" : "4571018010038",
        "MNTN_ID" : "457101801"
      },
      "geometry" : {
        "x" : 219463.78360000066,
        "y" : 374127.01520000026
      }
    },
    {
      "attributes" : {
        "FID" : 38,
        "PMNTN_SPOT" : 60621,
        "MNTN_CODE" : "457101801",
        "MANAGE_SP1" : "02",
        "MANAGE_SP2" : "분기점",
        "DETAIL_SPO" : "분기점",
        "ETC_MATTER" : " ",
        "MNTN_NM" : "안수산",
        "PAST_SPOT_" : "4571018010039",
        "MNTN_ID" : "457101801"
      },
      "geometry" : {
        "x" : 219842.76290000137,
        "y" : 373650.21979999915
      }
    },
    {
      "attributes" : {
        "FID" : 39,
        "PMNTN_SPOT" : 60622,
        "MNTN_CODE" : "457101801",
        "MANAGE_SP1" : "01",
        "MANAGE_SP2" : "시종점",
        "DETAIL_SPO" : "시종점",
        "ETC_MATTER" : " ",
        "MNTN_NM" : "안수산",
        "PAST_SPOT_" : "4571018010040",
        "MNTN_ID" : "457101801"
      },
      "geometry" : {
        "x" : 220103.21650000196,
        "y" : 374449.88840000145
      }
    },
    {
      "attributes" : {
        "FID" : 40,
        "PMNTN_SPOT" : 60623,
        "MNTN_CODE" : "457101801",
        "MANAGE_SP1" : "02",
        "MANAGE_SP2" : "분기점",
        "DETAIL_SPO" : "분기점",
        "ETC_MATTER" : " ",
        "MNTN_NM" : "안수산",
        "PAST_SPOT_" : "4571018010041",
        "MNTN_ID" : "457101801"
      },
      "geometry" : {
        "x" : 220107.12370000128,
        "y" : 373533.09770000167
      }
    },
    {
      "attributes" : {
        "FID" : 41,
        "PMNTN_SPOT" : 60624,
        "MNTN_CODE" : "457101801",
        "MANAGE_SP1" : "02",
        "MANAGE_SP2" : "분기점",
        "DETAIL_SPO" : "분기점",
        "ETC_MATTER" : " ",
        "MNTN_NM" : "안수산",
        "PAST_SPOT_" : "4571018010042",
        "MNTN_ID" : "457101801"
      },
      "geometry" : {
        "x" : 220140.99290000182,
        "y" : 373456.30730000138
      }
    },
    {
      "attributes" : {
        "FID" : 42,
        "PMNTN_SPOT" : 60625,
        "MNTN_CODE" : "457101801",
        "MANAGE_SP1" : "02",
        "MANAGE_SP2" : "분기점",
        "DETAIL_SPO" : "분기점",
        "ETC_MATTER" : " ",
        "MNTN_NM" : "안수산",
        "PAST_SPOT_" : "4571018010043",
        "MNTN_ID" : "457101801"
      },
      "geometry" : {
        "x" : 220216.50119999982,
        "y" : 373485.2189000044
      }
    },
    {
      "attributes" : {
        "FID" : 43,
        "PMNTN_SPOT" : 60626,
        "MNTN_CODE" : "457101801",
        "MANAGE_SP1" : "02",
        "MANAGE_SP2" : "분기점",
        "DETAIL_SPO" : "분기점",
        "ETC_MATTER" : " ",
        "MNTN_NM" : "안수산",
        "PAST_SPOT_" : "4571018010044",
        "MNTN_ID" : "457101801"
      },
      "geometry" : {
        "x" : 220258.89829999954,
        "y" : 373474.59320000187
      }
    },
    {
      "attributes" : {
        "FID" : 44,
        "PMNTN_SPOT" : 60627,
        "MNTN_CODE" : "457101801",
        "MANAGE_SP1" : "02",
        "MANAGE_SP2" : "분기점",
        "DETAIL_SPO" : "분기점",
        "ETC_MATTER" : " ",
        "MNTN_NM" : "안수산",
        "PAST_SPOT_" : "4571018010045",
        "MNTN_ID" : "457101801"
      },
      "geometry" : {
        "x" : 220280.8898,
        "y" : 373555.52690000087
      }
    },
    {
      "attributes" : {
        "FID" : 45,
        "PMNTN_SPOT" : 60628,
        "MNTN_CODE" : "457101801",
        "MANAGE_SP1" : "02",
        "MANAGE_SP2" : "분기점",
        "DETAIL_SPO" : "조망점",
        "ETC_MATTER" : " ",
        "MNTN_NM" : "안수산",
        "PAST_SPOT_" : "4571018010046",
        "MNTN_ID" : "457101801"
      },
      "geometry" : {
        "x" : 220295.29870000016,
        "y" : 373196.86350000463
      }
    },
    {
      "attributes" : {
        "FID" : 46,
        "PMNTN_SPOT" : 60629,
        "MNTN_CODE" : "457101801",
        "MANAGE_SP1" : "02",
        "MANAGE_SP2" : "분기점",
        "DETAIL_SPO" : "분기점",
        "ETC_MATTER" : " ",
        "MNTN_NM" : "안수산",
        "PAST_SPOT_" : "4571018010047",
        "MNTN_ID" : "457101801"
      },
      "geometry" : {
        "x" : 220411.4206000017,
        "y" : 372981.28229999915
      }
    },
    {
      "attributes" : {
        "FID" : 47,
        "PMNTN_SPOT" : 60630,
        "MNTN_CODE" : "457101801",
        "MANAGE_SP1" : "01",
        "MANAGE_SP2" : "시종점",
        "DETAIL_SPO" : "시종점",
        "ETC_MATTER" : " ",
        "MNTN_NM" : "안수산",
        "PAST_SPOT_" : "4571018010048",
        "MNTN_ID" : "457101801"
      },
      "geometry" : {
        "x" : 220441.3673000019,
        "y" : 374657.75040000118
      }
    },
    {
      "attributes" : {
        "FID" : 48,
        "PMNTN_SPOT" : 60631,
        "MNTN_CODE" : "457101801",
        "MANAGE_SP1" : "02",
        "MANAGE_SP2" : "분기점",
        "DETAIL_SPO" : "분기점",
        "ETC_MATTER" : " ",
        "MNTN_NM" : "안수산",
        "PAST_SPOT_" : "4571018010049",
        "MNTN_ID" : "457101801"
      },
      "geometry" : {
        "x" : 220555.55250000022,
        "y" : 374178.36649999954
      }
    },
    {
      "attributes" : {
        "FID" : 49,
        "PMNTN_SPOT" : 60632,
        "MNTN_CODE" : "457101801",
        "MANAGE_SP1" : "02",
        "MANAGE_SP2" : "분기점",
        "DETAIL_SPO" : "분기점",
        "ETC_MATTER" : " ",
        "MNTN_NM" : "안수산",
        "PAST_SPOT_" : "4571018010050",
        "MNTN_ID" : "457101801"
      },
      "geometry" : {
        "x" : 220614.39670000132,
        "y" : 374071.5073000025
      }
    },
    {
      "attributes" : {
        "FID" : 50,
        "PMNTN_SPOT" : 60633,
        "MNTN_CODE" : "457101801",
        "MANAGE_SP1" : "02",
        "MANAGE_SP2" : "분기점",
        "DETAIL_SPO" : "분기점",
        "ETC_MATTER" : " ",
        "MNTN_NM" : "안수산",
        "PAST_SPOT_" : "4571018010051",
        "MNTN_ID" : "457101801"
      },
      "geometry" : {
        "x" : 220845.29910000227,
        "y" : 373073.51089999825
      }
    },
    {
      "attributes" : {
        "FID" : 51,
        "PMNTN_SPOT" : 60634,
        "MNTN_CODE" : "457101801",
        "MANAGE_SP1" : "01",
        "MANAGE_SP2" : "시종점",
        "DETAIL_SPO" : "시종점",
        "ETC_MATTER" : " ",
        "MNTN_NM" : "안수산",
        "PAST_SPOT_" : "4571018010052",
        "MNTN_ID" : "457101801"
      },
      "geometry" : {
        "x" : 220944.44890000205,
        "y" : 373870.03910000063
      }
    },
    {
      "attributes" : {
        "FID" : 52,
        "PMNTN_SPOT" : 60635,
        "MNTN_CODE" : "457101801",
        "MANAGE_SP1" : "01",
        "MANAGE_SP2" : "시종점",
        "DETAIL_SPO" : "시종점",
        "ETC_MATTER" : " ",
        "MNTN_NM" : "안수산",
        "PAST_SPOT_" : "4571018010053",
        "MNTN_ID" : "457101801"
      },
      "geometry" : {
        "x" : 221225.74990000203,
        "y" : 373457.39220000245
      }
    },
    {
      "attributes" : {
        "FID" : 53,
        "PMNTN_SPOT" : 60636,
        "MNTN_CODE" : "457101801",
        "MANAGE_SP1" : "01",
        "MANAGE_SP2" : "시종점",
        "DETAIL_SPO" : "시종점",
        "ETC_MATTER" : " ",
        "MNTN_NM" : "안수산",
        "PAST_SPOT_" : "4571018010054",
        "MNTN_ID" : "457101801"
      },
      "geometry" : {
        "x" : 221374.39570000209,
        "y" : 372792.42830000445
      }
    },
    {
      "attributes" : {
        "FID" : 54,
        "PMNTN_SPOT" : 60637,
        "MNTN_CODE" : "457101801",
        "MANAGE_SP1" : "01",
        "MANAGE_SP2" : "시종점",
        "DETAIL_SPO" : "시종점",
        "ETC_MATTER" : " ",
        "MNTN_NM" : "안수산",
        "PAST_SPOT_" : "4571018010055",
        "MNTN_ID" : "457101801"
      },
      "geometry" : {
        "x" : 221396.87960000057,
        "y" : 370062.39719999954
      }
    },
    {
      "attributes" : {
        "FID" : 55,
        "PMNTN_SPOT" : 98313,
        "MNTN_CODE" : "457101801",
        "MANAGE_SP1" : "14",
        "MANAGE_SP2" : "조망점",
        "DETAIL_SPO" : "조망점, 위험지역",
        "ETC_MATTER" : " ",
        "MNTN_NM" : "안수산",
        "PAST_SPOT_" : "4571018010056",
        "MNTN_ID" : "457101801"
      },
      "geometry" : {
        "x" : 220614.79180000012,
        "y" : 374071.73289999866
      }
    },
    {
      "attributes" : {
        "FID" : 56,
        "PMNTN_SPOT" : 98314,
        "MNTN_CODE" : "457101801",
        "MANAGE_SP1" : "15",
        "MANAGE_SP2" : "훼손지",
        "DETAIL_SPO" : "훼손지",
        "ETC_MATTER" : " ",
        "MNTN_NM" : "안수산",
        "PAST_SPOT_" : "4571018010057",
        "MNTN_ID" : "457101801"
      },
      "geometry" : {
        "x" : 220300.33310000019,
        "y" : 373632.1545000003
      }
    },
    {
      "attributes" : {
        "FID" : 57,
        "PMNTN_SPOT" : 98315,
        "MNTN_CODE" : "457101801",
        "MANAGE_SP1" : "15",
        "MANAGE_SP2" : "훼손지",
        "DETAIL_SPO" : "훼손지",
        "ETC_MATTER" : " ",
        "MNTN_NM" : "안수산",
        "PAST_SPOT_" : "4571018010058",
        "MNTN_ID" : "457101801"
      },
      "geometry" : {
        "x" : 220585.07949999935,
        "y" : 374111.4137999994
      }
    },
    {
      "attributes" : {
        "FID" : 58,
        "PMNTN_SPOT" : 98316,
        "MNTN_CODE" : "457101801",
        "MANAGE_SP1" : "15",
        "MANAGE_SP2" : "훼손지",
        "DETAIL_SPO" : "훼손지",
        "ETC_MATTER" : " ",
        "MNTN_NM" : "안수산",
        "PAST_SPOT_" : "4571018010059",
        "MNTN_ID" : "457101801"
      },
      "geometry" : {
        "x" : 220572.66560000068,
        "y" : 374175.15310000035
      }
    },
    {
      "attributes" : {
        "FID" : 59,
        "PMNTN_SPOT" : 98317,
        "MNTN_CODE" : "457101801",
        "MANAGE_SP1" : "15",
        "MANAGE_SP2" : "훼손지",
        "DETAIL_SPO" : "훼손지",
        "ETC_MATTER" : " ",
        "MNTN_NM" : "안수산",
        "PAST_SPOT_" : "4571018010060",
        "MNTN_ID" : "457101801"
      },
      "geometry" : {
        "x" : 220295.30159999951,
        "y" : 374342.40769999975
      }
    },
    {
      "attributes" : {
        "FID" : 60,
        "PMNTN_SPOT" : 98318,
        "MNTN_CODE" : "457101801",
        "MANAGE_SP1" : "12",
        "MANAGE_SP2" : "위험지역",
        "DETAIL_SPO" : "위험지역, 시설물",
        "ETC_MATTER" : " ",
        "MNTN_NM" : "안수산",
        "PAST_SPOT_" : "4571018010061",
        "MNTN_ID" : "457101801"
      },
      "geometry" : {
        "x" : 220932.43630000096,
        "y" : 373204.29529999965
      }
    },
    {
      "attributes" : {
        "FID" : 61,
        "PMNTN_SPOT" : 98319,
        "MNTN_CODE" : "457101801",
        "MANAGE_SP1" : "15",
        "MANAGE_SP2" : "훼손지",
        "DETAIL_SPO" : "훼손지",
        "ETC_MATTER" : " ",
        "MNTN_NM" : "안수산",
        "PAST_SPOT_" : "4571018010062",
        "MNTN_ID" : "457101801"
      },
      "geometry" : {
        "x" : 220620.24189999944,
        "y" : 373076.09720000019
      }
    },
    {
      "attributes" : {
        "FID" : 62,
        "PMNTN_SPOT" : 98320,
        "MNTN_CODE" : "457101801",
        "MANAGE_SP1" : "14",
        "MANAGE_SP2" : "조망점",
        "DETAIL_SPO" : "조망점",
        "ETC_MATTER" : " ",
        "MNTN_NM" : "안수산",
        "PAST_SPOT_" : "4571018010063",
        "MNTN_ID" : "457101801"
      },
      "geometry" : {
        "x" : 220594.18239999935,
        "y" : 371870.87749999994
      }
    },
    {
      "attributes" : {
        "FID" : 63,
        "PMNTN_SPOT" : 98321,
        "MNTN_CODE" : "457101801",
        "MANAGE_SP1" : "15",
        "MANAGE_SP2" : "훼손지",
        "DETAIL_SPO" : "훼손지",
        "ETC_MATTER" : " ",
        "MNTN_NM" : "안수산",
        "PAST_SPOT_" : "4571018010064",
        "MNTN_ID" : "457101801"
      },
      "geometry" : {
        "x" : 221351.92990000089,
        "y" : 372781.47729999945
      }
    },
    {
      "attributes" : {
        "FID" : 64,
        "PMNTN_SPOT" : 98322,
        "MNTN_CODE" : "457101801",
        "MANAGE_SP1" : "07",
        "MANAGE_SP2" : "시설물(운동기구 등)",
        "DETAIL_SPO" : "시설물(운동기구등)",
        "ETC_MATTER" : " ",
        "MNTN_NM" : "안수산",
        "PAST_SPOT_" : "4571018010065",
        "MNTN_ID" : "457101801"
      },
      "geometry" : {
        "x" : 219470.4406000009,
        "y" : 374121.00100000016
      }
    },
    {
      "attributes" : {
        "FID" : 65,
        "PMNTN_SPOT" : 98323,
        "MNTN_CODE" : "457101801",
        "MANAGE_SP1" : "15",
        "MANAGE_SP2" : "훼손지",
        "DETAIL_SPO" : "훼손지",
        "ETC_MATTER" : " ",
        "MNTN_NM" : "안수산",
        "PAST_SPOT_" : "4571018010066",
        "MNTN_ID" : "457101801"
      },
      "geometry" : {
        "x" : 219844.18429999915,
        "y" : 373649.2192000004
      }
    },
    {
      "attributes" : {
        "FID" : 66,
        "PMNTN_SPOT" : 98324,
        "MNTN_CODE" : "457101801",
        "MANAGE_SP1" : "15",
        "MANAGE_SP2" : "훼손지",
        "DETAIL_SPO" : "훼손지",
        "ETC_MATTER" : " ",
        "MNTN_NM" : "안수산",
        "PAST_SPOT_" : "4571018010067",
        "MNTN_ID" : "457101801"
      },
      "geometry" : {
        "x" : 220104.05439999895,
        "y" : 373532.68220000085
      }
    },
    {
      "attributes" : {
        "FID" : 67,
        "PMNTN_SPOT" : 98325,
        "MNTN_CODE" : "457101801",
        "MANAGE_SP1" : "13",
        "MANAGE_SP2" : "유적(문화, 역사)",
        "DETAIL_SPO" : "유적(문화,역사)",
        "ETC_MATTER" : " ",
        "MNTN_NM" : "안수산",
        "PAST_SPOT_" : "4571018010068",
        "MNTN_ID" : "457101801"
      },
      "geometry" : {
        "x" : 220134.28079999876,
        "y" : 373426.76090000017
      }
    },
    {
      "attributes" : {
        "FID" : 68,
        "PMNTN_SPOT" : 98326,
        "MNTN_CODE" : "457101801",
        "MANAGE_SP1" : "07",
        "MANAGE_SP2" : "시설물(운동기구 등)",
        "DETAIL_SPO" : "시설물(운동기구등)",
        "ETC_MATTER" : " ",
        "MNTN_NM" : "안수산",
        "PAST_SPOT_" : "4571018010069",
        "MNTN_ID" : "457101801"
      },
      "geometry" : {
        "x" : 220505.67080000133,
        "y" : 372158.23469999986
      }
    },
    {
      "attributes" : {
        "FID" : 69,
        "PMNTN_SPOT" : 98327,
        "MNTN_CODE" : "457101801",
        "MANAGE_SP1" : "15",
        "MANAGE_SP2" : "훼손지",
        "DETAIL_SPO" : "훼손지",
        "ETC_MATTER" : " ",
        "MNTN_NM" : "안수산",
        "PAST_SPOT_" : "4571018010070",
        "MNTN_ID" : "457101801"
      },
      "geometry" : {
        "x" : 219883.94519999911,
        "y" : 373714.03329999879
      }
    },
    {
      "attributes" : {
        "FID" : 70,
        "PMNTN_SPOT" : 98328,
        "MNTN_CODE" : "457101801",
        "MANAGE_SP1" : "07",
        "MANAGE_SP2" : "시설물(운동기구 등)",
        "DETAIL_SPO" : "시설물(운동기구등)",
        "ETC_MATTER" : " ",
        "MNTN_NM" : "안수산",
        "PAST_SPOT_" : "4571018010071",
        "MNTN_ID" : "457101801"
      },
      "geometry" : {
        "x" : 220105.2260999986,
        "y" : 373535.75330000033
      }
    }
  ]
}