{
  "displayFieldName" : "",
  "fieldAliases" : {
    "FID" : "FID",
    "PMNTN_SPOT" : "PMNTN_SPOT",
    "MNTN_CODE" : "MNTN_CODE",
    "MANAGE_SP1" : "MANAGE_SP1",
    "MANAGE_SP2" : "MANAGE_SP2",
    "DETAIL_SPO" : "DETAIL_SPO",
    "ETC_MATTER" : "ETC_MATTER",
    "MNTN_NM" : "MNTN_NM",
    "PAST_SPOT_" : "PAST_SPOT_",
    "MNTN_ID" : "MNTN_ID"
  },
  "geometryType" : "esriGeometryPoint",
  "spatialReference" : {
    "wkt" : "PROJCS[\"PCS_ITRF2000_TM\",GEOGCS[\"GCS_ITRF_2000\",DATUM[\"D_ITRF_2000\",SPHEROID[\"GRS_1980\",6378137.0,298.257222101]],PRIMEM[\"Greenwich\",0.0],UNIT[\"Degree\",0.0174532925199433]],PROJECTION[\"Transverse_Mercator\"],PARAMETER[\"False_Easting\",200000.0],PARAMETER[\"False_Northing\",600000.0],PARAMETER[\"Central_Meridian\",127.0],PARAMETER[\"Scale_Factor\",1.0],PARAMETER[\"Latitude_Of_Origin\",38.0],UNIT[\"Meter\",1.0]]"
  },
  "fields" : [
    {
      "name" : "FID",
      "type" : "esriFieldTypeOID",
      "alias" : "FID"
    },
    {
      "name" : "PMNTN_SPOT",
      "type" : "esriFieldTypeDouble",
      "alias" : "PMNTN_SPOT"
    },
    {
      "name" : "MNTN_CODE",
      "type" : "esriFieldTypeString",
      "alias" : "MNTN_CODE",
      "length" : 9
    },
    {
      "name" : "MANAGE_SP1",
      "type" : "esriFieldTypeString",
      "alias" : "MANAGE_SP1",
      "length" : 2
    },
    {
      "name" : "MANAGE_SP2",
      "type" : "esriFieldTypeString",
      "alias" : "MANAGE_SP2",
      "length" : 50
    },
    {
      "name" : "DETAIL_SPO",
      "type" : "esriFieldTypeString",
      "alias" : "DETAIL_SPO",
      "length" : 200
    },
    {
      "name" : "ETC_MATTER",
      "type" : "esriFieldTypeString",
      "alias" : "ETC_MATTER",
      "length" : 200
    },
    {
      "name" : "MNTN_NM",
      "type" : "esriFieldTypeString",
      "alias" : "MNTN_NM",
      "length" : 50
    },
    {
      "name" : "PAST_SPOT_",
      "type" : "esriFieldTypeString",
      "alias" : "PAST_SPOT_",
      "length" : 14
    },
    {
      "name" : "MNTN_ID",
      "type" : "esriFieldTypeString",
      "alias" : "MNTN_ID",
      "length" : 10
    }
  ],
  "features" : [
    {
      "attributes" : {
        "FID" : 0,
        "PMNTN_SPOT" : 45862,
        "MNTN_CODE" : "421503501",
        "MANAGE_SP1" : "01",
        "MANAGE_SP2" : "시종점",
        "DETAIL_SPO" : "시종점",
        "ETC_MATTER" : " ",
        "MNTN_NM" : "불화산",
        "PAST_SPOT_" : "4215034010001",
        "MNTN_ID" : "421503401"
      },
      "geometry" : {
        "x" : 372456.68460001983,
        "y" : 573398.58010000549
      }
    },
    {
      "attributes" : {
        "FID" : 1,
        "PMNTN_SPOT" : 45863,
        "MNTN_CODE" : "421503501",
        "MANAGE_SP1" : "02",
        "MANAGE_SP2" : "분기점",
        "DETAIL_SPO" : "분기점",
        "ETC_MATTER" : " ",
        "MNTN_NM" : "불화산",
        "PAST_SPOT_" : "4215034010002",
        "MNTN_ID" : "421503401"
      },
      "geometry" : {
        "x" : 372522.66730001848,
        "y" : 573505.36240000464
      }
    },
    {
      "attributes" : {
        "FID" : 2,
        "PMNTN_SPOT" : 45864,
        "MNTN_CODE" : "421503501",
        "MANAGE_SP1" : "01",
        "MANAGE_SP2" : "시종점",
        "DETAIL_SPO" : "시종점",
        "ETC_MATTER" : " ",
        "MNTN_NM" : "불화산",
        "PAST_SPOT_" : "4215034010003",
        "MNTN_ID" : "421503401"
      },
      "geometry" : {
        "x" : 372528.6480000196,
        "y" : 573734.25380000472
      }
    },
    {
      "attributes" : {
        "FID" : 3,
        "PMNTN_SPOT" : 45865,
        "MNTN_CODE" : "421503501",
        "MANAGE_SP1" : "02",
        "MANAGE_SP2" : "분기점",
        "DETAIL_SPO" : "분기점",
        "ETC_MATTER" : " ",
        "MNTN_NM" : "불화산",
        "PAST_SPOT_" : "4215034010004",
        "MNTN_ID" : "421503401"
      },
      "geometry" : {
        "x" : 372583.91650001798,
        "y" : 573503.20959999971
      }
    },
    {
      "attributes" : {
        "FID" : 4,
        "PMNTN_SPOT" : 45866,
        "MNTN_CODE" : "421503501",
        "MANAGE_SP1" : "01",
        "MANAGE_SP2" : "시종점",
        "DETAIL_SPO" : "시종점",
        "ETC_MATTER" : " ",
        "MNTN_NM" : "불화산",
        "PAST_SPOT_" : "4215034010005",
        "MNTN_ID" : "421503401"
      },
      "geometry" : {
        "x" : 372691.34480001964,
        "y" : 573133.10560000688
      }
    },
    {
      "attributes" : {
        "FID" : 5,
        "PMNTN_SPOT" : 45867,
        "MNTN_CODE" : "421503501",
        "MANAGE_SP1" : "01",
        "MANAGE_SP2" : "시종점",
        "DETAIL_SPO" : "시종점",
        "ETC_MATTER" : " ",
        "MNTN_NM" : "불화산",
        "PAST_SPOT_" : "4215034010006",
        "MNTN_ID" : "421503401"
      },
      "geometry" : {
        "x" : 373009.09540001769,
        "y" : 573963.52250000276
      }
    },
    {
      "attributes" : {
        "FID" : 6,
        "PMNTN_SPOT" : 45868,
        "MNTN_CODE" : "421503501",
        "MANAGE_SP1" : "10",
        "MANAGE_SP2" : "이정표",
        "DETAIL_SPO" : "이정표",
        "ETC_MATTER" : " ",
        "MNTN_NM" : "불화산",
        "PAST_SPOT_" : "4215034010007",
        "MNTN_ID" : "421503401"
      },
      "geometry" : {
        "x" : 372690.61050003674,
        "y" : 573133.61510000564
      }
    },
    {
      "attributes" : {
        "FID" : 7,
        "PMNTN_SPOT" : 45869,
        "MNTN_CODE" : "421503501",
        "MANAGE_SP1" : "10",
        "MANAGE_SP2" : "이정표",
        "DETAIL_SPO" : "이정표",
        "ETC_MATTER" : " ",
        "MNTN_NM" : "불화산",
        "PAST_SPOT_" : "4215034010008",
        "MNTN_ID" : "421503401"
      },
      "geometry" : {
        "x" : 372768.05890003499,
        "y" : 573232.67720000818
      }
    },
    {
      "attributes" : {
        "FID" : 8,
        "PMNTN_SPOT" : 45870,
        "MNTN_CODE" : "421503501",
        "MANAGE_SP1" : "99",
        "MANAGE_SP2" : "기타",
        "DETAIL_SPO" : "목계단",
        "ETC_MATTER" : " ",
        "MNTN_NM" : "불화산",
        "PAST_SPOT_" : "4215034010009",
        "MNTN_ID" : "421503401"
      },
      "geometry" : {
        "x" : 372767.11570003722,
        "y" : 573270.57230000198
      }
    },
    {
      "attributes" : {
        "FID" : 9,
        "PMNTN_SPOT" : 45871,
        "MNTN_CODE" : "421503501",
        "MANAGE_SP1" : "15",
        "MANAGE_SP2" : "훼손지",
        "DETAIL_SPO" : "훼손지",
        "ETC_MATTER" : " ",
        "MNTN_NM" : "불화산",
        "PAST_SPOT_" : "4215034010010",
        "MNTN_ID" : "421503401"
      },
      "geometry" : {
        "x" : 372772.27640003525,
        "y" : 573286.92790000886
      }
    },
    {
      "attributes" : {
        "FID" : 10,
        "PMNTN_SPOT" : 45872,
        "MNTN_CODE" : "421503501",
        "MANAGE_SP1" : "05",
        "MANAGE_SP2" : "벤치",
        "DETAIL_SPO" : "벤치",
        "ETC_MATTER" : " ",
        "MNTN_NM" : "불화산",
        "PAST_SPOT_" : "4215034010011",
        "MNTN_ID" : "421503401"
      },
      "geometry" : {
        "x" : 372746.21480003558,
        "y" : 573308.9047000017
      }
    },
    {
      "attributes" : {
        "FID" : 11,
        "PMNTN_SPOT" : 45873,
        "MNTN_CODE" : "421503501",
        "MANAGE_SP1" : "15",
        "MANAGE_SP2" : "훼손지",
        "DETAIL_SPO" : "훼손지",
        "ETC_MATTER" : " ",
        "MNTN_NM" : "불화산",
        "PAST_SPOT_" : "4215034010012",
        "MNTN_ID" : "421503401"
      },
      "geometry" : {
        "x" : 372623.97080003656,
        "y" : 573399.34570000507
      }
    },
    {
      "attributes" : {
        "FID" : 12,
        "PMNTN_SPOT" : 45874,
        "MNTN_CODE" : "421503501",
        "MANAGE_SP1" : "10",
        "MANAGE_SP2" : "이정표",
        "DETAIL_SPO" : "이정표",
        "ETC_MATTER" : " ",
        "MNTN_NM" : "불화산",
        "PAST_SPOT_" : "4215034010013",
        "MNTN_ID" : "421503401"
      },
      "geometry" : {
        "x" : 372585.70020003244,
        "y" : 573503.34940000437
      }
    },
    {
      "attributes" : {
        "FID" : 13,
        "PMNTN_SPOT" : 45875,
        "MNTN_CODE" : "421503501",
        "MANAGE_SP1" : "15",
        "MANAGE_SP2" : "훼손지",
        "DETAIL_SPO" : "훼손지",
        "ETC_MATTER" : " ",
        "MNTN_NM" : "불화산",
        "PAST_SPOT_" : "4215034010014",
        "MNTN_ID" : "421503401"
      },
      "geometry" : {
        "x" : 372769.25890003424,
        "y" : 573654.72940000147
      }
    },
    {
      "attributes" : {
        "FID" : 14,
        "PMNTN_SPOT" : 45876,
        "MNTN_CODE" : "421503501",
        "MANAGE_SP1" : "15",
        "MANAGE_SP2" : "훼손지",
        "DETAIL_SPO" : "훼손지",
        "ETC_MATTER" : " ",
        "MNTN_NM" : "불화산",
        "PAST_SPOT_" : "4215034010015",
        "MNTN_ID" : "421503401"
      },
      "geometry" : {
        "x" : 372530.6163000362,
        "y" : 573706.75290000252
      }
    },
    {
      "attributes" : {
        "FID" : 15,
        "PMNTN_SPOT" : 45877,
        "MNTN_CODE" : "421503501",
        "MANAGE_SP1" : "99",
        "MANAGE_SP2" : "기타",
        "DETAIL_SPO" : "저수탱크",
        "ETC_MATTER" : " ",
        "MNTN_NM" : "불화산",
        "PAST_SPOT_" : "4215034010016",
        "MNTN_ID" : "421503401"
      },
      "geometry" : {
        "x" : 372861.92520003673,
        "y" : 573708.16710000671
      }
    },
    {
      "attributes" : {
        "FID" : 16,
        "PMNTN_SPOT" : 45878,
        "MNTN_CODE" : "421503501",
        "MANAGE_SP1" : "10",
        "MANAGE_SP2" : "이정표",
        "DETAIL_SPO" : "이정표",
        "ETC_MATTER" : " ",
        "MNTN_NM" : "불화산",
        "PAST_SPOT_" : "4215034010017",
        "MNTN_ID" : "421503401"
      },
      "geometry" : {
        "x" : 373003.51360003464,
        "y" : 573944.64300000295
      }
    }
  ]
}