{
  "displayFieldName" : "",
  "fieldAliases" : {
    "FID" : "FID",
    "SAFE_SPOT1" : "SAFE_SPOT1",
    "SAFE_SPOT2" : "SAFE_SPOT2",
    "SAFE_SPOT3" : "SAFE_SPOT3",
    "MGC" : "MGC",
    "ETC_MATTER" : "ETC_MATTER",
    "MNTN_NM" : "MNTN_NM"
  },
  "geometryType" : "esriGeometryPoint",
  "spatialReference" : {
    "wkt" : "PROJCS[\"PCS_ITRF2000_TM\",GEOGCS[\"GCS_ITRF_2000\",DATUM[\"D_ITRF_2000\",SPHEROID[\"GRS_1980\",6378137.0,298.257222101]],PRIMEM[\"Greenwich\",0.0],UNIT[\"Degree\",0.0174532925199433]],PROJECTION[\"Transverse_Mercator\"],PARAMETER[\"False_Easting\",200000.0],PARAMETER[\"False_Northing\",600000.0],PARAMETER[\"Central_Meridian\",127.0],PARAMETER[\"Scale_Factor\",1.0],PARAMETER[\"Latitude_Of_Origin\",38.0],UNIT[\"Meter\",1.0]]"
  },
  "fields" : [
    {
      "name" : "FID",
      "type" : "esriFieldTypeOID",
      "alias" : "FID"
    },
    {
      "name" : "SAFE_SPOT1",
      "type" : "esriFieldTypeDouble",
      "alias" : "SAFE_SPOT1"
    },
    {
      "name" : "SAFE_SPOT2",
      "type" : "esriFieldTypeString",
      "alias" : "SAFE_SPOT2",
      "length" : 50
    },
    {
      "name" : "SAFE_SPOT3",
      "type" : "esriFieldTypeString",
      "alias" : "SAFE_SPOT3",
      "length" : 50
    },
    {
      "name" : "MGC",
      "type" : "esriFieldTypeString",
      "alias" : "MGC",
      "length" : 50
    },
    {
      "name" : "ETC_MATTER",
      "type" : "esriFieldTypeString",
      "alias" : "ETC_MATTER",
      "length" : 200
    },
    {
      "name" : "MNTN_NM",
      "type" : "esriFieldTypeString",
      "alias" : "MNTN_NM",
      "length" : 50
    }
  ],
  "features" : [
    {
      "attributes" : {
        "FID" : 0,
        "SAFE_SPOT1" : 5643,
        "SAFE_SPOT2" : "산악위치표지판",
        "SAFE_SPOT3" : "1 - 1",
        "MGC" : "칠곡군",
        "ETC_MATTER" : " ",
        "MNTN_NM" : "효자봉"
      },
      "geometry" : {
        "x" : 320233.29470000137,
        "y" : 387571.41740000062
      }
    },
    {
      "attributes" : {
        "FID" : 1,
        "SAFE_SPOT1" : 5644,
        "SAFE_SPOT2" : "산악위치표지판",
        "SAFE_SPOT3" : "1 - 2",
        "MGC" : "칠곡군",
        "ETC_MATTER" : " ",
        "MNTN_NM" : "효자봉"
      },
      "geometry" : {
        "x" : 320092.47990000155,
        "y" : 388366.92770000175
      }
    },
    {
      "attributes" : {
        "FID" : 2,
        "SAFE_SPOT1" : 5645,
        "SAFE_SPOT2" : "산악위치표지판",
        "SAFE_SPOT3" : "1 - 3",
        "MGC" : "칠곡군",
        "ETC_MATTER" : " ",
        "MNTN_NM" : "효자봉"
      },
      "geometry" : {
        "x" : 319945.56130000111,
        "y" : 388789.90030000359
      }
    },
    {
      "attributes" : {
        "FID" : 3,
        "SAFE_SPOT1" : 5646,
        "SAFE_SPOT2" : "산악위치표지판",
        "SAFE_SPOT3" : "1 - 4",
        "MGC" : "칠곡군",
        "ETC_MATTER" : " ",
        "MNTN_NM" : "효자봉"
      },
      "geometry" : {
        "x" : 319616.91000000201,
        "y" : 388964.67500000075
      }
    },
    {
      "attributes" : {
        "FID" : 4,
        "SAFE_SPOT1" : 5647,
        "SAFE_SPOT2" : "산악위치표지판",
        "SAFE_SPOT3" : "1 - 5",
        "MGC" : "칠곡군",
        "ETC_MATTER" : " ",
        "MNTN_NM" : "효자봉"
      },
      "geometry" : {
        "x" : 319177.54910000227,
        "y" : 388976.52990000136
      }
    },
    {
      "attributes" : {
        "FID" : 5,
        "SAFE_SPOT1" : 5648,
        "SAFE_SPOT2" : "산악위치표지판",
        "SAFE_SPOT3" : "1 - 6",
        "MGC" : "칠곡군",
        "ETC_MATTER" : " ",
        "MNTN_NM" : "효자봉"
      },
      "geometry" : {
        "x" : 318693.45130000077,
        "y" : 388759.72250000201
      }
    },
    {
      "attributes" : {
        "FID" : 6,
        "SAFE_SPOT1" : 5649,
        "SAFE_SPOT2" : "산악위치표지판",
        "SAFE_SPOT3" : "2 - 1",
        "MGC" : "칠곡군",
        "ETC_MATTER" : " ",
        "MNTN_NM" : "효자봉"
      },
      "geometry" : {
        "x" : 319768.54980000015,
        "y" : 387057.63920000009
      }
    },
    {
      "attributes" : {
        "FID" : 7,
        "SAFE_SPOT1" : 5650,
        "SAFE_SPOT2" : "산악위치표지판",
        "SAFE_SPOT3" : "2 - 2",
        "MGC" : "칠곡군",
        "ETC_MATTER" : " ",
        "MNTN_NM" : "효자봉"
      },
      "geometry" : {
        "x" : 319693.25260000024,
        "y" : 387446.91440000013
      }
    },
    {
      "attributes" : {
        "FID" : 8,
        "SAFE_SPOT1" : 5651,
        "SAFE_SPOT2" : "산악위치표지판",
        "SAFE_SPOT3" : "2 - 3",
        "MGC" : "칠곡군",
        "ETC_MATTER" : " ",
        "MNTN_NM" : "효자봉"
      },
      "geometry" : {
        "x" : 319766.26449999958,
        "y" : 387892.65110000223
      }
    },
    {
      "attributes" : {
        "FID" : 9,
        "SAFE_SPOT1" : 5652,
        "SAFE_SPOT2" : "산악위치표지판",
        "SAFE_SPOT3" : "2 - 4",
        "MGC" : "칠곡군",
        "ETC_MATTER" : " ",
        "MNTN_NM" : "효자봉"
      },
      "geometry" : {
        "x" : 319538.82130000088,
        "y" : 388062.02460000105
      }
    }
  ]
}