{
  "displayFieldName" : "",
  "fieldAliases" : {
    "FID" : "FID",
    "PMNTN_SN" : "PMNTN_SN",
    "MNTN_CODE" : "MNTN_CODE",
    "MNTN_NM" : "MNTN_NM",
    "PMNTN_NM" : "PMNTN_NM",
    "PMNTN_MAIN" : "PMNTN_MAIN",
    "PMNTN_LT" : "PMNTN_LT",
    "PMNTN_DFFL" : "PMNTN_DFFL",
    "PMNTN_UPPL" : "PMNTN_UPPL",
    "PMNTN_GODN" : "PMNTN_GODN",
    "PMNTN_MTRQ" : "PMNTN_MTRQ",
    "PMNTN_CNRL" : "PMNTN_CNRL",
    "PMNTN_CLS_" : "PMNTN_CLS_",
    "PMNTN_RISK" : "PMNTN_RISK",
    "PMNTN_RECO" : "PMNTN_RECO",
    "DATA_STDR_" : "DATA_STDR_",
    "MNTN_ID" : "MNTN_ID"
  },
  "geometryType" : "esriGeometryPolyline",
  "spatialReference" : {
    "wkt" : "PROJCS[\"PCS_ITRF2000_TM\",GEOGCS[\"GCS_ITRF_2000\",DATUM[\"D_ITRF_2000\",SPHEROID[\"GRS_1980\",6378137.0,298.257222101]],PRIMEM[\"Greenwich\",0.0],UNIT[\"Degree\",0.0174532925199433]],PROJECTION[\"Transverse_Mercator\"],PARAMETER[\"False_Easting\",200000.0],PARAMETER[\"False_Northing\",600000.0],PARAMETER[\"Central_Meridian\",127.0],PARAMETER[\"Scale_Factor\",1.0],PARAMETER[\"Latitude_Of_Origin\",38.0],UNIT[\"Meter\",1.0]]"
  },
  "fields" : [
    {
      "name" : "FID",
      "type" : "esriFieldTypeOID",
      "alias" : "FID"
    },
    {
      "name" : "PMNTN_SN",
      "type" : "esriFieldTypeDouble",
      "alias" : "PMNTN_SN"
    },
    {
      "name" : "MNTN_CODE",
      "type" : "esriFieldTypeString",
      "alias" : "MNTN_CODE",
      "length" : 9
    },
    {
      "name" : "MNTN_NM",
      "type" : "esriFieldTypeString",
      "alias" : "MNTN_NM",
      "length" : 50
    },
    {
      "name" : "PMNTN_NM",
      "type" : "esriFieldTypeString",
      "alias" : "PMNTN_NM",
      "length" : 50
    },
    {
      "name" : "PMNTN_MAIN",
      "type" : "esriFieldTypeString",
      "alias" : "PMNTN_MAIN",
      "length" : 200
    },
    {
      "name" : "PMNTN_LT",
      "type" : "esriFieldTypeSingle",
      "alias" : "PMNTN_LT"
    },
    {
      "name" : "PMNTN_DFFL",
      "type" : "esriFieldTypeString",
      "alias" : "PMNTN_DFFL",
      "length" : 8
    },
    {
      "name" : "PMNTN_UPPL",
      "type" : "esriFieldTypeDouble",
      "alias" : "PMNTN_UPPL"
    },
    {
      "name" : "PMNTN_GODN",
      "type" : "esriFieldTypeDouble",
      "alias" : "PMNTN_GODN"
    },
    {
      "name" : "PMNTN_MTRQ",
      "type" : "esriFieldTypeString",
      "alias" : "PMNTN_MTRQ",
      "length" : 200
    },
    {
      "name" : "PMNTN_CNRL",
      "type" : "esriFieldTypeString",
      "alias" : "PMNTN_CNRL",
      "length" : 1
    },
    {
      "name" : "PMNTN_CLS_",
      "type" : "esriFieldTypeString",
      "alias" : "PMNTN_CLS_",
      "length" : 1
    },
    {
      "name" : "PMNTN_RISK",
      "type" : "esriFieldTypeString",
      "alias" : "PMNTN_RISK",
      "length" : 200
    },
    {
      "name" : "PMNTN_RECO",
      "type" : "esriFieldTypeString",
      "alias" : "PMNTN_RECO",
      "length" : 1
    },
    {
      "name" : "DATA_STDR_",
      "type" : "esriFieldTypeString",
      "alias" : "DATA_STDR_",
      "length" : 10
    },
    {
      "name" : "MNTN_ID",
      "type" : "esriFieldTypeString",
      "alias" : "MNTN_ID",
      "length" : 10
    }
  ],
  "features" : [
    {
      "attributes" : {
        "FID" : 0,
        "PMNTN_SN" : 25943,
        "MNTN_CODE" : "461303601",
        "MNTN_NM" : "봉화산",
        "PMNTN_NM" : "묘도동구간",
        "PMNTN_MAIN" : " ",
        "PMNTN_LT" : 1.27,
        "PMNTN_DFFL" : "쉬움",
        "PMNTN_UPPL" : 22,
        "PMNTN_GODN" : 16,
        "PMNTN_MTRQ" : " ",
        "PMNTN_CNRL" : " ",
        "PMNTN_CLS_" : " ",
        "PMNTN_RISK" : " ",
        "PMNTN_RECO" : " ",
        "DATA_STDR_" : "2016-12-31",
        "MNTN_ID" : "461303601"
      },
      "geometry" : {
        "paths" : [
          [
            [
              264800.79729999974,
              254211.84570000321
            ],
            [
              264800.84340000059,
              254211.82750000246
            ],
            [
              264800.92009999976,
              254211.8094000034
            ],
            [
              264800.44350000191,
              254212.02000000142
            ],
            [
              264766.25860000309,
              254201.04659999907
            ],
            [
              264754.58220000193,
              254199.15780000202
            ],
            [
              264741.68440000247,
              254197.07129999995
            ],
            [
              264726.93060000055,
              254197.88260000385
            ],
            [
              264713.59670000151,
              254196.99650000222
            ],
            [
              264697.17250000034,
              254196.16450000368
            ],
            [
              264683.4952000007,
              254195.41920000315
            ],
            [
              264672.6202999996,
              254194.67500000261
            ],
            [
              264666.57280000392,
              254192.66079999879
            ],
            [
              264645.98900000099,
              254191.70710000023
            ],
            [
              264630.75010000076,
              254192.82770000771
            ],
            [
              264620.62660000008,
              254199.17979999818
            ],
            [
              264616.08949999977,
              254204.83690000325
            ],
            [
              264596.36630000081,
              254207.24920000136
            ],
            [
              264549.23919999972,
              254236.32169999927
            ],
            [
              264539.87830000278,
              254237.99480000138
            ],
            [
              264534.15480000246,
              254240.03749999963
            ],
            [
              264530.22850000113,
              254245.86849999987
            ],
            [
              264524.38130000327,
              254250.23520000279
            ],
            [
              264520.4366000006,
              254253.24840000086
            ],
            [
              264520.18270000257,
              254253.38609999977
            ],
            [
              264515.32940000203,
              254253.73320000246
            ],
            [
              264514.85240000021,
              254253.99019999988
            ],
            [
              264514.26819999982,
              254254.25579999946
            ],
            [
              264505.64880000055,
              254259.45850000158
            ],
            [
              264500.70500000101,
              254266.12870000117
            ],
            [
              264496.27480000257,
              254270.59840000235
            ],
            [
              264492.69230000209,
              254274.40460000187
            ],
            [
              264484.62530000228,
              254277.33290000446
            ],
            [
              264479.40620000195,
              254279.57450000383
            ],
            [
              264474.28990000207,
              254284.63460000232
            ],
            [
              264471.40000000317,
              254286.9298000019
            ],
            [
              264469.37910000328,
              254290.97940000147
            ],
            [
              264469.63869999908,
              254292.20879999921
            ],
            [
              264465.92200000025,
              254296.57199999876
            ],
            [
              264459.68240000121,
              254294.64950000122
            ],
            [
              264457.79890000168,
              254302.02930000052
            ],
            [
              264455.69970000256,
              254309.57500000112
            ],
            [
              264450.14690000191,
              254314.59490000084
            ],
            [
              264448.49289999995,
              254317.6892000027
            ],
            [
              264443.42740000039,
              254325.32570000179
            ],
            [
              264438.31799999997,
              254332.6921000015
            ],
            [
              264437.46070000064,
              254332.54659999721
            ],
            [
              264431.40460000094,
              254335.04270000197
            ],
            [
              264424.32780000009,
              254335.56950000115
            ],
            [
              264420.61060000211,
              254338.91899999976
            ],
            [
              264416.33210000116,
              254343.62230000086
            ],
            [
              264412.11070000194,
              254341.29570000246
            ],
            [
              264406.55280000065,
              254342.68870000169
            ],
            [
              264403.23699999973,
              254343.44660000131
            ],
            [
              264399.83970000222,
              254344.89200000279
            ],
            [
              264396.42780000251,
              254346.24430000409
            ],
            [
              264387.55580000021,
              254351.417600004
            ],
            [
              264386.98000000324,
              254353.75700000115
            ],
            [
              264387.79299999867,
              254356.9243999999
            ],
            [
              264389.22400000039,
              254361.56560000218
            ],
            [
              264390.46860000119,
              254367.66560000181
            ],
            [
              264390.27750000171,
              254367.58050000109
            ],
            [
              264387.908400001,
              254367.74990000203
            ],
            [
              264383.597000001,
              254369.52369999886
            ],
            [
              264379.4158000024,
              254371.28910000063
            ],
            [
              264379.20920000318,
              254371.25039999932
            ],
            [
              264378.50609999988,
              254372.07310000248
            ],
            [
              264378.33530000132,
              254372.3881000001
            ],
            [
              264378.53220000211,
              254372.72430000082
            ],
            [
              264379.46400000155,
              254374.25590000115
            ],
            [
              264380.03610000014,
              254375.71070000157
            ],
            [
              264380.21669999883,
              254376.18619999848
            ],
            [
              264380.33100000117,
              254376.28000000119
            ],
            [
              264380.44330000319,
              254379.9355000034
            ],
            [
              264376.58509999979,
              254381.54509999976
            ],
            [
              264378.38659999985,
              254387.98370000161
            ],
            [
              264379.96840000059,
              254394.07660000026
            ],
            [
              264376.77450000402,
              254396.02559999935
            ],
            [
              264369.96650000103,
              254398.64669999853
            ],
            [
              264366.65350000001,
              254404.45420000143
            ],
            [
              264361.21320000384,
              254407.66140000336
            ],
            [
              264356.25540000293,
              254413.08539999835
            ],
            [
              264353.87619999982,
              254420.14550000429
            ],
            [
              264352.01260000095,
              254426.89320000261
            ],
            [
              264348.87540000025,
              254433.87370000221
            ],
            [
              264351.12480000127,
              254438.73440000415
            ],
            [
              264351.95399999991,
              254442.86930000037
            ],
            [
              264346.2163000023,
              254438.2349999994
            ],
            [
              264342.43840000033,
              254440.41249999963
            ],
            [
              264338.39150000177,
              254447.08890000172
            ],
            [
              264335.40120000299,
              254444.04560000449
            ],
            [
              264329.37450000085,
              254443.46380000003
            ],
            [
              264331.38850000408,
              254446.92810000107
            ],
            [
              264329.70940000191,
              254452.51459999941
            ],
            [
              264324.02900000103,
              254454.98549999855
            ],
            [
              264320.90390000027,
              254458.06960000098
            ],
            [
              264317.00690000039,
              254465.20289999992
            ],
            [
              264313.67170000169,
              254469.8291000016
            ],
            [
              264308.20770000108,
              254473.12930000015
            ],
            [
              264300.34059999976,
              254478.60550000519
            ],
            [
              264300.20010000095,
              254485.94470000267
            ],
            [
              264296.94890000205,
              254493.0439999979
            ],
            [
              264299.41170000099,
              254502.82169999927
            ],
            [
              264302.64580000099,
              254515.81720000133
            ],
            [
              264305.67720000166,
              254528.9550999999
            ],
            [
              264310.44359999988,
              254540.41270000115
            ],
            [
              264319.83860000223,
              254544.15169999935
            ],
            [
              264330.28520000074,
              254550.01569999941
            ],
            [
              264338.8712000018,
              254560.72719999962
            ],
            [
              264337.7583999997,
              254572.86580000259
            ],
            [
              264346.41280000098,
              254582.09589999914
            ],
            [
              264359.45060000196,
              254589.16259999946
            ],
            [
              264370.46050000098,
              254595.78420000151
            ],
            [
              264378.30469999928,
              254600.93700000457
            ],
            [
              264391.40840000007,
              254606.4058999978
            ],
            [
              264399.65510000009,
              254611.55980000086
            ],
            [
              264407.94290000014,
              254613.7173999995
            ],
            [
              264417.47699999996,
              254617.79010000266
            ],
            [
              264425.92279999983,
              254622.98050000519
            ],
            [
              264430.67560000066,
              254627.07780000009
            ],
            [
              264433.04120000079,
              254636.8881000001
            ],
            [
              264437.48699999973,
              254645.72460000217
            ],
            [
              264439.83830000088,
              254646.98729999922
            ],
            [
              264447.27000000048,
              254642.81770000607
            ],
            [
              264454.96670000069,
              254638.01760000177
            ],
            [
              264460.1826000018,
              254644.90790000185
            ],
            [
              264467.35400000215,
              254640.69930000231
            ],
            [
              264473.96569999959,
              254636.53320000321
            ],
            [
              264475.99970000144,
              254636.06390000135
            ],
            [
              264482.60730000306,
              254639.03050000034
            ],
            [
              264487.13570000138,
              254645.60920000263
            ],
            [
              264490.14910000004,
              254646.43019999936
            ],
            [
              264491.28160000127,
              254653.18950000033
            ],
            [
              264491.60429999977,
              254653.06159999967
            ],
            [
              264492.01929999981,
              254652.88780000433
            ],
            [
              264497.93810000177,
              254654.63130000047
            ],
            [
              264498.29650000203,
              254654.88490000367
            ],
            [
              264502.33210000303,
              254657.45219999924
            ],
            [
              264504.2807000028,
              254660.40450000204
            ],
            [
              264508.72580000386,
              254660.31489999779
            ],
            [
              264513.66380000021,
              254667.4729999993
            ],
            [
              264515.22719999962,
              254669.61370000243
            ],
            [
              264518.42509999964,
              254670.36160000227
            ],
            [
              264525.39110000059,
              254672.47520000115
            ],
            [
              264525.57910000253,
              254675.15460000187
            ],
            [
              264532.56649999972,
              254674.22740000114
            ],
            [
              264537.93960000388,
              254676.19969999976
            ],
            [
              264541.41590000037,
              254680.92029999942
            ],
            [
              264541.25710000191,
              254681.71900000237
            ],
            [
              264544.30200000294,
              254683.4980999995
            ],
            [
              264548.99210000411,
              254685.60490000062
            ],
            [
              264551.35979999881,
              254689.98299999908
            ],
            [
              264557.37320000026,
              254690.25789999962
            ],
            [
              264558.41650000028,
              254692.26470000111
            ],
            [
              264563.7602000013,
              254695.1387000028
            ],
            [
              264567.37190000061,
              254701.30180000328
            ],
            [
              264571.19340000302,
              254703.80240000039
            ],
            [
              264570.24190000072,
              254707.24579999968
            ],
            [
              264571.85929999966,
              254713.69239999726
            ],
            [
              264573.72660000063,
              254721.63810000196
            ],
            [
              264576.66350000072,
              254726.78280000389
            ],
            [
              264579.41999999993,
              254733.60940000042
            ],
            [
              264581.42059999984,
              254737.86410000175
            ],
            [
              264583.2873999998,
              254742.62920000032
            ],
            [
              264585.73060000129,
              254747.15680000186
            ],
            [
              264588.7267000014,
              254750.4141000025
            ],
            [
              264592.80099999998,
              254753.99519999884
            ],
            [
              264598.50960000325,
              254759.4571000021
            ],
            [
              264600.18400000222,
              254763.25370000303
            ],
            [
              264601.31450000126,
              254763.75470000133
            ],
            [
              264602.72120000143,
              254765.29900000058
            ],
            [
              264604.89510000031,
              254767.81579999998
            ],
            [
              264604.90419999976,
              254768.6900000032
            ],
            [
              264605.02080000099,
              254778.23210000247
            ],
            [
              264604.26270000357,
              254790.11150000244
            ],
            [
              264604.22790000215,
              254793.95189999975
            ],
            [
              264607.22430000082,
              254796.09330000356
            ],
            [
              264606.38680000138,
              254809.44150000438
            ],
            [
              264612.86239999998,
              254815.86660000309
            ],
            [
              264615.31500000134,
              254817.97629999928
            ],
            [
              264619.48060000315,
              254820.5538000036
            ],
            [
              264628.83740000054,
              254825.90190000087
            ],
            [
              264640.04510000069,
              254828.48250000179
            ],
            [
              264640.81530000176,
              254829.01810000278
            ],
            [
              264645.19400000013,
              254833.98699999973
            ],
            [
              264646.53500000015,
              254837.23270000145
            ]
          ]
        ]
      }
    }
  ]
}