{
  "displayFieldName" : "",
  "fieldAliases" : {
    "FID" : "FID",
    "PMNTN_SPOT" : "PMNTN_SPOT",
    "MNTN_CODE" : "MNTN_CODE",
    "MANAGE_SP1" : "MANAGE_SP1",
    "MANAGE_SP2" : "MANAGE_SP2",
    "DETAIL_SPO" : "DETAIL_SPO",
    "ETC_MATTER" : "ETC_MATTER",
    "MNTN_NM" : "MNTN_NM",
    "PAST_SPOT_" : "PAST_SPOT_",
    "MNTN_ID" : "MNTN_ID"
  },
  "geometryType" : "esriGeometryPoint",
  "spatialReference" : {
    "wkt" : "PROJCS[\"PCS_ITRF2000_TM\",GEOGCS[\"GCS_ITRF_2000\",DATUM[\"D_ITRF_2000\",SPHEROID[\"GRS_1980\",6378137.0,298.257222101]],PRIMEM[\"Greenwich\",0.0],UNIT[\"Degree\",0.0174532925199433]],PROJECTION[\"Transverse_Mercator\"],PARAMETER[\"False_Easting\",200000.0],PARAMETER[\"False_Northing\",600000.0],PARAMETER[\"Central_Meridian\",127.0],PARAMETER[\"Scale_Factor\",1.0],PARAMETER[\"Latitude_Of_Origin\",38.0],UNIT[\"Meter\",1.0]]"
  },
  "fields" : [
    {
      "name" : "FID",
      "type" : "esriFieldTypeOID",
      "alias" : "FID"
    },
    {
      "name" : "PMNTN_SPOT",
      "type" : "esriFieldTypeDouble",
      "alias" : "PMNTN_SPOT"
    },
    {
      "name" : "MNTN_CODE",
      "type" : "esriFieldTypeString",
      "alias" : "MNTN_CODE",
      "length" : 9
    },
    {
      "name" : "MANAGE_SP1",
      "type" : "esriFieldTypeString",
      "alias" : "MANAGE_SP1",
      "length" : 2
    },
    {
      "name" : "MANAGE_SP2",
      "type" : "esriFieldTypeString",
      "alias" : "MANAGE_SP2",
      "length" : 50
    },
    {
      "name" : "DETAIL_SPO",
      "type" : "esriFieldTypeString",
      "alias" : "DETAIL_SPO",
      "length" : 200
    },
    {
      "name" : "ETC_MATTER",
      "type" : "esriFieldTypeString",
      "alias" : "ETC_MATTER",
      "length" : 200
    },
    {
      "name" : "MNTN_NM",
      "type" : "esriFieldTypeString",
      "alias" : "MNTN_NM",
      "length" : 50
    },
    {
      "name" : "PAST_SPOT_",
      "type" : "esriFieldTypeString",
      "alias" : "PAST_SPOT_",
      "length" : 14
    },
    {
      "name" : "MNTN_ID",
      "type" : "esriFieldTypeString",
      "alias" : "MNTN_ID",
      "length" : 10
    }
  ],
  "features" : [
    {
      "attributes" : {
        "FID" : 0,
        "PMNTN_SPOT" : 23952,
        "MNTN_CODE" : "282370601",
        "MANAGE_SP1" : "01",
        "MANAGE_SP2" : "시종점",
        "DETAIL_SPO" : "법정사 입구",
        "ETC_MATTER" : " ",
        "MNTN_NM" : "동암산",
        "PAST_SPOT_" : "2823706010001",
        "MNTN_ID" : "282370601"
      },
      "geometry" : {
        "x" : 174168.59439999983,
        "y" : 541896.08030000143
      }
    },
    {
      "attributes" : {
        "FID" : 1,
        "PMNTN_SPOT" : 23953,
        "MNTN_CODE" : "282370601",
        "MANAGE_SP1" : "10",
        "MANAGE_SP2" : "이정표",
        "DETAIL_SPO" : "이정표,조명시설",
        "ETC_MATTER" : " ",
        "MNTN_NM" : "동암산",
        "PAST_SPOT_" : "2823706010002",
        "MNTN_ID" : "282370601"
      },
      "geometry" : {
        "x" : 174106.8359000003,
        "y" : 541813.14130000398
      }
    },
    {
      "attributes" : {
        "FID" : 2,
        "PMNTN_SPOT" : 23954,
        "MNTN_CODE" : "282370601",
        "MANAGE_SP1" : "16",
        "MANAGE_SP2" : "주요나무",
        "DETAIL_SPO" : "곰솔나무 길",
        "ETC_MATTER" : " ",
        "MNTN_NM" : "동암산",
        "PAST_SPOT_" : "2823706010003",
        "MNTN_ID" : "282370601"
      },
      "geometry" : {
        "x" : 174094.17389999889,
        "y" : 541789.81170000136
      }
    },
    {
      "attributes" : {
        "FID" : 3,
        "PMNTN_SPOT" : 23955,
        "MNTN_CODE" : "282370601",
        "MANAGE_SP1" : "99",
        "MANAGE_SP2" : "기타",
        "DETAIL_SPO" : "버려진 군시설",
        "ETC_MATTER" : " ",
        "MNTN_NM" : "동암산",
        "PAST_SPOT_" : "2823706010004",
        "MNTN_ID" : "282370601"
      },
      "geometry" : {
        "x" : 173998.68640000187,
        "y" : 541783.0204000026
      }
    },
    {
      "attributes" : {
        "FID" : 4,
        "PMNTN_SPOT" : 23956,
        "MNTN_CODE" : "282370601",
        "MANAGE_SP1" : "99",
        "MANAGE_SP2" : "기타",
        "DETAIL_SPO" : "로프 난간 길",
        "ETC_MATTER" : " ",
        "MNTN_NM" : "동암산",
        "PAST_SPOT_" : "2823706010005",
        "MNTN_ID" : "282370601"
      },
      "geometry" : {
        "x" : 173981.93499999866,
        "y" : 541832.05250000209
      }
    },
    {
      "attributes" : {
        "FID" : 5,
        "PMNTN_SPOT" : 23957,
        "MNTN_CODE" : "282370601",
        "MANAGE_SP1" : "01",
        "MANAGE_SP2" : "시종점",
        "DETAIL_SPO" : "십정동쪽 입구",
        "ETC_MATTER" : " ",
        "MNTN_NM" : "동암산",
        "PAST_SPOT_" : "2823706010006",
        "MNTN_ID" : "282370601"
      },
      "geometry" : {
        "x" : 173928.84160000179,
        "y" : 541794.14670000225
      }
    },
    {
      "attributes" : {
        "FID" : 6,
        "PMNTN_SPOT" : 23958,
        "MNTN_CODE" : "282370601",
        "MANAGE_SP1" : "01",
        "MANAGE_SP2" : "시종점",
        "DETAIL_SPO" : "신동아쪽 입구",
        "ETC_MATTER" : " ",
        "MNTN_NM" : "동암산",
        "PAST_SPOT_" : "2823706010007",
        "MNTN_ID" : "282370601"
      },
      "geometry" : {
        "x" : 173917.70249999966,
        "y" : 541954.27969999984
      }
    },
    {
      "attributes" : {
        "FID" : 7,
        "PMNTN_SPOT" : 23959,
        "MNTN_CODE" : "282370601",
        "MANAGE_SP1" : "11",
        "MANAGE_SP2" : "안내판또는지도",
        "DETAIL_SPO" : "안내판",
        "ETC_MATTER" : " ",
        "MNTN_NM" : "동암산",
        "PAST_SPOT_" : "2823706010008",
        "MNTN_ID" : "282370601"
      },
      "geometry" : {
        "x" : 173980.16640000045,
        "y" : 541918.60300000012
      }
    },
    {
      "attributes" : {
        "FID" : 8,
        "PMNTN_SPOT" : 23960,
        "MNTN_CODE" : "282370601",
        "MANAGE_SP1" : "22",
        "MANAGE_SP2" : "헬기장",
        "DETAIL_SPO" : "헬기장",
        "ETC_MATTER" : " ",
        "MNTN_NM" : "동암산",
        "PAST_SPOT_" : "2823706010009",
        "MNTN_ID" : "282370601"
      },
      "geometry" : {
        "x" : 174046.71140000131,
        "y" : 542067.02810000256
      }
    },
    {
      "attributes" : {
        "FID" : 9,
        "PMNTN_SPOT" : 23961,
        "MNTN_CODE" : "282370601",
        "MANAGE_SP1" : "99",
        "MANAGE_SP2" : "기타",
        "DETAIL_SPO" : "산불감시탑",
        "ETC_MATTER" : " ",
        "MNTN_NM" : "동암산",
        "PAST_SPOT_" : "2823706010010",
        "MNTN_ID" : "282370601"
      },
      "geometry" : {
        "x" : 174062.91630000155,
        "y" : 542135.36320000328
      }
    },
    {
      "attributes" : {
        "FID" : 10,
        "PMNTN_SPOT" : 23962,
        "MNTN_CODE" : "282370601",
        "MANAGE_SP1" : "99",
        "MANAGE_SP2" : "기타",
        "DETAIL_SPO" : "측량점",
        "ETC_MATTER" : " ",
        "MNTN_NM" : "동암산",
        "PAST_SPOT_" : "2823706010011",
        "MNTN_ID" : "282370601"
      },
      "geometry" : {
        "x" : 174017.37100000028,
        "y" : 542424.90970000252
      }
    },
    {
      "attributes" : {
        "FID" : 11,
        "PMNTN_SPOT" : 23963,
        "MNTN_CODE" : "282370601",
        "MANAGE_SP1" : "99",
        "MANAGE_SP2" : "기타",
        "DETAIL_SPO" : "백운전철역쪽입구",
        "ETC_MATTER" : " ",
        "MNTN_NM" : "동암산",
        "PAST_SPOT_" : "2823706010012",
        "MNTN_ID" : "282370601"
      },
      "geometry" : {
        "x" : 173916.37250000052,
        "y" : 542433.95150000043
      }
    },
    {
      "attributes" : {
        "FID" : 12,
        "PMNTN_SPOT" : 23964,
        "MNTN_CODE" : "282370601",
        "MANAGE_SP1" : "05",
        "MANAGE_SP2" : "벤치",
        "DETAIL_SPO" : "벤치",
        "ETC_MATTER" : " ",
        "MNTN_NM" : "동암산",
        "PAST_SPOT_" : "2823706010013",
        "MNTN_ID" : "282370601"
      },
      "geometry" : {
        "x" : 174140.23819999956,
        "y" : 542350.76440000162
      }
    },
    {
      "attributes" : {
        "FID" : 13,
        "PMNTN_SPOT" : 23965,
        "MNTN_CODE" : "282370601",
        "MANAGE_SP1" : "99",
        "MANAGE_SP2" : "기타",
        "DETAIL_SPO" : "부평가족공원조망",
        "ETC_MATTER" : " ",
        "MNTN_NM" : "동암산",
        "PAST_SPOT_" : "2823706010014",
        "MNTN_ID" : "282370601"
      },
      "geometry" : {
        "x" : 174109.63819999993,
        "y" : 542039.64900000021
      }
    },
    {
      "attributes" : {
        "FID" : 14,
        "PMNTN_SPOT" : 23966,
        "MNTN_CODE" : "282370601",
        "MANAGE_SP1" : "11",
        "MANAGE_SP2" : "안내판또는지도",
        "DETAIL_SPO" : "제일공원 입구 안내판",
        "ETC_MATTER" : " ",
        "MNTN_NM" : "동암산",
        "PAST_SPOT_" : "2823706010015",
        "MNTN_ID" : "282370601"
      },
      "geometry" : {
        "x" : 174177.29100000113,
        "y" : 542039.48550000042
      }
    },
    {
      "attributes" : {
        "FID" : 15,
        "PMNTN_SPOT" : 23967,
        "MNTN_CODE" : "282370601",
        "MANAGE_SP1" : "01",
        "MANAGE_SP2" : "시종점",
        "DETAIL_SPO" : "제일고등학교쪽 입구",
        "ETC_MATTER" : " ",
        "MNTN_NM" : "동암산",
        "PAST_SPOT_" : "2823706010016",
        "MNTN_ID" : "282370601"
      },
      "geometry" : {
        "x" : 174265.43790000025,
        "y" : 542071.05660000257
      }
    },
    {
      "attributes" : {
        "FID" : 16,
        "PMNTN_SPOT" : 23968,
        "MNTN_CODE" : "282370601",
        "MANAGE_SP1" : "02",
        "MANAGE_SP2" : "분기점",
        "DETAIL_SPO" : "분기점",
        "ETC_MATTER" : " ",
        "MNTN_NM" : "동암산",
        "PAST_SPOT_" : "2823706010017",
        "MNTN_ID" : "282370601"
      },
      "geometry" : {
        "x" : 173948.03820000123,
        "y" : 541852.29030000232
      }
    },
    {
      "attributes" : {
        "FID" : 17,
        "PMNTN_SPOT" : 23969,
        "MNTN_CODE" : "282370601",
        "MANAGE_SP1" : "01",
        "MANAGE_SP2" : "시종점",
        "DETAIL_SPO" : "시종점",
        "ETC_MATTER" : " ",
        "MNTN_NM" : "동암산",
        "PAST_SPOT_" : "2823706010018",
        "MNTN_ID" : "282370601"
      },
      "geometry" : {
        "x" : 174014.71790000051,
        "y" : 542425.89530000463
      }
    },
    {
      "attributes" : {
        "FID" : 18,
        "PMNTN_SPOT" : 23970,
        "MNTN_CODE" : "282370601",
        "MANAGE_SP1" : "02",
        "MANAGE_SP2" : "분기점",
        "DETAIL_SPO" : "분기점",
        "ETC_MATTER" : " ",
        "MNTN_NM" : "동암산",
        "PAST_SPOT_" : "2823706010019",
        "MNTN_ID" : "282370601"
      },
      "geometry" : {
        "x" : 174046.62540000118,
        "y" : 542061.55150000192
      }
    },
    {
      "attributes" : {
        "FID" : 19,
        "PMNTN_SPOT" : 23971,
        "MNTN_CODE" : "282370601",
        "MANAGE_SP1" : "02",
        "MANAGE_SP2" : "분기점",
        "DETAIL_SPO" : "분기점",
        "ETC_MATTER" : " ",
        "MNTN_NM" : "동암산",
        "PAST_SPOT_" : "2823706010020",
        "MNTN_ID" : "282370601"
      },
      "geometry" : {
        "x" : 174089.80539999995,
        "y" : 542332.39990000241
      }
    },
    {
      "attributes" : {
        "FID" : 20,
        "PMNTN_SPOT" : 23972,
        "MNTN_CODE" : "282370601",
        "MANAGE_SP1" : "01",
        "MANAGE_SP2" : "시종점",
        "DETAIL_SPO" : "시종점",
        "ETC_MATTER" : " ",
        "MNTN_NM" : "동암산",
        "PAST_SPOT_" : "2823706010021",
        "MNTN_ID" : "282370601"
      },
      "geometry" : {
        "x" : 174158.03289999999,
        "y" : 542348.49250000156
      }
    },
    {
      "attributes" : {
        "FID" : 21,
        "PMNTN_SPOT" : 96873,
        "MNTN_CODE" : "282370601",
        "MANAGE_SP1" : "99",
        "MANAGE_SP2" : "기타",
        "DETAIL_SPO" : "로프 난간 길",
        "ETC_MATTER" : " ",
        "MNTN_NM" : "동암산",
        "PAST_SPOT_" : "2823706010022",
        "MNTN_ID" : "282370601"
      },
      "geometry" : {
        "x" : 173947.93870000067,
        "y" : 541852.76479999907
      }
    },
    {
      "attributes" : {
        "FID" : 22,
        "PMNTN_SPOT" : 96874,
        "MNTN_CODE" : "282370601",
        "MANAGE_SP1" : "99",
        "MANAGE_SP2" : "기타",
        "DETAIL_SPO" : "제일공원 입구 안내판",
        "ETC_MATTER" : " ",
        "MNTN_NM" : "동암산",
        "PAST_SPOT_" : "2823706010023",
        "MNTN_ID" : "282370601"
      },
      "geometry" : {
        "x" : 174257.00280000095,
        "y" : 542074.10610000079
      }
    }
  ]
}