{
  "displayFieldName" : "",
  "fieldAliases" : {
    "FID" : "FID",
    "PMNTN_SPOT" : "PMNTN_SPOT",
    "MNTN_CODE" : "MNTN_CODE",
    "MANAGE_SP1" : "MANAGE_SP1",
    "MANAGE_SP2" : "MANAGE_SP2",
    "DETAIL_SPO" : "DETAIL_SPO",
    "ETC_MATTER" : "ETC_MATTER",
    "MNTN_NM" : "MNTN_NM",
    "PAST_SPOT_" : "PAST_SPOT_",
    "MNTN_ID" : "MNTN_ID"
  },
  "geometryType" : "esriGeometryPoint",
  "spatialReference" : {
    "wkt" : "PROJCS[\"PCS_ITRF2000_TM\",GEOGCS[\"GCS_ITRF_2000\",DATUM[\"D_ITRF_2000\",SPHEROID[\"GRS_1980\",6378137.0,298.257222101]],PRIMEM[\"Greenwich\",0.0],UNIT[\"Degree\",0.0174532925199433]],PROJECTION[\"Transverse_Mercator\"],PARAMETER[\"False_Easting\",200000.0],PARAMETER[\"False_Northing\",600000.0],PARAMETER[\"Central_Meridian\",127.0],PARAMETER[\"Scale_Factor\",1.0],PARAMETER[\"Latitude_Of_Origin\",38.0],UNIT[\"Meter\",1.0]]"
  },
  "fields" : [
    {
      "name" : "FID",
      "type" : "esriFieldTypeOID",
      "alias" : "FID"
    },
    {
      "name" : "PMNTN_SPOT",
      "type" : "esriFieldTypeDouble",
      "alias" : "PMNTN_SPOT"
    },
    {
      "name" : "MNTN_CODE",
      "type" : "esriFieldTypeString",
      "alias" : "MNTN_CODE",
      "length" : 9
    },
    {
      "name" : "MANAGE_SP1",
      "type" : "esriFieldTypeString",
      "alias" : "MANAGE_SP1",
      "length" : 2
    },
    {
      "name" : "MANAGE_SP2",
      "type" : "esriFieldTypeString",
      "alias" : "MANAGE_SP2",
      "length" : 50
    },
    {
      "name" : "DETAIL_SPO",
      "type" : "esriFieldTypeString",
      "alias" : "DETAIL_SPO",
      "length" : 200
    },
    {
      "name" : "ETC_MATTER",
      "type" : "esriFieldTypeString",
      "alias" : "ETC_MATTER",
      "length" : 200
    },
    {
      "name" : "MNTN_NM",
      "type" : "esriFieldTypeString",
      "alias" : "MNTN_NM",
      "length" : 50
    },
    {
      "name" : "PAST_SPOT_",
      "type" : "esriFieldTypeString",
      "alias" : "PAST_SPOT_",
      "length" : 14
    },
    {
      "name" : "MNTN_ID",
      "type" : "esriFieldTypeString",
      "alias" : "MNTN_ID",
      "length" : 10
    }
  ],
  "features" : [
    {
      "attributes" : {
        "FID" : 0,
        "PMNTN_SPOT" : 42831,
        "MNTN_CODE" : "482501801",
        "MANAGE_SP1" : "01",
        "MANAGE_SP2" : "시종점",
        "DETAIL_SPO" : "시종점",
        "ETC_MATTER" : " ",
        "MNTN_NM" : "봉화산",
        "PAST_SPOT_" : "4825018010001",
        "MNTN_ID" : "482501801"
      },
      "geometry" : {
        "x" : 360897.83520001825,
        "y" : 304447.65360000171
      }
    },
    {
      "attributes" : {
        "FID" : 1,
        "PMNTN_SPOT" : 42832,
        "MNTN_CODE" : "482501801",
        "MANAGE_SP1" : "02",
        "MANAGE_SP2" : "분기점",
        "DETAIL_SPO" : "분기점",
        "ETC_MATTER" : " ",
        "MNTN_NM" : "봉화산",
        "PAST_SPOT_" : "4825018010002",
        "MNTN_ID" : "482501801"
      },
      "geometry" : {
        "x" : 361334.37640001997,
        "y" : 303664.97010000236
      }
    },
    {
      "attributes" : {
        "FID" : 2,
        "PMNTN_SPOT" : 42833,
        "MNTN_CODE" : "482501801",
        "MANAGE_SP1" : "02",
        "MANAGE_SP2" : "분기점",
        "DETAIL_SPO" : "분기점",
        "ETC_MATTER" : " ",
        "MNTN_NM" : "봉화산",
        "PAST_SPOT_" : "4825018010003",
        "MNTN_ID" : "482501801"
      },
      "geometry" : {
        "x" : 361356.01030001882,
        "y" : 303690.4672000017
      }
    },
    {
      "attributes" : {
        "FID" : 3,
        "PMNTN_SPOT" : 42834,
        "MNTN_CODE" : "482501801",
        "MANAGE_SP1" : "02",
        "MANAGE_SP2" : "분기점",
        "DETAIL_SPO" : "분기점",
        "ETC_MATTER" : " ",
        "MNTN_NM" : "봉화산",
        "PAST_SPOT_" : "4825018010004",
        "MNTN_ID" : "482501801"
      },
      "geometry" : {
        "x" : 361361.41880001966,
        "y" : 303607.02209999971
      }
    },
    {
      "attributes" : {
        "FID" : 4,
        "PMNTN_SPOT" : 42835,
        "MNTN_CODE" : "482501801",
        "MANAGE_SP1" : "02",
        "MANAGE_SP2" : "분기점",
        "DETAIL_SPO" : "분기점",
        "ETC_MATTER" : " ",
        "MNTN_NM" : "봉화산",
        "PAST_SPOT_" : "4825018010005",
        "MNTN_ID" : "482501801"
      },
      "geometry" : {
        "x" : 361366.05460001808,
        "y" : 303722.91800000146
      }
    },
    {
      "attributes" : {
        "FID" : 5,
        "PMNTN_SPOT" : 42836,
        "MNTN_CODE" : "482501801",
        "MANAGE_SP1" : "02",
        "MANAGE_SP2" : "분기점",
        "DETAIL_SPO" : "분기점",
        "ETC_MATTER" : " ",
        "MNTN_NM" : "봉화산",
        "PAST_SPOT_" : "4825018010006",
        "MNTN_ID" : "482501801"
      },
      "geometry" : {
        "x" : 361384.49350001756,
        "y" : 303990.19000000134
      }
    },
    {
      "attributes" : {
        "FID" : 6,
        "PMNTN_SPOT" : 42837,
        "MNTN_CODE" : "482501801",
        "MANAGE_SP1" : "02",
        "MANAGE_SP2" : "분기점",
        "DETAIL_SPO" : "분기점",
        "ETC_MATTER" : " ",
        "MNTN_NM" : "봉화산",
        "PAST_SPOT_" : "4825018010007",
        "MNTN_ID" : "482501801"
      },
      "geometry" : {
        "x" : 361428.63840002101,
        "y" : 303528.98560000397
      }
    },
    {
      "attributes" : {
        "FID" : 7,
        "PMNTN_SPOT" : 42838,
        "MNTN_CODE" : "482501801",
        "MANAGE_SP1" : "02",
        "MANAGE_SP2" : "분기점",
        "DETAIL_SPO" : "분기점",
        "ETC_MATTER" : " ",
        "MNTN_NM" : "봉화산",
        "PAST_SPOT_" : "4825018010008",
        "MNTN_ID" : "482501801"
      },
      "geometry" : {
        "x" : 361431.45060002152,
        "y" : 303529.28859999776
      }
    },
    {
      "attributes" : {
        "FID" : 8,
        "PMNTN_SPOT" : 42839,
        "MNTN_CODE" : "482501801",
        "MANAGE_SP1" : "02",
        "MANAGE_SP2" : "분기점",
        "DETAIL_SPO" : "분기점",
        "ETC_MATTER" : " ",
        "MNTN_NM" : "봉화산",
        "PAST_SPOT_" : "4825018010009",
        "MNTN_ID" : "482501801"
      },
      "geometry" : {
        "x" : 361438.18340002093,
        "y" : 303633.95390000008
      }
    },
    {
      "attributes" : {
        "FID" : 9,
        "PMNTN_SPOT" : 42840,
        "MNTN_CODE" : "482501801",
        "MANAGE_SP1" : "02",
        "MANAGE_SP2" : "분기점",
        "DETAIL_SPO" : "분기점",
        "ETC_MATTER" : " ",
        "MNTN_NM" : "봉화산",
        "PAST_SPOT_" : "4825018010010",
        "MNTN_ID" : "482501801"
      },
      "geometry" : {
        "x" : 361452.59020002186,
        "y" : 303612.43060000055
      }
    },
    {
      "attributes" : {
        "FID" : 10,
        "PMNTN_SPOT" : 42841,
        "MNTN_CODE" : "482501801",
        "MANAGE_SP1" : "02",
        "MANAGE_SP2" : "분기점",
        "DETAIL_SPO" : "분기점",
        "ETC_MATTER" : " ",
        "MNTN_NM" : "봉화산",
        "PAST_SPOT_" : "4825018010011",
        "MNTN_ID" : "482501801"
      },
      "geometry" : {
        "x" : 361460.31660002004,
        "y" : 303642.56350000016
      }
    },
    {
      "attributes" : {
        "FID" : 11,
        "PMNTN_SPOT" : 42842,
        "MNTN_CODE" : "482501801",
        "MANAGE_SP1" : "02",
        "MANAGE_SP2" : "분기점",
        "DETAIL_SPO" : "분기점",
        "ETC_MATTER" : " ",
        "MNTN_NM" : "봉화산",
        "PAST_SPOT_" : "4825018010012",
        "MNTN_ID" : "482501801"
      },
      "geometry" : {
        "x" : 361485.19210001826,
        "y" : 303629.64839999937
      }
    },
    {
      "attributes" : {
        "FID" : 12,
        "PMNTN_SPOT" : 42843,
        "MNTN_CODE" : "482501801",
        "MANAGE_SP1" : "02",
        "MANAGE_SP2" : "분기점",
        "DETAIL_SPO" : "분기점",
        "ETC_MATTER" : " ",
        "MNTN_NM" : "봉화산",
        "PAST_SPOT_" : "4825018010013",
        "MNTN_ID" : "482501801"
      },
      "geometry" : {
        "x" : 361525.13540001772,
        "y" : 303777.36480000243
      }
    },
    {
      "attributes" : {
        "FID" : 13,
        "PMNTN_SPOT" : 42844,
        "MNTN_CODE" : "482501801",
        "MANAGE_SP1" : "02",
        "MANAGE_SP2" : "분기점",
        "DETAIL_SPO" : "분기점",
        "ETC_MATTER" : " ",
        "MNTN_NM" : "봉화산",
        "PAST_SPOT_" : "4825018010014",
        "MNTN_ID" : "482501801"
      },
      "geometry" : {
        "x" : 361527.4606000185,
        "y" : 303687.52990000509
      }
    },
    {
      "attributes" : {
        "FID" : 14,
        "PMNTN_SPOT" : 42845,
        "MNTN_CODE" : "482501801",
        "MANAGE_SP1" : "02",
        "MANAGE_SP2" : "분기점",
        "DETAIL_SPO" : "분기점",
        "ETC_MATTER" : " ",
        "MNTN_NM" : "봉화산",
        "PAST_SPOT_" : "4825018010015",
        "MNTN_ID" : "482501801"
      },
      "geometry" : {
        "x" : 361533.71730001923,
        "y" : 303704.37470000051
      }
    },
    {
      "attributes" : {
        "FID" : 15,
        "PMNTN_SPOT" : 42846,
        "MNTN_CODE" : "482501801",
        "MANAGE_SP1" : "02",
        "MANAGE_SP2" : "분기점",
        "DETAIL_SPO" : "분기점",
        "ETC_MATTER" : " ",
        "MNTN_NM" : "봉화산",
        "PAST_SPOT_" : "4825018010016",
        "MNTN_ID" : "482501801"
      },
      "geometry" : {
        "x" : 361552.26070002094,
        "y" : 303679.65020000003
      }
    },
    {
      "attributes" : {
        "FID" : 16,
        "PMNTN_SPOT" : 42847,
        "MNTN_CODE" : "482501801",
        "MANAGE_SP1" : "02",
        "MANAGE_SP2" : "분기점",
        "DETAIL_SPO" : "분기점",
        "ETC_MATTER" : " ",
        "MNTN_NM" : "봉화산",
        "PAST_SPOT_" : "4825018010017",
        "MNTN_ID" : "482501801"
      },
      "geometry" : {
        "x" : 361564.6229000194,
        "y" : 303916.07779999822
      }
    },
    {
      "attributes" : {
        "FID" : 17,
        "PMNTN_SPOT" : 42848,
        "MNTN_CODE" : "482501801",
        "MANAGE_SP1" : "01",
        "MANAGE_SP2" : "시종점",
        "DETAIL_SPO" : "시종점",
        "ETC_MATTER" : " ",
        "MNTN_NM" : "봉화산",
        "PAST_SPOT_" : "4825018010018",
        "MNTN_ID" : "482501801"
      },
      "geometry" : {
        "x" : 361600.16430001892,
        "y" : 303367.50400000252
      }
    },
    {
      "attributes" : {
        "FID" : 18,
        "PMNTN_SPOT" : 42849,
        "MNTN_CODE" : "482501801",
        "MANAGE_SP1" : "02",
        "MANAGE_SP2" : "분기점",
        "DETAIL_SPO" : "분기점",
        "ETC_MATTER" : " ",
        "MNTN_NM" : "봉화산",
        "PAST_SPOT_" : "4825018010019",
        "MNTN_ID" : "482501801"
      },
      "geometry" : {
        "x" : 361607.90740001854,
        "y" : 303929.36890000105
      }
    },
    {
      "attributes" : {
        "FID" : 19,
        "PMNTN_SPOT" : 42850,
        "MNTN_CODE" : "482501801",
        "MANAGE_SP1" : "02",
        "MANAGE_SP2" : "분기점",
        "DETAIL_SPO" : "분기점",
        "ETC_MATTER" : " ",
        "MNTN_NM" : "봉화산",
        "PAST_SPOT_" : "4825018010020",
        "MNTN_ID" : "482501801"
      },
      "geometry" : {
        "x" : 361662.74810001906,
        "y" : 303987.16060000099
      }
    },
    {
      "attributes" : {
        "FID" : 20,
        "PMNTN_SPOT" : 42851,
        "MNTN_CODE" : "482501801",
        "MANAGE_SP1" : "01",
        "MANAGE_SP2" : "시종점",
        "DETAIL_SPO" : "시종점",
        "ETC_MATTER" : " ",
        "MNTN_NM" : "봉화산",
        "PAST_SPOT_" : "4825018010021",
        "MNTN_ID" : "482501801"
      },
      "geometry" : {
        "x" : 361787.14300001878,
        "y" : 303488.80830000155
      }
    },
    {
      "attributes" : {
        "FID" : 21,
        "PMNTN_SPOT" : 42852,
        "MNTN_CODE" : "482501801",
        "MANAGE_SP1" : "02",
        "MANAGE_SP2" : "분기점",
        "DETAIL_SPO" : "분기점",
        "ETC_MATTER" : " ",
        "MNTN_NM" : "봉화산",
        "PAST_SPOT_" : "4825018010022",
        "MNTN_ID" : "482501801"
      },
      "geometry" : {
        "x" : 361817.72870001849,
        "y" : 304009.88310000114
      }
    },
    {
      "attributes" : {
        "FID" : 22,
        "PMNTN_SPOT" : 42853,
        "MNTN_CODE" : "482501801",
        "MANAGE_SP1" : "02",
        "MANAGE_SP2" : "분기점",
        "DETAIL_SPO" : "분기점",
        "ETC_MATTER" : " ",
        "MNTN_NM" : "봉화산",
        "PAST_SPOT_" : "4825018010023",
        "MNTN_ID" : "482501801"
      },
      "geometry" : {
        "x" : 361971.03110001795,
        "y" : 303831.86020000093
      }
    },
    {
      "attributes" : {
        "FID" : 23,
        "PMNTN_SPOT" : 42854,
        "MNTN_CODE" : "482501801",
        "MANAGE_SP1" : "02",
        "MANAGE_SP2" : "분기점",
        "DETAIL_SPO" : "분기점",
        "ETC_MATTER" : " ",
        "MNTN_NM" : "봉화산",
        "PAST_SPOT_" : "4825018010024",
        "MNTN_ID" : "482501801"
      },
      "geometry" : {
        "x" : 362025.88850001991,
        "y" : 304018.83889999986
      }
    },
    {
      "attributes" : {
        "FID" : 24,
        "PMNTN_SPOT" : 42855,
        "MNTN_CODE" : "482501801",
        "MANAGE_SP1" : "02",
        "MANAGE_SP2" : "분기점",
        "DETAIL_SPO" : "분기점",
        "ETC_MATTER" : " ",
        "MNTN_NM" : "봉화산",
        "PAST_SPOT_" : "4825018010025",
        "MNTN_ID" : "482501801"
      },
      "geometry" : {
        "x" : 362247.63600001764,
        "y" : 303984.07010000199
      }
    },
    {
      "attributes" : {
        "FID" : 25,
        "PMNTN_SPOT" : 42856,
        "MNTN_CODE" : "482501801",
        "MANAGE_SP1" : "01",
        "MANAGE_SP2" : "시종점",
        "DETAIL_SPO" : "시종점",
        "ETC_MATTER" : " ",
        "MNTN_NM" : "봉화산",
        "PAST_SPOT_" : "4825018010026",
        "MNTN_ID" : "482501801"
      },
      "geometry" : {
        "x" : 362437.70520002116,
        "y" : 303681.96810000204
      }
    },
    {
      "attributes" : {
        "FID" : 26,
        "PMNTN_SPOT" : 42857,
        "MNTN_CODE" : "482501801",
        "MANAGE_SP1" : "01",
        "MANAGE_SP2" : "시종점",
        "DETAIL_SPO" : "시종점",
        "ETC_MATTER" : " ",
        "MNTN_NM" : "봉화산",
        "PAST_SPOT_" : "4825018010027",
        "MNTN_ID" : "482501801"
      },
      "geometry" : {
        "x" : 362547.42000001669,
        "y" : 304573.59380000271
      }
    },
    {
      "attributes" : {
        "FID" : 27,
        "PMNTN_SPOT" : 42858,
        "MNTN_CODE" : "482501801",
        "MANAGE_SP1" : "02",
        "MANAGE_SP2" : "분기점",
        "DETAIL_SPO" : "분기점",
        "ETC_MATTER" : " ",
        "MNTN_NM" : "봉화산",
        "PAST_SPOT_" : "4825018010028",
        "MNTN_ID" : "482501801"
      },
      "geometry" : {
        "x" : 362551.77840002161,
        "y" : 304164.72140000202
      }
    },
    {
      "attributes" : {
        "FID" : 28,
        "PMNTN_SPOT" : 42859,
        "MNTN_CODE" : "482501801",
        "MANAGE_SP1" : "02",
        "MANAGE_SP2" : "분기점",
        "DETAIL_SPO" : "분기점",
        "ETC_MATTER" : " ",
        "MNTN_NM" : "봉화산",
        "PAST_SPOT_" : "4825018010029",
        "MNTN_ID" : "482501801"
      },
      "geometry" : {
        "x" : 362736.06060002092,
        "y" : 304151.28610000014
      }
    },
    {
      "attributes" : {
        "FID" : 29,
        "PMNTN_SPOT" : 42860,
        "MNTN_CODE" : "482501801",
        "MANAGE_SP1" : "01",
        "MANAGE_SP2" : "시종점",
        "DETAIL_SPO" : "시종점",
        "ETC_MATTER" : " ",
        "MNTN_NM" : "봉화산",
        "PAST_SPOT_" : "4825018010030",
        "MNTN_ID" : "482501801"
      },
      "geometry" : {
        "x" : 362764.53160002176,
        "y" : 303575.34390000068
      }
    },
    {
      "attributes" : {
        "FID" : 30,
        "PMNTN_SPOT" : 42861,
        "MNTN_CODE" : "482501801",
        "MANAGE_SP1" : "01",
        "MANAGE_SP2" : "시종점",
        "DETAIL_SPO" : "시종점",
        "ETC_MATTER" : " ",
        "MNTN_NM" : "봉화산",
        "PAST_SPOT_" : "4825018010031",
        "MNTN_ID" : "482501801"
      },
      "geometry" : {
        "x" : 363633.75080002006,
        "y" : 304441.47249999829
      }
    }
  ]
}