{
  "displayFieldName" : "",
  "fieldAliases" : {
    "FID" : "FID",
    "PMNTN_SPOT" : "PMNTN_SPOT",
    "MNTN_CODE" : "MNTN_CODE",
    "MANAGE_SP1" : "MANAGE_SP1",
    "MANAGE_SP2" : "MANAGE_SP2",
    "DETAIL_SPO" : "DETAIL_SPO",
    "ETC_MATTER" : "ETC_MATTER",
    "MNTN_NM" : "MNTN_NM",
    "PAST_SPOT_" : "PAST_SPOT_",
    "MNTN_ID" : "MNTN_ID"
  },
  "geometryType" : "esriGeometryPoint",
  "spatialReference" : {
    "wkt" : "PROJCS[\"PCS_ITRF2000_TM\",GEOGCS[\"GCS_ITRF_2000\",DATUM[\"D_ITRF_2000\",SPHEROID[\"GRS_1980\",6378137.0,298.257222101]],PRIMEM[\"Greenwich\",0.0],UNIT[\"Degree\",0.0174532925199433]],PROJECTION[\"Transverse_Mercator\"],PARAMETER[\"False_Easting\",200000.0],PARAMETER[\"False_Northing\",600000.0],PARAMETER[\"Central_Meridian\",127.0],PARAMETER[\"Scale_Factor\",1.0],PARAMETER[\"Latitude_Of_Origin\",38.0],UNIT[\"Meter\",1.0]]"
  },
  "fields" : [
    {
      "name" : "FID",
      "type" : "esriFieldTypeOID",
      "alias" : "FID"
    },
    {
      "name" : "PMNTN_SPOT",
      "type" : "esriFieldTypeDouble",
      "alias" : "PMNTN_SPOT"
    },
    {
      "name" : "MNTN_CODE",
      "type" : "esriFieldTypeString",
      "alias" : "MNTN_CODE",
      "length" : 9
    },
    {
      "name" : "MANAGE_SP1",
      "type" : "esriFieldTypeString",
      "alias" : "MANAGE_SP1",
      "length" : 2
    },
    {
      "name" : "MANAGE_SP2",
      "type" : "esriFieldTypeString",
      "alias" : "MANAGE_SP2",
      "length" : 50
    },
    {
      "name" : "DETAIL_SPO",
      "type" : "esriFieldTypeString",
      "alias" : "DETAIL_SPO",
      "length" : 200
    },
    {
      "name" : "ETC_MATTER",
      "type" : "esriFieldTypeString",
      "alias" : "ETC_MATTER",
      "length" : 200
    },
    {
      "name" : "MNTN_NM",
      "type" : "esriFieldTypeString",
      "alias" : "MNTN_NM",
      "length" : 50
    },
    {
      "name" : "PAST_SPOT_",
      "type" : "esriFieldTypeString",
      "alias" : "PAST_SPOT_",
      "length" : 14
    },
    {
      "name" : "MNTN_ID",
      "type" : "esriFieldTypeString",
      "alias" : "MNTN_ID",
      "length" : 10
    }
  ],
  "features" : [
    {
      "attributes" : {
        "FID" : 0,
        "PMNTN_SPOT" : 51327,
        "MNTN_CODE" : "431103201",
        "MANAGE_SP1" : "99",
        "MANAGE_SP2" : "기타",
        "DETAIL_SPO" : "지산1리마을회관",
        "ETC_MATTER" : " ",
        "MNTN_NM" : "선두산",
        "PAST_SPOT_" : "4311032010001",
        "MNTN_ID" : "431103201"
      },
      "geometry" : {
        "x" : 252438.28520000074,
        "y" : 448488.25460000336
      }
    },
    {
      "attributes" : {
        "FID" : 1,
        "PMNTN_SPOT" : 51328,
        "MNTN_CODE" : "431103201",
        "MANAGE_SP1" : "99",
        "MANAGE_SP2" : "기타",
        "DETAIL_SPO" : "지산2리마을회관[4m]",
        "ETC_MATTER" : " ",
        "MNTN_NM" : "선두산",
        "PAST_SPOT_" : "4311032010002",
        "MNTN_ID" : "431103201"
      },
      "geometry" : {
        "x" : 251891.56390000042,
        "y" : 447851.54529999942
      }
    },
    {
      "attributes" : {
        "FID" : 2,
        "PMNTN_SPOT" : 51329,
        "MNTN_CODE" : "431103201",
        "MANAGE_SP1" : "99",
        "MANAGE_SP2" : "기타",
        "DETAIL_SPO" : "안건이고개[2].등산로.한남금맥",
        "ETC_MATTER" : " ",
        "MNTN_NM" : "선두산",
        "PAST_SPOT_" : "4311032010003",
        "MNTN_ID" : "431103201"
      },
      "geometry" : {
        "x" : 251195.67989999987,
        "y" : 447061.54849999957
      }
    },
    {
      "attributes" : {
        "FID" : 3,
        "PMNTN_SPOT" : 51330,
        "MNTN_CODE" : "431103201",
        "MANAGE_SP1" : "23",
        "MANAGE_SP2" : "정상",
        "DETAIL_SPO" : "선두산정상",
        "ETC_MATTER" : " ",
        "MNTN_NM" : "선두산",
        "PAST_SPOT_" : "4311032010004",
        "MNTN_ID" : "431103201"
      },
      "geometry" : {
        "x" : 251563.94249999896,
        "y" : 446526.27480000257
      }
    },
    {
      "attributes" : {
        "FID" : 4,
        "PMNTN_SPOT" : 51331,
        "MNTN_CODE" : "431103201",
        "MANAGE_SP1" : "10",
        "MANAGE_SP2" : "이정표",
        "DETAIL_SPO" : "이정표설치요",
        "ETC_MATTER" : " ",
        "MNTN_NM" : "선두산",
        "PAST_SPOT_" : "4311032010005",
        "MNTN_ID" : "431103201"
      },
      "geometry" : {
        "x" : 256213.90500000026,
        "y" : 446033.44940000214
      }
    },
    {
      "attributes" : {
        "FID" : 5,
        "PMNTN_SPOT" : 51332,
        "MNTN_CODE" : "431103201",
        "MANAGE_SP1" : "10",
        "MANAGE_SP2" : "이정표",
        "DETAIL_SPO" : "등산로[이정표설치요]",
        "ETC_MATTER" : " ",
        "MNTN_NM" : "선두산",
        "PAST_SPOT_" : "4311032010006",
        "MNTN_ID" : "431103201"
      },
      "geometry" : {
        "x" : 256117.99239999894,
        "y" : 446152.33490000106
      }
    },
    {
      "attributes" : {
        "FID" : 6,
        "PMNTN_SPOT" : 51333,
        "MNTN_CODE" : "431103201",
        "MANAGE_SP1" : "99",
        "MANAGE_SP2" : "기타",
        "DETAIL_SPO" : "대항산",
        "ETC_MATTER" : " ",
        "MNTN_NM" : "선두산",
        "PAST_SPOT_" : "4311032010007",
        "MNTN_ID" : "431103201"
      },
      "geometry" : {
        "x" : 254450.38140000217,
        "y" : 445946.85810000077
      }
    },
    {
      "attributes" : {
        "FID" : 7,
        "PMNTN_SPOT" : 51334,
        "MNTN_CODE" : "431103201",
        "MANAGE_SP1" : "10",
        "MANAGE_SP2" : "이정표",
        "DETAIL_SPO" : "고개.이정표설치요",
        "ETC_MATTER" : " ",
        "MNTN_NM" : "선두산",
        "PAST_SPOT_" : "4311032010008",
        "MNTN_ID" : "431103201"
      },
      "geometry" : {
        "x" : 252991.31500000041,
        "y" : 445241.00590000115
      }
    },
    {
      "attributes" : {
        "FID" : 8,
        "PMNTN_SPOT" : 51335,
        "MNTN_CODE" : "431103201",
        "MANAGE_SP1" : "10",
        "MANAGE_SP2" : "이정표",
        "DETAIL_SPO" : "무명봉[이정표설치요]",
        "ETC_MATTER" : " ",
        "MNTN_NM" : "선두산",
        "PAST_SPOT_" : "4311032010009",
        "MNTN_ID" : "431103201"
      },
      "geometry" : {
        "x" : 252564.99590000045,
        "y" : 445732.72310000099
      }
    },
    {
      "attributes" : {
        "FID" : 9,
        "PMNTN_SPOT" : 51336,
        "MNTN_CODE" : "431103201",
        "MANAGE_SP1" : "10",
        "MANAGE_SP2" : "이정표",
        "DETAIL_SPO" : "고개.이정표설치요",
        "ETC_MATTER" : " ",
        "MNTN_NM" : "선두산",
        "PAST_SPOT_" : "4311032010010",
        "MNTN_ID" : "431103201"
      },
      "geometry" : {
        "x" : 251877.60560000129,
        "y" : 446152.27980000153
      }
    },
    {
      "attributes" : {
        "FID" : 10,
        "PMNTN_SPOT" : 51337,
        "MNTN_CODE" : "431103201",
        "MANAGE_SP1" : "01",
        "MANAGE_SP2" : "시종점",
        "DETAIL_SPO" : "시종점",
        "ETC_MATTER" : " ",
        "MNTN_NM" : "선두산",
        "PAST_SPOT_" : "4311032010011",
        "MNTN_ID" : "431103201"
      },
      "geometry" : {
        "x" : 252430.77460000012,
        "y" : 448490.83440000005
      }
    },
    {
      "attributes" : {
        "FID" : 11,
        "PMNTN_SPOT" : 51338,
        "MNTN_CODE" : "431103201",
        "MANAGE_SP1" : "02",
        "MANAGE_SP2" : "분기점",
        "DETAIL_SPO" : "분기점",
        "ETC_MATTER" : " ",
        "MNTN_NM" : "선두산",
        "PAST_SPOT_" : "4311032010012",
        "MNTN_ID" : "431103201"
      },
      "geometry" : {
        "x" : 252561.44290000107,
        "y" : 445783.04050000012
      }
    },
    {
      "attributes" : {
        "FID" : 12,
        "PMNTN_SPOT" : 51339,
        "MNTN_CODE" : "431103201",
        "MANAGE_SP1" : "01",
        "MANAGE_SP2" : "시종점",
        "DETAIL_SPO" : "시종점",
        "ETC_MATTER" : " ",
        "MNTN_NM" : "선두산",
        "PAST_SPOT_" : "4311032010013",
        "MNTN_ID" : "431103201"
      },
      "geometry" : {
        "x" : 252617.87200000044,
        "y" : 446508.02560000122
      }
    },
    {
      "attributes" : {
        "FID" : 13,
        "PMNTN_SPOT" : 51340,
        "MNTN_CODE" : "431103201",
        "MANAGE_SP1" : "01",
        "MANAGE_SP2" : "시종점",
        "DETAIL_SPO" : "시종점",
        "ETC_MATTER" : " ",
        "MNTN_NM" : "선두산",
        "PAST_SPOT_" : "4311032010014",
        "MNTN_ID" : "431103201"
      },
      "geometry" : {
        "x" : 256402.28030000068,
        "y" : 446132.65399999917
      }
    }
  ]
}