{
  "displayFieldName" : "",
  "fieldAliases" : {
    "FID" : "FID",
    "PMNTN_SPOT" : "PMNTN_SPOT",
    "MNTN_CODE" : "MNTN_CODE",
    "MANAGE_SP1" : "MANAGE_SP1",
    "MANAGE_SP2" : "MANAGE_SP2",
    "DETAIL_SPO" : "DETAIL_SPO",
    "ETC_MATTER" : "ETC_MATTER",
    "MNTN_NM" : "MNTN_NM",
    "PAST_SPOT_" : "PAST_SPOT_",
    "MNTN_ID" : "MNTN_ID"
  },
  "geometryType" : "esriGeometryPoint",
  "spatialReference" : {
    "wkt" : "PROJCS[\"PCS_ITRF2000_TM\",GEOGCS[\"GCS_ITRF_2000\",DATUM[\"D_ITRF_2000\",SPHEROID[\"GRS_1980\",6378137.0,298.257222101]],PRIMEM[\"Greenwich\",0.0],UNIT[\"Degree\",0.0174532925199433]],PROJECTION[\"Transverse_Mercator\"],PARAMETER[\"False_Easting\",200000.0],PARAMETER[\"False_Northing\",600000.0],PARAMETER[\"Central_Meridian\",127.0],PARAMETER[\"Scale_Factor\",1.0],PARAMETER[\"Latitude_Of_Origin\",38.0],UNIT[\"Meter\",1.0]]"
  },
  "fields" : [
    {
      "name" : "FID",
      "type" : "esriFieldTypeOID",
      "alias" : "FID"
    },
    {
      "name" : "PMNTN_SPOT",
      "type" : "esriFieldTypeDouble",
      "alias" : "PMNTN_SPOT"
    },
    {
      "name" : "MNTN_CODE",
      "type" : "esriFieldTypeString",
      "alias" : "MNTN_CODE",
      "length" : 9
    },
    {
      "name" : "MANAGE_SP1",
      "type" : "esriFieldTypeString",
      "alias" : "MANAGE_SP1",
      "length" : 2
    },
    {
      "name" : "MANAGE_SP2",
      "type" : "esriFieldTypeString",
      "alias" : "MANAGE_SP2",
      "length" : 50
    },
    {
      "name" : "DETAIL_SPO",
      "type" : "esriFieldTypeString",
      "alias" : "DETAIL_SPO",
      "length" : 200
    },
    {
      "name" : "ETC_MATTER",
      "type" : "esriFieldTypeString",
      "alias" : "ETC_MATTER",
      "length" : 200
    },
    {
      "name" : "MNTN_NM",
      "type" : "esriFieldTypeString",
      "alias" : "MNTN_NM",
      "length" : 50
    },
    {
      "name" : "PAST_SPOT_",
      "type" : "esriFieldTypeString",
      "alias" : "PAST_SPOT_",
      "length" : 14
    },
    {
      "name" : "MNTN_ID",
      "type" : "esriFieldTypeString",
      "alias" : "MNTN_ID",
      "length" : 10
    }
  ],
  "features" : [
    {
      "attributes" : {
        "FID" : 0,
        "PMNTN_SPOT" : 734,
        "MNTN_CODE" : "301103704",
        "MANAGE_SP1" : "01",
        "MANAGE_SP2" : "시종점",
        "DETAIL_SPO" : "시종점",
        "ETC_MATTER" : " ",
        "MNTN_NM" : "가오공원",
        "PAST_SPOT_" : "3011037040001",
        "MNTN_ID" : "301103704"
      },
      "geometry" : {
        "x" : 241134.49950000085,
        "y" : 412094.76559999958
      }
    },
    {
      "attributes" : {
        "FID" : 1,
        "PMNTN_SPOT" : 735,
        "MNTN_CODE" : "301103704",
        "MANAGE_SP1" : "02",
        "MANAGE_SP2" : "분기점",
        "DETAIL_SPO" : "분기점",
        "ETC_MATTER" : " ",
        "MNTN_NM" : "가오공원",
        "PAST_SPOT_" : "3011037040002",
        "MNTN_ID" : "301103704"
      },
      "geometry" : {
        "x" : 241191.71389999986,
        "y" : 412134.2033000011
      }
    },
    {
      "attributes" : {
        "FID" : 2,
        "PMNTN_SPOT" : 736,
        "MNTN_CODE" : "301103704",
        "MANAGE_SP1" : "01",
        "MANAGE_SP2" : "시종점",
        "DETAIL_SPO" : "시종점",
        "ETC_MATTER" : " ",
        "MNTN_NM" : "가오공원",
        "PAST_SPOT_" : "3011037040003",
        "MNTN_ID" : "301103704"
      },
      "geometry" : {
        "x" : 241193.01829999965,
        "y" : 411953.62519999966
      }
    },
    {
      "attributes" : {
        "FID" : 3,
        "PMNTN_SPOT" : 737,
        "MNTN_CODE" : "301103704",
        "MANAGE_SP1" : "01",
        "MANAGE_SP2" : "시종점",
        "DETAIL_SPO" : "시종점",
        "ETC_MATTER" : " ",
        "MNTN_NM" : "가오공원",
        "PAST_SPOT_" : "3011037040004",
        "MNTN_ID" : "301103704"
      },
      "geometry" : {
        "x" : 241248.15070000011,
        "y" : 411803.12309999764
      }
    },
    {
      "attributes" : {
        "FID" : 4,
        "PMNTN_SPOT" : 738,
        "MNTN_CODE" : "301103704",
        "MANAGE_SP1" : "02",
        "MANAGE_SP2" : "분기점",
        "DETAIL_SPO" : "분기점",
        "ETC_MATTER" : " ",
        "MNTN_NM" : "가오공원",
        "PAST_SPOT_" : "3011037040005",
        "MNTN_ID" : "301103704"
      },
      "geometry" : {
        "x" : 241253.22110000066,
        "y" : 412206.92980000004
      }
    },
    {
      "attributes" : {
        "FID" : 5,
        "PMNTN_SPOT" : 739,
        "MNTN_CODE" : "301103704",
        "MANAGE_SP1" : "02",
        "MANAGE_SP2" : "분기점",
        "DETAIL_SPO" : "분기점",
        "ETC_MATTER" : " ",
        "MNTN_NM" : "가오공원",
        "PAST_SPOT_" : "3011037040006",
        "MNTN_ID" : "301103704"
      },
      "geometry" : {
        "x" : 241293.00979999918,
        "y" : 412136.24029999971
      }
    },
    {
      "attributes" : {
        "FID" : 6,
        "PMNTN_SPOT" : 740,
        "MNTN_CODE" : "301103704",
        "MANAGE_SP1" : "02",
        "MANAGE_SP2" : "분기점",
        "DETAIL_SPO" : "분기점",
        "ETC_MATTER" : " ",
        "MNTN_NM" : "가오공원",
        "PAST_SPOT_" : "3011037040007",
        "MNTN_ID" : "301103704"
      },
      "geometry" : {
        "x" : 241358.88780000061,
        "y" : 412173.39060000144
      }
    },
    {
      "attributes" : {
        "FID" : 7,
        "PMNTN_SPOT" : 741,
        "MNTN_CODE" : "301103704",
        "MANAGE_SP1" : "02",
        "MANAGE_SP2" : "분기점",
        "DETAIL_SPO" : "분기점",
        "ETC_MATTER" : " ",
        "MNTN_NM" : "가오공원",
        "PAST_SPOT_" : "3011037040008",
        "MNTN_ID" : "301103704"
      },
      "geometry" : {
        "x" : 241383.71560000069,
        "y" : 412206.91450000182
      }
    }
  ]
}