{
  "displayFieldName" : "",
  "fieldAliases" : {
    "FID" : "FID",
    "SAFE_SPOT1" : "SAFE_SPOT1",
    "SAFE_SPOT2" : "SAFE_SPOT2",
    "SAFE_SPOT3" : "SAFE_SPOT3",
    "MGC" : "MGC",
    "ETC_MATTER" : "ETC_MATTER",
    "MNTN_NM" : "MNTN_NM"
  },
  "geometryType" : "esriGeometryPoint",
  "spatialReference" : {
    "wkt" : "PROJCS[\"PCS_ITRF2000_TM\",GEOGCS[\"GCS_ITRF_2000\",DATUM[\"D_ITRF_2000\",SPHEROID[\"GRS_1980\",6378137.0,298.257222101]],PRIMEM[\"Greenwich\",0.0],UNIT[\"Degree\",0.0174532925199433]],PROJECTION[\"Transverse_Mercator\"],PARAMETER[\"False_Easting\",200000.0],PARAMETER[\"False_Northing\",600000.0],PARAMETER[\"Central_Meridian\",127.0],PARAMETER[\"Scale_Factor\",1.0],PARAMETER[\"Latitude_Of_Origin\",38.0],UNIT[\"Meter\",1.0]]"
  },
  "fields" : [
    {
      "name" : "FID",
      "type" : "esriFieldTypeOID",
      "alias" : "FID"
    },
    {
      "name" : "SAFE_SPOT1",
      "type" : "esriFieldTypeDouble",
      "alias" : "SAFE_SPOT1"
    },
    {
      "name" : "SAFE_SPOT2",
      "type" : "esriFieldTypeString",
      "alias" : "SAFE_SPOT2",
      "length" : 50
    },
    {
      "name" : "SAFE_SPOT3",
      "type" : "esriFieldTypeString",
      "alias" : "SAFE_SPOT3",
      "length" : 50
    },
    {
      "name" : "MGC",
      "type" : "esriFieldTypeString",
      "alias" : "MGC",
      "length" : 50
    },
    {
      "name" : "ETC_MATTER",
      "type" : "esriFieldTypeString",
      "alias" : "ETC_MATTER",
      "length" : 200
    },
    {
      "name" : "MNTN_NM",
      "type" : "esriFieldTypeString",
      "alias" : "MNTN_NM",
      "length" : 50
    }
  ],
  "features" : [
    {
      "attributes" : {
        "FID" : 0,
        "SAFE_SPOT1" : 731,
        "SAFE_SPOT2" : "산악위치표지판",
        "SAFE_SPOT3" : "주흘1",
        "MGC" : "문경소방서",
        "ETC_MATTER" : " ",
        "MNTN_NM" : "주흘산"
      },
      "geometry" : {
        "x" : 297689.71370000206,
        "y" : 464753.05279999971
      }
    },
    {
      "attributes" : {
        "FID" : 1,
        "SAFE_SPOT1" : 732,
        "SAFE_SPOT2" : "산악위치표지판",
        "SAFE_SPOT3" : "주흘2",
        "MGC" : "문경소방서",
        "ETC_MATTER" : " ",
        "MNTN_NM" : "주흘산"
      },
      "geometry" : {
        "x" : 298156.78509999998,
        "y" : 464900.23250000179
      }
    },
    {
      "attributes" : {
        "FID" : 2,
        "SAFE_SPOT1" : 733,
        "SAFE_SPOT2" : "산악위치표지판",
        "SAFE_SPOT3" : "주흘3",
        "MGC" : "문경소방서",
        "ETC_MATTER" : " ",
        "MNTN_NM" : "주흘산"
      },
      "geometry" : {
        "x" : 298674.07849999983,
        "y" : 464992.52119999938
      }
    },
    {
      "attributes" : {
        "FID" : 3,
        "SAFE_SPOT1" : 734,
        "SAFE_SPOT2" : "산악위치표지판",
        "SAFE_SPOT3" : "주흘4",
        "MGC" : "문경소방서",
        "ETC_MATTER" : " ",
        "MNTN_NM" : "주흘산"
      },
      "geometry" : {
        "x" : 297473.97910000011,
        "y" : 465401.13499999978
      }
    },
    {
      "attributes" : {
        "FID" : 4,
        "SAFE_SPOT1" : 735,
        "SAFE_SPOT2" : "산악위치표지판",
        "SAFE_SPOT3" : "주흘5",
        "MGC" : "문경소방서",
        "ETC_MATTER" : " ",
        "MNTN_NM" : "주흘산"
      },
      "geometry" : {
        "x" : 297320.62960000057,
        "y" : 465800.19700000249
      }
    },
    {
      "attributes" : {
        "FID" : 5,
        "SAFE_SPOT1" : 736,
        "SAFE_SPOT2" : "산악위치표지판",
        "SAFE_SPOT3" : "부봉1",
        "MGC" : "문경소방서",
        "ETC_MATTER" : " ",
        "MNTN_NM" : "주흘산"
      },
      "geometry" : {
        "x" : 296791.27620000206,
        "y" : 467212.43329999968
      }
    },
    {
      "attributes" : {
        "FID" : 6,
        "SAFE_SPOT1" : 737,
        "SAFE_SPOT2" : "산악위치표지판",
        "SAFE_SPOT3" : "부봉2",
        "MGC" : "문경소방서",
        "ETC_MATTER" : " ",
        "MNTN_NM" : "주흘산"
      },
      "geometry" : {
        "x" : 296762.95679999981,
        "y" : 467304.60710000433
      }
    },
    {
      "attributes" : {
        "FID" : 7,
        "SAFE_SPOT1" : 738,
        "SAFE_SPOT2" : "산악위치표지판",
        "SAFE_SPOT3" : "부봉3",
        "MGC" : "문경소방서",
        "ETC_MATTER" : " ",
        "MNTN_NM" : "주흘산"
      },
      "geometry" : {
        "x" : 296362.03029999975,
        "y" : 467238.40820000321
      }
    },
    {
      "attributes" : {
        "FID" : 8,
        "SAFE_SPOT1" : 739,
        "SAFE_SPOT2" : "산악위치표지판",
        "SAFE_SPOT3" : "부봉4",
        "MGC" : "문경소방서",
        "ETC_MATTER" : " ",
        "MNTN_NM" : "주흘산"
      },
      "geometry" : {
        "x" : 296188.48860000074,
        "y" : 467236.45080000162
      }
    },
    {
      "attributes" : {
        "FID" : 9,
        "SAFE_SPOT1" : 740,
        "SAFE_SPOT2" : "산악위치표지판",
        "SAFE_SPOT3" : "부봉5",
        "MGC" : "문경소방서",
        "ETC_MATTER" : " ",
        "MNTN_NM" : "주흘산"
      },
      "geometry" : {
        "x" : 295866.19680000097,
        "y" : 467232.82489999942
      }
    },
    {
      "attributes" : {
        "FID" : 10,
        "SAFE_SPOT1" : 741,
        "SAFE_SPOT2" : "산악위치표지판",
        "SAFE_SPOT3" : "주흘산솔라1",
        "MGC" : "문경소방서",
        "ETC_MATTER" : " ",
        "MNTN_NM" : "주흘산"
      },
      "geometry" : {
        "x" : 297651.08320000023,
        "y" : 465094.84190000407
      }
    },
    {
      "attributes" : {
        "FID" : 11,
        "SAFE_SPOT1" : 742,
        "SAFE_SPOT2" : "산악위치표지판",
        "SAFE_SPOT3" : "주흘산솔라2",
        "MGC" : "문경소방서",
        "ETC_MATTER" : " ",
        "MNTN_NM" : "주흘산"
      },
      "geometry" : {
        "x" : 298247.65340000018,
        "y" : 464978.35630000383
      }
    },
    {
      "attributes" : {
        "FID" : 12,
        "SAFE_SPOT1" : 743,
        "SAFE_SPOT2" : "산악위치표지판",
        "SAFE_SPOT3" : "주흘산솔라3",
        "MGC" : "문경소방서",
        "ETC_MATTER" : " ",
        "MNTN_NM" : "주흘산"
      },
      "geometry" : {
        "x" : 297558.22830000147,
        "y" : 464538.81230000034
      }
    },
    {
      "attributes" : {
        "FID" : 13,
        "SAFE_SPOT1" : 744,
        "SAFE_SPOT2" : "산악위치표지판",
        "SAFE_SPOT3" : "주흘산솔라4",
        "MGC" : "문경소방서",
        "ETC_MATTER" : " ",
        "MNTN_NM" : "주흘산"
      },
      "geometry" : {
        "x" : 297785.75040000025,
        "y" : 466329.64880000241
      }
    },
    {
      "attributes" : {
        "FID" : 14,
        "SAFE_SPOT1" : 745,
        "SAFE_SPOT2" : "산악위치표지판",
        "SAFE_SPOT3" : "주흘산솔라5",
        "MGC" : "문경소방서",
        "ETC_MATTER" : " ",
        "MNTN_NM" : "주흘산"
      },
      "geometry" : {
        "x" : 296851.56709999964,
        "y" : 467798.91830000095
      }
    },
    {
      "attributes" : {
        "FID" : 15,
        "SAFE_SPOT1" : 746,
        "SAFE_SPOT2" : "산악위치표지판",
        "SAFE_SPOT3" : "주흘산솔라6",
        "MGC" : "문경소방서",
        "ETC_MATTER" : " ",
        "MNTN_NM" : "주흘산"
      },
      "geometry" : {
        "x" : 296621.80930000171,
        "y" : 466193.07150000148
      }
    },
    {
      "attributes" : {
        "FID" : 16,
        "SAFE_SPOT1" : 747,
        "SAFE_SPOT2" : "산악위치표지판",
        "SAFE_SPOT3" : "주흘산솔라7",
        "MGC" : "문경소방서",
        "ETC_MATTER" : " ",
        "MNTN_NM" : "주흘산"
      },
      "geometry" : {
        "x" : 294618.06929999962,
        "y" : 467989.68270000257
      }
    },
    {
      "attributes" : {
        "FID" : 17,
        "SAFE_SPOT1" : 748,
        "SAFE_SPOT2" : "산악위치표지판",
        "SAFE_SPOT3" : "부봉솔라1",
        "MGC" : "문경소방서",
        "ETC_MATTER" : " ",
        "MNTN_NM" : "주흘산"
      },
      "geometry" : {
        "x" : 296632.64479999989,
        "y" : 467426.45720000006
      }
    },
    {
      "attributes" : {
        "FID" : 18,
        "SAFE_SPOT1" : 749,
        "SAFE_SPOT2" : "산악위치표지판",
        "SAFE_SPOT3" : "부봉솔라2",
        "MGC" : "문경소방서",
        "ETC_MATTER" : " ",
        "MNTN_NM" : "주흘산"
      },
      "geometry" : {
        "x" : 296533.13150000107,
        "y" : 467456.16270000115
      }
    },
    {
      "attributes" : {
        "FID" : 19,
        "SAFE_SPOT1" : 750,
        "SAFE_SPOT2" : "산악위치표지판",
        "SAFE_SPOT3" : "부봉솔라3",
        "MGC" : "문경소방서",
        "ETC_MATTER" : " ",
        "MNTN_NM" : "주흘산"
      },
      "geometry" : {
        "x" : 296359.59410000127,
        "y" : 467454.20170000382
      }
    },
    {
      "attributes" : {
        "FID" : 20,
        "SAFE_SPOT1" : 751,
        "SAFE_SPOT2" : "산악위치표지판",
        "SAFE_SPOT3" : "부봉솔라4",
        "MGC" : "문경소방서",
        "ETC_MATTER" : " ",
        "MNTN_NM" : "주흘산"
      },
      "geometry" : {
        "x" : 295985.3013000004,
        "y" : 467665.80490000173
      }
    },
    {
      "attributes" : {
        "FID" : 21,
        "SAFE_SPOT1" : 752,
        "SAFE_SPOT2" : "산악위치표지판",
        "SAFE_SPOT3" : "부봉솔라5",
        "MGC" : "문경소방서",
        "ETC_MATTER" : " ",
        "MNTN_NM" : "주흘산"
      },
      "geometry" : {
        "x" : 295786.97800000198,
        "y" : 467663.57670000009
      }
    },
    {
      "attributes" : {
        "FID" : 22,
        "SAFE_SPOT1" : 753,
        "SAFE_SPOT2" : "산악위치표지판",
        "SAFE_SPOT3" : "부봉솔라6",
        "MGC" : "문경소방서",
        "ETC_MATTER" : " ",
        "MNTN_NM" : "주흘산"
      },
      "geometry" : {
        "x" : 295686.08810000122,
        "y" : 467816.60249999911
      }
    },
    {
      "attributes" : {
        "FID" : 23,
        "SAFE_SPOT1" : 754,
        "SAFE_SPOT2" : "산악위치표지판",
        "SAFE_SPOT3" : "경고표지",
        "MGC" : "문경소방서",
        "ETC_MATTER" : " ",
        "MNTN_NM" : "주흘산"
      },
      "geometry" : {
        "x" : 298344.36230000202,
        "y" : 465195.291000003
      }
    },
    {
      "attributes" : {
        "FID" : 24,
        "SAFE_SPOT1" : 755,
        "SAFE_SPOT2" : "산악위치표지판",
        "SAFE_SPOT3" : "경고표지",
        "MGC" : "문경소방서",
        "ETC_MATTER" : " ",
        "MNTN_NM" : "주흘산"
      },
      "geometry" : {
        "x" : 297473.62730000075,
        "y" : 465431.96260000393
      }
    },
    {
      "attributes" : {
        "FID" : 25,
        "SAFE_SPOT1" : 756,
        "SAFE_SPOT2" : "산악위치표지판",
        "SAFE_SPOT3" : "경고표지",
        "MGC" : "문경소방서",
        "ETC_MATTER" : " ",
        "MNTN_NM" : "주흘산"
      },
      "geometry" : {
        "x" : 296851.56709999964,
        "y" : 467798.91830000095
      }
    },
    {
      "attributes" : {
        "FID" : 26,
        "SAFE_SPOT1" : 757,
        "SAFE_SPOT2" : "산악위치표지판",
        "SAFE_SPOT3" : "경고표지",
        "MGC" : "문경소방서",
        "ETC_MATTER" : " ",
        "MNTN_NM" : "주흘산"
      },
      "geometry" : {
        "x" : 296630.20160000119,
        "y" : 467642.25080000423
      }
    },
    {
      "attributes" : {
        "FID" : 27,
        "SAFE_SPOT1" : 758,
        "SAFE_SPOT2" : "산악위치표지판",
        "SAFE_SPOT3" : "경고표지",
        "MGC" : "문경소방서",
        "ETC_MATTER" : " ",
        "MNTN_NM" : "주흘산"
      },
      "geometry" : {
        "x" : 295412.01980000082,
        "y" : 467936.85989999957
      }
    }
  ]
}