{
  "displayFieldName" : "",
  "fieldAliases" : {
    "FID" : "FID",
    "PMNTN_SPOT" : "PMNTN_SPOT",
    "MNTN_CODE" : "MNTN_CODE",
    "MANAGE_SP1" : "MANAGE_SP1",
    "MANAGE_SP2" : "MANAGE_SP2",
    "DETAIL_SPO" : "DETAIL_SPO",
    "ETC_MATTER" : "ETC_MATTER",
    "MNTN_NM" : "MNTN_NM",
    "PAST_SPOT_" : "PAST_SPOT_",
    "MNTN_ID" : "MNTN_ID"
  },
  "geometryType" : "esriGeometryPoint",
  "spatialReference" : {
    "wkt" : "PROJCS[\"PCS_ITRF2000_TM\",GEOGCS[\"GCS_ITRF_2000\",DATUM[\"D_ITRF_2000\",SPHEROID[\"GRS_1980\",6378137.0,298.257222101]],PRIMEM[\"Greenwich\",0.0],UNIT[\"Degree\",0.0174532925199433]],PROJECTION[\"Transverse_Mercator\"],PARAMETER[\"False_Easting\",200000.0],PARAMETER[\"False_Northing\",600000.0],PARAMETER[\"Central_Meridian\",127.0],PARAMETER[\"Scale_Factor\",1.0],PARAMETER[\"Latitude_Of_Origin\",38.0],UNIT[\"Meter\",1.0]]"
  },
  "fields" : [
    {
      "name" : "FID",
      "type" : "esriFieldTypeOID",
      "alias" : "FID"
    },
    {
      "name" : "PMNTN_SPOT",
      "type" : "esriFieldTypeDouble",
      "alias" : "PMNTN_SPOT"
    },
    {
      "name" : "MNTN_CODE",
      "type" : "esriFieldTypeString",
      "alias" : "MNTN_CODE",
      "length" : 9
    },
    {
      "name" : "MANAGE_SP1",
      "type" : "esriFieldTypeString",
      "alias" : "MANAGE_SP1",
      "length" : 2
    },
    {
      "name" : "MANAGE_SP2",
      "type" : "esriFieldTypeString",
      "alias" : "MANAGE_SP2",
      "length" : 50
    },
    {
      "name" : "DETAIL_SPO",
      "type" : "esriFieldTypeString",
      "alias" : "DETAIL_SPO",
      "length" : 200
    },
    {
      "name" : "ETC_MATTER",
      "type" : "esriFieldTypeString",
      "alias" : "ETC_MATTER",
      "length" : 200
    },
    {
      "name" : "MNTN_NM",
      "type" : "esriFieldTypeString",
      "alias" : "MNTN_NM",
      "length" : 50
    },
    {
      "name" : "PAST_SPOT_",
      "type" : "esriFieldTypeString",
      "alias" : "PAST_SPOT_",
      "length" : 14
    },
    {
      "name" : "MNTN_ID",
      "type" : "esriFieldTypeString",
      "alias" : "MNTN_ID",
      "length" : 10
    }
  ],
  "features" : [
    {
      "attributes" : {
        "FID" : 0,
        "PMNTN_SPOT" : 43459,
        "MNTN_CODE" : "487403501",
        "MANAGE_SP1" : "01",
        "MANAGE_SP2" : "시종점",
        "DETAIL_SPO" : "시종점",
        "ETC_MATTER" : " ",
        "MNTN_NM" : "부엉등산",
        "PAST_SPOT_" : "4874017010001",
        "MNTN_ID" : "487401701"
      },
      "geometry" : {
        "x" : 339278.83080000617,
        "y" : 333058.42610000074
      }
    },
    {
      "attributes" : {
        "FID" : 1,
        "PMNTN_SPOT" : 43460,
        "MNTN_CODE" : "487403501",
        "MANAGE_SP1" : "01",
        "MANAGE_SP2" : "시종점",
        "DETAIL_SPO" : "시종점",
        "ETC_MATTER" : " ",
        "MNTN_NM" : "부엉등산",
        "PAST_SPOT_" : "4874017010002",
        "MNTN_ID" : "487401701"
      },
      "geometry" : {
        "x" : 339353.09510000609,
        "y" : 332938.23090000078
      }
    },
    {
      "attributes" : {
        "FID" : 2,
        "PMNTN_SPOT" : 43461,
        "MNTN_CODE" : "487403501",
        "MANAGE_SP1" : "01",
        "MANAGE_SP2" : "시종점",
        "DETAIL_SPO" : "시종점",
        "ETC_MATTER" : " ",
        "MNTN_NM" : "부엉등산",
        "PAST_SPOT_" : "4874017010003",
        "MNTN_ID" : "487401701"
      },
      "geometry" : {
        "x" : 339452.79120001104,
        "y" : 333005.2397000026
      }
    },
    {
      "attributes" : {
        "FID" : 3,
        "PMNTN_SPOT" : 43462,
        "MNTN_CODE" : "487403501",
        "MANAGE_SP1" : "02",
        "MANAGE_SP2" : "분기점",
        "DETAIL_SPO" : "분기점",
        "ETC_MATTER" : " ",
        "MNTN_NM" : "부엉등산",
        "PAST_SPOT_" : "4874017010004",
        "MNTN_ID" : "487401701"
      },
      "geometry" : {
        "x" : 339477.30660000443,
        "y" : 332893.28590000421
      }
    },
    {
      "attributes" : {
        "FID" : 4,
        "PMNTN_SPOT" : 43463,
        "MNTN_CODE" : "487403501",
        "MANAGE_SP1" : "02",
        "MANAGE_SP2" : "분기점",
        "DETAIL_SPO" : "분기점",
        "ETC_MATTER" : " ",
        "MNTN_NM" : "부엉등산",
        "PAST_SPOT_" : "4874017010005",
        "MNTN_ID" : "487401701"
      },
      "geometry" : {
        "x" : 340049.33050000854,
        "y" : 332710.91130000353
      }
    },
    {
      "attributes" : {
        "FID" : 5,
        "PMNTN_SPOT" : 43464,
        "MNTN_CODE" : "487403501",
        "MANAGE_SP1" : "02",
        "MANAGE_SP2" : "분기점",
        "DETAIL_SPO" : "분기점",
        "ETC_MATTER" : " ",
        "MNTN_NM" : "부엉등산",
        "PAST_SPOT_" : "4874017010006",
        "MNTN_ID" : "487401701"
      },
      "geometry" : {
        "x" : 340185.87590000778,
        "y" : 332694.71780000441
      }
    },
    {
      "attributes" : {
        "FID" : 6,
        "PMNTN_SPOT" : 43465,
        "MNTN_CODE" : "487403501",
        "MANAGE_SP1" : "15",
        "MANAGE_SP2" : "훼손지",
        "DETAIL_SPO" : "숲길방해",
        "ETC_MATTER" : "태풍영향",
        "MNTN_NM" : "부엉등산",
        "PAST_SPOT_" : "4874017010007",
        "MNTN_ID" : "487401701"
      },
      "geometry" : {
        "x" : 340139.56500001531,
        "y" : 332713.75880000181
      }
    },
    {
      "attributes" : {
        "FID" : 7,
        "PMNTN_SPOT" : 43466,
        "MNTN_CODE" : "487403501",
        "MANAGE_SP1" : "23",
        "MANAGE_SP2" : "정상",
        "DETAIL_SPO" : "정상",
        "ETC_MATTER" : " ",
        "MNTN_NM" : "부엉등산",
        "PAST_SPOT_" : "4874017010008",
        "MNTN_ID" : "487401701"
      },
      "geometry" : {
        "x" : 340898.20670001768,
        "y" : 332792.0791000016
      }
    },
    {
      "attributes" : {
        "FID" : 8,
        "PMNTN_SPOT" : 43467,
        "MNTN_CODE" : "487403501",
        "MANAGE_SP1" : "99",
        "MANAGE_SP2" : "기타",
        "DETAIL_SPO" : "멧돼지흔적",
        "ETC_MATTER" : " ",
        "MNTN_NM" : "부엉등산",
        "PAST_SPOT_" : "4874017010009",
        "MNTN_ID" : "487401701"
      },
      "geometry" : {
        "x" : 340866.5933000166,
        "y" : 332879.24210000038
      }
    },
    {
      "attributes" : {
        "FID" : 9,
        "PMNTN_SPOT" : 43468,
        "MNTN_CODE" : "487403501",
        "MANAGE_SP1" : "99",
        "MANAGE_SP2" : "기타",
        "DETAIL_SPO" : "급경사지역",
        "ETC_MATTER" : " ",
        "MNTN_NM" : "부엉등산",
        "PAST_SPOT_" : "4874017010010",
        "MNTN_ID" : "487401701"
      },
      "geometry" : {
        "x" : 340771.44990001339,
        "y" : 332924.93580000103
      }
    },
    {
      "attributes" : {
        "FID" : 10,
        "PMNTN_SPOT" : 43469,
        "MNTN_CODE" : "487403501",
        "MANAGE_SP1" : "15",
        "MANAGE_SP2" : "훼손지",
        "DETAIL_SPO" : "암석노출",
        "ETC_MATTER" : " ",
        "MNTN_NM" : "부엉등산",
        "PAST_SPOT_" : "4874017010011",
        "MNTN_ID" : "487401701"
      },
      "geometry" : {
        "x" : 339492.34470001329,
        "y" : 332939.89450000226
      }
    },
    {
      "attributes" : {
        "FID" : 11,
        "PMNTN_SPOT" : 43470,
        "MNTN_CODE" : "487403501",
        "MANAGE_SP1" : "15",
        "MANAGE_SP2" : "훼손지",
        "DETAIL_SPO" : "근계노출",
        "ETC_MATTER" : "폭우영향",
        "MNTN_NM" : "부엉등산",
        "PAST_SPOT_" : "4874017010012",
        "MNTN_ID" : "487401701"
      },
      "geometry" : {
        "x" : 339513.79190001357,
        "y" : 332962.26140000671
      }
    },
    {
      "attributes" : {
        "FID" : 12,
        "PMNTN_SPOT" : 43471,
        "MNTN_CODE" : "487403501",
        "MANAGE_SP1" : "99",
        "MANAGE_SP2" : "기타",
        "DETAIL_SPO" : "분묘",
        "ETC_MATTER" : " ",
        "MNTN_NM" : "부엉등산",
        "PAST_SPOT_" : "4874017010013",
        "MNTN_ID" : "487401701"
      },
      "geometry" : {
        "x" : 339272.61710001621,
        "y" : 333094.72790000029
      }
    },
    {
      "attributes" : {
        "FID" : 13,
        "PMNTN_SPOT" : 43472,
        "MNTN_CODE" : "487403501",
        "MANAGE_SP1" : "16",
        "MANAGE_SP2" : "주요나무",
        "DETAIL_SPO" : "상수리군락",
        "ETC_MATTER" : "능선전체",
        "MNTN_NM" : "부엉등산",
        "PAST_SPOT_" : "4874017010014",
        "MNTN_ID" : "487401701"
      },
      "geometry" : {
        "x" : 340480.63350001723,
        "y" : 333146.58060000092
      }
    },
    {
      "attributes" : {
        "FID" : 14,
        "PMNTN_SPOT" : 43473,
        "MNTN_CODE" : "487403501",
        "MANAGE_SP1" : "99",
        "MANAGE_SP2" : "기타",
        "DETAIL_SPO" : "분묘",
        "ETC_MATTER" : " ",
        "MNTN_NM" : "부엉등산",
        "PAST_SPOT_" : "4874017010015",
        "MNTN_ID" : "487401701"
      },
      "geometry" : {
        "x" : 339338.96120001283,
        "y" : 333280.44150000066
      }
    },
    {
      "attributes" : {
        "FID" : 15,
        "PMNTN_SPOT" : 43474,
        "MNTN_CODE" : "487403501",
        "MANAGE_SP1" : "99",
        "MANAGE_SP2" : "기타",
        "DETAIL_SPO" : "안부",
        "ETC_MATTER" : "멧돼지흔적",
        "MNTN_NM" : "부엉등산",
        "PAST_SPOT_" : "4874017010016",
        "MNTN_ID" : "487401701"
      },
      "geometry" : {
        "x" : 340377.84000001661,
        "y" : 333308.37769999914
      }
    },
    {
      "attributes" : {
        "FID" : 16,
        "PMNTN_SPOT" : 43475,
        "MNTN_CODE" : "487403501",
        "MANAGE_SP1" : "15",
        "MANAGE_SP2" : "훼손지",
        "DETAIL_SPO" : "암석노출",
        "ETC_MATTER" : " ",
        "MNTN_NM" : "부엉등산",
        "PAST_SPOT_" : "4874017010017",
        "MNTN_ID" : "487401701"
      },
      "geometry" : {
        "x" : 339364.18560001627,
        "y" : 333363.41280000098
      }
    },
    {
      "attributes" : {
        "FID" : 17,
        "PMNTN_SPOT" : 43476,
        "MNTN_CODE" : "487403501",
        "MANAGE_SP1" : "15",
        "MANAGE_SP2" : "훼손지",
        "DETAIL_SPO" : "숲길방해",
        "ETC_MATTER" : "태풍영향",
        "MNTN_NM" : "부엉등산",
        "PAST_SPOT_" : "4874017010018",
        "MNTN_ID" : "487401701"
      },
      "geometry" : {
        "x" : 340268.83990001585,
        "y" : 333464.3956000004
      }
    },
    {
      "attributes" : {
        "FID" : 18,
        "PMNTN_SPOT" : 43477,
        "MNTN_CODE" : "487403501",
        "MANAGE_SP1" : "99",
        "MANAGE_SP2" : "기타",
        "DETAIL_SPO" : "제4봉",
        "ETC_MATTER" : " ",
        "MNTN_NM" : "부엉등산",
        "PAST_SPOT_" : "4874017010019",
        "MNTN_ID" : "487401701"
      },
      "geometry" : {
        "x" : 340193.2061000159,
        "y" : 333593.32379999943
      }
    },
    {
      "attributes" : {
        "FID" : 19,
        "PMNTN_SPOT" : 43478,
        "MNTN_CODE" : "487403501",
        "MANAGE_SP1" : "15",
        "MANAGE_SP2" : "훼손지",
        "DETAIL_SPO" : "숲길방해",
        "ETC_MATTER" : "태풍영향",
        "MNTN_NM" : "부엉등산",
        "PAST_SPOT_" : "4874017010020",
        "MNTN_ID" : "487401701"
      },
      "geometry" : {
        "x" : 340060.35940001439,
        "y" : 333593.32550000027
      }
    },
    {
      "attributes" : {
        "FID" : 20,
        "PMNTN_SPOT" : 43479,
        "MNTN_CODE" : "487403501",
        "MANAGE_SP1" : "15",
        "MANAGE_SP2" : "훼손지",
        "DETAIL_SPO" : "숲길방해",
        "ETC_MATTER" : "자연고사",
        "MNTN_NM" : "부엉등산",
        "PAST_SPOT_" : "4874017010021",
        "MNTN_ID" : "487401701"
      },
      "geometry" : {
        "x" : 339537.64030001499,
        "y" : 333604.96440000273
      }
    },
    {
      "attributes" : {
        "FID" : 21,
        "PMNTN_SPOT" : 43480,
        "MNTN_CODE" : "487403501",
        "MANAGE_SP1" : "99",
        "MANAGE_SP2" : "기타",
        "DETAIL_SPO" : "제3봉",
        "ETC_MATTER" : " ",
        "MNTN_NM" : "부엉등산",
        "PAST_SPOT_" : "4874017010022",
        "MNTN_ID" : "487401701"
      },
      "geometry" : {
        "x" : 339966.62170001399,
        "y" : 333617.19510000385
      }
    },
    {
      "attributes" : {
        "FID" : 22,
        "PMNTN_SPOT" : 43481,
        "MNTN_CODE" : "487403501",
        "MANAGE_SP1" : "15",
        "MANAGE_SP2" : "훼손지",
        "DETAIL_SPO" : "숲길방해",
        "ETC_MATTER" : "폭우영향",
        "MNTN_NM" : "부엉등산",
        "PAST_SPOT_" : "4874017010023",
        "MNTN_ID" : "487401701"
      },
      "geometry" : {
        "x" : 339593.2222000137,
        "y" : 333700.8088000007
      }
    },
    {
      "attributes" : {
        "FID" : 23,
        "PMNTN_SPOT" : 43482,
        "MNTN_CODE" : "487403501",
        "MANAGE_SP1" : "99",
        "MANAGE_SP2" : "기타",
        "DETAIL_SPO" : "분묘",
        "ETC_MATTER" : " ",
        "MNTN_NM" : "부엉등산",
        "PAST_SPOT_" : "4874017010024",
        "MNTN_ID" : "487401701"
      },
      "geometry" : {
        "x" : 339907.32230001409,
        "y" : 333706.73519999906
      }
    },
    {
      "attributes" : {
        "FID" : 24,
        "PMNTN_SPOT" : 43483,
        "MNTN_CODE" : "487403501",
        "MANAGE_SP1" : "16",
        "MANAGE_SP2" : "주요나무",
        "DETAIL_SPO" : "느티나무",
        "ETC_MATTER" : "둘레3미터",
        "MNTN_NM" : "부엉등산",
        "PAST_SPOT_" : "4874017010025",
        "MNTN_ID" : "487401701"
      },
      "geometry" : {
        "x" : 339877.320200013,
        "y" : 333733.51360000297
      }
    },
    {
      "attributes" : {
        "FID" : 25,
        "PMNTN_SPOT" : 43484,
        "MNTN_CODE" : "487403501",
        "MANAGE_SP1" : "99",
        "MANAGE_SP2" : "기타",
        "DETAIL_SPO" : "제1봉",
        "ETC_MATTER" : "조망권없음",
        "MNTN_NM" : "부엉등산",
        "PAST_SPOT_" : "4874017010026",
        "MNTN_ID" : "487401701"
      },
      "geometry" : {
        "x" : 339631.76350001432,
        "y" : 333798.67349999957
      }
    },
    {
      "attributes" : {
        "FID" : 26,
        "PMNTN_SPOT" : 43485,
        "MNTN_CODE" : "487403501",
        "MANAGE_SP1" : "15",
        "MANAGE_SP2" : "훼손지",
        "DETAIL_SPO" : "숲길방해",
        "ETC_MATTER" : "자연고사",
        "MNTN_NM" : "부엉등산",
        "PAST_SPOT_" : "4874017010027",
        "MNTN_ID" : "487401701"
      },
      "geometry" : {
        "x" : 339811.25670001656,
        "y" : 333827.84300000407
      }
    },
    {
      "attributes" : {
        "FID" : 27,
        "PMNTN_SPOT" : 43486,
        "MNTN_CODE" : "487403501",
        "MANAGE_SP1" : "99",
        "MANAGE_SP2" : "기타",
        "DETAIL_SPO" : "제2봉",
        "ETC_MATTER" : "분묘방치",
        "MNTN_NM" : "부엉등산",
        "PAST_SPOT_" : "4874017010028",
        "MNTN_ID" : "487401701"
      },
      "geometry" : {
        "x" : 339770.03400001395,
        "y" : 333859.69600000232
      }
    }
  ]
}