{
  "displayFieldName" : "",
  "fieldAliases" : {
    "FID" : "FID",
    "PMNTN_SPOT" : "PMNTN_SPOT",
    "MNTN_CODE" : "MNTN_CODE",
    "MANAGE_SP1" : "MANAGE_SP1",
    "MANAGE_SP2" : "MANAGE_SP2",
    "DETAIL_SPO" : "DETAIL_SPO",
    "ETC_MATTER" : "ETC_MATTER",
    "MNTN_NM" : "MNTN_NM",
    "PAST_SPOT_" : "PAST_SPOT_",
    "MNTN_ID" : "MNTN_ID"
  },
  "geometryType" : "esriGeometryPoint",
  "spatialReference" : {
    "wkt" : "PROJCS[\"PCS_ITRF2000_TM\",GEOGCS[\"GCS_ITRF_2000\",DATUM[\"D_ITRF_2000\",SPHEROID[\"GRS_1980\",6378137.0,298.257222101]],PRIMEM[\"Greenwich\",0.0],UNIT[\"Degree\",0.0174532925199433]],PROJECTION[\"Transverse_Mercator\"],PARAMETER[\"False_Easting\",200000.0],PARAMETER[\"False_Northing\",600000.0],PARAMETER[\"Central_Meridian\",127.0],PARAMETER[\"Scale_Factor\",1.0],PARAMETER[\"Latitude_Of_Origin\",38.0],UNIT[\"Meter\",1.0]]"
  },
  "fields" : [
    {
      "name" : "FID",
      "type" : "esriFieldTypeOID",
      "alias" : "FID"
    },
    {
      "name" : "PMNTN_SPOT",
      "type" : "esriFieldTypeDouble",
      "alias" : "PMNTN_SPOT"
    },
    {
      "name" : "MNTN_CODE",
      "type" : "esriFieldTypeString",
      "alias" : "MNTN_CODE",
      "length" : 9
    },
    {
      "name" : "MANAGE_SP1",
      "type" : "esriFieldTypeString",
      "alias" : "MANAGE_SP1",
      "length" : 2
    },
    {
      "name" : "MANAGE_SP2",
      "type" : "esriFieldTypeString",
      "alias" : "MANAGE_SP2",
      "length" : 50
    },
    {
      "name" : "DETAIL_SPO",
      "type" : "esriFieldTypeString",
      "alias" : "DETAIL_SPO",
      "length" : 200
    },
    {
      "name" : "ETC_MATTER",
      "type" : "esriFieldTypeString",
      "alias" : "ETC_MATTER",
      "length" : 200
    },
    {
      "name" : "MNTN_NM",
      "type" : "esriFieldTypeString",
      "alias" : "MNTN_NM",
      "length" : 50
    },
    {
      "name" : "PAST_SPOT_",
      "type" : "esriFieldTypeString",
      "alias" : "PAST_SPOT_",
      "length" : 14
    },
    {
      "name" : "MNTN_ID",
      "type" : "esriFieldTypeString",
      "alias" : "MNTN_ID",
      "length" : 10
    }
  ],
  "features" : [
    {
      "attributes" : {
        "FID" : 0,
        "PMNTN_SPOT" : 28635,
        "MNTN_CODE" : "452100701",
        "MANAGE_SP1" : "99",
        "MANAGE_SP2" : "기타",
        "DETAIL_SPO" : "관리사무소",
        "ETC_MATTER" : "모악산주차장",
        "MNTN_NM" : "모악산",
        "PAST_SPOT_" : "25030607000001",
        "MNTN_ID" : "2503060700"
      },
      "geometry" : {
        "x" : 207845.98400000017,
        "y" : 351187.35030000098
      }
    },
    {
      "attributes" : {
        "FID" : 1,
        "PMNTN_SPOT" : 28636,
        "MNTN_CODE" : "452100701",
        "MANAGE_SP1" : "99",
        "MANAGE_SP2" : "기타",
        "DETAIL_SPO" : "사찰",
        "ETC_MATTER" : "달성사",
        "MNTN_NM" : "모악산",
        "PAST_SPOT_" : "25030607000002",
        "MNTN_ID" : "2503060700"
      },
      "geometry" : {
        "x" : 207600.35090000369,
        "y" : 350092.59930000268
      }
    },
    {
      "attributes" : {
        "FID" : 2,
        "PMNTN_SPOT" : 28637,
        "MNTN_CODE" : "452100701",
        "MANAGE_SP1" : "99",
        "MANAGE_SP2" : "기타",
        "DETAIL_SPO" : "금곡사편백림숲교육장",
        "ETC_MATTER" : " ",
        "MNTN_NM" : "모악산",
        "PAST_SPOT_" : "25030607000003",
        "MNTN_ID" : "2503060700"
      },
      "geometry" : {
        "x" : 207519.73660000041,
        "y" : 349751.08950000256
      }
    },
    {
      "attributes" : {
        "FID" : 3,
        "PMNTN_SPOT" : 28638,
        "MNTN_CODE" : "452100701",
        "MANAGE_SP1" : "99",
        "MANAGE_SP2" : "기타",
        "DETAIL_SPO" : "사찰",
        "ETC_MATTER" : "금곡사",
        "MNTN_NM" : "모악산",
        "PAST_SPOT_" : "25030607000004",
        "MNTN_ID" : "2503060700"
      },
      "geometry" : {
        "x" : 207549.57560000196,
        "y" : 349655.73740000464
      }
    },
    {
      "attributes" : {
        "FID" : 4,
        "PMNTN_SPOT" : 28639,
        "MNTN_CODE" : "452100701",
        "MANAGE_SP1" : "06",
        "MANAGE_SP2" : "음수대",
        "DETAIL_SPO" : "음수대",
        "ETC_MATTER" : " ",
        "MNTN_NM" : "모악산",
        "PAST_SPOT_" : "25030607000005",
        "MNTN_ID" : "2503060700"
      },
      "geometry" : {
        "x" : 207558.17290000059,
        "y" : 349575.25769999996
      }
    },
    {
      "attributes" : {
        "FID" : 5,
        "PMNTN_SPOT" : 28640,
        "MNTN_CODE" : "452100701",
        "MANAGE_SP1" : "05",
        "MANAGE_SP2" : "벤치",
        "DETAIL_SPO" : "벤치",
        "ETC_MATTER" : "평4",
        "MNTN_NM" : "모악산",
        "PAST_SPOT_" : "25030607000006",
        "MNTN_ID" : "2503060700"
      },
      "geometry" : {
        "x" : 207570.06530000269,
        "y" : 349556.62720000185
      }
    },
    {
      "attributes" : {
        "FID" : 6,
        "PMNTN_SPOT" : 28641,
        "MNTN_CODE" : "452100701",
        "MANAGE_SP1" : "99",
        "MANAGE_SP2" : "기타",
        "DETAIL_SPO" : "계단",
        "ETC_MATTER" : "목",
        "MNTN_NM" : "모악산",
        "PAST_SPOT_" : "25030607000007",
        "MNTN_ID" : "2503060700"
      },
      "geometry" : {
        "x" : 207586.61170000117,
        "y" : 349468.2098999992
      }
    },
    {
      "attributes" : {
        "FID" : 7,
        "PMNTN_SPOT" : 28642,
        "MNTN_CODE" : "452100701",
        "MANAGE_SP1" : "99",
        "MANAGE_SP2" : "기타",
        "DETAIL_SPO" : "야외식탁",
        "ETC_MATTER" : "2",
        "MNTN_NM" : "모악산",
        "PAST_SPOT_" : "25030607000008",
        "MNTN_ID" : "2503060700"
      },
      "geometry" : {
        "x" : 207628.83330000099,
        "y" : 349397.45610000379
      }
    },
    {
      "attributes" : {
        "FID" : 8,
        "PMNTN_SPOT" : 28643,
        "MNTN_CODE" : "452100701",
        "MANAGE_SP1" : "99",
        "MANAGE_SP2" : "기타",
        "DETAIL_SPO" : "계단",
        "ETC_MATTER" : "목",
        "MNTN_NM" : "모악산",
        "PAST_SPOT_" : "25030607000009",
        "MNTN_ID" : "2503060700"
      },
      "geometry" : {
        "x" : 207428.833800002,
        "y" : 348713.38480000012
      }
    },
    {
      "attributes" : {
        "FID" : 9,
        "PMNTN_SPOT" : 28644,
        "MNTN_CODE" : "452100701",
        "MANAGE_SP1" : "99",
        "MANAGE_SP2" : "기타",
        "DETAIL_SPO" : "계단",
        "ETC_MATTER" : "18단",
        "MNTN_NM" : "모악산",
        "PAST_SPOT_" : "25030607000010",
        "MNTN_ID" : "2503060700"
      },
      "geometry" : {
        "x" : 207401.38999999873,
        "y" : 348555.10730000213
      }
    },
    {
      "attributes" : {
        "FID" : 10,
        "PMNTN_SPOT" : 28645,
        "MNTN_CODE" : "452100701",
        "MANAGE_SP1" : "99",
        "MANAGE_SP2" : "기타",
        "DETAIL_SPO" : "계단",
        "ETC_MATTER" : "9단",
        "MNTN_NM" : "모악산",
        "PAST_SPOT_" : "25030607000011",
        "MNTN_ID" : "2503060700"
      },
      "geometry" : {
        "x" : 207389.13650000282,
        "y" : 348460.99640000053
      }
    },
    {
      "attributes" : {
        "FID" : 11,
        "PMNTN_SPOT" : 28646,
        "MNTN_CODE" : "452100701",
        "MANAGE_SP1" : "10",
        "MANAGE_SP2" : "이정표",
        "DETAIL_SPO" : "이정표",
        "ETC_MATTER" : "매봉방향",
        "MNTN_NM" : "모악산",
        "PAST_SPOT_" : "25030607000012",
        "MNTN_ID" : "2503060700"
      },
      "geometry" : {
        "x" : 207394.08670000359,
        "y" : 348072.02590000071
      }
    },
    {
      "attributes" : {
        "FID" : 12,
        "PMNTN_SPOT" : 28647,
        "MNTN_CODE" : "452100701",
        "MANAGE_SP1" : "10",
        "MANAGE_SP2" : "이정표",
        "DETAIL_SPO" : "이정표",
        "ETC_MATTER" : "정상삼거리",
        "MNTN_NM" : "모악산",
        "PAST_SPOT_" : "25030607000013",
        "MNTN_ID" : "2503060700"
      },
      "geometry" : {
        "x" : 207429.28200000152,
        "y" : 348047.42280000262
      }
    },
    {
      "attributes" : {
        "FID" : 13,
        "PMNTN_SPOT" : 28648,
        "MNTN_CODE" : "452100701",
        "MANAGE_SP1" : "10",
        "MANAGE_SP2" : "이정표",
        "DETAIL_SPO" : "이정표",
        "ETC_MATTER" : "위험지구",
        "MNTN_NM" : "모악산",
        "PAST_SPOT_" : "25030607000014",
        "MNTN_ID" : "2503060700"
      },
      "geometry" : {
        "x" : 207490.22840000317,
        "y" : 347997.68759999983
      }
    },
    {
      "attributes" : {
        "FID" : 14,
        "PMNTN_SPOT" : 28649,
        "MNTN_CODE" : "452100701",
        "MANAGE_SP1" : "11",
        "MANAGE_SP2" : "안내판또는지도",
        "DETAIL_SPO" : "안내판",
        "ETC_MATTER" : "위험",
        "MNTN_NM" : "모악산",
        "PAST_SPOT_" : "25030607000015",
        "MNTN_ID" : "2503060700"
      },
      "geometry" : {
        "x" : 207572.95920000132,
        "y" : 347950.43439999968
      }
    },
    {
      "attributes" : {
        "FID" : 15,
        "PMNTN_SPOT" : 28650,
        "MNTN_CODE" : "452100701",
        "MANAGE_SP1" : "99",
        "MANAGE_SP2" : "기타",
        "DETAIL_SPO" : "계단",
        "ETC_MATTER" : " ",
        "MNTN_NM" : "모악산",
        "PAST_SPOT_" : "25030607000016",
        "MNTN_ID" : "2503060700"
      },
      "geometry" : {
        "x" : 207604.49000000115,
        "y" : 347970.43280000053
      }
    },
    {
      "attributes" : {
        "FID" : 16,
        "PMNTN_SPOT" : 28651,
        "MNTN_CODE" : "452100701",
        "MANAGE_SP1" : "10",
        "MANAGE_SP2" : "이정표",
        "DETAIL_SPO" : "이정표",
        "ETC_MATTER" : "구이,장근재방향",
        "MNTN_NM" : "모악산",
        "PAST_SPOT_" : "25030607000017",
        "MNTN_ID" : "2503060700"
      },
      "geometry" : {
        "x" : 207652.74120000098,
        "y" : 347946.07460000366
      }
    },
    {
      "attributes" : {
        "FID" : 17,
        "PMNTN_SPOT" : 28652,
        "MNTN_CODE" : "452100701",
        "MANAGE_SP1" : "23",
        "MANAGE_SP2" : "정상",
        "DETAIL_SPO" : "정상입구",
        "ETC_MATTER" : " ",
        "MNTN_NM" : "모악산",
        "PAST_SPOT_" : "25030607000018",
        "MNTN_ID" : "2503060700"
      },
      "geometry" : {
        "x" : 207667.44649999961,
        "y" : 347952.56680000015
      }
    },
    {
      "attributes" : {
        "FID" : 18,
        "PMNTN_SPOT" : 28653,
        "MNTN_CODE" : "452100701",
        "MANAGE_SP1" : "11",
        "MANAGE_SP2" : "안내판또는지도",
        "DETAIL_SPO" : "안내판,전경",
        "ETC_MATTER" : "모악산등반안내도",
        "MNTN_NM" : "모악산",
        "PAST_SPOT_" : "25030607000019",
        "MNTN_ID" : "2503060700"
      },
      "geometry" : {
        "x" : 207724.06090000086,
        "y" : 347987.85430000164
      }
    },
    {
      "attributes" : {
        "FID" : 19,
        "PMNTN_SPOT" : 28654,
        "MNTN_CODE" : "452100701",
        "MANAGE_SP1" : "11",
        "MANAGE_SP2" : "안내판또는지도",
        "DETAIL_SPO" : "안내판",
        "ETC_MATTER" : "무제봉과장군봉",
        "MNTN_NM" : "모악산",
        "PAST_SPOT_" : "25030607000020",
        "MNTN_ID" : "2503060700"
      },
      "geometry" : {
        "x" : 207847.40620000102,
        "y" : 348366.90490000322
      }
    },
    {
      "attributes" : {
        "FID" : 20,
        "PMNTN_SPOT" : 28655,
        "MNTN_CODE" : "452100701",
        "MANAGE_SP1" : "05",
        "MANAGE_SP2" : "벤치",
        "DETAIL_SPO" : "벤치",
        "ETC_MATTER" : "평2",
        "MNTN_NM" : "모악산",
        "PAST_SPOT_" : "25030607000021",
        "MNTN_ID" : "2503060700"
      },
      "geometry" : {
        "x" : 208031.08090000227,
        "y" : 348796.35120000131
      }
    },
    {
      "attributes" : {
        "FID" : 21,
        "PMNTN_SPOT" : 28656,
        "MNTN_CODE" : "452100701",
        "MANAGE_SP1" : "05",
        "MANAGE_SP2" : "벤치",
        "DETAIL_SPO" : "벤치",
        "ETC_MATTER" : "평2",
        "MNTN_NM" : "모악산",
        "PAST_SPOT_" : "25030607000022",
        "MNTN_ID" : "2503060700"
      },
      "geometry" : {
        "x" : 208178.76730000321,
        "y" : 349239.98230000027
      }
    },
    {
      "attributes" : {
        "FID" : 22,
        "PMNTN_SPOT" : 28657,
        "MNTN_CODE" : "452100701",
        "MANAGE_SP1" : "99",
        "MANAGE_SP2" : "기타",
        "DETAIL_SPO" : "계단",
        "ETC_MATTER" : "40단",
        "MNTN_NM" : "모악산",
        "PAST_SPOT_" : "25030607000023",
        "MNTN_ID" : "2503060700"
      },
      "geometry" : {
        "x" : 208156.00350000057,
        "y" : 349264.70470000058
      }
    },
    {
      "attributes" : {
        "FID" : 23,
        "PMNTN_SPOT" : 28658,
        "MNTN_CODE" : "452100701",
        "MANAGE_SP1" : "10",
        "MANAGE_SP2" : "이정표",
        "DETAIL_SPO" : "이정표",
        "ETC_MATTER" : "신금마을1.5km",
        "MNTN_NM" : "모악산",
        "PAST_SPOT_" : "25030607000024",
        "MNTN_ID" : "2503060700"
      },
      "geometry" : {
        "x" : 208256.85270000342,
        "y" : 350097.7257000003
      }
    },
    {
      "attributes" : {
        "FID" : 24,
        "PMNTN_SPOT" : 28659,
        "MNTN_CODE" : "452100701",
        "MANAGE_SP1" : "05",
        "MANAGE_SP2" : "벤치",
        "DETAIL_SPO" : "벤치",
        "ETC_MATTER" : "평2",
        "MNTN_NM" : "모악산",
        "PAST_SPOT_" : "25030607000025",
        "MNTN_ID" : "2503060700"
      },
      "geometry" : {
        "x" : 208249.07130000088,
        "y" : 350159.9644000046
      }
    },
    {
      "attributes" : {
        "FID" : 25,
        "PMNTN_SPOT" : 28660,
        "MNTN_CODE" : "452100701",
        "MANAGE_SP1" : "05",
        "MANAGE_SP2" : "벤치",
        "DETAIL_SPO" : "벤치",
        "ETC_MATTER" : "평2",
        "MNTN_NM" : "모악산",
        "PAST_SPOT_" : "25030607000026",
        "MNTN_ID" : "2503060700"
      },
      "geometry" : {
        "x" : 208310.32690000068,
        "y" : 350421.40909999982
      }
    },
    {
      "attributes" : {
        "FID" : 26,
        "PMNTN_SPOT" : 28661,
        "MNTN_CODE" : "452100701",
        "MANAGE_SP1" : "05",
        "MANAGE_SP2" : "벤치",
        "DETAIL_SPO" : "벤치",
        "ETC_MATTER" : "평2",
        "MNTN_NM" : "모악산",
        "PAST_SPOT_" : "25030607000027",
        "MNTN_ID" : "2503060700"
      },
      "geometry" : {
        "x" : 208224.88620000333,
        "y" : 350674.03140000068
      }
    },
    {
      "attributes" : {
        "FID" : 27,
        "PMNTN_SPOT" : 28662,
        "MNTN_CODE" : "452100701",
        "MANAGE_SP1" : "99",
        "MANAGE_SP2" : "기타",
        "DETAIL_SPO" : "철탑",
        "ETC_MATTER" : " ",
        "MNTN_NM" : "모악산",
        "PAST_SPOT_" : "25030607000028",
        "MNTN_ID" : "2503060700"
      },
      "geometry" : {
        "x" : 208210.50280000083,
        "y" : 350816.02999999933
      }
    },
    {
      "attributes" : {
        "FID" : 28,
        "PMNTN_SPOT" : 28663,
        "MNTN_CODE" : "452100701",
        "MANAGE_SP1" : "10",
        "MANAGE_SP2" : "이정표",
        "DETAIL_SPO" : "이정표",
        "ETC_MATTER" : " ",
        "MNTN_NM" : "모악산",
        "PAST_SPOT_" : "25030607000029",
        "MNTN_ID" : "2503060700"
      },
      "geometry" : {
        "x" : 208320.97059999965,
        "y" : 349855.30320000276
      }
    },
    {
      "attributes" : {
        "FID" : 29,
        "PMNTN_SPOT" : 28664,
        "MNTN_CODE" : "452100701",
        "MANAGE_SP1" : "05",
        "MANAGE_SP2" : "벤치",
        "DETAIL_SPO" : "벤치",
        "ETC_MATTER" : "반원형1",
        "MNTN_NM" : "모악산",
        "PAST_SPOT_" : "25030607000030",
        "MNTN_ID" : "2503060700"
      },
      "geometry" : {
        "x" : 208427.56919999979,
        "y" : 349632.87060000189
      }
    },
    {
      "attributes" : {
        "FID" : 30,
        "PMNTN_SPOT" : 28665,
        "MNTN_CODE" : "452100701",
        "MANAGE_SP1" : "99",
        "MANAGE_SP2" : "기타",
        "DETAIL_SPO" : "금강정길암석",
        "ETC_MATTER" : " ",
        "MNTN_NM" : "모악산",
        "PAST_SPOT_" : "25030607000031",
        "MNTN_ID" : "2503060700"
      },
      "geometry" : {
        "x" : 208319.14710000157,
        "y" : 349214.40250000171
      }
    },
    {
      "attributes" : {
        "FID" : 31,
        "PMNTN_SPOT" : 28666,
        "MNTN_CODE" : "452100701",
        "MANAGE_SP1" : "99",
        "MANAGE_SP2" : "기타",
        "DETAIL_SPO" : "야외탁자",
        "ETC_MATTER" : "2",
        "MNTN_NM" : "모악산",
        "PAST_SPOT_" : "25030607000032",
        "MNTN_ID" : "2503060700"
      },
      "geometry" : {
        "x" : 208229.56319999974,
        "y" : 349117.51200000383
      }
    },
    {
      "attributes" : {
        "FID" : 32,
        "PMNTN_SPOT" : 28667,
        "MNTN_CODE" : "452100701",
        "MANAGE_SP1" : "99",
        "MANAGE_SP2" : "기타",
        "DETAIL_SPO" : "계단",
        "ETC_MATTER" : "석",
        "MNTN_NM" : "모악산",
        "PAST_SPOT_" : "25030607000033",
        "MNTN_ID" : "2503060700"
      },
      "geometry" : {
        "x" : 207791.09180000052,
        "y" : 348144.59130000323
      }
    },
    {
      "attributes" : {
        "FID" : 33,
        "PMNTN_SPOT" : 28668,
        "MNTN_CODE" : "452100701",
        "MANAGE_SP1" : "10",
        "MANAGE_SP2" : "이정표",
        "DETAIL_SPO" : "이정표,분기",
        "ETC_MATTER" : "매봉해발600지점",
        "MNTN_NM" : "모악산",
        "PAST_SPOT_" : "25030607000034",
        "MNTN_ID" : "2503060700"
      },
      "geometry" : {
        "x" : 206425.09700000286,
        "y" : 349272.60580000281
      }
    },
    {
      "attributes" : {
        "FID" : 34,
        "PMNTN_SPOT" : 28669,
        "MNTN_CODE" : "452100701",
        "MANAGE_SP1" : "99",
        "MANAGE_SP2" : "기타",
        "DETAIL_SPO" : "계단",
        "ETC_MATTER" : "10",
        "MNTN_NM" : "모악산",
        "PAST_SPOT_" : "25030607000035",
        "MNTN_ID" : "2503060700"
      },
      "geometry" : {
        "x" : 206403.19740000088,
        "y" : 349706.94610000029
      }
    },
    {
      "attributes" : {
        "FID" : 35,
        "PMNTN_SPOT" : 28670,
        "MNTN_CODE" : "452100701",
        "MANAGE_SP1" : "05",
        "MANAGE_SP2" : "벤치",
        "DETAIL_SPO" : "벤치",
        "ETC_MATTER" : "평4",
        "MNTN_NM" : "모악산",
        "PAST_SPOT_" : "25030607000036",
        "MNTN_ID" : "2503060700"
      },
      "geometry" : {
        "x" : 206353.47810000181,
        "y" : 350037.32430000231
      }
    },
    {
      "attributes" : {
        "FID" : 36,
        "PMNTN_SPOT" : 28671,
        "MNTN_CODE" : "452100701",
        "MANAGE_SP1" : "99",
        "MANAGE_SP2" : "기타",
        "DETAIL_SPO" : "표준점",
        "ETC_MATTER" : "갈담405",
        "MNTN_NM" : "모악산",
        "PAST_SPOT_" : "25030607000037",
        "MNTN_ID" : "2503060700"
      },
      "geometry" : {
        "x" : 206337.71410000417,
        "y" : 350306.47940000147
      }
    },
    {
      "attributes" : {
        "FID" : 37,
        "PMNTN_SPOT" : 28672,
        "MNTN_CODE" : "452100701",
        "MANAGE_SP1" : "99",
        "MANAGE_SP2" : "기타",
        "DETAIL_SPO" : "산불초소",
        "ETC_MATTER" : " ",
        "MNTN_NM" : "모악산",
        "PAST_SPOT_" : "25030607000038",
        "MNTN_ID" : "2503060700"
      },
      "geometry" : {
        "x" : 206367.4168999996,
        "y" : 350435.59659999982
      }
    },
    {
      "attributes" : {
        "FID" : 38,
        "PMNTN_SPOT" : 28673,
        "MNTN_CODE" : "452100701",
        "MANAGE_SP1" : "99",
        "MANAGE_SP2" : "기타",
        "DETAIL_SPO" : "철탑",
        "ETC_MATTER" : " ",
        "MNTN_NM" : "모악산",
        "PAST_SPOT_" : "25030607000039",
        "MNTN_ID" : "2503060700"
      },
      "geometry" : {
        "x" : 206434.28250000067,
        "y" : 350590.67060000077
      }
    },
    {
      "attributes" : {
        "FID" : 39,
        "PMNTN_SPOT" : 28674,
        "MNTN_CODE" : "452100701",
        "MANAGE_SP1" : "99",
        "MANAGE_SP2" : "기타",
        "DETAIL_SPO" : "계단",
        "ETC_MATTER" : "목48",
        "MNTN_NM" : "모악산",
        "PAST_SPOT_" : "25030607000040",
        "MNTN_ID" : "2503060700"
      },
      "geometry" : {
        "x" : 206936.06380000059,
        "y" : 351144.06490000151
      }
    },
    {
      "attributes" : {
        "FID" : 40,
        "PMNTN_SPOT" : 28675,
        "MNTN_CODE" : "452100701",
        "MANAGE_SP1" : "99",
        "MANAGE_SP2" : "기타",
        "DETAIL_SPO" : "분묘",
        "ETC_MATTER" : "밀양박씨지묘",
        "MNTN_NM" : "모악산",
        "PAST_SPOT_" : "25030607000041",
        "MNTN_ID" : "2503060700"
      },
      "geometry" : {
        "x" : 207245.73540000059,
        "y" : 351192.35160000063
      }
    },
    {
      "attributes" : {
        "FID" : 41,
        "PMNTN_SPOT" : 28676,
        "MNTN_CODE" : "452100701",
        "MANAGE_SP1" : "99",
        "MANAGE_SP2" : "기타",
        "DETAIL_SPO" : "단군상",
        "ETC_MATTER" : " ",
        "MNTN_NM" : "모악산",
        "PAST_SPOT_" : "25030607000042",
        "MNTN_ID" : "2503060700"
      },
      "geometry" : {
        "x" : 207823.17379999999,
        "y" : 351355.78290000185
      }
    },
    {
      "attributes" : {
        "FID" : 42,
        "PMNTN_SPOT" : 28677,
        "MNTN_CODE" : "452100701",
        "MANAGE_SP1" : "99",
        "MANAGE_SP2" : "기타",
        "DETAIL_SPO" : "청하서원",
        "ETC_MATTER" : " ",
        "MNTN_NM" : "모악산",
        "PAST_SPOT_" : "25030607000043",
        "MNTN_ID" : "2503060700"
      },
      "geometry" : {
        "x" : 207726.18769999966,
        "y" : 351114.09400000237
      }
    },
    {
      "attributes" : {
        "FID" : 43,
        "PMNTN_SPOT" : 28678,
        "MNTN_CODE" : "452100701",
        "MANAGE_SP1" : "99",
        "MANAGE_SP2" : "기타",
        "DETAIL_SPO" : "사찰",
        "ETC_MATTER" : "금선암",
        "MNTN_NM" : "모악산",
        "PAST_SPOT_" : "25030607000044",
        "MNTN_ID" : "2503060700"
      },
      "geometry" : {
        "x" : 207255.27159999963,
        "y" : 350230.62110000104
      }
    },
    {
      "attributes" : {
        "FID" : 44,
        "PMNTN_SPOT" : 28679,
        "MNTN_CODE" : "452100701",
        "MANAGE_SP1" : "99",
        "MANAGE_SP2" : "기타",
        "DETAIL_SPO" : "사찰,음수대,이정표",
        "ETC_MATTER" : "염불암",
        "MNTN_NM" : "모악산",
        "PAST_SPOT_" : "25030607000045",
        "MNTN_ID" : "2503060700"
      },
      "geometry" : {
        "x" : 206603.84440000169,
        "y" : 349506.627700001
      }
    },
    {
      "attributes" : {
        "FID" : 45,
        "PMNTN_SPOT" : 28680,
        "MNTN_CODE" : "452100701",
        "MANAGE_SP1" : "05",
        "MANAGE_SP2" : "벤치",
        "DETAIL_SPO" : "벤치",
        "ETC_MATTER" : "평2",
        "MNTN_NM" : "모악산",
        "PAST_SPOT_" : "25030607000046",
        "MNTN_ID" : "2503060700"
      },
      "geometry" : {
        "x" : 206782.97520000301,
        "y" : 349807.80360000022
      }
    },
    {
      "attributes" : {
        "FID" : 46,
        "PMNTN_SPOT" : 28681,
        "MNTN_CODE" : "452100701",
        "MANAGE_SP1" : "05",
        "MANAGE_SP2" : "벤치",
        "DETAIL_SPO" : "벤치",
        "ETC_MATTER" : " ",
        "MNTN_NM" : "모악산",
        "PAST_SPOT_" : "25030607000047",
        "MNTN_ID" : "2503060700"
      },
      "geometry" : {
        "x" : 206853.31080000382,
        "y" : 349987.8479999993
      }
    },
    {
      "attributes" : {
        "FID" : 47,
        "PMNTN_SPOT" : 28682,
        "MNTN_CODE" : "452100701",
        "MANAGE_SP1" : "08",
        "MANAGE_SP2" : "가로등",
        "DETAIL_SPO" : "가로등",
        "ETC_MATTER" : " ",
        "MNTN_NM" : "모악산",
        "PAST_SPOT_" : "25030607000048",
        "MNTN_ID" : "2503060700"
      },
      "geometry" : {
        "x" : 205960.96020000149,
        "y" : 351766.49540000036
      }
    },
    {
      "attributes" : {
        "FID" : 48,
        "PMNTN_SPOT" : 28683,
        "MNTN_CODE" : "452100701",
        "MANAGE_SP1" : "20",
        "MANAGE_SP2" : "동굴",
        "DETAIL_SPO" : "동굴",
        "ETC_MATTER" : " ",
        "MNTN_NM" : "모악산",
        "PAST_SPOT_" : "25030607000049",
        "MNTN_ID" : "2503060700"
      },
      "geometry" : {
        "x" : 206863.59909999929,
        "y" : 350721.26980000176
      }
    },
    {
      "attributes" : {
        "FID" : 49,
        "PMNTN_SPOT" : 28684,
        "MNTN_CODE" : "452100701",
        "MANAGE_SP1" : "99",
        "MANAGE_SP2" : "기타",
        "DETAIL_SPO" : "철탑",
        "ETC_MATTER" : " ",
        "MNTN_NM" : "모악산",
        "PAST_SPOT_" : "25030607000050",
        "MNTN_ID" : "2503060700"
      },
      "geometry" : {
        "x" : 205359.74839999992,
        "y" : 350575.50329999998
      }
    },
    {
      "attributes" : {
        "FID" : 50,
        "PMNTN_SPOT" : 28685,
        "MNTN_CODE" : "452100701",
        "MANAGE_SP1" : "99",
        "MANAGE_SP2" : "기타",
        "DETAIL_SPO" : "중인1길주택76호경유",
        "ETC_MATTER" : " ",
        "MNTN_NM" : "모악산",
        "PAST_SPOT_" : "25030607000051",
        "MNTN_ID" : "2503060700"
      },
      "geometry" : {
        "x" : 208108.82029999979,
        "y" : 352129.70580000244
      }
    },
    {
      "attributes" : {
        "FID" : 51,
        "PMNTN_SPOT" : 28686,
        "MNTN_CODE" : "452100701",
        "MANAGE_SP1" : "99",
        "MANAGE_SP2" : "기타",
        "DETAIL_SPO" : "지하터널",
        "ETC_MATTER" : "도로공사중",
        "MNTN_NM" : "모악산",
        "PAST_SPOT_" : "25030607000052",
        "MNTN_ID" : "2503060700"
      },
      "geometry" : {
        "x" : 210056.47550000064,
        "y" : 350642.65010000393
      }
    },
    {
      "attributes" : {
        "FID" : 52,
        "PMNTN_SPOT" : 28687,
        "MNTN_CODE" : "452100701",
        "MANAGE_SP1" : "99",
        "MANAGE_SP2" : "기타",
        "DETAIL_SPO" : "분묘",
        "ETC_MATTER" : " ",
        "MNTN_NM" : "모악산",
        "PAST_SPOT_" : "25030607000053",
        "MNTN_ID" : "2503060700"
      },
      "geometry" : {
        "x" : 209602.76750000007,
        "y" : 351134.44079999998
      }
    },
    {
      "attributes" : {
        "FID" : 53,
        "PMNTN_SPOT" : 28688,
        "MNTN_CODE" : "452100701",
        "MANAGE_SP1" : "99",
        "MANAGE_SP2" : "기타",
        "DETAIL_SPO" : "지하터널",
        "ETC_MATTER" : "도로공사중",
        "MNTN_NM" : "모악산",
        "PAST_SPOT_" : "25030607000054",
        "MNTN_ID" : "2503060700"
      },
      "geometry" : {
        "x" : 209392.28000000026,
        "y" : 351651.99210000411
      }
    },
    {
      "attributes" : {
        "FID" : 54,
        "PMNTN_SPOT" : 28689,
        "MNTN_CODE" : "452100701",
        "MANAGE_SP1" : "99",
        "MANAGE_SP2" : "기타",
        "DETAIL_SPO" : "원당동학전길주택99호옆",
        "ETC_MATTER" : " ",
        "MNTN_NM" : "모악산",
        "PAST_SPOT_" : "25030607000055",
        "MNTN_ID" : "2503060700"
      },
      "geometry" : {
        "x" : 209440.72889999952,
        "y" : 351683.44330000132
      }
    },
    {
      "attributes" : {
        "FID" : 55,
        "PMNTN_SPOT" : 28690,
        "MNTN_CODE" : "452100701",
        "MANAGE_SP1" : "99",
        "MANAGE_SP2" : "기타",
        "DETAIL_SPO" : "분묘",
        "ETC_MATTER" : "계양조씨",
        "MNTN_NM" : "모악산",
        "PAST_SPOT_" : "25030607000056",
        "MNTN_ID" : "2503060700"
      },
      "geometry" : {
        "x" : 208895.35750000179,
        "y" : 350630.53070000187
      }
    },
    {
      "attributes" : {
        "FID" : 56,
        "PMNTN_SPOT" : 28691,
        "MNTN_CODE" : "452100701",
        "MANAGE_SP1" : "99",
        "MANAGE_SP2" : "기타",
        "DETAIL_SPO" : "분묘",
        "ETC_MATTER" : "평택임씨분묘",
        "MNTN_NM" : "모악산",
        "PAST_SPOT_" : "25030607000057",
        "MNTN_ID" : "2503060700"
      },
      "geometry" : {
        "x" : 207793.92460000049,
        "y" : 349567.89110000245
      }
    },
    {
      "attributes" : {
        "FID" : 57,
        "PMNTN_SPOT" : 28692,
        "MNTN_CODE" : "452100701",
        "MANAGE_SP1" : "99",
        "MANAGE_SP2" : "기타",
        "DETAIL_SPO" : "분묘",
        "ETC_MATTER" : "등산객거의없음",
        "MNTN_NM" : "모악산",
        "PAST_SPOT_" : "25030607000058",
        "MNTN_ID" : "2503060700"
      },
      "geometry" : {
        "x" : 206702.48950000387,
        "y" : 352114.56000000052
      }
    },
    {
      "attributes" : {
        "FID" : 58,
        "PMNTN_SPOT" : 28693,
        "MNTN_CODE" : "452100701",
        "MANAGE_SP1" : "01",
        "MANAGE_SP2" : "시종점",
        "DETAIL_SPO" : "시종점",
        "ETC_MATTER" : "귀신사고개",
        "MNTN_NM" : "모악산",
        "PAST_SPOT_" : "25030607000059",
        "MNTN_ID" : "2503060700"
      },
      "geometry" : {
        "x" : 205111.91930000111,
        "y" : 350543.15030000173
      }
    },
    {
      "attributes" : {
        "FID" : 59,
        "PMNTN_SPOT" : 28694,
        "MNTN_CODE" : "452100701",
        "MANAGE_SP1" : "02",
        "MANAGE_SP2" : "분기점",
        "DETAIL_SPO" : "분기점",
        "ETC_MATTER" : "귀신사고개",
        "MNTN_NM" : "모악산",
        "PAST_SPOT_" : "25030607000060",
        "MNTN_ID" : "2503060700"
      },
      "geometry" : {
        "x" : 205126.24470000155,
        "y" : 350577.41019999981
      }
    },
    {
      "attributes" : {
        "FID" : 60,
        "PMNTN_SPOT" : 28695,
        "MNTN_CODE" : "452100701",
        "MANAGE_SP1" : "01",
        "MANAGE_SP2" : "시종점",
        "DETAIL_SPO" : "시종점",
        "ETC_MATTER" : "김제군 금산면",
        "MNTN_NM" : "모악산",
        "PAST_SPOT_" : "25030607000061",
        "MNTN_ID" : "2503060700"
      },
      "geometry" : {
        "x" : 205143.40120000113,
        "y" : 350386.99860000238
      }
    },
    {
      "attributes" : {
        "FID" : 61,
        "PMNTN_SPOT" : 28696,
        "MNTN_CODE" : "452100701",
        "MANAGE_SP1" : "02",
        "MANAGE_SP2" : "분기점",
        "DETAIL_SPO" : "분기점",
        "ETC_MATTER" : " ",
        "MNTN_NM" : "모악산",
        "PAST_SPOT_" : "25030607000062",
        "MNTN_ID" : "2503060700"
      },
      "geometry" : {
        "x" : 205208.76630000118,
        "y" : 350567.83360000141
      }
    },
    {
      "attributes" : {
        "FID" : 62,
        "PMNTN_SPOT" : 28697,
        "MNTN_CODE" : "452100701",
        "MANAGE_SP1" : "01",
        "MANAGE_SP2" : "시종점",
        "DETAIL_SPO" : "시종점",
        "ETC_MATTER" : " ",
        "MNTN_NM" : "모악산",
        "PAST_SPOT_" : "25030607000063",
        "MNTN_ID" : "2503060700"
      },
      "geometry" : {
        "x" : 205232.95760000031,
        "y" : 350646.34090000205
      }
    },
    {
      "attributes" : {
        "FID" : 63,
        "PMNTN_SPOT" : 28698,
        "MNTN_CODE" : "452100701",
        "MANAGE_SP1" : "02",
        "MANAGE_SP2" : "분기점",
        "DETAIL_SPO" : "분기점",
        "ETC_MATTER" : " ",
        "MNTN_NM" : "모악산",
        "PAST_SPOT_" : "25030607000064",
        "MNTN_ID" : "2503060700"
      },
      "geometry" : {
        "x" : 205329.16280000284,
        "y" : 350560.84909999929
      }
    },
    {
      "attributes" : {
        "FID" : 64,
        "PMNTN_SPOT" : 28699,
        "MNTN_CODE" : "452100701",
        "MANAGE_SP1" : "02",
        "MANAGE_SP2" : "분기점",
        "DETAIL_SPO" : "분기점",
        "ETC_MATTER" : "철탑,정상방향",
        "MNTN_NM" : "모악산",
        "PAST_SPOT_" : "25030607000065",
        "MNTN_ID" : "2503060700"
      },
      "geometry" : {
        "x" : 205796.57220000029,
        "y" : 350603.11560000107
      }
    },
    {
      "attributes" : {
        "FID" : 65,
        "PMNTN_SPOT" : 28700,
        "MNTN_CODE" : "452100701",
        "MANAGE_SP1" : "02",
        "MANAGE_SP2" : "분기점",
        "DETAIL_SPO" : "분기점",
        "ETC_MATTER" : " ",
        "MNTN_NM" : "모악산",
        "PAST_SPOT_" : "25030607000066",
        "MNTN_ID" : "2503060700"
      },
      "geometry" : {
        "x" : 205836.04610000085,
        "y" : 350766.06830000132
      }
    },
    {
      "attributes" : {
        "FID" : 66,
        "PMNTN_SPOT" : 28701,
        "MNTN_CODE" : "452100701",
        "MANAGE_SP1" : "02",
        "MANAGE_SP2" : "분기점",
        "DETAIL_SPO" : "분기점",
        "ETC_MATTER" : " ",
        "MNTN_NM" : "모악산",
        "PAST_SPOT_" : "25030607000067",
        "MNTN_ID" : "2503060700"
      },
      "geometry" : {
        "x" : 205912.59780000057,
        "y" : 351443.76970000006
      }
    },
    {
      "attributes" : {
        "FID" : 67,
        "PMNTN_SPOT" : 28702,
        "MNTN_CODE" : "452100701",
        "MANAGE_SP1" : "02",
        "MANAGE_SP2" : "분기점",
        "DETAIL_SPO" : "분기점",
        "ETC_MATTER" : " ",
        "MNTN_NM" : "모악산",
        "PAST_SPOT_" : "25030607000068",
        "MNTN_ID" : "2503060700"
      },
      "geometry" : {
        "x" : 205925.53279999923,
        "y" : 351538.46509999968
      }
    },
    {
      "attributes" : {
        "FID" : 68,
        "PMNTN_SPOT" : 28703,
        "MNTN_CODE" : "452100701",
        "MANAGE_SP1" : "02",
        "MANAGE_SP2" : "분기점",
        "DETAIL_SPO" : "분기점",
        "ETC_MATTER" : "W.P128연결",
        "MNTN_NM" : "모악산",
        "PAST_SPOT_" : "25030607000069",
        "MNTN_ID" : "2503060700"
      },
      "geometry" : {
        "x" : 205954.14859999996,
        "y" : 351400.63729999773
      }
    },
    {
      "attributes" : {
        "FID" : 69,
        "PMNTN_SPOT" : 28704,
        "MNTN_CODE" : "452100701",
        "MANAGE_SP1" : "02",
        "MANAGE_SP2" : "분기점",
        "DETAIL_SPO" : "분기점",
        "ETC_MATTER" : "W.P86~88경유",
        "MNTN_NM" : "모악산",
        "PAST_SPOT_" : "25030607000070",
        "MNTN_ID" : "2503060700"
      },
      "geometry" : {
        "x" : 205965.32340000011,
        "y" : 350261.93329999968
      }
    },
    {
      "attributes" : {
        "FID" : 70,
        "PMNTN_SPOT" : 28705,
        "MNTN_CODE" : "452100701",
        "MANAGE_SP1" : "01",
        "MANAGE_SP2" : "시종점",
        "DETAIL_SPO" : "시종점",
        "ETC_MATTER" : "독배마을(도로)",
        "MNTN_NM" : "모악산",
        "PAST_SPOT_" : "25030607000071",
        "MNTN_ID" : "2503060700"
      },
      "geometry" : {
        "x" : 206028.88800000213,
        "y" : 351869.87120000273
      }
    },
    {
      "attributes" : {
        "FID" : 71,
        "PMNTN_SPOT" : 28706,
        "MNTN_CODE" : "452100701",
        "MANAGE_SP1" : "01",
        "MANAGE_SP2" : "시종점",
        "DETAIL_SPO" : "시종점",
        "ETC_MATTER" : "도로변",
        "MNTN_NM" : "모악산",
        "PAST_SPOT_" : "25030607000072",
        "MNTN_ID" : "2503060700"
      },
      "geometry" : {
        "x" : 206194.13680000324,
        "y" : 351985.05430000462
      }
    },
    {
      "attributes" : {
        "FID" : 72,
        "PMNTN_SPOT" : 28707,
        "MNTN_CODE" : "452100701",
        "MANAGE_SP1" : "02",
        "MANAGE_SP2" : "분기점",
        "DETAIL_SPO" : "분기점",
        "ETC_MATTER" : " ",
        "MNTN_NM" : "모악산",
        "PAST_SPOT_" : "25030607000073",
        "MNTN_ID" : "2503060700"
      },
      "geometry" : {
        "x" : 206244.71110000089,
        "y" : 350994.84770000167
      }
    },
    {
      "attributes" : {
        "FID" : 73,
        "PMNTN_SPOT" : 28708,
        "MNTN_CODE" : "452100701",
        "MANAGE_SP1" : "02",
        "MANAGE_SP2" : "분기점",
        "DETAIL_SPO" : "분기점",
        "ETC_MATTER" : " ",
        "MNTN_NM" : "모악산",
        "PAST_SPOT_" : "25030607000074",
        "MNTN_ID" : "2503060700"
      },
      "geometry" : {
        "x" : 206273.94270000234,
        "y" : 351203.18130000122
      }
    },
    {
      "attributes" : {
        "FID" : 74,
        "PMNTN_SPOT" : 28709,
        "MNTN_CODE" : "452100701",
        "MANAGE_SP1" : "02",
        "MANAGE_SP2" : "분기점",
        "DETAIL_SPO" : "분기점",
        "ETC_MATTER" : "귀신사방향",
        "MNTN_NM" : "모악산",
        "PAST_SPOT_" : "25030607000075",
        "MNTN_ID" : "2503060700"
      },
      "geometry" : {
        "x" : 206275.56230000127,
        "y" : 350140.93300000206
      }
    },
    {
      "attributes" : {
        "FID" : 75,
        "PMNTN_SPOT" : 28710,
        "MNTN_CODE" : "452100701",
        "MANAGE_SP1" : "02",
        "MANAGE_SP2" : "분기점",
        "DETAIL_SPO" : "분기점",
        "ETC_MATTER" : " ",
        "MNTN_NM" : "모악산",
        "PAST_SPOT_" : "25030607000076",
        "MNTN_ID" : "2503060700"
      },
      "geometry" : {
        "x" : 206315.58440000005,
        "y" : 351093.15510000102
      }
    },
    {
      "attributes" : {
        "FID" : 76,
        "PMNTN_SPOT" : 28711,
        "MNTN_CODE" : "452100701",
        "MANAGE_SP1" : "02",
        "MANAGE_SP2" : "분기점",
        "DETAIL_SPO" : "분기점",
        "ETC_MATTER" : " ",
        "MNTN_NM" : "모악산",
        "PAST_SPOT_" : "25030607000077",
        "MNTN_ID" : "2503060700"
      },
      "geometry" : {
        "x" : 206321.33950000349,
        "y" : 350993.51579999924
      }
    },
    {
      "attributes" : {
        "FID" : 77,
        "PMNTN_SPOT" : 28712,
        "MNTN_CODE" : "452100701",
        "MANAGE_SP1" : "99",
        "MANAGE_SP2" : "기타",
        "DETAIL_SPO" : "매봉,계단,벤치",
        "ETC_MATTER" : "안전시설설치요",
        "MNTN_NM" : "모악산",
        "PAST_SPOT_" : "25030607000078",
        "MNTN_ID" : "2503060700"
      },
      "geometry" : {
        "x" : 206374.39550000336,
        "y" : 349407.02209999971
      }
    },
    {
      "attributes" : {
        "FID" : 78,
        "PMNTN_SPOT" : 28713,
        "MNTN_CODE" : "452100701",
        "MANAGE_SP1" : "02",
        "MANAGE_SP2" : "분기점",
        "DETAIL_SPO" : "분기점",
        "ETC_MATTER" : " ",
        "MNTN_NM" : "모악산",
        "PAST_SPOT_" : "25030607000079",
        "MNTN_ID" : "2503060700"
      },
      "geometry" : {
        "x" : 206406.25700000115,
        "y" : 349758.23740000091
      }
    },
    {
      "attributes" : {
        "FID" : 79,
        "PMNTN_SPOT" : 28714,
        "MNTN_CODE" : "452100701",
        "MANAGE_SP1" : "05",
        "MANAGE_SP2" : "벤치",
        "DETAIL_SPO" : "벤치",
        "ETC_MATTER" : "평2",
        "MNTN_NM" : "모악산",
        "PAST_SPOT_" : "25030607000080",
        "MNTN_ID" : "2503060700"
      },
      "geometry" : {
        "x" : 206454.48160000145,
        "y" : 350657.73280000314
      }
    },
    {
      "attributes" : {
        "FID" : 80,
        "PMNTN_SPOT" : 28715,
        "MNTN_CODE" : "452100701",
        "MANAGE_SP1" : "05",
        "MANAGE_SP2" : "벤치",
        "DETAIL_SPO" : "벤치",
        "ETC_MATTER" : "평2",
        "MNTN_NM" : "모악산",
        "PAST_SPOT_" : "25030607000081",
        "MNTN_ID" : "2503060700"
      },
      "geometry" : {
        "x" : 206459.11720000021,
        "y" : 350690.27720000409
      }
    },
    {
      "attributes" : {
        "FID" : 81,
        "PMNTN_SPOT" : 28716,
        "MNTN_CODE" : "452100701",
        "MANAGE_SP1" : "10",
        "MANAGE_SP2" : "이정표",
        "DETAIL_SPO" : "이정표",
        "ETC_MATTER" : "매봉,염불암능선",
        "MNTN_NM" : "모악산",
        "PAST_SPOT_" : "25030607000082",
        "MNTN_ID" : "2503060700"
      },
      "geometry" : {
        "x" : 206513.65469999984,
        "y" : 349173.95500000007
      }
    },
    {
      "attributes" : {
        "FID" : 82,
        "PMNTN_SPOT" : 28717,
        "MNTN_CODE" : "452100701",
        "MANAGE_SP1" : "02",
        "MANAGE_SP2" : "분기점",
        "DETAIL_SPO" : "분기점",
        "ETC_MATTER" : " ",
        "MNTN_NM" : "모악산",
        "PAST_SPOT_" : "25030607000083",
        "MNTN_ID" : "2503060700"
      },
      "geometry" : {
        "x" : 206536.33000000101,
        "y" : 351431.96250000037
      }
    },
    {
      "attributes" : {
        "FID" : 83,
        "PMNTN_SPOT" : 28718,
        "MNTN_CODE" : "452100701",
        "MANAGE_SP1" : "01",
        "MANAGE_SP2" : "시종점",
        "DETAIL_SPO" : "시점",
        "ETC_MATTER" : "도로변",
        "MNTN_NM" : "모악산",
        "PAST_SPOT_" : "25030607000084",
        "MNTN_ID" : "2503060700"
      },
      "geometry" : {
        "x" : 206545.30420000199,
        "y" : 352202.7098999992
      }
    },
    {
      "attributes" : {
        "FID" : 84,
        "PMNTN_SPOT" : 28719,
        "MNTN_CODE" : "452100701",
        "MANAGE_SP1" : "01",
        "MANAGE_SP2" : "시종점",
        "DETAIL_SPO" : "시종점",
        "ETC_MATTER" : "등산로아님",
        "MNTN_NM" : "모악산",
        "PAST_SPOT_" : "25030607000085",
        "MNTN_ID" : "2503060700"
      },
      "geometry" : {
        "x" : 206548.05130000319,
        "y" : 352030.54230000079
      }
    },
    {
      "attributes" : {
        "FID" : 85,
        "PMNTN_SPOT" : 28720,
        "MNTN_CODE" : "452100701",
        "MANAGE_SP1" : "02",
        "MANAGE_SP2" : "분기점",
        "DETAIL_SPO" : "분기점",
        "ETC_MATTER" : " ",
        "MNTN_NM" : "모악산",
        "PAST_SPOT_" : "25030607000086",
        "MNTN_ID" : "2503060700"
      },
      "geometry" : {
        "x" : 206557.42650000099,
        "y" : 351397.78130000457
      }
    },
    {
      "attributes" : {
        "FID" : 86,
        "PMNTN_SPOT" : 28721,
        "MNTN_CODE" : "452100701",
        "MANAGE_SP1" : "02",
        "MANAGE_SP2" : "분기점",
        "DETAIL_SPO" : "분기점",
        "ETC_MATTER" : "등산객전무",
        "MNTN_NM" : "모악산",
        "PAST_SPOT_" : "25030607000087",
        "MNTN_ID" : "2503060700"
      },
      "geometry" : {
        "x" : 206587.35370000079,
        "y" : 351010.5466999989
      }
    },
    {
      "attributes" : {
        "FID" : 87,
        "PMNTN_SPOT" : 28722,
        "MNTN_CODE" : "452100701",
        "MANAGE_SP1" : "02",
        "MANAGE_SP2" : "분기점",
        "DETAIL_SPO" : "분기점",
        "ETC_MATTER" : " ",
        "MNTN_NM" : "모악산",
        "PAST_SPOT_" : "25030607000088",
        "MNTN_ID" : "2503060700"
      },
      "geometry" : {
        "x" : 206602.69290000014,
        "y" : 349472.02190000005
      }
    },
    {
      "attributes" : {
        "FID" : 88,
        "PMNTN_SPOT" : 28723,
        "MNTN_CODE" : "452100701",
        "MANAGE_SP1" : "99",
        "MANAGE_SP2" : "기타",
        "DETAIL_SPO" : "기도터",
        "ETC_MATTER" : "동자상",
        "MNTN_NM" : "모악산",
        "PAST_SPOT_" : "25030607000089",
        "MNTN_ID" : "2503060700"
      },
      "geometry" : {
        "x" : 206619.60650000256,
        "y" : 351222.0206000004
      }
    },
    {
      "attributes" : {
        "FID" : 89,
        "PMNTN_SPOT" : 28724,
        "MNTN_CODE" : "452100701",
        "MANAGE_SP1" : "99",
        "MANAGE_SP2" : "기타",
        "DETAIL_SPO" : "기도터",
        "ETC_MATTER" : "동자상",
        "MNTN_NM" : "모악산",
        "PAST_SPOT_" : "25030607000090",
        "MNTN_ID" : "2503060700"
      },
      "geometry" : {
        "x" : 206640.75579999946,
        "y" : 351199.82010000013
      }
    },
    {
      "attributes" : {
        "FID" : 90,
        "PMNTN_SPOT" : 28725,
        "MNTN_CODE" : "452100701",
        "MANAGE_SP1" : "02",
        "MANAGE_SP2" : "분기점",
        "DETAIL_SPO" : "분기점",
        "ETC_MATTER" : " ",
        "MNTN_NM" : "모악산",
        "PAST_SPOT_" : "25030607000091",
        "MNTN_ID" : "2503060700"
      },
      "geometry" : {
        "x" : 206647.73599999957,
        "y" : 350864.31780000031
      }
    },
    {
      "attributes" : {
        "FID" : 91,
        "PMNTN_SPOT" : 28726,
        "MNTN_CODE" : "452100701",
        "MANAGE_SP1" : "01",
        "MANAGE_SP2" : "시종점",
        "DETAIL_SPO" : "시종점",
        "ETC_MATTER" : "도로변",
        "MNTN_NM" : "모악산",
        "PAST_SPOT_" : "25030607000092",
        "MNTN_ID" : "2503060700"
      },
      "geometry" : {
        "x" : 206654.3853000002,
        "y" : 352231.52700000256
      }
    },
    {
      "attributes" : {
        "FID" : 92,
        "PMNTN_SPOT" : 28727,
        "MNTN_CODE" : "452100701",
        "MANAGE_SP1" : "02",
        "MANAGE_SP2" : "분기점",
        "DETAIL_SPO" : "분기점",
        "ETC_MATTER" : "염불암",
        "MNTN_NM" : "모악산",
        "PAST_SPOT_" : "25030607000093",
        "MNTN_ID" : "2503060700"
      },
      "geometry" : {
        "x" : 206708.95820000302,
        "y" : 349648.05069999956
      }
    },
    {
      "attributes" : {
        "FID" : 93,
        "PMNTN_SPOT" : 28728,
        "MNTN_CODE" : "452100701",
        "MANAGE_SP1" : "02",
        "MANAGE_SP2" : "분기점",
        "DETAIL_SPO" : "분기점",
        "ETC_MATTER" : " ",
        "MNTN_NM" : "모악산",
        "PAST_SPOT_" : "25030607000094",
        "MNTN_ID" : "2503060700"
      },
      "geometry" : {
        "x" : 206720.48270000331,
        "y" : 349570.98710000142
      }
    },
    {
      "attributes" : {
        "FID" : 94,
        "PMNTN_SPOT" : 28729,
        "MNTN_CODE" : "452100701",
        "MANAGE_SP1" : "02",
        "MANAGE_SP2" : "분기점",
        "DETAIL_SPO" : "분기점",
        "ETC_MATTER" : " ",
        "MNTN_NM" : "모악산",
        "PAST_SPOT_" : "25030607000095",
        "MNTN_ID" : "2503060700"
      },
      "geometry" : {
        "x" : 206736.72420000099,
        "y" : 351827.21330000088
      }
    },
    {
      "attributes" : {
        "FID" : 95,
        "PMNTN_SPOT" : 28730,
        "MNTN_CODE" : "452100701",
        "MANAGE_SP1" : "02",
        "MANAGE_SP2" : "분기점",
        "DETAIL_SPO" : "분기점",
        "ETC_MATTER" : "연불암능선방향",
        "MNTN_NM" : "모악산",
        "PAST_SPOT_" : "25030607000096",
        "MNTN_ID" : "2503060700"
      },
      "geometry" : {
        "x" : 206744.29420000128,
        "y" : 349096.19760000147
      }
    },
    {
      "attributes" : {
        "FID" : 96,
        "PMNTN_SPOT" : 28731,
        "MNTN_CODE" : "452100701",
        "MANAGE_SP1" : "01",
        "MANAGE_SP2" : "시종점",
        "DETAIL_SPO" : "시종점",
        "ETC_MATTER" : "등산로폐쇄",
        "MNTN_NM" : "모악산",
        "PAST_SPOT_" : "25030607000097",
        "MNTN_ID" : "2503060700"
      },
      "geometry" : {
        "x" : 206747.31000000238,
        "y" : 350134.40670000017
      }
    },
    {
      "attributes" : {
        "FID" : 97,
        "PMNTN_SPOT" : 28732,
        "MNTN_CODE" : "452100701",
        "MANAGE_SP1" : "01",
        "MANAGE_SP2" : "시종점",
        "DETAIL_SPO" : "시종점",
        "ETC_MATTER" : "등산객거의없음",
        "MNTN_NM" : "모악산",
        "PAST_SPOT_" : "25030607000098",
        "MNTN_ID" : "2503060700"
      },
      "geometry" : {
        "x" : 206756.16559999995,
        "y" : 352263.72419999726
      }
    },
    {
      "attributes" : {
        "FID" : 98,
        "PMNTN_SPOT" : 28733,
        "MNTN_CODE" : "452100701",
        "MANAGE_SP1" : "02",
        "MANAGE_SP2" : "분기점",
        "DETAIL_SPO" : "분기점",
        "ETC_MATTER" : " ",
        "MNTN_NM" : "모악산",
        "PAST_SPOT_" : "25030607000099",
        "MNTN_ID" : "2503060700"
      },
      "geometry" : {
        "x" : 206794.75299999956,
        "y" : 351786.51780000143
      }
    },
    {
      "attributes" : {
        "FID" : 99,
        "PMNTN_SPOT" : 28734,
        "MNTN_CODE" : "452100701",
        "MANAGE_SP1" : "01",
        "MANAGE_SP2" : "시종점",
        "DETAIL_SPO" : "시종점",
        "ETC_MATTER" : "도로변",
        "MNTN_NM" : "모악산",
        "PAST_SPOT_" : "25030607000100",
        "MNTN_ID" : "2503060700"
      },
      "geometry" : {
        "x" : 206820.45519999973,
        "y" : 352307.85610000044
      }
    },
    {
      "attributes" : {
        "FID" : 100,
        "PMNTN_SPOT" : 28735,
        "MNTN_CODE" : "452100701",
        "MANAGE_SP1" : "02",
        "MANAGE_SP2" : "분기점",
        "DETAIL_SPO" : "분기점",
        "ETC_MATTER" : " ",
        "MNTN_NM" : "모악산",
        "PAST_SPOT_" : "25030607000101",
        "MNTN_ID" : "2503060700"
      },
      "geometry" : {
        "x" : 206828.74680000264,
        "y" : 350181.81590000167
      }
    },
    {
      "attributes" : {
        "FID" : 101,
        "PMNTN_SPOT" : 28736,
        "MNTN_CODE" : "452100701",
        "MANAGE_SP1" : "02",
        "MANAGE_SP2" : "분기점",
        "DETAIL_SPO" : "분기점",
        "ETC_MATTER" : "염불암",
        "MNTN_NM" : "모악산",
        "PAST_SPOT_" : "25030607000102",
        "MNTN_ID" : "2503060700"
      },
      "geometry" : {
        "x" : 206829.16339999903,
        "y" : 349453.66970000044
      }
    },
    {
      "attributes" : {
        "FID" : 102,
        "PMNTN_SPOT" : 28737,
        "MNTN_CODE" : "452100701",
        "MANAGE_SP1" : "02",
        "MANAGE_SP2" : "분기점",
        "DETAIL_SPO" : "분기점",
        "ETC_MATTER" : "등산객거의없음",
        "MNTN_NM" : "모악산",
        "PAST_SPOT_" : "25030607000103",
        "MNTN_ID" : "2503060700"
      },
      "geometry" : {
        "x" : 206854.93829999957,
        "y" : 351074.07890000194
      }
    },
    {
      "attributes" : {
        "FID" : 103,
        "PMNTN_SPOT" : 28738,
        "MNTN_CODE" : "452100701",
        "MANAGE_SP1" : "02",
        "MANAGE_SP2" : "분기점",
        "DETAIL_SPO" : "분기점",
        "ETC_MATTER" : " ",
        "MNTN_NM" : "모악산",
        "PAST_SPOT_" : "25030607000104",
        "MNTN_ID" : "2503060700"
      },
      "geometry" : {
        "x" : 206954.03560000099,
        "y" : 350197.71949999966
      }
    },
    {
      "attributes" : {
        "FID" : 104,
        "PMNTN_SPOT" : 28739,
        "MNTN_CODE" : "452100701",
        "MANAGE_SP1" : "02",
        "MANAGE_SP2" : "분기점",
        "DETAIL_SPO" : "분기점",
        "ETC_MATTER" : " ",
        "MNTN_NM" : "모악산",
        "PAST_SPOT_" : "25030607000105",
        "MNTN_ID" : "2503060700"
      },
      "geometry" : {
        "x" : 206967.21031271666,
        "y" : 351991.48334674165
      }
    },
    {
      "attributes" : {
        "FID" : 105,
        "PMNTN_SPOT" : 28740,
        "MNTN_CODE" : "452100701",
        "MANAGE_SP1" : "02",
        "MANAGE_SP2" : "분기점",
        "DETAIL_SPO" : "분기점",
        "ETC_MATTER" : " ",
        "MNTN_NM" : "모악산",
        "PAST_SPOT_" : "25030607000106",
        "MNTN_ID" : "2503060700"
      },
      "geometry" : {
        "x" : 206985.07520000078,
        "y" : 352057.48570000194
      }
    },
    {
      "attributes" : {
        "FID" : 106,
        "PMNTN_SPOT" : 28741,
        "MNTN_CODE" : "452100701",
        "MANAGE_SP1" : "99",
        "MANAGE_SP2" : "기타",
        "DETAIL_SPO" : "계단",
        "ETC_MATTER" : "목28",
        "MNTN_NM" : "모악산",
        "PAST_SPOT_" : "25030607000107",
        "MNTN_ID" : "2503060700"
      },
      "geometry" : {
        "x" : 207000.5335000027,
        "y" : 351243.49730000272
      }
    },
    {
      "attributes" : {
        "FID" : 107,
        "PMNTN_SPOT" : 28742,
        "MNTN_CODE" : "452100701",
        "MANAGE_SP1" : "02",
        "MANAGE_SP2" : "분기점",
        "DETAIL_SPO" : "분기점",
        "ETC_MATTER" : " ",
        "MNTN_NM" : "모악산",
        "PAST_SPOT_" : "25030607000108",
        "MNTN_ID" : "2503060700"
      },
      "geometry" : {
        "x" : 207094.29810000025,
        "y" : 350094.32900000177
      }
    },
    {
      "attributes" : {
        "FID" : 108,
        "PMNTN_SPOT" : 28743,
        "MNTN_CODE" : "452100701",
        "MANAGE_SP1" : "02",
        "MANAGE_SP2" : "분기점",
        "DETAIL_SPO" : "분기점",
        "ETC_MATTER" : " ",
        "MNTN_NM" : "모악산",
        "PAST_SPOT_" : "25030607000109",
        "MNTN_ID" : "2503060700"
      },
      "geometry" : {
        "x" : 207097.20500000287,
        "y" : 351960.09740000032
      }
    },
    {
      "attributes" : {
        "FID" : 109,
        "PMNTN_SPOT" : 28744,
        "MNTN_CODE" : "452100701",
        "MANAGE_SP1" : "02",
        "MANAGE_SP2" : "분기점",
        "DETAIL_SPO" : "분기점",
        "ETC_MATTER" : " ",
        "MNTN_NM" : "모악산",
        "PAST_SPOT_" : "25030607000110",
        "MNTN_ID" : "2503060700"
      },
      "geometry" : {
        "x" : 207248.59360000025,
        "y" : 350213.11080000177
      }
    },
    {
      "attributes" : {
        "FID" : 110,
        "PMNTN_SPOT" : 28745,
        "MNTN_CODE" : "452100701",
        "MANAGE_SP1" : "01",
        "MANAGE_SP2" : "시종점",
        "DETAIL_SPO" : "시종점",
        "ETC_MATTER" : "도로변",
        "MNTN_NM" : "모악산",
        "PAST_SPOT_" : "25030607000111",
        "MNTN_ID" : "2503060700"
      },
      "geometry" : {
        "x" : 207276.88320000004,
        "y" : 352459.15530000255
      }
    },
    {
      "attributes" : {
        "FID" : 111,
        "PMNTN_SPOT" : 28746,
        "MNTN_CODE" : "452100701",
        "MANAGE_SP1" : "10",
        "MANAGE_SP2" : "이정표",
        "DETAIL_SPO" : "이정표",
        "ETC_MATTER" : "매봉,정상방향",
        "MNTN_NM" : "모악산",
        "PAST_SPOT_" : "25030607000112",
        "MNTN_ID" : "2503060700"
      },
      "geometry" : {
        "x" : 207342.62750000134,
        "y" : 348416.3767000027
      }
    },
    {
      "attributes" : {
        "FID" : 112,
        "PMNTN_SPOT" : 28747,
        "MNTN_CODE" : "452100701",
        "MANAGE_SP1" : "10",
        "MANAGE_SP2" : "이정표",
        "DETAIL_SPO" : "이정표",
        "ETC_MATTER" : "염불암정상방향",
        "MNTN_NM" : "모악산",
        "PAST_SPOT_" : "25030607000113",
        "MNTN_ID" : "2503060700"
      },
      "geometry" : {
        "x" : 207363.57480000332,
        "y" : 350390.07140000165
      }
    },
    {
      "attributes" : {
        "FID" : 113,
        "PMNTN_SPOT" : 28748,
        "MNTN_CODE" : "452100701",
        "MANAGE_SP1" : "99",
        "MANAGE_SP2" : "기타",
        "DETAIL_SPO" : "모악산,이정표",
        "ETC_MATTER" : "모악산",
        "MNTN_NM" : "모악산",
        "PAST_SPOT_" : "25030607000114",
        "MNTN_ID" : "2503060700"
      },
      "geometry" : {
        "x" : 207367.77880000137,
        "y" : 348126.26129999943
      }
    },
    {
      "attributes" : {
        "FID" : 114,
        "PMNTN_SPOT" : 28749,
        "MNTN_CODE" : "452100701",
        "MANAGE_SP1" : "01",
        "MANAGE_SP2" : "시종점",
        "DETAIL_SPO" : "시종점",
        "ETC_MATTER" : "황소마을",
        "MNTN_NM" : "모악산",
        "PAST_SPOT_" : "25030607000115",
        "MNTN_ID" : "2503060700"
      },
      "geometry" : {
        "x" : 207389.69240000378,
        "y" : 352500.22290000133
      }
    },
    {
      "attributes" : {
        "FID" : 115,
        "PMNTN_SPOT" : 28750,
        "MNTN_CODE" : "452100701",
        "MANAGE_SP1" : "99",
        "MANAGE_SP2" : "기타",
        "DETAIL_SPO" : "계단끝",
        "ETC_MATTER" : "71단",
        "MNTN_NM" : "모악산",
        "PAST_SPOT_" : "25030607000116",
        "MNTN_ID" : "2503060700"
      },
      "geometry" : {
        "x" : 207455.79120000079,
        "y" : 348648.87560000271
      }
    },
    {
      "attributes" : {
        "FID" : 116,
        "PMNTN_SPOT" : 28751,
        "MNTN_CODE" : "452100701",
        "MANAGE_SP1" : "02",
        "MANAGE_SP2" : "분기점",
        "DETAIL_SPO" : "분기점",
        "ETC_MATTER" : " ",
        "MNTN_NM" : "모악산",
        "PAST_SPOT_" : "25030607000117",
        "MNTN_ID" : "2503060700"
      },
      "geometry" : {
        "x" : 207600.21490000002,
        "y" : 350213.96650000103
      }
    },
    {
      "attributes" : {
        "FID" : 117,
        "PMNTN_SPOT" : 28752,
        "MNTN_CODE" : "452100701",
        "MANAGE_SP1" : "01",
        "MANAGE_SP2" : "시종점",
        "DETAIL_SPO" : "시종점",
        "ETC_MATTER" : " ",
        "MNTN_NM" : "모악산",
        "PAST_SPOT_" : "25030607000118",
        "MNTN_ID" : "2503060700"
      },
      "geometry" : {
        "x" : 207619.47890000325,
        "y" : 350180.8692000024
      }
    },
    {
      "attributes" : {
        "FID" : 118,
        "PMNTN_SPOT" : 28753,
        "MNTN_CODE" : "452100701",
        "MANAGE_SP1" : "02",
        "MANAGE_SP2" : "분기점",
        "DETAIL_SPO" : "분기점",
        "ETC_MATTER" : " ",
        "MNTN_NM" : "모악산",
        "PAST_SPOT_" : "25030607000119",
        "MNTN_ID" : "2503060700"
      },
      "geometry" : {
        "x" : 207644.83517200779,
        "y" : 351136.79680614173
      }
    },
    {
      "attributes" : {
        "FID" : 119,
        "PMNTN_SPOT" : 28754,
        "MNTN_CODE" : "452100701",
        "MANAGE_SP1" : "99",
        "MANAGE_SP2" : "기타",
        "DETAIL_SPO" : "계단끝",
        "ETC_MATTER" : "283단",
        "MNTN_NM" : "모악산",
        "PAST_SPOT_" : "25030607000120",
        "MNTN_ID" : "2503060700"
      },
      "geometry" : {
        "x" : 207663.89589999989,
        "y" : 349278.69730000012
      }
    },
    {
      "attributes" : {
        "FID" : 120,
        "PMNTN_SPOT" : 28755,
        "MNTN_CODE" : "452100701",
        "MANAGE_SP1" : "02",
        "MANAGE_SP2" : "분기점",
        "DETAIL_SPO" : "분기점",
        "ETC_MATTER" : "향인문",
        "MNTN_NM" : "모악산",
        "PAST_SPOT_" : "25030607000121",
        "MNTN_ID" : "2503060700"
      },
      "geometry" : {
        "x" : 207671.78630000353,
        "y" : 351007.07039999962
      }
    },
    {
      "attributes" : {
        "FID" : 121,
        "PMNTN_SPOT" : 28756,
        "MNTN_CODE" : "452100701",
        "MANAGE_SP1" : "02",
        "MANAGE_SP2" : "분기점",
        "DETAIL_SPO" : "분기점",
        "ETC_MATTER" : "283단",
        "MNTN_NM" : "모악산",
        "PAST_SPOT_" : "25030607000122",
        "MNTN_ID" : "2503060700"
      },
      "geometry" : {
        "x" : 207672.12140000332,
        "y" : 349305.8505000025
      }
    },
    {
      "attributes" : {
        "FID" : 122,
        "PMNTN_SPOT" : 28757,
        "MNTN_CODE" : "452100701",
        "MANAGE_SP1" : "02",
        "MANAGE_SP2" : "분기점",
        "DETAIL_SPO" : "분기점",
        "ETC_MATTER" : " ",
        "MNTN_NM" : "모악산",
        "PAST_SPOT_" : "25030607000123",
        "MNTN_ID" : "2503060700"
      },
      "geometry" : {
        "x" : 207692.76060000062,
        "y" : 350610.80880000256
      }
    },
    {
      "attributes" : {
        "FID" : 123,
        "PMNTN_SPOT" : 28758,
        "MNTN_CODE" : "452100701",
        "MANAGE_SP1" : "02",
        "MANAGE_SP2" : "분기점",
        "DETAIL_SPO" : "분기점",
        "ETC_MATTER" : "W.P154연결",
        "MNTN_NM" : "모악산",
        "PAST_SPOT_" : "25030607000124",
        "MNTN_ID" : "2503060700"
      },
      "geometry" : {
        "x" : 207697.27820000146,
        "y" : 350890.00860000402
      }
    },
    {
      "attributes" : {
        "FID" : 124,
        "PMNTN_SPOT" : 28759,
        "MNTN_CODE" : "452100701",
        "MANAGE_SP1" : "02",
        "MANAGE_SP2" : "분기점",
        "DETAIL_SPO" : "분기점",
        "ETC_MATTER" : " ",
        "MNTN_NM" : "모악산",
        "PAST_SPOT_" : "25030607000125",
        "MNTN_ID" : "2503060700"
      },
      "geometry" : {
        "x" : 207721.64599999972,
        "y" : 349170.94140000083
      }
    },
    {
      "attributes" : {
        "FID" : 125,
        "PMNTN_SPOT" : 28760,
        "MNTN_CODE" : "452100701",
        "MANAGE_SP1" : "01",
        "MANAGE_SP2" : "시종점",
        "DETAIL_SPO" : "분묘,폐경지",
        "ETC_MATTER" : " ",
        "MNTN_NM" : "모악산",
        "PAST_SPOT_" : "25030607000126",
        "MNTN_ID" : "2503060700"
      },
      "geometry" : {
        "x" : 207741.75540000107,
        "y" : 350499.48140000179
      }
    },
    {
      "attributes" : {
        "FID" : 126,
        "PMNTN_SPOT" : 28761,
        "MNTN_CODE" : "452100701",
        "MANAGE_SP1" : "02",
        "MANAGE_SP2" : "분기점",
        "DETAIL_SPO" : "분기점",
        "ETC_MATTER" : " ",
        "MNTN_NM" : "모악산",
        "PAST_SPOT_" : "25030607000127",
        "MNTN_ID" : "2503060700"
      },
      "geometry" : {
        "x" : 207750.58760000113,
        "y" : 348059.18300000019
      }
    },
    {
      "attributes" : {
        "FID" : 127,
        "PMNTN_SPOT" : 28762,
        "MNTN_CODE" : "452100701",
        "MANAGE_SP1" : "02",
        "MANAGE_SP2" : "분기점",
        "DETAIL_SPO" : "분기점",
        "ETC_MATTER" : "W.P155연결",
        "MNTN_NM" : "모악산",
        "PAST_SPOT_" : "25030607000128",
        "MNTN_ID" : "2503060700"
      },
      "geometry" : {
        "x" : 207787.73840000015,
        "y" : 350896.67259999923
      }
    },
    {
      "attributes" : {
        "FID" : 128,
        "PMNTN_SPOT" : 28763,
        "MNTN_CODE" : "452100701",
        "MANAGE_SP1" : "02",
        "MANAGE_SP2" : "분기점",
        "DETAIL_SPO" : "분기점",
        "ETC_MATTER" : " ",
        "MNTN_NM" : "모악산",
        "PAST_SPOT_" : "25030607000129",
        "MNTN_ID" : "2503060700"
      },
      "geometry" : {
        "x" : 207798.05920000095,
        "y" : 348183.26400000043
      }
    },
    {
      "attributes" : {
        "FID" : 129,
        "PMNTN_SPOT" : 28764,
        "MNTN_CODE" : "452100701",
        "MANAGE_SP1" : "02",
        "MANAGE_SP2" : "분기점",
        "DETAIL_SPO" : "분기점",
        "ETC_MATTER" : "계곡길방향",
        "MNTN_NM" : "모악산",
        "PAST_SPOT_" : "25030607000130",
        "MNTN_ID" : "2503060700"
      },
      "geometry" : {
        "x" : 207812.41450000089,
        "y" : 350767.98220000044
      }
    },
    {
      "attributes" : {
        "FID" : 130,
        "PMNTN_SPOT" : 28765,
        "MNTN_CODE" : "452100701",
        "MANAGE_SP1" : "02",
        "MANAGE_SP2" : "분기점",
        "DETAIL_SPO" : "분기점",
        "ETC_MATTER" : " ",
        "MNTN_NM" : "모악산",
        "PAST_SPOT_" : "25030607000131",
        "MNTN_ID" : "2503060700"
      },
      "geometry" : {
        "x" : 207823.66260000225,
        "y" : 350952.47120000049
      }
    },
    {
      "attributes" : {
        "FID" : 131,
        "PMNTN_SPOT" : 28766,
        "MNTN_CODE" : "452100701",
        "MANAGE_SP1" : "02",
        "MANAGE_SP2" : "분기점",
        "DETAIL_SPO" : "분기점",
        "ETC_MATTER" : "구이,대원사",
        "MNTN_NM" : "모악산",
        "PAST_SPOT_" : "25030607000132",
        "MNTN_ID" : "2503060700"
      },
      "geometry" : {
        "x" : 207840.62070000079,
        "y" : 348248.10500000045
      }
    },
    {
      "attributes" : {
        "FID" : 132,
        "PMNTN_SPOT" : 28767,
        "MNTN_CODE" : "452100701",
        "MANAGE_SP1" : "02",
        "MANAGE_SP2" : "분기점",
        "DETAIL_SPO" : "분기점",
        "ETC_MATTER" : "w.p98연결",
        "MNTN_NM" : "모악산",
        "PAST_SPOT_" : "25030607000133",
        "MNTN_ID" : "2503060700"
      },
      "geometry" : {
        "x" : 207841.39560000133,
        "y" : 351681.28219999932
      }
    },
    {
      "attributes" : {
        "FID" : 133,
        "PMNTN_SPOT" : 28768,
        "MNTN_CODE" : "452100701",
        "MANAGE_SP1" : "11",
        "MANAGE_SP2" : "안내판또는지도",
        "DETAIL_SPO" : "안내판",
        "ETC_MATTER" : "모악산을사랑합시다",
        "MNTN_NM" : "모악산",
        "PAST_SPOT_" : "25030607000134",
        "MNTN_ID" : "2503060700"
      },
      "geometry" : {
        "x" : 207846.34830000345,
        "y" : 351187.00780000165
      }
    },
    {
      "attributes" : {
        "FID" : 134,
        "PMNTN_SPOT" : 28769,
        "MNTN_CODE" : "452100701",
        "MANAGE_SP1" : "02",
        "MANAGE_SP2" : "분기점",
        "DETAIL_SPO" : "분기점",
        "ETC_MATTER" : " ",
        "MNTN_NM" : "모악산",
        "PAST_SPOT_" : "25030607000135",
        "MNTN_ID" : "2503060700"
      },
      "geometry" : {
        "x" : 207855.8208999997,
        "y" : 348916.31680000015
      }
    },
    {
      "attributes" : {
        "FID" : 135,
        "PMNTN_SPOT" : 28770,
        "MNTN_CODE" : "452100701",
        "MANAGE_SP1" : "02",
        "MANAGE_SP2" : "분기점",
        "DETAIL_SPO" : "분기점",
        "ETC_MATTER" : " ",
        "MNTN_NM" : "모악산",
        "PAST_SPOT_" : "25030607000136",
        "MNTN_ID" : "2503060700"
      },
      "geometry" : {
        "x" : 207861.8861000007,
        "y" : 348298.83559999987
      }
    },
    {
      "attributes" : {
        "FID" : 136,
        "PMNTN_SPOT" : 28771,
        "MNTN_CODE" : "452100701",
        "MANAGE_SP1" : "02",
        "MANAGE_SP2" : "분기점",
        "DETAIL_SPO" : "분기점",
        "ETC_MATTER" : "구이,대원사",
        "MNTN_NM" : "모악산",
        "PAST_SPOT_" : "25030607000137",
        "MNTN_ID" : "2503060700"
      },
      "geometry" : {
        "x" : 207864.74670000002,
        "y" : 348286.43330000341
      }
    },
    {
      "attributes" : {
        "FID" : 137,
        "PMNTN_SPOT" : 28772,
        "MNTN_CODE" : "452100701",
        "MANAGE_SP1" : "02",
        "MANAGE_SP2" : "분기점",
        "DETAIL_SPO" : "분기점",
        "ETC_MATTER" : "구이,대원사",
        "MNTN_NM" : "모악산",
        "PAST_SPOT_" : "25030607000138",
        "MNTN_ID" : "2503060700"
      },
      "geometry" : {
        "x" : 207864.92480000015,
        "y" : 348261.41240000352
      }
    },
    {
      "attributes" : {
        "FID" : 138,
        "PMNTN_SPOT" : 28773,
        "MNTN_CODE" : "452100701",
        "MANAGE_SP1" : "02",
        "MANAGE_SP2" : "분기점",
        "DETAIL_SPO" : "분기점",
        "ETC_MATTER" : " ",
        "MNTN_NM" : "모악산",
        "PAST_SPOT_" : "25030607000139",
        "MNTN_ID" : "2503060700"
      },
      "geometry" : {
        "x" : 207873.48670000024,
        "y" : 349420.89360000193
      }
    },
    {
      "attributes" : {
        "FID" : 139,
        "PMNTN_SPOT" : 28774,
        "MNTN_CODE" : "452100701",
        "MANAGE_SP1" : "10",
        "MANAGE_SP2" : "이정표",
        "DETAIL_SPO" : "이정표",
        "ETC_MATTER" : " ",
        "MNTN_NM" : "모악산",
        "PAST_SPOT_" : "25030607000140",
        "MNTN_ID" : "2503060700"
      },
      "geometry" : {
        "x" : 207877.88900000136,
        "y" : 351288.80540000089
      }
    },
    {
      "attributes" : {
        "FID" : 140,
        "PMNTN_SPOT" : 28775,
        "MNTN_CODE" : "452100701",
        "MANAGE_SP1" : "02",
        "MANAGE_SP2" : "분기점",
        "DETAIL_SPO" : "분기점",
        "ETC_MATTER" : "신금1길 비단길",
        "MNTN_NM" : "모악산",
        "PAST_SPOT_" : "25030607000141",
        "MNTN_ID" : "2503060700"
      },
      "geometry" : {
        "x" : 207882.05800000019,
        "y" : 348494.04040000401
      }
    },
    {
      "attributes" : {
        "FID" : 141,
        "PMNTN_SPOT" : 28776,
        "MNTN_CODE" : "452100701",
        "MANAGE_SP1" : "02",
        "MANAGE_SP2" : "분기점",
        "DETAIL_SPO" : "분기점",
        "ETC_MATTER" : " ",
        "MNTN_NM" : "모악산",
        "PAST_SPOT_" : "25030607000142",
        "MNTN_ID" : "2503060700"
      },
      "geometry" : {
        "x" : 207887.86350000184,
        "y" : 348339.80490000173
      }
    },
    {
      "attributes" : {
        "FID" : 142,
        "PMNTN_SPOT" : 28777,
        "MNTN_CODE" : "452100701",
        "MANAGE_SP1" : "02",
        "MANAGE_SP2" : "분기점",
        "DETAIL_SPO" : "분기점",
        "ETC_MATTER" : " ",
        "MNTN_NM" : "모악산",
        "PAST_SPOT_" : "25030607000143",
        "MNTN_ID" : "2503060700"
      },
      "geometry" : {
        "x" : 207900.82420000061,
        "y" : 350663.37829999998
      }
    },
    {
      "attributes" : {
        "FID" : 143,
        "PMNTN_SPOT" : 28778,
        "MNTN_CODE" : "452100701",
        "MANAGE_SP1" : "02",
        "MANAGE_SP2" : "분기점",
        "DETAIL_SPO" : "분기점",
        "ETC_MATTER" : "W.P37접점",
        "MNTN_NM" : "모악산",
        "PAST_SPOT_" : "25030607000144",
        "MNTN_ID" : "2503060700"
      },
      "geometry" : {
        "x" : 207902.80530000292,
        "y" : 348544.56540000066
      }
    },
    {
      "attributes" : {
        "FID" : 144,
        "PMNTN_SPOT" : 28779,
        "MNTN_CODE" : "452100701",
        "MANAGE_SP1" : "02",
        "MANAGE_SP2" : "분기점",
        "DETAIL_SPO" : "분기점",
        "ETC_MATTER" : " ",
        "MNTN_NM" : "모악산",
        "PAST_SPOT_" : "25030607000145",
        "MNTN_ID" : "2503060700"
      },
      "geometry" : {
        "x" : 207917.09389999975,
        "y" : 350098.23090000264
      }
    },
    {
      "attributes" : {
        "FID" : 145,
        "PMNTN_SPOT" : 28780,
        "MNTN_CODE" : "452100701",
        "MANAGE_SP1" : "02",
        "MANAGE_SP2" : "분기점",
        "DETAIL_SPO" : "분기점",
        "ETC_MATTER" : " ",
        "MNTN_NM" : "모악산",
        "PAST_SPOT_" : "25030607000146",
        "MNTN_ID" : "2503060700"
      },
      "geometry" : {
        "x" : 207917.48140000366,
        "y" : 349467.49300000444
      }
    },
    {
      "attributes" : {
        "FID" : 146,
        "PMNTN_SPOT" : 28781,
        "MNTN_CODE" : "452100701",
        "MANAGE_SP1" : "02",
        "MANAGE_SP2" : "분기점",
        "DETAIL_SPO" : "분기점",
        "ETC_MATTER" : " ",
        "MNTN_NM" : "모악산",
        "PAST_SPOT_" : "25030607000147",
        "MNTN_ID" : "2503060700"
      },
      "geometry" : {
        "x" : 207924.77350000292,
        "y" : 348375.96340000071
      }
    },
    {
      "attributes" : {
        "FID" : 147,
        "PMNTN_SPOT" : 28782,
        "MNTN_CODE" : "452100701",
        "MANAGE_SP1" : "02",
        "MANAGE_SP2" : "분기점",
        "DETAIL_SPO" : "분기점",
        "ETC_MATTER" : "약수터",
        "MNTN_NM" : "모악산",
        "PAST_SPOT_" : "25030607000148",
        "MNTN_ID" : "2503060700"
      },
      "geometry" : {
        "x" : 207931.32000000309,
        "y" : 348661.91599999927
      }
    },
    {
      "attributes" : {
        "FID" : 148,
        "PMNTN_SPOT" : 28783,
        "MNTN_CODE" : "452100701",
        "MANAGE_SP1" : "02",
        "MANAGE_SP2" : "분기점",
        "DETAIL_SPO" : "분기점",
        "ETC_MATTER" : "약수터",
        "MNTN_NM" : "모악산",
        "PAST_SPOT_" : "25030607000149",
        "MNTN_ID" : "2503060700"
      },
      "geometry" : {
        "x" : 207939.21129999962,
        "y" : 348700.69979999959
      }
    },
    {
      "attributes" : {
        "FID" : 149,
        "PMNTN_SPOT" : 28784,
        "MNTN_CODE" : "452100701",
        "MANAGE_SP1" : "02",
        "MANAGE_SP2" : "분기점",
        "DETAIL_SPO" : "분기점",
        "ETC_MATTER" : " ",
        "MNTN_NM" : "모악산",
        "PAST_SPOT_" : "25030607000150",
        "MNTN_ID" : "2503060700"
      },
      "geometry" : {
        "x" : 207943.59060000069,
        "y" : 348583.92810000107
      }
    },
    {
      "attributes" : {
        "FID" : 150,
        "PMNTN_SPOT" : 28785,
        "MNTN_CODE" : "452100701",
        "MANAGE_SP1" : "02",
        "MANAGE_SP2" : "분기점",
        "DETAIL_SPO" : "분기점",
        "ETC_MATTER" : " ",
        "MNTN_NM" : "모악산",
        "PAST_SPOT_" : "25030607000151",
        "MNTN_ID" : "2503060700"
      },
      "geometry" : {
        "x" : 207950.08640000038,
        "y" : 349093.36620000005
      }
    },
    {
      "attributes" : {
        "FID" : 151,
        "PMNTN_SPOT" : 28786,
        "MNTN_CODE" : "452100701",
        "MANAGE_SP1" : "02",
        "MANAGE_SP2" : "분기점",
        "DETAIL_SPO" : "분기점",
        "ETC_MATTER" : " ",
        "MNTN_NM" : "모악산",
        "PAST_SPOT_" : "25030607000152",
        "MNTN_ID" : "2503060700"
      },
      "geometry" : {
        "x" : 207951.90220000315,
        "y" : 348565.93859999999
      }
    },
    {
      "attributes" : {
        "FID" : 152,
        "PMNTN_SPOT" : 28787,
        "MNTN_CODE" : "452100701",
        "MANAGE_SP1" : "02",
        "MANAGE_SP2" : "분기점",
        "DETAIL_SPO" : "분기점",
        "ETC_MATTER" : " ",
        "MNTN_NM" : "모악산",
        "PAST_SPOT_" : "25030607000153",
        "MNTN_ID" : "2503060700"
      },
      "geometry" : {
        "x" : 207955.0055000037,
        "y" : 348411.67600000463
      }
    },
    {
      "attributes" : {
        "FID" : 153,
        "PMNTN_SPOT" : 28788,
        "MNTN_CODE" : "452100701",
        "MANAGE_SP1" : "02",
        "MANAGE_SP2" : "분기점",
        "DETAIL_SPO" : "분기점",
        "ETC_MATTER" : " ",
        "MNTN_NM" : "모악산",
        "PAST_SPOT_" : "25030607000154",
        "MNTN_ID" : "2503060700"
      },
      "geometry" : {
        "x" : 207979.87350000069,
        "y" : 348740.65080000088
      }
    },
    {
      "attributes" : {
        "FID" : 154,
        "PMNTN_SPOT" : 28789,
        "MNTN_CODE" : "452100701",
        "MANAGE_SP1" : "02",
        "MANAGE_SP2" : "분기점",
        "DETAIL_SPO" : "분기점",
        "ETC_MATTER" : " ",
        "MNTN_NM" : "모악산",
        "PAST_SPOT_" : "25030607000155",
        "MNTN_ID" : "2503060700"
      },
      "geometry" : {
        "x" : 207988.39130000398,
        "y" : 349730.04390000179
      }
    },
    {
      "attributes" : {
        "FID" : 155,
        "PMNTN_SPOT" : 28790,
        "MNTN_CODE" : "452100701",
        "MANAGE_SP1" : "02",
        "MANAGE_SP2" : "분기점",
        "DETAIL_SPO" : "분기점",
        "ETC_MATTER" : " ",
        "MNTN_NM" : "모악산",
        "PAST_SPOT_" : "25030607000156",
        "MNTN_ID" : "2503060700"
      },
      "geometry" : {
        "x" : 208036.91304565873,
        "y" : 351485.61400389113
      }
    },
    {
      "attributes" : {
        "FID" : 156,
        "PMNTN_SPOT" : 28791,
        "MNTN_CODE" : "452100701",
        "MANAGE_SP1" : "02",
        "MANAGE_SP2" : "분기점",
        "DETAIL_SPO" : "분기점",
        "ETC_MATTER" : " ",
        "MNTN_NM" : "모악산",
        "PAST_SPOT_" : "25030607000157",
        "MNTN_ID" : "2503060700"
      },
      "geometry" : {
        "x" : 208029.06740000006,
        "y" : 348506.80500000343
      }
    },
    {
      "attributes" : {
        "FID" : 157,
        "PMNTN_SPOT" : 28792,
        "MNTN_CODE" : "452100701",
        "MANAGE_SP1" : "02",
        "MANAGE_SP2" : "분기점",
        "DETAIL_SPO" : "분기점",
        "ETC_MATTER" : " ",
        "MNTN_NM" : "모악산",
        "PAST_SPOT_" : "25030607000158",
        "MNTN_ID" : "2503060700"
      },
      "geometry" : {
        "x" : 208088.21580000315,
        "y" : 348889.14959999919
      }
    },
    {
      "attributes" : {
        "FID" : 158,
        "PMNTN_SPOT" : 28793,
        "MNTN_CODE" : "452100701",
        "MANAGE_SP1" : "02",
        "MANAGE_SP2" : "분기점",
        "DETAIL_SPO" : "분기점",
        "ETC_MATTER" : " ",
        "MNTN_NM" : "모악산",
        "PAST_SPOT_" : "25030607000159",
        "MNTN_ID" : "2503060700"
      },
      "geometry" : {
        "x" : 208106.29250000138,
        "y" : 349039.93230000325
      }
    },
    {
      "attributes" : {
        "FID" : 159,
        "PMNTN_SPOT" : 28794,
        "MNTN_CODE" : "452100701",
        "MANAGE_SP1" : "02",
        "MANAGE_SP2" : "분기점",
        "DETAIL_SPO" : "분기점",
        "ETC_MATTER" : " ",
        "MNTN_NM" : "모악산",
        "PAST_SPOT_" : "25030607000160",
        "MNTN_ID" : "2503060700"
      },
      "geometry" : {
        "x" : 208130.2892000014,
        "y" : 348835.37380000204
      }
    },
    {
      "attributes" : {
        "FID" : 160,
        "PMNTN_SPOT" : 28795,
        "MNTN_CODE" : "452100701",
        "MANAGE_SP1" : "02",
        "MANAGE_SP2" : "분기점",
        "DETAIL_SPO" : "분기점",
        "ETC_MATTER" : "신금마을경유",
        "MNTN_NM" : "모악산",
        "PAST_SPOT_" : "25030607000161",
        "MNTN_ID" : "2503060700"
      },
      "geometry" : {
        "x" : 208325.5178000005,
        "y" : 351213.45319999941
      }
    },
    {
      "attributes" : {
        "FID" : 161,
        "PMNTN_SPOT" : 28796,
        "MNTN_CODE" : "452100701",
        "MANAGE_SP1" : "01",
        "MANAGE_SP2" : "시종점",
        "DETAIL_SPO" : "시종점",
        "ETC_MATTER" : "시내버스종점",
        "MNTN_NM" : "모악산",
        "PAST_SPOT_" : "25030607000162",
        "MNTN_ID" : "2503060700"
      },
      "geometry" : {
        "x" : 208379.97730000317,
        "y" : 351989.32900000177
      }
    },
    {
      "attributes" : {
        "FID" : 162,
        "PMNTN_SPOT" : 28797,
        "MNTN_CODE" : "452100701",
        "MANAGE_SP1" : "01",
        "MANAGE_SP2" : "시종점",
        "DETAIL_SPO" : "시종점",
        "ETC_MATTER" : "시내버스종점",
        "MNTN_NM" : "모악산",
        "PAST_SPOT_" : "25030607000163",
        "MNTN_ID" : "2503060700"
      },
      "geometry" : {
        "x" : 208401.349700002,
        "y" : 351995.20730000176
      }
    },
    {
      "attributes" : {
        "FID" : 163,
        "PMNTN_SPOT" : 28798,
        "MNTN_CODE" : "452100701",
        "MANAGE_SP1" : "01",
        "MANAGE_SP2" : "시종점",
        "DETAIL_SPO" : "시종점",
        "ETC_MATTER" : " ",
        "MNTN_NM" : "모악산",
        "PAST_SPOT_" : "25030607000164",
        "MNTN_ID" : "2503060700"
      },
      "geometry" : {
        "x" : 208502.76269999892,
        "y" : 351933.79990000091
      }
    },
    {
      "attributes" : {
        "FID" : 164,
        "PMNTN_SPOT" : 28799,
        "MNTN_CODE" : "452100701",
        "MANAGE_SP1" : "02",
        "MANAGE_SP2" : "분기점",
        "DETAIL_SPO" : "분기점",
        "ETC_MATTER" : " ",
        "MNTN_NM" : "모악산",
        "PAST_SPOT_" : "25030607000165",
        "MNTN_ID" : "2503060700"
      },
      "geometry" : {
        "x" : 208574.96470000036,
        "y" : 350401.82290000096
      }
    },
    {
      "attributes" : {
        "FID" : 165,
        "PMNTN_SPOT" : 28800,
        "MNTN_CODE" : "452100701",
        "MANAGE_SP1" : "02",
        "MANAGE_SP2" : "분기점",
        "DETAIL_SPO" : "분기점",
        "ETC_MATTER" : " ",
        "MNTN_NM" : "모악산",
        "PAST_SPOT_" : "25030607000166",
        "MNTN_ID" : "2503060700"
      },
      "geometry" : {
        "x" : 208658.92019999959,
        "y" : 349676.628800001
      }
    },
    {
      "attributes" : {
        "FID" : 166,
        "PMNTN_SPOT" : 28801,
        "MNTN_CODE" : "452100701",
        "MANAGE_SP1" : "02",
        "MANAGE_SP2" : "분기점",
        "DETAIL_SPO" : "분기점",
        "ETC_MATTER" : " ",
        "MNTN_NM" : "모악산",
        "PAST_SPOT_" : "25030607000167",
        "MNTN_ID" : "2503060700"
      },
      "geometry" : {
        "x" : 208686.5596000012,
        "y" : 350027.16280000098
      }
    },
    {
      "attributes" : {
        "FID" : 167,
        "PMNTN_SPOT" : 28802,
        "MNTN_CODE" : "452100701",
        "MANAGE_SP1" : "02",
        "MANAGE_SP2" : "분기점",
        "DETAIL_SPO" : "분기점",
        "ETC_MATTER" : "고마제입구",
        "MNTN_NM" : "모악산",
        "PAST_SPOT_" : "25030607000168",
        "MNTN_ID" : "2503060700"
      },
      "geometry" : {
        "x" : 208697.86830000114,
        "y" : 351881.16499999911
      }
    },
    {
      "attributes" : {
        "FID" : 168,
        "PMNTN_SPOT" : 28803,
        "MNTN_CODE" : "452100701",
        "MANAGE_SP1" : "02",
        "MANAGE_SP2" : "분기점",
        "DETAIL_SPO" : "분기점",
        "ETC_MATTER" : " ",
        "MNTN_NM" : "모악산",
        "PAST_SPOT_" : "25030607000169",
        "MNTN_ID" : "2503060700"
      },
      "geometry" : {
        "x" : 208845.44730000291,
        "y" : 350568.76860000193
      }
    },
    {
      "attributes" : {
        "FID" : 169,
        "PMNTN_SPOT" : 28804,
        "MNTN_CODE" : "452100701",
        "MANAGE_SP1" : "02",
        "MANAGE_SP2" : "분기점",
        "DETAIL_SPO" : "분기점",
        "ETC_MATTER" : "원당동",
        "MNTN_NM" : "모악산",
        "PAST_SPOT_" : "25030607000170",
        "MNTN_ID" : "2503060700"
      },
      "geometry" : {
        "x" : 209077.66452961043,
        "y" : 351317.93302757479
      }
    },
    {
      "attributes" : {
        "FID" : 170,
        "PMNTN_SPOT" : 28805,
        "MNTN_CODE" : "452100701",
        "MANAGE_SP1" : "02",
        "MANAGE_SP2" : "분기점",
        "DETAIL_SPO" : "분기점",
        "ETC_MATTER" : " ",
        "MNTN_NM" : "모악산",
        "PAST_SPOT_" : "25030607000171",
        "MNTN_ID" : "2503060700"
      },
      "geometry" : {
        "x" : 209227.33139999863,
        "y" : 351007.34320000187
      }
    },
    {
      "attributes" : {
        "FID" : 171,
        "PMNTN_SPOT" : 28806,
        "MNTN_CODE" : "452100701",
        "MANAGE_SP1" : "02",
        "MANAGE_SP2" : "분기점",
        "DETAIL_SPO" : "분기점",
        "ETC_MATTER" : "원당방향",
        "MNTN_NM" : "모악산",
        "PAST_SPOT_" : "25030607000172",
        "MNTN_ID" : "2503060700"
      },
      "geometry" : {
        "x" : 209227.82530000247,
        "y" : 350524.25180000253
      }
    },
    {
      "attributes" : {
        "FID" : 172,
        "PMNTN_SPOT" : 28807,
        "MNTN_CODE" : "452100701",
        "MANAGE_SP1" : "01",
        "MANAGE_SP2" : "시종점",
        "DETAIL_SPO" : "시종점",
        "ETC_MATTER" : "학전3길주택좌측",
        "MNTN_NM" : "모악산",
        "PAST_SPOT_" : "25030607000173",
        "MNTN_ID" : "2503060700"
      },
      "geometry" : {
        "x" : 209616.1221000012,
        "y" : 351196.76760000177
      }
    },
    {
      "attributes" : {
        "FID" : 173,
        "PMNTN_SPOT" : 28808,
        "MNTN_CODE" : "452100701",
        "MANAGE_SP1" : "01",
        "MANAGE_SP2" : "시종점",
        "DETAIL_SPO" : "시종점",
        "ETC_MATTER" : "학전마을입구",
        "MNTN_NM" : "모악산",
        "PAST_SPOT_" : "25030607000174",
        "MNTN_ID" : "2503060700"
      },
      "geometry" : {
        "x" : 209945.80700000003,
        "y" : 352154.15130000375
      }
    },
    {
      "attributes" : {
        "FID" : 174,
        "PMNTN_SPOT" : 28809,
        "MNTN_CODE" : "452100701",
        "MANAGE_SP1" : "01",
        "MANAGE_SP2" : "시종점",
        "DETAIL_SPO" : "시종점",
        "ETC_MATTER" : "추동3길137호",
        "MNTN_NM" : "모악산",
        "PAST_SPOT_" : "25030607000175",
        "MNTN_ID" : "2503060700"
      },
      "geometry" : {
        "x" : 210029.69310000166,
        "y" : 350733.32619999908
      }
    }
  ]
}