{
  "displayFieldName" : "",
  "fieldAliases" : {
    "FID" : "FID",
    "PMNTN_SN" : "PMNTN_SN",
    "MNTN_CODE" : "MNTN_CODE",
    "MNTN_NM" : "MNTN_NM",
    "PMNTN_NM" : "PMNTN_NM",
    "PMNTN_MAIN" : "PMNTN_MAIN",
    "PMNTN_LT" : "PMNTN_LT",
    "PMNTN_DFFL" : "PMNTN_DFFL",
    "PMNTN_UPPL" : "PMNTN_UPPL",
    "PMNTN_GODN" : "PMNTN_GODN",
    "PMNTN_MTRQ" : "PMNTN_MTRQ",
    "PMNTN_CNRL" : "PMNTN_CNRL",
    "PMNTN_CLS_" : "PMNTN_CLS_",
    "PMNTN_RISK" : "PMNTN_RISK",
    "PMNTN_RECO" : "PMNTN_RECO",
    "DATA_STDR_" : "DATA_STDR_",
    "MNTN_ID" : "MNTN_ID"
  },
  "geometryType" : "esriGeometryPolyline",
  "spatialReference" : {
    "wkt" : "PROJCS[\"PCS_ITRF2000_TM\",GEOGCS[\"GCS_ITRF_2000\",DATUM[\"D_ITRF_2000\",SPHEROID[\"GRS_1980\",6378137.0,298.257222101]],PRIMEM[\"Greenwich\",0.0],UNIT[\"Degree\",0.0174532925199433]],PROJECTION[\"Transverse_Mercator\"],PARAMETER[\"False_Easting\",200000.0],PARAMETER[\"False_Northing\",600000.0],PARAMETER[\"Central_Meridian\",127.0],PARAMETER[\"Scale_Factor\",1.0],PARAMETER[\"Latitude_Of_Origin\",38.0],UNIT[\"Meter\",1.0]]"
  },
  "fields" : [
    {
      "name" : "FID",
      "type" : "esriFieldTypeOID",
      "alias" : "FID"
    },
    {
      "name" : "PMNTN_SN",
      "type" : "esriFieldTypeDouble",
      "alias" : "PMNTN_SN"
    },
    {
      "name" : "MNTN_CODE",
      "type" : "esriFieldTypeString",
      "alias" : "MNTN_CODE",
      "length" : 9
    },
    {
      "name" : "MNTN_NM",
      "type" : "esriFieldTypeString",
      "alias" : "MNTN_NM",
      "length" : 50
    },
    {
      "name" : "PMNTN_NM",
      "type" : "esriFieldTypeString",
      "alias" : "PMNTN_NM",
      "length" : 50
    },
    {
      "name" : "PMNTN_MAIN",
      "type" : "esriFieldTypeString",
      "alias" : "PMNTN_MAIN",
      "length" : 200
    },
    {
      "name" : "PMNTN_LT",
      "type" : "esriFieldTypeSingle",
      "alias" : "PMNTN_LT"
    },
    {
      "name" : "PMNTN_DFFL",
      "type" : "esriFieldTypeString",
      "alias" : "PMNTN_DFFL",
      "length" : 8
    },
    {
      "name" : "PMNTN_UPPL",
      "type" : "esriFieldTypeDouble",
      "alias" : "PMNTN_UPPL"
    },
    {
      "name" : "PMNTN_GODN",
      "type" : "esriFieldTypeDouble",
      "alias" : "PMNTN_GODN"
    },
    {
      "name" : "PMNTN_MTRQ",
      "type" : "esriFieldTypeString",
      "alias" : "PMNTN_MTRQ",
      "length" : 200
    },
    {
      "name" : "PMNTN_CNRL",
      "type" : "esriFieldTypeString",
      "alias" : "PMNTN_CNRL",
      "length" : 1
    },
    {
      "name" : "PMNTN_CLS_",
      "type" : "esriFieldTypeString",
      "alias" : "PMNTN_CLS_",
      "length" : 1
    },
    {
      "name" : "PMNTN_RISK",
      "type" : "esriFieldTypeString",
      "alias" : "PMNTN_RISK",
      "length" : 200
    },
    {
      "name" : "PMNTN_RECO",
      "type" : "esriFieldTypeString",
      "alias" : "PMNTN_RECO",
      "length" : 1
    },
    {
      "name" : "DATA_STDR_",
      "type" : "esriFieldTypeString",
      "alias" : "DATA_STDR_",
      "length" : 10
    },
    {
      "name" : "MNTN_ID",
      "type" : "esriFieldTypeString",
      "alias" : "MNTN_ID",
      "length" : 10
    }
  ],
  "features" : [
    {
      "attributes" : {
        "FID" : 0,
        "PMNTN_SN" : 19847,
        "MNTN_CODE" : "448100701",
        "MNTN_NM" : "박봉산",
        "PMNTN_NM" : "녹문리구간",
        "PMNTN_MAIN" : " ",
        "PMNTN_LT" : 0.15,
        "PMNTN_DFFL" : "쉬움",
        "PMNTN_UPPL" : 3,
        "PMNTN_GODN" : 2,
        "PMNTN_MTRQ" : " ",
        "PMNTN_CNRL" : " ",
        "PMNTN_CLS_" : " ",
        "PMNTN_RISK" : " ",
        "PMNTN_RECO" : " ",
        "DATA_STDR_" : "2016-12-31",
        "MNTN_ID" : "448100701"
      },
      "geometry" : {
        "paths" : [
          [
            [
              187494.84390000161,
              444977.32719999924
            ],
            [
              187492.10970000178,
              444969.12739999965
            ],
            [
              187486.05269999988,
              444961.57269999944
            ],
            [
              187476.49989999924,
              444956.57450000197
            ],
            [
              187469.3525000019,
              444950.87460000068
            ],
            [
              187458.53579999972,
              444949.53160000034
            ],
            [
              187448.20380000025,
              444940.88700000383
            ],
            [
              187436.42510000058,
              444932.7097000014
            ],
            [
              187429.38350000326,
              444927.83670000173
            ],
            [
              187423.98440000322,
              444917.01860000007
            ],
            [
              187415.2918000007,
              444909.48490000144
            ],
            [
              187410.20100000035,
              444896.26570000127
            ],
            [
              187401.54710000195,
              444878.35680000111
            ],
            [
              187391.60790000018,
              444874.48540000245
            ]
          ]
        ]
      }
    },
    {
      "attributes" : {
        "FID" : 1,
        "PMNTN_SN" : 19848,
        "MNTN_CODE" : "448100701",
        "MNTN_NM" : "박봉산",
        "PMNTN_NM" : "녹문리구간",
        "PMNTN_MAIN" : " ",
        "PMNTN_LT" : 0.23,
        "PMNTN_DFFL" : "쉬움",
        "PMNTN_UPPL" : 4,
        "PMNTN_GODN" : 3,
        "PMNTN_MTRQ" : " ",
        "PMNTN_CNRL" : " ",
        "PMNTN_CLS_" : " ",
        "PMNTN_RISK" : " ",
        "PMNTN_RECO" : " ",
        "DATA_STDR_" : "2016-12-31",
        "MNTN_ID" : "448100701"
      },
      "geometry" : {
        "paths" : [
          [
            [
              187391.60790000018,
              444874.48540000245
            ],
            [
              187409.84070000239,
              444861.99240000173
            ],
            [
              187439.20350000076,
              444855.39519999921
            ],
            [
              187445.55560000148,
              444860.98430000432
            ],
            [
              187456.72310000006,
              444862.90090000071
            ],
            [
              187464.86730000284,
              444863.36309999786
            ],
            [
              187476.74220000207,
              444865.46650000103
            ],
            [
              187484.23269999865,
              444865.5111000035
            ],
            [
              187493.46659999993,
              444870.86490000226
            ],
            [
              187506.66570000071,
              444875.89640000463
            ],
            [
              187522.03770000208,
              444881.18820000254
            ],
            [
              187531.59000000171,
              444882.14939999953
            ],
            [
              187554.09100000374,
              444895.21179999784
            ],
            [
              187564.22940000333,
              444899.86969999969
            ],
            [
              187560.32160000131,
              444911.5242999997
            ],
            [
              187559.68010000046,
              444928.94740000181
            ],
            [
              187557.11130000185,
              444939.68380000256
            ]
          ]
        ]
      }
    },
    {
      "attributes" : {
        "FID" : 2,
        "PMNTN_SN" : 19849,
        "MNTN_CODE" : "448100701",
        "MNTN_NM" : "박봉산",
        "PMNTN_NM" : "황계리구간",
        "PMNTN_MAIN" : " ",
        "PMNTN_LT" : 0.41,
        "PMNTN_DFFL" : "쉬움",
        "PMNTN_UPPL" : 7,
        "PMNTN_GODN" : 5,
        "PMNTN_MTRQ" : " ",
        "PMNTN_CNRL" : " ",
        "PMNTN_CLS_" : " ",
        "PMNTN_RISK" : " ",
        "PMNTN_RECO" : " ",
        "DATA_STDR_" : "2016-12-31",
        "MNTN_ID" : "448100701"
      },
      "geometry" : {
        "paths" : [
          [
            [
              186478.28010000009,
              444205.21480000019
            ],
            [
              186489.84509999957,
              444206.38590000011
            ],
            [
              186497.06120000128,
              444209.77019999921
            ],
            [
              186505.07670000102,
              444214.85869999975
            ],
            [
              186518.17530000117,
              444225.19100000151
            ],
            [
              186527.11650000047,
              444232.48310000077
            ],
            [
              186548.70290000178,
              444230.76769999973
            ],
            [
              186563.9486000007,
              444230.28979999945
            ],
            [
              186577.24810000136,
              444237.57770000026
            ],
            [
              186580.85730000213,
              444245.33190000243
            ],
            [
              186577.42879999895,
              444249.28020000085
            ],
            [
              186577.25630000047,
              444256.59370000102
            ],
            [
              186575.45290000271,
              444263.90029999986
            ],
            [
              186578.93040000368,
              444265.37290000357
            ],
            [
              186595.64880000055,
              444263.82690000162
            ],
            [
              186602.96750000026,
              444262.71600000188
            ],
            [
              186610.14120000415,
              444259.1548999995
            ],
            [
              186618.47110000253,
              444262.44919999875
            ],
            [
              186626.53190000076,
              444268.37940000184
            ],
            [
              186626.89240000211,
              444273.5231000036
            ],
            [
              186632.20000000391,
              444275.46780000068
            ],
            [
              186630.75430000108,
              444281.73990000226
            ],
            [
              186621.32589999959,
              444296.10559999943
            ],
            [
              186609.26060000248,
              444307.24060000107
            ],
            [
              186601.24990000017,
              444308.89510000125
            ],
            [
              186601.6101000011,
              444309.01550000347
            ],
            [
              186597.09370000102,
              444316.68910000101
            ],
            [
              186595.34810000192,
              444325.32990000024
            ],
            [
              186589.96890000068,
              444336.39730000496
            ],
            [
              186585.31640000083,
              444357.59960000403
            ],
            [
              186583.90380000044,
              444377.21330000088
            ],
            [
              186583.02550000045,
              444392.30290000141
            ],
            [
              186582.31450000405,
              444400.18860000186
            ],
            [
              186573.81580000278,
              444415.13570000418
            ],
            [
              186566.40469999984,
              444430.44870000146
            ],
            [
              186562.55030000396,
              444447.6211000029
            ],
            [
              186557.4345000023,
              444462.12090000138
            ]
          ]
        ]
      }
    },
    {
      "attributes" : {
        "FID" : 3,
        "PMNTN_SN" : 19850,
        "MNTN_CODE" : "448100701",
        "MNTN_NM" : "박봉산",
        "PMNTN_NM" : "황계리구간",
        "PMNTN_MAIN" : " ",
        "PMNTN_LT" : 0.26,
        "PMNTN_DFFL" : "쉬움",
        "PMNTN_UPPL" : 5,
        "PMNTN_GODN" : 3,
        "PMNTN_MTRQ" : " ",
        "PMNTN_CNRL" : " ",
        "PMNTN_CLS_" : " ",
        "PMNTN_RISK" : " ",
        "PMNTN_RECO" : " ",
        "DATA_STDR_" : "2016-12-31",
        "MNTN_ID" : "448100701"
      },
      "geometry" : {
        "paths" : [
          [
            [
              186478.28010000009,
              444205.21480000019
            ],
            [
              186471.01240000036,
              444204.21490000188
            ],
            [
              186463.12550000008,
              444200.17610000074
            ],
            [
              186452.01050000172,
              444193.74840000272
            ],
            [
              186444.01970000006,
              444188.2650000006
            ],
            [
              186426.34930000175,
              444190.92950000241
            ],
            [
              186413.18960000109,
              444191.88050000183
            ],
            [
              186398.33040000033,
              444189.73850000091
            ],
            [
              186378.94780000392,
              444188.37160000764
            ],
            [
              186357.24409999978,
              444192.93969999999
            ],
            [
              186350.01500000153,
              444188.06170000322
            ],
            [
              186337.18929999974,
              444163.48120000027
            ],
            [
              186325.28460000176,
              444152.42820000276
            ],
            [
              186314.50330000091,
              444139.07430000044
            ],
            [
              186311.81270000339,
              444131.87120000273
            ],
            [
              186305.19140000176,
              444119.60329999961
            ],
            [
              186290.63270000182,
              444096.56270000152
            ],
            [
              186283.54860000312,
              444088.32899999991
            ]
          ]
        ]
      }
    },
    {
      "attributes" : {
        "FID" : 4,
        "PMNTN_SN" : 19851,
        "MNTN_CODE" : "448100701",
        "MNTN_NM" : "박봉산",
        "PMNTN_NM" : "녹문리구간",
        "PMNTN_MAIN" : " ",
        "PMNTN_LT" : 0.34,
        "PMNTN_DFFL" : "쉬움",
        "PMNTN_UPPL" : 6,
        "PMNTN_GODN" : 4,
        "PMNTN_MTRQ" : " ",
        "PMNTN_CNRL" : " ",
        "PMNTN_CLS_" : " ",
        "PMNTN_RISK" : " ",
        "PMNTN_RECO" : " ",
        "DATA_STDR_" : "2016-12-31",
        "MNTN_ID" : "448100701"
      },
      "geometry" : {
        "paths" : [
          [
            [
              186557.4345000023,
              444462.12090000138
            ],
            [
              186538.24260000139,
              444451.76889999956
            ],
            [
              186523.41780000087,
              444448.2835000027
            ],
            [
              186514.69340000022,
              444442.17320000008
            ],
            [
              186510.82230000012,
              444433.74090000242
            ],
            [
              186503.2893000003,
              444426.44910000078
            ],
            [
              186493.24890000373,
              444417.52210000157
            ],
            [
              186483.95069999993,
              444405.71630000137
            ],
            [
              186476.58100000024,
              444393.82120000198
            ],
            [
              186470.36840000097,
              444386.03500000201
            ],
            [
              186470.51600000076,
              444374.87529999949
            ],
            [
              186469.41540000029,
              444367.7826000005
            ],
            [
              186468.74799999967,
              444358.76600000076
            ],
            [
              186467.23670000117,
              444344.6155999992
            ],
            [
              186464.29530000407,
              444338.51550000347
            ],
            [
              186459.15160000417,
              444332.72589999996
            ],
            [
              186450.84140000213,
              444324.14479999989
            ],
            [
              186445.13009999972,
              444318.70990000106
            ],
            [
              186440.47489999887,
              444301.90630000271
            ],
            [
              186445.01590000093,
              444287.86430000141
            ],
            [
              186454.75750000402,
              444286.48619999923
            ],
            [
              186462.19200000074,
              444288.0233000014
            ],
            [
              186470.17520000041,
              444286.02529999986
            ],
            [
              186479.82350000367,
              444280.22900000028
            ],
            [
              186481.86529999971,
              444268.4934000019
            ],
            [
              186484.49330000021,
              444260.33789999969
            ],
            [
              186484.21259999927,
              444244.12660000101
            ],
            [
              186483.40930000041,
              444232.39170000143
            ],
            [
              186478.28010000009,
              444205.21480000019
            ]
          ]
        ]
      }
    },
    {
      "attributes" : {
        "FID" : 5,
        "PMNTN_SN" : 19852,
        "MNTN_CODE" : "448100701",
        "MNTN_NM" : "박봉산",
        "PMNTN_NM" : "죽천리구간",
        "PMNTN_MAIN" : " ",
        "PMNTN_LT" : 0.31,
        "PMNTN_DFFL" : "쉬움",
        "PMNTN_UPPL" : 5,
        "PMNTN_GODN" : 4,
        "PMNTN_MTRQ" : " ",
        "PMNTN_CNRL" : " ",
        "PMNTN_CLS_" : " ",
        "PMNTN_RISK" : " ",
        "PMNTN_RECO" : " ",
        "DATA_STDR_" : "2016-12-31",
        "MNTN_ID" : "448100701"
      },
      "geometry" : {
        "paths" : [
          [
            [
              186763.26850000024,
              444670.40890000202
            ],
            [
              186760.73629999906,
              444664.9242000021
            ],
            [
              186759.39520000014,
              444657.5876000002
            ],
            [
              186761.16370000225,
              444648.02009999938
            ],
            [
              186758.93599999975,
              444640.38399999961
            ],
            [
              186754.51870000083,
              444633.57540000044
            ],
            [
              186747.86500000022,
              444626.12769999914
            ],
            [
              186744.09750000201,
              444617.97610000335
            ],
            [
              186738.85889999941,
              444609.31279999949
            ],
            [
              186730.56240000017,
              444599.94390000403
            ],
            [
              186722.38540000282,
              444589.74280000106
            ],
            [
              186713.28760000039,
              444579.5848000031
            ],
            [
              186704.60310000274,
              444572.17940000072
            ],
            [
              186697.26480000094,
              444565.83240000159
            ],
            [
              186685.54989999905,
              444555.37319999747
            ],
            [
              186675.57610000018,
              444543.89420000091
            ],
            [
              186662.0306000039,
              444526.51000000164
            ],
            [
              186650.98839999922,
              444515.75530000217
            ],
            [
              186629.33150000125,
              444502.65510000102
            ],
            [
              186619.44489999954,
              444497.77170000225
            ],
            [
              186605.00220000092,
              444488.74300000258
            ],
            [
              186592.59490000084,
              444485.64169999957
            ],
            [
              186584.6510000024,
              444478.78440000303
            ],
            [
              186574.20780000184,
              444469.47079999931
            ],
            [
              186564.9673000006,
              444462.40420000255
            ],
            [
              186557.4345000023,
              444462.12090000138
            ]
          ]
        ]
      }
    },
    {
      "attributes" : {
        "FID" : 6,
        "PMNTN_SN" : 19853,
        "MNTN_CODE" : "448100701",
        "MNTN_NM" : "박봉산",
        "PMNTN_NM" : "녹문리구간",
        "PMNTN_MAIN" : " ",
        "PMNTN_LT" : 0.93,
        "PMNTN_DFFL" : "쉬움",
        "PMNTN_UPPL" : 16,
        "PMNTN_GODN" : 11,
        "PMNTN_MTRQ" : " ",
        "PMNTN_CNRL" : " ",
        "PMNTN_CLS_" : " ",
        "PMNTN_RISK" : " ",
        "PMNTN_RECO" : " ",
        "DATA_STDR_" : "2016-12-31",
        "MNTN_ID" : "448100701"
      },
      "geometry" : {
        "paths" : [
          [
            [
              186929.26570000034,
              445213.30409999937
            ],
            [
              186913.08960000053,
              445213.61770000122
            ],
            [
              186895.3339000009,
              445226.40829999931
            ],
            [
              186895.72800000105,
              445239.44730000384
            ],
            [
              186905.43069999944,
              445257.02590000071
            ],
            [
              186911.17990000173,
              445273.52080000006
            ],
            [
              186911.293700004,
              445278.03720000014
            ],
            [
              186901.18060000055,
              445280.54249999858
            ],
            [
              186886.26600000076,
              445279.91750000603
            ],
            [
              186877.70750000328,
              445278.91040000133
            ],
            [
              186869.8543999996,
              445274.64939999953
            ],
            [
              186858.45760000311,
              445273.45190000162
            ],
            [
              186843.46399999969,
              445277.14430000447
            ],
            [
              186836.97210000176,
              445280.99110000022
            ],
            [
              186819.00349999964,
              445289.7918999996
            ],
            [
              186804.49530000146,
              445289.17890000157
            ],
            [
              186795.46590000205,
              445285.55870000273
            ],
            [
              186776.17750000022,
              445270.44420000352
            ],
            [
              186756.68599999975,
              445252.32150000148
            ],
            [
              186736.6967000002,
              445232.08750000037
            ],
            [
              186720.23650000058,
              445203.09649999999
            ],
            [
              186712.3132000016,
              445195.05160000175
            ],
            [
              186702.75870000198,
              445189.52540000342
            ],
            [
              186698.91040000133,
              445190.59840000421
            ],
            [
              186696.24000000115,
              445187.61240000278
            ],
            [
              186691.17730000336,
              445175.70839999989
            ],
            [
              186691.07390000112,
              445170.731200004
            ],
            [
              186691.85580000374,
              445167.01950000226
            ],
            [
              186693.69700000063,
              445158.28010000102
            ],
            [
              186694.16970000323,
              445151.45940000564
            ],
            [
              186692.90510000288,
              445143.11769999936
            ],
            [
              186686.43030000106,
              445135.46319999918
            ],
            [
              186677.82680000085,
              445121.13179999962
            ],
            [
              186673.1957000019,
              445112.20090000145
            ],
            [
              186668.20630000159,
              445089.49129999988
            ],
            [
              186665.07710000314,
              445081.80890000053
            ],
            [
              186660.49160000216,
              445064.21790000238
            ],
            [
              186652.76609999966,
              445048.18779999949
            ],
            [
              186650.24070000183,
              445033.8741999995
            ],
            [
              186648.4637000002,
              444999.89900000393
            ],
            [
              186658.3861000007,
              444956.59160000086
            ],
            [
              186659.63090000395,
              444942.70450000092
            ],
            [
              186656.36820000038,
              444919.94500000216
            ],
            [
              186656.32550000027,
              444908.50449999981
            ],
            [
              186653.57990000118,
              444901.21120000072
            ],
            [
              186652.36959999893,
              444889.8478000015
            ],
            [
              186651.81230000034,
              444873.60309999995
            ],
            [
              186658.61569999997,
              444861.40269999765
            ],
            [
              186668.91380000021,
              444849.68570000306
            ],
            [
              186675.08490000013,
              444838.73080000095
            ],
            [
              186677.0306000011,
              444827.57950000279
            ],
            [
              186680.04750000034,
              444810.28790000267
            ],
            [
              186682.00669999979,
              444796.67270000093
            ],
            [
              186686.30480000004,
              444784.23560000025
            ],
            [
              186690.38989999983,
              444772.18610000424
            ],
            [
              186695.92680000141,
              444758.95590000227
            ],
            [
              186703.99090000056,
              444750.9905999992
            ],
            [
              186708.31240000203,
              444740.04600000195
            ],
            [
              186708.76790000033,
              444733.37070000172
            ],
            [
              186714.30570000038,
              444706.82220000029
            ],
            [
              186718.64159999974,
              444698.7060000021
            ],
            [
              186737.67250000127,
              444686.20690000243
            ],
            [
              186750.59380000271,
              444677.72039999999
            ],
            [
              186763.25540000014,
              444670.41720000096
            ],
            [
              186763.26040000003,
              444670.41400000267
            ],
            [
              186763.26850000024,
              444670.40890000202
            ]
          ]
        ]
      }
    },
    {
      "attributes" : {
        "FID" : 7,
        "PMNTN_SN" : 19854,
        "MNTN_CODE" : "448100701",
        "MNTN_NM" : "박봉산",
        "PMNTN_NM" : "녹문리구간",
        "PMNTN_MAIN" : " ",
        "PMNTN_LT" : 0.74,
        "PMNTN_DFFL" : "쉬움",
        "PMNTN_UPPL" : 13,
        "PMNTN_GODN" : 9,
        "PMNTN_MTRQ" : " ",
        "PMNTN_CNRL" : " ",
        "PMNTN_CLS_" : " ",
        "PMNTN_RISK" : " ",
        "PMNTN_RECO" : " ",
        "DATA_STDR_" : "2016-12-31",
        "MNTN_ID" : "448100701"
      },
      "geometry" : {
        "paths" : [
          [
            [
              187391.60790000018,
              444874.48540000245
            ],
            [
              187378.95550000109,
              444866.92410000227
            ],
            [
              187366.57510000281,
              444865.7675999999
            ],
            [
              187343.94520000089,
              444865.79150000215
            ],
            [
              187321.53320000041,
              444868.97190000117
            ],
            [
              187308.32290000003,
              444867.67470000125
            ],
            [
              187294.77960000187,
              444860.4803000018
            ],
            [
              187282.61970000062,
              444854.43600000069
            ],
            [
              187269.61070000008,
              444845.67770000175
            ],
            [
              187251.72050000355,
              444833.37170000188
            ],
            [
              187231.66220000107,
              444823.79270000197
            ],
            [
              187223.41669999994,
              444814.87739999965
            ],
            [
              187212.73370000068,
              444808.89670000784
            ],
            [
              187200.23460000381,
              444808.05729999952
            ],
            [
              187180.04900000058,
              444810.05040000193
            ],
            [
              187161.05230000149,
              444807.5605999995
            ],
            [
              187151.71090000123,
              444804.65160000138
            ],
            [
              187125.17180000059,
              444800.41719999909
            ],
            [
              187117.8498000009,
              444798.00549999997
            ],
            [
              187108.3303999994,
              444799.17380000278
            ],
            [
              187099.03700000048,
              444798.15930000134
            ],
            [
              187083.19209999964,
              444792.64980000071
            ],
            [
              187065.88530000113,
              444790.90980000049
            ],
            [
              187050.08279999997,
              444788.95900000073
            ],
            [
              187034.09420000017,
              444787.21300000325
            ],
            [
              187022.77450000402,
              444789.88700000197
            ],
            [
              187015.05650000274,
              444791.81120000221
            ],
            [
              187005.46770000178,
              444795.05240000412
            ],
            [
              186998.15340000298,
              444799.45769999921
            ],
            [
              186983.7248000009,
              444809.8227000013
            ],
            [
              186976.1669000024,
              444811.03400000185
            ],
            [
              186968.24409999978,
              444813.81780000217
            ],
            [
              186955.65400000103,
              444818.27200000174
            ],
            [
              186946.66700000223,
              444822.34190000221
            ],
            [
              186931.91810000129,
              444821.84710000083
            ],
            [
              186911.4337000018,
              444824.91100000031
            ],
            [
              186898.09560000151,
              444821.55550000258
            ],
            [
              186889.56089999992,
              444817.00689999945
            ],
            [
              186885.7881000014,
              444810.72900000028
            ],
            [
              186886.78220000118,
              444803.22220000252
            ],
            [
              186883.73749999981,
              444799.44260000437
            ],
            [
              186862.90560000017,
              444790.40289999917
            ],
            [
              186846.71010000072,
              444780.68239999935
            ],
            [
              186835.23110000324,
              444774.4513000045
            ],
            [
              186822.46080000047,
              444771.91150000133
            ],
            [
              186816.94230000209,
              444763.17310000211
            ],
            [
              186805.0250000041,
              444752.69319999963
            ],
            [
              186798.23850000091,
              444741.09260000102
            ],
            [
              186794.35830000136,
              444731.40550000593
            ],
            [
              186792.96360000409,
              444723.53759999946
            ],
            [
              186789.61540000327,
              444709.42970000394
            ],
            [
              186781.31410000101,
              444688.35420000181
            ],
            [
              186776.72979999986,
              444682.80360000208
            ],
            [
              186773.17129999958,
              444677.52579999901
            ],
            [
              186763.27630000003,
              444670.41860000044
            ],
            [
              186763.26850000024,
              444670.40890000202
            ]
          ]
        ]
      }
    }
  ]
}