{
  "displayFieldName" : "",
  "fieldAliases" : {
    "FID" : "FID",
    "PMNTN_SPOT" : "PMNTN_SPOT",
    "MNTN_CODE" : "MNTN_CODE",
    "MANAGE_SP1" : "MANAGE_SP1",
    "MANAGE_SP2" : "MANAGE_SP2",
    "DETAIL_SPO" : "DETAIL_SPO",
    "ETC_MATTER" : "ETC_MATTER",
    "MNTN_NM" : "MNTN_NM",
    "PAST_SPOT_" : "PAST_SPOT_",
    "MNTN_ID" : "MNTN_ID"
  },
  "geometryType" : "esriGeometryPoint",
  "spatialReference" : {
    "wkt" : "PROJCS[\"PCS_ITRF2000_TM\",GEOGCS[\"GCS_ITRF_2000\",DATUM[\"D_ITRF_2000\",SPHEROID[\"GRS_1980\",6378137.0,298.257222101]],PRIMEM[\"Greenwich\",0.0],UNIT[\"Degree\",0.0174532925199433]],PROJECTION[\"Transverse_Mercator\"],PARAMETER[\"False_Easting\",200000.0],PARAMETER[\"False_Northing\",600000.0],PARAMETER[\"Central_Meridian\",127.0],PARAMETER[\"Scale_Factor\",1.0],PARAMETER[\"Latitude_Of_Origin\",38.0],UNIT[\"Meter\",1.0]]"
  },
  "fields" : [
    {
      "name" : "FID",
      "type" : "esriFieldTypeOID",
      "alias" : "FID"
    },
    {
      "name" : "PMNTN_SPOT",
      "type" : "esriFieldTypeDouble",
      "alias" : "PMNTN_SPOT"
    },
    {
      "name" : "MNTN_CODE",
      "type" : "esriFieldTypeString",
      "alias" : "MNTN_CODE",
      "length" : 9
    },
    {
      "name" : "MANAGE_SP1",
      "type" : "esriFieldTypeString",
      "alias" : "MANAGE_SP1",
      "length" : 2
    },
    {
      "name" : "MANAGE_SP2",
      "type" : "esriFieldTypeString",
      "alias" : "MANAGE_SP2",
      "length" : 50
    },
    {
      "name" : "DETAIL_SPO",
      "type" : "esriFieldTypeString",
      "alias" : "DETAIL_SPO",
      "length" : 200
    },
    {
      "name" : "ETC_MATTER",
      "type" : "esriFieldTypeString",
      "alias" : "ETC_MATTER",
      "length" : 200
    },
    {
      "name" : "MNTN_NM",
      "type" : "esriFieldTypeString",
      "alias" : "MNTN_NM",
      "length" : 50
    },
    {
      "name" : "PAST_SPOT_",
      "type" : "esriFieldTypeString",
      "alias" : "PAST_SPOT_",
      "length" : 14
    },
    {
      "name" : "MNTN_ID",
      "type" : "esriFieldTypeString",
      "alias" : "MNTN_ID",
      "length" : 10
    }
  ],
  "features" : [
    {
      "attributes" : {
        "FID" : 0,
        "PMNTN_SPOT" : 61364,
        "MNTN_CODE" : "461100601",
        "MANAGE_SP1" : "01",
        "MANAGE_SP2" : "시종점",
        "DETAIL_SPO" : "시종점",
        "ETC_MATTER" : " ",
        "MNTN_NM" : "안장산",
        "PAST_SPOT_" : "4611006010001",
        "MNTN_ID" : "461100601"
      },
      "geometry" : {
        "x" : 145337.70419999957,
        "y" : 244829.59410000034
      }
    },
    {
      "attributes" : {
        "FID" : 1,
        "PMNTN_SPOT" : 61365,
        "MNTN_CODE" : "461100601",
        "MANAGE_SP1" : "01",
        "MANAGE_SP2" : "시종점",
        "DETAIL_SPO" : "시종점",
        "ETC_MATTER" : " ",
        "MNTN_NM" : "안장산",
        "PAST_SPOT_" : "4611006010002",
        "MNTN_ID" : "461100601"
      },
      "geometry" : {
        "x" : 145407.0719000008,
        "y" : 244914.7658000011
      }
    },
    {
      "attributes" : {
        "FID" : 2,
        "PMNTN_SPOT" : 61366,
        "MNTN_CODE" : "461100601",
        "MANAGE_SP1" : "02",
        "MANAGE_SP2" : "분기점",
        "DETAIL_SPO" : "분기점",
        "ETC_MATTER" : " ",
        "MNTN_NM" : "안장산",
        "PAST_SPOT_" : "4611006010003",
        "MNTN_ID" : "461100601"
      },
      "geometry" : {
        "x" : 145518.31020000204,
        "y" : 244778.56039999984
      }
    },
    {
      "attributes" : {
        "FID" : 3,
        "PMNTN_SPOT" : 61367,
        "MNTN_CODE" : "461100601",
        "MANAGE_SP1" : "02",
        "MANAGE_SP2" : "분기점",
        "DETAIL_SPO" : "분기점",
        "ETC_MATTER" : " ",
        "MNTN_NM" : "안장산",
        "PAST_SPOT_" : "4611006010004",
        "MNTN_ID" : "461100601"
      },
      "geometry" : {
        "x" : 145533.32560000103,
        "y" : 244890.28250000067
      }
    },
    {
      "attributes" : {
        "FID" : 4,
        "PMNTN_SPOT" : 61368,
        "MNTN_CODE" : "461100601",
        "MANAGE_SP1" : "02",
        "MANAGE_SP2" : "분기점",
        "DETAIL_SPO" : "분기점",
        "ETC_MATTER" : " ",
        "MNTN_NM" : "안장산",
        "PAST_SPOT_" : "4611006010005",
        "MNTN_ID" : "461100601"
      },
      "geometry" : {
        "x" : 145538.96630000044,
        "y" : 244753.50980000012
      }
    },
    {
      "attributes" : {
        "FID" : 5,
        "PMNTN_SPOT" : 61369,
        "MNTN_CODE" : "461100601",
        "MANAGE_SP1" : "02",
        "MANAGE_SP2" : "분기점",
        "DETAIL_SPO" : "분기점",
        "ETC_MATTER" : " ",
        "MNTN_NM" : "안장산",
        "PAST_SPOT_" : "4611006010006",
        "MNTN_ID" : "461100601"
      },
      "geometry" : {
        "x" : 145567.20990000013,
        "y" : 244696.13030000217
      }
    },
    {
      "attributes" : {
        "FID" : 6,
        "PMNTN_SPOT" : 61370,
        "MNTN_CODE" : "461100601",
        "MANAGE_SP1" : "01",
        "MANAGE_SP2" : "시종점",
        "DETAIL_SPO" : "시종점",
        "ETC_MATTER" : " ",
        "MNTN_NM" : "안장산",
        "PAST_SPOT_" : "4611006010007",
        "MNTN_ID" : "461100601"
      },
      "geometry" : {
        "x" : 145573.93720000144,
        "y" : 244713.97060000151
      }
    },
    {
      "attributes" : {
        "FID" : 7,
        "PMNTN_SPOT" : 61371,
        "MNTN_CODE" : "461100601",
        "MANAGE_SP1" : "01",
        "MANAGE_SP2" : "시종점",
        "DETAIL_SPO" : "시종점",
        "ETC_MATTER" : " ",
        "MNTN_NM" : "안장산",
        "PAST_SPOT_" : "4611006010008",
        "MNTN_ID" : "461100601"
      },
      "geometry" : {
        "x" : 145681.7491000006,
        "y" : 244752.02370000258
      }
    },
    {
      "attributes" : {
        "FID" : 8,
        "PMNTN_SPOT" : 61372,
        "MNTN_CODE" : "461100601",
        "MANAGE_SP1" : "01",
        "MANAGE_SP2" : "시종점",
        "DETAIL_SPO" : "시종점",
        "ETC_MATTER" : " ",
        "MNTN_NM" : "안장산",
        "PAST_SPOT_" : "4611006010009",
        "MNTN_ID" : "461100601"
      },
      "geometry" : {
        "x" : 145692.96190000139,
        "y" : 244717.73090000078
      }
    },
    {
      "attributes" : {
        "FID" : 9,
        "PMNTN_SPOT" : 61373,
        "MNTN_CODE" : "461100601",
        "MANAGE_SP1" : "01",
        "MANAGE_SP2" : "시종점",
        "DETAIL_SPO" : "시종점",
        "ETC_MATTER" : " ",
        "MNTN_NM" : "안장산",
        "PAST_SPOT_" : "4611006010010",
        "MNTN_ID" : "461100601"
      },
      "geometry" : {
        "x" : 145702.34729999956,
        "y" : 244559.80900000222
      }
    }
  ]
}