{
  "displayFieldName" : "",
  "fieldAliases" : {
    "FID" : "FID",
    "PMNTN_SPOT" : "PMNTN_SPOT",
    "MNTN_CODE" : "MNTN_CODE",
    "MANAGE_SP1" : "MANAGE_SP1",
    "MANAGE_SP2" : "MANAGE_SP2",
    "DETAIL_SPO" : "DETAIL_SPO",
    "ETC_MATTER" : "ETC_MATTER",
    "MNTN_NM" : "MNTN_NM",
    "PAST_SPOT_" : "PAST_SPOT_",
    "MNTN_ID" : "MNTN_ID"
  },
  "geometryType" : "esriGeometryPoint",
  "spatialReference" : {
    "wkt" : "PROJCS[\"PCS_ITRF2000_TM\",GEOGCS[\"GCS_ITRF_2000\",DATUM[\"D_ITRF_2000\",SPHEROID[\"GRS_1980\",6378137.0,298.257222101]],PRIMEM[\"Greenwich\",0.0],UNIT[\"Degree\",0.0174532925199433]],PROJECTION[\"Transverse_Mercator\"],PARAMETER[\"False_Easting\",200000.0],PARAMETER[\"False_Northing\",600000.0],PARAMETER[\"Central_Meridian\",127.0],PARAMETER[\"Scale_Factor\",1.0],PARAMETER[\"Latitude_Of_Origin\",38.0],UNIT[\"Meter\",1.0]]"
  },
  "fields" : [
    {
      "name" : "FID",
      "type" : "esriFieldTypeOID",
      "alias" : "FID"
    },
    {
      "name" : "PMNTN_SPOT",
      "type" : "esriFieldTypeDouble",
      "alias" : "PMNTN_SPOT"
    },
    {
      "name" : "MNTN_CODE",
      "type" : "esriFieldTypeString",
      "alias" : "MNTN_CODE",
      "length" : 9
    },
    {
      "name" : "MANAGE_SP1",
      "type" : "esriFieldTypeString",
      "alias" : "MANAGE_SP1",
      "length" : 2
    },
    {
      "name" : "MANAGE_SP2",
      "type" : "esriFieldTypeString",
      "alias" : "MANAGE_SP2",
      "length" : 50
    },
    {
      "name" : "DETAIL_SPO",
      "type" : "esriFieldTypeString",
      "alias" : "DETAIL_SPO",
      "length" : 200
    },
    {
      "name" : "ETC_MATTER",
      "type" : "esriFieldTypeString",
      "alias" : "ETC_MATTER",
      "length" : 200
    },
    {
      "name" : "MNTN_NM",
      "type" : "esriFieldTypeString",
      "alias" : "MNTN_NM",
      "length" : 50
    },
    {
      "name" : "PAST_SPOT_",
      "type" : "esriFieldTypeString",
      "alias" : "PAST_SPOT_",
      "length" : 14
    },
    {
      "name" : "MNTN_ID",
      "type" : "esriFieldTypeString",
      "alias" : "MNTN_ID",
      "length" : 10
    }
  ],
  "features" : [
    {
      "attributes" : {
        "FID" : 0,
        "PMNTN_SPOT" : 9845,
        "MNTN_CODE" : "478200401",
        "MANAGE_SP1" : "02",
        "MANAGE_SP2" : "분기점",
        "DETAIL_SPO" : "분기점",
        "ETC_MATTER" : " ",
        "MNTN_NM" : "구만산",
        "PAST_SPOT_" : "4827005010001",
        "MNTN_ID" : "482700501"
      },
      "geometry" : {
        "x" : 369747.22924281191,
        "y" : 335659.71966225281
      }
    },
    {
      "attributes" : {
        "FID" : 1,
        "PMNTN_SPOT" : 9846,
        "MNTN_CODE" : "478200401",
        "MANAGE_SP1" : "02",
        "MANAGE_SP2" : "분기점",
        "DETAIL_SPO" : "분기점",
        "ETC_MATTER" : " ",
        "MNTN_NM" : "구만산",
        "PAST_SPOT_" : "4827005010002",
        "MNTN_ID" : "482700501"
      },
      "geometry" : {
        "x" : 370163.76975952368,
        "y" : 335548.73941859789
      }
    },
    {
      "attributes" : {
        "FID" : 2,
        "PMNTN_SPOT" : 9847,
        "MNTN_CODE" : "478200401",
        "MANAGE_SP1" : "02",
        "MANAGE_SP2" : "분기점",
        "DETAIL_SPO" : "분기점",
        "ETC_MATTER" : " ",
        "MNTN_NM" : "구만산",
        "PAST_SPOT_" : "4827005010003",
        "MNTN_ID" : "482700501"
      },
      "geometry" : {
        "x" : 370298.04936574493,
        "y" : 336720.42785908282
      }
    },
    {
      "attributes" : {
        "FID" : 3,
        "PMNTN_SPOT" : 9848,
        "MNTN_CODE" : "478200401",
        "MANAGE_SP1" : "01",
        "MANAGE_SP2" : "시종점",
        "DETAIL_SPO" : "시종점",
        "ETC_MATTER" : " ",
        "MNTN_NM" : "구만산",
        "PAST_SPOT_" : "4827005010004",
        "MNTN_ID" : "482700501"
      },
      "geometry" : {
        "x" : 371413.9630000256,
        "y" : 335925.25550000183
      }
    },
    {
      "attributes" : {
        "FID" : 4,
        "PMNTN_SPOT" : 9849,
        "MNTN_CODE" : "478200401",
        "MANAGE_SP1" : "99",
        "MANAGE_SP2" : "기타",
        "DETAIL_SPO" : "구만펜션",
        "ETC_MATTER" : " ",
        "MNTN_NM" : "구만산",
        "PAST_SPOT_" : "27200402000005",
        "MNTN_ID" : "2720040200"
      },
      "geometry" : {
        "x" : 369730.23230002634,
        "y" : 335575.35880000331
      }
    },
    {
      "attributes" : {
        "FID" : 5,
        "PMNTN_SPOT" : 9850,
        "MNTN_CODE" : "478200401",
        "MANAGE_SP1" : "11",
        "MANAGE_SP2" : "안내판또는지도",
        "DETAIL_SPO" : "안내판,구만암",
        "ETC_MATTER" : " ",
        "MNTN_NM" : "구만산",
        "PAST_SPOT_" : "27200402000006",
        "MNTN_ID" : "2720040200"
      },
      "geometry" : {
        "x" : 369740.27870002482,
        "y" : 335631.54430000111
      }
    },
    {
      "attributes" : {
        "FID" : 6,
        "PMNTN_SPOT" : 9851,
        "MNTN_CODE" : "478200401",
        "MANAGE_SP1" : "99",
        "MANAGE_SP2" : "기타",
        "DETAIL_SPO" : "계곡횡단",
        "ETC_MATTER" : " ",
        "MNTN_NM" : "구만산",
        "PAST_SPOT_" : "27200402000007",
        "MNTN_ID" : "2720040200"
      },
      "geometry" : {
        "x" : 369815.10900002532,
        "y" : 336022.7201000005
      }
    },
    {
      "attributes" : {
        "FID" : 7,
        "PMNTN_SPOT" : 9852,
        "MNTN_CODE" : "478200401",
        "MANAGE_SP1" : "99",
        "MANAGE_SP2" : "기타",
        "DETAIL_SPO" : "철계단",
        "ETC_MATTER" : " ",
        "MNTN_NM" : "구만산",
        "PAST_SPOT_" : "27200402000008",
        "MNTN_ID" : "2720040200"
      },
      "geometry" : {
        "x" : 369812.93420002796,
        "y" : 336070.29169999994
      }
    },
    {
      "attributes" : {
        "FID" : 8,
        "PMNTN_SPOT" : 9853,
        "MNTN_CODE" : "478200401",
        "MANAGE_SP1" : "99",
        "MANAGE_SP2" : "기타",
        "DETAIL_SPO" : "안전로프",
        "ETC_MATTER" : " ",
        "MNTN_NM" : "구만산",
        "PAST_SPOT_" : "27200402000009",
        "MNTN_ID" : "2720040200"
      },
      "geometry" : {
        "x" : 369794.78200002387,
        "y" : 336084.23340000398
      }
    },
    {
      "attributes" : {
        "FID" : 9,
        "PMNTN_SPOT" : 9854,
        "MNTN_CODE" : "478200401",
        "MANAGE_SP1" : "99",
        "MANAGE_SP2" : "기타",
        "DETAIL_SPO" : "안전로프",
        "ETC_MATTER" : " ",
        "MNTN_NM" : "구만산",
        "PAST_SPOT_" : "27200402000010",
        "MNTN_ID" : "2720040200"
      },
      "geometry" : {
        "x" : 369602.50150002539,
        "y" : 336658.99220000394
      }
    },
    {
      "attributes" : {
        "FID" : 10,
        "PMNTN_SPOT" : 9855,
        "MNTN_CODE" : "478200401",
        "MANAGE_SP1" : "10",
        "MANAGE_SP2" : "이정표",
        "DETAIL_SPO" : "이정표",
        "ETC_MATTER" : " ",
        "MNTN_NM" : "구만산",
        "PAST_SPOT_" : "27200402000011",
        "MNTN_ID" : "2720040200"
      },
      "geometry" : {
        "x" : 369668.32110002451,
        "y" : 336992.21440000087
      }
    },
    {
      "attributes" : {
        "FID" : 11,
        "PMNTN_SPOT" : 9856,
        "MNTN_CODE" : "478200401",
        "MANAGE_SP1" : "99",
        "MANAGE_SP2" : "기타",
        "DETAIL_SPO" : "계곡횡단",
        "ETC_MATTER" : " ",
        "MNTN_NM" : "구만산",
        "PAST_SPOT_" : "27200402000012",
        "MNTN_ID" : "2720040200"
      },
      "geometry" : {
        "x" : 369707.29930002615,
        "y" : 337067.03440000117
      }
    },
    {
      "attributes" : {
        "FID" : 12,
        "PMNTN_SPOT" : 9857,
        "MNTN_CODE" : "478200401",
        "MANAGE_SP1" : "99",
        "MANAGE_SP2" : "기타",
        "DETAIL_SPO" : "너덜지대",
        "ETC_MATTER" : " ",
        "MNTN_NM" : "구만산",
        "PAST_SPOT_" : "27200402000013",
        "MNTN_ID" : "2720040200"
      },
      "geometry" : {
        "x" : 369743.9385000281,
        "y" : 337305.65300000459
      }
    },
    {
      "attributes" : {
        "FID" : 13,
        "PMNTN_SPOT" : 9858,
        "MNTN_CODE" : "478200401",
        "MANAGE_SP1" : "99",
        "MANAGE_SP2" : "기타",
        "DETAIL_SPO" : "구만폭포",
        "ETC_MATTER" : " ",
        "MNTN_NM" : "구만산",
        "PAST_SPOT_" : "27200402000014",
        "MNTN_ID" : "2720040200"
      },
      "geometry" : {
        "x" : 369735.94490002468,
        "y" : 337310.81830000132
      }
    },
    {
      "attributes" : {
        "FID" : 14,
        "PMNTN_SPOT" : 9859,
        "MNTN_CODE" : "478200401",
        "MANAGE_SP1" : "99",
        "MANAGE_SP2" : "기타",
        "DETAIL_SPO" : "로프암반구간",
        "ETC_MATTER" : " ",
        "MNTN_NM" : "구만산",
        "PAST_SPOT_" : "27200402000015",
        "MNTN_ID" : "2720040200"
      },
      "geometry" : {
        "x" : 369690.16820002813,
        "y" : 337303.24190000072
      }
    },
    {
      "attributes" : {
        "FID" : 15,
        "PMNTN_SPOT" : 9860,
        "MNTN_CODE" : "478200401",
        "MANAGE_SP1" : "10",
        "MANAGE_SP2" : "이정표",
        "DETAIL_SPO" : "이정표",
        "ETC_MATTER" : " ",
        "MNTN_NM" : "구만산",
        "PAST_SPOT_" : "27200402000016",
        "MNTN_ID" : "2720040200"
      },
      "geometry" : {
        "x" : 369721.14860002603,
        "y" : 337361.93530000374
      }
    },
    {
      "attributes" : {
        "FID" : 16,
        "PMNTN_SPOT" : 9861,
        "MNTN_CODE" : "478200401",
        "MANAGE_SP1" : "99",
        "MANAGE_SP2" : "기타",
        "DETAIL_SPO" : "로프시작",
        "ETC_MATTER" : " ",
        "MNTN_NM" : "구만산",
        "PAST_SPOT_" : "27200402000017",
        "MNTN_ID" : "2720040200"
      },
      "geometry" : {
        "x" : 369755.10650002491,
        "y" : 337411.32709999941
      }
    },
    {
      "attributes" : {
        "FID" : 17,
        "PMNTN_SPOT" : 9862,
        "MNTN_CODE" : "478200401",
        "MANAGE_SP1" : "99",
        "MANAGE_SP2" : "기타",
        "DETAIL_SPO" : "로프끝",
        "ETC_MATTER" : " ",
        "MNTN_NM" : "구만산",
        "PAST_SPOT_" : "27200402000018",
        "MNTN_ID" : "2720040200"
      },
      "geometry" : {
        "x" : 369775.14230002742,
        "y" : 337638.22900000215
      }
    },
    {
      "attributes" : {
        "FID" : 18,
        "PMNTN_SPOT" : 9863,
        "MNTN_CODE" : "478200401",
        "MANAGE_SP1" : "99",
        "MANAGE_SP2" : "기타",
        "DETAIL_SPO" : "계곡횡단",
        "ETC_MATTER" : " ",
        "MNTN_NM" : "구만산",
        "PAST_SPOT_" : "27200402000019",
        "MNTN_ID" : "2720040200"
      },
      "geometry" : {
        "x" : 369770.78920002561,
        "y" : 337666.90939999931
      }
    },
    {
      "attributes" : {
        "FID" : 19,
        "PMNTN_SPOT" : 9864,
        "MNTN_CODE" : "478200401",
        "MANAGE_SP1" : "99",
        "MANAGE_SP2" : "기타",
        "DETAIL_SPO" : "구조점",
        "ETC_MATTER" : "밀양하-1",
        "MNTN_NM" : "구만산",
        "PAST_SPOT_" : "27200402000020",
        "MNTN_ID" : "2720040200"
      },
      "geometry" : {
        "x" : 369837.70630002394,
        "y" : 337760.84579999931
      }
    },
    {
      "attributes" : {
        "FID" : 20,
        "PMNTN_SPOT" : 9865,
        "MNTN_CODE" : "478200401",
        "MANAGE_SP1" : "99",
        "MANAGE_SP2" : "기타",
        "DETAIL_SPO" : "암릉구간",
        "ETC_MATTER" : " ",
        "MNTN_NM" : "구만산",
        "PAST_SPOT_" : "27200402000021",
        "MNTN_ID" : "2720040200"
      },
      "geometry" : {
        "x" : 369893.97380002495,
        "y" : 337797.59720000066
      }
    },
    {
      "attributes" : {
        "FID" : 21,
        "PMNTN_SPOT" : 9866,
        "MNTN_CODE" : "478200401",
        "MANAGE_SP1" : "14",
        "MANAGE_SP2" : "조망점",
        "DETAIL_SPO" : "조망점",
        "ETC_MATTER" : " ",
        "MNTN_NM" : "구만산",
        "PAST_SPOT_" : "27200402000022",
        "MNTN_ID" : "2720040200"
      },
      "geometry" : {
        "x" : 369969.28110002633,
        "y" : 337895.84650000185
      }
    },
    {
      "attributes" : {
        "FID" : 22,
        "PMNTN_SPOT" : 9867,
        "MNTN_CODE" : "478200401",
        "MANAGE_SP1" : "99",
        "MANAGE_SP2" : "기타",
        "DETAIL_SPO" : "구조점",
        "ETC_MATTER" : "밀양하-2",
        "MNTN_NM" : "구만산",
        "PAST_SPOT_" : "27200402000023",
        "MNTN_ID" : "2720040200"
      },
      "geometry" : {
        "x" : 370049.20960002486,
        "y" : 337993.60740000196
      }
    },
    {
      "attributes" : {
        "FID" : 23,
        "PMNTN_SPOT" : 9868,
        "MNTN_CODE" : "478200401",
        "MANAGE_SP1" : "14",
        "MANAGE_SP2" : "조망점",
        "DETAIL_SPO" : "조망점",
        "ETC_MATTER" : " ",
        "MNTN_NM" : "구만산",
        "PAST_SPOT_" : "27200402000024",
        "MNTN_ID" : "2720040200"
      },
      "geometry" : {
        "x" : 370347.66740002576,
        "y" : 338148.10669999756
      }
    },
    {
      "attributes" : {
        "FID" : 24,
        "PMNTN_SPOT" : 9869,
        "MNTN_CODE" : "478200401",
        "MANAGE_SP1" : "10",
        "MANAGE_SP2" : "이정표",
        "DETAIL_SPO" : "이정표",
        "ETC_MATTER" : " ",
        "MNTN_NM" : "구만산",
        "PAST_SPOT_" : "27200402000025",
        "MNTN_ID" : "2720040200"
      },
      "geometry" : {
        "x" : 370304.77260002773,
        "y" : 336725.07160000131
      }
    },
    {
      "attributes" : {
        "FID" : 25,
        "PMNTN_SPOT" : 9870,
        "MNTN_CODE" : "478200401",
        "MANAGE_SP1" : "99",
        "MANAGE_SP2" : "기타",
        "DETAIL_SPO" : "목계단",
        "ETC_MATTER" : " ",
        "MNTN_NM" : "구만산",
        "PAST_SPOT_" : "27200402000026",
        "MNTN_ID" : "2720040200"
      },
      "geometry" : {
        "x" : 369938.09210002795,
        "y" : 335207.07000000216
      }
    },
    {
      "attributes" : {
        "FID" : 26,
        "PMNTN_SPOT" : 9871,
        "MNTN_CODE" : "478200401",
        "MANAGE_SP1" : "99",
        "MANAGE_SP2" : "기타",
        "DETAIL_SPO" : "로프구간",
        "ETC_MATTER" : " ",
        "MNTN_NM" : "구만산",
        "PAST_SPOT_" : "27200402000027",
        "MNTN_ID" : "2720040200"
      },
      "geometry" : {
        "x" : 369897.44700002391,
        "y" : 335207.02870000154
      }
    },
    {
      "attributes" : {
        "FID" : 27,
        "PMNTN_SPOT" : 9872,
        "MNTN_CODE" : "478200401",
        "MANAGE_SP1" : "99",
        "MANAGE_SP2" : "기타",
        "DETAIL_SPO" : "로프구간",
        "ETC_MATTER" : " ",
        "MNTN_NM" : "구만산",
        "PAST_SPOT_" : "27200402000028",
        "MNTN_ID" : "2720040200"
      },
      "geometry" : {
        "x" : 369781.8464000253,
        "y" : 335209.43550000153
      }
    },
    {
      "attributes" : {
        "FID" : 28,
        "PMNTN_SPOT" : 9873,
        "MNTN_CODE" : "478200401",
        "MANAGE_SP1" : "14",
        "MANAGE_SP2" : "조망점",
        "DETAIL_SPO" : "조망점",
        "ETC_MATTER" : " ",
        "MNTN_NM" : "구만산",
        "PAST_SPOT_" : "27200402000029",
        "MNTN_ID" : "2720040200"
      },
      "geometry" : {
        "x" : 371730.87680002674,
        "y" : 338779.23760000244
      }
    },
    {
      "attributes" : {
        "FID" : 29,
        "PMNTN_SPOT" : 9874,
        "MNTN_CODE" : "478200401",
        "MANAGE_SP1" : "99",
        "MANAGE_SP2" : "기타",
        "DETAIL_SPO" : "가인저수지",
        "ETC_MATTER" : " ",
        "MNTN_NM" : "구만산",
        "PAST_SPOT_" : "27200402000030",
        "MNTN_ID" : "2720040200"
      },
      "geometry" : {
        "x" : 371337.25050002709,
        "y" : 336722.45510000363
      }
    },
    {
      "attributes" : {
        "FID" : 30,
        "PMNTN_SPOT" : 9875,
        "MNTN_CODE" : "478200401",
        "MANAGE_SP1" : "99",
        "MANAGE_SP2" : "기타",
        "DETAIL_SPO" : "과수원통과",
        "ETC_MATTER" : " ",
        "MNTN_NM" : "구만산",
        "PAST_SPOT_" : "27200402000031",
        "MNTN_ID" : "2720040200"
      },
      "geometry" : {
        "x" : 367484.8344000224,
        "y" : 334322.05040000007
      }
    },
    {
      "attributes" : {
        "FID" : 31,
        "PMNTN_SPOT" : 9876,
        "MNTN_CODE" : "478200401",
        "MANAGE_SP1" : "99",
        "MANAGE_SP2" : "기타",
        "DETAIL_SPO" : "초소",
        "ETC_MATTER" : "산불감시",
        "MNTN_NM" : "구만산",
        "PAST_SPOT_" : "27200402000032",
        "MNTN_ID" : "2720040200"
      },
      "geometry" : {
        "x" : 367821.72230002377,
        "y" : 334639.49550000764
      }
    },
    {
      "attributes" : {
        "FID" : 32,
        "PMNTN_SPOT" : 9877,
        "MNTN_CODE" : "478200401",
        "MANAGE_SP1" : "99",
        "MANAGE_SP2" : "기타",
        "DETAIL_SPO" : "초소,CCTV",
        "ETC_MATTER" : "산불감시",
        "MNTN_NM" : "구만산",
        "PAST_SPOT_" : "27200402000033",
        "MNTN_ID" : "2720040200"
      },
      "geometry" : {
        "x" : 371472.96190002747,
        "y" : 337764.02620000206
      }
    },
    {
      "attributes" : {
        "FID" : 33,
        "PMNTN_SPOT" : 9878,
        "MNTN_CODE" : "478200401",
        "MANAGE_SP1" : "10",
        "MANAGE_SP2" : "이정표",
        "DETAIL_SPO" : "이정표",
        "ETC_MATTER" : " ",
        "MNTN_NM" : "구만산",
        "PAST_SPOT_" : "27200402000034",
        "MNTN_ID" : "2720040200"
      },
      "geometry" : {
        "x" : 371489.28210003115,
        "y" : 337792.06020000763
      }
    },
    {
      "attributes" : {
        "FID" : 34,
        "PMNTN_SPOT" : 9879,
        "MNTN_CODE" : "478200401",
        "MANAGE_SP1" : "99",
        "MANAGE_SP2" : "기타",
        "DETAIL_SPO" : "구조점",
        "ETC_MATTER" : "밀양하-7",
        "MNTN_NM" : "구만산",
        "PAST_SPOT_" : "27200402000035",
        "MNTN_ID" : "2720040200"
      },
      "geometry" : {
        "x" : 371317.99810002651,
        "y" : 338302.31530000642
      }
    },
    {
      "attributes" : {
        "FID" : 35,
        "PMNTN_SPOT" : 9880,
        "MNTN_CODE" : "478200401",
        "MANAGE_SP1" : "99",
        "MANAGE_SP2" : "기타",
        "DETAIL_SPO" : "532.8봉",
        "ETC_MATTER" : " ",
        "MNTN_NM" : "구만산",
        "PAST_SPOT_" : "27200402000036",
        "MNTN_ID" : "2720040200"
      },
      "geometry" : {
        "x" : 368294.11320002005,
        "y" : 335597.94340000115
      }
    },
    {
      "attributes" : {
        "FID" : 36,
        "PMNTN_SPOT" : 9881,
        "MNTN_CODE" : "478200401",
        "MANAGE_SP1" : "14",
        "MANAGE_SP2" : "조망점",
        "DETAIL_SPO" : "조망점",
        "ETC_MATTER" : " ",
        "MNTN_NM" : "구만산",
        "PAST_SPOT_" : "27200402000037",
        "MNTN_ID" : "2720040200"
      },
      "geometry" : {
        "x" : 368398.87140002102,
        "y" : 335929.91119999997
      }
    },
    {
      "attributes" : {
        "FID" : 37,
        "PMNTN_SPOT" : 9882,
        "MNTN_CODE" : "478200401",
        "MANAGE_SP1" : "10",
        "MANAGE_SP2" : "이정표",
        "DETAIL_SPO" : "이정표",
        "ETC_MATTER" : " ",
        "MNTN_NM" : "구만산",
        "PAST_SPOT_" : "27200402000038",
        "MNTN_ID" : "2720040200"
      },
      "geometry" : {
        "x" : 368562.13410002645,
        "y" : 336028.96350000054
      }
    },
    {
      "attributes" : {
        "FID" : 38,
        "PMNTN_SPOT" : 9883,
        "MNTN_CODE" : "478200401",
        "MANAGE_SP1" : "10",
        "MANAGE_SP2" : "이정표",
        "DETAIL_SPO" : "이정표",
        "ETC_MATTER" : " ",
        "MNTN_NM" : "구만산",
        "PAST_SPOT_" : "27200402000039",
        "MNTN_ID" : "2720040200"
      },
      "geometry" : {
        "x" : 369640.23430002481,
        "y" : 337719.50870000757
      }
    },
    {
      "attributes" : {
        "FID" : 39,
        "PMNTN_SPOT" : 9884,
        "MNTN_CODE" : "478200401",
        "MANAGE_SP1" : "99",
        "MANAGE_SP2" : "기타",
        "DETAIL_SPO" : "흰덤봉",
        "ETC_MATTER" : " ",
        "MNTN_NM" : "구만산",
        "PAST_SPOT_" : "27200402000040",
        "MNTN_ID" : "2720040200"
      },
      "geometry" : {
        "x" : 369751.8147000242,
        "y" : 338701.86030000076
      }
    },
    {
      "attributes" : {
        "FID" : 40,
        "PMNTN_SPOT" : 9885,
        "MNTN_CODE" : "478200401",
        "MANAGE_SP1" : "10",
        "MANAGE_SP2" : "이정표",
        "DETAIL_SPO" : "이정표",
        "ETC_MATTER" : " ",
        "MNTN_NM" : "구만산",
        "PAST_SPOT_" : "27200402000041",
        "MNTN_ID" : "2720040200"
      },
      "geometry" : {
        "x" : 369672.94760002568,
        "y" : 338906.08669999987
      }
    },
    {
      "attributes" : {
        "FID" : 41,
        "PMNTN_SPOT" : 9886,
        "MNTN_CODE" : "478200401",
        "MANAGE_SP1" : "99",
        "MANAGE_SP2" : "기타",
        "DETAIL_SPO" : "급경사시작",
        "ETC_MATTER" : " ",
        "MNTN_NM" : "구만산",
        "PAST_SPOT_" : "27200402000042",
        "MNTN_ID" : "2720040200"
      },
      "geometry" : {
        "x" : 369205.42440002505,
        "y" : 336350.53099999949
      }
    },
    {
      "attributes" : {
        "FID" : 42,
        "PMNTN_SPOT" : 9887,
        "MNTN_CODE" : "478200401",
        "MANAGE_SP1" : "99",
        "MANAGE_SP2" : "기타",
        "DETAIL_SPO" : "급경사끝",
        "ETC_MATTER" : " ",
        "MNTN_NM" : "구만산",
        "PAST_SPOT_" : "27200402000043",
        "MNTN_ID" : "2720040200"
      },
      "geometry" : {
        "x" : 369651.49340002518,
        "y" : 336273.6911000032
      }
    },
    {
      "attributes" : {
        "FID" : 43,
        "PMNTN_SPOT" : 9888,
        "MNTN_CODE" : "478200401",
        "MANAGE_SP1" : "99",
        "MANAGE_SP2" : "기타",
        "DETAIL_SPO" : "급경사끝",
        "ETC_MATTER" : " ",
        "MNTN_NM" : "구만산",
        "PAST_SPOT_" : "27200402000044",
        "MNTN_ID" : "2720040200"
      },
      "geometry" : {
        "x" : 369770.33310002834,
        "y" : 337697.05170000531
      }
    },
    {
      "attributes" : {
        "FID" : 44,
        "PMNTN_SPOT" : 9889,
        "MNTN_CODE" : "478200401",
        "MANAGE_SP1" : "99",
        "MANAGE_SP2" : "기타",
        "DETAIL_SPO" : "계곡횡단",
        "ETC_MATTER" : " ",
        "MNTN_NM" : "구만산",
        "PAST_SPOT_" : "27200402000045",
        "MNTN_ID" : "2720040200"
      },
      "geometry" : {
        "x" : 369781.89190002531,
        "y" : 337687.90230000764
      }
    },
    {
      "attributes" : {
        "FID" : 45,
        "PMNTN_SPOT" : 9890,
        "MNTN_CODE" : "478200401",
        "MANAGE_SP1" : "01",
        "MANAGE_SP2" : "시종점",
        "DETAIL_SPO" : "시종점",
        "ETC_MATTER" : " ",
        "MNTN_NM" : "구만산",
        "PAST_SPOT_" : "27200402000046",
        "MNTN_ID" : "2720040200"
      },
      "geometry" : {
        "x" : 367438.92110002227,
        "y" : 334289.41440000571
      }
    },
    {
      "attributes" : {
        "FID" : 46,
        "PMNTN_SPOT" : 9891,
        "MNTN_CODE" : "478200401",
        "MANAGE_SP1" : "10",
        "MANAGE_SP2" : "이정표",
        "DETAIL_SPO" : "이정표",
        "ETC_MATTER" : " ",
        "MNTN_NM" : "구만산",
        "PAST_SPOT_" : "27200402000047",
        "MNTN_ID" : "2720040200"
      },
      "geometry" : {
        "x" : 369083.99740002491,
        "y" : 336509.0509000048
      }
    },
    {
      "attributes" : {
        "FID" : 47,
        "PMNTN_SPOT" : 9892,
        "MNTN_CODE" : "478200401",
        "MANAGE_SP1" : "99",
        "MANAGE_SP2" : "기타",
        "DETAIL_SPO" : "612봉",
        "ETC_MATTER" : " ",
        "MNTN_NM" : "구만산",
        "PAST_SPOT_" : "27200402000048",
        "MNTN_ID" : "2720040200"
      },
      "geometry" : {
        "x" : 369348.72730002645,
        "y" : 337225.35930000059
      }
    },
    {
      "attributes" : {
        "FID" : 48,
        "PMNTN_SPOT" : 9893,
        "MNTN_CODE" : "478200401",
        "MANAGE_SP1" : "02",
        "MANAGE_SP2" : "분기점",
        "DETAIL_SPO" : "분기점",
        "ETC_MATTER" : " ",
        "MNTN_NM" : "구만산",
        "PAST_SPOT_" : "27200402000049",
        "MNTN_ID" : "2720040200"
      },
      "geometry" : {
        "x" : 369394.88120002393,
        "y" : 337240.31220000423
      }
    },
    {
      "attributes" : {
        "FID" : 49,
        "PMNTN_SPOT" : 9894,
        "MNTN_CODE" : "478200401",
        "MANAGE_SP1" : "01",
        "MANAGE_SP2" : "시종점",
        "DETAIL_SPO" : "시종점,구만산장",
        "ETC_MATTER" : " ",
        "MNTN_NM" : "구만산",
        "PAST_SPOT_" : "27200402000050",
        "MNTN_ID" : "2720040200"
      },
      "geometry" : {
        "x" : 369581.64650002588,
        "y" : 335235.23990000226
      }
    },
    {
      "attributes" : {
        "FID" : 50,
        "PMNTN_SPOT" : 9895,
        "MNTN_CODE" : "478200401",
        "MANAGE_SP1" : "01",
        "MANAGE_SP2" : "시종점",
        "DETAIL_SPO" : "시종점,구만산장",
        "ETC_MATTER" : " ",
        "MNTN_NM" : "구만산",
        "PAST_SPOT_" : "27200402000051",
        "MNTN_ID" : "2720040200"
      },
      "geometry" : {
        "x" : 369594.66680002399,
        "y" : 335262.78069999814
      }
    },
    {
      "attributes" : {
        "FID" : 51,
        "PMNTN_SPOT" : 9896,
        "MNTN_CODE" : "478200401",
        "MANAGE_SP1" : "10",
        "MANAGE_SP2" : "이정표",
        "DETAIL_SPO" : "이정표,급경사시작",
        "ETC_MATTER" : " ",
        "MNTN_NM" : "구만산",
        "PAST_SPOT_" : "27200402000052",
        "MNTN_ID" : "2720040200"
      },
      "geometry" : {
        "x" : 369633.05190002546,
        "y" : 337660.62450000457
      }
    },
    {
      "attributes" : {
        "FID" : 52,
        "PMNTN_SPOT" : 9897,
        "MNTN_CODE" : "478200401",
        "MANAGE_SP1" : "02",
        "MANAGE_SP2" : "분기점",
        "DETAIL_SPO" : "분기점",
        "ETC_MATTER" : " ",
        "MNTN_NM" : "구만산",
        "PAST_SPOT_" : "27200402000053",
        "MNTN_ID" : "2720040200"
      },
      "geometry" : {
        "x" : 369659.76178502012,
        "y" : 336266.03312424012
      }
    },
    {
      "attributes" : {
        "FID" : 53,
        "PMNTN_SPOT" : 9898,
        "MNTN_CODE" : "478200401",
        "MANAGE_SP1" : "10",
        "MANAGE_SP2" : "이정표",
        "DETAIL_SPO" : "이정표",
        "ETC_MATTER" : " ",
        "MNTN_NM" : "구만산",
        "PAST_SPOT_" : "27200402000054",
        "MNTN_ID" : "2720040200"
      },
      "geometry" : {
        "x" : 369795.69550002553,
        "y" : 337671.76190000027
      }
    },
    {
      "attributes" : {
        "FID" : 54,
        "PMNTN_SPOT" : 9899,
        "MNTN_CODE" : "478200401",
        "MANAGE_SP1" : "99",
        "MANAGE_SP2" : "기타",
        "DETAIL_SPO" : "구만산,이정표,삼각점",
        "ETC_MATTER" : " ",
        "MNTN_NM" : "구만산",
        "PAST_SPOT_" : "27200402000055",
        "MNTN_ID" : "2720040200"
      },
      "geometry" : {
        "x" : 370355.042300025,
        "y" : 338151.57210000046
      }
    },
    {
      "attributes" : {
        "FID" : 55,
        "PMNTN_SPOT" : 9900,
        "MNTN_CODE" : "478200401",
        "MANAGE_SP1" : "10",
        "MANAGE_SP2" : "이정표",
        "DETAIL_SPO" : "이종표,구조점",
        "ETC_MATTER" : "밀양하-4",
        "MNTN_NM" : "구만산",
        "PAST_SPOT_" : "27200402000056",
        "MNTN_ID" : "2720040200"
      },
      "geometry" : {
        "x" : 370639.93270002771,
        "y" : 338146.60090000182
      }
    },
    {
      "attributes" : {
        "FID" : 56,
        "PMNTN_SPOT" : 9901,
        "MNTN_CODE" : "478200401",
        "MANAGE_SP1" : "99",
        "MANAGE_SP2" : "기타",
        "DETAIL_SPO" : "구조점",
        "ETC_MATTER" : "밀양하-5",
        "MNTN_NM" : "구만산",
        "PAST_SPOT_" : "27200402000057",
        "MNTN_ID" : "2720040200"
      },
      "geometry" : {
        "x" : 370801.20630002674,
        "y" : 338556.09300000221
      }
    },
    {
      "attributes" : {
        "FID" : 57,
        "PMNTN_SPOT" : 9902,
        "MNTN_CODE" : "478200401",
        "MANAGE_SP1" : "10",
        "MANAGE_SP2" : "이정표",
        "DETAIL_SPO" : "이정표,구조점",
        "ETC_MATTER" : " ",
        "MNTN_NM" : "구만산",
        "PAST_SPOT_" : "27200402000058",
        "MNTN_ID" : "2720040200"
      },
      "geometry" : {
        "x" : 371009.3631000258,
        "y" : 338641.05200000294
      }
    },
    {
      "attributes" : {
        "FID" : 58,
        "PMNTN_SPOT" : 9903,
        "MNTN_CODE" : "478200401",
        "MANAGE_SP1" : "01",
        "MANAGE_SP2" : "시종점",
        "DETAIL_SPO" : "시종점,인골산장",
        "ETC_MATTER" : " ",
        "MNTN_NM" : "구만산",
        "PAST_SPOT_" : "27200402000059",
        "MNTN_ID" : "2720040200"
      },
      "geometry" : {
        "x" : 371591.8930000281,
        "y" : 336110.80480000377
      }
    },
    {
      "attributes" : {
        "FID" : 59,
        "PMNTN_SPOT" : 9904,
        "MNTN_CODE" : "478200401",
        "MANAGE_SP1" : "01",
        "MANAGE_SP2" : "시종점",
        "DETAIL_SPO" : "시종점",
        "ETC_MATTER" : " ",
        "MNTN_NM" : "구만산",
        "PAST_SPOT_" : "27200402000060",
        "MNTN_ID" : "2720040200"
      },
      "geometry" : {
        "x" : 372218.22010002658,
        "y" : 338958.40550000034
      }
    }
  ]
}