{
  "displayFieldName" : "",
  "fieldAliases" : {
    "FID" : "FID",
    "PMNTN_SPOT" : "PMNTN_SPOT",
    "MNTN_CODE" : "MNTN_CODE",
    "MANAGE_SP1" : "MANAGE_SP1",
    "MANAGE_SP2" : "MANAGE_SP2",
    "DETAIL_SPO" : "DETAIL_SPO",
    "ETC_MATTER" : "ETC_MATTER",
    "MNTN_NM" : "MNTN_NM",
    "PAST_SPOT_" : "PAST_SPOT_",
    "MNTN_ID" : "MNTN_ID"
  },
  "geometryType" : "esriGeometryPoint",
  "spatialReference" : {
    "wkt" : "PROJCS[\"PCS_ITRF2000_TM\",GEOGCS[\"GCS_ITRF_2000\",DATUM[\"D_ITRF_2000\",SPHEROID[\"GRS_1980\",6378137.0,298.257222101]],PRIMEM[\"Greenwich\",0.0],UNIT[\"Degree\",0.0174532925199433]],PROJECTION[\"Transverse_Mercator\"],PARAMETER[\"False_Easting\",200000.0],PARAMETER[\"False_Northing\",600000.0],PARAMETER[\"Central_Meridian\",127.0],PARAMETER[\"Scale_Factor\",1.0],PARAMETER[\"Latitude_Of_Origin\",38.0],UNIT[\"Meter\",1.0]]"
  },
  "fields" : [
    {
      "name" : "FID",
      "type" : "esriFieldTypeOID",
      "alias" : "FID"
    },
    {
      "name" : "PMNTN_SPOT",
      "type" : "esriFieldTypeDouble",
      "alias" : "PMNTN_SPOT"
    },
    {
      "name" : "MNTN_CODE",
      "type" : "esriFieldTypeString",
      "alias" : "MNTN_CODE",
      "length" : 9
    },
    {
      "name" : "MANAGE_SP1",
      "type" : "esriFieldTypeString",
      "alias" : "MANAGE_SP1",
      "length" : 2
    },
    {
      "name" : "MANAGE_SP2",
      "type" : "esriFieldTypeString",
      "alias" : "MANAGE_SP2",
      "length" : 50
    },
    {
      "name" : "DETAIL_SPO",
      "type" : "esriFieldTypeString",
      "alias" : "DETAIL_SPO",
      "length" : 200
    },
    {
      "name" : "ETC_MATTER",
      "type" : "esriFieldTypeString",
      "alias" : "ETC_MATTER",
      "length" : 200
    },
    {
      "name" : "MNTN_NM",
      "type" : "esriFieldTypeString",
      "alias" : "MNTN_NM",
      "length" : 50
    },
    {
      "name" : "PAST_SPOT_",
      "type" : "esriFieldTypeString",
      "alias" : "PAST_SPOT_",
      "length" : 14
    },
    {
      "name" : "MNTN_ID",
      "type" : "esriFieldTypeString",
      "alias" : "MNTN_ID",
      "length" : 10
    }
  ],
  "features" : [
    {
      "attributes" : {
        "FID" : 0,
        "PMNTN_SPOT" : 63226,
        "MNTN_CODE" : "468001401",
        "MANAGE_SP1" : "01",
        "MANAGE_SP2" : "시종점",
        "DETAIL_SPO" : "시종점",
        "ETC_MATTER" : " ",
        "MNTN_NM" : "억불산",
        "PAST_SPOT_" : "4680014010001",
        "MNTN_ID" : "468001401"
      },
      "geometry" : {
        "x" : 192145.17989999894,
        "y" : 229861.33740000054
      }
    },
    {
      "attributes" : {
        "FID" : 1,
        "PMNTN_SPOT" : 63227,
        "MNTN_CODE" : "468001401",
        "MANAGE_SP1" : "01",
        "MANAGE_SP2" : "시종점",
        "DETAIL_SPO" : "시종점",
        "ETC_MATTER" : " ",
        "MNTN_NM" : "억불산",
        "PAST_SPOT_" : "4680014010002",
        "MNTN_ID" : "468001401"
      },
      "geometry" : {
        "x" : 192265.1931999987,
        "y" : 229919.37780000269
      }
    },
    {
      "attributes" : {
        "FID" : 2,
        "PMNTN_SPOT" : 63228,
        "MNTN_CODE" : "468001401",
        "MANAGE_SP1" : "01",
        "MANAGE_SP2" : "시종점",
        "DETAIL_SPO" : "시종점",
        "ETC_MATTER" : " ",
        "MNTN_NM" : "억불산",
        "PAST_SPOT_" : "4680014010003",
        "MNTN_ID" : "468001401"
      },
      "geometry" : {
        "x" : 192284.00360000134,
        "y" : 229908.50439999998
      }
    },
    {
      "attributes" : {
        "FID" : 3,
        "PMNTN_SPOT" : 63229,
        "MNTN_CODE" : "468001401",
        "MANAGE_SP1" : "02",
        "MANAGE_SP2" : "분기점",
        "DETAIL_SPO" : "분기점",
        "ETC_MATTER" : " ",
        "MNTN_NM" : "억불산",
        "PAST_SPOT_" : "4680014010004",
        "MNTN_ID" : "468001401"
      },
      "geometry" : {
        "x" : 192295.53199999966,
        "y" : 229742.62200000137
      }
    },
    {
      "attributes" : {
        "FID" : 4,
        "PMNTN_SPOT" : 63230,
        "MNTN_CODE" : "468001401",
        "MANAGE_SP1" : "02",
        "MANAGE_SP2" : "분기점",
        "DETAIL_SPO" : "분기점",
        "ETC_MATTER" : " ",
        "MNTN_NM" : "억불산",
        "PAST_SPOT_" : "4680014010005",
        "MNTN_ID" : "468001401"
      },
      "geometry" : {
        "x" : 192297.0148,
        "y" : 229753.10410000384
      }
    },
    {
      "attributes" : {
        "FID" : 5,
        "PMNTN_SPOT" : 63231,
        "MNTN_CODE" : "468001401",
        "MANAGE_SP1" : "02",
        "MANAGE_SP2" : "분기점",
        "DETAIL_SPO" : "분기점",
        "ETC_MATTER" : " ",
        "MNTN_NM" : "억불산",
        "PAST_SPOT_" : "4680014010006",
        "MNTN_ID" : "468001401"
      },
      "geometry" : {
        "x" : 192315.39599999972,
        "y" : 229695.18000000343
      }
    },
    {
      "attributes" : {
        "FID" : 6,
        "PMNTN_SPOT" : 63232,
        "MNTN_CODE" : "468001401",
        "MANAGE_SP1" : "01",
        "MANAGE_SP2" : "시종점",
        "DETAIL_SPO" : "시종점",
        "ETC_MATTER" : " ",
        "MNTN_NM" : "억불산",
        "PAST_SPOT_" : "4680014010007",
        "MNTN_ID" : "468001401"
      },
      "geometry" : {
        "x" : 192369.47279999964,
        "y" : 229877.2405999992
      }
    },
    {
      "attributes" : {
        "FID" : 7,
        "PMNTN_SPOT" : 63233,
        "MNTN_CODE" : "468001401",
        "MANAGE_SP1" : "02",
        "MANAGE_SP2" : "분기점",
        "DETAIL_SPO" : "분기점",
        "ETC_MATTER" : " ",
        "MNTN_NM" : "억불산",
        "PAST_SPOT_" : "4680014010008",
        "MNTN_ID" : "468001401"
      },
      "geometry" : {
        "x" : 192482.23300000001,
        "y" : 229674.02200000174
      }
    },
    {
      "attributes" : {
        "FID" : 8,
        "PMNTN_SPOT" : 63234,
        "MNTN_CODE" : "468001401",
        "MANAGE_SP1" : "01",
        "MANAGE_SP2" : "시종점",
        "DETAIL_SPO" : "시종점",
        "ETC_MATTER" : " ",
        "MNTN_NM" : "억불산",
        "PAST_SPOT_" : "4680014010009",
        "MNTN_ID" : "468001401"
      },
      "geometry" : {
        "x" : 192563.35929999966,
        "y" : 229775.08290000074
      }
    },
    {
      "attributes" : {
        "FID" : 9,
        "PMNTN_SPOT" : 63235,
        "MNTN_CODE" : "468001401",
        "MANAGE_SP1" : "02",
        "MANAGE_SP2" : "분기점",
        "DETAIL_SPO" : "분기점",
        "ETC_MATTER" : " ",
        "MNTN_NM" : "억불산",
        "PAST_SPOT_" : "4680014010010",
        "MNTN_ID" : "468001401"
      },
      "geometry" : {
        "x" : 192571.38090000022,
        "y" : 229373.60670000128
      }
    },
    {
      "attributes" : {
        "FID" : 10,
        "PMNTN_SPOT" : 63236,
        "MNTN_CODE" : "468001401",
        "MANAGE_SP1" : "01",
        "MANAGE_SP2" : "시종점",
        "DETAIL_SPO" : "시종점",
        "ETC_MATTER" : " ",
        "MNTN_NM" : "억불산",
        "PAST_SPOT_" : "4680014010011",
        "MNTN_ID" : "468001401"
      },
      "geometry" : {
        "x" : 192677.99060000107,
        "y" : 229717.40660000034
      }
    },
    {
      "attributes" : {
        "FID" : 11,
        "PMNTN_SPOT" : 63237,
        "MNTN_CODE" : "468001401",
        "MANAGE_SP1" : "02",
        "MANAGE_SP2" : "분기점",
        "DETAIL_SPO" : "분기점",
        "ETC_MATTER" : " ",
        "MNTN_NM" : "억불산",
        "PAST_SPOT_" : "4680014010012",
        "MNTN_ID" : "468001401"
      },
      "geometry" : {
        "x" : 192718.00530000217,
        "y" : 229661.14320000075
      }
    },
    {
      "attributes" : {
        "FID" : 12,
        "PMNTN_SPOT" : 63238,
        "MNTN_CODE" : "468001401",
        "MANAGE_SP1" : "02",
        "MANAGE_SP2" : "분기점",
        "DETAIL_SPO" : "분기점",
        "ETC_MATTER" : " ",
        "MNTN_NM" : "억불산",
        "PAST_SPOT_" : "4680014010013",
        "MNTN_ID" : "468001401"
      },
      "geometry" : {
        "x" : 192852.2734000003,
        "y" : 229418.93429999985
      }
    },
    {
      "attributes" : {
        "FID" : 13,
        "PMNTN_SPOT" : 63239,
        "MNTN_CODE" : "468001401",
        "MANAGE_SP1" : "02",
        "MANAGE_SP2" : "분기점",
        "DETAIL_SPO" : "분기점",
        "ETC_MATTER" : " ",
        "MNTN_NM" : "억불산",
        "PAST_SPOT_" : "4680014010014",
        "MNTN_ID" : "468001401"
      },
      "geometry" : {
        "x" : 192853.691300001,
        "y" : 229434.92699999921
      }
    },
    {
      "attributes" : {
        "FID" : 14,
        "PMNTN_SPOT" : 63240,
        "MNTN_CODE" : "468001401",
        "MANAGE_SP1" : "02",
        "MANAGE_SP2" : "분기점",
        "DETAIL_SPO" : "분기점",
        "ETC_MATTER" : " ",
        "MNTN_NM" : "억불산",
        "PAST_SPOT_" : "4680014010015",
        "MNTN_ID" : "468001401"
      },
      "geometry" : {
        "x" : 192857.4840000011,
        "y" : 229397.81500000134
      }
    },
    {
      "attributes" : {
        "FID" : 15,
        "PMNTN_SPOT" : 63241,
        "MNTN_CODE" : "468001401",
        "MANAGE_SP1" : "02",
        "MANAGE_SP2" : "분기점",
        "DETAIL_SPO" : "분기점",
        "ETC_MATTER" : " ",
        "MNTN_NM" : "억불산",
        "PAST_SPOT_" : "4680014010016",
        "MNTN_ID" : "468001401"
      },
      "geometry" : {
        "x" : 192867.98060000036,
        "y" : 229419.07690000162
      }
    },
    {
      "attributes" : {
        "FID" : 16,
        "PMNTN_SPOT" : 63242,
        "MNTN_CODE" : "468001401",
        "MANAGE_SP1" : "02",
        "MANAGE_SP2" : "분기점",
        "DETAIL_SPO" : "분기점",
        "ETC_MATTER" : " ",
        "MNTN_NM" : "억불산",
        "PAST_SPOT_" : "4680014010017",
        "MNTN_ID" : "468001401"
      },
      "geometry" : {
        "x" : 192888.30390000064,
        "y" : 229075.04900000058
      }
    },
    {
      "attributes" : {
        "FID" : 17,
        "PMNTN_SPOT" : 63243,
        "MNTN_CODE" : "468001401",
        "MANAGE_SP1" : "02",
        "MANAGE_SP2" : "분기점",
        "DETAIL_SPO" : "분기점",
        "ETC_MATTER" : " ",
        "MNTN_NM" : "억불산",
        "PAST_SPOT_" : "4680014010018",
        "MNTN_ID" : "468001401"
      },
      "geometry" : {
        "x" : 193037.49300000072,
        "y" : 229771.39900000207
      }
    },
    {
      "attributes" : {
        "FID" : 18,
        "PMNTN_SPOT" : 63244,
        "MNTN_CODE" : "468001401",
        "MANAGE_SP1" : "01",
        "MANAGE_SP2" : "시종점",
        "DETAIL_SPO" : "시종점",
        "ETC_MATTER" : " ",
        "MNTN_NM" : "억불산",
        "PAST_SPOT_" : "4680014010019",
        "MNTN_ID" : "468001401"
      },
      "geometry" : {
        "x" : 193158.84360000119,
        "y" : 230731.45970000327
      }
    },
    {
      "attributes" : {
        "FID" : 19,
        "PMNTN_SPOT" : 63245,
        "MNTN_CODE" : "468001401",
        "MANAGE_SP1" : "02",
        "MANAGE_SP2" : "분기점",
        "DETAIL_SPO" : "분기점",
        "ETC_MATTER" : " ",
        "MNTN_NM" : "억불산",
        "PAST_SPOT_" : "4680014010020",
        "MNTN_ID" : "468001401"
      },
      "geometry" : {
        "x" : 193206.84270000085,
        "y" : 229279.17390000261
      }
    },
    {
      "attributes" : {
        "FID" : 20,
        "PMNTN_SPOT" : 63246,
        "MNTN_CODE" : "468001401",
        "MANAGE_SP1" : "01",
        "MANAGE_SP2" : "시종점",
        "DETAIL_SPO" : "시종점",
        "ETC_MATTER" : " ",
        "MNTN_NM" : "억불산",
        "PAST_SPOT_" : "4680014010021",
        "MNTN_ID" : "468001401"
      },
      "geometry" : {
        "x" : 193211.20350000076,
        "y" : 229208.11120000295
      }
    },
    {
      "attributes" : {
        "FID" : 21,
        "PMNTN_SPOT" : 63247,
        "MNTN_CODE" : "468001401",
        "MANAGE_SP1" : "02",
        "MANAGE_SP2" : "분기점",
        "DETAIL_SPO" : "분기점",
        "ETC_MATTER" : " ",
        "MNTN_NM" : "억불산",
        "PAST_SPOT_" : "4680014010022",
        "MNTN_ID" : "468001401"
      },
      "geometry" : {
        "x" : 193257.29020000156,
        "y" : 229283.89059999958
      }
    },
    {
      "attributes" : {
        "FID" : 22,
        "PMNTN_SPOT" : 63248,
        "MNTN_CODE" : "468001401",
        "MANAGE_SP1" : "02",
        "MANAGE_SP2" : "분기점",
        "DETAIL_SPO" : "분기점",
        "ETC_MATTER" : " ",
        "MNTN_NM" : "억불산",
        "PAST_SPOT_" : "4680014010023",
        "MNTN_ID" : "468001401"
      },
      "geometry" : {
        "x" : 193309.03660000116,
        "y" : 229322.81679999828
      }
    },
    {
      "attributes" : {
        "FID" : 23,
        "PMNTN_SPOT" : 63249,
        "MNTN_CODE" : "468001401",
        "MANAGE_SP1" : "02",
        "MANAGE_SP2" : "분기점",
        "DETAIL_SPO" : "분기점",
        "ETC_MATTER" : " ",
        "MNTN_NM" : "억불산",
        "PAST_SPOT_" : "4680014010024",
        "MNTN_ID" : "468001401"
      },
      "geometry" : {
        "x" : 193500.76490000077,
        "y" : 229418.59549999982
      }
    },
    {
      "attributes" : {
        "FID" : 24,
        "PMNTN_SPOT" : 63250,
        "MNTN_CODE" : "468001401",
        "MANAGE_SP1" : "01",
        "MANAGE_SP2" : "시종점",
        "DETAIL_SPO" : "시종점",
        "ETC_MATTER" : " ",
        "MNTN_NM" : "억불산",
        "PAST_SPOT_" : "4680014010025",
        "MNTN_ID" : "468001401"
      },
      "geometry" : {
        "x" : 193511.43432764336,
        "y" : 230323.59776398912
      }
    },
    {
      "attributes" : {
        "FID" : 25,
        "PMNTN_SPOT" : 63251,
        "MNTN_CODE" : "468001401",
        "MANAGE_SP1" : "02",
        "MANAGE_SP2" : "분기점",
        "DETAIL_SPO" : "분기점",
        "ETC_MATTER" : " ",
        "MNTN_NM" : "억불산",
        "PAST_SPOT_" : "4680014010026",
        "MNTN_ID" : "468001401"
      },
      "geometry" : {
        "x" : 193546.19109999947,
        "y" : 229411.82699999772
      }
    },
    {
      "attributes" : {
        "FID" : 26,
        "PMNTN_SPOT" : 63252,
        "MNTN_CODE" : "468001401",
        "MANAGE_SP1" : "01",
        "MANAGE_SP2" : "시종점",
        "DETAIL_SPO" : "시종점",
        "ETC_MATTER" : " ",
        "MNTN_NM" : "억불산",
        "PAST_SPOT_" : "4680014010027",
        "MNTN_ID" : "468001401"
      },
      "geometry" : {
        "x" : 194011.45449999999,
        "y" : 230133.08769999817
      }
    },
    {
      "attributes" : {
        "FID" : 27,
        "PMNTN_SPOT" : 63253,
        "MNTN_CODE" : "468001401",
        "MANAGE_SP1" : "02",
        "MANAGE_SP2" : "분기점",
        "DETAIL_SPO" : "분기점",
        "ETC_MATTER" : " ",
        "MNTN_NM" : "억불산",
        "PAST_SPOT_" : "4680014010028",
        "MNTN_ID" : "468001401"
      },
      "geometry" : {
        "x" : 194178.87150000036,
        "y" : 229482.56310000271
      }
    },
    {
      "attributes" : {
        "FID" : 28,
        "PMNTN_SPOT" : 63254,
        "MNTN_CODE" : "468001401",
        "MANAGE_SP1" : "02",
        "MANAGE_SP2" : "분기점",
        "DETAIL_SPO" : "분기점",
        "ETC_MATTER" : " ",
        "MNTN_NM" : "억불산",
        "PAST_SPOT_" : "4680014010029",
        "MNTN_ID" : "468001401"
      },
      "geometry" : {
        "x" : 194251.49029999971,
        "y" : 229390.71619999968
      }
    },
    {
      "attributes" : {
        "FID" : 29,
        "PMNTN_SPOT" : 63255,
        "MNTN_CODE" : "468001401",
        "MANAGE_SP1" : "02",
        "MANAGE_SP2" : "분기점",
        "DETAIL_SPO" : "분기점",
        "ETC_MATTER" : " ",
        "MNTN_NM" : "억불산",
        "PAST_SPOT_" : "4680014010030",
        "MNTN_ID" : "468001401"
      },
      "geometry" : {
        "x" : 194257.27099999972,
        "y" : 229391.85600000061
      }
    },
    {
      "attributes" : {
        "FID" : 30,
        "PMNTN_SPOT" : 63256,
        "MNTN_CODE" : "468001401",
        "MANAGE_SP1" : "02",
        "MANAGE_SP2" : "분기점",
        "DETAIL_SPO" : "분기점",
        "ETC_MATTER" : " ",
        "MNTN_NM" : "억불산",
        "PAST_SPOT_" : "4680014010031",
        "MNTN_ID" : "468001401"
      },
      "geometry" : {
        "x" : 194257.54600000009,
        "y" : 229385.98599999957
      }
    },
    {
      "attributes" : {
        "FID" : 31,
        "PMNTN_SPOT" : 63257,
        "MNTN_CODE" : "468001401",
        "MANAGE_SP1" : "02",
        "MANAGE_SP2" : "분기점",
        "DETAIL_SPO" : "분기점",
        "ETC_MATTER" : " ",
        "MNTN_NM" : "억불산",
        "PAST_SPOT_" : "4680014010032",
        "MNTN_ID" : "468001401"
      },
      "geometry" : {
        "x" : 194270.53520000074,
        "y" : 229393.31389999948
      }
    },
    {
      "attributes" : {
        "FID" : 32,
        "PMNTN_SPOT" : 63258,
        "MNTN_CODE" : "468001401",
        "MANAGE_SP1" : "02",
        "MANAGE_SP2" : "분기점",
        "DETAIL_SPO" : "분기점",
        "ETC_MATTER" : " ",
        "MNTN_NM" : "억불산",
        "PAST_SPOT_" : "4680014010033",
        "MNTN_ID" : "468001401"
      },
      "geometry" : {
        "x" : 194363.03959999979,
        "y" : 229430.29230000265
      }
    },
    {
      "attributes" : {
        "FID" : 33,
        "PMNTN_SPOT" : 63259,
        "MNTN_CODE" : "468001401",
        "MANAGE_SP1" : "02",
        "MANAGE_SP2" : "분기점",
        "DETAIL_SPO" : "분기점",
        "ETC_MATTER" : " ",
        "MNTN_NM" : "억불산",
        "PAST_SPOT_" : "4680014010034",
        "MNTN_ID" : "468001401"
      },
      "geometry" : {
        "x" : 194370.46320000105,
        "y" : 229408.15090000071
      }
    },
    {
      "attributes" : {
        "FID" : 34,
        "PMNTN_SPOT" : 63260,
        "MNTN_CODE" : "468001401",
        "MANAGE_SP1" : "02",
        "MANAGE_SP2" : "분기점",
        "DETAIL_SPO" : "분기점",
        "ETC_MATTER" : " ",
        "MNTN_NM" : "억불산",
        "PAST_SPOT_" : "4680014010035",
        "MNTN_ID" : "468001401"
      },
      "geometry" : {
        "x" : 194429.40600000136,
        "y" : 229466.1520000007
      }
    },
    {
      "attributes" : {
        "FID" : 35,
        "PMNTN_SPOT" : 63261,
        "MNTN_CODE" : "468001401",
        "MANAGE_SP1" : "01",
        "MANAGE_SP2" : "시종점",
        "DETAIL_SPO" : "시종점",
        "ETC_MATTER" : " ",
        "MNTN_NM" : "억불산",
        "PAST_SPOT_" : "4680014010036",
        "MNTN_ID" : "468001401"
      },
      "geometry" : {
        "x" : 194482.10599999875,
        "y" : 230299.58699999936
      }
    },
    {
      "attributes" : {
        "FID" : 36,
        "PMNTN_SPOT" : 63262,
        "MNTN_CODE" : "468001401",
        "MANAGE_SP1" : "02",
        "MANAGE_SP2" : "분기점",
        "DETAIL_SPO" : "분기점",
        "ETC_MATTER" : " ",
        "MNTN_NM" : "억불산",
        "PAST_SPOT_" : "4680014010037",
        "MNTN_ID" : "468001401"
      },
      "geometry" : {
        "x" : 194516.06500000041,
        "y" : 229894.64900000021
      }
    },
    {
      "attributes" : {
        "FID" : 37,
        "PMNTN_SPOT" : 63263,
        "MNTN_CODE" : "468001401",
        "MANAGE_SP1" : "01",
        "MANAGE_SP2" : "시종점",
        "DETAIL_SPO" : "시종점",
        "ETC_MATTER" : " ",
        "MNTN_NM" : "억불산",
        "PAST_SPOT_" : "4680014010038",
        "MNTN_ID" : "468001401"
      },
      "geometry" : {
        "x" : 194780.90035389364,
        "y" : 230269.07672825642
      }
    },
    {
      "attributes" : {
        "FID" : 38,
        "PMNTN_SPOT" : 63264,
        "MNTN_CODE" : "468001401",
        "MANAGE_SP1" : "02",
        "MANAGE_SP2" : "분기점",
        "DETAIL_SPO" : "분기점",
        "ETC_MATTER" : " ",
        "MNTN_NM" : "억불산",
        "PAST_SPOT_" : "4680014010039",
        "MNTN_ID" : "468001401"
      },
      "geometry" : {
        "x" : 195271.07700000051,
        "y" : 229050.12299999781
      }
    },
    {
      "attributes" : {
        "FID" : 39,
        "PMNTN_SPOT" : 63265,
        "MNTN_CODE" : "468001401",
        "MANAGE_SP1" : "01",
        "MANAGE_SP2" : "시종점",
        "DETAIL_SPO" : "시종점",
        "ETC_MATTER" : " ",
        "MNTN_NM" : "억불산",
        "PAST_SPOT_" : "4680014010040",
        "MNTN_ID" : "468001401"
      },
      "geometry" : {
        "x" : 196158.80130000133,
        "y" : 229395.11119999923
      }
    },
    {
      "attributes" : {
        "FID" : 40,
        "PMNTN_SPOT" : 63266,
        "MNTN_CODE" : "468001401",
        "MANAGE_SP1" : "01",
        "MANAGE_SP2" : "시종점",
        "DETAIL_SPO" : "시종점",
        "ETC_MATTER" : " ",
        "MNTN_NM" : "억불산",
        "PAST_SPOT_" : "4680014010041",
        "MNTN_ID" : "468001401"
      },
      "geometry" : {
        "x" : 196413.22800000012,
        "y" : 228937.0848000031
      }
    },
    {
      "attributes" : {
        "FID" : 41,
        "PMNTN_SPOT" : 63267,
        "MNTN_CODE" : "468001401",
        "MANAGE_SP1" : "01",
        "MANAGE_SP2" : "시종점",
        "DETAIL_SPO" : "시종점",
        "ETC_MATTER" : " ",
        "MNTN_NM" : "억불산",
        "PAST_SPOT_" : "4680014010042",
        "MNTN_ID" : "468001401"
      },
      "geometry" : {
        "x" : 196595.20901139174,
        "y" : 227571.44073864073
      }
    },
    {
      "attributes" : {
        "FID" : 42,
        "PMNTN_SPOT" : 63268,
        "MNTN_CODE" : "468001401",
        "MANAGE_SP1" : "01",
        "MANAGE_SP2" : "시종점",
        "DETAIL_SPO" : "시종점",
        "ETC_MATTER" : " ",
        "MNTN_NM" : "억불산",
        "PAST_SPOT_" : "4680014010043",
        "MNTN_ID" : "468001401"
      },
      "geometry" : {
        "x" : 192968.88530000113,
        "y" : 228031.47739999928
      }
    },
    {
      "attributes" : {
        "FID" : 43,
        "PMNTN_SPOT" : 63269,
        "MNTN_CODE" : "468001401",
        "MANAGE_SP1" : "02",
        "MANAGE_SP2" : "분기점",
        "DETAIL_SPO" : "분기점",
        "ETC_MATTER" : " ",
        "MNTN_NM" : "억불산",
        "PAST_SPOT_" : "4680014010044",
        "MNTN_ID" : "468001401"
      },
      "geometry" : {
        "x" : 194688.56590000167,
        "y" : 228630.24640000239
      }
    }
  ]
}