{
  "displayFieldName" : "",
  "fieldAliases" : {
    "FID" : "FID",
    "PMNTN_SPOT" : "PMNTN_SPOT",
    "MNTN_CODE" : "MNTN_CODE",
    "MANAGE_SP1" : "MANAGE_SP1",
    "MANAGE_SP2" : "MANAGE_SP2",
    "DETAIL_SPO" : "DETAIL_SPO",
    "ETC_MATTER" : "ETC_MATTER",
    "MNTN_NM" : "MNTN_NM",
    "PAST_SPOT_" : "PAST_SPOT_",
    "MNTN_ID" : "MNTN_ID"
  },
  "geometryType" : "esriGeometryPoint",
  "spatialReference" : {
    "wkt" : "PROJCS[\"PCS_ITRF2000_TM\",GEOGCS[\"GCS_ITRF_2000\",DATUM[\"D_ITRF_2000\",SPHEROID[\"GRS_1980\",6378137.0,298.257222101]],PRIMEM[\"Greenwich\",0.0],UNIT[\"Degree\",0.0174532925199433]],PROJECTION[\"Transverse_Mercator\"],PARAMETER[\"False_Easting\",200000.0],PARAMETER[\"False_Northing\",600000.0],PARAMETER[\"Central_Meridian\",127.0],PARAMETER[\"Scale_Factor\",1.0],PARAMETER[\"Latitude_Of_Origin\",38.0],UNIT[\"Meter\",1.0]]"
  },
  "fields" : [
    {
      "name" : "FID",
      "type" : "esriFieldTypeOID",
      "alias" : "FID"
    },
    {
      "name" : "PMNTN_SPOT",
      "type" : "esriFieldTypeDouble",
      "alias" : "PMNTN_SPOT"
    },
    {
      "name" : "MNTN_CODE",
      "type" : "esriFieldTypeString",
      "alias" : "MNTN_CODE",
      "length" : 9
    },
    {
      "name" : "MANAGE_SP1",
      "type" : "esriFieldTypeString",
      "alias" : "MANAGE_SP1",
      "length" : 2
    },
    {
      "name" : "MANAGE_SP2",
      "type" : "esriFieldTypeString",
      "alias" : "MANAGE_SP2",
      "length" : 50
    },
    {
      "name" : "DETAIL_SPO",
      "type" : "esriFieldTypeString",
      "alias" : "DETAIL_SPO",
      "length" : 200
    },
    {
      "name" : "ETC_MATTER",
      "type" : "esriFieldTypeString",
      "alias" : "ETC_MATTER",
      "length" : 200
    },
    {
      "name" : "MNTN_NM",
      "type" : "esriFieldTypeString",
      "alias" : "MNTN_NM",
      "length" : 50
    },
    {
      "name" : "PAST_SPOT_",
      "type" : "esriFieldTypeString",
      "alias" : "PAST_SPOT_",
      "length" : 14
    },
    {
      "name" : "MNTN_ID",
      "type" : "esriFieldTypeString",
      "alias" : "MNTN_ID",
      "length" : 10
    }
  ],
  "features" : [
    {
      "attributes" : {
        "FID" : 0,
        "PMNTN_SPOT" : 32806,
        "MNTN_CODE" : "427708301",
        "MANAGE_SP1" : "99",
        "MANAGE_SP2" : "기타",
        "DETAIL_SPO" : "나무계단끝",
        "ETC_MATTER" : "나무계단끝",
        "MNTN_NM" : "반론산",
        "PAST_SPOT_" : "22110417020001",
        "MNTN_ID" : "2211041702"
      },
      "geometry" : {
        "x" : 355600.46380001027,
        "y" : 539750.37690000422
      }
    },
    {
      "attributes" : {
        "FID" : 1,
        "PMNTN_SPOT" : 32807,
        "MNTN_CODE" : "427708301",
        "MANAGE_SP1" : "10",
        "MANAGE_SP2" : "이정표",
        "DETAIL_SPO" : "이정표",
        "ETC_MATTER" : " ",
        "MNTN_NM" : "반론산",
        "PAST_SPOT_" : "22110417020002",
        "MNTN_ID" : "2211041702"
      },
      "geometry" : {
        "x" : 355011.73410001118,
        "y" : 538501.96000000462
      }
    },
    {
      "attributes" : {
        "FID" : 2,
        "PMNTN_SPOT" : 32808,
        "MNTN_CODE" : "427708301",
        "MANAGE_SP1" : "10",
        "MANAGE_SP2" : "이정표",
        "DETAIL_SPO" : "이정표",
        "ETC_MATTER" : " ",
        "MNTN_NM" : "반론산",
        "PAST_SPOT_" : "22110417020003",
        "MNTN_ID" : "2211041702"
      },
      "geometry" : {
        "x" : 355145.15820001252,
        "y" : 538965.80430000275
      }
    },
    {
      "attributes" : {
        "FID" : 3,
        "PMNTN_SPOT" : 32809,
        "MNTN_CODE" : "427708301",
        "MANAGE_SP1" : "10",
        "MANAGE_SP2" : "이정표",
        "DETAIL_SPO" : "이정표",
        "ETC_MATTER" : " ",
        "MNTN_NM" : "반론산",
        "PAST_SPOT_" : "22110417020004",
        "MNTN_ID" : "2211041702"
      },
      "geometry" : {
        "x" : 355202.05550000817,
        "y" : 539112.90030000173
      }
    },
    {
      "attributes" : {
        "FID" : 4,
        "PMNTN_SPOT" : 32810,
        "MNTN_CODE" : "427708301",
        "MANAGE_SP1" : "10",
        "MANAGE_SP2" : "이정표",
        "DETAIL_SPO" : "이정표",
        "ETC_MATTER" : " ",
        "MNTN_NM" : "반론산",
        "PAST_SPOT_" : "22110417020005",
        "MNTN_ID" : "2211041702"
      },
      "geometry" : {
        "x" : 355181.04720001016,
        "y" : 539485.10019999929
      }
    },
    {
      "attributes" : {
        "FID" : 5,
        "PMNTN_SPOT" : 32811,
        "MNTN_CODE" : "427708301",
        "MANAGE_SP1" : "10",
        "MANAGE_SP2" : "이정표",
        "DETAIL_SPO" : "이정표",
        "ETC_MATTER" : " ",
        "MNTN_NM" : "반론산",
        "PAST_SPOT_" : "22110417020006",
        "MNTN_ID" : "2211041702"
      },
      "geometry" : {
        "x" : 355209.2391000092,
        "y" : 539781.52080000192
      }
    },
    {
      "attributes" : {
        "FID" : 6,
        "PMNTN_SPOT" : 32812,
        "MNTN_CODE" : "427708301",
        "MANAGE_SP1" : "99",
        "MANAGE_SP2" : "기타",
        "DETAIL_SPO" : "나무계단",
        "ETC_MATTER" : "나무계단시작",
        "MNTN_NM" : "반론산",
        "PAST_SPOT_" : "22110417020007",
        "MNTN_ID" : "2211041702"
      },
      "geometry" : {
        "x" : 355497.99240001198,
        "y" : 539815.12330000475
      }
    },
    {
      "attributes" : {
        "FID" : 7,
        "PMNTN_SPOT" : 32813,
        "MNTN_CODE" : "427708301",
        "MANAGE_SP1" : "99",
        "MANAGE_SP2" : "기타",
        "DETAIL_SPO" : "전망대",
        "ETC_MATTER" : "이정표,소나무있음",
        "MNTN_NM" : "반론산",
        "PAST_SPOT_" : "22110417020008",
        "MNTN_ID" : "2211041702"
      },
      "geometry" : {
        "x" : 355595.06760001089,
        "y" : 539766.28810000047
      }
    },
    {
      "attributes" : {
        "FID" : 8,
        "PMNTN_SPOT" : 32814,
        "MNTN_CODE" : "427708301",
        "MANAGE_SP1" : "01",
        "MANAGE_SP2" : "시종점",
        "DETAIL_SPO" : "시종점",
        "ETC_MATTER" : " ",
        "MNTN_NM" : "반론산",
        "PAST_SPOT_" : "22110417020009",
        "MNTN_ID" : "2211041702"
      },
      "geometry" : {
        "x" : 355025.44760001078,
        "y" : 538450.51630000584
      }
    },
    {
      "attributes" : {
        "FID" : 9,
        "PMNTN_SPOT" : 32815,
        "MNTN_CODE" : "427708301",
        "MANAGE_SP1" : "23",
        "MANAGE_SP2" : "정상",
        "DETAIL_SPO" : "정상",
        "ETC_MATTER" : "삼각점있음",
        "MNTN_NM" : "반론산",
        "PAST_SPOT_" : "22110417020010",
        "MNTN_ID" : "2211041702"
      },
      "geometry" : {
        "x" : 355594.60630000941,
        "y" : 539725.58170000277
      }
    }
  ]
}