{
  "displayFieldName" : "",
  "fieldAliases" : {
    "FID" : "FID",
    "PMNTN_SN" : "PMNTN_SN",
    "MNTN_CODE" : "MNTN_CODE",
    "MNTN_NM" : "MNTN_NM",
    "PMNTN_NM" : "PMNTN_NM",
    "PMNTN_MAIN" : "PMNTN_MAIN",
    "PMNTN_LT" : "PMNTN_LT",
    "PMNTN_DFFL" : "PMNTN_DFFL",
    "PMNTN_UPPL" : "PMNTN_UPPL",
    "PMNTN_GODN" : "PMNTN_GODN",
    "PMNTN_MTRQ" : "PMNTN_MTRQ",
    "PMNTN_CNRL" : "PMNTN_CNRL",
    "PMNTN_CLS_" : "PMNTN_CLS_",
    "PMNTN_RISK" : "PMNTN_RISK",
    "PMNTN_RECO" : "PMNTN_RECO",
    "DATA_STDR_" : "DATA_STDR_",
    "MNTN_ID" : "MNTN_ID"
  },
  "geometryType" : "esriGeometryPolyline",
  "spatialReference" : {
    "wkt" : "PROJCS[\"PCS_ITRF2000_TM\",GEOGCS[\"GCS_ITRF_2000\",DATUM[\"D_ITRF_2000\",SPHEROID[\"GRS_1980\",6378137.0,298.257222101]],PRIMEM[\"Greenwich\",0.0],UNIT[\"Degree\",0.0174532925199433]],PROJECTION[\"Transverse_Mercator\"],PARAMETER[\"False_Easting\",200000.0],PARAMETER[\"False_Northing\",600000.0],PARAMETER[\"Central_Meridian\",127.0],PARAMETER[\"Scale_Factor\",1.0],PARAMETER[\"Latitude_Of_Origin\",38.0],UNIT[\"Meter\",1.0]]"
  },
  "fields" : [
    {
      "name" : "FID",
      "type" : "esriFieldTypeOID",
      "alias" : "FID"
    },
    {
      "name" : "PMNTN_SN",
      "type" : "esriFieldTypeDouble",
      "alias" : "PMNTN_SN"
    },
    {
      "name" : "MNTN_CODE",
      "type" : "esriFieldTypeString",
      "alias" : "MNTN_CODE",
      "length" : 9
    },
    {
      "name" : "MNTN_NM",
      "type" : "esriFieldTypeString",
      "alias" : "MNTN_NM",
      "length" : 50
    },
    {
      "name" : "PMNTN_NM",
      "type" : "esriFieldTypeString",
      "alias" : "PMNTN_NM",
      "length" : 50
    },
    {
      "name" : "PMNTN_MAIN",
      "type" : "esriFieldTypeString",
      "alias" : "PMNTN_MAIN",
      "length" : 200
    },
    {
      "name" : "PMNTN_LT",
      "type" : "esriFieldTypeSingle",
      "alias" : "PMNTN_LT"
    },
    {
      "name" : "PMNTN_DFFL",
      "type" : "esriFieldTypeString",
      "alias" : "PMNTN_DFFL",
      "length" : 8
    },
    {
      "name" : "PMNTN_UPPL",
      "type" : "esriFieldTypeDouble",
      "alias" : "PMNTN_UPPL"
    },
    {
      "name" : "PMNTN_GODN",
      "type" : "esriFieldTypeDouble",
      "alias" : "PMNTN_GODN"
    },
    {
      "name" : "PMNTN_MTRQ",
      "type" : "esriFieldTypeString",
      "alias" : "PMNTN_MTRQ",
      "length" : 200
    },
    {
      "name" : "PMNTN_CNRL",
      "type" : "esriFieldTypeString",
      "alias" : "PMNTN_CNRL",
      "length" : 1
    },
    {
      "name" : "PMNTN_CLS_",
      "type" : "esriFieldTypeString",
      "alias" : "PMNTN_CLS_",
      "length" : 1
    },
    {
      "name" : "PMNTN_RISK",
      "type" : "esriFieldTypeString",
      "alias" : "PMNTN_RISK",
      "length" : 200
    },
    {
      "name" : "PMNTN_RECO",
      "type" : "esriFieldTypeString",
      "alias" : "PMNTN_RECO",
      "length" : 1
    },
    {
      "name" : "DATA_STDR_",
      "type" : "esriFieldTypeString",
      "alias" : "DATA_STDR_",
      "length" : 10
    },
    {
      "name" : "MNTN_ID",
      "type" : "esriFieldTypeString",
      "alias" : "MNTN_ID",
      "length" : 10
    }
  ],
  "features" : [
    {
      "attributes" : {
        "FID" : 0,
        "PMNTN_SN" : 18800,
        "MNTN_CODE" : "481703304",
        "MNTN_NM" : "물박물관",
        "PMNTN_NM" : "삼계리구간",
        "PMNTN_MAIN" : " ",
        "PMNTN_LT" : 0.11,
        "PMNTN_DFFL" : "쉬움",
        "PMNTN_UPPL" : 2,
        "PMNTN_GODN" : 1,
        "PMNTN_MTRQ" : " ",
        "PMNTN_CNRL" : " ",
        "PMNTN_CLS_" : " ",
        "PMNTN_RISK" : " ",
        "PMNTN_RECO" : " ",
        "DATA_STDR_" : "2016-12-31",
        "MNTN_ID" : "481701001"
      },
      "geometry" : {
        "paths" : [
          [
            [
              295525.71559999976,
              285013.45550000109
            ],
            [
              295522.38330000173,
              285006.31430000067
            ],
            [
              295525.71050000098,
              284996.57810000144
            ],
            [
              295528.86650000047,
              284986.31550000049
            ],
            [
              295531.08770000003,
              284976.8973999992
            ],
            [
              295533.86830000021,
              284964.5530999992
            ],
            [
              295536.67430000007,
              284958.11680000089
            ],
            [
              295538.5129000023,
              284951.66799999774
            ],
            [
              295542.38080000039,
              284948.06680000201
            ],
            [
              295549.54870000109,
              284946.85969999991
            ],
            [
              295558.45450000186,
              284946.61930000409
            ],
            [
              295564.722000001,
              284943.40990000218
            ],
            [
              295568.9803000018,
              284939.90410000086
            ],
            [
              295572.73920000065,
              284935.85139999911
            ],
            [
              295574.43510000128,
              284933.11110000126
            ]
          ]
        ]
      }
    },
    {
      "attributes" : {
        "FID" : 1,
        "PMNTN_SN" : 18801,
        "MNTN_CODE" : "481703304",
        "MNTN_NM" : "물박물관",
        "PMNTN_NM" : " ",
        "PMNTN_MAIN" : " ",
        "PMNTN_LT" : 0.68,
        "PMNTN_DFFL" : "쉬움",
        "PMNTN_UPPL" : 12,
        "PMNTN_GODN" : 8,
        "PMNTN_MTRQ" : " ",
        "PMNTN_CNRL" : " ",
        "PMNTN_CLS_" : " ",
        "PMNTN_RISK" : " ",
        "PMNTN_RECO" : " ",
        "DATA_STDR_" : "2016-12-31",
        "MNTN_ID" : "481701001"
      },
      "geometry" : {
        "paths" : [
          [
            [
              295525.71559999976,
              285013.45550000109
            ],
            [
              295528.64820000064,
              285013.48060000129
            ],
            [
              295532.55580000021,
              285014.33960000053
            ],
            [
              295536.66540000122,
              285016.64950000122
            ],
            [
              295540.24600000028,
              285020.72069999762
            ],
            [
              295544.62530000042,
              285025.01270000078
            ],
            [
              295547.93859999999,
              285027.55849999748
            ],
            [
              295553.38190000039,
              285030.31010000221
            ],
            [
              295556.48580000084,
              285034.82370000146
            ],
            [
              295558.25150000025,
              285037.07290000282
            ],
            [
              295562.04160000011,
              285041.23420000076
            ],
            [
              295565.03310000058,
              285044.65310000256
            ],
            [
              295567.88380000088,
              285046.80360000208
            ],
            [
              295572.75510000065,
              285048.2873999998
            ],
            [
              295580.41820000019,
              285047.2172000017
            ],
            [
              295589.3928000005,
              285045.08040000126
            ],
            [
              295598.69680000097,
              285043.70880000107
            ],
            [
              295602.21380000003,
              285042.94360000081
            ],
            [
              295605.59910000116,
              285041.73670000024
            ],
            [
              295612.45100000128,
              285038.57550000027
            ],
            [
              295615.46200000029,
              285037.38790000416
            ],
            [
              295622.16000000015,
              285035.34930000082
            ],
            [
              295628.28290000092,
              285033.96900000423
            ],
            [
              295634.12240000069,
              285032.65699999966
            ],
            [
              295637.83350000065,
              285032.24690000154
            ],
            [
              295641.81280000042,
              285033.08459999971
            ],
            [
              295646.68090000097,
              285036.89030000009
            ],
            [
              295649.72490000073,
              285037.88750000112
            ],
            [
              295655.63419999927,
              285038.24260000139
            ],
            [
              295661.07370000146,
              285039.4157000035
            ],
            [
              295663.7948000012,
              285040.43080000207
            ],
            [
              295666.89060000144,
              285042.21089999937
            ],
            [
              295669.78050000221,
              285044.65579999983
            ],
            [
              295672.48340000026,
              285048.97790000029
            ],
            [
              295673.3104000017,
              285058.23770000227
            ],
            [
              295675.07309999969,
              285062.74850000255
            ],
            [
              295678.71190000139,
              285068.58540000208
            ],
            [
              295683.76590000186,
              285077.72330000065
            ],
            [
              295686.83180000074,
              285082.26109999977
            ],
            [
              295689.94450000022,
              285085.92530000024
            ],
            [
              295693.22950000037,
              285089.25080000237
            ],
            [
              295696.62280000094,
              285092.1732000038
            ],
            [
              295700.0800999999,
              285094.65460000187
            ],
            [
              295704.1650000019,
              285097.20329999924
            ],
            [
              295707.32899999991,
              285098.87650000118
            ],
            [
              295710.22950000037,
              285100.02200000174
            ],
            [
              295713.9812000012,
              285100.69190000184
            ],
            [
              295717.5270999996,
              285100.50600000098
            ],
            [
              295726.57660000026,
              285098.50090000406
            ],
            [
              295745.80800000019,
              285094.65460000187
            ],
            [
              295760.14419999998,
              285091.36910000257
            ],
            [
              295764.08279999997,
              285090.85950000212
            ],
            [
              295767.60360000003,
              285090.80840000138
            ],
            [
              295771.73970000073,
              285091.37490000017
            ],
            [
              295782.13389999978,
              285093.79989999905
            ],
            [
              295792.6444000015,
              285095.54920000397
            ],
            [
              295795.91000000108,
              285095.7191000022
            ],
            [
              295798.80110000074,
              285095.5094000008
            ],
            [
              295803.30179999955,
              285094.47169999965
            ],
            [
              295808.63050000183,
              285092.51780000143
            ],
            [
              295812.19639999978,
              285090.80510000139
            ],
            [
              295815.92800000031,
              285088.55870000273
            ],
            [
              295819.90570000093,
              285085.74280000106
            ],
            [
              295824.8702999996,
              285081.8337000031
            ],
            [
              295828.55389999971,
              285078.48120000027
            ],
            [
              295835.97880000062,
              285070.57650000229
            ],
            [
              295839.40070000011,
              285067.30330000259
            ],
            [
              295843.3124000011,
              285064.03820000403
            ],
            [
              295847.60879999958,
              285060.72340000048
            ],
            [
              295857.77730000205,
              285053.62770000286
            ],
            [
              295864.85869999882,
              285048.96729999967
            ],
            [
              295869.64090000093,
              285046.02860000357
            ],
            [
              295874.11089999974,
              285043.58860000037
            ],
            [
              295878.29080000054,
              285041.66150000133
            ],
            [
              295884.68080000114,
              285039.3647000026
            ],
            [
              295893.24849999975,
              285036.96050000191
            ],
            [
              295902.00829999894,
              285034.65610000119
            ],
            [
              295906.08850000054,
              285034.06870000064
            ],
            [
              295911.12399999984,
              285034.14910000004
            ],
            [
              295915.28740000166,
              285034.87250000052
            ],
            [
              295919.89489999972,
              285036.12710000202
            ],
            [
              295926.15550000127,
              285038.24260000139
            ],
            [
              295928.75339999981,
              285039.40400000103
            ],
            [
              295935.51800000202,
              285043.1688000001
            ],
            [
              295938.47940000053,
              285044.07160000131
            ],
            [
              295942.04760000017,
              285044.02160000242
            ],
            [
              295945.0326000005,
              285043.12950000167
            ],
            [
              295947.9355000006,
              285041.82050000131
            ],
            [
              295954.78890000004,
              285038.24260000139
            ],
            [
              295959.42239999864,
              285035.86390000023
            ],
            [
              295964.40660000034,
              285032.91770000011
            ],
            [
              295978.72130000126,
              285023.28490000218
            ],
            [
              295984.39199999999,
              285018.92669999786
            ],
            [
              295988.50030000042,
              285016.88780000433
            ],
            [
              295992.46300000045,
              285015.90260000154
            ],
            [
              295995.38760000188,
              285015.60440000333
            ],
            [
              295999.51340000145,
              285015.71230000444
            ],
            [
              296003.14230000041,
              285016.36519999802
            ],
            [
              296009.91880000103,
              285018.58390000276
            ],
            [
              296015.84670000058,
              285021.01110000163
            ],
            [
              296022.92510000058,
              285024.87370000035
            ],
            [
              296030.4011000013,
              285030.90000000037
            ],
            [
              296035.04700000025,
              285031.63240000419
            ],
            [
              296042.39850000106,
              285029.26799999923
            ],
            [
              296045.43800000008,
              285028.0783000011
            ],
            [
              296052.30150000006,
              285024.89189999923
            ],
            [
              296055.64680000022,
              285023.71220000088
            ],
            [
              296060.18319999985,
              285022.70910000056
            ],
            [
              296065.07259999961,
              285022.08670000359
            ],
            [
              296070.27780000027,
              285021.85019999929
            ],
            [
              296075.73290000111,
              285022.00280000269
            ],
            [
              296079.7462000018,
              285022.39760000072
            ],
            [
              296083.98390000034,
              285023.09520000033
            ],
            [
              296088.46820000187,
              285024.09919999912
            ],
            [
              296094.4040000001,
              285025.8318000026
            ],
            [
              296098.04450000171,
              285027.38819999993
            ],
            [
              296106.08770000003,
              285031.90140000358
            ],
            [
              296109.10480000172,
              285033.41740000062
            ],
            [
              296112.17230000161,
              285034.59219999984
            ],
            [
              296115.05030000024,
              285035.25110000372
            ],
            [
              296119.75129999965,
              285035.67840000242
            ]
          ]
        ]
      }
    },
    {
      "attributes" : {
        "FID" : 2,
        "PMNTN_SN" : 18802,
        "MNTN_CODE" : "481703304",
        "MNTN_NM" : "물박물관",
        "PMNTN_NM" : "삼계리구간",
        "PMNTN_MAIN" : " ",
        "PMNTN_LT" : 0.61,
        "PMNTN_DFFL" : "쉬움",
        "PMNTN_UPPL" : 11,
        "PMNTN_GODN" : 8,
        "PMNTN_MTRQ" : " ",
        "PMNTN_CNRL" : " ",
        "PMNTN_CLS_" : " ",
        "PMNTN_RISK" : " ",
        "PMNTN_RECO" : " ",
        "DATA_STDR_" : "2016-12-31",
        "MNTN_ID" : "481701001"
      },
      "geometry" : {
        "paths" : [
          [
            [
              295029.11890000012,
              285027.9859000016
            ],
            [
              295028.59759999905,
              285024.93319999985
            ],
            [
              295026.09920000099,
              285021.31180000305
            ],
            [
              295020.85250000097,
              285015.38979999907
            ],
            [
              295018.86209999956,
              285012.60079999827
            ],
            [
              295014.31419999991,
              285004.66960000433
            ],
            [
              295012.51319999993,
              285000.63160000183
            ],
            [
              295010.53480000049,
              284994.03790000267
            ],
            [
              295009.88750000019,
              284989.52310000174
            ],
            [
              295010.00400000066,
              284986.45400000364
            ],
            [
              295011.16959999967,
              284978.41170000099
            ],
            [
              295011.22829999868,
              284975.1043000035
            ],
            [
              295011.0800999999,
              284971.40709999949
            ],
            [
              295009.88750000019,
              284958.3256000001
            ],
            [
              295008.17800000124,
              284938.23949999921
            ],
            [
              295007.3487000009,
              284927.56770000421
            ],
            [
              295006.18180000037,
              284921.04520000145
            ],
            [
              295003.74390000198,
              284913.95130000263
            ],
            [
              295003.91050000023,
              284908.83590000123
            ],
            [
              295005.50890000071,
              284904.28309999965
            ],
            [
              295009.23469999991,
              284898.98330000415
            ],
            [
              295013.0746000018,
              284896.55550000072
            ],
            [
              295017.22619999945,
              284895.65140000172
            ],
            [
              295021.29430000111,
              284895.38979999907
            ],
            [
              295024.91770000011,
              284895.79980000108
            ],
            [
              295028.37270000204,
              284897.21820000373
            ],
            [
              295033.03990000021,
              284900.89120000415
            ],
            [
              295036.81330000143,
              284899.97170000337
            ],
            [
              295038.13290000055,
              284896.00690000132
            ],
            [
              295037.28530000057,
              284891.79329999909
            ],
            [
              295034.67460000049,
              284888.23790000007
            ],
            [
              295031.09619999956,
              284882.74270000122
            ],
            [
              295026.47439999972,
              284875.17960000038
            ],
            [
              295022.76379999984,
              284867.95610000007
            ],
            [
              295021.22220000159,
              284865.30560000241
            ],
            [
              295018.82060000021,
              284861.89920000359
            ],
            [
              295015.33980000112,
              284857.53250000067
            ],
            [
              295011.06549999956,
              284852.21350000054
            ],
            [
              295008.90580000076,
              284850.13720000163
            ],
            [
              295005.14279999956,
              284847.79600000381
            ],
            [
              294999.16330000013,
              284845.34750000015
            ],
            [
              294993.29629999958,
              284842.78250000253
            ],
            [
              294988.43880000059,
              284841.29600000195
            ],
            [
              294984.28110000025,
              284840.6707000006
            ],
            [
              294975.21349999961,
              284840.30550000072
            ],
            [
              294967.02450000122,
              284839.92840000428
            ],
            [
              294963.3247000007,
              284840.16330000386
            ],
            [
              294956.42690000217,
              284841.63330000266
            ],
            [
              294953.12839999981,
              284844.21939999983
            ],
            [
              294951.05370000191,
              284847.6585000027
            ],
            [
              294949.15010000113,
              284851.54980000108
            ],
            [
              294947.42530000117,
              284857.23980000243
            ],
            [
              294946.43180000037,
              284865.51570000127
            ],
            [
              294945.39080000017,
              284870.88040000014
            ],
            [
              294943.70070000086,
              284878.12080000341
            ],
            [
              294942.40990000218,
              284884.47000000253
            ],
            [
              294938.86649999954,
              284886.85270000435
            ],
            [
              294935.38260000106,
              284884.2162000034
            ],
            [
              294934.4570000004,
              284877.28050000221
            ],
            [
              294932.32310000062,
              284870.01529999822
            ],
            [
              294931.72589999996,
              284867.19639999792
            ],
            [
              294931.42949999962,
              284863.21210000105
            ],
            [
              294931.51580000017,
              284857.32239999995
            ],
            [
              294931.74290000089,
              284850.78150000237
            ],
            [
              294932.35610000137,
              284846.6080000028
            ],
            [
              294933.14300000016,
              284843.73990000226
            ],
            [
              294934.11770000122,
              284841.03619999997
            ],
            [
              294935.90940000024,
              284837.43220000155
            ],
            [
              294939.01270000078,
              284833.01710000262
            ],
            [
              294942.53949999996,
              284829.79370000027
            ],
            [
              294945.82529999968,
              284828.09659999982
            ],
            [
              294955.06049999967,
              284825.40150000155
            ],
            [
              294966.3900000006,
              284820.55740000121
            ],
            [
              294974.36330000125,
              284818.0307
            ],
            [
              294982.1464000009,
              284816.35570000298
            ],
            [
              294985.23550000135,
              284816.02540000156
            ],
            [
              294992.2714999998,
              284815.71240000241
            ],
            [
              294995.38170000073,
              284815.30530000106
            ],
            [
              295003.27830000035,
              284813.02980000153
            ],
            [
              295007.87260000221,
              284812.51469999924
            ],
            [
              295012.39859999903,
              284812.57420000434
            ],
            [
              295015.74199999962,
              284812.908400001
            ],
            [
              295023.03239999991,
              284814.26930000074
            ],
            [
              295026.26429999992,
              284814.67510000058
            ],
            [
              295031.2276000008,
              284814.93270000257
            ],
            [
              295035.29800000135,
              284814.88510000147
            ],
            [
              295038.94379999954,
              284814.46050000191
            ],
            [
              295048.95350000076,
              284812.57420000434
            ],
            [
              295062.18890000135,
              284811.73390000314
            ],
            [
              295072.90320000052,
              284809.84310000204
            ],
            [
              295078.66839999985,
              284809.22140000015
            ],
            [
              295082.3900000006,
              284808.05370000005
            ],
            [
              295088.02939999942,
              284804.59100000188
            ],
            [
              295092.5019000005,
              284802.08280000091
            ],
            [
              295096.22269999981,
              284801.0195000004
            ],
            [
              295099.17950000055,
              284800.86240000278
            ],
            [
              295103.00019999966,
              284801.62280000001
            ],
            [
              295107.17040000111,
              284803.83840000071
            ],
            [
              295111.5588999996,
              284807.95230000094
            ],
            [
              295114.77240000106,
              284809.75819999911
            ],
            [
              295116.77210000064,
              284806.70160000212
            ],
            [
              295114.71019999962,
              284802.28000000119
            ],
            [
              295112.94820000231,
              284797.98790000007
            ],
            [
              295111.32789999992,
              284794.88409999944
            ],
            [
              295108.32899999991,
              284790.96189999953
            ],
            [
              295107.18980000168,
              284788.06750000268
            ],
            [
              295106.93709999975,
              284782.3219000008
            ],
            [
              295106.25570000056,
              284777.57600000314
            ],
            [
              295105.25640000124,
              284772.86810000241
            ]
          ]
        ]
      }
    },
    {
      "attributes" : {
        "FID" : 3,
        "PMNTN_SN" : 18803,
        "MNTN_CODE" : "481703304",
        "MNTN_NM" : "물박물관",
        "PMNTN_NM" : " ",
        "PMNTN_MAIN" : " ",
        "PMNTN_LT" : 0.51,
        "PMNTN_DFFL" : "쉬움",
        "PMNTN_UPPL" : 9,
        "PMNTN_GODN" : 6,
        "PMNTN_MTRQ" : " ",
        "PMNTN_CNRL" : " ",
        "PMNTN_CLS_" : " ",
        "PMNTN_RISK" : " ",
        "PMNTN_RECO" : " ",
        "DATA_STDR_" : "2016-12-31",
        "MNTN_ID" : "481701001"
      },
      "geometry" : {
        "paths" : [
          [
            [
              295029.11890000012,
              285027.9859000016
            ],
            [
              295033.45340000093,
              285029.59110000171
            ],
            [
              295037.81850000098,
              285030.90960000455
            ],
            [
              295042.21430000011,
              285031.94160000049
            ],
            [
              295046.64080000017,
              285032.68689999916
            ],
            [
              295051.94520000089,
              285033.1240000017
            ],
            [
              295057.80750000197,
              285033.06560000032
            ],
            [
              295064.34720000159,
              285032.52400000207
            ],
            [
              295072.70999999996,
              285031.40480000153
            ],
            [
              295078.17450000066,
              285030.31940000318
            ],
            [
              295090.33060000092,
              285027.0351000037
            ],
            [
              295095.78760000039,
              285025.84909999929
            ],
            [
              295101.65460000094,
              285024.95200000145
            ],
            [
              295107.84020000231,
              285024.2303000018
            ],
            [
              295121.42950000148,
              285023.28490000218
            ],
            [
              295132.33580000047,
              285023.0083000008
            ],
            [
              295141.08820000011,
              285023.28490000218
            ],
            [
              295146.14690000098,
              285023.83720000088
            ],
            [
              295157.16080000065,
              285025.66250000149
            ],
            [
              295162.0290000001,
              285026.27639999986
            ],
            [
              295174.28210000135,
              285027.09280000255
            ],
            [
              295185.10670000222,
              285027.13120000437
            ],
            [
              295191.78280000016,
              285026.52250000276
            ],
            [
              295206.70730000082,
              285024.16260000132
            ],
            [
              295213.31269999966,
              285023.71220000088
            ],
            [
              295218.18209999986,
              285023.85249999911
            ],
            [
              295223.60290000215,
              285024.31750000268
            ],
            [
              295240.6640000008,
              285026.70380000211
            ],
            [
              295254.76700000092,
              285028.84060000256
            ],
            [
              295265.06929999962,
              285031.58400000259
            ],
            [
              295268.64180000126,
              285031.8732999973
            ],
            [
              295272.52740000002,
              285031.06640000083
            ],
            [
              295275.53980000224,
              285029.51179999858
            ],
            [
              295278.19099999964,
              285027.67640000023
            ],
            [
              295285.53720000014,
              285022.00280000269
            ],
            [
              295293.45540000033,
              285016.02390000224
            ],
            [
              295296.64860000089,
              285013.88290000334
            ],
            [
              295303.34729999956,
              285010.20460000448
            ],
            [
              295306.27290000021,
              285008.9028000012
            ],
            [
              295309.04220000096,
              285007.89979999885
            ],
            [
              295313.68549999967,
              285006.66830000095
            ],
            [
              295318.41750000045,
              285005.8842999991
            ],
            [
              295323.04350000061,
              285005.57950000465
            ],
            [
              295327.4188000001,
              285005.76300000399
            ],
            [
              295330.62210000213,
              285006.33610000275
            ],
            [
              295334.13730000053,
              285007.44999999925
            ],
            [
              295344.70720000099,
              285012.16600000113
            ],
            [
              295347.93230000138,
              285013.45550000109
            ],
            [
              295360.4944000002,
              285017.98880000226
            ],
            [
              295368.01839999948,
              285020.29330000095
            ],
            [
              295378.55540000089,
              285022.75400000252
            ],
            [
              295383.24490000028,
              285023.57209999859
            ],
            [
              295387.6771000009,
              285024.13959999755
            ],
            [
              295393.93510000035,
              285024.63990000077
            ],
            [
              295399.75990000181,
              285024.8060999997
            ],
            [
              295405.21540000197,
              285024.63959999941
            ],
            [
              295410.32739999983,
              285024.13959999755
            ],
            [
              295413.56110000145,
              285023.57430000044
            ],
            [
              295417.13330000173,
              285022.69860000163
            ],
            [
              295432.1230000006,
              285018.15650000051
            ],
            [
              295450.67009999976,
              285014.20600000024
            ],
            [
              295458.19209999871,
              285012.1734000016
            ],
            [
              295461.50340000074,
              285010.87629999965
            ],
            [
              295470.43039999995,
              285006.6734000016
            ],
            [
              295474.4532000022,
              285005.55460000038
            ],
            [
              295478.35390000138,
              285005.3078000024
            ],
            [
              295481.34060000163,
              285005.67119999975
            ],
            [
              295492.80860000011,
              285008.32709999941
            ],
            [
              295512.4673999995,
              285011.7461000029
            ],
            [
              295522.45689999964,
              285013.96429999731
            ],
            [
              295525.71559999976,
              285013.45550000109
            ]
          ]
        ]
      }
    },
    {
      "attributes" : {
        "FID" : 4,
        "PMNTN_SN" : 18804,
        "MNTN_CODE" : "481703304",
        "MNTN_NM" : "물박물관",
        "PMNTN_NM" : "독산리구간",
        "PMNTN_MAIN" : " ",
        "PMNTN_LT" : 1,
        "PMNTN_DFFL" : "쉬움",
        "PMNTN_UPPL" : 19,
        "PMNTN_GODN" : 13,
        "PMNTN_MTRQ" : " ",
        "PMNTN_CNRL" : " ",
        "PMNTN_CLS_" : " ",
        "PMNTN_RISK" : " ",
        "PMNTN_RECO" : " ",
        "DATA_STDR_" : "2016-12-31",
        "MNTN_ID" : "481701001"
      },
      "geometry" : {
        "paths" : [
          [
            [
              296119.75129999965,
              285035.67840000242
            ],
            [
              296123.48539999966,
              285029.62220000103
            ],
            [
              296126.91150000133,
              285022.35300000384
            ],
            [
              296129.12079999968,
              285015.07340000011
            ],
            [
              296132.1202000007,
              285011.50680000149
            ],
            [
              296137.64060000144,
              285008.07479999959
            ],
            [
              296145.33150000218,
              285004.45360000245
            ],
            [
              296147.69990000222,
              285002.88959999941
            ],
            [
              296150.71079999954,
              284999.78580000065
            ],
            [
              296154.83379999921,
              284993.19009999745
            ],
            [
              296157.35470000096,
              284986.28489999846
            ],
            [
              296160.34200000018,
              284980.73990000412
            ],
            [
              296163.76979999989,
              284975.84750000201
            ],
            [
              296167.15670000017,
              284971.77109999955
            ],
            [
              296171.46239999961,
              284967.30020000041
            ],
            [
              296175.69810000155,
              284963.15149999969
            ],
            [
              296178.50899999961,
              284960.64860000275
            ],
            [
              296181.23029999994,
              284958.59889999963
            ],
            [
              296183.85590000078,
              284957.04350000061
            ],
            [
              296187.70319999941,
              284955.37340000086
            ],
            [
              296191.97580000013,
              284954.05189999938
            ],
            [
              296196.55599999987,
              284953.24029999971
            ],
            [
              296203.08729999978,
              284952.76979999989
            ],
            [
              296209.33589999937,
              284952.84090000391
            ],
            [
              296223.60080000106,
              284954.05189999938
            ],
            [
              296240.26790000126,
              284954.47930000164
            ],
            [
              296246.62100000028,
              284954.595900001
            ],
            [
              296250.09729999956,
              284954.47930000164
            ],
            [
              296255.46590000018,
              284953.82300000265
            ],
            [
              296260.9523,
              284952.6632000003
            ],
            [
              296266.46680000052,
              284951.01860000193
            ],
            [
              296271.89290000033,
              284948.92360000126
            ],
            [
              296274.60869999975,
              284947.62790000066
            ],
            [
              296277.55649999995,
              284945.97900000028
            ],
            [
              296287.7053000005,
              284939.52160000242
            ],
            [
              296301.38100000005,
              284930.97430000082
            ],
            [
              296311.1184000019,
              284924.23980000429
            ],
            [
              296317.62080000062,
              284919.00809999928
            ],
            [
              296323.77379999962,
              284912.59960000031
            ],
            [
              296326.16810000036,
              284910.4608000014
            ],
            [
              296329.69120000117,
              284907.96170000359
            ],
            [
              296333.34680000134,
              284905.81310000271
            ],
            [
              296337.03870000131,
              284904.07130000181
            ],
            [
              296340.69840000104,
              284902.76830000058
            ],
            [
              296345.19699999969,
              284901.77480000071
            ],
            [
              296351.38250000123,
              284901.05880000256
            ],
            [
              296359.13770000078,
              284900.67830000073
            ],
            [
              296362.63200000115,
              284900.77330000326
            ],
            [
              296365.91289999988,
              284901.05880000256
            ],
            [
              296368.8535000002,
              284901.5316000022
            ],
            [
              296372.09669999965,
              284902.28700000048
            ],
            [
              296382.15270000044,
              284905.33249999955
            ],
            [
              296396.25570000056,
              284910.0335000027
            ],
            [
              296406.14199999999,
              284912.6483000014
            ],
            [
              296409.89950000029,
              284913.3973000031
            ],
            [
              296413.35030000191,
              284913.87970000133
            ],
            [
              296421.89760000072,
              284914.30709999986
            ],
            [
              296425.5177000016,
              284914.78610000014
            ],
            [
              296433.64500000048,
              284916.33589999937
            ],
            [
              296437.28270000033,
              284916.87130000256
            ],
            [
              296444.28239999991,
              284917.48910000175
            ],
            [
              296450.94640000165,
              284917.7658000011
            ],
            [
              296457.29879999999,
              284917.70240000263
            ],
            [
              296463.35190000013,
              284917.29860000126
            ],
            [
              296467.85960000008,
              284916.61380000412
            ],
            [
              296477.82840000093,
              284914.45910000056
            ],
            [
              296482.15589999966,
              284913.87970000133
            ],
            [
              296490.53019999992,
              284913.41740000062
            ],
            [
              296494.90919999871,
              284913.70570000261
            ],
            [
              296499.31700000167,
              284914.72770000435
            ],
            [
              296505.51229999959,
              284917.26810000278
            ],
            [
              296508.22510000132,
              284918.15340000205
            ],
            [
              296511.85030000005,
              284918.95050000213
            ],
            [
              296515.78010000102,
              284919.56450000219
            ],
            [
              296524.89220000152,
              284920.29020000249
            ],
            [
              296530.8060000008,
              284920.15350000001
            ],
            [
              296542.58619999979,
              284918.87730000168
            ],
            [
              296547.54250000045,
              284918.58070000075
            ],
            [
              296554.380400002,
              284918.58070000075
            ],
            [
              296559.06770000141,
              284918.99160000123
            ],
            [
              296568.05599999987,
              284920.29020000249
            ],
            [
              296576.66220000014,
              284921.69079999998
            ],
            [
              296580.8769000005,
              284921.99960000068
            ],
            [
              296587.22940000053,
              284921.71380000003
            ],
            [
              296591.61780000012,
              284920.28859999962
            ],
            [
              296598.39880000055,
              284915.58919999935
            ],
            [
              296608.30110000074,
              284909.55140000023
            ],
            [
              296611.81380000059,
              284907.68119999953
            ],
            [
              296615.06599999871,
              284906.18720000051
            ],
            [
              296619.32689999975,
              284904.57499999925
            ],
            [
              296624.01130000036,
              284903.13560000062
            ],
            [
              296629.19570000097,
              284901.84380000271
            ],
            [
              296635.15210000053,
              284900.63150000013
            ],
            [
              296641.42850000132,
              284899.65230000019
            ],
            [
              296648.40040000062,
              284898.92200000212
            ],
            [
              296652.12009999994,
              284898.77199999988
            ],
            [
              296661.0401999997,
              284898.84459999949
            ],
            [
              296665.49490000121,
              284898.49459999986
            ],
            [
              296671.40460000187,
              284897.21320000105
            ],
            [
              296682.58949999977,
              284893.79360000044
            ],
            [
              296693.23000000138,
              284890.90990000032
            ],
            [
              296698.82930000033,
              284889.09260000102
            ],
            [
              296704.55390000064,
              284886.91650000215
            ],
            [
              296708.72429999989,
              284885.13269999996
            ],
            [
              296712.35149999987,
              284883.30839999951
            ],
            [
              296715.49650000129,
              284881.4001000002
            ],
            [
              296718.71440000087,
              284879.07220000215
            ],
            [
              296721.81940000132,
              284876.48270000145
            ],
            [
              296724.75409999955,
              284873.67960000224
            ],
            [
              296727.46270000096,
              284870.71600000188
            ],
            [
              296730.87689999957,
              284866.6323000025
            ],
            [
              296733.02250000183,
              284863.68620000221
            ],
            [
              296735.09049999993,
              284859.62140000239
            ],
            [
              296736.1361000007,
              284855.14230000041
            ],
            [
              296736.17740000039,
              284851.49100000039
            ],
            [
              296735.70520000067,
              284847.39770000242
            ],
            [
              296734.72790000122,
              284842.93730000034
            ],
            [
              296732.85940000135,
              284837.33490000106
            ],
            [
              296730.43310000096,
              284832.3665000014
            ],
            [
              296728.33920000028,
              284829.29820000194
            ],
            [
              296725.27410000097,
              284826.08290000074
            ],
            [
              296722.14230000228,
              284823.97190000117
            ],
            [
              296719.34930000175,
              284822.69790000282
            ],
            [
              296716.11620000005,
              284821.60500000045
            ],
            [
              296712.50499999989,
              284820.7144000046
            ],
            [
              296708.06550000049,
              284820.14050000161
            ],
            [
              296703.18979999982,
              284820.16490000114
            ],
            [
              296697.93369999994,
              284820.78820000216
            ],
            [
              296692.41890000086,
              284821.99650000222
            ],
            [
              296687.64510000031,
              284823.72390000336
            ],
            [
              296677.88850000035,
              284828.40699999966
            ],
            [
              296669.24580000062,
              284832.42230000161
            ],
            [
              296665.737900001,
              284833.64990000241
            ],
            [
              296658.91030000057,
              284834.93390000239
            ],
            [
              296653.30580000021,
              284835.19050000235
            ],
            [
              296648.18070000038,
              284834.71820000187
            ],
            [
              296644.77550000045,
              284833.87470000051
            ],
            [
              296639.97829999961,
              284831.83070000447
            ],
            [
              296636.29600000009,
              284829.51449999958
            ],
            [
              296632.89890000038,
              284826.74210000038
            ],
            [
              296630.02379999962,
              284823.70600000024
            ],
            [
              296627.91720000003,
              284820.74040000327
            ],
            [
              296626.04260000028,
              284817.26450000331
            ],
            [
              296624.44379999954,
              284813.3571000006
            ],
            [
              296623.18590000086,
              284809.17559999973
            ],
            [
              296622.51829999965,
              284805.73969999887
            ],
            [
              296622.15400000196,
              284801.96829999983
            ],
            [
              296622.09180000052,
              284797.85360000096
            ],
            [
              296622.33120000176,
              284793.36309999973
            ],
            [
              296622.79510000069,
              284789.74840000272
            ],
            [
              296623.61610000022,
              284785.81870000251
            ],
            [
              296624.80109999981,
              284781.49310000241
            ],
            [
              296626.60480000079,
              284775.8412000034
            ],
            [
              296629.18680000119,
              284768.65560000017
            ],
            [
              296631.73319999967,
              284763.02030000463
            ],
            [
              296635.24870000128,
              284756.38360000029
            ],
            [
              296637.40800000075,
              284753.55950000137
            ],
            [
              296641.24650000129,
              284750.71110000275
            ],
            [
              296651.81930000056,
              284746.78050000034
            ],
            [
              296664.51919999998,
              284742.05130000226
            ],
            [
              296670.26379999984,
              284740.20700000226
            ],
            [
              296675.75169999991,
              284738.66060000099
            ],
            [
              296685.7770000007,
              284736.62930000015
            ],
            [
              296689.42729999963,
              284735.66899999976
            ],
            [
              296695.31149999984,
              284733.40130000003
            ],
            [
              296703.95770000014,
              284729.25860000215
            ],
            [
              296710.71760000102,
              284725.48120000027
            ],
            [
              296713.78710000124,
              284724.13020000048
            ],
            [
              296717.3545000013,
              284723.10019999929
            ],
            [
              296721.0521999998,
              284722.42069999874
            ]
          ]
        ]
      }
    },
    {
      "attributes" : {
        "FID" : 5,
        "PMNTN_SN" : 18805,
        "MNTN_CODE" : "481703304",
        "MNTN_NM" : "물박물관",
        "PMNTN_NM" : " ",
        "PMNTN_MAIN" : " ",
        "PMNTN_LT" : 0.2,
        "PMNTN_DFFL" : "쉬움",
        "PMNTN_UPPL" : 4,
        "PMNTN_GODN" : 2,
        "PMNTN_MTRQ" : " ",
        "PMNTN_CNRL" : " ",
        "PMNTN_CLS_" : " ",
        "PMNTN_RISK" : " ",
        "PMNTN_RECO" : " ",
        "DATA_STDR_" : "2016-12-31",
        "MNTN_ID" : "481701001"
      },
      "geometry" : {
        "paths" : [
          [
            [
              296119.75129999965,
              285035.67840000242
            ],
            [
              296123.10659999959,
              285037.24630000256
            ],
            [
              296125.96740000136,
              285039.64930000156
            ],
            [
              296129.49000000209,
              285043.47189999931
            ],
            [
              296133.85440000147,
              285049.78140000068
            ],
            [
              296135.88929999992,
              285052.10240000114
            ],
            [
              296141.0334999999,
              285057.27180000395
            ],
            [
              296143.86530000158,
              285061.11570000276
            ],
            [
              296146.87830000091,
              285067.54389999993
            ],
            [
              296149.29949999973,
              285070.81590000167
            ],
            [
              296152.51340000052,
              285073.61099999771
            ],
            [
              296155.31200000085,
              285075.44259999879
            ],
            [
              296160.21960000135,
              285078.10790000111
            ],
            [
              296164.049300001,
              285079.65550000221
            ],
            [
              296175.73599999957,
              285083.11580000259
            ],
            [
              296186.40830000117,
              285087.01840000413
            ],
            [
              296193.25789999962,
              285089.95360000245
            ],
            [
              296199.67670000065,
              285093.35859999992
            ],
            [
              296210.35250000004,
              285099.78300000355
            ],
            [
              296221.48390000127,
              285106.43370000273
            ],
            [
              296228.30180000048,
              285110.89450000226
            ],
            [
              296232.60600000061,
              285114.14580000006
            ],
            [
              296243.00650000013,
              285122.91570000164
            ],
            [
              296247.96050000098,
              285126.7069000043
            ],
            [
              296251.45790000074,
              285128.97949999943
            ],
            [
              296260.06580000091,
              285134.08050000109
            ],
            [
              296264.20029999968,
              285136.96370000206
            ],
            [
              296270.27340000123,
              285141.51249999925
            ],
            [
              296273.88510000054,
              285144.76140000299
            ],
            [
              296275.31180000026,
              285147.22040000185
            ]
          ]
        ]
      }
    },
    {
      "attributes" : {
        "FID" : 6,
        "PMNTN_SN" : 18806,
        "MNTN_CODE" : "481703304",
        "MNTN_NM" : "물박물관",
        "PMNTN_NM" : "삼계리구간",
        "PMNTN_MAIN" : " ",
        "PMNTN_LT" : 0.14,
        "PMNTN_DFFL" : "쉬움",
        "PMNTN_UPPL" : 2,
        "PMNTN_GODN" : 2,
        "PMNTN_MTRQ" : " ",
        "PMNTN_CNRL" : " ",
        "PMNTN_CLS_" : " ",
        "PMNTN_RISK" : " ",
        "PMNTN_RECO" : " ",
        "DATA_STDR_" : "2016-12-31",
        "MNTN_ID" : "481701001"
      },
      "geometry" : {
        "paths" : [
          [
            [
              296275.31180000026,
              285147.22040000185
            ],
            [
              296272.92300000042,
              285149.40800000168
            ],
            [
              296269.12689999957,
              285149.92669999972
            ],
            [
              296261.03259999957,
              285151.16709999926
            ],
            [
              296257.78990000021,
              285151.92140000127
            ],
            [
              296245.64390000142,
              285156.46719999984
            ],
            [
              296240.69530000165,
              285157.90450000018
            ],
            [
              296236.89820000064,
              285158.39210000448
            ],
            [
              296227.61490000039,
              285158.67469999939
            ],
            [
              296224.2052000016,
              285159.32260000147
            ],
            [
              296220.60500000231,
              285160.7268000003
            ],
            [
              296217.86759999953,
              285162.26779999956
            ],
            [
              296210.77979999967,
              285167.30650000274
            ],
            [
              296205.79600000009,
              285171.1238000039
            ],
            [
              296202.41189999972,
              285174.03879999928
            ],
            [
              296199.66130000073,
              285176.88310000114
            ],
            [
              296197.53160000127,
              285179.69999999925
            ],
            [
              296195.33440000005,
              285183.43760000169
            ],
            [
              296193.65029999986,
              285187.09290000051
            ],
            [
              296192.52650000062,
              285190.5625
            ],
            [
              296191.97580000013,
              285193.8030000031
            ],
            [
              296191.93180000223,
              285196.84380000271
            ],
            [
              296192.2864000015,
              285200.08720000088
            ],
            [
              296193.02640000079,
              285203.40670000017
            ],
            [
              296194.11270000134,
              285206.62399999984
            ],
            [
              296195.6539000012,
              285210.40710000135
            ],
            [
              296197.53949999996,
              285213.61630000174
            ],
            [
              296200.84920000099,
              285215.96270000376
            ],
            [
              296206.93360000011,
              285216.4533000011
            ],
            [
              296213.77139999997,
              285216.4533000011
            ]
          ]
        ]
      }
    },
    {
      "attributes" : {
        "FID" : 7,
        "PMNTN_SN" : 18807,
        "MNTN_CODE" : "481703304",
        "MNTN_NM" : "물박물관",
        "PMNTN_NM" : "독산리구간",
        "PMNTN_MAIN" : " ",
        "PMNTN_LT" : 0.88,
        "PMNTN_DFFL" : "쉬움",
        "PMNTN_UPPL" : 16,
        "PMNTN_GODN" : 11,
        "PMNTN_MTRQ" : " ",
        "PMNTN_CNRL" : " ",
        "PMNTN_CLS_" : " ",
        "PMNTN_RISK" : " ",
        "PMNTN_RECO" : " ",
        "DATA_STDR_" : "2016-12-31",
        "MNTN_ID" : "481701001"
      },
      "geometry" : {
        "paths" : [
          [
            [
              296275.31180000026,
              285147.22040000185
            ],
            [
              296279.84180000052,
              285149.28000000119
            ],
            [
              296284.05850000121,
              285151.67600000463
            ],
            [
              296287.96169999987,
              285154.40839999914
            ],
            [
              296292.31340000127,
              285158.27470000088
            ],
            [
              296294.60699999984,
              285161.00000000186
            ],
            [
              296299.82870000042,
              285168.88940000162
            ],
            [
              296302.23570000101,
              285172.00750000216
            ],
            [
              296307.75769999996,
              285177.6558000017
            ],
            [
              296316.33870000113,
              285185.25579999946
            ],
            [
              296321.44840000104,
              285189.42350000143
            ],
            [
              296332.56499999948,
              285197.76139999926
            ],
            [
              296337.27950000111,
              285201.49560000189
            ],
            [
              296346.20029999968,
              285209.48509999923
            ],
            [
              296350.10039999988,
              285212.6070000045
            ],
            [
              296353.68750000093,
              285215.041000003
            ],
            [
              296357.72430000175,
              285217.47440000437
            ],
            [
              296368.04970000032,
              285222.86380000226
            ],
            [
              296373.38559999969,
              285225.36229999922
            ],
            [
              296378.88280000165,
              285227.69710000418
            ],
            [
              296384.51989999972,
              285229.85890000127
            ],
            [
              296390.27259999979,
              285231.83840000257
            ],
            [
              296396.31690000091,
              285233.5856999997
            ],
            [
              296409.93140000198,
              285236.96680000052
            ],
            [
              296431.29959999956,
              285242.94989999942
            ],
            [
              296439.27479999978,
              285245.09810000099
            ],
            [
              296443.69310000073,
              285245.94140000083
            ],
            [
              296448.41320000123,
              285246.20920000039
            ],
            [
              296458.65090000071,
              285245.94140000083
            ],
            [
              296469.36050000135,
              285245.97440000065
            ],
            [
              296475.3180000009,
              285246.36879999936
            ],
            [
              296482.09130000044,
              285247.50730000436
            ],
            [
              296491.55790000036,
              285249.78769999929
            ],
            [
              296506.08820000198,
              285254.06130000018
            ],
            [
              296514.89810000174,
              285256.20880000107
            ],
            [
              296520.6185999997,
              285257.05290000141
            ],
            [
              296524.63260000013,
              285257.28680000082
            ],
            [
              296527.89680000115,
              285257.2947000023
            ],
            [
              296532.12640000042,
              285256.85140000097
            ],
            [
              296540.70470000058,
              285254.06130000018
            ],
            [
              296543.60180000123,
              285253.49940000102
            ],
            [
              296546.89730000217,
              285253.19870000146
            ],
            [
              296557.79930000193,
              285253.20659999922
            ],
            [
              296566.27639999986,
              285253.34920000099
            ],
            [
              296579.59480000101,
              285254.06130000018
            ],
            [
              296588.58990000002,
              285255.04079999961
            ],
            [
              296591.84659999982,
              285255.00239999965
            ],
            [
              296596.42020000145,
              285253.93220000155
            ],
            [
              296603.98830000125,
              285250.67570000142
            ],
            [
              296612.44000000041,
              285248.22049999796
            ],
            [
              296618.91469999962,
              285246.86880000122
            ],
            [
              296624.89670000039,
              285246.11110000312
            ],
            [
              296630.45110000111,
              285245.94140000083
            ],
            [
              296635.72670000046,
              285246.27999999933
            ],
            [
              296641.06690000184,
              285247.04890000075
            ],
            [
              296646.33380000107,
              285248.22819999978
            ],
            [
              296651.39190000109,
              285249.78769999929
            ],
            [
              296655.6941000009,
              285251.52920000255
            ],
            [
              296660.19170000218,
              285253.78179999813
            ],
            [
              296664.94840000104,
              285256.57500000112
            ],
            [
              296670.19590000063,
              285260.04439999908
            ],
            [
              296675.43489999976,
              285263.87040000036
            ],
            [
              296680.07620000094,
              285267.68860000372
            ],
            [
              296684.16530000139,
              285271.53649999946
            ],
            [
              296687.71789999958,
              285275.42950000055
            ],
            [
              296691.63829999976,
              285280.21460000239
            ],
            [
              296694.22750000097,
              285283.80279999971
            ],
            [
              296696.19720000029,
              285287.17960000411
            ],
            [
              296697.8395000007,
              285291.46800000034
            ],
            [
              296698.54679999966,
              285295.05040000007
            ],
            [
              296699.25670000073,
              285304.06289999932
            ],
            [
              296699.85659999959,
              285315.10040000454
            ],
            [
              296700.53880000021,
              285319.87539999932
            ],
            [
              296702.29250000138,
              285325.7440000046
            ],
            [
              296705.66710000113,
              285333.9784000013
            ],
            [
              296707.30780000053,
              285337.43340000324
            ],
            [
              296711.35300000105,
              285345.03869999759
            ],
            [
              296712.93230000045,
              285348.50870000198
            ],
            [
              296714.39820000064,
              285352.66110000201
            ],
            [
              296717.63329999987,
              285363.46650000103
            ],
            [
              296724.47120000143,
              285381.41580000147
            ],
            [
              296730.8816000009,
              285398.9376999978
            ],
            [
              296734.89860000089,
              285412.63550000265
            ],
            [
              296736.4373000022,
              285417.31430000253
            ],
            [
              296740.61849999987,
              285427.61370000057
            ],
            [
              296746.6941000009,
              285440.39200000465
            ],
            [
              296748.92860000115,
              285444.55040000379
            ],
            [
              296751.68209999986,
              285449.05060000159
            ],
            [
              296761.81000000145,
              285463.82700000145
            ],
            [
              296765.45230000187,
              285469.52060000412
            ],
            [
              296768.68099999987,
              285475.42680000141
            ],
            [
              296771.05380000081,
              285480.9915000014
            ],
            [
              296775.32739999983,
              285495.52190000005
            ],
            [
              296778.23190000094,
              285504.49770000018
            ],
            [
              296779.82859999966,
              285508.77740000002
            ],
            [
              296781.73720000032,
              285512.75460000336
            ],
            [
              296783.87469999958,
              285516.03539999947
            ],
            [
              296788.86969999969,
              285521.53869999945
            ],
            [
              296792.92850000132,
              285524.75
            ],
            [
              296796.09119999968,
              285526.46379999816
            ],
            [
              296805.24289999995,
              285530.13840000145
            ],
            [
              296814.3116000006,
              285534.13250000216
            ],
            [
              296818.91860000044,
              285536.54879999906
            ],
            [
              296824.49149999954,
              285540.25259999931
            ],
            [
              296830.03000000026,
              285544.668700004
            ],
            [
              296832.72700000089,
              285547.29140000232
            ],
            [
              296838.26720000058,
              285553.4597000014
            ],
            [
              296840.71409999952,
              285555.78020000458
            ],
            [
              296844.04129999969,
              285558.48230000399
            ],
            [
              296847.17200000025,
              285560.77590000071
            ],
            [
              296850.18490000069,
              285562.71859999932
            ],
            [
              296853.10769999959,
              285564.3275000006
            ],
            [
              296855.74909999967,
              285565.47410000116
            ],
            [
              296858.82120000012,
              285566.47250000015
            ],
            [
              296869.14680000115,
              285568.87319999933
            ],
            [
              296872.76640000008,
              285569.88320000097
            ],
            [
              296880.06589999981,
              285572.09660000168
            ],
            [
              296883.87790000066,
              285573.72949999943
            ],
            [
              296886.86670000199,
              285575.57460000366
            ],
            [
              296889.82120000198,
              285577.85650000162
            ],
            [
              296892.6950000003,
              285580.54010000266
            ],
            [
              296896.12530000135,
              285584.53390000015
            ],
            [
              296900.29690000135,
              285591.12659999914
            ],
            [
              296903.80750000011,
              285595.50960000232
            ],
            [
              296906.88930000085,
              285598.70969999954
            ],
            [
              296910.21789999958,
              285601.70640000142
            ],
            [
              296913.79330000095,
              285604.49970000237
            ]
          ]
        ]
      }
    },
    {
      "attributes" : {
        "FID" : 8,
        "PMNTN_SN" : 18808,
        "MNTN_CODE" : "481703304",
        "MNTN_NM" : "물박물관",
        "PMNTN_NM" : "삼계리구간",
        "PMNTN_MAIN" : " ",
        "PMNTN_LT" : 1.33,
        "PMNTN_DFFL" : "쉬움",
        "PMNTN_UPPL" : 23,
        "PMNTN_GODN" : 16,
        "PMNTN_MTRQ" : " ",
        "PMNTN_CNRL" : " ",
        "PMNTN_CLS_" : " ",
        "PMNTN_RISK" : " ",
        "PMNTN_RECO" : " ",
        "DATA_STDR_" : "2016-12-31",
        "MNTN_ID" : "481701001"
      },
      "geometry" : {
        "paths" : [
          [
            [
              293987.04559999984,
              285384.94150000252
            ],
            [
              293990.46110000089,
              285389.99850000441
            ],
            [
              293994.09710000176,
              285394.87769999914
            ],
            [
              294000.28110000119,
              285402.17020000331
            ],
            [
              294007.55910000112,
              285409.62180000171
            ],
            [
              294013.5773,
              285415.65290000103
            ],
            [
              294016.53199999966,
              285418.35979999974
            ],
            [
              294019.63740000036,
              285420.71240000427
            ],
            [
              294022.64149999991,
              285422.40269999951
            ],
            [
              294026.01709999982,
              285423.61309999786
            ],
            [
              294033.93530000094,
              285425.58220000193
            ],
            [
              294045.99490000028,
              285429.60190000013
            ],
            [
              294052.62689999957,
              285431.53480000235
            ],
            [
              294062.43520000111,
              285434.692900002
            ],
            [
              294069.58750000224,
              285437.45839999989
            ],
            [
              294075.65080000088,
              285440.14770000242
            ],
            [
              294079.49739999976,
              285442.27700000443
            ],
            [
              294081.95190000162,
              285444.18630000018
            ],
            [
              294086.98359999992,
              285449.01110000163
            ],
            [
              294090.97430000082,
              285451.6705000028
            ],
            [
              294099.63999999966,
              285456.81090000272
            ],
            [
              294108.16490000207,
              285460.73860000446
            ],
            [
              294115.02839999925,
              285465.22080000117
            ],
            [
              294121.53660000023,
              285470.55849999934
            ],
            [
              294125.94440000039,
              285473.2098999992
            ],
            [
              294129.87220000103,
              285474.85179999843
            ],
            [
              294135.66679999977,
              285476.48070000112
            ],
            [
              294139.84560000058,
              285477.02639999986
            ],
            [
              294149.1258000005,
              285477.35270000249
            ],
            [
              294159.53490000032,
              285478.80500000156
            ],
            [
              294163.21620000061,
              285478.92430000007
            ],
            [
              294166.63570000045,
              285478.62180000357
            ],
            [
              294171.34440000076,
              285478.32080000266
            ],
            [
              294183.22540000081,
              285478.11700000241
            ],
            [
              294186.71760000009,
              285477.90920000151
            ],
            [
              294190.70419999957,
              285477.08589999937
            ],
            [
              294198.32360000163,
              285474.58110000379
            ],
            [
              294216.18200000003,
              285469.48710000142
            ],
            [
              294221.45090000052,
              285467.76750000194
            ],
            [
              294226.10219999962,
              285466.03380000219
            ],
            [
              294236.99810000136,
              285461.24540000409
            ],
            [
              294242.30040000007,
              285458.58970000222
            ],
            [
              294247.47039999906,
              285455.77710000053
            ],
            [
              294258.75370000023,
              285449.7276000008
            ],
            [
              294263.98859999981,
              285446.51920000091
            ],
            [
              294267.47919999994,
              285443.81670000032
            ],
            [
              294271.0773,
              285440.07670000196
            ],
            [
              294273.24139999971,
              285436.67370000109
            ],
            [
              294274.45430000126,
              285433.70910000056
            ],
            [
              294277.53760000039,
              285422.45060000196
            ],
            [
              294279.09540000092,
              285418.16899999976
            ],
            [
              294281.26560000051,
              285413.7938000001
            ],
            [
              294284.00250000134,
              285409.05700000003
            ],
            [
              294295.33519999962,
              285391.67250000127
            ],
            [
              294307.59690000117,
              285373.48880000412
            ],
            [
              294310.38650000095,
              285368.52840000018
            ],
            [
              294312.42970000114,
              285363.89379999973
            ],
            [
              294314.04620000068,
              285358.58530000225
            ],
            [
              294317.13070000056,
              285345.08980000205
            ],
            [
              294319.33750000037,
              285338.23690000176
            ],
            [
              294320.12229999993,
              285335.26050000079
            ],
            [
              294320.45920000039,
              285332.04910000041
            ],
            [
              294320.56420000084,
              285322.68799999915
            ],
            [
              294322.45220000017,
              285318.42100000195
            ],
            [
              294325.7778000012,
              285315.36639999971
            ],
            [
              294328.89160000067,
              285313.49019999988
            ],
            [
              294336.36210000049,
              285309.6185999997
            ],
            [
              294344.94390000124,
              285304.54929999821
            ],
            [
              294349.62270000018,
              285302.20000000112
            ],
            [
              294353.02840000112,
              285300.99239999987
            ],
            [
              294357.17040000111,
              285300.26769999973
            ],
            [
              294361.880400002,
              285300.82970000245
            ],
            [
              294371.80760000087,
              285304.73560000025
            ],
            [
              294374.82490000129,
              285305.77240000106
            ],
            [
              294381.38540000003,
              285307.74390000105
            ],
            [
              294385.08160000201,
              285308.33650000021
            ],
            [
              294388.3713999996,
              285308.23240000196
            ],
            [
              294391.93549999967,
              285307.61820000038
            ],
            [
              294395.72200000007,
              285306.50180000067
            ],
            [
              294399.61199999973,
              285304.91760000028
            ],
            [
              294403.30750000104,
              285302.87329999916
            ],
            [
              294407.00970000122,
              285300.15910000354
            ],
            [
              294410.65880000219,
              285296.81780000031
            ],
            [
              294414.14230000135,
              285292.95140000246
            ],
            [
              294416.07680000179,
              285290.32770000026
            ],
            [
              294417.96910000034,
              285287.20230000094
            ],
            [
              294422.68960000016,
              285277.56640000083
            ],
            [
              294426.35650000069,
              285269.66080000438
            ],
            [
              294428.7723000003,
              285263.720900001
            ],
            [
              294430.53790000081,
              285258.26910000108
            ],
            [
              294431.6642000014,
              285253.20659999922
            ],
            [
              294431.8721000012,
              285250.22159999982
            ],
            [
              294431.61089999974,
              285242.28570000269
            ],
            [
              294432.21080000047,
              285239.17200000212
            ],
            [
              294433.68200000096,
              285236.00950000063
            ],
            [
              294435.61320000049,
              285233.31780000031
            ],
            [
              294438.42590000015,
              285230.99909999967
            ],
            [
              294442.27720000036,
              285229.74570000172
            ],
            [
              294447.17019999959,
              285229.30460000038
            ],
            [
              294450.316300001,
              285229.73870000057
            ],
            [
              294458.60690000094,
              285232.37050000019
            ],
            [
              294465.46659999993,
              285233.39379999973
            ],
            [
              294478.05549999978,
              285234.05120000243
            ],
            [
              294483.37530000135,
              285234.83000000007
            ],
            [
              294488.083800002,
              285236.15990000218
            ],
            [
              294499.44820000045,
              285240.52349999733
            ],
            [
              294504.74349999893,
              285242.09520000219
            ],
            [
              294509.56280000135,
              285242.89299999923
            ],
            [
              294521.2862999998,
              285243.87010000087
            ],
            [
              294526.5390000008,
              285244.65930000134
            ],
            [
              294529.9637000002,
              285245.54310000129
            ],
            [
              294537.93730000127,
              285248.05530000106
            ],
            [
              294541.92410000041,
              285248.93300000206
            ],
            [
              294546.5122000007,
              285249.50090000033
            ],
            [
              294550.71439999994,
              285249.75980000198
            ],
            [
              294554.59200000204,
              285249.71320000105
            ],
            [
              294558.16390000097,
              285249.36030000076
            ],
            [
              294561.54279999994,
              285248.64670000225
            ],
            [
              294565.24140000064,
              285247.44779999927
            ],
            [
              294576.54060000181,
              285242.52250000089
            ],
            [
              294579.56790000014,
              285241.07709999941
            ],
            [
              294587.17280000076,
              285237.04850000143
            ],
            [
              294592.82349999994,
              285234.90579999983
            ],
            [
              294601.37860000134,
              285233.04240000248
            ],
            [
              294605.84659999982,
              285231.37910000235
            ],
            [
              294609.28789999988,
              285229.62630000152
            ],
            [
              294612.99140000064,
              285227.42130000144
            ],
            [
              294617.99490000028,
              285224.14590000175
            ],
            [
              294621.24210000131,
              285221.84900000133
            ],
            [
              294624.71150000114,
              285219.13380000368
            ],
            [
              294634.23470000084,
              285210.89760000072
            ],
            [
              294637.00069999974,
              285208.29790000245
            ],
            [
              294644.24920000043,
              285200.95680000074
            ],
            [
              294647.66530000046,
              285198.06270000152
            ],
            [
              294652.20799999963,
              285194.93720000051
            ],
            [
              294655.56159999967,
              285192.96590000205
            ],
            [
              294658.82990000024,
              285191.30580000393
            ],
            [
              294662.01330000162,
              285189.9568000026
            ],
            [
              294664.98390000127,
              285188.96660000272
            ],
            [
              294668.33559999987,
              285188.11340000108
            ],
            [
              294677.39840000123,
              285186.53790000267
            ],
            [
              294685.55530000012,
              285185.64240000397
            ],
            [
              294694.92040000018,
              285185.25579999946
            ],
            [
              294704.67680000048,
              285185.84260000288
            ],
            [
              294708.5959999999,
              285185.68310000375
            ],
            [
              294712.9103000015,
              285185.04499999806
            ],
            [
              294717.25870000105,
              285183.88660000265
            ],
            [
              294721.35429999977,
              285181.53740000166
            ],
            [
              294723.63180000056,
              285178.7974999994
            ],
            [
              294727.8273999989,
              285170.72540000267
            ],
            [
              294732.02269999962,
              285163.17840000056
            ],
            [
              294734.96900000051,
              285157.29030000232
            ],
            [
              294737.2629000023,
              285151.86740000173
            ],
            [
              294739.24550000019,
              285145.43549999967
            ],
            [
              294739.97430000082,
              285140.97600000165
            ],
            [
              294740.84769999981,
              285127.76080000214
            ],
            [
              294741.61500000022,
              285123.68819999881
            ],
            [
              294743.24289999995,
              285118.41660000384
            ],
            [
              294744.56859999988,
              285114.96539999917
            ],
            [
              294745.97590000182,
              285111.90269999951
            ],
            [
              294747.48610000033,
              285109.18500000238
            ],
            [
              294750.42980000097,
              285105.17310000211
            ],
            [
              294756.46079999954,
              285098.50090000406
            ],
            [
              294764.4143000003,
              285088.92430000007
            ],
            [
              294767.79370000213,
              285085.14870000258
            ],
            [
              294771.56730000023,
              285081.57319999859
            ],
            [
              294775.26480000094,
              285078.84219999984
            ],
            [
              294778.8526000008,
              285076.82880000211
            ],
            [
              294783.03490000125,
              285074.96570000052
            ],
            [
              294787.87520000059,
              285073.20849999972
            ],
            [
              294794.49610000011,
              285071.14960000105
            ],
            [
              294799.8125,
              285069.64340000041
            ],
            [
              294804.36250000075,
              285068.5501000043
            ],
            [
              294808.54410000052,
              285067.77460000105
            ],
            [
              294812.44539999962,
              285067.30330000259
            ],
            [
              294819.44409999996,
              285066.94450000301
            ],
            [
              294824.83899999969,
              285067.30330000259
            ],
            [
              294828.44000000041,
              285068.09830000065
            ],
            [
              294832.35210000072,
              285069.47710000351
            ],
            [
              294836.40430000052,
              285071.31269999966
            ],
            [
              294843.64300000109,
              285074.99590000324
            ],
            [
              294847.85030000191,
              285077.44859999791
            ],
            [
              294857.76410000212,
              285084.24120000005
            ],
            [
              294860.61539999954,
              285085.81689999998
            ],
            [
              294863.30169999972,
              285086.96209999919
            ],
            [
              294866.74019999988,
              285088.09479999915
            ],
            [
              294870.02940000035,
              285088.97250000015
            ],
            [
              294873.15909999982,
              285089.59249999933
            ],
            [
              294876.12260000035,
              285089.95360000245
            ],
            [
              294879.48940000031,
              285090.0111999996
            ],
            [
              294883.26050000172,
              285089.66559999995
            ],
            [
              294894.92659999989,
              285087.38939999975
            ],
            [
              294902.84729999956,
              285085.48340000212
            ],
            [
              294920.99579999968,
              285080.12429999933
            ],
            [
              294937.86810000055,
              285076.44580000266
            ],
            [
              294941.86500000022,
              285075.34979999997
            ],
            [
              294945.35560000129,
              285074.14120000042
            ],
            [
              294949.65730000008,
              285072.21649999917
            ],
            [
              294954.28230000194,
              285069.65510000288
            ],
            [
              294968.34100000095,
              285060.40279999934
            ],
            [
              294973.13420000114,
              285057.47399999946
            ],
            [
              294986.40730000194,
              285050.24540000223
            ],
            [
              295015.4431999987,
              285035.25110000372
            ],
            [
              295026.76790000033,
              285030.54030000232
            ],
            [
              295029.11890000012,
              285027.9859000016
            ]
          ]
        ]
      }
    }
  ]
}