{
  "displayFieldName" : "",
  "fieldAliases" : {
    "FID" : "FID",
    "PMNTN_SPOT" : "PMNTN_SPOT",
    "MNTN_CODE" : "MNTN_CODE",
    "MANAGE_SP1" : "MANAGE_SP1",
    "MANAGE_SP2" : "MANAGE_SP2",
    "DETAIL_SPO" : "DETAIL_SPO",
    "ETC_MATTER" : "ETC_MATTER",
    "MNTN_NM" : "MNTN_NM",
    "PAST_SPOT_" : "PAST_SPOT_",
    "MNTN_ID" : "MNTN_ID"
  },
  "geometryType" : "esriGeometryPoint",
  "spatialReference" : {
    "wkt" : "PROJCS[\"PCS_ITRF2000_TM\",GEOGCS[\"GCS_ITRF_2000\",DATUM[\"D_ITRF_2000\",SPHEROID[\"GRS_1980\",6378137.0,298.257222101]],PRIMEM[\"Greenwich\",0.0],UNIT[\"Degree\",0.0174532925199433]],PROJECTION[\"Transverse_Mercator\"],PARAMETER[\"False_Easting\",200000.0],PARAMETER[\"False_Northing\",600000.0],PARAMETER[\"Central_Meridian\",127.0],PARAMETER[\"Scale_Factor\",1.0],PARAMETER[\"Latitude_Of_Origin\",38.0],UNIT[\"Meter\",1.0]]"
  },
  "fields" : [
    {
      "name" : "FID",
      "type" : "esriFieldTypeOID",
      "alias" : "FID"
    },
    {
      "name" : "PMNTN_SPOT",
      "type" : "esriFieldTypeDouble",
      "alias" : "PMNTN_SPOT"
    },
    {
      "name" : "MNTN_CODE",
      "type" : "esriFieldTypeString",
      "alias" : "MNTN_CODE",
      "length" : 9
    },
    {
      "name" : "MANAGE_SP1",
      "type" : "esriFieldTypeString",
      "alias" : "MANAGE_SP1",
      "length" : 2
    },
    {
      "name" : "MANAGE_SP2",
      "type" : "esriFieldTypeString",
      "alias" : "MANAGE_SP2",
      "length" : 50
    },
    {
      "name" : "DETAIL_SPO",
      "type" : "esriFieldTypeString",
      "alias" : "DETAIL_SPO",
      "length" : 200
    },
    {
      "name" : "ETC_MATTER",
      "type" : "esriFieldTypeString",
      "alias" : "ETC_MATTER",
      "length" : 200
    },
    {
      "name" : "MNTN_NM",
      "type" : "esriFieldTypeString",
      "alias" : "MNTN_NM",
      "length" : 50
    },
    {
      "name" : "PAST_SPOT_",
      "type" : "esriFieldTypeString",
      "alias" : "PAST_SPOT_",
      "length" : 14
    },
    {
      "name" : "MNTN_ID",
      "type" : "esriFieldTypeString",
      "alias" : "MNTN_ID",
      "length" : 10
    }
  ],
  "features" : [
    {
      "attributes" : {
        "FID" : 0,
        "PMNTN_SPOT" : 15099,
        "MNTN_CODE" : "291100401",
        "MANAGE_SP1" : "99",
        "MANAGE_SP2" : "기타",
        "DETAIL_SPO" : "기타",
        "ETC_MATTER" : "승암사와 분기",
        "MNTN_NM" : "깃대봉",
        "PAST_SPOT_" : "15033604000001",
        "MNTN_ID" : "1503360400"
      },
      "geometry" : {
        "x" : 194308.91790000163,
        "y" : 282083.37280000001
      }
    },
    {
      "attributes" : {
        "FID" : 1,
        "PMNTN_SPOT" : 15100,
        "MNTN_CODE" : "291100401",
        "MANAGE_SP1" : "99",
        "MANAGE_SP2" : "기타",
        "DETAIL_SPO" : "기타",
        "ETC_MATTER" : "근계,암석노출",
        "MNTN_NM" : "깃대봉",
        "PAST_SPOT_" : "15033604000002",
        "MNTN_ID" : "1503360400"
      },
      "geometry" : {
        "x" : 194273.99120000377,
        "y" : 282192.56400000304
      }
    },
    {
      "attributes" : {
        "FID" : 2,
        "PMNTN_SPOT" : 15101,
        "MNTN_CODE" : "291100401",
        "MANAGE_SP1" : "99",
        "MANAGE_SP2" : "기타",
        "DETAIL_SPO" : "기타",
        "ETC_MATTER" : " ",
        "MNTN_NM" : "깃대봉",
        "PAST_SPOT_" : "15033604000003",
        "MNTN_ID" : "1503360400"
      },
      "geometry" : {
        "x" : 194271.03259999957,
        "y" : 282268.34060000256
      }
    },
    {
      "attributes" : {
        "FID" : 3,
        "PMNTN_SPOT" : 15102,
        "MNTN_CODE" : "291100401",
        "MANAGE_SP1" : "01",
        "MANAGE_SP2" : "시종점",
        "DETAIL_SPO" : "시종점",
        "ETC_MATTER" : " ",
        "MNTN_NM" : "깃대봉",
        "PAST_SPOT_" : "15033604000004",
        "MNTN_ID" : "1503360400"
      },
      "geometry" : {
        "x" : 195775.92566228751,
        "y" : 283454.92762161233
      }
    },
    {
      "attributes" : {
        "FID" : 4,
        "PMNTN_SPOT" : 15103,
        "MNTN_CODE" : "291100401",
        "MANAGE_SP1" : "99",
        "MANAGE_SP2" : "기타",
        "DETAIL_SPO" : "기타",
        "ETC_MATTER" : " ",
        "MNTN_NM" : "깃대봉",
        "PAST_SPOT_" : "15033604000005",
        "MNTN_ID" : "1503360400"
      },
      "geometry" : {
        "x" : 194213.69540000241,
        "y" : 282808.34200000018
      }
    },
    {
      "attributes" : {
        "FID" : 5,
        "PMNTN_SPOT" : 15104,
        "MNTN_CODE" : "291100401",
        "MANAGE_SP1" : "99",
        "MANAGE_SP2" : "기타",
        "DETAIL_SPO" : "기타",
        "ETC_MATTER" : " ",
        "MNTN_NM" : "깃대봉",
        "PAST_SPOT_" : "15033604000006",
        "MNTN_ID" : "1503360400"
      },
      "geometry" : {
        "x" : 194215.1969000008,
        "y" : 282874.9074000027
      }
    },
    {
      "attributes" : {
        "FID" : 6,
        "PMNTN_SPOT" : 15105,
        "MNTN_CODE" : "291100401",
        "MANAGE_SP1" : "99",
        "MANAGE_SP2" : "기타",
        "DETAIL_SPO" : "기타",
        "ETC_MATTER" : " ",
        "MNTN_NM" : "깃대봉",
        "PAST_SPOT_" : "15033604000007",
        "MNTN_ID" : "1503360400"
      },
      "geometry" : {
        "x" : 194286.70040000044,
        "y" : 282963.61620000191
      }
    },
    {
      "attributes" : {
        "FID" : 7,
        "PMNTN_SPOT" : 15106,
        "MNTN_CODE" : "291100401",
        "MANAGE_SP1" : "99",
        "MANAGE_SP2" : "기타",
        "DETAIL_SPO" : "기타",
        "ETC_MATTER" : " ",
        "MNTN_NM" : "깃대봉",
        "PAST_SPOT_" : "15033604000008",
        "MNTN_ID" : "1503360400"
      },
      "geometry" : {
        "x" : 194683.01790000405,
        "y" : 282802.50070000067
      }
    },
    {
      "attributes" : {
        "FID" : 8,
        "PMNTN_SPOT" : 15107,
        "MNTN_CODE" : "291100401",
        "MANAGE_SP1" : "99",
        "MANAGE_SP2" : "기타",
        "DETAIL_SPO" : "기타",
        "ETC_MATTER" : " ",
        "MNTN_NM" : "깃대봉",
        "PAST_SPOT_" : "15033604000009",
        "MNTN_ID" : "1503360400"
      },
      "geometry" : {
        "x" : 194968.55009999871,
        "y" : 282833.73090000078
      }
    },
    {
      "attributes" : {
        "FID" : 9,
        "PMNTN_SPOT" : 15108,
        "MNTN_CODE" : "291100401",
        "MANAGE_SP1" : "05",
        "MANAGE_SP2" : "벤치",
        "DETAIL_SPO" : "벤치,목계단시작",
        "ETC_MATTER" : " ",
        "MNTN_NM" : "깃대봉",
        "PAST_SPOT_" : "15033604000010",
        "MNTN_ID" : "1503360400"
      },
      "geometry" : {
        "x" : 195017.12400000356,
        "y" : 282835.5894000046
      }
    },
    {
      "attributes" : {
        "FID" : 10,
        "PMNTN_SPOT" : 15109,
        "MNTN_CODE" : "291100401",
        "MANAGE_SP1" : "99",
        "MANAGE_SP2" : "기타",
        "DETAIL_SPO" : "기타",
        "ETC_MATTER" : " ",
        "MNTN_NM" : "깃대봉",
        "PAST_SPOT_" : "15033604000011",
        "MNTN_ID" : "1503360400"
      },
      "geometry" : {
        "x" : 195231.30069999956,
        "y" : 282870.52950000018
      }
    },
    {
      "attributes" : {
        "FID" : 11,
        "PMNTN_SPOT" : 15110,
        "MNTN_CODE" : "291100401",
        "MANAGE_SP1" : "99",
        "MANAGE_SP2" : "기타",
        "DETAIL_SPO" : "팔각정",
        "ETC_MATTER" : " ",
        "MNTN_NM" : "깃대봉",
        "PAST_SPOT_" : "15033604000012",
        "MNTN_ID" : "1503360400"
      },
      "geometry" : {
        "x" : 195273.98540000059,
        "y" : 283107.2610000018
      }
    },
    {
      "attributes" : {
        "FID" : 12,
        "PMNTN_SPOT" : 15111,
        "MNTN_CODE" : "291100401",
        "MANAGE_SP1" : "04",
        "MANAGE_SP2" : "화장실",
        "DETAIL_SPO" : "(화장실)",
        "ETC_MATTER" : " ",
        "MNTN_NM" : "깃대봉",
        "PAST_SPOT_" : "15033604000013",
        "MNTN_ID" : "1503360400"
      },
      "geometry" : {
        "x" : 195659.75310000218,
        "y" : 283151.44019999914
      }
    },
    {
      "attributes" : {
        "FID" : 13,
        "PMNTN_SPOT" : 15112,
        "MNTN_CODE" : "291100401",
        "MANAGE_SP1" : "99",
        "MANAGE_SP2" : "기타",
        "DETAIL_SPO" : "기타",
        "ETC_MATTER" : " ",
        "MNTN_NM" : "깃대봉",
        "PAST_SPOT_" : "15033604000014",
        "MNTN_ID" : "1503360400"
      },
      "geometry" : {
        "x" : 194151.29210000206,
        "y" : 282702.9860999994
      }
    },
    {
      "attributes" : {
        "FID" : 14,
        "PMNTN_SPOT" : 15113,
        "MNTN_CODE" : "291100401",
        "MANAGE_SP1" : "99",
        "MANAGE_SP2" : "기타",
        "DETAIL_SPO" : "기타",
        "ETC_MATTER" : " ",
        "MNTN_NM" : "깃대봉",
        "PAST_SPOT_" : "15033604000015",
        "MNTN_ID" : "1503360400"
      },
      "geometry" : {
        "x" : 194192.30410000216,
        "y" : 282706.62029999867
      }
    },
    {
      "attributes" : {
        "FID" : 15,
        "PMNTN_SPOT" : 15114,
        "MNTN_CODE" : "291100401",
        "MANAGE_SP1" : "99",
        "MANAGE_SP2" : "기타",
        "DETAIL_SPO" : "기타",
        "ETC_MATTER" : " ",
        "MNTN_NM" : "깃대봉",
        "PAST_SPOT_" : "15033604000016",
        "MNTN_ID" : "1503360400"
      },
      "geometry" : {
        "x" : 194266.80090000387,
        "y" : 282771.25220000185
      }
    },
    {
      "attributes" : {
        "FID" : 16,
        "PMNTN_SPOT" : 15115,
        "MNTN_CODE" : "291100401",
        "MANAGE_SP1" : "99",
        "MANAGE_SP2" : "기타",
        "DETAIL_SPO" : "(목계단)",
        "ETC_MATTER" : " ",
        "MNTN_NM" : "깃대봉",
        "PAST_SPOT_" : "15033604000017",
        "MNTN_ID" : "1503360400"
      },
      "geometry" : {
        "x" : 194379.22249999922,
        "y" : 282859.9354000017
      }
    },
    {
      "attributes" : {
        "FID" : 17,
        "PMNTN_SPOT" : 15116,
        "MNTN_CODE" : "291100401",
        "MANAGE_SP1" : "99",
        "MANAGE_SP2" : "기타",
        "DETAIL_SPO" : "(목계단)",
        "ETC_MATTER" : " ",
        "MNTN_NM" : "깃대봉",
        "PAST_SPOT_" : "15033604000018",
        "MNTN_ID" : "1503360400"
      },
      "geometry" : {
        "x" : 194409.66130000073,
        "y" : 282861.8022000026
      }
    },
    {
      "attributes" : {
        "FID" : 18,
        "PMNTN_SPOT" : 15117,
        "MNTN_CODE" : "291100401",
        "MANAGE_SP1" : "99",
        "MANAGE_SP2" : "기타",
        "DETAIL_SPO" : "기타",
        "ETC_MATTER" : " ",
        "MNTN_NM" : "깃대봉",
        "PAST_SPOT_" : "15033604000019",
        "MNTN_ID" : "1503360400"
      },
      "geometry" : {
        "x" : 194271.22740000114,
        "y" : 282569.7751000002
      }
    },
    {
      "attributes" : {
        "FID" : 19,
        "PMNTN_SPOT" : 15118,
        "MNTN_CODE" : "291100401",
        "MANAGE_SP1" : "99",
        "MANAGE_SP2" : "기타",
        "DETAIL_SPO" : "기타",
        "ETC_MATTER" : " ",
        "MNTN_NM" : "깃대봉",
        "PAST_SPOT_" : "15033604000020",
        "MNTN_ID" : "1503360400"
      },
      "geometry" : {
        "x" : 194290.97360000201,
        "y" : 282523.49870000035
      }
    },
    {
      "attributes" : {
        "FID" : 20,
        "PMNTN_SPOT" : 15119,
        "MNTN_CODE" : "291100401",
        "MANAGE_SP1" : "99",
        "MANAGE_SP2" : "기타",
        "DETAIL_SPO" : "기타",
        "ETC_MATTER" : " ",
        "MNTN_NM" : "깃대봉",
        "PAST_SPOT_" : "15033604000021",
        "MNTN_ID" : "1503360400"
      },
      "geometry" : {
        "x" : 194322.86569999997,
        "y" : 282516.04500000179
      }
    },
    {
      "attributes" : {
        "FID" : 21,
        "PMNTN_SPOT" : 15120,
        "MNTN_CODE" : "291100401",
        "MANAGE_SP1" : "99",
        "MANAGE_SP2" : "기타",
        "DETAIL_SPO" : "기타",
        "ETC_MATTER" : " ",
        "MNTN_NM" : "깃대봉",
        "PAST_SPOT_" : "15033604000022",
        "MNTN_ID" : "1503360400"
      },
      "geometry" : {
        "x" : 194357.77370000351,
        "y" : 282521.56990000419
      }
    },
    {
      "attributes" : {
        "FID" : 22,
        "PMNTN_SPOT" : 15121,
        "MNTN_CODE" : "291100401",
        "MANAGE_SP1" : "99",
        "MANAGE_SP2" : "기타",
        "DETAIL_SPO" : "(로프)",
        "ETC_MATTER" : "로프종점",
        "MNTN_NM" : "깃대봉",
        "PAST_SPOT_" : "15033604000023",
        "MNTN_ID" : "1503360400"
      },
      "geometry" : {
        "x" : 195149.17450000066,
        "y" : 282672.76110000163
      }
    },
    {
      "attributes" : {
        "FID" : 23,
        "PMNTN_SPOT" : 15122,
        "MNTN_CODE" : "291100401",
        "MANAGE_SP1" : "99",
        "MANAGE_SP2" : "기타",
        "DETAIL_SPO" : "기타",
        "ETC_MATTER" : " ",
        "MNTN_NM" : "깃대봉",
        "PAST_SPOT_" : "15033604000024",
        "MNTN_ID" : "1503360400"
      },
      "geometry" : {
        "x" : 194245.89479999989,
        "y" : 283276.06100000255
      }
    },
    {
      "attributes" : {
        "FID" : 24,
        "PMNTN_SPOT" : 15123,
        "MNTN_CODE" : "291100401",
        "MANAGE_SP1" : "99",
        "MANAGE_SP2" : "기타",
        "DETAIL_SPO" : "기타",
        "ETC_MATTER" : " ",
        "MNTN_NM" : "깃대봉",
        "PAST_SPOT_" : "15033604000025",
        "MNTN_ID" : "1503360400"
      },
      "geometry" : {
        "x" : 194344.51530000381,
        "y" : 283166.93950000219
      }
    },
    {
      "attributes" : {
        "FID" : 25,
        "PMNTN_SPOT" : 15124,
        "MNTN_CODE" : "291100401",
        "MANAGE_SP1" : "99",
        "MANAGE_SP2" : "기타",
        "DETAIL_SPO" : "기타",
        "ETC_MATTER" : " ",
        "MNTN_NM" : "깃대봉",
        "PAST_SPOT_" : "15033604000026",
        "MNTN_ID" : "1503360400"
      },
      "geometry" : {
        "x" : 194287.57969999872,
        "y" : 282064.96980000287
      }
    },
    {
      "attributes" : {
        "FID" : 26,
        "PMNTN_SPOT" : 15125,
        "MNTN_CODE" : "291100401",
        "MANAGE_SP1" : "99",
        "MANAGE_SP2" : "기타",
        "DETAIL_SPO" : "기타",
        "ETC_MATTER" : " ",
        "MNTN_NM" : "깃대봉",
        "PAST_SPOT_" : "15033604000027",
        "MNTN_ID" : "1503360400"
      },
      "geometry" : {
        "x" : 194258.85640000086,
        "y" : 282183.25449999981
      }
    },
    {
      "attributes" : {
        "FID" : 27,
        "PMNTN_SPOT" : 15126,
        "MNTN_CODE" : "291100401",
        "MANAGE_SP1" : "99",
        "MANAGE_SP2" : "기타",
        "DETAIL_SPO" : "기타",
        "ETC_MATTER" : " ",
        "MNTN_NM" : "깃대봉",
        "PAST_SPOT_" : "15033604000028",
        "MNTN_ID" : "1503360400"
      },
      "geometry" : {
        "x" : 194232.97460000124,
        "y" : 282185.15740000084
      }
    },
    {
      "attributes" : {
        "FID" : 28,
        "PMNTN_SPOT" : 15127,
        "MNTN_CODE" : "291100401",
        "MANAGE_SP1" : "99",
        "MANAGE_SP2" : "기타",
        "DETAIL_SPO" : "(로프)",
        "ETC_MATTER" : "로프 끝점",
        "MNTN_NM" : "깃대봉",
        "PAST_SPOT_" : "15033604000029",
        "MNTN_ID" : "1503360400"
      },
      "geometry" : {
        "x" : 195109.79799999949,
        "y" : 282824.44320000336
      }
    },
    {
      "attributes" : {
        "FID" : 29,
        "PMNTN_SPOT" : 15128,
        "MNTN_CODE" : "291100401",
        "MANAGE_SP1" : "03",
        "MANAGE_SP2" : "정자",
        "DETAIL_SPO" : "정자,목계단",
        "ETC_MATTER" : " ",
        "MNTN_NM" : "깃대봉",
        "PAST_SPOT_" : "15033604000030",
        "MNTN_ID" : "1503360400"
      },
      "geometry" : {
        "x" : 193794.12870000023,
        "y" : 282288.96390000172
      }
    },
    {
      "attributes" : {
        "FID" : 30,
        "PMNTN_SPOT" : 15129,
        "MNTN_CODE" : "291100401",
        "MANAGE_SP1" : "99",
        "MANAGE_SP2" : "기타",
        "DETAIL_SPO" : "기타",
        "ETC_MATTER" : " ",
        "MNTN_NM" : "깃대봉",
        "PAST_SPOT_" : "15033604000031",
        "MNTN_ID" : "1503360400"
      },
      "geometry" : {
        "x" : 193824.48480000068,
        "y" : 282300.037200002
      }
    },
    {
      "attributes" : {
        "FID" : 31,
        "PMNTN_SPOT" : 15130,
        "MNTN_CODE" : "291100401",
        "MANAGE_SP1" : "99",
        "MANAGE_SP2" : "기타",
        "DETAIL_SPO" : "기타",
        "ETC_MATTER" : "3개",
        "MNTN_NM" : "깃대봉",
        "PAST_SPOT_" : "15033604000032",
        "MNTN_ID" : "1503360400"
      },
      "geometry" : {
        "x" : 193853.3712000018,
        "y" : 282294.46990000457
      }
    },
    {
      "attributes" : {
        "FID" : 32,
        "PMNTN_SPOT" : 15131,
        "MNTN_CODE" : "291100401",
        "MANAGE_SP1" : "01",
        "MANAGE_SP2" : "시종점",
        "DETAIL_SPO" : "시종점",
        "ETC_MATTER" : " ",
        "MNTN_NM" : "깃대봉",
        "PAST_SPOT_" : "15033604000033",
        "MNTN_ID" : "1503360400"
      },
      "geometry" : {
        "x" : 195435.28247890063,
        "y" : 283487.56409426965
      }
    },
    {
      "attributes" : {
        "FID" : 33,
        "PMNTN_SPOT" : 15132,
        "MNTN_CODE" : "291100401",
        "MANAGE_SP1" : "99",
        "MANAGE_SP2" : "기타",
        "DETAIL_SPO" : "기타",
        "ETC_MATTER" : " ",
        "MNTN_NM" : "깃대봉",
        "PAST_SPOT_" : "15033604000034",
        "MNTN_ID" : "1503360400"
      },
      "geometry" : {
        "x" : 194029.5317000011,
        "y" : 282285.14140000194
      }
    },
    {
      "attributes" : {
        "FID" : 34,
        "PMNTN_SPOT" : 15133,
        "MNTN_CODE" : "291100401",
        "MANAGE_SP1" : "99",
        "MANAGE_SP2" : "기타",
        "DETAIL_SPO" : "기타",
        "ETC_MATTER" : " ",
        "MNTN_NM" : "깃대봉",
        "PAST_SPOT_" : "15033604000035",
        "MNTN_ID" : "1503360400"
      },
      "geometry" : {
        "x" : 194062.99860000238,
        "y" : 282314.74100000039
      }
    },
    {
      "attributes" : {
        "FID" : 35,
        "PMNTN_SPOT" : 15134,
        "MNTN_CODE" : "291100401",
        "MANAGE_SP1" : "99",
        "MANAGE_SP2" : "기타",
        "DETAIL_SPO" : "기타",
        "ETC_MATTER" : " ",
        "MNTN_NM" : "깃대봉",
        "PAST_SPOT_" : "15033604000036",
        "MNTN_ID" : "1503360400"
      },
      "geometry" : {
        "x" : 194096.37780000176,
        "y" : 282349.7770000007
      }
    },
    {
      "attributes" : {
        "FID" : 36,
        "PMNTN_SPOT" : 15135,
        "MNTN_CODE" : "291100401",
        "MANAGE_SP1" : "99",
        "MANAGE_SP2" : "기타",
        "DETAIL_SPO" : "기타",
        "ETC_MATTER" : " ",
        "MNTN_NM" : "깃대봉",
        "PAST_SPOT_" : "15033604000037",
        "MNTN_ID" : "1503360400"
      },
      "geometry" : {
        "x" : 194125.28870000318,
        "y" : 282381.26590000279
      }
    },
    {
      "attributes" : {
        "FID" : 37,
        "PMNTN_SPOT" : 15136,
        "MNTN_CODE" : "291100401",
        "MANAGE_SP1" : "99",
        "MANAGE_SP2" : "기타",
        "DETAIL_SPO" : "기타",
        "ETC_MATTER" : " ",
        "MNTN_NM" : "깃대봉",
        "PAST_SPOT_" : "15033604000038",
        "MNTN_ID" : "1503360400"
      },
      "geometry" : {
        "x" : 194189.10650000349,
        "y" : 282416.28210000135
      }
    },
    {
      "attributes" : {
        "FID" : 38,
        "PMNTN_SPOT" : 15137,
        "MNTN_CODE" : "291100401",
        "MANAGE_SP1" : "99",
        "MANAGE_SP2" : "기타",
        "DETAIL_SPO" : "기타",
        "ETC_MATTER" : " ",
        "MNTN_NM" : "깃대봉",
        "PAST_SPOT_" : "15033604000039",
        "MNTN_ID" : "1503360400"
      },
      "geometry" : {
        "x" : 194658.30879999977,
        "y" : 282177.45759999938
      }
    },
    {
      "attributes" : {
        "FID" : 39,
        "PMNTN_SPOT" : 15138,
        "MNTN_CODE" : "291100401",
        "MANAGE_SP1" : "99",
        "MANAGE_SP2" : "기타",
        "DETAIL_SPO" : "(목계단, 로프)",
        "ETC_MATTER" : " ",
        "MNTN_NM" : "깃대봉",
        "PAST_SPOT_" : "15033604000040",
        "MNTN_ID" : "1503360400"
      },
      "geometry" : {
        "x" : 194679.55610000156,
        "y" : 282197.85840000026
      }
    },
    {
      "attributes" : {
        "FID" : 40,
        "PMNTN_SPOT" : 15139,
        "MNTN_CODE" : "291100401",
        "MANAGE_SP1" : "99",
        "MANAGE_SP2" : "기타",
        "DETAIL_SPO" : "기타",
        "ETC_MATTER" : " ",
        "MNTN_NM" : "깃대봉",
        "PAST_SPOT_" : "15033604000041",
        "MNTN_ID" : "1503360400"
      },
      "geometry" : {
        "x" : 194693.30420000385,
        "y" : 282327.21079999954
      }
    },
    {
      "attributes" : {
        "FID" : 41,
        "PMNTN_SPOT" : 15140,
        "MNTN_CODE" : "291100401",
        "MANAGE_SP1" : "99",
        "MANAGE_SP2" : "기타",
        "DETAIL_SPO" : "기타",
        "ETC_MATTER" : " ",
        "MNTN_NM" : "깃대봉",
        "PAST_SPOT_" : "15033604000042",
        "MNTN_ID" : "1503360400"
      },
      "geometry" : {
        "x" : 194714.65330000035,
        "y" : 282366.02840000577
      }
    },
    {
      "attributes" : {
        "FID" : 42,
        "PMNTN_SPOT" : 15141,
        "MNTN_CODE" : "291100401",
        "MANAGE_SP1" : "99",
        "MANAGE_SP2" : "기타",
        "DETAIL_SPO" : "기타",
        "ETC_MATTER" : " ",
        "MNTN_NM" : "깃대봉",
        "PAST_SPOT_" : "15033604000043",
        "MNTN_ID" : "1503360400"
      },
      "geometry" : {
        "x" : 194861.99189999979,
        "y" : 282475.11040000059
      }
    },
    {
      "attributes" : {
        "FID" : 43,
        "PMNTN_SPOT" : 15142,
        "MNTN_CODE" : "291100401",
        "MANAGE_SP1" : "99",
        "MANAGE_SP2" : "기타",
        "DETAIL_SPO" : "(목계단)",
        "ETC_MATTER" : "길이 20m",
        "MNTN_NM" : "깃대봉",
        "PAST_SPOT_" : "15033604000044",
        "MNTN_ID" : "1503360400"
      },
      "geometry" : {
        "x" : 194895.43929999974,
        "y" : 282476.86610000208
      }
    },
    {
      "attributes" : {
        "FID" : 44,
        "PMNTN_SPOT" : 15143,
        "MNTN_CODE" : "291100401",
        "MANAGE_SP1" : "05",
        "MANAGE_SP2" : "벤치",
        "DETAIL_SPO" : "벤치,철탑",
        "ETC_MATTER" : " ",
        "MNTN_NM" : "깃대봉",
        "PAST_SPOT_" : "15033604000045",
        "MNTN_ID" : "1503360400"
      },
      "geometry" : {
        "x" : 194945.5803000005,
        "y" : 282506.45930000208
      }
    },
    {
      "attributes" : {
        "FID" : 45,
        "PMNTN_SPOT" : 15144,
        "MNTN_CODE" : "291100401",
        "MANAGE_SP1" : "99",
        "MANAGE_SP2" : "기타",
        "DETAIL_SPO" : "(개울)",
        "ETC_MATTER" : " ",
        "MNTN_NM" : "깃대봉",
        "PAST_SPOT_" : "15033604000046",
        "MNTN_ID" : "1503360400"
      },
      "geometry" : {
        "x" : 194775.79620000254,
        "y" : 283122.29700000212
      }
    },
    {
      "attributes" : {
        "FID" : 46,
        "PMNTN_SPOT" : 15145,
        "MNTN_CODE" : "291100401",
        "MANAGE_SP1" : "99",
        "MANAGE_SP2" : "기타",
        "DETAIL_SPO" : "(철탑)",
        "ETC_MATTER" : " ",
        "MNTN_NM" : "깃대봉",
        "PAST_SPOT_" : "15033604000047",
        "MNTN_ID" : "1503360400"
      },
      "geometry" : {
        "x" : 194972.77540000062,
        "y" : 282251.27290000021
      }
    },
    {
      "attributes" : {
        "FID" : 47,
        "PMNTN_SPOT" : 15146,
        "MNTN_CODE" : "291100401",
        "MANAGE_SP1" : "99",
        "MANAGE_SP2" : "기타",
        "DETAIL_SPO" : "기타",
        "ETC_MATTER" : "2개",
        "MNTN_NM" : "깃대봉",
        "PAST_SPOT_" : "15033604000048",
        "MNTN_ID" : "1503360400"
      },
      "geometry" : {
        "x" : 195139.8984000003,
        "y" : 282376.878800001
      }
    },
    {
      "attributes" : {
        "FID" : 48,
        "PMNTN_SPOT" : 15147,
        "MNTN_CODE" : "291100401",
        "MANAGE_SP1" : "99",
        "MANAGE_SP2" : "기타",
        "DETAIL_SPO" : "기타",
        "ETC_MATTER" : "140007로 연결",
        "MNTN_NM" : "깃대봉",
        "PAST_SPOT_" : "15033604000049",
        "MNTN_ID" : "1503360400"
      },
      "geometry" : {
        "x" : 195203.68930000346,
        "y" : 282369.52160000615
      }
    },
    {
      "attributes" : {
        "FID" : 49,
        "PMNTN_SPOT" : 15148,
        "MNTN_CODE" : "291100401",
        "MANAGE_SP1" : "99",
        "MANAGE_SP2" : "기타",
        "DETAIL_SPO" : "기타",
        "ETC_MATTER" : "140005로 연력",
        "MNTN_NM" : "깃대봉",
        "PAST_SPOT_" : "15033604000050",
        "MNTN_ID" : "1503360400"
      },
      "geometry" : {
        "x" : 195294.89490000159,
        "y" : 282500.71920000389
      }
    },
    {
      "attributes" : {
        "FID" : 50,
        "PMNTN_SPOT" : 15149,
        "MNTN_CODE" : "291100401",
        "MANAGE_SP1" : "99",
        "MANAGE_SP2" : "기타",
        "DETAIL_SPO" : "기타",
        "ETC_MATTER" : "벤치추가설치요",
        "MNTN_NM" : "깃대봉",
        "PAST_SPOT_" : "15033604000051",
        "MNTN_ID" : "1503360400"
      },
      "geometry" : {
        "x" : 195527.56149999984,
        "y" : 283040.5623000022
      }
    },
    {
      "attributes" : {
        "FID" : 51,
        "PMNTN_SPOT" : 15150,
        "MNTN_CODE" : "291100401",
        "MANAGE_SP1" : "99",
        "MANAGE_SP2" : "기타",
        "DETAIL_SPO" : "기타",
        "ETC_MATTER" : " ",
        "MNTN_NM" : "깃대봉",
        "PAST_SPOT_" : "15033604000052",
        "MNTN_ID" : "1503360400"
      },
      "geometry" : {
        "x" : 196175.94440000132,
        "y" : 282624.21660000086
      }
    },
    {
      "attributes" : {
        "FID" : 52,
        "PMNTN_SPOT" : 15151,
        "MNTN_CODE" : "291100401",
        "MANAGE_SP1" : "99",
        "MANAGE_SP2" : "기타",
        "DETAIL_SPO" : "기타",
        "ETC_MATTER" : "151008과 연결",
        "MNTN_NM" : "깃대봉",
        "PAST_SPOT_" : "15033604000053",
        "MNTN_ID" : "1503360400"
      },
      "geometry" : {
        "x" : 195908.69150000345,
        "y" : 282711.20610000007
      }
    },
    {
      "attributes" : {
        "FID" : 53,
        "PMNTN_SPOT" : 15152,
        "MNTN_CODE" : "291100401",
        "MANAGE_SP1" : "99",
        "MANAGE_SP2" : "기타",
        "DETAIL_SPO" : "기타",
        "ETC_MATTER" : "벤치 보수요",
        "MNTN_NM" : "깃대봉",
        "PAST_SPOT_" : "15033604000054",
        "MNTN_ID" : "1503360400"
      },
      "geometry" : {
        "x" : 194234.80509999953,
        "y" : 282617.83740000241
      }
    },
    {
      "attributes" : {
        "FID" : 54,
        "PMNTN_SPOT" : 15153,
        "MNTN_CODE" : "291100401",
        "MANAGE_SP1" : "11",
        "MANAGE_SP2" : "안내판또는지도",
        "DETAIL_SPO" : "(약수터안내문),국기봉약수터",
        "ETC_MATTER" : " ",
        "MNTN_NM" : "깃대봉",
        "PAST_SPOT_" : "15033604000055",
        "MNTN_ID" : "1503360400"
      },
      "geometry" : {
        "x" : 194282.04970000032,
        "y" : 282817.50600000098
      }
    },
    {
      "attributes" : {
        "FID" : 55,
        "PMNTN_SPOT" : 15154,
        "MNTN_CODE" : "291100401",
        "MANAGE_SP1" : "99",
        "MANAGE_SP2" : "기타",
        "DETAIL_SPO" : "(목계단, 로프)끝",
        "ETC_MATTER" : " ",
        "MNTN_NM" : "깃대봉",
        "PAST_SPOT_" : "15033604000056",
        "MNTN_ID" : "1503360400"
      },
      "geometry" : {
        "x" : 194669.02090000082,
        "y" : 282258.88390000351
      }
    },
    {
      "attributes" : {
        "FID" : 56,
        "PMNTN_SPOT" : 15155,
        "MNTN_CODE" : "291100401",
        "MANAGE_SP1" : "99",
        "MANAGE_SP2" : "기타",
        "DETAIL_SPO" : "기타",
        "ETC_MATTER" : " ",
        "MNTN_NM" : "깃대봉",
        "PAST_SPOT_" : "15033604000057",
        "MNTN_ID" : "1503360400"
      },
      "geometry" : {
        "x" : 194769.36860000249,
        "y" : 282423.35380000062
      }
    },
    {
      "attributes" : {
        "FID" : 57,
        "PMNTN_SPOT" : 15156,
        "MNTN_CODE" : "291100401",
        "MANAGE_SP1" : "99",
        "MANAGE_SP2" : "기타",
        "DETAIL_SPO" : "기타",
        "ETC_MATTER" : "음수금지",
        "MNTN_NM" : "깃대봉",
        "PAST_SPOT_" : "15033604000058",
        "MNTN_ID" : "1503360400"
      },
      "geometry" : {
        "x" : 194910.90140000079,
        "y" : 282898.44419999979
      }
    },
    {
      "attributes" : {
        "FID" : 58,
        "PMNTN_SPOT" : 15157,
        "MNTN_CODE" : "291100401",
        "MANAGE_SP1" : "01",
        "MANAGE_SP2" : "시종점",
        "DETAIL_SPO" : "시종점(목계단)",
        "ETC_MATTER" : "목계단시점",
        "MNTN_NM" : "깃대봉",
        "PAST_SPOT_" : "15033604000059",
        "MNTN_ID" : "1503360400"
      },
      "geometry" : {
        "x" : 193800.09600000177,
        "y" : 282220.61830000393
      }
    },
    {
      "attributes" : {
        "FID" : 59,
        "PMNTN_SPOT" : 15158,
        "MNTN_CODE" : "291100401",
        "MANAGE_SP1" : "02",
        "MANAGE_SP2" : "분기점",
        "DETAIL_SPO" : "분기점",
        "ETC_MATTER" : " ",
        "MNTN_NM" : "깃대봉",
        "PAST_SPOT_" : "15033604000060",
        "MNTN_ID" : "1503360400"
      },
      "geometry" : {
        "x" : 193956.59130000137,
        "y" : 282272.5289000012
      }
    },
    {
      "attributes" : {
        "FID" : 60,
        "PMNTN_SPOT" : 15159,
        "MNTN_CODE" : "291100401",
        "MANAGE_SP1" : "01",
        "MANAGE_SP2" : "시종점",
        "DETAIL_SPO" : "시종점(목계단)",
        "ETC_MATTER" : "길이 20m",
        "MNTN_NM" : "깃대봉",
        "PAST_SPOT_" : "15033604000061",
        "MNTN_ID" : "1503360400"
      },
      "geometry" : {
        "x" : 194070.8272000039,
        "y" : 282710.36180000752
      }
    },
    {
      "attributes" : {
        "FID" : 61,
        "PMNTN_SPOT" : 15160,
        "MNTN_CODE" : "291100401",
        "MANAGE_SP1" : "02",
        "MANAGE_SP2" : "분기점",
        "DETAIL_SPO" : "분기점",
        "ETC_MATTER" : " ",
        "MNTN_NM" : "깃대봉",
        "PAST_SPOT_" : "15033604000062",
        "MNTN_ID" : "1503360400"
      },
      "geometry" : {
        "x" : 194123.9523999989,
        "y" : 282703.00420000032
      }
    },
    {
      "attributes" : {
        "FID" : 62,
        "PMNTN_SPOT" : 15161,
        "MNTN_CODE" : "291100401",
        "MANAGE_SP1" : "02",
        "MANAGE_SP2" : "분기점",
        "DETAIL_SPO" : "분기점",
        "ETC_MATTER" : "종점",
        "MNTN_NM" : "깃대봉",
        "PAST_SPOT_" : "15033604000063",
        "MNTN_ID" : "1503360400"
      },
      "geometry" : {
        "x" : 194145.35329999961,
        "y" : 282157.71429999918
      }
    },
    {
      "attributes" : {
        "FID" : 63,
        "PMNTN_SPOT" : 15162,
        "MNTN_CODE" : "291100401",
        "MANAGE_SP1" : "01",
        "MANAGE_SP2" : "시종점",
        "DETAIL_SPO" : "시종점",
        "ETC_MATTER" : "종점",
        "MNTN_NM" : "깃대봉",
        "PAST_SPOT_" : "15033604000064",
        "MNTN_ID" : "1503360400"
      },
      "geometry" : {
        "x" : 194150.2144000018,
        "y" : 282070.5979999993
      }
    },
    {
      "attributes" : {
        "FID" : 64,
        "PMNTN_SPOT" : 15163,
        "MNTN_CODE" : "291100401",
        "MANAGE_SP1" : "02",
        "MANAGE_SP2" : "분기점",
        "DETAIL_SPO" : "분기점",
        "ETC_MATTER" : "가로등훼손",
        "MNTN_NM" : "깃대봉",
        "PAST_SPOT_" : "15033604000065",
        "MNTN_ID" : "1503360400"
      },
      "geometry" : {
        "x" : 194159.81020000111,
        "y" : 282416.30140000209
      }
    },
    {
      "attributes" : {
        "FID" : 65,
        "PMNTN_SPOT" : 15164,
        "MNTN_CODE" : "291100401",
        "MANAGE_SP1" : "01",
        "MANAGE_SP2" : "시종점",
        "DETAIL_SPO" : "시종점",
        "ETC_MATTER" : "시점",
        "MNTN_NM" : "깃대봉",
        "PAST_SPOT_" : "15033604000066",
        "MNTN_ID" : "1503360400"
      },
      "geometry" : {
        "x" : 194185.82570000179,
        "y" : 283320.5503000021
      }
    },
    {
      "attributes" : {
        "FID" : 66,
        "PMNTN_SPOT" : 15165,
        "MNTN_CODE" : "291100401",
        "MANAGE_SP1" : "02",
        "MANAGE_SP2" : "분기점",
        "DETAIL_SPO" : "분기점",
        "ETC_MATTER" : " ",
        "MNTN_NM" : "깃대봉",
        "PAST_SPOT_" : "15033604000067",
        "MNTN_ID" : "1503360400"
      },
      "geometry" : {
        "x" : 194198.19710000139,
        "y" : 282381.21790000238
      }
    },
    {
      "attributes" : {
        "FID" : 67,
        "PMNTN_SPOT" : 15166,
        "MNTN_CODE" : "291100401",
        "MANAGE_SP1" : "02",
        "MANAGE_SP2" : "분기점",
        "DETAIL_SPO" : "분기점",
        "ETC_MATTER" : " ",
        "MNTN_NM" : "깃대봉",
        "PAST_SPOT_" : "15033604000068",
        "MNTN_ID" : "1503360400"
      },
      "geometry" : {
        "x" : 194228.75020000152,
        "y" : 282696.16070000269
      }
    },
    {
      "attributes" : {
        "FID" : 68,
        "PMNTN_SPOT" : 15167,
        "MNTN_CODE" : "291100401",
        "MANAGE_SP1" : "02",
        "MANAGE_SP2" : "분기점",
        "DETAIL_SPO" : "분기점",
        "ETC_MATTER" : " ",
        "MNTN_NM" : "깃대봉",
        "PAST_SPOT_" : "15033604000069",
        "MNTN_ID" : "1503360400"
      },
      "geometry" : {
        "x" : 194241.12240000255,
        "y" : 282943.23200000077
      }
    },
    {
      "attributes" : {
        "FID" : 69,
        "PMNTN_SPOT" : 15168,
        "MNTN_CODE" : "291100401",
        "MANAGE_SP1" : "02",
        "MANAGE_SP2" : "분기점",
        "DETAIL_SPO" : "분기점",
        "ETC_MATTER" : "조대와 분기",
        "MNTN_NM" : "깃대봉",
        "PAST_SPOT_" : "15033604000070",
        "MNTN_ID" : "1503360400"
      },
      "geometry" : {
        "x" : 194250.12860000134,
        "y" : 282481.1061000023
      }
    },
    {
      "attributes" : {
        "FID" : 70,
        "PMNTN_SPOT" : 15169,
        "MNTN_CODE" : "291100401",
        "MANAGE_SP1" : "02",
        "MANAGE_SP2" : "분기점",
        "DETAIL_SPO" : "분기점",
        "ETC_MATTER" : "조대와 분기",
        "MNTN_NM" : "깃대봉",
        "PAST_SPOT_" : "15033604000071",
        "MNTN_ID" : "1503360400"
      },
      "geometry" : {
        "x" : 194252.83530000132,
        "y" : 282314.61600000411
      }
    },
    {
      "attributes" : {
        "FID" : 71,
        "PMNTN_SPOT" : 15170,
        "MNTN_CODE" : "291100401",
        "MANAGE_SP1" : "02",
        "MANAGE_SP2" : "분기점",
        "DETAIL_SPO" : "분기점",
        "ETC_MATTER" : "좌, 우로 분기",
        "MNTN_NM" : "깃대봉",
        "PAST_SPOT_" : "15033604000072",
        "MNTN_ID" : "1503360400"
      },
      "geometry" : {
        "x" : 194262.11160000134,
        "y" : 282566.00889999978
      }
    },
    {
      "attributes" : {
        "FID" : 72,
        "PMNTN_SPOT" : 15171,
        "MNTN_CODE" : "291100401",
        "MANAGE_SP1" : "01",
        "MANAGE_SP2" : "시종점",
        "DETAIL_SPO" : "시종점",
        "ETC_MATTER" : " ",
        "MNTN_NM" : "깃대봉",
        "PAST_SPOT_" : "15033604000073",
        "MNTN_ID" : "1503360400"
      },
      "geometry" : {
        "x" : 194317.6166000003,
        "y" : 282064.22619999945
      }
    },
    {
      "attributes" : {
        "FID" : 73,
        "PMNTN_SPOT" : 15172,
        "MNTN_CODE" : "291100401",
        "MANAGE_SP1" : "02",
        "MANAGE_SP2" : "분기점",
        "DETAIL_SPO" : "분기점",
        "ETC_MATTER" : " ",
        "MNTN_NM" : "깃대봉",
        "PAST_SPOT_" : "15033604000074",
        "MNTN_ID" : "1503360400"
      },
      "geometry" : {
        "x" : 194318.50600000005,
        "y" : 282068.39050000347
      }
    },
    {
      "attributes" : {
        "FID" : 74,
        "PMNTN_SPOT" : 15173,
        "MNTN_CODE" : "291100401",
        "MANAGE_SP1" : "01",
        "MANAGE_SP2" : "시종점",
        "DETAIL_SPO" : "시종점,현대APT",
        "ETC_MATTER" : "시점",
        "MNTN_NM" : "깃대봉",
        "PAST_SPOT_" : "15033604000075",
        "MNTN_ID" : "1503360400"
      },
      "geometry" : {
        "x" : 194321.26880000159,
        "y" : 281996.2332000006
      }
    },
    {
      "attributes" : {
        "FID" : 75,
        "PMNTN_SPOT" : 15174,
        "MNTN_CODE" : "291100401",
        "MANAGE_SP1" : "99",
        "MANAGE_SP2" : "기타",
        "DETAIL_SPO" : "깃대봉",
        "ETC_MATTER" : " ",
        "MNTN_NM" : "깃대봉",
        "PAST_SPOT_" : "15033604000076",
        "MNTN_ID" : "1503360400"
      },
      "geometry" : {
        "x" : 194345.94890000019,
        "y" : 282985.76700000279
      }
    },
    {
      "attributes" : {
        "FID" : 76,
        "PMNTN_SPOT" : 15175,
        "MNTN_CODE" : "291100401",
        "MANAGE_SP1" : "01",
        "MANAGE_SP2" : "시종점",
        "DETAIL_SPO" : "시종점",
        "ETC_MATTER" : " ",
        "MNTN_NM" : "깃대봉",
        "PAST_SPOT_" : "15033604000077",
        "MNTN_ID" : "1503360400"
      },
      "geometry" : {
        "x" : 194426.47150000278,
        "y" : 282044.99160000309
      }
    },
    {
      "attributes" : {
        "FID" : 77,
        "PMNTN_SPOT" : 15176,
        "MNTN_CODE" : "291100401",
        "MANAGE_SP1" : "02",
        "MANAGE_SP2" : "분기점",
        "DETAIL_SPO" : "분기점",
        "ETC_MATTER" : " ",
        "MNTN_NM" : "깃대봉",
        "PAST_SPOT_" : "15033604000078",
        "MNTN_ID" : "1503360400"
      },
      "geometry" : {
        "x" : 194435.34130000137,
        "y" : 282920.91919999756
      }
    },
    {
      "attributes" : {
        "FID" : 78,
        "PMNTN_SPOT" : 15177,
        "MNTN_CODE" : "291100401",
        "MANAGE_SP1" : "02",
        "MANAGE_SP2" : "분기점",
        "DETAIL_SPO" : "분기점",
        "ETC_MATTER" : " ",
        "MNTN_NM" : "깃대봉",
        "PAST_SPOT_" : "15033604000079",
        "MNTN_ID" : "1503360400"
      },
      "geometry" : {
        "x" : 194462.03509999998,
        "y" : 282903.05000000075
      }
    },
    {
      "attributes" : {
        "FID" : 79,
        "PMNTN_SPOT" : 15178,
        "MNTN_CODE" : "291100401",
        "MANAGE_SP1" : "01",
        "MANAGE_SP2" : "시종점",
        "DETAIL_SPO" : "시종점",
        "ETC_MATTER" : "종점",
        "MNTN_NM" : "깃대봉",
        "PAST_SPOT_" : "15033604000080",
        "MNTN_ID" : "1503360400"
      },
      "geometry" : {
        "x" : 194567.93110000063,
        "y" : 283416.42390000075
      }
    },
    {
      "attributes" : {
        "FID" : 80,
        "PMNTN_SPOT" : 15179,
        "MNTN_CODE" : "291100401",
        "MANAGE_SP1" : "01",
        "MANAGE_SP2" : "시종점",
        "DETAIL_SPO" : "시종점(돌계단)",
        "ETC_MATTER" : "길이 10m",
        "MNTN_NM" : "깃대봉",
        "PAST_SPOT_" : "15033604000081",
        "MNTN_ID" : "1503360400"
      },
      "geometry" : {
        "x" : 194659.83580000326,
        "y" : 282140.51230000146
      }
    },
    {
      "attributes" : {
        "FID" : 81,
        "PMNTN_SPOT" : 15180,
        "MNTN_CODE" : "291100401",
        "MANAGE_SP1" : "01",
        "MANAGE_SP2" : "시종점",
        "DETAIL_SPO" : "시종점",
        "ETC_MATTER" : "시점",
        "MNTN_NM" : "깃대봉",
        "PAST_SPOT_" : "15033604000082",
        "MNTN_ID" : "1503360400"
      },
      "geometry" : {
        "x" : 194842.10570000112,
        "y" : 282150.13560000248
      }
    },
    {
      "attributes" : {
        "FID" : 82,
        "PMNTN_SPOT" : 15181,
        "MNTN_CODE" : "291100401",
        "MANAGE_SP1" : "10",
        "MANAGE_SP2" : "이정표",
        "DETAIL_SPO" : "이정표,송전탑",
        "ETC_MATTER" : " ",
        "MNTN_NM" : "깃대봉",
        "PAST_SPOT_" : "15033604000083",
        "MNTN_ID" : "1503360400"
      },
      "geometry" : {
        "x" : 194897.1892000027,
        "y" : 282824.5634000022
      }
    },
    {
      "attributes" : {
        "FID" : 83,
        "PMNTN_SPOT" : 15182,
        "MNTN_CODE" : "291100401",
        "MANAGE_SP1" : "99",
        "MANAGE_SP2" : "기타",
        "DETAIL_SPO" : "(목계단)",
        "ETC_MATTER" : " ",
        "MNTN_NM" : "깃대봉",
        "PAST_SPOT_" : "15033604000084",
        "MNTN_ID" : "1503360400"
      },
      "geometry" : {
        "x" : 195093.11690000165,
        "y" : 282817.01920000091
      }
    },
    {
      "attributes" : {
        "FID" : 84,
        "PMNTN_SPOT" : 15183,
        "MNTN_CODE" : "291100401",
        "MANAGE_SP1" : "02",
        "MANAGE_SP2" : "분기점",
        "DETAIL_SPO" : "분기점",
        "ETC_MATTER" : " ",
        "MNTN_NM" : "깃대봉",
        "PAST_SPOT_" : "15033604000085",
        "MNTN_ID" : "1503360400"
      },
      "geometry" : {
        "x" : 195094.48060000036,
        "y" : 282646.94140000455
      }
    },
    {
      "attributes" : {
        "FID" : 85,
        "PMNTN_SPOT" : 15184,
        "MNTN_CODE" : "291100401",
        "MANAGE_SP1" : "07",
        "MANAGE_SP2" : "시설물(운동기구 등)",
        "DETAIL_SPO" : "(운동기구)",
        "ETC_MATTER" : " ",
        "MNTN_NM" : "깃대봉",
        "PAST_SPOT_" : "15033604000086",
        "MNTN_ID" : "1503360400"
      },
      "geometry" : {
        "x" : 195117.10429999977,
        "y" : 282358.47469999827
      }
    },
    {
      "attributes" : {
        "FID" : 86,
        "PMNTN_SPOT" : 15185,
        "MNTN_CODE" : "291100401",
        "MANAGE_SP1" : "02",
        "MANAGE_SP2" : "분기점",
        "DETAIL_SPO" : "분기점",
        "ETC_MATTER" : " ",
        "MNTN_NM" : "깃대봉",
        "PAST_SPOT_" : "15033604000087",
        "MNTN_ID" : "1503360400"
      },
      "geometry" : {
        "x" : 195188.73910000082,
        "y" : 282696.81430000253
      }
    },
    {
      "attributes" : {
        "FID" : 87,
        "PMNTN_SPOT" : 15186,
        "MNTN_CODE" : "291100401",
        "MANAGE_SP1" : "05",
        "MANAGE_SP2" : "벤치",
        "DETAIL_SPO" : "벤치,로프,목계단",
        "ETC_MATTER" : " ",
        "MNTN_NM" : "깃대봉",
        "PAST_SPOT_" : "15033604000088",
        "MNTN_ID" : "1503360400"
      },
      "geometry" : {
        "x" : 195191.78469999973,
        "y" : 282767.04020000249
      }
    },
    {
      "attributes" : {
        "FID" : 88,
        "PMNTN_SPOT" : 15187,
        "MNTN_CODE" : "291100401",
        "MANAGE_SP1" : "02",
        "MANAGE_SP2" : "분기점",
        "DETAIL_SPO" : "분기점",
        "ETC_MATTER" : " ",
        "MNTN_NM" : "깃대봉",
        "PAST_SPOT_" : "15033604000089",
        "MNTN_ID" : "1503360400"
      },
      "geometry" : {
        "x" : 195208.38460000046,
        "y" : 282624.69010000117
      }
    },
    {
      "attributes" : {
        "FID" : 89,
        "PMNTN_SPOT" : 15188,
        "MNTN_CODE" : "291100401",
        "MANAGE_SP1" : "02",
        "MANAGE_SP2" : "분기점",
        "DETAIL_SPO" : "분기점",
        "ETC_MATTER" : " ",
        "MNTN_NM" : "깃대봉",
        "PAST_SPOT_" : "15033604000090",
        "MNTN_ID" : "1503360400"
      },
      "geometry" : {
        "x" : 195234.26040000096,
        "y" : 282613.58170000277
      }
    },
    {
      "attributes" : {
        "FID" : 90,
        "PMNTN_SPOT" : 15189,
        "MNTN_CODE" : "291100401",
        "MANAGE_SP1" : "02",
        "MANAGE_SP2" : "분기점",
        "DETAIL_SPO" : "분기점",
        "ETC_MATTER" : " ",
        "MNTN_NM" : "깃대봉",
        "PAST_SPOT_" : "15033604000091",
        "MNTN_ID" : "1503360400"
      },
      "geometry" : {
        "x" : 195245.03900000174,
        "y" : 282998.10759999976
      }
    },
    {
      "attributes" : {
        "FID" : 91,
        "PMNTN_SPOT" : 15190,
        "MNTN_CODE" : "291100401",
        "MANAGE_SP1" : "02",
        "MANAGE_SP2" : "분기점",
        "DETAIL_SPO" : "분기점",
        "ETC_MATTER" : " ",
        "MNTN_NM" : "깃대봉",
        "PAST_SPOT_" : "15033604000092",
        "MNTN_ID" : "1503360400"
      },
      "geometry" : {
        "x" : 195267.50380000286,
        "y" : 283072.33019999973
      }
    },
    {
      "attributes" : {
        "FID" : 92,
        "PMNTN_SPOT" : 15191,
        "MNTN_CODE" : "291100401",
        "MANAGE_SP1" : "02",
        "MANAGE_SP2" : "분기점",
        "DETAIL_SPO" : "분기점",
        "ETC_MATTER" : " ",
        "MNTN_NM" : "깃대봉",
        "PAST_SPOT_" : "15033604000093",
        "MNTN_ID" : "1503360400"
      },
      "geometry" : {
        "x" : 195337.68329999968,
        "y" : 282933.37780000269
      }
    },
    {
      "attributes" : {
        "FID" : 93,
        "PMNTN_SPOT" : 15192,
        "MNTN_CODE" : "291100401",
        "MANAGE_SP1" : "99",
        "MANAGE_SP2" : "기타",
        "DETAIL_SPO" : "(레일)",
        "ETC_MATTER" : " ",
        "MNTN_NM" : "깃대봉",
        "PAST_SPOT_" : "15033604000094",
        "MNTN_ID" : "1503360400"
      },
      "geometry" : {
        "x" : 195359.00610000268,
        "y" : 283103.44370000251
      }
    },
    {
      "attributes" : {
        "FID" : 94,
        "PMNTN_SPOT" : 15193,
        "MNTN_CODE" : "291100401",
        "MANAGE_SP1" : "99",
        "MANAGE_SP2" : "기타",
        "DETAIL_SPO" : "(레일종점)",
        "ETC_MATTER" : " ",
        "MNTN_NM" : "깃대봉",
        "PAST_SPOT_" : "15033604000095",
        "MNTN_ID" : "1503360400"
      },
      "geometry" : {
        "x" : 195565.59300000127,
        "y" : 283101.56230000034
      }
    },
    {
      "attributes" : {
        "FID" : 95,
        "PMNTN_SPOT" : 15194,
        "MNTN_CODE" : "291100401",
        "MANAGE_SP1" : "99",
        "MANAGE_SP2" : "기타",
        "DETAIL_SPO" : "(로프)",
        "ETC_MATTER" : "길이 20m",
        "MNTN_NM" : "깃대봉",
        "PAST_SPOT_" : "15033604000096",
        "MNTN_ID" : "1503360400"
      },
      "geometry" : {
        "x" : 195576.22060000245,
        "y" : 283033.10450000316
      }
    },
    {
      "attributes" : {
        "FID" : 96,
        "PMNTN_SPOT" : 15195,
        "MNTN_CODE" : "291100401",
        "MANAGE_SP1" : "01",
        "MANAGE_SP2" : "시종점",
        "DETAIL_SPO" : "시종점",
        "ETC_MATTER" : "시점",
        "MNTN_NM" : "깃대봉",
        "PAST_SPOT_" : "15033604000097",
        "MNTN_ID" : "1503360400"
      },
      "geometry" : {
        "x" : 195635.10020000301,
        "y" : 282309.6884000022
      }
    },
    {
      "attributes" : {
        "FID" : 97,
        "PMNTN_SPOT" : 15196,
        "MNTN_CODE" : "291100401",
        "MANAGE_SP1" : "01",
        "MANAGE_SP2" : "시종점",
        "DETAIL_SPO" : "시종점",
        "ETC_MATTER" : "리프트탑승처",
        "MNTN_NM" : "깃대봉",
        "PAST_SPOT_" : "15033604000098",
        "MNTN_ID" : "1503360400"
      },
      "geometry" : {
        "x" : 195763.11239999998,
        "y" : 283193.88140000589
      }
    },
    {
      "attributes" : {
        "FID" : 98,
        "PMNTN_SPOT" : 15197,
        "MNTN_CODE" : "291100401",
        "MANAGE_SP1" : "02",
        "MANAGE_SP2" : "분기점",
        "DETAIL_SPO" : "분기점",
        "ETC_MATTER" : " ",
        "MNTN_NM" : "깃대봉",
        "PAST_SPOT_" : "15033604000099",
        "MNTN_ID" : "1503360400"
      },
      "geometry" : {
        "x" : 195961.81480000168,
        "y" : 282696.42600000091
      }
    },
    {
      "attributes" : {
        "FID" : 99,
        "PMNTN_SPOT" : 15198,
        "MNTN_CODE" : "291100401",
        "MANAGE_SP1" : "01",
        "MANAGE_SP2" : "시종점",
        "DETAIL_SPO" : "시종점",
        "ETC_MATTER" : "시점",
        "MNTN_NM" : "깃대봉",
        "PAST_SPOT_" : "15033604000100",
        "MNTN_ID" : "1503360400"
      },
      "geometry" : {
        "x" : 195998.54800000042,
        "y" : 282032.32120000012
      }
    },
    {
      "attributes" : {
        "FID" : 100,
        "PMNTN_SPOT" : 15199,
        "MNTN_CODE" : "291100401",
        "MANAGE_SP1" : "01",
        "MANAGE_SP2" : "시종점",
        "DETAIL_SPO" : "시종점",
        "ETC_MATTER" : "시점",
        "MNTN_NM" : "깃대봉",
        "PAST_SPOT_" : "15033604000101",
        "MNTN_ID" : "1503360400"
      },
      "geometry" : {
        "x" : 196009.2892000014,
        "y" : 282049.1697999984
      }
    },
    {
      "attributes" : {
        "FID" : 101,
        "PMNTN_SPOT" : 15200,
        "MNTN_CODE" : "291100401",
        "MANAGE_SP1" : "01",
        "MANAGE_SP2" : "시종점",
        "DETAIL_SPO" : "시종점",
        "ETC_MATTER" : "종점",
        "MNTN_NM" : "깃대봉",
        "PAST_SPOT_" : "15033604000102",
        "MNTN_ID" : "1503360400"
      },
      "geometry" : {
        "x" : 196170.29730000347,
        "y" : 283204.22769999877
      }
    },
    {
      "attributes" : {
        "FID" : 102,
        "PMNTN_SPOT" : 15201,
        "MNTN_CODE" : "291100401",
        "MANAGE_SP1" : "01",
        "MANAGE_SP2" : "시종점",
        "DETAIL_SPO" : "시종점",
        "ETC_MATTER" : " ",
        "MNTN_NM" : "깃대봉",
        "PAST_SPOT_" : "15033604000103",
        "MNTN_ID" : "1503360400"
      },
      "geometry" : {
        "x" : 194849.19670000114,
        "y" : 282219.58080000244
      }
    },
    {
      "attributes" : {
        "FID" : 103,
        "PMNTN_SPOT" : 15202,
        "MNTN_CODE" : "291100401",
        "MANAGE_SP1" : "01",
        "MANAGE_SP2" : "시종점",
        "DETAIL_SPO" : "시종점",
        "ETC_MATTER" : " ",
        "MNTN_NM" : "깃대봉",
        "PAST_SPOT_" : "15033604000104",
        "MNTN_ID" : "1503360400"
      },
      "geometry" : {
        "x" : 195526.03019999992,
        "y" : 282626.39600000158
      }
    }
  ]
}