{
  "displayFieldName" : "",
  "fieldAliases" : {
    "FID" : "FID",
    "PMNTN_SPOT" : "PMNTN_SPOT",
    "MNTN_CODE" : "MNTN_CODE",
    "MANAGE_SP1" : "MANAGE_SP1",
    "MANAGE_SP2" : "MANAGE_SP2",
    "DETAIL_SPO" : "DETAIL_SPO",
    "ETC_MATTER" : "ETC_MATTER",
    "MNTN_NM" : "MNTN_NM",
    "PAST_SPOT_" : "PAST_SPOT_",
    "MNTN_ID" : "MNTN_ID"
  },
  "geometryType" : "esriGeometryPoint",
  "spatialReference" : {
    "wkt" : "PROJCS[\"PCS_ITRF2000_TM\",GEOGCS[\"GCS_ITRF_2000\",DATUM[\"D_ITRF_2000\",SPHEROID[\"GRS_1980\",6378137.0,298.257222101]],PRIMEM[\"Greenwich\",0.0],UNIT[\"Degree\",0.0174532925199433]],PROJECTION[\"Transverse_Mercator\"],PARAMETER[\"False_Easting\",200000.0],PARAMETER[\"False_Northing\",600000.0],PARAMETER[\"Central_Meridian\",127.0],PARAMETER[\"Scale_Factor\",1.0],PARAMETER[\"Latitude_Of_Origin\",38.0],UNIT[\"Meter\",1.0]]"
  },
  "fields" : [
    {
      "name" : "FID",
      "type" : "esriFieldTypeOID",
      "alias" : "FID"
    },
    {
      "name" : "PMNTN_SPOT",
      "type" : "esriFieldTypeDouble",
      "alias" : "PMNTN_SPOT"
    },
    {
      "name" : "MNTN_CODE",
      "type" : "esriFieldTypeString",
      "alias" : "MNTN_CODE",
      "length" : 9
    },
    {
      "name" : "MANAGE_SP1",
      "type" : "esriFieldTypeString",
      "alias" : "MANAGE_SP1",
      "length" : 2
    },
    {
      "name" : "MANAGE_SP2",
      "type" : "esriFieldTypeString",
      "alias" : "MANAGE_SP2",
      "length" : 50
    },
    {
      "name" : "DETAIL_SPO",
      "type" : "esriFieldTypeString",
      "alias" : "DETAIL_SPO",
      "length" : 200
    },
    {
      "name" : "ETC_MATTER",
      "type" : "esriFieldTypeString",
      "alias" : "ETC_MATTER",
      "length" : 200
    },
    {
      "name" : "MNTN_NM",
      "type" : "esriFieldTypeString",
      "alias" : "MNTN_NM",
      "length" : 50
    },
    {
      "name" : "PAST_SPOT_",
      "type" : "esriFieldTypeString",
      "alias" : "PAST_SPOT_",
      "length" : 14
    },
    {
      "name" : "MNTN_ID",
      "type" : "esriFieldTypeString",
      "alias" : "MNTN_ID",
      "length" : 10
    }
  ],
  "features" : [
    {
      "attributes" : {
        "FID" : 0,
        "PMNTN_SPOT" : 80265,
        "MNTN_CODE" : "447302401",
        "MANAGE_SP1" : "99",
        "MANAGE_SP2" : "기타",
        "DETAIL_SPO" : "산길입구",
        "ETC_MATTER" : " ",
        "MNTN_NM" : "중근봉",
        "PAST_SPOT_" : "4473024010001",
        "MNTN_ID" : "447302401"
      },
      "geometry" : {
        "x" : 224109.39748498332,
        "y" : 426626.76958012953
      }
    },
    {
      "attributes" : {
        "FID" : 1,
        "PMNTN_SPOT" : 80266,
        "MNTN_CODE" : "447302401",
        "MANAGE_SP1" : "99",
        "MANAGE_SP2" : "기타",
        "DETAIL_SPO" : "산길전경",
        "ETC_MATTER" : " ",
        "MNTN_NM" : "중근봉",
        "PAST_SPOT_" : "4473024010002",
        "MNTN_ID" : "447302401"
      },
      "geometry" : {
        "x" : 223998.96421147045,
        "y" : 426615.87767044827
      }
    },
    {
      "attributes" : {
        "FID" : 2,
        "PMNTN_SPOT" : 80267,
        "MNTN_CODE" : "447302401",
        "MANAGE_SP1" : "16",
        "MANAGE_SP2" : "주요나무",
        "DETAIL_SPO" : "밤나무숲",
        "ETC_MATTER" : " ",
        "MNTN_NM" : "중근봉",
        "PAST_SPOT_" : "4473024010003",
        "MNTN_ID" : "447302401"
      },
      "geometry" : {
        "x" : 223784.20083716884,
        "y" : 426585.33439449035
      }
    },
    {
      "attributes" : {
        "FID" : 3,
        "PMNTN_SPOT" : 80268,
        "MNTN_CODE" : "447302401",
        "MANAGE_SP1" : "99",
        "MANAGE_SP2" : "기타",
        "DETAIL_SPO" : "큰돌길",
        "ETC_MATTER" : " ",
        "MNTN_NM" : "중근봉",
        "PAST_SPOT_" : "4473024010004",
        "MNTN_ID" : "447302401"
      },
      "geometry" : {
        "x" : 223706.5197697226,
        "y" : 426574.37827197462
      }
    },
    {
      "attributes" : {
        "FID" : 4,
        "PMNTN_SPOT" : 80269,
        "MNTN_CODE" : "447302401",
        "MANAGE_SP1" : "16",
        "MANAGE_SP2" : "주요나무",
        "DETAIL_SPO" : "사목화(死木化)",
        "ETC_MATTER" : " ",
        "MNTN_NM" : "중근봉",
        "PAST_SPOT_" : "4473024010005",
        "MNTN_ID" : "447302401"
      },
      "geometry" : {
        "x" : 223681.68896454852,
        "y" : 426568.60859313235
      }
    },
    {
      "attributes" : {
        "FID" : 5,
        "PMNTN_SPOT" : 80270,
        "MNTN_CODE" : "447302401",
        "MANAGE_SP1" : "16",
        "MANAGE_SP2" : "주요나무",
        "DETAIL_SPO" : "사목화(死木化)",
        "ETC_MATTER" : " ",
        "MNTN_NM" : "중근봉",
        "PAST_SPOT_" : "4473024010006",
        "MNTN_ID" : "447302401"
      },
      "geometry" : {
        "x" : 223634.97729552165,
        "y" : 426610.68974739313
      }
    },
    {
      "attributes" : {
        "FID" : 6,
        "PMNTN_SPOT" : 80271,
        "MNTN_CODE" : "447302401",
        "MANAGE_SP1" : "16",
        "MANAGE_SP2" : "주요나무",
        "DETAIL_SPO" : "사목화(死木化)",
        "ETC_MATTER" : " ",
        "MNTN_NM" : "중근봉",
        "PAST_SPOT_" : "4473024010007",
        "MNTN_ID" : "447302401"
      },
      "geometry" : {
        "x" : 223616.18520103395,
        "y" : 426606.34129124694
      }
    },
    {
      "attributes" : {
        "FID" : 7,
        "PMNTN_SPOT" : 80272,
        "MNTN_CODE" : "447302401",
        "MANAGE_SP1" : "23",
        "MANAGE_SP2" : "정상",
        "DETAIL_SPO" : "정상부(頂上部)",
        "ETC_MATTER" : " ",
        "MNTN_NM" : "중근봉",
        "PAST_SPOT_" : "4473024010008",
        "MNTN_ID" : "447302401"
      },
      "geometry" : {
        "x" : 223591.87482762337,
        "y" : 426616.45985420793
      }
    },
    {
      "attributes" : {
        "FID" : 8,
        "PMNTN_SPOT" : 80273,
        "MNTN_CODE" : "447302401",
        "MANAGE_SP1" : "16",
        "MANAGE_SP2" : "주요나무",
        "DETAIL_SPO" : "사목화(死木化)",
        "ETC_MATTER" : " ",
        "MNTN_NM" : "중근봉",
        "PAST_SPOT_" : "4473024010009",
        "MNTN_ID" : "447302401"
      },
      "geometry" : {
        "x" : 223526.58125154115,
        "y" : 426596.52614623867
      }
    },
    {
      "attributes" : {
        "FID" : 9,
        "PMNTN_SPOT" : 80274,
        "MNTN_CODE" : "447302401",
        "MANAGE_SP1" : "16",
        "MANAGE_SP2" : "주요나무",
        "DETAIL_SPO" : "소나무숲",
        "ETC_MATTER" : " ",
        "MNTN_NM" : "중근봉",
        "PAST_SPOT_" : "4473024010010",
        "MNTN_ID" : "447302401"
      },
      "geometry" : {
        "x" : 223398.60074975528,
        "y" : 426634.64903405868
      }
    },
    {
      "attributes" : {
        "FID" : 10,
        "PMNTN_SPOT" : 80275,
        "MNTN_CODE" : "447302401",
        "MANAGE_SP1" : "16",
        "MANAGE_SP2" : "주요나무",
        "DETAIL_SPO" : "사목화(死木化)",
        "ETC_MATTER" : " ",
        "MNTN_NM" : "중근봉",
        "PAST_SPOT_" : "4473024010011",
        "MNTN_ID" : "447302401"
      },
      "geometry" : {
        "x" : 223372.28913081717,
        "y" : 426640.1213757433
      }
    },
    {
      "attributes" : {
        "FID" : 11,
        "PMNTN_SPOT" : 80276,
        "MNTN_CODE" : "447302401",
        "MANAGE_SP1" : "23",
        "MANAGE_SP2" : "정상",
        "DETAIL_SPO" : "정상부(頂上部)",
        "ETC_MATTER" : " ",
        "MNTN_NM" : "중근봉",
        "PAST_SPOT_" : "4473024010012",
        "MNTN_ID" : "447302401"
      },
      "geometry" : {
        "x" : 223075.81220868416,
        "y" : 426698.04420724697
      }
    },
    {
      "attributes" : {
        "FID" : 12,
        "PMNTN_SPOT" : 80277,
        "MNTN_CODE" : "447302401",
        "MANAGE_SP1" : "16",
        "MANAGE_SP2" : "주요나무",
        "DETAIL_SPO" : "소나무숲",
        "ETC_MATTER" : " ",
        "MNTN_NM" : "중근봉",
        "PAST_SPOT_" : "4473024010013",
        "MNTN_ID" : "447302401"
      },
      "geometry" : {
        "x" : 223074.56288807839,
        "y" : 426856.45968984626
      }
    },
    {
      "attributes" : {
        "FID" : 13,
        "PMNTN_SPOT" : 80278,
        "MNTN_CODE" : "447302401",
        "MANAGE_SP1" : "16",
        "MANAGE_SP2" : "주요나무",
        "DETAIL_SPO" : "사목화(死木化)",
        "ETC_MATTER" : " ",
        "MNTN_NM" : "중근봉",
        "PAST_SPOT_" : "4473024010014",
        "MNTN_ID" : "447302401"
      },
      "geometry" : {
        "x" : 223111.59262740053,
        "y" : 427013.3034395203
      }
    },
    {
      "attributes" : {
        "FID" : 14,
        "PMNTN_SPOT" : 80279,
        "MNTN_CODE" : "447302401",
        "MANAGE_SP1" : "14",
        "MANAGE_SP2" : "조망점",
        "DETAIL_SPO" : "조망점(照望点)",
        "ETC_MATTER" : " ",
        "MNTN_NM" : "중근봉",
        "PAST_SPOT_" : "4473024010015",
        "MNTN_ID" : "447302401"
      },
      "geometry" : {
        "x" : 223131.75233406387,
        "y" : 427287.17707827315
      }
    },
    {
      "attributes" : {
        "FID" : 15,
        "PMNTN_SPOT" : 80280,
        "MNTN_CODE" : "447302401",
        "MANAGE_SP1" : "16",
        "MANAGE_SP2" : "주요나무",
        "DETAIL_SPO" : "사목화(死木化)",
        "ETC_MATTER" : " ",
        "MNTN_NM" : "중근봉",
        "PAST_SPOT_" : "4473024010016",
        "MNTN_ID" : "447302401"
      },
      "geometry" : {
        "x" : 223164.55291511305,
        "y" : 427296.45452362671
      }
    },
    {
      "attributes" : {
        "FID" : 16,
        "PMNTN_SPOT" : 80281,
        "MNTN_CODE" : "447302401",
        "MANAGE_SP1" : "14",
        "MANAGE_SP2" : "조망점",
        "DETAIL_SPO" : "조망점(照望点)",
        "ETC_MATTER" : " ",
        "MNTN_NM" : "중근봉",
        "PAST_SPOT_" : "4473024010017",
        "MNTN_ID" : "447302401"
      },
      "geometry" : {
        "x" : 223135.04368852079,
        "y" : 427464.19820188731
      }
    },
    {
      "attributes" : {
        "FID" : 17,
        "PMNTN_SPOT" : 80282,
        "MNTN_CODE" : "447302401",
        "MANAGE_SP1" : "99",
        "MANAGE_SP2" : "기타",
        "DETAIL_SPO" : "마을입구",
        "ETC_MATTER" : " ",
        "MNTN_NM" : "중근봉",
        "PAST_SPOT_" : "4473024010018",
        "MNTN_ID" : "447302401"
      },
      "geometry" : {
        "x" : 223100.23344761506,
        "y" : 427571.7300954219
      }
    },
    {
      "attributes" : {
        "FID" : 18,
        "PMNTN_SPOT" : 80283,
        "MNTN_CODE" : "447302401",
        "MANAGE_SP1" : "99",
        "MANAGE_SP2" : "기타",
        "DETAIL_SPO" : "산길종점",
        "ETC_MATTER" : " ",
        "MNTN_NM" : "중근봉",
        "PAST_SPOT_" : "4473024010019",
        "MNTN_ID" : "447302401"
      },
      "geometry" : {
        "x" : 223185.36194534786,
        "y" : 427601.91730441153
      }
    },
    {
      "attributes" : {
        "FID" : 19,
        "PMNTN_SPOT" : 80284,
        "MNTN_CODE" : "447302401",
        "MANAGE_SP1" : "01",
        "MANAGE_SP2" : "시종점",
        "DETAIL_SPO" : "시종점",
        "ETC_MATTER" : " ",
        "MNTN_NM" : "중근봉",
        "PAST_SPOT_" : "4473024010020",
        "MNTN_ID" : "447302401"
      },
      "geometry" : {
        "x" : 223251.45390000008,
        "y" : 427848.37610000186
      }
    },
    {
      "attributes" : {
        "FID" : 20,
        "PMNTN_SPOT" : 80285,
        "MNTN_CODE" : "447302401",
        "MANAGE_SP1" : "01",
        "MANAGE_SP2" : "시종점",
        "DETAIL_SPO" : "시종점",
        "ETC_MATTER" : " ",
        "MNTN_NM" : "중근봉",
        "PAST_SPOT_" : "4473024010021",
        "MNTN_ID" : "447302401"
      },
      "geometry" : {
        "x" : 224166.28149999958,
        "y" : 426672.44300000183
      }
    },
    {
      "attributes" : {
        "FID" : 21,
        "PMNTN_SPOT" : 99262,
        "MNTN_CODE" : "447302401",
        "MANAGE_SP1" : "14",
        "MANAGE_SP2" : "조망점",
        "DETAIL_SPO" : "조망점",
        "ETC_MATTER" : " ",
        "MNTN_NM" : "중근봉",
        "PAST_SPOT_" : "4473024010022",
        "MNTN_ID" : "447302401"
      },
      "geometry" : {
        "x" : 223030.66359999974,
        "y" : 427808.14079999906
      }
    }
  ]
}