{
  "displayFieldName" : "",
  "fieldAliases" : {
    "FID" : "FID",
    "SAFE_SPOT1" : "SAFE_SPOT1",
    "SAFE_SPOT2" : "SAFE_SPOT2",
    "SAFE_SPOT3" : "SAFE_SPOT3",
    "MGC" : "MGC",
    "ETC_MATTER" : "ETC_MATTER",
    "MNTN_NM" : "MNTN_NM"
  },
  "geometryType" : "esriGeometryPoint",
  "spatialReference" : {
    "wkt" : "PROJCS[\"PCS_ITRF2000_TM\",GEOGCS[\"GCS_ITRF_2000\",DATUM[\"D_ITRF_2000\",SPHEROID[\"GRS_1980\",6378137.0,298.257222101]],PRIMEM[\"Greenwich\",0.0],UNIT[\"Degree\",0.0174532925199433]],PROJECTION[\"Transverse_Mercator\"],PARAMETER[\"False_Easting\",200000.0],PARAMETER[\"False_Northing\",600000.0],PARAMETER[\"Central_Meridian\",127.0],PARAMETER[\"Scale_Factor\",1.0],PARAMETER[\"Latitude_Of_Origin\",38.0],UNIT[\"Meter\",1.0]]"
  },
  "fields" : [
    {
      "name" : "FID",
      "type" : "esriFieldTypeOID",
      "alias" : "FID"
    },
    {
      "name" : "SAFE_SPOT1",
      "type" : "esriFieldTypeDouble",
      "alias" : "SAFE_SPOT1"
    },
    {
      "name" : "SAFE_SPOT2",
      "type" : "esriFieldTypeString",
      "alias" : "SAFE_SPOT2",
      "length" : 50
    },
    {
      "name" : "SAFE_SPOT3",
      "type" : "esriFieldTypeString",
      "alias" : "SAFE_SPOT3",
      "length" : 50
    },
    {
      "name" : "MGC",
      "type" : "esriFieldTypeString",
      "alias" : "MGC",
      "length" : 50
    },
    {
      "name" : "ETC_MATTER",
      "type" : "esriFieldTypeString",
      "alias" : "ETC_MATTER",
      "length" : 200
    },
    {
      "name" : "MNTN_NM",
      "type" : "esriFieldTypeString",
      "alias" : "MNTN_NM",
      "length" : 50
    }
  ],
  "features" : [
    {
      "attributes" : {
        "FID" : 0,
        "SAFE_SPOT1" : 1155,
        "SAFE_SPOT2" : "표지목",
        "SAFE_SPOT3" : " ",
        "MGC" : "광주서부소방서",
        "ETC_MATTER" : " ",
        "MNTN_NM" : "분적산"
      },
      "geometry" : {
        "x" : 192787.83069999982,
        "y" : 277908.1921000015
      }
    },
    {
      "attributes" : {
        "FID" : 1,
        "SAFE_SPOT1" : 6656,
        "SAFE_SPOT2" : "산악위치표지판",
        "SAFE_SPOT3" : " ",
        "MGC" : "광주광역시 남구청",
        "ETC_MATTER" : " ",
        "MNTN_NM" : "분적산"
      },
      "geometry" : {
        "x" : 191904.46299284324,
        "y" : 279290.96906863898
      }
    },
    {
      "attributes" : {
        "FID" : 2,
        "SAFE_SPOT1" : 6657,
        "SAFE_SPOT2" : "산악위치표지판",
        "SAFE_SPOT3" : " ",
        "MGC" : "광주광역시 남구청",
        "ETC_MATTER" : " ",
        "MNTN_NM" : "분적산"
      },
      "geometry" : {
        "x" : 191986.51434810646,
        "y" : 279290.90072616003
      }
    },
    {
      "attributes" : {
        "FID" : 3,
        "SAFE_SPOT1" : 6658,
        "SAFE_SPOT2" : "산악위치표지판",
        "SAFE_SPOT3" : " ",
        "MGC" : "광주광역시 남구청",
        "ETC_MATTER" : " ",
        "MNTN_NM" : "분적산"
      },
      "geometry" : {
        "x" : 191740.30421577394,
        "y" : 279224.55033188313
      }
    },
    {
      "attributes" : {
        "FID" : 4,
        "SAFE_SPOT1" : 6659,
        "SAFE_SPOT2" : "산악위치표지판",
        "SAFE_SPOT3" : " ",
        "MGC" : "광주광역시 남구청",
        "ETC_MATTER" : " ",
        "MNTN_NM" : "분적산"
      },
      "geometry" : {
        "x" : 192186.97331420239,
        "y" : 279168.69028184749
      }
    },
    {
      "attributes" : {
        "FID" : 5,
        "SAFE_SPOT1" : 6660,
        "SAFE_SPOT2" : "산악위치표지판",
        "SAFE_SPOT3" : " ",
        "MGC" : "광주광역시 남구청",
        "ETC_MATTER" : " ",
        "MNTN_NM" : "분적산"
      },
      "geometry" : {
        "x" : 192168.67598542012,
        "y" : 279091.03911108524
      }
    },
    {
      "attributes" : {
        "FID" : 6,
        "SAFE_SPOT1" : 6661,
        "SAFE_SPOT2" : "산악위치표지판",
        "SAFE_SPOT3" : " ",
        "MGC" : "광주광역시 남구청",
        "ETC_MATTER" : " ",
        "MNTN_NM" : "분적산"
      },
      "geometry" : {
        "x" : 192195.75046787784,
        "y" : 278769.28324734047
      }
    },
    {
      "attributes" : {
        "FID" : 7,
        "SAFE_SPOT1" : 6662,
        "SAFE_SPOT2" : "산악위치표지판",
        "SAFE_SPOT3" : " ",
        "MGC" : "광주광역시 남구청",
        "ETC_MATTER" : " ",
        "MNTN_NM" : "분적산"
      },
      "geometry" : {
        "x" : 192350.61325769126,
        "y" : 278624.92553602718
      }
    },
    {
      "attributes" : {
        "FID" : 8,
        "SAFE_SPOT1" : 6663,
        "SAFE_SPOT2" : "산악위치표지판",
        "SAFE_SPOT3" : " ",
        "MGC" : "광주광역시 남구청",
        "ETC_MATTER" : " ",
        "MNTN_NM" : "분적산"
      },
      "geometry" : {
        "x" : 192305.02145477291,
        "y" : 278613.87263668329
      }
    },
    {
      "attributes" : {
        "FID" : 9,
        "SAFE_SPOT1" : 6664,
        "SAFE_SPOT2" : "산악위치표지판",
        "SAFE_SPOT3" : " ",
        "MGC" : "광주광역시 남구청",
        "ETC_MATTER" : " ",
        "MNTN_NM" : "분적산"
      },
      "geometry" : {
        "x" : 192140.83390285913,
        "y" : 278525.25545700639
      }
    },
    {
      "attributes" : {
        "FID" : 10,
        "SAFE_SPOT1" : 6665,
        "SAFE_SPOT2" : "산악위치표지판",
        "SAFE_SPOT3" : " ",
        "MGC" : "광주광역시 남구청",
        "ETC_MATTER" : " ",
        "MNTN_NM" : "분적산"
      },
      "geometry" : {
        "x" : 191912.89234857354,
        "y" : 278514.36786772311
      }
    },
    {
      "attributes" : {
        "FID" : 11,
        "SAFE_SPOT1" : 6666,
        "SAFE_SPOT2" : "산악위치표지판",
        "SAFE_SPOT3" : " ",
        "MGC" : "광주광역시 남구청",
        "ETC_MATTER" : " ",
        "MNTN_NM" : "분적산"
      },
      "geometry" : {
        "x" : 192505.40250484087,
        "y" : 278369.63540866971
      }
    }
  ]
}