{
  "displayFieldName" : "",
  "fieldAliases" : {
    "FID" : "FID",
    "PMNTN_SN" : "PMNTN_SN",
    "MNTN_CODE" : "MNTN_CODE",
    "MNTN_NM" : "MNTN_NM",
    "PMNTN_NM" : "PMNTN_NM",
    "PMNTN_MAIN" : "PMNTN_MAIN",
    "PMNTN_LT" : "PMNTN_LT",
    "PMNTN_DFFL" : "PMNTN_DFFL",
    "PMNTN_UPPL" : "PMNTN_UPPL",
    "PMNTN_GODN" : "PMNTN_GODN",
    "PMNTN_MTRQ" : "PMNTN_MTRQ",
    "PMNTN_CNRL" : "PMNTN_CNRL",
    "PMNTN_CLS_" : "PMNTN_CLS_",
    "PMNTN_RISK" : "PMNTN_RISK",
    "PMNTN_RECO" : "PMNTN_RECO",
    "DATA_STDR_" : "DATA_STDR_",
    "MNTN_ID" : "MNTN_ID"
  },
  "geometryType" : "esriGeometryPolyline",
  "spatialReference" : {
    "wkt" : "PROJCS[\"PCS_ITRF2000_TM\",GEOGCS[\"GCS_ITRF_2000\",DATUM[\"D_ITRF_2000\",SPHEROID[\"GRS_1980\",6378137.0,298.257222101]],PRIMEM[\"Greenwich\",0.0],UNIT[\"Degree\",0.0174532925199433]],PROJECTION[\"Transverse_Mercator\"],PARAMETER[\"False_Easting\",200000.0],PARAMETER[\"False_Northing\",600000.0],PARAMETER[\"Central_Meridian\",127.0],PARAMETER[\"Scale_Factor\",1.0],PARAMETER[\"Latitude_Of_Origin\",38.0],UNIT[\"Meter\",1.0]]"
  },
  "fields" : [
    {
      "name" : "FID",
      "type" : "esriFieldTypeOID",
      "alias" : "FID"
    },
    {
      "name" : "PMNTN_SN",
      "type" : "esriFieldTypeDouble",
      "alias" : "PMNTN_SN"
    },
    {
      "name" : "MNTN_CODE",
      "type" : "esriFieldTypeString",
      "alias" : "MNTN_CODE",
      "length" : 9
    },
    {
      "name" : "MNTN_NM",
      "type" : "esriFieldTypeString",
      "alias" : "MNTN_NM",
      "length" : 50
    },
    {
      "name" : "PMNTN_NM",
      "type" : "esriFieldTypeString",
      "alias" : "PMNTN_NM",
      "length" : 50
    },
    {
      "name" : "PMNTN_MAIN",
      "type" : "esriFieldTypeString",
      "alias" : "PMNTN_MAIN",
      "length" : 200
    },
    {
      "name" : "PMNTN_LT",
      "type" : "esriFieldTypeSingle",
      "alias" : "PMNTN_LT"
    },
    {
      "name" : "PMNTN_DFFL",
      "type" : "esriFieldTypeString",
      "alias" : "PMNTN_DFFL",
      "length" : 8
    },
    {
      "name" : "PMNTN_UPPL",
      "type" : "esriFieldTypeDouble",
      "alias" : "PMNTN_UPPL"
    },
    {
      "name" : "PMNTN_GODN",
      "type" : "esriFieldTypeDouble",
      "alias" : "PMNTN_GODN"
    },
    {
      "name" : "PMNTN_MTRQ",
      "type" : "esriFieldTypeString",
      "alias" : "PMNTN_MTRQ",
      "length" : 200
    },
    {
      "name" : "PMNTN_CNRL",
      "type" : "esriFieldTypeString",
      "alias" : "PMNTN_CNRL",
      "length" : 1
    },
    {
      "name" : "PMNTN_CLS_",
      "type" : "esriFieldTypeString",
      "alias" : "PMNTN_CLS_",
      "length" : 1
    },
    {
      "name" : "PMNTN_RISK",
      "type" : "esriFieldTypeString",
      "alias" : "PMNTN_RISK",
      "length" : 200
    },
    {
      "name" : "PMNTN_RECO",
      "type" : "esriFieldTypeString",
      "alias" : "PMNTN_RECO",
      "length" : 1
    },
    {
      "name" : "DATA_STDR_",
      "type" : "esriFieldTypeString",
      "alias" : "DATA_STDR_",
      "length" : 10
    },
    {
      "name" : "MNTN_ID",
      "type" : "esriFieldTypeString",
      "alias" : "MNTN_ID",
      "length" : 10
    }
  ],
  "features" : [
    {
      "attributes" : {
        "FID" : 0,
        "PMNTN_SN" : 27681,
        "MNTN_CODE" : "291101101",
        "MNTN_NM" : "분적산",
        "PMNTN_NM" : "노대동구간",
        "PMNTN_MAIN" : " ",
        "PMNTN_LT" : 0.31,
        "PMNTN_DFFL" : "쉬움",
        "PMNTN_UPPL" : 5,
        "PMNTN_GODN" : 4,
        "PMNTN_MTRQ" : "회갈색부엽토",
        "PMNTN_CNRL" : " ",
        "PMNTN_CLS_" : " ",
        "PMNTN_RISK" : "경사도가심함",
        "PMNTN_RECO" : " ",
        "DATA_STDR_" : "2016-12-31",
        "MNTN_ID" : "291101101"
      },
      "geometry" : {
        "paths" : [
          [
            [
              191816.83079999965,
              278680.65200000256
            ],
            [
              191820.64540000074,
              278681.2071000021
            ],
            [
              191833.28990000114,
              278678.83920000121
            ],
            [
              191839.8226000024,
              278683.14470000193
            ],
            [
              191850.99680000078,
              278685.67280000262
            ],
            [
              191862.92830000166,
              278685.17810000107
            ],
            [
              191884.14290000033,
              278685.96620000154
            ],
            [
              191906.12019999977,
              278685.63660000265
            ],
            [
              191922.12990000099,
              278690.63079999946
            ],
            [
              191934.97149999999,
              278692.77040000074
            ],
            [
              191948.74710000027,
              278684.73270000145
            ],
            [
              191958.63210000005,
              278691.83190000243
            ],
            [
              191972.32580000255,
              278712.12230000086
            ],
            [
              191967.71349999961,
              278727.68740000017
            ],
            [
              191943.45060000103,
              278741.76960000396
            ],
            [
              191935.89989999961,
              278760.30370000005
            ],
            [
              191917.67380000371,
              278769.52810000256
            ],
            [
              191915.96380000096,
              278776.49200000428
            ],
            [
              191924.31830000132,
              278784.94879999943
            ],
            [
              191924.32440000214,
              278791.72020000219
            ],
            [
              191918.07020000275,
              278798.49719999917
            ],
            [
              191913.14490000065,
              278802.81489999965
            ],
            [
              191904.8732000012,
              278804.85920000076
            ]
          ]
        ]
      }
    },
    {
      "attributes" : {
        "FID" : 1,
        "PMNTN_SN" : 27682,
        "MNTN_CODE" : "291101101",
        "MNTN_NM" : "분적산",
        "PMNTN_NM" : "노대동구간",
        "PMNTN_MAIN" : " ",
        "PMNTN_LT" : 0.14,
        "PMNTN_DFFL" : "쉬움",
        "PMNTN_UPPL" : 2,
        "PMNTN_GODN" : 2,
        "PMNTN_MTRQ" : "회갈색부엽토",
        "PMNTN_CNRL" : " ",
        "PMNTN_CLS_" : " ",
        "PMNTN_RISK" : "경사도가심함",
        "PMNTN_RECO" : " ",
        "DATA_STDR_" : "2016-12-31",
        "MNTN_ID" : "291101101"
      },
      "geometry" : {
        "paths" : [
          [
            [
              191743.31380000059,
              279226.43590000086
            ],
            [
              191728.16660000291,
              279211.58339999989
            ],
            [
              191719.02810000069,
              279187.62810000032
            ],
            [
              191708.33270000014,
              279156.13010000065
            ],
            [
              191706.76100000273,
              279132.16789999977
            ],
            [
              191705.28710000217,
              279115.52790000103
            ],
            [
              191700.71010000166,
              279095.11860000342
            ]
          ]
        ]
      }
    },
    {
      "attributes" : {
        "FID" : 2,
        "PMNTN_SN" : 27683,
        "MNTN_CODE" : "291101101",
        "MNTN_NM" : "분적산",
        "PMNTN_NM" : "노대동구간",
        "PMNTN_MAIN" : " ",
        "PMNTN_LT" : 0.58,
        "PMNTN_DFFL" : "쉬움",
        "PMNTN_UPPL" : 10,
        "PMNTN_GODN" : 7,
        "PMNTN_MTRQ" : "회갈색부엽토",
        "PMNTN_CNRL" : " ",
        "PMNTN_CLS_" : " ",
        "PMNTN_RISK" : "경사도가심함",
        "PMNTN_RECO" : " ",
        "DATA_STDR_" : "2016-12-31",
        "MNTN_ID" : "291101101"
      },
      "geometry" : {
        "paths" : [
          [
            [
              192034.43900000211,
              278532.78440000303
            ],
            [
              192034.66070000082,
              278528.30709999986
            ],
            [
              192027.96849999949,
              278523.42990000173
            ],
            [
              192020.07570000086,
              278519.93319999985
            ],
            [
              192008.94420000073,
              278517.82690000162
            ],
            [
              191995.72630000114,
              278516.14570000209
            ],
            [
              191987.37539999932,
              278512.41230000183
            ],
            [
              191946.34229999967,
              278506.90149999969
            ],
            [
              191914.43479999993,
              278510.70190000348
            ],
            [
              191887.51530000381,
              278504.10170000046
            ],
            [
              191868.83620000165,
              278497.76229999959
            ],
            [
              191857.64500000048,
              278495.17540000193
            ],
            [
              191844.48280000314,
              278486.68989999965
            ],
            [
              191792.73699999973,
              278431.26520000398
            ],
            [
              191771.84819999989,
              278416.89020000212
            ],
            [
              191757.74970000051,
              278409.81840000115
            ],
            [
              191740.67769999988,
              278404.92360000126
            ],
            [
              191718.40799999982,
              278399.90249999985
            ],
            [
              191693.45669999905,
              278391.83029999956
            ],
            [
              191677.0457000006,
              278388.32210000232
            ],
            [
              191664.95000000112,
              278381.18400000222
            ],
            [
              191651.35860000085,
              278368.48960000277
            ],
            [
              191644.52940000128,
              278356.34789999947
            ],
            [
              191644.64650000352,
              278343.99490000121
            ],
            [
              191645.02940000035,
              278327.98630000092
            ],
            [
              191643.42720000073,
              278318.128800001
            ],
            [
              191638.58310000133,
              278311.19060000218
            ],
            [
              191630.06030000001,
              278309.37680000067
            ],
            [
              191618.80710000079,
              278308.79050000012
            ],
            [
              191610.20500000007,
              278310.20480000228
            ],
            [
              191600.84069999959,
              278308.24940000102
            ],
            [
              191590.53190000076,
              278305.13230000064
            ],
            [
              191581.68969999999,
              278296.27960000187
            ],
            [
              191573.04160000291,
              278291.14240000024
            ],
            [
              191559.15740000084,
              278285.77100000158
            ]
          ]
        ]
      }
    },
    {
      "attributes" : {
        "FID" : 3,
        "PMNTN_SN" : 27684,
        "MNTN_CODE" : "291101101",
        "MNTN_NM" : "분적산",
        "PMNTN_NM" : "분적산정상구간",
        "PMNTN_MAIN" : " ",
        "PMNTN_LT" : 0.31,
        "PMNTN_DFFL" : "쉬움",
        "PMNTN_UPPL" : 5,
        "PMNTN_GODN" : 4,
        "PMNTN_MTRQ" : "회갈색부엽토",
        "PMNTN_CNRL" : " ",
        "PMNTN_CLS_" : " ",
        "PMNTN_RISK" : "경사도가심함",
        "PMNTN_RECO" : " ",
        "DATA_STDR_" : "2016-12-31",
        "MNTN_ID" : "291101101"
      },
      "geometry" : {
        "paths" : [
          [
            [
              192821.10280000139,
              277862.70150000043
            ],
            [
              192816.55110000167,
              277872.0242999997
            ],
            [
              192804.34030000307,
              277881.24220000207
            ],
            [
              192778.55390000157,
              277903.45109999739
            ],
            [
              192772.4625000013,
              277925.64450000413
            ],
            [
              192755.79580000136,
              277949.7322000023
            ],
            [
              192739.11739999894,
              277958.95380000025
            ],
            [
              192728.45830000099,
              277970.05660000257
            ],
            [
              192713.2536000032,
              277997.80440000258
            ],
            [
              192692.01040000096,
              277999.70740000345
            ],
            [
              192673.77460000291,
              277999.72210000455
            ],
            [
              192652.53140000068,
              278001.51440000534
            ],
            [
              192623.63520000037,
              278010.85689999908
            ],
            [
              192594.73750000261,
              278018.20270000212
            ],
            [
              192588.43060000334,
              278020.97540000267
            ]
          ]
        ]
      }
    },
    {
      "attributes" : {
        "FID" : 4,
        "PMNTN_SN" : 27685,
        "MNTN_CODE" : "291101101",
        "MNTN_NM" : "분적산",
        "PMNTN_NM" : "남구노대마을아래등산로입구구간",
        "PMNTN_MAIN" : " ",
        "PMNTN_LT" : 1.16,
        "PMNTN_DFFL" : "쉬움",
        "PMNTN_UPPL" : 35,
        "PMNTN_GODN" : 24,
        "PMNTN_MTRQ" : "회갈색부엽토",
        "PMNTN_CNRL" : " ",
        "PMNTN_CLS_" : " ",
        "PMNTN_RISK" : "경사도가심함",
        "PMNTN_RECO" : " ",
        "DATA_STDR_" : "2016-12-31",
        "MNTN_ID" : "291101101"
      },
      "geometry" : {
        "paths" : [
          [
            [
              192588.43060000334,
              278020.97540000267
            ],
            [
              192569.97589999996,
              278012.90300000086
            ],
            [
              192564.69660000037,
              278004.41800000146
            ],
            [
              192558.47560000047,
              277993.34920000099
            ],
            [
              192546.93840000406,
              277972.79030000046
            ],
            [
              192527.84870000184,
              277951.69190000184
            ],
            [
              192510.10280000046,
              277940.07370000146
            ],
            [
              192492.89800000098,
              277916.66290000267
            ],
            [
              192479.21490000002,
              277909.24110000208
            ],
            [
              192474.64209999982,
              277892.60350000113
            ],
            [
              192442.71990000084,
              277881.53570000455
            ],
            [
              192416.82780000009,
              277885.21839999966
            ],
            [
              192392.56780000031,
              277877.91650000215
            ],
            [
              192378.87829999998,
              277863.06170000136
            ],
            [
              192351.52419999987,
              277863.0847000014
            ],
            [
              192325.63530000206,
              277870.53959999979
            ],
            [
              192299.8282000022,
              277866.90040000156
            ],
            [
              192275.48300000187,
              277866.92099999823
            ],
            [
              192251.22430000082,
              277861.3946000021
            ],
            [
              192232.98980000056,
              277863.18520000204
            ],
            [
              192202.52130000107,
              277846.56990000047
            ],
            [
              192176.71569999866,
              277844.81699999981
            ],
            [
              192147.81300000101,
              277846.61710000224
            ],
            [
              192122.01700000092,
              277855.95849999972
            ],
            [
              192093.12250000052,
              277867.07790000178
            ],
            [
              192077.99939999916,
              277881.84640000015
            ],
            [
              192052.10910000186,
              277887.41620000079
            ],
            [
              192027.84870000184,
              277880.00430000015
            ],
            [
              192011.07810000051,
              277887.45209999941
            ],
            [
              191994.39210000169,
              277887.46680000611
            ],
            [
              191965.4896999998,
              277889.37840000167
            ],
            [
              191945.79320000019,
              277887.50980000012
            ],
            [
              191919.89480000176,
              277883.87170000188
            ],
            [
              191901.64890000038,
              277872.79370000027
            ],
            [
              191871.27589999977,
              277861.7265000008
            ],
            [
              191843.91350000165,
              277852.4319000002
            ],
            [
              191828.68300000206,
              277847.70560000278
            ],
            [
              191808.45250000246,
              277837.43350000121
            ],
            [
              191796.01730000135,
              277824.78959999979
            ],
            [
              191781.79459999874,
              277817.15020000003
            ],
            [
              191770.93060000055,
              277810.00670000352
            ],
            [
              191755.70339999907,
              277810.02050000057
            ],
            [
              191739.3170000026,
              277815.89939999953
            ],
            [
              191726.74430000409,
              277827.22829999961
            ],
            [
              191715.86680000089,
              277835.81530000083
            ],
            [
              191705.04160000011,
              277835.91159999929
            ],
            [
              191691.90730000101,
              277845.24950000271
            ],
            [
              191683.17889999971,
              277836.61610000022
            ],
            [
              191666.88600000087,
              277839.60459999926
            ],
            [
              191652.42440000083,
              277841.51150000095
            ],
            [
              191632.64499999955,
              277848.96290000156
            ],
            [
              191622.07830000017,
              277860.06689999998
            ],
            [
              191611.42220000084,
              277873.05700000003
            ],
            [
              191585.61990000121,
              277874.85590000264
            ],
            [
              191567.37530000042,
              277865.66460000165
            ]
          ]
        ]
      }
    },
    {
      "attributes" : {
        "FID" : 5,
        "PMNTN_SN" : 27686,
        "MNTN_CODE" : "291101101",
        "MNTN_NM" : "분적산",
        "PMNTN_NM" : "남구진월동,산마루주말농장-정상부구간",
        "PMNTN_MAIN" : " ",
        "PMNTN_LT" : 0.3,
        "PMNTN_DFFL" : "쉬움",
        "PMNTN_UPPL" : 5,
        "PMNTN_GODN" : 4,
        "PMNTN_MTRQ" : "회갈색부엽토",
        "PMNTN_CNRL" : " ",
        "PMNTN_CLS_" : " ",
        "PMNTN_RISK" : "경사도가심함",
        "PMNTN_RECO" : " ",
        "DATA_STDR_" : "2016-12-31",
        "MNTN_ID" : "291101101"
      },
      "geometry" : {
        "paths" : [
          [
            [
              191603.59800000023,
              279272.71620000154
            ],
            [
              191595.9924999997,
              279278.2910999991
            ],
            [
              191593.89689999912,
              279283.64570000209
            ],
            [
              191589.69419999979,
              279288.67830000259
            ],
            [
              191585.9858000027,
              279305.86969999969
            ],
            [
              191576.54810000397,
              279321.43710000068
            ],
            [
              191562.19990000315,
              279347.02630000003
            ],
            [
              191552.75880000088,
              279366.91349999979
            ],
            [
              191546.10080000106,
              279396.15890000015
            ],
            [
              191544.45999999996,
              279415.65500000119
            ],
            [
              191538.7379999999,
              279436.50630000234
            ],
            [
              191527.83600000013,
              279465.1612999998
            ],
            [
              191525.9737999998,
              279493.16670000181
            ],
            [
              191524.78129999992,
              279513.20240000263
            ],
            [
              191513.81610000134,
              279530.24129999988
            ],
            [
              191506.25879999995,
              279541.13099999912
            ],
            [
              191494.96010000072,
              279542.48440000415
            ]
          ]
        ]
      }
    },
    {
      "attributes" : {
        "FID" : 6,
        "PMNTN_SN" : 27687,
        "MNTN_CODE" : "291101101",
        "MNTN_NM" : "분적산",
        "PMNTN_NM" : "남구진월동,산마루주말농장-정상부구간",
        "PMNTN_MAIN" : " ",
        "PMNTN_LT" : 0.71,
        "PMNTN_DFFL" : "쉬움",
        "PMNTN_UPPL" : 13,
        "PMNTN_GODN" : 9,
        "PMNTN_MTRQ" : "회갈색부엽토",
        "PMNTN_CNRL" : " ",
        "PMNTN_CLS_" : " ",
        "PMNTN_RISK" : "경사도가심함",
        "PMNTN_RECO" : " ",
        "DATA_STDR_" : "2016-12-31",
        "MNTN_ID" : "291101101"
      },
      "geometry" : {
        "paths" : [
          [
            [
              192588.43060000334,
              278020.97540000267
            ],
            [
              192573.50050000381,
              278027.53920000233
            ],
            [
              192564.40530000068,
              278055.28220000118
            ],
            [
              192552.29519999959,
              278075.59460000321
            ],
            [
              192542.72450000141,
              278091.31840000115
            ],
            [
              192528.52200000081,
              278106.89210000262
            ],
            [
              192525.61290000193,
              278117.50260000117
            ],
            [
              192515.68360000104,
              278122.99900000356
            ],
            [
              192511.29849999957,
              278132.06499999948
            ],
            [
              192512.23770000134,
              278138.95790000446
            ],
            [
              192508.22900000121,
              278153.29060000181
            ],
            [
              192500.68720000051,
              278184.69360000081
            ],
            [
              192496.14520000201,
              278205.1107000038
            ],
            [
              192490.05620000046,
              278229.07940000109
            ],
            [
              192490.08220000099,
              278260.58700000122
            ],
            [
              192491.64599999972,
              278277.22709999979
            ],
            [
              192491.65969999973,
              278293.86849999987
            ],
            [
              192497.77910000086,
              278306.73270000145
            ],
            [
              192500.80170000065,
              278323.37160000019
            ],
            [
              192506.92420000117,
              278340.00799999945
            ],
            [
              192503.84100000374,
              278360.42390000075
            ],
            [
              192506.96390000265,
              278388.15699999966
            ],
            [
              192508.43790000025,
              278406.57220000215
            ],
            [
              192500.88570000231,
              278425.10590000264
            ],
            [
              192490.22740000114,
              278436.20890000276
            ],
            [
              192478.11039999966,
              278447.31320000067
            ],
            [
              192467.4551999988,
              278462.07740000077
            ],
            [
              192459.90010000207,
              278476.94999999925
            ],
            [
              192452.34489999991,
              278491.71160000004
            ],
            [
              192441.68980000075,
              278506.47580000013
            ],
            [
              192429.58369999938,
              278530.56049999967
            ],
            [
              192417.37729999982,
              278543.55090000108
            ],
            [
              192402.25480000116,
              278558.3189000003
            ],
            [
              192394.60560000129,
              278569.4196000006
            ],
            [
              192380.94510000013,
              278587.95840000175
            ],
            [
              192370.38140000217,
              278602.72270000167
            ],
            [
              192353.6166000003,
              278615.71710000001
            ],
            [
              192327.82710000034,
              278630.49420000054
            ]
          ]
        ]
      }
    },
    {
      "attributes" : {
        "FID" : 7,
        "PMNTN_SN" : 27688,
        "MNTN_CODE" : "291101101",
        "MNTN_NM" : "분적산",
        "PMNTN_NM" : "남구진월동,산마루주말농장-정상부구간",
        "PMNTN_MAIN" : " ",
        "PMNTN_LT" : 1.15,
        "PMNTN_DFFL" : "쉬움",
        "PMNTN_UPPL" : 20,
        "PMNTN_GODN" : 14,
        "PMNTN_MTRQ" : "회갈색부엽토",
        "PMNTN_CNRL" : " ",
        "PMNTN_CLS_" : " ",
        "PMNTN_RISK" : "경사도가심함",
        "PMNTN_RECO" : " ",
        "DATA_STDR_" : "2016-12-31",
        "MNTN_ID" : "291101101"
      },
      "geometry" : {
        "paths" : [
          [
            [
              192327.82710000034,
              278630.49420000054
            ],
            [
              192317.16930000205,
              278641.59740000218
            ],
            [
              192297.48710000142,
              278654.59439999983
            ],
            [
              192286.82930000033,
              278665.6977000013
            ],
            [
              192271.61450000107,
              278678.5800000038
            ],
            [
              192254.94270000234,
              278693.46050000191
            ],
            [
              192238.26130000316,
              278697.13580000214
            ],
            [
              192229.15840000194,
              278713.78500000201
            ],
            [
              192209.38999999873,
              278732.3292999994
            ],
            [
              192197.28320000041,
              278754.52830000408
            ],
            [
              192198.76890000235,
              278785.92370000109
            ],
            [
              192197.32610000018,
              278804.45240000822
            ],
            [
              192182.13399999961,
              278843.29539999925
            ],
            [
              192157.81540000346,
              278871.05199999921
            ],
            [
              192147.26040000096,
              278895.02470000274
            ],
            [
              192154.84509999957,
              278915.43160000257
            ],
            [
              192154.86430000048,
              278937.6201000046
            ],
            [
              192162.44730000012,
              278956.03010000288
            ],
            [
              192167.04250000138,
              278998.62810000405
            ],
            [
              192180.73530000355,
              279018.91879999824
            ],
            [
              192182.29949999973,
              279035.55890000053
            ],
            [
              192170.18360000104,
              279046.66359999962
            ],
            [
              192162.54940000176,
              279074.40580000356
            ],
            [
              192167.12380000018,
              279092.92930000089
            ],
            [
              192168.69430000335,
              279116.8916000016
            ],
            [
              192171.72050000355,
              279137.30240000226
            ],
            [
              192180.71600000001,
              279168.11580000259
            ],
            [
              192167.2004000023,
              279181.68340000324
            ],
            [
              192148.9765000008,
              279192.79340000264
            ],
            [
              192136.86890000105,
              279213.10640000179
            ],
            [
              192121.65530000068,
              279226.09990000166
            ],
            [
              192109.51760000177,
              279237.89269999787
            ],
            [
              192097.46729999967,
              279248.73330000043
            ],
            [
              192091.41100000031,
              279260.03560000099
            ],
            [
              192084.01300000306,
              279263.60540000163
            ],
            [
              192068.96710000094,
              279265.69840000011
            ],
            [
              192052.45910000242,
              279267.71619999968
            ],
            [
              192044.94640000351,
              279272.04640000127
            ],
            [
              192027.85190000106,
              279274.1370000001
            ],
            [
              192017.03809999954,
              279282.89300000109
            ],
            [
              192001.62710000202,
              279283.31170000136
            ],
            [
              191985.74619999994,
              279287.92600000277
            ],
            [
              191963.89250000194,
              279294.48220000044
            ],
            [
              191947.35680000111,
              279303.10520000383
            ],
            [
              191932.4401000021,
              279309.7742999997
            ],
            [
              191910.58910000138,
              279311.26750000007
            ],
            [
              191881.68299999926,
              279303.97110000812
            ],
            [
              191864.99129999988,
              279294.66679999977
            ],
            [
              191834.54360000417,
              279296.58019999973
            ],
            [
              191816.29710000101,
              279281.84119999968
            ],
            [
              191796.59180000238,
              279266.99269999936
            ],
            [
              191769.21680000145,
              279239.28180000186
            ],
            [
              191743.31380000059,
              279226.43590000086
            ]
          ]
        ]
      }
    },
    {
      "attributes" : {
        "FID" : 8,
        "PMNTN_SN" : 27689,
        "MNTN_CODE" : "291101101",
        "MNTN_NM" : "분적산",
        "PMNTN_NM" : "남구진월동,산마루주말농장-정상부구간",
        "PMNTN_MAIN" : " ",
        "PMNTN_LT" : 0.15,
        "PMNTN_DFFL" : "쉬움",
        "PMNTN_UPPL" : 3,
        "PMNTN_GODN" : 2,
        "PMNTN_MTRQ" : "회갈색부엽토",
        "PMNTN_CNRL" : " ",
        "PMNTN_CLS_" : " ",
        "PMNTN_RISK" : "경사도가심함",
        "PMNTN_RECO" : " ",
        "DATA_STDR_" : "2016-12-31",
        "MNTN_ID" : "291101101"
      },
      "geometry" : {
        "paths" : [
          [
            [
              191743.31380000059,
              279226.43590000086
            ],
            [
              191711.41050000116,
              279232.01209999993
            ],
            [
              191688.61890000198,
              279232.03300000168
            ],
            [
              191620.27800000273,
              279269.03969999962
            ],
            [
              191603.59800000023,
              279272.71620000154
            ]
          ]
        ]
      }
    },
    {
      "attributes" : {
        "FID" : 9,
        "PMNTN_SN" : 27690,
        "MNTN_CODE" : "291101101",
        "MNTN_NM" : "분적산",
        "PMNTN_NM" : "남구진월동구간",
        "PMNTN_MAIN" : " ",
        "PMNTN_LT" : 0.15,
        "PMNTN_DFFL" : "쉬움",
        "PMNTN_UPPL" : 3,
        "PMNTN_GODN" : 2,
        "PMNTN_MTRQ" : "회갈색부엽토",
        "PMNTN_CNRL" : " ",
        "PMNTN_CLS_" : " ",
        "PMNTN_RISK" : "경사도가심함",
        "PMNTN_RECO" : " ",
        "DATA_STDR_" : "2016-12-31",
        "MNTN_ID" : "291101101"
      },
      "geometry" : {
        "paths" : [
          [
            [
              191603.59800000023,
              279272.71620000154
            ],
            [
              191593.38420000207,
              279264.55809999816
            ],
            [
              191580.25960000139,
              279264.44020000286
            ],
            [
              191573.6623000009,
              279273.39809999987
            ],
            [
              191562.48959999997,
              279267.55170000345
            ],
            [
              191554.53959999979,
              279262.47060000151
            ],
            [
              191536.76799999923,
              279267.2311000023
            ],
            [
              191515.43510000408,
              279267.25100000203
            ],
            [
              191503.31700000074,
              279274.69550000131
            ],
            [
              191485.87000000104,
              279278.81530000269
            ],
            [
              191472.97250000015,
              279289.47930000164
            ]
          ]
        ]
      }
    },
    {
      "attributes" : {
        "FID" : 10,
        "PMNTN_SN" : 27691,
        "MNTN_CODE" : "291101101",
        "MNTN_NM" : "분적산",
        "PMNTN_NM" : "남구진월동,산마루주말농장-정상부구간",
        "PMNTN_MAIN" : " ",
        "PMNTN_LT" : 0.02,
        "PMNTN_DFFL" : "쉬움",
        "PMNTN_UPPL" : 1,
        "PMNTN_GODN" : 0,
        "PMNTN_MTRQ" : "회갈색부엽토",
        "PMNTN_CNRL" : " ",
        "PMNTN_CLS_" : " ",
        "PMNTN_RISK" : "경사도가심함",
        "PMNTN_RECO" : " ",
        "DATA_STDR_" : "2016-12-31",
        "MNTN_ID" : "291101101"
      },
      "geometry" : {
        "paths" : [
          [
            [
              191494.96010000072,
              279542.48440000415
            ],
            [
              191486.88660000172,
              279544.63460000232
            ],
            [
              191474.09160000086,
              279546.53490000032
            ]
          ]
        ]
      }
    },
    {
      "attributes" : {
        "FID" : 11,
        "PMNTN_SN" : 27692,
        "MNTN_CODE" : "291101101",
        "MNTN_NM" : "분적산",
        "PMNTN_NM" : "남구진월동구간",
        "PMNTN_MAIN" : " ",
        "PMNTN_LT" : 0.27,
        "PMNTN_DFFL" : "쉬움",
        "PMNTN_UPPL" : 5,
        "PMNTN_GODN" : 3,
        "PMNTN_MTRQ" : "회갈색부엽토",
        "PMNTN_CNRL" : " ",
        "PMNTN_CLS_" : " ",
        "PMNTN_RISK" : "경사도가심함",
        "PMNTN_RECO" : " ",
        "DATA_STDR_" : "2016-12-31",
        "MNTN_ID" : "291101101"
      },
      "geometry" : {
        "paths" : [
          [
            [
              191494.96010000072,
              279542.48440000415
            ],
            [
              191492.00119999982,
              279531.47000000067
            ],
            [
              191489.59970000014,
              279525.81360000186
            ],
            [
              191481.75729999971,
              279522.13000000454
            ],
            [
              191481.86500000115,
              279516.3219000008
            ],
            [
              191481.7862000037,
              279508.009200003
            ],
            [
              191480.04020000063,
              279495.08420000039
            ],
            [
              191486.55060000345,
              279483.76330000162
            ],
            [
              191485.88390000258,
              279475.03769999929
            ],
            [
              191491.42289999966,
              279460.89040000178
            ],
            [
              191486.86510000192,
              279438.57980000041
            ],
            [
              191480.67110000178,
              279432.19439999945
            ],
            [
              191478.85489999969,
              279423.81540000252
            ],
            [
              191478.486800001,
              279412.74770000018
            ],
            [
              191473.07320000418,
              279396.76090000197
            ],
            [
              191477.60720000044,
              279370.90690000355
            ],
            [
              191476.04000000004,
              279352.38100000285
            ],
            [
              191477.5708000008,
              279332.07700000145
            ],
            [
              191479.01200000104,
              279313.54820000008
            ],
            [
              191472.97250000015,
              279289.47930000164
            ]
          ]
        ]
      }
    },
    {
      "attributes" : {
        "FID" : 12,
        "PMNTN_SN" : 27693,
        "MNTN_CODE" : "291101101",
        "MNTN_NM" : "분적산",
        "PMNTN_NM" : "노대동구간",
        "PMNTN_MAIN" : " ",
        "PMNTN_LT" : 0.41,
        "PMNTN_DFFL" : "쉬움",
        "PMNTN_UPPL" : 7,
        "PMNTN_GODN" : 5,
        "PMNTN_MTRQ" : "회갈색부엽토",
        "PMNTN_CNRL" : " ",
        "PMNTN_CLS_" : " ",
        "PMNTN_RISK" : "경사도가심함",
        "PMNTN_RECO" : " ",
        "DATA_STDR_" : "2016-12-31",
        "MNTN_ID" : "291101101"
      },
      "geometry" : {
        "paths" : [
          [
            [
              191472.97250000015,
              279289.47930000164
            ],
            [
              191459.28550000209,
              279276.62280000001
            ],
            [
              191462.27660000231,
              279258.09260000102
            ],
            [
              191467.80080000125,
              279245.75890000165
            ],
            [
              191480.62320000399,
              279237.09350000136
            ],
            [
              191480.11130000185,
              279224.00900000148
            ],
            [
              191484.53719999921,
              279219.12340000272
            ],
            [
              191495.21559999976,
              279215.83960000053
            ],
            [
              191503.80849999934,
              279210.95630000159
            ],
            [
              191504.95699999947,
              279201.7722000014
            ],
            [
              191500.52910000179,
              279191.49349999987
            ],
            [
              191499.11100000329,
              279182.2742999997
            ],
            [
              191505.44560000021,
              279176.35099999793
            ],
            [
              191515.01819999982,
              279171.53880000301
            ],
            [
              191527.71989999991,
              279165.82049999945
            ],
            [
              191537.72690000199,
              279161.98390000127
            ],
            [
              191554.93960000202,
              279150.33469999954
            ],
            [
              191562.4495000001,
              279139.62309999764
            ],
            [
              191570.16640000138,
              279132.95570000075
            ],
            [
              191586.946700003,
              279135.25440000184
            ],
            [
              191590.04920000024,
              279128.42700000107
            ],
            [
              191588.3638000004,
              279119.83320000209
            ],
            [
              191591.89420000091,
              279111.02470000274
            ],
            [
              191590.21130000148,
              279103.72500000149
            ],
            [
              191605.05059999973,
              279097.20910000056
            ],
            [
              191617.71879999898,
              279090.33970000222
            ],
            [
              191630.64829999954,
              279097.69820000231
            ],
            [
              191635.96770000178,
              279112.62850000337
            ],
            [
              191654.76620000042,
              279115.05810000002
            ],
            [
              191667.29030000139,
              279103.59709999897
            ],
            [
              191676.80670000054,
              279105.07660000026
            ],
            [
              191685.05890000146,
              279100.95529999956
            ],
            [
              191691.50020000339,
              279094.81760000065
            ],
            [
              191700.71010000166,
              279095.11860000342
            ]
          ]
        ]
      }
    },
    {
      "attributes" : {
        "FID" : 13,
        "PMNTN_SN" : 27694,
        "MNTN_CODE" : "291101101",
        "MNTN_NM" : "분적산",
        "PMNTN_NM" : "노대동구간",
        "PMNTN_MAIN" : " ",
        "PMNTN_LT" : 0.65,
        "PMNTN_DFFL" : "쉬움",
        "PMNTN_UPPL" : 11,
        "PMNTN_GODN" : 8,
        "PMNTN_MTRQ" : "회갈색부엽토",
        "PMNTN_CNRL" : " ",
        "PMNTN_CLS_" : " ",
        "PMNTN_RISK" : "경사도가심함",
        "PMNTN_RECO" : " ",
        "DATA_STDR_" : "2016-12-31",
        "MNTN_ID" : "291101101"
      },
      "geometry" : {
        "paths" : [
          [
            [
              191700.71010000166,
              279095.11860000342
            ],
            [
              191700.69489999954,
              279078.47720000334
            ],
            [
              191705.29580000136,
              279067.74530000053
            ],
            [
              191710.76380000077,
              279063.91730000079
            ],
            [
              191711.31080000103,
              279058.32600000128
            ],
            [
              191712.55050000083,
              279050.57790000178
            ],
            [
              191713.39600000251,
              279045.19010000117
            ],
            [
              191711.70490000118,
              279041.6072000023
            ],
            [
              191712.63159999996,
              279038.04600000195
            ],
            [
              191719.35410000104,
              279039.4841000028
            ],
            [
              191727.2293999996,
              279040.4336000029
            ],
            [
              191752.47710000351,
              279050.84570000134
            ],
            [
              191769.61000000127,
              279058.52999999933
            ],
            [
              191783.59420000017,
              279057.92100000195
            ],
            [
              191796.71860000119,
              279062.30970000289
            ],
            [
              191810.21240000334,
              279059.73680000193
            ],
            [
              191816.94799999986,
              279069.98720000125
            ],
            [
              191820.91330000199,
              279079.01669999957
            ],
            [
              191829.10680000111,
              279087.93750000373
            ],
            [
              191833.01770000067,
              279100.72990000248
            ],
            [
              191840.30350000411,
              279107.9739000015
            ],
            [
              191845.56100000162,
              279113.20130000077
            ],
            [
              191852.49550000392,
              279125.98790000193
            ],
            [
              191862.62650000304,
              279121.09710000269
            ],
            [
              191867.96559999976,
              279117.54270000011
            ],
            [
              191865.78680000175,
              279100.34139999934
            ],
            [
              191878.36320000049,
              279103.74040000327
            ],
            [
              191870.82290000096,
              279087.64250000194
            ],
            [
              191879.92320000008,
              279069.10700000077
            ],
            [
              191886.04960000142,
              279060.07840000279
            ],
            [
              191895.23070000298,
              279053.91939999908
            ],
            [
              191896.67010000162,
              279037.69519999996
            ],
            [
              191918.91130000073,
              279029.81949999928
            ],
            [
              191931.87930000108,
              279018.9793999996
            ],
            [
              191929.08400000166,
              279005.14010000229
            ],
            [
              191933.36450000014,
              278989.5137000028
            ],
            [
              191939.6640000036,
              278975.5933000017
            ],
            [
              191936.35339999944,
              278967.32250000164
            ],
            [
              191930.70100000128,
              278952.45990000293
            ],
            [
              191926.73360000271,
              278938.56990000047
            ],
            [
              191929.09170000255,
              278930.11700000241
            ],
            [
              191935.13200000022,
              278914.10280000046
            ],
            [
              191940.57650000136,
              278893.43070000038
            ],
            [
              191948.12720000185,
              278874.89660000056
            ],
            [
              191948.10429999977,
              278849.04700000212
            ],
            [
              191945.03550000209,
              278836.1118000038
            ],
            [
              191942.36720000301,
              278824.86470000073
            ],
            [
              191930.47919999901,
              278816.06469999999
            ],
            [
              191914.76980000082,
              278808.62970000692
            ],
            [
              191904.8732000012,
              278804.85920000076
            ]
          ]
        ]
      }
    },
    {
      "attributes" : {
        "FID" : 14,
        "PMNTN_SN" : 27695,
        "MNTN_CODE" : "291101101",
        "MNTN_NM" : "분적산",
        "PMNTN_NM" : "노대동구간",
        "PMNTN_MAIN" : " ",
        "PMNTN_LT" : 0.17,
        "PMNTN_DFFL" : "쉬움",
        "PMNTN_UPPL" : 3,
        "PMNTN_GODN" : 2,
        "PMNTN_MTRQ" : "회갈색부엽토",
        "PMNTN_CNRL" : " ",
        "PMNTN_CLS_" : " ",
        "PMNTN_RISK" : "경사도가심함",
        "PMNTN_RECO" : " ",
        "DATA_STDR_" : "2016-12-31",
        "MNTN_ID" : "291101101"
      },
      "geometry" : {
        "paths" : [
          [
            [
              191904.8732000012,
              278804.85920000076
            ],
            [
              191887.91800000239,
              278802.41499999911
            ],
            [
              191875.09860000201,
              278795.29640000127
            ],
            [
              191862.98429999966,
              278784.33230000176
            ],
            [
              191841.72990000062,
              278771.48200000264
            ],
            [
              191824.92100000288,
              278734.44230000116
            ],
            [
              191821.89240000211,
              278712.256500002
            ],
            [
              191825.39420000091,
              278695.99120000005
            ],
            [
              191823.80769999977,
              278686.16010000184
            ],
            [
              191816.83079999965,
              278680.65200000256
            ]
          ]
        ]
      }
    },
    {
      "attributes" : {
        "FID" : 15,
        "PMNTN_SN" : 27696,
        "MNTN_CODE" : "291101101",
        "MNTN_NM" : "분적산",
        "PMNTN_NM" : "노대동구간",
        "PMNTN_MAIN" : " ",
        "PMNTN_LT" : 0.38,
        "PMNTN_DFFL" : "쉬움",
        "PMNTN_UPPL" : 7,
        "PMNTN_GODN" : 5,
        "PMNTN_MTRQ" : "회갈색부엽토",
        "PMNTN_CNRL" : " ",
        "PMNTN_CLS_" : " ",
        "PMNTN_RISK" : "경사도가심함",
        "PMNTN_RECO" : " ",
        "DATA_STDR_" : "2016-12-31",
        "MNTN_ID" : "291101101"
      },
      "geometry" : {
        "paths" : [
          [
            [
              191816.83079999965,
              278680.65200000256
            ],
            [
              191820.11900000088,
              278679.50650000013
            ],
            [
              191822.8574000001,
              278678.21700000204
            ],
            [
              191827.56110000238,
              278676.7006000001
            ],
            [
              191832.15930000134,
              278673.80820000172
            ],
            [
              191832.62439999916,
              278667.56990000419
            ],
            [
              191826.10000000056,
              278655.00129999965
            ],
            [
              191825.16690000147,
              278648.72120000049
            ],
            [
              191824.78270000219,
              278642.0210000053
            ],
            [
              191819.92610000074,
              278631.05279999971
            ],
            [
              191806.58970000315,
              278627.26790000126
            ],
            [
              191788.56340000406,
              278622.56269999966
            ],
            [
              191796.15830000024,
              278611.66410000063
            ],
            [
              191806.22690000013,
              278599.28150000237
            ],
            [
              191813.89250000007,
              278585.4907000009
            ],
            [
              191825.85510000307,
              278568.72050000168
            ],
            [
              191844.54430000018,
              278555.14140000194
            ],
            [
              191875.38450000156,
              278540.90720000304
            ],
            [
              191903.79370000027,
              278540.22210000269
            ],
            [
              191946.37510000169,
              278548.81140000187
            ],
            [
              191972.06879999954,
              278549.31399999931
            ],
            [
              191990.74890000094,
              278548.70240000077
            ],
            [
              192010.81780000217,
              278542.27830000408
            ],
            [
              192020.21070000064,
              278534.61849999987
            ],
            [
              192029.88210000005,
              278530.23939999938
            ],
            [
              192034.43900000211,
              278532.78440000303
            ]
          ]
        ]
      }
    },
    {
      "attributes" : {
        "FID" : 16,
        "PMNTN_SN" : 27697,
        "MNTN_CODE" : "291101101",
        "MNTN_NM" : "분적산",
        "PMNTN_NM" : "노대동구간",
        "PMNTN_MAIN" : " ",
        "PMNTN_LT" : 0.38,
        "PMNTN_DFFL" : "쉬움",
        "PMNTN_UPPL" : 7,
        "PMNTN_GODN" : 5,
        "PMNTN_MTRQ" : "회갈색부엽토",
        "PMNTN_CNRL" : " ",
        "PMNTN_CLS_" : " ",
        "PMNTN_RISK" : "경사도가심함",
        "PMNTN_RECO" : " ",
        "DATA_STDR_" : "2016-12-31",
        "MNTN_ID" : "291101101"
      },
      "geometry" : {
        "paths" : [
          [
            [
              192034.43900000211,
              278532.78440000303
            ],
            [
              192040.65130000003,
              278527.25999999978
            ],
            [
              192047.75710000005,
              278526.94769999944
            ],
            [
              192052.86960000172,
              278522.78070000187
            ],
            [
              192062.66360000148,
              278519.88660000265
            ],
            [
              192078.28010000009,
              278519.17679999955
            ],
            [
              192092.41760000121,
              278517.84809999913
            ],
            [
              192101.1847000001,
              278515.2762000002
            ],
            [
              192119.10480000172,
              278517.80560000241
            ],
            [
              192145.85060000047,
              278516.3189000003
            ],
            [
              192164.70830000099,
              278507.2193
            ],
            [
              192178.35970000084,
              278506.81680000015
            ],
            [
              192189.30510000139,
              278509.64059999958
            ],
            [
              192206.12810000405,
              278512.67600000277
            ],
            [
              192222.54240000155,
              278516.78759999946
            ],
            [
              192233.64230000041,
              278528.56499999948
            ],
            [
              192238.5289000012,
              278536.81019999832
            ],
            [
              192238.99930000026,
              278543.84790000133
            ],
            [
              192244.87550000101,
              278548.38430000097
            ],
            [
              192256.99619999994,
              278553.53659999929
            ],
            [
              192268.81969999988,
              278563.43690000288
            ],
            [
              192272.63040000107,
              278571.93040000089
            ],
            [
              192281.16280000191,
              278584.9197000023
            ],
            [
              192279.70150000229,
              278594.19890000112
            ],
            [
              192283.51250000019,
              278604.67750000209
            ],
            [
              192291.47919999994,
              278607.56780000217
            ],
            [
              192301.50769999996,
              278609.23929999769
            ],
            [
              192317.909500001,
              278612.3449000027
            ],
            [
              192331.82370000053,
              278610.55199999921
            ],
            [
              192327.82710000034,
              278630.49420000054
            ]
          ]
        ]
      }
    }
  ]
}