{
  "displayFieldName" : "",
  "fieldAliases" : {
    "FID" : "FID",
    "PMNTN_SPOT" : "PMNTN_SPOT",
    "MNTN_CODE" : "MNTN_CODE",
    "MANAGE_SP1" : "MANAGE_SP1",
    "MANAGE_SP2" : "MANAGE_SP2",
    "DETAIL_SPO" : "DETAIL_SPO",
    "ETC_MATTER" : "ETC_MATTER",
    "MNTN_NM" : "MNTN_NM",
    "PAST_SPOT_" : "PAST_SPOT_",
    "MNTN_ID" : "MNTN_ID"
  },
  "geometryType" : "esriGeometryPoint",
  "spatialReference" : {
    "wkt" : "PROJCS[\"PCS_ITRF2000_TM\",GEOGCS[\"GCS_ITRF_2000\",DATUM[\"D_ITRF_2000\",SPHEROID[\"GRS_1980\",6378137.0,298.257222101]],PRIMEM[\"Greenwich\",0.0],UNIT[\"Degree\",0.0174532925199433]],PROJECTION[\"Transverse_Mercator\"],PARAMETER[\"False_Easting\",200000.0],PARAMETER[\"False_Northing\",600000.0],PARAMETER[\"Central_Meridian\",127.0],PARAMETER[\"Scale_Factor\",1.0],PARAMETER[\"Latitude_Of_Origin\",38.0],UNIT[\"Meter\",1.0]]"
  },
  "fields" : [
    {
      "name" : "FID",
      "type" : "esriFieldTypeOID",
      "alias" : "FID"
    },
    {
      "name" : "PMNTN_SPOT",
      "type" : "esriFieldTypeDouble",
      "alias" : "PMNTN_SPOT"
    },
    {
      "name" : "MNTN_CODE",
      "type" : "esriFieldTypeString",
      "alias" : "MNTN_CODE",
      "length" : 9
    },
    {
      "name" : "MANAGE_SP1",
      "type" : "esriFieldTypeString",
      "alias" : "MANAGE_SP1",
      "length" : 2
    },
    {
      "name" : "MANAGE_SP2",
      "type" : "esriFieldTypeString",
      "alias" : "MANAGE_SP2",
      "length" : 50
    },
    {
      "name" : "DETAIL_SPO",
      "type" : "esriFieldTypeString",
      "alias" : "DETAIL_SPO",
      "length" : 200
    },
    {
      "name" : "ETC_MATTER",
      "type" : "esriFieldTypeString",
      "alias" : "ETC_MATTER",
      "length" : 200
    },
    {
      "name" : "MNTN_NM",
      "type" : "esriFieldTypeString",
      "alias" : "MNTN_NM",
      "length" : 50
    },
    {
      "name" : "PAST_SPOT_",
      "type" : "esriFieldTypeString",
      "alias" : "PAST_SPOT_",
      "length" : 14
    },
    {
      "name" : "MNTN_ID",
      "type" : "esriFieldTypeString",
      "alias" : "MNTN_ID",
      "length" : 10
    }
  ],
  "features" : [
    {
      "attributes" : {
        "FID" : 0,
        "PMNTN_SPOT" : 72125,
        "MNTN_CODE" : "411900201",
        "MANAGE_SP1" : "99",
        "MANAGE_SP2" : "기타",
        "DETAIL_SPO" : "계단",
        "ETC_MATTER" : " ",
        "MNTN_NM" : "원미산",
        "PAST_SPOT_" : "21151001000001",
        "MNTN_ID" : "2115100100"
      },
      "geometry" : {
        "x" : 181979.77230000123,
        "y" : 543401.67810000107
      }
    },
    {
      "attributes" : {
        "FID" : 1,
        "PMNTN_SPOT" : 72126,
        "MNTN_CODE" : "411900201",
        "MANAGE_SP1" : "99",
        "MANAGE_SP2" : "기타",
        "DETAIL_SPO" : "계단",
        "ETC_MATTER" : "22포인트쪽을바라보고 찍은 계단 사진",
        "MNTN_NM" : "원미산",
        "PAST_SPOT_" : "21151001000002",
        "MNTN_ID" : "2115100100"
      },
      "geometry" : {
        "x" : 182174.23190000094,
        "y" : 543635.89690000191
      }
    },
    {
      "attributes" : {
        "FID" : 2,
        "PMNTN_SPOT" : 72127,
        "MNTN_CODE" : "411900201",
        "MANAGE_SP1" : "99",
        "MANAGE_SP2" : "기타",
        "DETAIL_SPO" : "그네",
        "ETC_MATTER" : " ",
        "MNTN_NM" : "원미산",
        "PAST_SPOT_" : "21151001000003",
        "MNTN_ID" : "2115100100"
      },
      "geometry" : {
        "x" : 182201.73950000107,
        "y" : 543522.72949999943
      }
    },
    {
      "attributes" : {
        "FID" : 3,
        "PMNTN_SPOT" : 72128,
        "MNTN_CODE" : "411900201",
        "MANAGE_SP1" : "08",
        "MANAGE_SP2" : "가로등",
        "DETAIL_SPO" : "가로등",
        "ETC_MATTER" : " ",
        "MNTN_NM" : "원미산",
        "PAST_SPOT_" : "21151001000004",
        "MNTN_ID" : "2115100100"
      },
      "geometry" : {
        "x" : 182444.51720000058,
        "y" : 543276.95970000327
      }
    },
    {
      "attributes" : {
        "FID" : 4,
        "PMNTN_SPOT" : 72129,
        "MNTN_CODE" : "411900201",
        "MANAGE_SP1" : "99",
        "MANAGE_SP2" : "기타",
        "DETAIL_SPO" : "출,입구",
        "ETC_MATTER" : " ",
        "MNTN_NM" : "원미산",
        "PAST_SPOT_" : "21151001000005",
        "MNTN_ID" : "2115100100"
      },
      "geometry" : {
        "x" : 182652.56180000212,
        "y" : 543145.70979999937
      }
    },
    {
      "attributes" : {
        "FID" : 5,
        "PMNTN_SPOT" : 72130,
        "MNTN_CODE" : "411900201",
        "MANAGE_SP1" : "99",
        "MANAGE_SP2" : "기타",
        "DETAIL_SPO" : "부천동초등학교",
        "ETC_MATTER" : "출,입구 근처 학교 사진",
        "MNTN_NM" : "원미산",
        "PAST_SPOT_" : "21151001000006",
        "MNTN_ID" : "2115100100"
      },
      "geometry" : {
        "x" : 182737.83770000003,
        "y" : 543112.29030000232
      }
    },
    {
      "attributes" : {
        "FID" : 6,
        "PMNTN_SPOT" : 72131,
        "MNTN_CODE" : "411900201",
        "MANAGE_SP1" : "11",
        "MANAGE_SP2" : "안내판또는지도",
        "DETAIL_SPO" : "안내판,화장실,가로등,벤치,운동시설",
        "ETC_MATTER" : " ",
        "MNTN_NM" : "원미산",
        "PAST_SPOT_" : "21151001000007",
        "MNTN_ID" : "2115100100"
      },
      "geometry" : {
        "x" : 182120.34760000184,
        "y" : 544584.30920000002
      }
    },
    {
      "attributes" : {
        "FID" : 7,
        "PMNTN_SPOT" : 72132,
        "MNTN_CODE" : "411900201",
        "MANAGE_SP1" : "99",
        "MANAGE_SP2" : "기타",
        "DETAIL_SPO" : "부천시립중앙도서관",
        "ETC_MATTER" : "부천시림중앙도서관(뒤쪽)",
        "MNTN_NM" : "원미산",
        "PAST_SPOT_" : "21151001000008",
        "MNTN_ID" : "2115100100"
      },
      "geometry" : {
        "x" : 182145.46650000196,
        "y" : 544443.78790000267
      }
    },
    {
      "attributes" : {
        "FID" : 8,
        "PMNTN_SPOT" : 72133,
        "MNTN_CODE" : "411900201",
        "MANAGE_SP1" : "11",
        "MANAGE_SP2" : "안내판또는지도",
        "DETAIL_SPO" : "안내판",
        "ETC_MATTER" : "경고문",
        "MNTN_NM" : "원미산",
        "PAST_SPOT_" : "21151001000009",
        "MNTN_ID" : "2115100100"
      },
      "geometry" : {
        "x" : 182002.42980000097,
        "y" : 543433.94859999977
      }
    },
    {
      "attributes" : {
        "FID" : 9,
        "PMNTN_SPOT" : 72134,
        "MNTN_CODE" : "411900201",
        "MANAGE_SP1" : "03",
        "MANAGE_SP2" : "정자",
        "DETAIL_SPO" : "정자,가로등",
        "ETC_MATTER" : "우측길로빠지면 124포인트길 부천시립중앙도서관 뒷쪽으로감.",
        "MNTN_NM" : "원미산",
        "PAST_SPOT_" : "21151001000010",
        "MNTN_ID" : "2115100100"
      },
      "geometry" : {
        "x" : 182184.32580000162,
        "y" : 544466.26799999923
      }
    },
    {
      "attributes" : {
        "FID" : 10,
        "PMNTN_SPOT" : 72135,
        "MNTN_CODE" : "411900201",
        "MANAGE_SP1" : "16",
        "MANAGE_SP2" : "주요나무",
        "DETAIL_SPO" : "소나무",
        "ETC_MATTER" : " ",
        "MNTN_NM" : "원미산",
        "PAST_SPOT_" : "21151001000011",
        "MNTN_ID" : "2115100100"
      },
      "geometry" : {
        "x" : 182231.36419999972,
        "y" : 544529.82970000245
      }
    },
    {
      "attributes" : {
        "FID" : 11,
        "PMNTN_SPOT" : 72136,
        "MNTN_CODE" : "411900201",
        "MANAGE_SP1" : "08",
        "MANAGE_SP2" : "가로등",
        "DETAIL_SPO" : "가로등",
        "ETC_MATTER" : " ",
        "MNTN_NM" : "원미산",
        "PAST_SPOT_" : "21151001000012",
        "MNTN_ID" : "2115100100"
      },
      "geometry" : {
        "x" : 182164.66970000044,
        "y" : 544561.09459999949
      }
    },
    {
      "attributes" : {
        "FID" : 12,
        "PMNTN_SPOT" : 72137,
        "MNTN_CODE" : "411900201",
        "MANAGE_SP1" : "99",
        "MANAGE_SP2" : "기타",
        "DETAIL_SPO" : "기타",
        "ETC_MATTER" : "우측을보면 오리굽는마을건물이 보임",
        "MNTN_NM" : "원미산",
        "PAST_SPOT_" : "21151001000013",
        "MNTN_ID" : "2115100100"
      },
      "geometry" : {
        "x" : 182729.41110000107,
        "y" : 545216.20320000127
      }
    },
    {
      "attributes" : {
        "FID" : 13,
        "PMNTN_SPOT" : 72138,
        "MNTN_CODE" : "411900201",
        "MANAGE_SP1" : "99",
        "MANAGE_SP2" : "기타",
        "DETAIL_SPO" : "기타",
        "ETC_MATTER" : "I구간38포인트만남",
        "MNTN_NM" : "원미산",
        "PAST_SPOT_" : "21151001000014",
        "MNTN_ID" : "2115100100"
      },
      "geometry" : {
        "x" : 182350.02830000222,
        "y" : 544515.39110000059
      }
    },
    {
      "attributes" : {
        "FID" : 14,
        "PMNTN_SPOT" : 72139,
        "MNTN_CODE" : "411900201",
        "MANAGE_SP1" : "08",
        "MANAGE_SP2" : "가로등",
        "DETAIL_SPO" : "가로등",
        "ETC_MATTER" : "I-12-3구간123포인트에서 I구간37포인트 구간 만남",
        "MNTN_NM" : "원미산",
        "PAST_SPOT_" : "21151001000015",
        "MNTN_ID" : "2115100100"
      },
      "geometry" : {
        "x" : 182315.80770000163,
        "y" : 544457.79470000044
      }
    },
    {
      "attributes" : {
        "FID" : 15,
        "PMNTN_SPOT" : 72140,
        "MNTN_CODE" : "411900201",
        "MANAGE_SP1" : "99",
        "MANAGE_SP2" : "기타",
        "DETAIL_SPO" : "기타",
        "ETC_MATTER" : "원미산I-11-006사진(우측으로들어가길)",
        "MNTN_NM" : "원미산",
        "PAST_SPOT_" : "21151001000016",
        "MNTN_ID" : "2115100100"
      },
      "geometry" : {
        "x" : 182091.17059999984,
        "y" : 544292.09540000185
      }
    },
    {
      "attributes" : {
        "FID" : 16,
        "PMNTN_SPOT" : 72141,
        "MNTN_CODE" : "411900201",
        "MANAGE_SP1" : "11",
        "MANAGE_SP2" : "안내판또는지도",
        "DETAIL_SPO" : "안내판",
        "ETC_MATTER" : " ",
        "MNTN_NM" : "원미산",
        "PAST_SPOT_" : "21151001000017",
        "MNTN_ID" : "2115100100"
      },
      "geometry" : {
        "x" : 182113.71969999932,
        "y" : 544316.49730000459
      }
    },
    {
      "attributes" : {
        "FID" : 17,
        "PMNTN_SPOT" : 72142,
        "MNTN_CODE" : "411900201",
        "MANAGE_SP1" : "99",
        "MANAGE_SP2" : "기타",
        "DETAIL_SPO" : "기타",
        "ETC_MATTER" : "문",
        "MNTN_NM" : "원미산",
        "PAST_SPOT_" : "21151001000018",
        "MNTN_ID" : "2115100100"
      },
      "geometry" : {
        "x" : 182000.05360000115,
        "y" : 543479.93620000221
      }
    },
    {
      "attributes" : {
        "FID" : 18,
        "PMNTN_SPOT" : 72143,
        "MNTN_CODE" : "411900201",
        "MANAGE_SP1" : "99",
        "MANAGE_SP2" : "기타",
        "DETAIL_SPO" : "기타",
        "ETC_MATTER" : " ",
        "MNTN_NM" : "원미산",
        "PAST_SPOT_" : "21151001000019",
        "MNTN_ID" : "2115100100"
      },
      "geometry" : {
        "x" : 182209.93269999977,
        "y" : 544305.27960000001
      }
    },
    {
      "attributes" : {
        "FID" : 19,
        "PMNTN_SPOT" : 72144,
        "MNTN_CODE" : "411900201",
        "MANAGE_SP1" : "05",
        "MANAGE_SP2" : "벤치",
        "DETAIL_SPO" : "벤치,운동기구",
        "ETC_MATTER" : "좌쪽입구,우쪽입구사진10미터거리에서 다시 만나는길",
        "MNTN_NM" : "원미산",
        "PAST_SPOT_" : "21151001000020",
        "MNTN_ID" : "2115100100"
      },
      "geometry" : {
        "x" : 182214.02100000158,
        "y" : 544224.43800000101
      }
    },
    {
      "attributes" : {
        "FID" : 20,
        "PMNTN_SPOT" : 72145,
        "MNTN_CODE" : "411900201",
        "MANAGE_SP1" : "07",
        "MANAGE_SP2" : "시설물(운동기구 등)",
        "DETAIL_SPO" : "운동기구,계단",
        "ETC_MATTER" : "I-11구간134에서I구간35포인트로가는길",
        "MNTN_NM" : "원미산",
        "PAST_SPOT_" : "21151001000021",
        "MNTN_ID" : "2115100100"
      },
      "geometry" : {
        "x" : 182362.32740000356,
        "y" : 544274.5866000019
      }
    },
    {
      "attributes" : {
        "FID" : 21,
        "PMNTN_SPOT" : 72146,
        "MNTN_CODE" : "411900201",
        "MANAGE_SP1" : "99",
        "MANAGE_SP2" : "기타",
        "DETAIL_SPO" : "돌탑",
        "ETC_MATTER" : "I-3구간88포인트에서 가는길",
        "MNTN_NM" : "원미산",
        "PAST_SPOT_" : "21151001000022",
        "MNTN_ID" : "2115100100"
      },
      "geometry" : {
        "x" : 182550.74490000214,
        "y" : 543785.16090000048
      }
    },
    {
      "attributes" : {
        "FID" : 22,
        "PMNTN_SPOT" : 72147,
        "MNTN_CODE" : "411900201",
        "MANAGE_SP1" : "99",
        "MANAGE_SP2" : "기타",
        "DETAIL_SPO" : "출,입구",
        "ETC_MATTER" : "좌측(역곡초등학교)",
        "MNTN_NM" : "원미산",
        "PAST_SPOT_" : "21151001000023",
        "MNTN_ID" : "2115100100"
      },
      "geometry" : {
        "x" : 182987.78760000039,
        "y" : 543415.63560000062
      }
    },
    {
      "attributes" : {
        "FID" : 23,
        "PMNTN_SPOT" : 72148,
        "MNTN_CODE" : "411900201",
        "MANAGE_SP1" : "05",
        "MANAGE_SP2" : "벤치",
        "DETAIL_SPO" : "벤치",
        "ETC_MATTER" : " ",
        "MNTN_NM" : "원미산",
        "PAST_SPOT_" : "21151001000024",
        "MNTN_ID" : "2115100100"
      },
      "geometry" : {
        "x" : 181995.17330000363,
        "y" : 543480.59050000273
      }
    },
    {
      "attributes" : {
        "FID" : 24,
        "PMNTN_SPOT" : 72149,
        "MNTN_CODE" : "411900201",
        "MANAGE_SP1" : "99",
        "MANAGE_SP2" : "기타",
        "DETAIL_SPO" : "출,입구",
        "ETC_MATTER" : "10M앞에 가로등,140포인트에서 좌측을바라본사진",
        "MNTN_NM" : "원미산",
        "PAST_SPOT_" : "21151001000025",
        "MNTN_ID" : "2115100100"
      },
      "geometry" : {
        "x" : 182940.24880000204,
        "y" : 543349.78439999931
      }
    },
    {
      "attributes" : {
        "FID" : 25,
        "PMNTN_SPOT" : 72150,
        "MNTN_CODE" : "411900201",
        "MANAGE_SP1" : "05",
        "MANAGE_SP2" : "벤치",
        "DETAIL_SPO" : "벤치",
        "ETC_MATTER" : "10M간격",
        "MNTN_NM" : "원미산",
        "PAST_SPOT_" : "21151001000026",
        "MNTN_ID" : "2115100100"
      },
      "geometry" : {
        "x" : 182911.55750000104,
        "y" : 543404.57190000452
      }
    },
    {
      "attributes" : {
        "FID" : 26,
        "PMNTN_SPOT" : 72151,
        "MNTN_CODE" : "411900201",
        "MANAGE_SP1" : "05",
        "MANAGE_SP2" : "벤치",
        "DETAIL_SPO" : "벤치,가로등",
        "ETC_MATTER" : " ",
        "MNTN_NM" : "원미산",
        "PAST_SPOT_" : "21151001000027",
        "MNTN_ID" : "2115100100"
      },
      "geometry" : {
        "x" : 182879.78840000089,
        "y" : 543343.82720000111
      }
    },
    {
      "attributes" : {
        "FID" : 27,
        "PMNTN_SPOT" : 72152,
        "MNTN_CODE" : "411900201",
        "MANAGE_SP1" : "99",
        "MANAGE_SP2" : "기타",
        "DETAIL_SPO" : "기타",
        "ETC_MATTER" : "나무다리쪽으로..",
        "MNTN_NM" : "원미산",
        "PAST_SPOT_" : "21151001000028",
        "MNTN_ID" : "2115100100"
      },
      "geometry" : {
        "x" : 182855.41520000063,
        "y" : 543335.62020000443
      }
    },
    {
      "attributes" : {
        "FID" : 28,
        "PMNTN_SPOT" : 72153,
        "MNTN_CODE" : "411900201",
        "MANAGE_SP1" : "05",
        "MANAGE_SP2" : "벤치",
        "DETAIL_SPO" : "벤치",
        "ETC_MATTER" : " ",
        "MNTN_NM" : "원미산",
        "PAST_SPOT_" : "21151001000029",
        "MNTN_ID" : "2115100100"
      },
      "geometry" : {
        "x" : 182768.78780000098,
        "y" : 543385.93370000087
      }
    },
    {
      "attributes" : {
        "FID" : 29,
        "PMNTN_SPOT" : 72154,
        "MNTN_CODE" : "411900201",
        "MANAGE_SP1" : "05",
        "MANAGE_SP2" : "벤치",
        "DETAIL_SPO" : "벤치",
        "ETC_MATTER" : " ",
        "MNTN_NM" : "원미산",
        "PAST_SPOT_" : "21151001000030",
        "MNTN_ID" : "2115100100"
      },
      "geometry" : {
        "x" : 182687.52100000065,
        "y" : 543432.11930000223
      }
    },
    {
      "attributes" : {
        "FID" : 30,
        "PMNTN_SPOT" : 72155,
        "MNTN_CODE" : "411900201",
        "MANAGE_SP1" : "99",
        "MANAGE_SP2" : "기타",
        "DETAIL_SPO" : "기타",
        "ETC_MATTER" : "묘지",
        "MNTN_NM" : "원미산",
        "PAST_SPOT_" : "21151001000031",
        "MNTN_ID" : "2115100100"
      },
      "geometry" : {
        "x" : 182244.10950000212,
        "y" : 543543.20450000279
      }
    },
    {
      "attributes" : {
        "FID" : 31,
        "PMNTN_SPOT" : 72156,
        "MNTN_CODE" : "411900201",
        "MANAGE_SP1" : "05",
        "MANAGE_SP2" : "벤치",
        "DETAIL_SPO" : "벤치,가로등",
        "ETC_MATTER" : "I구간포인트2에서150포인트로가는길",
        "MNTN_NM" : "원미산",
        "PAST_SPOT_" : "21151001000032",
        "MNTN_ID" : "2115100100"
      },
      "geometry" : {
        "x" : 181838.94900000282,
        "y" : 543058.16680000164
      }
    },
    {
      "attributes" : {
        "FID" : 32,
        "PMNTN_SPOT" : 72157,
        "MNTN_CODE" : "411900201",
        "MANAGE_SP1" : "05",
        "MANAGE_SP2" : "벤치",
        "DETAIL_SPO" : "벤치,가로등",
        "ETC_MATTER" : " ",
        "MNTN_NM" : "원미산",
        "PAST_SPOT_" : "21151001000033",
        "MNTN_ID" : "2115100100"
      },
      "geometry" : {
        "x" : 181886.26829999965,
        "y" : 543095.743499998
      }
    },
    {
      "attributes" : {
        "FID" : 33,
        "PMNTN_SPOT" : 72158,
        "MNTN_CODE" : "411900201",
        "MANAGE_SP1" : "05",
        "MANAGE_SP2" : "벤치",
        "DETAIL_SPO" : "벤치",
        "ETC_MATTER" : " ",
        "MNTN_NM" : "원미산",
        "PAST_SPOT_" : "21151001000034",
        "MNTN_ID" : "2115100100"
      },
      "geometry" : {
        "x" : 181916.67190000322,
        "y" : 543147.0978000015
      }
    },
    {
      "attributes" : {
        "FID" : 34,
        "PMNTN_SPOT" : 72159,
        "MNTN_CODE" : "411900201",
        "MANAGE_SP1" : "04",
        "MANAGE_SP2" : "화장실",
        "DETAIL_SPO" : "화장실,벤치,가로등배튼민턴장",
        "ETC_MATTER" : " ",
        "MNTN_NM" : "원미산",
        "PAST_SPOT_" : "21151001000035",
        "MNTN_ID" : "2115100100"
      },
      "geometry" : {
        "x" : 181899.01320000272,
        "y" : 543192.93020000122
      }
    },
    {
      "attributes" : {
        "FID" : 35,
        "PMNTN_SPOT" : 72160,
        "MNTN_CODE" : "411900201",
        "MANAGE_SP1" : "11",
        "MANAGE_SP2" : "안내판또는지도",
        "DETAIL_SPO" : "알림판",
        "ETC_MATTER" : "알림판",
        "MNTN_NM" : "원미산",
        "PAST_SPOT_" : "21151001000036",
        "MNTN_ID" : "2115100100"
      },
      "geometry" : {
        "x" : 182009.74290000089,
        "y" : 543376.72930000164
      }
    },
    {
      "attributes" : {
        "FID" : 36,
        "PMNTN_SPOT" : 72161,
        "MNTN_CODE" : "411900201",
        "MANAGE_SP1" : "05",
        "MANAGE_SP2" : "벤치",
        "DETAIL_SPO" : "벤치,계단",
        "ETC_MATTER" : " ",
        "MNTN_NM" : "원미산",
        "PAST_SPOT_" : "21151001000037",
        "MNTN_ID" : "2115100100"
      },
      "geometry" : {
        "x" : 182147.21410000324,
        "y" : 543213.77800000086
      }
    },
    {
      "attributes" : {
        "FID" : 37,
        "PMNTN_SPOT" : 72162,
        "MNTN_CODE" : "411900201",
        "MANAGE_SP1" : "11",
        "MANAGE_SP2" : "안내판또는지도",
        "DETAIL_SPO" : "알림판",
        "ETC_MATTER" : " ",
        "MNTN_NM" : "원미산",
        "PAST_SPOT_" : "21151001000038",
        "MNTN_ID" : "2115100100"
      },
      "geometry" : {
        "x" : 182188.76439999975,
        "y" : 543160.82470000349
      }
    },
    {
      "attributes" : {
        "FID" : 38,
        "PMNTN_SPOT" : 72163,
        "MNTN_CODE" : "411900201",
        "MANAGE_SP1" : "99",
        "MANAGE_SP2" : "기타",
        "DETAIL_SPO" : "기타",
        "ETC_MATTER" : "좌쪽길로",
        "MNTN_NM" : "원미산",
        "PAST_SPOT_" : "21151001000039",
        "MNTN_ID" : "2115100100"
      },
      "geometry" : {
        "x" : 182321.04270000011,
        "y" : 543151.14010000043
      }
    },
    {
      "attributes" : {
        "FID" : 39,
        "PMNTN_SPOT" : 72164,
        "MNTN_CODE" : "411900201",
        "MANAGE_SP1" : "99",
        "MANAGE_SP2" : "기타",
        "DETAIL_SPO" : "기타",
        "ETC_MATTER" : "카톨릭대학교",
        "MNTN_NM" : "원미산",
        "PAST_SPOT_" : "21151001000040",
        "MNTN_ID" : "2115100100"
      },
      "geometry" : {
        "x" : 182443.54609999992,
        "y" : 543086.18410000205
      }
    },
    {
      "attributes" : {
        "FID" : 40,
        "PMNTN_SPOT" : 72165,
        "MNTN_CODE" : "411900201",
        "MANAGE_SP1" : "99",
        "MANAGE_SP2" : "기타",
        "DETAIL_SPO" : "기타",
        "ETC_MATTER" : "카톨릭대학교",
        "MNTN_NM" : "원미산",
        "PAST_SPOT_" : "21151001000041",
        "MNTN_ID" : "2115100100"
      },
      "geometry" : {
        "x" : 182547.509200003,
        "y" : 543077.66210000403
      }
    },
    {
      "attributes" : {
        "FID" : 41,
        "PMNTN_SPOT" : 72166,
        "MNTN_CODE" : "411900201",
        "MANAGE_SP1" : "08",
        "MANAGE_SP2" : "가로등",
        "DETAIL_SPO" : "가로등",
        "ETC_MATTER" : " ",
        "MNTN_NM" : "원미산",
        "PAST_SPOT_" : "21151001000042",
        "MNTN_ID" : "2115100100"
      },
      "geometry" : {
        "x" : 182022.56419999991,
        "y" : 543542.39580000006
      }
    },
    {
      "attributes" : {
        "FID" : 42,
        "PMNTN_SPOT" : 72167,
        "MNTN_CODE" : "411900201",
        "MANAGE_SP1" : "08",
        "MANAGE_SP2" : "가로등",
        "DETAIL_SPO" : "가로등",
        "ETC_MATTER" : " ",
        "MNTN_NM" : "원미산",
        "PAST_SPOT_" : "21151001000043",
        "MNTN_ID" : "2115100100"
      },
      "geometry" : {
        "x" : 182042.64980000164,
        "y" : 543579.75520000234
      }
    },
    {
      "attributes" : {
        "FID" : 43,
        "PMNTN_SPOT" : 72168,
        "MNTN_CODE" : "411900201",
        "MANAGE_SP1" : "99",
        "MANAGE_SP2" : "기타",
        "DETAIL_SPO" : "계단",
        "ETC_MATTER" : " ",
        "MNTN_NM" : "원미산",
        "PAST_SPOT_" : "21151001000044",
        "MNTN_ID" : "2115100100"
      },
      "geometry" : {
        "x" : 182051.17580000218,
        "y" : 543592.32280000113
      }
    },
    {
      "attributes" : {
        "FID" : 44,
        "PMNTN_SPOT" : 72169,
        "MNTN_CODE" : "411900201",
        "MANAGE_SP1" : "05",
        "MANAGE_SP2" : "벤치",
        "DETAIL_SPO" : "벤치,가로등,계단",
        "ETC_MATTER" : " ",
        "MNTN_NM" : "원미산",
        "PAST_SPOT_" : "21151001000045",
        "MNTN_ID" : "2115100100"
      },
      "geometry" : {
        "x" : 182070.29140000138,
        "y" : 543631.06060000323
      }
    },
    {
      "attributes" : {
        "FID" : 45,
        "PMNTN_SPOT" : 72170,
        "MNTN_CODE" : "411900201",
        "MANAGE_SP1" : "08",
        "MANAGE_SP2" : "가로등",
        "DETAIL_SPO" : "가로등",
        "ETC_MATTER" : " ",
        "MNTN_NM" : "원미산",
        "PAST_SPOT_" : "21151001000046",
        "MNTN_ID" : "2115100100"
      },
      "geometry" : {
        "x" : 182119.65020000096,
        "y" : 543660.90949999914
      }
    },
    {
      "attributes" : {
        "FID" : 46,
        "PMNTN_SPOT" : 72171,
        "MNTN_CODE" : "411900201",
        "MANAGE_SP1" : "11",
        "MANAGE_SP2" : "안내판또는지도",
        "DETAIL_SPO" : "안내판,가로등,운동기구,계단",
        "ETC_MATTER" : " ",
        "MNTN_NM" : "원미산",
        "PAST_SPOT_" : "21151001000047",
        "MNTN_ID" : "2115100100"
      },
      "geometry" : {
        "x" : 182187.98990000132,
        "y" : 543667.49890000187
      }
    },
    {
      "attributes" : {
        "FID" : 47,
        "PMNTN_SPOT" : 72172,
        "MNTN_CODE" : "411900201",
        "MANAGE_SP1" : "05",
        "MANAGE_SP2" : "벤치",
        "DETAIL_SPO" : "벤치",
        "ETC_MATTER" : " ",
        "MNTN_NM" : "원미산",
        "PAST_SPOT_" : "21151001000048",
        "MNTN_ID" : "2115100100"
      },
      "geometry" : {
        "x" : 182274.9972000001,
        "y" : 543772.63990000263
      }
    },
    {
      "attributes" : {
        "FID" : 48,
        "PMNTN_SPOT" : 72173,
        "MNTN_CODE" : "411900201",
        "MANAGE_SP1" : "11",
        "MANAGE_SP2" : "안내판또는지도",
        "DETAIL_SPO" : "안내판,벤치,배수로",
        "ETC_MATTER" : "I-10구간(산림욕장),I-3구간가는길 있음",
        "MNTN_NM" : "원미산",
        "PAST_SPOT_" : "21151001000049",
        "MNTN_ID" : "2115100100"
      },
      "geometry" : {
        "x" : 182303.70900000352,
        "y" : 543858.02830000035
      }
    },
    {
      "attributes" : {
        "FID" : 49,
        "PMNTN_SPOT" : 72174,
        "MNTN_CODE" : "411900201",
        "MANAGE_SP1" : "99",
        "MANAGE_SP2" : "기타",
        "DETAIL_SPO" : "기타",
        "ETC_MATTER" : "암석노출",
        "MNTN_NM" : "원미산",
        "PAST_SPOT_" : "21151001000050",
        "MNTN_ID" : "2115100100"
      },
      "geometry" : {
        "x" : 182307.43490000069,
        "y" : 543867.58749999851
      }
    },
    {
      "attributes" : {
        "FID" : 50,
        "PMNTN_SPOT" : 72175,
        "MNTN_CODE" : "411900201",
        "MANAGE_SP1" : "99",
        "MANAGE_SP2" : "기타",
        "DETAIL_SPO" : "계단",
        "ETC_MATTER" : " ",
        "MNTN_NM" : "원미산",
        "PAST_SPOT_" : "21151001000051",
        "MNTN_ID" : "2115100100"
      },
      "geometry" : {
        "x" : 182323.97510000132,
        "y" : 543914.56670000218
      }
    },
    {
      "attributes" : {
        "FID" : 51,
        "PMNTN_SPOT" : 72176,
        "MNTN_CODE" : "411900201",
        "MANAGE_SP1" : "05",
        "MANAGE_SP2" : "벤치",
        "DETAIL_SPO" : "벤치",
        "ETC_MATTER" : "뿌리돌출",
        "MNTN_NM" : "원미산",
        "PAST_SPOT_" : "21151001000052",
        "MNTN_ID" : "2115100100"
      },
      "geometry" : {
        "x" : 181885.31650000066,
        "y" : 543048.83090000041
      }
    },
    {
      "attributes" : {
        "FID" : 52,
        "PMNTN_SPOT" : 72177,
        "MNTN_CODE" : "411900201",
        "MANAGE_SP1" : "05",
        "MANAGE_SP2" : "벤치",
        "DETAIL_SPO" : "벤치,철봉",
        "ETC_MATTER" : " ",
        "MNTN_NM" : "원미산",
        "PAST_SPOT_" : "21151001000053",
        "MNTN_ID" : "2115100100"
      },
      "geometry" : {
        "x" : 182346.53409999982,
        "y" : 544013.80870000273
      }
    },
    {
      "attributes" : {
        "FID" : 53,
        "PMNTN_SPOT" : 72178,
        "MNTN_CODE" : "411900201",
        "MANAGE_SP1" : "03",
        "MANAGE_SP2" : "정자",
        "DETAIL_SPO" : "정자,벤치,운동기구",
        "ETC_MATTER" : " ",
        "MNTN_NM" : "원미산",
        "PAST_SPOT_" : "21151001000054",
        "MNTN_ID" : "2115100100"
      },
      "geometry" : {
        "x" : 182379.39340000413,
        "y" : 544046.05839999765
      }
    },
    {
      "attributes" : {
        "FID" : 54,
        "PMNTN_SPOT" : 72179,
        "MNTN_CODE" : "411900201",
        "MANAGE_SP1" : "05",
        "MANAGE_SP2" : "벤치",
        "DETAIL_SPO" : "벤치",
        "ETC_MATTER" : " ",
        "MNTN_NM" : "원미산",
        "PAST_SPOT_" : "21151001000055",
        "MNTN_ID" : "2115100100"
      },
      "geometry" : {
        "x" : 182439.5454000039,
        "y" : 544121.34699999914
      }
    },
    {
      "attributes" : {
        "FID" : 55,
        "PMNTN_SPOT" : 72180,
        "MNTN_CODE" : "411900201",
        "MANAGE_SP1" : "99",
        "MANAGE_SP2" : "기타",
        "DETAIL_SPO" : "계단",
        "ETC_MATTER" : " ",
        "MNTN_NM" : "원미산",
        "PAST_SPOT_" : "21151001000056",
        "MNTN_ID" : "2115100100"
      },
      "geometry" : {
        "x" : 182456.71219999995,
        "y" : 544143.26400000043
      }
    },
    {
      "attributes" : {
        "FID" : 56,
        "PMNTN_SPOT" : 72181,
        "MNTN_CODE" : "411900201",
        "MANAGE_SP1" : "99",
        "MANAGE_SP2" : "기타",
        "DETAIL_SPO" : "계단",
        "ETC_MATTER" : " ",
        "MNTN_NM" : "원미산",
        "PAST_SPOT_" : "21151001000057",
        "MNTN_ID" : "2115100100"
      },
      "geometry" : {
        "x" : 182427.91988863796,
        "y" : 544233.41156035662
      }
    },
    {
      "attributes" : {
        "FID" : 57,
        "PMNTN_SPOT" : 72182,
        "MNTN_CODE" : "411900201",
        "MANAGE_SP1" : "05",
        "MANAGE_SP2" : "벤치",
        "DETAIL_SPO" : "벤치",
        "ETC_MATTER" : " ",
        "MNTN_NM" : "원미산",
        "PAST_SPOT_" : "21151001000058",
        "MNTN_ID" : "2115100100"
      },
      "geometry" : {
        "x" : 182443.20280000009,
        "y" : 544506.73540000059
      }
    },
    {
      "attributes" : {
        "FID" : 58,
        "PMNTN_SPOT" : 72183,
        "MNTN_CODE" : "411900201",
        "MANAGE_SP1" : "05",
        "MANAGE_SP2" : "벤치",
        "DETAIL_SPO" : "벤치",
        "ETC_MATTER" : " ",
        "MNTN_NM" : "원미산",
        "PAST_SPOT_" : "21151001000059",
        "MNTN_ID" : "2115100100"
      },
      "geometry" : {
        "x" : 181943.76099999994,
        "y" : 543073.99730000272
      }
    },
    {
      "attributes" : {
        "FID" : 59,
        "PMNTN_SPOT" : 72184,
        "MNTN_CODE" : "411900201",
        "MANAGE_SP1" : "05",
        "MANAGE_SP2" : "벤치",
        "DETAIL_SPO" : "벤치",
        "ETC_MATTER" : " ",
        "MNTN_NM" : "원미산",
        "PAST_SPOT_" : "21151001000060",
        "MNTN_ID" : "2115100100"
      },
      "geometry" : {
        "x" : 182410.33069999982,
        "y" : 544579.69140000269
      }
    },
    {
      "attributes" : {
        "FID" : 60,
        "PMNTN_SPOT" : 72185,
        "MNTN_CODE" : "411900201",
        "MANAGE_SP1" : "05",
        "MANAGE_SP2" : "벤치",
        "DETAIL_SPO" : "벤치",
        "ETC_MATTER" : " ",
        "MNTN_NM" : "원미산",
        "PAST_SPOT_" : "21151001000061",
        "MNTN_ID" : "2115100100"
      },
      "geometry" : {
        "x" : 182409.25810000021,
        "y" : 544744.63360000029
      }
    },
    {
      "attributes" : {
        "FID" : 61,
        "PMNTN_SPOT" : 72186,
        "MNTN_CODE" : "411900201",
        "MANAGE_SP1" : "05",
        "MANAGE_SP2" : "벤치",
        "DETAIL_SPO" : "벤치",
        "ETC_MATTER" : " ",
        "MNTN_NM" : "원미산",
        "PAST_SPOT_" : "21151001000062",
        "MNTN_ID" : "2115100100"
      },
      "geometry" : {
        "x" : 182440.45410000347,
        "y" : 544757.07569999993
      }
    },
    {
      "attributes" : {
        "FID" : 62,
        "PMNTN_SPOT" : 72187,
        "MNTN_CODE" : "411900201",
        "MANAGE_SP1" : "04",
        "MANAGE_SP2" : "화장실",
        "DETAIL_SPO" : "화장실",
        "ETC_MATTER" : " ",
        "MNTN_NM" : "원미산",
        "PAST_SPOT_" : "21151001000063",
        "MNTN_ID" : "2115100100"
      },
      "geometry" : {
        "x" : 182470.55150000192,
        "y" : 544768.54350000247
      }
    },
    {
      "attributes" : {
        "FID" : 63,
        "PMNTN_SPOT" : 72188,
        "MNTN_CODE" : "411900201",
        "MANAGE_SP1" : "99",
        "MANAGE_SP2" : "기타",
        "DETAIL_SPO" : "다리",
        "ETC_MATTER" : " ",
        "MNTN_NM" : "원미산",
        "PAST_SPOT_" : "21151001000064",
        "MNTN_ID" : "2115100100"
      },
      "geometry" : {
        "x" : 182382.3460000027,
        "y" : 544879.3422000017
      }
    },
    {
      "attributes" : {
        "FID" : 64,
        "PMNTN_SPOT" : 72189,
        "MNTN_CODE" : "411900201",
        "MANAGE_SP1" : "05",
        "MANAGE_SP2" : "벤치",
        "DETAIL_SPO" : "벤치",
        "ETC_MATTER" : " ",
        "MNTN_NM" : "원미산",
        "PAST_SPOT_" : "21151001000065",
        "MNTN_ID" : "2115100100"
      },
      "geometry" : {
        "x" : 182376.71470000129,
        "y" : 545033.28419999965
      }
    },
    {
      "attributes" : {
        "FID" : 65,
        "PMNTN_SPOT" : 72190,
        "MNTN_CODE" : "411900201",
        "MANAGE_SP1" : "99",
        "MANAGE_SP2" : "기타",
        "DETAIL_SPO" : "계단,다리,벤치",
        "ETC_MATTER" : " ",
        "MNTN_NM" : "원미산",
        "PAST_SPOT_" : "21151001000066",
        "MNTN_ID" : "2115100100"
      },
      "geometry" : {
        "x" : 182390.69660000317,
        "y" : 545100.86860000156
      }
    },
    {
      "attributes" : {
        "FID" : 66,
        "PMNTN_SPOT" : 72191,
        "MNTN_CODE" : "411900201",
        "MANAGE_SP1" : "05",
        "MANAGE_SP2" : "벤치",
        "DETAIL_SPO" : "벤치,운동기구,",
        "ETC_MATTER" : " ",
        "MNTN_NM" : "원미산",
        "PAST_SPOT_" : "21151001000067",
        "MNTN_ID" : "2115100100"
      },
      "geometry" : {
        "x" : 181960.54750000034,
        "y" : 543086.22480000183
      }
    },
    {
      "attributes" : {
        "FID" : 67,
        "PMNTN_SPOT" : 72192,
        "MNTN_CODE" : "411900201",
        "MANAGE_SP1" : "99",
        "MANAGE_SP2" : "기타",
        "DETAIL_SPO" : "기타",
        "ETC_MATTER" : "경사높음",
        "MNTN_NM" : "원미산",
        "PAST_SPOT_" : "21151001000068",
        "MNTN_ID" : "2115100100"
      },
      "geometry" : {
        "x" : 182494.33940000087,
        "y" : 545136.68630000204
      }
    },
    {
      "attributes" : {
        "FID" : 68,
        "PMNTN_SPOT" : 72193,
        "MNTN_CODE" : "411900201",
        "MANAGE_SP1" : "99",
        "MANAGE_SP2" : "기타",
        "DETAIL_SPO" : "기타",
        "ETC_MATTER" : "I-9구간에서 올라가면 I-1구간 51포인트로 도착,내림길",
        "MNTN_NM" : "원미산",
        "PAST_SPOT_" : "21151001000069",
        "MNTN_ID" : "2115100100"
      },
      "geometry" : {
        "x" : 182573.81370000169,
        "y" : 545104.287200002
      }
    },
    {
      "attributes" : {
        "FID" : 69,
        "PMNTN_SPOT" : 72194,
        "MNTN_CODE" : "411900201",
        "MANAGE_SP1" : "99",
        "MANAGE_SP2" : "기타",
        "DETAIL_SPO" : "현위치",
        "ETC_MATTER" : "현위치판",
        "MNTN_NM" : "원미산",
        "PAST_SPOT_" : "21151001000070",
        "MNTN_ID" : "2115100100"
      },
      "geometry" : {
        "x" : 182535.31190000009,
        "y" : 544960.39420000091
      }
    },
    {
      "attributes" : {
        "FID" : 70,
        "PMNTN_SPOT" : 72195,
        "MNTN_CODE" : "411900201",
        "MANAGE_SP1" : "99",
        "MANAGE_SP2" : "기타",
        "DETAIL_SPO" : "기타",
        "ETC_MATTER" : " ",
        "MNTN_NM" : "원미산",
        "PAST_SPOT_" : "21151001000071",
        "MNTN_ID" : "2115100100"
      },
      "geometry" : {
        "x" : 182544.91760000028,
        "y" : 544936.72230000049
      }
    },
    {
      "attributes" : {
        "FID" : 71,
        "PMNTN_SPOT" : 72196,
        "MNTN_CODE" : "411900201",
        "MANAGE_SP1" : "05",
        "MANAGE_SP2" : "벤치",
        "DETAIL_SPO" : "벤치,운동기구",
        "ETC_MATTER" : " ",
        "MNTN_NM" : "원미산",
        "PAST_SPOT_" : "21151001000072",
        "MNTN_ID" : "2115100100"
      },
      "geometry" : {
        "x" : 182554.75720000267,
        "y" : 544801.87270000018
      }
    },
    {
      "attributes" : {
        "FID" : 72,
        "PMNTN_SPOT" : 72197,
        "MNTN_CODE" : "411900201",
        "MANAGE_SP1" : "11",
        "MANAGE_SP2" : "안내판또는지도",
        "DETAIL_SPO" : "안내판,정자,약수터,",
        "ETC_MATTER" : "좌(I구간44포인트쪽길)우(I구간45포인트쪽길)",
        "MNTN_NM" : "원미산",
        "PAST_SPOT_" : "21151001000073",
        "MNTN_ID" : "2115100100"
      },
      "geometry" : {
        "x" : 182536.65440000035,
        "y" : 544800.70110000297
      }
    },
    {
      "attributes" : {
        "FID" : 73,
        "PMNTN_SPOT" : 72198,
        "MNTN_CODE" : "411900201",
        "MANAGE_SP1" : "05",
        "MANAGE_SP2" : "벤치",
        "DETAIL_SPO" : "벤치",
        "ETC_MATTER" : " ",
        "MNTN_NM" : "원미산",
        "PAST_SPOT_" : "21151001000074",
        "MNTN_ID" : "2115100100"
      },
      "geometry" : {
        "x" : 182612.56259706244,
        "y" : 544687.62530020066
      }
    },
    {
      "attributes" : {
        "FID" : 74,
        "PMNTN_SPOT" : 72199,
        "MNTN_CODE" : "411900201",
        "MANAGE_SP1" : "99",
        "MANAGE_SP2" : "기타",
        "DETAIL_SPO" : "암석",
        "ETC_MATTER" : "암석",
        "MNTN_NM" : "원미산",
        "PAST_SPOT_" : "21151001000075",
        "MNTN_ID" : "2115100100"
      },
      "geometry" : {
        "x" : 182526.30430000089,
        "y" : 544622.91950000077
      }
    },
    {
      "attributes" : {
        "FID" : 75,
        "PMNTN_SPOT" : 72200,
        "MNTN_CODE" : "411900201",
        "MANAGE_SP1" : "08",
        "MANAGE_SP2" : "가로등",
        "DETAIL_SPO" : "가로등",
        "ETC_MATTER" : " ",
        "MNTN_NM" : "원미산",
        "PAST_SPOT_" : "21151001000076",
        "MNTN_ID" : "2115100100"
      },
      "geometry" : {
        "x" : 181991.38290000055,
        "y" : 543120.80810000189
      }
    },
    {
      "attributes" : {
        "FID" : 76,
        "PMNTN_SPOT" : 72201,
        "MNTN_CODE" : "411900201",
        "MANAGE_SP1" : "99",
        "MANAGE_SP2" : "기타",
        "DETAIL_SPO" : "계단",
        "ETC_MATTER" : " ",
        "MNTN_NM" : "원미산",
        "PAST_SPOT_" : "21151001000077",
        "MNTN_ID" : "2115100100"
      },
      "geometry" : {
        "x" : 182480.8825000003,
        "y" : 544327.86410000362
      }
    },
    {
      "attributes" : {
        "FID" : 77,
        "PMNTN_SPOT" : 72202,
        "MNTN_CODE" : "411900201",
        "MANAGE_SP1" : "11",
        "MANAGE_SP2" : "안내판또는지도",
        "DETAIL_SPO" : "안내판,칠일약수터,벤치,운동기구,정자",
        "ETC_MATTER" : "산사랑안내,약수터,배드민턴장",
        "MNTN_NM" : "원미산",
        "PAST_SPOT_" : "21151001000078",
        "MNTN_ID" : "2115100100"
      },
      "geometry" : {
        "x" : 182610.49240000267,
        "y" : 544319.48829999939
      }
    },
    {
      "attributes" : {
        "FID" : 78,
        "PMNTN_SPOT" : 72203,
        "MNTN_CODE" : "411900201",
        "MANAGE_SP1" : "99",
        "MANAGE_SP2" : "기타",
        "DETAIL_SPO" : "나무다리",
        "ETC_MATTER" : "청소년수련관가는길",
        "MNTN_NM" : "원미산",
        "PAST_SPOT_" : "21151001000079",
        "MNTN_ID" : "2115100100"
      },
      "geometry" : {
        "x" : 182613.69089999981,
        "y" : 544309.8144000005
      }
    },
    {
      "attributes" : {
        "FID" : 79,
        "PMNTN_SPOT" : 72204,
        "MNTN_CODE" : "411900201",
        "MANAGE_SP1" : "03",
        "MANAGE_SP2" : "정자",
        "DETAIL_SPO" : "정자,가로등",
        "ETC_MATTER" : " ",
        "MNTN_NM" : "원미산",
        "PAST_SPOT_" : "21151001000080",
        "MNTN_ID" : "2115100100"
      },
      "geometry" : {
        "x" : 182646.40190000273,
        "y" : 544293.55250000022
      }
    },
    {
      "attributes" : {
        "FID" : 80,
        "PMNTN_SPOT" : 72205,
        "MNTN_CODE" : "411900201",
        "MANAGE_SP1" : "03",
        "MANAGE_SP2" : "정자",
        "DETAIL_SPO" : "정자,우물",
        "ETC_MATTER" : " ",
        "MNTN_NM" : "원미산",
        "PAST_SPOT_" : "21151001000081",
        "MNTN_ID" : "2115100100"
      },
      "geometry" : {
        "x" : 182689.85140000004,
        "y" : 544274.52670000121
      }
    },
    {
      "attributes" : {
        "FID" : 81,
        "PMNTN_SPOT" : 72206,
        "MNTN_CODE" : "411900201",
        "MANAGE_SP1" : "08",
        "MANAGE_SP2" : "가로등",
        "DETAIL_SPO" : "가로등,수련관건물",
        "ETC_MATTER" : " ",
        "MNTN_NM" : "원미산",
        "PAST_SPOT_" : "21151001000082",
        "MNTN_ID" : "2115100100"
      },
      "geometry" : {
        "x" : 182715.39700000174,
        "y" : 544273.7407000009
      }
    },
    {
      "attributes" : {
        "FID" : 82,
        "PMNTN_SPOT" : 72207,
        "MNTN_CODE" : "411900201",
        "MANAGE_SP1" : "99",
        "MANAGE_SP2" : "기타",
        "DETAIL_SPO" : "청소년수련관(산울림)",
        "ETC_MATTER" : " ",
        "MNTN_NM" : "원미산",
        "PAST_SPOT_" : "21151001000083",
        "MNTN_ID" : "2115100100"
      },
      "geometry" : {
        "x" : 182775.74129999988,
        "y" : 544307.79920000583
      }
    },
    {
      "attributes" : {
        "FID" : 83,
        "PMNTN_SPOT" : 72208,
        "MNTN_CODE" : "411900201",
        "MANAGE_SP1" : "99",
        "MANAGE_SP2" : "기타",
        "DETAIL_SPO" : "기타",
        "ETC_MATTER" : " ",
        "MNTN_NM" : "원미산",
        "PAST_SPOT_" : "21151001000084",
        "MNTN_ID" : "2115100100"
      },
      "geometry" : {
        "x" : 182832.61980000231,
        "y" : 544325.32790000178
      }
    },
    {
      "attributes" : {
        "FID" : 84,
        "PMNTN_SPOT" : 72209,
        "MNTN_CODE" : "411900201",
        "MANAGE_SP1" : "99",
        "MANAGE_SP2" : "기타",
        "DETAIL_SPO" : "기타,가로등",
        "ETC_MATTER" : " ",
        "MNTN_NM" : "원미산",
        "PAST_SPOT_" : "21151001000085",
        "MNTN_ID" : "2115100100"
      },
      "geometry" : {
        "x" : 181982.9327000007,
        "y" : 543200.14980000071
      }
    },
    {
      "attributes" : {
        "FID" : 85,
        "PMNTN_SPOT" : 72210,
        "MNTN_CODE" : "411900201",
        "MANAGE_SP1" : "05",
        "MANAGE_SP2" : "벤치",
        "DETAIL_SPO" : "벤치,무덤",
        "ETC_MATTER" : " ",
        "MNTN_NM" : "원미산",
        "PAST_SPOT_" : "21151001000086",
        "MNTN_ID" : "2115100100"
      },
      "geometry" : {
        "x" : 182617.08239999972,
        "y" : 544244.77920000441
      }
    },
    {
      "attributes" : {
        "FID" : 86,
        "PMNTN_SPOT" : 72211,
        "MNTN_CODE" : "411900201",
        "MANAGE_SP1" : "05",
        "MANAGE_SP2" : "벤치",
        "DETAIL_SPO" : "벤치",
        "ETC_MATTER" : " ",
        "MNTN_NM" : "원미산",
        "PAST_SPOT_" : "21151001000087",
        "MNTN_ID" : "2115100100"
      },
      "geometry" : {
        "x" : 182684.56290000398,
        "y" : 544206.80160000175
      }
    },
    {
      "attributes" : {
        "FID" : 87,
        "PMNTN_SPOT" : 72212,
        "MNTN_CODE" : "411900201",
        "MANAGE_SP1" : "11",
        "MANAGE_SP2" : "안내판또는지도",
        "DETAIL_SPO" : "산사랑안내,갈림길",
        "ETC_MATTER" : "좌쪽으로",
        "MNTN_NM" : "원미산",
        "PAST_SPOT_" : "21151001000088",
        "MNTN_ID" : "2115100100"
      },
      "geometry" : {
        "x" : 182714.66179999989,
        "y" : 544192.84290000238
      }
    },
    {
      "attributes" : {
        "FID" : 88,
        "PMNTN_SPOT" : 72213,
        "MNTN_CODE" : "411900201",
        "MANAGE_SP1" : "11",
        "MANAGE_SP2" : "안내판또는지도",
        "DETAIL_SPO" : "안내판,벤치,",
        "ETC_MATTER" : " ",
        "MNTN_NM" : "원미산",
        "PAST_SPOT_" : "21151001000089",
        "MNTN_ID" : "2115100100"
      },
      "geometry" : {
        "x" : 182764.80990000255,
        "y" : 544039.90720000118
      }
    },
    {
      "attributes" : {
        "FID" : 89,
        "PMNTN_SPOT" : 72214,
        "MNTN_CODE" : "411900201",
        "MANAGE_SP1" : "05",
        "MANAGE_SP2" : "벤치",
        "DETAIL_SPO" : "벤치",
        "ETC_MATTER" : " ",
        "MNTN_NM" : "원미산",
        "PAST_SPOT_" : "21151001000090",
        "MNTN_ID" : "2115100100"
      },
      "geometry" : {
        "x" : 182778.9991000006,
        "y" : 544012.49680000171
      }
    },
    {
      "attributes" : {
        "FID" : 90,
        "PMNTN_SPOT" : 72215,
        "MNTN_CODE" : "411900201",
        "MANAGE_SP1" : "05",
        "MANAGE_SP2" : "벤치",
        "DETAIL_SPO" : "벤치",
        "ETC_MATTER" : " ",
        "MNTN_NM" : "원미산",
        "PAST_SPOT_" : "21151001000091",
        "MNTN_ID" : "2115100100"
      },
      "geometry" : {
        "x" : 182819.5131000001,
        "y" : 543946.01920000277
      }
    },
    {
      "attributes" : {
        "FID" : 91,
        "PMNTN_SPOT" : 72216,
        "MNTN_CODE" : "411900201",
        "MANAGE_SP1" : "08",
        "MANAGE_SP2" : "가로등",
        "DETAIL_SPO" : "가로등",
        "ETC_MATTER" : " ",
        "MNTN_NM" : "원미산",
        "PAST_SPOT_" : "21151001000092",
        "MNTN_ID" : "2115100100"
      },
      "geometry" : {
        "x" : 182825.17470000125,
        "y" : 543819.29210000299
      }
    },
    {
      "attributes" : {
        "FID" : 92,
        "PMNTN_SPOT" : 72217,
        "MNTN_CODE" : "411900201",
        "MANAGE_SP1" : "16",
        "MANAGE_SP2" : "주요나무",
        "DETAIL_SPO" : "참나무,아카시아(연리지),벤치",
        "ETC_MATTER" : "연리지,I-7구간가는길 있음",
        "MNTN_NM" : "원미산",
        "PAST_SPOT_" : "21151001000093",
        "MNTN_ID" : "2115100100"
      },
      "geometry" : {
        "x" : 181988.04330000281,
        "y" : 543260.47190000117
      }
    },
    {
      "attributes" : {
        "FID" : 93,
        "PMNTN_SPOT" : 72218,
        "MNTN_CODE" : "411900201",
        "MANAGE_SP1" : "08",
        "MANAGE_SP2" : "가로등",
        "DETAIL_SPO" : "가로등",
        "ETC_MATTER" : " ",
        "MNTN_NM" : "원미산",
        "PAST_SPOT_" : "21151001000094",
        "MNTN_ID" : "2115100100"
      },
      "geometry" : {
        "x" : 182783.31020000018,
        "y" : 543849.07970000245
      }
    },
    {
      "attributes" : {
        "FID" : 94,
        "PMNTN_SPOT" : 72219,
        "MNTN_CODE" : "411900201",
        "MANAGE_SP1" : "08",
        "MANAGE_SP2" : "가로등",
        "DETAIL_SPO" : "가로등",
        "ETC_MATTER" : " ",
        "MNTN_NM" : "원미산",
        "PAST_SPOT_" : "21151001000095",
        "MNTN_ID" : "2115100100"
      },
      "geometry" : {
        "x" : 182738.44840000197,
        "y" : 543870.53849999979
      }
    },
    {
      "attributes" : {
        "FID" : 95,
        "PMNTN_SPOT" : 72220,
        "MNTN_CODE" : "411900201",
        "MANAGE_SP1" : "99",
        "MANAGE_SP2" : "기타",
        "DETAIL_SPO" : "출,입구",
        "ETC_MATTER" : " ",
        "MNTN_NM" : "원미산",
        "PAST_SPOT_" : "21151001000096",
        "MNTN_ID" : "2115100100"
      },
      "geometry" : {
        "x" : 182705.32230000105,
        "y" : 543887.97739999928
      }
    },
    {
      "attributes" : {
        "FID" : 96,
        "PMNTN_SPOT" : 72221,
        "MNTN_CODE" : "411900201",
        "MANAGE_SP1" : "05",
        "MANAGE_SP2" : "벤치",
        "DETAIL_SPO" : "벤치,가로등",
        "ETC_MATTER" : " ",
        "MNTN_NM" : "원미산",
        "PAST_SPOT_" : "21151001000097",
        "MNTN_ID" : "2115100100"
      },
      "geometry" : {
        "x" : 182665.10809999984,
        "y" : 543890.481200004
      }
    },
    {
      "attributes" : {
        "FID" : 97,
        "PMNTN_SPOT" : 72222,
        "MNTN_CODE" : "411900201",
        "MANAGE_SP1" : "11",
        "MANAGE_SP2" : "안내판또는지도",
        "DETAIL_SPO" : "안내판,춘덕약수터",
        "ETC_MATTER" : "벤치,안내판",
        "MNTN_NM" : "원미산",
        "PAST_SPOT_" : "21151001000098",
        "MNTN_ID" : "2115100100"
      },
      "geometry" : {
        "x" : 182575.99560000096,
        "y" : 543895.47440000251
      }
    },
    {
      "attributes" : {
        "FID" : 98,
        "PMNTN_SPOT" : 72223,
        "MNTN_CODE" : "411900201",
        "MANAGE_SP1" : "99",
        "MANAGE_SP2" : "기타",
        "DETAIL_SPO" : "에어로빅장",
        "ETC_MATTER" : "벤치,가로등,정자,운동기구",
        "MNTN_NM" : "원미산",
        "PAST_SPOT_" : "21151001000099",
        "MNTN_ID" : "2115100100"
      },
      "geometry" : {
        "x" : 182564.57490000222,
        "y" : 543914.57740000263
      }
    },
    {
      "attributes" : {
        "FID" : 99,
        "PMNTN_SPOT" : 72224,
        "MNTN_CODE" : "411900201",
        "MANAGE_SP1" : "99",
        "MANAGE_SP2" : "기타",
        "DETAIL_SPO" : "계단",
        "ETC_MATTER" : " ",
        "MNTN_NM" : "원미산",
        "PAST_SPOT_" : "21151001000100",
        "MNTN_ID" : "2115100100"
      },
      "geometry" : {
        "x" : 182582.05640000384,
        "y" : 543888.56930000708
      }
    },
    {
      "attributes" : {
        "FID" : 100,
        "PMNTN_SPOT" : 72225,
        "MNTN_CODE" : "411900201",
        "MANAGE_SP1" : "11",
        "MANAGE_SP2" : "안내판또는지도",
        "DETAIL_SPO" : "안내판",
        "ETC_MATTER" : " ",
        "MNTN_NM" : "원미산",
        "PAST_SPOT_" : "21151001000101",
        "MNTN_ID" : "2115100100"
      },
      "geometry" : {
        "x" : 182545.36120000109,
        "y" : 543836.32679999992
      }
    },
    {
      "attributes" : {
        "FID" : 101,
        "PMNTN_SPOT" : 72226,
        "MNTN_CODE" : "411900201",
        "MANAGE_SP1" : "05",
        "MANAGE_SP2" : "벤치",
        "DETAIL_SPO" : "벤치",
        "ETC_MATTER" : " ",
        "MNTN_NM" : "원미산",
        "PAST_SPOT_" : "21151001000102",
        "MNTN_ID" : "2115100100"
      },
      "geometry" : {
        "x" : 182508.12660000287,
        "y" : 543847.00489999913
      }
    },
    {
      "attributes" : {
        "FID" : 102,
        "PMNTN_SPOT" : 72227,
        "MNTN_CODE" : "411900201",
        "MANAGE_SP1" : "05",
        "MANAGE_SP2" : "벤치",
        "DETAIL_SPO" : "벤치",
        "ETC_MATTER" : " ",
        "MNTN_NM" : "원미산",
        "PAST_SPOT_" : "21151001000103",
        "MNTN_ID" : "2115100100"
      },
      "geometry" : {
        "x" : 182498.76890000049,
        "y" : 543846.31430000067
      }
    },
    {
      "attributes" : {
        "FID" : 103,
        "PMNTN_SPOT" : 72228,
        "MNTN_CODE" : "411900201",
        "MANAGE_SP1" : "99",
        "MANAGE_SP2" : "기타",
        "DETAIL_SPO" : "계단",
        "ETC_MATTER" : "원미산산림욕장출,입구가는길",
        "MNTN_NM" : "원미산",
        "PAST_SPOT_" : "21151001000104",
        "MNTN_ID" : "2115100100"
      },
      "geometry" : {
        "x" : 182289.86950000096,
        "y" : 543854.06230000034
      }
    },
    {
      "attributes" : {
        "FID" : 104,
        "PMNTN_SPOT" : 72229,
        "MNTN_CODE" : "411900201",
        "MANAGE_SP1" : "05",
        "MANAGE_SP2" : "벤치",
        "DETAIL_SPO" : "벤치,",
        "ETC_MATTER" : "돌탑은 포인트지점에서 산림욕장출,입구쪽으로 20미터거리에 있음,93포인트에서산림욕장출,입구쪽으로 30미터거리 설치",
        "MNTN_NM" : "원미산",
        "PAST_SPOT_" : "21151001000105",
        "MNTN_ID" : "2115100100"
      },
      "geometry" : {
        "x" : 182163.79349999968,
        "y" : 543798.50620000064
      }
    },
    {
      "attributes" : {
        "FID" : 105,
        "PMNTN_SPOT" : 72230,
        "MNTN_CODE" : "411900201",
        "MANAGE_SP1" : "05",
        "MANAGE_SP2" : "벤치",
        "DETAIL_SPO" : "벤치,계단",
        "ETC_MATTER" : " ",
        "MNTN_NM" : "원미산",
        "PAST_SPOT_" : "21151001000106",
        "MNTN_ID" : "2115100100"
      },
      "geometry" : {
        "x" : 182143.32560000196,
        "y" : 543763.81110000238
      }
    },
    {
      "attributes" : {
        "FID" : 106,
        "PMNTN_SPOT" : 72231,
        "MNTN_CODE" : "411900201",
        "MANAGE_SP1" : "05",
        "MANAGE_SP2" : "벤치",
        "DETAIL_SPO" : "벤치",
        "ETC_MATTER" : " ",
        "MNTN_NM" : "원미산",
        "PAST_SPOT_" : "21151001000107",
        "MNTN_ID" : "2115100100"
      },
      "geometry" : {
        "x" : 182068.57180000097,
        "y" : 543743.42889999971
      }
    },
    {
      "attributes" : {
        "FID" : 107,
        "PMNTN_SPOT" : 72232,
        "MNTN_CODE" : "411900201",
        "MANAGE_SP1" : "05",
        "MANAGE_SP2" : "벤치",
        "DETAIL_SPO" : "벤치,가로등,운동기구",
        "ETC_MATTER" : " ",
        "MNTN_NM" : "원미산",
        "PAST_SPOT_" : "21151001000108",
        "MNTN_ID" : "2115100100"
      },
      "geometry" : {
        "x" : 182004.31249999907,
        "y" : 543738.19669999927
      }
    },
    {
      "attributes" : {
        "FID" : 108,
        "PMNTN_SPOT" : 72233,
        "MNTN_CODE" : "411900201",
        "MANAGE_SP1" : "05",
        "MANAGE_SP2" : "벤치",
        "DETAIL_SPO" : "벤치,운동기구",
        "ETC_MATTER" : "포인트95에서99로가는길",
        "MNTN_NM" : "원미산",
        "PAST_SPOT_" : "21151001000109",
        "MNTN_ID" : "2115100100"
      },
      "geometry" : {
        "x" : 182172.18890000135,
        "y" : 543721.9728000015
      }
    },
    {
      "attributes" : {
        "FID" : 109,
        "PMNTN_SPOT" : 72234,
        "MNTN_CODE" : "411900201",
        "MANAGE_SP1" : "01",
        "MANAGE_SP2" : "시종점",
        "DETAIL_SPO" : "시종점",
        "ETC_MATTER" : "출,입구 도로 건너편에 바로 석왕사가 있음.",
        "MNTN_NM" : "원미산",
        "PAST_SPOT_" : "21151001000110",
        "MNTN_ID" : "2115100100"
      },
      "geometry" : {
        "x" : 181791.75490000006,
        "y" : 543459.23790000193
      }
    },
    {
      "attributes" : {
        "FID" : 110,
        "PMNTN_SPOT" : 72235,
        "MNTN_CODE" : "411900201",
        "MANAGE_SP1" : "01",
        "MANAGE_SP2" : "시종점",
        "DETAIL_SPO" : "시종점",
        "ETC_MATTER" : " ",
        "MNTN_NM" : "원미산",
        "PAST_SPOT_" : "21151001000111",
        "MNTN_ID" : "2115100100"
      },
      "geometry" : {
        "x" : 181823.53129999992,
        "y" : 543033.0063000042
      }
    },
    {
      "attributes" : {
        "FID" : 111,
        "PMNTN_SPOT" : 72236,
        "MNTN_CODE" : "411900201",
        "MANAGE_SP1" : "01",
        "MANAGE_SP2" : "시종점",
        "DETAIL_SPO" : "시종점",
        "ETC_MATTER" : " ",
        "MNTN_NM" : "원미산",
        "PAST_SPOT_" : "21151001000112",
        "MNTN_ID" : "2115100100"
      },
      "geometry" : {
        "x" : 183025.95887278486,
        "y" : 545240.46884069592
      }
    },
    {
      "attributes" : {
        "FID" : 112,
        "PMNTN_SPOT" : 72237,
        "MNTN_CODE" : "411900201",
        "MANAGE_SP1" : "01",
        "MANAGE_SP2" : "시종점",
        "DETAIL_SPO" : "시종점,안내판,계단,지도,출.입구",
        "ETC_MATTER" : " ",
        "MNTN_NM" : "원미산",
        "PAST_SPOT_" : "21151001000113",
        "MNTN_ID" : "2115100100"
      },
      "geometry" : {
        "x" : 181910.08400000073,
        "y" : 543761.97629999928
      }
    },
    {
      "attributes" : {
        "FID" : 113,
        "PMNTN_SPOT" : 72238,
        "MNTN_CODE" : "411900201",
        "MANAGE_SP1" : "02",
        "MANAGE_SP2" : "분기점",
        "DETAIL_SPO" : "분기점",
        "ETC_MATTER" : "I구간과 만나는길",
        "MNTN_NM" : "원미산",
        "PAST_SPOT_" : "21151001000114",
        "MNTN_ID" : "2115100100"
      },
      "geometry" : {
        "x" : 181993.72989999969,
        "y" : 543294.52529999986
      }
    },
    {
      "attributes" : {
        "FID" : 114,
        "PMNTN_SPOT" : 72239,
        "MNTN_CODE" : "411900201",
        "MANAGE_SP1" : "11",
        "MANAGE_SP2" : "안내판또는지도",
        "DETAIL_SPO" : "안내판,벤치,가로등",
        "ETC_MATTER" : "I-6구간가는길(카톨릭대학쪽) 있음",
        "MNTN_NM" : "원미산",
        "PAST_SPOT_" : "21151001000115",
        "MNTN_ID" : "2115100100"
      },
      "geometry" : {
        "x" : 181993.85080000013,
        "y" : 543380.10710000247
      }
    },
    {
      "attributes" : {
        "FID" : 115,
        "PMNTN_SPOT" : 72240,
        "MNTN_CODE" : "411900201",
        "MANAGE_SP1" : "08",
        "MANAGE_SP2" : "가로등",
        "DETAIL_SPO" : "가로등",
        "ETC_MATTER" : "I-8구간가는길(석왕사) 있음",
        "MNTN_NM" : "원미산",
        "PAST_SPOT_" : "21151001000116",
        "MNTN_ID" : "2115100100"
      },
      "geometry" : {
        "x" : 181993.90550000127,
        "y" : 543481.87640000135
      }
    },
    {
      "attributes" : {
        "FID" : 116,
        "PMNTN_SPOT" : 72241,
        "MNTN_CODE" : "411900201",
        "MANAGE_SP1" : "01",
        "MANAGE_SP2" : "시종점",
        "DETAIL_SPO" : "시종점",
        "ETC_MATTER" : "원미공원,현층탑 출.입구(I-11구간에서I구간35포인트로가는길)",
        "MNTN_NM" : "원미산",
        "PAST_SPOT_" : "21151001000117",
        "MNTN_ID" : "2115100100"
      },
      "geometry" : {
        "x" : 182045.15270000137,
        "y" : 544340.3881000001
      }
    },
    {
      "attributes" : {
        "FID" : 117,
        "PMNTN_SPOT" : 72242,
        "MNTN_CODE" : "411900201",
        "MANAGE_SP1" : "01",
        "MANAGE_SP2" : "시종점",
        "DETAIL_SPO" : "시종점(진달래동산)",
        "ETC_MATTER" : "가로등,좌측 국궁장",
        "MNTN_NM" : "원미산",
        "PAST_SPOT_" : "21151001000118",
        "MNTN_ID" : "2115100100"
      },
      "geometry" : {
        "x" : 182072.59530000109,
        "y" : 544583.25840000063
      }
    },
    {
      "attributes" : {
        "FID" : 118,
        "PMNTN_SPOT" : 72243,
        "MNTN_CODE" : "411900201",
        "MANAGE_SP1" : "01",
        "MANAGE_SP2" : "시종점",
        "DETAIL_SPO" : "시종점",
        "ETC_MATTER" : " ",
        "MNTN_NM" : "원미산",
        "PAST_SPOT_" : "21151001000119",
        "MNTN_ID" : "2115100100"
      },
      "geometry" : {
        "x" : 183196.34262813255,
        "y" : 544836.15656879358
      }
    },
    {
      "attributes" : {
        "FID" : 119,
        "PMNTN_SPOT" : 72244,
        "MNTN_CODE" : "411900201",
        "MANAGE_SP1" : "02",
        "MANAGE_SP2" : "분기점",
        "DETAIL_SPO" : "분기점",
        "ETC_MATTER" : " ",
        "MNTN_NM" : "원미산",
        "PAST_SPOT_" : "21151001000120",
        "MNTN_ID" : "2115100100"
      },
      "geometry" : {
        "x" : 182128.57560000196,
        "y" : 544387.13480000198
      }
    },
    {
      "attributes" : {
        "FID" : 120,
        "PMNTN_SPOT" : 72245,
        "MNTN_CODE" : "411900201",
        "MANAGE_SP1" : "02",
        "MANAGE_SP2" : "분기점",
        "DETAIL_SPO" : "분기점",
        "ETC_MATTER" : "우측으로가는길,1-12-1구간",
        "MNTN_NM" : "원미산",
        "PAST_SPOT_" : "21151001000121",
        "MNTN_ID" : "2115100100"
      },
      "geometry" : {
        "x" : 182130.2042000005,
        "y" : 544563.21210000105
      }
    },
    {
      "attributes" : {
        "FID" : 121,
        "PMNTN_SPOT" : 72246,
        "MNTN_CODE" : "411900201",
        "MANAGE_SP1" : "11",
        "MANAGE_SP2" : "안내판또는지도",
        "DETAIL_SPO" : "안내판,화장실,",
        "ETC_MATTER" : " ",
        "MNTN_NM" : "원미산",
        "PAST_SPOT_" : "21151001000122",
        "MNTN_ID" : "2115100100"
      },
      "geometry" : {
        "x" : 182133.14420000091,
        "y" : 543758.5055999998
      }
    },
    {
      "attributes" : {
        "FID" : 122,
        "PMNTN_SPOT" : 72247,
        "MNTN_CODE" : "411900201",
        "MANAGE_SP1" : "02",
        "MANAGE_SP2" : "분기점",
        "DETAIL_SPO" : "분기점",
        "ETC_MATTER" : " ",
        "MNTN_NM" : "원미산",
        "PAST_SPOT_" : "21151001000123",
        "MNTN_ID" : "2115100100"
      },
      "geometry" : {
        "x" : 182962.41411157046,
        "y" : 544762.48654342256
      }
    },
    {
      "attributes" : {
        "FID" : 123,
        "PMNTN_SPOT" : 72248,
        "MNTN_CODE" : "411900201",
        "MANAGE_SP1" : "02",
        "MANAGE_SP2" : "분기점",
        "DETAIL_SPO" : "분기점",
        "ETC_MATTER" : " ",
        "MNTN_NM" : "원미산",
        "PAST_SPOT_" : "21151001000124",
        "MNTN_ID" : "2115100100"
      },
      "geometry" : {
        "x" : 182079.89322700631,
        "y" : 544317.57764226943
      }
    },
    {
      "attributes" : {
        "FID" : 124,
        "PMNTN_SPOT" : 72249,
        "MNTN_CODE" : "411900201",
        "MANAGE_SP1" : "02",
        "MANAGE_SP2" : "분기점",
        "DETAIL_SPO" : "분기점",
        "ETC_MATTER" : " ",
        "MNTN_NM" : "원미산",
        "PAST_SPOT_" : "21151001000125",
        "MNTN_ID" : "2115100100"
      },
      "geometry" : {
        "x" : 182139.77740000002,
        "y" : 544528.96010000259
      }
    },
    {
      "attributes" : {
        "FID" : 125,
        "PMNTN_SPOT" : 72250,
        "MNTN_CODE" : "411900201",
        "MANAGE_SP1" : "99",
        "MANAGE_SP2" : "기타",
        "DETAIL_SPO" : "놀이터",
        "ETC_MATTER" : " ",
        "MNTN_NM" : "원미산",
        "PAST_SPOT_" : "21151001000126",
        "MNTN_ID" : "2115100100"
      },
      "geometry" : {
        "x" : 182153.06930000149,
        "y" : 544276.90890000015
      }
    },
    {
      "attributes" : {
        "FID" : 126,
        "PMNTN_SPOT" : 72251,
        "MNTN_CODE" : "411900201",
        "MANAGE_SP1" : "03",
        "MANAGE_SP2" : "정자",
        "DETAIL_SPO" : "정자,에어로빅장,가로등,배드민턴,계단",
        "ETC_MATTER" : "정자,에어로비장(I-1-10구간,I-4-1구간 가는길) 있음",
        "MNTN_NM" : "원미산",
        "PAST_SPOT_" : "21151001000127",
        "MNTN_ID" : "2115100100"
      },
      "geometry" : {
        "x" : 182171.44860000163,
        "y" : 543683.38320000097
      }
    },
    {
      "attributes" : {
        "FID" : 127,
        "PMNTN_SPOT" : 72252,
        "MNTN_CODE" : "411900201",
        "MANAGE_SP1" : "02",
        "MANAGE_SP2" : "분기점",
        "DETAIL_SPO" : "분기점",
        "ETC_MATTER" : " ",
        "MNTN_NM" : "원미산",
        "PAST_SPOT_" : "21151001000128",
        "MNTN_ID" : "2115100100"
      },
      "geometry" : {
        "x" : 182181.40180000104,
        "y" : 544258.47069999948
      }
    },
    {
      "attributes" : {
        "FID" : 128,
        "PMNTN_SPOT" : 72253,
        "MNTN_CODE" : "411900201",
        "MANAGE_SP1" : "05",
        "MANAGE_SP2" : "벤치",
        "DETAIL_SPO" : "벤치,가로등",
        "ETC_MATTER" : "우쪽길,1-12-2구간",
        "MNTN_NM" : "원미산",
        "PAST_SPOT_" : "21151001000129",
        "MNTN_ID" : "2115100100"
      },
      "geometry" : {
        "x" : 182211.791000003,
        "y" : 544560.63390000165
      }
    },
    {
      "attributes" : {
        "FID" : 129,
        "PMNTN_SPOT" : 72254,
        "MNTN_CODE" : "411900201",
        "MANAGE_SP1" : "02",
        "MANAGE_SP2" : "분기점",
        "DETAIL_SPO" : "분기점",
        "ETC_MATTER" : "I-4구간쪽으로가는계단",
        "MNTN_NM" : "원미산",
        "PAST_SPOT_" : "21151001000130",
        "MNTN_ID" : "2115100100"
      },
      "geometry" : {
        "x" : 182233.66850000154,
        "y" : 543478.30670000426
      }
    },
    {
      "attributes" : {
        "FID" : 130,
        "PMNTN_SPOT" : 72255,
        "MNTN_CODE" : "411900201",
        "MANAGE_SP1" : "02",
        "MANAGE_SP2" : "분기점",
        "DETAIL_SPO" : "분기점",
        "ETC_MATTER" : "I구간40포인트로가는길,1-12-2-1구간",
        "MNTN_NM" : "원미산",
        "PAST_SPOT_" : "21151001000131",
        "MNTN_ID" : "2115100100"
      },
      "geometry" : {
        "x" : 182251.45040000137,
        "y" : 544495.32160000131
      }
    },
    {
      "attributes" : {
        "FID" : 131,
        "PMNTN_SPOT" : 72256,
        "MNTN_CODE" : "411900201",
        "MANAGE_SP1" : "01",
        "MANAGE_SP2" : "시종점",
        "DETAIL_SPO" : "시종점",
        "ETC_MATTER" : "우측길.I구간37포인트길,I-12-2구간만남",
        "MNTN_NM" : "원미산",
        "PAST_SPOT_" : "21151001000132",
        "MNTN_ID" : "2115100100"
      },
      "geometry" : {
        "x" : 182260.1053000018,
        "y" : 544433.46330000088
      }
    },
    {
      "attributes" : {
        "FID" : 132,
        "PMNTN_SPOT" : 72257,
        "MNTN_CODE" : "411900201",
        "MANAGE_SP1" : "02",
        "MANAGE_SP2" : "분기점",
        "DETAIL_SPO" : "분기점",
        "ETC_MATTER" : "우측길.I구간37포인트길,I-12-2구간만남",
        "MNTN_NM" : "원미산",
        "PAST_SPOT_" : "21151001000133",
        "MNTN_ID" : "2115100100"
      },
      "geometry" : {
        "x" : 182262.70409999974,
        "y" : 544416.79530000128
      }
    },
    {
      "attributes" : {
        "FID" : 133,
        "PMNTN_SPOT" : 72258,
        "MNTN_CODE" : "411900201",
        "MANAGE_SP1" : "05",
        "MANAGE_SP2" : "벤치",
        "DETAIL_SPO" : "벤치",
        "ETC_MATTER" : "I-4구간가는길 있음",
        "MNTN_NM" : "원미산",
        "PAST_SPOT_" : "21151001000134",
        "MNTN_ID" : "2115100100"
      },
      "geometry" : {
        "x" : 182270.68140000198,
        "y" : 543689.81289999746
      }
    },
    {
      "attributes" : {
        "FID" : 134,
        "PMNTN_SPOT" : 72259,
        "MNTN_CODE" : "411900201",
        "MANAGE_SP1" : "02",
        "MANAGE_SP2" : "분기점",
        "DETAIL_SPO" : "분기점",
        "ETC_MATTER" : " ",
        "MNTN_NM" : "원미산",
        "PAST_SPOT_" : "21151001000135",
        "MNTN_ID" : "2115100100"
      },
      "geometry" : {
        "x" : 182272.39749999903,
        "y" : 544567.78119999915
      }
    },
    {
      "attributes" : {
        "FID" : 135,
        "PMNTN_SPOT" : 72260,
        "MNTN_CODE" : "411900201",
        "MANAGE_SP1" : "04",
        "MANAGE_SP2" : "화장실",
        "DETAIL_SPO" : "화장실,벤치,가로등",
        "ETC_MATTER" : "37포인트가는길,1-12-3구간",
        "MNTN_NM" : "원미산",
        "PAST_SPOT_" : "21151001000136",
        "MNTN_ID" : "2115100100"
      },
      "geometry" : {
        "x" : 182278.13200000022,
        "y" : 544591.20580000058
      }
    },
    {
      "attributes" : {
        "FID" : 136,
        "PMNTN_SPOT" : 72261,
        "MNTN_CODE" : "411900201",
        "MANAGE_SP1" : "02",
        "MANAGE_SP2" : "분기점",
        "DETAIL_SPO" : "분기점",
        "ETC_MATTER" : " ",
        "MNTN_NM" : "원미산",
        "PAST_SPOT_" : "21151001000137",
        "MNTN_ID" : "2115100100"
      },
      "geometry" : {
        "x" : 182278.89910000097,
        "y" : 544580.42390000075
      }
    },
    {
      "attributes" : {
        "FID" : 137,
        "PMNTN_SPOT" : 72262,
        "MNTN_CODE" : "411900201",
        "MANAGE_SP1" : "99",
        "MANAGE_SP2" : "기타",
        "DETAIL_SPO" : "현층탑",
        "ETC_MATTER" : "현층탑",
        "MNTN_NM" : "원미산",
        "PAST_SPOT_" : "21151001000138",
        "MNTN_ID" : "2115100100"
      },
      "geometry" : {
        "x" : 182285.21800000314,
        "y" : 544299.72389999963
      }
    },
    {
      "attributes" : {
        "FID" : 138,
        "PMNTN_SPOT" : 72263,
        "MNTN_CODE" : "411900201",
        "MANAGE_SP1" : "11",
        "MANAGE_SP2" : "안내판또는지도",
        "DETAIL_SPO" : "안내판",
        "ETC_MATTER" : "포인트88사진이랑같음.",
        "MNTN_NM" : "원미산",
        "PAST_SPOT_" : "21151001000139",
        "MNTN_ID" : "2115100100"
      },
      "geometry" : {
        "x" : 182298.30570000038,
        "y" : 543845.7004000023
      }
    },
    {
      "attributes" : {
        "FID" : 139,
        "PMNTN_SPOT" : 72264,
        "MNTN_CODE" : "411900201",
        "MANAGE_SP1" : "08",
        "MANAGE_SP2" : "가로등",
        "DETAIL_SPO" : "가로등,안내판",
        "ETC_MATTER" : "1-12-2-1구간",
        "MNTN_NM" : "원미산",
        "PAST_SPOT_" : "21151001000140",
        "MNTN_ID" : "2115100100"
      },
      "geometry" : {
        "x" : 182299.0998999998,
        "y" : 544521.56500000134
      }
    },
    {
      "attributes" : {
        "FID" : 140,
        "PMNTN_SPOT" : 72265,
        "MNTN_CODE" : "411900201",
        "MANAGE_SP1" : "99",
        "MANAGE_SP2" : "기타",
        "DETAIL_SPO" : "정산,벤치.위치판",
        "ETC_MATTER" : "벤치,삼각점,방송,현위치판",
        "MNTN_NM" : "원미산",
        "PAST_SPOT_" : "21151001000141",
        "MNTN_ID" : "2115100100"
      },
      "geometry" : {
        "x" : 182312.86670000385,
        "y" : 543976.50190000236
      }
    },
    {
      "attributes" : {
        "FID" : 141,
        "PMNTN_SPOT" : 72266,
        "MNTN_CODE" : "411900201",
        "MANAGE_SP1" : "08",
        "MANAGE_SP2" : "가로등",
        "DETAIL_SPO" : "가로등,안내판",
        "ETC_MATTER" : "1-12-2-1구간",
        "MNTN_NM" : "원미산",
        "PAST_SPOT_" : "21151001000142",
        "MNTN_ID" : "2115100100"
      },
      "geometry" : {
        "x" : 182338.95850000065,
        "y" : 544534.24590000138
      }
    },
    {
      "attributes" : {
        "FID" : 142,
        "PMNTN_SPOT" : 72267,
        "MNTN_CODE" : "411900201",
        "MANAGE_SP1" : "02",
        "MANAGE_SP2" : "분기점",
        "DETAIL_SPO" : "분기점",
        "ETC_MATTER" : "좌I-5구간쪽,우쪽I구간24인트쪽,1-4-5구간",
        "MNTN_NM" : "원미산",
        "PAST_SPOT_" : "21151001000143",
        "MNTN_ID" : "2115100100"
      },
      "geometry" : {
        "x" : 182356.8228000002,
        "y" : 543559.79530000128
      }
    },
    {
      "attributes" : {
        "FID" : 143,
        "PMNTN_SPOT" : 72268,
        "MNTN_CODE" : "411900201",
        "MANAGE_SP1" : "02",
        "MANAGE_SP2" : "분기점",
        "DETAIL_SPO" : "분기점",
        "ETC_MATTER" : "I구간 42포인트쪽",
        "MNTN_NM" : "원미산",
        "PAST_SPOT_" : "21151001000144",
        "MNTN_ID" : "2115100100"
      },
      "geometry" : {
        "x" : 182400.05790000129,
        "y" : 544726.09589999914
      }
    },
    {
      "attributes" : {
        "FID" : 144,
        "PMNTN_SPOT" : 72269,
        "MNTN_CODE" : "411900201",
        "MANAGE_SP1" : "99",
        "MANAGE_SP2" : "기타",
        "DETAIL_SPO" : "돌탑",
        "ETC_MATTER" : "I-12-2-1구간가는길 있음",
        "MNTN_NM" : "원미산",
        "PAST_SPOT_" : "21151001000145",
        "MNTN_ID" : "2115100100"
      },
      "geometry" : {
        "x" : 182400.80830000341,
        "y" : 544563.11740000173
      }
    },
    {
      "attributes" : {
        "FID" : 145,
        "PMNTN_SPOT" : 72270,
        "MNTN_CODE" : "411900201",
        "MANAGE_SP1" : "05",
        "MANAGE_SP2" : "벤치",
        "DETAIL_SPO" : "벤치",
        "ETC_MATTER" : "포인트중점으로 원형식으로 의자 배치되있음",
        "MNTN_NM" : "원미산",
        "PAST_SPOT_" : "21151001000146",
        "MNTN_ID" : "2115100100"
      },
      "geometry" : {
        "x" : 182415.49489999935,
        "y" : 544359.51259999909
      }
    },
    {
      "attributes" : {
        "FID" : 146,
        "PMNTN_SPOT" : 72271,
        "MNTN_CODE" : "411900201",
        "MANAGE_SP1" : "05",
        "MANAGE_SP2" : "벤치",
        "DETAIL_SPO" : "벤치",
        "ETC_MATTER" : "포인트중점으로 원형식으로 의자 배치되있음",
        "MNTN_NM" : "원미산",
        "PAST_SPOT_" : "21151001000147",
        "MNTN_ID" : "2115100100"
      },
      "geometry" : {
        "x" : 182417.07340000011,
        "y" : 544389.18160000443
      }
    },
    {
      "attributes" : {
        "FID" : 147,
        "PMNTN_SPOT" : 72272,
        "MNTN_CODE" : "411900201",
        "MANAGE_SP1" : "11",
        "MANAGE_SP2" : "안내판또는지도",
        "DETAIL_SPO" : "안내판,벤치,",
        "ETC_MATTER" : "I-11구간(원미공원,현층탑)가는길 있음",
        "MNTN_NM" : "원미산",
        "PAST_SPOT_" : "21151001000148",
        "MNTN_ID" : "2115100100"
      },
      "geometry" : {
        "x" : 182417.50090000127,
        "y" : 544298.72250000015
      }
    },
    {
      "attributes" : {
        "FID" : 148,
        "PMNTN_SPOT" : 72273,
        "MNTN_CODE" : "411900201",
        "MANAGE_SP1" : "05",
        "MANAGE_SP2" : "벤치",
        "DETAIL_SPO" : "벤치",
        "ETC_MATTER" : "포인트중점으로 원형식으로 의자 배치되있음",
        "MNTN_NM" : "원미산",
        "PAST_SPOT_" : "21151001000149",
        "MNTN_ID" : "2115100100"
      },
      "geometry" : {
        "x" : 182783.8051890498,
        "y" : 544865.13403256424
      }
    },
    {
      "attributes" : {
        "FID" : 149,
        "PMNTN_SPOT" : 72274,
        "MNTN_CODE" : "411900201",
        "MANAGE_SP1" : "02",
        "MANAGE_SP2" : "분기점",
        "DETAIL_SPO" : "분기점",
        "ETC_MATTER" : "I-12-2-1-1구간가는길있음",
        "MNTN_NM" : "원미산",
        "PAST_SPOT_" : "21151001000150",
        "MNTN_ID" : "2115100100"
      },
      "geometry" : {
        "x" : 182452.28540000319,
        "y" : 544458.59819999896
      }
    },
    {
      "attributes" : {
        "FID" : 150,
        "PMNTN_SPOT" : 72275,
        "MNTN_CODE" : "411900201",
        "MANAGE_SP1" : "02",
        "MANAGE_SP2" : "분기점",
        "DETAIL_SPO" : "분기점",
        "ETC_MATTER" : " ",
        "MNTN_NM" : "원미산",
        "PAST_SPOT_" : "21151001000151",
        "MNTN_ID" : "2115100100"
      },
      "geometry" : {
        "x" : 182475.18490000255,
        "y" : 544788.88890000433
      }
    },
    {
      "attributes" : {
        "FID" : 151,
        "PMNTN_SPOT" : 72276,
        "MNTN_CODE" : "411900201",
        "MANAGE_SP1" : "02",
        "MANAGE_SP2" : "분기점",
        "DETAIL_SPO" : "분기점",
        "ETC_MATTER" : " ",
        "MNTN_NM" : "원미산",
        "PAST_SPOT_" : "21151001000152",
        "MNTN_ID" : "2115100100"
      },
      "geometry" : {
        "x" : 182484.82510000281,
        "y" : 544828.14159999974
      }
    },
    {
      "attributes" : {
        "FID" : 152,
        "PMNTN_SPOT" : 72277,
        "MNTN_CODE" : "411900201",
        "MANAGE_SP1" : "02",
        "MANAGE_SP2" : "분기점",
        "DETAIL_SPO" : "분기점",
        "ETC_MATTER" : " ",
        "MNTN_NM" : "원미산",
        "PAST_SPOT_" : "21151001000153",
        "MNTN_ID" : "2115100100"
      },
      "geometry" : {
        "x" : 182528.93380000163,
        "y" : 544795.92280000262
      }
    },
    {
      "attributes" : {
        "FID" : 153,
        "PMNTN_SPOT" : 72278,
        "MNTN_CODE" : "411900201",
        "MANAGE_SP1" : "02",
        "MANAGE_SP2" : "분기점",
        "DETAIL_SPO" : "분기점",
        "ETC_MATTER" : " ",
        "MNTN_NM" : "원미산",
        "PAST_SPOT_" : "21151001000154",
        "MNTN_ID" : "2115100100"
      },
      "geometry" : {
        "x" : 182562.12413550448,
        "y" : 545141.48856102861
      }
    },
    {
      "attributes" : {
        "FID" : 154,
        "PMNTN_SPOT" : 72279,
        "MNTN_CODE" : "411900201",
        "MANAGE_SP1" : "02",
        "MANAGE_SP2" : "분기점",
        "DETAIL_SPO" : "분기점",
        "ETC_MATTER" : " ",
        "MNTN_NM" : "원미산",
        "PAST_SPOT_" : "21151001000155",
        "MNTN_ID" : "2115100100"
      },
      "geometry" : {
        "x" : 182566.38030000031,
        "y" : 543835.57210000232
      }
    },
    {
      "attributes" : {
        "FID" : 155,
        "PMNTN_SPOT" : 72280,
        "MNTN_CODE" : "411900201",
        "MANAGE_SP1" : "02",
        "MANAGE_SP2" : "분기점",
        "DETAIL_SPO" : "약수터가는길",
        "ETC_MATTER" : "약수터쪽,I-1구간55포인트에서 I구간으로 가는길",
        "MNTN_NM" : "원미산",
        "PAST_SPOT_" : "21151001000156",
        "MNTN_ID" : "2115100100"
      },
      "geometry" : {
        "x" : 182577.47398349736,
        "y" : 544835.76501956768
      }
    },
    {
      "attributes" : {
        "FID" : 156,
        "PMNTN_SPOT" : 72281,
        "MNTN_CODE" : "411900201",
        "MANAGE_SP1" : "06",
        "MANAGE_SP2" : "음수대",
        "DETAIL_SPO" : "춘덕약수터입구",
        "ETC_MATTER" : " ",
        "MNTN_NM" : "원미산",
        "PAST_SPOT_" : "21151001000157",
        "MNTN_ID" : "2115100100"
      },
      "geometry" : {
        "x" : 182592.8105000006,
        "y" : 543902.61019999906
      }
    },
    {
      "attributes" : {
        "FID" : 157,
        "PMNTN_SPOT" : 72282,
        "MNTN_CODE" : "411900201",
        "MANAGE_SP1" : "05",
        "MANAGE_SP2" : "벤치",
        "DETAIL_SPO" : "벤치,복숭아단지쪽",
        "ETC_MATTER" : "칠일약수터들어가기바로전",
        "MNTN_NM" : "원미산",
        "PAST_SPOT_" : "21151001000158",
        "MNTN_ID" : "2115100100"
      },
      "geometry" : {
        "x" : 182607.3442129204,
        "y" : 544308.39470000193
      }
    },
    {
      "attributes" : {
        "FID" : 158,
        "PMNTN_SPOT" : 72283,
        "MNTN_CODE" : "411900201",
        "MANAGE_SP1" : "05",
        "MANAGE_SP2" : "벤치",
        "DETAIL_SPO" : "벤치,복숭아단지쪽",
        "ETC_MATTER" : "칠일약수터들어가기바로전",
        "MNTN_NM" : "원미산",
        "PAST_SPOT_" : "21151001000159",
        "MNTN_ID" : "2115100100"
      },
      "geometry" : {
        "x" : 182635.51080000121,
        "y" : 544283.66150000133
      }
    },
    {
      "attributes" : {
        "FID" : 159,
        "PMNTN_SPOT" : 72284,
        "MNTN_CODE" : "411900201",
        "MANAGE_SP1" : "01",
        "MANAGE_SP2" : "시종점",
        "DETAIL_SPO" : "시종점",
        "ETC_MATTER" : "좌쪽(부천상록학교보임)",
        "MNTN_NM" : "원미산",
        "PAST_SPOT_" : "21151001000160",
        "MNTN_ID" : "2115100100"
      },
      "geometry" : {
        "x" : 182702.87860000413,
        "y" : 545276.31460000016
      }
    },
    {
      "attributes" : {
        "FID" : 160,
        "PMNTN_SPOT" : 72285,
        "MNTN_CODE" : "411900201",
        "MANAGE_SP1" : "01",
        "MANAGE_SP2" : "시종점",
        "DETAIL_SPO" : "시종점",
        "ETC_MATTER" : "카톨릭대학교출,입구",
        "MNTN_NM" : "원미산",
        "PAST_SPOT_" : "21151001000161",
        "MNTN_ID" : "2115100100"
      },
      "geometry" : {
        "x" : 182720.00310000312,
        "y" : 542967.28880000114
      }
    },
    {
      "attributes" : {
        "FID" : 161,
        "PMNTN_SPOT" : 72286,
        "MNTN_CODE" : "411900201",
        "MANAGE_SP1" : "01",
        "MANAGE_SP2" : "시종점",
        "DETAIL_SPO" : "시종점",
        "ETC_MATTER" : " ",
        "MNTN_NM" : "원미산",
        "PAST_SPOT_" : "21151001000162",
        "MNTN_ID" : "2115100100"
      },
      "geometry" : {
        "x" : 182771.11139999982,
        "y" : 543019.19009999931
      }
    },
    {
      "attributes" : {
        "FID" : 162,
        "PMNTN_SPOT" : 72287,
        "MNTN_CODE" : "411900201",
        "MANAGE_SP1" : "01",
        "MANAGE_SP2" : "시종점",
        "DETAIL_SPO" : "시종점",
        "ETC_MATTER" : " ",
        "MNTN_NM" : "원미산",
        "PAST_SPOT_" : "21151001000163",
        "MNTN_ID" : "2115100100"
      },
      "geometry" : {
        "x" : 182966.52480000071,
        "y" : 543234.31360000186
      }
    },
    {
      "attributes" : {
        "FID" : 163,
        "PMNTN_SPOT" : 72288,
        "MNTN_CODE" : "411900201",
        "MANAGE_SP1" : "01",
        "MANAGE_SP2" : "시종점",
        "DETAIL_SPO" : "시종점,수주도로쪽입구",
        "ETC_MATTER" : "복숭아단지",
        "MNTN_NM" : "원미산",
        "PAST_SPOT_" : "21151001000164",
        "MNTN_ID" : "2115100100"
      },
      "geometry" : {
        "x" : 183051.17450000066,
        "y" : 543838.54490000196
      }
    },
    {
      "attributes" : {
        "FID" : 164,
        "PMNTN_SPOT" : 72289,
        "MNTN_CODE" : "411900201",
        "MANAGE_SP1" : "01",
        "MANAGE_SP2" : "시종점",
        "DETAIL_SPO" : "시종점",
        "ETC_MATTER" : " ",
        "MNTN_NM" : "원미산",
        "PAST_SPOT_" : "21151001000165",
        "MNTN_ID" : "2115100100"
      },
      "geometry" : {
        "x" : 183064.15600000042,
        "y" : 543261.60750000179
      }
    },
    {
      "attributes" : {
        "FID" : 165,
        "PMNTN_SPOT" : 72290,
        "MNTN_CODE" : "411900201",
        "MANAGE_SP1" : "01",
        "MANAGE_SP2" : "시종점",
        "DETAIL_SPO" : "시종점,산들어가기 전 주변",
        "ETC_MATTER" : "산들어가기전 주변 사진",
        "MNTN_NM" : "원미산",
        "PAST_SPOT_" : "21151001000166",
        "MNTN_ID" : "2115100100"
      },
      "geometry" : {
        "x" : 183067.59590000194,
        "y" : 543705.69090000167
      }
    },
    {
      "attributes" : {
        "FID" : 166,
        "PMNTN_SPOT" : 72291,
        "MNTN_CODE" : "411900201",
        "MANAGE_SP1" : "01",
        "MANAGE_SP2" : "시종점",
        "DETAIL_SPO" : "시종점,청소년수련관 입구",
        "ETC_MATTER" : " ",
        "MNTN_NM" : "원미산",
        "PAST_SPOT_" : "21151001000167",
        "MNTN_ID" : "2115100100"
      },
      "geometry" : {
        "x" : 183075.15770000033,
        "y" : 544325.31640000269
      }
    },
    {
      "attributes" : {
        "FID" : 167,
        "PMNTN_SPOT" : 72292,
        "MNTN_CODE" : "411900201",
        "MANAGE_SP1" : "02",
        "MANAGE_SP2" : "분기점",
        "DETAIL_SPO" : "분기점",
        "ETC_MATTER" : " ",
        "MNTN_NM" : "원미산",
        "PAST_SPOT_" : "21151001000168",
        "MNTN_ID" : "2115100100"
      },
      "geometry" : {
        "x" : 181831.37400476914,
        "y" : 543048.13897468895
      }
    }
  ]
}