{
  "displayFieldName" : "",
  "fieldAliases" : {
    "FID" : "FID",
    "PMNTN_SPOT" : "PMNTN_SPOT",
    "MNTN_CODE" : "MNTN_CODE",
    "MANAGE_SP1" : "MANAGE_SP1",
    "MANAGE_SP2" : "MANAGE_SP2",
    "DETAIL_SPO" : "DETAIL_SPO",
    "ETC_MATTER" : "ETC_MATTER",
    "MNTN_NM" : "MNTN_NM",
    "PAST_SPOT_" : "PAST_SPOT_",
    "MNTN_ID" : "MNTN_ID"
  },
  "geometryType" : "esriGeometryPoint",
  "spatialReference" : {
    "wkt" : "PROJCS[\"PCS_ITRF2000_TM\",GEOGCS[\"GCS_ITRF_2000\",DATUM[\"D_ITRF_2000\",SPHEROID[\"GRS_1980\",6378137.0,298.257222101]],PRIMEM[\"Greenwich\",0.0],UNIT[\"Degree\",0.0174532925199433]],PROJECTION[\"Transverse_Mercator\"],PARAMETER[\"False_Easting\",200000.0],PARAMETER[\"False_Northing\",600000.0],PARAMETER[\"Central_Meridian\",127.0],PARAMETER[\"Scale_Factor\",1.0],PARAMETER[\"Latitude_Of_Origin\",38.0],UNIT[\"Meter\",1.0]]"
  },
  "fields" : [
    {
      "name" : "FID",
      "type" : "esriFieldTypeOID",
      "alias" : "FID"
    },
    {
      "name" : "PMNTN_SPOT",
      "type" : "esriFieldTypeDouble",
      "alias" : "PMNTN_SPOT"
    },
    {
      "name" : "MNTN_CODE",
      "type" : "esriFieldTypeString",
      "alias" : "MNTN_CODE",
      "length" : 9
    },
    {
      "name" : "MANAGE_SP1",
      "type" : "esriFieldTypeString",
      "alias" : "MANAGE_SP1",
      "length" : 2
    },
    {
      "name" : "MANAGE_SP2",
      "type" : "esriFieldTypeString",
      "alias" : "MANAGE_SP2",
      "length" : 50
    },
    {
      "name" : "DETAIL_SPO",
      "type" : "esriFieldTypeString",
      "alias" : "DETAIL_SPO",
      "length" : 200
    },
    {
      "name" : "ETC_MATTER",
      "type" : "esriFieldTypeString",
      "alias" : "ETC_MATTER",
      "length" : 200
    },
    {
      "name" : "MNTN_NM",
      "type" : "esriFieldTypeString",
      "alias" : "MNTN_NM",
      "length" : 50
    },
    {
      "name" : "PAST_SPOT_",
      "type" : "esriFieldTypeString",
      "alias" : "PAST_SPOT_",
      "length" : 14
    },
    {
      "name" : "MNTN_ID",
      "type" : "esriFieldTypeString",
      "alias" : "MNTN_ID",
      "length" : 10
    }
  ],
  "features" : [
    {
      "attributes" : {
        "FID" : 0,
        "PMNTN_SPOT" : 37901,
        "MNTN_CODE" : "469101901",
        "MANAGE_SP1" : "03",
        "MANAGE_SP2" : "정자",
        "DETAIL_SPO" : "정자",
        "ETC_MATTER" : " ",
        "MNTN_NM" : "벙산",
        "PAST_SPOT_" : "4691019010001",
        "MNTN_ID" : "469101901"
      },
      "geometry" : {
        "x" : 114936.52990000043,
        "y" : 278558.50009999983
      }
    },
    {
      "attributes" : {
        "FID" : 1,
        "PMNTN_SPOT" : 37902,
        "MNTN_CODE" : "469101901",
        "MANAGE_SP1" : "99",
        "MANAGE_SP2" : "기타",
        "DETAIL_SPO" : "전망대",
        "ETC_MATTER" : " ",
        "MNTN_NM" : "벙산",
        "PAST_SPOT_" : "4691019010002",
        "MNTN_ID" : "469101901"
      },
      "geometry" : {
        "x" : 114796.48980000056,
        "y" : 278174.62470000237
      }
    },
    {
      "attributes" : {
        "FID" : 2,
        "PMNTN_SPOT" : 37903,
        "MNTN_CODE" : "469101901",
        "MANAGE_SP1" : "10",
        "MANAGE_SP2" : "이정표",
        "DETAIL_SPO" : "이정표",
        "ETC_MATTER" : " ",
        "MNTN_NM" : "벙산",
        "PAST_SPOT_" : "4691019010003",
        "MNTN_ID" : "469101901"
      },
      "geometry" : {
        "x" : 114602.69059999939,
        "y" : 278319.1353999991
      }
    },
    {
      "attributes" : {
        "FID" : 3,
        "PMNTN_SPOT" : 37904,
        "MNTN_CODE" : "469101901",
        "MANAGE_SP1" : "01",
        "MANAGE_SP2" : "시종점",
        "DETAIL_SPO" : "시종점",
        "ETC_MATTER" : " ",
        "MNTN_NM" : "벙산",
        "PAST_SPOT_" : "4691019010004",
        "MNTN_ID" : "469101901"
      },
      "geometry" : {
        "x" : 114233.74160000123,
        "y" : 277953.73200000077
      }
    },
    {
      "attributes" : {
        "FID" : 4,
        "PMNTN_SPOT" : 37905,
        "MNTN_CODE" : "469101901",
        "MANAGE_SP1" : "01",
        "MANAGE_SP2" : "시종점",
        "DETAIL_SPO" : "시종점",
        "ETC_MATTER" : " ",
        "MNTN_NM" : "벙산",
        "PAST_SPOT_" : "4691019010005",
        "MNTN_ID" : "469101901"
      },
      "geometry" : {
        "x" : 114245.07590000052,
        "y" : 277857.45260000229
      }
    },
    {
      "attributes" : {
        "FID" : 5,
        "PMNTN_SPOT" : 37906,
        "MNTN_CODE" : "469101901",
        "MANAGE_SP1" : "02",
        "MANAGE_SP2" : "분기점",
        "DETAIL_SPO" : "분기점",
        "ETC_MATTER" : " ",
        "MNTN_NM" : "벙산",
        "PAST_SPOT_" : "4691019010006",
        "MNTN_ID" : "469101901"
      },
      "geometry" : {
        "x" : 114282.73280000035,
        "y" : 277895.22330000252
      }
    },
    {
      "attributes" : {
        "FID" : 6,
        "PMNTN_SPOT" : 37907,
        "MNTN_CODE" : "469101901",
        "MANAGE_SP1" : "01",
        "MANAGE_SP2" : "시종점",
        "DETAIL_SPO" : "시종점",
        "ETC_MATTER" : " ",
        "MNTN_NM" : "벙산",
        "PAST_SPOT_" : "4691019010007",
        "MNTN_ID" : "469101901"
      },
      "geometry" : {
        "x" : 114577.75810000021,
        "y" : 278383.94370000251
      }
    },
    {
      "attributes" : {
        "FID" : 7,
        "PMNTN_SPOT" : 37908,
        "MNTN_CODE" : "469101901",
        "MANAGE_SP1" : "02",
        "MANAGE_SP2" : "분기점",
        "DETAIL_SPO" : "분기점",
        "ETC_MATTER" : " ",
        "MNTN_NM" : "벙산",
        "PAST_SPOT_" : "4691019010008",
        "MNTN_ID" : "469101901"
      },
      "geometry" : {
        "x" : 114602.16710000113,
        "y" : 278319.22440000065
      }
    },
    {
      "attributes" : {
        "FID" : 8,
        "PMNTN_SPOT" : 37909,
        "MNTN_CODE" : "469101901",
        "MANAGE_SP1" : "02",
        "MANAGE_SP2" : "분기점",
        "DETAIL_SPO" : "분기점",
        "ETC_MATTER" : " ",
        "MNTN_NM" : "벙산",
        "PAST_SPOT_" : "4691019010009",
        "MNTN_ID" : "469101901"
      },
      "geometry" : {
        "x" : 114637.02800000086,
        "y" : 278070.35390000418
      }
    },
    {
      "attributes" : {
        "FID" : 9,
        "PMNTN_SPOT" : 37910,
        "MNTN_CODE" : "469101901",
        "MANAGE_SP1" : "02",
        "MANAGE_SP2" : "분기점",
        "DETAIL_SPO" : "분기점",
        "ETC_MATTER" : " ",
        "MNTN_NM" : "벙산",
        "PAST_SPOT_" : "4691019010010",
        "MNTN_ID" : "469101901"
      },
      "geometry" : {
        "x" : 114663.90379999951,
        "y" : 278199.64310000092
      }
    },
    {
      "attributes" : {
        "FID" : 10,
        "PMNTN_SPOT" : 37911,
        "MNTN_CODE" : "469101901",
        "MANAGE_SP1" : "01",
        "MANAGE_SP2" : "시종점",
        "DETAIL_SPO" : "시종점",
        "ETC_MATTER" : " ",
        "MNTN_NM" : "벙산",
        "PAST_SPOT_" : "4691019010011",
        "MNTN_ID" : "469101901"
      },
      "geometry" : {
        "x" : 114691.8105000006,
        "y" : 278598.09710000269
      }
    },
    {
      "attributes" : {
        "FID" : 11,
        "PMNTN_SPOT" : 37912,
        "MNTN_CODE" : "469101901",
        "MANAGE_SP1" : "02",
        "MANAGE_SP2" : "분기점",
        "DETAIL_SPO" : "분기점",
        "ETC_MATTER" : " ",
        "MNTN_NM" : "벙산",
        "PAST_SPOT_" : "4691019010012",
        "MNTN_ID" : "469101901"
      },
      "geometry" : {
        "x" : 114733.9637000002,
        "y" : 278161.88360000029
      }
    },
    {
      "attributes" : {
        "FID" : 12,
        "PMNTN_SPOT" : 37913,
        "MNTN_CODE" : "469101901",
        "MANAGE_SP1" : "02",
        "MANAGE_SP2" : "분기점",
        "DETAIL_SPO" : "분기점",
        "ETC_MATTER" : " ",
        "MNTN_NM" : "벙산",
        "PAST_SPOT_" : "4691019010013",
        "MNTN_ID" : "469101901"
      },
      "geometry" : {
        "x" : 114845.41770000011,
        "y" : 278208.22930000164
      }
    },
    {
      "attributes" : {
        "FID" : 13,
        "PMNTN_SPOT" : 37914,
        "MNTN_CODE" : "469101901",
        "MANAGE_SP1" : "01",
        "MANAGE_SP2" : "시종점",
        "DETAIL_SPO" : "시종점",
        "ETC_MATTER" : " ",
        "MNTN_NM" : "벙산",
        "PAST_SPOT_" : "4691019010014",
        "MNTN_ID" : "469101901"
      },
      "geometry" : {
        "x" : 114882.38680000044,
        "y" : 278646.69250000454
      }
    },
    {
      "attributes" : {
        "FID" : 14,
        "PMNTN_SPOT" : 37915,
        "MNTN_CODE" : "469101901",
        "MANAGE_SP1" : "01",
        "MANAGE_SP2" : "시종점",
        "DETAIL_SPO" : "시종점",
        "ETC_MATTER" : " ",
        "MNTN_NM" : "벙산",
        "PAST_SPOT_" : "4691019010015",
        "MNTN_ID" : "469101901"
      },
      "geometry" : {
        "x" : 114883.09590000007,
        "y" : 278241.76559999958
      }
    }
  ]
}