{
  "displayFieldName" : "",
  "fieldAliases" : {
    "FID" : "FID",
    "PMNTN_SN" : "PMNTN_SN",
    "MNTN_CODE" : "MNTN_CODE",
    "MNTN_NM" : "MNTN_NM",
    "PMNTN_NM" : "PMNTN_NM",
    "PMNTN_MAIN" : "PMNTN_MAIN",
    "PMNTN_LT" : "PMNTN_LT",
    "PMNTN_DFFL" : "PMNTN_DFFL",
    "PMNTN_UPPL" : "PMNTN_UPPL",
    "PMNTN_GODN" : "PMNTN_GODN",
    "PMNTN_MTRQ" : "PMNTN_MTRQ",
    "PMNTN_CNRL" : "PMNTN_CNRL",
    "PMNTN_CLS_" : "PMNTN_CLS_",
    "PMNTN_RISK" : "PMNTN_RISK",
    "PMNTN_RECO" : "PMNTN_RECO",
    "DATA_STDR_" : "DATA_STDR_",
    "MNTN_ID" : "MNTN_ID"
  },
  "geometryType" : "esriGeometryPolyline",
  "spatialReference" : {
    "wkt" : "PROJCS[\"PCS_ITRF2000_TM\",GEOGCS[\"GCS_ITRF_2000\",DATUM[\"D_ITRF_2000\",SPHEROID[\"GRS_1980\",6378137.0,298.257222101]],PRIMEM[\"Greenwich\",0.0],UNIT[\"Degree\",0.0174532925199433]],PROJECTION[\"Transverse_Mercator\"],PARAMETER[\"False_Easting\",200000.0],PARAMETER[\"False_Northing\",600000.0],PARAMETER[\"Central_Meridian\",127.0],PARAMETER[\"Scale_Factor\",1.0],PARAMETER[\"Latitude_Of_Origin\",38.0],UNIT[\"Meter\",1.0]]"
  },
  "fields" : [
    {
      "name" : "FID",
      "type" : "esriFieldTypeOID",
      "alias" : "FID"
    },
    {
      "name" : "PMNTN_SN",
      "type" : "esriFieldTypeDouble",
      "alias" : "PMNTN_SN"
    },
    {
      "name" : "MNTN_CODE",
      "type" : "esriFieldTypeString",
      "alias" : "MNTN_CODE",
      "length" : 9
    },
    {
      "name" : "MNTN_NM",
      "type" : "esriFieldTypeString",
      "alias" : "MNTN_NM",
      "length" : 50
    },
    {
      "name" : "PMNTN_NM",
      "type" : "esriFieldTypeString",
      "alias" : "PMNTN_NM",
      "length" : 50
    },
    {
      "name" : "PMNTN_MAIN",
      "type" : "esriFieldTypeString",
      "alias" : "PMNTN_MAIN",
      "length" : 200
    },
    {
      "name" : "PMNTN_LT",
      "type" : "esriFieldTypeSingle",
      "alias" : "PMNTN_LT"
    },
    {
      "name" : "PMNTN_DFFL",
      "type" : "esriFieldTypeString",
      "alias" : "PMNTN_DFFL",
      "length" : 8
    },
    {
      "name" : "PMNTN_UPPL",
      "type" : "esriFieldTypeDouble",
      "alias" : "PMNTN_UPPL"
    },
    {
      "name" : "PMNTN_GODN",
      "type" : "esriFieldTypeDouble",
      "alias" : "PMNTN_GODN"
    },
    {
      "name" : "PMNTN_MTRQ",
      "type" : "esriFieldTypeString",
      "alias" : "PMNTN_MTRQ",
      "length" : 200
    },
    {
      "name" : "PMNTN_CNRL",
      "type" : "esriFieldTypeString",
      "alias" : "PMNTN_CNRL",
      "length" : 1
    },
    {
      "name" : "PMNTN_CLS_",
      "type" : "esriFieldTypeString",
      "alias" : "PMNTN_CLS_",
      "length" : 1
    },
    {
      "name" : "PMNTN_RISK",
      "type" : "esriFieldTypeString",
      "alias" : "PMNTN_RISK",
      "length" : 200
    },
    {
      "name" : "PMNTN_RECO",
      "type" : "esriFieldTypeString",
      "alias" : "PMNTN_RECO",
      "length" : 1
    },
    {
      "name" : "DATA_STDR_",
      "type" : "esriFieldTypeString",
      "alias" : "DATA_STDR_",
      "length" : 10
    },
    {
      "name" : "MNTN_ID",
      "type" : "esriFieldTypeString",
      "alias" : "MNTN_ID",
      "length" : 10
    }
  ],
  "features" : [
    {
      "attributes" : {
        "FID" : 0,
        "PMNTN_SN" : 9469,
        "MNTN_CODE" : "437202401",
        "MNTN_NM" : "남산",
        "PMNTN_NM" : "죽전리구간",
        "PMNTN_MAIN" : " ",
        "PMNTN_LT" : 0.33,
        "PMNTN_DFFL" : "쉬움",
        "PMNTN_UPPL" : 6,
        "PMNTN_GODN" : 4,
        "PMNTN_MTRQ" : " ",
        "PMNTN_CNRL" : " ",
        "PMNTN_CLS_" : " ",
        "PMNTN_RISK" : " ",
        "PMNTN_RECO" : " ",
        "DATA_STDR_" : "2016-12-31",
        "MNTN_ID" : "437202401"
      },
      "geometry" : {
        "paths" : [
          [
            [
              264053.03780000098,
              430903.72600000352
            ],
            [
              264047.33410000056,
              430891.45050000213
            ],
            [
              264040.89670000132,
              430888.3607000038
            ],
            [
              264037.73390000127,
              430884.83630000055
            ],
            [
              264031.52810000069,
              430882.67680000141
            ],
            [
              264025.87310000043,
              430881.64230000041
            ],
            [
              264016.36060000304,
              430878.53330000117
            ],
            [
              264008.62080000248,
              430876.0818000026
            ],
            [
              263998.41240000073,
              430869.8171000015
            ],
            [
              263991.61680000182,
              430861.34100000188
            ],
            [
              263981.8013000004,
              430852.48540000245
            ],
            [
              263975.47150000092,
              430844.5784999989
            ],
            [
              263970.76840000041,
              430835.5231999997
            ],
            [
              263965.34980000183,
              430831.38110000081
            ],
            [
              263952.97319999989,
              430825.86539999954
            ],
            [
              263945.74260000139,
              430827.92019999772
            ],
            [
              263936.66370000318,
              430827.04759999923
            ],
            [
              263923.62620000076,
              430823.9317000024
            ],
            [
              263913.50540000107,
              430824.26990000159
            ],
            [
              263906.44880000129,
              430829.7031000033
            ],
            [
              263898.69090000074,
              430832.53030000068
            ],
            [
              263888.15980000235,
              430830.40139999799
            ],
            [
              263878.20640000235,
              430834.9776000008
            ],
            [
              263871.02580000367,
              430839.81420000084
            ],
            [
              263861.55310000386,
              430842.33369999938
            ],
            [
              263850.48850000184,
              430843.4571000021
            ],
            [
              263837.90430000145,
              430841.09219999984
            ],
            [
              263827.12150000036,
              430836.42720000073
            ],
            [
              263816.12870000303,
              430833.42620000057
            ],
            [
              263805.63650000188,
              430828.99620000273
            ],
            [
              263793.39600000065,
              430830.22560000047
            ],
            [
              263784.0708000008,
              430829.82900000177
            ],
            [
              263777.51930000074,
              430833.0252000019
            ],
            [
              263772.39390000142,
              430838.80790000409
            ]
          ]
        ]
      }
    },
    {
      "attributes" : {
        "FID" : 1,
        "PMNTN_SN" : 9470,
        "MNTN_CODE" : "437202401",
        "MNTN_NM" : "남산",
        "PMNTN_NM" : "죽전리구간",
        "PMNTN_MAIN" : " ",
        "PMNTN_LT" : 0.34,
        "PMNTN_DFFL" : "쉬움",
        "PMNTN_UPPL" : 6,
        "PMNTN_GODN" : 4,
        "PMNTN_MTRQ" : " ",
        "PMNTN_CNRL" : " ",
        "PMNTN_CLS_" : " ",
        "PMNTN_RISK" : " ",
        "PMNTN_RECO" : " ",
        "DATA_STDR_" : "2016-12-31",
        "MNTN_ID" : "437202401"
      },
      "geometry" : {
        "paths" : [
          [
            [
              263852.28460000083,
              431339.5791000016
            ],
            [
              263856.10470000282,
              431335.60870000161
            ],
            [
              263861.93510000035,
              431331.1427000016
            ],
            [
              263871.20750000048,
              431324.91750000045
            ],
            [
              263879.50270000007,
              431319.36209999956
            ],
            [
              263885.41920000128,
              431312.79580000043
            ],
            [
              263890.32980000228,
              431309.7471000012
            ],
            [
              263895.27209999971,
              431311.13490000181
            ],
            [
              263896.83260000031,
              431315.1520000007
            ],
            [
              263901.33050000016,
              431319.5391000025
            ],
            [
              263903.73330000043,
              431322.81430000067
            ],
            [
              263905.51590000372,
              431323.17810000293
            ],
            [
              263909.95960000157,
              431320.40700000152
            ],
            [
              263912.50620000064,
              431315.54270000011
            ],
            [
              263918.26220000349,
              431313.80090000294
            ],
            [
              263925.16220000014,
              431311.71289999783
            ],
            [
              263933.3301000027,
              431309.2413000036
            ],
            [
              263937.9002000019,
              431304.39939999953
            ],
            [
              263946.40030000359,
              431301.82719999924
            ],
            [
              263953.96870000102,
              431296.52560000308
            ],
            [
              263958.92330000177,
              431292.51710000262
            ],
            [
              263967.00870000012,
              431287.77340000123
            ],
            [
              263972.05810000002,
              431286.08840000257
            ],
            [
              263975.35520000104,
              431284.3796000015
            ],
            [
              263979.75510000065,
              431276.97450000048
            ],
            [
              263985.97790000122,
              431268.03300000168
            ],
            [
              263994.71279999986,
              431263.06090000272
            ],
            [
              264004.28030000068,
              431258.13519999944
            ],
            [
              264014.05390000157,
              431258.06890000217
            ],
            [
              264022.74679999985,
              431260.45500000194
            ],
            [
              264032.33840000071,
              431259.24360000156
            ],
            [
              264038.87120000273,
              431254.01019999944
            ],
            [
              264044.82070000283,
              431247.92080000229
            ],
            [
              264048.62780000083,
              431237.85700000077
            ],
            [
              264050.01870000176,
              431228.09710000083
            ],
            [
              264055.6230000006,
              431215.68790000118
            ],
            [
              264061.38370000012,
              431205.71120000258
            ],
            [
              264063.95130000263,
              431196.18130000308
            ],
            [
              264065.70900000259,
              431187.48980000056
            ],
            [
              264069.06030000001,
              431178.59100000001
            ],
            [
              264073.401700004,
              431170.994599998
            ],
            [
              264078.33470000234,
              431165.61570000276
            ],
            [
              264080.83370000217,
              431158.76899999939
            ]
          ]
        ]
      }
    },
    {
      "attributes" : {
        "FID" : 2,
        "PMNTN_SN" : 9471,
        "MNTN_CODE" : "437202401",
        "MNTN_NM" : "남산",
        "PMNTN_NM" : "죽전리구간",
        "PMNTN_MAIN" : " ",
        "PMNTN_LT" : 0.13,
        "PMNTN_DFFL" : "쉬움",
        "PMNTN_UPPL" : 2,
        "PMNTN_GODN" : 2,
        "PMNTN_MTRQ" : " ",
        "PMNTN_CNRL" : " ",
        "PMNTN_CLS_" : " ",
        "PMNTN_RISK" : " ",
        "PMNTN_RECO" : " ",
        "DATA_STDR_" : "2016-12-31",
        "MNTN_ID" : "437202401"
      },
      "geometry" : {
        "paths" : [
          [
            [
              264264.18750000186,
              431424.56579999998
            ],
            [
              264264.17709999997,
              431424.56310000457
            ],
            [
              264266.57290000003,
              431410.58340000175
            ],
            [
              264269.92490000091,
              431393.83000000007
            ],
            [
              264270.17850000132,
              431383.58229999803
            ],
            [
              264269.46839999966,
              431380.28199999966
            ],
            [
              264265.67459999956,
              431366.03309999965
            ],
            [
              264263.2070000032,
              431353.12829999998
            ],
            [
              264260.5800999999,
              431343.21780000068
            ],
            [
              264257.88970000017,
              431333.85470000654
            ],
            [
              264256.59720000066,
              431321.91599999741
            ],
            [
              264253.26210000273,
              431309.12940000184
            ],
            [
              264251.13890000153,
              431295.16590000317
            ]
          ]
        ]
      }
    },
    {
      "attributes" : {
        "FID" : 3,
        "PMNTN_SN" : 9472,
        "MNTN_CODE" : "437202401",
        "MNTN_NM" : "남산",
        "PMNTN_NM" : "죽전리구간",
        "PMNTN_MAIN" : " ",
        "PMNTN_LT" : 0.26,
        "PMNTN_DFFL" : "쉬움",
        "PMNTN_UPPL" : 5,
        "PMNTN_GODN" : 3,
        "PMNTN_MTRQ" : " ",
        "PMNTN_CNRL" : " ",
        "PMNTN_CLS_" : " ",
        "PMNTN_RISK" : " ",
        "PMNTN_RECO" : " ",
        "DATA_STDR_" : "2016-12-31",
        "MNTN_ID" : "437202401"
      },
      "geometry" : {
        "paths" : [
          [
            [
              264269.65479999967,
              431445.39389999956
            ],
            [
              264274.65420000255,
              431445.11680000089
            ],
            [
              264280.91909999959,
              431440.7031000033
            ],
            [
              264284.58850000333,
              431433.88179999962
            ],
            [
              264291.08840000164,
              431426.61590000242
            ],
            [
              264297.5560000008,
              431423.58159999736
            ],
            [
              264303.3255000012,
              431424.82230000198
            ],
            [
              264309.12959999964,
              431420.95940000378
            ],
            [
              264315.86960000079,
              431421.38520000316
            ],
            [
              264322.07450000104,
              431421.77710000053
            ],
            [
              264327.41780000087,
              431420.75240000151
            ],
            [
              264334.62320000213,
              431411.15140000358
            ],
            [
              264345.06350000016,
              431408.59429999813
            ],
            [
              264350.29440000094,
              431398.97400000133
            ],
            [
              264356.61519999988,
              431395.17370000109
            ],
            [
              264362.11400000006,
              431395.26620000042
            ],
            [
              264369.07940000016,
              431398.13900000229
            ],
            [
              264374.52100000065,
              431399.78520000167
            ],
            [
              264377.4066000022,
              431403.27039999887
            ],
            [
              264376.42480000295,
              431407.93780000322
            ],
            [
              264373.52240000386,
              431412.85460000113
            ],
            [
              264372.10410000291,
              431419.95839999989
            ],
            [
              264370.21040000208,
              431429.4430999998
            ],
            [
              264368.70260000322,
              431436.99460000172
            ],
            [
              264366.97320000082,
              431445.65640000068
            ],
            [
              264359.43870000076,
              431452.67130000331
            ],
            [
              264355.21820000093,
              431455.8879000023
            ],
            [
              264356.22750000097,
              431461.89030000009
            ],
            [
              264362.89710000157,
              431470.88489999995
            ],
            [
              264368.61750000156,
              431476.91930000111
            ],
            [
              264375.92559999879,
              431481.13649999909
            ],
            [
              264380.0110000018,
              431487.19950000197
            ],
            [
              264382.92040000204,
              431492.30010000058
            ],
            [
              264384.37310000043,
              431497.71150000207
            ],
            [
              264386.01400000416,
              431504.67090000212
            ],
            [
              264391.55659999978,
              431509.53550000116
            ]
          ]
        ]
      }
    },
    {
      "attributes" : {
        "FID" : 4,
        "PMNTN_SN" : 9473,
        "MNTN_CODE" : "437202401",
        "MNTN_NM" : "남산",
        "PMNTN_NM" : "죽전리구간",
        "PMNTN_MAIN" : " ",
        "PMNTN_LT" : 0.05,
        "PMNTN_DFFL" : "쉬움",
        "PMNTN_UPPL" : 1,
        "PMNTN_GODN" : 1,
        "PMNTN_MTRQ" : " ",
        "PMNTN_CNRL" : " ",
        "PMNTN_CLS_" : " ",
        "PMNTN_RISK" : " ",
        "PMNTN_RECO" : " ",
        "DATA_STDR_" : "2016-12-31",
        "MNTN_ID" : "437202401"
      },
      "geometry" : {
        "paths" : [
          [
            [
              264209.09530000109,
              431483.04270000197
            ],
            [
              264214.38940000068,
              431483.78309999965
            ],
            [
              264222.18780000042,
              431484.87380000018
            ],
            [
              264229.18870000076,
              431485.58450000361
            ],
            [
              264236.30939999968,
              431487.15169999935
            ],
            [
              264245.60990000144,
              431488.11600000411
            ],
            [
              264254.69500000123,
              431489.74620000273
            ],
            [
              264259.45820000023,
              431484.17580000125
            ]
          ]
        ]
      }
    },
    {
      "attributes" : {
        "FID" : 5,
        "PMNTN_SN" : 9474,
        "MNTN_CODE" : "437202401",
        "MNTN_NM" : "남산",
        "PMNTN_NM" : "발산리구간",
        "PMNTN_MAIN" : " ",
        "PMNTN_LT" : 0.69,
        "PMNTN_DFFL" : "쉬움",
        "PMNTN_UPPL" : 13,
        "PMNTN_GODN" : 9,
        "PMNTN_MTRQ" : " ",
        "PMNTN_CNRL" : " ",
        "PMNTN_CLS_" : " ",
        "PMNTN_RISK" : " ",
        "PMNTN_RECO" : " ",
        "DATA_STDR_" : "2016-12-31",
        "MNTN_ID" : "437202401"
      },
      "geometry" : {
        "paths" : [
          [
            [
              263462.04729999974,
              431293.02240000293
            ],
            [
              263467.0661999993,
              431290.76650000177
            ],
            [
              263470.7106999997,
              431284.91349999979
            ],
            [
              263473.92489999998,
              431279.79389999807
            ],
            [
              263477.55640000291,
              431275.40170000121
            ],
            [
              263484.76450000051,
              431271.30150000006
            ],
            [
              263493.15580000076,
              431268.64900000021
            ],
            [
              263502.73930000048,
              431266.34970000014
            ],
            [
              263510.15230000019,
              431263.02070000023
            ],
            [
              263516.37620000169,
              431257.88639999926
            ],
            [
              263522.06130000018,
              431253.27400000207
            ],
            [
              263527.19360000174,
              431247.94140000083
            ],
            [
              263532.39010000136,
              431242.19060000218
            ],
            [
              263537.88990000263,
              431236.09550000168
            ],
            [
              263545.29009999987,
              431228.24990000017
            ],
            [
              263550.36739999987,
              431221.94010000303
            ],
            [
              263553.31460000109,
              431213.84740000032
            ],
            [
              263554.13769999985,
              431202.91850000247
            ],
            [
              263556.14050000254,
              431193.15260000341
            ],
            [
              263554.48020000011,
              431186.95639999956
            ],
            [
              263554.12900000252,
              431179.6221000012
            ],
            [
              263556.96990000084,
              431173.15520000271
            ],
            [
              263557.78519999981,
              431168.73470000178
            ],
            [
              263560.10019999929,
              431156.68260000087
            ],
            [
              263561.06929999962,
              431150.27460000105
            ],
            [
              263562.14760000166,
              431140.84620000049
            ],
            [
              263564.99480000138,
              431131.79750000127
            ],
            [
              263565.37640000135,
              431119.88250000216
            ],
            [
              263566.74150000047,
              431107.31740000099
            ],
            [
              263568.83179999981,
              431095.15640000254
            ],
            [
              263573.20909999963,
              431087.37749999762
            ],
            [
              263577.37520000245,
              431076.58510000445
            ],
            [
              263580.53250000346,
              431066.13089999929
            ],
            [
              263583.3732000012,
              431057.23729999922
            ],
            [
              263587.01939999964,
              431050.70480000228
            ],
            [
              263588.424300001,
              431042.66119999997
            ],
            [
              263590.20570000075,
              431031.48850000277
            ],
            [
              263592.34059999976,
              431021.27450000122
            ],
            [
              263595.57270000037,
              431013.13560000248
            ],
            [
              263599.43379999977,
              431007.39550000429
            ],
            [
              263602.20920000318,
              431001.73500000127
            ],
            [
              263600.03050000127,
              430996.69450000115
            ],
            [
              263600.71260000113,
              430987.88489999995
            ],
            [
              263603.75840000249,
              430979.39570000209
            ],
            [
              263606.29850000143,
              430973.83250000328
            ],
            [
              263607.00029999949,
              430966.34539999999
            ],
            [
              263607.78730000183,
              430959.12480000034
            ],
            [
              263610.16830000095,
              430951.73000000417
            ],
            [
              263611.01320000086,
              430943.49570000172
            ],
            [
              263612.58440000191,
              430935.17070000432
            ],
            [
              263614.51080000121,
              430926.46350000426
            ],
            [
              263618.10600000061,
              430916.73660000227
            ],
            [
              263621.14100000262,
              430910.71630000137
            ],
            [
              263626.46460000146,
              430903.14330000058
            ],
            [
              263631.44650000334,
              430902.0009000022
            ],
            [
              263631.52320000157,
              430886.67670000158
            ],
            [
              263633.55179999955,
              430878.99569999985
            ],
            [
              263636.15190000087,
              430869.15139999986
            ],
            [
              263636.29970000219,
              430868.61050000228
            ],
            [
              263633.94390000217,
              430861.33239999972
            ],
            [
              263635.21610000264,
              430848.92029999942
            ],
            [
              263635.3666000003,
              430848.5110000018
            ],
            [
              263634.55760000367,
              430837.04270000011
            ],
            [
              263640.9486999996,
              430823.91309999861
            ],
            [
              263645.51719999965,
              430822.5912000034
            ],
            [
              263649.79900000338,
              430823.29480000213
            ],
            [
              263658.89510000125,
              430825.95110000111
            ],
            [
              263665.06599999964,
              430828.17420000024
            ],
            [
              263673.85670000035,
              430828.50550000183
            ],
            [
              263684.44910000265,
              430834.61030000076
            ],
            [
              263691.73390000314,
              430838.8088000007
            ],
            [
              263698.43120000418,
              430845.82220000215
            ],
            [
              263705.80620000325,
              430853.80139999837
            ],
            [
              263714.94350000005,
              430859.2862000037
            ],
            [
              263722.94330000039,
              430862.03040000238
            ],
            [
              263734.39990000054,
              430863.39890000038
            ],
            [
              263742.9112000009,
              430860.07090000063
            ],
            [
              263746.07679999992,
              430854.05470000021
            ],
            [
              263750.05109999981,
              430850.41600000113
            ],
            [
              263760.09670000337,
              430841.86170000397
            ],
            [
              263764.48649999965,
              430840.20740000159
            ],
            [
              263767.98350000102,
              430842.93900000118
            ],
            [
              263772.39390000142,
              430838.80790000409
            ]
          ]
        ]
      }
    },
    {
      "attributes" : {
        "FID" : 6,
        "PMNTN_SN" : 9475,
        "MNTN_CODE" : "437202401",
        "MNTN_NM" : "남산",
        "PMNTN_NM" : "발산리구간",
        "PMNTN_MAIN" : " ",
        "PMNTN_LT" : 0.58,
        "PMNTN_DFFL" : "쉬움",
        "PMNTN_UPPL" : 11,
        "PMNTN_GODN" : 8,
        "PMNTN_MTRQ" : " ",
        "PMNTN_CNRL" : " ",
        "PMNTN_CLS_" : " ",
        "PMNTN_RISK" : " ",
        "PMNTN_RECO" : " ",
        "DATA_STDR_" : "2016-12-31",
        "MNTN_ID" : "437202401"
      },
      "geometry" : {
        "paths" : [
          [
            [
              263772.39390000142,
              430838.80790000409
            ],
            [
              263773.86440000124,
              430843.95590000041
            ],
            [
              263768.51540000085,
              430852.26460000314
            ],
            [
              263765.81730000023,
              430859.71840000153
            ],
            [
              263767.79190000147,
              430870.2854999993
            ],
            [
              263770.21120000351,
              430883.59030000307
            ],
            [
              263770.88870000001,
              430897.60979999974
            ],
            [
              263771.71430000011,
              430909.87330000103
            ],
            [
              263771.06219999958,
              430919.12700000033
            ],
            [
              263771.11260000337,
              430923.86990000308
            ],
            [
              263768.86100000236,
              430935.1074000001
            ],
            [
              263768.84670000244,
              430947.07740000077
            ],
            [
              263770.96490000002,
              430968.8094000034
            ],
            [
              263775.63389999978,
              430976.48259999976
            ],
            [
              263775.30280000251,
              430991.12500000186
            ],
            [
              263774.52450000122,
              431000.84640000202
            ],
            [
              263774.61470000166,
              431007.48509999923
            ],
            [
              263777.81280000322,
              431019.13010000251
            ],
            [
              263778.0867000008,
              431031.68080000393
            ],
            [
              263777.11950000003,
              431047.20900000073
            ],
            [
              263775.32220000029,
              431058.72170000337
            ],
            [
              263772.32180000097,
              431073.46560000256
            ],
            [
              263772.31860000174,
              431083.21590000205
            ],
            [
              263772.31770000141,
              431095.73710000142
            ],
            [
              263775.87080000248,
              431105.1686000023
            ],
            [
              263775.85749999993,
              431113.87930000015
            ],
            [
              263777.69809999969,
              431123.5148000028
            ],
            [
              263776.04160000291,
              431132.79470000044
            ],
            [
              263770.85599999968,
              431140.16170000285
            ],
            [
              263768.77170000132,
              431151.39640000276
            ],
            [
              263767.6046000002,
              431159.2318000067
            ],
            [
              263769.65690000076,
              431169.28580000252
            ],
            [
              263769.64030000009,
              431180.94529999979
            ],
            [
              263768.68540000077,
              431189.87480000034
            ],
            [
              263766.0335000027,
              431201.01610000245
            ],
            [
              263765.14250000007,
              431210.33670000173
            ],
            [
              263767.49750000332,
              431218.45820000023
            ],
            [
              263770.27139999997,
              431223.51340000145
            ],
            [
              263775.19710000139,
              431228.4672000017
            ],
            [
              263780.46059999987,
              431233.00070000067
            ],
            [
              263782.23139999993,
              431242.1340000052
            ],
            [
              263783.71440000087,
              431250.94009999931
            ],
            [
              263786.55480000097,
              431261.41280000098
            ],
            [
              263788.56960000098,
              431270.40910000168
            ],
            [
              263786.56989999954,
              431279.18720000051
            ],
            [
              263788.06670000125,
              431289.10300000198
            ],
            [
              263784.60050000064,
              431298.30850000307
            ],
            [
              263784.23790000193,
              431305.1557
            ],
            [
              263786.79320000112,
              431315.15820000134
            ],
            [
              263788.27269999962,
              431323.42440000363
            ],
            [
              263787.65160000231,
              431329.54199999943
            ],
            [
              263792.87230000179,
              431333.19670000114
            ],
            [
              263798.05270000082,
              431329.16579999961
            ],
            [
              263797.62140000053,
              431320.6761000026
            ],
            [
              263803.24500000104,
              431316.62490000017
            ],
            [
              263811.62689999957,
              431318.73449999839
            ],
            [
              263817.04510000348,
              431318.84549999796
            ],
            [
              263824.48570000008,
              431321.26280000247
            ],
            [
              263828.80360000301,
              431325.22870000266
            ],
            [
              263835.69700000156,
              431322.94339999929
            ],
            [
              263843.18940000236,
              431323.56120000407
            ]
          ]
        ]
      }
    },
    {
      "attributes" : {
        "FID" : 7,
        "PMNTN_SN" : 9476,
        "MNTN_CODE" : "437202401",
        "MNTN_NM" : "남산",
        "PMNTN_NM" : "죽전리구간",
        "PMNTN_MAIN" : " ",
        "PMNTN_LT" : 0.12,
        "PMNTN_DFFL" : "쉬움",
        "PMNTN_UPPL" : 2,
        "PMNTN_GODN" : 1,
        "PMNTN_MTRQ" : " ",
        "PMNTN_CNRL" : " ",
        "PMNTN_CLS_" : " ",
        "PMNTN_RISK" : " ",
        "PMNTN_RECO" : " ",
        "DATA_STDR_" : "2016-12-31",
        "MNTN_ID" : "437202401"
      },
      "geometry" : {
        "paths" : [
          [
            [
              264269.30399999954,
              431554.30379999988
            ],
            [
              264266.37510000076,
              431547.32980000041
            ],
            [
              264264.464200004,
              431541.36810000241
            ],
            [
              264263.92290000338,
              431536.05700000189
            ],
            [
              264262.66830000002,
              431531.12759999931
            ],
            [
              264263.6118000038,
              431527.6417999994
            ],
            [
              264268.75630000047,
              431524.07789999805
            ],
            [
              264273.95860000048,
              431525.06310000084
            ],
            [
              264280.37590000033,
              431525.75400000252
            ],
            [
              264285.80739999935,
              431523.16710000113
            ],
            [
              264289.29009999987,
              431519.06330000423
            ],
            [
              264289.67609999981,
              431513.42840000242
            ],
            [
              264287.6185999997,
              431508.36040000059
            ],
            [
              264283.22180000041,
              431503.63890000246
            ],
            [
              264283.62520000245,
              431498.69820000418
            ],
            [
              264282.32340000011,
              431493.64200000092
            ],
            [
              264280.90700000338,
              431489.35150000267
            ],
            [
              264283.14549999963,
              431484.62040000036
            ],
            [
              264283.50030000135,
              431477.87160000205
            ],
            [
              264283.74060000014,
              431473.30090000108
            ],
            [
              264279.5427000029,
              431468.14680000208
            ],
            [
              264273.22790000029,
              431465.93180000409
            ]
          ]
        ]
      }
    },
    {
      "attributes" : {
        "FID" : 8,
        "PMNTN_SN" : 9477,
        "MNTN_CODE" : "437202401",
        "MNTN_NM" : "남산",
        "PMNTN_NM" : "죽전리구간",
        "PMNTN_MAIN" : " ",
        "PMNTN_LT" : 0.17,
        "PMNTN_DFFL" : "쉬움",
        "PMNTN_UPPL" : 3,
        "PMNTN_GODN" : 2,
        "PMNTN_MTRQ" : " ",
        "PMNTN_CNRL" : " ",
        "PMNTN_CLS_" : " ",
        "PMNTN_RISK" : " ",
        "PMNTN_RECO" : " ",
        "DATA_STDR_" : "2016-12-31",
        "MNTN_ID" : "437202401"
      },
      "geometry" : {
        "paths" : [
          [
            [
              264269.65479999967,
              431445.39389999956
            ],
            [
              264270.35240000021,
              431435.80529999919
            ],
            [
              264272.13470000308,
              431427.26610000245
            ],
            [
              264272.61500000022,
              431419.5449000001
            ],
            [
              264276.19940000307,
              431410.71419999748
            ],
            [
              264277.68160000071,
              431404.70639999956
            ],
            [
              264279.11770000029,
              431398.88599999994
            ],
            [
              264281.15430000238,
              431390.63120000064
            ],
            [
              264283.550400001,
              431380.91950000264
            ],
            [
              264284.87370000128,
              431375.55639999919
            ],
            [
              264286.75220000092,
              431369.60990000144
            ],
            [
              264289.69570000004,
              431360.29240000062
            ],
            [
              264289.76410000026,
              431348.85649999976
            ],
            [
              264286.89290000312,
              431340.51999999955
            ],
            [
              264282.99430000037,
              431332.94380000047
            ],
            [
              264280.59850000124,
              431326.79420000128
            ],
            [
              264277.97170000151,
              431320.05169999972
            ],
            [
              264277.04270000104,
              431313.1585000027
            ],
            [
              264272.63540000003,
              431307.43510000408
            ],
            [
              264268.96470000129,
              431302.66810000129
            ],
            [
              264261.97389999963,
              431297.82740000077
            ],
            [
              264255.31780000031,
              431295.38409999758
            ],
            [
              264251.13890000153,
              431295.16590000317
            ]
          ]
        ]
      }
    },
    {
      "attributes" : {
        "FID" : 9,
        "PMNTN_SN" : 9478,
        "MNTN_CODE" : "437202401",
        "MNTN_NM" : "남산",
        "PMNTN_NM" : "죽전리구간",
        "PMNTN_MAIN" : " ",
        "PMNTN_LT" : 0.02,
        "PMNTN_DFFL" : "쉬움",
        "PMNTN_UPPL" : 1,
        "PMNTN_GODN" : 0,
        "PMNTN_MTRQ" : " ",
        "PMNTN_CNRL" : " ",
        "PMNTN_CLS_" : " ",
        "PMNTN_RISK" : " ",
        "PMNTN_RECO" : " ",
        "DATA_STDR_" : "2016-12-31",
        "MNTN_ID" : "437202401"
      },
      "geometry" : {
        "paths" : [
          [
            [
              264273.22790000029,
              431465.93180000409
            ],
            [
              264271.84710000083,
              431462.23120000213
            ],
            [
              264270.78530000336,
              431455.45089999959
            ],
            [
              264269.65479999967,
              431445.39389999956
            ]
          ]
        ]
      }
    },
    {
      "attributes" : {
        "FID" : 10,
        "PMNTN_SN" : 9479,
        "MNTN_CODE" : "437202401",
        "MNTN_NM" : "남산",
        "PMNTN_NM" : "죽전리구간",
        "PMNTN_MAIN" : " ",
        "PMNTN_LT" : 0.03,
        "PMNTN_DFFL" : "쉬움",
        "PMNTN_UPPL" : 1,
        "PMNTN_GODN" : 0,
        "PMNTN_MTRQ" : " ",
        "PMNTN_CNRL" : " ",
        "PMNTN_CLS_" : " ",
        "PMNTN_RISK" : " ",
        "PMNTN_RECO" : " ",
        "DATA_STDR_" : "2016-12-31",
        "MNTN_ID" : "437202401"
      },
      "geometry" : {
        "paths" : [
          [
            [
              264259.45820000023,
              431484.17580000125
            ],
            [
              264263.42040000111,
              431483.76650000364
            ],
            [
              264268.18590000272,
              431482.44600000232
            ],
            [
              264270.90510000102,
              431478.00410000235
            ],
            [
              264272.21010000072,
              431471.35870000161
            ],
            [
              264273.22790000029,
              431465.93180000409
            ]
          ]
        ]
      }
    },
    {
      "attributes" : {
        "FID" : 11,
        "PMNTN_SN" : 9480,
        "MNTN_CODE" : "437202401",
        "MNTN_NM" : "남산",
        "PMNTN_NM" : "죽전리구간",
        "PMNTN_MAIN" : " ",
        "PMNTN_LT" : 0.09,
        "PMNTN_DFFL" : "쉬움",
        "PMNTN_UPPL" : 2,
        "PMNTN_GODN" : 1,
        "PMNTN_MTRQ" : " ",
        "PMNTN_CNRL" : " ",
        "PMNTN_CLS_" : " ",
        "PMNTN_RISK" : " ",
        "PMNTN_RECO" : " ",
        "DATA_STDR_" : "2016-12-31",
        "MNTN_ID" : "437202401"
      },
      "geometry" : {
        "paths" : [
          [
            [
              264209.09530000109,
              431483.04270000197
            ],
            [
              264213.88240000326,
              431468.77439999953
            ],
            [
              264217.70270000026,
              431461.89490000159
            ],
            [
              264221.89250000194,
              431457.29270000197
            ],
            [
              264230.39770000055,
              431456.50230000168
            ],
            [
              264237.86029999983,
              431458.25330000371
            ],
            [
              264244.18890000042,
              431459.59860000201
            ],
            [
              264248.56840000022,
              431460.52960000373
            ],
            [
              264250.57950000279,
              431467.18200000003
            ],
            [
              264248.47250000201,
              431475.25570000336
            ],
            [
              264249.43230000045,
              431479.73169999942
            ],
            [
              264249.54299999867,
              431479.84390000626
            ],
            [
              264252.50970000122,
              431482.85010000132
            ],
            [
              264259.45820000023,
              431484.17580000125
            ]
          ]
        ]
      }
    },
    {
      "attributes" : {
        "FID" : 12,
        "PMNTN_SN" : 9481,
        "MNTN_CODE" : "437202401",
        "MNTN_NM" : "남산",
        "PMNTN_NM" : "죽전리구간",
        "PMNTN_MAIN" : " ",
        "PMNTN_LT" : 0.09,
        "PMNTN_DFFL" : "쉬움",
        "PMNTN_UPPL" : 2,
        "PMNTN_GODN" : 1,
        "PMNTN_MTRQ" : " ",
        "PMNTN_CNRL" : " ",
        "PMNTN_CLS_" : " ",
        "PMNTN_RISK" : " ",
        "PMNTN_RECO" : " ",
        "DATA_STDR_" : "2016-12-31",
        "MNTN_ID" : "437202401"
      },
      "geometry" : {
        "paths" : [
          [
            [
              264209.09530000109,
              431483.04270000197
            ],
            [
              264211.70600000024,
              431490.91990000196
            ],
            [
              264217.09960000217,
              431498.3701000046
            ],
            [
              264222.01760000363,
              431505.16320000216
            ],
            [
              264226.44790000003,
              431513.43660000153
            ],
            [
              264232.50300000235,
              431520.66860000417
            ],
            [
              264239.6771000037,
              431527.25980000198
            ],
            [
              264244.42630000133,
              431530.79099999927
            ],
            [
              264251.81130000018,
              431536.91150000133
            ],
            [
              264255.63750000391,
              431540.57650000416
            ],
            [
              264260.95440000016,
              431547.72690000385
            ],
            [
              264264.41280000098,
              431554.08200000226
            ]
          ]
        ]
      }
    },
    {
      "attributes" : {
        "FID" : 13,
        "PMNTN_SN" : 9482,
        "MNTN_CODE" : "437202401",
        "MNTN_NM" : "남산",
        "PMNTN_NM" : "죽전리구간",
        "PMNTN_MAIN" : " ",
        "PMNTN_LT" : 0.04,
        "PMNTN_DFFL" : "쉬움",
        "PMNTN_UPPL" : 1,
        "PMNTN_GODN" : 0,
        "PMNTN_MTRQ" : " ",
        "PMNTN_CNRL" : " ",
        "PMNTN_CLS_" : " ",
        "PMNTN_RISK" : " ",
        "PMNTN_RECO" : " ",
        "DATA_STDR_" : "2016-12-31",
        "MNTN_ID" : "437202401"
      },
      "geometry" : {
        "paths" : [
          [
            [
              264323.82919999957,
              431244.95840000175
            ],
            [
              264316.71679999959,
              431240.56050000153
            ],
            [
              264311.56050000153,
              431236.73140000179
            ],
            [
              264304.34920000099,
              431237.67070000432
            ],
            [
              264295.58740000054,
              431236.62470000237
            ],
            [
              264286.89960000105,
              431235.04360000044
            ]
          ]
        ]
      }
    },
    {
      "attributes" : {
        "FID" : 14,
        "PMNTN_SN" : 9483,
        "MNTN_CODE" : "437202401",
        "MNTN_NM" : "남산",
        "PMNTN_NM" : "죽전리구간",
        "PMNTN_MAIN" : " ",
        "PMNTN_LT" : 0.24,
        "PMNTN_DFFL" : "쉬움",
        "PMNTN_UPPL" : 4,
        "PMNTN_GODN" : 3,
        "PMNTN_MTRQ" : " ",
        "PMNTN_CNRL" : " ",
        "PMNTN_CLS_" : " ",
        "PMNTN_RISK" : " ",
        "PMNTN_RECO" : " ",
        "DATA_STDR_" : "2016-12-31",
        "MNTN_ID" : "437202401"
      },
      "geometry" : {
        "paths" : [
          [
            [
              264251.13890000153,
              431295.16590000317
            ],
            [
              264241.90660000313,
              431291.13020000048
            ],
            [
              264236.52649999969,
              431288.47999999858
            ],
            [
              264233.57410000358,
              431282.15630000085
            ],
            [
              264230.21330000088,
              431276.6854000017
            ],
            [
              264225.07780000195,
              431274.25549999997
            ],
            [
              264218.49780000187,
              431271.40750000253
            ],
            [
              264211.15029999986,
              431268.26099999994
            ],
            [
              264208.44600000046,
              431265.62760000117
            ],
            [
              264206.56080000103,
              431261.7415000014
            ],
            [
              264204.13380000088,
              431254.00010000169
            ],
            [
              264202.09370000195,
              431245.31020000204
            ],
            [
              264197.17830000166,
              431237.93449999765
            ],
            [
              264191.58480000123,
              431230.47489999793
            ],
            [
              264185.99569999985,
              431223.59570000321
            ],
            [
              264181.89850000292,
              431216.84910000116
            ],
            [
              264175.54369999934,
              431210.24880000018
            ],
            [
              264169.33070000168,
              431206.61030000262
            ],
            [
              264164.86840000283,
              431202.76030000113
            ],
            [
              264155.98160000052,
              431196.54710000195
            ],
            [
              264152.13999999966,
              431190.29310000129
            ],
            [
              264141.72440000158,
              431187.44120000117
            ],
            [
              264132.55739999935,
              431183.42590000294
            ],
            [
              264125.04350000154,
              431181.0858000014
            ],
            [
              264117.74770000018,
              431176.34180000238
            ],
            [
              264113.98250000086,
              431167.8954000026
            ],
            [
              264107.59590000194,
              431163.86880000122
            ],
            [
              264102.54090000037,
              431157.91039999947
            ],
            [
              264101.02740000188,
              431155.53180000558
            ],
            [
              264097.84680000041,
              431156.44890000112
            ],
            [
              264095.51290000137,
              431160.569000002
            ],
            [
              264090.83610000275,
              431164.10930000059
            ],
            [
              264085.23730000202,
              431161.15240000002
            ],
            [
              264080.83370000217,
              431158.76899999939
            ]
          ]
        ]
      }
    },
    {
      "attributes" : {
        "FID" : 15,
        "PMNTN_SN" : 9484,
        "MNTN_CODE" : "437202401",
        "MNTN_NM" : "남산",
        "PMNTN_NM" : "죽전리구간",
        "PMNTN_MAIN" : " ",
        "PMNTN_LT" : 0.23,
        "PMNTN_DFFL" : "쉬움",
        "PMNTN_UPPL" : 4,
        "PMNTN_GODN" : 3,
        "PMNTN_MTRQ" : " ",
        "PMNTN_CNRL" : " ",
        "PMNTN_CLS_" : " ",
        "PMNTN_RISK" : " ",
        "PMNTN_RECO" : " ",
        "DATA_STDR_" : "2016-12-31",
        "MNTN_ID" : "437202401"
      },
      "geometry" : {
        "paths" : [
          [
            [
              264251.13890000153,
              431295.16590000317
            ],
            [
              264247.24490000121,
              431302.12140000239
            ],
            [
              264241.96420000028,
              431307.4504000023
            ],
            [
              264236.39550000057,
              431313.26390000246
            ],
            [
              264228.64300000016,
              431320.23720000125
            ],
            [
              264217.78800000157,
              431328.4355999995
            ],
            [
              264210.39059999958,
              431332.39400000125
            ],
            [
              264204.22539999988,
              431337.24269999936
            ],
            [
              264199.54230000079,
              431343.67170000076
            ],
            [
              264195.79430000018,
              431350.73919999972
            ],
            [
              264197.52410000004,
              431355.52580000274
            ],
            [
              264202.43400000036,
              431359.65640000626
            ],
            [
              264208.36120000388,
              431366.76620000042
            ],
            [
              264212.72080000024,
              431372.35550000146
            ],
            [
              264215.24800000153,
              431380.95360000245
            ],
            [
              264218.01219999883,
              431389.77550000139
            ],
            [
              264217.32360000163,
              431397.98570000008
            ],
            [
              264217.13750000298,
              431411.27640000358
            ],
            [
              264211.649000003,
              431417.30100000091
            ],
            [
              264206.96860000119,
              431425.8518000003
            ],
            [
              264206.02030000184,
              431435.12150000222
            ],
            [
              264203.34330000076,
              431442.15819999948
            ],
            [
              264200.56600000057,
              431448.6892999988
            ],
            [
              264198.22270000074,
              431457.87439999916
            ],
            [
              264195.39440000057,
              431465.25720000267
            ],
            [
              264193.72020000126,
              431468.1969000008
            ],
            [
              264193.33530000411,
              431471.87710000388
            ],
            [
              264196.72000000346,
              431474.74910000153
            ],
            [
              264201.84400000051,
              431477.04910000041
            ],
            [
              264209.09530000109,
              431483.04270000197
            ]
          ]
        ]
      }
    },
    {
      "attributes" : {
        "FID" : 16,
        "PMNTN_SN" : 9485,
        "MNTN_CODE" : "437202401",
        "MNTN_NM" : "남산",
        "PMNTN_NM" : "죽전리구간",
        "PMNTN_MAIN" : " ",
        "PMNTN_LT" : 0.08,
        "PMNTN_DFFL" : "쉬움",
        "PMNTN_UPPL" : 1,
        "PMNTN_GODN" : 1,
        "PMNTN_MTRQ" : " ",
        "PMNTN_CNRL" : " ",
        "PMNTN_CLS_" : " ",
        "PMNTN_RISK" : " ",
        "PMNTN_RECO" : " ",
        "DATA_STDR_" : "2016-12-31",
        "MNTN_ID" : "437202401"
      },
      "geometry" : {
        "paths" : [
          [
            [
              264286.89960000105,
              431235.04360000044
            ],
            [
              264281.87990000006,
              431237.35190000385
            ],
            [
              264275.57330000401,
              431240.50029999949
            ],
            [
              264269.43990000244,
              431241.7042999994
            ],
            [
              264265.57190000266,
              431242.82729999907
            ],
            [
              264262.62490000203,
              431245.15240000002
            ],
            [
              264262.96930000372,
              431250.82710000314
            ],
            [
              264264.51410000212,
              431258.52280000038
            ],
            [
              264261.4627000019,
              431265.73230000213
            ],
            [
              264258.68699999992,
              431272.79160000198
            ],
            [
              264256.05170000251,
              431279.37570000067
            ],
            [
              264251.9101000037,
              431287.36380000226
            ],
            [
              264251.13890000153,
              431295.16590000317
            ]
          ]
        ]
      }
    },
    {
      "attributes" : {
        "FID" : 17,
        "PMNTN_SN" : 9486,
        "MNTN_CODE" : "437202401",
        "MNTN_NM" : "남산",
        "PMNTN_NM" : "죽전리구간",
        "PMNTN_MAIN" : " ",
        "PMNTN_LT" : 0.27,
        "PMNTN_DFFL" : "쉬움",
        "PMNTN_UPPL" : 5,
        "PMNTN_GODN" : 3,
        "PMNTN_MTRQ" : " ",
        "PMNTN_CNRL" : " ",
        "PMNTN_CLS_" : " ",
        "PMNTN_RISK" : " ",
        "PMNTN_RECO" : " ",
        "DATA_STDR_" : "2016-12-31",
        "MNTN_ID" : "437202401"
      },
      "geometry" : {
        "paths" : [
          [
            [
              264080.83370000217,
              431158.76899999939
            ],
            [
              264077.02850000188,
              431151.51810000278
            ],
            [
              264074.13460000232,
              431145.83410000056
            ],
            [
              264071.17250000034,
              431138.52800000086
            ],
            [
              264065.83810000028,
              431134.35249999911
            ],
            [
              264061.77370000072,
              431127.6238000039
            ],
            [
              264058.31070000026,
              431123.17630000226
            ],
            [
              264056.5671000015,
              431118.58450000174
            ],
            [
              264054.87409999873,
              431114.12609999813
            ],
            [
              264053.60690000094,
              431107.12390000187
            ],
            [
              264051.64580000192,
              431101.79110000283
            ],
            [
              264053.14860000275,
              431093.45800000057
            ],
            [
              264056.23620000202,
              431085.61580000259
            ],
            [
              264054.03210000042,
              431079.47470000386
            ],
            [
              264052.45590000227,
              431074.42510000244
            ],
            [
              264050.47570000403,
              431062.51050000265
            ],
            [
              264048.44739999995,
              431050.65789999999
            ],
            [
              264046.90490000043,
              431039.21300000139
            ],
            [
              264045.6883000005,
              431029.36360000074
            ],
            [
              264045.75260000117,
              431024.01600000262
            ],
            [
              264045.05410000123,
              431017.9581000004
            ],
            [
              264043.49380000029,
              431007.03519999981
            ],
            [
              264044.29889999982,
              430996.87540000118
            ],
            [
              264043.64330000337,
              430987.29330000095
            ],
            [
              264044.27000000235,
              430970.77850000001
            ],
            [
              264043.2114000041,
              430958.29720000178
            ],
            [
              264043.04829999898,
              430947.54890000075
            ],
            [
              264043.40030000079,
              430934.93330000341
            ],
            [
              264043.85850000009,
              430922.68860000186
            ],
            [
              264046.29330000002,
              430915.41100000031
            ],
            [
              264050.39030000102,
              430909.8161999993
            ],
            [
              264052.93300000019,
              430903.82220000215
            ],
            [
              264053.03780000098,
              430903.72600000352
            ]
          ]
        ]
      }
    },
    {
      "attributes" : {
        "FID" : 18,
        "PMNTN_SN" : 9487,
        "MNTN_CODE" : "437202401",
        "MNTN_NM" : "남산",
        "PMNTN_NM" : "죽전리구간",
        "PMNTN_MAIN" : " ",
        "PMNTN_LT" : 0.54,
        "PMNTN_DFFL" : "쉬움",
        "PMNTN_UPPL" : 10,
        "PMNTN_GODN" : 7,
        "PMNTN_MTRQ" : " ",
        "PMNTN_CNRL" : " ",
        "PMNTN_CLS_" : " ",
        "PMNTN_RISK" : " ",
        "PMNTN_RECO" : " ",
        "DATA_STDR_" : "2016-12-31",
        "MNTN_ID" : "437202401"
      },
      "geometry" : {
        "paths" : [
          [
            [
              264053.03780000098,
              430903.72600000352
            ],
            [
              264058.5139000006,
              430898.70050000027
            ],
            [
              264064.04940000176,
              430891.14470000006
            ],
            [
              264064.13400000054,
              430891.06800000183
            ],
            [
              264071.30740000121,
              430888.26779999956
            ],
            [
              264078.46989999991,
              430888.03879999928
            ],
            [
              264086.32500000112,
              430885.31570000015
            ],
            [
              264092.8694000002,
              430884.13190000132
            ],
            [
              264100.63760000095,
              430881.21540000103
            ],
            [
              264106.98180000018,
              430882.66380000114
            ],
            [
              264111.49930000026,
              430886.90380000137
            ],
            [
              264115.50500000268,
              430892.39110000245
            ],
            [
              264118.82239999995,
              430898.33500000089
            ],
            [
              264123.29550000001,
              430904.89550000429
            ],
            [
              264128.86309999973,
              430911.49370000325
            ],
            [
              264134.99890000187,
              430915.34380000457
            ],
            [
              264142.87370000128,
              430917.70439999923
            ],
            [
              264149.41730000079,
              430921.72079999931
            ],
            [
              264155.14400000032,
              430929.27030000277
            ],
            [
              264161.59410000127,
              430933.08430000208
            ],
            [
              264165.50450000167,
              430938.40090000071
            ],
            [
              264177.01930000074,
              430940.9867000021
            ],
            [
              264186.84060000163,
              430939.68380000256
            ],
            [
              264194.73170000035,
              430942.16480000131
            ],
            [
              264205.68900000025,
              430941.13220000453
            ],
            [
              264215.14700000174,
              430940.47350000404
            ],
            [
              264218.13300000131,
              430934.98909999989
            ],
            [
              264222.88280000072,
              430933.85579999909
            ],
            [
              264226.03890000097,
              430936.77119999938
            ],
            [
              264226.69230000116,
              430941.73550000042
            ],
            [
              264235.94649999961,
              430951.98450000398
            ],
            [
              264240.58619999979,
              430958.35029999912
            ],
            [
              264245.66560000181,
              430962.90890000202
            ],
            [
              264253.19460000098,
              430969.66620000079
            ],
            [
              264260.92760000005,
              430976.60640000179
            ],
            [
              264269.92470000125,
              430984.00520000421
            ],
            [
              264278.43120000046,
              430986.62710000202
            ],
            [
              264280.51370000187,
              430992.82390000112
            ],
            [
              264278.59720000066,
              431003.55230000056
            ],
            [
              264280.23760000151,
              431018.76140000112
            ],
            [
              264280.57780000102,
              431028.03390000015
            ],
            [
              264280.87789999973,
              431036.2135000024
            ],
            [
              264283.81020000204,
              431038.86310000159
            ],
            [
              264285.32319999952,
              431048.4496000018
            ],
            [
              264287.04720000271,
              431056.26910000108
            ],
            [
              264287.79090000223,
              431060.26840000041
            ],
            [
              264288.21800000221,
              431069.83470000327
            ],
            [
              264286.3589000022,
              431080.25120000355
            ],
            [
              264286.83150000125,
              431087.92500000261
            ],
            [
              264286.18110000063,
              431097.41579999961
            ],
            [
              264287.9525000006,
              431108.47039999999
            ],
            [
              264285.89090000093,
              431114.09019999951
            ],
            [
              264282.93600000162,
              431122.1724000033
            ],
            [
              264283.44340000208,
              431131.02920000628
            ],
            [
              264282.04740000051,
              431138.78969999962
            ],
            [
              264280.96990000084,
              431146.34750000015
            ],
            [
              264279.58330000099,
              431155.37010000274
            ],
            [
              264278.53050000034,
              431163.38549999893
            ],
            [
              264281.67840000335,
              431172.67000000179
            ],
            [
              264284.73940000311,
              431182.17219999991
            ],
            [
              264288.43370000087,
              431190.93260000087
            ],
            [
              264287.79889999982,
              431198.74390000291
            ],
            [
              264288.50299999956,
              431206.86439999938
            ],
            [
              264291.486800001,
              431215.00339999981
            ],
            [
              264288.54739999957,
              431223.69620000012
            ],
            [
              264286.4160000002,
              431229.96900000237
            ],
            [
              264286.55496940576,
              431234.5433113575
            ],
            [
              264286.89960000105,
              431235.04360000044
            ]
          ]
        ]
      }
    }
  ]
}