{
  "displayFieldName" : "",
  "fieldAliases" : {
    "FID" : "FID",
    "PMNTN_SPOT" : "PMNTN_SPOT",
    "MNTN_CODE" : "MNTN_CODE",
    "MANAGE_SP1" : "MANAGE_SP1",
    "MANAGE_SP2" : "MANAGE_SP2",
    "DETAIL_SPO" : "DETAIL_SPO",
    "ETC_MATTER" : "ETC_MATTER",
    "MNTN_NM" : "MNTN_NM",
    "PAST_SPOT_" : "PAST_SPOT_",
    "MNTN_ID" : "MNTN_ID"
  },
  "geometryType" : "esriGeometryPoint",
  "spatialReference" : {
    "wkt" : "PROJCS[\"PCS_ITRF2000_TM\",GEOGCS[\"GCS_ITRF_2000\",DATUM[\"D_ITRF_2000\",SPHEROID[\"GRS_1980\",6378137.0,298.257222101]],PRIMEM[\"Greenwich\",0.0],UNIT[\"Degree\",0.0174532925199433]],PROJECTION[\"Transverse_Mercator\"],PARAMETER[\"False_Easting\",200000.0],PARAMETER[\"False_Northing\",600000.0],PARAMETER[\"Central_Meridian\",127.0],PARAMETER[\"Scale_Factor\",1.0],PARAMETER[\"Latitude_Of_Origin\",38.0],UNIT[\"Meter\",1.0]]"
  },
  "fields" : [
    {
      "name" : "FID",
      "type" : "esriFieldTypeOID",
      "alias" : "FID"
    },
    {
      "name" : "PMNTN_SPOT",
      "type" : "esriFieldTypeDouble",
      "alias" : "PMNTN_SPOT"
    },
    {
      "name" : "MNTN_CODE",
      "type" : "esriFieldTypeString",
      "alias" : "MNTN_CODE",
      "length" : 9
    },
    {
      "name" : "MANAGE_SP1",
      "type" : "esriFieldTypeString",
      "alias" : "MANAGE_SP1",
      "length" : 2
    },
    {
      "name" : "MANAGE_SP2",
      "type" : "esriFieldTypeString",
      "alias" : "MANAGE_SP2",
      "length" : 50
    },
    {
      "name" : "DETAIL_SPO",
      "type" : "esriFieldTypeString",
      "alias" : "DETAIL_SPO",
      "length" : 200
    },
    {
      "name" : "ETC_MATTER",
      "type" : "esriFieldTypeString",
      "alias" : "ETC_MATTER",
      "length" : 200
    },
    {
      "name" : "MNTN_NM",
      "type" : "esriFieldTypeString",
      "alias" : "MNTN_NM",
      "length" : 50
    },
    {
      "name" : "PAST_SPOT_",
      "type" : "esriFieldTypeString",
      "alias" : "PAST_SPOT_",
      "length" : 14
    },
    {
      "name" : "MNTN_ID",
      "type" : "esriFieldTypeString",
      "alias" : "MNTN_ID",
      "length" : 10
    }
  ],
  "features" : [
    {
      "attributes" : {
        "FID" : 0,
        "PMNTN_SPOT" : 63153,
        "MNTN_CODE" : "418302901",
        "MANAGE_SP1" : "02",
        "MANAGE_SP2" : "분기점",
        "DETAIL_SPO" : "분기점",
        "ETC_MATTER" : " ",
        "MNTN_NM" : "어비산",
        "PAST_SPOT_" : "4182028010001",
        "MNTN_ID" : "418202801"
      },
      "geometry" : {
        "x" : 245101.74840000086,
        "y" : 554629.8125
      }
    },
    {
      "attributes" : {
        "FID" : 1,
        "PMNTN_SPOT" : 63154,
        "MNTN_CODE" : "418302901",
        "MANAGE_SP1" : "01",
        "MANAGE_SP2" : "시종점",
        "DETAIL_SPO" : "시종점",
        "ETC_MATTER" : " ",
        "MNTN_NM" : "어비산",
        "PAST_SPOT_" : "4182028010002",
        "MNTN_ID" : "418202801"
      },
      "geometry" : {
        "x" : 245106.35480000079,
        "y" : 554720.59980000183
      }
    },
    {
      "attributes" : {
        "FID" : 2,
        "PMNTN_SPOT" : 63155,
        "MNTN_CODE" : "418302901",
        "MANAGE_SP1" : "23",
        "MANAGE_SP2" : "정상",
        "DETAIL_SPO" : "정상부",
        "ETC_MATTER" : " ",
        "MNTN_NM" : "어비산",
        "PAST_SPOT_" : "4182028010003",
        "MNTN_ID" : "418202801"
      },
      "geometry" : {
        "x" : 244742.48039999977,
        "y" : 552980.60499999858
      }
    },
    {
      "attributes" : {
        "FID" : 3,
        "PMNTN_SPOT" : 63156,
        "MNTN_CODE" : "418302901",
        "MANAGE_SP1" : "10",
        "MANAGE_SP2" : "이정표",
        "DETAIL_SPO" : "이정표",
        "ETC_MATTER" : " ",
        "MNTN_NM" : "어비산",
        "PAST_SPOT_" : "4182028010004",
        "MNTN_ID" : "418202801"
      },
      "geometry" : {
        "x" : 244720.07860000338,
        "y" : 553353.52050000243
      }
    },
    {
      "attributes" : {
        "FID" : 4,
        "PMNTN_SPOT" : 63157,
        "MNTN_CODE" : "418302901",
        "MANAGE_SP1" : "10",
        "MANAGE_SP2" : "이정표",
        "DETAIL_SPO" : "이정표",
        "ETC_MATTER" : " ",
        "MNTN_NM" : "어비산",
        "PAST_SPOT_" : "4182028010005",
        "MNTN_ID" : "418202801"
      },
      "geometry" : {
        "x" : 244608.87700000126,
        "y" : 553657.47710000351
      }
    },
    {
      "attributes" : {
        "FID" : 5,
        "PMNTN_SPOT" : 63158,
        "MNTN_CODE" : "418302901",
        "MANAGE_SP1" : "99",
        "MANAGE_SP2" : "기타",
        "DETAIL_SPO" : "기타",
        "ETC_MATTER" : " ",
        "MNTN_NM" : "어비산",
        "PAST_SPOT_" : "4182028010006",
        "MNTN_ID" : "418202801"
      },
      "geometry" : {
        "x" : 245573.72039999999,
        "y" : 553921.91929999925
      }
    },
    {
      "attributes" : {
        "FID" : 6,
        "PMNTN_SPOT" : 63159,
        "MNTN_CODE" : "418302901",
        "MANAGE_SP1" : "10",
        "MANAGE_SP2" : "이정표",
        "DETAIL_SPO" : "이정표",
        "ETC_MATTER" : " ",
        "MNTN_NM" : "어비산",
        "PAST_SPOT_" : "4182028010007",
        "MNTN_ID" : "418202801"
      },
      "geometry" : {
        "x" : 245315.99470000062,
        "y" : 554003.85620000213
      }
    },
    {
      "attributes" : {
        "FID" : 7,
        "PMNTN_SPOT" : 63160,
        "MNTN_CODE" : "418302901",
        "MANAGE_SP1" : "11",
        "MANAGE_SP2" : "안내판또는지도",
        "DETAIL_SPO" : "안내판",
        "ETC_MATTER" : " ",
        "MNTN_NM" : "어비산",
        "PAST_SPOT_" : "4182028010008",
        "MNTN_ID" : "418202801"
      },
      "geometry" : {
        "x" : 245115.72960000206,
        "y" : 554659.4477000013
      }
    },
    {
      "attributes" : {
        "FID" : 8,
        "PMNTN_SPOT" : 63161,
        "MNTN_CODE" : "418302901",
        "MANAGE_SP1" : "10",
        "MANAGE_SP2" : "이정표",
        "DETAIL_SPO" : "이정표",
        "ETC_MATTER" : " ",
        "MNTN_NM" : "어비산",
        "PAST_SPOT_" : "4182028010009",
        "MNTN_ID" : "418202801"
      },
      "geometry" : {
        "x" : 245105.56519999914,
        "y" : 554672.21230000071
      }
    }
  ]
}