{
  "displayFieldName" : "",
  "fieldAliases" : {
    "FID" : "FID",
    "PMNTN_SN" : "PMNTN_SN",
    "MNTN_CODE" : "MNTN_CODE",
    "MNTN_NM" : "MNTN_NM",
    "PMNTN_NM" : "PMNTN_NM",
    "PMNTN_MAIN" : "PMNTN_MAIN",
    "PMNTN_LT" : "PMNTN_LT",
    "PMNTN_DFFL" : "PMNTN_DFFL",
    "PMNTN_UPPL" : "PMNTN_UPPL",
    "PMNTN_GODN" : "PMNTN_GODN",
    "PMNTN_MTRQ" : "PMNTN_MTRQ",
    "PMNTN_CNRL" : "PMNTN_CNRL",
    "PMNTN_CLS_" : "PMNTN_CLS_",
    "PMNTN_RISK" : "PMNTN_RISK",
    "PMNTN_RECO" : "PMNTN_RECO",
    "DATA_STDR_" : "DATA_STDR_",
    "MNTN_ID" : "MNTN_ID"
  },
  "geometryType" : "esriGeometryPolyline",
  "spatialReference" : {
    "wkt" : "PROJCS[\"PCS_ITRF2000_TM\",GEOGCS[\"GCS_ITRF_2000\",DATUM[\"D_ITRF_2000\",SPHEROID[\"GRS_1980\",6378137.0,298.257222101]],PRIMEM[\"Greenwich\",0.0],UNIT[\"Degree\",0.0174532925199433]],PROJECTION[\"Transverse_Mercator\"],PARAMETER[\"False_Easting\",200000.0],PARAMETER[\"False_Northing\",600000.0],PARAMETER[\"Central_Meridian\",127.0],PARAMETER[\"Scale_Factor\",1.0],PARAMETER[\"Latitude_Of_Origin\",38.0],UNIT[\"Meter\",1.0]]"
  },
  "fields" : [
    {
      "name" : "FID",
      "type" : "esriFieldTypeOID",
      "alias" : "FID"
    },
    {
      "name" : "PMNTN_SN",
      "type" : "esriFieldTypeDouble",
      "alias" : "PMNTN_SN"
    },
    {
      "name" : "MNTN_CODE",
      "type" : "esriFieldTypeString",
      "alias" : "MNTN_CODE",
      "length" : 9
    },
    {
      "name" : "MNTN_NM",
      "type" : "esriFieldTypeString",
      "alias" : "MNTN_NM",
      "length" : 50
    },
    {
      "name" : "PMNTN_NM",
      "type" : "esriFieldTypeString",
      "alias" : "PMNTN_NM",
      "length" : 50
    },
    {
      "name" : "PMNTN_MAIN",
      "type" : "esriFieldTypeString",
      "alias" : "PMNTN_MAIN",
      "length" : 200
    },
    {
      "name" : "PMNTN_LT",
      "type" : "esriFieldTypeSingle",
      "alias" : "PMNTN_LT"
    },
    {
      "name" : "PMNTN_DFFL",
      "type" : "esriFieldTypeString",
      "alias" : "PMNTN_DFFL",
      "length" : 8
    },
    {
      "name" : "PMNTN_UPPL",
      "type" : "esriFieldTypeDouble",
      "alias" : "PMNTN_UPPL"
    },
    {
      "name" : "PMNTN_GODN",
      "type" : "esriFieldTypeDouble",
      "alias" : "PMNTN_GODN"
    },
    {
      "name" : "PMNTN_MTRQ",
      "type" : "esriFieldTypeString",
      "alias" : "PMNTN_MTRQ",
      "length" : 200
    },
    {
      "name" : "PMNTN_CNRL",
      "type" : "esriFieldTypeString",
      "alias" : "PMNTN_CNRL",
      "length" : 1
    },
    {
      "name" : "PMNTN_CLS_",
      "type" : "esriFieldTypeString",
      "alias" : "PMNTN_CLS_",
      "length" : 1
    },
    {
      "name" : "PMNTN_RISK",
      "type" : "esriFieldTypeString",
      "alias" : "PMNTN_RISK",
      "length" : 200
    },
    {
      "name" : "PMNTN_RECO",
      "type" : "esriFieldTypeString",
      "alias" : "PMNTN_RECO",
      "length" : 1
    },
    {
      "name" : "DATA_STDR_",
      "type" : "esriFieldTypeString",
      "alias" : "DATA_STDR_",
      "length" : 10
    },
    {
      "name" : "MNTN_ID",
      "type" : "esriFieldTypeString",
      "alias" : "MNTN_ID",
      "length" : 10
    }
  ],
  "features" : [
    {
      "attributes" : {
        "FID" : 0,
        "PMNTN_SN" : 29276,
        "MNTN_CODE" : "437450401",
        "MNTN_NM" : "삼발랭산",
        "PMNTN_NM" : "금대리구간",
        "PMNTN_MAIN" : " ",
        "PMNTN_LT" : 2.06,
        "PMNTN_DFFL" : "쉬움",
        "PMNTN_UPPL" : 36,
        "PMNTN_GODN" : 25,
        "PMNTN_MTRQ" : " ",
        "PMNTN_CNRL" : " ",
        "PMNTN_CLS_" : " ",
        "PMNTN_RISK" : " ",
        "PMNTN_RECO" : " ",
        "DATA_STDR_" : "2016-12-31",
        "MNTN_ID" : "437450401"
      },
      "geometry" : {
        "paths" : [
          [
            [
              250687.0092000002,
              464072.63490000181
            ],
            [
              250687.3636000026,
              464050.24130000174
            ],
            [
              250688.88170000166,
              464031.0644000005
            ],
            [
              250689.65820000041,
              464020.53280000202
            ],
            [
              250691.2677000016,
              464008.59560000151
            ],
            [
              250693.42240000237,
              463996.00600000285
            ],
            [
              250696.76219999976,
              463983.52680000104
            ],
            [
              250701.45700000226,
              463971.36590000056
            ],
            [
              250707.00170000177,
              463959.52180000208
            ],
            [
              250714.14830000233,
              463948.21160000376
            ],
            [
              250720.76190000121,
              463938.04949999973
            ],
            [
              250728.58680000063,
              463927.34690000117
            ],
            [
              250737.57900000084,
              463916.38120000064
            ],
            [
              250745.35780000035,
              463906.14880000241
            ],
            [
              250753.29590000026,
              463894.81800000183
            ],
            [
              250758.90269999951,
              463884.14580000378
            ],
            [
              250765.61850000359,
              463872.91010000184
            ],
            [
              250779.25079999957,
              463850.8321000021
            ],
            [
              250785.25519999955,
              463840.58139999956
            ],
            [
              250789.61990000028,
              463831.35489999875
            ],
            [
              250792.44540000148,
              463824.25449999981
            ],
            [
              250794.55900000036,
              463819.38900000229
            ],
            [
              250794.78200000152,
              463817.33430000208
            ],
            [
              250795.36510000192,
              463815.49600000121
            ],
            [
              250798.55070000049,
              463813.63800000213
            ],
            [
              250801.32260000147,
              463813.08870000206
            ],
            [
              250804.90260000061,
              463813.25630000234
            ],
            [
              250808.40760000236,
              463813.18920000456
            ],
            [
              250810.81480000075,
              463812.97650000453
            ],
            [
              250814.65120000206,
              463812.45580000244
            ],
            [
              250822.38460000046,
              463811.42170000076
            ],
            [
              250832.59580000024,
              463811.07690000162
            ],
            [
              250844.02890000306,
              463810.74410000071
            ],
            [
              250855.80040000007,
              463810.6827000007
            ],
            [
              250867.94290000293,
              463810.23299999908
            ],
            [
              250880.39680000022,
              463807.70959999971
            ],
            [
              250892.17139999941,
              463803.87600000016
            ],
            [
              250903.8945000004,
              463798.53620000184
            ],
            [
              250915.30829999968,
              463792.92259999923
            ],
            [
              250926.45740000065,
              463786.60610000044
            ],
            [
              250937.60439999867,
              463779.918700004
            ],
            [
              250948.43420000002,
              463773.37070000172
            ],
            [
              250959.32040000055,
              463766.38130000047
            ],
            [
              250970.01240000315,
              463759.47729999945
            ],
            [
              250980.65070000011,
              463752.46740000136
            ],
            [
              250991.04320000019,
              463745.44339999929
            ],
            [
              251001.83380000014,
              463738.35570000112
            ],
            [
              251024.00500000082,
              463723.4979000017
            ],
            [
              251035.35750000086,
              463715.91660000198
            ],
            [
              251046.77010000125,
              463708.37390000001
            ],
            [
              251058.60690000188,
              463700.41569999978
            ],
            [
              251070.36649999954,
              463692.77600000054
            ],
            [
              251082.4375,
              463685.58740000241
            ],
            [
              251093.37820000295,
              463677.54630000331
            ],
            [
              251103.40270000231,
              463668.27679999918
            ],
            [
              251111.39260000363,
              463656.75260000117
            ],
            [
              251119.57529999968,
              463644.63030000031
            ],
            [
              251128.40910000075,
              463632.79230000079
            ],
            [
              251137.82359999977,
              463620.5746000018
            ],
            [
              251147.57760000043,
              463609.26280000061
            ],
            [
              251157.5597000001,
              463597.95170000196
            ],
            [
              251166.63760000188,
              463587.43999999948
            ],
            [
              251175.37679999974,
              463577.38419999927
            ],
            [
              251184.22049999982,
              463567.49860000238
            ],
            [
              251193.17400000058,
              463557.76610000245
            ],
            [
              251202.37630000152,
              463547.86030000262
            ],
            [
              251211.38780000061,
              463538.00410000049
            ],
            [
              251220.22710000072,
              463528.31320000254
            ],
            [
              251228.72209999897,
              463518.82420000434
            ],
            [
              251236.75779999979,
              463508.597000001
            ],
            [
              251244.71319999918,
              463497.86030000448
            ],
            [
              251252.09069999959,
              463486.80690000392
            ],
            [
              251259.32459999993,
              463476.01819999889
            ],
            [
              251267.55370000005,
              463466.03620000184
            ],
            [
              251276.65080000274,
              463456.76640000008
            ],
            [
              251285.31450000312,
              463446.98430000059
            ],
            [
              251294.05109999981,
              463436.87130000256
            ],
            [
              251302.91770000011,
              463426.81540000252
            ],
            [
              251311.32950000092,
              463416.33000000007
            ],
            [
              251318.19630000088,
              463405.04450000264
            ],
            [
              251324.08230000176,
              463393.64810000174
            ],
            [
              251329.43200000282,
              463382.1428999994
            ],
            [
              251336.14979999978,
              463371.10810000263
            ],
            [
              251345.21740000136,
              463361.41650000401
            ],
            [
              251355.58440000005,
              463353.0923999995
            ],
            [
              251366.88740000129,
              463345.37939999998
            ],
            [
              251378.95480000041,
              463339.39670000039
            ],
            [
              251391.14680000022,
              463334.2750000041
            ],
            [
              251401.9625000013,
              463328.55670000054
            ],
            [
              251412.47950000037,
              463321.60410000198
            ],
            [
              251423.65579999983,
              463314.7769000046
            ],
            [
              251436.85820000339,
              463310.63189999945
            ],
            [
              251451.64860000182,
              463309.29949999973
            ],
            [
              251466.73280000128,
              463309.12920000218
            ],
            [
              251481.12849999964,
              463309.47460000217
            ],
            [
              251493.14900000021,
              463308.0335000027
            ],
            [
              251503.42780000158,
              463301.88069999963
            ],
            [
              251513.98050000053,
              463294.8906000033
            ],
            [
              251526.32419999968,
              463290.48389999941
            ],
            [
              251539.74899999984,
              463290.63110000081
            ],
            [
              251552.08130000252,
              463293.61730000004
            ],
            [
              251562.28439999931,
              463296.23300000094
            ],
            [
              251570.30280000065,
              463299.66200000048
            ],
            [
              251575.5186999999,
              463306.85129999928
            ],
            [
              251578.8926000027,
              463316.64770000055
            ],
            [
              251582.59610000346,
              463327.10089999996
            ],
            [
              251586.53250000253,
              463337.12360000238
            ],
            [
              251590.30600000266,
              463346.7237000037
            ],
            [
              251593.92499999981,
              463355.18880000152
            ],
            [
              251597.4824000001,
              463363.0103999991
            ],
            [
              251601.39550000057,
              463370.51459999941
            ],
            [
              251605.24040000141,
              463376.86880000122
            ],
            [
              251609.41440000013,
              463382.20500000007
            ],
            [
              251613.25450000074,
              463386.96509999968
            ],
            [
              251618.95710000116,
              463392.63639999926
            ],
            [
              251626.73540000059,
              463397.23560000397
            ],
            [
              251636.10230000038,
              463400.60490000434
            ],
            [
              251645.71899999958,
              463403.96520000137
            ],
            [
              251654.30440000165,
              463407.68090000004
            ],
            [
              251662.11340000108,
              463408.6995000001
            ],
            [
              251668.86630000267,
              463404.67310000211
            ],
            [
              251675.44720000122,
              463397.6604999993
            ],
            [
              251681.7983000027,
              463392.72970000282
            ],
            [
              251690.9299999997,
              463391.66719999909
            ],
            [
              251698.32400000095,
              463394.30709999986
            ],
            [
              251708.80710000079,
              463396.62050000392
            ],
            [
              251717.45200000051,
              463399.6894000005
            ],
            [
              251723.13810000103,
              463401.94040000066
            ],
            [
              251730.65680000186,
              463400.06730000116
            ],
            [
              251736.89450000133,
              463394.47619999945
            ],
            [
              251742.57579999976,
              463387.66909999959
            ],
            [
              251748.31090000272,
              463379.55470000021
            ],
            [
              251755.26250000019,
              463371.72770000249
            ],
            [
              251762.79050000012,
              463365.79450000264
            ],
            [
              251769.08459999971,
              463358.66599999927
            ],
            [
              251773.0736999996,
              463348.71660000458
            ],
            [
              251776.01030000113,
              463338.22770000249
            ],
            [
              251777.17090000026,
              463326.56419999897
            ],
            [
              251776.40600000042,
              463314.16900000162
            ],
            [
              251777.58820000198,
              463302.62180000171
            ],
            [
              251782.77840000112,
              463292.09880000167
            ],
            [
              251789.97000000346,
              463282.09769999981
            ],
            [
              251797.58360000141,
              463272.02950000204
            ],
            [
              251805.73909999989,
              463264.22169999965
            ],
            [
              251816.36439999938,
              463261.00020000152
            ],
            [
              251826.47200000286,
              463259.52679999918
            ],
            [
              251838.94220000133,
              463260.16610000096
            ],
            [
              251848.96090000123,
              463262.84620000236
            ],
            [
              251858.81280000322,
              463266.30760000274
            ],
            [
              251865.38939999882,
              463270.8759000022
            ],
            [
              251874.08470000047,
              463278.42779999971
            ],
            [
              251881.83410000242,
              463285.04020000063
            ],
            [
              251890.53520000074,
              463288.95920000039
            ],
            [
              251899.25210000016,
              463290.96600000374
            ],
            [
              251905.85489999875,
              463289.44649999775
            ],
            [
              251912.10130000114,
              463282.26249999925
            ],
            [
              251916.75600000098,
              463279.86750000156
            ],
            [
              251922.24650000036,
              463278.20560000278
            ],
            [
              251926.72109999973,
              463277.62040000223
            ],
            [
              251932.59160000086,
              463277.355100004
            ],
            [
              251939.44930000324,
              463277.62380000204
            ],
            [
              251945.61510000005,
              463277.89390000142
            ],
            [
              251951.15100000333,
              463277.51310000196
            ],
            [
              251957.08550000191,
              463275.78370000049
            ],
            [
              251961.89280000143,
              463273.91479999758
            ],
            [
              251964.22819999978,
              463271.96059999987
            ],
            [
              251965.43710000347,
              463268.03840000182
            ],
            [
              251966.3329000026,
              463264.06189999916
            ],
            [
              251966.42559999973,
              463259.68649999984
            ],
            [
              251966.55900000129,
              463254.49670000188
            ],
            [
              251967.12290000357,
              463248.95819999836
            ],
            [
              251967.54550000094,
              463242.62700000033
            ],
            [
              251968.03830000013,
              463235.04010000266
            ],
            [
              251968.82460000087,
              463226.97990000062
            ],
            [
              251970.83729999885,
              463218.99259999953
            ],
            [
              251973.32569999993,
              463212.53350000083
            ],
            [
              251976.37190000247,
              463206.80619999953
            ],
            [
              251980.39460000303,
              463202.05709999986
            ],
            [
              251985.04320000112,
              463198.19319999963
            ],
            [
              251989.24400000181,
              463195.52510000207
            ],
            [
              251992.99250000063,
              463193.24690000154
            ],
            [
              251996.5298000006,
              463191.05560000241
            ],
            [
              252000.67250000127,
              463188.27840000391
            ],
            [
              252004.97559999954,
              463185.14240000024
            ],
            [
              252009.94550000317,
              463180.89379999973
            ],
            [
              252015.32490000036,
              463176.08530000411
            ],
            [
              252018.76899999939,
              463172.73990000039
            ],
            [
              252027.65120000206,
              463166.26520000212
            ],
            [
              252029.69980000053,
              463164.82870000042
            ],
            [
              252032.08100000024,
              463163.23250000179
            ],
            [
              252038.10060000233,
              463159.34640000202
            ],
            [
              252043.90570000187,
              463153.45270000026
            ],
            [
              252049.40990000125,
              463148.19980000146
            ],
            [
              252054.60749999993,
              463143.07029999979
            ],
            [
              252060.59080000035,
              463139.31030000001
            ],
            [
              252067.04610000085,
              463137.49250000156
            ],
            [
              252072.68869999982,
              463135.48110000603
            ],
            [
              252077.56190000381,
              463132.85220000148
            ],
            [
              252082.84279999975,
              463129.91369999945
            ],
            [
              252087.3030000031,
              463125.4271000009
            ],
            [
              252091.6573000038,
              463120.64280000329
            ],
            [
              252096.01170000155,
              463115.7555999998
            ],
            [
              252100.02269999962,
              463111.23170000315
            ]
          ]
        ]
      }
    },
    {
      "attributes" : {
        "FID" : 1,
        "PMNTN_SN" : 29277,
        "MNTN_CODE" : "437450401",
        "MNTN_NM" : "삼발랭산",
        "PMNTN_NM" : "초중리구간",
        "PMNTN_MAIN" : " ",
        "PMNTN_LT" : 0.94,
        "PMNTN_DFFL" : "쉬움",
        "PMNTN_UPPL" : 17,
        "PMNTN_GODN" : 12,
        "PMNTN_MTRQ" : " ",
        "PMNTN_CNRL" : " ",
        "PMNTN_CLS_" : " ",
        "PMNTN_RISK" : " ",
        "PMNTN_RECO" : " ",
        "DATA_STDR_" : "2016-12-31",
        "MNTN_ID" : "437450401"
      },
      "geometry" : {
        "paths" : [
          [
            [
              251405.83539999928,
              463836.74049999937
            ],
            [
              251416.58100000303,
              463831.22380000167
            ],
            [
              251419.76610000152,
              463824.37180000357
            ],
            [
              251422.29459999967,
              463818.69720000029
            ],
            [
              251425.69590000063,
              463812.55150000006
            ],
            [
              251427.56350000016,
              463806.45529999956
            ],
            [
              251430.20859999955,
              463798.98810000159
            ],
            [
              251432.77010000218,
              463795.94309999794
            ],
            [
              251438.3602,
              463790.62629999779
            ],
            [
              251445.76549999975,
              463786.95630000159
            ],
            [
              251452.9850000022,
              463783.43329999968
            ],
            [
              251460.16509999987,
              463780.7183999978
            ],
            [
              251467.52830000035,
              463777.4047000017
            ],
            [
              251473.76139999926,
              463773.15100000054
            ],
            [
              251477.7238999987,
              463766.55130000226
            ],
            [
              251481.5401000008,
              463759.7117999997
            ],
            [
              251485.32620000187,
              463754.34310000204
            ],
            [
              251489.67839999869,
              463750.88110000454
            ],
            [
              251492.7303000018,
              463745.04199999943
            ],
            [
              251494.79229999986,
              463740.95080000162
            ],
            [
              251498.25120000076,
              463734.86880000122
            ],
            [
              251497.50680000056,
              463728.60380000249
            ],
            [
              251497.80229999963,
              463722.24430000223
            ],
            [
              251498.24240000267,
              463716.28390000202
            ],
            [
              251501.11739999987,
              463711.99819999933
            ],
            [
              251505.11100000329,
              463705.32330000214
            ],
            [
              251509.54160000104,
              463699.6278999988
            ],
            [
              251514.08870000206,
              463693.84500000067
            ],
            [
              251519.62630000059,
              463687.50809999928
            ],
            [
              251525.77650000062,
              463683.64950000308
            ],
            [
              251532.73690000083,
              463680.10180000402
            ],
            [
              251540.45390000101,
              463677.96880000085
            ],
            [
              251548.29879999999,
              463676.15799999982
            ],
            [
              251554.84490000084,
              463672.75630000234
            ],
            [
              251559.15749999974,
              463667.52730000019
            ],
            [
              251564.22660000063,
              463664.10979999974
            ],
            [
              251567.05470000207,
              463661.06660000235
            ],
            [
              251571.61000000034,
              463659.01730000414
            ],
            [
              251576.85890000127,
              463657.91070000269
            ],
            [
              251582.93490000349,
              463657.99770000018
            ],
            [
              251589.53130000178,
              463657.64829999954
            ],
            [
              251596.09470000118,
              463658.07640000246
            ],
            [
              251602.28509999998,
              463658.44230000116
            ],
            [
              251608.36250000075,
              463659.63770000264
            ],
            [
              251616.42730000056,
              463660.46059999987
            ],
            [
              251620.03230000194,
              463662.29969999939
            ],
            [
              251624.87990000006,
              463666.22460000403
            ],
            [
              251628.64350000024,
              463668.61889999919
            ],
            [
              251633.47770000156,
              463671.51320000552
            ],
            [
              251637.77790000103,
              463673.55959999748
            ],
            [
              251642.52650000155,
              463676.03680000268
            ],
            [
              251647.85740000103,
              463677.94419999979
            ],
            [
              251651.41670000274,
              463680.50229999982
            ],
            [
              251654.43530000001,
              463683.45950000174
            ],
            [
              251656.76020000037,
              463684.56189999916
            ],
            [
              251660.21730000339,
              463684.74780000187
            ],
            [
              251664.5184000032,
              463683.90930000134
            ],
            [
              251669.20510000363,
              463680.6063000001
            ],
            [
              251674.25730000064,
              463675.76099999994
            ],
            [
              251679.38219999988,
              463672.13389999978
            ],
            [
              251684.38540000096,
              463667.44060000218
            ],
            [
              251688.09750000294,
              463664.11420000158
            ],
            [
              251693.76649999991,
              463660.15829999931
            ],
            [
              251699.98090000171,
              463657.63649999909
            ],
            [
              251706.59539999999,
              463655.98620000109
            ],
            [
              251713.34380000364,
              463654.16140000336
            ],
            [
              251720.44209999964,
              463651.31410000101
            ],
            [
              251726.12630000059,
              463647.51329999976
            ],
            [
              251728.28010000009,
              463641.85300000198
            ],
            [
              251728.77310000081,
              463637.04700000212
            ],
            [
              251731.40890000109,
              463633.73500000127
            ],
            [
              251735.55650000274,
              463632.88390000165
            ],
            [
              251741.17160000373,
              463631.28280000016
            ],
            [
              251747.45949999988,
              463632.04069999978
            ],
            [
              251753.83450000267,
              463631.84630000219
            ],
            [
              251761.08850000147,
              463630.64600000158
            ],
            [
              251768.627700001,
              463629.72600000352
            ],
            [
              251774.85749999993,
              463628.79480000213
            ],
            [
              251780.58040000033,
              463626.00329999998
            ],
            [
              251786.17740000039,
              463621.72050000355
            ],
            [
              251790.37069999985,
              463615.89700000174
            ],
            [
              251792.98550000135,
              463609.58550000191
            ],
            [
              251795.21470000036,
              463603.60440000333
            ],
            [
              251797.31689999904,
              463598.43319999985
            ],
            [
              251799.61380000319,
              463591.58809999749
            ],
            [
              251802.949599999,
              463586.69539999962
            ],
            [
              251808.06850000005,
              463583.40840000287
            ],
            [
              251814.87240000069,
              463579.26060000062
            ],
            [
              251820.29770000093,
              463573.85570000112
            ],
            [
              251825.81080000009,
              463572.36620000005
            ],
            [
              251831.85710000154,
              463570.91599999927
            ],
            [
              251844.66009999998,
              463570.40600000136
            ],
            [
              251852.24920000136,
              463569.34750000015
            ],
            [
              251860.32790000085,
              463568.68800000101
            ],
            [
              251865.8814000031,
              463568.40670000203
            ],
            [
              251873.99360000156,
              463567.81680000201
            ],
            [
              251881.25119999982,
              463568.11730000004
            ],
            [
              251888.02470000088,
              463566.47440000251
            ],
            [
              251893.73880000133,
              463563.28579999879
            ],
            [
              251899.91800000332,
              463559.82300000265
            ],
            [
              251904.76069999952,
              463557.00560000166
            ],
            [
              251910.05060000066,
              463553.88820000179
            ],
            [
              251915.03250000067,
              463551.83010000177
            ],
            [
              251920.95830000099,
              463549.2229999993
            ],
            [
              251926.33630000148,
              463545.62930000201
            ],
            [
              251930.53350000083,
              463541.47790000215
            ],
            [
              251935.34060000069,
              463537.47599999793
            ],
            [
              251941.09760000091,
              463533.25039999932
            ],
            [
              251945.96839999966,
              463528.82789999992
            ],
            [
              251952.04770000279,
              463525.58750000224
            ],
            [
              251958.57490000315,
              463523.13049999997
            ],
            [
              251963.85429999977,
              463519.6604999993
            ],
            [
              251968.92879999988,
              463516.80459999852
            ],
            [
              251973.16870000213,
              463514.79060000367
            ],
            [
              251978.59660000075,
              463513.63290000334
            ],
            [
              251985.06210000068,
              463512.23159999959
            ],
            [
              251989.5588000007,
              463507.78839999996
            ],
            [
              251992.21080000047,
              463501.41190000065
            ],
            [
              251994.83779999986,
              463494.61660000123
            ],
            [
              251995.81659999862,
              463487.23589999974
            ],
            [
              251998.82100000419,
              463484.01270000264
            ],
            [
              252002.78450000007,
              463478.94219999947
            ],
            [
              252009.34310000204,
              463476.60830000229
            ],
            [
              252015.44760000147,
              463474.99720000103
            ],
            [
              252023.33349999879,
              463475.70130000263
            ],
            [
              252028.74600000307,
              463475.43290000223
            ],
            [
              252031.71890000161,
              463475.61260000244
            ],
            [
              252037.07080000266,
              463473.35099999793
            ],
            [
              252042.60919999983,
              463470.98120000213
            ],
            [
              252049.43520000204,
              463470.50850000232
            ],
            [
              252056.33080000058,
              463469.27680000104
            ],
            [
              252061.95850000065,
              463467.78390000202
            ],
            [
              252073.19359999988,
              463469.15540000238
            ],
            [
              252079.14140000008,
              463468.0231000036
            ],
            [
              252085.8546000002,
              463468.05260000005
            ],
            [
              252092.02200000174,
              463468.10420000181
            ],
            [
              252098.32490000222,
              463467.49000000022
            ],
            [
              252104.52200000081,
              463466.00100000203
            ],
            [
              252110.46050000191,
              463463.82160000131
            ],
            [
              252116.74890000094,
              463462.64640000276
            ],
            [
              252120.35190000013,
              463460.24590000138
            ],
            [
              252130.42650000099,
              463455.91160000116
            ],
            [
              252134.6771999998,
              463449.78210000135
            ],
            [
              252138.29540000111,
              463446.47399999946
            ],
            [
              252141.46590000112,
              463441.7909000013
            ],
            [
              252144.78980000038,
              463437.59230000153
            ]
          ]
        ]
      }
    },
    {
      "attributes" : {
        "FID" : 2,
        "PMNTN_SN" : 29278,
        "MNTN_CODE" : "437450401",
        "MNTN_NM" : "삼발랭산",
        "PMNTN_NM" : "초중리구간",
        "PMNTN_MAIN" : " ",
        "PMNTN_LT" : 0.13,
        "PMNTN_DFFL" : "쉬움",
        "PMNTN_UPPL" : 2,
        "PMNTN_GODN" : 2,
        "PMNTN_MTRQ" : " ",
        "PMNTN_CNRL" : " ",
        "PMNTN_CLS_" : " ",
        "PMNTN_RISK" : " ",
        "PMNTN_RECO" : " ",
        "DATA_STDR_" : "2016-12-31",
        "MNTN_ID" : "437450401"
      },
      "geometry" : {
        "paths" : [
          [
            [
              252144.78980000038,
              463437.59230000153
            ],
            [
              252148.30370000377,
              463430.96940000169
            ],
            [
              252151.41540000122,
              463425.26900000125
            ],
            [
              252155.73750000261,
              463421.0364000015
            ],
            [
              252158.69560000114,
              463417.26530000195
            ],
            [
              252162.51950000413,
              463412.54759999923
            ],
            [
              252166.41550000198,
              463408.86250000261
            ],
            [
              252174.63940000068,
              463405.25249999948
            ],
            [
              252179.69110000227,
              463402.59950000234
            ],
            [
              252185.97559999861,
              463399.60490000248
            ],
            [
              252195.05209999997,
              463396.21790000051
            ],
            [
              252198.2658000011,
              463395.47610000335
            ],
            [
              252202.56219999958,
              463394.29440000094
            ],
            [
              252206.41809999943,
              463391.94490000047
            ],
            [
              252208.31269999966,
              463388.80320000276
            ],
            [
              252210.70320000127,
              463384.284500001
            ],
            [
              252214.86529999971,
              463379.9074000027
            ],
            [
              252220.42420000024,
              463377.37099999934
            ],
            [
              252225.44310000166,
              463374.95069999993
            ],
            [
              252230.1500000013,
              463373.91760000028
            ],
            [
              252234.99340000283,
              463372.56489999965
            ],
            [
              252245.17320000008,
              463369.18440000154
            ],
            [
              252249.45850000344,
              463367.65320000425
            ]
          ]
        ]
      }
    },
    {
      "attributes" : {
        "FID" : 3,
        "PMNTN_SN" : 29279,
        "MNTN_CODE" : "437450401",
        "MNTN_NM" : "삼발랭산",
        "PMNTN_NM" : "초중리구간",
        "PMNTN_MAIN" : " ",
        "PMNTN_LT" : 0.35,
        "PMNTN_DFFL" : "쉬움",
        "PMNTN_UPPL" : 6,
        "PMNTN_GODN" : 4,
        "PMNTN_MTRQ" : " ",
        "PMNTN_CNRL" : " ",
        "PMNTN_CLS_" : " ",
        "PMNTN_RISK" : " ",
        "PMNTN_RECO" : " ",
        "DATA_STDR_" : "2016-12-31",
        "MNTN_ID" : "437450401"
      },
      "geometry" : {
        "paths" : [
          [
            [
              252144.78980000038,
              463437.59230000153
            ],
            [
              252146.0167000005,
              463427.09730000794
            ],
            [
              252147.53120000288,
              463421.48870000243
            ],
            [
              252149.4112000009,
              463412.3451000005
            ],
            [
              252152.02180000208,
              463403.61630000174
            ],
            [
              252154.4907000009,
              463394.50000000186
            ],
            [
              252156.352400003,
              463385.9485000018
            ],
            [
              252154.7733000014,
              463378.2482000012
            ],
            [
              252155.84180000052,
              463371.4159000013
            ],
            [
              252159.6071000006,
              463359.44519999996
            ],
            [
              252162.90620000008,
              463352.5555000063
            ],
            [
              252164.14150000084,
              463345.5418999996
            ],
            [
              252162.76460000128,
              463339.2491999995
            ],
            [
              252158.51649999991,
              463334.87759999931
            ],
            [
              252157.0728000002,
              463328.27710000053
            ],
            [
              252158.11369999964,
              463323.98990000226
            ],
            [
              252159.60630000103,
              463316.99850000441
            ],
            [
              252160.98280000128,
              463311.68960000202
            ],
            [
              252160.4560000021,
              463305.9860999994
            ],
            [
              252160.1046000002,
              463296.2210000027
            ],
            [
              252159.06550000142,
              463290.18590000272
            ],
            [
              252159.25160000101,
              463284.51450000145
            ],
            [
              252158.7331000017,
              463278.96340000257
            ],
            [
              252157.42730000056,
              463272.8292000033
            ],
            [
              252155.84380000085,
              463266.97749999911
            ],
            [
              252153.03969999962,
              463261.98619999923
            ],
            [
              252151.00659999996,
              463256.18429999985
            ],
            [
              252149.09260000195,
              463250.01640000008
            ],
            [
              252148.5494000027,
              463244.44840000011
            ],
            [
              252147.27850000188,
              463239.37530000135
            ],
            [
              252143.87270000018,
              463232.09130000137
            ],
            [
              252140.84070000052,
              463227.61769999936
            ],
            [
              252138.93300000206,
              463221.46590000205
            ],
            [
              252137.85200000182,
              463215.72350000031
            ],
            [
              252134.88009999972,
              463212.78190000169
            ],
            [
              252132.88239999861,
              463207.43150000088
            ],
            [
              252132.50920000114,
              463201.55950000137
            ],
            [
              252129.7229000004,
              463194.69950000197
            ],
            [
              252129.48670000024,
              463189.37420000136
            ],
            [
              252131.04700000118,
              463183
            ],
            [
              252129.57149999868,
              463178.04529999942
            ],
            [
              252126.44240000192,
              463172.55430000462
            ],
            [
              252123.74139999971,
              463169.11989999935
            ],
            [
              252120.1062000012,
              463169.55079999939
            ],
            [
              252116.80160000082,
              463166.77700000256
            ],
            [
              252114.45430000033,
              463162.02089999989
            ],
            [
              252112.95900000352,
              463156.96030000038
            ],
            [
              252114.13660000078,
              463151.56079999916
            ],
            [
              252113.79779999983,
              463146.38210000098
            ],
            [
              252111.47250000015,
              463142.58420000039
            ],
            [
              252108.25590000022,
              463140.92470000125
            ],
            [
              252106.00609999988,
              463138.57740000263
            ],
            [
              252103.55940000061,
              463134.58860000037
            ],
            [
              252101.4469000008,
              463126.95590000041
            ],
            [
              252102.98800000176,
              463119.68390000053
            ],
            [
              252102.53310000245,
              463114.82890000194
            ],
            [
              252100.02269999962,
              463111.23170000315
            ]
          ]
        ]
      }
    },
    {
      "attributes" : {
        "FID" : 4,
        "PMNTN_SN" : 29280,
        "MNTN_CODE" : "437450401",
        "MNTN_NM" : "삼발랭산",
        "PMNTN_NM" : "초중리구간",
        "PMNTN_MAIN" : " ",
        "PMNTN_LT" : 0.54,
        "PMNTN_DFFL" : "쉬움",
        "PMNTN_UPPL" : 10,
        "PMNTN_GODN" : 7,
        "PMNTN_MTRQ" : " ",
        "PMNTN_CNRL" : " ",
        "PMNTN_CLS_" : " ",
        "PMNTN_RISK" : " ",
        "PMNTN_RECO" : " ",
        "DATA_STDR_" : "2016-12-31",
        "MNTN_ID" : "437450401"
      },
      "geometry" : {
        "paths" : [
          [
            [
              252144.78980000038,
              463437.59230000153
            ],
            [
              252143.56920000259,
              463450.52630000189
            ],
            [
              252144.00800000317,
              463467.23150000349
            ],
            [
              252145.05949999951,
              463478.54660000093
            ],
            [
              252147.35050000343,
              463487.45320000127
            ],
            [
              252149.11600000318,
              463494.93659999967
            ],
            [
              252150.22279999964,
              463501.63660000265
            ],
            [
              252149.02870000154,
              463507.86970000155
            ],
            [
              252148.11490000132,
              463509.8946999982
            ],
            [
              252147.45760000125,
              463511.36280000396
            ],
            [
              252146.65409999993,
              463514.64189999923
            ],
            [
              252147.81080000196,
              463520.68960000388
            ],
            [
              252156.41380000301,
              463529.74080000445
            ],
            [
              252163.2779000001,
              463535.42320000194
            ],
            [
              252165.95840000175,
              463539.65190000087
            ],
            [
              252167.32430000044,
              463544.24670000002
            ],
            [
              252169.2098000003,
              463553.42200000398
            ],
            [
              252171.96450000163,
              463555.30649999902
            ],
            [
              252174.7341000028,
              463558.83159999922
            ],
            [
              252176.31710000243,
              463563.82809999958
            ],
            [
              252176.27460000012,
              463571.65939999931
            ],
            [
              252176.61790000368,
              463576.97930000164
            ],
            [
              252173.48160000145,
              463583.41679999791
            ],
            [
              252160.74020000082,
              463595.29209999926
            ],
            [
              252156.71590000391,
              463600.57430000231
            ],
            [
              252150.97360000107,
              463608.44440000318
            ],
            [
              252143.11880000308,
              463613.1651000008
            ],
            [
              252141.1446000021,
              463622.87270000763
            ],
            [
              252144.78670000192,
              463629.61410000175
            ],
            [
              252147.76850000303,
              463636.73980000056
            ],
            [
              252149.55090000015,
              463645.19260000437
            ],
            [
              252149.19890000019,
              463653.9654000029
            ],
            [
              252149.15910000354,
              463661.34630000032
            ],
            [
              252149.05260000098,
              463669.91669999994
            ],
            [
              252144.94299999997,
              463676.68590000272
            ],
            [
              252142.74050000217,
              463684.78470000252
            ],
            [
              252141.24540000223,
              463691.12000000104
            ],
            [
              252141.08279999997,
              463698.43340000138
            ],
            [
              252140.90890000015,
              463705.36529999971
            ],
            [
              252140.27010000031,
              463713.53690000065
            ],
            [
              252141.24420000054,
              463719.15520000458
            ],
            [
              252144.27369999979,
              463725.79219999909
            ],
            [
              252149.36960000079,
              463730.92450000159
            ],
            [
              252155.66730000172,
              463735.49760000035
            ],
            [
              252161.24970000144,
              463743.73430000059
            ],
            [
              252164.8543000007,
              463747.94650000334
            ],
            [
              252166.75760000106,
              463750.24240000173
            ],
            [
              252169.13710000087,
              463758.20800000243
            ],
            [
              252170.22500000242,
              463763.58459999971
            ],
            [
              252169.01809999999,
              463768.41930000111
            ],
            [
              252168.41199999955,
              463775.74410000257
            ],
            [
              252165.21570000052,
              463788.34300000221
            ],
            [
              252160.90610000305,
              463796.14650000446
            ],
            [
              252160.29349999968,
              463803.07570000365
            ],
            [
              252161.61430000048,
              463811.0382000003
            ],
            [
              252163.28560000286,
              463819.44320000149
            ],
            [
              252164.14159999974,
              463825.76259999909
            ],
            [
              252165.60560000036,
              463833.44920000061
            ],
            [
              252163.12999999989,
              463841.74840000086
            ],
            [
              252160.35040000267,
              463849.52260000259
            ],
            [
              252159.32060000021,
              463856.9178000018
            ],
            [
              252158.43670000136,
              463862.93439999782
            ],
            [
              252155.80080000125,
              463868.9553999994
            ],
            [
              252152.35319999978,
              463875.61240000278
            ],
            [
              252149.43659999967,
              463883.50850000232
            ],
            [
              252145.56760000158,
              463890.39240000024
            ],
            [
              252145.38800000213,
              463898.17890000157
            ],
            [
              252144.15979999956,
              463903.96529999748
            ],
            [
              252138.83550000004,
              463908.63130000047
            ],
            [
              252133.14270000067,
              463913.73990000039
            ],
            [
              252125.31070000213,
              463914.74290000089
            ],
            [
              252121.71050000004,
              463916.25430000201
            ],
            [
              252116.0157000022,
              463915.94400000013
            ]
          ]
        ]
      }
    },
    {
      "attributes" : {
        "FID" : 5,
        "PMNTN_SN" : 29281,
        "MNTN_CODE" : "437450401",
        "MNTN_NM" : "삼발랭산",
        "PMNTN_NM" : "초중리구간",
        "PMNTN_MAIN" : " ",
        "PMNTN_LT" : 0.31,
        "PMNTN_DFFL" : "쉬움",
        "PMNTN_UPPL" : 5,
        "PMNTN_GODN" : 4,
        "PMNTN_MTRQ" : " ",
        "PMNTN_CNRL" : " ",
        "PMNTN_CLS_" : " ",
        "PMNTN_RISK" : " ",
        "PMNTN_RECO" : " ",
        "DATA_STDR_" : "2016-12-31",
        "MNTN_ID" : "437450401"
      },
      "geometry" : {
        "paths" : [
          [
            [
              252100.02269999962,
              463111.23170000315
            ],
            [
              252104.87430000119,
              463107.12900000066
            ],
            [
              252108.81689999904,
              463102.57740000263
            ],
            [
              252114.73350000195,
              463098.83090000041
            ],
            [
              252120.84810000006,
              463096.56560000218
            ],
            [
              252127.59340000059,
              463096.71950000152
            ],
            [
              252139.01090000197,
              463097.39690000005
            ],
            [
              252143.05100000184,
              463096.79900000244
            ],
            [
              252149.62530000135,
              463098.12299999967
            ],
            [
              252154.58200000133,
              463098.33420000039
            ],
            [
              252159.8581000017,
              463099.37640000135
            ],
            [
              252165.51840000134,
              463100.849700002
            ],
            [
              252170.46000000089,
              463100.2379999999
            ],
            [
              252177.21850000229,
              463098.32320000231
            ],
            [
              252182.70760000125,
              463096.47660000436
            ],
            [
              252189.00769999996,
              463095.06659999862
            ],
            [
              252194.7678000005,
              463094.08269999921
            ],
            [
              252201.00140000228,
              463092.42520000041
            ],
            [
              252205.95080000162,
              463091.74789999984
            ],
            [
              252211.74729999993,
              463090.13040000014
            ],
            [
              252216.98919999972,
              463086.65200000256
            ],
            [
              252222.10180000216,
              463078.69920000061
            ],
            [
              252227.91960000247,
              463076.1697000023
            ],
            [
              252232.99710000027,
              463073.63690000027
            ],
            [
              252238.82230000105,
              463072.44180000015
            ],
            [
              252245.60780000035,
              463074.58440000191
            ],
            [
              252251.6425999999,
              463074.95820000023
            ],
            [
              252257.92590000294,
              463076.31970000081
            ],
            [
              252264.39160000253,
              463078.29129999876
            ],
            [
              252270.18610000238,
              463078.6082000006
            ],
            [
              252274.82580000069,
              463078.79380000196
            ],
            [
              252282.17530000117,
              463081.49230000004
            ],
            [
              252286.25239999965,
              463085.59620000049
            ],
            [
              252287.24129999988,
              463091.29240000248
            ],
            [
              252286.65710000135,
              463096.44559999928
            ],
            [
              252288.23070000019,
              463102.34040000103
            ],
            [
              252290.62519999966,
              463107.4299000036
            ],
            [
              252293.36569999997,
              463112.46900000237
            ],
            [
              252294.39210000262,
              463118.08870000206
            ],
            [
              252295.39809999987,
              463121.44099999778
            ],
            [
              252296.74930000026,
              463129.42510000244
            ],
            [
              252298.22420000006,
              463141.42180000246
            ],
            [
              252302.77590000071,
              463148.67820000462
            ],
            [
              252305.80130000133,
              463153.26250000112
            ],
            [
              252310.76319999993,
              463157.00080000237
            ],
            [
              252319.01240000036,
              463159.93439999968
            ],
            [
              252324.16180000082,
              463161.60010000318
            ],
            [
              252328.41450000089,
              463160.58620000258
            ],
            [
              252330.15249999985,
              463154.9048999995
            ]
          ]
        ]
      }
    },
    {
      "attributes" : {
        "FID" : 6,
        "PMNTN_SN" : 29282,
        "MNTN_CODE" : "437450401",
        "MNTN_NM" : "삼발랭산",
        "PMNTN_NM" : "초중리구간",
        "PMNTN_MAIN" : " ",
        "PMNTN_LT" : 0.22,
        "PMNTN_DFFL" : "쉬움",
        "PMNTN_UPPL" : 4,
        "PMNTN_GODN" : 3,
        "PMNTN_MTRQ" : " ",
        "PMNTN_CNRL" : " ",
        "PMNTN_CLS_" : " ",
        "PMNTN_RISK" : " ",
        "PMNTN_RECO" : " ",
        "DATA_STDR_" : "2016-12-31",
        "MNTN_ID" : "437450401"
      },
      "geometry" : {
        "paths" : [
          [
            [
              252116.0157000022,
              463915.94400000013
            ],
            [
              252113.74320000317,
              463918.95000000298
            ],
            [
              252111.52680000104,
              463925.49160000123
            ],
            [
              252112.04619999975,
              463932.80830000155
            ],
            [
              252116.17230000068,
              463938.89940000139
            ],
            [
              252122.40700000245,
              463940.86750000156
            ],
            [
              252125.18329999875,
              463945.73170000128
            ],
            [
              252124.85309999995,
              463955.06640000269
            ],
            [
              252124.55470000114,
              463963.18869999982
            ],
            [
              252124.56699999981,
              463971.77800000459
            ],
            [
              252121.45320000034,
              463981.09350000136
            ],
            [
              252116.27830000035,
              463984.03280000016
            ],
            [
              252110.5325000016,
              463985.39940000139
            ],
            [
              252103.14290000033,
              463984.9523999989
            ],
            [
              252096.40160000045,
              463987.15399999917
            ],
            [
              252089.01420000009,
              463992.25029999949
            ],
            [
              252079.53780000005,
              463997.95900000259
            ],
            [
              252069.26420000102,
              464011.40870000049
            ],
            [
              252069.26160000078,
              464017.74120000191
            ],
            [
              252068.89269999973,
              464025.24040000141
            ],
            [
              252067.25010000076,
              464031.77080000192
            ],
            [
              252065.9692000011,
              464037.89660000056
            ],
            [
              252068.25690000132,
              464044.27570000105
            ],
            [
              252069.60840000026,
              464051.36420000345
            ],
            [
              252070.33640000224,
              464057.34219999984
            ],
            [
              252070.82400000095,
              464066.66550000198
            ],
            [
              252071.74750000052,
              464074.33520000242
            ],
            [
              252070.72120000049,
              464081.19620000385
            ],
            [
              252071.28330000024,
              464088.35869999975
            ],
            [
              252074.58620000072,
              464096.56010000221
            ]
          ]
        ]
      }
    },
    {
      "attributes" : {
        "FID" : 7,
        "PMNTN_SN" : 29283,
        "MNTN_CODE" : "437450401",
        "MNTN_NM" : "삼발랭산",
        "PMNTN_NM" : "초중리구간",
        "PMNTN_MAIN" : " ",
        "PMNTN_LT" : 0.87,
        "PMNTN_DFFL" : "쉬움",
        "PMNTN_UPPL" : 15,
        "PMNTN_GODN" : 11,
        "PMNTN_MTRQ" : " ",
        "PMNTN_CNRL" : " ",
        "PMNTN_CLS_" : " ",
        "PMNTN_RISK" : " ",
        "PMNTN_RECO" : " ",
        "DATA_STDR_" : "2016-12-31",
        "MNTN_ID" : "437450401"
      },
      "geometry" : {
        "paths" : [
          [
            [
              252116.0157000022,
              463915.94400000013
            ],
            [
              252108.56560000125,
              463914.90750000253
            ],
            [
              252100.37070000079,
              463915.6612000037
            ],
            [
              252094.09750000108,
              463916.64650000073
            ],
            [
              252087.95799999963,
              463915.01670000143
            ],
            [
              252079.83980000019,
              463916.96880000271
            ],
            [
              252072.61550000217,
              463918.17540000193
            ],
            [
              252065.01219999976,
              463916.2946000006
            ],
            [
              252059.35450000037,
              463913.03220000118
            ],
            [
              252051.75160000008,
              463912.94360000268
            ],
            [
              252043.99990000296,
              463910.87270000204
            ],
            [
              252036.11930000223,
              463909.72490000166
            ],
            [
              252029.33939999901,
              463911.31900000013
            ],
            [
              252022.87760000117,
              463911.31200000271
            ],
            [
              252015.58810000028,
              463911.17790000141
            ],
            [
              252003.90180000011,
              463909.87660000101
            ],
            [
              251997.87120000087,
              463914.70830000006
            ],
            [
              251992.82900000084,
              463919.74390000105
            ],
            [
              251986.85429999977,
              463921.40599999763
            ],
            [
              251979.31900000013,
              463922.71609999985
            ],
            [
              251972.00700000022,
              463925.65369999968
            ],
            [
              251966.25580000225,
              463930.09200000018
            ],
            [
              251960.99650000222,
              463933.32819999941
            ],
            [
              251955.14810000081,
              463935.03979999945
            ],
            [
              251949.04580000322,
              463936.66670000181
            ],
            [
              251943.1212000018,
              463938.49819999933
            ],
            [
              251937.39449999947,
              463941.39310000278
            ],
            [
              251932.06600000244,
              463945.00899999961
            ],
            [
              251925.99490000121,
              463948.78650000133
            ],
            [
              251921.13770000078,
              463952.61530000158
            ],
            [
              251916.3489000015,
              463957.7127000019
            ],
            [
              251912.18380000256,
              463963.47470000014
            ],
            [
              251909.10040000267,
              463969.76790000126
            ],
            [
              251907.31570000201,
              463977.07589999959
            ],
            [
              251906.15010000113,
              463984.44330000132
            ],
            [
              251903.47360000294,
              463991.32420000248
            ],
            [
              251898.71450000163,
              463997.13380000181
            ],
            [
              251893.01150000002,
              464002.88700000383
            ],
            [
              251887.13689999934,
              464007.71050000191
            ],
            [
              251881.57500000019,
              464013.01430000179
            ],
            [
              251875.8135000011,
              464018.88650000095
            ],
            [
              251869.97929999977,
              464024.76620000042
            ],
            [
              251865.02600000147,
              464031.76070000231
            ],
            [
              251860.79260000121,
              464038.79440000094
            ],
            [
              251856.63560000062,
              464045.85419999994
            ],
            [
              251852.07240000181,
              464052.88080000132
            ],
            [
              251848.05650000181,
              464060.44559999928
            ],
            [
              251845.09480000101,
              464067.53079999983
            ],
            [
              251842.18950000126,
              464074.76380000263
            ],
            [
              251838.60470000096,
              464082.17490000278
            ],
            [
              251834.85440000053,
              464089.56550000235
            ],
            [
              251831.13500000257,
              464096.59869999997
            ],
            [
              251827.96490000002,
              464103.57330000028
            ],
            [
              251823.49450000096,
              464110.85869999975
            ],
            [
              251817.42840000149,
              464116.66059999913
            ],
            [
              251811.1706000017,
              464121.28250000253
            ],
            [
              251804.00490000192,
              464122.84940000065
            ],
            [
              251796.79470000323,
              464123.93980000168
            ],
            [
              251789.13540000003,
              464124.27670000307
            ],
            [
              251783.61750000063,
              464130.18160000257
            ],
            [
              251779.42399999965,
              464136.98680000007
            ],
            [
              251774.57960000262,
              464143.39780000225
            ],
            [
              251769.63230000064,
              464149.48890000209
            ],
            [
              251764.10699999984,
              464154.88110000268
            ],
            [
              251758.84009999968,
              464159.7880000025
            ],
            [
              251753.68130000122,
              464165.26040000096
            ],
            [
              251748.61360000167,
              464171.01410000026
            ],
            [
              251742.77390000224,
              464176.5672999993
            ],
            [
              251737.4571000021,
              464182.2293000035
            ],
            [
              251732.19820000418,
              464187.67850000411
            ],
            [
              251726.8900000006,
              464192.85350000113
            ],
            [
              251721.59729999956,
              464198.59129999951
            ],
            [
              251716.45420000143,
              464204.5103999991
            ],
            [
              251711.69500000309,
              464210.67899999954
            ],
            [
              251705.91900000069,
              464216.02879999951
            ],
            [
              251700.33270000294,
              464221.19089999981
            ],
            [
              251693.9832000006,
              464225.51670000143
            ],
            [
              251687.26630000118,
              464230.20890000276
            ],
            [
              251680.70179999992,
              464234.75080000795
            ],
            [
              251673.89960000105,
              464240.80970000289
            ],
            [
              251667.40050000232,
              464245.79110000096
            ],
            [
              251659.87380000204,
              464249.64699999988
            ],
            [
              251652.23770000041,
              464252.41920000128
            ],
            [
              251645.696700003,
              464255.09000000358
            ],
            [
              251640.84320000093,
              464261.3554999996
            ],
            [
              251636.66540000122,
              464268.42669999972
            ],
            [
              251631.59820000269,
              464274.78839999996
            ],
            [
              251627.00890000071,
              464281.23780000024
            ],
            [
              251622.3518000003,
              464287.6948000025
            ],
            [
              251617.33579999954,
              464294.04030000232
            ],
            [
              251612.1791000003,
              464299.63739999942
            ],
            [
              251607.38270000089,
              464305.53100000136
            ],
            [
              251599.86000000127,
              464318.82249999978
            ],
            [
              251595.63770000078,
              464325.09090000018
            ],
            [
              251590.47269999888,
              464330.01239999942
            ],
            [
              251585.03960000351,
              464334.72739999928
            ],
            [
              251578.12650000397,
              464337.19170000404
            ],
            [
              251570.75119999982,
              464338.54549999908
            ],
            [
              251563.99870000407,
              464341.7739000041
            ],
            [
              251558.3069000002,
              464346.30619999766
            ],
            [
              251552.50660000276,
              464351.18689999916
            ],
            [
              251546.30230000056,
              464355.9560000021
            ],
            [
              251540.88300000038,
              464361.43710000068
            ],
            [
              251535.65990000125,
              464367.67029999942
            ],
            [
              251530.29850000143,
              464373.46130000427
            ],
            [
              251525.93840000127,
              464380.08250000142
            ],
            [
              251522.37760000024,
              464387.074400004
            ],
            [
              251518.305800003,
              464393.46000000089
            ],
            [
              251513.42870000377,
              464398.75889999792
            ],
            [
              251507.83250000048,
              464403.52850000001
            ],
            [
              251501.25150000211,
              464407.19490000047
            ],
            [
              251494.44529999979,
              464410.48750000261
            ],
            [
              251489.47900000215,
              464415.92509999871
            ],
            [
              251485.30829999968,
              464421.29350000247
            ],
            [
              251482.88340000063,
              464423.66680000164
            ]
          ]
        ]
      }
    }
  ]
}