{
  "displayFieldName" : "",
  "fieldAliases" : {
    "FID" : "FID",
    "PMNTN_SN" : "PMNTN_SN",
    "MNTN_CODE" : "MNTN_CODE",
    "MNTN_NM" : "MNTN_NM",
    "PMNTN_NM" : "PMNTN_NM",
    "PMNTN_MAIN" : "PMNTN_MAIN",
    "PMNTN_LT" : "PMNTN_LT",
    "PMNTN_DFFL" : "PMNTN_DFFL",
    "PMNTN_UPPL" : "PMNTN_UPPL",
    "PMNTN_GODN" : "PMNTN_GODN",
    "PMNTN_MTRQ" : "PMNTN_MTRQ",
    "PMNTN_CNRL" : "PMNTN_CNRL",
    "PMNTN_CLS_" : "PMNTN_CLS_",
    "PMNTN_RISK" : "PMNTN_RISK",
    "PMNTN_RECO" : "PMNTN_RECO",
    "DATA_STDR_" : "DATA_STDR_",
    "MNTN_ID" : "MNTN_ID"
  },
  "geometryType" : "esriGeometryPolyline",
  "spatialReference" : {
    "wkt" : "PROJCS[\"PCS_ITRF2000_TM\",GEOGCS[\"GCS_ITRF_2000\",DATUM[\"D_ITRF_2000\",SPHEROID[\"GRS_1980\",6378137.0,298.257222101]],PRIMEM[\"Greenwich\",0.0],UNIT[\"Degree\",0.0174532925199433]],PROJECTION[\"Transverse_Mercator\"],PARAMETER[\"False_Easting\",200000.0],PARAMETER[\"False_Northing\",600000.0],PARAMETER[\"Central_Meridian\",127.0],PARAMETER[\"Scale_Factor\",1.0],PARAMETER[\"Latitude_Of_Origin\",38.0],UNIT[\"Meter\",1.0]]"
  },
  "fields" : [
    {
      "name" : "FID",
      "type" : "esriFieldTypeOID",
      "alias" : "FID"
    },
    {
      "name" : "PMNTN_SN",
      "type" : "esriFieldTypeDouble",
      "alias" : "PMNTN_SN"
    },
    {
      "name" : "MNTN_CODE",
      "type" : "esriFieldTypeString",
      "alias" : "MNTN_CODE",
      "length" : 9
    },
    {
      "name" : "MNTN_NM",
      "type" : "esriFieldTypeString",
      "alias" : "MNTN_NM",
      "length" : 50
    },
    {
      "name" : "PMNTN_NM",
      "type" : "esriFieldTypeString",
      "alias" : "PMNTN_NM",
      "length" : 50
    },
    {
      "name" : "PMNTN_MAIN",
      "type" : "esriFieldTypeString",
      "alias" : "PMNTN_MAIN",
      "length" : 200
    },
    {
      "name" : "PMNTN_LT",
      "type" : "esriFieldTypeSingle",
      "alias" : "PMNTN_LT"
    },
    {
      "name" : "PMNTN_DFFL",
      "type" : "esriFieldTypeString",
      "alias" : "PMNTN_DFFL",
      "length" : 8
    },
    {
      "name" : "PMNTN_UPPL",
      "type" : "esriFieldTypeDouble",
      "alias" : "PMNTN_UPPL"
    },
    {
      "name" : "PMNTN_GODN",
      "type" : "esriFieldTypeDouble",
      "alias" : "PMNTN_GODN"
    },
    {
      "name" : "PMNTN_MTRQ",
      "type" : "esriFieldTypeString",
      "alias" : "PMNTN_MTRQ",
      "length" : 200
    },
    {
      "name" : "PMNTN_CNRL",
      "type" : "esriFieldTypeString",
      "alias" : "PMNTN_CNRL",
      "length" : 1
    },
    {
      "name" : "PMNTN_CLS_",
      "type" : "esriFieldTypeString",
      "alias" : "PMNTN_CLS_",
      "length" : 1
    },
    {
      "name" : "PMNTN_RISK",
      "type" : "esriFieldTypeString",
      "alias" : "PMNTN_RISK",
      "length" : 200
    },
    {
      "name" : "PMNTN_RECO",
      "type" : "esriFieldTypeString",
      "alias" : "PMNTN_RECO",
      "length" : 1
    },
    {
      "name" : "DATA_STDR_",
      "type" : "esriFieldTypeString",
      "alias" : "DATA_STDR_",
      "length" : 10
    },
    {
      "name" : "MNTN_ID",
      "type" : "esriFieldTypeString",
      "alias" : "MNTN_ID",
      "length" : 10
    }
  ],
  "features" : [
    {
      "attributes" : {
        "FID" : 0,
        "PMNTN_SN" : 51468,
        "MNTN_CODE" : "468302801",
        "MNTN_NM" : "태산봉",
        "PMNTN_NM" : "봉호리구간",
        "PMNTN_MAIN" : " ",
        "PMNTN_LT" : 1.17,
        "PMNTN_DFFL" : "쉬움",
        "PMNTN_UPPL" : 21,
        "PMNTN_GODN" : 14,
        "PMNTN_MTRQ" : " ",
        "PMNTN_CNRL" : " ",
        "PMNTN_CLS_" : " ",
        "PMNTN_RISK" : " ",
        "PMNTN_RECO" : "Y",
        "DATA_STDR_" : "2016-12-31",
        "MNTN_ID" : "468302801"
      },
      "geometry" : {
        "paths" : [
          [
            [
              164157.35319999978,
              250290.9012000002
            ],
            [
              164149.50330000278,
              250290.9319000002
            ],
            [
              164142.2937000012,
              250292.57520000264
            ],
            [
              164135.93880000338,
              250296.56930000149
            ],
            [
              164129.60770000145,
              250300.33129999973
            ],
            [
              164123.97080000117,
              250303.52180000208
            ],
            [
              164118.38530000113,
              250305.21500000358
            ],
            [
              164110.37620000355,
              250305.53470000625
            ],
            [
              164096.58560000267,
              250308.72160000354
            ],
            [
              164088.97940000053,
              250311.21749999933
            ],
            [
              164078.73240000382,
              250317.92139999941
            ],
            [
              164062.48150000256,
              250332.13460000232
            ],
            [
              164055.0859000003,
              250339.86760000139
            ],
            [
              164049.29630000144,
              250346.04450000077
            ],
            [
              164043.46879999992,
              250352.95880000107
            ],
            [
              164035.93890000042,
              250357.31120000221
            ],
            [
              164026.51570000313,
              250360.07140000165
            ],
            [
              164017.60979999881,
              250361.33840000071
            ],
            [
              164010.45010000002,
              250363.27210000157
            ],
            [
              164001.70010000281,
              250367.83430000208
            ],
            [
              163995.99959999975,
              250371.8518000003
            ],
            [
              163990.3302000016,
              250379.22079999931
            ],
            [
              163987.48520000093,
              250387.29399999976
            ],
            [
              163985.23489999957,
              250401.30250000022
            ],
            [
              163983.17140000034,
              250413.19620000198
            ],
            [
              163983.7310000034,
              250430.77640000172
            ],
            [
              163981.3738000039,
              250442.91850000061
            ],
            [
              163982.01330000255,
              250449.46220000088
            ],
            [
              163983.20190000255,
              250459.38209999911
            ],
            [
              163978.96700000111,
              250466.93660000153
            ],
            [
              163977.52770000137,
              250475.24500000663
            ],
            [
              163977.55840000138,
              250483.05930000171
            ],
            [
              163975.76100000087,
              250492.50190000236
            ],
            [
              163975.28730000369,
              250506.66250000149
            ],
            [
              163976.36940000113,
              250517.23990000039
            ],
            [
              163976.91370000318,
              250530.91280000284
            ],
            [
              163979.23610000033,
              250536.89860000461
            ],
            [
              163981.8535000002,
              250540.28550000116
            ],
            [
              163981.59569999948,
              250549.47699999996
            ],
            [
              163979.89979999978,
              250555.51870000176
            ],
            [
              163974.92560000066,
              250562.18960000388
            ],
            [
              163971.34310000204,
              250564.89550000615
            ],
            [
              163970.54470000416,
              250570.99780000374
            ],
            [
              163971.6670000013,
              250579.02329999954
            ],
            [
              163977.14320000354,
              250590.11999999918
            ],
            [
              163986.0307,
              250598.39280000143
            ],
            [
              163993.6325000003,
              250608.01080000028
            ],
            [
              164006.07510000002,
              250623.60460000113
            ],
            [
              164011.93260000087,
              250633.10190000013
            ],
            [
              164016.78090000153,
              250638.71030000038
            ],
            [
              164025.19379999954,
              250644.94920000061
            ],
            [
              164031.81360000186,
              250651.84420000203
            ],
            [
              164035.28030000068,
              250660.13320000097
            ],
            [
              164039.11759999953,
              250667.42990000173
            ],
            [
              164045.54710000101,
              250680.59109999985
            ],
            [
              164049.71040000115,
              250688.03110000119
            ],
            [
              164054.92000000272,
              250693.7407000009
            ],
            [
              164059.64980000257,
              250697.36529999971
            ],
            [
              164064.68750000093,
              250698.94650000148
            ],
            [
              164069.18390000053,
              250706.55330000073
            ],
            [
              164071.17070000153,
              250716.36050000228
            ],
            [
              164070.74090000149,
              250723.62710000202
            ],
            [
              164069.36450000014,
              250729.34569999948
            ],
            [
              164065.39869999979,
              250738.63100000098
            ],
            [
              164064.70409999974,
              250744.54860000499
            ],
            [
              164061.39550000057,
              250749.91040000133
            ],
            [
              164062.38530000299,
              250760.94150000252
            ],
            [
              164055.61350000091,
              250768.54520000145
            ],
            [
              164054.75300000049,
              250776.27830000222
            ],
            [
              164054.77400000393,
              250781.65040000156
            ],
            [
              164053.35599999968,
              250795.33060000278
            ],
            [
              164054.86789999995,
              250805.58070000261
            ],
            [
              164060.31230000034,
              250817.76879999973
            ],
            [
              164066.17030000221,
              250830.69890000299
            ],
            [
              164071.09559999965,
              250839.85790000111
            ],
            [
              164075.93610000238,
              250847.54659999907
            ],
            [
              164080.081100001,
              250854.80800000206
            ],
            [
              164082.47989999969,
              250864.94429999962
            ],
            [
              164082.63630000036,
              250873.85979999974
            ],
            [
              164082.67650000006,
              250884.11549999937
            ],
            [
              164086.12700000033,
              250895.31960000284
            ],
            [
              164092.05800000019,
              250906.52899999917
            ],
            [
              164097.96600000095,
              250911.87800000422
            ],
            [
              164102.83710000385,
              250918.89620000124
            ],
            [
              164105.59850000124,
              250926.77820000052
            ],
            [
              164106.97210000083,
              250933.4784000013
            ],
            [
              164105.76740000118,
              250939.17750000209
            ],
            [
              164103.64660000149,
              250946.51840000227
            ],
            [
              164100.10620000307,
              250957.28830000013
            ],
            [
              164100.62740000058,
              250965.10020000301
            ],
            [
              164101.1791000003,
              250980.72590000182
            ],
            [
              164104.00830000173,
              250993.05870000273
            ],
            [
              164103.34470000025,
              251001.83050000109
            ],
            [
              164104.48770000134,
              251009.38730000518
            ],
            [
              164105.74729999993,
              251019.77760000154
            ],
            [
              164107.7574000014,
              251031.97890000045
            ],
            [
              164108.76920000371,
              251039.78879999928
            ],
            [
              164109.95320000127,
              251048.88760000095
            ],
            [
              164109.56610000227,
              251055.05680000409
            ],
            [
              164111.62079999968,
              251061.94020000286
            ],
            [
              164117.50209999923,
              251067.0019000005
            ],
            [
              164121.18360000011,
              251069.24000000209
            ],
            [
              164123.36420000065,
              251077.79130000435
            ],
            [
              164125.55470000114,
              251084.18100000173
            ],
            [
              164128.31010000035,
              251089.38160000369
            ],
            [
              164133.0130000012,
              251098.81460000202
            ],
            [
              164133.71890000161,
              251105.18530000187
            ],
            [
              164133.381500002,
              251112.29990000091
            ],
            [
              164134.20559999999,
              251121.74550000019
            ],
            [
              164137.29910000321,
              251128.10989999771
            ],
            [
              164141.19000000041,
              251141.08830000274
            ],
            [
              164145.21070000343,
              251149.56660000235
            ],
            [
              164149.94909999985,
              251157.81190000102
            ],
            [
              164159.31000000145,
              251168.03090000153
            ],
            [
              164170.63320000004,
              251178.24220000021
            ],
            [
              164179.97690000106,
              251184.06600000151
            ],
            [
              164190.49680000078,
              251188.29020000063
            ],
            [
              164197.39990000054,
              251193.3563000001
            ],
            [
              164201.88940000348,
              251197.84200000018
            ],
            [
              164209.45970000234,
              251199.43659999967
            ],
            [
              164218.53360000346,
              251199.83579999767
            ],
            [
              164226.21129999962,
              251201.43590000272
            ],
            [
              164230.76429999992,
              251206.16349999793
            ],
            [
              164231.96569999959,
              251216.05020000041
            ],
            [
              164228.18620000407,
              251226.58560000174
            ]
          ]
        ]
      }
    }
  ]
}