{
  "displayFieldName" : "",
  "fieldAliases" : {
    "FID" : "FID",
    "PMNTN_SPOT" : "PMNTN_SPOT",
    "MNTN_CODE" : "MNTN_CODE",
    "MANAGE_SP1" : "MANAGE_SP1",
    "MANAGE_SP2" : "MANAGE_SP2",
    "DETAIL_SPO" : "DETAIL_SPO",
    "ETC_MATTER" : "ETC_MATTER",
    "MNTN_NM" : "MNTN_NM",
    "PAST_SPOT_" : "PAST_SPOT_",
    "MNTN_ID" : "MNTN_ID"
  },
  "geometryType" : "esriGeometryPoint",
  "spatialReference" : {
    "wkt" : "PROJCS[\"PCS_ITRF2000_TM\",GEOGCS[\"GCS_ITRF_2000\",DATUM[\"D_ITRF_2000\",SPHEROID[\"GRS_1980\",6378137.0,298.257222101]],PRIMEM[\"Greenwich\",0.0],UNIT[\"Degree\",0.0174532925199433]],PROJECTION[\"Transverse_Mercator\"],PARAMETER[\"False_Easting\",200000.0],PARAMETER[\"False_Northing\",600000.0],PARAMETER[\"Central_Meridian\",127.0],PARAMETER[\"Scale_Factor\",1.0],PARAMETER[\"Latitude_Of_Origin\",38.0],UNIT[\"Meter\",1.0]]"
  },
  "fields" : [
    {
      "name" : "FID",
      "type" : "esriFieldTypeOID",
      "alias" : "FID"
    },
    {
      "name" : "PMNTN_SPOT",
      "type" : "esriFieldTypeDouble",
      "alias" : "PMNTN_SPOT"
    },
    {
      "name" : "MNTN_CODE",
      "type" : "esriFieldTypeString",
      "alias" : "MNTN_CODE",
      "length" : 9
    },
    {
      "name" : "MANAGE_SP1",
      "type" : "esriFieldTypeString",
      "alias" : "MANAGE_SP1",
      "length" : 2
    },
    {
      "name" : "MANAGE_SP2",
      "type" : "esriFieldTypeString",
      "alias" : "MANAGE_SP2",
      "length" : 50
    },
    {
      "name" : "DETAIL_SPO",
      "type" : "esriFieldTypeString",
      "alias" : "DETAIL_SPO",
      "length" : 200
    },
    {
      "name" : "ETC_MATTER",
      "type" : "esriFieldTypeString",
      "alias" : "ETC_MATTER",
      "length" : 200
    },
    {
      "name" : "MNTN_NM",
      "type" : "esriFieldTypeString",
      "alias" : "MNTN_NM",
      "length" : 50
    },
    {
      "name" : "PAST_SPOT_",
      "type" : "esriFieldTypeString",
      "alias" : "PAST_SPOT_",
      "length" : 14
    },
    {
      "name" : "MNTN_ID",
      "type" : "esriFieldTypeString",
      "alias" : "MNTN_ID",
      "length" : 10
    }
  ],
  "features" : [
    {
      "attributes" : {
        "FID" : 0,
        "PMNTN_SPOT" : 17355,
        "MNTN_CODE" : "421501001",
        "MANAGE_SP1" : "99",
        "MANAGE_SP2" : "기타",
        "DETAIL_SPO" : "기타",
        "ETC_MATTER" : " ",
        "MNTN_NM" : "노추산",
        "PAST_SPOT_" : "22012805000001",
        "MNTN_ID" : "2201280500"
      },
      "geometry" : {
        "x" : 353356.73680000845,
        "y" : 552165.6726000011
      }
    },
    {
      "attributes" : {
        "FID" : 1,
        "PMNTN_SPOT" : 17356,
        "MNTN_CODE" : "421501001",
        "MANAGE_SP1" : "99",
        "MANAGE_SP2" : "기타",
        "DETAIL_SPO" : "너덜지대시점",
        "ETC_MATTER" : " ",
        "MNTN_NM" : "노추산",
        "PAST_SPOT_" : "22012805000002",
        "MNTN_ID" : "2201280500"
      },
      "geometry" : {
        "x" : 353542.90890000947,
        "y" : 552076.62519999966
      }
    },
    {
      "attributes" : {
        "FID" : 2,
        "PMNTN_SPOT" : 17357,
        "MNTN_CODE" : "421501001",
        "MANAGE_SP1" : "99",
        "MANAGE_SP2" : "기타",
        "DETAIL_SPO" : "기타",
        "ETC_MATTER" : " ",
        "MNTN_NM" : "노추산",
        "PAST_SPOT_" : "22012805000003",
        "MNTN_ID" : "2201280500"
      },
      "geometry" : {
        "x" : 353778.00280001108,
        "y" : 552063.77200000174
      }
    },
    {
      "attributes" : {
        "FID" : 3,
        "PMNTN_SPOT" : 17358,
        "MNTN_CODE" : "421501001",
        "MANAGE_SP1" : "99",
        "MANAGE_SP2" : "기타",
        "DETAIL_SPO" : "기타",
        "ETC_MATTER" : " ",
        "MNTN_NM" : "노추산",
        "PAST_SPOT_" : "22012805000004",
        "MNTN_ID" : "2201280500"
      },
      "geometry" : {
        "x" : 353863.47830000892,
        "y" : 552039.9037000034
      }
    },
    {
      "attributes" : {
        "FID" : 4,
        "PMNTN_SPOT" : 17359,
        "MNTN_CODE" : "421501001",
        "MANAGE_SP1" : "99",
        "MANAGE_SP2" : "기타",
        "DETAIL_SPO" : "기타",
        "ETC_MATTER" : " ",
        "MNTN_NM" : "노추산",
        "PAST_SPOT_" : "22012805000005",
        "MNTN_ID" : "2201280500"
      },
      "geometry" : {
        "x" : 353875.14780001063,
        "y" : 551868.95130000263
      }
    },
    {
      "attributes" : {
        "FID" : 5,
        "PMNTN_SPOT" : 17360,
        "MNTN_CODE" : "421501001",
        "MANAGE_SP1" : "99",
        "MANAGE_SP2" : "기타",
        "DETAIL_SPO" : "모정탑",
        "ETC_MATTER" : " ",
        "MNTN_NM" : "노추산",
        "PAST_SPOT_" : "22012805000006",
        "MNTN_ID" : "2201280500"
      },
      "geometry" : {
        "x" : 354247.5762954196,
        "y" : 553170.8562678434
      }
    },
    {
      "attributes" : {
        "FID" : 6,
        "PMNTN_SPOT" : 17361,
        "MNTN_CODE" : "421501001",
        "MANAGE_SP1" : "99",
        "MANAGE_SP2" : "기타",
        "DETAIL_SPO" : "기타",
        "ETC_MATTER" : " ",
        "MNTN_NM" : "노추산",
        "PAST_SPOT_" : "22012805000007",
        "MNTN_ID" : "2201280500"
      },
      "geometry" : {
        "x" : 354205.1355000129,
        "y" : 551570.53940000199
      }
    },
    {
      "attributes" : {
        "FID" : 7,
        "PMNTN_SPOT" : 17362,
        "MNTN_CODE" : "421501001",
        "MANAGE_SP1" : "99",
        "MANAGE_SP2" : "기타",
        "DETAIL_SPO" : "기타",
        "ETC_MATTER" : " ",
        "MNTN_NM" : "노추산",
        "PAST_SPOT_" : "22012805000008",
        "MNTN_ID" : "2201280500"
      },
      "geometry" : {
        "x" : 354525.72280000895,
        "y" : 551348.20510000177
      }
    },
    {
      "attributes" : {
        "FID" : 8,
        "PMNTN_SPOT" : 17363,
        "MNTN_CODE" : "421501001",
        "MANAGE_SP1" : "99",
        "MANAGE_SP2" : "기타",
        "DETAIL_SPO" : "기타",
        "ETC_MATTER" : " ",
        "MNTN_NM" : "노추산",
        "PAST_SPOT_" : "22012805000009",
        "MNTN_ID" : "2201280500"
      },
      "geometry" : {
        "x" : 354522.97990000807,
        "y" : 551145.71620000526
      }
    },
    {
      "attributes" : {
        "FID" : 9,
        "PMNTN_SPOT" : 17364,
        "MNTN_CODE" : "421501001",
        "MANAGE_SP1" : "99",
        "MANAGE_SP2" : "기타",
        "DETAIL_SPO" : "기타",
        "ETC_MATTER" : " ",
        "MNTN_NM" : "노추산",
        "PAST_SPOT_" : "22012805000010",
        "MNTN_ID" : "2201280500"
      },
      "geometry" : {
        "x" : 355082.98580000829,
        "y" : 550902.40540000051
      }
    },
    {
      "attributes" : {
        "FID" : 10,
        "PMNTN_SPOT" : 17365,
        "MNTN_CODE" : "421501001",
        "MANAGE_SP1" : "99",
        "MANAGE_SP2" : "기타",
        "DETAIL_SPO" : "산길시작",
        "ETC_MATTER" : " ",
        "MNTN_NM" : "노추산",
        "PAST_SPOT_" : "22012805000011",
        "MNTN_ID" : "2201280500"
      },
      "geometry" : {
        "x" : 356000.13010000903,
        "y" : 554825.59230000153
      }
    },
    {
      "attributes" : {
        "FID" : 11,
        "PMNTN_SPOT" : 17366,
        "MNTN_CODE" : "421501001",
        "MANAGE_SP1" : "99",
        "MANAGE_SP2" : "기타",
        "DETAIL_SPO" : "기타",
        "ETC_MATTER" : " ",
        "MNTN_NM" : "노추산",
        "PAST_SPOT_" : "22012805000012",
        "MNTN_ID" : "2201280500"
      },
      "geometry" : {
        "x" : 357022.81690001115,
        "y" : 552740.85670000315
      }
    },
    {
      "attributes" : {
        "FID" : 12,
        "PMNTN_SPOT" : 17367,
        "MNTN_CODE" : "421501001",
        "MANAGE_SP1" : "99",
        "MANAGE_SP2" : "기타",
        "DETAIL_SPO" : "기타",
        "ETC_MATTER" : " ",
        "MNTN_NM" : "노추산",
        "PAST_SPOT_" : "22012805000013",
        "MNTN_ID" : "2201280500"
      },
      "geometry" : {
        "x" : 356821.00430000946,
        "y" : 552711.02789999917
      }
    },
    {
      "attributes" : {
        "FID" : 13,
        "PMNTN_SPOT" : 17368,
        "MNTN_CODE" : "421501001",
        "MANAGE_SP1" : "99",
        "MANAGE_SP2" : "기타",
        "DETAIL_SPO" : "늘막골",
        "ETC_MATTER" : " ",
        "MNTN_NM" : "노추산",
        "PAST_SPOT_" : "22012805000014",
        "MNTN_ID" : "2201280500"
      },
      "geometry" : {
        "x" : 356678.36250001285,
        "y" : 552722.98330000602
      }
    },
    {
      "attributes" : {
        "FID" : 14,
        "PMNTN_SPOT" : 17369,
        "MNTN_CODE" : "421501001",
        "MANAGE_SP1" : "14",
        "MANAGE_SP2" : "조망점",
        "DETAIL_SPO" : "조망점,헬기장",
        "ETC_MATTER" : " ",
        "MNTN_NM" : "노추산",
        "PAST_SPOT_" : "22012805000015",
        "MNTN_ID" : "2201280500"
      },
      "geometry" : {
        "x" : 356447.54460001364,
        "y" : 552558.95540000312
      }
    },
    {
      "attributes" : {
        "FID" : 15,
        "PMNTN_SPOT" : 17370,
        "MNTN_CODE" : "421501001",
        "MANAGE_SP1" : "11",
        "MANAGE_SP2" : "안내판또는지도",
        "DETAIL_SPO" : "안내판",
        "ETC_MATTER" : " ",
        "MNTN_NM" : "노추산",
        "PAST_SPOT_" : "22012805000016",
        "MNTN_ID" : "2201280500"
      },
      "geometry" : {
        "x" : 355622.0796000082,
        "y" : 550610.01440000162
      }
    },
    {
      "attributes" : {
        "FID" : 16,
        "PMNTN_SPOT" : 17371,
        "MNTN_CODE" : "421501001",
        "MANAGE_SP1" : "99",
        "MANAGE_SP2" : "기타",
        "DETAIL_SPO" : "난간대",
        "ETC_MATTER" : " ",
        "MNTN_NM" : "노추산",
        "PAST_SPOT_" : "22012805000017",
        "MNTN_ID" : "2201280500"
      },
      "geometry" : {
        "x" : 355540.29560000915,
        "y" : 550526.19150000252
      }
    },
    {
      "attributes" : {
        "FID" : 17,
        "PMNTN_SPOT" : 17372,
        "MNTN_CODE" : "421501001",
        "MANAGE_SP1" : "99",
        "MANAGE_SP2" : "기타",
        "DETAIL_SPO" : "이성대,안내판",
        "ETC_MATTER" : " ",
        "MNTN_NM" : "노추산",
        "PAST_SPOT_" : "22012805000018",
        "MNTN_ID" : "2201280500"
      },
      "geometry" : {
        "x" : 355489.23540001083,
        "y" : 550521.36120000109
      }
    },
    {
      "attributes" : {
        "FID" : 18,
        "PMNTN_SPOT" : 17373,
        "MNTN_CODE" : "421501001",
        "MANAGE_SP1" : "99",
        "MANAGE_SP2" : "기타",
        "DETAIL_SPO" : "기타",
        "ETC_MATTER" : " ",
        "MNTN_NM" : "노추산",
        "PAST_SPOT_" : "22012805000019",
        "MNTN_ID" : "2201280500"
      },
      "geometry" : {
        "x" : 355364.88980001025,
        "y" : 550517.65980000049
      }
    },
    {
      "attributes" : {
        "FID" : 19,
        "PMNTN_SPOT" : 17374,
        "MNTN_CODE" : "421501001",
        "MANAGE_SP1" : "99",
        "MANAGE_SP2" : "기타",
        "DETAIL_SPO" : "기타",
        "ETC_MATTER" : " ",
        "MNTN_NM" : "노추산",
        "PAST_SPOT_" : "22012805000020",
        "MNTN_ID" : "2201280500"
      },
      "geometry" : {
        "x" : 356158.78780000843,
        "y" : 551069.99560000002
      }
    },
    {
      "attributes" : {
        "FID" : 20,
        "PMNTN_SPOT" : 17375,
        "MNTN_CODE" : "421501001",
        "MANAGE_SP1" : "99",
        "MANAGE_SP2" : "기타",
        "DETAIL_SPO" : "삼각점 (2005. 구정 450)",
        "ETC_MATTER" : " ",
        "MNTN_NM" : "노추산",
        "PAST_SPOT_" : "22012805000021",
        "MNTN_ID" : "2201280500"
      },
      "geometry" : {
        "x" : 358553.91320001148,
        "y" : 550143.47289999947
      }
    },
    {
      "attributes" : {
        "FID" : 21,
        "PMNTN_SPOT" : 17376,
        "MNTN_CODE" : "421501001",
        "MANAGE_SP1" : "05",
        "MANAGE_SP2" : "벤치",
        "DETAIL_SPO" : "벤치,헬기장",
        "ETC_MATTER" : " ",
        "MNTN_NM" : "노추산",
        "PAST_SPOT_" : "22012805000022",
        "MNTN_ID" : "2201280500"
      },
      "geometry" : {
        "x" : 355715.69690001104,
        "y" : 550569.89360000007
      }
    },
    {
      "attributes" : {
        "FID" : 22,
        "PMNTN_SPOT" : 17377,
        "MNTN_CODE" : "421501001",
        "MANAGE_SP1" : "99",
        "MANAGE_SP2" : "기타",
        "DETAIL_SPO" : "산림욕장,잠수교",
        "ETC_MATTER" : " ",
        "MNTN_NM" : "노추산",
        "PAST_SPOT_" : "22012805000023",
        "MNTN_ID" : "2201280500"
      },
      "geometry" : {
        "x" : 353176.73000000883,
        "y" : 552158.34409999847
      }
    },
    {
      "attributes" : {
        "FID" : 23,
        "PMNTN_SPOT" : 17378,
        "MNTN_CODE" : "421501001",
        "MANAGE_SP1" : "99",
        "MANAGE_SP2" : "기타",
        "DETAIL_SPO" : "기타",
        "ETC_MATTER" : " ",
        "MNTN_NM" : "노추산",
        "PAST_SPOT_" : "22012805000024",
        "MNTN_ID" : "2201280500"
      },
      "geometry" : {
        "x" : 356389.36610001232,
        "y" : 552138.28830000386
      }
    },
    {
      "attributes" : {
        "FID" : 24,
        "PMNTN_SPOT" : 17379,
        "MNTN_CODE" : "421501001",
        "MANAGE_SP1" : "12",
        "MANAGE_SP2" : "위험지역",
        "DETAIL_SPO" : "위험지역",
        "ETC_MATTER" : "로프설치되어있음",
        "MNTN_NM" : "노추산",
        "PAST_SPOT_" : "22012805000025",
        "MNTN_ID" : "2201280500"
      },
      "geometry" : {
        "x" : 354530.55800001044,
        "y" : 550240.38939999975
      }
    },
    {
      "attributes" : {
        "FID" : 25,
        "PMNTN_SPOT" : 17380,
        "MNTN_CODE" : "421501001",
        "MANAGE_SP1" : "12",
        "MANAGE_SP2" : "위험지역",
        "DETAIL_SPO" : "위험지역",
        "ETC_MATTER" : "로프설치되어있음",
        "MNTN_NM" : "노추산",
        "PAST_SPOT_" : "22012805000026",
        "MNTN_ID" : "2201280500"
      },
      "geometry" : {
        "x" : 354575.12500000931,
        "y" : 550345.85100000538
      }
    },
    {
      "attributes" : {
        "FID" : 26,
        "PMNTN_SPOT" : 17381,
        "MNTN_CODE" : "421501001",
        "MANAGE_SP1" : "10",
        "MANAGE_SP2" : "이정표",
        "DETAIL_SPO" : "이정표",
        "ETC_MATTER" : " ",
        "MNTN_NM" : "노추산",
        "PAST_SPOT_" : "22012805000027",
        "MNTN_ID" : "2201280500"
      },
      "geometry" : {
        "x" : 354856.98900001124,
        "y" : 550956.96650000103
      }
    },
    {
      "attributes" : {
        "FID" : 27,
        "PMNTN_SPOT" : 17382,
        "MNTN_CODE" : "421501001",
        "MANAGE_SP1" : "22",
        "MANAGE_SP2" : "헬기장",
        "DETAIL_SPO" : "헬기장",
        "ETC_MATTER" : " ",
        "MNTN_NM" : "노추산",
        "PAST_SPOT_" : "22012805000028",
        "MNTN_ID" : "2201280500"
      },
      "geometry" : {
        "x" : 355709.19760001078,
        "y" : 550569.44990000315
      }
    },
    {
      "attributes" : {
        "FID" : 28,
        "PMNTN_SPOT" : 17383,
        "MNTN_CODE" : "421501001",
        "MANAGE_SP1" : "10",
        "MANAGE_SP2" : "이정표",
        "DETAIL_SPO" : "이정표",
        "ETC_MATTER" : " ",
        "MNTN_NM" : "노추산",
        "PAST_SPOT_" : "22012805000029",
        "MNTN_ID" : "2201280500"
      },
      "geometry" : {
        "x" : 355391.46640001331,
        "y" : 550491.76200000383
      }
    },
    {
      "attributes" : {
        "FID" : 29,
        "PMNTN_SPOT" : 17384,
        "MNTN_CODE" : "421501001",
        "MANAGE_SP1" : "99",
        "MANAGE_SP2" : "기타",
        "DETAIL_SPO" : "이성대",
        "ETC_MATTER" : " ",
        "MNTN_NM" : "노추산",
        "PAST_SPOT_" : "22012805000030",
        "MNTN_ID" : "2201280500"
      },
      "geometry" : {
        "x" : 355365.0803000126,
        "y" : 550515.50920000114
      }
    },
    {
      "attributes" : {
        "FID" : 30,
        "PMNTN_SPOT" : 17385,
        "MNTN_CODE" : "421501001",
        "MANAGE_SP1" : "10",
        "MANAGE_SP2" : "이정표",
        "DETAIL_SPO" : "이정표",
        "ETC_MATTER" : " ",
        "MNTN_NM" : "노추산",
        "PAST_SPOT_" : "22012805000031",
        "MNTN_ID" : "2201280500"
      },
      "geometry" : {
        "x" : 354873.39740001317,
        "y" : 550210.3797999993
      }
    },
    {
      "attributes" : {
        "FID" : 31,
        "PMNTN_SPOT" : 17386,
        "MNTN_CODE" : "421501001",
        "MANAGE_SP1" : "99",
        "MANAGE_SP2" : "기타",
        "DETAIL_SPO" : "돌담",
        "ETC_MATTER" : " ",
        "MNTN_NM" : "노추산",
        "PAST_SPOT_" : "22012805000032",
        "MNTN_ID" : "2201280500"
      },
      "geometry" : {
        "x" : 354853.86980001256,
        "y" : 550001.19329999946
      }
    },
    {
      "attributes" : {
        "FID" : 32,
        "PMNTN_SPOT" : 17387,
        "MNTN_CODE" : "421501001",
        "MANAGE_SP1" : "06",
        "MANAGE_SP2" : "음수대",
        "DETAIL_SPO" : "샘터",
        "ETC_MATTER" : " ",
        "MNTN_NM" : "노추산",
        "PAST_SPOT_" : "22012805000033",
        "MNTN_ID" : "2201280500"
      },
      "geometry" : {
        "x" : 354855.88550001197,
        "y" : 549997.88859999925
      }
    },
    {
      "attributes" : {
        "FID" : 33,
        "PMNTN_SPOT" : 17388,
        "MNTN_CODE" : "421501001",
        "MANAGE_SP1" : "10",
        "MANAGE_SP2" : "이정표",
        "DETAIL_SPO" : "이정표",
        "ETC_MATTER" : " ",
        "MNTN_NM" : "노추산",
        "PAST_SPOT_" : "22012805000034",
        "MNTN_ID" : "2201280500"
      },
      "geometry" : {
        "x" : 353833.30600001011,
        "y" : 550409.88840000518
      }
    },
    {
      "attributes" : {
        "FID" : 34,
        "PMNTN_SPOT" : 17389,
        "MNTN_CODE" : "421501001",
        "MANAGE_SP1" : "10",
        "MANAGE_SP2" : "이정표",
        "DETAIL_SPO" : "이정표",
        "ETC_MATTER" : " ",
        "MNTN_NM" : "노추산",
        "PAST_SPOT_" : "22012805000035",
        "MNTN_ID" : "2201280500"
      },
      "geometry" : {
        "x" : 354347.62630001083,
        "y" : 549222.46299999952
      }
    },
    {
      "attributes" : {
        "FID" : 35,
        "PMNTN_SPOT" : 17390,
        "MNTN_CODE" : "421501001",
        "MANAGE_SP1" : "99",
        "MANAGE_SP2" : "기타",
        "DETAIL_SPO" : "조주선관",
        "ETC_MATTER" : " ",
        "MNTN_NM" : "노추산",
        "PAST_SPOT_" : "22012805000036",
        "MNTN_ID" : "2201280500"
      },
      "geometry" : {
        "x" : 354293.23900000937,
        "y" : 549273.07640000246
      }
    },
    {
      "attributes" : {
        "FID" : 36,
        "PMNTN_SPOT" : 17391,
        "MNTN_CODE" : "421501001",
        "MANAGE_SP1" : "04",
        "MANAGE_SP2" : "화장실",
        "DETAIL_SPO" : "화장실",
        "ETC_MATTER" : " ",
        "MNTN_NM" : "노추산",
        "PAST_SPOT_" : "22012805000037",
        "MNTN_ID" : "2201280500"
      },
      "geometry" : {
        "x" : 353332.46870001033,
        "y" : 548626.28380000778
      }
    },
    {
      "attributes" : {
        "FID" : 37,
        "PMNTN_SPOT" : 17392,
        "MNTN_CODE" : "421501001",
        "MANAGE_SP1" : "10",
        "MANAGE_SP2" : "이정표",
        "DETAIL_SPO" : "이정표",
        "ETC_MATTER" : " ",
        "MNTN_NM" : "노추산",
        "PAST_SPOT_" : "22012805000038",
        "MNTN_ID" : "2201280500"
      },
      "geometry" : {
        "x" : 353974.16410000995,
        "y" : 550543.2452000007
      }
    },
    {
      "attributes" : {
        "FID" : 38,
        "PMNTN_SPOT" : 17393,
        "MNTN_CODE" : "421501001",
        "MANAGE_SP1" : "06",
        "MANAGE_SP2" : "음수대",
        "DETAIL_SPO" : "샘터",
        "ETC_MATTER" : " ",
        "MNTN_NM" : "노추산",
        "PAST_SPOT_" : "22012805000039",
        "MNTN_ID" : "2201280500"
      },
      "geometry" : {
        "x" : 354122.10940000881,
        "y" : 550304.50740000419
      }
    },
    {
      "attributes" : {
        "FID" : 39,
        "PMNTN_SPOT" : 17394,
        "MNTN_CODE" : "421501001",
        "MANAGE_SP1" : "99",
        "MANAGE_SP2" : "기타",
        "DETAIL_SPO" : "쉼터광장",
        "ETC_MATTER" : " ",
        "MNTN_NM" : "노추산",
        "PAST_SPOT_" : "22012805000040",
        "MNTN_ID" : "2201280500"
      },
      "geometry" : {
        "x" : 354233.48810000997,
        "y" : 550042.56370000355
      }
    },
    {
      "attributes" : {
        "FID" : 40,
        "PMNTN_SPOT" : 17395,
        "MNTN_CODE" : "421501001",
        "MANAGE_SP1" : "10",
        "MANAGE_SP2" : "이정표",
        "DETAIL_SPO" : "이정표",
        "ETC_MATTER" : " ",
        "MNTN_NM" : "노추산",
        "PAST_SPOT_" : "22012805000041",
        "MNTN_ID" : "2201280500"
      },
      "geometry" : {
        "x" : 354374.49170001224,
        "y" : 550126.20610000193
      }
    },
    {
      "attributes" : {
        "FID" : 41,
        "PMNTN_SPOT" : 17396,
        "MNTN_CODE" : "421501001",
        "MANAGE_SP1" : "16",
        "MANAGE_SP2" : "주요나무",
        "DETAIL_SPO" : "소나무쉼터",
        "ETC_MATTER" : " ",
        "MNTN_NM" : "노추산",
        "PAST_SPOT_" : "22012805000042",
        "MNTN_ID" : "2201280500"
      },
      "geometry" : {
        "x" : 354446.20750000887,
        "y" : 550204.96609999985
      }
    },
    {
      "attributes" : {
        "FID" : 42,
        "PMNTN_SPOT" : 17397,
        "MNTN_CODE" : "421501001",
        "MANAGE_SP1" : "01",
        "MANAGE_SP2" : "시종점",
        "DETAIL_SPO" : "시종점",
        "ETC_MATTER" : "북면 종양동",
        "MNTN_NM" : "노추산",
        "PAST_SPOT_" : "22012805000043",
        "MNTN_ID" : "2201280500"
      },
      "geometry" : {
        "x" : 352772.74630001001,
        "y" : 549909.89980000257
      }
    },
    {
      "attributes" : {
        "FID" : 43,
        "PMNTN_SPOT" : 17398,
        "MNTN_CODE" : "421501001",
        "MANAGE_SP1" : "01",
        "MANAGE_SP2" : "시종점",
        "DETAIL_SPO" : "시종점",
        "ETC_MATTER" : " ",
        "MNTN_NM" : "노추산",
        "PAST_SPOT_" : "22012805000044",
        "MNTN_ID" : "2201280500"
      },
      "geometry" : {
        "x" : 353176.9479000112,
        "y" : 552240.51760000363
      }
    },
    {
      "attributes" : {
        "FID" : 44,
        "PMNTN_SPOT" : 17399,
        "MNTN_CODE" : "421501001",
        "MANAGE_SP1" : "01",
        "MANAGE_SP2" : "시종점",
        "DETAIL_SPO" : "시종점",
        "ETC_MATTER" : "북면 구절리",
        "MNTN_NM" : "노추산",
        "PAST_SPOT_" : "22012805000045",
        "MNTN_ID" : "2201280500"
      },
      "geometry" : {
        "x" : 353314.62720001303,
        "y" : 548578.55859999917
      }
    },
    {
      "attributes" : {
        "FID" : 45,
        "PMNTN_SPOT" : 17400,
        "MNTN_CODE" : "421501001",
        "MANAGE_SP1" : "02",
        "MANAGE_SP2" : "분기점",
        "DETAIL_SPO" : "분기점",
        "ETC_MATTER" : " ",
        "MNTN_NM" : "노추산",
        "PAST_SPOT_" : "22012805000046",
        "MNTN_ID" : "2201280500"
      },
      "geometry" : {
        "x" : 355039.79495461006,
        "y" : 550843.66269852035
      }
    },
    {
      "attributes" : {
        "FID" : 46,
        "PMNTN_SPOT" : 17401,
        "MNTN_CODE" : "421501001",
        "MANAGE_SP1" : "02",
        "MANAGE_SP2" : "분기점",
        "DETAIL_SPO" : "분기점",
        "ETC_MATTER" : " ",
        "MNTN_NM" : "노추산",
        "PAST_SPOT_" : "22012805000047",
        "MNTN_ID" : "2201280500"
      },
      "geometry" : {
        "x" : 354864.44410000928,
        "y" : 550958.74820000492
      }
    },
    {
      "attributes" : {
        "FID" : 47,
        "PMNTN_SPOT" : 17402,
        "MNTN_CODE" : "421501001",
        "MANAGE_SP1" : "02",
        "MANAGE_SP2" : "분기점",
        "DETAIL_SPO" : "분기점",
        "ETC_MATTER" : " ",
        "MNTN_NM" : "노추산",
        "PAST_SPOT_" : "22012805000048",
        "MNTN_ID" : "2201280500"
      },
      "geometry" : {
        "x" : 355086.32620000932,
        "y" : 550900.64120000228
      }
    },
    {
      "attributes" : {
        "FID" : 48,
        "PMNTN_SPOT" : 17403,
        "MNTN_CODE" : "421501001",
        "MANAGE_SP1" : "99",
        "MANAGE_SP2" : "기타",
        "DETAIL_SPO" : "아리랑산,표지석",
        "ETC_MATTER" : " ",
        "MNTN_NM" : "노추산",
        "PAST_SPOT_" : "22012805000049",
        "MNTN_ID" : "2201280500"
      },
      "geometry" : {
        "x" : 355194.77870001271,
        "y" : 550842.01230000332
      }
    },
    {
      "attributes" : {
        "FID" : 49,
        "PMNTN_SPOT" : 17404,
        "MNTN_CODE" : "421501001",
        "MANAGE_SP1" : "02",
        "MANAGE_SP2" : "분기점",
        "DETAIL_SPO" : "분기점",
        "ETC_MATTER" : " ",
        "MNTN_NM" : "노추산",
        "PAST_SPOT_" : "22012805000050",
        "MNTN_ID" : "2201280500"
      },
      "geometry" : {
        "x" : 355602.15400001034,
        "y" : 550609.33060000092
      }
    },
    {
      "attributes" : {
        "FID" : 50,
        "PMNTN_SPOT" : 17405,
        "MNTN_CODE" : "421501001",
        "MANAGE_SP1" : "23",
        "MANAGE_SP2" : "정상",
        "DETAIL_SPO" : "노추산 정상,삼각점,안내판",
        "ETC_MATTER" : " ",
        "MNTN_NM" : "노추산",
        "PAST_SPOT_" : "22012805000051",
        "MNTN_ID" : "2201280500"
      },
      "geometry" : {
        "x" : 355735.11560001131,
        "y" : 550569.79089999944
      }
    },
    {
      "attributes" : {
        "FID" : 51,
        "PMNTN_SPOT" : 17406,
        "MNTN_CODE" : "421501001",
        "MANAGE_SP1" : "01",
        "MANAGE_SP2" : "시종점",
        "DETAIL_SPO" : "시종점,국유림임도차단기",
        "ETC_MATTER" : " ",
        "MNTN_NM" : "노추산",
        "PAST_SPOT_" : "22012805000052",
        "MNTN_ID" : "2201280500"
      },
      "geometry" : {
        "x" : 355810.86450001225,
        "y" : 554820.10180000402
      }
    },
    {
      "attributes" : {
        "FID" : 52,
        "PMNTN_SPOT" : 17407,
        "MNTN_CODE" : "421501001",
        "MANAGE_SP1" : "10",
        "MANAGE_SP2" : "이정표",
        "DETAIL_SPO" : "이정표,시점",
        "ETC_MATTER" : " ",
        "MNTN_NM" : "노추산",
        "PAST_SPOT_" : "22012805000053",
        "MNTN_ID" : "2201280500"
      },
      "geometry" : {
        "x" : 356131.46170001104,
        "y" : 550821.75980000198
      }
    },
    {
      "attributes" : {
        "FID" : 53,
        "PMNTN_SPOT" : 17408,
        "MNTN_CODE" : "421501001",
        "MANAGE_SP1" : "99",
        "MANAGE_SP2" : "기타",
        "DETAIL_SPO" : "조고봉,헬기장",
        "ETC_MATTER" : " ",
        "MNTN_NM" : "노추산",
        "PAST_SPOT_" : "22012805000054",
        "MNTN_ID" : "2201280500"
      },
      "geometry" : {
        "x" : 356292.15610001143,
        "y" : 553332.46990000457
      }
    },
    {
      "attributes" : {
        "FID" : 54,
        "PMNTN_SPOT" : 17409,
        "MNTN_CODE" : "421501001",
        "MANAGE_SP1" : "10",
        "MANAGE_SP2" : "이정표",
        "DETAIL_SPO" : "이정표",
        "ETC_MATTER" : "노추산 갈림길",
        "MNTN_NM" : "노추산",
        "PAST_SPOT_" : "22012805000055",
        "MNTN_ID" : "2201280500"
      },
      "geometry" : {
        "x" : 356491.67260000948,
        "y" : 552365.5960999988
      }
    },
    {
      "attributes" : {
        "FID" : 55,
        "PMNTN_SPOT" : 17410,
        "MNTN_CODE" : "421501001",
        "MANAGE_SP1" : "99",
        "MANAGE_SP2" : "기타",
        "DETAIL_SPO" : "사달산 (해발 1190)",
        "ETC_MATTER" : " ",
        "MNTN_NM" : "노추산",
        "PAST_SPOT_" : "22012805000056",
        "MNTN_ID" : "2201280500"
      },
      "geometry" : {
        "x" : 357312.93560001254,
        "y" : 550860.08900000155
      }
    },
    {
      "attributes" : {
        "FID" : 56,
        "PMNTN_SPOT" : 17411,
        "MNTN_CODE" : "421501001",
        "MANAGE_SP1" : "01",
        "MANAGE_SP2" : "시종점",
        "DETAIL_SPO" : "시종점",
        "ETC_MATTER" : " ",
        "MNTN_NM" : "노추산",
        "PAST_SPOT_" : "22012805000057",
        "MNTN_ID" : "2201280500"
      },
      "geometry" : {
        "x" : 358654.71580001153,
        "y" : 553264.86180000193
      }
    },
    {
      "attributes" : {
        "FID" : 57,
        "PMNTN_SPOT" : 17412,
        "MNTN_CODE" : "421501001",
        "MANAGE_SP1" : "02",
        "MANAGE_SP2" : "분기점",
        "DETAIL_SPO" : "새목재",
        "ETC_MATTER" : " ",
        "MNTN_NM" : "노추산",
        "PAST_SPOT_" : "22012805000058",
        "MNTN_ID" : "2201280500"
      },
      "geometry" : {
        "x" : 359376.44840001035,
        "y" : 549480.98780000769
      }
    },
    {
      "attributes" : {
        "FID" : 58,
        "PMNTN_SPOT" : 17413,
        "MNTN_CODE" : "421501001",
        "MANAGE_SP1" : "99",
        "MANAGE_SP2" : "기타",
        "DETAIL_SPO" : "960고지,조망점",
        "ETC_MATTER" : " ",
        "MNTN_NM" : "노추산",
        "PAST_SPOT_" : "22012805000059",
        "MNTN_ID" : "2201280500"
      },
      "geometry" : {
        "x" : 359497.69500001427,
        "y" : 548736.33380000666
      }
    },
    {
      "attributes" : {
        "FID" : 59,
        "PMNTN_SPOT" : 17414,
        "MNTN_CODE" : "421501001",
        "MANAGE_SP1" : "99",
        "MANAGE_SP2" : "기타",
        "DETAIL_SPO" : "850고지",
        "ETC_MATTER" : " ",
        "MNTN_NM" : "노추산",
        "PAST_SPOT_" : "22012805000060",
        "MNTN_ID" : "2201280500"
      },
      "geometry" : {
        "x" : 359959.80770001374,
        "y" : 548266.78570000082
      }
    },
    {
      "attributes" : {
        "FID" : 60,
        "PMNTN_SPOT" : 17415,
        "MNTN_CODE" : "421501001",
        "MANAGE_SP1" : "01",
        "MANAGE_SP2" : "시종점",
        "DETAIL_SPO" : "시종점",
        "ETC_MATTER" : " ",
        "MNTN_NM" : "노추산",
        "PAST_SPOT_" : "22012805000061",
        "MNTN_ID" : "2201280500"
      },
      "geometry" : {
        "x" : 360284.69760001078,
        "y" : 549238.72640000284
      }
    },
    {
      "attributes" : {
        "FID" : 61,
        "PMNTN_SPOT" : 17416,
        "MNTN_CODE" : "421501001",
        "MANAGE_SP1" : "01",
        "MANAGE_SP2" : "시종점",
        "DETAIL_SPO" : "시종점,국유임도시설현황판,입산통제",
        "ETC_MATTER" : " ",
        "MNTN_NM" : "노추산",
        "PAST_SPOT_" : "22012805000062",
        "MNTN_ID" : "2201280500"
      },
      "geometry" : {
        "x" : 360296.20220001508,
        "y" : 548178.82789999992
      }
    },
    {
      "attributes" : {
        "FID" : 62,
        "PMNTN_SPOT" : 17417,
        "MNTN_CODE" : "421501001",
        "MANAGE_SP1" : "01",
        "MANAGE_SP2" : "시종점",
        "DETAIL_SPO" : "시종점",
        "ETC_MATTER" : " ",
        "MNTN_NM" : "노추산",
        "PAST_SPOT_" : "22012805000063",
        "MNTN_ID" : "2201280500"
      },
      "geometry" : {
        "x" : 353943.38263670728,
        "y" : 553405.55507339723
      }
    },
    {
      "attributes" : {
        "FID" : 63,
        "PMNTN_SPOT" : 17418,
        "MNTN_CODE" : "421501001",
        "MANAGE_SP1" : "02",
        "MANAGE_SP2" : "분기점",
        "DETAIL_SPO" : "분기점",
        "ETC_MATTER" : " ",
        "MNTN_NM" : "노추산",
        "PAST_SPOT_" : "22012805000064",
        "MNTN_ID" : "2201280500"
      },
      "geometry" : {
        "x" : 354689.60712944996,
        "y" : 550573.61795115285
      }
    },
    {
      "attributes" : {
        "FID" : 64,
        "PMNTN_SPOT" : 17419,
        "MNTN_CODE" : "421501001",
        "MANAGE_SP1" : "02",
        "MANAGE_SP2" : "분기점",
        "DETAIL_SPO" : "분기점",
        "ETC_MATTER" : " ",
        "MNTN_NM" : "노추산",
        "PAST_SPOT_" : "22012805000065",
        "MNTN_ID" : "2201280500"
      },
      "geometry" : {
        "x" : 355332.76916295011,
        "y" : 550529.98258505575
      }
    }
  ]
}