{
  "displayFieldName" : "",
  "fieldAliases" : {
    "FID" : "FID",
    "PMNTN_SN" : "PMNTN_SN",
    "MNTN_CODE" : "MNTN_CODE",
    "MNTN_NM" : "MNTN_NM",
    "PMNTN_NM" : "PMNTN_NM",
    "PMNTN_MAIN" : "PMNTN_MAIN",
    "PMNTN_LT" : "PMNTN_LT",
    "PMNTN_DFFL" : "PMNTN_DFFL",
    "PMNTN_UPPL" : "PMNTN_UPPL",
    "PMNTN_GODN" : "PMNTN_GODN",
    "PMNTN_MTRQ" : "PMNTN_MTRQ",
    "PMNTN_CNRL" : "PMNTN_CNRL",
    "PMNTN_CLS_" : "PMNTN_CLS_",
    "PMNTN_RISK" : "PMNTN_RISK",
    "PMNTN_RECO" : "PMNTN_RECO",
    "DATA_STDR_" : "DATA_STDR_",
    "MNTN_ID" : "MNTN_ID"
  },
  "geometryType" : "esriGeometryPolyline",
  "spatialReference" : {
    "wkt" : "PROJCS[\"PCS_ITRF2000_TM\",GEOGCS[\"GCS_ITRF_2000\",DATUM[\"D_ITRF_2000\",SPHEROID[\"GRS_1980\",6378137.0,298.257222101]],PRIMEM[\"Greenwich\",0.0],UNIT[\"Degree\",0.0174532925199433]],PROJECTION[\"Transverse_Mercator\"],PARAMETER[\"False_Easting\",200000.0],PARAMETER[\"False_Northing\",600000.0],PARAMETER[\"Central_Meridian\",127.0],PARAMETER[\"Scale_Factor\",1.0],PARAMETER[\"Latitude_Of_Origin\",38.0],UNIT[\"Meter\",1.0]]"
  },
  "fields" : [
    {
      "name" : "FID",
      "type" : "esriFieldTypeOID",
      "alias" : "FID"
    },
    {
      "name" : "PMNTN_SN",
      "type" : "esriFieldTypeDouble",
      "alias" : "PMNTN_SN"
    },
    {
      "name" : "MNTN_CODE",
      "type" : "esriFieldTypeString",
      "alias" : "MNTN_CODE",
      "length" : 9
    },
    {
      "name" : "MNTN_NM",
      "type" : "esriFieldTypeString",
      "alias" : "MNTN_NM",
      "length" : 50
    },
    {
      "name" : "PMNTN_NM",
      "type" : "esriFieldTypeString",
      "alias" : "PMNTN_NM",
      "length" : 50
    },
    {
      "name" : "PMNTN_MAIN",
      "type" : "esriFieldTypeString",
      "alias" : "PMNTN_MAIN",
      "length" : 200
    },
    {
      "name" : "PMNTN_LT",
      "type" : "esriFieldTypeSingle",
      "alias" : "PMNTN_LT"
    },
    {
      "name" : "PMNTN_DFFL",
      "type" : "esriFieldTypeString",
      "alias" : "PMNTN_DFFL",
      "length" : 8
    },
    {
      "name" : "PMNTN_UPPL",
      "type" : "esriFieldTypeDouble",
      "alias" : "PMNTN_UPPL"
    },
    {
      "name" : "PMNTN_GODN",
      "type" : "esriFieldTypeDouble",
      "alias" : "PMNTN_GODN"
    },
    {
      "name" : "PMNTN_MTRQ",
      "type" : "esriFieldTypeString",
      "alias" : "PMNTN_MTRQ",
      "length" : 200
    },
    {
      "name" : "PMNTN_CNRL",
      "type" : "esriFieldTypeString",
      "alias" : "PMNTN_CNRL",
      "length" : 1
    },
    {
      "name" : "PMNTN_CLS_",
      "type" : "esriFieldTypeString",
      "alias" : "PMNTN_CLS_",
      "length" : 1
    },
    {
      "name" : "PMNTN_RISK",
      "type" : "esriFieldTypeString",
      "alias" : "PMNTN_RISK",
      "length" : 200
    },
    {
      "name" : "PMNTN_RECO",
      "type" : "esriFieldTypeString",
      "alias" : "PMNTN_RECO",
      "length" : 1
    },
    {
      "name" : "DATA_STDR_",
      "type" : "esriFieldTypeString",
      "alias" : "DATA_STDR_",
      "length" : 10
    },
    {
      "name" : "MNTN_ID",
      "type" : "esriFieldTypeString",
      "alias" : "MNTN_ID",
      "length" : 10
    }
  ],
  "features" : [
    {
      "attributes" : {
        "FID" : 0,
        "PMNTN_SN" : 11015,
        "MNTN_CODE" : "447900501",
        "MNTN_NM" : "대덕봉",
        "PMNTN_NM" : "마치리구간",
        "PMNTN_MAIN" : " ",
        "PMNTN_LT" : 1.78,
        "PMNTN_DFFL" : "쉬움",
        "PMNTN_UPPL" : 31,
        "PMNTN_GODN" : 22,
        "PMNTN_MTRQ" : " ",
        "PMNTN_CNRL" : " ",
        "PMNTN_CLS_" : " ",
        "PMNTN_RISK" : " ",
        "PMNTN_RECO" : " ",
        "DATA_STDR_" : "2016-12-31",
        "MNTN_ID" : "447900501"
      },
      "geometry" : {
        "paths" : [
          [
            [
              190072.38400000054,
              427564.64150000177
            ],
            [
              190077.76070000138,
              427554.10600000061
            ],
            [
              190081.79999999981,
              427544.32869999856
            ],
            [
              190087.95440000016,
              427533.57850000076
            ],
            [
              190091.16339999996,
              427528.06460000016
            ],
            [
              190094.91210000217,
              427515.67750000209
            ],
            [
              190096.32390000299,
              427508.83970000222
            ],
            [
              190096.86430000048,
              427502.02360000275
            ],
            [
              190096.62370000035,
              427496.16449999996
            ],
            [
              190096.77010000125,
              427489.2210000027
            ],
            [
              190097.07780000195,
              427480.08330000192
            ],
            [
              190097.21030000318,
              427473.10960000381
            ],
            [
              190097.12380000018,
              427466.12120000459
            ],
            [
              190097.05330000352,
              427459.20260000229
            ],
            [
              190097.57419999968,
              427452.54120000266
            ],
            [
              190097.43200000003,
              427445.04600000381
            ],
            [
              190096.19920000155,
              427437.37329999916
            ],
            [
              190095.65120000113,
              427431.8814000003
            ],
            [
              190093.50140000135,
              427426.02740000188
            ],
            [
              190093.0820000004,
              427420.09470000677
            ],
            [
              190092.08070000261,
              427413.4625000041
            ],
            [
              190089.88810000196,
              427407.54740000144
            ],
            [
              190087.90800000075,
              427401.2666000016
            ],
            [
              190087.60219999868,
              427394.50819999911
            ],
            [
              190087.99360000063,
              427387.11400000006
            ],
            [
              190087.82580000162,
              427380.38840000331
            ],
            [
              190088.0009000022,
              427374.27470000088
            ],
            [
              190087.35539999977,
              427367.63320000097
            ],
            [
              190085.98180000018,
              427361.80489999987
            ],
            [
              190085.26380000077,
              427355.54609999992
            ],
            [
              190085.04460000154,
              427349.38940000162
            ],
            [
              190084.41270000022,
              427346.24330000021
            ],
            [
              190084.31740000099,
              427344.51200000197
            ],
            [
              190083.43760000169,
              427339.53610000014
            ],
            [
              190081.65110000037,
              427333.77500000037
            ],
            [
              190079.21590000112,
              427327.21740000136
            ],
            [
              190077.35170000046,
              427321.28610000387
            ],
            [
              190075.44740000367,
              427315.40479999967
            ],
            [
              190073.03729999997,
              427309.60470000096
            ],
            [
              190070.08779999986,
              427304.58330000378
            ],
            [
              190067.75700000115,
              427299.11530000158
            ],
            [
              190064.20120000001,
              427291.30870000273
            ],
            [
              190060.92840000149,
              427285.23750000075
            ],
            [
              190057.17239999864,
              427277.78549999744
            ],
            [
              190051.58910000138,
              427272.25640000217
            ],
            [
              190047.1102,
              427267.16660000011
            ],
            [
              190045.12660000008,
              427263.53940000013
            ],
            [
              190042.30630000122,
              427259.41919999942
            ],
            [
              190039.28039999958,
              427255.02110000141
            ],
            [
              190035.65429999959,
              427250.87140000053
            ],
            [
              190032.77840000018,
              427248.39100000262
            ],
            [
              190029.62530000135,
              427245.75900000148
            ],
            [
              190026.27290000301,
              427242.55450000241
            ],
            [
              190023.95590000041,
              427238.35949999839
            ],
            [
              190022.90480000339,
              427234.52050000243
            ],
            [
              190019.75160000008,
              427230.27020000108
            ],
            [
              190014.75970000215,
              427228.48110000044
            ],
            [
              190011.371199999,
              427224.79079999961
            ],
            [
              190008.11760000419,
              427220.02150000259
            ],
            [
              190002.92310000397,
              427219.75640000217
            ],
            [
              189998.47740000114,
              427217.89189999923
            ],
            [
              189994.61910000257,
              427215.30060000345
            ],
            [
              189991.86420000065,
              427214.84809999913
            ],
            [
              189989.45419999957,
              427214.48100000247
            ],
            [
              189987.06049999967,
              427213.34830000252
            ],
            [
              189982.54250000138,
              427211.78240000084
            ],
            [
              189980.86070000194,
              427208.8347000014
            ],
            [
              189981.74710000027,
              427204.6715000011
            ],
            [
              189984.46100000013,
              427198.92560000159
            ],
            [
              189988.91010000184,
              427196.05949999951
            ],
            [
              189993.47320000269,
              427194.49680000357
            ],
            [
              189998.43840000127,
              427195.0847000014
            ],
            [
              190002.57470000349,
              427196.8927000016
            ],
            [
              190007.83440000005,
              427198.53439999931
            ],
            [
              190011.75280000269,
              427201.89740000106
            ],
            [
              190016.9104000004,
              427201.89580000192
            ],
            [
              190022.64370000269,
              427202.03150000237
            ],
            [
              190028.15060000122,
              427202.6323000025
            ],
            [
              190033.87239999976,
              427203.80600000173
            ],
            [
              190038.99760000128,
              427206.36150000244
            ],
            [
              190044.94359999895,
              427207.50080000237
            ],
            [
              190049.85300000105,
              427210.15529999882
            ],
            [
              190056.11510000098,
              427212.81880000047
            ],
            [
              190062.75600000191,
              427214.75210000202
            ],
            [
              190069.38070000056,
              427216.89680000208
            ],
            [
              190075.69510000292,
              427215.63969999924
            ],
            [
              190080.91270000208,
              427213.81799999997
            ],
            [
              190085.50720000081,
              427210.30589999817
            ],
            [
              190090.61880000215,
              427207.05330000073
            ],
            [
              190095.5747000007,
              427203.49840000458
            ],
            [
              190098.91370000038,
              427201.01420000009
            ],
            [
              190101.69739999995,
              427199.22140000388
            ],
            [
              190105.10319999885,
              427198.54260000028
            ],
            [
              190109.92860000115,
              427198.76720000245
            ],
            [
              190114.30840000045,
              427197.59320000187
            ],
            [
              190115.22290000319,
              427196.33740000241
            ],
            [
              190117.25959999952,
              427193.1995000001
            ],
            [
              190116.52160000056,
              427188.21110000089
            ],
            [
              190119.11050000042,
              427186.05389999971
            ],
            [
              190120.30919999909,
              427187.74410000257
            ],
            [
              190123.99480000138,
              427190.97190000117
            ],
            [
              190127.1884000022,
              427195.84979999997
            ],
            [
              190130.02170000039,
              427201.67320000194
            ],
            [
              190132.84250000026,
              427206.30680000223
            ],
            [
              190135.43280000146,
              427210.95460000075
            ],
            [
              190138.46080000047,
              427214.08459999971
            ],
            [
              190143.56820000056,
              427215.64650000259
            ],
            [
              190149.09600000363,
              427216.15330000594
            ],
            [
              190154.58890000079,
              427215.12079999782
            ],
            [
              190160.5242999997,
              427213.43590000272
            ],
            [
              190165.74710000213,
              427211.04560000077
            ],
            [
              190170.51370000001,
              427207.51249999925
            ],
            [
              190175.39309999999,
              427204.1155000031
            ],
            [
              190180.76610000245,
              427202.09919999912
            ],
            [
              190186.05960000306,
              427200.29800000042
            ],
            [
              190188.71230000071,
              427199.30520000122
            ],
            [
              190192.37330000009,
              427197.43790000118
            ],
            [
              190191.85730000213,
              427194.00170000084
            ],
            [
              190189.71610000171,
              427191.47700000368
            ],
            [
              190187.88550000172,
              427188.57589999959
            ],
            [
              190187.26820000075,
              427185.13330000453
            ],
            [
              190186.60580000002,
              427183.83840000257
            ],
            [
              190182.88850000314,
              427185.0689000003
            ],
            [
              190179.14620000217,
              427186.91040000319
            ],
            [
              190174.44870000053,
              427189.69830000214
            ],
            [
              190169.57330000121,
              427192.45210000314
            ],
            [
              190164.55640000291,
              427194.95419999957
            ],
            [
              190159.97130000126,
              427197.5382000003
            ],
            [
              190155.38540000375,
              427197.2890000008
            ],
            [
              190153.25790000241,
              427196.18400000222
            ],
            [
              190152.00200000126,
              427195.31110000052
            ],
            [
              190152.13780000154,
              427194.71470000222
            ],
            [
              190149.78120000102,
              427191.00150000118
            ],
            [
              190147.51740000024,
              427187.11870000139
            ],
            [
              190145.53660000023,
              427184.26879999973
            ],
            [
              190143.31150000077,
              427181.8489000015
            ],
            [
              190142.04780000262,
              427176.88179999962
            ],
            [
              190140.52880000044,
              427171.40190000832
            ],
            [
              190136.72030000016,
              427168.28659999929
            ],
            [
              190133.97200000193,
              427164.59380000271
            ],
            [
              190129.98970000073,
              427164.30910000019
            ],
            [
              190129.83510000072,
              427161.06880000047
            ],
            [
              190129.44080000091,
              427161.33740000054
            ],
            [
              190128.57710000314,
              427159.87630000152
            ],
            [
              190125.52990000136,
              427157.32740000449
            ],
            [
              190120.86699999962,
              427156.31820000336
            ],
            [
              190115.59570000134,
              427154.82340000384
            ],
            [
              190110.91230000183,
              427154.77760000341
            ],
            [
              190107.16240000166,
              427155.36810000055
            ],
            [
              190103.82080000173,
              427155.78940000013
            ],
            [
              190101.7609000029,
              427154.0036999993
            ],
            [
              190098.70830000192,
              427151.19940000027
            ],
            [
              190096.57160000037,
              427150.91040000319
            ],
            [
              190094.2312000012,
              427151.21619999968
            ],
            [
              190092.53510000091,
              427152.18660000153
            ],
            [
              190090.41000000201,
              427152.57080000266
            ],
            [
              190088.75069999881,
              427153.25780000165
            ],
            [
              190087.27450000308,
              427153.33000000007
            ],
            [
              190085.90670000017,
              427153.31570000015
            ],
            [
              190083.94689999986,
              427154.29100000486
            ],
            [
              190081.35380000155,
              427155.29040000029
            ],
            [
              190078.36840000376,
              427158.04389999993
            ],
            [
              190076.53700000048,
              427156.90780000202
            ],
            [
              190073.83019999973,
              427158.35020000115
            ],
            [
              190071.21630000044,
              427159.86410000175
            ],
            [
              190069.34160000179,
              427158.25879999995
            ],
            [
              190067.03920000419,
              427158.26680000313
            ],
            [
              190065.45040000137,
              427158.68319999985
            ],
            [
              190062.81590000261,
              427157.44530000165
            ],
            [
              190060.08740000054,
              427158.01160000265
            ],
            [
              190057.08630000055,
              427159.4458000008
            ],
            [
              190054.64420000371,
              427159.63020000234
            ],
            [
              190052.14520000387,
              427159.26050000079
            ],
            [
              190049.84020000137,
              427158.9074000027
            ],
            [
              190049.17950000055,
              427156.71920000203
            ],
            [
              190048.79500000272,
              427154.86500000209
            ],
            [
              190048.11039999966,
              427153.15929999761
            ],
            [
              190048.27270000242,
              427150.71920000203
            ],
            [
              190047.75590000395,
              427148.35710000247
            ],
            [
              190046.73150000162,
              427146.54130000249
            ],
            [
              190045.58090000227,
              427146.59670000337
            ],
            [
              190045.44199999981,
              427142.98710000142
            ],
            [
              190044.97780000139,
              427141.17500000075
            ],
            [
              190044.06269999966,
              427139.89939999953
            ],
            [
              190042.93540000264,
              427136.58860000223
            ],
            [
              190043.26690000109,
              427135.61339999922
            ],
            [
              190042.69199999981,
              427133.0791000016
            ],
            [
              190042.90790000185,
              427129.55930000171
            ],
            [
              190043.59049999993,
              427128.86750000156
            ],
            [
              190045.04700000118,
              427127.01840000227
            ],
            [
              190045.63680000138,
              427124.9793999996
            ],
            [
              190046.8292000005,
              427122.38750000112
            ],
            [
              190046.50380000379,
              427121.46470000036
            ],
            [
              190047.2435000008,
              427120.28949999996
            ],
            [
              190047.54890000168,
              427118.08270000108
            ],
            [
              190047.97030000109,
              427116.14200000465
            ],
            [
              190049.474700002,
              427115.49170000106
            ],
            [
              190050.68960000016,
              427112.79510000162
            ],
            [
              190051.66480000038,
              427110.17440000176
            ],
            [
              190051.34240000043,
              427109.36140000075
            ],
            [
              190050.19650000241,
              427107.30929999985
            ],
            [
              190050.03309999965,
              427101.82560000196
            ],
            [
              190050.60990000237,
              427101.15490000322
            ],
            [
              190050.5242999997,
              427098.65230000205
            ],
            [
              190048.90749999974,
              427096.970900001
            ],
            [
              190049.66640000325,
              427094.2920000013
            ],
            [
              190049.1726000011,
              427092.05500000156
            ],
            [
              190048.54389999993,
              427090.34149999917
            ],
            [
              190049.55610000249,
              427088.44539999962
            ],
            [
              190050.47370000277,
              427086.85889999941
            ],
            [
              190050.96279999986,
              427085.72870000079
            ],
            [
              190049.65100000147,
              427083.77270000242
            ],
            [
              190048.95870000217,
              427081.39149999991
            ],
            [
              190049.72970000096,
              427078.56479999982
            ],
            [
              190048.88080000319,
              427073.79370000213
            ],
            [
              190047.75769999996,
              427072.4804999996
            ],
            [
              190046.331100001,
              427070.15920000151
            ],
            [
              190046.64600000158,
              427065.82560000196
            ],
            [
              190047.08600000199,
              427061.27290000208
            ],
            [
              190047.43470000289,
              427058.53370000049
            ],
            [
              190047.71829999983,
              427058.46900000051
            ],
            [
              190051.77790000103,
              427058.65300000273
            ],
            [
              190055.246000004,
              427056.95240000077
            ],
            [
              190059.96129999962,
              427055.36500000209
            ],
            [
              190065.59120000061,
              427051.84909999929
            ],
            [
              190069.63169999979,
              427052.76550000161
            ],
            [
              190073.01620000228,
              427052.76180000231
            ],
            [
              190078.46630000137,
              427049.44290000014
            ],
            [
              190081.80169999972,
              427047.94969999976
            ],
            [
              190085.09669999965,
              427045.97160000354
            ],
            [
              190086.83980000019,
              427045.05360000208
            ],
            [
              190091.79669999983,
              427045.13409999944
            ],
            [
              190100.24629999977,
              427044.30230000243
            ],
            [
              190105.05470000207,
              427042.26940000616
            ],
            [
              190109.22889999952,
              427040.59180000052
            ],
            [
              190114.71530000214,
              427040.17590000108
            ],
            [
              190120.24279999919,
              427039.81750000082
            ],
            [
              190124.60230000224,
              427039.99510000087
            ],
            [
              190128.78960000072,
              427041.26450000145
            ],
            [
              190132.31590000167,
              427042.01710000262
            ],
            [
              190137.68300000113,
              427041.00899999961
            ],
            [
              190143.15850000177,
              427041.30690000392
            ],
            [
              190147.3386000013,
              427044.31540000066
            ],
            [
              190153.21790000051,
              427045.08620000072
            ],
            [
              190159.97890000138,
              427044.5485999994
            ],
            [
              190169.63870000001,
              427042.99480000138
            ],
            [
              190174.38999999966,
              427040.49059999734
            ],
            [
              190178.24730000086,
              427042.00030000135
            ],
            [
              190186.1686000023,
              427039.88580000214
            ],
            [
              190190.65530000255,
              427037.67109999992
            ],
            [
              190194.13659999985,
              427035.22399999946
            ],
            [
              190197.87600000016,
              427031.43329999968
            ],
            [
              190201.12030000053,
              427029.78570000082
            ],
            [
              190205.57199999969,
              427028.69530000165
            ],
            [
              190210.33350000065,
              427027.36950000189
            ],
            [
              190216.38719999976,
              427028.98160000145
            ],
            [
              190222.69350000191,
              427030.3387000002
            ],
            [
              190228.26930000074,
              427033.67109999992
            ],
            [
              190233.45150000043,
              427034.30470000021
            ],
            [
              190238.58800000232,
              427035.25100000016
            ],
            [
              190244.04229999986,
              427035.35840000212
            ],
            [
              190249.87700000126,
              427036.12670000084
            ],
            [
              190256.41620000266,
              427035.54059999995
            ],
            [
              190262.67450000346,
              427033.18669999763
            ],
            [
              190269.54540000111,
              427033.83750000037
            ],
            [
              190274.04449999984,
              427035.72430000082
            ],
            [
              190278.17480000015,
              427035.59759999998
            ],
            [
              190283.87610000279,
              427036.59850000031
            ],
            [
              190287.85440000147,
              427037.63649999909
            ],
            [
              190292.96050000191,
              427036.68330000341
            ],
            [
              190297.53710000031,
              427034.13080000132
            ],
            [
              190306.8900000006,
              427033.13849999942
            ],
            [
              190311.43360000197,
              427032.69659999758
            ],
            [
              190315.03060000017,
              427031.54120000079
            ],
            [
              190319.63219999988,
              427029.89599999972
            ],
            [
              190322.21560000163,
              427029.88140000217
            ],
            [
              190325.72190000024,
              427028.63860000297
            ],
            [
              190327.59380000178,
              427026.75459999964
            ],
            [
              190332.23820000328,
              427026.77410000004
            ],
            [
              190335.16449999996,
              427026.42540000007
            ],
            [
              190339.91270000301,
              427024.78730000183
            ],
            [
              190345.44680000097,
              427023.30599999987
            ],
            [
              190347.91440000013,
              427021.59950000234
            ],
            [
              190352.19620000105,
              427019.03020000271
            ],
            [
              190352.66899999976,
              427015.53219999745
            ],
            [
              190352.54330000188,
              427011.75420000218
            ],
            [
              190352.16150000226,
              427005.05850000121
            ],
            [
              190350.45530000143,
              427000.11910000071
            ],
            [
              190351.13110000081,
              426992.36290000007
            ],
            [
              190351.8245000001,
              426983.03050000034
            ],
            [
              190350.51219999976,
              426978.66890000179
            ],
            [
              190350.96760000102,
              426972.53400000185
            ],
            [
              190354.11250000261,
              426965.65300000086
            ],
            [
              190357.79459999967,
              426958.87120000273
            ],
            [
              190358.08920000214,
              426951.90150000155
            ],
            [
              190358.49039999954,
              426945.80560000241
            ],
            [
              190359.3852000013,
              426941.06760000251
            ],
            [
              190356.98170000035,
              426935.73350000195
            ],
            [
              190357.3972000014,
              426931.5046000015
            ],
            [
              190357.57060000021,
              426927.89609999955
            ],
            [
              190359.27529999893,
              426922.85270000249
            ],
            [
              190357.42690000217,
              426916.54510000162
            ],
            [
              190358.7686999999,
              426909.83949999884
            ],
            [
              190358.91600000113,
              426907.24420000054
            ],
            [
              190356.76190000121,
              426901.56499999948
            ],
            [
              190354.55750000011,
              426895.08930000104
            ],
            [
              190351.36400000006,
              426890.54790000431
            ],
            [
              190351.36340000294,
              426891.09909999743
            ],
            [
              190349.78479999956,
              426887.77130000107
            ],
            [
              190348.96640000027,
              426881.83469999954
            ],
            [
              190347.86760000233,
              426874.39949999936
            ],
            [
              190346.78320000134,
              426867.38340000063
            ],
            [
              190345.76050000079,
              426864.57740000077
            ],
            [
              190343.90479999967,
              426856.81210000254
            ],
            [
              190342.65700000152,
              426851.79710000195
            ],
            [
              190338.46360000316,
              426845.73460000195
            ],
            [
              190334.11710000038,
              426839.45460000262
            ],
            [
              190330.23270000238,
              426832.86040000059
            ],
            [
              190326.31209999975,
              426827.08590000123
            ],
            [
              190324.57340000011,
              426819.92520000227
            ],
            [
              190320.4158000024,
              426813.30820000172
            ],
            [
              190311.52900000196,
              426804.86810000055
            ],
            [
              190306.45290000085,
              426803.24970000237
            ],
            [
              190302.23010000307,
              426799.40520000085
            ],
            [
              190299.89510000125,
              426795.9327000007
            ],
            [
              190297.42110000085,
              426793.28450000286
            ],
            [
              190294.69520000089,
              426790.13949999958
            ],
            [
              190289.44799999986,
              426786.36720000207
            ],
            [
              190283.7742000008,
              426778.15729999915
            ],
            [
              190280.38089999929,
              426773.19280000217
            ],
            [
              190276.72429999989,
              426767.38230000064
            ],
            [
              190270.59229999967,
              426759.59400000423
            ],
            [
              190268.14290000126,
              426752.19319999963
            ],
            [
              190263.09340000059,
              426745.95830000006
            ],
            [
              190256.94800000172,
              426742.8180000037
            ],
            [
              190253.76880000159,
              426741.45529999956
            ],
            [
              190251.09970000107,
              426738.61800000258
            ],
            [
              190248.49400000088,
              426736.2734999992
            ],
            [
              190241.30599999987,
              426733.98459999822
            ],
            [
              190234.89810000081,
              426727.98929999955
            ],
            [
              190230.74960000068,
              426721.92950000428
            ],
            [
              190226.10680000018,
              426714.03990000114
            ],
            [
              190222.68470000103,
              426708.36390000209
            ],
            [
              190218.21850000229,
              426702.65100000054
            ],
            [
              190215.489500002,
              426696.73359999992
            ],
            [
              190211.76430000179,
              426688.98310000077
            ],
            [
              190210.9953000024,
              426684.48230000213
            ],
            [
              190213.5968000032,
              426681.60820000246
            ],
            [
              190218.94979999959,
              426680.84470000304
            ],
            [
              190224.69710000325,
              426679.82450000383
            ],
            [
              190230.29040000308,
              426675.47170000151
            ],
            [
              190237.01080000028,
              426673.06560000218
            ],
            [
              190247.36560000107,
              426668.38980000094
            ],
            [
              190251.46430000011,
              426657.76350000314
            ],
            [
              190256.7098000031,
              426649.0829000026
            ],
            [
              190257.13599999994,
              426648.97270000167
            ],
            [
              190269.25960000418,
              426636.477400003
            ],
            [
              190273.31290000118,
              426630.99479999952
            ],
            [
              190276.58900000155,
              426627.48100000247
            ],
            [
              190278.09520000126,
              426621.90880000405
            ],
            [
              190278.82530000247,
              426617.14130000398
            ]
          ]
        ]
      }
    }
  ]
}