{
  "displayFieldName" : "",
  "fieldAliases" : {
    "FID" : "FID",
    "PMNTN_SN" : "PMNTN_SN",
    "MNTN_CODE" : "MNTN_CODE",
    "MNTN_NM" : "MNTN_NM",
    "PMNTN_NM" : "PMNTN_NM",
    "PMNTN_MAIN" : "PMNTN_MAIN",
    "PMNTN_LT" : "PMNTN_LT",
    "PMNTN_DFFL" : "PMNTN_DFFL",
    "PMNTN_UPPL" : "PMNTN_UPPL",
    "PMNTN_GODN" : "PMNTN_GODN",
    "PMNTN_MTRQ" : "PMNTN_MTRQ",
    "PMNTN_CNRL" : "PMNTN_CNRL",
    "PMNTN_CLS_" : "PMNTN_CLS_",
    "PMNTN_RISK" : "PMNTN_RISK",
    "PMNTN_RECO" : "PMNTN_RECO",
    "DATA_STDR_" : "DATA_STDR_",
    "MNTN_ID" : "MNTN_ID"
  },
  "geometryType" : "esriGeometryPolyline",
  "spatialReference" : {
    "wkt" : "PROJCS[\"PCS_ITRF2000_TM\",GEOGCS[\"GCS_ITRF_2000\",DATUM[\"D_ITRF_2000\",SPHEROID[\"GRS_1980\",6378137.0,298.257222101]],PRIMEM[\"Greenwich\",0.0],UNIT[\"Degree\",0.0174532925199433]],PROJECTION[\"Transverse_Mercator\"],PARAMETER[\"False_Easting\",200000.0],PARAMETER[\"False_Northing\",600000.0],PARAMETER[\"Central_Meridian\",127.0],PARAMETER[\"Scale_Factor\",1.0],PARAMETER[\"Latitude_Of_Origin\",38.0],UNIT[\"Meter\",1.0]]"
  },
  "fields" : [
    {
      "name" : "FID",
      "type" : "esriFieldTypeOID",
      "alias" : "FID"
    },
    {
      "name" : "PMNTN_SN",
      "type" : "esriFieldTypeDouble",
      "alias" : "PMNTN_SN"
    },
    {
      "name" : "MNTN_CODE",
      "type" : "esriFieldTypeString",
      "alias" : "MNTN_CODE",
      "length" : 9
    },
    {
      "name" : "MNTN_NM",
      "type" : "esriFieldTypeString",
      "alias" : "MNTN_NM",
      "length" : 50
    },
    {
      "name" : "PMNTN_NM",
      "type" : "esriFieldTypeString",
      "alias" : "PMNTN_NM",
      "length" : 50
    },
    {
      "name" : "PMNTN_MAIN",
      "type" : "esriFieldTypeString",
      "alias" : "PMNTN_MAIN",
      "length" : 200
    },
    {
      "name" : "PMNTN_LT",
      "type" : "esriFieldTypeSingle",
      "alias" : "PMNTN_LT"
    },
    {
      "name" : "PMNTN_DFFL",
      "type" : "esriFieldTypeString",
      "alias" : "PMNTN_DFFL",
      "length" : 8
    },
    {
      "name" : "PMNTN_UPPL",
      "type" : "esriFieldTypeDouble",
      "alias" : "PMNTN_UPPL"
    },
    {
      "name" : "PMNTN_GODN",
      "type" : "esriFieldTypeDouble",
      "alias" : "PMNTN_GODN"
    },
    {
      "name" : "PMNTN_MTRQ",
      "type" : "esriFieldTypeString",
      "alias" : "PMNTN_MTRQ",
      "length" : 200
    },
    {
      "name" : "PMNTN_CNRL",
      "type" : "esriFieldTypeString",
      "alias" : "PMNTN_CNRL",
      "length" : 1
    },
    {
      "name" : "PMNTN_CLS_",
      "type" : "esriFieldTypeString",
      "alias" : "PMNTN_CLS_",
      "length" : 1
    },
    {
      "name" : "PMNTN_RISK",
      "type" : "esriFieldTypeString",
      "alias" : "PMNTN_RISK",
      "length" : 200
    },
    {
      "name" : "PMNTN_RECO",
      "type" : "esriFieldTypeString",
      "alias" : "PMNTN_RECO",
      "length" : 1
    },
    {
      "name" : "DATA_STDR_",
      "type" : "esriFieldTypeString",
      "alias" : "DATA_STDR_",
      "length" : 10
    },
    {
      "name" : "MNTN_ID",
      "type" : "esriFieldTypeString",
      "alias" : "MNTN_ID",
      "length" : 10
    }
  ],
  "features" : [
    {
      "attributes" : {
        "FID" : 0,
        "PMNTN_SN" : 740,
        "MNTN_CODE" : "413700901",
        "MNTN_NM" : "각골산",
        "PMNTN_NM" : "서동구간",
        "PMNTN_MAIN" : " ",
        "PMNTN_LT" : 0.2,
        "PMNTN_DFFL" : "쉬움",
        "PMNTN_UPPL" : 4,
        "PMNTN_GODN" : 2,
        "PMNTN_MTRQ" : " ",
        "PMNTN_CNRL" : " ",
        "PMNTN_CLS_" : " ",
        "PMNTN_RISK" : " ",
        "PMNTN_RECO" : " ",
        "DATA_STDR_" : "2016-12-31",
        "MNTN_ID" : "413700101"
      },
      "geometry" : {
        "paths" : [
          [
            [
              204174.91629999969,
              504943.30800000019
            ],
            [
              204171.06950000115,
              504941.81379999965
            ],
            [
              204153.93580000103,
              504934.08650000207
            ],
            [
              204128.00130000152,
              504919.26180000044
            ],
            [
              204111.85340000037,
              504910.85290000215
            ],
            [
              204091.92290000059,
              504904.82480000332
            ],
            [
              204067.1222000001,
              504894.94710000046
            ],
            [
              204025.6548000006,
              504883.37470000051
            ],
            [
              204001.4550999999,
              504880.0064000003
            ],
            [
              203996.61980000138,
              504884.81010000221
            ],
            [
              203994.77870000061,
              504886.95739999972
            ],
            [
              203989.19830000121,
              504891.00449999981
            ]
          ]
        ]
      }
    },
    {
      "attributes" : {
        "FID" : 1,
        "PMNTN_SN" : 741,
        "MNTN_CODE" : "413700901",
        "MNTN_NM" : "각골산",
        "PMNTN_NM" : "누읍동구간",
        "PMNTN_MAIN" : " ",
        "PMNTN_LT" : 0.14,
        "PMNTN_DFFL" : "쉬움",
        "PMNTN_UPPL" : 2,
        "PMNTN_GODN" : 2,
        "PMNTN_MTRQ" : " ",
        "PMNTN_CNRL" : " ",
        "PMNTN_CLS_" : " ",
        "PMNTN_RISK" : " ",
        "PMNTN_RECO" : " ",
        "DATA_STDR_" : "2016-12-31",
        "MNTN_ID" : "413700101"
      },
      "geometry" : {
        "paths" : [
          [
            [
              204174.91629999969,
              504943.30800000019
            ],
            [
              204175.11679999996,
              504943.13939999975
            ],
            [
              204180.57230000012,
              504938.5513000004
            ],
            [
              204184.98660000227,
              504934.99660000019
            ],
            [
              204187.82330000214,
              504931.47370000184
            ],
            [
              204189.80790000036,
              504927.32540000044
            ],
            [
              204191.34949999955,
              504920.7762000002
            ],
            [
              204193.44969999976,
              504917.52210000157
            ],
            [
              204196.64580000099,
              504914.44109999947
            ],
            [
              204200.93490000069,
              504911.08450000174
            ],
            [
              204202.36569999997,
              504908.56920000352
            ],
            [
              204203.34310000017,
              504904.17190000229
            ],
            [
              204206.20999999996,
              504895.22890000045
            ],
            [
              204207.42610000074,
              504892.14570000209
            ],
            [
              204208.70089999959,
              504889.43790000118
            ],
            [
              204212.25370000117,
              504883.61590000428
            ],
            [
              204214.95170000102,
              504876.04330000095
            ],
            [
              204217.0429000007,
              504871.6099999994
            ],
            [
              204218.19790000096,
              504865.5808000043
            ],
            [
              204224.32790000085,
              504863.54180000164
            ],
            [
              204229.23919999972,
              504862.20229999721
            ],
            [
              204233.6595999999,
              504860.80970000103
            ],
            [
              204237.33840000164,
              504858.58630000241
            ],
            [
              204239.50840000063,
              504856.39800000191
            ],
            [
              204241.7407999998,
              504852.3796000015
            ],
            [
              204244.54280000087,
              504848.04340000078
            ],
            [
              204249.27170000039,
              504843.55590000004
            ],
            [
              204251.08230000082,
              504840.76420000196
            ],
            [
              204252.01000000071,
              504838.09210000187
            ]
          ]
        ]
      }
    },
    {
      "attributes" : {
        "FID" : 2,
        "PMNTN_SN" : 742,
        "MNTN_CODE" : "413700901",
        "MNTN_NM" : "각골산",
        "PMNTN_NM" : "누읍동구간",
        "PMNTN_MAIN" : " ",
        "PMNTN_LT" : 0.13,
        "PMNTN_DFFL" : "쉬움",
        "PMNTN_UPPL" : 2,
        "PMNTN_GODN" : 2,
        "PMNTN_MTRQ" : " ",
        "PMNTN_CNRL" : " ",
        "PMNTN_CLS_" : " ",
        "PMNTN_RISK" : " ",
        "PMNTN_RECO" : " ",
        "DATA_STDR_" : "2016-12-31",
        "MNTN_ID" : "413700101"
      },
      "geometry" : {
        "paths" : [
          [
            [
              204304.7555999998,
              504947.4998000022
            ],
            [
              204298.13310000114,
              504950.13680000231
            ],
            [
              204275.38239999954,
              504952.5401000008
            ],
            [
              204259.6194000002,
              504953.87109999917
            ],
            [
              204244.86139999982,
              504952.47350000218
            ],
            [
              204229.7862000009,
              504951.76860000007
            ],
            [
              204212.81350000203,
              504949.52940000221
            ],
            [
              204203.75430000015,
              504950.88260000199
            ],
            [
              204197.10140000004,
              504951.12050000019
            ],
            [
              204187.18209999986,
              504948.41920000128
            ],
            [
              204184.45299999975,
              504947.67589999735
            ],
            [
              204179.43300000019,
              504945.59630000405
            ],
            [
              204175.76779999956,
              504943.73939999938
            ],
            [
              204174.91629999969,
              504943.30800000019
            ]
          ]
        ]
      }
    },
    {
      "attributes" : {
        "FID" : 3,
        "PMNTN_SN" : 743,
        "MNTN_CODE" : "413700901",
        "MNTN_NM" : "각골산",
        "PMNTN_NM" : "서동구간",
        "PMNTN_MAIN" : " ",
        "PMNTN_LT" : 0.13,
        "PMNTN_DFFL" : "쉬움",
        "PMNTN_UPPL" : 2,
        "PMNTN_GODN" : 2,
        "PMNTN_MTRQ" : " ",
        "PMNTN_CNRL" : " ",
        "PMNTN_CLS_" : " ",
        "PMNTN_RISK" : " ",
        "PMNTN_RECO" : " ",
        "DATA_STDR_" : "2016-12-31",
        "MNTN_ID" : "413700101"
      },
      "geometry" : {
        "paths" : [
          [
            [
              203986.35130000021,
              505118.48480000347
            ],
            [
              203988.25400000066,
              505120.63210000098
            ],
            [
              203990.98920000065,
              505122.9047000017
            ],
            [
              203995.14750000089,
              505125.22819999978
            ],
            [
              203997.73150000069,
              505127.57300000265
            ],
            [
              203999.85740000196,
              505131.43129999936
            ],
            [
              203999.98180000018,
              505139.07679999992
            ],
            [
              204000.74350000173,
              505142.01740000024
            ],
            [
              204004.96860000119,
              505146.23360000364
            ],
            [
              204008.67550000083,
              505151.97120000049
            ],
            [
              204011.75050000194,
              505155.50800000131
            ],
            [
              204012.75170000084,
              505158.19600000232
            ],
            [
              204012.24739999976,
              505163.13340000063
            ],
            [
              204012.16630000155,
              505167.51970000379
            ],
            [
              204012.99580000062,
              505170.89090000279
            ],
            [
              204014.47980000079,
              505173.84900000133
            ],
            [
              204017.61910000071,
              505178.37509999983
            ],
            [
              204024.34760000091,
              505179.37140000239
            ],
            [
              204027.95669999998,
              505180.46220000274
            ],
            [
              204030.10680000018,
              505182.33220000006
            ],
            [
              204034.57170000114,
              505187.2435999997
            ],
            [
              204038.59000000078,
              505191.26190000214
            ],
            [
              204042.58150000125,
              505196.04969999939
            ],
            [
              204047.51970000099,
              505196.17330000363
            ],
            [
              204051.17769999988,
              505196.46860000119
            ],
            [
              204054.00939999986,
              505197.5362999998
            ],
            [
              204057.67430000193,
              505201.06260000169
            ],
            [
              204061.8236000007,
              505203.66840000264
            ],
            [
              204065.82560000103,
              505204.65650000237
            ]
          ]
        ]
      }
    },
    {
      "attributes" : {
        "FID" : 4,
        "PMNTN_SN" : 744,
        "MNTN_CODE" : "413700901",
        "MNTN_NM" : "각골산",
        "PMNTN_NM" : " ",
        "PMNTN_MAIN" : " ",
        "PMNTN_LT" : 0.3,
        "PMNTN_DFFL" : "쉬움",
        "PMNTN_UPPL" : 5,
        "PMNTN_GODN" : 4,
        "PMNTN_MTRQ" : " ",
        "PMNTN_CNRL" : " ",
        "PMNTN_CLS_" : " ",
        "PMNTN_RISK" : " ",
        "PMNTN_RECO" : " ",
        "DATA_STDR_" : "2016-12-31",
        "MNTN_ID" : "413700101"
      },
      "geometry" : {
        "paths" : [
          [
            [
              204065.82560000103,
              505204.65650000237
            ],
            [
              204068.18800000008,
              505203.10100000352
            ],
            [
              204071.62990000192,
              505198.40570000187
            ],
            [
              204075.87920000125,
              505192.29969999939
            ],
            [
              204080.34100000001,
              505188.06310000271
            ],
            [
              204082.20370000042,
              505185.04649999924
            ],
            [
              204083.45570000168,
              505179.55650000088
            ],
            [
              204085.89769999962,
              505174.48399999924
            ],
            [
              204087.01760000084,
              505171.88660000265
            ],
            [
              204088.20359999966,
              505169.13599999994
            ],
            [
              204090.64850000013,
              505162.52850000188
            ],
            [
              204092.02919999976,
              505158.79690000415
            ],
            [
              204093.9542000005,
              505154.20370000228
            ],
            [
              204096.70700000226,
              505148.39299999923
            ],
            [
              204098.86550000217,
              505144.38100000098
            ],
            [
              204101.76570000127,
              505139.65689999983
            ],
            [
              204104.22339999955,
              505136.34430000186
            ],
            [
              204108.29800000042,
              505132.50500000082
            ],
            [
              204110.09219999984,
              505130.13590000011
            ],
            [
              204111.4840000011,
              505127.40909999982
            ],
            [
              204112.75020000059,
              505123.12620000169
            ],
            [
              204113.19480000064,
              505118.96929999813
            ],
            [
              204112.39580000099,
              505114.27080000006
            ],
            [
              204110.02770000137,
              505110.44810000435
            ],
            [
              204107.79519999959,
              505105.09029999934
            ],
            [
              204106.49640000146,
              505101.31069999933
            ],
            [
              204105.56280000135,
              505097.94649999961
            ],
            [
              204104.8928000005,
              505094.49730000459
            ],
            [
              204104.22339999955,
              505089.46330000088
            ],
            [
              204103.02350000106,
              505081.11459999904
            ],
            [
              204103.67889999971,
              505077.4804999996
            ],
            [
              204106.45579999965,
              505072.49689999968
            ],
            [
              204107.98710000049,
              505068.85060000233
            ],
            [
              204108.71289999969,
              505064.92760000192
            ],
            [
              204107.87540000025,
              505057.80959999934
            ],
            [
              204107.86710000038,
              505053.47810000181
            ],
            [
              204108.24170000106,
              505048.38670000434
            ],
            [
              204109.14240000118,
              505038.62740000151
            ],
            [
              204108.88110000081,
              505029.21560000069
            ],
            [
              204109.95270000026,
              505023.86640000157
            ],
            [
              204111.39550000057,
              505020.31140000187
            ],
            [
              204113.90500000026,
              505016.90149999969
            ],
            [
              204118.51090000011,
              505013.56079999916
            ],
            [
              204125.20820000209,
              505007.756500002
            ],
            [
              204134.14989999961,
              504999.27650000155
            ],
            [
              204137.70980000123,
              504996.14790000208
            ],
            [
              204144.28789999988,
              504991.1838000007
            ],
            [
              204147.42750000022,
              504988.20959999785
            ],
            [
              204151.10430000164,
              504984.09280000255
            ],
            [
              204155.69809999969,
              504979.08410000242
            ],
            [
              204158.24810000043,
              504976.05599999987
            ],
            [
              204161.33409999963,
              504971.95260000229
            ],
            [
              204163.60590000078,
              504968.46580000035
            ],
            [
              204165.38609999977,
              504965.08280000091
            ],
            [
              204168.07080000173,
              504959.08960000239
            ],
            [
              204171.19620000105,
              504951.94580000453
            ],
            [
              204172.73900000192,
              504947.55590000004
            ],
            [
              204174.91629999969,
              504943.30800000019
            ]
          ]
        ]
      }
    },
    {
      "attributes" : {
        "FID" : 5,
        "PMNTN_SN" : 745,
        "MNTN_CODE" : "413700901",
        "MNTN_NM" : "각골산",
        "PMNTN_NM" : " ",
        "PMNTN_MAIN" : " ",
        "PMNTN_LT" : 0.14,
        "PMNTN_DFFL" : "쉬움",
        "PMNTN_UPPL" : 2,
        "PMNTN_GODN" : 2,
        "PMNTN_MTRQ" : " ",
        "PMNTN_CNRL" : " ",
        "PMNTN_CLS_" : " ",
        "PMNTN_RISK" : " ",
        "PMNTN_RECO" : " ",
        "DATA_STDR_" : "2016-12-31",
        "MNTN_ID" : "413700101"
      },
      "geometry" : {
        "paths" : [
          [
            [
              204065.82560000103,
              505204.65650000237
            ],
            [
              204067.0436000023,
              505208.65180000104
            ],
            [
              204068.05810000096,
              505212.69319999963
            ],
            [
              204069.1540000001,
              505219.24640000239
            ],
            [
              204071.76260000095,
              505226.45610000007
            ],
            [
              204071.83390000183,
              505229.94330000132
            ],
            [
              204071.31209999975,
              505232.86050000414
            ],
            [
              204069.7890000008,
              505237.20480000041
            ],
            [
              204067.16509999987,
              505242.60779999942
            ],
            [
              204065.20200000051,
              505245.8908000011
            ],
            [
              204062.70020000171,
              505249.3049999997
            ],
            [
              204058.70300000068,
              505253.88499999978
            ],
            [
              204056.00270000007,
              505256.22159999982
            ],
            [
              204052.93620000128,
              505258.10200000182
            ],
            [
              204047.51970000099,
              505260.46719999984
            ],
            [
              204040.80200000014,
              505263.45060000196
            ],
            [
              204039.40479999967,
              505266.03610000201
            ],
            [
              204041.13109999988,
              505272.96450000256
            ],
            [
              204044.00600000005,
              505279.88389999978
            ],
            [
              204043.32930000033,
              505282.74530000053
            ],
            [
              204038.1435000021,
              505286.80980000459
            ],
            [
              204030.99980000127,
              505293.95360000245
            ],
            [
              204026.26530000009,
              505298.12610000186
            ],
            [
              204023.66710000113,
              505301.14640000276
            ],
            [
              204020.00890000165,
              505307.71070000157
            ],
            [
              204015.93120000139,
              505313.62300000153
            ],
            [
              204013.27530000079,
              505315.81490000151
            ]
          ]
        ]
      }
    },
    {
      "attributes" : {
        "FID" : 6,
        "PMNTN_SN" : 746,
        "MNTN_CODE" : "413700901",
        "MNTN_NM" : "각골산",
        "PMNTN_NM" : "서동구간",
        "PMNTN_MAIN" : " ",
        "PMNTN_LT" : 0.27,
        "PMNTN_DFFL" : "쉬움",
        "PMNTN_UPPL" : 5,
        "PMNTN_GODN" : 3,
        "PMNTN_MTRQ" : " ",
        "PMNTN_CNRL" : " ",
        "PMNTN_CLS_" : " ",
        "PMNTN_RISK" : " ",
        "PMNTN_RECO" : " ",
        "DATA_STDR_" : "2016-12-31",
        "MNTN_ID" : "413700101"
      },
      "geometry" : {
        "paths" : [
          [
            [
              203954.00549999997,
              505287.96710000001
            ],
            [
              203951.22440000065,
              505287.4514000006
            ],
            [
              203946.10830000043,
              505286.81010000035
            ],
            [
              203940.36330000125,
              505286.36329999939
            ],
            [
              203929.64760000072,
              505286.36329999939
            ],
            [
              203923.51020000037,
              505286.22880000249
            ],
            [
              203919.82490000129,
              505285.91679999977
            ],
            [
              203913.11790000089,
              505284.80230000056
            ],
            [
              203909.69200000074,
              505283.67129999958
            ],
            [
              203906.36660000123,
              505281.78200000152
            ],
            [
              203901.51910000015,
              505277.88010000065
            ],
            [
              203894.58239999972,
              505273.31790000014
            ],
            [
              203889.74069999997,
              505269.13829999976
            ],
            [
              203884.55260000005,
              505263.59260000288
            ],
            [
              203876.96240000054,
              505254.66290000081
            ],
            [
              203874.41350000072,
              505251.32169999927
            ],
            [
              203868.38830000069,
              505242.83630000055
            ],
            [
              203864.90730000008,
              505238.58940000273
            ],
            [
              203859.98140000086,
              505233.91569999978
            ],
            [
              203857.59889999963,
              505230.87480000034
            ],
            [
              203854.27120000124,
              505224.26030000113
            ],
            [
              203851.32280000113,
              505220.83880000189
            ],
            [
              203841.69000000041,
              505213.58620000444
            ],
            [
              203832.31380000059,
              505205.10300000012
            ],
            [
              203827.73380000051,
              505201.33720000088
            ],
            [
              203824.72360000107,
              505199.29870000109
            ],
            [
              203821.02280000132,
              505197.48350000195
            ],
            [
              203816.24040000048,
              505195.72680000402
            ],
            [
              203810.86039999966,
              505194.12360000052
            ],
            [
              203806.86420000065,
              505193.4944000002
            ],
            [
              203803.46200000029,
              505193.30959999934
            ],
            [
              203800.32479999959,
              505193.55729999952
            ],
            [
              203797.36150000058,
              505194.83140000142
            ],
            [
              203795.17810000014,
              505197.15690000169
            ],
            [
              203793.51599999983,
              505201.30470000021
            ],
            [
              203793.91610000189,
              505208.67490000278
            ],
            [
              203795.2555999998,
              505217.60460000113
            ],
            [
              203795.25380000193,
              505221.03979999945
            ],
            [
              203794.80910000019,
              505227.42730000243
            ],
            [
              203794.71590000018,
              505236.11980000138
            ],
            [
              203794.17470000125,
              505239.39550000243
            ],
            [
              203792.29200000037,
              505243.52900000289
            ],
            [
              203785.87939999998,
              505251.53750000149
            ],
            [
              203782.62739999965,
              505255.72520000115
            ],
            [
              203778.92500000168,
              505257.67679999955
            ],
            [
              203775.74260000139,
              505258.10040000267
            ],
            [
              203772.93130000122,
              505257.78830000199
            ]
          ]
        ]
      }
    },
    {
      "attributes" : {
        "FID" : 7,
        "PMNTN_SN" : 747,
        "MNTN_CODE" : "413700901",
        "MNTN_NM" : "각골산",
        "PMNTN_NM" : "서동구간",
        "PMNTN_MAIN" : " ",
        "PMNTN_LT" : 0.14,
        "PMNTN_DFFL" : "쉬움",
        "PMNTN_UPPL" : 2,
        "PMNTN_GODN" : 2,
        "PMNTN_MTRQ" : " ",
        "PMNTN_CNRL" : " ",
        "PMNTN_CLS_" : " ",
        "PMNTN_RISK" : " ",
        "PMNTN_RECO" : " ",
        "DATA_STDR_" : "2016-12-31",
        "MNTN_ID" : "413700101"
      },
      "geometry" : {
        "paths" : [
          [
            [
              203954.00549999997,
              505287.96710000001
            ],
            [
              203954.72970000096,
              505275.13639999926
            ],
            [
              203953.46220000181,
              505268.72120000236
            ],
            [
              203952.1063000001,
              505257.5103999991
            ],
            [
              203951.68290000036,
              505247.34380000085
            ],
            [
              203957.34280000068,
              505233.4533000011
            ],
            [
              203961.24780000001,
              505222.82880000211
            ],
            [
              203962.73300000094,
              505219.3834999986
            ],
            [
              203964.02390000131,
              505213.33560000174
            ],
            [
              203965.62440000102,
              505210.35100000165
            ],
            [
              203968.39050000068,
              505203.56020000018
            ],
            [
              203968.02919999976,
              505197.10100000352
            ],
            [
              203967.6810999997,
              505190.8638000004
            ],
            [
              203965.80580000207,
              505181.03960000351
            ],
            [
              203959.21980000101,
              505165.16530000418
            ],
            [
              203949.96449999977,
              505153.05260000192
            ]
          ]
        ]
      }
    },
    {
      "attributes" : {
        "FID" : 8,
        "PMNTN_SN" : 748,
        "MNTN_CODE" : "413700901",
        "MNTN_NM" : "각골산",
        "PMNTN_NM" : " ",
        "PMNTN_MAIN" : " ",
        "PMNTN_LT" : 0.07,
        "PMNTN_DFFL" : "쉬움",
        "PMNTN_UPPL" : 1,
        "PMNTN_GODN" : 1,
        "PMNTN_MTRQ" : " ",
        "PMNTN_CNRL" : " ",
        "PMNTN_CLS_" : " ",
        "PMNTN_RISK" : " ",
        "PMNTN_RECO" : " ",
        "DATA_STDR_" : "2016-12-31",
        "MNTN_ID" : "413700101"
      },
      "geometry" : {
        "paths" : [
          [
            [
              204013.27530000079,
              505315.81490000151
            ],
            [
              204010.59130000137,
              505314.92240000144
            ],
            [
              204008.3300999999,
              505311.44260000065
            ],
            [
              204005.23440000042,
              505309.47230000421
            ],
            [
              203998.85280000139,
              505306.90160000324
            ],
            [
              203993.73470000084,
              505304.25260000117
            ],
            [
              203989.92310000118,
              505301.99030000158
            ],
            [
              203983.22590000089,
              505297.07899999991
            ],
            [
              203979.31540000066,
              505294.99150000326
            ],
            [
              203974.74260000139,
              505293.0605999995
            ],
            [
              203971.00349999964,
              505291.83860000223
            ],
            [
              203965.36639999878,
              505290.38170000166
            ],
            [
              203958.51800000016,
              505288.8040000014
            ],
            [
              203954.00549999997,
              505287.96710000001
            ]
          ]
        ]
      }
    },
    {
      "attributes" : {
        "FID" : 9,
        "PMNTN_SN" : 749,
        "MNTN_CODE" : "413700901",
        "MNTN_NM" : "각골산",
        "PMNTN_NM" : " ",
        "PMNTN_MAIN" : " ",
        "PMNTN_LT" : 0.79,
        "PMNTN_DFFL" : "쉬움",
        "PMNTN_UPPL" : 14,
        "PMNTN_GODN" : 10,
        "PMNTN_MTRQ" : " ",
        "PMNTN_CNRL" : " ",
        "PMNTN_CLS_" : " ",
        "PMNTN_RISK" : " ",
        "PMNTN_RECO" : " ",
        "DATA_STDR_" : "2016-12-31",
        "MNTN_ID" : "413700101"
      },
      "geometry" : {
        "paths" : [
          [
            [
              204013.27530000079,
              505315.81490000151
            ],
            [
              204011.60639999993,
              505324.19680000097
            ],
            [
              204010.69620000105,
              505332.63650000095
            ],
            [
              204010.88439999986,
              505341.40890000015
            ],
            [
              204010.46630000137,
              505345.53099999949
            ],
            [
              204008.38310000021,
              505352.81650000252
            ],
            [
              204009.81410000008,
              505357.40730000287
            ],
            [
              204012.74300000072,
              505360.72539999895
            ],
            [
              204017.83990000095,
              505365.18040000461
            ],
            [
              204020.80380000081,
              505367.64740000106
            ],
            [
              204030.54000000004,
              505374.7053999994
            ],
            [
              204033.82050000038,
              505377.11400000192
            ],
            [
              204042.40149999969,
              505382.7826000005
            ],
            [
              204046.30930000078,
              505385.89540000446
            ],
            [
              204048.87660000008,
              505388.78170000389
            ],
            [
              204050.88110000081,
              505392.73740000278
            ],
            [
              204051.65189999994,
              505396.7268000003
            ],
            [
              204051.72600000072,
              505400.03050000221
            ],
            [
              204049.80999999959,
              505403.89200000092
            ],
            [
              204042.45440000203,
              505407.61759999953
            ],
            [
              204037.64740000013,
              505411.04580000229
            ],
            [
              204030.2407000009,
              505417.92100000195
            ],
            [
              204027.09869999997,
              505420.51700000092
            ],
            [
              204022.75940000173,
              505423.05169999972
            ],
            [
              204018.16840000078,
              505424.06830000132
            ],
            [
              204010.63449999969,
              505423.31810000166
            ],
            [
              204007.5708000008,
              505423.27439999767
            ],
            [
              204003.73630000092,
              505425.26530000195
            ],
            [
              204001.66940000094,
              505428.40440000407
            ],
            [
              204000.58980000112,
              505431.44760000147
            ],
            [
              203997.99609999917,
              505440.58680000342
            ],
            [
              203996.87060000096,
              505444.20160000026
            ],
            [
              203994.44900000002,
              505453.81020000018
            ],
            [
              203992.97389999963,
              505457.68020000309
            ],
            [
              203990.57250000071,
              505461.65230000019
            ],
            [
              203984.79240000062,
              505468.84310000204
            ],
            [
              203982.77680000104,
              505473.49100000039
            ],
            [
              203982.10889999941,
              505476.68469999917
            ],
            [
              203981.68140000105,
              505480.31910000183
            ],
            [
              203981.32740000077,
              505485.83060000464
            ],
            [
              203981.23169999942,
              505489.07709999941
            ],
            [
              203981.31419999991,
              505493.33040000126
            ],
            [
              203982.12110000011,
              505502.49939999916
            ],
            [
              203983.16509999987,
              505510.87289999984
            ],
            [
              203984.12900000066,
              505514.80370000005
            ],
            [
              203985.69620000105,
              505518.62769999914
            ],
            [
              203987.38030000124,
              505521.42870000191
            ],
            [
              203994.02740000095,
              505530.2807
            ],
            [
              203998.8357999986,
              505537.2862000037
            ],
            [
              204001.18360000011,
              505539.86840000376
            ],
            [
              204004.48170000035,
              505542.41700000316
            ],
            [
              204007.27460000012,
              505544.00329999998
            ],
            [
              204010.1901000021,
              505545.27129999921
            ],
            [
              204015.07980000041,
              505546.40169999935
            ],
            [
              204018.86939999927,
              505545.92330000177
            ],
            [
              204025.73070000205,
              505544.50599999912
            ],
            [
              204029.68750000093,
              505544.43060000427
            ],
            [
              204033.05929999985,
              505545.52450000122
            ],
            [
              204035.56089999992,
              505546.84460000321
            ],
            [
              204042.44620000012,
              505551.71200000308
            ],
            [
              204048.94570000097,
              505556.52190000005
            ],
            [
              204052.97329999972,
              505560.03420000151
            ],
            [
              204055.96300000139,
              505562.87450000271
            ],
            [
              204062.13219999988,
              505570.36260000244
            ],
            [
              204064.67129999958,
              505573.14330000058
            ],
            [
              204070.5159,
              505578.01690000109
            ],
            [
              204073.09430000186,
              505581.09370000102
            ],
            [
              204074.40230000112,
              505583.86070000194
            ],
            [
              204075.43450000044,
              505587.61040000059
            ],
            [
              204076.39419999998,
              505591.09660000168
            ],
            [
              204077.37129999977,
              505593.7808000017
            ],
            [
              204079.35380000155,
              505597.91370000131
            ],
            [
              204081.47840000223,
              505601.82019999996
            ],
            [
              204083.73150000069,
              505605.47519999929
            ],
            [
              204086.10259999987,
              505608.86210000142
            ],
            [
              204088.9449000014,
              505612.22170000151
            ],
            [
              204097.21510000154,
              505620.76840000227
            ],
            [
              204103.59750000015,
              505629.09109999985
            ],
            [
              204105.94640000071,
              505631.88089999929
            ],
            [
              204109.07860000152,
              505635.00710000098
            ],
            [
              204117.05890000053,
              505642.19969999976
            ],
            [
              204123.25970000029,
              505648.94250000268
            ],
            [
              204128.52160000056,
              505650.64530000091
            ],
            [
              204132.59819999989,
              505650.15080000088
            ],
            [
              204139.28390000109,
              505648.54969999939
            ],
            [
              204143.11259999964,
              505647.62540000305
            ],
            [
              204151.93169999961,
              505644.82220000029
            ],
            [
              204155.95270000026,
              505643.78720000014
            ],
            [
              204160.45359999966,
              505642.97910000011
            ],
            [
              204165.36270000041,
              505642.3320000004
            ],
            [
              204177.38400000054,
              505641.40589999966
            ],
            [
              204185.82540000137,
              505641.19970000163
            ],
            [
              204198.02150000073,
              505641.40589999966
            ],
            [
              204216.27780000027,
              505642.19969999976
            ],
            [
              204229.65789999999,
              505642.78060000204
            ],
            [
              204233.50930000097,
              505643.18700000271
            ],
            [
              204236.91540000215,
              505643.78720000014
            ],
            [
              204240.65300000086,
              505644.79580000229
            ],
            [
              204249.61539999954,
              505647.75589999929
            ],
            [
              204268.66540000122,
              505652.51840000227
            ],
            [
              204279.68910000101,
              505656.5803999994
            ],
            [
              204283.95069999993,
              505657.32070000097
            ],
            [
              204287.17270000093,
              505657.17200000212
            ],
            [
              204296.4048999995,
              505655.24319999851
            ],
            [
              204300.41550000105,
              505654.89970000274
            ],
            [
              204307.77750000078,
              505655.44070000015
            ],
            [
              204311.19739999995,
              505655.98090000264
            ],
            [
              204314.41489999928,
              505656.69690000266
            ],
            [
              204317.41050000116,
              505657.58380000107
            ],
            [
              204320.18140000105,
              505658.64000000246
            ],
            [
              204323.87100000121,
              505660.55629999936
            ],
            [
              204328.31060000136,
              505663.49860000238
            ],
            [
              204331.15330000035,
              505665.96580000035
            ],
            [
              204333.37760000117,
              505670.34359999932
            ],
            [
              204332.95150000136,
              505679.12260000035
            ],
            [
              204333.69730000012,
              505685.15530000255
            ],
            [
              204334.86930000223,
              505689.94880000129
            ],
            [
              204336.10280000046,
              505693.58260000125
            ],
            [
              204341.33180000074,
              505690.2228000015
            ],
            [
              204346.45310000051,
              505686.64980000071
            ],
            [
              204354.21560000069,
              505681.0429999996
            ],
            [
              204357.0895999996,
              505678.45160000026
            ],
            [
              204359.72149999999,
              505675.42779999971
            ],
            [
              204362.33900000062,
              505671.28050000034
            ],
            [
              204364.22580000013,
              505667.56680000015
            ],
            [
              204366.29690000135,
              505662.83720000274
            ],
            [
              204368.5661000004,
              505656.587799998
            ],
            [
              204370.26560000051,
              505650.13719999976
            ],
            [
              204370.68830000143,
              505647.32800000347
            ],
            [
              204371.21569999959,
              505640.62650000118
            ],
            [
              204372.37150000129,
              505636.13319999911
            ],
            [
              204375.60210000165,
              505629.75910000131
            ],
            [
              204376.61569999997,
              505627.1184000019
            ]
          ]
        ]
      }
    },
    {
      "attributes" : {
        "FID" : 10,
        "PMNTN_SN" : 750,
        "MNTN_CODE" : "413700901",
        "MNTN_NM" : "각골산",
        "PMNTN_NM" : "가수동구간",
        "PMNTN_MAIN" : " ",
        "PMNTN_LT" : 0.08,
        "PMNTN_DFFL" : "쉬움",
        "PMNTN_UPPL" : 1,
        "PMNTN_GODN" : 1,
        "PMNTN_MTRQ" : " ",
        "PMNTN_CNRL" : " ",
        "PMNTN_CLS_" : " ",
        "PMNTN_RISK" : " ",
        "PMNTN_RECO" : " ",
        "DATA_STDR_" : "2016-12-31",
        "MNTN_ID" : "413700101"
      },
      "geometry" : {
        "paths" : [
          [
            [
              204463.13460000046,
              505402.48670000024
            ],
            [
              204461.83999999985,
              505399.97180000134
            ],
            [
              204457.57830000017,
              505395.34290000238
            ],
            [
              204453.60960000008,
              505388.99290000275
            ],
            [
              204449.45860000048,
              505383.64690000378
            ],
            [
              204448.02340000123,
              505380.19539999962
            ],
            [
              204447.25949999969,
              505376.29290000163
            ],
            [
              204446.35590000171,
              505370.34610000253
            ],
            [
              204448.16500000004,
              505366.6948000025
            ],
            [
              204451.34179999959,
              505364.3107000012
            ],
            [
              204455.26270000171,
              505362.53020000271
            ],
            [
              204460.74600000121,
              505361.41789999977
            ],
            [
              204464.3609000016,
              505360.00800000131
            ],
            [
              204469.48460000195,
              505357.24280000106
            ],
            [
              204481.39090000093,
              505350.89280000143
            ]
          ]
        ]
      }
    },
    {
      "attributes" : {
        "FID" : 11,
        "PMNTN_SN" : 751,
        "MNTN_CODE" : "413700901",
        "MNTN_NM" : "각골산",
        "PMNTN_NM" : "가수동구간",
        "PMNTN_MAIN" : " ",
        "PMNTN_LT" : 0.05,
        "PMNTN_DFFL" : "쉬움",
        "PMNTN_UPPL" : 1,
        "PMNTN_GODN" : 1,
        "PMNTN_MTRQ" : " ",
        "PMNTN_CNRL" : " ",
        "PMNTN_CLS_" : " ",
        "PMNTN_RISK" : " ",
        "PMNTN_RECO" : " ",
        "DATA_STDR_" : "2016-12-31",
        "MNTN_ID" : "413700101"
      },
      "geometry" : {
        "paths" : [
          [
            [
              204463.13460000046,
              505402.48670000024
            ],
            [
              204475.83460000064,
              505404.86790000275
            ],
            [
              204483.54400000162,
              505405.70210000128
            ],
            [
              204486.94709999952,
              505406.4553999994
            ],
            [
              204490.78410000075,
              505408.14450000226
            ],
            [
              204497.26590000093,
              505412.01170000248
            ],
            [
              204507.5847000014,
              505418.36170000024
            ]
          ]
        ]
      }
    },
    {
      "attributes" : {
        "FID" : 12,
        "PMNTN_SN" : 752,
        "MNTN_CODE" : "413700901",
        "MNTN_NM" : "각골산",
        "PMNTN_NM" : "가수동구간",
        "PMNTN_MAIN" : " ",
        "PMNTN_LT" : 0.14,
        "PMNTN_DFFL" : "쉬움",
        "PMNTN_UPPL" : 2,
        "PMNTN_GODN" : 2,
        "PMNTN_MTRQ" : " ",
        "PMNTN_CNRL" : " ",
        "PMNTN_CLS_" : " ",
        "PMNTN_RISK" : " ",
        "PMNTN_RECO" : " ",
        "DATA_STDR_" : "2016-12-31",
        "MNTN_ID" : "413700101"
      },
      "geometry" : {
        "paths" : [
          [
            [
              204390.10940000135,
              505422.33050000295
            ],
            [
              204390.10310000181,
              505418.50970000029
            ],
            [
              204386.72810000088,
              505408.5429999996
            ],
            [
              204383.59669999965,
              505400.06179999933
            ],
            [
              204382.98760000058,
              505394.22130000405
            ],
            [
              204383.9226000011,
              505380.76820000075
            ],
            [
              204384.14039999992,
              505359.16770000011
            ],
            [
              204385.44730000105,
              505333.21140000038
            ],
            [
              204385.52150000073,
              505326.0484000016
            ],
            [
              204389.49239999894,
              505320.22150000185
            ],
            [
              204392.97530000191,
              505317.13210000284
            ],
            [
              204401.50140000042,
              505317.00570000149
            ],
            [
              204404.39700000081,
              505316.76150000095
            ],
            [
              204409.39769999962,
              505315.2050999999
            ],
            [
              204414.71570000052,
              505312.79279999807
            ],
            [
              204420.06049999967,
              505309.57160000131
            ],
            [
              204425.034500001,
              505305.64900000021
            ]
          ]
        ]
      }
    },
    {
      "attributes" : {
        "FID" : 13,
        "PMNTN_SN" : 753,
        "MNTN_CODE" : "413700901",
        "MNTN_NM" : "각골산",
        "PMNTN_NM" : " ",
        "PMNTN_MAIN" : " ",
        "PMNTN_LT" : 0.08,
        "PMNTN_DFFL" : "쉬움",
        "PMNTN_UPPL" : 1,
        "PMNTN_GODN" : 1,
        "PMNTN_MTRQ" : " ",
        "PMNTN_CNRL" : " ",
        "PMNTN_CLS_" : " ",
        "PMNTN_RISK" : " ",
        "PMNTN_RECO" : " ",
        "DATA_STDR_" : "2016-12-31",
        "MNTN_ID" : "413700101"
      },
      "geometry" : {
        "paths" : [
          [
            [
              204390.10940000135,
              505422.33050000295
            ],
            [
              204393.7965000011,
              505420.59950000048
            ],
            [
              204397.53899999894,
              505419.22870000079
            ],
            [
              204401.33710000105,
              505418.2182
            ],
            [
              204406.28200000059,
              505417.50850000419
            ],
            [
              204412.97440000065,
              505417.67960000038
            ],
            [
              204416.63430000097,
              505417.345900001
            ],
            [
              204420.15230000112,
              505416.30390000157
            ],
            [
              204422.9457000019,
              505414.99960000254
            ],
            [
              204431.49320000038,
              505410.44400000386
            ],
            [
              204434.3247000007,
              505409.38480000012
            ],
            [
              204438.17340000067,
              505408.78520000167
            ],
            [
              204446.10680000111,
              505408.91060000099
            ],
            [
              204454.31829999946,
              505407.56810000353
            ],
            [
              204460.53409999982,
              505405.43999999948
            ],
            [
              204463.13460000046,
              505402.48670000024
            ]
          ]
        ]
      }
    },
    {
      "attributes" : {
        "FID" : 14,
        "PMNTN_SN" : 754,
        "MNTN_CODE" : "413700901",
        "MNTN_NM" : "각골산",
        "PMNTN_NM" : "가수동구간",
        "PMNTN_MAIN" : " ",
        "PMNTN_LT" : 0.06,
        "PMNTN_DFFL" : "쉬움",
        "PMNTN_UPPL" : 1,
        "PMNTN_GODN" : 1,
        "PMNTN_MTRQ" : " ",
        "PMNTN_CNRL" : " ",
        "PMNTN_CLS_" : " ",
        "PMNTN_RISK" : " ",
        "PMNTN_RECO" : " ",
        "DATA_STDR_" : "2016-12-31",
        "MNTN_ID" : "413700101"
      },
      "geometry" : {
        "paths" : [
          [
            [
              204376.73739999998,
              505458.23350000381
            ],
            [
              204370.36120000016,
              505455.95390000194
            ],
            [
              204363.91560000088,
              505454.08050000109
            ],
            [
              204359.41359999962,
              505453.06460000016
            ],
            [
              204352.0094000008,
              505451.69930000044
            ],
            [
              204342.95780000091,
              505449.96140000224
            ],
            [
              204336.75219999999,
              505449.3219000008
            ],
            [
              204329.20650000125,
              505449.62910000235
            ],
            [
              204324.52930000052,
              505447.80230000243
            ],
            [
              204322.10740000103,
              505445.90310000069
            ],
            [
              204320.25930000003,
              505443.76180000044
            ]
          ]
        ]
      }
    },
    {
      "attributes" : {
        "FID" : 15,
        "PMNTN_SN" : 755,
        "MNTN_CODE" : "413700901",
        "MNTN_NM" : "각골산",
        "PMNTN_NM" : " ",
        "PMNTN_MAIN" : " ",
        "PMNTN_LT" : 0.04,
        "PMNTN_DFFL" : "쉬움",
        "PMNTN_UPPL" : 1,
        "PMNTN_GODN" : 0,
        "PMNTN_MTRQ" : " ",
        "PMNTN_CNRL" : " ",
        "PMNTN_CLS_" : " ",
        "PMNTN_RISK" : " ",
        "PMNTN_RECO" : " ",
        "DATA_STDR_" : "2016-12-31",
        "MNTN_ID" : "413700101"
      },
      "geometry" : {
        "paths" : [
          [
            [
              204376.73739999998,
              505458.23350000381
            ],
            [
              204377.86230000108,
              505453.58300000243
            ],
            [
              204379.79069999978,
              505446.93680000119
            ],
            [
              204381.92960000131,
              505440.81379999965
            ],
            [
              204384.55319999997,
              505434.23670000024
            ],
            [
              204389.17180000059,
              505425.5848000031
            ],
            [
              204390.10940000135,
              505422.33050000295
            ]
          ]
        ]
      }
    },
    {
      "attributes" : {
        "FID" : 16,
        "PMNTN_SN" : 756,
        "MNTN_CODE" : "413700901",
        "MNTN_NM" : "각골산",
        "PMNTN_NM" : " ",
        "PMNTN_MAIN" : " ",
        "PMNTN_LT" : 0.17,
        "PMNTN_DFFL" : "쉬움",
        "PMNTN_UPPL" : 3,
        "PMNTN_GODN" : 2,
        "PMNTN_MTRQ" : " ",
        "PMNTN_CNRL" : " ",
        "PMNTN_CLS_" : " ",
        "PMNTN_RISK" : " ",
        "PMNTN_RECO" : " ",
        "DATA_STDR_" : "2016-12-31",
        "MNTN_ID" : "413700101"
      },
      "geometry" : {
        "paths" : [
          [
            [
              204376.61569999997,
              505627.1184000019
            ],
            [
              204377.28189999983,
              505623.84880000353
            ],
            [
              204378.20320000127,
              505615.21209999919
            ],
            [
              204378.94630000088,
              505612.13290000334
            ],
            [
              204380.07809999958,
              505608.75899999961
            ],
            [
              204382.17530000024,
              505598.44820000045
            ],
            [
              204384.72780000232,
              505588.63739999942
            ],
            [
              204386.73869999964,
              505582.14530000091
            ],
            [
              204388.6846000012,
              505571.80580000021
            ],
            [
              204389.87570000067,
              505562.25070000067
            ],
            [
              204390.68489999976,
              505556.18080000021
            ],
            [
              204389.24540000036,
              505550.15550000221
            ],
            [
              204386.80350000132,
              505543.93720000237
            ],
            [
              204383.48290000018,
              505539.00590000302
            ],
            [
              204380.68680000119,
              505532.22520000115
            ],
            [
              204379.79069999978,
              505529.4868999999
            ],
            [
              204378.65699999966,
              505524.15920000151
            ],
            [
              204377.40940000117,
              505515.19940000214
            ],
            [
              204375.82189999986,
              505501.70560000464
            ],
            [
              204375.02819999959,
              505489.79940000176
            ],
            [
              204373.56520000007,
              505478.90259999968
            ],
            [
              204373.41729999986,
              505475.09850000031
            ],
            [
              204374.06580000091,
              505469.50850000419
            ],
            [
              204375.82189999986,
              505462.01810000092
            ],
            [
              204376.73739999998,
              505458.23350000381
            ]
          ]
        ]
      }
    },
    {
      "attributes" : {
        "FID" : 17,
        "PMNTN_SN" : 757,
        "MNTN_CODE" : "413700901",
        "MNTN_NM" : "각골산",
        "PMNTN_NM" : " ",
        "PMNTN_MAIN" : " ",
        "PMNTN_LT" : 0.03,
        "PMNTN_DFFL" : "쉬움",
        "PMNTN_UPPL" : 1,
        "PMNTN_GODN" : 0,
        "PMNTN_MTRQ" : " ",
        "PMNTN_CNRL" : " ",
        "PMNTN_CLS_" : " ",
        "PMNTN_RISK" : " ",
        "PMNTN_RECO" : " ",
        "DATA_STDR_" : "2016-12-31",
        "MNTN_ID" : "413700101"
      },
      "geometry" : {
        "paths" : [
          [
            [
              204376.61569999997,
              505627.1184000019
            ],
            [
              204379.63159999996,
              505627.95780000463
            ],
            [
              204382.48900000006,
              505629.03130000271
            ],
            [
              204385.18780000135,
              505630.33900000155
            ],
            [
              204387.72819999978,
              505631.88089999929
            ],
            [
              204390.18149999902,
              505633.94690000266
            ],
            [
              204395.48830000218,
              505639.68620000035
            ],
            [
              204401.98000000045,
              505644.62329999916
            ]
          ]
        ]
      }
    },
    {
      "attributes" : {
        "FID" : 18,
        "PMNTN_SN" : 758,
        "MNTN_CODE" : "413700901",
        "MNTN_NM" : "각골산",
        "PMNTN_NM" : "청학동구간",
        "PMNTN_MAIN" : " ",
        "PMNTN_LT" : 0.27,
        "PMNTN_DFFL" : "쉬움",
        "PMNTN_UPPL" : 5,
        "PMNTN_GODN" : 3,
        "PMNTN_MTRQ" : " ",
        "PMNTN_CNRL" : " ",
        "PMNTN_CLS_" : " ",
        "PMNTN_RISK" : " ",
        "PMNTN_RECO" : " ",
        "DATA_STDR_" : "2016-12-31",
        "MNTN_ID" : "413700101"
      },
      "geometry" : {
        "paths" : [
          [
            [
              204401.98000000045,
              505644.62329999916
            ],
            [
              204407.55200000107,
              505648.10150000267
            ],
            [
              204410.02950000111,
              505649.46619999968
            ],
            [
              204416.26920000091,
              505652.90330000408
            ],
            [
              204422.65320000052,
              505655.69339999929
            ],
            [
              204428.84360000119,
              505657.51920000277
            ],
            [
              204435.83520000055,
              505658.756500002
            ],
            [
              204443.76010000054,
              505659.44180000015
            ],
            [
              204453.60960000008,
              505659.66220000014
            ],
            [
              204467.89710000064,
              505658.86840000004
            ],
            [
              204476.99420000054,
              505658.72290000133
            ],
            [
              204485.35960000101,
              505658.86840000004
            ],
            [
              204494.82760000043,
              505659.10390000232
            ],
            [
              204499.77090000175,
              505660.41420000046
            ],
            [
              204508.07870000042,
              505665.46699999832
            ],
            [
              204512.98610000033,
              505665.83930000104
            ],
            [
              204516.04739999957,
              505664.98650000431
            ],
            [
              204519.14979999978,
              505663.45390000008
            ],
            [
              204522.29320000112,
              505661.24139999785
            ],
            [
              204536.01930000074,
              505655.628800001
            ],
            [
              204550.55480000004,
              505652.24039999954
            ],
            [
              204566.84779999964,
              505651.5831000004
            ],
            [
              204570.32010000013,
              505653.87110000104
            ],
            [
              204579.95530000143,
              505660.65710000135
            ],
            [
              204593.78249999974,
              505669.40970000252
            ],
            [
              204623.09850000031,
              505686.09459999949
            ],
            [
              204644.83010000084,
              505698.46950000152
            ],
            [
              204651.51520000026,
              505701.89690000191
            ]
          ]
        ]
      }
    },
    {
      "attributes" : {
        "FID" : 19,
        "PMNTN_SN" : 759,
        "MNTN_CODE" : "413700901",
        "MNTN_NM" : "각골산",
        "PMNTN_NM" : " ",
        "PMNTN_MAIN" : " ",
        "PMNTN_LT" : 0.06,
        "PMNTN_DFFL" : "쉬움",
        "PMNTN_UPPL" : 1,
        "PMNTN_GODN" : 1,
        "PMNTN_MTRQ" : " ",
        "PMNTN_CNRL" : " ",
        "PMNTN_CLS_" : " ",
        "PMNTN_RISK" : " ",
        "PMNTN_RECO" : " ",
        "DATA_STDR_" : "2016-12-31",
        "MNTN_ID" : "413700101"
      },
      "geometry" : {
        "paths" : [
          [
            [
              204377.40940000117,
              505700.14350000024
            ],
            [
              204378.71499999985,
              505695.00500000268
            ],
            [
              204379.79069999978,
              505689.82480000146
            ],
            [
              204380.59389999975,
              505682.7042999994
            ],
            [
              204381.14460000023,
              505678.90610000119
            ],
            [
              204383.75060000177,
              505670.53050000221
            ],
            [
              204386.60320000164,
              505666.30030000024
            ],
            [
              204394.28689999972,
              505660.9394000005
            ],
            [
              204397.93080000021,
              505656.43780000135
            ],
            [
              204399.73730000108,
              505652.86010000296
            ],
            [
              204401.08500000089,
              505648.9290000014
            ],
            [
              204401.98000000045,
              505644.62329999916
            ]
          ]
        ]
      }
    },
    {
      "attributes" : {
        "FID" : 20,
        "PMNTN_SN" : 760,
        "MNTN_CODE" : "413700901",
        "MNTN_NM" : "각골산",
        "PMNTN_NM" : " ",
        "PMNTN_MAIN" : " ",
        "PMNTN_LT" : 0.46,
        "PMNTN_DFFL" : "쉬움",
        "PMNTN_UPPL" : 8,
        "PMNTN_GODN" : 6,
        "PMNTN_MTRQ" : " ",
        "PMNTN_CNRL" : " ",
        "PMNTN_CLS_" : " ",
        "PMNTN_RISK" : " ",
        "PMNTN_RECO" : " ",
        "DATA_STDR_" : "2016-12-31",
        "MNTN_ID" : "413700101"
      },
      "geometry" : {
        "paths" : [
          [
            [
              204377.40940000117,
              505700.14350000024
            ],
            [
              204380.72350000031,
              505702.00510000065
            ],
            [
              204389.31570000015,
              505707.28730000183
            ],
            [
              204402.80950000044,
              505714.43110000156
            ],
            [
              204412.73959999997,
              505719.59040000103
            ],
            [
              204418.68449999951,
              505722.36860000156
            ],
            [
              204431.38449999969,
              505727.13110000454
            ],
            [
              204440.06840000022,
              505730.83010000177
            ],
            [
              204447.25949999969,
              505734.27480000444
            ],
            [
              204451.44830000028,
              505736.57399999909
            ],
            [
              204462.34080000035,
              505743.00610000268
            ],
            [
              204471.81080000009,
              505747.75359999947
            ],
            [
              204475.83460000064,
              505750.14990000241
            ],
            [
              204481.63029999938,
              505754.60190000199
            ],
            [
              204486.94709999952,
              505759.67490000278
            ],
            [
              204489.45880000014,
              505762.54530000314
            ],
            [
              204491.9636000013,
              505765.81260000169
            ],
            [
              204494.50950000063,
              505769.53580000252
            ],
            [
              204497.26590000093,
              505773.96240000241
            ],
            [
              204501.33770000003,
              505781.33819999918
            ],
            [
              204504.40969999973,
              505788.25
            ],
            [
              204506.60850000195,
              505794.19360000081
            ],
            [
              204507.98300000001,
              505798.70510000177
            ],
            [
              204508.83850000054,
              505802.78790000267
            ],
            [
              204509.17219999991,
              505806.50620000064
            ],
            [
              204509.04450000077,
              505809.71030000038
            ],
            [
              204508.52379999962,
              505813.27410000004
            ],
            [
              204507.64080000017,
              505817.17890000157
            ],
            [
              204505.9972000001,
              505823.17500000075
            ],
            [
              204503.56479999982,
              505831.42970000207
            ],
            [
              204501.84320000187,
              505835.45810000412
            ],
            [
              204499.51190000027,
              505839.33229999989
            ],
            [
              204497.3219000008,
              505842.08170000277
            ],
            [
              204494.63179999962,
              505844.97410000116
            ],
            [
              204490.9159000013,
              505848.57509999909
            ],
            [
              204486.66020000074,
              505852.20610000193
            ],
            [
              204479.80339999963,
              505857.30630000122
            ],
            [
              204473.7937000012,
              505861.65440000035
            ],
            [
              204469.48460000195,
              505864.45009999909
            ],
            [
              204461.96570000146,
              505868.8228999991
            ],
            [
              204459.28019999992,
              505870.01450000145
            ],
            [
              204455.60109999962,
              505870.94840000384
            ],
            [
              204448.7779000001,
              505871.10730000027
            ],
            [
              204445.68620000128,
              505872.04770000279
            ],
            [
              204443.0158000011,
              505874.76860000379
            ],
            [
              204441.53639999963,
              505877.98850000277
            ],
            [
              204440.39370000083,
              505882.96050000004
            ],
            [
              204439.12370000035,
              505892.75980000198
            ],
            [
              204438.32380000036,
              505897.58320000209
            ],
            [
              204437.50300000049,
              505907.07950000092
            ],
            [
              204436.55689999927,
              505910.34060000442
            ],
            [
              204434.40189999994,
              505913.57039999962
            ],
            [
              204431.8310000021,
              505915.76300000213
            ],
            [
              204428.85080000199,
              505917.67860000208
            ],
            [
              204421.85950000118,
              505921.60020000301
            ],
            [
              204413.12820000015,
              505926.36270000041
            ],
            [
              204405.64710000064,
              505930.89970000088
            ],
            [
              204402.01570000034,
              505932.71270000003
            ],
            [
              204398.79729999974,
              505933.8116999995
            ],
            [
              204390.90320000146,
              505935.88780000061
            ],
            [
              204381.06730000023,
              505939.49909999967
            ],
            [
              204377.40940000117,
              505940.65030000173
            ],
            [
              204373.04590000026,
              505941.65530000255
            ],
            [
              204368.15790000092,
              505942.46150000021
            ],
            [
              204354.39060000051,
              505943.82529999875
            ],
            [
              204347.29270000104,
              505944.31179999933
            ],
            [
              204339.30929999985,
              505944.61900000088
            ],
            [
              204324.22809999995,
              505944.61900000088
            ],
            [
              204321.3666000003,
              505944.87380000204
            ],
            [
              204314.11410000082,
              505946.07399999723
            ],
            [
              204310.21860000025,
              505946.37660000287
            ],
            [
              204307.55929999985,
              505945.41280000098
            ]
          ]
        ]
      }
    },
    {
      "attributes" : {
        "FID" : 21,
        "PMNTN_SN" : 761,
        "MNTN_CODE" : "413700901",
        "MNTN_NM" : "각골산",
        "PMNTN_NM" : " ",
        "PMNTN_MAIN" : " ",
        "PMNTN_LT" : 0.29,
        "PMNTN_DFFL" : "쉬움",
        "PMNTN_UPPL" : 5,
        "PMNTN_GODN" : 4,
        "PMNTN_MTRQ" : " ",
        "PMNTN_CNRL" : " ",
        "PMNTN_CLS_" : " ",
        "PMNTN_RISK" : " ",
        "PMNTN_RECO" : " ",
        "DATA_STDR_" : "2016-12-31",
        "MNTN_ID" : "413700101"
      },
      "geometry" : {
        "paths" : [
          [
            [
              204307.55929999985,
              505945.41280000098
            ],
            [
              204306.62100000121,
              505939.83459999971
            ],
            [
              204308.25780000072,
              505932.67349999957
            ],
            [
              204311.09520000126,
              505923.82419999875
            ],
            [
              204318.64919999987,
              505910.5820000004
            ],
            [
              204325.81560000032,
              505899.37519999966
            ],
            [
              204327.2893000003,
              505895.3329999987
            ],
            [
              204331.37179999985,
              505882.70639999956
            ],
            [
              204334.86790000089,
              505873.75500000082
            ],
            [
              204337.72180000134,
              505867.62510000169
            ],
            [
              204339.93130000122,
              505864.01149999723
            ],
            [
              204345.40620000008,
              505856.42690000311
            ],
            [
              204347.55229999963,
              505852.75789999776
            ],
            [
              204349.10329999961,
              505848.88460000046
            ],
            [
              204350.15810000058,
              505844.81100000069
            ],
            [
              204350.70880000107,
              505842.03659999929
            ],
            [
              204351.09350000136,
              505838.85860000178
            ],
            [
              204351.48190000094,
              505830.86170000024
            ],
            [
              204351.21560000069,
              505820.00000000373
            ],
            [
              204350.90800000168,
              505814.52820000239
            ],
            [
              204350.14590000082,
              505809.40910000168
            ],
            [
              204348.8657999998,
              505805.96920000017
            ],
            [
              204344.1464999998,
              505797.81760000437
            ],
            [
              204342.70850000065,
              505794.76280000247
            ],
            [
              204342.21650000103,
              505791.0521000009
            ],
            [
              204343.93150000088,
              505786.66950000264
            ],
            [
              204348.04060000181,
              505781.89990000241
            ],
            [
              204358.35940000229,
              505767.61240000278
            ],
            [
              204365.47490000073,
              505758.36220000312
            ],
            [
              204371.32070000004,
              505750.61140000448
            ],
            [
              204373.97700000089,
              505747.96500000171
            ],
            [
              204377.97700000089,
              505746.95360000245
            ],
            [
              204387.08220000099,
              505749.56419999897
            ],
            [
              204390.13119999971,
              505748.89660000429
            ],
            [
              204390.55929999985,
              505745.06200000271
            ],
            [
              204389.80399999954,
              505741.42020000145
            ],
            [
              204387.92480000202,
              505736.33830000088
            ],
            [
              204383.4645999996,
              505729.69270000234
            ],
            [
              204382.20679999981,
              505725.75060000084
            ],
            [
              204381.37820000015,
              505719.19360000454
            ],
            [
              204379.52240000106,
              505709.64440000057
            ],
            [
              204377.40940000117,
              505700.14350000024
            ]
          ]
        ]
      }
    },
    {
      "attributes" : {
        "FID" : 22,
        "PMNTN_SN" : 762,
        "MNTN_CODE" : "413700901",
        "MNTN_NM" : "각골산",
        "PMNTN_NM" : " ",
        "PMNTN_MAIN" : " ",
        "PMNTN_LT" : 0.69,
        "PMNTN_DFFL" : "쉬움",
        "PMNTN_UPPL" : 12,
        "PMNTN_GODN" : 9,
        "PMNTN_MTRQ" : " ",
        "PMNTN_CNRL" : " ",
        "PMNTN_CLS_" : " ",
        "PMNTN_RISK" : " ",
        "PMNTN_RECO" : " ",
        "DATA_STDR_" : "2016-12-31",
        "MNTN_ID" : "413700101"
      },
      "geometry" : {
        "paths" : [
          [
            [
              204307.55929999985,
              505945.41280000098
            ],
            [
              204303.29960000049,
              505950.38990000263
            ],
            [
              204299.62180000078,
              505955.73150000162
            ],
            [
              204297.08520000149,
              505960.3105999995
            ],
            [
              204294.85920000169,
              505965.25660000183
            ],
            [
              204293.87200000044,
              505968.41060000286
            ],
            [
              204292.21700000018,
              505976.05019999854
            ],
            [
              204290.89050000068,
              505979.54409999959
            ],
            [
              204288.25950000063,
              505983.92100000009
            ],
            [
              204284.2881000014,
              505988.42180000059
            ],
            [
              204281.69110000134,
              505990.59359999932
            ],
            [
              204279.2480000006,
              505992.01900000125
            ],
            [
              204276.8049000008,
              505993.44439999759
            ],
            [
              204273.28240000084,
              505994.93430000357
            ],
            [
              204265.69840000011,
              505997.06510000117
            ],
            [
              204264.06309999991,
              505999.96860000119
            ],
            [
              204264.6967000002,
              506007.3254000023
            ],
            [
              204265.28390000015,
              506010.27290000394
            ],
            [
              204267.69049999956,
              506018.61900000088
            ],
            [
              204267.37930000108,
              506023.86040000059
            ],
            [
              204265.49039999954,
              506029.55040000007
            ],
            [
              204264.01559999958,
              506032.49750000238
            ],
            [
              204262.15960000083,
              506035.3928999994
            ],
            [
              204259.97860000003,
              506038.14880000055
            ],
            [
              204257.55289999954,
              506040.66300000064
            ],
            [
              204255.24820000026,
              506042.65540000238
            ],
            [
              204252.84179999959,
              506044.41350000352
            ],
            [
              204249.22240000218,
              506046.44490000419
            ],
            [
              204245.33140000142,
              506047.85250000097
            ],
            [
              204242.15909999982,
              506048.34459999949
            ],
            [
              204238.97840000037,
              506048.51999999955
            ],
            [
              204231.35910000186,
              506048.60050000064
            ],
            [
              204223.22060000151,
              506049.04149999842
            ],
            [
              204219.72119999956,
              506048.76680000126
            ],
            [
              204215.39940000139,
              506047.41940000094
            ],
            [
              204205.16530000139,
              506041.45670000091
            ],
            [
              204194.43209999986,
              506036.10129999928
            ],
            [
              204190.92620000057,
              506034.62490000017
            ],
            [
              204187.70280000102,
              506033.51920000091
            ],
            [
              204176.5903000012,
              506031.13790000044
            ],
            [
              204169.10610000137,
              506028.74449999817
            ],
            [
              204165.67870000191,
              506026.99939999916
            ],
            [
              204162.45469999965,
              506024.3387000002
            ],
            [
              204160.33970000129,
              506021.59369999915
            ],
            [
              204158.40510000009,
              506018.3515000008
            ],
            [
              204155.15899999905,
              506012.08789999969
            ],
            [
              204150.77740000002,
              506004.92410000041
            ],
            [
              204149.75410000049,
              505999.7071000021
            ],
            [
              204154.57040000055,
              505993.78150000051
            ],
            [
              204156.67140000034,
              505990.08260000125
            ],
            [
              204158.02670000028,
              505985.74510000274
            ],
            [
              204158.10580000095,
              505980.92610000446
            ],
            [
              204156.19030000083,
              505976.57480000332
            ],
            [
              204152.77770000137,
              505971.60660000145
            ],
            [
              204150.77080000192,
              505969.32610000297
            ],
            [
              204145.63080000132,
              505962.06949999928
            ],
            [
              204156.29850000143,
              505961.49279999919
            ],
            [
              204159.92150000017,
              505961.28780000098
            ],
            [
              204163.40549999941,
              505960.54700000398
            ],
            [
              204167.19710000139,
              505959.46110000275
            ],
            [
              204177.38400000054,
              505955.73150000162
            ],
            [
              204191.6715000011,
              505949.38150000386
            ],
            [
              204195.21129999962,
              505948.21780000441
            ],
            [
              204204.41000000108,
              505945.74950000457
            ],
            [
              204208.04130000062,
              505944.3318000026
            ],
            [
              204212.30440000072,
              505941.94260000437
            ],
            [
              204215.60700000077,
              505939.56620000117
            ],
            [
              204219.11360000074,
              505936.65460000001
            ],
            [
              204223.42159999907,
              505932.71270000003
            ],
            [
              204226.87820000015,
              505929.3189000003
            ],
            [
              204230.01170000061,
              505925.94200000167
            ],
            [
              204232.82760000136,
              505922.57619999908
            ],
            [
              204235.32790000085,
              505919.21900000051
            ],
            [
              204239.24950000085,
              505912.89230000041
            ],
            [
              204243.26540000085,
              505904.93139999732
            ],
            [
              204248.02790000103,
              505893.02520000003
            ],
            [
              204251.07420000061,
              505887.5492000021
            ],
            [
              204258.34669999965,
              505876.35639999993
            ],
            [
              204263.09690000117,
              505868.68060000241
            ],
            [
              204265.49039999954,
              505864.45009999909
            ],
            [
              204269.28180000093,
              505856.70910000242
            ],
            [
              204271.8404000001,
              505850.16260000132
            ],
            [
              204272.90319999959,
              505846.43820000067
            ],
            [
              204273.79050000012,
              505842.19449999928
            ],
            [
              204275.80920000002,
              505827.93750000373
            ],
            [
              204277.20290000085,
              505818.14290000126
            ],
            [
              204278.19050000049,
              505809.68120000325
            ],
            [
              204278.39719999954,
              505806.43909999914
            ],
            [
              204278.39549999963,
              505802.79480000027
            ],
            [
              204277.51190000121,
              505788.5746000018
            ],
            [
              204277.46690000128,
              505782.66970000044
            ],
            [
              204277.71040000021,
              505779.53240000457
            ],
            [
              204278.1707000006,
              505776.67200000025
            ],
            [
              204279.31770000141,
              505772.80610000156
            ],
            [
              204281.11270000227,
              505768.86270000227
            ],
            [
              204282.80700000003,
              505765.95980000123
            ],
            [
              204287.71550000086,
              505758.88110000268
            ],
            [
              204291.72009999957,
              505753.91090000235
            ],
            [
              204298.03420000058,
              505746.9748999998
            ],
            [
              204300.78190000076,
              505744.18810000084
            ],
            [
              204307.96190000046,
              505737.41050000302
            ],
            [
              204311.52800000086,
              505733.4811000023
            ],
            [
              204318.67179999966,
              505723.16230000183
            ],
            [
              204320.97300000023,
              505720.64240000024
            ],
            [
              204327.15689999983,
              505714.86219999939
            ],
            [
              204329.78430000134,
              505712.04980000108
            ],
            [
              204334.41810000129,
              505705.92290000059
            ],
            [
              204338.51560000051,
              505699.34980000183
            ],
            [
              204345.65930000041,
              505696.17480000108
            ],
            [
              204350.78880000021,
              505693.81480000168
            ],
            [
              204354.65699999966,
              505692.9280999992
            ],
            [
              204359.45900000073,
              505693.3107000012
            ],
            [
              204365.99189999979,
              505694.99230000004
            ],
            [
              204370.04220000003,
              505696.50580000132
            ],
            [
              204373.47130000219,
              505698.19899999909
            ],
            [
              204377.40940000117,
              505700.14350000024
            ]
          ]
        ]
      }
    },
    {
      "attributes" : {
        "FID" : 23,
        "PMNTN_SN" : 763,
        "MNTN_CODE" : "413700901",
        "MNTN_NM" : "각골산",
        "PMNTN_NM" : "서동구간",
        "PMNTN_MAIN" : " ",
        "PMNTN_LT" : 0.45,
        "PMNTN_DFFL" : "쉬움",
        "PMNTN_UPPL" : 8,
        "PMNTN_GODN" : 6,
        "PMNTN_MTRQ" : " ",
        "PMNTN_CNRL" : " ",
        "PMNTN_CLS_" : " ",
        "PMNTN_RISK" : " ",
        "PMNTN_RECO" : " ",
        "DATA_STDR_" : "2016-12-31",
        "MNTN_ID" : "413700101"
      },
      "geometry" : {
        "paths" : [
          [
            [
              204307.55929999985,
              505945.41280000098
            ],
            [
              204308.5130000012,
              505949.80810000189
            ],
            [
              204309.09549999982,
              505954.183699999
            ],
            [
              204309.30669999961,
              505958.53940000199
            ],
            [
              204309.14680000115,
              505962.87530000135
            ],
            [
              204308.32560000196,
              505968.65410000086
            ],
            [
              204306.76550000068,
              505974.7816000022
            ],
            [
              204304.57909999974,
              505980.59979999997
            ],
            [
              204301.20930000115,
              505987.48159999959
            ],
            [
              204297.82060000021,
              505993.53419999965
            ],
            [
              204294.02470000181,
              505998.68379999883
            ],
            [
              204288.74460000079,
              506003.46979999915
            ],
            [
              204286.92170000169,
              506005.73790000007
            ],
            [
              204285.53659999929,
              506008.86170000024
            ],
            [
              204283.74670000002,
              506015.26290000044
            ],
            [
              204281.50499999989,
              506022.40170000307
            ],
            [
              204280.54959999863,
              506025.44429999962
            ],
            [
              204278.9841999989,
              506031.93170000054
            ],
            [
              204278.00240000058,
              506037.39230000228
            ],
            [
              204277.48999999929,
              506041.24000000022
            ],
            [
              204277.28330000117,
              506044.70020000264
            ],
            [
              204277.55450000055,
              506048.85000000335
            ],
            [
              204278.29839999974,
              506052.18400000036
            ],
            [
              204281.2173000006,
              506060.33920000307
            ],
            [
              204282.15920000151,
              506063.68180000409
            ],
            [
              204282.86050000135,
              506067.90740000457
            ],
            [
              204283.24220000114,
              506072.64770000242
            ],
            [
              204283.33810000028,
              506077.53590000048
            ],
            [
              204283.22080000117,
              506090.94830000401
            ],
            [
              204283.39210000075,
              506094.99819999933
            ],
            [
              204283.74670000002,
              506098.60679999925
            ],
            [
              204284.80430000089,
              506105.7108000014
            ],
            [
              204286.12800000049,
              506112.89440000243
            ],
            [
              204288.36130000185,
              506122.83230000176
            ],
            [
              204290.89050000068,
              506131.94439999945
            ],
            [
              204294.29949999973,
              506142.67779999971
            ],
            [
              204295.73030000087,
              506146.27759999968
            ],
            [
              204297.24050000217,
              506149.40689999983
            ],
            [
              204298.97800000012,
              506152.32120000012
            ],
            [
              204301.18790000025,
              506155.42790000141
            ],
            [
              204309.94049999956,
              506166.07569999993
            ],
            [
              204317.92580000125,
              506176.61960000172
            ],
            [
              204322.64049999975,
              506181.95070000365
            ],
            [
              204325.40820000041,
              506184.43910000101
            ],
            [
              204332.9056000011,
              506190.20980000123
            ],
            [
              204336.13430000003,
              506193.06330000423
            ],
            [
              204339.08720000181,
              506196.16489999741
            ],
            [
              204341.9495000001,
              506199.50770000182
            ],
            [
              204344.71449999977,
              506203.08350000158
            ],
            [
              204347.37390000094,
              506206.88190000132
            ],
            [
              204349.9215000011,
              506210.8945000004
            ],
            [
              204352.34460000228,
              506215.10170000046
            ],
            [
              204354.63230000064,
              506219.48489999957
            ],
            [
              204356.77190000098,
              506224.0196000021
            ],
            [
              204358.97819999978,
              506229.18470000289
            ],
            [
              204360.72790000122,
              506233.82920000143
            ],
            [
              204362.10280000046,
              506238.17149999924
            ],
            [
              204363.12189999968,
              506242.27590000257
            ],
            [
              204363.75439999998,
              506246.78490000218
            ],
            [
              204364.21340000071,
              506256.9057
            ],
            [
              204364.70940000098,
              506261.32589999959
            ],
            [
              204365.83789999876,
              506266.44329999946
            ],
            [
              204369.47190000117,
              506279.58220000006
            ],
            [
              204372.02530000079,
              506289.77410000004
            ],
            [
              204372.57230000198,
              506294.11270000227
            ],
            [
              204372.55000000075,
              506298.95500000194
            ],
            [
              204372.01990000159,
              506303.11110000126
            ],
            [
              204370.56649999972,
              506307.56120000221
            ],
            [
              204368.67740000132,
              506310.63320000283
            ],
            [
              204363.91560000088,
              506316.09480000101
            ],
            [
              204357.93350000121,
              506322.24860000052
            ],
            [
              204353.06100000069,
              506324.54140000232
            ],
            [
              204344.52710000053,
              506324.58150000125
            ],
            [
              204341.69060000032,
              506324.82600000128
            ],
            [
              204337.82220000122,
              506325.74529999867
            ],
            [
              204334.01910000015,
              506326.97780000418
            ],
            [
              204330.28150000051,
              506328.5234999992
            ],
            [
              204326.60929999966,
              506330.3823000025
            ]
          ]
        ]
      }
    }
  ]
}