{
  "displayFieldName" : "",
  "fieldAliases" : {
    "FID" : "FID",
    "PMNTN_SPOT" : "PMNTN_SPOT",
    "MNTN_CODE" : "MNTN_CODE",
    "MANAGE_SP1" : "MANAGE_SP1",
    "MANAGE_SP2" : "MANAGE_SP2",
    "DETAIL_SPO" : "DETAIL_SPO",
    "ETC_MATTER" : "ETC_MATTER",
    "MNTN_NM" : "MNTN_NM",
    "PAST_SPOT_" : "PAST_SPOT_",
    "MNTN_ID" : "MNTN_ID"
  },
  "geometryType" : "esriGeometryPoint",
  "spatialReference" : {
    "wkt" : "PROJCS[\"PCS_ITRF2000_TM\",GEOGCS[\"GCS_ITRF_2000\",DATUM[\"D_ITRF_2000\",SPHEROID[\"GRS_1980\",6378137.0,298.257222101]],PRIMEM[\"Greenwich\",0.0],UNIT[\"Degree\",0.0174532925199433]],PROJECTION[\"Transverse_Mercator\"],PARAMETER[\"False_Easting\",200000.0],PARAMETER[\"False_Northing\",600000.0],PARAMETER[\"Central_Meridian\",127.0],PARAMETER[\"Scale_Factor\",1.0],PARAMETER[\"Latitude_Of_Origin\",38.0],UNIT[\"Meter\",1.0]]"
  },
  "fields" : [
    {
      "name" : "FID",
      "type" : "esriFieldTypeOID",
      "alias" : "FID"
    },
    {
      "name" : "PMNTN_SPOT",
      "type" : "esriFieldTypeDouble",
      "alias" : "PMNTN_SPOT"
    },
    {
      "name" : "MNTN_CODE",
      "type" : "esriFieldTypeString",
      "alias" : "MNTN_CODE",
      "length" : 9
    },
    {
      "name" : "MANAGE_SP1",
      "type" : "esriFieldTypeString",
      "alias" : "MANAGE_SP1",
      "length" : 2
    },
    {
      "name" : "MANAGE_SP2",
      "type" : "esriFieldTypeString",
      "alias" : "MANAGE_SP2",
      "length" : 50
    },
    {
      "name" : "DETAIL_SPO",
      "type" : "esriFieldTypeString",
      "alias" : "DETAIL_SPO",
      "length" : 200
    },
    {
      "name" : "ETC_MATTER",
      "type" : "esriFieldTypeString",
      "alias" : "ETC_MATTER",
      "length" : 200
    },
    {
      "name" : "MNTN_NM",
      "type" : "esriFieldTypeString",
      "alias" : "MNTN_NM",
      "length" : 50
    },
    {
      "name" : "PAST_SPOT_",
      "type" : "esriFieldTypeString",
      "alias" : "PAST_SPOT_",
      "length" : 14
    },
    {
      "name" : "MNTN_ID",
      "type" : "esriFieldTypeString",
      "alias" : "MNTN_ID",
      "length" : 10
    }
  ],
  "features" : [
    {
      "attributes" : {
        "FID" : 0,
        "PMNTN_SPOT" : 67419,
        "MNTN_CODE" : "431504901",
        "MANAGE_SP1" : "01",
        "MANAGE_SP2" : "시종점",
        "DETAIL_SPO" : "시종점",
        "ETC_MATTER" : " ",
        "MNTN_NM" : "옥순봉구담봉",
        "PAST_SPOT_" : "4315049010001",
        "MNTN_ID" : "431504901"
      },
      "geometry" : {
        "x" : 310047.36000000127,
        "y" : 482029.1986999996
      }
    },
    {
      "attributes" : {
        "FID" : 1,
        "PMNTN_SPOT" : 67420,
        "MNTN_CODE" : "431504901",
        "MANAGE_SP1" : "01",
        "MANAGE_SP2" : "시종점",
        "DETAIL_SPO" : "시종점",
        "ETC_MATTER" : " ",
        "MNTN_NM" : "옥순봉구담봉",
        "PAST_SPOT_" : "4315049010002",
        "MNTN_ID" : "431504901"
      },
      "geometry" : {
        "x" : 310182.62459999975,
        "y" : 483473.57490000315
      }
    },
    {
      "attributes" : {
        "FID" : 2,
        "PMNTN_SPOT" : 67421,
        "MNTN_CODE" : "431504901",
        "MANAGE_SP1" : "02",
        "MANAGE_SP2" : "분기점",
        "DETAIL_SPO" : "분기점",
        "ETC_MATTER" : " ",
        "MNTN_NM" : "옥순봉구담봉",
        "PAST_SPOT_" : "4315049010003",
        "MNTN_ID" : "431504901"
      },
      "geometry" : {
        "x" : 310234.50710000005,
        "y" : 483454.58490000106
      }
    },
    {
      "attributes" : {
        "FID" : 3,
        "PMNTN_SPOT" : 67422,
        "MNTN_CODE" : "431504901",
        "MANAGE_SP1" : "02",
        "MANAGE_SP2" : "분기점",
        "DETAIL_SPO" : "분기점",
        "ETC_MATTER" : " ",
        "MNTN_NM" : "옥순봉구담봉",
        "PAST_SPOT_" : "4315049010004",
        "MNTN_ID" : "431504901"
      },
      "geometry" : {
        "x" : 310247.71400000062,
        "y" : 483464.41029999964
      }
    },
    {
      "attributes" : {
        "FID" : 4,
        "PMNTN_SPOT" : 67423,
        "MNTN_CODE" : "431504901",
        "MANAGE_SP1" : "02",
        "MANAGE_SP2" : "분기점",
        "DETAIL_SPO" : "분기점",
        "ETC_MATTER" : " ",
        "MNTN_NM" : "옥순봉구담봉",
        "PAST_SPOT_" : "4315049010005",
        "MNTN_ID" : "431504901"
      },
      "geometry" : {
        "x" : 310254.89940000232,
        "y" : 483429.92610000074
      }
    },
    {
      "attributes" : {
        "FID" : 5,
        "PMNTN_SPOT" : 67424,
        "MNTN_CODE" : "431504901",
        "MANAGE_SP1" : "01",
        "MANAGE_SP2" : "시종점",
        "DETAIL_SPO" : "시종점",
        "ETC_MATTER" : " ",
        "MNTN_NM" : "옥순봉구담봉",
        "PAST_SPOT_" : "4315049010006",
        "MNTN_ID" : "431504901"
      },
      "geometry" : {
        "x" : 310267.10860000178,
        "y" : 483534.55660000257
      }
    },
    {
      "attributes" : {
        "FID" : 6,
        "PMNTN_SPOT" : 67425,
        "MNTN_CODE" : "431504901",
        "MANAGE_SP1" : "02",
        "MANAGE_SP2" : "분기점",
        "DETAIL_SPO" : "분기점",
        "ETC_MATTER" : " ",
        "MNTN_NM" : "옥순봉구담봉",
        "PAST_SPOT_" : "4315049010007",
        "MNTN_ID" : "431504901"
      },
      "geometry" : {
        "x" : 310290.97730000131,
        "y" : 483324.04800000228
      }
    },
    {
      "attributes" : {
        "FID" : 7,
        "PMNTN_SPOT" : 67426,
        "MNTN_CODE" : "431504901",
        "MANAGE_SP1" : "02",
        "MANAGE_SP2" : "분기점",
        "DETAIL_SPO" : "분기점",
        "ETC_MATTER" : " ",
        "MNTN_NM" : "옥순봉구담봉",
        "PAST_SPOT_" : "4315049010008",
        "MNTN_ID" : "431504901"
      },
      "geometry" : {
        "x" : 310607.60950000212,
        "y" : 482812.63289999962
      }
    }
  ]
}