{
  "displayFieldName" : "",
  "fieldAliases" : {
    "FID" : "FID",
    "PMNTN_SPOT" : "PMNTN_SPOT",
    "MNTN_CODE" : "MNTN_CODE",
    "MANAGE_SP1" : "MANAGE_SP1",
    "MANAGE_SP2" : "MANAGE_SP2",
    "DETAIL_SPO" : "DETAIL_SPO",
    "ETC_MATTER" : "ETC_MATTER",
    "MNTN_NM" : "MNTN_NM",
    "PAST_SPOT_" : "PAST_SPOT_",
    "MNTN_ID" : "MNTN_ID"
  },
  "geometryType" : "esriGeometryPoint",
  "spatialReference" : {
    "wkt" : "PROJCS[\"PCS_ITRF2000_TM\",GEOGCS[\"GCS_ITRF_2000\",DATUM[\"D_ITRF_2000\",SPHEROID[\"GRS_1980\",6378137.0,298.257222101]],PRIMEM[\"Greenwich\",0.0],UNIT[\"Degree\",0.0174532925199433]],PROJECTION[\"Transverse_Mercator\"],PARAMETER[\"False_Easting\",200000.0],PARAMETER[\"False_Northing\",600000.0],PARAMETER[\"Central_Meridian\",127.0],PARAMETER[\"Scale_Factor\",1.0],PARAMETER[\"Latitude_Of_Origin\",38.0],UNIT[\"Meter\",1.0]]"
  },
  "fields" : [
    {
      "name" : "FID",
      "type" : "esriFieldTypeOID",
      "alias" : "FID"
    },
    {
      "name" : "PMNTN_SPOT",
      "type" : "esriFieldTypeDouble",
      "alias" : "PMNTN_SPOT"
    },
    {
      "name" : "MNTN_CODE",
      "type" : "esriFieldTypeString",
      "alias" : "MNTN_CODE",
      "length" : 9
    },
    {
      "name" : "MANAGE_SP1",
      "type" : "esriFieldTypeString",
      "alias" : "MANAGE_SP1",
      "length" : 2
    },
    {
      "name" : "MANAGE_SP2",
      "type" : "esriFieldTypeString",
      "alias" : "MANAGE_SP2",
      "length" : 50
    },
    {
      "name" : "DETAIL_SPO",
      "type" : "esriFieldTypeString",
      "alias" : "DETAIL_SPO",
      "length" : 200
    },
    {
      "name" : "ETC_MATTER",
      "type" : "esriFieldTypeString",
      "alias" : "ETC_MATTER",
      "length" : 200
    },
    {
      "name" : "MNTN_NM",
      "type" : "esriFieldTypeString",
      "alias" : "MNTN_NM",
      "length" : 50
    },
    {
      "name" : "PAST_SPOT_",
      "type" : "esriFieldTypeString",
      "alias" : "PAST_SPOT_",
      "length" : 14
    },
    {
      "name" : "MNTN_ID",
      "type" : "esriFieldTypeString",
      "alias" : "MNTN_ID",
      "length" : 10
    }
  ],
  "features" : [
    {
      "attributes" : {
        "FID" : 0,
        "PMNTN_SPOT" : 28951,
        "MNTN_CODE" : "461101404",
        "MANAGE_SP1" : "01",
        "MANAGE_SP2" : "시종점",
        "DETAIL_SPO" : "시종점",
        "ETC_MATTER" : " ",
        "MNTN_NM" : "목포시립도서관뒷산",
        "PAST_SPOT_" : "4611014040001",
        "MNTN_ID" : "461101404"
      },
      "geometry" : {
        "x" : 145354.35210000072,
        "y" : 245548.35980000161
      }
    },
    {
      "attributes" : {
        "FID" : 1,
        "PMNTN_SPOT" : 28952,
        "MNTN_CODE" : "461101404",
        "MANAGE_SP1" : "01",
        "MANAGE_SP2" : "시종점",
        "DETAIL_SPO" : "시종점",
        "ETC_MATTER" : " ",
        "MNTN_NM" : "목포시립도서관뒷산",
        "PAST_SPOT_" : "4611014040002",
        "MNTN_ID" : "461101404"
      },
      "geometry" : {
        "x" : 145357.71410000045,
        "y" : 245536.68590000458
      }
    },
    {
      "attributes" : {
        "FID" : 2,
        "PMNTN_SPOT" : 28953,
        "MNTN_CODE" : "461101404",
        "MANAGE_SP1" : "02",
        "MANAGE_SP2" : "분기점",
        "DETAIL_SPO" : "분기점",
        "ETC_MATTER" : " ",
        "MNTN_NM" : "목포시립도서관뒷산",
        "PAST_SPOT_" : "4611014040003",
        "MNTN_ID" : "461101404"
      },
      "geometry" : {
        "x" : 145373.87249999959,
        "y" : 245558.11449999921
      }
    },
    {
      "attributes" : {
        "FID" : 3,
        "PMNTN_SPOT" : 28954,
        "MNTN_CODE" : "461101404",
        "MANAGE_SP1" : "02",
        "MANAGE_SP2" : "분기점",
        "DETAIL_SPO" : "분기점",
        "ETC_MATTER" : " ",
        "MNTN_NM" : "목포시립도서관뒷산",
        "PAST_SPOT_" : "4611014040004",
        "MNTN_ID" : "461101404"
      },
      "geometry" : {
        "x" : 145389.41410000063,
        "y" : 245550.31340000033
      }
    },
    {
      "attributes" : {
        "FID" : 4,
        "PMNTN_SPOT" : 28955,
        "MNTN_CODE" : "461101404",
        "MANAGE_SP1" : "02",
        "MANAGE_SP2" : "분기점",
        "DETAIL_SPO" : "분기점",
        "ETC_MATTER" : " ",
        "MNTN_NM" : "목포시립도서관뒷산",
        "PAST_SPOT_" : "4611014040005",
        "MNTN_ID" : "461101404"
      },
      "geometry" : {
        "x" : 145393.35780000128,
        "y" : 245523.90220000222
      }
    },
    {
      "attributes" : {
        "FID" : 5,
        "PMNTN_SPOT" : 28956,
        "MNTN_CODE" : "461101404",
        "MANAGE_SP1" : "02",
        "MANAGE_SP2" : "분기점",
        "DETAIL_SPO" : "분기점",
        "ETC_MATTER" : " ",
        "MNTN_NM" : "목포시립도서관뒷산",
        "PAST_SPOT_" : "4611014040006",
        "MNTN_ID" : "461101404"
      },
      "geometry" : {
        "x" : 145418.73860000167,
        "y" : 245530.63629999943
      }
    },
    {
      "attributes" : {
        "FID" : 6,
        "PMNTN_SPOT" : 28957,
        "MNTN_CODE" : "461101404",
        "MANAGE_SP1" : "01",
        "MANAGE_SP2" : "시종점",
        "DETAIL_SPO" : "시종점",
        "ETC_MATTER" : " ",
        "MNTN_NM" : "목포시립도서관뒷산",
        "PAST_SPOT_" : "4611014040007",
        "MNTN_ID" : "461101404"
      },
      "geometry" : {
        "x" : 145443.36170000117,
        "y" : 245587.43300000019
      }
    },
    {
      "attributes" : {
        "FID" : 7,
        "PMNTN_SPOT" : 28958,
        "MNTN_CODE" : "461101404",
        "MANAGE_SP1" : "01",
        "MANAGE_SP2" : "시종점",
        "DETAIL_SPO" : "시종점",
        "ETC_MATTER" : " ",
        "MNTN_NM" : "목포시립도서관뒷산",
        "PAST_SPOT_" : "4611014040008",
        "MNTN_ID" : "461101404"
      },
      "geometry" : {
        "x" : 145606.51520000026,
        "y" : 245180.59990000352
      }
    }
  ]
}