{
  "displayFieldName" : "",
  "fieldAliases" : {
    "FID" : "FID",
    "PMNTN_SN" : "PMNTN_SN",
    "MNTN_CODE" : "MNTN_CODE",
    "MNTN_NM" : "MNTN_NM",
    "PMNTN_NM" : "PMNTN_NM",
    "PMNTN_MAIN" : "PMNTN_MAIN",
    "PMNTN_LT" : "PMNTN_LT",
    "PMNTN_DFFL" : "PMNTN_DFFL",
    "PMNTN_UPPL" : "PMNTN_UPPL",
    "PMNTN_GODN" : "PMNTN_GODN",
    "PMNTN_MTRQ" : "PMNTN_MTRQ",
    "PMNTN_CNRL" : "PMNTN_CNRL",
    "PMNTN_CLS_" : "PMNTN_CLS_",
    "PMNTN_RISK" : "PMNTN_RISK",
    "PMNTN_RECO" : "PMNTN_RECO",
    "DATA_STDR_" : "DATA_STDR_",
    "MNTN_ID" : "MNTN_ID"
  },
  "geometryType" : "esriGeometryPolyline",
  "spatialReference" : {
    "wkt" : "PROJCS[\"PCS_ITRF2000_TM\",GEOGCS[\"GCS_ITRF_2000\",DATUM[\"D_ITRF_2000\",SPHEROID[\"GRS_1980\",6378137.0,298.257222101]],PRIMEM[\"Greenwich\",0.0],UNIT[\"Degree\",0.0174532925199433]],PROJECTION[\"Transverse_Mercator\"],PARAMETER[\"False_Easting\",200000.0],PARAMETER[\"False_Northing\",600000.0],PARAMETER[\"Central_Meridian\",127.0],PARAMETER[\"Scale_Factor\",1.0],PARAMETER[\"Latitude_Of_Origin\",38.0],UNIT[\"Meter\",1.0]]"
  },
  "fields" : [
    {
      "name" : "FID",
      "type" : "esriFieldTypeOID",
      "alias" : "FID"
    },
    {
      "name" : "PMNTN_SN",
      "type" : "esriFieldTypeDouble",
      "alias" : "PMNTN_SN"
    },
    {
      "name" : "MNTN_CODE",
      "type" : "esriFieldTypeString",
      "alias" : "MNTN_CODE",
      "length" : 9
    },
    {
      "name" : "MNTN_NM",
      "type" : "esriFieldTypeString",
      "alias" : "MNTN_NM",
      "length" : 50
    },
    {
      "name" : "PMNTN_NM",
      "type" : "esriFieldTypeString",
      "alias" : "PMNTN_NM",
      "length" : 50
    },
    {
      "name" : "PMNTN_MAIN",
      "type" : "esriFieldTypeString",
      "alias" : "PMNTN_MAIN",
      "length" : 200
    },
    {
      "name" : "PMNTN_LT",
      "type" : "esriFieldTypeSingle",
      "alias" : "PMNTN_LT"
    },
    {
      "name" : "PMNTN_DFFL",
      "type" : "esriFieldTypeString",
      "alias" : "PMNTN_DFFL",
      "length" : 8
    },
    {
      "name" : "PMNTN_UPPL",
      "type" : "esriFieldTypeDouble",
      "alias" : "PMNTN_UPPL"
    },
    {
      "name" : "PMNTN_GODN",
      "type" : "esriFieldTypeDouble",
      "alias" : "PMNTN_GODN"
    },
    {
      "name" : "PMNTN_MTRQ",
      "type" : "esriFieldTypeString",
      "alias" : "PMNTN_MTRQ",
      "length" : 200
    },
    {
      "name" : "PMNTN_CNRL",
      "type" : "esriFieldTypeString",
      "alias" : "PMNTN_CNRL",
      "length" : 1
    },
    {
      "name" : "PMNTN_CLS_",
      "type" : "esriFieldTypeString",
      "alias" : "PMNTN_CLS_",
      "length" : 1
    },
    {
      "name" : "PMNTN_RISK",
      "type" : "esriFieldTypeString",
      "alias" : "PMNTN_RISK",
      "length" : 200
    },
    {
      "name" : "PMNTN_RECO",
      "type" : "esriFieldTypeString",
      "alias" : "PMNTN_RECO",
      "length" : 1
    },
    {
      "name" : "DATA_STDR_",
      "type" : "esriFieldTypeString",
      "alias" : "DATA_STDR_",
      "length" : 10
    },
    {
      "name" : "MNTN_ID",
      "type" : "esriFieldTypeString",
      "alias" : "MNTN_ID",
      "length" : 10
    }
  ],
  "features" : [
    {
      "attributes" : {
        "FID" : 0,
        "PMNTN_SN" : 15888,
        "MNTN_CODE" : "428305301",
        "MNTN_NM" : "망대암산",
        "PMNTN_NM" : "오색리구간",
        "PMNTN_MAIN" : " ",
        "PMNTN_LT" : 5.11,
        "PMNTN_DFFL" : "쉬움",
        "PMNTN_UPPL" : 192,
        "PMNTN_GODN" : 134,
        "PMNTN_MTRQ" : " ",
        "PMNTN_CNRL" : " ",
        "PMNTN_CLS_" : " ",
        "PMNTN_RISK" : " ",
        "PMNTN_RECO" : " ",
        "DATA_STDR_" : "2016-12-31",
        "MNTN_ID" : "428301401"
      },
      "geometry" : {
        "paths" : [
          [
            [
              323458.26850000024,
              611116.93939999864
            ],
            [
              323451.91849999968,
              611093.1269000005
            ],
            [
              323420.52290000208,
              611072.57710000128
            ],
            [
              323411.40540000051,
              611061.93240000121
            ],
            [
              323414.98280000035,
              611049.02459999919
            ],
            [
              323431.28090000059,
              611011.37050000206
            ],
            [
              323458.26850000024,
              610982.00160000101
            ],
            [
              323501.92480000108,
              610965.33290000074
            ],
            [
              323525.73739999998,
              610934.37649999931
            ],
            [
              323579.7125000013,
              610917.70780000277
            ],
            [
              323596.38130000047,
              610885.16390000097
            ],
            [
              323639.24380000122,
              610850.23890000023
            ],
            [
              323654.32510000002,
              610822.45759999938
            ],
            [
              323670.20020000078,
              610801.02630000003
            ],
            [
              323698.77520000003,
              610779.59500000253
            ],
            [
              323712.26900000032,
              610762.92620000429
            ],
            [
              323713.06269999966,
              610735.93870000355
            ],
            [
              323701.15650000144,
              610721.65110000037
            ],
            [
              323693.21899999864,
              610703.39479999989
            ],
            [
              323687.66270000115,
              610689.90110000037
            ],
            [
              323682.90020000096,
              610627.19470000081
            ],
            [
              323664.64390000049,
              610598.61959999986
            ],
            [
              323637.65630000085,
              610572.42579999939
            ],
            [
              323628.92509999964,
              610558.93200000189
            ],
            [
              323629.71880000085,
              610540.67579999939
            ],
            [
              323637.65630000085,
              610522.4195000045
            ],
            [
              323655.11890000012,
              610515.27570000105
            ],
            [
              323667.02520000096,
              610504.16319999844
            ],
            [
              323672.58140000049,
              610491.46320000105
            ],
            [
              323661.46890000068,
              610481.93810000271
            ],
            [
              323651.9439000003,
              610476.38190000318
            ],
            [
              323646.38760000002,
              610466.06310000271
            ],
            [
              323644.80009999964,
              610453.36309999973
            ],
            [
              323644.80009999964,
              610447.0131000001
            ],
            [
              323652.73760000151,
              610439.0756000001
            ],
            [
              323660.67510000151,
              610431.13800000213
            ],
            [
              323659.0876000002,
              610393.83170000091
            ],
            [
              323654.78830000106,
              610384.75530000031
            ],
            [
              323653.77749999985,
              610377.44070000015
            ],
            [
              323655.02560000122,
              610371.46639999934
            ],
            [
              323660.67510000151,
              610358.11290000007
            ],
            [
              323664.94840000197,
              610345.29319999926
            ],
            [
              323665.46150000114,
              610338.51520000212
            ],
            [
              323665.24930000212,
              610330.95299999975
            ],
            [
              323655.91260000039,
              610313.66279999912
            ],
            [
              323632.68720000051,
              610287.80370000005
            ],
            [
              323625.75009999983,
              610272.38770000078
            ],
            [
              323628.92509999964,
              610255.71890000068
            ],
            [
              323631.15160000045,
              610251.26590000466
            ],
            [
              323636.86259999964,
              610239.84390000068
            ],
            [
              323636.86259999964,
              610211.26889999956
            ],
            [
              323625.75009999983,
              610173.96250000224
            ],
            [
              323618.60630000103,
              610147.76870000362
            ],
            [
              323616.22510000132,
              610119.19370000064
            ],
            [
              323610.01609999966,
              610108.54960000142
            ],
            [
              323599.55630000029,
              610090.6185999997
            ],
            [
              323593.20630000066,
              610070.77480000257
            ],
            [
              323594,
              610053.3123000022
            ],
            [
              323609.87500000186,
              610034.26220000163
            ],
            [
              323658.52220000047,
              610001.6686000023
            ],
            [
              323689.25019999966,
              609981.08090000041
            ],
            [
              323718.550400001,
              609953.87360000052
            ],
            [
              323727.33680000156,
              609945.71470000409
            ],
            [
              323731.86670000106,
              609939.28189999983
            ],
            [
              323733.7854000004,
              609933.08369999938
            ],
            [
              323733.96680000052,
              609918.74880000018
            ],
            [
              323734.40940000024,
              609883.78309999965
            ],
            [
              323734.49400000088,
              609877.09940000065
            ],
            [
              323758.09860000107,
              609846.23200000077
            ],
            [
              323765.45040000044,
              609836.61810000241
            ],
            [
              323769.41910000145,
              609796.93050000072
            ],
            [
              323779.07930000219,
              609757.64570000209
            ],
            [
              323781.32540000044,
              609748.51170000061
            ],
            [
              323777.95470000152,
              609732.22020000219
            ],
            [
              323776.56290000025,
              609725.49290000275
            ],
            [
              323743.22530000098,
              609692.15530000441
            ],
            [
              323713.06269999966,
              609638.18020000309
            ],
            [
              323658.29390000179,
              609552.4550000038
            ],
            [
              323643.15630000178,
              609465.75769999996
            ],
            [
              323643.71270000003,
              609451.39449999854
            ],
            [
              323647.6465999987,
              609440.08970000222
            ],
            [
              323666.23140000086,
              609406.40469999984
            ],
            [
              323682.10640000086,
              609345.28590000235
            ],
            [
              323725.76280000061,
              609285.75449999794
            ],
            [
              323739.256500002,
              609219.87310000136
            ],
            [
              323728.93779999949,
              609161.13550000079
            ],
            [
              323759.89410000015,
              609102.39790000208
            ],
            [
              323759.89410000015,
              609019.05399999954
            ],
            [
              323771.80039999913,
              608969.0476000011
            ],
            [
              323787.67540000193,
              608923.80379999802
            ],
            [
              323868.6381000001,
              608799.978500003
            ],
            [
              323923.40690000076,
              608747.59090000205
            ],
            [
              323948.01319999993,
              608730.92210000195
            ],
            [
              323994.05080000125,
              608668.21580000035
            ],
            [
              323995.19070000015,
              608651.11690000072
            ],
            [
              323995.63829999976,
              608644.40320000239
            ],
            [
              323995.1071000006,
              608640.68470000103
            ],
            [
              323990.08200000226,
              608605.50940000452
            ],
            [
              323955.15700000059,
              608532.48420000263
            ],
            [
              323935.31319999974,
              608502.32169999927
            ],
            [
              323945.63200000022,
              608446.75910000131
            ],
            [
              323994.05080000125,
              608349.92140000127
            ],
            [
              324031.3571000006,
              608303.08999999985
            ],
            [
              324087.71350000054,
              608242.7648999989
            ],
            [
              324097.23850000091,
              608189.58360000327
            ],
            [
              324140.10110000055,
              608074.4896000009
            ],
            [
              324157.56360000093,
              608026.07069999911
            ],
            [
              324154.38860000204,
              607968.1269000005
            ],
            [
              324159.94489999954,
              607938.758100003
            ],
            [
              324195.66370000038,
              607863.35170000419
            ],
            [
              324232.17630000133,
              607823.66410000063
            ],
            [
              324282.18260000087,
              607790.32650000229
            ],
            [
              324310.75769999996,
              607749.05140000395
            ],
            [
              324323.45770000014,
              607710.1576000005
            ],
            [
              324325.04520000052,
              607661.73880000226
            ],
            [
              324352.82650000136,
              607624.43240000121
            ],
            [
              324375.05160000175,
              607570.45729999989
            ],
            [
              324437.75790000148,
              607493.46340000071
            ],
            [
              324463.95170000102,
              607432.34449999966
            ],
            [
              324475.17770000175,
              607399.08240000159
            ],
            [
              324485.38300000131,
              607368.84440000355
            ],
            [
              324525.86440000124,
              607350.58809999749
            ],
            [
              324545.70820000023,
              607326.77559999935
            ],
            [
              324561.9821000006,
              607324.58950000443
            ],
            [
              324598.88949999958,
              607319.63179999962
            ],
            [
              324625.08330000006,
              607307.7255000025
            ],
            [
              324678.26470000017,
              607233.11290000007
            ],
            [
              324697.31470000092,
              607154.53150000423
            ],
            [
              324717.1584999999,
              607128.33770000376
            ],
            [
              324829.87120000087,
              607069.60009999946
            ],
            [
              324899.72140000015,
              606995.78120000102
            ],
            [
              324978.38140000124,
              606945.54619999789
            ],
            [
              324979.09649999999,
              606936.2498000022
            ]
          ]
        ]
      }
    }
  ]
}