{
  "displayFieldName" : "",
  "fieldAliases" : {
    "FID" : "FID",
    "PMNTN_SPOT" : "PMNTN_SPOT",
    "MNTN_CODE" : "MNTN_CODE",
    "MANAGE_SP1" : "MANAGE_SP1",
    "MANAGE_SP2" : "MANAGE_SP2",
    "DETAIL_SPO" : "DETAIL_SPO",
    "ETC_MATTER" : "ETC_MATTER",
    "MNTN_NM" : "MNTN_NM",
    "PAST_SPOT_" : "PAST_SPOT_",
    "MNTN_ID" : "MNTN_ID"
  },
  "geometryType" : "esriGeometryPoint",
  "spatialReference" : {
    "wkt" : "PROJCS[\"PCS_ITRF2000_TM\",GEOGCS[\"GCS_ITRF_2000\",DATUM[\"D_ITRF_2000\",SPHEROID[\"GRS_1980\",6378137.0,298.257222101]],PRIMEM[\"Greenwich\",0.0],UNIT[\"Degree\",0.0174532925199433]],PROJECTION[\"Transverse_Mercator\"],PARAMETER[\"False_Easting\",200000.0],PARAMETER[\"False_Northing\",600000.0],PARAMETER[\"Central_Meridian\",127.0],PARAMETER[\"Scale_Factor\",1.0],PARAMETER[\"Latitude_Of_Origin\",38.0],UNIT[\"Meter\",1.0]]"
  },
  "fields" : [
    {
      "name" : "FID",
      "type" : "esriFieldTypeOID",
      "alias" : "FID"
    },
    {
      "name" : "PMNTN_SPOT",
      "type" : "esriFieldTypeDouble",
      "alias" : "PMNTN_SPOT"
    },
    {
      "name" : "MNTN_CODE",
      "type" : "esriFieldTypeString",
      "alias" : "MNTN_CODE",
      "length" : 9
    },
    {
      "name" : "MANAGE_SP1",
      "type" : "esriFieldTypeString",
      "alias" : "MANAGE_SP1",
      "length" : 2
    },
    {
      "name" : "MANAGE_SP2",
      "type" : "esriFieldTypeString",
      "alias" : "MANAGE_SP2",
      "length" : 50
    },
    {
      "name" : "DETAIL_SPO",
      "type" : "esriFieldTypeString",
      "alias" : "DETAIL_SPO",
      "length" : 200
    },
    {
      "name" : "ETC_MATTER",
      "type" : "esriFieldTypeString",
      "alias" : "ETC_MATTER",
      "length" : 200
    },
    {
      "name" : "MNTN_NM",
      "type" : "esriFieldTypeString",
      "alias" : "MNTN_NM",
      "length" : 50
    },
    {
      "name" : "PAST_SPOT_",
      "type" : "esriFieldTypeString",
      "alias" : "PAST_SPOT_",
      "length" : 14
    },
    {
      "name" : "MNTN_ID",
      "type" : "esriFieldTypeString",
      "alias" : "MNTN_ID",
      "length" : 10
    }
  ],
  "features" : [
    {
      "attributes" : {
        "FID" : 0,
        "PMNTN_SPOT" : 82961,
        "MNTN_CODE" : "488206001",
        "MANAGE_SP1" : "11",
        "MANAGE_SP2" : "안내판또는지도",
        "DETAIL_SPO" : "화리치,안내도",
        "ETC_MATTER" : " ",
        "MNTN_NM" : "천왕산",
        "PAST_SPOT_" : "4882060010001",
        "MNTN_ID" : "488206001"
      },
      "geometry" : {
        "x" : 314960.68120000046,
        "y" : 269431.94490000233
      }
    },
    {
      "attributes" : {
        "FID" : 1,
        "PMNTN_SPOT" : 82962,
        "MNTN_CODE" : "488206001",
        "MANAGE_SP1" : "99",
        "MANAGE_SP2" : "기타",
        "DETAIL_SPO" : "낙남정맥",
        "ETC_MATTER" : " ",
        "MNTN_NM" : "천왕산",
        "PAST_SPOT_" : "4882060010002",
        "MNTN_ID" : "488206001"
      },
      "geometry" : {
        "x" : 316160.50580000132,
        "y" : 271076.55599999987
      }
    },
    {
      "attributes" : {
        "FID" : 2,
        "PMNTN_SPOT" : 82963,
        "MNTN_CODE" : "488206001",
        "MANAGE_SP1" : "99",
        "MANAGE_SP2" : "기타",
        "DETAIL_SPO" : "노면",
        "ETC_MATTER" : " ",
        "MNTN_NM" : "천왕산",
        "PAST_SPOT_" : "4882060010003",
        "MNTN_ID" : "488206001"
      },
      "geometry" : {
        "x" : 316098.16940000188,
        "y" : 270687.96310000122
      }
    },
    {
      "attributes" : {
        "FID" : 3,
        "PMNTN_SPOT" : 82964,
        "MNTN_CODE" : "488206001",
        "MANAGE_SP1" : "99",
        "MANAGE_SP2" : "기타",
        "DETAIL_SPO" : "갈래종생",
        "ETC_MATTER" : " ",
        "MNTN_NM" : "천왕산",
        "PAST_SPOT_" : "4882060010004",
        "MNTN_ID" : "488206001"
      },
      "geometry" : {
        "x" : 314578.25910000037,
        "y" : 269546.10950000025
      }
    },
    {
      "attributes" : {
        "FID" : 4,
        "PMNTN_SPOT" : 82965,
        "MNTN_CODE" : "488206001",
        "MANAGE_SP1" : "01",
        "MANAGE_SP2" : "시종점",
        "DETAIL_SPO" : "시종점",
        "ETC_MATTER" : " ",
        "MNTN_NM" : "천왕산",
        "PAST_SPOT_" : "4882060010005",
        "MNTN_ID" : "488206001"
      },
      "geometry" : {
        "x" : 314081.70959999971,
        "y" : 269912.94830000028
      }
    },
    {
      "attributes" : {
        "FID" : 5,
        "PMNTN_SPOT" : 82966,
        "MNTN_CODE" : "488206001",
        "MANAGE_SP1" : "02",
        "MANAGE_SP2" : "분기점",
        "DETAIL_SPO" : "분기점",
        "ETC_MATTER" : " ",
        "MNTN_NM" : "천왕산",
        "PAST_SPOT_" : "4882060010006",
        "MNTN_ID" : "488206001"
      },
      "geometry" : {
        "x" : 314953.78149337694,
        "y" : 269425.70015447959
      }
    },
    {
      "attributes" : {
        "FID" : 6,
        "PMNTN_SPOT" : 82967,
        "MNTN_CODE" : "488206001",
        "MANAGE_SP1" : "02",
        "MANAGE_SP2" : "분기점",
        "DETAIL_SPO" : "분기점",
        "ETC_MATTER" : " ",
        "MNTN_NM" : "천왕산",
        "PAST_SPOT_" : "4882060010007",
        "MNTN_ID" : "488206001"
      },
      "geometry" : {
        "x" : 314995.42410000041,
        "y" : 269759.41410000063
      }
    },
    {
      "attributes" : {
        "FID" : 7,
        "PMNTN_SPOT" : 82968,
        "MNTN_CODE" : "488206001",
        "MANAGE_SP1" : "02",
        "MANAGE_SP2" : "분기점",
        "DETAIL_SPO" : "분기점",
        "ETC_MATTER" : " ",
        "MNTN_NM" : "천왕산",
        "PAST_SPOT_" : "4882060010008",
        "MNTN_ID" : "488206001"
      },
      "geometry" : {
        "x" : 315139.06428901479,
        "y" : 270414.15621273965
      }
    },
    {
      "attributes" : {
        "FID" : 8,
        "PMNTN_SPOT" : 82969,
        "MNTN_CODE" : "488206001",
        "MANAGE_SP1" : "02",
        "MANAGE_SP2" : "분기점",
        "DETAIL_SPO" : "분기점",
        "ETC_MATTER" : " ",
        "MNTN_NM" : "천왕산",
        "PAST_SPOT_" : "4882060010009",
        "MNTN_ID" : "488206001"
      },
      "geometry" : {
        "x" : 315201.09800001606,
        "y" : 269606.88560000062
      }
    },
    {
      "attributes" : {
        "FID" : 9,
        "PMNTN_SPOT" : 82970,
        "MNTN_CODE" : "488206001",
        "MANAGE_SP1" : "02",
        "MANAGE_SP2" : "분기점",
        "DETAIL_SPO" : "분기점",
        "ETC_MATTER" : " ",
        "MNTN_NM" : "천왕산",
        "PAST_SPOT_" : "4882060010010",
        "MNTN_ID" : "488206001"
      },
      "geometry" : {
        "x" : 315250.05520001054,
        "y" : 269636.56770000234
      }
    },
    {
      "attributes" : {
        "FID" : 10,
        "PMNTN_SPOT" : 82971,
        "MNTN_CODE" : "488206001",
        "MANAGE_SP1" : "02",
        "MANAGE_SP2" : "분기점",
        "DETAIL_SPO" : "분기점",
        "ETC_MATTER" : " ",
        "MNTN_NM" : "천왕산",
        "PAST_SPOT_" : "4882060010011",
        "MNTN_ID" : "488206001"
      },
      "geometry" : {
        "x" : 315369.69597208221,
        "y" : 270183.37345708907
      }
    },
    {
      "attributes" : {
        "FID" : 11,
        "PMNTN_SPOT" : 82972,
        "MNTN_CODE" : "488206001",
        "MANAGE_SP1" : "01",
        "MANAGE_SP2" : "시종점",
        "DETAIL_SPO" : "시종점",
        "ETC_MATTER" : " ",
        "MNTN_NM" : "천왕산",
        "PAST_SPOT_" : "4882060010012",
        "MNTN_ID" : "488206001"
      },
      "geometry" : {
        "x" : 316177.03178362921,
        "y" : 271291.32048862427
      }
    },
    {
      "attributes" : {
        "FID" : 12,
        "PMNTN_SPOT" : 82973,
        "MNTN_CODE" : "488206001",
        "MANAGE_SP1" : "01",
        "MANAGE_SP2" : "시종점",
        "DETAIL_SPO" : "시종점",
        "ETC_MATTER" : " ",
        "MNTN_NM" : "천왕산",
        "PAST_SPOT_" : "4882060010013",
        "MNTN_ID" : "488206001"
      },
      "geometry" : {
        "x" : 316205.85219999962,
        "y" : 271287.83209999837
      }
    },
    {
      "attributes" : {
        "FID" : 13,
        "PMNTN_SPOT" : 82974,
        "MNTN_CODE" : "488206001",
        "MANAGE_SP1" : "01",
        "MANAGE_SP2" : "시종점",
        "DETAIL_SPO" : "시종점",
        "ETC_MATTER" : " ",
        "MNTN_NM" : "천왕산",
        "PAST_SPOT_" : "4882060010014",
        "MNTN_ID" : "488206001"
      },
      "geometry" : {
        "x" : 316275.88480000105,
        "y" : 269400.57140000351
      }
    },
    {
      "attributes" : {
        "FID" : 14,
        "PMNTN_SPOT" : 82975,
        "MNTN_CODE" : "488206001",
        "MANAGE_SP1" : "02",
        "MANAGE_SP2" : "분기점",
        "DETAIL_SPO" : "분기점",
        "ETC_MATTER" : " ",
        "MNTN_NM" : "천왕산",
        "PAST_SPOT_" : "4882060010015",
        "MNTN_ID" : "488206001"
      },
      "geometry" : {
        "x" : 316091.40396197885,
        "y" : 270699.38502387516
      }
    },
    {
      "attributes" : {
        "FID" : 15,
        "PMNTN_SPOT" : 82976,
        "MNTN_CODE" : "488206001",
        "MANAGE_SP1" : "01",
        "MANAGE_SP2" : "시종점",
        "DETAIL_SPO" : "시종점",
        "ETC_MATTER" : " ",
        "MNTN_NM" : "천왕산",
        "PAST_SPOT_" : "4882060010016",
        "MNTN_ID" : "488206001"
      },
      "geometry" : {
        "x" : 317907.83907694463,
        "y" : 270300.3195744399
      }
    },
    {
      "attributes" : {
        "FID" : 16,
        "PMNTN_SPOT" : 99469,
        "MNTN_CODE" : "488206001",
        "MANAGE_SP1" : "99",
        "MANAGE_SP2" : "기타",
        "DETAIL_SPO" : "노면",
        "ETC_MATTER" : " ",
        "MNTN_NM" : "천왕산",
        "PAST_SPOT_" : "4882060010017",
        "MNTN_ID" : "488206001"
      },
      "geometry" : {
        "x" : 316194.58670000045,
        "y" : 269388.63379999984
      }
    }
  ]
}