{
  "displayFieldName" : "",
  "fieldAliases" : {
    "FID" : "FID",
    "PMNTN_SPOT" : "PMNTN_SPOT",
    "MNTN_CODE" : "MNTN_CODE",
    "MANAGE_SP1" : "MANAGE_SP1",
    "MANAGE_SP2" : "MANAGE_SP2",
    "DETAIL_SPO" : "DETAIL_SPO",
    "ETC_MATTER" : "ETC_MATTER",
    "MNTN_NM" : "MNTN_NM",
    "PAST_SPOT_" : "PAST_SPOT_",
    "MNTN_ID" : "MNTN_ID"
  },
  "geometryType" : "esriGeometryPoint",
  "spatialReference" : {
    "wkt" : "PROJCS[\"PCS_ITRF2000_TM\",GEOGCS[\"GCS_ITRF_2000\",DATUM[\"D_ITRF_2000\",SPHEROID[\"GRS_1980\",6378137.0,298.257222101]],PRIMEM[\"Greenwich\",0.0],UNIT[\"Degree\",0.0174532925199433]],PROJECTION[\"Transverse_Mercator\"],PARAMETER[\"False_Easting\",200000.0],PARAMETER[\"False_Northing\",600000.0],PARAMETER[\"Central_Meridian\",127.0],PARAMETER[\"Scale_Factor\",1.0],PARAMETER[\"Latitude_Of_Origin\",38.0],UNIT[\"Meter\",1.0]]"
  },
  "fields" : [
    {
      "name" : "FID",
      "type" : "esriFieldTypeOID",
      "alias" : "FID"
    },
    {
      "name" : "PMNTN_SPOT",
      "type" : "esriFieldTypeDouble",
      "alias" : "PMNTN_SPOT"
    },
    {
      "name" : "MNTN_CODE",
      "type" : "esriFieldTypeString",
      "alias" : "MNTN_CODE",
      "length" : 9
    },
    {
      "name" : "MANAGE_SP1",
      "type" : "esriFieldTypeString",
      "alias" : "MANAGE_SP1",
      "length" : 2
    },
    {
      "name" : "MANAGE_SP2",
      "type" : "esriFieldTypeString",
      "alias" : "MANAGE_SP2",
      "length" : 50
    },
    {
      "name" : "DETAIL_SPO",
      "type" : "esriFieldTypeString",
      "alias" : "DETAIL_SPO",
      "length" : 200
    },
    {
      "name" : "ETC_MATTER",
      "type" : "esriFieldTypeString",
      "alias" : "ETC_MATTER",
      "length" : 200
    },
    {
      "name" : "MNTN_NM",
      "type" : "esriFieldTypeString",
      "alias" : "MNTN_NM",
      "length" : 50
    },
    {
      "name" : "PAST_SPOT_",
      "type" : "esriFieldTypeString",
      "alias" : "PAST_SPOT_",
      "length" : 14
    },
    {
      "name" : "MNTN_ID",
      "type" : "esriFieldTypeString",
      "alias" : "MNTN_ID",
      "length" : 10
    }
  ],
  "features" : [
    {
      "attributes" : {
        "FID" : 0,
        "PMNTN_SPOT" : 85143,
        "MNTN_CODE" : "481502601",
        "MANAGE_SP1" : "01",
        "MANAGE_SP2" : "시종점",
        "DETAIL_SPO" : "시종점",
        "ETC_MATTER" : " ",
        "MNTN_NM" : "청량산",
        "PAST_SPOT_" : "4812518010001",
        "MNTN_ID" : "481251801"
      },
      "geometry" : {
        "x" : 341697.12170000747,
        "y" : 286865.6258000005
      }
    },
    {
      "attributes" : {
        "FID" : 1,
        "PMNTN_SPOT" : 85144,
        "MNTN_CODE" : "481502601",
        "MANAGE_SP1" : "02",
        "MANAGE_SP2" : "분기점",
        "DETAIL_SPO" : "분기점",
        "ETC_MATTER" : " ",
        "MNTN_NM" : "청량산",
        "PAST_SPOT_" : "4812518010002",
        "MNTN_ID" : "481251801"
      },
      "geometry" : {
        "x" : 341767.10620000679,
        "y" : 286892.50769999996
      }
    },
    {
      "attributes" : {
        "FID" : 2,
        "PMNTN_SPOT" : 85145,
        "MNTN_CODE" : "481502601",
        "MANAGE_SP1" : "01",
        "MANAGE_SP2" : "시종점",
        "DETAIL_SPO" : "시종점",
        "ETC_MATTER" : " ",
        "MNTN_NM" : "청량산",
        "PAST_SPOT_" : "4812518010003",
        "MNTN_ID" : "481251801"
      },
      "geometry" : {
        "x" : 341789.8652000092,
        "y" : 286283.6604999993
      }
    },
    {
      "attributes" : {
        "FID" : 3,
        "PMNTN_SPOT" : 85146,
        "MNTN_CODE" : "481502601",
        "MANAGE_SP1" : "01",
        "MANAGE_SP2" : "시종점",
        "DETAIL_SPO" : "시종점",
        "ETC_MATTER" : " ",
        "MNTN_NM" : "청량산",
        "PAST_SPOT_" : "4812518010004",
        "MNTN_ID" : "481251801"
      },
      "geometry" : {
        "x" : 341830.05400000885,
        "y" : 287140.7648000028
      }
    },
    {
      "attributes" : {
        "FID" : 4,
        "PMNTN_SPOT" : 85147,
        "MNTN_CODE" : "481502601",
        "MANAGE_SP1" : "02",
        "MANAGE_SP2" : "분기점",
        "DETAIL_SPO" : "분기점",
        "ETC_MATTER" : " ",
        "MNTN_NM" : "청량산",
        "PAST_SPOT_" : "4812518010005",
        "MNTN_ID" : "481251801"
      },
      "geometry" : {
        "x" : 341835.46410001069,
        "y" : 286994.6938000042
      }
    },
    {
      "attributes" : {
        "FID" : 5,
        "PMNTN_SPOT" : 85148,
        "MNTN_CODE" : "481502601",
        "MANAGE_SP1" : "01",
        "MANAGE_SP2" : "시종점",
        "DETAIL_SPO" : "시종점",
        "ETC_MATTER" : " ",
        "MNTN_NM" : "청량산",
        "PAST_SPOT_" : "4812518010006",
        "MNTN_ID" : "481251801"
      },
      "geometry" : {
        "x" : 341846.28410000913,
        "y" : 285749.61270000227
      }
    },
    {
      "attributes" : {
        "FID" : 6,
        "PMNTN_SPOT" : 85149,
        "MNTN_CODE" : "481502601",
        "MANAGE_SP1" : "02",
        "MANAGE_SP2" : "분기점",
        "DETAIL_SPO" : "분기점",
        "ETC_MATTER" : " ",
        "MNTN_NM" : "청량산",
        "PAST_SPOT_" : "4812518010007",
        "MNTN_ID" : "481251801"
      },
      "geometry" : {
        "x" : 342019.46160000842,
        "y" : 286565.2880000025
      }
    },
    {
      "attributes" : {
        "FID" : 7,
        "PMNTN_SPOT" : 85150,
        "MNTN_CODE" : "481502601",
        "MANAGE_SP1" : "02",
        "MANAGE_SP2" : "분기점",
        "DETAIL_SPO" : "분기점",
        "ETC_MATTER" : " ",
        "MNTN_NM" : "청량산",
        "PAST_SPOT_" : "4812518010008",
        "MNTN_ID" : "481251801"
      },
      "geometry" : {
        "x" : 342071.1870000083,
        "y" : 286283.6604999993
      }
    },
    {
      "attributes" : {
        "FID" : 8,
        "PMNTN_SPOT" : 85151,
        "MNTN_CODE" : "481502601",
        "MANAGE_SP1" : "02",
        "MANAGE_SP2" : "분기점",
        "DETAIL_SPO" : "분기점",
        "ETC_MATTER" : " ",
        "MNTN_NM" : "청량산",
        "PAST_SPOT_" : "4812518010009",
        "MNTN_ID" : "481251801"
      },
      "geometry" : {
        "x" : 342076.4053000072,
        "y" : 286314.89840000123
      }
    },
    {
      "attributes" : {
        "FID" : 9,
        "PMNTN_SPOT" : 85152,
        "MNTN_CODE" : "481502601",
        "MANAGE_SP1" : "02",
        "MANAGE_SP2" : "분기점",
        "DETAIL_SPO" : "분기점",
        "ETC_MATTER" : " ",
        "MNTN_NM" : "청량산",
        "PAST_SPOT_" : "4812518010010",
        "MNTN_ID" : "481251801"
      },
      "geometry" : {
        "x" : 342116.01300000772,
        "y" : 286106.67510000058
      }
    },
    {
      "attributes" : {
        "FID" : 10,
        "PMNTN_SPOT" : 85153,
        "MNTN_CODE" : "481502601",
        "MANAGE_SP1" : "02",
        "MANAGE_SP2" : "분기점",
        "DETAIL_SPO" : "분기점",
        "ETC_MATTER" : " ",
        "MNTN_NM" : "청량산",
        "PAST_SPOT_" : "4812518010011",
        "MNTN_ID" : "481251801"
      },
      "geometry" : {
        "x" : 342162.51940000895,
        "y" : 286495.39200000279
      }
    },
    {
      "attributes" : {
        "FID" : 11,
        "PMNTN_SPOT" : 85154,
        "MNTN_CODE" : "481502601",
        "MANAGE_SP1" : "02",
        "MANAGE_SP2" : "분기점",
        "DETAIL_SPO" : "분기점",
        "ETC_MATTER" : " ",
        "MNTN_NM" : "청량산",
        "PAST_SPOT_" : "4812518010012",
        "MNTN_ID" : "481251801"
      },
      "geometry" : {
        "x" : 342233.55690000765,
        "y" : 286195.74719999731
      }
    },
    {
      "attributes" : {
        "FID" : 12,
        "PMNTN_SPOT" : 85155,
        "MNTN_CODE" : "481502601",
        "MANAGE_SP1" : "01",
        "MANAGE_SP2" : "시종점",
        "DETAIL_SPO" : "시종점",
        "ETC_MATTER" : " ",
        "MNTN_NM" : "청량산",
        "PAST_SPOT_" : "4812518010013",
        "MNTN_ID" : "481251801"
      },
      "geometry" : {
        "x" : 342235.03380001057,
        "y" : 287264.42270000279
      }
    },
    {
      "attributes" : {
        "FID" : 13,
        "PMNTN_SPOT" : 85156,
        "MNTN_CODE" : "481502601",
        "MANAGE_SP1" : "02",
        "MANAGE_SP2" : "분기점",
        "DETAIL_SPO" : "분기점",
        "ETC_MATTER" : " ",
        "MNTN_NM" : "청량산",
        "PAST_SPOT_" : "4812518010014",
        "MNTN_ID" : "481251801"
      },
      "geometry" : {
        "x" : 342247.39960001037,
        "y" : 286207.14719999768
      }
    },
    {
      "attributes" : {
        "FID" : 14,
        "PMNTN_SPOT" : 85157,
        "MNTN_CODE" : "481502601",
        "MANAGE_SP1" : "02",
        "MANAGE_SP2" : "분기점",
        "DETAIL_SPO" : "분기점",
        "ETC_MATTER" : " ",
        "MNTN_NM" : "청량산",
        "PAST_SPOT_" : "4812518010015",
        "MNTN_ID" : "481251801"
      },
      "geometry" : {
        "x" : 342259.79590000864,
        "y" : 286307.78270000219
      }
    },
    {
      "attributes" : {
        "FID" : 15,
        "PMNTN_SPOT" : 85158,
        "MNTN_CODE" : "481502601",
        "MANAGE_SP1" : "02",
        "MANAGE_SP2" : "분기점",
        "DETAIL_SPO" : "분기점",
        "ETC_MATTER" : " ",
        "MNTN_NM" : "청량산",
        "PAST_SPOT_" : "4812518010016",
        "MNTN_ID" : "481251801"
      },
      "geometry" : {
        "x" : 342260.87400001008,
        "y" : 286310.48880000226
      }
    },
    {
      "attributes" : {
        "FID" : 16,
        "PMNTN_SPOT" : 85159,
        "MNTN_CODE" : "481502601",
        "MANAGE_SP1" : "02",
        "MANAGE_SP2" : "분기점",
        "DETAIL_SPO" : "분기점",
        "ETC_MATTER" : " ",
        "MNTN_NM" : "청량산",
        "PAST_SPOT_" : "4812518010017",
        "MNTN_ID" : "481251801"
      },
      "geometry" : {
        "x" : 342364.10180001054,
        "y" : 286140.68099999987
      }
    },
    {
      "attributes" : {
        "FID" : 17,
        "PMNTN_SPOT" : 85160,
        "MNTN_CODE" : "481502601",
        "MANAGE_SP1" : "01",
        "MANAGE_SP2" : "시종점",
        "DETAIL_SPO" : "시종점",
        "ETC_MATTER" : " ",
        "MNTN_NM" : "청량산",
        "PAST_SPOT_" : "4812518010018",
        "MNTN_ID" : "481251801"
      },
      "geometry" : {
        "x" : 342376.84710000828,
        "y" : 284612.82890000194
      }
    },
    {
      "attributes" : {
        "FID" : 18,
        "PMNTN_SPOT" : 85161,
        "MNTN_CODE" : "481502601",
        "MANAGE_SP1" : "01",
        "MANAGE_SP2" : "시종점",
        "DETAIL_SPO" : "시종점",
        "ETC_MATTER" : " ",
        "MNTN_NM" : "청량산",
        "PAST_SPOT_" : "4812518010019",
        "MNTN_ID" : "481251801"
      },
      "geometry" : {
        "x" : 342490.07840000652,
        "y" : 286163.09400000237
      }
    },
    {
      "attributes" : {
        "FID" : 19,
        "PMNTN_SPOT" : 85162,
        "MNTN_CODE" : "481502601",
        "MANAGE_SP1" : "02",
        "MANAGE_SP2" : "분기점",
        "DETAIL_SPO" : "분기점",
        "ETC_MATTER" : " ",
        "MNTN_NM" : "청량산",
        "PAST_SPOT_" : "4812518010020",
        "MNTN_ID" : "481251801"
      },
      "geometry" : {
        "x" : 342510.47000000812,
        "y" : 286464.94410000183
      }
    },
    {
      "attributes" : {
        "FID" : 20,
        "PMNTN_SPOT" : 85163,
        "MNTN_CODE" : "481502601",
        "MANAGE_SP1" : "01",
        "MANAGE_SP2" : "시종점",
        "DETAIL_SPO" : "시종점",
        "ETC_MATTER" : " ",
        "MNTN_NM" : "청량산",
        "PAST_SPOT_" : "4812518010021",
        "MNTN_ID" : "481251801"
      },
      "geometry" : {
        "x" : 342599.82480000891,
        "y" : 286855.57860000432
      }
    },
    {
      "attributes" : {
        "FID" : 21,
        "PMNTN_SPOT" : 85164,
        "MNTN_CODE" : "481502601",
        "MANAGE_SP1" : "02",
        "MANAGE_SP2" : "분기점",
        "DETAIL_SPO" : "분기점",
        "ETC_MATTER" : " ",
        "MNTN_NM" : "청량산",
        "PAST_SPOT_" : "4812518010022",
        "MNTN_ID" : "481251801"
      },
      "geometry" : {
        "x" : 342673.24670001026,
        "y" : 286782.92950000241
      }
    },
    {
      "attributes" : {
        "FID" : 22,
        "PMNTN_SPOT" : 85165,
        "MNTN_CODE" : "481502601",
        "MANAGE_SP1" : "02",
        "MANAGE_SP2" : "분기점",
        "DETAIL_SPO" : "분기점",
        "ETC_MATTER" : " ",
        "MNTN_NM" : "청량산",
        "PAST_SPOT_" : "4812518010023",
        "MNTN_ID" : "481251801"
      },
      "geometry" : {
        "x" : 342686.03430000972,
        "y" : 286812.00980000012
      }
    },
    {
      "attributes" : {
        "FID" : 23,
        "PMNTN_SPOT" : 85166,
        "MNTN_CODE" : "481502601",
        "MANAGE_SP1" : "02",
        "MANAGE_SP2" : "분기점",
        "DETAIL_SPO" : "분기점",
        "ETC_MATTER" : " ",
        "MNTN_NM" : "청량산",
        "PAST_SPOT_" : "4812518010024",
        "MNTN_ID" : "481251801"
      },
      "geometry" : {
        "x" : 342687.88110001199,
        "y" : 286405.22230000235
      }
    },
    {
      "attributes" : {
        "FID" : 24,
        "PMNTN_SPOT" : 85167,
        "MNTN_CODE" : "481502601",
        "MANAGE_SP1" : "02",
        "MANAGE_SP2" : "분기점",
        "DETAIL_SPO" : "분기점",
        "ETC_MATTER" : " ",
        "MNTN_NM" : "청량산",
        "PAST_SPOT_" : "4812518010025",
        "MNTN_ID" : "481251801"
      },
      "geometry" : {
        "x" : 342690.75370000955,
        "y" : 286404.98990000412
      }
    },
    {
      "attributes" : {
        "FID" : 25,
        "PMNTN_SPOT" : 85168,
        "MNTN_CODE" : "481502601",
        "MANAGE_SP1" : "01",
        "MANAGE_SP2" : "시종점",
        "DETAIL_SPO" : "시종점",
        "ETC_MATTER" : " ",
        "MNTN_NM" : "청량산",
        "PAST_SPOT_" : "4812518010026",
        "MNTN_ID" : "481251801"
      },
      "geometry" : {
        "x" : 342701.84260001034,
        "y" : 286849.39570000209
      }
    },
    {
      "attributes" : {
        "FID" : 26,
        "PMNTN_SPOT" : 85169,
        "MNTN_CODE" : "481502601",
        "MANAGE_SP1" : "01",
        "MANAGE_SP2" : "시종점",
        "DETAIL_SPO" : "시종점",
        "ETC_MATTER" : " ",
        "MNTN_NM" : "청량산",
        "PAST_SPOT_" : "4812518010027",
        "MNTN_ID" : "481251801"
      },
      "geometry" : {
        "x" : 342752.0787000088,
        "y" : 283876.96760000102
      }
    },
    {
      "attributes" : {
        "FID" : 27,
        "PMNTN_SPOT" : 85170,
        "MNTN_CODE" : "481502601",
        "MANAGE_SP1" : "01",
        "MANAGE_SP2" : "시종점",
        "DETAIL_SPO" : "시종점",
        "ETC_MATTER" : " ",
        "MNTN_NM" : "청량산",
        "PAST_SPOT_" : "4812518010028",
        "MNTN_ID" : "481251801"
      },
      "geometry" : {
        "x" : 342852.55070000887,
        "y" : 286886.49310000241
      }
    },
    {
      "attributes" : {
        "FID" : 28,
        "PMNTN_SPOT" : 85171,
        "MNTN_CODE" : "481502601",
        "MANAGE_SP1" : "02",
        "MANAGE_SP2" : "분기점",
        "DETAIL_SPO" : "분기점",
        "ETC_MATTER" : " ",
        "MNTN_NM" : "청량산",
        "PAST_SPOT_" : "4812518010029",
        "MNTN_ID" : "481251801"
      },
      "geometry" : {
        "x" : 342885.50670000818,
        "y" : 284494.30530000106
      }
    },
    {
      "attributes" : {
        "FID" : 29,
        "PMNTN_SPOT" : 85172,
        "MNTN_CODE" : "481502601",
        "MANAGE_SP1" : "02",
        "MANAGE_SP2" : "분기점",
        "DETAIL_SPO" : "분기점",
        "ETC_MATTER" : " ",
        "MNTN_NM" : "청량산",
        "PAST_SPOT_" : "4812518010030",
        "MNTN_ID" : "481251801"
      },
      "geometry" : {
        "x" : 342895.50810000952,
        "y" : 286394.88160000183
      }
    },
    {
      "attributes" : {
        "FID" : 30,
        "PMNTN_SPOT" : 85173,
        "MNTN_CODE" : "481502601",
        "MANAGE_SP1" : "02",
        "MANAGE_SP2" : "분기점",
        "DETAIL_SPO" : "분기점",
        "ETC_MATTER" : " ",
        "MNTN_NM" : "청량산",
        "PAST_SPOT_" : "4812518010031",
        "MNTN_ID" : "481251801"
      },
      "geometry" : {
        "x" : 342927.73170000874,
        "y" : 284200.20849999972
      }
    },
    {
      "attributes" : {
        "FID" : 31,
        "PMNTN_SPOT" : 85174,
        "MNTN_CODE" : "481502601",
        "MANAGE_SP1" : "02",
        "MANAGE_SP2" : "분기점",
        "DETAIL_SPO" : "분기점",
        "ETC_MATTER" : " ",
        "MNTN_NM" : "청량산",
        "PAST_SPOT_" : "4812518010032",
        "MNTN_ID" : "481251801"
      },
      "geometry" : {
        "x" : 342967.48840001039,
        "y" : 286304.25489999913
      }
    },
    {
      "attributes" : {
        "FID" : 32,
        "PMNTN_SPOT" : 85175,
        "MNTN_CODE" : "481502601",
        "MANAGE_SP1" : "02",
        "MANAGE_SP2" : "분기점",
        "DETAIL_SPO" : "분기점",
        "ETC_MATTER" : " ",
        "MNTN_NM" : "청량산",
        "PAST_SPOT_" : "4812518010033",
        "MNTN_ID" : "481251801"
      },
      "geometry" : {
        "x" : 343085.18230000976,
        "y" : 284904.10150000267
      }
    },
    {
      "attributes" : {
        "FID" : 33,
        "PMNTN_SPOT" : 85176,
        "MNTN_CODE" : "481502601",
        "MANAGE_SP1" : "01",
        "MANAGE_SP2" : "시종점",
        "DETAIL_SPO" : "시종점",
        "ETC_MATTER" : " ",
        "MNTN_NM" : "청량산",
        "PAST_SPOT_" : "4812518010034",
        "MNTN_ID" : "481251801"
      },
      "geometry" : {
        "x" : 343356.45690000895,
        "y" : 283996.7611999996
      }
    },
    {
      "attributes" : {
        "FID" : 34,
        "PMNTN_SPOT" : 85177,
        "MNTN_CODE" : "481502601",
        "MANAGE_SP1" : "01",
        "MANAGE_SP2" : "시종점",
        "DETAIL_SPO" : "시종점",
        "ETC_MATTER" : " ",
        "MNTN_NM" : "청량산",
        "PAST_SPOT_" : "4812518010035",
        "MNTN_ID" : "481251801"
      },
      "geometry" : {
        "x" : 343439.92600001022,
        "y" : 286316.89360000007
      }
    },
    {
      "attributes" : {
        "FID" : 35,
        "PMNTN_SPOT" : 85178,
        "MNTN_CODE" : "481502601",
        "MANAGE_SP1" : "01",
        "MANAGE_SP2" : "시종점",
        "DETAIL_SPO" : "시종점",
        "ETC_MATTER" : " ",
        "MNTN_NM" : "청량산",
        "PAST_SPOT_" : "4812518010036",
        "MNTN_ID" : "481251801"
      },
      "geometry" : {
        "x" : 343877.0991000114,
        "y" : 284913.92050000094
      }
    }
  ]
}