{
  "displayFieldName" : "",
  "fieldAliases" : {
    "FID" : "FID",
    "PMNTN_SPOT" : "PMNTN_SPOT",
    "MNTN_CODE" : "MNTN_CODE",
    "MANAGE_SP1" : "MANAGE_SP1",
    "MANAGE_SP2" : "MANAGE_SP2",
    "DETAIL_SPO" : "DETAIL_SPO",
    "ETC_MATTER" : "ETC_MATTER",
    "MNTN_NM" : "MNTN_NM",
    "PAST_SPOT_" : "PAST_SPOT_",
    "MNTN_ID" : "MNTN_ID"
  },
  "geometryType" : "esriGeometryPoint",
  "spatialReference" : {
    "wkt" : "PROJCS[\"PCS_ITRF2000_TM\",GEOGCS[\"GCS_ITRF_2000\",DATUM[\"D_ITRF_2000\",SPHEROID[\"GRS_1980\",6378137.0,298.257222101]],PRIMEM[\"Greenwich\",0.0],UNIT[\"Degree\",0.0174532925199433]],PROJECTION[\"Transverse_Mercator\"],PARAMETER[\"False_Easting\",200000.0],PARAMETER[\"False_Northing\",600000.0],PARAMETER[\"Central_Meridian\",127.0],PARAMETER[\"Scale_Factor\",1.0],PARAMETER[\"Latitude_Of_Origin\",38.0],UNIT[\"Meter\",1.0]]"
  },
  "fields" : [
    {
      "name" : "FID",
      "type" : "esriFieldTypeOID",
      "alias" : "FID"
    },
    {
      "name" : "PMNTN_SPOT",
      "type" : "esriFieldTypeDouble",
      "alias" : "PMNTN_SPOT"
    },
    {
      "name" : "MNTN_CODE",
      "type" : "esriFieldTypeString",
      "alias" : "MNTN_CODE",
      "length" : 9
    },
    {
      "name" : "MANAGE_SP1",
      "type" : "esriFieldTypeString",
      "alias" : "MANAGE_SP1",
      "length" : 2
    },
    {
      "name" : "MANAGE_SP2",
      "type" : "esriFieldTypeString",
      "alias" : "MANAGE_SP2",
      "length" : 50
    },
    {
      "name" : "DETAIL_SPO",
      "type" : "esriFieldTypeString",
      "alias" : "DETAIL_SPO",
      "length" : 200
    },
    {
      "name" : "ETC_MATTER",
      "type" : "esriFieldTypeString",
      "alias" : "ETC_MATTER",
      "length" : 200
    },
    {
      "name" : "MNTN_NM",
      "type" : "esriFieldTypeString",
      "alias" : "MNTN_NM",
      "length" : 50
    },
    {
      "name" : "PAST_SPOT_",
      "type" : "esriFieldTypeString",
      "alias" : "PAST_SPOT_",
      "length" : 14
    },
    {
      "name" : "MNTN_ID",
      "type" : "esriFieldTypeString",
      "alias" : "MNTN_ID",
      "length" : 10
    }
  ],
  "features" : [
    {
      "attributes" : {
        "FID" : 0,
        "PMNTN_SPOT" : 49377,
        "MNTN_CODE" : "428306404",
        "MANAGE_SP1" : "01",
        "MANAGE_SP2" : "시종점",
        "DETAIL_SPO" : "시종점",
        "ETC_MATTER" : " ",
        "MNTN_NM" : "상양혈리",
        "PAST_SPOT_" : "4283023010001",
        "MNTN_ID" : "428302301"
      },
      "geometry" : {
        "x" : 345912.80860000569,
        "y" : 604648.76470000111
      }
    },
    {
      "attributes" : {
        "FID" : 1,
        "PMNTN_SPOT" : 49378,
        "MNTN_CODE" : "428306404",
        "MANAGE_SP1" : "01",
        "MANAGE_SP2" : "시종점",
        "DETAIL_SPO" : "시종점",
        "ETC_MATTER" : " ",
        "MNTN_NM" : "상양혈리",
        "PAST_SPOT_" : "4283023010002",
        "MNTN_ID" : "428302301"
      },
      "geometry" : {
        "x" : 347052.71060000826,
        "y" : 605494.1109000016
      }
    },
    {
      "attributes" : {
        "FID" : 2,
        "PMNTN_SPOT" : 49379,
        "MNTN_CODE" : "428306404",
        "MANAGE_SP1" : "99",
        "MANAGE_SP2" : "기타",
        "DETAIL_SPO" : "기타",
        "ETC_MATTER" : "주변환경 정리요망",
        "MNTN_NM" : "상양혈리",
        "PAST_SPOT_" : "4283023010003",
        "MNTN_ID" : "428302301"
      },
      "geometry" : {
        "x" : 345920.41950001009,
        "y" : 604645.90390000306
      }
    },
    {
      "attributes" : {
        "FID" : 3,
        "PMNTN_SPOT" : 49380,
        "MNTN_CODE" : "428306404",
        "MANAGE_SP1" : "23",
        "MANAGE_SP2" : "정상",
        "DETAIL_SPO" : "정상부",
        "ETC_MATTER" : " ",
        "MNTN_NM" : "상양혈리",
        "PAST_SPOT_" : "4283023010004",
        "MNTN_ID" : "428302301"
      },
      "geometry" : {
        "x" : 345956.41340001207,
        "y" : 604651.82140000165
      }
    },
    {
      "attributes" : {
        "FID" : 4,
        "PMNTN_SPOT" : 49381,
        "MNTN_CODE" : "428306404",
        "MANAGE_SP1" : "99",
        "MANAGE_SP2" : "기타",
        "DETAIL_SPO" : "기타",
        "ETC_MATTER" : "주변환경 정리요망",
        "MNTN_NM" : "상양혈리",
        "PAST_SPOT_" : "4283023010005",
        "MNTN_ID" : "428302301"
      },
      "geometry" : {
        "x" : 345970.4301000135,
        "y" : 604722.69580000266
      }
    },
    {
      "attributes" : {
        "FID" : 5,
        "PMNTN_SPOT" : 49382,
        "MNTN_CODE" : "428306404",
        "MANAGE_SP1" : "14",
        "MANAGE_SP2" : "조망점",
        "DETAIL_SPO" : "조망점",
        "ETC_MATTER" : " ",
        "MNTN_NM" : "상양혈리",
        "PAST_SPOT_" : "4283023010006",
        "MNTN_ID" : "428302301"
      },
      "geometry" : {
        "x" : 346012.20550001413,
        "y" : 604774.17830000259
      }
    },
    {
      "attributes" : {
        "FID" : 6,
        "PMNTN_SPOT" : 49383,
        "MNTN_CODE" : "428306404",
        "MANAGE_SP1" : "99",
        "MANAGE_SP2" : "기타",
        "DETAIL_SPO" : "기타",
        "ETC_MATTER" : "하층식생 정리요망",
        "MNTN_NM" : "상양혈리",
        "PAST_SPOT_" : "4283023010007",
        "MNTN_ID" : "428302301"
      },
      "geometry" : {
        "x" : 346037.51090001315,
        "y" : 604905.80690000206
      }
    },
    {
      "attributes" : {
        "FID" : 7,
        "PMNTN_SPOT" : 49384,
        "MNTN_CODE" : "428306404",
        "MANAGE_SP1" : "99",
        "MANAGE_SP2" : "기타",
        "DETAIL_SPO" : "기타",
        "ETC_MATTER" : "주변환경 정리요망",
        "MNTN_NM" : "상양혈리",
        "PAST_SPOT_" : "4283023010008",
        "MNTN_ID" : "428302301"
      },
      "geometry" : {
        "x" : 345995.98240001034,
        "y" : 605097.58160000294
      }
    },
    {
      "attributes" : {
        "FID" : 8,
        "PMNTN_SPOT" : 49385,
        "MNTN_CODE" : "428306404",
        "MANAGE_SP1" : "07",
        "MANAGE_SP2" : "시설물(운동기구 등)",
        "DETAIL_SPO" : "시설물(운동기구등)",
        "ETC_MATTER" : "쉼터 설치 요망",
        "MNTN_NM" : "상양혈리",
        "PAST_SPOT_" : "4283023010009",
        "MNTN_ID" : "428302301"
      },
      "geometry" : {
        "x" : 346014.73980000988,
        "y" : 605170.46200000122
      }
    },
    {
      "attributes" : {
        "FID" : 9,
        "PMNTN_SPOT" : 49386,
        "MNTN_CODE" : "428306404",
        "MANAGE_SP1" : "99",
        "MANAGE_SP2" : "기타",
        "DETAIL_SPO" : "기타",
        "ETC_MATTER" : " ",
        "MNTN_NM" : "상양혈리",
        "PAST_SPOT_" : "4283023010010",
        "MNTN_ID" : "428302301"
      },
      "geometry" : {
        "x" : 346742.31220000982,
        "y" : 605173.71690000221
      }
    },
    {
      "attributes" : {
        "FID" : 10,
        "PMNTN_SPOT" : 49387,
        "MNTN_CODE" : "428306404",
        "MANAGE_SP1" : "99",
        "MANAGE_SP2" : "기타",
        "DETAIL_SPO" : "기타",
        "ETC_MATTER" : "주변환경 정리요망",
        "MNTN_NM" : "상양혈리",
        "PAST_SPOT_" : "4283023010011",
        "MNTN_ID" : "428302301"
      },
      "geometry" : {
        "x" : 346027.6802000124,
        "y" : 605200.24210000411
      }
    },
    {
      "attributes" : {
        "FID" : 11,
        "PMNTN_SPOT" : 49388,
        "MNTN_CODE" : "428306404",
        "MANAGE_SP1" : "99",
        "MANAGE_SP2" : "기타",
        "DETAIL_SPO" : "기타",
        "ETC_MATTER" : " ",
        "MNTN_NM" : "상양혈리",
        "PAST_SPOT_" : "4283023010012",
        "MNTN_ID" : "428302301"
      },
      "geometry" : {
        "x" : 346385.30760001019,
        "y" : 605231.53940000199
      }
    },
    {
      "attributes" : {
        "FID" : 12,
        "PMNTN_SPOT" : 49389,
        "MNTN_CODE" : "428306404",
        "MANAGE_SP1" : "99",
        "MANAGE_SP2" : "기타",
        "DETAIL_SPO" : "기타",
        "ETC_MATTER" : "주변환경 정리요망",
        "MNTN_NM" : "상양혈리",
        "PAST_SPOT_" : "4283023010013",
        "MNTN_ID" : "428302301"
      },
      "geometry" : {
        "x" : 346140.09590001311,
        "y" : 605318.27150000073
      }
    },
    {
      "attributes" : {
        "FID" : 13,
        "PMNTN_SPOT" : 49390,
        "MNTN_CODE" : "428306404",
        "MANAGE_SP1" : "99",
        "MANAGE_SP2" : "기타",
        "DETAIL_SPO" : "시작점",
        "ETC_MATTER" : "시작점 (마을입구)",
        "MNTN_NM" : "상양혈리",
        "PAST_SPOT_" : "4283023010014",
        "MNTN_ID" : "428302301"
      },
      "geometry" : {
        "x" : 347042.58400001097,
        "y" : 605494.55040000007
      }
    }
  ]
}