{
  "displayFieldName" : "",
  "fieldAliases" : {
    "FID" : "FID",
    "PMNTN_SPOT" : "PMNTN_SPOT",
    "MNTN_CODE" : "MNTN_CODE",
    "MANAGE_SP1" : "MANAGE_SP1",
    "MANAGE_SP2" : "MANAGE_SP2",
    "DETAIL_SPO" : "DETAIL_SPO",
    "ETC_MATTER" : "ETC_MATTER",
    "MNTN_NM" : "MNTN_NM",
    "PAST_SPOT_" : "PAST_SPOT_",
    "MNTN_ID" : "MNTN_ID"
  },
  "geometryType" : "esriGeometryPoint",
  "spatialReference" : {
    "wkt" : "PROJCS[\"PCS_ITRF2000_TM\",GEOGCS[\"GCS_ITRF_2000\",DATUM[\"D_ITRF_2000\",SPHEROID[\"GRS_1980\",6378137.0,298.257222101]],PRIMEM[\"Greenwich\",0.0],UNIT[\"Degree\",0.0174532925199433]],PROJECTION[\"Transverse_Mercator\"],PARAMETER[\"False_Easting\",200000.0],PARAMETER[\"False_Northing\",600000.0],PARAMETER[\"Central_Meridian\",127.0],PARAMETER[\"Scale_Factor\",1.0],PARAMETER[\"Latitude_Of_Origin\",38.0],UNIT[\"Meter\",1.0]]"
  },
  "fields" : [
    {
      "name" : "FID",
      "type" : "esriFieldTypeOID",
      "alias" : "FID"
    },
    {
      "name" : "PMNTN_SPOT",
      "type" : "esriFieldTypeDouble",
      "alias" : "PMNTN_SPOT"
    },
    {
      "name" : "MNTN_CODE",
      "type" : "esriFieldTypeString",
      "alias" : "MNTN_CODE",
      "length" : 9
    },
    {
      "name" : "MANAGE_SP1",
      "type" : "esriFieldTypeString",
      "alias" : "MANAGE_SP1",
      "length" : 2
    },
    {
      "name" : "MANAGE_SP2",
      "type" : "esriFieldTypeString",
      "alias" : "MANAGE_SP2",
      "length" : 50
    },
    {
      "name" : "DETAIL_SPO",
      "type" : "esriFieldTypeString",
      "alias" : "DETAIL_SPO",
      "length" : 200
    },
    {
      "name" : "ETC_MATTER",
      "type" : "esriFieldTypeString",
      "alias" : "ETC_MATTER",
      "length" : 200
    },
    {
      "name" : "MNTN_NM",
      "type" : "esriFieldTypeString",
      "alias" : "MNTN_NM",
      "length" : 50
    },
    {
      "name" : "PAST_SPOT_",
      "type" : "esriFieldTypeString",
      "alias" : "PAST_SPOT_",
      "length" : 14
    },
    {
      "name" : "MNTN_ID",
      "type" : "esriFieldTypeString",
      "alias" : "MNTN_ID",
      "length" : 10
    }
  ],
  "features" : [
    {
      "attributes" : {
        "FID" : 0,
        "PMNTN_SPOT" : 43603,
        "MNTN_CODE" : "282600401",
        "MANAGE_SP1" : "99",
        "MANAGE_SP2" : "기타",
        "DETAIL_SPO" : "한국전력쪽\n숲길입구",
        "ETC_MATTER" : " ",
        "MNTN_NM" : "북망산",
        "PAST_SPOT_" : "2826004010001",
        "MNTN_ID" : "282600401"
      },
      "geometry" : {
        "x" : 171257.33710000198,
        "y" : 547644.01120000146
      }
    },
    {
      "attributes" : {
        "FID" : 1,
        "PMNTN_SPOT" : 43604,
        "MNTN_CODE" : "282600401",
        "MANAGE_SP1" : "05",
        "MANAGE_SP2" : "벤치",
        "DETAIL_SPO" : "벤치",
        "ETC_MATTER" : " ",
        "MNTN_NM" : "북망산",
        "PAST_SPOT_" : "2826004010002",
        "MNTN_ID" : "282600401"
      },
      "geometry" : {
        "x" : 171190.03410000075,
        "y" : 547723.49660000205
      }
    },
    {
      "attributes" : {
        "FID" : 2,
        "PMNTN_SPOT" : 43605,
        "MNTN_CODE" : "282600401",
        "MANAGE_SP1" : "05",
        "MANAGE_SP2" : "벤치",
        "DETAIL_SPO" : "벤치",
        "ETC_MATTER" : " ",
        "MNTN_NM" : "북망산",
        "PAST_SPOT_" : "2826004010003",
        "MNTN_ID" : "282600401"
      },
      "geometry" : {
        "x" : 171140.86809999961,
        "y" : 547838.82919999957
      }
    },
    {
      "attributes" : {
        "FID" : 3,
        "PMNTN_SPOT" : 43606,
        "MNTN_CODE" : "282600401",
        "MANAGE_SP1" : "07",
        "MANAGE_SP2" : "시설물(운동기구 등)",
        "DETAIL_SPO" : "운동기구",
        "ETC_MATTER" : " ",
        "MNTN_NM" : "북망산",
        "PAST_SPOT_" : "2826004010004",
        "MNTN_ID" : "282600401"
      },
      "geometry" : {
        "x" : 171202.76150000002,
        "y" : 548144.44230000302
      }
    },
    {
      "attributes" : {
        "FID" : 4,
        "PMNTN_SPOT" : 43607,
        "MNTN_CODE" : "282600401",
        "MANAGE_SP1" : "14",
        "MANAGE_SP2" : "조망점",
        "DETAIL_SPO" : "조망점",
        "ETC_MATTER" : " ",
        "MNTN_NM" : "북망산",
        "PAST_SPOT_" : "2826004010005",
        "MNTN_ID" : "282600401"
      },
      "geometry" : {
        "x" : 170947.33760000113,
        "y" : 548113.92400000431
      }
    },
    {
      "attributes" : {
        "FID" : 5,
        "PMNTN_SPOT" : 43608,
        "MNTN_CODE" : "282600401",
        "MANAGE_SP1" : "23",
        "MANAGE_SP2" : "정상",
        "DETAIL_SPO" : "정상부",
        "ETC_MATTER" : " ",
        "MNTN_NM" : "북망산",
        "PAST_SPOT_" : "2826004010006",
        "MNTN_ID" : "282600401"
      },
      "geometry" : {
        "x" : 171178.65130000003,
        "y" : 548284.77830000035
      }
    },
    {
      "attributes" : {
        "FID" : 6,
        "PMNTN_SPOT" : 43609,
        "MNTN_CODE" : "282600401",
        "MANAGE_SP1" : "05",
        "MANAGE_SP2" : "벤치",
        "DETAIL_SPO" : "벤치",
        "ETC_MATTER" : " ",
        "MNTN_NM" : "북망산",
        "PAST_SPOT_" : "2826004010007",
        "MNTN_ID" : "282600401"
      },
      "geometry" : {
        "x" : 171184.87430000026,
        "y" : 548397.99320000224
      }
    },
    {
      "attributes" : {
        "FID" : 7,
        "PMNTN_SPOT" : 43610,
        "MNTN_CODE" : "282600401",
        "MANAGE_SP1" : "14",
        "MANAGE_SP2" : "조망점",
        "DETAIL_SPO" : "조망점",
        "ETC_MATTER" : " ",
        "MNTN_NM" : "북망산",
        "PAST_SPOT_" : "2826004010008",
        "MNTN_ID" : "282600401"
      },
      "geometry" : {
        "x" : 170988.1129999999,
        "y" : 548605.7910999991
      }
    },
    {
      "attributes" : {
        "FID" : 8,
        "PMNTN_SPOT" : 43611,
        "MNTN_CODE" : "282600401",
        "MANAGE_SP1" : "06",
        "MANAGE_SP2" : "음수대",
        "DETAIL_SPO" : "약수터",
        "ETC_MATTER" : " ",
        "MNTN_NM" : "북망산",
        "PAST_SPOT_" : "2826004010009",
        "MNTN_ID" : "282600401"
      },
      "geometry" : {
        "x" : 171146.29470000044,
        "y" : 548608.12439999916
      }
    },
    {
      "attributes" : {
        "FID" : 9,
        "PMNTN_SPOT" : 43612,
        "MNTN_CODE" : "282600401",
        "MANAGE_SP1" : "01",
        "MANAGE_SP2" : "시종점",
        "DETAIL_SPO" : "시종점",
        "ETC_MATTER" : " ",
        "MNTN_NM" : "북망산",
        "PAST_SPOT_" : "2826004010010",
        "MNTN_ID" : "282600401"
      },
      "geometry" : {
        "x" : 170925.30470000114,
        "y" : 548132.59520000033
      }
    },
    {
      "attributes" : {
        "FID" : 10,
        "PMNTN_SPOT" : 43613,
        "MNTN_CODE" : "282600401",
        "MANAGE_SP1" : "01",
        "MANAGE_SP2" : "시종점",
        "DETAIL_SPO" : "시종점",
        "ETC_MATTER" : " ",
        "MNTN_NM" : "북망산",
        "PAST_SPOT_" : "2826004010011",
        "MNTN_ID" : "282600401"
      },
      "geometry" : {
        "x" : 170980.58550000004,
        "y" : 548601.33339999989
      }
    },
    {
      "attributes" : {
        "FID" : 11,
        "PMNTN_SPOT" : 43614,
        "MNTN_CODE" : "282600401",
        "MANAGE_SP1" : "02",
        "MANAGE_SP2" : "분기점",
        "DETAIL_SPO" : "분기점",
        "ETC_MATTER" : " ",
        "MNTN_NM" : "북망산",
        "PAST_SPOT_" : "2826004010012",
        "MNTN_ID" : "282600401"
      },
      "geometry" : {
        "x" : 171141.04070000164,
        "y" : 548189.98430000246
      }
    },
    {
      "attributes" : {
        "FID" : 12,
        "PMNTN_SPOT" : 43615,
        "MNTN_CODE" : "282600401",
        "MANAGE_SP1" : "02",
        "MANAGE_SP2" : "분기점",
        "DETAIL_SPO" : "분기점",
        "ETC_MATTER" : " ",
        "MNTN_NM" : "북망산",
        "PAST_SPOT_" : "2826004010013",
        "MNTN_ID" : "282600401"
      },
      "geometry" : {
        "x" : 171182.31330000143,
        "y" : 548513.89000000246
      }
    },
    {
      "attributes" : {
        "FID" : 13,
        "PMNTN_SPOT" : 43616,
        "MNTN_CODE" : "282600401",
        "MANAGE_SP1" : "01",
        "MANAGE_SP2" : "시종점",
        "DETAIL_SPO" : "시종점",
        "ETC_MATTER" : " ",
        "MNTN_NM" : "북망산",
        "PAST_SPOT_" : "2826004010014",
        "MNTN_ID" : "282600401"
      },
      "geometry" : {
        "x" : 171280.55009999964,
        "y" : 549067.71560000256
      }
    },
    {
      "attributes" : {
        "FID" : 14,
        "PMNTN_SPOT" : 43617,
        "MNTN_CODE" : "282600401",
        "MANAGE_SP1" : "01",
        "MANAGE_SP2" : "시종점",
        "DETAIL_SPO" : "시종점",
        "ETC_MATTER" : " ",
        "MNTN_NM" : "북망산",
        "PAST_SPOT_" : "2826004010015",
        "MNTN_ID" : "282600401"
      },
      "geometry" : {
        "x" : 171398.15000000037,
        "y" : 547229.26249999925
      }
    },
    {
      "attributes" : {
        "FID" : 15,
        "PMNTN_SPOT" : 97150,
        "MNTN_CODE" : "282600401",
        "MANAGE_SP1" : "06",
        "MANAGE_SP2" : "음수대",
        "DETAIL_SPO" : "약수터",
        "ETC_MATTER" : " ",
        "MNTN_NM" : "북망산",
        "PAST_SPOT_" : "2826004010016",
        "MNTN_ID" : "282600401"
      },
      "geometry" : {
        "x" : 171176.95320000063,
        "y" : 548957.26329999999
      }
    }
  ]
}