{
  "displayFieldName" : "",
  "fieldAliases" : {
    "FID" : "FID",
    "PMNTN_SN" : "PMNTN_SN",
    "MNTN_CODE" : "MNTN_CODE",
    "MNTN_NM" : "MNTN_NM",
    "PMNTN_NM" : "PMNTN_NM",
    "PMNTN_MAIN" : "PMNTN_MAIN",
    "PMNTN_LT" : "PMNTN_LT",
    "PMNTN_DFFL" : "PMNTN_DFFL",
    "PMNTN_UPPL" : "PMNTN_UPPL",
    "PMNTN_GODN" : "PMNTN_GODN",
    "PMNTN_MTRQ" : "PMNTN_MTRQ",
    "PMNTN_CNRL" : "PMNTN_CNRL",
    "PMNTN_CLS_" : "PMNTN_CLS_",
    "PMNTN_RISK" : "PMNTN_RISK",
    "PMNTN_RECO" : "PMNTN_RECO",
    "DATA_STDR_" : "DATA_STDR_",
    "MNTN_ID" : "MNTN_ID"
  },
  "geometryType" : "esriGeometryPolyline",
  "spatialReference" : {
    "wkt" : "PROJCS[\"PCS_ITRF2000_TM\",GEOGCS[\"GCS_ITRF_2000\",DATUM[\"D_ITRF_2000\",SPHEROID[\"GRS_1980\",6378137.0,298.257222101]],PRIMEM[\"Greenwich\",0.0],UNIT[\"Degree\",0.0174532925199433]],PROJECTION[\"Transverse_Mercator\"],PARAMETER[\"False_Easting\",200000.0],PARAMETER[\"False_Northing\",600000.0],PARAMETER[\"Central_Meridian\",127.0],PARAMETER[\"Scale_Factor\",1.0],PARAMETER[\"Latitude_Of_Origin\",38.0],UNIT[\"Meter\",1.0]]"
  },
  "fields" : [
    {
      "name" : "FID",
      "type" : "esriFieldTypeOID",
      "alias" : "FID"
    },
    {
      "name" : "PMNTN_SN",
      "type" : "esriFieldTypeDouble",
      "alias" : "PMNTN_SN"
    },
    {
      "name" : "MNTN_CODE",
      "type" : "esriFieldTypeString",
      "alias" : "MNTN_CODE",
      "length" : 9
    },
    {
      "name" : "MNTN_NM",
      "type" : "esriFieldTypeString",
      "alias" : "MNTN_NM",
      "length" : 50
    },
    {
      "name" : "PMNTN_NM",
      "type" : "esriFieldTypeString",
      "alias" : "PMNTN_NM",
      "length" : 50
    },
    {
      "name" : "PMNTN_MAIN",
      "type" : "esriFieldTypeString",
      "alias" : "PMNTN_MAIN",
      "length" : 200
    },
    {
      "name" : "PMNTN_LT",
      "type" : "esriFieldTypeSingle",
      "alias" : "PMNTN_LT"
    },
    {
      "name" : "PMNTN_DFFL",
      "type" : "esriFieldTypeString",
      "alias" : "PMNTN_DFFL",
      "length" : 8
    },
    {
      "name" : "PMNTN_UPPL",
      "type" : "esriFieldTypeDouble",
      "alias" : "PMNTN_UPPL"
    },
    {
      "name" : "PMNTN_GODN",
      "type" : "esriFieldTypeDouble",
      "alias" : "PMNTN_GODN"
    },
    {
      "name" : "PMNTN_MTRQ",
      "type" : "esriFieldTypeString",
      "alias" : "PMNTN_MTRQ",
      "length" : 200
    },
    {
      "name" : "PMNTN_CNRL",
      "type" : "esriFieldTypeString",
      "alias" : "PMNTN_CNRL",
      "length" : 1
    },
    {
      "name" : "PMNTN_CLS_",
      "type" : "esriFieldTypeString",
      "alias" : "PMNTN_CLS_",
      "length" : 1
    },
    {
      "name" : "PMNTN_RISK",
      "type" : "esriFieldTypeString",
      "alias" : "PMNTN_RISK",
      "length" : 200
    },
    {
      "name" : "PMNTN_RECO",
      "type" : "esriFieldTypeString",
      "alias" : "PMNTN_RECO",
      "length" : 1
    },
    {
      "name" : "DATA_STDR_",
      "type" : "esriFieldTypeString",
      "alias" : "DATA_STDR_",
      "length" : 10
    },
    {
      "name" : "MNTN_ID",
      "type" : "esriFieldTypeString",
      "alias" : "MNTN_ID",
      "length" : 10
    }
  ],
  "features" : [
    {
      "attributes" : {
        "FID" : 0,
        "PMNTN_SN" : 34136,
        "MNTN_CODE" : "458001501",
        "MNTN_NM" : "시어산",
        "PMNTN_NM" : "신흥리구간",
        "PMNTN_MAIN" : " ",
        "PMNTN_LT" : 1.94,
        "PMNTN_DFFL" : "쉬움",
        "PMNTN_UPPL" : 34,
        "PMNTN_GODN" : 24,
        "PMNTN_MTRQ" : " ",
        "PMNTN_CNRL" : " ",
        "PMNTN_CLS_" : " ",
        "PMNTN_RISK" : " ",
        "PMNTN_RECO" : " ",
        "DATA_STDR_" : "2016-12-31",
        "MNTN_ID" : "458001501"
      },
      "geometry" : {
        "paths" : [
          [
            [
              174698.71539999917,
              346749.77160000429
            ],
            [
              174698.75130000152,
              346749.73630000092
            ],
            [
              174698.7546000015,
              346749.70550000295
            ],
            [
              174698.76313333306,
              346749.70363333449
            ],
            [
              174698.56090000086,
              346749.40430000424
            ],
            [
              174697.65470000263,
              346748.11050000228
            ],
            [
              174693.71950000152,
              346742.71509999968
            ],
            [
              174691.30120000057,
              346739.21690000221
            ],
            [
              174688.63230000064,
              346735.47350000404
            ],
            [
              174685.85929999966,
              346731.63370000198
            ],
            [
              174660.10760000255,
              346694.75790000148
            ],
            [
              174658.88250000123,
              346692.79890000261
            ],
            [
              174650.25800000038,
              346679.05240000039
            ],
            [
              174647.65330000129,
              346675.23850000091
            ],
            [
              174645.05090000015,
              346671.30010000244
            ],
            [
              174642.44689999893,
              346667.3292000033
            ],
            [
              174639.81029999908,
              346663.17920000106
            ],
            [
              174637.29310000315,
              346659.12700000219
            ],
            [
              174635.10439999867,
              346654.99300000444
            ],
            [
              174633.64680000208,
              346650.92270000465
            ],
            [
              174633.00810000021,
              346646.69240000285
            ],
            [
              174633.29270000104,
              346642.70830000192
            ],
            [
              174634.56750000361,
              346638.86520000175
            ],
            [
              174639.58299999963,
              346632.46420000121
            ],
            [
              174642.62179999985,
              346629.24570000358
            ],
            [
              174645.71940000262,
              346626.23469999991
            ],
            [
              174648.53390000015,
              346622.99950000085
            ],
            [
              174659.69420000073,
              346609.55189999938
            ],
            [
              174669.26550000068,
              346596.53070000373
            ],
            [
              174675.18670000136,
              346581.38540000096
            ],
            [
              174678.48950000107,
              346570.98890000023
            ],
            [
              174683.80150000285,
              346564.98130000196
            ],
            [
              174690.96700000111,
              346561.67659999989
            ],
            [
              174701.74000000209,
              346560.37020000257
            ],
            [
              174705.49850000348,
              346557.80110000074
            ],
            [
              174704.96949999966,
              346550.5103999991
            ],
            [
              174704.48580000084,
              346543.9616000019
            ],
            [
              174703.58940000273,
              346537.67479999922
            ],
            [
              174702.89570000023,
              346534.52640000172
            ],
            [
              174691.93080000021,
              346520.84090000018
            ],
            [
              174689.09000000264,
              346515.79649999924
            ],
            [
              174686.78720000386,
              346507.65359999985
            ],
            [
              174685.58010000084,
              346494.90260000154
            ],
            [
              174683.83290000074,
              346485.06399999931
            ],
            [
              174681.12689999957,
              346470.96460000239
            ],
            [
              174679.14270000067,
              346452.55959999934
            ],
            [
              174679.21080000047,
              346439.47190000117
            ],
            [
              174682.13490000181,
              346425.60400000028
            ],
            [
              174687.56020000018,
              346412.13790000416
            ],
            [
              174694.38140000217,
              346399.6436999999
            ],
            [
              174698.74629999977,
              346392.71670000069
            ],
            [
              174707.07280000299,
              346382.84710000269
            ],
            [
              174715.21650000289,
              346371.70249999873
            ],
            [
              174724.19850000367,
              346361.8169000037
            ],
            [
              174729.76350000128,
              346356.52530000173
            ],
            [
              174732.72090000194,
              346345.6472000014
            ],
            [
              174734.72829999961,
              346332.10749999993
            ],
            [
              174736.86499999929,
              346322.00540000014
            ],
            [
              174739.11590000056,
              346315.69800000079
            ],
            [
              174742.36500000115,
              346307.69930000231
            ],
            [
              174743.85380000342,
              346300.54720000178
            ],
            [
              174745.05030000024,
              346295.31850000098
            ],
            [
              174747.35670000315,
              346285.4291999992
            ],
            [
              174747.9997000033,
              346277.70260000229
            ],
            [
              174748.00860000122,
              346263.97040000372
            ],
            [
              174749.78490000218,
              346254.87399999984
            ],
            [
              174752.7321000006,
              346249.49930000119
            ],
            [
              174757.75910000131,
              346240.8908000011
            ],
            [
              174763.58340000082,
              346230.73690000176
            ],
            [
              174765.64990000241,
              346227.44420000166
            ],
            [
              174769.96190000232,
              346219.56000000052
            ],
            [
              174772.22560000047,
              346215.76750000194
            ],
            [
              174777.6950000003,
              346210.95910000429
            ],
            [
              174786.9291000003,
              346200.79709999822
            ],
            [
              174799.96729999874,
              346189.78970000148
            ],
            [
              174812.42389999982,
              346178.33600000106
            ],
            [
              174817.46630000323,
              346173.15520000271
            ],
            [
              174822.46190000325,
              346167.77500000037
            ],
            [
              174835.80759999994,
              346155.1074000001
            ],
            [
              174849.70600000117,
              346146.60219999962
            ],
            [
              174865.17090000119,
              346139.71390000172
            ],
            [
              174873.66070000082,
              346136.77730000205
            ],
            [
              174883.35550000146,
              346134.71350000426
            ],
            [
              174890.77060000226,
              346131.82649999857
            ],
            [
              174899.83939999994,
              346125.7040000055
            ],
            [
              174906.08189999964,
              346117.36760000139
            ],
            [
              174911.55540000089,
              346108.56220000051
            ],
            [
              174916.95889999997,
              346099.91620000079
            ],
            [
              174919.10630000196,
              346088.40899999999
            ],
            [
              174921.19139999896,
              346084.81259999983
            ],
            [
              174938.39970000088,
              346069.41460000165
            ],
            [
              174961.49870000035,
              346049.26359999925
            ],
            [
              174970.31330000143,
              346041.4617999997
            ],
            [
              174977.64880000148,
              346032.03500000201
            ],
            [
              174980.41009999998,
              346025.7594000008
            ],
            [
              174982.7368000038,
              346017.2378000021
            ],
            [
              174983.24550000206,
              346009.01050000079
            ],
            [
              174982.05660000071,
              346003.70020000264
            ],
            [
              174978.93620000128,
              345997.05079999939
            ],
            [
              174974.48050000146,
              345988.15430000424
            ],
            [
              174972.05009999964,
              345979.74310000241
            ],
            [
              174973.33000000101,
              345970.88910000026
            ],
            [
              174972.33560000174,
              345960.78160000034
            ],
            [
              174967.57230000012,
              345949.44109999947
            ],
            [
              174962.3134000022,
              345936.13070000336
            ],
            [
              174957.75390000083,
              345923.47509999946
            ],
            [
              174954.6409999989,
              345918.80020000227
            ],
            [
              174946.87170000095,
              345913.50520000234
            ],
            [
              174937.44379999954,
              345904.24480000138
            ],
            [
              174930.98110000137,
              345895.27839999832
            ],
            [
              174926.26219999976,
              345888.92320000008
            ],
            [
              174925.35750000179,
              345884.27819999866
            ],
            [
              174926.5318,
              345880.70270000026
            ],
            [
              174931.10109999962,
              345878.47129999846
            ],
            [
              174938.26170000155,
              345877.42430000193
            ],
            [
              174946.2135000024,
              345877.75819999911
            ],
            [
              174951.47680000309,
              345878.28959999979
            ],
            [
              174954.69770000037,
              345876.35760000162
            ],
            [
              174958.00800000038,
              345872.94620000012
            ],
            [
              174959.80250000115,
              345868.11999999732
            ],
            [
              174959.97730000038,
              345865.78619999997
            ],
            [
              174961.15309999976,
              345863.78959999979
            ],
            [
              174961.33970000222,
              345861.52310000174
            ],
            [
              174962.46449999977,
              345859.57729999907
            ],
            [
              174963.65990000311,
              345857.15640000254
            ],
            [
              174965.13000000361,
              345855.0596000012
            ],
            [
              174966.79860000126,
              345852.95030000433
            ],
            [
              174968.51640000101,
              345850.90270000324
            ],
            [
              174970.26410000306,
              345848.86910000257
            ],
            [
              174972.20020000264,
              345846.72870000079
            ],
            [
              174974.06490000151,
              345844.72020000033
            ],
            [
              174975.92840000149,
              345842.89889999852
            ],
            [
              174977.80240000039,
              345841.0912000034
            ],
            [
              174979.64120000135,
              345839.67360000126
            ],
            [
              174981.46839999966,
              345838.05629999936
            ],
            [
              174983.08740000241,
              345836.42180000246
            ],
            [
              174984.62610000093,
              345834.68420000561
            ],
            [
              174986.21180000063,
              345832.81740000099
            ],
            [
              174987.637099999,
              345830.65780000389
            ],
            [
              174988.93790000025,
              345828.49360000342
            ],
            [
              174990.11190000083,
              345826.49410000071
            ],
            [
              174991.13710000087,
              345824.28449999914
            ],
            [
              174991.89580000006,
              345822.15389999934
            ],
            [
              174992.34140000306,
              345819.94700000063
            ],
            [
              174992.70840000268,
              345817.5979999993
            ],
            [
              174992.94420000073,
              345815.29340000078
            ],
            [
              174993.09150000382,
              345812.95490000211
            ],
            [
              174993.20760000218,
              345810.72839999944
            ],
            [
              174993.19150000252,
              345808.56929999962
            ],
            [
              174993.22800000384,
              345806.4495000001
            ],
            [
              174993.41700000223,
              345804.38430000097
            ],
            [
              174994.09250000119,
              345801.90220000222
            ],
            [
              174995.1017000014,
              345799.20180000365
            ],
            [
              174996.19949999917,
              345796.70030000433
            ],
            [
              174997.53270000312,
              345794.28730000183
            ],
            [
              174999.03230000008,
              345791.74130000174
            ],
            [
              175000.78650000412,
              345789.6101000011
            ],
            [
              175002.85240000393,
              345787.71400000155
            ],
            [
              175005.24070000276,
              345785.99939999916
            ],
            [
              175007.38080000132,
              345784.79260000214
            ],
            [
              175009.57440000121,
              345783.22420000285
            ],
            [
              175011.77510000113,
              345781.54279999994
            ],
            [
              175014.42580000311,
              345779.80790000223
            ],
            [
              175016.81479999982,
              345777.99750000425
            ],
            [
              175019.03660000116,
              345775.8711000029
            ],
            [
              175021.1034000013,
              345773.88630000129
            ],
            [
              175023.64840000123,
              345772.00310000218
            ],
            [
              175026.47460000031,
              345770.18640000001
            ],
            [
              175029.23390000127,
              345768.66469999962
            ],
            [
              175031.59649999999,
              345767.48060000129
            ],
            [
              175036.23809999973,
              345765.62620000355
            ],
            [
              175038.97860000003,
              345764.72169999965
            ],
            [
              175043.38950000051,
              345762.4411000032
            ],
            [
              175049.62430000398,
              345758.0941000022
            ],
            [
              175059.30940000154,
              345750.13590000384
            ],
            [
              175069.52100000065,
              345743.40870000236
            ],
            [
              175074.13080000225,
              345739.12360000238
            ],
            [
              175074.72990000155,
              345727.70790000446
            ],
            [
              175079.18740000017,
              345711.51860000193
            ],
            [
              175082.41620000266,
              345699.15310000256
            ],
            [
              175084.03850000072,
              345684.58740000427
            ],
            [
              175086.76700000092,
              345669.43969999999
            ],
            [
              175087.58300000243,
              345666.09240000136
            ],
            [
              175088.57240000088,
              345662.97240000218
            ],
            [
              175089.85270000156,
              345659.91070000269
            ],
            [
              175091.69280000124,
              345656.88819999993
            ],
            [
              175093.8125,
              345653.9430999998
            ],
            [
              175096.24789999984,
              345650.80070000142
            ],
            [
              175098.66199999955,
              345647.54130000062
            ],
            [
              175101.23680000007,
              345644.92080000415
            ],
            [
              175104.33010000084,
              345643.5979999993
            ],
            [
              175107.74110000022,
              345642.46499999985
            ],
            [
              175111.18819999974,
              345641.46060000174
            ],
            [
              175114.62840000167,
              345640.45150000229
            ],
            [
              175118.02300000004,
              345639.317900002
            ],
            [
              175121.27850000374,
              345638.14760000072
            ],
            [
              175124.36219999939,
              345636.95549999923
            ],
            [
              175127.36750000063,
              345635.62170000002
            ],
            [
              175130.32990000304,
              345634.43710000254
            ],
            [
              175133.23850000184,
              345632.9729999993
            ],
            [
              175136.17229999881,
              345631.79969999939
            ],
            [
              175138.91470000148,
              345630.73940000124
            ],
            [
              175141.37629999965,
              345629.92640000023
            ],
            [
              175143.3945000004,
              345629.41740000062
            ],
            [
              175144.96800000314,
              345629.00549999997
            ],
            [
              175146.57639999967,
              345628.48429999873
            ],
            [
              175148.39030000009,
              345628.1724999994
            ],
            [
              175150.09489999991,
              345627.730100004
            ],
            [
              175151.63270000089,
              345627.29230000265
            ],
            [
              175160.00500000082,
              345624.16740000248
            ],
            [
              175164.48730000108,
              345618.59150000103
            ],
            [
              175164.95600000303,
              345617.57150000334
            ],
            [
              175165.52250000276,
              345616.62930000015
            ],
            [
              175166.48990000039,
              345615.92490000091
            ],
            [
              175167.46930000186,
              345615.36160000041
            ],
            [
              175168.71760000009,
              345614.86680000275
            ],
            [
              175170.02860000171,
              345614.18560000136
            ],
            [
              175171.22750000004,
              345613.10100000352
            ],
            [
              175172.48300000373,
              345612.01860000007
            ],
            [
              175173.72319999989,
              345610.94870000146
            ],
            [
              175174.84470000025,
              345609.80580000021
            ],
            [
              175175.93590000179,
              345608.61639999971
            ],
            [
              175176.9486000007,
              345607.33900000155
            ],
            [
              175177.78410000168,
              345605.95300000161
            ],
            [
              175178.42789999861,
              345604.38270000182
            ],
            [
              175178.78740000166,
              345602.62460000254
            ],
            [
              175179.12920000404,
              345600.9140000008
            ],
            [
              175179.60040000174,
              345599.16389999911
            ],
            [
              175180.24130000081,
              345597.60830000043
            ],
            [
              175181.07390000112,
              345596.01300000027
            ],
            [
              175181.73250000179,
              345594.28630000167
            ],
            [
              175182.42940000352,
              345592.69310000166
            ],
            [
              175183.29310000129,
              345591.30399999954
            ],
            [
              175184.12810000125,
              345589.89750000089
            ],
            [
              175185.19350000005,
              345588.53370000236
            ],
            [
              175186.29409999959,
              345587.17710000463
            ],
            [
              175187.21770000271,
              345585.94300000183
            ],
            [
              175188.12879999913,
              345584.62820000015
            ],
            [
              175189.06930000149,
              345583.26099999994
            ],
            [
              175189.78679999989,
              345581.92450000159
            ],
            [
              175190.23510000017,
              345580.28500000387
            ],
            [
              175190.66150000319,
              345578.63709999993
            ],
            [
              175191.0279000029,
              345576.96600000374
            ],
            [
              175191.46890000161,
              345575.33160000108
            ],
            [
              175192.16870000213,
              345573.81310000271
            ],
            [
              175192.78870000131,
              345573.2098000031
            ],
            [
              175194.0745000029,
              345571.02130000107
            ],
            [
              175194.95060000289,
              345569.68469999917
            ],
            [
              175195.85489999969,
              345568.27100000344
            ],
            [
              175196.85140000191,
              345566.79740000144
            ],
            [
              175198.34700000007,
              345565.72510000132
            ],
            [
              175199.30950000416,
              345564.50280000456
            ],
            [
              175200.21439999994,
              345563.10190000199
            ],
            [
              175200.91490000114,
              345561.72840000317
            ],
            [
              175201.17210000101,
              345560.07190000452
            ],
            [
              175200.6902999999,
              345558.08240000159
            ],
            [
              175200.91349999979,
              345556.53680000082
            ],
            [
              175200.76230000053,
              345554.80240000039
            ],
            [
              175200.55929999985,
              345553.19660000131
            ],
            [
              175200.76100000087,
              345551.64420000091
            ],
            [
              175200.83969999943,
              345549.92459999956
            ],
            [
              175200.68939999957,
              345548.31530000456
            ],
            [
              175200.62330000196,
              345546.81860000081
            ],
            [
              175200.65650000144,
              345545.21550000086
            ],
            [
              175200.75620000064,
              345543.66320000403
            ],
            [
              175201.18900000025,
              345542.05560000055
            ],
            [
              175201.81030000001,
              345540.50220000185
            ],
            [
              175202.49890000187,
              345538.99270000309
            ],
            [
              175203.19640000258,
              345537.52460000291
            ],
            [
              175203.96339999977,
              345536.05680000223
            ],
            [
              175204.70440000109,
              345534.78920000233
            ],
            [
              175205.17949999962,
              345533.13950000331
            ],
            [
              175205.79110000376,
              345531.77770000137
            ],
            [
              175206.55580000021,
              345530.38030000031
            ],
            [
              175206.8219000008,
              345528.87230000086
            ],
            [
              175207.39549999963,
              345527.39850000106
            ],
            [
              175207.50289999973,
              345525.82980000228
            ],
            [
              175207.93410000298,
              345524.68760000169
            ],
            [
              175207.7659,
              345523.33010000177
            ],
            [
              175207.86070000101,
              345522.1585000027
            ],
            [
              175208.00189999957,
              345521.31959999911
            ],
            [
              175209.8498000009,
              345519.68019999936
            ],
            [
              175210.87039999943,
              345519.42220000178
            ],
            [
              175213.79760000389,
              345515.93579999916
            ],
            [
              175217.68100000266,
              345511.31040000357
            ],
            [
              175219.70359999966,
              345508.49670000188
            ],
            [
              175220.35199999996,
              345506.98540000059
            ],
            [
              175221.37520000059,
              345505.46400000155
            ],
            [
              175221.74600000307,
              345503.93150000274
            ],
            [
              175222.52840000018,
              345502.18099999987
            ],
            [
              175223.62140000239,
              345500.41369999945
            ],
            [
              175223.809600004,
              345498.91840000264
            ],
            [
              175224.71449999977,
              345497.29219999909
            ],
            [
              175224.7603000002,
              345495.98509999737
            ],
            [
              175225.22570000403,
              345494.45069999993
            ],
            [
              175225.66179999989,
              345493.0083000008
            ],
            [
              175226.22289999947,
              345491.19430000149
            ],
            [
              175226.63870000187,
              345489.55430000089
            ],
            [
              175227.0055000009,
              345487.9346000012
            ],
            [
              175227.66720000096,
              345486.33410000056
            ],
            [
              175228.01250000112,
              345484.82230000012
            ],
            [
              175228.14960000105,
              345483.35759999976
            ],
            [
              175228.04310000036,
              345482.21509999968
            ],
            [
              175227.57019999996,
              345480.62150000036
            ],
            [
              175227.45590000041,
              345479.2087000031
            ],
            [
              175226.97330000158,
              345476.22829999961
            ],
            [
              175225.93800000288,
              345472.98369999975
            ],
            [
              175225.58880000096,
              345471.8263000045
            ],
            [
              175225.11960000079,
              345470.6240000017
            ],
            [
              175224.61850000173,
              345469.46969999932
            ],
            [
              175224.05690000113,
              345468.29950000346
            ],
            [
              175223.62690000329,
              345467.07139999978
            ],
            [
              175223.118300003,
              345466.00019999966
            ],
            [
              175222.90450000297,
              345464.74280000106
            ],
            [
              175222.73149999976,
              345463.51940000243
            ],
            [
              175222.0270000007,
              345462.25510000251
            ],
            [
              175221.84680000134,
              345460.90929999948
            ],
            [
              175221.04380000103,
              345459.65300000273
            ],
            [
              175220.35620000307,
              345458.62800000235
            ],
            [
              175219.70799999963,
              345457.19019999914
            ],
            [
              175218.91380000301,
              345455.85320000164
            ],
            [
              175217.91180000268,
              345455.0139000006
            ],
            [
              175216.73770000134,
              345453.68290000223
            ],
            [
              175214.34040000103,
              345451.30380000174
            ],
            [
              175211.71410000231,
              345450.11460000277
            ],
            [
              175208.4700000016,
              345448.76410000212
            ],
            [
              175206.12390000094,
              345446.38529999927
            ],
            [
              175204.96770000178,
              345445.43430000357
            ],
            [
              175203.90020000003,
              345444.64049999975
            ],
            [
              175202.7006000001,
              345443.68989999779
            ],
            [
              175201.5728000002,
              345442.79020000063
            ],
            [
              175200.31539999973,
              345442.01239999942
            ],
            [
              175198.71279999986,
              345441.10300000198
            ],
            [
              175197.42160000093,
              345440.25610000081
            ],
            [
              175196.49940000195,
              345439.72700000182
            ],
            [
              175195.03490000125,
              345438.54780000076
            ],
            [
              175193.92659999989,
              345437.69970000163
            ],
            [
              175191.62170000374,
              345437.0998999998
            ],
            [
              175191.00200000312,
              345436.57379999943
            ],
            [
              175189.82949999999,
              345435.53210000135
            ],
            [
              175188.72180000134,
              345434.6128000021
            ],
            [
              175187.58350000065,
              345433.73980000429
            ],
            [
              175186.25440000184,
              345433.04930000193
            ],
            [
              175185.14099999983,
              345432.25510000251
            ],
            [
              175183.69980000053,
              345431.3376000002
            ],
            [
              175182.52679999918,
              345430.36240000278
            ],
            [
              175181.2480000006,
              345429.33430000022
            ],
            [
              175179.89979999978,
              345428.19590000249
            ],
            [
              175178.67610000167,
              345427.14980000444
            ],
            [
              175177.53990000021,
              345425.97330000252
            ],
            [
              175176.50860000029,
              345424.75340000167
            ],
            [
              175175.4475000035,
              345423.28930000402
            ],
            [
              175174.38719999883,
              345421.5465000011
            ],
            [
              175173.4998000022,
              345420.00970000029
            ],
            [
              175172.63869999908,
              345418.49540000036
            ],
            [
              175171.81950000301,
              345416.90910000354
            ],
            [
              175170.96870000102,
              345415.39150000177
            ],
            [
              175170.1864000028,
              345413.90770000406
            ],
            [
              175169.44990000129,
              345412.37000000104
            ],
            [
              175168.59499999974,
              345410.74330000021
            ],
            [
              175167.64470000286,
              345409.17000000179
            ],
            [
              175166.65510000009,
              345407.60750000179
            ],
            [
              175165.86000000034,
              345406.09620000049
            ],
            [
              175165.21219999995,
              345404.40550000034
            ],
            [
              175164.17960000224,
              345402.68310000189
            ],
            [
              175163.10219999962,
              345400.91360000148
            ],
            [
              175161.94840000104,
              345399.25549999997
            ],
            [
              175160.90590000246,
              345397.43290000223
            ],
            [
              175159.75590000022,
              345395.59310000204
            ],
            [
              175158.5539000025,
              345393.76569999941
            ],
            [
              175157.55429999996,
              345391.7880000025
            ],
            [
              175156.6557,
              345389.91200000048
            ],
            [
              175155.68610000145,
              345388.19099999964
            ],
            [
              175154.72339999955,
              345386.31520000473
            ],
            [
              175153.59270000085,
              345384.72830000147
            ],
            [
              175152.57409999985,
              345382.95760000311
            ],
            [
              175151.76240000036,
              345380.82300000265
            ],
            [
              175150.84910000023,
              345378.95450000465
            ],
            [
              175149.91940000281,
              345377.0446000006
            ],
            [
              175149.04080000147,
              345375.14230000041
            ],
            [
              175148.20080000162,
              345373.28090000153
            ],
            [
              175147.31530000083,
              345371.56240000203
            ],
            [
              175146.53480000142,
              345369.537200002
            ],
            [
              175145.6325999992,
              345367.87090000138
            ],
            [
              175144.72250000387,
              345366.07430000231
            ],
            [
              175143.89530000091,
              345364.30939999968
            ],
            [
              175143.18369999994,
              345362.55060000345
            ],
            [
              175142.34330000263,
              345360.86880000308
            ],
            [
              175141.52280000132,
              345359.0941000022
            ],
            [
              175140.83600000013,
              345357.29230000265
            ],
            [
              175140.13659999892,
              345355.56929999962
            ],
            [
              175139.49610000197,
              345353.77459999919
            ],
            [
              175138.84470000211,
              345352.04429999925
            ],
            [
              175138.12200000137,
              345350.39980000257
            ],
            [
              175137.35110000242,
              345348.80120000243
            ],
            [
              175136.56480000075,
              345347.10539999977
            ],
            [
              175135.82440000214,
              345345.57080000266
            ],
            [
              175135.08550000004,
              345343.95020000078
            ],
            [
              175134.3253000034,
              345342.30080000125
            ],
            [
              175133.56799999997,
              345340.62930000015
            ],
            [
              175132.69880000409,
              345339.01779999956
            ],
            [
              175131.72920000367,
              345337.27210000157
            ],
            [
              175130.64760000166,
              345335.86999999918
            ],
            [
              175129.31220000237,
              345334.56750000082
            ],
            [
              175128.26820000075,
              345333.31940000132
            ],
            [
              175126.91060000379,
              345332.27910000458
            ],
            [
              175125.68989999965,
              345330.93480000086
            ],
            [
              175124.43700000364,
              345329.63350000046
            ],
            [
              175123.06730000116,
              345328.38339999877
            ],
            [
              175121.61960000079,
              345327.13880000263
            ],
            [
              175120.15220000315,
              345325.95800000057
            ],
            [
              175118.65910000168,
              345324.70470000058
            ],
            [
              175117.10639999993,
              345323.6251999978
            ],
            [
              175115.55540000089,
              345322.52960000373
            ],
            [
              175113.92530000303,
              345321.30360000022
            ],
            [
              175112.23950000107,
              345320.33899999969
            ],
            [
              175110.71940000076,
              345319.18180000223
            ],
            [
              175108.99199999869,
              345318.39970000461
            ],
            [
              175107.42030000128,
              345317.1259000022
            ],
            [
              175105.74150000047,
              345316.27110000141
            ],
            [
              175104.29059999995,
              345315.05230000243
            ],
            [
              175102.73480000068,
              345313.92890000343
            ],
            [
              175100.85870000347,
              345313.39190000109
            ],
            [
              175099.47630000021,
              345311.9608000014
            ],
            [
              175097.75710000191,
              345311.18700000085
            ],
            [
              175095.81810000166,
              345310.86800000444
            ],
            [
              175094.18110000249,
              345310.09390000254
            ],
            [
              175092.56610000134,
              345309.13530000113
            ],
            [
              175090.87240000069,
              345308.56279999949
            ],
            [
              175089.22490000073,
              345307.87430000119
            ],
            [
              175087.63370000198,
              345307.03280000202
            ],
            [
              175086.01280000247,
              345306.12690000236
            ],
            [
              175084.35500000417,
              345305.28280000202
            ],
            [
              175082.74040000048,
              345304.48090000078
            ],
            [
              175081.10020000115,
              345303.67260000296
            ],
            [
              175079.40970000066,
              345303.10089999996
            ],
            [
              175077.6222000001,
              345302.67789999954
            ],
            [
              175075.92889999971,
              345302.28240000084
            ],
            [
              175074.24220000394,
              345301.99190000072
            ],
            [
              175072.55890000053,
              345302.00290000252
            ],
            [
              175070.9020999996,
              345302.42659999989
            ],
            [
              175069.33710000198,
              345303.02990000136
            ],
            [
              175067.75319999922,
              345303.74400000274
            ],
            [
              175066.56430000067,
              345304.81430000439
            ],
            [
              175065.40880000032,
              345306.03170000389
            ],
            [
              175064.50750000123,
              345307.37329999916
            ],
            [
              175063.62480000034,
              345308.65719999932
            ],
            [
              175062.74859999958,
              345309.91440000013
            ],
            [
              175061.95190000068,
              345311.28540000133
            ],
            [
              175061.01370000094,
              345312.61780000106
            ],
            [
              175059.98940000124,
              345313.84750000387
            ],
            [
              175059.01009999961,
              345315.12539999932
            ],
            [
              175058.05490000173,
              345316.43290000036
            ],
            [
              175057.13310000207,
              345317.67090000026
            ],
            [
              175056.16410000063,
              345318.94830000401
            ],
            [
              175055.20900000073,
              345320.14690000191
            ],
            [
              175054.06759999972,
              345321.24210000224
            ],
            [
              175052.8311999999,
              345322.27750000171
            ],
            [
              175051.38070000242,
              345323.05000000261
            ],
            [
              175049.81620000023,
              345323.50119999982
            ],
            [
              175048.12280000094,
              345323.74290000275
            ],
            [
              175046.41650000121,
              345323.71630000137
            ],
            [
              175044.75119999889,
              345323.40540000051
            ],
            [
              175043.0195000004,
              345323.02650000155
            ],
            [
              175041.3041000003,
              345322.49689999968
            ],
            [
              175039.67190000135,
              345321.88590000011
            ],
            [
              175038.08180000074,
              345321.13269999996
            ],
            [
              175036.59260000288,
              345320.30630000122
            ],
            [
              175035.08920000214,
              345319.48650000244
            ],
            [
              175033.62019999977,
              345318.70320000127
            ],
            [
              175032.12930000294,
              345317.86920000054
            ],
            [
              175030.57310000155,
              345317.07019999996
            ],
            [
              175029.00240000337,
              345316.32660000212
            ],
            [
              175027.41770000011,
              345315.81290000118
            ],
            [
              175025.81490000058,
              345315.17160000093
            ],
            [
              175024.25219999999,
              345314.59550000168
            ],
            [
              175022.6865000017,
              345314.00220000185
            ],
            [
              175021.10780000128,
              345313.51090000384
            ],
            [
              175019.53569999989,
              345312.9851000011
            ],
            [
              175017.98020000383,
              345312.40900000744
            ],
            [
              175016.5214999998,
              345311.87760000117
            ],
            [
              175015.08270000108,
              345311.33640000224
            ],
            [
              175013.70520000067,
              345310.91190000065
            ],
            [
              175012.48570000101,
              345310.48579999991
            ],
            [
              175011.54860000312,
              345309.96770000271
            ]
          ]
        ]
      }
    }
  ]
}