{
  "displayFieldName" : "",
  "fieldAliases" : {
    "FID" : "FID",
    "PMNTN_SPOT" : "PMNTN_SPOT",
    "MNTN_CODE" : "MNTN_CODE",
    "MANAGE_SP1" : "MANAGE_SP1",
    "MANAGE_SP2" : "MANAGE_SP2",
    "DETAIL_SPO" : "DETAIL_SPO",
    "ETC_MATTER" : "ETC_MATTER",
    "MNTN_NM" : "MNTN_NM",
    "PAST_SPOT_" : "PAST_SPOT_",
    "MNTN_ID" : "MNTN_ID"
  },
  "geometryType" : "esriGeometryPoint",
  "spatialReference" : {
    "wkt" : "PROJCS[\"PCS_ITRF2000_TM\",GEOGCS[\"GCS_ITRF_2000\",DATUM[\"D_ITRF_2000\",SPHEROID[\"GRS_1980\",6378137.0,298.257222101]],PRIMEM[\"Greenwich\",0.0],UNIT[\"Degree\",0.0174532925199433]],PROJECTION[\"Transverse_Mercator\"],PARAMETER[\"False_Easting\",200000.0],PARAMETER[\"False_Northing\",600000.0],PARAMETER[\"Central_Meridian\",127.0],PARAMETER[\"Scale_Factor\",1.0],PARAMETER[\"Latitude_Of_Origin\",38.0],UNIT[\"Meter\",1.0]]"
  },
  "fields" : [
    {
      "name" : "FID",
      "type" : "esriFieldTypeOID",
      "alias" : "FID"
    },
    {
      "name" : "PMNTN_SPOT",
      "type" : "esriFieldTypeDouble",
      "alias" : "PMNTN_SPOT"
    },
    {
      "name" : "MNTN_CODE",
      "type" : "esriFieldTypeString",
      "alias" : "MNTN_CODE",
      "length" : 9
    },
    {
      "name" : "MANAGE_SP1",
      "type" : "esriFieldTypeString",
      "alias" : "MANAGE_SP1",
      "length" : 2
    },
    {
      "name" : "MANAGE_SP2",
      "type" : "esriFieldTypeString",
      "alias" : "MANAGE_SP2",
      "length" : 50
    },
    {
      "name" : "DETAIL_SPO",
      "type" : "esriFieldTypeString",
      "alias" : "DETAIL_SPO",
      "length" : 200
    },
    {
      "name" : "ETC_MATTER",
      "type" : "esriFieldTypeString",
      "alias" : "ETC_MATTER",
      "length" : 200
    },
    {
      "name" : "MNTN_NM",
      "type" : "esriFieldTypeString",
      "alias" : "MNTN_NM",
      "length" : 50
    },
    {
      "name" : "PAST_SPOT_",
      "type" : "esriFieldTypeString",
      "alias" : "PAST_SPOT_",
      "length" : 14
    },
    {
      "name" : "MNTN_ID",
      "type" : "esriFieldTypeString",
      "alias" : "MNTN_ID",
      "length" : 10
    }
  ],
  "features" : [
    {
      "attributes" : {
        "FID" : 0,
        "PMNTN_SPOT" : 73141,
        "MNTN_CODE" : "437301701",
        "MANAGE_SP1" : "14",
        "MANAGE_SP2" : "조망점",
        "DETAIL_SPO" : "조망점",
        "ETC_MATTER" : " ",
        "MNTN_NM" : "월이산",
        "PAST_SPOT_" : "23050719000001",
        "MNTN_ID" : "2305071900"
      },
      "geometry" : {
        "x" : 258803.26599999983,
        "y" : 403879.78050000221
      }
    },
    {
      "attributes" : {
        "FID" : 1,
        "PMNTN_SPOT" : 73142,
        "MNTN_CODE" : "437301701",
        "MANAGE_SP1" : "99",
        "MANAGE_SP2" : "기타",
        "DETAIL_SPO" : "월이산봉수대",
        "ETC_MATTER" : " ",
        "MNTN_NM" : "월이산",
        "PAST_SPOT_" : "23050719000002",
        "MNTN_ID" : "2305071900"
      },
      "geometry" : {
        "x" : 258228.76880000252,
        "y" : 404331.8104000017
      }
    },
    {
      "attributes" : {
        "FID" : 2,
        "PMNTN_SPOT" : 73143,
        "MNTN_CODE" : "437301701",
        "MANAGE_SP1" : "99",
        "MANAGE_SP2" : "기타",
        "DETAIL_SPO" : "옥계폭포",
        "ETC_MATTER" : " ",
        "MNTN_NM" : "월이산",
        "PAST_SPOT_" : "23050719000003",
        "MNTN_ID" : "2305071900"
      },
      "geometry" : {
        "x" : 260472.95260000229,
        "y" : 401836.00680000149
      }
    },
    {
      "attributes" : {
        "FID" : 3,
        "PMNTN_SPOT" : 73144,
        "MNTN_CODE" : "437301701",
        "MANAGE_SP1" : "99",
        "MANAGE_SP2" : "기타",
        "DETAIL_SPO" : "천손고개장",
        "ETC_MATTER" : " ",
        "MNTN_NM" : "월이산",
        "PAST_SPOT_" : "23050719000004",
        "MNTN_ID" : "2305071900"
      },
      "geometry" : {
        "x" : 260416.75570000149,
        "y" : 401800.45150000043
      }
    },
    {
      "attributes" : {
        "FID" : 4,
        "PMNTN_SPOT" : 73145,
        "MNTN_CODE" : "437301701",
        "MANAGE_SP1" : "02",
        "MANAGE_SP2" : "분기점",
        "DETAIL_SPO" : "분기점",
        "ETC_MATTER" : " ",
        "MNTN_NM" : "월이산",
        "PAST_SPOT_" : "23050719000005",
        "MNTN_ID" : "2305071900"
      },
      "geometry" : {
        "x" : 258419.06850000285,
        "y" : 405045.07950000465
      }
    },
    {
      "attributes" : {
        "FID" : 5,
        "PMNTN_SPOT" : 73146,
        "MNTN_CODE" : "437301701",
        "MANAGE_SP1" : "02",
        "MANAGE_SP2" : "분기점",
        "DETAIL_SPO" : "분기점",
        "ETC_MATTER" : " ",
        "MNTN_NM" : "월이산",
        "PAST_SPOT_" : "23050719000006",
        "MNTN_ID" : "2305071900"
      },
      "geometry" : {
        "x" : 258436.69990000129,
        "y" : 404983.12659999728
      }
    },
    {
      "attributes" : {
        "FID" : 6,
        "PMNTN_SPOT" : 73147,
        "MNTN_CODE" : "437301701",
        "MANAGE_SP1" : "02",
        "MANAGE_SP2" : "분기점",
        "DETAIL_SPO" : "분기점",
        "ETC_MATTER" : " ",
        "MNTN_NM" : "월이산",
        "PAST_SPOT_" : "23050719000007",
        "MNTN_ID" : "2305071900"
      },
      "geometry" : {
        "x" : 258442.03710000031,
        "y" : 404867.53360000066
      }
    },
    {
      "attributes" : {
        "FID" : 7,
        "PMNTN_SPOT" : 73148,
        "MNTN_CODE" : "437301701",
        "MANAGE_SP1" : "01",
        "MANAGE_SP2" : "시종점",
        "DETAIL_SPO" : "시종점,숯가마골",
        "ETC_MATTER" : " ",
        "MNTN_NM" : "월이산",
        "PAST_SPOT_" : "23050719000008",
        "MNTN_ID" : "2305071900"
      },
      "geometry" : {
        "x" : 258718.0055000009,
        "y" : 405118.52019999921
      }
    },
    {
      "attributes" : {
        "FID" : 8,
        "PMNTN_SPOT" : 73149,
        "MNTN_CODE" : "437301701",
        "MANAGE_SP1" : "99",
        "MANAGE_SP2" : "기타",
        "DETAIL_SPO" : "1구간3P",
        "ETC_MATTER" : " ",
        "MNTN_NM" : "월이산",
        "PAST_SPOT_" : "23050719000009",
        "MNTN_ID" : "2305071900"
      },
      "geometry" : {
        "x" : 258802.55550000165,
        "y" : 403881.73850000091
      }
    },
    {
      "attributes" : {
        "FID" : 9,
        "PMNTN_SPOT" : 73150,
        "MNTN_CODE" : "437301701",
        "MANAGE_SP1" : "02",
        "MANAGE_SP2" : "분기점",
        "DETAIL_SPO" : "분기점",
        "ETC_MATTER" : " ",
        "MNTN_NM" : "월이산",
        "PAST_SPOT_" : "23050719000010",
        "MNTN_ID" : "2305071900"
      },
      "geometry" : {
        "x" : 258953.44649999961,
        "y" : 403766.31780000031
      }
    },
    {
      "attributes" : {
        "FID" : 10,
        "PMNTN_SPOT" : 73151,
        "MNTN_CODE" : "437301701",
        "MANAGE_SP1" : "01",
        "MANAGE_SP2" : "시종점",
        "DETAIL_SPO" : "시종점,원동교회",
        "ETC_MATTER" : " ",
        "MNTN_NM" : "월이산",
        "PAST_SPOT_" : "23050719000011",
        "MNTN_ID" : "2305071900"
      },
      "geometry" : {
        "x" : 258965.46120000258,
        "y" : 405089.20270000398
      }
    },
    {
      "attributes" : {
        "FID" : 11,
        "PMNTN_SPOT" : 73152,
        "MNTN_CODE" : "437301701",
        "MANAGE_SP1" : "99",
        "MANAGE_SP2" : "기타",
        "DETAIL_SPO" : "달이산,헬기장",
        "ETC_MATTER" : " ",
        "MNTN_NM" : "월이산",
        "PAST_SPOT_" : "23050719000012",
        "MNTN_ID" : "2305071900"
      },
      "geometry" : {
        "x" : 258988.77190000005,
        "y" : 403653.32640000246
      }
    },
    {
      "attributes" : {
        "FID" : 12,
        "PMNTN_SPOT" : 73153,
        "MNTN_CODE" : "437301701",
        "MANAGE_SP1" : "01",
        "MANAGE_SP2" : "시종점",
        "DETAIL_SPO" : "시종점",
        "ETC_MATTER" : " ",
        "MNTN_NM" : "월이산",
        "PAST_SPOT_" : "23050719000013",
        "MNTN_ID" : "2305071900"
      },
      "geometry" : {
        "x" : 259525.64130000118,
        "y" : 404961.14049999975
      }
    },
    {
      "attributes" : {
        "FID" : 13,
        "PMNTN_SPOT" : 73154,
        "MNTN_CODE" : "437301701",
        "MANAGE_SP1" : "01",
        "MANAGE_SP2" : "시종점",
        "DETAIL_SPO" : "시종점,천국사",
        "ETC_MATTER" : " ",
        "MNTN_NM" : "월이산",
        "PAST_SPOT_" : "23050719000014",
        "MNTN_ID" : "2305071900"
      },
      "geometry" : {
        "x" : 261282.3720000023,
        "y" : 401882.62700000219
      }
    }
  ]
}