{
  "displayFieldName" : "",
  "fieldAliases" : {
    "FID" : "FID",
    "PMNTN_SPOT" : "PMNTN_SPOT",
    "MNTN_CODE" : "MNTN_CODE",
    "MANAGE_SP1" : "MANAGE_SP1",
    "MANAGE_SP2" : "MANAGE_SP2",
    "DETAIL_SPO" : "DETAIL_SPO",
    "ETC_MATTER" : "ETC_MATTER",
    "MNTN_NM" : "MNTN_NM",
    "PAST_SPOT_" : "PAST_SPOT_",
    "MNTN_ID" : "MNTN_ID"
  },
  "geometryType" : "esriGeometryPoint",
  "spatialReference" : {
    "wkt" : "PROJCS[\"PCS_ITRF2000_TM\",GEOGCS[\"GCS_ITRF_2000\",DATUM[\"D_ITRF_2000\",SPHEROID[\"GRS_1980\",6378137.0,298.257222101]],PRIMEM[\"Greenwich\",0.0],UNIT[\"Degree\",0.0174532925199433]],PROJECTION[\"Transverse_Mercator\"],PARAMETER[\"False_Easting\",200000.0],PARAMETER[\"False_Northing\",600000.0],PARAMETER[\"Central_Meridian\",127.0],PARAMETER[\"Scale_Factor\",1.0],PARAMETER[\"Latitude_Of_Origin\",38.0],UNIT[\"Meter\",1.0]]"
  },
  "fields" : [
    {
      "name" : "FID",
      "type" : "esriFieldTypeOID",
      "alias" : "FID"
    },
    {
      "name" : "PMNTN_SPOT",
      "type" : "esriFieldTypeDouble",
      "alias" : "PMNTN_SPOT"
    },
    {
      "name" : "MNTN_CODE",
      "type" : "esriFieldTypeString",
      "alias" : "MNTN_CODE",
      "length" : 9
    },
    {
      "name" : "MANAGE_SP1",
      "type" : "esriFieldTypeString",
      "alias" : "MANAGE_SP1",
      "length" : 2
    },
    {
      "name" : "MANAGE_SP2",
      "type" : "esriFieldTypeString",
      "alias" : "MANAGE_SP2",
      "length" : 50
    },
    {
      "name" : "DETAIL_SPO",
      "type" : "esriFieldTypeString",
      "alias" : "DETAIL_SPO",
      "length" : 200
    },
    {
      "name" : "ETC_MATTER",
      "type" : "esriFieldTypeString",
      "alias" : "ETC_MATTER",
      "length" : 200
    },
    {
      "name" : "MNTN_NM",
      "type" : "esriFieldTypeString",
      "alias" : "MNTN_NM",
      "length" : 50
    },
    {
      "name" : "PAST_SPOT_",
      "type" : "esriFieldTypeString",
      "alias" : "PAST_SPOT_",
      "length" : 14
    },
    {
      "name" : "MNTN_ID",
      "type" : "esriFieldTypeString",
      "alias" : "MNTN_ID",
      "length" : 10
    }
  ],
  "features" : [
    {
      "attributes" : {
        "FID" : 0,
        "PMNTN_SPOT" : 742,
        "MNTN_CODE" : "431504101",
        "MANAGE_SP1" : "99",
        "MANAGE_SP2" : "기타",
        "DETAIL_SPO" : "SC지대",
        "ETC_MATTER" : " ",
        "MNTN_NM" : "가은산",
        "PAST_SPOT_" : "23071901000001",
        "MNTN_ID" : "2307190100"
      },
      "geometry" : {
        "x" : 310152.17210000101,
        "y" : 485551.96680000238
      }
    },
    {
      "attributes" : {
        "FID" : 1,
        "PMNTN_SPOT" : 743,
        "MNTN_CODE" : "431504101",
        "MANAGE_SP1" : "99",
        "MANAGE_SP2" : "기타",
        "DETAIL_SPO" : "물개바위",
        "ETC_MATTER" : " ",
        "MNTN_NM" : "가은산",
        "PAST_SPOT_" : "23071901000002",
        "MNTN_ID" : "2307190100"
      },
      "geometry" : {
        "x" : 310288.91560000088,
        "y" : 485258.8825000003
      }
    },
    {
      "attributes" : {
        "FID" : 2,
        "PMNTN_SPOT" : 744,
        "MNTN_CODE" : "431504101",
        "MANAGE_SP1" : "99",
        "MANAGE_SP2" : "기타",
        "DETAIL_SPO" : "정오바위",
        "ETC_MATTER" : "시계바위",
        "MNTN_NM" : "가은산",
        "PAST_SPOT_" : "23071901000003",
        "MNTN_ID" : "2307190100"
      },
      "geometry" : {
        "x" : 310287.31940000411,
        "y" : 485219.21140000038
      }
    },
    {
      "attributes" : {
        "FID" : 3,
        "PMNTN_SPOT" : 745,
        "MNTN_CODE" : "431504101",
        "MANAGE_SP1" : "99",
        "MANAGE_SP2" : "기타",
        "DETAIL_SPO" : "기왓집바위,석문",
        "ETC_MATTER" : "전망대",
        "MNTN_NM" : "가은산",
        "PAST_SPOT_" : "23071901000004",
        "MNTN_ID" : "2307190100"
      },
      "geometry" : {
        "x" : 311069.78010000382,
        "y" : 484963.41829999909
      }
    },
    {
      "attributes" : {
        "FID" : 4,
        "PMNTN_SPOT" : 746,
        "MNTN_CODE" : "431504101",
        "MANAGE_SP1" : "99",
        "MANAGE_SP2" : "기타",
        "DETAIL_SPO" : "기타",
        "ETC_MATTER" : "초경동-송전탑갈림길",
        "MNTN_NM" : "가은산",
        "PAST_SPOT_" : "23071901000005",
        "MNTN_ID" : "2307190100"
      },
      "geometry" : {
        "x" : 312263.36990000401,
        "y" : 484820.42589999922
      }
    },
    {
      "attributes" : {
        "FID" : 5,
        "PMNTN_SPOT" : 747,
        "MNTN_CODE" : "431504101",
        "MANAGE_SP1" : "99",
        "MANAGE_SP2" : "기타",
        "DETAIL_SPO" : "기타",
        "ETC_MATTER" : "임도입구",
        "MNTN_NM" : "가은산",
        "PAST_SPOT_" : "23071901000006",
        "MNTN_ID" : "2307190100"
      },
      "geometry" : {
        "x" : 311847.03680000361,
        "y" : 485167.62860000134
      }
    },
    {
      "attributes" : {
        "FID" : 6,
        "PMNTN_SPOT" : 748,
        "MNTN_CODE" : "431504101",
        "MANAGE_SP1" : "16",
        "MANAGE_SP2" : "주요나무",
        "DETAIL_SPO" : "느티나무",
        "ETC_MATTER" : " ",
        "MNTN_NM" : "가은산",
        "PAST_SPOT_" : "23071901000007",
        "MNTN_ID" : "2307190100"
      },
      "geometry" : {
        "x" : 311031.79000000283,
        "y" : 485531.52790000103
      }
    },
    {
      "attributes" : {
        "FID" : 7,
        "PMNTN_SPOT" : 749,
        "MNTN_CODE" : "431504101",
        "MANAGE_SP1" : "99",
        "MANAGE_SP2" : "기타",
        "DETAIL_SPO" : "기타",
        "ETC_MATTER" : "계곡건너 들머리",
        "MNTN_NM" : "가은산",
        "PAST_SPOT_" : "23071901000008",
        "MNTN_ID" : "2307190100"
      },
      "geometry" : {
        "x" : 311133.14890000317,
        "y" : 485454.09610000066
      }
    },
    {
      "attributes" : {
        "FID" : 8,
        "PMNTN_SPOT" : 750,
        "MNTN_CODE" : "431504101",
        "MANAGE_SP1" : "99",
        "MANAGE_SP2" : "기타",
        "DETAIL_SPO" : "전망바위",
        "ETC_MATTER" : "안부",
        "MNTN_NM" : "가은산",
        "PAST_SPOT_" : "23071901000009",
        "MNTN_ID" : "2307190100"
      },
      "geometry" : {
        "x" : 311224.53410000075,
        "y" : 485062.22719999962
      }
    },
    {
      "attributes" : {
        "FID" : 9,
        "PMNTN_SPOT" : 751,
        "MNTN_CODE" : "431504101",
        "MANAGE_SP1" : "99",
        "MANAGE_SP2" : "기타",
        "DETAIL_SPO" : "전원주택",
        "ETC_MATTER" : " ",
        "MNTN_NM" : "가은산",
        "PAST_SPOT_" : "23071901000010",
        "MNTN_ID" : "2307190100"
      },
      "geometry" : {
        "x" : 311695.49730000179,
        "y" : 485228.80719999783
      }
    },
    {
      "attributes" : {
        "FID" : 10,
        "PMNTN_SPOT" : 752,
        "MNTN_CODE" : "431504101",
        "MANAGE_SP1" : "99",
        "MANAGE_SP2" : "기타",
        "DETAIL_SPO" : "290m",
        "ETC_MATTER" : "삼각점",
        "MNTN_NM" : "가은산",
        "PAST_SPOT_" : "23071901000011",
        "MNTN_ID" : "2307190100"
      },
      "geometry" : {
        "x" : 310105.09810000379,
        "y" : 484551.63780000247
      }
    },
    {
      "attributes" : {
        "FID" : 11,
        "PMNTN_SPOT" : 753,
        "MNTN_CODE" : "431504101",
        "MANAGE_SP1" : "10",
        "MANAGE_SP2" : "이정표",
        "DETAIL_SPO" : "갈림길(이정표)",
        "ETC_MATTER" : " ",
        "MNTN_NM" : "가은산",
        "PAST_SPOT_" : "23071901000012",
        "MNTN_ID" : "2307190100"
      },
      "geometry" : {
        "x" : 310596.48009999841,
        "y" : 484435.08310000226
      }
    },
    {
      "attributes" : {
        "FID" : 12,
        "PMNTN_SPOT" : 754,
        "MNTN_CODE" : "431504101",
        "MANAGE_SP1" : "99",
        "MANAGE_SP2" : "기타",
        "DETAIL_SPO" : "기타",
        "ETC_MATTER" : "전망바위",
        "MNTN_NM" : "가은산",
        "PAST_SPOT_" : "23071901000013",
        "MNTN_ID" : "2307190100"
      },
      "geometry" : {
        "x" : 310597.59250000585,
        "y" : 484433.80990000255
      }
    },
    {
      "attributes" : {
        "FID" : 13,
        "PMNTN_SPOT" : 755,
        "MNTN_CODE" : "431504101",
        "MANAGE_SP1" : "99",
        "MANAGE_SP2" : "기타",
        "DETAIL_SPO" : "새바위",
        "ETC_MATTER" : " ",
        "MNTN_NM" : "가은산",
        "PAST_SPOT_" : "23071901000014",
        "MNTN_ID" : "2307190100"
      },
      "geometry" : {
        "x" : 310614.79850000236,
        "y" : 484286.43250000663
      }
    },
    {
      "attributes" : {
        "FID" : 14,
        "PMNTN_SPOT" : 756,
        "MNTN_CODE" : "431504101",
        "MANAGE_SP1" : "99",
        "MANAGE_SP2" : "기타",
        "DETAIL_SPO" : "기타",
        "ETC_MATTER" : "무덤",
        "MNTN_NM" : "가은산",
        "PAST_SPOT_" : "23071901000015",
        "MNTN_ID" : "2307190100"
      },
      "geometry" : {
        "x" : 310595.8125,
        "y" : 483899.02760000341
      }
    },
    {
      "attributes" : {
        "FID" : 15,
        "PMNTN_SPOT" : 757,
        "MNTN_CODE" : "431504101",
        "MANAGE_SP1" : "99",
        "MANAGE_SP2" : "기타",
        "DETAIL_SPO" : "기타",
        "ETC_MATTER" : "갈림길",
        "MNTN_NM" : "가은산",
        "PAST_SPOT_" : "23071901000016",
        "MNTN_ID" : "2307190100"
      },
      "geometry" : {
        "x" : 310671.16200000048,
        "y" : 484019.93660000153
      }
    },
    {
      "attributes" : {
        "FID" : 16,
        "PMNTN_SPOT" : 758,
        "MNTN_CODE" : "431504101",
        "MANAGE_SP1" : "99",
        "MANAGE_SP2" : "기타",
        "DETAIL_SPO" : "벼락맞은 바위",
        "ETC_MATTER" : " ",
        "MNTN_NM" : "가은산",
        "PAST_SPOT_" : "23071901000017",
        "MNTN_ID" : "2307190100"
      },
      "geometry" : {
        "x" : 310774.5223000003,
        "y" : 483848.11779999733
      }
    },
    {
      "attributes" : {
        "FID" : 17,
        "PMNTN_SPOT" : 759,
        "MNTN_CODE" : "431504101",
        "MANAGE_SP1" : "99",
        "MANAGE_SP2" : "기타",
        "DETAIL_SPO" : "대슬랩40m절벽(273m)",
        "ETC_MATTER" : "병풍바위",
        "MNTN_NM" : "가은산",
        "PAST_SPOT_" : "23071901000018",
        "MNTN_ID" : "2307190100"
      },
      "geometry" : {
        "x" : 310920.57569999993,
        "y" : 483983.97070000134
      }
    },
    {
      "attributes" : {
        "FID" : 18,
        "PMNTN_SPOT" : 760,
        "MNTN_CODE" : "431504101",
        "MANAGE_SP1" : "23",
        "MANAGE_SP2" : "정상",
        "DETAIL_SPO" : "둥지봉정상",
        "ETC_MATTER" : "422m",
        "MNTN_NM" : "가은산",
        "PAST_SPOT_" : "23071901000019",
        "MNTN_ID" : "2307190100"
      },
      "geometry" : {
        "x" : 311255.32180000283,
        "y" : 484055.86989999749
      }
    },
    {
      "attributes" : {
        "FID" : 19,
        "PMNTN_SPOT" : 761,
        "MNTN_CODE" : "431504101",
        "MANAGE_SP1" : "99",
        "MANAGE_SP2" : "기타",
        "DETAIL_SPO" : "기타",
        "ETC_MATTER" : "무덤갈림길",
        "MNTN_NM" : "가은산",
        "PAST_SPOT_" : "23071901000020",
        "MNTN_ID" : "2307190100"
      },
      "geometry" : {
        "x" : 310928.50670000259,
        "y" : 484299.16909999959
      }
    },
    {
      "attributes" : {
        "FID" : 20,
        "PMNTN_SPOT" : 762,
        "MNTN_CODE" : "431504101",
        "MANAGE_SP1" : "99",
        "MANAGE_SP2" : "기타",
        "DETAIL_SPO" : "기타",
        "ETC_MATTER" : "무덤",
        "MNTN_NM" : "가은산",
        "PAST_SPOT_" : "23071901000021",
        "MNTN_ID" : "2307190100"
      },
      "geometry" : {
        "x" : 310080.76760000177,
        "y" : 484705.72820000164
      }
    },
    {
      "attributes" : {
        "FID" : 21,
        "PMNTN_SPOT" : 763,
        "MNTN_CODE" : "431504101",
        "MANAGE_SP1" : "99",
        "MANAGE_SP2" : "기타",
        "DETAIL_SPO" : "기타",
        "ETC_MATTER" : "임도 끝 공터",
        "MNTN_NM" : "가은산",
        "PAST_SPOT_" : "23071901000022",
        "MNTN_ID" : "2307190100"
      },
      "geometry" : {
        "x" : 309897.12640000042,
        "y" : 484729.15920000151
      }
    },
    {
      "attributes" : {
        "FID" : 22,
        "PMNTN_SPOT" : 764,
        "MNTN_CODE" : "431504101",
        "MANAGE_SP1" : "99",
        "MANAGE_SP2" : "기타",
        "DETAIL_SPO" : "기타",
        "ETC_MATTER" : "주능선",
        "MNTN_NM" : "가은산",
        "PAST_SPOT_" : "23071901000023",
        "MNTN_ID" : "2307190100"
      },
      "geometry" : {
        "x" : 310292.28650000133,
        "y" : 485165.97199999914
      }
    },
    {
      "attributes" : {
        "FID" : 23,
        "PMNTN_SPOT" : 765,
        "MNTN_CODE" : "431504101",
        "MANAGE_SP1" : "99",
        "MANAGE_SP2" : "기타",
        "DETAIL_SPO" : "기타",
        "ETC_MATTER" : " ",
        "MNTN_NM" : "가은산",
        "PAST_SPOT_" : "23071901000024",
        "MNTN_ID" : "2307190100"
      },
      "geometry" : {
        "x" : 309489.27500000224,
        "y" : 484802.55040000193
      }
    },
    {
      "attributes" : {
        "FID" : 24,
        "PMNTN_SPOT" : 766,
        "MNTN_CODE" : "431504101",
        "MANAGE_SP1" : "99",
        "MANAGE_SP2" : "기타",
        "DETAIL_SPO" : "초경동 버스정류장",
        "ETC_MATTER" : "공동농기계 창고",
        "MNTN_NM" : "가은산",
        "PAST_SPOT_" : "23071901000025",
        "MNTN_ID" : "2307190100"
      },
      "geometry" : {
        "x" : 311272.56260000262,
        "y" : 485559.03280000761
      }
    },
    {
      "attributes" : {
        "FID" : 25,
        "PMNTN_SPOT" : 767,
        "MNTN_CODE" : "431504101",
        "MANAGE_SP1" : "99",
        "MANAGE_SP2" : "기타",
        "DETAIL_SPO" : "곰바위",
        "ETC_MATTER" : " ",
        "MNTN_NM" : "가은산",
        "PAST_SPOT_" : "23071901000026",
        "MNTN_ID" : "2307190100"
      },
      "geometry" : {
        "x" : 311390.27950000018,
        "y" : 484847.64130000025
      }
    },
    {
      "attributes" : {
        "FID" : 26,
        "PMNTN_SPOT" : 768,
        "MNTN_CODE" : "431504101",
        "MANAGE_SP1" : "01",
        "MANAGE_SP2" : "시종점",
        "DETAIL_SPO" : "시종점",
        "ETC_MATTER" : " ",
        "MNTN_NM" : "가은산",
        "PAST_SPOT_" : "23071901000027",
        "MNTN_ID" : "2307190100"
      },
      "geometry" : {
        "x" : 309145.43230000045,
        "y" : 484768.17190000229
      }
    },
    {
      "attributes" : {
        "FID" : 27,
        "PMNTN_SPOT" : 769,
        "MNTN_CODE" : "431504101",
        "MANAGE_SP1" : "01",
        "MANAGE_SP2" : "시종점",
        "DETAIL_SPO" : "시종점,옥순봉쉼터",
        "ETC_MATTER" : " ",
        "MNTN_NM" : "가은산",
        "PAST_SPOT_" : "23071901000028",
        "MNTN_ID" : "2307190100"
      },
      "geometry" : {
        "x" : 309745.93800000474,
        "y" : 484074.79110000096
      }
    },
    {
      "attributes" : {
        "FID" : 28,
        "PMNTN_SPOT" : 770,
        "MNTN_CODE" : "431504101",
        "MANAGE_SP1" : "01",
        "MANAGE_SP2" : "시종점",
        "DETAIL_SPO" : "시종점,옥순봉쉼터",
        "ETC_MATTER" : " ",
        "MNTN_NM" : "가은산",
        "PAST_SPOT_" : "23071901000029",
        "MNTN_ID" : "2307190100"
      },
      "geometry" : {
        "x" : 309748.34530000109,
        "y" : 484072.45510000177
      }
    },
    {
      "attributes" : {
        "FID" : 29,
        "PMNTN_SPOT" : 771,
        "MNTN_CODE" : "431504101",
        "MANAGE_SP1" : "02",
        "MANAGE_SP2" : "분기점",
        "DETAIL_SPO" : "분기점",
        "ETC_MATTER" : " ",
        "MNTN_NM" : "가은산",
        "PAST_SPOT_" : "23071901000030",
        "MNTN_ID" : "2307190100"
      },
      "geometry" : {
        "x" : 310021.27460000105,
        "y" : 484730.0848999992
      }
    },
    {
      "attributes" : {
        "FID" : 30,
        "PMNTN_SPOT" : 772,
        "MNTN_CODE" : "431504101",
        "MANAGE_SP1" : "02",
        "MANAGE_SP2" : "분기점",
        "DETAIL_SPO" : "분기점",
        "ETC_MATTER" : " ",
        "MNTN_NM" : "가은산",
        "PAST_SPOT_" : "23071901000031",
        "MNTN_ID" : "2307190100"
      },
      "geometry" : {
        "x" : 310055.01130000222,
        "y" : 484720.80270000175
      }
    },
    {
      "attributes" : {
        "FID" : 31,
        "PMNTN_SPOT" : 773,
        "MNTN_CODE" : "431504101",
        "MANAGE_SP1" : "99",
        "MANAGE_SP2" : "기타",
        "DETAIL_SPO" : "기타",
        "ETC_MATTER" : " ",
        "MNTN_NM" : "가은산",
        "PAST_SPOT_" : "23071901000032",
        "MNTN_ID" : "2307190100"
      },
      "geometry" : {
        "x" : 310186.64130000304,
        "y" : 485183.5083000008
      }
    },
    {
      "attributes" : {
        "FID" : 32,
        "PMNTN_SPOT" : 774,
        "MNTN_CODE" : "431504101",
        "MANAGE_SP1" : "01",
        "MANAGE_SP2" : "시종점",
        "DETAIL_SPO" : "시종점",
        "ETC_MATTER" : " ",
        "MNTN_NM" : "가은산",
        "PAST_SPOT_" : "23071901000033",
        "MNTN_ID" : "2307190100"
      },
      "geometry" : {
        "x" : 310189.0587000018,
        "y" : 485182.91740000434
      }
    },
    {
      "attributes" : {
        "FID" : 33,
        "PMNTN_SPOT" : 775,
        "MNTN_CODE" : "431504101",
        "MANAGE_SP1" : "02",
        "MANAGE_SP2" : "분기점",
        "DETAIL_SPO" : "분기점",
        "ETC_MATTER" : " ",
        "MNTN_NM" : "가은산",
        "PAST_SPOT_" : "23071901000034",
        "MNTN_ID" : "2307190100"
      },
      "geometry" : {
        "x" : 310210.34250000212,
        "y" : 485475.02670000121
      }
    },
    {
      "attributes" : {
        "FID" : 34,
        "PMNTN_SPOT" : 776,
        "MNTN_CODE" : "431504101",
        "MANAGE_SP1" : "02",
        "MANAGE_SP2" : "분기점",
        "DETAIL_SPO" : "분기점",
        "ETC_MATTER" : " ",
        "MNTN_NM" : "가은산",
        "PAST_SPOT_" : "23071901000035",
        "MNTN_ID" : "2307190100"
      },
      "geometry" : {
        "x" : 310219.07760000043,
        "y" : 485550.62769999914
      }
    },
    {
      "attributes" : {
        "FID" : 35,
        "PMNTN_SPOT" : 777,
        "MNTN_CODE" : "431504101",
        "MANAGE_SP1" : "01",
        "MANAGE_SP2" : "시종점",
        "DETAIL_SPO" : "시종점",
        "ETC_MATTER" : " ",
        "MNTN_NM" : "가은산",
        "PAST_SPOT_" : "23071901000036",
        "MNTN_ID" : "2307190100"
      },
      "geometry" : {
        "x" : 310237.54070000071,
        "y" : 485786.42300000042
      }
    },
    {
      "attributes" : {
        "FID" : 36,
        "PMNTN_SPOT" : 778,
        "MNTN_CODE" : "431504101",
        "MANAGE_SP1" : "02",
        "MANAGE_SP2" : "분기점",
        "DETAIL_SPO" : "분기점",
        "ETC_MATTER" : "암능길",
        "MNTN_NM" : "가은산",
        "PAST_SPOT_" : "23071901000037",
        "MNTN_ID" : "2307190100"
      },
      "geometry" : {
        "x" : 310256.34900000598,
        "y" : 485157.77080000378
      }
    },
    {
      "attributes" : {
        "FID" : 37,
        "PMNTN_SPOT" : 779,
        "MNTN_CODE" : "431504101",
        "MANAGE_SP1" : "02",
        "MANAGE_SP2" : "분기점",
        "DETAIL_SPO" : "소나무안부",
        "ETC_MATTER" : " ",
        "MNTN_NM" : "가은산",
        "PAST_SPOT_" : "23071901000038",
        "MNTN_ID" : "2307190100"
      },
      "geometry" : {
        "x" : 310291.89390000328,
        "y" : 484654.95849999972
      }
    },
    {
      "attributes" : {
        "FID" : 38,
        "PMNTN_SPOT" : 780,
        "MNTN_CODE" : "431504101",
        "MANAGE_SP1" : "02",
        "MANAGE_SP2" : "분기점",
        "DETAIL_SPO" : "분기점",
        "ETC_MATTER" : " ",
        "MNTN_NM" : "가은산",
        "PAST_SPOT_" : "23071901000039",
        "MNTN_ID" : "2307190100"
      },
      "geometry" : {
        "x" : 310308.49490000214,
        "y" : 485176.79079999961
      }
    },
    {
      "attributes" : {
        "FID" : 39,
        "PMNTN_SPOT" : 781,
        "MNTN_CODE" : "431504101",
        "MANAGE_SP1" : "18",
        "MANAGE_SP2" : "주차장",
        "DETAIL_SPO" : "상천휴게소 주차장",
        "ETC_MATTER" : " ",
        "MNTN_NM" : "가은산",
        "PAST_SPOT_" : "23071901000040",
        "MNTN_ID" : "2307190100"
      },
      "geometry" : {
        "x" : 310364.64840000402,
        "y" : 485811.22900000028
      }
    },
    {
      "attributes" : {
        "FID" : 40,
        "PMNTN_SPOT" : 782,
        "MNTN_CODE" : "431504101",
        "MANAGE_SP1" : "02",
        "MANAGE_SP2" : "분기점",
        "DETAIL_SPO" : "굴피나무 군락",
        "ETC_MATTER" : " ",
        "MNTN_NM" : "가은산",
        "PAST_SPOT_" : "23071901000041",
        "MNTN_ID" : "2307190100"
      },
      "geometry" : {
        "x" : 310603.11249999981,
        "y" : 484534.8796000015
      }
    },
    {
      "attributes" : {
        "FID" : 41,
        "PMNTN_SPOT" : 783,
        "MNTN_CODE" : "431504101",
        "MANAGE_SP1" : "02",
        "MANAGE_SP2" : "분기점",
        "DETAIL_SPO" : "분기점",
        "ETC_MATTER" : " ",
        "MNTN_NM" : "가은산",
        "PAST_SPOT_" : "23071901000042",
        "MNTN_ID" : "2307190100"
      },
      "geometry" : {
        "x" : 310790.69630000275,
        "y" : 485683.13790000044
      }
    },
    {
      "attributes" : {
        "FID" : 42,
        "PMNTN_SPOT" : 784,
        "MNTN_CODE" : "431504101",
        "MANAGE_SP1" : "02",
        "MANAGE_SP2" : "분기점",
        "DETAIL_SPO" : "분기점",
        "ETC_MATTER" : " ",
        "MNTN_NM" : "가은산",
        "PAST_SPOT_" : "23071901000043",
        "MNTN_ID" : "2307190100"
      },
      "geometry" : {
        "x" : 310888.68350000028,
        "y" : 484957.46040000021
      }
    },
    {
      "attributes" : {
        "FID" : 43,
        "PMNTN_SPOT" : 785,
        "MNTN_CODE" : "431504101",
        "MANAGE_SP1" : "02",
        "MANAGE_SP2" : "분기점",
        "DETAIL_SPO" : "분기점",
        "ETC_MATTER" : " ",
        "MNTN_NM" : "가은산",
        "PAST_SPOT_" : "23071901000044",
        "MNTN_ID" : "2307190100"
      },
      "geometry" : {
        "x" : 310944.07660000399,
        "y" : 485511.91819999926
      }
    },
    {
      "attributes" : {
        "FID" : 44,
        "PMNTN_SPOT" : 786,
        "MNTN_CODE" : "431504101",
        "MANAGE_SP1" : "02",
        "MANAGE_SP2" : "분기점",
        "DETAIL_SPO" : "분기점",
        "ETC_MATTER" : " ",
        "MNTN_NM" : "가은산",
        "PAST_SPOT_" : "23071901000045",
        "MNTN_ID" : "2307190100"
      },
      "geometry" : {
        "x" : 311034.09830000252,
        "y" : 485557.595900001
      }
    },
    {
      "attributes" : {
        "FID" : 45,
        "PMNTN_SPOT" : 787,
        "MNTN_CODE" : "431504101",
        "MANAGE_SP1" : "02",
        "MANAGE_SP2" : "분기점",
        "DETAIL_SPO" : "분기점",
        "ETC_MATTER" : " ",
        "MNTN_NM" : "가은산",
        "PAST_SPOT_" : "23071901000046",
        "MNTN_ID" : "2307190100"
      },
      "geometry" : {
        "x" : 311036.80080000404,
        "y" : 485483.04770000093
      }
    },
    {
      "attributes" : {
        "FID" : 46,
        "PMNTN_SPOT" : 788,
        "MNTN_CODE" : "431504101",
        "MANAGE_SP1" : "02",
        "MANAGE_SP2" : "분기점",
        "DETAIL_SPO" : "분기점",
        "ETC_MATTER" : " ",
        "MNTN_NM" : "가은산",
        "PAST_SPOT_" : "23071901000047",
        "MNTN_ID" : "2307190100"
      },
      "geometry" : {
        "x" : 311155.81280000415,
        "y" : 485082.45879999921
      }
    },
    {
      "attributes" : {
        "FID" : 47,
        "PMNTN_SPOT" : 789,
        "MNTN_CODE" : "431504101",
        "MANAGE_SP1" : "02",
        "MANAGE_SP2" : "분기점",
        "DETAIL_SPO" : "분기점",
        "ETC_MATTER" : " ",
        "MNTN_NM" : "가은산",
        "PAST_SPOT_" : "23071901000048",
        "MNTN_ID" : "2307190100"
      },
      "geometry" : {
        "x" : 311177.20770000108,
        "y" : 484890.54609999992
      }
    },
    {
      "attributes" : {
        "FID" : 48,
        "PMNTN_SPOT" : 790,
        "MNTN_CODE" : "431504101",
        "MANAGE_SP1" : "02",
        "MANAGE_SP2" : "분기점",
        "DETAIL_SPO" : "분기점",
        "ETC_MATTER" : "주능선",
        "MNTN_NM" : "가은산",
        "PAST_SPOT_" : "23071901000049",
        "MNTN_ID" : "2307190100"
      },
      "geometry" : {
        "x" : 311240.53950000089,
        "y" : 484897.35860000178
      }
    },
    {
      "attributes" : {
        "FID" : 49,
        "PMNTN_SPOT" : 791,
        "MNTN_CODE" : "431504101",
        "MANAGE_SP1" : "02",
        "MANAGE_SP2" : "분기점",
        "DETAIL_SPO" : "둥지고개",
        "ETC_MATTER" : "가은산 삼거리",
        "MNTN_NM" : "가은산",
        "PAST_SPOT_" : "23071901000050",
        "MNTN_ID" : "2307190100"
      },
      "geometry" : {
        "x" : 311503.21440000366,
        "y" : 484159.94260000065
      }
    },
    {
      "attributes" : {
        "FID" : 50,
        "PMNTN_SPOT" : 792,
        "MNTN_CODE" : "431504101",
        "MANAGE_SP1" : "99",
        "MANAGE_SP2" : "기타",
        "DETAIL_SPO" : "나무계단",
        "ETC_MATTER" : "하산로",
        "MNTN_NM" : "가은산",
        "PAST_SPOT_" : "23071901000051",
        "MNTN_ID" : "2307190100"
      },
      "geometry" : {
        "x" : 311562.78330000117,
        "y" : 484812.64730000123
      }
    },
    {
      "attributes" : {
        "FID" : 51,
        "PMNTN_SPOT" : 793,
        "MNTN_CODE" : "431504101",
        "MANAGE_SP1" : "02",
        "MANAGE_SP2" : "분기점",
        "DETAIL_SPO" : "분기점",
        "ETC_MATTER" : " ",
        "MNTN_NM" : "가은산",
        "PAST_SPOT_" : "23071901000052",
        "MNTN_ID" : "2307190100"
      },
      "geometry" : {
        "x" : 311675.22420000285,
        "y" : 485319.38559999876
      }
    },
    {
      "attributes" : {
        "FID" : 52,
        "PMNTN_SPOT" : 794,
        "MNTN_CODE" : "431504101",
        "MANAGE_SP1" : "02",
        "MANAGE_SP2" : "분기점",
        "DETAIL_SPO" : "무명봉(573m)",
        "ETC_MATTER" : " ",
        "MNTN_NM" : "가은산",
        "PAST_SPOT_" : "23071901000053",
        "MNTN_ID" : "2307190100"
      },
      "geometry" : {
        "x" : 311774.16370000131,
        "y" : 484683.41920000315
      }
    },
    {
      "attributes" : {
        "FID" : 53,
        "PMNTN_SPOT" : 795,
        "MNTN_CODE" : "431504101",
        "MANAGE_SP1" : "23",
        "MANAGE_SP2" : "정상",
        "DETAIL_SPO" : "가은산정상(579m)",
        "ETC_MATTER" : " ",
        "MNTN_NM" : "가은산",
        "PAST_SPOT_" : "23071901000054",
        "MNTN_ID" : "2307190100"
      },
      "geometry" : {
        "x" : 311991.0894000018,
        "y" : 484708.49870000035
      }
    }
  ]
}