{
  "displayFieldName" : "",
  "fieldAliases" : {
    "FID" : "FID",
    "PMNTN_SN" : "PMNTN_SN",
    "MNTN_CODE" : "MNTN_CODE",
    "MNTN_NM" : "MNTN_NM",
    "PMNTN_NM" : "PMNTN_NM",
    "PMNTN_MAIN" : "PMNTN_MAIN",
    "PMNTN_LT" : "PMNTN_LT",
    "PMNTN_DFFL" : "PMNTN_DFFL",
    "PMNTN_UPPL" : "PMNTN_UPPL",
    "PMNTN_GODN" : "PMNTN_GODN",
    "PMNTN_MTRQ" : "PMNTN_MTRQ",
    "PMNTN_CNRL" : "PMNTN_CNRL",
    "PMNTN_CLS_" : "PMNTN_CLS_",
    "PMNTN_RISK" : "PMNTN_RISK",
    "PMNTN_RECO" : "PMNTN_RECO",
    "DATA_STDR_" : "DATA_STDR_",
    "MNTN_ID" : "MNTN_ID"
  },
  "geometryType" : "esriGeometryPolyline",
  "spatialReference" : {
    "wkt" : "PROJCS[\"PCS_ITRF2000_TM\",GEOGCS[\"GCS_ITRF_2000\",DATUM[\"D_ITRF_2000\",SPHEROID[\"GRS_1980\",6378137.0,298.257222101]],PRIMEM[\"Greenwich\",0.0],UNIT[\"Degree\",0.0174532925199433]],PROJECTION[\"Transverse_Mercator\"],PARAMETER[\"False_Easting\",200000.0],PARAMETER[\"False_Northing\",600000.0],PARAMETER[\"Central_Meridian\",127.0],PARAMETER[\"Scale_Factor\",1.0],PARAMETER[\"Latitude_Of_Origin\",38.0],UNIT[\"Meter\",1.0]]"
  },
  "fields" : [
    {
      "name" : "FID",
      "type" : "esriFieldTypeOID",
      "alias" : "FID"
    },
    {
      "name" : "PMNTN_SN",
      "type" : "esriFieldTypeDouble",
      "alias" : "PMNTN_SN"
    },
    {
      "name" : "MNTN_CODE",
      "type" : "esriFieldTypeString",
      "alias" : "MNTN_CODE",
      "length" : 9
    },
    {
      "name" : "MNTN_NM",
      "type" : "esriFieldTypeString",
      "alias" : "MNTN_NM",
      "length" : 50
    },
    {
      "name" : "PMNTN_NM",
      "type" : "esriFieldTypeString",
      "alias" : "PMNTN_NM",
      "length" : 50
    },
    {
      "name" : "PMNTN_MAIN",
      "type" : "esriFieldTypeString",
      "alias" : "PMNTN_MAIN",
      "length" : 200
    },
    {
      "name" : "PMNTN_LT",
      "type" : "esriFieldTypeSingle",
      "alias" : "PMNTN_LT"
    },
    {
      "name" : "PMNTN_DFFL",
      "type" : "esriFieldTypeString",
      "alias" : "PMNTN_DFFL",
      "length" : 8
    },
    {
      "name" : "PMNTN_UPPL",
      "type" : "esriFieldTypeDouble",
      "alias" : "PMNTN_UPPL"
    },
    {
      "name" : "PMNTN_GODN",
      "type" : "esriFieldTypeDouble",
      "alias" : "PMNTN_GODN"
    },
    {
      "name" : "PMNTN_MTRQ",
      "type" : "esriFieldTypeString",
      "alias" : "PMNTN_MTRQ",
      "length" : 200
    },
    {
      "name" : "PMNTN_CNRL",
      "type" : "esriFieldTypeString",
      "alias" : "PMNTN_CNRL",
      "length" : 1
    },
    {
      "name" : "PMNTN_CLS_",
      "type" : "esriFieldTypeString",
      "alias" : "PMNTN_CLS_",
      "length" : 1
    },
    {
      "name" : "PMNTN_RISK",
      "type" : "esriFieldTypeString",
      "alias" : "PMNTN_RISK",
      "length" : 200
    },
    {
      "name" : "PMNTN_RECO",
      "type" : "esriFieldTypeString",
      "alias" : "PMNTN_RECO",
      "length" : 1
    },
    {
      "name" : "DATA_STDR_",
      "type" : "esriFieldTypeString",
      "alias" : "DATA_STDR_",
      "length" : 10
    },
    {
      "name" : "MNTN_ID",
      "type" : "esriFieldTypeString",
      "alias" : "MNTN_ID",
      "length" : 10
    }
  ],
  "features" : [
    {
      "attributes" : {
        "FID" : 0,
        "PMNTN_SN" : 4548,
        "MNTN_CODE" : "116200904",
        "MNTN_NM" : "관악산학바위능선",
        "PMNTN_NM" : "신림동구간",
        "PMNTN_MAIN" : " ",
        "PMNTN_LT" : 0.32,
        "PMNTN_DFFL" : "쉬움",
        "PMNTN_UPPL" : 6,
        "PMNTN_GODN" : 4,
        "PMNTN_MTRQ" : " ",
        "PMNTN_CNRL" : " ",
        "PMNTN_CLS_" : " ",
        "PMNTN_RISK" : " ",
        "PMNTN_RECO" : " ",
        "DATA_STDR_" : "2016-12-31",
        "MNTN_ID" : "116200904"
      },
      "geometry" : {
        "paths" : [
          [
            [
              195528.70669999998,
              539174.26689999923
            ],
            [
              195527.24090000149,
              539190.91569999978
            ],
            [
              195513.97159999888,
              539196.47210000083
            ],
            [
              195503.65470000077,
              539207.5763000045
            ],
            [
              195484.50170000084,
              539240.88250000216
            ],
            [
              195477.13929999992,
              539261.23390000127
            ],
            [
              195478.98070000112,
              539281.40740000084
            ],
            [
              195474.56469999999,
              539296.20790000074
            ],
            [
              195467.01730000321,
              539320.27529999986
            ],
            [
              195460.69830000121,
              539334.31470000185
            ],
            [
              195439.3853000002,
              539345.62820000201
            ],
            [
              195399.58040000033,
              539365.99750000052
            ],
            [
              195369.56640000176,
              539403.72520000115
            ],
            [
              195357.77520000003,
              539414.83040000126
            ]
          ]
        ]
      }
    },
    {
      "attributes" : {
        "FID" : 1,
        "PMNTN_SN" : 4549,
        "MNTN_CODE" : "116200904",
        "MNTN_NM" : "관악산학바위능선",
        "PMNTN_NM" : "신림동구간",
        "PMNTN_MAIN" : " ",
        "PMNTN_LT" : 2,
        "PMNTN_DFFL" : "쉬움",
        "PMNTN_UPPL" : 35,
        "PMNTN_GODN" : 25,
        "PMNTN_MTRQ" : " ",
        "PMNTN_CNRL" : " ",
        "PMNTN_CLS_" : " ",
        "PMNTN_RISK" : " ",
        "PMNTN_RECO" : " ",
        "DATA_STDR_" : "2016-12-31",
        "MNTN_ID" : "116200904"
      },
      "geometry" : {
        "paths" : [
          [
            [
              194569.34150000289,
              537931.79240000248
            ],
            [
              194583.88820000272,
              537931.38829999976
            ],
            [
              194595.14310000185,
              537948.33310000412
            ],
            [
              194604.9019000018,
              537968.35950000212
            ],
            [
              194619.518600001,
              537978.00410000049
            ],
            [
              194628.37519999966,
              537989.09699999727
            ],
            [
              194656.41280000098,
              538011.27610000223
            ],
            [
              194684.45720000099,
              538044.55400000326
            ],
            [
              194700.69049999956,
              538059.34180000238
            ],
            [
              194706.59949999955,
              538074.1361999996
            ],
            [
              194724.30640000105,
              538087.07340000197
            ],
            [
              194732.29630000237,
              538100.95560000278
            ],
            [
              194736.32739999983,
              538109.57069999911
            ],
            [
              194744.68760000076,
              538110.37460000254
            ],
            [
              194748.01040000003,
              538117.1566000022
            ],
            [
              194742.09300000127,
              538121.25029999949
            ],
            [
              194739.08110000007,
              538127.75889999978
            ],
            [
              194711.7407000009,
              538130.55320000276
            ],
            [
              194709.59860000387,
              538151.82450000197
            ],
            [
              194705.18570000026,
              538170.32500000298
            ],
            [
              194695.05370000005,
              538197.06159999967
            ],
            [
              194690.46160000097,
              538209.17950000241
            ],
            [
              194684.26090000384,
              538212.70190000162
            ],
            [
              194677.19960000087,
              538227.68560000136
            ],
            [
              194674.18099999987,
              538248.20700000226
            ],
            [
              194675.74720000103,
              538262.8321000021
            ],
            [
              194658.94180000015,
              538280.53690000251
            ],
            [
              194647.92660000082,
              538305.52790000103
            ],
            [
              194639.67069999967,
              538318.77440000139
            ],
            [
              194643.17490000185,
              538334.46660000272
            ],
            [
              194641.91299999971,
              538350.89610000141
            ],
            [
              194651.57890000101,
              538355.2620000001
            ],
            [
              194664.01099999994,
              538360.87730000541
            ],
            [
              194672.86600000039,
              538370.12040000223
            ],
            [
              194666.04559999984,
              538420.5222000014
            ],
            [
              194671.75680000056,
              538448.47400000133
            ],
            [
              194684.71890000068,
              538455.20219999924
            ],
            [
              194705.37360000052,
              538466.28770000115
            ],
            [
              194717.18390000053,
              538484.7778000012
            ],
            [
              194731.95089999959,
              538514.36480000243
            ],
            [
              194745.09540000092,
              538531.45650000125
            ],
            [
              194757.04250000138,
              538545.79499999993
            ],
            [
              194762.95220000204,
              538562.4392000027
            ],
            [
              194776.10320000257,
              538572.60570000112
            ],
            [
              194798.23220000137,
              538583.69050000235
            ],
            [
              194809.35360000096,
              538593.12600000389
            ],
            [
              194812.35809999984,
              538611.32340000011
            ],
            [
              194819.02480000071,
              538617.0682999976
            ],
            [
              194824.93900000211,
              538634.54149999842
            ],
            [
              194814.62280000187,
              538654.67679999955
            ],
            [
              194817.58270000387,
              538671.32280000299
            ],
            [
              194825.6697000023,
              538686.32239999995
            ],
            [
              194834.51829999965,
              538706.99030000158
            ],
            [
              194838.44560000207,
              538720.46629999951
            ],
            [
              194855.54870000295,
              538744.36089999974
            ],
            [
              194871.71669999976,
              538774.73020000197
            ],
            [
              194872.36369999871,
              538782.819000002
            ],
            [
              194874.48450000305,
              538794.34740000218
            ],
            [
              194868.23600000236,
              538805.40179999918
            ],
            [
              194867.82200000156,
              538819.49180000275
            ],
            [
              194885.52029999997,
              538821.33070000075
            ],
            [
              194898.43169999961,
              538835.47450000234
            ],
            [
              194919.47090000007,
              538840.19240000285
            ],
            [
              194941.24949999992,
              538845.6333000008
            ],
            [
              194954.9216,
              538846.65460000001
            ],
            [
              194965.175400001,
              538850.87860000134
            ],
            [
              194979.92179999966,
              538849.01990000159
            ],
            [
              194989.78960000351,
              538845.00940000266
            ],
            [
              195006.46860000025,
              538850.85370000266
            ],
            [
              195071.36230000015,
              538858.21420000307
            ],
            [
              195087.59120000061,
              538869.30320000276
            ],
            [
              195097.92650000006,
              538889.6446000021
            ],
            [
              195108.25620000064,
              538900.73709999956
            ],
            [
              195125.98670000397,
              538958.06960000098
            ],
            [
              195133.36689999979,
              538969.16389999911
            ],
            [
              195139.28100000322,
              538995.05720000155
            ],
            [
              195139.29070000164,
              539011.70509999804
            ],
            [
              195154.04980000108,
              539032.04400000721
            ],
            [
              195157.00890000165,
              539048.69020000286
            ],
            [
              195167.33949999977,
              539061.63260000385
            ],
            [
              195173.25230000075,
              539085.67620000429
            ],
            [
              195186.53540000133,
              539104.16620000079
            ],
            [
              195185.07030000072,
              539120.81499999948
            ],
            [
              195201.30919999909,
              539150.4019000046
            ],
            [
              195214.59000000358,
              539165.19239999913
            ],
            [
              195224.92250000406,
              539181.83449999988
            ],
            [
              195229.35400000308,
              539194.78030000441
            ],
            [
              195241.15789999999,
              539205.87219999917
            ],
            [
              195258.86060000025,
              539216.9606999997
            ],
            [
              195267.7171000028,
              539231.75379999913
            ],
            [
              195269.20129999984,
              539248.40090000257
            ],
            [
              195275.10939999949,
              539265.04549999908
            ],
            [
              195276.59570000134,
              539285.39210000262
            ],
            [
              195289.88870000094,
              539322.38000000454
            ],
            [
              195306.11120000016,
              539324.22059999965
            ],
            [
              195304.64480000269,
              539339.01960000396
            ],
            [
              195314.97580000106,
              539353.81200000271
            ],
            [
              195325.30269999895,
              539361.20519999973
            ],
            [
              195341.53750000242,
              539385.24320000038
            ],
            [
              195347.44440000132,
              539400.0380000025
            ],
            [
              195357.77520000003,
              539414.83040000126
            ]
          ]
        ]
      }
    },
    {
      "attributes" : {
        "FID" : 2,
        "PMNTN_SN" : 4550,
        "MNTN_CODE" : "116200904",
        "MNTN_NM" : "관악산학바위능선",
        "PMNTN_NM" : "신림동구간",
        "PMNTN_MAIN" : " ",
        "PMNTN_LT" : 0.26,
        "PMNTN_DFFL" : "쉬움",
        "PMNTN_UPPL" : 5,
        "PMNTN_GODN" : 3,
        "PMNTN_MTRQ" : " ",
        "PMNTN_CNRL" : " ",
        "PMNTN_CLS_" : " ",
        "PMNTN_RISK" : " ",
        "PMNTN_RECO" : " ",
        "DATA_STDR_" : "2016-12-31",
        "MNTN_ID" : "116200904"
      },
      "geometry" : {
        "paths" : [
          [
            [
              195314.85560000036,
              538675.69290000014
            ],
            [
              195292.56100000069,
              538650.19880000129
            ],
            [
              195289.85780000035,
              538629.31560000032
            ],
            [
              195309.90739999991,
              538608.96920000203
            ],
            [
              195320.48660000041,
              538601.63790000416
            ],
            [
              195322.4822000023,
              538587.33480000496
            ],
            [
              195320.04680000059,
              538569.91899999976
            ],
            [
              195315.6182000041,
              538550.1101000011
            ],
            [
              195320.48460000008,
              538539.0903000012
            ],
            [
              195324.7918999996,
              538485.99149999954
            ],
            [
              195335.12650000304,
              538469.61120000109
            ],
            [
              195343.37160000019,
              538448.89500000142
            ]
          ]
        ]
      }
    },
    {
      "attributes" : {
        "FID" : 3,
        "PMNTN_SN" : 4551,
        "MNTN_CODE" : "116200904",
        "MNTN_NM" : "관악산학바위능선",
        "PMNTN_NM" : "신림동구간",
        "PMNTN_MAIN" : " ",
        "PMNTN_LT" : 0.15,
        "PMNTN_DFFL" : "쉬움",
        "PMNTN_UPPL" : 3,
        "PMNTN_GODN" : 2,
        "PMNTN_MTRQ" : " ",
        "PMNTN_CNRL" : " ",
        "PMNTN_CLS_" : " ",
        "PMNTN_RISK" : " ",
        "PMNTN_RECO" : " ",
        "DATA_STDR_" : "2016-12-31",
        "MNTN_ID" : "116200904"
      },
      "geometry" : {
        "paths" : [
          [
            [
              195343.37160000019,
              538448.89500000142
            ],
            [
              195354.28590000141,
              538445.55340000056
            ],
            [
              195366.06810000259,
              538415.95060000196
            ],
            [
              195388.17320000008,
              538384.49230000004
            ],
            [
              195408.80980000366,
              538364.13350000046
            ],
            [
              195419.12559999991,
              538349.32970000058
            ],
            [
              195439.71980000287,
              538341.85170000046
            ]
          ]
        ]
      }
    },
    {
      "attributes" : {
        "FID" : 4,
        "PMNTN_SN" : 4552,
        "MNTN_CODE" : "116200904",
        "MNTN_NM" : "관악산학바위능선",
        "PMNTN_NM" : "신림동구간",
        "PMNTN_MAIN" : " ",
        "PMNTN_LT" : 0.55,
        "PMNTN_DFFL" : "쉬움",
        "PMNTN_UPPL" : 10,
        "PMNTN_GODN" : 7,
        "PMNTN_MTRQ" : "암석/목재",
        "PMNTN_CNRL" : " ",
        "PMNTN_CLS_" : " ",
        "PMNTN_RISK" : " ",
        "PMNTN_RECO" : " ",
        "DATA_STDR_" : "2016-12-31",
        "MNTN_ID" : "116200904"
      },
      "geometry" : {
        "paths" : [
          [
            [
              195924.90409999993,
              538156.69139999896
            ],
            [
              195901.30780000053,
              538160.40249999985
            ],
            [
              195890.97910000104,
              538151.15880000219
            ],
            [
              195880.65760000236,
              538156.71320000105
            ],
            [
              195862.42200000212,
              538165.38970000111
            ],
            [
              195852.87069999892,
              538176.80290000141
            ],
            [
              195820.50720000081,
              538190.0234999992
            ],
            [
              195818.25260000397,
              538201.28460000083
            ],
            [
              195811.63910000026,
              538210.37280000187
            ],
            [
              195805.62640000135,
              538213.81299999915
            ],
            [
              195795.0700000003,
              538213.67449999973
            ],
            [
              195792.19650000054,
              538219.64939999953
            ],
            [
              195777.45430000033,
              538232.60520000011
            ],
            [
              195762.71609999985,
              538252.96020000055
            ],
            [
              195722.90520000085,
              538273.32789999992
            ],
            [
              195714.06170000043,
              538284.43099999987
            ],
            [
              195696.37100000214,
              538299.23820000328
            ],
            [
              195690.12020000163,
              538309.40670000017
            ],
            [
              195682.2313000001,
              538316.92130000144
            ],
            [
              195668.36590000056,
              538320.39120000228
            ],
            [
              195661.30450000055,
              538325.0055000037
            ],
            [
              195652.69799999986,
              538332.52060000226
            ],
            [
              195641.5150000006,
              538336.80690000206
            ],
            [
              195638.94450000208,
              538347.71570000239
            ],
            [
              195632.98420000076,
              538360.31350000203
            ],
            [
              195629.35980000068,
              538368.5642000027
            ],
            [
              195622.66800000053,
              538375.11710000038
            ],
            [
              195612.51000000071,
              538377.99400000088
            ],
            [
              195607.92450000066,
              538384.37370000221
            ],
            [
              195606.28570000082,
              538393.56330000237
            ],
            [
              195598.04440000188,
              538400.7153000012
            ],
            [
              195588.80700000376,
              538410.88560000248
            ],
            [
              195584.04150000121,
              538423.83450000174
            ],
            [
              195577.98770000134,
              538432.76090000011
            ],
            [
              195565.58050000016,
              538443.38749999925
            ],
            [
              195557.81439999864,
              538449.14200000279
            ],
            [
              195548.11359999981,
              538449.81030000001
            ],
            [
              195540.12040000223,
              538456.55060000159
            ],
            [
              195537.72140000109,
              538475.99460000172
            ]
          ]
        ]
      }
    },
    {
      "attributes" : {
        "FID" : 5,
        "PMNTN_SN" : 4553,
        "MNTN_CODE" : "116200904",
        "MNTN_NM" : "관악산학바위능선",
        "PMNTN_NM" : "신림동구간",
        "PMNTN_MAIN" : " ",
        "PMNTN_LT" : 0.42,
        "PMNTN_DFFL" : "쉬움",
        "PMNTN_UPPL" : 7,
        "PMNTN_GODN" : 5,
        "PMNTN_MTRQ" : " ",
        "PMNTN_CNRL" : " ",
        "PMNTN_CLS_" : " ",
        "PMNTN_RISK" : " ",
        "PMNTN_RECO" : " ",
        "DATA_STDR_" : "2016-12-31",
        "MNTN_ID" : "116200904"
      },
      "geometry" : {
        "paths" : [
          [
            [
              195904.23030000087,
              538104.90810000151
            ],
            [
              195921.11860000063,
              538091.65270000137
            ],
            [
              195930.76120000146,
              538069.74950000271
            ],
            [
              195951.39979999978,
              538049.39210000262
            ],
            [
              195970.56730000023,
              538036.43439999968
            ],
            [
              195983.83340000268,
              538019.78009999916
            ],
            [
              195998.57710000034,
              538008.6743999999
            ],
            [
              196011.84240000322,
              537990.17039999925
            ],
            [
              196035.41020000074,
              537925.41740000248
            ],
            [
              196051.62040000129,
              537895.81339999847
            ],
            [
              196057.50260000117,
              537858.81530000083
            ],
            [
              196061.17300000414,
              537839.16470000334
            ],
            [
              196058.87190000154,
              537812.09090000391
            ],
            [
              196061.89240000024,
              537784.82260000333
            ],
            [
              196065.23340000026,
              537766.41290000081
            ],
            [
              196071.69850000087,
              537753.79570000805
            ],
            [
              196072.19530000258,
              537738.57359999977
            ]
          ]
        ]
      }
    },
    {
      "attributes" : {
        "FID" : 6,
        "PMNTN_SN" : 4554,
        "MNTN_CODE" : "116200904",
        "MNTN_NM" : "관악산학바위능선",
        "PMNTN_NM" : "신림동구간",
        "PMNTN_MAIN" : " ",
        "PMNTN_LT" : 0.81,
        "PMNTN_DFFL" : "쉬움",
        "PMNTN_UPPL" : 14,
        "PMNTN_GODN" : 10,
        "PMNTN_MTRQ" : " ",
        "PMNTN_CNRL" : " ",
        "PMNTN_CLS_" : " ",
        "PMNTN_RISK" : " ",
        "PMNTN_RECO" : " ",
        "DATA_STDR_" : "2016-12-31",
        "MNTN_ID" : "116200904"
      },
      "geometry" : {
        "paths" : [
          [
            [
              195957.78020000178,
              537760.59190000035
            ],
            [
              195950.25870000105,
              537769.94270000234
            ],
            [
              195924.71879999992,
              537777.48949999735
            ],
            [
              195912.92550000083,
              537790.44360000081
            ],
            [
              195893.75489999913,
              537797.85210000165
            ],
            [
              195880.49039999954,
              537818.2060000021
            ],
            [
              195852.4776000008,
              537840.41709999926
            ],
            [
              195843.6344000008,
              537853.36989999935
            ],
            [
              195814.15060000122,
              537882.98090000264
            ],
            [
              195808.25829999987,
              537897.78199999966
            ],
            [
              195790.56670000125,
              537912.58899999969
            ],
            [
              195772.88069999963,
              537938.49469999969
            ],
            [
              195730.1222000001,
              537966.2629000023
            ],
            [
              195718.33050000388,
              537981.0671000015
            ],
            [
              195682.94510000199,
              538005.13230000064
            ],
            [
              195675.57820000127,
              538019.93429999985
            ],
            [
              195649.03860000055,
              538036.59600000083
            ],
            [
              195637.2452000007,
              538047.70070000179
            ],
            [
              195629.87940000184,
              538064.35250000097
            ],
            [
              195595.98310000077,
              538114.31400000118
            ],
            [
              195590.09340000246,
              538132.81480000168
            ],
            [
              195578.30410000123,
              538151.31870000064
            ],
            [
              195548.82029999979,
              538177.23109999858
            ],
            [
              195520.80650000274,
              538193.89399999939
            ],
            [
              195509.01550000068,
              538208.69849999808
            ],
            [
              195495.74770000298,
              538219.80420000292
            ],
            [
              195472.1809000019,
              538277.15980000608
            ],
            [
              195470.71509999875,
              538293.80849999934
            ],
            [
              195455.97560000047,
              538310.46440000273
            ],
            [
              195439.71980000287,
              538341.85170000046
            ]
          ]
        ]
      }
    },
    {
      "attributes" : {
        "FID" : 7,
        "PMNTN_SN" : 4555,
        "MNTN_CODE" : "116200904",
        "MNTN_NM" : "관악산학바위능선",
        "PMNTN_NM" : "신림동구간",
        "PMNTN_MAIN" : " ",
        "PMNTN_LT" : 0.58,
        "PMNTN_DFFL" : "쉬움",
        "PMNTN_UPPL" : 10,
        "PMNTN_GODN" : 7,
        "PMNTN_MTRQ" : " ",
        "PMNTN_CNRL" : " ",
        "PMNTN_CLS_" : " ",
        "PMNTN_RISK" : " ",
        "PMNTN_RECO" : " ",
        "DATA_STDR_" : "2016-12-31",
        "MNTN_ID" : "116200904"
      },
      "geometry" : {
        "paths" : [
          [
            [
              195858.3002000032,
              539291.25669999979
            ],
            [
              195824.25980000012,
              539184.03250000253
            ],
            [
              195794.63630000222,
              539104.42620000057
            ],
            [
              195765.49260000046,
              539021.92790000141
            ],
            [
              195755.192900002,
              539010.3078000024
            ],
            [
              195767.08010000177,
              538748.44930000044
            ],
            [
              195773.28200000245,
              538730.19480000064
            ]
          ]
        ]
      }
    },
    {
      "attributes" : {
        "FID" : 8,
        "PMNTN_SN" : 4556,
        "MNTN_CODE" : "116200904",
        "MNTN_NM" : "관악산학바위능선",
        "PMNTN_NM" : "신림동구간",
        "PMNTN_MAIN" : " ",
        "PMNTN_LT" : 0.16,
        "PMNTN_DFFL" : "쉬움",
        "PMNTN_UPPL" : 3,
        "PMNTN_GODN" : 2,
        "PMNTN_MTRQ" : " ",
        "PMNTN_CNRL" : " ",
        "PMNTN_CLS_" : " ",
        "PMNTN_RISK" : " ",
        "PMNTN_RECO" : " ",
        "DATA_STDR_" : "2016-12-31",
        "MNTN_ID" : "116200904"
      },
      "geometry" : {
        "paths" : [
          [
            [
              195773.28200000245,
              538730.19480000064
            ],
            [
              195767.6624999987,
              538711.00070000067
            ],
            [
              195762.22539999988,
              538687.19200000167
            ],
            [
              195757.97400000039,
              538675.74990000017
            ],
            [
              195758.31020000111,
              538654.70690000802
            ],
            [
              195757.73080000095,
              538639.0968000032
            ],
            [
              195766.71939999983,
              538632.75459999964
            ],
            [
              195777.18700000178,
              538635.33159999922
            ],
            [
              195779.69720000029,
              538646.26400000043
            ],
            [
              195779.31579999998,
              538652.84369999915
            ],
            [
              195784.32969999965,
              538658.45299999975
            ],
            [
              195789.96210000105,
              538660.48860000446
            ],
            [
              195804.21889999975,
              538667.19150000252
            ]
          ]
        ]
      }
    },
    {
      "attributes" : {
        "FID" : 9,
        "PMNTN_SN" : 4557,
        "MNTN_CODE" : "116200904",
        "MNTN_NM" : "관악산학바위능선",
        "PMNTN_NM" : "신림동구간",
        "PMNTN_MAIN" : " ",
        "PMNTN_LT" : 1.23,
        "PMNTN_DFFL" : "쉬움",
        "PMNTN_UPPL" : 22,
        "PMNTN_GODN" : 15,
        "PMNTN_MTRQ" : " ",
        "PMNTN_CNRL" : " ",
        "PMNTN_CLS_" : " ",
        "PMNTN_RISK" : " ",
        "PMNTN_RECO" : " ",
        "DATA_STDR_" : "2016-12-31",
        "MNTN_ID" : "116200904"
      },
      "geometry" : {
        "paths" : [
          [
            [
              196850.59999999963,
              538431.77290000021
            ],
            [
              196839.42190000135,
              538413.62910000235
            ],
            [
              196827.34580000024,
              538399.57450000197
            ],
            [
              196815.23840000015,
              538391.50080000237
            ],
            [
              196796.41779999994,
              538389.83630000241
            ],
            [
              196787.59460000042,
              538399.13929999992
            ],
            [
              196775.59410000406,
              538408.36870000139
            ],
            [
              196765.48199999984,
              538417.11610000208
            ],
            [
              196754.20860000234,
              538429.81020000018
            ],
            [
              196735.82949999999,
              538444.44300000183
            ],
            [
              196724.60409999918,
              538466.54629999958
            ],
            [
              196704.29010000359,
              538461.91789999977
            ],
            [
              196688.3275000006,
              538462.31689999998
            ],
            [
              196677.21939999983,
              538472.66790000163
            ],
            [
              196646.25480000116,
              538489.32820000127
            ],
            [
              196627.0948000038,
              538520.78189999983
            ],
            [
              196607.93050000258,
              538541.13720000163
            ],
            [
              196587.28460000362,
              538544.8451000005
            ],
            [
              196572.54030000046,
              538554.10000000149
            ],
            [
              196551.89450000226,
              538557.80810000375
            ],
            [
              196537.14639999997,
              538557.81420000084
            ],
            [
              196526.82650000136,
              538567.06730000116
            ],
            [
              196504.70980000123,
              538580.02490000241
            ],
            [
              196497.95260000415,
              538584.412200002
            ],
            [
              196483.15080000088,
              538594.02260000259
            ],
            [
              196474.74450000003,
              538614.6388000045
            ],
            [
              196462.397400002,
              538639.27770000324
            ],
            [
              196439.85470000282,
              538665.14170000143
            ],
            [
              196408.88810000196,
              538674.40379999951
            ],
            [
              196396.93450000416,
              538683.54290000163
            ],
            [
              196385.95110000018,
              538698.25960000418
            ],
            [
              196365.26070000045,
              538712.65150000155
            ],
            [
              196346.96720000263,
              538720.67490000091
            ],
            [
              196314.52120000124,
              538718.83940000273
            ],
            [
              196305.66760000214,
              538707.74469999969
            ],
            [
              196293.20450000279,
              538697.23210000433
            ],
            [
              196248.04289999977,
              538678.6884000022
            ],
            [
              196213.93330000155,
              538678.72819999978
            ],
            [
              196193.0214999998,
              538662.81990000047
            ],
            [
              196175.31640000083,
              538646.18009999953
            ],
            [
              196165.53419999965,
              538644.91589999758
            ],
            [
              196145.85310000274,
              538643.06620000117
            ],
            [
              196112.62390000187,
              538635.19240000099
            ],
            [
              196077.16200000327,
              538629.42570000142
            ],
            [
              196051.96980000101,
              538633.87020000257
            ],
            [
              196037.2183000017,
              538626.47819999978
            ],
            [
              196025.41460000165,
              538615.38520000502
            ],
            [
              196007.7153000012,
              538611.69409999996
            ],
            [
              195992.96280000079,
              538602.45230000094
            ],
            [
              195978.21389999986,
              538600.60970000178
            ],
            [
              195954.61260000244,
              538591.37220000103
            ],
            [
              195938.38970000111,
              538591.38010000251
            ],
            [
              195923.69479999971,
              538581.58129999973
            ],
            [
              195911.7265000008,
              538574.28650000133
            ],
            [
              195897.67499999981,
              538564.04850000329
            ],
            [
              195873.48460000101,
              538563.66550000012
            ],
            [
              195857.26080000121,
              538561.82380000129
            ],
            [
              195833.8730000006,
              538565.98929999955
            ]
          ]
        ]
      }
    },
    {
      "attributes" : {
        "FID" : 10,
        "PMNTN_SN" : 4558,
        "MNTN_CODE" : "116200904",
        "MNTN_NM" : "관악산학바위능선",
        "PMNTN_NM" : "신림동구간",
        "PMNTN_MAIN" : " ",
        "PMNTN_LT" : 0.38,
        "PMNTN_DFFL" : "쉬움",
        "PMNTN_UPPL" : 7,
        "PMNTN_GODN" : 5,
        "PMNTN_MTRQ" : " ",
        "PMNTN_CNRL" : " ",
        "PMNTN_CLS_" : " ",
        "PMNTN_RISK" : " ",
        "PMNTN_RECO" : " ",
        "DATA_STDR_" : "2016-12-31",
        "MNTN_ID" : "116200904"
      },
      "geometry" : {
        "paths" : [
          [
            [
              196007.87470000144,
              538944.65230000019
            ],
            [
              195991.64809999987,
              538935.4112999998
            ],
            [
              195976.89169999957,
              538916.92070000246
            ],
            [
              195957.720900001,
              538918.77970000356
            ],
            [
              195944.44370000064,
              538909.53730000183
            ],
            [
              195910.2734000003,
              538859.59190000035
            ],
            [
              195905.23589999974,
              538849.15469999984
            ],
            [
              195912.30490000173,
              538834.21460000239
            ],
            [
              195897.20170000009,
              538807.82320000231
            ],
            [
              195882.4467000002,
              538793.03229999915
            ],
            [
              195869.16469999962,
              538774.54120000266
            ],
            [
              195869.35790000297,
              538757.18400000408
            ],
            [
              195865.57550000213,
              538745.23430000432
            ],
            [
              195861.13659999985,
              538728.2375000082
            ],
            [
              195855.9980000006,
              538711.12949999981
            ],
            [
              195843.56180000026,
              538693.23850000277
            ],
            [
              195830.77710000146,
              538687.62120000459
            ],
            [
              195804.21889999975,
              538667.19150000252
            ]
          ]
        ]
      }
    },
    {
      "attributes" : {
        "FID" : 11,
        "PMNTN_SN" : 4559,
        "MNTN_CODE" : "116200904",
        "MNTN_NM" : "관악산학바위능선",
        "PMNTN_NM" : "신림동구간",
        "PMNTN_MAIN" : "서울대학교",
        "PMNTN_LT" : 0.43,
        "PMNTN_DFFL" : "쉬움",
        "PMNTN_UPPL" : 8,
        "PMNTN_GODN" : 6,
        "PMNTN_MTRQ" : "암석/목재",
        "PMNTN_CNRL" : " ",
        "PMNTN_CLS_" : " ",
        "PMNTN_RISK" : " ",
        "PMNTN_RECO" : " ",
        "DATA_STDR_" : "2016-12-31",
        "MNTN_ID" : "116200904"
      },
      "geometry" : {
        "paths" : [
          [
            [
              195884.97479999997,
              538502.94350000098
            ],
            [
              195905.53710000124,
              538499.79690000042
            ],
            [
              195921.36920000054,
              538491.45289999992
            ],
            [
              195939.28020000085,
              538477.45069999993
            ],
            [
              195934.86320000049,
              538460.82060000114
            ],
            [
              195929.70480000135,
              538449.53490000218
            ],
            [
              195934.77400000114,
              538436.80460000411
            ],
            [
              195945.09030000307,
              538420.14939999953
            ],
            [
              195949.50400000066,
              538397.94730000198
            ],
            [
              195948.01860000007,
              538377.5979999993
            ],
            [
              195947.10790000018,
              538344.29820000008
            ],
            [
              195955.9525000006,
              538341.44390000217
            ],
            [
              195967.59619999956,
              538342.90740000457
            ],
            [
              195975.45189999975,
              538346.76429999806
            ],
            [
              195980.02539999969,
              538359.56890000217
            ],
            [
              195992.66640000045,
              538361.17680000328
            ],
            [
              196009.25100000296,
              538344.66500000097
            ],
            [
              196014.67030000035,
              538328.19450000115
            ],
            [
              196015.8208000008,
              538283.21420000307
            ],
            [
              196015.8125,
              538266.56430000626
            ],
            [
              196020.22920000274,
              538249.91210000403
            ],
            [
              196027.595900001,
              538233.25850000419
            ],
            [
              196036.4394999994,
              538220.3041999992
            ],
            [
              196042.32849999983,
              538198.10139999911
            ]
          ]
        ]
      }
    },
    {
      "attributes" : {
        "FID" : 12,
        "PMNTN_SN" : 4560,
        "MNTN_CODE" : "116200904",
        "MNTN_NM" : "관악산학바위능선",
        "PMNTN_NM" : "신림동구간",
        "PMNTN_MAIN" : " ",
        "PMNTN_LT" : 0.28,
        "PMNTN_DFFL" : "쉬움",
        "PMNTN_UPPL" : 5,
        "PMNTN_GODN" : 3,
        "PMNTN_MTRQ" : "암석/목재",
        "PMNTN_CNRL" : " ",
        "PMNTN_CLS_" : " ",
        "PMNTN_RISK" : " ",
        "PMNTN_RECO" : " ",
        "DATA_STDR_" : "2016-12-31",
        "MNTN_ID" : "116200904"
      },
      "geometry" : {
        "paths" : [
          [
            [
              195357.77520000003,
              539414.83040000126
            ],
            [
              195357.77520000003,
              539414.83040000126
            ],
            [
              195337.13210000284,
              539418.54150000028
            ],
            [
              195309.11360000074,
              539418.55730000138
            ],
            [
              195289.94620000105,
              539424.11739999987
            ],
            [
              195263.40450000111,
              539427.83190000243
            ],
            [
              195252.71930000279,
              539436.34570000321
            ],
            [
              195243.30420000385,
              539435.7407000009
            ],
            [
              195230.79310000036,
              539434.93680000305
            ],
            [
              195223.17910000309,
              539438.50340000167
            ],
            [
              195208.53230000101,
              539439.99530000426
            ],
            [
              195201.47960000113,
              539446.36510000005
            ],
            [
              195177.89370000083,
              539461.17679999769
            ],
            [
              195163.16750000045,
              539496.33100000024
            ],
            [
              195153.496000004,
              539512.66180000454
            ],
            [
              195129.42640000023,
              539526.16200000048
            ]
          ]
        ]
      }
    },
    {
      "attributes" : {
        "FID" : 13,
        "PMNTN_SN" : 4561,
        "MNTN_CODE" : "116200904",
        "MNTN_NM" : "관악산학바위능선",
        "PMNTN_NM" : "신림동구간",
        "PMNTN_MAIN" : " ",
        "PMNTN_LT" : 1.33,
        "PMNTN_DFFL" : "쉬움",
        "PMNTN_UPPL" : 23,
        "PMNTN_GODN" : 16,
        "PMNTN_MTRQ" : "암석/목재",
        "PMNTN_CNRL" : " ",
        "PMNTN_CLS_" : " ",
        "PMNTN_RISK" : " ",
        "PMNTN_RECO" : " ",
        "DATA_STDR_" : "2016-12-31",
        "MNTN_ID" : "116200904"
      },
      "geometry" : {
        "paths" : [
          [
            [
              195343.37160000019,
              538448.89500000142
            ],
            [
              195343.93829999957,
              538403.01459999941
            ],
            [
              195340.97210000083,
              538373.41990000196
            ],
            [
              195358.63520000223,
              538310.51799999923
            ],
            [
              195361.55510000233,
              538256.87309999764
            ],
            [
              195362.96020000149,
              538236.48740000278
            ],
            [
              195357.7659,
              538213.74330000021
            ],
            [
              195357.09850000218,
              538199.53280000016
            ],
            [
              195357.08409999963,
              538173.63609999977
            ],
            [
              195364.43800000008,
              538136.63670000434
            ],
            [
              195366.27990000229,
              538108.31020000204
            ],
            [
              195365.08660000004,
              538085.97049999982
            ],
            [
              195366.56390000042,
              538066.81900000013
            ],
            [
              195370.50069999974,
              538027.19859999977
            ],
            [
              195378.46690000221,
              538008.19150000252
            ],
            [
              195384.71410000045,
              537978.18560000323
            ],
            [
              195386.30180000328,
              537965.93560000136
            ],
            [
              195385.33389999997,
              537951.43850000203
            ],
            [
              195392.30440000072,
              537932.5576000046
            ],
            [
              195400.72940000053,
              537922.59119999968
            ],
            [
              195413.99760000035,
              537911.48530000448
            ],
            [
              195426.00060000271,
              537904.05870000273
            ],
            [
              195433.61680000089,
              537879.48100000247
            ],
            [
              195453.18410000205,
              537854.05980000272
            ],
            [
              195458.65730000287,
              537818.42510000058
            ],
            [
              195470.44890000019,
              537803.62060000002
            ],
            [
              195474.8657000009,
              537788.82000000216
            ],
            [
              195474.8526000008,
              537764.77310000174
            ],
            [
              195485.15120000392,
              537716.67349999957
            ],
            [
              195495.46990000084,
              537705.56929999962
            ],
            [
              195511.69550000317,
              537707.41040000319
            ],
            [
              195530.86800000165,
              537703.7006000001
            ],
            [
              195548.57250000164,
              537712.93990000151
            ],
            [
              195576.59970000107,
              537718.47430000082
            ],
            [
              195594.31089999992,
              537740.66210000217
            ],
            [
              195609.0623000022,
              537744.35390000418
            ],
            [
              195626.76180000231,
              537744.34459999949
            ],
            [
              195642.98440000042,
              537740.63660000265
            ],
            [
              195659.20500000101,
              537733.22900000028
            ],
            [
              195673.95560000185,
              537735.07120000198
            ],
            [
              195694.60400000028,
              537733.21070000157
            ],
            [
              195718.21280000079,
              537751.69620000012
            ],
            [
              195734.4458000008,
              537768.33579999767
            ],
            [
              195750.67389999982,
              537775.7266000025
            ],
            [
              195771.33450000267,
              537797.91330000013
            ],
            [
              195790.50870000012,
              537797.90359999985
            ],
            [
              195805.2564000003,
              537794.19650000148
            ],
            [
              195821.48260000069,
              537797.88800000027
            ],
            [
              195834.75619999971,
              537796.03160000034
            ],
            [
              195843.60029999912,
              537784.92860000022
            ],
            [
              195843.59289999958,
              537770.1305000037
            ],
            [
              195852.43340000045,
              537751.62839999981
            ],
            [
              195867.17929999996,
              537744.22200000659
            ],
            [
              195884.87690000236,
              537740.51369999908
            ],
            [
              195899.63109999988,
              537749.75520000048
            ],
            [
              195924.69780000113,
              537747.10219999775
            ],
            [
              195957.78020000178,
              537760.59190000035
            ]
          ]
        ]
      }
    },
    {
      "attributes" : {
        "FID" : 14,
        "PMNTN_SN" : 4562,
        "MNTN_CODE" : "116200904",
        "MNTN_NM" : "관악산학바위능선",
        "PMNTN_NM" : "신림동구간",
        "PMNTN_MAIN" : " ",
        "PMNTN_LT" : 0.59,
        "PMNTN_DFFL" : "쉬움",
        "PMNTN_UPPL" : 10,
        "PMNTN_GODN" : 7,
        "PMNTN_MTRQ" : " ",
        "PMNTN_CNRL" : " ",
        "PMNTN_CLS_" : " ",
        "PMNTN_RISK" : " ",
        "PMNTN_RECO" : " ",
        "DATA_STDR_" : "2016-12-31",
        "MNTN_ID" : "116200904"
      },
      "geometry" : {
        "paths" : [
          [
            [
              195439.71980000287,
              538341.85170000046
            ],
            [
              195486.73980000056,
              538335.85220000334
            ],
            [
              195498.21320000291,
              538328.64860000275
            ],
            [
              195509.68520000018,
              538318.9047000017
            ],
            [
              195528.57690000162,
              538296.45549999923
            ],
            [
              195561.64300000109,
              538267.22470000014
            ],
            [
              195584.58980000019,
              538252.39430000074
            ],
            [
              195594.03670000099,
              538242.65160000138
            ],
            [
              195617.6574000027,
              538225.28070000373
            ],
            [
              195655.44510000013,
              538186.31010000408
            ],
            [
              195664.20650000032,
              538156.66910000145
            ],
            [
              195687.82900000364,
              538141.83860000223
            ],
            [
              195697.27500000224,
              538129.97920000181
            ],
            [
              195708.74860000238,
              538122.35250000097
            ],
            [
              195748.58239999972,
              538122.3321000021
            ],
            [
              195777.40470000356,
              538134.56760000251
            ],
            [
              195798.05220000073,
              538132.70739999972
            ],
            [
              195817.21830000076,
              538117.89959999919
            ],
            [
              195855.55620000046,
              538099.38279999979
            ],
            [
              195873.24849999975,
              538086.42570000142
            ],
            [
              195887.518600001,
              538083.21760000288
            ],
            [
              195896.95330000017,
              538086.40929999948
            ],
            [
              195898.441300001,
              538097.70620000176
            ],
            [
              195904.23030000087,
              538104.90810000151
            ]
          ]
        ]
      }
    },
    {
      "attributes" : {
        "FID" : 15,
        "PMNTN_SN" : 4563,
        "MNTN_CODE" : "116200904",
        "MNTN_NM" : "관악산학바위능선",
        "PMNTN_NM" : "신림동구간",
        "PMNTN_MAIN" : " ",
        "PMNTN_LT" : 0.12,
        "PMNTN_DFFL" : "쉬움",
        "PMNTN_UPPL" : 2,
        "PMNTN_GODN" : 1,
        "PMNTN_MTRQ" : " ",
        "PMNTN_CNRL" : " ",
        "PMNTN_CLS_" : " ",
        "PMNTN_RISK" : " ",
        "PMNTN_RECO" : " ",
        "DATA_STDR_" : "2016-12-31",
        "MNTN_ID" : "116200904"
      },
      "geometry" : {
        "paths" : [
          [
            [
              195957.78020000178,
              537760.59190000035
            ],
            [
              195978.6699000001,
              537757.84880000167
            ],
            [
              196011.72649999987,
              537747.85119999945
            ],
            [
              196024.98720000125,
              537744.41300000064
            ],
            [
              196036.40590000153,
              537748.6854000017
            ],
            [
              196048.59860000107,
              537744.1340000052
            ],
            [
              196072.19530000258,
              537738.57359999977
            ]
          ]
        ]
      }
    },
    {
      "attributes" : {
        "FID" : 16,
        "PMNTN_SN" : 4564,
        "MNTN_CODE" : "116200904",
        "MNTN_NM" : "관악산학바위능선",
        "PMNTN_NM" : "신림동구간",
        "PMNTN_MAIN" : " ",
        "PMNTN_LT" : 0.06,
        "PMNTN_DFFL" : "쉬움",
        "PMNTN_UPPL" : 1,
        "PMNTN_GODN" : 1,
        "PMNTN_MTRQ" : " ",
        "PMNTN_CNRL" : " ",
        "PMNTN_CLS_" : " ",
        "PMNTN_RISK" : " ",
        "PMNTN_RECO" : " ",
        "DATA_STDR_" : "2016-12-31",
        "MNTN_ID" : "116200904"
      },
      "geometry" : {
        "paths" : [
          [
            [
              195904.23030000087,
              538104.90810000151
            ],
            [
              195904.23030000087,
              538104.90810000151
            ],
            [
              195910.13439999986,
              538114.15399999917
            ],
            [
              195907.19550000131,
              538136.35270000249
            ],
            [
              195924.90409999993,
              538156.69139999896
            ]
          ]
        ]
      }
    },
    {
      "attributes" : {
        "FID" : 17,
        "PMNTN_SN" : 4565,
        "MNTN_CODE" : "116200904",
        "MNTN_NM" : "관악산학바위능선",
        "PMNTN_NM" : "신림동구간",
        "PMNTN_MAIN" : " ",
        "PMNTN_LT" : 0.81,
        "PMNTN_DFFL" : "쉬움",
        "PMNTN_UPPL" : 14,
        "PMNTN_GODN" : 10,
        "PMNTN_MTRQ" : "암석/목재",
        "PMNTN_CNRL" : " ",
        "PMNTN_CLS_" : " ",
        "PMNTN_RISK" : " ",
        "PMNTN_RECO" : " ",
        "DATA_STDR_" : "2016-12-31",
        "MNTN_ID" : "116200904"
      },
      "geometry" : {
        "paths" : [
          [
            [
              196072.19530000258,
              537738.57359999977
            ],
            [
              196072.19530000258,
              537738.57359999977
            ],
            [
              196096.27960000094,
              537748.46130000241
            ],
            [
              196113.11440000124,
              537750.96570000239
            ],
            [
              196127.86420000065,
              537757.94820000231
            ],
            [
              196137.17490000091,
              537761.76560000516
            ],
            [
              196142.61990000028,
              537767.27109999955
            ],
            [
              196150.56830000039,
              537770.3366000019
            ],
            [
              196156.05069999956,
              537774.98519999906
            ],
            [
              196170.91770000011,
              537768.11480000056
            ],
            [
              196177.50300000329,
              537773.04490000196
            ],
            [
              196187.10320000257,
              537770.23870000057
            ],
            [
              196195.99760000035,
              537769.5968000032
            ],
            [
              196203.58810000028,
              537771.82550000027
            ],
            [
              196210.08380000014,
              537779.60680000298
            ],
            [
              196215.95270000212,
              537781.57950000092
            ],
            [
              196227.63760000095,
              537782.08510000259
            ],
            [
              196233.66330000293,
              537779.85210000165
            ],
            [
              196241.69059999939,
              537771.53130000271
            ],
            [
              196250.05710000079,
              537773.33190000243
            ],
            [
              196257.04470000323,
              537778.11119999923
            ],
            [
              196265.43259999994,
              537779.17970000021
            ],
            [
              196278.71130000241,
              537788.42259999923
            ],
            [
              196294.93560000043,
              537788.41530000232
            ],
            [
              196328.46110000182,
              537801.9328999985
            ],
            [
              196341.74130000174,
              537814.87539999932
            ],
            [
              196338.91339999996,
              537821.03480000421
            ],
            [
              196337.2005000012,
              537828.55920000374
            ],
            [
              196346.58230000269,
              537842.03580000252
            ],
            [
              196347.67520000227,
              537857.62460000068
            ],
            [
              196361.7107000025,
              537868.35730000213
            ],
            [
              196365.77010000218,
              537873.47340000048
            ],
            [
              196374.89930000063,
              537889.08730000444
            ],
            [
              196376.31580000278,
              537896.48120000213
            ],
            [
              196389.74280000106,
              537906.24610000104
            ],
            [
              196394.87880000006,
              537916.53790000081
            ],
            [
              196411.02960000187,
              537922.06740000099
            ],
            [
              196420.36400000099,
              537923.39350000024
            ],
            [
              196433.63740000036,
              537917.57380000316
            ],
            [
              196440.63940000068,
              537919.40130000003
            ],
            [
              196447.74190000258,
              537916.45860000327
            ],
            [
              196452.53050000034,
              537917.92280000076
            ],
            [
              196459.33010000177,
              537920.75890000351
            ],
            [
              196469.03650000039,
              537923.37280000001
            ],
            [
              196486.73940000124,
              537932.61409999989
            ],
            [
              196513.39829999954,
              537926.38819999993
            ],
            [
              196522.73099999968,
              537920.85850000195
            ],
            [
              196533.93070000038,
              537917.79620000161
            ],
            [
              196542.97360000014,
              537919.37070000358
            ],
            [
              196550.60449999943,
              537925.43810000271
            ],
            [
              196559.68510000035,
              537927.6377000045
            ],
            [
              196566.97210000269,
              537926.49530000053
            ],
            [
              196573.75729999971,
              537923.06440000422
            ],
            [
              196583.76000000071,
              537921.80230000429
            ],
            [
              196596.94120000117,
              537923.45180000179
            ],
            [
              196615.05800000206,
              537922.51820000261
            ],
            [
              196629.80080000125,
              537917.75690000318
            ],
            [
              196643.07519999985,
              537918.24239999987
            ],
            [
              196654.87370000035,
              537915.89699999988
            ],
            [
              196659.86969999969,
              537914.36040000059
            ],
            [
              196665.6782000009,
              537916.6229000017
            ],
            [
              196666.94439999945,
              537922.17380000278
            ],
            [
              196670.80200000014,
              537926.47500000149
            ],
            [
              196679.88370000012,
              537928.59740000218
            ],
            [
              196688.80280000158,
              537930.6817000024
            ],
            [
              196699.13090000302,
              537939.92640000209
            ],
            [
              196709.74980000034,
              537943.49550000206
            ],
            [
              196722.55320000276,
              537943.04260000214
            ],
            [
              196731.58130000066,
              537945.46290000156
            ],
            [
              196740.00330000091,
              537946.64670000039
            ],
            [
              196747.80830000155,
              537952.85569999926
            ]
          ]
        ]
      }
    },
    {
      "attributes" : {
        "FID" : 18,
        "PMNTN_SN" : 4566,
        "MNTN_CODE" : "116200904",
        "MNTN_NM" : "관악산학바위능선",
        "PMNTN_NM" : "신림동구간",
        "PMNTN_MAIN" : " ",
        "PMNTN_LT" : 0.17,
        "PMNTN_DFFL" : "쉬움",
        "PMNTN_UPPL" : 3,
        "PMNTN_GODN" : 2,
        "PMNTN_MTRQ" : " ",
        "PMNTN_CNRL" : " ",
        "PMNTN_CLS_" : " ",
        "PMNTN_RISK" : " ",
        "PMNTN_RECO" : " ",
        "DATA_STDR_" : "2016-12-31",
        "MNTN_ID" : "116200904"
      },
      "geometry" : {
        "paths" : [
          [
            [
              196747.80830000155,
              537952.85569999926
            ],
            [
              196754.69909999985,
              537965.5175000038
            ],
            [
              196763.05660000257,
              537991.21470000222
            ],
            [
              196767.06699999981,
              538004.87609999813
            ],
            [
              196771.81639999989,
              538015.01300000213
            ],
            [
              196777.33450000361,
              538024.9851000011
            ],
            [
              196775.86539999954,
              538039.78370000049
            ],
            [
              196811.27010000125,
              538058.26780000515
            ],
            [
              196830.45560000092,
              538089.70649999939
            ]
          ]
        ]
      }
    },
    {
      "attributes" : {
        "FID" : 19,
        "PMNTN_SN" : 4567,
        "MNTN_CODE" : "116200904",
        "MNTN_NM" : "관악산학바위능선",
        "PMNTN_NM" : "신림동구간",
        "PMNTN_MAIN" : " ",
        "PMNTN_LT" : 0.08,
        "PMNTN_DFFL" : "쉬움",
        "PMNTN_UPPL" : 1,
        "PMNTN_GODN" : 1,
        "PMNTN_MTRQ" : "암석/목재",
        "PMNTN_CNRL" : " ",
        "PMNTN_CLS_" : " ",
        "PMNTN_RISK" : " ",
        "PMNTN_RECO" : " ",
        "DATA_STDR_" : "2016-12-31",
        "MNTN_ID" : "116200904"
      },
      "geometry" : {
        "paths" : [
          [
            [
              196747.80830000155,
              537952.85569999926
            ],
            [
              196747.80830000155,
              537952.85569999926
            ],
            [
              196761.77340000123,
              537955.04959999956
            ],
            [
              196777.34450000059,
              537942.88250000216
            ],
            [
              196786.15039999969,
              537938.04260000028
            ],
            [
              196792.86280000024,
              537932.94739999995
            ],
            [
              196801.51040000282,
              537923.67349999957
            ],
            [
              196802.27929999959,
              537911.45749999955
            ]
          ]
        ]
      }
    },
    {
      "attributes" : {
        "FID" : 20,
        "PMNTN_SN" : 4568,
        "MNTN_CODE" : "116200904",
        "MNTN_NM" : "관악산학바위능선",
        "PMNTN_NM" : "신림동구간",
        "PMNTN_MAIN" : " ",
        "PMNTN_LT" : 0.09,
        "PMNTN_DFFL" : "쉬움",
        "PMNTN_UPPL" : 2,
        "PMNTN_GODN" : 1,
        "PMNTN_MTRQ" : "암석/목재",
        "PMNTN_CNRL" : " ",
        "PMNTN_CLS_" : " ",
        "PMNTN_RISK" : " ",
        "PMNTN_RECO" : " ",
        "DATA_STDR_" : "2016-12-31",
        "MNTN_ID" : "116200904"
      },
      "geometry" : {
        "paths" : [
          [
            [
              195833.8730000006,
              538565.98929999955
            ],
            [
              195834.66830000002,
              538554.17810000107
            ],
            [
              195839.66450000182,
              538548.8928999994
            ],
            [
              195844.67950000148,
              538532.47990000248
            ],
            [
              195852.90420000162,
              538519.82569999993
            ],
            [
              195866.63010000158,
              538512.93120000139
            ],
            [
              195884.97479999997,
              538502.94350000098
            ]
          ]
        ]
      }
    },
    {
      "attributes" : {
        "FID" : 21,
        "PMNTN_SN" : 4569,
        "MNTN_CODE" : "116200904",
        "MNTN_NM" : "관악산학바위능선",
        "PMNTN_NM" : "신림동구간",
        "PMNTN_MAIN" : " ",
        "PMNTN_LT" : 0.11,
        "PMNTN_DFFL" : "쉬움",
        "PMNTN_UPPL" : 2,
        "PMNTN_GODN" : 1,
        "PMNTN_MTRQ" : "암석/목재",
        "PMNTN_CNRL" : " ",
        "PMNTN_CLS_" : " ",
        "PMNTN_RISK" : " ",
        "PMNTN_RECO" : " ",
        "DATA_STDR_" : "2016-12-31",
        "MNTN_ID" : "116200904"
      },
      "geometry" : {
        "paths" : [
          [
            [
              195804.21889999975,
              538667.19150000252
            ],
            [
              195816.00610000174,
              538641.3844000008
            ],
            [
              195833.89330000151,
              538606.68420000002
            ],
            [
              195833.8730000006,
              538565.98929999955
            ]
          ]
        ]
      }
    },
    {
      "attributes" : {
        "FID" : 22,
        "PMNTN_SN" : 4570,
        "MNTN_CODE" : "116200904",
        "MNTN_NM" : "관악산학바위능선",
        "PMNTN_NM" : "신림동구간",
        "PMNTN_MAIN" : " ",
        "PMNTN_LT" : 0.38,
        "PMNTN_DFFL" : "쉬움",
        "PMNTN_UPPL" : 7,
        "PMNTN_GODN" : 5,
        "PMNTN_MTRQ" : "암석/목재",
        "PMNTN_CNRL" : " ",
        "PMNTN_CLS_" : " ",
        "PMNTN_RISK" : " ",
        "PMNTN_RECO" : " ",
        "DATA_STDR_" : "2016-12-31",
        "MNTN_ID" : "116200904"
      },
      "geometry" : {
        "paths" : [
          [
            [
              195884.97479999997,
              538502.94350000098
            ],
            [
              195895.56490000058,
              538478.56530000269
            ],
            [
              195886.6995000029,
              538445.27380000055
            ],
            [
              195895.53390000202,
              538415.67320000194
            ],
            [
              195883.72879999969,
              538402.73070000298
            ],
            [
              195880.76910000015,
              538382.38460000046
            ],
            [
              195892.56049999967,
              538367.58070000261
            ],
            [
              195902.86899999995,
              538336.12960000336
            ],
            [
              195894.22339999955,
              538302.06540000066
            ],
            [
              195903.24490000028,
              538292.05130000226
            ],
            [
              195910.37500000186,
              538287.24060000107
            ],
            [
              195916.5931000011,
              538278.01260000095
            ],
            [
              195915.51350000035,
              538263.74550000019
            ],
            [
              195922.03890000284,
              538255.0252000019
            ],
            [
              195920.66200000234,
              538244.41770000011
            ],
            [
              195914.8208000008,
              538236.19590000249
            ],
            [
              195910.38439999986,
              538212.15110000223
            ],
            [
              195916.51530000102,
              538197.15079999901
            ],
            [
              195926.29580000229,
              538192.37420000136
            ],
            [
              195927.86639999971,
              538182.58669999987
            ],
            [
              195924.90409999993,
              538156.69139999896
            ]
          ]
        ]
      }
    },
    {
      "attributes" : {
        "FID" : 23,
        "PMNTN_SN" : 4571,
        "MNTN_CODE" : "116200904",
        "MNTN_NM" : "관악산학바위능선",
        "PMNTN_NM" : "신림동구간",
        "PMNTN_MAIN" : " ",
        "PMNTN_LT" : 0.07,
        "PMNTN_DFFL" : "쉬움",
        "PMNTN_UPPL" : 1,
        "PMNTN_GODN" : 1,
        "PMNTN_MTRQ" : "암석/목재",
        "PMNTN_CNRL" : " ",
        "PMNTN_CLS_" : " ",
        "PMNTN_RISK" : " ",
        "PMNTN_RECO" : " ",
        "DATA_STDR_" : "2016-12-31",
        "MNTN_ID" : "116200904"
      },
      "geometry" : {
        "paths" : [
          [
            [
              195773.28200000245,
              538730.19480000064
            ],
            [
              195783.64350000024,
              538714.1352000013
            ],
            [
              195791.57990000024,
              538706.31770000421
            ],
            [
              195797.91820000019,
              538701.17000000365
            ],
            [
              195802.42589999922,
              538691.22670000233
            ],
            [
              195801.4523,
              538682.16020000353
            ],
            [
              195805.55020000134,
              538676.75779999979
            ],
            [
              195804.21889999975,
              538667.19150000252
            ]
          ]
        ]
      }
    }
  ]
}