{
  "displayFieldName" : "",
  "fieldAliases" : {
    "FID" : "FID",
    "PMNTN_SN" : "PMNTN_SN",
    "MNTN_CODE" : "MNTN_CODE",
    "MNTN_NM" : "MNTN_NM",
    "PMNTN_NM" : "PMNTN_NM",
    "PMNTN_MAIN" : "PMNTN_MAIN",
    "PMNTN_LT" : "PMNTN_LT",
    "PMNTN_DFFL" : "PMNTN_DFFL",
    "PMNTN_UPPL" : "PMNTN_UPPL",
    "PMNTN_GODN" : "PMNTN_GODN",
    "PMNTN_MTRQ" : "PMNTN_MTRQ",
    "PMNTN_CNRL" : "PMNTN_CNRL",
    "PMNTN_CLS_" : "PMNTN_CLS_",
    "PMNTN_RISK" : "PMNTN_RISK",
    "PMNTN_RECO" : "PMNTN_RECO",
    "DATA_STDR_" : "DATA_STDR_",
    "MNTN_ID" : "MNTN_ID"
  },
  "geometryType" : "esriGeometryPolyline",
  "spatialReference" : {
    "wkt" : "PROJCS[\"PCS_ITRF2000_TM\",GEOGCS[\"GCS_ITRF_2000\",DATUM[\"D_ITRF_2000\",SPHEROID[\"GRS_1980\",6378137.0,298.257222101]],PRIMEM[\"Greenwich\",0.0],UNIT[\"Degree\",0.0174532925199433]],PROJECTION[\"Transverse_Mercator\"],PARAMETER[\"False_Easting\",200000.0],PARAMETER[\"False_Northing\",600000.0],PARAMETER[\"Central_Meridian\",127.0],PARAMETER[\"Scale_Factor\",1.0],PARAMETER[\"Latitude_Of_Origin\",38.0],UNIT[\"Meter\",1.0]]"
  },
  "fields" : [
    {
      "name" : "FID",
      "type" : "esriFieldTypeOID",
      "alias" : "FID"
    },
    {
      "name" : "PMNTN_SN",
      "type" : "esriFieldTypeDouble",
      "alias" : "PMNTN_SN"
    },
    {
      "name" : "MNTN_CODE",
      "type" : "esriFieldTypeString",
      "alias" : "MNTN_CODE",
      "length" : 9
    },
    {
      "name" : "MNTN_NM",
      "type" : "esriFieldTypeString",
      "alias" : "MNTN_NM",
      "length" : 50
    },
    {
      "name" : "PMNTN_NM",
      "type" : "esriFieldTypeString",
      "alias" : "PMNTN_NM",
      "length" : 50
    },
    {
      "name" : "PMNTN_MAIN",
      "type" : "esriFieldTypeString",
      "alias" : "PMNTN_MAIN",
      "length" : 200
    },
    {
      "name" : "PMNTN_LT",
      "type" : "esriFieldTypeSingle",
      "alias" : "PMNTN_LT"
    },
    {
      "name" : "PMNTN_DFFL",
      "type" : "esriFieldTypeString",
      "alias" : "PMNTN_DFFL",
      "length" : 8
    },
    {
      "name" : "PMNTN_UPPL",
      "type" : "esriFieldTypeDouble",
      "alias" : "PMNTN_UPPL"
    },
    {
      "name" : "PMNTN_GODN",
      "type" : "esriFieldTypeDouble",
      "alias" : "PMNTN_GODN"
    },
    {
      "name" : "PMNTN_MTRQ",
      "type" : "esriFieldTypeString",
      "alias" : "PMNTN_MTRQ",
      "length" : 200
    },
    {
      "name" : "PMNTN_CNRL",
      "type" : "esriFieldTypeString",
      "alias" : "PMNTN_CNRL",
      "length" : 1
    },
    {
      "name" : "PMNTN_CLS_",
      "type" : "esriFieldTypeString",
      "alias" : "PMNTN_CLS_",
      "length" : 1
    },
    {
      "name" : "PMNTN_RISK",
      "type" : "esriFieldTypeString",
      "alias" : "PMNTN_RISK",
      "length" : 200
    },
    {
      "name" : "PMNTN_RECO",
      "type" : "esriFieldTypeString",
      "alias" : "PMNTN_RECO",
      "length" : 1
    },
    {
      "name" : "DATA_STDR_",
      "type" : "esriFieldTypeString",
      "alias" : "DATA_STDR_",
      "length" : 10
    },
    {
      "name" : "MNTN_ID",
      "type" : "esriFieldTypeString",
      "alias" : "MNTN_ID",
      "length" : 10
    }
  ],
  "features" : [
    {
      "attributes" : {
        "FID" : 0,
        "PMNTN_SN" : 46870,
        "MNTN_CODE" : "468301201",
        "MNTN_NM" : "주지봉",
        "PMNTN_NM" : "도갑리구간",
        "PMNTN_MAIN" : " ",
        "PMNTN_LT" : 4.76,
        "PMNTN_DFFL" : "쉬움",
        "PMNTN_UPPL" : 84,
        "PMNTN_GODN" : 59,
        "PMNTN_MTRQ" : " ",
        "PMNTN_CNRL" : " ",
        "PMNTN_CLS_" : " ",
        "PMNTN_RISK" : " ",
        "PMNTN_RECO" : "Y",
        "DATA_STDR_" : "2016-12-31",
        "MNTN_ID" : "468301201"
      },
      "geometry" : {
        "paths" : [
          [
            [
              166203.8152999999,
              239877.23870000429
            ],
            [
              166222.62290000077,
              239869.88770000637
            ],
            [
              166233.80479999911,
              239842.23589999974
            ],
            [
              166232.831100001,
              239834.45130000263
            ],
            [
              166236.68330000155,
              239830.91480000317
            ],
            [
              166239.07210000325,
              239827.38929999806
            ],
            [
              166241.32090000249,
              239818.88900000229
            ],
            [
              166236.3574000001,
              239802.49970000423
            ],
            [
              166230.16779999994,
              239790.66120000184
            ],
            [
              166226.07770000026,
              239782.63010000065
            ],
            [
              166224.13660000172,
              239773.00100000203
            ],
            [
              166220.60310000088,
              239759.81920000166
            ],
            [
              166218.79700000212,
              239757.33650000207
            ],
            [
              166220.77740000002,
              239751.31550000235
            ],
            [
              166221.99340000004,
              239741.76910000108
            ],
            [
              166225.02020000014,
              239735.02920000069
            ],
            [
              166222.57290000375,
              239727.72540000081
            ],
            [
              166220.89600000158,
              239722.72120000049
            ],
            [
              166219.64430000354,
              239718.98560000025
            ],
            [
              166219.74080000166,
              239716.38790000044
            ],
            [
              166223.03260000236,
              239711.39800000191
            ],
            [
              166229.60580000188,
              239699.22710000165
            ],
            [
              166230.65750000067,
              239694.56200000271
            ],
            [
              166230.1119000027,
              239688.43420000374
            ],
            [
              166229.25119999982,
              239678.76690000296
            ],
            [
              166229.90330000035,
              239673.75029999949
            ],
            [
              166237.17200000305,
              239668.19000000134
            ],
            [
              166248.31940000039,
              239656.2592999991
            ],
            [
              166253.91270000301,
              239644.86040000431
            ],
            [
              166255.68600000069,
              239634.79350000247
            ],
            [
              166258.18330000062,
              239622.59659999982
            ],
            [
              166263.35680000205,
              239613.52979999967
            ],
            [
              166273.93630000204,
              239605.51549999975
            ],
            [
              166294.834900002,
              239586.75180000253
            ],
            [
              166308.39530000184,
              239573.93850000016
            ],
            [
              166314.42729999963,
              239565.95650000311
            ],
            [
              166318.82919999957,
              239556.77470000274
            ],
            [
              166318.49860000052,
              239550.32740000449
            ],
            [
              166319.19690000173,
              239544.00630000047
            ],
            [
              166321.24130000081,
              239539.25600000098
            ],
            [
              166325.65270000044,
              239533.98180000111
            ],
            [
              166327.39810000174,
              239525.07059999742
            ],
            [
              166326.16940000094,
              239520.23840000294
            ],
            [
              166329.80050000176,
              239516.8682000041
            ],
            [
              166329.17160000093,
              239511.86759999953
            ],
            [
              166328.52760000061,
              239507.52219999954
            ],
            [
              166330.69660000131,
              239505.55970000103
            ],
            [
              166333.63129999954,
              239504.12570000067
            ],
            [
              166338.03019999992,
              239503.12540000118
            ],
            [
              166344.71570000332,
              239487.51520000212
            ],
            [
              166345.54650000017,
              239484.8599999994
            ],
            [
              166384.68480000086,
              239441.68710000068
            ],
            [
              166415.9999000011,
              239408.32230000384
            ],
            [
              166472.8505000025,
              239372.90849999897
            ],
            [
              166523.84990000073,
              239349.25180000439
            ],
            [
              166565.05380000174,
              239333.45460000634
            ],
            [
              166571.88699999917,
              239328.46020000055
            ],
            [
              166575.73639999982,
              239322.59559999965
            ],
            [
              166583.88370000105,
              239320.41479999945
            ],
            [
              166592.57129999995,
              239319.49800000153
            ],
            [
              166599.16130000167,
              239313.65630000085
            ],
            [
              166605.87939999998,
              239307.58059999906
            ],
            [
              166613.36160000134,
              239307.5420000013
            ],
            [
              166621.98010000121,
              239302.37790000252
            ],
            [
              166625.56930000335,
              239301.68129999936
            ],
            [
              166631.22050000075,
              239300.79419999942
            ],
            [
              166636.90500000119,
              239298.7862000037
            ],
            [
              166643.51830000058,
              239297.96309999935
            ],
            [
              166671.50779999979,
              239293.13660000078
            ],
            [
              166673.8449000027,
              239286.3319000043
            ],
            [
              166683.78740000073,
              239285.56820000149
            ],
            [
              166693.17920000199,
              239282.02410000004
            ],
            [
              166701.89180000126,
              239281.49280000106
            ],
            [
              166714.40610000212,
              239281.51050000265
            ],
            [
              166723.89890000038,
              239282.43329999968
            ],
            [
              166747.58270000014,
              239278.02709999867
            ],
            [
              166782.92109999992,
              239270.07580000162
            ],
            [
              166793.3199000014,
              239266.04590000026
            ],
            [
              166798.10660000052,
              239260.36110000499
            ],
            [
              166804.13390000071,
              239253.34029999934
            ],
            [
              166820.17509999964,
              239248.42600000277
            ],
            [
              166857.45030000154,
              239232.64409999922
            ],
            [
              166866.41220000386,
              239229.86260000244
            ],
            [
              166890.79780000169,
              239219.89110000245
            ],
            [
              166928.10670000035,
              239210.87450000085
            ],
            [
              166965.37529999949,
              239193.13709999993
            ],
            [
              166981.23890000116,
              239185.39609999955
            ],
            [
              166983.79440000001,
              239184.54670000076
            ],
            [
              166987.3984000003,
              239186.73870000057
            ],
            [
              166991.21340000071,
              239188.98610000126
            ],
            [
              166995.65770000219,
              239187.75819999911
            ],
            [
              167002.01169999968,
              239183.02900000662
            ],
            [
              167015.48900000006,
              239177.30750000104
            ],
            [
              167019.81260000076,
              239176.06360000186
            ],
            [
              167065.44170000404,
              239153.65920000337
            ],
            [
              167100.73890000395,
              239133.97340000048
            ],
            [
              167121.76049999986,
              239127.9132000003
            ],
            [
              167141.9561999999,
              239122.61960000172
            ],
            [
              167151.37710000016,
              239122.9531000033
            ],
            [
              167164.87030000053,
              239120.91990000568
            ],
            [
              167180.2098000031,
              239118.42360000126
            ],
            [
              167194.99580000155,
              239117.98920000158
            ],
            [
              167228.3981999997,
              239117.8702000007
            ],
            [
              167271.60399999935,
              239111.84850000031
            ],
            [
              167304.19480000064,
              239105.42300000601
            ],
            [
              167310.18099999987,
              239102.04070000164
            ],
            [
              167328.5429999996,
              239099.91040000319
            ],
            [
              167375.67170000169,
              239091.91940000094
            ],
            [
              167411.00450000074,
              239082.01430000365
            ],
            [
              167442.40070000011,
              239070.16730000079
            ],
            [
              167471.80439999979,
              239050.50359999947
            ],
            [
              167501.2359000016,
              239038.66360000148
            ],
            [
              167526.69630000088,
              239015.10190000199
            ],
            [
              167550.21270000003,
              238997.41499999911
            ],
            [
              167581.52670000307,
              238962.09660000168
            ],
            [
              167593.21270000003,
              238932.71529999748
            ],
            [
              167610.77970000263,
              238899.40130000375
            ],
            [
              167620.48030000087,
              238864.15870000236
            ],
            [
              167624.28630000073,
              238828.93690000288
            ],
            [
              167626.15500000212,
              238801.54580000229
            ],
            [
              167625.57930000406,
              238790.8235000018
            ],
            [
              167631.68989999965,
              238784.26750000194
            ],
            [
              167639.72360000107,
              238779.91620000079
            ],
            [
              167651.19360000081,
              238781.54049999826
            ],
            [
              167661.44779999927,
              238779.90530000255
            ],
            [
              167692.88650000188,
              238779.7949000001
            ],
            [
              167708.54290000163,
              238776.15550000034
            ],
            [
              167719.23460000101,
              238772.89760000445
            ],
            [
              167727.29910000134,
              238779.55969999917
            ],
            [
              167735.34820000082,
              238784.17580000125
            ],
            [
              167739.72710000351,
              238788.3060999997
            ],
            [
              167747.78450000286,
              238787.49080000073
            ],
            [
              167751.27360000089,
              238788.60400000215
            ],
            [
              167755.34950000048,
              238787.84550000168
            ],
            [
              167762.77879999951,
              238789.41190000251
            ],
            [
              167770.46910000127,
              238792.84350000136
            ],
            [
              167780.10670000035,
              238799.70480000228
            ],
            [
              167788.75790000241,
              238808.35290000215
            ],
            [
              167794.94370000064,
              238810.72240000218
            ],
            [
              167794.4738000026,
              238816.25750000216
            ],
            [
              167795.40890000202,
              238820.66660000198
            ],
            [
              167801.13470000122,
              238826.99330000021
            ],
            [
              167807.21200000122,
              238828.72180000134
            ],
            [
              167823.59140000027,
              238839.4645000007
            ],
            [
              167823.73890000116,
              238845.628800001
            ],
            [
              167827.35819999967,
              238847.09479999915
            ],
            [
              167831.35950000025,
              238847.7931999974
            ],
            [
              167834.24950000178,
              238845.65729999915
            ],
            [
              167837.58050000016,
              238846.2368999999
            ],
            [
              167843.78290000185,
              238847.73909999989
            ],
            [
              167846.77090000082,
              238851.09910000116
            ],
            [
              167846.46640000027,
              238854.16980000213
            ],
            [
              167849.43100000266,
              238855.97940000147
            ],
            [
              167854.86649999954,
              238856.35969999991
            ],
            [
              167857.95960000064,
              238856.84570000134
            ],
            [
              167861.33029999956,
              238860.49680000171
            ],
            [
              167863.86720000207,
              238863.51090000384
            ],
            [
              167869.56680000015,
              238860.53839999996
            ],
            [
              167874.0943,
              238861.60250000097
            ],
            [
              167875.92440000083,
              238865.2199000027
            ],
            [
              167879.07730000187,
              238870.16460000165
            ],
            [
              167880.16110000107,
              238875.70370000228
            ],
            [
              167883.3563000001,
              238878.78729999997
            ],
            [
              167888.10680000018,
              238885.20800000243
            ],
            [
              167887.21800000034,
              238896.61759999953
            ],
            [
              167883.75890000351,
              238901.9935999997
            ],
            [
              167877.39290000033,
              238910.42810000107
            ],
            [
              167869.60180000216,
              238937.32750000246
            ],
            [
              167865.40470000356,
              238952.31220000237
            ],
            [
              167866.51270000171,
              238976.69409999996
            ],
            [
              167866.36880000122,
              238996.87529999949
            ],
            [
              167861.14530000277,
              239023.56770000048
            ],
            [
              167856.18360000011,
              239032.95360000618
            ],
            [
              167848.69780000206,
              239043.44180000201
            ],
            [
              167838.57490000036,
              239054.53099999949
            ],
            [
              167807.86420000251,
              239068.88190000132
            ],
            [
              167782.36899999902,
              239082.66299999878
            ],
            [
              167760.84460000042,
              239108.16610000096
            ],
            [
              167737.36930000037,
              239137.58790000156
            ],
            [
              167713.8255000012,
              239147.45020000264
            ],
            [
              167698.0718000019,
              239166.56590000167
            ],
            [
              167692.38379999995,
              239196.42460000142
            ],
            [
              167685.39810000081,
              239228.50160000101
            ],
            [
              167680.81360000186,
              239232.05639999919
            ],
            [
              167678.1520000007,
              239240.17680000141
            ],
            [
              167676.02020000201,
              239248.45820000209
            ],
            [
              167671.30510000046,
              239260.84820000082
            ],
            [
              167668.58059999999,
              239266.15160000138
            ],
            [
              167669.39070000127,
              239272.15520000271
            ],
            [
              167670.66320000216,
              239275.9701000005
            ],
            [
              167667.95270000212,
              239280.5700000003
            ],
            [
              167663.41610000283,
              239281.89090000093
            ],
            [
              167658.90230000112,
              239285.14220000058
            ],
            [
              167655.49280000385,
              239290.68840000033
            ],
            [
              167655.48939999938,
              239296.97020000033
            ],
            [
              167653.1082000006,
              239301.98819999956
            ],
            [
              167651.24280000292,
              239308.01520000026
            ],
            [
              167652.17230000068,
              239310.35910000093
            ],
            [
              167649.91290000267,
              239314.07940000296
            ],
            [
              167651.86519999988,
              239316.63040000014
            ],
            [
              167649.63180000242,
              239322.55770000257
            ],
            [
              167654.57390000019,
              239327.45270000398
            ],
            [
              167660.88290000055,
              239348.87870000303
            ],
            [
              167664.57880000118,
              239361.05470000394
            ],
            [
              167663.43340000138,
              239371.53930000216
            ],
            [
              167664.07540000323,
              239377.89279999956
            ],
            [
              167662.53980000131,
              239380.19810000248
            ],
            [
              167659.62090000231,
              239378.44170000404
            ],
            [
              167657.21730000246,
              239380.02250000089
            ],
            [
              167653.58630000241,
              239397.99200000241
            ],
            [
              167649.90690000076,
              239409.7704000026
            ],
            [
              167643.15350000281,
              239431.55090000108
            ],
            [
              167640.02680000011,
              239434.20120000467
            ],
            [
              167637.27770000324,
              239441.87860000134
            ],
            [
              167638.54080000054,
              239446.28920000046
            ],
            [
              167644.25619999971,
              239452.0802000016
            ],
            [
              167646.33760000207,
              239451.88860000111
            ],
            [
              167651.83710000012,
              239452.3189000003
            ],
            [
              167653.66270000208,
              239458.25040000118
            ],
            [
              167655.81490000244,
              239463.18219999969
            ],
            [
              167657.12970000226,
              239468.2329000067
            ],
            [
              167658.13099999912,
              239473.23720000125
            ],
            [
              167659.81020000111,
              239475.91640000045
            ],
            [
              167659.5449000001,
              239479.70840000175
            ],
            [
              167658.35560000129,
              239480.95090000145
            ],
            [
              167654.118300003,
              239489.94760000333
            ],
            [
              167638.7165000001,
              239579.97240000218
            ],
            [
              167638.74430000409,
              239585.8545000013
            ],
            [
              167638.13700000104,
              239592.26899999939
            ],
            [
              167641.59810000006,
              239596.16070000269
            ],
            [
              167645.00339999981,
              239600.43969999999
            ],
            [
              167650.59440000076,
              239605.35700000077
            ],
            [
              167653.53190000076,
              239611.84000000171
            ],
            [
              167657.82380000222,
              239624.11810000241
            ],
            [
              167658.89900000021,
              239630.06570000201
            ],
            [
              167659.84510000143,
              239635.63670000061
            ],
            [
              167659.22090000194,
              239639.10090000182
            ],
            [
              167659.59470000304,
              239642.72930000164
            ],
            [
              167662.5857000025,
              239646.6695000045
            ],
            [
              167666.8095000023,
              239651.79900000058
            ],
            [
              167668.52689999994,
              239656.56580000184
            ],
            [
              167674.47360000294,
              239691.33090000413
            ],
            [
              167682.45610000193,
              239726.50810000114
            ],
            [
              167714.01499999966,
              239761.60250000097
            ],
            [
              167722.72030000109,
              239791.31140000187
            ],
            [
              167723.8107000012,
              239795.78830000013
            ],
            [
              167725.95430000219,
              239804.58890000358
            ],
            [
              167722.26270000171,
              239814.89440000243
            ],
            [
              167716.54339999985,
              239824.99379999936
            ],
            [
              167712.14690000191,
              239832.09820000082
            ],
            [
              167708.23560000211,
              239834.60290000401
            ],
            [
              167698.42120000161,
              239837.19780000299
            ],
            [
              167682.84759999998,
              239837.98919999972
            ],
            [
              167666.6538000023,
              239842.74290000089
            ],
            [
              167647.53120000008,
              239851.80400000326
            ],
            [
              167638.36840000004,
              239861.28990000114
            ],
            [
              167633.25250000414,
              239864.20080000348
            ],
            [
              167626.83660000376,
              239871.91970000416
            ],
            [
              167624.05810000002,
              239881.2237999998
            ],
            [
              167615.8833000008,
              239887.32700000145
            ],
            [
              167609.14110000059,
              239891.98289999925
            ],
            [
              167603.17960000224,
              239898.27270000242
            ],
            [
              167596.73280000035,
              239909.14480000362
            ],
            [
              167590.1185999997,
              239914.13280000351
            ],
            [
              167585.9401000021,
              239918.18930000439
            ],
            [
              167582.43390000053,
              239925.33540000208
            ],
            [
              167577.73539999966,
              239930.37390000001
            ],
            [
              167576.26400000136,
              239938.93620000221
            ],
            [
              167575.99960000068,
              239944.17580000125
            ],
            [
              167569.21590000018,
              239950.78600000218
            ],
            [
              167551.70960000064,
              239979.26870000362
            ],
            [
              167551.06109999958,
              239989.13389999978
            ],
            [
              167553.73350000009,
              239992.29370000213
            ],
            [
              167551.50200000033,
              240000.96939999983
            ],
            [
              167548.30380000174,
              240008.45450000465
            ],
            [
              167550.62950000167,
              240013.71880000271
            ],
            [
              167547.9803000018,
              240035.99960000254
            ],
            [
              167552.0203999998,
              240059.61889999919
            ],
            [
              167554.22420000006,
              240066.31890000217
            ],
            [
              167557.93439999968,
              240071.15359999985
            ],
            [
              167559.78129999992,
              240076.76850000024
            ],
            [
              167559.66910000052,
              240081.94150000252
            ],
            [
              167558.01040000003,
              240094.63740000129
            ],
            [
              167564.0560000008,
              240137.64280000143
            ],
            [
              167563.83740000054,
              240142.40390000306
            ],
            [
              167562.93540000077,
              240150.16830000281
            ],
            [
              167559.89390000235,
              240157.01730000041
            ],
            [
              167548.49760000128,
              240182.6799999997
            ],
            [
              167540.78390000202,
              240223.7778000012
            ],
            [
              167527.14900000393,
              240257.07349999994
            ],
            [
              167517.42949999962,
              240286.44370000809
            ],
            [
              167501.80950000044,
              240313.87900000252
            ],
            [
              167487.53670000099,
              240324.66110000014
            ],
            [
              167475.86930000223,
              240330.57010000013
            ],
            [
              167465.21340000164,
              240338.48090000078
            ],
            [
              167460.31819999963,
              240341.06700000353
            ],
            [
              167459.03850000072,
              240344.72010000236
            ],
            [
              167453.94640000071,
              240347.06849999912
            ],
            [
              167443.38850000221,
              240351.89619999938
            ],
            [
              167439.96540000103,
              240354.15860000253
            ],
            [
              167430.97609999962,
              240356.58440000191
            ],
            [
              167412.53210000321,
              240358.3040000014
            ],
            [
              167404.82430000324,
              240361.50049999915
            ],
            [
              167387.41089999955,
              240360.04110000096
            ],
            [
              167377.3816000009,
              240360.77890000306
            ],
            [
              167370.23190000188,
              240360.87470000237
            ],
            [
              167360.90650000051,
              240358.40630000457
            ],
            [
              167344.77390000038,
              240351.59359999932
            ],
            [
              167313.37530000135,
              240361.48360000178
            ],
            [
              167268.224700002,
              240371.42270000093
            ],
            [
              167238.80470000394,
              240385.2173999995
            ],
            [
              167231.75330000184,
              240390.64360000193
            ],
            [
              167227.82780000195,
              240399.12429999933
            ],
            [
              167226.87340000086,
              240405.79680000246
            ],
            [
              167223.20520000067,
              240418.78460000083
            ],
            [
              167220.1352000013,
              240428.13430000097
            ],
            [
              167215.47360000014,
              240453.74990000203
            ],
            [
              167203.90720000118,
              240487.02590000257
            ],
            [
              167205.82330000028,
              240494.52000000142
            ],
            [
              167204.52210000157,
              240504.03639999963
            ],
            [
              167206.9626000002,
              240509.05230000056
            ],
            [
              167209.00160000008,
              240515.06590000167
            ],
            [
              167208.87170000095,
              240519.74960000068
            ],
            [
              167205.9158000024,
              240528.09999999963
            ],
            [
              167207.46580000035,
              240534.01320000179
            ],
            [
              167206.87740000151,
              240538.17860000208
            ],
            [
              167210.01210000087,
              240575.02160000056
            ],
            [
              167217.98180000018,
              240606.28379999846
            ],
            [
              167245.55480000004,
              240625.74220000021
            ],
            [
              167252.43809999991,
              240625.19350000285
            ],
            [
              167257.63080000225,
              240625.08040000126
            ],
            [
              167262.92660000362,
              240626.76730000228
            ],
            [
              167267.5950000016,
              240630.94230000302
            ],
            [
              167273.17640000023,
              240639.54839999974
            ],
            [
              167273.30670000054,
              240646.19580000266
            ],
            [
              167275.47680000123,
              240655.17060000077
            ],
            [
              167283.61540000048,
              240667.73670000024
            ],
            [
              167281.93429999985,
              240676.83260000125
            ],
            [
              167285.09169999976,
              240681.43550000153
            ],
            [
              167290.80929999985,
              240687.47100000083
            ],
            [
              167288.0820000032,
              240692.81400000118
            ],
            [
              167289.57459999993,
              240697.76250000112
            ],
            [
              167291.62970000226,
              240702.4357000012
            ],
            [
              167291.52230000123,
              240708.51449999958
            ],
            [
              167289.60940000415,
              240712.1568
            ],
            [
              167290.50330000091,
              240716.1883000005
            ],
            [
              167289.1221000012,
              240723.3694000002
            ],
            [
              167287.83080000151,
              240728.92740000412
            ],
            [
              167285.44199999981,
              240733.61099999771
            ],
            [
              167287.2629000023,
              240737.3571000006
            ],
            [
              167287.87630000152,
              240741.21299999766
            ],
            [
              167287.30500000156,
              240744.96660000272
            ],
            [
              167285.54810000025,
              240748.80760000274
            ],
            [
              167282.74700000416,
              240759.14310000278
            ]
          ]
        ]
      }
    }
  ]
}