{
  "displayFieldName" : "",
  "fieldAliases" : {
    "FID" : "FID",
    "PMNTN_SPOT" : "PMNTN_SPOT",
    "MNTN_CODE" : "MNTN_CODE",
    "MANAGE_SP1" : "MANAGE_SP1",
    "MANAGE_SP2" : "MANAGE_SP2",
    "DETAIL_SPO" : "DETAIL_SPO",
    "ETC_MATTER" : "ETC_MATTER",
    "MNTN_NM" : "MNTN_NM",
    "PAST_SPOT_" : "PAST_SPOT_",
    "MNTN_ID" : "MNTN_ID"
  },
  "geometryType" : "esriGeometryPoint",
  "spatialReference" : {
    "wkt" : "PROJCS[\"PCS_ITRF2000_TM\",GEOGCS[\"GCS_ITRF_2000\",DATUM[\"D_ITRF_2000\",SPHEROID[\"GRS_1980\",6378137.0,298.257222101]],PRIMEM[\"Greenwich\",0.0],UNIT[\"Degree\",0.0174532925199433]],PROJECTION[\"Transverse_Mercator\"],PARAMETER[\"False_Easting\",200000.0],PARAMETER[\"False_Northing\",600000.0],PARAMETER[\"Central_Meridian\",127.0],PARAMETER[\"Scale_Factor\",1.0],PARAMETER[\"Latitude_Of_Origin\",38.0],UNIT[\"Meter\",1.0]]"
  },
  "fields" : [
    {
      "name" : "FID",
      "type" : "esriFieldTypeOID",
      "alias" : "FID"
    },
    {
      "name" : "PMNTN_SPOT",
      "type" : "esriFieldTypeDouble",
      "alias" : "PMNTN_SPOT"
    },
    {
      "name" : "MNTN_CODE",
      "type" : "esriFieldTypeString",
      "alias" : "MNTN_CODE",
      "length" : 9
    },
    {
      "name" : "MANAGE_SP1",
      "type" : "esriFieldTypeString",
      "alias" : "MANAGE_SP1",
      "length" : 2
    },
    {
      "name" : "MANAGE_SP2",
      "type" : "esriFieldTypeString",
      "alias" : "MANAGE_SP2",
      "length" : 50
    },
    {
      "name" : "DETAIL_SPO",
      "type" : "esriFieldTypeString",
      "alias" : "DETAIL_SPO",
      "length" : 200
    },
    {
      "name" : "ETC_MATTER",
      "type" : "esriFieldTypeString",
      "alias" : "ETC_MATTER",
      "length" : 200
    },
    {
      "name" : "MNTN_NM",
      "type" : "esriFieldTypeString",
      "alias" : "MNTN_NM",
      "length" : 50
    },
    {
      "name" : "PAST_SPOT_",
      "type" : "esriFieldTypeString",
      "alias" : "PAST_SPOT_",
      "length" : 14
    },
    {
      "name" : "MNTN_ID",
      "type" : "esriFieldTypeString",
      "alias" : "MNTN_ID",
      "length" : 10
    }
  ],
  "features" : [
    {
      "attributes" : {
        "FID" : 0,
        "PMNTN_SPOT" : 57475,
        "MNTN_CODE" : "441801301",
        "MANAGE_SP1" : "99",
        "MANAGE_SP2" : "기타",
        "DETAIL_SPO" : "기타",
        "ETC_MATTER" : " ",
        "MNTN_NM" : "아미산",
        "PAST_SPOT_" : "24060813000001",
        "MNTN_ID" : "2406081300"
      },
      "geometry" : {
        "x" : 171754.40149999969,
        "y" : 409289.2583000008
      }
    },
    {
      "attributes" : {
        "FID" : 1,
        "PMNTN_SPOT" : 57476,
        "MNTN_CODE" : "441801301",
        "MANAGE_SP1" : "99",
        "MANAGE_SP2" : "기타",
        "DETAIL_SPO" : "기타",
        "ETC_MATTER" : " ",
        "MNTN_NM" : "아미산",
        "PAST_SPOT_" : "24060813000002",
        "MNTN_ID" : "2406081300"
      },
      "geometry" : {
        "x" : 171903.96320000105,
        "y" : 409181.42400000058
      }
    },
    {
      "attributes" : {
        "FID" : 2,
        "PMNTN_SPOT" : 57477,
        "MNTN_CODE" : "441801301",
        "MANAGE_SP1" : "99",
        "MANAGE_SP2" : "기타",
        "DETAIL_SPO" : "기타",
        "ETC_MATTER" : " ",
        "MNTN_NM" : "아미산",
        "PAST_SPOT_" : "24060813000003",
        "MNTN_ID" : "2406081300"
      },
      "geometry" : {
        "x" : 171975.73590000067,
        "y" : 409136.93020000122
      }
    },
    {
      "attributes" : {
        "FID" : 3,
        "PMNTN_SPOT" : 57478,
        "MNTN_CODE" : "441801301",
        "MANAGE_SP1" : "99",
        "MANAGE_SP2" : "기타",
        "DETAIL_SPO" : "기타",
        "ETC_MATTER" : " ",
        "MNTN_NM" : "아미산",
        "PAST_SPOT_" : "24060813000004",
        "MNTN_ID" : "2406081300"
      },
      "geometry" : {
        "x" : 172159.18210000079,
        "y" : 409079.2695000004
      }
    },
    {
      "attributes" : {
        "FID" : 4,
        "PMNTN_SPOT" : 57479,
        "MNTN_CODE" : "441801301",
        "MANAGE_SP1" : "99",
        "MANAGE_SP2" : "기타",
        "DETAIL_SPO" : "기타",
        "ETC_MATTER" : " ",
        "MNTN_NM" : "아미산",
        "PAST_SPOT_" : "24060813000005",
        "MNTN_ID" : "2406081300"
      },
      "geometry" : {
        "x" : 172588.2491000006,
        "y" : 409529.68790000305
      }
    },
    {
      "attributes" : {
        "FID" : 5,
        "PMNTN_SPOT" : 57480,
        "MNTN_CODE" : "441801301",
        "MANAGE_SP1" : "99",
        "MANAGE_SP2" : "기타",
        "DETAIL_SPO" : "기타",
        "ETC_MATTER" : " ",
        "MNTN_NM" : "아미산",
        "PAST_SPOT_" : "24060813000006",
        "MNTN_ID" : "2406081300"
      },
      "geometry" : {
        "x" : 172183.1518000029,
        "y" : 410036.43590000458
      }
    },
    {
      "attributes" : {
        "FID" : 6,
        "PMNTN_SPOT" : 57481,
        "MNTN_CODE" : "441801301",
        "MANAGE_SP1" : "99",
        "MANAGE_SP2" : "기타",
        "DETAIL_SPO" : "기타",
        "ETC_MATTER" : " ",
        "MNTN_NM" : "아미산",
        "PAST_SPOT_" : "24060813000007",
        "MNTN_ID" : "2406081300"
      },
      "geometry" : {
        "x" : 172086.55160000175,
        "y" : 409792.00590000302
      }
    },
    {
      "attributes" : {
        "FID" : 7,
        "PMNTN_SPOT" : 57482,
        "MNTN_CODE" : "441801301",
        "MANAGE_SP1" : "99",
        "MANAGE_SP2" : "기타",
        "DETAIL_SPO" : "기타",
        "ETC_MATTER" : " ",
        "MNTN_NM" : "아미산",
        "PAST_SPOT_" : "24060813000008",
        "MNTN_ID" : "2406081300"
      },
      "geometry" : {
        "x" : 171860.33530000132,
        "y" : 409797.30969999917
      }
    },
    {
      "attributes" : {
        "FID" : 8,
        "PMNTN_SPOT" : 57483,
        "MNTN_CODE" : "441801301",
        "MANAGE_SP1" : "99",
        "MANAGE_SP2" : "기타",
        "DETAIL_SPO" : "기타",
        "ETC_MATTER" : " ",
        "MNTN_NM" : "아미산",
        "PAST_SPOT_" : "24060813000009",
        "MNTN_ID" : "2406081300"
      },
      "geometry" : {
        "x" : 171679.37930000201,
        "y" : 409851.89380000345
      }
    },
    {
      "attributes" : {
        "FID" : 9,
        "PMNTN_SPOT" : 57484,
        "MNTN_CODE" : "441801301",
        "MANAGE_SP1" : "99",
        "MANAGE_SP2" : "기타",
        "DETAIL_SPO" : "기타",
        "ETC_MATTER" : " ",
        "MNTN_NM" : "아미산",
        "PAST_SPOT_" : "24060813000010",
        "MNTN_ID" : "2406081300"
      },
      "geometry" : {
        "x" : 171401.50810000021,
        "y" : 410074.17300000228
      }
    },
    {
      "attributes" : {
        "FID" : 10,
        "PMNTN_SPOT" : 57485,
        "MNTN_CODE" : "441801301",
        "MANAGE_SP1" : "99",
        "MANAGE_SP2" : "기타",
        "DETAIL_SPO" : "중대암입구",
        "ETC_MATTER" : " ",
        "MNTN_NM" : "아미산",
        "PAST_SPOT_" : "24060813000011",
        "MNTN_ID" : "2406081300"
      },
      "geometry" : {
        "x" : 171637.41870000027,
        "y" : 407297.45960000157
      }
    },
    {
      "attributes" : {
        "FID" : 11,
        "PMNTN_SPOT" : 57486,
        "MNTN_CODE" : "441801301",
        "MANAGE_SP1" : "99",
        "MANAGE_SP2" : "기타",
        "DETAIL_SPO" : "중대암",
        "ETC_MATTER" : " ",
        "MNTN_NM" : "아미산",
        "PAST_SPOT_" : "24060813000012",
        "MNTN_ID" : "2406081300"
      },
      "geometry" : {
        "x" : 172250.27380000055,
        "y" : 407807.02150000259
      }
    },
    {
      "attributes" : {
        "FID" : 12,
        "PMNTN_SPOT" : 57487,
        "MNTN_CODE" : "441801301",
        "MANAGE_SP1" : "99",
        "MANAGE_SP2" : "기타",
        "DETAIL_SPO" : "돌계단",
        "ETC_MATTER" : " ",
        "MNTN_NM" : "아미산",
        "PAST_SPOT_" : "24060813000013",
        "MNTN_ID" : "2406081300"
      },
      "geometry" : {
        "x" : 172353.65820000134,
        "y" : 407814.18810000271
      }
    },
    {
      "attributes" : {
        "FID" : 13,
        "PMNTN_SPOT" : 57488,
        "MNTN_CODE" : "441801301",
        "MANAGE_SP1" : "99",
        "MANAGE_SP2" : "기타",
        "DETAIL_SPO" : "돌계단",
        "ETC_MATTER" : " ",
        "MNTN_NM" : "아미산",
        "PAST_SPOT_" : "24060813000014",
        "MNTN_ID" : "2406081300"
      },
      "geometry" : {
        "x" : 172600.16270000394,
        "y" : 407804.17970000207
      }
    },
    {
      "attributes" : {
        "FID" : 14,
        "PMNTN_SPOT" : 57489,
        "MNTN_CODE" : "441801301",
        "MANAGE_SP1" : "99",
        "MANAGE_SP2" : "기타",
        "DETAIL_SPO" : "법당",
        "ETC_MATTER" : " ",
        "MNTN_NM" : "아미산",
        "PAST_SPOT_" : "24060813000015",
        "MNTN_ID" : "2406081300"
      },
      "geometry" : {
        "x" : 172612.75370000023,
        "y" : 407801.83790000156
      }
    },
    {
      "attributes" : {
        "FID" : 15,
        "PMNTN_SPOT" : 57490,
        "MNTN_CODE" : "441801301",
        "MANAGE_SP1" : "99",
        "MANAGE_SP2" : "기타",
        "DETAIL_SPO" : "기타",
        "ETC_MATTER" : " ",
        "MNTN_NM" : "아미산",
        "PAST_SPOT_" : "24060813000016",
        "MNTN_ID" : "2406081300"
      },
      "geometry" : {
        "x" : 172644.69250000175,
        "y" : 408061.90880000219
      }
    },
    {
      "attributes" : {
        "FID" : 16,
        "PMNTN_SPOT" : 57491,
        "MNTN_CODE" : "441801301",
        "MANAGE_SP1" : "22",
        "MANAGE_SP2" : "헬기장",
        "DETAIL_SPO" : "헬기장",
        "ETC_MATTER" : " ",
        "MNTN_NM" : "아미산",
        "PAST_SPOT_" : "24060813000017",
        "MNTN_ID" : "2406081300"
      },
      "geometry" : {
        "x" : 172702.4207000006,
        "y" : 408239.91910000145
      }
    },
    {
      "attributes" : {
        "FID" : 17,
        "PMNTN_SPOT" : 57492,
        "MNTN_CODE" : "441801301",
        "MANAGE_SP1" : "22",
        "MANAGE_SP2" : "헬기장",
        "DETAIL_SPO" : "헬기장",
        "ETC_MATTER" : " ",
        "MNTN_NM" : "아미산",
        "PAST_SPOT_" : "24060813000018",
        "MNTN_ID" : "2406081300"
      },
      "geometry" : {
        "x" : 172707.15820000414,
        "y" : 407725.96520000137
      }
    },
    {
      "attributes" : {
        "FID" : 18,
        "PMNTN_SPOT" : 57493,
        "MNTN_CODE" : "441801301",
        "MANAGE_SP1" : "99",
        "MANAGE_SP2" : "기타",
        "DETAIL_SPO" : "광덕사",
        "ETC_MATTER" : " ",
        "MNTN_NM" : "아미산",
        "PAST_SPOT_" : "24060813000019",
        "MNTN_ID" : "2406081300"
      },
      "geometry" : {
        "x" : 171814.35170000419,
        "y" : 406673.5092999991
      }
    },
    {
      "attributes" : {
        "FID" : 19,
        "PMNTN_SPOT" : 57494,
        "MNTN_CODE" : "441801301",
        "MANAGE_SP1" : "99",
        "MANAGE_SP2" : "기타",
        "DETAIL_SPO" : "기타",
        "ETC_MATTER" : " ",
        "MNTN_NM" : "아미산",
        "PAST_SPOT_" : "24060813000020",
        "MNTN_ID" : "2406081300"
      },
      "geometry" : {
        "x" : 173281.91540000122,
        "y" : 406150.40910000168
      }
    },
    {
      "attributes" : {
        "FID" : 20,
        "PMNTN_SPOT" : 57495,
        "MNTN_CODE" : "441801301",
        "MANAGE_SP1" : "99",
        "MANAGE_SP2" : "기타",
        "DETAIL_SPO" : "기타",
        "ETC_MATTER" : " ",
        "MNTN_NM" : "아미산",
        "PAST_SPOT_" : "24060813000021",
        "MNTN_ID" : "2406081300"
      },
      "geometry" : {
        "x" : 172390.88420000207,
        "y" : 406698.54030000046
      }
    },
    {
      "attributes" : {
        "FID" : 21,
        "PMNTN_SPOT" : 57496,
        "MNTN_CODE" : "441801301",
        "MANAGE_SP1" : "10",
        "MANAGE_SP2" : "이정표",
        "DETAIL_SPO" : "이정표",
        "ETC_MATTER" : " ",
        "MNTN_NM" : "아미산",
        "PAST_SPOT_" : "24060813000022",
        "MNTN_ID" : "2406081300"
      },
      "geometry" : {
        "x" : 172945.09169999976,
        "y" : 410565.10119999945
      }
    },
    {
      "attributes" : {
        "FID" : 22,
        "PMNTN_SPOT" : 57497,
        "MNTN_CODE" : "441801301",
        "MANAGE_SP1" : "10",
        "MANAGE_SP2" : "이정표",
        "DETAIL_SPO" : "이정표",
        "ETC_MATTER" : " ",
        "MNTN_NM" : "아미산",
        "PAST_SPOT_" : "24060813000023",
        "MNTN_ID" : "2406081300"
      },
      "geometry" : {
        "x" : 172785.22530000191,
        "y" : 410117.7519000005
      }
    },
    {
      "attributes" : {
        "FID" : 23,
        "PMNTN_SPOT" : 57498,
        "MNTN_CODE" : "441801301",
        "MANAGE_SP1" : "12",
        "MANAGE_SP2" : "위험지역",
        "DETAIL_SPO" : "위험지역",
        "ETC_MATTER" : " ",
        "MNTN_NM" : "아미산",
        "PAST_SPOT_" : "24060813000024",
        "MNTN_ID" : "2406081300"
      },
      "geometry" : {
        "x" : 172758.82980000041,
        "y" : 409839.0251000002
      }
    },
    {
      "attributes" : {
        "FID" : 24,
        "PMNTN_SPOT" : 57499,
        "MNTN_CODE" : "441801301",
        "MANAGE_SP1" : "10",
        "MANAGE_SP2" : "이정표",
        "DETAIL_SPO" : "이정표",
        "ETC_MATTER" : " ",
        "MNTN_NM" : "아미산",
        "PAST_SPOT_" : "24060813000025",
        "MNTN_ID" : "2406081300"
      },
      "geometry" : {
        "x" : 172653.5421000002,
        "y" : 409813.06739999913
      }
    },
    {
      "attributes" : {
        "FID" : 25,
        "PMNTN_SPOT" : 57500,
        "MNTN_CODE" : "441801301",
        "MANAGE_SP1" : "10",
        "MANAGE_SP2" : "이정표",
        "DETAIL_SPO" : "이정표",
        "ETC_MATTER" : " ",
        "MNTN_NM" : "아미산",
        "PAST_SPOT_" : "24060813000026",
        "MNTN_ID" : "2406081300"
      },
      "geometry" : {
        "x" : 172629.99220000301,
        "y" : 409777.05500000156
      }
    },
    {
      "attributes" : {
        "FID" : 26,
        "PMNTN_SPOT" : 57501,
        "MNTN_CODE" : "441801301",
        "MANAGE_SP1" : "10",
        "MANAGE_SP2" : "이정표",
        "DETAIL_SPO" : "이정표",
        "ETC_MATTER" : " ",
        "MNTN_NM" : "아미산",
        "PAST_SPOT_" : "24060813000027",
        "MNTN_ID" : "2406081300"
      },
      "geometry" : {
        "x" : 172556.12000000104,
        "y" : 409709.2013000045
      }
    },
    {
      "attributes" : {
        "FID" : 27,
        "PMNTN_SPOT" : 57502,
        "MNTN_CODE" : "441801301",
        "MANAGE_SP1" : "12",
        "MANAGE_SP2" : "위험지역",
        "DETAIL_SPO" : "위험지역",
        "ETC_MATTER" : " ",
        "MNTN_NM" : "아미산",
        "PAST_SPOT_" : "24060813000028",
        "MNTN_ID" : "2406081300"
      },
      "geometry" : {
        "x" : 172348.54580000136,
        "y" : 410083.45450000092
      }
    },
    {
      "attributes" : {
        "FID" : 28,
        "PMNTN_SPOT" : 57503,
        "MNTN_CODE" : "441801301",
        "MANAGE_SP1" : "12",
        "MANAGE_SP2" : "위험지역",
        "DETAIL_SPO" : "돌바위 경사 심함 위험지역",
        "ETC_MATTER" : " ",
        "MNTN_NM" : "아미산",
        "PAST_SPOT_" : "24060813000029",
        "MNTN_ID" : "2406081300"
      },
      "geometry" : {
        "x" : 172554.5,
        "y" : 410412.81000000052
      }
    },
    {
      "attributes" : {
        "FID" : 29,
        "PMNTN_SPOT" : 57504,
        "MNTN_CODE" : "441801301",
        "MANAGE_SP1" : "99",
        "MANAGE_SP2" : "기타",
        "DETAIL_SPO" : "공사중",
        "ETC_MATTER" : " ",
        "MNTN_NM" : "아미산",
        "PAST_SPOT_" : "24060813000030",
        "MNTN_ID" : "2406081300"
      },
      "geometry" : {
        "x" : 172627.6727,
        "y" : 410568.93399999849
      }
    },
    {
      "attributes" : {
        "FID" : 30,
        "PMNTN_SPOT" : 57505,
        "MNTN_CODE" : "441801301",
        "MANAGE_SP1" : "01",
        "MANAGE_SP2" : "시종점",
        "DETAIL_SPO" : "시종점",
        "ETC_MATTER" : " ",
        "MNTN_NM" : "아미산",
        "PAST_SPOT_" : "24060813000031",
        "MNTN_ID" : "2406081300"
      },
      "geometry" : {
        "x" : 171049.63420000114,
        "y" : 410194.82660000212
      }
    },
    {
      "attributes" : {
        "FID" : 31,
        "PMNTN_SPOT" : 57506,
        "MNTN_CODE" : "441801301",
        "MANAGE_SP1" : "02",
        "MANAGE_SP2" : "분기점",
        "DETAIL_SPO" : "분기점",
        "ETC_MATTER" : " ",
        "MNTN_NM" : "아미산",
        "PAST_SPOT_" : "24060813000032",
        "MNTN_ID" : "2406081300"
      },
      "geometry" : {
        "x" : 171142.99190000072,
        "y" : 410078.60520000011
      }
    },
    {
      "attributes" : {
        "FID" : 32,
        "PMNTN_SPOT" : 57507,
        "MNTN_CODE" : "441801301",
        "MANAGE_SP1" : "02",
        "MANAGE_SP2" : "분기점",
        "DETAIL_SPO" : "분기점",
        "ETC_MATTER" : " ",
        "MNTN_NM" : "아미산",
        "PAST_SPOT_" : "24060813000033",
        "MNTN_ID" : "2406081300"
      },
      "geometry" : {
        "x" : 171199.7237999998,
        "y" : 410071.46450000443
      }
    },
    {
      "attributes" : {
        "FID" : 33,
        "PMNTN_SPOT" : 57508,
        "MNTN_CODE" : "441801301",
        "MANAGE_SP1" : "01",
        "MANAGE_SP2" : "시종점",
        "DETAIL_SPO" : "시종점",
        "ETC_MATTER" : " ",
        "MNTN_NM" : "아미산",
        "PAST_SPOT_" : "24060813000034",
        "MNTN_ID" : "2406081300"
      },
      "geometry" : {
        "x" : 171254.99700000323,
        "y" : 410233.65389999934
      }
    },
    {
      "attributes" : {
        "FID" : 34,
        "PMNTN_SPOT" : 57509,
        "MNTN_CODE" : "441801301",
        "MANAGE_SP1" : "01",
        "MANAGE_SP2" : "시종점",
        "DETAIL_SPO" : "시종점",
        "ETC_MATTER" : " ",
        "MNTN_NM" : "아미산",
        "PAST_SPOT_" : "24060813000035",
        "MNTN_ID" : "2406081300"
      },
      "geometry" : {
        "x" : 171264.08790000062,
        "y" : 407483.06310000084
      }
    },
    {
      "attributes" : {
        "FID" : 35,
        "PMNTN_SPOT" : 57510,
        "MNTN_CODE" : "441801301",
        "MANAGE_SP1" : "02",
        "MANAGE_SP2" : "분기점",
        "DETAIL_SPO" : "분기점",
        "ETC_MATTER" : " ",
        "MNTN_NM" : "아미산",
        "PAST_SPOT_" : "24060813000036",
        "MNTN_ID" : "2406081300"
      },
      "geometry" : {
        "x" : 171294.53030000255,
        "y" : 409937.34280000068
      }
    },
    {
      "attributes" : {
        "FID" : 36,
        "PMNTN_SPOT" : 57511,
        "MNTN_CODE" : "441801301",
        "MANAGE_SP1" : "02",
        "MANAGE_SP2" : "분기점",
        "DETAIL_SPO" : "산암사",
        "ETC_MATTER" : " ",
        "MNTN_NM" : "아미산",
        "PAST_SPOT_" : "24060813000037",
        "MNTN_ID" : "2406081300"
      },
      "geometry" : {
        "x" : 171494.67110000085,
        "y" : 409972.02470000274
      }
    },
    {
      "attributes" : {
        "FID" : 37,
        "PMNTN_SPOT" : 57512,
        "MNTN_CODE" : "441801301",
        "MANAGE_SP1" : "01",
        "MANAGE_SP2" : "시종점",
        "DETAIL_SPO" : "시종점",
        "ETC_MATTER" : " ",
        "MNTN_NM" : "아미산",
        "PAST_SPOT_" : "24060813000038",
        "MNTN_ID" : "2406081300"
      },
      "geometry" : {
        "x" : 171527.59860000294,
        "y" : 407325.50410000049
      }
    },
    {
      "attributes" : {
        "FID" : 38,
        "PMNTN_SPOT" : 57513,
        "MNTN_CODE" : "441801301",
        "MANAGE_SP1" : "02",
        "MANAGE_SP2" : "분기점",
        "DETAIL_SPO" : "분기점",
        "ETC_MATTER" : " ",
        "MNTN_NM" : "아미산",
        "PAST_SPOT_" : "24060813000039",
        "MNTN_ID" : "2406081300"
      },
      "geometry" : {
        "x" : 171603.68189999927,
        "y" : 409405.85799999908
      }
    },
    {
      "attributes" : {
        "FID" : 39,
        "PMNTN_SPOT" : 57514,
        "MNTN_CODE" : "441801301",
        "MANAGE_SP1" : "02",
        "MANAGE_SP2" : "분기점",
        "DETAIL_SPO" : "분기점",
        "ETC_MATTER" : " ",
        "MNTN_NM" : "아미산",
        "PAST_SPOT_" : "24060813000040",
        "MNTN_ID" : "2406081300"
      },
      "geometry" : {
        "x" : 172307.57699999958,
        "y" : 410023.08210000023
      }
    },
    {
      "attributes" : {
        "FID" : 40,
        "PMNTN_SPOT" : 57515,
        "MNTN_CODE" : "441801301",
        "MANAGE_SP1" : "02",
        "MANAGE_SP2" : "분기점",
        "DETAIL_SPO" : "상봉",
        "ETC_MATTER" : " ",
        "MNTN_NM" : "아미산",
        "PAST_SPOT_" : "24060813000041",
        "MNTN_ID" : "2406081300"
      },
      "geometry" : {
        "x" : 172352.55290000234,
        "y" : 409117.20700000413
      }
    },
    {
      "attributes" : {
        "FID" : 41,
        "PMNTN_SPOT" : 57516,
        "MNTN_CODE" : "441801301",
        "MANAGE_SP1" : "02",
        "MANAGE_SP2" : "분기점",
        "DETAIL_SPO" : "파고라",
        "ETC_MATTER" : " ",
        "MNTN_NM" : "아미산",
        "PAST_SPOT_" : "24060813000042",
        "MNTN_ID" : "2406081300"
      },
      "geometry" : {
        "x" : 172405.59930000082,
        "y" : 407242.00520000234
      }
    },
    {
      "attributes" : {
        "FID" : 42,
        "PMNTN_SPOT" : 57517,
        "MNTN_CODE" : "441801301",
        "MANAGE_SP1" : "02",
        "MANAGE_SP2" : "분기점",
        "DETAIL_SPO" : "분기점",
        "ETC_MATTER" : " ",
        "MNTN_NM" : "아미산",
        "PAST_SPOT_" : "24060813000043",
        "MNTN_ID" : "2406081300"
      },
      "geometry" : {
        "x" : 172484.89969999995,
        "y" : 409654.06430000439
      }
    },
    {
      "attributes" : {
        "FID" : 43,
        "PMNTN_SPOT" : 57518,
        "MNTN_CODE" : "441801301",
        "MANAGE_SP1" : "02",
        "MANAGE_SP2" : "분기점",
        "DETAIL_SPO" : "분기점",
        "ETC_MATTER" : " ",
        "MNTN_NM" : "아미산",
        "PAST_SPOT_" : "24060813000044",
        "MNTN_ID" : "2406081300"
      },
      "geometry" : {
        "x" : 172585.56310000364,
        "y" : 407797.11079999991
      }
    },
    {
      "attributes" : {
        "FID" : 44,
        "PMNTN_SPOT" : 57519,
        "MNTN_CODE" : "441801301",
        "MANAGE_SP1" : "02",
        "MANAGE_SP2" : "분기점",
        "DETAIL_SPO" : "분기점",
        "ETC_MATTER" : " ",
        "MNTN_NM" : "아미산",
        "PAST_SPOT_" : "24060813000045",
        "MNTN_ID" : "2406081300"
      },
      "geometry" : {
        "x" : 172696.71040000021,
        "y" : 407784.00800000131
      }
    },
    {
      "attributes" : {
        "FID" : 45,
        "PMNTN_SPOT" : 57520,
        "MNTN_CODE" : "441801301",
        "MANAGE_SP1" : "01",
        "MANAGE_SP2" : "시종점",
        "DETAIL_SPO" : "시종점,하산로(이정표)",
        "ETC_MATTER" : " ",
        "MNTN_NM" : "아미산",
        "PAST_SPOT_" : "24060813000046",
        "MNTN_ID" : "2406081300"
      },
      "geometry" : {
        "x" : 172772.85550000332,
        "y" : 410541.23440000415
      }
    },
    {
      "attributes" : {
        "FID" : 46,
        "PMNTN_SPOT" : 57521,
        "MNTN_CODE" : "441801301",
        "MANAGE_SP1" : "01",
        "MANAGE_SP2" : "시종점",
        "DETAIL_SPO" : "시종점,안내판",
        "ETC_MATTER" : " ",
        "MNTN_NM" : "아미산",
        "PAST_SPOT_" : "24060813000047",
        "MNTN_ID" : "2406081300"
      },
      "geometry" : {
        "x" : 172823.63660000172,
        "y" : 410620.60830000229
      }
    },
    {
      "attributes" : {
        "FID" : 47,
        "PMNTN_SPOT" : 57522,
        "MNTN_CODE" : "441801301",
        "MANAGE_SP1" : "01",
        "MANAGE_SP2" : "시종점",
        "DETAIL_SPO" : "시종점",
        "ETC_MATTER" : " ",
        "MNTN_NM" : "아미산",
        "PAST_SPOT_" : "24060813000048",
        "MNTN_ID" : "2406081300"
      },
      "geometry" : {
        "x" : 173294.71570000052,
        "y" : 406144.97720000334
      }
    }
  ]
}