{"displayFieldName":"","fieldAliases":{"FID":"FID","PMNTN_SPOT":"PMNTN_SPOT","MNTN_CODE":"MNTN_CODE","MANAGE_SP1":"MANAGE_SP1","MANAGE_SP2":"MANAGE_SP2","DETAIL_SPO":"DETAIL_SPO","ETC_MATTER":"ETC_MATTER","MNTN_NM":"MNTN_NM","PAST_SPOT_":"PAST_SPOT_","MNTN_ID":"MNTN_ID"},"geometryType":"esriGeometryPoint","spatialReference":{"wkt":"PROJCS[\"PCS_ITRF2000_TM\",GEOGCS[\"GCS_ITRF_2000\",DATUM[\"D_ITRF_2000\",SPHEROID[\"GRS_1980\",6378137.0,298.257222101]],PRIMEM[\"Greenwich\",0.0],UNIT[\"Degree\",0.0174532925199433]],PROJECTION[\"Transverse_Mercator\"],PARAMETER[\"False_Easting\",200000.0],PARAMETER[\"False_Northing\",600000.0],PARAMETER[\"Central_Meridian\",127.0],PARAMETER[\"Scale_Factor\",1.0],PARAMETER[\"Latitude_Of_Origin\",38.0],UNIT[\"Meter\",1.0]]"},"fields":[{"name":"FID","type":"esriFieldTypeOID","alias":"FID"},{"name":"PMNTN_SPOT","type":"esriFieldTypeDouble","alias":"PMNTN_SPOT"},{"name":"MNTN_CODE","type":"esriFieldTypeString","alias":"MNTN_CODE","length":9},{"name":"MANAGE_SP1","type":"esriFieldTypeString","alias":"MANAGE_SP1","length":2},{"name":"MANAGE_SP2","type":"esriFieldTypeString","alias":"MANAGE_SP2","length":50},{"name":"DETAIL_SPO","type":"esriFieldTypeString","alias":"DETAIL_SPO","length":200},{"name":"ETC_MATTER","type":"esriFieldTypeString","alias":"ETC_MATTER","length":200},{"name":"MNTN_NM","type":"esriFieldTypeString","alias":"MNTN_NM","length":50},{"name":"PAST_SPOT_","type":"esriFieldTypeString","alias":"PAST_SPOT_","length":14},{"name":"MNTN_ID","type":"esriFieldTypeString","alias":"MNTN_ID","length":10}],"features":[{"attributes":{"FID":0,"PMNTN_SPOT":2542,"MNTN_CODE":"416300201","MANAGE_SP1":"01","MANAGE_SP2":"시종점","DETAIL_SPO":"시종점","ETC_MATTER":" ","MNTN_NM":"개명산","PAST_SPOT_":"4128101010001","MNTN_ID":"412810101"},"geometry":{"x":192926.42989999987,"y":570925.13350000046}},{"attributes":{"FID":1,"PMNTN_SPOT":2543,"MNTN_CODE":"416300201","MANAGE_SP1":"02","MANAGE_SP2":"분기점","DETAIL_SPO":"분기점","ETC_MATTER":" ","MNTN_NM":"개명산","PAST_SPOT_":"4128101010002","MNTN_ID":"412810101"},"geometry":{"x":193358.01659999974,"y":571070.84210000001}},{"attributes":{"FID":2,"PMNTN_SPOT":100719,"MNTN_CODE":"416300201","MANAGE_SP1":"23","MANAGE_SP2":"정상부","DETAIL_SPO":"고령산(520m)","ETC_MATTER":" ","MNTN_NM":"개명산","PAST_SPOT_":" ","MNTN_ID":" "},"geometry":{"x":195744.86710000038,"y":573776.18490000069}},{"attributes":{"FID":3,"PMNTN_SPOT":100720,"MNTN_CODE":"416300201","MANAGE_SP1":"01","MANAGE_SP2":"시종점","DETAIL_SPO":" ","ETC_MATTER":" ","MNTN_NM":"개명산","PAST_SPOT_":" ","MNTN_ID":" "},"geometry":{"x":195875.52869999968,"y":570960.89729999937}},{"attributes":{"FID":4,"PMNTN_SPOT":100721,"MNTN_CODE":"416300201","MANAGE_SP1":"01","MANAGE_SP2":"시종점","DETAIL_SPO":" ","ETC_MATTER":" ","MNTN_NM":"개명산","PAST_SPOT_":" ","MNTN_ID":" "},"geometry":{"x":194373.23550000042,"y":575191.20470000058}},{"attributes":{"FID":5,"PMNTN_SPOT":100722,"MNTN_CODE":"416300201","MANAGE_SP1":"13","MANAGE_SP2":"유적(문화,역사)","DETAIL_SPO":"대원정사","ETC_MATTER":" ","MNTN_NM":"개명산","PAST_SPOT_":" ","MNTN_ID":" "},"geometry":{"x":194262.52840000018,"y":572154.28240000084}},{"attributes":{"FID":6,"PMNTN_SPOT":100723,"MNTN_CODE":"416300201","MANAGE_SP1":"01","MANAGE_SP2":"시종점","DETAIL_SPO":" ","ETC_MATTER":" ","MNTN_NM":"개명산","PAST_SPOT_":" ","MNTN_ID":" "},"geometry":{"x":195074.71989999991,"y":572377.74190000072}},{"attributes":{"FID":7,"PMNTN_SPOT":100724,"MNTN_CODE":"416300201","MANAGE_SP1":"01","MANAGE_SP2":"시종점","DETAIL_SPO":" ","ETC_MATTER":" ","MNTN_NM":"개명산","PAST_SPOT_":" ","MNTN_ID":" "},"geometry":{"x":196923.62490000017,"y":573981.3741999995}},{"attributes":{"FID":8,"PMNTN_SPOT":100725,"MNTN_CODE":"416300201","MANAGE_SP1":"01","MANAGE_SP2":"시종점","DETAIL_SPO":" ","ETC_MATTER":" ","MNTN_NM":"개명산","PAST_SPOT_":" ","MNTN_ID":" "},"geometry":{"x":196108.64290000033,"y":571048.96910000034}},{"attributes":{"FID":9,"PMNTN_SPOT":100726,"MNTN_CODE":"416300201","MANAGE_SP1":"23","MANAGE_SP2":"정상부","DETAIL_SPO":"수리봉","ETC_MATTER":" ","MNTN_NM":"개명산","PAST_SPOT_":" ","MNTN_ID":" "},"geometry":{"x":195531.25659999996,"y":572868.7762000002}},{"attributes":{"FID":10,"PMNTN_SPOT":100727,"MNTN_CODE":"416300201","MANAGE_SP1":"02","MANAGE_SP2":"분기점","DETAIL_SPO":" ","ETC_MATTER":" ","MNTN_NM":"개명산","PAST_SPOT_":" ","MNTN_ID":" "},"geometry":{"x":193932.80470000021,"y":571871.28350000083}},{"attributes":{"FID":11,"PMNTN_SPOT":100728,"MNTN_CODE":"416300201","MANAGE_SP1":"02","MANAGE_SP2":"분기점","DETAIL_SPO":" ","ETC_MATTER":" ","MNTN_NM":"개명산","PAST_SPOT_":" ","MNTN_ID":" "},"geometry":{"x":193812.10620000027,"y":572068.3730999995}},{"attributes":{"FID":12,"PMNTN_SPOT":100729,"MNTN_CODE":"416300201","MANAGE_SP1":"02","MANAGE_SP2":"분기점","DETAIL_SPO":" ","ETC_MATTER":" ","MNTN_NM":"개명산","PAST_SPOT_":" ","MNTN_ID":" "},"geometry":{"x":194098.6699000001,"y":571733.27439999953}},{"attributes":{"FID":13,"PMNTN_SPOT":100730,"MNTN_CODE":"416300201","MANAGE_SP1":"02","MANAGE_SP2":"분기점","DETAIL_SPO":" ","ETC_MATTER":" ","MNTN_NM":"개명산","PAST_SPOT_":" ","MNTN_ID":" "},"geometry":{"x":193867.11029999983,"y":570703.28610000014}},{"attributes":{"FID":14,"PMNTN_SPOT":100731,"MNTN_CODE":"416300201","MANAGE_SP1":"02","MANAGE_SP2":"분기점","DETAIL_SPO":" ","ETC_MATTER":" ","MNTN_NM":"개명산","PAST_SPOT_":" ","MNTN_ID":" "},"geometry":{"x":195312.0736999996,"y":569334.1810999997}}]}