{
  "displayFieldName" : "",
  "fieldAliases" : {
    "FID" : "FID",
    "PMNTN_SN" : "PMNTN_SN",
    "MNTN_CODE" : "MNTN_CODE",
    "MNTN_NM" : "MNTN_NM",
    "PMNTN_NM" : "PMNTN_NM",
    "PMNTN_MAIN" : "PMNTN_MAIN",
    "PMNTN_LT" : "PMNTN_LT",
    "PMNTN_DFFL" : "PMNTN_DFFL",
    "PMNTN_UPPL" : "PMNTN_UPPL",
    "PMNTN_GODN" : "PMNTN_GODN",
    "PMNTN_MTRQ" : "PMNTN_MTRQ",
    "PMNTN_CNRL" : "PMNTN_CNRL",
    "PMNTN_CLS_" : "PMNTN_CLS_",
    "PMNTN_RISK" : "PMNTN_RISK",
    "PMNTN_RECO" : "PMNTN_RECO",
    "DATA_STDR_" : "DATA_STDR_",
    "MNTN_ID" : "MNTN_ID"
  },
  "geometryType" : "esriGeometryPolyline",
  "spatialReference" : {
    "wkt" : "PROJCS[\"PCS_ITRF2000_TM\",GEOGCS[\"GCS_ITRF_2000\",DATUM[\"D_ITRF_2000\",SPHEROID[\"GRS_1980\",6378137.0,298.257222101]],PRIMEM[\"Greenwich\",0.0],UNIT[\"Degree\",0.0174532925199433]],PROJECTION[\"Transverse_Mercator\"],PARAMETER[\"False_Easting\",200000.0],PARAMETER[\"False_Northing\",600000.0],PARAMETER[\"Central_Meridian\",127.0],PARAMETER[\"Scale_Factor\",1.0],PARAMETER[\"Latitude_Of_Origin\",38.0],UNIT[\"Meter\",1.0]]"
  },
  "fields" : [
    {
      "name" : "FID",
      "type" : "esriFieldTypeOID",
      "alias" : "FID"
    },
    {
      "name" : "PMNTN_SN",
      "type" : "esriFieldTypeDouble",
      "alias" : "PMNTN_SN"
    },
    {
      "name" : "MNTN_CODE",
      "type" : "esriFieldTypeString",
      "alias" : "MNTN_CODE",
      "length" : 9
    },
    {
      "name" : "MNTN_NM",
      "type" : "esriFieldTypeString",
      "alias" : "MNTN_NM",
      "length" : 50
    },
    {
      "name" : "PMNTN_NM",
      "type" : "esriFieldTypeString",
      "alias" : "PMNTN_NM",
      "length" : 50
    },
    {
      "name" : "PMNTN_MAIN",
      "type" : "esriFieldTypeString",
      "alias" : "PMNTN_MAIN",
      "length" : 200
    },
    {
      "name" : "PMNTN_LT",
      "type" : "esriFieldTypeSingle",
      "alias" : "PMNTN_LT"
    },
    {
      "name" : "PMNTN_DFFL",
      "type" : "esriFieldTypeString",
      "alias" : "PMNTN_DFFL",
      "length" : 8
    },
    {
      "name" : "PMNTN_UPPL",
      "type" : "esriFieldTypeDouble",
      "alias" : "PMNTN_UPPL"
    },
    {
      "name" : "PMNTN_GODN",
      "type" : "esriFieldTypeDouble",
      "alias" : "PMNTN_GODN"
    },
    {
      "name" : "PMNTN_MTRQ",
      "type" : "esriFieldTypeString",
      "alias" : "PMNTN_MTRQ",
      "length" : 200
    },
    {
      "name" : "PMNTN_CNRL",
      "type" : "esriFieldTypeString",
      "alias" : "PMNTN_CNRL",
      "length" : 1
    },
    {
      "name" : "PMNTN_CLS_",
      "type" : "esriFieldTypeString",
      "alias" : "PMNTN_CLS_",
      "length" : 1
    },
    {
      "name" : "PMNTN_RISK",
      "type" : "esriFieldTypeString",
      "alias" : "PMNTN_RISK",
      "length" : 200
    },
    {
      "name" : "PMNTN_RECO",
      "type" : "esriFieldTypeString",
      "alias" : "PMNTN_RECO",
      "length" : 1
    },
    {
      "name" : "DATA_STDR_",
      "type" : "esriFieldTypeString",
      "alias" : "DATA_STDR_",
      "length" : 10
    },
    {
      "name" : "MNTN_ID",
      "type" : "esriFieldTypeString",
      "alias" : "MNTN_ID",
      "length" : 10
    }
  ],
  "features" : [
    {
      "attributes" : {
        "FID" : 0,
        "PMNTN_SN" : 56744,
        "MNTN_CODE" : "437403801",
        "MNTN_NM" : "황악산",
        "PMNTN_NM" : "궁촌리구간",
        "PMNTN_MAIN" : " ",
        "PMNTN_LT" : 0.83,
        "PMNTN_DFFL" : "쉬움",
        "PMNTN_UPPL" : 16,
        "PMNTN_GODN" : 11,
        "PMNTN_MTRQ" : " ",
        "PMNTN_CNRL" : " ",
        "PMNTN_CLS_" : "Y",
        "PMNTN_RISK" : " ",
        "PMNTN_RECO" : " ",
        "DATA_STDR_" : "2016-12-31",
        "MNTN_ID" : "437403801"
      },
      "geometry" : {
        "paths" : [
          [
            [
              286928.40150000155,
              389801.67290000245
            ],
            [
              286925.94120000117,
              389793.65530000068
            ],
            [
              286922.72140000295,
              389787.38499999978
            ],
            [
              286918.01500000153,
              389778.35529999994
            ],
            [
              286914.29750000034,
              389771.58200000226
            ],
            [
              286910.81220000051,
              389768.31210000254
            ],
            [
              286907.10250000097,
              389760.0380000025
            ],
            [
              286903.38889999967,
              389752.51429999992
            ],
            [
              286899.90740000084,
              389748.4940000046
            ],
            [
              286895.92819999997,
              389743.97080000117
            ],
            [
              286889.45399999991,
              389738.18400000036
            ],
            [
              286884.47040000092,
              389734.40610000119
            ],
            [
              286878.49910000246,
              389728.12160000205
            ],
            [
              286876.02199999988,
              389723.35590000264
            ],
            [
              286872.04289999977,
              389718.83270000108
            ],
            [
              286868.32030000258,
              389713.06010000221
            ],
            [
              286865.34300000034,
              389708.29190000147
            ],
            [
              286860.37350000255,
              389701.76229999959
            ],
            [
              286857.14600000344,
              389696.99290000089
            ],
            [
              286853.6800000025,
              389689.97080000117
            ],
            [
              286848.95170000009,
              389685.19349999912
            ],
            [
              286843.98479999974,
              389678.16369999945
            ],
            [
              286839.75549999997,
              389673.63920000009
            ],
            [
              286836.78070000373,
              389668.37070000172
            ],
            [
              286834.30760000367,
              389662.85469999909
            ],
            [
              286832.08449999988,
              389657.33990000002
            ],
            [
              286830.36050000414,
              389652.07780000009
            ],
            [
              286826.63670000061,
              389646.55530000106
            ],
            [
              286822.6613000026,
              389641.28170000203
            ],
            [
              286818.93490000162,
              389636.25950000435
            ],
            [
              286814.46050000004,
              389630.73310000263
            ],
            [
              286810.98550000321,
              389625.46199999936
            ],
            [
              286805.76329999976,
              389619.43150000088
            ],
            [
              286799.06469999999,
              389608.64049999975
            ],
            [
              286794.11200000066,
              389598.85910000466
            ],
            [
              286789.64410000108,
              389592.08200000413
            ],
            [
              286785.92270000186,
              389586.05920000188
            ],
            [
              286780.69280000217,
              389581.52960000187
            ],
            [
              286775.46939999983,
              389575.74920000322
            ],
            [
              286771.73900000099,
              389571.47740000114
            ],
            [
              286765.75870000198,
              389566.94390000217
            ],
            [
              286754.03140000254,
              389561.13010000065
            ],
            [
              286740.56090000086,
              389553.80639999919
            ],
            [
              286731.58649999928,
              389547.75660000183
            ],
            [
              286726.10769999959,
              389542.97560000047
            ],
            [
              286720.87390000001,
              389539.19639999978
            ],
            [
              286713.62230000272,
              389538.65880000219
            ],
            [
              286709.62250000238,
              389538.1379000023
            ],
            [
              286705.38420000207,
              389535.36439999938
            ],
            [
              286700.67130000051,
              389527.58550000004
            ],
            [
              286697.94930000044,
              389521.81800000183
            ],
            [
              286696.97830000147,
              389516.05949999951
            ],
            [
              286694.99770000111,
              389512.04680000059
            ],
            [
              286691.75610000174,
              389510.0289000012
            ],
            [
              286689.50989999995,
              389509.01679999754
            ],
            [
              286689.02120000124,
              389506.76290000044
            ],
            [
              286691.78569999989,
              389504.27560000122
            ],
            [
              286696.05620000046,
              389500.79540000111
            ],
            [
              286702.08920000214,
              389495.0728999991
            ],
            [
              286705.85430000164,
              389492.59080000222
            ],
            [
              286710.36980000138,
              389490.11250000261
            ],
            [
              286716.36690000258,
              389491.39409999736
            ],
            [
              286722.37159999926,
              389491.17480000295
            ],
            [
              286727.38480000105,
              389489.19940000027
            ],
            [
              286730.15960000269,
              389484.7108999975
            ],
            [
              286731.19490000233,
              389477.96210000105
            ],
            [
              286729.72620000131,
              389471.70070000365
            ],
            [
              286725.98940000124,
              389468.67970000021
            ],
            [
              286724.00760000199,
              389464.91719999909
            ],
            [
              286721.52800000086,
              389460.65190000087
            ],
            [
              286719.54350000061,
              389457.38970000297
            ],
            [
              286717.57710000407,
              389450.62539999932
            ],
            [
              286718.10700000077,
              389444.87470000423
            ],
            [
              286719.88370000198,
              389439.88079999946
            ],
            [
              286721.6566000022,
              389435.63730000518
            ],
            [
              286725.18180000037,
              389431.15270000137
            ],
            [
              286726.96370000113,
              389425.15820000134
            ],
            [
              286729.26260000002,
              389415.91430000216
            ],
            [
              286729.8002000032,
              389408.66269999929
            ],
            [
              286731.07920000143,
              389403.16590000317
            ],
            [
              286733.36010000203,
              389397.42410000227
            ],
            [
              286736.1387000028,
              389392.18520000018
            ],
            [
              286736.9188000001,
              389386.43569999933
            ],
            [
              286736.94960000087,
              389380.43220000155
            ],
            [
              286738.96750000399,
              389377.19059999846
            ],
            [
              286740.75200000033,
              389370.69580000266
            ],
            [
              286741.77570000198,
              389366.19840000197
            ],
            [
              286741.79370000307,
              389362.69630000181
            ],
            [
              286740.82400000375,
              389356.68770000152
            ],
            [
              286739.86330000311,
              389348.92799999937
            ],
            [
              286739.39130000025,
              389343.42219999805
            ],
            [
              286738.18049999978,
              389335.66130000167
            ],
            [
              286736.71950000152,
              389327.89900000393
            ],
            [
              286736.01400000043,
              389319.14010000229
            ],
            [
              286736.29250000138,
              389313.63819999993
            ],
            [
              286737.31490000058,
              389309.39079999924
            ],
            [
              286735.83330000285,
              389305.63090000302
            ],
            [
              286733.60900000297,
              389300.36630000174
            ],
            [
              286731.87470000144,
              389297.10540000163
            ],
            [
              286726.89630000386,
              389292.32689999975
            ],
            [
              286724.93370000087,
              389284.81220000051
            ],
            [
              286722.72610000055,
              389276.2957000006
            ],
            [
              286722.51200000197,
              389269.29030000232
            ],
            [
              286722.79430000111,
              389263.0380000025
            ],
            [
              286723.07660000212,
              389256.78559999913
            ],
            [
              286724.62510000262,
              389247.53790000081
            ],
            [
              286725.40510000382,
              389241.78839999996
            ],
            [
              286725.67709999997,
              389237.53720000014
            ],
            [
              286722.68819999974,
              389235.02030000091
            ],
            [
              286716.45380000118,
              389231.23600000143
            ],
            [
              286707.72319999989,
              389226.43820000067
            ],
            [
              286698.98990000412,
              389222.14070000127
            ],
            [
              286690.25930000283,
              389217.34290000051
            ],
            [
              286683.2796000028,
              389212.55409999937
            ],
            [
              286678.05740000214,
              389206.52360000089
            ],
            [
              286673.33939999994,
              389199.7453000024
            ],
            [
              286665.88779999968,
              389189.45069999993
            ],
            [
              286661.40960000362,
              389184.67480000295
            ],
            [
              286658.68370000273,
              389179.65770000033
            ],
            [
              286654.97400000133,
              389171.38360000029
            ],
            [
              286651.50789999962,
              389164.36150000244
            ],
            [
              286648.28819999937,
              389158.09110000171
            ],
            [
              286649.07589999959,
              389150.84080000408
            ],
            [
              286651.35420000274,
              389145.59930000082
            ]
          ]
        ]
      }
    },
    {
      "attributes" : {
        "FID" : 1,
        "PMNTN_SN" : 56745,
        "MNTN_CODE" : "437403801",
        "MNTN_NM" : "황악산",
        "PMNTN_NM" : "궁촌리구간",
        "PMNTN_MAIN" : " ",
        "PMNTN_LT" : 0.04,
        "PMNTN_DFFL" : "쉬움",
        "PMNTN_UPPL" : 1,
        "PMNTN_GODN" : 0,
        "PMNTN_MTRQ" : " ",
        "PMNTN_CNRL" : " ",
        "PMNTN_CLS_" : "Y",
        "PMNTN_RISK" : " ",
        "PMNTN_RECO" : " ",
        "DATA_STDR_" : "2016-12-31",
        "MNTN_ID" : "437403801"
      },
      "geometry" : {
        "paths" : [
          [
            [
              286651.35420000274,
              389145.59930000082
            ],
            [
              286656.14850000013,
              389141.39409999922
            ],
            [
              286662.16490000114,
              389138.92350000143
            ],
            [
              286668.9188000001,
              389138.95820000209
            ],
            [
              286675.66640000418,
              389140.24369999953
            ],
            [
              286681.90970000345,
              389142.2770000007
            ],
            [
              286685.89660000056,
              389143.57670000009
            ]
          ]
        ]
      }
    },
    {
      "attributes" : {
        "FID" : 2,
        "PMNTN_SN" : 56746,
        "MNTN_CODE" : "437403801",
        "MNTN_NM" : "황악산",
        "PMNTN_NM" : "궁촌리구간",
        "PMNTN_MAIN" : " ",
        "PMNTN_LT" : 0.18,
        "PMNTN_DFFL" : "쉬움",
        "PMNTN_UPPL" : 3,
        "PMNTN_GODN" : 2,
        "PMNTN_MTRQ" : " ",
        "PMNTN_CNRL" : " ",
        "PMNTN_CLS_" : "Y",
        "PMNTN_RISK" : " ",
        "PMNTN_RECO" : " ",
        "DATA_STDR_" : "2016-12-31",
        "MNTN_ID" : "437403801"
      },
      "geometry" : {
        "paths" : [
          [
            [
              286685.89660000056,
              389143.57670000009
            ],
            [
              286689.90149999969,
              389144.81960000098
            ],
            [
              286697.15060000401,
              389145.85749999993
            ],
            [
              286704.64980000351,
              389146.89660000429
            ],
            [
              286712.15160000045,
              389147.43549999967
            ],
            [
              286722.39599999972,
              389149.73960000277
            ],
            [
              286728.86900000274,
              389155.77649999969
            ],
            [
              286733.3291000016,
              389164.05450000241
            ],
            [
              286733.2918000007,
              389171.30870000273
            ],
            [
              286732.25390000083,
              389178.55780000426
            ],
            [
              286732.22440000158,
              389184.31110000238
            ],
            [
              286729.44320000149,
              389190.05029999837
            ],
            [
              286724.16570000257,
              389194.77610000223
            ],
            [
              286718.14420000091,
              389198.24730000086
            ],
            [
              286710.63470000029,
              389199.20930000208
            ],
            [
              286702.88910000212,
              389197.41840000078
            ],
            [
              286697.40139999986,
              389194.38829999976
            ],
            [
              286692.92699999921,
              389188.86200000159
            ],
            [
              286687.96140000224,
              389181.58199999854
            ],
            [
              286684.73649999965,
              389176.31220000423
            ],
            [
              286682.76109999977,
              389171.29900000058
            ],
            [
              286681.78619999997,
              389166.29100000113
            ],
            [
              286682.56500000227,
              389160.79160000384
            ],
            [
              286685.32810000237,
              389158.55450000241
            ],
            [
              286686.84570000134,
              389155.31030000187
            ],
            [
              286685.85540000256,
              389153.3040000014
            ],
            [
              286682.61000000406,
              389152.03650000133
            ],
            [
              286681.62349999975,
              389149.27979999967
            ],
            [
              286685.89660000056,
              389143.57670000009
            ]
          ]
        ]
      }
    },
    {
      "attributes" : {
        "FID" : 3,
        "PMNTN_SN" : 56747,
        "MNTN_CODE" : "437403801",
        "MNTN_NM" : "황악산",
        "PMNTN_NM" : "흥덕리구간",
        "PMNTN_MAIN" : " ",
        "PMNTN_LT" : 4.19,
        "PMNTN_DFFL" : "쉬움",
        "PMNTN_UPPL" : 74,
        "PMNTN_GODN" : 52,
        "PMNTN_MTRQ" : " ",
        "PMNTN_CNRL" : " ",
        "PMNTN_CLS_" : "Y",
        "PMNTN_RISK" : " ",
        "PMNTN_RECO" : " ",
        "DATA_STDR_" : "2016-12-31",
        "MNTN_ID" : "437403801"
      },
      "geometry" : {
        "paths" : [
          [
            [
              286651.35420000274,
              389145.59930000082
            ],
            [
              286646.61470000073,
              389146.84840000048
            ],
            [
              286641.61950000096,
              389145.32180000097
            ],
            [
              286636.63200000022,
              389142.29430000111
            ],
            [
              286634.65020000376,
              389138.5318
            ],
            [
              286632.91069999989,
              389136.27150000818
            ],
            [
              286625.91690000147,
              389134.23430000246
            ],
            [
              286615.42750000395,
              389130.92839999869
            ],
            [
              286602.68549999967,
              389127.86110000126
            ],
            [
              286588.19759999961,
              389123.78420000151
            ],
            [
              286579.45409999974,
              389121.4878000021
            ],
            [
              286570.9606999997,
              389119.19280000031
            ],
            [
              286561.72210000176,
              389115.89330000058
            ],
            [
              286553.49560000189,
              389110.34759999998
            ],
            [
              286545.0214999998,
              389104.30040000379
            ],
            [
              286537.29910000227,
              389098.00690000132
            ],
            [
              286532.57460000087,
              389092.47929999977
            ],
            [
              286529.8423000006,
              389088.71290000156
            ],
            [
              286527.10230000317,
              389086.44749999978
            ],
            [
              286522.3610999994,
              389084.17170000263
            ],
            [
              286518.62949999887,
              389080.1501000002
            ],
            [
              286512.89410000201,
              389076.61849999987
            ],
            [
              286503.14620000031,
              389075.06740000099
            ],
            [
              286491.39959999919,
              389073.00579999946
            ],
            [
              286482.40590000153,
              389070.70820000209
            ],
            [
              286474.17300000042,
              389066.41330000199
            ],
            [
              286466.93680000305,
              389062.87390000187
            ],
            [
              286459.19510000385,
              389060.33259999938
            ],
            [
              286446.71610000171,
              389054.76510000229
            ],
            [
              286437.72630000301,
              389051.71700000018
            ],
            [
              286428.99820000306,
              389046.41899999976
            ],
            [
              286422.25719999988,
              389043.88279999979
            ],
            [
              286417.00280000083,
              389044.10590000264
            ],
            [
              286410.49129999988,
              389045.57340000011
            ],
            [
              286403.73220000323,
              389046.53920000046
            ],
            [
              286395.97130000405,
              389047.75010000169
            ],
            [
              286387.47020000033,
              389046.95590000227
            ],
            [
              286381.47570000309,
              389045.17400000431
            ],
            [
              286374.23819999956,
              389041.88480000198
            ],
            [
              286365.99750000052,
              389039.09080000035
            ],
            [
              286358.25590000208,
              389036.54940000363
            ],
            [
              286351.50709999911,
              389035.51410000212
            ],
            [
              286343.75380000006,
              389035.22410000302
            ],
            [
              286335.9980000034,
              389035.43439999968
            ],
            [
              286329.74440000392,
              389035.40220000036
            ],
            [
              286319.74760000128,
              389033.59979999997
            ],
            [
              286304.75940000359,
              389029.52030000277
            ],
            [
              286293.78130000271,
              389023.96050000377
            ],
            [
              286284.79410000239,
              389020.41210000403
            ],
            [
              286277.55140000302,
              389018.12350000069
            ],
            [
              286270.05090000387,
              389017.33449999988
            ],
            [
              286264.55030000117,
              389016.80590000004
            ],
            [
              286260.2965000011,
              389017.03419999965
            ],
            [
              286258.03750000056,
              389018.5234999992
            ],
            [
              286256.03630000167,
              389018.51320000179
            ],
            [
              286253.30140000023,
              389015.24720000103
            ],
            [
              286251.58130000159,
              389009.23469999991
            ],
            [
              286249.62380000018,
              389000.71939999983
            ],
            [
              286250.16270000022,
              388993.21760000102
            ],
            [
              286251.71500000171,
              388983.21949999966
            ],
            [
              286251.74849999975,
              388976.71570000052
            ],
            [
              286251.79090000317,
              388968.46089999937
            ],
            [
              286253.58820000105,
              388959.46470000036
            ],
            [
              286254.87760000397,
              388951.96670000069
            ],
            [
              286255.17530000024,
              388942.71260000207
            ],
            [
              286254.71999999974,
              388933.9550000038
            ],
            [
              286252.76000000071,
              388925.94000000134
            ],
            [
              286254.04030000418,
              388920.1930999998
            ],
            [
              286256.81120000128,
              388916.45500000007
            ],
            [
              286257.59510000236,
              388909.95510000177
            ],
            [
              286258.88439999986,
              388902.45720000006
            ],
            [
              286262.91760000121,
              388896.47430000268
            ],
            [
              286264.95350000076,
              388889.73060000129
            ],
            [
              286267.48579999991,
              388883.74000000022
            ],
            [
              286268.26710000169,
              388877.74029999971
            ],
            [
              286269.3114000028,
              388869.24050000124
            ],
            [
              286269.8516000025,
              388861.4886000026
            ],
            [
              286270.6483000014,
              388852.48719999939
            ],
            [
              286272.43790000211,
              388844.99180000275
            ],
            [
              286275.52070000116,
              388829.2480999995
            ],
            [
              286276.31230000034,
              388821.24730000086
            ],
            [
              286278.09800000023,
              388814.50239999965
            ],
            [
              286280.62650000025,
              388809.26219999976
            ],
            [
              286282.87910000142,
              388809.02360000275
            ],
            [
              286286.38240000047,
              388808.79140000232
            ],
            [
              286287.39589999989,
              388806.29510000162
            ],
            [
              286284.65710000228,
              388803.77950000018
            ],
            [
              286280.16090000141,
              388802.50569999963
            ],
            [
              286275.17349999957,
              388799.47819999978
            ],
            [
              286271.45210000314,
              388793.45540000126
            ],
            [
              286270.49270000216,
              388785.44559999928
            ],
            [
              286269.52559999935,
              388778.9366999995
            ],
            [
              286270.06700000074,
              388770.9346000012
            ],
            [
              286270.35450000223,
              388763.68159999885
            ],
            [
              286269.92100000195,
              388750.67149999924
            ],
            [
              286269.73390000314,
              388738.41310000233
            ],
            [
              286267.80480000284,
              388724.3946000021
            ],
            [
              286266.86589999963,
              388712.3825000003
            ],
            [
              286267.65490000136,
              388704.88199999928
            ],
            [
              286266.96109999996,
              388693.87170000002
            ],
            [
              286265.50650000013,
              388684.85869999789
            ],
            [
              286263.05010000244,
              388676.09080000408
            ],
            [
              286259.34680000134,
              388666.56590000167
            ],
            [
              286255.63320000004,
              388659.04230000079
            ],
            [
              286251.16399999987,
              388652.51530000009
            ],
            [
              286246.19060000032,
              388646.73630000278
            ],
            [
              286241.2340000011,
              388637.70529999956
            ],
            [
              286238.01939999964,
              388630.43439999968
            ],
            [
              286236.56360000372,
              388621.6715000011
            ],
            [
              286238.60720000416,
              388613.42700000107
            ],
            [
              286240.63410000037,
              388608.43439999968
            ],
            [
              286241.16650000308,
              388602.18329999782
            ],
            [
              286240.20320000034,
              388594.92400000058
            ],
            [
              286240.25850000232,
              388584.16770000011
            ],
            [
              286239.2901000008,
              388577.90890000202
            ],
            [
              286241.57610000018,
              388571.16660000198
            ],
            [
              286244.86400000285,
              388564.1791999992
            ],
            [
              286249.13960000034,
              388559.69840000384
            ],
            [
              286252.41340000089,
              388555.46270000003
            ],
            [
              286256.20930000022,
              388546.97699999996
            ],
            [
              286260.01939999964,
              388535.73970000073
            ],
            [
              286262.80830000341,
              388528.49970000237
            ],
            [
              286264.35160000157,
              388520.25260000117
            ],
            [
              286267.64209999982,
              388512.76490000263
            ],
            [
              286269.91780000087,
              388508.02370000072
            ],
            [
              286273.4430000009,
              388503.5391000025
            ],
            [
              286275.97270000353,
              388498.04880000092
            ],
            [
              286276.75020000059,
              388492.79960000329
            ],
            [
              286276.7695000004,
              388489.04739999957
            ],
            [
              286279.04140000232,
              388485.05660000443
            ],
            [
              286282.57040000148,
              388479.82159999758
            ],
            [
              286286.35989999957,
              388472.5866000019
            ],
            [
              286289.64140000194,
              388466.85000000149
            ],
            [
              286292.17370000109,
              388460.85940000042
            ],
            [
              286295.95930000395,
              388454.37490000017
            ],
            [
              286298.49419999961,
              388447.88390000165
            ],
            [
              286300.52110000234,
              388442.89130000398
            ],
            [
              286301.30370000098,
              388436.64149999991
            ],
            [
              286301.33320000209,
              388430.88819999993
            ],
            [
              286301.12299999967,
              388423.13240000047
            ],
            [
              286303.16009999998,
              388416.13859999925
            ],
            [
              286304.4469000008,
              388409.14089999907
            ],
            [
              286308.47750000004,
              388403.65830000117
            ],
            [
              286312.76860000007,
              388396.17580000125
            ],
            [
              286314.80190000217,
              388389.93240000121
            ],
            [
              286317.58820000105,
              388383.19270000048
            ],
            [
              286319.87289999984,
              388376.70040000044
            ],
            [
              286323.17240000144,
              388367.46180000156
            ],
            [
              286325.71630000137,
              388359.21979999915
            ],
            [
              286327.76630000118,
              388349.72460000031
            ],
            [
              286329.31480000168,
              388340.47690000013
            ],
            [
              286329.86270000041,
              388331.22410000116
            ],
            [
              286329.39840000123,
              388324.2173999995
            ],
            [
              286328.440200001,
              388315.95750000142
            ],
            [
              286328.47240000311,
              388309.70380000211
            ],
            [
              286327.76310000103,
              388301.69530000165
            ],
            [
              286329.54880000092,
              388294.95040000044
            ],
            [
              286330.83820000384,
              388287.4523999989
            ],
            [
              286332.1287000021,
              388279.7042999994
            ],
            [
              286331.9159000013,
              388272.44880000129
            ],
            [
              286330.19320000242,
              388266.93660000153
            ],
            [
              286330.22020000219,
              388261.68359999917
            ],
            [
              286331.99820000306,
              388256.43950000219
            ],
            [
              286333.03740000073,
              388248.94030000269
            ],
            [
              286333.32740000356,
              388241.18710000068
            ],
            [
              286333.1017000014,
              388236.43300000019
            ],
            [
              286332.63090000115,
              388230.6771000009
            ],
            [
              286332.40270000044,
              388226.42329999991
            ],
            [
              286332.9132000003,
              388224.42470000125
            ],
            [
              286335.17740000132,
              388221.93480000459
            ],
            [
              286341.9596000025,
              388216.46639999934
            ],
            [
              286346.23649999965,
              388211.73539999872
            ],
            [
              286348.76370000094,
              388206.74540000223
            ],
            [
              286349.79130000249,
              388201.49750000052
            ],
            [
              286351.07160000131,
              388195.75060000457
            ],
            [
              286352.85610000137,
              388189.25580000319
            ],
            [
              286354.64570000302,
              388181.76040000096
            ],
            [
              286356.93300000206,
              388174.76790000312
            ],
            [
              286359.22030000295,
              388167.77539999969
            ],
            [
              286362.25290000066,
              388161.78730000369
            ],
            [
              286366.03600000031,
              388155.8030999992
            ],
            [
              286369.58430000115,
              388146.81589999981
            ],
            [
              286373.13010000065,
              388138.32890000194
            ],
            [
              286376.67580000125,
              388129.84200000763
            ],
            [
              286378.97860000283,
              388119.84770000167
            ],
            [
              286381.52250000369,
              388111.60580000095
            ],
            [
              286384.31390000042,
              388103.86540000327
            ],
            [
              286388.35099999979,
              388097.13200000115
            ],
            [
              286393.39380000066,
              388089.40320000052
            ],
            [
              286398.67120000347,
              388084.67750000022
            ],
            [
              286402.45690000243,
              388078.19299999997
            ],
            [
              286404.98790000007,
              388072.45250000246
            ],
            [
              286406.26310000196,
              388067.70610000193
            ],
            [
              286409.53940000199,
              388062.9701000005
            ],
            [
              286417.06820000149,
              388058.25589999929
            ],
            [
              286420.59339999966,
              388053.77129999921
            ],
            [
              286424.61500000022,
              388050.03970000148
            ],
            [
              286429.39220000245,
              388045.31130000204
            ],
            [
              286433.92050000094,
              388040.33160000108
            ],
            [
              286437.94470000081,
              388036.09960000217
            ],
            [
              286442.96820000373,
              388032.12300000153
            ],
            [
              286449.49260000233,
              388028.15410000086
            ],
            [
              286458.50170000177,
              388027.44999999925
            ],
            [
              286463.01200000383,
              388025.97230000235
            ],
            [
              286468.53840000276,
              388021.49789999984
            ],
            [
              286475.82220000215,
              388015.78190000169
            ],
            [
              286480.61480000056,
              388008.05179999955
            ],
            [
              286484.65060000122,
              388001.56860000081
            ],
            [
              286489.18149999995,
              387996.0885000024
            ],
            [
              286492.21920000017,
              387989.09990000166
            ],
            [
              286494.00500000268,
              387982.35490000062
            ],
            [
              286496.3013000004,
              387973.61140000075
            ],
            [
              286497.34300000221,
              387965.6118999999
            ],
            [
              286498.63880000357,
              387956.86319999956
            ],
            [
              286498.94420000073,
              387946.1082000006
            ],
            [
              286498.97120000236,
              387940.85520000383
            ],
            [
              286499.9897999987,
              387937.35830000229
            ],
            [
              286501.51510000043,
              387932.61319999956
            ],
            [
              286502.28610000107,
              387928.61469999887
            ],
            [
              286503.8191000009,
              387922.36879999936
            ],
            [
              286505.11610000115,
              387913.36999999918
            ],
            [
              286507.40600000042,
              387905.87719999999
            ],
            [
              286509.69340000302,
              387898.88470000029
            ],
            [
              286511.73049999867,
              387891.89090000279
            ],
            [
              286515.26210000087,
              387886.15550000221
            ],
            [
              286518.5410000002,
              387880.91919999942
            ],
            [
              286521.30940000061,
              387877.68140000105
            ],
            [
              286522.33440000284,
              387872.9338000007
            ],
            [
              286522.86940000299,
              387866.18239999935
            ],
            [
              286524.90530000068,
              387859.43879999965
            ],
            [
              286525.18370000273,
              387853.93690000288
            ],
            [
              286527.21960000228,
              387847.19319999963
            ],
            [
              286530.50230000354,
              387841.20640000142
            ],
            [
              286531.77620000113,
              387836.71030000225
            ],
            [
              286533.5541999992,
              387831.46619999968
            ],
            [
              286535.82870000135,
              387826.97509999946
            ],
            [
              286538.6034000013,
              387822.48670000024
            ],
            [
              286542.88680000138,
              387816.50500000268
            ],
            [
              286543.90409999993,
              387813.2583000008
            ],
            [
              286544.42749999929,
              387808.75820000097
            ],
            [
              286544.47770000063,
              387799.00249999762
            ],
            [
              286545.52070000209,
              387790.75290000252
            ],
            [
              286546.54439999908,
              387786.255400002
            ],
            [
              286548.81760000344,
              387782.01449999958
            ],
            [
              286549.09340000059,
              387777.0129000023
            ],
            [
              286547.85810000356,
              387774.00470000133
            ],
            [
              286547.12310000416,
              387770.99909999967
            ],
            [
              286547.39260000084,
              387767.24820000678
            ],
            [
              286545.65950000286,
              387763.7370999977
            ],
            [
              286542.42050000187,
              387761.21900000237
            ],
            [
              286540.43350000307,
              387758.45710000023
            ],
            [
              286539.69850000087,
              387755.45150000416
            ],
            [
              286539.72030000389,
              387751.19900000282
            ],
            [
              286540.99940000102,
              387745.70220000111
            ],
            [
              286542.78640000056,
              387738.7071000021
            ],
            [
              286545.58169999998,
              387730.21630000137
            ],
            [
              286547.86130000278,
              387724.72470000386
            ],
            [
              286550.39360000286,
              387718.73399999738
            ],
            [
              286552.17940000258,
              387711.98910000175
            ],
            [
              286552.71179999877,
              387705.73800000176
            ],
            [
              286552.4784000013,
              387702.48480000161
            ],
            [
              286553.74710000213,
              387698.98920000345
            ],
            [
              286560.02260000072,
              387694.76890000142
            ],
            [
              286565.29240000341,
              387691.54399999976
            ],
            [
              286570.56090000086,
              387688.56929999962
            ],
            [
              286577.0736999996,
              387686.85170000233
            ],
            [
              286585.09370000381,
              387683.89110000245
            ],
            [
              286595.12660000194,
              387678.6894000005
            ],
            [
              286601.65479999967,
              387673.97010000423
            ],
            [
              286609.94430000056,
              387667.25860000215
            ],
            [
              286611.72879999876,
              387660.76380000077
            ],
            [
              286612.00980000105,
              387654.76160000078
            ],
            [
              286612.53960000351,
              387649.01080000214
            ],
            [
              286612.83870000113,
              387639.50659999996
            ],
            [
              286611.11980000325,
              387633.24390000105
            ],
            [
              286607.64600000344,
              387627.72269999795
            ],
            [
              286607.42550000362,
              387621.96810000204
            ],
            [
              286608.4569000015,
              387615.96969999932
            ],
            [
              286609.47800000198,
              387611.97250000201
            ],
            [
              286610.00150000211,
              387607.47250000015
            ],
            [
              286608.04020000156,
              387599.70770000108
            ],
            [
              286601.83800000045,
              387589.66970000044
            ],
            [
              286596.61700000055,
              387583.38900000043
            ],
            [
              286595.39719999954,
              387577.37910000235
            ],
            [
              286593.9168999996,
              387573.36910000257
            ],
            [
              286592.43530000094,
              387569.60920000263
            ],
            [
              286588.9525000006,
              387565.83900000155
            ],
            [
              286588.97820000071,
              387560.83610000275
            ],
            [
              286592.49700000044,
              387557.60220000148
            ],
            [
              286595.51800000109,
              387553.86539999954
            ],
            [
              286596.78420000058,
              387550.87010000274
            ],
            [
              286595.0549999997,
              387546.60859999806
            ],
            [
              286591.06680000201,
              387543.83640000224
            ],
            [
              286585.34310000297,
              387538.05350000225
            ],
            [
              286582.39020000305,
              387528.53250000253
            ],
            [
              286581.92850000411,
              387521.02560000122
            ],
            [
              286582.96119999979,
              387514.77710000053
            ],
            [
              286585.24340000097,
              387508.78520000167
            ],
            [
              286588.01810000092,
              387504.29670000076
            ],
            [
              286587.29340000171,
              387499.28990000486
            ],
            [
              286585.0549000008,
              387496.77690000273
            ],
            [
              286582.5650000032,
              387494.51270000078
            ],
            [
              286581.58120000176,
              387491.25570000149
            ],
            [
              286582.59850000031,
              387488.00889999978
            ],
            [
              286584.85749999993,
              387486.5196000021
            ],
            [
              286586.11980000325,
              387484.27470000274
            ],
            [
              286585.63360000309,
              387481.5206000004
            ],
            [
              286582.13800000213,
              387480.25180000253
            ],
            [
              286579.14140000194,
              387479.23579999991
            ],
            [
              286575.65479999967,
              387476.21609999985
            ],
            [
              286574.91980000213,
              387473.21050000191
            ],
            [
              286575.93450000137,
              387470.46399999969
            ],
            [
              286576.45670000184,
              387466.21410000138
            ],
            [
              286574.9700000016,
              387463.45480000041
            ],
            [
              286572.4878000021,
              387459.68969999999
            ],
            [
              286571.0139000006,
              387454.4290000014
            ],
            [
              286571.29620000161,
              387448.17659999803
            ],
            [
              286572.58420000318,
              387440.92879999988
            ],
            [
              286572.62020000163,
              387433.92469999939
            ],
            [
              286572.15460000094,
              387427.16819999926
            ],
            [
              286572.96549999993,
              387415.41520000063
            ],
            [
              286573.75970000401,
              387406.91410000063
            ],
            [
              286572.79120000266,
              387400.65530000255
            ],
            [
              286571.08519999962,
              387391.89120000228
            ],
            [
              286570.86590000056,
              387385.88640000112
            ],
            [
              286569.88200000115,
              387382.6294000037
            ],
            [
              286567.40240000095,
              387378.36409999989
            ],
            [
              286564.43150000088,
              387372.3451000005
            ],
            [
              286560.71280000079,
              387365.82210000046
            ],
            [
              286557.24670000095,
              387358.80000000261
            ],
            [
              286553.54210000299,
              387349.52530000359
            ],
            [
              286549.33340000175,
              387340.99850000441
            ],
            [
              286546.62030000053,
              387333.48000000045
            ],
            [
              286544.67060000077,
              387323.46390000358
            ],
            [
              286543.6996000018,
              387317.7053999994
            ],
            [
              286542.46300000418,
              387314.94730000198
            ],
            [
              286538.24010000005,
              387309.17210000195
            ],
            [
              286537.52049999963,
              387303.16480000131
            ],
            [
              286538.80470000114,
              387296.66740000062
            ],
            [
              286540.8405000018,
              387289.92380000092
            ],
            [
              286543.12270000018,
              387283.93180000223
            ],
            [
              286545.6473000031,
              387279.44210000336
            ],
            [
              286549.92550000083,
              387274.4609999992
            ],
            [
              286551.94340000302,
              387271.21940000355
            ],
            [
              286553.22240000218,
              387265.72260000184
            ],
            [
              286553.49569999985,
              387261.22130000219
            ],
            [
              286552.51439999975,
              387257.46400000155
            ],
            [
              286549.783400001,
              387253.44749999978
            ],
            [
              286547.07930000313,
              387244.17790000141
            ],
            [
              286545.8685000008,
              387236.41699999943
            ],
            [
              286545.89670000225,
              387230.91379999928
            ],
            [
              286549.16920000315,
              387226.92819999903
            ],
            [
              286550.94340000302,
              387222.43449999951
            ],
            [
              286551.21280000173,
              387218.68360000104
            ],
            [
              286550.7433999991,
              387212.67760000192
            ],
            [
              286552.51880000066,
              387207.9338000007
            ],
            [
              286552.55480000097,
              387200.92970000021
            ],
            [
              286552.58570000064,
              387194.92620000243
            ],
            [
              286553.86720000301,
              387188.92920000106
            ],
            [
              286557.66060000099,
              387180.9438000042
            ],
            [
              286563.19080000371,
              387175.71900000051
            ],
            [
              286568.21560000163,
              387171.49220000021
            ],
            [
              286574.74629999977,
              387166.27260000259
            ],
            [
              286581.27460000385,
              387161.55330000073
            ],
            [
              286585.0550000025,
              387156.06929999962
            ],
            [
              286588.08630000148,
              387150.33140000142
            ],
            [
              286592.11699999962,
              387144.84880000353
            ],
            [
              286598.8992000008,
              387139.38030000404
            ],
            [
              286606.93730000034,
              387132.91760000214
            ],
            [
              286611.46690000407,
              387127.68769999966
            ],
            [
              286620.76090000197,
              387120.23090000078
            ],
            [
              286628.54619999975,
              387114.26730000414
            ],
            [
              286637.32959999982,
              387108.80910000019
            ],
            [
              286645.35360000096,
              387105.0979999993
            ],
            [
              286650.8722000001,
              387102.12450000457
            ],
            [
              286657.14510000404,
              387098.40450000018
            ],
            [
              286660.16870000027,
              387094.16740000434
            ],
            [
              286661.69660000131,
              387088.92210000195
            ],
            [
              286663.49390000105,
              387079.92579999939
            ],
            [
              286665.54269999918,
              387070.68070000038
            ],
            [
              286667.09110000171,
              387061.43310000002
            ],
            [
              286667.87620000169,
              387054.68300000019
            ],
            [
              286667.16180000082,
              387047.67500000075
            ],
            [
              286665.95350000169,
              387039.41380000114
            ],
            [
              286663.23790000007,
              387032.3956000004
            ],
            [
              286659.76669999957,
              387026.37409999967
            ],
            [
              286657.29480000027,
              387020.60790000111
            ],
            [
              286653.10020000115,
              387009.32940000296
            ],
            [
              286651.39800000004,
              386999.81489999965
            ],
            [
              286651.19030000083,
              386991.5588000007
            ],
            [
              286652.21019999962,
              386987.81180000119
            ],
            [
              286650.73369999975,
              386983.05130000226
            ],
            [
              286648.01560000144,
              386976.53340000287
            ],
            [
              286645.29610000085,
              386970.26560000144
            ],
            [
              286643.33350000251,
              386962.7509000022
            ],
            [
              286642.35990000051,
              386957.49269999936
            ],
            [
              286640.88350000232,
              386952.73220000044
            ],
            [
              286638.41540000029,
              386946.21560000256
            ],
            [
              286634.70949999988,
              386937.19099999778
            ],
            [
              286631.23830000125,
              386931.1695000045
            ],
            [
              286628.51370000187,
              386925.90230000392
            ],
            [
              286626.54339999985,
              386919.88859999925
            ],
            [
              286626.08170000091,
              386912.38159999996
            ],
            [
              286626.85659999866,
              386907.63270000182
            ],
            [
              286629.62620000262,
              386904.14479999989
            ],
            [
              286631.65300000086,
              386899.15220000222
            ],
            [
              286633.17830000073,
              386894.40709999949
            ],
            [
              286632.70120000001,
              386889.9019000046
            ],
            [
              286632.46650000196,
              386886.89890000224
            ],
            [
              286630.24860000238,
              386880.38350000419
            ],
            [
              286626.52979999874,
              386873.86040000059
            ],
            [
              286622.80590000376,
              386868.33799999952
            ],
            [
              286618.34060000163,
              386861.06060000136
            ],
            [
              286615.13240000326,
              386852.53889999911
            ],
            [
              286612.43350000028,
              386842.26879999973
            ],
            [
              286613.73440000042,
              386832.5195000004
            ],
            [
              286615.26870000269,
              386826.02350000106
            ],
            [
              286615.30720000062,
              386818.51910000108
            ],
            [
              286614.60430000164,
              386809.25979999825
            ],
            [
              286613.14590000082,
              386800.99730000272
            ],
            [
              286609.68890000042,
              386792.22419999726
            ],
            [
              286606.20100000128,
              386789.45460000075
            ],
            [
              286601.2173000006,
              386785.67669999972
            ],
            [
              286595.76550000254,
              386775.6425999999
            ],
            [
              286593.30009999964,
              386768.62570000067
            ],
            [
              286593.08460000157,
              386761.87040000036
            ],
            [
              286594.37009999994,
              386755.12289999984
            ],
            [
              286595.15140000358,
              386749.12329999916
            ],
            [
              286596.19180000015,
              386741.37390000187
            ],
            [
              286598.74980000034,
              386730.380400002
            ],
            [
              286600.2957000006,
              386721.63299999945
            ],
            [
              286599.32210000418,
              386716.3748000022
            ],
            [
              286597.60319999978,
              386710.11209999956
            ],
            [
              286594.63750000112,
              386703.09259999916
            ],
            [
              286593.92300000135,
              386696.08469999954
            ],
            [
              286595.94990000222,
              386691.09200000204
            ],
            [
              286599.9868999999,
              386684.35869999975
            ],
            [
              286602.52310000174,
              386677.61760000326
            ],
            [
              286605.06960000005,
              386668.87530000135
            ],
            [
              286605.86240000091,
              386660.62439999916
            ],
            [
              286605.14800000191,
              386653.61650000326
            ],
            [
              286603.6818000013,
              386646.85480000451
            ],
            [
              286603.21370000206,
              386640.59860000201
            ],
            [
              286603.5075000003,
              386632.09490000084
            ],
            [
              286604.79550000001,
              386624.84710000269
            ],
            [
              286607.0764000006,
              386619.10530000366
            ],
            [
              286611.11990000028,
              386611.12120000273
            ],
            [
              286613.15189999994,
              386605.12800000049
            ],
            [
              286615.1838999996,
              386599.13480000012
            ],
            [
              286615.4598000003,
              386594.13320000283
            ],
            [
              286613.7396000009,
              386588.12070000172
            ],
            [
              286611.26510000229,
              386582.85480000451
            ],
            [
              286611.04200000223,
              386577.60040000081
            ],
            [
              286610.3275000006,
              386570.59249999933
            ],
            [
              286610.12620000169,
              386561.08570000343
            ],
            [
              286609.66450000089,
              386553.57869999856
            ],
            [
              286607.18360000104,
              386549.56350000389
            ],
            [
              286605.2106999997,
              386544.05000000261
            ],
            [
              286604.00760000013,
              386534.7882000003
            ],
            [
              286603.05840000138,
              386524.77720000409
            ],
            [
              286602.09120000061,
              386518.26830000244
            ],
            [
              286600.37880000006,
              386510.75490000471
            ],
            [
              286597.91200000048,
              386503.98809999973
            ],
            [
              286596.94360000081,
              386497.72940000147
            ],
            [
              286597.46830000263,
              386492.97920000367
            ],
            [
              286599.73890000023,
              386489.23850000277
            ],
            [
              286601.01920000371,
              386483.49160000123
            ],
            [
              286600.29960000049,
              386477.48430000059
            ],
            [
              286597.59169999976,
              386468.96520000324
            ],
            [
              286593.89870000258,
              386457.43920000084
            ],
            [
              286588.46100000106,
              386444.65350000188
            ],
            [
              286585.24120000005,
              386438.38310000114
            ],
            [
              286581.77260000166,
              386431.86130000465
            ],
            [
              286579.32259999961,
              386421.84260000288
            ],
            [
              286579.37140000239,
              386412.33709999919
            ],
            [
              286580.15790000092,
              386405.33689999953
            ],
            [
              286581.95130000357,
              386397.09110000171
            ],
            [
              286581.7462000018,
              386388.3347000014
            ],
            [
              286580.29670000263,
              386378.32110000029
            ],
            [
              286577.85180000123,
              386367.30190000124
            ],
            [
              286575.87249999959,
              386363.03910000436
            ],
            [
              286574.16000000294,
              386355.52570000105
            ],
            [
              286574.44359999988,
              386349.0231999997
            ],
            [
              286573.74969999958,
              386338.01290000044
            ],
            [
              286573.03780000191,
              386330.50470000319
            ],
            [
              286573.07380000316,
              386323.50060000084
            ],
            [
              286573.3638000004,
              386315.74740000069
            ],
            [
              286573.63070000056,
              386312.49679999985
            ],
            [
              286577.41110000107,
              386307.0129000023
            ],
            [
              286582.94259999972,
              386301.53790000081
            ],
            [
              286588.22530000005,
              386295.81160000153
            ],
            [
              286594.50589999929,
              386290.59060000256
            ],
            [
              286602.54910000321,
              386283.12740000151
            ],
            [
              286607.58669999987,
              386276.39919999987
            ],
            [
              286611.8777999999,
              386268.91669999994
            ],
            [
              286614.41270000208,
              386262.42570000142
            ],
            [
              286614.94250000268,
              386256.67490000278
            ],
            [
              286614.71810000297,
              386251.67070000246
            ],
            [
              286612.75030000042,
              386245.15670000389
            ],
            [
              286609.52410000097,
              386240.13700000383
            ],
            [
              286606.30180000141,
              386234.36700000055
            ],
            [
              286602.0866000019,
              386227.09090000391
            ],
            [
              286597.61610000022,
              386220.81410000101
            ],
            [
              286594.39250000194,
              386215.29420000128
            ],
            [
              286589.9168999996,
              386210.01800000295
            ],
            [
              286586.9486000007,
              386203.49880000018
            ],
            [
              286584.24450000096,
              386194.22930000164
            ],
            [
              286584.02259999979,
              386188.72480000369
            ],
            [
              286584.0560999997,
              386182.2210000027
            ],
            [
              286583.34550000262,
              386174.46260000207
            ],
            [
              286583.8702000007,
              386169.71240000241
            ],
            [
              286584.90550000314,
              386162.96360000037
            ],
            [
              286586.93230000045,
              386157.9710000027
            ],
            [
              286588.20750000328,
              386153.22460000217
            ],
            [
              286585.9832000006,
              386147.96000000089
            ],
            [
              286583.51640000287,
              386141.19320000149
            ],
            [
              286582.7993999999,
              386134.6855999995
            ],
            [
              286581.82710000221,
              386129.1772000026
            ],
            [
              286582.85340000223,
              386124.17940000072
            ],
            [
              286583.88100000191,
              386118.9315000046
            ],
            [
              286582.40580000263,
              386113.92090000026
            ],
            [
              286579.91720000003,
              386111.4066000022
            ],
            [
              286576.67300000135,
              386109.88900000229
            ],
            [
              286573.68930000253,
              386106.37150000036
            ],
            [
              286571.95750000235,
              386102.61030000076
            ],
            [
              286569.23550000228,
              386096.84290000238
            ],
            [
              286565.25630000327,
              386092.31969999894
            ],
            [
              286562.77280000225,
              386088.8048000019
            ],
            [
              286558.02780000214,
              386087.27950000018
            ],
            [
              286551.5278000012,
              386086.49560000189
            ],
            [
              286546.02460000291,
              386086.46729999967
            ],
            [
              286541.26800000109,
              386087.19339999929
            ],
            [
              286536.01240000036,
              386087.66670000181
            ],
            [
              286531.00690000039,
              386088.14120000228
            ],
            [
              286527.76140000112,
              386086.87380000018
            ],
            [
              286525.27280000038,
              386084.35950000212
            ],
            [
              286525.53580000065,
              386081.85930000246
            ],
            [
              286526.05279999971,
              386078.61000000127
            ],
            [
              286523.06259999983,
              386076.34329999983
            ],
            [
              286514.8180999998,
              386074.29969999939
            ],
            [
              286503.83480000123,
              386069.74049999937
            ],
            [
              286495.85070000403,
              386065.69700000249
            ],
            [
              286485.62170000002,
              386060.39130000211
            ],
            [
              286477.88520000037,
              386056.84939999878
            ],
            [
              286467.14439999964,
              386053.79240000248
            ],
            [
              286458.14560000319,
              386052.49540000036
            ],
            [
              286449.64570000302,
              386051.45110000111
            ],
            [
              286438.64830000047,
              386049.64350000024
            ],
            [
              286429.66750000045,
              386044.84450000152
            ],
            [
              286423.18300000019,
              386041.05890000239
            ],
            [
              286415.95189999882,
              386036.51900000125
            ],
            [
              286406.46179999877,
              386033.46840000153
            ],
            [
              286394.47020000312,
              386030.40489999764
            ],
            [
              286384.96980000008,
              386029.35549999774
            ],
            [
              286375.97490000073,
              386027.30810000002
            ],
            [
              286361.98849999998,
              386022.98359999992
            ],
            [
              286352.25340000074,
              386018.9310999997
            ],
            [
              286339.52560000215,
              386013.11220000125
            ],
            [
              286329.05539999995,
              386006.0541999992
            ],
            [
              286321.56520000193,
              386003.26400000043
            ],
            [
              286310.57419999968,
              386000.20570000075
            ],
            [
              286298.83790000249,
              385996.14299999923
            ],
            [
              286288.09320000187,
              385993.83640000224
            ],
            [
              286279.34580000024,
              385992.29050000012
            ],
            [
              286271.34249999933,
              385991.99920000136
            ],
            [
              286261.07620000001,
              385993.94769999944
            ],
            [
              286249.80420000292,
              385996.89159999974
            ],
            [
              286238.27440000232,
              386001.33510000445
            ],
            [
              286230.7469000034,
              386005.79920000024
            ],
            [
              286225.97360000107,
              386009.77710000053
            ],
            [
              286220.46390000358,
              386010.99950000085
            ],
            [
              286217.7200000016,
              386009.48450000025
            ],
            [
              286207.97460000031,
              386007.43320000358
            ],
            [
              286199.72499999963,
              386006.39020000212
            ],
            [
              286192.70030000061,
              386010.35660000145
            ],
            [
              286187.4383000005,
              386012.08060000092
            ],
            [
              286181.43090000283,
              386012.80020000041
            ],
            [
              286176.68709999975,
              386011.02480000257
            ],
            [
              286171.94980000053,
              386007.99860000052
            ],
            [
              286166.20930000022,
              386005.46759999916
            ],
            [
              286161.45650000125,
              386005.4430999998
            ],
            [
              286155.20290000178,
              386005.41100000218
            ],
            [
              286149.94469999988,
              386006.38460000232
            ],
            [
              286144.44280000404,
              386006.10620000027
            ],
            [
              286142.19919999968,
              386004.59370000102
            ],
            [
              286138.70480000041,
              386003.07490000129
            ],
            [
              286131.45450000372,
              386002.28720000014
            ],
            [
              286127.95500000101,
              386001.76889999956
            ],
            [
              286119.45010000095,
              386001.72520000115
            ],
            [
              286112.19330000225,
              386002.18820000254
            ],
            [
              286106.43350000028,
              386003.40930000134
            ],
            [
              286101.93090000376,
              386003.3861999996
            ],
            [
              286095.92870000377,
              386003.10520000197
            ],
            [
              286089.68270000163,
              386001.57220000029
            ]
          ]
        ]
      }
    },
    {
      "attributes" : {
        "FID" : 4,
        "PMNTN_SN" : 56748,
        "MNTN_CODE" : "437403801",
        "MNTN_NM" : "황악산",
        "PMNTN_NM" : "흥덕리구간",
        "PMNTN_MAIN" : " ",
        "PMNTN_LT" : 0.08,
        "PMNTN_DFFL" : "쉬움",
        "PMNTN_UPPL" : 1,
        "PMNTN_GODN" : 1,
        "PMNTN_MTRQ" : " ",
        "PMNTN_CNRL" : " ",
        "PMNTN_CLS_" : "Y",
        "PMNTN_RISK" : " ",
        "PMNTN_RECO" : " ",
        "DATA_STDR_" : "2016-12-31",
        "MNTN_ID" : "437403801"
      },
      "geometry" : {
        "paths" : [
          [
            [
              286029.72620000131,
              385986.00480000116
            ],
            [
              286033.970900001,
              385987.52760000154
            ],
            [
              286038.20670000091,
              385990.8013000004
            ],
            [
              286040.93520000298,
              385995.3180999998
            ],
            [
              286043.40960000362,
              386000.58400000259
            ],
            [
              286046.88850000035,
              386005.10459999926
            ],
            [
              286051.86960000265,
              386009.38279999979
            ],
            [
              286055.85780000035,
              386012.15500000119
            ],
            [
              286059.59330000076,
              386015.42610000446
            ],
            [
              286063.32999999914,
              386018.44720000215
            ],
            [
              286067.07840000093,
              386019.21690000221
            ],
            [
              286075.09069999959,
              386017.75709999911
            ],
            [
              286078.10529999901,
              386015.27109999955
            ],
            [
              286082.12820000201,
              386011.28930000216
            ],
            [
              286086.15629999992,
              386006.30700000189
            ],
            [
              286089.68270000163,
              386001.57220000029
            ]
          ]
        ]
      }
    },
    {
      "attributes" : {
        "FID" : 5,
        "PMNTN_SN" : 56749,
        "MNTN_CODE" : "437403801",
        "MNTN_NM" : "황악산",
        "PMNTN_NM" : "흥덕리구간",
        "PMNTN_MAIN" : " ",
        "PMNTN_LT" : 0.02,
        "PMNTN_DFFL" : "쉬움",
        "PMNTN_UPPL" : 1,
        "PMNTN_GODN" : 0,
        "PMNTN_MTRQ" : " ",
        "PMNTN_CNRL" : " ",
        "PMNTN_CLS_" : "Y",
        "PMNTN_RISK" : " ",
        "PMNTN_RECO" : " ",
        "DATA_STDR_" : "2016-12-31",
        "MNTN_ID" : "437403801"
      },
      "geometry" : {
        "paths" : [
          [
            [
              286089.68270000163,
              386001.57220000029
            ],
            [
              286088.19470000081,
              385999.06300000288
            ],
            [
              286086.95810000319,
              385996.3049999997
            ],
            [
              286084.47470000293,
              385992.7901000008
            ],
            [
              286080.23500000313,
              385990.2667999994
            ]
          ]
        ]
      }
    }
  ]
}