{
  "displayFieldName" : "",
  "fieldAliases" : {
    "FID" : "FID",
    "PMNTN_SPOT" : "PMNTN_SPOT",
    "MNTN_CODE" : "MNTN_CODE",
    "MANAGE_SP1" : "MANAGE_SP1",
    "MANAGE_SP2" : "MANAGE_SP2",
    "DETAIL_SPO" : "DETAIL_SPO",
    "ETC_MATTER" : "ETC_MATTER",
    "MNTN_NM" : "MNTN_NM",
    "PAST_SPOT_" : "PAST_SPOT_",
    "MNTN_ID" : "MNTN_ID"
  },
  "geometryType" : "esriGeometryPoint",
  "spatialReference" : {
    "wkt" : "PROJCS[\"PCS_ITRF2000_TM\",GEOGCS[\"GCS_ITRF_2000\",DATUM[\"D_ITRF_2000\",SPHEROID[\"GRS_1980\",6378137.0,298.257222101]],PRIMEM[\"Greenwich\",0.0],UNIT[\"Degree\",0.0174532925199433]],PROJECTION[\"Transverse_Mercator\"],PARAMETER[\"False_Easting\",200000.0],PARAMETER[\"False_Northing\",600000.0],PARAMETER[\"Central_Meridian\",127.0],PARAMETER[\"Scale_Factor\",1.0],PARAMETER[\"Latitude_Of_Origin\",38.0],UNIT[\"Meter\",1.0]]"
  },
  "fields" : [
    {
      "name" : "FID",
      "type" : "esriFieldTypeOID",
      "alias" : "FID"
    },
    {
      "name" : "PMNTN_SPOT",
      "type" : "esriFieldTypeDouble",
      "alias" : "PMNTN_SPOT"
    },
    {
      "name" : "MNTN_CODE",
      "type" : "esriFieldTypeString",
      "alias" : "MNTN_CODE",
      "length" : 9
    },
    {
      "name" : "MANAGE_SP1",
      "type" : "esriFieldTypeString",
      "alias" : "MANAGE_SP1",
      "length" : 2
    },
    {
      "name" : "MANAGE_SP2",
      "type" : "esriFieldTypeString",
      "alias" : "MANAGE_SP2",
      "length" : 50
    },
    {
      "name" : "DETAIL_SPO",
      "type" : "esriFieldTypeString",
      "alias" : "DETAIL_SPO",
      "length" : 200
    },
    {
      "name" : "ETC_MATTER",
      "type" : "esriFieldTypeString",
      "alias" : "ETC_MATTER",
      "length" : 200
    },
    {
      "name" : "MNTN_NM",
      "type" : "esriFieldTypeString",
      "alias" : "MNTN_NM",
      "length" : 50
    },
    {
      "name" : "PAST_SPOT_",
      "type" : "esriFieldTypeString",
      "alias" : "PAST_SPOT_",
      "length" : 14
    },
    {
      "name" : "MNTN_ID",
      "type" : "esriFieldTypeString",
      "alias" : "MNTN_ID",
      "length" : 10
    }
  ],
  "features" : [
    {
      "attributes" : {
        "FID" : 0,
        "PMNTN_SPOT" : 23040,
        "MNTN_CODE" : "491103904",
        "MANAGE_SP1" : "99",
        "MANAGE_SP2" : "기타",
        "DETAIL_SPO" : "돈대미",
        "ETC_MATTER" : " ",
        "MNTN_NM" : "돈대미",
        "PAST_SPOT_" : "4911039040001",
        "MNTN_ID" : "491103904"
      },
      "geometry" : {
        "x" : 126400.51870875806,
        "y" : 73239.405930472538
      }
    },
    {
      "attributes" : {
        "FID" : 1,
        "PMNTN_SPOT" : 23041,
        "MNTN_CODE" : "491103904",
        "MANAGE_SP1" : "02",
        "MANAGE_SP2" : "분기점",
        "DETAIL_SPO" : "분기점",
        "ETC_MATTER" : " ",
        "MNTN_NM" : "돈대미",
        "PAST_SPOT_" : "4911039040002",
        "MNTN_ID" : "491103904"
      },
      "geometry" : {
        "x" : 126288.54080000054,
        "y" : 73239.599300002679
      }
    },
    {
      "attributes" : {
        "FID" : 2,
        "PMNTN_SPOT" : 23042,
        "MNTN_CODE" : "491103904",
        "MANAGE_SP1" : "02",
        "MANAGE_SP2" : "분기점",
        "DETAIL_SPO" : "분기점",
        "ETC_MATTER" : " ",
        "MNTN_NM" : "돈대미",
        "PAST_SPOT_" : "4911039040003",
        "MNTN_ID" : "491103904"
      },
      "geometry" : {
        "x" : 126323.35670000128,
        "y" : 73224.452600002289
      }
    },
    {
      "attributes" : {
        "FID" : 3,
        "PMNTN_SPOT" : 23043,
        "MNTN_CODE" : "491103904",
        "MANAGE_SP1" : "02",
        "MANAGE_SP2" : "분기점",
        "DETAIL_SPO" : "분기점",
        "ETC_MATTER" : " ",
        "MNTN_NM" : "돈대미",
        "PAST_SPOT_" : "4911039040004",
        "MNTN_ID" : "491103904"
      },
      "geometry" : {
        "x" : 126628.20110000111,
        "y" : 73165.436100004241
      }
    },
    {
      "attributes" : {
        "FID" : 4,
        "PMNTN_SPOT" : 23044,
        "MNTN_CODE" : "491103904",
        "MANAGE_SP1" : "01",
        "MANAGE_SP2" : "시종점",
        "DETAIL_SPO" : "시종점",
        "ETC_MATTER" : " ",
        "MNTN_NM" : "돈대미",
        "PAST_SPOT_" : "4911039040005",
        "MNTN_ID" : "491103904"
      },
      "geometry" : {
        "x" : 126633.93350000121,
        "y" : 73237.706900002435
      }
    }
  ]
}