{
  "displayFieldName" : "",
  "fieldAliases" : {
    "FID" : "FID",
    "PMNTN_SPOT" : "PMNTN_SPOT",
    "MNTN_CODE" : "MNTN_CODE",
    "MANAGE_SP1" : "MANAGE_SP1",
    "MANAGE_SP2" : "MANAGE_SP2",
    "DETAIL_SPO" : "DETAIL_SPO",
    "ETC_MATTER" : "ETC_MATTER",
    "MNTN_NM" : "MNTN_NM",
    "PAST_SPOT_" : "PAST_SPOT_",
    "MNTN_ID" : "MNTN_ID"
  },
  "geometryType" : "esriGeometryPoint",
  "spatialReference" : {
    "wkt" : "PROJCS[\"PCS_ITRF2000_TM\",GEOGCS[\"GCS_ITRF_2000\",DATUM[\"D_ITRF_2000\",SPHEROID[\"GRS_1980\",6378137.0,298.257222101]],PRIMEM[\"Greenwich\",0.0],UNIT[\"Degree\",0.0174532925199433]],PROJECTION[\"Transverse_Mercator\"],PARAMETER[\"False_Easting\",200000.0],PARAMETER[\"False_Northing\",600000.0],PARAMETER[\"Central_Meridian\",127.0],PARAMETER[\"Scale_Factor\",1.0],PARAMETER[\"Latitude_Of_Origin\",38.0],UNIT[\"Meter\",1.0]]"
  },
  "fields" : [
    {
      "name" : "FID",
      "type" : "esriFieldTypeOID",
      "alias" : "FID"
    },
    {
      "name" : "PMNTN_SPOT",
      "type" : "esriFieldTypeDouble",
      "alias" : "PMNTN_SPOT"
    },
    {
      "name" : "MNTN_CODE",
      "type" : "esriFieldTypeString",
      "alias" : "MNTN_CODE",
      "length" : 9
    },
    {
      "name" : "MANAGE_SP1",
      "type" : "esriFieldTypeString",
      "alias" : "MANAGE_SP1",
      "length" : 2
    },
    {
      "name" : "MANAGE_SP2",
      "type" : "esriFieldTypeString",
      "alias" : "MANAGE_SP2",
      "length" : 50
    },
    {
      "name" : "DETAIL_SPO",
      "type" : "esriFieldTypeString",
      "alias" : "DETAIL_SPO",
      "length" : 200
    },
    {
      "name" : "ETC_MATTER",
      "type" : "esriFieldTypeString",
      "alias" : "ETC_MATTER",
      "length" : 200
    },
    {
      "name" : "MNTN_NM",
      "type" : "esriFieldTypeString",
      "alias" : "MNTN_NM",
      "length" : 50
    },
    {
      "name" : "PAST_SPOT_",
      "type" : "esriFieldTypeString",
      "alias" : "PAST_SPOT_",
      "length" : 14
    },
    {
      "name" : "MNTN_ID",
      "type" : "esriFieldTypeString",
      "alias" : "MNTN_ID",
      "length" : 10
    }
  ],
  "features" : [
    {
      "attributes" : {
        "FID" : 0,
        "PMNTN_SPOT" : 17306,
        "MNTN_CODE" : "287201701",
        "MANAGE_SP1" : "01",
        "MANAGE_SP2" : "시종점",
        "DETAIL_SPO" : "시종점",
        "ETC_MATTER" : " ",
        "MNTN_NM" : "노적산",
        "PAST_SPOT_" : "2872017010001",
        "MNTN_ID" : "287201701"
      },
      "geometry" : {
        "x" : 148658.65230000019,
        "y" : 548732.66960000247
      }
    },
    {
      "attributes" : {
        "FID" : 1,
        "PMNTN_SPOT" : 17307,
        "MNTN_CODE" : "287201701",
        "MANAGE_SP1" : "99",
        "MANAGE_SP2" : "기타",
        "DETAIL_SPO" : "연도교",
        "ETC_MATTER" : " ",
        "MNTN_NM" : "노적산",
        "PAST_SPOT_" : "2872017010002",
        "MNTN_ID" : "287201701"
      },
      "geometry" : {
        "x" : 149690.64059999958,
        "y" : 548087.5008000005
      }
    },
    {
      "attributes" : {
        "FID" : 2,
        "PMNTN_SPOT" : 17308,
        "MNTN_CODE" : "287201701",
        "MANAGE_SP1" : "99",
        "MANAGE_SP2" : "기타",
        "DETAIL_SPO" : "화살터기념비",
        "ETC_MATTER" : " ",
        "MNTN_NM" : "노적산",
        "PAST_SPOT_" : "2872017010003",
        "MNTN_ID" : "287201701"
      },
      "geometry" : {
        "x" : 149106.53259999957,
        "y" : 548463.72990000062
      }
    },
    {
      "attributes" : {
        "FID" : 3,
        "PMNTN_SPOT" : 17309,
        "MNTN_CODE" : "287201701",
        "MANAGE_SP1" : "99",
        "MANAGE_SP2" : "기타",
        "DETAIL_SPO" : "들머리",
        "ETC_MATTER" : " ",
        "MNTN_NM" : "노적산",
        "PAST_SPOT_" : "2872017010004",
        "MNTN_ID" : "287201701"
      },
      "geometry" : {
        "x" : 148959.86300000083,
        "y" : 548304.60229999945
      }
    },
    {
      "attributes" : {
        "FID" : 4,
        "PMNTN_SPOT" : 17310,
        "MNTN_CODE" : "287201701",
        "MANAGE_SP1" : "14",
        "MANAGE_SP2" : "조망점",
        "DETAIL_SPO" : "조망점",
        "ETC_MATTER" : " ",
        "MNTN_NM" : "노적산",
        "PAST_SPOT_" : "2872017010005",
        "MNTN_ID" : "287201701"
      },
      "geometry" : {
        "x" : 149158.66930000111,
        "y" : 548147.8412000034
      }
    },
    {
      "attributes" : {
        "FID" : 5,
        "PMNTN_SPOT" : 17311,
        "MNTN_CODE" : "287201701",
        "MANAGE_SP1" : "23",
        "MANAGE_SP2" : "정상",
        "DETAIL_SPO" : "정상",
        "ETC_MATTER" : " ",
        "MNTN_NM" : "노적산",
        "PAST_SPOT_" : "2872017010006",
        "MNTN_ID" : "287201701"
      },
      "geometry" : {
        "x" : 149211.76970000099,
        "y" : 547988.98770000041
      }
    },
    {
      "attributes" : {
        "FID" : 6,
        "PMNTN_SPOT" : 17312,
        "MNTN_CODE" : "287201701",
        "MANAGE_SP1" : "14",
        "MANAGE_SP2" : "조망점",
        "DETAIL_SPO" : "조망점",
        "ETC_MATTER" : " ",
        "MNTN_NM" : "노적산",
        "PAST_SPOT_" : "2872017010007",
        "MNTN_ID" : "287201701"
      },
      "geometry" : {
        "x" : 148893.09410000034,
        "y" : 547458.5009000022
      }
    },
    {
      "attributes" : {
        "FID" : 7,
        "PMNTN_SPOT" : 17313,
        "MNTN_CODE" : "287201701",
        "MANAGE_SP1" : "14",
        "MANAGE_SP2" : "조망점",
        "DETAIL_SPO" : "조망점",
        "ETC_MATTER" : " ",
        "MNTN_NM" : "노적산",
        "PAST_SPOT_" : "2872017010008",
        "MNTN_ID" : "287201701"
      },
      "geometry" : {
        "x" : 149478.09099999908,
        "y" : 548085.2453000024
      }
    },
    {
      "attributes" : {
        "FID" : 8,
        "PMNTN_SPOT" : 17314,
        "MNTN_CODE" : "287201701",
        "MANAGE_SP1" : "01",
        "MANAGE_SP2" : "시종점",
        "DETAIL_SPO" : "시종점",
        "ETC_MATTER" : " ",
        "MNTN_NM" : "노적산",
        "PAST_SPOT_" : "2872017010009",
        "MNTN_ID" : "287201701"
      },
      "geometry" : {
        "x" : 149717.46949999966,
        "y" : 548112.68860000372
      }
    },
    {
      "attributes" : {
        "FID" : 9,
        "PMNTN_SPOT" : 17315,
        "MNTN_CODE" : "287201701",
        "MANAGE_SP1" : "01",
        "MANAGE_SP2" : "시종점",
        "DETAIL_SPO" : "시종점",
        "ETC_MATTER" : " ",
        "MNTN_NM" : "노적산",
        "PAST_SPOT_" : "2872017010010",
        "MNTN_ID" : "287201701"
      },
      "geometry" : {
        "x" : 148913.90130000096,
        "y" : 547422.48080000095
      }
    },
    {
      "attributes" : {
        "FID" : 10,
        "PMNTN_SPOT" : 17316,
        "MNTN_CODE" : "287201701",
        "MANAGE_SP1" : "02",
        "MANAGE_SP2" : "분기점",
        "DETAIL_SPO" : "분기점",
        "ETC_MATTER" : " ",
        "MNTN_NM" : "노적산",
        "PAST_SPOT_" : "2872017010011",
        "MNTN_ID" : "287201701"
      },
      "geometry" : {
        "x" : 149212.73720000032,
        "y" : 548009.9143000003
      }
    },
    {
      "attributes" : {
        "FID" : 11,
        "PMNTN_SPOT" : 97834,
        "MNTN_CODE" : "287201701",
        "MANAGE_SP1" : "14",
        "MANAGE_SP2" : "조망점",
        "DETAIL_SPO" : "조망점",
        "ETC_MATTER" : " ",
        "MNTN_NM" : "노적산",
        "PAST_SPOT_" : "2872017010012",
        "MNTN_ID" : "287201701"
      },
      "geometry" : {
        "x" : 149621.52300000074,
        "y" : 548192.8795999994
      }
    }
  ]
}