{
  "displayFieldName" : "",
  "fieldAliases" : {
    "FID" : "FID",
    "PMNTN_SN" : "PMNTN_SN",
    "MNTN_CODE" : "MNTN_CODE",
    "MNTN_NM" : "MNTN_NM",
    "PMNTN_NM" : "PMNTN_NM",
    "PMNTN_MAIN" : "PMNTN_MAIN",
    "PMNTN_LT" : "PMNTN_LT",
    "PMNTN_DFFL" : "PMNTN_DFFL",
    "PMNTN_UPPL" : "PMNTN_UPPL",
    "PMNTN_GODN" : "PMNTN_GODN",
    "PMNTN_MTRQ" : "PMNTN_MTRQ",
    "PMNTN_CNRL" : "PMNTN_CNRL",
    "PMNTN_CLS_" : "PMNTN_CLS_",
    "PMNTN_RISK" : "PMNTN_RISK",
    "PMNTN_RECO" : "PMNTN_RECO",
    "DATA_STDR_" : "DATA_STDR_",
    "MNTN_ID" : "MNTN_ID"
  },
  "geometryType" : "esriGeometryPolyline",
  "spatialReference" : {
    "wkt" : "PROJCS[\"PCS_ITRF2000_TM\",GEOGCS[\"GCS_ITRF_2000\",DATUM[\"D_ITRF_2000\",SPHEROID[\"GRS_1980\",6378137.0,298.257222101]],PRIMEM[\"Greenwich\",0.0],UNIT[\"Degree\",0.0174532925199433]],PROJECTION[\"Transverse_Mercator\"],PARAMETER[\"False_Easting\",200000.0],PARAMETER[\"False_Northing\",600000.0],PARAMETER[\"Central_Meridian\",127.0],PARAMETER[\"Scale_Factor\",1.0],PARAMETER[\"Latitude_Of_Origin\",38.0],UNIT[\"Meter\",1.0]]"
  },
  "fields" : [
    {
      "name" : "FID",
      "type" : "esriFieldTypeOID",
      "alias" : "FID"
    },
    {
      "name" : "PMNTN_SN",
      "type" : "esriFieldTypeDouble",
      "alias" : "PMNTN_SN"
    },
    {
      "name" : "MNTN_CODE",
      "type" : "esriFieldTypeString",
      "alias" : "MNTN_CODE",
      "length" : 9
    },
    {
      "name" : "MNTN_NM",
      "type" : "esriFieldTypeString",
      "alias" : "MNTN_NM",
      "length" : 50
    },
    {
      "name" : "PMNTN_NM",
      "type" : "esriFieldTypeString",
      "alias" : "PMNTN_NM",
      "length" : 50
    },
    {
      "name" : "PMNTN_MAIN",
      "type" : "esriFieldTypeString",
      "alias" : "PMNTN_MAIN",
      "length" : 200
    },
    {
      "name" : "PMNTN_LT",
      "type" : "esriFieldTypeSingle",
      "alias" : "PMNTN_LT"
    },
    {
      "name" : "PMNTN_DFFL",
      "type" : "esriFieldTypeString",
      "alias" : "PMNTN_DFFL",
      "length" : 8
    },
    {
      "name" : "PMNTN_UPPL",
      "type" : "esriFieldTypeDouble",
      "alias" : "PMNTN_UPPL"
    },
    {
      "name" : "PMNTN_GODN",
      "type" : "esriFieldTypeDouble",
      "alias" : "PMNTN_GODN"
    },
    {
      "name" : "PMNTN_MTRQ",
      "type" : "esriFieldTypeString",
      "alias" : "PMNTN_MTRQ",
      "length" : 200
    },
    {
      "name" : "PMNTN_CNRL",
      "type" : "esriFieldTypeString",
      "alias" : "PMNTN_CNRL",
      "length" : 1
    },
    {
      "name" : "PMNTN_CLS_",
      "type" : "esriFieldTypeString",
      "alias" : "PMNTN_CLS_",
      "length" : 1
    },
    {
      "name" : "PMNTN_RISK",
      "type" : "esriFieldTypeString",
      "alias" : "PMNTN_RISK",
      "length" : 200
    },
    {
      "name" : "PMNTN_RECO",
      "type" : "esriFieldTypeString",
      "alias" : "PMNTN_RECO",
      "length" : 1
    },
    {
      "name" : "DATA_STDR_",
      "type" : "esriFieldTypeString",
      "alias" : "DATA_STDR_",
      "length" : 10
    },
    {
      "name" : "MNTN_ID",
      "type" : "esriFieldTypeString",
      "alias" : "MNTN_ID",
      "length" : 10
    }
  ],
  "features" : [
    {
      "attributes" : {
        "FID" : 0,
        "PMNTN_SN" : 36420,
        "MNTN_CODE" : "447102001",
        "MNTN_NM" : "안평산",
        "PMNTN_NM" : "신대리구간",
        "PMNTN_MAIN" : " ",
        "PMNTN_LT" : 3.5,
        "PMNTN_DFFL" : "쉬움",
        "PMNTN_UPPL" : 62,
        "PMNTN_GODN" : 43,
        "PMNTN_MTRQ" : " ",
        "PMNTN_CNRL" : " ",
        "PMNTN_CLS_" : " ",
        "PMNTN_RISK" : " ",
        "PMNTN_RECO" : " ",
        "DATA_STDR_" : "2016-12-31",
        "MNTN_ID" : "447102001"
      },
      "geometry" : {
        "paths" : [
          [
            [
              233506.72169999965,
              401577.56240000017
            ],
            [
              233500.39910000004,
              401583.06870000437
            ],
            [
              233494.59929999895,
              401584.54570000246
            ],
            [
              233488.59920000099,
              401583.87330000289
            ],
            [
              233484.92540000379,
              401580.24159999937
            ],
            [
              233482.3105000006,
              401578.79820000008
            ],
            [
              233478.09049999993,
              401574.47440000251
            ],
            [
              233473.23469999991,
              401568.1838000007
            ],
            [
              233466.76450000145,
              401564.62299999967
            ],
            [
              233459.35750000272,
              401565.28659999929
            ],
            [
              233453.75680000242,
              401566.1109000016
            ],
            [
              233442.63060000166,
              401570.31720000133
            ],
            [
              233431.68870000355,
              401571.59480000287
            ],
            [
              233427.50810000207,
              401572.44040000252
            ],
            [
              233421.14359999914,
              401573.72770000063
            ],
            [
              233408.50700000022,
              401574.46550000273
            ],
            [
              233399.04380000103,
              401575.00459999964
            ],
            [
              233386.54580000043,
              401575.71660000086
            ],
            [
              233374.01030000392,
              401575.85220000334
            ],
            [
              233360.7341,
              401576.00590000115
            ],
            [
              233353.79200000037,
              401574.25850000046
            ],
            [
              233346.27110000141,
              401572.36540000141
            ],
            [
              233340.14209999982,
              401567.11519999988
            ],
            [
              233334.70350000355,
              401562.45659999736
            ],
            [
              233329.87099999934,
              401558.31699999981
            ],
            [
              233325.98370000347,
              401554.98710000142
            ],
            [
              233321.80240000226,
              401551.40550000034
            ],
            [
              233311.83250000048,
              401548.42659999803
            ],
            [
              233306.50160000101,
              401546.45480000228
            ],
            [
              233301.82120000292,
              401544.72350000031
            ],
            [
              233295.88240000326,
              401542.52690000273
            ],
            [
              233288.25910000317,
              401539.18409999833
            ],
            [
              233280.5448000012,
              401535.8013000004
            ],
            [
              233272.9915000014,
              401532.48920000158
            ],
            [
              233262.29899999965,
              401529.20980000123
            ],
            [
              233253.64530000091,
              401527.42030000128
            ],
            [
              233248.27190000098,
              401526.30910000205
            ],
            [
              233240.98500000127,
              401526.27630000003
            ],
            [
              233233.71280000359,
              401526.24360000156
            ],
            [
              233225.91189999972,
              401527.45590000041
            ],
            [
              233217.71340000071,
              401528.73000000231
            ],
            [
              233209.92680000048,
              401529.98010000028
            ],
            [
              233205.87800000049,
              401529.28380000219
            ],
            [
              233200.1875,
              401528.30519999936
            ],
            [
              233192.41860000044,
              401526.57149999961
            ],
            [
              233188.35120000131,
              401526.05500000156
            ],
            [
              233180.84900000039,
              401525.10229999945
            ],
            [
              233175.47530000377,
              401523.75830000266
            ],
            [
              233167.46860000025,
              401521.75570000149
            ],
            [
              233162.98589999974,
              401519.94670000114
            ],
            [
              233157.19220000133,
              401517.60850000195
            ],
            [
              233150.27720000222,
              401515.08899999969
            ],
            [
              233144.73199999984,
              401511.20849999972
            ],
            [
              233138.15759999864,
              401505.92490000091
            ],
            [
              233129.02650000341,
              401502.45199999958
            ],
            [
              233120.64140000194,
              401502.03710000403
            ],
            [
              233112.20480000041,
              401504.6883000005
            ],
            [
              233105.00879999995,
              401507.11449999921
            ],
            [
              233100.07550000306,
              401508.77770000324
            ],
            [
              233095.38910000212,
              401510.40130000003
            ],
            [
              233091.35450000223,
              401510.04390000179
            ],
            [
              233087.76370000094,
              401508.40980000049
            ],
            [
              233083.11030000355,
              401504.83860000037
            ],
            [
              233078.98149999976,
              401501.66990000196
            ],
            [
              233069.17150000297,
              401495.82479999959
            ],
            [
              233064.0773,
              401491.55250000022
            ],
            [
              233051.85759999976,
              401482.45839999989
            ],
            [
              233042.12570000067,
              401472.87969999947
            ],
            [
              233036.09489999898,
              401467.57430000044
            ],
            [
              233026.7508000005,
              401461.22329999879
            ],
            [
              233019.25720000081,
              401455.12160000019
            ],
            [
              233009.37360000145,
              401451.44739999995
            ],
            [
              232996.92610000074,
              401453.50320000015
            ],
            [
              232987.88080000132,
              401458.86000000127
            ],
            [
              232981.08350000065,
              401465.02230000123
            ],
            [
              232973.0943,
              401467.31050000153
            ],
            [
              232964.66100000218,
              401469.92220000178
            ],
            [
              232951.95249999966,
              401470.94420000166
            ],
            [
              232942.64910000097,
              401466.14310000092
            ],
            [
              232934.64660000149,
              401461.82720000111
            ],
            [
              232923.65419999976,
              401461.37230000459
            ],
            [
              232909.06639999989,
              401462.9617999997
            ],
            [
              232899.65210000053,
              401463.40530000441
            ],
            [
              232888.52930000052,
              401465.62160000019
            ],
            [
              232876.99660000112,
              401469.02240000106
            ],
            [
              232867.44799999986,
              401474.65870000049
            ],
            [
              232862.77630000189,
              401479.16229999997
            ],
            [
              232856.73980000243,
              401488.24700000137
            ],
            [
              232852.24990000203,
              401494.23690000363
            ],
            [
              232847.59839999955,
              401500.84920000099
            ],
            [
              232841.45170000009,
              401505.3796000015
            ],
            [
              232830.71389999986,
              401510.96930000186
            ],
            [
              232821.32830000017,
              401514.3719000034
            ],
            [
              232813.97810000181,
              401518.39280000143
            ],
            [
              232804.42660000175,
              401521.74519999884
            ],
            [
              232799.62680000067,
              401524.25370000117
            ],
            [
              232797.945600003,
              401527.02070000209
            ],
            [
              232797.08380000293,
              401533.19109999947
            ],
            [
              232796.07329999935,
              401540.34410000406
            ],
            [
              232795.34759999905,
              401553.54470000044
            ],
            [
              232792.83530000132,
              401560.58280000277
            ],
            [
              232790.59830000065,
              401564.04470000044
            ],
            [
              232788.29050000384,
              401567.16379999928
            ],
            [
              232780.52100000065,
              401571.43850000016
            ],
            [
              232775.05829999968,
              401574.51490000077
            ],
            [
              232767.34100000095,
              401578.86100000143
            ],
            [
              232759.32830000017,
              401584.87590000033
            ],
            [
              232753.86270000413,
              401588.97870000079
            ],
            [
              232746.70160000399,
              401594.35420000181
            ],
            [
              232741.08980000205,
              401598.56680000201
            ],
            [
              232736.58160000108,
              401601.95100000128
            ],
            [
              232733.9617000008,
              401603.917600004
            ],
            [
              232727.74030000158,
              401608.58770000003
            ],
            [
              232720.24660000019,
              401613.33459999971
            ],
            [
              232710.50150000211,
              401620.90970000252
            ],
            [
              232704.74040000048,
              401624.43689999916
            ],
            [
              232698.5289000012,
              401626.14260000177
            ],
            [
              232688.68230000045,
              401629.30900000036
            ],
            [
              232680.78170000203,
              401633.08650000207
            ],
            [
              232672.19960000087,
              401638.07080000266
            ],
            [
              232665.68680000026,
              401641.57370000146
            ],
            [
              232660.22200000007,
              401646.01270000264
            ],
            [
              232654.43810000177,
              401650.58259999938
            ],
            [
              232647.35690000374,
              401656.17770000175
            ],
            [
              232641.1660000002,
              401661.06920000166
            ],
            [
              232634.63760000002,
              401666.22740000114
            ],
            [
              232628.42280000076,
              401671.63419999927
            ],
            [
              232623.34759999998,
              401675.07169999741
            ],
            [
              232619.91800000239,
              401679.05320000276
            ],
            [
              232616.57750000246,
              401681.80919999816
            ],
            [
              232611.70220000204,
              401689.44760000147
            ],
            [
              232609.57880000211,
              401698.54670000449
            ],
            [
              232606.81530000269,
              401707.99310000241
            ],
            [
              232603.04710000008,
              401716.61769999936
            ],
            [
              232600.66290000081,
              401723.00180000626
            ],
            [
              232597.07629999984,
              401728.36150000244
            ],
            [
              232593.1885000011,
              401734.43569999933
            ],
            [
              232588.77220000327,
              401741.33559999987
            ],
            [
              232584.64440000057,
              401747.78480000235
            ],
            [
              232582.69649999868,
              401753.34000000171
            ],
            [
              232581.28580000252,
              401760.46800000221
            ],
            [
              232581.66770000104,
              401770.04270000197
            ],
            [
              232582.71810000204,
              401776.75899999961
            ],
            [
              232580.28750000056,
              401784.20299999975
            ],
            [
              232575.83580000326,
              401788.5802000016
            ],
            [
              232572.01910000294,
              401793.32349999808
            ],
            [
              232566.17190000042,
              401800.09359999932
            ],
            [
              232559.34540000185,
              401808.48880000226
            ],
            [
              232554.36520000175,
              401814.61350000091
            ],
            [
              232546.83650000114,
              401821.28740000166
            ],
            [
              232539.47480000276,
              401827.23200000077
            ],
            [
              232534.25450000167,
              401833.87429999933
            ],
            [
              232529.37230000179,
              401840.1230999995
            ],
            [
              232522.99289999995,
              401849.04260000028
            ],
            [
              232518.83889999986,
              401855.07840000093
            ],
            [
              232512.16639999952,
              401862.61960000359
            ],
            [
              232506.10940000042,
              401874.78229999915
            ],
            [
              232500.97520000208,
              401880.84130000137
            ],
            [
              232495.93030000106,
              401886.25989999995
            ],
            [
              232491.83609999996,
              401890.77720000222
            ],
            [
              232485.89159999974,
              401895.1007000003
            ],
            [
              232478.66669999994,
              401901.15289999917
            ],
            [
              232474.12820000388,
              401908.01600000635
            ],
            [
              232468.98840000108,
              401915.50720000081
            ],
            [
              232465.25420000032,
              401920.96309999935
            ],
            [
              232461.69319999963,
              401924.95050000027
            ],
            [
              232457.71370000206,
              401929.84850000218
            ],
            [
              232456.10160000063,
              401931.93439999968
            ],
            [
              232453.41220000014,
              401934.44220000133
            ],
            [
              232448.41920000035,
              401934.90139999986
            ],
            [
              232444.42740000226,
              401932.87970000133
            ],
            [
              232439.11690000165,
              401933.7014000006
            ],
            [
              232430.5139000006,
              401940.15240000375
            ],
            [
              232425.69950000104,
              401948.21130000241
            ],
            [
              232421.65350000281,
              401954.98410000093
            ],
            [
              232420.24610000011,
              401966.35860000178
            ],
            [
              232420.66830000095,
              401974.73480000161
            ],
            [
              232421.42500000168,
              401982.24580000155
            ],
            [
              232420.38110000081,
              401988.10740000196
            ],
            [
              232419.48690000083,
              401993.4234000016
            ],
            [
              232420.58800000139,
              402005.42039999925
            ],
            [
              232418.82530000061,
              402012.04960000329
            ],
            [
              232415.42170000169,
              402016.65630000085
            ],
            [
              232409.89269999973,
              402025.19810000248
            ],
            [
              232406.07870000042,
              402029.17290000245
            ],
            [
              232402.22250000201,
              402033.6742000021
            ],
            [
              232399.39759999979,
              402040.20780000463
            ],
            [
              232393.41290000267,
              402047.96470000036
            ],
            [
              232386.55330000073,
              402052.14110000059
            ],
            [
              232379.62520000059,
              402054.67700000107
            ],
            [
              232379.62520000059,
              402054.67700000107
            ],
            [
              232373.55840000138,
              402055.77570000105
            ],
            [
              232368.71669999976,
              402057.1018000003
            ],
            [
              232365.57200000063,
              402059.16230000183
            ],
            [
              232363.74400000274,
              402065.628800001
            ],
            [
              232363.75120000076,
              402072.7368000038
            ],
            [
              232363.75629999954,
              402077.70520000346
            ],
            [
              232362.08750000224,
              402084.95759999938
            ],
            [
              232360.67570000049,
              402091.0932
            ],
            [
              232359.03490000311,
              402098.22350000218
            ],
            [
              232355.36200000346,
              402104.23390000127
            ],
            [
              232351.87820000108,
              402108.0669000037
            ],
            [
              232350.46710000094,
              402114.91040000133
            ],
            [
              232347.64780000038,
              402122.27820000239
            ],
            [
              232347.89490000065,
              402130.2479000017
            ],
            [
              232352.36639999971,
              402136.73560000025
            ],
            [
              232356.89470000099,
              402142.62390000001
            ],
            [
              232359.36760000326,
              402148.13969999924
            ],
            [
              232361.6045000013,
              402154.18870000169
            ],
            [
              232363.66210000031,
              402159.16730000265
            ],
            [
              232366.18960000202,
              402166.85370000266
            ],
            [
              232367.76230000053,
              402171.04160000198
            ],
            [
              232366.73620000109,
              402178.21299999952
            ],
            [
              232367.58979999926,
              402183.38320000097
            ],
            [
              232368.45140000246,
              402189.41760000028
            ],
            [
              232370.90770000033,
              402199.4757000003
            ],
            [
              232371.20260000136,
              402201.04230000265
            ],
            [
              232371.83110000286,
              402204.38120000064
            ],
            [
              232373.17510000244,
              402208.90689999796
            ],
            [
              232376.26050000079,
              402215.03470000066
            ],
            [
              232379.24799999967,
              402219.8591000028
            ],
            [
              232381.32270000037,
              402223.08900000155
            ],
            [
              232382.85140000097,
              402227.74700000137
            ],
            [
              232385.59770000074,
              402236.11489999853
            ],
            [
              232387.17300000135,
              402243.49459999986
            ],
            [
              232388.15110000409,
              402251.61160000227
            ],
            [
              232393.67910000216,
              402262.78490000218
            ],
            [
              232396.78359999973,
              402266.53270000219
            ],
            [
              232399.64749999996,
              402270.49490000308
            ],
            [
              232400.66760000214,
              402274.6438999977
            ],
            [
              232401.76780000329,
              402279.11840000004
            ],
            [
              232404.3618999999,
              402283.24060000293
            ],
            [
              232405.24980000034,
              402288.32520000637
            ],
            [
              232406.36980000045,
              402294.32410000078
            ],
            [
              232404.49540000036,
              402304.31440000236
            ],
            [
              232400.96990000177,
              402309.95170000009
            ],
            [
              232399.21769999992,
              402312.53759999946
            ],
            [
              232396.27880000044,
              402320.12810000032
            ],
            [
              232393.85660000052,
              402325.90929999761
            ],
            [
              232392.0250000041,
              402335.75770000182
            ],
            [
              232394.67279999983,
              402342.8954000026
            ],
            [
              232396.09780000243,
              402348.78850000352
            ],
            [
              232401.49120000005,
              402351.80480000004
            ],
            [
              232407.94060000032,
              402350.11920000054
            ],
            [
              232411.41490000114,
              402349.70830000006
            ],
            [
              232418.70670000371,
              402347.54810000025
            ],
            [
              232424.96490000095,
              402346.7760000024
            ],
            [
              232432.67290000059,
              402348.28150000237
            ],
            [
              232438.56530000083,
              402347.77180000208
            ],
            [
              232446.76580000203,
              402347.12800000422
            ],
            [
              232450.03159999941,
              402346.29389999993
            ],
            [
              232453.86010000017,
              402346.20690000057
            ],
            [
              232458.88570000138,
              402344.8655000031
            ],
            [
              232465.81539999973,
              402344.31609999947
            ],
            [
              232472.52550000045,
              402345.03480000421
            ],
            [
              232478.73490000237,
              402346.5661999993
            ],
            [
              232482.96600000095,
              402347.70309999958
            ],
            [
              232491.72910000291,
              402346.35799999721
            ],
            [
              232496.60910000093,
              402344.05389999785
            ],
            [
              232505.70120000094,
              402342.65410000086
            ],
            [
              232517.72109999973,
              402341.91830000095
            ],
            [
              232524.2033000011,
              402343.9280999992
            ],
            [
              232531.67660000082,
              402344.78010000102
            ],
            [
              232538.18800000008,
              402345.52239999734
            ],
            [
              232547.04010000173,
              402345.32570000179
            ],
            [
              232557.81460000016,
              402350.61260000058
            ],
            [
              232565.57440000214,
              402354.42600000277
            ],
            [
              232572.80440000072,
              402355.59340000339
            ],
            [
              232582.0541000003,
              402355.96480000205
            ],
            [
              232592.4468000019,
              402356.34630000032
            ],
            [
              232600.30530000385,
              402355.16950000264
            ],
            [
              232611.26979999896,
              402356.31670000032
            ],
            [
              232623.15740000363,
              402364.66379999928
            ],
            [
              232629.43310000189,
              402368.64640000463
            ],
            [
              232635.95390000194,
              402371.81479999982
            ],
            [
              232644.30830000155,
              402374.28410000168
            ],
            [
              232654.55560000055,
              402369.27559999935
            ],
            [
              232659.99830000103,
              402362.5923999995
            ],
            [
              232663.77380000148,
              402359.84109999985
            ],
            [
              232672.00630000047,
              402359.03669999912
            ],
            [
              232679.52660000231,
              402360.72680000216
            ],
            [
              232685.66340000089,
              402364.77190000191
            ],
            [
              232692.55410000309,
              402369.31390000135
            ],
            [
              232701.17760000005,
              402378.35950000212
            ],
            [
              232709.8861000007,
              402384.33580000326
            ],
            [
              232720.18530000094,
              402389.86219999939
            ],
            [
              232731.83160000201,
              402391.27630000003
            ],
            [
              232743.53520000074,
              402394.05079999939
            ],
            [
              232755.72490000166,
              402396.39900000207
            ],
            [
              232765.06030000094,
              402395.72839999758
            ],
            [
              232773.03259999957,
              402394.5867999997
            ],
            [
              232780.93890000135,
              402393.69360000268
            ],
            [
              232792.06919999979,
              402391.09600000083
            ],
            [
              232802.08490000013,
              402390.61009999923
            ],
            [
              232808.60740000196,
              402390.54750000499
            ],
            [
              232813.40610000119,
              402392.62600000016
            ],
            [
              232826.46829999983,
              402395.70930000208
            ],
            [
              232840.22400000039,
              402397.11989999935
            ],
            [
              232852.68920000177,
              402402.48710000142
            ],
            [
              232866.35080000106,
              402404.21670000255
            ],
            [
              232877.45230000094,
              402402.75900000148
            ],
            [
              232889.36680000182,
              402402.47250000015
            ],
            [
              232905.41510000359,
              402398.36000000127
            ],
            [
              232916.59810000286,
              402395.78060000204
            ],
            [
              232928.12820000015,
              402390.34920000099
            ],
            [
              232934.40640000161,
              402384.2004000023
            ],
            [
              232940.81749999989,
              402381.7322000023
            ],
            [
              232949.00310000312,
              402381.80000000075
            ],
            [
              232956.60200000182,
              402382.17369999923
            ],
            [
              232963.83310000133,
              402379.162200002
            ],
            [
              232968.38489999995,
              402374.74579999968
            ],
            [
              232972.15530000255,
              402366.54990000278
            ],
            [
              232977.34390000068,
              402356.33899999969
            ],
            [
              232982.62340000272,
              402344.96680000238
            ],
            [
              232985.90450000111,
              402339.94200000167
            ],
            [
              232991.66510000173,
              402331.11970000528
            ],
            [
              232999.10360000189,
              402318.11760000139
            ],
            [
              233005.67770000175,
              402311.06330000423
            ],
            [
              233011.47560000047,
              402299.33170000091
            ],
            [
              233013.13960000221,
              402286.36480000056
            ],
            [
              233015.07000000309,
              402276.22270000167
            ],
            [
              233017.73050000239,
              402262.24479999766
            ],
            [
              233019.51949999947,
              402252.84570000134
            ],
            [
              233021.85670000128,
              402246.57389999926
            ],
            [
              233028.62660000194,
              402237.91870000213
            ],
            [
              233033.68520000204,
              402231.88890000433
            ],
            [
              233038.35900000203,
              402227.46270000003
            ],
            [
              233040.67400000151,
              402221.09850000404
            ],
            [
              233040.78960000072,
              402214.52140000463
            ],
            [
              233040.44230000116,
              402209.84070000052
            ],
            [
              233041.62630000059,
              402205.5429999996
            ],
            [
              233045.1090000011,
              402198.95690000243
            ],
            [
              233047.33940000366,
              402193.85779999942
            ],
            [
              233051.85680000018,
              402189.11710000224
            ],
            [
              233055.55020000227,
              402185.24110000022
            ],
            [
              233058.72120000329,
              402180.63690000214
            ],
            [
              233063.14380000066,
              402174.3078000024
            ],
            [
              233067.61679999996,
              402167.90650000237
            ],
            [
              233074.75130000152,
              402150.43329999968
            ],
            [
              233076.24590000045,
              402137.96120000258
            ],
            [
              233075.78749999963,
              402126.01830000058
            ],
            [
              233078.36450000014,
              402113.50280000269
            ],
            [
              233077.2434000019,
              402100.49780000001
            ],
            [
              233080.48489999957,
              402091.7947000023
            ],
            [
              233082.2938000001,
              402073.95289999992
            ],
            [
              233086.06150000077,
              402060.27290000021
            ],
            [
              233087.13650000188,
              402054.17110000551
            ],
            [
              233091.57710000128,
              402044.37529999949
            ],
            [
              233095.38900000136,
              402042.05800000019
            ],
            [
              233099.33630000055,
              402039.65830000117
            ],
            [
              233103.63420000393,
              402037.04550000094
            ],
            [
              233104.9439000003,
              402031.91850000061
            ],
            [
              233103.41660000011,
              402024.61190000176
            ],
            [
              233102.87910000142,
              402016.127700001
            ],
            [
              233105.55980000179,
              402010.23079999909
            ],
            [
              233113.69830000028,
              402008.13700000197
            ],
            [
              233123.0831999993,
              402003.59260000102
            ],
            [
              233131.62220000103,
              401994.24819999933
            ],
            [
              233139.24680000078,
              401984.14520000108
            ],
            [
              233146.90550000127,
              401974.55750000291
            ],
            [
              233157.19350000098,
              401961.02859999985
            ],
            [
              233165.93130000029,
              401953.88869999908
            ],
            [
              233175.70640000235,
              401950.71319999732
            ],
            [
              233185.1789000025,
              401944.55040000379
            ],
            [
              233187.79609999992,
              401940.43580000289
            ],
            [
              233188.62740000244,
              401934.91530000046
            ],
            [
              233187.05119999964,
              401929.38120000251
            ],
            [
              233189.96320000105,
              401925.07110000029
            ],
            [
              233200.03830000106,
              401921.07650000229
            ],
            [
              233207.34530000109,
              401919.42610000074
            ],
            [
              233220.23430000152,
              401913.86770000122
            ],
            [
              233234.708800002,
              401914.24589999951
            ],
            [
              233248.85610000137,
              401915.83410000056
            ],
            [
              233255.31170000229,
              401915.07960000075
            ],
            [
              233261.26840000041,
              401910.53959999979
            ],
            [
              233264.77240000013,
              401902.36500000022
            ],
            [
              233270.06989999861,
              401898.8572000023
            ],
            [
              233280.59769999981,
              401896.15700000152
            ],
            [
              233286.00879999995,
              401889.58890000172
            ],
            [
              233290.50700000208,
              401884.12879999727
            ],
            [
              233295.92160000093,
              401875.43190000206
            ],
            [
              233304.78140000347,
              401870.74489999935
            ],
            [
              233310.29130000062,
              401862.88330000266
            ],
            [
              233314.93470000289,
              401854.72599999979
            ],
            [
              233318.71720000077,
              401846.60850000381
            ],
            [
              233324.29339999985,
              401842.12890000083
            ],
            [
              233333.94390000124,
              401837.96390000172
            ],
            [
              233343.60510000121,
              401829.72640000284
            ],
            [
              233352.40639999975,
              401822.55870000087
            ],
            [
              233355.1456000004,
              401813.46260000765
            ],
            [
              233358.70960000157,
              401809.54290000722
            ],
            [
              233365.56469999999,
              401805.3414000012
            ],
            [
              233376.32180000097,
              401798.5642000027
            ],
            [
              233387.5010000011,
              401792.25010000356
            ],
            [
              233394.62920000032,
              401784.7985999994
            ],
            [
              233395.70430000033,
              401777.67500000261
            ],
            [
              233399.59979999997,
              401770.90720000118
            ],
            [
              233407.48999999929,
              401763.89900000021
            ],
            [
              233413.33250000328,
              401759.97409999929
            ],
            [
              233415.53659999929,
              401755.70050000213
            ],
            [
              233417.95200000145,
              401742.21070000157
            ],
            [
              233421.08870000113,
              401734.54490000382
            ],
            [
              233424.99370000046,
              401722.85559999943
            ],
            [
              233433.22240000125,
              401713.7488000039
            ],
            [
              233435.59540000185,
              401709.92940000258
            ],
            [
              233435.12469999958,
              401704.2658000011
            ],
            [
              233432.77950000297,
              401695.52150000259
            ],
            [
              233433.17900000047,
              401689.93710000068
            ],
            [
              233440.61900000088,
              401687.1015000008
            ],
            [
              233446.20069999993,
              401685.53820000216
            ],
            [
              233451.69200000353,
              401682.79979999922
            ],
            [
              233461.07849999983,
              401678.78170000203
            ],
            [
              233466.41830000095,
              401674.98279999942
            ],
            [
              233470.84179999866,
              401671.93090000376
            ],
            [
              233476.01669999957,
              401669.59129999951
            ],
            [
              233482.37550000194,
              401667.60770000145
            ],
            [
              233485.40529999975,
              401666.45350000449
            ],
            [
              233490.57129999995,
              401663.85539999977
            ],
            [
              233493.39960000105,
              401659.51820000261
            ],
            [
              233493.82980000135,
              401654.97690000013
            ],
            [
              233495.0772000039,
              401646.95850000344
            ],
            [
              233496.5353000015,
              401637.58450000174
            ],
            [
              233498.21970000304,
              401626.75660000183
            ],
            [
              233499.92120000254,
              401615.81860000268
            ],
            [
              233501.61980000231,
              401607.5308000017
            ],
            [
              233503.36880000029,
              401597.04089999944
            ],
            [
              233505.21500000171,
              401588.42440000363
            ],
            [
              233506.72169999965,
              401577.56240000017
            ]
          ]
        ]
      }
    },
    {
      "attributes" : {
        "FID" : 1,
        "PMNTN_SN" : 36421,
        "MNTN_CODE" : "447102001",
        "MNTN_NM" : "안평산",
        "PMNTN_NM" : "신대리구간",
        "PMNTN_MAIN" : " ",
        "PMNTN_LT" : 0.02,
        "PMNTN_DFFL" : "쉬움",
        "PMNTN_UPPL" : 1,
        "PMNTN_GODN" : 0,
        "PMNTN_MTRQ" : " ",
        "PMNTN_CNRL" : " ",
        "PMNTN_CLS_" : " ",
        "PMNTN_RISK" : " ",
        "PMNTN_RECO" : " ",
        "DATA_STDR_" : "2016-12-31",
        "MNTN_ID" : "447102001"
      },
      "geometry" : {
        "paths" : [
          [
            [
              233506.72169999965,
              401577.56240000017
            ],
            [
              233509.85169999953,
              401570.94120000303
            ],
            [
              233514.66300000064,
              401566.45780000091
            ],
            [
              233520.59430000186,
              401568.27410000004
            ]
          ]
        ]
      }
    }
  ]
}