{
  "displayFieldName" : "",
  "fieldAliases" : {
    "FID" : "FID",
    "PMNTN_SPOT" : "PMNTN_SPOT",
    "MNTN_CODE" : "MNTN_CODE",
    "MANAGE_SP1" : "MANAGE_SP1",
    "MANAGE_SP2" : "MANAGE_SP2",
    "DETAIL_SPO" : "DETAIL_SPO",
    "ETC_MATTER" : "ETC_MATTER",
    "MNTN_NM" : "MNTN_NM",
    "PAST_SPOT_" : "PAST_SPOT_",
    "MNTN_ID" : "MNTN_ID"
  },
  "geometryType" : "esriGeometryPoint",
  "spatialReference" : {
    "wkt" : "PROJCS[\"PCS_ITRF2000_TM\",GEOGCS[\"GCS_ITRF_2000\",DATUM[\"D_ITRF_2000\",SPHEROID[\"GRS_1980\",6378137.0,298.257222101]],PRIMEM[\"Greenwich\",0.0],UNIT[\"Degree\",0.0174532925199433]],PROJECTION[\"Transverse_Mercator\"],PARAMETER[\"False_Easting\",200000.0],PARAMETER[\"False_Northing\",600000.0],PARAMETER[\"Central_Meridian\",127.0],PARAMETER[\"Scale_Factor\",1.0],PARAMETER[\"Latitude_Of_Origin\",38.0],UNIT[\"Meter\",1.0]]"
  },
  "fields" : [
    {
      "name" : "FID",
      "type" : "esriFieldTypeOID",
      "alias" : "FID"
    },
    {
      "name" : "PMNTN_SPOT",
      "type" : "esriFieldTypeDouble",
      "alias" : "PMNTN_SPOT"
    },
    {
      "name" : "MNTN_CODE",
      "type" : "esriFieldTypeString",
      "alias" : "MNTN_CODE",
      "length" : 9
    },
    {
      "name" : "MANAGE_SP1",
      "type" : "esriFieldTypeString",
      "alias" : "MANAGE_SP1",
      "length" : 2
    },
    {
      "name" : "MANAGE_SP2",
      "type" : "esriFieldTypeString",
      "alias" : "MANAGE_SP2",
      "length" : 50
    },
    {
      "name" : "DETAIL_SPO",
      "type" : "esriFieldTypeString",
      "alias" : "DETAIL_SPO",
      "length" : 200
    },
    {
      "name" : "ETC_MATTER",
      "type" : "esriFieldTypeString",
      "alias" : "ETC_MATTER",
      "length" : 200
    },
    {
      "name" : "MNTN_NM",
      "type" : "esriFieldTypeString",
      "alias" : "MNTN_NM",
      "length" : 50
    },
    {
      "name" : "PAST_SPOT_",
      "type" : "esriFieldTypeString",
      "alias" : "PAST_SPOT_",
      "length" : 14
    },
    {
      "name" : "MNTN_ID",
      "type" : "esriFieldTypeString",
      "alias" : "MNTN_ID",
      "length" : 10
    }
  ],
  "features" : [
    {
      "attributes" : {
        "FID" : 0,
        "PMNTN_SPOT" : 91202,
        "MNTN_CODE" : "415500104",
        "MANAGE_SP1" : "01",
        "MANAGE_SP2" : "시종점",
        "DETAIL_SPO" : "시종점",
        "ETC_MATTER" : " ",
        "MNTN_NM" : "한남지선",
        "PAST_SPOT_" : "4155001040001",
        "MNTN_ID" : "415500104"
      },
      "geometry" : {
        "x" : 188792.77030000184,
        "y" : 527904.34190000035
      }
    },
    {
      "attributes" : {
        "FID" : 1,
        "PMNTN_SPOT" : 91203,
        "MNTN_CODE" : "415500104",
        "MANAGE_SP1" : "01",
        "MANAGE_SP2" : "시종점",
        "DETAIL_SPO" : "시종점",
        "ETC_MATTER" : " ",
        "MNTN_NM" : "한남지선",
        "PAST_SPOT_" : "4155001040002",
        "MNTN_ID" : "415500104"
      },
      "geometry" : {
        "x" : 189588.90975999553,
        "y" : 529393.54707002081
      }
    },
    {
      "attributes" : {
        "FID" : 2,
        "PMNTN_SPOT" : 91204,
        "MNTN_CODE" : "415500104",
        "MANAGE_SP1" : "01",
        "MANAGE_SP2" : "시종점",
        "DETAIL_SPO" : "시종점",
        "ETC_MATTER" : " ",
        "MNTN_NM" : "한남지선",
        "PAST_SPOT_" : "4155001040003",
        "MNTN_ID" : "415500104"
      },
      "geometry" : {
        "x" : 189717.30245444179,
        "y" : 529464.2753620781
      }
    },
    {
      "attributes" : {
        "FID" : 3,
        "PMNTN_SPOT" : 91205,
        "MNTN_CODE" : "415500104",
        "MANAGE_SP1" : "01",
        "MANAGE_SP2" : "시종점",
        "DETAIL_SPO" : "시종점",
        "ETC_MATTER" : " ",
        "MNTN_NM" : "한남지선",
        "PAST_SPOT_" : "4155001040004",
        "MNTN_ID" : "415500104"
      },
      "geometry" : {
        "x" : 190277.39520000108,
        "y" : 526185.46040000208
      }
    },
    {
      "attributes" : {
        "FID" : 4,
        "PMNTN_SPOT" : 91206,
        "MNTN_CODE" : "415500104",
        "MANAGE_SP1" : "02",
        "MANAGE_SP2" : "분기점",
        "DETAIL_SPO" : "분기점",
        "ETC_MATTER" : " ",
        "MNTN_NM" : "한남지선",
        "PAST_SPOT_" : "4155001040005",
        "MNTN_ID" : "415500104"
      },
      "geometry" : {
        "x" : 190619.25516736135,
        "y" : 529620.74774171598
      }
    },
    {
      "attributes" : {
        "FID" : 5,
        "PMNTN_SPOT" : 91207,
        "MNTN_CODE" : "415500104",
        "MANAGE_SP1" : "02",
        "MANAGE_SP2" : "분기점",
        "DETAIL_SPO" : "분기점",
        "ETC_MATTER" : " ",
        "MNTN_NM" : "한남지선",
        "PAST_SPOT_" : "4155001040006",
        "MNTN_ID" : "415500104"
      },
      "geometry" : {
        "x" : 190686.06808871403,
        "y" : 529571.38856115937
      }
    },
    {
      "attributes" : {
        "FID" : 6,
        "PMNTN_SPOT" : 91208,
        "MNTN_CODE" : "415500104",
        "MANAGE_SP1" : "02",
        "MANAGE_SP2" : "분기점",
        "DETAIL_SPO" : "분기점",
        "ETC_MATTER" : " ",
        "MNTN_NM" : "한남지선",
        "PAST_SPOT_" : "4155001040007",
        "MNTN_ID" : "415500104"
      },
      "geometry" : {
        "x" : 190688.59824275505,
        "y" : 529583.09568334557
      }
    },
    {
      "attributes" : {
        "FID" : 7,
        "PMNTN_SPOT" : 91209,
        "MNTN_CODE" : "415500104",
        "MANAGE_SP1" : "02",
        "MANAGE_SP2" : "분기점",
        "DETAIL_SPO" : "분기점",
        "ETC_MATTER" : " ",
        "MNTN_NM" : "한남지선",
        "PAST_SPOT_" : "4155001040008",
        "MNTN_ID" : "415500104"
      },
      "geometry" : {
        "x" : 190697.35937415808,
        "y" : 529552.08770548925
      }
    },
    {
      "attributes" : {
        "FID" : 8,
        "PMNTN_SPOT" : 91210,
        "MNTN_CODE" : "415500104",
        "MANAGE_SP1" : "02",
        "MANAGE_SP2" : "분기점",
        "DETAIL_SPO" : "분기점",
        "ETC_MATTER" : " ",
        "MNTN_NM" : "한남지선",
        "PAST_SPOT_" : "4155001040009",
        "MNTN_ID" : "415500104"
      },
      "geometry" : {
        "x" : 190709.61130893975,
        "y" : 529691.57506540976
      }
    },
    {
      "attributes" : {
        "FID" : 9,
        "PMNTN_SPOT" : 91211,
        "MNTN_CODE" : "415500104",
        "MANAGE_SP1" : "02",
        "MANAGE_SP2" : "분기점",
        "DETAIL_SPO" : "분기점",
        "ETC_MATTER" : " ",
        "MNTN_NM" : "한남지선",
        "PAST_SPOT_" : "4155001040010",
        "MNTN_ID" : "415500104"
      },
      "geometry" : {
        "x" : 190732.3400000073,
        "y" : 529190.88977445289
      }
    },
    {
      "attributes" : {
        "FID" : 10,
        "PMNTN_SPOT" : 91212,
        "MNTN_CODE" : "415500104",
        "MANAGE_SP1" : "02",
        "MANAGE_SP2" : "분기점",
        "DETAIL_SPO" : "분기점",
        "ETC_MATTER" : " ",
        "MNTN_NM" : "한남지선",
        "PAST_SPOT_" : "4155001040011",
        "MNTN_ID" : "415500104"
      },
      "geometry" : {
        "x" : 190795.88776969351,
        "y" : 528886.42866956629
      }
    },
    {
      "attributes" : {
        "FID" : 11,
        "PMNTN_SPOT" : 91213,
        "MNTN_CODE" : "415500104",
        "MANAGE_SP1" : "02",
        "MANAGE_SP2" : "분기점",
        "DETAIL_SPO" : "분기점",
        "ETC_MATTER" : " ",
        "MNTN_NM" : "한남지선",
        "PAST_SPOT_" : "4155001040012",
        "MNTN_ID" : "415500104"
      },
      "geometry" : {
        "x" : 190905.20899221674,
        "y" : 528885.07751334459
      }
    },
    {
      "attributes" : {
        "FID" : 12,
        "PMNTN_SPOT" : 91214,
        "MNTN_CODE" : "415500104",
        "MANAGE_SP1" : "02",
        "MANAGE_SP2" : "분기점",
        "DETAIL_SPO" : "분기점",
        "ETC_MATTER" : " ",
        "MNTN_NM" : "한남지선",
        "PAST_SPOT_" : "4155001040013",
        "MNTN_ID" : "415500104"
      },
      "geometry" : {
        "x" : 191031.37441925704,
        "y" : 529586.86081898399
      }
    },
    {
      "attributes" : {
        "FID" : 13,
        "PMNTN_SPOT" : 91215,
        "MNTN_CODE" : "415500104",
        "MANAGE_SP1" : "02",
        "MANAGE_SP2" : "분기점",
        "DETAIL_SPO" : "분기점",
        "ETC_MATTER" : " ",
        "MNTN_NM" : "한남지선",
        "PAST_SPOT_" : "4155001040014",
        "MNTN_ID" : "415500104"
      },
      "geometry" : {
        "x" : 191090.28019999992,
        "y" : 529226.65460000187
      }
    },
    {
      "attributes" : {
        "FID" : 14,
        "PMNTN_SPOT" : 91216,
        "MNTN_CODE" : "415500104",
        "MANAGE_SP1" : "01",
        "MANAGE_SP2" : "시종점",
        "DETAIL_SPO" : "시종점",
        "ETC_MATTER" : " ",
        "MNTN_NM" : "한남지선",
        "PAST_SPOT_" : "4155001040015",
        "MNTN_ID" : "415500104"
      },
      "geometry" : {
        "x" : 191147.52950000018,
        "y" : 527606.27190000191
      }
    },
    {
      "attributes" : {
        "FID" : 15,
        "PMNTN_SPOT" : 91217,
        "MNTN_CODE" : "415500104",
        "MANAGE_SP1" : "02",
        "MANAGE_SP2" : "분기점",
        "DETAIL_SPO" : "분기점",
        "ETC_MATTER" : " ",
        "MNTN_NM" : "한남지선",
        "PAST_SPOT_" : "4155001040016",
        "MNTN_ID" : "415500104"
      },
      "geometry" : {
        "x" : 191223.03772489913,
        "y" : 528765.43584180251
      }
    },
    {
      "attributes" : {
        "FID" : 16,
        "PMNTN_SPOT" : 91218,
        "MNTN_CODE" : "415500104",
        "MANAGE_SP1" : "02",
        "MANAGE_SP2" : "분기점",
        "DETAIL_SPO" : "분기점",
        "ETC_MATTER" : " ",
        "MNTN_NM" : "한남지선",
        "PAST_SPOT_" : "4155001040017",
        "MNTN_ID" : "415500104"
      },
      "geometry" : {
        "x" : 191288.66330000106,
        "y" : 529521.77919999883
      }
    },
    {
      "attributes" : {
        "FID" : 17,
        "PMNTN_SPOT" : 91219,
        "MNTN_CODE" : "415500104",
        "MANAGE_SP1" : "02",
        "MANAGE_SP2" : "분기점",
        "DETAIL_SPO" : "분기점",
        "ETC_MATTER" : " ",
        "MNTN_NM" : "한남지선",
        "PAST_SPOT_" : "4155001040018",
        "MNTN_ID" : "415500104"
      },
      "geometry" : {
        "x" : 191350.74139999971,
        "y" : 528908.65760000236
      }
    },
    {
      "attributes" : {
        "FID" : 18,
        "PMNTN_SPOT" : 91220,
        "MNTN_CODE" : "415500104",
        "MANAGE_SP1" : "02",
        "MANAGE_SP2" : "분기점",
        "DETAIL_SPO" : "분기점",
        "ETC_MATTER" : " ",
        "MNTN_NM" : "한남지선",
        "PAST_SPOT_" : "4155001040019",
        "MNTN_ID" : "415500104"
      },
      "geometry" : {
        "x" : 191438.65930000134,
        "y" : 530257.14570000023
      }
    },
    {
      "attributes" : {
        "FID" : 19,
        "PMNTN_SPOT" : 91221,
        "MNTN_CODE" : "415500104",
        "MANAGE_SP1" : "01",
        "MANAGE_SP2" : "시종점",
        "DETAIL_SPO" : "시종점",
        "ETC_MATTER" : " ",
        "MNTN_NM" : "한남지선",
        "PAST_SPOT_" : "4155001040020",
        "MNTN_ID" : "415500104"
      },
      "geometry" : {
        "x" : 191464.24629999977,
        "y" : 530409.66319999844
      }
    },
    {
      "attributes" : {
        "FID" : 20,
        "PMNTN_SPOT" : 91222,
        "MNTN_CODE" : "415500104",
        "MANAGE_SP1" : "02",
        "MANAGE_SP2" : "분기점",
        "DETAIL_SPO" : "분기점",
        "ETC_MATTER" : " ",
        "MNTN_NM" : "한남지선",
        "PAST_SPOT_" : "4155001040021",
        "MNTN_ID" : "415500104"
      },
      "geometry" : {
        "x" : 191541.35589999985,
        "y" : 530339.70089999959
      }
    },
    {
      "attributes" : {
        "FID" : 21,
        "PMNTN_SPOT" : 91223,
        "MNTN_CODE" : "415500104",
        "MANAGE_SP1" : "01",
        "MANAGE_SP2" : "시종점",
        "DETAIL_SPO" : "시종점",
        "ETC_MATTER" : " ",
        "MNTN_NM" : "한남지선",
        "PAST_SPOT_" : "4155001040022",
        "MNTN_ID" : "415500104"
      },
      "geometry" : {
        "x" : 191560.26830000151,
        "y" : 530385.59750000574
      }
    },
    {
      "attributes" : {
        "FID" : 22,
        "PMNTN_SPOT" : 91224,
        "MNTN_CODE" : "415500104",
        "MANAGE_SP1" : "02",
        "MANAGE_SP2" : "분기점",
        "DETAIL_SPO" : "분기점",
        "ETC_MATTER" : " ",
        "MNTN_NM" : "한남지선",
        "PAST_SPOT_" : "4155001040023",
        "MNTN_ID" : "415500104"
      },
      "geometry" : {
        "x" : 191572.73539999966,
        "y" : 530353.3235000018
      }
    },
    {
      "attributes" : {
        "FID" : 23,
        "PMNTN_SPOT" : 91225,
        "MNTN_CODE" : "415500104",
        "MANAGE_SP1" : "02",
        "MANAGE_SP2" : "분기점",
        "DETAIL_SPO" : "분기점",
        "ETC_MATTER" : " ",
        "MNTN_NM" : "한남지선",
        "PAST_SPOT_" : "4155001040024",
        "MNTN_ID" : "415500104"
      },
      "geometry" : {
        "x" : 191601.33437241893,
        "y" : 528844.69618503749
      }
    },
    {
      "attributes" : {
        "FID" : 24,
        "PMNTN_SPOT" : 91226,
        "MNTN_CODE" : "415500104",
        "MANAGE_SP1" : "02",
        "MANAGE_SP2" : "분기점",
        "DETAIL_SPO" : "분기점",
        "ETC_MATTER" : " ",
        "MNTN_NM" : "한남지선",
        "PAST_SPOT_" : "4155001040025",
        "MNTN_ID" : "415500104"
      },
      "geometry" : {
        "x" : 191655.09710000083,
        "y" : 526786.7237000037
      }
    },
    {
      "attributes" : {
        "FID" : 25,
        "PMNTN_SPOT" : 91227,
        "MNTN_CODE" : "415500104",
        "MANAGE_SP1" : "02",
        "MANAGE_SP2" : "분기점",
        "DETAIL_SPO" : "분기점",
        "ETC_MATTER" : " ",
        "MNTN_NM" : "한남지선",
        "PAST_SPOT_" : "4155001040026",
        "MNTN_ID" : "415500104"
      },
      "geometry" : {
        "x" : 191687.37320000026,
        "y" : 527599.66750000231
      }
    },
    {
      "attributes" : {
        "FID" : 26,
        "PMNTN_SPOT" : 91228,
        "MNTN_CODE" : "415500104",
        "MANAGE_SP1" : "02",
        "MANAGE_SP2" : "분기점",
        "DETAIL_SPO" : "분기점",
        "ETC_MATTER" : " ",
        "MNTN_NM" : "한남지선",
        "PAST_SPOT_" : "4155001040027",
        "MNTN_ID" : "415500104"
      },
      "geometry" : {
        "x" : 191689.99810000136,
        "y" : 528770.1010999959
      }
    },
    {
      "attributes" : {
        "FID" : 27,
        "PMNTN_SPOT" : 91229,
        "MNTN_CODE" : "415500104",
        "MANAGE_SP1" : "02",
        "MANAGE_SP2" : "분기점",
        "DETAIL_SPO" : "분기점",
        "ETC_MATTER" : " ",
        "MNTN_NM" : "한남지선",
        "PAST_SPOT_" : "4155001040028",
        "MNTN_ID" : "415500104"
      },
      "geometry" : {
        "x" : 191692.90830000024,
        "y" : 528717.03130000271
      }
    },
    {
      "attributes" : {
        "FID" : 28,
        "PMNTN_SPOT" : 91230,
        "MNTN_CODE" : "415500104",
        "MANAGE_SP1" : "02",
        "MANAGE_SP2" : "분기점",
        "DETAIL_SPO" : "분기점",
        "ETC_MATTER" : " ",
        "MNTN_NM" : "한남지선",
        "PAST_SPOT_" : "4155001040029",
        "MNTN_ID" : "415500104"
      },
      "geometry" : {
        "x" : 191705.90030655172,
        "y" : 528894.95374572091
      }
    },
    {
      "attributes" : {
        "FID" : 29,
        "PMNTN_SPOT" : 91231,
        "MNTN_CODE" : "415500104",
        "MANAGE_SP1" : "01",
        "MANAGE_SP2" : "시종점",
        "DETAIL_SPO" : "시종점",
        "ETC_MATTER" : " ",
        "MNTN_NM" : "한남지선",
        "PAST_SPOT_" : "4155001040030",
        "MNTN_ID" : "415500104"
      },
      "geometry" : {
        "x" : 191719.35040000081,
        "y" : 531805.09260000102
      }
    },
    {
      "attributes" : {
        "FID" : 30,
        "PMNTN_SPOT" : 91232,
        "MNTN_CODE" : "415500104",
        "MANAGE_SP1" : "02",
        "MANAGE_SP2" : "분기점",
        "DETAIL_SPO" : "분기점",
        "ETC_MATTER" : " ",
        "MNTN_NM" : "한남지선",
        "PAST_SPOT_" : "4155001040031",
        "MNTN_ID" : "415500104"
      },
      "geometry" : {
        "x" : 191733.88329999987,
        "y" : 528787.38240000978
      }
    },
    {
      "attributes" : {
        "FID" : 31,
        "PMNTN_SPOT" : 91233,
        "MNTN_CODE" : "415500104",
        "MANAGE_SP1" : "02",
        "MANAGE_SP2" : "분기점",
        "DETAIL_SPO" : "분기점",
        "ETC_MATTER" : " ",
        "MNTN_NM" : "한남지선",
        "PAST_SPOT_" : "4155001040032",
        "MNTN_ID" : "415500104"
      },
      "geometry" : {
        "x" : 191738.21355698537,
        "y" : 528924.88753451407
      }
    },
    {
      "attributes" : {
        "FID" : 32,
        "PMNTN_SPOT" : 91234,
        "MNTN_CODE" : "415500104",
        "MANAGE_SP1" : "02",
        "MANAGE_SP2" : "분기점",
        "DETAIL_SPO" : "분기점",
        "ETC_MATTER" : " ",
        "MNTN_NM" : "한남지선",
        "PAST_SPOT_" : "4155001040033",
        "MNTN_ID" : "415500104"
      },
      "geometry" : {
        "x" : 191764.21930000093,
        "y" : 528731.78840001114
      }
    },
    {
      "attributes" : {
        "FID" : 33,
        "PMNTN_SPOT" : 91235,
        "MNTN_CODE" : "415500104",
        "MANAGE_SP1" : "02",
        "MANAGE_SP2" : "분기점",
        "DETAIL_SPO" : "분기점",
        "ETC_MATTER" : " ",
        "MNTN_NM" : "한남지선",
        "PAST_SPOT_" : "4155001040034",
        "MNTN_ID" : "415500104"
      },
      "geometry" : {
        "x" : 191782.9095999999,
        "y" : 528762.99489999563
      }
    },
    {
      "attributes" : {
        "FID" : 34,
        "PMNTN_SPOT" : 91236,
        "MNTN_CODE" : "415500104",
        "MANAGE_SP1" : "02",
        "MANAGE_SP2" : "분기점",
        "DETAIL_SPO" : "분기점",
        "ETC_MATTER" : " ",
        "MNTN_NM" : "한남지선",
        "PAST_SPOT_" : "4155001040035",
        "MNTN_ID" : "415500104"
      },
      "geometry" : {
        "x" : 191813.99579999968,
        "y" : 528548.15970000066
      }
    },
    {
      "attributes" : {
        "FID" : 35,
        "PMNTN_SPOT" : 91237,
        "MNTN_CODE" : "415500104",
        "MANAGE_SP1" : "02",
        "MANAGE_SP2" : "분기점",
        "DETAIL_SPO" : "분기점",
        "ETC_MATTER" : " ",
        "MNTN_NM" : "한남지선",
        "PAST_SPOT_" : "4155001040036",
        "MNTN_ID" : "415500104"
      },
      "geometry" : {
        "x" : 191877.76700000186,
        "y" : 528398.44270000048
      }
    },
    {
      "attributes" : {
        "FID" : 36,
        "PMNTN_SPOT" : 91238,
        "MNTN_CODE" : "415500104",
        "MANAGE_SP1" : "02",
        "MANAGE_SP2" : "분기점",
        "DETAIL_SPO" : "분기점",
        "ETC_MATTER" : " ",
        "MNTN_NM" : "한남지선",
        "PAST_SPOT_" : "4155001040037",
        "MNTN_ID" : "415500104"
      },
      "geometry" : {
        "x" : 191897.65220000129,
        "y" : 528376.00620000064
      }
    },
    {
      "attributes" : {
        "FID" : 37,
        "PMNTN_SPOT" : 91239,
        "MNTN_CODE" : "415500104",
        "MANAGE_SP1" : "02",
        "MANAGE_SP2" : "분기점",
        "DETAIL_SPO" : "분기점",
        "ETC_MATTER" : " ",
        "MNTN_NM" : "한남지선",
        "PAST_SPOT_" : "4155001040038",
        "MNTN_ID" : "415500104"
      },
      "geometry" : {
        "x" : 191922.16530000046,
        "y" : 528583.64550000057
      }
    },
    {
      "attributes" : {
        "FID" : 38,
        "PMNTN_SPOT" : 91240,
        "MNTN_CODE" : "415500104",
        "MANAGE_SP1" : "02",
        "MANAGE_SP2" : "분기점",
        "DETAIL_SPO" : "분기점",
        "ETC_MATTER" : " ",
        "MNTN_NM" : "한남지선",
        "PAST_SPOT_" : "4155001040039",
        "MNTN_ID" : "415500104"
      },
      "geometry" : {
        "x" : 191923.54690000135,
        "y" : 528610.033400001
      }
    },
    {
      "attributes" : {
        "FID" : 39,
        "PMNTN_SPOT" : 91241,
        "MNTN_CODE" : "415500104",
        "MANAGE_SP1" : "02",
        "MANAGE_SP2" : "분기점",
        "DETAIL_SPO" : "분기점",
        "ETC_MATTER" : " ",
        "MNTN_NM" : "한남지선",
        "PAST_SPOT_" : "4155001040040",
        "MNTN_ID" : "415500104"
      },
      "geometry" : {
        "x" : 191967.48200000077,
        "y" : 527344.47089999914
      }
    },
    {
      "attributes" : {
        "FID" : 40,
        "PMNTN_SPOT" : 91242,
        "MNTN_CODE" : "415500104",
        "MANAGE_SP1" : "02",
        "MANAGE_SP2" : "분기점",
        "DETAIL_SPO" : "분기점",
        "ETC_MATTER" : " ",
        "MNTN_NM" : "한남지선",
        "PAST_SPOT_" : "4155001040041",
        "MNTN_ID" : "415500104"
      },
      "geometry" : {
        "x" : 191987.19902069122,
        "y" : 527643.8091014456
      }
    },
    {
      "attributes" : {
        "FID" : 41,
        "PMNTN_SPOT" : 91243,
        "MNTN_CODE" : "415500104",
        "MANAGE_SP1" : "02",
        "MANAGE_SP2" : "분기점",
        "DETAIL_SPO" : "분기점",
        "ETC_MATTER" : " ",
        "MNTN_NM" : "한남지선",
        "PAST_SPOT_" : "4155001040042",
        "MNTN_ID" : "415500104"
      },
      "geometry" : {
        "x" : 191991.04260000121,
        "y" : 528512.2479000017
      }
    },
    {
      "attributes" : {
        "FID" : 42,
        "PMNTN_SPOT" : 91244,
        "MNTN_CODE" : "415500104",
        "MANAGE_SP1" : "02",
        "MANAGE_SP2" : "분기점",
        "DETAIL_SPO" : "분기점",
        "ETC_MATTER" : " ",
        "MNTN_NM" : "한남지선",
        "PAST_SPOT_" : "4155001040043",
        "MNTN_ID" : "415500104"
      },
      "geometry" : {
        "x" : 191999.01180000231,
        "y" : 527675.81920000166
      }
    },
    {
      "attributes" : {
        "FID" : 43,
        "PMNTN_SPOT" : 91245,
        "MNTN_CODE" : "415500104",
        "MANAGE_SP1" : "02",
        "MANAGE_SP2" : "분기점",
        "DETAIL_SPO" : "분기점",
        "ETC_MATTER" : " ",
        "MNTN_NM" : "한남지선",
        "PAST_SPOT_" : "4155001040044",
        "MNTN_ID" : "415500104"
      },
      "geometry" : {
        "x" : 191999.11670000106,
        "y" : 528111.8545000013
      }
    },
    {
      "attributes" : {
        "FID" : 44,
        "PMNTN_SPOT" : 91246,
        "MNTN_CODE" : "415500104",
        "MANAGE_SP1" : "02",
        "MANAGE_SP2" : "분기점",
        "DETAIL_SPO" : "분기점",
        "ETC_MATTER" : " ",
        "MNTN_NM" : "한남지선",
        "PAST_SPOT_" : "4155001040045",
        "MNTN_ID" : "415500104"
      },
      "geometry" : {
        "x" : 192001.15150000155,
        "y" : 527761.5633000005
      }
    },
    {
      "attributes" : {
        "FID" : 45,
        "PMNTN_SPOT" : 91247,
        "MNTN_CODE" : "415500104",
        "MANAGE_SP1" : "02",
        "MANAGE_SP2" : "분기점",
        "DETAIL_SPO" : "분기점",
        "ETC_MATTER" : " ",
        "MNTN_NM" : "한남지선",
        "PAST_SPOT_" : "4155001040046",
        "MNTN_ID" : "415500104"
      },
      "geometry" : {
        "x" : 192008.90520000085,
        "y" : 528105.98140000179
      }
    },
    {
      "attributes" : {
        "FID" : 46,
        "PMNTN_SPOT" : 91248,
        "MNTN_CODE" : "415500104",
        "MANAGE_SP1" : "02",
        "MANAGE_SP2" : "분기점",
        "DETAIL_SPO" : "분기점",
        "ETC_MATTER" : " ",
        "MNTN_NM" : "한남지선",
        "PAST_SPOT_" : "4155001040047",
        "MNTN_ID" : "415500104"
      },
      "geometry" : {
        "x" : 192021.59020000137,
        "y" : 528421.76280000061
      }
    },
    {
      "attributes" : {
        "FID" : 47,
        "PMNTN_SPOT" : 91249,
        "MNTN_CODE" : "415500104",
        "MANAGE_SP1" : "02",
        "MANAGE_SP2" : "분기점",
        "DETAIL_SPO" : "분기점",
        "ETC_MATTER" : " ",
        "MNTN_NM" : "한남지선",
        "PAST_SPOT_" : "4155001040048",
        "MNTN_ID" : "415500104"
      },
      "geometry" : {
        "x" : 192054.42170000356,
        "y" : 528377.12250000052
      }
    },
    {
      "attributes" : {
        "FID" : 48,
        "PMNTN_SPOT" : 91250,
        "MNTN_CODE" : "415500104",
        "MANAGE_SP1" : "02",
        "MANAGE_SP2" : "분기점",
        "DETAIL_SPO" : "분기점",
        "ETC_MATTER" : " ",
        "MNTN_NM" : "한남지선",
        "PAST_SPOT_" : "4155001040049",
        "MNTN_ID" : "415500104"
      },
      "geometry" : {
        "x" : 192095.06260000262,
        "y" : 528688.51710000262
      }
    },
    {
      "attributes" : {
        "FID" : 49,
        "PMNTN_SPOT" : 91251,
        "MNTN_CODE" : "415500104",
        "MANAGE_SP1" : "02",
        "MANAGE_SP2" : "분기점",
        "DETAIL_SPO" : "분기점",
        "ETC_MATTER" : " ",
        "MNTN_NM" : "한남지선",
        "PAST_SPOT_" : "4155001040050",
        "MNTN_ID" : "415500104"
      },
      "geometry" : {
        "x" : 192145.21570000052,
        "y" : 528533.63220000081
      }
    },
    {
      "attributes" : {
        "FID" : 50,
        "PMNTN_SPOT" : 91252,
        "MNTN_CODE" : "415500104",
        "MANAGE_SP1" : "02",
        "MANAGE_SP2" : "분기점",
        "DETAIL_SPO" : "분기점",
        "ETC_MATTER" : " ",
        "MNTN_NM" : "한남지선",
        "PAST_SPOT_" : "4155001040051",
        "MNTN_ID" : "415500104"
      },
      "geometry" : {
        "x" : 192153.35770000052,
        "y" : 528077.08789999969
      }
    },
    {
      "attributes" : {
        "FID" : 51,
        "PMNTN_SPOT" : 91253,
        "MNTN_CODE" : "415500104",
        "MANAGE_SP1" : "01",
        "MANAGE_SP2" : "시종점",
        "DETAIL_SPO" : "시종점",
        "ETC_MATTER" : " ",
        "MNTN_NM" : "한남지선",
        "PAST_SPOT_" : "4155001040052",
        "MNTN_ID" : "415500104"
      },
      "geometry" : {
        "x" : 192163.68400000222,
        "y" : 529150.93160000816
      }
    },
    {
      "attributes" : {
        "FID" : 52,
        "PMNTN_SPOT" : 91254,
        "MNTN_CODE" : "415500104",
        "MANAGE_SP1" : "02",
        "MANAGE_SP2" : "분기점",
        "DETAIL_SPO" : "분기점",
        "ETC_MATTER" : " ",
        "MNTN_NM" : "한남지선",
        "PAST_SPOT_" : "4155001040053",
        "MNTN_ID" : "415500104"
      },
      "geometry" : {
        "x" : 192171.85030000005,
        "y" : 528558.05700000376
      }
    },
    {
      "attributes" : {
        "FID" : 53,
        "PMNTN_SPOT" : 91255,
        "MNTN_CODE" : "415500104",
        "MANAGE_SP1" : "02",
        "MANAGE_SP2" : "분기점",
        "DETAIL_SPO" : "분기점",
        "ETC_MATTER" : " ",
        "MNTN_NM" : "한남지선",
        "PAST_SPOT_" : "4155001040054",
        "MNTN_ID" : "415500104"
      },
      "geometry" : {
        "x" : 192195.38974280376,
        "y" : 528448.31458448619
      }
    },
    {
      "attributes" : {
        "FID" : 54,
        "PMNTN_SPOT" : 91256,
        "MNTN_CODE" : "415500104",
        "MANAGE_SP1" : "02",
        "MANAGE_SP2" : "분기점",
        "DETAIL_SPO" : "분기점",
        "ETC_MATTER" : " ",
        "MNTN_NM" : "한남지선",
        "PAST_SPOT_" : "4155001040055",
        "MNTN_ID" : "415500104"
      },
      "geometry" : {
        "x" : 192331.55530000106,
        "y" : 528119.63869999908
      }
    },
    {
      "attributes" : {
        "FID" : 55,
        "PMNTN_SPOT" : 91257,
        "MNTN_CODE" : "415500104",
        "MANAGE_SP1" : "02",
        "MANAGE_SP2" : "분기점",
        "DETAIL_SPO" : "분기점",
        "ETC_MATTER" : " ",
        "MNTN_NM" : "한남지선",
        "PAST_SPOT_" : "4155001040056",
        "MNTN_ID" : "415500104"
      },
      "geometry" : {
        "x" : 192340.94430000056,
        "y" : 528842.97550000064
      }
    },
    {
      "attributes" : {
        "FID" : 56,
        "PMNTN_SPOT" : 91258,
        "MNTN_CODE" : "415500104",
        "MANAGE_SP1" : "02",
        "MANAGE_SP2" : "분기점",
        "DETAIL_SPO" : "분기점",
        "ETC_MATTER" : " ",
        "MNTN_NM" : "한남지선",
        "PAST_SPOT_" : "4155001040057",
        "MNTN_ID" : "415500104"
      },
      "geometry" : {
        "x" : 192418.65150000341,
        "y" : 528574.36309999973
      }
    },
    {
      "attributes" : {
        "FID" : 57,
        "PMNTN_SPOT" : 91259,
        "MNTN_CODE" : "415500104",
        "MANAGE_SP1" : "02",
        "MANAGE_SP2" : "분기점",
        "DETAIL_SPO" : "분기점",
        "ETC_MATTER" : " ",
        "MNTN_NM" : "한남지선",
        "PAST_SPOT_" : "4155001040058",
        "MNTN_ID" : "415500104"
      },
      "geometry" : {
        "x" : 192428.97818254959,
        "y" : 528537.43563606218
      }
    },
    {
      "attributes" : {
        "FID" : 58,
        "PMNTN_SPOT" : 91260,
        "MNTN_CODE" : "415500104",
        "MANAGE_SP1" : "02",
        "MANAGE_SP2" : "분기점",
        "DETAIL_SPO" : "분기점",
        "ETC_MATTER" : " ",
        "MNTN_NM" : "한남지선",
        "PAST_SPOT_" : "4155001040059",
        "MNTN_ID" : "415500104"
      },
      "geometry" : {
        "x" : 192471.4553000005,
        "y" : 526943.37849999592
      }
    },
    {
      "attributes" : {
        "FID" : 59,
        "PMNTN_SPOT" : 91261,
        "MNTN_CODE" : "415500104",
        "MANAGE_SP1" : "02",
        "MANAGE_SP2" : "분기점",
        "DETAIL_SPO" : "분기점",
        "ETC_MATTER" : " ",
        "MNTN_NM" : "한남지선",
        "PAST_SPOT_" : "4155001040060",
        "MNTN_ID" : "415500104"
      },
      "geometry" : {
        "x" : 192477.17620000057,
        "y" : 527961.93890000694
      }
    },
    {
      "attributes" : {
        "FID" : 60,
        "PMNTN_SPOT" : 91262,
        "MNTN_CODE" : "415500104",
        "MANAGE_SP1" : "02",
        "MANAGE_SP2" : "분기점",
        "DETAIL_SPO" : "분기점",
        "ETC_MATTER" : " ",
        "MNTN_NM" : "한남지선",
        "PAST_SPOT_" : "4155001040061",
        "MNTN_ID" : "415500104"
      },
      "geometry" : {
        "x" : 192560.43439999968,
        "y" : 528291.15440000035
      }
    },
    {
      "attributes" : {
        "FID" : 61,
        "PMNTN_SPOT" : 91263,
        "MNTN_CODE" : "415500104",
        "MANAGE_SP1" : "01",
        "MANAGE_SP2" : "시종점",
        "DETAIL_SPO" : "시종점",
        "ETC_MATTER" : " ",
        "MNTN_NM" : "한남지선",
        "PAST_SPOT_" : "4155001040062",
        "MNTN_ID" : "415500104"
      },
      "geometry" : {
        "x" : 192585.83510000072,
        "y" : 528581.470900001
      }
    },
    {
      "attributes" : {
        "FID" : 62,
        "PMNTN_SPOT" : 91264,
        "MNTN_CODE" : "415500104",
        "MANAGE_SP1" : "01",
        "MANAGE_SP2" : "시종점",
        "DETAIL_SPO" : "시종점",
        "ETC_MATTER" : " ",
        "MNTN_NM" : "한남지선",
        "PAST_SPOT_" : "4155001040063",
        "MNTN_ID" : "415500104"
      },
      "geometry" : {
        "x" : 192603.11100000143,
        "y" : 525407.6576000005
      }
    },
    {
      "attributes" : {
        "FID" : 63,
        "PMNTN_SPOT" : 91265,
        "MNTN_CODE" : "415500104",
        "MANAGE_SP1" : "02",
        "MANAGE_SP2" : "분기점",
        "DETAIL_SPO" : "분기점",
        "ETC_MATTER" : " ",
        "MNTN_NM" : "한남지선",
        "PAST_SPOT_" : "4155001040064",
        "MNTN_ID" : "415500104"
      },
      "geometry" : {
        "x" : 192651.50299999956,
        "y" : 525871.94590000063
      }
    },
    {
      "attributes" : {
        "FID" : 64,
        "PMNTN_SPOT" : 91266,
        "MNTN_CODE" : "415500104",
        "MANAGE_SP1" : "02",
        "MANAGE_SP2" : "분기점",
        "DETAIL_SPO" : "분기점",
        "ETC_MATTER" : " ",
        "MNTN_NM" : "한남지선",
        "PAST_SPOT_" : "4155001040065",
        "MNTN_ID" : "415500104"
      },
      "geometry" : {
        "x" : 192657.34910000209,
        "y" : 526905.56640000641
      }
    },
    {
      "attributes" : {
        "FID" : 65,
        "PMNTN_SPOT" : 91267,
        "MNTN_CODE" : "415500104",
        "MANAGE_SP1" : "02",
        "MANAGE_SP2" : "분기점",
        "DETAIL_SPO" : "분기점",
        "ETC_MATTER" : " ",
        "MNTN_NM" : "한남지선",
        "PAST_SPOT_" : "4155001040066",
        "MNTN_ID" : "415500104"
      },
      "geometry" : {
        "x" : 192660.48927843478,
        "y" : 528402.67084453627
      }
    },
    {
      "attributes" : {
        "FID" : 66,
        "PMNTN_SPOT" : 91268,
        "MNTN_CODE" : "415500104",
        "MANAGE_SP1" : "02",
        "MANAGE_SP2" : "분기점",
        "DETAIL_SPO" : "분기점",
        "ETC_MATTER" : " ",
        "MNTN_NM" : "한남지선",
        "PAST_SPOT_" : "4155001040067",
        "MNTN_ID" : "415500104"
      },
      "geometry" : {
        "x" : 192751.85529999994,
        "y" : 528551.81330000237
      }
    },
    {
      "attributes" : {
        "FID" : 67,
        "PMNTN_SPOT" : 91269,
        "MNTN_CODE" : "415500104",
        "MANAGE_SP1" : "01",
        "MANAGE_SP2" : "시종점",
        "DETAIL_SPO" : "시종점",
        "ETC_MATTER" : " ",
        "MNTN_NM" : "한남지선",
        "PAST_SPOT_" : "4155001040068",
        "MNTN_ID" : "415500104"
      },
      "geometry" : {
        "x" : 192752.50090000033,
        "y" : 528617.13380000181
      }
    },
    {
      "attributes" : {
        "FID" : 68,
        "PMNTN_SPOT" : 91270,
        "MNTN_CODE" : "415500104",
        "MANAGE_SP1" : "02",
        "MANAGE_SP2" : "분기점",
        "DETAIL_SPO" : "분기점",
        "ETC_MATTER" : " ",
        "MNTN_NM" : "한남지선",
        "PAST_SPOT_" : "4155001040069",
        "MNTN_ID" : "415500104"
      },
      "geometry" : {
        "x" : 192761.32359999977,
        "y" : 528480.04170000553
      }
    },
    {
      "attributes" : {
        "FID" : 69,
        "PMNTN_SPOT" : 91271,
        "MNTN_CODE" : "415500104",
        "MANAGE_SP1" : "02",
        "MANAGE_SP2" : "분기점",
        "DETAIL_SPO" : "분기점",
        "ETC_MATTER" : " ",
        "MNTN_NM" : "한남지선",
        "PAST_SPOT_" : "4155001040070",
        "MNTN_ID" : "415500104"
      },
      "geometry" : {
        "x" : 192807.79239999969,
        "y" : 527923.25860000215
      }
    },
    {
      "attributes" : {
        "FID" : 70,
        "PMNTN_SPOT" : 91272,
        "MNTN_CODE" : "415500104",
        "MANAGE_SP1" : "01",
        "MANAGE_SP2" : "시종점",
        "DETAIL_SPO" : "시종점",
        "ETC_MATTER" : " ",
        "MNTN_NM" : "한남지선",
        "PAST_SPOT_" : "4155001040071",
        "MNTN_ID" : "415500104"
      },
      "geometry" : {
        "x" : 192853.00860000402,
        "y" : 528511.49050000496
      }
    },
    {
      "attributes" : {
        "FID" : 71,
        "PMNTN_SPOT" : 91273,
        "MNTN_CODE" : "415500104",
        "MANAGE_SP1" : "01",
        "MANAGE_SP2" : "시종점",
        "DETAIL_SPO" : "시종점",
        "ETC_MATTER" : " ",
        "MNTN_NM" : "한남지선",
        "PAST_SPOT_" : "4155001040072",
        "MNTN_ID" : "415500104"
      },
      "geometry" : {
        "x" : 192896.34740000218,
        "y" : 528499.51640000008
      }
    },
    {
      "attributes" : {
        "FID" : 72,
        "PMNTN_SPOT" : 91274,
        "MNTN_CODE" : "415500104",
        "MANAGE_SP1" : "01",
        "MANAGE_SP2" : "시종점",
        "DETAIL_SPO" : "시종점",
        "ETC_MATTER" : " ",
        "MNTN_NM" : "한남지선",
        "PAST_SPOT_" : "4155001040073",
        "MNTN_ID" : "415500104"
      },
      "geometry" : {
        "x" : 193375.43080000021,
        "y" : 527877.55540000089
      }
    },
    {
      "attributes" : {
        "FID" : 73,
        "PMNTN_SPOT" : 99619,
        "MNTN_CODE" : "415500104",
        "MANAGE_SP1" : "03",
        "MANAGE_SP2" : "정자",
        "DETAIL_SPO" : "정자, 음수대, 벤치",
        "ETC_MATTER" : " ",
        "MNTN_NM" : "한남지선",
        "PAST_SPOT_" : "4155001040074",
        "MNTN_ID" : "415500104"
      },
      "geometry" : {
        "x" : 190174.63850000119,
        "y" : 529380.62659999973
      }
    },
    {
      "attributes" : {
        "FID" : 74,
        "PMNTN_SPOT" : 99620,
        "MNTN_CODE" : "415500104",
        "MANAGE_SP1" : "05",
        "MANAGE_SP2" : "벤치",
        "DETAIL_SPO" : "벤치, 쉬어가는숲",
        "ETC_MATTER" : " ",
        "MNTN_NM" : "한남지선",
        "PAST_SPOT_" : "4155001040075",
        "MNTN_ID" : "415500104"
      },
      "geometry" : {
        "x" : 190267.03949999897,
        "y" : 529388.54670000123
      }
    },
    {
      "attributes" : {
        "FID" : 75,
        "PMNTN_SPOT" : 99621,
        "MNTN_CODE" : "415500104",
        "MANAGE_SP1" : "05",
        "MANAGE_SP2" : "벤치",
        "DETAIL_SPO" : "벤치, 명상의숲",
        "ETC_MATTER" : " ",
        "MNTN_NM" : "한남지선",
        "PAST_SPOT_" : "4155001040076",
        "MNTN_ID" : "415500104"
      },
      "geometry" : {
        "x" : 190423.33449999907,
        "y" : 529390.34769999993
      }
    },
    {
      "attributes" : {
        "FID" : 76,
        "PMNTN_SPOT" : 99622,
        "MNTN_CODE" : "415500104",
        "MANAGE_SP1" : "05",
        "MANAGE_SP2" : "벤치",
        "DETAIL_SPO" : "벤치",
        "ETC_MATTER" : " ",
        "MNTN_NM" : "한남지선",
        "PAST_SPOT_" : "4155001040077",
        "MNTN_ID" : "415500104"
      },
      "geometry" : {
        "x" : 190465.72239999997,
        "y" : 529375.10810000054
      }
    },
    {
      "attributes" : {
        "FID" : 77,
        "PMNTN_SPOT" : 99623,
        "MNTN_CODE" : "415500104",
        "MANAGE_SP1" : "07",
        "MANAGE_SP2" : "시설물(운동기구 등)",
        "DETAIL_SPO" : "시설물(운동기구등)",
        "ETC_MATTER" : " ",
        "MNTN_NM" : "한남지선",
        "PAST_SPOT_" : "4155001040078",
        "MNTN_ID" : "415500104"
      },
      "geometry" : {
        "x" : 189730.27340000041,
        "y" : 529226.34600000095
      }
    },
    {
      "attributes" : {
        "FID" : 78,
        "PMNTN_SPOT" : 99624,
        "MNTN_CODE" : "415500104",
        "MANAGE_SP1" : "03",
        "MANAGE_SP2" : "정자",
        "DETAIL_SPO" : "정자, 수암약수터",
        "ETC_MATTER" : " ",
        "MNTN_NM" : "한남지선",
        "PAST_SPOT_" : "4155001040079",
        "MNTN_ID" : "415500104"
      },
      "geometry" : {
        "x" : 189979.93989999924,
        "y" : 529112.1325000003
      }
    },
    {
      "attributes" : {
        "FID" : 79,
        "PMNTN_SPOT" : 99625,
        "MNTN_CODE" : "415500104",
        "MANAGE_SP1" : "10",
        "MANAGE_SP2" : "이정표",
        "DETAIL_SPO" : "이정표",
        "ETC_MATTER" : " ",
        "MNTN_NM" : "한남지선",
        "PAST_SPOT_" : "4155001040080",
        "MNTN_ID" : "415500104"
      },
      "geometry" : {
        "x" : 190366.19700000063,
        "y" : 529164.20140000049
      }
    },
    {
      "attributes" : {
        "FID" : 80,
        "PMNTN_SPOT" : 99626,
        "MNTN_CODE" : "415500104",
        "MANAGE_SP1" : "14",
        "MANAGE_SP2" : "조망점",
        "DETAIL_SPO" : "조망점",
        "ETC_MATTER" : " ",
        "MNTN_NM" : "한남지선",
        "PAST_SPOT_" : "4155001040081",
        "MNTN_ID" : "415500104"
      },
      "geometry" : {
        "x" : 190630.89919999905,
        "y" : 528509.40560000041
      }
    },
    {
      "attributes" : {
        "FID" : 81,
        "PMNTN_SPOT" : 99627,
        "MNTN_CODE" : "415500104",
        "MANAGE_SP1" : "14",
        "MANAGE_SP2" : "조망점",
        "DETAIL_SPO" : "조망점",
        "ETC_MATTER" : " ",
        "MNTN_NM" : "한남지선",
        "PAST_SPOT_" : "4155001040082",
        "MNTN_ID" : "415500104"
      },
      "geometry" : {
        "x" : 190621.98130000048,
        "y" : 528278.16200000083
      }
    },
    {
      "attributes" : {
        "FID" : 82,
        "PMNTN_SPOT" : 99628,
        "MNTN_CODE" : "415500104",
        "MANAGE_SP1" : "14",
        "MANAGE_SP2" : "조망점",
        "DETAIL_SPO" : "조망점, 화장실",
        "ETC_MATTER" : " ",
        "MNTN_NM" : "한남지선",
        "PAST_SPOT_" : "4155001040083",
        "MNTN_ID" : "415500104"
      },
      "geometry" : {
        "x" : 190325.45930000101,
        "y" : 527929.55870000087
      }
    },
    {
      "attributes" : {
        "FID" : 83,
        "PMNTN_SPOT" : 99629,
        "MNTN_CODE" : "415500104",
        "MANAGE_SP1" : "10",
        "MANAGE_SP2" : "이정표",
        "DETAIL_SPO" : "이정표",
        "ETC_MATTER" : " ",
        "MNTN_NM" : "한남지선",
        "PAST_SPOT_" : "4155001040084",
        "MNTN_ID" : "415500104"
      },
      "geometry" : {
        "x" : 191351.18069999974,
        "y" : 528910.94009999977
      }
    },
    {
      "attributes" : {
        "FID" : 84,
        "PMNTN_SPOT" : 99630,
        "MNTN_CODE" : "415500104",
        "MANAGE_SP1" : "07",
        "MANAGE_SP2" : "시설물(운동기구 등)",
        "DETAIL_SPO" : "시설물(운동기구등)",
        "ETC_MATTER" : " ",
        "MNTN_NM" : "한남지선",
        "PAST_SPOT_" : "4155001040085",
        "MNTN_ID" : "415500104"
      },
      "geometry" : {
        "x" : 190747.08540000088,
        "y" : 529656.7640000002
      }
    },
    {
      "attributes" : {
        "FID" : 85,
        "PMNTN_SPOT" : 99631,
        "MNTN_CODE" : "415500104",
        "MANAGE_SP1" : "07",
        "MANAGE_SP2" : "시설물(운동기구 등)",
        "DETAIL_SPO" : "시설물(운동기구등), 제3산림욕장",
        "ETC_MATTER" : " ",
        "MNTN_NM" : "한남지선",
        "PAST_SPOT_" : "4155001040086",
        "MNTN_ID" : "415500104"
      },
      "geometry" : {
        "x" : 191092.6962999992,
        "y" : 529783.6766999996
      }
    },
    {
      "attributes" : {
        "FID" : 86,
        "PMNTN_SPOT" : 99632,
        "MNTN_CODE" : "415500104",
        "MANAGE_SP1" : "05",
        "MANAGE_SP2" : "벤치",
        "DETAIL_SPO" : "벤치",
        "ETC_MATTER" : " ",
        "MNTN_NM" : "한남지선",
        "PAST_SPOT_" : "4155001040087",
        "MNTN_ID" : "415500104"
      },
      "geometry" : {
        "x" : 192157.52480000068,
        "y" : 528075.74769999983
      }
    },
    {
      "attributes" : {
        "FID" : 87,
        "PMNTN_SPOT" : 99633,
        "MNTN_CODE" : "415500104",
        "MANAGE_SP1" : "06",
        "MANAGE_SP2" : "음수대",
        "DETAIL_SPO" : "음천약수터",
        "ETC_MATTER" : " ",
        "MNTN_NM" : "한남지선",
        "PAST_SPOT_" : "4155001040088",
        "MNTN_ID" : "415500104"
      },
      "geometry" : {
        "x" : 192902.91310000027,
        "y" : 527153.73469999933
      }
    },
    {
      "attributes" : {
        "FID" : 88,
        "PMNTN_SPOT" : 99634,
        "MNTN_CODE" : "415500104",
        "MANAGE_SP1" : "13",
        "MANAGE_SP2" : "유적(문화, 역사)",
        "DETAIL_SPO" : "김만기선생",
        "ETC_MATTER" : " ",
        "MNTN_NM" : "한남지선",
        "PAST_SPOT_" : "4155001040089",
        "MNTN_ID" : "415500104"
      },
      "geometry" : {
        "x" : 192977.77269999875,
        "y" : 527385.37120000063
      }
    },
    {
      "attributes" : {
        "FID" : 89,
        "PMNTN_SPOT" : 99635,
        "MNTN_CODE" : "415500104",
        "MANAGE_SP1" : "05",
        "MANAGE_SP2" : "벤치",
        "DETAIL_SPO" : "벤치",
        "ETC_MATTER" : " ",
        "MNTN_NM" : "한남지선",
        "PAST_SPOT_" : "4155001040090",
        "MNTN_ID" : "415500104"
      },
      "geometry" : {
        "x" : 192760.83910000054,
        "y" : 528476.18349999969
      }
    },
    {
      "attributes" : {
        "FID" : 90,
        "PMNTN_SPOT" : 99636,
        "MNTN_CODE" : "415500104",
        "MANAGE_SP1" : "10",
        "MANAGE_SP2" : "이정표",
        "DETAIL_SPO" : "이정표",
        "ETC_MATTER" : " ",
        "MNTN_NM" : "한남지선",
        "PAST_SPOT_" : "4155001040091",
        "MNTN_ID" : "415500104"
      },
      "geometry" : {
        "x" : 192653.46370000025,
        "y" : 528396.78619999962
      }
    },
    {
      "attributes" : {
        "FID" : 91,
        "PMNTN_SPOT" : 99637,
        "MNTN_CODE" : "415500104",
        "MANAGE_SP1" : "13",
        "MANAGE_SP2" : "유적(문화, 역사)",
        "DETAIL_SPO" : "수리산 성불사, 음수대",
        "ETC_MATTER" : " ",
        "MNTN_NM" : "한남지선",
        "PAST_SPOT_" : "4155001040092",
        "MNTN_ID" : "415500104"
      },
      "geometry" : {
        "x" : 192126.08260000017,
        "y" : 528439.76039999921
      }
    },
    {
      "attributes" : {
        "FID" : 92,
        "PMNTN_SPOT" : 99638,
        "MNTN_CODE" : "415500104",
        "MANAGE_SP1" : "05",
        "MANAGE_SP2" : "벤치",
        "DETAIL_SPO" : "벤치, 산딸기 약수터",
        "ETC_MATTER" : " ",
        "MNTN_NM" : "한남지선",
        "PAST_SPOT_" : "4155001040093",
        "MNTN_ID" : "415500104"
      },
      "geometry" : {
        "x" : 192060.12029999911,
        "y" : 528380.49059999851
      }
    },
    {
      "attributes" : {
        "FID" : 93,
        "PMNTN_SPOT" : 99639,
        "MNTN_CODE" : "415500104",
        "MANAGE_SP1" : "13",
        "MANAGE_SP2" : "유적(문화, 역사)",
        "DETAIL_SPO" : "수리산 용진사",
        "ETC_MATTER" : " ",
        "MNTN_NM" : "한남지선",
        "PAST_SPOT_" : "4155001040094",
        "MNTN_ID" : "415500104"
      },
      "geometry" : {
        "x" : 192111.09469999923,
        "y" : 528697.38230000087
      }
    },
    {
      "attributes" : {
        "FID" : 94,
        "PMNTN_SPOT" : 99640,
        "MNTN_CODE" : "415500104",
        "MANAGE_SP1" : "10",
        "MANAGE_SP2" : "이정표",
        "DETAIL_SPO" : "이정표",
        "ETC_MATTER" : " ",
        "MNTN_NM" : "한남지선",
        "PAST_SPOT_" : "4155001040095",
        "MNTN_ID" : "415500104"
      },
      "geometry" : {
        "x" : 192179.47469999958,
        "y" : 528549.87179999985
      }
    },
    {
      "attributes" : {
        "FID" : 95,
        "PMNTN_SPOT" : 99641,
        "MNTN_CODE" : "415500104",
        "MANAGE_SP1" : "07",
        "MANAGE_SP2" : "시설물(운동기구 등)",
        "DETAIL_SPO" : "시설물(운동기구등)",
        "ETC_MATTER" : " ",
        "MNTN_NM" : "한남지선",
        "PAST_SPOT_" : "4155001040096",
        "MNTN_ID" : "415500104"
      },
      "geometry" : {
        "x" : 192349.67029999985,
        "y" : 528859.14709999971
      }
    },
    {
      "attributes" : {
        "FID" : 96,
        "PMNTN_SPOT" : 99642,
        "MNTN_CODE" : "415500104",
        "MANAGE_SP1" : "05",
        "MANAGE_SP2" : "벤치",
        "DETAIL_SPO" : "벤치",
        "ETC_MATTER" : " ",
        "MNTN_NM" : "한남지선",
        "PAST_SPOT_" : "4155001040097",
        "MNTN_ID" : "415500104"
      },
      "geometry" : {
        "x" : 192475.5593999993,
        "y" : 527961.35930000094
      }
    },
    {
      "attributes" : {
        "FID" : 97,
        "PMNTN_SPOT" : 99643,
        "MNTN_CODE" : "415500104",
        "MANAGE_SP1" : "05",
        "MANAGE_SP2" : "벤치",
        "DETAIL_SPO" : "벤치",
        "ETC_MATTER" : " ",
        "MNTN_NM" : "한남지선",
        "PAST_SPOT_" : "4155001040098",
        "MNTN_ID" : "415500104"
      },
      "geometry" : {
        "x" : 192814.70150000011,
        "y" : 527924.74389999907
      }
    },
    {
      "attributes" : {
        "FID" : 98,
        "PMNTN_SPOT" : 99644,
        "MNTN_CODE" : "415500104",
        "MANAGE_SP1" : "13",
        "MANAGE_SP2" : "유적(문화, 역사)",
        "DETAIL_SPO" : "상연사",
        "ETC_MATTER" : " ",
        "MNTN_NM" : "한남지선",
        "PAST_SPOT_" : "4155001040099",
        "MNTN_ID" : "415500104"
      },
      "geometry" : {
        "x" : 192164.84169999952,
        "y" : 529132.4151000008
      }
    },
    {
      "attributes" : {
        "FID" : 99,
        "PMNTN_SPOT" : 99645,
        "MNTN_CODE" : "415500104",
        "MANAGE_SP1" : "10",
        "MANAGE_SP2" : "이정표",
        "DETAIL_SPO" : "이정표",
        "ETC_MATTER" : " ",
        "MNTN_NM" : "한남지선",
        "PAST_SPOT_" : "4155001040100",
        "MNTN_ID" : "415500104"
      },
      "geometry" : {
        "x" : 190704.52440000049,
        "y" : 529689.05409999844
      }
    },
    {
      "attributes" : {
        "FID" : 100,
        "PMNTN_SPOT" : 99646,
        "MNTN_CODE" : "415500104",
        "MANAGE_SP1" : "05",
        "MANAGE_SP2" : "벤치",
        "DETAIL_SPO" : "벤치",
        "ETC_MATTER" : " ",
        "MNTN_NM" : "한남지선",
        "PAST_SPOT_" : "4155001040101",
        "MNTN_ID" : "415500104"
      },
      "geometry" : {
        "x" : 190779.95770000076,
        "y" : 529631.65709999925
      }
    },
    {
      "attributes" : {
        "FID" : 101,
        "PMNTN_SPOT" : 99647,
        "MNTN_CODE" : "415500104",
        "MANAGE_SP1" : "15",
        "MANAGE_SP2" : "훼손지",
        "DETAIL_SPO" : "근계노출",
        "ETC_MATTER" : " ",
        "MNTN_NM" : "한남지선",
        "PAST_SPOT_" : "4155001040102",
        "MNTN_ID" : "415500104"
      },
      "geometry" : {
        "x" : 191175.58680000014,
        "y" : 529558.06509999977
      }
    },
    {
      "attributes" : {
        "FID" : 102,
        "PMNTN_SPOT" : 99648,
        "MNTN_CODE" : "415500104",
        "MANAGE_SP1" : "15",
        "MANAGE_SP2" : "훼손지",
        "DETAIL_SPO" : "암반노출",
        "ETC_MATTER" : " ",
        "MNTN_NM" : "한남지선",
        "PAST_SPOT_" : "4155001040103",
        "MNTN_ID" : "415500104"
      },
      "geometry" : {
        "x" : 191249.2585,
        "y" : 529551.45729999978
      }
    },
    {
      "attributes" : {
        "FID" : 103,
        "PMNTN_SPOT" : 99649,
        "MNTN_CODE" : "415500104",
        "MANAGE_SP1" : "12",
        "MANAGE_SP2" : "위험지역",
        "DETAIL_SPO" : "위험지역",
        "ETC_MATTER" : " ",
        "MNTN_NM" : "한남지선",
        "PAST_SPOT_" : "4155001040104",
        "MNTN_ID" : "415500104"
      },
      "geometry" : {
        "x" : 190772.09059999962,
        "y" : 529762.48870000034
      }
    },
    {
      "attributes" : {
        "FID" : 104,
        "PMNTN_SPOT" : 99650,
        "MNTN_CODE" : "415500104",
        "MANAGE_SP1" : "12",
        "MANAGE_SP2" : "위험지역",
        "DETAIL_SPO" : "위험지역",
        "ETC_MATTER" : " ",
        "MNTN_NM" : "한남지선",
        "PAST_SPOT_" : "4155001040105",
        "MNTN_ID" : "415500104"
      },
      "geometry" : {
        "x" : 190839.88450000031,
        "y" : 529861.90579999995
      }
    },
    {
      "attributes" : {
        "FID" : 105,
        "PMNTN_SPOT" : 99651,
        "MNTN_CODE" : "415500104",
        "MANAGE_SP1" : "15",
        "MANAGE_SP2" : "훼손지",
        "DETAIL_SPO" : "훼손지",
        "ETC_MATTER" : " ",
        "MNTN_NM" : "한남지선",
        "PAST_SPOT_" : "4155001040106",
        "MNTN_ID" : "415500104"
      },
      "geometry" : {
        "x" : 190900.5650999998,
        "y" : 530016.94239999948
      }
    },
    {
      "attributes" : {
        "FID" : 106,
        "PMNTN_SPOT" : 99652,
        "MNTN_CODE" : "415500104",
        "MANAGE_SP1" : "15",
        "MANAGE_SP2" : "훼손지",
        "DETAIL_SPO" : "훼손지",
        "ETC_MATTER" : " ",
        "MNTN_NM" : "한남지선",
        "PAST_SPOT_" : "4155001040107",
        "MNTN_ID" : "415500104"
      },
      "geometry" : {
        "x" : 191103.99989999965,
        "y" : 530212.14399999939
      }
    },
    {
      "attributes" : {
        "FID" : 107,
        "PMNTN_SPOT" : 99653,
        "MNTN_CODE" : "415500104",
        "MANAGE_SP1" : "15",
        "MANAGE_SP2" : "훼손지",
        "DETAIL_SPO" : "훼손지, 위험지역, 유적(문화,역사)",
        "ETC_MATTER" : " ",
        "MNTN_NM" : "한남지선",
        "PAST_SPOT_" : "4155001040108",
        "MNTN_ID" : "415500104"
      },
      "geometry" : {
        "x" : 190871.81140000012,
        "y" : 529018.76460000046
      }
    },
    {
      "attributes" : {
        "FID" : 108,
        "PMNTN_SPOT" : 99654,
        "MNTN_CODE" : "415500104",
        "MANAGE_SP1" : "13",
        "MANAGE_SP2" : "유적(문화, 역사)",
        "DETAIL_SPO" : "유적(문화,역사)",
        "ETC_MATTER" : " ",
        "MNTN_NM" : "한남지선",
        "PAST_SPOT_" : "4155001040109",
        "MNTN_ID" : "415500104"
      },
      "geometry" : {
        "x" : 190941.44159999982,
        "y" : 529149.9673999995
      }
    },
    {
      "attributes" : {
        "FID" : 109,
        "PMNTN_SPOT" : 99655,
        "MNTN_CODE" : "415500104",
        "MANAGE_SP1" : "15",
        "MANAGE_SP2" : "훼손지",
        "DETAIL_SPO" : "훼손지, 위험지역",
        "ETC_MATTER" : " ",
        "MNTN_NM" : "한남지선",
        "PAST_SPOT_" : "4155001040110",
        "MNTN_ID" : "415500104"
      },
      "geometry" : {
        "x" : 191098.95290000041,
        "y" : 529223.16809999954
      }
    },
    {
      "attributes" : {
        "FID" : 110,
        "PMNTN_SPOT" : 99656,
        "MNTN_CODE" : "415500104",
        "MANAGE_SP1" : "15",
        "MANAGE_SP2" : "훼손지",
        "DETAIL_SPO" : "훼손지, 위험지역",
        "ETC_MATTER" : " ",
        "MNTN_NM" : "한남지선",
        "PAST_SPOT_" : "4155001040111",
        "MNTN_ID" : "415500104"
      },
      "geometry" : {
        "x" : 190937.24730000008,
        "y" : 528979.54789999989
      }
    },
    {
      "attributes" : {
        "FID" : 111,
        "PMNTN_SPOT" : 99657,
        "MNTN_CODE" : "415500104",
        "MANAGE_SP1" : "15",
        "MANAGE_SP2" : "훼손지",
        "DETAIL_SPO" : "훼손지, 위험지역",
        "ETC_MATTER" : " ",
        "MNTN_NM" : "한남지선",
        "PAST_SPOT_" : "4155001040112",
        "MNTN_ID" : "415500104"
      },
      "geometry" : {
        "x" : 191915.39379999938,
        "y" : 528457.82229999988
      }
    },
    {
      "attributes" : {
        "FID" : 112,
        "PMNTN_SPOT" : 99658,
        "MNTN_CODE" : "415500104",
        "MANAGE_SP1" : "12",
        "MANAGE_SP2" : "위험지역",
        "DETAIL_SPO" : "위험지역",
        "ETC_MATTER" : " ",
        "MNTN_NM" : "한남지선",
        "PAST_SPOT_" : "4155001040113",
        "MNTN_ID" : "415500104"
      },
      "geometry" : {
        "x" : 191912.20780000041,
        "y" : 528557.40049999976
      }
    },
    {
      "attributes" : {
        "FID" : 113,
        "PMNTN_SPOT" : 99659,
        "MNTN_CODE" : "415500104",
        "MANAGE_SP1" : "15",
        "MANAGE_SP2" : "훼손지",
        "DETAIL_SPO" : "훼손지",
        "ETC_MATTER" : " ",
        "MNTN_NM" : "한남지선",
        "PAST_SPOT_" : "4155001040114",
        "MNTN_ID" : "415500104"
      },
      "geometry" : {
        "x" : 191931.38509999862,
        "y" : 528584.1641999993
      }
    },
    {
      "attributes" : {
        "FID" : 114,
        "PMNTN_SPOT" : 99660,
        "MNTN_CODE" : "415500104",
        "MANAGE_SP1" : "15",
        "MANAGE_SP2" : "훼손지",
        "DETAIL_SPO" : "훼손지",
        "ETC_MATTER" : " ",
        "MNTN_NM" : "한남지선",
        "PAST_SPOT_" : "4155001040115",
        "MNTN_ID" : "415500104"
      },
      "geometry" : {
        "x" : 191963.63389999923,
        "y" : 528535.85260000126
      }
    },
    {
      "attributes" : {
        "FID" : 115,
        "PMNTN_SPOT" : 99661,
        "MNTN_CODE" : "415500104",
        "MANAGE_SP1" : "15",
        "MANAGE_SP2" : "훼손지",
        "DETAIL_SPO" : "훼손지",
        "ETC_MATTER" : " ",
        "MNTN_NM" : "한남지선",
        "PAST_SPOT_" : "4155001040116",
        "MNTN_ID" : "415500104"
      },
      "geometry" : {
        "x" : 191993.14390000005,
        "y" : 528511.87940000114
      }
    },
    {
      "attributes" : {
        "FID" : 116,
        "PMNTN_SPOT" : 99662,
        "MNTN_CODE" : "415500104",
        "MANAGE_SP1" : "15",
        "MANAGE_SP2" : "훼손지",
        "DETAIL_SPO" : "훼손지",
        "ETC_MATTER" : " ",
        "MNTN_NM" : "한남지선",
        "PAST_SPOT_" : "4155001040117",
        "MNTN_ID" : "415500104"
      },
      "geometry" : {
        "x" : 191934.67950000061,
        "y" : 528627.6414000002
      }
    },
    {
      "attributes" : {
        "FID" : 117,
        "PMNTN_SPOT" : 99663,
        "MNTN_CODE" : "415500104",
        "MANAGE_SP1" : "15",
        "MANAGE_SP2" : "훼손지",
        "DETAIL_SPO" : "훼손지, 위험지역",
        "ETC_MATTER" : " ",
        "MNTN_NM" : "한남지선",
        "PAST_SPOT_" : "4155001040118",
        "MNTN_ID" : "415500104"
      },
      "geometry" : {
        "x" : 192074.6834000012,
        "y" : 528725.99430000002
      }
    },
    {
      "attributes" : {
        "FID" : 118,
        "PMNTN_SPOT" : 99664,
        "MNTN_CODE" : "415500104",
        "MANAGE_SP1" : "15",
        "MANAGE_SP2" : "훼손지",
        "DETAIL_SPO" : "훼손지, 위험지역",
        "ETC_MATTER" : " ",
        "MNTN_NM" : "한남지선",
        "PAST_SPOT_" : "4155001040119",
        "MNTN_ID" : "415500104"
      },
      "geometry" : {
        "x" : 191998.75739999965,
        "y" : 528798.55259999959
      }
    },
    {
      "attributes" : {
        "FID" : 119,
        "PMNTN_SPOT" : 99665,
        "MNTN_CODE" : "415500104",
        "MANAGE_SP1" : "07",
        "MANAGE_SP2" : "시설물(운동기구 등)",
        "DETAIL_SPO" : "시설물(운동기구등)",
        "ETC_MATTER" : " ",
        "MNTN_NM" : "한남지선",
        "PAST_SPOT_" : "4155001040120",
        "MNTN_ID" : "415500104"
      },
      "geometry" : {
        "x" : 191929.70670000039,
        "y" : 528830.31299999973
      }
    },
    {
      "attributes" : {
        "FID" : 120,
        "PMNTN_SPOT" : 99666,
        "MNTN_CODE" : "415500104",
        "MANAGE_SP1" : "07",
        "MANAGE_SP2" : "시설물(운동기구 등)",
        "DETAIL_SPO" : "시설물(운동기구등), 만남의광장",
        "ETC_MATTER" : " ",
        "MNTN_NM" : "한남지선",
        "PAST_SPOT_" : "4155001040121",
        "MNTN_ID" : "415500104"
      },
      "geometry" : {
        "x" : 191740.24009999968,
        "y" : 528927.78460000094
      }
    },
    {
      "attributes" : {
        "FID" : 121,
        "PMNTN_SPOT" : 99667,
        "MNTN_CODE" : "415500104",
        "MANAGE_SP1" : "10",
        "MANAGE_SP2" : "이정표",
        "DETAIL_SPO" : "이정표, 위험지역",
        "ETC_MATTER" : " ",
        "MNTN_NM" : "한남지선",
        "PAST_SPOT_" : "4155001040122",
        "MNTN_ID" : "415500104"
      },
      "geometry" : {
        "x" : 191709.70089999883,
        "y" : 528862.72440000041
      }
    },
    {
      "attributes" : {
        "FID" : 122,
        "PMNTN_SPOT" : 99668,
        "MNTN_CODE" : "415500104",
        "MANAGE_SP1" : "23",
        "MANAGE_SP2" : "정상",
        "DETAIL_SPO" : "정상, 이정표",
        "ETC_MATTER" : " ",
        "MNTN_NM" : "한남지선",
        "PAST_SPOT_" : "4155001040123",
        "MNTN_ID" : "415500104"
      },
      "geometry" : {
        "x" : 191739.35760000002,
        "y" : 528786.06949999975
      }
    },
    {
      "attributes" : {
        "FID" : 123,
        "PMNTN_SPOT" : 99669,
        "MNTN_CODE" : "415500104",
        "MANAGE_SP1" : "12",
        "MANAGE_SP2" : "위험지역",
        "DETAIL_SPO" : "위험지역, 훼손지",
        "ETC_MATTER" : " ",
        "MNTN_NM" : "한남지선",
        "PAST_SPOT_" : "4155001040124",
        "MNTN_ID" : "415500104"
      },
      "geometry" : {
        "x" : 191759.06170000089,
        "y" : 528774.7938999997
      }
    },
    {
      "attributes" : {
        "FID" : 124,
        "PMNTN_SPOT" : 99670,
        "MNTN_CODE" : "415500104",
        "MANAGE_SP1" : "12",
        "MANAGE_SP2" : "위험지역",
        "DETAIL_SPO" : "위험지역, 훼손지",
        "ETC_MATTER" : " ",
        "MNTN_NM" : "한남지선",
        "PAST_SPOT_" : "4155001040125",
        "MNTN_ID" : "415500104"
      },
      "geometry" : {
        "x" : 191790.91720000026,
        "y" : 528758.69700000039
      }
    },
    {
      "attributes" : {
        "FID" : 125,
        "PMNTN_SPOT" : 99671,
        "MNTN_CODE" : "415500104",
        "MANAGE_SP1" : "16",
        "MANAGE_SP2" : "주요나무",
        "DETAIL_SPO" : "주요나무",
        "ETC_MATTER" : " ",
        "MNTN_NM" : "한남지선",
        "PAST_SPOT_" : "4155001040126",
        "MNTN_ID" : "415500104"
      },
      "geometry" : {
        "x" : 191615.69299999965,
        "y" : 528863.63670000038
      }
    },
    {
      "attributes" : {
        "FID" : 126,
        "PMNTN_SPOT" : 99672,
        "MNTN_CODE" : "415500104",
        "MANAGE_SP1" : "12",
        "MANAGE_SP2" : "위험지역",
        "DETAIL_SPO" : "위험지역, 훼손지",
        "ETC_MATTER" : " ",
        "MNTN_NM" : "한남지선",
        "PAST_SPOT_" : "4155001040127",
        "MNTN_ID" : "415500104"
      },
      "geometry" : {
        "x" : 191499.52810000084,
        "y" : 528902.24829999905
      }
    },
    {
      "attributes" : {
        "FID" : 127,
        "PMNTN_SPOT" : 99673,
        "MNTN_CODE" : "415500104",
        "MANAGE_SP1" : "12",
        "MANAGE_SP2" : "위험지역",
        "DETAIL_SPO" : "위험지역",
        "ETC_MATTER" : " ",
        "MNTN_NM" : "한남지선",
        "PAST_SPOT_" : "4155001040128",
        "MNTN_ID" : "415500104"
      },
      "geometry" : {
        "x" : 191683.75930000044,
        "y" : 528709.49900000019
      }
    },
    {
      "attributes" : {
        "FID" : 128,
        "PMNTN_SPOT" : 99674,
        "MNTN_CODE" : "415500104",
        "MANAGE_SP1" : "15",
        "MANAGE_SP2" : "훼손지",
        "DETAIL_SPO" : "훼손지, 위험지역",
        "ETC_MATTER" : " ",
        "MNTN_NM" : "한남지선",
        "PAST_SPOT_" : "4155001040129",
        "MNTN_ID" : "415500104"
      },
      "geometry" : {
        "x" : 191987.67810000095,
        "y" : 527984.19429999951
      }
    },
    {
      "attributes" : {
        "FID" : 129,
        "PMNTN_SPOT" : 99675,
        "MNTN_CODE" : "415500104",
        "MANAGE_SP1" : "15",
        "MANAGE_SP2" : "훼손지",
        "DETAIL_SPO" : "훼손지, 위험지역",
        "ETC_MATTER" : " ",
        "MNTN_NM" : "한남지선",
        "PAST_SPOT_" : "4155001040130",
        "MNTN_ID" : "415500104"
      },
      "geometry" : {
        "x" : 191902.30060000008,
        "y" : 528065.3021000009
      }
    },
    {
      "attributes" : {
        "FID" : 130,
        "PMNTN_SPOT" : 99676,
        "MNTN_CODE" : "415500104",
        "MANAGE_SP1" : "99",
        "MANAGE_SP2" : "기타",
        "DETAIL_SPO" : "임도",
        "ETC_MATTER" : " ",
        "MNTN_NM" : "한남지선",
        "PAST_SPOT_" : "4155001040131",
        "MNTN_ID" : "415500104"
      },
      "geometry" : {
        "x" : 191778.37820000001,
        "y" : 528036.38950000005
      }
    },
    {
      "attributes" : {
        "FID" : 131,
        "PMNTN_SPOT" : 99677,
        "MNTN_CODE" : "415500104",
        "MANAGE_SP1" : "15",
        "MANAGE_SP2" : "훼손지",
        "DETAIL_SPO" : "훼손지",
        "ETC_MATTER" : " ",
        "MNTN_NM" : "한남지선",
        "PAST_SPOT_" : "4155001040132",
        "MNTN_ID" : "415500104"
      },
      "geometry" : {
        "x" : 191698.2410000001,
        "y" : 527595.70219999889
      }
    },
    {
      "attributes" : {
        "FID" : 132,
        "PMNTN_SPOT" : 99678,
        "MNTN_CODE" : "415500104",
        "MANAGE_SP1" : "15",
        "MANAGE_SP2" : "훼손지",
        "DETAIL_SPO" : "훼손지",
        "ETC_MATTER" : " ",
        "MNTN_NM" : "한남지선",
        "PAST_SPOT_" : "4155001040133",
        "MNTN_ID" : "415500104"
      },
      "geometry" : {
        "x" : 192564.84639999978,
        "y" : 526822.94910000067
      }
    },
    {
      "attributes" : {
        "FID" : 133,
        "PMNTN_SPOT" : 99679,
        "MNTN_CODE" : "415500104",
        "MANAGE_SP1" : "10",
        "MANAGE_SP2" : "이정표",
        "DETAIL_SPO" : "이정표",
        "ETC_MATTER" : " ",
        "MNTN_NM" : "한남지선",
        "PAST_SPOT_" : "4155001040134",
        "MNTN_ID" : "415500104"
      },
      "geometry" : {
        "x" : 192157.51570000075,
        "y" : 526100.26839999936
      }
    },
    {
      "attributes" : {
        "FID" : 134,
        "PMNTN_SPOT" : 99680,
        "MNTN_CODE" : "415500104",
        "MANAGE_SP1" : "07",
        "MANAGE_SP2" : "시설물(운동기구 등)",
        "DETAIL_SPO" : "시설물(운동기구등)",
        "ETC_MATTER" : " ",
        "MNTN_NM" : "한남지선",
        "PAST_SPOT_" : "4155001040135",
        "MNTN_ID" : "415500104"
      },
      "geometry" : {
        "x" : 192074.82480000015,
        "y" : 527432.61600000062
      }
    },
    {
      "attributes" : {
        "FID" : 135,
        "PMNTN_SPOT" : 99681,
        "MNTN_CODE" : "415500104",
        "MANAGE_SP1" : "10",
        "MANAGE_SP2" : "이정표",
        "DETAIL_SPO" : "이정표",
        "ETC_MATTER" : " ",
        "MNTN_NM" : "한남지선",
        "PAST_SPOT_" : "4155001040136",
        "MNTN_ID" : "415500104"
      },
      "geometry" : {
        "x" : 192263.30400000015,
        "y" : 527407.09940000006
      }
    },
    {
      "attributes" : {
        "FID" : 136,
        "PMNTN_SPOT" : 99682,
        "MNTN_CODE" : "415500104",
        "MANAGE_SP1" : "15",
        "MANAGE_SP2" : "훼손지",
        "DETAIL_SPO" : "훼손지, 위험지역",
        "ETC_MATTER" : " ",
        "MNTN_NM" : "한남지선",
        "PAST_SPOT_" : "4155001040137",
        "MNTN_ID" : "415500104"
      },
      "geometry" : {
        "x" : 192331.81799999962,
        "y" : 527423.76239999896
      }
    }
  ]
}