{
  "displayFieldName" : "",
  "fieldAliases" : {
    "FID" : "FID",
    "PMNTN_SPOT" : "PMNTN_SPOT",
    "MNTN_CODE" : "MNTN_CODE",
    "MANAGE_SP1" : "MANAGE_SP1",
    "MANAGE_SP2" : "MANAGE_SP2",
    "DETAIL_SPO" : "DETAIL_SPO",
    "ETC_MATTER" : "ETC_MATTER",
    "MNTN_NM" : "MNTN_NM",
    "PAST_SPOT_" : "PAST_SPOT_",
    "MNTN_ID" : "MNTN_ID"
  },
  "geometryType" : "esriGeometryPoint",
  "spatialReference" : {
    "wkt" : "PROJCS[\"PCS_ITRF2000_TM\",GEOGCS[\"GCS_ITRF_2000\",DATUM[\"D_ITRF_2000\",SPHEROID[\"GRS_1980\",6378137.0,298.257222101]],PRIMEM[\"Greenwich\",0.0],UNIT[\"Degree\",0.0174532925199433]],PROJECTION[\"Transverse_Mercator\"],PARAMETER[\"False_Easting\",200000.0],PARAMETER[\"False_Northing\",600000.0],PARAMETER[\"Central_Meridian\",127.0],PARAMETER[\"Scale_Factor\",1.0],PARAMETER[\"Latitude_Of_Origin\",38.0],UNIT[\"Meter\",1.0]]"
  },
  "fields" : [
    {
      "name" : "FID",
      "type" : "esriFieldTypeOID",
      "alias" : "FID"
    },
    {
      "name" : "PMNTN_SPOT",
      "type" : "esriFieldTypeDouble",
      "alias" : "PMNTN_SPOT"
    },
    {
      "name" : "MNTN_CODE",
      "type" : "esriFieldTypeString",
      "alias" : "MNTN_CODE",
      "length" : 9
    },
    {
      "name" : "MANAGE_SP1",
      "type" : "esriFieldTypeString",
      "alias" : "MANAGE_SP1",
      "length" : 2
    },
    {
      "name" : "MANAGE_SP2",
      "type" : "esriFieldTypeString",
      "alias" : "MANAGE_SP2",
      "length" : 50
    },
    {
      "name" : "DETAIL_SPO",
      "type" : "esriFieldTypeString",
      "alias" : "DETAIL_SPO",
      "length" : 200
    },
    {
      "name" : "ETC_MATTER",
      "type" : "esriFieldTypeString",
      "alias" : "ETC_MATTER",
      "length" : 200
    },
    {
      "name" : "MNTN_NM",
      "type" : "esriFieldTypeString",
      "alias" : "MNTN_NM",
      "length" : 50
    },
    {
      "name" : "PAST_SPOT_",
      "type" : "esriFieldTypeString",
      "alias" : "PAST_SPOT_",
      "length" : 14
    },
    {
      "name" : "MNTN_ID",
      "type" : "esriFieldTypeString",
      "alias" : "MNTN_ID",
      "length" : 10
    }
  ],
  "features" : [
    {
      "attributes" : {
        "FID" : 0,
        "PMNTN_SPOT" : 78954,
        "MNTN_CODE" : "428204004",
        "MANAGE_SP1" : "01",
        "MANAGE_SP2" : "시종점",
        "DETAIL_SPO" : "시종점",
        "ETC_MATTER" : " ",
        "MNTN_NM" : "제추골",
        "PAST_SPOT_" : "4282025010001",
        "MNTN_ID" : "428202501"
      },
      "geometry" : {
        "x" : 317958.16930000298,
        "y" : 635423.9608000014
      }
    },
    {
      "attributes" : {
        "FID" : 1,
        "PMNTN_SPOT" : 78955,
        "MNTN_CODE" : "428204004",
        "MANAGE_SP1" : "01",
        "MANAGE_SP2" : "시종점",
        "DETAIL_SPO" : "시종점",
        "ETC_MATTER" : " ",
        "MNTN_NM" : "제추골",
        "PAST_SPOT_" : "4282025010002",
        "MNTN_ID" : "428202501"
      },
      "geometry" : {
        "x" : 318992.19500000402,
        "y" : 635149.00779999979
      }
    },
    {
      "attributes" : {
        "FID" : 2,
        "PMNTN_SPOT" : 78956,
        "MNTN_CODE" : "428204004",
        "MANAGE_SP1" : "15",
        "MANAGE_SP2" : "훼손지",
        "DETAIL_SPO" : "훼손지",
        "ETC_MATTER" : " ",
        "MNTN_NM" : "제추골",
        "PAST_SPOT_" : "4282025010003",
        "MNTN_ID" : "428202501"
      },
      "geometry" : {
        "x" : 318113.97190000303,
        "y" : 635151.29210000113
      }
    },
    {
      "attributes" : {
        "FID" : 3,
        "PMNTN_SPOT" : 78957,
        "MNTN_CODE" : "428204004",
        "MANAGE_SP1" : "15",
        "MANAGE_SP2" : "훼손지",
        "DETAIL_SPO" : "훼손지",
        "ETC_MATTER" : " ",
        "MNTN_NM" : "제추골",
        "PAST_SPOT_" : "4282025010004",
        "MNTN_ID" : "428202501"
      },
      "geometry" : {
        "x" : 318090.89140000381,
        "y" : 635151.9878000021
      }
    },
    {
      "attributes" : {
        "FID" : 4,
        "PMNTN_SPOT" : 78958,
        "MNTN_CODE" : "428204004",
        "MANAGE_SP1" : "15",
        "MANAGE_SP2" : "훼손지",
        "DETAIL_SPO" : "훼손지",
        "ETC_MATTER" : " ",
        "MNTN_NM" : "제추골",
        "PAST_SPOT_" : "4282025010005",
        "MNTN_ID" : "428202501"
      },
      "geometry" : {
        "x" : 318163.9709000038,
        "y" : 635158.47320000082
      }
    },
    {
      "attributes" : {
        "FID" : 5,
        "PMNTN_SPOT" : 78959,
        "MNTN_CODE" : "428204004",
        "MANAGE_SP1" : "15",
        "MANAGE_SP2" : "훼손지",
        "DETAIL_SPO" : "훼손지",
        "ETC_MATTER" : " ",
        "MNTN_NM" : "제추골",
        "PAST_SPOT_" : "4282025010006",
        "MNTN_ID" : "428202501"
      },
      "geometry" : {
        "x" : 318149.06270000339,
        "y" : 635162.09730000235
      }
    },
    {
      "attributes" : {
        "FID" : 6,
        "PMNTN_SPOT" : 78960,
        "MNTN_CODE" : "428204004",
        "MANAGE_SP1" : "15",
        "MANAGE_SP2" : "훼손지",
        "DETAIL_SPO" : "훼손지",
        "ETC_MATTER" : " ",
        "MNTN_NM" : "제추골",
        "PAST_SPOT_" : "4282025010007",
        "MNTN_ID" : "428202501"
      },
      "geometry" : {
        "x" : 318212.22360000107,
        "y" : 635163.01980000176
      }
    },
    {
      "attributes" : {
        "FID" : 7,
        "PMNTN_SPOT" : 78961,
        "MNTN_CODE" : "428204004",
        "MANAGE_SP1" : "15",
        "MANAGE_SP2" : "훼손지",
        "DETAIL_SPO" : "훼손지",
        "ETC_MATTER" : " ",
        "MNTN_NM" : "제추골",
        "PAST_SPOT_" : "4282025010008",
        "MNTN_ID" : "428202501"
      },
      "geometry" : {
        "x" : 318074.7804000061,
        "y" : 635256.61250000261
      }
    },
    {
      "attributes" : {
        "FID" : 8,
        "PMNTN_SPOT" : 78962,
        "MNTN_CODE" : "428204004",
        "MANAGE_SP1" : "14",
        "MANAGE_SP2" : "조망점",
        "DETAIL_SPO" : "조망점",
        "ETC_MATTER" : "용소",
        "MNTN_NM" : "제추골",
        "PAST_SPOT_" : "4282025010009",
        "MNTN_ID" : "428202501"
      },
      "geometry" : {
        "x" : 317946.19050000422,
        "y" : 635428.44830000214
      }
    }
  ]
}