{
  "displayFieldName" : "",
  "fieldAliases" : {
    "FID" : "FID",
    "PMNTN_SN" : "PMNTN_SN",
    "MNTN_CODE" : "MNTN_CODE",
    "MNTN_NM" : "MNTN_NM",
    "PMNTN_NM" : "PMNTN_NM",
    "PMNTN_MAIN" : "PMNTN_MAIN",
    "PMNTN_LT" : "PMNTN_LT",
    "PMNTN_DFFL" : "PMNTN_DFFL",
    "PMNTN_UPPL" : "PMNTN_UPPL",
    "PMNTN_GODN" : "PMNTN_GODN",
    "PMNTN_MTRQ" : "PMNTN_MTRQ",
    "PMNTN_CNRL" : "PMNTN_CNRL",
    "PMNTN_CLS_" : "PMNTN_CLS_",
    "PMNTN_RISK" : "PMNTN_RISK",
    "PMNTN_RECO" : "PMNTN_RECO",
    "DATA_STDR_" : "DATA_STDR_",
    "MNTN_ID" : "MNTN_ID"
  },
  "geometryType" : "esriGeometryPolyline",
  "spatialReference" : {
    "wkt" : "PROJCS[\"PCS_ITRF2000_TM\",GEOGCS[\"GCS_ITRF_2000\",DATUM[\"D_ITRF_2000\",SPHEROID[\"GRS_1980\",6378137.0,298.257222101]],PRIMEM[\"Greenwich\",0.0],UNIT[\"Degree\",0.0174532925199433]],PROJECTION[\"Transverse_Mercator\"],PARAMETER[\"False_Easting\",200000.0],PARAMETER[\"False_Northing\",600000.0],PARAMETER[\"Central_Meridian\",127.0],PARAMETER[\"Scale_Factor\",1.0],PARAMETER[\"Latitude_Of_Origin\",38.0],UNIT[\"Meter\",1.0]]"
  },
  "fields" : [
    {
      "name" : "FID",
      "type" : "esriFieldTypeOID",
      "alias" : "FID"
    },
    {
      "name" : "PMNTN_SN",
      "type" : "esriFieldTypeDouble",
      "alias" : "PMNTN_SN"
    },
    {
      "name" : "MNTN_CODE",
      "type" : "esriFieldTypeString",
      "alias" : "MNTN_CODE",
      "length" : 9
    },
    {
      "name" : "MNTN_NM",
      "type" : "esriFieldTypeString",
      "alias" : "MNTN_NM",
      "length" : 50
    },
    {
      "name" : "PMNTN_NM",
      "type" : "esriFieldTypeString",
      "alias" : "PMNTN_NM",
      "length" : 50
    },
    {
      "name" : "PMNTN_MAIN",
      "type" : "esriFieldTypeString",
      "alias" : "PMNTN_MAIN",
      "length" : 200
    },
    {
      "name" : "PMNTN_LT",
      "type" : "esriFieldTypeSingle",
      "alias" : "PMNTN_LT"
    },
    {
      "name" : "PMNTN_DFFL",
      "type" : "esriFieldTypeString",
      "alias" : "PMNTN_DFFL",
      "length" : 8
    },
    {
      "name" : "PMNTN_UPPL",
      "type" : "esriFieldTypeDouble",
      "alias" : "PMNTN_UPPL"
    },
    {
      "name" : "PMNTN_GODN",
      "type" : "esriFieldTypeDouble",
      "alias" : "PMNTN_GODN"
    },
    {
      "name" : "PMNTN_MTRQ",
      "type" : "esriFieldTypeString",
      "alias" : "PMNTN_MTRQ",
      "length" : 200
    },
    {
      "name" : "PMNTN_CNRL",
      "type" : "esriFieldTypeString",
      "alias" : "PMNTN_CNRL",
      "length" : 1
    },
    {
      "name" : "PMNTN_CLS_",
      "type" : "esriFieldTypeString",
      "alias" : "PMNTN_CLS_",
      "length" : 1
    },
    {
      "name" : "PMNTN_RISK",
      "type" : "esriFieldTypeString",
      "alias" : "PMNTN_RISK",
      "length" : 200
    },
    {
      "name" : "PMNTN_RECO",
      "type" : "esriFieldTypeString",
      "alias" : "PMNTN_RECO",
      "length" : 1
    },
    {
      "name" : "DATA_STDR_",
      "type" : "esriFieldTypeString",
      "alias" : "DATA_STDR_",
      "length" : 10
    },
    {
      "name" : "MNTN_ID",
      "type" : "esriFieldTypeString",
      "alias" : "MNTN_ID",
      "length" : 10
    }
  ],
  "features" : [
    {
      "attributes" : {
        "FID" : 0,
        "PMNTN_SN" : 1464,
        "MNTN_CODE" : "428107804",
        "MNTN_NM" : "개인산어두원골",
        "PMNTN_NM" : "광원리구간",
        "PMNTN_MAIN" : " ",
        "PMNTN_LT" : 1.59,
        "PMNTN_DFFL" : "쉬움",
        "PMNTN_UPPL" : 60,
        "PMNTN_GODN" : 42,
        "PMNTN_MTRQ" : " ",
        "PMNTN_CNRL" : " ",
        "PMNTN_CLS_" : " ",
        "PMNTN_RISK" : " ",
        "PMNTN_RECO" : " ",
        "DATA_STDR_" : "2016-12-31",
        "MNTN_ID" : "428107804"
      },
      "geometry" : {
        "paths" : [
          [
            [
              322305.43710000347,
              586751.96450000256
            ],
            [
              322318.29740000144,
              586726.54100000113
            ],
            [
              322352.40290000476,
              586702.37769999914
            ],
            [
              322394.9196000034,
              586673.502700001
            ],
            [
              322423.84000000171,
              586622.91630000249
            ],
            [
              322459.56700000167,
              586562.50860000029
            ],
            [
              322510.93370000273,
              586497.79720000178
            ],
            [
              322586.58850000333,
              586449.79230000265
            ],
            [
              322601.5288000023,
              586454.52190000005
            ],
            [
              322609.90980000235,
              586454.48000000231
            ],
            [
              322636.93870000448,
              586457.88979999907
            ],
            [
              322662.71190000419,
              586452.94700000435
            ],
            [
              322760.16480000503,
              586445.80310000107
            ],
            [
              322842.24030000344,
              586400.29419999942
            ],
            [
              322896.78540000319,
              586294.38820000365
            ],
            [
              322950.31300000288,
              586237.15840000287
            ],
            [
              322966.80530000385,
              586170.11329999939
            ],
            [
              323045.90420000348,
              586104.32590000145
            ],
            [
              323100.1230000034,
              586024.92190000042
            ],
            [
              323143.98280000594,
              585940.9047000017
            ],
            [
              323223.47150000278,
              585890.58429999836
            ],
            [
              323293.79850000143,
              585829.35850000009
            ],
            [
              323322.30150000472,
              585762.83190000243
            ],
            [
              323345.40040000249,
              585703.94290000014
            ],
            [
              323358.1547000017,
              585697.43439999968
            ]
          ]
        ]
      }
    },
    {
      "attributes" : {
        "FID" : 1,
        "PMNTN_SN" : 1465,
        "MNTN_CODE" : "428107804",
        "MNTN_NM" : "개인산어두원골",
        "PMNTN_NM" : "미산리구간",
        "PMNTN_MAIN" : " ",
        "PMNTN_LT" : 2.72,
        "PMNTN_DFFL" : "쉬움",
        "PMNTN_UPPL" : 48,
        "PMNTN_GODN" : 34,
        "PMNTN_MTRQ" : " ",
        "PMNTN_CNRL" : " ",
        "PMNTN_CLS_" : " ",
        "PMNTN_RISK" : " ",
        "PMNTN_RECO" : " ",
        "DATA_STDR_" : "2016-12-31",
        "MNTN_ID" : "428107804"
      },
      "geometry" : {
        "paths" : [
          [
            [
              322305.43710000347,
              586751.96450000256
            ],
            [
              322296.05520000588,
              586749.0530999992
            ],
            [
              322290.66770000104,
              586740.7928000018
            ],
            [
              322288.21690000501,
              586720.09660000354
            ],
            [
              322267.51030000579,
              586706.68520000577
            ],
            [
              322259.72810000274,
              586691.29790000059
            ],
            [
              322250.63490000274,
              586681.75809999928
            ],
            [
              322244.95910000429,
              586674.92760000005
            ],
            [
              322240.38540000003,
              586674.46570000425
            ],
            [
              322232.31480000447,
              586667.59370000102
            ],
            [
              322209.25030000415,
              586647.97990000062
            ],
            [
              322184.91680000257,
              586655.68630000018
            ],
            [
              322155.88310000487,
              586639.66650000215
            ],
            [
              322125.96660000179,
              586647.78300000168
            ],
            [
              322085.17500000447,
              586645.07320000231
            ],
            [
              322079.27690000273,
              586637.89420000836
            ],
            [
              322063.61610000208,
              586641.82120000198
            ],
            [
              322052.27480000351,
              586635.05450000055
            ],
            [
              322012.93270000536,
              586639.05770000629
            ],
            [
              322001.0735000018,
              586623.95440000109
            ],
            [
              321965.11570000183,
              586631.54450000077
            ],
            [
              321945.1192000024,
              586625.41250000149
            ],
            [
              321936.26110000163,
              586610.88439999893
            ],
            [
              321938.68970000278,
              586607.80279999971
            ],
            [
              321937.76750000566,
              586604.39990000427
            ],
            [
              321935.29930000287,
              586602.00109999999
            ],
            [
              321930.80540000368,
              586605.24740000255
            ],
            [
              321922.5185000021,
              586603.87750000134
            ],
            [
              321909.63410000224,
              586596.03150000423
            ],
            [
              321899.65970000345,
              586587.90800000727
            ],
            [
              321890.00080000516,
              586576.09380000085
            ],
            [
              321883.00200000405,
              586569.8797999993
            ],
            [
              321877.01120000239,
              586563.26359999925
            ],
            [
              321874.353500003,
              586556.31090000272
            ],
            [
              321872.90210000239,
              586545.62960000522
            ],
            [
              321870.52750000544,
              586535.11489999853
            ],
            [
              321870.17000000272,
              586534.84910000116
            ],
            [
              321865.37590000033,
              586528.49760000408
            ],
            [
              321856.49490000401,
              586527.31340000033
            ],
            [
              321844.4670000039,
              586527.85630000196
            ],
            [
              321834.06910000183,
              586518.19590000249
            ],
            [
              321826.30510000233,
              586512.00730000064
            ],
            [
              321821.34240000322,
              586500.0736999996
            ],
            [
              321809.91480000317,
              586499.74280000106
            ],
            [
              321800.19760000519,
              586497.68490000442
            ],
            [
              321785.74450000282,
              586493.07920000143
            ],
            [
              321777.94460000284,
              586491.93339999951
            ],
            [
              321769.97470000573,
              586491.32980000041
            ],
            [
              321764.21570000332,
              586491.53720000014
            ],
            [
              321755.06110000331,
              586486.71980000101
            ],
            [
              321748.49870000314,
              586480.34180000052
            ],
            [
              321738.28880000301,
              586479.06410000101
            ],
            [
              321723.9810000034,
              586474.42670000158
            ],
            [
              321705.39000000432,
              586455.04309999943
            ],
            [
              321704.16550000198,
              586451.2583000008
            ],
            [
              321705.19610000122,
              586444.1678000018
            ],
            [
              321704.05560000241,
              586437.14650000259
            ],
            [
              321698.67590000015,
              586434.07170000114
            ],
            [
              321694.19930000231,
              586430.24980000407
            ],
            [
              321686.07380000409,
              586432.24529999867
            ],
            [
              321681.40880000312,
              586452.62480000034
            ],
            [
              321674.0492000021,
              586467.40140000172
            ],
            [
              321664.95130000263,
              586470.28290000185
            ],
            [
              321640.18780000322,
              586486.07570000179
            ],
            [
              321632.81620000396,
              586495.19380000234
            ],
            [
              321622.8757000044,
              586518.09219999798
            ],
            [
              321619.07740000356,
              586530.14719999954
            ],
            [
              321610.3768000016,
              586543.65890000015
            ],
            [
              321601.65770000406,
              586562.45620000362
            ],
            [
              321594.54410000052,
              586572.90029999986
            ],
            [
              321592.85420000274,
              586583.91480000131
            ],
            [
              321576.82070000377,
              586604.09129999951
            ],
            [
              321567.4895000048,
              586611.6969000008
            ],
            [
              321563.50050000381,
              586618.12470000423
            ],
            [
              321555.62270000298,
              586625.87030000612
            ],
            [
              321548.09530000668,
              586633.27150000259
            ],
            [
              321544.28130000271,
              586636.51290000044
            ],
            [
              321542.1558000017,
              586642.46490000002
            ],
            [
              321538.80900000408,
              586646.24040000513
            ],
            [
              321530.51740000304,
              586650.83850000054
            ],
            [
              321519.24820000213,
              586664.40090000071
            ],
            [
              321503.14550000057,
              586680.29940000176
            ],
            [
              321491.19770000316,
              586684.05900000222
            ],
            [
              321481.07850000355,
              586684.5623000022
            ],
            [
              321478.27110000327,
              586679.23069999926
            ],
            [
              321480.58310000319,
              586659.63140000217
            ],
            [
              321484.40530000348,
              586655.50060000084
            ],
            [
              321487.98460000288,
              586643.88350000419
            ],
            [
              321502.83740000334,
              586619.8889000006
            ],
            [
              321503.25300000235,
              586619.43409999833
            ],
            [
              321497.41210000217,
              586614.93769999966
            ],
            [
              321496.77300000377,
              586609.51369999908
            ],
            [
              321497.02150000166,
              586603.93229999952
            ],
            [
              321499.81130000297,
              586598.30150000006
            ],
            [
              321496.44650000241,
              586594.83779999986
            ],
            [
              321498.41180000361,
              586586.80080000497
            ],
            [
              321507.36280000303,
              586573.21220000274
            ],
            [
              321513.92650000378,
              586550.51050000452
            ],
            [
              321508.12340000179,
              586541.34860000014
            ],
            [
              321485.1947000036,
              586548.37970000133
            ],
            [
              321480.01900000311,
              586544.95109999925
            ],
            [
              321473.72510000318,
              586537.85249999911
            ],
            [
              321467.2517000027,
              586531.17170000076
            ],
            [
              321459.47180000227,
              586530.43200000003
            ],
            [
              321452.66400000267,
              586539.36830000393
            ],
            [
              321451.50680000242,
              586548.16059999913
            ],
            [
              321456.46770000551,
              586553.40810000151
            ],
            [
              321458.12320000492,
              586564.17190000042
            ],
            [
              321452.84110000357,
              586562.68860000186
            ],
            [
              321444.63720000442,
              586572.06610000134
            ],
            [
              321444.23630000371,
              586570.37839999981
            ],
            [
              321443.63070000429,
              586570.11390000023
            ],
            [
              321436.03440000303,
              586566.79520000145
            ],
            [
              321433.5025000032,
              586563.91379999928
            ],
            [
              321428.1863000039,
              586560.71970000118
            ],
            [
              321423.87050000299,
              586562.44199999981
            ],
            [
              321422.36320000514,
              586562.49260000139
            ],
            [
              321417.4356000023,
              586563.88649999909
            ],
            [
              321407.07230000291,
              586564.2824000027
            ],
            [
              321398.17470000405,
              586564.26530000381
            ],
            [
              321395.49800000153,
              586564.26020000316
            ],
            [
              321383.46220000274,
              586564.01699999906
            ],
            [
              321373.48890000209,
              586560.4915000014
            ],
            [
              321367.12230000272,
              586556.01420000196
            ],
            [
              321366.10580000561,
              586551.13590000011
            ],
            [
              321366.15380000416,
              586548.23610000312
            ],
            [
              321369.72370000277,
              586544.11290000379
            ],
            [
              321371.50779999979,
              586540.15729999915
            ],
            [
              321367.68170000333,
              586534.59740000032
            ],
            [
              321360.4327000035,
              586536.0270000007
            ],
            [
              321359.31160000339,
              586537.86529999971
            ],
            [
              321359.07140000258,
              586529.73910000175
            ],
            [
              321354.8868000051,
              586529.1973000057
            ],
            [
              321346.80260000378,
              586530.82800000161
            ],
            [
              321339.31930000428,
              586534.14230000041
            ],
            [
              321331.07690000627,
              586532.61820000224
            ],
            [
              321328.68560000323,
              586528.23870000243
            ],
            [
              321326.43140000198,
              586523.27850000747
            ],
            [
              321327.17790000327,
              586518.82350000367
            ],
            [
              321326.27070000395,
              586514.82860000432
            ],
            [
              321319.21160000283,
              586510.85080000013
            ],
            [
              321316.34960000217,
              586506.33220000006
            ],
            [
              321316.36320000328,
              586502.91720000096
            ],
            [
              321311.40120000299,
              586501.72720000148
            ],
            [
              321307.20920000318,
              586501.34880000167
            ],
            [
              321304.51500000153,
              586500.46209999919
            ],
            [
              321301.3002000032,
              586497.45519999973
            ],
            [
              321297.92910000589,
              586495.19140000083
            ],
            [
              321287.85640000179,
              586493.79130000062
            ],
            [
              321284.47220000252,
              586487.2226000037
            ],
            [
              321286.88540000282,
              586482.47860000096
            ],
            [
              321283.89360000193,
              586480.54020000249
            ],
            [
              321272.86510000192,
              586475.14390000142
            ],
            [
              321269.57130000368,
              586473.87019999884
            ],
            [
              321266.53890000563,
              586470.20199999958
            ],
            [
              321260.59740000498,
              586466.192900002
            ],
            [
              321248.21230000164,
              586466.6314000003
            ],
            [
              321236.16430000309,
              586475.3022000026
            ],
            [
              321232.58850000333,
              586478.05160000175
            ],
            [
              321227.60540000256,
              586478.82240000367
            ],
            [
              321222.18010000139,
              586479.89870000444
            ],
            [
              321211.82370000239,
              586485.27830000035
            ],
            [
              321200.61940000299,
              586490.50379999913
            ],
            [
              321191.3935000021,
              586496.52400000207
            ],
            [
              321182.61040000059,
              586498.30840000138
            ],
            [
              321174.69520000182,
              586502.2770000007
            ],
            [
              321162.04590000305,
              586508.61390000209
            ],
            [
              321145.36340000201,
              586528.80390000716
            ],
            [
              321132.30450000335,
              586557.40430000238
            ],
            [
              321114.59060000349,
              586572.51669999957
            ],
            [
              321099.83520000149,
              586574.10439999774
            ],
            [
              321088.13770000543,
              586582.43770000339
            ],
            [
              321076.20920000412,
              586584.43010000139
            ],
            [
              321060.83970000315,
              586586.13910000026
            ],
            [
              321055.12240000255,
              586588.64629999921
            ],
            [
              321039.94200000353,
              586584.54680000246
            ],
            [
              321033.68410000205,
              586581.18820000254
            ],
            [
              321026.37550000381,
              586582.04820000194
            ],
            [
              321018.62500000373,
              586587.83560000174
            ],
            [
              321013.3404000029,
              586591.7816000022
            ],
            [
              321006.07180000376,
              586591.70650000125
            ],
            [
              320988.80450000241,
              586591.05190000124
            ],
            [
              320988.12640000321,
              586590.50210000202
            ],
            [
              320971.00790000241,
              586592.77180000208
            ],
            [
              320967.63990000263,
              586590.54460000247
            ],
            [
              320967.82640000153,
              586590.90100000054
            ],
            [
              320961.66669999994,
              586590.16759999841
            ],
            [
              320956.56560000591,
              586590.00589999929
            ],
            [
              320952.77650000341,
              586587.25340000167
            ],
            [
              320937.76120000239,
              586588.66200000048
            ],
            [
              320932.98420000356,
              586588.43340000138
            ],
            [
              320926.82140000351,
              586583.97060000151
            ],
            [
              320923.06370000821,
              586578.34800000116
            ],
            [
              320922.38210000005,
              586572.97940000147
            ],
            [
              320919.07190000266,
              586569.39170000143
            ],
            [
              320911.01040000375,
              586564.24580000155
            ],
            [
              320903.49200000148,
              586555.81099999882
            ],
            [
              320892.50260000303,
              586542.50290000252
            ],
            [
              320887.5222000014,
              586537.8729000017
            ],
            [
              320885.02700000256,
              586531.4561999999
            ],
            [
              320879.0120000029,
              586526.4178000018
            ],
            [
              320873.29070000257,
              586521.19260000437
            ],
            [
              320871.55210000463,
              586516.52339999937
            ],
            [
              320870.17960000224,
              586512.0362999998
            ],
            [
              320858.61560000386,
              586489.26149999723
            ],
            [
              320854.67310000584,
              586478.94820000231
            ],
            [
              320847.62500000186,
              586478.1464000009
            ],
            [
              320844.10190000013,
              586480.18260000087
            ],
            [
              320839.02270000335,
              586480.6483000014
            ],
            [
              320833.19640000537,
              586475.57029999793
            ],
            [
              320829.73150000256,
              586474.40260000341
            ],
            [
              320822.84720000345,
              586460.46320000291
            ],
            [
              320820.0252000019,
              586458.4878000021
            ],
            [
              320814.82570000365,
              586452.41909999959
            ],
            [
              320811.37700000592,
              586444.04480000027
            ],
            [
              320807.58690000605,
              586439.02070000768
            ],
            [
              320805.98310000356,
              586435.88460000046
            ],
            [
              320802.85010000132,
              586434.07540000044
            ],
            [
              320799.05160000268,
              586432.6016000025
            ],
            [
              320791.83680000156,
              586431.21409999952
            ],
            [
              320775.72590000555,
              586424.7739000041
            ],
            [
              320764.58650000207,
              586430.10670000315
            ],
            [
              320750.30520000216,
              586425.22870000079
            ],
            [
              320734.77100000344,
              586417.86720000021
            ],
            [
              320724.0137000028,
              586410.46979999915
            ],
            [
              320713.9830000028,
              586406.12090000138
            ],
            [
              320708.4625000041,
              586403.87360000424
            ],
            [
              320705.1817000024,
              586399.75989999995
            ],
            [
              320699.84170000348,
              586395.1772000026
            ],
            [
              320695.46670000255,
              586388.17060000449
            ],
            [
              320680.26100000739,
              586379.22730000131
            ],
            [
              320676.34160000365,
              586375.87759999931
            ],
            [
              320673.29620000161,
              586368.90660000034
            ],
            [
              320670.43040000275,
              586366.22880000249
            ],
            [
              320666.0539000025,
              586364.87620000169
            ],
            [
              320655.78969999868,
              586361.73520000093
            ],
            [
              320650.87890000269,
              586360.56489999965
            ],
            [
              320648.25360000506,
              586359.48409999907
            ],
            [
              320643.39130000584,
              586356.5278000012
            ],
            [
              320636.599700002,
              586354.5250000041
            ],
            [
              320629.87550000381,
              586350.70769999921
            ],
            [
              320623.05489999894,
              586345.26920000464
            ],
            [
              320614.54680000246,
              586340.9560000021
            ],
            [
              320599.15440000407,
              586338.65240000188
            ],
            [
              320597.19690000173,
              586337.82329999842
            ],
            [
              320588.13199999928,
              586335.58650000021
            ],
            [
              320580.49870000221,
              586335.83380000293
            ],
            [
              320570.5482000038,
              586336.5335000027
            ],
            [
              320564.18880000431,
              586333.10009999946
            ],
            [
              320556.42999999877,
              586330.20129999891
            ],
            [
              320546.71300000325,
              586319.64609999955
            ],
            [
              320533.85800000373,
              586313.56299999729
            ],
            [
              320518.28500000387,
              586307.98800000176
            ],
            [
              320509.75370000582,
              586305.00400000438
            ],
            [
              320503.05310000572,
              586298.44329999946
            ],
            [
              320493.00490000285,
              586283.12180000171
            ],
            [
              320481.34550000634,
              586268.10889999941
            ],
            [
              320470.34290000144,
              586259.80230000243
            ],
            [
              320467.38590000011,
              586255.72529999912
            ],
            [
              320468.89260000363,
              586251.86730000004
            ],
            [
              320468.5948000038,
              586249.4728000015
            ],
            [
              320463.17870000377,
              586222.07880000025
            ]
          ]
        ]
      }
    },
    {
      "attributes" : {
        "FID" : 2,
        "PMNTN_SN" : 1466,
        "MNTN_CODE" : "428107804",
        "MNTN_NM" : "개인산어두원골",
        "PMNTN_NM" : "방동리구간",
        "PMNTN_MAIN" : " ",
        "PMNTN_LT" : 2.7,
        "PMNTN_DFFL" : "쉬움",
        "PMNTN_UPPL" : 48,
        "PMNTN_GODN" : 33,
        "PMNTN_MTRQ" : " ",
        "PMNTN_CNRL" : " ",
        "PMNTN_CLS_" : " ",
        "PMNTN_RISK" : " ",
        "PMNTN_RECO" : " ",
        "DATA_STDR_" : "2016-12-31",
        "MNTN_ID" : "428107804"
      },
      "geometry" : {
        "paths" : [
          [
            [
              323870.35920000542,
              588044.49970000423
            ],
            [
              323879.25780000351,
              588029.96050000191
            ],
            [
              323880.15870000329,
              588023.18300000206
            ],
            [
              323884.94820000511,
              588014.84840000048
            ],
            [
              323885.68650000356,
              587997.20549999923
            ],
            [
              323879.21630000416,
              587976.45609999821
            ],
            [
              323872.08060000371,
              587958.67300000228
            ],
            [
              323865.32820000406,
              587942.53109999932
            ],
            [
              323865.19140000362,
              587940.35150000267
            ],
            [
              323864.35380000528,
              587929.87859999947
            ],
            [
              323857.01339999959,
              587922.62989999913
            ],
            [
              323859.5316000022,
              587910.70010000095
            ],
            [
              323856.24300000351,
              587902.32139999978
            ],
            [
              323855.63270000275,
              587899.25970000215
            ],
            [
              323851.70430000313,
              587896.12939999998
            ],
            [
              323852.40430000052,
              587887.86660000309
            ],
            [
              323856.20800000429,
              587884.60170000046
            ],
            [
              323859.3962000031,
              587881.05760000274
            ],
            [
              323863.98820000235,
              587872.48140000179
            ],
            [
              323865.80240000598,
              587870.54510000162
            ],
            [
              323868.80910000391,
              587865.35110000148
            ],
            [
              323870.56560000312,
              587856.48090000823
            ],
            [
              323870.79800000135,
              587852.81770000048
            ],
            [
              323871.46160000376,
              587847.95119999908
            ],
            [
              323873.19590000529,
              587842.505400002
            ],
            [
              323873.87830000091,
              587839.3236000035
            ],
            [
              323880.94250000548,
              587835.06570000015
            ],
            [
              323882.81690000556,
              587831.0922000017
            ],
            [
              323882.41230000276,
              587829.06670000032
            ],
            [
              323880.93730000313,
              587824.1679999996
            ],
            [
              323883.03230000567,
              587818.78330000117
            ],
            [
              323890.11540000327,
              587811.79890000261
            ],
            [
              323891.59540000279,
              587807.1063000001
            ],
            [
              323892.05240000226,
              587804.66230000183
            ],
            [
              323890.92940000258,
              587803.31450000033
            ],
            [
              323892.63180000521,
              587797.55179999769
            ],
            [
              323900.99840000272,
              587792.5223999992
            ],
            [
              323901.34310000297,
              587792.16469999962
            ],
            [
              323900.76590000279,
              587789.35469999723
            ],
            [
              323900.54060000554,
              587785.22870000079
            ],
            [
              323904.33090000227,
              587779.91620000266
            ],
            [
              323906.686200005,
              587778.32220000029
            ],
            [
              323908.96770000178,
              587774.337799998
            ],
            [
              323907.81490000524,
              587768.02889999934
            ],
            [
              323903.23050000239,
              587758.51390000805
            ],
            [
              323902.06790000293,
              587756.85840000212
            ],
            [
              323903.40330000408,
              587750.97830000147
            ],
            [
              323906.88500000443,
              587745.10290000215
            ],
            [
              323905.75590000302,
              587742.20089999959
            ],
            [
              323905.30720000342,
              587740.52670000121
            ],
            [
              323908.03240000457,
              587738.96870000102
            ],
            [
              323911.16230000183,
              587735.38660000078
            ],
            [
              323915.02260000259,
              587728.86540000141
            ],
            [
              323915.3186000064,
              587728.31149999984
            ],
            [
              323918.20930000395,
              587726.89400000125
            ],
            [
              323926.77730000578,
              587721.72809999995
            ],
            [
              323927.92930000369,
              587718.21850000136
            ],
            [
              323929.49180000275,
              587713.90530000068
            ],
            [
              323935.27490000241,
              587707.05020000413
            ],
            [
              323940.24570000358,
              587700.26650000177
            ],
            [
              323940.96980000101,
              587693.34430000372
            ],
            [
              323940.58030000143,
              587693.24540000036
            ],
            [
              323941.39410000574,
              587689.1815000046
            ],
            [
              323939.43850000296,
              587681.42770000175
            ],
            [
              323935.35020000581,
              587674.21880000271
            ],
            [
              323933.95500000101,
              587665.01249999925
            ],
            [
              323933.31170000229,
              587664.63050000183
            ],
            [
              323929.7498000022,
              587661.1614000015
            ],
            [
              323928.59180000518,
              587660.66000000387
            ],
            [
              323923.72170000244,
              587654.91889999993
            ],
            [
              323917.874800005,
              587647.43220000155
            ],
            [
              323917.91860000324,
              587640.13680000044
            ],
            [
              323918.68110000156,
              587635.0671000015
            ],
            [
              323916.76630000211,
              587628.03050000221
            ],
            [
              323915.67370000388,
              587625.40650000237
            ],
            [
              323915.77650000434,
              587623.53140000068
            ],
            [
              323916.94630000368,
              587620.67650000006
            ],
            [
              323929.26600000262,
              587616.9867000021
            ],
            [
              323936.56560000498,
              587610.34050000273
            ],
            [
              323945.22340000328,
              587609.97810000181
            ],
            [
              323947.2760000024,
              587607.88719999976
            ],
            [
              323949.96070000436,
              587601.5623000022
            ],
            [
              323950.67860000487,
              587596.02650000155
            ],
            [
              323949.0252000019,
              587585.35520000197
            ],
            [
              323952.75120000355,
              587578.94370000437
            ],
            [
              323956.23050000239,
              587573.23560000397
            ],
            [
              323954.49990000483,
              587564.74090000056
            ],
            [
              323958.11670000479,
              587563.60429999977
            ],
            [
              323956.96050000377,
              587551.75860000402
            ],
            [
              323957.14420000371,
              587545.94490000047
            ],
            [
              323957.80970000289,
              587543.39580000192
            ],
            [
              323958.35850000381,
              587540.2678999994
            ],
            [
              323958.25590000395,
              587535.82720000669
            ],
            [
              323959.01820000168,
              587531.75329999998
            ],
            [
              323958.94060000312,
              587530.7379999999
            ],
            [
              323958.22880000249,
              587521.42360000312
            ],
            [
              323958.11890000571,
              587519.9859000016
            ],
            [
              323958.08980000392,
              587518.54389999807
            ],
            [
              323959.47040000185,
              587518.89890000038
            ],
            [
              323953.40410000551,
              587512.26500000432
            ],
            [
              323950.53570000175,
              587509.26230000332
            ],
            [
              323951.66280000377,
              587503.98410000093
            ],
            [
              323954.41550000384,
              587499.01890000328
            ],
            [
              323957.97000000346,
              587490.77129999921
            ],
            [
              323959.2862000037,
              587488.12030000053
            ],
            [
              323965.86630000453,
              587478.81110000238
            ],
            [
              323965.31230000407,
              587472.51180000231
            ],
            [
              323967.65590000432,
              587468.25689999945
            ],
            [
              323967.3514000047,
              587466.43760000169
            ],
            [
              323961.2506000055,
              587458.17460000142
            ],
            [
              323959.65510000288,
              587453.92540000007
            ],
            [
              323955.19260000158,
              587445.6034000013
            ],
            [
              323950.57370000333,
              587441.28999999911
            ],
            [
              323950.48000000231,
              587441.14900000021
            ],
            [
              323950.24340000469,
              587440.35850000009
            ],
            [
              323950.13580000214,
              587439.9990999978
            ],
            [
              323949.34080000315,
              587439.89410000294
            ],
            [
              323948.75400000066,
              587438.90320000239
            ],
            [
              323948.90610000491,
              587438.9672000017
            ],
            [
              323952.43790000305,
              587440.45270000212
            ],
            [
              323946.9615000058,
              587437.23379999772
            ],
            [
              323943.35800000373,
              587433.03099999949
            ],
            [
              323939.38900000229,
              587428.40170000121
            ],
            [
              323921.34440000262,
              587407.35560000129
            ],
            [
              323920.71210000198,
              587398.91460000351
            ],
            [
              323914.25750000216,
              587390.12509999983
            ],
            [
              323912.31270000618,
              587388.16080000252
            ],
            [
              323911.97899999935,
              587387.82379999757
            ],
            [
              323911.94710000325,
              587387.79150000028
            ],
            [
              323911.49410000164,
              587387.28170000017
            ],
            [
              323910.70180000179,
              587385.25999999978
            ],
            [
              323864.11100000236,
              587363.82250000164
            ],
            [
              323852.0678000059,
              587360.95999999903
            ],
            [
              323839.29200000316,
              587348.48359999992
            ],
            [
              323818.62620000355,
              587348.2742999997
            ],
            [
              323813.32930000406,
              587342.44310000166
            ],
            [
              323801.586500003,
              587340.94459999911
            ],
            [
              323795.47090000287,
              587336.94730000198
            ],
            [
              323788.21510000527,
              587320.25050000474
            ],
            [
              323769.16080000065,
              587304.8069000002
            ],
            [
              323752.74380000215,
              587306.3984999992
            ],
            [
              323721.95730000362,
              587297.87519999966
            ],
            [
              323706.03880000208,
              587289.4215000011
            ],
            [
              323692.31140000187,
              587276.81830000132
            ],
            [
              323676.95500000473,
              587254.1743999999
            ],
            [
              323656.78290000092,
              587244.68520000018
            ],
            [
              323640.15160000417,
              587245.47700000182
            ],
            [
              323620.6657000035,
              587238.14270000346
            ],
            [
              323601.00390000362,
              587225.80709999986
            ],
            [
              323585.70340000372,
              587213.96600000188
            ],
            [
              323569.25990000553,
              587203.52730000205
            ],
            [
              323562.34370000381,
              587203.12710000202
            ],
            [
              323554.85460000206,
              587199.03889999911
            ],
            [
              323547.82690000441,
              587189.08720000088
            ],
            [
              323533.03250000253,
              587186.91950000264
            ],
            [
              323529.05480000377,
              587180.66169999726
            ],
            [
              323522.75900000427,
              587178.93850000016
            ],
            [
              323510.59060000349,
              587182.66090000235
            ],
            [
              323500.88850000408,
              587176.56520000286
            ],
            [
              323487.42670000158,
              587174.03500000015
            ],
            [
              323479.23320000432,
              587164.47310000286
            ],
            [
              323467.0877000019,
              587161.7685000021
            ],
            [
              323448.84770000353,
              587163.56950000115
            ],
            [
              323442.38710000273,
              587172.80640000105
            ],
            [
              323436.94550000411,
              587181.90929999948
            ],
            [
              323434.21260000393,
              587186.33420000039
            ],
            [
              323431.20340000559,
              587188.75510000065
            ],
            [
              323425.30240000412,
              587192.88609999977
            ],
            [
              323418.19350000191,
              587192.80460000038
            ],
            [
              323403.80780000333,
              587204.18400000036
            ],
            [
              323400.10280000325,
              587205.93350000121
            ],
            [
              323390.25920000114,
              587214.24160000496
            ],
            [
              323384.24960000347,
              587211.85140000097
            ],
            [
              323377.09380000271,
              587217.55230000429
            ],
            [
              323363.68560000509,
              587221.77550000139
            ],
            [
              323348.75070000254,
              587213.83559999987
            ],
            [
              323330.74000000209,
              587219.27999999933
            ],
            [
              323323.38040000293,
              587226.0447000023
            ],
            [
              323310.80490000267,
              587222.46760000475
            ],
            [
              323274.63130000234,
              587215.78980000317
            ],
            [
              323230.63940000068,
              587204.38370000012
            ],
            [
              323222.55260000378,
              587196.16599999927
            ],
            [
              323206.9670000039,
              587192.64700000174
            ],
            [
              323198.09100000281,
              587179.99679999985
            ],
            [
              323189.29260000121,
              587179.87409999967
            ],
            [
              323172.7834999999,
              587178.41660000011
            ],
            [
              323165.38530000299,
              587176.41640000418
            ],
            [
              323157.55800000578,
              587166.13660000078
            ],
            [
              323133.22950000409,
              587158.79209999926
            ],
            [
              323124.43410000298,
              587148.59909999929
            ],
            [
              323118.08910000417,
              587144.76380000263
            ],
            [
              323117.04510000348,
              587145.02740000002
            ],
            [
              323110.33430000208,
              587134.07569999993
            ],
            [
              323099.32700000331,
              587123.8321000021
            ],
            [
              323097.71470000315,
              587122.14200000279
            ],
            [
              323084.79210000578,
              587112.06660000235
            ],
            [
              323074.36460000463,
              587109.55430000275
            ],
            [
              323070.64090000559,
              587106.00860000215
            ],
            [
              323056.46950000245,
              587096.74000000022
            ],
            [
              323042.20340000186,
              587077.00300000049
            ],
            [
              323036.93240000308,
              587071.86140000075
            ],
            [
              323032.76620000415,
              587066.59380000085
            ],
            [
              323023.77750000171,
              587046.22240000218
            ],
            [
              323009.91200000141,
              587028.50840000063
            ],
            [
              322997.00410000142,
              587024.97410000116
            ],
            [
              322995.91650000308,
              587018.2946000006
            ],
            [
              322982.43810000271,
              587013.93280000053
            ],
            [
              322976.06820000429,
              587006.80179999955
            ],
            [
              322964.60840000305,
              587005.07610000111
            ],
            [
              322957.00590000208,
              587000.94189999998
            ],
            [
              322946.58790000435,
              587000.58120000549
            ],
            [
              322930.60810000449,
              586992.32930000126
            ],
            [
              322921.57970000524,
              586983.90220000036
            ],
            [
              322919.22790000401,
              586984.78830000199
            ],
            [
              322904.98710000142,
              586981.58779999986
            ],
            [
              322889.4700000016,
              586980.85300000198
            ],
            [
              322882.85960000288,
              586975.4867000021
            ],
            [
              322871.68910000194,
              586969.01070000045
            ],
            [
              322870.76520000584,
              586969.62040000036
            ],
            [
              322858.94460000377,
              586967.85210000165
            ],
            [
              322850.16270000488,
              586965.13350000046
            ],
            [
              322839.33520000335,
              586964.04089999944
            ],
            [
              322835.59820000548,
              586963.34290000051
            ],
            [
              322826.80080000218,
              586964.12330000103
            ],
            [
              322818.4513000045,
              586962.57450000197
            ],
            [
              322802.56190000381,
              586973.26470000297
            ],
            [
              322792.79260000307,
              586972.64719999954
            ],
            [
              322786.30810000282,
              586965.62330000103
            ],
            [
              322785.66960000154,
              586964.00680000149
            ],
            [
              322785.16790000256,
              586962.73670000024
            ],
            [
              322785.15700000525,
              586962.65460000001
            ],
            [
              322783.10740000289,
              586951.78989999928
            ],
            [
              322770.75600000285,
              586918.24149999954
            ],
            [
              322758.99770000391,
              586918.16880000196
            ],
            [
              322722.946700003,
              586903.88460000791
            ],
            [
              322719.5565000046,
              586890.34919999912
            ],
            [
              322679.02660000511,
              586864.2910999991
            ],
            [
              322666.62490000296,
              586856.47250000201
            ],
            [
              322644.11790000461,
              586846.6090000011
            ],
            [
              322637.78860000335,
              586837.72010000236
            ],
            [
              322631.66030000057,
              586830.46939999796
            ],
            [
              322615.20770000573,
              586826.51369999908
            ],
            [
              322603.53640000429,
              586819.21499999985
            ],
            [
              322590.28340000287,
              586811.86070000194
            ],
            [
              322572.74700000323,
              586806.07560000196
            ],
            [
              322568.82800000068,
              586801.7547999993
            ],
            [
              322529.79050000478,
              586789.57840000279
            ],
            [
              322508.57630000357,
              586780.78840000182
            ],
            [
              322491.62450000178,
              586779.33260000125
            ],
            [
              322467.85370000638,
              586772.35309999995
            ],
            [
              322448.87560000271,
              586765.62030000053
            ],
            [
              322427.2377000032,
              586760.05380000174
            ],
            [
              322417.61860000249,
              586756.11770000309
            ],
            [
              322401.17430000473,
              586753.097000001
            ],
            [
              322390.40390000213,
              586743.05760000274
            ],
            [
              322358.98610000219,
              586744.10639999993
            ],
            [
              322341.75660000183,
              586749.75680000149
            ],
            [
              322321.06530000176,
              586754.70300000161
            ],
            [
              322305.43710000347,
              586751.96450000256
            ]
          ]
        ]
      }
    }
  ]
}