{
  "displayFieldName" : "",
  "fieldAliases" : {
    "FID" : "FID",
    "PMNTN_SPOT" : "PMNTN_SPOT",
    "MNTN_CODE" : "MNTN_CODE",
    "MANAGE_SP1" : "MANAGE_SP1",
    "MANAGE_SP2" : "MANAGE_SP2",
    "DETAIL_SPO" : "DETAIL_SPO",
    "ETC_MATTER" : "ETC_MATTER",
    "MNTN_NM" : "MNTN_NM",
    "PAST_SPOT_" : "PAST_SPOT_",
    "MNTN_ID" : "MNTN_ID"
  },
  "geometryType" : "esriGeometryPoint",
  "spatialReference" : {
    "wkt" : "PROJCS[\"PCS_ITRF2000_TM\",GEOGCS[\"GCS_ITRF_2000\",DATUM[\"D_ITRF_2000\",SPHEROID[\"GRS_1980\",6378137.0,298.257222101]],PRIMEM[\"Greenwich\",0.0],UNIT[\"Degree\",0.0174532925199433]],PROJECTION[\"Transverse_Mercator\"],PARAMETER[\"False_Easting\",200000.0],PARAMETER[\"False_Northing\",600000.0],PARAMETER[\"Central_Meridian\",127.0],PARAMETER[\"Scale_Factor\",1.0],PARAMETER[\"Latitude_Of_Origin\",38.0],UNIT[\"Meter\",1.0]]"
  },
  "fields" : [
    {
      "name" : "FID",
      "type" : "esriFieldTypeOID",
      "alias" : "FID"
    },
    {
      "name" : "PMNTN_SPOT",
      "type" : "esriFieldTypeDouble",
      "alias" : "PMNTN_SPOT"
    },
    {
      "name" : "MNTN_CODE",
      "type" : "esriFieldTypeString",
      "alias" : "MNTN_CODE",
      "length" : 9
    },
    {
      "name" : "MANAGE_SP1",
      "type" : "esriFieldTypeString",
      "alias" : "MANAGE_SP1",
      "length" : 2
    },
    {
      "name" : "MANAGE_SP2",
      "type" : "esriFieldTypeString",
      "alias" : "MANAGE_SP2",
      "length" : 50
    },
    {
      "name" : "DETAIL_SPO",
      "type" : "esriFieldTypeString",
      "alias" : "DETAIL_SPO",
      "length" : 200
    },
    {
      "name" : "ETC_MATTER",
      "type" : "esriFieldTypeString",
      "alias" : "ETC_MATTER",
      "length" : 200
    },
    {
      "name" : "MNTN_NM",
      "type" : "esriFieldTypeString",
      "alias" : "MNTN_NM",
      "length" : 50
    },
    {
      "name" : "PAST_SPOT_",
      "type" : "esriFieldTypeString",
      "alias" : "PAST_SPOT_",
      "length" : 14
    },
    {
      "name" : "MNTN_ID",
      "type" : "esriFieldTypeString",
      "alias" : "MNTN_ID",
      "length" : 10
    }
  ],
  "features" : [
    {
      "attributes" : {
        "FID" : 0,
        "PMNTN_SPOT" : 6807,
        "MNTN_CODE" : "441504604",
        "MANAGE_SP1" : "01",
        "MANAGE_SP2" : "시종점",
        "DETAIL_SPO" : "시종점",
        "ETC_MATTER" : " ",
        "MNTN_NM" : "공산성",
        "PAST_SPOT_" : "4415046040001",
        "MNTN_ID" : "441504604"
      },
      "geometry" : {
        "x" : 211061.22640000097,
        "y" : 429588.1390999984
      }
    },
    {
      "attributes" : {
        "FID" : 1,
        "PMNTN_SPOT" : 6808,
        "MNTN_CODE" : "441504604",
        "MANAGE_SP1" : "02",
        "MANAGE_SP2" : "분기점",
        "DETAIL_SPO" : "분기점",
        "ETC_MATTER" : " ",
        "MNTN_NM" : "공산성",
        "PAST_SPOT_" : "4415046040002",
        "MNTN_ID" : "441504604"
      },
      "geometry" : {
        "x" : 211140.88020000048,
        "y" : 429596.80049999803
      }
    },
    {
      "attributes" : {
        "FID" : 2,
        "PMNTN_SPOT" : 6809,
        "MNTN_CODE" : "441504604",
        "MANAGE_SP1" : "02",
        "MANAGE_SP2" : "분기점",
        "DETAIL_SPO" : "분기점",
        "ETC_MATTER" : " ",
        "MNTN_NM" : "공산성",
        "PAST_SPOT_" : "4415046040003",
        "MNTN_ID" : "441504604"
      },
      "geometry" : {
        "x" : 211144.27919999976,
        "y" : 429573.21940000169
      }
    },
    {
      "attributes" : {
        "FID" : 3,
        "PMNTN_SPOT" : 6810,
        "MNTN_CODE" : "441504604",
        "MANAGE_SP1" : "02",
        "MANAGE_SP2" : "분기점",
        "DETAIL_SPO" : "분기점",
        "ETC_MATTER" : " ",
        "MNTN_NM" : "공산성",
        "PAST_SPOT_" : "4415046040004",
        "MNTN_ID" : "441504604"
      },
      "geometry" : {
        "x" : 211218.08640000038,
        "y" : 429315.50730000064
      }
    },
    {
      "attributes" : {
        "FID" : 4,
        "PMNTN_SPOT" : 6811,
        "MNTN_CODE" : "441504604",
        "MANAGE_SP1" : "01",
        "MANAGE_SP2" : "시종점",
        "DETAIL_SPO" : "시종점",
        "ETC_MATTER" : " ",
        "MNTN_NM" : "공산성",
        "PAST_SPOT_" : "4415046040005",
        "MNTN_ID" : "441504604"
      },
      "geometry" : {
        "x" : 211327.72770000063,
        "y" : 429190.82110000215
      }
    },
    {
      "attributes" : {
        "FID" : 5,
        "PMNTN_SPOT" : 6812,
        "MNTN_CODE" : "441504604",
        "MANAGE_SP1" : "02",
        "MANAGE_SP2" : "분기점",
        "DETAIL_SPO" : "분기점",
        "ETC_MATTER" : " ",
        "MNTN_NM" : "공산성",
        "PAST_SPOT_" : "4415046040006",
        "MNTN_ID" : "441504604"
      },
      "geometry" : {
        "x" : 211355.39030000195,
        "y" : 429616.2854999993
      }
    },
    {
      "attributes" : {
        "FID" : 6,
        "PMNTN_SPOT" : 6813,
        "MNTN_CODE" : "441504604",
        "MANAGE_SP1" : "02",
        "MANAGE_SP2" : "분기점",
        "DETAIL_SPO" : "분기점",
        "ETC_MATTER" : " ",
        "MNTN_NM" : "공산성",
        "PAST_SPOT_" : "4415046040007",
        "MNTN_ID" : "441504604"
      },
      "geometry" : {
        "x" : 211369.36130000092,
        "y" : 429283.3797999993
      }
    },
    {
      "attributes" : {
        "FID" : 7,
        "PMNTN_SPOT" : 6814,
        "MNTN_CODE" : "441504604",
        "MANAGE_SP1" : "02",
        "MANAGE_SP2" : "분기점",
        "DETAIL_SPO" : "분기점",
        "ETC_MATTER" : " ",
        "MNTN_NM" : "공산성",
        "PAST_SPOT_" : "4415046040008",
        "MNTN_ID" : "441504604"
      },
      "geometry" : {
        "x" : 211373.20190000068,
        "y" : 429336.46420000121
      }
    },
    {
      "attributes" : {
        "FID" : 8,
        "PMNTN_SPOT" : 6815,
        "MNTN_CODE" : "441504604",
        "MANAGE_SP1" : "02",
        "MANAGE_SP2" : "분기점",
        "DETAIL_SPO" : "분기점",
        "ETC_MATTER" : " ",
        "MNTN_NM" : "공산성",
        "PAST_SPOT_" : "4415046040009",
        "MNTN_ID" : "441504604"
      },
      "geometry" : {
        "x" : 211374.003800001,
        "y" : 429261.08980000019
      }
    },
    {
      "attributes" : {
        "FID" : 9,
        "PMNTN_SPOT" : 6816,
        "MNTN_CODE" : "441504604",
        "MANAGE_SP1" : "01",
        "MANAGE_SP2" : "시종점",
        "DETAIL_SPO" : "시종점",
        "ETC_MATTER" : " ",
        "MNTN_NM" : "공산성",
        "PAST_SPOT_" : "4415046040010",
        "MNTN_ID" : "441504604"
      },
      "geometry" : {
        "x" : 211385.44900000095,
        "y" : 429635.86950000376
      }
    },
    {
      "attributes" : {
        "FID" : 10,
        "PMNTN_SPOT" : 6817,
        "MNTN_CODE" : "441504604",
        "MANAGE_SP1" : "02",
        "MANAGE_SP2" : "분기점",
        "DETAIL_SPO" : "분기점",
        "ETC_MATTER" : " ",
        "MNTN_NM" : "공산성",
        "PAST_SPOT_" : "4415046040011",
        "MNTN_ID" : "441504604"
      },
      "geometry" : {
        "x" : 211388.95100000035,
        "y" : 429324.96600000188
      }
    },
    {
      "attributes" : {
        "FID" : 11,
        "PMNTN_SPOT" : 6818,
        "MNTN_CODE" : "441504604",
        "MANAGE_SP1" : "01",
        "MANAGE_SP2" : "시종점",
        "DETAIL_SPO" : "시종점",
        "ETC_MATTER" : " ",
        "MNTN_NM" : "공산성",
        "PAST_SPOT_" : "4415046040012",
        "MNTN_ID" : "441504604"
      },
      "geometry" : {
        "x" : 211503.91359999962,
        "y" : 428890.22880000435
      }
    },
    {
      "attributes" : {
        "FID" : 12,
        "PMNTN_SPOT" : 6819,
        "MNTN_CODE" : "441504604",
        "MANAGE_SP1" : "02",
        "MANAGE_SP2" : "분기점",
        "DETAIL_SPO" : "분기점",
        "ETC_MATTER" : " ",
        "MNTN_NM" : "공산성",
        "PAST_SPOT_" : "4415046040013",
        "MNTN_ID" : "441504604"
      },
      "geometry" : {
        "x" : 211517.22530000191,
        "y" : 429491.04459999874
      }
    },
    {
      "attributes" : {
        "FID" : 13,
        "PMNTN_SPOT" : 6820,
        "MNTN_CODE" : "441504604",
        "MANAGE_SP1" : "02",
        "MANAGE_SP2" : "분기점",
        "DETAIL_SPO" : "분기점",
        "ETC_MATTER" : " ",
        "MNTN_NM" : "공산성",
        "PAST_SPOT_" : "4415046040014",
        "MNTN_ID" : "441504604"
      },
      "geometry" : {
        "x" : 211524.11110000033,
        "y" : 429117.39750000089
      }
    },
    {
      "attributes" : {
        "FID" : 14,
        "PMNTN_SPOT" : 6821,
        "MNTN_CODE" : "441504604",
        "MANAGE_SP1" : "02",
        "MANAGE_SP2" : "분기점",
        "DETAIL_SPO" : "분기점",
        "ETC_MATTER" : " ",
        "MNTN_NM" : "공산성",
        "PAST_SPOT_" : "4415046040015",
        "MNTN_ID" : "441504604"
      },
      "geometry" : {
        "x" : 211543.33850000147,
        "y" : 429241.95199999958
      }
    },
    {
      "attributes" : {
        "FID" : 15,
        "PMNTN_SPOT" : 6822,
        "MNTN_CODE" : "441504604",
        "MANAGE_SP1" : "02",
        "MANAGE_SP2" : "분기점",
        "DETAIL_SPO" : "분기점",
        "ETC_MATTER" : " ",
        "MNTN_NM" : "공산성",
        "PAST_SPOT_" : "4415046040016",
        "MNTN_ID" : "441504604"
      },
      "geometry" : {
        "x" : 211543.77290000208,
        "y" : 429112.61140000075
      }
    },
    {
      "attributes" : {
        "FID" : 16,
        "PMNTN_SPOT" : 6823,
        "MNTN_CODE" : "441504604",
        "MANAGE_SP1" : "02",
        "MANAGE_SP2" : "분기점",
        "DETAIL_SPO" : "분기점",
        "ETC_MATTER" : " ",
        "MNTN_NM" : "공산성",
        "PAST_SPOT_" : "4415046040017",
        "MNTN_ID" : "441504604"
      },
      "geometry" : {
        "x" : 211567.51510000136,
        "y" : 429153.5318
      }
    },
    {
      "attributes" : {
        "FID" : 17,
        "PMNTN_SPOT" : 6824,
        "MNTN_CODE" : "441504604",
        "MANAGE_SP1" : "02",
        "MANAGE_SP2" : "분기점",
        "DETAIL_SPO" : "분기점",
        "ETC_MATTER" : " ",
        "MNTN_NM" : "공산성",
        "PAST_SPOT_" : "4415046040018",
        "MNTN_ID" : "441504604"
      },
      "geometry" : {
        "x" : 211580.87399999984,
        "y" : 429053.58100000024
      }
    },
    {
      "attributes" : {
        "FID" : 18,
        "PMNTN_SPOT" : 6825,
        "MNTN_CODE" : "441504604",
        "MANAGE_SP1" : "02",
        "MANAGE_SP2" : "분기점",
        "DETAIL_SPO" : "분기점",
        "ETC_MATTER" : " ",
        "MNTN_NM" : "공산성",
        "PAST_SPOT_" : "4415046040019",
        "MNTN_ID" : "441504604"
      },
      "geometry" : {
        "x" : 211594.81860000081,
        "y" : 429165.39159999974
      }
    },
    {
      "attributes" : {
        "FID" : 19,
        "PMNTN_SPOT" : 6826,
        "MNTN_CODE" : "441504604",
        "MANAGE_SP1" : "02",
        "MANAGE_SP2" : "분기점",
        "DETAIL_SPO" : "분기점",
        "ETC_MATTER" : " ",
        "MNTN_NM" : "공산성",
        "PAST_SPOT_" : "4415046040020",
        "MNTN_ID" : "441504604"
      },
      "geometry" : {
        "x" : 211605.84770000074,
        "y" : 429028.17640000209
      }
    },
    {
      "attributes" : {
        "FID" : 20,
        "PMNTN_SPOT" : 6827,
        "MNTN_CODE" : "441504604",
        "MANAGE_SP1" : "02",
        "MANAGE_SP2" : "분기점",
        "DETAIL_SPO" : "분기점",
        "ETC_MATTER" : " ",
        "MNTN_NM" : "공산성",
        "PAST_SPOT_" : "4415046040021",
        "MNTN_ID" : "441504604"
      },
      "geometry" : {
        "x" : 211612.87569999974,
        "y" : 429035.39090000093
      }
    },
    {
      "attributes" : {
        "FID" : 21,
        "PMNTN_SPOT" : 6828,
        "MNTN_CODE" : "441504604",
        "MANAGE_SP1" : "02",
        "MANAGE_SP2" : "분기점",
        "DETAIL_SPO" : "분기점",
        "ETC_MATTER" : " ",
        "MNTN_NM" : "공산성",
        "PAST_SPOT_" : "4415046040022",
        "MNTN_ID" : "441504604"
      },
      "geometry" : {
        "x" : 211630.96297276672,
        "y" : 429134.04552723467
      }
    },
    {
      "attributes" : {
        "FID" : 22,
        "PMNTN_SPOT" : 6829,
        "MNTN_CODE" : "441504604",
        "MANAGE_SP1" : "02",
        "MANAGE_SP2" : "분기점",
        "DETAIL_SPO" : "분기점",
        "ETC_MATTER" : " ",
        "MNTN_NM" : "공산성",
        "PAST_SPOT_" : "4415046040023",
        "MNTN_ID" : "441504604"
      },
      "geometry" : {
        "x" : 211630.96349999961,
        "y" : 429134.04500000179
      }
    },
    {
      "attributes" : {
        "FID" : 23,
        "PMNTN_SPOT" : 6830,
        "MNTN_CODE" : "441504604",
        "MANAGE_SP1" : "02",
        "MANAGE_SP2" : "분기점",
        "DETAIL_SPO" : "분기점",
        "ETC_MATTER" : " ",
        "MNTN_NM" : "공산성",
        "PAST_SPOT_" : "4415046040024",
        "MNTN_ID" : "441504604"
      },
      "geometry" : {
        "x" : 211652.93960000016,
        "y" : 429093.84160000272
      }
    },
    {
      "attributes" : {
        "FID" : 24,
        "PMNTN_SPOT" : 6831,
        "MNTN_CODE" : "441504604",
        "MANAGE_SP1" : "02",
        "MANAGE_SP2" : "분기점",
        "DETAIL_SPO" : "분기점",
        "ETC_MATTER" : " ",
        "MNTN_NM" : "공산성",
        "PAST_SPOT_" : "4415046040025",
        "MNTN_ID" : "441504604"
      },
      "geometry" : {
        "x" : 211676.14419999998,
        "y" : 429063.87900000252
      }
    },
    {
      "attributes" : {
        "FID" : 25,
        "PMNTN_SPOT" : 6832,
        "MNTN_CODE" : "441504604",
        "MANAGE_SP1" : "01",
        "MANAGE_SP2" : "시종점",
        "DETAIL_SPO" : "시종점",
        "ETC_MATTER" : " ",
        "MNTN_NM" : "공산성",
        "PAST_SPOT_" : "4415046040026",
        "MNTN_ID" : "441504604"
      },
      "geometry" : {
        "x" : 211866.56420000177,
        "y" : 428981.22589999996
      }
    }
  ]
}