{
  "displayFieldName" : "",
  "fieldAliases" : {
    "FID" : "FID",
    "PMNTN_SN" : "PMNTN_SN",
    "MNTN_CODE" : "MNTN_CODE",
    "MNTN_NM" : "MNTN_NM",
    "PMNTN_NM" : "PMNTN_NM",
    "PMNTN_MAIN" : "PMNTN_MAIN",
    "PMNTN_LT" : "PMNTN_LT",
    "PMNTN_DFFL" : "PMNTN_DFFL",
    "PMNTN_UPPL" : "PMNTN_UPPL",
    "PMNTN_GODN" : "PMNTN_GODN",
    "PMNTN_MTRQ" : "PMNTN_MTRQ",
    "PMNTN_CNRL" : "PMNTN_CNRL",
    "PMNTN_CLS_" : "PMNTN_CLS_",
    "PMNTN_RISK" : "PMNTN_RISK",
    "PMNTN_RECO" : "PMNTN_RECO",
    "DATA_STDR_" : "DATA_STDR_",
    "MNTN_ID" : "MNTN_ID"
  },
  "geometryType" : "esriGeometryPolyline",
  "spatialReference" : {
    "wkt" : "PROJCS[\"PCS_ITRF2000_TM\",GEOGCS[\"GCS_ITRF_2000\",DATUM[\"D_ITRF_2000\",SPHEROID[\"GRS_1980\",6378137.0,298.257222101]],PRIMEM[\"Greenwich\",0.0],UNIT[\"Degree\",0.0174532925199433]],PROJECTION[\"Transverse_Mercator\"],PARAMETER[\"False_Easting\",200000.0],PARAMETER[\"False_Northing\",600000.0],PARAMETER[\"Central_Meridian\",127.0],PARAMETER[\"Scale_Factor\",1.0],PARAMETER[\"Latitude_Of_Origin\",38.0],UNIT[\"Meter\",1.0]]"
  },
  "fields" : [
    {
      "name" : "FID",
      "type" : "esriFieldTypeOID",
      "alias" : "FID"
    },
    {
      "name" : "PMNTN_SN",
      "type" : "esriFieldTypeDouble",
      "alias" : "PMNTN_SN"
    },
    {
      "name" : "MNTN_CODE",
      "type" : "esriFieldTypeString",
      "alias" : "MNTN_CODE",
      "length" : 9
    },
    {
      "name" : "MNTN_NM",
      "type" : "esriFieldTypeString",
      "alias" : "MNTN_NM",
      "length" : 50
    },
    {
      "name" : "PMNTN_NM",
      "type" : "esriFieldTypeString",
      "alias" : "PMNTN_NM",
      "length" : 50
    },
    {
      "name" : "PMNTN_MAIN",
      "type" : "esriFieldTypeString",
      "alias" : "PMNTN_MAIN",
      "length" : 200
    },
    {
      "name" : "PMNTN_LT",
      "type" : "esriFieldTypeSingle",
      "alias" : "PMNTN_LT"
    },
    {
      "name" : "PMNTN_DFFL",
      "type" : "esriFieldTypeString",
      "alias" : "PMNTN_DFFL",
      "length" : 8
    },
    {
      "name" : "PMNTN_UPPL",
      "type" : "esriFieldTypeDouble",
      "alias" : "PMNTN_UPPL"
    },
    {
      "name" : "PMNTN_GODN",
      "type" : "esriFieldTypeDouble",
      "alias" : "PMNTN_GODN"
    },
    {
      "name" : "PMNTN_MTRQ",
      "type" : "esriFieldTypeString",
      "alias" : "PMNTN_MTRQ",
      "length" : 200
    },
    {
      "name" : "PMNTN_CNRL",
      "type" : "esriFieldTypeString",
      "alias" : "PMNTN_CNRL",
      "length" : 1
    },
    {
      "name" : "PMNTN_CLS_",
      "type" : "esriFieldTypeString",
      "alias" : "PMNTN_CLS_",
      "length" : 1
    },
    {
      "name" : "PMNTN_RISK",
      "type" : "esriFieldTypeString",
      "alias" : "PMNTN_RISK",
      "length" : 200
    },
    {
      "name" : "PMNTN_RECO",
      "type" : "esriFieldTypeString",
      "alias" : "PMNTN_RECO",
      "length" : 1
    },
    {
      "name" : "DATA_STDR_",
      "type" : "esriFieldTypeString",
      "alias" : "DATA_STDR_",
      "length" : 10
    },
    {
      "name" : "MNTN_ID",
      "type" : "esriFieldTypeString",
      "alias" : "MNTN_ID",
      "length" : 10
    }
  ],
  "features" : [
    {
      "attributes" : {
        "FID" : 0,
        "PMNTN_SN" : 51626,
        "MNTN_CODE" : "471706101",
        "MNTN_NM" : "태화산",
        "PMNTN_NM" : "태화동구간",
        "PMNTN_MAIN" : " ",
        "PMNTN_LT" : 0.97,
        "PMNTN_DFFL" : "쉬움",
        "PMNTN_UPPL" : 17,
        "PMNTN_GODN" : 12,
        "PMNTN_MTRQ" : " ",
        "PMNTN_CNRL" : " ",
        "PMNTN_CLS_" : " ",
        "PMNTN_RISK" : " ",
        "PMNTN_RECO" : " ",
        "DATA_STDR_" : "2016-12-31",
        "MNTN_ID" : "471705001"
      },
      "geometry" : {
        "paths" : [
          [
            [
              352821.43770000059,
              441761.13960000128
            ],
            [
              352821.93980000075,
              441754.72990000062
            ],
            [
              352822.23620000109,
              441748.31480000168
            ],
            [
              352822.36990000121,
              441739.07799999975
            ],
            [
              352822.06209999975,
              441731.94910000451
            ],
            [
              352821.48520000093,
              441725.09440000355
            ],
            [
              352818.80570000038,
              441719.33720000088
            ],
            [
              352815.52759999968,
              441716.47110000253
            ],
            [
              352808.13380000088,
              441713.84230000339
            ],
            [
              352791.59390000161,
              441707.40049999952
            ],
            [
              352787.11610000022,
              441705.57620000094
            ],
            [
              352772.79079999961,
              441699.73990000226
            ],
            [
              352756.70860000048,
              441692.47959999926
            ],
            [
              352750.85369999986,
              441689.99010000005
            ],
            [
              352739.95260000043,
              441685.7359000016
            ],
            [
              352731.87640000042,
              441683.02590000443
            ],
            [
              352724.70930000115,
              441681.18940000422
            ],
            [
              352709.24290000089,
              441677.97689999826
            ],
            [
              352695.99810000043,
              441674.63250000216
            ],
            [
              352692.52170000039,
              441673.98810000159
            ],
            [
              352689.2209999999,
              441673.62430000119
            ],
            [
              352682.940200001,
              441673.40700000152
            ],
            [
              352678.25250000134,
              441673.7984000016
            ],
            [
              352674.08980000112,
              441674.84440000169
            ],
            [
              352668.71790000051,
              441676.84750000015
            ],
            [
              352666.04899999965,
              441677.78430000134
            ],
            [
              352660.63080000039,
              441679.68600000069
            ],
            [
              352657.27030000091,
              441681.10759999976
            ],
            [
              352654.25790000148,
              441682.88560000062
            ],
            [
              352651.96279999986,
              441684.94109999947
            ],
            [
              352649.42460000049,
              441688.62790000439
            ],
            [
              352646.88490000088,
              441690.58620000258
            ],
            [
              352644.28280000016,
              441691.7508000005
            ],
            [
              352641.50590000115,
              441692.3563000001
            ],
            [
              352637.55539999995,
              441692.26230000146
            ],
            [
              352634.03010000102,
              441691.55700000003
            ],
            [
              352628.88650000188,
              441690.06920000166
            ],
            [
              352626.22619999945,
              441687.16080000065
            ],
            [
              352628.80760000087,
              441683.63450000249
            ],
            [
              352631.34360000025,
              441682.00710000098
            ],
            [
              352638.79670000076,
              441679.42590000108
            ],
            [
              352645.86920000054,
              441675.88769999892
            ],
            [
              352651.44050000049,
              441674.14670000412
            ],
            [
              352655.00559999887,
              441672.30529999919
            ],
            [
              352660.31979999971,
              441668.74940000102
            ],
            [
              352664.86490000132,
              441665.36270000227
            ],
            [
              352674.59630000126,
              441657.25860000402
            ],
            [
              352681.40409999993,
              441651.73650000244
            ],
            [
              352685.21659999993,
              441649.07570000179
            ],
            [
              352689.40590000059,
              441646.66379999928
            ],
            [
              352692.87719999999,
              441645.07129999995
            ],
            [
              352697.26770000067,
              441643.54570000246
            ],
            [
              352700.53770000115,
              441642.9821000006
            ],
            [
              352704.03419999965,
              441643.20049999841
            ],
            [
              352708.19830000121,
              441644.20080000162
            ],
            [
              352712.19589999877,
              441645.79000000097
            ],
            [
              352716.03300000075,
              441648.03110000119
            ],
            [
              352718.31430000067,
              441649.70840000361
            ],
            [
              352720.95810000133,
              441652.8433000017
            ],
            [
              352723.86760000139,
              441659.8702000007
            ],
            [
              352726.6110000005,
              441665.26860000379
            ],
            [
              352732.19340000022,
              441665.98300000094
            ],
            [
              352737.09949999955,
              441663.17810000107
            ],
            [
              352739.63549999893,
              441661.33630000241
            ],
            [
              352742.32260000147,
              441658.99960000068
            ],
            [
              352744.56270000059,
              441656.65530000255
            ],
            [
              352748.24210000131,
              441652.20959999785
            ],
            [
              352754.33580000047,
              441644.72310000286
            ],
            [
              352759.21070000157,
              441638.1072000023
            ],
            [
              352762.96160000097,
              441634.28960000165
            ],
            [
              352767.56759999972,
              441633.75459999964
            ],
            [
              352770.87829999998,
              441634.16290000081
            ],
            [
              352778.45419999957,
              441636.2733000014
            ],
            [
              352784.15930000134,
              441637.05890000239
            ],
            [
              352787.0672999993,
              441637.06260000356
            ],
            [
              352791.07160000131,
              441636.36620000191
            ],
            [
              352794.37040000036,
              441635.23929999955
            ],
            [
              352798.59030000027,
              441632.96330000088
            ],
            [
              352801.3376999991,
              441630.70920000039
            ],
            [
              352807.61150000058,
              441623.83070000075
            ],
            [
              352820.15150000155,
              441610.19720000215
            ],
            [
              352823.35449999943,
              441607.08469999954
            ],
            [
              352826.39860000089,
              441604.51160000078
            ],
            [
              352831.34929999989,
              441600.87470000237
            ],
            [
              352836.32820000034,
              441597.65069999918
            ],
            [
              352841.2909000013,
              441594.86820000038
            ],
            [
              352846.20770000108,
              441592.54360000417
            ],
            [
              352852.29349999968,
              441589.87540000118
            ],
            [
              352855.76720000058,
              441588.59009999968
            ],
            [
              352859.01450000051,
              441587.79519999959
            ],
            [
              352863.15840000007,
              441587.77419999987
            ],
            [
              352867.22730000131,
              441588.91569999978
            ],
            [
              352869.8478000015,
              441590.1754999999
            ],
            [
              352875.74270000216,
              441593.39169999957
            ],
            [
              352878.39750000089,
              441594.6071000006
            ],
            [
              352882.49320000224,
              441596.07140000165
            ],
            [
              352893.94700000063,
              441599.69810000248
            ],
            [
              352897.33630000055,
              441601.0318
            ],
            [
              352900.27010000031,
              441602.44820000231
            ],
            [
              352904.87760000117,
              441605.24690000154
            ],
            [
              352912.65080000181,
              441610.70200000331
            ],
            [
              352921.20799999963,
              441615.6697000023
            ],
            [
              352923.62999999989,
              441618.11250000075
            ],
            [
              352925.09200000018,
              441621.77470000274
            ],
            [
              352925.4029000001,
              441625.11759999953
            ],
            [
              352925.09329999983,
              441628.46280000173
            ],
            [
              352924.20610000007,
              441631.33650000021
            ],
            [
              352922.71270000003,
              441633.74030000158
            ],
            [
              352920.0792000005,
              441636.70149999857
            ],
            [
              352917.94050000049,
              441638.56310000084
            ],
            [
              352915.23770000041,
              441640.2778000012
            ],
            [
              352904.39699999988,
              441645.36800000072
            ],
            [
              352885.00060000084,
              441655.27250000089
            ],
            [
              352869.31830000132,
              441663.52630000003
            ],
            [
              352859.393600001,
              441667.58420000225
            ],
            [
              352856.20480000041,
              441669.46630000137
            ],
            [
              352852.87430000026,
              441672.54040000215
            ],
            [
              352850.58090000134,
              441675.57919999957
            ],
            [
              352848.38770000078,
              441679.26669999957
            ],
            [
              352846.20770000108,
              441683.74810000136
            ],
            [
              352844.22730000131,
              441688.92219999991
            ],
            [
              352842.7080000015,
              441695.44150000066
            ],
            [
              352842.31769999955,
              441699.89919999987
            ],
            [
              352842.4935000008,
              441708.50960000232
            ],
            [
              352843.73550000228,
              441722.43810000457
            ],
            [
              352843.75789999962,
              441728.77869999968
            ],
            [
              352844.52389999945,
              441733.35050000064
            ],
            [
              352846.61099999957,
              441738.55370000191
            ],
            [
              352847.90870000049,
              441741.06700000353
            ],
            [
              352849.50920000114,
              441743.58819999732
            ],
            [
              352852.71219999995,
              441748.19900000095
            ],
            [
              352855.61590000149,
              441751.61720000021
            ],
            [
              352858.52580000181,
              441754.20150000229
            ],
            [
              352861.47720000055,
              441755.96890000254
            ],
            [
              352867.16760000121,
              441757.79409999959
            ],
            [
              352872.18269999977,
              441757.32610000111
            ],
            [
              352875.36849999987,
              441755.73560000025
            ],
            [
              352879.65060000215,
              441752.8366000019
            ],
            [
              352885.22559999954,
              441747.97520000115
            ],
            [
              352888.77359999903,
              441746.46250000037
            ],
            [
              352891.84560000058,
              441746.13079999946
            ],
            [
              352895.03790000174,
              441746.22520000301
            ],
            [
              352902.33359999955,
              441746.88969999924
            ],
            [
              352909.85370000172,
              441747.06090000086
            ],
            [
              352912.68130000215,
              441747.78889999911
            ],
            [
              352915.62729999982,
              441750.35290000029
            ],
            [
              352920.0792000005,
              441760.09580000117
            ],
            [
              352923.24900000077,
              441765.70710000023
            ],
            [
              352924.91700000037,
              441769.98400000297
            ],
            [
              352926.30280000065,
              441778.24640000053
            ],
            [
              352928.50710000098,
              441782.79089999944
            ],
            [
              352931.31110000052,
              441786.2322000023
            ],
            [
              352934.72280000057,
              441788.71230000257
            ],
            [
              352938.87190000061,
              441790.3561000023
            ],
            [
              352943.96490000095,
              441789.86549999937
            ],
            [
              352949.7929000007,
              441784.85720000416
            ],
            [
              352965.06250000093,
              441772.88920000196
            ],
            [
              352972.43520000111,
              441767.12209999934
            ],
            [
              352976.20510000084,
              441763.81000000052
            ],
            [
              352981.23479999974,
              441758.82569999993
            ],
            [
              352983.4253000021,
              441756.04630000144
            ],
            [
              352985.91770000104,
              441751.57300000265
            ],
            [
              352987.34770000074,
              441747.71510000154
            ]
          ]
        ]
      }
    },
    {
      "attributes" : {
        "FID" : 1,
        "PMNTN_SN" : 51627,
        "MNTN_CODE" : "471706101",
        "MNTN_NM" : "태화산",
        "PMNTN_NM" : " ",
        "PMNTN_MAIN" : " ",
        "PMNTN_LT" : 0.16,
        "PMNTN_DFFL" : "쉬움",
        "PMNTN_UPPL" : 3,
        "PMNTN_GODN" : 2,
        "PMNTN_MTRQ" : " ",
        "PMNTN_CNRL" : " ",
        "PMNTN_CLS_" : " ",
        "PMNTN_RISK" : " ",
        "PMNTN_RECO" : " ",
        "DATA_STDR_" : "2016-12-31",
        "MNTN_ID" : "471705001"
      },
      "geometry" : {
        "paths" : [
          [
            [
              352821.43770000059,
              441761.13960000128
            ],
            [
              352824.18080000021,
              441760.45010000281
            ],
            [
              352827.194000002,
              441761.63370000198
            ],
            [
              352830.73159999959,
              441767.13860000111
            ],
            [
              352833.83840000071,
              441772.00470000319
            ],
            [
              352838.8982999986,
              441777.23610000126
            ],
            [
              352843.99390000105,
              441778.7153000012
            ],
            [
              352846.82149999961,
              441778.7864000015
            ],
            [
              352852.28130000178,
              441779.02810000442
            ],
            [
              352858.8077000007,
              441779.00599999726
            ],
            [
              352861.79669999983,
              441780.44030000456
            ],
            [
              352865.44220000133,
              441785.2650000006
            ],
            [
              352866.89549999963,
              441792.89920000173
            ],
            [
              352868.09279999975,
              441798.52099999972
            ],
            [
              352869.78320000228,
              441802.78630000167
            ],
            [
              352873.33559999987,
              441808.9996000044
            ],
            [
              352878.30640000012,
              441817.73800000176
            ],
            [
              352879.85950000025,
              441821.26120000333
            ],
            [
              352880.85850000195,
              441824.69999999925
            ],
            [
              352882.00509999972,
              441830.79700000212
            ],
            [
              352882.95959999971,
              441834.71470000036
            ],
            [
              352884.67050000094,
              441837.46170000173
            ],
            [
              352888.19749999978,
              441840.70490000211
            ],
            [
              352894.38999999966,
              441846.64970000274
            ],
            [
              352901.57320000045,
              441852.09900000319
            ],
            [
              352908.01329999883,
              441857.05300000124
            ],
            [
              352911.76489999983,
              441859.41640000045
            ],
            [
              352916.88920000102,
              441862.25459999964
            ],
            [
              352924.1725000022,
              441865.87490000203
            ]
          ]
        ]
      }
    },
    {
      "attributes" : {
        "FID" : 2,
        "PMNTN_SN" : 51628,
        "MNTN_CODE" : "471706101",
        "MNTN_NM" : "태화산",
        "PMNTN_NM" : " ",
        "PMNTN_MAIN" : " ",
        "PMNTN_LT" : 0.05,
        "PMNTN_DFFL" : "쉬움",
        "PMNTN_UPPL" : 1,
        "PMNTN_GODN" : 1,
        "PMNTN_MTRQ" : " ",
        "PMNTN_CNRL" : " ",
        "PMNTN_CLS_" : " ",
        "PMNTN_RISK" : " ",
        "PMNTN_RECO" : " ",
        "DATA_STDR_" : "2016-12-31",
        "MNTN_ID" : "471705001"
      },
      "geometry" : {
        "paths" : [
          [
            [
              352814.54660000093,
              441805.71100000292
            ],
            [
              352817.93059999961,
              441804.83640000038
            ],
            [
              352820.62619999982,
              441803.81680000201
            ],
            [
              352823.36890000012,
              441801.96880000271
            ],
            [
              352825.19049999956,
              441798.23250000365
            ],
            [
              352825.4216,
              441793.88970000111
            ],
            [
              352824.79160000104,
              441788.30730000138
            ],
            [
              352823.60000000149,
              441783.19360000081
            ],
            [
              352821.95859999862,
              441777.31240000017
            ],
            [
              352821.74289999995,
              441770.42600000277
            ],
            [
              352821.26190000121,
              441763.96260000207
            ],
            [
              352821.43770000059,
              441761.13960000128
            ]
          ]
        ]
      }
    },
    {
      "attributes" : {
        "FID" : 3,
        "PMNTN_SN" : 51629,
        "MNTN_CODE" : "471706101",
        "MNTN_NM" : "태화산",
        "PMNTN_NM" : "옥동구간",
        "PMNTN_MAIN" : " ",
        "PMNTN_LT" : 0.08,
        "PMNTN_DFFL" : "쉬움",
        "PMNTN_UPPL" : 1,
        "PMNTN_GODN" : 1,
        "PMNTN_MTRQ" : " ",
        "PMNTN_CNRL" : " ",
        "PMNTN_CLS_" : " ",
        "PMNTN_RISK" : " ",
        "PMNTN_RECO" : " ",
        "DATA_STDR_" : "2016-12-31",
        "MNTN_ID" : "471705001"
      },
      "geometry" : {
        "paths" : [
          [
            [
              352740.95880000107,
              441825.21060000174
            ],
            [
              352744.14910000097,
              441822.79389999993
            ],
            [
              352747.45650000125,
              441820.67290000059
            ],
            [
              352750.88109999895,
              441818.84759999812
            ],
            [
              352754.42279999983,
              441817.317900002
            ],
            [
              352758.72850000206,
              441816.04700000025
            ],
            [
              352767.65469999984,
              441814.30010000058
            ],
            [
              352780.88659999985,
              441811.28230000287
            ],
            [
              352794.58270000014,
              441808.26450000145
            ],
            [
              352802.16250000056,
              441806.8943000026
            ],
            [
              352807.58250000048,
              441806.1753000021
            ],
            [
              352811.7424000008,
              441806.08110000007
            ],
            [
              352814.54660000093,
              441805.71100000292
            ]
          ]
        ]
      }
    },
    {
      "attributes" : {
        "FID" : 4,
        "PMNTN_SN" : 51630,
        "MNTN_CODE" : "471706101",
        "MNTN_NM" : "태화산",
        "PMNTN_NM" : "태화동구간",
        "PMNTN_MAIN" : " ",
        "PMNTN_LT" : 0.4,
        "PMNTN_DFFL" : "쉬움",
        "PMNTN_UPPL" : 7,
        "PMNTN_GODN" : 5,
        "PMNTN_MTRQ" : " ",
        "PMNTN_CNRL" : " ",
        "PMNTN_CLS_" : " ",
        "PMNTN_RISK" : " ",
        "PMNTN_RECO" : " ",
        "DATA_STDR_" : "2016-12-31",
        "MNTN_ID" : "471705001"
      },
      "geometry" : {
        "paths" : [
          [
            [
              352924.1725000022,
              441865.87490000203
            ],
            [
              352930.15139999986,
              441865.83479999937
            ],
            [
              352938.33420000132,
              441866.64589999989
            ],
            [
              352942.36620000098,
              441866.68400000036
            ],
            [
              352952.20460000075,
              441865.60260000266
            ],
            [
              352958.29140000232,
              441865.41339999996
            ],
            [
              352963.57940000109,
              441863.97770000249
            ],
            [
              352970.10790000018,
              441862.65550000034
            ],
            [
              352976.94720000029,
              441860.2058000043
            ],
            [
              352981.45400000177,
              441859.56710000336
            ],
            [
              352985.08260000218,
              441859.51170000061
            ],
            [
              352988.54890000075,
              441860.09790000319
            ],
            [
              352992.36450000107,
              441861.42420000024
            ],
            [
              352996.84060000069,
              441863.14730000123
            ],
            [
              353000.48929999955,
              441864.90620000102
            ],
            [
              353003.31700000074,
              441866.68910000101
            ],
            [
              353009.07840000093,
              441870.94180000015
            ],
            [
              353016.9710999988,
              441876.28100000136
            ],
            [
              353020.71839999966,
              441879.37890000083
            ],
            [
              353023.47100000177,
              441882.08449999802
            ],
            [
              353025.79239999969,
              441884.8701000046
            ],
            [
              353028.2267000014,
              441888.18700000271
            ],
            [
              353030.89940000046,
              441892.29850000143
            ],
            [
              353034.84580000024,
              441899.26270000264
            ],
            [
              353039.0242999997,
              441905.76259999909
            ],
            [
              353044.36340000108,
              441913.19100000151
            ],
            [
              353049.9168000007,
              441922.26339999959
            ],
            [
              353053.55939999968,
              441923.88120000064
            ],
            [
              353061.54170000087,
              441921.78009999916
            ],
            [
              353066.71330000088,
              441920.85170000233
            ],
            [
              353069.89869999979,
              441920.61940000206
            ],
            [
              353073.19889999926,
              441920.92870000191
            ],
            [
              353078.4878000021,
              441922.01220000163
            ],
            [
              353085.21980000008,
              441923.63719999976
            ],
            [
              353090.26760000084,
              441925.36279999837
            ],
            [
              353095.43390000053,
              441927.58359999955
            ],
            [
              353103.09439999983,
              441931.76200000197
            ],
            [
              353111.91569999978,
              441936.86910000257
            ],
            [
              353117.03840000089,
              441939.62989999913
            ],
            [
              353120.27260000072,
              441941.04759999923
            ],
            [
              353125.29729999974,
              441943.14489999972
            ],
            [
              353127.35620000027,
              441946.6810999997
            ],
            [
              353128.45230000187,
              441951.08060000278
            ],
            [
              353127.91900000069,
              441955.21120000258
            ],
            [
              353124.01980000082,
              441956.83360000141
            ],
            [
              353115.52990000043,
              441958.00049999915
            ],
            [
              353108.46559999976,
              441961.89910000004
            ],
            [
              353106.24190000072,
              441964.01880000159
            ],
            [
              353104.54150000121,
              441967.05729999952
            ],
            [
              353103.97890000045,
              441970.06039999984
            ],
            [
              353103.90060000122,
              441973.43510000221
            ],
            [
              353104.25509999972,
              441980.2789000012
            ],
            [
              353104.82020000089,
              441987.71639999934
            ],
            [
              353105.37610000186,
              441991.17290000059
            ],
            [
              353106.11220000125,
              441994.4394000005
            ],
            [
              353107.93959999923,
              442000.36879999936
            ],
            [
              353110.05860000104,
              442005.11770000122
            ],
            [
              353111.86420000158,
              442007.83139999956
            ],
            [
              353116.41229999997,
              442013.13599999994
            ],
            [
              353118.18340000138,
              442015.56389999948
            ],
            [
              353119.65180000011,
              442018.17550000362
            ],
            [
              353123.52260000072,
              442026.01020000316
            ],
            [
              353127.61970000155,
              442033.1799999997
            ],
            [
              353131.10399999935,
              442035.91339999996
            ],
            [
              353135.8097000001,
              442037.283400001
            ],
            [
              353138.46169999987,
              442038.62420000322
            ],
            [
              353142.63210000098,
              442042.12399999984
            ],
            [
              353146.5914000012,
              442043.68569999933
            ],
            [
              353155.55769999977,
              442043.88480000198
            ],
            [
              353163.68250000011,
              442044.34910000116
            ],
            [
              353171.66470000055,
              442045.29680000059
            ],
            [
              353174.82510000002,
              442045.50980000198
            ],
            [
              353177.84289999865,
              442045.50980000198
            ]
          ]
        ]
      }
    },
    {
      "attributes" : {
        "FID" : 5,
        "PMNTN_SN" : 51631,
        "MNTN_CODE" : "471706101",
        "MNTN_NM" : "태화산",
        "PMNTN_NM" : " ",
        "PMNTN_MAIN" : " ",
        "PMNTN_LT" : 0.11,
        "PMNTN_DFFL" : "쉬움",
        "PMNTN_UPPL" : 2,
        "PMNTN_GODN" : 1,
        "PMNTN_MTRQ" : " ",
        "PMNTN_CNRL" : " ",
        "PMNTN_CLS_" : " ",
        "PMNTN_RISK" : " ",
        "PMNTN_RECO" : " ",
        "DATA_STDR_" : "2016-12-31",
        "MNTN_ID" : "471705001"
      },
      "geometry" : {
        "paths" : [
          [
            [
              352878.80109999981,
              441888.33660000004
            ],
            [
              352878.62790000159,
              441888.12600000203
            ],
            [
              352873.27759999875,
              441881.6202000007
            ],
            [
              352868.86699999962,
              441876.5131000001
            ],
            [
              352865.23140000086,
              441872.70150000229
            ],
            [
              352862.77220000047,
              441870.37240000255
            ],
            [
              352857.53569999989,
              441865.92630000226
            ],
            [
              352852.61730000004,
              441862.35270000249
            ],
            [
              352846.34960000124,
              441858.40640000254
            ],
            [
              352841.17020000052,
              441855.81400000118
            ],
            [
              352841.93890000042,
              441852.13860000297
            ],
            [
              352843.6305000009,
              441846.59960000031
            ],
            [
              352843.31140000001,
              441842.4935999997
            ],
            [
              352840.86930000037,
              441838.43549999967
            ],
            [
              352835.20689999964,
              441834.72830000147
            ],
            [
              352831.49270000122,
              441832.63900000229
            ],
            [
              352828.20579999965,
              441830.46990000457
            ],
            [
              352825.60210000072,
              441827.99340000004
            ],
            [
              352824.06599999964,
              441825.53030000068
            ],
            [
              352821.04650000017,
              441818.01430000179
            ],
            [
              352818.14499999955,
              441811.97120000049
            ],
            [
              352816.40369999968,
              441808.72880000062
            ],
            [
              352814.54660000093,
              441805.71100000292
            ]
          ]
        ]
      }
    },
    {
      "attributes" : {
        "FID" : 6,
        "PMNTN_SN" : 51632,
        "MNTN_CODE" : "471706101",
        "MNTN_NM" : "태화산",
        "PMNTN_NM" : " ",
        "PMNTN_MAIN" : " ",
        "PMNTN_LT" : 0.05,
        "PMNTN_DFFL" : "쉬움",
        "PMNTN_UPPL" : 1,
        "PMNTN_GODN" : 1,
        "PMNTN_MTRQ" : " ",
        "PMNTN_CNRL" : " ",
        "PMNTN_CLS_" : " ",
        "PMNTN_RISK" : " ",
        "PMNTN_RECO" : " ",
        "DATA_STDR_" : "2016-12-31",
        "MNTN_ID" : "471705001"
      },
      "geometry" : {
        "paths" : [
          [
            [
              352878.80109999981,
              441888.33660000004
            ],
            [
              352878.87240000162,
              441888.26620000228
            ],
            [
              352880.81429999974,
              441886.34980000183
            ],
            [
              352884.18810000084,
              441885.33440000191
            ],
            [
              352891.37629999965,
              441882.5745000001
            ],
            [
              352896.49140000157,
              441879.06670000218
            ],
            [
              352901.36629999988,
              441875.58460000157
            ],
            [
              352905.31269999966,
              441871.63820000179
            ],
            [
              352907.80449999962,
              441870.08709999919
            ],
            [
              352911.53470000066,
              441868.61339999922
            ],
            [
              352916.22319999896,
              441867.69189999998
            ],
            [
              352921.38090000022,
              441866.3302000016
            ],
            [
              352924.1725000022,
              441865.87490000203
            ]
          ]
        ]
      }
    },
    {
      "attributes" : {
        "FID" : 7,
        "PMNTN_SN" : 51633,
        "MNTN_CODE" : "471706101",
        "MNTN_NM" : "태화산",
        "PMNTN_NM" : "태화동구간",
        "PMNTN_MAIN" : " ",
        "PMNTN_LT" : 0.17,
        "PMNTN_DFFL" : "쉬움",
        "PMNTN_UPPL" : 3,
        "PMNTN_GODN" : 2,
        "PMNTN_MTRQ" : " ",
        "PMNTN_CNRL" : " ",
        "PMNTN_CLS_" : " ",
        "PMNTN_RISK" : " ",
        "PMNTN_RECO" : " ",
        "DATA_STDR_" : "2016-12-31",
        "MNTN_ID" : "471705001"
      },
      "geometry" : {
        "paths" : [
          [
            [
              352929.13580000028,
              442034.54119999893
            ],
            [
              352931.92150000017,
              442029.66630000062
            ],
            [
              352935.47000000067,
              442023.95020000264
            ],
            [
              352936.47840000223,
              442019.7228000015
            ],
            [
              352935.83899999969,
              442016.96080000326
            ],
            [
              352933.83660000004,
              442013.47470000014
            ],
            [
              352931.19250000175,
              442008.27590000071
            ],
            [
              352929.30989999976,
              442005.11770000122
            ],
            [
              352926.35020000022,
              442001.11330000125
            ],
            [
              352921.99760000128,
              441996.41249999963
            ],
            [
              352916.60040000081,
              441991.01530000195
            ],
            [
              352910.85500000138,
              441984.57350000367
            ],
            [
              352907.40190000087,
              441979.81469999999
            ],
            [
              352904.68400000036,
              441976.64039999992
            ],
            [
              352903.68770000059,
              441972.6184000019
            ],
            [
              352903.22339999955,
              441965.88640000112
            ],
            [
              352902.75910000037,
              441960.08290000074
            ],
            [
              352902.82100000139,
              441954.15670000203
            ],
            [
              352901.83060000092,
              441950.10099999979
            ],
            [
              352900.59269999992,
              441946.39310000092
            ],
            [
              352898.24200000055,
              441942.39340000227
            ],
            [
              352894.17000000086,
              441937.7976000011
            ],
            [
              352889.29509999976,
              441931.5298999995
            ],
            [
              352886.46359999944,
              441928.9886000026
            ],
            [
              352885.1193000013,
              441926.42300000228
            ],
            [
              352884.42019999865,
              441922.94080000371
            ],
            [
              352884.16380000021,
              441918.9579000026
            ],
            [
              352884.65240000002,
              441912.72670000233
            ],
            [
              352885.518600001,
              441906.76840000413
            ],
            [
              352885.27250000089,
              441902.94140000083
            ],
            [
              352884.42019999865,
              441899.26270000264
            ],
            [
              352882.82100000139,
              441894.37439999916
            ],
            [
              352881.66430000123,
              441891.79320000112
            ],
            [
              352878.80109999981,
              441888.33660000004
            ]
          ]
        ]
      }
    }
  ]
}