{
  "displayFieldName" : "",
  "fieldAliases" : {
    "FID" : "FID",
    "PMNTN_SPOT" : "PMNTN_SPOT",
    "MNTN_CODE" : "MNTN_CODE",
    "MANAGE_SP1" : "MANAGE_SP1",
    "MANAGE_SP2" : "MANAGE_SP2",
    "DETAIL_SPO" : "DETAIL_SPO",
    "ETC_MATTER" : "ETC_MATTER",
    "MNTN_NM" : "MNTN_NM",
    "PAST_SPOT_" : "PAST_SPOT_",
    "MNTN_ID" : "MNTN_ID"
  },
  "geometryType" : "esriGeometryPoint",
  "spatialReference" : {
    "wkt" : "PROJCS[\"PCS_ITRF2000_TM\",GEOGCS[\"GCS_ITRF_2000\",DATUM[\"D_ITRF_2000\",SPHEROID[\"GRS_1980\",6378137.0,298.257222101]],PRIMEM[\"Greenwich\",0.0],UNIT[\"Degree\",0.0174532925199433]],PROJECTION[\"Transverse_Mercator\"],PARAMETER[\"False_Easting\",200000.0],PARAMETER[\"False_Northing\",600000.0],PARAMETER[\"Central_Meridian\",127.0],PARAMETER[\"Scale_Factor\",1.0],PARAMETER[\"Latitude_Of_Origin\",38.0],UNIT[\"Meter\",1.0]]"
  },
  "fields" : [
    {
      "name" : "FID",
      "type" : "esriFieldTypeOID",
      "alias" : "FID"
    },
    {
      "name" : "PMNTN_SPOT",
      "type" : "esriFieldTypeDouble",
      "alias" : "PMNTN_SPOT"
    },
    {
      "name" : "MNTN_CODE",
      "type" : "esriFieldTypeString",
      "alias" : "MNTN_CODE",
      "length" : 9
    },
    {
      "name" : "MANAGE_SP1",
      "type" : "esriFieldTypeString",
      "alias" : "MANAGE_SP1",
      "length" : 2
    },
    {
      "name" : "MANAGE_SP2",
      "type" : "esriFieldTypeString",
      "alias" : "MANAGE_SP2",
      "length" : 50
    },
    {
      "name" : "DETAIL_SPO",
      "type" : "esriFieldTypeString",
      "alias" : "DETAIL_SPO",
      "length" : 200
    },
    {
      "name" : "ETC_MATTER",
      "type" : "esriFieldTypeString",
      "alias" : "ETC_MATTER",
      "length" : 200
    },
    {
      "name" : "MNTN_NM",
      "type" : "esriFieldTypeString",
      "alias" : "MNTN_NM",
      "length" : 50
    },
    {
      "name" : "PAST_SPOT_",
      "type" : "esriFieldTypeString",
      "alias" : "PAST_SPOT_",
      "length" : 14
    },
    {
      "name" : "MNTN_ID",
      "type" : "esriFieldTypeString",
      "alias" : "MNTN_ID",
      "length" : 10
    }
  ],
  "features" : [
    {
      "attributes" : {
        "FID" : 0,
        "PMNTN_SPOT" : 40051,
        "MNTN_CODE" : "427703301",
        "MANAGE_SP1" : "15",
        "MANAGE_SP2" : "훼손지",
        "DETAIL_SPO" : "훼손",
        "ETC_MATTER" : " ",
        "MNTN_NM" : "보안산",
        "PAST_SPOT_" : "4277033010001",
        "MNTN_ID" : "427703301"
      },
      "geometry" : {
        "x" : 364575.24850000069,
        "y" : 546019.32770000212
      }
    },
    {
      "attributes" : {
        "FID" : 1,
        "PMNTN_SPOT" : 40052,
        "MNTN_CODE" : "427703301",
        "MANAGE_SP1" : "99",
        "MANAGE_SP2" : "기타",
        "DETAIL_SPO" : "경사지",
        "ETC_MATTER" : " ",
        "MNTN_NM" : "보안산",
        "PAST_SPOT_" : "4277033010002",
        "MNTN_ID" : "427703301"
      },
      "geometry" : {
        "x" : 364568.39709999971,
        "y" : 546053.7797000017
      }
    },
    {
      "attributes" : {
        "FID" : 2,
        "PMNTN_SPOT" : 40053,
        "MNTN_CODE" : "427703301",
        "MANAGE_SP1" : "99",
        "MANAGE_SP2" : "기타",
        "DETAIL_SPO" : "경사지",
        "ETC_MATTER" : " ",
        "MNTN_NM" : "보안산",
        "PAST_SPOT_" : "4277033010003",
        "MNTN_ID" : "427703301"
      },
      "geometry" : {
        "x" : 364571.03160000034,
        "y" : 546178.52779999934
      }
    },
    {
      "attributes" : {
        "FID" : 3,
        "PMNTN_SPOT" : 40054,
        "MNTN_CODE" : "427703301",
        "MANAGE_SP1" : "15",
        "MANAGE_SP2" : "훼손지",
        "DETAIL_SPO" : "훼손",
        "ETC_MATTER" : " ",
        "MNTN_NM" : "보안산",
        "PAST_SPOT_" : "4277033010004",
        "MNTN_ID" : "427703301"
      },
      "geometry" : {
        "x" : 364608.48979999963,
        "y" : 546216.28570000269
      }
    },
    {
      "attributes" : {
        "FID" : 4,
        "PMNTN_SPOT" : 40055,
        "MNTN_CODE" : "427703301",
        "MANAGE_SP1" : "23",
        "MANAGE_SP2" : "정상",
        "DETAIL_SPO" : "정상부",
        "ETC_MATTER" : " ",
        "MNTN_NM" : "보안산",
        "PAST_SPOT_" : "4277033010005",
        "MNTN_ID" : "427703301"
      },
      "geometry" : {
        "x" : 364602.9216,
        "y" : 546242.85170000046
      }
    },
    {
      "attributes" : {
        "FID" : 5,
        "PMNTN_SPOT" : 40056,
        "MNTN_CODE" : "427703301",
        "MANAGE_SP1" : "15",
        "MANAGE_SP2" : "훼손지",
        "DETAIL_SPO" : "훼손",
        "ETC_MATTER" : " ",
        "MNTN_NM" : "보안산",
        "PAST_SPOT_" : "4277033010006",
        "MNTN_ID" : "427703301"
      },
      "geometry" : {
        "x" : 364577.61310000066,
        "y" : 546368.38719999976
      }
    },
    {
      "attributes" : {
        "FID" : 6,
        "PMNTN_SPOT" : 40057,
        "MNTN_CODE" : "427703301",
        "MANAGE_SP1" : "99",
        "MANAGE_SP2" : "기타",
        "DETAIL_SPO" : "묘지",
        "ETC_MATTER" : " ",
        "MNTN_NM" : "보안산",
        "PAST_SPOT_" : "4277033010007",
        "MNTN_ID" : "427703301"
      },
      "geometry" : {
        "x" : 364559.33220000006,
        "y" : 546377.47289999947
      }
    },
    {
      "attributes" : {
        "FID" : 7,
        "PMNTN_SPOT" : 40058,
        "MNTN_CODE" : "427703301",
        "MANAGE_SP1" : "15",
        "MANAGE_SP2" : "훼손지",
        "DETAIL_SPO" : "훼손",
        "ETC_MATTER" : " ",
        "MNTN_NM" : "보안산",
        "PAST_SPOT_" : "4277033010008",
        "MNTN_ID" : "427703301"
      },
      "geometry" : {
        "x" : 364516.86370000057,
        "y" : 546440.11180000193
      }
    },
    {
      "attributes" : {
        "FID" : 8,
        "PMNTN_SPOT" : 40059,
        "MNTN_CODE" : "427703301",
        "MANAGE_SP1" : "99",
        "MANAGE_SP2" : "기타",
        "DETAIL_SPO" : "쉼터",
        "ETC_MATTER" : " ",
        "MNTN_NM" : "보안산",
        "PAST_SPOT_" : "4277033010009",
        "MNTN_ID" : "427703301"
      },
      "geometry" : {
        "x" : 364498.62290000077,
        "y" : 546473.80819999985
      }
    },
    {
      "attributes" : {
        "FID" : 9,
        "PMNTN_SPOT" : 40060,
        "MNTN_CODE" : "427703301",
        "MANAGE_SP1" : "99",
        "MANAGE_SP2" : "기타",
        "DETAIL_SPO" : "묘지",
        "ETC_MATTER" : " ",
        "MNTN_NM" : "보안산",
        "PAST_SPOT_" : "4277033010010",
        "MNTN_ID" : "427703301"
      },
      "geometry" : {
        "x" : 364298.50299999956,
        "y" : 546617.71619999968
      }
    },
    {
      "attributes" : {
        "FID" : 10,
        "PMNTN_SPOT" : 40061,
        "MNTN_CODE" : "427703301",
        "MANAGE_SP1" : "99",
        "MANAGE_SP2" : "기타",
        "DETAIL_SPO" : "경사지",
        "ETC_MATTER" : " ",
        "MNTN_NM" : "보안산",
        "PAST_SPOT_" : "4277033010011",
        "MNTN_ID" : "427703301"
      },
      "geometry" : {
        "x" : 364284.3991000019,
        "y" : 546903.43650000356
      }
    },
    {
      "attributes" : {
        "FID" : 11,
        "PMNTN_SPOT" : 40062,
        "MNTN_CODE" : "427703301",
        "MANAGE_SP1" : "14",
        "MANAGE_SP2" : "조망점",
        "DETAIL_SPO" : "조망점",
        "ETC_MATTER" : " ",
        "MNTN_NM" : "보안산",
        "PAST_SPOT_" : "4277033010012",
        "MNTN_ID" : "427703301"
      },
      "geometry" : {
        "x" : 364388.68589999992,
        "y" : 546924.68030000106
      }
    },
    {
      "attributes" : {
        "FID" : 12,
        "PMNTN_SPOT" : 40063,
        "MNTN_CODE" : "427703301",
        "MANAGE_SP1" : "12",
        "MANAGE_SP2" : "위험지역",
        "DETAIL_SPO" : "위험",
        "ETC_MATTER" : " ",
        "MNTN_NM" : "보안산",
        "PAST_SPOT_" : "4277033010013",
        "MNTN_ID" : "427703301"
      },
      "geometry" : {
        "x" : 364721.17300000135,
        "y" : 546963.58400000446
      }
    },
    {
      "attributes" : {
        "FID" : 13,
        "PMNTN_SPOT" : 40064,
        "MNTN_CODE" : "427703301",
        "MANAGE_SP1" : "99",
        "MANAGE_SP2" : "기타",
        "DETAIL_SPO" : "묘지",
        "ETC_MATTER" : " ",
        "MNTN_NM" : "보안산",
        "PAST_SPOT_" : "4277033010014",
        "MNTN_ID" : "427703301"
      },
      "geometry" : {
        "x" : 364802.76360000018,
        "y" : 547051.31570000015
      }
    },
    {
      "attributes" : {
        "FID" : 14,
        "PMNTN_SPOT" : 40065,
        "MNTN_CODE" : "427703301",
        "MANAGE_SP1" : "99",
        "MANAGE_SP2" : "기타",
        "DETAIL_SPO" : "묘지",
        "ETC_MATTER" : " ",
        "MNTN_NM" : "보안산",
        "PAST_SPOT_" : "4277033010015",
        "MNTN_ID" : "427703301"
      },
      "geometry" : {
        "x" : 365185.10730000027,
        "y" : 547492.40190000087
      }
    },
    {
      "attributes" : {
        "FID" : 15,
        "PMNTN_SPOT" : 40066,
        "MNTN_CODE" : "427703301",
        "MANAGE_SP1" : "01",
        "MANAGE_SP2" : "시종점",
        "DETAIL_SPO" : "시종점",
        "ETC_MATTER" : " ",
        "MNTN_NM" : "보안산",
        "PAST_SPOT_" : "4277033010016",
        "MNTN_ID" : "427703301"
      },
      "geometry" : {
        "x" : 364771.89190000109,
        "y" : 545794.76770000346
      }
    },
    {
      "attributes" : {
        "FID" : 16,
        "PMNTN_SPOT" : 40067,
        "MNTN_CODE" : "427703301",
        "MANAGE_SP1" : "01",
        "MANAGE_SP2" : "시종점",
        "DETAIL_SPO" : "시종점",
        "ETC_MATTER" : " ",
        "MNTN_NM" : "보안산",
        "PAST_SPOT_" : "4277033010017",
        "MNTN_ID" : "427703301"
      },
      "geometry" : {
        "x" : 365489.43020000122,
        "y" : 547485.20720000006
      }
    },
    {
      "attributes" : {
        "FID" : 17,
        "PMNTN_SPOT" : 96884,
        "MNTN_CODE" : "427703301",
        "MANAGE_SP1" : "99",
        "MANAGE_SP2" : "기타",
        "DETAIL_SPO" : "묘지",
        "ETC_MATTER" : " ",
        "MNTN_NM" : "보안산",
        "PAST_SPOT_" : "4277033010018",
        "MNTN_ID" : "427703301"
      },
      "geometry" : {
        "x" : 365491.0190000009,
        "y" : 547483.60989999957
      }
    }
  ]
}