{
  "displayFieldName" : "",
  "fieldAliases" : {
    "FID" : "FID",
    "PMNTN_SN" : "PMNTN_SN",
    "MNTN_CODE" : "MNTN_CODE",
    "MNTN_NM" : "MNTN_NM",
    "PMNTN_NM" : "PMNTN_NM",
    "PMNTN_MAIN" : "PMNTN_MAIN",
    "PMNTN_LT" : "PMNTN_LT",
    "PMNTN_DFFL" : "PMNTN_DFFL",
    "PMNTN_UPPL" : "PMNTN_UPPL",
    "PMNTN_GODN" : "PMNTN_GODN",
    "PMNTN_MTRQ" : "PMNTN_MTRQ",
    "PMNTN_CNRL" : "PMNTN_CNRL",
    "PMNTN_CLS_" : "PMNTN_CLS_",
    "PMNTN_RISK" : "PMNTN_RISK",
    "PMNTN_RECO" : "PMNTN_RECO",
    "DATA_STDR_" : "DATA_STDR_",
    "MNTN_ID" : "MNTN_ID"
  },
  "geometryType" : "esriGeometryPolyline",
  "spatialReference" : {
    "wkt" : "PROJCS[\"PCS_ITRF2000_TM\",GEOGCS[\"GCS_ITRF_2000\",DATUM[\"D_ITRF_2000\",SPHEROID[\"GRS_1980\",6378137.0,298.257222101]],PRIMEM[\"Greenwich\",0.0],UNIT[\"Degree\",0.0174532925199433]],PROJECTION[\"Transverse_Mercator\"],PARAMETER[\"False_Easting\",200000.0],PARAMETER[\"False_Northing\",600000.0],PARAMETER[\"Central_Meridian\",127.0],PARAMETER[\"Scale_Factor\",1.0],PARAMETER[\"Latitude_Of_Origin\",38.0],UNIT[\"Meter\",1.0]]"
  },
  "fields" : [
    {
      "name" : "FID",
      "type" : "esriFieldTypeOID",
      "alias" : "FID"
    },
    {
      "name" : "PMNTN_SN",
      "type" : "esriFieldTypeDouble",
      "alias" : "PMNTN_SN"
    },
    {
      "name" : "MNTN_CODE",
      "type" : "esriFieldTypeString",
      "alias" : "MNTN_CODE",
      "length" : 9
    },
    {
      "name" : "MNTN_NM",
      "type" : "esriFieldTypeString",
      "alias" : "MNTN_NM",
      "length" : 50
    },
    {
      "name" : "PMNTN_NM",
      "type" : "esriFieldTypeString",
      "alias" : "PMNTN_NM",
      "length" : 50
    },
    {
      "name" : "PMNTN_MAIN",
      "type" : "esriFieldTypeString",
      "alias" : "PMNTN_MAIN",
      "length" : 200
    },
    {
      "name" : "PMNTN_LT",
      "type" : "esriFieldTypeSingle",
      "alias" : "PMNTN_LT"
    },
    {
      "name" : "PMNTN_DFFL",
      "type" : "esriFieldTypeString",
      "alias" : "PMNTN_DFFL",
      "length" : 8
    },
    {
      "name" : "PMNTN_UPPL",
      "type" : "esriFieldTypeDouble",
      "alias" : "PMNTN_UPPL"
    },
    {
      "name" : "PMNTN_GODN",
      "type" : "esriFieldTypeDouble",
      "alias" : "PMNTN_GODN"
    },
    {
      "name" : "PMNTN_MTRQ",
      "type" : "esriFieldTypeString",
      "alias" : "PMNTN_MTRQ",
      "length" : 200
    },
    {
      "name" : "PMNTN_CNRL",
      "type" : "esriFieldTypeString",
      "alias" : "PMNTN_CNRL",
      "length" : 1
    },
    {
      "name" : "PMNTN_CLS_",
      "type" : "esriFieldTypeString",
      "alias" : "PMNTN_CLS_",
      "length" : 1
    },
    {
      "name" : "PMNTN_RISK",
      "type" : "esriFieldTypeString",
      "alias" : "PMNTN_RISK",
      "length" : 200
    },
    {
      "name" : "PMNTN_RECO",
      "type" : "esriFieldTypeString",
      "alias" : "PMNTN_RECO",
      "length" : 1
    },
    {
      "name" : "DATA_STDR_",
      "type" : "esriFieldTypeString",
      "alias" : "DATA_STDR_",
      "length" : 10
    },
    {
      "name" : "MNTN_ID",
      "type" : "esriFieldTypeString",
      "alias" : "MNTN_ID",
      "length" : 10
    }
  ],
  "features" : [
    {
      "attributes" : {
        "FID" : 0,
        "PMNTN_SN" : 46854,
        "MNTN_CODE" : "431304901",
        "MNTN_NM" : "주정산",
        "PMNTN_NM" : "온천리구간",
        "PMNTN_MAIN" : " ",
        "PMNTN_LT" : 0.31,
        "PMNTN_DFFL" : "중간",
        "PMNTN_UPPL" : 5,
        "PMNTN_GODN" : 4,
        "PMNTN_MTRQ" : " ",
        "PMNTN_CNRL" : " ",
        "PMNTN_CLS_" : " ",
        "PMNTN_RISK" : " ",
        "PMNTN_RECO" : " ",
        "DATA_STDR_" : "2016-12-31",
        "MNTN_ID" : "431304901"
      },
      "geometry" : {
        "paths" : [
          [
            [
              286404.75360000227,
              472780.63800000027
            ],
            [
              286403.22400000133,
              472786.13340000063
            ],
            [
              286402.68699999992,
              472793.13480000012
            ],
            [
              286402.65820000414,
              472798.63800000027
            ],
            [
              286398.13460000139,
              472802.61680000089
            ],
            [
              286389.86410000362,
              472805.57530000061
            ],
            [
              286378.84719999973,
              472807.51890000142
            ],
            [
              286370.58980000112,
              472807.97589999996
            ],
            [
              286364.09130000044,
              472806.94129999913
            ],
            [
              286355.82600000128,
              472808.89930000156
            ],
            [
              286350.05170000251,
              472812.87150000222
            ],
            [
              286341.75760000106,
              472820.33270000108
            ],
            [
              286335.70959999971,
              472828.80620000139
            ],
            [
              286328.90200000349,
              472839.02679999918
            ],
            [
              286318.82940000016,
              472851.73179999925
            ],
            [
              286304.97850000206,
              472869.42010000162
            ],
            [
              286295.4179000007,
              472879.87649999745
            ],
            [
              286285.36500000022,
              472888.82940000109
            ],
            [
              286280.32280000299,
              472896.30750000104
            ],
            [
              286277.52539999969,
              472905.04820000008
            ],
            [
              286274.22370000277,
              472914.53669999912
            ],
            [
              286274.67030000128,
              472924.79530000314
            ],
            [
              286279.60120000038,
              472938.57949999906
            ],
            [
              286288.02500000317,
              472954.13300000131
            ],
            [
              286294.71080000326,
              472967.17600000091
            ],
            [
              286301.40320000146,
              472978.96810000204
            ],
            [
              286304.59360000212,
              472990.74200000241
            ],
            [
              286307.04270000011,
              473000.76090000197
            ],
            [
              286309.49960000068,
              473009.27899999917
            ]
          ]
        ]
      }
    },
    {
      "attributes" : {
        "FID" : 1,
        "PMNTN_SN" : 46855,
        "MNTN_CODE" : "431304901",
        "MNTN_NM" : "주정산",
        "PMNTN_NM" : "온천리구간",
        "PMNTN_MAIN" : " ",
        "PMNTN_LT" : 0.23,
        "PMNTN_DFFL" : "쉬움",
        "PMNTN_UPPL" : 4,
        "PMNTN_GODN" : 3,
        "PMNTN_MTRQ" : " ",
        "PMNTN_CNRL" : " ",
        "PMNTN_CLS_" : " ",
        "PMNTN_RISK" : " ",
        "PMNTN_RECO" : " ",
        "DATA_STDR_" : "2016-12-31",
        "MNTN_ID" : "431304901"
      },
      "geometry" : {
        "paths" : [
          [
            [
              286309.49960000068,
              473009.27899999917
            ],
            [
              286311.40909999982,
              473026.79959999956
            ],
            [
              286311.82430000138,
              473043.06170000136
            ],
            [
              286313.76910000015,
              473053.82840000279
            ],
            [
              286318.19710000046,
              473068.11030000076
            ],
            [
              286321.38490000088,
              473080.3844000008
            ],
            [
              286324.31980000157,
              473093.1576000005
            ],
            [
              286325.24969999865,
              473106.67060000263
            ],
            [
              286326.44940000214,
              473116.43290000036
            ],
            [
              286331.63960000128,
              473128.46730000153
            ],
            [
              286334.08600000385,
              473138.98660000041
            ],
            [
              286336.01910000108,
              473152.00459999964
            ],
            [
              286337.96920000017,
              473161.77070000209
            ],
            [
              286338.69080000371,
              473167.27789999917
            ],
            [
              286336.91099999938,
              473172.77190000378
            ],
            [
              286331.87270000204,
              473179.49960000068
            ],
            [
              286324.83990000095,
              473184.96620000154
            ],
            [
              286319.06429999974,
              473189.18850000203
            ],
            [
              286315.27930000145,
              473195.4224999994
            ],
            [
              286314.24730000086,
              473201.42080000229
            ],
            [
              286317.71400000062,
              473208.1930000037
            ],
            [
              286324.17720000353,
              473215.98160000145
            ],
            [
              286331.6344000008,
              473225.02610000223
            ]
          ]
        ]
      }
    },
    {
      "attributes" : {
        "FID" : 2,
        "PMNTN_SN" : 46856,
        "MNTN_CODE" : "431304901",
        "MNTN_NM" : "주정산",
        "PMNTN_NM" : "온천리구간",
        "PMNTN_MAIN" : " ",
        "PMNTN_LT" : 0.03,
        "PMNTN_DFFL" : "쉬움",
        "PMNTN_UPPL" : 1,
        "PMNTN_GODN" : 0,
        "PMNTN_MTRQ" : " ",
        "PMNTN_CNRL" : " ",
        "PMNTN_CLS_" : " ",
        "PMNTN_RISK" : " ",
        "PMNTN_RECO" : " ",
        "DATA_STDR_" : "2016-12-31",
        "MNTN_ID" : "431304901"
      },
      "geometry" : {
        "paths" : [
          [
            [
              286331.6344000008,
              473225.02610000223
            ],
            [
              286336.39500000235,
              473223.55010000244
            ],
            [
              286344.91180000175,
              473221.34330000356
            ],
            [
              286351.43260000367,
              473218.12550000101
            ],
            [
              286357.19639999978,
              473216.15440000035
            ],
            [
              286360.6958000008,
              473216.67310000397
            ]
          ]
        ]
      }
    },
    {
      "attributes" : {
        "FID" : 3,
        "PMNTN_SN" : 46857,
        "MNTN_CODE" : "431304901",
        "MNTN_NM" : "주정산",
        "PMNTN_NM" : "온천리구간",
        "PMNTN_MAIN" : " ",
        "PMNTN_LT" : 0.25,
        "PMNTN_DFFL" : "쉬움",
        "PMNTN_UPPL" : 4,
        "PMNTN_GODN" : 3,
        "PMNTN_MTRQ" : " ",
        "PMNTN_CNRL" : " ",
        "PMNTN_CLS_" : " ",
        "PMNTN_RISK" : " ",
        "PMNTN_RECO" : " ",
        "DATA_STDR_" : "2016-12-31",
        "MNTN_ID" : "431304901"
      },
      "geometry" : {
        "paths" : [
          [
            [
              286360.6958000008,
              473216.67310000397
            ],
            [
              286364.99670000095,
              473207.43989999779
            ],
            [
              286366.28410000075,
              473200.44240000285
            ],
            [
              286366.57090000156,
              473193.43970000185
            ],
            [
              286366.11120000109,
              473185.68249999918
            ],
            [
              286367.39990000334,
              473178.43490000255
            ],
            [
              286370.93730000407,
              473171.69930000231
            ],
            [
              286375.22389999963,
              473165.21770000271
            ],
            [
              286379.51300000213,
              473158.23589999974
            ],
            [
              286383.29529999942,
              473152.50219999999
            ],
            [
              286386.36640000064,
              473139.26020000316
            ],
            [
              286388.18030000385,
              473127.26239999756
            ],
            [
              286386.74230000004,
              473115.24760000221
            ],
            [
              286383.55190000311,
              473103.47370000184
            ],
            [
              286379.35969999898,
              473091.94470000081
            ],
            [
              286376.41560000088,
              473080.9226000011
            ],
            [
              286373.21729999967,
              473070.64960000105
            ],
            [
              286368.04020000063,
              473056.11370000057
            ],
            [
              286362.5736999996,
              473049.08080000244
            ],
            [
              286351.87509999983,
              473038.01810000278
            ],
            [
              286338.68020000216,
              473025.94180000015
            ],
            [
              286325.72240000125,
              473016.36810000241
            ],
            [
              286317.74780000094,
              473010.5728999991
            ],
            [
              286309.49960000068,
              473009.27899999917
            ]
          ]
        ]
      }
    },
    {
      "attributes" : {
        "FID" : 4,
        "PMNTN_SN" : 46858,
        "MNTN_CODE" : "431304901",
        "MNTN_NM" : "주정산",
        "PMNTN_NM" : "온천리구간",
        "PMNTN_MAIN" : " ",
        "PMNTN_LT" : 0.51,
        "PMNTN_DFFL" : "쉬움",
        "PMNTN_UPPL" : 9,
        "PMNTN_GODN" : 6,
        "PMNTN_MTRQ" : " ",
        "PMNTN_CNRL" : " ",
        "PMNTN_CLS_" : " ",
        "PMNTN_RISK" : " ",
        "PMNTN_RECO" : " ",
        "DATA_STDR_" : "2016-12-31",
        "MNTN_ID" : "431304901"
      },
      "geometry" : {
        "paths" : [
          [
            [
              286360.6958000008,
              473216.67310000397
            ],
            [
              286368.19370000064,
              473216.70900000259
            ],
            [
              286379.70170000102,
              473216.51910000108
            ],
            [
              286390.94779999927,
              473218.57909999974
            ],
            [
              286403.68820000067,
              473221.89780000411
            ],
            [
              286410.92150000017,
              473225.93810000271
            ],
            [
              286418.16000000108,
              473228.97780000046
            ],
            [
              286426.91380000114,
              473229.27380000241
            ],
            [
              286433.18969999999,
              473225.05409999937
            ],
            [
              286439.24950000364,
              473214.32920000143
            ],
            [
              286442.31410000287,
              473202.33799999766
            ],
            [
              286446.6333000008,
              473189.60280000046
            ],
            [
              286447.690200001,
              473178.85180000216
            ],
            [
              286449.49490000121,
              473168.60499999858
            ],
            [
              286449.54600000102,
              473158.84930000268
            ],
            [
              286451.35200000089,
              473148.35239999928
            ],
            [
              286453.41210000031,
              473137.10630000196
            ],
            [
              286455.21279999986,
              473127.60990000144
            ],
            [
              286458.00770000182,
              473119.36950000003
            ],
            [
              286460.52880000044,
              473115.63040000387
            ],
            [
              286466.7993999999,
              473112.41130000167
            ],
            [
              286477.32909999974,
              473107.96370000392
            ],
            [
              286489.36750000343,
              473102.02300000191
            ],
            [
              286499.90370000247,
              473096.3246999979
            ],
            [
              286509.44590000343,
              473089.37040000223
            ],
            [
              286519.23300000094,
              473083.41790000163
            ],
            [
              286532.03500000294,
              473074.97980000265
            ],
            [
              286543.57570000086,
              473068.53619999997
            ],
            [
              286555.88000000082,
              473059.5951000005
            ],
            [
              286569.92740000412,
              473052.16410000063
            ],
            [
              286583.47190000396,
              473045.23070000112
            ],
            [
              286591.74370000046,
              473042.02199999988
            ],
            [
              286602.01150000002,
              473039.82440000214
            ],
            [
              286615.27049999963,
              473039.6436999999
            ],
            [
              286631.52469999995,
              473040.72929999977
            ],
            [
              286640.26540000271,
              473043.52679999918
            ],
            [
              286648.77170000132,
              473043.32110000029
            ],
            [
              286660.2797000017,
              473043.13120000251
            ],
            [
              286668.5437000012,
              473041.4234000016
            ],
            [
              286671.55720000342,
              473039.18780000135
            ],
            [
              286672.58129999973,
              473034.69040000066
            ],
            [
              286671.6017000014,
              473030.68290000223
            ],
            [
              286671.12500000093,
              473026.17760000192
            ],
            [
              286672.15960000083,
              473019.67910000123
            ],
            [
              286674.44759999961,
              473012.68679999933
            ],
            [
              286675.97330000345,
              473007.9419000037
            ],
            [
              286675.50320000295,
              473002.18590000086
            ],
            [
              286672.77640000265,
              472997.4188000001
            ],
            [
              286670.55130000319,
              472992.40410000086
            ],
            [
              286666.84370000288,
              472983.87950000167
            ],
            [
              286663.12810000312,
              472976.85579999909
            ],
            [
              286661.90360000357,
              472971.84630000032
            ],
            [
              286662.69850000087,
              472963.34530000202
            ],
            [
              286665.24839999992,
              472954.10300000012
            ]
          ]
        ]
      }
    },
    {
      "attributes" : {
        "FID" : 5,
        "PMNTN_SN" : 46859,
        "MNTN_CODE" : "431304901",
        "MNTN_NM" : "주정산",
        "PMNTN_NM" : "온천리구간",
        "PMNTN_MAIN" : " ",
        "PMNTN_LT" : 0.36,
        "PMNTN_DFFL" : "쉬움",
        "PMNTN_UPPL" : 6,
        "PMNTN_GODN" : 4,
        "PMNTN_MTRQ" : " ",
        "PMNTN_CNRL" : " ",
        "PMNTN_CLS_" : " ",
        "PMNTN_RISK" : " ",
        "PMNTN_RECO" : " ",
        "DATA_STDR_" : "2016-12-31",
        "MNTN_ID" : "431304901"
      },
      "geometry" : {
        "paths" : [
          [
            [
              286379.98940000031,
              473568.69790000096
            ],
            [
              286383.01860000007,
              473563.46050000377
            ],
            [
              286389.05879999883,
              473556.48790000007
            ],
            [
              286393.60070000123,
              473549.00710000284
            ],
            [
              286396.65350000281,
              473539.26710000262
            ],
            [
              286397.9383000005,
              473532.76989999972
            ],
            [
              286397.97490000259,
              473525.7658000011
            ],
            [
              286396.75040000305,
              473520.75640000217
            ],
            [
              286391.79850000236,
              473510.97450000234
            ],
            [
              286382.1568,
              473489.16080000065
            ],
            [
              286374.00280000083,
              473469.85640000179
            ],
            [
              286369.30509999953,
              473459.32540000044
            ],
            [
              286366.09380000085,
              473451.55380000174
            ],
            [
              286364.88760000095,
              473443.04240000062
            ],
            [
              286362.67550000269,
              473435.5262000002
            ],
            [
              286362.21850000229,
              473427.26879999973
            ],
            [
              286361.50990000181,
              473419.2602000013
            ],
            [
              286362.81429999974,
              473409.01080000773
            ],
            [
              286363.85290000029,
              473401.76180000044
            ],
            [
              286363.41150000133,
              473390.50260000303
            ],
            [
              286361.96170000173,
              473380.73909999989
            ],
            [
              286358.2658000011,
              473369.96320000291
            ],
            [
              286353.57590000145,
              473357.93130000122
            ],
            [
              286349.38109999988,
              473346.90269999951
            ],
            [
              286344.94259999972,
              473334.62199999951
            ],
            [
              286339.27829999942,
              473317.58200000226
            ],
            [
              286335.60210000072,
              473303.05390000157
            ],
            [
              286332.67629999947,
              473288.5297000017
            ],
            [
              286330.24550000019,
              473275.00879999995
            ],
            [
              286329.81200000085,
              473262.2488000039
            ],
            [
              286329.38900000043,
              473247.48760000244
            ],
            [
              286329.95480000041,
              473234.98290000111
            ],
            [
              286331.6344000008,
              473225.02610000223
            ]
          ]
        ]
      }
    },
    {
      "attributes" : {
        "FID" : 6,
        "PMNTN_SN" : 46860,
        "MNTN_CODE" : "431304901",
        "MNTN_NM" : "주정산",
        "PMNTN_NM" : "온천리구간",
        "PMNTN_MAIN" : " ",
        "PMNTN_LT" : 0.59,
        "PMNTN_DFFL" : "쉬움",
        "PMNTN_UPPL" : 10,
        "PMNTN_GODN" : 7,
        "PMNTN_MTRQ" : " ",
        "PMNTN_CNRL" : " ",
        "PMNTN_CLS_" : " ",
        "PMNTN_RISK" : " ",
        "PMNTN_RECO" : " ",
        "DATA_STDR_" : "2016-12-31",
        "MNTN_ID" : "431304901"
      },
      "geometry" : {
        "paths" : [
          [
            [
              286379.98940000031,
              473568.69790000096
            ],
            [
              286383.94320000149,
              473577.97419999912
            ],
            [
              286391.6453999998,
              473588.02060000226
            ],
            [
              286400.60209999979,
              473597.32319999859
            ],
            [
              286411.81149999984,
              473606.38729999959
            ],
            [
              286424.7890000036,
              473612.20879999921
            ],
            [
              286439.26210000087,
              473619.03860000148
            ],
            [
              286456.98970000073,
              473625.38529999927
            ],
            [
              286475.22410000395,
              473630.48380000144
            ],
            [
              286498.715499999,
              473634.85930000059
            ],
            [
              286518.45999999996,
              473638.21470000222
            ],
            [
              286536.96289999969,
              473639.8125
            ],
            [
              286551.46999999974,
              473640.13860000111
            ],
            [
              286566.23520000093,
              473638.96509999968
            ],
            [
              286580.50659999996,
              473636.53830000013
            ],
            [
              286588.51120000239,
              473636.5802000016
            ],
            [
              286603.27630000096,
              473635.40670000017
            ],
            [
              286616.29830000084,
              473632.72319999896
            ],
            [
              286628.82920000143,
              473628.28610000201
            ],
            [
              286645.36630000174,
              473623.11939999834
            ],
            [
              286659.14780000038,
              473618.68879999965
            ],
            [
              286667.69600000232,
              473610.47860000096
            ],
            [
              286678.2519000005,
              473601.027999999
            ],
            [
              286684.53300000262,
              473595.8077000007
            ],
            [
              286691.05250000022,
              473592.84000000171
            ],
            [
              286698.80570000131,
              473593.13079999946
            ],
            [
              286704.5421000002,
              473596.41280000098
            ],
            [
              286709.77680000197,
              473599.94230000116
            ],
            [
              286718.03289999999,
              473599.73540000245
            ],
            [
              286727.05910000298,
              473595.78020000085
            ],
            [
              286731.83020000067,
              473592.30299999937
            ],
            [
              286733.09139999934,
              473590.30840000138
            ],
            [
              286738.60770000052,
              473587.83579999954
            ],
            [
              286748.37780000083,
              473585.1352000013
            ],
            [
              286760.39390000235,
              473583.44710000046
            ],
            [
              286766.9121000031,
              473580.72949999943
            ],
            [
              286775.19049999956,
              473576.27009999938
            ],
            [
              286782.44990000129,
              473575.30750000104
            ],
            [
              286791.69220000319,
              473577.85740000382
            ],
            [
              286798.93600000255,
              473579.89660000242
            ],
            [
              286806.69310000073,
              473579.43690000288
            ],
            [
              286816.47240000125,
              473574.98530000262
            ],
            [
              286828.00790000241,
              473569.54230000265
            ],
            [
              286837.04450000264,
              473563.58600000106
            ],
            [
              286849.08300000243,
              473557.64540000446
            ],
            [
              286860.36700000335,
              473552.45120000094
            ],
            [
              286872.66210000217,
              473545.26120000146
            ],
            [
              286881.43950000312,
              473541.05450000241
            ],
            [
              286891.73080000095,
              473534.35430000164
            ],
            [
              286895.0102000013,
              473529.11820000038
            ],
            [
              286898.01460000221,
              473528.63370000012
            ],
            [
              286900.99670000374,
              473532.40160000138
            ],
            [
              286909.45060000103,
              473542.20180000365
            ]
          ]
        ]
      }
    },
    {
      "attributes" : {
        "FID" : 7,
        "PMNTN_SN" : 46861,
        "MNTN_CODE" : "431304901",
        "MNTN_NM" : "주정산",
        "PMNTN_NM" : "온천리구간",
        "PMNTN_MAIN" : " ",
        "PMNTN_LT" : 0.29,
        "PMNTN_DFFL" : "쉬움",
        "PMNTN_UPPL" : 5,
        "PMNTN_GODN" : 4,
        "PMNTN_MTRQ" : " ",
        "PMNTN_CNRL" : " ",
        "PMNTN_CLS_" : " ",
        "PMNTN_RISK" : " ",
        "PMNTN_RECO" : " ",
        "DATA_STDR_" : "2016-12-31",
        "MNTN_ID" : "431304901"
      },
      "geometry" : {
        "paths" : [
          [
            [
              286909.45060000103,
              473542.20180000365
            ],
            [
              286914.7442000024,
              473534.47480000183
            ],
            [
              286918.28810000047,
              473526.48839999922
            ],
            [
              286921.08169999998,
              473518.4982000012
            ],
            [
              286922.11890000198,
              473511.49929999933
            ],
            [
              286921.91460000072,
              473502.74290000275
            ],
            [
              286920.94409999996,
              473496.98430000059
            ],
            [
              286919.47340000235,
              473491.22309999727
            ],
            [
              286919.5166000016,
              473482.9683000017
            ],
            [
              286920.80790000129,
              473475.22039999999
            ],
            [
              286921.86610000394,
              473464.21920000203
            ],
            [
              286923.15610000119,
              473456.72140000015
            ],
            [
              286925.43620000035,
              473451.23000000045
            ],
            [
              286930.21780000068,
              473445.75159999914
            ],
            [
              286934.50960000046,
              473438.26950000226
            ],
            [
              286937.03460000362,
              473433.77999999933
            ],
            [
              286938.81310000084,
              473428.53610000014
            ],
            [
              286939.09729999956,
              473422.03360000253
            ],
            [
              286939.89879999962,
              473412.28190000169
            ],
            [
              286941.19139999989,
              473404.28380000032
            ],
            [
              286944.74720000103,
              473394.04610000364
            ],
            [
              286948.28460000176,
              473387.31050000153
            ],
            [
              286952.32360000256,
              473380.32740000077
            ],
            [
              286957.6146000009,
              473373.10070000216
            ],
            [
              286963.13090000022,
              473370.62800000235
            ],
            [
              286975.1471000025,
              473368.93990000151
            ],
            [
              286996.17370000295,
              473366.29829999991
            ],
            [
              287017.19639999885,
              473364.40709999949
            ],
            [
              287035.97169999871,
              473361.75370000117
            ],
            [
              287058.00939999986,
              473357.11620000377
            ],
            [
              287061.76550000068,
              473356.38540000096
            ],
            [
              287065.53609999921,
              473352.90300000086
            ]
          ]
        ]
      }
    },
    {
      "attributes" : {
        "FID" : 8,
        "PMNTN_SN" : 46862,
        "MNTN_CODE" : "431304901",
        "MNTN_NM" : "주정산",
        "PMNTN_NM" : "수회리구간",
        "PMNTN_MAIN" : " ",
        "PMNTN_LT" : 1.3,
        "PMNTN_DFFL" : "쉬움",
        "PMNTN_UPPL" : 23,
        "PMNTN_GODN" : 16,
        "PMNTN_MTRQ" : " ",
        "PMNTN_CNRL" : " ",
        "PMNTN_CLS_" : " ",
        "PMNTN_RISK" : " ",
        "PMNTN_RECO" : " ",
        "DATA_STDR_" : "2016-12-31",
        "MNTN_ID" : "431304901"
      },
      "geometry" : {
        "paths" : [
          [
            [
              286379.98940000031,
              473568.69790000096
            ],
            [
              286371.45150000043,
              473571.00160000101
            ],
            [
              286365.1874000011,
              473572.97010000236
            ],
            [
              286359.66190000158,
              473577.19370000064
            ],
            [
              286354.38920000102,
              473580.91840000078
            ],
            [
              286350.35149999987,
              473587.65140000358
            ],
            [
              286346.55480000004,
              473596.13670000248
            ],
            [
              286342.51190000214,
              473603.8702000007
            ],
            [
              286338.71129999962,
              473613.10600000061
            ],
            [
              286338.15070000198,
              473624.61009999923
            ],
            [
              286337.85869999975,
              473632.61339999922
            ],
            [
              286335.0756000001,
              473638.60250000097
            ],
            [
              286334.79670000169,
              473644.1043999996
            ],
            [
              286337.52340000123,
              473648.87150000036
            ],
            [
              286340.9914000025,
              473655.39370000176
            ],
            [
              286344.95969999954,
              473661.91840000264
            ],
            [
              286347.93390000053,
              473667.18720000237
            ],
            [
              286349.90370000061,
              473673.20109999925
            ],
            [
              286349.59460000414,
              473684.45640000142
            ],
            [
              286351.49749999959,
              473703.22780000232
            ],
            [
              286353.68070000224,
              473716.24709999934
            ],
            [
              286357.61890000105,
              473728.52520000003
            ],
            [
              286363.07230000198,
              473738.05950000137
            ],
            [
              286368.29130000155,
              473744.59080000408
            ],
            [
              286373.76180000138,
              473750.87330000103
            ],
            [
              286377.46289999969,
              473760.64860000275
            ],
            [
              286381.15220000129,
              473772.67520000227
            ],
            [
              286385.60250000004,
              473782.70460000075
            ],
            [
              286393.79570000246,
              473794.50459999964
            ],
            [
              286405.23959999997,
              473806.57190000452
            ],
            [
              286413.43940000143,
              473817.12120000273
            ],
            [
              286422.14470000006,
              473826.67259999737
            ],
            [
              286427.84170000069,
              473837.45890000276
            ],
            [
              286434.02859999985,
              473850.24910000153
            ],
            [
              286442.20870000031,
              473864.55060000159
            ],
            [
              286447.92019999959,
              473872.58540000208
            ],
            [
              286457.88010000158,
              473881.39290000126
            ],
            [
              286467.33590000309,
              473890.94820000231
            ],
            [
              286476.55200000387,
              473898.50100000203
            ],
            [
              286482.27260000072,
              473904.78470000252
            ],
            [
              286487.74180000369,
              473911.31730000302
            ],
            [
              286489.46270000096,
              473917.07980000228
            ],
            [
              286489.43650000077,
              473922.08280000091
            ],
            [
              286487.66060000379,
              473926.82630000077
            ],
            [
              286487.38820000086,
              473931.07750000432
            ],
            [
              286489.09459999949,
              473939.59160000086
            ],
            [
              286493.06550000049,
              473945.61610000394
            ],
            [
              286499.78019999992,
              473953.15579999983
            ],
            [
              286508.25760000385,
              473958.45340000093
            ],
            [
              286515.75150000211,
              473960.49379999936
            ],
            [
              286522.50680000056,
              473960.2789999973
            ],
            [
              286533.75019999966,
              473962.83940000273
            ],
            [
              286541.23490000051,
              473966.63090000115
            ],
            [
              286551.47130000032,
              473970.43679999933
            ],
            [
              286559.96700000204,
              473972.2322999984
            ],
            [
              286572.21369999927,
              473974.29770000093
            ],
            [
              286580.95829999913,
              473976.34469999932
            ],
            [
              286590.95100000314,
              473978.8984999992
            ],
            [
              286598.69240000285,
              473981.44060000032
            ],
            [
              286605.17130000051,
              473986.22740000114
            ],
            [
              286610.40870000049,
              473989.25660000369
            ],
            [
              286621.16629999969,
              473989.06280000322
            ],
            [
              286636.19199999981,
              473985.88950000331
            ],
            [
              286647.96720000077,
              473982.44899999909
            ],
            [
              286658.49160000216,
              473979.00200000033
            ],
            [
              286669.77040000167,
              473974.80840000138
            ],
            [
              286681.56920000073,
              473966.86530000158
            ],
            [
              286693.61679999996,
              473959.17369999923
            ],
            [
              286707.89340000134,
              473955.74630000256
            ],
            [
              286721.16290000267,
              473953.56440000236
            ],
            [
              286732.70390000008,
              473951.02620000206
            ],
            [
              286747.49910000339,
              473944.09940000065
            ],
            [
              286770.29250000324,
              473938.46520000137
            ],
            [
              286780.29960000236,
              473938.02980000153
            ],
            [
              286790.04349999968,
              473940.5698000025
            ],
            [
              286801.53710000217,
              473943.13150000013
            ],
            [
              286808.52940000314,
              473945.41950000077
            ],
            [
              286817.03700000234,
              473944.96370000206
            ],
            [
              286826.80440000072,
              473942.76349999942
            ],
            [
              286834.32840000093,
              473939.05060000345
            ],
            [
              286838.35040000081,
              473935.31939999945
            ],
            [
              286842.11830000021,
              473932.33730000071
            ],
            [
              286843.38210000005,
              473929.8423999995
            ],
            [
              286842.65000000037,
              473926.33640000224
            ],
            [
              286840.17480000202,
              473921.32040000148
            ],
            [
              286835.69050000049,
              473917.79480000213
            ],
            [
              286830.44660000037,
              473916.01629999839
            ],
            [
              286828.21360000037,
              473912.50240000337
            ],
            [
              286828.75320000108,
              473905.00070000254
            ],
            [
              286830.52909999993,
              473900.25709999911
            ],
            [
              286836.3060000008,
              473895.78460000083
            ],
            [
              286843.10190000013,
              473887.81530000083
            ],
            [
              286848.9011000013,
              473879.0903000012
            ],
            [
              286854.19080000278,
              473872.11370000243
            ],
            [
              286856.98300000001,
              473864.37360000052
            ],
            [
              286857.03800000343,
              473853.86750000156
            ],
            [
              286855.34720000345,
              473842.35170000046
            ],
            [
              286855.92480000108,
              473827.59569999948
            ],
            [
              286854.69500000216,
              473823.5867999997
            ],
            [
              286853.47699999902,
              473817.32660000212
            ],
            [
              286853.5083999997,
              473811.32310000062
            ],
            [
              286854.52870000061,
              473807.57619999908
            ],
            [
              286855.54499999993,
              473804.57970000803
            ],
            [
              286855.34980000369,
              473794.07220000401
            ],
            [
              286857.15580000356,
              473783.57530000061
            ],
            [
              286861.96619999874,
              473772.59380000271
            ],
            [
              286867.50350000057,
              473766.11879999936
            ],
            [
              286873.30130000133,
              473757.64400000125
            ],
            [
              286878.35140000004,
              473748.664900003
            ],
            [
              286881.14360000286,
              473740.92479999922
            ],
            [
              286882.19919999968,
              473730.42390000075
            ],
            [
              286883.48130000103,
              473724.42699999921
            ],
            [
              286889.25429999921,
              473720.70490000211
            ],
            [
              286898.78870000038,
              473715.25149999745
            ],
            [
              286910.32809999958,
              473709.05810000189
            ],
            [
              286921.87150000315,
              473702.11420000158
            ],
            [
              286932.41299999971,
              473695.41530000418
            ],
            [
              286946.45780000091,
              473688.48460000008
            ],
            [
              286954.72960000206,
              473685.27590000257
            ],
            [
              286959.00170000084,
              473681.54600000195
            ],
            [
              286963.02760000061,
              473677.06430000253
            ],
            [
              286964.5560000008,
              473671.81909999996
            ],
            [
              286964.84540000185,
              473664.31599999964
            ],
            [
              286963.89590000082,
              473654.55510000139
            ],
            [
              286963.22279999964,
              473639.79259999841
            ],
            [
              286961.5149000017,
              473631.52860000171
            ],
            [
              286957.55840000138,
              473622.75260000303
            ],
            [
              286953.08730000164,
              473616.7255000025
            ],
            [
              286946.39620000124,
              473604.68319999985
            ],
            [
              286939.20480000041,
              473592.63820000365
            ],
            [
              286933.25760000199,
              473581.85050000064
            ],
            [
              286927.81470000185,
              473570.3150000032
            ],
            [
              286922.85759999976,
              473561.53370000422
            ],
            [
              286917.130400002,
              473556.50070000254
            ],
            [
              286912.65400000103,
              473551.47419999912
            ],
            [
              286909.45060000103,
              473542.20180000365
            ]
          ]
        ]
      }
    }
  ]
}