{
  "displayFieldName" : "",
  "fieldAliases" : {
    "FID" : "FID",
    "PMNTN_SPOT" : "PMNTN_SPOT",
    "MNTN_CODE" : "MNTN_CODE",
    "MANAGE_SP1" : "MANAGE_SP1",
    "MANAGE_SP2" : "MANAGE_SP2",
    "DETAIL_SPO" : "DETAIL_SPO",
    "ETC_MATTER" : "ETC_MATTER",
    "MNTN_NM" : "MNTN_NM",
    "PAST_SPOT_" : "PAST_SPOT_",
    "MNTN_ID" : "MNTN_ID"
  },
  "geometryType" : "esriGeometryPoint",
  "spatialReference" : {
    "wkt" : "PROJCS[\"PCS_ITRF2000_TM\",GEOGCS[\"GCS_ITRF_2000\",DATUM[\"D_ITRF_2000\",SPHEROID[\"GRS_1980\",6378137.0,298.257222101]],PRIMEM[\"Greenwich\",0.0],UNIT[\"Degree\",0.0174532925199433]],PROJECTION[\"Transverse_Mercator\"],PARAMETER[\"False_Easting\",200000.0],PARAMETER[\"False_Northing\",600000.0],PARAMETER[\"Central_Meridian\",127.0],PARAMETER[\"Scale_Factor\",1.0],PARAMETER[\"Latitude_Of_Origin\",38.0],UNIT[\"Meter\",1.0]]"
  },
  "fields" : [
    {
      "name" : "FID",
      "type" : "esriFieldTypeOID",
      "alias" : "FID"
    },
    {
      "name" : "PMNTN_SPOT",
      "type" : "esriFieldTypeDouble",
      "alias" : "PMNTN_SPOT"
    },
    {
      "name" : "MNTN_CODE",
      "type" : "esriFieldTypeString",
      "alias" : "MNTN_CODE",
      "length" : 9
    },
    {
      "name" : "MANAGE_SP1",
      "type" : "esriFieldTypeString",
      "alias" : "MANAGE_SP1",
      "length" : 2
    },
    {
      "name" : "MANAGE_SP2",
      "type" : "esriFieldTypeString",
      "alias" : "MANAGE_SP2",
      "length" : 50
    },
    {
      "name" : "DETAIL_SPO",
      "type" : "esriFieldTypeString",
      "alias" : "DETAIL_SPO",
      "length" : 200
    },
    {
      "name" : "ETC_MATTER",
      "type" : "esriFieldTypeString",
      "alias" : "ETC_MATTER",
      "length" : 200
    },
    {
      "name" : "MNTN_NM",
      "type" : "esriFieldTypeString",
      "alias" : "MNTN_NM",
      "length" : 50
    },
    {
      "name" : "PAST_SPOT_",
      "type" : "esriFieldTypeString",
      "alias" : "PAST_SPOT_",
      "length" : 14
    },
    {
      "name" : "MNTN_ID",
      "type" : "esriFieldTypeString",
      "alias" : "MNTN_ID",
      "length" : 10
    }
  ],
  "features" : [
    {
      "attributes" : {
        "FID" : 0,
        "PMNTN_SPOT" : 11103,
        "MNTN_CODE" : "488800501",
        "MANAGE_SP1" : "02",
        "MANAGE_SP2" : "분기점",
        "DETAIL_SPO" : "분기점",
        "ETC_MATTER" : " ",
        "MNTN_NM" : "국사봉",
        "PAST_SPOT_" : "28021004000001",
        "MNTN_ID" : "2802100400"
      },
      "geometry" : {
        "x" : 282974.53749999963,
        "y" : 366539.20360000245
      }
    },
    {
      "attributes" : {
        "FID" : 1,
        "PMNTN_SPOT" : 11104,
        "MNTN_CODE" : "488800501",
        "MANAGE_SP1" : "02",
        "MANAGE_SP2" : "분기점",
        "DETAIL_SPO" : "분기점",
        "ETC_MATTER" : " ",
        "MNTN_NM" : "국사봉",
        "PAST_SPOT_" : "28021004000002",
        "MNTN_ID" : "2802100400"
      },
      "geometry" : {
        "x" : 283143.4578999998,
        "y" : 365817.45270000026
      }
    },
    {
      "attributes" : {
        "FID" : 2,
        "PMNTN_SPOT" : 11105,
        "MNTN_CODE" : "488800501",
        "MANAGE_SP1" : "01",
        "MANAGE_SP2" : "시종점",
        "DETAIL_SPO" : "시종점",
        "ETC_MATTER" : " ",
        "MNTN_NM" : "국사봉",
        "PAST_SPOT_" : "28021004000003",
        "MNTN_ID" : "2802100400"
      },
      "geometry" : {
        "x" : 283174.73589999974,
        "y" : 365822.89840000123
      }
    },
    {
      "attributes" : {
        "FID" : 3,
        "PMNTN_SPOT" : 11106,
        "MNTN_CODE" : "488800501",
        "MANAGE_SP1" : "01",
        "MANAGE_SP2" : "시종점",
        "DETAIL_SPO" : "시종점",
        "ETC_MATTER" : " ",
        "MNTN_NM" : "국사봉",
        "PAST_SPOT_" : "28021004000004",
        "MNTN_ID" : "2802100400"
      },
      "geometry" : {
        "x" : 283234.00710000005,
        "y" : 366752.55340000242
      }
    },
    {
      "attributes" : {
        "FID" : 4,
        "PMNTN_SPOT" : 11107,
        "MNTN_CODE" : "488800501",
        "MANAGE_SP1" : "02",
        "MANAGE_SP2" : "분기점",
        "DETAIL_SPO" : "분기점",
        "ETC_MATTER" : " ",
        "MNTN_NM" : "국사봉",
        "PAST_SPOT_" : "28021004000005",
        "MNTN_ID" : "2802100400"
      },
      "geometry" : {
        "x" : 283341.83320000116,
        "y" : 365320.11720000394
      }
    },
    {
      "attributes" : {
        "FID" : 5,
        "PMNTN_SPOT" : 11108,
        "MNTN_CODE" : "488800501",
        "MANAGE_SP1" : "01",
        "MANAGE_SP2" : "시종점",
        "DETAIL_SPO" : "시종점",
        "ETC_MATTER" : " ",
        "MNTN_NM" : "국사봉",
        "PAST_SPOT_" : "28021004000006",
        "MNTN_ID" : "2802100400"
      },
      "geometry" : {
        "x" : 283348.37560000364,
        "y" : 364398.83810000308
      }
    },
    {
      "attributes" : {
        "FID" : 6,
        "PMNTN_SPOT" : 11109,
        "MNTN_CODE" : "488800501",
        "MANAGE_SP1" : "01",
        "MANAGE_SP2" : "시종점",
        "DETAIL_SPO" : "시종점",
        "ETC_MATTER" : " ",
        "MNTN_NM" : "국사봉",
        "PAST_SPOT_" : "28021004000007",
        "MNTN_ID" : "2802100400"
      },
      "geometry" : {
        "x" : 283557.33130000159,
        "y" : 364475.55680000223
      }
    },
    {
      "attributes" : {
        "FID" : 7,
        "PMNTN_SPOT" : 11110,
        "MNTN_CODE" : "488800501",
        "MANAGE_SP1" : "01",
        "MANAGE_SP2" : "시종점",
        "DETAIL_SPO" : "시종점",
        "ETC_MATTER" : " ",
        "MNTN_NM" : "국사봉",
        "PAST_SPOT_" : "28021004000008",
        "MNTN_ID" : "2802100400"
      },
      "geometry" : {
        "x" : 283701.1072000023,
        "y" : 364438.27840000391
      }
    },
    {
      "attributes" : {
        "FID" : 8,
        "PMNTN_SPOT" : 11111,
        "MNTN_CODE" : "488800501",
        "MANAGE_SP1" : "99",
        "MANAGE_SP2" : "기타",
        "DETAIL_SPO" : "감주재",
        "ETC_MATTER" : " ",
        "MNTN_NM" : "국사봉",
        "PAST_SPOT_" : "28021004000009",
        "MNTN_ID" : "2802100400"
      },
      "geometry" : {
        "x" : 282474.73639999982,
        "y" : 366305.18910000101
      }
    },
    {
      "attributes" : {
        "FID" : 9,
        "PMNTN_SPOT" : 11112,
        "MNTN_CODE" : "488800501",
        "MANAGE_SP1" : "99",
        "MANAGE_SP2" : "기타",
        "DETAIL_SPO" : "국사봉(876.0m)",
        "ETC_MATTER" : " ",
        "MNTN_NM" : "국사봉",
        "PAST_SPOT_" : "28021004000010",
        "MNTN_ID" : "2802100400"
      },
      "geometry" : {
        "x" : 283232.03280000016,
        "y" : 366745.0717999991
      }
    },
    {
      "attributes" : {
        "FID" : 10,
        "PMNTN_SPOT" : 11113,
        "MNTN_CODE" : "488800501",
        "MANAGE_SP1" : "99",
        "MANAGE_SP2" : "기타",
        "DETAIL_SPO" : "백학동",
        "ETC_MATTER" : " ",
        "MNTN_NM" : "국사봉",
        "PAST_SPOT_" : "28021004000011",
        "MNTN_ID" : "2802100400"
      },
      "geometry" : {
        "x" : 283795.0250000013,
        "y" : 364399.88860000297
      }
    },
    {
      "attributes" : {
        "FID" : 11,
        "PMNTN_SPOT" : 11114,
        "MNTN_CODE" : "488800501",
        "MANAGE_SP1" : "99",
        "MANAGE_SP2" : "기타",
        "DETAIL_SPO" : "신오산",
        "ETC_MATTER" : " ",
        "MNTN_NM" : "국사봉",
        "PAST_SPOT_" : "28021004000012",
        "MNTN_ID" : "2802100400"
      },
      "geometry" : {
        "x" : 283558.96380000189,
        "y" : 364470.1099999994
      }
    },
    {
      "attributes" : {
        "FID" : 12,
        "PMNTN_SPOT" : 11115,
        "MNTN_CODE" : "488800501",
        "MANAGE_SP1" : "99",
        "MANAGE_SP2" : "기타",
        "DETAIL_SPO" : "오산",
        "ETC_MATTER" : " ",
        "MNTN_NM" : "국사봉",
        "PAST_SPOT_" : "28021004000013",
        "MNTN_ID" : "2802100400"
      },
      "geometry" : {
        "x" : 283385.89230000135,
        "y" : 364423.26850000024
      }
    },
    {
      "attributes" : {
        "FID" : 13,
        "PMNTN_SPOT" : 11116,
        "MNTN_CODE" : "488800501",
        "MANAGE_SP1" : "99",
        "MANAGE_SP2" : "기타",
        "DETAIL_SPO" : "하성",
        "ETC_MATTER" : " ",
        "MNTN_NM" : "국사봉",
        "PAST_SPOT_" : "28021004000014",
        "MNTN_ID" : "2802100400"
      },
      "geometry" : {
        "x" : 283867.38180000242,
        "y" : 364874.24560000002
      }
    }
  ]
}