{
  "displayFieldName" : "",
  "fieldAliases" : {
    "FID" : "FID",
    "PMNTN_SPOT" : "PMNTN_SPOT",
    "MNTN_CODE" : "MNTN_CODE",
    "MANAGE_SP1" : "MANAGE_SP1",
    "MANAGE_SP2" : "MANAGE_SP2",
    "DETAIL_SPO" : "DETAIL_SPO",
    "ETC_MATTER" : "ETC_MATTER",
    "MNTN_NM" : "MNTN_NM",
    "PAST_SPOT_" : "PAST_SPOT_",
    "MNTN_ID" : "MNTN_ID"
  },
  "geometryType" : "esriGeometryPoint",
  "spatialReference" : {
    "wkt" : "PROJCS[\"PCS_ITRF2000_TM\",GEOGCS[\"GCS_ITRF_2000\",DATUM[\"D_ITRF_2000\",SPHEROID[\"GRS_1980\",6378137.0,298.257222101]],PRIMEM[\"Greenwich\",0.0],UNIT[\"Degree\",0.0174532925199433]],PROJECTION[\"Transverse_Mercator\"],PARAMETER[\"False_Easting\",200000.0],PARAMETER[\"False_Northing\",600000.0],PARAMETER[\"Central_Meridian\",127.0],PARAMETER[\"Scale_Factor\",1.0],PARAMETER[\"Latitude_Of_Origin\",38.0],UNIT[\"Meter\",1.0]]"
  },
  "fields" : [
    {
      "name" : "FID",
      "type" : "esriFieldTypeOID",
      "alias" : "FID"
    },
    {
      "name" : "PMNTN_SPOT",
      "type" : "esriFieldTypeDouble",
      "alias" : "PMNTN_SPOT"
    },
    {
      "name" : "MNTN_CODE",
      "type" : "esriFieldTypeString",
      "alias" : "MNTN_CODE",
      "length" : 9
    },
    {
      "name" : "MANAGE_SP1",
      "type" : "esriFieldTypeString",
      "alias" : "MANAGE_SP1",
      "length" : 2
    },
    {
      "name" : "MANAGE_SP2",
      "type" : "esriFieldTypeString",
      "alias" : "MANAGE_SP2",
      "length" : 50
    },
    {
      "name" : "DETAIL_SPO",
      "type" : "esriFieldTypeString",
      "alias" : "DETAIL_SPO",
      "length" : 200
    },
    {
      "name" : "ETC_MATTER",
      "type" : "esriFieldTypeString",
      "alias" : "ETC_MATTER",
      "length" : 200
    },
    {
      "name" : "MNTN_NM",
      "type" : "esriFieldTypeString",
      "alias" : "MNTN_NM",
      "length" : 50
    },
    {
      "name" : "PAST_SPOT_",
      "type" : "esriFieldTypeString",
      "alias" : "PAST_SPOT_",
      "length" : 14
    },
    {
      "name" : "MNTN_ID",
      "type" : "esriFieldTypeString",
      "alias" : "MNTN_ID",
      "length" : 10
    }
  ],
  "features" : [
    {
      "attributes" : {
        "FID" : 0,
        "PMNTN_SPOT" : 16102,
        "MNTN_CODE" : "447700301",
        "MANAGE_SP1" : "01",
        "MANAGE_SP2" : "시종점",
        "DETAIL_SPO" : "시종점",
        "ETC_MATTER" : " ",
        "MNTN_NM" : "남산",
        "PAST_SPOT_" : "4477003010001",
        "MNTN_ID" : "447700301"
      },
      "geometry" : {
        "x" : 170286.28149999958,
        "y" : 385150.31130000204
      }
    },
    {
      "attributes" : {
        "FID" : 1,
        "PMNTN_SPOT" : 16103,
        "MNTN_CODE" : "447700301",
        "MANAGE_SP1" : "02",
        "MANAGE_SP2" : "분기점",
        "DETAIL_SPO" : "분기점",
        "ETC_MATTER" : " ",
        "MNTN_NM" : "남산",
        "PAST_SPOT_" : "4477003010002",
        "MNTN_ID" : "447700301"
      },
      "geometry" : {
        "x" : 171184.16729999986,
        "y" : 385114.45570000075
      }
    },
    {
      "attributes" : {
        "FID" : 2,
        "PMNTN_SPOT" : 16104,
        "MNTN_CODE" : "447700301",
        "MANAGE_SP1" : "01",
        "MANAGE_SP2" : "시종점",
        "DETAIL_SPO" : "시종점",
        "ETC_MATTER" : " ",
        "MNTN_NM" : "남산",
        "PAST_SPOT_" : "4477003010003",
        "MNTN_ID" : "447700301"
      },
      "geometry" : {
        "x" : 171460.08870000113,
        "y" : 385406.46510000154
      }
    },
    {
      "attributes" : {
        "FID" : 3,
        "PMNTN_SPOT" : 16105,
        "MNTN_CODE" : "447700301",
        "MANAGE_SP1" : "01",
        "MANAGE_SP2" : "시종점",
        "DETAIL_SPO" : "시종점",
        "ETC_MATTER" : " ",
        "MNTN_NM" : "남산",
        "PAST_SPOT_" : "4477003010004",
        "MNTN_ID" : "447700301"
      },
      "geometry" : {
        "x" : 171900.5120000001,
        "y" : 385145.30970000103
      }
    },
    {
      "attributes" : {
        "FID" : 4,
        "PMNTN_SPOT" : 16106,
        "MNTN_CODE" : "447700301",
        "MANAGE_SP1" : "02",
        "MANAGE_SP2" : "분기점",
        "DETAIL_SPO" : "분기점",
        "ETC_MATTER" : " ",
        "MNTN_NM" : "남산",
        "PAST_SPOT_" : "4477003010005",
        "MNTN_ID" : "447700301"
      },
      "geometry" : {
        "x" : 171923.90110000037,
        "y" : 385335.41029999964
      }
    },
    {
      "attributes" : {
        "FID" : 5,
        "PMNTN_SPOT" : 16107,
        "MNTN_CODE" : "447700301",
        "MANAGE_SP1" : "01",
        "MANAGE_SP2" : "시종점",
        "DETAIL_SPO" : "시종점",
        "ETC_MATTER" : " ",
        "MNTN_NM" : "남산",
        "PAST_SPOT_" : "4477003010006",
        "MNTN_ID" : "447700301"
      },
      "geometry" : {
        "x" : 171949.31950000208,
        "y" : 384594.07480000146
      }
    },
    {
      "attributes" : {
        "FID" : 6,
        "PMNTN_SPOT" : 16108,
        "MNTN_CODE" : "447700301",
        "MANAGE_SP1" : "02",
        "MANAGE_SP2" : "분기점",
        "DETAIL_SPO" : "분기점",
        "ETC_MATTER" : " ",
        "MNTN_NM" : "남산",
        "PAST_SPOT_" : "4477003010007",
        "MNTN_ID" : "447700301"
      },
      "geometry" : {
        "x" : 172004.43610000052,
        "y" : 385322.76760000363
      }
    },
    {
      "attributes" : {
        "FID" : 7,
        "PMNTN_SPOT" : 16109,
        "MNTN_CODE" : "447700301",
        "MANAGE_SP1" : "02",
        "MANAGE_SP2" : "분기점",
        "DETAIL_SPO" : "분기점",
        "ETC_MATTER" : " ",
        "MNTN_NM" : "남산",
        "PAST_SPOT_" : "4477003010008",
        "MNTN_ID" : "447700301"
      },
      "geometry" : {
        "x" : 172850.01570000034,
        "y" : 385368.15159999952
      }
    },
    {
      "attributes" : {
        "FID" : 8,
        "PMNTN_SPOT" : 16110,
        "MNTN_CODE" : "447700301",
        "MANAGE_SP1" : "01",
        "MANAGE_SP2" : "시종점",
        "DETAIL_SPO" : "시종점",
        "ETC_MATTER" : " ",
        "MNTN_NM" : "남산",
        "PAST_SPOT_" : "4477003010009",
        "MNTN_ID" : "447700301"
      },
      "geometry" : {
        "x" : 173228.62820000108,
        "y" : 385138.20830000006
      }
    },
    {
      "attributes" : {
        "FID" : 9,
        "PMNTN_SPOT" : 16111,
        "MNTN_CODE" : "447700301",
        "MANAGE_SP1" : "01",
        "MANAGE_SP2" : "시종점",
        "DETAIL_SPO" : "시종점",
        "ETC_MATTER" : " ",
        "MNTN_NM" : "남산",
        "PAST_SPOT_" : "4477003010010",
        "MNTN_ID" : "447700301"
      },
      "geometry" : {
        "x" : 173655.18080000021,
        "y" : 385266.81519999914
      }
    }
  ]
}