{
  "displayFieldName" : "",
  "fieldAliases" : {
    "FID" : "FID",
    "PMNTN_SN" : "PMNTN_SN",
    "MNTN_CODE" : "MNTN_CODE",
    "MNTN_NM" : "MNTN_NM",
    "PMNTN_NM" : "PMNTN_NM",
    "PMNTN_MAIN" : "PMNTN_MAIN",
    "PMNTN_LT" : "PMNTN_LT",
    "PMNTN_DFFL" : "PMNTN_DFFL",
    "PMNTN_UPPL" : "PMNTN_UPPL",
    "PMNTN_GODN" : "PMNTN_GODN",
    "PMNTN_MTRQ" : "PMNTN_MTRQ",
    "PMNTN_CNRL" : "PMNTN_CNRL",
    "PMNTN_CLS_" : "PMNTN_CLS_",
    "PMNTN_RISK" : "PMNTN_RISK",
    "PMNTN_RECO" : "PMNTN_RECO",
    "DATA_STDR_" : "DATA_STDR_",
    "MNTN_ID" : "MNTN_ID"
  },
  "geometryType" : "esriGeometryPolyline",
  "spatialReference" : {
    "wkt" : "PROJCS[\"PCS_ITRF2000_TM\",GEOGCS[\"GCS_ITRF_2000\",DATUM[\"D_ITRF_2000\",SPHEROID[\"GRS_1980\",6378137.0,298.257222101]],PRIMEM[\"Greenwich\",0.0],UNIT[\"Degree\",0.0174532925199433]],PROJECTION[\"Transverse_Mercator\"],PARAMETER[\"False_Easting\",200000.0],PARAMETER[\"False_Northing\",600000.0],PARAMETER[\"Central_Meridian\",127.0],PARAMETER[\"Scale_Factor\",1.0],PARAMETER[\"Latitude_Of_Origin\",38.0],UNIT[\"Meter\",1.0]]"
  },
  "fields" : [
    {
      "name" : "FID",
      "type" : "esriFieldTypeOID",
      "alias" : "FID"
    },
    {
      "name" : "PMNTN_SN",
      "type" : "esriFieldTypeDouble",
      "alias" : "PMNTN_SN"
    },
    {
      "name" : "MNTN_CODE",
      "type" : "esriFieldTypeString",
      "alias" : "MNTN_CODE",
      "length" : 9
    },
    {
      "name" : "MNTN_NM",
      "type" : "esriFieldTypeString",
      "alias" : "MNTN_NM",
      "length" : 50
    },
    {
      "name" : "PMNTN_NM",
      "type" : "esriFieldTypeString",
      "alias" : "PMNTN_NM",
      "length" : 50
    },
    {
      "name" : "PMNTN_MAIN",
      "type" : "esriFieldTypeString",
      "alias" : "PMNTN_MAIN",
      "length" : 200
    },
    {
      "name" : "PMNTN_LT",
      "type" : "esriFieldTypeSingle",
      "alias" : "PMNTN_LT"
    },
    {
      "name" : "PMNTN_DFFL",
      "type" : "esriFieldTypeString",
      "alias" : "PMNTN_DFFL",
      "length" : 8
    },
    {
      "name" : "PMNTN_UPPL",
      "type" : "esriFieldTypeDouble",
      "alias" : "PMNTN_UPPL"
    },
    {
      "name" : "PMNTN_GODN",
      "type" : "esriFieldTypeDouble",
      "alias" : "PMNTN_GODN"
    },
    {
      "name" : "PMNTN_MTRQ",
      "type" : "esriFieldTypeString",
      "alias" : "PMNTN_MTRQ",
      "length" : 200
    },
    {
      "name" : "PMNTN_CNRL",
      "type" : "esriFieldTypeString",
      "alias" : "PMNTN_CNRL",
      "length" : 1
    },
    {
      "name" : "PMNTN_CLS_",
      "type" : "esriFieldTypeString",
      "alias" : "PMNTN_CLS_",
      "length" : 1
    },
    {
      "name" : "PMNTN_RISK",
      "type" : "esriFieldTypeString",
      "alias" : "PMNTN_RISK",
      "length" : 200
    },
    {
      "name" : "PMNTN_RECO",
      "type" : "esriFieldTypeString",
      "alias" : "PMNTN_RECO",
      "length" : 1
    },
    {
      "name" : "DATA_STDR_",
      "type" : "esriFieldTypeString",
      "alias" : "DATA_STDR_",
      "length" : 10
    },
    {
      "name" : "MNTN_ID",
      "type" : "esriFieldTypeString",
      "alias" : "MNTN_ID",
      "length" : 10
    }
  ],
  "features" : [
    {
      "attributes" : {
        "FID" : 0,
        "PMNTN_SN" : 13350,
        "MNTN_CODE" : "471104901",
        "MNTN_NM" : "도음산",
        "PMNTN_NM" : " ",
        "PMNTN_MAIN" : " ",
        "PMNTN_LT" : 0.61,
        "PMNTN_DFFL" : "쉬움",
        "PMNTN_UPPL" : 11,
        "PMNTN_GODN" : 8,
        "PMNTN_MTRQ" : " ",
        "PMNTN_CNRL" : " ",
        "PMNTN_CLS_" : " ",
        "PMNTN_RISK" : " ",
        "PMNTN_RECO" : " ",
        "DATA_STDR_" : "2016-12-31",
        "MNTN_ID" : "471130301"
      },
      "geometry" : {
        "paths" : [
          [
            [
              405926.29770038649,
              388839.00890002027
            ],
            [
              405945.41100038961,
              388843.88320001774
            ],
            [
              405958.91960039176,
              388848.99020002224
            ],
            [
              405966.52420039196,
              388850.26660001837
            ],
            [
              405976.13590039313,
              388845.1542000249
            ],
            [
              405986.53520039096,
              388832.2974000182
            ],
            [
              405994.33030038793,
              388824.57350002415
            ],
            [
              406011.87750039063,
              388816.13280001841
            ],
            [
              406024.66160039417,
              388809.54150002077
            ],
            [
              406036.31750039104,
              388803.04800002091
            ],
            [
              406047.1126003908,
              388801.79560002126
            ],
            [
              406063.74720038939,
              388803.40790001675
            ],
            [
              406078.72790038865,
              388804.35970002599
            ],
            [
              406092.24060039222,
              388804.01750001684
            ],
            [
              406104.30150038749,
              388803.71210001968
            ],
            [
              406111.04050039221,
              388803.3821000196
            ],
            [
              406118.00240039174,
              388802.37940002419
            ],
            [
              406125.56850038748,
              388800.72210002691
            ],
            [
              406131.04330039397,
              388799.12950002402
            ],
            [
              406135.6780003896,
              388797.23780002072
            ],
            [
              406140.32760039158,
              388794.35240001976
            ],
            [
              406142.79670039006,
              388792.04080002196
            ],
            [
              406153.03060039133,
              388786.30040001683
            ],
            [
              406169.6155003896,
              388778.65370002203
            ],
            [
              406178.50490039401,
              388775.01270002313
            ],
            [
              406193.95250039175,
              388769.34160002321
            ],
            [
              406206.65950038936,
              388767.2657000199
            ],
            [
              406232.15700038988,
              388769.30580002256
            ],
            [
              406249.08870039042,
              388768.53230002336
            ],
            [
              406269.45370039158,
              388767.60210002214
            ],
            [
              406289.67730039358,
              388766.67830001935
            ],
            [
              406308.33950039186,
              388769.63170002215
            ],
            [
              406330.56830039434,
              388770.16840002686
            ],
            [
              406341.48510038946,
              388769.51120002568
            ],
            [
              406352.7468003938,
              388770.63500002027
            ],
            [
              406360.73380039446,
              388771.44350002147
            ],
            [
              406367.56460039411,
              388774.63480001688
            ],
            [
              406374.2672003936,
              388780.64880001731
            ],
            [
              406378.59630038869,
              388790.7638000194
            ],
            [
              406380.35280039441,
              388801.77170002274
            ],
            [
              406378.68870039191,
              388813.34440002404
            ],
            [
              406378.51950038876,
              388819.12380001694
            ],
            [
              406378.68840039335,
              388825.2785000205
            ],
            [
              406379.19720039517,
              388831.87910002284
            ],
            [
              406380.00500039291,
              388838.92760002427
            ],
            [
              406380.92670039367,
              388844.58450002223
            ],
            [
              406382.08130039182,
              388849.5769000221
            ],
            [
              406383.49930038955,
              388854.00380001776
            ],
            [
              406385.63100039121,
              388858.67580001801
            ],
            [
              406388.66120038647,
              388863.62260002457
            ],
            [
              406391.52750039101,
              388867.57550002076
            ],
            [
              406398.80740039237,
              388876.79840002023
            ],
            [
              406401.93650039192,
              388881.04510002583
            ],
            [
              406404.40100039076,
              388884.86340001784
            ],
            [
              406409.58300038613,
              388893.58910001814
            ],
            [
              406411.84350038972,
              388897.03450002335
            ],
            [
              406414.85640039388,
              388900.85800002329
            ]
          ]
        ]
      }
    },
    {
      "attributes" : {
        "FID" : 1,
        "PMNTN_SN" : 13351,
        "MNTN_CODE" : "471104901",
        "MNTN_NM" : "도음산",
        "PMNTN_NM" : " ",
        "PMNTN_MAIN" : " ",
        "PMNTN_LT" : 0.54,
        "PMNTN_DFFL" : "쉬움",
        "PMNTN_UPPL" : 10,
        "PMNTN_GODN" : 7,
        "PMNTN_MTRQ" : " ",
        "PMNTN_CNRL" : " ",
        "PMNTN_CLS_" : " ",
        "PMNTN_RISK" : " ",
        "PMNTN_RECO" : " ",
        "DATA_STDR_" : "2016-12-31",
        "MNTN_ID" : "471130301"
      },
      "geometry" : {
        "paths" : [
          [
            [
              405213.61460022815,
              388945.81280001439
            ],
            [
              405216.88950022776,
              388943.19830001518
            ],
            [
              405218.045100227,
              388939.2863000147
            ],
            [
              405216.36470022704,
              388930.55900001712
            ],
            [
              405214.20440022647,
              388920.03060001507
            ],
            [
              405213.94570022821,
              388916.51550001465
            ],
            [
              405214.56760023069,
              388912.63460001536
            ],
            [
              405215.85490022972,
              388909.93800001219
            ],
            [
              405217.83650022652,
              388907.34100001678
            ],
            [
              405220.55360022839,
              388904.78900001384
            ],
            [
              405223.27840022836,
              388902.75000001118
            ],
            [
              405226.63950022683,
              388900.59700001404
            ],
            [
              405242.29920023121,
              388891.69940001704
            ],
            [
              405245.6551002264,
              388889.41310001723
            ],
            [
              405248.37740022503,
              388887.19090001471
            ],
            [
              405258.4686002247,
              388878.35230001621
            ],
            [
              405262.63440022618,
              388874.49670001492
            ],
            [
              405266.64750022627,
              388870.31420001574
            ],
            [
              405269.88750023115,
              388866.29530001245
            ],
            [
              405272.50730022416,
              388862.35790001601
            ],
            [
              405275.1037002271,
              388857.77440001257
            ],
            [
              405277.67060022615,
              388852.62220001221
            ],
            [
              405281.56450022757,
              388844.17060001753
            ],
            [
              405283.20500023011,
              388840.20990001224
            ],
            [
              405286.97550022975,
              388829.85990001261
            ],
            [
              405288.8986002272,
              388825.74360001087
            ],
            [
              405291.23860022612,
              388821.85460001417
            ],
            [
              405293.19970022887,
              388819.21320001036
            ],
            [
              405295.45720023289,
              388816.55310001224
            ],
            [
              405298.05400022399,
              388813.82320000976
            ],
            [
              405303.15290022641,
              388809.06690001674
            ],
            [
              405316.59530022647,
              388797.46280001476
            ],
            [
              405326.00730023161,
              388788.7511000149
            ],
            [
              405331.95970023237,
              388783.9421000164
            ],
            [
              405334.53110022936,
              388782.25070001557
            ],
            [
              405339.8238002276,
              388779.26170001365
            ],
            [
              405342.1338002272,
              388777.62930000946
            ],
            [
              405344.44370023068,
              388775.99690001644
            ],
            [
              405347.01720022783,
              388773.32640001364
            ],
            [
              405351.59330022801,
              388767.83520001546
            ],
            [
              405353.40410023089,
              388765.66230001301
            ],
            [
              405355.92820022907,
              388763.04650001228
            ],
            [
              405364.36770023219,
              388755.44930001348
            ],
            [
              405367.84970022738,
              388752.63710001297
            ],
            [
              405371.13150023296,
              388750.23970001377
            ],
            [
              405374.36810022965,
              388748.15430001356
            ],
            [
              405377.50690022856,
              388746.42660001293
            ],
            [
              405380.57410022803,
              388745.04220001213
            ],
            [
              405383.58410023246,
              388743.99470001459
            ],
            [
              405387.89270022605,
              388743.08650001325
            ],
            [
              405392.91350022983,
              388742.71240001358
            ],
            [
              405396.41930023022,
              388742.70960001275
            ],
            [
              405399.24390023109,
              388742.8592000138
            ],
            [
              405407.38690023497,
              388743.29040001519
            ],
            [
              405411.85460023023,
              388743.38010000996
            ],
            [
              405416.7810002286,
              388743.21580001526
            ],
            [
              405424.81780023314,
              388742.94780001231
            ],
            [
              405427.98110023234,
              388743.04230001383
            ],
            [
              405431.52100022789,
              388743.38010001369
            ],
            [
              405435.19010023493,
              388744.17810001224
            ],
            [
              405437.86930022947,
              388745.08500001766
            ],
            [
              405444.96360022761,
              388747.48630001396
            ],
            [
              405448.72920022625,
              388748.2967000138
            ],
            [
              405452.17560022697,
              388748.66310001537
            ],
            [
              405455.00390022807,
              388748.62460001186
            ],
            [
              405457.83220023103,
              388748.58610001579
            ],
            [
              405462.58390023001,
              388748.10790001601
            ],
            [
              405467.60150023177,
              388747.21490001678
            ],
            [
              405472.78750023246,
              388745.90870001353
            ],
            [
              405478.07390022837,
              388744.20410001464
            ],
            [
              405482.19540022872,
              388742.67490001582
            ],
            [
              405484.76490037516,
              388741.49250002764
            ],
            [
              405488.67660052702,
              388739.69270002283
            ],
            [
              405493.36810053606,
              388737.06120002829
            ],
            [
              405498.35560052842,
              388733.65620002896
            ],
            [
              405503.54380052909,
              388729.60620003007
            ],
            [
              405512.03050053678,
              388722.48450002819
            ],
            [
              405516.54120053165,
              388718.46910003014
            ],
            [
              405526.86500053201,
              388708.42160003632
            ],
            [
              405531.69690052886,
              388704.04730002768
            ],
            [
              405538.76590053551,
              388698.38490003347
            ],
            [
              405555.05080053676,
              388686.22450003214
            ],
            [
              405570.76550054085,
              388674.55100002512
            ],
            [
              405574.90980053507,
              388671.09930003248
            ],
            [
              405578.40470053162,
              388667.78730002791
            ],
            [
              405581.58250053506,
              388664.10490002856
            ],
            [
              405588.33550053556,
              388655.03970002756
            ],
            [
              405591.9254005393,
              388651.19370003045
            ],
            [
              405595.98890053574,
              388647.90140002966
            ],
            [
              405600.85030053463,
              388644.68600002863
            ],
            [
              405606.48240053561,
              388641.51920003071
            ]
          ]
        ]
      }
    },
    {
      "attributes" : {
        "FID" : 2,
        "PMNTN_SN" : 13352,
        "MNTN_CODE" : "471104901",
        "MNTN_NM" : "도음산",
        "PMNTN_NM" : "학천리구간",
        "PMNTN_MAIN" : " ",
        "PMNTN_LT" : 0.31,
        "PMNTN_DFFL" : "쉬움",
        "PMNTN_UPPL" : 5,
        "PMNTN_GODN" : 4,
        "PMNTN_MTRQ" : " ",
        "PMNTN_CNRL" : " ",
        "PMNTN_CLS_" : " ",
        "PMNTN_RISK" : " ",
        "PMNTN_RECO" : " ",
        "DATA_STDR_" : "2016-12-31",
        "MNTN_ID" : "471130301"
      },
      "geometry" : {
        "paths" : [
          [
            [
              405213.61460007727,
              388945.81280000508
            ],
            [
              405216.24440007657,
              388948.88180000521
            ],
            [
              405221.9738000771,
              388953.59920000657
            ],
            [
              405224.40890007559,
              388955.40880000591
            ],
            [
              405226.90920007508,
              388957.26680000499
            ],
            [
              405229.55370007828,
              388959.57960000634
            ],
            [
              405238.95440007839,
              388969.12970000319
            ],
            [
              405242.98730007652,
              388972.74930000491
            ],
            [
              405246.42010007612,
              388975.11590000428
            ],
            [
              405250.93080007564,
              388977.17480000481
            ],
            [
              405254.5076000765,
              388977.89950000308
            ],
            [
              405260.44930007868,
              388978.17580000311
            ],
            [
              405263.98540007509,
              388979.14020000584
            ],
            [
              405266.56360007916,
              388980.52700000629
            ],
            [
              405269.99780007545,
              388983.29780000634
            ],
            [
              405273.3918000767,
              388987.04740000516
            ],
            [
              405277.28070007544,
              388992.83400000632
            ],
            [
              405279.05360008031,
              388996.78060000762
            ],
            [
              405282.17910007667,
              389007.03320000321
            ],
            [
              405287.04330007732,
              389020.09040000662
            ],
            [
              405287.96980007831,
              389023.88340000436
            ],
            [
              405288.32480007689,
              389027.31420000456
            ],
            [
              405287.99900007807,
              389032.00730000436
            ],
            [
              405286.48110007867,
              389040.22030000575
            ],
            [
              405283.40820007678,
              389054.97010000609
            ],
            [
              405280.67900008149,
              389066.21420000307
            ],
            [
              405279.72080007847,
              389071.56370000541
            ],
            [
              405279.22420007642,
              389076.94170000404
            ],
            [
              405279.05840007588,
              389082.54900000803
            ],
            [
              405279.22430007532,
              389088.3523000069
            ],
            [
              405279.72080007847,
              389094.3030000031
            ],
            [
              405280.54440007824,
              389100.3822000064
            ],
            [
              405281.63830007892,
              389106.09580000304
            ],
            [
              405283.00280007534,
              389111.44480000809
            ],
            [
              405284.63740007672,
              389116.42770000733
            ],
            [
              405286.1212000763,
              389119.79940000549
            ],
            [
              405290.00750007574,
              389127.17690000497
            ],
            [
              405291.39770007692,
              389130.56300000288
            ],
            [
              405292.2462000791,
              389133.48350000568
            ],
            [
              405292.97560007684,
              389136.78880000673
            ],
            [
              405294.47060007881,
              389146.54200000688
            ],
            [
              405295.02980007697,
              389152.34490000643
            ],
            [
              405295.57350007538,
              389165.6664000079
            ],
            [
              405296.3143000761,
              389171.73960000835
            ],
            [
              405297.33530007955,
              389178.60980000533
            ],
            [
              405297.92000007629,
              389181.51180000789
            ],
            [
              405299.40960007813,
              389185.38350000605
            ],
            [
              405301.71090007573,
              389188.51470000669
            ],
            [
              405304.05040007643,
              389190.49010000378
            ],
            [
              405306.97080007754,
              389192.418700004
            ],
            [
              405311.67870007548,
              389195.09350000694
            ],
            [
              405314.89330007508,
              389196.7712000031
            ],
            [
              405318.2182000773,
              389198.25230000727
            ],
            [
              405321.65360007528,
              389199.53680000454
            ],
            [
              405325.19940007664,
              389200.62470000423
            ]
          ]
        ]
      }
    },
    {
      "attributes" : {
        "FID" : 3,
        "PMNTN_SN" : 13353,
        "MNTN_CODE" : "471104901",
        "MNTN_NM" : "도음산",
        "PMNTN_NM" : " ",
        "PMNTN_MAIN" : " ",
        "PMNTN_LT" : 0.31,
        "PMNTN_DFFL" : "쉬움",
        "PMNTN_UPPL" : 5,
        "PMNTN_GODN" : 4,
        "PMNTN_MTRQ" : " ",
        "PMNTN_CNRL" : " ",
        "PMNTN_CLS_" : " ",
        "PMNTN_RISK" : " ",
        "PMNTN_RECO" : " ",
        "DATA_STDR_" : "2016-12-31",
        "MNTN_ID" : "471130301"
      },
      "geometry" : {
        "paths" : [
          [
            [
              407054.61620008014,
              389196.93720000423
            ],
            [
              407055.51120008249,
              389200.71350000799
            ],
            [
              407054.61620008014,
              389212.91620000824
            ],
            [
              407054.42110008001,
              389216.50370000489
            ],
            [
              407053.46190008149,
              389224.97320000827
            ],
            [
              407053.20980008133,
              389228.69530000538
            ],
            [
              407053.34800008126,
              389232.47980000637
            ],
            [
              407054.00170008,
              389235.65550000407
            ],
            [
              407055.25980008021,
              389238.74390000291
            ],
            [
              407057.09780008253,
              389241.853500003
            ],
            [
              407059.50340007991,
              389244.96290000714
            ],
            [
              407062.45140008256,
              389248.03930000588
            ],
            [
              407065.94310008362,
              389251.07420000806
            ],
            [
              407069.8777000811,
              389253.97170000523
            ],
            [
              407074.15360008366,
              389256.65590000711
            ],
            [
              407078.5847000815,
              389259.00940000825
            ],
            [
              407081.85370007996,
              389260.31050000526
            ],
            [
              407085.70720008016,
              389261.31800000742
            ],
            [
              407089.60550007969,
              389261.99750000611
            ],
            [
              407099.69740008004,
              389263.37290000543
            ],
            [
              407105.01150008198,
              389264.54060000554
            ],
            [
              407109.7974000806,
              389266.04920000769
            ],
            [
              407115.07230008207,
              389267.96390000544
            ],
            [
              407133.89650008548,
              389275.60290000588
            ],
            [
              407138.78460008372,
              389277.3317000065
            ],
            [
              407149.77730008215,
              389280.7831000071
            ],
            [
              407154.17460007966,
              389282.37240000442
            ],
            [
              407159.24550008308,
              389284.6882000044
            ],
            [
              407163.3962000832,
              389287.27990000695
            ],
            [
              407167.49540008046,
              389290.49890000373
            ],
            [
              407171.29940008,
              389293.89430000633
            ],
            [
              407174.69740007818,
              389297.36650000699
            ],
            [
              407177.63760007825,
              389300.86170000583
            ],
            [
              407180.06950008031,
              389304.31420000643
            ],
            [
              407181.9960000813,
              389307.72110000812
            ],
            [
              407183.40540007968,
              389311.06140000559
            ],
            [
              407184.29180008266,
              389314.32120000571
            ],
            [
              407184.67160008103,
              389317.8749000039
            ],
            [
              407184.53280008025,
              389322.0148000028
            ],
            [
              407183.97800007928,
              389326.3746000044
            ],
            [
              407182.44810007978,
              389335.21680000424
            ],
            [
              407180.78050008137,
              389346.24250000529
            ],
            [
              407179.89170008339,
              389349.59220000543
            ],
            [
              407178.76060008258,
              389352.42490000837
            ],
            [
              407176.62020008359,
              389356.09650000371
            ],
            [
              407173.74530008249,
              389359.791000003
            ],
            [
              407170.14810007997,
              389363.49270000495
            ],
            [
              407165.85450008139,
              389367.17480000295
            ],
            [
              407163.42860008311,
              389368.77350000665
            ],
            [
              407157.32110008132,
              389372.01160000637
            ],
            [
              407154.13360008132,
              389374.71040000394
            ],
            [
              407151.93260008283,
              389378.35710000619
            ],
            [
              407150.78600008041,
              389381.84630000591
            ],
            [
              407149.99860008061,
              389386.63140000775
            ],
            [
              407148.95950007997,
              389398.00790000521
            ],
            [
              407148.03180008195,
              389402.82020000555
            ],
            [
              407144.68260008283,
              389413.98400000297
            ]
          ]
        ]
      }
    },
    {
      "attributes" : {
        "FID" : 4,
        "PMNTN_SN" : 13354,
        "MNTN_CODE" : "471104901",
        "MNTN_NM" : "도음산",
        "PMNTN_NM" : " ",
        "PMNTN_MAIN" : " ",
        "PMNTN_LT" : 0.17,
        "PMNTN_DFFL" : "쉬움",
        "PMNTN_UPPL" : 3,
        "PMNTN_GODN" : 2,
        "PMNTN_MTRQ" : " ",
        "PMNTN_CNRL" : " ",
        "PMNTN_CLS_" : " ",
        "PMNTN_RISK" : " ",
        "PMNTN_RECO" : " ",
        "DATA_STDR_" : "2016-12-31",
        "MNTN_ID" : "471130301"
      },
      "geometry" : {
        "paths" : [
          [
            [
              407211.40040008165,
              389241.41330000386
            ],
            [
              407207.46170008089,
              389241.2422000058
            ],
            [
              407196.33320008311,
              389244.2077000048
            ],
            [
              407193.21720008086,
              389244.77720000781
            ],
            [
              407188.69440008048,
              389244.70070000552
            ],
            [
              407184.70810008515,
              389243.93940000795
            ],
            [
              407180.93420008384,
              389242.84520000778
            ],
            [
              407172.06690008286,
              389239.8680000063
            ],
            [
              407167.69820008148,
              389238.72840000689
            ],
            [
              407163.64160008356,
              389238.06960000284
            ],
            [
              407152.0454000812,
              389236.72120000422
            ],
            [
              407148.5726000797,
              389235.99470000528
            ],
            [
              407144.33500008099,
              389234.46890000999
            ],
            [
              407140.50650008302,
              389232.31890000775
            ],
            [
              407137.76210008096,
              389230.30540000461
            ],
            [
              407129.80400007963,
              389223.94960000366
            ],
            [
              407125.92060008086,
              389221.5557000041
            ],
            [
              407120.7377000805,
              389219.58100000769
            ],
            [
              407109.54630008433,
              389216.94310000539
            ],
            [
              407104.79200008139,
              389214.1207000073
            ],
            [
              407098.43990008067,
              389206.88400000334
            ],
            [
              407094.43000007793,
              389205.15750000626
            ],
            [
              407084.24790008087,
              389205.71510000527
            ],
            [
              407079.4784000786,
              389204.37690000795
            ],
            [
              407069.57240008004,
              389197.75190000609
            ],
            [
              407064.43770008348,
              389196.41230000556
            ],
            [
              407061.25850008056,
              389196.23740000464
            ],
            [
              407057.98470007908,
              389196.41230000556
            ],
            [
              407054.61620008014,
              389196.93720000423
            ]
          ]
        ]
      }
    },
    {
      "attributes" : {
        "FID" : 5,
        "PMNTN_SN" : 13355,
        "MNTN_CODE" : "471104901",
        "MNTN_NM" : "도음산",
        "PMNTN_NM" : "학천리구간",
        "PMNTN_MAIN" : " ",
        "PMNTN_LT" : 0.4,
        "PMNTN_DFFL" : "쉬움",
        "PMNTN_UPPL" : 7,
        "PMNTN_GODN" : 5,
        "PMNTN_MTRQ" : " ",
        "PMNTN_CNRL" : " ",
        "PMNTN_CLS_" : " ",
        "PMNTN_RISK" : " ",
        "PMNTN_RECO" : " ",
        "DATA_STDR_" : "2016-12-31",
        "MNTN_ID" : "471130301"
      },
      "geometry" : {
        "paths" : [
          [
            [
              405158.0347000761,
              389276.83210000582
            ],
            [
              405151.60360007826,
              389275.44220000319
            ],
            [
              405143.74360007606,
              389274.26130000502
            ],
            [
              405134.62010007352,
              389274.00640000589
            ],
            [
              405131.35980007518,
              389273.41820000298
            ],
            [
              405127.45390007738,
              389271.8980000075
            ],
            [
              405124.69910007529,
              389270.37620000727
            ],
            [
              405122.35850007739,
              389268.71560000442
            ],
            [
              405119.9897000771,
              389266.20460000634
            ],
            [
              405118.41730007716,
              389262.42810000665
            ],
            [
              405118.03140007891,
              389258.77980000712
            ],
            [
              405118.40000007581,
              389253.93510000594
            ],
            [
              405120.08780007623,
              389243.90700000525
            ],
            [
              405120.54560007527,
              389239.95750000328
            ],
            [
              405121.29600007739,
              389231.14040000737
            ],
            [
              405122.36540007684,
              389222.67130000331
            ],
            [
              405123.75410007499,
              389214.54810000397
            ],
            [
              405125.46220007539,
              389206.77040000446
            ],
            [
              405128.5588000752,
              389197.83170000836
            ],
            [
              405129.08810007758,
              389194.79640000314
            ],
            [
              405128.69390007574,
              389190.92930000648
            ],
            [
              405127.45180007629,
              389187.70130000636
            ],
            [
              405125.78100007586,
              389184.65510000288
            ],
            [
              405120.4758000765,
              389176.20730000548
            ],
            [
              405114.93070007488,
              389168.27660000511
            ],
            [
              405113.64280007873,
              389164.71850000508
            ],
            [
              405113.65730007552,
              389160.95630000718
            ],
            [
              405114.40360007528,
              389157.7432000041
            ],
            [
              405115.97290007956,
              389153.78260000609
            ],
            [
              405119.78510007821,
              389145.99690000527
            ],
            [
              405121.16020007711,
              389142.85450000316
            ],
            [
              405123.51910007652,
              389137.30980000831
            ],
            [
              405130.37880007736,
              389122.57350000553
            ],
            [
              405133.97920007631,
              389114.17900000326
            ],
            [
              405135.91000007931,
              389109.05280000716
            ],
            [
              405137.84170007799,
              389102.72760000825
            ],
            [
              405139.41910007596,
              389096.26660000533
            ],
            [
              405140.62350007705,
              389089.74590000324
            ],
            [
              405141.44120007847,
              389083.24060000479
            ],
            [
              405141.6278000772,
              389077.16370000318
            ],
            [
              405140.74640007876,
              389062.70050000399
            ],
            [
              405140.82660007663,
              389056.19930000417
            ],
            [
              405141.71880007628,
              389045.64460000768
            ],
            [
              405142.75690007862,
              389038.42260000668
            ],
            [
              405144.28640007693,
              389032.1155000031
            ],
            [
              405145.25050007645,
              389029.30790000409
            ],
            [
              405146.96400007512,
              389025.54310000502
            ],
            [
              405149.12740007788,
              389021.89010000415
            ],
            [
              405156.19100007601,
              389011.94980000705
            ],
            [
              405162.27190007735,
              389002.66680000536
            ],
            [
              405165.40960007627,
              388997.20000000298
            ],
            [
              405167.50840007607,
              388992.42720000446
            ],
            [
              405171.37620007526,
              388981.18220000342
            ],
            [
              405173.39910007548,
              388976.30440000445
            ],
            [
              405176.67870007642,
              388969.40430000611
            ],
            [
              405178.76840007864,
              388965.44660000503
            ],
            [
              405180.96170007531,
              388961.96860000305
            ],
            [
              405183.2323000757,
              388959.09630000591
            ],
            [
              405186.27810007613,
              388956.00040000491
            ],
            [
              405190.36350007635,
              388952.64580000564
            ],
            [
              405193.14470007643,
              388950.69390000403
            ],
            [
              405196.75300007686,
              388948.64850000292
            ],
            [
              405201.56820007507,
              388946.41470000334
            ],
            [
              405205.61840007827,
              388945.12390000746
            ],
            [
              405209.65520007815,
              388945.20950000547
            ],
            [
              405213.61460007727,
              388945.81280000508
            ]
          ]
        ]
      }
    },
    {
      "attributes" : {
        "FID" : 6,
        "PMNTN_SN" : 13356,
        "MNTN_CODE" : "471104901",
        "MNTN_NM" : "도음산",
        "PMNTN_NM" : " ",
        "PMNTN_MAIN" : " ",
        "PMNTN_LT" : 0.43,
        "PMNTN_DFFL" : "쉬움",
        "PMNTN_UPPL" : 8,
        "PMNTN_GODN" : 5,
        "PMNTN_MTRQ" : " ",
        "PMNTN_CNRL" : " ",
        "PMNTN_CLS_" : " ",
        "PMNTN_RISK" : " ",
        "PMNTN_RECO" : " ",
        "DATA_STDR_" : "2016-12-31",
        "MNTN_ID" : "471130301"
      },
      "geometry" : {
        "paths" : [
          [
            [
              407418.44520008285,
              389347.50830000453
            ],
            [
              407420.67920008209,
              389345.77340000495
            ],
            [
              407425.01560008246,
              389341.14760000445
            ],
            [
              407433.19510008302,
              389335.21680000424
            ],
            [
              407437.56480008364,
              389331.61050000787
            ],
            [
              407440.72320007998,
              389328.51970000751
            ],
            [
              407443.34870008007,
              389324.65660000779
            ],
            [
              407445.1535000829,
              389319.42630000785
            ],
            [
              407447.25980008114,
              389315.5819000043
            ],
            [
              407449.17400008161,
              389313.0921000056
            ],
            [
              407451.63330008276,
              389310.8421000056
            ],
            [
              407454.73360008001,
              389308.84720000625
            ],
            [
              407458.4468000792,
              389307.12670000829
            ],
            [
              407463.64330008253,
              389305.57780000567
            ],
            [
              407471.84540008288,
              389303.91450000368
            ],
            [
              407473.57100008242,
              389295.63920000568
            ],
            [
              407475.16260008235,
              389291.23120000586
            ],
            [
              407480.51740008406,
              389281.74870000407
            ],
            [
              407486.27370008081,
              389271.88280000724
            ],
            [
              407488.50690008141,
              389267.6134000048
            ],
            [
              407492.68490008265,
              389259.17890000716
            ],
            [
              407491.09150008112,
              389255.29290000536
            ],
            [
              407487.88970008213,
              389253.44010000676
            ],
            [
              407483.48460008018,
              389251.97720000707
            ],
            [
              407477.66450008284,
              389251.96990000457
            ],
            [
              407469.86300008278,
              389253.61310000718
            ],
            [
              407466.99670008291,
              389254.09280000813
            ],
            [
              407457.4279000815,
              389254.76950000599
            ],
            [
              407453.9036000818,
              389255.58500000834
            ],
            [
              407450.33250008151,
              389257.36670000479
            ],
            [
              407447.75670008175,
              389259.50110000744
            ],
            [
              407445.48980007973,
              389261.8634000048
            ],
            [
              407439.95540008321,
              389268.22800000571
            ],
            [
              407432.88740008324,
              389275.22110000625
            ],
            [
              407431.2553000804,
              389278.67740000598
            ],
            [
              407430.46670008264,
              389283.60540000722
            ],
            [
              407427.08640008047,
              389284.56350000575
            ],
            [
              407420.28900008183,
              389283.59240000322
            ],
            [
              407412.86320008244,
              389282.86360000446
            ],
            [
              407402.46630008239,
              389281.13410000317
            ],
            [
              407396.16190007981,
              389279.55410000496
            ],
            [
              407391.91650008224,
              389279.57570000365
            ],
            [
              407383.98010008037,
              389282.62450000644
            ],
            [
              407378.95810008235,
              389283.26220000535
            ],
            [
              407374.59670008067,
              389282.83690000512
            ],
            [
              407370.18260008004,
              389281.88490000367
            ],
            [
              407360.67510008067,
              389279.29040000588
            ],
            [
              407355.8292000806,
              389277.89760000631
            ],
            [
              407344.79420008324,
              389274.04120000638
            ],
            [
              407339.77950007934,
              389272.53010000288
            ],
            [
              407329.08680008538,
              389270.06950000301
            ],
            [
              407318.26930008363,
              389268.22800000571
            ],
            [
              407312.35640008375,
              389267.74900000542
            ],
            [
              407297.60100007989,
              389267.52770000696
            ],
            [
              407293.56530007999,
              389267.10530000739
            ],
            [
              407289.99890008382,
              389266.38430000283
            ],
            [
              407283.74220008124,
              389264.36890000664
            ],
            [
              407275.24900008272,
              389260.85310000554
            ],
            [
              407268.18710008264,
              389257.39140000567
            ],
            [
              407251.2806000812,
              389247.94700000435
            ],
            [
              407238.97840008326,
              389241.08960000426
            ],
            [
              407235.45750008058,
              389239.60800000653
            ],
            [
              407230.83280007914,
              389238.5171000082
            ],
            [
              407226.60870008077,
              389238.09180000611
            ],
            [
              407223.7441000836,
              389238.08630000614
            ],
            [
              407220.84310008213,
              389238.28940000571
            ],
            [
              407214.93180008326,
              389239.32100000605
            ],
            [
              407211.40040008165,
              389241.41330000386
            ]
          ]
        ]
      }
    },
    {
      "attributes" : {
        "FID" : 7,
        "PMNTN_SN" : 13357,
        "MNTN_CODE" : "471104901",
        "MNTN_NM" : "도음산",
        "PMNTN_NM" : " ",
        "PMNTN_MAIN" : " ",
        "PMNTN_LT" : 0.03,
        "PMNTN_DFFL" : "쉬움",
        "PMNTN_UPPL" : 1,
        "PMNTN_GODN" : 0,
        "PMNTN_MTRQ" : " ",
        "PMNTN_CNRL" : " ",
        "PMNTN_CLS_" : " ",
        "PMNTN_RISK" : " ",
        "PMNTN_RECO" : " ",
        "DATA_STDR_" : "2016-12-31",
        "MNTN_ID" : "471130301"
      },
      "geometry" : {
        "paths" : [
          [
            [
              407418.44520008285,
              389347.50830000453
            ],
            [
              407418.02580008004,
              389351.27810000628
            ],
            [
              407418.19330008049,
              389354.58330001123
            ],
            [
              407418.94770008232,
              389357.42390000448
            ],
            [
              407420.73520008288,
              389360.21990000457
            ],
            [
              407423.30840007961,
              389361.57370000519
            ],
            [
              407430.94590008259,
              389363.71480000764
            ],
            [
              407434.81660008244,
              389367.8989000041
            ],
            [
              407437.76610008255,
              389371.24820000492
            ]
          ]
        ]
      }
    },
    {
      "attributes" : {
        "FID" : 8,
        "PMNTN_SN" : 13358,
        "MNTN_CODE" : "471104901",
        "MNTN_NM" : "도음산",
        "PMNTN_NM" : "학천리구간",
        "PMNTN_MAIN" : " ",
        "PMNTN_LT" : 0.08,
        "PMNTN_DFFL" : "쉬움",
        "PMNTN_UPPL" : 1,
        "PMNTN_GODN" : 1,
        "PMNTN_MTRQ" : " ",
        "PMNTN_CNRL" : " ",
        "PMNTN_CLS_" : " ",
        "PMNTN_RISK" : " ",
        "PMNTN_RECO" : " ",
        "DATA_STDR_" : "2016-12-31",
        "MNTN_ID" : "471130301"
      },
      "geometry" : {
        "paths" : [
          [
            [
              407437.76610008255,
              389371.24820000492
            ],
            [
              407440.93670008145,
              389369.78700000606
            ],
            [
              407444.31810008083,
              389367.73180000298
            ],
            [
              407448.1137000788,
              389366.52410000749
            ],
            [
              407451.25350007974,
              389366.40480000526
            ],
            [
              407454.88430008013,
              389366.78300000355
            ],
            [
              407461.22140008025,
              389368.08700000681
            ],
            [
              407468.03480008245,
              389370.68310000375
            ],
            [
              407471.13910007849,
              389370.51760000549
            ],
            [
              407476.66850007977,
              389366.90680000558
            ],
            [
              407479.64670008328,
              389365.8232000079
            ],
            [
              407483.99920008145,
              389366.33500000462
            ],
            [
              407490.2909000814,
              389368.59640000574
            ],
            [
              407493.71350008342,
              389369.28930000402
            ],
            [
              407497.13400008157,
              389368.70690000616
            ],
            [
              407501.32560008205,
              389366.23260000348
            ],
            [
              407505.4427000815,
              389365.65020000562
            ],
            [
              407509.12040008046,
              389368.0987000037
            ],
            [
              407507.46270008106,
              389371.42180000804
            ],
            [
              407505.1005000798,
              389373.93510000408
            ]
          ]
        ]
      }
    },
    {
      "attributes" : {
        "FID" : 9,
        "PMNTN_SN" : 13359,
        "MNTN_CODE" : "471104901",
        "MNTN_NM" : "도음산",
        "PMNTN_NM" : " ",
        "PMNTN_MAIN" : " ",
        "PMNTN_LT" : 0.21,
        "PMNTN_DFFL" : "쉬움",
        "PMNTN_UPPL" : 4,
        "PMNTN_GODN" : 3,
        "PMNTN_MTRQ" : " ",
        "PMNTN_CNRL" : " ",
        "PMNTN_CLS_" : " ",
        "PMNTN_RISK" : " ",
        "PMNTN_RECO" : " ",
        "DATA_STDR_" : "2016-12-31",
        "MNTN_ID" : "471130301"
      },
      "geometry" : {
        "paths" : [
          [
            [
              407306.31710008252,
              389389.77820000611
            ],
            [
              407302.36330008321,
              389387.73230000585
            ],
            [
              407297.85760008357,
              389386.41700000502
            ],
            [
              407288.09160008281,
              389384.64200000465
            ],
            [
              407284.46770008001,
              389383.7683000043
            ],
            [
              407273.49800008256,
              389381.20430000313
            ],
            [
              407269.71780008078,
              389380.08090000413
            ],
            [
              407261.6043000808,
              389376.99730000645
            ],
            [
              407255.8038000809,
              389374.21170000546
            ],
            [
              407253.32560008019,
              389372.71980000287
            ],
            [
              407250.18770007975,
              389370.3394000046
            ],
            [
              407247.08960007876,
              389367.09180000424
            ],
            [
              407245.65010008402,
              389364.65320000798
            ],
            [
              407241.53940007836,
              389355.45950000361
            ],
            [
              407238.03780008294,
              389352.05940000527
            ],
            [
              407228.78760008514,
              389348.29150000773
            ],
            [
              407226.20690007973,
              389346.80670000799
            ],
            [
              407222.06210007984,
              389343.10190000758
            ],
            [
              407219.36290008388,
              389339.96080000326
            ],
            [
              407217.42060008179,
              389336.91460000537
            ],
            [
              407216.09350008238,
              389333.09060000628
            ],
            [
              407215.90760008059,
              389330.09790000506
            ],
            [
              407216.86430008151,
              389321.08160000294
            ],
            [
              407217.06650008075,
              389309.48610000499
            ],
            [
              407216.80030008312,
              389305.84250000678
            ],
            [
              407215.95760008041,
              389301.63810000569
            ],
            [
              407214.80180008058,
              389298.46040000394
            ],
            [
              407210.40510008112,
              389289.87020000815
            ],
            [
              407208.62120008003,
              389284.95220000669
            ],
            [
              407208.10560008138,
              389281.34910000674
            ],
            [
              407208.08670007996,
              389278.51790000685
            ],
            [
              407208.31040008087,
              389275.31730000675
            ],
            [
              407209.25770008098,
              389268.83680000715
            ],
            [
              407212.15350008197,
              389254.00670000724
            ],
            [
              407212.60650008358,
              389250.61400000378
            ],
            [
              407212.63720008358,
              389246.51020000689
            ],
            [
              407211.40040008165,
              389241.41330000386
            ]
          ]
        ]
      }
    },
    {
      "attributes" : {
        "FID" : 10,
        "PMNTN_SN" : 13360,
        "MNTN_CODE" : "471104901",
        "MNTN_NM" : "도음산",
        "PMNTN_NM" : " ",
        "PMNTN_MAIN" : " ",
        "PMNTN_LT" : 0.17,
        "PMNTN_DFFL" : "쉬움",
        "PMNTN_UPPL" : 3,
        "PMNTN_GODN" : 2,
        "PMNTN_MTRQ" : " ",
        "PMNTN_CNRL" : " ",
        "PMNTN_CLS_" : " ",
        "PMNTN_RISK" : " ",
        "PMNTN_RECO" : " ",
        "DATA_STDR_" : "2016-12-31",
        "MNTN_ID" : "471130301"
      },
      "geometry" : {
        "paths" : [
          [
            [
              407306.31710008252,
              389389.77820000611
            ],
            [
              407308.43610008154,
              389383.15370000713
            ],
            [
              407309.2274000803,
              389375.9569000043
            ],
            [
              407310.27990008239,
              389369.01850000583
            ],
            [
              407311.45400008,
              389359.60550000519
            ],
            [
              407313.82570008282,
              389356.70920000598
            ],
            [
              407318.18880007975,
              389355.39920000359
            ],
            [
              407322.62430008221,
              389355.72780000605
            ],
            [
              407325.39360008296,
              389357.52340000495
            ],
            [
              407328.71710008476,
              389362.87270000577
            ],
            [
              407329.95920007862,
              389365.49550000764
            ],
            [
              407332.17350008339,
              389371.85850000568
            ],
            [
              407333.63370008022,
              389374.54970000684
            ],
            [
              407336.592000084,
              389378.35130000487
            ],
            [
              407340.24800008163,
              389381.11980000511
            ],
            [
              407343.57940008212,
              389380.67860000394
            ],
            [
              407347.21400008351,
              389378.01250000298
            ],
            [
              407352.68560008146,
              389372.705900006
            ],
            [
              407355.31080008019,
              389370.10560000502
            ],
            [
              407361.34010008164,
              389362.85910000466
            ],
            [
              407364.36250008084,
              389359.79980000481
            ],
            [
              407370.47980008274,
              389354.80720000714
            ],
            [
              407374.21970008314,
              389352.46460000798
            ],
            [
              407378.78250008076,
              389350.4875000082
            ],
            [
              407382.67930008378,
              389349.4744000081
            ],
            [
              407387.17020008247,
              389348.74030001089
            ],
            [
              407393.24760008138,
              389348.12290000543
            ],
            [
              407397.06820008159,
              389347.97490000725
            ],
            [
              407406.76830008253,
              389348.12290000543
            ],
            [
              407415.26760008372,
              389348.4644000046
            ],
            [
              407418.44520008285,
              389347.50830000453
            ]
          ]
        ]
      }
    },
    {
      "attributes" : {
        "FID" : 11,
        "PMNTN_SN" : 13361,
        "MNTN_CODE" : "471104901",
        "MNTN_NM" : "도음산",
        "PMNTN_NM" : "학천리구간",
        "PMNTN_MAIN" : " ",
        "PMNTN_LT" : 0.12,
        "PMNTN_DFFL" : "쉬움",
        "PMNTN_UPPL" : 2,
        "PMNTN_GODN" : 1,
        "PMNTN_MTRQ" : " ",
        "PMNTN_CNRL" : " ",
        "PMNTN_CLS_" : " ",
        "PMNTN_RISK" : " ",
        "PMNTN_RECO" : " ",
        "DATA_STDR_" : "2016-12-31",
        "MNTN_ID" : "471130301"
      },
      "geometry" : {
        "paths" : [
          [
            [
              407474.37170008384,
              389404.04930000566
            ],
            [
              407471.70640008152,
              389401.83980000764
            ],
            [
              407467.89440008067,
              389400.13500000723
            ],
            [
              407464.7048000833,
              389399.84570000321
            ],
            [
              407457.16350008268,
              389400.9764000047
            ],
            [
              407453.72280008253,
              389401.60920000449
            ],
            [
              407443.64290008321,
              389404.04930000566
            ],
            [
              407433.62240007985,
              389405.45740000717
            ],
            [
              407429.27330007963,
              389405.79130000807
            ],
            [
              407425.20560008194,
              389405.89300000481
            ],
            [
              407416.87960008346,
              389406.25280000456
            ],
            [
              407412.01340008248,
              389405.88870001212
            ],
            [
              407407.9830000829,
              389404.43700000457
            ],
            [
              407403.83640008047,
              389400.01910000481
            ],
            [
              407410.45570008084,
              389397.28900000826
            ],
            [
              407415.96940008178,
              389395.64160000719
            ],
            [
              407419.67440008186,
              389394.21610000543
            ],
            [
              407424.12790008169,
              389392.09860000387
            ],
            [
              407427.37710008305,
              389390.22810000367
            ],
            [
              407429.98280008323,
              389388.28150000796
            ],
            [
              407431.96590008214,
              389386.22660000436
            ],
            [
              407434.16320008226,
              389383.02550000511
            ],
            [
              407435.80200008489,
              389379.72230000608
            ],
            [
              407436.79690008145,
              389375.34670000337
            ],
            [
              407437.76610008255,
              389371.24820000492
            ]
          ]
        ]
      }
    },
    {
      "attributes" : {
        "FID" : 12,
        "PMNTN_SN" : 13362,
        "MNTN_CODE" : "471104901",
        "MNTN_NM" : "도음산",
        "PMNTN_NM" : " ",
        "PMNTN_MAIN" : " ",
        "PMNTN_LT" : 0.13,
        "PMNTN_DFFL" : "쉬움",
        "PMNTN_UPPL" : 2,
        "PMNTN_GODN" : 2,
        "PMNTN_MTRQ" : " ",
        "PMNTN_CNRL" : " ",
        "PMNTN_CLS_" : " ",
        "PMNTN_RISK" : " ",
        "PMNTN_RECO" : " ",
        "DATA_STDR_" : "2016-12-31",
        "MNTN_ID" : "471130301"
      },
      "geometry" : {
        "paths" : [
          [
            [
              407144.68260008283,
              389413.98400000297
            ],
            [
              407155.55170007981,
              389415.82510000654
            ],
            [
              407166.46910008136,
              389416.95540000312
            ],
            [
              407176.05230007973,
              389417.2599000074
            ],
            [
              407190.43750008475,
              389416.95540000312
            ],
            [
              407206.87900008261,
              389415.74360000342
            ],
            [
              407213.79140008148,
              389415.72630000673
            ],
            [
              407220.47850008123,
              389416.30660000816
            ],
            [
              407226.68410007935,
              389417.21410000511
            ],
            [
              407232.44070007931,
              389418.4538000077
            ],
            [
              407237.7599000819,
              389420.02830000408
            ],
            [
              407240.83690008149,
              389421.37240000628
            ],
            [
              407248.35150007997,
              389425.49540000781
            ],
            [
              407251.51430007722,
              389426.56340000592
            ],
            [
              407255.95900008082,
              389426.88280000351
            ],
            [
              407259.89540008083,
              389426.27990000322
            ],
            [
              407264.1473000804,
              389425.08510000445
            ],
            [
              407271.56160008255,
              389422.48660000414
            ]
          ]
        ]
      }
    },
    {
      "attributes" : {
        "FID" : 13,
        "PMNTN_SN" : 13363,
        "MNTN_CODE" : "471104901",
        "MNTN_NM" : "도음산",
        "PMNTN_NM" : "학천리구간",
        "PMNTN_MAIN" : " ",
        "PMNTN_LT" : 0.09,
        "PMNTN_DFFL" : "쉬움",
        "PMNTN_UPPL" : 2,
        "PMNTN_GODN" : 1,
        "PMNTN_MTRQ" : " ",
        "PMNTN_CNRL" : " ",
        "PMNTN_CLS_" : " ",
        "PMNTN_RISK" : " ",
        "PMNTN_RECO" : " ",
        "DATA_STDR_" : "2016-12-31",
        "MNTN_ID" : "471130301"
      },
      "geometry" : {
        "paths" : [
          [
            [
              407144.68260008283,
              389413.98400000297
            ],
            [
              407142.50060008001,
              389421.25740000606
            ],
            [
              407140.86960007809,
              389428.09910000302
            ],
            [
              407139.51210008189,
              389434.65380000509
            ],
            [
              407138.41840008181,
              389440.96840000711
            ],
            [
              407137.58400008082,
              389447.0696000047
            ],
            [
              407136.93160007987,
              389450.805600008
            ],
            [
              407134.70470007882,
              389460.36380000412
            ],
            [
              407134.10280008428,
              389464.89910000376
            ],
            [
              407134.34010007977,
              389468.25300000794
            ],
            [
              407135.81050008349,
              389471.59110000543
            ],
            [
              407138.2155000791,
              389473.43310000561
            ],
            [
              407144.14040007722,
              389475.99670000747
            ],
            [
              407146.65950008202,
              389479.17330000736
            ],
            [
              407147.65270008147,
              389483.40570000559
            ],
            [
              407147.441900081,
              389487.15020000376
            ],
            [
              407146.79160008393,
              389489.95060000569
            ],
            [
              407145.7591000814,
              389492.97910000756
            ],
            [
              407144.34430008102,
              389496.23570000567
            ]
          ]
        ]
      }
    },
    {
      "attributes" : {
        "FID" : 14,
        "PMNTN_SN" : 13364,
        "MNTN_CODE" : "471104901",
        "MNTN_NM" : "도음산",
        "PMNTN_NM" : " ",
        "PMNTN_MAIN" : " ",
        "PMNTN_LT" : 0.05,
        "PMNTN_DFFL" : "쉬움",
        "PMNTN_UPPL" : 1,
        "PMNTN_GODN" : 1,
        "PMNTN_MTRQ" : " ",
        "PMNTN_CNRL" : " ",
        "PMNTN_CLS_" : " ",
        "PMNTN_RISK" : " ",
        "PMNTN_RECO" : " ",
        "DATA_STDR_" : "2016-12-31",
        "MNTN_ID" : "471130301"
      },
      "geometry" : {
        "paths" : [
          [
            [
              407271.56160008255,
              389422.48660000414
            ],
            [
              407277.24920008052,
              389420.32350000367
            ],
            [
              407282.88700008392,
              389417.73250000365
            ],
            [
              407288.39470008109,
              389414.75060000084
            ],
            [
              407293.68630007934,
              389411.42420000583
            ],
            [
              407301.35800008196,
              389406.89460000396
            ],
            [
              407305.2125000814,
              389403.90040000342
            ],
            [
              407307.5958000822,
              389400.41190000437
            ],
            [
              407308.16390008107,
              389396.38210000284
            ],
            [
              407307.82160008233,
              389392.98690000735
            ],
            [
              407306.31710008252,
              389389.77820000611
            ]
          ]
        ]
      }
    },
    {
      "attributes" : {
        "FID" : 15,
        "PMNTN_SN" : 13365,
        "MNTN_CODE" : "471104901",
        "MNTN_NM" : "도음산",
        "PMNTN_NM" : "학천리구간",
        "PMNTN_MAIN" : " ",
        "PMNTN_LT" : 0.09,
        "PMNTN_DFFL" : "쉬움",
        "PMNTN_UPPL" : 2,
        "PMNTN_GODN" : 1,
        "PMNTN_MTRQ" : " ",
        "PMNTN_CNRL" : " ",
        "PMNTN_CLS_" : " ",
        "PMNTN_RISK" : " ",
        "PMNTN_RECO" : " ",
        "DATA_STDR_" : "2016-12-31",
        "MNTN_ID" : "471130301"
      },
      "geometry" : {
        "paths" : [
          [
            [
              407271.56160008255,
              389422.48660000414
            ],
            [
              407272.8000000827,
              389429.64390000515
            ],
            [
              407275.06730008405,
              389437.78490000591
            ],
            [
              407278.01640008204,
              389444.60190000571
            ],
            [
              407278.98870007973,
              389449.01830000803
            ],
            [
              407278.4766000798,
              389458.21940000728
            ],
            [
              407281.64870008267,
              389462.39880000614
            ],
            [
              407286.06690008193,
              389464.45220000483
            ],
            [
              407291.25060008187,
              389465.60150000826
            ],
            [
              407299.3245000802,
              389465.38460000604
            ],
            [
              407303.33320008218,
              389466.49630000815
            ],
            [
              407306.26420008019,
              389468.02420000546
            ],
            [
              407309.06420008373,
              389470.00010000542
            ],
            [
              407311.50900008064,
              389472.26730000414
            ],
            [
              407313.58380008209,
              389474.8456000071
            ],
            [
              407315.29980008118,
              389477.75370000675
            ],
            [
              407316.65670008212,
              389480.9914000053
            ],
            [
              407317.65480008256,
              389484.55880000815
            ]
          ]
        ]
      }
    },
    {
      "attributes" : {
        "FID" : 16,
        "PMNTN_SN" : 13366,
        "MNTN_CODE" : "471104901",
        "MNTN_NM" : "도음산",
        "PMNTN_NM" : " ",
        "PMNTN_MAIN" : " ",
        "PMNTN_LT" : 0.39,
        "PMNTN_DFFL" : "쉬움",
        "PMNTN_UPPL" : 7,
        "PMNTN_GODN" : 5,
        "PMNTN_MTRQ" : " ",
        "PMNTN_CNRL" : " ",
        "PMNTN_CLS_" : " ",
        "PMNTN_RISK" : " ",
        "PMNTN_RECO" : " ",
        "DATA_STDR_" : "2016-12-31",
        "MNTN_ID" : "471130301"
      },
      "geometry" : {
        "paths" : [
          [
            [
              405606.48240214959,
              388641.51919839159
            ],
            [
              405621.03228149004,
              388662.35009321198
            ],
            [
              405634.88817104511,
              388669.68556415103
            ],
            [
              405652.00426990446,
              388677.83608741313
            ],
            [
              405659.33974084631,
              388684.35650602914
            ],
            [
              405670.75047341827,
              388703.1027095411
            ],
            [
              405682.16120599303,
              388718.58870374784
            ],
            [
              405717.20845604129,
              388746.30048285425
            ],
            [
              405736.76971188094,
              388761.78647705913
            ],
            [
              405757.14602004737,
              388773.19720963202
            ],
            [
              405771.81696192827,
              388779.71762824804
            ],
            [
              405781.59758984763,
              388786.23804686032
            ],
            [
              405796.26853172854,
              388801.7240410652
            ],
            [
              405819.08999687806,
              388830.25087249465
            ],
            [
              405830.50072944909,
              388842.47665739618
            ],
            [
              405848.43188063987,
              388860.40780858323
            ],
            [
              405876.14365974627,
              388870.18843650073
            ],
            [
              405903.85543885175,
              388876.7088551186
            ]
          ]
        ]
      }
    },
    {
      "attributes" : {
        "FID" : 17,
        "PMNTN_SN" : 13367,
        "MNTN_CODE" : "471104901",
        "MNTN_NM" : "도음산",
        "PMNTN_NM" : " ",
        "PMNTN_MAIN" : " ",
        "PMNTN_LT" : 0.04,
        "PMNTN_DFFL" : "쉬움",
        "PMNTN_UPPL" : 1,
        "PMNTN_GODN" : 0,
        "PMNTN_MTRQ" : " ",
        "PMNTN_CNRL" : " ",
        "PMNTN_CLS_" : " ",
        "PMNTN_RISK" : " ",
        "PMNTN_RECO" : " ",
        "DATA_STDR_" : "2016-12-31",
        "MNTN_ID" : "471130301"
      },
      "geometry" : {
        "paths" : [
          [
            [
              405926.29770216998,
              388839.00889837742
            ],
            [
              405914.45111909695,
              388861.22286090814
            ],
            [
              405903.85544093978,
              388876.70885348693
            ]
          ]
        ]
      }
    },
    {
      "attributes" : {
        "FID" : 18,
        "PMNTN_SN" : 13368,
        "MNTN_CODE" : "471104901",
        "MNTN_NM" : "도음산",
        "PMNTN_NM" : " ",
        "PMNTN_MAIN" : " ",
        "PMNTN_LT" : 0.56,
        "PMNTN_DFFL" : "쉬움",
        "PMNTN_UPPL" : 10,
        "PMNTN_GODN" : 7,
        "PMNTN_MTRQ" : " ",
        "PMNTN_CNRL" : " ",
        "PMNTN_CLS_" : " ",
        "PMNTN_RISK" : " ",
        "PMNTN_RECO" : " ",
        "DATA_STDR_" : "2016-12-31",
        "MNTN_ID" : "471130301"
      },
      "geometry" : {
        "paths" : [
          [
            [
              405903.85544093978,
              388876.70885348693
            ],
            [
              405950.31342147198,
              388888.11958768591
            ],
            [
              405956.01878775842,
              388888.11958768591
            ],
            [
              405969.05962498672,
              388885.67443070747
            ],
            [
              405994.32624711469,
              388876.70885511301
            ],
            [
              406008.9971889928,
              388866.92822719179
            ],
            [
              406021.2229738934,
              388861.22286090814
            ],
            [
              406046.48959601857,
              388855.51749461889
            ],
            [
              406077.46158443484,
              388851.44223298505
            ],
            [
              406092.94757864159,
              388849.81212832965
            ],
            [
              406101.91315423604,
              388848.18202367425
            ],
            [
              406116.58409611601,
              388843.29170971923
            ],
            [
              406139.40556126181,
              388840.03150040843
            ],
            [
              406158.96681710146,
              388835.95623877458
            ],
            [
              406182.60333457869,
              388825.36055853032
            ],
            [
              406198.0893287845,
              388815.57993061282
            ],
            [
              406217.65058462601,
              388812.31972130202
            ],
            [
              406230.69142185152,
              388816.39498293586
            ],
            [
              406246.99246838503,
              388823.73045387492
            ],
            [
              406257.58814863209,
              388822.10034921952
            ],
            [
              406271.44403818529,
              388816.39498293586
            ],
            [
              406299.15581729356,
              388822.10034921952
            ],
            [
              406321.16223011166,
              388834.32613411918
            ],
            [
              406337.46327664703,
              388846.55191902071
            ],
            [
              406358.65463713929,
              388867.74327950925
            ],
            [
              406378.21589297894,
              388884.85937837139
            ],
            [
              406414.85640219785,
              388900.85799835436
            ]
          ]
        ]
      }
    },
    {
      "attributes" : {
        "FID" : 19,
        "PMNTN_SN" : 13369,
        "MNTN_CODE" : "471104901",
        "MNTN_NM" : "도음산",
        "PMNTN_NM" : " ",
        "PMNTN_MAIN" : " ",
        "PMNTN_LT" : 0.77,
        "PMNTN_DFFL" : "쉬움",
        "PMNTN_UPPL" : 14,
        "PMNTN_GODN" : 10,
        "PMNTN_MTRQ" : " ",
        "PMNTN_CNRL" : " ",
        "PMNTN_CLS_" : " ",
        "PMNTN_RISK" : " ",
        "PMNTN_RECO" : " ",
        "DATA_STDR_" : "2016-12-31",
        "MNTN_ID" : "471130301"
      },
      "geometry" : {
        "paths" : [
          [
            [
              406414.85640023649,
              388900.85800001584
            ],
            [
              406418.8952002367,
              388904.48720001243
            ],
            [
              406423.3094002353,
              388906.98380001448
            ],
            [
              406427.32330023497,
              388908.5056000147
            ],
            [
              406432.7638002336,
              388909.90390000865
            ],
            [
              406446.67060023546,
              388912.69380001538
            ],
            [
              406450.36670023575,
              388913.70710001327
            ],
            [
              406453.56090023834,
              388914.84680001251
            ],
            [
              406460.31780023035,
              388917.79020001367
            ],
            [
              406467.58130023722,
              388921.32660001516
            ],
            [
              406475.50330023654,
              388925.51540001296
            ],
            [
              406486.13340023439,
              388931.44040001743
            ],
            [
              406491.74370023701,
              388934.95570001379
            ],
            [
              406502.57360023446,
              388942.69170000963
            ],
            [
              406507.18070023693,
              388945.74810001254
            ],
            [
              406512.1751002362,
              388948.53570001572
            ],
            [
              406516.86220023502,
              388950.49220001511
            ],
            [
              406520.00290023815,
              388951.35310000926
            ],
            [
              406523.63820023369,
              388951.94620001502
            ],
            [
              406535.46910023689,
              388952.75850001536
            ],
            [
              406539.38970023952,
              388953.18990001455
            ],
            [
              406542.77790023666,
              388953.85680001415
            ],
            [
              406545.74730023555,
              388954.79430001229
            ],
            [
              406550.22500023339,
              388956.97040001489
            ],
            [
              406559.05330023449,
              388962.52200001292
            ],
            [
              406562.95540023502,
              388964.62750001624
            ],
            [
              406566.13530023582,
              388965.9834000133
            ],
            [
              406569.75080023613,
              388967.28510001674
            ],
            [
              406583.29790023528,
              388971.33660001494
            ],
            [
              406588.76760023646,
              388973.23150001653
            ],
            [
              406594.13420023769,
              388975.4504000172
            ],
            [
              406600.03650023602,
              388978.14120001346
            ],
            [
              406623.79850023612,
              388989.82510001212
            ],
            [
              406634.29190023616,
              388994.88890001737
            ],
            [
              406639.77740023844,
              388997.20000001229
            ],
            [
              406643.21910023782,
              388998.20270001329
            ],
            [
              406647.04800023604,
              388998.792200014
            ],
            [
              406651.29790023528,
              388998.97430001758
            ],
            [
              406656.04050023481,
              388998.75240001269
            ],
            [
              406660.44380023517,
              388998.25660001487
            ],
            [
              406665.44590023719,
              388997.45770001411
            ],
            [
              406682.17170024011,
              388994.07460001484
            ],
            [
              406688.07270023692,
              388993.02840001695
            ],
            [
              406693.7404002361,
              388992.35620001331
            ],
            [
              406698.49940024316,
              388992.23330001347
            ],
            [
              406702.21010023914,
              388992.62210001424
            ],
            [
              406706.40320024081,
              388993.82690001279
            ],
            [
              406709.77100024186,
              388995.88090001233
            ],
            [
              406712.35980024282,
              388998.81320001557
            ],
            [
              406714.13660024013,
              389002.6605000142
            ],
            [
              406716.82910023723,
              389011.80320000835
            ],
            [
              406719.7853002362,
              389016.00390001573
            ],
            [
              406722.49280023947,
              389018.03450001217
            ],
            [
              406725.4152002437,
              389019.68190000765
            ],
            [
              406732.82740023918,
              389023.33090001717
            ],
            [
              406736.26590023935,
              389025.47050001472
            ],
            [
              406739.69250024296,
              389028.42750001326
            ],
            [
              406745.89370024297,
              389034.90830001421
            ],
            [
              406748.47840023972,
              389037.35300001316
            ],
            [
              406751.33200024068,
              389039.4805000145
            ],
            [
              406755.20210024156,
              389041.15180001408
            ],
            [
              406760.09770024288,
              389041.89580001682
            ],
            [
              406764.38510024268,
              389041.80540001392
            ],
            [
              406770.68810024019,
              389040.86070001312
            ],
            [
              406781.74450024404,
              389038.37660001218
            ],
            [
              406791.10960024223,
              389036.23560001329
            ],
            [
              406797.76270024106,
              389034.25230001286
            ],
            [
              406803.43340023793,
              389031.91180001572
            ],
            [
              406807.04050024319,
              389029.87460001372
            ],
            [
              406810.91520023998,
              389026.7855000142
            ],
            [
              406816.73600023985,
              389020.40900001489
            ],
            [
              406819.0805002423,
              389018.58360001445
            ],
            [
              406823.41730024014,
              389016.6981000118
            ],
            [
              406827.53290024027,
              389015.78570001386
            ],
            [
              406830.62200024072,
              389015.50520001538
            ],
            [
              406833.96620024275,
              389015.47330001742
            ],
            [
              406837.51960024238,
              389015.69240001589
            ],
            [
              406841.24090024177,
              389016.16020000726
            ],
            [
              406845.04580024164,
              389016.86640001647
            ],
            [
              406848.41580023989,
              389017.90690001659
            ],
            [
              406851.99960024375,
              389019.64010001346
            ],
            [
              406855.48150024191,
              389021.79480001703
            ],
            [
              406864.72670023981,
              389028.12610001303
            ],
            [
              406867.59040024038,
              389029.77180001326
            ],
            [
              406870.24340024032,
              389031.0017000176
            ],
            [
              406876.20880024042,
              389033.03870000876
            ],
            [
              406891.13900024164,
              389037.14740001224
            ],
            [
              406901.85080024227,
              389040.24960001372
            ],
            [
              406905.91980023775,
              389042.03540001437
            ],
            [
              406911.13170024008,
              389045.62120001391
            ],
            [
              406914.88750024326,
              389049.22870001383
            ],
            [
              406918.12750024628,
              389053.25250001252
            ],
            [
              406921.02780024242,
              389058.39760001376
            ],
            [
              406922.15510023944,
              389063.04440001585
            ],
            [
              406923.28310024086,
              389074.31460001506
            ],
            [
              406924.86860024184,
              389078.66650001332
            ],
            [
              406927.6690002447,
              389082.32210001349
            ],
            [
              406930.61090024281,
              389084.91000001691
            ],
            [
              406935.08010023832,
              389087.83730001748
            ],
            [
              406944.21620023996,
              389092.86230001226
            ],
            [
              406947.78450023849,
              389094.99540001713
            ],
            [
              406951.15780023951,
              389097.39880001359
            ],
            [
              406953.8258002419,
              389099.83420001343
            ],
            [
              406956.54720024113,
              389103.03890001401
            ],
            [
              406959.26220024098,
              389106.9217000138
            ],
            [
              406966.79380024038,
              389119.86510001495
            ],
            [
              406969.35670024063,
              389123.94420001283
            ],
            [
              406971.71960024256,
              389127.19350001402
            ],
            [
              406974.1068002414,
              389129.94840001501
            ],
            [
              406978.2559002433,
              389133.87010001391
            ],
            [
              406983.29500023834,
              389137.856300015
            ],
            [
              406988.31100024097,
              389141.36230001226
            ],
            [
              406999.63150024135,
              389148.82450001314
            ],
            [
              407004.22100024298,
              389152.07320001349
            ],
            [
              407019.6804002421,
              389162.42130001262
            ],
            [
              407023.41560024023,
              389165.52860001475
            ],
            [
              407026.98660024349,
              389169.58360001631
            ],
            [
              407028.83930023946,
              389172.7429000102
            ],
            [
              407032.0785002457,
              389180.49730001576
            ],
            [
              407033.99770024326,
              389184.20700001344
            ],
            [
              407037.02610023785,
              389187.77570001408
            ],
            [
              407040.13950023986,
              389189.64460001141
            ],
            [
              407048.52130024321,
              389192.58370001242
            ],
            [
              407052.24630024098,
              389194.48370001465
            ],
            [
              407054.61620024033,
              389196.93720000982
            ]
          ]
        ]
      }
    },
    {
      "attributes" : {
        "FID" : 20,
        "PMNTN_SN" : 13370,
        "MNTN_CODE" : "471104901",
        "MNTN_NM" : "도음산",
        "PMNTN_NM" : " ",
        "PMNTN_MAIN" : " ",
        "PMNTN_LT" : 0.44,
        "PMNTN_DFFL" : "쉬움",
        "PMNTN_UPPL" : 8,
        "PMNTN_GODN" : 5,
        "PMNTN_MTRQ" : " ",
        "PMNTN_CNRL" : " ",
        "PMNTN_CLS_" : " ",
        "PMNTN_RISK" : " ",
        "PMNTN_RECO" : " ",
        "DATA_STDR_" : "2016-12-31",
        "MNTN_ID" : "471130301"
      },
      "geometry" : {
        "paths" : [
          [
            [
              405606.48240038194,
              388641.51920002326
            ],
            [
              405615.27930038236,
              388637.05850001983
            ],
            [
              405621.83460038155,
              388634.23380001821
            ],
            [
              405624.49790037982,
              388632.75640002266
            ],
            [
              405626.71060037985,
              388630.9902000241
            ],
            [
              405628.92270037998,
              388628.67470001802
            ],
            [
              405635.5603003772,
              388619.85030001774
            ],
            [
              405641.16750038322,
              388611.3444000259
            ],
            [
              405643.41120037995,
              388608.85740001872
            ],
            [
              405646.30550038256,
              388606.7571000196
            ],
            [
              405648.84320038464,
              388605.46620002016
            ],
            [
              405651.65510038193,
              388604.3631000258
            ],
            [
              405654.58330038469,
              388603.5100000184
            ],
            [
              405658.75440053549,
              388602.89650002867
            ],
            [
              405661.57980069984,
              388602.76420003735
            ],
            [
              405665.09860068653,
              388603.57450004295
            ],
            [
              405667.47990069166,
              388605.57230003364
            ],
            [
              405669.02060069703,
              388608.02520003542
            ],
            [
              405670.55370068736,
              388611.90020003542
            ],
            [
              405674.07680068444,
              388623.19780003466
            ],
            [
              405676.04540070146,
              388627.29690003954
            ],
            [
              405679.87720068917,
              388632.43150003441
            ],
            [
              405683.75000069477,
              388636.57760003395
            ],
            [
              405688.11400069296,
              388640.72430003062
            ],
            [
              405700.15920069814,
              388652.15310002863
            ],
            [
              405704.14640069474,
              388663.44580003247
            ],
            [
              405712.66210069973,
              388671.08750004135
            ],
            [
              405726.11990070343,
              388683.16380003467
            ],
            [
              405733.27820069715,
              388691.89320003055
            ],
            [
              405738.16960070468,
              388696.18580003083
            ],
            [
              405745.23020070232,
              388700.56800003909
            ],
            [
              405759.85330070276,
              388705.45630004071
            ],
            [
              405774.3209006954,
              388712.15800003521
            ],
            [
              405790.88840069622,
              388722.07190003432
            ],
            [
              405802.35400070436,
              388729.88240003958
            ],
            [
              405816.1341006998,
              388736.64450003952
            ],
            [
              405822.27060070634,
              388746.88410003111
            ],
            [
              405831.35150070488,
              388765.7091000434
            ],
            [
              405838.9726007022,
              388783.29450004175
            ],
            [
              405850.05000070576,
              388794.37270003743
            ],
            [
              405854.34930070024,
              388799.92110003345
            ],
            [
              405859.37960070465,
              388806.19550004229
            ],
            [
              405862.90910070017,
              388810.16130004078
            ],
            [
              405866.34870070033,
              388813.40790003911
            ],
            [
              405869.71370069683,
              388815.90010003559
            ],
            [
              405873.28820070345,
              388817.78670003079
            ],
            [
              405877.61480070744,
              388819.34970004112
            ],
            [
              405881.50090070069,
              388820.37560003437
            ],
            [
              405894.29680070467,
              388823.27500003576
            ],
            [
              405899.73010069784,
              388824.56860003434
            ],
            [
              405912.413000701,
              388830.56710003503
            ],
            [
              405926.29770070035,
              388839.00890003704
            ]
          ]
        ]
      }
    }
  ]
}