{
  "displayFieldName" : "",
  "fieldAliases" : {
    "FID" : "FID",
    "PMNTN_SN" : "PMNTN_SN",
    "MNTN_CODE" : "MNTN_CODE",
    "MNTN_NM" : "MNTN_NM",
    "PMNTN_NM" : "PMNTN_NM",
    "PMNTN_MAIN" : "PMNTN_MAIN",
    "PMNTN_LT" : "PMNTN_LT",
    "PMNTN_DFFL" : "PMNTN_DFFL",
    "PMNTN_UPPL" : "PMNTN_UPPL",
    "PMNTN_GODN" : "PMNTN_GODN",
    "PMNTN_MTRQ" : "PMNTN_MTRQ",
    "PMNTN_CNRL" : "PMNTN_CNRL",
    "PMNTN_CLS_" : "PMNTN_CLS_",
    "PMNTN_RISK" : "PMNTN_RISK",
    "PMNTN_RECO" : "PMNTN_RECO",
    "DATA_STDR_" : "DATA_STDR_",
    "MNTN_ID" : "MNTN_ID"
  },
  "geometryType" : "esriGeometryPolyline",
  "spatialReference" : {
    "wkt" : "PROJCS[\"PCS_ITRF2000_TM\",GEOGCS[\"GCS_ITRF_2000\",DATUM[\"D_ITRF_2000\",SPHEROID[\"GRS_1980\",6378137.0,298.257222101]],PRIMEM[\"Greenwich\",0.0],UNIT[\"Degree\",0.0174532925199433]],PROJECTION[\"Transverse_Mercator\"],PARAMETER[\"False_Easting\",200000.0],PARAMETER[\"False_Northing\",600000.0],PARAMETER[\"Central_Meridian\",127.0],PARAMETER[\"Scale_Factor\",1.0],PARAMETER[\"Latitude_Of_Origin\",38.0],UNIT[\"Meter\",1.0]]"
  },
  "fields" : [
    {
      "name" : "FID",
      "type" : "esriFieldTypeOID",
      "alias" : "FID"
    },
    {
      "name" : "PMNTN_SN",
      "type" : "esriFieldTypeDouble",
      "alias" : "PMNTN_SN"
    },
    {
      "name" : "MNTN_CODE",
      "type" : "esriFieldTypeString",
      "alias" : "MNTN_CODE",
      "length" : 9
    },
    {
      "name" : "MNTN_NM",
      "type" : "esriFieldTypeString",
      "alias" : "MNTN_NM",
      "length" : 50
    },
    {
      "name" : "PMNTN_NM",
      "type" : "esriFieldTypeString",
      "alias" : "PMNTN_NM",
      "length" : 50
    },
    {
      "name" : "PMNTN_MAIN",
      "type" : "esriFieldTypeString",
      "alias" : "PMNTN_MAIN",
      "length" : 200
    },
    {
      "name" : "PMNTN_LT",
      "type" : "esriFieldTypeSingle",
      "alias" : "PMNTN_LT"
    },
    {
      "name" : "PMNTN_DFFL",
      "type" : "esriFieldTypeString",
      "alias" : "PMNTN_DFFL",
      "length" : 8
    },
    {
      "name" : "PMNTN_UPPL",
      "type" : "esriFieldTypeDouble",
      "alias" : "PMNTN_UPPL"
    },
    {
      "name" : "PMNTN_GODN",
      "type" : "esriFieldTypeDouble",
      "alias" : "PMNTN_GODN"
    },
    {
      "name" : "PMNTN_MTRQ",
      "type" : "esriFieldTypeString",
      "alias" : "PMNTN_MTRQ",
      "length" : 200
    },
    {
      "name" : "PMNTN_CNRL",
      "type" : "esriFieldTypeString",
      "alias" : "PMNTN_CNRL",
      "length" : 1
    },
    {
      "name" : "PMNTN_CLS_",
      "type" : "esriFieldTypeString",
      "alias" : "PMNTN_CLS_",
      "length" : 1
    },
    {
      "name" : "PMNTN_RISK",
      "type" : "esriFieldTypeString",
      "alias" : "PMNTN_RISK",
      "length" : 200
    },
    {
      "name" : "PMNTN_RECO",
      "type" : "esriFieldTypeString",
      "alias" : "PMNTN_RECO",
      "length" : 1
    },
    {
      "name" : "DATA_STDR_",
      "type" : "esriFieldTypeString",
      "alias" : "DATA_STDR_",
      "length" : 10
    },
    {
      "name" : "MNTN_ID",
      "type" : "esriFieldTypeString",
      "alias" : "MNTN_ID",
      "length" : 10
    }
  ],
  "features" : [
    {
      "attributes" : {
        "FID" : 0,
        "PMNTN_SN" : 4906,
        "MNTN_CODE" : "427709601",
        "MNTN_NM" : "광대산",
        "PMNTN_NM" : "몰운리구간",
        "PMNTN_MAIN" : " ",
        "PMNTN_LT" : 2.34,
        "PMNTN_DFFL" : "쉬움",
        "PMNTN_UPPL" : 41,
        "PMNTN_GODN" : 29,
        "PMNTN_MTRQ" : " ",
        "PMNTN_CNRL" : " ",
        "PMNTN_CLS_" : " ",
        "PMNTN_RISK" : " ",
        "PMNTN_RECO" : " ",
        "DATA_STDR_" : "2016-12-31",
        "MNTN_ID" : "427701101"
      },
      "geometry" : {
        "paths" : [
          [
            [
              360699.21880000085,
              525427.32530000061
            ],
            [
              360742.8124000011,
              525427.32530000061
            ],
            [
              360753.70419999864,
              525422.3925999999
            ],
            [
              360775.69689999986,
              525413.56299999915
            ],
            [
              360791.24969999958,
              525405.52850000001
            ],
            [
              360800.33170000091,
              525397.6574000027
            ],
            [
              360828.18320000079,
              525390.3917999994
            ],
            [
              360849.98000000045,
              525393.41920000128
            ],
            [
              360869.35489999969,
              525400.68480000459
            ],
            [
              360876.62050000019,
              525412.18860000186
            ],
            [
              360882.06969999988,
              525437.01280000061
            ],
            [
              360884.31199999992,
              525447.72590000182
            ],
            [
              360886.37440000102,
              525457.57950000092
            ],
            [
              360887.78630000073,
              525461.17600000463
            ],
            [
              360892.43080000114,
              525459.56860000268
            ],
            [
              360896.08090000134,
              525456.98299999908
            ],
            [
              360902.05010000058,
              525452.75490000099
            ],
            [
              360914.76489999983,
              525443.06740000285
            ],
            [
              360929.90150000155,
              525441.25100000016
            ],
            [
              360952.90930000041,
              525452.14940000139
            ],
            [
              360968.65139999893,
              525466.0752000045
            ],
            [
              360982.78910000063,
              525488.60349999741
            ],
            [
              360988.9852,
              525509.52740000002
            ],
            [
              360989.84270000085,
              525521.17259999923
            ],
            [
              360990.91190000065,
              525527.87160000205
            ],
            [
              360998.63009999972,
              525539.02350000106
            ],
            [
              361006.9039000012,
              525543.81909999996
            ],
            [
              361015.98849999998,
              525547.30310000107
            ],
            [
              361029.19809999876,
              525547.81320000067
            ],
            [
              361052.20579999965,
              525545.39130000398
            ],
            [
              361083.69010000024,
              525538.73120000213
            ],
            [
              361128.49460000079,
              525521.17259999923
            ],
            [
              361144.23670000117,
              525520.56719999947
            ],
            [
              361183.59210000001,
              525518.14530000091
            ],
            [
              361197.51779999956,
              525518.14530000091
            ],
            [
              361218.70910000056,
              525511.48520000465
            ],
            [
              361247.7714999998,
              525495.74300000072
            ],
            [
              361274.07849999983,
              525478.56300000101
            ],
            [
              361284.70500000101,
              525470.91889999993
            ],
            [
              361294.39240000118,
              525467.28610000014
            ],
            [
              361310.74000000022,
              525452.14940000139
            ],
            [
              361323.45480000041,
              525452.14940000139
            ],
            [
              361353.72819999978,
              525447.30570000038
            ],
            [
              361360.99380000122,
              525440.04010000266
            ],
            [
              361376.13040000014,
              525432.16900000162
            ],
            [
              361402.77100000065,
              525412.79410000145
            ],
            [
              361418.51309999917,
              525396.44650000148
            ],
            [
              361430.01699999999,
              525383.12620000169
            ],
            [
              361447.5755000012,
              525367.38410000131
            ],
            [
              361464.52859999985,
              525363.75130000338
            ],
            [
              361486.32530000061,
              525370.41139999963
            ],
            [
              361508.72759999987,
              525374.64970000274
            ],
            [
              361536.57909999974,
              525383.73170000315
            ],
            [
              361554.13760000002,
              525385.54810000025
            ],
            [
              361571.69610000029,
              525398.2629000023
            ],
            [
              361592.28200000059,
              525416.42690000124
            ],
            [
              361606.20770000201,
              525441.85650000162
            ],
            [
              361628.61000000127,
              525444.88379999995
            ],
            [
              361645.56309999991,
              525466.0752000045
            ],
            [
              361667.35989999957,
              525481.81730000116
            ],
            [
              361686.12930000108,
              525504.82499999925
            ],
            [
              361699.4496000018,
              525526.01640000008
            ],
            [
              361686.12930000108,
              525541.75850000046
            ],
            [
              361681.28560000099,
              525564.76620000228
            ],
            [
              361685.52390000038,
              525586.56300000101
            ],
            [
              361695.21130000055,
              525599.88330000266
            ],
            [
              361712.76989999972,
              525599.88330000266
            ],
            [
              361725.48469999991,
              525599.88330000266
            ],
            [
              361737.441300001,
              525601.10089999996
            ],
            [
              361741.16080000065,
              525601.10089999996
            ],
            [
              361746.94660000037,
              525603.99389999732
            ],
            [
              361752.93910000008,
              525610.60620000027
            ],
            [
              361755.62540000025,
              525619.69820000045
            ],
            [
              361756.53519999981,
              525625.35239999928
            ],
            [
              361755.75800000038,
              525636.81670000032
            ],
            [
              361756.96889999975,
              525658.61350000277
            ],
            [
              361749.09779999964,
              525677.38300000131
            ],
            [
              361750.30879999977,
              525705.23450000212
            ],
            [
              361753.33610000089,
              525716.13289999776
            ],
            [
              361762.41809999943,
              525730.6641000025
            ],
            [
              361763.62900000159,
              525752.46089999937
            ],
            [
              361754.54700000025,
              525768.20299999975
            ],
            [
              361753.94160000049,
              525779.10140000097
            ],
            [
              361763.44199999887,
              525792.29130000249
            ],
            [
              361776.3124000011,
              525831.34970000014
            ],
            [
              361779.50790000055,
              525847.16699999943
            ],
            [
              361781.43879999965,
              525856.72450000048
            ],
            [
              361785.41050000023,
              525862.60040000267
            ],
            [
              361789.27720000129,
              525868.10400000401
            ],
            [
              361794.50779999979,
              525871.1323000025
            ],
            [
              361801.10470000096,
              525881.76280000061
            ],
            [
              361809.49590000045,
              525892.55140000023
            ],
            [
              361818.48640000075,
              525898.54510000162
            ],
            [
              361827.73330000136,
              525903.43329999968
            ],
            [
              361840.66290000081,
              525908.13499999978
            ],
            [
              361849.85599999968,
              525908.42220000178
            ],
            [
              361859.84269999992,
              525908.73430000246
            ],
            [
              361873.02870000061,
              525909.93310000375
            ],
            [
              361877.8236999996,
              525911.13179999962
            ],
            [
              361885.57210000046,
              525914.78880000114
            ],
            [
              361895.67320000101,
              525932.03029999882
            ],
            [
              361899.61820000131,
              526005.61030000076
            ],
            [
              361899.40089999977,
              526039.99560000375
            ],
            [
              361903.59640000109,
              526062.77160000242
            ],
            [
              361913.18630000018,
              526078.355100004
            ],
            [
              361924.57430000044,
              526088.54430000111
            ],
            [
              361935.96220000181,
              526096.9355000034
            ],
            [
              361953.34389999975,
              526104.1278999988
            ],
            [
              361961.13560000062,
              526104.72719999962
            ],
            [
              361971.32490000129,
              526104.72719999962
            ],
            [
              361984.15350000095,
              526103.38010000251
            ],
            [
              361999.24650000129,
              526088.50109999999
            ],
            [
              362008.85480000079,
              526087.12849999964
            ],
            [
              362022.11150000058,
              526087.73460000008
            ],
            [
              362044.80840000045,
              526103.877700001
            ],
            [
              362084.52630000096,
              526119.97910000011
            ],
            [
              362108.2639000006,
              526124.80350000225
            ],
            [
              362148.32610000204,
              526116.54059999995
            ],
            [
              362183.21740000136,
              526117.55719999969
            ],
            [
              362282.75210000016,
              526129.69590000436
            ]
          ]
        ]
      }
    },
    {
      "attributes" : {
        "FID" : 1,
        "PMNTN_SN" : 4907,
        "MNTN_CODE" : "427709601",
        "MNTN_NM" : "광대산",
        "PMNTN_NM" : "몰운리구간",
        "PMNTN_MAIN" : " ",
        "PMNTN_LT" : 0.75,
        "PMNTN_DFFL" : "쉬움",
        "PMNTN_UPPL" : 13,
        "PMNTN_GODN" : 9,
        "PMNTN_MTRQ" : " ",
        "PMNTN_CNRL" : " ",
        "PMNTN_CLS_" : " ",
        "PMNTN_RISK" : " ",
        "PMNTN_RECO" : " ",
        "DATA_STDR_" : "2016-12-31",
        "MNTN_ID" : "427701101"
      },
      "geometry" : {
        "paths" : [
          [
            [
              362282.75210000016,
              526129.69590000436
            ],
            [
              362220.31900000013,
              526092.48640000261
            ],
            [
              362197.35620000027,
              526043.69030000083
            ],
            [
              362201.66170000006,
              526010.68120000139
            ],
            [
              362160.04150000121,
              525933.18139999919
            ],
            [
              362131.33789999969,
              525894.43160000071
            ],
            [
              362145.68969999906,
              525816.93180000409
            ],
            [
              362125.59719999973,
              525710.728500003
            ],
            [
              362114.1157000009,
              525654.75650000013
            ],
            [
              362101.19910000078,
              525624.61770000122
            ],
            [
              362082.54180000164,
              525574.38640000299
            ],
            [
              362082.54180000164,
              525552.85870000347
            ],
            [
              362081.10659999959,
              525450.96090000123
            ]
          ]
        ]
      }
    },
    {
      "attributes" : {
        "FID" : 2,
        "PMNTN_SN" : 4908,
        "MNTN_CODE" : "427709601",
        "MNTN_NM" : "광대산",
        "PMNTN_NM" : " ",
        "PMNTN_MAIN" : " ",
        "PMNTN_LT" : 0.65,
        "PMNTN_DFFL" : "쉬움",
        "PMNTN_UPPL" : 11,
        "PMNTN_GODN" : 8,
        "PMNTN_MTRQ" : " ",
        "PMNTN_CNRL" : " ",
        "PMNTN_CLS_" : " ",
        "PMNTN_RISK" : " ",
        "PMNTN_RECO" : " ",
        "DATA_STDR_" : "2016-12-31",
        "MNTN_ID" : "427701101"
      },
      "geometry" : {
        "paths" : [
          [
            [
              362282.75210000016,
              526129.69590000436
            ],
            [
              362393.97580000106,
              526049.43099999987
            ],
            [
              362429.85529999994,
              526029.33850000054
            ],
            [
              362429.85529999994,
              525983.41270000301
            ],
            [
              362414.06840000115,
              525933.18139999919
            ],
            [
              362405.45729999989,
              525845.6353999991
            ],
            [
              362408.27730000019,
              525838.86739999987
            ],
            [
              362412.95430000126,
              525833.95309999958
            ],
            [
              362415.02749999985,
              525828.04500000179
            ],
            [
              362417.23340000119,
              525821.75879999995
            ],
            [
              362418.76290000137,
              525814.76620000228
            ],
            [
              362419.44710000046,
              525806.97990000248
            ],
            [
              362420.47640000191,
              525799.76010000147
            ],
            [
              362422.86780000106,
              525794.54150000028
            ],
            [
              362427.25239999965,
              525789.42329999991
            ],
            [
              362481.52180000022,
              525748.04320000112
            ],
            [
              362492.28320000041,
              525744.41120000184
            ],
            [
              362497.85769999959,
              525739.87670000084
            ],
            [
              362503.99230000004,
              525733.7976000011
            ],
            [
              362507.7462000018,
              525727.55800000019
            ],
            [
              362512.65000000224,
              525718.54140000232
            ],
            [
              362516.41190000065,
              525710.49320000224
            ],
            [
              362520.61760000046,
              525701.12900000252
            ],
            [
              362526.84179999959,
              525691.17080000415
            ],
            [
              362529.90519999992,
              525682.8359999992
            ],
            [
              362529.21669999883,
              525675.46840000153
            ],
            [
              362529.2602000013,
              525664.67730000056
            ],
            [
              362529.64589999989,
              525657.26259999909
            ],
            [
              362529.13360000029,
              525649.19299999811
            ],
            [
              362533.12530000228,
              525639.38660000078
            ],
            [
              362536.04380000103,
              525632.21680000052
            ],
            [
              362541.0681999987,
              525629.52900000103
            ],
            [
              362558.24610000104,
              525631.50489999726
            ]
          ]
        ]
      }
    }
  ]
}