{
  "displayFieldName" : "",
  "fieldAliases" : {
    "FID" : "FID",
    "PMNTN_SN" : "PMNTN_SN",
    "MNTN_CODE" : "MNTN_CODE",
    "MNTN_NM" : "MNTN_NM",
    "PMNTN_NM" : "PMNTN_NM",
    "PMNTN_MAIN" : "PMNTN_MAIN",
    "PMNTN_LT" : "PMNTN_LT",
    "PMNTN_DFFL" : "PMNTN_DFFL",
    "PMNTN_UPPL" : "PMNTN_UPPL",
    "PMNTN_GODN" : "PMNTN_GODN",
    "PMNTN_MTRQ" : "PMNTN_MTRQ",
    "PMNTN_CNRL" : "PMNTN_CNRL",
    "PMNTN_CLS_" : "PMNTN_CLS_",
    "PMNTN_RISK" : "PMNTN_RISK",
    "PMNTN_RECO" : "PMNTN_RECO",
    "DATA_STDR_" : "DATA_STDR_",
    "MNTN_ID" : "MNTN_ID"
  },
  "geometryType" : "esriGeometryPolyline",
  "spatialReference" : {
    "wkt" : "PROJCS[\"PCS_ITRF2000_TM\",GEOGCS[\"GCS_ITRF_2000\",DATUM[\"D_ITRF_2000\",SPHEROID[\"GRS_1980\",6378137.0,298.257222101]],PRIMEM[\"Greenwich\",0.0],UNIT[\"Degree\",0.0174532925199433]],PROJECTION[\"Transverse_Mercator\"],PARAMETER[\"False_Easting\",200000.0],PARAMETER[\"False_Northing\",600000.0],PARAMETER[\"Central_Meridian\",127.0],PARAMETER[\"Scale_Factor\",1.0],PARAMETER[\"Latitude_Of_Origin\",38.0],UNIT[\"Meter\",1.0]]"
  },
  "fields" : [
    {
      "name" : "FID",
      "type" : "esriFieldTypeOID",
      "alias" : "FID"
    },
    {
      "name" : "PMNTN_SN",
      "type" : "esriFieldTypeDouble",
      "alias" : "PMNTN_SN"
    },
    {
      "name" : "MNTN_CODE",
      "type" : "esriFieldTypeString",
      "alias" : "MNTN_CODE",
      "length" : 9
    },
    {
      "name" : "MNTN_NM",
      "type" : "esriFieldTypeString",
      "alias" : "MNTN_NM",
      "length" : 50
    },
    {
      "name" : "PMNTN_NM",
      "type" : "esriFieldTypeString",
      "alias" : "PMNTN_NM",
      "length" : 50
    },
    {
      "name" : "PMNTN_MAIN",
      "type" : "esriFieldTypeString",
      "alias" : "PMNTN_MAIN",
      "length" : 200
    },
    {
      "name" : "PMNTN_LT",
      "type" : "esriFieldTypeSingle",
      "alias" : "PMNTN_LT"
    },
    {
      "name" : "PMNTN_DFFL",
      "type" : "esriFieldTypeString",
      "alias" : "PMNTN_DFFL",
      "length" : 8
    },
    {
      "name" : "PMNTN_UPPL",
      "type" : "esriFieldTypeDouble",
      "alias" : "PMNTN_UPPL"
    },
    {
      "name" : "PMNTN_GODN",
      "type" : "esriFieldTypeDouble",
      "alias" : "PMNTN_GODN"
    },
    {
      "name" : "PMNTN_MTRQ",
      "type" : "esriFieldTypeString",
      "alias" : "PMNTN_MTRQ",
      "length" : 200
    },
    {
      "name" : "PMNTN_CNRL",
      "type" : "esriFieldTypeString",
      "alias" : "PMNTN_CNRL",
      "length" : 1
    },
    {
      "name" : "PMNTN_CLS_",
      "type" : "esriFieldTypeString",
      "alias" : "PMNTN_CLS_",
      "length" : 1
    },
    {
      "name" : "PMNTN_RISK",
      "type" : "esriFieldTypeString",
      "alias" : "PMNTN_RISK",
      "length" : 200
    },
    {
      "name" : "PMNTN_RECO",
      "type" : "esriFieldTypeString",
      "alias" : "PMNTN_RECO",
      "length" : 1
    },
    {
      "name" : "DATA_STDR_",
      "type" : "esriFieldTypeString",
      "alias" : "DATA_STDR_",
      "length" : 10
    },
    {
      "name" : "MNTN_ID",
      "type" : "esriFieldTypeString",
      "alias" : "MNTN_ID",
      "length" : 10
    }
  ],
  "features" : [
    {
      "attributes" : {
        "FID" : 0,
        "PMNTN_SN" : 51242,
        "MNTN_CODE" : "428204304",
        "MNTN_NM" : "탑현골",
        "PMNTN_NM" : "고성군 간성읍 탑현리구간",
        "PMNTN_MAIN" : "탑현교/작은폭포",
        "PMNTN_LT" : 1.14,
        "PMNTN_DFFL" : "쉬움",
        "PMNTN_UPPL" : 20,
        "PMNTN_GODN" : 14,
        "PMNTN_MTRQ" : "토사",
        "PMNTN_CNRL" : " ",
        "PMNTN_CLS_" : " ",
        "PMNTN_RISK" : "소로길의 노선침하나 작은계곡을 거널때 미끄럼주의",
        "PMNTN_RECO" : " ",
        "DATA_STDR_" : "2016-12-31",
        "MNTN_ID" : "428204304"
      },
      "geometry" : {
        "paths" : [
          [
            [
              321129.4465000052,
              644427.61360000446
            ],
            [
              321129.53540000413,
              644427.54980000108
            ],
            [
              321129.39550000243,
              644427.59420000203
            ],
            [
              321125.08980000298,
              644429.36160000041
            ],
            [
              321122.42710000277,
              644431.2126000002
            ],
            [
              321115.61830000114,
              644428.51330000162
            ],
            [
              321113.91950000264,
              644427.50130000152
            ],
            [
              321106.40610000025,
              644425.43390000239
            ],
            [
              321083.90190000273,
              644419.2509000022
            ],
            [
              321081.96120000351,
              644421.66019999981
            ],
            [
              321079.19250000175,
              644427.0260000024
            ],
            [
              321071.41270000488,
              644448.52910000458
            ],
            [
              321068.95850000251,
              644464.15589999966
            ],
            [
              321068.22960000578,
              644476.1043999996
            ],
            [
              321073.12780000176,
              644489.40320000239
            ],
            [
              321076.20040000323,
              644491.1246000044
            ],
            [
              321074.75960000418,
              644497.80399999954
            ],
            [
              321074.64150000457,
              644516.38830000162
            ],
            [
              321071.264600005,
              644522.74070000276
            ],
            [
              321064.35650000256,
              644538.88680000231
            ],
            [
              321062.79220000282,
              644545.99250000156
            ],
            [
              321059.67140000314,
              644551.87410000153
            ],
            [
              321045.59650000371,
              644567.7452000007
            ],
            [
              321036.14320000354,
              644589.0185000021
            ],
            [
              321025.16090000235,
              644602.84190000035
            ],
            [
              321011.30400000233,
              644616.90140000172
            ],
            [
              320990.87880000286,
              644639.12690000236
            ],
            [
              320985.30180000234,
              644651.03060000017
            ],
            [
              320978.70070000272,
              644650.16820000112
            ],
            [
              320976.88430000376,
              644649.18229999952
            ],
            [
              320965.54320000205,
              644643.00909999944
            ],
            [
              320961.63680000417,
              644644.63500000164
            ],
            [
              320959.89220000245,
              644646.19099999964
            ],
            [
              320952.07970000245,
              644649.41489999928
            ],
            [
              320948.72490000352,
              644656.74499999918
            ],
            [
              320935.04710000288,
              644658.3917999994
            ],
            [
              320930.23620000202,
              644659.76219999976
            ],
            [
              320926.81170000229,
              644664.42010000162
            ],
            [
              320923.78470000252,
              644660.15860000066
            ],
            [
              320921.37100000493,
              644654.55680000409
            ],
            [
              320917.59310000483,
              644663.23930000328
            ],
            [
              320915.9914000053,
              644675.28649999946
            ],
            [
              320912.4300000025,
              644683.69299999997
            ],
            [
              320915.30570000224,
              644689.73929999955
            ],
            [
              320912.21410000324,
              644694.66280000471
            ],
            [
              320906.2050999999,
              644696.80620000139
            ],
            [
              320901.60260000173,
              644703.81980000064
            ],
            [
              320900.94480000529,
              644710.0735000018
            ],
            [
              320900.58870000206,
              644713.29770000279
            ],
            [
              320898.80550000165,
              644714.49939999916
            ],
            [
              320898.29990000371,
              644726.22790000029
            ],
            [
              320893.1400000006,
              644728.89610000141
            ],
            [
              320888.56920000352,
              644733.31340000033
            ],
            [
              320883.5764000034,
              644731.6843000073
            ],
            [
              320880.1129999999,
              644724.27990000136
            ],
            [
              320874.3328000037,
              644731.19200000167
            ],
            [
              320871.4074000027,
              644736.76009999961
            ],
            [
              320864.92450000346,
              644742.666000003
            ],
            [
              320861.30310000293,
              644743.36550000124
            ],
            [
              320856.58670000173,
              644747.23150000349
            ],
            [
              320845.99680000357,
              644750.55360000208
            ],
            [
              320842.14580000006,
              644750.44000000134
            ],
            [
              320831.87540000211,
              644747.12150000036
            ],
            [
              320823.88570000324,
              644743.61400000192
            ],
            [
              320819.91930000391,
              644740.44610000029
            ],
            [
              320820.53589999955,
              644736.93720000051
            ],
            [
              320818.11020000279,
              644732.82980000228
            ],
            [
              320814.04960000236,
              644732.32610000111
            ],
            [
              320811.47490000352,
              644730.13760000095
            ],
            [
              320809.08970000315,
              644728.50110000186
            ],
            [
              320806.92710000277,
              644725.69519999996
            ],
            [
              320797.17250000313,
              644718.25229999982
            ],
            [
              320788.06370000169,
              644716.58929999918
            ],
            [
              320782.62660000287,
              644718.21099999733
            ],
            [
              320777.50370000396,
              644719.88389999978
            ],
            [
              320763.96810000204,
              644722.31489999779
            ],
            [
              320756.81470000278,
              644720.59380000271
            ],
            [
              320752.34570000228,
              644725.13760000281
            ],
            [
              320747.42460000329,
              644729.32939999923
            ],
            [
              320745.71190000232,
              644736.71850000322
            ],
            [
              320742.27140000183,
              644747.34190000035
            ],
            [
              320738.75450000167,
              644752.30560000427
            ],
            [
              320743.89330000523,
              644753.5094000008
            ],
            [
              320748.42690000217,
              644756.20830000006
            ],
            [
              320750.84650000278,
              644757.93930000067
            ],
            [
              320750.06100000348,
              644762.83730000071
            ],
            [
              320746.73880000412,
              644764.97120000236
            ],
            [
              320743.25760000292,
              644766.09170000069
            ],
            [
              320738.59780000243,
              644766.18009999953
            ],
            [
              320738.36450000294,
              644766.11140000448
            ],
            [
              320733.56930000521,
              644763.50800000131
            ],
            [
              320719.72850000579,
              644760.40619999915
            ],
            [
              320715.33430000674,
              644758.90709999762
            ],
            [
              320713.11400000192,
              644760.93060000055
            ],
            [
              320704.33060000185,
              644760.04519999959
            ],
            [
              320690.82510000281,
              644759.00530000031
            ],
            [
              320684.73920000624,
              644755.53570000082
            ],
            [
              320680.88920000382,
              644753.88660000265
            ],
            [
              320672.59210000187,
              644755.25139999948
            ],
            [
              320672.36740000173,
              644755.08980000392
            ],
            [
              320670.81020000391,
              644754.89900000207
            ],
            [
              320663.57770000398,
              644755.60040000081
            ],
            [
              320659.90100000147,
              644754.61470000073
            ],
            [
              320656.46710000187,
              644752.13670000248
            ],
            [
              320655.36290000286,
              644748.53440000117
            ],
            [
              320643.56800000556,
              644743.31340000033
            ],
            [
              320639.21100000385,
              644741.29370000213
            ],
            [
              320626.53330000211,
              644743.17930000275
            ],
            [
              320614.79960000515,
              644746.10289999843
            ],
            [
              320607.5091000041,
              644738.44590000249
            ],
            [
              320601.11460000463,
              644732.58920000121
            ],
            [
              320597.24190000631,
              644738.82260000519
            ],
            [
              320588.64080000389,
              644734.56170000136
            ],
            [
              320589.57810000144,
              644732.61189999804
            ],
            [
              320586.47470000014,
              644729.5314000044
            ],
            [
              320579.07780000195,
              644718.70840000361
            ],
            [
              320581.73660000414,
              644717.72440000065
            ],
            [
              320580.21490000375,
              644710.75870000012
            ],
            [
              320582.20730000362,
              644705.36260000058
            ],
            [
              320579.31390000321,
              644701.92860000022
            ],
            [
              320574.08010000363,
              644700.3730000034
            ],
            [
              320571.63020000234,
              644701.8702000007
            ],
            [
              320567.62050000392,
              644702.93960000016
            ],
            [
              320563.8673000047,
              644695.03659999743
            ],
            [
              320556.53110000212,
              644684.55890000053
            ],
            [
              320550.25580000132,
              644673.65970000066
            ],
            [
              320547.12920000218,
              644669.1921000015
            ],
            [
              320541.9288000036,
              644661.84549999982
            ],
            [
              320542.64630000293,
              644656.97010000236
            ],
            [
              320540.89860000182,
              644652.85830000229
            ],
            [
              320531.79810000304,
              644646.23520000093
            ],
            [
              320525.93910000194,
              644638.84160000458
            ],
            [
              320524.60680000391,
              644637.80710000359
            ],
            [
              320517.08600000571,
              644629.86759999953
            ],
            [
              320509.64160000347,
              644623.18549999967
            ],
            [
              320504.26010000333,
              644620.60149999894
            ],
            [
              320494.08740000054,
              644616.11230000295
            ],
            [
              320493.46060000267,
              644609.53219999932
            ],
            [
              320489.07650000229,
              644604.4130000025
            ],
            [
              320482.17390000354,
              644603.12780000083
            ],
            [
              320478.66910000239,
              644599.93890000135
            ],
            [
              320476.32700000145,
              644600.85170000233
            ],
            [
              320476.2125000041,
              644597.54300000332
            ],
            [
              320478.02620000206,
              644591.99060000293
            ],
            [
              320476.11910000164,
              644588.25789999962
            ],
            [
              320470.84430000558,
              644580.97540000081
            ],
            [
              320466.13000000454,
              644573.93400000222
            ],
            [
              320461.82130000275,
              644568.6577999983
            ],
            [
              320461.31010000221,
              644566.10930000246
            ],
            [
              320456.83370000217,
              644561.27720000036
            ]
          ]
        ]
      }
    }
  ]
}