{
  "displayFieldName" : "",
  "fieldAliases" : {
    "FID" : "FID",
    "PMNTN_SPOT" : "PMNTN_SPOT",
    "MNTN_CODE" : "MNTN_CODE",
    "MANAGE_SP1" : "MANAGE_SP1",
    "MANAGE_SP2" : "MANAGE_SP2",
    "DETAIL_SPO" : "DETAIL_SPO",
    "ETC_MATTER" : "ETC_MATTER",
    "MNTN_NM" : "MNTN_NM",
    "PAST_SPOT_" : "PAST_SPOT_",
    "MNTN_ID" : "MNTN_ID"
  },
  "geometryType" : "esriGeometryPoint",
  "spatialReference" : {
    "wkt" : "PROJCS[\"PCS_ITRF2000_TM\",GEOGCS[\"GCS_ITRF_2000\",DATUM[\"D_ITRF_2000\",SPHEROID[\"GRS_1980\",6378137.0,298.257222101]],PRIMEM[\"Greenwich\",0.0],UNIT[\"Degree\",0.0174532925199433]],PROJECTION[\"Transverse_Mercator\"],PARAMETER[\"False_Easting\",200000.0],PARAMETER[\"False_Northing\",600000.0],PARAMETER[\"Central_Meridian\",127.0],PARAMETER[\"Scale_Factor\",1.0],PARAMETER[\"Latitude_Of_Origin\",38.0],UNIT[\"Meter\",1.0]]"
  },
  "fields" : [
    {
      "name" : "FID",
      "type" : "esriFieldTypeOID",
      "alias" : "FID"
    },
    {
      "name" : "PMNTN_SPOT",
      "type" : "esriFieldTypeDouble",
      "alias" : "PMNTN_SPOT"
    },
    {
      "name" : "MNTN_CODE",
      "type" : "esriFieldTypeString",
      "alias" : "MNTN_CODE",
      "length" : 9
    },
    {
      "name" : "MANAGE_SP1",
      "type" : "esriFieldTypeString",
      "alias" : "MANAGE_SP1",
      "length" : 2
    },
    {
      "name" : "MANAGE_SP2",
      "type" : "esriFieldTypeString",
      "alias" : "MANAGE_SP2",
      "length" : 50
    },
    {
      "name" : "DETAIL_SPO",
      "type" : "esriFieldTypeString",
      "alias" : "DETAIL_SPO",
      "length" : 200
    },
    {
      "name" : "ETC_MATTER",
      "type" : "esriFieldTypeString",
      "alias" : "ETC_MATTER",
      "length" : 200
    },
    {
      "name" : "MNTN_NM",
      "type" : "esriFieldTypeString",
      "alias" : "MNTN_NM",
      "length" : 50
    },
    {
      "name" : "PAST_SPOT_",
      "type" : "esriFieldTypeString",
      "alias" : "PAST_SPOT_",
      "length" : 14
    },
    {
      "name" : "MNTN_ID",
      "type" : "esriFieldTypeString",
      "alias" : "MNTN_ID",
      "length" : 10
    }
  ],
  "features" : [
    {
      "attributes" : {
        "FID" : 0,
        "PMNTN_SPOT" : 56069,
        "MNTN_CODE" : "472503101",
        "MANAGE_SP1" : "01",
        "MANAGE_SP2" : "시종점",
        "DETAIL_SPO" : "서곡동마을",
        "ETC_MATTER" : " ",
        "MNTN_NM" : "식산",
        "PAST_SPOT_" : "4725031010001",
        "MNTN_ID" : "472503101"
      },
      "geometry" : {
        "x" : 305811.74300000165,
        "y" : 423524.74680000357
      }
    },
    {
      "attributes" : {
        "FID" : 1,
        "PMNTN_SPOT" : 56070,
        "MNTN_CODE" : "472503101",
        "MANAGE_SP1" : "99",
        "MANAGE_SP2" : "기타",
        "DETAIL_SPO" : "동해사",
        "ETC_MATTER" : " ",
        "MNTN_NM" : "식산",
        "PAST_SPOT_" : "4725031010002",
        "MNTN_ID" : "472503101"
      },
      "geometry" : {
        "x" : 307130.94310000073,
        "y" : 423602.13119999878
      }
    },
    {
      "attributes" : {
        "FID" : 2,
        "PMNTN_SPOT" : 56071,
        "MNTN_CODE" : "472503101",
        "MANAGE_SP1" : "99",
        "MANAGE_SP2" : "기타",
        "DETAIL_SPO" : "식산",
        "ETC_MATTER" : " ",
        "MNTN_NM" : "식산",
        "PAST_SPOT_" : "4725031010003",
        "MNTN_ID" : "472503101"
      },
      "geometry" : {
        "x" : 308014.45960000064,
        "y" : 422873.44220000133
      }
    },
    {
      "attributes" : {
        "FID" : 3,
        "PMNTN_SPOT" : 56072,
        "MNTN_CODE" : "472503101",
        "MANAGE_SP1" : "01",
        "MANAGE_SP2" : "시종점",
        "DETAIL_SPO" : "바위",
        "ETC_MATTER" : " ",
        "MNTN_NM" : "식산",
        "PAST_SPOT_" : "4725031010004",
        "MNTN_ID" : "472503101"
      },
      "geometry" : {
        "x" : 308057.20730000082,
        "y" : 422885.02659999952
      }
    },
    {
      "attributes" : {
        "FID" : 4,
        "PMNTN_SPOT" : 56073,
        "MNTN_CODE" : "472503101",
        "MANAGE_SP1" : "99",
        "MANAGE_SP2" : "기타",
        "DETAIL_SPO" : "백원산삼각점",
        "ETC_MATTER" : " ",
        "MNTN_NM" : "식산",
        "PAST_SPOT_" : "4725031010005",
        "MNTN_ID" : "472503101"
      },
      "geometry" : {
        "x" : 307446.06070000026,
        "y" : 421651.54130000062
      }
    },
    {
      "attributes" : {
        "FID" : 5,
        "PMNTN_SPOT" : 56074,
        "MNTN_CODE" : "472503101",
        "MANAGE_SP1" : "99",
        "MANAGE_SP2" : "기타",
        "DETAIL_SPO" : "석조귀부",
        "ETC_MATTER" : " ",
        "MNTN_NM" : "식산",
        "PAST_SPOT_" : "4725031010006",
        "MNTN_ID" : "472503101"
      },
      "geometry" : {
        "x" : 306635.33070000168,
        "y" : 420336.6381000001
      }
    },
    {
      "attributes" : {
        "FID" : 6,
        "PMNTN_SPOT" : 56075,
        "MNTN_CODE" : "472503101",
        "MANAGE_SP1" : "01",
        "MANAGE_SP2" : "시종점",
        "DETAIL_SPO" : "허브가든",
        "ETC_MATTER" : " ",
        "MNTN_NM" : "식산",
        "PAST_SPOT_" : "4725031010007",
        "MNTN_ID" : "472503101"
      },
      "geometry" : {
        "x" : 306551.9944000002,
        "y" : 420272.62340000458
      }
    },
    {
      "attributes" : {
        "FID" : 7,
        "PMNTN_SPOT" : 56076,
        "MNTN_CODE" : "472503101",
        "MANAGE_SP1" : "01",
        "MANAGE_SP2" : "시종점",
        "DETAIL_SPO" : "시종점",
        "ETC_MATTER" : " ",
        "MNTN_NM" : "식산",
        "PAST_SPOT_" : "4725031010008",
        "MNTN_ID" : "472503101"
      },
      "geometry" : {
        "x" : 306083.2201000005,
        "y" : 421101.1427000016
      }
    },
    {
      "attributes" : {
        "FID" : 8,
        "PMNTN_SPOT" : 56077,
        "MNTN_CODE" : "472503101",
        "MANAGE_SP1" : "02",
        "MANAGE_SP2" : "분기점",
        "DETAIL_SPO" : "분기점",
        "ETC_MATTER" : " ",
        "MNTN_NM" : "식산",
        "PAST_SPOT_" : "4725031010009",
        "MNTN_ID" : "472503101"
      },
      "geometry" : {
        "x" : 307080.01120000053,
        "y" : 421251.75569999963
      }
    },
    {
      "attributes" : {
        "FID" : 9,
        "PMNTN_SPOT" : 56078,
        "MNTN_CODE" : "472503101",
        "MANAGE_SP1" : "02",
        "MANAGE_SP2" : "분기점",
        "DETAIL_SPO" : "분기점",
        "ETC_MATTER" : " ",
        "MNTN_NM" : "식산",
        "PAST_SPOT_" : "4725031010010",
        "MNTN_ID" : "472503101"
      },
      "geometry" : {
        "x" : 307132.61730000004,
        "y" : 420965.06200000271
      }
    },
    {
      "attributes" : {
        "FID" : 10,
        "PMNTN_SPOT" : 56079,
        "MNTN_CODE" : "472503101",
        "MANAGE_SP1" : "02",
        "MANAGE_SP2" : "분기점",
        "DETAIL_SPO" : "분기점",
        "ETC_MATTER" : " ",
        "MNTN_NM" : "식산",
        "PAST_SPOT_" : "4725031010011",
        "MNTN_ID" : "472503101"
      },
      "geometry" : {
        "x" : 307141.11470000166,
        "y" : 420984.53800000064
      }
    },
    {
      "attributes" : {
        "FID" : 11,
        "PMNTN_SPOT" : 56080,
        "MNTN_CODE" : "472503101",
        "MANAGE_SP1" : "02",
        "MANAGE_SP2" : "분기점",
        "DETAIL_SPO" : "분기점",
        "ETC_MATTER" : " ",
        "MNTN_NM" : "식산",
        "PAST_SPOT_" : "4725031010012",
        "MNTN_ID" : "472503101"
      },
      "geometry" : {
        "x" : 308009.80840000138,
        "y" : 422872.81780000217
      }
    },
    {
      "attributes" : {
        "FID" : 12,
        "PMNTN_SPOT" : 97839,
        "MNTN_CODE" : "472503101",
        "MANAGE_SP1" : "10",
        "MANAGE_SP2" : "이정표",
        "DETAIL_SPO" : "이정표",
        "ETC_MATTER" : " ",
        "MNTN_NM" : "식산",
        "PAST_SPOT_" : "4725031010013",
        "MNTN_ID" : "472503101"
      },
      "geometry" : {
        "x" : 306333.22170000005,
        "y" : 423228.57640000025
      }
    },
    {
      "attributes" : {
        "FID" : 13,
        "PMNTN_SPOT" : 97840,
        "MNTN_CODE" : "472503101",
        "MANAGE_SP1" : "99",
        "MANAGE_SP2" : "기타",
        "DETAIL_SPO" : "동해사",
        "ETC_MATTER" : " ",
        "MNTN_NM" : "식산",
        "PAST_SPOT_" : "4725031010014",
        "MNTN_ID" : "472503101"
      },
      "geometry" : {
        "x" : 307620.72920000058,
        "y" : 423126.41750000074
      }
    },
    {
      "attributes" : {
        "FID" : 14,
        "PMNTN_SPOT" : 97841,
        "MNTN_CODE" : "472503101",
        "MANAGE_SP1" : "14",
        "MANAGE_SP2" : "조망점",
        "DETAIL_SPO" : "조망점",
        "ETC_MATTER" : " ",
        "MNTN_NM" : "식산",
        "PAST_SPOT_" : "4725031010015",
        "MNTN_ID" : "472503101"
      },
      "geometry" : {
        "x" : 307656.71059999999,
        "y" : 423040.93920000107
      }
    },
    {
      "attributes" : {
        "FID" : 15,
        "PMNTN_SPOT" : 97842,
        "MNTN_CODE" : "472503101",
        "MANAGE_SP1" : "13",
        "MANAGE_SP2" : "유적(문화, 역사)",
        "DETAIL_SPO" : "석조귀부",
        "ETC_MATTER" : " ",
        "MNTN_NM" : "식산",
        "PAST_SPOT_" : "4725031010016",
        "MNTN_ID" : "472503101"
      },
      "geometry" : {
        "x" : 306553.84370000032,
        "y" : 420273.28430000041
      }
    }
  ]
}