{
  "displayFieldName" : "",
  "fieldAliases" : {
    "FID" : "FID",
    "PMNTN_SN" : "PMNTN_SN",
    "MNTN_CODE" : "MNTN_CODE",
    "MNTN_NM" : "MNTN_NM",
    "PMNTN_NM" : "PMNTN_NM",
    "PMNTN_MAIN" : "PMNTN_MAIN",
    "PMNTN_LT" : "PMNTN_LT",
    "PMNTN_DFFL" : "PMNTN_DFFL",
    "PMNTN_UPPL" : "PMNTN_UPPL",
    "PMNTN_GODN" : "PMNTN_GODN",
    "PMNTN_MTRQ" : "PMNTN_MTRQ",
    "PMNTN_CNRL" : "PMNTN_CNRL",
    "PMNTN_CLS_" : "PMNTN_CLS_",
    "PMNTN_RISK" : "PMNTN_RISK",
    "PMNTN_RECO" : "PMNTN_RECO",
    "DATA_STDR_" : "DATA_STDR_",
    "MNTN_ID" : "MNTN_ID"
  },
  "geometryType" : "esriGeometryPolyline",
  "spatialReference" : {
    "wkt" : "PROJCS[\"PCS_ITRF2000_TM\",GEOGCS[\"GCS_ITRF_2000\",DATUM[\"D_ITRF_2000\",SPHEROID[\"GRS_1980\",6378137.0,298.257222101]],PRIMEM[\"Greenwich\",0.0],UNIT[\"Degree\",0.0174532925199433]],PROJECTION[\"Transverse_Mercator\"],PARAMETER[\"False_Easting\",200000.0],PARAMETER[\"False_Northing\",600000.0],PARAMETER[\"Central_Meridian\",127.0],PARAMETER[\"Scale_Factor\",1.0],PARAMETER[\"Latitude_Of_Origin\",38.0],UNIT[\"Meter\",1.0]]"
  },
  "fields" : [
    {
      "name" : "FID",
      "type" : "esriFieldTypeOID",
      "alias" : "FID"
    },
    {
      "name" : "PMNTN_SN",
      "type" : "esriFieldTypeDouble",
      "alias" : "PMNTN_SN"
    },
    {
      "name" : "MNTN_CODE",
      "type" : "esriFieldTypeString",
      "alias" : "MNTN_CODE",
      "length" : 9
    },
    {
      "name" : "MNTN_NM",
      "type" : "esriFieldTypeString",
      "alias" : "MNTN_NM",
      "length" : 50
    },
    {
      "name" : "PMNTN_NM",
      "type" : "esriFieldTypeString",
      "alias" : "PMNTN_NM",
      "length" : 50
    },
    {
      "name" : "PMNTN_MAIN",
      "type" : "esriFieldTypeString",
      "alias" : "PMNTN_MAIN",
      "length" : 200
    },
    {
      "name" : "PMNTN_LT",
      "type" : "esriFieldTypeSingle",
      "alias" : "PMNTN_LT"
    },
    {
      "name" : "PMNTN_DFFL",
      "type" : "esriFieldTypeString",
      "alias" : "PMNTN_DFFL",
      "length" : 8
    },
    {
      "name" : "PMNTN_UPPL",
      "type" : "esriFieldTypeDouble",
      "alias" : "PMNTN_UPPL"
    },
    {
      "name" : "PMNTN_GODN",
      "type" : "esriFieldTypeDouble",
      "alias" : "PMNTN_GODN"
    },
    {
      "name" : "PMNTN_MTRQ",
      "type" : "esriFieldTypeString",
      "alias" : "PMNTN_MTRQ",
      "length" : 200
    },
    {
      "name" : "PMNTN_CNRL",
      "type" : "esriFieldTypeString",
      "alias" : "PMNTN_CNRL",
      "length" : 1
    },
    {
      "name" : "PMNTN_CLS_",
      "type" : "esriFieldTypeString",
      "alias" : "PMNTN_CLS_",
      "length" : 1
    },
    {
      "name" : "PMNTN_RISK",
      "type" : "esriFieldTypeString",
      "alias" : "PMNTN_RISK",
      "length" : 200
    },
    {
      "name" : "PMNTN_RECO",
      "type" : "esriFieldTypeString",
      "alias" : "PMNTN_RECO",
      "length" : 1
    },
    {
      "name" : "DATA_STDR_",
      "type" : "esriFieldTypeString",
      "alias" : "DATA_STDR_",
      "length" : 10
    },
    {
      "name" : "MNTN_ID",
      "type" : "esriFieldTypeString",
      "alias" : "MNTN_ID",
      "length" : 10
    }
  ],
  "features" : [
    {
      "attributes" : {
        "FID" : 0,
        "PMNTN_SN" : 34137,
        "MNTN_CODE" : "472503101",
        "MNTN_NM" : "식산",
        "PMNTN_NM" : "서곡동-거동동구간",
        "PMNTN_MAIN" : "백원산삼각정",
        "PMNTN_LT" : 2.34,
        "PMNTN_DFFL" : "쉬움",
        "PMNTN_UPPL" : 41,
        "PMNTN_GODN" : 29,
        "PMNTN_MTRQ" : " ",
        "PMNTN_CNRL" : " ",
        "PMNTN_CLS_" : " ",
        "PMNTN_RISK" : " ",
        "PMNTN_RECO" : " ",
        "DATA_STDR_" : "2016-12-31",
        "MNTN_ID" : "472503101"
      },
      "geometry" : {
        "paths" : [
          [
            [
              308009.80840000324,
              422872.81780000217
            ],
            [
              308011.27080000099,
              422859.96529999934
            ],
            [
              308005.84700000379,
              422853.73350000381
            ],
            [
              308006.1137000015,
              422850.86939999834
            ],
            [
              308012.89120000415,
              422840.16390000097
            ],
            [
              308012.93809999991,
              422834.47930000164
            ],
            [
              308016.50439999998,
              422827.68719999865
            ],
            [
              308011.67570000235,
              422825.01730000041
            ],
            [
              308006.24609999917,
              422810.52850000188
            ],
            [
              307994.72440000158,
              422797.07210000418
            ],
            [
              307993.24980000407,
              422785.80690000206
            ],
            [
              307996.09990000259,
              422770.89410000108
            ],
            [
              307991.23060000408,
              422767.98829999939
            ],
            [
              307978.67480000202,
              422749.03270000219
            ],
            [
              307979.23420000449,
              422734.8645000048
            ],
            [
              307982.16860000417,
              422732.3096000012
            ],
            [
              307981.44220000319,
              422717.55529999733
            ],
            [
              307967.39230000321,
              422709.22950000688
            ],
            [
              307955.50499999989,
              422694.30749999918
            ],
            [
              307949.00230000075,
              422669.58139999956
            ],
            [
              307948.50380000379,
              422659.71670000069
            ],
            [
              307952.35930000152,
              422651.51600000449
            ],
            [
              307954.13019999862,
              422638.47820000164
            ],
            [
              307957.56210000254,
              422633.48360000178
            ],
            [
              307962.27760000154,
              422628.90170000307
            ],
            [
              307967.95850000251,
              422623.33550000004
            ],
            [
              307967.13490000274,
              422619.64040000178
            ],
            [
              307971.09950000141,
              422611.50899999961
            ],
            [
              307973.06500000227,
              422601.60680000111
            ],
            [
              307978.43099999987,
              422586.20209999941
            ],
            [
              307972.22120000329,
              422569.67460000142
            ],
            [
              307990.77190000191,
              422549.3460000027
            ],
            [
              307994.55290000234,
              422541.75430000387
            ],
            [
              308003.55610000156,
              422520.13110000081
            ],
            [
              308002.45560000278,
              422503.15080000088
            ],
            [
              308009.27910000086,
              422488.24300000258
            ],
            [
              308009.02729999926,
              422476.04910000786
            ],
            [
              308002.9260000037,
              422463.8881000001
            ],
            [
              308003.88020000048,
              422455.24510000087
            ],
            [
              307997.18550000526,
              422432.09909999929
            ],
            [
              307992.78280000202,
              422421.45390000008
            ],
            [
              307994.73270000145,
              422413.4130000025
            ],
            [
              307995.03720000293,
              422402.88330000266
            ],
            [
              307994.29510000162,
              422394.45760000125
            ],
            [
              307999.63750000112,
              422388.47430000082
            ],
            [
              308001.37660000287,
              422368.3927999977
            ],
            [
              307999.05430000182,
              422362.27250000462
            ],
            [
              307992.98680000007,
              422359.2722000014
            ],
            [
              307978.26410000306,
              422339.73990000412
            ],
            [
              307966.97860000283,
              422332.02530000173
            ],
            [
              307959.12030000053,
              422319.04790000245
            ],
            [
              307960.45430000219,
              422297.54150000028
            ],
            [
              307966.48280000221,
              422291.14100000076
            ],
            [
              307965.67560000159,
              422281.5931000039
            ],
            [
              307968.69130000379,
              422264.82570000179
            ],
            [
              307966.80880000256,
              422256.40510000288
            ],
            [
              307960.36230000108,
              422250.76320000179
            ],
            [
              307939.76020000037,
              422241.4598999992
            ],
            [
              307914.5390999997,
              422238.81140000001
            ],
            [
              307906.97360000107,
              422235.06519999914
            ],
            [
              307899.01590000372,
              422234.85690000094
            ],
            [
              307894.51540000178,
              422234.82680000179
            ],
            [
              307888.42230000254,
              422229.94830000214
            ],
            [
              307884.38830000255,
              422228.71480000019
            ],
            [
              307868.6277000038,
              422231.22689999826
            ],
            [
              307855.41089999955,
              422227.80460000038
            ],
            [
              307848.47690000292,
              422230.13800000213
            ],
            [
              307842.23370000068,
              422229.33680000342
            ],
            [
              307840.81800000183,
              422234.13990000263
            ],
            [
              307834.01810000185,
              422234.11000000127
            ],
            [
              307830.7208000049,
              422231.37160000205
            ],
            [
              307828.21339999977,
              422238.12550000101
            ],
            [
              307819.64950000215,
              422238.31240000017
            ],
            [
              307811.58500000183,
              422244.28470000066
            ],
            [
              307799.66530000325,
              422229.84580000304
            ],
            [
              307788.32680000179,
              422226.54240000062
            ],
            [
              307782.88060000073,
              422220.90900000185
            ],
            [
              307772.72590000182,
              422218.4123999998
            ],
            [
              307757.37400000356,
              422210.18679999933
            ],
            [
              307729.49020000547,
              422183.92789999768
            ],
            [
              307727.76280000061,
              422177.36030000076
            ],
            [
              307708.17480000202,
              422153.12910000049
            ],
            [
              307700.51190000214,
              422150.72230000049
            ],
            [
              307694.00490000285,
              422144.37390000001
            ],
            [
              307650.85020000488,
              422131.05850000121
            ],
            [
              307638.81410000287,
              422129.77450000122
            ],
            [
              307633.43470000103,
              422132.31949999928
            ],
            [
              307614.73680000287,
              422127.16980000027
            ],
            [
              307599.840300004,
              422112.28490000218
            ],
            [
              307588.13910000212,
              422089.87539999932
            ],
            [
              307572.39800000004,
              422075.46140000038
            ],
            [
              307557.38310000394,
              422054.23450000025
            ],
            [
              307546.03180000279,
              422044.04670000263
            ],
            [
              307540.51360000297,
              422046.64940000139
            ],
            [
              307534.31570000295,
              422043.14320000075
            ],
            [
              307534.01820000168,
              422036.39480000176
            ],
            [
              307527.85420000087,
              422027.22800000012
            ],
            [
              307515.18510000315,
              422017.8059000019
            ],
            [
              307501.03720000293,
              422010.91680000164
            ],
            [
              307493.2628000034,
              422011.14120000228
            ],
            [
              307493.16170000192,
              422012.91220000386
            ],
            [
              307492.17150000017,
              422007.23190000281
            ],
            [
              307482.20680000074,
              421998.56950000115
            ],
            [
              307477.58810000308,
              421991.13080000319
            ],
            [
              307447.50790000241,
              421969.02990000322
            ],
            [
              307449.42490000185,
              421960.63570000045
            ],
            [
              307455.05580000393,
              421957.48830000125
            ],
            [
              307450.22700000182,
              421946.11890000291
            ],
            [
              307455.0680000037,
              421922.4980000034
            ],
            [
              307454.82470000256,
              421915.00560000166
            ],
            [
              307452.31880000327,
              421911.12930000015
            ],
            [
              307459.78840000089,
              421898.04369999841
            ],
            [
              307457.09340000339,
              421889.22120000236
            ],
            [
              307465.802000002,
              421872.63690000027
            ],
            [
              307471.26790000405,
              421875.50230000168
            ],
            [
              307471.96460000426,
              421865.34679999948
            ],
            [
              307476.37179999985,
              421856.63000000268
            ],
            [
              307475.70580000244,
              421846.0177000016
            ],
            [
              307478.45560000185,
              421838.02119999938
            ],
            [
              307474.90779999923,
              421826.32039999962
            ],
            [
              307475.80990000255,
              421814.70930000208
            ],
            [
              307472.51650000364,
              421795.76610000245
            ],
            [
              307463.4199000001,
              421774.90970000252
            ],
            [
              307463.21090000216,
              421764.87980000302
            ],
            [
              307456.92800000403,
              421744.91029999964
            ],
            [
              307458.28210000228,
              421741.24660000019
            ],
            [
              307455.03470000159,
              421724.41640000232
            ],
            [
              307458.53060000297,
              421716.0949000027
            ],
            [
              307456.69690000266,
              421712.76300000213
            ],
            [
              307459.62540000398,
              421697.2126000002
            ],
            [
              307452.49660000298,
              421684.32730000094
            ],
            [
              307447.97780000046,
              421654.17210000008
            ],
            [
              307441.86280000303,
              421636.11690000072
            ],
            [
              307429.98480000347,
              421624.27150000073
            ],
            [
              307421.22960000206,
              421615.80710000359
            ],
            [
              307416.72860000189,
              421587.73950000294
            ],
            [
              307407.81530000269,
              421578.45170000382
            ],
            [
              307405.7367000021,
              421567.32200000063
            ],
            [
              307397.55410000309,
              421547.59769999981
            ],
            [
              307394.9180999985,
              421492.41380000301
            ],
            [
              307386.96890000626,
              421472.92339999974
            ],
            [
              307377.80510000326,
              421460.80179999769
            ],
            [
              307374.66569999978,
              421451.84650000185
            ],
            [
              307368.28060000017,
              421452.07220000029
            ],
            [
              307355.9141000025,
              421447.53950000182
            ],
            [
              307330.84930000268,
              421449.96059999987
            ],
            [
              307317.91790000349,
              421458.03810000047
            ],
            [
              307272.38680000044,
              421450.3629999999
            ],
            [
              307253.28570000175,
              421437.36530000158
            ],
            [
              307249.1456999993,
              421431.12209999934
            ],
            [
              307224.12370000221,
              421416.99819999933
            ],
            [
              307214.07969999686,
              421406.79729999974
            ],
            [
              307168.07560000196,
              421385.14190000109
            ],
            [
              307166.81140000373,
              421378.0504999999
            ],
            [
              307156.54460000247,
              421374.034500001
            ],
            [
              307148.60240000393,
              421379.33840000071
            ],
            [
              307128.0969000021,
              421358.77570000105
            ],
            [
              307108.33080000244,
              421353.85410000011
            ],
            [
              307100.61560000293,
              421328.52439999953
            ],
            [
              307102.27450000122,
              421313.53480000049
            ],
            [
              307100.36980000045,
              421302.14650000259
            ],
            [
              307097.55490000546,
              421292.86740000173
            ],
            [
              307086.95209999941,
              421279.87720000185
            ],
            [
              307080.01120000333,
              421251.75569999963
            ]
          ]
        ]
      }
    },
    {
      "attributes" : {
        "FID" : 1,
        "PMNTN_SN" : 34138,
        "MNTN_CODE" : "472503101",
        "MNTN_NM" : "식산",
        "PMNTN_NM" : "서곡동-거동동구간",
        "PMNTN_MAIN" : "동해사",
        "PMNTN_LT" : 3.08,
        "PMNTN_DFFL" : "쉬움",
        "PMNTN_UPPL" : 116,
        "PMNTN_GODN" : 81,
        "PMNTN_MTRQ" : " ",
        "PMNTN_CNRL" : " ",
        "PMNTN_CLS_" : " ",
        "PMNTN_RISK" : " ",
        "PMNTN_RECO" : " ",
        "DATA_STDR_" : "2016-12-31",
        "MNTN_ID" : "472503101"
      },
      "geometry" : {
        "paths" : [
          [
            [
              305811.74300000165,
              423524.74680000357
            ],
            [
              305816.25310000312,
              423522.06990000233
            ],
            [
              305835.73880000226,
              423500.66420000046
            ],
            [
              305860.50930000003,
              423466.61170000024
            ],
            [
              305871.11069999821,
              423457.5393000003
            ],
            [
              305891.00700000208,
              423449.30580000207
            ],
            [
              305897.96320000384,
              423448.45440000109
            ],
            [
              305918.19570000097,
              423450.4114000015
            ],
            [
              305924.7369000027,
              423448.91080000252
            ],
            [
              305935.87210000493,
              423441.28649999946
            ],
            [
              305972.78150000237,
              423404.59890000336
            ],
            [
              305978.93050000351,
              423402.03460000083
            ],
            [
              306019.62069999892,
              423394.46000000089
            ],
            [
              306044.73370000347,
              423383.7434000019
            ],
            [
              306054.43690000009,
              423374.21620000154
            ],
            [
              306067.48700000066,
              423342.56450000405
            ],
            [
              306078.20460000262,
              423334.45009999909
            ],
            [
              306084.32090000529,
              423331.69870000146
            ],
            [
              306111.01489999797,
              423325.41540000215
            ],
            [
              306128.39760000352,
              423314.85910000093
            ],
            [
              306145.01030000392,
              423302.38370000198
            ],
            [
              306157.29500000272,
              423296.26960000023
            ],
            [
              306178.68810000177,
              423293.61780000106
            ],
            [
              306192.0858000014,
              423289.35360000096
            ],
            [
              306202.51640000008,
              423281.62580000237
            ],
            [
              306216.98190000281,
              423265.49850000255
            ],
            [
              306226.30650000274,
              423259.92700000107
            ],
            [
              306237.83880000003,
              423257.11950000189
            ],
            [
              306273.42810000293,
              423265.49850000255
            ],
            [
              306279.90370000433,
              423262.4851000011
            ],
            [
              306288.86930000409,
              423244.39059999958
            ],
            [
              306298.86440000311,
              423234.52050000243
            ],
            [
              306311.20190000068,
              423229.01009999961
            ],
            [
              306327.04140000325,
              423225.92789999954
            ],
            [
              306333.24040000327,
              423228.72670000046
            ],
            [
              306359.47630000394,
              423267.80069999956
            ],
            [
              306377.42699999828,
              423288.01430000179
            ],
            [
              306391.74280000385,
              423313.12650000118
            ],
            [
              306401.18580000103,
              423321.87649999931
            ],
            [
              306417.11780000199,
              423326.88530000113
            ],
            [
              306449.4979000017,
              423316.48920000158
            ],
            [
              306460.63950000051,
              423317.29800000228
            ],
            [
              306474.66710000206,
              423328.05150000192
            ],
            [
              306498.4709000038,
              423340.40260000154
            ],
            [
              306508.50800000224,
              423342.93500000052
            ],
            [
              306517.62320000306,
              423349.63140000217
            ],
            [
              306533.75130000152,
              423376.35410000198
            ],
            [
              306542.9755000025,
              423398.52310000174
            ],
            [
              306570.3515000008,
              423422.34759999998
            ],
            [
              306583.17840000242,
              423441.5231999997
            ],
            [
              306587.59360000212,
              423453.36039999872
            ],
            [
              306588.09350000229,
              423464.27960000001
            ],
            [
              306591.46250000037,
              423474.14700000174
            ],
            [
              306601.34360000212,
              423492.76460000314
            ],
            [
              306614.42320000101,
              423507.31350000203
            ],
            [
              306630.19650000241,
              423536.44540000148
            ],
            [
              306645.58780000266,
              423548.99950000271
            ],
            [
              306653.19880000409,
              423558.10869999975
            ],
            [
              306657.43000000622,
              423583.6232000012
            ],
            [
              306663.35090000276,
              423590.17090000212
            ],
            [
              306674.28830000386,
              423597.99699999951
            ],
            [
              306680.30920000188,
              423604.41360000148
            ],
            [
              306686.72680000402,
              423615.62730000168
            ],
            [
              306692.98710000049,
              423621.16620000266
            ],
            [
              306697.01280000061,
              423620.8302000016
            ],
            [
              306700.51820000354,
              423618.46880000085
            ],
            [
              306709.98020000383,
              423608.92780000158
            ],
            [
              306717.82530000433,
              423606.50029999949
            ],
            [
              306725.79210000392,
              423606.27420000173
            ],
            [
              306748.73560000025,
              423616.96960000135
            ],
            [
              306761.71900000144,
              423628.58579999954
            ],
            [
              306771.17580000218,
              423642.49720000103
            ],
            [
              306778.75790000334,
              423645.83140000142
            ],
            [
              306809.1117000049,
              423623.85569999926
            ],
            [
              306822.3610000005,
              423620.56780000217
            ],
            [
              306835.22210000083,
              423620.53910000063
            ],
            [
              306847.18580000382,
              423625.52910000272
            ],
            [
              306855.56940000132,
              423632.29930000193
            ],
            [
              306860.11120000202,
              423639.72440000251
            ],
            [
              306862.20990000293,
              423648.86850000359
            ],
            [
              306864.74120000098,
              423652.60600000061
            ],
            [
              306872.47100000083,
              423658.14110000059
            ],
            [
              306881.67640000209,
              423659.88560000435
            ],
            [
              306886.36840000283,
              423658.85810000263
            ],
            [
              306889.25600000191,
              423654.89550000243
            ],
            [
              306895.60770000052,
              423653.77260000072
            ],
            [
              306922.820600003,
              423628.12710000016
            ],
            [
              306927.64100000262,
              423627.16150000133
            ],
            [
              306944.01920000277,
              423637.47290000319
            ],
            [
              306952.74530000053,
              423640.61340000108
            ],
            [
              306962.93860000279,
              423640.82280000113
            ],
            [
              306994.50660000183,
              423636.6614000015
            ],
            [
              307003.36250000261,
              423632.83300000243
            ],
            [
              307036.3981000036,
              423609.79590000212
            ],
            [
              307048.28160000313,
              423597.5129000023
            ],
            [
              307058.16999999993,
              423592.78750000335
            ],
            [
              307068.68800000194,
              423590.48500000127
            ],
            [
              307078.68720000051,
              423590.29940000176
            ],
            [
              307093.08169999998,
              423592.94260000065
            ],
            [
              307125.32010000013,
              423599.067900002
            ],
            [
              307134.53960000258,
              423601.21939999983
            ],
            [
              307150.92960000597,
              423605.19129999913
            ],
            [
              307160.85039999895,
              423605.12120000273
            ],
            [
              307175.90120000206,
              423605.01470000111
            ],
            [
              307188.84620000329,
              423610.58249999955
            ],
            [
              307197.62350000069,
              423610.86690000072
            ],
            [
              307207.5548000019,
              423617.1630000025
            ],
            [
              307219.27430000156,
              423612.28280000016
            ],
            [
              307233.34910000209,
              423610.15510000102
            ],
            [
              307248.73120000213,
              423601.9776000008
            ],
            [
              307251.78000000305,
              423602.19420000352
            ],
            [
              307255.35270000156,
              423609.14350000024
            ],
            [
              307271.45040000323,
              423605.95210000128
            ],
            [
              307275.86309999973,
              423608.39090000279
            ],
            [
              307280.35580000188,
              423607.86650000326
            ],
            [
              307297.39329999965,
              423591.80279999971
            ],
            [
              307301.50030000135,
              423591.81660000235
            ],
            [
              307315.31709999964,
              423585.38360000029
            ],
            [
              307320.66890000179,
              423584.88289999962
            ],
            [
              307336.5094000008,
              423588.00050000101
            ],
            [
              307344.34160000086,
              423584.75700000115
            ],
            [
              307348.54400000256,
              423575.72830000147
            ],
            [
              307349.50170000177,
              423564.36840000749
            ],
            [
              307354.25340000074,
              423562.23520000279
            ],
            [
              307362.83320000116,
              423549.12200000137
            ],
            [
              307361.65490000509,
              423545.61790000275
            ],
            [
              307362.97430000361,
              423541.31039999984
            ],
            [
              307369.4560000021,
              423530.97980000265
            ],
            [
              307367.76630000211,
              423518.79849999957
            ],
            [
              307371.77899999917,
              423507.40589999966
            ],
            [
              307374.63080000412,
              423489.18840000033
            ],
            [
              307378.06880000327,
              423486.625
            ],
            [
              307381.90020000283,
              423468.85920000449
            ],
            [
              307384.86639999971,
              423464.62549999915
            ],
            [
              307390.32680000365,
              423461.93130000122
            ],
            [
              307400.2695000032,
              423447.03510000557
            ],
            [
              307410.14770000149,
              423436.17200000398
            ],
            [
              307436.04810000025,
              423423.73069999926
            ],
            [
              307437.81170000322,
              423414.73389999941
            ],
            [
              307436.03990000393,
              423405.1827000007
            ],
            [
              307437.39180000219,
              423400.57620000094
            ],
            [
              307442.79600000288,
              423387.60789999925
            ],
            [
              307447.14680000115,
              423382.30170000158
            ],
            [
              307451.33830000274,
              423367.62710000016
            ],
            [
              307454.20820000395,
              423364.05959999934
            ],
            [
              307453.09040000383,
              423352.50310000218
            ],
            [
              307454.39540000074,
              423348.00060000084
            ],
            [
              307450.37230000552,
              423339.45640000142
            ],
            [
              307451.56980000064,
              423327.45690000057
            ],
            [
              307447.8617000021,
              423315.60969999991
            ],
            [
              307449.25280000083,
              423293.50710000098
            ],
            [
              307445.60120000131,
              423282.44430000335
            ],
            [
              307448.50389999989,
              423275.07499999739
            ],
            [
              307449.35470000375,
              423262.66610000096
            ],
            [
              307443.93690000381,
              423254.91270000115
            ],
            [
              307445.66450000554,
              423244.29020000249
            ],
            [
              307473.40530000161,
              423232.05830000155
            ],
            [
              307477.02350000478,
              423225.75999999978
            ],
            [
              307482.20280000381,
              423225.0847000014
            ],
            [
              307498.70789999887,
              423217.82569999993
            ],
            [
              307509.07190000359,
              423216.15420000069
            ],
            [
              307523.54009999987,
              423196.86690000072
            ],
            [
              307533.79350000154,
              423186.43170000426
            ],
            [
              307556.55040000007,
              423175.9691000022
            ],
            [
              307564.2609000029,
              423170.17000000179
            ],
            [
              307566.45780000184,
              423166.13470000401
            ],
            [
              307587.7685000021,
              423156.82100000232
            ],
            [
              307599.05500000156,
              423146.97830000147
            ],
            [
              307612.99830000289,
              423138.66249999963
            ],
            [
              307617.96170000266,
              423131.7650000006
            ],
            [
              307622.53630000073,
              423124.20800000243
            ],
            [
              307624.45600000117,
              423115.82500000112
            ],
            [
              307628.49120000284,
              423111.67100000195
            ],
            [
              307630.78980000317,
              423105.33990000188
            ],
            [
              307636.35010000039,
              423104.50440000184
            ],
            [
              307639.24729999993,
              423100.10400000028
            ],
            [
              307640.63540000096,
              423088.54060000181
            ],
            [
              307644.75520000141,
              423082.10179999843
            ],
            [
              307648.44220000226,
              423071.08970000036
            ],
            [
              307647.99520000257,
              423058.26850000024
            ],
            [
              307657.03770000301,
              423041.43749999814
            ],
            [
              307658.62180000171,
              423041.92939999886
            ],
            [
              307669.62100000307,
              423035.57000000216
            ],
            [
              307684.80530000385,
              423035.1173000019
            ],
            [
              307702.67370000295,
              423029.974700002
            ],
            [
              307713.44640000258,
              423029.46470000036
            ],
            [
              307722.32200000156,
              423027.06870000437
            ],
            [
              307729.1528000012,
              423028.10470000096
            ],
            [
              307740.17490000091,
              423024.68350000121
            ],
            [
              307742.41340000369,
              423020.48330000229
            ],
            [
              307756.37590000313,
              423013.52150000259
            ],
            [
              307765.5587000018,
              423005.17170000263
            ],
            [
              307784.09890000243,
              422996.77900000103
            ],
            [
              307789.93800000194,
              422990.37479999848
            ],
            [
              307827.11799999978,
              422961.7658000011
            ],
            [
              307853.90430000052,
              422949.08590000123
            ],
            [
              307860.21150000207,
              422939.81149999984
            ],
            [
              307879.8318000026,
              422922.36439999938
            ],
            [
              307889.4121000031,
              422916.56269999966
            ],
            [
              307894.44220000412,
              422914.70520000346
            ],
            [
              307908.59080000501,
              422908.18810000271
            ],
            [
              307919.37999999989,
              422905.89450000226
            ],
            [
              307926.23680000007,
              422899.73709999956
            ],
            [
              307944.32740000263,
              422891.70299999975
            ],
            [
              307952.5055000009,
              422884.86550000124
            ],
            [
              307982.88430000283,
              422879.52940000221
            ],
            [
              307991.39380000252,
              422880.67690000124
            ],
            [
              308009.80840000324,
              422872.81780000217
            ]
          ]
        ]
      }
    },
    {
      "attributes" : {
        "FID" : 2,
        "PMNTN_SN" : 34139,
        "MNTN_CODE" : "472503101",
        "MNTN_NM" : "식산",
        "PMNTN_NM" : "서곡동-거동동구간",
        "PMNTN_MAIN" : " ",
        "PMNTN_LT" : 0.29,
        "PMNTN_DFFL" : "쉬움",
        "PMNTN_UPPL" : 5,
        "PMNTN_GODN" : 4,
        "PMNTN_MTRQ" : " ",
        "PMNTN_CNRL" : " ",
        "PMNTN_CLS_" : " ",
        "PMNTN_RISK" : " ",
        "PMNTN_RECO" : " ",
        "DATA_STDR_" : "2016-12-31",
        "MNTN_ID" : "472503101"
      },
      "geometry" : {
        "paths" : [
          [
            [
              307080.01120000333,
              421251.75569999963
            ],
            [
              307085.64250000194,
              421247.41270000115
            ],
            [
              307084.91190000251,
              421244.67710000463
            ],
            [
              307081.57060000114,
              421242.77750000171
            ],
            [
              307083.97120000143,
              421235.22740000114
            ],
            [
              307083.07800000254,
              421230.25640000217
            ],
            [
              307085.00030000322,
              421225.30859999917
            ],
            [
              307083.2059000032,
              421219.97120000236
            ],
            [
              307083.34930000268,
              421212.99970000423
            ],
            [
              307086.3059000019,
              421208.66660000198
            ],
            [
              307087.85130000208,
              421195.67149999924
            ],
            [
              307095.01040000375,
              421186.80399999954
            ],
            [
              307094.90220000129,
              421182.78699999861
            ],
            [
              307098.44430000335,
              421177.22860000096
            ],
            [
              307103.70440000016,
              421162.65310000442
            ],
            [
              307102.00189999957,
              421154.88649999909
            ],
            [
              307104.24180000089,
              421147.46350000054
            ],
            [
              307106.4709000038,
              421142.7089000009
            ],
            [
              307118.07790000178,
              421129.41469999962
            ],
            [
              307116.3563000029,
              421123.59460000321
            ],
            [
              307118.03309999965,
              421121.09390000068
            ],
            [
              307117.80720000062,
              421113.10760000162
            ],
            [
              307114.88890000153,
              421104.41569999978
            ],
            [
              307116.64960000291,
              421098.74000000022
            ],
            [
              307115.44390000403,
              421094.93320000358
            ],
            [
              307116.96520000231,
              421093.07589999959
            ],
            [
              307117.07290000562,
              421086.77930000797
            ],
            [
              307119.28360000066,
              421083.76890000142
            ],
            [
              307118.12170000002,
              421078.79219999909
            ],
            [
              307121.4243999999,
              421064.45760000311
            ],
            [
              307125.87939999998,
              421056.64330000244
            ],
            [
              307129.46190000325,
              421037.47300000116
            ],
            [
              307137.49690000247,
              421026.84659999982
            ],
            [
              307142.69420000259,
              421014.23090000264
            ],
            [
              307142.70590000041,
              420997.02440000139
            ],
            [
              307141.11470000353,
              420984.53800000064
            ]
          ]
        ]
      }
    },
    {
      "attributes" : {
        "FID" : 3,
        "PMNTN_SN" : 34140,
        "MNTN_CODE" : "472503101",
        "MNTN_NM" : "식산",
        "PMNTN_NM" : "서곡동-거동동구간",
        "PMNTN_MAIN" : " ",
        "PMNTN_LT" : 0.05,
        "PMNTN_DFFL" : "쉬움",
        "PMNTN_UPPL" : 1,
        "PMNTN_GODN" : 1,
        "PMNTN_MTRQ" : " ",
        "PMNTN_CNRL" : " ",
        "PMNTN_CLS_" : " ",
        "PMNTN_RISK" : " ",
        "PMNTN_RECO" : " ",
        "DATA_STDR_" : "2016-12-31",
        "MNTN_ID" : "472503101"
      },
      "geometry" : {
        "paths" : [
          [
            [
              307141.11470000353,
              420984.53800000064
            ],
            [
              307144.2246000031,
              420982.86350000091
            ],
            [
              307144.23830000032,
              420980.21639999934
            ],
            [
              307147.17210000288,
              420975.99610000104
            ],
            [
              307150.88900000229,
              420973.89760000259
            ],
            [
              307153.27690000366,
              420972.85109999962
            ],
            [
              307155.40830000211,
              420970.21500000171
            ],
            [
              307155.95820000395,
              420966.24699999951
            ],
            [
              307155.13090000208,
              420962.62300000153
            ],
            [
              307148.24120000377,
              420962.85260000266
            ],
            [
              307139.77150000259,
              420962.14039999992
            ],
            [
              307132.6173000047,
              420965.06200000271
            ]
          ]
        ]
      }
    },
    {
      "attributes" : {
        "FID" : 4,
        "PMNTN_SN" : 34141,
        "MNTN_CODE" : "472503101",
        "MNTN_NM" : "식산",
        "PMNTN_NM" : "서곡동-거동동구간",
        "PMNTN_MAIN" : " ",
        "PMNTN_LT" : 1.37,
        "PMNTN_DFFL" : "쉬움",
        "PMNTN_UPPL" : 24,
        "PMNTN_GODN" : 17,
        "PMNTN_MTRQ" : " ",
        "PMNTN_CNRL" : " ",
        "PMNTN_CLS_" : " ",
        "PMNTN_RISK" : " ",
        "PMNTN_RECO" : " ",
        "DATA_STDR_" : "2016-12-31",
        "MNTN_ID" : "472503101"
      },
      "geometry" : {
        "paths" : [
          [
            [
              307080.01120000333,
              421251.75569999963
            ],
            [
              307070.07100000232,
              421242.93040000089
            ],
            [
              307063.27540000156,
              421240.65690000169
            ],
            [
              307064.09750000387,
              421238.86879999936
            ],
            [
              307058.17820000276,
              421237.12649999931
            ],
            [
              307055.47179999948,
              421233.51229999959
            ],
            [
              307048.78000000305,
              421230.66829999909
            ],
            [
              307047.99469999876,
              421226.67730000243
            ],
            [
              307033.48180000018,
              421226.07679999992
            ],
            [
              307026.34829999972,
              421222.0241000019
            ],
            [
              307022.18570000213,
              421221.96550000273
            ],
            [
              307013.52740000281,
              421218.16200000234
            ],
            [
              307012.5045000026,
              421215.59820000269
            ],
            [
              307009.43010000326,
              421213.8041999992
            ],
            [
              307005.1464999998,
              421212.64470000193
            ],
            [
              307005.2741000019,
              421210.14159999788
            ],
            [
              306999.66080000065,
              421207.64950000122
            ],
            [
              306997.38280000072,
              421206.59490000084
            ],
            [
              306992.14420000091,
              421204.40850000083
            ],
            [
              306986.79130000342,
              421200.2070000004
            ],
            [
              306980.7947000023,
              421188.87089999951
            ],
            [
              306970.85440000053,
              421183.13230000623
            ],
            [
              306966.18330000248,
              421182.96880000085
            ],
            [
              306963.9039000012,
              421179.99840000458
            ],
            [
              306960.27130000293,
              421178.52260000259
            ],
            [
              306951.62940000184,
              421167.18710000068
            ],
            [
              306927.47329999972,
              421152.41810000129
            ],
            [
              306920.54890000541,
              421141.60229999945
            ],
            [
              306903.80920000188,
              421134.71070000157
            ],
            [
              306894.9525000006,
              421128.59420000017
            ],
            [
              306885.43209999986,
              421115.82330000214
            ],
            [
              306877.61660000309,
              421110.06160000525
            ],
            [
              306872.04620000347,
              421102.33080000058
            ],
            [
              306868.49020000175,
              421103.03170000203
            ],
            [
              306865.00750000123,
              421107.16900000162
            ],
            [
              306863.34939999972,
              421105.83780000545
            ],
            [
              306859.38360000215,
              421106.84479999915
            ],
            [
              306858.88510000333,
              421102.70529999956
            ],
            [
              306861.24899999984,
              421098.74970000423
            ],
            [
              306858.97660000157,
              421097.47380000167
            ],
            [
              306859.27680000104,
              421093.52150000073
            ],
            [
              306861.55130000133,
              421090.72709999979
            ],
            [
              306859.81480000354,
              421087.03420000337
            ],
            [
              306859.44380000141,
              421071.22499999963
            ],
            [
              306851.98910000082,
              421055.86240000278
            ],
            [
              306853.91550000291,
              421052.43330000155
            ],
            [
              306843.00100000203,
              421031.45109999739
            ],
            [
              306836.55630000308,
              421014.54910000041
            ],
            [
              306836.68380000256,
              421003.85050000437
            ],
            [
              306829.23550000042,
              420980.56140000001
            ],
            [
              306819.94010000303,
              420965.27670000121
            ],
            [
              306811.3451000005,
              420961.54759999923
            ],
            [
              306808.53050000221,
              420958.47990000062
            ],
            [
              306802.34200000297,
              420944.67610000446
            ],
            [
              306799.86870000325,
              420935.10870000161
            ],
            [
              306795.46620000154,
              420932.05230000243
            ],
            [
              306788.84390000347,
              420936.18070000038
            ],
            [
              306784.98060000315,
              420938.18430000171
            ],
            [
              306782.9962000018,
              420939.12610000186
            ],
            [
              306778.90460000467,
              420939.2947000023
            ],
            [
              306775.30920000095,
              420951.09430000186
            ],
            [
              306770.71159999911,
              420952.18130000308
            ],
            [
              306768.88870000094,
              420961.67610000074
            ],
            [
              306765.76790000312,
              420966.05380000174
            ],
            [
              306763.674300001,
              420968.27070000023
            ],
            [
              306761.68650000356,
              420965.89599999972
            ],
            [
              306756.22880000342,
              420966.35630000196
            ],
            [
              306754.19230000116,
              420967.88639999926
            ],
            [
              306747.4896000009,
              420968.14810000174
            ],
            [
              306744.43590000365,
              420968.30550000258
            ],
            [
              306735.63880000077,
              420957.11519999988
            ],
            [
              306727.91700000316,
              420953.50230000168
            ],
            [
              306724.74290000368,
              420952.85650000162
            ],
            [
              306707.65090000257,
              420942.16770000197
            ],
            [
              306701.91900000069,
              420941.76600000076
            ],
            [
              306697.64209999889,
              420938.89110000245
            ],
            [
              306689.08250000328,
              420936.90420000069
            ],
            [
              306688.4093000032,
              420935.16520000249
            ],
            [
              306678.54280000366,
              420932.91090000048
            ],
            [
              306674.87300000247,
              420932.59369999915
            ],
            [
              306671.26069999952,
              420935.8954000026
            ],
            [
              306669.48189999722,
              420932.32630000263
            ],
            [
              306660.17890000064,
              420932.0360000059
            ],
            [
              306660.89040000085,
              420931.2378000021
            ],
            [
              306657.9450000003,
              420932.67899999954
            ],
            [
              306655.77190000191,
              420931.23250000365
            ],
            [
              306652.54230000265,
              420936.65729999915
            ],
            [
              306642.28110000119,
              420942.21230000257
            ],
            [
              306635.83470000327,
              420947.8701000046
            ],
            [
              306623.05790000316,
              420949.42640000209
            ],
            [
              306620.75490000192,
              420951.04730000161
            ],
            [
              306610.82530000247,
              420949.34170000255
            ],
            [
              306601.70220000017,
              420951.7173999995
            ],
            [
              306594.10160000343,
              420945.29529999942
            ],
            [
              306590.24510000087,
              420946.80749999918
            ],
            [
              306589.79059999995,
              420942.79629999958
            ],
            [
              306579.67110000271,
              420941.32460000366
            ],
            [
              306580.33740000054,
              420937.98050000146
            ],
            [
              306575.78480000328,
              420934.8180999998
            ],
            [
              306562.04460000154,
              420938.48470000178
            ],
            [
              306550.84150000382,
              420933.6454000026
            ],
            [
              306546.72290000226,
              420934.59630000219
            ],
            [
              306536.41060000565,
              420938.81530000269
            ],
            [
              306534.76260000281,
              420940.90900000185
            ],
            [
              306527.7378999982,
              420940.64609999955
            ],
            [
              306527.66480000317,
              420943.72340000235
            ],
            [
              306513.89370000362,
              420952.35059999861
            ],
            [
              306514.11840000097,
              420960.63250000402
            ],
            [
              306500.26940000243,
              420961.22070000321
            ],
            [
              306498.36760000233,
              420963.18359999917
            ],
            [
              306495.01030000299,
              420963.06200000271
            ],
            [
              306487.41410000436,
              420971.83250000328
            ],
            [
              306480.26310000103,
              420985.81670000032
            ],
            [
              306466.43230000511,
              421002.63440000266
            ],
            [
              306457.22750000004,
              421006.53000000305
            ],
            [
              306447.71370000206,
              421005.62470000051
            ],
            [
              306444.38489999995,
              421006.03439999931
            ],
            [
              306438.37980000302,
              421006.72450000048
            ],
            [
              306434.63590000104,
              421004.0308000017
            ],
            [
              306427.97170000244,
              421005.72270000167
            ],
            [
              306415.90420000255,
              421003.38800000027
            ],
            [
              306411.61950000282,
              421004.45639999956
            ],
            [
              306403.28560000379,
              420999.73289999925
            ],
            [
              306396.82550000306,
              420999.54419999942
            ],
            [
              306391.08509999979,
              420999.85380000062
            ],
            [
              306382.2517000027,
              421001.97690000013
            ],
            [
              306375.34110000171,
              421002.02900000103
            ],
            [
              306368.90850000177,
              421000.99599999934
            ],
            [
              306366.07760000322,
              421003.31269999966
            ],
            [
              306357.35520000104,
              421004.61040000245
            ],
            [
              306345.05650000367,
              421003.20050000027
            ],
            [
              306339.52790000383,
              421008.50439999998
            ],
            [
              306333.35080000293,
              421020.12580000237
            ],
            [
              306328.34240000416,
              421022.52070000023
            ],
            [
              306329.25910000224,
              421025.86449999921
            ],
            [
              306320.09680000413,
              421029.74220000207
            ],
            [
              306318.99350000266,
              421033.30290000141
            ],
            [
              306300.85430000257,
              421043.03280000202
            ],
            [
              306297.9748999998,
              421051.49260000139
            ],
            [
              306288.04330000281,
              421054.16190000065
            ],
            [
              306288.33320000395,
              421057.96289999969
            ],
            [
              306281.70460000355,
              421059.9739000015
            ],
            [
              306262.13839999959,
              421073.00339999981
            ],
            [
              306259.51120000239,
              421083.95170000009
            ],
            [
              306233.31560000218,
              421094.87260000221
            ],
            [
              306225.03019999992,
              421093.40270000137
            ],
            [
              306214.02380000148,
              421095.9243999999
            ],
            [
              306198.21040000394,
              421095.43630000204
            ],
            [
              306187.5262000002,
              421097.58500000276
            ],
            [
              306173.89690000191,
              421103.89699999988
            ],
            [
              306170.55520000309,
              421109.87540000118
            ],
            [
              306166.53570000175,
              421112.72210000083
            ],
            [
              306162.4347000001,
              421114.41370000131
            ],
            [
              306156.88220000081,
              421116.21959999949
            ],
            [
              306149.52000000142,
              421117.3507000003
            ],
            [
              306145.47890000232,
              421118.30380000174
            ],
            [
              306139.71729999967,
              421116.91290000267
            ],
            [
              306126.03519999981,
              421115.58920000121
            ],
            [
              306120.14700000361,
              421109.41369999759
            ],
            [
              306119.16330000293,
              421100.00090000033
            ],
            [
              306105.2907000035,
              421095.66130000167
            ],
            [
              306098.03740000259,
              421095.28390000202
            ],
            [
              306087.89650000259,
              421097.65800000168
            ],
            [
              306083.22010000329,
              421101.1427000016
            ]
          ]
        ]
      }
    },
    {
      "attributes" : {
        "FID" : 5,
        "PMNTN_SN" : 34142,
        "MNTN_CODE" : "472503101",
        "MNTN_NM" : "식산",
        "PMNTN_NM" : "서곡동-거동동구간",
        "PMNTN_MAIN" : "석조귀부",
        "PMNTN_LT" : 1.05,
        "PMNTN_DFFL" : "쉬움",
        "PMNTN_UPPL" : 26,
        "PMNTN_GODN" : 18,
        "PMNTN_MTRQ" : " ",
        "PMNTN_CNRL" : " ",
        "PMNTN_CLS_" : " ",
        "PMNTN_RISK" : " ",
        "PMNTN_RECO" : " ",
        "DATA_STDR_" : "2016-12-31",
        "MNTN_ID" : "472503101"
      },
      "geometry" : {
        "paths" : [
          [
            [
              307132.6173000047,
              420965.06200000271
            ],
            [
              307129.29519999959,
              420955.99390000105
            ],
            [
              307125.01320000365,
              420951.83480000123
            ],
            [
              307125.7109000003,
              420943.69549999945
            ],
            [
              307124.00409999955,
              420943.83019999973
            ],
            [
              307120.75829999987,
              420938.58510000445
            ],
            [
              307121.07860000152,
              420934.27840000018
            ],
            [
              307111.19090000167,
              420925.95739999972
            ],
            [
              307109.15770000033,
              420920.04490000196
            ],
            [
              307109.2489000028,
              420916.44820000045
            ],
            [
              307106.30840000045,
              420911.98149999976
            ],
            [
              307098.46200000402,
              420911.18989999965
            ],
            [
              307095.46900000237,
              420907.74940000102
            ],
            [
              307092.88960000407,
              420901.64780000038
            ],
            [
              307091.99400000088,
              420893.56740000099
            ],
            [
              307093.48910000268,
              420886.78610000201
            ],
            [
              307085.9502000045,
              420872.99660000205
            ],
            [
              307079.37290000357,
              420866.67110000178
            ],
            [
              307080.39590000082,
              420858.5017000027
            ],
            [
              307076.70220000297,
              420851.25100000389
            ],
            [
              307070.74660000205,
              420844.53140000068
            ],
            [
              307069.37610000279,
              420845.4132000003
            ],
            [
              307065.13580000401,
              420843.12859999761
            ],
            [
              307062.02320000343,
              420831.67870000191
            ],
            [
              307063.7480000034,
              420823.07259999961
            ],
            [
              307061.90930000041,
              420815.79549999908
            ],
            [
              307060.05920000188,
              420816.82130000181
            ],
            [
              307056.75410000328,
              420815.26060000435
            ],
            [
              307052.35900000203,
              420807.50370000303
            ],
            [
              307046.13750000298,
              420802.13209999911
            ],
            [
              307043.5205000015,
              420794.95030000247
            ],
            [
              307038.36710000038,
              420792.63849999942
            ],
            [
              307037.64200000372,
              420789.06269999966
            ],
            [
              307032.83890000265,
              420785.69679999724
            ],
            [
              307029.42760000005,
              420779.0485999994
            ],
            [
              307029.2984000016,
              420770.59860000201
            ],
            [
              307024.17330000177,
              420770.88690000027
            ],
            [
              307015.34410000127,
              420764.66830000095
            ],
            [
              307010.26780000236,
              420763.2675999999
            ],
            [
              306997.41750000324,
              420748.0893000029
            ],
            [
              306991.27599999681,
              420750.73890000023
            ],
            [
              306986.36060000304,
              420747.0607000012
            ],
            [
              306986.64320000075,
              420742.0102000013
            ],
            [
              306983.09870000277,
              420738.29710000381
            ],
            [
              306983.3170000026,
              420733.19730000012
            ],
            [
              306976.68570000306,
              420732.26229999959
            ],
            [
              306974.50770000182,
              420728.90320000052
            ],
            [
              306974.86530000065,
              420717.04960000142
            ],
            [
              306971.51470000297,
              420702.75650000386
            ],
            [
              306972.35270000249,
              420698.85390000232
            ],
            [
              306967.95170000102,
              420672.67790000513
            ],
            [
              306969.58030000329,
              420668.16090000048
            ],
            [
              306967.60660000518,
              420665.04759999923
            ],
            [
              306967.42160000093,
              420660.10260000266
            ],
            [
              306964.15710000414,
              420655.33320000209
            ],
            [
              306960.17630000412,
              420655.27000000142
            ],
            [
              306957.39490000159,
              420648.945600003
            ],
            [
              306957.68120000418,
              420639.97780000046
            ],
            [
              306960.11700000521,
              420636.48820000142
            ],
            [
              306957.87390000187,
              420634.83830000274
            ],
            [
              306956.67950000055,
              420622.67110000364
            ],
            [
              306954.25840000249,
              420621.28659999929
            ],
            [
              306953.67929999996,
              420617.74090000242
            ],
            [
              306945.60890000593,
              420612.38029999845
            ],
            [
              306947.51110000629,
              420610.53170000203
            ],
            [
              306940.81219999865,
              420604.62409999967
            ],
            [
              306942.30020000041,
              420603.16220000014
            ],
            [
              306935.33050000295,
              420599.88130000047
            ],
            [
              306929.84980000276,
              420596.71160000004
            ],
            [
              306926.55050000176,
              420593.4309000019
            ],
            [
              306922.53650000039,
              420594.7199000027
            ],
            [
              306917.07080000266,
              420582.53370000049
            ],
            [
              306902.9056000011,
              420571.48980000243
            ],
            [
              306895.57790000364,
              420574.66900000162
            ],
            [
              306889.42840000242,
              420574.96169999987
            ],
            [
              306875.34460000228,
              420579.22030000016
            ],
            [
              306852.6379000023,
              420580.78539999947
            ],
            [
              306843.92290000245,
              420578.43310000002
            ],
            [
              306840.10250000004,
              420574.63849999942
            ],
            [
              306838.1137000015,
              420569.52460000105
            ],
            [
              306838.65400000289,
              420559.08730000257
            ],
            [
              306838.81820000336,
              420545.99220000021
            ],
            [
              306837.33930000383,
              420537.06680000015
            ],
            [
              306832.68590000365,
              420526.93180000037
            ],
            [
              306828.98249999993,
              420521.68140000105
            ],
            [
              306821.06570000015,
              420515.41840000264
            ],
            [
              306809.42390000075,
              420509.26570000127
            ],
            [
              306801.63760000002,
              420503.87290000357
            ],
            [
              306775.92870000191,
              420479.4373000022
            ],
            [
              306736.77480000257,
              420456.17950000428
            ],
            [
              306713.46830000356,
              420441.95869999938
            ],
            [
              306683.24200000241,
              420432.59119999968
            ],
            [
              306664.52780000214,
              420425.94649999961
            ],
            [
              306651.62250000145,
              420419.42500000261
            ],
            [
              306643.80130000226,
              420410.91629999876
            ],
            [
              306636.89180000592,
              420401.52690000087
            ],
            [
              306633.59300000314,
              420389.79680000246
            ],
            [
              306634.50700000301,
              420375.71719999798
            ],
            [
              306635.78720000014,
              420364.32770000026
            ],
            [
              306638.88830000348,
              420357.30389999971
            ],
            [
              306639.07780000195,
              420350.38149999827
            ],
            [
              306638.6612000037,
              420345.2182
            ],
            [
              306635.94150000252,
              420339.94690000266
            ],
            [
              306628.21490000188,
              420337.38389999978
            ],
            [
              306617.11030000262,
              420333.69510000199
            ],
            [
              306610.25080000143,
              420329.11820000038
            ],
            [
              306595.50220000092,
              420317.13110000081
            ],
            [
              306575.06930000242,
              420300.26899999939
            ],
            [
              306566.13920000289,
              420293.33460000157
            ],
            [
              306555.64159999881,
              420283.26700000465
            ],
            [
              306551.99440000206,
              420272.62340000458
            ]
          ]
        ]
      }
    },
    {
      "attributes" : {
        "FID" : 6,
        "PMNTN_SN" : 34143,
        "MNTN_CODE" : "472503101",
        "MNTN_NM" : "식산",
        "PMNTN_NM" : "서곡동-거동동구간",
        "PMNTN_MAIN" : " ",
        "PMNTN_LT" : 0.05,
        "PMNTN_DFFL" : "쉬움",
        "PMNTN_UPPL" : 1,
        "PMNTN_GODN" : 1,
        "PMNTN_MTRQ" : " ",
        "PMNTN_CNRL" : " ",
        "PMNTN_CLS_" : " ",
        "PMNTN_RISK" : " ",
        "PMNTN_RECO" : " ",
        "DATA_STDR_" : "2016-12-31",
        "MNTN_ID" : "472503101"
      },
      "geometry" : {
        "paths" : [
          [
            [
              308009.80840000324,
              422872.81780000217
            ],
            [
              308014.60330000054,
              422873.1454000026
            ],
            [
              308014.71910000313,
              422874.82870000415
            ],
            [
              308018.66000000387,
              422876.34039999917
            ],
            [
              308030.39750000462,
              422878.27950000204
            ],
            [
              308033.80250000302,
              422881.84560000338
            ],
            [
              308037.91240000259,
              422882.16260000318
            ],
            [
              308046.80150000378,
              422879.52170000039
            ],
            [
              308053.95530000236,
              422881.73220000044
            ],
            [
              308057.20730000362,
              422885.02659999952
            ]
          ]
        ]
      }
    },
    {
      "attributes" : {
        "FID" : 7,
        "PMNTN_SN" : 34144,
        "MNTN_CODE" : "472503101",
        "MNTN_NM" : "식산",
        "PMNTN_NM" : "서곡동-거동동구간",
        "PMNTN_MAIN" : " ",
        "PMNTN_LT" : 0.02,
        "PMNTN_DFFL" : "쉬움",
        "PMNTN_UPPL" : 1,
        "PMNTN_GODN" : 0,
        "PMNTN_MTRQ" : " ",
        "PMNTN_CNRL" : " ",
        "PMNTN_CLS_" : " ",
        "PMNTN_RISK" : " ",
        "PMNTN_RECO" : " ",
        "DATA_STDR_" : "2016-12-31",
        "MNTN_ID" : "472503101"
      },
      "geometry" : {
        "paths" : [
          [
            [
              307141.11470000353,
              420984.53800000064
            ],
            [
              307135.07910000253,
              420979.87859999947
            ],
            [
              307133.7137000002,
              420975.2367000021
            ],
            [
              307131.25520000234,
              420972.24000000022
            ],
            [
              307132.6173000047,
              420965.06200000271
            ]
          ]
        ]
      }
    }
  ]
}