{
  "displayFieldName" : "",
  "fieldAliases" : {
    "FID" : "FID",
    "PMNTN_SN" : "PMNTN_SN",
    "MNTN_CODE" : "MNTN_CODE",
    "MNTN_NM" : "MNTN_NM",
    "PMNTN_NM" : "PMNTN_NM",
    "PMNTN_MAIN" : "PMNTN_MAIN",
    "PMNTN_LT" : "PMNTN_LT",
    "PMNTN_DFFL" : "PMNTN_DFFL",
    "PMNTN_UPPL" : "PMNTN_UPPL",
    "PMNTN_GODN" : "PMNTN_GODN",
    "PMNTN_MTRQ" : "PMNTN_MTRQ",
    "PMNTN_CNRL" : "PMNTN_CNRL",
    "PMNTN_CLS_" : "PMNTN_CLS_",
    "PMNTN_RISK" : "PMNTN_RISK",
    "PMNTN_RECO" : "PMNTN_RECO",
    "DATA_STDR_" : "DATA_STDR_",
    "MNTN_ID" : "MNTN_ID"
  },
  "geometryType" : "esriGeometryPolyline",
  "spatialReference" : {
    "wkt" : "PROJCS[\"PCS_ITRF2000_TM\",GEOGCS[\"GCS_ITRF_2000\",DATUM[\"D_ITRF_2000\",SPHEROID[\"GRS_1980\",6378137.0,298.257222101]],PRIMEM[\"Greenwich\",0.0],UNIT[\"Degree\",0.0174532925199433]],PROJECTION[\"Transverse_Mercator\"],PARAMETER[\"False_Easting\",200000.0],PARAMETER[\"False_Northing\",600000.0],PARAMETER[\"Central_Meridian\",127.0],PARAMETER[\"Scale_Factor\",1.0],PARAMETER[\"Latitude_Of_Origin\",38.0],UNIT[\"Meter\",1.0]]"
  },
  "fields" : [
    {
      "name" : "FID",
      "type" : "esriFieldTypeOID",
      "alias" : "FID"
    },
    {
      "name" : "PMNTN_SN",
      "type" : "esriFieldTypeDouble",
      "alias" : "PMNTN_SN"
    },
    {
      "name" : "MNTN_CODE",
      "type" : "esriFieldTypeString",
      "alias" : "MNTN_CODE",
      "length" : 9
    },
    {
      "name" : "MNTN_NM",
      "type" : "esriFieldTypeString",
      "alias" : "MNTN_NM",
      "length" : 50
    },
    {
      "name" : "PMNTN_NM",
      "type" : "esriFieldTypeString",
      "alias" : "PMNTN_NM",
      "length" : 50
    },
    {
      "name" : "PMNTN_MAIN",
      "type" : "esriFieldTypeString",
      "alias" : "PMNTN_MAIN",
      "length" : 200
    },
    {
      "name" : "PMNTN_LT",
      "type" : "esriFieldTypeSingle",
      "alias" : "PMNTN_LT"
    },
    {
      "name" : "PMNTN_DFFL",
      "type" : "esriFieldTypeString",
      "alias" : "PMNTN_DFFL",
      "length" : 8
    },
    {
      "name" : "PMNTN_UPPL",
      "type" : "esriFieldTypeDouble",
      "alias" : "PMNTN_UPPL"
    },
    {
      "name" : "PMNTN_GODN",
      "type" : "esriFieldTypeDouble",
      "alias" : "PMNTN_GODN"
    },
    {
      "name" : "PMNTN_MTRQ",
      "type" : "esriFieldTypeString",
      "alias" : "PMNTN_MTRQ",
      "length" : 200
    },
    {
      "name" : "PMNTN_CNRL",
      "type" : "esriFieldTypeString",
      "alias" : "PMNTN_CNRL",
      "length" : 1
    },
    {
      "name" : "PMNTN_CLS_",
      "type" : "esriFieldTypeString",
      "alias" : "PMNTN_CLS_",
      "length" : 1
    },
    {
      "name" : "PMNTN_RISK",
      "type" : "esriFieldTypeString",
      "alias" : "PMNTN_RISK",
      "length" : 200
    },
    {
      "name" : "PMNTN_RECO",
      "type" : "esriFieldTypeString",
      "alias" : "PMNTN_RECO",
      "length" : 1
    },
    {
      "name" : "DATA_STDR_",
      "type" : "esriFieldTypeString",
      "alias" : "DATA_STDR_",
      "length" : 10
    },
    {
      "name" : "MNTN_ID",
      "type" : "esriFieldTypeString",
      "alias" : "MNTN_ID",
      "length" : 10
    }
  ],
  "features" : [
    {
      "attributes" : {
        "FID" : 0,
        "PMNTN_SN" : 31555,
        "MNTN_CODE" : "468302501",
        "MNTN_NM" : "선황산",
        "PMNTN_NM" : "선황리구간",
        "PMNTN_MAIN" : " ",
        "PMNTN_LT" : 0.27,
        "PMNTN_DFFL" : "쉬움",
        "PMNTN_UPPL" : 5,
        "PMNTN_GODN" : 3,
        "PMNTN_MTRQ" : " ",
        "PMNTN_CNRL" : " ",
        "PMNTN_CLS_" : " ",
        "PMNTN_RISK" : " ",
        "PMNTN_RECO" : "Y",
        "DATA_STDR_" : "2016-12-31",
        "MNTN_ID" : "468302501"
      },
      "geometry" : {
        "paths" : [
          [
            [
              160956.53369999956,
              235434.99520000257
            ],
            [
              160950.39580000378,
              235433.46460000239
            ],
            [
              160941.23079999909,
              235433.07110000215
            ],
            [
              160935.00500000175,
              235428.45010000095
            ],
            [
              160931.02359999996,
              235424.38179999962
            ],
            [
              160926.25480000023,
              235419.61989999935
            ],
            [
              160919.29640000034,
              235418.16180000268
            ],
            [
              160912.58970000315,
              235415.71710000001
            ],
            [
              160903.94470000174,
              235413.13780000061
            ],
            [
              160897.91780000087,
              235408.5848999992
            ],
            [
              160894.08680000063,
              235402.67800000124
            ],
            [
              160889.61589999963,
              235398.94009999931
            ],
            [
              160880.26030000113,
              235394.57700000145
            ],
            [
              160875.57609999925,
              235400.08400000073
            ],
            [
              160867.95910000242,
              235406.99770000018
            ],
            [
              160857.68520000018,
              235417.80360000022
            ],
            [
              160849.87660000008,
              235430.55580000207
            ],
            [
              160844.53550000302,
              235445.74340000004
            ],
            [
              160839.1612000009,
              235453.10410000198
            ],
            [
              160836.83719999995,
              235461.30650000088
            ],
            [
              160836.72080000117,
              235469.3022000026
            ],
            [
              160831.18540000357,
              235468.8489000015
            ],
            [
              160828.5867999997,
              235464.82260000147
            ],
            [
              160825.0184000032,
              235464.86500000209
            ],
            [
              160821.04340000264,
              235468.3460000027
            ],
            [
              160823.18710000068,
              235472.58049999923
            ],
            [
              160821.18080000114,
              235475.49170000106
            ],
            [
              160816.82380000129,
              235479.04689999856
            ],
            [
              160810.99390000012,
              235479.63770000264
            ],
            [
              160799.66189999972,
              235478.90039999969
            ],
            [
              160791.76640000008,
              235478.93900000304
            ],
            [
              160784.20070000179,
              235480.04580000229
            ],
            [
              160777.21630000137,
              235478.13380000554
            ],
            [
              160770.3032999998,
              235480.30990000069
            ],
            [
              160766.63700000197,
              235483.96319999918
            ],
            [
              160766.06450000033,
              235490.86820000038
            ],
            [
              160763.33370000124,
              235493.05290000327
            ]
          ]
        ]
      }
    }
  ]
}