{
  "displayFieldName" : "",
  "fieldAliases" : {
    "FID" : "FID",
    "PMNTN_SN" : "PMNTN_SN",
    "MNTN_CODE" : "MNTN_CODE",
    "MNTN_NM" : "MNTN_NM",
    "PMNTN_NM" : "PMNTN_NM",
    "PMNTN_MAIN" : "PMNTN_MAIN",
    "PMNTN_LT" : "PMNTN_LT",
    "PMNTN_DFFL" : "PMNTN_DFFL",
    "PMNTN_UPPL" : "PMNTN_UPPL",
    "PMNTN_GODN" : "PMNTN_GODN",
    "PMNTN_MTRQ" : "PMNTN_MTRQ",
    "PMNTN_CNRL" : "PMNTN_CNRL",
    "PMNTN_CLS_" : "PMNTN_CLS_",
    "PMNTN_RISK" : "PMNTN_RISK",
    "PMNTN_RECO" : "PMNTN_RECO",
    "DATA_STDR_" : "DATA_STDR_",
    "MNTN_ID" : "MNTN_ID"
  },
  "geometryType" : "esriGeometryPolyline",
  "spatialReference" : {
    "wkt" : "PROJCS[\"PCS_ITRF2000_TM\",GEOGCS[\"GCS_ITRF_2000\",DATUM[\"D_ITRF_2000\",SPHEROID[\"GRS_1980\",6378137.0,298.257222101]],PRIMEM[\"Greenwich\",0.0],UNIT[\"Degree\",0.0174532925199433]],PROJECTION[\"Transverse_Mercator\"],PARAMETER[\"False_Easting\",200000.0],PARAMETER[\"False_Northing\",600000.0],PARAMETER[\"Central_Meridian\",127.0],PARAMETER[\"Scale_Factor\",1.0],PARAMETER[\"Latitude_Of_Origin\",38.0],UNIT[\"Meter\",1.0]]"
  },
  "fields" : [
    {
      "name" : "FID",
      "type" : "esriFieldTypeOID",
      "alias" : "FID"
    },
    {
      "name" : "PMNTN_SN",
      "type" : "esriFieldTypeDouble",
      "alias" : "PMNTN_SN"
    },
    {
      "name" : "MNTN_CODE",
      "type" : "esriFieldTypeString",
      "alias" : "MNTN_CODE",
      "length" : 9
    },
    {
      "name" : "MNTN_NM",
      "type" : "esriFieldTypeString",
      "alias" : "MNTN_NM",
      "length" : 50
    },
    {
      "name" : "PMNTN_NM",
      "type" : "esriFieldTypeString",
      "alias" : "PMNTN_NM",
      "length" : 50
    },
    {
      "name" : "PMNTN_MAIN",
      "type" : "esriFieldTypeString",
      "alias" : "PMNTN_MAIN",
      "length" : 200
    },
    {
      "name" : "PMNTN_LT",
      "type" : "esriFieldTypeSingle",
      "alias" : "PMNTN_LT"
    },
    {
      "name" : "PMNTN_DFFL",
      "type" : "esriFieldTypeString",
      "alias" : "PMNTN_DFFL",
      "length" : 8
    },
    {
      "name" : "PMNTN_UPPL",
      "type" : "esriFieldTypeDouble",
      "alias" : "PMNTN_UPPL"
    },
    {
      "name" : "PMNTN_GODN",
      "type" : "esriFieldTypeDouble",
      "alias" : "PMNTN_GODN"
    },
    {
      "name" : "PMNTN_MTRQ",
      "type" : "esriFieldTypeString",
      "alias" : "PMNTN_MTRQ",
      "length" : 200
    },
    {
      "name" : "PMNTN_CNRL",
      "type" : "esriFieldTypeString",
      "alias" : "PMNTN_CNRL",
      "length" : 1
    },
    {
      "name" : "PMNTN_CLS_",
      "type" : "esriFieldTypeString",
      "alias" : "PMNTN_CLS_",
      "length" : 1
    },
    {
      "name" : "PMNTN_RISK",
      "type" : "esriFieldTypeString",
      "alias" : "PMNTN_RISK",
      "length" : 200
    },
    {
      "name" : "PMNTN_RECO",
      "type" : "esriFieldTypeString",
      "alias" : "PMNTN_RECO",
      "length" : 1
    },
    {
      "name" : "DATA_STDR_",
      "type" : "esriFieldTypeString",
      "alias" : "DATA_STDR_",
      "length" : 10
    },
    {
      "name" : "MNTN_ID",
      "type" : "esriFieldTypeString",
      "alias" : "MNTN_ID",
      "length" : 10
    }
  ],
  "features" : [
    {
      "attributes" : {
        "FID" : 0,
        "PMNTN_SN" : 52703,
        "MNTN_CODE" : "428106604",
        "MNTN_NM" : "하추리산막골",
        "PMNTN_NM" : "하추리구간",
        "PMNTN_MAIN" : " ",
        "PMNTN_LT" : 0.47,
        "PMNTN_DFFL" : "쉬움",
        "PMNTN_UPPL" : 8,
        "PMNTN_GODN" : 6,
        "PMNTN_MTRQ" : " ",
        "PMNTN_CNRL" : " ",
        "PMNTN_CLS_" : " ",
        "PMNTN_RISK" : " ",
        "PMNTN_RECO" : " ",
        "DATA_STDR_" : "2016-12-31",
        "MNTN_ID" : "428104901"
      },
      "geometry" : {
        "paths" : [
          [
            [
              316249.21380000096,
              604046.57340000011
            ],
            [
              316253.29789999966,
              604043.75709999911
            ],
            [
              316257.12619999982,
              604040.87590000033
            ],
            [
              316260.69840000011,
              604037.92970000021
            ],
            [
              316264.01470000017,
              604034.91850000061
            ],
            [
              316267.07500000019,
              604031.84249999933
            ],
            [
              316269.87930000015,
              604028.70150000229
            ],
            [
              316272.42769999988,
              604025.49550000019
            ],
            [
              316274.72009999957,
              604022.22470000386
            ],
            [
              316276.7566000009,
              604018.88880000077
            ],
            [
              316278.53710000031,
              604015.48809999973
            ],
            [
              316280.0616000006,
              604012.0223999992
            ],
            [
              316281.33019999973,
              604008.49180000275
            ],
            [
              316282.34279999975,
              604004.89620000124
            ],
            [
              316283.09939999972,
              604001.23580000177
            ],
            [
              316283.60010000132,
              603997.51030000113
            ],
            [
              316283.84480000101,
              603993.72000000067
            ],
            [
              316283.75210000202,
              603990.84390000254
            ],
            [
              316282.85040000081,
              603983.42500000261
            ],
            [
              316282.70520000067,
              603980.0449000001
            ],
            [
              316282.95660000015,
              603976.65980000235
            ],
            [
              316283.53970000055,
              603973.15560000017
            ],
            [
              316284.4598000003,
              603969.49890000001
            ],
            [
              316285.73310000077,
              603965.62490000203
            ],
            [
              316288.82660000026,
              603958.1948000025
            ],
            [
              316296.38030000031,
              603942.43840000033
            ],
            [
              316302.88110000081,
              603928.35210000165
            ],
            [
              316308.2284000013,
              603918.0001999978
            ],
            [
              316313.6157999998,
              603909.07310000062
            ],
            [
              316316.36259999964,
              603905.10000000149
            ],
            [
              316319.17209999915,
              603901.41320000216
            ],
            [
              316323.49620000087,
              603896.34329999983
            ],
            [
              316328.44900000095,
              603891.14349999838
            ],
            [
              316334.11540000048,
              603885.72120000049
            ],
            [
              316341.75710000191,
              603879.0353000015
            ],
            [
              316344.9513000017,
              603876.83890000172
            ],
            [
              316354.6978000002,
              603871.55250000022
            ],
            [
              316359.41440000106,
              603868.33889999986
            ],
            [
              316362.30059999973,
              603865.21040000021
            ],
            [
              316363.8487000009,
              603861.78760000318
            ],
            [
              316364.38450000063,
              603858.81810000166
            ],
            [
              316364.75570000056,
              603851.27119999751
            ],
            [
              316365.23390000127,
              603842.7741000019
            ],
            [
              316365.39320000075,
              603834.63170000166
            ],
            [
              316365.23390000127,
              603826.83030000329
            ],
            [
              316364.75570000056,
              603819.36270000041
            ],
            [
              316363.67000000086,
              603811.45910000242
            ],
            [
              316361.70850000065,
              603802.79600000195
            ],
            [
              316359.21329999994,
              603794.23850000277
            ],
            [
              316351.96750000026,
              603771.7666000016
            ],
            [
              316350.13819999993,
              603765.05040000193
            ],
            [
              316348.80140000023,
              603758.96450000443
            ],
            [
              316346.84850000124,
              603747.02940000221
            ],
            [
              316343.10350000113,
              603719.07880000025
            ],
            [
              316339.48920000065,
              603696.2276000008
            ],
            [
              316335.62540000211,
              603673.41590000317
            ],
            [
              316331.51210000087,
              603650.64400000125
            ],
            [
              316327.14920000173,
              603627.91160000302
            ]
          ]
        ]
      }
    },
    {
      "attributes" : {
        "FID" : 1,
        "PMNTN_SN" : 52704,
        "MNTN_CODE" : "428106604",
        "MNTN_NM" : "하추리산막골",
        "PMNTN_NM" : "하추리구간",
        "PMNTN_MAIN" : " ",
        "PMNTN_LT" : 1.14,
        "PMNTN_DFFL" : "쉬움",
        "PMNTN_UPPL" : 29,
        "PMNTN_GODN" : 20,
        "PMNTN_MTRQ" : " ",
        "PMNTN_CNRL" : " ",
        "PMNTN_CLS_" : " ",
        "PMNTN_RISK" : " ",
        "PMNTN_RECO" : " ",
        "DATA_STDR_" : "2016-12-31",
        "MNTN_ID" : "428104901"
      },
      "geometry" : {
        "paths" : [
          [
            [
              316249.21380000096,
              604046.57340000011
            ],
            [
              316279.68659999967,
              604081.22540000081
            ],
            [
              316296.10020000115,
              604118.88610000163
            ],
            [
              316305.00360000227,
              604155.40730000101
            ],
            [
              316318.17700000107,
              604184.99469999969
            ],
            [
              316342.51760000177,
              604209.88930000179
            ],
            [
              316360.41899999976,
              604255.88719999976
            ],
            [
              316382.37080000062,
              604272.13209999911
            ],
            [
              316419.45600000117,
              604279.75699999928
            ],
            [
              316445.93820000067,
              604259.52570000105
            ],
            [
              316468.2611999996,
              604254.0260000024
            ],
            [
              316492.38970000017,
              604291.15290000103
            ],
            [
              316498.08770000003,
              604326.48020000383
            ],
            [
              316476.65430000052,
              604373.72160000168
            ],
            [
              316449.77660000045,
              604401.21740000322
            ],
            [
              316429.71480000019,
              604421.23839999922
            ],
            [
              316398.30420000106,
              604435.91279999726
            ],
            [
              316371.74220000021,
              604452.37729999982
            ],
            [
              316363.42020000052,
              604461.40740000457
            ],
            [
              316319.08370000217,
              604456.31289999932
            ],
            [
              316263.32940000109,
              604460.58230000176
            ],
            [
              316202.22510000132,
              604497.72870000079
            ],
            [
              316163.82109999936,
              604529.35820000432
            ],
            [
              316097.470900001,
              604573.60320000164
            ],
            [
              316056.16520000156,
              604603.70420000143
            ],
            [
              316013.76560000051,
              604657.68290000036
            ],
            [
              315998.35520000104,
              604674.92860000022
            ],
            [
              315982.08710000012,
              604678.98330000043
            ],
            [
              315947.66579999961,
              604668.3571000006
            ]
          ]
        ]
      }
    },
    {
      "attributes" : {
        "FID" : 2,
        "PMNTN_SN" : 52705,
        "MNTN_CODE" : "428106604",
        "MNTN_NM" : "하추리산막골",
        "PMNTN_NM" : "하추리구간",
        "PMNTN_MAIN" : " ",
        "PMNTN_LT" : 0.81,
        "PMNTN_DFFL" : "쉬움",
        "PMNTN_UPPL" : 20,
        "PMNTN_GODN" : 14,
        "PMNTN_MTRQ" : " ",
        "PMNTN_CNRL" : " ",
        "PMNTN_CLS_" : " ",
        "PMNTN_RISK" : " ",
        "PMNTN_RECO" : " ",
        "DATA_STDR_" : "2016-12-31",
        "MNTN_ID" : "428104901"
      },
      "geometry" : {
        "paths" : [
          [
            [
              315925.83059999999,
              604658.12250000238
            ],
            [
              315908.7499000011,
              604640.8376000002
            ],
            [
              315902.81340000033,
              604627.85199999996
            ],
            [
              315895.67879999988,
              604605.84530000016
            ],
            [
              315883.24560000002,
              604584.69600000046
            ],
            [
              315880.55250000115,
              604556.01289999858
            ],
            [
              315883.89460000023,
              604527.78180000372
            ],
            [
              315876.14670000225,
              604504.43410000019
            ],
            [
              315864.12260000035,
              604479.80440000258
            ],
            [
              315868.49860000052,
              604454.2193
            ],
            [
              315872.83400000166,
              604430.2546000015
            ],
            [
              315884.65050000139,
              604417.50980000012
            ],
            [
              315919.90910000075,
              604389.03189999983
            ],
            [
              315924.64439999964,
              604369.09210000187
            ],
            [
              315936.30190000124,
              604339.09150000103
            ],
            [
              315939.34030000027,
              604314.95300000161
            ],
            [
              315970.24380000122,
              604297.61609999835
            ],
            [
              316016.30430000089,
              604279.69510000199
            ],
            [
              316036.29719999991,
              604265.71210000105
            ],
            [
              316057.16679999977,
              604233.28879999928
            ],
            [
              316093.83120000083,
              604204.24320000224
            ],
            [
              316105.26919999998,
              604178.52639999986
            ],
            [
              316124.57660000026,
              604139.36300000176
            ],
            [
              316144.97829999961,
              604120.75610000081
            ],
            [
              316158.78760000039,
              604110.59360000119
            ],
            [
              316180.51880000066,
              604088.66390000097
            ],
            [
              316215.68570000026,
              604062.48410000093
            ],
            [
              316236.6492999997,
              604043.29710000195
            ],
            [
              316249.21380000096,
              604046.57340000011
            ]
          ]
        ]
      }
    }
  ]
}