{
  "displayFieldName" : "",
  "fieldAliases" : {
    "FID" : "FID",
    "PMNTN_SPOT" : "PMNTN_SPOT",
    "MNTN_CODE" : "MNTN_CODE",
    "MANAGE_SP1" : "MANAGE_SP1",
    "MANAGE_SP2" : "MANAGE_SP2",
    "DETAIL_SPO" : "DETAIL_SPO",
    "ETC_MATTER" : "ETC_MATTER",
    "MNTN_NM" : "MNTN_NM",
    "PAST_SPOT_" : "PAST_SPOT_",
    "MNTN_ID" : "MNTN_ID"
  },
  "geometryType" : "esriGeometryPoint",
  "spatialReference" : {
    "wkt" : "PROJCS[\"PCS_ITRF2000_TM\",GEOGCS[\"GCS_ITRF_2000\",DATUM[\"D_ITRF_2000\",SPHEROID[\"GRS_1980\",6378137.0,298.257222101]],PRIMEM[\"Greenwich\",0.0],UNIT[\"Degree\",0.0174532925199433]],PROJECTION[\"Transverse_Mercator\"],PARAMETER[\"False_Easting\",200000.0],PARAMETER[\"False_Northing\",600000.0],PARAMETER[\"Central_Meridian\",127.0],PARAMETER[\"Scale_Factor\",1.0],PARAMETER[\"Latitude_Of_Origin\",38.0],UNIT[\"Meter\",1.0]]"
  },
  "fields" : [
    {
      "name" : "FID",
      "type" : "esriFieldTypeOID",
      "alias" : "FID"
    },
    {
      "name" : "PMNTN_SPOT",
      "type" : "esriFieldTypeDouble",
      "alias" : "PMNTN_SPOT"
    },
    {
      "name" : "MNTN_CODE",
      "type" : "esriFieldTypeString",
      "alias" : "MNTN_CODE",
      "length" : 9
    },
    {
      "name" : "MANAGE_SP1",
      "type" : "esriFieldTypeString",
      "alias" : "MANAGE_SP1",
      "length" : 2
    },
    {
      "name" : "MANAGE_SP2",
      "type" : "esriFieldTypeString",
      "alias" : "MANAGE_SP2",
      "length" : 50
    },
    {
      "name" : "DETAIL_SPO",
      "type" : "esriFieldTypeString",
      "alias" : "DETAIL_SPO",
      "length" : 200
    },
    {
      "name" : "ETC_MATTER",
      "type" : "esriFieldTypeString",
      "alias" : "ETC_MATTER",
      "length" : 200
    },
    {
      "name" : "MNTN_NM",
      "type" : "esriFieldTypeString",
      "alias" : "MNTN_NM",
      "length" : 50
    },
    {
      "name" : "PAST_SPOT_",
      "type" : "esriFieldTypeString",
      "alias" : "PAST_SPOT_",
      "length" : 14
    },
    {
      "name" : "MNTN_ID",
      "type" : "esriFieldTypeString",
      "alias" : "MNTN_ID",
      "length" : 10
    }
  ],
  "features" : [
    {
      "attributes" : {
        "FID" : 0,
        "PMNTN_SPOT" : 17121,
        "MNTN_CODE" : "442300601",
        "MANAGE_SP1" : "10",
        "MANAGE_SP2" : "이정표",
        "DETAIL_SPO" : "상월초교와 나눠지는 이정표",
        "ETC_MATTER" : " ",
        "MNTN_NM" : "노성산",
        "PAST_SPOT_" : "24040706000001",
        "MNTN_ID" : "2404070600"
      },
      "geometry" : {
        "x" : 211310.81419999991,
        "y" : 410635.14090000279
      }
    },
    {
      "attributes" : {
        "FID" : 1,
        "PMNTN_SPOT" : 17122,
        "MNTN_CODE" : "442300601",
        "MANAGE_SP1" : "99",
        "MANAGE_SP2" : "기타",
        "DETAIL_SPO" : "로프시작",
        "ETC_MATTER" : " ",
        "MNTN_NM" : "노성산",
        "PAST_SPOT_" : "24040706000002",
        "MNTN_ID" : "2404070600"
      },
      "geometry" : {
        "x" : 211319.80060000066,
        "y" : 410585.80310000107
      }
    },
    {
      "attributes" : {
        "FID" : 2,
        "PMNTN_SPOT" : 17123,
        "MNTN_CODE" : "442300601",
        "MANAGE_SP1" : "99",
        "MANAGE_SP2" : "기타",
        "DETAIL_SPO" : "로프끝",
        "ETC_MATTER" : " ",
        "MNTN_NM" : "노성산",
        "PAST_SPOT_" : "24040706000003",
        "MNTN_ID" : "2404070600"
      },
      "geometry" : {
        "x" : 211323.45799999963,
        "y" : 410557.31030000187
      }
    },
    {
      "attributes" : {
        "FID" : 3,
        "PMNTN_SPOT" : 17124,
        "MNTN_CODE" : "442300601",
        "MANAGE_SP1" : "99",
        "MANAGE_SP2" : "기타",
        "DETAIL_SPO" : "로프시작",
        "ETC_MATTER" : " ",
        "MNTN_NM" : "노성산",
        "PAST_SPOT_" : "24040706000004",
        "MNTN_ID" : "2404070600"
      },
      "geometry" : {
        "x" : 211361.13169999979,
        "y" : 410370.28519999981
      }
    },
    {
      "attributes" : {
        "FID" : 4,
        "PMNTN_SPOT" : 17125,
        "MNTN_CODE" : "442300601",
        "MANAGE_SP1" : "99",
        "MANAGE_SP2" : "기타",
        "DETAIL_SPO" : "로프끝",
        "ETC_MATTER" : " ",
        "MNTN_NM" : "노성산",
        "PAST_SPOT_" : "24040706000005",
        "MNTN_ID" : "2404070600"
      },
      "geometry" : {
        "x" : 211374.67380000185,
        "y" : 410344.23059999943
      }
    },
    {
      "attributes" : {
        "FID" : 5,
        "PMNTN_SPOT" : 17126,
        "MNTN_CODE" : "442300601",
        "MANAGE_SP1" : "10",
        "MANAGE_SP2" : "이정표",
        "DETAIL_SPO" : "궐리사로 가는 이정표",
        "ETC_MATTER" : " ",
        "MNTN_NM" : "노성산",
        "PAST_SPOT_" : "24040706000006",
        "MNTN_ID" : "2404070600"
      },
      "geometry" : {
        "x" : 211683.55630000122,
        "y" : 409998.97870000266
      }
    },
    {
      "attributes" : {
        "FID" : 6,
        "PMNTN_SPOT" : 17127,
        "MNTN_CODE" : "442300601",
        "MANAGE_SP1" : "99",
        "MANAGE_SP2" : "기타",
        "DETAIL_SPO" : "로프시작",
        "ETC_MATTER" : " ",
        "MNTN_NM" : "노성산",
        "PAST_SPOT_" : "24040706000007",
        "MNTN_ID" : "2404070600"
      },
      "geometry" : {
        "x" : 211643.30120000057,
        "y" : 409963.50800000317
      }
    },
    {
      "attributes" : {
        "FID" : 7,
        "PMNTN_SPOT" : 17128,
        "MNTN_CODE" : "442300601",
        "MANAGE_SP1" : "99",
        "MANAGE_SP2" : "기타",
        "DETAIL_SPO" : "로프끝",
        "ETC_MATTER" : " ",
        "MNTN_NM" : "노성산",
        "PAST_SPOT_" : "24040706000008",
        "MNTN_ID" : "2404070600"
      },
      "geometry" : {
        "x" : 211575.58719999902,
        "y" : 409878.9907000009
      }
    },
    {
      "attributes" : {
        "FID" : 8,
        "PMNTN_SPOT" : 17129,
        "MNTN_CODE" : "442300601",
        "MANAGE_SP1" : "99",
        "MANAGE_SP2" : "기타",
        "DETAIL_SPO" : "공자석상",
        "ETC_MATTER" : " ",
        "MNTN_NM" : "노성산",
        "PAST_SPOT_" : "24040706000009",
        "MNTN_ID" : "2404070600"
      },
      "geometry" : {
        "x" : 211918.64570000209,
        "y" : 409394.20470000245
      }
    },
    {
      "attributes" : {
        "FID" : 9,
        "PMNTN_SPOT" : 17130,
        "MNTN_CODE" : "442300601",
        "MANAGE_SP1" : "99",
        "MANAGE_SP2" : "기타",
        "DETAIL_SPO" : "탑",
        "ETC_MATTER" : " ",
        "MNTN_NM" : "노성산",
        "PAST_SPOT_" : "24040706000010",
        "MNTN_ID" : "2404070600"
      },
      "geometry" : {
        "x" : 211937.8574000001,
        "y" : 409368.92110000364
      }
    },
    {
      "attributes" : {
        "FID" : 10,
        "PMNTN_SPOT" : 17131,
        "MNTN_CODE" : "442300601",
        "MANAGE_SP1" : "99",
        "MANAGE_SP2" : "기타",
        "DETAIL_SPO" : "노성향교",
        "ETC_MATTER" : " ",
        "MNTN_NM" : "노성산",
        "PAST_SPOT_" : "24040706000011",
        "MNTN_ID" : "2404070600"
      },
      "geometry" : {
        "x" : 211732.93740000017,
        "y" : 409336.82390000299
      }
    },
    {
      "attributes" : {
        "FID" : 11,
        "PMNTN_SPOT" : 17132,
        "MNTN_CODE" : "442300601",
        "MANAGE_SP1" : "99",
        "MANAGE_SP2" : "기타",
        "DETAIL_SPO" : "명재(윤증)고택",
        "ETC_MATTER" : " ",
        "MNTN_NM" : "노성산",
        "PAST_SPOT_" : "24040706000012",
        "MNTN_ID" : "2404070600"
      },
      "geometry" : {
        "x" : 211782.49950000178,
        "y" : 409354.62830000184
      }
    },
    {
      "attributes" : {
        "FID" : 12,
        "PMNTN_SPOT" : 17133,
        "MNTN_CODE" : "442300601",
        "MANAGE_SP1" : "99",
        "MANAGE_SP2" : "기타",
        "DETAIL_SPO" : "애향공원,정자,애향탑",
        "ETC_MATTER" : " ",
        "MNTN_NM" : "노성산",
        "PAST_SPOT_" : "24040706000013",
        "MNTN_ID" : "2404070600"
      },
      "geometry" : {
        "x" : 211464.19190000091,
        "y" : 409503.16359999962
      }
    },
    {
      "attributes" : {
        "FID" : 13,
        "PMNTN_SPOT" : 17134,
        "MNTN_CODE" : "442300601",
        "MANAGE_SP1" : "18",
        "MANAGE_SP2" : "주차장",
        "DETAIL_SPO" : "주차장",
        "ETC_MATTER" : " ",
        "MNTN_NM" : "노성산",
        "PAST_SPOT_" : "24040706000014",
        "MNTN_ID" : "2404070600"
      },
      "geometry" : {
        "x" : 211411.98090000264,
        "y" : 409530.67090000026
      }
    },
    {
      "attributes" : {
        "FID" : 14,
        "PMNTN_SPOT" : 17135,
        "MNTN_CODE" : "442300601",
        "MANAGE_SP1" : "06",
        "MANAGE_SP2" : "음수대",
        "DETAIL_SPO" : "음수대,운동기구",
        "ETC_MATTER" : " ",
        "MNTN_NM" : "노성산",
        "PAST_SPOT_" : "24040706000015",
        "MNTN_ID" : "2404070600"
      },
      "geometry" : {
        "x" : 211427.88239999954,
        "y" : 409539.59730000235
      }
    },
    {
      "attributes" : {
        "FID" : 15,
        "PMNTN_SPOT" : 17136,
        "MNTN_CODE" : "442300601",
        "MANAGE_SP1" : "04",
        "MANAGE_SP2" : "화장실",
        "DETAIL_SPO" : "화장실",
        "ETC_MATTER" : " ",
        "MNTN_NM" : "노성산",
        "PAST_SPOT_" : "24040706000016",
        "MNTN_ID" : "2404070600"
      },
      "geometry" : {
        "x" : 211404.3953000037,
        "y" : 409542.05190000124
      }
    },
    {
      "attributes" : {
        "FID" : 16,
        "PMNTN_SPOT" : 17137,
        "MNTN_CODE" : "442300601",
        "MANAGE_SP1" : "06",
        "MANAGE_SP2" : "음수대",
        "DETAIL_SPO" : "음수대",
        "ETC_MATTER" : " ",
        "MNTN_NM" : "노성산",
        "PAST_SPOT_" : "24040706000017",
        "MNTN_ID" : "2404070600"
      },
      "geometry" : {
        "x" : 211365.88010000065,
        "y" : 409740.19080000371
      }
    },
    {
      "attributes" : {
        "FID" : 17,
        "PMNTN_SPOT" : 17138,
        "MNTN_CODE" : "442300601",
        "MANAGE_SP1" : "07",
        "MANAGE_SP2" : "시설물(운동기구 등)",
        "DETAIL_SPO" : "운동기구1개소",
        "ETC_MATTER" : " ",
        "MNTN_NM" : "노성산",
        "PAST_SPOT_" : "24040706000018",
        "MNTN_ID" : "2404070600"
      },
      "geometry" : {
        "x" : 211357.15550000314,
        "y" : 409743.97440000437
      }
    },
    {
      "attributes" : {
        "FID" : 18,
        "PMNTN_SPOT" : 17139,
        "MNTN_CODE" : "442300601",
        "MANAGE_SP1" : "05",
        "MANAGE_SP2" : "벤치",
        "DETAIL_SPO" : "벤치 2개",
        "ETC_MATTER" : " ",
        "MNTN_NM" : "노성산",
        "PAST_SPOT_" : "24040706000019",
        "MNTN_ID" : "2404070600"
      },
      "geometry" : {
        "x" : 211299.62739999965,
        "y" : 409844.08720000274
      }
    },
    {
      "attributes" : {
        "FID" : 19,
        "PMNTN_SPOT" : 17140,
        "MNTN_CODE" : "442300601",
        "MANAGE_SP1" : "10",
        "MANAGE_SP2" : "이정표",
        "DETAIL_SPO" : "이정표",
        "ETC_MATTER" : " ",
        "MNTN_NM" : "노성산",
        "PAST_SPOT_" : "24040706000020",
        "MNTN_ID" : "2404070600"
      },
      "geometry" : {
        "x" : 211152.52260000166,
        "y" : 410022.69150000438
      }
    },
    {
      "attributes" : {
        "FID" : 20,
        "PMNTN_SPOT" : 17141,
        "MNTN_CODE" : "442300601",
        "MANAGE_SP1" : "05",
        "MANAGE_SP2" : "벤치",
        "DETAIL_SPO" : "벤치 3개",
        "ETC_MATTER" : " ",
        "MNTN_NM" : "노성산",
        "PAST_SPOT_" : "24040706000021",
        "MNTN_ID" : "2404070600"
      },
      "geometry" : {
        "x" : 211153.95100000035,
        "y" : 410026.96480000019
      }
    },
    {
      "attributes" : {
        "FID" : 21,
        "PMNTN_SPOT" : 17142,
        "MNTN_CODE" : "442300601",
        "MANAGE_SP1" : "04",
        "MANAGE_SP2" : "화장실",
        "DETAIL_SPO" : "화장실",
        "ETC_MATTER" : " ",
        "MNTN_NM" : "노성산",
        "PAST_SPOT_" : "24040706000022",
        "MNTN_ID" : "2404070600"
      },
      "geometry" : {
        "x" : 211144.18470000196,
        "y" : 410036.19160000235
      }
    },
    {
      "attributes" : {
        "FID" : 22,
        "PMNTN_SPOT" : 17143,
        "MNTN_CODE" : "442300601",
        "MANAGE_SP1" : "08",
        "MANAGE_SP2" : "가로등",
        "DETAIL_SPO" : "가로등끝",
        "ETC_MATTER" : " ",
        "MNTN_NM" : "노성산",
        "PAST_SPOT_" : "24040706000023",
        "MNTN_ID" : "2404070600"
      },
      "geometry" : {
        "x" : 211157.04160000104,
        "y" : 410030.39699999988
      }
    },
    {
      "attributes" : {
        "FID" : 23,
        "PMNTN_SPOT" : 17144,
        "MNTN_CODE" : "442300601",
        "MANAGE_SP1" : "05",
        "MANAGE_SP2" : "벤치",
        "DETAIL_SPO" : "벤치2",
        "ETC_MATTER" : " ",
        "MNTN_NM" : "노성산",
        "PAST_SPOT_" : "24040706000024",
        "MNTN_ID" : "2404070600"
      },
      "geometry" : {
        "x" : 211264.08490000013,
        "y" : 410216.78060000017
      }
    },
    {
      "attributes" : {
        "FID" : 24,
        "PMNTN_SPOT" : 17145,
        "MNTN_CODE" : "442300601",
        "MANAGE_SP1" : "05",
        "MANAGE_SP2" : "벤치",
        "DETAIL_SPO" : "벤치2",
        "ETC_MATTER" : " ",
        "MNTN_NM" : "노성산",
        "PAST_SPOT_" : "24040706000025",
        "MNTN_ID" : "2404070600"
      },
      "geometry" : {
        "x" : 211252.58709999919,
        "y" : 410405.18380000256
      }
    },
    {
      "attributes" : {
        "FID" : 25,
        "PMNTN_SPOT" : 17146,
        "MNTN_CODE" : "442300601",
        "MANAGE_SP1" : "05",
        "MANAGE_SP2" : "벤치",
        "DETAIL_SPO" : "벤치2",
        "ETC_MATTER" : " ",
        "MNTN_NM" : "노성산",
        "PAST_SPOT_" : "24040706000026",
        "MNTN_ID" : "2404070600"
      },
      "geometry" : {
        "x" : 211275.40430000052,
        "y" : 410613.49850000255
      }
    },
    {
      "attributes" : {
        "FID" : 26,
        "PMNTN_SPOT" : 17147,
        "MNTN_CODE" : "442300601",
        "MANAGE_SP1" : "99",
        "MANAGE_SP2" : "기타",
        "DETAIL_SPO" : "노성산성",
        "ETC_MATTER" : " ",
        "MNTN_NM" : "노성산",
        "PAST_SPOT_" : "24040706000027",
        "MNTN_ID" : "2404070600"
      },
      "geometry" : {
        "x" : 211141.33230000176,
        "y" : 410679.11710000411
      }
    },
    {
      "attributes" : {
        "FID" : 27,
        "PMNTN_SPOT" : 17148,
        "MNTN_CODE" : "442300601",
        "MANAGE_SP1" : "11",
        "MANAGE_SP2" : "안내판또는지도",
        "DETAIL_SPO" : "노성산성의 둘레 및 설명",
        "ETC_MATTER" : " ",
        "MNTN_NM" : "노성산",
        "PAST_SPOT_" : "24040706000028",
        "MNTN_ID" : "2404070600"
      },
      "geometry" : {
        "x" : 211146.86110000126,
        "y" : 410701.94940000214
      }
    },
    {
      "attributes" : {
        "FID" : 28,
        "PMNTN_SPOT" : 17149,
        "MNTN_CODE" : "442300601",
        "MANAGE_SP1" : "99",
        "MANAGE_SP2" : "기타",
        "DETAIL_SPO" : "사찰(금강대도)",
        "ETC_MATTER" : " ",
        "MNTN_NM" : "노성산",
        "PAST_SPOT_" : "24040706000029",
        "MNTN_ID" : "2404070600"
      },
      "geometry" : {
        "x" : 211053.30500000343,
        "y" : 410665.2947000023
      }
    },
    {
      "attributes" : {
        "FID" : 29,
        "PMNTN_SPOT" : 17150,
        "MNTN_CODE" : "442300601",
        "MANAGE_SP1" : "02",
        "MANAGE_SP2" : "분기점",
        "DETAIL_SPO" : "분기점",
        "ETC_MATTER" : " ",
        "MNTN_NM" : "노성산",
        "PAST_SPOT_" : "24040706000030",
        "MNTN_ID" : "2404070600"
      },
      "geometry" : {
        "x" : 211087.93369999994,
        "y" : 410681.20850000344
      }
    },
    {
      "attributes" : {
        "FID" : 30,
        "PMNTN_SPOT" : 17151,
        "MNTN_CODE" : "442300601",
        "MANAGE_SP1" : "99",
        "MANAGE_SP2" : "기타",
        "DETAIL_SPO" : "계단목시작",
        "ETC_MATTER" : " ",
        "MNTN_NM" : "노성산",
        "PAST_SPOT_" : "24040706000031",
        "MNTN_ID" : "2404070600"
      },
      "geometry" : {
        "x" : 211099.39020000398,
        "y" : 410688.7807
      }
    },
    {
      "attributes" : {
        "FID" : 31,
        "PMNTN_SPOT" : 17152,
        "MNTN_CODE" : "442300601",
        "MANAGE_SP1" : "99",
        "MANAGE_SP2" : "기타",
        "DETAIL_SPO" : "로프시작",
        "ETC_MATTER" : " ",
        "MNTN_NM" : "노성산",
        "PAST_SPOT_" : "24040706000032",
        "MNTN_ID" : "2404070600"
      },
      "geometry" : {
        "x" : 211133.96760000102,
        "y" : 410763.60220000148
      }
    },
    {
      "attributes" : {
        "FID" : 32,
        "PMNTN_SPOT" : 17153,
        "MNTN_CODE" : "442300601",
        "MANAGE_SP1" : "99",
        "MANAGE_SP2" : "기타",
        "DETAIL_SPO" : "로프끝",
        "ETC_MATTER" : " ",
        "MNTN_NM" : "노성산",
        "PAST_SPOT_" : "24040706000033",
        "MNTN_ID" : "2404070600"
      },
      "geometry" : {
        "x" : 211179.04540000018,
        "y" : 410818.84029999934
      }
    },
    {
      "attributes" : {
        "FID" : 33,
        "PMNTN_SPOT" : 17154,
        "MNTN_CODE" : "442300601",
        "MANAGE_SP1" : "99",
        "MANAGE_SP2" : "기타",
        "DETAIL_SPO" : "계단목끝",
        "ETC_MATTER" : " ",
        "MNTN_NM" : "노성산",
        "PAST_SPOT_" : "24040706000034",
        "MNTN_ID" : "2404070600"
      },
      "geometry" : {
        "x" : 211133.84840000048,
        "y" : 410851.77480000257
      }
    },
    {
      "attributes" : {
        "FID" : 34,
        "PMNTN_SPOT" : 17155,
        "MNTN_CODE" : "442300601",
        "MANAGE_SP1" : "03",
        "MANAGE_SP2" : "정자",
        "DETAIL_SPO" : "정자(노성산정)",
        "ETC_MATTER" : " ",
        "MNTN_NM" : "노성산",
        "PAST_SPOT_" : "24040706000035",
        "MNTN_ID" : "2404070600"
      },
      "geometry" : {
        "x" : 211131.19160000142,
        "y" : 410860.33930000104
      }
    },
    {
      "attributes" : {
        "FID" : 35,
        "PMNTN_SPOT" : 17156,
        "MNTN_CODE" : "442300601",
        "MANAGE_SP1" : "23",
        "MANAGE_SP2" : "정상",
        "DETAIL_SPO" : "정상벤치",
        "ETC_MATTER" : " ",
        "MNTN_NM" : "노성산",
        "PAST_SPOT_" : "24040706000036",
        "MNTN_ID" : "2404070600"
      },
      "geometry" : {
        "x" : 211118.58040000033,
        "y" : 410870.2106999997
      }
    },
    {
      "attributes" : {
        "FID" : 36,
        "PMNTN_SPOT" : 17157,
        "MNTN_CODE" : "442300601",
        "MANAGE_SP1" : "99",
        "MANAGE_SP2" : "기타",
        "DETAIL_SPO" : "계단목끝",
        "ETC_MATTER" : " ",
        "MNTN_NM" : "노성산",
        "PAST_SPOT_" : "24040706000037",
        "MNTN_ID" : "2404070600"
      },
      "geometry" : {
        "x" : 211119.67200000025,
        "y" : 410863.43450000137
      }
    },
    {
      "attributes" : {
        "FID" : 37,
        "PMNTN_SPOT" : 17158,
        "MNTN_CODE" : "442300601",
        "MANAGE_SP1" : "05",
        "MANAGE_SP2" : "벤치",
        "DETAIL_SPO" : "벤치 2개",
        "ETC_MATTER" : " ",
        "MNTN_NM" : "노성산",
        "PAST_SPOT_" : "24040706000038",
        "MNTN_ID" : "2404070600"
      },
      "geometry" : {
        "x" : 211115.29619999975,
        "y" : 410845.24480000138
      }
    },
    {
      "attributes" : {
        "FID" : 38,
        "PMNTN_SPOT" : 17159,
        "MNTN_CODE" : "442300601",
        "MANAGE_SP1" : "05",
        "MANAGE_SP2" : "벤치",
        "DETAIL_SPO" : "벤치2개",
        "ETC_MATTER" : " ",
        "MNTN_NM" : "노성산",
        "PAST_SPOT_" : "24040706000039",
        "MNTN_ID" : "2404070600"
      },
      "geometry" : {
        "x" : 211057.74220000114,
        "y" : 410750.43960000202
      }
    },
    {
      "attributes" : {
        "FID" : 39,
        "PMNTN_SPOT" : 17160,
        "MNTN_CODE" : "442300601",
        "MANAGE_SP1" : "99",
        "MANAGE_SP2" : "기타",
        "DETAIL_SPO" : "계단목 끝",
        "ETC_MATTER" : " ",
        "MNTN_NM" : "노성산",
        "PAST_SPOT_" : "24040706000040",
        "MNTN_ID" : "2404070600"
      },
      "geometry" : {
        "x" : 211397.40610000025,
        "y" : 409707.3115999978
      }
    },
    {
      "attributes" : {
        "FID" : 40,
        "PMNTN_SPOT" : 17161,
        "MNTN_CODE" : "442300601",
        "MANAGE_SP1" : "99",
        "MANAGE_SP2" : "기타",
        "DETAIL_SPO" : "계단목, 로프시작",
        "ETC_MATTER" : " ",
        "MNTN_NM" : "노성산",
        "PAST_SPOT_" : "24040706000041",
        "MNTN_ID" : "2404070600"
      },
      "geometry" : {
        "x" : 212273.66200000048,
        "y" : 410580.66280000098
      }
    },
    {
      "attributes" : {
        "FID" : 41,
        "PMNTN_SPOT" : 17162,
        "MNTN_CODE" : "442300601",
        "MANAGE_SP1" : "99",
        "MANAGE_SP2" : "기타",
        "DETAIL_SPO" : "로프끝",
        "ETC_MATTER" : " ",
        "MNTN_NM" : "노성산",
        "PAST_SPOT_" : "24040706000042",
        "MNTN_ID" : "2404070600"
      },
      "geometry" : {
        "x" : 212225.61570000183,
        "y" : 410566.66469999962
      }
    },
    {
      "attributes" : {
        "FID" : 42,
        "PMNTN_SPOT" : 17163,
        "MNTN_CODE" : "442300601",
        "MANAGE_SP1" : "99",
        "MANAGE_SP2" : "기타",
        "DETAIL_SPO" : "계단목 끝",
        "ETC_MATTER" : " ",
        "MNTN_NM" : "노성산",
        "PAST_SPOT_" : "24040706000043",
        "MNTN_ID" : "2404070600"
      },
      "geometry" : {
        "x" : 212206.96490000095,
        "y" : 410564.60209999979
      }
    },
    {
      "attributes" : {
        "FID" : 43,
        "PMNTN_SPOT" : 17164,
        "MNTN_CODE" : "442300601",
        "MANAGE_SP1" : "99",
        "MANAGE_SP2" : "기타",
        "DETAIL_SPO" : "로프시작",
        "ETC_MATTER" : " ",
        "MNTN_NM" : "노성산",
        "PAST_SPOT_" : "24040706000044",
        "MNTN_ID" : "2404070600"
      },
      "geometry" : {
        "x" : 211498.25420000311,
        "y" : 410750.83320000023
      }
    },
    {
      "attributes" : {
        "FID" : 44,
        "PMNTN_SPOT" : 17165,
        "MNTN_CODE" : "442300601",
        "MANAGE_SP1" : "99",
        "MANAGE_SP2" : "기타",
        "DETAIL_SPO" : "로프끝",
        "ETC_MATTER" : " ",
        "MNTN_NM" : "노성산",
        "PAST_SPOT_" : "24040706000045",
        "MNTN_ID" : "2404070600"
      },
      "geometry" : {
        "x" : 211435.25250000414,
        "y" : 410736.44630000181
      }
    },
    {
      "attributes" : {
        "FID" : 45,
        "PMNTN_SPOT" : 17166,
        "MNTN_CODE" : "442300601",
        "MANAGE_SP1" : "99",
        "MANAGE_SP2" : "기타",
        "DETAIL_SPO" : "로프시작",
        "ETC_MATTER" : " ",
        "MNTN_NM" : "노성산",
        "PAST_SPOT_" : "24040706000046",
        "MNTN_ID" : "2404070600"
      },
      "geometry" : {
        "x" : 211375.25789999869,
        "y" : 410716.53610000573
      }
    },
    {
      "attributes" : {
        "FID" : 46,
        "PMNTN_SPOT" : 17167,
        "MNTN_CODE" : "442300601",
        "MANAGE_SP1" : "99",
        "MANAGE_SP2" : "기타",
        "DETAIL_SPO" : "로프끝",
        "ETC_MATTER" : " ",
        "MNTN_NM" : "노성산",
        "PAST_SPOT_" : "24040706000047",
        "MNTN_ID" : "2404070600"
      },
      "geometry" : {
        "x" : 211355.45180000085,
        "y" : 410677.06000000052
      }
    },
    {
      "attributes" : {
        "FID" : 47,
        "PMNTN_SPOT" : 17168,
        "MNTN_CODE" : "442300601",
        "MANAGE_SP1" : "99",
        "MANAGE_SP2" : "기타",
        "DETAIL_SPO" : "로프, 계단목 시작",
        "ETC_MATTER" : " ",
        "MNTN_NM" : "노성산",
        "PAST_SPOT_" : "24040706000048",
        "MNTN_ID" : "2404070600"
      },
      "geometry" : {
        "x" : 211339.51850000117,
        "y" : 410664.55670000426
      }
    },
    {
      "attributes" : {
        "FID" : 48,
        "PMNTN_SPOT" : 17169,
        "MNTN_CODE" : "442300601",
        "MANAGE_SP1" : "99",
        "MANAGE_SP2" : "기타",
        "DETAIL_SPO" : "계단목 시작",
        "ETC_MATTER" : " ",
        "MNTN_NM" : "노성산",
        "PAST_SPOT_" : "24040706000049",
        "MNTN_ID" : "2404070600"
      },
      "geometry" : {
        "x" : 211305.92179999966,
        "y" : 410642.42030000314
      }
    },
    {
      "attributes" : {
        "FID" : 49,
        "PMNTN_SPOT" : 17170,
        "MNTN_CODE" : "442300601",
        "MANAGE_SP1" : "22",
        "MANAGE_SP2" : "헬기장",
        "DETAIL_SPO" : "헬기장",
        "ETC_MATTER" : " ",
        "MNTN_NM" : "노성산",
        "PAST_SPOT_" : "24040706000050",
        "MNTN_ID" : "2404070600"
      },
      "geometry" : {
        "x" : 211255.85450000037,
        "y" : 410760.8449000027
      }
    },
    {
      "attributes" : {
        "FID" : 50,
        "PMNTN_SPOT" : 17171,
        "MNTN_CODE" : "442300601",
        "MANAGE_SP1" : "99",
        "MANAGE_SP2" : "기타",
        "DETAIL_SPO" : "계단목 시작",
        "ETC_MATTER" : " ",
        "MNTN_NM" : "노성산",
        "PAST_SPOT_" : "24040706000051",
        "MNTN_ID" : "2404070600"
      },
      "geometry" : {
        "x" : 211264.43259999994,
        "y" : 410615.55729999952
      }
    },
    {
      "attributes" : {
        "FID" : 51,
        "PMNTN_SPOT" : 17172,
        "MNTN_CODE" : "442300601",
        "MANAGE_SP1" : "10",
        "MANAGE_SP2" : "이정표",
        "DETAIL_SPO" : "이정표",
        "ETC_MATTER" : " ",
        "MNTN_NM" : "노성산",
        "PAST_SPOT_" : "24040706000052",
        "MNTN_ID" : "2404070600"
      },
      "geometry" : {
        "x" : 210669.46239999961,
        "y" : 410243.89350000024
      }
    },
    {
      "attributes" : {
        "FID" : 52,
        "PMNTN_SPOT" : 17173,
        "MNTN_CODE" : "442300601",
        "MANAGE_SP1" : "99",
        "MANAGE_SP2" : "기타",
        "DETAIL_SPO" : "저수지",
        "ETC_MATTER" : " ",
        "MNTN_NM" : "노성산",
        "PAST_SPOT_" : "24040706000053",
        "MNTN_ID" : "2404070600"
      },
      "geometry" : {
        "x" : 210535.84850000124,
        "y" : 409560.1978999991
      }
    },
    {
      "attributes" : {
        "FID" : 53,
        "PMNTN_SPOT" : 17174,
        "MNTN_CODE" : "442300601",
        "MANAGE_SP1" : "99",
        "MANAGE_SP2" : "기타",
        "DETAIL_SPO" : "노성산기도원",
        "ETC_MATTER" : " ",
        "MNTN_NM" : "노성산",
        "PAST_SPOT_" : "24040706000054",
        "MNTN_ID" : "2404070600"
      },
      "geometry" : {
        "x" : 210708.66920000128,
        "y" : 409824.75350000151
      }
    },
    {
      "attributes" : {
        "FID" : 54,
        "PMNTN_SPOT" : 17175,
        "MNTN_CODE" : "442300601",
        "MANAGE_SP1" : "10",
        "MANAGE_SP2" : "이정표",
        "DETAIL_SPO" : "이정표",
        "ETC_MATTER" : " ",
        "MNTN_NM" : "노성산",
        "PAST_SPOT_" : "24040706000055",
        "MNTN_ID" : "2404070600"
      },
      "geometry" : {
        "x" : 210938.14120000321,
        "y" : 410487.69470000081
      }
    },
    {
      "attributes" : {
        "FID" : 55,
        "PMNTN_SPOT" : 17176,
        "MNTN_CODE" : "442300601",
        "MANAGE_SP1" : "99",
        "MANAGE_SP2" : "기타",
        "DETAIL_SPO" : "계단목시작",
        "ETC_MATTER" : " ",
        "MNTN_NM" : "노성산",
        "PAST_SPOT_" : "24040706000056",
        "MNTN_ID" : "2404070600"
      },
      "geometry" : {
        "x" : 210982.40580000076,
        "y" : 410546.62549999915
      }
    },
    {
      "attributes" : {
        "FID" : 56,
        "PMNTN_SPOT" : 17177,
        "MNTN_CODE" : "442300601",
        "MANAGE_SP1" : "99",
        "MANAGE_SP2" : "기타",
        "DETAIL_SPO" : "계단목끝",
        "ETC_MATTER" : " ",
        "MNTN_NM" : "노성산",
        "PAST_SPOT_" : "24040706000057",
        "MNTN_ID" : "2404070600"
      },
      "geometry" : {
        "x" : 211019.2845999999,
        "y" : 410618.78940000385
      }
    },
    {
      "attributes" : {
        "FID" : 57,
        "PMNTN_SPOT" : 17178,
        "MNTN_CODE" : "442300601",
        "MANAGE_SP1" : "99",
        "MANAGE_SP2" : "기타",
        "DETAIL_SPO" : "암자",
        "ETC_MATTER" : " ",
        "MNTN_NM" : "노성산",
        "PAST_SPOT_" : "24040706000058",
        "MNTN_ID" : "2404070600"
      },
      "geometry" : {
        "x" : 210922.48370000068,
        "y" : 410552.00960000046
      }
    },
    {
      "attributes" : {
        "FID" : 58,
        "PMNTN_SPOT" : 17179,
        "MNTN_CODE" : "442300601",
        "MANAGE_SP1" : "01",
        "MANAGE_SP2" : "시종점",
        "DETAIL_SPO" : "시종점,노성산성 안내판",
        "ETC_MATTER" : " ",
        "MNTN_NM" : "노성산",
        "PAST_SPOT_" : "24040706000059",
        "MNTN_ID" : "2404070600"
      },
      "geometry" : {
        "x" : 209963.5811999999,
        "y" : 412251.34310000204
      }
    },
    {
      "attributes" : {
        "FID" : 59,
        "PMNTN_SPOT" : 17180,
        "MNTN_CODE" : "442300601",
        "MANAGE_SP1" : "01",
        "MANAGE_SP2" : "시종점",
        "DETAIL_SPO" : "시종점",
        "ETC_MATTER" : " ",
        "MNTN_NM" : "노성산",
        "PAST_SPOT_" : "24040706000060",
        "MNTN_ID" : "2404070600"
      },
      "geometry" : {
        "x" : 210312.0290000001,
        "y" : 408828.20120000094
      }
    },
    {
      "attributes" : {
        "FID" : 60,
        "PMNTN_SPOT" : 17181,
        "MNTN_CODE" : "442300601",
        "MANAGE_SP1" : "02",
        "MANAGE_SP2" : "분기점",
        "DETAIL_SPO" : "금강대도(절)로 연결된 분기점",
        "ETC_MATTER" : " ",
        "MNTN_NM" : "노성산",
        "PAST_SPOT_" : "24040706000061",
        "MNTN_ID" : "2404070600"
      },
      "geometry" : {
        "x" : 210672.67500000075,
        "y" : 410252.50579999946
      }
    },
    {
      "attributes" : {
        "FID" : 61,
        "PMNTN_SPOT" : 17182,
        "MNTN_CODE" : "442300601",
        "MANAGE_SP1" : "99",
        "MANAGE_SP2" : "기타",
        "DETAIL_SPO" : "노성산성 유래",
        "ETC_MATTER" : " ",
        "MNTN_NM" : "노성산",
        "PAST_SPOT_" : "24040706000062",
        "MNTN_ID" : "2404070600"
      },
      "geometry" : {
        "x" : 211087.93369999994,
        "y" : 410681.20850000344
      }
    },
    {
      "attributes" : {
        "FID" : 62,
        "PMNTN_SPOT" : 17183,
        "MNTN_CODE" : "442300601",
        "MANAGE_SP1" : "02",
        "MANAGE_SP2" : "분기점",
        "DETAIL_SPO" : "노성산성 유래",
        "ETC_MATTER" : " ",
        "MNTN_NM" : "노성산",
        "PAST_SPOT_" : "24040706000063",
        "MNTN_ID" : "2404070600"
      },
      "geometry" : {
        "x" : 211092.92370000016,
        "y" : 410677.91779999994
      }
    },
    {
      "attributes" : {
        "FID" : 63,
        "PMNTN_SPOT" : 17184,
        "MNTN_CODE" : "442300601",
        "MANAGE_SP1" : "23",
        "MANAGE_SP2" : "정상",
        "DETAIL_SPO" : "노성산정상,삼각점,국기계양대",
        "ETC_MATTER" : " ",
        "MNTN_NM" : "노성산",
        "PAST_SPOT_" : "24040706000064",
        "MNTN_ID" : "2404070600"
      },
      "geometry" : {
        "x" : 211121.16940000374,
        "y" : 410869.52040000074
      }
    },
    {
      "attributes" : {
        "FID" : 64,
        "PMNTN_SPOT" : 17185,
        "MNTN_CODE" : "442300601",
        "MANAGE_SP1" : "02",
        "MANAGE_SP2" : "분기점",
        "DETAIL_SPO" : "임도분기길",
        "ETC_MATTER" : " ",
        "MNTN_NM" : "노성산",
        "PAST_SPOT_" : "24040706000065",
        "MNTN_ID" : "2404070600"
      },
      "geometry" : {
        "x" : 211148.81540000346,
        "y" : 410036.74240000173
      }
    },
    {
      "attributes" : {
        "FID" : 65,
        "PMNTN_SPOT" : 17186,
        "MNTN_CODE" : "442300601",
        "MANAGE_SP1" : "02",
        "MANAGE_SP2" : "분기점",
        "DETAIL_SPO" : "항공학교입구가 나오는 분기점",
        "ETC_MATTER" : " ",
        "MNTN_NM" : "노성산",
        "PAST_SPOT_" : "24040706000066",
        "MNTN_ID" : "2404070600"
      },
      "geometry" : {
        "x" : 211171.92019999959,
        "y" : 410472.05560000241
      }
    },
    {
      "attributes" : {
        "FID" : 66,
        "PMNTN_SPOT" : 17187,
        "MNTN_CODE" : "442300601",
        "MANAGE_SP1" : "02",
        "MANAGE_SP2" : "분기점",
        "DETAIL_SPO" : "Ⅰ-(2)와 접점",
        "ETC_MATTER" : " ",
        "MNTN_NM" : "노성산",
        "PAST_SPOT_" : "24040706000067",
        "MNTN_ID" : "2404070600"
      },
      "geometry" : {
        "x" : 211174.53050000034,
        "y" : 410676.82530000247
      }
    },
    {
      "attributes" : {
        "FID" : 67,
        "PMNTN_SPOT" : 17188,
        "MNTN_CODE" : "442300601",
        "MANAGE_SP1" : "02",
        "MANAGE_SP2" : "분기점",
        "DETAIL_SPO" : "분기점",
        "ETC_MATTER" : " ",
        "MNTN_NM" : "노성산",
        "PAST_SPOT_" : "24040706000068",
        "MNTN_ID" : "2404070600"
      },
      "geometry" : {
        "x" : 211180.24149999954,
        "y" : 410823.21420000121
      }
    },
    {
      "attributes" : {
        "FID" : 68,
        "PMNTN_SPOT" : 17189,
        "MNTN_CODE" : "442300601",
        "MANAGE_SP1" : "02",
        "MANAGE_SP2" : "분기점",
        "DETAIL_SPO" : "Ⅰ-(3)과 접점",
        "ETC_MATTER" : " ",
        "MNTN_NM" : "노성산",
        "PAST_SPOT_" : "24040706000069",
        "MNTN_ID" : "2404070600"
      },
      "geometry" : {
        "x" : 211268.18810000084,
        "y" : 410615.31410000101
      }
    },
    {
      "attributes" : {
        "FID" : 69,
        "PMNTN_SPOT" : 17190,
        "MNTN_CODE" : "442300601",
        "MANAGE_SP1" : "02",
        "MANAGE_SP2" : "분기점",
        "DETAIL_SPO" : "Ⅰ-(3)과 접점",
        "ETC_MATTER" : " ",
        "MNTN_NM" : "노성산",
        "PAST_SPOT_" : "24040706000070",
        "MNTN_ID" : "2404070600"
      },
      "geometry" : {
        "x" : 211271.23970000073,
        "y" : 410612.58919999935
      }
    },
    {
      "attributes" : {
        "FID" : 70,
        "PMNTN_SPOT" : 17191,
        "MNTN_CODE" : "442300601",
        "MANAGE_SP1" : "02",
        "MANAGE_SP2" : "분기점",
        "DETAIL_SPO" : "Ⅰ-(3)과 접점",
        "ETC_MATTER" : " ",
        "MNTN_NM" : "노성산",
        "PAST_SPOT_" : "24040706000071",
        "MNTN_ID" : "2404070600"
      },
      "geometry" : {
        "x" : 211296.86390000023,
        "y" : 410650.38660000823
      }
    },
    {
      "attributes" : {
        "FID" : 71,
        "PMNTN_SPOT" : 17192,
        "MNTN_CODE" : "442300601",
        "MANAGE_SP1" : "02",
        "MANAGE_SP2" : "분기점",
        "DETAIL_SPO" : "Ⅰ-(3)과 접점",
        "ETC_MATTER" : " ",
        "MNTN_NM" : "노성산",
        "PAST_SPOT_" : "24040706000072",
        "MNTN_ID" : "2404070600"
      },
      "geometry" : {
        "x" : 211309.36270000041,
        "y" : 410637.10779999942
      }
    },
    {
      "attributes" : {
        "FID" : 72,
        "PMNTN_SPOT" : 17193,
        "MNTN_CODE" : "442300601",
        "MANAGE_SP1" : "10",
        "MANAGE_SP2" : "이정표",
        "DETAIL_SPO" : "이정표,분기,계단목",
        "ETC_MATTER" : " ",
        "MNTN_NM" : "노성산",
        "PAST_SPOT_" : "24040706000073",
        "MNTN_ID" : "2404070600"
      },
      "geometry" : {
        "x" : 211347.84060000256,
        "y" : 409719.50150000118
      }
    },
    {
      "attributes" : {
        "FID" : 73,
        "PMNTN_SPOT" : 17194,
        "MNTN_CODE" : "442300601",
        "MANAGE_SP1" : "01",
        "MANAGE_SP2" : "시종점",
        "DETAIL_SPO" : "시종점,가로등시작(50m 간격으로 있음),산불보호자동음성기기",
        "ETC_MATTER" : " ",
        "MNTN_NM" : "노성산",
        "PAST_SPOT_" : "24040706000074",
        "MNTN_ID" : "2404070600"
      },
      "geometry" : {
        "x" : 211361.34910000116,
        "y" : 409560.65490000136
      }
    },
    {
      "attributes" : {
        "FID" : 74,
        "PMNTN_SPOT" : 17195,
        "MNTN_CODE" : "442300601",
        "MANAGE_SP1" : "01",
        "MANAGE_SP2" : "시종점",
        "DETAIL_SPO" : "시종점,가로등시작(50m 간격으로 있음),산불보호자동음성기기",
        "ETC_MATTER" : " ",
        "MNTN_NM" : "노성산",
        "PAST_SPOT_" : "24040706000075",
        "MNTN_ID" : "2404070600"
      },
      "geometry" : {
        "x" : 211381.00039999932,
        "y" : 409560.57249999978
      }
    },
    {
      "attributes" : {
        "FID" : 75,
        "PMNTN_SPOT" : 17196,
        "MNTN_CODE" : "442300601",
        "MANAGE_SP1" : "02",
        "MANAGE_SP2" : "분기점",
        "DETAIL_SPO" : "Ⅰ-(1)과 접점",
        "ETC_MATTER" : " ",
        "MNTN_NM" : "노성산",
        "PAST_SPOT_" : "24040706000076",
        "MNTN_ID" : "2404070600"
      },
      "geometry" : {
        "x" : 211416.20680000167,
        "y" : 409691.58190000057
      }
    },
    {
      "attributes" : {
        "FID" : 76,
        "PMNTN_SPOT" : 17197,
        "MNTN_CODE" : "442300601",
        "MANAGE_SP1" : "02",
        "MANAGE_SP2" : "분기점",
        "DETAIL_SPO" : "궐리사로 가는 분기점",
        "ETC_MATTER" : " ",
        "MNTN_NM" : "노성산",
        "PAST_SPOT_" : "24040706000077",
        "MNTN_ID" : "2404070600"
      },
      "geometry" : {
        "x" : 211683.36420000345,
        "y" : 409995.63700000383
      }
    },
    {
      "attributes" : {
        "FID" : 77,
        "PMNTN_SPOT" : 17198,
        "MNTN_CODE" : "442300601",
        "MANAGE_SP1" : "01",
        "MANAGE_SP2" : "시종점",
        "DETAIL_SPO" : "시종점,궐리사",
        "ETC_MATTER" : " ",
        "MNTN_NM" : "노성산",
        "PAST_SPOT_" : "24040706000078",
        "MNTN_ID" : "2404070600"
      },
      "geometry" : {
        "x" : 211973.4755000025,
        "y" : 409357.49980000034
      }
    },
    {
      "attributes" : {
        "FID" : 78,
        "PMNTN_SPOT" : 17199,
        "MNTN_CODE" : "442300601",
        "MANAGE_SP1" : "01",
        "MANAGE_SP2" : "시종점",
        "DETAIL_SPO" : "시종점,이정표",
        "ETC_MATTER" : " ",
        "MNTN_NM" : "노성산",
        "PAST_SPOT_" : "24040706000079",
        "MNTN_ID" : "2404070600"
      },
      "geometry" : {
        "x" : 212473.82810000144,
        "y" : 410562.54890000075
      }
    },
    {
      "attributes" : {
        "FID" : 79,
        "PMNTN_SPOT" : 17200,
        "MNTN_CODE" : "442300601",
        "MANAGE_SP1" : "01",
        "MANAGE_SP2" : "시종점",
        "DETAIL_SPO" : "시종점",
        "ETC_MATTER" : " ",
        "MNTN_NM" : "노성산",
        "PAST_SPOT_" : "24040706000080",
        "MNTN_ID" : "2404070600"
      },
      "geometry" : {
        "x" : 211175.10400000028,
        "y" : 410325.24200000241
      }
    },
    {
      "attributes" : {
        "FID" : 80,
        "PMNTN_SPOT" : 17201,
        "MNTN_CODE" : "442300601",
        "MANAGE_SP1" : "01",
        "MANAGE_SP2" : "시종점",
        "DETAIL_SPO" : "시종점",
        "ETC_MATTER" : " ",
        "MNTN_NM" : "노성산",
        "PAST_SPOT_" : "24040706000081",
        "MNTN_ID" : "2404070600"
      },
      "geometry" : {
        "x" : 211175.77649999969,
        "y" : 410312.59009999968
      }
    }
  ]
}