{
  "displayFieldName" : "",
  "fieldAliases" : {
    "FID" : "FID",
    "PMNTN_SN" : "PMNTN_SN",
    "MNTN_CODE" : "MNTN_CODE",
    "MNTN_NM" : "MNTN_NM",
    "PMNTN_NM" : "PMNTN_NM",
    "PMNTN_MAIN" : "PMNTN_MAIN",
    "PMNTN_LT" : "PMNTN_LT",
    "PMNTN_DFFL" : "PMNTN_DFFL",
    "PMNTN_UPPL" : "PMNTN_UPPL",
    "PMNTN_GODN" : "PMNTN_GODN",
    "PMNTN_MTRQ" : "PMNTN_MTRQ",
    "PMNTN_CNRL" : "PMNTN_CNRL",
    "PMNTN_CLS_" : "PMNTN_CLS_",
    "PMNTN_RISK" : "PMNTN_RISK",
    "PMNTN_RECO" : "PMNTN_RECO",
    "DATA_STDR_" : "DATA_STDR_",
    "MNTN_ID" : "MNTN_ID"
  },
  "geometryType" : "esriGeometryPolyline",
  "spatialReference" : {
    "wkt" : "PROJCS[\"PCS_ITRF2000_TM\",GEOGCS[\"GCS_ITRF_2000\",DATUM[\"D_ITRF_2000\",SPHEROID[\"GRS_1980\",6378137.0,298.257222101]],PRIMEM[\"Greenwich\",0.0],UNIT[\"Degree\",0.0174532925199433]],PROJECTION[\"Transverse_Mercator\"],PARAMETER[\"False_Easting\",200000.0],PARAMETER[\"False_Northing\",600000.0],PARAMETER[\"Central_Meridian\",127.0],PARAMETER[\"Scale_Factor\",1.0],PARAMETER[\"Latitude_Of_Origin\",38.0],UNIT[\"Meter\",1.0]]"
  },
  "fields" : [
    {
      "name" : "FID",
      "type" : "esriFieldTypeOID",
      "alias" : "FID"
    },
    {
      "name" : "PMNTN_SN",
      "type" : "esriFieldTypeDouble",
      "alias" : "PMNTN_SN"
    },
    {
      "name" : "MNTN_CODE",
      "type" : "esriFieldTypeString",
      "alias" : "MNTN_CODE",
      "length" : 9
    },
    {
      "name" : "MNTN_NM",
      "type" : "esriFieldTypeString",
      "alias" : "MNTN_NM",
      "length" : 50
    },
    {
      "name" : "PMNTN_NM",
      "type" : "esriFieldTypeString",
      "alias" : "PMNTN_NM",
      "length" : 50
    },
    {
      "name" : "PMNTN_MAIN",
      "type" : "esriFieldTypeString",
      "alias" : "PMNTN_MAIN",
      "length" : 200
    },
    {
      "name" : "PMNTN_LT",
      "type" : "esriFieldTypeSingle",
      "alias" : "PMNTN_LT"
    },
    {
      "name" : "PMNTN_DFFL",
      "type" : "esriFieldTypeString",
      "alias" : "PMNTN_DFFL",
      "length" : 8
    },
    {
      "name" : "PMNTN_UPPL",
      "type" : "esriFieldTypeDouble",
      "alias" : "PMNTN_UPPL"
    },
    {
      "name" : "PMNTN_GODN",
      "type" : "esriFieldTypeDouble",
      "alias" : "PMNTN_GODN"
    },
    {
      "name" : "PMNTN_MTRQ",
      "type" : "esriFieldTypeString",
      "alias" : "PMNTN_MTRQ",
      "length" : 200
    },
    {
      "name" : "PMNTN_CNRL",
      "type" : "esriFieldTypeString",
      "alias" : "PMNTN_CNRL",
      "length" : 1
    },
    {
      "name" : "PMNTN_CLS_",
      "type" : "esriFieldTypeString",
      "alias" : "PMNTN_CLS_",
      "length" : 1
    },
    {
      "name" : "PMNTN_RISK",
      "type" : "esriFieldTypeString",
      "alias" : "PMNTN_RISK",
      "length" : 200
    },
    {
      "name" : "PMNTN_RECO",
      "type" : "esriFieldTypeString",
      "alias" : "PMNTN_RECO",
      "length" : 1
    },
    {
      "name" : "DATA_STDR_",
      "type" : "esriFieldTypeString",
      "alias" : "DATA_STDR_",
      "length" : 10
    },
    {
      "name" : "MNTN_ID",
      "type" : "esriFieldTypeString",
      "alias" : "MNTN_ID",
      "length" : 10
    }
  ],
  "features" : [
    {
      "attributes" : {
        "FID" : 0,
        "PMNTN_SN" : 42201,
        "MNTN_CODE" : "488702801",
        "MNTN_NM" : "월경산",
        "PMNTN_NM" : " ",
        "PMNTN_MAIN" : " ",
        "PMNTN_LT" : 2.9,
        "PMNTN_DFFL" : "쉬움",
        "PMNTN_UPPL" : 51,
        "PMNTN_GODN" : 36,
        "PMNTN_MTRQ" : " ",
        "PMNTN_CNRL" : "Y",
        "PMNTN_CLS_" : " ",
        "PMNTN_RISK" : " ",
        "PMNTN_RECO" : " ",
        "DATA_STDR_" : "2016-12-31",
        "MNTN_ID" : "457402501"
      },
      "geometry" : {
        "paths" : [
          [
            [
              254603.0047999993,
              331417.44859999977
            ],
            [
              254630.09220000077,
              331443.98289999925
            ],
            [
              254655.13069999963,
              331457.93680000119
            ],
            [
              254696.89390000049,
              331436.08840000257
            ],
            [
              254741.57249999978,
              331423.21280000359
            ],
            [
              254775.7555999998,
              331456.37660000101
            ],
            [
              254799.52610000223,
              331491.62480000407
            ],
            [
              254819.28610000107,
              331535.22050000355
            ],
            [
              254840.30030000117,
              331561.77370000072
            ],
            [
              254862.25610000174,
              331597.22409999929
            ],
            [
              254877.0708000008,
              331626.3666999992
            ],
            [
              254893.83980000112,
              331650.70530000143
            ],
            [
              254911.9765000008,
              331681.08730000257
            ],
            [
              254933.57350000087,
              331712.53859999962
            ],
            [
              254951.48670000117,
              331749.19109999947
            ],
            [
              254940.95370000135,
              331794.17780000158
            ],
            [
              254928.72530000098,
              331826.00510000065
            ],
            [
              254927.93420000002,
              331878.3088000007
            ],
            [
              254945.49510000087,
              331917.63880000263
            ],
            [
              254970.1883000005,
              331959.7070000004
            ],
            [
              254996.67679999955,
              331987.32760000415
            ],
            [
              255029.98010000121,
              332010.73100000247
            ],
            [
              255070.21009999979,
              332033.85670000128
            ],
            [
              255098.34939999972,
              332014.05540000089
            ],
            [
              255131.96009999979,
              332007.32780000195
            ],
            [
              255166.24189999979,
              332040.62010000274
            ],
            [
              255204.39189999923,
              332061.14420000277
            ],
            [
              255241.22599999979,
              332057.89320000261
            ],
            [
              255286.22250000108,
              332082.15279999934
            ],
            [
              255315.90689999983,
              332125.38040000014
            ],
            [
              255328.00970000029,
              332157.44250000082
            ],
            [
              255329.00860000029,
              332160.08879999816
            ],
            [
              255339.93090000097,
              332186.2070000004
            ],
            [
              255341.20180000085,
              332215.23700000159
            ],
            [
              255349.09979999997,
              332253.28220000118
            ],
            [
              255353.94010000117,
              332291.25930000097
            ],
            [
              255354.97160000075,
              332319.93430000171
            ],
            [
              255348.22690000199,
              332349.90420000255
            ],
            [
              255338.02120000031,
              332386.98420000449
            ],
            [
              255325.73760000058,
              332415.78360000253
            ],
            [
              255306.43140000012,
              332442.66459999979
            ],
            [
              255292.09339999966,
              332482.31460000016
            ],
            [
              255280.30870000087,
              332518.36370000057
            ],
            [
              255271.75289999973,
              332559.74679999985
            ],
            [
              255265.54110000003,
              332584.70690000243
            ],
            [
              255255.02930000052,
              332626.94550000131
            ],
            [
              255250.86849999987,
              332662.62160000019
            ],
            [
              255249.36810000148,
              332675.48660000227
            ],
            [
              255239.05659999978,
              332714.28459999897
            ],
            [
              255205.58420000039,
              332727.7257000003
            ],
            [
              255199.25140000135,
              332733.29950000159
            ],
            [
              255174.38900000136,
              332755.18220000155
            ],
            [
              255152.09850000124,
              332792.21050000191
            ],
            [
              255138.25150000025,
              332818.44750000164
            ],
            [
              255130.03250000067,
              332834.02070000209
            ],
            [
              255112.89800000098,
              332867.67980000004
            ],
            [
              255098.67210000008,
              332909.65240000002
            ],
            [
              255092.21509999968,
              332946.09430000186
            ],
            [
              255091.01250000112,
              332988.73040000163
            ],
            [
              255084.18719999958,
              333031.81179999933
            ],
            [
              255094.97960000113,
              333072.36930000223
            ],
            [
              255108.84539999999,
              333124.44129999913
            ],
            [
              255096.41540000029,
              333175.24960000254
            ],
            [
              255079.02750000078,
              333203.93500000238
            ],
            [
              255071.75490000099,
              333233.62730000168
            ],
            [
              255078.23570000101,
              333277.01040000096
            ],
            [
              255100.38250000216,
              333311.9131000042
            ],
            [
              255120.53100000229,
              333340.08190000243
            ],
            [
              255126.32950000092,
              333377.00510000251
            ],
            [
              255130.14440000057,
              333413.37620000169
            ],
            [
              255142.7388000004,
              333439.92100000195
            ],
            [
              255156.75170000084,
              333465.14430000074
            ],
            [
              255163.72990000062,
              333476.98090000451
            ],
            [
              255173.77730000019,
              333494.02359999903
            ],
            [
              255178.94220000133,
              333506.2295000013
            ],
            [
              255186.90720000118,
              333525.05290000141
            ],
            [
              255202.9943000013,
              333554.82690000162
            ],
            [
              255219.50530000124,
              333583.39840000123
            ],
            [
              255244.62820000015,
              333606.5268000029
            ],
            [
              255275.53490000125,
              333644.08420000039
            ],
            [
              255290.48209999967,
              333668.61270000041
            ]
          ]
        ]
      }
    }
  ]
}