{
  "displayFieldName" : "",
  "fieldAliases" : {
    "FID" : "FID",
    "PMNTN_SPOT" : "PMNTN_SPOT",
    "MNTN_CODE" : "MNTN_CODE",
    "MANAGE_SP1" : "MANAGE_SP1",
    "MANAGE_SP2" : "MANAGE_SP2",
    "DETAIL_SPO" : "DETAIL_SPO",
    "ETC_MATTER" : "ETC_MATTER",
    "MNTN_NM" : "MNTN_NM",
    "PAST_SPOT_" : "PAST_SPOT_",
    "MNTN_ID" : "MNTN_ID"
  },
  "geometryType" : "esriGeometryPoint",
  "spatialReference" : {
    "wkt" : "PROJCS[\"PCS_ITRF2000_TM\",GEOGCS[\"GCS_ITRF_2000\",DATUM[\"D_ITRF_2000\",SPHEROID[\"GRS_1980\",6378137.0,298.257222101]],PRIMEM[\"Greenwich\",0.0],UNIT[\"Degree\",0.0174532925199433]],PROJECTION[\"Transverse_Mercator\"],PARAMETER[\"False_Easting\",200000.0],PARAMETER[\"False_Northing\",600000.0],PARAMETER[\"Central_Meridian\",127.0],PARAMETER[\"Scale_Factor\",1.0],PARAMETER[\"Latitude_Of_Origin\",38.0],UNIT[\"Meter\",1.0]]"
  },
  "fields" : [
    {
      "name" : "FID",
      "type" : "esriFieldTypeOID",
      "alias" : "FID"
    },
    {
      "name" : "PMNTN_SPOT",
      "type" : "esriFieldTypeDouble",
      "alias" : "PMNTN_SPOT"
    },
    {
      "name" : "MNTN_CODE",
      "type" : "esriFieldTypeString",
      "alias" : "MNTN_CODE",
      "length" : 9
    },
    {
      "name" : "MANAGE_SP1",
      "type" : "esriFieldTypeString",
      "alias" : "MANAGE_SP1",
      "length" : 2
    },
    {
      "name" : "MANAGE_SP2",
      "type" : "esriFieldTypeString",
      "alias" : "MANAGE_SP2",
      "length" : 50
    },
    {
      "name" : "DETAIL_SPO",
      "type" : "esriFieldTypeString",
      "alias" : "DETAIL_SPO",
      "length" : 200
    },
    {
      "name" : "ETC_MATTER",
      "type" : "esriFieldTypeString",
      "alias" : "ETC_MATTER",
      "length" : 200
    },
    {
      "name" : "MNTN_NM",
      "type" : "esriFieldTypeString",
      "alias" : "MNTN_NM",
      "length" : 50
    },
    {
      "name" : "PAST_SPOT_",
      "type" : "esriFieldTypeString",
      "alias" : "PAST_SPOT_",
      "length" : 14
    },
    {
      "name" : "MNTN_ID",
      "type" : "esriFieldTypeString",
      "alias" : "MNTN_ID",
      "length" : 10
    }
  ],
  "features" : [
    {
      "attributes" : {
        "FID" : 0,
        "PMNTN_SPOT" : 22376,
        "MNTN_CODE" : "438002801",
        "MANAGE_SP1" : "02",
        "MANAGE_SP2" : "분기점",
        "DETAIL_SPO" : "분기점",
        "ETC_MATTER" : " ",
        "MNTN_NM" : "도락산",
        "PAST_SPOT_" : "4380028010001",
        "MNTN_ID" : "438002801"
      },
      "geometry" : {
        "x" : 315543.7789195599,
        "y" : 475538.34375120699
      }
    },
    {
      "attributes" : {
        "FID" : 1,
        "PMNTN_SPOT" : 22377,
        "MNTN_CODE" : "438002801",
        "MANAGE_SP1" : "01",
        "MANAGE_SP2" : "시종점",
        "DETAIL_SPO" : "시종점",
        "ETC_MATTER" : " ",
        "MNTN_NM" : "도락산",
        "PAST_SPOT_" : "4380028010002",
        "MNTN_ID" : "438002801"
      },
      "geometry" : {
        "x" : 315559.32380000129,
        "y" : 475564.29279999994
      }
    },
    {
      "attributes" : {
        "FID" : 2,
        "PMNTN_SPOT" : 22378,
        "MNTN_CODE" : "438002801",
        "MANAGE_SP1" : "01",
        "MANAGE_SP2" : "시종점",
        "DETAIL_SPO" : "시종점",
        "ETC_MATTER" : " ",
        "MNTN_NM" : "도락산",
        "PAST_SPOT_" : "4380028010003",
        "MNTN_ID" : "438002801"
      },
      "geometry" : {
        "x" : 316047.8829678176,
        "y" : 473162.72773280367
      }
    },
    {
      "attributes" : {
        "FID" : 3,
        "PMNTN_SPOT" : 22379,
        "MNTN_CODE" : "438002801",
        "MANAGE_SP1" : "02",
        "MANAGE_SP2" : "분기점",
        "DETAIL_SPO" : "분기점",
        "ETC_MATTER" : " ",
        "MNTN_NM" : "도락산",
        "PAST_SPOT_" : "4380028010004",
        "MNTN_ID" : "438002801"
      },
      "geometry" : {
        "x" : 316468.40604904015,
        "y" : 474214.86441798881
      }
    },
    {
      "attributes" : {
        "FID" : 4,
        "PMNTN_SPOT" : 22380,
        "MNTN_CODE" : "438002801",
        "MANAGE_SP1" : "02",
        "MANAGE_SP2" : "분기점",
        "DETAIL_SPO" : "분기점",
        "ETC_MATTER" : " ",
        "MNTN_NM" : "도락산",
        "PAST_SPOT_" : "4380028010005",
        "MNTN_ID" : "438002801"
      },
      "geometry" : {
        "x" : 316726.19547127839,
        "y" : 474013.88050081767
      }
    },
    {
      "attributes" : {
        "FID" : 5,
        "PMNTN_SPOT" : 22381,
        "MNTN_CODE" : "438002801",
        "MANAGE_SP1" : "01",
        "MANAGE_SP2" : "시종점",
        "DETAIL_SPO" : "시종점",
        "ETC_MATTER" : " ",
        "MNTN_NM" : "도락산",
        "PAST_SPOT_" : "4380028010006",
        "MNTN_ID" : "438002801"
      },
      "geometry" : {
        "x" : 316933.20099641476,
        "y" : 473867.05710053816
      }
    }
  ]
}