{
  "displayFieldName" : "",
  "fieldAliases" : {
    "FID" : "FID",
    "PMNTN_SN" : "PMNTN_SN",
    "MNTN_CODE" : "MNTN_CODE",
    "MNTN_NM" : "MNTN_NM",
    "PMNTN_NM" : "PMNTN_NM",
    "PMNTN_MAIN" : "PMNTN_MAIN",
    "PMNTN_LT" : "PMNTN_LT",
    "PMNTN_DFFL" : "PMNTN_DFFL",
    "PMNTN_UPPL" : "PMNTN_UPPL",
    "PMNTN_GODN" : "PMNTN_GODN",
    "PMNTN_MTRQ" : "PMNTN_MTRQ",
    "PMNTN_CNRL" : "PMNTN_CNRL",
    "PMNTN_CLS_" : "PMNTN_CLS_",
    "PMNTN_RISK" : "PMNTN_RISK",
    "PMNTN_RECO" : "PMNTN_RECO",
    "DATA_STDR_" : "DATA_STDR_",
    "MNTN_ID" : "MNTN_ID"
  },
  "geometryType" : "esriGeometryPolyline",
  "spatialReference" : {
    "wkt" : "PROJCS[\"PCS_ITRF2000_TM\",GEOGCS[\"GCS_ITRF_2000\",DATUM[\"D_ITRF_2000\",SPHEROID[\"GRS_1980\",6378137.0,298.257222101]],PRIMEM[\"Greenwich\",0.0],UNIT[\"Degree\",0.0174532925199433]],PROJECTION[\"Transverse_Mercator\"],PARAMETER[\"False_Easting\",200000.0],PARAMETER[\"False_Northing\",600000.0],PARAMETER[\"Central_Meridian\",127.0],PARAMETER[\"Scale_Factor\",1.0],PARAMETER[\"Latitude_Of_Origin\",38.0],UNIT[\"Meter\",1.0]]"
  },
  "fields" : [
    {
      "name" : "FID",
      "type" : "esriFieldTypeOID",
      "alias" : "FID"
    },
    {
      "name" : "PMNTN_SN",
      "type" : "esriFieldTypeDouble",
      "alias" : "PMNTN_SN"
    },
    {
      "name" : "MNTN_CODE",
      "type" : "esriFieldTypeString",
      "alias" : "MNTN_CODE",
      "length" : 9
    },
    {
      "name" : "MNTN_NM",
      "type" : "esriFieldTypeString",
      "alias" : "MNTN_NM",
      "length" : 50
    },
    {
      "name" : "PMNTN_NM",
      "type" : "esriFieldTypeString",
      "alias" : "PMNTN_NM",
      "length" : 50
    },
    {
      "name" : "PMNTN_MAIN",
      "type" : "esriFieldTypeString",
      "alias" : "PMNTN_MAIN",
      "length" : 200
    },
    {
      "name" : "PMNTN_LT",
      "type" : "esriFieldTypeSingle",
      "alias" : "PMNTN_LT"
    },
    {
      "name" : "PMNTN_DFFL",
      "type" : "esriFieldTypeString",
      "alias" : "PMNTN_DFFL",
      "length" : 8
    },
    {
      "name" : "PMNTN_UPPL",
      "type" : "esriFieldTypeDouble",
      "alias" : "PMNTN_UPPL"
    },
    {
      "name" : "PMNTN_GODN",
      "type" : "esriFieldTypeDouble",
      "alias" : "PMNTN_GODN"
    },
    {
      "name" : "PMNTN_MTRQ",
      "type" : "esriFieldTypeString",
      "alias" : "PMNTN_MTRQ",
      "length" : 200
    },
    {
      "name" : "PMNTN_CNRL",
      "type" : "esriFieldTypeString",
      "alias" : "PMNTN_CNRL",
      "length" : 1
    },
    {
      "name" : "PMNTN_CLS_",
      "type" : "esriFieldTypeString",
      "alias" : "PMNTN_CLS_",
      "length" : 1
    },
    {
      "name" : "PMNTN_RISK",
      "type" : "esriFieldTypeString",
      "alias" : "PMNTN_RISK",
      "length" : 200
    },
    {
      "name" : "PMNTN_RECO",
      "type" : "esriFieldTypeString",
      "alias" : "PMNTN_RECO",
      "length" : 1
    },
    {
      "name" : "DATA_STDR_",
      "type" : "esriFieldTypeString",
      "alias" : "DATA_STDR_",
      "length" : 10
    },
    {
      "name" : "MNTN_ID",
      "type" : "esriFieldTypeString",
      "alias" : "MNTN_ID",
      "length" : 10
    }
  ],
  "features" : [
    {
      "attributes" : {
        "FID" : 0,
        "PMNTN_SN" : 12966,
        "MNTN_CODE" : "438002801",
        "MNTN_NM" : "도락산",
        "PMNTN_NM" : "가산리구간",
        "PMNTN_MAIN" : " ",
        "PMNTN_LT" : 0.03,
        "PMNTN_DFFL" : "쉬움",
        "PMNTN_UPPL" : 1,
        "PMNTN_GODN" : 0,
        "PMNTN_MTRQ" : " ",
        "PMNTN_CNRL" : " ",
        "PMNTN_CLS_" : " ",
        "PMNTN_RISK" : " ",
        "PMNTN_RECO" : " ",
        "DATA_STDR_" : "2016-12-31",
        "MNTN_ID" : "438002801"
      },
      "geometry" : {
        "paths" : [
          [
            [
              315559.32380000409,
              475564.29279999994
            ],
            [
              315557.70430000313,
              475555.62710000388
            ],
            [
              315555.07730000094,
              475548.62099999934
            ],
            [
              315552.42930000275,
              475545.61039999872
            ],
            [
              315549.43260000367,
              475545.59470000118
            ],
            [
              315545.0884000035,
              475542.90820000134
            ],
            [
              315543.80719999969,
              475538.90590000153
            ],
            [
              315543.77891956177,
              475538.34375120699
            ]
          ]
        ]
      }
    },
    {
      "attributes" : {
        "FID" : 1,
        "PMNTN_SN" : 12967,
        "MNTN_CODE" : "438002801",
        "MNTN_NM" : "도락산",
        "PMNTN_NM" : "벌천리구간",
        "PMNTN_MAIN" : " ",
        "PMNTN_LT" : 2.51,
        "PMNTN_DFFL" : "쉬움",
        "PMNTN_UPPL" : 94,
        "PMNTN_GODN" : 66,
        "PMNTN_MTRQ" : " ",
        "PMNTN_CNRL" : " ",
        "PMNTN_CLS_" : " ",
        "PMNTN_RISK" : " ",
        "PMNTN_RECO" : " ",
        "DATA_STDR_" : "2016-12-31",
        "MNTN_ID" : "438002801"
      },
      "geometry" : {
        "paths" : [
          [
            [
              316468.40604904201,
              474214.86441798881
            ],
            [
              316459.53332213033,
              474210.70208694413
            ],
            [
              316447.90812866297,
              474206.40569489636
            ],
            [
              316440.5183424456,
              474202.13147923537
            ],
            [
              316438.42835921701,
              474196.82613219135
            ],
            [
              316432.15009330958,
              474182.49836886488
            ],
            [
              316425.83301896881,
              474175.58256809972
            ],
            [
              316413.70334802382,
              474166.51857175305
            ],
            [
              316405.79245205503,
              474160.65330695361
            ],
            [
              316400.54808949679,
              474151.09592121467
            ],
            [
              316401.09969139472,
              474146.86328626052
            ],
            [
              316393.69881726708,
              474144.70677476563
            ],
            [
              316387.88622077554,
              474142.55857930705
            ],
            [
              316381.53311046213,
              474142.52531530522
            ],
            [
              316370.39299151022,
              474146.70251011662
            ],
            [
              316364.58593917545,
              474143.49546300247
            ],
            [
              316359.82665055431,
              474142.41166330501
            ],
            [
              316354.54348011501,
              474140.26623994112
            ],
            [
              316346.62149650138,
              474136.51867909916
            ],
            [
              316339.23448275961,
              474131.71503865905
            ],
            [
              316329.20588389412,
              474125.83868668228
            ],
            [
              316318.64508729056,
              474120.48898867145
            ],
            [
              316308.06488688383,
              474118.84527149051
            ],
            [
              316299.07019203994,
              474117.73929611593
            ],
            [
              316293.80088180862,
              474112.94674400613
            ],
            [
              316279.03794286214,
              474101.22176094167
            ],
            [
              316272.18589921854,
              474095.36204152927
            ],
            [
              316263.74003427848,
              474090.55285786837
            ],
            [
              316259.515715844,
              474088.41297897324
            ],
            [
              316251.06985098124,
              474083.60379545018
            ],
            [
              316246.32442269661,
              474079.87286731042
            ],
            [
              316239.9962610174,
              474075.0747717768
            ],
            [
              316231.00988266338,
              474072.38051961549
            ],
            [
              316224.13289158512,
              474071.2856326215
            ],
            [
              316217.25590055715,
              474070.19074564986
            ],
            [
              316212.4993845718,
              474068.57752075978
            ],
            [
              316204.01748462673,
              474070.6508724913
            ],
            [
              316192.86350837443,
              474077.47519612871
            ],
            [
              316171.65598709602,
              474083.18800080381
            ],
            [
              316161.60244208947,
              474082.07648203336
            ],
            [
              316154.17385011259,
              474085.21422890387
            ],
            [
              316144.08149777446,
              474091.51467021182
            ],
            [
              316130.82645108178,
              474095.15135098808
            ],
            [
              316120.74795880262,
              474098.80466349423
            ],
            [
              316108.03896996658,
              474099.26756185666
            ],
            [
              316093.20119064488,
              474101.83707507327
            ],
            [
              316082.04721552506,
              474108.66139751114
            ],
            [
              316069.83716112282,
              474114.95075014234
            ],
            [
              316067.68896660488,
              474120.7633446455
            ],
            [
              316065.54354404099,
              474126.04651344568
            ],
            [
              316059.71708965767,
              474126.54544724897
            ],
            [
              316056.04160182085,
              474120.70236097835
            ],
            [
              316039.11106851418,
              474118.49595483392
            ],
            [
              316026.92873447575,
              474119.49105052091
            ],
            [
              316021.09396438673,
              474121.57826129347
            ],
            [
              316017.88137467299,
              474128.44416278973
            ],
            [
              316010.9822093593,
              474131.58468078636
            ],
            [
              316009.89286615793,
              474137.40281886607
            ],
            [
              316008.78689092956,
              474146.3975107763
            ],
            [
              316002.88282079156,
              474161.72036227025
            ],
            [
              315986.47617019806,
              474160.57557876594
            ],
            [
              315973.21280950867,
              474165.80053478479
            ],
            [
              315971.56632036343,
              474176.91015675478
            ],
            [
              315973.64521457162,
              474184.33320350386
            ],
            [
              315957.20530027524,
              474189.54152696207
            ],
            [
              315936.57156180963,
              474186.78629003651
            ],
            [
              315919.10328924097,
              474186.16538771987
            ],
            [
              315899.48127839901,
              474192.41592984647
            ],
            [
              315880.37206132058,
              474201.84579712898
            ],
            [
              315870.27416716889,
              474209.20508638956
            ],
            [
              315862.26902692579,
              474221.34029364027
            ],
            [
              315856.93596277572,
              474228.72453095578
            ],
            [
              315851.61675884854,
              474233.46164043434
            ],
            [
              315844.20480119251,
              474233.42283175513
            ],
            [
              315836.24955781084,
              474236.02837872691
            ],
            [
              315821.92180372402,
              474242.30663975701
            ],
            [
              315806.01408942137,
              474246.9883078523
            ],
            [
              315795.37845404167,
              474255.9331005048
            ],
            [
              315783.70614420157,
              474260.63694474101
            ],
            [
              315771.5238134414,
              474261.63203827664
            ],
            [
              315753.49285382312,
              474267.36146849766
            ],
            [
              315742.25849146396,
              474289.53912544996
            ],
            [
              315737.41327165533,
              474304.86751570739
            ],
            [
              315737.29684363306,
              474327.10338594392
            ],
            [
              315733.98168525845,
              474353.55802731588
            ],
            [
              315725.98763281014,
              474363.57552957535
            ],
            [
              315722.76949808653,
              474371.50027892925
            ],
            [
              315717.42534501944,
              474381.00221610628
            ],
            [
              315713.65006330889,
              474394.21844786033
            ],
            [
              315714.67010424007,
              474401.63594869524
            ],
            [
              315711.9536731746,
              474414.85772462375
            ],
            [
              315709.7805281952,
              474425.43514531478
            ],
            [
              315714.48714197893,
              474436.57802956365
            ],
            [
              315713.87732357625,
              474451.9285959471
            ],
            [
              315716.94576134346,
              474472.59282227978
            ],
            [
              315719.465367781,
              474496.96025483683
            ],
            [
              315719.87836054713,
              474519.19889678434
            ],
            [
              315724.58220100868,
              474530.87120710686
            ],
            [
              315720.26640271582,
              474546.20236797631
            ],
            [
              315721.22268095613,
              474565.79665484466
            ],
            [
              315716.90688209236,
              474581.127815485
            ],
            [
              315713.10941941943,
              474598.57945010439
            ],
            [
              315715.69555695727,
              474610.24067167193
            ],
            [
              315716.16676476132,
              474621.36137874983
            ],
            [
              315714.52858739253,
              474630.88272032142
            ],
            [
              315719.78403013572,
              474638.32239967398
            ],
            [
              315723.98339419439,
              474645.227109069
            ],
            [
              315724.96462098043,
              474660.0565668568
            ],
            [
              315719.60105879139,
              474673.26448061503
            ],
            [
              315719.01895950548,
              474683.32079221122
            ],
            [
              315716.302524345,
              474696.54256733134
            ],
            [
              315706.71741960477,
              474707.08117484674
            ],
            [
              315697.063006524,
              474730.85541852191
            ],
            [
              315691.69667113572,
              474744.5927569028
            ],
            [
              315678.88788342662,
              474764.11496208236
            ],
            [
              315662.94412834011,
              474775.67915097252
            ],
            [
              315652.3306684345,
              474780.38853259012
            ],
            [
              315641.14342528116,
              474793.56594847701
            ],
            [
              315628.37899534963,
              474804.61734524556
            ],
            [
              315612.98684512451,
              474811.948901942
            ],
            [
              315601.80514678638,
              474824.06746607274
            ],
            [
              315593.23730660602,
              474842.55299662426
            ],
            [
              315586.85647788551,
              474847.81398171745
            ],
            [
              315569.85941742454,
              474858.31377240643
            ],
            [
              315555.50116677396,
              474870.41570089385
            ],
            [
              315549.66639803723,
              474872.50290578604
            ],
            [
              315539.01689747069,
              474884.09481539391
            ],
            [
              315531.54949388653,
              474894.64450860769
            ],
            [
              315528.82751137204,
              474908.92513106577
            ],
            [
              315525.63155216072,
              474912.61447391286
            ],
            [
              315517.54323209822,
              474940.63243080489
            ],
            [
              315511.15131349955,
              474948.01111615449
            ],
            [
              315506.358760776,
              474953.28041743115
            ],
            [
              315502.06513622496,
              474964.37616985291
            ],
            [
              315500.42695568781,
              474973.89750854298
            ],
            [
              315498.79986497294,
              474981.3011458423
            ],
            [
              315493.46679685451,
              474988.68537572213
            ],
            [
              315491.29919074103,
              474998.20394178294
            ],
            [
              315488.02837389987,
              475016.18776810542
            ],
            [
              315484.27249152586,
              475025.69801652618
            ],
            [
              315483.6377107352,
              475045.81340650469
            ],
            [
              315491.50146007445,
              475060.6789036002
            ],
            [
              315499.91126977652,
              475072.37062145956
            ],
            [
              315499.85581904463,
              475082.95912821032
            ],
            [
              315493.9739169497,
              475094.04656229354
            ],
            [
              315488.6269851923,
              475104.07791812345
            ],
            [
              315484.90160001256,
              475107.76448756084
            ],
            [
              315479.03356051445,
              475116.20479467139
            ],
            [
              315474.20773623325,
              475127.82719873451
            ],
            [
              315468.86912193894,
              475136.27027818747
            ],
            [
              315459.21747285128,
              475159.51508571394
            ],
            [
              315462.82363683265,
              475178.59380515479
            ],
            [
              315471.22512694728,
              475191.87379968539
            ],
            [
              315473.24301432911,
              475210.94420165755
            ],
            [
              315471.4551093718,
              475249.05450685881
            ],
            [
              315461.83395651262,
              475266.47563477606
            ],
            [
              315444.82025772613,
              475280.15196800977
            ],
            [
              315424.62168930657,
              475295.39994064346
            ],
            [
              315401.22161536105,
              475315.39610407874
            ],
            [
              315396.93075960409,
              475325.96242820844
            ],
            [
              315386.23966477625,
              475345.4957095813
            ],
            [
              315381.96267222427,
              475353.41490705684
            ],
            [
              315375.57075127214,
              475360.79358839057
            ],
            [
              315367.59887263924,
              475366.57567573152
            ],
            [
              315355.37772848643,
              475374.9827075731
            ],
            [
              315345.26319453865,
              475385.51853102446
            ],
            [
              315344.70604213886,
              475390.81001076289
            ],
            [
              315347.32266845461,
              475396.64755205996
            ],
            [
              315351.00369068701,
              475401.43178834394
            ],
            [
              315357.29579370283,
              475413.11241657473
            ],
            [
              315357.75035511609,
              475427.40967111662
            ],
            [
              315354.99509181269,
              475448.04339219816
            ],
            [
              315350.14430915564,
              475464.43062011525
            ],
            [
              315347.46390977316,
              475470.76985926554
            ],
            [
              315347.41677274369,
              475479.77008844726
            ],
            [
              315351.6161286952,
              475486.67479882948
            ],
            [
              315360.0231588427,
              475498.89594402164
            ],
            [
              315373.19224344008,
              475511.67146978527
            ],
            [
              315384.76473386027,
              475526.02695333771
            ],
            [
              315394.21952310391,
              475540.37134603038
            ],
            [
              315400.53657990787,
              475547.28714827821
            ],
            [
              315412.14234389085,
              475555.28952931799
            ],
            [
              315421.65536214504,
              475558.5159916915
            ],
            [
              315433.29162729718,
              475560.69469481334
            ],
            [
              315446.52725977357,
              475560.76401523687
            ],
            [
              315454.48527624458,
              475557.62905564904
            ],
            [
              315463.50491621625,
              475553.97021632083
            ],
            [
              315470.93628030922,
              475550.30305848271
            ],
            [
              315479.42649509571,
              475546.64144620672
            ],
            [
              315493.73207013588,
              475544.5986107327
            ],
            [
              315509.61483018566,
              475544.68179497309
            ],
            [
              315519.67391169071,
              475544.73447832838
            ],
            [
              315532.90954542439,
              475544.80379853584
            ],
            [
              315539.27928652894,
              475541.66052009724
            ],
            [
              315543.77891956177,
              475538.34375120699
            ]
          ]
        ]
      }
    },
    {
      "attributes" : {
        "FID" : 2,
        "PMNTN_SN" : 12968,
        "MNTN_CODE" : "438002801",
        "MNTN_NM" : "도락산",
        "PMNTN_NM" : "벌천리구간",
        "PMNTN_MAIN" : " ",
        "PMNTN_LT" : 2.15,
        "PMNTN_DFFL" : "쉬움",
        "PMNTN_UPPL" : 38,
        "PMNTN_GODN" : 27,
        "PMNTN_MTRQ" : " ",
        "PMNTN_CNRL" : " ",
        "PMNTN_CLS_" : " ",
        "PMNTN_RISK" : " ",
        "PMNTN_RECO" : " ",
        "DATA_STDR_" : "2016-12-31",
        "MNTN_ID" : "438002801"
      },
      "geometry" : {
        "paths" : [
          [
            [
              315543.77891956177,
              475538.34375120699
            ],
            [
              315543.50560000166,
              475532.91080000065
            ],
            [
              315542.86930000316,
              475527.24700000137
            ],
            [
              315540.23700000253,
              475521.23980000429
            ],
            [
              315536.93710000161,
              475515.56200000271
            ],
            [
              315536.30600000266,
              475508.89930000156
            ],
            [
              315537.34330000263,
              475501.57939999923
            ],
            [
              315542.69330000412,
              475497.27880000137
            ],
            [
              315546.04910000227,
              475492.30179999955
            ],
            [
              315549.08230000548,
              475485.32530000806
            ],
            [
              315551.43750000186,
              475480.67610000446
            ],
            [
              315553.78390000202,
              475477.69170000032
            ],
            [
              315560.7900000019,
              475475.06460000202
            ],
            [
              315569.12970000319,
              475472.11150000617
            ],
            [
              315571.80390000157,
              475470.127700001
            ],
            [
              315573.84000000358,
              475462.81310000271
            ],
            [
              315576.20210000407,
              475456.83200000226
            ],
            [
              315577.40241072234,
              475451.56139187701
            ],
            [
              315579.91350000259,
              475447.52830000035
            ],
            [
              315582.27910000272,
              475440.88120000251
            ],
            [
              315584.97420000192,
              475434.90190000273
            ],
            [
              315586.65990000311,
              475430.91510000266
            ],
            [
              315592.99490000214,
              475429.283400001
            ],
            [
              315596.34540000465,
              475425.30529999919
            ],
            [
              315599.37000000384,
              475419.99369999953
            ],
            [
              315601.06440000329,
              475414.34200000018
            ],
            [
              315602.42940000165,
              475408.02280000038
            ],
            [
              315601.12550000194,
              475402.6884000022
            ],
            [
              315598.82440000214,
              475397.01590000093
            ],
            [
              315597.85690000281,
              475391.01740000024
            ],
            [
              315592.57830000389,
              475381.66660000011
            ],
            [
              315591.62130000256,
              475373.67030000128
            ],
            [
              315590.64510000311,
              475369.33650000207
            ],
            [
              315592.01360000204,
              475362.35129999928
            ],
            [
              315595.02760000248,
              475359.0373999998
            ],
            [
              315597.71400000155,
              475354.72290000133
            ],
            [
              315601.72350000311,
              475352.08010000177
            ],
            [
              315609.40080000553,
              475348.45770000108
            ],
            [
              315614.7369000027,
              475346.82080000825
            ],
            [
              315621.08230000362,
              475343.191300001
            ],
            [
              315625.42650000285,
              475340.2173999995
            ],
            [
              315630.10360000469,
              475337.24510000274
            ],
            [
              315632.78120000288,
              475334.59539999999
            ],
            [
              315633.11250000075,
              475334.93010000139
            ],
            [
              315634.80520000402,
              475329.61140000075
            ],
            [
              315635.50070000254,
              475323.95460000262
            ],
            [
              315635.85809999891,
              475319.2949000001
            ],
            [
              315638.23240000382,
              475310.98310000077
            ],
            [
              315640.59110000264,
              475305.66790000349
            ],
            [
              315644.93000000156,
              475303.69280000217
            ],
            [
              315648.94120000768,
              475300.71710000001
            ],
            [
              315651.29110000562,
              475297.06670000032
            ],
            [
              315652.65440000221,
              475291.0803999994
            ],
            [
              315653.00650000013,
              475287.4196000006
            ],
            [
              315654.37320000306,
              475280.767300006
            ],
            [
              315657.0578000024,
              475276.78580000252
            ],
            [
              315659.75120000355,
              475271.13940000162
            ],
            [
              315660.11380000226,
              475265.48080000281
            ],
            [
              315661.13710000273,
              475260.8246000018
            ],
            [
              315660.84070000146,
              475253.83070000261
            ],
            [
              315657.86330000125,
              475250.15240000002
            ],
            [
              315653.2070000004,
              475249.12910000235
            ],
            [
              315651.55270000175,
              475247.12260000035
            ],
            [
              315650.91470000148,
              475241.79179999791
            ],
            [
              315649.28470000252,
              475235.12380000204
            ],
            [
              315648.63630000222,
              475231.79069999792
            ],
            [
              315646.59489999991,
              475224.96209999919
            ],
            [
              315646.37700000219,
              475218.12710000202
            ],
            [
              315647.38640000299,
              475216.13460000046
            ],
            [
              315649.07210000604,
              475212.14780000225
            ],
            [
              315648.73740000278,
              475212.47900000028
            ],
            [
              315650.75430000201,
              475208.82690000162
            ],
            [
              315652.76950000413,
              475205.50780000165
            ],
            [
              315656.11310000159,
              475202.86150000431
            ],
            [
              315659.7966,
              475198.88519999944
            ],
            [
              315663.15409999993,
              475193.57520000078
            ],
            [
              315665.83870000299,
              475189.59370000102
            ],
            [
              315670.51760000177,
              475186.28849999979
            ],
            [
              315674.85310000367,
              475184.97930000164
            ],
            [
              315677.86540000234,
              475181.99830000289
            ],
            [
              315680.88650000188,
              475177.3526000008
            ],
            [
              315683.56410000473,
              475174.70280000009
            ],
            [
              315690.56320000254,
              475173.40760000236
            ],
            [
              315693.90330000035,
              475171.42730000056
            ],
            [
              315699.57060000487,
              475170.12510000356
            ],
            [
              315703.90090000443,
              475169.81480000354
            ],
            [
              315708.89880000334,
              475169.17500000075
            ],
            [
              315716.56379999965,
              475167.88330000266
            ],
            [
              315723.57690000255,
              475163.92440000176
            ],
            [
              315726.26500000339,
              475159.27690000273
            ],
            [
              315729.95030000247,
              475154.96759999916
            ],
            [
              315732.62620000355,
              475152.65080000274
            ],
            [
              315735.31080000382,
              475148.66919999942
            ],
            [
              315738.32310000528,
              475145.68830000237
            ],
            [
              315742.98460000381,
              475145.71270000376
            ],
            [
              315747.98590000346,
              475144.40700000338
            ],
            [
              315753.31510000583,
              475144.10190000199
            ],
            [
              315758.64590000175,
              475143.46390000172
            ],
            [
              315765.97280000243,
              475143.16929999925
            ],
            [
              315770.96720000543,
              475143.19549999945
            ],
            [
              315776.2981000049,
              475142.55739999935
            ],
            [
              315782.96950000245,
              475140.26160000265
            ],
            [
              315782.63479999918,
              475140.59280000068
            ],
            [
              315787.96220000088,
              475140.62069999985
            ],
            [
              315796.28970000427,
              475139.99840000086
            ],
            [
              315804.26680000313,
              475142.70390000008
            ],
            [
              315810.90680000279,
              475146.40130000003
            ],
            [
              315817.22610000148,
              475147.76630000398
            ],
            [
              315825.86740000267,
              475150.80829999782
            ],
            [
              315831.86590000521,
              475149.84080000222
            ],
            [
              315839.87270000298,
              475146.88600000367
            ],
            [
              315844.87230000366,
              475145.91330000199
            ],
            [
              315851.54020000063,
              475144.28329999931
            ],
            [
              315855.52880000416,
              475145.63609999791
            ],
            [
              315856.5102000013,
              475148.97100000456
            ],
            [
              315860.49360000528,
              475151.32260000147
            ],
            [
              315865.82440000307,
              475150.68460000493
            ],
            [
              315869.16100000311,
              475149.37020000257
            ],
            [
              315876.80690000299,
              475151.74100000039
            ],
            [
              315880.45550000295,
              475154.42390000448
            ],
            [
              315885.77420000453,
              475156.11659999937
            ],
            [
              315892.09870000277,
              475156.48269999959
            ],
            [
              315900.42270000372,
              475156.52630000003
            ],
            [
              315906.40730000194,
              475158.22250000201
            ],
            [
              315912.37970000226,
              475162.24939999916
            ],
            [
              315923.01700000279,
              475165.63480000012
            ],
            [
              315929.32930000313,
              475168.33160000108
            ],
            [
              315934.31840000488,
              475169.35660000145
            ],
            [
              315940.30300000403,
              475171.05280000344
            ],
            [
              315945.29400000256,
              475171.74490000308
            ],
            [
              315949.95540000219,
              475171.7693000026
            ],
            [
              315956.29740000237,
              475168.80580000207
            ],
            [
              315965.30470000301,
              475165.52329999767
            ],
            [
              315965.97070000321,
              475165.52680000104
            ],
            [
              315968.99170000199,
              475160.88100000098
            ],
            [
              315972.67520000227,
              475156.90460000187
            ],
            [
              315977.02290000487,
              475153.26469999924
            ],
            [
              315980.37340000458,
              475149.28670000099
            ],
            [
              315985.05930000264,
              475144.64959999919
            ],
            [
              315988.40980000049,
              475140.67150000297
            ],
            [
              315992.42100000381,
              475137.6958000008
            ],
            [
              315996.43570000213,
              475134.05420000106
            ],
            [
              316000.11920000333,
              475130.07780000195
            ],
            [
              316005.47630000301,
              475124.44539999962
            ],
            [
              316011.16100000311,
              475119.81359999999
            ],
            [
              316017.51340000238,
              475114.85229999945
            ],
            [
              316022.52350000478,
              475111.88180000149
            ],
            [
              316027.20070000365,
              475108.909500001
            ],
            [
              316031.21360000595,
              475105.60089999996
            ],
            [
              316035.230100004,
              475101.62630000152
            ],
            [
              316038.26339999866,
              475094.64980000071
            ],
            [
              316043.62040000316,
              475089.01730000228
            ],
            [
              316052.3087000018,
              475083.06939999945
            ],
            [
              316057.6762000015,
              475075.43920000084
            ],
            [
              316062.68980000261,
              475071.80279999971
            ],
            [
              316070.03060000483,
              475068.84449999966
            ],
            [
              316077.364500002,
              475067.21800000034
            ],
            [
              316084.36539999954,
              475065.58980000019
            ],
            [
              316092.36340000387,
              475064.29980000295
            ],
            [
              316092.69990000315,
              475063.63569999859
            ],
            [
              316099.04710000195,
              475059.67330000177
            ],
            [
              316105.06130000297,
              475055.70910000242
            ],
            [
              316108.74300000258,
              475052.06570000201
            ],
            [
              316113.75140000414,
              475049.42820000462
            ],
            [
              316118.43030000199,
              475046.12300000153
            ],
            [
              316127.79500000272,
              475038.18080000021
            ],
            [
              316131.48200000357,
              475033.53850000352
            ],
            [
              316135.84710000269,
              475026.56900000386
            ],
            [
              316137.85360000003,
              475024.91460000165
            ],
            [
              316143.51390000246,
              475024.94429999962
            ],
            [
              316147.82670000102,
              475027.96360000223
            ],
            [
              316152.80550000258,
              475030.98640000075
            ],
            [
              316158.7953000078,
              475031.68370000087
            ],
            [
              316164.46610000264,
              475029.71560000442
            ],
            [
              316167.15589999873,
              475024.73509999923
            ],
            [
              316170.8394000018,
              475020.75880000181
            ],
            [
              316174.85760000348,
              475016.45120000094
            ],
            [
              316178.52540000342,
              475015.47149999999
            ],
            [
              316188.19520000461,
              475012.85840000212
            ],
            [
              316194.19720000308,
              475011.22500000149
            ],
            [
              316200.18360000197,
              475012.58819999918
            ],
            [
              316203.49050000496,
              475016.93410000391
            ],
            [
              316209.8011000026,
              475019.96390000358
            ],
            [
              316215.11970000248,
              475021.6566000022
            ],
            [
              316220.12110000383,
              475020.35090000182
            ],
            [
              316223.46470000409,
              475017.70470000245
            ],
            [
              316226.80300000403,
              475016.05730000138
            ],
            [
              316227.47420000378,
              475015.06190000102
            ],
            [
              316231.49240000267,
              475010.75429999828
            ],
            [
              316235.5053000031,
              475007.44559999928
            ],
            [
              316238.52460000012,
              475003.13280000165
            ],
            [
              316242.88800000213,
              474996.4963000007
            ],
            [
              316244.56680000573,
              474993.84129999951
            ],
            [
              316249.57510000188,
              474991.20380000211
            ],
            [
              316253.58110000286,
              474989.22690000013
            ],
            [
              316257.60450000223,
              474983.92049999908
            ],
            [
              316260.96730000246,
              474977.61169999838
            ],
            [
              316263.31540000252,
              474974.29430000111
            ],
            [
              316265.99480000325,
              474971.31160000153
            ],
            [
              316268.68290000223,
              474966.6641000025
            ],
            [
              316272.7116000019,
              474960.35870000161
            ],
            [
              316273.07420000248,
              474954.70010000095
            ],
            [
              316274.44790000375,
              474946.71600000188
            ],
            [
              316274.81920000259,
              474939.39260000177
            ],
            [
              316278.51140000019,
              474933.75149999931
            ],
            [
              316281.18900000304,
              474931.10180000216
            ],
            [
              316286.19570000283,
              474928.79719999991
            ],
            [
              316292.20120000374,
              474926.49780000187
            ],
            [
              316297.53900000267,
              474924.52800000273
            ],
            [
              316304.5382000003,
              474923.23270000145
            ],
            [
              316306.20990000293,
              474921.90960000269
            ],
            [
              316311.87730000354,
              474920.6074000001
            ],
            [
              316318.21570000425,
              474918.30980000272
            ],
            [
              316322.54420000408,
              474918.33250000142
            ],
            [
              316329.5434000073,
              474917.0372999981
            ],
            [
              316336.88070000336,
              474914.74490000121
            ],
            [
              316342.21160000004,
              474914.10690000094
            ],
            [
              316347.85970000178,
              474916.46719999984
            ],
            [
              316351.85180000402,
              474917.15410000086
            ],
            [
              316362.17350000516,
              474917.2081000004
            ],
            [
              316366.84720000345,
              474914.90180000104
            ],
            [
              316373.85510000121,
              474911.94180000201
            ],
            [
              316379.1947000036,
              474909.63890000246
            ],
            [
              316384.2013000017,
              474907.33440000191
            ],
            [
              316388.88890000246,
              474902.36439999938
            ],
            [
              316392.90880000032,
              474897.7237999998
            ],
            [
              316394.91710000299,
              474895.73650000244
            ],
            [
              316399.25250000227,
              474894.42740000784
            ],
            [
              316404.58510000538,
              474893.45639999956
            ],
            [
              316409.24830000103,
              474893.14780000038
            ],
            [
              316414.5792000033,
              474892.50980000012
            ],
            [
              316419.57360000163,
              474892.53600000031
            ],
            [
              316426.56580000184,
              474892.57259999961
            ],
            [
              316432.89200000279,
              474892.6056999974
            ],
            [
              316437.55000000261,
              474893.29600000195
            ],
            [
              316441.54380000196,
              474893.64990000241
            ],
            [
              316447.53190000448,
              474894.68020000122
            ],
            [
              316451.52390000504,
              474895.36700000241
            ],
            [
              316457.18430000357,
              474895.39670000039
            ],
            [
              316462.50990000274,
              474895.75750000402
            ],
            [
              316466.18590000179,
              474895.10089999996
            ],
            [
              316466.26610000338,
              474891.13539999723
            ],
            [
              316464.22699999902,
              474885.77740000002
            ],
            [
              316463.24560000282,
              474882.44260000251
            ],
            [
              316460.94800000265,
              474876.10410000384
            ],
            [
              316459.97000000253,
              474872.10329999961
            ],
            [
              316458.00360000413,
              474866.09960000031
            ],
            [
              316456.03550000302,
              474860.42879999988
            ],
            [
              316454.39680000395,
              474855.42569999956
            ],
            [
              316453.42590000294,
              474850.09300000407
            ],
            [
              316452.11320000235,
              474846.42350000143
            ],
            [
              316452.14460000023,
              474840.43020000122
            ],
            [
              316453.16259999946,
              474836.77290000208
            ],
            [
              316453.18700000271,
              474832.11140000075
            ],
            [
              316453.88440000266,
              474826.12160000205
            ],
            [
              316456.23250000179,
              474822.8041999992
            ],
            [
              316458.6033000024,
              474815.15829999931
            ],
            [
              316460.29600000381,
              474809.83960000426
            ],
            [
              316461.00210000575,
              474802.18500000052
            ],
            [
              316463.03650000412,
              474795.2033000011
            ],
            [
              316462.40890000295,
              474787.87470000051
            ],
            [
              316462.44200000539,
              474781.54839999974
            ],
            [
              316462.46820000373,
              474776.5540000014
            ],
            [
              316462.84300000407,
              474768.56470000185
            ],
            [
              316462.19620000292,
              474764.89860000461
            ],
            [
              316461.5634000022,
              474758.5689000003
            ],
            [
              316459.27630000282,
              474750.23260000162
            ],
            [
              316458.29310000315,
              474747.23079999909
            ],
            [
              316456.99090000335,
              474741.5634000022
            ],
            [
              316455.35750000272,
              474735.56140000001
            ],
            [
              316452.72870000266,
              474728.88829999976
            ],
            [
              316450.11210000422,
              474719.88440000266
            ],
            [
              316447.82140000165,
              474712.21410000138
            ],
            [
              316446.85740000289,
              474705.54959999956
            ],
            [
              316445.89520000387,
              474698.5522000026
            ],
            [
              316446.93240000401,
              474691.23230000399
            ],
            [
              316447.29850000236,
              474684.90780000016
            ],
            [
              316447.32810000237,
              474679.24740000069
            ],
            [
              316446.35190000571,
              474674.91370000131
            ],
            [
              316443.04670000356,
              474670.23480000161
            ],
            [
              316442.76600000355,
              474660.24420000054
            ],
            [
              316441.46210000385,
              474654.90990000218
            ],
            [
              316439.82520000264,
              474649.57380000316
            ],
            [
              316438.53870000318,
              474640.90980000235
            ],
            [
              316437.2068000026,
              474640.90290000103
            ],
            [
              316434.89880000334,
              474636.56220000237
            ],
            [
              316433.91560000367,
              474633.56030000001
            ],
            [
              316429.9654000029,
              474624.88240000419
            ],
            [
              316426.68110000342,
              474616.20800000057
            ],
            [
              316426.04480000213,
              474610.54410000145
            ],
            [
              316423.43690000195,
              474599.87540000118
            ],
            [
              316422.13650000282,
              474593.87519999966
            ],
            [
              316421.834900002,
              474587.88010000251
            ],
            [
              316419.53900000174,
              474581.20869999938
            ],
            [
              316417.90390000399,
              474575.53959999979
            ],
            [
              316414.59870000184,
              474570.86070000194
            ],
            [
              316410.96400000155,
              474565.51420000382
            ],
            [
              316408.00389999989,
              474558.50630000234
            ],
            [
              316407.36420000251,
              474553.50840000249
            ],
            [
              316406.40020000283,
              474546.84400000237
            ],
            [
              316405.10490000248,
              474539.84479999915
            ],
            [
              316403.80800000299,
              474533.17860000022
            ],
            [
              316403.84280000255,
              474526.51940000057
            ],
            [
              316407.53850000538,
              474520.21230000257
            ],
            [
              316411.23420000449,
              474513.90520000271
            ],
            [
              316414.27100000158,
              474506.26280000061
            ],
            [
              316414.9962000018,
              474494.94559999928
            ],
            [
              316416.70460000355,
              474486.63030000217
            ],
            [
              316416.40650000237,
              474479.96940000169
            ],
            [
              316416.45010000374,
              474471.64530000091
            ],
            [
              316415.48780000582,
              474464.64790000021
            ],
            [
              316414.20300000347,
              474455.65100000054
            ],
            [
              316412.25230000261,
              474446.65060000308
            ],
            [
              316407.56560000218,
              474436.31389999948
            ],
            [
              316404.00850000232,
              474431.29079999961
            ],
            [
              316401.72490000166,
              474427.94910000078
            ],
            [
              316397.4542000033,
              474428.24980000034
            ],
            [
              316391.60130000208,
              474427.90600000322
            ],
            [
              316387.36800000351,
              474422.19370000437
            ],
            [
              316387.42840000242,
              474418.21810000017
            ],
            [
              316388.78470000345,
              474413.56369999982
            ],
            [
              316392.14740000013,
              474407.25480000116
            ],
            [
              316396.16560000181,
              474402.94730000198
            ],
            [
              316401.85040000267,
              474398.31550000235
            ],
            [
              316405.1957000019,
              474395.33620000072
            ],
            [
              316405.53210000508,
              474394.67210000195
            ],
            [
              316408.55320000462,
              474390.02630000189
            ],
            [
              316408.90360000357,
              474386.69840000197
            ],
            [
              316409.59909999929,
              474381.04160000198
            ],
            [
              316408.29520000052,
              474375.70720000006
            ],
            [
              316407.66940000188,
              474368.04560000077
            ],
            [
              316409.34810000192,
              474365.39069999941
            ],
            [
              316414.36690000258,
              474360.755400002
            ],
            [
              316415.39720000327,
              474354.76730000041
            ],
            [
              316417.11260000337,
              474345.12010000087
            ],
            [
              316418.82620000187,
              474335.80599999987
            ],
            [
              316420.86230000388,
              474328.49130000174
            ],
            [
              316422.5567000024,
              474322.83970000222
            ],
            [
              316424.24769999925,
              474317.85400000215
            ],
            [
              316424.26340000238,
              474314.85730000027
            ],
            [
              316422.61250000354,
              474312.18490000255
            ],
            [
              316419.94880000409,
              474312.17100000195
            ],
            [
              316417.29909999948,
              474309.49330000207
            ],
            [
              316414.66849999875,
              474303.15310000069
            ],
            [
              316415.37630000338,
              474295.16550000384
            ],
            [
              316417.08990000281,
              474285.85129999742
            ],
            [
              316418.1184000019,
              474280.19620000012
            ],
            [
              316419.80770000257,
              474275.54350000247
            ],
            [
              316420.1371000018,
              474276.21120000258
            ],
            [
              316422.8095000023,
              474274.56030000001
            ],
            [
              316426.81200000644,
              474273.24940000474
            ],
            [
              316430.15210000146,
              474271.26899999939
            ],
            [
              316433.5166000016,
              474264.62729999796
            ],
            [
              316435.88220000267,
              474257.98020000011
            ],
            [
              316436.928100002,
              474248.99550000206
            ],
            [
              316437.96890000254,
              474241.00970000029
            ],
            [
              316439.34260000382,
              474233.02559999935
            ],
            [
              316442.02540000156,
              474229.37700000033
            ],
            [
              316446.69560000207,
              474227.73660000414
            ],
            [
              316450.70680000354,
              474224.76090000197
            ],
            [
              316457.38700000383,
              474220.80020000227
            ],
            [
              316463.39770000428,
              474217.50200000033
            ],
            [
              316468.40600000415,
              474214.86439999938
            ]
          ]
        ]
      }
    },
    {
      "attributes" : {
        "FID" : 3,
        "PMNTN_SN" : 12969,
        "MNTN_CODE" : "438002801",
        "MNTN_NM" : "도락산",
        "PMNTN_NM" : "벌천리구간",
        "PMNTN_MAIN" : " ",
        "PMNTN_LT" : 0.27,
        "PMNTN_DFFL" : "쉬움",
        "PMNTN_UPPL" : 5,
        "PMNTN_GODN" : 3,
        "PMNTN_MTRQ" : " ",
        "PMNTN_CNRL" : " ",
        "PMNTN_CLS_" : " ",
        "PMNTN_RISK" : " ",
        "PMNTN_RECO" : " ",
        "DATA_STDR_" : "2016-12-31",
        "MNTN_ID" : "438002801"
      },
      "geometry" : {
        "paths" : [
          [
            [
              316933.20099641848,
              473867.05710053816
            ],
            [
              316900.70778043475,
              473905.94698524475
            ],
            [
              316893.35134020727,
              473918.40767131373
            ],
            [
              316871.92823057063,
              473931.83630936593
            ],
            [
              316853.65710231755,
              473940.07344906218
            ],
            [
              316826.9988692347,
              473958.68267694861
            ],
            [
              316824.89118630532,
              473963.35884203948
            ],
            [
              316823.29065577406,
              473970.64166250266
            ],
            [
              316818.03917164449,
              473978.94696773775
            ],
            [
              316807.60164347198,
              473983.05872023106
            ],
            [
              316803.92614990659,
              473988.76827660762
            ],
            [
              316801.81301351544,
              473994.48601297475
            ],
            [
              316795.02098556608,
              473998.61685198918
            ],
            [
              316785.63593574893,
              474000.65091462247
            ],
            [
              316780.94068419468,
              474002.18873164617
            ],
            [
              316775.20113454014,
              474004.24188100547
            ],
            [
              316768.94352588709,
              474005.771517938
            ],
            [
              316755.40309740137,
              474005.70062412508
            ],
            [
              316742.37527476437,
              474007.19481410086
            ],
            [
              316735.07064156421,
              474009.76056897826
            ],
            [
              316726.19547128025,
              474013.88050081767
            ]
          ]
        ]
      }
    },
    {
      "attributes" : {
        "FID" : 4,
        "PMNTN_SN" : 12970,
        "MNTN_CODE" : "438002801",
        "MNTN_NM" : "도락산",
        "PMNTN_NM" : "벌천리구간",
        "PMNTN_MAIN" : " ",
        "PMNTN_LT" : 1.2,
        "PMNTN_DFFL" : "중간",
        "PMNTN_UPPL" : 45,
        "PMNTN_GODN" : 32,
        "PMNTN_MTRQ" : " ",
        "PMNTN_CNRL" : " ",
        "PMNTN_CLS_" : " ",
        "PMNTN_RISK" : " ",
        "PMNTN_RECO" : " ",
        "DATA_STDR_" : "2016-12-31",
        "MNTN_ID" : "438002801"
      },
      "geometry" : {
        "paths" : [
          [
            [
              316726.19547128025,
              474013.88050081767
            ],
            [
              316717.39392163139,
              474003.93921907805
            ],
            [
              316707.53989388887,
              473996.07562689297
            ],
            [
              316698.20937852748,
              473987.69397587702
            ],
            [
              316694.61023223121,
              473978.82153272629
            ],
            [
              316691.52914486919,
              473970.47260198183
            ],
            [
              316684.81619105767,
              473959.50065633655
            ],
            [
              316674.4740974335,
              473945.38491032645
            ],
            [
              316667.20763804018,
              473940.65966631472
            ],
            [
              316659.42311967351,
              473935.41091008112
            ],
            [
              316651.12326897401,
              473929.11785600148
            ],
            [
              316649.06739277579,
              473923.89909297228
            ],
            [
              316648.59568655398,
              473914.52222469635
            ],
            [
              316650.22620920278,
              473901.51076340117
            ],
            [
              316642.68708548136,
              473849.39129967801
            ],
            [
              316638.57533217687,
              473838.95377409272
            ],
            [
              316634.43903951067,
              473833.20331935212
            ],
            [
              316628.22505744267,
              473826.40038706362
            ],
            [
              316625.66202795785,
              473818.57496964186
            ],
            [
              316624.13238995895,
              473812.31736231036
            ],
            [
              316618.44464657456,
              473804.47558554634
            ],
            [
              316606.50747565366,
              473796.6010901127
            ],
            [
              316593.0134010911,
              473787.67684397288
            ],
            [
              316581.59156285133,
              473780.84664675593
            ],
            [
              316576.9208517028,
              473777.69739411958
            ],
            [
              316568.14383980166,
              473763.06904586591
            ],
            [
              316555.70224281494,
              473752.06711130217
            ],
            [
              316547.90272834338,
              473749.68267806992
            ],
            [
              316542.72759087663,
              473743.4059856534
            ],
            [
              316539.52379837167,
              473708.75602173433
            ],
            [
              316531.49251949321,
              473700.90197705664
            ],
            [
              316525.03177685849,
              473691.49375529028
            ],
            [
              316518.29564564116,
              473684.94849107601
            ],
            [
              316513.10414890666,
              473681.79651265219
            ],
            [
              316509.74085467774,
              473677.61250586249
            ],
            [
              316508.20576291159,
              473672.39647069387
            ],
            [
              316506.16760772187,
              473663.79260286503
            ],
            [
              316504.37757607084,
              473657.5336333625
            ],
            [
              316501.53643056098,
              473653.09196040593
            ],
            [
              316499.20243820827,
              473651.25694176741
            ],
            [
              316491.66331672668,
              473648.87387278676
            ],
            [
              316487.77242067177,
              473645.98910363205
            ],
            [
              316485.44524452649,
              473642.85212115385
            ],
            [
              316483.8856143374,
              473642.32315616868
            ],
            [
              316474.51283763908,
              473642.0136868488
            ],
            [
              316462.2512022648,
              473646.37629180402
            ],
            [
              316455.74138301332,
              473646.34221083857
            ],
            [
              316445.87508582696,
              473640.82215967402
            ],
            [
              316441.47567353118,
              473635.59112934582
            ],
            [
              316437.34619662724,
              473628.5387129467
            ],
            [
              316435.29168240353,
              473623.05955904908
            ],
            [
              316430.93589338753,
              473609.49596046656
            ],
            [
              316425.04501209036,
              473590.71632745862
            ],
            [
              316421.95983238611,
              473583.14857875369
            ],
            [
              316418.33341883402,
              473579.4839950446
            ],
            [
              316413.92719022278,
              473575.55492895469
            ],
            [
              316408.22172427364,
              473571.09826130234
            ],
            [
              316400.70577799249,
              473564.28851641715
            ],
            [
              316388.49594614189,
              473558.75619756058
            ],
            [
              316367.67543204594,
              473556.56399855018
            ],
            [
              316355.9618482627,
              473555.72147576138
            ],
            [
              316350.50314320158,
              473553.87009913102
            ],
            [
              316347.13439613022,
              473550.72766451351
            ],
            [
              316344.79767753836,
              473549.41343192756
            ],
            [
              316341.67841752525,
              473548.35550245643
            ],
            [
              316335.69483743422,
              473547.28257768229
            ],
            [
              316329.70580454171,
              473547.25122386031
            ],
            [
              316326.58245495521,
              473546.97447260469
            ],
            [
              316321.38823240809,
              473544.34328109957
            ],
            [
              316312.29902460705,
              473539.60849967785
            ],
            [
              316307.37201087829,
              473535.67670782842
            ],
            [
              316287.91889597289,
              473520.99247493967
            ],
            [
              316277.80038630962,
              473513.90870665014
            ],
            [
              316265.34652144741,
              473505.25031344593
            ],
            [
              316246.92134584207,
              473493.17546176538
            ],
            [
              316238.88052530214,
              473487.14417047426
            ],
            [
              316235.7803502623,
              473482.44074344076
            ],
            [
              316230.86696858611,
              473475.90502517298
            ],
            [
              316226.23715376481,
              473464.94399419613
            ],
            [
              316224.18263901956,
              473459.46484192647
            ],
            [
              316221.63323929161,
              473449.03550196253
            ],
            [
              316220.96929449309,
              473426.63763996959
            ],
            [
              316221.3169302335,
              473409.97387014143
            ],
            [
              316220.84385572933,
              473400.8573991973
            ],
            [
              316221.67683415115,
              473390.96656597592
            ],
            [
              316223.26781681366,
              473385.50649818033
            ],
            [
              316223.30734850932,
              473377.95510977134
            ],
            [
              316223.33188539278,
              473373.26804110222
            ],
            [
              316223.35505909659,
              473368.84136513434
            ],
            [
              316216.9597465517,
              473346.93429920264
            ],
            [
              316214.67073825281,
              473336.50632277131
            ],
            [
              316212.0954373572,
              473331.02444456518
            ],
            [
              316207.73010301124,
              473319.28359957784
            ],
            [
              316204.89577246923,
              473313.53996562026
            ],
            [
              316191.43850377481,
              473297.58512781933
            ],
            [
              316184.98048560228,
              473287.65612703376
            ],
            [
              316176.4406889705,
              473277.45582863875
            ],
            [
              316169.70592043642,
              473270.65017729625
            ],
            [
              316161.14295058604,
              473264.87655490451
            ],
            [
              316152.60451703891,
              473254.4158643093
            ],
            [
              316146.38644450344,
              473248.3941176068
            ],
            [
              316144.0688097002,
              473243.43438854255
            ],
            [
              316141.76071671769,
              473236.65191073529
            ],
            [
              316138.14793405123,
              473230.38340273127
            ],
            [
              316124.71247467306,
              473210.26228450425
            ],
            [
              316105.81285825651,
              473189.33136361651
            ],
            [
              316086.89688453637,
              473171.52515558712
            ],
            [
              316079.12190830801,
              473164.45366063528
            ],
            [
              316072.38305034768,
              473158.42918884195
            ],
            [
              316067.18882809859,
              473155.79800029099
            ],
            [
              316061.98506420199,
              473154.98956037499
            ],
            [
              316058.86444159504,
              473154.19202524424
            ],
            [
              316056.51545528974,
              473155.22132800519
            ],
            [
              316047.88296782225,
              473162.72773280367
            ]
          ]
        ]
      }
    },
    {
      "attributes" : {
        "FID" : 5,
        "PMNTN_SN" : 12971,
        "MNTN_CODE" : "438002801",
        "MNTN_NM" : "도락산",
        "PMNTN_NM" : "벌천리구간",
        "PMNTN_MAIN" : " ",
        "PMNTN_LT" : 0.37,
        "PMNTN_DFFL" : "쉬움",
        "PMNTN_UPPL" : 7,
        "PMNTN_GODN" : 5,
        "PMNTN_MTRQ" : " ",
        "PMNTN_CNRL" : " ",
        "PMNTN_CLS_" : " ",
        "PMNTN_RISK" : " ",
        "PMNTN_RECO" : " ",
        "DATA_STDR_" : "2016-12-31",
        "MNTN_ID" : "438002801"
      },
      "geometry" : {
        "paths" : [
          [
            [
              316468.40600000415,
              474214.86439999938
            ],
            [
              316473.41620000172,
              474211.89390000142
            ],
            [
              316477.75510000251,
              474209.9188000001
            ],
            [
              316480.75870000385,
              474208.60270000063
            ],
            [
              316486.11230000202,
              474203.63610000163
            ],
            [
              316491.14150000177,
              474197.00310000405
            ],
            [
              316493.81920000166,
              474194.35330000147
            ],
            [
              316499.50920000672,
              474188.72259999998
            ],
            [
              316504.85050000343,
              474186.0867999997
            ],
            [
              316509.53810000326,
              474181.11680000275
            ],
            [
              316512.88160000276,
              474178.47060000151
            ],
            [
              316518.22119999956,
              474176.16770000197
            ],
            [
              316522.22720000613,
              474174.19090000726
            ],
            [
              316531.2311000051,
              474171.57430000231
            ],
            [
              316535.89950000308,
              474170.26680000126
            ],
            [
              316540.24550000392,
              474166.9598999992
            ],
            [
              316545.92150000297,
              474163.99290000461
            ],
            [
              316553.59880000073,
              474160.37040000223
            ],
            [
              316558.26720000524,
              474159.06299999915
            ],
            [
              316563.92580000497,
              474159.42560000345
            ],
            [
              316569.58260000404,
              474160.12110000104
            ],
            [
              316577.90140000265,
              474161.16360000335
            ],
            [
              316586.20800000243,
              474164.53680000268
            ],
            [
              316593.51230000239,
              474168.57069999911
            ],
            [
              316599.82629999984,
              474170.93450000137
            ],
            [
              316606.81500000227,
              474171.63709999993
            ],
            [
              316610.48800000269,
              474169.65849999897
            ],
            [
              316614.49750000238,
              474167.01569999941
            ],
            [
              316618.53490000404,
              474159.04550000094
            ],
            [
              316623.22770000156,
              474153.07670000009
            ],
            [
              316627.90140000265,
              474150.77030000091
            ],
            [
              316632.57160000224,
              474149.12990000099
            ],
            [
              316640.24190000445,
              474146.83929999918
            ],
            [
              316645.9196000034,
              474143.5393000003
            ],
            [
              316652.28250000253,
              474136.58029999956
            ],
            [
              316654.98280000594,
              474129.60200000368
            ],
            [
              316658.70290000271,
              474118.63350000046
            ],
            [
              316658.73430000059,
              474112.64020000026
            ],
            [
              316661.68347245175,
              474100.51632213406
            ],
            [
              316664.83545374591,
              474095.32482602075
            ],
            [
              316671.6383880889,
              474089.11084568314
            ],
            [
              316678.97574173566,
              474080.29566366784
            ],
            [
              316687.37375374418,
              474067.84043527767
            ],
            [
              316698.96192072984,
              474042.9027107507
            ],
            [
              316706.8336933367,
              474031.48632640578
            ],
            [
              316726.19547128025,
              474013.88050081767
            ]
          ]
        ]
      }
    }
  ]
}