{
  "displayFieldName" : "",
  "fieldAliases" : {
    "FID" : "FID",
    "PMNTN_SN" : "PMNTN_SN",
    "MNTN_CODE" : "MNTN_CODE",
    "MNTN_NM" : "MNTN_NM",
    "PMNTN_NM" : "PMNTN_NM",
    "PMNTN_MAIN" : "PMNTN_MAIN",
    "PMNTN_LT" : "PMNTN_LT",
    "PMNTN_DFFL" : "PMNTN_DFFL",
    "PMNTN_UPPL" : "PMNTN_UPPL",
    "PMNTN_GODN" : "PMNTN_GODN",
    "PMNTN_MTRQ" : "PMNTN_MTRQ",
    "PMNTN_CNRL" : "PMNTN_CNRL",
    "PMNTN_CLS_" : "PMNTN_CLS_",
    "PMNTN_RISK" : "PMNTN_RISK",
    "PMNTN_RECO" : "PMNTN_RECO",
    "DATA_STDR_" : "DATA_STDR_",
    "MNTN_ID" : "MNTN_ID"
  },
  "geometryType" : "esriGeometryPolyline",
  "spatialReference" : {
    "wkt" : "PROJCS[\"PCS_ITRF2000_TM\",GEOGCS[\"GCS_ITRF_2000\",DATUM[\"D_ITRF_2000\",SPHEROID[\"GRS_1980\",6378137.0,298.257222101]],PRIMEM[\"Greenwich\",0.0],UNIT[\"Degree\",0.0174532925199433]],PROJECTION[\"Transverse_Mercator\"],PARAMETER[\"False_Easting\",200000.0],PARAMETER[\"False_Northing\",600000.0],PARAMETER[\"Central_Meridian\",127.0],PARAMETER[\"Scale_Factor\",1.0],PARAMETER[\"Latitude_Of_Origin\",38.0],UNIT[\"Meter\",1.0]]"
  },
  "fields" : [
    {
      "name" : "FID",
      "type" : "esriFieldTypeOID",
      "alias" : "FID"
    },
    {
      "name" : "PMNTN_SN",
      "type" : "esriFieldTypeDouble",
      "alias" : "PMNTN_SN"
    },
    {
      "name" : "MNTN_CODE",
      "type" : "esriFieldTypeString",
      "alias" : "MNTN_CODE",
      "length" : 9
    },
    {
      "name" : "MNTN_NM",
      "type" : "esriFieldTypeString",
      "alias" : "MNTN_NM",
      "length" : 50
    },
    {
      "name" : "PMNTN_NM",
      "type" : "esriFieldTypeString",
      "alias" : "PMNTN_NM",
      "length" : 50
    },
    {
      "name" : "PMNTN_MAIN",
      "type" : "esriFieldTypeString",
      "alias" : "PMNTN_MAIN",
      "length" : 200
    },
    {
      "name" : "PMNTN_LT",
      "type" : "esriFieldTypeSingle",
      "alias" : "PMNTN_LT"
    },
    {
      "name" : "PMNTN_DFFL",
      "type" : "esriFieldTypeString",
      "alias" : "PMNTN_DFFL",
      "length" : 8
    },
    {
      "name" : "PMNTN_UPPL",
      "type" : "esriFieldTypeDouble",
      "alias" : "PMNTN_UPPL"
    },
    {
      "name" : "PMNTN_GODN",
      "type" : "esriFieldTypeDouble",
      "alias" : "PMNTN_GODN"
    },
    {
      "name" : "PMNTN_MTRQ",
      "type" : "esriFieldTypeString",
      "alias" : "PMNTN_MTRQ",
      "length" : 200
    },
    {
      "name" : "PMNTN_CNRL",
      "type" : "esriFieldTypeString",
      "alias" : "PMNTN_CNRL",
      "length" : 1
    },
    {
      "name" : "PMNTN_CLS_",
      "type" : "esriFieldTypeString",
      "alias" : "PMNTN_CLS_",
      "length" : 1
    },
    {
      "name" : "PMNTN_RISK",
      "type" : "esriFieldTypeString",
      "alias" : "PMNTN_RISK",
      "length" : 200
    },
    {
      "name" : "PMNTN_RECO",
      "type" : "esriFieldTypeString",
      "alias" : "PMNTN_RECO",
      "length" : 1
    },
    {
      "name" : "DATA_STDR_",
      "type" : "esriFieldTypeString",
      "alias" : "DATA_STDR_",
      "length" : 10
    },
    {
      "name" : "MNTN_ID",
      "type" : "esriFieldTypeString",
      "alias" : "MNTN_ID",
      "length" : 10
    }
  ],
  "features" : [
    {
      "attributes" : {
        "FID" : 0,
        "PMNTN_SN" : 49102,
        "MNTN_CODE" : "487204001",
        "MNTN_NM" : "천황산",
        "PMNTN_NM" : "권혜리구간",
        "PMNTN_MAIN" : " ",
        "PMNTN_LT" : 1.92,
        "PMNTN_DFFL" : "쉬움",
        "PMNTN_UPPL" : 34,
        "PMNTN_GODN" : 24,
        "PMNTN_MTRQ" : " ",
        "PMNTN_CNRL" : " ",
        "PMNTN_CLS_" : " ",
        "PMNTN_RISK" : " ",
        "PMNTN_RECO" : " ",
        "DATA_STDR_" : "2016-12-31",
        "MNTN_ID" : "487201201"
      },
      "geometry" : {
        "paths" : [
          [
            [
              314893.46630000044,
              324381.38550000079
            ],
            [
              314897.08640000131,
              324382.7686999999
            ],
            [
              314903.59260000102,
              324384.12890000269
            ],
            [
              314908.99139999971,
              324384.60320000164
            ],
            [
              314921.18910000008,
              324385.11060000211
            ],
            [
              314926.27470000088,
              324385.61880000308
            ],
            [
              314930.71760000102,
              324386.11020000093
            ],
            [
              314940.81950000115,
              324386.86849999987
            ],
            [
              314945.04610000085,
              324387.37749999948
            ],
            [
              314949.8395999996,
              324388.39220000245
            ],
            [
              314954.83629999962,
              324390.47070000134
            ],
            [
              314957.85780000128,
              324392.76990000159
            ],
            [
              314959.74170000013,
              324394.91039999947
            ],
            [
              314961.56840000022,
              324397.55090000108
            ],
            [
              314964.55530000012,
              324403.11090000346
            ],
            [
              314970.71899999958,
              324416.74030000158
            ],
            [
              314972.36089999974,
              324419.77290000021
            ],
            [
              314973.96910000127,
              324422.24899999984
            ],
            [
              314976.57000000123,
              324425.16379999742
            ],
            [
              314980.31859999988,
              324427.56630000286
            ],
            [
              314984.07500000019,
              324428.3432
            ],
            [
              314987.38180000056,
              324428.12860000134
            ],
            [
              314991.43939999957,
              324427.29370000213
            ],
            [
              315000.33540000021,
              324424.75229999982
            ],
            [
              315004.09810000006,
              324423.87140000239
            ],
            [
              315007.8554999996,
              324423.44510000013
            ],
            [
              315012.24580000062,
              324424.19749999978
            ],
            [
              315015.98850000091,
              324426.349700002
            ],
            [
              315018.28309999965,
              324428.75689999759
            ],
            [
              315020.47970000189,
              324431.94519999996
            ],
            [
              315022.20610000007,
              324435.11220000125
            ],
            [
              315023.98720000125,
              324438.97560000233
            ],
            [
              315031.22059999872,
              324456.89959999919
            ],
            [
              315033.18689999916,
              324460.82800000161
            ],
            [
              315035.14300000016,
              324463.97830000333
            ],
            [
              315038.16860000137,
              324467.36119999923
            ],
            [
              315042.5800999999,
              324469.9280000031
            ],
            [
              315046.36429999955,
              324470.41640000045
            ],
            [
              315049.51080000121,
              324469.94529999979
            ],
            [
              315052.65360000078,
              324469.09270000271
            ],
            [
              315060.36539999954,
              324466.60080000199
            ],
            [
              315064.13509999961,
              324465.72529999726
            ],
            [
              315068.49739999976,
              324465.69360000081
            ],
            [
              315073.18290000129,
              324467.5757999979
            ],
            [
              315076.28090000153,
              324470.05920000002
            ],
            [
              315078.98790000193,
              324472.83420000225
            ],
            [
              315086.08340000082,
              324480.86900000274
            ],
            [
              315089.60689999908,
              324484.75370000117
            ],
            [
              315097.61340000108,
              324494.36730000004
            ],
            [
              315101.95840000082,
              324498.86070000008
            ],
            [
              315105.90710000135,
              324502.3853999991
            ],
            [
              315109.63840000052,
              324505.45659999922
            ],
            [
              315113.24830000196,
              324508.1529000029
            ],
            [
              315116.7751000002,
              324510.50240000337
            ],
            [
              315121.1986999996,
              324512.95160000026
            ],
            [
              315131.59180000052,
              324517.91080000065
            ],
            [
              315135.07020000182,
              324519.9120000042
            ],
            [
              315142.62609999999,
              324524.84559999965
            ],
            [
              315145.95910000056,
              324526.83740000054
            ],
            [
              315149.52359999996,
              324528.5465000011
            ],
            [
              315152.75849999953,
              324529.55250000209
            ],
            [
              315156.68390000053,
              324530.14290000312
            ],
            [
              315161.96200000122,
              324530.25470000133
            ],
            [
              315168.63239999954,
              324529.28020000458
            ],
            [
              315174.02990000136,
              324527.56870000437
            ],
            [
              315179.48040000163,
              324525.04690000229
            ],
            [
              315184.98390000034,
              324521.71460000239
            ],
            [
              315190.54059999995,
              324517.57200000063
            ],
            [
              315196.15030000079,
              324512.61910000071
            ],
            [
              315213.91089999955,
              324506.47120000049
            ],
            [
              315223.6670000013,
              324503.09410000034
            ],
            [
              315259.65040000062,
              324489.3356999997
            ],
            [
              315288.22549999971,
              324475.57740000263
            ],
            [
              315331.61720000114,
              324459.70229999907
            ],
            [
              315361.25059999991,
              324448.0605999995
            ],
            [
              315389.82570000086,
              324436.41890000179
            ],
            [
              315408.55590000004,
              324428.65270000137
            ],
            [
              315441.88410000131,
              324423.52530000173
            ],
            [
              315451.20910000056,
              324429.01060000435
            ],
            [
              315459.16500000097,
              324436.30350000225
            ],
            [
              315479.18140000012,
              324433.86459999904
            ],
            [
              315501.81770000048,
              324431.19310000166
            ],
            [
              315531.6425999999,
              324433.24390000105
            ],
            [
              315576.09270000085,
              324423.7189000044
            ],
            [
              315606.78440000024,
              324418.42720000073
            ],
            [
              315638.534500001,
              324413.13560000435
            ],
            [
              315656.34810000006,
              324409.5728999991
            ],
            [
              315675.57620000001,
              324405.72720000148
            ],
            [
              315697.30830000062,
              324400.84109999985
            ],
            [
              315703.14620000217,
              324399.87800000422
            ],
            [
              315708.38460000139,
              324399.37720000371
            ],
            [
              315715.05360000115,
              324399.37759999745
            ],
            [
              315722.50190000143,
              324400.09740000218
            ],
            [
              315740.16999999993,
              324403.30700000189
            ],
            [
              315746.49550000019,
              324404.53419999965
            ],
            [
              315754.95139999967,
              324405.72720000148
            ],
            [
              315774.89149999991,
              324407.35250000283
            ],
            [
              315803.63480000198,
              324408.9021999985
            ],
            [
              315807.60220000055,
              324408.84400000051
            ],
            [
              315818.32620000094,
              324407.83239999972
            ],
            [
              315823.90170000121,
              324407.81820000149
            ],
            [
              315827.38520000037,
              324408.70089999959
            ],
            [
              315829.3900000006,
              324410.74340000004
            ],
            [
              315829.7352,
              324413.93480000086
            ],
            [
              315829.19460000005,
              324417.04429999925
            ],
            [
              315827.27960000094,
              324424.31069999933
            ],
            [
              315826.55870000087,
              324428.74389999919
            ],
            [
              315827.46530000027,
              324433.00650000013
            ],
            [
              315830.75150000211,
              324435.69350000285
            ],
            [
              315834.66270000022,
              324437.00990000367
            ],
            [
              315840.62959999964,
              324437.7901000008
            ],
            [
              315855.69830000121,
              324438.58790000156
            ],
            [
              315859.0428000018,
              324439.00990000367
            ],
            [
              315861.84330000076,
              324439.59400000237
            ],
            [
              315868.11560000014,
              324441.57829999924
            ],
            [
              315880.33939999994,
              324446.34100000001
            ],
            [
              315885.44100000151,
              324448.11860000156
            ],
            [
              315890.82650000043,
              324449.51920000277
            ],
            [
              315895.70999999996,
              324450.17730000243
            ],
            [
              315899.2304999996,
              324450.1157000009
            ],
            [
              315903.20330000203,
              324449.49579999968
            ],
            [
              315907.02470000088,
              324448.53980000317
            ],
            [
              315916.10460000113,
              324445.87719999999
            ],
            [
              315920.60120000038,
              324444.89490000159
            ],
            [
              315924.79110000096,
              324444.53150000051
            ],
            [
              315928.51840000041,
              324444.88560000248
            ],
            [
              315932.39740000013,
              324446.08530000225
            ],
            [
              315940.67929999996,
              324449.91180000082
            ],
            [
              315944.39340000227,
              324451.23560000211
            ],
            [
              315950.33550000004,
              324452.40890000202
            ],
            [
              315963.64060000051,
              324452.92300000228
            ],
            [
              315977.20179999992,
              324452.29399999976
            ],
            [
              315986.48180000205,
              324451.46880000085
            ],
            [
              316003.97180000041,
              324448.89820000343
            ],
            [
              316011.06859999988,
              324448.0605999995
            ],
            [
              316018.59659999982,
              324447.48990000039
            ],
            [
              316026.94660000131,
              324447.10040000081
            ],
            [
              316058.94710000139,
              324446.52239999734
            ],
            [
              316072.45199999958,
              324445.944000002
            ],
            [
              316078.73940000217,
              324445.33080000058
            ],
            [
              316092.55450000148,
              324443.36070000194
            ],
            [
              316098.60400000215,
              324442.6894000005
            ],
            [
              316104.94799999986,
              324442.42459999956
            ],
            [
              316111.79279999994,
              324442.97619999945
            ],
            [
              316115.59630000126,
              324443.83090000041
            ],
            [
              316121.10100000165,
              324445.86209999956
            ],
            [
              316130.64890000038,
              324450.70630000159
            ],
            [
              316138.08620000165,
              324454.69490000047
            ],
            [
              316143.84360000025,
              324457.29560000077
            ],
            [
              316149.0728000002,
              324458.95750000142
            ],
            [
              316152.7424999997,
              324459.57210000418
            ],
            [
              316156.83430000115,
              324459.75450000353
            ],
            [
              316160.06760000065,
              324459.56330000237
            ],
            [
              316172.19790000096,
              324457.95519999973
            ],
            [
              316177.22720000055,
              324457.5856999997
            ],
            [
              316184.01730000041,
              324457.68520000018
            ],
            [
              316191.59420000203,
              324458.26820000447
            ],
            [
              316218.50230000168,
              324461.81900000013
            ],
            [
              316235.99230000004,
              324463.44730000012
            ],
            [
              316240.75580000225,
              324464.13440000266
            ],
            [
              316244.9606999997,
              324464.99400000274
            ],
            [
              316249.04839999974,
              324466.15059999935
            ],
            [
              316253.50999999978,
              324467.75699999928
            ],
            [
              316268.62519999966,
              324474.33490000293
            ],
            [
              316274.59410000034,
              324476.63570000045
            ],
            [
              316284.78050000034,
              324479.9058000017
            ],
            [
              316295.83029999956,
              324483.03539999947
            ],
            [
              316307.98770000227,
              324486.09730000421
            ],
            [
              316323.12670000084,
              324489.50989999995
            ],
            [
              316333.95730000082,
              324491.58840000257
            ],
            [
              316360.32290000096,
              324495.68590000086
            ],
            [
              316371.96100000013,
              324497.80240000039
            ],
            [
              316391.72390000056,
              324502.29370000027
            ],
            [
              316428.05270000082,
              324511.56080000103
            ],
            [
              316490.49450000096,
              324527.43580000103
            ],
            [
              316544.06639999989,
              324540.00100000016
            ],
            [
              316565.63630000129,
              324545.42750000209
            ],
            [
              316591.25160000101,
              324552.26149999909
            ],
            [
              316599.52480000071,
              324554.69110000134
            ],
            [
              316606.91139999963,
              324557.06920000166
            ],
            [
              316632.3115000017,
              324566.59420000203
            ],
            [
              316644.41970000137,
              324570.48300000094
            ],
            [
              316657.77790000197,
              324573.00660000183
            ]
          ]
        ]
      }
    },
    {
      "attributes" : {
        "FID" : 1,
        "PMNTN_SN" : 49103,
        "MNTN_CODE" : "487204001",
        "MNTN_NM" : "천황산",
        "PMNTN_NM" : " ",
        "PMNTN_MAIN" : " ",
        "PMNTN_LT" : 2,
        "PMNTN_DFFL" : "쉬움",
        "PMNTN_UPPL" : 35,
        "PMNTN_GODN" : 25,
        "PMNTN_MTRQ" : " ",
        "PMNTN_CNRL" : " ",
        "PMNTN_CLS_" : " ",
        "PMNTN_RISK" : " ",
        "PMNTN_RECO" : " ",
        "DATA_STDR_" : "2016-12-31",
        "MNTN_ID" : "488902101"
      },
      "geometry" : {
        "paths" : [
          [
            [
              313406.9226000011,
              323898.76340000145
            ],
            [
              313421.32170000114,
              323886.08449999988
            ],
            [
              313423.19230000023,
              323882.67030000128
            ],
            [
              313425.22700000089,
              323879.41560000181
            ],
            [
              313427.42570000049,
              323876.32030000165
            ],
            [
              313429.78839999996,
              323873.38450000249
            ],
            [
              313432.78040000051,
              323870.35779999942
            ],
            [
              313436.53180000093,
              323867.40520000271
            ],
            [
              313440.42190000135,
              323864.84520000219
            ],
            [
              313450.31010000035,
              323858.86620000191
            ],
            [
              313455.1885000011,
              323855.39279999956
            ],
            [
              313459.19150000066,
              323851.78199999966
            ],
            [
              313466.54220000003,
              323844.11490000412
            ],
            [
              313469.63960000128,
              323841.12490000017
            ],
            [
              313473.05630000122,
              323838.35969999991
            ],
            [
              313477.47960000113,
              323835.8359999992
            ],
            [
              313481.05370000098,
              323834.48029999994
            ],
            [
              313486.68929999974,
              323833.23280000314
            ],
            [
              313492.25530000124,
              323832.59440000169
            ],
            [
              313504.90809999965,
              323831.7304999996
            ],
            [
              313510.22190000024,
              323831.0511000026
            ],
            [
              313532.42889999971,
              323827.67930000275
            ],
            [
              313538.64790000115,
              323826.31880000234
            ],
            [
              313544.0886000013,
              323824.70109999925
            ],
            [
              313548.37380000111,
              323823.06350000016
            ],
            [
              313553.06080000009,
              323820.95600000024
            ],
            [
              313568.43030000012,
              323813.05940000154
            ],
            [
              313587.97739999928,
              323803.17510000244
            ],
            [
              313594.46320000011,
              323799.58290000074
            ],
            [
              313600.18040000089,
              323796.1259999983
            ],
            [
              313610.82320000138,
              323789.25480000116
            ],
            [
              313618.22259999998,
              323784.03429999948
            ],
            [
              313624.53050000034,
              323778.94739999995
            ],
            [
              313629.81380000059,
              323773.90100000054
            ],
            [
              313632.34100000001,
              323770.86110000126
            ],
            [
              313634.82420000061,
              323767.08510000445
            ],
            [
              313636.99010000005,
              323763.19030000269
            ],
            [
              313641.91189999972,
              323753.59910000116
            ],
            [
              313644.64030000102,
              323749.01889999956
            ],
            [
              313647.71530000027,
              323745.05640000291
            ],
            [
              313650.14769999962,
              323742.81610000134
            ],
            [
              313654.60510000214,
              323739.92540000007
            ],
            [
              313658.75949999969,
              323738.02880000323
            ],
            [
              313662.51970000099,
              323736.68130000308
            ],
            [
              313665.27199999988,
              323736.02900000103
            ],
            [
              313668.63540000003,
              323735.23190000094
            ],
            [
              313674.3443,
              323734.33590000123
            ],
            [
              313680.54879999999,
              323733.77829999849
            ],
            [
              313687.23220000044,
              323733.56090000272
            ],
            [
              313694.37230000086,
              323733.68420000188
            ],
            [
              313699.79779999983,
              323734.16310000233
            ],
            [
              313705.84320000093,
              323735.2041000016
            ],
            [
              313711.84179999959,
              323736.59290000238
            ],
            [
              313725.06400000118,
              323740.03419999965
            ],
            [
              313731.09889999963,
              323741.31140000001
            ],
            [
              313746.32799999975,
              323743.98970000073
            ],
            [
              313753.86660000123,
              323745.83000000007
            ],
            [
              313757.90319999959,
              323747.21460000426
            ],
            [
              313761.46470000129,
              323748.80839999951
            ],
            [
              313764.61900000088,
              323750.64200000279
            ],
            [
              313768.1643000003,
              323753.48770000227
            ],
            [
              313770.48200000077,
              323756.1566999983
            ],
            [
              313776.64580000099,
              323765.26850000024
            ],
            [
              313779.22710000072,
              323767.88830000162
            ],
            [
              313783.4422000004,
              323770.57040000148
            ],
            [
              313787.23280000128,
              323772.2731999997
            ],
            [
              313789.98130000103,
              323773.20189999975
            ],
            [
              313792.83430000022,
              323773.95289999992
            ],
            [
              313795.71390000079,
              323774.50439999998
            ],
            [
              313798.5477,
              323774.84279999882
            ],
            [
              313802.2650000006,
              323774.89480000176
            ],
            [
              313806.40500000119,
              323774.10390000232
            ],
            [
              313809.75440000091,
              323772.82610000111
            ],
            [
              313813.99189999979,
              323770.55729999952
            ],
            [
              313824.81219999958,
              323763.89140000008
            ],
            [
              313827.98919999972,
              323762.30580000393
            ],
            [
              313830.89750000089,
              323761.20089999959
            ],
            [
              313837.91900000069,
              323759.4288000036
            ],
            [
              313845.96740000136,
              323758.21190000325
            ],
            [
              313853.69540000055,
              323757.55690000206
            ],
            [
              313871.06280000135,
              323756.60869999975
            ],
            [
              313878.52260000072,
              323755.90919999965
            ],
            [
              313913.86070000101,
              323751.86629999988
            ],
            [
              313924.28299999982,
              323750.28800000437
            ],
            [
              313933.55610000063,
              323748.5009000022
            ],
            [
              313943.74569999985,
              323746.01080000214
            ],
            [
              313965.3060999997,
              323740.03419999965
            ],
            [
              313987.57169999927,
              323734.86879999936
            ],
            [
              313993.18880000059,
              323733.27669999935
            ],
            [
              313998.11450000014,
              323731.56750000268
            ],
            [
              314003.7471000012,
              323728.92970000021
            ],
            [
              314016.73680000007,
              323721.54480000027
            ],
            [
              314020.22960000113,
              323719.97240000032
            ],
            [
              314023.51460000128,
              323718.86750000156
            ],
            [
              314029.01080000121,
              323717.54790000245
            ],
            [
              314034.50399999972,
              323716.5813999977
            ],
            [
              314039.83740000054,
              323715.99540000036
            ],
            [
              314044.9215000011,
              323715.7992000021
            ],
            [
              314049.65680000093,
              323715.99260000139
            ],
            [
              314054.03660000023,
              323716.57150000148
            ],
            [
              314058.0290000001,
              323717.53140000068
            ],
            [
              314061.61470000073,
              323718.86750000156
            ],
            [
              314064.94909999985,
              323720.79780000262
            ],
            [
              314068.3543999996,
              323723.63540000096
            ],
            [
              314071.46230000071,
              323726.87060000002
            ],
            [
              314079.23090000078,
              323735.77250000276
            ],
            [
              314081.59750000015,
              323738.12650000304
            ],
            [
              314083.83970000129,
              323740.03419999965
            ],
            [
              314090.59710000083,
              323744.99090000242
            ],
            [
              314097.48020000104,
              323749.49370000139
            ],
            [
              314104.41830000002,
              323753.49650000222
            ],
            [
              314111.35639999993,
              323756.96760000288
            ],
            [
              314115.4179000007,
              323758.68660000153
            ],
            [
              314120.06379999965,
              323760.35410000011
            ],
            [
              314139.93149999995,
              323766.49259999953
            ],
            [
              314153.53689999972,
              323771.31079999916
            ],
            [
              314163.21489999909,
              323774.95930000022
            ],
            [
              314172.88460000139,
              323779.09940000065
            ],
            [
              314194.09640000109,
              323789.06519999914
            ],
            [
              314198.44820000045,
              323790.87660000287
            ],
            [
              314203.43159999978,
              323792.95100000128
            ],
            [
              314218.86120000016,
              323799.16210000217
            ],
            [
              314225.87849999871,
              323801.68750000186
            ],
            [
              314232.99140000064,
              323803.62629999965
            ],
            [
              314236.26960000023,
              323804.22700000368
            ],
            [
              314239.4150000019,
              323804.59270000085
            ],
            [
              314243.91390000004,
              323804.61990000308
            ],
            [
              314248.88950000051,
              323804.00009999983
            ],
            [
              314254.40309999976,
              323802.76429999992
            ],
            [
              314265.87749999948,
              323799.50700000115
            ],
            [
              314270.82550000027,
              323798.2864000015
            ],
            [
              314276.02950000018,
              323797.41960000247
            ],
            [
              314280.69010000024,
              323797.18430000357
            ],
            [
              314284.70309999958,
              323797.38360000029
            ],
            [
              314289.18900000118,
              323797.86320000142
            ],
            [
              314304.27520000096,
              323800.24010000192
            ],
            [
              314310.37650000211,
              323800.94830000401
            ],
            [
              314322.52649999969,
              323801.8618999999
            ],
            [
              314327.7918999996,
              323802.50390000083
            ],
            [
              314333.79519999959,
              323803.78840000182
            ],
            [
              314337.67019999959,
              323805.14660000242
            ],
            [
              314344.11230000015,
              323808.1854000017
            ],
            [
              314348.0736000007,
              323810.47270000167
            ],
            [
              314351.26659999974,
              323812.79310000129
            ],
            [
              314354.48319999967,
              323816.22300000302
            ],
            [
              314356.5560000008,
              323819.71880000271
            ],
            [
              314357.63519999944,
              323822.53150000237
            ],
            [
              314358.49660000112,
              323825.72870000452
            ],
            [
              314359.13069999963,
              323829.21510000154
            ],
            [
              314359.58379999921,
              323833.16850000247
            ],
            [
              314360.06530000083,
              323843.75110000186
            ],
            [
              314360.05050000083,
              323846.76600000262
            ],
            [
              314359.52820000146,
              323849.54590000026
            ],
            [
              314359.0046000015,
              323852.33269999921
            ],
            [
              314357.80030000024,
              323856.60869999975
            ],
            [
              314354.60330000054,
              323866.44420000166
            ],
            [
              314353.39890000131,
              323871.07940000109
            ],
            [
              314352.77279999945,
              323875.04399999976
            ],
            [
              314352.65690000169,
              323878.67620000057
            ],
            [
              314352.92400000058,
              323884.55870000459
            ],
            [
              314353.3096000012,
              323888.44240000099
            ],
            [
              314353.92279999983,
              323891.444000002
            ],
            [
              314356.11400000006,
              323894.52600000054
            ],
            [
              314359.89290000126,
              323894.8956000004
            ],
            [
              314362.63900000043,
              323893.85460000113
            ],
            [
              314365.23640000075,
              323892.48610000126
            ],
            [
              314368.34710000176,
              323890.56700000167
            ],
            [
              314382.68560000043,
              323880.81469999999
            ],
            [
              314385.90020000003,
              323878.93600000441
            ],
            [
              314388.64030000102,
              323877.61779999919
            ],
            [
              314404.07259999961,
              323871.66630000249
            ],
            [
              314426.74039999954,
              323863.85950000025
            ],
            [
              314441.28189999983,
              323858.30100000277
            ],
            [
              314444.44680000097,
              323857.19180000201
            ],
            [
              314447.11620000005,
              323856.25630000234
            ],
            [
              314451.40850000083,
              323855.16080000065
            ],
            [
              314456.37380000018,
              323854.33440000191
            ],
            [
              314460.36899999995,
              323854.14730000123
            ],
            [
              314468.69320000056,
              323854.39599999972
            ],
            [
              314472.24880000018,
              323854.33440000191
            ],
            [
              314478.98170000035,
              323853.62540000118
            ],
            [
              314494.47389999963,
              323851.15939999931
            ],
            [
              314499.59070000052,
              323850.15230000205
            ],
            [
              314511.71550000086,
              323846.87850000151
            ],
            [
              314520.04779999983,
              323846.04560000077
            ],
            [
              314524.37920000218,
              323847.43390000425
            ],
            [
              314527.08500000089,
              323850.91760000214
            ],
            [
              314528.51170000061,
              323854.80560000241
            ],
            [
              314530.33800000139,
              323861.69380000047
            ],
            [
              314531.51560000051,
              323864.91779999994
            ],
            [
              314533.4104000004,
              323868.75149999931
            ],
            [
              314535.76699999999,
              323872.89939999953
            ],
            [
              314544.35600000061,
              323886.30520000122
            ],
            [
              314547.39060000051,
              323891.37619999982
            ],
            [
              314551.56390000042,
              323899.4784000013
            ],
            [
              314553.74069999997,
              323903.01790000126
            ],
            [
              314556.3331000004,
              323906.15940000117
            ],
            [
              314559.66890000086,
              323909.29990000091
            ],
            [
              314563.11010000203,
              323912.03119999915
            ],
            [
              314571.2985000005,
              323918.03630000167
            ],
            [
              314574.90739999991,
              323921.00959999859
            ],
            [
              314579.09370000102,
              323925.10759999976
            ],
            [
              314587.40859999973,
              323934.24920000322
            ],
            [
              314591.09250000026,
              323938.0110000018
            ],
            [
              314595.22599999979,
              323941.59160000272
            ],
            [
              314599.2491000006,
              323944.29300000146
            ],
            [
              314603.58719999995,
              323946.47420000099
            ],
            [
              314608.65830000117,
              323948.45830000192
            ],
            [
              314614.39700000081,
              323950.26270000078
            ],
            [
              314623.59080000129,
              323952.75960000232
            ],
            [
              314627.29330000002,
              323953.5110000018
            ],
            [
              314634.92829999886,
              323954.42139999941
            ],
            [
              314638.04330000002,
              323954.94090000167
            ],
            [
              314642.42140000127,
              323956.3991000019
            ],
            [
              314646.18670000136,
              323958.76700000279
            ],
            [
              314648.71240000054,
              323961.20320000127
            ],
            [
              314650.91330000199,
              323963.77599999867
            ],
            [
              314656.3992000008,
              323970.75130000152
            ],
            [
              314660.46600000095,
              323975.9271000009
            ],
            [
              314668.80269999988,
              323987.54219999909
            ],
            [
              314672.2742000008,
              323991.91809999943
            ],
            [
              314684.97420000099,
              324005.67640000023
            ],
            [
              314689.57479999959,
              324011.77850000001
            ],
            [
              314698.8534000013,
              324025.73159999959
            ],
            [
              314722.74110000208,
              324049.60750000179
            ],
            [
              314727.22280000057,
              324053.52070000023
            ],
            [
              314733.65770000126,
              324059.65150000155
            ],
            [
              314738.44360000081,
              324064.81440000236
            ],
            [
              314748.9040000001,
              324076.73589999788
            ],
            [
              314753.76610000152,
              324081.87659999914
            ],
            [
              314761.56640000083,
              324089.42000000179
            ],
            [
              314769.64110000059,
              324096.69329999946
            ],
            [
              314779.16610000189,
              324119.9766000025
            ],
            [
              314797.15780000109,
              324168.66010000184
            ],
            [
              314813.03280000109,
              324209.93520000204
            ],
            [
              314828.90790000185,
              324251.21020000055
            ],
            [
              314841.60790000204,
              324277.66860000044
            ],
            [
              314846.50200000126,
              324288.27260000072
            ],
            [
              314849.362900001,
              324292.39710000157
            ],
            [
              314851.6174000008,
              324296.59080000408
            ],
            [
              314853.2658000011,
              324300.85349999741
            ],
            [
              314854.38669999968,
              324306.55120000429
            ],
            [
              314854.06110000052,
              324311.00040000118
            ],
            [
              314853.11560000107,
              324314.49269999936
            ],
            [
              314850.57130000181,
              324321.69930000044
            ],
            [
              314849.65409999993,
              324324.73059999943
            ],
            [
              314849.03859999962,
              324329.22409999929
            ],
            [
              314849.70160000026,
              324334.51339999959
            ],
            [
              314851.07460000087,
              324338.5447000023
            ],
            [
              314853.14060000144,
              324342.69560000114
            ],
            [
              314855.91520000063,
              324346.99830000103
            ],
            [
              314859.2882999992,
              324351.33300000057
            ],
            [
              314863.42600000091,
              324355.95280000195
            ],
            [
              314868.30750000011,
              324360.86739999987
            ],
            [
              314875.47460000124,
              324367.62710000016
            ],
            [
              314881.16210000031,
              324372.82480000146
            ],
            [
              314885.50980000012,
              324376.40540000051
            ],
            [
              314889.59100000001,
              324379.25280000083
            ],
            [
              314893.46630000044,
              324381.38550000079
            ]
          ]
        ]
      }
    },
    {
      "attributes" : {
        "FID" : 2,
        "PMNTN_SN" : 49104,
        "MNTN_CODE" : "487204001",
        "MNTN_NM" : "천황산",
        "PMNTN_NM" : "누하리구간",
        "PMNTN_MAIN" : " ",
        "PMNTN_LT" : 2.3,
        "PMNTN_DFFL" : "쉬움",
        "PMNTN_UPPL" : 41,
        "PMNTN_GODN" : 28,
        "PMNTN_MTRQ" : " ",
        "PMNTN_CNRL" : " ",
        "PMNTN_CLS_" : " ",
        "PMNTN_RISK" : " ",
        "PMNTN_RECO" : " ",
        "DATA_STDR_" : "2016-12-31",
        "MNTN_ID" : "488902101"
      },
      "geometry" : {
        "paths" : [
          [
            [
              314494.25780000072,
              326167.78830000013
            ],
            [
              314490.8712000018,
              326167.06060000136
            ],
            [
              314487.49920000043,
              326165.89650000073
            ],
            [
              314483.6528000012,
              326164.76160000265
            ],
            [
              314481.50349999964,
              326161.32149999961
            ],
            [
              314481.59590000007,
              326150.55790000036
            ],
            [
              314480.6380000012,
              326146.49500000104
            ],
            [
              314477.70590000134,
              326137.89160000347
            ],
            [
              314468.18080000114,
              326133.12910000049
            ],
            [
              314457.46519999951,
              326123.60410000011
            ],
            [
              314447.940200001,
              326114.67440000176
            ],
            [
              314439.01050000079,
              326101.57750000432
            ],
            [
              314427.6995000001,
              326083.7181000039
            ],
            [
              314416.98390000127,
              326070.02590000257
            ],
            [
              314406.26820000075,
              326059.31020000204
            ],
            [
              314400.91040000226,
              326049.18989999965
            ],
            [
              314394.95730000082,
              326029.54450000077
            ],
            [
              314384.2416000003,
              325999.18350000121
            ],
            [
              314375.90720000025,
              325971.20380000025
            ],
            [
              314366.97750000004,
              325940.84280000068
            ],
            [
              314357.45249999966,
              325917.62559999898
            ],
            [
              314352.69000000134,
              325909.88649999909
            ],
            [
              314347.92750000115,
              325889.05049999803
            ],
            [
              314342.56969999988,
              325864.64260000177
            ],
            [
              314336.61650000047,
              325837.85349999927
            ],
            [
              314336.02120000217,
              325815.23160000145
            ],
            [
              314333.0446000006,
              325802.13470000215
            ],
            [
              314327.68680000026,
              325793.20500000007
            ],
            [
              314325.74450000003,
              325788.06420000084
            ],
            [
              314324.00569999963,
              325782.87800000049
            ],
            [
              314322.47030000109,
              325777.64630000107
            ],
            [
              314321.13840000052,
              325772.36900000088
            ],
            [
              314320.05610000063,
              325766.03150000237
            ],
            [
              314318.62570000067,
              325751.90389999934
            ],
            [
              314317.56650000066,
              325746.17520000041
            ],
            [
              314316.17480000108,
              325741.59939999878
            ],
            [
              314312.33160000108,
              325731.34040000103
            ],
            [
              314310.83820000105,
              325725.24270000122
            ],
            [
              314310.55170000065,
              325721.02129999921
            ],
            [
              314311.10510000028,
              325711.07700000145
            ],
            [
              314311.11450000107,
              325707.44460000284
            ],
            [
              314310.70980000123,
              325703.94959999993
            ],
            [
              314309.31720000133,
              325699.85860000178
            ],
            [
              314305.66019999981,
              325693.19230000302
            ],
            [
              314302.69470000081,
              325686.79400000162
            ],
            [
              314300.70340000093,
              325681.77170000039
            ],
            [
              314299.31460000109,
              325677.18659999967
            ],
            [
              314298.43930000067,
              325671.73580000177
            ],
            [
              314298.47660000157,
              325667.80190000311
            ],
            [
              314300.07349999994,
              325656.82890000008
            ],
            [
              314300.30240000132,
              325652.11560000107
            ],
            [
              314299.89190000016,
              325647.21900000237
            ],
            [
              314298.99330000207,
              325641.79780000262
            ],
            [
              314297.73749999981,
              325636.22679999843
            ],
            [
              314294.94460000005,
              325625.32650000416
            ],
            [
              314289.5867000008,
              325606.27650000155
            ],
            [
              314287.20310000051,
              325596.21330000088
            ],
            [
              314284.82420000061,
              325584.84520000033
            ],
            [
              314283.92980000004,
              325579.46670000441
            ],
            [
              314281.97430000082,
              325564.61219999939
            ],
            [
              314281.10600000061,
              325560.17239999957
            ],
            [
              314280.0616999995,
              325556.27009999938
            ],
            [
              314278.67190000135,
              325552.43700000271
            ],
            [
              314276.78680000082,
              325548.32250000164
            ],
            [
              314267.87899999972,
              325532.40990000032
            ],
            [
              314266.03220000118,
              325528.7109999992
            ],
            [
              314264.58360000048,
              325525.31380000152
            ],
            [
              314263.7594000008,
              325522.50239999965
            ],
            [
              314262.16190000065,
              325514.44199999981
            ],
            [
              314259.98060000129,
              325509.94500000402
            ],
            [
              314255.99220000207,
              325508.74410000257
            ],
            [
              314247.2526000021,
              325509.73430000246
            ],
            [
              314244.34879999887,
              325508.83720000274
            ],
            [
              314242.11190000176,
              325506.62280000187
            ],
            [
              314240.58660000004,
              325504.21150000207
            ],
            [
              314238.78310000058,
              325499.91330000199
            ],
            [
              314237.19909999985,
              325494.35750000179
            ],
            [
              314236.6855000006,
              325491.55830000155
            ],
            [
              314236.41600000113,
              325488.45860000141
            ],
            [
              314236.38900000043,
              325485.04499999993
            ],
            [
              314236.60379999969,
              325481.26060000062
            ],
            [
              314237.01890000142,
              325477.81120000221
            ],
            [
              314237.68420000002,
              325474.32950000092
            ],
            [
              314238.58899999969,
              325470.87120000273
            ],
            [
              314239.71920000017,
              325467.48950000107
            ],
            [
              314241.05559999961,
              325464.2405999992
            ],
            [
              314242.58200000133,
              325461.16200000234
            ],
            [
              314244.27910000086,
              325458.29230000451
            ],
            [
              314246.12880000006,
              325455.66210000217
            ],
            [
              314248.48660000134,
              325453.20229999907
            ],
            [
              314255.51800000202,
              325447.1558000017
            ],
            [
              314258.26049999986,
              325441.9737999998
            ],
            [
              314258.78090000059,
              325437.8067000024
            ],
            [
              314258.54000000004,
              325434.55440000072
            ],
            [
              314257.40860000066,
              325429.02879999951
            ],
            [
              314253.38889999967,
              325415.6390999984
            ],
            [
              314252.0820000004,
              325409.82300000265
            ],
            [
              314249.7321000006,
              325394.48530000076
            ],
            [
              314247.91480000038,
              325385.41510000266
            ],
            [
              314247.00270000007,
              325382.19330000319
            ],
            [
              314244.1500000013,
              325373.66229999997
            ],
            [
              314243.33279999997,
              325369.91530000046
            ],
            [
              314243.02180000208,
              325365.81399999931
            ],
            [
              314243.19960000087,
              325362.51060000435
            ],
            [
              314244.93819999974,
              325349.69630000181
            ],
            [
              314246.72130000126,
              325335.80430000089
            ],
            [
              314246.89180000126,
              325332.11840000004
            ],
            [
              314246.72420000006,
              325328.86030000262
            ],
            [
              314245.69220000226,
              325323.06509999931
            ],
            [
              314243.83530000038,
              325316.99300000258
            ],
            [
              314241.17940000165,
              325310.73330000415
            ],
            [
              314237.79440000094,
              325304.45249999873
            ],
            [
              314235.7080000015,
              325301.17710000463
            ],
            [
              314233.40180000011,
              325297.97040000185
            ],
            [
              314230.90969999973,
              325294.87930000015
            ],
            [
              314228.26939999964,
              325291.95089999959
            ],
            [
              314225.69830000028,
              325289.45629999973
            ],
            [
              314222.65940000024,
              325286.88199999928
            ],
            [
              314213.38660000078,
              325280.04460000247
            ],
            [
              314210.57430000138,
              325278.24250000343
            ],
            [
              314202.07670000009,
              325273.49250000156
            ],
            [
              314198.81570000015,
              325270.83550000191
            ],
            [
              314195.71620000061,
              325266.7907000035
            ],
            [
              314193.79619999882,
              325262.97120000236
            ],
            [
              314192.14880000055,
              325258.46780000255
            ],
            [
              314190.76470000017,
              325253.25549999997
            ],
            [
              314190.38260000013,
              325250.41440000013
            ],
            [
              314190.14130000118,
              325243.71330000088
            ],
            [
              314189.16009999998,
              325239.7266000025
            ],
            [
              314186.83620000072,
              325235.66590000317
            ],
            [
              314184.21940000076,
              325232.62189999968
            ],
            [
              314179.96400000062,
              325228.8759000022
            ],
            [
              314169.44290000014,
              325220.94339999929
            ],
            [
              314165.62170000095,
              325218.65440000035
            ],
            [
              314154.51610000059,
              325213.69330000132
            ],
            [
              314149.6827999996,
              325210.94160000235
            ],
            [
              314147.0317000011,
              325208.32260000147
            ],
            [
              314146.07340000011,
              325205.56999999844
            ],
            [
              314146.96510000061,
              325201.37689999864
            ],
            [
              314149.35769999959,
              325196.70900000259
            ],
            [
              314154.40970000159,
              325188.82710000128
            ],
            [
              314156.23649999965,
              325185.38970000111
            ],
            [
              314161.59430000093,
              325172.88810000196
            ],
            [
              314170.77500000037,
              325151.04059999995
            ],
            [
              314175.28650000133,
              325140.74120000191
            ],
            [
              314181.41870000213,
              325127.04310000129
            ],
            [
              314185.4068,
              325119.30990000069
            ],
            [
              314190.13239999954,
              325111.44470000267
            ],
            [
              314194.67030000128,
              325104.72060000151
            ],
            [
              314199.22449999955,
              325098.8367999997
            ],
            [
              314203.86160000041,
              325093.71140000224
            ],
            [
              314207.67650000006,
              325090.22300000302
            ],
            [
              314215.58140000049,
              325083.9234000016
            ],
            [
              314218.74440000113,
              325081.20979999937
            ],
            [
              314224.83730000071,
              325075.25149999931
            ],
            [
              314237.79440000094,
              325061.56450000405
            ],
            [
              314250.1883999994,
              325049.5577000007
            ],
            [
              314255.65390000027,
              325043.70510000363
            ],
            [
              314259.30529999919,
              325039.28840000182
            ],
            [
              314262.6941000009,
              325034.90059999935
            ],
            [
              314264.29939999897,
              325032.57169999927
            ],
            [
              314269.34610000066,
              325025.25030000135
            ],
            [
              314272.44359999988,
              325019.15090000071
            ],
            [
              314275.89590000082,
              325013.34740000404
            ],
            [
              314279.70309999958,
              325007.83990000188
            ],
            [
              314283.58820000011,
              325002.97510000132
            ],
            [
              314286.6623999998,
              324999.56860000268
            ],
            [
              314289.95060000103,
              324996.35270000063
            ],
            [
              314299.74010000005,
              324987.81170000322
            ],
            [
              314306.74770000204,
              324982.35749999993
            ],
            [
              314325.41150000133,
              324969.7508000005
            ],
            [
              314329.80970000103,
              324966.53090000153
            ],
            [
              314333.60690000001,
              324963.47000000253
            ],
            [
              314341.82290000003,
              324956.06670000032
            ],
            [
              314352.65690000169,
              324945.47829999961
            ],
            [
              314364.49890000001,
              324933.47780000046
            ],
            [
              314372.76530000102,
              324924.31159999967
            ],
            [
              314380.81979999971,
              324913.54140000232
            ],
            [
              314384.40699999966,
              324909.49490000121
            ],
            [
              314386.74500000011,
              324907.40100000054
            ],
            [
              314389.35320000164,
              324905.3983000014
            ],
            [
              314392.25700000208,
              324903.46690000407
            ],
            [
              314395.50970000122,
              324901.57100000232
            ],
            [
              314401.98440000135,
              324898.33060000278
            ],
            [
              314417.21540000197,
              324891.50320000388
            ],
            [
              314423.6584999999,
              324888.54140000045
            ],
            [
              314430.90660000034,
              324885.45619999804
            ],
            [
              314453.19880000129,
              324876.68650000356
            ],
            [
              314467.65750000067,
              324870.53329999931
            ],
            [
              314471.71910000034,
              324869.14440000243
            ],
            [
              314476.45110000018,
              324868.07520000078
            ],
            [
              314479.83330000099,
              324867.82169999741
            ],
            [
              314491.91629999969,
              324867.93590000458
            ],
            [
              314496.53809999954,
              324866.71360000223
            ],
            [
              314500.56709999964,
              324864.33110000193
            ],
            [
              314503.65040000156,
              324861.76920000277
            ],
            [
              314507.64600000065,
              324857.54800000228
            ],
            [
              314514.58220000099,
              324849.16980000027
            ],
            [
              314519.90970000066,
              324842.24000000395
            ],
            [
              314527.28230000194,
              324831.1780999992
            ],
            [
              314534.17630000226,
              324820.42140000127
            ],
            [
              314538.92400000058,
              324812.12800000235
            ],
            [
              314540.53070000187,
              324808.78320000134
            ],
            [
              314543.8180000009,
              324801.11620000005
            ],
            [
              314546.33230000082,
              324796.25300000235
            ],
            [
              314550.34329999983,
              324790.52769999951
            ],
            [
              314555.23809999973,
              324784.88230000064
            ],
            [
              314560.9813000001,
              324779.35860000364
            ],
            [
              314567.49899999984,
              324774.027999999
            ],
            [
              314570.04640000034,
              324772.31279999949
            ],
            [
              314573.10010000225,
              324770.65380000137
            ],
            [
              314578.21610000171,
              324768.41009999998
            ],
            [
              314583.58110000007,
              324766.05710000172
            ],
            [
              314587.15700000059,
              324764.30179999955
            ],
            [
              314590.3292000005,
              324762.35649999976
            ],
            [
              314593.83990000188,
              324759.29600000009
            ],
            [
              314596.58980000019,
              324756.11410000175
            ],
            [
              314599.84380000178,
              324751.15839999914
            ],
            [
              314603.18710000068,
              324744.85109999962
            ],
            [
              314606.77029999997,
              324737.09200000204
            ],
            [
              314608.77410000097,
              324732.75290000066
            ],
            [
              314612.78040000051,
              324724.3945000004
            ],
            [
              314615.13110000081,
              324719.04000000097
            ],
            [
              314616.98670000024,
              324714.05340000242
            ],
            [
              314618.29910000134,
              324709.46949999966
            ],
            [
              314619.10769999959,
              324705.25700000115
            ],
            [
              314619.31500000227,
              324702.43610000238
            ],
            [
              314619.55750000104,
              324699.1381000001
            ],
            [
              314619.58389999997,
              324693.87040000036
            ],
            [
              314619.27160000149,
              324681.9382000044
            ],
            [
              314619.35740000103,
              324676.66110000201
            ],
            [
              314619.32070000004,
              324671.03430000134
            ],
            [
              314618.48780000117,
              324657.97010000236
            ],
            [
              314618.52859999985,
              324652.70979999937
            ],
            [
              314619.15790000092,
              324648.3441000022
            ],
            [
              314620.8984999992,
              324643.76890000328
            ],
            [
              314624.02620000113,
              324640.20639999956
            ],
            [
              314627.45610000007,
              324637.91390000284
            ],
            [
              314630.38240000047,
              324636.54640000314
            ],
            [
              314636.38790000137,
              324634.47060000151
            ],
            [
              314644.75760000106,
              324632.14910000376
            ],
            [
              314652.16580000147,
              324630.0943
            ],
            [
              314660.99019999988,
              324627.58810000122
            ],
            [
              314682.00060000177,
              324623.07640000246
            ],
            [
              314691.32430000138,
              324620.56929999776
            ],
            [
              314698.00480000023,
              324618.28060000017
            ],
            [
              314714.60760000162,
              324612.10260000266
            ],
            [
              314722.42109999992,
              324609.54279999994
            ],
            [
              314742.73150000162,
              324603.36330000125
            ],
            [
              314748.57780000102,
              324601.37330000103
            ],
            [
              314753.76610000152,
              324599.40259999968
            ],
            [
              314757.6082000006,
              324597.71860000305
            ],
            [
              314767.33810000122,
              324593.05980000272
            ],
            [
              314772.8161000004,
              324590.93590000272
            ],
            [
              314776.46500000078,
              324590.09480000287
            ],
            [
              314780.79530000128,
              324589.70100000128
            ],
            [
              314785.19550000131,
              324589.69040000439
            ],
            [
              314796.00129999965,
              324590.08950000443
            ],
            [
              314801.31969999988,
              324589.85220000148
            ],
            [
              314805.04590000119,
              324589.09310000204
            ],
            [
              314809.00459999964,
              324587.28120000102
            ],
            [
              314812.15820000041,
              324584.32490000129
            ],
            [
              314814.27730000112,
              324581.28539999947
            ],
            [
              314815.60419999994,
              324578.7677000016
            ],
            [
              314817.70450000092,
              324573.76560000144
            ],
            [
              314819.25840000156,
              324569.43640000187
            ],
            [
              314822.55790000036,
              324560.2442000024
            ],
            [
              314825.25750000123,
              324553.05939999968
            ],
            [
              314830.55180000048,
              324536.71580000222
            ],
            [
              314833.14120000042,
              324529.55250000209
            ],
            [
              314836.29700000212,
              324522.07279999927
            ],
            [
              314845.84120000061,
              324500.977400003
            ],
            [
              314857.48290000111,
              324471.34400000237
            ],
            [
              314865.25580000132,
              324455.21710000187
            ],
            [
              314866.84499999974,
              324451.48179999925
            ],
            [
              314868.06630000006,
              324448.0605999995
            ],
            [
              314869.21330000088,
              324443.56660000235
            ],
            [
              314871.10230000131,
              324433.3264000006
            ],
            [
              314872.29959999956,
              324429.01060000435
            ],
            [
              314873.48620000202,
              324426.01329999976
            ],
            [
              314875.05420000106,
              324422.78110000119
            ],
            [
              314881.55950000044,
              324411.47720000148
            ],
            [
              314883.94130000006,
              324406.78560000099
            ],
            [
              314886.62090000045,
              324400.56900000386
            ],
            [
              314893.46630000044,
              324381.38550000079
            ]
          ]
        ]
      }
    }
  ]
}