{
  "displayFieldName" : "",
  "fieldAliases" : {
    "FID" : "FID",
    "PMNTN_SPOT" : "PMNTN_SPOT",
    "MNTN_CODE" : "MNTN_CODE",
    "MANAGE_SP1" : "MANAGE_SP1",
    "MANAGE_SP2" : "MANAGE_SP2",
    "DETAIL_SPO" : "DETAIL_SPO",
    "ETC_MATTER" : "ETC_MATTER",
    "MNTN_NM" : "MNTN_NM",
    "PAST_SPOT_" : "PAST_SPOT_",
    "MNTN_ID" : "MNTN_ID"
  },
  "geometryType" : "esriGeometryPoint",
  "spatialReference" : {
    "wkt" : "PROJCS[\"PCS_ITRF2000_TM\",GEOGCS[\"GCS_ITRF_2000\",DATUM[\"D_ITRF_2000\",SPHEROID[\"GRS_1980\",6378137.0,298.257222101]],PRIMEM[\"Greenwich\",0.0],UNIT[\"Degree\",0.0174532925199433]],PROJECTION[\"Transverse_Mercator\"],PARAMETER[\"False_Easting\",200000.0],PARAMETER[\"False_Northing\",600000.0],PARAMETER[\"Central_Meridian\",127.0],PARAMETER[\"Scale_Factor\",1.0],PARAMETER[\"Latitude_Of_Origin\",38.0],UNIT[\"Meter\",1.0]]"
  },
  "fields" : [
    {
      "name" : "FID",
      "type" : "esriFieldTypeOID",
      "alias" : "FID"
    },
    {
      "name" : "PMNTN_SPOT",
      "type" : "esriFieldTypeDouble",
      "alias" : "PMNTN_SPOT"
    },
    {
      "name" : "MNTN_CODE",
      "type" : "esriFieldTypeString",
      "alias" : "MNTN_CODE",
      "length" : 9
    },
    {
      "name" : "MANAGE_SP1",
      "type" : "esriFieldTypeString",
      "alias" : "MANAGE_SP1",
      "length" : 2
    },
    {
      "name" : "MANAGE_SP2",
      "type" : "esriFieldTypeString",
      "alias" : "MANAGE_SP2",
      "length" : 50
    },
    {
      "name" : "DETAIL_SPO",
      "type" : "esriFieldTypeString",
      "alias" : "DETAIL_SPO",
      "length" : 200
    },
    {
      "name" : "ETC_MATTER",
      "type" : "esriFieldTypeString",
      "alias" : "ETC_MATTER",
      "length" : 200
    },
    {
      "name" : "MNTN_NM",
      "type" : "esriFieldTypeString",
      "alias" : "MNTN_NM",
      "length" : 50
    },
    {
      "name" : "PAST_SPOT_",
      "type" : "esriFieldTypeString",
      "alias" : "PAST_SPOT_",
      "length" : 14
    },
    {
      "name" : "MNTN_ID",
      "type" : "esriFieldTypeString",
      "alias" : "MNTN_ID",
      "length" : 10
    }
  ],
  "features" : [
    {
      "attributes" : {
        "FID" : 0,
        "PMNTN_SPOT" : 81317,
        "MNTN_CODE" : "462301801",
        "MANAGE_SP1" : "01",
        "MANAGE_SP2" : "시종점",
        "DETAIL_SPO" : "시종점",
        "ETC_MATTER" : " ",
        "MNTN_NM" : "진월국사봉",
        "PAST_SPOT_" : "4623018010001",
        "MNTN_ID" : "462301801"
      },
      "geometry" : {
        "x" : 267238.73190000094,
        "y" : 267470.49829999916
      }
    },
    {
      "attributes" : {
        "FID" : 1,
        "PMNTN_SPOT" : 81318,
        "MNTN_CODE" : "462301801",
        "MANAGE_SP1" : "01",
        "MANAGE_SP2" : "시종점",
        "DETAIL_SPO" : "시종점",
        "ETC_MATTER" : " ",
        "MNTN_NM" : "진월국사봉",
        "PAST_SPOT_" : "4623018010002",
        "MNTN_ID" : "462301801"
      },
      "geometry" : {
        "x" : 267437.88780000061,
        "y" : 272326.78840000369
      }
    },
    {
      "attributes" : {
        "FID" : 2,
        "PMNTN_SPOT" : 81319,
        "MNTN_CODE" : "462301801",
        "MANAGE_SP1" : "99",
        "MANAGE_SP2" : "기타",
        "DETAIL_SPO" : "국사봉",
        "ETC_MATTER" : " ",
        "MNTN_NM" : "진월국사봉",
        "PAST_SPOT_" : "4623018010003",
        "MNTN_ID" : "462301801"
      },
      "geometry" : {
        "x" : 267918.84798311349,
        "y" : 270097.05875216238
      }
    },
    {
      "attributes" : {
        "FID" : 3,
        "PMNTN_SPOT" : 81320,
        "MNTN_CODE" : "462301801",
        "MANAGE_SP1" : "10",
        "MANAGE_SP2" : "이정표",
        "DETAIL_SPO" : "이정표",
        "ETC_MATTER" : " ",
        "MNTN_NM" : "진월국사봉",
        "PAST_SPOT_" : "4623018010004",
        "MNTN_ID" : "462301801"
      },
      "geometry" : {
        "x" : 267083.45573083963,
        "y" : 271207.27529919147
      }
    },
    {
      "attributes" : {
        "FID" : 4,
        "PMNTN_SPOT" : 81321,
        "MNTN_CODE" : "462301801",
        "MANAGE_SP1" : "10",
        "MANAGE_SP2" : "이정표",
        "DETAIL_SPO" : "이정표",
        "ETC_MATTER" : " ",
        "MNTN_NM" : "진월국사봉",
        "PAST_SPOT_" : "4623018010005",
        "MNTN_ID" : "462301801"
      },
      "geometry" : {
        "x" : 267459.27830152959,
        "y" : 272318.1078829132
      }
    },
    {
      "attributes" : {
        "FID" : 5,
        "PMNTN_SPOT" : 81322,
        "MNTN_CODE" : "462301801",
        "MANAGE_SP1" : "10",
        "MANAGE_SP2" : "이정표",
        "DETAIL_SPO" : "이정표",
        "ETC_MATTER" : " ",
        "MNTN_NM" : "진월국사봉",
        "PAST_SPOT_" : "4623018010006",
        "MNTN_ID" : "462301801"
      },
      "geometry" : {
        "x" : 267916.74433108233,
        "y" : 270094.25388278998
      }
    }
  ]
}