{
  "displayFieldName" : "",
  "fieldAliases" : {
    "FID" : "FID",
    "PMNTN_SPOT" : "PMNTN_SPOT",
    "MNTN_CODE" : "MNTN_CODE",
    "MANAGE_SP1" : "MANAGE_SP1",
    "MANAGE_SP2" : "MANAGE_SP2",
    "DETAIL_SPO" : "DETAIL_SPO",
    "ETC_MATTER" : "ETC_MATTER",
    "MNTN_NM" : "MNTN_NM",
    "PAST_SPOT_" : "PAST_SPOT_",
    "MNTN_ID" : "MNTN_ID"
  },
  "geometryType" : "esriGeometryPoint",
  "spatialReference" : {
    "wkt" : "PROJCS[\"PCS_ITRF2000_TM\",GEOGCS[\"GCS_ITRF_2000\",DATUM[\"D_ITRF_2000\",SPHEROID[\"GRS_1980\",6378137.0,298.257222101]],PRIMEM[\"Greenwich\",0.0],UNIT[\"Degree\",0.0174532925199433]],PROJECTION[\"Transverse_Mercator\"],PARAMETER[\"False_Easting\",200000.0],PARAMETER[\"False_Northing\",600000.0],PARAMETER[\"Central_Meridian\",127.0],PARAMETER[\"Scale_Factor\",1.0],PARAMETER[\"Latitude_Of_Origin\",38.0],UNIT[\"Meter\",1.0]]"
  },
  "fields" : [
    {
      "name" : "FID",
      "type" : "esriFieldTypeOID",
      "alias" : "FID"
    },
    {
      "name" : "PMNTN_SPOT",
      "type" : "esriFieldTypeDouble",
      "alias" : "PMNTN_SPOT"
    },
    {
      "name" : "MNTN_CODE",
      "type" : "esriFieldTypeString",
      "alias" : "MNTN_CODE",
      "length" : 9
    },
    {
      "name" : "MANAGE_SP1",
      "type" : "esriFieldTypeString",
      "alias" : "MANAGE_SP1",
      "length" : 2
    },
    {
      "name" : "MANAGE_SP2",
      "type" : "esriFieldTypeString",
      "alias" : "MANAGE_SP2",
      "length" : 50
    },
    {
      "name" : "DETAIL_SPO",
      "type" : "esriFieldTypeString",
      "alias" : "DETAIL_SPO",
      "length" : 200
    },
    {
      "name" : "ETC_MATTER",
      "type" : "esriFieldTypeString",
      "alias" : "ETC_MATTER",
      "length" : 200
    },
    {
      "name" : "MNTN_NM",
      "type" : "esriFieldTypeString",
      "alias" : "MNTN_NM",
      "length" : 50
    },
    {
      "name" : "PAST_SPOT_",
      "type" : "esriFieldTypeString",
      "alias" : "PAST_SPOT_",
      "length" : 14
    },
    {
      "name" : "MNTN_ID",
      "type" : "esriFieldTypeString",
      "alias" : "MNTN_ID",
      "length" : 10
    }
  ],
  "features" : [
    {
      "attributes" : {
        "FID" : 0,
        "PMNTN_SPOT" : 70520,
        "MNTN_CODE" : "413601601",
        "MANAGE_SP1" : "01",
        "MANAGE_SP2" : "시종점",
        "DETAIL_SPO" : "시종점",
        "ETC_MATTER" : " ",
        "MNTN_NM" : "운길산",
        "PAST_SPOT_" : "4136015010001",
        "MNTN_ID" : "413601501"
      },
      "geometry" : {
        "x" : 223703.21120000165,
        "y" : 553325.83160000294
      }
    },
    {
      "attributes" : {
        "FID" : 1,
        "PMNTN_SPOT" : 70521,
        "MNTN_CODE" : "413601601",
        "MANAGE_SP1" : "01",
        "MANAGE_SP2" : "시종점",
        "DETAIL_SPO" : "시종점",
        "ETC_MATTER" : " ",
        "MNTN_NM" : "운길산",
        "PAST_SPOT_" : "4136015010002",
        "MNTN_ID" : "413601501"
      },
      "geometry" : {
        "x" : 223760.8022000026,
        "y" : 553672.39310000092
      }
    },
    {
      "attributes" : {
        "FID" : 2,
        "PMNTN_SPOT" : 70522,
        "MNTN_CODE" : "413601601",
        "MANAGE_SP1" : "01",
        "MANAGE_SP2" : "시종점",
        "DETAIL_SPO" : "시종점",
        "ETC_MATTER" : " ",
        "MNTN_NM" : "운길산",
        "PAST_SPOT_" : "4136015010003",
        "MNTN_ID" : "413601501"
      },
      "geometry" : {
        "x" : 225413.18060000334,
        "y" : 554137.74389999919
      }
    },
    {
      "attributes" : {
        "FID" : 3,
        "PMNTN_SPOT" : 70523,
        "MNTN_CODE" : "413601601",
        "MANAGE_SP1" : "02",
        "MANAGE_SP2" : "분기점",
        "DETAIL_SPO" : "분기점",
        "ETC_MATTER" : " ",
        "MNTN_NM" : "운길산",
        "PAST_SPOT_" : "4136015010004",
        "MNTN_ID" : "413601501"
      },
      "geometry" : {
        "x" : 225993.64090000186,
        "y" : 552606.05249999836
      }
    },
    {
      "attributes" : {
        "FID" : 4,
        "PMNTN_SPOT" : 70524,
        "MNTN_CODE" : "413601601",
        "MANAGE_SP1" : "02",
        "MANAGE_SP2" : "분기점",
        "DETAIL_SPO" : "분기점",
        "ETC_MATTER" : " ",
        "MNTN_NM" : "운길산",
        "PAST_SPOT_" : "4136015010005",
        "MNTN_ID" : "413601501"
      },
      "geometry" : {
        "x" : 226304.29870000109,
        "y" : 552569.22640000097
      }
    },
    {
      "attributes" : {
        "FID" : 5,
        "PMNTN_SPOT" : 70525,
        "MNTN_CODE" : "413601601",
        "MANAGE_SP1" : "02",
        "MANAGE_SP2" : "분기점",
        "DETAIL_SPO" : "분기점",
        "ETC_MATTER" : " ",
        "MNTN_NM" : "운길산",
        "PAST_SPOT_" : "4136015010006",
        "MNTN_ID" : "413601501"
      },
      "geometry" : {
        "x" : 226379.11760000139,
        "y" : 552605.4768000003
      }
    },
    {
      "attributes" : {
        "FID" : 6,
        "PMNTN_SPOT" : 70526,
        "MNTN_CODE" : "413601601",
        "MANAGE_SP1" : "01",
        "MANAGE_SP2" : "시종점",
        "DETAIL_SPO" : "시종점",
        "ETC_MATTER" : " ",
        "MNTN_NM" : "운길산",
        "PAST_SPOT_" : "4136015010007",
        "MNTN_ID" : "413601501"
      },
      "geometry" : {
        "x" : 226611.68680000119,
        "y" : 552306.23240000382
      }
    },
    {
      "attributes" : {
        "FID" : 7,
        "PMNTN_SPOT" : 70527,
        "MNTN_CODE" : "413601601",
        "MANAGE_SP1" : "01",
        "MANAGE_SP2" : "시종점",
        "DETAIL_SPO" : "시종점",
        "ETC_MATTER" : " ",
        "MNTN_NM" : "운길산",
        "PAST_SPOT_" : "4136015010008",
        "MNTN_ID" : "413601501"
      },
      "geometry" : {
        "x" : 226784.72470000107,
        "y" : 552412.5951000005
      }
    },
    {
      "attributes" : {
        "FID" : 8,
        "PMNTN_SPOT" : 70528,
        "MNTN_CODE" : "413601601",
        "MANAGE_SP1" : "01",
        "MANAGE_SP2" : "시종점",
        "DETAIL_SPO" : "시종점",
        "ETC_MATTER" : " ",
        "MNTN_NM" : "운길산",
        "PAST_SPOT_" : "4136015010009",
        "MNTN_ID" : "413601501"
      },
      "geometry" : {
        "x" : 226798.66909999959,
        "y" : 551038.52119999938
      }
    },
    {
      "attributes" : {
        "FID" : 9,
        "PMNTN_SPOT" : 70529,
        "MNTN_CODE" : "413601601",
        "MANAGE_SP1" : "02",
        "MANAGE_SP2" : "분기점",
        "DETAIL_SPO" : "분기점",
        "ETC_MATTER" : " ",
        "MNTN_NM" : "운길산",
        "PAST_SPOT_" : "4136015010010",
        "MNTN_ID" : "413601501"
      },
      "geometry" : {
        "x" : 226847.45850000158,
        "y" : 551177.37299999967
      }
    }
  ]
}