{
  "displayFieldName" : "",
  "fieldAliases" : {
    "FID" : "FID",
    "PMNTN_SPOT" : "PMNTN_SPOT",
    "MNTN_CODE" : "MNTN_CODE",
    "MANAGE_SP1" : "MANAGE_SP1",
    "MANAGE_SP2" : "MANAGE_SP2",
    "DETAIL_SPO" : "DETAIL_SPO",
    "ETC_MATTER" : "ETC_MATTER",
    "MNTN_NM" : "MNTN_NM",
    "PAST_SPOT_" : "PAST_SPOT_",
    "MNTN_ID" : "MNTN_ID"
  },
  "geometryType" : "esriGeometryPoint",
  "spatialReference" : {
    "wkt" : "PROJCS[\"PCS_ITRF2000_TM\",GEOGCS[\"GCS_ITRF_2000\",DATUM[\"D_ITRF_2000\",SPHEROID[\"GRS_1980\",6378137.0,298.257222101]],PRIMEM[\"Greenwich\",0.0],UNIT[\"Degree\",0.0174532925199433]],PROJECTION[\"Transverse_Mercator\"],PARAMETER[\"False_Easting\",200000.0],PARAMETER[\"False_Northing\",600000.0],PARAMETER[\"Central_Meridian\",127.0],PARAMETER[\"Scale_Factor\",1.0],PARAMETER[\"Latitude_Of_Origin\",38.0],UNIT[\"Meter\",1.0]]"
  },
  "fields" : [
    {
      "name" : "FID",
      "type" : "esriFieldTypeOID",
      "alias" : "FID"
    },
    {
      "name" : "PMNTN_SPOT",
      "type" : "esriFieldTypeDouble",
      "alias" : "PMNTN_SPOT"
    },
    {
      "name" : "MNTN_CODE",
      "type" : "esriFieldTypeString",
      "alias" : "MNTN_CODE",
      "length" : 9
    },
    {
      "name" : "MANAGE_SP1",
      "type" : "esriFieldTypeString",
      "alias" : "MANAGE_SP1",
      "length" : 2
    },
    {
      "name" : "MANAGE_SP2",
      "type" : "esriFieldTypeString",
      "alias" : "MANAGE_SP2",
      "length" : 50
    },
    {
      "name" : "DETAIL_SPO",
      "type" : "esriFieldTypeString",
      "alias" : "DETAIL_SPO",
      "length" : 200
    },
    {
      "name" : "ETC_MATTER",
      "type" : "esriFieldTypeString",
      "alias" : "ETC_MATTER",
      "length" : 200
    },
    {
      "name" : "MNTN_NM",
      "type" : "esriFieldTypeString",
      "alias" : "MNTN_NM",
      "length" : 50
    },
    {
      "name" : "PAST_SPOT_",
      "type" : "esriFieldTypeString",
      "alias" : "PAST_SPOT_",
      "length" : 14
    },
    {
      "name" : "MNTN_ID",
      "type" : "esriFieldTypeString",
      "alias" : "MNTN_ID",
      "length" : 10
    }
  ],
  "features" : [
    {
      "attributes" : {
        "FID" : 0,
        "PMNTN_SPOT" : 80562,
        "MNTN_CODE" : "422307501",
        "MANAGE_SP1" : "99",
        "MANAGE_SP2" : "기타",
        "DETAIL_SPO" : "광동교",
        "ETC_MATTER" : " ",
        "MNTN_NM" : "지각산",
        "PAST_SPOT_" : "4223075010001",
        "MNTN_ID" : "422307501"
      },
      "geometry" : {
        "x" : 372158.43070000038,
        "y" : 529473.3478000015
      }
    },
    {
      "attributes" : {
        "FID" : 1,
        "PMNTN_SPOT" : 80563,
        "MNTN_CODE" : "422307501",
        "MANAGE_SP1" : "99",
        "MANAGE_SP2" : "기타",
        "DETAIL_SPO" : "조탄마을입구",
        "ETC_MATTER" : " ",
        "MNTN_NM" : "지각산",
        "PAST_SPOT_" : "4223075010002",
        "MNTN_ID" : "422307501"
      },
      "geometry" : {
        "x" : 374428.45550000109,
        "y" : 527295.49139999971
      }
    },
    {
      "attributes" : {
        "FID" : 2,
        "PMNTN_SPOT" : 80564,
        "MNTN_CODE" : "422307501",
        "MANAGE_SP1" : "23",
        "MANAGE_SP2" : "정상",
        "DETAIL_SPO" : "지각산정상",
        "ETC_MATTER" : " ",
        "MNTN_NM" : "지각산",
        "PAST_SPOT_" : "4223075010003",
        "MNTN_ID" : "422307501"
      },
      "geometry" : {
        "x" : 373841.44560000021,
        "y" : 527822.75540000014
      }
    },
    {
      "attributes" : {
        "FID" : 3,
        "PMNTN_SPOT" : 80565,
        "MNTN_CODE" : "422307501",
        "MANAGE_SP1" : "99",
        "MANAGE_SP2" : "기타",
        "DETAIL_SPO" : "지구랭이마을",
        "ETC_MATTER" : " ",
        "MNTN_NM" : "지각산",
        "PAST_SPOT_" : "4223075010004",
        "MNTN_ID" : "422307501"
      },
      "geometry" : {
        "x" : 373442.89420000091,
        "y" : 527572.61840000376
      }
    },
    {
      "attributes" : {
        "FID" : 4,
        "PMNTN_SPOT" : 80566,
        "MNTN_CODE" : "422307501",
        "MANAGE_SP1" : "99",
        "MANAGE_SP2" : "기타",
        "DETAIL_SPO" : "통신기지국",
        "ETC_MATTER" : " ",
        "MNTN_NM" : "지각산",
        "PAST_SPOT_" : "4223075010005",
        "MNTN_ID" : "422307501"
      },
      "geometry" : {
        "x" : 373882.51210000087,
        "y" : 527728.21970000118
      }
    },
    {
      "attributes" : {
        "FID" : 5,
        "PMNTN_SPOT" : 80567,
        "MNTN_CODE" : "422307501",
        "MANAGE_SP1" : "01",
        "MANAGE_SP2" : "시종점",
        "DETAIL_SPO" : "시종점",
        "ETC_MATTER" : " ",
        "MNTN_NM" : "지각산",
        "PAST_SPOT_" : "4223075010006",
        "MNTN_ID" : "422307501"
      },
      "geometry" : {
        "x" : 372177.54920000117,
        "y" : 529489.33710000105
      }
    },
    {
      "attributes" : {
        "FID" : 6,
        "PMNTN_SPOT" : 80568,
        "MNTN_CODE" : "422307501",
        "MANAGE_SP1" : "02",
        "MANAGE_SP2" : "분기점",
        "DETAIL_SPO" : "분기점",
        "ETC_MATTER" : " ",
        "MNTN_NM" : "지각산",
        "PAST_SPOT_" : "4223075010007",
        "MNTN_ID" : "422307501"
      },
      "geometry" : {
        "x" : 373834.77270000149,
        "y" : 527738.220900001
      }
    },
    {
      "attributes" : {
        "FID" : 7,
        "PMNTN_SPOT" : 80569,
        "MNTN_CODE" : "422307501",
        "MANAGE_SP1" : "01",
        "MANAGE_SP2" : "시종점",
        "DETAIL_SPO" : "시종점",
        "ETC_MATTER" : " ",
        "MNTN_NM" : "지각산",
        "PAST_SPOT_" : "4223075010008",
        "MNTN_ID" : "422307501"
      },
      "geometry" : {
        "x" : 373841.76169999968,
        "y" : 527821.99459999986
      }
    },
    {
      "attributes" : {
        "FID" : 8,
        "PMNTN_SPOT" : 80570,
        "MNTN_CODE" : "422307501",
        "MANAGE_SP1" : "01",
        "MANAGE_SP2" : "시종점",
        "DETAIL_SPO" : "시종점",
        "ETC_MATTER" : " ",
        "MNTN_NM" : "지각산",
        "PAST_SPOT_" : "4223075010009",
        "MNTN_ID" : "422307501"
      },
      "geometry" : {
        "x" : 374428.84589999914,
        "y" : 527296.02570000105
      }
    }
  ]
}