{
  "displayFieldName" : "",
  "fieldAliases" : {
    "FID" : "FID",
    "PMNTN_SPOT" : "PMNTN_SPOT",
    "MNTN_CODE" : "MNTN_CODE",
    "MANAGE_SP1" : "MANAGE_SP1",
    "MANAGE_SP2" : "MANAGE_SP2",
    "DETAIL_SPO" : "DETAIL_SPO",
    "ETC_MATTER" : "ETC_MATTER",
    "MNTN_NM" : "MNTN_NM",
    "PAST_SPOT_" : "PAST_SPOT_",
    "MNTN_ID" : "MNTN_ID"
  },
  "geometryType" : "esriGeometryPoint",
  "spatialReference" : {
    "wkt" : "PROJCS[\"PCS_ITRF2000_TM\",GEOGCS[\"GCS_ITRF_2000\",DATUM[\"D_ITRF_2000\",SPHEROID[\"GRS_1980\",6378137.0,298.257222101]],PRIMEM[\"Greenwich\",0.0],UNIT[\"Degree\",0.0174532925199433]],PROJECTION[\"Transverse_Mercator\"],PARAMETER[\"False_Easting\",200000.0],PARAMETER[\"False_Northing\",600000.0],PARAMETER[\"Central_Meridian\",127.0],PARAMETER[\"Scale_Factor\",1.0],PARAMETER[\"Latitude_Of_Origin\",38.0],UNIT[\"Meter\",1.0]]"
  },
  "fields" : [
    {
      "name" : "FID",
      "type" : "esriFieldTypeOID",
      "alias" : "FID"
    },
    {
      "name" : "PMNTN_SPOT",
      "type" : "esriFieldTypeDouble",
      "alias" : "PMNTN_SPOT"
    },
    {
      "name" : "MNTN_CODE",
      "type" : "esriFieldTypeString",
      "alias" : "MNTN_CODE",
      "length" : 9
    },
    {
      "name" : "MANAGE_SP1",
      "type" : "esriFieldTypeString",
      "alias" : "MANAGE_SP1",
      "length" : 2
    },
    {
      "name" : "MANAGE_SP2",
      "type" : "esriFieldTypeString",
      "alias" : "MANAGE_SP2",
      "length" : 50
    },
    {
      "name" : "DETAIL_SPO",
      "type" : "esriFieldTypeString",
      "alias" : "DETAIL_SPO",
      "length" : 200
    },
    {
      "name" : "ETC_MATTER",
      "type" : "esriFieldTypeString",
      "alias" : "ETC_MATTER",
      "length" : 200
    },
    {
      "name" : "MNTN_NM",
      "type" : "esriFieldTypeString",
      "alias" : "MNTN_NM",
      "length" : 50
    },
    {
      "name" : "PAST_SPOT_",
      "type" : "esriFieldTypeString",
      "alias" : "PAST_SPOT_",
      "length" : 14
    },
    {
      "name" : "MNTN_ID",
      "type" : "esriFieldTypeString",
      "alias" : "MNTN_ID",
      "length" : 10
    }
  ],
  "features" : [
    {
      "attributes" : {
        "FID" : 0,
        "PMNTN_SPOT" : 69103,
        "MNTN_CODE" : "482503101",
        "MANAGE_SP1" : "01",
        "MANAGE_SP2" : "시종점",
        "DETAIL_SPO" : "시종점",
        "ETC_MATTER" : " ",
        "MNTN_NM" : "용산",
        "PAST_SPOT_" : "4825031010001",
        "MNTN_ID" : "482503101"
      },
      "geometry" : {
        "x" : 372648.67140002921,
        "y" : 308887.02490000613
      }
    },
    {
      "attributes" : {
        "FID" : 1,
        "PMNTN_SPOT" : 69104,
        "MNTN_CODE" : "482503101",
        "MANAGE_SP1" : "01",
        "MANAGE_SP2" : "시종점",
        "DETAIL_SPO" : "시종점",
        "ETC_MATTER" : " ",
        "MNTN_NM" : "용산",
        "PAST_SPOT_" : "4825031010002",
        "MNTN_ID" : "482503101"
      },
      "geometry" : {
        "x" : 372688.97990002669,
        "y" : 308275.20000000671
      }
    },
    {
      "attributes" : {
        "FID" : 2,
        "PMNTN_SPOT" : 69105,
        "MNTN_CODE" : "482503101",
        "MANAGE_SP1" : "02",
        "MANAGE_SP2" : "분기점",
        "DETAIL_SPO" : "분기점",
        "ETC_MATTER" : " ",
        "MNTN_NM" : "용산",
        "PAST_SPOT_" : "4825031010003",
        "MNTN_ID" : "482503101"
      },
      "geometry" : {
        "x" : 372756.74700002931,
        "y" : 309015.94890000112
      }
    },
    {
      "attributes" : {
        "FID" : 3,
        "PMNTN_SPOT" : 69106,
        "MNTN_CODE" : "482503101",
        "MANAGE_SP1" : "01",
        "MANAGE_SP2" : "시종점",
        "DETAIL_SPO" : "시종점",
        "ETC_MATTER" : " ",
        "MNTN_NM" : "용산",
        "PAST_SPOT_" : "4825031010004",
        "MNTN_ID" : "482503101"
      },
      "geometry" : {
        "x" : 372837.25750003103,
        "y" : 309163.42580000684
      }
    },
    {
      "attributes" : {
        "FID" : 4,
        "PMNTN_SPOT" : 69107,
        "MNTN_CODE" : "482503101",
        "MANAGE_SP1" : "02",
        "MANAGE_SP2" : "분기점",
        "DETAIL_SPO" : "분기점",
        "ETC_MATTER" : " ",
        "MNTN_NM" : "용산",
        "PAST_SPOT_" : "4825031010005",
        "MNTN_ID" : "482503101"
      },
      "geometry" : {
        "x" : 372845.98780002911,
        "y" : 309024.62430000119
      }
    },
    {
      "attributes" : {
        "FID" : 5,
        "PMNTN_SPOT" : 69108,
        "MNTN_CODE" : "482503101",
        "MANAGE_SP1" : "01",
        "MANAGE_SP2" : "시종점",
        "DETAIL_SPO" : "시종점",
        "ETC_MATTER" : " ",
        "MNTN_NM" : "용산",
        "PAST_SPOT_" : "4825031010006",
        "MNTN_ID" : "482503101"
      },
      "geometry" : {
        "x" : 372896.23190002888,
        "y" : 308992.41180000454
      }
    },
    {
      "attributes" : {
        "FID" : 6,
        "PMNTN_SPOT" : 69109,
        "MNTN_CODE" : "482503101",
        "MANAGE_SP1" : "01",
        "MANAGE_SP2" : "시종점",
        "DETAIL_SPO" : "시종점",
        "ETC_MATTER" : " ",
        "MNTN_NM" : "용산",
        "PAST_SPOT_" : "4825031010007",
        "MNTN_ID" : "482503101"
      },
      "geometry" : {
        "x" : 372913.55560002662,
        "y" : 309026.66500000469
      }
    }
  ]
}