{
  "displayFieldName" : "",
  "fieldAliases" : {
    "FID" : "FID",
    "PMNTN_SPOT" : "PMNTN_SPOT",
    "MNTN_CODE" : "MNTN_CODE",
    "MANAGE_SP1" : "MANAGE_SP1",
    "MANAGE_SP2" : "MANAGE_SP2",
    "DETAIL_SPO" : "DETAIL_SPO",
    "ETC_MATTER" : "ETC_MATTER",
    "MNTN_NM" : "MNTN_NM",
    "PAST_SPOT_" : "PAST_SPOT_",
    "MNTN_ID" : "MNTN_ID"
  },
  "geometryType" : "esriGeometryPoint",
  "spatialReference" : {
    "wkt" : "PROJCS[\"PCS_ITRF2000_TM\",GEOGCS[\"GCS_ITRF_2000\",DATUM[\"D_ITRF_2000\",SPHEROID[\"GRS_1980\",6378137.0,298.257222101]],PRIMEM[\"Greenwich\",0.0],UNIT[\"Degree\",0.0174532925199433]],PROJECTION[\"Transverse_Mercator\"],PARAMETER[\"False_Easting\",200000.0],PARAMETER[\"False_Northing\",600000.0],PARAMETER[\"Central_Meridian\",127.0],PARAMETER[\"Scale_Factor\",1.0],PARAMETER[\"Latitude_Of_Origin\",38.0],UNIT[\"Meter\",1.0]]"
  },
  "fields" : [
    {
      "name" : "FID",
      "type" : "esriFieldTypeOID",
      "alias" : "FID"
    },
    {
      "name" : "PMNTN_SPOT",
      "type" : "esriFieldTypeDouble",
      "alias" : "PMNTN_SPOT"
    },
    {
      "name" : "MNTN_CODE",
      "type" : "esriFieldTypeString",
      "alias" : "MNTN_CODE",
      "length" : 9
    },
    {
      "name" : "MANAGE_SP1",
      "type" : "esriFieldTypeString",
      "alias" : "MANAGE_SP1",
      "length" : 2
    },
    {
      "name" : "MANAGE_SP2",
      "type" : "esriFieldTypeString",
      "alias" : "MANAGE_SP2",
      "length" : 50
    },
    {
      "name" : "DETAIL_SPO",
      "type" : "esriFieldTypeString",
      "alias" : "DETAIL_SPO",
      "length" : 200
    },
    {
      "name" : "ETC_MATTER",
      "type" : "esriFieldTypeString",
      "alias" : "ETC_MATTER",
      "length" : 200
    },
    {
      "name" : "MNTN_NM",
      "type" : "esriFieldTypeString",
      "alias" : "MNTN_NM",
      "length" : 50
    },
    {
      "name" : "PAST_SPOT_",
      "type" : "esriFieldTypeString",
      "alias" : "PAST_SPOT_",
      "length" : 14
    },
    {
      "name" : "MNTN_ID",
      "type" : "esriFieldTypeString",
      "alias" : "MNTN_ID",
      "length" : 10
    }
  ],
  "features" : [
    {
      "attributes" : {
        "FID" : 0,
        "PMNTN_SPOT" : 63826,
        "MNTN_CODE" : "422309904",
        "MANAGE_SP1" : "01",
        "MANAGE_SP2" : "시종점",
        "DETAIL_SPO" : "시종점",
        "ETC_MATTER" : " ",
        "MNTN_NM" : "연추골계곡",
        "PAST_SPOT_" : "4223049010001",
        "MNTN_ID" : "422304901"
      },
      "geometry" : {
        "x" : 386990.29980003461,
        "y" : 534139.31530000642
      }
    },
    {
      "attributes" : {
        "FID" : 1,
        "PMNTN_SPOT" : 63827,
        "MNTN_CODE" : "422309904",
        "MANAGE_SP1" : "02",
        "MANAGE_SP2" : "분기점",
        "DETAIL_SPO" : "분기점",
        "ETC_MATTER" : " ",
        "MNTN_NM" : "연추골계곡",
        "PAST_SPOT_" : "4223049010002",
        "MNTN_ID" : "422304901"
      },
      "geometry" : {
        "x" : 388160.97990003414,
        "y" : 533507.72670000233
      }
    },
    {
      "attributes" : {
        "FID" : 2,
        "PMNTN_SPOT" : 63828,
        "MNTN_CODE" : "422309904",
        "MANAGE_SP1" : "01",
        "MANAGE_SP2" : "시종점",
        "DETAIL_SPO" : "시종점",
        "ETC_MATTER" : " ",
        "MNTN_NM" : "연추골계곡",
        "PAST_SPOT_" : "4223049010003",
        "MNTN_ID" : "422304901"
      },
      "geometry" : {
        "x" : 388417.40130003728,
        "y" : 533435.07990000583
      }
    },
    {
      "attributes" : {
        "FID" : 3,
        "PMNTN_SPOT" : 63829,
        "MNTN_CODE" : "422309904",
        "MANAGE_SP1" : "01",
        "MANAGE_SP2" : "시종점",
        "DETAIL_SPO" : "시종점",
        "ETC_MATTER" : " ",
        "MNTN_NM" : "연추골계곡",
        "PAST_SPOT_" : "4223049010004",
        "MNTN_ID" : "422304901"
      },
      "geometry" : {
        "x" : 388646.39430003613,
        "y" : 533302.24630000442
      }
    },
    {
      "attributes" : {
        "FID" : 4,
        "PMNTN_SPOT" : 63830,
        "MNTN_CODE" : "422309904",
        "MANAGE_SP1" : "14",
        "MANAGE_SP2" : "조망점",
        "DETAIL_SPO" : "계곡전경",
        "ETC_MATTER" : "이끼바위계곡",
        "MNTN_NM" : "연추골계곡",
        "PAST_SPOT_" : "4223049010005",
        "MNTN_ID" : "422304901"
      },
      "geometry" : {
        "x" : 388211.42240006663,
        "y" : 533424.72120000422
      }
    },
    {
      "attributes" : {
        "FID" : 5,
        "PMNTN_SPOT" : 63831,
        "MNTN_CODE" : "422309904",
        "MANAGE_SP1" : "14",
        "MANAGE_SP2" : "조망점",
        "DETAIL_SPO" : "계곡전경",
        "ETC_MATTER" : "연추동굴 전경사진",
        "MNTN_NM" : "연추골계곡",
        "PAST_SPOT_" : "4223049010006",
        "MNTN_ID" : "422304901"
      },
      "geometry" : {
        "x" : 388422.24570006877,
        "y" : 533435.4229000099
      }
    },
    {
      "attributes" : {
        "FID" : 6,
        "PMNTN_SPOT" : 63832,
        "MNTN_CODE" : "422309904",
        "MANAGE_SP1" : "99",
        "MANAGE_SP2" : "기타",
        "DETAIL_SPO" : "이끼폭포(소),계곡전경",
        "ETC_MATTER" : "이끼계곡",
        "MNTN_NM" : "연추골계곡",
        "PAST_SPOT_" : "4223049010007",
        "MNTN_ID" : "422304901"
      },
      "geometry" : {
        "x" : 388271.1005000649,
        "y" : 533450.83160000667
      }
    },
    {
      "attributes" : {
        "FID" : 7,
        "PMNTN_SPOT" : 63833,
        "MNTN_CODE" : "422309904",
        "MANAGE_SP1" : "99",
        "MANAGE_SP2" : "기타",
        "DETAIL_SPO" : "등산로,묘지",
        "ETC_MATTER" : "숲길사진 쌍묘",
        "MNTN_NM" : "연추골계곡",
        "PAST_SPOT_" : "4223049010008",
        "MNTN_ID" : "422304901"
      },
      "geometry" : {
        "x" : 387991.76920006704,
        "y" : 533489.41460000724
      }
    },
    {
      "attributes" : {
        "FID" : 8,
        "PMNTN_SPOT" : 63834,
        "MNTN_CODE" : "422309904",
        "MANAGE_SP1" : "99",
        "MANAGE_SP2" : "기타",
        "DETAIL_SPO" : "산신각",
        "ETC_MATTER" : "옛 절터",
        "MNTN_NM" : "연추골계곡",
        "PAST_SPOT_" : "4223049010009",
        "MNTN_ID" : "422304901"
      },
      "geometry" : {
        "x" : 388049.28190006595,
        "y" : 533493.59560000524
      }
    },
    {
      "attributes" : {
        "FID" : 9,
        "PMNTN_SPOT" : 63835,
        "MNTN_CODE" : "422309904",
        "MANAGE_SP1" : "14",
        "MANAGE_SP2" : "조망점",
        "DETAIL_SPO" : "계곡전경",
        "ETC_MATTER" : "여삼리/연추동굴 전경사진",
        "MNTN_NM" : "연추골계곡",
        "PAST_SPOT_" : "4223049010010",
        "MNTN_ID" : "422304901"
      },
      "geometry" : {
        "x" : 388156.30470006727,
        "y" : 533510.99690000713
      }
    },
    {
      "attributes" : {
        "FID" : 10,
        "PMNTN_SPOT" : 63836,
        "MNTN_CODE" : "422309904",
        "MANAGE_SP1" : "99",
        "MANAGE_SP2" : "기타",
        "DETAIL_SPO" : "이끼바위",
        "ETC_MATTER" : " ",
        "MNTN_NM" : "연추골계곡",
        "PAST_SPOT_" : "4223049010011",
        "MNTN_ID" : "422304901"
      },
      "geometry" : {
        "x" : 387714.12330006622,
        "y" : 533701.74400000274
      }
    },
    {
      "attributes" : {
        "FID" : 11,
        "PMNTN_SPOT" : 63837,
        "MNTN_CODE" : "422309904",
        "MANAGE_SP1" : "16",
        "MANAGE_SP2" : "주요나무",
        "DETAIL_SPO" : "물매화군락",
        "ETC_MATTER" : "물매화 집단 서식지",
        "MNTN_NM" : "연추골계곡",
        "PAST_SPOT_" : "4223049010012",
        "MNTN_ID" : "422304901"
      },
      "geometry" : {
        "x" : 387652.22240006458,
        "y" : 533802.30829999968
      }
    },
    {
      "attributes" : {
        "FID" : 12,
        "PMNTN_SPOT" : 63838,
        "MNTN_CODE" : "422309904",
        "MANAGE_SP1" : "99",
        "MANAGE_SP2" : "기타",
        "DETAIL_SPO" : "농장",
        "ETC_MATTER" : "두릅/장뇌재배 농장",
        "MNTN_NM" : "연추골계곡",
        "PAST_SPOT_" : "4223049010013",
        "MNTN_ID" : "422304901"
      },
      "geometry" : {
        "x" : 387464.86510006711,
        "y" : 533850.19210000522
      }
    },
    {
      "attributes" : {
        "FID" : 13,
        "PMNTN_SPOT" : 63839,
        "MNTN_CODE" : "422309904",
        "MANAGE_SP1" : "99",
        "MANAGE_SP2" : "기타",
        "DETAIL_SPO" : "민가주택",
        "ETC_MATTER" : "마지막농가포장도 끝",
        "MNTN_NM" : "연추골계곡",
        "PAST_SPOT_" : "4223049010014",
        "MNTN_ID" : "422304901"
      },
      "geometry" : {
        "x" : 387258.94490006287,
        "y" : 533975.1845000051
      }
    }
  ]
}