{
  "displayFieldName" : "",
  "fieldAliases" : {
    "FID" : "FID",
    "PMNTN_SPOT" : "PMNTN_SPOT",
    "MNTN_CODE" : "MNTN_CODE",
    "MANAGE_SP1" : "MANAGE_SP1",
    "MANAGE_SP2" : "MANAGE_SP2",
    "DETAIL_SPO" : "DETAIL_SPO",
    "ETC_MATTER" : "ETC_MATTER",
    "MNTN_NM" : "MNTN_NM",
    "PAST_SPOT_" : "PAST_SPOT_",
    "MNTN_ID" : "MNTN_ID"
  },
  "geometryType" : "esriGeometryPoint",
  "spatialReference" : {
    "wkt" : "PROJCS[\"PCS_ITRF2000_TM\",GEOGCS[\"GCS_ITRF_2000\",DATUM[\"D_ITRF_2000\",SPHEROID[\"GRS_1980\",6378137.0,298.257222101]],PRIMEM[\"Greenwich\",0.0],UNIT[\"Degree\",0.0174532925199433]],PROJECTION[\"Transverse_Mercator\"],PARAMETER[\"False_Easting\",200000.0],PARAMETER[\"False_Northing\",600000.0],PARAMETER[\"Central_Meridian\",127.0],PARAMETER[\"Scale_Factor\",1.0],PARAMETER[\"Latitude_Of_Origin\",38.0],UNIT[\"Meter\",1.0]]"
  },
  "fields" : [
    {
      "name" : "FID",
      "type" : "esriFieldTypeOID",
      "alias" : "FID"
    },
    {
      "name" : "PMNTN_SPOT",
      "type" : "esriFieldTypeDouble",
      "alias" : "PMNTN_SPOT"
    },
    {
      "name" : "MNTN_CODE",
      "type" : "esriFieldTypeString",
      "alias" : "MNTN_CODE",
      "length" : 9
    },
    {
      "name" : "MANAGE_SP1",
      "type" : "esriFieldTypeString",
      "alias" : "MANAGE_SP1",
      "length" : 2
    },
    {
      "name" : "MANAGE_SP2",
      "type" : "esriFieldTypeString",
      "alias" : "MANAGE_SP2",
      "length" : 50
    },
    {
      "name" : "DETAIL_SPO",
      "type" : "esriFieldTypeString",
      "alias" : "DETAIL_SPO",
      "length" : 200
    },
    {
      "name" : "ETC_MATTER",
      "type" : "esriFieldTypeString",
      "alias" : "ETC_MATTER",
      "length" : 200
    },
    {
      "name" : "MNTN_NM",
      "type" : "esriFieldTypeString",
      "alias" : "MNTN_NM",
      "length" : 50
    },
    {
      "name" : "PAST_SPOT_",
      "type" : "esriFieldTypeString",
      "alias" : "PAST_SPOT_",
      "length" : 14
    },
    {
      "name" : "MNTN_ID",
      "type" : "esriFieldTypeString",
      "alias" : "MNTN_ID",
      "length" : 10
    }
  ],
  "features" : [
    {
      "attributes" : {
        "FID" : 0,
        "PMNTN_SPOT" : 25879,
        "MNTN_CODE" : "291101901",
        "MANAGE_SP1" : "99",
        "MANAGE_SP2" : "기타",
        "DETAIL_SPO" : "기타",
        "ETC_MATTER" : "나무제거요",
        "MNTN_NM" : "마집봉",
        "PAST_SPOT_" : "15033520000001",
        "MNTN_ID" : "1503352000"
      },
      "geometry" : {
        "x" : 195532.21470000036,
        "y" : 280174.43899999931
      }
    },
    {
      "attributes" : {
        "FID" : 1,
        "PMNTN_SPOT" : 25880,
        "MNTN_CODE" : "291101901",
        "MANAGE_SP1" : "99",
        "MANAGE_SP2" : "기타",
        "DETAIL_SPO" : "기타",
        "ETC_MATTER" : "나무제거요",
        "MNTN_NM" : "마집봉",
        "PAST_SPOT_" : "15033520000002",
        "MNTN_ID" : "1503352000"
      },
      "geometry" : {
        "x" : 195652.26110000256,
        "y" : 280157.73740000278
      }
    },
    {
      "attributes" : {
        "FID" : 2,
        "PMNTN_SPOT" : 25881,
        "MNTN_CODE" : "291101901",
        "MANAGE_SP1" : "99",
        "MANAGE_SP2" : "기타",
        "DETAIL_SPO" : "기타",
        "ETC_MATTER" : " ",
        "MNTN_NM" : "마집봉",
        "PAST_SPOT_" : "15033520000003",
        "MNTN_ID" : "1503352000"
      },
      "geometry" : {
        "x" : 195637.07260000054,
        "y" : 280228.0831000004
      }
    },
    {
      "attributes" : {
        "FID" : 3,
        "PMNTN_SPOT" : 25882,
        "MNTN_CODE" : "291101901",
        "MANAGE_SP1" : "99",
        "MANAGE_SP2" : "기타",
        "DETAIL_SPO" : "기타",
        "ETC_MATTER" : " ",
        "MNTN_NM" : "마집봉",
        "PAST_SPOT_" : "15033520000004",
        "MNTN_ID" : "1503352000"
      },
      "geometry" : {
        "x" : 194210.77450000308,
        "y" : 280705.95870000124
      }
    },
    {
      "attributes" : {
        "FID" : 4,
        "PMNTN_SPOT" : 25883,
        "MNTN_CODE" : "291101901",
        "MANAGE_SP1" : "99",
        "MANAGE_SP2" : "기타",
        "DETAIL_SPO" : "(휴식처)",
        "ETC_MATTER" : " ",
        "MNTN_NM" : "마집봉",
        "PAST_SPOT_" : "15033520000005",
        "MNTN_ID" : "1503352000"
      },
      "geometry" : {
        "x" : 194130.26130000129,
        "y" : 280667.18129999936
      }
    },
    {
      "attributes" : {
        "FID" : 5,
        "PMNTN_SPOT" : 25884,
        "MNTN_CODE" : "291101901",
        "MANAGE_SP1" : "99",
        "MANAGE_SP2" : "기타",
        "DETAIL_SPO" : "기타",
        "ETC_MATTER" : " ",
        "MNTN_NM" : "마집봉",
        "PAST_SPOT_" : "15033520000006",
        "MNTN_ID" : "1503352000"
      },
      "geometry" : {
        "x" : 194102.91300000157,
        "y" : 280663.42740000598
      }
    },
    {
      "attributes" : {
        "FID" : 6,
        "PMNTN_SPOT" : 25885,
        "MNTN_CODE" : "291101901",
        "MANAGE_SP1" : "99",
        "MANAGE_SP2" : "기타",
        "DETAIL_SPO" : "기타",
        "ETC_MATTER" : " ",
        "MNTN_NM" : "마집봉",
        "PAST_SPOT_" : "15033520000007",
        "MNTN_ID" : "1503352000"
      },
      "geometry" : {
        "x" : 194096.79590000026,
        "y" : 280648.67590000108
      }
    },
    {
      "attributes" : {
        "FID" : 7,
        "PMNTN_SPOT" : 25886,
        "MNTN_CODE" : "291101901",
        "MANAGE_SP1" : "99",
        "MANAGE_SP2" : "기타",
        "DETAIL_SPO" : "기타",
        "ETC_MATTER" : "나무제거요",
        "MNTN_NM" : "마집봉",
        "PAST_SPOT_" : "15033520000008",
        "MNTN_ID" : "1503352000"
      },
      "geometry" : {
        "x" : 195171.01960000396,
        "y" : 280956.78150000237
      }
    },
    {
      "attributes" : {
        "FID" : 8,
        "PMNTN_SPOT" : 25887,
        "MNTN_CODE" : "291101901",
        "MANAGE_SP1" : "99",
        "MANAGE_SP2" : "기타",
        "DETAIL_SPO" : "기타",
        "ETC_MATTER" : "나무제거요",
        "MNTN_NM" : "마집봉",
        "PAST_SPOT_" : "15033520000009",
        "MNTN_ID" : "1503352000"
      },
      "geometry" : {
        "x" : 195133.28360000066,
        "y" : 281287.85810000263
      }
    },
    {
      "attributes" : {
        "FID" : 9,
        "PMNTN_SPOT" : 25888,
        "MNTN_CODE" : "291101901",
        "MANAGE_SP1" : "99",
        "MANAGE_SP2" : "기타",
        "DETAIL_SPO" : "기타",
        "ETC_MATTER" : "나무제거요",
        "MNTN_NM" : "마집봉",
        "PAST_SPOT_" : "15033520000010",
        "MNTN_ID" : "1503352000"
      },
      "geometry" : {
        "x" : 195074.08580000233,
        "y" : 281372.87380000204
      }
    },
    {
      "attributes" : {
        "FID" : 10,
        "PMNTN_SPOT" : 25889,
        "MNTN_CODE" : "291101901",
        "MANAGE_SP1" : "99",
        "MANAGE_SP2" : "기타",
        "DETAIL_SPO" : "기타",
        "ETC_MATTER" : "나무제거요",
        "MNTN_NM" : "마집봉",
        "PAST_SPOT_" : "15033520000011",
        "MNTN_ID" : "1503352000"
      },
      "geometry" : {
        "x" : 195614.40200000256,
        "y" : 280466.62300000153
      }
    },
    {
      "attributes" : {
        "FID" : 11,
        "PMNTN_SPOT" : 25890,
        "MNTN_CODE" : "291101901",
        "MANAGE_SP1" : "22",
        "MANAGE_SP2" : "헬기장",
        "DETAIL_SPO" : "(헬기장)",
        "ETC_MATTER" : " ",
        "MNTN_NM" : "마집봉",
        "PAST_SPOT_" : "15033520000012",
        "MNTN_ID" : "1503352000"
      },
      "geometry" : {
        "x" : 195544.53400000185,
        "y" : 280560.96009999886
      }
    },
    {
      "attributes" : {
        "FID" : 12,
        "PMNTN_SPOT" : 25891,
        "MNTN_CODE" : "291101901",
        "MANAGE_SP1" : "99",
        "MANAGE_SP2" : "기타",
        "DETAIL_SPO" : "(철봉)",
        "ETC_MATTER" : " ",
        "MNTN_NM" : "마집봉",
        "PAST_SPOT_" : "15033520000013",
        "MNTN_ID" : "1503352000"
      },
      "geometry" : {
        "x" : 195160.16370000131,
        "y" : 280440.89959999733
      }
    },
    {
      "attributes" : {
        "FID" : 13,
        "PMNTN_SPOT" : 25892,
        "MNTN_CODE" : "291101901",
        "MANAGE_SP1" : "99",
        "MANAGE_SP2" : "기타",
        "DETAIL_SPO" : "기타",
        "ETC_MATTER" : "나무제거요",
        "MNTN_NM" : "마집봉",
        "PAST_SPOT_" : "15033520000014",
        "MNTN_ID" : "1503352000"
      },
      "geometry" : {
        "x" : 196228.68980000075,
        "y" : 278123.54720000364
      }
    },
    {
      "attributes" : {
        "FID" : 14,
        "PMNTN_SPOT" : 25893,
        "MNTN_CODE" : "291101901",
        "MANAGE_SP1" : "99",
        "MANAGE_SP2" : "기타",
        "DETAIL_SPO" : "기타",
        "ETC_MATTER" : " ",
        "MNTN_NM" : "마집봉",
        "PAST_SPOT_" : "15033520000015",
        "MNTN_ID" : "1503352000"
      },
      "geometry" : {
        "x" : 196190.59059999883,
        "y" : 277944.16850000061
      }
    },
    {
      "attributes" : {
        "FID" : 15,
        "PMNTN_SPOT" : 25894,
        "MNTN_CODE" : "291101901",
        "MANAGE_SP1" : "14",
        "MANAGE_SP2" : "조망점",
        "DETAIL_SPO" : "(조망점,휴식처)",
        "ETC_MATTER" : " ",
        "MNTN_NM" : "마집봉",
        "PAST_SPOT_" : "15033520000016",
        "MNTN_ID" : "1503352000"
      },
      "geometry" : {
        "x" : 196146.50690000039,
        "y" : 277844.33890000172
      }
    },
    {
      "attributes" : {
        "FID" : 16,
        "PMNTN_SPOT" : 25895,
        "MNTN_CODE" : "291101901",
        "MANAGE_SP1" : "99",
        "MANAGE_SP2" : "기타",
        "DETAIL_SPO" : "기타",
        "ETC_MATTER" : "나무제거요",
        "MNTN_NM" : "마집봉",
        "PAST_SPOT_" : "15033520000017",
        "MNTN_ID" : "1503352000"
      },
      "geometry" : {
        "x" : 195962.56670000032,
        "y" : 277783.4028000012
      }
    },
    {
      "attributes" : {
        "FID" : 17,
        "PMNTN_SPOT" : 25896,
        "MNTN_CODE" : "291101901",
        "MANAGE_SP1" : "99",
        "MANAGE_SP2" : "기타",
        "DETAIL_SPO" : "기타",
        "ETC_MATTER" : " ",
        "MNTN_NM" : "마집봉",
        "PAST_SPOT_" : "15033520000018",
        "MNTN_ID" : "1503352000"
      },
      "geometry" : {
        "x" : 195929.17880000174,
        "y" : 277750.1352000013
      }
    },
    {
      "attributes" : {
        "FID" : 18,
        "PMNTN_SPOT" : 25897,
        "MNTN_CODE" : "291101901",
        "MANAGE_SP1" : "99",
        "MANAGE_SP2" : "기타",
        "DETAIL_SPO" : "기타",
        "ETC_MATTER" : " ",
        "MNTN_NM" : "마집봉",
        "PAST_SPOT_" : "15033520000019",
        "MNTN_ID" : "1503352000"
      },
      "geometry" : {
        "x" : 195809.12460000254,
        "y" : 277818.64340000227
      }
    },
    {
      "attributes" : {
        "FID" : 19,
        "PMNTN_SPOT" : 25898,
        "MNTN_CODE" : "291101901",
        "MANAGE_SP1" : "99",
        "MANAGE_SP2" : "기타",
        "DETAIL_SPO" : "기타",
        "ETC_MATTER" : "나무제거요",
        "MNTN_NM" : "마집봉",
        "PAST_SPOT_" : "15033520000020",
        "MNTN_ID" : "1503352000"
      },
      "geometry" : {
        "x" : 195847.15940000117,
        "y" : 277844.47519999929
      }
    },
    {
      "attributes" : {
        "FID" : 20,
        "PMNTN_SPOT" : 25899,
        "MNTN_CODE" : "291101901",
        "MANAGE_SP1" : "99",
        "MANAGE_SP2" : "기타",
        "DETAIL_SPO" : "기타",
        "ETC_MATTER" : "나무제거요",
        "MNTN_NM" : "마집봉",
        "PAST_SPOT_" : "15033520000021",
        "MNTN_ID" : "1503352000"
      },
      "geometry" : {
        "x" : 195859.29780000076,
        "y" : 277868.54409999959
      }
    },
    {
      "attributes" : {
        "FID" : 21,
        "PMNTN_SPOT" : 25900,
        "MNTN_CODE" : "291101901",
        "MANAGE_SP1" : "99",
        "MANAGE_SP2" : "기타",
        "DETAIL_SPO" : "기타",
        "ETC_MATTER" : "나무제거요",
        "MNTN_NM" : "마집봉",
        "PAST_SPOT_" : "15033520000022",
        "MNTN_ID" : "1503352000"
      },
      "geometry" : {
        "x" : 195819.84460000414,
        "y" : 277927.69540000148
      }
    },
    {
      "attributes" : {
        "FID" : 22,
        "PMNTN_SPOT" : 25901,
        "MNTN_CODE" : "291101901",
        "MANAGE_SP1" : "99",
        "MANAGE_SP2" : "기타",
        "DETAIL_SPO" : "기타",
        "ETC_MATTER" : "나무제거요",
        "MNTN_NM" : "마집봉",
        "PAST_SPOT_" : "15033520000023",
        "MNTN_ID" : "1503352000"
      },
      "geometry" : {
        "x" : 195644.93530000187,
        "y" : 277691.13849999942
      }
    },
    {
      "attributes" : {
        "FID" : 23,
        "PMNTN_SPOT" : 25902,
        "MNTN_CODE" : "291101901",
        "MANAGE_SP1" : "99",
        "MANAGE_SP2" : "기타",
        "DETAIL_SPO" : "기타",
        "ETC_MATTER" : "나무제거요",
        "MNTN_NM" : "마집봉",
        "PAST_SPOT_" : "15033520000024",
        "MNTN_ID" : "1503352000"
      },
      "geometry" : {
        "x" : 195389.59890000243,
        "y" : 277643.22980000079
      }
    },
    {
      "attributes" : {
        "FID" : 24,
        "PMNTN_SPOT" : 25903,
        "MNTN_CODE" : "291101901",
        "MANAGE_SP1" : "99",
        "MANAGE_SP2" : "기타",
        "DETAIL_SPO" : "기타",
        "ETC_MATTER" : "나무제거요",
        "MNTN_NM" : "마집봉",
        "PAST_SPOT_" : "15033520000025",
        "MNTN_ID" : "1503352000"
      },
      "geometry" : {
        "x" : 195365.21129999962,
        "y" : 277563.69629999995
      }
    },
    {
      "attributes" : {
        "FID" : 25,
        "PMNTN_SPOT" : 25904,
        "MNTN_CODE" : "291101901",
        "MANAGE_SP1" : "99",
        "MANAGE_SP2" : "기타",
        "DETAIL_SPO" : "기타",
        "ETC_MATTER" : "나무제거요",
        "MNTN_NM" : "마집봉",
        "PAST_SPOT_" : "15033520000026",
        "MNTN_ID" : "1503352000"
      },
      "geometry" : {
        "x" : 195339.39260000363,
        "y" : 277537.86020000465
      }
    },
    {
      "attributes" : {
        "FID" : 26,
        "PMNTN_SPOT" : 25905,
        "MNTN_CODE" : "291101901",
        "MANAGE_SP1" : "99",
        "MANAGE_SP2" : "기타",
        "DETAIL_SPO" : "기타",
        "ETC_MATTER" : "나무제거요",
        "MNTN_NM" : "마집봉",
        "PAST_SPOT_" : "15033520000027",
        "MNTN_ID" : "1503352000"
      },
      "geometry" : {
        "x" : 195249.70990000293,
        "y" : 277447.26740000211
      }
    },
    {
      "attributes" : {
        "FID" : 27,
        "PMNTN_SPOT" : 25906,
        "MNTN_CODE" : "291101901",
        "MANAGE_SP1" : "99",
        "MANAGE_SP2" : "기타",
        "DETAIL_SPO" : "기타",
        "ETC_MATTER" : " ",
        "MNTN_NM" : "마집봉",
        "PAST_SPOT_" : "15033520000028",
        "MNTN_ID" : "1503352000"
      },
      "geometry" : {
        "x" : 195325.4813000001,
        "y" : 277095.87040000223
      }
    },
    {
      "attributes" : {
        "FID" : 28,
        "PMNTN_SPOT" : 25907,
        "MNTN_CODE" : "291101901",
        "MANAGE_SP1" : "99",
        "MANAGE_SP2" : "기타",
        "DETAIL_SPO" : "기타",
        "ETC_MATTER" : " ",
        "MNTN_NM" : "마집봉",
        "PAST_SPOT_" : "15033520000029",
        "MNTN_ID" : "1503352000"
      },
      "geometry" : {
        "x" : 197930.68870000076,
        "y" : 278017.57939999923
      }
    },
    {
      "attributes" : {
        "FID" : 29,
        "PMNTN_SPOT" : 25908,
        "MNTN_CODE" : "291101901",
        "MANAGE_SP1" : "11",
        "MANAGE_SP2" : "안내판또는지도",
        "DETAIL_SPO" : "조수보호구역안내판",
        "ETC_MATTER" : " ",
        "MNTN_NM" : "마집봉",
        "PAST_SPOT_" : "15033520000030",
        "MNTN_ID" : "1503352000"
      },
      "geometry" : {
        "x" : 197752.90010000207,
        "y" : 278060.11550000124
      }
    },
    {
      "attributes" : {
        "FID" : 30,
        "PMNTN_SPOT" : 25909,
        "MNTN_CODE" : "291101901",
        "MANAGE_SP1" : "99",
        "MANAGE_SP2" : "기타",
        "DETAIL_SPO" : "기타",
        "ETC_MATTER" : " ",
        "MNTN_NM" : "마집봉",
        "PAST_SPOT_" : "15033520000031",
        "MNTN_ID" : "1503352000"
      },
      "geometry" : {
        "x" : 198716.60570000019,
        "y" : 280045.79919999838
      }
    },
    {
      "attributes" : {
        "FID" : 31,
        "PMNTN_SPOT" : 25910,
        "MNTN_CODE" : "291101901",
        "MANAGE_SP1" : "99",
        "MANAGE_SP2" : "기타",
        "DETAIL_SPO" : "기타",
        "ETC_MATTER" : " ",
        "MNTN_NM" : "마집봉",
        "PAST_SPOT_" : "15033520000032",
        "MNTN_ID" : "1503352000"
      },
      "geometry" : {
        "x" : 198769.80229999963,
        "y" : 279777.7517000027
      }
    },
    {
      "attributes" : {
        "FID" : 32,
        "PMNTN_SPOT" : 25911,
        "MNTN_CODE" : "291101901",
        "MANAGE_SP1" : "99",
        "MANAGE_SP2" : "기타",
        "DETAIL_SPO" : "기타",
        "ETC_MATTER" : " ",
        "MNTN_NM" : "마집봉",
        "PAST_SPOT_" : "15033520000033",
        "MNTN_ID" : "1503352000"
      },
      "geometry" : {
        "x" : 198672.52329999954,
        "y" : 279718.52309999987
      }
    },
    {
      "attributes" : {
        "FID" : 33,
        "PMNTN_SPOT" : 25912,
        "MNTN_CODE" : "291101901",
        "MANAGE_SP1" : "99",
        "MANAGE_SP2" : "기타",
        "DETAIL_SPO" : "기타",
        "ETC_MATTER" : " ",
        "MNTN_NM" : "마집봉",
        "PAST_SPOT_" : "15033520000034",
        "MNTN_ID" : "1503352000"
      },
      "geometry" : {
        "x" : 197990.21680000238,
        "y" : 279126.99740000069
      }
    },
    {
      "attributes" : {
        "FID" : 34,
        "PMNTN_SPOT" : 25913,
        "MNTN_CODE" : "291101901",
        "MANAGE_SP1" : "11",
        "MANAGE_SP2" : "안내판또는지도",
        "DETAIL_SPO" : "(상수원보호구역안내판)",
        "ETC_MATTER" : " ",
        "MNTN_NM" : "마집봉",
        "PAST_SPOT_" : "15033520000035",
        "MNTN_ID" : "1503352000"
      },
      "geometry" : {
        "x" : 197212.10800000094,
        "y" : 278879.47780000232
      }
    },
    {
      "attributes" : {
        "FID" : 35,
        "PMNTN_SPOT" : 25914,
        "MNTN_CODE" : "291101901",
        "MANAGE_SP1" : "11",
        "MANAGE_SP2" : "안내판또는지도",
        "DETAIL_SPO" : "(상수원보호구역안내판)",
        "ETC_MATTER" : " ",
        "MNTN_NM" : "마집봉",
        "PAST_SPOT_" : "15033520000036",
        "MNTN_ID" : "1503352000"
      },
      "geometry" : {
        "x" : 196730.27469999995,
        "y" : 278402.58950000256
      }
    },
    {
      "attributes" : {
        "FID" : 36,
        "PMNTN_SPOT" : 25915,
        "MNTN_CODE" : "291101901",
        "MANAGE_SP1" : "11",
        "MANAGE_SP2" : "안내판또는지도",
        "DETAIL_SPO" : "(상수원보호구역안내판)",
        "ETC_MATTER" : " ",
        "MNTN_NM" : "마집봉",
        "PAST_SPOT_" : "15033520000037",
        "MNTN_ID" : "1503352000"
      },
      "geometry" : {
        "x" : 196640.54830000177,
        "y" : 278140.02099999785
      }
    },
    {
      "attributes" : {
        "FID" : 37,
        "PMNTN_SPOT" : 25916,
        "MNTN_CODE" : "291101901",
        "MANAGE_SP1" : "99",
        "MANAGE_SP2" : "기타",
        "DETAIL_SPO" : "기타",
        "ETC_MATTER" : " ",
        "MNTN_NM" : "마집봉",
        "PAST_SPOT_" : "15033520000038",
        "MNTN_ID" : "1503352000"
      },
      "geometry" : {
        "x" : 195073.97460000031,
        "y" : 278554.90920000151
      }
    },
    {
      "attributes" : {
        "FID" : 38,
        "PMNTN_SPOT" : 25917,
        "MNTN_CODE" : "291101901",
        "MANAGE_SP1" : "99",
        "MANAGE_SP2" : "기타",
        "DETAIL_SPO" : "기타",
        "ETC_MATTER" : " ",
        "MNTN_NM" : "마집봉",
        "PAST_SPOT_" : "15033520000039",
        "MNTN_ID" : "1503352000"
      },
      "geometry" : {
        "x" : 195958.30150000006,
        "y" : 278423.21400000155
      }
    },
    {
      "attributes" : {
        "FID" : 39,
        "PMNTN_SPOT" : 25918,
        "MNTN_CODE" : "291101901",
        "MANAGE_SP1" : "99",
        "MANAGE_SP2" : "기타",
        "DETAIL_SPO" : "기타",
        "ETC_MATTER" : " ",
        "MNTN_NM" : "마집봉",
        "PAST_SPOT_" : "15033520000040",
        "MNTN_ID" : "1503352000"
      },
      "geometry" : {
        "x" : 195962.88740000036,
        "y" : 278482.34460000321
      }
    },
    {
      "attributes" : {
        "FID" : 40,
        "PMNTN_SPOT" : 25919,
        "MNTN_CODE" : "291101901",
        "MANAGE_SP1" : "99",
        "MANAGE_SP2" : "기타",
        "DETAIL_SPO" : "기타",
        "ETC_MATTER" : " ",
        "MNTN_NM" : "마집봉",
        "PAST_SPOT_" : "15033520000041",
        "MNTN_ID" : "1503352000"
      },
      "geometry" : {
        "x" : 195967.47660000063,
        "y" : 278548.90850000083
      }
    },
    {
      "attributes" : {
        "FID" : 41,
        "PMNTN_SPOT" : 25920,
        "MNTN_CODE" : "291101901",
        "MANAGE_SP1" : "99",
        "MANAGE_SP2" : "기타",
        "DETAIL_SPO" : "기타",
        "ETC_MATTER" : " ",
        "MNTN_NM" : "마집봉",
        "PAST_SPOT_" : "15033520000042",
        "MNTN_ID" : "1503352000"
      },
      "geometry" : {
        "x" : 195577.00629999954,
        "y" : 278604.56750000454
      }
    },
    {
      "attributes" : {
        "FID" : 42,
        "PMNTN_SPOT" : 25921,
        "MNTN_CODE" : "291101901",
        "MANAGE_SP1" : "99",
        "MANAGE_SP2" : "기타",
        "DETAIL_SPO" : "기타",
        "ETC_MATTER" : "나무제거요",
        "MNTN_NM" : "마집봉",
        "PAST_SPOT_" : "15033520000043",
        "MNTN_ID" : "1503352000"
      },
      "geometry" : {
        "x" : 195570.87999999989,
        "y" : 278569.51250000112
      }
    },
    {
      "attributes" : {
        "FID" : 43,
        "PMNTN_SPOT" : 25922,
        "MNTN_CODE" : "291101901",
        "MANAGE_SP1" : "99",
        "MANAGE_SP2" : "기타",
        "DETAIL_SPO" : "기타",
        "ETC_MATTER" : " ",
        "MNTN_NM" : "마집봉",
        "PAST_SPOT_" : "15033520000044",
        "MNTN_ID" : "1503352000"
      },
      "geometry" : {
        "x" : 195555.64740000386,
        "y" : 278375.36950000003
      }
    },
    {
      "attributes" : {
        "FID" : 44,
        "PMNTN_SPOT" : 25923,
        "MNTN_CODE" : "291101901",
        "MANAGE_SP1" : "99",
        "MANAGE_SP2" : "기타",
        "DETAIL_SPO" : "기타",
        "ETC_MATTER" : " ",
        "MNTN_NM" : "마집봉",
        "PAST_SPOT_" : "15033520000045",
        "MNTN_ID" : "1503352000"
      },
      "geometry" : {
        "x" : 195557.07170000114,
        "y" : 278306.91679999977
      }
    },
    {
      "attributes" : {
        "FID" : 45,
        "PMNTN_SPOT" : 25924,
        "MNTN_CODE" : "291101901",
        "MANAGE_SP1" : "99",
        "MANAGE_SP2" : "기타",
        "DETAIL_SPO" : "기타",
        "ETC_MATTER" : " ",
        "MNTN_NM" : "마집봉",
        "PAST_SPOT_" : "15033520000046",
        "MNTN_ID" : "1503352000"
      },
      "geometry" : {
        "x" : 197527.01219999976,
        "y" : 280153.34489999898
      }
    },
    {
      "attributes" : {
        "FID" : 46,
        "PMNTN_SPOT" : 25925,
        "MNTN_CODE" : "291101901",
        "MANAGE_SP1" : "99",
        "MANAGE_SP2" : "기타",
        "DETAIL_SPO" : "기타",
        "ETC_MATTER" : "로프설치요",
        "MNTN_NM" : "마집봉",
        "PAST_SPOT_" : "15033520000047",
        "MNTN_ID" : "1503352000"
      },
      "geometry" : {
        "x" : 196317.19379999954,
        "y" : 278920.41480000131
      }
    },
    {
      "attributes" : {
        "FID" : 47,
        "PMNTN_SPOT" : 25926,
        "MNTN_CODE" : "291101901",
        "MANAGE_SP1" : "99",
        "MANAGE_SP2" : "기타",
        "DETAIL_SPO" : "기타",
        "ETC_MATTER" : "나무제거요",
        "MNTN_NM" : "마집봉",
        "PAST_SPOT_" : "15033520000048",
        "MNTN_ID" : "1503352000"
      },
      "geometry" : {
        "x" : 196324.73380000051,
        "y" : 278855.73170000128
      }
    },
    {
      "attributes" : {
        "FID" : 48,
        "PMNTN_SPOT" : 25927,
        "MNTN_CODE" : "291101901",
        "MANAGE_SP1" : "99",
        "MANAGE_SP2" : "기타",
        "DETAIL_SPO" : "기타",
        "ETC_MATTER" : "나무제거요",
        "MNTN_NM" : "마집봉",
        "PAST_SPOT_" : "15033520000049",
        "MNTN_ID" : "1503352000"
      },
      "geometry" : {
        "x" : 196310.98900000099,
        "y" : 278691.20860000327
      }
    },
    {
      "attributes" : {
        "FID" : 49,
        "PMNTN_SPOT" : 25928,
        "MNTN_CODE" : "291101901",
        "MANAGE_SP1" : "99",
        "MANAGE_SP2" : "기타",
        "DETAIL_SPO" : "기타",
        "ETC_MATTER" : "나무제거요",
        "MNTN_NM" : "마집봉",
        "PAST_SPOT_" : "15033520000050",
        "MNTN_ID" : "1503352000"
      },
      "geometry" : {
        "x" : 196304.86640000064,
        "y" : 278657.9282000009
      }
    },
    {
      "attributes" : {
        "FID" : 50,
        "PMNTN_SPOT" : 25929,
        "MNTN_CODE" : "291101901",
        "MANAGE_SP1" : "99",
        "MANAGE_SP2" : "기타",
        "DETAIL_SPO" : "기타",
        "ETC_MATTER" : " ",
        "MNTN_NM" : "마집봉",
        "PAST_SPOT_" : "15033520000051",
        "MNTN_ID" : "1503352000"
      },
      "geometry" : {
        "x" : 196288.02210000064,
        "y" : 278280.7284000013
      }
    },
    {
      "attributes" : {
        "FID" : 51,
        "PMNTN_SPOT" : 25930,
        "MNTN_CODE" : "291101901",
        "MANAGE_SP1" : "99",
        "MANAGE_SP2" : "기타",
        "DETAIL_SPO" : "기타",
        "ETC_MATTER" : " ",
        "MNTN_NM" : "마집봉",
        "PAST_SPOT_" : "15033520000052",
        "MNTN_ID" : "1503352000"
      },
      "geometry" : {
        "x" : 196256.08899999969,
        "y" : 278230.81750000082
      }
    },
    {
      "attributes" : {
        "FID" : 52,
        "PMNTN_SPOT" : 25931,
        "MNTN_CODE" : "291101901",
        "MANAGE_SP1" : "99",
        "MANAGE_SP2" : "기타",
        "DETAIL_SPO" : "기타",
        "ETC_MATTER" : " ",
        "MNTN_NM" : "마집봉",
        "PAST_SPOT_" : "15033520000053",
        "MNTN_ID" : "1503352000"
      },
      "geometry" : {
        "x" : 196230.26440000068,
        "y" : 278180.90410000086
      }
    },
    {
      "attributes" : {
        "FID" : 53,
        "PMNTN_SPOT" : 25932,
        "MNTN_CODE" : "291101901",
        "MANAGE_SP1" : "99",
        "MANAGE_SP2" : "기타",
        "DETAIL_SPO" : "(목계단)",
        "ETC_MATTER" : "계단종점",
        "MNTN_NM" : "마집봉",
        "PAST_SPOT_" : "15033520000054",
        "MNTN_ID" : "1503352000"
      },
      "geometry" : {
        "x" : 196158.76410000399,
        "y" : 278142.10500000231
      }
    },
    {
      "attributes" : {
        "FID" : 54,
        "PMNTN_SPOT" : 25933,
        "MNTN_CODE" : "291101901",
        "MANAGE_SP1" : "99",
        "MANAGE_SP2" : "기타",
        "DETAIL_SPO" : "기타",
        "ETC_MATTER" : " ",
        "MNTN_NM" : "마집봉",
        "PAST_SPOT_" : "15033520000055",
        "MNTN_ID" : "1503352000"
      },
      "geometry" : {
        "x" : 196055.47260000184,
        "y" : 278171.66160000116
      }
    },
    {
      "attributes" : {
        "FID" : 55,
        "PMNTN_SPOT" : 25934,
        "MNTN_CODE" : "291101901",
        "MANAGE_SP1" : "03",
        "MANAGE_SP2" : "정자",
        "DETAIL_SPO" : "(정자,돌계단)",
        "ETC_MATTER" : " ",
        "MNTN_NM" : "마집봉",
        "PAST_SPOT_" : "15033520000056",
        "MNTN_ID" : "1503352000"
      },
      "geometry" : {
        "x" : 193589.4542000005,
        "y" : 280796.9152999986
      }
    },
    {
      "attributes" : {
        "FID" : 56,
        "PMNTN_SPOT" : 25935,
        "MNTN_CODE" : "291101901",
        "MANAGE_SP1" : "99",
        "MANAGE_SP2" : "기타",
        "DETAIL_SPO" : "기타",
        "ETC_MATTER" : "나무제거요",
        "MNTN_NM" : "마집봉",
        "PAST_SPOT_" : "15033520000057",
        "MNTN_ID" : "1503352000"
      },
      "geometry" : {
        "x" : 193446.70010000188,
        "y" : 280782.26380000077
      }
    },
    {
      "attributes" : {
        "FID" : 57,
        "PMNTN_SPOT" : 25936,
        "MNTN_CODE" : "291101901",
        "MANAGE_SP1" : "99",
        "MANAGE_SP2" : "기타",
        "DETAIL_SPO" : "기타",
        "ETC_MATTER" : "나무제거요",
        "MNTN_NM" : "마집봉",
        "PAST_SPOT_" : "15033520000058",
        "MNTN_ID" : "1503352000"
      },
      "geometry" : {
        "x" : 193492.29890000075,
        "y" : 280813.62739999779
      }
    },
    {
      "attributes" : {
        "FID" : 58,
        "PMNTN_SPOT" : 25937,
        "MNTN_CODE" : "291101901",
        "MANAGE_SP1" : "14",
        "MANAGE_SP2" : "조망점",
        "DETAIL_SPO" : "(조망점,안전로프)",
        "ETC_MATTER" : " ",
        "MNTN_NM" : "마집봉",
        "PAST_SPOT_" : "15033520000059",
        "MNTN_ID" : "1503352000"
      },
      "geometry" : {
        "x" : 194594.5560999997,
        "y" : 279708.99970000237
      }
    },
    {
      "attributes" : {
        "FID" : 59,
        "PMNTN_SPOT" : 25938,
        "MNTN_CODE" : "291101901",
        "MANAGE_SP1" : "99",
        "MANAGE_SP2" : "기타",
        "DETAIL_SPO" : "기타",
        "ETC_MATTER" : " ",
        "MNTN_NM" : "마집봉",
        "PAST_SPOT_" : "15033520000060",
        "MNTN_ID" : "1503352000"
      },
      "geometry" : {
        "x" : 194608.24290000089,
        "y" : 279729.40499999933
      }
    },
    {
      "attributes" : {
        "FID" : 60,
        "PMNTN_SPOT" : 25939,
        "MNTN_CODE" : "291101901",
        "MANAGE_SP1" : "99",
        "MANAGE_SP2" : "기타",
        "DETAIL_SPO" : "기타",
        "ETC_MATTER" : "목계단설치요",
        "MNTN_NM" : "마집봉",
        "PAST_SPOT_" : "15033520000061",
        "MNTN_ID" : "1503352000"
      },
      "geometry" : {
        "x" : 194872.63239999954,
        "y" : 279762.53110000119
      }
    },
    {
      "attributes" : {
        "FID" : 61,
        "PMNTN_SPOT" : 25940,
        "MNTN_CODE" : "291101901",
        "MANAGE_SP1" : "99",
        "MANAGE_SP2" : "기타",
        "DETAIL_SPO" : "기타",
        "ETC_MATTER" : "목계단설치요",
        "MNTN_NM" : "마집봉",
        "PAST_SPOT_" : "15033520000062",
        "MNTN_ID" : "1503352000"
      },
      "geometry" : {
        "x" : 194919.63690000121,
        "y" : 279701.48500000313
      }
    },
    {
      "attributes" : {
        "FID" : 62,
        "PMNTN_SPOT" : 25941,
        "MNTN_CODE" : "291101901",
        "MANAGE_SP1" : "99",
        "MANAGE_SP2" : "기타",
        "DETAIL_SPO" : "기타",
        "ETC_MATTER" : "목계단설치요",
        "MNTN_NM" : "마집봉",
        "PAST_SPOT_" : "15033520000063",
        "MNTN_ID" : "1503352000"
      },
      "geometry" : {
        "x" : 195039.62320000306,
        "y" : 279568.28480000235
      }
    },
    {
      "attributes" : {
        "FID" : 63,
        "PMNTN_SPOT" : 25942,
        "MNTN_CODE" : "291101901",
        "MANAGE_SP1" : "99",
        "MANAGE_SP2" : "기타",
        "DETAIL_SPO" : "기타",
        "ETC_MATTER" : " ",
        "MNTN_NM" : "마집봉",
        "PAST_SPOT_" : "15033520000064",
        "MNTN_ID" : "1503352000"
      },
      "geometry" : {
        "x" : 195126.1818000013,
        "y" : 279483.14310000092
      }
    },
    {
      "attributes" : {
        "FID" : 64,
        "PMNTN_SPOT" : 25943,
        "MNTN_CODE" : "291101901",
        "MANAGE_SP1" : "99",
        "MANAGE_SP2" : "기타",
        "DETAIL_SPO" : "기타",
        "ETC_MATTER" : "목계단설치요",
        "MNTN_NM" : "마집봉",
        "PAST_SPOT_" : "15033520000065",
        "MNTN_ID" : "1503352000"
      },
      "geometry" : {
        "x" : 195205.17940000352,
        "y" : 279405.43950000405
      }
    },
    {
      "attributes" : {
        "FID" : 65,
        "PMNTN_SPOT" : 25944,
        "MNTN_CODE" : "291101901",
        "MANAGE_SP1" : "99",
        "MANAGE_SP2" : "기타",
        "DETAIL_SPO" : "기타",
        "ETC_MATTER" : " ",
        "MNTN_NM" : "마집봉",
        "PAST_SPOT_" : "15033520000066",
        "MNTN_ID" : "1503352000"
      },
      "geometry" : {
        "x" : 194705.58530000411,
        "y" : 280002.93290000409
      }
    },
    {
      "attributes" : {
        "FID" : 66,
        "PMNTN_SPOT" : 25945,
        "MNTN_CODE" : "291101901",
        "MANAGE_SP1" : "99",
        "MANAGE_SP2" : "기타",
        "DETAIL_SPO" : "기타",
        "ETC_MATTER" : " ",
        "MNTN_NM" : "마집봉",
        "PAST_SPOT_" : "15033520000067",
        "MNTN_ID" : "1503352000"
      },
      "geometry" : {
        "x" : 194467.24610000011,
        "y" : 280217.64330000058
      }
    },
    {
      "attributes" : {
        "FID" : 67,
        "PMNTN_SPOT" : 25946,
        "MNTN_CODE" : "291101901",
        "MANAGE_SP1" : "22",
        "MANAGE_SP2" : "헬기장",
        "DETAIL_SPO" : "(헬기장)",
        "ETC_MATTER" : " ",
        "MNTN_NM" : "마집봉",
        "PAST_SPOT_" : "15033520000068",
        "MNTN_ID" : "1503352000"
      },
      "geometry" : {
        "x" : 194450.4859000016,
        "y" : 280237.95639999956
      }
    },
    {
      "attributes" : {
        "FID" : 68,
        "PMNTN_SPOT" : 25947,
        "MNTN_CODE" : "291101901",
        "MANAGE_SP1" : "99",
        "MANAGE_SP2" : "기타",
        "DETAIL_SPO" : "기타",
        "ETC_MATTER" : " ",
        "MNTN_NM" : "마집봉",
        "PAST_SPOT_" : "15033520000069",
        "MNTN_ID" : "1503352000"
      },
      "geometry" : {
        "x" : 194260.60929999873,
        "y" : 280243.62440000102
      }
    },
    {
      "attributes" : {
        "FID" : 69,
        "PMNTN_SPOT" : 25948,
        "MNTN_CODE" : "291101901",
        "MANAGE_SP1" : "99",
        "MANAGE_SP2" : "기타",
        "DETAIL_SPO" : "기타",
        "ETC_MATTER" : " ",
        "MNTN_NM" : "마집봉",
        "PAST_SPOT_" : "15033520000070",
        "MNTN_ID" : "1503352000"
      },
      "geometry" : {
        "x" : 194240.84270000178,
        "y" : 280265.82590000145
      }
    },
    {
      "attributes" : {
        "FID" : 70,
        "PMNTN_SPOT" : 25949,
        "MNTN_CODE" : "291101901",
        "MANAGE_SP1" : "99",
        "MANAGE_SP2" : "기타",
        "DETAIL_SPO" : "기타",
        "ETC_MATTER" : " ",
        "MNTN_NM" : "마집봉",
        "PAST_SPOT_" : "15033520000071",
        "MNTN_ID" : "1503352000"
      },
      "geometry" : {
        "x" : 194195.27520000003,
        "y" : 280282.49709999934
      }
    },
    {
      "attributes" : {
        "FID" : 71,
        "PMNTN_SPOT" : 25950,
        "MNTN_CODE" : "291101901",
        "MANAGE_SP1" : "99",
        "MANAGE_SP2" : "기타",
        "DETAIL_SPO" : "기타",
        "ETC_MATTER" : "나무제거요",
        "MNTN_NM" : "마집봉",
        "PAST_SPOT_" : "15033520000072",
        "MNTN_ID" : "1503352000"
      },
      "geometry" : {
        "x" : 194213.51010000054,
        "y" : 280288.03240000084
      }
    },
    {
      "attributes" : {
        "FID" : 72,
        "PMNTN_SPOT" : 25951,
        "MNTN_CODE" : "291101901",
        "MANAGE_SP1" : "99",
        "MANAGE_SP2" : "기타",
        "DETAIL_SPO" : "기타",
        "ETC_MATTER" : "나무제거요",
        "MNTN_NM" : "마집봉",
        "PAST_SPOT_" : "15033520000073",
        "MNTN_ID" : "1503352000"
      },
      "geometry" : {
        "x" : 194234.87079999968,
        "y" : 280334.28200000152
      }
    },
    {
      "attributes" : {
        "FID" : 73,
        "PMNTN_SPOT" : 25952,
        "MNTN_CODE" : "291101901",
        "MANAGE_SP1" : "99",
        "MANAGE_SP2" : "기타",
        "DETAIL_SPO" : "기타",
        "ETC_MATTER" : "나무제거요",
        "MNTN_NM" : "마집봉",
        "PAST_SPOT_" : "15033520000074",
        "MNTN_ID" : "1503352000"
      },
      "geometry" : {
        "x" : 194378.38240000047,
        "y" : 279089.73699999973
      }
    },
    {
      "attributes" : {
        "FID" : 74,
        "PMNTN_SPOT" : 25953,
        "MNTN_CODE" : "291101901",
        "MANAGE_SP1" : "99",
        "MANAGE_SP2" : "기타",
        "DETAIL_SPO" : "기타",
        "ETC_MATTER" : "나무제거요",
        "MNTN_NM" : "마집봉",
        "PAST_SPOT_" : "15033520000075",
        "MNTN_ID" : "1503352000"
      },
      "geometry" : {
        "x" : 194934.39859999996,
        "y" : 278893.36500000209
      }
    },
    {
      "attributes" : {
        "FID" : 75,
        "PMNTN_SPOT" : 25954,
        "MNTN_CODE" : "291101901",
        "MANAGE_SP1" : "99",
        "MANAGE_SP2" : "기타",
        "DETAIL_SPO" : "기타",
        "ETC_MATTER" : "나무제거요",
        "MNTN_NM" : "마집봉",
        "PAST_SPOT_" : "15033520000076",
        "MNTN_ID" : "1503352000"
      },
      "geometry" : {
        "x" : 195069.6241000006,
        "y" : 278928.45759999938
      }
    },
    {
      "attributes" : {
        "FID" : 76,
        "PMNTN_SPOT" : 25955,
        "MNTN_CODE" : "291101901",
        "MANAGE_SP1" : "99",
        "MANAGE_SP2" : "기타",
        "DETAIL_SPO" : "기타",
        "ETC_MATTER" : "나무제거요",
        "MNTN_NM" : "마집봉",
        "PAST_SPOT_" : "15033520000077",
        "MNTN_ID" : "1503352000"
      },
      "geometry" : {
        "x" : 195258.11160000041,
        "y" : 279000.46770000085
      }
    },
    {
      "attributes" : {
        "FID" : 77,
        "PMNTN_SPOT" : 25956,
        "MNTN_CODE" : "291101901",
        "MANAGE_SP1" : "99",
        "MANAGE_SP2" : "기타",
        "DETAIL_SPO" : "기타",
        "ETC_MATTER" : "나무제거요",
        "MNTN_NM" : "마집봉",
        "PAST_SPOT_" : "15033520000078",
        "MNTN_ID" : "1503352000"
      },
      "geometry" : {
        "x" : 195283.92140000127,
        "y" : 279017.09540000185
      }
    },
    {
      "attributes" : {
        "FID" : 78,
        "PMNTN_SPOT" : 25957,
        "MNTN_CODE" : "291101901",
        "MANAGE_SP1" : "99",
        "MANAGE_SP2" : "기타",
        "DETAIL_SPO" : "기타",
        "ETC_MATTER" : "나무제거요",
        "MNTN_NM" : "마집봉",
        "PAST_SPOT_" : "15033520000079",
        "MNTN_ID" : "1503352000"
      },
      "geometry" : {
        "x" : 195528.58140000328,
        "y" : 278941.19380000234
      }
    },
    {
      "attributes" : {
        "FID" : 79,
        "PMNTN_SPOT" : 25958,
        "MNTN_CODE" : "291101901",
        "MANAGE_SP1" : "99",
        "MANAGE_SP2" : "기타",
        "DETAIL_SPO" : "기타",
        "ETC_MATTER" : "나무제거요",
        "MNTN_NM" : "마집봉",
        "PAST_SPOT_" : "15033520000080",
        "MNTN_ID" : "1503352000"
      },
      "geometry" : {
        "x" : 195536.14850000013,
        "y" : 278941.18999999948
      }
    },
    {
      "attributes" : {
        "FID" : 80,
        "PMNTN_SPOT" : 25959,
        "MNTN_CODE" : "291101901",
        "MANAGE_SP1" : "99",
        "MANAGE_SP2" : "기타",
        "DETAIL_SPO" : "기타",
        "ETC_MATTER" : "나무제거요",
        "MNTN_NM" : "마집봉",
        "PAST_SPOT_" : "15033520000081",
        "MNTN_ID" : "1503352000"
      },
      "geometry" : {
        "x" : 195890.1221000012,
        "y" : 278855.92430000193
      }
    },
    {
      "attributes" : {
        "FID" : 81,
        "PMNTN_SPOT" : 25960,
        "MNTN_CODE" : "291101901",
        "MANAGE_SP1" : "99",
        "MANAGE_SP2" : "기타",
        "DETAIL_SPO" : "기타",
        "ETC_MATTER" : "나무제거요",
        "MNTN_NM" : "마집봉",
        "PAST_SPOT_" : "15033520000082",
        "MNTN_ID" : "1503352000"
      },
      "geometry" : {
        "x" : 196004.10419999994,
        "y" : 278896.58790000156
      }
    },
    {
      "attributes" : {
        "FID" : 82,
        "PMNTN_SPOT" : 25961,
        "MNTN_CODE" : "291101901",
        "MANAGE_SP1" : "99",
        "MANAGE_SP2" : "기타",
        "DETAIL_SPO" : "기타",
        "ETC_MATTER" : " ",
        "MNTN_NM" : "마집봉",
        "PAST_SPOT_" : "15033520000083",
        "MNTN_ID" : "1503352000"
      },
      "geometry" : {
        "x" : 196096.84190000035,
        "y" : 278935.37639999948
      }
    },
    {
      "attributes" : {
        "FID" : 83,
        "PMNTN_SPOT" : 25962,
        "MNTN_CODE" : "291101901",
        "MANAGE_SP1" : "99",
        "MANAGE_SP2" : "기타",
        "DETAIL_SPO" : "기타",
        "ETC_MATTER" : " ",
        "MNTN_NM" : "마집봉",
        "PAST_SPOT_" : "15033520000084",
        "MNTN_ID" : "1503352000"
      },
      "geometry" : {
        "x" : 196115.08820000291,
        "y" : 278963.10420000367
      }
    },
    {
      "attributes" : {
        "FID" : 84,
        "PMNTN_SPOT" : 25963,
        "MNTN_CODE" : "291101901",
        "MANAGE_SP1" : "99",
        "MANAGE_SP2" : "기타",
        "DETAIL_SPO" : "기타",
        "ETC_MATTER" : "로프설치요",
        "MNTN_NM" : "마집봉",
        "PAST_SPOT_" : "15033520000085",
        "MNTN_ID" : "1503352000"
      },
      "geometry" : {
        "x" : 196165.23159999959,
        "y" : 278963.0821000021
      }
    },
    {
      "attributes" : {
        "FID" : 85,
        "PMNTN_SPOT" : 25964,
        "MNTN_CODE" : "291101901",
        "MANAGE_SP1" : "99",
        "MANAGE_SP2" : "기타",
        "DETAIL_SPO" : "기타",
        "ETC_MATTER" : " ",
        "MNTN_NM" : "마집봉",
        "PAST_SPOT_" : "15033520000086",
        "MNTN_ID" : "1503352000"
      },
      "geometry" : {
        "x" : 196306.53780000191,
        "y" : 278946.38000000268
      }
    },
    {
      "attributes" : {
        "FID" : 86,
        "PMNTN_SPOT" : 25965,
        "MNTN_CODE" : "291101901",
        "MANAGE_SP1" : "99",
        "MANAGE_SP2" : "기타",
        "DETAIL_SPO" : "기타",
        "ETC_MATTER" : " ",
        "MNTN_NM" : "마집봉",
        "PAST_SPOT_" : "15033520000087",
        "MNTN_ID" : "1503352000"
      },
      "geometry" : {
        "x" : 195694.23650000058,
        "y" : 279125.94290000014
      }
    },
    {
      "attributes" : {
        "FID" : 87,
        "PMNTN_SPOT" : 25966,
        "MNTN_CODE" : "291101901",
        "MANAGE_SP1" : "99",
        "MANAGE_SP2" : "기타",
        "DETAIL_SPO" : "(전신주)",
        "ETC_MATTER" : "전신주종점",
        "MNTN_NM" : "마집봉",
        "PAST_SPOT_" : "15033520000088",
        "MNTN_ID" : "1503352000"
      },
      "geometry" : {
        "x" : 195642.88300000317,
        "y" : 279627.0995000042
      }
    },
    {
      "attributes" : {
        "FID" : 88,
        "PMNTN_SPOT" : 25967,
        "MNTN_CODE" : "291101901",
        "MANAGE_SP1" : "99",
        "MANAGE_SP2" : "기타",
        "DETAIL_SPO" : "기타",
        "ETC_MATTER" : " ",
        "MNTN_NM" : "마집봉",
        "PAST_SPOT_" : "15033520000089",
        "MNTN_ID" : "1503352000"
      },
      "geometry" : {
        "x" : 194267.00120000169,
        "y" : 280683.73350000009
      }
    },
    {
      "attributes" : {
        "FID" : 89,
        "PMNTN_SPOT" : 25968,
        "MNTN_CODE" : "291101901",
        "MANAGE_SP1" : "99",
        "MANAGE_SP2" : "기타",
        "DETAIL_SPO" : "기타",
        "ETC_MATTER" : " ",
        "MNTN_NM" : "마집봉",
        "PAST_SPOT_" : "15033520000090",
        "MNTN_ID" : "1503352000"
      },
      "geometry" : {
        "x" : 194339.93500000052,
        "y" : 280702.10330000147
      }
    },
    {
      "attributes" : {
        "FID" : 90,
        "PMNTN_SPOT" : 25969,
        "MNTN_CODE" : "291101901",
        "MANAGE_SP1" : "99",
        "MANAGE_SP2" : "기타",
        "DETAIL_SPO" : "기타",
        "ETC_MATTER" : " ",
        "MNTN_NM" : "마집봉",
        "PAST_SPOT_" : "15033520000091",
        "MNTN_ID" : "1503352000"
      },
      "geometry" : {
        "x" : 194421.98260000162,
        "y" : 280718.69290000014
      }
    },
    {
      "attributes" : {
        "FID" : 91,
        "PMNTN_SPOT" : 25970,
        "MNTN_CODE" : "291101901",
        "MANAGE_SP1" : "99",
        "MANAGE_SP2" : "기타",
        "DETAIL_SPO" : "기타",
        "ETC_MATTER" : " ",
        "MNTN_NM" : "마집봉",
        "PAST_SPOT_" : "15033520000092",
        "MNTN_ID" : "1503352000"
      },
      "geometry" : {
        "x" : 194546.49890000001,
        "y" : 280722.38749999925
      }
    },
    {
      "attributes" : {
        "FID" : 92,
        "PMNTN_SPOT" : 25971,
        "MNTN_CODE" : "291101901",
        "MANAGE_SP1" : "99",
        "MANAGE_SP2" : "기타",
        "DETAIL_SPO" : "기타",
        "ETC_MATTER" : " ",
        "MNTN_NM" : "마집봉",
        "PAST_SPOT_" : "15033520000093",
        "MNTN_ID" : "1503352000"
      },
      "geometry" : {
        "x" : 194719.70130000357,
        "y" : 280744.47130000032
      }
    },
    {
      "attributes" : {
        "FID" : 93,
        "PMNTN_SPOT" : 25972,
        "MNTN_CODE" : "291101901",
        "MANAGE_SP1" : "99",
        "MANAGE_SP2" : "기타",
        "DETAIL_SPO" : "기타",
        "ETC_MATTER" : " ",
        "MNTN_NM" : "마집봉",
        "PAST_SPOT_" : "15033520000094",
        "MNTN_ID" : "1503352000"
      },
      "geometry" : {
        "x" : 194903.61120000109,
        "y" : 280842.32679999992
      }
    },
    {
      "attributes" : {
        "FID" : 94,
        "PMNTN_SPOT" : 25973,
        "MNTN_CODE" : "291101901",
        "MANAGE_SP1" : "99",
        "MANAGE_SP2" : "기타",
        "DETAIL_SPO" : "기타",
        "ETC_MATTER" : " ",
        "MNTN_NM" : "마집봉",
        "PAST_SPOT_" : "15033520000095",
        "MNTN_ID" : "1503352000"
      },
      "geometry" : {
        "x" : 194924.86629999988,
        "y" : 280871.93649999984
      }
    },
    {
      "attributes" : {
        "FID" : 95,
        "PMNTN_SPOT" : 25974,
        "MNTN_CODE" : "291101901",
        "MANAGE_SP1" : "99",
        "MANAGE_SP2" : "기타",
        "DETAIL_SPO" : "기타",
        "ETC_MATTER" : " ",
        "MNTN_NM" : "마집봉",
        "PAST_SPOT_" : "15033520000096",
        "MNTN_ID" : "1503352000"
      },
      "geometry" : {
        "x" : 194870.2853000015,
        "y" : 281060.57220000029
      }
    },
    {
      "attributes" : {
        "FID" : 96,
        "PMNTN_SPOT" : 25975,
        "MNTN_CODE" : "291101901",
        "MANAGE_SP1" : "14",
        "MANAGE_SP2" : "조망점",
        "DETAIL_SPO" : "조망점,헬기장",
        "ETC_MATTER" : " ",
        "MNTN_NM" : "마집봉",
        "PAST_SPOT_" : "15033520000097",
        "MNTN_ID" : "1503352000"
      },
      "geometry" : {
        "x" : 194841.4952000035,
        "y" : 281082.77769999765
      }
    },
    {
      "attributes" : {
        "FID" : 97,
        "PMNTN_SPOT" : 25976,
        "MNTN_CODE" : "291101901",
        "MANAGE_SP1" : "99",
        "MANAGE_SP2" : "기타",
        "DETAIL_SPO" : "기타",
        "ETC_MATTER" : " ",
        "MNTN_NM" : "마집봉",
        "PAST_SPOT_" : "15033520000098",
        "MNTN_ID" : "1503352000"
      },
      "geometry" : {
        "x" : 194616.62600000203,
        "y" : 281073.59220000356
      }
    },
    {
      "attributes" : {
        "FID" : 98,
        "PMNTN_SPOT" : 25977,
        "MNTN_CODE" : "291101901",
        "MANAGE_SP1" : "99",
        "MANAGE_SP2" : "기타",
        "DETAIL_SPO" : "기타",
        "ETC_MATTER" : " ",
        "MNTN_NM" : "마집봉",
        "PAST_SPOT_" : "15033520000099",
        "MNTN_ID" : "1503352000"
      },
      "geometry" : {
        "x" : 194601.39860000089,
        "y" : 281064.39320000075
      }
    },
    {
      "attributes" : {
        "FID" : 99,
        "PMNTN_SPOT" : 25978,
        "MNTN_CODE" : "291101901",
        "MANAGE_SP1" : "99",
        "MANAGE_SP2" : "기타",
        "DETAIL_SPO" : "기타",
        "ETC_MATTER" : " ",
        "MNTN_NM" : "마집봉",
        "PAST_SPOT_" : "15033520000100",
        "MNTN_ID" : "1503352000"
      },
      "geometry" : {
        "x" : 195020.6110000005,
        "y" : 280936.56220000237
      }
    },
    {
      "attributes" : {
        "FID" : 100,
        "PMNTN_SPOT" : 25979,
        "MNTN_CODE" : "291101901",
        "MANAGE_SP1" : "99",
        "MANAGE_SP2" : "기타",
        "DETAIL_SPO" : "기타",
        "ETC_MATTER" : " ",
        "MNTN_NM" : "마집봉",
        "PAST_SPOT_" : "15033520000101",
        "MNTN_ID" : "1503352000"
      },
      "geometry" : {
        "x" : 195330.48880000319,
        "y" : 280875.37400000356
      }
    },
    {
      "attributes" : {
        "FID" : 101,
        "PMNTN_SPOT" : 25980,
        "MNTN_CODE" : "291101901",
        "MANAGE_SP1" : "99",
        "MANAGE_SP2" : "기타",
        "DETAIL_SPO" : "기타",
        "ETC_MATTER" : " ",
        "MNTN_NM" : "마집봉",
        "PAST_SPOT_" : "15033520000102",
        "MNTN_ID" : "1503352000"
      },
      "geometry" : {
        "x" : 195699.41870000213,
        "y" : 280403.67610000074
      }
    },
    {
      "attributes" : {
        "FID" : 102,
        "PMNTN_SPOT" : 25981,
        "MNTN_CODE" : "291101901",
        "MANAGE_SP1" : "99",
        "MANAGE_SP2" : "기타",
        "DETAIL_SPO" : "기타",
        "ETC_MATTER" : " ",
        "MNTN_NM" : "마집봉",
        "PAST_SPOT_" : "15033520000103",
        "MNTN_ID" : "1503352000"
      },
      "geometry" : {
        "x" : 195930.27120000031,
        "y" : 280111.45200000145
      }
    },
    {
      "attributes" : {
        "FID" : 103,
        "PMNTN_SPOT" : 25982,
        "MNTN_CODE" : "291101901",
        "MANAGE_SP1" : "22",
        "MANAGE_SP2" : "헬기장",
        "DETAIL_SPO" : "헬기장",
        "ETC_MATTER" : " ",
        "MNTN_NM" : "마집봉",
        "PAST_SPOT_" : "15033520000104",
        "MNTN_ID" : "1503352000"
      },
      "geometry" : {
        "x" : 196083.62799999956,
        "y" : 279970.81700000167
      }
    },
    {
      "attributes" : {
        "FID" : 104,
        "PMNTN_SPOT" : 25983,
        "MNTN_CODE" : "291101901",
        "MANAGE_SP1" : "99",
        "MANAGE_SP2" : "기타",
        "DETAIL_SPO" : "기타",
        "ETC_MATTER" : "로프설치 요",
        "MNTN_NM" : "마집봉",
        "PAST_SPOT_" : "15033520000105",
        "MNTN_ID" : "1503352000"
      },
      "geometry" : {
        "x" : 196489.20260000229,
        "y" : 279756.19150000252
      }
    },
    {
      "attributes" : {
        "FID" : 105,
        "PMNTN_SPOT" : 25984,
        "MNTN_CODE" : "291101901",
        "MANAGE_SP1" : "99",
        "MANAGE_SP2" : "기타",
        "DETAIL_SPO" : "기타",
        "ETC_MATTER" : " ",
        "MNTN_NM" : "마집봉",
        "PAST_SPOT_" : "15033520000106",
        "MNTN_ID" : "1503352000"
      },
      "geometry" : {
        "x" : 197042.19110000134,
        "y" : 279489.72230000049
      }
    },
    {
      "attributes" : {
        "FID" : 106,
        "PMNTN_SPOT" : 25985,
        "MNTN_CODE" : "291101901",
        "MANAGE_SP1" : "10",
        "MANAGE_SP2" : "이정표",
        "DETAIL_SPO" : "이정표,초소",
        "ETC_MATTER" : " ",
        "MNTN_NM" : "마집봉",
        "PAST_SPOT_" : "15033520000107",
        "MNTN_ID" : "1503352000"
      },
      "geometry" : {
        "x" : 198265.37990000192,
        "y" : 280099.57740000263
      }
    },
    {
      "attributes" : {
        "FID" : 107,
        "PMNTN_SPOT" : 25986,
        "MNTN_CODE" : "291101901",
        "MANAGE_SP1" : "99",
        "MANAGE_SP2" : "기타",
        "DETAIL_SPO" : "기타",
        "ETC_MATTER" : " ",
        "MNTN_NM" : "마집봉",
        "PAST_SPOT_" : "15033520000108",
        "MNTN_ID" : "1503352000"
      },
      "geometry" : {
        "x" : 198318.62119999994,
        "y" : 280123.53040000238
      }
    },
    {
      "attributes" : {
        "FID" : 108,
        "PMNTN_SPOT" : 25987,
        "MNTN_CODE" : "291101901",
        "MANAGE_SP1" : "99",
        "MANAGE_SP2" : "기타",
        "DETAIL_SPO" : "기타",
        "ETC_MATTER" : " ",
        "MNTN_NM" : "마집봉",
        "PAST_SPOT_" : "15033520000109",
        "MNTN_ID" : "1503352000"
      },
      "geometry" : {
        "x" : 198385.44160000235,
        "y" : 280130.95050000027
      }
    },
    {
      "attributes" : {
        "FID" : 109,
        "PMNTN_SPOT" : 25988,
        "MNTN_CODE" : "291101901",
        "MANAGE_SP1" : "11",
        "MANAGE_SP2" : "안내판또는지도",
        "DETAIL_SPO" : "(안내판)",
        "ETC_MATTER" : " ",
        "MNTN_NM" : "마집봉",
        "PAST_SPOT_" : "15033520000110",
        "MNTN_ID" : "1503352000"
      },
      "geometry" : {
        "x" : 198506.97810000181,
        "y" : 280258.51300000027
      }
    },
    {
      "attributes" : {
        "FID" : 110,
        "PMNTN_SPOT" : 25989,
        "MNTN_CODE" : "291101901",
        "MANAGE_SP1" : "99",
        "MANAGE_SP2" : "기타",
        "DETAIL_SPO" : "기타",
        "ETC_MATTER" : " ",
        "MNTN_NM" : "마집봉",
        "PAST_SPOT_" : "15033520000111",
        "MNTN_ID" : "1503352000"
      },
      "geometry" : {
        "x" : 197481.33610000368,
        "y" : 279820.52770000137
      }
    },
    {
      "attributes" : {
        "FID" : 111,
        "PMNTN_SPOT" : 25990,
        "MNTN_CODE" : "291101901",
        "MANAGE_SP1" : "99",
        "MANAGE_SP2" : "기타",
        "DETAIL_SPO" : "기타",
        "ETC_MATTER" : " ",
        "MNTN_NM" : "마집봉",
        "PAST_SPOT_" : "15033520000112",
        "MNTN_ID" : "1503352000"
      },
      "geometry" : {
        "x" : 196477.22920000087,
        "y" : 280131.51810000278
      }
    },
    {
      "attributes" : {
        "FID" : 112,
        "PMNTN_SPOT" : 25991,
        "MNTN_CODE" : "291101901",
        "MANAGE_SP1" : "99",
        "MANAGE_SP2" : "기타",
        "DETAIL_SPO" : "기타",
        "ETC_MATTER" : " ",
        "MNTN_NM" : "마집봉",
        "PAST_SPOT_" : "15033520000113",
        "MNTN_ID" : "1503352000"
      },
      "geometry" : {
        "x" : 193203.46480000112,
        "y" : 280606.82239999995
      }
    },
    {
      "attributes" : {
        "FID" : 113,
        "PMNTN_SPOT" : 25992,
        "MNTN_CODE" : "291101901",
        "MANAGE_SP1" : "99",
        "MANAGE_SP2" : "기타",
        "DETAIL_SPO" : "기타",
        "ETC_MATTER" : "나무제거 요",
        "MNTN_NM" : "마집봉",
        "PAST_SPOT_" : "15033520000114",
        "MNTN_ID" : "1503352000"
      },
      "geometry" : {
        "x" : 193256.65890000015,
        "y" : 280675.12320000492
      }
    },
    {
      "attributes" : {
        "FID" : 114,
        "PMNTN_SPOT" : 25993,
        "MNTN_CODE" : "291101901",
        "MANAGE_SP1" : "99",
        "MANAGE_SP2" : "기타",
        "DETAIL_SPO" : "(돌계단)",
        "ETC_MATTER" : "돌계단종점",
        "MNTN_NM" : "마집봉",
        "PAST_SPOT_" : "15033520000115",
        "MNTN_ID" : "1503352000"
      },
      "geometry" : {
        "x" : 193461.67230000068,
        "y" : 280565.91259999946
      }
    },
    {
      "attributes" : {
        "FID" : 115,
        "PMNTN_SPOT" : 25994,
        "MNTN_CODE" : "291101901",
        "MANAGE_SP1" : "99",
        "MANAGE_SP2" : "기타",
        "DETAIL_SPO" : "기타",
        "ETC_MATTER" : "나무제거 요",
        "MNTN_NM" : "마집봉",
        "PAST_SPOT_" : "15033520000116",
        "MNTN_ID" : "1503352000"
      },
      "geometry" : {
        "x" : 193448.00879999995,
        "y" : 280578.90310000069
      }
    },
    {
      "attributes" : {
        "FID" : 116,
        "PMNTN_SPOT" : 25995,
        "MNTN_CODE" : "291101901",
        "MANAGE_SP1" : "99",
        "MANAGE_SP2" : "기타",
        "DETAIL_SPO" : "기타",
        "ETC_MATTER" : " ",
        "MNTN_NM" : "마집봉",
        "PAST_SPOT_" : "15033520000117",
        "MNTN_ID" : "1503352000"
      },
      "geometry" : {
        "x" : 193431.14480000082,
        "y" : 280331.06750000268
      }
    },
    {
      "attributes" : {
        "FID" : 117,
        "PMNTN_SPOT" : 25996,
        "MNTN_CODE" : "291101901",
        "MANAGE_SP1" : "99",
        "MANAGE_SP2" : "기타",
        "DETAIL_SPO" : "치성굿 장소,당산나무",
        "ETC_MATTER" : " ",
        "MNTN_NM" : "마집봉",
        "PAST_SPOT_" : "15033520000118",
        "MNTN_ID" : "1503352000"
      },
      "geometry" : {
        "x" : 195512.47860000096,
        "y" : 280263.20380000211
      }
    },
    {
      "attributes" : {
        "FID" : 118,
        "PMNTN_SPOT" : 25997,
        "MNTN_CODE" : "291101901",
        "MANAGE_SP1" : "99",
        "MANAGE_SP2" : "기타",
        "DETAIL_SPO" : "기타",
        "ETC_MATTER" : " ",
        "MNTN_NM" : "마집봉",
        "PAST_SPOT_" : "15033520000119",
        "MNTN_ID" : "1503352000"
      },
      "geometry" : {
        "x" : 195629.2424999997,
        "y" : 279695.55830000155
      }
    },
    {
      "attributes" : {
        "FID" : 119,
        "PMNTN_SPOT" : 25998,
        "MNTN_CODE" : "291101901",
        "MANAGE_SP1" : "99",
        "MANAGE_SP2" : "기타",
        "DETAIL_SPO" : "(위험지역,휴식처)",
        "ETC_MATTER" : "나무제거요",
        "MNTN_NM" : "마집봉",
        "PAST_SPOT_" : "15033520000120",
        "MNTN_ID" : "1503352000"
      },
      "geometry" : {
        "x" : 195305.91330000013,
        "y" : 277510.14210000448
      }
    },
    {
      "attributes" : {
        "FID" : 120,
        "PMNTN_SPOT" : 25999,
        "MNTN_CODE" : "291101901",
        "MANAGE_SP1" : "03",
        "MANAGE_SP2" : "정자",
        "DETAIL_SPO" : "정자,돌계단",
        "ETC_MATTER" : " ",
        "MNTN_NM" : "마집봉",
        "PAST_SPOT_" : "15033520000121",
        "MNTN_ID" : "1503352000"
      },
      "geometry" : {
        "x" : 193121.89970000274,
        "y" : 280892.40139999986
      }
    },
    {
      "attributes" : {
        "FID" : 121,
        "PMNTN_SPOT" : 26000,
        "MNTN_CODE" : "291101901",
        "MANAGE_SP1" : "02",
        "MANAGE_SP2" : "분기점",
        "DETAIL_SPO" : "분기점",
        "ETC_MATTER" : " ",
        "MNTN_NM" : "마집봉",
        "PAST_SPOT_" : "15033520000122",
        "MNTN_ID" : "1503352000"
      },
      "geometry" : {
        "x" : 193261.2432000041,
        "y" : 280710.28890000097
      }
    },
    {
      "attributes" : {
        "FID" : 122,
        "PMNTN_SPOT" : 26001,
        "MNTN_CODE" : "291101901",
        "MANAGE_SP1" : "06",
        "MANAGE_SP2" : "음수대",
        "DETAIL_SPO" : "(약수터)",
        "ETC_MATTER" : " ",
        "MNTN_NM" : "마집봉",
        "PAST_SPOT_" : "15033520000123",
        "MNTN_ID" : "1503352000"
      },
      "geometry" : {
        "x" : 193333.86600000039,
        "y" : 280310.83709999919
      }
    },
    {
      "attributes" : {
        "FID" : 123,
        "PMNTN_SPOT" : 26002,
        "MNTN_CODE" : "291101901",
        "MANAGE_SP1" : "02",
        "MANAGE_SP2" : "분기점",
        "DETAIL_SPO" : "분기점",
        "ETC_MATTER" : " ",
        "MNTN_NM" : "마집봉",
        "PAST_SPOT_" : "15033520000124",
        "MNTN_ID" : "1503352000"
      },
      "geometry" : {
        "x" : 193355.48090000078,
        "y" : 280691.69040000252
      }
    },
    {
      "attributes" : {
        "FID" : 124,
        "PMNTN_SPOT" : 26003,
        "MNTN_CODE" : "291101901",
        "MANAGE_SP1" : "01",
        "MANAGE_SP2" : "시종점",
        "DETAIL_SPO" : "시종점",
        "ETC_MATTER" : "가로등시작",
        "MNTN_NM" : "마집봉",
        "PAST_SPOT_" : "15033520000125",
        "MNTN_ID" : "1503352000"
      },
      "geometry" : {
        "x" : 193481.23440000229,
        "y" : 280118.16080000065
      }
    },
    {
      "attributes" : {
        "FID" : 125,
        "PMNTN_SPOT" : 26004,
        "MNTN_CODE" : "291101901",
        "MANAGE_SP1" : "99",
        "MANAGE_SP2" : "기타",
        "DETAIL_SPO" : "(산소)",
        "ETC_MATTER" : "등산로폐쇄",
        "MNTN_NM" : "마집봉",
        "PAST_SPOT_" : "15033520000126",
        "MNTN_ID" : "1503352000"
      },
      "geometry" : {
        "x" : 193524.19380000047,
        "y" : 280802.50970000215
      }
    },
    {
      "attributes" : {
        "FID" : 126,
        "PMNTN_SPOT" : 26005,
        "MNTN_CODE" : "291101901",
        "MANAGE_SP1" : "99",
        "MANAGE_SP2" : "기타",
        "DETAIL_SPO" : "(산소)",
        "ETC_MATTER" : "등산로폐쇄",
        "MNTN_NM" : "마집봉",
        "PAST_SPOT_" : "15033520000127",
        "MNTN_ID" : "1503352000"
      },
      "geometry" : {
        "x" : 193539.34640000015,
        "y" : 280832.12069999985
      }
    },
    {
      "attributes" : {
        "FID" : 127,
        "PMNTN_SPOT" : 26006,
        "MNTN_CODE" : "291101901",
        "MANAGE_SP1" : "01",
        "MANAGE_SP2" : "시종점",
        "DETAIL_SPO" : "(시종점,돌계단)",
        "ETC_MATTER" : "계단시점",
        "MNTN_NM" : "마집봉",
        "PAST_SPOT_" : "15033520000128",
        "MNTN_ID" : "1503352000"
      },
      "geometry" : {
        "x" : 193627.48160000052,
        "y" : 280820.96270000376
      }
    },
    {
      "attributes" : {
        "FID" : 128,
        "PMNTN_SPOT" : 26007,
        "MNTN_CODE" : "291101901",
        "MANAGE_SP1" : "01",
        "MANAGE_SP2" : "시종점",
        "DETAIL_SPO" : "시종점",
        "ETC_MATTER" : "종점",
        "MNTN_NM" : "마집봉",
        "PAST_SPOT_" : "15033520000129",
        "MNTN_ID" : "1503352000"
      },
      "geometry" : {
        "x" : 194097.28969999962,
        "y" : 280627.90650000051
      }
    },
    {
      "attributes" : {
        "FID" : 129,
        "PMNTN_SPOT" : 26008,
        "MNTN_CODE" : "291101901",
        "MANAGE_SP1" : "01",
        "MANAGE_SP2" : "시종점",
        "DETAIL_SPO" : "시종점",
        "ETC_MATTER" : "종점",
        "MNTN_NM" : "마집봉",
        "PAST_SPOT_" : "15033520000130",
        "MNTN_ID" : "1503352000"
      },
      "geometry" : {
        "x" : 194221.29240000062,
        "y" : 280480.29260000214
      }
    },
    {
      "attributes" : {
        "FID" : 130,
        "PMNTN_SPOT" : 26009,
        "MNTN_CODE" : "291101901",
        "MANAGE_SP1" : "01",
        "MANAGE_SP2" : "시종점",
        "DETAIL_SPO" : "시종점",
        "ETC_MATTER" : " ",
        "MNTN_NM" : "마집봉",
        "PAST_SPOT_" : "15033520000131",
        "MNTN_ID" : "1503352000"
      },
      "geometry" : {
        "x" : 194242.64210000262,
        "y" : 280743.14970000088
      }
    },
    {
      "attributes" : {
        "FID" : 131,
        "PMNTN_SPOT" : 26010,
        "MNTN_CODE" : "291101901",
        "MANAGE_SP1" : "02",
        "MANAGE_SP2" : "분기점",
        "DETAIL_SPO" : "분기점",
        "ETC_MATTER" : " ",
        "MNTN_NM" : "마집봉",
        "PAST_SPOT_" : "15033520000132",
        "MNTN_ID" : "1503352000"
      },
      "geometry" : {
        "x" : 194251.79900000244,
        "y" : 280715.14040000178
      }
    },
    {
      "attributes" : {
        "FID" : 132,
        "PMNTN_SPOT" : 26011,
        "MNTN_CODE" : "291101901",
        "MANAGE_SP1" : "01",
        "MANAGE_SP2" : "시종점",
        "DETAIL_SPO" : "시종점",
        "ETC_MATTER" : " ",
        "MNTN_NM" : "마집봉",
        "PAST_SPOT_" : "15033520000133",
        "MNTN_ID" : "1503352000"
      },
      "geometry" : {
        "x" : 194287.27579999994,
        "y" : 279185.98310000077
      }
    },
    {
      "attributes" : {
        "FID" : 133,
        "PMNTN_SPOT" : 26012,
        "MNTN_CODE" : "291101901",
        "MANAGE_SP1" : "01",
        "MANAGE_SP2" : "시종점",
        "DETAIL_SPO" : "시종점,법현사",
        "ETC_MATTER" : " ",
        "MNTN_NM" : "마집봉",
        "PAST_SPOT_" : "15033520000134",
        "MNTN_ID" : "1503352000"
      },
      "geometry" : {
        "x" : 194314.13550000265,
        "y" : 280839.02430000156
      }
    },
    {
      "attributes" : {
        "FID" : 134,
        "PMNTN_SPOT" : 26013,
        "MNTN_CODE" : "291101901",
        "MANAGE_SP1" : "01",
        "MANAGE_SP2" : "시종점",
        "DETAIL_SPO" : "시종점",
        "ETC_MATTER" : "시점",
        "MNTN_NM" : "마집봉",
        "PAST_SPOT_" : "15033520000135",
        "MNTN_ID" : "1503352000"
      },
      "geometry" : {
        "x" : 194337.47690000106,
        "y" : 279278.36680000462
      }
    },
    {
      "attributes" : {
        "FID" : 135,
        "PMNTN_SPOT" : 26014,
        "MNTN_CODE" : "291101901",
        "MANAGE_SP1" : "02",
        "MANAGE_SP2" : "분기점",
        "DETAIL_SPO" : "분기점",
        "ETC_MATTER" : " ",
        "MNTN_NM" : "마집봉",
        "PAST_SPOT_" : "15033520000136",
        "MNTN_ID" : "1503352000"
      },
      "geometry" : {
        "x" : 194361.18530000001,
        "y" : 280720.61740000173
      }
    },
    {
      "attributes" : {
        "FID" : 136,
        "PMNTN_SPOT" : 26015,
        "MNTN_CODE" : "291101901",
        "MANAGE_SP1" : "01",
        "MANAGE_SP2" : "시종점",
        "DETAIL_SPO" : "시종점",
        "ETC_MATTER" : " ",
        "MNTN_NM" : "마집봉",
        "PAST_SPOT_" : "15033520000137",
        "MNTN_ID" : "1503352000"
      },
      "geometry" : {
        "x" : 194548.86240000185,
        "y" : 281063.08070000261
      }
    },
    {
      "attributes" : {
        "FID" : 137,
        "PMNTN_SPOT" : 26016,
        "MNTN_CODE" : "291101901",
        "MANAGE_SP1" : "01",
        "MANAGE_SP2" : "시종점",
        "DETAIL_SPO" : "시종점",
        "ETC_MATTER" : "종점",
        "MNTN_NM" : "마집봉",
        "PAST_SPOT_" : "15033520000138",
        "MNTN_ID" : "1503352000"
      },
      "geometry" : {
        "x" : 194614.88659999892,
        "y" : 281594.2650000006
      }
    },
    {
      "attributes" : {
        "FID" : 138,
        "PMNTN_SPOT" : 26017,
        "MNTN_CODE" : "291101901",
        "MANAGE_SP1" : "02",
        "MANAGE_SP2" : "분기점",
        "DETAIL_SPO" : "분기점",
        "ETC_MATTER" : " ",
        "MNTN_NM" : "마집봉",
        "PAST_SPOT_" : "15033520000139",
        "MNTN_ID" : "1503352000"
      },
      "geometry" : {
        "x" : 194717.69480000157,
        "y" : 279825.4160999991
      }
    },
    {
      "attributes" : {
        "FID" : 139,
        "PMNTN_SPOT" : 26018,
        "MNTN_CODE" : "291101901",
        "MANAGE_SP1" : "01",
        "MANAGE_SP2" : "시종점",
        "DETAIL_SPO" : "시종점",
        "ETC_MATTER" : "시점",
        "MNTN_NM" : "마집봉",
        "PAST_SPOT_" : "15033520000140",
        "MNTN_ID" : "1503352000"
      },
      "geometry" : {
        "x" : 194821.84610000066,
        "y" : 278551.65389999934
      }
    },
    {
      "attributes" : {
        "FID" : 140,
        "PMNTN_SPOT" : 26019,
        "MNTN_CODE" : "291101901",
        "MANAGE_SP1" : "02",
        "MANAGE_SP2" : "분기점",
        "DETAIL_SPO" : "분기점",
        "ETC_MATTER" : " ",
        "MNTN_NM" : "마집봉",
        "PAST_SPOT_" : "15033520000141",
        "MNTN_ID" : "1503352000"
      },
      "geometry" : {
        "x" : 194929.65050000418,
        "y" : 278562.42390000075
      }
    },
    {
      "attributes" : {
        "FID" : 141,
        "PMNTN_SPOT" : 26020,
        "MNTN_CODE" : "291101901",
        "MANAGE_SP1" : "02",
        "MANAGE_SP2" : "분기점",
        "DETAIL_SPO" : "분기점",
        "ETC_MATTER" : " ",
        "MNTN_NM" : "마집봉",
        "PAST_SPOT_" : "15033520000142",
        "MNTN_ID" : "1503352000"
      },
      "geometry" : {
        "x" : 194987.25320000015,
        "y" : 280942.12820000388
      }
    },
    {
      "attributes" : {
        "FID" : 142,
        "PMNTN_SPOT" : 26021,
        "MNTN_CODE" : "291101901",
        "MANAGE_SP1" : "01",
        "MANAGE_SP2" : "시종점",
        "DETAIL_SPO" : "시종점,전남철공",
        "ETC_MATTER" : "종점",
        "MNTN_NM" : "마집봉",
        "PAST_SPOT_" : "15033520000143",
        "MNTN_ID" : "1503352000"
      },
      "geometry" : {
        "x" : 194994.44930000138,
        "y" : 280289.4430000037
      }
    },
    {
      "attributes" : {
        "FID" : 143,
        "PMNTN_SPOT" : 26022,
        "MNTN_CODE" : "291101901",
        "MANAGE_SP1" : "01",
        "MANAGE_SP2" : "시종점",
        "DETAIL_SPO" : "시종점",
        "ETC_MATTER" : " ",
        "MNTN_NM" : "마집봉",
        "PAST_SPOT_" : "15033520000144",
        "MNTN_ID" : "1503352000"
      },
      "geometry" : {
        "x" : 195067.33530000225,
        "y" : 280219.06379999965
      }
    },
    {
      "attributes" : {
        "FID" : 144,
        "PMNTN_SPOT" : 26023,
        "MNTN_CODE" : "291101901",
        "MANAGE_SP1" : "99",
        "MANAGE_SP2" : "기타",
        "DETAIL_SPO" : "(무명360고자)",
        "ETC_MATTER" : " ",
        "MNTN_NM" : "마집봉",
        "PAST_SPOT_" : "15033520000145",
        "MNTN_ID" : "1503352000"
      },
      "geometry" : {
        "x" : 195114.75860000029,
        "y" : 280964.98579999991
      }
    },
    {
      "attributes" : {
        "FID" : 145,
        "PMNTN_SPOT" : 26024,
        "MNTN_CODE" : "291101901",
        "MANAGE_SP1" : "02",
        "MANAGE_SP2" : "분기점",
        "DETAIL_SPO" : "분기점",
        "ETC_MATTER" : " ",
        "MNTN_NM" : "마집봉",
        "PAST_SPOT_" : "15033520000146",
        "MNTN_ID" : "1503352000"
      },
      "geometry" : {
        "x" : 195196.89709999971,
        "y" : 280940.1258000005
      }
    },
    {
      "attributes" : {
        "FID" : 146,
        "PMNTN_SPOT" : 26025,
        "MNTN_CODE" : "291101901",
        "MANAGE_SP1" : "99",
        "MANAGE_SP2" : "기타",
        "DETAIL_SPO" : "고지 360",
        "ETC_MATTER" : " ",
        "MNTN_NM" : "마집봉",
        "PAST_SPOT_" : "15033520000147",
        "MNTN_ID" : "1503352000"
      },
      "geometry" : {
        "x" : 195264.84109999891,
        "y" : 279326.13040000014
      }
    },
    {
      "attributes" : {
        "FID" : 147,
        "PMNTN_SPOT" : 26026,
        "MNTN_CODE" : "291101901",
        "MANAGE_SP1" : "02",
        "MANAGE_SP2" : "분기점",
        "DETAIL_SPO" : "분기점",
        "ETC_MATTER" : " ",
        "MNTN_NM" : "마집봉",
        "PAST_SPOT_" : "15033520000148",
        "MNTN_ID" : "1503352000"
      },
      "geometry" : {
        "x" : 195265.46860000398,
        "y" : 278608.50110000186
      }
    },
    {
      "attributes" : {
        "FID" : 148,
        "PMNTN_SPOT" : 26027,
        "MNTN_CODE" : "291101901",
        "MANAGE_SP1" : "02",
        "MANAGE_SP2" : "분기점",
        "DETAIL_SPO" : "분기점",
        "ETC_MATTER" : " ",
        "MNTN_NM" : "마집봉",
        "PAST_SPOT_" : "15033520000149",
        "MNTN_ID" : "1503352000"
      },
      "geometry" : {
        "x" : 195348.40910000075,
        "y" : 280287.36350000277
      }
    },
    {
      "attributes" : {
        "FID" : 149,
        "PMNTN_SPOT" : 26028,
        "MNTN_CODE" : "291101901",
        "MANAGE_SP1" : "01",
        "MANAGE_SP2" : "시종점",
        "DETAIL_SPO" : "시종점",
        "ETC_MATTER" : " ",
        "MNTN_NM" : "마집봉",
        "PAST_SPOT_" : "15033520000150",
        "MNTN_ID" : "1503352000"
      },
      "geometry" : {
        "x" : 195350.66450000275,
        "y" : 278684.23010000028
      }
    },
    {
      "attributes" : {
        "FID" : 150,
        "PMNTN_SPOT" : 26029,
        "MNTN_CODE" : "291101901",
        "MANAGE_SP1" : "02",
        "MANAGE_SP2" : "분기점",
        "DETAIL_SPO" : "분기점",
        "ETC_MATTER" : " ",
        "MNTN_NM" : "마집봉",
        "PAST_SPOT_" : "15033520000151",
        "MNTN_ID" : "1503352000"
      },
      "geometry" : {
        "x" : 195359.97600000072,
        "y" : 279053.9991999995
      }
    },
    {
      "attributes" : {
        "FID" : 151,
        "PMNTN_SPOT" : 26030,
        "MNTN_CODE" : "291101901",
        "MANAGE_SP1" : "01",
        "MANAGE_SP2" : "시종점",
        "DETAIL_SPO" : "시종점",
        "ETC_MATTER" : "종점",
        "MNTN_NM" : "마집봉",
        "PAST_SPOT_" : "15033520000152",
        "MNTN_ID" : "1503352000"
      },
      "geometry" : {
        "x" : 195360.40749999974,
        "y" : 277097.73800000362
      }
    },
    {
      "attributes" : {
        "FID" : 152,
        "PMNTN_SPOT" : 26031,
        "MNTN_CODE" : "291101901",
        "MANAGE_SP1" : "01",
        "MANAGE_SP2" : "시종점",
        "DETAIL_SPO" : "시종점",
        "ETC_MATTER" : "종점",
        "MNTN_NM" : "마집봉",
        "PAST_SPOT_" : "15033520000153",
        "MNTN_ID" : "1503352000"
      },
      "geometry" : {
        "x" : 195448.67750000022,
        "y" : 280279.87800000235
      }
    },
    {
      "attributes" : {
        "FID" : 153,
        "PMNTN_SPOT" : 26032,
        "MNTN_CODE" : "291101901",
        "MANAGE_SP1" : "01",
        "MANAGE_SP2" : "시종점",
        "DETAIL_SPO" : "시종점",
        "ETC_MATTER" : "시점",
        "MNTN_NM" : "마집봉",
        "PAST_SPOT_" : "15033520000154",
        "MNTN_ID" : "1503352000"
      },
      "geometry" : {
        "x" : 195490.07139999978,
        "y" : 278267.34210000001
      }
    },
    {
      "attributes" : {
        "FID" : 154,
        "PMNTN_SPOT" : 26033,
        "MNTN_CODE" : "291101901",
        "MANAGE_SP1" : "02",
        "MANAGE_SP2" : "분기점",
        "DETAIL_SPO" : "분기점",
        "ETC_MATTER" : " ",
        "MNTN_NM" : "마집봉",
        "PAST_SPOT_" : "15033520000155",
        "MNTN_ID" : "1503352000"
      },
      "geometry" : {
        "x" : 195602.3116000006,
        "y" : 280533.19520000182
      }
    },
    {
      "attributes" : {
        "FID" : 155,
        "PMNTN_SPOT" : 26034,
        "MNTN_CODE" : "291101901",
        "MANAGE_SP1" : "02",
        "MANAGE_SP2" : "분기점",
        "DETAIL_SPO" : "분기점",
        "ETC_MATTER" : " ",
        "MNTN_NM" : "마집봉",
        "PAST_SPOT_" : "15033520000156",
        "MNTN_ID" : "1503352000"
      },
      "geometry" : {
        "x" : 195619.74590000231,
        "y" : 278930.05370000377
      }
    },
    {
      "attributes" : {
        "FID" : 156,
        "PMNTN_SPOT" : 26035,
        "MNTN_CODE" : "291101901",
        "MANAGE_SP1" : "02",
        "MANAGE_SP2" : "분기점",
        "DETAIL_SPO" : "분기점",
        "ETC_MATTER" : " ",
        "MNTN_NM" : "마집봉",
        "PAST_SPOT_" : "15033520000157",
        "MNTN_ID" : "1503352000"
      },
      "geometry" : {
        "x" : 195631.11359999888,
        "y" : 280527.63370000012
      }
    },
    {
      "attributes" : {
        "FID" : 157,
        "PMNTN_SPOT" : 26036,
        "MNTN_CODE" : "291101901",
        "MANAGE_SP1" : "01",
        "MANAGE_SP2" : "시종점",
        "DETAIL_SPO" : "시종점",
        "ETC_MATTER" : " ",
        "MNTN_NM" : "마집봉",
        "PAST_SPOT_" : "15033520000158",
        "MNTN_ID" : "1503352000"
      },
      "geometry" : {
        "x" : 195684.73720000219,
        "y" : 277979.35200000182
      }
    },
    {
      "attributes" : {
        "FID" : 158,
        "PMNTN_SPOT" : 26037,
        "MNTN_CODE" : "291101901",
        "MANAGE_SP1" : "02",
        "MANAGE_SP2" : "분기점",
        "DETAIL_SPO" : "분기점",
        "ETC_MATTER" : " ",
        "MNTN_NM" : "마집봉",
        "PAST_SPOT_" : "15033520000159",
        "MNTN_ID" : "1503352000"
      },
      "geometry" : {
        "x" : 195739.64810000081,
        "y" : 278769.12720000185
      }
    },
    {
      "attributes" : {
        "FID" : 159,
        "PMNTN_SPOT" : 26038,
        "MNTN_CODE" : "291101901",
        "MANAGE_SP1" : "02",
        "MANAGE_SP2" : "분기점",
        "DETAIL_SPO" : "분기점",
        "ETC_MATTER" : " ",
        "MNTN_NM" : "마집봉",
        "PAST_SPOT_" : "15033520000160",
        "MNTN_ID" : "1503352000"
      },
      "geometry" : {
        "x" : 195742.7761000013,
        "y" : 278827.31540000252
      }
    },
    {
      "attributes" : {
        "FID" : 160,
        "PMNTN_SPOT" : 26039,
        "MNTN_CODE" : "291101901",
        "MANAGE_SP1" : "99",
        "MANAGE_SP2" : "기타",
        "DETAIL_SPO" : "(무명350고지)",
        "ETC_MATTER" : " ",
        "MNTN_NM" : "마집봉",
        "PAST_SPOT_" : "15033520000161",
        "MNTN_ID" : "1503352000"
      },
      "geometry" : {
        "x" : 195763.47360000014,
        "y" : 280205.16200000234
      }
    },
    {
      "attributes" : {
        "FID" : 161,
        "PMNTN_SPOT" : 26040,
        "MNTN_CODE" : "291101901",
        "MANAGE_SP1" : "02",
        "MANAGE_SP2" : "분기점",
        "DETAIL_SPO" : "분기점",
        "ETC_MATTER" : " ",
        "MNTN_NM" : "마집봉",
        "PAST_SPOT_" : "15033520000162",
        "MNTN_ID" : "1503352000"
      },
      "geometry" : {
        "x" : 195836.43450000323,
        "y" : 277724.32880000025
      }
    },
    {
      "attributes" : {
        "FID" : 162,
        "PMNTN_SPOT" : 26041,
        "MNTN_CODE" : "291101901",
        "MANAGE_SP1" : "01",
        "MANAGE_SP2" : "시종점",
        "DETAIL_SPO" : "시종점",
        "ETC_MATTER" : "길종점",
        "MNTN_NM" : "마집봉",
        "PAST_SPOT_" : "15033520000163",
        "MNTN_ID" : "1503352000"
      },
      "geometry" : {
        "x" : 195915.7452000007,
        "y" : 278275.34630000219
      }
    },
    {
      "attributes" : {
        "FID" : 163,
        "PMNTN_SPOT" : 26042,
        "MNTN_CODE" : "291101901",
        "MANAGE_SP1" : "01",
        "MANAGE_SP2" : "시종점",
        "DETAIL_SPO" : "시종점,미륵사절 및",
        "ETC_MATTER" : "시점",
        "MNTN_NM" : "마집봉",
        "PAST_SPOT_" : "15033520000164",
        "MNTN_ID" : "1503352000"
      },
      "geometry" : {
        "x" : 195944.60470000003,
        "y" : 278378.84300000034
      }
    },
    {
      "attributes" : {
        "FID" : 164,
        "PMNTN_SPOT" : 26043,
        "MNTN_CODE" : "291101901",
        "MANAGE_SP1" : "02",
        "MANAGE_SP2" : "분기점",
        "DETAIL_SPO" : "분기점",
        "ETC_MATTER" : " ",
        "MNTN_NM" : "마집봉",
        "PAST_SPOT_" : "15033520000165",
        "MNTN_ID" : "1503352000"
      },
      "geometry" : {
        "x" : 196225.69519999996,
        "y" : 278156.83139999956
      }
    },
    {
      "attributes" : {
        "FID" : 165,
        "PMNTN_SPOT" : 26044,
        "MNTN_CODE" : "291101901",
        "MANAGE_SP1" : "99",
        "MANAGE_SP2" : "기타",
        "DETAIL_SPO" : "집게봉,돌탑",
        "ETC_MATTER" : " ",
        "MNTN_NM" : "마집봉",
        "PAST_SPOT_" : "15033520000166",
        "MNTN_ID" : "1503352000"
      },
      "geometry" : {
        "x" : 196253.39440000057,
        "y" : 278966.7052000016
      }
    },
    {
      "attributes" : {
        "FID" : 166,
        "PMNTN_SPOT" : 26045,
        "MNTN_CODE" : "291101901",
        "MANAGE_SP1" : "01",
        "MANAGE_SP2" : "시종점",
        "DETAIL_SPO" : "시종점,목계단",
        "ETC_MATTER" : " ",
        "MNTN_NM" : "마집봉",
        "PAST_SPOT_" : "15033520000167",
        "MNTN_ID" : "1503352000"
      },
      "geometry" : {
        "x" : 196275.16860000044,
        "y" : 280218.47039999999
      }
    },
    {
      "attributes" : {
        "FID" : 167,
        "PMNTN_SPOT" : 26046,
        "MNTN_CODE" : "291101901",
        "MANAGE_SP1" : "02",
        "MANAGE_SP2" : "분기점",
        "DETAIL_SPO" : "분기점",
        "ETC_MATTER" : "로프설치요",
        "MNTN_NM" : "마집봉",
        "PAST_SPOT_" : "15033520000168",
        "MNTN_ID" : "1503352000"
      },
      "geometry" : {
        "x" : 196320.20940000098,
        "y" : 278937.05500000715
      }
    },
    {
      "attributes" : {
        "FID" : 168,
        "PMNTN_SPOT" : 26047,
        "MNTN_CODE" : "291101901",
        "MANAGE_SP1" : "01",
        "MANAGE_SP2" : "시종점",
        "DETAIL_SPO" : "시종점석불사",
        "ETC_MATTER" : " ",
        "MNTN_NM" : "마집봉",
        "PAST_SPOT_" : "15033520000169",
        "MNTN_ID" : "1503352000"
      },
      "geometry" : {
        "x" : 196711.93380000256,
        "y" : 278121.4664000012
      }
    },
    {
      "attributes" : {
        "FID" : 169,
        "PMNTN_SPOT" : 26048,
        "MNTN_CODE" : "291101901",
        "MANAGE_SP1" : "14",
        "MANAGE_SP2" : "조망점",
        "DETAIL_SPO" : "조망점,헬기장,마집봉",
        "ETC_MATTER" : " ",
        "MNTN_NM" : "마집봉",
        "PAST_SPOT_" : "15033520000170",
        "MNTN_ID" : "1503352000"
      },
      "geometry" : {
        "x" : 197078.63140000403,
        "y" : 279413.82480000146
      }
    },
    {
      "attributes" : {
        "FID" : 170,
        "PMNTN_SPOT" : 26049,
        "MNTN_CODE" : "291101901",
        "MANAGE_SP1" : "02",
        "MANAGE_SP2" : "분기점",
        "DETAIL_SPO" : "분기점",
        "ETC_MATTER" : "이정표설치요",
        "MNTN_NM" : "마집봉",
        "PAST_SPOT_" : "15033520000171",
        "MNTN_ID" : "1503352000"
      },
      "geometry" : {
        "x" : 197327.96370000113,
        "y" : 279988.87500000186
      }
    },
    {
      "attributes" : {
        "FID" : 171,
        "PMNTN_SPOT" : 26050,
        "MNTN_CODE" : "291101901",
        "MANAGE_SP1" : "01",
        "MANAGE_SP2" : "시종점",
        "DETAIL_SPO" : "시종점",
        "ETC_MATTER" : "시점",
        "MNTN_NM" : "마집봉",
        "PAST_SPOT_" : "15033520000172",
        "MNTN_ID" : "1503352000"
      },
      "geometry" : {
        "x" : 197522.51590000093,
        "y" : 280367.80000000261
      }
    },
    {
      "attributes" : {
        "FID" : 172,
        "PMNTN_SPOT" : 26051,
        "MNTN_CODE" : "291101901",
        "MANAGE_SP1" : "02",
        "MANAGE_SP2" : "분기점",
        "DETAIL_SPO" : "분기점",
        "ETC_MATTER" : " ",
        "MNTN_NM" : "마집봉",
        "PAST_SPOT_" : "15033520000173",
        "MNTN_ID" : "1503352000"
      },
      "geometry" : {
        "x" : 197809.4757999992,
        "y" : 279661.45600000024
      }
    },
    {
      "attributes" : {
        "FID" : 173,
        "PMNTN_SPOT" : 26052,
        "MNTN_CODE" : "291101901",
        "MANAGE_SP1" : "14",
        "MANAGE_SP2" : "조망점",
        "DETAIL_SPO" : "조망점,헬기장,중머리재",
        "ETC_MATTER" : " ",
        "MNTN_NM" : "마집봉",
        "PAST_SPOT_" : "15033520000174",
        "MNTN_ID" : "1503352000"
      },
      "geometry" : {
        "x" : 198548.0016000038,
        "y" : 280275.1472000014
      }
    },
    {
      "attributes" : {
        "FID" : 174,
        "PMNTN_SPOT" : 26053,
        "MNTN_CODE" : "291101901",
        "MANAGE_SP1" : "02",
        "MANAGE_SP2" : "분기점",
        "DETAIL_SPO" : "분기점",
        "ETC_MATTER" : "이정표설치요",
        "MNTN_NM" : "마집봉",
        "PAST_SPOT_" : "15033520000175",
        "MNTN_ID" : "1503352000"
      },
      "geometry" : {
        "x" : 198848.75320000295,
        "y" : 279812.79840000719
      }
    },
    {
      "attributes" : {
        "FID" : 175,
        "PMNTN_SPOT" : 26054,
        "MNTN_CODE" : "291101901",
        "MANAGE_SP1" : "01",
        "MANAGE_SP2" : "시종점",
        "DETAIL_SPO" : "시종점",
        "ETC_MATTER" : " ",
        "MNTN_NM" : "마집봉",
        "PAST_SPOT_" : "15033520000176",
        "MNTN_ID" : "1503352000"
      },
      "geometry" : {
        "x" : 195178.46289999969,
        "y" : 280129.34950000234
      }
    },
    {
      "attributes" : {
        "FID" : 176,
        "PMNTN_SPOT" : 26055,
        "MNTN_CODE" : "291101901",
        "MANAGE_SP1" : "01",
        "MANAGE_SP2" : "시종점",
        "DETAIL_SPO" : "시종점",
        "ETC_MATTER" : " ",
        "MNTN_NM" : "마집봉",
        "PAST_SPOT_" : "15033520000177",
        "MNTN_ID" : "1503352000"
      },
      "geometry" : {
        "x" : 197032.20309999865,
        "y" : 277580.40949999914
      }
    }
  ]
}