{
  "displayFieldName" : "",
  "fieldAliases" : {
    "FID" : "FID",
    "PMNTN_SPOT" : "PMNTN_SPOT",
    "MNTN_CODE" : "MNTN_CODE",
    "MANAGE_SP1" : "MANAGE_SP1",
    "MANAGE_SP2" : "MANAGE_SP2",
    "DETAIL_SPO" : "DETAIL_SPO",
    "ETC_MATTER" : "ETC_MATTER",
    "MNTN_NM" : "MNTN_NM",
    "PAST_SPOT_" : "PAST_SPOT_",
    "MNTN_ID" : "MNTN_ID"
  },
  "geometryType" : "esriGeometryPoint",
  "spatialReference" : {
    "wkt" : "PROJCS[\"PCS_ITRF2000_TM\",GEOGCS[\"GCS_ITRF_2000\",DATUM[\"D_ITRF_2000\",SPHEROID[\"GRS_1980\",6378137.0,298.257222101]],PRIMEM[\"Greenwich\",0.0],UNIT[\"Degree\",0.0174532925199433]],PROJECTION[\"Transverse_Mercator\"],PARAMETER[\"False_Easting\",200000.0],PARAMETER[\"False_Northing\",600000.0],PARAMETER[\"Central_Meridian\",127.0],PARAMETER[\"Scale_Factor\",1.0],PARAMETER[\"Latitude_Of_Origin\",38.0],UNIT[\"Meter\",1.0]]"
  },
  "fields" : [
    {
      "name" : "FID",
      "type" : "esriFieldTypeOID",
      "alias" : "FID"
    },
    {
      "name" : "PMNTN_SPOT",
      "type" : "esriFieldTypeDouble",
      "alias" : "PMNTN_SPOT"
    },
    {
      "name" : "MNTN_CODE",
      "type" : "esriFieldTypeString",
      "alias" : "MNTN_CODE",
      "length" : 9
    },
    {
      "name" : "MANAGE_SP1",
      "type" : "esriFieldTypeString",
      "alias" : "MANAGE_SP1",
      "length" : 2
    },
    {
      "name" : "MANAGE_SP2",
      "type" : "esriFieldTypeString",
      "alias" : "MANAGE_SP2",
      "length" : 50
    },
    {
      "name" : "DETAIL_SPO",
      "type" : "esriFieldTypeString",
      "alias" : "DETAIL_SPO",
      "length" : 200
    },
    {
      "name" : "ETC_MATTER",
      "type" : "esriFieldTypeString",
      "alias" : "ETC_MATTER",
      "length" : 200
    },
    {
      "name" : "MNTN_NM",
      "type" : "esriFieldTypeString",
      "alias" : "MNTN_NM",
      "length" : 50
    },
    {
      "name" : "PAST_SPOT_",
      "type" : "esriFieldTypeString",
      "alias" : "PAST_SPOT_",
      "length" : 14
    },
    {
      "name" : "MNTN_ID",
      "type" : "esriFieldTypeString",
      "alias" : "MNTN_ID",
      "length" : 10
    }
  ],
  "features" : [
    {
      "attributes" : {
        "FID" : 0,
        "PMNTN_SPOT" : 27578,
        "MNTN_CODE" : "431105901",
        "MANAGE_SP1" : "01",
        "MANAGE_SP2" : "시종점",
        "DETAIL_SPO" : "시종점",
        "ETC_MATTER" : " ",
        "MNTN_NM" : "매봉산",
        "PAST_SPOT_" : "4311059010001",
        "MNTN_ID" : "431105901"
      },
      "geometry" : {
        "x" : 241816.01520000212,
        "y" : 447223.29770000279
      }
    },
    {
      "attributes" : {
        "FID" : 1,
        "PMNTN_SPOT" : 27579,
        "MNTN_CODE" : "431105901",
        "MANAGE_SP1" : "01",
        "MANAGE_SP2" : "시종점",
        "DETAIL_SPO" : "시종점",
        "ETC_MATTER" : " ",
        "MNTN_NM" : "매봉산",
        "PAST_SPOT_" : "4311059010002",
        "MNTN_ID" : "431105901"
      },
      "geometry" : {
        "x" : 241915.67130000051,
        "y" : 447300.10920000263
      }
    },
    {
      "attributes" : {
        "FID" : 2,
        "PMNTN_SPOT" : 27580,
        "MNTN_CODE" : "431105901",
        "MANAGE_SP1" : "02",
        "MANAGE_SP2" : "분기점",
        "DETAIL_SPO" : "분기점",
        "ETC_MATTER" : " ",
        "MNTN_NM" : "매봉산",
        "PAST_SPOT_" : "4311059010003",
        "MNTN_ID" : "431105901"
      },
      "geometry" : {
        "x" : 241926.66530000139,
        "y" : 447254.3908000011
      }
    },
    {
      "attributes" : {
        "FID" : 3,
        "PMNTN_SPOT" : 27581,
        "MNTN_CODE" : "431105901",
        "MANAGE_SP1" : "01",
        "MANAGE_SP2" : "시종점",
        "DETAIL_SPO" : "시종점",
        "ETC_MATTER" : " ",
        "MNTN_NM" : "매봉산",
        "PAST_SPOT_" : "4311059010004",
        "MNTN_ID" : "431105901"
      },
      "geometry" : {
        "x" : 242004.17390000075,
        "y" : 447164.99400000274
      }
    },
    {
      "attributes" : {
        "FID" : 4,
        "PMNTN_SPOT" : 27582,
        "MNTN_CODE" : "431105901",
        "MANAGE_SP1" : "01",
        "MANAGE_SP2" : "시종점",
        "DETAIL_SPO" : "시종점",
        "ETC_MATTER" : " ",
        "MNTN_NM" : "매봉산",
        "PAST_SPOT_" : "4311059010005",
        "MNTN_ID" : "431105901"
      },
      "geometry" : {
        "x" : 242025.8144000005,
        "y" : 447554.00800000131
      }
    },
    {
      "attributes" : {
        "FID" : 5,
        "PMNTN_SPOT" : 27583,
        "MNTN_CODE" : "431105901",
        "MANAGE_SP1" : "02",
        "MANAGE_SP2" : "분기점",
        "DETAIL_SPO" : "분기점",
        "ETC_MATTER" : " ",
        "MNTN_NM" : "매봉산",
        "PAST_SPOT_" : "4311059010006",
        "MNTN_ID" : "431105901"
      },
      "geometry" : {
        "x" : 242090.71789999958,
        "y" : 447358.05250000022
      }
    },
    {
      "attributes" : {
        "FID" : 6,
        "PMNTN_SPOT" : 27584,
        "MNTN_CODE" : "431105901",
        "MANAGE_SP1" : "02",
        "MANAGE_SP2" : "분기점",
        "DETAIL_SPO" : "분기점",
        "ETC_MATTER" : " ",
        "MNTN_NM" : "매봉산",
        "PAST_SPOT_" : "4311059010007",
        "MNTN_ID" : "431105901"
      },
      "geometry" : {
        "x" : 242171.79620000068,
        "y" : 447351.72079999931
      }
    },
    {
      "attributes" : {
        "FID" : 7,
        "PMNTN_SPOT" : 27585,
        "MNTN_CODE" : "431105901",
        "MANAGE_SP1" : "02",
        "MANAGE_SP2" : "분기점",
        "DETAIL_SPO" : "분기점",
        "ETC_MATTER" : " ",
        "MNTN_NM" : "매봉산",
        "PAST_SPOT_" : "4311059010008",
        "MNTN_ID" : "431105901"
      },
      "geometry" : {
        "x" : 242304.50620000064,
        "y" : 447277.61979999952
      }
    },
    {
      "attributes" : {
        "FID" : 8,
        "PMNTN_SPOT" : 27586,
        "MNTN_CODE" : "431105901",
        "MANAGE_SP1" : "01",
        "MANAGE_SP2" : "시종점",
        "DETAIL_SPO" : "시종점",
        "ETC_MATTER" : " ",
        "MNTN_NM" : "매봉산",
        "PAST_SPOT_" : "4311059010009",
        "MNTN_ID" : "431105901"
      },
      "geometry" : {
        "x" : 242307.40070000105,
        "y" : 446988.84850000031
      }
    },
    {
      "attributes" : {
        "FID" : 9,
        "PMNTN_SPOT" : 27587,
        "MNTN_CODE" : "431105901",
        "MANAGE_SP1" : "01",
        "MANAGE_SP2" : "시종점",
        "DETAIL_SPO" : "시종점",
        "ETC_MATTER" : " ",
        "MNTN_NM" : "매봉산",
        "PAST_SPOT_" : "4311059010010",
        "MNTN_ID" : "431105901"
      },
      "geometry" : {
        "x" : 242320.28780000005,
        "y" : 447542.78390000202
      }
    },
    {
      "attributes" : {
        "FID" : 10,
        "PMNTN_SPOT" : 27588,
        "MNTN_CODE" : "431105901",
        "MANAGE_SP1" : "02",
        "MANAGE_SP2" : "분기점",
        "DETAIL_SPO" : "분기점",
        "ETC_MATTER" : " ",
        "MNTN_NM" : "매봉산",
        "PAST_SPOT_" : "4311059010011",
        "MNTN_ID" : "431105901"
      },
      "geometry" : {
        "x" : 242389.15790000092,
        "y" : 447106.65699999966
      }
    },
    {
      "attributes" : {
        "FID" : 11,
        "PMNTN_SPOT" : 27589,
        "MNTN_CODE" : "431105901",
        "MANAGE_SP1" : "01",
        "MANAGE_SP2" : "시종점",
        "DETAIL_SPO" : "시종점",
        "ETC_MATTER" : " ",
        "MNTN_NM" : "매봉산",
        "PAST_SPOT_" : "4311059010012",
        "MNTN_ID" : "431105901"
      },
      "geometry" : {
        "x" : 242423.60699999984,
        "y" : 447596.88080000132
      }
    },
    {
      "attributes" : {
        "FID" : 12,
        "PMNTN_SPOT" : 27590,
        "MNTN_CODE" : "431105901",
        "MANAGE_SP1" : "01",
        "MANAGE_SP2" : "시종점",
        "DETAIL_SPO" : "시종점",
        "ETC_MATTER" : " ",
        "MNTN_NM" : "매봉산",
        "PAST_SPOT_" : "4311059010013",
        "MNTN_ID" : "431105901"
      },
      "geometry" : {
        "x" : 242438.11380000133,
        "y" : 446975.57900000177
      }
    },
    {
      "attributes" : {
        "FID" : 13,
        "PMNTN_SPOT" : 27591,
        "MNTN_CODE" : "431105901",
        "MANAGE_SP1" : "02",
        "MANAGE_SP2" : "분기점",
        "DETAIL_SPO" : "분기점",
        "ETC_MATTER" : " ",
        "MNTN_NM" : "매봉산",
        "PAST_SPOT_" : "4311059010014",
        "MNTN_ID" : "431105901"
      },
      "geometry" : {
        "x" : 242438.7667999994,
        "y" : 447279.53180000372
      }
    },
    {
      "attributes" : {
        "FID" : 14,
        "PMNTN_SPOT" : 27592,
        "MNTN_CODE" : "431105901",
        "MANAGE_SP1" : "02",
        "MANAGE_SP2" : "분기점",
        "DETAIL_SPO" : "분기점",
        "ETC_MATTER" : " ",
        "MNTN_NM" : "매봉산",
        "PAST_SPOT_" : "4311059010015",
        "MNTN_ID" : "431105901"
      },
      "geometry" : {
        "x" : 242508.49410000071,
        "y" : 447291.40120000392
      }
    },
    {
      "attributes" : {
        "FID" : 15,
        "PMNTN_SPOT" : 27593,
        "MNTN_CODE" : "431105901",
        "MANAGE_SP1" : "01",
        "MANAGE_SP2" : "시종점",
        "DETAIL_SPO" : "시종점",
        "ETC_MATTER" : " ",
        "MNTN_NM" : "매봉산",
        "PAST_SPOT_" : "4311059010016",
        "MNTN_ID" : "431105901"
      },
      "geometry" : {
        "x" : 242531.38180000149,
        "y" : 447507.64160000347
      }
    },
    {
      "attributes" : {
        "FID" : 16,
        "PMNTN_SPOT" : 27594,
        "MNTN_CODE" : "431105901",
        "MANAGE_SP1" : "02",
        "MANAGE_SP2" : "분기점",
        "DETAIL_SPO" : "분기점",
        "ETC_MATTER" : " ",
        "MNTN_NM" : "매봉산",
        "PAST_SPOT_" : "4311059010017",
        "MNTN_ID" : "431105901"
      },
      "geometry" : {
        "x" : 242535.78220000118,
        "y" : 447335.06770000234
      }
    },
    {
      "attributes" : {
        "FID" : 17,
        "PMNTN_SPOT" : 27595,
        "MNTN_CODE" : "431105901",
        "MANAGE_SP1" : "02",
        "MANAGE_SP2" : "분기점",
        "DETAIL_SPO" : "분기점",
        "ETC_MATTER" : " ",
        "MNTN_NM" : "매봉산",
        "PAST_SPOT_" : "4311059010018",
        "MNTN_ID" : "431105901"
      },
      "geometry" : {
        "x" : 242569.83270000108,
        "y" : 447232.93759999983
      }
    },
    {
      "attributes" : {
        "FID" : 18,
        "PMNTN_SPOT" : 27596,
        "MNTN_CODE" : "431105901",
        "MANAGE_SP1" : "02",
        "MANAGE_SP2" : "분기점",
        "DETAIL_SPO" : "분기점",
        "ETC_MATTER" : " ",
        "MNTN_NM" : "매봉산",
        "PAST_SPOT_" : "4311059010019",
        "MNTN_ID" : "431105901"
      },
      "geometry" : {
        "x" : 242609.09490000177,
        "y" : 447222.53460000269
      }
    },
    {
      "attributes" : {
        "FID" : 19,
        "PMNTN_SPOT" : 27597,
        "MNTN_CODE" : "431105901",
        "MANAGE_SP1" : "02",
        "MANAGE_SP2" : "분기점",
        "DETAIL_SPO" : "분기점",
        "ETC_MATTER" : " ",
        "MNTN_NM" : "매봉산",
        "PAST_SPOT_" : "4311059010020",
        "MNTN_ID" : "431105901"
      },
      "geometry" : {
        "x" : 242627.03150000051,
        "y" : 447345.04810000211
      }
    },
    {
      "attributes" : {
        "FID" : 20,
        "PMNTN_SPOT" : 27598,
        "MNTN_CODE" : "431105901",
        "MANAGE_SP1" : "01",
        "MANAGE_SP2" : "시종점",
        "DETAIL_SPO" : "시종점",
        "ETC_MATTER" : " ",
        "MNTN_NM" : "매봉산",
        "PAST_SPOT_" : "4311059010021",
        "MNTN_ID" : "431105901"
      },
      "geometry" : {
        "x" : 242646.54380000103,
        "y" : 446948.07550000027
      }
    },
    {
      "attributes" : {
        "FID" : 21,
        "PMNTN_SPOT" : 27599,
        "MNTN_CODE" : "431105901",
        "MANAGE_SP1" : "01",
        "MANAGE_SP2" : "시종점",
        "DETAIL_SPO" : "시종점",
        "ETC_MATTER" : " ",
        "MNTN_NM" : "매봉산",
        "PAST_SPOT_" : "4311059010022",
        "MNTN_ID" : "431105901"
      },
      "geometry" : {
        "x" : 242751.00270000007,
        "y" : 447411.98060000129
      }
    },
    {
      "attributes" : {
        "FID" : 22,
        "PMNTN_SPOT" : 27600,
        "MNTN_CODE" : "431105901",
        "MANAGE_SP1" : "01",
        "MANAGE_SP2" : "시종점",
        "DETAIL_SPO" : "시종점",
        "ETC_MATTER" : " ",
        "MNTN_NM" : "매봉산",
        "PAST_SPOT_" : "4311059010023",
        "MNTN_ID" : "431105901"
      },
      "geometry" : {
        "x" : 242829.41630000062,
        "y" : 446992.30180000141
      }
    }
  ]
}