{
  "displayFieldName" : "",
  "fieldAliases" : {
    "FID" : "FID",
    "PMNTN_SN" : "PMNTN_SN",
    "MNTN_CODE" : "MNTN_CODE",
    "MNTN_NM" : "MNTN_NM",
    "PMNTN_NM" : "PMNTN_NM",
    "PMNTN_MAIN" : "PMNTN_MAIN",
    "PMNTN_LT" : "PMNTN_LT",
    "PMNTN_DFFL" : "PMNTN_DFFL",
    "PMNTN_UPPL" : "PMNTN_UPPL",
    "PMNTN_GODN" : "PMNTN_GODN",
    "PMNTN_MTRQ" : "PMNTN_MTRQ",
    "PMNTN_CNRL" : "PMNTN_CNRL",
    "PMNTN_CLS_" : "PMNTN_CLS_",
    "PMNTN_RISK" : "PMNTN_RISK",
    "PMNTN_RECO" : "PMNTN_RECO",
    "DATA_STDR_" : "DATA_STDR_",
    "MNTN_ID" : "MNTN_ID"
  },
  "geometryType" : "esriGeometryPolyline",
  "spatialReference" : {
    "wkt" : "PROJCS[\"PCS_ITRF2000_TM\",GEOGCS[\"GCS_ITRF_2000\",DATUM[\"D_ITRF_2000\",SPHEROID[\"GRS_1980\",6378137.0,298.257222101]],PRIMEM[\"Greenwich\",0.0],UNIT[\"Degree\",0.0174532925199433]],PROJECTION[\"Transverse_Mercator\"],PARAMETER[\"False_Easting\",200000.0],PARAMETER[\"False_Northing\",600000.0],PARAMETER[\"Central_Meridian\",127.0],PARAMETER[\"Scale_Factor\",1.0],PARAMETER[\"Latitude_Of_Origin\",38.0],UNIT[\"Meter\",1.0]]"
  },
  "fields" : [
    {
      "name" : "FID",
      "type" : "esriFieldTypeOID",
      "alias" : "FID"
    },
    {
      "name" : "PMNTN_SN",
      "type" : "esriFieldTypeDouble",
      "alias" : "PMNTN_SN"
    },
    {
      "name" : "MNTN_CODE",
      "type" : "esriFieldTypeString",
      "alias" : "MNTN_CODE",
      "length" : 9
    },
    {
      "name" : "MNTN_NM",
      "type" : "esriFieldTypeString",
      "alias" : "MNTN_NM",
      "length" : 50
    },
    {
      "name" : "PMNTN_NM",
      "type" : "esriFieldTypeString",
      "alias" : "PMNTN_NM",
      "length" : 50
    },
    {
      "name" : "PMNTN_MAIN",
      "type" : "esriFieldTypeString",
      "alias" : "PMNTN_MAIN",
      "length" : 200
    },
    {
      "name" : "PMNTN_LT",
      "type" : "esriFieldTypeSingle",
      "alias" : "PMNTN_LT"
    },
    {
      "name" : "PMNTN_DFFL",
      "type" : "esriFieldTypeString",
      "alias" : "PMNTN_DFFL",
      "length" : 8
    },
    {
      "name" : "PMNTN_UPPL",
      "type" : "esriFieldTypeDouble",
      "alias" : "PMNTN_UPPL"
    },
    {
      "name" : "PMNTN_GODN",
      "type" : "esriFieldTypeDouble",
      "alias" : "PMNTN_GODN"
    },
    {
      "name" : "PMNTN_MTRQ",
      "type" : "esriFieldTypeString",
      "alias" : "PMNTN_MTRQ",
      "length" : 200
    },
    {
      "name" : "PMNTN_CNRL",
      "type" : "esriFieldTypeString",
      "alias" : "PMNTN_CNRL",
      "length" : 1
    },
    {
      "name" : "PMNTN_CLS_",
      "type" : "esriFieldTypeString",
      "alias" : "PMNTN_CLS_",
      "length" : 1
    },
    {
      "name" : "PMNTN_RISK",
      "type" : "esriFieldTypeString",
      "alias" : "PMNTN_RISK",
      "length" : 200
    },
    {
      "name" : "PMNTN_RECO",
      "type" : "esriFieldTypeString",
      "alias" : "PMNTN_RECO",
      "length" : 1
    },
    {
      "name" : "DATA_STDR_",
      "type" : "esriFieldTypeString",
      "alias" : "DATA_STDR_",
      "length" : 10
    },
    {
      "name" : "MNTN_ID",
      "type" : "esriFieldTypeString",
      "alias" : "MNTN_ID",
      "length" : 10
    }
  ],
  "features" : [
    {
      "attributes" : {
        "FID" : 0,
        "PMNTN_SN" : 38967,
        "MNTN_CODE" : "472503201",
        "MNTN_NM" : "오봉산",
        "PMNTN_NM" : "신흥리 서당마-신흥리 돗질구간",
        "PMNTN_MAIN" : " ",
        "PMNTN_LT" : 1.08,
        "PMNTN_DFFL" : "쉬움",
        "PMNTN_UPPL" : 19,
        "PMNTN_GODN" : 13,
        "PMNTN_MTRQ" : "토사",
        "PMNTN_CNRL" : " ",
        "PMNTN_CLS_" : " ",
        "PMNTN_RISK" : " ",
        "PMNTN_RECO" : " ",
        "DATA_STDR_" : "2016-12-31",
        "MNTN_ID" : "472503201"
      },
      "geometry" : {
        "paths" : [
          [
            [
              305352.17710000277,
              439328.63859999925
            ],
            [
              305337.31940000132,
              439318.37540000118
            ],
            [
              305319.24580000155,
              439298.45949999988
            ],
            [
              305297.63269999903,
              439289.64049999975
            ],
            [
              305294.87080000527,
              439285.83540000021
            ],
            [
              305293.8955000015,
              439281.0242999997
            ],
            [
              305286.30810000002,
              439272.12830000184
            ],
            [
              305284.4841999989,
              439266.83500000462
            ],
            [
              305284.99590000417,
              439252.59019999765
            ],
            [
              305283.91400000174,
              439244.72670000233
            ],
            [
              305276.61800000258,
              439239.15049999952
            ],
            [
              305270.17239999957,
              439236.02630000003
            ],
            [
              305257.79779999983,
              439233.71880000271
            ],
            [
              305246.75300000329,
              439227.96890000254
            ],
            [
              305235.30650000367,
              439215.5476000011
            ],
            [
              305230.60199999996,
              439204.49190000258
            ],
            [
              305221.59250000305,
              439187.78480000049
            ],
            [
              305202.88329999987,
              439167.19390000217
            ],
            [
              305186.77850000095,
              439157.10860000178
            ],
            [
              305175.94230000023,
              439152.86560000107
            ],
            [
              305163.35090000182,
              439152.31620000303
            ],
            [
              305152.63230000436,
              439150.21880000457
            ],
            [
              305137.42400000058,
              439149.68169999868
            ],
            [
              305129.115600002,
              439150.79659999907
            ],
            [
              305122.33770000283,
              439155.18009999953
            ],
            [
              305103.15490000322,
              439159.7145000007
            ],
            [
              305078.89780000411,
              439168.97210000083
            ],
            [
              305066.6948000025,
              439168.60470000282
            ],
            [
              305061.01300000399,
              439165.66330000199
            ],
            [
              305056.82949999999,
              439161.23090000264
            ],
            [
              305054.5352000026,
              439155.73279999942
            ],
            [
              305059.21840000246,
              439138.25740000233
            ],
            [
              305059.25250000414,
              439132.39800000191
            ],
            [
              305054.67760000098,
              439114.91630000062
            ],
            [
              305050.48649999965,
              439109.70300000161
            ],
            [
              305034.82150000334,
              439097.49929999933
            ],
            [
              305022.50500000361,
              439091.19349999912
            ],
            [
              305003.62140000332,
              439088.98460000753
            ],
            [
              304997.66650000308,
              439089.11800000444
            ],
            [
              304991.02670000214,
              439091.69300000183
            ],
            [
              304983.88790000323,
              439094.21139999852
            ],
            [
              304981.03220000211,
              439097.65120000206
            ],
            [
              304973.6928000031,
              439100.08950000256
            ],
            [
              304966.34750000294,
              439100.17170000076
            ],
            [
              304958.71210000012,
              439096.5504999999
            ],
            [
              304949.44460000284,
              439086.3628000021
            ],
            [
              304946.89630000014,
              439080.78170000017
            ],
            [
              304943.41390000284,
              439078.33710000105
            ],
            [
              304936.64700000267,
              439076.76999999955
            ],
            [
              304930.44460000284,
              439073.76339999959
            ],
            [
              304933.68300000113,
              439060.02019999921
            ],
            [
              304942.21880000271,
              439040.87349999882
            ],
            [
              304960.70560000278,
              439029.24180000089
            ],
            [
              304976.39950000215,
              439008.57650000043
            ],
            [
              304984.3850000035,
              439001.18960000202
            ],
            [
              305009.9112000009,
              438984.56990000419
            ],
            [
              305012.87920000311,
              438978.15479999967
            ],
            [
              305030.64699999988,
              438954.12100000121
            ],
            [
              305033.03810000233,
              438949.0268000029
            ],
            [
              305033.51820000261,
              438936.72639999911
            ],
            [
              305038.82150000334,
              438932.4319000002
            ],
            [
              305040.51650000084,
              438925.25970000029
            ],
            [
              305042.37009999994,
              438922.1425999999
            ],
            [
              305045.38220000174,
              438921.13010000065
            ],
            [
              305046.49450000282,
              438915.65919999965
            ],
            [
              305052.9467999991,
              438916.47120000236
            ],
            [
              305059.93800000288,
              438912.51760000177
            ],
            [
              305059.89039999899,
              438908.53769999929
            ],
            [
              305063.28539999947,
              438903.70680000074
            ],
            [
              305066.98810000345,
              438892.42280000262
            ],
            [
              305070.013199999,
              438889.87700000033
            ],
            [
              305076.57460000087,
              438886.36710000038
            ],
            [
              305082.03590000235,
              438885.91910000145
            ],
            [
              305088.37270000204,
              438882.02380000055
            ],
            [
              305091.76869999897,
              438878.32590000145
            ],
            [
              305097.16470000148,
              438871.4037000034
            ],
            [
              305108.70050000306,
              438865.81950000301
            ],
            [
              305112.73810000252,
              438862.05350000039
            ],
            [
              305120.44430000149,
              438845.58650000207
            ],
            [
              305121.97740000021,
              438831.71279999986
            ],
            [
              305126.80840000231,
              438820.60110000148
            ],
            [
              305135.16490000114,
              438810.17840000056
            ],
            [
              305141.88060000353,
              438806.66200000048
            ],
            [
              305148.4354000017,
              438796.43520000018
            ],
            [
              305149.09560000058,
              438786.89740000293
            ],
            [
              305152.12729999889,
              438783.09710000269
            ],
            [
              305156.57100000326,
              438766.18460000306
            ],
            [
              305161.60880000237,
              438754.24610000104
            ],
            [
              305169.34580000304,
              438744.72899999842
            ],
            [
              305173.9119000053,
              438734.33440000191
            ],
            [
              305182.03630000167,
              438730.01010000147
            ],
            [
              305185.61800000072,
              438730.33249999955
            ],
            [
              305188.47490000259,
              438728.75060000271
            ],
            [
              305192.70960000064,
              438722.93960000202
            ],
            [
              305194.66120000184,
              438711.25610000454
            ],
            [
              305192.54350000247,
              438702.52950000018
            ],
            [
              305193.10940000322,
              438697.22499999963
            ]
          ]
        ]
      }
    },
    {
      "attributes" : {
        "FID" : 1,
        "PMNTN_SN" : 38968,
        "MNTN_CODE" : "472503201",
        "MNTN_NM" : "오봉산",
        "PMNTN_NM" : "신흥리 서당마-신흥리 돗질구간",
        "PMNTN_MAIN" : " ",
        "PMNTN_LT" : 1.47,
        "PMNTN_DFFL" : "쉬움",
        "PMNTN_UPPL" : 32,
        "PMNTN_GODN" : 22,
        "PMNTN_MTRQ" : "토사",
        "PMNTN_CNRL" : " ",
        "PMNTN_CLS_" : " ",
        "PMNTN_RISK" : " ",
        "PMNTN_RECO" : " ",
        "DATA_STDR_" : "2016-12-31",
        "MNTN_ID" : "472503201"
      },
      "geometry" : {
        "paths" : [
          [
            [
              305193.10940000322,
              438697.22499999963
            ],
            [
              305209.36520000082,
              438685.4849999994
            ],
            [
              305216.58270000294,
              438674.74819999933
            ],
            [
              305220.64590000361,
              438671.60200000368
            ],
            [
              305235.64950000215,
              438668.85870000161
            ],
            [
              305250.65720000304,
              438660.625
            ],
            [
              305275.89380000252,
              438651.67629999854
            ],
            [
              305285.00950000063,
              438645.03390000202
            ],
            [
              305288.63949999958,
              438640.02140000463
            ],
            [
              305312.42330000177,
              438635.95439999923
            ],
            [
              305331.95520000253,
              438637.8595000077
            ],
            [
              305338.08710000385,
              438633.83960000239
            ],
            [
              305346.56840000302,
              438632.21150000021
            ],
            [
              305351.19200000074,
              438631.51139999926
            ],
            [
              305359.86400000006,
              438625.73100000061
            ],
            [
              305368.0792000005,
              438622.93560000136
            ],
            [
              305383.66280000191,
              438623.70320000127
            ],
            [
              305413.83810000215,
              438615.24760000035
            ],
            [
              305421.29400000162,
              438609.82490000129
            ],
            [
              305423.77210000157,
              438598.30059999973
            ],
            [
              305438.64870000258,
              438581.09329999983
            ],
            [
              305447.30080000218,
              438558.31940000132
            ],
            [
              305456.85330000147,
              438545.19190000184
            ],
            [
              305458.82620000094,
              438540.00910000131
            ],
            [
              305465.33400000166,
              438535.23340000212
            ],
            [
              305467.80320000369,
              438530.78580000252
            ],
            [
              305469.5687000053,
              438531.03490000032
            ],
            [
              305472.89030000381,
              438527.78350000083
            ],
            [
              305481.94900000095,
              438515.33870000765
            ],
            [
              305496.8981999997,
              438504.67120000161
            ],
            [
              305526.85599999968,
              438498.72640000097
            ],
            [
              305543.69060000312,
              438500.57420000248
            ],
            [
              305556.1026999997,
              438509.46320000105
            ],
            [
              305561.32150000241,
              438510.58610000089
            ],
            [
              305569.92220000178,
              438518.8518000003
            ],
            [
              305576.21719999984,
              438534.90909999982
            ],
            [
              305580.70120000187,
              438537.74380000122
            ],
            [
              305585.55939999875,
              438538.12490000017
            ],
            [
              305597.00300000235,
              438534.99470000342
            ],
            [
              305627.67130000144,
              438517.37580000237
            ],
            [
              305633.83990000002,
              438511.88030000217
            ],
            [
              305645.50710000098,
              438507.94310000353
            ],
            [
              305658.31630000193,
              438491.53019999899
            ],
            [
              305664.15120000113,
              438474.86820000224
            ],
            [
              305678.09880000167,
              438468.00430000201
            ],
            [
              305687.41790000349,
              438460.49230000004
            ],
            [
              305706.80069999956,
              438438.34700000286
            ],
            [
              305710.12500000279,
              438433.34820000082
            ],
            [
              305710.94110000134,
              438423.79520000331
            ],
            [
              305714.97690000478,
              438408.63870000094
            ],
            [
              305719.24450000282,
              438399.41210000217
            ],
            [
              305725.17200000212,
              438397.97919999994
            ],
            [
              305731.23210000247,
              438398.91919999942
            ],
            [
              305754.72380000353,
              438407.0877000019
            ],
            [
              305766.24310000148,
              438406.12380000018
            ],
            [
              305774.91650000308,
              438415.55540000461
            ],
            [
              305782.55510000139,
              438427.41530000232
            ],
            [
              305788.97000000253,
              438438.38570000045
            ],
            [
              305793.25390000269,
              438448.43010000139
            ],
            [
              305785.53260000236,
              438457.98670000024
            ],
            [
              305768.61890000384,
              438473.30010000058
            ],
            [
              305765.83820000198,
              438478.92820000276
            ],
            [
              305755.64460000396,
              438508.98330000229
            ],
            [
              305745.38289999962,
              438548.9439000003
            ],
            [
              305739.48770000413,
              438577.5754000023
            ],
            [
              305737.57050000038,
              438601.78580000438
            ],
            [
              305743.02100000344,
              438653.289900003
            ],
            [
              305728.27010000404,
              438682.06509999931
            ],
            [
              305717.0559000019,
              438688.63810000196
            ],
            [
              305710.35380000062,
              438689.42109999806
            ],
            [
              305704.87310000323,
              438693.7173999995
            ],
            [
              305701.27830000035,
              438713.98200000077
            ],
            [
              305702.22770000249,
              438739.87390000187
            ],
            [
              305687.93420000002,
              438769.13069999963
            ],
            [
              305680.80590000376,
              438788.71790000424
            ],
            [
              305671.35110000148,
              438801.64800000191
            ],
            [
              305667.75770000275,
              438811.96370000392
            ],
            [
              305665.04040000122,
              438816.26420000196
            ],
            [
              305660.03130000178,
              438818.1203000024
            ],
            [
              305643.14650000446,
              438816.57349999994
            ],
            [
              305638.25420000125,
              438819.48650000431
            ],
            [
              305632.49500000197,
              438829.07120000198
            ],
            [
              305626.23949999828,
              438860.92000000179
            ],
            [
              305617.62350000255,
              438882.95790000446
            ],
            [
              305618.3518000003,
              438901.55470000207
            ],
            [
              305609.05940000061,
              438938.54499999993
            ],
            [
              305616.40910000261,
              438957.23840000294
            ],
            [
              305623.88020000234,
              438968.42559999973
            ],
            [
              305655.94639999792,
              439002.53280000016
            ],
            [
              305676.97730000224,
              439020.25630000234
            ]
          ]
        ]
      }
    },
    {
      "attributes" : {
        "FID" : 2,
        "PMNTN_SN" : 38969,
        "MNTN_CODE" : "472503201",
        "MNTN_NM" : "오봉산",
        "PMNTN_NM" : "공검역곡리 제실~함창신흥리구간",
        "PMNTN_MAIN" : " ",
        "PMNTN_LT" : 0.74,
        "PMNTN_DFFL" : "쉬움",
        "PMNTN_UPPL" : 14,
        "PMNTN_GODN" : 10,
        "PMNTN_MTRQ" : "토사",
        "PMNTN_CNRL" : " ",
        "PMNTN_CLS_" : " ",
        "PMNTN_RISK" : " ",
        "PMNTN_RECO" : " ",
        "DATA_STDR_" : "2016-12-31",
        "MNTN_ID" : "472503201"
      },
      "geometry" : {
        "paths" : [
          [
            [
              304785.94680000003,
              438376.8310000021
            ],
            [
              304783.05390000064,
              438381.81210000068
            ],
            [
              304765.55000000168,
              438401.33150000125
            ],
            [
              304764.46729999967,
              438405.89900000021
            ],
            [
              304759.44110000134,
              438412.9506000001
            ],
            [
              304757.48570000101,
              438421.3275000006
            ],
            [
              304739.03380000405,
              438443.02940000035
            ],
            [
              304736.98720000405,
              438451.34070000052
            ],
            [
              304734.91150000039,
              438453.96810000017
            ],
            [
              304731.04770000372,
              438454.25219999999
            ],
            [
              304723.46610000357,
              438472.55460000224
            ],
            [
              304724.3749000039,
              438484.04619999975
            ],
            [
              304727.31880000234,
              438487.77010000125
            ],
            [
              304732.52250000089,
              438515.13409999944
            ],
            [
              304734.86210000049,
              438522.1229000017
            ],
            [
              304742.00200000219,
              438529.6911999993
            ],
            [
              304751.30940000154,
              438535.60129999928
            ],
            [
              304780.15270000231,
              438544.93630000204
            ],
            [
              304795.11419999972,
              438544.90399999917
            ],
            [
              304795.75670000259,
              438548.43229999952
            ],
            [
              304803.08220000286,
              438552.47020000219
            ],
            [
              304806.35689999908,
              438557.79539999925
            ],
            [
              304809.87500000093,
              438557.3617000021
            ],
            [
              304817.78560000379,
              438563.56510000303
            ],
            [
              304822.05620000139,
              438571.06550000049
            ],
            [
              304828.31730000209,
              438571.32210000232
            ],
            [
              304833.54980000202,
              438574.41980000027
            ],
            [
              304834.88859999925,
              438578.94930000231
            ],
            [
              304839.37590000033,
              438582.23830000311
            ],
            [
              304848.2762000002,
              438594.06579999998
            ],
            [
              304855.26380000263,
              438594.44840000197
            ],
            [
              304858.63070000242,
              438592.54030000046
            ],
            [
              304864.61010000389,
              438601.595900001
            ],
            [
              304867.24350000173,
              438593.33410000056
            ],
            [
              304875.46310000122,
              438591.54209999926
            ],
            [
              304879.4570000032,
              438592.98180000298
            ],
            [
              304882.47759999987,
              438597.20579999872
            ],
            [
              304889.60810000356,
              438593.22480000183
            ],
            [
              304902.22810000274,
              438591.23640000075
            ],
            [
              304908.87430000212,
              438587.56110000238
            ],
            [
              304914.77700000256,
              438587.24110000208
            ],
            [
              304920.16340000182,
              438593.34360000119
            ],
            [
              304923.75390000269,
              438588.33359999955
            ],
            [
              304928.97780000325,
              438585.96010000259
            ],
            [
              304946.60010000132,
              438580.24890000001
            ],
            [
              304971.09800000116,
              438584.09680000134
            ],
            [
              304984.00710000191,
              438588.38180000335
            ],
            [
              305004.09290000238,
              438600.70990000293
            ],
            [
              305033.15670000203,
              438606.20959999971
            ],
            [
              305037.03479999956,
              438610.81290000118
            ],
            [
              305041.2226000037,
              438611.4867000021
            ],
            [
              305050.54020000249,
              438618.37220000289
            ],
            [
              305057.75279999897,
              438631.60100000165
            ],
            [
              305069.66210000217,
              438643.57520000078
            ],
            [
              305077.23980000149,
              438647.82000000216
            ],
            [
              305088.97490000166,
              438663.47860000096
            ],
            [
              305096.95210000221,
              438655.6080000028
            ],
            [
              305097.82150000241,
              438660.40440000221
            ],
            [
              305105.22439999972,
              438660.32390000485
            ],
            [
              305107.94820000045,
              438664.38949999958
            ],
            [
              305112.41260000225,
              438665.31580000184
            ],
            [
              305114.40650000237,
              438667.5120000001
            ],
            [
              305117.44880000129,
              438679.5064000003
            ],
            [
              305123.07219999935,
              438680.24990000017
            ],
            [
              305130.54480000027,
              438682.70009999909
            ],
            [
              305137.60240000207,
              438682.64770000242
            ],
            [
              305136.81530000363,
              438684.72400000133
            ],
            [
              305146.74520000163,
              438684.66340000182
            ],
            [
              305158.62200000137,
              438694.52860000357
            ],
            [
              305193.10940000322,
              438697.22499999963
            ]
          ]
        ]
      }
    },
    {
      "attributes" : {
        "FID" : 3,
        "PMNTN_SN" : 38970,
        "MNTN_CODE" : "472503201",
        "MNTN_NM" : "오봉산",
        "PMNTN_NM" : "신흥리 서당마-신흥리 돗질구간",
        "PMNTN_MAIN" : " ",
        "PMNTN_LT" : 0.17,
        "PMNTN_DFFL" : "쉬움",
        "PMNTN_UPPL" : 3,
        "PMNTN_GODN" : 2,
        "PMNTN_MTRQ" : "토사",
        "PMNTN_CNRL" : " ",
        "PMNTN_CLS_" : " ",
        "PMNTN_RISK" : " ",
        "PMNTN_RECO" : " ",
        "DATA_STDR_" : "2016-12-31",
        "MNTN_ID" : "472503201"
      },
      "geometry" : {
        "paths" : [
          [
            [
              305470.52890000399,
              439433.65970000066
            ],
            [
              305466.95040000137,
              439427.85860000178
            ],
            [
              305465.03060000204,
              439419.03240000084
            ],
            [
              305464.14960000105,
              439413.54210000113
            ],
            [
              305463.17060000263,
              439407.44110000134
            ],
            [
              305458.59170000255,
              439403.23120000213
            ],
            [
              305447.64790000487,
              439403.52180000022
            ],
            [
              305437.28600000218,
              439400.11520000361
            ],
            [
              305431.00580000225,
              439391.24200000241
            ],
            [
              305414.63750000391,
              439386.86220000125
            ],
            [
              305410.0483000027,
              439383.86209999956
            ],
            [
              305400.42310000211,
              439369.66660000198
            ],
            [
              305389.30930000264,
              439360.07950000092
            ],
            [
              305376.9859000016,
              439349.44910000637
            ],
            [
              305368.24880000297,
              439338.2006000001
            ],
            [
              305352.17710000277,
              439328.63859999925
            ]
          ]
        ]
      }
    },
    {
      "attributes" : {
        "FID" : 4,
        "PMNTN_SN" : 38971,
        "MNTN_CODE" : "472503201",
        "MNTN_NM" : "오봉산",
        "PMNTN_NM" : "신흥리 서당마-신흥리 돗질구간",
        "PMNTN_MAIN" : "오봉산고분",
        "PMNTN_LT" : 0.04,
        "PMNTN_DFFL" : "쉬움",
        "PMNTN_UPPL" : 1,
        "PMNTN_GODN" : 0,
        "PMNTN_MTRQ" : "토사",
        "PMNTN_CNRL" : " ",
        "PMNTN_CLS_" : " ",
        "PMNTN_RISK" : " ",
        "PMNTN_RECO" : " ",
        "DATA_STDR_" : "2016-12-31",
        "MNTN_ID" : "472503201"
      },
      "geometry" : {
        "paths" : [
          [
            [
              305509.52550000045,
              439434.91220000014
            ],
            [
              305496.42729999963,
              439433.85950000025
            ],
            [
              305490.83800000325,
              439435.17700000107
            ],
            [
              305482.20120000374,
              439435.61190000176
            ],
            [
              305475.98240000103,
              439434.42940000072
            ],
            [
              305470.52890000399,
              439433.65970000066
            ]
          ]
        ]
      }
    },
    {
      "attributes" : {
        "FID" : 5,
        "PMNTN_SN" : 38972,
        "MNTN_CODE" : "472503201",
        "MNTN_NM" : "오봉산",
        "PMNTN_NM" : "신흥리 서당마-신흥리 돗질구간",
        "PMNTN_MAIN" : " ",
        "PMNTN_LT" : 0.22,
        "PMNTN_DFFL" : "쉬움",
        "PMNTN_UPPL" : 4,
        "PMNTN_GODN" : 3,
        "PMNTN_MTRQ" : "토사",
        "PMNTN_CNRL" : " ",
        "PMNTN_CLS_" : " ",
        "PMNTN_RISK" : " ",
        "PMNTN_RECO" : " ",
        "DATA_STDR_" : "2016-12-31",
        "MNTN_ID" : "472503201"
      },
      "geometry" : {
        "paths" : [
          [
            [
              305470.52890000399,
              439433.65970000066
            ],
            [
              305467.27010000218,
              439445.20720000193
            ],
            [
              305455.50190000143,
              439454.56840000115
            ],
            [
              305447.33720000274,
              439455.55870000087
            ],
            [
              305438.75390000083,
              439460.30580000207
            ],
            [
              305427.02900000568,
              439458.14919999801
            ],
            [
              305408.22710000351,
              439447.98580000736
            ],
            [
              305397.01680000126,
              439444.72729999945
            ],
            [
              305389.75449999981,
              439439.91019999981
            ],
            [
              305386.53480000235,
              439421.96220000088
            ],
            [
              305385.71960000414,
              439411.34930000082
            ],
            [
              305386.5867999997,
              439397.07450000197
            ],
            [
              305387.31440000143,
              439387.49449999817
            ],
            [
              305383.88009999972,
              439375.76760000177
            ],
            [
              305380.01320000272,
              439365.67290000245
            ],
            [
              305373.23010000307,
              439354.76520000212
            ],
            [
              305360.53150000144,
              439339.44110000134
            ],
            [
              305354.48820000235,
              439333.81149999984
            ],
            [
              305352.17710000277,
              439328.63859999925
            ]
          ]
        ]
      }
    }
  ]
}