{
  "displayFieldName" : "",
  "fieldAliases" : {
    "FID" : "FID",
    "SAFE_SPOT1" : "SAFE_SPOT1",
    "SAFE_SPOT2" : "SAFE_SPOT2",
    "SAFE_SPOT3" : "SAFE_SPOT3",
    "MGC" : "MGC",
    "ETC_MATTER" : "ETC_MATTER",
    "MNTN_NM" : "MNTN_NM"
  },
  "geometryType" : "esriGeometryPoint",
  "spatialReference" : {
    "wkt" : "PROJCS[\"PCS_ITRF2000_TM\",GEOGCS[\"GCS_ITRF_2000\",DATUM[\"D_ITRF_2000\",SPHEROID[\"GRS_1980\",6378137.0,298.257222101]],PRIMEM[\"Greenwich\",0.0],UNIT[\"Degree\",0.0174532925199433]],PROJECTION[\"Transverse_Mercator\"],PARAMETER[\"False_Easting\",200000.0],PARAMETER[\"False_Northing\",600000.0],PARAMETER[\"Central_Meridian\",127.0],PARAMETER[\"Scale_Factor\",1.0],PARAMETER[\"Latitude_Of_Origin\",38.0],UNIT[\"Meter\",1.0]]"
  },
  "fields" : [
    {
      "name" : "FID",
      "type" : "esriFieldTypeOID",
      "alias" : "FID"
    },
    {
      "name" : "SAFE_SPOT1",
      "type" : "esriFieldTypeDouble",
      "alias" : "SAFE_SPOT1"
    },
    {
      "name" : "SAFE_SPOT2",
      "type" : "esriFieldTypeString",
      "alias" : "SAFE_SPOT2",
      "length" : 50
    },
    {
      "name" : "SAFE_SPOT3",
      "type" : "esriFieldTypeString",
      "alias" : "SAFE_SPOT3",
      "length" : 50
    },
    {
      "name" : "MGC",
      "type" : "esriFieldTypeString",
      "alias" : "MGC",
      "length" : 50
    },
    {
      "name" : "ETC_MATTER",
      "type" : "esriFieldTypeString",
      "alias" : "ETC_MATTER",
      "length" : 200
    },
    {
      "name" : "MNTN_NM",
      "type" : "esriFieldTypeString",
      "alias" : "MNTN_NM",
      "length" : 50
    }
  ],
  "features" : [
    {
      "attributes" : {
        "FID" : 0,
        "SAFE_SPOT1" : 1174,
        "SAFE_SPOT2" : "산악위치표지판",
        "SAFE_SPOT3" : " ",
        "MGC" : "대구중부소방서",
        "ETC_MATTER" : " ",
        "MNTN_NM" : "앞산"
      },
      "geometry" : {
        "x" : 342447.21610000171,
        "y" : 359142.13770000078
      }
    },
    {
      "attributes" : {
        "FID" : 1,
        "SAFE_SPOT1" : 1175,
        "SAFE_SPOT2" : "산악위치표지판",
        "SAFE_SPOT3" : " ",
        "MGC" : "대구중부소방서",
        "ETC_MATTER" : " ",
        "MNTN_NM" : "앞산"
      },
      "geometry" : {
        "x" : 342207.7890999997,
        "y" : 359039.62060000189
      }
    },
    {
      "attributes" : {
        "FID" : 2,
        "SAFE_SPOT1" : 1176,
        "SAFE_SPOT2" : "산악위치표지판",
        "SAFE_SPOT3" : " ",
        "MGC" : "대구중부소방서",
        "ETC_MATTER" : " ",
        "MNTN_NM" : "앞산"
      },
      "geometry" : {
        "x" : 341970.7304999996,
        "y" : 359415.05430000089
      }
    },
    {
      "attributes" : {
        "FID" : 3,
        "SAFE_SPOT1" : 1177,
        "SAFE_SPOT2" : "산악위치표지판",
        "SAFE_SPOT3" : " ",
        "MGC" : "대구중부소방서",
        "ETC_MATTER" : " ",
        "MNTN_NM" : "앞산"
      },
      "geometry" : {
        "x" : 343055.94770000223,
        "y" : 358923.79879999906
      }
    },
    {
      "attributes" : {
        "FID" : 4,
        "SAFE_SPOT1" : 1178,
        "SAFE_SPOT2" : "산악위치표지판",
        "SAFE_SPOT3" : " ",
        "MGC" : "대구중부소방서",
        "ETC_MATTER" : " ",
        "MNTN_NM" : "앞산"
      },
      "geometry" : {
        "x" : 343141.45840000082,
        "y" : 358915.93219999969
      }
    },
    {
      "attributes" : {
        "FID" : 5,
        "SAFE_SPOT1" : 1179,
        "SAFE_SPOT2" : "산악위치표지판",
        "SAFE_SPOT3" : " ",
        "MGC" : "대구중부소방서",
        "ETC_MATTER" : " ",
        "MNTN_NM" : "앞산"
      },
      "geometry" : {
        "x" : 343203.94000000041,
        "y" : 359089.60730000027
      }
    },
    {
      "attributes" : {
        "FID" : 6,
        "SAFE_SPOT1" : 1180,
        "SAFE_SPOT2" : "산악위치표지판",
        "SAFE_SPOT3" : " ",
        "MGC" : "대구중부소방서",
        "ETC_MATTER" : " ",
        "MNTN_NM" : "앞산"
      },
      "geometry" : {
        "x" : 343440.29850000143,
        "y" : 359999.92420000397
      }
    },
    {
      "attributes" : {
        "FID" : 7,
        "SAFE_SPOT1" : 1181,
        "SAFE_SPOT2" : "산악위치표지판",
        "SAFE_SPOT3" : " ",
        "MGC" : "대구중부소방서",
        "ETC_MATTER" : " ",
        "MNTN_NM" : "앞산"
      },
      "geometry" : {
        "x" : 342366.67870000098,
        "y" : 359933.24200000055
      }
    },
    {
      "attributes" : {
        "FID" : 8,
        "SAFE_SPOT1" : 1182,
        "SAFE_SPOT2" : "산악위치표지판",
        "SAFE_SPOT3" : " ",
        "MGC" : "대구중부소방서",
        "ETC_MATTER" : " ",
        "MNTN_NM" : "앞산"
      },
      "geometry" : {
        "x" : 342489.29950000159,
        "y" : 359179.81470000185
      }
    },
    {
      "attributes" : {
        "FID" : 9,
        "SAFE_SPOT1" : 1183,
        "SAFE_SPOT2" : "산악위치표지판",
        "SAFE_SPOT3" : " ",
        "MGC" : "대구중부소방서",
        "ETC_MATTER" : " ",
        "MNTN_NM" : "앞산"
      },
      "geometry" : {
        "x" : 343156.58730000071,
        "y" : 358136.10710000433
      }
    },
    {
      "attributes" : {
        "FID" : 10,
        "SAFE_SPOT1" : 1184,
        "SAFE_SPOT2" : "산악위치표지판",
        "SAFE_SPOT3" : " ",
        "MGC" : "대구중부소방서",
        "ETC_MATTER" : " ",
        "MNTN_NM" : "앞산"
      },
      "geometry" : {
        "x" : 343660.89890000224,
        "y" : 358785.60459999926
      }
    },
    {
      "attributes" : {
        "FID" : 11,
        "SAFE_SPOT1" : 1185,
        "SAFE_SPOT2" : "산악위치표지판",
        "SAFE_SPOT3" : " ",
        "MGC" : "대구중부소방서",
        "ETC_MATTER" : " ",
        "MNTN_NM" : "앞산"
      },
      "geometry" : {
        "x" : 344604.08460000064,
        "y" : 359158.63499999978
      }
    },
    {
      "attributes" : {
        "FID" : 12,
        "SAFE_SPOT1" : 1186,
        "SAFE_SPOT2" : "산악위치표지판",
        "SAFE_SPOT3" : " ",
        "MGC" : "대구중부소방서",
        "ETC_MATTER" : " ",
        "MNTN_NM" : "앞산"
      },
      "geometry" : {
        "x" : 344995.63670000061,
        "y" : 360610.503800001
      }
    },
    {
      "attributes" : {
        "FID" : 13,
        "SAFE_SPOT1" : 1187,
        "SAFE_SPOT2" : "산악위치표지판",
        "SAFE_SPOT3" : " ",
        "MGC" : "대구중부소방서",
        "ETC_MATTER" : " ",
        "MNTN_NM" : "앞산"
      },
      "geometry" : {
        "x" : 344919.40540000051,
        "y" : 360298.14709999971
      }
    },
    {
      "attributes" : {
        "FID" : 14,
        "SAFE_SPOT1" : 1188,
        "SAFE_SPOT2" : "산악위치표지판",
        "SAFE_SPOT3" : " ",
        "MGC" : "대구중부소방서",
        "ETC_MATTER" : " ",
        "MNTN_NM" : "앞산"
      },
      "geometry" : {
        "x" : 344882.48100000061,
        "y" : 360130.42620000243
      }
    },
    {
      "attributes" : {
        "FID" : 15,
        "SAFE_SPOT1" : 1189,
        "SAFE_SPOT2" : "산악위치표지판",
        "SAFE_SPOT3" : " ",
        "MGC" : "대구중부소방서",
        "ETC_MATTER" : " ",
        "MNTN_NM" : "앞산"
      },
      "geometry" : {
        "x" : 344795.04650000017,
        "y" : 360256.33499999903
      }
    },
    {
      "attributes" : {
        "FID" : 16,
        "SAFE_SPOT1" : 1190,
        "SAFE_SPOT2" : "산악위치표지판",
        "SAFE_SPOT3" : " ",
        "MGC" : "대구중부소방서",
        "ETC_MATTER" : " ",
        "MNTN_NM" : "앞산"
      },
      "geometry" : {
        "x" : 344779.9112999998,
        "y" : 360352.59500000067
      }
    },
    {
      "attributes" : {
        "FID" : 17,
        "SAFE_SPOT1" : 1191,
        "SAFE_SPOT2" : "산악위치표지판",
        "SAFE_SPOT3" : " ",
        "MGC" : "대구중부소방서",
        "ETC_MATTER" : " ",
        "MNTN_NM" : "앞산"
      },
      "geometry" : {
        "x" : 344571.54660000093,
        "y" : 360519.07620000467
      }
    },
    {
      "attributes" : {
        "FID" : 18,
        "SAFE_SPOT1" : 1192,
        "SAFE_SPOT2" : "산악위치표지판",
        "SAFE_SPOT3" : " ",
        "MGC" : "대구중부소방서",
        "ETC_MATTER" : " ",
        "MNTN_NM" : "앞산"
      },
      "geometry" : {
        "x" : 344380.10670000035,
        "y" : 360602.8973000031
      }
    },
    {
      "attributes" : {
        "FID" : 19,
        "SAFE_SPOT1" : 1193,
        "SAFE_SPOT2" : "산악위치표지판",
        "SAFE_SPOT3" : " ",
        "MGC" : "대구중부소방서",
        "ETC_MATTER" : " ",
        "MNTN_NM" : "앞산"
      },
      "geometry" : {
        "x" : 344365.64340000041,
        "y" : 360596.80279999971
      }
    },
    {
      "attributes" : {
        "FID" : 20,
        "SAFE_SPOT1" : 1194,
        "SAFE_SPOT2" : "산악위치표지판",
        "SAFE_SPOT3" : " ",
        "MGC" : "대구중부소방서",
        "ETC_MATTER" : " ",
        "MNTN_NM" : "앞산"
      },
      "geometry" : {
        "x" : 344320.35049999971,
        "y" : 360587.43010000139
      }
    },
    {
      "attributes" : {
        "FID" : 21,
        "SAFE_SPOT1" : 1195,
        "SAFE_SPOT2" : "산악위치표지판",
        "SAFE_SPOT3" : " ",
        "MGC" : "대구중부소방서",
        "ETC_MATTER" : " ",
        "MNTN_NM" : "앞산"
      },
      "geometry" : {
        "x" : 344323.55619999953,
        "y" : 360514.09960000031
      }
    },
    {
      "attributes" : {
        "FID" : 22,
        "SAFE_SPOT1" : 1196,
        "SAFE_SPOT2" : "산악위치표지판",
        "SAFE_SPOT3" : " ",
        "MGC" : "대구중부소방서",
        "ETC_MATTER" : " ",
        "MNTN_NM" : "앞산"
      },
      "geometry" : {
        "x" : 344275.95139999967,
        "y" : 360569.43890000135
      }
    },
    {
      "attributes" : {
        "FID" : 23,
        "SAFE_SPOT1" : 1197,
        "SAFE_SPOT2" : "산악위치표지판",
        "SAFE_SPOT3" : " ",
        "MGC" : "대구중부소방서",
        "ETC_MATTER" : " ",
        "MNTN_NM" : "앞산"
      },
      "geometry" : {
        "x" : 344211.29880000185,
        "y" : 360607.8505000025
      }
    },
    {
      "attributes" : {
        "FID" : 24,
        "SAFE_SPOT1" : 1198,
        "SAFE_SPOT2" : "산악위치표지판",
        "SAFE_SPOT3" : " ",
        "MGC" : "대구중부소방서",
        "ETC_MATTER" : " ",
        "MNTN_NM" : "앞산"
      },
      "geometry" : {
        "x" : 344125.71750000026,
        "y" : 360620.94650000148
      }
    },
    {
      "attributes" : {
        "FID" : 25,
        "SAFE_SPOT1" : 1199,
        "SAFE_SPOT2" : "산악위치표지판",
        "SAFE_SPOT3" : " ",
        "MGC" : "대구중부소방서",
        "ETC_MATTER" : " ",
        "MNTN_NM" : "앞산"
      },
      "geometry" : {
        "x" : 343953.87820000108,
        "y" : 360642.50500000082
      }
    },
    {
      "attributes" : {
        "FID" : 26,
        "SAFE_SPOT1" : 1200,
        "SAFE_SPOT2" : "산악위치표지판",
        "SAFE_SPOT3" : " ",
        "MGC" : "대구중부소방서",
        "ETC_MATTER" : " ",
        "MNTN_NM" : "앞산"
      },
      "geometry" : {
        "x" : 343884.050400001,
        "y" : 360582.47720000148
      }
    },
    {
      "attributes" : {
        "FID" : 27,
        "SAFE_SPOT1" : 1201,
        "SAFE_SPOT2" : "산악위치표지판",
        "SAFE_SPOT3" : " ",
        "MGC" : "대구중부소방서",
        "ETC_MATTER" : " ",
        "MNTN_NM" : "앞산"
      },
      "geometry" : {
        "x" : 343961.43710000068,
        "y" : 360286.19830000214
      }
    },
    {
      "attributes" : {
        "FID" : 28,
        "SAFE_SPOT1" : 1202,
        "SAFE_SPOT2" : "산악위치표지판",
        "SAFE_SPOT3" : " ",
        "MGC" : "대구중부소방서",
        "ETC_MATTER" : " ",
        "MNTN_NM" : "앞산"
      },
      "geometry" : {
        "x" : 343872.15500000212,
        "y" : 360109.92200000212
      }
    },
    {
      "attributes" : {
        "FID" : 29,
        "SAFE_SPOT1" : 1203,
        "SAFE_SPOT2" : "산악위치표지판",
        "SAFE_SPOT3" : " ",
        "MGC" : "대구중부소방서",
        "ETC_MATTER" : " ",
        "MNTN_NM" : "앞산"
      },
      "geometry" : {
        "x" : 343782.88300000131,
        "y" : 359886.47250000201
      }
    },
    {
      "attributes" : {
        "FID" : 30,
        "SAFE_SPOT1" : 1204,
        "SAFE_SPOT2" : "산악위치표지판",
        "SAFE_SPOT3" : " ",
        "MGC" : "대구중부소방서",
        "ETC_MATTER" : " ",
        "MNTN_NM" : "앞산"
      },
      "geometry" : {
        "x" : 343686.7648,
        "y" : 359713.1707000006
      }
    },
    {
      "attributes" : {
        "FID" : 31,
        "SAFE_SPOT1" : 1205,
        "SAFE_SPOT2" : "산악위치표지판",
        "SAFE_SPOT3" : " ",
        "MGC" : "대구중부소방서",
        "ETC_MATTER" : " ",
        "MNTN_NM" : "앞산"
      },
      "geometry" : {
        "x" : 343444.87530000135,
        "y" : 359671.31949999928
      }
    },
    {
      "attributes" : {
        "FID" : 32,
        "SAFE_SPOT1" : 1206,
        "SAFE_SPOT2" : "산악위치표지판",
        "SAFE_SPOT3" : " ",
        "MGC" : "대구중부소방서",
        "ETC_MATTER" : " ",
        "MNTN_NM" : "앞산"
      },
      "geometry" : {
        "x" : 343442.04040000029,
        "y" : 359846.09619999863
      }
    },
    {
      "attributes" : {
        "FID" : 33,
        "SAFE_SPOT1" : 1207,
        "SAFE_SPOT2" : "산악위치표지판",
        "SAFE_SPOT3" : " ",
        "MGC" : "대구중부소방서",
        "ETC_MATTER" : " ",
        "MNTN_NM" : "앞산"
      },
      "geometry" : {
        "x" : 343387.28590000141,
        "y" : 360001.83940000087
      }
    },
    {
      "attributes" : {
        "FID" : 34,
        "SAFE_SPOT1" : 1208,
        "SAFE_SPOT2" : "산악위치표지판",
        "SAFE_SPOT3" : " ",
        "MGC" : "대구중부소방서",
        "ETC_MATTER" : " ",
        "MNTN_NM" : "앞산"
      },
      "geometry" : {
        "x" : 343434.26719999965,
        "y" : 360201.47370000184
      }
    },
    {
      "attributes" : {
        "FID" : 35,
        "SAFE_SPOT1" : 1209,
        "SAFE_SPOT2" : "산악위치표지판",
        "SAFE_SPOT3" : " ",
        "MGC" : "대구중부소방서",
        "ETC_MATTER" : " ",
        "MNTN_NM" : "앞산"
      },
      "geometry" : {
        "x" : 343465.3386000013,
        "y" : 360437.54140000232
      }
    },
    {
      "attributes" : {
        "FID" : 36,
        "SAFE_SPOT1" : 1210,
        "SAFE_SPOT2" : "산악위치표지판",
        "SAFE_SPOT3" : " ",
        "MGC" : "대구중부소방서",
        "ETC_MATTER" : " ",
        "MNTN_NM" : "앞산"
      },
      "geometry" : {
        "x" : 343405.06830000039,
        "y" : 360577.47020000219
      }
    },
    {
      "attributes" : {
        "FID" : 37,
        "SAFE_SPOT1" : 1211,
        "SAFE_SPOT2" : "산악위치표지판",
        "SAFE_SPOT3" : " ",
        "MGC" : "대구중부소방서",
        "ETC_MATTER" : " ",
        "MNTN_NM" : "앞산"
      },
      "geometry" : {
        "x" : 343238.0185000021,
        "y" : 360582.47050000168
      }
    },
    {
      "attributes" : {
        "FID" : 38,
        "SAFE_SPOT1" : 1212,
        "SAFE_SPOT2" : "산악위치표지판",
        "SAFE_SPOT3" : " ",
        "MGC" : "대구중부소방서",
        "ETC_MATTER" : " ",
        "MNTN_NM" : "앞산"
      },
      "geometry" : {
        "x" : 343238.30180000048,
        "y" : 360549.48379999958
      }
    },
    {
      "attributes" : {
        "FID" : 39,
        "SAFE_SPOT1" : 1213,
        "SAFE_SPOT2" : "산악위치표지판",
        "SAFE_SPOT3" : " ",
        "MGC" : "대구중부소방서",
        "ETC_MATTER" : " ",
        "MNTN_NM" : "앞산"
      },
      "geometry" : {
        "x" : 342907.8629999999,
        "y" : 360488.32909999974
      }
    },
    {
      "attributes" : {
        "FID" : 40,
        "SAFE_SPOT1" : 1214,
        "SAFE_SPOT2" : "산악위치표지판",
        "SAFE_SPOT3" : " ",
        "MGC" : "대구중부소방서",
        "ETC_MATTER" : " ",
        "MNTN_NM" : "앞산"
      },
      "geometry" : {
        "x" : 342757.15880000032,
        "y" : 360460.61160000041
      }
    },
    {
      "attributes" : {
        "FID" : 41,
        "SAFE_SPOT1" : 1215,
        "SAFE_SPOT2" : "산악위치표지판",
        "SAFE_SPOT3" : " ",
        "MGC" : "대구중부소방서",
        "ETC_MATTER" : " ",
        "MNTN_NM" : "앞산"
      },
      "geometry" : {
        "x" : 342604.25169999991,
        "y" : 360444.88599999994
      }
    },
    {
      "attributes" : {
        "FID" : 42,
        "SAFE_SPOT1" : 1216,
        "SAFE_SPOT2" : "산악위치표지판",
        "SAFE_SPOT3" : " ",
        "MGC" : "대구중부소방서",
        "ETC_MATTER" : " ",
        "MNTN_NM" : "앞산"
      },
      "geometry" : {
        "x" : 342368.2117000008,
        "y" : 360399.45790000074
      }
    },
    {
      "attributes" : {
        "FID" : 43,
        "SAFE_SPOT1" : 1217,
        "SAFE_SPOT2" : "산악위치표지판",
        "SAFE_SPOT3" : " ",
        "MGC" : "대구중부소방서",
        "ETC_MATTER" : " ",
        "MNTN_NM" : "앞산"
      },
      "geometry" : {
        "x" : 342223.69470000081,
        "y" : 360345.94980000146
      }
    },
    {
      "attributes" : {
        "FID" : 44,
        "SAFE_SPOT1" : 1218,
        "SAFE_SPOT2" : "산악위치표지판",
        "SAFE_SPOT3" : " ",
        "MGC" : "대구중부소방서",
        "ETC_MATTER" : " ",
        "MNTN_NM" : "앞산"
      },
      "geometry" : {
        "x" : 342180.20260000043,
        "y" : 360271.25180000253
      }
    },
    {
      "attributes" : {
        "FID" : 45,
        "SAFE_SPOT1" : 1219,
        "SAFE_SPOT2" : "산악위치표지판",
        "SAFE_SPOT3" : " ",
        "MGC" : "대구중부소방서",
        "ETC_MATTER" : " ",
        "MNTN_NM" : "앞산"
      },
      "geometry" : {
        "x" : 342120.49060000014,
        "y" : 360158.98570000008
      }
    },
    {
      "attributes" : {
        "FID" : 46,
        "SAFE_SPOT1" : 1220,
        "SAFE_SPOT2" : "산악위치표지판",
        "SAFE_SPOT3" : " ",
        "MGC" : "대구중부소방서",
        "ETC_MATTER" : " ",
        "MNTN_NM" : "앞산"
      },
      "geometry" : {
        "x" : 342020.85770000052,
        "y" : 360265.29940000363
      }
    },
    {
      "attributes" : {
        "FID" : 47,
        "SAFE_SPOT1" : 1221,
        "SAFE_SPOT2" : "산악위치표지판",
        "SAFE_SPOT3" : " ",
        "MGC" : "대구중부소방서",
        "ETC_MATTER" : " ",
        "MNTN_NM" : "앞산"
      },
      "geometry" : {
        "x" : 341944.68350000028,
        "y" : 360333.758100003
      }
    },
    {
      "attributes" : {
        "FID" : 48,
        "SAFE_SPOT1" : 1222,
        "SAFE_SPOT2" : "산악위치표지판",
        "SAFE_SPOT3" : " ",
        "MGC" : "대구중부소방서",
        "ETC_MATTER" : " ",
        "MNTN_NM" : "앞산"
      },
      "geometry" : {
        "x" : 341626.61079999991,
        "y" : 360330.50760000199
      }
    },
    {
      "attributes" : {
        "FID" : 49,
        "SAFE_SPOT1" : 1223,
        "SAFE_SPOT2" : "산악위치표지판",
        "SAFE_SPOT3" : " ",
        "MGC" : "대구중부소방서",
        "ETC_MATTER" : " ",
        "MNTN_NM" : "앞산"
      },
      "geometry" : {
        "x" : 341435.63740000036,
        "y" : 360182.84580000117
      }
    },
    {
      "attributes" : {
        "FID" : 50,
        "SAFE_SPOT1" : 1224,
        "SAFE_SPOT2" : "산악위치표지판",
        "SAFE_SPOT3" : " ",
        "MGC" : "대구중부소방서",
        "ETC_MATTER" : " ",
        "MNTN_NM" : "앞산"
      },
      "geometry" : {
        "x" : 341255.1715000011,
        "y" : 360021.48169999942
      }
    },
    {
      "attributes" : {
        "FID" : 51,
        "SAFE_SPOT1" : 1225,
        "SAFE_SPOT2" : "산악위치표지판",
        "SAFE_SPOT3" : " ",
        "MGC" : "대구중부소방서",
        "ETC_MATTER" : " ",
        "MNTN_NM" : "앞산"
      },
      "geometry" : {
        "x" : 341113.63410000131,
        "y" : 359890.65020000003
      }
    },
    {
      "attributes" : {
        "FID" : 52,
        "SAFE_SPOT1" : 1226,
        "SAFE_SPOT2" : "산악위치표지판",
        "SAFE_SPOT3" : " ",
        "MGC" : "대구중부소방서",
        "ETC_MATTER" : " ",
        "MNTN_NM" : "앞산"
      },
      "geometry" : {
        "x" : 342550.36650000047,
        "y" : 358725.09100000188
      }
    },
    {
      "attributes" : {
        "FID" : 53,
        "SAFE_SPOT1" : 1227,
        "SAFE_SPOT2" : "산악위치표지판",
        "SAFE_SPOT3" : " ",
        "MGC" : "대구중부소방서",
        "ETC_MATTER" : " ",
        "MNTN_NM" : "앞산"
      },
      "geometry" : {
        "x" : 342038.85960000008,
        "y" : 359394.565200001
      }
    },
    {
      "attributes" : {
        "FID" : 54,
        "SAFE_SPOT1" : 1228,
        "SAFE_SPOT2" : "산악위치표지판",
        "SAFE_SPOT3" : " ",
        "MGC" : "대구중부소방서",
        "ETC_MATTER" : " ",
        "MNTN_NM" : "앞산"
      },
      "geometry" : {
        "x" : 342359.57530000154,
        "y" : 359282.55719999969
      }
    },
    {
      "attributes" : {
        "FID" : 55,
        "SAFE_SPOT1" : 1229,
        "SAFE_SPOT2" : "산악위치표지판",
        "SAFE_SPOT3" : " ",
        "MGC" : "대구중부소방서",
        "ETC_MATTER" : " ",
        "MNTN_NM" : "앞산"
      },
      "geometry" : {
        "x" : 342596.38200000115,
        "y" : 359079.79230000079
      }
    },
    {
      "attributes" : {
        "FID" : 56,
        "SAFE_SPOT1" : 1230,
        "SAFE_SPOT2" : "산악위치표지판",
        "SAFE_SPOT3" : " ",
        "MGC" : "대구중부소방서",
        "ETC_MATTER" : " ",
        "MNTN_NM" : "앞산"
      },
      "geometry" : {
        "x" : 342730.66180000082,
        "y" : 358850.71230000071
      }
    },
    {
      "attributes" : {
        "FID" : 57,
        "SAFE_SPOT1" : 1231,
        "SAFE_SPOT2" : "산악위치표지판",
        "SAFE_SPOT3" : " ",
        "MGC" : "대구중부소방서",
        "ETC_MATTER" : " ",
        "MNTN_NM" : "앞산"
      },
      "geometry" : {
        "x" : 342941.36490000039,
        "y" : 358555.03649999946
      }
    },
    {
      "attributes" : {
        "FID" : 58,
        "SAFE_SPOT1" : 1232,
        "SAFE_SPOT2" : "산악위치표지판",
        "SAFE_SPOT3" : " ",
        "MGC" : "대구중부소방서",
        "ETC_MATTER" : " ",
        "MNTN_NM" : "앞산"
      },
      "geometry" : {
        "x" : 343234.85420000087,
        "y" : 358421.03549999744
      }
    },
    {
      "attributes" : {
        "FID" : 59,
        "SAFE_SPOT1" : 1233,
        "SAFE_SPOT2" : "산악위치표지판",
        "SAFE_SPOT3" : " ",
        "MGC" : "대구중부소방서",
        "ETC_MATTER" : " ",
        "MNTN_NM" : "앞산"
      },
      "geometry" : {
        "x" : 343499.82280000113,
        "y" : 358187.91620000452
      }
    },
    {
      "attributes" : {
        "FID" : 60,
        "SAFE_SPOT1" : 1234,
        "SAFE_SPOT2" : "산악위치표지판",
        "SAFE_SPOT3" : " ",
        "MGC" : "대구중부소방서",
        "ETC_MATTER" : " ",
        "MNTN_NM" : "앞산"
      },
      "geometry" : {
        "x" : 343716.16220000014,
        "y" : 358320.9254999999
      }
    },
    {
      "attributes" : {
        "FID" : 61,
        "SAFE_SPOT1" : 1235,
        "SAFE_SPOT2" : "산악위치표지판",
        "SAFE_SPOT3" : " ",
        "MGC" : "대구중부소방서",
        "ETC_MATTER" : " ",
        "MNTN_NM" : "앞산"
      },
      "geometry" : {
        "x" : 343219.91690000053,
        "y" : 359188.53109999932
      }
    },
    {
      "attributes" : {
        "FID" : 62,
        "SAFE_SPOT1" : 1236,
        "SAFE_SPOT2" : "산악위치표지판",
        "SAFE_SPOT3" : " ",
        "MGC" : "대구중부소방서",
        "ETC_MATTER" : " ",
        "MNTN_NM" : "앞산"
      },
      "geometry" : {
        "x" : 343176.35760000069,
        "y" : 358931.91339999996
      }
    },
    {
      "attributes" : {
        "FID" : 63,
        "SAFE_SPOT1" : 1237,
        "SAFE_SPOT2" : "산악위치표지판",
        "SAFE_SPOT3" : " ",
        "MGC" : "대구중부소방서",
        "ETC_MATTER" : " ",
        "MNTN_NM" : "앞산"
      },
      "geometry" : {
        "x" : 343028.31220000051,
        "y" : 358769.18800000101
      }
    },
    {
      "attributes" : {
        "FID" : 64,
        "SAFE_SPOT1" : 1238,
        "SAFE_SPOT2" : "산악위치표지판",
        "SAFE_SPOT3" : " ",
        "MGC" : "대구중부소방서",
        "ETC_MATTER" : " ",
        "MNTN_NM" : "앞산"
      },
      "geometry" : {
        "x" : 342980.58990000188,
        "y" : 358614.25259999931
      }
    },
    {
      "attributes" : {
        "FID" : 65,
        "SAFE_SPOT1" : 1239,
        "SAFE_SPOT2" : "산악위치표지판",
        "SAFE_SPOT3" : " ",
        "MGC" : "대구중부소방서",
        "ETC_MATTER" : " ",
        "MNTN_NM" : "앞산"
      },
      "geometry" : {
        "x" : 342490.92630000133,
        "y" : 359858.16119999997
      }
    },
    {
      "attributes" : {
        "FID" : 66,
        "SAFE_SPOT1" : 1240,
        "SAFE_SPOT2" : "산악위치표지판",
        "SAFE_SPOT3" : " ",
        "MGC" : "대구중부소방서",
        "ETC_MATTER" : " ",
        "MNTN_NM" : "앞산"
      },
      "geometry" : {
        "x" : 342607.37160000112,
        "y" : 359955.61990000121
      }
    },
    {
      "attributes" : {
        "FID" : 67,
        "SAFE_SPOT1" : 1241,
        "SAFE_SPOT2" : "산악위치표지판",
        "SAFE_SPOT3" : " ",
        "MGC" : "대구중부소방서",
        "ETC_MATTER" : " ",
        "MNTN_NM" : "앞산"
      },
      "geometry" : {
        "x" : 342773.07469999883,
        "y" : 360112.45770000108
      }
    },
    {
      "attributes" : {
        "FID" : 68,
        "SAFE_SPOT1" : 1242,
        "SAFE_SPOT2" : "산악위치표지판",
        "SAFE_SPOT3" : " ",
        "MGC" : "대구중부소방서",
        "ETC_MATTER" : " ",
        "MNTN_NM" : "앞산"
      },
      "geometry" : {
        "x" : 342766.49490000121,
        "y" : 359742.35779999942
      }
    },
    {
      "attributes" : {
        "FID" : 69,
        "SAFE_SPOT1" : 1243,
        "SAFE_SPOT2" : "산악위치표지판",
        "SAFE_SPOT3" : " ",
        "MGC" : "대구중부소방서",
        "ETC_MATTER" : " ",
        "MNTN_NM" : "앞산"
      },
      "geometry" : {
        "x" : 342784.37150000222,
        "y" : 359412.73550000042
      }
    },
    {
      "attributes" : {
        "FID" : 70,
        "SAFE_SPOT1" : 1244,
        "SAFE_SPOT2" : "산악위치표지판",
        "SAFE_SPOT3" : " ",
        "MGC" : "대구중부소방서",
        "ETC_MATTER" : " ",
        "MNTN_NM" : "앞산"
      },
      "geometry" : {
        "x" : 342634.36409999989,
        "y" : 359216.06880000234
      }
    },
    {
      "attributes" : {
        "FID" : 71,
        "SAFE_SPOT1" : 1245,
        "SAFE_SPOT2" : "산악위치표지판",
        "SAFE_SPOT3" : " ",
        "MGC" : "대구중부소방서",
        "ETC_MATTER" : " ",
        "MNTN_NM" : "앞산"
      },
      "geometry" : {
        "x" : 342289.92160000093,
        "y" : 360490.0792999994
      }
    },
    {
      "attributes" : {
        "FID" : 72,
        "SAFE_SPOT1" : 1246,
        "SAFE_SPOT2" : "산악위치표지판",
        "SAFE_SPOT3" : " ",
        "MGC" : "대구중부소방서",
        "ETC_MATTER" : " ",
        "MNTN_NM" : "앞산"
      },
      "geometry" : {
        "x" : 342439.55550000072,
        "y" : 360085.49610000104
      }
    },
    {
      "attributes" : {
        "FID" : 73,
        "SAFE_SPOT1" : 1247,
        "SAFE_SPOT2" : "산악위치표지판",
        "SAFE_SPOT3" : " ",
        "MGC" : "대구중부소방서",
        "ETC_MATTER" : " ",
        "MNTN_NM" : "앞산"
      },
      "geometry" : {
        "x" : 342522.64009999949,
        "y" : 359760.00750000402
      }
    },
    {
      "attributes" : {
        "FID" : 74,
        "SAFE_SPOT1" : 1248,
        "SAFE_SPOT2" : "산악위치표지판",
        "SAFE_SPOT3" : " ",
        "MGC" : "대구중부소방서",
        "ETC_MATTER" : " ",
        "MNTN_NM" : "앞산"
      },
      "geometry" : {
        "x" : 342529.96910000034,
        "y" : 359461.04790000059
      }
    },
    {
      "attributes" : {
        "FID" : 75,
        "SAFE_SPOT1" : 1249,
        "SAFE_SPOT2" : "산악위치표지판",
        "SAFE_SPOT3" : " ",
        "MGC" : "대구중부소방서",
        "ETC_MATTER" : " ",
        "MNTN_NM" : "앞산"
      },
      "geometry" : {
        "x" : 342343.6193000013,
        "y" : 359337.79920000024
      }
    },
    {
      "attributes" : {
        "FID" : 76,
        "SAFE_SPOT1" : 1250,
        "SAFE_SPOT2" : "산악위치표지판",
        "SAFE_SPOT3" : " ",
        "MGC" : "대구중부소방서",
        "ETC_MATTER" : " ",
        "MNTN_NM" : "앞산"
      },
      "geometry" : {
        "x" : 341823.90940000024,
        "y" : 360584.33970000036
      }
    },
    {
      "attributes" : {
        "FID" : 77,
        "SAFE_SPOT1" : 1251,
        "SAFE_SPOT2" : "산악위치표지판",
        "SAFE_SPOT3" : " ",
        "MGC" : "대구중부소방서",
        "ETC_MATTER" : " ",
        "MNTN_NM" : "앞산"
      },
      "geometry" : {
        "x" : 342011.55550000072,
        "y" : 360312.94060000218
      }
    },
    {
      "attributes" : {
        "FID" : 78,
        "SAFE_SPOT1" : 1252,
        "SAFE_SPOT2" : "산악위치표지판",
        "SAFE_SPOT3" : " ",
        "MGC" : "대구중부소방서",
        "ETC_MATTER" : " ",
        "MNTN_NM" : "앞산"
      },
      "geometry" : {
        "x" : 342025.02710000053,
        "y" : 359943.16470000148
      }
    },
    {
      "attributes" : {
        "FID" : 79,
        "SAFE_SPOT1" : 1253,
        "SAFE_SPOT2" : "산악위치표지판",
        "SAFE_SPOT3" : " ",
        "MGC" : "대구중부소방서",
        "ETC_MATTER" : " ",
        "MNTN_NM" : "앞산"
      },
      "geometry" : {
        "x" : 341991.74110000115,
        "y" : 359514.05599999987
      }
    },
    {
      "attributes" : {
        "FID" : 80,
        "SAFE_SPOT1" : 1254,
        "SAFE_SPOT2" : "산악위치표지판",
        "SAFE_SPOT3" : " ",
        "MGC" : "대구중부소방서",
        "ETC_MATTER" : " ",
        "MNTN_NM" : "앞산"
      },
      "geometry" : {
        "x" : 343864.27460000012,
        "y" : 359251.40370000154
      }
    },
    {
      "attributes" : {
        "FID" : 81,
        "SAFE_SPOT1" : 1255,
        "SAFE_SPOT2" : "산악위치표지판",
        "SAFE_SPOT3" : " ",
        "MGC" : "대구중부소방서",
        "ETC_MATTER" : " ",
        "MNTN_NM" : "앞산"
      },
      "geometry" : {
        "x" : 343705.19640000071,
        "y" : 358995.9878000021
      }
    },
    {
      "attributes" : {
        "FID" : 82,
        "SAFE_SPOT1" : 1256,
        "SAFE_SPOT2" : "산악위치표지판",
        "SAFE_SPOT3" : " ",
        "MGC" : "대구중부소방서",
        "ETC_MATTER" : " ",
        "MNTN_NM" : "앞산"
      },
      "geometry" : {
        "x" : 343612.79600000102,
        "y" : 358809.48989999853
      }
    },
    {
      "attributes" : {
        "FID" : 83,
        "SAFE_SPOT1" : 1257,
        "SAFE_SPOT2" : "산악위치표지판",
        "SAFE_SPOT3" : " ",
        "MGC" : "대구중부소방서",
        "ETC_MATTER" : " ",
        "MNTN_NM" : "앞산"
      },
      "geometry" : {
        "x" : 343425.08469999861,
        "y" : 358615.28089999966
      }
    },
    {
      "attributes" : {
        "FID" : 84,
        "SAFE_SPOT1" : 1258,
        "SAFE_SPOT2" : "산악위치표지판",
        "SAFE_SPOT3" : " ",
        "MGC" : "대구중부소방서",
        "ETC_MATTER" : " ",
        "MNTN_NM" : "앞산"
      },
      "geometry" : {
        "x" : 343456.2510000011,
        "y" : 358396.87299999967
      }
    },
    {
      "attributes" : {
        "FID" : 85,
        "SAFE_SPOT1" : 1259,
        "SAFE_SPOT2" : "산악위치표지판",
        "SAFE_SPOT3" : " ",
        "MGC" : "대구중부소방서",
        "ETC_MATTER" : " ",
        "MNTN_NM" : "앞산"
      },
      "geometry" : {
        "x" : 343381.8638000004,
        "y" : 358182.9207000006
      }
    },
    {
      "attributes" : {
        "FID" : 86,
        "SAFE_SPOT1" : 1628,
        "SAFE_SPOT2" : "구급함",
        "SAFE_SPOT3" : " ",
        "MGC" : "대구중부소방서",
        "ETC_MATTER" : " ",
        "MNTN_NM" : "앞산"
      },
      "geometry" : {
        "x" : 342314.60520000011,
        "y" : 359617.78669999912
      }
    },
    {
      "attributes" : {
        "FID" : 87,
        "SAFE_SPOT1" : 1629,
        "SAFE_SPOT2" : "구급함",
        "SAFE_SPOT3" : " ",
        "MGC" : "대구중부소방서",
        "ETC_MATTER" : " ",
        "MNTN_NM" : "앞산"
      },
      "geometry" : {
        "x" : 341947.36310000159,
        "y" : 359406.53940000013
      }
    },
    {
      "attributes" : {
        "FID" : 88,
        "SAFE_SPOT1" : 1630,
        "SAFE_SPOT2" : "구급함",
        "SAFE_SPOT3" : " ",
        "MGC" : "대구중부소방서",
        "ETC_MATTER" : " ",
        "MNTN_NM" : "앞산"
      },
      "geometry" : {
        "x" : 343408.54210000113,
        "y" : 359635.58080000244
      }
    },
    {
      "attributes" : {
        "FID" : 89,
        "SAFE_SPOT1" : 1631,
        "SAFE_SPOT2" : "구급함",
        "SAFE_SPOT3" : " ",
        "MGC" : "대구중부소방서",
        "ETC_MATTER" : " ",
        "MNTN_NM" : "앞산"
      },
      "geometry" : {
        "x" : 342737.19639999978,
        "y" : 359223.89420000277
      }
    },
    {
      "attributes" : {
        "FID" : 90,
        "SAFE_SPOT1" : 1632,
        "SAFE_SPOT2" : "구급함",
        "SAFE_SPOT3" : " ",
        "MGC" : "대구중부소방서",
        "ETC_MATTER" : " ",
        "MNTN_NM" : "앞산"
      },
      "geometry" : {
        "x" : 343143.86920000054,
        "y" : 358922.13780000061
      }
    },
    {
      "attributes" : {
        "FID" : 91,
        "SAFE_SPOT1" : 1633,
        "SAFE_SPOT2" : "구급함",
        "SAFE_SPOT3" : " ",
        "MGC" : "대구중부소방서",
        "ETC_MATTER" : " ",
        "MNTN_NM" : "앞산"
      },
      "geometry" : {
        "x" : 343191.0877000019,
        "y" : 359107.89900000207
      }
    },
    {
      "attributes" : {
        "FID" : 92,
        "SAFE_SPOT1" : 1634,
        "SAFE_SPOT2" : "구급함",
        "SAFE_SPOT3" : " ",
        "MGC" : "대구중부소방서",
        "ETC_MATTER" : " ",
        "MNTN_NM" : "앞산"
      },
      "geometry" : {
        "x" : 343382.43840000033,
        "y" : 359696.82340000011
      }
    }
  ]
}