{
  "displayFieldName" : "",
  "fieldAliases" : {
    "FID" : "FID",
    "PMNTN_SPOT" : "PMNTN_SPOT",
    "MNTN_CODE" : "MNTN_CODE",
    "MANAGE_SP1" : "MANAGE_SP1",
    "MANAGE_SP2" : "MANAGE_SP2",
    "DETAIL_SPO" : "DETAIL_SPO",
    "ETC_MATTER" : "ETC_MATTER",
    "MNTN_NM" : "MNTN_NM",
    "PAST_SPOT_" : "PAST_SPOT_",
    "MNTN_ID" : "MNTN_ID"
  },
  "geometryType" : "esriGeometryPoint",
  "spatialReference" : {
    "wkt" : "PROJCS[\"PCS_ITRF2000_TM\",GEOGCS[\"GCS_ITRF_2000\",DATUM[\"D_ITRF_2000\",SPHEROID[\"GRS_1980\",6378137.0,298.257222101]],PRIMEM[\"Greenwich\",0.0],UNIT[\"Degree\",0.0174532925199433]],PROJECTION[\"Transverse_Mercator\"],PARAMETER[\"False_Easting\",200000.0],PARAMETER[\"False_Northing\",600000.0],PARAMETER[\"Central_Meridian\",127.0],PARAMETER[\"Scale_Factor\",1.0],PARAMETER[\"Latitude_Of_Origin\",38.0],UNIT[\"Meter\",1.0]]"
  },
  "fields" : [
    {
      "name" : "FID",
      "type" : "esriFieldTypeOID",
      "alias" : "FID"
    },
    {
      "name" : "PMNTN_SPOT",
      "type" : "esriFieldTypeDouble",
      "alias" : "PMNTN_SPOT"
    },
    {
      "name" : "MNTN_CODE",
      "type" : "esriFieldTypeString",
      "alias" : "MNTN_CODE",
      "length" : 9
    },
    {
      "name" : "MANAGE_SP1",
      "type" : "esriFieldTypeString",
      "alias" : "MANAGE_SP1",
      "length" : 2
    },
    {
      "name" : "MANAGE_SP2",
      "type" : "esriFieldTypeString",
      "alias" : "MANAGE_SP2",
      "length" : 50
    },
    {
      "name" : "DETAIL_SPO",
      "type" : "esriFieldTypeString",
      "alias" : "DETAIL_SPO",
      "length" : 200
    },
    {
      "name" : "ETC_MATTER",
      "type" : "esriFieldTypeString",
      "alias" : "ETC_MATTER",
      "length" : 200
    },
    {
      "name" : "MNTN_NM",
      "type" : "esriFieldTypeString",
      "alias" : "MNTN_NM",
      "length" : 50
    },
    {
      "name" : "PAST_SPOT_",
      "type" : "esriFieldTypeString",
      "alias" : "PAST_SPOT_",
      "length" : 14
    },
    {
      "name" : "MNTN_ID",
      "type" : "esriFieldTypeString",
      "alias" : "MNTN_ID",
      "length" : 10
    }
  ],
  "features" : [
    {
      "attributes" : {
        "FID" : 0,
        "PMNTN_SPOT" : 85741,
        "MNTN_CODE" : "271401101",
        "MANAGE_SP1" : "99",
        "MANAGE_SP2" : "기타",
        "DETAIL_SPO" : "매여동 버스 종점",
        "ETC_MATTER" : " ",
        "MNTN_NM" : "초례봉",
        "PAST_SPOT_" : "13044911000001",
        "MNTN_ID" : "1304491100"
      },
      "geometry" : {
        "x" : 355124.9096000148,
        "y" : 369456.27440000325
      }
    },
    {
      "attributes" : {
        "FID" : 1,
        "PMNTN_SPOT" : 85742,
        "MNTN_CODE" : "271401101",
        "MANAGE_SP1" : "99",
        "MANAGE_SP2" : "기타",
        "DETAIL_SPO" : "매여동 산불초소",
        "ETC_MATTER" : " ",
        "MNTN_NM" : "초례봉",
        "PAST_SPOT_" : "13044911000002",
        "MNTN_ID" : "1304491100"
      },
      "geometry" : {
        "x" : 355240.02940001339,
        "y" : 369556.56360000186
      }
    },
    {
      "attributes" : {
        "FID" : 2,
        "PMNTN_SPOT" : 85743,
        "MNTN_CODE" : "271401101",
        "MANAGE_SP1" : "14",
        "MANAGE_SP2" : "조망점",
        "DETAIL_SPO" : "조망점",
        "ETC_MATTER" : " ",
        "MNTN_NM" : "초례봉",
        "PAST_SPOT_" : "13044911000003",
        "MNTN_ID" : "1304491100"
      },
      "geometry" : {
        "x" : 357231.24720001407,
        "y" : 369679.73360000178
      }
    },
    {
      "attributes" : {
        "FID" : 3,
        "PMNTN_SPOT" : 85744,
        "MNTN_CODE" : "271401101",
        "MANAGE_SP1" : "10",
        "MANAGE_SP2" : "이정표",
        "DETAIL_SPO" : "이정표,갈림길",
        "ETC_MATTER" : " ",
        "MNTN_NM" : "초례봉",
        "PAST_SPOT_" : "13044911000004",
        "MNTN_ID" : "1304491100"
      },
      "geometry" : {
        "x" : 357070.67600001302,
        "y" : 369260.09970000014
      }
    },
    {
      "attributes" : {
        "FID" : 4,
        "PMNTN_SPOT" : 85745,
        "MNTN_CODE" : "271401101",
        "MANAGE_SP1" : "10",
        "MANAGE_SP2" : "이정표",
        "DETAIL_SPO" : "이정표",
        "ETC_MATTER" : " ",
        "MNTN_NM" : "초례봉",
        "PAST_SPOT_" : "13044911000005",
        "MNTN_ID" : "1304491100"
      },
      "geometry" : {
        "x" : 356638.26690001413,
        "y" : 368986.60170000046
      }
    },
    {
      "attributes" : {
        "FID" : 5,
        "PMNTN_SPOT" : 85746,
        "MNTN_CODE" : "271401101",
        "MANAGE_SP1" : "02",
        "MANAGE_SP2" : "분기점",
        "DETAIL_SPO" : "갈림길",
        "ETC_MATTER" : " ",
        "MNTN_NM" : "초례봉",
        "PAST_SPOT_" : "13044911000006",
        "MNTN_ID" : "1304491100"
      },
      "geometry" : {
        "x" : 356511.97600001469,
        "y" : 368872.90790000558
      }
    },
    {
      "attributes" : {
        "FID" : 6,
        "PMNTN_SPOT" : 85747,
        "MNTN_CODE" : "271401101",
        "MANAGE_SP1" : "99",
        "MANAGE_SP2" : "기타",
        "DETAIL_SPO" : "목계단,훼손지",
        "ETC_MATTER" : " ",
        "MNTN_NM" : "초례봉",
        "PAST_SPOT_" : "13044911000007",
        "MNTN_ID" : "1304491100"
      },
      "geometry" : {
        "x" : 356457.09930001386,
        "y" : 368853.66269999929
      }
    },
    {
      "attributes" : {
        "FID" : 7,
        "PMNTN_SPOT" : 85748,
        "MNTN_CODE" : "271401101",
        "MANAGE_SP1" : "10",
        "MANAGE_SP2" : "이정표",
        "DETAIL_SPO" : "이정표",
        "ETC_MATTER" : " ",
        "MNTN_NM" : "초례봉",
        "PAST_SPOT_" : "13044911000008",
        "MNTN_ID" : "1304491100"
      },
      "geometry" : {
        "x" : 356350.22050001286,
        "y" : 368772.67469999939
      }
    },
    {
      "attributes" : {
        "FID" : 8,
        "PMNTN_SPOT" : 85749,
        "MNTN_CODE" : "271401101",
        "MANAGE_SP1" : "10",
        "MANAGE_SP2" : "이정표",
        "DETAIL_SPO" : "이정표",
        "ETC_MATTER" : " ",
        "MNTN_NM" : "초례봉",
        "PAST_SPOT_" : "13044911000009",
        "MNTN_ID" : "1304491100"
      },
      "geometry" : {
        "x" : 356068.27340001427,
        "y" : 368638.50330000557
      }
    },
    {
      "attributes" : {
        "FID" : 9,
        "PMNTN_SPOT" : 85750,
        "MNTN_CODE" : "271401101",
        "MANAGE_SP1" : "10",
        "MANAGE_SP2" : "이정표",
        "DETAIL_SPO" : "이정표",
        "ETC_MATTER" : " ",
        "MNTN_NM" : "초례봉",
        "PAST_SPOT_" : "13044911000010",
        "MNTN_ID" : "1304491100"
      },
      "geometry" : {
        "x" : 355790.76330001093,
        "y" : 368478.66580000147
      }
    },
    {
      "attributes" : {
        "FID" : 10,
        "PMNTN_SPOT" : 85751,
        "MNTN_CODE" : "271401101",
        "MANAGE_SP1" : "99",
        "MANAGE_SP2" : "기타",
        "DETAIL_SPO" : "암벽",
        "ETC_MATTER" : " ",
        "MNTN_NM" : "초례봉",
        "PAST_SPOT_" : "13044911000011",
        "MNTN_ID" : "1304491100"
      },
      "geometry" : {
        "x" : 355789.88030001428,
        "y" : 368471.37910000421
      }
    },
    {
      "attributes" : {
        "FID" : 11,
        "PMNTN_SPOT" : 85752,
        "MNTN_CODE" : "271401101",
        "MANAGE_SP1" : "10",
        "MANAGE_SP2" : "이정표",
        "DETAIL_SPO" : "이정표,갈림길",
        "ETC_MATTER" : " ",
        "MNTN_NM" : "초례봉",
        "PAST_SPOT_" : "13044911000012",
        "MNTN_ID" : "1304491100"
      },
      "geometry" : {
        "x" : 355842.2694000164,
        "y" : 368311.50840000063
      }
    },
    {
      "attributes" : {
        "FID" : 12,
        "PMNTN_SPOT" : 85753,
        "MNTN_CODE" : "271401101",
        "MANAGE_SP1" : "10",
        "MANAGE_SP2" : "이정표",
        "DETAIL_SPO" : "이정표",
        "ETC_MATTER" : " ",
        "MNTN_NM" : "초례봉",
        "PAST_SPOT_" : "13044911000013",
        "MNTN_ID" : "1304491100"
      },
      "geometry" : {
        "x" : 355812.20370001718,
        "y" : 367520.80950000137
      }
    },
    {
      "attributes" : {
        "FID" : 13,
        "PMNTN_SPOT" : 85754,
        "MNTN_CODE" : "271401101",
        "MANAGE_SP1" : "10",
        "MANAGE_SP2" : "이정표",
        "DETAIL_SPO" : "이정표,체육공원",
        "ETC_MATTER" : " ",
        "MNTN_NM" : "초례봉",
        "PAST_SPOT_" : "13044911000014",
        "MNTN_ID" : "1304491100"
      },
      "geometry" : {
        "x" : 355821.54000001401,
        "y" : 367359.2797000017
      }
    },
    {
      "attributes" : {
        "FID" : 14,
        "PMNTN_SPOT" : 85755,
        "MNTN_CODE" : "271401101",
        "MANAGE_SP1" : "07",
        "MANAGE_SP2" : "시설물(운동기구 등)",
        "DETAIL_SPO" : "체육공원",
        "ETC_MATTER" : " ",
        "MNTN_NM" : "초례봉",
        "PAST_SPOT_" : "13044911000015",
        "MNTN_ID" : "1304491100"
      },
      "geometry" : {
        "x" : 355917.76380001288,
        "y" : 367107.30240000039
      }
    },
    {
      "attributes" : {
        "FID" : 15,
        "PMNTN_SPOT" : 85756,
        "MNTN_CODE" : "271401101",
        "MANAGE_SP1" : "99",
        "MANAGE_SP2" : "기타",
        "DETAIL_SPO" : "신서지",
        "ETC_MATTER" : " ",
        "MNTN_NM" : "초례봉",
        "PAST_SPOT_" : "13044911000016",
        "MNTN_ID" : "1304491100"
      },
      "geometry" : {
        "x" : 355942.06300001405,
        "y" : 366257.57560000196
      }
    },
    {
      "attributes" : {
        "FID" : 16,
        "PMNTN_SPOT" : 85757,
        "MNTN_CODE" : "271401101",
        "MANAGE_SP1" : "10",
        "MANAGE_SP2" : "이정표",
        "DETAIL_SPO" : "이정표",
        "ETC_MATTER" : " ",
        "MNTN_NM" : "초례봉",
        "PAST_SPOT_" : "13044911000017",
        "MNTN_ID" : "1304491100"
      },
      "geometry" : {
        "x" : 356029.29900001362,
        "y" : 366186.80560000055
      }
    },
    {
      "attributes" : {
        "FID" : 17,
        "PMNTN_SPOT" : 85758,
        "MNTN_CODE" : "271401101",
        "MANAGE_SP1" : "10",
        "MANAGE_SP2" : "이정표",
        "DETAIL_SPO" : "이정표",
        "ETC_MATTER" : " ",
        "MNTN_NM" : "초례봉",
        "PAST_SPOT_" : "13044911000018",
        "MNTN_ID" : "1304491100"
      },
      "geometry" : {
        "x" : 356043.1690000128,
        "y" : 366157.00070000254
      }
    },
    {
      "attributes" : {
        "FID" : 18,
        "PMNTN_SPOT" : 85759,
        "MNTN_CODE" : "271401101",
        "MANAGE_SP1" : "99",
        "MANAGE_SP2" : "기타",
        "DETAIL_SPO" : "산불초소",
        "ETC_MATTER" : " ",
        "MNTN_NM" : "초례봉",
        "PAST_SPOT_" : "13044911000019",
        "MNTN_ID" : "1304491100"
      },
      "geometry" : {
        "x" : 356223.38820001669,
        "y" : 366805.83400000073
      }
    },
    {
      "attributes" : {
        "FID" : 19,
        "PMNTN_SPOT" : 85760,
        "MNTN_CODE" : "271401101",
        "MANAGE_SP1" : "02",
        "MANAGE_SP2" : "분기점",
        "DETAIL_SPO" : "갈림길",
        "ETC_MATTER" : " ",
        "MNTN_NM" : "초례봉",
        "PAST_SPOT_" : "13044911000020",
        "MNTN_ID" : "1304491100"
      },
      "geometry" : {
        "x" : 356035.56500001438,
        "y" : 368320.5183000043
      }
    },
    {
      "attributes" : {
        "FID" : 20,
        "PMNTN_SPOT" : 85761,
        "MNTN_CODE" : "271401101",
        "MANAGE_SP1" : "06",
        "MANAGE_SP2" : "음수대",
        "DETAIL_SPO" : "약수터",
        "ETC_MATTER" : " ",
        "MNTN_NM" : "초례봉",
        "PAST_SPOT_" : "13044911000021",
        "MNTN_ID" : "1304491100"
      },
      "geometry" : {
        "x" : 355999.60000001173,
        "y" : 368436.508100003
      }
    },
    {
      "attributes" : {
        "FID" : 21,
        "PMNTN_SPOT" : 85762,
        "MNTN_CODE" : "271401101",
        "MANAGE_SP1" : "99",
        "MANAGE_SP2" : "기타",
        "DETAIL_SPO" : "베다니 기도원",
        "ETC_MATTER" : " ",
        "MNTN_NM" : "초례봉",
        "PAST_SPOT_" : "13044911000022",
        "MNTN_ID" : "1304491100"
      },
      "geometry" : {
        "x" : 355063.46020001266,
        "y" : 368847.03670000099
      }
    },
    {
      "attributes" : {
        "FID" : 22,
        "PMNTN_SPOT" : 85763,
        "MNTN_CODE" : "271401101",
        "MANAGE_SP1" : "99",
        "MANAGE_SP2" : "기타",
        "DETAIL_SPO" : "등산로 입구",
        "ETC_MATTER" : " ",
        "MNTN_NM" : "초례봉",
        "PAST_SPOT_" : "13044911000023",
        "MNTN_ID" : "1304491100"
      },
      "geometry" : {
        "x" : 356887.74670001306,
        "y" : 366536.35920000263
      }
    },
    {
      "attributes" : {
        "FID" : 23,
        "PMNTN_SPOT" : 85764,
        "MNTN_CODE" : "271401101",
        "MANAGE_SP1" : "14",
        "MANAGE_SP2" : "조망점",
        "DETAIL_SPO" : "조망점",
        "ETC_MATTER" : " ",
        "MNTN_NM" : "초례봉",
        "PAST_SPOT_" : "13044911000024",
        "MNTN_ID" : "1304491100"
      },
      "geometry" : {
        "x" : 356750.7416000152,
        "y" : 368100.81550000422
      }
    },
    {
      "attributes" : {
        "FID" : 24,
        "PMNTN_SPOT" : 85765,
        "MNTN_CODE" : "271401101",
        "MANAGE_SP1" : "10",
        "MANAGE_SP2" : "이정표",
        "DETAIL_SPO" : "이정표",
        "ETC_MATTER" : " ",
        "MNTN_NM" : "초례봉",
        "PAST_SPOT_" : "13044911000025",
        "MNTN_ID" : "1304491100"
      },
      "geometry" : {
        "x" : 356755.26750001404,
        "y" : 368087.55260000005
      }
    },
    {
      "attributes" : {
        "FID" : 25,
        "PMNTN_SPOT" : 85766,
        "MNTN_CODE" : "271401101",
        "MANAGE_SP1" : "99",
        "MANAGE_SP2" : "기타",
        "DETAIL_SPO" : "삼각점(1982년도)",
        "ETC_MATTER" : " ",
        "MNTN_NM" : "초례봉",
        "PAST_SPOT_" : "13044911000026",
        "MNTN_ID" : "1304491100"
      },
      "geometry" : {
        "x" : 357442.3069000151,
        "y" : 368524.90200000256
      }
    },
    {
      "attributes" : {
        "FID" : 26,
        "PMNTN_SPOT" : 85767,
        "MNTN_CODE" : "271401101",
        "MANAGE_SP1" : "99",
        "MANAGE_SP2" : "기타",
        "DETAIL_SPO" : "공동묘지",
        "ETC_MATTER" : " ",
        "MNTN_NM" : "초례봉",
        "PAST_SPOT_" : "13044911000027",
        "MNTN_ID" : "1304491100"
      },
      "geometry" : {
        "x" : 357324.39940001536,
        "y" : 368223.76239999942
      }
    },
    {
      "attributes" : {
        "FID" : 27,
        "PMNTN_SPOT" : 85768,
        "MNTN_CODE" : "271401101",
        "MANAGE_SP1" : "99",
        "MANAGE_SP2" : "기타",
        "DETAIL_SPO" : "등산로 입구",
        "ETC_MATTER" : " ",
        "MNTN_NM" : "초례봉",
        "PAST_SPOT_" : "13044911000028",
        "MNTN_ID" : "1304491100"
      },
      "geometry" : {
        "x" : 357446.41730001383,
        "y" : 366993.34640000202
      }
    },
    {
      "attributes" : {
        "FID" : 28,
        "PMNTN_SPOT" : 85769,
        "MNTN_CODE" : "271401101",
        "MANAGE_SP1" : "11",
        "MANAGE_SP2" : "안내판또는지도",
        "DETAIL_SPO" : "안내판,갈림길",
        "ETC_MATTER" : " ",
        "MNTN_NM" : "초례봉",
        "PAST_SPOT_" : "13044911000029",
        "MNTN_ID" : "1304491100"
      },
      "geometry" : {
        "x" : 355353.14840001427,
        "y" : 365970.2666000016
      }
    },
    {
      "attributes" : {
        "FID" : 29,
        "PMNTN_SPOT" : 85770,
        "MNTN_CODE" : "271401101",
        "MANAGE_SP1" : "10",
        "MANAGE_SP2" : "이정표",
        "DETAIL_SPO" : "이정표",
        "ETC_MATTER" : " ",
        "MNTN_NM" : "초례봉",
        "PAST_SPOT_" : "13044911000030",
        "MNTN_ID" : "1304491100"
      },
      "geometry" : {
        "x" : 355348.23710001446,
        "y" : 365963.90829999931
      }
    },
    {
      "attributes" : {
        "FID" : 30,
        "PMNTN_SPOT" : 85771,
        "MNTN_CODE" : "271401101",
        "MANAGE_SP1" : "99",
        "MANAGE_SP2" : "기타",
        "DETAIL_SPO" : "저수지(나불지)",
        "ETC_MATTER" : " ",
        "MNTN_NM" : "초례봉",
        "PAST_SPOT_" : "13044911000031",
        "MNTN_ID" : "1304491100"
      },
      "geometry" : {
        "x" : 355345.69610001519,
        "y" : 365944.5260999985
      }
    },
    {
      "attributes" : {
        "FID" : 31,
        "PMNTN_SPOT" : 85772,
        "MNTN_CODE" : "271401101",
        "MANAGE_SP1" : "99",
        "MANAGE_SP2" : "기타",
        "DETAIL_SPO" : "산불초소",
        "ETC_MATTER" : " ",
        "MNTN_NM" : "초례봉",
        "PAST_SPOT_" : "13044911000032",
        "MNTN_ID" : "1304491100"
      },
      "geometry" : {
        "x" : 355336.0933000138,
        "y" : 365942.94739999995
      }
    },
    {
      "attributes" : {
        "FID" : 32,
        "PMNTN_SPOT" : 85773,
        "MNTN_CODE" : "271401101",
        "MANAGE_SP1" : "99",
        "MANAGE_SP2" : "기타",
        "DETAIL_SPO" : "산불초소(내곡2)",
        "ETC_MATTER" : " ",
        "MNTN_NM" : "초례봉",
        "PAST_SPOT_" : "13044911000033",
        "MNTN_ID" : "1304491100"
      },
      "geometry" : {
        "x" : 358312.42560001556,
        "y" : 367927.68100000359
      }
    },
    {
      "attributes" : {
        "FID" : 33,
        "PMNTN_SPOT" : 85774,
        "MNTN_CODE" : "271401101",
        "MANAGE_SP1" : "99",
        "MANAGE_SP2" : "기타",
        "DETAIL_SPO" : "다락원(기도원)",
        "ETC_MATTER" : " ",
        "MNTN_NM" : "초례봉",
        "PAST_SPOT_" : "13044911000034",
        "MNTN_ID" : "1304491100"
      },
      "geometry" : {
        "x" : 358326.21530001517,
        "y" : 369307.28370000049
      }
    },
    {
      "attributes" : {
        "FID" : 34,
        "PMNTN_SPOT" : 85775,
        "MNTN_CODE" : "271401101",
        "MANAGE_SP1" : "99",
        "MANAGE_SP2" : "기타",
        "DETAIL_SPO" : "삼각점(1982재설 대구313)",
        "ETC_MATTER" : " ",
        "MNTN_NM" : "초례봉",
        "PAST_SPOT_" : "13044911000035",
        "MNTN_ID" : "1304491100"
      },
      "geometry" : {
        "x" : 357257.1902000159,
        "y" : 369738.84110000171
      }
    },
    {
      "attributes" : {
        "FID" : 35,
        "PMNTN_SPOT" : 85776,
        "MNTN_CODE" : "271401101",
        "MANAGE_SP1" : "99",
        "MANAGE_SP2" : "기타",
        "DETAIL_SPO" : "계곡, 쉼터",
        "ETC_MATTER" : " ",
        "MNTN_NM" : "초례봉",
        "PAST_SPOT_" : "13044911000036",
        "MNTN_ID" : "1304491100"
      },
      "geometry" : {
        "x" : 358260.46720001567,
        "y" : 368320.31269999966
      }
    },
    {
      "attributes" : {
        "FID" : 36,
        "PMNTN_SPOT" : 85777,
        "MNTN_CODE" : "271401101",
        "MANAGE_SP1" : "01",
        "MANAGE_SP2" : "시종점",
        "DETAIL_SPO" : "시종점",
        "ETC_MATTER" : " ",
        "MNTN_NM" : "초례봉",
        "PAST_SPOT_" : "13044911000037",
        "MNTN_ID" : "1304491100"
      },
      "geometry" : {
        "x" : 354761.28150001261,
        "y" : 368696.90870000049
      }
    },
    {
      "attributes" : {
        "FID" : 37,
        "PMNTN_SPOT" : 85778,
        "MNTN_CODE" : "271401101",
        "MANAGE_SP1" : "01",
        "MANAGE_SP2" : "시종점",
        "DETAIL_SPO" : "시종점",
        "ETC_MATTER" : " ",
        "MNTN_NM" : "초례봉",
        "PAST_SPOT_" : "13044911000038",
        "MNTN_ID" : "1304491100"
      },
      "geometry" : {
        "x" : 355045.53070001677,
        "y" : 369429.1817000024
      }
    },
    {
      "attributes" : {
        "FID" : 38,
        "PMNTN_SPOT" : 85779,
        "MNTN_CODE" : "271401101",
        "MANAGE_SP1" : "02",
        "MANAGE_SP2" : "분기점",
        "DETAIL_SPO" : "분기점",
        "ETC_MATTER" : " ",
        "MNTN_NM" : "초례봉",
        "PAST_SPOT_" : "13044911000039",
        "MNTN_ID" : "1304491100"
      },
      "geometry" : {
        "x" : 355633.14220001455,
        "y" : 366166.84840000235
      }
    },
    {
      "attributes" : {
        "FID" : 39,
        "PMNTN_SPOT" : 85780,
        "MNTN_CODE" : "271401101",
        "MANAGE_SP1" : "01",
        "MANAGE_SP2" : "시종점",
        "DETAIL_SPO" : "시종점",
        "ETC_MATTER" : " ",
        "MNTN_NM" : "초례봉",
        "PAST_SPOT_" : "13044911000040",
        "MNTN_ID" : "1304491100"
      },
      "geometry" : {
        "x" : 355667.26160001289,
        "y" : 368428.32930000499
      }
    },
    {
      "attributes" : {
        "FID" : 40,
        "PMNTN_SPOT" : 85781,
        "MNTN_CODE" : "271401101",
        "MANAGE_SP1" : "02",
        "MANAGE_SP2" : "분기점",
        "DETAIL_SPO" : "분기점",
        "ETC_MATTER" : "2-2-1구간",
        "MNTN_NM" : "초례봉",
        "PAST_SPOT_" : "13044911000041",
        "MNTN_ID" : "1304491100"
      },
      "geometry" : {
        "x" : 355700.12940001488,
        "y" : 368466.15240000002
      }
    },
    {
      "attributes" : {
        "FID" : 41,
        "PMNTN_SPOT" : 85782,
        "MNTN_CODE" : "271401101",
        "MANAGE_SP1" : "01",
        "MANAGE_SP2" : "시종점",
        "DETAIL_SPO" : "시종점",
        "ETC_MATTER" : " ",
        "MNTN_NM" : "초례봉",
        "PAST_SPOT_" : "13044911000042",
        "MNTN_ID" : "1304491100"
      },
      "geometry" : {
        "x" : 355733.90140001383,
        "y" : 366092.45089999959
      }
    },
    {
      "attributes" : {
        "FID" : 42,
        "PMNTN_SPOT" : 85783,
        "MNTN_CODE" : "271401101",
        "MANAGE_SP1" : "02",
        "MANAGE_SP2" : "분기점",
        "DETAIL_SPO" : "분기점",
        "ETC_MATTER" : " ",
        "MNTN_NM" : "초례봉",
        "PAST_SPOT_" : "13044911000043",
        "MNTN_ID" : "1304491100"
      },
      "geometry" : {
        "x" : 355786.49090001266,
        "y" : 368509.64870000817
      }
    },
    {
      "attributes" : {
        "FID" : 43,
        "PMNTN_SPOT" : 85784,
        "MNTN_CODE" : "271401101",
        "MANAGE_SP1" : "10",
        "MANAGE_SP2" : "이정표",
        "DETAIL_SPO" : "이정표,갈림길",
        "ETC_MATTER" : " ",
        "MNTN_NM" : "초례봉",
        "PAST_SPOT_" : "13044911000044",
        "MNTN_ID" : "1304491100"
      },
      "geometry" : {
        "x" : 355829.32610001694,
        "y" : 368571.67049999908
      }
    },
    {
      "attributes" : {
        "FID" : 44,
        "PMNTN_SPOT" : 85785,
        "MNTN_CODE" : "271401101",
        "MANAGE_SP1" : "10",
        "MANAGE_SP2" : "이정표",
        "DETAIL_SPO" : "이정표,갈림길",
        "ETC_MATTER" : "2-4구간",
        "MNTN_NM" : "초례봉",
        "PAST_SPOT_" : "13044911000045",
        "MNTN_ID" : "1304491100"
      },
      "geometry" : {
        "x" : 355897.55680001806,
        "y" : 366564.75779999979
      }
    },
    {
      "attributes" : {
        "FID" : 45,
        "PMNTN_SPOT" : 85786,
        "MNTN_CODE" : "271401101",
        "MANAGE_SP1" : "02",
        "MANAGE_SP2" : "분기점",
        "DETAIL_SPO" : "분기점",
        "ETC_MATTER" : "2-1-1구간",
        "MNTN_NM" : "초례봉",
        "PAST_SPOT_" : "13044911000046",
        "MNTN_ID" : "1304491100"
      },
      "geometry" : {
        "x" : 355971.22360001691,
        "y" : 367023.3601000011
      }
    },
    {
      "attributes" : {
        "FID" : 46,
        "PMNTN_SPOT" : 85787,
        "MNTN_CODE" : "271401101",
        "MANAGE_SP1" : "02",
        "MANAGE_SP2" : "분기점",
        "DETAIL_SPO" : "분기점",
        "ETC_MATTER" : "2-1-1구간",
        "MNTN_NM" : "초례봉",
        "PAST_SPOT_" : "13044911000047",
        "MNTN_ID" : "1304491100"
      },
      "geometry" : {
        "x" : 355990.47110001463,
        "y" : 367133.75049999915
      }
    },
    {
      "attributes" : {
        "FID" : 47,
        "PMNTN_SPOT" : 85788,
        "MNTN_CODE" : "271401101",
        "MANAGE_SP1" : "02",
        "MANAGE_SP2" : "분기점",
        "DETAIL_SPO" : "분기점",
        "ETC_MATTER" : " ",
        "MNTN_NM" : "초례봉",
        "PAST_SPOT_" : "13044911000048",
        "MNTN_ID" : "1304491100"
      },
      "geometry" : {
        "x" : 356096.84820001386,
        "y" : 365389.07220000029
      }
    },
    {
      "attributes" : {
        "FID" : 48,
        "PMNTN_SPOT" : 85789,
        "MNTN_CODE" : "271401101",
        "MANAGE_SP1" : "01",
        "MANAGE_SP2" : "시종점",
        "DETAIL_SPO" : "시종점",
        "ETC_MATTER" : " ",
        "MNTN_NM" : "초례봉",
        "PAST_SPOT_" : "13044911000049",
        "MNTN_ID" : "1304491100"
      },
      "geometry" : {
        "x" : 356153.85300001595,
        "y" : 365200.76650000177
      }
    },
    {
      "attributes" : {
        "FID" : 49,
        "PMNTN_SPOT" : 85790,
        "MNTN_CODE" : "271401101",
        "MANAGE_SP1" : "02",
        "MANAGE_SP2" : "분기점",
        "DETAIL_SPO" : "분기점",
        "ETC_MATTER" : " ",
        "MNTN_NM" : "초례봉",
        "PAST_SPOT_" : "13044911000050",
        "MNTN_ID" : "1304491100"
      },
      "geometry" : {
        "x" : 356437.55890001357,
        "y" : 369463.13839999959
      }
    },
    {
      "attributes" : {
        "FID" : 50,
        "PMNTN_SPOT" : 85791,
        "MNTN_CODE" : "271401101",
        "MANAGE_SP1" : "01",
        "MANAGE_SP2" : "시종점",
        "DETAIL_SPO" : "시종점",
        "ETC_MATTER" : " ",
        "MNTN_NM" : "초례봉",
        "PAST_SPOT_" : "13044911000051",
        "MNTN_ID" : "1304491100"
      },
      "geometry" : {
        "x" : 356527.24470001459,
        "y" : 365213.20180000365
      }
    },
    {
      "attributes" : {
        "FID" : 51,
        "PMNTN_SPOT" : 85792,
        "MNTN_CODE" : "271401101",
        "MANAGE_SP1" : "02",
        "MANAGE_SP2" : "분기점",
        "DETAIL_SPO" : "분기점",
        "ETC_MATTER" : " ",
        "MNTN_NM" : "초례봉",
        "PAST_SPOT_" : "13044911000052",
        "MNTN_ID" : "1304491100"
      },
      "geometry" : {
        "x" : 356722.02880001534,
        "y" : 369490.30010000058
      }
    },
    {
      "attributes" : {
        "FID" : 52,
        "PMNTN_SPOT" : 85793,
        "MNTN_CODE" : "271401101",
        "MANAGE_SP1" : "99",
        "MANAGE_SP2" : "기타",
        "DETAIL_SPO" : "칠보사",
        "ETC_MATTER" : "2-3-1구간",
        "MNTN_NM" : "초례봉",
        "PAST_SPOT_" : "13044911000053",
        "MNTN_ID" : "1304491100"
      },
      "geometry" : {
        "x" : 356950.16790001374,
        "y" : 366275.5978000015
      }
    },
    {
      "attributes" : {
        "FID" : 53,
        "PMNTN_SPOT" : 85794,
        "MNTN_CODE" : "271401101",
        "MANAGE_SP1" : "02",
        "MANAGE_SP2" : "분기점",
        "DETAIL_SPO" : "분기점",
        "ETC_MATTER" : "2-3-1구간",
        "MNTN_NM" : "초례봉",
        "PAST_SPOT_" : "13044911000054",
        "MNTN_ID" : "1304491100"
      },
      "geometry" : {
        "x" : 356981.15580001473,
        "y" : 366309.30690000206
      }
    },
    {
      "attributes" : {
        "FID" : 54,
        "PMNTN_SPOT" : 85795,
        "MNTN_CODE" : "271401101",
        "MANAGE_SP1" : "10",
        "MANAGE_SP2" : "이정표",
        "DETAIL_SPO" : "이정표",
        "ETC_MATTER" : " ",
        "MNTN_NM" : "초례봉",
        "PAST_SPOT_" : "13044911000055",
        "MNTN_ID" : "1304491100"
      },
      "geometry" : {
        "x" : 357067.16370001715,
        "y" : 369224.35899999924
      }
    },
    {
      "attributes" : {
        "FID" : 55,
        "PMNTN_SPOT" : 85796,
        "MNTN_CODE" : "271401101",
        "MANAGE_SP1" : "02",
        "MANAGE_SP2" : "분기점",
        "DETAIL_SPO" : "분기점",
        "ETC_MATTER" : "2-3-1구간",
        "MNTN_NM" : "초례봉",
        "PAST_SPOT_" : "13044911000056",
        "MNTN_ID" : "1304491100"
      },
      "geometry" : {
        "x" : 357124.4898000164,
        "y" : 368988.62920000404
      }
    },
    {
      "attributes" : {
        "FID" : 56,
        "PMNTN_SPOT" : 85797,
        "MNTN_CODE" : "271401101",
        "MANAGE_SP1" : "10",
        "MANAGE_SP2" : "이정표",
        "DETAIL_SPO" : "이정표,갈림길",
        "ETC_MATTER" : " ",
        "MNTN_NM" : "초례봉",
        "PAST_SPOT_" : "13044911000057",
        "MNTN_ID" : "1304491100"
      },
      "geometry" : {
        "x" : 357140.44440001529,
        "y" : 369584.22710000165
      }
    },
    {
      "attributes" : {
        "FID" : 57,
        "PMNTN_SPOT" : 85798,
        "MNTN_CODE" : "271401101",
        "MANAGE_SP1" : "02",
        "MANAGE_SP2" : "분기점",
        "DETAIL_SPO" : "분기점",
        "ETC_MATTER" : " ",
        "MNTN_NM" : "초례봉",
        "PAST_SPOT_" : "13044911000058",
        "MNTN_ID" : "1304491100"
      },
      "geometry" : {
        "x" : 357240.09280001279,
        "y" : 369678.76570000499
      }
    },
    {
      "attributes" : {
        "FID" : 58,
        "PMNTN_SPOT" : 85799,
        "MNTN_CODE" : "271401101",
        "MANAGE_SP1" : "23",
        "MANAGE_SP2" : "정상",
        "DETAIL_SPO" : "초례봉 정상",
        "ETC_MATTER" : " ",
        "MNTN_NM" : "초례봉",
        "PAST_SPOT_" : "13044911000059",
        "MNTN_ID" : "1304491100"
      },
      "geometry" : {
        "x" : 357251.6401000144,
        "y" : 369743.6425000038
      }
    },
    {
      "attributes" : {
        "FID" : 59,
        "PMNTN_SPOT" : 85800,
        "MNTN_CODE" : "271401101",
        "MANAGE_SP1" : "22",
        "MANAGE_SP2" : "헬기장",
        "DETAIL_SPO" : "헬기장",
        "ETC_MATTER" : " ",
        "MNTN_NM" : "초례봉",
        "PAST_SPOT_" : "13044911000060",
        "MNTN_ID" : "1304491100"
      },
      "geometry" : {
        "x" : 357299.36610001139,
        "y" : 369877.42339999974
      }
    },
    {
      "attributes" : {
        "FID" : 60,
        "PMNTN_SPOT" : 85801,
        "MNTN_CODE" : "271401101",
        "MANAGE_SP1" : "02",
        "MANAGE_SP2" : "분기점",
        "DETAIL_SPO" : "분기점",
        "ETC_MATTER" : " ",
        "MNTN_NM" : "초례봉",
        "PAST_SPOT_" : "13044911000061",
        "MNTN_ID" : "1304491100"
      },
      "geometry" : {
        "x" : 358172.20190001652,
        "y" : 368727.82200000063
      }
    },
    {
      "attributes" : {
        "FID" : 61,
        "PMNTN_SPOT" : 85802,
        "MNTN_CODE" : "271401101",
        "MANAGE_SP1" : "01",
        "MANAGE_SP2" : "시종점",
        "DETAIL_SPO" : "시종점,산불초소(내곡1)",
        "ETC_MATTER" : " ",
        "MNTN_NM" : "초례봉",
        "PAST_SPOT_" : "13044911000062",
        "MNTN_ID" : "1304491100"
      },
      "geometry" : {
        "x" : 358570.33200001623,
        "y" : 366674.1015000008
      }
    },
    {
      "attributes" : {
        "FID" : 62,
        "PMNTN_SPOT" : 85803,
        "MNTN_CODE" : "271401101",
        "MANAGE_SP1" : "02",
        "MANAGE_SP2" : "분기점",
        "DETAIL_SPO" : "분기점",
        "ETC_MATTER" : " ",
        "MNTN_NM" : "초례봉",
        "PAST_SPOT_" : "13044911000063",
        "MNTN_ID" : "1304491100"
      },
      "geometry" : {
        "x" : 356202.45770232845,
        "y" : 365772.4313948378
      }
    }
  ]
}