{
  "displayFieldName" : "",
  "fieldAliases" : {
    "FID" : "FID",
    "PMNTN_SPOT" : "PMNTN_SPOT",
    "MNTN_CODE" : "MNTN_CODE",
    "MANAGE_SP1" : "MANAGE_SP1",
    "MANAGE_SP2" : "MANAGE_SP2",
    "DETAIL_SPO" : "DETAIL_SPO",
    "ETC_MATTER" : "ETC_MATTER",
    "MNTN_NM" : "MNTN_NM",
    "PAST_SPOT_" : "PAST_SPOT_",
    "MNTN_ID" : "MNTN_ID"
  },
  "geometryType" : "esriGeometryPoint",
  "spatialReference" : {
    "wkt" : "PROJCS[\"PCS_ITRF2000_TM\",GEOGCS[\"GCS_ITRF_2000\",DATUM[\"D_ITRF_2000\",SPHEROID[\"GRS_1980\",6378137.0,298.257222101]],PRIMEM[\"Greenwich\",0.0],UNIT[\"Degree\",0.0174532925199433]],PROJECTION[\"Transverse_Mercator\"],PARAMETER[\"False_Easting\",200000.0],PARAMETER[\"False_Northing\",600000.0],PARAMETER[\"Central_Meridian\",127.0],PARAMETER[\"Scale_Factor\",1.0],PARAMETER[\"Latitude_Of_Origin\",38.0],UNIT[\"Meter\",1.0]]"
  },
  "fields" : [
    {
      "name" : "FID",
      "type" : "esriFieldTypeOID",
      "alias" : "FID"
    },
    {
      "name" : "PMNTN_SPOT",
      "type" : "esriFieldTypeDouble",
      "alias" : "PMNTN_SPOT"
    },
    {
      "name" : "MNTN_CODE",
      "type" : "esriFieldTypeString",
      "alias" : "MNTN_CODE",
      "length" : 9
    },
    {
      "name" : "MANAGE_SP1",
      "type" : "esriFieldTypeString",
      "alias" : "MANAGE_SP1",
      "length" : 2
    },
    {
      "name" : "MANAGE_SP2",
      "type" : "esriFieldTypeString",
      "alias" : "MANAGE_SP2",
      "length" : 50
    },
    {
      "name" : "DETAIL_SPO",
      "type" : "esriFieldTypeString",
      "alias" : "DETAIL_SPO",
      "length" : 200
    },
    {
      "name" : "ETC_MATTER",
      "type" : "esriFieldTypeString",
      "alias" : "ETC_MATTER",
      "length" : 200
    },
    {
      "name" : "MNTN_NM",
      "type" : "esriFieldTypeString",
      "alias" : "MNTN_NM",
      "length" : 50
    },
    {
      "name" : "PAST_SPOT_",
      "type" : "esriFieldTypeString",
      "alias" : "PAST_SPOT_",
      "length" : 14
    },
    {
      "name" : "MNTN_ID",
      "type" : "esriFieldTypeString",
      "alias" : "MNTN_ID",
      "length" : 10
    }
  ],
  "features" : [
    {
      "attributes" : {
        "FID" : 0,
        "PMNTN_SPOT" : 66494,
        "MNTN_CODE" : "467802301",
        "MANAGE_SP1" : "02",
        "MANAGE_SP2" : "분기점",
        "DETAIL_SPO" : "분기점",
        "ETC_MATTER" : " ",
        "MNTN_NM" : "오봉산",
        "PAST_SPOT_" : "4678023010001",
        "MNTN_ID" : "467802301"
      },
      "geometry" : {
        "x" : 215253.40667740908,
        "y" : 236276.90441065282
      }
    },
    {
      "attributes" : {
        "FID" : 1,
        "PMNTN_SPOT" : 66495,
        "MNTN_CODE" : "467802301",
        "MANAGE_SP1" : "02",
        "MANAGE_SP2" : "분기점",
        "DETAIL_SPO" : "분기점",
        "ETC_MATTER" : " ",
        "MNTN_NM" : "오봉산",
        "PAST_SPOT_" : "4678023010002",
        "MNTN_ID" : "467802301"
      },
      "geometry" : {
        "x" : 215464.31346680317,
        "y" : 236896.28313235193
      }
    },
    {
      "attributes" : {
        "FID" : 2,
        "PMNTN_SPOT" : 66496,
        "MNTN_CODE" : "467802301",
        "MANAGE_SP1" : "02",
        "MANAGE_SP2" : "분기점",
        "DETAIL_SPO" : "분기점",
        "ETC_MATTER" : " ",
        "MNTN_NM" : "오봉산",
        "PAST_SPOT_" : "4678023010003",
        "MNTN_ID" : "467802301"
      },
      "geometry" : {
        "x" : 216113.97878429201,
        "y" : 236121.49665640481
      }
    },
    {
      "attributes" : {
        "FID" : 3,
        "PMNTN_SPOT" : 66497,
        "MNTN_CODE" : "467802301",
        "MANAGE_SP1" : "01",
        "MANAGE_SP2" : "시종점",
        "DETAIL_SPO" : "시종점",
        "ETC_MATTER" : " ",
        "MNTN_NM" : "오봉산",
        "PAST_SPOT_" : "4678023010004",
        "MNTN_ID" : "467802301"
      },
      "geometry" : {
        "x" : 216161.55300000124,
        "y" : 237853.63839999959
      }
    },
    {
      "attributes" : {
        "FID" : 4,
        "PMNTN_SPOT" : 66498,
        "MNTN_CODE" : "467802301",
        "MANAGE_SP1" : "01",
        "MANAGE_SP2" : "시종점",
        "DETAIL_SPO" : "시종점",
        "ETC_MATTER" : " ",
        "MNTN_NM" : "오봉산",
        "PAST_SPOT_" : "4678023010005",
        "MNTN_ID" : "467802301"
      },
      "geometry" : {
        "x" : 216921.78030000068,
        "y" : 236953.02840000391
      }
    },
    {
      "attributes" : {
        "FID" : 5,
        "PMNTN_SPOT" : 66499,
        "MNTN_CODE" : "467802301",
        "MANAGE_SP1" : "02",
        "MANAGE_SP2" : "분기점",
        "DETAIL_SPO" : "분기점",
        "ETC_MATTER" : " ",
        "MNTN_NM" : "오봉산",
        "PAST_SPOT_" : "4678023010006",
        "MNTN_ID" : "467802301"
      },
      "geometry" : {
        "x" : 217378.16093645338,
        "y" : 236652.81879985146
      }
    },
    {
      "attributes" : {
        "FID" : 6,
        "PMNTN_SPOT" : 66500,
        "MNTN_CODE" : "467802301",
        "MANAGE_SP1" : "01",
        "MANAGE_SP2" : "시종점",
        "DETAIL_SPO" : "시종점",
        "ETC_MATTER" : " ",
        "MNTN_NM" : "오봉산",
        "PAST_SPOT_" : "4678023010007",
        "MNTN_ID" : "467802301"
      },
      "geometry" : {
        "x" : 217739.66000000108,
        "y" : 235731.31080000103
      }
    },
    {
      "attributes" : {
        "FID" : 7,
        "PMNTN_SPOT" : 66501,
        "MNTN_CODE" : "467802301",
        "MANAGE_SP1" : "01",
        "MANAGE_SP2" : "시종점",
        "DETAIL_SPO" : "시종점",
        "ETC_MATTER" : " ",
        "MNTN_NM" : "오봉산",
        "PAST_SPOT_" : "4678023010008",
        "MNTN_ID" : "467802301"
      },
      "geometry" : {
        "x" : 219016.95480000135,
        "y" : 238169.54680000059
      }
    },
    {
      "attributes" : {
        "FID" : 8,
        "PMNTN_SPOT" : 66502,
        "MNTN_CODE" : "467802301",
        "MANAGE_SP1" : "23",
        "MANAGE_SP2" : "정상",
        "DETAIL_SPO" : "정상",
        "ETC_MATTER" : " ",
        "MNTN_NM" : "오봉산",
        "PAST_SPOT_" : "4678023010009",
        "MNTN_ID" : "467802301"
      },
      "geometry" : {
        "x" : 216111.45246560499,
        "y" : 236109.76954743825
      }
    }
  ]
}