{
  "displayFieldName" : "",
  "fieldAliases" : {
    "FID" : "FID",
    "PMNTN_SN" : "PMNTN_SN",
    "MNTN_CODE" : "MNTN_CODE",
    "MNTN_NM" : "MNTN_NM",
    "PMNTN_NM" : "PMNTN_NM",
    "PMNTN_MAIN" : "PMNTN_MAIN",
    "PMNTN_LT" : "PMNTN_LT",
    "PMNTN_DFFL" : "PMNTN_DFFL",
    "PMNTN_UPPL" : "PMNTN_UPPL",
    "PMNTN_GODN" : "PMNTN_GODN",
    "PMNTN_MTRQ" : "PMNTN_MTRQ",
    "PMNTN_CNRL" : "PMNTN_CNRL",
    "PMNTN_CLS_" : "PMNTN_CLS_",
    "PMNTN_RISK" : "PMNTN_RISK",
    "PMNTN_RECO" : "PMNTN_RECO",
    "DATA_STDR_" : "DATA_STDR_",
    "MNTN_ID" : "MNTN_ID"
  },
  "geometryType" : "esriGeometryPolyline",
  "spatialReference" : {
    "wkt" : "PROJCS[\"PCS_ITRF2000_TM\",GEOGCS[\"GCS_ITRF_2000\",DATUM[\"D_ITRF_2000\",SPHEROID[\"GRS_1980\",6378137.0,298.257222101]],PRIMEM[\"Greenwich\",0.0],UNIT[\"Degree\",0.0174532925199433]],PROJECTION[\"Transverse_Mercator\"],PARAMETER[\"False_Easting\",200000.0],PARAMETER[\"False_Northing\",600000.0],PARAMETER[\"Central_Meridian\",127.0],PARAMETER[\"Scale_Factor\",1.0],PARAMETER[\"Latitude_Of_Origin\",38.0],UNIT[\"Meter\",1.0]]"
  },
  "fields" : [
    {
      "name" : "FID",
      "type" : "esriFieldTypeOID",
      "alias" : "FID"
    },
    {
      "name" : "PMNTN_SN",
      "type" : "esriFieldTypeDouble",
      "alias" : "PMNTN_SN"
    },
    {
      "name" : "MNTN_CODE",
      "type" : "esriFieldTypeString",
      "alias" : "MNTN_CODE",
      "length" : 9
    },
    {
      "name" : "MNTN_NM",
      "type" : "esriFieldTypeString",
      "alias" : "MNTN_NM",
      "length" : 50
    },
    {
      "name" : "PMNTN_NM",
      "type" : "esriFieldTypeString",
      "alias" : "PMNTN_NM",
      "length" : 50
    },
    {
      "name" : "PMNTN_MAIN",
      "type" : "esriFieldTypeString",
      "alias" : "PMNTN_MAIN",
      "length" : 200
    },
    {
      "name" : "PMNTN_LT",
      "type" : "esriFieldTypeSingle",
      "alias" : "PMNTN_LT"
    },
    {
      "name" : "PMNTN_DFFL",
      "type" : "esriFieldTypeString",
      "alias" : "PMNTN_DFFL",
      "length" : 8
    },
    {
      "name" : "PMNTN_UPPL",
      "type" : "esriFieldTypeDouble",
      "alias" : "PMNTN_UPPL"
    },
    {
      "name" : "PMNTN_GODN",
      "type" : "esriFieldTypeDouble",
      "alias" : "PMNTN_GODN"
    },
    {
      "name" : "PMNTN_MTRQ",
      "type" : "esriFieldTypeString",
      "alias" : "PMNTN_MTRQ",
      "length" : 200
    },
    {
      "name" : "PMNTN_CNRL",
      "type" : "esriFieldTypeString",
      "alias" : "PMNTN_CNRL",
      "length" : 1
    },
    {
      "name" : "PMNTN_CLS_",
      "type" : "esriFieldTypeString",
      "alias" : "PMNTN_CLS_",
      "length" : 1
    },
    {
      "name" : "PMNTN_RISK",
      "type" : "esriFieldTypeString",
      "alias" : "PMNTN_RISK",
      "length" : 200
    },
    {
      "name" : "PMNTN_RECO",
      "type" : "esriFieldTypeString",
      "alias" : "PMNTN_RECO",
      "length" : 1
    },
    {
      "name" : "DATA_STDR_",
      "type" : "esriFieldTypeString",
      "alias" : "DATA_STDR_",
      "length" : 10
    },
    {
      "name" : "MNTN_ID",
      "type" : "esriFieldTypeString",
      "alias" : "MNTN_ID",
      "length" : 10
    }
  ],
  "features" : [
    {
      "attributes" : {
        "FID" : 0,
        "PMNTN_SN" : 24168,
        "MNTN_CODE" : "468401501",
        "MNTN_NM" : "보평산",
        "PMNTN_NM" : "용월리구간",
        "PMNTN_MAIN" : " ",
        "PMNTN_LT" : 0.77,
        "PMNTN_DFFL" : "쉬움",
        "PMNTN_UPPL" : 14,
        "PMNTN_GODN" : 10,
        "PMNTN_MTRQ" : " ",
        "PMNTN_CNRL" : " ",
        "PMNTN_CLS_" : " ",
        "PMNTN_RISK" : " ",
        "PMNTN_RECO" : " ",
        "DATA_STDR_" : "2016-12-31",
        "MNTN_ID" : "468401501"
      },
      "geometry" : {
        "paths" : [
          [
            [
              151089.80990000255,
              268597.90360000357
            ],
            [
              151091.38480000105,
              268598.81599999964
            ],
            [
              151095.28100000229,
              268603.67669999972
            ],
            [
              151098.01559999958,
              268609.7751000002
            ],
            [
              151100.97810000181,
              268615.82799999975
            ],
            [
              151104.21050000004,
              268619.43850000016
            ],
            [
              151108.31479999982,
              268623.95419999957
            ],
            [
              151113.0560000008,
              268624.67210000008
            ],
            [
              151119.03480000049,
              268622.97590000369
            ],
            [
              151125.15110000037,
              268619.69240000285
            ],
            [
              151131.23070000205,
              268618.09539999999
            ],
            [
              151137.09069999959,
              268616.37760000117
            ],
            [
              151143.88180000056,
              268614.67699999921
            ],
            [
              151150.32889999915,
              268611.80230000243
            ],
            [
              151156.70729999989,
              268609.7266999986
            ],
            [
              151162.01580000203,
              268605.5933000017
            ],
            [
              151168.43369999994,
              268604.08330000006
            ],
            [
              151174.55580000207,
              268600.17850000225
            ],
            [
              151180.12540000025,
              268597.07550000213
            ],
            [
              151183.53780000098,
              268593.39599999972
            ],
            [
              151188.15920000058,
              268590.48660000227
            ],
            [
              151194.13800000027,
              268587.09300000034
            ],
            [
              151200.1173000019,
              268587.20519999973
            ],
            [
              151205.38220000081,
              268586.84420000389
            ],
            [
              151211.52070000116,
              268584.2928000018
            ],
            [
              151216.59829999972,
              268583.06740000099
            ],
            [
              151222.6138000004,
              268581.40440000035
            ],
            [
              151227.94370000064,
              268577.8478000015
            ],
            [
              151232.49600000307,
              268572.26500000246
            ],
            [
              151237.3945000004,
              268566.54730000161
            ],
            [
              151242.21200000122,
              268561.05190000124
            ],
            [
              151247.76769999973,
              268555.34180000238
            ],
            [
              151252.37910000049,
              268550.56860000454
            ],
            [
              151257.04360000324,
              268547.18200000189
            ],
            [
              151262.09009999968,
              268545.23570000194
            ],
            [
              151267.31470000278,
              268540.75880000368
            ],
            [
              151270.79530000221,
              268534.4718000032
            ],
            [
              151271.70999999996,
              268527.99880000204
            ],
            [
              151271.61220000219,
              268521.65320000239
            ],
            [
              151275.10200000089,
              268515.37719999999
            ],
            [
              151279.07589999866,
              268509.154099999
            ],
            [
              151284.5298000006,
              268504.86470000073
            ],
            [
              151289.77670000121,
              268502.8507000003
            ],
            [
              151292.37480000313,
              268502.21550000273
            ],
            [
              151293.72259999998,
              268506.76820000075
            ],
            [
              151297.48150000069,
              268513.24950000085
            ],
            [
              151299.03390000388,
              268520.20860000141
            ],
            [
              151301.13120000158,
              268526.65440000035
            ],
            [
              151306.25970000122,
              268533.22830000147
            ],
            [
              151310.31750000268,
              268535.880400002
            ],
            [
              151315.54630000051,
              268537.3059000019
            ],
            [
              151318.44400000013,
              268543.21490000188
            ],
            [
              151320.8814000003,
              268548.3830000069
            ],
            [
              151322.55960000027,
              268551.54710000195
            ],
            [
              151325.62740000151,
              268556.83390000276
            ],
            [
              151327.69040000159,
              268561.98189999908
            ],
            [
              151329.97360000387,
              268567.35050000064
            ],
            [
              151329.24550000299,
              268572.8684000019
            ],
            [
              151332.78699999861,
              268576.2666000016
            ],
            [
              151334.69140000083,
              268579.06340000033
            ],
            [
              151333.11780000012,
              268581.81220000423
            ],
            [
              151333.48309999984,
              268586.9691999983
            ],
            [
              151333.0887000002,
              268593.45050000213
            ],
            [
              151331.76899999939,
              268599.29329999723
            ],
            [
              151330.07809999958,
              268603.9953000024
            ],
            [
              151327.10690000188,
              268609.96900000423
            ],
            [
              151325.97050000075,
              268615.9550000038
            ],
            [
              151326.46750000212,
              268621.85469999909
            ],
            [
              151326.60600000247,
              268627.26810000278
            ],
            [
              151325.46870000102,
              268633.0877000019
            ],
            [
              151324.85109999962,
              268638.7936000023
            ],
            [
              151325.25870000012,
              268641.63159999996
            ],
            [
              151324.15460000001,
              268646.81870000251
            ],
            [
              151325.01460000034,
              268647.191300001
            ],
            [
              151324.19190000091,
              268648.68240000121
            ],
            [
              151323.00939999986,
              268652.86020000279
            ],
            [
              151322.30520000122,
              268657.74560000375
            ],
            [
              151320.32180000003,
              268662.37150000222
            ],
            [
              151319.95440000109,
              268667.06650000252
            ],
            [
              151320.46890000161,
              268671.11330000125
            ],
            [
              151321.96830000076,
              268676.69690000452
            ],
            [
              151321.53940000106,
              268681.84710000083
            ],
            [
              151323.14780000132,
              268689.03890000097
            ],
            [
              151325.69909999985,
              268693.31880000234
            ],
            [
              151324.90020000376,
              268699.25870000012
            ],
            [
              151327.06020000111,
              268703.77380000241
            ],
            [
              151330.3116000006,
              268710.97900000028
            ],
            [
              151331.9280000031,
              268714.5428000018
            ],
            [
              151332.66360000148,
              268718.97670000233
            ],
            [
              151333.28820000309,
              268721.41409999877
            ],
            [
              151334.27900000103,
              268724.07150000334
            ],
            [
              151336.03690000065,
              268730.19749999978
            ],
            [
              151340.09400000144,
              268736.14470000379
            ],
            [
              151341.73160000052,
              268740.27420000359
            ],
            [
              151342.61450000014,
              268743.23169999942
            ],
            [
              151342.21330000088,
              268744.12230000086
            ],
            [
              151342.0607000012,
              268745.11889999919
            ],
            [
              151342.19469999988,
              268746.125
            ],
            [
              151342.93420000188,
              268748.38900000043
            ],
            [
              151345.58330000192,
              268755.63070000149
            ],
            [
              151343.4497000007,
              268761.17830000073
            ],
            [
              151343.60880000051,
              268767.04639999941
            ],
            [
              151342.30590000004,
              268772.61180000007
            ],
            [
              151340.47680000216,
              268777.07049999945
            ],
            [
              151339.57420000061,
              268782.40069999732
            ],
            [
              151338.42770000268,
              268788.19820000045
            ],
            [
              151338.37740000058,
              268792.45869999938
            ],
            [
              151338.19469999988,
              268797.56320000254
            ],
            [
              151338.39840000123,
              268799.81430000439
            ],
            [
              151336.78729999997,
              268804.06110000238
            ],
            [
              151338.55710000359,
              268807.30230000056
            ],
            [
              151339.46930000093,
              268812.33439999819
            ],
            [
              151337.70610000193,
              268815.45030000061
            ],
            [
              151336.69319999963,
              268820.62570000067
            ],
            [
              151337.74899999984,
              268825.20219999924
            ],
            [
              151338.33280000091,
              268830.25819999911
            ],
            [
              151338.51030000113,
              268836.1483999975
            ],
            [
              151338.99050000031,
              268842.32560000196
            ],
            [
              151339.85370000172,
              268846.71440000273
            ],
            [
              151338.50729999971,
              268850.98190000094
            ],
            [
              151336.72600000352,
              268854.13110000081
            ],
            [
              151338.61029999983,
              268856.58410000242
            ],
            [
              151337.73330000229,
              268858.15310000442
            ],
            [
              151335.14160000253,
              268859.96430000104
            ],
            [
              151336.62959999964,
              268861.70930000395
            ],
            [
              151340.87510000076,
              268865.35889999941
            ],
            [
              151343.5111999996,
              268868.45130000263
            ],
            [
              151342.27360000089,
              268872.57399999909
            ],
            [
              151339.46110000182,
              268874.05350000039
            ],
            [
              151336.77980000153,
              268876.17580000311
            ],
            [
              151333.85010000132,
              268877.92219999991
            ],
            [
              151332.7293000035,
              268879.98060000129
            ],
            [
              151334.56580000091,
              268882.04549999908
            ],
            [
              151336.8069000002,
              268884.6630000025
            ],
            [
              151340.45959999971,
              268886.68490000069
            ],
            [
              151342.40070000291,
              268887.81719999947
            ],
            [
              151346.40000000224,
              268889.80399999768
            ],
            [
              151345.57710000314,
              268894.6678000018
            ],
            [
              151344.54740000051,
              268900.10970000178
            ],
            [
              151343.56880000327,
              268903.17699999921
            ],
            [
              151341.60260000359,
              268907.59199999832
            ],
            [
              151336.99930000119,
              268912.14320000261
            ],
            [
              151336.80830000062,
              268917.40300000273
            ],
            [
              151336.10200000089,
              268921.88899999857
            ],
            [
              151337.65340000018,
              268923.5449000001
            ],
            [
              151340.54750000127,
              268921.95399999991
            ],
            [
              151345.19800000079,
              268924.52530000359
            ],
            [
              151349.17090000212,
              268928.39829999954
            ],
            [
              151352.99260000233,
              268931.30690000206
            ],
            [
              151357.77599999961,
              268933.13409999944
            ],
            [
              151363.37520000245,
              268937.30910000205
            ]
          ]
        ]
      }
    },
    {
      "attributes" : {
        "FID" : 1,
        "PMNTN_SN" : 24169,
        "MNTN_CODE" : "468401501",
        "MNTN_NM" : "보평산",
        "PMNTN_NM" : "용월리구간",
        "PMNTN_MAIN" : " ",
        "PMNTN_LT" : 1.2,
        "PMNTN_DFFL" : "쉬움",
        "PMNTN_UPPL" : 21,
        "PMNTN_GODN" : 15,
        "PMNTN_MTRQ" : " ",
        "PMNTN_CNRL" : " ",
        "PMNTN_CLS_" : "Y",
        "PMNTN_RISK" : " ",
        "PMNTN_RECO" : " ",
        "DATA_STDR_" : "2016-12-31",
        "MNTN_ID" : "468401501"
      },
      "geometry" : {
        "paths" : [
          [
            [
              151485.12580000143,
              269238.85400000401
            ],
            [
              151507.57270000223,
              269251.34290000424
            ],
            [
              151512.45630000066,
              269256.27570000105
            ],
            [
              151519.92480000015,
              269267.76579999924
            ],
            [
              151520.86540000048,
              269275.95099999942
            ],
            [
              151525.11259999964,
              269277.28109999932
            ],
            [
              151541.78570000269,
              269280.3096000012
            ],
            [
              151558.12500000373,
              269284.64530000463
            ],
            [
              151572.802000002,
              269294.20820000209
            ],
            [
              151580.31139999907,
              269297.51800000295
            ],
            [
              151587.78490000311,
              269308.02649999969
            ],
            [
              151591.68850000203,
              269312.62710000016
            ],
            [
              151600.83560000081,
              269315.61790000275
            ],
            [
              151605.09270000085,
              269314.98479999974
            ],
            [
              151613.2910000002,
              269311.42640000023
            ],
            [
              151625.75130000245,
              269306.25330000371
            ],
            [
              151638.54690000042,
              269299.44580000266
            ],
            [
              151644.12920000218,
              269295.54710000008
            ],
            [
              151648.38460000418,
              269295.24120000005
            ],
            [
              151653.92750000302,
              269299.19560000114
            ],
            [
              151659.45570000354,
              269306.09490000457
            ],
            [
              151665.96219999902,
              269313.65350000001
            ],
            [
              151673.13140000403,
              269319.57940000296
            ],
            [
              151681.60940000042,
              269325.51180000044
            ],
            [
              151697.96020000149,
              269327.55700000003
            ],
            [
              151718.57450000197,
              269327.66029999964
            ],
            [
              151728.71150000021,
              269329.01989999972
            ],
            [
              151738.18259999994,
              269332.66679999977
            ],
            [
              151746.30880000163,
              269343.50569999963
            ],
            [
              151758.38130000141,
              269350.43779999949
            ],
            [
              151773.0828000037,
              269355.09249999933
            ],
            [
              151777.98770000134,
              269355.77150000073
            ],
            [
              151785.50210000109,
              269358.09970000014
            ],
            [
              151792.68600000255,
              269361.08070000261
            ],
            [
              151796.93490000255,
              269362.08360000141
            ],
            [
              151802.83619999979,
              269359.82259999961
            ],
            [
              151805.80730000231,
              269354.60199999996
            ],
            [
              151813.3971000025,
              269341.87840000167
            ],
            [
              151818.04849999957,
              269327.83130000159
            ],
            [
              151821.71669999976,
              269314.10639999993
            ],
            [
              151833.92179999966,
              269294.53429999948
            ],
            [
              151849.05880000256,
              269277.59470000118
            ],
            [
              151861.20330000203,
              269270.12950000167
            ],
            [
              151875.29149999935,
              269266.6006000042
            ],
            [
              151894.70999999996,
              269244.11969999969
            ],
            [
              151904.57550000306,
              269234.35250000283
            ],
            [
              151926.21090000402,
              269226.60759999976
            ],
            [
              151947.21960000321,
              269213.29680000246
            ],
            [
              151957.05399999954,
              269209.74660000205
            ],
            [
              151975.12600000389,
              269194.78500000201
            ],
            [
              151995.22690000013,
              269166.74470000155
            ],
            [
              152007.78380000219,
              269142.26610000059
            ],
            [
              152015.1464000009,
              269109.5810000021
            ],
            [
              152022.24230000377,
              269064.7873999998
            ],
            [
              152032.20290000364,
              269036.04190000147
            ],
            [
              152034.32020000089,
              269005.2938000001
            ],
            [
              152042.31749999989,
              268976.53849999979
            ],
            [
              152070.14410000108,
              268908.61610000022
            ],
            [
              152092.74850000162,
              268838.04970000125
            ],
            [
              152105.32350000087,
              268809.97179999948
            ],
            [
              152110.65060000215,
              268791.67410000041
            ],
            [
              152112.10690000188,
              268762.23159999959
            ],
            [
              152110.87349999882,
              268747.17329999991
            ],
            [
              152110.25510000065,
              268739.97140000015
            ],
            [
              152110.32060000021,
              268726.88289999962
            ],
            [
              152110.70850000158,
              268714.77770000137
            ],
            [
              152113.03340000007,
              268707.91770000197
            ],
            [
              152118.317900002,
              268698.12759999931
            ],
            [
              152137.31919999979,
              268693.6417000033
            ],
            [
              152162.18400000129,
              268694.42060000449
            ]
          ]
        ]
      }
    },
    {
      "attributes" : {
        "FID" : 2,
        "PMNTN_SN" : 24170,
        "MNTN_CODE" : "468401501",
        "MNTN_NM" : "보평산",
        "PMNTN_NM" : "용월리구간",
        "PMNTN_MAIN" : " ",
        "PMNTN_LT" : 0.4,
        "PMNTN_DFFL" : "쉬움",
        "PMNTN_UPPL" : 7,
        "PMNTN_GODN" : 5,
        "PMNTN_MTRQ" : " ",
        "PMNTN_CNRL" : " ",
        "PMNTN_CLS_" : " ",
        "PMNTN_RISK" : " ",
        "PMNTN_RECO" : " ",
        "DATA_STDR_" : "2016-12-31",
        "MNTN_ID" : "468401501"
      },
      "geometry" : {
        "paths" : [
          [
            [
              151485.12580000143,
              269238.85400000401
            ],
            [
              151479.30850000121,
              269239.96110000275
            ],
            [
              151477.99830000009,
              269242.4310999997
            ],
            [
              151477.47650000267,
              269249.00189999864
            ],
            [
              151476.19520000089,
              269256.93020000309
            ],
            [
              151475.74060000014,
              269264.09970000014
            ],
            [
              151475.19529999886,
              269271.40279999934
            ],
            [
              151472.8647000026,
              269277.65040000342
            ],
            [
              151469.56720000226,
              269284.03630000167
            ],
            [
              151469.05630000308,
              269289.20899999887
            ],
            [
              151468.33240000065,
              269293.8171999976
            ],
            [
              151470.30110000167,
              269301.86130000278
            ],
            [
              151470.86970000062,
              269309.22510000132
            ],
            [
              151471.446700003,
              269316.45570000261
            ],
            [
              151470.81910000183,
              269325.43450000137
            ],
            [
              151470.59250000212,
              269332.58060000278
            ],
            [
              151469.4310000008,
              269338.99950000085
            ],
            [
              151468.74920000136,
              269344.66130000353
            ],
            [
              151468.02840000018,
              269349.83530000225
            ],
            [
              151467.74679999985,
              269353.52020000294
            ],
            [
              151466.6305000009,
              269363.26710000448
            ],
            [
              151467.72150000371,
              269367.62150000222
            ],
            [
              151465.9580000015,
              269372.40159999765
            ],
            [
              151464.93940000329,
              269376.50090000033
            ],
            [
              151462.25880000275,
              269382.16230000183
            ],
            [
              151462.6333999997,
              269387.36360000446
            ],
            [
              151459.98890000116,
              269391.22760000266
            ],
            [
              151459.20360000152,
              269396.30190000124
            ],
            [
              151459.27640000265,
              269399.68539999984
            ],
            [
              151460.17939999886,
              269404.7285999991
            ],
            [
              151462.31280000042,
              269407.71279999986
            ],
            [
              151464.4485000018,
              269411.12970000133
            ],
            [
              151464.65070000105,
              269411.40590000153
            ],
            [
              151464.98149999976,
              269413.53430000134
            ],
            [
              151465.98020000197,
              269415.98090000078
            ],
            [
              151465.98930000141,
              269415.96970000118
            ],
            [
              151467.03720000386,
              269417.35099999979
            ],
            [
              151468.55530000292,
              269421.3479999993
            ],
            [
              151470.63550000079,
              269426.34070000052
            ],
            [
              151472.94099999964,
              269430.8105999995
            ],
            [
              151477.46530000214,
              269435.44620000198
            ],
            [
              151481.45410000253,
              269437.22220000438
            ],
            [
              151487.29450000264,
              269440.48630000278
            ],
            [
              151491.57690000255,
              269444.25780000165
            ],
            [
              151493.67090000026,
              269448.41819999926
            ],
            [
              151497.34950000234,
              269453.64630000293
            ],
            [
              151499.71569999959,
              269459.2143000029
            ],
            [
              151502.45580000244,
              269463.02739999816
            ],
            [
              151507.09960000031,
              269466.12030000053
            ],
            [
              151511.31439999957,
              269469.19320000149
            ],
            [
              151515.46859999932,
              269474.6074000001
            ],
            [
              151518.36880000122,
              269477.63190000132
            ],
            [
              151522.64120000135,
              269482.9568000026
            ],
            [
              151525.99170000292,
              269488.27539999969
            ],
            [
              151528.20189999975,
              269493.71110000089
            ],
            [
              151530.64950000122,
              269499.15670000017
            ],
            [
              151533.99040000141,
              269504.39770000055
            ],
            [
              151536.29780000076,
              269509.21150000021
            ],
            [
              151538.84190000128,
              269513.92430000007
            ],
            [
              151541.98980000149,
              269518.91119999997
            ],
            [
              151543.18340000417,
              269523.67550000176
            ],
            [
              151545.0446000006,
              269528.69140000455
            ],
            [
              151547.48790000286,
              269531.61860000156
            ],
            [
              151552.79200000037,
              269535.30700000003
            ],
            [
              151558.20360000152,
              269536.89800000191
            ],
            [
              151562.76319999993,
              269537.90560000204
            ],
            [
              151567.33510000352,
              269539.47900000401
            ],
            [
              151570.31310000084,
              269541.70419999957
            ],
            [
              151573.3386000013,
              269542.55350000039
            ],
            [
              151577.40330000222,
              269543.16430000216
            ],
            [
              151580.70530000236,
              269544.50029999949
            ],
            [
              151583.37970000133,
              269546.27230000123
            ],
            [
              151584.14009999949,
              269546.81190000102
            ],
            [
              151588.55789999943,
              269550.30540000275
            ],
            [
              151592.87600000016,
              269550.51539999992
            ],
            [
              151596.50790000241,
              269550.3655999992
            ],
            [
              151600.41939999908,
              269549.6659000013
            ],
            [
              151604.26490000077,
              269547.05740000308
            ]
          ]
        ]
      }
    },
    {
      "attributes" : {
        "FID" : 3,
        "PMNTN_SN" : 24171,
        "MNTN_CODE" : "468401501",
        "MNTN_NM" : "보평산",
        "PMNTN_NM" : "용월리구간",
        "PMNTN_MAIN" : " ",
        "PMNTN_LT" : 0.35,
        "PMNTN_DFFL" : "쉬움",
        "PMNTN_UPPL" : 6,
        "PMNTN_GODN" : 4,
        "PMNTN_MTRQ" : " ",
        "PMNTN_CNRL" : " ",
        "PMNTN_CLS_" : " ",
        "PMNTN_RISK" : " ",
        "PMNTN_RECO" : " ",
        "DATA_STDR_" : "2016-12-31",
        "MNTN_ID" : "468401501"
      },
      "geometry" : {
        "paths" : [
          [
            [
              151363.37520000245,
              268937.30910000205
            ],
            [
              151367.68050000351,
              268943.61000000127
            ],
            [
              151370.8507000003,
              268951.00430000201
            ],
            [
              151373.47950000037,
              268956.14920000173
            ],
            [
              151374.44820000045,
              268959.80530000106
            ],
            [
              151377.29620000068,
              268966.69089999981
            ],
            [
              151381.25770000089,
              268973.57059999742
            ],
            [
              151384.98929999955,
              268978.41009999998
            ],
            [
              151388.53780000005,
              268983.15069999918
            ],
            [
              151393.29030000046,
              268989.44930000231
            ],
            [
              151398.01490000077,
              268993.93960000016
            ],
            [
              151401.90730000008,
              268999.85440000147
            ],
            [
              151405.52940000314,
              269004.70560000092
            ],
            [
              151408.85820000153,
              269009.33650000207
            ],
            [
              151412.73520000372,
              269015.78400000744
            ],
            [
              151415.04850000329,
              269021.67390000075
            ],
            [
              151420.39850000199,
              269027.07060000114
            ],
            [
              151425.43740000203,
              269032.30260000192
            ],
            [
              151429.21670000255,
              269037.56350000389
            ],
            [
              151429.78880000114,
              269043.85110000148
            ],
            [
              151431.33650000021,
              269049.96700000018
            ],
            [
              151434.50160000101,
              269054.69859999977
            ],
            [
              151435.41730000079,
              269060.40750000067
            ],
            [
              151439.37620000169,
              269065.09039999917
            ],
            [
              151443.54050000012,
              269068.94030000269
            ],
            [
              151447.2526000021,
              269073.55800000206
            ],
            [
              151450.93110000063,
              269076.92100000381
            ],
            [
              151455.27320000157,
              269081.6809000019
            ],
            [
              151460.32150000334,
              269083.56230000034
            ],
            [
              151466.45690000057,
              269087.32390000299
            ],
            [
              151470.01800000295,
              269091.02160000242
            ],
            [
              151473.50980000012,
              269095.41870000027
            ],
            [
              151474.01590000186,
              269103.04910000227
            ],
            [
              151476.50810000114,
              269108.28350000083
            ],
            [
              151476.63380000181,
              269113.03130000271
            ],
            [
              151475.99629999883,
              269123.58559999987
            ],
            [
              151477.01750000007,
              269131.94549999945
            ],
            [
              151480.68180000037,
              269139.61449999921
            ],
            [
              151483.42870000191,
              269142.95050000027
            ],
            [
              151485.03699999955,
              269146.74730000086
            ],
            [
              151487.50909999944,
              269148.19870000146
            ],
            [
              151488.34120000154,
              269150.20240000263
            ],
            [
              151486.78129999992,
              269155.50280000269
            ],
            [
              151485.59580000024,
              269159.11480000243
            ],
            [
              151482.24700000044,
              269166.14440000616
            ],
            [
              151480.03050000127,
              269171.57039999962
            ],
            [
              151479.52740000002,
              269176.4990000017
            ],
            [
              151480.57690000068,
              269179.89950000122
            ],
            [
              151480.33980000112,
              269185.08190000243
            ],
            [
              151481.34960000124,
              269189.60310000181
            ],
            [
              151484.62150000222,
              269195.57680000365
            ],
            [
              151485.10420000087,
              269200.5223000031
            ],
            [
              151485.22709999979,
              269206.44620000012
            ],
            [
              151485.97080000117,
              269210.7137000002
            ],
            [
              151485.6827000007,
              269218.30389999971
            ],
            [
              151485.3403000012,
              269224.28560000099
            ],
            [
              151484.84499999974,
              269227.26160000265
            ],
            [
              151485.12820000295,
              269234.17210000195
            ],
            [
              151485.12580000143,
              269238.85400000401
            ]
          ]
        ]
      }
    },
    {
      "attributes" : {
        "FID" : 4,
        "PMNTN_SN" : 24172,
        "MNTN_CODE" : "468401501",
        "MNTN_NM" : "보평산",
        "PMNTN_NM" : "용월리구간",
        "PMNTN_MAIN" : " ",
        "PMNTN_LT" : 0.37,
        "PMNTN_DFFL" : "쉬움",
        "PMNTN_UPPL" : 7,
        "PMNTN_GODN" : 5,
        "PMNTN_MTRQ" : " ",
        "PMNTN_CNRL" : " ",
        "PMNTN_CLS_" : " ",
        "PMNTN_RISK" : " ",
        "PMNTN_RECO" : " ",
        "DATA_STDR_" : "2016-12-31",
        "MNTN_ID" : "468401501"
      },
      "geometry" : {
        "paths" : [
          [
            [
              151363.37520000245,
              268937.30910000205
            ],
            [
              151357.00567684509,
              268951.30190465041
            ],
            [
              151346.58470742498,
              268959.11763171665
            ],
            [
              151329.97628741153,
              268964.97942700982
            ],
            [
              151310.11131445412,
              268972.46949877962
            ],
            [
              151300.66731091775,
              268985.82136585377
            ],
            [
              151291.5489626741,
              268992.33447173797
            ],
            [
              151280.80233795941,
              269005.36068351194
            ],
            [
              151276.5688191345,
              269016.10730822943
            ],
            [
              151275.26619795617,
              269031.08745176904
            ],
            [
              151272.98661089409,
              269034.01834942028
            ],
            [
              151270.05571324471,
              269035.64662589133
            ],
            [
              151263.21695206314,
              269037.60055765882
            ],
            [
              151254.74991440959,
              269042.48538707569
            ],
            [
              151232.93100968562,
              269082.86664357781
            ],
            [
              151225.76659320854,
              269101.42899535596
            ],
            [
              151221.85872967821,
              269110.54734360054
            ],
            [
              151216.9739002604,
              269113.15258595347
            ],
            [
              151205.90162025299,
              269111.52430948243
            ],
            [
              151188.96754494682,
              269112.17562007159
            ],
            [
              151181.15181787871,
              269116.40913889557
            ],
            [
              151172.03346963786,
              269127.1557636112
            ],
            [
              151153.79677315336,
              269160.3726036381
            ],
            [
              151141.42187196575,
              269190.00723542832
            ],
            [
              151140.11925078742,
              269198.14861778915
            ]
          ]
        ]
      }
    },
    {
      "attributes" : {
        "FID" : 5,
        "PMNTN_SN" : 24173,
        "MNTN_CODE" : "468401501",
        "MNTN_NM" : "보평산",
        "PMNTN_NM" : "용월리구간",
        "PMNTN_MAIN" : " ",
        "PMNTN_LT" : 0.08,
        "PMNTN_DFFL" : "쉬움",
        "PMNTN_UPPL" : 1,
        "PMNTN_GODN" : 1,
        "PMNTN_MTRQ" : " ",
        "PMNTN_CNRL" : " ",
        "PMNTN_CLS_" : "Y",
        "PMNTN_RISK" : " ",
        "PMNTN_RECO" : " ",
        "DATA_STDR_" : "2016-12-31",
        "MNTN_ID" : "468401501"
      },
      "geometry" : {
        "paths" : [
          [
            [
              151140.11925078742,
              269198.14861778915
            ],
            [
              151150.21456491388,
              269198.14861778915
            ],
            [
              151159.33291315753,
              269199.12558366917
            ],
            [
              151176.9182990538,
              269208.56958720647
            ],
            [
              151189.61885553412,
              269222.24710956961
            ],
            [
              151206.8785861358,
              269236.57594252378
            ]
          ]
        ]
      }
    },
    {
      "attributes" : {
        "FID" : 6,
        "PMNTN_SN" : 24174,
        "MNTN_CODE" : "468401501",
        "MNTN_NM" : "보평산",
        "PMNTN_NM" : "용월리구간",
        "PMNTN_MAIN" : " ",
        "PMNTN_LT" : 0.22,
        "PMNTN_DFFL" : "쉬움",
        "PMNTN_UPPL" : 4,
        "PMNTN_GODN" : 3,
        "PMNTN_MTRQ" : " ",
        "PMNTN_CNRL" : " ",
        "PMNTN_CLS_" : "Y",
        "PMNTN_RISK" : " ",
        "PMNTN_RECO" : " ",
        "DATA_STDR_" : "2016-12-31",
        "MNTN_ID" : "468401501"
      },
      "geometry" : {
        "paths" : [
          [
            [
              151140.11925078742,
              269198.14861778915
            ],
            [
              151126.44172842521,
              269205.96434485354
            ],
            [
              151104.94847899582,
              269223.5497307498
            ],
            [
              151078.89605544414,
              269242.76339311898
            ],
            [
              151034.60693540797,
              269274.35195666924
            ],
            [
              151022.23203422409,
              269285.09858138673
            ],
            [
              151015.39327304251,
              269288.35513432883
            ],
            [
              151003.99533773959,
              269290.30906609446
            ],
            [
              150992.5974024348,
              269290.30906610005
            ],
            [
              150978.26856948528,
              269286.40120256133
            ],
            [
              150949.61090357602,
              269276.63154373132
            ]
          ]
        ]
      }
    }
  ]
}