{
  "displayFieldName" : "",
  "fieldAliases" : {
    "FID" : "FID",
    "PMNTN_SPOT" : "PMNTN_SPOT",
    "MNTN_CODE" : "MNTN_CODE",
    "MANAGE_SP1" : "MANAGE_SP1",
    "MANAGE_SP2" : "MANAGE_SP2",
    "DETAIL_SPO" : "DETAIL_SPO",
    "ETC_MATTER" : "ETC_MATTER",
    "MNTN_NM" : "MNTN_NM",
    "PAST_SPOT_" : "PAST_SPOT_",
    "MNTN_ID" : "MNTN_ID"
  },
  "geometryType" : "esriGeometryPoint",
  "spatialReference" : {
    "wkt" : "PROJCS[\"PCS_ITRF2000_TM\",GEOGCS[\"GCS_ITRF_2000\",DATUM[\"D_ITRF_2000\",SPHEROID[\"GRS_1980\",6378137.0,298.257222101]],PRIMEM[\"Greenwich\",0.0],UNIT[\"Degree\",0.0174532925199433]],PROJECTION[\"Transverse_Mercator\"],PARAMETER[\"False_Easting\",200000.0],PARAMETER[\"False_Northing\",600000.0],PARAMETER[\"Central_Meridian\",127.0],PARAMETER[\"Scale_Factor\",1.0],PARAMETER[\"Latitude_Of_Origin\",38.0],UNIT[\"Meter\",1.0]]"
  },
  "fields" : [
    {
      "name" : "FID",
      "type" : "esriFieldTypeOID",
      "alias" : "FID"
    },
    {
      "name" : "PMNTN_SPOT",
      "type" : "esriFieldTypeDouble",
      "alias" : "PMNTN_SPOT"
    },
    {
      "name" : "MNTN_CODE",
      "type" : "esriFieldTypeString",
      "alias" : "MNTN_CODE",
      "length" : 9
    },
    {
      "name" : "MANAGE_SP1",
      "type" : "esriFieldTypeString",
      "alias" : "MANAGE_SP1",
      "length" : 2
    },
    {
      "name" : "MANAGE_SP2",
      "type" : "esriFieldTypeString",
      "alias" : "MANAGE_SP2",
      "length" : 50
    },
    {
      "name" : "DETAIL_SPO",
      "type" : "esriFieldTypeString",
      "alias" : "DETAIL_SPO",
      "length" : 200
    },
    {
      "name" : "ETC_MATTER",
      "type" : "esriFieldTypeString",
      "alias" : "ETC_MATTER",
      "length" : 200
    },
    {
      "name" : "MNTN_NM",
      "type" : "esriFieldTypeString",
      "alias" : "MNTN_NM",
      "length" : 50
    },
    {
      "name" : "PAST_SPOT_",
      "type" : "esriFieldTypeString",
      "alias" : "PAST_SPOT_",
      "length" : 14
    },
    {
      "name" : "MNTN_ID",
      "type" : "esriFieldTypeString",
      "alias" : "MNTN_ID",
      "length" : 10
    }
  ],
  "features" : [
    {
      "attributes" : {
        "FID" : 0,
        "PMNTN_SPOT" : 21640,
        "MNTN_CODE" : "451900901",
        "MANAGE_SP1" : "01",
        "MANAGE_SP2" : "시종점",
        "DETAIL_SPO" : "시종점",
        "ETC_MATTER" : " ",
        "MNTN_NM" : "덕음산",
        "PAST_SPOT_" : "4519009010001",
        "MNTN_ID" : "451900901"
      },
      "geometry" : {
        "x" : 234793.35800000094,
        "y" : 311737.62250000238
      }
    },
    {
      "attributes" : {
        "FID" : 1,
        "PMNTN_SPOT" : 21641,
        "MNTN_CODE" : "451900901",
        "MANAGE_SP1" : "01",
        "MANAGE_SP2" : "시종점",
        "DETAIL_SPO" : "시종점",
        "ETC_MATTER" : " ",
        "MNTN_NM" : "덕음산",
        "PAST_SPOT_" : "4519009010002",
        "MNTN_ID" : "451900901"
      },
      "geometry" : {
        "x" : 235108.16520000063,
        "y" : 311957.82850000262
      }
    },
    {
      "attributes" : {
        "FID" : 2,
        "PMNTN_SPOT" : 21642,
        "MNTN_CODE" : "451900901",
        "MANAGE_SP1" : "02",
        "MANAGE_SP2" : "분기점",
        "DETAIL_SPO" : "분기점",
        "ETC_MATTER" : " ",
        "MNTN_NM" : "덕음산",
        "PAST_SPOT_" : "4519009010003",
        "MNTN_ID" : "451900901"
      },
      "geometry" : {
        "x" : 235136.380400002,
        "y" : 311891.45800000057
      }
    },
    {
      "attributes" : {
        "FID" : 3,
        "PMNTN_SPOT" : 21643,
        "MNTN_CODE" : "451900901",
        "MANAGE_SP1" : "02",
        "MANAGE_SP2" : "분기점",
        "DETAIL_SPO" : "분기점",
        "ETC_MATTER" : " ",
        "MNTN_NM" : "덕음산",
        "PAST_SPOT_" : "4519009010004",
        "MNTN_ID" : "451900901"
      },
      "geometry" : {
        "x" : 235256.52290000021,
        "y" : 311519.96340000071
      }
    },
    {
      "attributes" : {
        "FID" : 4,
        "PMNTN_SPOT" : 21644,
        "MNTN_CODE" : "451900901",
        "MANAGE_SP1" : "01",
        "MANAGE_SP2" : "시종점",
        "DETAIL_SPO" : "시종점",
        "ETC_MATTER" : " ",
        "MNTN_NM" : "덕음산",
        "PAST_SPOT_" : "4519009010005",
        "MNTN_ID" : "451900901"
      },
      "geometry" : {
        "x" : 235336.9907999998,
        "y" : 312256.70959999971
      }
    },
    {
      "attributes" : {
        "FID" : 5,
        "PMNTN_SPOT" : 21645,
        "MNTN_CODE" : "451900901",
        "MANAGE_SP1" : "01",
        "MANAGE_SP2" : "시종점",
        "DETAIL_SPO" : "시종점",
        "ETC_MATTER" : " ",
        "MNTN_NM" : "덕음산",
        "PAST_SPOT_" : "4519009010006",
        "MNTN_ID" : "451900901"
      },
      "geometry" : {
        "x" : 235359.58640000131,
        "y" : 311501.86380000226
      }
    },
    {
      "attributes" : {
        "FID" : 6,
        "PMNTN_SPOT" : 21646,
        "MNTN_CODE" : "451900901",
        "MANAGE_SP1" : "01",
        "MANAGE_SP2" : "시종점",
        "DETAIL_SPO" : "시종점",
        "ETC_MATTER" : " ",
        "MNTN_NM" : "덕음산",
        "PAST_SPOT_" : "4519009010007",
        "MNTN_ID" : "451900901"
      },
      "geometry" : {
        "x" : 235450.82540000044,
        "y" : 312349.65300000273
      }
    },
    {
      "attributes" : {
        "FID" : 7,
        "PMNTN_SPOT" : 21647,
        "MNTN_CODE" : "451900901",
        "MANAGE_SP1" : "02",
        "MANAGE_SP2" : "분기점",
        "DETAIL_SPO" : "분기점",
        "ETC_MATTER" : " ",
        "MNTN_NM" : "덕음산",
        "PAST_SPOT_" : "4519009010008",
        "MNTN_ID" : "451900901"
      },
      "geometry" : {
        "x" : 235500.58990000095,
        "y" : 312034.99930000119
      }
    },
    {
      "attributes" : {
        "FID" : 8,
        "PMNTN_SPOT" : 21648,
        "MNTN_CODE" : "451900901",
        "MANAGE_SP1" : "02",
        "MANAGE_SP2" : "분기점",
        "DETAIL_SPO" : "분기점",
        "ETC_MATTER" : " ",
        "MNTN_NM" : "덕음산",
        "PAST_SPOT_" : "4519009010009",
        "MNTN_ID" : "451900901"
      },
      "geometry" : {
        "x" : 235509.17950000055,
        "y" : 312135.15080000274
      }
    },
    {
      "attributes" : {
        "FID" : 9,
        "PMNTN_SPOT" : 21649,
        "MNTN_CODE" : "451900901",
        "MANAGE_SP1" : "01",
        "MANAGE_SP2" : "시종점",
        "DETAIL_SPO" : "시종점",
        "ETC_MATTER" : " ",
        "MNTN_NM" : "덕음산",
        "PAST_SPOT_" : "4519009010010",
        "MNTN_ID" : "451900901"
      },
      "geometry" : {
        "x" : 235607.12200000044,
        "y" : 312440.8956000004
      }
    },
    {
      "attributes" : {
        "FID" : 10,
        "PMNTN_SPOT" : 21650,
        "MNTN_CODE" : "451900901",
        "MANAGE_SP1" : "02",
        "MANAGE_SP2" : "분기점",
        "DETAIL_SPO" : "분기점",
        "ETC_MATTER" : " ",
        "MNTN_NM" : "덕음산",
        "PAST_SPOT_" : "4519009010011",
        "MNTN_ID" : "451900901"
      },
      "geometry" : {
        "x" : 235636.46410000045,
        "y" : 312316.57100000419
      }
    },
    {
      "attributes" : {
        "FID" : 11,
        "PMNTN_SPOT" : 21651,
        "MNTN_CODE" : "451900901",
        "MANAGE_SP1" : "02",
        "MANAGE_SP2" : "분기점",
        "DETAIL_SPO" : "분기점",
        "ETC_MATTER" : " ",
        "MNTN_NM" : "덕음산",
        "PAST_SPOT_" : "4519009010012",
        "MNTN_ID" : "451900901"
      },
      "geometry" : {
        "x" : 235693.26090000011,
        "y" : 312079.30840000138
      }
    },
    {
      "attributes" : {
        "FID" : 12,
        "PMNTN_SPOT" : 21652,
        "MNTN_CODE" : "451900901",
        "MANAGE_SP1" : "02",
        "MANAGE_SP2" : "분기점",
        "DETAIL_SPO" : "분기점",
        "ETC_MATTER" : " ",
        "MNTN_NM" : "덕음산",
        "PAST_SPOT_" : "4519009010013",
        "MNTN_ID" : "451900901"
      },
      "geometry" : {
        "x" : 235784.13630000129,
        "y" : 312231.99040000141
      }
    },
    {
      "attributes" : {
        "FID" : 13,
        "PMNTN_SPOT" : 21653,
        "MNTN_CODE" : "451900901",
        "MANAGE_SP1" : "02",
        "MANAGE_SP2" : "분기점",
        "DETAIL_SPO" : "분기점",
        "ETC_MATTER" : " ",
        "MNTN_NM" : "덕음산",
        "PAST_SPOT_" : "4519009010014",
        "MNTN_ID" : "451900901"
      },
      "geometry" : {
        "x" : 235805.95190000162,
        "y" : 312101.88210000098
      }
    },
    {
      "attributes" : {
        "FID" : 14,
        "PMNTN_SPOT" : 21654,
        "MNTN_CODE" : "451900901",
        "MANAGE_SP1" : "01",
        "MANAGE_SP2" : "시종점",
        "DETAIL_SPO" : "시종점",
        "ETC_MATTER" : " ",
        "MNTN_NM" : "덕음산",
        "PAST_SPOT_" : "4519009010015",
        "MNTN_ID" : "451900901"
      },
      "geometry" : {
        "x" : 235816.06599999871,
        "y" : 312570.97460000217
      }
    },
    {
      "attributes" : {
        "FID" : 15,
        "PMNTN_SPOT" : 21655,
        "MNTN_CODE" : "451900901",
        "MANAGE_SP1" : "02",
        "MANAGE_SP2" : "분기점",
        "DETAIL_SPO" : "분기점",
        "ETC_MATTER" : " ",
        "MNTN_NM" : "덕음산",
        "PAST_SPOT_" : "4519009010016",
        "MNTN_ID" : "451900901"
      },
      "geometry" : {
        "x" : 235887.9402999999,
        "y" : 312364.8729000017
      }
    },
    {
      "attributes" : {
        "FID" : 16,
        "PMNTN_SPOT" : 21656,
        "MNTN_CODE" : "451900901",
        "MANAGE_SP1" : "01",
        "MANAGE_SP2" : "시종점",
        "DETAIL_SPO" : "시종점",
        "ETC_MATTER" : " ",
        "MNTN_NM" : "덕음산",
        "PAST_SPOT_" : "4519009010017",
        "MNTN_ID" : "451900901"
      },
      "geometry" : {
        "x" : 236235.72730000038,
        "y" : 312563.24200000241
      }
    },
    {
      "attributes" : {
        "FID" : 17,
        "PMNTN_SPOT" : 21657,
        "MNTN_CODE" : "451900901",
        "MANAGE_SP1" : "01",
        "MANAGE_SP2" : "시종점",
        "DETAIL_SPO" : "시종점",
        "ETC_MATTER" : " ",
        "MNTN_NM" : "덕음산",
        "PAST_SPOT_" : "4519009010018",
        "MNTN_ID" : "451900901"
      },
      "geometry" : {
        "x" : 239206.9935000008,
        "y" : 310447.92500000261
      }
    }
  ]
}