{
  "displayFieldName" : "",
  "fieldAliases" : {
    "FID" : "FID",
    "PMNTN_SPOT" : "PMNTN_SPOT",
    "MNTN_CODE" : "MNTN_CODE",
    "MANAGE_SP1" : "MANAGE_SP1",
    "MANAGE_SP2" : "MANAGE_SP2",
    "DETAIL_SPO" : "DETAIL_SPO",
    "ETC_MATTER" : "ETC_MATTER",
    "MNTN_NM" : "MNTN_NM",
    "PAST_SPOT_" : "PAST_SPOT_",
    "MNTN_ID" : "MNTN_ID"
  },
  "geometryType" : "esriGeometryPoint",
  "spatialReference" : {
    "wkt" : "PROJCS[\"PCS_ITRF2000_TM\",GEOGCS[\"GCS_ITRF_2000\",DATUM[\"D_ITRF_2000\",SPHEROID[\"GRS_1980\",6378137.0,298.257222101]],PRIMEM[\"Greenwich\",0.0],UNIT[\"Degree\",0.0174532925199433]],PROJECTION[\"Transverse_Mercator\"],PARAMETER[\"False_Easting\",200000.0],PARAMETER[\"False_Northing\",600000.0],PARAMETER[\"Central_Meridian\",127.0],PARAMETER[\"Scale_Factor\",1.0],PARAMETER[\"Latitude_Of_Origin\",38.0],UNIT[\"Meter\",1.0]]"
  },
  "fields" : [
    {
      "name" : "FID",
      "type" : "esriFieldTypeOID",
      "alias" : "FID"
    },
    {
      "name" : "PMNTN_SPOT",
      "type" : "esriFieldTypeDouble",
      "alias" : "PMNTN_SPOT"
    },
    {
      "name" : "MNTN_CODE",
      "type" : "esriFieldTypeString",
      "alias" : "MNTN_CODE",
      "length" : 9
    },
    {
      "name" : "MANAGE_SP1",
      "type" : "esriFieldTypeString",
      "alias" : "MANAGE_SP1",
      "length" : 2
    },
    {
      "name" : "MANAGE_SP2",
      "type" : "esriFieldTypeString",
      "alias" : "MANAGE_SP2",
      "length" : 50
    },
    {
      "name" : "DETAIL_SPO",
      "type" : "esriFieldTypeString",
      "alias" : "DETAIL_SPO",
      "length" : 200
    },
    {
      "name" : "ETC_MATTER",
      "type" : "esriFieldTypeString",
      "alias" : "ETC_MATTER",
      "length" : 200
    },
    {
      "name" : "MNTN_NM",
      "type" : "esriFieldTypeString",
      "alias" : "MNTN_NM",
      "length" : 50
    },
    {
      "name" : "PAST_SPOT_",
      "type" : "esriFieldTypeString",
      "alias" : "PAST_SPOT_",
      "length" : 14
    },
    {
      "name" : "MNTN_ID",
      "type" : "esriFieldTypeString",
      "alias" : "MNTN_ID",
      "length" : 10
    }
  ],
  "features" : [
    {
      "attributes" : {
        "FID" : 0,
        "PMNTN_SPOT" : 77442,
        "MNTN_CODE" : "427207104",
        "MANAGE_SP1" : "01",
        "MANAGE_SP2" : "시종점",
        "DETAIL_SPO" : "시종점",
        "ETC_MATTER" : " ",
        "MNTN_NM" : "장전평",
        "PAST_SPOT_" : "4272060010001",
        "MNTN_ID" : "427206001"
      },
      "geometry" : {
        "x" : 278368.901700004,
        "y" : 562681.97690000199
      }
    },
    {
      "attributes" : {
        "FID" : 1,
        "PMNTN_SPOT" : 77443,
        "MNTN_CODE" : "427207104",
        "MANAGE_SP1" : "01",
        "MANAGE_SP2" : "시종점",
        "DETAIL_SPO" : "시종점",
        "ETC_MATTER" : " ",
        "MNTN_NM" : "장전평",
        "PAST_SPOT_" : "4272060010002",
        "MNTN_ID" : "427206001"
      },
      "geometry" : {
        "x" : 278627.84600000083,
        "y" : 561577.60950000212
      }
    },
    {
      "attributes" : {
        "FID" : 2,
        "PMNTN_SPOT" : 77444,
        "MNTN_CODE" : "427207104",
        "MANAGE_SP1" : "01",
        "MANAGE_SP2" : "시종점",
        "DETAIL_SPO" : "시종점",
        "ETC_MATTER" : " ",
        "MNTN_NM" : "장전평",
        "PAST_SPOT_" : "4272060010003",
        "MNTN_ID" : "427206001"
      },
      "geometry" : {
        "x" : 278786.29260000307,
        "y" : 564201.7415000014
      }
    },
    {
      "attributes" : {
        "FID" : 3,
        "PMNTN_SPOT" : 77445,
        "MNTN_CODE" : "427207104",
        "MANAGE_SP1" : "02",
        "MANAGE_SP2" : "분기점",
        "DETAIL_SPO" : "분기점",
        "ETC_MATTER" : " ",
        "MNTN_NM" : "장전평",
        "PAST_SPOT_" : "4272060010004",
        "MNTN_ID" : "427206001"
      },
      "geometry" : {
        "x" : 278953.80130000133,
        "y" : 562985.97250000015
      }
    },
    {
      "attributes" : {
        "FID" : 4,
        "PMNTN_SPOT" : 77446,
        "MNTN_CODE" : "427207104",
        "MANAGE_SP1" : "02",
        "MANAGE_SP2" : "분기점",
        "DETAIL_SPO" : "분기점",
        "ETC_MATTER" : " ",
        "MNTN_NM" : "장전평",
        "PAST_SPOT_" : "4272060010005",
        "MNTN_ID" : "427206001"
      },
      "geometry" : {
        "x" : 279043.31820000149,
        "y" : 562570.25530000217
      }
    },
    {
      "attributes" : {
        "FID" : 5,
        "PMNTN_SPOT" : 77447,
        "MNTN_CODE" : "427207104",
        "MANAGE_SP1" : "02",
        "MANAGE_SP2" : "분기점",
        "DETAIL_SPO" : "분기점",
        "ETC_MATTER" : " ",
        "MNTN_NM" : "장전평",
        "PAST_SPOT_" : "4272060010006",
        "MNTN_ID" : "427206001"
      },
      "geometry" : {
        "x" : 279135.40440000314,
        "y" : 562422.34800000116
      }
    },
    {
      "attributes" : {
        "FID" : 6,
        "PMNTN_SPOT" : 77448,
        "MNTN_CODE" : "427207104",
        "MANAGE_SP1" : "02",
        "MANAGE_SP2" : "분기점",
        "DETAIL_SPO" : "분기점",
        "ETC_MATTER" : " ",
        "MNTN_NM" : "장전평",
        "PAST_SPOT_" : "4272060010007",
        "MNTN_ID" : "427206001"
      },
      "geometry" : {
        "x" : 279235.18800000288,
        "y" : 561200.88530000299
      }
    },
    {
      "attributes" : {
        "FID" : 7,
        "PMNTN_SPOT" : 77449,
        "MNTN_CODE" : "427207104",
        "MANAGE_SP1" : "02",
        "MANAGE_SP2" : "분기점",
        "DETAIL_SPO" : "분기점",
        "ETC_MATTER" : " ",
        "MNTN_NM" : "장전평",
        "PAST_SPOT_" : "4272060010008",
        "MNTN_ID" : "427206001"
      },
      "geometry" : {
        "x" : 279294.96720000263,
        "y" : 561156.91980000213
      }
    },
    {
      "attributes" : {
        "FID" : 8,
        "PMNTN_SPOT" : 77450,
        "MNTN_CODE" : "427207104",
        "MANAGE_SP1" : "02",
        "MANAGE_SP2" : "분기점",
        "DETAIL_SPO" : "분기점",
        "ETC_MATTER" : " ",
        "MNTN_NM" : "장전평",
        "PAST_SPOT_" : "4272060010009",
        "MNTN_ID" : "427206001"
      },
      "geometry" : {
        "x" : 279363.02720000129,
        "y" : 561026.02960000001
      }
    },
    {
      "attributes" : {
        "FID" : 9,
        "PMNTN_SPOT" : 77451,
        "MNTN_CODE" : "427207104",
        "MANAGE_SP1" : "02",
        "MANAGE_SP2" : "분기점",
        "DETAIL_SPO" : "분기점",
        "ETC_MATTER" : " ",
        "MNTN_NM" : "장전평",
        "PAST_SPOT_" : "4272060010010",
        "MNTN_ID" : "427206001"
      },
      "geometry" : {
        "x" : 279449.56590000167,
        "y" : 561263.94519999996
      }
    },
    {
      "attributes" : {
        "FID" : 10,
        "PMNTN_SPOT" : 77452,
        "MNTN_CODE" : "427207104",
        "MANAGE_SP1" : "02",
        "MANAGE_SP2" : "분기점",
        "DETAIL_SPO" : "분기점",
        "ETC_MATTER" : " ",
        "MNTN_NM" : "장전평",
        "PAST_SPOT_" : "4272060010011",
        "MNTN_ID" : "427206001"
      },
      "geometry" : {
        "x" : 279543.7248999998,
        "y" : 561145.09660000168
      }
    },
    {
      "attributes" : {
        "FID" : 11,
        "PMNTN_SPOT" : 77453,
        "MNTN_CODE" : "427207104",
        "MANAGE_SP1" : "01",
        "MANAGE_SP2" : "시종점",
        "DETAIL_SPO" : "시종점",
        "ETC_MATTER" : " ",
        "MNTN_NM" : "장전평",
        "PAST_SPOT_" : "4272060010012",
        "MNTN_ID" : "427206001"
      },
      "geometry" : {
        "x" : 279612.98180000391,
        "y" : 562327.6930999998
      }
    },
    {
      "attributes" : {
        "FID" : 12,
        "PMNTN_SPOT" : 77454,
        "MNTN_CODE" : "427207104",
        "MANAGE_SP1" : "01",
        "MANAGE_SP2" : "시종점",
        "DETAIL_SPO" : "시종점",
        "ETC_MATTER" : " ",
        "MNTN_NM" : "장전평",
        "PAST_SPOT_" : "4272060010013",
        "MNTN_ID" : "427206001"
      },
      "geometry" : {
        "x" : 279637.48350000195,
        "y" : 562014.12280000187
      }
    },
    {
      "attributes" : {
        "FID" : 13,
        "PMNTN_SPOT" : 77455,
        "MNTN_CODE" : "427207104",
        "MANAGE_SP1" : "01",
        "MANAGE_SP2" : "시종점",
        "DETAIL_SPO" : "시종점",
        "ETC_MATTER" : " ",
        "MNTN_NM" : "장전평",
        "PAST_SPOT_" : "4272060010014",
        "MNTN_ID" : "427206001"
      },
      "geometry" : {
        "x" : 279709.75019999966,
        "y" : 560681.52060000226
      }
    },
    {
      "attributes" : {
        "FID" : 14,
        "PMNTN_SPOT" : 77456,
        "MNTN_CODE" : "427207104",
        "MANAGE_SP1" : "02",
        "MANAGE_SP2" : "분기점",
        "DETAIL_SPO" : "분기점",
        "ETC_MATTER" : " ",
        "MNTN_NM" : "장전평",
        "PAST_SPOT_" : "4272060010015",
        "MNTN_ID" : "427206001"
      },
      "geometry" : {
        "x" : 279785.22520000301,
        "y" : 561474.58200000226
      }
    },
    {
      "attributes" : {
        "FID" : 15,
        "PMNTN_SPOT" : 77457,
        "MNTN_CODE" : "427207104",
        "MANAGE_SP1" : "02",
        "MANAGE_SP2" : "분기점",
        "DETAIL_SPO" : "분기점",
        "ETC_MATTER" : " ",
        "MNTN_NM" : "장전평",
        "PAST_SPOT_" : "4272060010016",
        "MNTN_ID" : "427206001"
      },
      "geometry" : {
        "x" : 279806.08560000081,
        "y" : 561846.68630000018
      }
    },
    {
      "attributes" : {
        "FID" : 16,
        "PMNTN_SPOT" : 77458,
        "MNTN_CODE" : "427207104",
        "MANAGE_SP1" : "02",
        "MANAGE_SP2" : "분기점",
        "DETAIL_SPO" : "분기점",
        "ETC_MATTER" : " ",
        "MNTN_NM" : "장전평",
        "PAST_SPOT_" : "4272060010017",
        "MNTN_ID" : "427206001"
      },
      "geometry" : {
        "x" : 279867.3088999996,
        "y" : 561501.33259999938
      }
    },
    {
      "attributes" : {
        "FID" : 17,
        "PMNTN_SPOT" : 77459,
        "MNTN_CODE" : "427207104",
        "MANAGE_SP1" : "02",
        "MANAGE_SP2" : "분기점",
        "DETAIL_SPO" : "분기점",
        "ETC_MATTER" : " ",
        "MNTN_NM" : "장전평",
        "PAST_SPOT_" : "4272060010018",
        "MNTN_ID" : "427206001"
      },
      "geometry" : {
        "x" : 279892.04430000111,
        "y" : 561943.09979999997
      }
    },
    {
      "attributes" : {
        "FID" : 18,
        "PMNTN_SPOT" : 77460,
        "MNTN_CODE" : "427207104",
        "MANAGE_SP1" : "01",
        "MANAGE_SP2" : "시종점",
        "DETAIL_SPO" : "시종점",
        "ETC_MATTER" : " ",
        "MNTN_NM" : "장전평",
        "PAST_SPOT_" : "4272060010019",
        "MNTN_ID" : "427206001"
      },
      "geometry" : {
        "x" : 279910.56950000115,
        "y" : 562167.31750000082
      }
    },
    {
      "attributes" : {
        "FID" : 19,
        "PMNTN_SPOT" : 77461,
        "MNTN_CODE" : "427207104",
        "MANAGE_SP1" : "01",
        "MANAGE_SP2" : "시종점",
        "DETAIL_SPO" : "시종점",
        "ETC_MATTER" : " ",
        "MNTN_NM" : "장전평",
        "PAST_SPOT_" : "4272060010020",
        "MNTN_ID" : "427206001"
      },
      "geometry" : {
        "x" : 280147.22490000073,
        "y" : 561221.67020000331
      }
    }
  ]
}