{
  "displayFieldName" : "",
  "fieldAliases" : {
    "FID" : "FID",
    "PMNTN_SN" : "PMNTN_SN",
    "MNTN_CODE" : "MNTN_CODE",
    "MNTN_NM" : "MNTN_NM",
    "PMNTN_NM" : "PMNTN_NM",
    "PMNTN_MAIN" : "PMNTN_MAIN",
    "PMNTN_LT" : "PMNTN_LT",
    "PMNTN_DFFL" : "PMNTN_DFFL",
    "PMNTN_UPPL" : "PMNTN_UPPL",
    "PMNTN_GODN" : "PMNTN_GODN",
    "PMNTN_MTRQ" : "PMNTN_MTRQ",
    "PMNTN_CNRL" : "PMNTN_CNRL",
    "PMNTN_CLS_" : "PMNTN_CLS_",
    "PMNTN_RISK" : "PMNTN_RISK",
    "PMNTN_RECO" : "PMNTN_RECO",
    "DATA_STDR_" : "DATA_STDR_",
    "MNTN_ID" : "MNTN_ID"
  },
  "geometryType" : "esriGeometryPolyline",
  "spatialReference" : {
    "wkt" : "PROJCS[\"PCS_ITRF2000_TM\",GEOGCS[\"GCS_ITRF_2000\",DATUM[\"D_ITRF_2000\",SPHEROID[\"GRS_1980\",6378137.0,298.257222101]],PRIMEM[\"Greenwich\",0.0],UNIT[\"Degree\",0.0174532925199433]],PROJECTION[\"Transverse_Mercator\"],PARAMETER[\"False_Easting\",200000.0],PARAMETER[\"False_Northing\",600000.0],PARAMETER[\"Central_Meridian\",127.0],PARAMETER[\"Scale_Factor\",1.0],PARAMETER[\"Latitude_Of_Origin\",38.0],UNIT[\"Meter\",1.0]]"
  },
  "fields" : [
    {
      "name" : "FID",
      "type" : "esriFieldTypeOID",
      "alias" : "FID"
    },
    {
      "name" : "PMNTN_SN",
      "type" : "esriFieldTypeDouble",
      "alias" : "PMNTN_SN"
    },
    {
      "name" : "MNTN_CODE",
      "type" : "esriFieldTypeString",
      "alias" : "MNTN_CODE",
      "length" : 9
    },
    {
      "name" : "MNTN_NM",
      "type" : "esriFieldTypeString",
      "alias" : "MNTN_NM",
      "length" : 50
    },
    {
      "name" : "PMNTN_NM",
      "type" : "esriFieldTypeString",
      "alias" : "PMNTN_NM",
      "length" : 50
    },
    {
      "name" : "PMNTN_MAIN",
      "type" : "esriFieldTypeString",
      "alias" : "PMNTN_MAIN",
      "length" : 200
    },
    {
      "name" : "PMNTN_LT",
      "type" : "esriFieldTypeSingle",
      "alias" : "PMNTN_LT"
    },
    {
      "name" : "PMNTN_DFFL",
      "type" : "esriFieldTypeString",
      "alias" : "PMNTN_DFFL",
      "length" : 8
    },
    {
      "name" : "PMNTN_UPPL",
      "type" : "esriFieldTypeDouble",
      "alias" : "PMNTN_UPPL"
    },
    {
      "name" : "PMNTN_GODN",
      "type" : "esriFieldTypeDouble",
      "alias" : "PMNTN_GODN"
    },
    {
      "name" : "PMNTN_MTRQ",
      "type" : "esriFieldTypeString",
      "alias" : "PMNTN_MTRQ",
      "length" : 200
    },
    {
      "name" : "PMNTN_CNRL",
      "type" : "esriFieldTypeString",
      "alias" : "PMNTN_CNRL",
      "length" : 1
    },
    {
      "name" : "PMNTN_CLS_",
      "type" : "esriFieldTypeString",
      "alias" : "PMNTN_CLS_",
      "length" : 1
    },
    {
      "name" : "PMNTN_RISK",
      "type" : "esriFieldTypeString",
      "alias" : "PMNTN_RISK",
      "length" : 200
    },
    {
      "name" : "PMNTN_RECO",
      "type" : "esriFieldTypeString",
      "alias" : "PMNTN_RECO",
      "length" : 1
    },
    {
      "name" : "DATA_STDR_",
      "type" : "esriFieldTypeString",
      "alias" : "DATA_STDR_",
      "length" : 10
    },
    {
      "name" : "MNTN_ID",
      "type" : "esriFieldTypeString",
      "alias" : "MNTN_ID",
      "length" : 10
    }
  ],
  "features" : [
    {
      "attributes" : {
        "FID" : 0,
        "PMNTN_SN" : 26585,
        "MNTN_CODE" : "431504801",
        "MNTN_NM" : "북바위산",
        "PMNTN_NM" : "미륵리구간",
        "PMNTN_MAIN" : " ",
        "PMNTN_LT" : 6.57,
        "PMNTN_DFFL" : "쉬움",
        "PMNTN_UPPL" : 246,
        "PMNTN_GODN" : 172,
        "PMNTN_MTRQ" : " ",
        "PMNTN_CNRL" : " ",
        "PMNTN_CLS_" : " ",
        "PMNTN_RISK" : " ",
        "PMNTN_RECO" : " ",
        "DATA_STDR_" : "2016-12-31",
        "MNTN_ID" : "431504801"
      },
      "geometry" : {
        "paths" : [
          [
            [
              294486.66130000073,
              471716.16760000214
            ],
            [
              294475.49350000359,
              471727.77160000056
            ],
            [
              294467.66500000004,
              471738.0046000015
            ],
            [
              294455.68020000029,
              471746.54989999905
            ],
            [
              294446.17990000267,
              471757.88489999808
            ],
            [
              294443.59520000126,
              471774.25430000015
            ],
            [
              294440.72109999973,
              471792.84359999932
            ],
            [
              294438.9970000023,
              471803.94160000235
            ],
            [
              294437.81660000142,
              471817.26390000246
            ],
            [
              294441.08470000234,
              471829.49880000204
            ],
            [
              294441.00329999998,
              471845.0482000038
            ],
            [
              294437.58410000149,
              471861.69090000167
            ],
            [
              294429.16100000124,
              471879.41809999943
            ],
            [
              294422.43300000113,
              471891.6007000003
            ],
            [
              294415.69630000275,
              471905.44930000044
            ],
            [
              294410.08190000057,
              471917.08230000176
            ],
            [
              294402.24029999878,
              471929.8144000005
            ],
            [
              294396.07639999967,
              471940.33379999921
            ],
            [
              294390.470700006,
              471950.30080000125
            ],
            [
              294384.8534000013,
              471962.48919999972
            ],
            [
              294373.1157000009,
              471976.86690000258
            ],
            [
              294366.40230000205,
              471986.27280000038
            ],
            [
              294358.55490000173,
              472000.1155999992
            ],
            [
              294359.0318,
              472015.11260000244
            ],
            [
              294358.40090000257,
              472029.54849999957
            ],
            [
              294357.23500000313,
              472040.09410000034
            ],
            [
              294357.17390000168,
              472051.75620000251
            ],
            [
              294348.76540000085,
              472066.70670000277
            ],
            [
              294343.69180000294,
              472081.11930000223
            ],
            [
              294339.72310000472,
              472096.64840000123
            ],
            [
              294338.26060000248,
              472106.63709999993
            ],
            [
              294338.51070000418,
              472116.07939999923
            ],
            [
              294339.01370000187,
              472126.07840000093
            ],
            [
              294337.27790000103,
              472139.39780000225
            ],
            [
              294339.44990000315,
              472148.85019999929
            ],
            [
              294344.94220000133,
              472160.54130000435
            ],
            [
              294346.55880000349,
              472169.99080000073
            ],
            [
              294349.28610000201,
              472179.44600000046
            ],
            [
              294350.34740000404,
              472188.8925999999
            ],
            [
              294354.18240000401,
              472198.90899999812
            ],
            [
              294362.4979000017,
              472201.72929999977
            ],
            [
              294374.70380000304,
              472204.01459999941
            ],
            [
              294382.4727000026,
              472205.16599999927
            ],
            [
              294391.35230000224,
              472206.32310000248
            ],
            [
              294399.67650000006,
              472207.47740000114
            ],
            [
              294409.11140000354,
              472208.63749999925
            ],
            [
              294417.9823000012,
              472211.46070000157
            ],
            [
              294427.4084999999,
              472214.28680000827
            ],
            [
              294439.04739999957,
              472218.79050000012
            ],
            [
              294445.70270000305,
              472220.49139999971
            ],
            [
              294452.66050000116,
              472222.34360000119
            ],
            [
              294458.45800000336,
              472223.89029999822
            ],
            [
              294465.11340000201,
              472225.59120000154
            ],
            [
              294471.7629000023,
              472228.40270000324
            ],
            [
              294478.52450000402,
              472229.3441000022
            ],
            [
              294486.75119999982,
              472229.59190000221
            ],
            [
              294497.31419999804,
              472227.42580000311
            ],
            [
              294505.08900000341,
              472227.46639999934
            ],
            [
              294510.61040000059,
              472233.60420000553
            ],
            [
              294515.58810000215,
              472237.51769999973
            ],
            [
              294522.20850000344,
              472245.88270000182
            ],
            [
              294525.51439999882,
              472250.8981999997
            ],
            [
              294530.47170000058,
              472258.69910000078
            ],
            [
              294538.21740000043,
              472264.29309999943
            ],
            [
              294545.40770000312,
              472269.8842999991
            ],
            [
              294554.79910000041,
              472279.37440000288
            ],
            [
              294561.97190000396,
              472288.29759999923
            ],
            [
              294562.47500000056,
              472298.29660000093
            ],
            [
              294565.78079999983,
              472303.31209999882
            ],
            [
              294573.49740000069,
              472314.45949999988
            ],
            [
              294579.577100005,
              472320.04489999823
            ],
            [
              294586.72670000046,
              472333.41080000065
            ],
            [
              294591.92410000041,
              472344.24180000275
            ],
            [
              294597.72590000369,
              472354.01639999822
            ],
            [
              294599.90370000061,
              472362.35810000077
            ],
            [
              294600.96790000051,
              472371.24929999746
            ],
            [
              294600.91559999995,
              472381.24540000036
            ],
            [
              294605.87870000303,
              472387.93560000136
            ],
            [
              294613.6360000018,
              472391.30829999968
            ],
            [
              294621.93700000271,
              472396.90530000255
            ],
            [
              294628.58069999982,
              472400.8275000006
            ],
            [
              294638.55939999968,
              472404.21190000512
            ],
            [
              294644.11270000041,
              472404.24100000598
            ],
            [
              294648.57580000069,
              472400.37680000253
            ],
            [
              294649.70970000047,
              472395.94000000134
            ],
            [
              294651.41060000099,
              472389.28460000083
            ],
            [
              294655.30379999988,
              472388.19429999962
            ],
            [
              294659.17370000109,
              472391.54670000263
            ],
            [
              294663.02620000206,
              472398.2311000023
            ],
            [
              294668.55050000176,
              472403.81350000203
            ],
            [
              294673.47410000023,
              472408.28590000048
            ],
            [
              294677.93600000348,
              472414.4143000003
            ],
            [
              294682.34090000018,
              472421.65700000152
            ],
            [
              294687.85940000135,
              472428.35010000318
            ],
            [
              294693.36920000054,
              472436.70920000412
            ],
            [
              294697.21010000352,
              472445.61500000022
            ],
            [
              294701.60050000157,
              472455.6342999991
            ],
            [
              294703.78990000114,
              472461.75470000133
            ],
            [
              294708.18310000096,
              472471.21870000102
            ],
            [
              294710.37540000118,
              472476.78370000049
            ],
            [
              294716.98900000006,
              472486.46400000341
            ],
            [
              294721.39210000262,
              472494.05730000138
            ],
            [
              294724.12229999993,
              472502.95720000193
            ],
            [
              294727.41940000188,
              472509.63869999908
            ],
            [
              294730.71950000059,
              472515.76490000263
            ],
            [
              294737.34869999997,
              472522.46380000003
            ],
            [
              294740.07299999893,
              472532.47440000623
            ],
            [
              294742.26170000061,
              472539.45340000279
            ],
            [
              294743.87320000026,
              472549.1548999995
            ],
            [
              294748.27520000096,
              472556.95289999992
            ],
            [
              294749.89180000313,
              472566.40230000205
            ],
            [
              294750.97049999982,
              472572.51690000296
            ],
            [
              294748.70560000092,
              472580.83530000411
            ],
            [
              294748.65320000332,
              472590.83140000142
            ],
            [
              294748.62129999977,
              472596.94010000117
            ],
            [
              294752.4534,
              472607.51190000214
            ],
            [
              294755.18070000038,
              472616.96719999984
            ],
            [
              294757.35550000053,
              472625.86419999972
            ],
            [
              294760.09150000103,
              472633.65350000374
            ],
            [
              294761.13819999807,
              472645.87670000084
            ],
            [
              294762.14430000074,
              472665.87470000237
            ],
            [
              294766.52010000031,
              472678.67070000246
            ],
            [
              294768.67460000142,
              472691.4550999999
            ],
            [
              294770.27090000175,
              472704.7918999996
            ],
            [
              294774.67580000032,
              472712.03460000083
            ],
            [
              294783.05820000172,
              472720.91670000181
            ],
            [
              294790.68179999944,
              472731.00040000118
            ],
            [
              294796.20030000061,
              472737.69350000285
            ],
            [
              294801.71010000166,
              472746.05260000192
            ],
            [
              294811.66830000002,
              472753.32430000231
            ],
            [
              294820.54210000299,
              472755.5922000017
            ],
            [
              294828.86530000344,
              472756.95120000094
            ],
            [
              294837.18479999993,
              472759.01140000299
            ],
            [
              294848.29450000171,
              472758.51420000382
            ],
            [
              294854.76370000187,
              472757.39380000345
            ],
            [
              294861.0614999989,
              472759.69180000015
            ],
            [
              294865.78920000046,
              472763.19840000384
            ],
            [
              294872.69740000088,
              472764.7508000005
            ],
            [
              294881.02750000358,
              472764.79440000094
            ],
            [
              294885.48470000271,
              472762.04099999927
            ],
            [
              294890.48560000304,
              472761.51180000231
            ],
            [
              294893.24780000094,
              472764.30310000107
            ],
            [
              294897.12060000282,
              472767.10009999946
            ],
            [
              294903.22060000058,
              472768.79810000025
            ],
            [
              294910.9924999997,
              472769.39409999922
            ],
            [
              294920.43320000172,
              472769.44350000657
            ],
            [
              294927.64100000262,
              472771.70270000212
            ],
            [
              294934.29920000304,
              472772.84820000269
            ],
            [
              294941.51860000007,
              472772.8860000018
            ],
            [
              294948.17690000124,
              472774.03160000592
            ],
            [
              294957.5914000012,
              472779.07900000364
            ],
            [
              294964.79340000264,
              472782.44880000129
            ],
            [
              294972.56520000007,
              472783.0449000001
            ],
            [
              294981.99720000289,
              472784.76030000113
            ],
            [
              294988.09720000066,
              472786.45829999819
            ],
            [
              294992.53120000008,
              472788.14760000259
            ],
            [
              294999.183699999,
              472790.40380000137
            ],
            [
              295007.49920000415,
              472793.22410000116
            ],
            [
              295013.04679999966,
              472794.3638000004
            ],
            [
              295019.69920000341,
              472796.62010000087
            ],
            [
              295026.90110000409,
              472799.98990000039
            ],
            [
              295030.77109999955,
              472803.34229999967
            ],
            [
              295035.75459999964,
              472806.14510000311
            ],
            [
              295047.93709999975,
              472812.87310000136
            ],
            [
              295055.68860000186,
              472817.35650000162
            ],
            [
              295064.00420000497,
              472820.17679999955
            ],
            [
              295071.76439999975,
              472822.99420000054
            ],
            [
              295081.74590000417,
              472825.82320000418
            ],
            [
              295090.61680000182,
              472828.6464000009
            ],
            [
              295097.26630000025,
              472831.45800000057
            ],
            [
              295107.80320000183,
              472834.28989999928
            ],
            [
              295115.55180000048,
              472839.32860000432
            ],
            [
              295119.86629999988,
              472845.00330000184
            ],
            [
              295125.50130000059,
              472848.26640000194
            ],
            [
              295133.80819999985,
              472852.75269999914
            ],
            [
              295139.89650000352,
              472856.67200000025
            ],
            [
              295146.42320000101,
              472864.12670000084
            ],
            [
              295155.38790000044,
              472867.86020000279
            ],
            [
              295166.48880000226,
              472869.02900000289
            ],
            [
              295176.45000000112,
              472875.74540000036
            ],
            [
              295186.41700000223,
              472881.35109999962
            ],
            [
              295197.50060000177,
              472885.85190000013
            ],
            [
              295205.81900000107,
              472888.11690000258
            ],
            [
              295214.69860000256,
              472889.27400000207
            ],
            [
              295225.2471000012,
              472889.88460000232
            ],
            [
              295236.90920000151,
              472889.94570000283
            ],
            [
              295245.22479999997,
              472892.76590000093
            ],
            [
              295257.42180000246,
              472896.71730000153
            ],
            [
              295265.19079999998,
              472897.8685999997
            ],
            [
              295274.09360000119,
              472894.5831000004
            ],
            [
              295284.64500000235,
              472894.63829999976
            ],
            [
              295295.19360000174,
              472895.24890000187
            ],
            [
              295303.52840000112,
              472894.38269999996
            ],
            [
              295311.88859999925,
              472888.67210000381
            ],
            [
              295322.44290000387,
              472888.17190000042
            ],
            [
              295331.89530000091,
              472886.00000000373
            ],
            [
              295342.446700003,
              472886.05520000122
            ],
            [
              295351.90490000136,
              472882.77260000072
            ],
            [
              295371.34470000118,
              472882.319000002
            ],
            [
              295379.67769999988,
              472881.80729999766
            ],
            [
              295394.67470000498,
              472881.33040000498
            ],
            [
              295405.78440000024,
              472880.83320000023
            ],
            [
              295413.55910000298,
              472880.87390000001
            ],
            [
              295420.24350000173,
              472877.0214000009
            ],
            [
              295428.02700000256,
              472875.39610000141
            ],
            [
              295443.01820000168,
              472876.0298999995
            ],
            [
              295455.78519999981,
              472877.20750000142
            ],
            [
              295469.11040000338,
              472877.83260000125
            ],
            [
              295481.31330000237,
              472880.6732000038
            ],
            [
              295491.84440000355,
              472884.61580000445
            ],
            [
              295506.25990000181,
              472889.13409999944
            ],
            [
              295514.55800000206,
              472895.28639999963
            ],
            [
              295527.83379999921,
              472905.35229999945
            ],
            [
              295537.23679999728,
              472912.6211000029
            ],
            [
              295547.55610000063,
              472918.63049999997
            ],
            [
              295557.18250000291,
              472921.61119999923
            ],
            [
              295570.47570000216,
              472928.34500000067
            ],
            [
              295580.43690000195,
              472935.06140000001
            ],
            [
              295593.98460000288,
              472941.34350000322
            ],
            [
              295603.68260000087,
              472950.17760000192
            ],
            [
              295611.76820000075,
              472958.55399999954
            ],
            [
              295615.81000000332,
              472967.45700000226
            ],
            [
              295623.53820000216,
              472976.38309999928
            ],
            [
              295627.940200001,
              472984.1810999997
            ],
            [
              295643.26350000314,
              472998.14899999835
            ],
            [
              295651.70820000395,
              473005.61370000057
            ],
            [
              295660.70720000006,
              473012.57710000128
            ],
            [
              295667.74730000086,
              473018.26610000059
            ],
            [
              295679.38030000124,
              473023.8805000037
            ],
            [
              295689.89680000022,
              473030.59979999997
            ],
            [
              295703.18720000144,
              473037.88900000229
            ],
            [
              295710.92990000173,
              473044.0383999981
            ],
            [
              295720.35910000093,
              473046.30920000374
            ],
            [
              295730.37720000092,
              473051.91889999993
            ],
            [
              295739.18820000254,
              473056.40410000086
            ],
            [
              295746.95139999874,
              473058.6660999991
            ],
            [
              295757.49120000191,
              473060.94270000048
            ],
            [
              295767.478500003,
              473062.66110000201
            ],
            [
              295775.78720000107,
              473066.79289999977
            ],
            [
              295784.10670000222,
              473068.85700000264
            ],
            [
              295796.8533000024,
              473073.92190000229
            ],
            [
              295810.15820000041,
              473078.43440000154
            ],
            [
              295819.0262000002,
              473081.81290000118
            ],
            [
              295830.67670000158,
              473084.09530000016
            ],
            [
              295843.99900000263,
              473085.27580000274
            ],
            [
              295861.20280000009,
              473087.58720000647
            ],
            [
              295867.29410000332,
              473090.95119999908
            ],
            [
              295874.50189999957,
              473093.21040000021
            ],
            [
              295883.36990000121,
              473096.58890000172
            ],
            [
              295894.43600000255,
              473104.42180000059
            ],
            [
              295901.63790000137,
              473107.79160000011
            ],
            [
              295909.95640000328,
              473110.05660000257
            ],
            [
              295919.92920000292,
              473114.55160000175
            ],
            [
              295928.24180000275,
              473117.92730000056
            ],
            [
              295937.72430000082,
              473119.79270000011
            ],
            [
              295947.66130000167,
              473121.36099999957
            ],
            [
              295957.10199999996,
              473121.41050000116
            ],
            [
              295979.28940000106,
              473126.52480000257
            ],
            [
              295990.37000000197,
              473131.5810000021
            ],
            [
              295999.22640000284,
              473137.18090000004
            ],
            [
              296004.75360000413,
              473142.20800000057
            ],
            [
              296010.27210000064,
              473148.90110000223
            ],
            [
              296017.42750000209,
              473161.15640000068
            ],
            [
              296019.06160000339,
              473167.27380000427
            ],
            [
              296023.99860000238,
              473178.96210000105
            ],
            [
              296025.05690000392,
              473188.96400000155
            ],
            [
              296031.68900000211,
              473195.10759999976
            ],
            [
              296040.55410000309,
              473199.04150000401
            ],
            [
              296049.99480000138,
              473199.09090000018
            ],
            [
              296061.1016000025,
              473199.14900000021
            ],
            [
              296071.64140000287,
              473201.42560000159
            ],
            [
              296088.84819999989,
              473203.18180000223
            ],
            [
              296098.2918999996,
              473202.67580000125
            ],
            [
              296107.74430000409,
              473200.50390000083
            ],
            [
              296120.51999999955,
              473200.01539999992
            ],
            [
              296129.96360000223,
              473199.50950000249
            ],
            [
              296139.95970000234,
              473199.56180000119
            ],
            [
              296154.40430000238,
              473198.52670000307
            ],
            [
              296167.73250000086,
              473198.59649999999
            ],
            [
              296177.7257000003,
              473199.20419999957
            ],
            [
              296188.82950000186,
              473199.81770000048
            ],
            [
              296198.83140000142,
              473198.7592999991
            ],
            [
              296208.83339999989,
              473197.70099999942
            ],
            [
              296218.83820000011,
              473196.08730000257
            ],
            [
              296229.95370000135,
              473194.47940000147
            ],
            [
              296236.62060000375,
              473193.95890000276
            ],
            [
              296240.71180000342,
              473193.4288000036
            ],
            [
              296245.50610000361,
              473194.00540000014
            ],
            [
              296252.20810000412,
              473196.56140000746
            ],
            [
              296259.92740000319,
              473197.41310000047
            ],
            [
              296268.26330000255,
              473196.34600000083
            ],
            [
              296278.26810000557,
              473194.73230000399
            ],
            [
              296288.27880000323,
              473192.00789999962
            ],
            [
              296297.17000000179,
              473190.94380000047
            ],
            [
              296302.15640000068,
              473193.19129999913
            ],
            [
              296306.55260000192,
              473202.09999999963
            ],
            [
              296312.61490000039,
              473211.01740000024
            ],
            [
              296319.24980000313,
              473216.60560000129
            ],
            [
              296325.32080000266,
              473223.85700000077
            ],
            [
              296331.94710000232,
              473231.11130000092
            ],
            [
              296339.14030000102,
              473236.14709999971
            ],
            [
              296346.88019999955,
              473242.85190000199
            ],
            [
              296356.28020000178,
              473250.6761000026
            ],
            [
              296361.77550000139,
              473261.81189999916
            ],
            [
              296364.51440000068,
              473269.0458999984
            ],
            [
              296367.88820000552,
              473279.91850000247
            ],
            [
              296372.14059999958,
              473286.96330000088
            ],
            [
              296385.50760000013,
              473290.10950000212
            ],
            [
              296392.16209999844,
              473291.96010000072
            ],
            [
              296403.91469999962,
              473294.29040000215
            ],
            [
              296414.36120000202,
              473294.85309999995
            ],
            [
              296424.35730000213,
              473294.90540000238
            ],
            [
              296437.13000000175,
              473294.97230000421
            ],
            [
              296449.91160000116,
              473293.37310000136
            ],
            [
              296464.61040000245,
              473291.93750000186
            ],
            [
              296472.12220000476,
              473294.0447000023
            ],
            [
              296481.53680000082,
              473299.09220000356
            ],
            [
              296486.50580000412,
              473304.67180000059
            ],
            [
              296492.62030000146,
              473303.59310000204
            ],
            [
              296495.41449999902,
              473300.27560000122
            ],
            [
              296503.18920000363,
              473300.316300001
            ],
            [
              296511.50189999957,
              473303.69190000184
            ],
            [
              296520.94840000104,
              473302.63070000149
            ],
            [
              296531.50860000309,
              473301.01989999972
            ],
            [
              296538.1669000024,
              473302.16540000029
            ],
            [
              296543.69990000036,
              473306.08190000057
            ],
            [
              296550.36110000219,
              473306.67210000195
            ],
            [
              296556.49600000121,
              473301.70600000024
            ],
            [
              296562.06680000294,
              473298.40310000256
            ],
            [
              296565.98030000273,
              473293.42540000007
            ],
            [
              296573.22300000396,
              473289.0204000026
            ],
            [
              296577.66569999978,
              473289.043700004
            ],
            [
              296584.87349999882,
              473291.30280000158
            ],
            [
              296597.08510000072,
              473292.47750000283
            ],
            [
              296606.51719999965,
              473294.19290000014
            ],
            [
              296614.82980000135,
              473297.56860000268
            ],
            [
              296622.57840000186,
              473302.60730000213
            ],
            [
              296626.96300000511,
              473313.73729999736
            ],
            [
              296631.89709999692,
              473325.98100000247
            ],
            [
              296636.28160000406,
              473337.11099999957
            ],
            [
              296640.67780000158,
              473346.01970000006
            ],
            [
              296645.63520000223,
              473353.82060000114
            ],
            [
              296652.81100000069,
              473362.18850000389
            ],
            [
              296659.97810000181,
              473372.22240000032
            ],
            [
              296667.14510000218,
              473382.25630000234
            ],
            [
              296672.08800000325,
              473392.83390000463
            ],
            [
              296677.58610000089,
              473403.41440000199
            ],
            [
              296680.30760000274,
              473413.98040000163
            ],
            [
              296682.4824000001,
              473422.87740000151
            ],
            [
              296684.09030000027,
              473433.99290000275
            ],
            [
              296688.46909999941,
              473446.93870000169
            ],
            [
              296690.62640000135,
              473458.4627000019
            ],
            [
              296690.59160000086,
              473465.12680000067
            ],
            [
              296690.54210000299,
              473474.56760000251
            ],
            [
              296692.13839999959,
              473487.90440000221
            ],
            [
              296695.97919999994,
              473496.81020000018
            ],
            [
              296697.59000000264,
              473507.37040000223
            ],
            [
              296701.97750000469,
              473517.94510000199
            ],
            [
              296708.05420000013,
              473524.0858000014
            ],
            [
              296714.66309999954,
              473534.67210000008
            ],
            [
              296717.40200000163,
              473541.90609999932
            ],
            [
              296722.3535000002,
              473550.81760000437
            ],
            [
              296728.97110000346,
              473559.73800000176
            ],
            [
              296740.05170000158,
              473564.79419999942
            ],
            [
              296746.12550000194,
              473571.49020000175
            ],
            [
              296752.7751000002,
              473574.30180000141
            ],
            [
              296762.74250000343,
              473579.10009999946
            ],
            [
              296769.38000000082,
              473584.94040000439
            ],
            [
              296773.79069999978,
              473591.07239999995
            ],
            [
              296781.54220000375,
              473595.55580000021
            ],
            [
              296790.4131000014,
              473598.37910000049
            ],
            [
              296800.96459999681,
              473598.43429999985
            ],
            [
              296811.00430000015,
              473590.15650000051
            ],
            [
              296821.02940000035,
              473584.65550000034
            ],
            [
              296831.037200002,
              473582.48649999872
            ],
            [
              296839.93710000254,
              473579.75630000047
            ],
            [
              296844.42929999996,
              473570.33880000189
            ],
            [
              296848.35740000103,
              473562.58440000191
            ],
            [
              296856.73110000044,
              473554.29790000431
            ],
            [
              296865.09309999924,
              473548.23279999942
            ],
            [
              296878.44450000115,
              473543.85980000161
            ],
            [
              296884.00950000156,
              473541.66750000045
            ],
            [
              296889.01050000265,
              473541.13840000145
            ],
            [
              296896.20370000321,
              473546.17420000024
            ],
            [
              296900.62610000186,
              473550.08479999937
            ],
            [
              296905.61540000141,
              473551.7770000007
            ],
            [
              296916.17560000345,
              473550.16620000452
            ],
            [
              296926.75609999988,
              473544.66809999943
            ],
            [
              296931.77159999963,
              473541.36220000125
            ],
            [
              296938.41330000013,
              473535.8908000011
            ],
            [
              296942.82759999763,
              473531.5735000018
            ],
            [
              296945.73360000271,
              473526.44070000388
            ],
            [
              296949.09469999932,
              473520.90479999967
            ],
            [
              296953.02860000264,
              473512.03969999962
            ],
            [
              296955.29650000203,
              473503.1659000013
            ],
            [
              296957.00320000108,
              473495.39990000241
            ],
            [
              296958.70700000226,
              473488.1892000027
            ],
            [
              296958.74480000418,
              473480.96980000101
            ],
            [
              296960.90659999941,
              473472.8004999999
            ],
            [
              296966.0689000031,
              473461.01539999992
            ],
            [
              296969.94630000275,
              473453.15840000287
            ],
            [
              296972.82010000385,
              473444.39010000229
            ],
            [
              296977.31230000313,
              473434.97259999998
            ],
            [
              296980.84350000229,
              473425.55000000447
            ],
            [
              296984.83440000284,
              473415.57450000197
            ],
            [
              296989.1314000031,
              473405.04530000128
            ],
            [
              296994.74580000248,
              473393.412200002
            ],
            [
              296998.68840000406,
              473382.8811000064
            ],
            [
              297001.91730000265,
              473374.01240000315
            ],
            [
              297003.79410000052,
              473362.35980000347
            ],
            [
              297004.94830000307,
              473354.03550000116
            ],
            [
              297007.23370000254,
              473341.82960000075
            ],
            [
              297009.51320000179,
              473330.73450000212
            ],
            [
              297012.35090000089,
              473319.08689999953
            ],
            [
              297015.4829000039,
              473309.15810000151
            ],
            [
              297016.0848000031,
              473300.27560000122
            ],
            [
              297018.51720000058,
              473288.57470000349
            ],
            [
              297020.36690000258,
              473273.03439999931
            ],
            [
              297020.42510000058,
              473261.92769999988
            ],
            [
              297020.46580000315,
              473254.15290000103
            ],
            [
              297019.39870000258,
              473245.81700000167
            ],
            [
              297018.33160000015,
              473237.48110000044
            ],
            [
              297015.60440000147,
              473228.02580000274
            ],
            [
              297013.99069999997,
              473218.02100000344
            ],
            [
              297011.26339999959,
              473208.56570000015
            ],
            [
              297009.65260000061,
              473198.00550000183
            ],
            [
              297009.7107000025,
              473186.89870000444
            ],
            [
              297009.76600000262,
              473176.34730000235
            ],
            [
              297009.82700000238,
              473164.68510000221
            ],
            [
              297009.89390000328,
              473151.91230000183
            ],
            [
              297010.59850000124,
              473142.23050000146
            ],
            [
              297011.11500000209,
              473130.81530000083
            ],
            [
              297012.81590000074,
              473124.15990000032
            ],
            [
              297015.08669999987,
              473114.73079999909
            ],
            [
              297017.93030000199,
              473101.97250000015
            ],
            [
              297023.53890000191,
              473091.45010000095
            ],
            [
              297029.69990000129,
              473081.48600000143
            ],
            [
              297035.14130000398,
              473073.5859999992
            ],
            [
              297041.84320000093,
              473066.40149999969
            ],
            [
              297050.92780000065,
              473057.71690000035
            ],
            [
              297058.38650000188,
              473050.43390000239
            ],
            [
              297065.45390000567,
              473041.1323000025
            ],
            [
              297076.06159999967,
              473030.43130000308
            ],
            [
              297083.78820000216,
              473020.12480000034
            ],
            [
              297089.39680000022,
              473009.602400003
            ],
            [
              297098.90019999817,
              472997.68260000274
            ],
            [
              297108.24250000063,
              472987.93610000238
            ],
            [
              297115.74540000036,
              472981.9726000037
            ],
            [
              297127.44250000268,
              472975.36950000003
            ],
            [
              297133.47260000277,
              472970.85590000264
            ],
            [
              297141.83179999981,
              472965.34610000253
            ],
            [
              297148.06769999862,
              472960.63269999996
            ],
            [
              297154.2034,
              472955.51689999923
            ],
            [
              297162.2591000041,
              472950.05290000327
            ],
            [
              297171.17350000329,
              472944.54600000195
            ],
            [
              297178.06440000329,
              472939.63500000164
            ],
            [
              297185.82160000037,
              472933.26349999942
            ],
            [
              297194.02460000105,
              472928.96590000205
            ],
            [
              297205.4534,
              472925.44150000252
            ],
            [
              297215.46800000034,
              472921.96090000123
            ],
            [
              297223.25150000118,
              472920.33560000174
            ],
            [
              297233.26800000109,
              472916.50049999729
            ],
            [
              297242.72910000011,
              472912.66260000132
            ],
            [
              297253.8591000028,
              472908.27800000086
            ],
            [
              297262.77070000023,
              472903.32640000433
            ],
            [
              297273.34830000252,
              472898.38360000215
            ],
            [
              297282.25410000328,
              472894.5428000018
            ],
            [
              297293.39000000153,
              472889.0474999994
            ],
            [
              297303.57020000275,
              472882.53509999998
            ],
            [
              297312.88500000257,
              472878.04240000062
            ],
            [
              297323.45969999954,
              472873.65500000119
            ],
            [
              297332.92370000016,
              472869.26170000248
            ],
            [
              297346.8421000028,
              472862.67030000314
            ],
            [
              297352.98570000101,
              472856.03820000216
            ],
            [
              297360.79530000035,
              472849.41479999945
            ],
            [
              297366.96220000181,
              472838.34000000171
            ],
            [
              297370.36110000219,
              472825.58459999971
            ],
            [
              297372.07950000092,
              472815.59720000252
            ],
            [
              297371.57060000207,
              472806.7089000009
            ],
            [
              297372.25110000372,
              472792.57650000043
            ],
            [
              297373.9402000038,
              472778.39820000157
            ],
            [
              297375.11780000106,
              472765.63120000437
            ],
            [
              297376.30110000074,
              472751.75350000151
            ],
            [
              297376.92620000243,
              472738.42829999886
            ],
            [
              297378.10959999915,
              472724.55060000159
            ],
            [
              297378.73180000111,
              472711.78070000373
            ],
            [
              297380.45300000161,
              472701.2379999999
            ],
            [
              297381.65380000044,
              472684.02820000239
            ],
            [
              297383.28720000479,
              472670.70830000006
            ],
            [
              297385.6807000041,
              472657.39230000414
            ],
            [
              297387.97180000134,
              472644.07579999976
            ],
            [
              297390.79790000245,
              472634.64949999936
            ],
            [
              297395.31620000117,
              472620.2340000011
            ],
            [
              297399.28500000481,
              472604.70480000228
            ],
            [
              297403.27410000283,
              472585.28830000013
            ],
            [
              297404.989500002,
              472575.856200004
            ],
            [
              297406.71080000233,
              472565.31350000016
            ],
            [
              297408.98730000015,
              472554.77370000072
            ],
            [
              297412.37749999762,
              472543.68430000171
            ],
            [
              297414.11330000311,
              472530.36490000226
            ],
            [
              297414.16559999995,
              472520.36879999936
            ],
            [
              297415.91589999944,
              472504.27260000072
            ],
            [
              297417.66040000133,
              472489.28720000014
            ],
            [
              297422.16420000046,
              472477.64829999954
            ],
            [
              297427.31020000018,
              472468.23420000449
            ],
            [
              297433.21630000137,
              472458.82410000078
            ],
            [
              297440.08040000312,
              472449.97430000268
            ],
            [
              297447.34630000405,
              472441.12670000084
            ],
            [
              297455.11320000049,
              472432.8844000008
            ],
            [
              297463.52960000373,
              472426.21680000052
            ],
            [
              297473.01109999977,
              472418.4915000014
            ],
            [
              297483.07110000122,
              472406.32629999891
            ],
            [
              297488.10110000055,
              472400.24370000139
            ],
            [
              297493.7098000031,
              472389.72140000202
            ],
            [
              297501.53970000241,
              472379.21060000174
            ],
            [
              297508.82890000287,
              472365.92019999959
            ],
            [
              297515.01610000245,
              472350.95800000057
            ],
            [
              297522.86650000233,
              472336.55990000255
            ],
            [
              297530.16720000189,
              472321.04820000194
            ],
            [
              297538.02050000243,
              472306.09470000118
            ],
            [
              297546.43200000282,
              472290.58880000189
            ],
            [
              297553.83800000232,
              472274.5222000014
            ],
            [
              297561.03060000297,
              472260.12069999985
            ],
            [
              297569.45370000135,
              472242.39340000227
            ],
            [
              297575.63220000174,
              472229.09720000066
            ],
            [
              297581.24380000401,
              472218.01950000226
            ],
            [
              297588.253800001,
              472200.84019999951
            ],
            [
              297591.95800000243,
              472186.97570000216
            ],
            [
              297595.37430000212,
              472170.88829999976
            ],
            [
              297596.56340000127,
              472155.89989999868
            ],
            [
              297597.89940000232,
              472141.46770000085
            ],
            [
              297599.49130000081,
              472127.03680000082
            ],
            [
              297601.2183000017,
              472115.38340000063
            ],
            [
              297601.28810000047,
              472102.05520000122
            ],
            [
              297602.48589999881,
              472085.40080000088
            ],
            [
              297604.23920000345,
              472068.74940000102
            ],
            [
              297603.78260000329,
              472049.86490000226
            ],
            [
              297603.83790000062,
              472039.31350000203
            ],
            [
              297602.79400000162,
              472026.53480000235
            ],
            [
              297602.31130000111,
              472012.64840000123
            ],
            [
              297602.93930000253,
              471998.76790000126
            ],
            [
              297601.90130000375,
              471984.87860000134
            ],
            [
              297601.97400000319,
              471970.99510000087
            ],
            [
              297604.84660000075,
              471952.68339999951
            ],
            [
              297607.14059999958,
              471938.8115000017
            ],
            [
              297609.44620000292,
              471922.7183000017
            ],
            [
              297613.81890000217,
              471906.78559999913
            ],
            [
              297618.69080000184,
              471891.81650000252
            ],
            [
              297625.26020000223,
              471872.26380000077
            ],
            [
              297629.21730000246,
              471858.95590000041
            ],
            [
              297631.51430000272,
              471844.52870000154
            ],
            [
              297635.47720000148,
              471830.11030000076
            ],
            [
              297636.67209999915,
              471814.01120000146
            ],
            [
              297636.70700000226,
              471807.34710000269
            ],
            [
              297639.54180000257,
              471796.25490000285
            ],
            [
              297642.33549999911,
              471783.24419999868
            ],
            [
              297643.9663000023,
              471770.42840000242
            ],
            [
              297645.85979999974,
              471756.30240000039
            ],
            [
              297648.16840000264,
              471739.65380000323
            ],
            [
              297649.35460000113,
              471725.22080000117
            ],
            [
              297652.20110000297,
              471711.90720000304
            ],
            [
              297656.16690000333,
              471696.93330000155
            ],
            [
              297661.26090000011,
              471678.63330000266
            ],
            [
              297664.67430000193,
              471663.10120000318
            ],
            [
              297667.94220000319,
              471646.76090000197
            ],
            [
              297672.06799999997,
              471629.81860000081
            ],
            [
              297675.45529999956,
              471619.28460000269
            ],
            [
              297678.29300000332,
              471607.6370000001
            ],
            [
              297678.95470000152,
              471597.08870000206
            ],
            [
              297680.69050000235,
              471583.7693000026
            ],
            [
              297683.52940000035,
              471562.12529999949
            ],
            [
              297681.7255000025,
              471549.34270000271
            ],
            [
              297682.291000003,
              471537.63199999928
            ],
            [
              297684.29980000202,
              471521.03309999965
            ],
            [
              297691.06550000142,
              471501.63100000098
            ],
            [
              297697.25860000122,
              471485.55820000172
            ],
            [
              297701.34080000222,
              471476.94590000622
            ],
            [
              297707.51350000314,
              471464.76040000096
            ],
            [
              297713.89639999997,
              471451.51649999991
            ],
            [
              297720.82689999882,
              471439.03170000203
            ],
            [
              297726.53440000303,
              471428.45859999955
            ],
            [
              297733.25950000342,
              471416.83130000159
            ],
            [
              297740.85900000017,
              471402.17979999818
            ],
            [
              297745.34820000175,
              471393.31760000251
            ],
            [
              297750.90280000027,
              471383.35030000098
            ],
            [
              297755.94730000105,
              471374.49100000225
            ],
            [
              297763.75040000305,
              471359.33250000142
            ],
            [
              297774.08400000352,
              471343.78930000216
            ],
            [
              297780.82660000026,
              471328.83000000007
            ],
            [
              297786.43230000045,
              471318.86290000007
            ],
            [
              297795.39620000031,
              471303.91530000046
            ],
            [
              297803.16530000139,
              471286.18450000137
            ],
            [
              297809.32350000273,
              471276.77569999918
            ],
            [
              297817.27520000096,
              471261.82280000113
            ],
            [
              297824.01200000104,
              471247.97409999929
            ],
            [
              297825.17790000141,
              471237.42850000039
            ],
            [
              297821.35440000333,
              471225.19070000015
            ],
            [
              297815.85910000093,
              471214.05480000004
            ],
            [
              297809.80270000082,
              471204.02669999935
            ]
          ]
        ]
      }
    }
  ]
}