{
  "displayFieldName" : "",
  "fieldAliases" : {
    "FID" : "FID",
    "PMNTN_SN" : "PMNTN_SN",
    "MNTN_CODE" : "MNTN_CODE",
    "MNTN_NM" : "MNTN_NM",
    "PMNTN_NM" : "PMNTN_NM",
    "PMNTN_MAIN" : "PMNTN_MAIN",
    "PMNTN_LT" : "PMNTN_LT",
    "PMNTN_DFFL" : "PMNTN_DFFL",
    "PMNTN_UPPL" : "PMNTN_UPPL",
    "PMNTN_GODN" : "PMNTN_GODN",
    "PMNTN_MTRQ" : "PMNTN_MTRQ",
    "PMNTN_CNRL" : "PMNTN_CNRL",
    "PMNTN_CLS_" : "PMNTN_CLS_",
    "PMNTN_RISK" : "PMNTN_RISK",
    "PMNTN_RECO" : "PMNTN_RECO",
    "DATA_STDR_" : "DATA_STDR_",
    "MNTN_ID" : "MNTN_ID"
  },
  "geometryType" : "esriGeometryPolyline",
  "spatialReference" : {
    "wkt" : "PROJCS[\"PCS_ITRF2000_TM\",GEOGCS[\"GCS_ITRF_2000\",DATUM[\"D_ITRF_2000\",SPHEROID[\"GRS_1980\",6378137.0,298.257222101]],PRIMEM[\"Greenwich\",0.0],UNIT[\"Degree\",0.0174532925199433]],PROJECTION[\"Transverse_Mercator\"],PARAMETER[\"False_Easting\",200000.0],PARAMETER[\"False_Northing\",600000.0],PARAMETER[\"Central_Meridian\",127.0],PARAMETER[\"Scale_Factor\",1.0],PARAMETER[\"Latitude_Of_Origin\",38.0],UNIT[\"Meter\",1.0]]"
  },
  "fields" : [
    {
      "name" : "FID",
      "type" : "esriFieldTypeOID",
      "alias" : "FID"
    },
    {
      "name" : "PMNTN_SN",
      "type" : "esriFieldTypeDouble",
      "alias" : "PMNTN_SN"
    },
    {
      "name" : "MNTN_CODE",
      "type" : "esriFieldTypeString",
      "alias" : "MNTN_CODE",
      "length" : 9
    },
    {
      "name" : "MNTN_NM",
      "type" : "esriFieldTypeString",
      "alias" : "MNTN_NM",
      "length" : 50
    },
    {
      "name" : "PMNTN_NM",
      "type" : "esriFieldTypeString",
      "alias" : "PMNTN_NM",
      "length" : 50
    },
    {
      "name" : "PMNTN_MAIN",
      "type" : "esriFieldTypeString",
      "alias" : "PMNTN_MAIN",
      "length" : 200
    },
    {
      "name" : "PMNTN_LT",
      "type" : "esriFieldTypeSingle",
      "alias" : "PMNTN_LT"
    },
    {
      "name" : "PMNTN_DFFL",
      "type" : "esriFieldTypeString",
      "alias" : "PMNTN_DFFL",
      "length" : 8
    },
    {
      "name" : "PMNTN_UPPL",
      "type" : "esriFieldTypeDouble",
      "alias" : "PMNTN_UPPL"
    },
    {
      "name" : "PMNTN_GODN",
      "type" : "esriFieldTypeDouble",
      "alias" : "PMNTN_GODN"
    },
    {
      "name" : "PMNTN_MTRQ",
      "type" : "esriFieldTypeString",
      "alias" : "PMNTN_MTRQ",
      "length" : 200
    },
    {
      "name" : "PMNTN_CNRL",
      "type" : "esriFieldTypeString",
      "alias" : "PMNTN_CNRL",
      "length" : 1
    },
    {
      "name" : "PMNTN_CLS_",
      "type" : "esriFieldTypeString",
      "alias" : "PMNTN_CLS_",
      "length" : 1
    },
    {
      "name" : "PMNTN_RISK",
      "type" : "esriFieldTypeString",
      "alias" : "PMNTN_RISK",
      "length" : 200
    },
    {
      "name" : "PMNTN_RECO",
      "type" : "esriFieldTypeString",
      "alias" : "PMNTN_RECO",
      "length" : 1
    },
    {
      "name" : "DATA_STDR_",
      "type" : "esriFieldTypeString",
      "alias" : "DATA_STDR_",
      "length" : 10
    },
    {
      "name" : "MNTN_ID",
      "type" : "esriFieldTypeString",
      "alias" : "MNTN_ID",
      "length" : 10
    }
  ],
  "features" : [
    {
      "attributes" : {
        "FID" : 0,
        "PMNTN_SN" : 33085,
        "MNTN_CODE" : "471102301",
        "MNTN_NM" : "수도산",
        "PMNTN_NM" : "용흥동구간",
        "PMNTN_MAIN" : " ",
        "PMNTN_LT" : 1.08,
        "PMNTN_DFFL" : "쉬움",
        "PMNTN_UPPL" : 19,
        "PMNTN_GODN" : 13,
        "PMNTN_MTRQ" : " ",
        "PMNTN_CNRL" : " ",
        "PMNTN_CLS_" : " ",
        "PMNTN_RISK" : " ",
        "PMNTN_RECO" : " ",
        "DATA_STDR_" : "2016-12-31",
        "MNTN_ID" : "471130901"
      },
      "geometry" : {
        "paths" : [
          [
            [
              412636.31649999972,
              385413.85129999928
            ],
            [
              412637.9179000007,
              385416.43530000001
            ],
            [
              412639.67130000144,
              385418.88360000029
            ],
            [
              412641.76510000043,
              385421.28360000253
            ],
            [
              412644.38840000052,
              385423.7079000026
            ],
            [
              412654.2090999987,
              385431.18480000272
            ],
            [
              412657.00350000057,
              385433.24890000187
            ],
            [
              412665.44460000098,
              385438.97609999962
            ],
            [
              412668.87570000067,
              385441.94510000013
            ],
            [
              412672.59339999966,
              385446.4737999998
            ],
            [
              412675.13559999969,
              385450.85680000111
            ],
            [
              412677.33479999937,
              385455.57090000436
            ],
            [
              412681.60720000044,
              385465.85180000216
            ],
            [
              412685.40740000084,
              385475.2069000043
            ],
            [
              412689.43520000018,
              385486.54010000266
            ],
            [
              412692.05800000113,
              385494.8198000025
            ],
            [
              412694.59860000107,
              385503.90090000257
            ],
            [
              412697.12870000023,
              385514.0139000006
            ],
            [
              412700.2517999988,
              385528.07450000197
            ],
            [
              412701.03129999992,
              385537.34779999964
            ],
            [
              412702.71889999975,
              385542.18480000086
            ],
            [
              412705.95569999889,
              385544.2816000022
            ],
            [
              412714.59680000041,
              385545.80949999951
            ],
            [
              412722.8498000009,
              385547.6270999983
            ],
            [
              412726.37480000127,
              385544.71429999731
            ],
            [
              412730.1464999998,
              385542.02680000104
            ],
            [
              412732.48939999938,
              385537.98150000349
            ],
            [
              412736.40340000018,
              385527.91690000147
            ],
            [
              412737.45889999997,
              385524.31300000288
            ],
            [
              412740.31740000006,
              385512.81999999844
            ],
            [
              412744.23150000069,
              385501.63709999993
            ],
            [
              412745.14770000149,
              385497.08750000224
            ],
            [
              412746.3685999997,
              385486.37550000288
            ],
            [
              412747.24320000038,
              385482.64790000021
            ],
            [
              412749.16530000046,
              385477.87890000083
            ],
            [
              412754.19210000057,
              385468.05340000242
            ],
            [
              412757.0587000018,
              385459.58940000273
            ],
            [
              412758.71940000076,
              385456.62800000049
            ],
            [
              412761.38500000071,
              385453.74330000393
            ],
            [
              412764.8777999999,
              385451.23200000077
            ],
            [
              412769.45720000006,
              385449.46860000119
            ],
            [
              412773.43140000105,
              385449.88040000014
            ],
            [
              412776.14990000147,
              385450.91550000384
            ],
            [
              412783.06769999955,
              385454.13929999992
            ],
            [
              412785.86200000066,
              385455.02459999919
            ],
            [
              412795.13140000124,
              385456.73800000176
            ],
            [
              412799.84470000118,
              385457.19099999964
            ],
            [
              412803.02800000086,
              385457.02910000272
            ],
            [
              412806.60960000008,
              385456.12010000087
            ],
            [
              412809.84240000043,
              385454.17810000107
            ],
            [
              412815.24290000089,
              385449.07740000077
            ],
            [
              412818.70600000117,
              385445.15410000272
            ],
            [
              412824.18919999991,
              385437.8945000004
            ],
            [
              412829.64650000073,
              385431.15110000409
            ],
            [
              412831.51020000037,
              385428.20900000259
            ],
            [
              412833.14670000132,
              385424.18470000103
            ],
            [
              412833.90459999908,
              385420.52899999917
            ],
            [
              412834.30380000081,
              385416.76490000449
            ],
            [
              412834.81290000118,
              385408.25989999995
            ],
            [
              412835.37480000127,
              385399.58899999969
            ],
            [
              412835.37210000027,
              385392.60380000249
            ],
            [
              412834.9852,
              385387.11810000055
            ],
            [
              412834.29170000181,
              385381.61660000123
            ],
            [
              412833.29889999982,
              385376.15700000152
            ],
            [
              412832.01719999965,
              385370.79710000008
            ],
            [
              412830.67570000142,
              385366.18640000001
            ],
            [
              412829.20459999889,
              385361.85719999857
            ],
            [
              412827.60190000106,
              385357.80340000056
            ],
            [
              412825.8666000003,
              385354.02280000038
            ],
            [
              412823.0175999999,
              385349.06489999965
            ],
            [
              412815.80200000107,
              385338.36670000292
            ],
            [
              412813.53420000151,
              385334.40240000002
            ],
            [
              412807.125,
              385322.16040000133
            ],
            [
              412804.78040000051,
              385318.49460000359
            ],
            [
              412802.38250000216,
              385315.44180000015
            ],
            [
              412797.92170000076,
              385310.84100000188
            ],
            [
              412792.87710000109,
              385306.49550000206
            ],
            [
              412787.89639999997,
              385302.67579999939
            ],
            [
              412784.08820000011,
              385300.12300000153
            ],
            [
              412780.54559999984,
              385298.22890000045
            ],
            [
              412777.2209999999,
              385296.99000000209
            ],
            [
              412774.22709999979,
              385296.42380000092
            ],
            [
              412770.75129999965,
              385296.30739999935
            ],
            [
              412767.38740000129,
              385296.53100000136
            ],
            [
              412759.78809999954,
              385297.37629999965
            ],
            [
              412756.5326000005,
              385297.5492000021
            ],
            [
              412747.67949999962,
              385297.6772000026
            ],
            [
              412742.55399999954,
              385297.5492000021
            ],
            [
              412733.24260000046,
              385297.09130000323
            ],
            [
              412729.21690000035,
              385296.24269999936
            ],
            [
              412724.93760000076,
              385294.35249999911
            ],
            [
              412721.81220000144,
              385292.22580000199
            ],
            [
              412718.69840000011,
              385289.5297000017
            ],
            [
              412715.71510000154,
              385286.36630000174
            ],
            [
              412713.92870000098,
              385284.02820000239
            ],
            [
              412712.20430000126,
              385281.24780000187
            ],
            [
              412710.50410000142,
              385277.98479999974
            ],
            [
              412708.44620000105,
              385273.50589999929
            ],
            [
              412706.7575000003,
              385268.8814000003
            ],
            [
              412704.17389999982,
              385259.12450000271
            ],
            [
              412702.85469999909,
              385255.05410000123
            ],
            [
              412699.76370000001,
              385247.00950000249
            ],
            [
              412698.53560000006,
              385244.41520000249
            ],
            [
              412696.56090000086,
              385241.22849999927
            ],
            [
              412694.06340000033,
              385238.2965000011
            ],
            [
              412686.2706000004,
              385231.39220000058
            ],
            [
              412683.28469999973,
              385228.21520000137
            ],
            [
              412678.46790000051,
              385221.99060000107
            ],
            [
              412676.53180000186,
              385218.65270000137
            ],
            [
              412674.99740000069,
              385214.45550000295
            ],
            [
              412674.17470000125,
              385210.53749999963
            ],
            [
              412673.63609999977,
              385206.25810000114
            ],
            [
              412673.44930000138,
              385202.14680000022
            ],
            [
              412673.62100000121,
              385198.78140000254
            ],
            [
              412674.7937000012,
              385195.29420000128
            ],
            [
              412678.29510000162,
              385195.02679999918
            ],
            [
              412687.75779999979,
              385202.49450000003
            ],
            [
              412700.65950000007,
              385211.34150000103
            ],
            [
              412706.20959999971,
              385215.35480000079
            ],
            [
              412709.91010000091,
              385218.42230000161
            ],
            [
              412719.65199999977,
              385227.33049999923
            ],
            [
              412722.79009999987,
              385229.72490000352
            ],
            [
              412725.77970000077,
              385231.57010000013
            ],
            [
              412730.66399999987,
              385233.90510000288
            ],
            [
              412736.0652999999,
              385235.9104999993
            ],
            [
              412741.92650000099,
              385237.56490000151
            ],
            [
              412748.14550000057,
              385238.83889999986
            ],
            [
              412753.48990000039,
              385239.53310000151
            ],
            [
              412759.12339999992,
              385239.85890000127
            ],
            [
              412765.00470000133,
              385239.81380000152
            ],
            [
              412771.07040000055,
              385239.39809999987
            ],
            [
              412775.30750000104,
              385238.76180000231
            ],
            [
              412783.20720000193,
              385237.00200000033
            ],
            [
              412788.40390000027,
              385236.04320000112
            ],
            [
              412798.4673000006,
              385234.61280000024
            ],
            [
              412803.55040000007,
              385235.65060000308
            ],
            [
              412807.42270000093,
              385238.29739999957
            ],
            [
              412810.1436999999,
              385241.1221000012
            ],
            [
              412815.24290000089,
              385247.22610000148
            ],
            [
              412817.40000000037,
              385249.89590000175
            ],
            [
              412818.90199999977,
              385252.29270000197
            ],
            [
              412823.74060000107,
              385260.01380000263
            ],
            [
              412826.42580000125,
              385263.441300001
            ],
            [
              412829.48249999993,
              385266.19880000129
            ],
            [
              412837.67290000152,
              385272.12140000239
            ],
            [
              412840.26059999969,
              385274.83220000006
            ],
            [
              412842.15609999932,
              385278.05820000172
            ],
            [
              412843.07510000002,
              385280.87560000271
            ],
            [
              412843.68989999965,
              385283.77840000018
            ],
            [
              412844.93130000122,
              385291.37379999831
            ],
            [
              412845.99579999875,
              385295.31260000169
            ],
            [
              412848.80160000175,
              385301.99860000238
            ],
            [
              412854.38300000038,
              385313.20520000346
            ],
            [
              412861.37099999934,
              385326.48190000094
            ],
            [
              412863.88850000128,
              385331.65700000152
            ],
            [
              412867.66510000173,
              385339.57300000079
            ],
            [
              412869.20850000158,
              385343.14409999922
            ],
            [
              412870.45060000103,
              385346.79320000112
            ],
            [
              412871.15739999991,
              385350.10879999772
            ],
            [
              412871.37060000002,
              385353.86960000172
            ],
            [
              412871.00439999998,
              385358.14310000464
            ],
            [
              412870.3339999998,
              385361.90180000104
            ],
            [
              412867.80250000209,
              385373.59290000238
            ],
            [
              412864.44759999961,
              385392.0446000006
            ],
            [
              412861.65189999994,
              385411.05560000055
            ],
            [
              412860.315200001,
              385424.74330000207
            ],
            [
              412859.41530000046,
              385430.62560000271
            ],
            [
              412858.19359999988,
              385435.95670000277
            ],
            [
              412856.66390000004,
              385441.38200000301
            ],
            [
              412854.83180000074,
              385446.88240000047
            ],
            [
              412852.70560000185,
              385452.43229999952
            ],
            [
              412849.56819999963,
              385459.50670000166
            ],
            [
              412845.99579999875,
              385466.41089999862
            ]
          ]
        ]
      }
    },
    {
      "attributes" : {
        "FID" : 1,
        "PMNTN_SN" : 33086,
        "MNTN_CODE" : "471102301",
        "MNTN_NM" : "수도산",
        "PMNTN_NM" : " ",
        "PMNTN_MAIN" : " ",
        "PMNTN_LT" : 0.67,
        "PMNTN_DFFL" : "쉬움",
        "PMNTN_UPPL" : 12,
        "PMNTN_GODN" : 8,
        "PMNTN_MTRQ" : " ",
        "PMNTN_CNRL" : " ",
        "PMNTN_CLS_" : " ",
        "PMNTN_RISK" : " ",
        "PMNTN_RECO" : " ",
        "DATA_STDR_" : "2016-12-31",
        "MNTN_ID" : "471130901"
      },
      "geometry" : {
        "paths" : [
          [
            [
              412845.99579999875,
              385466.41089999862
            ],
            [
              412847.76370000094,
              385468.61879999936
            ],
            [
              412849.39840000216,
              385476.24029999971
            ],
            [
              412850.61360000074,
              385479.07819999941
            ],
            [
              412852.87230000086,
              385481.8331000004
            ],
            [
              412860.62930000015,
              385487.06030000001
            ],
            [
              412863.80330000073,
              385489.73940000124
            ],
            [
              412866.03849999979,
              385492.79629999958
            ],
            [
              412867.50989999995,
              385495.45850000344
            ],
            [
              412868.84979999997,
              385498.41939999908
            ],
            [
              412870.03910000063,
              385501.63709999993
            ],
            [
              412870.62560000084,
              385504.41210000217
            ],
            [
              412871.59499999974,
              385512.58230000176
            ],
            [
              412873.86750000063,
              385516.61869999953
            ],
            [
              412876.17939999979,
              385518.67870000005
            ],
            [
              412879.14430000167,
              385520.67370000109
            ],
            [
              412884.01770000067,
              385523.44370000251
            ],
            [
              412887.35659999959,
              385524.92000000179
            ],
            [
              412895.30420000013,
              385527.43769999966
            ],
            [
              412898.55550000072,
              385529.03519999981
            ],
            [
              412902.2582000019,
              385531.85810000077
            ],
            [
              412907.5018000016,
              385536.86319999956
            ],
            [
              412913.41160000023,
              385543.68910000101
            ],
            [
              412917.0185000021,
              385545.88639999926
            ],
            [
              412926.59030000027,
              385547.86510000192
            ],
            [
              412928.1129999999,
              385550.80399999954
            ],
            [
              412926.64310000092,
              385559.30500000343
            ],
            [
              412926.22539999988,
              385568.25230000168
            ],
            [
              412927.94449999928,
              385573.13570000045
            ],
            [
              412934.57760000136,
              385579.75660000369
            ],
            [
              412936.57730000094,
              385582.15390000306
            ],
            [
              412940.39700000081,
              385588.99829999916
            ],
            [
              412943.34690000024,
              385592.49990000017
            ],
            [
              412946.12120000087,
              385594.87170000002
            ],
            [
              412949.30990000069,
              385597.04210000113
            ],
            [
              412954.03699999955,
              385599.33589999937
            ],
            [
              412962.84030000027,
              385601.3984999992
            ],
            [
              412966.5791000016,
              385604.65590000153
            ],
            [
              412968.45600000024,
              385607.93310000189
            ],
            [
              412969.84140000027,
              385611.85940000415
            ],
            [
              412970.18119999953,
              385615.81210000254
            ],
            [
              412969.86360000074,
              385618.62729999796
            ],
            [
              412968.56219999958,
              385626.13969999924
            ],
            [
              412968.42109999992,
              385629.27950000204
            ],
            [
              412968.80250000115,
              385632.77130000107
            ],
            [
              412969.42900000047,
              385635.53940000013
            ],
            [
              412972.92280000076,
              385646.61790000089
            ],
            [
              412974.04000000097,
              385651.48790000007
            ],
            [
              412974.40110000037,
              385654.77570000291
            ],
            [
              412974.51530000102,
              385658.4851000011
            ],
            [
              412974.01230000053,
              385674.12680000253
            ],
            [
              412974.19170000032,
              385677.51300000027
            ],
            [
              412974.59920000006,
              385680.5634000022
            ],
            [
              412975.38519999944,
              385684.26649999991
            ],
            [
              412976.47860000003,
              385688.32140000351
            ],
            [
              412980.19060000032,
              385699.57440000027
            ],
            [
              412983.60780000035,
              385708.12070000172
            ],
            [
              412983.78229999915,
              385713.53639999963
            ],
            [
              412982.48670000024,
              385717.21609999985
            ],
            [
              412978.65020000003,
              385725.49340000004
            ],
            [
              412977.94900000095,
              385729.66579999961
            ],
            [
              412978.17100000009,
              385732.95570000261
            ],
            [
              412979.7734000003,
              385741.06280000135
            ],
            [
              412980.19060000032,
              385744.30600000173
            ],
            [
              412980.81550000049,
              385753.48660000227
            ],
            [
              412980.83730000071,
              385759.10420000181
            ],
            [
              412980.01590000186,
              385765.20150000043
            ],
            [
              412978.0623000022,
              385770.14960000105
            ],
            [
              412972.75410000049,
              385776.856200004
            ],
            [
              412970.91770000197,
              385780.36260000058
            ],
            [
              412970.59670000058,
              385784.19940000214
            ],
            [
              412971.0782000022,
              385787.48400000297
            ],
            [
              412972.07740000077,
              385790.71160000376
            ],
            [
              412974.31090000179,
              385794.41910000145
            ],
            [
              412981.22500000056,
              385799.7891000025
            ],
            [
              412982.12389999907,
              385803.15049999952
            ],
            [
              412981.66629999969,
              385806.06279999949
            ],
            [
              412980.56850000005,
              385809.03900000267
            ],
            [
              412978.0661000004,
              385812.16550000012
            ],
            [
              412971.19710000046,
              385814.73120000213
            ],
            [
              412968.20760000031,
              385816.58370000124
            ],
            [
              412965.81799999997,
              385819.125
            ],
            [
              412961.17970000021,
              385825.94109999947
            ],
            [
              412957.39440000057,
              385831.71300000139
            ],
            [
              412953.20350000076,
              385836.76280000061
            ],
            [
              412949.73450000025,
              385839.48690000363
            ],
            [
              412946.4441000009,
              385840.66220000014
            ],
            [
              412942.43219999969,
              385840.51429999992
            ],
            [
              412938.08820000011,
              385835.19690000266
            ],
            [
              412931.54499999993,
              385835.44660000317
            ],
            [
              412928.63790000137,
              385835.89990000054
            ],
            [
              412925.44750000071,
              385836.74380000308
            ],
            [
              412915.32980000135,
              385840.47890000418
            ],
            [
              412908.70110000018,
              385842.7137000002
            ],
            [
              412905.26519999932,
              385844.39290000126
            ],
            [
              412902.90340000018,
              385846.3981999997
            ],
            [
              412898.37110000104,
              385851.68799999915
            ],
            [
              412895.24000000022,
              385853.82530000247
            ],
            [
              412891.54730000161,
              385854.886900004
            ],
            [
              412888.66290000081,
              385855.10249999911
            ],
            [
              412880.24220000021,
              385855.20370000042
            ],
            [
              412876.69039999973,
              385855.83700000122
            ],
            [
              412873.15539999958,
              385857.31200000271
            ],
            [
              412867.6894000005,
              385860.60119999945
            ],
            [
              412863.69799999986,
              385862.04810000211
            ],
            [
              412859.41530000046,
              385862.84469999932
            ],
            [
              412855.55630000029,
              385863.19440000132
            ],
            [
              412852.17400000058,
              385863.21800000221
            ],
            [
              412849.17870000191,
              385862.91599999927
            ],
            [
              412845.43230000138,
              385861.80269999988
            ],
            [
              412841.93810000177,
              385859.83420000225
            ],
            [
              412834.81290000118,
              385853.89840000123
            ],
            [
              412828.11629999988,
              385847.96450000256
            ],
            [
              412820.54740000051,
              385839.96710000187
            ],
            [
              412814.3861000007,
              385831.39590000361
            ],
            [
              412810.77490000054,
              385828.88939999975
            ],
            [
              412801.85170000233,
              385826.49940000102
            ],
            [
              412800.34549999982,
              385817.21950000152
            ],
            [
              412790.72420000099,
              385817.24620000087
            ],
            [
              412786.69900000095,
              385814.21409999765
            ],
            [
              412784.70600000117,
              385810.05829999968
            ],
            [
              412783.93070000131,
              385806.37100000121
            ]
          ]
        ]
      }
    },
    {
      "attributes" : {
        "FID" : 2,
        "PMNTN_SN" : 33087,
        "MNTN_CODE" : "471102301",
        "MNTN_NM" : "수도산",
        "PMNTN_NM" : "용흥동구간",
        "PMNTN_MAIN" : " ",
        "PMNTN_LT" : 0.31,
        "PMNTN_DFFL" : "쉬움",
        "PMNTN_UPPL" : 5,
        "PMNTN_GODN" : 4,
        "PMNTN_MTRQ" : " ",
        "PMNTN_CNRL" : " ",
        "PMNTN_CLS_" : " ",
        "PMNTN_RISK" : " ",
        "PMNTN_RECO" : " ",
        "DATA_STDR_" : "2016-12-31",
        "MNTN_ID" : "471130901"
      },
      "geometry" : {
        "paths" : [
          [
            [
              412625.13359999936,
              385479.83040000126
            ],
            [
              412628.96580000035,
              385484.317900002
            ],
            [
              412632.29339999985,
              385488.98230000027
            ],
            [
              412635.11639999971,
              385493.82340000011
            ],
            [
              412637.43480000086,
              385498.84130000137
            ],
            [
              412638.4225000022,
              385501.61959999986
            ],
            [
              412639.22310000006,
              385504.61240000091
            ],
            [
              412639.84390000068,
              385507.84580000304
            ],
            [
              412640.29490000196,
              385511.37179999985
            ],
            [
              412640.71520000044,
              385518.72899999842
            ],
            [
              412640.78959999979,
              385532.3900000006
            ],
            [
              412640.62609999999,
              385541.38210000098
            ],
            [
              412639.67130000144,
              385556.9924000036
            ],
            [
              412639.13570000138,
              385561.79169999994
            ],
            [
              412636.95690000057,
              385573.41820000298
            ],
            [
              412636.30610000063,
              385578.58340000175
            ],
            [
              412636.29839999974,
              385582.59930000268
            ],
            [
              412637.10749999993,
              385587.23550000228
            ],
            [
              412639.37739999965,
              385592.52730000019
            ],
            [
              412641.93520000111,
              385596.66330000199
            ],
            [
              412644.89490000159,
              385600.3703000024
            ],
            [
              412648.05850000028,
              385603.40139999986
            ],
            [
              412650.92490000091,
              385605.32130000181
            ],
            [
              412654.52550000232,
              385606.9553999994
            ],
            [
              412657.83980000112,
              385608.06499999948
            ],
            [
              412668.74689999968,
              385611.22949999943
            ],
            [
              412684.9683000017,
              385616.52919999883
            ],
            [
              412690.55350000132,
              385618.49830000289
            ],
            [
              412694.88109999988,
              385620.28839999996
            ],
            [
              412705.7312000012,
              385625.24049999937
            ],
            [
              412712.77400000021,
              385627.66740000434
            ],
            [
              412716.04220000003,
              385628.18020000122
            ],
            [
              412724.90649999958,
              385628.51160000265
            ],
            [
              412729.48809999973,
              385629.21130000427
            ],
            [
              412733.10819999967,
              385630.93139999732
            ],
            [
              412735.12669999991,
              385633.90559999831
            ],
            [
              412737.45820000116,
              385643.68219999969
            ],
            [
              412738.63999999873,
              385647.01470000111
            ],
            [
              412740.30530000106,
              385650.0736000035
            ],
            [
              412742.26730000135,
              385653.15700000338
            ],
            [
              412744.51460000128,
              385656.24699999951
            ],
            [
              412747.39580000006,
              385659.67160000093
            ],
            [
              412749.52990000229,
              385661.73069999926
            ],
            [
              412756.12299999967,
              385666.9327000007
            ],
            [
              412758.19780000113,
              385669.19170000404
            ],
            [
              412760.06150000077,
              385673.47470000386
            ],
            [
              412760.53880000208,
              385677.71179999784
            ],
            [
              412760.58570000064,
              385684.62360000238
            ],
            [
              412760.9357000012,
              385687.7806000039
            ],
            [
              412762.49820000026,
              385691.37739999965
            ],
            [
              412766.19400000013,
              385694.44840000197
            ],
            [
              412770.56390000042,
              385696.45350000262
            ],
            [
              412774.52400000207,
              385697.14389999956
            ],
            [
              412777.51170000061,
              385696.98450000025
            ],
            [
              412780.81720000133,
              385696.216599999
            ],
            [
              412783.43970000092,
              385695.15689999983
            ]
          ]
        ]
      }
    },
    {
      "attributes" : {
        "FID" : 3,
        "PMNTN_SN" : 33088,
        "MNTN_CODE" : "471102301",
        "MNTN_NM" : "수도산",
        "PMNTN_NM" : " ",
        "PMNTN_MAIN" : " ",
        "PMNTN_LT" : 0.09,
        "PMNTN_DFFL" : "쉬움",
        "PMNTN_UPPL" : 2,
        "PMNTN_GODN" : 1,
        "PMNTN_MTRQ" : " ",
        "PMNTN_CNRL" : " ",
        "PMNTN_CLS_" : " ",
        "PMNTN_RISK" : " ",
        "PMNTN_RECO" : " ",
        "DATA_STDR_" : "2016-12-31",
        "MNTN_ID" : "471130901"
      },
      "geometry" : {
        "paths" : [
          [
            [
              412799.80870000087,
              385537.80970000103
            ],
            [
              412799.58680000063,
              385533.5083000008
            ],
            [
              412800.07789999992,
              385527.89980000257
            ],
            [
              412801.31250000093,
              385522.11600000039
            ],
            [
              412803.23290000111,
              385516.42909999751
            ],
            [
              412805.73739999998,
              385511.14250000007
            ],
            [
              412807.99290000089,
              385507.55790000036
            ],
            [
              412810.84830000065,
              385503.89489999972
            ],
            [
              412812.96070000064,
              385501.60190000013
            ],
            [
              412814.87710000109,
              385499.52150000073
            ],
            [
              412818.59770000074,
              385496.04560000263
            ],
            [
              412822.65579999983,
              385492.80580000021
            ],
            [
              412832.5764000006,
              385485.98100000061
            ],
            [
              412840.55020000041,
              385480.42899999954
            ],
            [
              412843.34780000057,
              385476.54540000111
            ],
            [
              412844.71510000061,
              385468.93290000223
            ],
            [
              412845.99579999875,
              385466.41089999862
            ]
          ]
        ]
      }
    },
    {
      "attributes" : {
        "FID" : 4,
        "PMNTN_SN" : 33089,
        "MNTN_CODE" : "471102301",
        "MNTN_NM" : "수도산",
        "PMNTN_NM" : " ",
        "PMNTN_MAIN" : " ",
        "PMNTN_LT" : 0.06,
        "PMNTN_DFFL" : "쉬움",
        "PMNTN_UPPL" : 1,
        "PMNTN_GODN" : 1,
        "PMNTN_MTRQ" : " ",
        "PMNTN_CNRL" : " ",
        "PMNTN_CLS_" : " ",
        "PMNTN_RISK" : " ",
        "PMNTN_RECO" : " ",
        "DATA_STDR_" : "2016-12-31",
        "MNTN_ID" : "471130901"
      },
      "geometry" : {
        "paths" : [
          [
            [
              412784.36730000004,
              385594.85099999979
            ],
            [
              412789.5222000014,
              385570.41190000065
            ],
            [
              412790.1398,
              385566.55800000019
            ],
            [
              412791.10300000012,
              385556.94209999777
            ],
            [
              412791.74940000009,
              385552.65070000291
            ],
            [
              412792.90510000009,
              385548.30880000442
            ],
            [
              412794.55449999962,
              385544.6911999993
            ],
            [
              412797.14050000068,
              385540.78170000203
            ],
            [
              412799.80870000087,
              385537.80970000103
            ]
          ]
        ]
      }
    },
    {
      "attributes" : {
        "FID" : 5,
        "PMNTN_SN" : 33090,
        "MNTN_CODE" : "471102301",
        "MNTN_NM" : "수도산",
        "PMNTN_NM" : " ",
        "PMNTN_MAIN" : " ",
        "PMNTN_LT" : 0.07,
        "PMNTN_DFFL" : "쉬움",
        "PMNTN_UPPL" : 1,
        "PMNTN_GODN" : 1,
        "PMNTN_MTRQ" : " ",
        "PMNTN_CNRL" : " ",
        "PMNTN_CLS_" : " ",
        "PMNTN_RISK" : " ",
        "PMNTN_RECO" : " ",
        "DATA_STDR_" : "2016-12-31",
        "MNTN_ID" : "471130901"
      },
      "geometry" : {
        "paths" : [
          [
            [
              412784.36730000004,
              385594.85099999979
            ],
            [
              412788.40390000027,
              385592.77770000137
            ],
            [
              412791.56170000229,
              385590.06920000166
            ],
            [
              412798.07480000146,
              385582.82919999957
            ],
            [
              412802.33330000006,
              385579.23630000092
            ],
            [
              412810.24700000137,
              385574.83730000071
            ],
            [
              412812.12669999991,
              385572.63799999841
            ],
            [
              412812.04849999957,
              385568.85230000131
            ],
            [
              412810.0306000011,
              385564.45360000245
            ],
            [
              412804.77820000052,
              385556.14010000043
            ],
            [
              412803.30050000083,
              385552.93880000338
            ],
            [
              412801.29870000016,
              385545.92219999991
            ],
            [
              412800.30010000058,
              385541.34530000202
            ],
            [
              412799.80870000087,
              385537.80970000103
            ]
          ]
        ]
      }
    },
    {
      "attributes" : {
        "FID" : 6,
        "PMNTN_SN" : 33091,
        "MNTN_CODE" : "471102301",
        "MNTN_NM" : "수도산",
        "PMNTN_NM" : " ",
        "PMNTN_MAIN" : " ",
        "PMNTN_LT" : 0.12,
        "PMNTN_DFFL" : "쉬움",
        "PMNTN_UPPL" : 2,
        "PMNTN_GODN" : 1,
        "PMNTN_MTRQ" : " ",
        "PMNTN_CNRL" : " ",
        "PMNTN_CLS_" : " ",
        "PMNTN_RISK" : " ",
        "PMNTN_RECO" : " ",
        "DATA_STDR_" : "2016-12-31",
        "MNTN_ID" : "471130901"
      },
      "geometry" : {
        "paths" : [
          [
            [
              412783.43970000092,
              385695.15689999983
            ],
            [
              412781.13499999978,
              385688.95060000196
            ],
            [
              412780.10050000157,
              385685.2893000003
            ],
            [
              412778.33050000016,
              385676.89040000178
            ],
            [
              412777.2209999999,
              385673.29460000247
            ],
            [
              412775.61490000039,
              385669.53690000251
            ],
            [
              412773.61550000031,
              385665.63200000115
            ],
            [
              412771.19830000214,
              385661.52990000136
            ],
            [
              412768.27469999902,
              385657.0792999994
            ],
            [
              412766.43149999995,
              385654.78439999931
            ],
            [
              412760.95150000043,
              385648.99090000242
            ],
            [
              412759.20320000034,
              385646.23469999991
            ],
            [
              412757.94969999976,
              385642.26310000196
            ],
            [
              412757.57730000094,
              385638.71990000084
            ],
            [
              412757.66559999995,
              385634.81540000066
            ],
            [
              412758.59180000052,
              385629.4645000007
            ],
            [
              412760.28920000046,
              385625.25970000029
            ],
            [
              412765.63489999995,
              385616.73250000179
            ],
            [
              412767.15640000068,
              385614.0252000019
            ],
            [
              412771.83270000108,
              385602.93290000223
            ],
            [
              412774.60400000028,
              385599.42280000076
            ],
            [
              412777.23599999957,
              385597.6857000012
            ],
            [
              412784.36730000004,
              385594.85099999979
            ]
          ]
        ]
      }
    },
    {
      "attributes" : {
        "FID" : 7,
        "PMNTN_SN" : 33092,
        "MNTN_CODE" : "471102301",
        "MNTN_NM" : "수도산",
        "PMNTN_NM" : "용흥동구간",
        "PMNTN_MAIN" : " ",
        "PMNTN_LT" : 0.45,
        "PMNTN_DFFL" : "쉬움",
        "PMNTN_UPPL" : 8,
        "PMNTN_GODN" : 6,
        "PMNTN_MTRQ" : " ",
        "PMNTN_CNRL" : " ",
        "PMNTN_CLS_" : " ",
        "PMNTN_RISK" : " ",
        "PMNTN_RECO" : " ",
        "DATA_STDR_" : "2016-12-31",
        "MNTN_ID" : "471130901"
      },
      "geometry" : {
        "paths" : [
          [
            [
              412638.55310000107,
              385721.38099999912
            ],
            [
              412639.75949999876,
              385725.70399999805
            ],
            [
              412641.3732000012,
              385729.66120000184
            ],
            [
              412643.39400000218,
              385733.25250000134
            ],
            [
              412646.65620000008,
              385737.28540000133
            ],
            [
              412649.63100000098,
              385739.61050000228
            ],
            [
              412654.91360000055,
              385749.55740000121
            ],
            [
              412658.33290000074,
              385751.83420000412
            ],
            [
              412661.25289999973,
              385754.47610000148
            ],
            [
              412664.27550000139,
              385757.70439999923
            ],
            [
              412672.13690000027,
              385767.34560000338
            ],
            [
              412683.45160000119,
              385779.17650000006
            ],
            [
              412686.34389999975,
              385783.03530000336
            ],
            [
              412688.61670000106,
              385786.6810999997
            ],
            [
              412693.14520000014,
              385794.09530000016
            ],
            [
              412695.2611999996,
              385798.75420000218
            ],
            [
              412694.82230000012,
              385803.32750000246
            ],
            [
              412690.69660000131,
              385806.49050000124
            ],
            [
              412687.01750000101,
              385807.86980000138
            ],
            [
              412682.40040000062,
              385808.37390000187
            ],
            [
              412677.41200000141,
              385806.7098000031
            ],
            [
              412674.33829999994,
              385799.6612999998
            ],
            [
              412670.68810000177,
              385797.68979999982
            ],
            [
              412661.33180000074,
              385792.17149999924
            ],
            [
              412655.88660000078,
              385789.59669999965
            ],
            [
              412647.85989999957,
              385786.63099999726
            ],
            [
              412643.74880000111,
              385785.82120000012
            ],
            [
              412638.58000000007,
              385785.74950000271
            ],
            [
              412634.90429999959,
              385786.12140000053
            ],
            [
              412632.25610000081,
              385787.42170000449
            ],
            [
              412637.69310000166,
              385790.95500000194
            ],
            [
              412640.91950000077,
              385794.09530000016
            ],
            [
              412644.40590000153,
              385801.64240000024
            ],
            [
              412645.8219000008,
              385804.13450000435
            ],
            [
              412647.7966,
              385806.70760000125
            ],
            [
              412649.97290000133,
              385809.17920000292
            ],
            [
              412652.31120000128,
              385811.50430000201
            ],
            [
              412654.76829999965,
              385813.63990000077
            ],
            [
              412657.5875000013,
              385815.50520000048
            ],
            [
              412664.40520000085,
              385819.00870000198
            ],
            [
              412667.06939999945,
              385820.90880000219
            ],
            [
              412671.69990000222,
              385824.97929999977
            ],
            [
              412673.11989999935,
              385829.19470000267
            ],
            [
              412669.83280000091,
              385831.94820000231
            ],
            [
              412666.02560000215,
              385833.44569999911
            ],
            [
              412662.17669999972,
              385833.32010000199
            ],
            [
              412659.24839999992,
              385832.50560000166
            ],
            [
              412652.70669999998,
              385830.20650000125
            ],
            [
              412648.30100000184,
              385830.05150000006
            ],
            [
              412646.37800000049,
              385833.30160000175
            ],
            [
              412646.3769000005,
              385837.14120000042
            ],
            [
              412648.23280000128,
              385840.66190000065
            ],
            [
              412651.35520000104,
              385842.93090000376
            ],
            [
              412658.09890000056,
              385846.49350000173
            ],
            [
              412668.05109999981,
              385853.04210000113
            ],
            [
              412671.54260000121,
              385855.57580000162
            ],
            [
              412674.63780000154,
              385858.23980000056
            ],
            [
              412681.09620000049,
              385864.43500000238
            ],
            [
              412683.84379999898,
              385866.75870000198
            ],
            [
              412692.13169999979,
              385874.11500000209
            ],
            [
              412696.30710000172,
              385877.09940000065
            ],
            [
              412700.17490000091,
              385877.17380000092
            ],
            [
              412703.97300000023,
              385868.9953000024
            ],
            [
              412708.6034000013,
              385858.51209999993
            ],
            [
              412710.45459999982,
              385855.11080000177
            ],
            [
              412712.36020000093,
              385852.220900001
            ],
            [
              412714.35390000138,
              385849.76979999989
            ],
            [
              412716.83059999999,
              385847.21730000153
            ],
            [
              412726.33880000003,
              385838.80150000192
            ],
            [
              412733.68969999999,
              385831.88950000145
            ],
            [
              412738.08090000134,
              385828.17769999988
            ],
            [
              412741.77959999908,
              385825.45730000362
            ],
            [
              412745.79340000078,
              385822.78949999996
            ],
            [
              412750.13970000204,
              385820.16240000166
            ],
            [
              412754.85520000011,
              385817.55390000157
            ],
            [
              412757.72539999988,
              385816.20090000145
            ],
            [
              412761.06390000135,
              385814.94730000198
            ],
            [
              412769.74670000095,
              385812.39980000257
            ],
            [
              412772.58070000075,
              385811.56830000319
            ],
            [
              412776.74679999985,
              385810.15039999969
            ],
            [
              412780.66350000072,
              385808.39400000125
            ],
            [
              412783.93070000131,
              385806.37100000121
            ]
          ]
        ]
      }
    },
    {
      "attributes" : {
        "FID" : 8,
        "PMNTN_SN" : 33093,
        "MNTN_CODE" : "471102301",
        "MNTN_NM" : "수도산",
        "PMNTN_NM" : " ",
        "PMNTN_MAIN" : " ",
        "PMNTN_LT" : 0.13,
        "PMNTN_DFFL" : "쉬움",
        "PMNTN_UPPL" : 2,
        "PMNTN_GODN" : 2,
        "PMNTN_MTRQ" : " ",
        "PMNTN_CNRL" : " ",
        "PMNTN_CLS_" : " ",
        "PMNTN_RISK" : " ",
        "PMNTN_RECO" : " ",
        "DATA_STDR_" : "2016-12-31",
        "MNTN_ID" : "471130901"
      },
      "geometry" : {
        "paths" : [
          [
            [
              412783.93070000131,
              385806.37100000121
            ],
            [
              412787.32490000036,
              385803.73860000074
            ],
            [
              412790.33080000058,
              385801.08080000244
            ],
            [
              412792.93020000122,
              385798.41369999945
            ],
            [
              412795.11359999981,
              385795.74730000272
            ],
            [
              412797.91610000096,
              385791.35480000265
            ],
            [
              412800.29880000092,
              385786.32600000128
            ],
            [
              412802.18900000025,
              385780.81140000001
            ],
            [
              412803.5008000005,
              385775.05890000425
            ],
            [
              412803.89279999956,
              385771.83720000274
            ],
            [
              412804.02080000099,
              385768.19510000013
            ],
            [
              412803.5008000005,
              385757.16630000249
            ],
            [
              412803.08520000055,
              385752.97030000202
            ],
            [
              412801.50030000228,
              385742.56949999928
            ],
            [
              412801.26709999982,
              385738.34730000235
            ],
            [
              412801.66750000138,
              385734.05370000191
            ],
            [
              412803.47320000082,
              385726.50210000016
            ],
            [
              412803.57810000051,
              385723.43909999914
            ],
            [
              412802.69079999998,
              385719.60310000181
            ],
            [
              412797.19060000125,
              385714.06350000016
            ],
            [
              412794.09539999999,
              385710.70040000044
            ],
            [
              412789.21040000115,
              385704.15780000016
            ],
            [
              412786.81940000132,
              385701.5577000007
            ],
            [
              412784.93590000179,
              385698.53020000085
            ],
            [
              412783.43970000092,
              385695.15689999983
            ]
          ]
        ]
      }
    }
  ]
}