{
  "displayFieldName" : "",
  "fieldAliases" : {
    "FID" : "FID",
    "PMNTN_SN" : "PMNTN_SN",
    "MNTN_CODE" : "MNTN_CODE",
    "MNTN_NM" : "MNTN_NM",
    "PMNTN_NM" : "PMNTN_NM",
    "PMNTN_MAIN" : "PMNTN_MAIN",
    "PMNTN_LT" : "PMNTN_LT",
    "PMNTN_DFFL" : "PMNTN_DFFL",
    "PMNTN_UPPL" : "PMNTN_UPPL",
    "PMNTN_GODN" : "PMNTN_GODN",
    "PMNTN_MTRQ" : "PMNTN_MTRQ",
    "PMNTN_CNRL" : "PMNTN_CNRL",
    "PMNTN_CLS_" : "PMNTN_CLS_",
    "PMNTN_RISK" : "PMNTN_RISK",
    "PMNTN_RECO" : "PMNTN_RECO",
    "DATA_STDR_" : "DATA_STDR_",
    "MNTN_ID" : "MNTN_ID"
  },
  "geometryType" : "esriGeometryPolyline",
  "spatialReference" : {
    "wkt" : "PROJCS[\"PCS_ITRF2000_TM\",GEOGCS[\"GCS_ITRF_2000\",DATUM[\"D_ITRF_2000\",SPHEROID[\"GRS_1980\",6378137.0,298.257222101]],PRIMEM[\"Greenwich\",0.0],UNIT[\"Degree\",0.0174532925199433]],PROJECTION[\"Transverse_Mercator\"],PARAMETER[\"False_Easting\",200000.0],PARAMETER[\"False_Northing\",600000.0],PARAMETER[\"Central_Meridian\",127.0],PARAMETER[\"Scale_Factor\",1.0],PARAMETER[\"Latitude_Of_Origin\",38.0],UNIT[\"Meter\",1.0]]"
  },
  "fields" : [
    {
      "name" : "FID",
      "type" : "esriFieldTypeOID",
      "alias" : "FID"
    },
    {
      "name" : "PMNTN_SN",
      "type" : "esriFieldTypeDouble",
      "alias" : "PMNTN_SN"
    },
    {
      "name" : "MNTN_CODE",
      "type" : "esriFieldTypeString",
      "alias" : "MNTN_CODE",
      "length" : 9
    },
    {
      "name" : "MNTN_NM",
      "type" : "esriFieldTypeString",
      "alias" : "MNTN_NM",
      "length" : 50
    },
    {
      "name" : "PMNTN_NM",
      "type" : "esriFieldTypeString",
      "alias" : "PMNTN_NM",
      "length" : 50
    },
    {
      "name" : "PMNTN_MAIN",
      "type" : "esriFieldTypeString",
      "alias" : "PMNTN_MAIN",
      "length" : 200
    },
    {
      "name" : "PMNTN_LT",
      "type" : "esriFieldTypeSingle",
      "alias" : "PMNTN_LT"
    },
    {
      "name" : "PMNTN_DFFL",
      "type" : "esriFieldTypeString",
      "alias" : "PMNTN_DFFL",
      "length" : 8
    },
    {
      "name" : "PMNTN_UPPL",
      "type" : "esriFieldTypeDouble",
      "alias" : "PMNTN_UPPL"
    },
    {
      "name" : "PMNTN_GODN",
      "type" : "esriFieldTypeDouble",
      "alias" : "PMNTN_GODN"
    },
    {
      "name" : "PMNTN_MTRQ",
      "type" : "esriFieldTypeString",
      "alias" : "PMNTN_MTRQ",
      "length" : 200
    },
    {
      "name" : "PMNTN_CNRL",
      "type" : "esriFieldTypeString",
      "alias" : "PMNTN_CNRL",
      "length" : 1
    },
    {
      "name" : "PMNTN_CLS_",
      "type" : "esriFieldTypeString",
      "alias" : "PMNTN_CLS_",
      "length" : 1
    },
    {
      "name" : "PMNTN_RISK",
      "type" : "esriFieldTypeString",
      "alias" : "PMNTN_RISK",
      "length" : 200
    },
    {
      "name" : "PMNTN_RECO",
      "type" : "esriFieldTypeString",
      "alias" : "PMNTN_RECO",
      "length" : 1
    },
    {
      "name" : "DATA_STDR_",
      "type" : "esriFieldTypeString",
      "alias" : "DATA_STDR_",
      "length" : 10
    },
    {
      "name" : "MNTN_ID",
      "type" : "esriFieldTypeString",
      "alias" : "MNTN_ID",
      "length" : 10
    }
  ],
  "features" : [
    {
      "attributes" : {
        "FID" : 0,
        "PMNTN_SN" : 40042,
        "MNTN_CODE" : "471703501",
        "MNTN_NM" : "왕모산",
        "PMNTN_NM" : " ",
        "PMNTN_MAIN" : " ",
        "PMNTN_LT" : 3.75,
        "PMNTN_DFFL" : "쉬움",
        "PMNTN_UPPL" : 66,
        "PMNTN_GODN" : 46,
        "PMNTN_MTRQ" : " ",
        "PMNTN_CNRL" : " ",
        "PMNTN_CLS_" : " ",
        "PMNTN_RISK" : " ",
        "PMNTN_RECO" : " ",
        "DATA_STDR_" : "2016-12-31",
        "MNTN_ID" : "471703501"
      },
      "geometry" : {
        "paths" : [
          [
            [
              368569.32029999979,
              461009.79629999958
            ],
            [
              368594.38209999911,
              461006.86360000074
            ],
            [
              368616.5111000007,
              461006.86360000074
            ],
            [
              368638.10690000188,
              461020.19429999962
            ],
            [
              368664.76839999948,
              461036.99100000039
            ],
            [
              368703.96070000064,
              461061.25290000439
            ],
            [
              368731.68860000093,
              461084.98160000145
            ],
            [
              368746.08579999954,
              461097.51249999925
            ],
            [
              368763.94900000095,
              461112.17630000226
            ],
            [
              368777.54629999958,
              461125.50709999725
            ],
            [
              368783.94510000106,
              461137.23809999973
            ],
            [
              368790.07720000017,
              461158.56730000116
            ],
            [
              368799.79070000071,
              461186.10860000178
            ],
            [
              368810.96820000093,
              461220.65729999915
            ],
            [
              368829.76680000033,
              461254.18979999982
            ],
            [
              368855.6782999998,
              461291.78680000082
            ],
            [
              368873.46059999987,
              461319.22249999829
            ],
            [
              368867.87189999968,
              461351.23080000095
            ],
            [
              368863.80730000045,
              461380.19070000015
            ],
            [
              368862.28309999965,
              461406.61030000448
            ],
            [
              368864.8235000018,
              461422.86849999987
            ],
            [
              368887.17850000039,
              461449.2880000025
            ],
            [
              368914.61420000065,
              461474.69140000269
            ],
            [
              368936.46109999996,
              461493.99799999967
            ],
            [
              368956.27579999994,
              461504.66740000248
            ],
            [
              368985.23570000194,
              461520.92560000159
            ],
            [
              368999.46160000097,
              461530.07090000063
            ],
            [
              369005.05030000024,
              461546.32900000177
            ],
            [
              368999.96960000135,
              461580.87769999914
            ],
            [
              368984.72759999987,
              461627.11190000176
            ],
            [
              368984.21950000059,
              461640.82970000245
            ],
            [
              368994.88900000043,
              461645.91039999947
            ],
            [
              369027.91340000089,
              461653.02339999937
            ],
            [
              369046.26740000024,
              461655.30969999917
            ],
            [
              369076.75150000118,
              461655.30969999917
            ],
            [
              369094.2798000006,
              461648.45079999976
            ],
            [
              369130.47970000003,
              461624.44449999928
            ],
            [
              369170.1090000011,
              461597.77099999972
            ],
            [
              369202.49839999992,
              461581.76680000126
            ],
            [
              369250.51080000214,
              461557.37950000167
            ],
            [
              369276.04119999986,
              461547.09109999985
            ],
            [
              369303.09590000007,
              461538.32700000331
            ],
            [
              369349.58410000056,
              461527.27650000341
            ],
            [
              369376.25769999996,
              461524.99020000361
            ],
            [
              369418.17330000084,
              461524.60909999907
            ],
            [
              369442.17960000038,
              461526.89540000074
            ],
            [
              369463.51840000134,
              461532.61120000109
            ],
            [
              369486.38150000107,
              461547.85330000147
            ],
            [
              369511.53089999966,
              461548.23430000059
            ],
            [
              369557.25700000115,
              461532.61120000109
            ],
            [
              369588.88430000003,
              461520.03649999946
            ],
            [
              369609.84210000001,
              461515.46389999986
            ],
            [
              369633.4673000006,
              461516.60710000247
            ],
            [
              369651.75770000089,
              461520.7985999994
            ],
            [
              369679.19340000115,
              461517.36920000054
            ],
            [
              369692.14910000004,
              461518.51229999773
            ],
            [
              369723.39530000184,
              461520.417600004
            ],
            [
              369741.68580000009,
              461517.36920000054
            ],
            [
              369758.8331000004,
              461514.70180000179
            ],
            [
              369777.5046000015,
              461502.12710000016
            ],
            [
              369801.89190000109,
              461483.45560000278
            ],
            [
              369816.75289999973,
              461474.69140000269
            ],
            [
              369835.4243999999,
              461459.06830000319
            ],
            [
              369841.52120000124,
              461440.77789999917
            ],
            [
              369845.71279999893,
              461404.19690000266
            ],
            [
              369850.28540000133,
              461377.90440000035
            ],
            [
              369857.52539999969,
              461347.42029999942
            ],
            [
              369863.62220000103,
              461310.83940000273
            ],
            [
              369866.28950000089,
              461290.26259999909
            ],
            [
              369871.24320000224,
              461259.39750000276
            ],
            [
              369872.38640000112,
              461239.20179999992
            ],
            [
              369875.43479999993,
              461223.57870000042
            ],
            [
              369884.58000000194,
              461208.71770000271
            ],
            [
              369897.53570000082,
              461192.71350000054
            ],
            [
              369914.68310000002,
              461168.70729999989
            ],
            [
              369926.87670000084,
              461145.0821000021
            ],
            [
              369940.21350000054,
              461119.9328000024
            ],
            [
              369948.21559999976,
              461101.64230000041
            ],
            [
              369964.60080000013,
              461071.15819999948
            ],
            [
              369964.93360000104,
              461066.60980000161
            ],
            [
              369965.74390000105,
              461055.53509999998
            ],
            [
              369953.93130000029,
              461044.1035999991
            ],
            [
              369951.59060000069,
              461041.76290000044
            ],
            [
              369936.4030000018,
              461026.57520000078
            ],
            [
              369922.68510000035,
              461012.8574000001
            ],
            [
              369911.25360000134,
              460997.61529999971
            ],
            [
              369902.48940000124,
              460976.65750000253
            ],
            [
              369881.91260000039,
              460954.55650000274
            ],
            [
              369867.05170000065,
              460939.31450000219
            ],
            [
              369845.71279999893,
              460929.78820000403
            ],
            [
              369827.80339999963,
              460922.16720000096
            ],
            [
              369810.65610000119,
              460911.11670000106
            ],
            [
              369798.84350000042,
              460903.8767000027
            ],
            [
              369788.93620000221,
              460901.97150000185
            ],
            [
              369776.74250000063,
              460899.30410000309
            ],
            [
              369756.54680000059,
              460884.82420000061
            ],
            [
              369743.59109999985,
              460874.9168000035
            ],
            [
              369732.9216,
              460863.10419999994
            ],
            [
              369723.01430000179,
              460850.1484999992
            ],
            [
              369711.58279999997,
              460849.38640000112
            ],
            [
              369693.67339999974,
              460844.43270000257
            ],
            [
              369679.19340000115,
              460845.19480000064
            ],
            [
              369661.66509999987,
              460852.43480000272
            ],
            [
              369639.18300000113,
              460856.62639999948
            ],
            [
              369618.22520000115,
              460859.67480000108
            ],
            [
              369606.41260000039,
              460860.43690000102
            ],
            [
              369575.92850000225,
              460870.72530000098
            ],
            [
              369560.30539999995,
              460874.9168000035
            ],
            [
              369527.53500000108,
              460886.34840000048
            ],
            [
              369504.67200000212,
              460893.96939999983
            ],
            [
              369474.95000000205,
              460901.97150000185
            ],
            [
              369442.56060000043,
              460909.97350000404
            ],
            [
              369418.17330000084,
              460917.2135000024
            ],
            [
              369405.21760000009,
              460925.21560000256
            ],
            [
              369388.07030000072,
              460931.31240000017
            ],
            [
              369369.01769999973,
              460936.64709999785
            ],
            [
              369351.87040000036,
              460940.07660000026
            ],
            [
              369335.86630000081,
              460942.74389999919
            ],
            [
              369320.24320000131,
              460948.4597000014
            ],
            [
              369298.90430000052,
              460960.65330000035
            ],
            [
              369272.23070000112,
              460978.18169999868
            ],
            [
              369253.94030000083,
              460990.37530000135
            ],
            [
              369242.88980000094,
              460990.37530000135
            ],
            [
              369228.40979999956,
              460985.80270000175
            ],
            [
              369202.11730000097,
              460972.46590000205
            ],
            [
              369176.20580000058,
              460957.60490000062
            ],
            [
              369168.20370000135,
              460951.12710000016
            ],
            [
              369153.72380000073,
              460946.93549999967
            ],
            [
              369128.95550000109,
              460943.50599999912
            ],
            [
              369113.71340000164,
              460941.98180000111
            ],
            [
              369093.89880000055,
              460946.55450000055
            ],
            [
              369079.03780000098,
              460951.12710000016
            ],
            [
              369060.36630000081,
              460953.03230000101
            ],
            [
              369039.02740000002,
              460953.03230000101
            ],
            [
              369025.30950000137,
              460945.79240000248
            ],
            [
              369002.44649999961,
              460944.26810000092
            ],
            [
              368935.00040000025,
              460938.55240000412
            ],
            [
              368886.22589999996,
              460941.60080000199
            ],
            [
              368853.07440000027,
              460949.60290000401
            ],
            [
              368835.9271000009,
              460958.74809999764
            ],
            [
              368802.01350000128,
              460967.51230000332
            ],
            [
              368779.91260000039,
              460974.37120000273
            ],
            [
              368760.47900000121,
              460977.03850000165
            ],
            [
              368716.65810000058,
              460973.22800000012
            ],
            [
              368676.26660000067,
              460972.08489999734
            ],
            [
              368633.20790000167,
              460966.36910000071
            ],
            [
              368621.39530000091,
              460966.36910000071
            ],
            [
              368593.57849999983,
              460982.37329999916
            ],
            [
              368569.32029999979,
              461009.79629999958
            ]
          ]
        ]
      }
    },
    {
      "attributes" : {
        "FID" : 1,
        "PMNTN_SN" : 40043,
        "MNTN_CODE" : "471703501",
        "MNTN_NM" : "왕모산",
        "PMNTN_NM" : "원천리구간",
        "PMNTN_MAIN" : " ",
        "PMNTN_LT" : 1.09,
        "PMNTN_DFFL" : "쉬움",
        "PMNTN_UPPL" : 20,
        "PMNTN_GODN" : 14,
        "PMNTN_MTRQ" : " ",
        "PMNTN_CNRL" : " ",
        "PMNTN_CLS_" : " ",
        "PMNTN_RISK" : " ",
        "PMNTN_RECO" : " ",
        "DATA_STDR_" : "2016-12-31",
        "MNTN_ID" : "471703501"
      },
      "geometry" : {
        "paths" : [
          [
            [
              367583.99160000216,
              461101.03059999831
            ],
            [
              367590.27109999862,
              461099.37810000218
            ],
            [
              367597.60709999967,
              461100.73540000431
            ],
            [
              367608.74019999988,
              461098.62329999916
            ],
            [
              367622.06140000094,
              461094.62289999984
            ],
            [
              367631.78050000034,
              461091.91210000217
            ],
            [
              367639.97800000012,
              461089.53090000153
            ],
            [
              367651.41370000131,
              461086.81910000183
            ],
            [
              367661.32870000042,
              461086.32340000384
            ],
            [
              367675.23730000015,
              461082.74290000275
            ],
            [
              367682.50459999964,
              461073.57380000129
            ],
            [
              367689.02250000089,
              461063.12590000033
            ],
            [
              367697.57299999986,
              461060.34910000116
            ],
            [
              367709.42960000038,
              461060.70319999941
            ],
            [
              367723.44240000006,
              461062.64100000076
            ],
            [
              367733.28019999992,
              461064.40560000204
            ],
            [
              367743.67440000176,
              461070.97399999946
            ],
            [
              367749.84380000178,
              461072.51640000008
            ],
            [
              367761.07890000101,
              461071.59170000441
            ],
            [
              367782.31940000039,
              461070.57939999923
            ],
            [
              367803.47150000185,
              461069.30260000192
            ],
            [
              367816.25079999957,
              461067.53989999928
            ],
            [
              367833.00169999991,
              461066.130400002
            ],
            [
              367843.75380000006,
              461064.50220000185
            ],
            [
              367852.83169999998,
              461060.93360000104
            ],
            [
              367862.3060999997,
              461052.24930000119
            ],
            [
              367869.57710000128,
              461045.19870000146
            ],
            [
              367879.93280000053,
              461036.38530000113
            ],
            [
              367885.74719999917,
              461026.33660000004
            ],
            [
              367892.26600000169,
              461017.30380000174
            ],
            [
              367899.75730000064,
              461015.10050000437
            ],
            [
              367912.97730000131,
              461009.59210000001
            ],
            [
              367925.09570000134,
              461002.54150000028
            ],
            [
              367931.48540000059,
              460996.3721000012
            ],
            [
              367937.66029999871,
              460990.0335000027
            ],
            [
              367948.85809999984,
              460976.96940000169
            ],
            [
              367964.05520000029,
              460962.83880000189
            ],
            [
              367972.8535000002,
              460954.30720000342
            ],
            [
              367985.38430000003,
              460945.77549999952
            ],
            [
              368005.91370000038,
              460934.57770000212
            ],
            [
              368022.44380000047,
              460922.84660000168
            ],
            [
              368038.97389999963,
              460915.91469999962
            ],
            [
              368065.9020000007,
              460907.64960000291
            ],
            [
              368105.36090000067,
              460895.65190000087
            ],
            [
              368128.55640000012,
              460893.78559999913
            ],
            [
              368148.01930000074,
              460894.3189000003
            ],
            [
              368172.81439999957,
              460900.1844000034
            ],
            [
              368200.8088999996,
              460907.91620000266
            ],
            [
              368237.33519999962,
              460915.64799999818
            ],
            [
              368265.06309999991,
              460924.17970000207
            ],
            [
              368318.65259999875,
              460939.11009999923
            ],
            [
              368341.84810000099,
              460944.70900000073
            ],
            [
              368361.8442000011,
              460945.77549999952
            ],
            [
              368418.89970000088,
              460948.70830000192
            ],
            [
              368442.62840000074,
              460949.77470000088
            ],
            [
              368455.28430000134,
              460950.65790000185
            ],
            [
              368461.88300000131,
              460951.85759999976
            ],
            [
              368466.53210000228,
              460955.15700000152
            ],
            [
              368472.83079999965,
              460962.20560000092
            ],
            [
              368483.02880000044,
              460972.55360000208
            ],
            [
              368492.77690000087,
              460982.75160000101
            ],
            [
              368501.92520000041,
              460992.64970000274
            ],
            [
              368512.57310000062,
              461004.0474999994
            ],
            [
              368520.97140000109,
              461012.59580000117
            ],
            [
              368526.128800001,
              461014.86200000346
            ],
            [
              368546.92470000032,
              461013.26230000146
            ],
            [
              368569.32029999979,
              461009.79629999958
            ]
          ]
        ]
      }
    }
  ]
}