{
  "displayFieldName" : "",
  "fieldAliases" : {
    "FID" : "FID",
    "SAFE_SPOT1" : "SAFE_SPOT1",
    "SAFE_SPOT2" : "SAFE_SPOT2",
    "SAFE_SPOT3" : "SAFE_SPOT3",
    "MGC" : "MGC",
    "ETC_MATTER" : "ETC_MATTER",
    "MNTN_NM" : "MNTN_NM"
  },
  "geometryType" : "esriGeometryPoint",
  "spatialReference" : {
    "wkt" : "PROJCS[\"PCS_ITRF2000_TM\",GEOGCS[\"GCS_ITRF_2000\",DATUM[\"D_ITRF_2000\",SPHEROID[\"GRS_1980\",6378137.0,298.257222101]],PRIMEM[\"Greenwich\",0.0],UNIT[\"Degree\",0.0174532925199433]],PROJECTION[\"Transverse_Mercator\"],PARAMETER[\"False_Easting\",200000.0],PARAMETER[\"False_Northing\",600000.0],PARAMETER[\"Central_Meridian\",127.0],PARAMETER[\"Scale_Factor\",1.0],PARAMETER[\"Latitude_Of_Origin\",38.0],UNIT[\"Meter\",1.0]]"
  },
  "fields" : [
    {
      "name" : "FID",
      "type" : "esriFieldTypeOID",
      "alias" : "FID"
    },
    {
      "name" : "SAFE_SPOT1",
      "type" : "esriFieldTypeDouble",
      "alias" : "SAFE_SPOT1"
    },
    {
      "name" : "SAFE_SPOT2",
      "type" : "esriFieldTypeString",
      "alias" : "SAFE_SPOT2",
      "length" : 50
    },
    {
      "name" : "SAFE_SPOT3",
      "type" : "esriFieldTypeString",
      "alias" : "SAFE_SPOT3",
      "length" : 50
    },
    {
      "name" : "MGC",
      "type" : "esriFieldTypeString",
      "alias" : "MGC",
      "length" : 50
    },
    {
      "name" : "ETC_MATTER",
      "type" : "esriFieldTypeString",
      "alias" : "ETC_MATTER",
      "length" : 200
    },
    {
      "name" : "MNTN_NM",
      "type" : "esriFieldTypeString",
      "alias" : "MNTN_NM",
      "length" : 50
    }
  ],
  "features" : [
    {
      "attributes" : {
        "FID" : 0,
        "SAFE_SPOT1" : 3889,
        "SAFE_SPOT2" : "산악 위치표지판",
        "SAFE_SPOT3" : " ",
        "MGC" : "공주소방서",
        "ETC_MATTER" : " ",
        "MNTN_NM" : "태화산"
      },
      "geometry" : {
        "x" : 201044.50850000232,
        "y" : 439475.69700000063
      }
    },
    {
      "attributes" : {
        "FID" : 1,
        "SAFE_SPOT1" : 3890,
        "SAFE_SPOT2" : "산악 위치표지판",
        "SAFE_SPOT3" : " ",
        "MGC" : "공주소방서",
        "ETC_MATTER" : " ",
        "MNTN_NM" : "태화산"
      },
      "geometry" : {
        "x" : 201094.26269999985,
        "y" : 439352.4039000012
      }
    },
    {
      "attributes" : {
        "FID" : 2,
        "SAFE_SPOT1" : 3891,
        "SAFE_SPOT2" : "산악 위치표지판",
        "SAFE_SPOT3" : " ",
        "MGC" : "공주소방서",
        "ETC_MATTER" : " ",
        "MNTN_NM" : "태화산"
      },
      "geometry" : {
        "x" : 200845.58780000079,
        "y" : 439136.60239999928
      }
    },
    {
      "attributes" : {
        "FID" : 3,
        "SAFE_SPOT1" : 3892,
        "SAFE_SPOT2" : "산악 위치표지판",
        "SAFE_SPOT3" : " ",
        "MGC" : "공주소방서",
        "ETC_MATTER" : " ",
        "MNTN_NM" : "태화산"
      },
      "geometry" : {
        "x" : 200646.62600000016,
        "y" : 439136.58510000259
      }
    },
    {
      "attributes" : {
        "FID" : 4,
        "SAFE_SPOT1" : 3893,
        "SAFE_SPOT2" : "산악 위치표지판",
        "SAFE_SPOT3" : " ",
        "MGC" : "공주소방서",
        "ETC_MATTER" : " ",
        "MNTN_NM" : "태화산"
      },
      "geometry" : {
        "x" : 200447.67530000024,
        "y" : 438920.79900000244
      }
    },
    {
      "attributes" : {
        "FID" : 5,
        "SAFE_SPOT1" : 3894,
        "SAFE_SPOT2" : "산악 위치표지판",
        "SAFE_SPOT3" : " ",
        "MGC" : "공주소방서",
        "ETC_MATTER" : " ",
        "MNTN_NM" : "태화산"
      },
      "geometry" : {
        "x" : 200298.4534,
        "y" : 438828.31820000149
      }
    },
    {
      "attributes" : {
        "FID" : 6,
        "SAFE_SPOT1" : 3895,
        "SAFE_SPOT2" : "산악 위치표지판",
        "SAFE_SPOT3" : " ",
        "MGC" : "공주소방서",
        "ETC_MATTER" : " ",
        "MNTN_NM" : "태화산"
      },
      "geometry" : {
        "x" : 199751.30750000197,
        "y" : 439475.63719999976
      }
    },
    {
      "attributes" : {
        "FID" : 7,
        "SAFE_SPOT1" : 3896,
        "SAFE_SPOT2" : "산악 위치표지판",
        "SAFE_SPOT3" : " ",
        "MGC" : "공주소방서",
        "ETC_MATTER" : " ",
        "MNTN_NM" : "태화산"
      },
      "geometry" : {
        "x" : 199527.50619999971,
        "y" : 439876.3692000024
      }
    },
    {
      "attributes" : {
        "FID" : 8,
        "SAFE_SPOT1" : 3897,
        "SAFE_SPOT2" : "산악 위치표지판",
        "SAFE_SPOT3" : " ",
        "MGC" : "공주소방서",
        "ETC_MATTER" : " ",
        "MNTN_NM" : "태화산"
      },
      "geometry" : {
        "x" : 199850.79950000066,
        "y" : 440338.72999999858
      }
    },
    {
      "attributes" : {
        "FID" : 9,
        "SAFE_SPOT1" : 3898,
        "SAFE_SPOT2" : "산악 위치표지판",
        "SAFE_SPOT3" : " ",
        "MGC" : "공주소방서",
        "ETC_MATTER" : " ",
        "MNTN_NM" : "태화산"
      },
      "geometry" : {
        "x" : 199975.13380000181,
        "y" : 440523.67789999954
      }
    },
    {
      "attributes" : {
        "FID" : 10,
        "SAFE_SPOT1" : 3899,
        "SAFE_SPOT2" : "산악 위치표지판",
        "SAFE_SPOT3" : " ",
        "MGC" : "공주소방서",
        "ETC_MATTER" : " ",
        "MNTN_NM" : "태화산"
      },
      "geometry" : {
        "x" : 200522.18510000128,
        "y" : 440616.16820000298
      }
    },
    {
      "attributes" : {
        "FID" : 11,
        "SAFE_SPOT1" : 3900,
        "SAFE_SPOT2" : "산악 위치표지판",
        "SAFE_SPOT3" : " ",
        "MGC" : "공주소방서",
        "ETC_MATTER" : " ",
        "MNTN_NM" : "태화산"
      },
      "geometry" : {
        "x" : 200621.66000000108,
        "y" : 440462.05060000159
      }
    },
    {
      "attributes" : {
        "FID" : 12,
        "SAFE_SPOT1" : 3901,
        "SAFE_SPOT2" : "산악 위치표지판",
        "SAFE_SPOT3" : " ",
        "MGC" : "공주소방서",
        "ETC_MATTER" : " ",
        "MNTN_NM" : "태화산"
      },
      "geometry" : {
        "x" : 200024.87030000053,
        "y" : 439105.7360999994
      }
    }
  ]
}