{
  "displayFieldName" : "",
  "fieldAliases" : {
    "FID" : "FID",
    "PMNTN_SPOT" : "PMNTN_SPOT",
    "MNTN_CODE" : "MNTN_CODE",
    "MANAGE_SP1" : "MANAGE_SP1",
    "MANAGE_SP2" : "MANAGE_SP2",
    "DETAIL_SPO" : "DETAIL_SPO",
    "ETC_MATTER" : "ETC_MATTER",
    "MNTN_NM" : "MNTN_NM",
    "PAST_SPOT_" : "PAST_SPOT_",
    "MNTN_ID" : "MNTN_ID"
  },
  "geometryType" : "esriGeometryPoint",
  "spatialReference" : {
    "wkt" : "PROJCS[\"PCS_ITRF2000_TM\",GEOGCS[\"GCS_ITRF_2000\",DATUM[\"D_ITRF_2000\",SPHEROID[\"GRS_1980\",6378137.0,298.257222101]],PRIMEM[\"Greenwich\",0.0],UNIT[\"Degree\",0.0174532925199433]],PROJECTION[\"Transverse_Mercator\"],PARAMETER[\"False_Easting\",200000.0],PARAMETER[\"False_Northing\",600000.0],PARAMETER[\"Central_Meridian\",127.0],PARAMETER[\"Scale_Factor\",1.0],PARAMETER[\"Latitude_Of_Origin\",38.0],UNIT[\"Meter\",1.0]]"
  },
  "fields" : [
    {
      "name" : "FID",
      "type" : "esriFieldTypeOID",
      "alias" : "FID"
    },
    {
      "name" : "PMNTN_SPOT",
      "type" : "esriFieldTypeDouble",
      "alias" : "PMNTN_SPOT"
    },
    {
      "name" : "MNTN_CODE",
      "type" : "esriFieldTypeString",
      "alias" : "MNTN_CODE",
      "length" : 9
    },
    {
      "name" : "MANAGE_SP1",
      "type" : "esriFieldTypeString",
      "alias" : "MANAGE_SP1",
      "length" : 2
    },
    {
      "name" : "MANAGE_SP2",
      "type" : "esriFieldTypeString",
      "alias" : "MANAGE_SP2",
      "length" : 50
    },
    {
      "name" : "DETAIL_SPO",
      "type" : "esriFieldTypeString",
      "alias" : "DETAIL_SPO",
      "length" : 200
    },
    {
      "name" : "ETC_MATTER",
      "type" : "esriFieldTypeString",
      "alias" : "ETC_MATTER",
      "length" : 200
    },
    {
      "name" : "MNTN_NM",
      "type" : "esriFieldTypeString",
      "alias" : "MNTN_NM",
      "length" : 50
    },
    {
      "name" : "PAST_SPOT_",
      "type" : "esriFieldTypeString",
      "alias" : "PAST_SPOT_",
      "length" : 14
    },
    {
      "name" : "MNTN_ID",
      "type" : "esriFieldTypeString",
      "alias" : "MNTN_ID",
      "length" : 10
    }
  ],
  "features" : [
    {
      "attributes" : {
        "FID" : 0,
        "PMNTN_SPOT" : 32156,
        "MNTN_CODE" : "418201701",
        "MANAGE_SP1" : "01",
        "MANAGE_SP2" : "시종점",
        "DETAIL_SPO" : "시종점",
        "ETC_MATTER" : " ",
        "MNTN_NM" : "민둥산",
        "PAST_SPOT_" : "4165017010001",
        "MNTN_ID" : "416501701"
      },
      "geometry" : {
        "x" : 233742.46110000089,
        "y" : 598010.47030000202
      }
    },
    {
      "attributes" : {
        "FID" : 1,
        "PMNTN_SPOT" : 32157,
        "MNTN_CODE" : "418201701",
        "MANAGE_SP1" : "02",
        "MANAGE_SP2" : "분기점",
        "DETAIL_SPO" : "분기점",
        "ETC_MATTER" : " ",
        "MNTN_NM" : "민둥산",
        "PAST_SPOT_" : "4182017010002",
        "MNTN_ID" : "418201701"
      },
      "geometry" : {
        "x" : 235596.49469999969,
        "y" : 598969.47369999997
      }
    },
    {
      "attributes" : {
        "FID" : 2,
        "PMNTN_SPOT" : 32158,
        "MNTN_CODE" : "418201701",
        "MANAGE_SP1" : "02",
        "MANAGE_SP2" : "분기점",
        "DETAIL_SPO" : "분기점",
        "ETC_MATTER" : " ",
        "MNTN_NM" : "민둥산",
        "PAST_SPOT_" : "4182017010003",
        "MNTN_ID" : "418201701"
      },
      "geometry" : {
        "x" : 236282.12700000033,
        "y" : 599823.15320000425
      }
    },
    {
      "attributes" : {
        "FID" : 3,
        "PMNTN_SPOT" : 32159,
        "MNTN_CODE" : "418201701",
        "MANAGE_SP1" : "02",
        "MANAGE_SP2" : "분기점",
        "DETAIL_SPO" : "분기점",
        "ETC_MATTER" : " ",
        "MNTN_NM" : "민둥산",
        "PAST_SPOT_" : "4182017010004",
        "MNTN_ID" : "418201701"
      },
      "geometry" : {
        "x" : 236959.03359999973,
        "y" : 598763.46400000155
      }
    },
    {
      "attributes" : {
        "FID" : 4,
        "PMNTN_SPOT" : 32160,
        "MNTN_CODE" : "418201701",
        "MANAGE_SP1" : "02",
        "MANAGE_SP2" : "분기점",
        "DETAIL_SPO" : "분기점",
        "ETC_MATTER" : " ",
        "MNTN_NM" : "민둥산",
        "PAST_SPOT_" : "4182017010005",
        "MNTN_ID" : "418201701"
      },
      "geometry" : {
        "x" : 237276.96600000001,
        "y" : 599322.37270000204
      }
    },
    {
      "attributes" : {
        "FID" : 5,
        "PMNTN_SPOT" : 32161,
        "MNTN_CODE" : "418201701",
        "MANAGE_SP1" : "02",
        "MANAGE_SP2" : "분기점",
        "DETAIL_SPO" : "분기점",
        "ETC_MATTER" : " ",
        "MNTN_NM" : "민둥산",
        "PAST_SPOT_" : "4182017010006",
        "MNTN_ID" : "418201701"
      },
      "geometry" : {
        "x" : 237303.42420000117,
        "y" : 599322.99359999783
      }
    },
    {
      "attributes" : {
        "FID" : 6,
        "PMNTN_SPOT" : 32162,
        "MNTN_CODE" : "418201701",
        "MANAGE_SP1" : "02",
        "MANAGE_SP2" : "분기점",
        "DETAIL_SPO" : "분기점",
        "ETC_MATTER" : " ",
        "MNTN_NM" : "민둥산",
        "PAST_SPOT_" : "4182017010007",
        "MNTN_ID" : "418201701"
      },
      "geometry" : {
        "x" : 237508.32870000135,
        "y" : 599622.44859999977
      }
    },
    {
      "attributes" : {
        "FID" : 7,
        "PMNTN_SPOT" : 32163,
        "MNTN_CODE" : "418201701",
        "MANAGE_SP1" : "02",
        "MANAGE_SP2" : "분기점",
        "DETAIL_SPO" : "분기점",
        "ETC_MATTER" : " ",
        "MNTN_NM" : "민둥산",
        "PAST_SPOT_" : "4182017010008",
        "MNTN_ID" : "418201701"
      },
      "geometry" : {
        "x" : 237687.00100000016,
        "y" : 599083.74580000155
      }
    },
    {
      "attributes" : {
        "FID" : 8,
        "PMNTN_SPOT" : 32164,
        "MNTN_CODE" : "418201701",
        "MANAGE_SP1" : "02",
        "MANAGE_SP2" : "분기점",
        "DETAIL_SPO" : "분기점",
        "ETC_MATTER" : " ",
        "MNTN_NM" : "민둥산",
        "PAST_SPOT_" : "4182017010009",
        "MNTN_ID" : "418201701"
      },
      "geometry" : {
        "x" : 237892.54920000117,
        "y" : 598888.1892000027
      }
    },
    {
      "attributes" : {
        "FID" : 9,
        "PMNTN_SPOT" : 32165,
        "MNTN_CODE" : "418201701",
        "MANAGE_SP1" : "01",
        "MANAGE_SP2" : "시종점",
        "DETAIL_SPO" : "시종점",
        "ETC_MATTER" : " ",
        "MNTN_NM" : "민둥산",
        "PAST_SPOT_" : "4182017010010",
        "MNTN_ID" : "418201701"
      },
      "geometry" : {
        "x" : 238438.22160000075,
        "y" : 598657.22890000045
      }
    },
    {
      "attributes" : {
        "FID" : 10,
        "PMNTN_SPOT" : 32166,
        "MNTN_CODE" : "418201701",
        "MANAGE_SP1" : "01",
        "MANAGE_SP2" : "시종점",
        "DETAIL_SPO" : "시종점",
        "ETC_MATTER" : " ",
        "MNTN_NM" : "민둥산",
        "PAST_SPOT_" : "4182017010011",
        "MNTN_ID" : "418201701"
      },
      "geometry" : {
        "x" : 236354.13889999874,
        "y" : 600070.25009999983
      }
    },
    {
      "attributes" : {
        "FID" : 11,
        "PMNTN_SPOT" : 32167,
        "MNTN_CODE" : "418201701",
        "MANAGE_SP1" : "01",
        "MANAGE_SP2" : "시종점",
        "DETAIL_SPO" : "시종점",
        "ETC_MATTER" : " ",
        "MNTN_NM" : "민둥산",
        "PAST_SPOT_" : "4182017010012",
        "MNTN_ID" : "418201701"
      },
      "geometry" : {
        "x" : 237255.34210000094,
        "y" : 600081.86410000362
      }
    }
  ]
}