{
  "displayFieldName" : "",
  "fieldAliases" : {
    "FID" : "FID",
    "PMNTN_SPOT" : "PMNTN_SPOT",
    "MNTN_CODE" : "MNTN_CODE",
    "MANAGE_SP1" : "MANAGE_SP1",
    "MANAGE_SP2" : "MANAGE_SP2",
    "DETAIL_SPO" : "DETAIL_SPO",
    "ETC_MATTER" : "ETC_MATTER",
    "MNTN_NM" : "MNTN_NM",
    "PAST_SPOT_" : "PAST_SPOT_",
    "MNTN_ID" : "MNTN_ID"
  },
  "geometryType" : "esriGeometryPoint",
  "spatialReference" : {
    "wkt" : "PROJCS[\"PCS_ITRF2000_TM\",GEOGCS[\"GCS_ITRF_2000\",DATUM[\"D_ITRF_2000\",SPHEROID[\"GRS_1980\",6378137.0,298.257222101]],PRIMEM[\"Greenwich\",0.0],UNIT[\"Degree\",0.0174532925199433]],PROJECTION[\"Transverse_Mercator\"],PARAMETER[\"False_Easting\",200000.0],PARAMETER[\"False_Northing\",600000.0],PARAMETER[\"Central_Meridian\",127.0],PARAMETER[\"Scale_Factor\",1.0],PARAMETER[\"Latitude_Of_Origin\",38.0],UNIT[\"Meter\",1.0]]"
  },
  "fields" : [
    {
      "name" : "FID",
      "type" : "esriFieldTypeOID",
      "alias" : "FID"
    },
    {
      "name" : "PMNTN_SPOT",
      "type" : "esriFieldTypeDouble",
      "alias" : "PMNTN_SPOT"
    },
    {
      "name" : "MNTN_CODE",
      "type" : "esriFieldTypeString",
      "alias" : "MNTN_CODE",
      "length" : 9
    },
    {
      "name" : "MANAGE_SP1",
      "type" : "esriFieldTypeString",
      "alias" : "MANAGE_SP1",
      "length" : 2
    },
    {
      "name" : "MANAGE_SP2",
      "type" : "esriFieldTypeString",
      "alias" : "MANAGE_SP2",
      "length" : 50
    },
    {
      "name" : "DETAIL_SPO",
      "type" : "esriFieldTypeString",
      "alias" : "DETAIL_SPO",
      "length" : 200
    },
    {
      "name" : "ETC_MATTER",
      "type" : "esriFieldTypeString",
      "alias" : "ETC_MATTER",
      "length" : 200
    },
    {
      "name" : "MNTN_NM",
      "type" : "esriFieldTypeString",
      "alias" : "MNTN_NM",
      "length" : 50
    },
    {
      "name" : "PAST_SPOT_",
      "type" : "esriFieldTypeString",
      "alias" : "PAST_SPOT_",
      "length" : 14
    },
    {
      "name" : "MNTN_ID",
      "type" : "esriFieldTypeString",
      "alias" : "MNTN_ID",
      "length" : 10
    }
  ],
  "features" : [
    {
      "attributes" : {
        "FID" : 0,
        "PMNTN_SPOT" : 17492,
        "MNTN_CODE" : "422305701",
        "MANAGE_SP1" : "99",
        "MANAGE_SP2" : "기타",
        "DETAIL_SPO" : "425m봉",
        "ETC_MATTER" : " ",
        "MNTN_NM" : "뇌암산",
        "PAST_SPOT_" : "4223057010001",
        "MNTN_ID" : "422305701"
      },
      "geometry" : {
        "x" : 392354.44240000006,
        "y" : 505098.73509999923
      }
    },
    {
      "attributes" : {
        "FID" : 1,
        "PMNTN_SPOT" : 17493,
        "MNTN_CODE" : "422305701",
        "MANAGE_SP1" : "99",
        "MANAGE_SP2" : "기타",
        "DETAIL_SPO" : "586m봉",
        "ETC_MATTER" : " ",
        "MNTN_NM" : "뇌암산",
        "PAST_SPOT_" : "4223057010002",
        "MNTN_ID" : "422305701"
      },
      "geometry" : {
        "x" : 393037.66899999976,
        "y" : 504905.22259999998
      }
    },
    {
      "attributes" : {
        "FID" : 2,
        "PMNTN_SPOT" : 17494,
        "MNTN_CODE" : "422305701",
        "MANAGE_SP1" : "18",
        "MANAGE_SP2" : "주차장",
        "DETAIL_SPO" : "덕풍계곡주차장",
        "ETC_MATTER" : " ",
        "MNTN_NM" : "뇌암산",
        "PAST_SPOT_" : "4223057010003",
        "MNTN_ID" : "422305701"
      },
      "geometry" : {
        "x" : 391826.40380000137,
        "y" : 504820.27769999951
      }
    },
    {
      "attributes" : {
        "FID" : 3,
        "PMNTN_SPOT" : 17495,
        "MNTN_CODE" : "422305701",
        "MANAGE_SP1" : "99",
        "MANAGE_SP2" : "기타",
        "DETAIL_SPO" : "벼락바위봉(뇌암산)",
        "ETC_MATTER" : " ",
        "MNTN_NM" : "뇌암산",
        "PAST_SPOT_" : "4223057010004",
        "MNTN_ID" : "422305701"
      },
      "geometry" : {
        "x" : 393959.3629999999,
        "y" : 504847.40279999934
      }
    },
    {
      "attributes" : {
        "FID" : 4,
        "PMNTN_SPOT" : 17496,
        "MNTN_CODE" : "422305701",
        "MANAGE_SP1" : "01",
        "MANAGE_SP2" : "시종점",
        "DETAIL_SPO" : "시종점",
        "ETC_MATTER" : " ",
        "MNTN_NM" : "뇌암산",
        "PAST_SPOT_" : "4223057010005",
        "MNTN_ID" : "422305701"
      },
      "geometry" : {
        "x" : 391825.70249999966,
        "y" : 504822.40760000236
      }
    },
    {
      "attributes" : {
        "FID" : 5,
        "PMNTN_SPOT" : 17497,
        "MNTN_CODE" : "422305701",
        "MANAGE_SP1" : "02",
        "MANAGE_SP2" : "분기점",
        "DETAIL_SPO" : "분기점",
        "ETC_MATTER" : " ",
        "MNTN_NM" : "뇌암산",
        "PAST_SPOT_" : "4223057010006",
        "MNTN_ID" : "422305701"
      },
      "geometry" : {
        "x" : 393831.63109098654,
        "y" : 504821.14527747221
      }
    },
    {
      "attributes" : {
        "FID" : 6,
        "PMNTN_SPOT" : 17498,
        "MNTN_CODE" : "422305701",
        "MANAGE_SP1" : "02",
        "MANAGE_SP2" : "분기점",
        "DETAIL_SPO" : "분기점",
        "ETC_MATTER" : " ",
        "MNTN_NM" : "뇌암산",
        "PAST_SPOT_" : "4223057010007",
        "MNTN_ID" : "422305701"
      },
      "geometry" : {
        "x" : 393950.81318054441,
        "y" : 504567.50915905274
      }
    },
    {
      "attributes" : {
        "FID" : 7,
        "PMNTN_SPOT" : 17499,
        "MNTN_CODE" : "422305701",
        "MANAGE_SP1" : "01",
        "MANAGE_SP2" : "시종점",
        "DETAIL_SPO" : "시종점",
        "ETC_MATTER" : " ",
        "MNTN_NM" : "뇌암산",
        "PAST_SPOT_" : "4223057010008",
        "MNTN_ID" : "422305701"
      },
      "geometry" : {
        "x" : 394104.94790000003,
        "y" : 504533.81939999945
      }
    }
  ]
}