{
  "displayFieldName" : "",
  "fieldAliases" : {
    "FID" : "FID",
    "PMNTN_SPOT" : "PMNTN_SPOT",
    "MNTN_CODE" : "MNTN_CODE",
    "MANAGE_SP1" : "MANAGE_SP1",
    "MANAGE_SP2" : "MANAGE_SP2",
    "DETAIL_SPO" : "DETAIL_SPO",
    "ETC_MATTER" : "ETC_MATTER",
    "MNTN_NM" : "MNTN_NM",
    "PAST_SPOT_" : "PAST_SPOT_",
    "MNTN_ID" : "MNTN_ID"
  },
  "geometryType" : "esriGeometryPoint",
  "spatialReference" : {
    "wkt" : "PROJCS[\"PCS_ITRF2000_TM\",GEOGCS[\"GCS_ITRF_2000\",DATUM[\"D_ITRF_2000\",SPHEROID[\"GRS_1980\",6378137.0,298.257222101]],PRIMEM[\"Greenwich\",0.0],UNIT[\"Degree\",0.0174532925199433]],PROJECTION[\"Transverse_Mercator\"],PARAMETER[\"False_Easting\",200000.0],PARAMETER[\"False_Northing\",600000.0],PARAMETER[\"Central_Meridian\",127.0],PARAMETER[\"Scale_Factor\",1.0],PARAMETER[\"Latitude_Of_Origin\",38.0],UNIT[\"Meter\",1.0]]"
  },
  "fields" : [
    {
      "name" : "FID",
      "type" : "esriFieldTypeOID",
      "alias" : "FID"
    },
    {
      "name" : "PMNTN_SPOT",
      "type" : "esriFieldTypeDouble",
      "alias" : "PMNTN_SPOT"
    },
    {
      "name" : "MNTN_CODE",
      "type" : "esriFieldTypeString",
      "alias" : "MNTN_CODE",
      "length" : 9
    },
    {
      "name" : "MANAGE_SP1",
      "type" : "esriFieldTypeString",
      "alias" : "MANAGE_SP1",
      "length" : 2
    },
    {
      "name" : "MANAGE_SP2",
      "type" : "esriFieldTypeString",
      "alias" : "MANAGE_SP2",
      "length" : 50
    },
    {
      "name" : "DETAIL_SPO",
      "type" : "esriFieldTypeString",
      "alias" : "DETAIL_SPO",
      "length" : 200
    },
    {
      "name" : "ETC_MATTER",
      "type" : "esriFieldTypeString",
      "alias" : "ETC_MATTER",
      "length" : 200
    },
    {
      "name" : "MNTN_NM",
      "type" : "esriFieldTypeString",
      "alias" : "MNTN_NM",
      "length" : 50
    },
    {
      "name" : "PAST_SPOT_",
      "type" : "esriFieldTypeString",
      "alias" : "PAST_SPOT_",
      "length" : 14
    },
    {
      "name" : "MNTN_ID",
      "type" : "esriFieldTypeString",
      "alias" : "MNTN_ID",
      "length" : 10
    }
  ],
  "features" : [
    {
      "attributes" : {
        "FID" : 0,
        "PMNTN_SPOT" : 78110,
        "MNTN_CODE" : "428104601",
        "MANAGE_SP1" : "01",
        "MANAGE_SP2" : "시종점",
        "DETAIL_SPO" : "시종점",
        "ETC_MATTER" : " ",
        "MNTN_NM" : "점봉산",
        "PAST_SPOT_" : "4283043010001",
        "MNTN_ID" : "428304301"
      },
      "geometry" : {
        "x" : 324696.80400000233,
        "y" : 610832.35080000199
      }
    },
    {
      "attributes" : {
        "FID" : 1,
        "PMNTN_SPOT" : 78111,
        "MNTN_CODE" : "428104601",
        "MANAGE_SP1" : "02",
        "MANAGE_SP2" : "분기점",
        "DETAIL_SPO" : "분기점",
        "ETC_MATTER" : " ",
        "MNTN_NM" : "점봉산",
        "PAST_SPOT_" : "4281046010002",
        "MNTN_ID" : "428104601"
      },
      "geometry" : {
        "x" : 325145.86300000455,
        "y" : 606376.04990000091
      }
    },
    {
      "attributes" : {
        "FID" : 2,
        "PMNTN_SPOT" : 78112,
        "MNTN_CODE" : "428104601",
        "MANAGE_SP1" : "02",
        "MANAGE_SP2" : "분기점",
        "DETAIL_SPO" : "분기점",
        "ETC_MATTER" : " ",
        "MNTN_NM" : "점봉산",
        "PAST_SPOT_" : "4283043010003",
        "MNTN_ID" : "428304301"
      },
      "geometry" : {
        "x" : 325303.36340000015,
        "y" : 610113.63050000183
      }
    },
    {
      "attributes" : {
        "FID" : 3,
        "PMNTN_SPOT" : 78113,
        "MNTN_CODE" : "428104601",
        "MANAGE_SP1" : "01",
        "MANAGE_SP2" : "시종점",
        "DETAIL_SPO" : "시종점",
        "ETC_MATTER" : " ",
        "MNTN_NM" : "점봉산",
        "PAST_SPOT_" : "4283043010004",
        "MNTN_ID" : "428304301"
      },
      "geometry" : {
        "x" : 325457.56440000236,
        "y" : 609964.94030000083
      }
    },
    {
      "attributes" : {
        "FID" : 4,
        "PMNTN_SPOT" : 78114,
        "MNTN_CODE" : "428104601",
        "MANAGE_SP1" : "02",
        "MANAGE_SP2" : "분기점",
        "DETAIL_SPO" : "분기점",
        "ETC_MATTER" : " ",
        "MNTN_NM" : "점봉산",
        "PAST_SPOT_" : "4283043010005",
        "MNTN_ID" : "428304301"
      },
      "geometry" : {
        "x" : 325466.49650000315,
        "y" : 610209.20030000061
      }
    },
    {
      "attributes" : {
        "FID" : 5,
        "PMNTN_SPOT" : 78115,
        "MNTN_CODE" : "428104601",
        "MANAGE_SP1" : "01",
        "MANAGE_SP2" : "시종점",
        "DETAIL_SPO" : "시종점",
        "ETC_MATTER" : " ",
        "MNTN_NM" : "점봉산",
        "PAST_SPOT_" : "4283043010006",
        "MNTN_ID" : "428304301"
      },
      "geometry" : {
        "x" : 325728.4345000023,
        "y" : 610499.71340000443
      }
    },
    {
      "attributes" : {
        "FID" : 6,
        "PMNTN_SPOT" : 78116,
        "MNTN_CODE" : "428104601",
        "MANAGE_SP1" : "02",
        "MANAGE_SP2" : "분기점",
        "DETAIL_SPO" : "분기점",
        "ETC_MATTER" : " ",
        "MNTN_NM" : "점봉산",
        "PAST_SPOT_" : "4281046010007",
        "MNTN_ID" : "428104601"
      },
      "geometry" : {
        "x" : 325818.80600000545,
        "y" : 604053.6518000029
      }
    },
    {
      "attributes" : {
        "FID" : 7,
        "PMNTN_SPOT" : 78117,
        "MNTN_CODE" : "428104601",
        "MANAGE_SP1" : "01",
        "MANAGE_SP2" : "시종점",
        "DETAIL_SPO" : "시종점",
        "ETC_MATTER" : " ",
        "MNTN_NM" : "점봉산",
        "PAST_SPOT_" : "4283043010008",
        "MNTN_ID" : "428304301"
      },
      "geometry" : {
        "x" : 326046.8264000034,
        "y" : 608290.53320000134
      }
    },
    {
      "attributes" : {
        "FID" : 8,
        "PMNTN_SPOT" : 78118,
        "MNTN_CODE" : "428104601",
        "MANAGE_SP1" : "01",
        "MANAGE_SP2" : "시종점",
        "DETAIL_SPO" : "시종점",
        "ETC_MATTER" : " ",
        "MNTN_NM" : "점봉산",
        "PAST_SPOT_" : "4283043010009",
        "MNTN_ID" : "428304301"
      },
      "geometry" : {
        "x" : 326224.6267000027,
        "y" : 609875.65509999916
      }
    },
    {
      "attributes" : {
        "FID" : 9,
        "PMNTN_SPOT" : 78119,
        "MNTN_CODE" : "428104601",
        "MANAGE_SP1" : "02",
        "MANAGE_SP2" : "분기점",
        "DETAIL_SPO" : "분기점",
        "ETC_MATTER" : " ",
        "MNTN_NM" : "점봉산",
        "PAST_SPOT_" : "4281046010010",
        "MNTN_ID" : "428104601"
      },
      "geometry" : {
        "x" : 326321.54190000333,
        "y" : 603853.7199000027
      }
    },
    {
      "attributes" : {
        "FID" : 10,
        "PMNTN_SPOT" : 78120,
        "MNTN_CODE" : "428104601",
        "MANAGE_SP1" : "02",
        "MANAGE_SP2" : "분기점",
        "DETAIL_SPO" : "분기점",
        "ETC_MATTER" : " ",
        "MNTN_NM" : "점봉산",
        "PAST_SPOT_" : "4283043010011",
        "MNTN_ID" : "428304301"
      },
      "geometry" : {
        "x" : 326384.17080000415,
        "y" : 609477.98550000042
      }
    },
    {
      "attributes" : {
        "FID" : 11,
        "PMNTN_SPOT" : 78121,
        "MNTN_CODE" : "428104601",
        "MANAGE_SP1" : "02",
        "MANAGE_SP2" : "분기점",
        "DETAIL_SPO" : "분기점",
        "ETC_MATTER" : " ",
        "MNTN_NM" : "점봉산",
        "PAST_SPOT_" : "4283043010012",
        "MNTN_ID" : "428304301"
      },
      "geometry" : {
        "x" : 326515.56270000339,
        "y" : 607449.12680000067
      }
    },
    {
      "attributes" : {
        "FID" : 12,
        "PMNTN_SPOT" : 78122,
        "MNTN_CODE" : "428104601",
        "MANAGE_SP1" : "01",
        "MANAGE_SP2" : "시종점",
        "DETAIL_SPO" : "시종점",
        "ETC_MATTER" : " ",
        "MNTN_NM" : "점봉산",
        "PAST_SPOT_" : "4283043010013",
        "MNTN_ID" : "428304301"
      },
      "geometry" : {
        "x" : 327466.51010000333,
        "y" : 609277.38269999996
      }
    },
    {
      "attributes" : {
        "FID" : 13,
        "PMNTN_SPOT" : 78123,
        "MNTN_CODE" : "428104601",
        "MANAGE_SP1" : "01",
        "MANAGE_SP2" : "시종점",
        "DETAIL_SPO" : "시종점",
        "ETC_MATTER" : " ",
        "MNTN_NM" : "점봉산",
        "PAST_SPOT_" : "4281046010014",
        "MNTN_ID" : "428104601"
      },
      "geometry" : {
        "x" : 324979.0965000065,
        "y" : 606936.24980000593
      }
    },
    {
      "attributes" : {
        "FID" : 14,
        "PMNTN_SPOT" : 78124,
        "MNTN_CODE" : "428104601",
        "MANAGE_SP1" : "01",
        "MANAGE_SP2" : "시종점",
        "DETAIL_SPO" : "시종점",
        "ETC_MATTER" : " ",
        "MNTN_NM" : "점봉산",
        "PAST_SPOT_" : "4281046010015",
        "MNTN_ID" : "428104601"
      },
      "geometry" : {
        "x" : 325008.67680000234,
        "y" : 603382.23149999976
      }
    },
    {
      "attributes" : {
        "FID" : 15,
        "PMNTN_SPOT" : 78125,
        "MNTN_CODE" : "428104601",
        "MANAGE_SP1" : "01",
        "MANAGE_SP2" : "시종점",
        "DETAIL_SPO" : "시종점",
        "ETC_MATTER" : " ",
        "MNTN_NM" : "점봉산",
        "PAST_SPOT_" : "4281046010016",
        "MNTN_ID" : "428104601"
      },
      "geometry" : {
        "x" : 326339.0044000065,
        "y" : 603225.06870000251
      }
    },
    {
      "attributes" : {
        "FID" : 16,
        "PMNTN_SPOT" : 99178,
        "MNTN_CODE" : "428104601",
        "MANAGE_SP1" : "16",
        "MANAGE_SP2" : "주요나무",
        "DETAIL_SPO" : "철쭉군란지",
        "ETC_MATTER" : " ",
        "MNTN_NM" : "점봉산",
        "PAST_SPOT_" : "4281046010017",
        "MNTN_ID" : "428104601"
      },
      "geometry" : {
        "x" : 326009.9417000002,
        "y" : 606845.14579999971
      }
    }
  ]
}