{
  "displayFieldName" : "",
  "fieldAliases" : {
    "FID" : "FID",
    "PMNTN_SN" : "PMNTN_SN",
    "MNTN_CODE" : "MNTN_CODE",
    "MNTN_NM" : "MNTN_NM",
    "PMNTN_NM" : "PMNTN_NM",
    "PMNTN_MAIN" : "PMNTN_MAIN",
    "PMNTN_LT" : "PMNTN_LT",
    "PMNTN_DFFL" : "PMNTN_DFFL",
    "PMNTN_UPPL" : "PMNTN_UPPL",
    "PMNTN_GODN" : "PMNTN_GODN",
    "PMNTN_MTRQ" : "PMNTN_MTRQ",
    "PMNTN_CNRL" : "PMNTN_CNRL",
    "PMNTN_CLS_" : "PMNTN_CLS_",
    "PMNTN_RISK" : "PMNTN_RISK",
    "PMNTN_RECO" : "PMNTN_RECO",
    "DATA_STDR_" : "DATA_STDR_",
    "MNTN_ID" : "MNTN_ID"
  },
  "geometryType" : "esriGeometryPolyline",
  "spatialReference" : {
    "wkt" : "PROJCS[\"PCS_ITRF2000_TM\",GEOGCS[\"GCS_ITRF_2000\",DATUM[\"D_ITRF_2000\",SPHEROID[\"GRS_1980\",6378137.0,298.257222101]],PRIMEM[\"Greenwich\",0.0],UNIT[\"Degree\",0.0174532925199433]],PROJECTION[\"Transverse_Mercator\"],PARAMETER[\"False_Easting\",200000.0],PARAMETER[\"False_Northing\",600000.0],PARAMETER[\"Central_Meridian\",127.0],PARAMETER[\"Scale_Factor\",1.0],PARAMETER[\"Latitude_Of_Origin\",38.0],UNIT[\"Meter\",1.0]]"
  },
  "fields" : [
    {
      "name" : "FID",
      "type" : "esriFieldTypeOID",
      "alias" : "FID"
    },
    {
      "name" : "PMNTN_SN",
      "type" : "esriFieldTypeDouble",
      "alias" : "PMNTN_SN"
    },
    {
      "name" : "MNTN_CODE",
      "type" : "esriFieldTypeString",
      "alias" : "MNTN_CODE",
      "length" : 9
    },
    {
      "name" : "MNTN_NM",
      "type" : "esriFieldTypeString",
      "alias" : "MNTN_NM",
      "length" : 50
    },
    {
      "name" : "PMNTN_NM",
      "type" : "esriFieldTypeString",
      "alias" : "PMNTN_NM",
      "length" : 50
    },
    {
      "name" : "PMNTN_MAIN",
      "type" : "esriFieldTypeString",
      "alias" : "PMNTN_MAIN",
      "length" : 200
    },
    {
      "name" : "PMNTN_LT",
      "type" : "esriFieldTypeSingle",
      "alias" : "PMNTN_LT"
    },
    {
      "name" : "PMNTN_DFFL",
      "type" : "esriFieldTypeString",
      "alias" : "PMNTN_DFFL",
      "length" : 8
    },
    {
      "name" : "PMNTN_UPPL",
      "type" : "esriFieldTypeDouble",
      "alias" : "PMNTN_UPPL"
    },
    {
      "name" : "PMNTN_GODN",
      "type" : "esriFieldTypeDouble",
      "alias" : "PMNTN_GODN"
    },
    {
      "name" : "PMNTN_MTRQ",
      "type" : "esriFieldTypeString",
      "alias" : "PMNTN_MTRQ",
      "length" : 200
    },
    {
      "name" : "PMNTN_CNRL",
      "type" : "esriFieldTypeString",
      "alias" : "PMNTN_CNRL",
      "length" : 1
    },
    {
      "name" : "PMNTN_CLS_",
      "type" : "esriFieldTypeString",
      "alias" : "PMNTN_CLS_",
      "length" : 1
    },
    {
      "name" : "PMNTN_RISK",
      "type" : "esriFieldTypeString",
      "alias" : "PMNTN_RISK",
      "length" : 200
    },
    {
      "name" : "PMNTN_RECO",
      "type" : "esriFieldTypeString",
      "alias" : "PMNTN_RECO",
      "length" : 1
    },
    {
      "name" : "DATA_STDR_",
      "type" : "esriFieldTypeString",
      "alias" : "DATA_STDR_",
      "length" : 10
    },
    {
      "name" : "MNTN_ID",
      "type" : "esriFieldTypeString",
      "alias" : "MNTN_ID",
      "length" : 10
    }
  ],
  "features" : [
    {
      "attributes" : {
        "FID" : 0,
        "PMNTN_SN" : 39336,
        "MNTN_CODE" : "457202101",
        "MNTN_NM" : "옥녀봉",
        "PMNTN_NM" : "봉학리구간",
        "PMNTN_MAIN" : " ",
        "PMNTN_LT" : 0.77,
        "PMNTN_DFFL" : "중간",
        "PMNTN_UPPL" : 19,
        "PMNTN_GODN" : 13,
        "PMNTN_MTRQ" : " ",
        "PMNTN_CNRL" : " ",
        "PMNTN_CLS_" : " ",
        "PMNTN_RISK" : " ",
        "PMNTN_RECO" : " ",
        "DATA_STDR_" : "2016-12-31",
        "MNTN_ID" : "457202101"
      },
      "geometry" : {
        "paths" : [
          [
            [
              237602.05379999988,
              363135.87350000069
            ],
            [
              237597.76970000006,
              363147.17470000312
            ],
            [
              237591.41470000055,
              363156.21719999984
            ],
            [
              237586.73309999984,
              363179.68010000139
            ],
            [
              237581.10160000063,
              363193.55790000223
            ],
            [
              237580.09580000117,
              363208.67360000126
            ],
            [
              237574.95540000219,
              363219.82770000026
            ],
            [
              237569.54700000025,
              363231.5634000022
            ],
            [
              237563.12670000177,
              363247.00740000419
            ],
            [
              237559.6864000028,
              363257.68230000138
            ],
            [
              237550.83690000139,
              363275.1674000062
            ],
            [
              237549.58080000058,
              363281.12539999932
            ],
            [
              237554.54790000245,
              363282.53130000457
            ],
            [
              237563.49830000103,
              363281.44800000265
            ],
            [
              237576.85400000028,
              363279.98970000073
            ],
            [
              237581.93429999985,
              363286.56010000035
            ],
            [
              237580.2750000013,
              363293.46600000001
            ],
            [
              237587.0635000011,
              363299.16480000131
            ],
            [
              237594.98849999998,
              363298.59160000458
            ],
            [
              237605.83499999996,
              363303.28860000148
            ],
            [
              237612.30440000165,
              363310.97130000219
            ],
            [
              237612.20799999963,
              363324.31250000186
            ],
            [
              237616.32469999976,
              363343.86989999935
            ],
            [
              237625.37130000256,
              363359.53140000068
            ],
            [
              237625.76640000194,
              363366.44590000249
            ],
            [
              237623.42699999921,
              363372.87159999833
            ],
            [
              237621.44440000132,
              363390.9940000046
            ],
            [
              237622.11620000098,
              363398.69739999808
            ],
            [
              237615.52900000103,
              363412.17320000008
            ],
            [
              237612.20340000186,
              363421.14690000191
            ],
            [
              237603.97609999962,
              363433.78350000642
            ],
            [
              237598.84950000048,
              363439.38740000129
            ],
            [
              237595.25010000076,
              363446.90629999898
            ],
            [
              237591.66299999971,
              363453.63740000129
            ],
            [
              237589.80630000029,
              363461.27469999902
            ],
            [
              237582.78170000017,
              363464.51440000162
            ],
            [
              237572.12510000262,
              363464.87240000255
            ],
            [
              237558.57309999969,
              363461.53680000082
            ],
            [
              237553.20099999942,
              363456.12460000068
            ],
            [
              237552.29130000155,
              363448.86680000275
            ],
            [
              237555.23940000031,
              363440.63390000165
            ],
            [
              237549.94760000054,
              363437.64970000088
            ],
            [
              237539.99040000141,
              363438.3041999992
            ],
            [
              237528.71190000325,
              363440.26280000247
            ],
            [
              237520.18040000089,
              363444.45769999921
            ],
            [
              237501.1648000041,
              363445.38700000197
            ],
            [
              237494.14380000066,
              363448.34210000187
            ],
            [
              237478.10920000076,
              363451.27010000125
            ],
            [
              237469.06639999989,
              363458.2002000045
            ],
            [
              237451.99629999977,
              363471.08810000122
            ],
            [
              237442.94080000184,
              363481.02510000393
            ],
            [
              237432.88700000197,
              363489.94810000248
            ],
            [
              237423.84480000287,
              363498.87550000101
            ],
            [
              237413.78749999963,
              363510.79440000094
            ],
            [
              237408.75399999972,
              363515.76640000194
            ],
            [
              237405.53400000371,
              363519.93620000221
            ],
            [
              237400.96470000409,
              363522.69999999739
            ],
            [
              237395.4431999987,
              363526.1782000009
            ],
            [
              237386.91310000233,
              363529.38859999925
            ],
            [
              237376.89790000021,
              363533.08060000278
            ],
            [
              237367.61800000072,
              363536.51979999989
            ],
            [
              237357.14979999978,
              363538.56650000252
            ],
            [
              237342.908400001,
              363542.4905999992
            ],
            [
              237336.55229999963,
              363544.56880000047
            ],
            [
              237324.52329999954,
              363546.30230000429
            ],
            [
              237317.51980000082,
              363547.27140000276
            ],
            [
              237302.48390000127,
              363551.19160000235
            ],
            [
              237286.4327999996,
              363558.1034000013
            ],
            [
              237278.43680000119,
              363564.68390000053
            ]
          ]
        ]
      }
    }
  ]
}