{
  "displayFieldName" : "",
  "fieldAliases" : {
    "FID" : "FID",
    "PMNTN_SPOT" : "PMNTN_SPOT",
    "MNTN_CODE" : "MNTN_CODE",
    "MANAGE_SP1" : "MANAGE_SP1",
    "MANAGE_SP2" : "MANAGE_SP2",
    "DETAIL_SPO" : "DETAIL_SPO",
    "ETC_MATTER" : "ETC_MATTER",
    "MNTN_NM" : "MNTN_NM",
    "PAST_SPOT_" : "PAST_SPOT_",
    "MNTN_ID" : "MNTN_ID"
  },
  "geometryType" : "esriGeometryPoint",
  "spatialReference" : {
    "wkt" : "PROJCS[\"PCS_ITRF2000_TM\",GEOGCS[\"GCS_ITRF_2000\",DATUM[\"D_ITRF_2000\",SPHEROID[\"GRS_1980\",6378137.0,298.257222101]],PRIMEM[\"Greenwich\",0.0],UNIT[\"Degree\",0.0174532925199433]],PROJECTION[\"Transverse_Mercator\"],PARAMETER[\"False_Easting\",200000.0],PARAMETER[\"False_Northing\",600000.0],PARAMETER[\"Central_Meridian\",127.0],PARAMETER[\"Scale_Factor\",1.0],PARAMETER[\"Latitude_Of_Origin\",38.0],UNIT[\"Meter\",1.0]]"
  },
  "fields" : [
    {
      "name" : "FID",
      "type" : "esriFieldTypeOID",
      "alias" : "FID"
    },
    {
      "name" : "PMNTN_SPOT",
      "type" : "esriFieldTypeDouble",
      "alias" : "PMNTN_SPOT"
    },
    {
      "name" : "MNTN_CODE",
      "type" : "esriFieldTypeString",
      "alias" : "MNTN_CODE",
      "length" : 9
    },
    {
      "name" : "MANAGE_SP1",
      "type" : "esriFieldTypeString",
      "alias" : "MANAGE_SP1",
      "length" : 2
    },
    {
      "name" : "MANAGE_SP2",
      "type" : "esriFieldTypeString",
      "alias" : "MANAGE_SP2",
      "length" : 50
    },
    {
      "name" : "DETAIL_SPO",
      "type" : "esriFieldTypeString",
      "alias" : "DETAIL_SPO",
      "length" : 200
    },
    {
      "name" : "ETC_MATTER",
      "type" : "esriFieldTypeString",
      "alias" : "ETC_MATTER",
      "length" : 200
    },
    {
      "name" : "MNTN_NM",
      "type" : "esriFieldTypeString",
      "alias" : "MNTN_NM",
      "length" : 50
    },
    {
      "name" : "PAST_SPOT_",
      "type" : "esriFieldTypeString",
      "alias" : "PAST_SPOT_",
      "length" : 14
    },
    {
      "name" : "MNTN_ID",
      "type" : "esriFieldTypeString",
      "alias" : "MNTN_ID",
      "length" : 10
    }
  ],
  "features" : [
    {
      "attributes" : {
        "FID" : 0,
        "PMNTN_SPOT" : 50316,
        "MNTN_CODE" : "418202301",
        "MANAGE_SP1" : "99",
        "MANAGE_SP2" : "기타",
        "DETAIL_SPO" : "밧줄난간 시작",
        "ETC_MATTER" : " ",
        "MNTN_NM" : "서리산",
        "PAST_SPOT_" : "21010321000001",
        "MNTN_ID" : "2101032100"
      },
      "geometry" : {
        "x" : 229466.23240000196,
        "y" : 572609.71859999932
      }
    },
    {
      "attributes" : {
        "FID" : 1,
        "PMNTN_SPOT" : 50317,
        "MNTN_CODE" : "418202301",
        "MANAGE_SP1" : "99",
        "MANAGE_SP2" : "기타",
        "DETAIL_SPO" : "밧줄난간 끝",
        "ETC_MATTER" : " ",
        "MNTN_NM" : "서리산",
        "PAST_SPOT_" : "21010321000002",
        "MNTN_ID" : "2101032100"
      },
      "geometry" : {
        "x" : 229462.17710000183,
        "y" : 572617.54040000215
      }
    },
    {
      "attributes" : {
        "FID" : 2,
        "PMNTN_SPOT" : 50318,
        "MNTN_CODE" : "418202301",
        "MANAGE_SP1" : "99",
        "MANAGE_SP2" : "기타",
        "DETAIL_SPO" : "밧줄난간",
        "ETC_MATTER" : " ",
        "MNTN_NM" : "서리산",
        "PAST_SPOT_" : "21010321000003",
        "MNTN_ID" : "2101032100"
      },
      "geometry" : {
        "x" : 229438.70280000102,
        "y" : 572604.25970000029
      }
    },
    {
      "attributes" : {
        "FID" : 3,
        "PMNTN_SPOT" : 50319,
        "MNTN_CODE" : "418202301",
        "MANAGE_SP1" : "10",
        "MANAGE_SP2" : "이정표",
        "DETAIL_SPO" : "이정표,분기점",
        "ETC_MATTER" : " ",
        "MNTN_NM" : "서리산",
        "PAST_SPOT_" : "21010321000004",
        "MNTN_ID" : "2101032100"
      },
      "geometry" : {
        "x" : 229442.69060000125,
        "y" : 572608.00320000201
      }
    },
    {
      "attributes" : {
        "FID" : 4,
        "PMNTN_SPOT" : 50320,
        "MNTN_CODE" : "418202301",
        "MANAGE_SP1" : "10",
        "MANAGE_SP2" : "이정표",
        "DETAIL_SPO" : "이정표,분기점",
        "ETC_MATTER" : " ",
        "MNTN_NM" : "서리산",
        "PAST_SPOT_" : "21010321000005",
        "MNTN_ID" : "2101032100"
      },
      "geometry" : {
        "x" : 229274.21900000144,
        "y" : 572724.07220000215
      }
    },
    {
      "attributes" : {
        "FID" : 5,
        "PMNTN_SPOT" : 50321,
        "MNTN_CODE" : "418202301",
        "MANAGE_SP1" : "99",
        "MANAGE_SP2" : "기타",
        "DETAIL_SPO" : "나무계단,밧줄난간",
        "ETC_MATTER" : " ",
        "MNTN_NM" : "서리산",
        "PAST_SPOT_" : "21010321000006",
        "MNTN_ID" : "2101032100"
      },
      "geometry" : {
        "x" : 229268.97090000007,
        "y" : 572732.82229999825
      }
    },
    {
      "attributes" : {
        "FID" : 6,
        "PMNTN_SPOT" : 50322,
        "MNTN_CODE" : "418202301",
        "MANAGE_SP1" : "99",
        "MANAGE_SP2" : "기타",
        "DETAIL_SPO" : "나무계단,밧줄난간",
        "ETC_MATTER" : " ",
        "MNTN_NM" : "서리산",
        "PAST_SPOT_" : "21010321000007",
        "MNTN_ID" : "2101032100"
      },
      "geometry" : {
        "x" : 229227.37800000049,
        "y" : 572799.36079999991
      }
    },
    {
      "attributes" : {
        "FID" : 7,
        "PMNTN_SPOT" : 50323,
        "MNTN_CODE" : "418202301",
        "MANAGE_SP1" : "99",
        "MANAGE_SP2" : "기타",
        "DETAIL_SPO" : "밧줄난간",
        "ETC_MATTER" : " ",
        "MNTN_NM" : "서리산",
        "PAST_SPOT_" : "21010321000008",
        "MNTN_ID" : "2101032100"
      },
      "geometry" : {
        "x" : 229182.5270000007,
        "y" : 572847.84040000103
      }
    },
    {
      "attributes" : {
        "FID" : 8,
        "PMNTN_SPOT" : 50324,
        "MNTN_CODE" : "418202301",
        "MANAGE_SP1" : "99",
        "MANAGE_SP2" : "기타",
        "DETAIL_SPO" : "밧줄난간",
        "ETC_MATTER" : " ",
        "MNTN_NM" : "서리산",
        "PAST_SPOT_" : "21010321000009",
        "MNTN_ID" : "2101032100"
      },
      "geometry" : {
        "x" : 229159.24949999992,
        "y" : 572881.32310000248
      }
    },
    {
      "attributes" : {
        "FID" : 9,
        "PMNTN_SPOT" : 50325,
        "MNTN_CODE" : "418202301",
        "MANAGE_SP1" : "11",
        "MANAGE_SP2" : "안내판또는지도",
        "DETAIL_SPO" : "안내판,이정표",
        "ETC_MATTER" : " ",
        "MNTN_NM" : "서리산",
        "PAST_SPOT_" : "21010321000010",
        "MNTN_ID" : "2101032100"
      },
      "geometry" : {
        "x" : 229057.14630000014,
        "y" : 573042.28350000083
      }
    },
    {
      "attributes" : {
        "FID" : 10,
        "PMNTN_SPOT" : 50326,
        "MNTN_CODE" : "418202301",
        "MANAGE_SP1" : "99",
        "MANAGE_SP2" : "기타",
        "DETAIL_SPO" : "밧줄",
        "ETC_MATTER" : " ",
        "MNTN_NM" : "서리산",
        "PAST_SPOT_" : "21010321000011",
        "MNTN_ID" : "2101032100"
      },
      "geometry" : {
        "x" : 228789.47980000079,
        "y" : 573444.97999999858
      }
    },
    {
      "attributes" : {
        "FID" : 11,
        "PMNTN_SPOT" : 50327,
        "MNTN_CODE" : "418202301",
        "MANAGE_SP1" : "22",
        "MANAGE_SP2" : "헬기장",
        "DETAIL_SPO" : "헬기장",
        "ETC_MATTER" : " ",
        "MNTN_NM" : "서리산",
        "PAST_SPOT_" : "21010321000012",
        "MNTN_ID" : "2101032100"
      },
      "geometry" : {
        "x" : 227866.94650000334,
        "y" : 574309.2677000016
      }
    },
    {
      "attributes" : {
        "FID" : 12,
        "PMNTN_SPOT" : 50328,
        "MNTN_CODE" : "418202301",
        "MANAGE_SP1" : "99",
        "MANAGE_SP2" : "기타",
        "DETAIL_SPO" : "돌비석??",
        "ETC_MATTER" : " ",
        "MNTN_NM" : "서리산",
        "PAST_SPOT_" : "21010321000013",
        "MNTN_ID" : "2101032100"
      },
      "geometry" : {
        "x" : 227798.9040000001,
        "y" : 574399.61050000228
      }
    },
    {
      "attributes" : {
        "FID" : 13,
        "PMNTN_SPOT" : 50329,
        "MNTN_CODE" : "418202301",
        "MANAGE_SP1" : "11",
        "MANAGE_SP2" : "안내판또는지도",
        "DETAIL_SPO" : "철죽동산 안내판",
        "ETC_MATTER" : " ",
        "MNTN_NM" : "서리산",
        "PAST_SPOT_" : "21010321000014",
        "MNTN_ID" : "2101032100"
      },
      "geometry" : {
        "x" : 227673.31350000016,
        "y" : 574394.20610000193
      }
    },
    {
      "attributes" : {
        "FID" : 14,
        "PMNTN_SPOT" : 50330,
        "MNTN_CODE" : "418202301",
        "MANAGE_SP1" : "99",
        "MANAGE_SP2" : "기타",
        "DETAIL_SPO" : "나무계단 시작",
        "ETC_MATTER" : " ",
        "MNTN_NM" : "서리산",
        "PAST_SPOT_" : "21010321000015",
        "MNTN_ID" : "2101032100"
      },
      "geometry" : {
        "x" : 227568.54200000223,
        "y" : 574346.80600000173
      }
    },
    {
      "attributes" : {
        "FID" : 15,
        "PMNTN_SPOT" : 50331,
        "MNTN_CODE" : "418202301",
        "MANAGE_SP1" : "99",
        "MANAGE_SP2" : "기타",
        "DETAIL_SPO" : "나무계단 끝",
        "ETC_MATTER" : " ",
        "MNTN_NM" : "서리산",
        "PAST_SPOT_" : "21010321000016",
        "MNTN_ID" : "2101032100"
      },
      "geometry" : {
        "x" : 227547.87090000138,
        "y" : 574352.26469999924
      }
    },
    {
      "attributes" : {
        "FID" : 16,
        "PMNTN_SPOT" : 50332,
        "MNTN_CODE" : "418202301",
        "MANAGE_SP1" : "14",
        "MANAGE_SP2" : "조망점",
        "DETAIL_SPO" : "철쭉동산 조망점",
        "ETC_MATTER" : " ",
        "MNTN_NM" : "서리산",
        "PAST_SPOT_" : "21010321000017",
        "MNTN_ID" : "2101032100"
      },
      "geometry" : {
        "x" : 227554.37640000042,
        "y" : 574343.4290000014
      }
    },
    {
      "attributes" : {
        "FID" : 17,
        "PMNTN_SPOT" : 50333,
        "MNTN_CODE" : "418202301",
        "MANAGE_SP1" : "10",
        "MANAGE_SP2" : "이정표",
        "DETAIL_SPO" : "이정표",
        "ETC_MATTER" : " ",
        "MNTN_NM" : "서리산",
        "PAST_SPOT_" : "21010321000018",
        "MNTN_ID" : "2101032100"
      },
      "geometry" : {
        "x" : 227542.47280000057,
        "y" : 574351.35879999958
      }
    },
    {
      "attributes" : {
        "FID" : 18,
        "PMNTN_SPOT" : 50334,
        "MNTN_CODE" : "418202301",
        "MANAGE_SP1" : "11",
        "MANAGE_SP2" : "안내판또는지도",
        "DETAIL_SPO" : "종합안내판",
        "ETC_MATTER" : " ",
        "MNTN_NM" : "서리산",
        "PAST_SPOT_" : "21010321000019",
        "MNTN_ID" : "2101032100"
      },
      "geometry" : {
        "x" : 230252.64070000034,
        "y" : 574926.48330000229
      }
    },
    {
      "attributes" : {
        "FID" : 19,
        "PMNTN_SPOT" : 50335,
        "MNTN_CODE" : "418202301",
        "MANAGE_SP1" : "99",
        "MANAGE_SP2" : "기타",
        "DETAIL_SPO" : "나무계단",
        "ETC_MATTER" : " ",
        "MNTN_NM" : "서리산",
        "PAST_SPOT_" : "21010321000020",
        "MNTN_ID" : "2101032100"
      },
      "geometry" : {
        "x" : 229157.63650000095,
        "y" : 572878.90890000202
      }
    },
    {
      "attributes" : {
        "FID" : 20,
        "PMNTN_SPOT" : 50336,
        "MNTN_CODE" : "418202301",
        "MANAGE_SP1" : "99",
        "MANAGE_SP2" : "기타",
        "DETAIL_SPO" : "나무계단",
        "ETC_MATTER" : " ",
        "MNTN_NM" : "서리산",
        "PAST_SPOT_" : "21010321000021",
        "MNTN_ID" : "2101032100"
      },
      "geometry" : {
        "x" : 229229.52359999996,
        "y" : 572793.19710000232
      }
    },
    {
      "attributes" : {
        "FID" : 21,
        "PMNTN_SPOT" : 50337,
        "MNTN_CODE" : "418202301",
        "MANAGE_SP1" : "02",
        "MANAGE_SP2" : "분기점",
        "DETAIL_SPO" : "삼거리",
        "ETC_MATTER" : " ",
        "MNTN_NM" : "서리산",
        "PAST_SPOT_" : "21010321000022",
        "MNTN_ID" : "2101032100"
      },
      "geometry" : {
        "x" : 229267.03610000387,
        "y" : 572724.22440000065
      }
    },
    {
      "attributes" : {
        "FID" : 22,
        "PMNTN_SPOT" : 50338,
        "MNTN_CODE" : "418202301",
        "MANAGE_SP1" : "99",
        "MANAGE_SP2" : "기타",
        "DETAIL_SPO" : "억세밭사거리",
        "ETC_MATTER" : " ",
        "MNTN_NM" : "서리산",
        "PAST_SPOT_" : "21010321000023",
        "MNTN_ID" : "2101032100"
      },
      "geometry" : {
        "x" : 228825.67510000244,
        "y" : 573431.02070000023
      }
    },
    {
      "attributes" : {
        "FID" : 23,
        "PMNTN_SPOT" : 50339,
        "MNTN_CODE" : "418202301",
        "MANAGE_SP1" : "99",
        "MANAGE_SP2" : "기타",
        "DETAIL_SPO" : "표지판설치요",
        "ETC_MATTER" : " ",
        "MNTN_NM" : "서리산",
        "PAST_SPOT_" : "21010321000024",
        "MNTN_ID" : "2101032100"
      },
      "geometry" : {
        "x" : 228292.03710000124,
        "y" : 573942.38530000113
      }
    },
    {
      "attributes" : {
        "FID" : 24,
        "PMNTN_SPOT" : 50340,
        "MNTN_CODE" : "418202301",
        "MANAGE_SP1" : "22",
        "MANAGE_SP2" : "헬기장",
        "DETAIL_SPO" : "헬기장",
        "ETC_MATTER" : " ",
        "MNTN_NM" : "서리산",
        "PAST_SPOT_" : "21010321000025",
        "MNTN_ID" : "2101032100"
      },
      "geometry" : {
        "x" : 228921.79450000357,
        "y" : 574984.98090000078
      }
    },
    {
      "attributes" : {
        "FID" : 25,
        "PMNTN_SPOT" : 50341,
        "MNTN_CODE" : "418202301",
        "MANAGE_SP1" : "10",
        "MANAGE_SP2" : "이정표",
        "DETAIL_SPO" : "이정표설치요",
        "ETC_MATTER" : " ",
        "MNTN_NM" : "서리산",
        "PAST_SPOT_" : "21010321000026",
        "MNTN_ID" : "2101032100"
      },
      "geometry" : {
        "x" : 227852.98500000034,
        "y" : 574355.22800000384
      }
    },
    {
      "attributes" : {
        "FID" : 26,
        "PMNTN_SPOT" : 50342,
        "MNTN_CODE" : "418202301",
        "MANAGE_SP1" : "99",
        "MANAGE_SP2" : "기타",
        "DETAIL_SPO" : "사진촬영소",
        "ETC_MATTER" : " ",
        "MNTN_NM" : "서리산",
        "PAST_SPOT_" : "21010321000027",
        "MNTN_ID" : "2101032100"
      },
      "geometry" : {
        "x" : 227534.47269999888,
        "y" : 574348.63499999978
      }
    },
    {
      "attributes" : {
        "FID" : 27,
        "PMNTN_SPOT" : 50343,
        "MNTN_CODE" : "418202301",
        "MANAGE_SP1" : "99",
        "MANAGE_SP2" : "기타",
        "DETAIL_SPO" : "안전실설",
        "ETC_MATTER" : " ",
        "MNTN_NM" : "서리산",
        "PAST_SPOT_" : "21010321000028",
        "MNTN_ID" : "2101032100"
      },
      "geometry" : {
        "x" : 227199.4634000035,
        "y" : 574439.33120000362
      }
    },
    {
      "attributes" : {
        "FID" : 28,
        "PMNTN_SPOT" : 50344,
        "MNTN_CODE" : "418202301",
        "MANAGE_SP1" : "02",
        "MANAGE_SP2" : "분기점",
        "DETAIL_SPO" : "삼거리",
        "ETC_MATTER" : " ",
        "MNTN_NM" : "서리산",
        "PAST_SPOT_" : "21010321000029",
        "MNTN_ID" : "2101032100"
      },
      "geometry" : {
        "x" : 225899.53680000175,
        "y" : 575148.36870000139
      }
    },
    {
      "attributes" : {
        "FID" : 29,
        "PMNTN_SPOT" : 50345,
        "MNTN_CODE" : "418202301",
        "MANAGE_SP1" : "22",
        "MANAGE_SP2" : "헬기장",
        "DETAIL_SPO" : "헬기장",
        "ETC_MATTER" : " ",
        "MNTN_NM" : "서리산",
        "PAST_SPOT_" : "21010321000030",
        "MNTN_ID" : "2101032100"
      },
      "geometry" : {
        "x" : 225148.75460000057,
        "y" : 575050.81020000204
      }
    },
    {
      "attributes" : {
        "FID" : 30,
        "PMNTN_SPOT" : 50346,
        "MNTN_CODE" : "418202301",
        "MANAGE_SP1" : "99",
        "MANAGE_SP2" : "기타",
        "DETAIL_SPO" : "서리산전경",
        "ETC_MATTER" : " ",
        "MNTN_NM" : "서리산",
        "PAST_SPOT_" : "21010321000031",
        "MNTN_ID" : "2101032100"
      },
      "geometry" : {
        "x" : 228093.00000000186,
        "y" : 575815.39690000005
      }
    },
    {
      "attributes" : {
        "FID" : 31,
        "PMNTN_SPOT" : 50347,
        "MNTN_CODE" : "418202301",
        "MANAGE_SP1" : "99",
        "MANAGE_SP2" : "기타",
        "DETAIL_SPO" : "전원주택",
        "ETC_MATTER" : " ",
        "MNTN_NM" : "서리산",
        "PAST_SPOT_" : "21010321000032",
        "MNTN_ID" : "2101032100"
      },
      "geometry" : {
        "x" : 228010.81250000093,
        "y" : 575702.2144000046
      }
    },
    {
      "attributes" : {
        "FID" : 32,
        "PMNTN_SPOT" : 50348,
        "MNTN_CODE" : "418202301",
        "MANAGE_SP1" : "10",
        "MANAGE_SP2" : "이정표",
        "DETAIL_SPO" : "중간이정표",
        "ETC_MATTER" : " ",
        "MNTN_NM" : "서리산",
        "PAST_SPOT_" : "21010321000033",
        "MNTN_ID" : "2101032100"
      },
      "geometry" : {
        "x" : 227772.84110000078,
        "y" : 575389.63929999992
      }
    },
    {
      "attributes" : {
        "FID" : 33,
        "PMNTN_SPOT" : 50349,
        "MNTN_CODE" : "418202301",
        "MANAGE_SP1" : "99",
        "MANAGE_SP2" : "기타",
        "DETAIL_SPO" : "임도끝지점",
        "ETC_MATTER" : " ",
        "MNTN_NM" : "서리산",
        "PAST_SPOT_" : "21010321000034",
        "MNTN_ID" : "2101032100"
      },
      "geometry" : {
        "x" : 227711.17650000006,
        "y" : 575338.31950000115
      }
    },
    {
      "attributes" : {
        "FID" : 34,
        "PMNTN_SPOT" : 50350,
        "MNTN_CODE" : "418202301",
        "MANAGE_SP1" : "10",
        "MANAGE_SP2" : "이정표",
        "DETAIL_SPO" : "중간이정표",
        "ETC_MATTER" : " ",
        "MNTN_NM" : "서리산",
        "PAST_SPOT_" : "21010321000035",
        "MNTN_ID" : "2101032100"
      },
      "geometry" : {
        "x" : 227045.49679999985,
        "y" : 575506.17250000127
      }
    },
    {
      "attributes" : {
        "FID" : 35,
        "PMNTN_SPOT" : 50351,
        "MNTN_CODE" : "418202301",
        "MANAGE_SP1" : "10",
        "MANAGE_SP2" : "이정표",
        "DETAIL_SPO" : "이정표",
        "ETC_MATTER" : " ",
        "MNTN_NM" : "서리산",
        "PAST_SPOT_" : "21010321000036",
        "MNTN_ID" : "2101032100"
      },
      "geometry" : {
        "x" : 227328.61300000083,
        "y" : 574177.78740000166
      }
    },
    {
      "attributes" : {
        "FID" : 36,
        "PMNTN_SPOT" : 50352,
        "MNTN_CODE" : "418202301",
        "MANAGE_SP1" : "14",
        "MANAGE_SP2" : "조망점",
        "DETAIL_SPO" : "조망점",
        "ETC_MATTER" : " ",
        "MNTN_NM" : "서리산",
        "PAST_SPOT_" : "21010321000037",
        "MNTN_ID" : "2101032100"
      },
      "geometry" : {
        "x" : 227444.7881000014,
        "y" : 573922.58479999937
      }
    },
    {
      "attributes" : {
        "FID" : 37,
        "PMNTN_SPOT" : 50353,
        "MNTN_CODE" : "418202301",
        "MANAGE_SP1" : "99",
        "MANAGE_SP2" : "기타",
        "DETAIL_SPO" : "나무계단 시작",
        "ETC_MATTER" : " ",
        "MNTN_NM" : "서리산",
        "PAST_SPOT_" : "21010321000038",
        "MNTN_ID" : "2101032100"
      },
      "geometry" : {
        "x" : 227462.56020000111,
        "y" : 573912.13260000199
      }
    },
    {
      "attributes" : {
        "FID" : 38,
        "PMNTN_SPOT" : 50354,
        "MNTN_CODE" : "418202301",
        "MANAGE_SP1" : "99",
        "MANAGE_SP2" : "기타",
        "DETAIL_SPO" : "나무계단 끝",
        "ETC_MATTER" : " ",
        "MNTN_NM" : "서리산",
        "PAST_SPOT_" : "21010321000039",
        "MNTN_ID" : "2101032100"
      },
      "geometry" : {
        "x" : 227523.95500000007,
        "y" : 573886.63010000251
      }
    },
    {
      "attributes" : {
        "FID" : 39,
        "PMNTN_SPOT" : 50355,
        "MNTN_CODE" : "418202301",
        "MANAGE_SP1" : "10",
        "MANAGE_SP2" : "이정표",
        "DETAIL_SPO" : "이정표",
        "ETC_MATTER" : " ",
        "MNTN_NM" : "서리산",
        "PAST_SPOT_" : "21010321000040",
        "MNTN_ID" : "2101032100"
      },
      "geometry" : {
        "x" : 227530.32790000178,
        "y" : 573851.49940000102
      }
    },
    {
      "attributes" : {
        "FID" : 40,
        "PMNTN_SPOT" : 50356,
        "MNTN_CODE" : "418202301",
        "MANAGE_SP1" : "14",
        "MANAGE_SP2" : "조망점",
        "DETAIL_SPO" : "조망점",
        "ETC_MATTER" : " ",
        "MNTN_NM" : "서리산",
        "PAST_SPOT_" : "21010321000041",
        "MNTN_ID" : "2101032100"
      },
      "geometry" : {
        "x" : 227547.12330000009,
        "y" : 573626.14790000208
      }
    },
    {
      "attributes" : {
        "FID" : 41,
        "PMNTN_SPOT" : 50357,
        "MNTN_CODE" : "418202301",
        "MANAGE_SP1" : "14",
        "MANAGE_SP2" : "조망점",
        "DETAIL_SPO" : "조망점",
        "ETC_MATTER" : " ",
        "MNTN_NM" : "서리산",
        "PAST_SPOT_" : "21010321000042",
        "MNTN_ID" : "2101032100"
      },
      "geometry" : {
        "x" : 227552.13550000172,
        "y" : 573608.12790000252
      }
    },
    {
      "attributes" : {
        "FID" : 42,
        "PMNTN_SPOT" : 50358,
        "MNTN_CODE" : "418202301",
        "MANAGE_SP1" : "99",
        "MANAGE_SP2" : "기타",
        "DETAIL_SPO" : "나무계단 시작",
        "ETC_MATTER" : " ",
        "MNTN_NM" : "서리산",
        "PAST_SPOT_" : "21010321000043",
        "MNTN_ID" : "2101032100"
      },
      "geometry" : {
        "x" : 227561.6118999999,
        "y" : 573612.27740000188
      }
    },
    {
      "attributes" : {
        "FID" : 43,
        "PMNTN_SPOT" : 50359,
        "MNTN_CODE" : "418202301",
        "MANAGE_SP1" : "99",
        "MANAGE_SP2" : "기타",
        "DETAIL_SPO" : "나무계단 끝",
        "ETC_MATTER" : " ",
        "MNTN_NM" : "서리산",
        "PAST_SPOT_" : "21010321000044",
        "MNTN_ID" : "2101032100"
      },
      "geometry" : {
        "x" : 227571.7583999997,
        "y" : 573605.74030000158
      }
    },
    {
      "attributes" : {
        "FID" : 44,
        "PMNTN_SPOT" : 50360,
        "MNTN_CODE" : "418202301",
        "MANAGE_SP1" : "99",
        "MANAGE_SP2" : "기타",
        "DETAIL_SPO" : "나무계단 시작",
        "ETC_MATTER" : " ",
        "MNTN_NM" : "서리산",
        "PAST_SPOT_" : "21010321000045",
        "MNTN_ID" : "2101032100"
      },
      "geometry" : {
        "x" : 227575.21559999976,
        "y" : 573583.68610000424
      }
    },
    {
      "attributes" : {
        "FID" : 45,
        "PMNTN_SPOT" : 50361,
        "MNTN_CODE" : "418202301",
        "MANAGE_SP1" : "99",
        "MANAGE_SP2" : "기타",
        "DETAIL_SPO" : "나무계단 끝",
        "ETC_MATTER" : " ",
        "MNTN_NM" : "서리산",
        "PAST_SPOT_" : "21010321000046",
        "MNTN_ID" : "2101032100"
      },
      "geometry" : {
        "x" : 227583.83910000324,
        "y" : 573558.18610000052
      }
    },
    {
      "attributes" : {
        "FID" : 46,
        "PMNTN_SPOT" : 50362,
        "MNTN_CODE" : "418202301",
        "MANAGE_SP1" : "10",
        "MANAGE_SP2" : "이정표",
        "DETAIL_SPO" : "이정표",
        "ETC_MATTER" : " ",
        "MNTN_NM" : "서리산",
        "PAST_SPOT_" : "21010321000047",
        "MNTN_ID" : "2101032100"
      },
      "geometry" : {
        "x" : 227651.80109999981,
        "y" : 573118.4979000017
      }
    },
    {
      "attributes" : {
        "FID" : 47,
        "PMNTN_SPOT" : 50363,
        "MNTN_CODE" : "418202301",
        "MANAGE_SP1" : "99",
        "MANAGE_SP2" : "기타",
        "DETAIL_SPO" : "나무계단,밧줄난간",
        "ETC_MATTER" : " ",
        "MNTN_NM" : "서리산",
        "PAST_SPOT_" : "21010321000048",
        "MNTN_ID" : "2101032100"
      },
      "geometry" : {
        "x" : 227661.17339999974,
        "y" : 573117.05299999937
      }
    },
    {
      "attributes" : {
        "FID" : 48,
        "PMNTN_SPOT" : 50364,
        "MNTN_CODE" : "418202301",
        "MANAGE_SP1" : "99",
        "MANAGE_SP2" : "기타",
        "DETAIL_SPO" : "나무계단,밧줄난간",
        "ETC_MATTER" : " ",
        "MNTN_NM" : "서리산",
        "PAST_SPOT_" : "21010321000049",
        "MNTN_ID" : "2101032100"
      },
      "geometry" : {
        "x" : 227697.35230000131,
        "y" : 573102.55590000376
      }
    },
    {
      "attributes" : {
        "FID" : 49,
        "PMNTN_SPOT" : 50365,
        "MNTN_CODE" : "418202301",
        "MANAGE_SP1" : "99",
        "MANAGE_SP2" : "기타",
        "DETAIL_SPO" : "나무다리",
        "ETC_MATTER" : " ",
        "MNTN_NM" : "서리산",
        "PAST_SPOT_" : "21010321000050",
        "MNTN_ID" : "2101032100"
      },
      "geometry" : {
        "x" : 227784.89149999991,
        "y" : 572929.87560000084
      }
    },
    {
      "attributes" : {
        "FID" : 50,
        "PMNTN_SPOT" : 50366,
        "MNTN_CODE" : "418202301",
        "MANAGE_SP1" : "99",
        "MANAGE_SP2" : "기타",
        "DETAIL_SPO" : "산림휴양관",
        "ETC_MATTER" : " ",
        "MNTN_NM" : "서리산",
        "PAST_SPOT_" : "21010321000051",
        "MNTN_ID" : "2101032100"
      },
      "geometry" : {
        "x" : 227777.38730000053,
        "y" : 572915.53220000118
      }
    },
    {
      "attributes" : {
        "FID" : 51,
        "PMNTN_SPOT" : 50367,
        "MNTN_CODE" : "418202301",
        "MANAGE_SP1" : "18",
        "MANAGE_SP2" : "주차장",
        "DETAIL_SPO" : "버스주차장",
        "ETC_MATTER" : " ",
        "MNTN_NM" : "서리산",
        "PAST_SPOT_" : "21010321000052",
        "MNTN_ID" : "2101032100"
      },
      "geometry" : {
        "x" : 227438.6417000005,
        "y" : 572740.38640000112
      }
    },
    {
      "attributes" : {
        "FID" : 52,
        "PMNTN_SPOT" : 50368,
        "MNTN_CODE" : "418202301",
        "MANAGE_SP1" : "18",
        "MANAGE_SP2" : "주차장",
        "DETAIL_SPO" : "제2주차장",
        "ETC_MATTER" : " ",
        "MNTN_NM" : "서리산",
        "PAST_SPOT_" : "21010321000053",
        "MNTN_ID" : "2101032100"
      },
      "geometry" : {
        "x" : 227477.64090000093,
        "y" : 572781.9942000024
      }
    },
    {
      "attributes" : {
        "FID" : 53,
        "PMNTN_SPOT" : 50369,
        "MNTN_CODE" : "418202301",
        "MANAGE_SP1" : "10",
        "MANAGE_SP2" : "이정표",
        "DETAIL_SPO" : "이정표",
        "ETC_MATTER" : " ",
        "MNTN_NM" : "서리산",
        "PAST_SPOT_" : "21010321000054",
        "MNTN_ID" : "2101032100"
      },
      "geometry" : {
        "x" : 227570.1548999995,
        "y" : 572808.82919999957
      }
    },
    {
      "attributes" : {
        "FID" : 54,
        "PMNTN_SPOT" : 50370,
        "MNTN_CODE" : "418202301",
        "MANAGE_SP1" : "99",
        "MANAGE_SP2" : "기타",
        "DETAIL_SPO" : "관리사무소",
        "ETC_MATTER" : " ",
        "MNTN_NM" : "서리산",
        "PAST_SPOT_" : "21010321000055",
        "MNTN_ID" : "2101032100"
      },
      "geometry" : {
        "x" : 227603.43380000163,
        "y" : 572816.04370000213
      }
    },
    {
      "attributes" : {
        "FID" : 55,
        "PMNTN_SPOT" : 50371,
        "MNTN_CODE" : "418202301",
        "MANAGE_SP1" : "01",
        "MANAGE_SP2" : "시종점",
        "DETAIL_SPO" : "시종점",
        "ETC_MATTER" : " ",
        "MNTN_NM" : "서리산",
        "PAST_SPOT_" : "21010321000056",
        "MNTN_ID" : "2101032100"
      },
      "geometry" : {
        "x" : 224948.91730000172,
        "y" : 575107.86720000021
      }
    },
    {
      "attributes" : {
        "FID" : 56,
        "PMNTN_SPOT" : 50372,
        "MNTN_CODE" : "418202301",
        "MANAGE_SP1" : "02",
        "MANAGE_SP2" : "분기점",
        "DETAIL_SPO" : "삼거리",
        "ETC_MATTER" : " ",
        "MNTN_NM" : "서리산",
        "PAST_SPOT_" : "21010321000057",
        "MNTN_ID" : "2101032100"
      },
      "geometry" : {
        "x" : 226764.04980000108,
        "y" : 574896.54140000232
      }
    },
    {
      "attributes" : {
        "FID" : 57,
        "PMNTN_SPOT" : 50373,
        "MNTN_CODE" : "418202301",
        "MANAGE_SP1" : "01",
        "MANAGE_SP2" : "시종점",
        "DETAIL_SPO" : "시종점",
        "ETC_MATTER" : " ",
        "MNTN_NM" : "서리산",
        "PAST_SPOT_" : "21010321000058",
        "MNTN_ID" : "2101032100"
      },
      "geometry" : {
        "x" : 226902.28980000131,
        "y" : 576415.49579999968
      }
    },
    {
      "attributes" : {
        "FID" : 58,
        "PMNTN_SPOT" : 50374,
        "MNTN_CODE" : "418202301",
        "MANAGE_SP1" : "02",
        "MANAGE_SP2" : "분기점",
        "DETAIL_SPO" : "이정표설치요",
        "ETC_MATTER" : " ",
        "MNTN_NM" : "서리산",
        "PAST_SPOT_" : "21010321000059",
        "MNTN_ID" : "2101032100"
      },
      "geometry" : {
        "x" : 226951.21750000119,
        "y" : 574601.57029999979
      }
    },
    {
      "attributes" : {
        "FID" : 59,
        "PMNTN_SPOT" : 50375,
        "MNTN_CODE" : "418202301",
        "MANAGE_SP1" : "01",
        "MANAGE_SP2" : "시종점",
        "DETAIL_SPO" : "매표소,시종점",
        "ETC_MATTER" : " ",
        "MNTN_NM" : "서리산",
        "PAST_SPOT_" : "21010321000060",
        "MNTN_ID" : "2101032100"
      },
      "geometry" : {
        "x" : 227343.61050000228,
        "y" : 572674.24460000359
      }
    },
    {
      "attributes" : {
        "FID" : 60,
        "PMNTN_SPOT" : 50376,
        "MNTN_CODE" : "418202301",
        "MANAGE_SP1" : "02",
        "MANAGE_SP2" : "분기점",
        "DETAIL_SPO" : "이정표설치요",
        "ETC_MATTER" : " ",
        "MNTN_NM" : "서리산",
        "PAST_SPOT_" : "21010321000061",
        "MNTN_ID" : "2101032100"
      },
      "geometry" : {
        "x" : 227373.85919999983,
        "y" : 574275.04519999959
      }
    },
    {
      "attributes" : {
        "FID" : 61,
        "PMNTN_SPOT" : 50377,
        "MNTN_CODE" : "418202301",
        "MANAGE_SP1" : "23",
        "MANAGE_SP2" : "정상",
        "DETAIL_SPO" : "정상",
        "ETC_MATTER" : " ",
        "MNTN_NM" : "서리산",
        "PAST_SPOT_" : "21010321000062",
        "MNTN_ID" : "2101032100"
      },
      "geometry" : {
        "x" : 227854.13910000026,
        "y" : 574350.0372999981
      }
    },
    {
      "attributes" : {
        "FID" : 62,
        "PMNTN_SPOT" : 50378,
        "MNTN_CODE" : "418202301",
        "MANAGE_SP1" : "01",
        "MANAGE_SP2" : "시종점",
        "DETAIL_SPO" : "시종점",
        "ETC_MATTER" : " ",
        "MNTN_NM" : "서리산",
        "PAST_SPOT_" : "21010321000063",
        "MNTN_ID" : "2101032100"
      },
      "geometry" : {
        "x" : 228153.29830000177,
        "y" : 577011.59000000358
      }
    },
    {
      "attributes" : {
        "FID" : 63,
        "PMNTN_SPOT" : 50379,
        "MNTN_CODE" : "418202301",
        "MANAGE_SP1" : "10",
        "MANAGE_SP2" : "이정표",
        "DETAIL_SPO" : "이정표,분기점",
        "ETC_MATTER" : " ",
        "MNTN_NM" : "서리산",
        "PAST_SPOT_" : "21010321000064",
        "MNTN_ID" : "2101032100"
      },
      "geometry" : {
        "x" : 228834.96790000051,
        "y" : 573419.4541000016
      }
    },
    {
      "attributes" : {
        "FID" : 64,
        "PMNTN_SPOT" : 50380,
        "MNTN_CODE" : "418202301",
        "MANAGE_SP1" : "02",
        "MANAGE_SP2" : "분기점",
        "DETAIL_SPO" : "사거리",
        "ETC_MATTER" : " ",
        "MNTN_NM" : "서리산",
        "PAST_SPOT_" : "21010321000065",
        "MNTN_ID" : "2101032100"
      },
      "geometry" : {
        "x" : 229040.83260000031,
        "y" : 573043.02760000154
      }
    },
    {
      "attributes" : {
        "FID" : 65,
        "PMNTN_SPOT" : 50381,
        "MNTN_CODE" : "418202301",
        "MANAGE_SP1" : "02",
        "MANAGE_SP2" : "분기점",
        "DETAIL_SPO" : "표지판설치요",
        "ETC_MATTER" : " ",
        "MNTN_NM" : "서리산",
        "PAST_SPOT_" : "21010321000066",
        "MNTN_ID" : "2101032100"
      },
      "geometry" : {
        "x" : 229073.75590000022,
        "y" : 573103.93240000121
      }
    },
    {
      "attributes" : {
        "FID" : 66,
        "PMNTN_SPOT" : 50382,
        "MNTN_CODE" : "418202301",
        "MANAGE_SP1" : "02",
        "MANAGE_SP2" : "분기점",
        "DETAIL_SPO" : "분기점",
        "ETC_MATTER" : " ",
        "MNTN_NM" : "서리산",
        "PAST_SPOT_" : "21010321000067",
        "MNTN_ID" : "2101032100"
      },
      "geometry" : {
        "x" : 229162.36919999961,
        "y" : 573612.51150000095
      }
    },
    {
      "attributes" : {
        "FID" : 67,
        "PMNTN_SPOT" : 50383,
        "MNTN_CODE" : "418202301",
        "MANAGE_SP1" : "02",
        "MANAGE_SP2" : "분기점",
        "DETAIL_SPO" : "임도접점",
        "ETC_MATTER" : " ",
        "MNTN_NM" : "서리산",
        "PAST_SPOT_" : "21010321000068",
        "MNTN_ID" : "2101032100"
      },
      "geometry" : {
        "x" : 229171.13570000045,
        "y" : 574729.92430000007
      }
    },
    {
      "attributes" : {
        "FID" : 68,
        "PMNTN_SPOT" : 50384,
        "MNTN_CODE" : "418202301",
        "MANAGE_SP1" : "02",
        "MANAGE_SP2" : "분기점",
        "DETAIL_SPO" : "삼거리",
        "ETC_MATTER" : " ",
        "MNTN_NM" : "서리산",
        "PAST_SPOT_" : "21010321000069",
        "MNTN_ID" : "2101032100"
      },
      "geometry" : {
        "x" : 229359.84939999972,
        "y" : 574171.15610000119
      }
    },
    {
      "attributes" : {
        "FID" : 69,
        "PMNTN_SPOT" : 50385,
        "MNTN_CODE" : "418202301",
        "MANAGE_SP1" : "02",
        "MANAGE_SP2" : "분기점",
        "DETAIL_SPO" : "잣창고",
        "ETC_MATTER" : " ",
        "MNTN_NM" : "서리산",
        "PAST_SPOT_" : "21010321000070",
        "MNTN_ID" : "2101032100"
      },
      "geometry" : {
        "x" : 229394.59170000069,
        "y" : 574466.46980000101
      }
    },
    {
      "attributes" : {
        "FID" : 70,
        "PMNTN_SPOT" : 50386,
        "MNTN_CODE" : "418202301",
        "MANAGE_SP1" : "14",
        "MANAGE_SP2" : "조망점",
        "DETAIL_SPO" : "조망점",
        "ETC_MATTER" : " ",
        "MNTN_NM" : "서리산",
        "PAST_SPOT_" : "21010321000071",
        "MNTN_ID" : "2101032100"
      },
      "geometry" : {
        "x" : 229436.96630000137,
        "y" : 572604.36450000294
      }
    },
    {
      "attributes" : {
        "FID" : 71,
        "PMNTN_SPOT" : 50387,
        "MNTN_CODE" : "418202301",
        "MANAGE_SP1" : "14",
        "MANAGE_SP2" : "조망점",
        "DETAIL_SPO" : "조망점",
        "ETC_MATTER" : " ",
        "MNTN_NM" : "서리산",
        "PAST_SPOT_" : "21010321000072",
        "MNTN_ID" : "2101032100"
      },
      "geometry" : {
        "x" : 229438.36440000031,
        "y" : 572605.30740000121
      }
    },
    {
      "attributes" : {
        "FID" : 72,
        "PMNTN_SPOT" : 50388,
        "MNTN_CODE" : "418202301",
        "MANAGE_SP1" : "14",
        "MANAGE_SP2" : "조망점",
        "DETAIL_SPO" : "조망점",
        "ETC_MATTER" : " ",
        "MNTN_NM" : "서리산",
        "PAST_SPOT_" : "21010321000073",
        "MNTN_ID" : "2101032100"
      },
      "geometry" : {
        "x" : 229438.38470000122,
        "y" : 572605.32780000195
      }
    },
    {
      "attributes" : {
        "FID" : 73,
        "PMNTN_SPOT" : 50389,
        "MNTN_CODE" : "418202301",
        "MANAGE_SP1" : "02",
        "MANAGE_SP2" : "분기점",
        "DETAIL_SPO" : "삼거리",
        "ETC_MATTER" : " ",
        "MNTN_NM" : "서리산",
        "PAST_SPOT_" : "21010321000074",
        "MNTN_ID" : "2101032100"
      },
      "geometry" : {
        "x" : 229655.28740000073,
        "y" : 573947.74469999969
      }
    },
    {
      "attributes" : {
        "FID" : 74,
        "PMNTN_SPOT" : 50390,
        "MNTN_CODE" : "418202301",
        "MANAGE_SP1" : "02",
        "MANAGE_SP2" : "분기점",
        "DETAIL_SPO" : "사거리",
        "ETC_MATTER" : " ",
        "MNTN_NM" : "서리산",
        "PAST_SPOT_" : "21010321000075",
        "MNTN_ID" : "2101032100"
      },
      "geometry" : {
        "x" : 230094.59670000244,
        "y" : 573115.47279999964
      }
    },
    {
      "attributes" : {
        "FID" : 75,
        "PMNTN_SPOT" : 50391,
        "MNTN_CODE" : "418202301",
        "MANAGE_SP1" : "01",
        "MANAGE_SP2" : "시종점",
        "DETAIL_SPO" : "시종점",
        "ETC_MATTER" : " ",
        "MNTN_NM" : "서리산",
        "PAST_SPOT_" : "21010321000076",
        "MNTN_ID" : "2101032100"
      },
      "geometry" : {
        "x" : 232109.56430000253,
        "y" : 574962.91310000233
      }
    }
  ]
}