{
  "displayFieldName" : "",
  "fieldAliases" : {
    "FID" : "FID",
    "PMNTN_SPOT" : "PMNTN_SPOT",
    "MNTN_CODE" : "MNTN_CODE",
    "MANAGE_SP1" : "MANAGE_SP1",
    "MANAGE_SP2" : "MANAGE_SP2",
    "DETAIL_SPO" : "DETAIL_SPO",
    "ETC_MATTER" : "ETC_MATTER",
    "MNTN_NM" : "MNTN_NM",
    "PAST_SPOT_" : "PAST_SPOT_",
    "MNTN_ID" : "MNTN_ID"
  },
  "geometryType" : "esriGeometryPoint",
  "spatialReference" : {
    "wkt" : "PROJCS[\"PCS_ITRF2000_TM\",GEOGCS[\"GCS_ITRF_2000\",DATUM[\"D_ITRF_2000\",SPHEROID[\"GRS_1980\",6378137.0,298.257222101]],PRIMEM[\"Greenwich\",0.0],UNIT[\"Degree\",0.0174532925199433]],PROJECTION[\"Transverse_Mercator\"],PARAMETER[\"False_Easting\",200000.0],PARAMETER[\"False_Northing\",600000.0],PARAMETER[\"Central_Meridian\",127.0],PARAMETER[\"Scale_Factor\",1.0],PARAMETER[\"Latitude_Of_Origin\",38.0],UNIT[\"Meter\",1.0]]"
  },
  "fields" : [
    {
      "name" : "FID",
      "type" : "esriFieldTypeOID",
      "alias" : "FID"
    },
    {
      "name" : "PMNTN_SPOT",
      "type" : "esriFieldTypeDouble",
      "alias" : "PMNTN_SPOT"
    },
    {
      "name" : "MNTN_CODE",
      "type" : "esriFieldTypeString",
      "alias" : "MNTN_CODE",
      "length" : 9
    },
    {
      "name" : "MANAGE_SP1",
      "type" : "esriFieldTypeString",
      "alias" : "MANAGE_SP1",
      "length" : 2
    },
    {
      "name" : "MANAGE_SP2",
      "type" : "esriFieldTypeString",
      "alias" : "MANAGE_SP2",
      "length" : 50
    },
    {
      "name" : "DETAIL_SPO",
      "type" : "esriFieldTypeString",
      "alias" : "DETAIL_SPO",
      "length" : 200
    },
    {
      "name" : "ETC_MATTER",
      "type" : "esriFieldTypeString",
      "alias" : "ETC_MATTER",
      "length" : 200
    },
    {
      "name" : "MNTN_NM",
      "type" : "esriFieldTypeString",
      "alias" : "MNTN_NM",
      "length" : 50
    },
    {
      "name" : "PAST_SPOT_",
      "type" : "esriFieldTypeString",
      "alias" : "PAST_SPOT_",
      "length" : 14
    },
    {
      "name" : "MNTN_ID",
      "type" : "esriFieldTypeString",
      "alias" : "MNTN_ID",
      "length" : 10
    }
  ],
  "features" : [
    {
      "attributes" : {
        "FID" : 0,
        "PMNTN_SPOT" : 20407,
        "MNTN_CODE" : "412200104",
        "MANAGE_SP1" : "01",
        "MANAGE_SP2" : "시종점",
        "DETAIL_SPO" : "시종점",
        "ETC_MATTER" : " ",
        "MNTN_NM" : "덕동산",
        "PAST_SPOT_" : "4122004010001",
        "MNTN_ID" : "412200401"
      },
      "geometry" : {
        "x" : 208609.18640000094,
        "y" : 488804.90520000458
      }
    },
    {
      "attributes" : {
        "FID" : 1,
        "PMNTN_SPOT" : 20408,
        "MNTN_CODE" : "412200104",
        "MANAGE_SP1" : "02",
        "MANAGE_SP2" : "분기점",
        "DETAIL_SPO" : "분기점",
        "ETC_MATTER" : " ",
        "MNTN_NM" : "덕동산",
        "PAST_SPOT_" : "4122004010002",
        "MNTN_ID" : "412200401"
      },
      "geometry" : {
        "x" : 208648.56300000008,
        "y" : 488751.98140000179
      }
    },
    {
      "attributes" : {
        "FID" : 2,
        "PMNTN_SPOT" : 20409,
        "MNTN_CODE" : "412200104",
        "MANAGE_SP1" : "02",
        "MANAGE_SP2" : "분기점",
        "DETAIL_SPO" : "분기점",
        "ETC_MATTER" : " ",
        "MNTN_NM" : "덕동산",
        "PAST_SPOT_" : "4122004010003",
        "MNTN_ID" : "412200401"
      },
      "geometry" : {
        "x" : 208648.69589999877,
        "y" : 488818.15750000067
      }
    },
    {
      "attributes" : {
        "FID" : 3,
        "PMNTN_SPOT" : 20410,
        "MNTN_CODE" : "412200104",
        "MANAGE_SP1" : "02",
        "MANAGE_SP2" : "분기점",
        "DETAIL_SPO" : "분기점",
        "ETC_MATTER" : " ",
        "MNTN_NM" : "덕동산",
        "PAST_SPOT_" : "4122004010004",
        "MNTN_ID" : "412200401"
      },
      "geometry" : {
        "x" : 208650.1632000003,
        "y" : 488749.48620000109
      }
    },
    {
      "attributes" : {
        "FID" : 4,
        "PMNTN_SPOT" : 20411,
        "MNTN_CODE" : "412200104",
        "MANAGE_SP1" : "02",
        "MANAGE_SP2" : "분기점",
        "DETAIL_SPO" : "분기점",
        "ETC_MATTER" : " ",
        "MNTN_NM" : "덕동산",
        "PAST_SPOT_" : "4122004010005",
        "MNTN_ID" : "412200401"
      },
      "geometry" : {
        "x" : 208704.44260000251,
        "y" : 488696.46410000324
      }
    },
    {
      "attributes" : {
        "FID" : 5,
        "PMNTN_SPOT" : 20412,
        "MNTN_CODE" : "412200104",
        "MANAGE_SP1" : "01",
        "MANAGE_SP2" : "시종점",
        "DETAIL_SPO" : "시종점",
        "ETC_MATTER" : " ",
        "MNTN_NM" : "덕동산",
        "PAST_SPOT_" : "4122004010006",
        "MNTN_ID" : "412200401"
      },
      "geometry" : {
        "x" : 208712.69660000131,
        "y" : 488440.13670000434
      }
    },
    {
      "attributes" : {
        "FID" : 6,
        "PMNTN_SPOT" : 20413,
        "MNTN_CODE" : "412200104",
        "MANAGE_SP1" : "02",
        "MANAGE_SP2" : "분기점",
        "DETAIL_SPO" : "분기점",
        "ETC_MATTER" : " ",
        "MNTN_NM" : "덕동산",
        "PAST_SPOT_" : "4122004010007",
        "MNTN_ID" : "412200401"
      },
      "geometry" : {
        "x" : 208717.97700000182,
        "y" : 488671.77009999938
      }
    },
    {
      "attributes" : {
        "FID" : 7,
        "PMNTN_SPOT" : 20414,
        "MNTN_CODE" : "412200104",
        "MANAGE_SP1" : "02",
        "MANAGE_SP2" : "분기점",
        "DETAIL_SPO" : "분기점",
        "ETC_MATTER" : " ",
        "MNTN_NM" : "덕동산",
        "PAST_SPOT_" : "4122004010008",
        "MNTN_ID" : "412200401"
      },
      "geometry" : {
        "x" : 208726.20380000025,
        "y" : 488709.51350000128
      }
    },
    {
      "attributes" : {
        "FID" : 8,
        "PMNTN_SPOT" : 20415,
        "MNTN_CODE" : "412200104",
        "MANAGE_SP1" : "02",
        "MANAGE_SP2" : "분기점",
        "DETAIL_SPO" : "분기점",
        "ETC_MATTER" : " ",
        "MNTN_NM" : "덕동산",
        "PAST_SPOT_" : "4122004010009",
        "MNTN_ID" : "412200401"
      },
      "geometry" : {
        "x" : 208728.78530000057,
        "y" : 488741.35410000198
      }
    },
    {
      "attributes" : {
        "FID" : 9,
        "PMNTN_SPOT" : 20416,
        "MNTN_CODE" : "412200104",
        "MANAGE_SP1" : "02",
        "MANAGE_SP2" : "분기점",
        "DETAIL_SPO" : "분기점",
        "ETC_MATTER" : " ",
        "MNTN_NM" : "덕동산",
        "PAST_SPOT_" : "4122004010010",
        "MNTN_ID" : "412200401"
      },
      "geometry" : {
        "x" : 208733.86680000089,
        "y" : 488521.67950000428
      }
    },
    {
      "attributes" : {
        "FID" : 10,
        "PMNTN_SPOT" : 20417,
        "MNTN_CODE" : "412200104",
        "MANAGE_SP1" : "02",
        "MANAGE_SP2" : "분기점",
        "DETAIL_SPO" : "분기점",
        "ETC_MATTER" : " ",
        "MNTN_NM" : "덕동산",
        "PAST_SPOT_" : "4122004010011",
        "MNTN_ID" : "412200401"
      },
      "geometry" : {
        "x" : 208734.0093000019,
        "y" : 488794.1735999994
      }
    },
    {
      "attributes" : {
        "FID" : 11,
        "PMNTN_SPOT" : 20418,
        "MNTN_CODE" : "412200104",
        "MANAGE_SP1" : "02",
        "MANAGE_SP2" : "분기점",
        "DETAIL_SPO" : "분기점",
        "ETC_MATTER" : " ",
        "MNTN_NM" : "덕동산",
        "PAST_SPOT_" : "4122004010012",
        "MNTN_ID" : "412200401"
      },
      "geometry" : {
        "x" : 208739.51609999966,
        "y" : 488550.98830000125
      }
    },
    {
      "attributes" : {
        "FID" : 12,
        "PMNTN_SPOT" : 20419,
        "MNTN_CODE" : "412200104",
        "MANAGE_SP1" : "02",
        "MANAGE_SP2" : "분기점",
        "DETAIL_SPO" : "분기점",
        "ETC_MATTER" : " ",
        "MNTN_NM" : "덕동산",
        "PAST_SPOT_" : "4122004010013",
        "MNTN_ID" : "412200401"
      },
      "geometry" : {
        "x" : 208741.03140000347,
        "y" : 488558.76820000261
      }
    },
    {
      "attributes" : {
        "FID" : 13,
        "PMNTN_SPOT" : 20420,
        "MNTN_CODE" : "412200104",
        "MANAGE_SP1" : "02",
        "MANAGE_SP2" : "분기점",
        "DETAIL_SPO" : "분기점",
        "ETC_MATTER" : " ",
        "MNTN_NM" : "덕동산",
        "PAST_SPOT_" : "4122004010014",
        "MNTN_ID" : "412200401"
      },
      "geometry" : {
        "x" : 208741.68690000288,
        "y" : 488562.15910000168
      }
    },
    {
      "attributes" : {
        "FID" : 14,
        "PMNTN_SPOT" : 20421,
        "MNTN_CODE" : "412200104",
        "MANAGE_SP1" : "02",
        "MANAGE_SP2" : "분기점",
        "DETAIL_SPO" : "분기점",
        "ETC_MATTER" : " ",
        "MNTN_NM" : "덕동산",
        "PAST_SPOT_" : "4122004010015",
        "MNTN_ID" : "412200401"
      },
      "geometry" : {
        "x" : 208743.69090000074,
        "y" : 488638.53600000031
      }
    },
    {
      "attributes" : {
        "FID" : 15,
        "PMNTN_SPOT" : 20422,
        "MNTN_CODE" : "412200104",
        "MANAGE_SP1" : "02",
        "MANAGE_SP2" : "분기점",
        "DETAIL_SPO" : "분기점",
        "ETC_MATTER" : " ",
        "MNTN_NM" : "덕동산",
        "PAST_SPOT_" : "4122004010016",
        "MNTN_ID" : "412200401"
      },
      "geometry" : {
        "x" : 208750.89970000088,
        "y" : 488525.09059999883
      }
    },
    {
      "attributes" : {
        "FID" : 16,
        "PMNTN_SPOT" : 20423,
        "MNTN_CODE" : "412200104",
        "MANAGE_SP1" : "02",
        "MANAGE_SP2" : "분기점",
        "DETAIL_SPO" : "분기점",
        "ETC_MATTER" : " ",
        "MNTN_NM" : "덕동산",
        "PAST_SPOT_" : "4122004010017",
        "MNTN_ID" : "412200401"
      },
      "geometry" : {
        "x" : 208753.47590000182,
        "y" : 488619.21790000238
      }
    },
    {
      "attributes" : {
        "FID" : 17,
        "PMNTN_SPOT" : 20424,
        "MNTN_CODE" : "412200104",
        "MANAGE_SP1" : "02",
        "MANAGE_SP2" : "분기점",
        "DETAIL_SPO" : "분기점",
        "ETC_MATTER" : " ",
        "MNTN_NM" : "덕동산",
        "PAST_SPOT_" : "4122004010018",
        "MNTN_ID" : "412200401"
      },
      "geometry" : {
        "x" : 208762.14130000025,
        "y" : 488495.16430000402
      }
    },
    {
      "attributes" : {
        "FID" : 18,
        "PMNTN_SPOT" : 20425,
        "MNTN_CODE" : "412200104",
        "MANAGE_SP1" : "02",
        "MANAGE_SP2" : "분기점",
        "DETAIL_SPO" : "분기점",
        "ETC_MATTER" : " ",
        "MNTN_NM" : "덕동산",
        "PAST_SPOT_" : "4122004010019",
        "MNTN_ID" : "412200401"
      },
      "geometry" : {
        "x" : 208766.31819999963,
        "y" : 488701.68410000205
      }
    },
    {
      "attributes" : {
        "FID" : 19,
        "PMNTN_SPOT" : 20426,
        "MNTN_CODE" : "412200104",
        "MANAGE_SP1" : "02",
        "MANAGE_SP2" : "분기점",
        "DETAIL_SPO" : "분기점",
        "ETC_MATTER" : " ",
        "MNTN_NM" : "덕동산",
        "PAST_SPOT_" : "4122004010020",
        "MNTN_ID" : "412200401"
      },
      "geometry" : {
        "x" : 208767.13229999971,
        "y" : 488532.27089999989
      }
    },
    {
      "attributes" : {
        "FID" : 20,
        "PMNTN_SPOT" : 20427,
        "MNTN_CODE" : "412200104",
        "MANAGE_SP1" : "02",
        "MANAGE_SP2" : "분기점",
        "DETAIL_SPO" : "분기점",
        "ETC_MATTER" : " ",
        "MNTN_NM" : "덕동산",
        "PAST_SPOT_" : "4122004010021",
        "MNTN_ID" : "412200401"
      },
      "geometry" : {
        "x" : 208768.3730000034,
        "y" : 488770.3925999999
      }
    },
    {
      "attributes" : {
        "FID" : 21,
        "PMNTN_SPOT" : 20428,
        "MNTN_CODE" : "412200104",
        "MANAGE_SP1" : "02",
        "MANAGE_SP2" : "분기점",
        "DETAIL_SPO" : "분기점",
        "ETC_MATTER" : " ",
        "MNTN_NM" : "덕동산",
        "PAST_SPOT_" : "4122004010022",
        "MNTN_ID" : "412200401"
      },
      "geometry" : {
        "x" : 208778.83530000132,
        "y" : 488558.02100000158
      }
    },
    {
      "attributes" : {
        "FID" : 22,
        "PMNTN_SPOT" : 20429,
        "MNTN_CODE" : "412200104",
        "MANAGE_SP1" : "02",
        "MANAGE_SP2" : "분기점",
        "DETAIL_SPO" : "분기점",
        "ETC_MATTER" : " ",
        "MNTN_NM" : "덕동산",
        "PAST_SPOT_" : "4122004010023",
        "MNTN_ID" : "412200401"
      },
      "geometry" : {
        "x" : 208780.11120000016,
        "y" : 488731.64960000291
      }
    },
    {
      "attributes" : {
        "FID" : 23,
        "PMNTN_SPOT" : 20430,
        "MNTN_CODE" : "412200104",
        "MANAGE_SP1" : "02",
        "MANAGE_SP2" : "분기점",
        "DETAIL_SPO" : "분기점",
        "ETC_MATTER" : " ",
        "MNTN_NM" : "덕동산",
        "PAST_SPOT_" : "4122004010024",
        "MNTN_ID" : "412200401"
      },
      "geometry" : {
        "x" : 208784.5410000002,
        "y" : 488670.99300000258
      }
    },
    {
      "attributes" : {
        "FID" : 24,
        "PMNTN_SPOT" : 20431,
        "MNTN_CODE" : "412200104",
        "MANAGE_SP1" : "01",
        "MANAGE_SP2" : "시종점",
        "DETAIL_SPO" : "시종점",
        "ETC_MATTER" : " ",
        "MNTN_NM" : "덕동산",
        "PAST_SPOT_" : "4122004010025",
        "MNTN_ID" : "412200401"
      },
      "geometry" : {
        "x" : 208788.50030000042,
        "y" : 488483.07970000245
      }
    },
    {
      "attributes" : {
        "FID" : 25,
        "PMNTN_SPOT" : 20432,
        "MNTN_CODE" : "412200104",
        "MANAGE_SP1" : "02",
        "MANAGE_SP2" : "분기점",
        "DETAIL_SPO" : "분기점",
        "ETC_MATTER" : " ",
        "MNTN_NM" : "덕동산",
        "PAST_SPOT_" : "4122004010026",
        "MNTN_ID" : "412200401"
      },
      "geometry" : {
        "x" : 208821.71490000188,
        "y" : 488706.61110000126
      }
    },
    {
      "attributes" : {
        "FID" : 26,
        "PMNTN_SPOT" : 20433,
        "MNTN_CODE" : "412200104",
        "MANAGE_SP1" : "02",
        "MANAGE_SP2" : "분기점",
        "DETAIL_SPO" : "분기점",
        "ETC_MATTER" : " ",
        "MNTN_NM" : "덕동산",
        "PAST_SPOT_" : "4122004010027",
        "MNTN_ID" : "412200401"
      },
      "geometry" : {
        "x" : 208826.06850000191,
        "y" : 488620.6854000017
      }
    },
    {
      "attributes" : {
        "FID" : 27,
        "PMNTN_SPOT" : 20434,
        "MNTN_CODE" : "412200104",
        "MANAGE_SP1" : "02",
        "MANAGE_SP2" : "분기점",
        "DETAIL_SPO" : "분기점",
        "ETC_MATTER" : " ",
        "MNTN_NM" : "덕동산",
        "PAST_SPOT_" : "4122004010028",
        "MNTN_ID" : "412200401"
      },
      "geometry" : {
        "x" : 208828.56830000039,
        "y" : 488642.65130000189
      }
    },
    {
      "attributes" : {
        "FID" : 28,
        "PMNTN_SPOT" : 20435,
        "MNTN_CODE" : "412200104",
        "MANAGE_SP1" : "02",
        "MANAGE_SP2" : "분기점",
        "DETAIL_SPO" : "분기점",
        "ETC_MATTER" : " ",
        "MNTN_NM" : "덕동산",
        "PAST_SPOT_" : "4122004010029",
        "MNTN_ID" : "412200401"
      },
      "geometry" : {
        "x" : 208835.70920000318,
        "y" : 488622.63350000232
      }
    },
    {
      "attributes" : {
        "FID" : 29,
        "PMNTN_SPOT" : 20436,
        "MNTN_CODE" : "412200104",
        "MANAGE_SP1" : "02",
        "MANAGE_SP2" : "분기점",
        "DETAIL_SPO" : "분기점",
        "ETC_MATTER" : " ",
        "MNTN_NM" : "덕동산",
        "PAST_SPOT_" : "4122004010030",
        "MNTN_ID" : "412200401"
      },
      "geometry" : {
        "x" : 208838.41550000105,
        "y" : 488641.22529999912
      }
    },
    {
      "attributes" : {
        "FID" : 30,
        "PMNTN_SPOT" : 20437,
        "MNTN_CODE" : "412200104",
        "MANAGE_SP1" : "02",
        "MANAGE_SP2" : "분기점",
        "DETAIL_SPO" : "분기점",
        "ETC_MATTER" : " ",
        "MNTN_NM" : "덕동산",
        "PAST_SPOT_" : "4122004010031",
        "MNTN_ID" : "412200401"
      },
      "geometry" : {
        "x" : 208847.06450000033,
        "y" : 488639.87989999913
      }
    },
    {
      "attributes" : {
        "FID" : 31,
        "PMNTN_SPOT" : 20438,
        "MNTN_CODE" : "412200104",
        "MANAGE_SP1" : "01",
        "MANAGE_SP2" : "시종점",
        "DETAIL_SPO" : "시종점",
        "ETC_MATTER" : " ",
        "MNTN_NM" : "덕동산",
        "PAST_SPOT_" : "4122004010032",
        "MNTN_ID" : "412200401"
      },
      "geometry" : {
        "x" : 208855.66440000385,
        "y" : 488556.2324000001
      }
    },
    {
      "attributes" : {
        "FID" : 32,
        "PMNTN_SPOT" : 20439,
        "MNTN_CODE" : "412200104",
        "MANAGE_SP1" : "02",
        "MANAGE_SP2" : "분기점",
        "DETAIL_SPO" : "분기점",
        "ETC_MATTER" : " ",
        "MNTN_NM" : "덕동산",
        "PAST_SPOT_" : "4122004010033",
        "MNTN_ID" : "412200401"
      },
      "geometry" : {
        "x" : 208859.75549999997,
        "y" : 488639.05600000173
      }
    },
    {
      "attributes" : {
        "FID" : 33,
        "PMNTN_SPOT" : 20440,
        "MNTN_CODE" : "412200104",
        "MANAGE_SP1" : "02",
        "MANAGE_SP2" : "분기점",
        "DETAIL_SPO" : "분기점",
        "ETC_MATTER" : " ",
        "MNTN_NM" : "덕동산",
        "PAST_SPOT_" : "4122004010034",
        "MNTN_ID" : "412200401"
      },
      "geometry" : {
        "x" : 208864.86350000277,
        "y" : 488586.37790000252
      }
    },
    {
      "attributes" : {
        "FID" : 34,
        "PMNTN_SPOT" : 20441,
        "MNTN_CODE" : "412200104",
        "MANAGE_SP1" : "02",
        "MANAGE_SP2" : "분기점",
        "DETAIL_SPO" : "분기점",
        "ETC_MATTER" : " ",
        "MNTN_NM" : "덕동산",
        "PAST_SPOT_" : "4122004010035",
        "MNTN_ID" : "412200401"
      },
      "geometry" : {
        "x" : 208870.14340000413,
        "y" : 488590.37189999968
      }
    },
    {
      "attributes" : {
        "FID" : 35,
        "PMNTN_SPOT" : 20442,
        "MNTN_CODE" : "412200104",
        "MANAGE_SP1" : "02",
        "MANAGE_SP2" : "분기점",
        "DETAIL_SPO" : "분기점",
        "ETC_MATTER" : " ",
        "MNTN_NM" : "덕동산",
        "PAST_SPOT_" : "4122004010036",
        "MNTN_ID" : "412200401"
      },
      "geometry" : {
        "x" : 208872.34010000061,
        "y" : 488707.27730000019
      }
    },
    {
      "attributes" : {
        "FID" : 36,
        "PMNTN_SPOT" : 20443,
        "MNTN_CODE" : "412200104",
        "MANAGE_SP1" : "02",
        "MANAGE_SP2" : "분기점",
        "DETAIL_SPO" : "분기점",
        "ETC_MATTER" : " ",
        "MNTN_NM" : "덕동산",
        "PAST_SPOT_" : "4122004010037",
        "MNTN_ID" : "412200401"
      },
      "geometry" : {
        "x" : 208879.36289999913,
        "y" : 488605.0036999993
      }
    },
    {
      "attributes" : {
        "FID" : 37,
        "PMNTN_SPOT" : 20444,
        "MNTN_CODE" : "412200104",
        "MANAGE_SP1" : "02",
        "MANAGE_SP2" : "분기점",
        "DETAIL_SPO" : "분기점",
        "ETC_MATTER" : " ",
        "MNTN_NM" : "덕동산",
        "PAST_SPOT_" : "4122004010038",
        "MNTN_ID" : "412200401"
      },
      "geometry" : {
        "x" : 208882.53050000127,
        "y" : 488685.69030000269
      }
    },
    {
      "attributes" : {
        "FID" : 38,
        "PMNTN_SPOT" : 20445,
        "MNTN_CODE" : "412200104",
        "MANAGE_SP1" : "02",
        "MANAGE_SP2" : "분기점",
        "DETAIL_SPO" : "분기점",
        "ETC_MATTER" : " ",
        "MNTN_NM" : "덕동산",
        "PAST_SPOT_" : "4122004010039",
        "MNTN_ID" : "412200401"
      },
      "geometry" : {
        "x" : 208883.53870000318,
        "y" : 488760.92119999789
      }
    },
    {
      "attributes" : {
        "FID" : 39,
        "PMNTN_SPOT" : 20446,
        "MNTN_CODE" : "412200104",
        "MANAGE_SP1" : "02",
        "MANAGE_SP2" : "분기점",
        "DETAIL_SPO" : "분기점",
        "ETC_MATTER" : " ",
        "MNTN_NM" : "덕동산",
        "PAST_SPOT_" : "4122004010040",
        "MNTN_ID" : "412200401"
      },
      "geometry" : {
        "x" : 208898.99469999876,
        "y" : 488725.91740000248
      }
    },
    {
      "attributes" : {
        "FID" : 40,
        "PMNTN_SPOT" : 20447,
        "MNTN_CODE" : "412200104",
        "MANAGE_SP1" : "02",
        "MANAGE_SP2" : "분기점",
        "DETAIL_SPO" : "분기점",
        "ETC_MATTER" : " ",
        "MNTN_NM" : "덕동산",
        "PAST_SPOT_" : "4122004010041",
        "MNTN_ID" : "412200401"
      },
      "geometry" : {
        "x" : 208899.59020000137,
        "y" : 488634.86309999973
      }
    },
    {
      "attributes" : {
        "FID" : 41,
        "PMNTN_SPOT" : 20448,
        "MNTN_CODE" : "412200104",
        "MANAGE_SP1" : "02",
        "MANAGE_SP2" : "분기점",
        "DETAIL_SPO" : "분기점",
        "ETC_MATTER" : " ",
        "MNTN_NM" : "덕동산",
        "PAST_SPOT_" : "4122004010042",
        "MNTN_ID" : "412200401"
      },
      "geometry" : {
        "x" : 208902.11000000034,
        "y" : 488683.51250000112
      }
    },
    {
      "attributes" : {
        "FID" : 42,
        "PMNTN_SPOT" : 20449,
        "MNTN_CODE" : "412200104",
        "MANAGE_SP1" : "02",
        "MANAGE_SP2" : "분기점",
        "DETAIL_SPO" : "분기점",
        "ETC_MATTER" : " ",
        "MNTN_NM" : "덕동산",
        "PAST_SPOT_" : "4122004010043",
        "MNTN_ID" : "412200401"
      },
      "geometry" : {
        "x" : 208907.84860000107,
        "y" : 488607.48970000446
      }
    },
    {
      "attributes" : {
        "FID" : 43,
        "PMNTN_SPOT" : 20450,
        "MNTN_CODE" : "412200104",
        "MANAGE_SP1" : "02",
        "MANAGE_SP2" : "분기점",
        "DETAIL_SPO" : "분기점",
        "ETC_MATTER" : " ",
        "MNTN_NM" : "덕동산",
        "PAST_SPOT_" : "4122004010044",
        "MNTN_ID" : "412200401"
      },
      "geometry" : {
        "x" : 208911.7041000016,
        "y" : 488636.18249999918
      }
    },
    {
      "attributes" : {
        "FID" : 44,
        "PMNTN_SPOT" : 20451,
        "MNTN_CODE" : "412200104",
        "MANAGE_SP1" : "02",
        "MANAGE_SP2" : "분기점",
        "DETAIL_SPO" : "분기점",
        "ETC_MATTER" : " ",
        "MNTN_NM" : "덕동산",
        "PAST_SPOT_" : "4122004010045",
        "MNTN_ID" : "412200401"
      },
      "geometry" : {
        "x" : 208918.1091000028,
        "y" : 488629.59130000137
      }
    },
    {
      "attributes" : {
        "FID" : 45,
        "PMNTN_SPOT" : 20452,
        "MNTN_CODE" : "412200104",
        "MANAGE_SP1" : "02",
        "MANAGE_SP2" : "분기점",
        "DETAIL_SPO" : "분기점",
        "ETC_MATTER" : " ",
        "MNTN_NM" : "덕동산",
        "PAST_SPOT_" : "4122004010046",
        "MNTN_ID" : "412200401"
      },
      "geometry" : {
        "x" : 208922.07300000079,
        "y" : 488665.64660000242
      }
    },
    {
      "attributes" : {
        "FID" : 46,
        "PMNTN_SPOT" : 20453,
        "MNTN_CODE" : "412200104",
        "MANAGE_SP1" : "02",
        "MANAGE_SP2" : "분기점",
        "DETAIL_SPO" : "분기점",
        "ETC_MATTER" : " ",
        "MNTN_NM" : "덕동산",
        "PAST_SPOT_" : "4122004010047",
        "MNTN_ID" : "412200401"
      },
      "geometry" : {
        "x" : 208949.62220000103,
        "y" : 488786.76799999923
      }
    },
    {
      "attributes" : {
        "FID" : 47,
        "PMNTN_SPOT" : 20454,
        "MNTN_CODE" : "412200104",
        "MANAGE_SP1" : "02",
        "MANAGE_SP2" : "분기점",
        "DETAIL_SPO" : "분기점",
        "ETC_MATTER" : " ",
        "MNTN_NM" : "덕동산",
        "PAST_SPOT_" : "4122004010048",
        "MNTN_ID" : "412200401"
      },
      "geometry" : {
        "x" : 208955.91220000107,
        "y" : 488617.87230000272
      }
    },
    {
      "attributes" : {
        "FID" : 48,
        "PMNTN_SPOT" : 20455,
        "MNTN_CODE" : "412200104",
        "MANAGE_SP1" : "02",
        "MANAGE_SP2" : "분기점",
        "DETAIL_SPO" : "분기점",
        "ETC_MATTER" : " ",
        "MNTN_NM" : "덕동산",
        "PAST_SPOT_" : "4122004010049",
        "MNTN_ID" : "412200401"
      },
      "geometry" : {
        "x" : 208958.73200000171,
        "y" : 488617.65080000088
      }
    },
    {
      "attributes" : {
        "FID" : 49,
        "PMNTN_SPOT" : 20456,
        "MNTN_CODE" : "412200104",
        "MANAGE_SP1" : "02",
        "MANAGE_SP2" : "분기점",
        "DETAIL_SPO" : "분기점",
        "ETC_MATTER" : " ",
        "MNTN_NM" : "덕동산",
        "PAST_SPOT_" : "4122004010050",
        "MNTN_ID" : "412200401"
      },
      "geometry" : {
        "x" : 208970.64500000048,
        "y" : 488819.55289999954
      }
    },
    {
      "attributes" : {
        "FID" : 50,
        "PMNTN_SPOT" : 20457,
        "MNTN_CODE" : "412200104",
        "MANAGE_SP1" : "01",
        "MANAGE_SP2" : "시종점",
        "DETAIL_SPO" : "시종점",
        "ETC_MATTER" : " ",
        "MNTN_NM" : "덕동산",
        "PAST_SPOT_" : "4122004010051",
        "MNTN_ID" : "412200401"
      },
      "geometry" : {
        "x" : 208975.84850000218,
        "y" : 488903.11830000393
      }
    },
    {
      "attributes" : {
        "FID" : 51,
        "PMNTN_SPOT" : 20458,
        "MNTN_CODE" : "412200104",
        "MANAGE_SP1" : "02",
        "MANAGE_SP2" : "분기점",
        "DETAIL_SPO" : "분기점",
        "ETC_MATTER" : " ",
        "MNTN_NM" : "덕동산",
        "PAST_SPOT_" : "4122004010052",
        "MNTN_ID" : "412200401"
      },
      "geometry" : {
        "x" : 208991.42640000023,
        "y" : 488798.63090000302
      }
    },
    {
      "attributes" : {
        "FID" : 52,
        "PMNTN_SPOT" : 20459,
        "MNTN_CODE" : "412200104",
        "MANAGE_SP1" : "02",
        "MANAGE_SP2" : "분기점",
        "DETAIL_SPO" : "분기점",
        "ETC_MATTER" : " ",
        "MNTN_NM" : "덕동산",
        "PAST_SPOT_" : "4122004010053",
        "MNTN_ID" : "412200401"
      },
      "geometry" : {
        "x" : 209032.5418000007,
        "y" : 488772.55389999785
      }
    },
    {
      "attributes" : {
        "FID" : 53,
        "PMNTN_SPOT" : 20460,
        "MNTN_CODE" : "412200104",
        "MANAGE_SP1" : "01",
        "MANAGE_SP2" : "시종점",
        "DETAIL_SPO" : "시종점",
        "ETC_MATTER" : " ",
        "MNTN_NM" : "덕동산",
        "PAST_SPOT_" : "4122004010054",
        "MNTN_ID" : "412200401"
      },
      "geometry" : {
        "x" : 209035.51230000146,
        "y" : 488920.287200002
      }
    },
    {
      "attributes" : {
        "FID" : 54,
        "PMNTN_SPOT" : 20461,
        "MNTN_CODE" : "412200104",
        "MANAGE_SP1" : "01",
        "MANAGE_SP2" : "시종점",
        "DETAIL_SPO" : "시종점",
        "ETC_MATTER" : " ",
        "MNTN_NM" : "덕동산",
        "PAST_SPOT_" : "4122004010055",
        "MNTN_ID" : "412200401"
      },
      "geometry" : {
        "x" : 209055.06660000142,
        "y" : 488819.90860000066
      }
    },
    {
      "attributes" : {
        "FID" : 55,
        "PMNTN_SPOT" : 20462,
        "MNTN_CODE" : "412200104",
        "MANAGE_SP1" : "02",
        "MANAGE_SP2" : "분기점",
        "DETAIL_SPO" : "분기점",
        "ETC_MATTER" : " ",
        "MNTN_NM" : "덕동산",
        "PAST_SPOT_" : "4122004010056",
        "MNTN_ID" : "412200401"
      },
      "geometry" : {
        "x" : 209058.00109999906,
        "y" : 488920.65809999965
      }
    },
    {
      "attributes" : {
        "FID" : 56,
        "PMNTN_SPOT" : 20463,
        "MNTN_CODE" : "412200104",
        "MANAGE_SP1" : "02",
        "MANAGE_SP2" : "분기점",
        "DETAIL_SPO" : "분기점",
        "ETC_MATTER" : " ",
        "MNTN_NM" : "덕동산",
        "PAST_SPOT_" : "4122004010057",
        "MNTN_ID" : "412200401"
      },
      "geometry" : {
        "x" : 209065.71280000173,
        "y" : 488942.8833000008
      }
    },
    {
      "attributes" : {
        "FID" : 57,
        "PMNTN_SPOT" : 20464,
        "MNTN_CODE" : "412200104",
        "MANAGE_SP1" : "02",
        "MANAGE_SP2" : "분기점",
        "DETAIL_SPO" : "분기점",
        "ETC_MATTER" : " ",
        "MNTN_NM" : "덕동산",
        "PAST_SPOT_" : "4122004010058",
        "MNTN_ID" : "412200401"
      },
      "geometry" : {
        "x" : 209077.70920000039,
        "y" : 488834.22410000116
      }
    },
    {
      "attributes" : {
        "FID" : 58,
        "PMNTN_SPOT" : 20465,
        "MNTN_CODE" : "412200104",
        "MANAGE_SP1" : "02",
        "MANAGE_SP2" : "분기점",
        "DETAIL_SPO" : "분기점",
        "ETC_MATTER" : " ",
        "MNTN_NM" : "덕동산",
        "PAST_SPOT_" : "4122004010059",
        "MNTN_ID" : "412200401"
      },
      "geometry" : {
        "x" : 209093.68330000062,
        "y" : 488935.97410000116
      }
    },
    {
      "attributes" : {
        "FID" : 59,
        "PMNTN_SPOT" : 20466,
        "MNTN_CODE" : "412200104",
        "MANAGE_SP1" : "02",
        "MANAGE_SP2" : "분기점",
        "DETAIL_SPO" : "분기점",
        "ETC_MATTER" : " ",
        "MNTN_NM" : "덕동산",
        "PAST_SPOT_" : "4122004010060",
        "MNTN_ID" : "412200401"
      },
      "geometry" : {
        "x" : 209106.34220000263,
        "y" : 488926.15350000001
      }
    },
    {
      "attributes" : {
        "FID" : 60,
        "PMNTN_SPOT" : 20467,
        "MNTN_CODE" : "412200104",
        "MANAGE_SP1" : "02",
        "MANAGE_SP2" : "분기점",
        "DETAIL_SPO" : "분기점",
        "ETC_MATTER" : " ",
        "MNTN_NM" : "덕동산",
        "PAST_SPOT_" : "4122004010061",
        "MNTN_ID" : "412200401"
      },
      "geometry" : {
        "x" : 209117.05280000065,
        "y" : 488883.45969999954
      }
    },
    {
      "attributes" : {
        "FID" : 61,
        "PMNTN_SPOT" : 20468,
        "MNTN_CODE" : "412200104",
        "MANAGE_SP1" : "02",
        "MANAGE_SP2" : "분기점",
        "DETAIL_SPO" : "분기점",
        "ETC_MATTER" : " ",
        "MNTN_NM" : "덕동산",
        "PAST_SPOT_" : "4122004010062",
        "MNTN_ID" : "412200401"
      },
      "geometry" : {
        "x" : 209121.49700000044,
        "y" : 488960.37900000252
      }
    },
    {
      "attributes" : {
        "FID" : 62,
        "PMNTN_SPOT" : 20469,
        "MNTN_CODE" : "412200104",
        "MANAGE_SP1" : "02",
        "MANAGE_SP2" : "분기점",
        "DETAIL_SPO" : "분기점",
        "ETC_MATTER" : " ",
        "MNTN_NM" : "덕동산",
        "PAST_SPOT_" : "4122004010063",
        "MNTN_ID" : "412200401"
      },
      "geometry" : {
        "x" : 209136.54270000011,
        "y" : 488842.93920000084
      }
    }
  ]
}