{
  "displayFieldName" : "",
  "fieldAliases" : {
    "FID" : "FID",
    "PMNTN_SPOT" : "PMNTN_SPOT",
    "MNTN_CODE" : "MNTN_CODE",
    "MANAGE_SP1" : "MANAGE_SP1",
    "MANAGE_SP2" : "MANAGE_SP2",
    "DETAIL_SPO" : "DETAIL_SPO",
    "ETC_MATTER" : "ETC_MATTER",
    "MNTN_NM" : "MNTN_NM",
    "PAST_SPOT_" : "PAST_SPOT_",
    "MNTN_ID" : "MNTN_ID"
  },
  "geometryType" : "esriGeometryPoint",
  "spatialReference" : {
    "wkt" : "PROJCS[\"PCS_ITRF2000_TM\",GEOGCS[\"GCS_ITRF_2000\",DATUM[\"D_ITRF_2000\",SPHEROID[\"GRS_1980\",6378137.0,298.257222101]],PRIMEM[\"Greenwich\",0.0],UNIT[\"Degree\",0.0174532925199433]],PROJECTION[\"Transverse_Mercator\"],PARAMETER[\"False_Easting\",200000.0],PARAMETER[\"False_Northing\",600000.0],PARAMETER[\"Central_Meridian\",127.0],PARAMETER[\"Scale_Factor\",1.0],PARAMETER[\"Latitude_Of_Origin\",38.0],UNIT[\"Meter\",1.0]]"
  },
  "fields" : [
    {
      "name" : "FID",
      "type" : "esriFieldTypeOID",
      "alias" : "FID"
    },
    {
      "name" : "PMNTN_SPOT",
      "type" : "esriFieldTypeDouble",
      "alias" : "PMNTN_SPOT"
    },
    {
      "name" : "MNTN_CODE",
      "type" : "esriFieldTypeString",
      "alias" : "MNTN_CODE",
      "length" : 9
    },
    {
      "name" : "MANAGE_SP1",
      "type" : "esriFieldTypeString",
      "alias" : "MANAGE_SP1",
      "length" : 2
    },
    {
      "name" : "MANAGE_SP2",
      "type" : "esriFieldTypeString",
      "alias" : "MANAGE_SP2",
      "length" : 50
    },
    {
      "name" : "DETAIL_SPO",
      "type" : "esriFieldTypeString",
      "alias" : "DETAIL_SPO",
      "length" : 200
    },
    {
      "name" : "ETC_MATTER",
      "type" : "esriFieldTypeString",
      "alias" : "ETC_MATTER",
      "length" : 200
    },
    {
      "name" : "MNTN_NM",
      "type" : "esriFieldTypeString",
      "alias" : "MNTN_NM",
      "length" : 50
    },
    {
      "name" : "PAST_SPOT_",
      "type" : "esriFieldTypeString",
      "alias" : "PAST_SPOT_",
      "length" : 14
    },
    {
      "name" : "MNTN_ID",
      "type" : "esriFieldTypeString",
      "alias" : "MNTN_ID",
      "length" : 10
    }
  ],
  "features" : [
    {
      "attributes" : {
        "FID" : 0,
        "PMNTN_SPOT" : 93803,
        "MNTN_CODE" : "479204001",
        "MANAGE_SP1" : "01",
        "MANAGE_SP2" : "시종점",
        "DETAIL_SPO" : "시종점",
        "ETC_MATTER" : " ",
        "MNTN_NM" : "화장산",
        "PAST_SPOT_" : "4792040010001",
        "MNTN_ID" : "479204001"
      },
      "geometry" : {
        "x" : 374278.92970000021,
        "y" : 483490.38779999875
      }
    },
    {
      "attributes" : {
        "FID" : 1,
        "PMNTN_SPOT" : 93804,
        "MNTN_CODE" : "479204001",
        "MANAGE_SP1" : "01",
        "MANAGE_SP2" : "시종점",
        "DETAIL_SPO" : "시종점",
        "ETC_MATTER" : " ",
        "MNTN_NM" : "화장산",
        "PAST_SPOT_" : "4792040010002",
        "MNTN_ID" : "479204001"
      },
      "geometry" : {
        "x" : 376523.04400000069,
        "y" : 482849.76850000396
      }
    },
    {
      "attributes" : {
        "FID" : 2,
        "PMNTN_SPOT" : 100256,
        "MNTN_CODE" : "479204001",
        "MANAGE_SP1" : "13",
        "MANAGE_SP2" : "유적(문화, 역사)",
        "DETAIL_SPO" : "화장암",
        "ETC_MATTER" : " ",
        "MNTN_NM" : "화장산",
        "PAST_SPOT_" : "4792040010003",
        "MNTN_ID" : "479204001"
      },
      "geometry" : {
        "x" : 376134.11270000099,
        "y" : 483566.21890000097
      }
    },
    {
      "attributes" : {
        "FID" : 3,
        "PMNTN_SPOT" : 100257,
        "MNTN_CODE" : "479204001",
        "MANAGE_SP1" : "14",
        "MANAGE_SP2" : "조망점",
        "DETAIL_SPO" : "조망점",
        "ETC_MATTER" : " ",
        "MNTN_NM" : "화장산",
        "PAST_SPOT_" : "4792040010004",
        "MNTN_ID" : "479204001"
      },
      "geometry" : {
        "x" : 375924.15149999887,
        "y" : 483746.81530000048
      }
    },
    {
      "attributes" : {
        "FID" : 4,
        "PMNTN_SPOT" : 100258,
        "MNTN_CODE" : "479204001",
        "MANAGE_SP1" : "15",
        "MANAGE_SP2" : "훼손지",
        "DETAIL_SPO" : "훼손지",
        "ETC_MATTER" : " ",
        "MNTN_NM" : "화장산",
        "PAST_SPOT_" : "4792040010005",
        "MNTN_ID" : "479204001"
      },
      "geometry" : {
        "x" : 374561.50559999747,
        "y" : 483528.3469999989
      }
    },
    {
      "attributes" : {
        "FID" : 5,
        "PMNTN_SPOT" : 100259,
        "MNTN_CODE" : "479204001",
        "MANAGE_SP1" : "99",
        "MANAGE_SP2" : "기타",
        "DETAIL_SPO" : "삼각점",
        "ETC_MATTER" : " ",
        "MNTN_NM" : "화장산",
        "PAST_SPOT_" : "4792040010006",
        "MNTN_ID" : "479204001"
      },
      "geometry" : {
        "x" : 374292.58809999976,
        "y" : 483493.67249999905
      }
    }
  ]
}