{
  "displayFieldName" : "",
  "fieldAliases" : {
    "FID" : "FID",
    "PMNTN_SPOT" : "PMNTN_SPOT",
    "MNTN_CODE" : "MNTN_CODE",
    "MANAGE_SP1" : "MANAGE_SP1",
    "MANAGE_SP2" : "MANAGE_SP2",
    "DETAIL_SPO" : "DETAIL_SPO",
    "ETC_MATTER" : "ETC_MATTER",
    "MNTN_NM" : "MNTN_NM",
    "PAST_SPOT_" : "PAST_SPOT_",
    "MNTN_ID" : "MNTN_ID"
  },
  "geometryType" : "esriGeometryPoint",
  "spatialReference" : {
    "wkt" : "PROJCS[\"PCS_ITRF2000_TM\",GEOGCS[\"GCS_ITRF_2000\",DATUM[\"D_ITRF_2000\",SPHEROID[\"GRS_1980\",6378137.0,298.257222101]],PRIMEM[\"Greenwich\",0.0],UNIT[\"Degree\",0.0174532925199433]],PROJECTION[\"Transverse_Mercator\"],PARAMETER[\"False_Easting\",200000.0],PARAMETER[\"False_Northing\",600000.0],PARAMETER[\"Central_Meridian\",127.0],PARAMETER[\"Scale_Factor\",1.0],PARAMETER[\"Latitude_Of_Origin\",38.0],UNIT[\"Meter\",1.0]]"
  },
  "fields" : [
    {
      "name" : "FID",
      "type" : "esriFieldTypeOID",
      "alias" : "FID"
    },
    {
      "name" : "PMNTN_SPOT",
      "type" : "esriFieldTypeDouble",
      "alias" : "PMNTN_SPOT"
    },
    {
      "name" : "MNTN_CODE",
      "type" : "esriFieldTypeString",
      "alias" : "MNTN_CODE",
      "length" : 9
    },
    {
      "name" : "MANAGE_SP1",
      "type" : "esriFieldTypeString",
      "alias" : "MANAGE_SP1",
      "length" : 2
    },
    {
      "name" : "MANAGE_SP2",
      "type" : "esriFieldTypeString",
      "alias" : "MANAGE_SP2",
      "length" : 50
    },
    {
      "name" : "DETAIL_SPO",
      "type" : "esriFieldTypeString",
      "alias" : "DETAIL_SPO",
      "length" : 200
    },
    {
      "name" : "ETC_MATTER",
      "type" : "esriFieldTypeString",
      "alias" : "ETC_MATTER",
      "length" : 200
    },
    {
      "name" : "MNTN_NM",
      "type" : "esriFieldTypeString",
      "alias" : "MNTN_NM",
      "length" : 50
    },
    {
      "name" : "PAST_SPOT_",
      "type" : "esriFieldTypeString",
      "alias" : "PAST_SPOT_",
      "length" : 14
    },
    {
      "name" : "MNTN_ID",
      "type" : "esriFieldTypeString",
      "alias" : "MNTN_ID",
      "length" : 10
    }
  ],
  "features" : [
    {
      "attributes" : {
        "FID" : 0,
        "PMNTN_SPOT" : 47887,
        "MNTN_CODE" : "461100401",
        "MANAGE_SP1" : "11",
        "MANAGE_SP2" : "안내판또는지도",
        "DETAIL_SPO" : "안내판",
        "ETC_MATTER" : " ",
        "MNTN_NM" : "산정산",
        "PAST_SPOT_" : "4611004010001",
        "MNTN_ID" : "461100401"
      },
      "geometry" : {
        "x" : 143057.25470000133,
        "y" : 245715.28319999948
      }
    },
    {
      "attributes" : {
        "FID" : 1,
        "PMNTN_SPOT" : 47888,
        "MNTN_CODE" : "461100401",
        "MANAGE_SP1" : "08",
        "MANAGE_SP2" : "가로등",
        "DETAIL_SPO" : "가로등",
        "ETC_MATTER" : " ",
        "MNTN_NM" : "산정산",
        "PAST_SPOT_" : "4611004010002",
        "MNTN_ID" : "461100401"
      },
      "geometry" : {
        "x" : 143065.00970000122,
        "y" : 245723.96520000137
      }
    },
    {
      "attributes" : {
        "FID" : 2,
        "PMNTN_SPOT" : 47889,
        "MNTN_CODE" : "461100401",
        "MANAGE_SP1" : "08",
        "MANAGE_SP2" : "가로등",
        "DETAIL_SPO" : "가로등,안내판,등산로전경",
        "ETC_MATTER" : " ",
        "MNTN_NM" : "산정산",
        "PAST_SPOT_" : "4611004010003",
        "MNTN_ID" : "461100401"
      },
      "geometry" : {
        "x" : 143194.67770000082,
        "y" : 245789.02419999987
      }
    },
    {
      "attributes" : {
        "FID" : 3,
        "PMNTN_SPOT" : 47890,
        "MNTN_CODE" : "461100401",
        "MANAGE_SP1" : "11",
        "MANAGE_SP2" : "안내판또는지도",
        "DETAIL_SPO" : "안내판",
        "ETC_MATTER" : " ",
        "MNTN_NM" : "산정산",
        "PAST_SPOT_" : "4611004010004",
        "MNTN_ID" : "461100401"
      },
      "geometry" : {
        "x" : 143227.72269999981,
        "y" : 245801.39220000058
      }
    },
    {
      "attributes" : {
        "FID" : 4,
        "PMNTN_SPOT" : 47891,
        "MNTN_CODE" : "461100401",
        "MANAGE_SP1" : "11",
        "MANAGE_SP2" : "안내판또는지도",
        "DETAIL_SPO" : "안내판",
        "ETC_MATTER" : " ",
        "MNTN_NM" : "산정산",
        "PAST_SPOT_" : "4611004010005",
        "MNTN_ID" : "461100401"
      },
      "geometry" : {
        "x" : 143244.66469999962,
        "y" : 245798.75119999982
      }
    },
    {
      "attributes" : {
        "FID" : 5,
        "PMNTN_SPOT" : 47892,
        "MNTN_CODE" : "461100401",
        "MANAGE_SP1" : "08",
        "MANAGE_SP2" : "가로등",
        "DETAIL_SPO" : "가로등,운동기구",
        "ETC_MATTER" : " ",
        "MNTN_NM" : "산정산",
        "PAST_SPOT_" : "4611004010006",
        "MNTN_ID" : "461100401"
      },
      "geometry" : {
        "x" : 143271.85770000052,
        "y" : 245809.00320000015
      }
    },
    {
      "attributes" : {
        "FID" : 6,
        "PMNTN_SPOT" : 47893,
        "MNTN_CODE" : "461100401",
        "MANAGE_SP1" : "07",
        "MANAGE_SP2" : "시설물(운동기구 등)",
        "DETAIL_SPO" : "운동기구",
        "ETC_MATTER" : " ",
        "MNTN_NM" : "산정산",
        "PAST_SPOT_" : "4611004010007",
        "MNTN_ID" : "461100401"
      },
      "geometry" : {
        "x" : 143300.05270000175,
        "y" : 245802.12719999999
      }
    },
    {
      "attributes" : {
        "FID" : 7,
        "PMNTN_SPOT" : 47894,
        "MNTN_CODE" : "461100401",
        "MANAGE_SP1" : "08",
        "MANAGE_SP2" : "가로등",
        "DETAIL_SPO" : "가로등,벤치,운동기구",
        "ETC_MATTER" : " ",
        "MNTN_NM" : "산정산",
        "PAST_SPOT_" : "4611004010008",
        "MNTN_ID" : "461100401"
      },
      "geometry" : {
        "x" : 143316.56970000081,
        "y" : 245784.8732000012
      }
    },
    {
      "attributes" : {
        "FID" : 8,
        "PMNTN_SPOT" : 47895,
        "MNTN_CODE" : "461100401",
        "MANAGE_SP1" : "05",
        "MANAGE_SP2" : "벤치",
        "DETAIL_SPO" : "벤치,운동기구",
        "ETC_MATTER" : " ",
        "MNTN_NM" : "산정산",
        "PAST_SPOT_" : "4611004010009",
        "MNTN_ID" : "461100401"
      },
      "geometry" : {
        "x" : 143372.16370000038,
        "y" : 245761.731200004
      }
    },
    {
      "attributes" : {
        "FID" : 9,
        "PMNTN_SPOT" : 47896,
        "MNTN_CODE" : "461100401",
        "MANAGE_SP1" : "05",
        "MANAGE_SP2" : "벤치",
        "DETAIL_SPO" : "벤치",
        "ETC_MATTER" : " ",
        "MNTN_NM" : "산정산",
        "PAST_SPOT_" : "4611004010010",
        "MNTN_ID" : "461100401"
      },
      "geometry" : {
        "x" : 143403.22970000096,
        "y" : 245781.45519999973
      }
    },
    {
      "attributes" : {
        "FID" : 10,
        "PMNTN_SPOT" : 47897,
        "MNTN_CODE" : "461100401",
        "MANAGE_SP1" : "99",
        "MANAGE_SP2" : "기타",
        "DETAIL_SPO" : "무덤",
        "ETC_MATTER" : " ",
        "MNTN_NM" : "산정산",
        "PAST_SPOT_" : "4611004010011",
        "MNTN_ID" : "461100401"
      },
      "geometry" : {
        "x" : 143417.28170000017,
        "y" : 245814.45720000006
      }
    },
    {
      "attributes" : {
        "FID" : 11,
        "PMNTN_SPOT" : 47898,
        "MNTN_CODE" : "461100401",
        "MANAGE_SP1" : "11",
        "MANAGE_SP2" : "안내판또는지도",
        "DETAIL_SPO" : "안내판",
        "ETC_MATTER" : " ",
        "MNTN_NM" : "산정산",
        "PAST_SPOT_" : "4611004010012",
        "MNTN_ID" : "461100401"
      },
      "geometry" : {
        "x" : 143482.82269999944,
        "y" : 245820.25420000404
      }
    },
    {
      "attributes" : {
        "FID" : 12,
        "PMNTN_SPOT" : 47899,
        "MNTN_CODE" : "461100401",
        "MANAGE_SP1" : "05",
        "MANAGE_SP2" : "벤치",
        "DETAIL_SPO" : "벤치,노선내분기",
        "ETC_MATTER" : " ",
        "MNTN_NM" : "산정산",
        "PAST_SPOT_" : "4611004010013",
        "MNTN_ID" : "461100401"
      },
      "geometry" : {
        "x" : 143373.23770000041,
        "y" : 245722.04120000266
      }
    },
    {
      "attributes" : {
        "FID" : 13,
        "PMNTN_SPOT" : 47900,
        "MNTN_CODE" : "461100401",
        "MANAGE_SP1" : "08",
        "MANAGE_SP2" : "가로등",
        "DETAIL_SPO" : "가로등",
        "ETC_MATTER" : " ",
        "MNTN_NM" : "산정산",
        "PAST_SPOT_" : "4611004010014",
        "MNTN_ID" : "461100401"
      },
      "geometry" : {
        "x" : 143434.21669999883,
        "y" : 245630.87220000103
      }
    },
    {
      "attributes" : {
        "FID" : 14,
        "PMNTN_SPOT" : 47901,
        "MNTN_CODE" : "461100401",
        "MANAGE_SP1" : "99",
        "MANAGE_SP2" : "기타",
        "DETAIL_SPO" : "비석",
        "ETC_MATTER" : " ",
        "MNTN_NM" : "산정산",
        "PAST_SPOT_" : "4611004010015",
        "MNTN_ID" : "461100401"
      },
      "geometry" : {
        "x" : 143438.84470000025,
        "y" : 245606.37219999917
      }
    },
    {
      "attributes" : {
        "FID" : 15,
        "PMNTN_SPOT" : 47902,
        "MNTN_CODE" : "461100401",
        "MANAGE_SP1" : "11",
        "MANAGE_SP2" : "안내판또는지도",
        "DETAIL_SPO" : "안내판",
        "ETC_MATTER" : " ",
        "MNTN_NM" : "산정산",
        "PAST_SPOT_" : "4611004010016",
        "MNTN_ID" : "461100401"
      },
      "geometry" : {
        "x" : 143433.90070000105,
        "y" : 245569.70220000111
      }
    },
    {
      "attributes" : {
        "FID" : 16,
        "PMNTN_SPOT" : 47903,
        "MNTN_CODE" : "461100401",
        "MANAGE_SP1" : "99",
        "MANAGE_SP2" : "기타",
        "DETAIL_SPO" : "등산로전경",
        "ETC_MATTER" : " ",
        "MNTN_NM" : "산정산",
        "PAST_SPOT_" : "4611004010017",
        "MNTN_ID" : "461100401"
      },
      "geometry" : {
        "x" : 143523.67569999956,
        "y" : 245626.8741999995
      }
    },
    {
      "attributes" : {
        "FID" : 17,
        "PMNTN_SPOT" : 47904,
        "MNTN_CODE" : "461100401",
        "MANAGE_SP1" : "01",
        "MANAGE_SP2" : "시종점",
        "DETAIL_SPO" : "시종점",
        "ETC_MATTER" : " ",
        "MNTN_NM" : "산정산",
        "PAST_SPOT_" : "4611004010018",
        "MNTN_ID" : "461100401"
      },
      "geometry" : {
        "x" : 143052.16360000055,
        "y" : 245674.48480000161
      }
    },
    {
      "attributes" : {
        "FID" : 18,
        "PMNTN_SPOT" : 47905,
        "MNTN_CODE" : "461100401",
        "MANAGE_SP1" : "02",
        "MANAGE_SP2" : "분기점",
        "DETAIL_SPO" : "분기점",
        "ETC_MATTER" : " ",
        "MNTN_NM" : "산정산",
        "PAST_SPOT_" : "4611004010019",
        "MNTN_ID" : "461100401"
      },
      "geometry" : {
        "x" : 143336.99789999984,
        "y" : 245774.63189999945
      }
    },
    {
      "attributes" : {
        "FID" : 19,
        "PMNTN_SPOT" : 47906,
        "MNTN_CODE" : "461100401",
        "MANAGE_SP1" : "02",
        "MANAGE_SP2" : "분기점",
        "DETAIL_SPO" : "분기점",
        "ETC_MATTER" : " ",
        "MNTN_NM" : "산정산",
        "PAST_SPOT_" : "4611004010020",
        "MNTN_ID" : "461100401"
      },
      "geometry" : {
        "x" : 143391.32740000077,
        "y" : 245758.6857000012
      }
    },
    {
      "attributes" : {
        "FID" : 20,
        "PMNTN_SPOT" : 47907,
        "MNTN_CODE" : "461100401",
        "MANAGE_SP1" : "01",
        "MANAGE_SP2" : "시종점",
        "DETAIL_SPO" : "시종점",
        "ETC_MATTER" : " ",
        "MNTN_NM" : "산정산",
        "PAST_SPOT_" : "4611004010021",
        "MNTN_ID" : "461100401"
      },
      "geometry" : {
        "x" : 143424.3507000003,
        "y" : 245556.37820000388
      }
    },
    {
      "attributes" : {
        "FID" : 21,
        "PMNTN_SPOT" : 47908,
        "MNTN_CODE" : "461100401",
        "MANAGE_SP1" : "01",
        "MANAGE_SP2" : "시종점",
        "DETAIL_SPO" : "시종점",
        "ETC_MATTER" : " ",
        "MNTN_NM" : "산정산",
        "PAST_SPOT_" : "4611004010022",
        "MNTN_ID" : "461100401"
      },
      "geometry" : {
        "x" : 143506.69249999989,
        "y" : 245811.92330000177
      }
    },
    {
      "attributes" : {
        "FID" : 22,
        "PMNTN_SPOT" : 47909,
        "MNTN_CODE" : "461100401",
        "MANAGE_SP1" : "01",
        "MANAGE_SP2" : "시종점",
        "DETAIL_SPO" : "시종점",
        "ETC_MATTER" : " ",
        "MNTN_NM" : "산정산",
        "PAST_SPOT_" : "4611004010023",
        "MNTN_ID" : "461100401"
      },
      "geometry" : {
        "x" : 143592.50270000007,
        "y" : 245610.87920000032
      }
    },
    {
      "attributes" : {
        "FID" : 23,
        "PMNTN_SPOT" : 97480,
        "MNTN_CODE" : "461100401",
        "MANAGE_SP1" : "11",
        "MANAGE_SP2" : "안내판또는지도",
        "DETAIL_SPO" : "안내판또는지도",
        "ETC_MATTER" : " ",
        "MNTN_NM" : "산정산",
        "PAST_SPOT_" : "4611004010024",
        "MNTN_ID" : "461100401"
      },
      "geometry" : {
        "x" : 143506.31970000063,
        "y" : 245811.18319999985
      }
    },
    {
      "attributes" : {
        "FID" : 24,
        "PMNTN_SPOT" : 97481,
        "MNTN_CODE" : "461100401",
        "MANAGE_SP1" : "11",
        "MANAGE_SP2" : "안내판또는지도",
        "DETAIL_SPO" : "안내판또는지도",
        "ETC_MATTER" : " ",
        "MNTN_NM" : "산정산",
        "PAST_SPOT_" : "4611004010025",
        "MNTN_ID" : "461100401"
      },
      "geometry" : {
        "x" : 143423.95969999913,
        "y" : 245556.27219999954
      }
    },
    {
      "attributes" : {
        "FID" : 25,
        "PMNTN_SPOT" : 97482,
        "MNTN_CODE" : "461100401",
        "MANAGE_SP1" : "14",
        "MANAGE_SP2" : "조망점",
        "DETAIL_SPO" : "등산로전경",
        "ETC_MATTER" : " ",
        "MNTN_NM" : "산정산",
        "PAST_SPOT_" : "4611004010026",
        "MNTN_ID" : "461100401"
      },
      "geometry" : {
        "x" : 143592.68970000016,
        "y" : 245610.56719999952
      }
    }
  ]
}