{
  "displayFieldName" : "",
  "fieldAliases" : {
    "FID" : "FID",
    "PMNTN_SPOT" : "PMNTN_SPOT",
    "MNTN_CODE" : "MNTN_CODE",
    "MANAGE_SP1" : "MANAGE_SP1",
    "MANAGE_SP2" : "MANAGE_SP2",
    "DETAIL_SPO" : "DETAIL_SPO",
    "ETC_MATTER" : "ETC_MATTER",
    "MNTN_NM" : "MNTN_NM",
    "PAST_SPOT_" : "PAST_SPOT_",
    "MNTN_ID" : "MNTN_ID"
  },
  "geometryType" : "esriGeometryPoint",
  "spatialReference" : {
    "wkt" : "PROJCS[\"PCS_ITRF2000_TM\",GEOGCS[\"GCS_ITRF_2000\",DATUM[\"D_ITRF_2000\",SPHEROID[\"GRS_1980\",6378137.0,298.257222101]],PRIMEM[\"Greenwich\",0.0],UNIT[\"Degree\",0.0174532925199433]],PROJECTION[\"Transverse_Mercator\"],PARAMETER[\"False_Easting\",200000.0],PARAMETER[\"False_Northing\",600000.0],PARAMETER[\"Central_Meridian\",127.0],PARAMETER[\"Scale_Factor\",1.0],PARAMETER[\"Latitude_Of_Origin\",38.0],UNIT[\"Meter\",1.0]]"
  },
  "fields" : [
    {
      "name" : "FID",
      "type" : "esriFieldTypeOID",
      "alias" : "FID"
    },
    {
      "name" : "PMNTN_SPOT",
      "type" : "esriFieldTypeDouble",
      "alias" : "PMNTN_SPOT"
    },
    {
      "name" : "MNTN_CODE",
      "type" : "esriFieldTypeString",
      "alias" : "MNTN_CODE",
      "length" : 9
    },
    {
      "name" : "MANAGE_SP1",
      "type" : "esriFieldTypeString",
      "alias" : "MANAGE_SP1",
      "length" : 2
    },
    {
      "name" : "MANAGE_SP2",
      "type" : "esriFieldTypeString",
      "alias" : "MANAGE_SP2",
      "length" : 50
    },
    {
      "name" : "DETAIL_SPO",
      "type" : "esriFieldTypeString",
      "alias" : "DETAIL_SPO",
      "length" : 200
    },
    {
      "name" : "ETC_MATTER",
      "type" : "esriFieldTypeString",
      "alias" : "ETC_MATTER",
      "length" : 200
    },
    {
      "name" : "MNTN_NM",
      "type" : "esriFieldTypeString",
      "alias" : "MNTN_NM",
      "length" : 50
    },
    {
      "name" : "PAST_SPOT_",
      "type" : "esriFieldTypeString",
      "alias" : "PAST_SPOT_",
      "length" : 14
    },
    {
      "name" : "MNTN_ID",
      "type" : "esriFieldTypeString",
      "alias" : "MNTN_ID",
      "length" : 10
    }
  ],
  "features" : [
    {
      "attributes" : {
        "FID" : 0,
        "PMNTN_SPOT" : 189,
        "MNTN_CODE" : "301103004",
        "MANAGE_SP1" : "01",
        "MANAGE_SP2" : "시종점",
        "DETAIL_SPO" : "시종점",
        "ETC_MATTER" : " ",
        "MNTN_NM" : "138고지",
        "PAST_SPOT_" : "3011030040001",
        "MNTN_ID" : "301103004"
      },
      "geometry" : {
        "x" : 242395.97630000021,
        "y" : 407964.59950000048
      }
    },
    {
      "attributes" : {
        "FID" : 1,
        "PMNTN_SPOT" : 190,
        "MNTN_CODE" : "301103004",
        "MANAGE_SP1" : "01",
        "MANAGE_SP2" : "시종점",
        "DETAIL_SPO" : "시종점",
        "ETC_MATTER" : " ",
        "MNTN_NM" : "138고지",
        "PAST_SPOT_" : "3011030040002",
        "MNTN_ID" : "301103004"
      },
      "geometry" : {
        "x" : 242452.98940000031,
        "y" : 407817.38309999928
      }
    },
    {
      "attributes" : {
        "FID" : 2,
        "PMNTN_SPOT" : 191,
        "MNTN_CODE" : "301103004",
        "MANAGE_SP1" : "01",
        "MANAGE_SP2" : "시종점",
        "DETAIL_SPO" : "시종점",
        "ETC_MATTER" : " ",
        "MNTN_NM" : "138고지",
        "PAST_SPOT_" : "3011030040003",
        "MNTN_ID" : "301103004"
      },
      "geometry" : {
        "x" : 242454.90860000066,
        "y" : 407809.83329999819
      }
    },
    {
      "attributes" : {
        "FID" : 3,
        "PMNTN_SPOT" : 192,
        "MNTN_CODE" : "301103004",
        "MANAGE_SP1" : "01",
        "MANAGE_SP2" : "시종점",
        "DETAIL_SPO" : "시종점",
        "ETC_MATTER" : " ",
        "MNTN_NM" : "138고지",
        "PAST_SPOT_" : "3011030040004",
        "MNTN_ID" : "301103004"
      },
      "geometry" : {
        "x" : 242459.48790000007,
        "y" : 407848.48570000008
      }
    },
    {
      "attributes" : {
        "FID" : 4,
        "PMNTN_SPOT" : 193,
        "MNTN_CODE" : "301103004",
        "MANAGE_SP1" : "02",
        "MANAGE_SP2" : "분기점",
        "DETAIL_SPO" : "분기점",
        "ETC_MATTER" : " ",
        "MNTN_NM" : "138고지",
        "PAST_SPOT_" : "3011030040005",
        "MNTN_ID" : "301103004"
      },
      "geometry" : {
        "x" : 242489.99759999942,
        "y" : 407838.86900000274
      }
    },
    {
      "attributes" : {
        "FID" : 5,
        "PMNTN_SPOT" : 194,
        "MNTN_CODE" : "301103004",
        "MANAGE_SP1" : "02",
        "MANAGE_SP2" : "분기점",
        "DETAIL_SPO" : "분기점",
        "ETC_MATTER" : " ",
        "MNTN_NM" : "138고지",
        "PAST_SPOT_" : "3011030040006",
        "MNTN_ID" : "301103004"
      },
      "geometry" : {
        "x" : 242513.77029999997,
        "y" : 407851.19109999947
      }
    },
    {
      "attributes" : {
        "FID" : 6,
        "PMNTN_SPOT" : 195,
        "MNTN_CODE" : "301103004",
        "MANAGE_SP1" : "02",
        "MANAGE_SP2" : "분기점",
        "DETAIL_SPO" : "분기점",
        "ETC_MATTER" : " ",
        "MNTN_NM" : "138고지",
        "PAST_SPOT_" : "3011030040007",
        "MNTN_ID" : "301103004"
      },
      "geometry" : {
        "x" : 242524.16250000056,
        "y" : 407761.46880000085
      }
    }
  ]
}