{
  "displayFieldName" : "",
  "fieldAliases" : {
    "FID" : "FID",
    "PMNTN_SN" : "PMNTN_SN",
    "MNTN_CODE" : "MNTN_CODE",
    "MNTN_NM" : "MNTN_NM",
    "PMNTN_NM" : "PMNTN_NM",
    "PMNTN_MAIN" : "PMNTN_MAIN",
    "PMNTN_LT" : "PMNTN_LT",
    "PMNTN_DFFL" : "PMNTN_DFFL",
    "PMNTN_UPPL" : "PMNTN_UPPL",
    "PMNTN_GODN" : "PMNTN_GODN",
    "PMNTN_MTRQ" : "PMNTN_MTRQ",
    "PMNTN_CNRL" : "PMNTN_CNRL",
    "PMNTN_CLS_" : "PMNTN_CLS_",
    "PMNTN_RISK" : "PMNTN_RISK",
    "PMNTN_RECO" : "PMNTN_RECO",
    "DATA_STDR_" : "DATA_STDR_",
    "MNTN_ID" : "MNTN_ID"
  },
  "geometryType" : "esriGeometryPolyline",
  "spatialReference" : {
    "wkt" : "PROJCS[\"PCS_ITRF2000_TM\",GEOGCS[\"GCS_ITRF_2000\",DATUM[\"D_ITRF_2000\",SPHEROID[\"GRS_1980\",6378137.0,298.257222101]],PRIMEM[\"Greenwich\",0.0],UNIT[\"Degree\",0.0174532925199433]],PROJECTION[\"Transverse_Mercator\"],PARAMETER[\"False_Easting\",200000.0],PARAMETER[\"False_Northing\",600000.0],PARAMETER[\"Central_Meridian\",127.0],PARAMETER[\"Scale_Factor\",1.0],PARAMETER[\"Latitude_Of_Origin\",38.0],UNIT[\"Meter\",1.0]]"
  },
  "fields" : [
    {
      "name" : "FID",
      "type" : "esriFieldTypeOID",
      "alias" : "FID"
    },
    {
      "name" : "PMNTN_SN",
      "type" : "esriFieldTypeDouble",
      "alias" : "PMNTN_SN"
    },
    {
      "name" : "MNTN_CODE",
      "type" : "esriFieldTypeString",
      "alias" : "MNTN_CODE",
      "length" : 9
    },
    {
      "name" : "MNTN_NM",
      "type" : "esriFieldTypeString",
      "alias" : "MNTN_NM",
      "length" : 50
    },
    {
      "name" : "PMNTN_NM",
      "type" : "esriFieldTypeString",
      "alias" : "PMNTN_NM",
      "length" : 50
    },
    {
      "name" : "PMNTN_MAIN",
      "type" : "esriFieldTypeString",
      "alias" : "PMNTN_MAIN",
      "length" : 200
    },
    {
      "name" : "PMNTN_LT",
      "type" : "esriFieldTypeSingle",
      "alias" : "PMNTN_LT"
    },
    {
      "name" : "PMNTN_DFFL",
      "type" : "esriFieldTypeString",
      "alias" : "PMNTN_DFFL",
      "length" : 8
    },
    {
      "name" : "PMNTN_UPPL",
      "type" : "esriFieldTypeDouble",
      "alias" : "PMNTN_UPPL"
    },
    {
      "name" : "PMNTN_GODN",
      "type" : "esriFieldTypeDouble",
      "alias" : "PMNTN_GODN"
    },
    {
      "name" : "PMNTN_MTRQ",
      "type" : "esriFieldTypeString",
      "alias" : "PMNTN_MTRQ",
      "length" : 200
    },
    {
      "name" : "PMNTN_CNRL",
      "type" : "esriFieldTypeString",
      "alias" : "PMNTN_CNRL",
      "length" : 1
    },
    {
      "name" : "PMNTN_CLS_",
      "type" : "esriFieldTypeString",
      "alias" : "PMNTN_CLS_",
      "length" : 1
    },
    {
      "name" : "PMNTN_RISK",
      "type" : "esriFieldTypeString",
      "alias" : "PMNTN_RISK",
      "length" : 200
    },
    {
      "name" : "PMNTN_RECO",
      "type" : "esriFieldTypeString",
      "alias" : "PMNTN_RECO",
      "length" : 1
    },
    {
      "name" : "DATA_STDR_",
      "type" : "esriFieldTypeString",
      "alias" : "DATA_STDR_",
      "length" : 10
    },
    {
      "name" : "MNTN_ID",
      "type" : "esriFieldTypeString",
      "alias" : "MNTN_ID",
      "length" : 10
    }
  ],
  "features" : [
    {
      "attributes" : {
        "FID" : 0,
        "PMNTN_SN" : 11429,
        "MNTN_CODE" : "468900401",
        "MNTN_NM" : "대봉산",
        "PMNTN_NM" : "비자리구간",
        "PMNTN_MAIN" : " ",
        "PMNTN_LT" : 4.34,
        "PMNTN_DFFL" : "쉬움",
        "PMNTN_UPPL" : 77,
        "PMNTN_GODN" : 54,
        "PMNTN_MTRQ" : " ",
        "PMNTN_CNRL" : " ",
        "PMNTN_CLS_" : " ",
        "PMNTN_RISK" : " ",
        "PMNTN_RECO" : " ",
        "DATA_STDR_" : "2016-12-31",
        "MNTN_ID" : "468900401"
      },
      "geometry" : {
        "paths" : [
          [
            [
              168464.16689890623,
              175429.43352741562
            ],
            [
              168463.0044241352,
              175450.60190691799
            ],
            [
              168481.99316884857,
              175464.45814416185
            ],
            [
              168549.66036714986,
              175482.78782988712
            ],
            [
              168585.63986964803,
              175486.14032117464
            ],
            [
              168636.32669737469,
              175512.85640178621
            ],
            [
              168818.15995141305,
              175566.68300959468
            ],
            [
              168902.71413736232,
              175595.68253972754
            ],
            [
              168965.20215025079,
              175590.69535441138
            ],
            [
              168993.78648559563,
              175590.83548425697
            ],
            [
              169028.61909658555,
              175612.18033699133
            ],
            [
              169066.67445637472,
              175624.01264881343
            ],
            [
              169115.37370055169,
              175624.25139037706
            ],
            [
              169142.9668318266,
              175610.62350057252
            ],
            [
              169174.7375909416,
              175608.66184245236
            ],
            [
              169204.43251253944,
              175598.22036929987
            ],
            [
              169259.48384085298,
              175598.49024942145
            ],
            [
              169292.30809360277,
              175597.59246003255
            ],
            [
              169339.82411033474,
              175623.23431857862
            ],
            [
              169366.29109874647,
              175623.36406937242
            ],
            [
              169405.37920237891,
              175640.49497414567
            ],
            [
              169441.26012802962,
              175663.96238806471
            ],
            [
              169469.78219778743,
              175676.80667635798
            ],
            [
              169506.81003676821,
              175682.2817283161
            ],
            [
              169550.16400533356,
              175693.08132024668
            ],
            [
              169591.31757405307,
              175720.80941014178
            ],
            [
              169614.65005162172,
              175712.45415458828
            ],
            [
              169659.04194444325,
              175727.49365905672
            ],
            [
              169689.75923268031,
              175724.46813375317
            ],
            [
              169734.07327640429,
              175755.38784000464
            ],
            [
              169743.5443042526,
              175767.08003177866
            ],
            [
              169772.10790406913,
              175771.45488742925
            ],
            [
              169778.48074516375,
              175767.25130848587
            ],
            [
              169790.02242145501,
              175788.48200197332
            ],
            [
              169805.76248589437,
              175817.14421761595
            ],
            [
              169820.43867929373,
              175846.85992407613
            ],
            [
              169857.36272568349,
              175873.50858813524
            ],
            [
              169873.17545357812,
              175887.34928521886
            ],
            [
              169918.61046567,
              175905.57003385387
            ],
            [
              169952.48304291628,
              175906.79480592348
            ],
            [
              169978.95004977938,
              175906.92456518672
            ],
            [
              170027.6649155803,
              175903.98728118278
            ],
            [
              170049.94910679013,
              175893.50947512686
            ],
            [
              170093.36538396869,
              175891.60491879098
            ],
            [
              170128.31740982737,
              175888.60015898757
            ],
            [
              170173.91333595384,
              175874.00181660056
            ],
            [
              170189.86101814825,
              175860.31682448275
            ],
            [
              170215.16554503795,
              175881.61500349082
            ],
            [
              170254.38863048423,
              175871.22023982741
            ],
            [
              170296.85523353145,
              175847.07819742151
            ],
            [
              170315.97376931738,
              175834.46745443344
            ],
            [
              170323.43643696979,
              175823.91697936133
            ],
            [
              170353.10025825445,
              175819.8275839407
            ],
            [
              170402.81673228275,
              175828.54097276181
            ],
            [
              170480.93593195919,
              175874.44833151996
            ],
            [
              170521.06719035469,
              175894.76050194167
            ],
            [
              170541.01603651419,
              175928.73690958507
            ],
            [
              170572.66746751592,
              175951.12492251582
            ],
            [
              170589.57003076561,
              175958.61873643473
            ],
            [
              170599.0151129961,
              175975.60434688255
            ],
            [
              170621.1280343337,
              176000.06301079318
            ],
            [
              170612.25372456294,
              176082.59860906377
            ],
            [
              170602.65811750293,
              176096.31474738568
            ],
            [
              170614.06484027859,
              176145.07117247395
            ],
            [
              170604.16817116551,
              176220.19081066921
            ],
            [
              170608.29908020329,
              176241.38519462198
            ],
            [
              170614.50063364394,
              176272.11808986589
            ],
            [
              170590.0938707348,
              176283.64419259503
            ],
            [
              170583.70544881653,
              176291.02381480485
            ],
            [
              170564.45193822403,
              176331.16025771759
            ],
            [
              170563.26867577992,
              176356.56341071241
            ],
            [
              170528.10899338871,
              176401.9153916873
            ],
            [
              170525.92414885294,
              176415.66786210984
            ],
            [
              170528.00517386291,
              176423.0890107397
            ],
            [
              170545.84182896465,
              176455.99636775069
            ],
            [
              170540.33039979171,
              176500.43501325697
            ],
            [
              170516.9148324728,
              176525.72915200517
            ],
            [
              170507.18944087252,
              176565.91230726056
            ],
            [
              170500.76467894949,
              176580.7026931867
            ],
            [
              170472.01936740987,
              176613.38163882867
            ],
            [
              170459.24771092739,
              176627.08219553158
            ],
            [
              170457.03690675832,
              176646.12806868739
            ],
            [
              170354.85326885153,
              176757.84986702539
            ],
            [
              170344.07957051136,
              176795.91045948863
            ],
            [
              170319.71953111608,
              176797.90841781721
            ],
            [
              170306.93749100901,
              176813.726330854
            ],
            [
              170261.38307381235,
              176819.85518188961
            ],
            [
              170186.03504991066,
              176856.5404067263
            ],
            [
              170146.83791311365,
              176861.64172328077
            ],
            [
              170090.5669109514,
              176894.18566611037
            ],
            [
              170079.90223322995,
              176910.0139567703
            ],
            [
              170039.6204625275,
              176920.40348054282
            ],
            [
              170028.95578494109,
              176936.23176997155
            ],
            [
              170009.84243100043,
              176947.78380467184
            ],
            [
              169932.40821262263,
              176978.10654318519
            ],
            [
              169913.37792680878,
              176972.71969224699
            ],
            [
              169902.79631636851,
              176971.60909551941
            ],
            [
              169885.80032504629,
              176983.17151110992
            ],
            [
              169861.43510618713,
              176986.22814327106
            ],
            [
              169828.59525536373,
              176990.30192199163
            ],
            [
              169815.97935236339,
              176972.24206022732
            ],
            [
              169802.23727778532,
              176967.93984842114
            ],
            [
              169785.24128844496,
              176979.50226274505
            ],
            [
              169756.61539391801,
              176987.83152811229
            ],
            [
              169730.23146020994,
              176970.76285640709
            ],
            [
              169701.79246652126,
              176940.97964292578
            ],
            [
              169688.07116001472,
              176932.44271237217
            ],
            [
              169661.62492820807,
              176928.07820260338
            ],
            [
              169624.56074884254,
              176930.01385634579
            ],
            [
              169560.01242884528,
              176923.34508987144
            ],
            [
              169520.80493627395,
              176930.56375907734
            ],
            [
              169501.67601853143,
              176945.29182630405
            ],
            [
              169475.16230127588,
              176954.69015297666
            ],
            [
              169459.25095627084,
              176960.96435650624
            ],
            [
              169457.09206377529,
              176969.42341055907
            ]
          ]
        ]
      }
    }
  ]
}