{
  "displayFieldName" : "",
  "fieldAliases" : {
    "FID" : "FID",
    "PMNTN_SPOT" : "PMNTN_SPOT",
    "MNTN_CODE" : "MNTN_CODE",
    "MANAGE_SP1" : "MANAGE_SP1",
    "MANAGE_SP2" : "MANAGE_SP2",
    "DETAIL_SPO" : "DETAIL_SPO",
    "ETC_MATTER" : "ETC_MATTER",
    "MNTN_NM" : "MNTN_NM",
    "PAST_SPOT_" : "PAST_SPOT_",
    "MNTN_ID" : "MNTN_ID"
  },
  "geometryType" : "esriGeometryPoint",
  "spatialReference" : {
    "wkt" : "PROJCS[\"PCS_ITRF2000_TM\",GEOGCS[\"GCS_ITRF_2000\",DATUM[\"D_ITRF_2000\",SPHEROID[\"GRS_1980\",6378137.0,298.257222101]],PRIMEM[\"Greenwich\",0.0],UNIT[\"Degree\",0.0174532925199433]],PROJECTION[\"Transverse_Mercator\"],PARAMETER[\"False_Easting\",200000.0],PARAMETER[\"False_Northing\",600000.0],PARAMETER[\"Central_Meridian\",127.0],PARAMETER[\"Scale_Factor\",1.0],PARAMETER[\"Latitude_Of_Origin\",38.0],UNIT[\"Meter\",1.0]]"
  },
  "fields" : [
    {
      "name" : "FID",
      "type" : "esriFieldTypeOID",
      "alias" : "FID"
    },
    {
      "name" : "PMNTN_SPOT",
      "type" : "esriFieldTypeDouble",
      "alias" : "PMNTN_SPOT"
    },
    {
      "name" : "MNTN_CODE",
      "type" : "esriFieldTypeString",
      "alias" : "MNTN_CODE",
      "length" : 9
    },
    {
      "name" : "MANAGE_SP1",
      "type" : "esriFieldTypeString",
      "alias" : "MANAGE_SP1",
      "length" : 2
    },
    {
      "name" : "MANAGE_SP2",
      "type" : "esriFieldTypeString",
      "alias" : "MANAGE_SP2",
      "length" : 50
    },
    {
      "name" : "DETAIL_SPO",
      "type" : "esriFieldTypeString",
      "alias" : "DETAIL_SPO",
      "length" : 200
    },
    {
      "name" : "ETC_MATTER",
      "type" : "esriFieldTypeString",
      "alias" : "ETC_MATTER",
      "length" : 200
    },
    {
      "name" : "MNTN_NM",
      "type" : "esriFieldTypeString",
      "alias" : "MNTN_NM",
      "length" : 50
    },
    {
      "name" : "PAST_SPOT_",
      "type" : "esriFieldTypeString",
      "alias" : "PAST_SPOT_",
      "length" : 14
    },
    {
      "name" : "MNTN_ID",
      "type" : "esriFieldTypeString",
      "alias" : "MNTN_ID",
      "length" : 10
    }
  ],
  "features" : [
    {
      "attributes" : {
        "FID" : 0,
        "PMNTN_SPOT" : 87868,
        "MNTN_CODE" : "461504501",
        "MANAGE_SP1" : "99",
        "MANAGE_SP2" : "기타",
        "DETAIL_SPO" : "육교",
        "ETC_MATTER" : " ",
        "MNTN_NM" : "태봉산",
        "PAST_SPOT_" : "4615045010001",
        "MNTN_ID" : "461504501"
      },
      "geometry" : {
        "x" : 247909.97730000038,
        "y" : 260890.59240000322
      }
    },
    {
      "attributes" : {
        "FID" : 1,
        "PMNTN_SPOT" : 87869,
        "MNTN_CODE" : "461504501",
        "MANAGE_SP1" : "99",
        "MANAGE_SP2" : "기타",
        "DETAIL_SPO" : "계단",
        "ETC_MATTER" : " ",
        "MNTN_NM" : "태봉산",
        "PAST_SPOT_" : "4615045010002",
        "MNTN_ID" : "461504501"
      },
      "geometry" : {
        "x" : 247892.07299999893,
        "y" : 260610.34060000256
      }
    },
    {
      "attributes" : {
        "FID" : 2,
        "PMNTN_SPOT" : 87870,
        "MNTN_CODE" : "461504501",
        "MANAGE_SP1" : "99",
        "MANAGE_SP2" : "기타",
        "DETAIL_SPO" : "계단",
        "ETC_MATTER" : " ",
        "MNTN_NM" : "태봉산",
        "PAST_SPOT_" : "4615045010003",
        "MNTN_ID" : "461504501"
      },
      "geometry" : {
        "x" : 247872.94030000083,
        "y" : 260546.81030000374
      }
    },
    {
      "attributes" : {
        "FID" : 3,
        "PMNTN_SPOT" : 87871,
        "MNTN_CODE" : "461504501",
        "MANAGE_SP1" : "23",
        "MANAGE_SP2" : "정상",
        "DETAIL_SPO" : "정상",
        "ETC_MATTER" : " ",
        "MNTN_NM" : "태봉산",
        "PAST_SPOT_" : "4615045010004",
        "MNTN_ID" : "461504501"
      },
      "geometry" : {
        "x" : 247851.64510000125,
        "y" : 260510.1155999992
      }
    },
    {
      "attributes" : {
        "FID" : 4,
        "PMNTN_SPOT" : 87872,
        "MNTN_CODE" : "461504501",
        "MANAGE_SP1" : "23",
        "MANAGE_SP2" : "정상",
        "DETAIL_SPO" : "정상입구갈림길",
        "ETC_MATTER" : " ",
        "MNTN_NM" : "태봉산",
        "PAST_SPOT_" : "4615045010005",
        "MNTN_ID" : "461504501"
      },
      "geometry" : {
        "x" : 247779.9338999996,
        "y" : 260497.93040000275
      }
    },
    {
      "attributes" : {
        "FID" : 5,
        "PMNTN_SPOT" : 87873,
        "MNTN_CODE" : "461504501",
        "MANAGE_SP1" : "99",
        "MANAGE_SP2" : "기타",
        "DETAIL_SPO" : "계단",
        "ETC_MATTER" : " ",
        "MNTN_NM" : "태봉산",
        "PAST_SPOT_" : "4615045010006",
        "MNTN_ID" : "461504501"
      },
      "geometry" : {
        "x" : 247856.30370000098,
        "y" : 260451.10850000195
      }
    },
    {
      "attributes" : {
        "FID" : 6,
        "PMNTN_SPOT" : 87874,
        "MNTN_CODE" : "461504501",
        "MANAGE_SP1" : "99",
        "MANAGE_SP2" : "기타",
        "DETAIL_SPO" : "표지석",
        "ETC_MATTER" : " ",
        "MNTN_NM" : "태봉산",
        "PAST_SPOT_" : "4615045010007",
        "MNTN_ID" : "461504501"
      },
      "geometry" : {
        "x" : 247863.18460000027,
        "y" : 260486.84420000017
      }
    },
    {
      "attributes" : {
        "FID" : 7,
        "PMNTN_SPOT" : 87875,
        "MNTN_CODE" : "461504501",
        "MANAGE_SP1" : "99",
        "MANAGE_SP2" : "기타",
        "DETAIL_SPO" : "호반어린이집",
        "ETC_MATTER" : " ",
        "MNTN_NM" : "태봉산",
        "PAST_SPOT_" : "4615045010008",
        "MNTN_ID" : "461504501"
      },
      "geometry" : {
        "x" : 248024.16449999902,
        "y" : 260499.83350000158
      }
    },
    {
      "attributes" : {
        "FID" : 8,
        "PMNTN_SPOT" : 87876,
        "MNTN_CODE" : "461504501",
        "MANAGE_SP1" : "99",
        "MANAGE_SP2" : "기타",
        "DETAIL_SPO" : "율산어린이집",
        "ETC_MATTER" : " ",
        "MNTN_NM" : "태봉산",
        "PAST_SPOT_" : "4615045010009",
        "MNTN_ID" : "461504501"
      },
      "geometry" : {
        "x" : 248012.28870000038,
        "y" : 260620.56820000149
      }
    },
    {
      "attributes" : {
        "FID" : 9,
        "PMNTN_SPOT" : 87877,
        "MNTN_CODE" : "461504501",
        "MANAGE_SP1" : "99",
        "MANAGE_SP2" : "기타",
        "DETAIL_SPO" : "배레스토랑",
        "ETC_MATTER" : " ",
        "MNTN_NM" : "태봉산",
        "PAST_SPOT_" : "4615045010010",
        "MNTN_ID" : "461504501"
      },
      "geometry" : {
        "x" : 247861.67780000158,
        "y" : 260533.30460000224
      }
    },
    {
      "attributes" : {
        "FID" : 10,
        "PMNTN_SPOT" : 87878,
        "MNTN_CODE" : "461504501",
        "MANAGE_SP1" : "23",
        "MANAGE_SP2" : "정상",
        "DETAIL_SPO" : "정상",
        "ETC_MATTER" : " ",
        "MNTN_NM" : "태봉산",
        "PAST_SPOT_" : "4615045010011",
        "MNTN_ID" : "461504501"
      },
      "geometry" : {
        "x" : 247836.36230000108,
        "y" : 260511.26310000196
      }
    },
    {
      "attributes" : {
        "FID" : 11,
        "PMNTN_SPOT" : 87879,
        "MNTN_CODE" : "461504501",
        "MANAGE_SP1" : "01",
        "MANAGE_SP2" : "시종점",
        "DETAIL_SPO" : "시종점",
        "ETC_MATTER" : " ",
        "MNTN_NM" : "태봉산",
        "PAST_SPOT_" : "4615045010012",
        "MNTN_ID" : "461504501"
      },
      "geometry" : {
        "x" : 247733.16289999988,
        "y" : 260354.68100000173
      }
    },
    {
      "attributes" : {
        "FID" : 12,
        "PMNTN_SPOT" : 87880,
        "MNTN_CODE" : "461504501",
        "MANAGE_SP1" : "02",
        "MANAGE_SP2" : "분기점",
        "DETAIL_SPO" : "분기점",
        "ETC_MATTER" : " ",
        "MNTN_NM" : "태봉산",
        "PAST_SPOT_" : "4615045010013",
        "MNTN_ID" : "461504501"
      },
      "geometry" : {
        "x" : 247822.63940000068,
        "y" : 260444.29410000145
      }
    },
    {
      "attributes" : {
        "FID" : 13,
        "PMNTN_SPOT" : 87881,
        "MNTN_CODE" : "461504501",
        "MANAGE_SP1" : "01",
        "MANAGE_SP2" : "시종점",
        "DETAIL_SPO" : "시종점",
        "ETC_MATTER" : " ",
        "MNTN_NM" : "태봉산",
        "PAST_SPOT_" : "4615045010014",
        "MNTN_ID" : "461504501"
      },
      "geometry" : {
        "x" : 247837.74500000104,
        "y" : 260514.22480000369
      }
    },
    {
      "attributes" : {
        "FID" : 14,
        "PMNTN_SPOT" : 87882,
        "MNTN_CODE" : "461504501",
        "MANAGE_SP1" : "02",
        "MANAGE_SP2" : "분기점",
        "DETAIL_SPO" : "분기점",
        "ETC_MATTER" : " ",
        "MNTN_NM" : "태봉산",
        "PAST_SPOT_" : "4615045010015",
        "MNTN_ID" : "461504501"
      },
      "geometry" : {
        "x" : 247867.78530000057,
        "y" : 260532.64280000329
      }
    },
    {
      "attributes" : {
        "FID" : 15,
        "PMNTN_SPOT" : 87883,
        "MNTN_CODE" : "461504501",
        "MANAGE_SP1" : "01",
        "MANAGE_SP2" : "시종점",
        "DETAIL_SPO" : "시종점",
        "ETC_MATTER" : " ",
        "MNTN_NM" : "태봉산",
        "PAST_SPOT_" : "4615045010016",
        "MNTN_ID" : "461504501"
      },
      "geometry" : {
        "x" : 247912.81320000067,
        "y" : 260891.55580000021
      }
    },
    {
      "attributes" : {
        "FID" : 16,
        "PMNTN_SPOT" : 87884,
        "MNTN_CODE" : "461504501",
        "MANAGE_SP1" : "01",
        "MANAGE_SP2" : "시종점",
        "DETAIL_SPO" : "시종점",
        "ETC_MATTER" : " ",
        "MNTN_NM" : "태봉산",
        "PAST_SPOT_" : "4615045010017",
        "MNTN_ID" : "461504501"
      },
      "geometry" : {
        "x" : 248015.87310000043,
        "y" : 260624.26550000161
      }
    },
    {
      "attributes" : {
        "FID" : 17,
        "PMNTN_SPOT" : 87885,
        "MNTN_CODE" : "461504501",
        "MANAGE_SP1" : "01",
        "MANAGE_SP2" : "시종점",
        "DETAIL_SPO" : "시종점",
        "ETC_MATTER" : " ",
        "MNTN_NM" : "태봉산",
        "PAST_SPOT_" : "4615045010018",
        "MNTN_ID" : "461504501"
      },
      "geometry" : {
        "x" : 248112.36110000126,
        "y" : 260473.53299999982
      }
    },
    {
      "attributes" : {
        "FID" : 18,
        "PMNTN_SPOT" : 99570,
        "MNTN_CODE" : "461504501",
        "MANAGE_SP1" : "08",
        "MANAGE_SP2" : "가로등",
        "DETAIL_SPO" : "가로등",
        "ETC_MATTER" : " ",
        "MNTN_NM" : "태봉산",
        "PAST_SPOT_" : "4615045010019",
        "MNTN_ID" : "461504501"
      },
      "geometry" : {
        "x" : 247736.4970000005,
        "y" : 260389.97189999907
      }
    },
    {
      "attributes" : {
        "FID" : 19,
        "PMNTN_SPOT" : 99571,
        "MNTN_CODE" : "461504501",
        "MANAGE_SP1" : "07",
        "MANAGE_SP2" : "시설물(운동기구 등)",
        "DETAIL_SPO" : "시설물(운동기구등)",
        "ETC_MATTER" : " ",
        "MNTN_NM" : "태봉산",
        "PAST_SPOT_" : "4615045010020",
        "MNTN_ID" : "461504501"
      },
      "geometry" : {
        "x" : 247982.97259999969,
        "y" : 260494.27009999979
      }
    },
    {
      "attributes" : {
        "FID" : 20,
        "PMNTN_SPOT" : 99572,
        "MNTN_CODE" : "461504501",
        "MANAGE_SP1" : "09",
        "MANAGE_SP2" : "기타건물",
        "DETAIL_SPO" : "기타건물",
        "ETC_MATTER" : " ",
        "MNTN_NM" : "태봉산",
        "PAST_SPOT_" : "4615045010021",
        "MNTN_ID" : "461504501"
      },
      "geometry" : {
        "x" : 247966.89559999993,
        "y" : 260564.9900999997
      }
    }
  ]
}