{
  "displayFieldName" : "",
  "fieldAliases" : {
    "FID" : "FID",
    "PMNTN_SN" : "PMNTN_SN",
    "MNTN_CODE" : "MNTN_CODE",
    "MNTN_NM" : "MNTN_NM",
    "PMNTN_NM" : "PMNTN_NM",
    "PMNTN_MAIN" : "PMNTN_MAIN",
    "PMNTN_LT" : "PMNTN_LT",
    "PMNTN_DFFL" : "PMNTN_DFFL",
    "PMNTN_UPPL" : "PMNTN_UPPL",
    "PMNTN_GODN" : "PMNTN_GODN",
    "PMNTN_MTRQ" : "PMNTN_MTRQ",
    "PMNTN_CNRL" : "PMNTN_CNRL",
    "PMNTN_CLS_" : "PMNTN_CLS_",
    "PMNTN_RISK" : "PMNTN_RISK",
    "PMNTN_RECO" : "PMNTN_RECO",
    "DATA_STDR_" : "DATA_STDR_",
    "MNTN_ID" : "MNTN_ID"
  },
  "geometryType" : "esriGeometryPolyline",
  "spatialReference" : {
    "wkt" : "PROJCS[\"PCS_ITRF2000_TM\",GEOGCS[\"GCS_ITRF_2000\",DATUM[\"D_ITRF_2000\",SPHEROID[\"GRS_1980\",6378137.0,298.257222101]],PRIMEM[\"Greenwich\",0.0],UNIT[\"Degree\",0.0174532925199433]],PROJECTION[\"Transverse_Mercator\"],PARAMETER[\"False_Easting\",200000.0],PARAMETER[\"False_Northing\",600000.0],PARAMETER[\"Central_Meridian\",127.0],PARAMETER[\"Scale_Factor\",1.0],PARAMETER[\"Latitude_Of_Origin\",38.0],UNIT[\"Meter\",1.0]]"
  },
  "fields" : [
    {
      "name" : "FID",
      "type" : "esriFieldTypeOID",
      "alias" : "FID"
    },
    {
      "name" : "PMNTN_SN",
      "type" : "esriFieldTypeDouble",
      "alias" : "PMNTN_SN"
    },
    {
      "name" : "MNTN_CODE",
      "type" : "esriFieldTypeString",
      "alias" : "MNTN_CODE",
      "length" : 9
    },
    {
      "name" : "MNTN_NM",
      "type" : "esriFieldTypeString",
      "alias" : "MNTN_NM",
      "length" : 50
    },
    {
      "name" : "PMNTN_NM",
      "type" : "esriFieldTypeString",
      "alias" : "PMNTN_NM",
      "length" : 50
    },
    {
      "name" : "PMNTN_MAIN",
      "type" : "esriFieldTypeString",
      "alias" : "PMNTN_MAIN",
      "length" : 200
    },
    {
      "name" : "PMNTN_LT",
      "type" : "esriFieldTypeSingle",
      "alias" : "PMNTN_LT"
    },
    {
      "name" : "PMNTN_DFFL",
      "type" : "esriFieldTypeString",
      "alias" : "PMNTN_DFFL",
      "length" : 8
    },
    {
      "name" : "PMNTN_UPPL",
      "type" : "esriFieldTypeDouble",
      "alias" : "PMNTN_UPPL"
    },
    {
      "name" : "PMNTN_GODN",
      "type" : "esriFieldTypeDouble",
      "alias" : "PMNTN_GODN"
    },
    {
      "name" : "PMNTN_MTRQ",
      "type" : "esriFieldTypeString",
      "alias" : "PMNTN_MTRQ",
      "length" : 200
    },
    {
      "name" : "PMNTN_CNRL",
      "type" : "esriFieldTypeString",
      "alias" : "PMNTN_CNRL",
      "length" : 1
    },
    {
      "name" : "PMNTN_CLS_",
      "type" : "esriFieldTypeString",
      "alias" : "PMNTN_CLS_",
      "length" : 1
    },
    {
      "name" : "PMNTN_RISK",
      "type" : "esriFieldTypeString",
      "alias" : "PMNTN_RISK",
      "length" : 200
    },
    {
      "name" : "PMNTN_RECO",
      "type" : "esriFieldTypeString",
      "alias" : "PMNTN_RECO",
      "length" : 1
    },
    {
      "name" : "DATA_STDR_",
      "type" : "esriFieldTypeString",
      "alias" : "DATA_STDR_",
      "length" : 10
    },
    {
      "name" : "MNTN_ID",
      "type" : "esriFieldTypeString",
      "alias" : "MNTN_ID",
      "length" : 10
    }
  ],
  "features" : [
    {
      "attributes" : {
        "FID" : 0,
        "PMNTN_SN" : 51548,
        "MNTN_CODE" : "477502601",
        "MNTN_NM" : "태행산",
        "PMNTN_NM" : "월외리구간",
        "PMNTN_MAIN" : " ",
        "PMNTN_LT" : 0.99,
        "PMNTN_DFFL" : "쉬움",
        "PMNTN_UPPL" : 17,
        "PMNTN_GODN" : 12,
        "PMNTN_MTRQ" : " ",
        "PMNTN_CNRL" : " ",
        "PMNTN_CLS_" : " ",
        "PMNTN_RISK" : " ",
        "PMNTN_RECO" : " ",
        "DATA_STDR_" : "2016-12-31",
        "MNTN_ID" : "477502601"
      },
      "geometry" : {
        "paths" : [
          [
            [
              389693.19990000129,
              429115.76180000044
            ],
            [
              389702.93460000027,
              429118.10880000144
            ],
            [
              389712.68780000135,
              429116.8076000046
            ],
            [
              389722.45949999988,
              429113.71000000089
            ],
            [
              389732.24959999975,
              429110.66830000281
            ],
            [
              389739.44079999998,
              429110.90000000037
            ],
            [
              389757.18770000152,
              429109.45570000261
            ],
            [
              389766.69510000013,
              429109.08260000125
            ],
            [
              389779.95880000014,
              429110.9159000013
            ],
            [
              389786.35089999996,
              429110.64760000259
            ],
            [
              389789.76699999999,
              429110.75230000168
            ],
            [
              389792.88779999968,
              429111.06940000132
            ],
            [
              389797.12060000096,
              429111.98570000008
            ],
            [
              389801.99330000114,
              429113.91070000269
            ],
            [
              389805.64460000023,
              429116.21880000271
            ],
            [
              389809.57330000121,
              429119.36830000021
            ],
            [
              389817.64380000066,
              429126.75210000016
            ],
            [
              389821.24700000137,
              429129.78170000203
            ],
            [
              389825.22450000048,
              429132.53610000014
            ],
            [
              389829.02520000003,
              429134.43779999763
            ],
            [
              389832.19350000005,
              429135.56110000424
            ],
            [
              389835.84069999866,
              429136.58070000075
            ],
            [
              389842.25520000048,
              429144.29370000027
            ],
            [
              389868.24899999984,
              429143.99970000051
            ],
            [
              389884.12460000068,
              429147.55820000358
            ],
            [
              389898.66060000099,
              429150.57239999808
            ],
            [
              389912.21820000093,
              429153.11370000243
            ],
            [
              389930.54229999986,
              429156.22340000048
            ],
            [
              389946.00429999921,
              429158.55199999921
            ],
            [
              389960.15539999958,
              429160.33240000345
            ],
            [
              389972.54580000229,
              429159.22149999999
            ],
            [
              389983.61160000041,
              429156.19539999962
            ],
            [
              390000.23760000058,
              429159.67310000025
            ],
            [
              390008.80090000108,
              429162.69200000167
            ],
            [
              390014.08710000012,
              429163.30059999973
            ],
            [
              390022.2890999997,
              429164.8321000021
            ],
            [
              390031.33890000079,
              429167.18310000375
            ],
            [
              390039.80670000054,
              429169.81610000134
            ],
            [
              390058.57500000019,
              429176.10449999943
            ],
            [
              390066.71950000152,
              429178.5810000021
            ],
            [
              390071.25729999971,
              429179.70979999937
            ],
            [
              390086.45620000083,
              429177.00490000285
            ],
            [
              390091.58629999962,
              429178.2463000007
            ],
            [
              390096.74000000115,
              429179.96890000068
            ],
            [
              390102.07660000119,
              429182.78420000151
            ],
            [
              390105.25,
              429185.3320000004
            ],
            [
              390107.24650000036,
              429187.47910000198
            ],
            [
              390109.18950000033,
              429189.99980000407
            ],
            [
              390112.79729999974,
              429198.75980000012
            ],
            [
              390119.41340000089,
              429213.54790000245
            ],
            [
              390122.43600000069,
              429218.8300999999
            ],
            [
              390124.23209999967,
              429221.49560000002
            ],
            [
              390126.04509999976,
              429223.81210000068
            ],
            [
              390128.87880000006,
              429226.68879999965
            ],
            [
              390132.48020000104,
              429229.51380000263
            ],
            [
              390138.47510000225,
              429235.17290000059
            ],
            [
              390145.2742000008,
              429238.02550000139
            ],
            [
              390160.66460000072,
              429243.82160000131
            ],
            [
              390166.89060000051,
              429246.49359999783
            ],
            [
              390187.02980000153,
              429252.62140000053
            ],
            [
              390193.47700000089,
              429255.83929999918
            ],
            [
              390202.54480000027,
              429263.47180000134
            ],
            [
              390205.76300000027,
              429265.5036999993
            ],
            [
              390209.24890000001,
              429267.95610000007
            ],
            [
              390224.06269999873,
              429279.2760000024
            ],
            [
              390227.85270000063,
              429281.79969999753
            ],
            [
              390231.40759999957,
              429283.84560000338
            ],
            [
              390236.00650000107,
              429286.09500000067
            ],
            [
              390240.94160000049,
              429288.17440000363
            ],
            [
              390246.25150000211,
              429290.10020000115
            ],
            [
              390252.00950000063,
              429291.89920000359
            ],
            [
              390264.54179999977,
              429295.08590000123
            ],
            [
              390284.03990000207,
              429299.12590000033
            ],
            [
              390290.83320000116,
              429300.40289999917
            ],
            [
              390297.94369999971,
              429301.52580000088
            ],
            [
              390313.38320000097,
              429303.3489000015
            ],
            [
              390330.52470000088,
              429304.66080000252
            ],
            [
              390355.34819999896,
              429305.91719999909
            ],
            [
              390381.75180000067,
              429307.19530000351
            ],
            [
              390397.42470000032,
              429307.52800000086
            ],
            [
              390404.92010000069,
              429307.42930000089
            ],
            [
              390411.94180000015,
              429307.13119999878
            ],
            [
              390423.09939999972,
              429300.80790000036
            ],
            [
              390429.45660000108,
              429300.09640000202
            ],
            [
              390438.05130000226,
              429298.74400000274
            ],
            [
              390447.5306000011,
              429296.81960000098
            ],
            [
              390459.12390000094,
              429294.1838000007
            ],
            [
              390470.79970000032,
              429295.7303000018
            ],
            [
              390490.98110000137,
              429290.8040000014
            ],
            [
              390500.6857000012,
              429288.21730000339
            ],
            [
              390510.08710000012,
              429285.27889999747
            ],
            [
              390518.33860000037,
              429282.14780000225
            ],
            [
              390522.3518000003,
              429280.2789000012
            ],
            [
              390526.71150000021,
              429277.88410000131
            ],
            [
              390540.65260000154,
              429269.09380000085
            ],
            [
              390545.77690000087,
              429266.09410000406
            ],
            [
              390550.90350000001,
              429263.56540000066
            ],
            [
              390555.69049999863,
              429261.77400000021
            ],
            [
              390561.71180000063,
              429260.10800000094
            ],
            [
              390567.93890000135,
              429258.77260000259
            ],
            [
              390574.28449999914,
              429257.78650000133
            ],
            [
              390580.66289999988,
              429257.16300000064
            ],
            [
              390586.98160000145,
              429256.9103000015
            ],
            [
              390593.17570000049,
              429257.03010000102
            ],
            [
              390599.17650000192,
              429257.52099999972
            ],
            [
              390604.92719999887,
              429258.37830000184
            ],
            [
              390608.37630000059,
              429259.12780000083
            ]
          ]
        ]
      }
    },
    {
      "attributes" : {
        "FID" : 1,
        "PMNTN_SN" : 51549,
        "MNTN_CODE" : "477502601",
        "MNTN_NM" : "태행산",
        "PMNTN_NM" : " ",
        "PMNTN_MAIN" : " ",
        "PMNTN_LT" : 2.11,
        "PMNTN_DFFL" : "쉬움",
        "PMNTN_UPPL" : 37,
        "PMNTN_GODN" : 26,
        "PMNTN_MTRQ" : " ",
        "PMNTN_CNRL" : " ",
        "PMNTN_CLS_" : " ",
        "PMNTN_RISK" : " ",
        "PMNTN_RECO" : " ",
        "DATA_STDR_" : "2016-12-31",
        "MNTN_ID" : "477502601"
      },
      "geometry" : {
        "paths" : [
          [
            [
              390608.37630000059,
              429259.12780000083
            ],
            [
              390611.95130000077,
              429260.12329999916
            ],
            [
              390619.63890000153,
              429262.89960000105
            ],
            [
              390627.57440000027,
              429266.43579999916
            ],
            [
              390642.27920000069,
              429273.65870000422
            ],
            [
              390648.44490000047,
              429276.78860000148
            ],
            [
              390655.17420000024,
              429280.53170000389
            ],
            [
              390677.67430000007,
              429294.10970000178
            ],
            [
              390686.42239999957,
              429299.12590000033
            ],
            [
              390707.02630000189,
              429310.90780000016
            ],
            [
              390713.09480000101,
              429313.87150000222
            ],
            [
              390718.68090000097,
              429316.10410000384
            ],
            [
              390725.86610000208,
              429318.31250000186
            ],
            [
              390733.78330000117,
              429320.15160000138
            ],
            [
              390742.55290000048,
              429321.65260000154
            ],
            [
              390752.6372000007,
              429322.8954000026
            ],
            [
              390761.44670000114,
              429323.730100004
            ],
            [
              390768.92150000017,
              429324.23599999957
            ],
            [
              390775.73400000017,
              429324.45820000209
            ],
            [
              390782.01400000043,
              429324.39770000055
            ],
            [
              390787.95480000041,
              429324.04580000043
            ],
            [
              390793.50590000115,
              429323.39810000174
            ],
            [
              390798.70470000058,
              429322.44989999942
            ],
            [
              390803.57170000114,
              429321.1975000035
            ],
            [
              390809.0943,
              429319.31790000014
            ],
            [
              390814.72370000184,
              429316.94750000164
            ],
            [
              390820.4179000007,
              429314.10400000028
            ],
            [
              390826.12260000221,
              429310.81440000236
            ],
            [
              390831.79510000162,
              429307.10100000165
            ],
            [
              390837.34130000044,
              429303.02340000123
            ],
            [
              390842.67930000182,
              429298.64149999991
            ],
            [
              390847.71500000171,
              429294.03250000067
            ],
            [
              390850.36990000121,
              429291.23050000146
            ],
            [
              390852.89070000127,
              429288.08919999935
            ],
            [
              390855.300400001,
              429284.5802000016
            ],
            [
              390857.63740000036,
              429280.64800000191
            ],
            [
              390861.90400000196,
              429272.05870000273
            ],
            [
              390869.60450000037,
              429253.93359999917
            ],
            [
              390873.09839999862,
              429246.43429999985
            ],
            [
              390875.17379999999,
              429242.52580000274
            ],
            [
              390877.27029999997,
              429239.00870000012
            ],
            [
              390879.42860000022,
              429235.81469999999
            ],
            [
              390881.67129999958,
              429232.91110000014
            ],
            [
              390894.42620000057,
              429217.64310000092
            ],
            [
              390899.02020000108,
              429212.68480000459
            ],
            [
              390903.32960000075,
              429208.49870000035
            ],
            [
              390907.76160000172,
              429204.73770000413
            ],
            [
              390912.1074000001,
              429201.63120000064
            ],
            [
              390916.41800000053,
              429199.14269999973
            ],
            [
              390920.7211000016,
              429197.25699999928
            ],
            [
              390924.43430000078,
              429196.04700000025
            ],
            [
              390928.42899999954,
              429195.05080000125
            ],
            [
              390932.68150000181,
              429194.27440000139
            ],
            [
              390937.15840000007,
              429193.7237999998
            ],
            [
              390941.83640000038,
              429193.40340000018
            ],
            [
              390946.64490000159,
              429193.31940000132
            ],
            [
              390951.51950000133,
              429193.47290000133
            ],
            [
              390956.37519999966,
              429193.86130000092
            ],
            [
              390959.62590000033,
              429194.31580000184
            ],
            [
              390963.00009999983,
              429195.01310000196
            ],
            [
              390970.29530000128,
              429197.17550000176
            ],
            [
              390976.74870000035,
              429199.6353999991
            ],
            [
              390995.42500000075,
              429207.44390000217
            ],
            [
              391003.19730000105,
              429210.73940000124
            ],
            [
              391019.51049999986,
              429218.77659999765
            ],
            [
              391026.63779999968,
              429221.96110000089
            ],
            [
              391030.57370000053,
              429223.45490000024
            ],
            [
              391034.27990000229,
              429224.63260000013
            ],
            [
              391037.83130000159,
              429225.51779999956
            ],
            [
              391041.26599999983,
              429226.11980000138
            ],
            [
              391046.65629999898,
              429226.66669999808
            ],
            [
              391052.29890000075,
              429226.87089999951
            ],
            [
              391058.15790000092,
              429226.7311000023
            ],
            [
              391064.18630000018,
              429226.24829999916
            ],
            [
              391070.34620000049,
              429225.42430000193
            ],
            [
              391076.55489999987,
              429224.26890000142
            ],
            [
              391082.73750000168,
              429222.79580000415
            ],
            [
              391088.8049000008,
              429221.02640000172
            ],
            [
              391092.51439999975,
              429219.70180000179
            ],
            [
              391096.30929999985,
              429218.06819999963
            ],
            [
              391100.23060000129,
              429216.10840000026
            ],
            [
              391104.35790000018,
              429213.78280000202
            ],
            [
              391111.73530000076,
              429209.10560000129
            ],
            [
              391127.79349999968,
              429198.1305999998
            ],
            [
              391134.64589999989,
              429193.86130000092
            ],
            [
              391168.26550000161,
              429174.92310000211
            ],
            [
              391182.18479999993,
              429166.69629999995
            ],
            [
              391187.65150000062,
              429162.95470000058
            ],
            [
              391199.50580000039,
              429153.66510000266
            ],
            [
              391204.82870000042,
              429149.88029999845
            ],
            [
              391207.81610000134,
              429148.06629999913
            ],
            [
              391210.66330000106,
              429146.60250000097
            ],
            [
              391213.42830000073,
              429145.45930000022
            ],
            [
              391216.14110000059,
              429144.62470000237
            ],
            [
              391219.97819999978,
              429143.85889999941
            ],
            [
              391224.11639999971,
              429143.43100000173
            ],
            [
              391228.56669999938,
              429143.33980000019
            ],
            [
              391233.35030000005,
              429143.58469999954
            ],
            [
              391238.42690000217,
              429144.15720000118
            ],
            [
              391243.92349999957,
              429145.06570000015
            ],
            [
              391249.92140000034,
              429146.32090000249
            ],
            [
              391256.88870000001,
              429148.02030000091
            ],
            [
              391262.58990000095,
              429149.90839999914
            ],
            [
              391268.61430000141,
              429152.7435999997
            ],
            [
              391275.29370000027,
              429156.67410000414
            ],
            [
              391289.08850000054,
              429165.85750000179
            ],
            [
              391295.14410000201,
              429169.58310000226
            ],
            [
              391301.71050000098,
              429172.93520000018
            ],
            [
              391304.80330000073,
              429174.1894000005
            ],
            [
              391307.82320000231,
              429175.18529999815
            ],
            [
              391315.32880000025,
              429176.93620000035
            ],
            [
              391323.93760000076,
              429178.12240000069
            ],
            [
              391332.20650000032,
              429178.74390000105
            ],
            [
              391350.78749999963,
              429179.61280000024
            ],
            [
              391358.75769999996,
              429180.27880000137
            ],
            [
              391367.25310000032,
              429181.58520000242
            ],
            [
              391387.69580000173,
              429185.9905999992
            ],
            [
              391396.87939999998,
              429187.50720000267
            ],
            [
              391401.85600000061,
              429187.95150000229
            ],
            [
              391406.44479999971,
              429188.02679999918
            ],
            [
              391410.73930000048,
              429187.73420000449
            ],
            [
              391414.78560000006,
              429187.07010000013
            ],
            [
              391417.88450000063,
              429186.28390000388
            ],
            [
              391421.0932,
              429185.24200000241
            ],
            [
              391428.00040000118,
              429182.3358000014
            ],
            [
              391434.47529999912,
              429179.00490000285
            ],
            [
              391450.43970000092,
              429170.09190000407
            ],
            [
              391456.68039999995,
              429166.64690000191
            ],
            [
              391463.496199999,
              429162.53459999897
            ],
            [
              391484.9327999996,
              429148.54950000346
            ],
            [
              391492.50400000159,
              429143.79540000111
            ],
            [
              391499.74090000149,
              429139.60730000027
            ],
            [
              391506.46769999992,
              429136.13560000248
            ],
            [
              391519.71829999983,
              429130.00229999982
            ],
            [
              391531.79740000051,
              429124.95210000128
            ],
            [
              391543.17320000008,
              429120.79000000283
            ],
            [
              391554.00650000107,
              429117.45960000157
            ],
            [
              391559.21630000044,
              429116.26649999991
            ],
            [
              391565.16800000053,
              429115.37180000357
            ],
            [
              391585.58789999969,
              429113.72870000266
            ],
            [
              391593.12540000118,
              429112.80619999953
            ],
            [
              391596.92690000124,
              429112.09180000052
            ],
            [
              391600.40979999956,
              429111.22400000133
            ],
            [
              391603.63640000112,
              429110.18710000254
            ],
            [
              391606.63880000077,
              429108.97050000168
            ],
            [
              391611.28370000143,
              429106.47990000434
            ],
            [
              391616.1193000013,
              429103.10260000266
            ],
            [
              391621.07580000162,
              429098.9683000017
            ],
            [
              391630.83820000105,
              429089.98700000159
            ],
            [
              391635.06060000136,
              429086.3198000025
            ],
            [
              391639.65730000101,
              429082.81110000238
            ],
            [
              391643.99080000073,
              429080.10760000162
            ],
            [
              391650.0856999997,
              429077.01870000176
            ],
            [
              391656.64539999887,
              429074.19620000012
            ],
            [
              391663.70300000068,
              429071.62560000271
            ],
            [
              391671.31870000064,
              429069.28500000201
            ],
            [
              391679.40040000062,
              429067.18990000151
            ],
            [
              391688.26810000185,
              429065.24629999883
            ],
            [
              391698.11730000004,
              429063.40550000221
            ],
            [
              391710.20560000092,
              429061.4317000024
            ],
            [
              391715.84090000112,
              429060.68800000101
            ],
            [
              391722.12260000128,
              429060.11620000005
            ],
            [
              391746.04210000113,
              429058.88499999791
            ],
            [
              391756.04669999983,
              429058.03600000031
            ],
            [
              391764.50450000074,
              429056.74650000036
            ],
            [
              391780.63300000131,
              429053.48120000027
            ],
            [
              391787.21019999962,
              429052.31939999945
            ],
            [
              391794.04889999982,
              429051.49379999936
            ],
            [
              391800.18990000058,
              429051.24479999952
            ],
            [
              391806.01409999933,
              429051.41000000201
            ],
            [
              391811.94790000003,
              429051.84090000205
            ],
            [
              391817.95690000057,
              429052.5351000037
            ],
            [
              391824.00250000134,
              429053.48810000159
            ],
            [
              391830.0477,
              429054.69439999945
            ],
            [
              391836.04640000034,
              429056.14479999989
            ],
            [
              391841.95490000024,
              429057.82880000025
            ],
            [
              391847.72880000062,
              429059.73379999958
            ],
            [
              391853.66179999895,
              429062.22310000099
            ],
            [
              391859.92650000099,
              429065.63130000047
            ],
            [
              391866.65520000085,
              429069.98850000091
            ],
            [
              391880.30030000024,
              429079.72840000317
            ],
            [
              391886.24110000115,
              429083.72130000405
            ],
            [
              391892.67270000186,
              429087.48829999939
            ],
            [
              391898.6632000003,
              429090.29450000077
            ],
            [
              391905.36139999982,
              429092.65339999832
            ],
            [
              391912.98250000179,
              429094.66599999927
            ],
            [
              391921.18340000045,
              429096.320600003
            ],
            [
              391944.65400000196,
              429100.37680000253
            ],
            [
              391951.80399999954,
              429102.02290000208
            ],
            [
              391958.08680000156,
              429103.87710000202
            ],
            [
              391964.34100000001,
              429106.43490000255
            ],
            [
              391976.65710000228,
              429112.71880000085
            ],
            [
              391981.7910000002,
              429115.03710000217
            ],
            [
              391985.88910000119,
              429116.41919999942
            ],
            [
              391990.85699999984,
              429117.35670000128
            ],
            [
              391995.51059999969,
              429117.33000000194
            ],
            [
              391999.13719999976,
              429116.7183000017
            ],
            [
              392002.95969999954,
              429115.61889999732
            ],
            [
              392007.05170000065,
              429114.0110000018
            ],
            [
              392014.1221000012,
              429110.45300000347
            ],
            [
              392028.4550999999,
              429102.01810000092
            ],
            [
              392034.48859999981,
              429098.78360000439
            ],
            [
              392047.12270000111,
              429092.23490000144
            ],
            [
              392075.23610000033,
              429076.71200000122
            ],
            [
              392096.26829999965,
              429065.03540000133
            ],
            [
              392102.14100000076,
              429062.09350000322
            ],
            [
              392107.49469999969,
              429059.73379999958
            ],
            [
              392115.03210000042,
              429056.93550000153
            ],
            [
              392123.03570000175,
              429054.48740000278
            ],
            [
              392131.54400000069,
              429052.37739999965
            ],
            [
              392140.62380000204,
              429050.58890000172
            ],
            [
              392150.2033000011,
              429049.12520000152
            ],
            [
              392160.60229999945,
              429047.92769999988
            ],
            [
              392172.04370000027,
              429046.96650000103
            ],
            [
              392185.59420000203,
              429046.15130000189
            ],
            [
              392190.82629999984,
              429045.68279999867
            ],
            [
              392205.54920000024,
              429043.85820000246
            ],
            [
              392212.30790000129,
              429043.4478999991
            ],
            [
              392216.4682,
              429043.86370000429
            ],
            [
              392219.5504999999,
              429046.15130000189
            ],
            [
              392218.51230000146,
              429049.21720000356
            ],
            [
              392211.19530000072,
              429057.40220000222
            ],
            [
              392208.93090000004,
              429060.42280000076
            ],
            [
              392207.65230000112,
              429063.88720000163
            ],
            [
              392208.72829999868,
              429066.63430000283
            ],
            [
              392211.55650000088,
              429069.06750000082
            ],
            [
              392217.35299999919,
              429072.14039999805
            ],
            [
              392225.73430000059,
              429075.3534000013
            ],
            [
              392229.30870000087,
              429076.20960000344
            ],
            [
              392240.30560000055,
              429077.39630000107
            ],
            [
              392245.0178000005,
              429078.40980000235
            ],
            [
              392250.18850000016,
              429080.42180000059
            ],
            [
              392255.71920000203,
              429083.34000000358
            ],
            [
              392260.63250000123,
              429086.43190000206
            ],
            [
              392273.88070000056,
              429095.38799999841
            ],
            [
              392286.37609999999,
              429102.76149999723
            ],
            [
              392290.90920000058,
              429105.61520000175
            ],
            [
              392295.55130000133,
              429108.98630000278
            ],
            [
              392299.3479000004,
              429112.36610000208
            ],
            [
              392302.10329999961,
              429115.45920000225
            ],
            [
              392304.84009999968,
              429119.22570000216
            ],
            [
              392313.0018000016,
              429132.8889000006
            ],
            [
              392316.32610000018,
              429137.83340000361
            ],
            [
              392319.01099999994,
              429141.23610000126
            ],
            [
              392322.00520000048,
              429144.65400000103
            ],
            [
              392325.33910000138,
              429148.12219999917
            ],
            [
              392329.07679999992,
              429151.70740000159
            ],
            [
              392336.3451000005,
              429158.09860000387
            ],
            [
              392354.25289999973,
              429172.95750000328
            ],
            [
              392358.84260000102,
              429177.04469999857
            ],
            [
              392362.80999999866,
              429180.84710000083
            ],
            [
              392366.74730000179,
              429184.99680000171
            ],
            [
              392370.18319999892,
              429189.07459999993
            ],
            [
              392373.17470000125,
              429193.14859999903
            ],
            [
              392375.74960000068,
              429197.25699999928
            ],
            [
              392379.0298000006,
              429203.69210000336
            ],
            [
              392382.08730000071,
              429211.21299999952
            ],
            [
              392384.6529000001,
              429218.7631000001
            ],
            [
              392390.64600000065,
              429238.07060000114
            ],
            [
              392392.53960000165,
              429243.44899999909
            ],
            [
              392394.42559999973,
              429248.19140000269
            ],
            [
              392397.07410000078,
              429255.31469999999
            ],
            [
              392402.94170000125,
              429273.69759999774
            ]
          ]
        ]
      }
    },
    {
      "attributes" : {
        "FID" : 2,
        "PMNTN_SN" : 51550,
        "MNTN_CODE" : "477502601",
        "MNTN_NM" : "태행산",
        "PMNTN_NM" : " ",
        "PMNTN_MAIN" : " ",
        "PMNTN_LT" : 3.79,
        "PMNTN_DFFL" : "쉬움",
        "PMNTN_UPPL" : 67,
        "PMNTN_GODN" : 47,
        "PMNTN_MTRQ" : " ",
        "PMNTN_CNRL" : " ",
        "PMNTN_CLS_" : " ",
        "PMNTN_RISK" : " ",
        "PMNTN_RECO" : " ",
        "DATA_STDR_" : "2016-12-31",
        "MNTN_ID" : "477502601"
      },
      "geometry" : {
        "paths" : [
          [
            [
              390608.37630000059,
              429259.12780000083
            ],
            [
              390557.75219999999,
              429334.2311000023
            ],
            [
              390575.84080000222,
              429435.52710000239
            ],
            [
              390586.6939000003,
              429515.11690000258
            ],
            [
              390637.34200000204,
              429533.20549999923
            ],
            [
              390691.60770000052,
              429504.26380000263
            ],
            [
              390701.6481999997,
              429500.35910000093
            ],
            [
              390756.7265999997,
              429478.93970000185
            ],
            [
              390825.46320000011,
              429489.79289999977
            ],
            [
              390854.40500000212,
              429533.20549999923
            ],
            [
              390876.11129999999,
              429612.79529999942
            ],
            [
              390923.14159999974,
              429667.06100000255
            ],
            [
              390962.93649999984,
              429703.23820000142
            ],
            [
              390989.18590000086,
              429724.03590000235
            ],
            [
              391000.93030000106,
              429751.03650000319
            ],
            [
              390996.37670000177,
              429775.55910000391
            ],
            [
              390990.73510000203,
              429794.26099999994
            ],
            [
              390970.6146000009,
              429797.29880000278
            ],
            [
              390948.46559999976,
              429797.29880000278
            ],
            [
              390933.27930000052,
              429803.76000000164
            ],
            [
              390923.14159999974,
              429815.38739999942
            ],
            [
              390938.83770000003,
              429839.33180000074
            ],
            [
              390962.40730000008,
              429840.4467999991
            ],
            [
              390983.83480000123,
              429852.72230000049
            ],
            [
              391003.04010000173,
              429862.61150000244
            ],
            [
              391034.76160000078,
              429870.35520000197
            ],
            [
              391051.59839999955,
              429893.40220000409
            ],
            [
              391073.84929999989,
              429907.34190000407
            ],
            [
              391098.1137000015,
              429904.0719000008
            ],
            [
              391109.05480000004,
              429896.0616999995
            ],
            [
              391115.14520000014,
              429880.24170000106
            ],
            [
              391126.88480000012,
              429862.70869999938
            ],
            [
              391151.0577999996,
              429847.9469000008
            ],
            [
              391171.07820000034,
              429844.30520000309
            ],
            [
              391184.9653000012,
              429850.67660000175
            ],
            [
              391197.19979999959,
              429860.90450000204
            ],
            [
              391206.44799999986,
              429868.0418000035
            ],
            [
              391212.55890000053,
              429880.50629999861
            ],
            [
              391205.32349999994,
              429920.30120000243
            ],
            [
              391218.12040000036,
              429941.21900000051
            ],
            [
              391218.25980000105,
              429954.86740000173
            ],
            [
              391213.56770000141,
              429958.31860000081
            ],
            [
              391198.74179999996,
              429959.61540000141
            ],
            [
              391187.12559999991,
              429971.74890000187
            ],
            [
              391182.48270000052,
              429984.13000000082
            ],
            [
              391176.37190000061,
              430000.42540000193
            ],
            [
              391172.34880000073,
              430011.15370000154
            ],
            [
              391179.12820000015,
              430027.58360000141
            ],
            [
              391190.85259999987,
              430039.68590000272
            ],
            [
              391219.2703999998,
              430063.15249999799
            ],
            [
              391234.26520000026,
              430104.80480000377
            ],
            [
              391239.87999999989,
              430135.37820000201
            ],
            [
              391243.82139999978,
              430147.08369999938
            ],
            [
              391255.97149999999,
              430159.07050000131
            ],
            [
              391271.09130000044,
              430153.10139999911
            ],
            [
              391285.97800000012,
              430145.95480000228
            ],
            [
              391295.76640000008,
              430130.128800001
            ],
            [
              391321.09050000086,
              430079.48070000112
            ],
            [
              391335.56130000018,
              430017.97959999926
            ],
            [
              391340.64319999982,
              429989.85160000436
            ],
            [
              391350.2089000009,
              429975.50310000032
            ],
            [
              391356.35529999901,
              429966.28329999931
            ],
            [
              391371.73849999905,
              429963.71380000189
            ],
            [
              391383.83000000007,
              429976.21990000084
            ],
            [
              391386.00600000098,
              429986.3748000022
            ],
            [
              391382.59159999993,
              430014.36180000193
            ],
            [
              391386.20940000098,
              430079.48070000112
            ],
            [
              391385.44180000015,
              430103.02530000173
            ],
            [
              391389.82710000128,
              430115.65790000185
            ],
            [
              391404.67530000117,
              430125.49239999987
            ],
            [
              391414.27089999989,
              430133.91940000094
            ],
            [
              391425.64910000004,
              430150.32580000348
            ],
            [
              391436.85740000196,
              430162.6882000044
            ],
            [
              391435.26420000009,
              430180.61070000194
            ],
            [
              391426.00420000032,
              430198.86539999954
            ],
            [
              391426.00420000032,
              430212.84359999932
            ],
            [
              391432.88340000063,
              430224.18940000236
            ],
            [
              391448.52000000048,
              430224.23190000281
            ],
            [
              391462.18140000012,
              430209.71860000119
            ],
            [
              391498.35860000178,
              430202.48310000077
            ],
            [
              391512.86230000015,
              430215.84200000204
            ],
            [
              391534.53569999989,
              430224.18940000236
            ],
            [
              391577.94830000028,
              430235.042600004
            ],
            [
              391598.22470000107,
              430236.88590000197
            ],
            [
              391617.74319999944,
              430238.6603000015
            ],
            [
              391626.19050000049,
              430225.98939999938
            ],
            [
              391641.02749999892,
              430214.18490000255
            ],
            [
              391653.92040000204,
              430184.3945000004
            ],
            [
              391662.5382000003,
              430175.77670000121
            ],
            [
              391671.00490000006,
              430167.31000000425
            ],
            [
              391679.24439999927,
              430168.8601000011
            ],
            [
              391680.3769999994,
              430179.45720000006
            ],
            [
              391681.11290000007,
              430192.70430000126
            ],
            [
              391682.21439999994,
              430212.53089999966
            ],
            [
              391687.62460000068,
              430225.24770000018
            ],
            [
              391697.0867999997,
              430229.30299999937
            ],
            [
              391708.18620000128,
              430235.042600004
            ],
            [
              391740.74559999909,
              430242.27800000273
            ],
            [
              391768.61349999998,
              430244.42170000076
            ],
            [
              391790.15720000025,
              430235.84149999917
            ],
            [
              391798.71339999977,
              430227.28530000336
            ],
            [
              391810.8843000019,
              430222.78729999997
            ],
            [
              391831.18850000016,
              430202.48310000077
            ],
            [
              391838.16930000111,
              430182.93690000288
            ],
            [
              391847.92060000077,
              430164.36460000277
            ],
            [
              391855.09790000133,
              430157.39139999822
            ],
            [
              391863.51240000129,
              430160.89389999956
            ],
            [
              391872.67170000076,
              430166.72250000015
            ],
            [
              391889.07199999969,
              430177.15909999982
            ],
            [
              391903.54290000163,
              430206.10080000013
            ],
            [
              391912.19360000081,
              430228.50670000166
            ],
            [
              391921.27000000048,
              430237.51550000161
            ],
            [
              391936.21540000103,
              430236.10430000164
            ],
            [
              391950.57320000138,
              430235.042600004
            ],
            [
              391964.94710000232,
              430224.26209999993
            ],
            [
              391978.98570000008,
              430217.30509999953
            ],
            [
              391990.45419999957,
              430227.1352000013
            ],
            [
              392004.83889999986,
              430235.042600004
            ],
            [
              392006.35480000079,
              430251.71740000136
            ],
            [
              392008.45670000091,
              430274.83750000037
            ],
            [
              392033.78070000093,
              430289.30830000155
            ],
            [
              392062.72240000125,
              430267.60200000182
            ],
            [
              392072.13180000056,
              430241.25570000336
            ],
            [
              392080.81100000162,
              430216.95400000177
            ],
            [
              392104.45860000048,
              430243.55749999918
            ],
            [
              392110.12290000077,
              430243.9608000014
            ],
            [
              392116.16800000053,
              430228.95510000177
            ],
            [
              392120.87520000059,
              430219.25500000268
            ],
            [
              392117.07460000087,
              430205.03729999997
            ],
            [
              392126.47570000123,
              430201.8003000021
            ],
            [
              392149.54760000203,
              430213.33630000241
            ],
            [
              392182.81929999869,
              430235.51740000024
            ],
            [
              392192.96019999962,
              430242.27800000273
            ],
            [
              392220.38360000122,
              430256.9991999995
            ],
            [
              392247.22600000072,
              430256.74890000373
            ],
            [
              392279.78540000133,
              430253.13120000064
            ],
            [
              392297.13420000207,
              430237.78580000252
            ],
            [
              392304.37540000118,
              430218.70519999973
            ],
            [
              392315.96260000113,
              430202.48310000077
            ],
            [
              392326.81569999922,
              430090.33390000276
            ],
            [
              392334.0512000015,
              429978.18470000103
            ],
            [
              392377.46380000096,
              429970.94920000248
            ],
            [
              392431.64309999999,
              429970.03089999966
            ]
          ]
        ]
      }
    },
    {
      "attributes" : {
        "FID" : 3,
        "PMNTN_SN" : 51551,
        "MNTN_CODE" : "477502601",
        "MNTN_NM" : "태행산",
        "PMNTN_NM" : " ",
        "PMNTN_MAIN" : " ",
        "PMNTN_LT" : 0.65,
        "PMNTN_DFFL" : "쉬움",
        "PMNTN_UPPL" : 11,
        "PMNTN_GODN" : 8,
        "PMNTN_MTRQ" : " ",
        "PMNTN_CNRL" : " ",
        "PMNTN_CLS_" : " ",
        "PMNTN_RISK" : " ",
        "PMNTN_RECO" : " ",
        "DATA_STDR_" : "2016-12-31",
        "MNTN_ID" : "477502601"
      },
      "geometry" : {
        "paths" : [
          [
            [
              392402.94170000125,
              429273.69759999774
            ],
            [
              392404.2480000006,
              429277.1696000006
            ],
            [
              392405.88339999877,
              429280.87450000457
            ],
            [
              392408.17830000073,
              429285.09860000014
            ],
            [
              392410.68319999985,
              429288.66050000302
            ],
            [
              392413.44669999927,
              429291.62860000134
            ],
            [
              392418.43369999994,
              429294.97610000148
            ],
            [
              392426.43039999995,
              429297.51559999958
            ],
            [
              392429.71770000085,
              429298.93120000325
            ],
            [
              392431.92800000124,
              429301.55739999935
            ],
            [
              392431.2733000014,
              429305.4103000015
            ],
            [
              392426.89070000034,
              429315.14299999923
            ],
            [
              392427.6698000012,
              429319.21220000461
            ],
            [
              392430.37430000026,
              429321.23399999924
            ],
            [
              392433.81960000098,
              429322.35540000163
            ],
            [
              392442.04459999967,
              429324.16270000115
            ],
            [
              392445.42190000229,
              429325.10410000011
            ],
            [
              392449.47660000063,
              429327.18490000255
            ],
            [
              392452.24839999992,
              429330.70980000123
            ],
            [
              392453.81549999956,
              429335.43349999748
            ],
            [
              392454.54070000164,
              429342.19440000318
            ],
            [
              392454.73730000108,
              429355.70780000091
            ],
            [
              392455.04179999977,
              429359.05920000188
            ],
            [
              392455.54700000118,
              429361.94510000199
            ],
            [
              392458.65490000043,
              429375.1743999999
            ],
            [
              392461.25540000014,
              429384.36370000429
            ],
            [
              392464.1586000016,
              429392.38120000251
            ],
            [
              392465.74250000063,
              429395.96170000173
            ],
            [
              392467.43169999961,
              429399.29710000195
            ],
            [
              392469.99689999968,
              429403.34539999813
            ],
            [
              392473.41350000072,
              429407.56100000441
            ],
            [
              392477.01109999977,
              429411.35700000264
            ],
            [
              392485.6670000013,
              429419.87319999933
            ],
            [
              392489.46999999974,
              429424.03700000048
            ],
            [
              392492.37980000116,
              429427.84570000134
            ],
            [
              392494.59680000041,
              429431.55560000241
            ],
            [
              392498.51310000196,
              429439.29310000129
            ],
            [
              392501.12530000135,
              429444.91560000367
            ],
            [
              392503.17980000004,
              429450.02650000155
            ],
            [
              392504.64520000108,
              429454.59810000099
            ],
            [
              392505.56850000005,
              429458.84039999917
            ],
            [
              392505.89869999979,
              429462.62820000201
            ],
            [
              392505.63740000129,
              429465.98110000044
            ],
            [
              392504.24780000001,
              429469.9170000013
            ],
            [
              392501.23419999983,
              429473.95380000025
            ],
            [
              392497.845900001,
              429477.02759999968
            ],
            [
              392492.10090000089,
              429481.00450000167
            ],
            [
              392481.01420000102,
              429487.58349999972
            ],
            [
              392478.17040000204,
              429489.09500000253
            ],
            [
              392474.74110000022,
              429490.50229999982
            ],
            [
              392462.07560000103,
              429494.44800000265
            ],
            [
              392457.4916000003,
              429496.17980000004
            ],
            [
              392454.31830000039,
              429497.87490000017
            ],
            [
              392451.11350000091,
              429500.46150000207
            ],
            [
              392448.89840000123,
              429503.77109999955
            ],
            [
              392447.55530000106,
              429508.15870000049
            ],
            [
              392446.96850000136,
              429514.68900000118
            ],
            [
              392447.12700000126,
              429525.7444000002
            ],
            [
              392446.99700000044,
              429530.30929999799
            ],
            [
              392446.42779999971,
              429534.80070000142
            ],
            [
              392444.90720000025,
              429539.51740000211
            ],
            [
              392443.29360000137,
              429542.54460000247
            ],
            [
              392440.14850000013,
              429546.78600000031
            ],
            [
              392436.57780000009,
              429550.67989999987
            ],
            [
              392427.70920000132,
              429559.50560000166
            ],
            [
              392423.93410000112,
              429563.91040000133
            ],
            [
              392421.82290000189,
              429567.21350000054
            ],
            [
              392420.14720000047,
              429571.43370000459
            ],
            [
              392419.625,
              429575.72090000287
            ],
            [
              392419.8673000019,
              429579.20800000057
            ],
            [
              392420.62160000019,
              429582.96980000101
            ],
            [
              392421.90160000045,
              429587.07630000077
            ],
            [
              392425.04030000046,
              429594.46470000222
            ],
            [
              392432.45470000152,
              429609.03400000185
            ],
            [
              392435.17320000101,
              429614.91980000027
            ],
            [
              392436.67890000064,
              429618.09589999914
            ],
            [
              392438.70299999975,
              429621.65870000236
            ],
            [
              392448.50399999972,
              429636.47149999999
            ],
            [
              392450.50009999983,
              429639.78460000083
            ],
            [
              392452.02290000021,
              429642.68670000136
            ],
            [
              392453.37509999983,
              429645.96840000153
            ],
            [
              392454.20120000094,
              429650.23500000313
            ],
            [
              392453.51099999994,
              429654.73880000226
            ],
            [
              392451.42619999964,
              429657.72919999994
            ],
            [
              392448.90660000034,
              429659.91339999996
            ],
            [
              392444.55489999987,
              429662.60240000114
            ],
            [
              392434.20910000149,
              429667.86600000039
            ],
            [
              392429.9095999999,
              429670.3180999998
            ],
            [
              392426.02200000081,
              429673.14800000004
            ],
            [
              392423.90429999959,
              429675.30990000255
            ],
            [
              392420.68760000076,
              429680.01610000059
            ],
            [
              392418.36300000083,
              429684.55310000293
            ],
            [
              392416.33239999972,
              429689.6184000019
            ],
            [
              392414.61810000055,
              429695.15680000186
            ],
            [
              392413.23269999959,
              429701.14680000208
            ],
            [
              392412.21920000017,
              429707.42659999989
            ],
            [
              392411.60220000055,
              429713.84770000167
            ],
            [
              392411.4038000023,
              429720.18440000154
            ],
            [
              392411.75230000075,
              429724.86760000139
            ],
            [
              392412.77869999968,
              429729.65990000032
            ],
            [
              392414.49260000139,
              429734.60999999754
            ],
            [
              392416.92520000134,
              429739.80890000239
            ],
            [
              392419.58600000106,
              429744.49460000359
            ],
            [
              392422.91629999969,
              429749.65159999765
            ],
            [
              392436.29700000025,
              429768.19849999994
            ],
            [
              392441.40910000075,
              429775.8889000006
            ],
            [
              392443.83310000133,
              429780.04940000176
            ],
            [
              392445.84449999966,
              429783.99410000257
            ],
            [
              392447.48010000028,
              429787.79600000195
            ],
            [
              392448.75570000056,
              429791.49270000122
            ],
            [
              392450.99949999992,
              429799.7050999999
            ]
          ]
        ]
      }
    },
    {
      "attributes" : {
        "FID" : 4,
        "PMNTN_SN" : 51552,
        "MNTN_CODE" : "477502601",
        "MNTN_NM" : "태행산",
        "PMNTN_NM" : " ",
        "PMNTN_MAIN" : " ",
        "PMNTN_LT" : 0.6,
        "PMNTN_DFFL" : "쉬움",
        "PMNTN_UPPL" : 11,
        "PMNTN_GODN" : 7,
        "PMNTN_MTRQ" : " ",
        "PMNTN_CNRL" : " ",
        "PMNTN_CLS_" : " ",
        "PMNTN_RISK" : " ",
        "PMNTN_RECO" : " ",
        "DATA_STDR_" : "2016-12-31",
        "MNTN_ID" : "477502601"
      },
      "geometry" : {
        "paths" : [
          [
            [
              392450.99949999992,
              429799.7050999999
            ],
            [
              392402.78780000098,
              429771.97479999997
            ],
            [
              392366.61060000211,
              429721.32679999992
            ],
            [
              392334.0512000015,
              429623.64840000123
            ],
            [
              392348.52199999988,
              429551.29410000145
            ],
            [
              392359.37520000152,
              429486.17520000227
            ],
            [
              392373.84610000066,
              429381.26139999926
            ],
            [
              392362.99290000182,
              429290.81850000098
            ],
            [
              392402.94170000125,
              429273.69759999774
            ]
          ]
        ]
      }
    },
    {
      "attributes" : {
        "FID" : 5,
        "PMNTN_SN" : 51553,
        "MNTN_CODE" : "477502601",
        "MNTN_NM" : "태행산",
        "PMNTN_NM" : " ",
        "PMNTN_MAIN" : " ",
        "PMNTN_LT" : 0.18,
        "PMNTN_DFFL" : "쉬움",
        "PMNTN_UPPL" : 3,
        "PMNTN_GODN" : 2,
        "PMNTN_MTRQ" : " ",
        "PMNTN_CNRL" : " ",
        "PMNTN_CLS_" : " ",
        "PMNTN_RISK" : " ",
        "PMNTN_RECO" : " ",
        "DATA_STDR_" : "2016-12-31",
        "MNTN_ID" : "477502601"
      },
      "geometry" : {
        "paths" : [
          [
            [
              392450.99949999992,
              429799.7050999999
            ],
            [
              392452.90660000034,
              429808.30739999935
            ],
            [
              392454.47640000004,
              429817.29630000144
            ],
            [
              392455.70799999963,
              429826.66810000315
            ],
            [
              392456.60109999962,
              429836.41890000179
            ],
            [
              392457.15510000102,
              429846.543700004
            ],
            [
              392457.36970000062,
              429857.03730000183
            ],
            [
              392457.24480000138,
              429867.89440000057
            ],
            [
              392456.51599999983,
              429882.73990000226
            ],
            [
              392455.14380000159,
              429896.71920000203
            ],
            [
              392453.12390000001,
              429909.87500000186
            ],
            [
              392451.87019999977,
              429916.14970000461
            ],
            [
              392450.45349999983,
              429922.22450000234
            ],
            [
              392446.82029999979,
              429935.72560000233
            ],
            [
              392443.26330000069,
              429946.69670000114
            ],
            [
              392439.40890000015,
              429956.28580000065
            ],
            [
              392437.34370000195,
              429960.61759999953
            ],
            [
              392435.17320000101,
              429964.66990000196
            ],
            [
              392433.52870000061,
              429967.3518000003
            ],
            [
              392431.64309999999,
              429970.03089999966
            ]
          ]
        ]
      }
    },
    {
      "attributes" : {
        "FID" : 6,
        "PMNTN_SN" : 51554,
        "MNTN_CODE" : "477502601",
        "MNTN_NM" : "태행산",
        "PMNTN_NM" : "괴정리구간",
        "PMNTN_MAIN" : " ",
        "PMNTN_LT" : 1.35,
        "PMNTN_DFFL" : "쉬움",
        "PMNTN_UPPL" : 24,
        "PMNTN_GODN" : 17,
        "PMNTN_MTRQ" : " ",
        "PMNTN_CNRL" : " ",
        "PMNTN_CLS_" : " ",
        "PMNTN_RISK" : " ",
        "PMNTN_RECO" : " ",
        "DATA_STDR_" : "2016-12-31",
        "MNTN_ID" : "477502601"
      },
      "geometry" : {
        "paths" : [
          [
            [
              392431.64309999999,
              429970.03089999966
            ],
            [
              392427.07170000114,
              429975.48660000227
            ],
            [
              392421.36340000015,
              429981.20419999957
            ],
            [
              392408.70290000178,
              429992.63810000196
            ],
            [
              392403.44360000174,
              429997.70790000074
            ],
            [
              392398.36860000063,
              430003.35500000231
            ],
            [
              392394.42559999973,
              430008.81320000067
            ],
            [
              392388.88019999955,
              430018.14100000076
            ],
            [
              392384.1883000005,
              430027.2201000005
            ],
            [
              392380.37340000086,
              430036.00490000099
            ],
            [
              392377.44739999995,
              430044.46730000153
            ],
            [
              392376.13289999962,
              430049.49920000136
            ],
            [
              392375.10199999902,
              430054.85309999995
            ],
            [
              392374.3451000005,
              430060.57850000262
            ],
            [
              392373.84890000056,
              430066.77250000089
            ],
            [
              392373.56930000056,
              430079.39389999956
            ],
            [
              392374.05180000048,
              430103.89090000279
            ],
            [
              392374.29930000007,
              430109.97890000232
            ],
            [
              392374.95930000115,
              430116.77390000038
            ],
            [
              392378.56730000209,
              430140.77270000242
            ],
            [
              392379.63360000122,
              430150.23380000144
            ],
            [
              392379.91080000158,
              430155.23140000179
            ],
            [
              392379.92219999991,
              430159.87450000271
            ],
            [
              392379.66800000053,
              430164.25169999897
            ],
            [
              392379.14530000091,
              430168.40790000372
            ],
            [
              392378.32230000105,
              430172.63560000062
            ],
            [
              392377.1986999996,
              430177.01840000041
            ],
            [
              392375.7630000012,
              430181.60310000181
            ],
            [
              392373.98620000016,
              430186.48249999993
            ],
            [
              392370.76350000035,
              430194.22830000147
            ],
            [
              392362.29750000127,
              430212.71570000239
            ],
            [
              392358.7714999998,
              430221.04020000063
            ],
            [
              392356.20900000073,
              430227.89800000004
            ],
            [
              392350.84780000057,
              430243.20730000176
            ],
            [
              392348.43429999985,
              430249.57130000181
            ],
            [
              392345.17980000004,
              430257.04780000262
            ],
            [
              392341.79330000002,
              430263.48560000025
            ],
            [
              392338.22060000151,
              430268.75699999928
            ],
            [
              392328.65710000042,
              430280.76539999992
            ],
            [
              392326.47059999965,
              430284.09999999963
            ],
            [
              392324.81510000024,
              430287.25500000268
            ],
            [
              392322.69620000012,
              430292.89310000464
            ],
            [
              392321.05230000149,
              430299.49599999934
            ],
            [
              392319.91660000104,
              430306.33590000123
            ],
            [
              392318.02390000038,
              430321.21140000224
            ],
            [
              392316.02590000071,
              430336.60559999943
            ],
            [
              392314.83139999956,
              430350.04950000159
            ],
            [
              392314.36670000106,
              430362.38690000214
            ],
            [
              392314.62820000108,
              430373.84369999915
            ],
            [
              392315.48440000042,
              430383.41269999929
            ],
            [
              392317.03990000114,
              430393.94160000049
            ],
            [
              392319.24509999994,
              430405.40810000151
            ],
            [
              392323.11730000004,
              430423.08030000329
            ],
            [
              392328.99989999924,
              430449.93190000206
            ],
            [
              392331.08080000058,
              430458.37950000167
            ],
            [
              392333.15130000096,
              430465.8928999994
            ],
            [
              392335.49220000021,
              430473.36800000444
            ],
            [
              392337.97269999981,
              430480.26360000297
            ],
            [
              392340.63129999954,
              430486.68610000052
            ],
            [
              392343.49110000022,
              430492.69080000184
            ],
            [
              392348.05180000048,
              430501.04030000232
            ],
            [
              392353.26260000095,
              430509.50159999728
            ],
            [
              392359.10780000128,
              430518.04930000007
            ],
            [
              392365.56269999966,
              430526.64709999785
            ],
            [
              392374.60440000053,
              430537.97960000113
            ],
            [
              392381.38329999894,
              430545.67560000159
            ],
            [
              392384.69930000044,
              430549.04649999924
            ],
            [
              392387.95500000101,
              430552.07080000266
            ],
            [
              392391.18960000016,
              430554.78500000015
            ],
            [
              392395.5756000001,
              430557.94609999843
            ],
            [
              392399.44000000041,
              430560.16190000251
            ],
            [
              392411.56190000009,
              430565.89829999954
            ],
            [
              392415.37250000052,
              430568.28460000269
            ],
            [
              392419.76930000167,
              430572.14560000226
            ],
            [
              392422.68950000033,
              430575.77350000292
            ],
            [
              392425.29010000173,
              430580.01550000161
            ],
            [
              392427.62459999975,
              430584.95769999921
            ],
            [
              392429.34270000085,
              430589.49910000153
            ],
            [
              392431.01279999968,
              430594.78199999966
            ],
            [
              392435.74239999987,
              430612.74239999987
            ],
            [
              392437.61310000066,
              430619.17009999789
            ],
            [
              392439.70810000133,
              430625.11940000392
            ],
            [
              392441.96449999977,
              430630.21389999986
            ],
            [
              392444.58579999954,
              430635.06499999948
            ],
            [
              392447.82430000044,
              430640.33850000054
            ],
            [
              392460.74030000065,
              430659.10730000213
            ],
            [
              392465.61420000065,
              430666.83819999918
            ],
            [
              392467.93350000121,
              430671.0831000004
            ],
            [
              392469.83729999978,
              430675.11950000189
            ],
            [
              392471.36260000151,
              430679.02680000104
            ],
            [
              392472.52520000096,
              430682.84620000236
            ],
            [
              392473.60410000198,
              430687.95639999956
            ],
            [
              392474.27120000124,
              430693.41650000215
            ],
            [
              392474.53419999965,
              430699.28350000083
            ],
            [
              392474.39850000106,
              430705.67390000261
            ],
            [
              392473.44920000061,
              430716.58640000224
            ],
            [
              392470.18790000025,
              430740.44010000117
            ],
            [
              392469.12949999981,
              430750.75890000165
            ],
            [
              392466.62500000186,
              430782.20060000196
            ],
            [
              392464.03610000014,
              430806.78680000454
            ],
            [
              392461.84759999998,
              430827.82120000198
            ],
            [
              392460.77720000129,
              430836.22819999978
            ],
            [
              392459.21340000071,
              430844.9552000016
            ],
            [
              392456.83680000156,
              430853.77270000242
            ],
            [
              392455.2901000008,
              430857.43999999948
            ],
            [
              392450.23480000161,
              430866.7145000007
            ],
            [
              392448.45310000051,
              430870.52090000361
            ],
            [
              392447.49190000072,
              430873.54990000278
            ],
            [
              392447.04640000034,
              430877.21940000169
            ],
            [
              392447.93480000179,
              430881.53750000149
            ],
            [
              392449.68670000043,
              430885.26730000414
            ],
            [
              392453.86270000134,
              430892.43359999917
            ],
            [
              392455.21870000102,
              430895.73640000261
            ],
            [
              392456.24370000139,
              430900.90500000119
            ],
            [
              392456.47049999982,
              430905.64290000126
            ],
            [
              392456.33450000081,
              430910.04790000245
            ],
            [
              392455.54700000118,
              430922.23830000311
            ],
            [
              392455.24729999993,
              430928.48420000449
            ],
            [
              392454.69650000054,
              430935.3572000023
            ],
            [
              392451.45480000041,
              430963.95540000126
            ],
            [
              392450.45349999983,
              430976.56840000115
            ],
            [
              392450.23090000171,
              430983.43380000256
            ],
            [
              392450.21630000137,
              430991.10009999946
            ],
            [
              392450.9617999997,
              431024.21529999934
            ],
            [
              392450.83660000097,
              431032.17810000107
            ],
            [
              392450.45349999983,
              431039.38770000078
            ],
            [
              392449.034500001,
              431054.67890000157
            ],
            [
              392447.05790000036,
              431069.94830000214
            ],
            [
              392443.94280000124,
              431088.76910000108
            ],
            [
              392440.41130000073,
              431105.82950000279
            ],
            [
              392438.45770000108,
              431113.85410000011
            ],
            [
              392436.37150000129,
              431121.570600003
            ],
            [
              392434.14630000014,
              431129.00159999914
            ],
            [
              392431.77759999968,
              431136.16320000216
            ],
            [
              392427.69240000099,
              431146.84200000204
            ],
            [
              392422.48620000109,
              431158.52699999884
            ],
            [
              392417.22690000106,
              431169.25500000268
            ],
            [
              392402.91470000055,
              431197.28460000269
            ],
            [
              392391.03000000026,
              431221.0540000014
            ]
          ]
        ]
      }
    },
    {
      "attributes" : {
        "FID" : 7,
        "PMNTN_SN" : 51555,
        "MNTN_CODE" : "477502601",
        "MNTN_NM" : "태행산",
        "PMNTN_NM" : "기사리구간",
        "PMNTN_MAIN" : " ",
        "PMNTN_LT" : 5.36,
        "PMNTN_DFFL" : "쉬움",
        "PMNTN_UPPL" : 95,
        "PMNTN_GODN" : 66,
        "PMNTN_MTRQ" : " ",
        "PMNTN_CNRL" : " ",
        "PMNTN_CLS_" : " ",
        "PMNTN_RISK" : " ",
        "PMNTN_RECO" : " ",
        "DATA_STDR_" : "2016-12-31",
        "MNTN_ID" : "477703601"
      },
      "geometry" : {
        "paths" : [
          [
            [
              392402.94170000125,
              429273.69759999774
            ],
            [
              392438.96500000078,
              429258.25899999961
            ],
            [
              392467.9067000011,
              429200.37550000101
            ],
            [
              392489.61300000083,
              429276.34760000184
            ],
            [
              392511.31930000149,
              429330.61339999922
            ],
            [
              392554.73190000094,
              429316.14250000007
            ],
            [
              392580.0559000019,
              429294.43619999848
            ],
            [
              392619.85080000106,
              429298.05390000157
            ],
            [
              392641.55710000172,
              429261.8767000027
            ],
            [
              392674.1166000003,
              429272.72990000434
            ],
            [
              392677.73430000059,
              429214.84640000015
            ],
            [
              392750.0886000013,
              429279.96529999934
            ],
            [
              392771.79490000103,
              429211.22870000266
            ],
            [
              392826.06070000026,
              429251.02360000461
            ],
            [
              392905.65039999969,
              429225.6996000018
            ],
            [
              392927.35670000128,
              429189.52240000106
            ],
            [
              392945.44530000165,
              429146.10980000161
            ],
            [
              392945.44530000165,
              429066.52000000142
            ],
            [
              392949.06300000194,
              428994.16570000164
            ],
            [
              392954.31500000041,
              428936.99130000174
            ],
            [
              392977.11930000037,
              428932.1249000039
            ],
            [
              393006.94650000148,
              428965.22400000133
            ],
            [
              393028.6528000012,
              429062.90230000019
            ],
            [
              393064.83000000101,
              429117.16810000129
            ],
            [
              393090.15400000103,
              429153.34520000219
            ],
            [
              393144.41980000027,
              429128.02119999938
            ],
            [
              393191.45010000095,
              429099.07950000465
            ],
            [
              393209.53870000038,
              429149.72749999911
            ],
            [
              393209.53870000038,
              429196.75780000165
            ],
            [
              393202.86310000066,
              429237.70740000159
            ],
            [
              393225.06780000031,
              429258.25899999961
            ],
            [
              393251.73690000083,
              429247.46500000171
            ],
            [
              393268.4804000007,
              429214.84640000015
            ],
            [
              393294.69979999959,
              429219.19530000351
            ],
            [
              393311.94629999995,
              429228.32719999738
            ],
            [
              393325.1222000001,
              429225.96939999983
            ],
            [
              393317.50150000025,
              429210.09290000051
            ],
            [
              393301.67319999915,
              429190.28510000184
            ],
            [
              393296.18870000076,
              429171.93139999919
            ],
            [
              393302.41270000115,
              429165.41690000333
            ],
            [
              393325.30560000055,
              429164.19840000011
            ],
            [
              393365.10050000064,
              429120.78580000438
            ],
            [
              393389.46310000122,
              429104.71690000035
            ],
            [
              393405.70480000135,
              429080.21279999986
            ],
            [
              393436.39649999887,
              429057.33040000312
            ],
            [
              393456.70029999968,
              429066.28670000099
            ],
            [
              393485.80279999971,
              429072.1679999996
            ],
            [
              393511.92590000015,
              429092.81600000151
            ],
            [
              393541.12950000074,
              429087.49700000137
            ],
            [
              393567.69260000065,
              429077.90240000002
            ],
            [
              393597.01449999958,
              429062.05850000121
            ],
            [
              393611.46150000021,
              429054.25220000185
            ],
            [
              393645.54789999966,
              429056.81310000084
            ],
            [
              393658.13550000172,
              429070.13770000078
            ],
            [
              393655.90170000121,
              429094.68170000054
            ],
            [
              393644.91220000014,
              429113.66359999962
            ],
            [
              393618.34070000052,
              429138.87440000102
            ],
            [
              393587.28390000109,
              429159.62960000336
            ],
            [
              393575.28430000041,
              429184.3171999976
            ],
            [
              393551.84619999956,
              429198.2843000032
            ],
            [
              393542.36860000063,
              429214.84640000015
            ],
            [
              393553.81109999958,
              429227.1726000011
            ],
            [
              393567.23900000006,
              429222.39409999922
            ],
            [
              393581.61239999998,
              429208.65000000037
            ],
            [
              393611.10520000104,
              429203.99330000207
            ],
            [
              393598.74799999967,
              429228.70769999921
            ],
            [
              393599.89580000192,
              429242.28710000031
            ],
            [
              393613.44449999928,
              429254.59009999968
            ],
            [
              393631.0828999998,
              429267.04080000147
            ],
            [
              393633.88030000124,
              429292.04969999939
            ],
            [
              393607.48750000075,
              429301.67159999907
            ],
            [
              393577.15680000093,
              429313.33010000177
            ],
            [
              393559.28550000116,
              429296.76279999875
            ],
            [
              393524.28000000119,
              429287.20079999976
            ],
            [
              393509.21880000085,
              429287.58769999817
            ],
            [
              393500.32880000118,
              429292.03270000406
            ],
            [
              393489.32210000232,
              429297.53600000218
            ],
            [
              393479.17940000072,
              429306.59950000234
            ],
            [
              393472.57370000146,
              429314.64149999991
            ],
            [
              393479.04619999975,
              429319.0242999997
            ],
            [
              393500.33040000033,
              429323.74430000223
            ],
            [
              393517.46169999987,
              429341.34630000219
            ],
            [
              393523.63730000146,
              429356.01360000111
            ],
            [
              393522.11870000139,
              429369.35969999991
            ],
            [
              393516.86120000016,
              429383.90719999932
            ],
            [
              393534.46779999975,
              429392.0532000009
            ],
            [
              393547.13910000026,
              429392.65660000034
            ],
            [
              393567.80530000012,
              429393.64070000127
            ],
            [
              393578.54580000043,
              429384.87910000235
            ],
            [
              393687.07730000094,
              429395.73230000399
            ],
            [
              393770.28480000049,
              429424.67400000431
            ],
            [
              393817.31510000024,
              429435.52710000239
            ],
            [
              393846.25680000056,
              429475.32200000063
            ],
            [
              393904.14030000009,
              429489.79289999977
            ],
            [
              393936.6997000007,
              429540.44089999981
            ],
            [
              393958.40600000136,
              429659.82560000196
            ],
            [
              393990.96550000086,
              429808.15200000443
            ],
            [
              394056.08440000098,
              429923.91889999993
            ],
            [
              394081.408400001,
              430075.8629999999
            ],
            [
              394124.86699999869,
              430210.0177000016
            ],
            [
              394164.61590000056,
              430332.720900001
            ],
            [
              394218.88169999979,
              430481.04729999974
            ],
            [
              394381.67890000064,
              430654.69769999944
            ],
            [
              394519.15219999943,
              430817.49500000104
            ],
            [
              394577.03560000099,
              430907.93789999932
            ],
            [
              394656.62540000025,
              430929.64420000277
            ],
            [
              394743.4506000001,
              430973.05680000409
            ],
            [
              394880.92380000092,
              431099.67690000124
            ]
          ]
        ]
      }
    }
  ]
}