{
  "displayFieldName" : "",
  "fieldAliases" : {
    "FID" : "FID",
    "PMNTN_SN" : "PMNTN_SN",
    "MNTN_CODE" : "MNTN_CODE",
    "MNTN_NM" : "MNTN_NM",
    "PMNTN_NM" : "PMNTN_NM",
    "PMNTN_MAIN" : "PMNTN_MAIN",
    "PMNTN_LT" : "PMNTN_LT",
    "PMNTN_DFFL" : "PMNTN_DFFL",
    "PMNTN_UPPL" : "PMNTN_UPPL",
    "PMNTN_GODN" : "PMNTN_GODN",
    "PMNTN_MTRQ" : "PMNTN_MTRQ",
    "PMNTN_CNRL" : "PMNTN_CNRL",
    "PMNTN_CLS_" : "PMNTN_CLS_",
    "PMNTN_RISK" : "PMNTN_RISK",
    "PMNTN_RECO" : "PMNTN_RECO",
    "DATA_STDR_" : "DATA_STDR_",
    "MNTN_ID" : "MNTN_ID"
  },
  "geometryType" : "esriGeometryPolyline",
  "spatialReference" : {
    "wkt" : "PROJCS[\"PCS_ITRF2000_TM\",GEOGCS[\"GCS_ITRF_2000\",DATUM[\"D_ITRF_2000\",SPHEROID[\"GRS_1980\",6378137.0,298.257222101]],PRIMEM[\"Greenwich\",0.0],UNIT[\"Degree\",0.0174532925199433]],PROJECTION[\"Transverse_Mercator\"],PARAMETER[\"False_Easting\",200000.0],PARAMETER[\"False_Northing\",600000.0],PARAMETER[\"Central_Meridian\",127.0],PARAMETER[\"Scale_Factor\",1.0],PARAMETER[\"Latitude_Of_Origin\",38.0],UNIT[\"Meter\",1.0]]"
  },
  "fields" : [
    {
      "name" : "FID",
      "type" : "esriFieldTypeOID",
      "alias" : "FID"
    },
    {
      "name" : "PMNTN_SN",
      "type" : "esriFieldTypeDouble",
      "alias" : "PMNTN_SN"
    },
    {
      "name" : "MNTN_CODE",
      "type" : "esriFieldTypeString",
      "alias" : "MNTN_CODE",
      "length" : 9
    },
    {
      "name" : "MNTN_NM",
      "type" : "esriFieldTypeString",
      "alias" : "MNTN_NM",
      "length" : 50
    },
    {
      "name" : "PMNTN_NM",
      "type" : "esriFieldTypeString",
      "alias" : "PMNTN_NM",
      "length" : 50
    },
    {
      "name" : "PMNTN_MAIN",
      "type" : "esriFieldTypeString",
      "alias" : "PMNTN_MAIN",
      "length" : 200
    },
    {
      "name" : "PMNTN_LT",
      "type" : "esriFieldTypeSingle",
      "alias" : "PMNTN_LT"
    },
    {
      "name" : "PMNTN_DFFL",
      "type" : "esriFieldTypeString",
      "alias" : "PMNTN_DFFL",
      "length" : 8
    },
    {
      "name" : "PMNTN_UPPL",
      "type" : "esriFieldTypeDouble",
      "alias" : "PMNTN_UPPL"
    },
    {
      "name" : "PMNTN_GODN",
      "type" : "esriFieldTypeDouble",
      "alias" : "PMNTN_GODN"
    },
    {
      "name" : "PMNTN_MTRQ",
      "type" : "esriFieldTypeString",
      "alias" : "PMNTN_MTRQ",
      "length" : 200
    },
    {
      "name" : "PMNTN_CNRL",
      "type" : "esriFieldTypeString",
      "alias" : "PMNTN_CNRL",
      "length" : 1
    },
    {
      "name" : "PMNTN_CLS_",
      "type" : "esriFieldTypeString",
      "alias" : "PMNTN_CLS_",
      "length" : 1
    },
    {
      "name" : "PMNTN_RISK",
      "type" : "esriFieldTypeString",
      "alias" : "PMNTN_RISK",
      "length" : 200
    },
    {
      "name" : "PMNTN_RECO",
      "type" : "esriFieldTypeString",
      "alias" : "PMNTN_RECO",
      "length" : 1
    },
    {
      "name" : "DATA_STDR_",
      "type" : "esriFieldTypeString",
      "alias" : "DATA_STDR_",
      "length" : 10
    },
    {
      "name" : "MNTN_ID",
      "type" : "esriFieldTypeString",
      "alias" : "MNTN_ID",
      "length" : 10
    }
  ],
  "features" : [
    {
      "attributes" : {
        "FID" : 0,
        "PMNTN_SN" : 26710,
        "MNTN_CODE" : "416701701",
        "MNTN_NM" : "북성산",
        "PMNTN_NM" : "오계리구간",
        "PMNTN_MAIN" : " ",
        "PMNTN_LT" : 0.59,
        "PMNTN_DFFL" : "쉬움",
        "PMNTN_UPPL" : 10,
        "PMNTN_GODN" : 7,
        "PMNTN_MTRQ" : " ",
        "PMNTN_CNRL" : " ",
        "PMNTN_CLS_" : " ",
        "PMNTN_RISK" : " ",
        "PMNTN_RECO" : " ",
        "DATA_STDR_" : "2016-12-31",
        "MNTN_ID" : "416701701"
      },
      "geometry" : {
        "paths" : [
          [
            [
              251934.94989999942,
              520499.7303000018
            ],
            [
              251933.95079999976,
              520494.79030000232
            ],
            [
              251933.24570000079,
              520489.85380000249
            ],
            [
              251932.83460000064,
              520484.92090000212
            ],
            [
              251932.71760000009,
              520479.99159999937
            ],
            [
              251932.85950000118,
              520476.78380000032
            ],
            [
              251933.25480000116,
              520473.20900000259
            ],
            [
              251935.71140000131,
              520458.28650000319
            ],
            [
              251936.25640000124,
              520452.64290000126
            ],
            [
              251936.6018000003,
              520446.3375000041
            ],
            [
              251936.95029999968,
              520423.36879999749
            ],
            [
              251937.37150000036,
              520414.08240000159
            ],
            [
              251937.82229999918,
              520409.14130000211
            ],
            [
              251938.43699999992,
              520404.5596000012
            ],
            [
              251939.22740000114,
              520400.24909999967
            ],
            [
              251940.20210000034,
              520396.16500000097
            ],
            [
              251942.55740000028,
              520388.58240000345
            ],
            [
              251947.68660000153,
              520374.4598999992
            ],
            [
              251952.03760000132,
              520360.22360000387
            ],
            [
              251953.52000000048,
              520356.57690000348
            ],
            [
              251955.74930000119,
              520352.68320000172
            ],
            [
              251957.8161000004,
              520350.14710000157
            ],
            [
              251964.75900000054,
              520343.31140000001
            ],
            [
              251966.6269000005,
              520340.8394000046
            ],
            [
              251968.92619999964,
              520336.16090000048
            ],
            [
              251970.33610000182,
              520331.59200000204
            ],
            [
              251971.4140000008,
              520326.26750000007
            ],
            [
              251972.38550000172,
              520319.07440000214
            ],
            [
              251972.71400000062,
              520312.81820000149
            ],
            [
              251972.38550000172,
              520298.86620000191
            ],
            [
              251972.64070000127,
              520285.30519999936
            ],
            [
              251973.13400000054,
              520276.41259999946
            ],
            [
              251973.89380000066,
              520270.0428000018
            ],
            [
              251976.69350000005,
              520253.93240000121
            ],
            [
              251977.62470000051,
              520246.47450000234
            ],
            [
              251977.91289999988,
              520240.6986000035
            ],
            [
              251978.05520000122,
              520227.89820000157
            ],
            [
              251978.37320000026,
              520222.5241000019
            ],
            [
              251979.82469999976,
              520210.97330000065
            ],
            [
              251982.11539999954,
              520198.5736000035
            ],
            [
              251984.82480000053,
              520186.36090000346
            ],
            [
              251986.037200002,
              520182.11910000257
            ],
            [
              251987.35460000113,
              520178.36540000141
            ],
            [
              251989.03820000123,
              520174.39980000257
            ],
            [
              251991.06740000099,
              520170.26550000347
            ],
            [
              251993.46960000135,
              520165.90469999984
            ],
            [
              251996.33600000013,
              520161.1510000024
            ],
            [
              251998.98560000211,
              520157.24250000156
            ],
            [
              252006.06590000167,
              520147.67879999802
            ],
            [
              252014.10130000021,
              520136.78949999996
            ],
            [
              252016.00129999965,
              520133.52449999936
            ],
            [
              252017.29270000104,
              520130.4644000046
            ],
            [
              252018.42030000035,
              520126.10390000232
            ],
            [
              252019.05110000167,
              520121.22620000131
            ],
            [
              252019.175400001,
              520115.89660000056
            ],
            [
              252018.78960000072,
              520110.25620000437
            ],
            [
              252017.91159999929,
              520105.85940000229
            ],
            [
              252015.20359999966,
              520097.36069999821
            ],
            [
              252014.29889999982,
              520093.79030000232
            ],
            [
              252013.26499999966,
              520087.75030000135
            ],
            [
              252012.54230000172,
              520081.70890000276
            ],
            [
              252012.13740000036,
              520075.72250000387
            ],
            [
              252012.05350000132,
              520069.83980000205
            ],
            [
              252012.24930000026,
              520064.45119999908
            ],
            [
              252012.69170000218,
              520059.13159999996
            ],
            [
              252013.37660000101,
              520053.9290000014
            ],
            [
              252014.29889999982,
              520048.88309999928
            ],
            [
              252015.49010000005,
              520043.89760000072
            ],
            [
              252014.75899999961,
              520038.23790000193
            ],
            [
              252013.10870000068,
              520031.90100000054
            ],
            [
              252014.78410000075,
              520027.39320000075
            ],
            [
              252017.51840000227,
              520019.93069999851
            ],
            [
              252020.71880000085,
              520015.76610000432
            ],
            [
              252023.15259999968,
              520012.09930000082
            ],
            [
              252025.73180000018,
              520008.53769999929
            ],
            [
              252030.74120000005,
              520004.91990000196
            ],
            [
              252036.67080000229,
              520001.02180000022
            ],
            [
              252040.93819999974,
              519999.36319999956
            ],
            [
              252043.29700000025,
              519995.7108000014
            ],
            [
              252047.29540000111,
              519992.17280000076
            ],
            [
              252051.69000000041,
              519983.29900000244
            ],
            [
              252052.46360000037,
              519978.99130000174
            ],
            [
              252057.23650000058,
              519974.84029999934
            ],
            [
              252062.03289999999,
              519970.17100000195
            ],
            [
              252069.68429999985,
              519966.55340000242
            ],
            [
              252071.67449999973,
              519962.99700000137
            ],
            [
              252073.46060000081,
              519959.31669999845
            ],
            [
              252075.04260000121,
              519955.51239999942
            ],
            [
              252076.42040000111,
              519951.58430000208
            ]
          ]
        ]
      }
    },
    {
      "attributes" : {
        "FID" : 1,
        "PMNTN_SN" : 26711,
        "MNTN_CODE" : "416701701",
        "MNTN_NM" : "북성산",
        "PMNTN_NM" : "매류리구간",
        "PMNTN_MAIN" : " ",
        "PMNTN_LT" : 1.21,
        "PMNTN_DFFL" : "쉬움",
        "PMNTN_UPPL" : 21,
        "PMNTN_GODN" : 15,
        "PMNTN_MTRQ" : " ",
        "PMNTN_CNRL" : " ",
        "PMNTN_CLS_" : " ",
        "PMNTN_RISK" : " ",
        "PMNTN_RECO" : " ",
        "DATA_STDR_" : "2016-12-31",
        "MNTN_ID" : "416701701"
      },
      "geometry" : {
        "paths" : [
          [
            [
              251934.94989999942,
              520499.7303000018
            ],
            [
              251929.93989999965,
              520500.09690000117
            ],
            [
              251925.02869999968,
              520500.04790000245
            ],
            [
              251920.21650000103,
              520499.58320000023
            ],
            [
              251915.50320000015,
              520498.70300000161
            ],
            [
              251912.37740000058,
              520497.79210000113
            ],
            [
              251908.96590000112,
              520496.4421999976
            ],
            [
              251896.79190000053,
              520490.47000000253
            ],
            [
              251882.53749999963,
              520484.68920000456
            ],
            [
              251878.87100000121,
              520482.78140000254
            ],
            [
              251874.82710000034,
              520479.87160000205
            ],
            [
              251871.73950000107,
              520476.84710000083
            ],
            [
              251865.47120000049,
              520469.16819999926
            ],
            [
              251863.11150000058,
              520466.51950000226
            ],
            [
              251854.85180000123,
              520458.27590000071
            ],
            [
              251847.39400000218,
              520451.55050000176
            ],
            [
              251843.93769999966,
              520448.94769999944
            ],
            [
              251834.12890000083,
              520442.48480000161
            ],
            [
              251831.49370000139,
              520440.29150000028
            ],
            [
              251829.43110000063,
              520438.07830000296
            ],
            [
              251827.69709999952,
              520435.49510000087
            ],
            [
              251826.18710000161,
              520432.32800000161
            ],
            [
              251824.95820000023,
              520428.89269999973
            ],
            [
              251821.99980000034,
              520419.25650000013
            ],
            [
              251820.29820000008,
              520415.30430000089
            ],
            [
              251817.51260000095,
              520410.57920000143
            ],
            [
              251815.03450000193,
              520407.02710000239
            ],
            [
              251812.26190000027,
              520403.46409999952
            ],
            [
              251809.18609999958,
              520399.87920000404
            ],
            [
              251802.09740000125,
              520392.60660000145
            ],
            [
              251793.50540000107,
              520384.9382000044
            ],
            [
              251790.15020000003,
              520382.42910000123
            ],
            [
              251781.25980000105,
              520376.64130000211
            ],
            [
              251777.98950000014,
              520373.88350000046
            ],
            [
              251774.14690000005,
              520369.27080000192
            ],
            [
              251768.80650000088,
              520360.98770000041
            ],
            [
              251758.15850000083,
              520346.38760000095
            ],
            [
              251753.83749999944,
              520340.03110000119
            ],
            [
              251750.7153000012,
              520334.69200000167
            ],
            [
              251744.00370000117,
              520321.94419999979
            ],
            [
              251740.36530000065,
              520316.08060000092
            ],
            [
              251737.80750000011,
              520312.76330000348
            ],
            [
              251731.25939999986,
              520305.1763000004
            ],
            [
              251728.39010000043,
              520301.11150000058
            ],
            [
              251725.87729999982,
              520296.50799999945
            ],
            [
              251723.64320000168,
              520291.54830000177
            ],
            [
              251721.72339999955,
              520286.31140000187
            ],
            [
              251720.15710000228,
              520280.90330000035
            ],
            [
              251719.0775000006,
              520275.70240000449
            ],
            [
              251718.34940000065,
              520270.03390000202
            ],
            [
              251717.9645999996,
              520263.84270000271
            ],
            [
              251717.91180000082,
              520256.95289999992
            ],
            [
              251718.22550000064,
              520250.21740000322
            ],
            [
              251718.96129999869,
              520243.42140000314
            ],
            [
              251720.10930000059,
              520236.65430000238
            ],
            [
              251721.6540000001,
              520230.00860000029
            ],
            [
              251722.78120000102,
              520226.18420000188
            ],
            [
              251724.23770000041,
              520221.99650000408
            ],
            [
              251729.13850000128,
              520209.80040000007
            ],
            [
              251738.12000000104,
              520189.59219999984
            ],
            [
              251741.62849999964,
              520180.7762000002
            ],
            [
              251745.6045000013,
              520170.13240000233
            ],
            [
              251750.97520000115,
              520157.35150000267
            ],
            [
              251751.96430000104,
              520153.82300000452
            ],
            [
              251752.30290000141,
              520149.55749999918
            ],
            [
              251751.62070000079,
              520144.85950000398
            ],
            [
              251750.43379999977,
              520140.98409999907
            ],
            [
              251747.98139999993,
              520135.43040000089
            ],
            [
              251743.35910000186,
              520126.72220000066
            ],
            [
              251741.83500000089,
              520124.08630000055
            ],
            [
              251739.96050000004,
              520121.26899999939
            ],
            [
              251732.17200000118,
              520110.98029999994
            ],
            [
              251729.13850000128,
              520106.5139000006
            ],
            [
              251726.89180000126,
              520102.38260000013
            ],
            [
              251721.63030000031,
              520091.18869999982
            ],
            [
              251719.80999999959,
              520088.11260000058
            ],
            [
              251717.91180000082,
              520085.55730000138
            ],
            [
              251715.7527999999,
              520083.25800000131
            ],
            [
              251713.08800000139,
              520080.90430000238
            ],
            [
              251701.44579999987,
              520072.08510000259
            ],
            [
              251690.99370000139,
              520063.15059999935
            ],
            [
              251683.48290000111,
              520056.36759999767
            ],
            [
              251672.15570000093,
              520044.75230000354
            ],
            [
              251667.76550000068,
              520040.6501000002
            ],
            [
              251663.59220000077,
              520037.38570000045
            ],
            [
              251654.12260000128,
              520030.75900000148
            ],
            [
              251650.55100000091,
              520027.92650000006
            ],
            [
              251645.33229999896,
              520023.34029999934
            ],
            [
              251641.51779999956,
              520019.71920000203
            ],
            [
              251638.28729999997,
              520016.28420000151
            ],
            [
              251635.58200000133,
              520012.95740000159
            ],
            [
              251632.07830000017,
              520007.5324000027
            ],
            [
              251626.60060000047,
              519997.23990000226
            ],
            [
              251615.37380000111,
              519975.53480000049
            ],
            [
              251610.43580000009,
              519966.84630000219
            ],
            [
              251604.8955000015,
              519957.57190000452
            ],
            [
              251598.70280000102,
              519947.48970000073
            ],
            [
              251594.41710000113,
              519941.10600000247
            ],
            [
              251588.91319999937,
              519934.40810000151
            ],
            [
              251586.47570000123,
              519930.35160000063
            ],
            [
              251585.04930000007,
              519925.84889999963
            ],
            [
              251584.46130000055,
              519921.8925999999
            ],
            [
              251584.30260000098,
              519916.4354000017
            ],
            [
              251584.68719999958,
              519904.43180000037
            ],
            [
              251584.93400000129,
              519898.0576000046
            ],
            [
              251586.18410000019,
              519882.72670000046
            ],
            [
              251586.37250000145,
              519867.66929999925
            ],
            [
              251586.93259999994,
              519861.02160000242
            ],
            [
              251588.2751000002,
              519854.59850000218
            ],
            [
              251592.17179999966,
              519840.8134000022
            ],
            [
              251595.8758000005,
              519826.42750000022
            ],
            [
              251597.41089999955,
              519818.35979999974
            ],
            [
              251597.77830000035,
              519814.87390000001
            ],
            [
              251597.97479999997,
              519810.97749999911
            ],
            [
              251597.95680000074,
              519797.01129999757
            ],
            [
              251598.15940000117,
              519791.41550000012
            ],
            [
              251598.9916000003,
              519782.82430000044
            ],
            [
              251601.90160000138,
              519759.98050000146
            ],
            [
              251603.0167000005,
              519740.75840000249
            ],
            [
              251603.4896000009,
              519736.26900000125
            ],
            [
              251604.14699999895,
              519732.28779999912
            ],
            [
              251606.01360000018,
              519725.15890000202
            ],
            [
              251611.63150000013,
              519708.33730000444
            ],
            [
              251616.15150000062,
              519693.4868999999
            ],
            [
              251617.11620000098,
              519689.09439999983
            ],
            [
              251617.61909999978,
              519685.13530000299
            ],
            [
              251617.68560000136,
              519681.46600000188
            ],
            [
              251617.36349999998,
              519677.3507000003
            ],
            [
              251615.18859999906,
              519664.2014000006
            ],
            [
              251614.62530000135,
              519659.68790000305
            ],
            [
              251614.28470000066,
              519654.28219999932
            ],
            [
              251613.80539999902,
              519640.72159999982
            ],
            [
              251613.12840000074,
              519633.49210000038
            ],
            [
              251611.58749999944,
              519624.45840000175
            ],
            [
              251609.38620000053,
              519614.78079999983
            ],
            [
              251607.00899999961,
              519604.23599999957
            ],
            [
              251605.72120000049,
              519599.57820000127
            ],
            [
              251603.99370000139,
              519595.16760000028
            ],
            [
              251601.1688000001,
              519590.68190000206
            ],
            [
              251598.56219999958,
              519587.95950000174
            ],
            [
              251591.16530000139,
              519582.10099999979
            ],
            [
              251588.42950000055,
              519579.60349999927
            ],
            [
              251584.82050000038,
              519575.66119999997
            ],
            [
              251581.25439999998,
              519571.36200000346
            ],
            [
              251577.72250000015,
              519566.69550000317
            ],
            [
              251574.20889999997,
              519561.64070000127
            ],
            [
              251571.02710000053,
              519556.66169999912
            ],
            [
              251568.08420000039,
              519551.61450000107
            ],
            [
              251565.39790000021,
              519546.52930000052
            ],
            [
              251562.9821000006,
              519541.43250000104
            ],
            [
              251561.20189999975,
              519536.96470000409
            ],
            [
              251557.8730000006,
              519527.02040000074
            ],
            [
              251556.24610000011,
              519522.72110000253
            ],
            [
              251554.57230000012,
              519519.28759999946
            ],
            [
              251549.19260000065,
              519509.80370000191
            ],
            [
              251547.95560000185,
              519506.79030000232
            ],
            [
              251547.26459999941,
              519504.00980000198
            ],
            [
              251546.84979999904,
              519499.30880000256
            ],
            [
              251547.08579999954,
              519494.49840000272
            ],
            [
              251547.97250000108,
              519489.57890000194
            ],
            [
              251549.50999999978,
              519484.55010000244
            ]
          ]
        ]
      }
    },
    {
      "attributes" : {
        "FID" : 2,
        "PMNTN_SN" : 26712,
        "MNTN_CODE" : "416701701",
        "MNTN_NM" : "북성산",
        "PMNTN_NM" : " ",
        "PMNTN_MAIN" : " ",
        "PMNTN_LT" : 0.75,
        "PMNTN_DFFL" : "쉬움",
        "PMNTN_UPPL" : 13,
        "PMNTN_GODN" : 9,
        "PMNTN_MTRQ" : " ",
        "PMNTN_CNRL" : " ",
        "PMNTN_CLS_" : " ",
        "PMNTN_RISK" : " ",
        "PMNTN_RECO" : " ",
        "DATA_STDR_" : "2016-12-31",
        "MNTN_ID" : "416701701"
      },
      "geometry" : {
        "paths" : [
          [
            [
              253542.0541000003,
              520781.00990000367
            ],
            [
              253535.14070000127,
              520774.81699999981
            ],
            [
              253530.77480000071,
              520771.07110000029
            ],
            [
              253524.99710000027,
              520768.9699000027
            ],
            [
              253520.0727000013,
              520765.02459999919
            ],
            [
              253517.94680000003,
              520761.85370000266
            ],
            [
              253515.5745000001,
              520759.39500000328
            ],
            [
              253512.95610000007,
              520757.64860000461
            ],
            [
              253509.14890000131,
              520756.46700000204
            ],
            [
              253505.35120000131,
              520756.35539999977
            ],
            [
              253502.14650000073,
              520757.2731999997
            ],
            [
              253497.81860000081,
              520760.89079999924
            ],
            [
              253494.23369999975,
              520762.06030000001
            ],
            [
              253485.87850000151,
              520761.85639999993
            ],
            [
              253480.11760000139,
              520761.53319999948
            ],
            [
              253475.89379999973,
              520760.85790000297
            ],
            [
              253472.91999999993,
              520759.90930000134
            ],
            [
              253465.65950000193,
              520756.86400000006
            ],
            [
              253456.84490000084,
              520754.64790000208
            ],
            [
              253452.54050000012,
              520752.85490000248
            ],
            [
              253446.18930000067,
              520748.62659999914
            ],
            [
              253441.48140000179,
              520746.51370000094
            ],
            [
              253433.70840000082,
              520743.88389999978
            ],
            [
              253425.88130000141,
              520741.16010000184
            ],
            [
              253421.83000000007,
              520741.3571000006
            ],
            [
              253417.58230000082,
              520743.35229999945
            ],
            [
              253413.88480000105,
              520742.9813000001
            ],
            [
              253407.74820000026,
              520738.64190000296
            ],
            [
              253400.50930000003,
              520732.65110000223
            ],
            [
              253391.77269999962,
              520725.16259999946
            ],
            [
              253383.78500000015,
              520717.67410000041
            ],
            [
              253375.54760000017,
              520710.43520000204
            ],
            [
              253368.81779999938,
              520703.73830000125
            ],
            [
              253365.97890000232,
              520701.19930000231
            ],
            [
              253359.99909999873,
              520696.70850000158
            ],
            [
              253354.66290000081,
              520693.54439999908
            ],
            [
              253351.02569999918,
              520692.00830000266
            ],
            [
              253342.68130000029,
              520689.21770000458
            ],
            [
              253334.40720000025,
              520686.07579999976
            ],
            [
              253329.36840000004,
              520683.89250000194
            ],
            [
              253318.38520000037,
              520677.90169999935
            ],
            [
              253313.42450000159,
              520675.93119999953
            ],
            [
              253307.74140000064,
              520674.2106000036
            ],
            [
              253301.51080000028,
              520672.73729999922
            ],
            [
              253290.76090000197,
              520670.57960000075
            ],
            [
              253281.13999999966,
              520669.02900000103
            ],
            [
              253277.44790000003,
              520668.2498000022
            ],
            [
              253269.80429999996,
              520665.87769999914
            ],
            [
              253261.80520000029,
              520662.59180000052
            ],
            [
              253250.26740000024,
              520656.37910000049
            ],
            [
              253246.62220000196,
              520654.90410000272
            ],
            [
              253236.95440000109,
              520651.49770000018
            ],
            [
              253227.99860000145,
              520647.53580000065
            ],
            [
              253224.52900000196,
              520646.1726000011
            ],
            [
              253218.35510000028,
              520644.25030000135
            ],
            [
              253211.65989999939,
              520642.62240000069
            ],
            [
              253204.87470000144,
              520641.45270000212
            ],
            [
              253195.68440000061,
              520640.40359999985
            ],
            [
              253186.79289999977,
              520639.92009999976
            ],
            [
              253183.25899999961,
              520639.51610000059
            ],
            [
              253177.40700000059,
              520638.19639999978
            ],
            [
              253170.38980000094,
              520635.96600000001
            ],
            [
              253167.51560000051,
              520634.78050000034
            ],
            [
              253160.70900000073,
              520631.46580000035
            ],
            [
              253157.07690000068,
              520630.19700000249
            ],
            [
              253152.91770000011,
              520629.47170000151
            ],
            [
              253145.53899999987,
              520628.86570000276
            ],
            [
              253135.32650000136,
              520628.80540000275
            ],
            [
              253131.91780000087,
              520628.25100000203
            ],
            [
              253127.70779999997,
              520626.44120000117
            ],
            [
              253120.1903999988,
              520620.81859999895
            ],
            [
              253114.54080000054,
              520614.01380000263
            ],
            [
              253111.50580000039,
              520613.98009999841
            ],
            [
              253108.2304999996,
              520622.09860000201
            ],
            [
              253105.10900000203,
              520629.17109999992
            ],
            [
              253103.06670000125,
              520632.54770000093
            ],
            [
              253099.84790000133,
              520634.88390000165
            ],
            [
              253095.48800000083,
              520635.10349999927
            ],
            [
              253089.62470000144,
              520634.19089999981
            ],
            [
              253082.7658000011,
              520632.69509999827
            ],
            [
              253078.88389999978,
              520630.78570000455
            ],
            [
              253072.55170000065,
              520624.41370000318
            ],
            [
              253069.01989999879,
              520624.85490000434
            ],
            [
              253066.1071000006,
              520627.03089999966
            ],
            [
              253063.26200000104,
              520630.12729999982
            ],
            [
              253061.48580000084,
              520632.96560000256
            ],
            [
              253059.00500000082,
              520639.07230000012
            ],
            [
              253058.09480000194,
              520642.35130000114
            ],
            [
              253056.80620000046,
              520649.83650000021
            ],
            [
              253055.89860000089,
              520652.82899999991
            ],
            [
              253053.80829999968,
              520656.8526000008
            ],
            [
              253047.91080000158,
              520665.69820000045
            ],
            [
              253041.25440000184,
              520678.12360000424
            ],
            [
              253035.28170000017,
              520688.1996000018
            ],
            [
              253033.64450000133,
              520692.34060000069
            ],
            [
              253032.85060000047,
              520697.32300000079
            ],
            [
              253032.82290000003,
              520703.41819999926
            ],
            [
              253032.99920000136,
              520709.20170000009
            ],
            [
              253033.71040000021,
              520718.50610000268
            ],
            [
              253035.04169999994,
              520732.70659999922
            ],
            [
              253037.26049999986,
              520746.0195000004
            ],
            [
              253038.6380000012,
              520757.18150000274
            ],
            [
              253039.47929999977,
              520761.99500000104
            ],
            [
              253040.57189999986,
              520765.44490000233
            ],
            [
              253041.97619999945,
              520769.87910000421
            ],
            [
              253042.58570000064,
              520773.08920000121
            ],
            [
              253042.69579999987,
              520776.30110000446
            ],
            [
              253042.50569999963,
              520779.35379999876
            ],
            [
              253041.63829999976,
              520783.38610000163
            ],
            [
              253039.61380000133,
              520787.62280000374
            ],
            [
              253035.48539999966,
              520793.05850000121
            ],
            [
              253030.76520000212,
              520799.29620000347
            ],
            [
              253028.82899999991,
              520802.37759999931
            ],
            [
              253027.33559999894,
              520805.51029999927
            ],
            [
              253026.09820000082,
              520808.77339999937
            ],
            [
              253025.11679999903,
              520812.16679999977
            ],
            [
              253024.39130000118,
              520815.69050000235
            ]
          ]
        ]
      }
    },
    {
      "attributes" : {
        "FID" : 3,
        "PMNTN_SN" : 26713,
        "MNTN_CODE" : "416701701",
        "MNTN_NM" : "북성산",
        "PMNTN_NM" : " ",
        "PMNTN_MAIN" : " ",
        "PMNTN_LT" : 1.26,
        "PMNTN_DFFL" : "쉬움",
        "PMNTN_UPPL" : 22,
        "PMNTN_GODN" : 16,
        "PMNTN_MTRQ" : " ",
        "PMNTN_CNRL" : " ",
        "PMNTN_CLS_" : " ",
        "PMNTN_RISK" : " ",
        "PMNTN_RECO" : " ",
        "DATA_STDR_" : "2016-12-31",
        "MNTN_ID" : "416701701"
      },
      "geometry" : {
        "paths" : [
          [
            [
              253024.39130000118,
              520815.69050000235
            ],
            [
              253020.71740000043,
              520814.98700000159
            ],
            [
              253017.34800000116,
              520814.90040000342
            ],
            [
              253014.28290000185,
              520815.43070000038
            ],
            [
              253010.53699999955,
              520817.36270000413
            ],
            [
              253005.60380000155,
              520823.33370000124
            ],
            [
              253001.85049999971,
              520826.43410000205
            ],
            [
              252997.76550000068,
              520829.00349999964
            ],
            [
              252994.88779999968,
              520830.41440000199
            ],
            [
              252987.92470000125,
              520833.09650000185
            ],
            [
              252984.10780000128,
              520835.3935000021
            ],
            [
              252981.69469999988,
              520837.57840000279
            ],
            [
              252976.67129999958,
              520843.3666999992
            ],
            [
              252974.68969999999,
              520845.42270000279
            ],
            [
              252968.7089999998,
              520851.33789999969
            ],
            [
              252965.8543000007,
              520853.33630000055
            ],
            [
              252962.53770000022,
              520854.70000000112
            ],
            [
              252959.73749999981,
              520855.26710000075
            ],
            [
              252956.49390000012,
              520855.5672999993
            ],
            [
              252952.50150000211,
              520855.62930000015
            ],
            [
              252948.42740000132,
              520855.42730000056
            ],
            [
              252944.66690000147,
              520854.91060000099
            ],
            [
              252941.28210000042,
              520854.08799999952
            ],
            [
              252938.30110000074,
              520852.96670000255
            ],
            [
              252935.7182,
              520851.54810000211
            ],
            [
              252933.04350000061,
              520849.60789999925
            ],
            [
              252930.22979999986,
              520847.12550000101
            ],
            [
              252926.76319999993,
              520843.64770000055
            ],
            [
              252924.65530000068,
              520841.15790000185
            ],
            [
              252920.39040000085,
              520835.10480000079
            ],
            [
              252918.33169999998,
              520832.55360000022
            ],
            [
              252915.13300000038,
              520829.17320000008
            ],
            [
              252913.18890000042,
              520827.11870000139
            ],
            [
              252910.41480000131,
              520824.83250000142
            ],
            [
              252906.74060000014,
              520822.60940000229
            ],
            [
              252900.13730000053,
              520819.68439999968
            ],
            [
              252890.37450000178,
              520814.35920000263
            ],
            [
              252882.29549999908,
              520810.01090000197
            ],
            [
              252877.50530000124,
              520807.70280000195
            ],
            [
              252870.35039999988,
              520804.79159999825
            ],
            [
              252864.19240000099,
              520802.82140000165
            ],
            [
              252859.49310000055,
              520801.88140000217
            ],
            [
              252849.96040000115,
              520800.80130000226
            ],
            [
              252845.9981000023,
              520800.15880000219
            ],
            [
              252841.9822000023,
              520799.15130000189
            ],
            [
              252832.56780000124,
              520796.29590000026
            ],
            [
              252827.80370000005,
              520795.27740000188
            ],
            [
              252815.82210000139,
              520794.38980000094
            ],
            [
              252808.19529999886,
              520792.59690000117
            ],
            [
              252804.89529999904,
              520793.81520000286
            ],
            [
              252799.37299999967,
              520801.0019000005
            ],
            [
              252794.26430000179,
              520805.53370000236
            ],
            [
              252790.36039999966,
              520808.04710000195
            ],
            [
              252785.99970000051,
              520808.84200000204
            ],
            [
              252781.82580000162,
              520806.76260000095
            ],
            [
              252775.43960000202,
              520801.49010000192
            ],
            [
              252765.23300000001,
              520793.05850000121
            ],
            [
              252757.37150000036,
              520787.52820000239
            ],
            [
              252754.86679999996,
              520785.34789999947
            ],
            [
              252752.51620000135,
              520782.57360000163
            ],
            [
              252748.81369999982,
              520777.08300000057
            ],
            [
              252742.15720000211,
              520769.09530000389
            ],
            [
              252738.32760000136,
              520762.93649999984
            ],
            [
              252735.52660000138,
              520759.97199999914
            ],
            [
              252731.72740000114,
              520757.44360000081
            ],
            [
              252727.80160000082,
              520755.73680000193
            ],
            [
              252722.97160000075,
              520755.36210000142
            ],
            [
              252719.72450000048,
              520756.83570000343
            ],
            [
              252714.97869999986,
              520761.74580000155
            ],
            [
              252709.14690000098,
              520766.22149999999
            ],
            [
              252704.96180000063,
              520768.35730000027
            ],
            [
              252701.30439999979,
              520768.72450000048
            ],
            [
              252698.18010000046,
              520768.02300000377
            ],
            [
              252694.7639000006,
              520766.6612999998
            ],
            [
              252688.90550000221,
              520763.77010000125
            ],
            [
              252683.69629999995,
              520760.7778000012
            ],
            [
              252676.03630000167,
              520755.33860000037
            ],
            [
              252670.96059999987,
              520751.55880000256
            ],
            [
              252666.27350000013,
              520747.7946000006
            ],
            [
              252659.77639999986,
              520741.61280000396
            ],
            [
              252656.95449999999,
              520739.36309999973
            ],
            [
              252653.58560000081,
              520737.56530000083
            ],
            [
              252645.03050000034,
              520734.48670000024
            ],
            [
              252641.42270000093,
              520732.70659999922
            ],
            [
              252638.64410000015,
              520730.79800000228
            ],
            [
              252635.74230000097,
              520728.45630000159
            ],
            [
              252628.55360000115,
              520721.61250000261
            ],
            [
              252624.96460000053,
              520717.68590000086
            ],
            [
              252616.12820000201,
              520706.96829999983
            ],
            [
              252611.76430000085,
              520702.57809999958
            ],
            [
              252602.92300000042,
              520694.72320000269
            ],
            [
              252599.45980000217,
              520691.4475000035
            ],
            [
              252596.1360000018,
              520687.84180000238
            ],
            [
              252592.78110000119,
              520683.12360000052
            ],
            [
              252589.0438000001,
              520675.96220000088
            ],
            [
              252587.2834999999,
              520673.24220000394
            ],
            [
              252584.70570000075,
              520670.20309999958
            ],
            [
              252581.51450000051,
              520667.0295000039
            ],
            [
              252577.20970000047,
              520663.49369999953
            ],
            [
              252571.30800000113,
              520659.48550000042
            ],
            [
              252568.29430000205,
              520657.70940000191
            ],
            [
              252564.80740000121,
              520655.95189999975
            ],
            [
              252552.94560000021,
              520650.84420000389
            ],
            [
              252548.67599999998,
              520648.83510000072
            ],
            [
              252542.32830000017,
              520645.34119999968
            ],
            [
              252539.35690000094,
              520643.95370000042
            ],
            [
              252536.55480000097,
              520642.98520000279
            ],
            [
              252533.3478000015,
              520642.15970000066
            ],
            [
              252523.38140000217,
              520640.40359999985
            ],
            [
              252513.3319000015,
              520638.90259999968
            ],
            [
              252504.74330000021,
              520638.18480000086
            ],
            [
              252500.54169999994,
              520638.33130000159
            ],
            [
              252492.54180000164,
              520639.4012000002
            ],
            [
              252489.38500000071,
              520639.67109999992
            ],
            [
              252486.19759999961,
              520639.59600000083
            ],
            [
              252482.54440000094,
              520638.73160000145
            ],
            [
              252479.74909999967,
              520637.35920000263
            ],
            [
              252472.00430000015,
              520631.70599999838
            ],
            [
              252469.23580000084,
              520630.15920000337
            ],
            [
              252464.87999999989,
              520628.78710000031
            ],
            [
              252453.75230000075,
              520627.42360000126
            ],
            [
              252449.7165000001,
              520626.64690000005
            ],
            [
              252445.55040000007,
              520625.38450000063
            ],
            [
              252441.02070000023,
              520623.71800000221
            ],
            [
              252428.4159000013,
              520618.21539999917
            ],
            [
              252419.72070000134,
              520615.05350000039
            ],
            [
              252416.27000000048,
              520613.18310000189
            ],
            [
              252413.79400000069,
              520609.76360000111
            ],
            [
              252411.55280000065,
              520600.90860000253
            ],
            [
              252408.94259999879,
              520593.66679999977
            ],
            [
              252406.67140000034,
              520588.92699999921
            ],
            [
              252404.28990000207,
              520585.11720000394
            ],
            [
              252401.77369999979,
              520581.74900000356
            ],
            [
              252399.15870000049,
              520578.86999999918
            ],
            [
              252396.46480000019,
              520576.50159999914
            ],
            [
              252393.23139999993,
              520574.28870000318
            ],
            [
              252389.67769999988,
              520572.38690000027
            ],
            [
              252385.96879999992,
              520570.88409999944
            ],
            [
              252380.96439999994,
              520569.63140000217
            ],
            [
              252376.78540000133,
              520569.20399999991
            ],
            [
              252369.83899999969,
              520569.40130000375
            ],
            [
              252366.21680000052,
              520569.89340000041
            ],
            [
              252357.85730000027,
              520571.62020000443
            ],
            [
              252347.12069999985,
              520573.50940000266
            ],
            [
              252343.88350000046,
              520573.81830000132
            ],
            [
              252340.99430000037,
              520573.83900000155
            ],
            [
              252337.9935000008,
              520573.54520000331
            ],
            [
              252334.66019999888,
              520572.9058000017
            ],
            [
              252323.6875,
              520569.84510000423
            ],
            [
              252313.91320000123,
              520567.1761000026
            ],
            [
              252307.26820000075,
              520564.96370000392
            ],
            [
              252300.30650000088,
              520562.08120000176
            ],
            [
              252293.51149999909,
              520558.75100000389
            ],
            [
              252290.17660000175,
              520559.5223000031
            ],
            [
              252286.84620000049,
              520560.07520000264
            ],
            [
              252283.52010000031,
              520560.40980000049
            ],
            [
              252278.87980000116,
              520560.46140000224
            ],
            [
              252274.62519999966,
              520559.99100000225
            ],
            [
              252262.44800000079,
              520557.41970000044
            ],
            [
              252253.95540000126,
              520555.75120000355
            ],
            [
              252250.6054000007,
              520555.59869999997
            ],
            [
              252246.76169999968,
              520556.33500000089
            ],
            [
              252241.52979999967,
              520558.48619999923
            ],
            [
              252238.3590000011,
              520559.37920000218
            ],
            [
              252230.85699999984,
              520560.42060000077
            ],
            [
              252227.46630000044,
              520562.27430000156
            ],
            [
              252221.74200000148,
              520569.14030000195
            ],
            [
              252217.6547000017,
              520570.5803999994
            ],
            [
              252208.30879999977,
              520570.28890000097
            ],
            [
              252202.49830000103,
              520569.98489999957
            ],
            [
              252197.658400001,
              520569.40130000375
            ],
            [
              252192.51310000103,
              520568.2936000023
            ],
            [
              252185.67680000048,
              520566.29500000179
            ],
            [
              252178.48890000023,
              520563.48830000125
            ],
            [
              252174.73960000183,
              520563.75410000421
            ],
            [
              252172.36480000056,
              520565.30100000277
            ],
            [
              252166.63509999961,
              520570.00030000135
            ],
            [
              252163.08429999929,
              520570.43290000409
            ],
            [
              252154.2564000003,
              520565.14650000259
            ],
            [
              252149.83080000151,
              520564.69450000301
            ],
            [
              252141.30030000024,
              520567.18250000104
            ],
            [
              252134.13790000044,
              520568.74510000274
            ],
            [
              252129.76250000019,
              520569.40130000375
            ],
            [
              252122.35200000089,
              520569.92140000314
            ],
            [
              252118.51040000003,
              520569.59710000083
            ],
            [
              252113.85210000072,
              520568.19910000265
            ],
            [
              252110.05760000087,
              520566.32020000182
            ],
            [
              252107.13049999997,
              520564.51990000159
            ],
            [
              252104.37339999992,
              520562.53150000051
            ],
            [
              252100.07650000043,
              520558.81990000233
            ],
            [
              252095.27970000077,
              520553.63470000215
            ],
            [
              252092.03080000076,
              520551.12780000083
            ],
            [
              252088.97519999929,
              520549.66860000044
            ],
            [
              252080.06090000086,
              520546.76940000057
            ],
            [
              252071.06820000056,
              520542.9242000021
            ],
            [
              252066.74789999984,
              520541.44420000352
            ],
            [
              252062.02840000018,
              520540.50129999965
            ],
            [
              252051.21619999968,
              520539.22540000081
            ],
            [
              252039.32400000002,
              520536.847000001
            ],
            [
              252034.35310000181,
              520536.11900000088
            ],
            [
              252031.17950000055,
              520535.95600000024
            ],
            [
              252023.72460000031,
              520535.98300000094
            ],
            [
              252020.15270000044,
              520535.67520000041
            ],
            [
              252015.0784,
              520534.44270000048
            ],
            [
              252003.28959999979,
              520530.35010000318
            ],
            [
              251996.18589999992,
              520528.50820000097
            ],
            [
              251986.87040000129,
              520526.35620000027
            ],
            [
              251976.39030000102,
              520524.46290000342
            ],
            [
              251971.78240000084,
              520523.24980000034
            ],
            [
              251966.52300000004,
              520521.11529999971
            ],
            [
              251959.35699999891,
              520517.48090000264
            ],
            [
              251952.59660000075,
              520513.74090000242
            ],
            [
              251947.37530000135,
              520510.38069999963
            ],
            [
              251940.93930000067,
              520505.36710000038
            ],
            [
              251934.94989999942,
              520499.7303000018
            ]
          ]
        ]
      }
    },
    {
      "attributes" : {
        "FID" : 4,
        "PMNTN_SN" : 26714,
        "MNTN_CODE" : "416701701",
        "MNTN_NM" : "북성산",
        "PMNTN_NM" : " ",
        "PMNTN_MAIN" : " ",
        "PMNTN_LT" : 0.34,
        "PMNTN_DFFL" : "쉬움",
        "PMNTN_UPPL" : 6,
        "PMNTN_GODN" : 4,
        "PMNTN_MTRQ" : " ",
        "PMNTN_CNRL" : " ",
        "PMNTN_CLS_" : " ",
        "PMNTN_RISK" : " ",
        "PMNTN_RECO" : " ",
        "DATA_STDR_" : "2016-12-31",
        "MNTN_ID" : "416701701"
      },
      "geometry" : {
        "paths" : [
          [
            [
              253024.39130000118,
              520815.69050000235
            ],
            [
              253029.48860000074,
              520814.97370000184
            ],
            [
              253034.60130000021,
              520814.45900000073
            ],
            [
              253039.40990000032,
              520814.19670000114
            ],
            [
              253046.91689999867,
              520814.04849999957
            ],
            [
              253056.13540000003,
              520813.78300000168
            ],
            [
              253061.28510000184,
              520814.04849999957
            ],
            [
              253066.80199999921,
              520814.97169999965
            ],
            [
              253072.77960000001,
              520816.51160000265
            ],
            [
              253082.63210000098,
              520820.20629999973
            ],
            [
              253087.42770000175,
              520821.41470000148
            ],
            [
              253096.17920000013,
              520823.07990000211
            ],
            [
              253109.31580000184,
              520825.54310000129
            ],
            [
              253117.79520000145,
              520826.18640000001
            ],
            [
              253121.22090000194,
              520826.77459999919
            ],
            [
              253124.04800000135,
              520827.62110000104
            ],
            [
              253126.81200000178,
              520828.67290000245
            ],
            [
              253129.44570000097,
              520829.90459999815
            ],
            [
              253132.84000000078,
              520831.95260000043
            ],
            [
              253135.76420000009,
              520834.30000000447
            ],
            [
              253142.15739999991,
              520840.73230000027
            ],
            [
              253147.59880000073,
              520846.32100000046
            ],
            [
              253149.95720000099,
              520848.53210000135
            ],
            [
              253156.36130000092,
              520853.72940000147
            ],
            [
              253160.20980000123,
              520856.08980000019
            ],
            [
              253164.31519999914,
              520857.87939999998
            ],
            [
              253167.47699999996,
              520858.8105000034
            ],
            [
              253170.91520000156,
              520859.52920000255
            ],
            [
              253174.58840000164,
              520860.02669999935
            ],
            [
              253178.13400000148,
              520860.23929999955
            ],
            [
              253181.82139999978,
              520860.17170000263
            ],
            [
              253185.5914000012,
              520859.82480000146
            ],
            [
              253189.36710000038,
              520859.20560000278
            ],
            [
              253193.20840000082,
              520858.13480000198
            ],
            [
              253202.50370000117,
              520854.68989999779
            ],
            [
              253210.02470000088,
              520852.94410000183
            ],
            [
              253213.1771999998,
              520851.81630000286
            ],
            [
              253216.73720000032,
              520849.69789999723
            ],
            [
              253221.38750000205,
              520846.069000002
            ],
            [
              253227.12019999977,
              520840.62390000001
            ],
            [
              253231.04890000168,
              520837.78600000218
            ],
            [
              253234.52420000173,
              520835.80600000173
            ],
            [
              253240.04739999957,
              520832.73640000075
            ],
            [
              253242.89930000063,
              520831.45769999921
            ],
            [
              253246.3395999996,
              520831.06580000184
            ],
            [
              253248.70969999954,
              520832.72080000117
            ],
            [
              253252.17650000099,
              520839.50070000254
            ],
            [
              253258.74480000138,
              520851.4058000017
            ],
            [
              253261.39290000126,
              520857.48249999993
            ],
            [
              253263.55869999994,
              520860.88890000246
            ],
            [
              253267.7762000002,
              520865.36339999922
            ],
            [
              253272.25810000114,
              520870.94979999959
            ],
            [
              253275.0998999998,
              520873.77200000174
            ],
            [
              253280.18890000135,
              520877.47509999946
            ],
            [
              253283.46600000095,
              520880.94539999962
            ],
            [
              253286.12189999968,
              520884.89800000004
            ],
            [
              253288,
              520889.67490000278
            ],
            [
              253289.19139999989,
              520896.13740000129
            ],
            [
              253289.55530000106,
              520902.84219999984
            ],
            [
              253291.9841,
              520906.00190000236
            ],
            [
              253294.53859999962,
              520907.45520000346
            ],
            [
              253297.26300000213,
              520908.21570000239
            ]
          ]
        ]
      }
    },
    {
      "attributes" : {
        "FID" : 5,
        "PMNTN_SN" : 26715,
        "MNTN_CODE" : "416701701",
        "MNTN_NM" : "북성산",
        "PMNTN_NM" : " ",
        "PMNTN_MAIN" : " ",
        "PMNTN_LT" : 0.3,
        "PMNTN_DFFL" : "쉬움",
        "PMNTN_UPPL" : 5,
        "PMNTN_GODN" : 4,
        "PMNTN_MTRQ" : " ",
        "PMNTN_CNRL" : " ",
        "PMNTN_CLS_" : " ",
        "PMNTN_RISK" : " ",
        "PMNTN_RECO" : " ",
        "DATA_STDR_" : "2016-12-31",
        "MNTN_ID" : "416701701"
      },
      "geometry" : {
        "paths" : [
          [
            [
              253297.26300000213,
              520908.21570000239
            ],
            [
              253301.06430000067,
              520905.134200003
            ],
            [
              253305.04229999986,
              520902.63670000248
            ],
            [
              253309.19699999969,
              520900.72309999913
            ],
            [
              253314.68670000229,
              520899.23020000011
            ],
            [
              253322.20920000132,
              520898.68679999933
            ],
            [
              253325.91500000097,
              520897.71050000191
            ],
            [
              253329.32630000077,
              520896.24000000022
            ],
            [
              253332.88289999962,
              520893.89709999971
            ],
            [
              253335.02390000131,
              520891.77890000306
            ],
            [
              253337.93550000153,
              520887.85560000129
            ],
            [
              253339.30540000089,
              520885.26090000011
            ],
            [
              253341.87500000186,
              520878.73650000244
            ],
            [
              253344.39780000225,
              520874.50830000266
            ],
            [
              253353.3777999999,
              520863.51989999972
            ],
            [
              253355.6613999987,
              520859.23650000058
            ],
            [
              253358.22190000024,
              520851.39940000325
            ],
            [
              253361.06989999954,
              520846.90500000119
            ],
            [
              253364.55030000024,
              520843.3321000021
            ],
            [
              253367.8638000004,
              520841.2893000003
            ],
            [
              253370.8956000004,
              520840.45730000176
            ],
            [
              253373.98589999974,
              520840.07410000265
            ],
            [
              253381.486800001,
              520839.60960000195
            ],
            [
              253384.97449999955,
              520839.04160000011
            ],
            [
              253397.39990000147,
              520835.49150000326
            ],
            [
              253408.05020000041,
              520833.71640000306
            ],
            [
              253413.67329999991,
              520832.54780000448
            ],
            [
              253417.97930000164,
              520830.91670000181
            ],
            [
              253423.41179999989,
              520827.17760000005
            ],
            [
              253426.38999999966,
              520825.89120000042
            ],
            [
              253433.94950000197,
              520824.68770000339
            ],
            [
              253437.74940000102,
              520823.12940000184
            ],
            [
              253443.55140000023,
              520819.51590000279
            ],
            [
              253452.1715000011,
              520815.87300000153
            ],
            [
              253454.77909999993,
              520814.3014999982
            ],
            [
              253457.32650000043,
              520811.81790000014
            ],
            [
              253461.05390000064,
              520806.60790000111
            ],
            [
              253464.85990000051,
              520802.81409999914
            ],
            [
              253471.06480000075,
              520797.77150000259
            ],
            [
              253475.90319999959,
              520793.59569999948
            ],
            [
              253478.60879999958,
              520791.55880000256
            ],
            [
              253481.18200000096,
              520790.07430000044
            ],
            [
              253484.22999999952,
              520788.7620000001
            ],
            [
              253495.56320000067,
              520785.27190000191
            ],
            [
              253499.90950000007,
              520783.57100000232
            ],
            [
              253507.20820000209,
              520779.57930000126
            ],
            [
              253510.11600000039,
              520778.24590000138
            ],
            [
              253515.65050000045,
              520776.34950000048
            ],
            [
              253518.86800000072,
              520775.7135000024
            ],
            [
              253523.34059999976,
              520775.70130000263
            ],
            [
              253531.41670000087,
              520777.35830000415
            ],
            [
              253536.79409999959,
              520778.94600000232
            ],
            [
              253542.0541000003,
              520781.00990000367
            ]
          ]
        ]
      }
    },
    {
      "attributes" : {
        "FID" : 6,
        "PMNTN_SN" : 26716,
        "MNTN_CODE" : "416701701",
        "MNTN_NM" : "북성산",
        "PMNTN_NM" : " ",
        "PMNTN_MAIN" : " ",
        "PMNTN_LT" : 0.37,
        "PMNTN_DFFL" : "쉬움",
        "PMNTN_UPPL" : 7,
        "PMNTN_GODN" : 5,
        "PMNTN_MTRQ" : " ",
        "PMNTN_CNRL" : " ",
        "PMNTN_CLS_" : " ",
        "PMNTN_RISK" : " ",
        "PMNTN_RECO" : " ",
        "DATA_STDR_" : "2016-12-31",
        "MNTN_ID" : "416701701"
      },
      "geometry" : {
        "paths" : [
          [
            [
              253819.10070000123,
              520949.95770000108
            ],
            [
              253807.49040000141,
              520951.97149999999
            ],
            [
              253795.65690000076,
              520950.80840000138
            ],
            [
              253784.91260000132,
              520947.87740000151
            ],
            [
              253775.42400000151,
              520945.7321000006
            ],
            [
              253769.26170000061,
              520946.63050000183
            ],
            [
              253758.80659999978,
              520948.01010000147
            ],
            [
              253749.23330000136,
              520949.03790000267
            ],
            [
              253731.76620000042,
              520943.7798999995
            ],
            [
              253720.11830000114,
              520936.41300000064
            ],
            [
              253712.10130000114,
              520926.20130000263
            ],
            [
              253704.9561999999,
              520918.22550000064
            ],
            [
              253699.80570000224,
              520904.64920000359
            ],
            [
              253698.01429999992,
              520894.69199999981
            ],
            [
              253697.4943000013,
              520890.02720000036
            ],
            [
              253693.34360000119,
              520867.85830000043
            ],
            [
              253686.44840000197,
              520857.05920000188
            ],
            [
              253683.70350000076,
              520850.95070000365
            ],
            [
              253678.58010000177,
              520839.33140000142
            ],
            [
              253673.04210000113,
              520831.90840000287
            ],
            [
              253662.59729999956,
              520826.92210000008
            ],
            [
              253651.90280000214,
              520826.21089999937
            ],
            [
              253642.12560000084,
              520831.17750000209
            ],
            [
              253630.13150000107,
              520827.38770000078
            ],
            [
              253622.56150000077,
              520825.44150000252
            ],
            [
              253613.86280000024,
              520822.48920000158
            ],
            [
              253603.2267000014,
              520820.17930000089
            ],
            [
              253596.98699999973,
              520818.21939999796
            ],
            [
              253592.32720000017,
              520816.0476000011
            ],
            [
              253585.90590000059,
              520813.36519999988
            ],
            [
              253578.7304000007,
              520809.3571000006
            ],
            [
              253574.88130000047,
              520806.60219999962
            ],
            [
              253568.30429999996,
              520800.52250000089
            ],
            [
              253558.61380000133,
              520794.43080000021
            ],
            [
              253542.0541000003,
              520781.00990000367
            ]
          ]
        ]
      }
    },
    {
      "attributes" : {
        "FID" : 7,
        "PMNTN_SN" : 26717,
        "MNTN_CODE" : "416701701",
        "MNTN_NM" : "북성산",
        "PMNTN_NM" : "신지리구간",
        "PMNTN_MAIN" : " ",
        "PMNTN_LT" : 0.51,
        "PMNTN_DFFL" : "쉬움",
        "PMNTN_UPPL" : 9,
        "PMNTN_GODN" : 6,
        "PMNTN_MTRQ" : " ",
        "PMNTN_CNRL" : " ",
        "PMNTN_CLS_" : " ",
        "PMNTN_RISK" : " ",
        "PMNTN_RECO" : " ",
        "DATA_STDR_" : "2016-12-31",
        "MNTN_ID" : "416701701"
      },
      "geometry" : {
        "paths" : [
          [
            [
              251934.94989999942,
              520499.7303000018
            ],
            [
              251931.64030000009,
              520508.11300000362
            ],
            [
              251928.97530000098,
              520516.66579999961
            ],
            [
              251927.90660000034,
              520521.02940000035
            ],
            [
              251926.95810000133,
              520525.80629999936
            ],
            [
              251925.23300000001,
              520537.62250000238
            ],
            [
              251924.84759999998,
              520542.02520000003
            ],
            [
              251924.36639999971,
              520552.57800000161
            ],
            [
              251923.73610000033,
              520557.83070000261
            ],
            [
              251922.94579999987,
              520561.66550000198
            ],
            [
              251921.87409999967,
              520565.82570000179
            ],
            [
              251918.49700000137,
              520576.54199999943
            ],
            [
              251917.34400000051,
              520579.59340000153
            ],
            [
              251913.909500001,
              520587.60810000263
            ],
            [
              251912.50939999986,
              520592.25950000249
            ],
            [
              251909.01830000058,
              520596.36860000156
            ],
            [
              251906.11280000024,
              520599.44320000149
            ],
            [
              251903.28079999983,
              520608.16459999979
            ],
            [
              251900.58140000142,
              520613.05489999987
            ],
            [
              251897.08090000134,
              520617.83000000194
            ],
            [
              251894.13210000005,
              520628.18319999799
            ],
            [
              251891.07290000003,
              520637.77410000376
            ],
            [
              251887.49309999961,
              520645.03459999897
            ],
            [
              251884.56350000016,
              520659.45270000212
            ],
            [
              251885.31250000093,
              520680.6734000016
            ],
            [
              251887.53040000051,
              520704.09080000222
            ],
            [
              251894.09360000025,
              520726.7237999998
            ],
            [
              251903.49179999996,
              520745.42600000277
            ],
            [
              251902.71999999974,
              520753.52840000018
            ],
            [
              251901.79160000011,
              520760.87460000254
            ],
            [
              251900.58180000074,
              520770.5167999994
            ],
            [
              251901.54540000018,
              520777.33720000274
            ],
            [
              251903.20780000091,
              520782.83550000004
            ],
            [
              251904.02259999979,
              520789.52140000276
            ],
            [
              251905.04810000025,
              520794.80450000055
            ],
            [
              251905.81230000034,
              520801.38309999928
            ],
            [
              251905.5446000006,
              520807.56839999929
            ],
            [
              251902.28990000114,
              520815.52010000125
            ],
            [
              251900.1453999998,
              520825.49150000326
            ],
            [
              251899.78639999963,
              520832.74700000137
            ],
            [
              251900.17650000192,
              520838.10570000112
            ],
            [
              251899.91520000156,
              520842.9645000007
            ],
            [
              251899.77919999976,
              520856.94560000114
            ],
            [
              251905.02479999978,
              520877.41980000213
            ],
            [
              251907.28710000124,
              520886.03370000236
            ],
            [
              251912.71010000166,
              520911.41100000031
            ],
            [
              251912.66119999997,
              520920.6660999991
            ],
            [
              251910.10560000036,
              520930.90839999914
            ],
            [
              251906.07300000079,
              520936.64040000178
            ],
            [
              251899.29160000104,
              520941.85749999993
            ],
            [
              251893.25260000024,
              520948.57950000092
            ],
            [
              251890.19940000027,
              520958.31890000217
            ],
            [
              251887.13559999969,
              520970.05940000154
            ],
            [
              251885.83339999989,
              520979.80810000189
            ],
            [
              251886.31350000016,
              520985.94540000148
            ]
          ]
        ]
      }
    },
    {
      "attributes" : {
        "FID" : 8,
        "PMNTN_SN" : 26718,
        "MNTN_CODE" : "416701701",
        "MNTN_NM" : "북성산",
        "PMNTN_NM" : "월송동구간",
        "PMNTN_MAIN" : " ",
        "PMNTN_LT" : 0.92,
        "PMNTN_DFFL" : "쉬움",
        "PMNTN_UPPL" : 16,
        "PMNTN_GODN" : 11,
        "PMNTN_MTRQ" : " ",
        "PMNTN_CNRL" : " ",
        "PMNTN_CLS_" : " ",
        "PMNTN_RISK" : " ",
        "PMNTN_RECO" : " ",
        "DATA_STDR_" : "2016-12-31",
        "MNTN_ID" : "416701701"
      },
      "geometry" : {
        "paths" : [
          [
            [
              253297.26300000213,
              520908.21570000239
            ],
            [
              253303.90190000087,
              520920.7835000027
            ],
            [
              253308.45280000102,
              520927.92180000059
            ],
            [
              253309.73110000137,
              520930.6043999996
            ],
            [
              253310.91289999988,
              520935.63629999943
            ],
            [
              253311.29120000079,
              520941.72000000253
            ],
            [
              253311.15910000168,
              520946.11400000192
            ],
            [
              253310.0597000001,
              520956.49870000221
            ],
            [
              253309.64920000173,
              520968.40370000154
            ],
            [
              253310.0717000002,
              520977.70210000128
            ],
            [
              253310.0597000001,
              520981.12980000116
            ],
            [
              253309.48010000028,
              520987.91580000147
            ],
            [
              253308.01389999967,
              520995.10830000229
            ],
            [
              253304.72690000106,
              521003.71279999986
            ],
            [
              253304.45309999958,
              521008.10410000198
            ],
            [
              253305.83150000032,
              521014.79870000109
            ],
            [
              253305.79550000094,
              521019.1688000001
            ],
            [
              253305.08150000032,
              521023.27030000277
            ],
            [
              253303.35859999992,
              521027.58940000273
            ],
            [
              253301.27280000225,
              521030.30750000104
            ],
            [
              253295.28100000136,
              521035.72890000232
            ],
            [
              253290.32930000033,
              521040.43100000173
            ],
            [
              253287.86640000064,
              521042.2172000017
            ],
            [
              253283.89470000099,
              521044.0308000017
            ],
            [
              253275.83249999862,
              521045.67100000009
            ],
            [
              253266.54470000137,
              521045.58130000345
            ],
            [
              253260.57940000016,
              521046.14770000242
            ],
            [
              253259.34030000027,
              521048.8758000005
            ],
            [
              253262.0289000012,
              521055.84430000186
            ],
            [
              253263.75820000097,
              521063.55990000255
            ],
            [
              253266.21659999993,
              521066.79079999961
            ],
            [
              253272.70239999983,
              521070.21250000037
            ],
            [
              253278.44149999972,
              521073.7650000006
            ],
            [
              253282.9654000001,
              521076.78079999983
            ],
            [
              253291.17580000032,
              521082.93859999999
            ],
            [
              253296.45540000126,
              521086.04670000263
            ],
            [
              253302.67030000128,
              521089.09640000202
            ],
            [
              253310.88069999963,
              521092.38049999997
            ],
            [
              253319.91210000031,
              521096.89619999938
            ],
            [
              253325.73670000117,
              521099.88340000436
            ],
            [
              253329.28820000123,
              521102.74760000221
            ],
            [
              253333.86980000138,
              521107.98020000011
            ],
            [
              253339.09440000076,
              521112.87710000202
            ],
            [
              253341.25910000224,
              521115.36959999986
            ],
            [
              253342.86830000021,
              521117.91650000215
            ],
            [
              253344.95380000118,
              521121.93790000305
            ],
            [
              253347.64969999995,
              521127.45850000344
            ],
            [
              253349.05900000129,
              521131.37980000116
            ],
            [
              253350.0382000003,
              521135.72710000165
            ],
            [
              253350.35180000123,
              521140.23200000264
            ],
            [
              253349.31199999992,
              521144.92110000178
            ],
            [
              253347.6417000005,
              521148.55310000107
            ],
            [
              253345.5978000015,
              521151.31479999982
            ],
            [
              253343.51709999982,
              521153.23700000159
            ],
            [
              253337.75549999997,
              521156.99990000203
            ],
            [
              253334.23810000066,
              521158.60170000046
            ],
            [
              253323.3032999998,
              521161.99180000275
            ],
            [
              253320.05730000045,
              521163.62720000185
            ],
            [
              253317.16849999968,
              521165.75359999947
            ],
            [
              253312.93330000155,
              521169.55810000189
            ],
            [
              253306.09240000043,
              521174.67650000378
            ],
            [
              253303.29380000103,
              521178.85060000047
            ],
            [
              253302.31990000047,
              521182.23399999924
            ],
            [
              253301.82770000119,
              521186.19820000418
            ],
            [
              253301.9785000002,
              521191.49799999967
            ],
            [
              253302.64240000118,
              521194.73200000264
            ],
            [
              253305.13350000046,
              521201.98909999989
            ],
            [
              253308.41759999935,
              521211.02050000243
            ],
            [
              253311.70180000085,
              521222.92560000159
            ],
            [
              253314.04720000178,
              521231.19040000066
            ],
            [
              253315.80700000096,
              521235.65170000121
            ],
            [
              253318.06919999886,
              521239.8310000021
            ],
            [
              253320.32270000037,
              521243.04100000113
            ],
            [
              253322.40110000037,
              521245.2248999998
            ],
            [
              253326.4804999996,
              521248.78830000199
            ],
            [
              253331.59060000069,
              521253.53620000184
            ],
            [
              253334.69080000184,
              521255.76710000075
            ],
            [
              253337.7508000005,
              521257.09640000202
            ],
            [
              253345.77489999961,
              521259.46180000156
            ],
            [
              253356.44830000214,
              521264.38800000213
            ],
            [
              253363.97010000143,
              521266.58190000243
            ],
            [
              253366.71129999962,
              521267.67220000364
            ],
            [
              253372.40070000011,
              521271.04409999959
            ],
            [
              253375.51890000049,
              521274.72259999998
            ],
            [
              253378.20590000134,
              521282.04040000215
            ],
            [
              253381.06969999988,
              521289.29529999755
            ],
            [
              253382.72159999982,
              521293.94539999962
            ],
            [
              253384.70710000116,
              521302.03910000436
            ],
            [
              253385.61940000113,
              521304.71650000103
            ],
            [
              253389.18360000011,
              521312.44449999928
            ],
            [
              253393.36370000057,
              521315.35310000181
            ],
            [
              253397.28410000168,
              521316.01349999942
            ],
            [
              253402.42170000169,
              521316.01940000057
            ],
            [
              253409.81580000184,
              521314.88190000132
            ],
            [
              253414.26109999977,
              521314.6026000008
            ],
            [
              253421.31040000077,
              521314.47140000015
            ],
            [
              253431.98390000127,
              521314.47140000015
            ],
            [
              253441.83629999962,
              521314.06090000458
            ],
            [
              253449.6361999996,
              521313.65029999986
            ],
            [
              253459.07810000051,
              521312.82930000126
            ],
            [
              253468.93059999961,
              521312.82930000126
            ],
            [
              253475.68250000104,
              521313.13609999977
            ],
            [
              253481.24620000087,
              521313.65029999986
            ],
            [
              253489.04600000009,
              521314.88190000132
            ],
            [
              253494.33509999886,
              521316.05360000208
            ],
            [
              253498.89850000106,
              521317.34500000067
            ],
            [
              253503.94820000138,
              521319.19560000114
            ],
            [
              253509.98249999993,
              521321.86070000008
            ],
            [
              253518.09040000197,
              521326.53820000216
            ],
            [
              253521.47700000089,
              521328.0185000021
            ],
            [
              253526.01190000027,
              521329.24690000154
            ],
            [
              253529.68740000203,
              521329.66060000099
            ],
            [
              253533.2620000001,
              521329.30069999956
            ],
            [
              253538.30830000155,
              521328.0185000021
            ],
            [
              253541.96290000062,
              521326.77150000259
            ],
            [
              253547.75030000135,
              521324.32379999943
            ],
            [
              253556.78170000203,
              521320.21860000305
            ],
            [
              253563.66890000179,
              521317.55650000274
            ],
            [
              253568.68670000136,
              521316.11339999922
            ],
            [
              253574.7248999998,
              521315.22130000219
            ],
            [
              253582.64440000057,
              521314.88190000132
            ],
            [
              253592.90739999991,
              521315.29240000248
            ],
            [
              253601.5289000012,
              521315.64990000054
            ],
            [
              253605.23710000049,
              521315.03060000017
            ],
            [
              253607.88590000104,
              521313.96319999918
            ],
            [
              253614.25439999998,
              521310.36620000191
            ],
            [
              253621.58200000133,
              521306.23600000143
            ],
            [
              253624.92790000048,
              521304.61890000105
            ],
            [
              253629.06750000082,
              521303.07240000181
            ],
            [
              253634.7592999991,
              521301.53570000269
            ],
            [
              253643.83260000125,
              521300.40899999812
            ],
            [
              253647.76160000078,
              521298.40890000015
            ],
            [
              253650.37660000008,
              521295.8989000041
            ],
            [
              253652.66710000113,
              521292.5922000017
            ],
            [
              253653.614500002,
              521289.91640000232
            ],
            [
              253654.2678000005,
              521285.8666999992
            ],
            [
              253654.48530000076,
              521281.62980000116
            ],
            [
              253654.30520000029,
              521276.63250000216
            ],
            [
              253653.0150000006,
              521268.28500000015
            ],
            [
              253651.99690000061,
              521264.41540000215
            ],
            [
              253658.14540000074,
              521254.43660000153
            ],
            [
              253672.48380000051,
              521239.25370000117
            ],
            [
              253682.78569999989,
              521230.55310000107
            ],
            [
              253689.33019999973,
              521222.83330000378
            ],
            [
              253692.35570000019,
              521218.34670000151
            ]
          ]
        ]
      }
    }
  ]
}