{
  "displayFieldName" : "",
  "fieldAliases" : {
    "FID" : "FID",
    "PMNTN_SN" : "PMNTN_SN",
    "MNTN_CODE" : "MNTN_CODE",
    "MNTN_NM" : "MNTN_NM",
    "PMNTN_NM" : "PMNTN_NM",
    "PMNTN_MAIN" : "PMNTN_MAIN",
    "PMNTN_LT" : "PMNTN_LT",
    "PMNTN_DFFL" : "PMNTN_DFFL",
    "PMNTN_UPPL" : "PMNTN_UPPL",
    "PMNTN_GODN" : "PMNTN_GODN",
    "PMNTN_MTRQ" : "PMNTN_MTRQ",
    "PMNTN_CNRL" : "PMNTN_CNRL",
    "PMNTN_CLS_" : "PMNTN_CLS_",
    "PMNTN_RISK" : "PMNTN_RISK",
    "PMNTN_RECO" : "PMNTN_RECO",
    "DATA_STDR_" : "DATA_STDR_",
    "MNTN_ID" : "MNTN_ID"
  },
  "geometryType" : "esriGeometryPolyline",
  "spatialReference" : {
    "wkt" : "PROJCS[\"PCS_ITRF2000_TM\",GEOGCS[\"GCS_ITRF_2000\",DATUM[\"D_ITRF_2000\",SPHEROID[\"GRS_1980\",6378137.0,298.257222101]],PRIMEM[\"Greenwich\",0.0],UNIT[\"Degree\",0.0174532925199433]],PROJECTION[\"Transverse_Mercator\"],PARAMETER[\"False_Easting\",200000.0],PARAMETER[\"False_Northing\",600000.0],PARAMETER[\"Central_Meridian\",127.0],PARAMETER[\"Scale_Factor\",1.0],PARAMETER[\"Latitude_Of_Origin\",38.0],UNIT[\"Meter\",1.0]]"
  },
  "fields" : [
    {
      "name" : "FID",
      "type" : "esriFieldTypeOID",
      "alias" : "FID"
    },
    {
      "name" : "PMNTN_SN",
      "type" : "esriFieldTypeDouble",
      "alias" : "PMNTN_SN"
    },
    {
      "name" : "MNTN_CODE",
      "type" : "esriFieldTypeString",
      "alias" : "MNTN_CODE",
      "length" : 9
    },
    {
      "name" : "MNTN_NM",
      "type" : "esriFieldTypeString",
      "alias" : "MNTN_NM",
      "length" : 50
    },
    {
      "name" : "PMNTN_NM",
      "type" : "esriFieldTypeString",
      "alias" : "PMNTN_NM",
      "length" : 50
    },
    {
      "name" : "PMNTN_MAIN",
      "type" : "esriFieldTypeString",
      "alias" : "PMNTN_MAIN",
      "length" : 200
    },
    {
      "name" : "PMNTN_LT",
      "type" : "esriFieldTypeSingle",
      "alias" : "PMNTN_LT"
    },
    {
      "name" : "PMNTN_DFFL",
      "type" : "esriFieldTypeString",
      "alias" : "PMNTN_DFFL",
      "length" : 8
    },
    {
      "name" : "PMNTN_UPPL",
      "type" : "esriFieldTypeDouble",
      "alias" : "PMNTN_UPPL"
    },
    {
      "name" : "PMNTN_GODN",
      "type" : "esriFieldTypeDouble",
      "alias" : "PMNTN_GODN"
    },
    {
      "name" : "PMNTN_MTRQ",
      "type" : "esriFieldTypeString",
      "alias" : "PMNTN_MTRQ",
      "length" : 200
    },
    {
      "name" : "PMNTN_CNRL",
      "type" : "esriFieldTypeString",
      "alias" : "PMNTN_CNRL",
      "length" : 1
    },
    {
      "name" : "PMNTN_CLS_",
      "type" : "esriFieldTypeString",
      "alias" : "PMNTN_CLS_",
      "length" : 1
    },
    {
      "name" : "PMNTN_RISK",
      "type" : "esriFieldTypeString",
      "alias" : "PMNTN_RISK",
      "length" : 200
    },
    {
      "name" : "PMNTN_RECO",
      "type" : "esriFieldTypeString",
      "alias" : "PMNTN_RECO",
      "length" : 1
    },
    {
      "name" : "DATA_STDR_",
      "type" : "esriFieldTypeString",
      "alias" : "DATA_STDR_",
      "length" : 10
    },
    {
      "name" : "MNTN_ID",
      "type" : "esriFieldTypeString",
      "alias" : "MNTN_ID",
      "length" : 10
    }
  ],
  "features" : [
    {
      "attributes" : {
        "FID" : 0,
        "PMNTN_SN" : 25370,
        "MNTN_CODE" : "427702604",
        "MNTN_NM" : "봉산리",
        "PMNTN_NM" : "봉산리구간",
        "PMNTN_MAIN" : " ",
        "PMNTN_LT" : 2.97,
        "PMNTN_DFFL" : "쉬움",
        "PMNTN_UPPL" : 52,
        "PMNTN_GODN" : 37,
        "PMNTN_MTRQ" : " ",
        "PMNTN_CNRL" : " ",
        "PMNTN_CLS_" : " ",
        "PMNTN_RISK" : " ",
        "PMNTN_RECO" : " ",
        "DATA_STDR_" : "2016-12-31",
        "MNTN_ID" : "427704201"
      },
      "geometry" : {
        "paths" : [
          [
            [
              363448.0756000001,
              545335.67890000343
            ],
            [
              363453.69189999998,
              545330.27070000209
            ],
            [
              363455.98000000045,
              545328.19060000032
            ],
            [
              363460.76420000009,
              545326.94250000268
            ],
            [
              363474.19880000036,
              545321.11610000022
            ],
            [
              363482.60529999994,
              545318.62209999934
            ],
            [
              363489.26160000078,
              545316.75
            ],
            [
              363497.99810000043,
              545314.66990000196
            ],
            [
              363506.73450000118,
              545313.21380000003
            ],
            [
              363518.17509999964,
              545313.42180000246
            ],
            [
              363524.83140000049,
              545314.25390000083
            ],
            [
              363531.90370000154,
              545315.91790000163
            ],
            [
              363544.38430000003,
              545318.41410000063
            ],
            [
              363554.99289999995,
              545319.4541000016
            ],
            [
              363561.23319999967,
              545320.4942000024
            ],
            [
              363574.75380000006,
              545318.41410000063
            ],
            [
              363594.5148,
              545310.58740000241
            ],
            [
              363613.68960000016,
              545298.85689999908
            ],
            [
              363626.17020000052,
              545290.78870000131
            ],
            [
              363630.87459999882,
              545288.16650000215
            ],
            [
              363638.65710000135,
              545288.91660000198
            ],
            [
              363648.68160000071,
              545293.90880000032
            ],
            [
              363657.58610000089,
              545297.15289999917
            ],
            [
              363666.37189999968,
              545296.38979999907
            ],
            [
              363678.46040000021,
              545294.5818000026
            ],
            [
              363693.90510000102,
              545289.43350000121
            ],
            [
              363715.55120000057,
              545282.53020000085
            ],
            [
              363736.96329999994,
              545275.39280000143
            ],
            [
              363756.62019999977,
              545268.60649999976
            ],
            [
              363769.25690000039,
              545264.3943000026
            ],
            [
              363785.75470000133,
              545259.01200000197
            ],
            [
              363801.5504999999,
              545252.81069999933
            ],
            [
              363805.52869999968,
              545250.70460000262
            ],
            [
              363802.86960000079,
              545236.97810000181
            ],
            [
              363798.54040000122,
              545211.82180000097
            ],
            [
              363796.08330000006,
              545195.55800000206
            ],
            [
              363795.26420000009,
              545190.52680000104
            ],
            [
              363792.80710000079,
              545178.82619999908
            ],
            [
              363790.58399999887,
              545167.82760000229
            ],
            [
              363789.88200000115,
              545164.20050000213
            ],
            [
              363788.47790000122,
              545154.25500000082
            ],
            [
              363786.72280000057,
              545141.85239999928
            ],
            [
              363784.0205000015,
              545126.29059999995
            ],
            [
              363784.0205000015,
              545115.64310000278
            ],
            [
              363783.66950000077,
              545108.27170000039
            ],
            [
              363784.0205000015,
              545098.20920000039
            ],
            [
              363783.66950000077,
              545088.84870000184
            ],
            [
              363784.72249999922,
              545081.71140000038
            ],
            [
              363789.28570000175,
              545073.05299999937
            ],
            [
              363793.49790000077,
              545066.03260000236
            ],
            [
              363797.5931000011,
              545059.12930000387
            ],
            [
              363799.34820000175,
              545054.68310000002
            ],
            [
              363805.16170000006,
              545044.1045000013
            ],
            [
              363809.02280000038,
              545036.14810000174
            ],
            [
              363810.54390000086,
              545029.59580000304
            ],
            [
              363811.36300000176,
              545020.58630000241
            ],
            [
              363812.18200000096,
              545009.11970000342
            ],
            [
              363814.05410000216,
              544999.87630000152
            ],
            [
              363815.34120000061,
              544995.31310000271
            ],
            [
              363821.77649999969,
              544990.04780000262
            ],
            [
              363830.90290000103,
              544984.54849999957
            ],
            [
              363836.98720000125,
              544981.15540000051
            ],
            [
              363851.31000000052,
              544975.35310000367
            ],
            [
              363861.72350000031,
              544969.97090000287
            ],
            [
              363865.93570000026,
              544968.09880000353
            ],
            [
              363871.43500000052,
              544962.01450000331
            ],
            [
              363881.02950000204,
              544952.53700000048
            ],
            [
              363888.75180000067,
              544944.11260000244
            ],
            [
              363896.82520000078,
              544935.45420000143
            ],
            [
              363904.43059999961,
              544929.25290000252
            ],
            [
              363912.7379999999,
              544922.81760000251
            ],
            [
              363918.82230000012,
              544918.6053000018
            ],
            [
              363926.89570000023,
              544913.34009999968
            ],
            [
              363937.19220000226,
              544906.08570000157
            ],
            [
              363951.003800001,
              544897.5764000006
            ],
            [
              363956.57760000043,
              544893.69360000081
            ],
            [
              363958.62519999966,
              544891.52900000103
            ],
            [
              363962.36930000037,
              544883.33850000054
            ],
            [
              363966.81560000032,
              544874.44609999843
            ],
            [
              363968.57059999928,
              544870.8189000003
            ],
            [
              363972.19780000113,
              544864.73460000008
            ],
            [
              363974.77199999988,
              544855.25720000081
            ],
            [
              363976.17600000091,
              544845.66269999929
            ],
            [
              363977.11209999956,
              544835.13220000081
            ],
            [
              363977.34609999973,
              544830.33490000293
            ],
            [
              363978.28210000135,
              544826.35670000315
            ],
            [
              363980.50520000141,
              544820.15540000424
            ],
            [
              363982.72830000054,
              544814.77320000343
            ],
            [
              363989.78080000076,
              544806.16770000197
            ],
            [
              363992.93989999965,
              544802.07249999978
            ],
            [
              363997.03510000091,
              544793.53109999746
            ],
            [
              364001.7154000001,
              544783.23460000008
            ],
            [
              364005.57660000119,
              544770.65650000051
            ],
            [
              364009.90580000076,
              544760.41840000451
            ],
            [
              364014.11799999978,
              544753.51510000043
            ],
            [
              364021.02129999921,
              544743.68660000153
            ],
            [
              364024.41449999996,
              544738.65540000051
            ],
            [
              364031.43479999993,
              544726.95480000228
            ],
            [
              364045.4804000007,
              544696.51720000431
            ],
            [
              364057.30279999971,
              544674.99440000206
            ],
            [
              364073.17379999999,
              544641.30169999972
            ],
            [
              364094.43680000026,
              544599.24850000255
            ],
            [
              364099.93130000122,
              544591.89800000004
            ],
            [
              364103.59530000016,
              544585.34569999948
            ],
            [
              364107.63760000095,
              544575.49000000022
            ],
            [
              364110.1846000012,
              544563.97540000267
            ],
            [
              364120.66070000082,
              544550.49679999985
            ],
            [
              364135.95299999975,
              544524.80080000125
            ],
            [
              364141.27120000124,
              544515.97250000201
            ],
            [
              364143.37729999982,
              544511.29230000265
            ],
            [
              364145.01540000085,
              544502.86780000106
            ],
            [
              364148.64249999914,
              544487.07210000418
            ],
            [
              364152.38669999968,
              544474.08440000005
            ],
            [
              364153.79079999961,
              544463.31990000419
            ],
            [
              364153.67380000092,
              544444.36500000209
            ],
            [
              364153.08880000189,
              544440.03570000269
            ],
            [
              364151.45069999993,
              544430.55829999968
            ],
            [
              364150.16360000055,
              544423.06990000419
            ],
            [
              364145.60040000081,
              544410.90130000189
            ],
            [
              364143.70739999972,
              544403.31190000288
            ],
            [
              364142.77139999997,
              544399.91880000383
            ],
            [
              364142.94689999986,
              544395.18009999953
            ],
            [
              364149.08970000222,
              544392.19640000165
            ],
            [
              364165.35350000113,
              544393.36640000157
            ],
            [
              364181.96830000076,
              544396.29160000011
            ],
            [
              364204.43340000045,
              544398.86570000276
            ],
            [
              364218.12310000043,
              544400.1528000012
            ],
            [
              364227.36650000047,
              544400.26979999989
            ],
            [
              364230.16619999986,
              544398.83890000172
            ],
            [
              364234.97190000117,
              544402.02490000054
            ],
            [
              364239.53519999981,
              544402.84390000254
            ],
            [
              364246.4385000011,
              544404.01400000229
            ],
            [
              364248.77859999985,
              544407.29010000266
            ],
            [
              364259.66010000091,
              544406.93910000101
            ],
            [
              364263.2873000009,
              544406.23710000142
            ],
            [
              364267.26549999975,
              544407.29010000266
            ],
            [
              364272.88179999962,
              544410.33229999989
            ],
            [
              364279.20010000188,
              544409.86420000158
            ],
            [
              364284.69940000027,
              544410.44930000231
            ],
            [
              364287.15650000051,
              544412.67240000144
            ],
            [
              364286.22039999999,
              544417.93759999983
            ],
            [
              364289.73060000036,
              544418.99070000462
            ],
            [
              364292.30470000021,
              544421.21380000375
            ],
            [
              364291.36870000046,
              544424.95800000057
            ],
            [
              364289.84760000184,
              544428.58520000055
            ],
            [
              364295.81490000058,
              544431.86130000092
            ],
            [
              364296.75100000016,
              544435.48850000091
            ],
            [
              364298.38900000043,
              544440.28570000455
            ],
            [
              364304.00529999938,
              544446.60410000011
            ],
            [
              364307.98350000195,
              544451.86930000223
            ],
            [
              364299.2081000004,
              544461.81479999982
            ],
            [
              364292.18769999966,
              544467.31410000287
            ],
            [
              364289.61359999981,
              544470.70720000193
            ],
            [
              364286.3375000013,
              544476.79150000215
            ],
            [
              364283.64630000014,
              544486.1520000007
            ],
            [
              364282.71030000038,
              544490.83220000193
            ],
            [
              364282.5933000017,
              544503.81990000047
            ],
            [
              364283.4123000009,
              544509.08510000259
            ],
            [
              364284.81640000083,
              544520.55170000345
            ],
            [
              364285.40140000079,
              544527.80610000156
            ],
            [
              364285.75240000058,
              544535.29439999908
            ],
            [
              364285.2844000021,
              544543.36780000106
            ],
            [
              364282.5933000017,
              544549.21810000017
            ],
            [
              364276.86000000127,
              544560.56770000234
            ],
            [
              364272.41380000021,
              544568.05610000156
            ],
            [
              364269.48859999981,
              544573.08730000257
            ],
            [
              364261.88320000004,
              544584.20280000009
            ],
            [
              364259.30910000112,
              544588.76610000059
            ],
            [
              364266.09550000075,
              544597.19050000235
            ],
            [
              364274.63689999934,
              544606.08290000074
            ],
            [
              364277.44500000123,
              544608.65710000321
            ],
            [
              364285.86940000206,
              544614.85840000212
            ],
            [
              364298.15500000119,
              544621.29370000213
            ],
            [
              364308.56850000191,
              544623.98480000161
            ],
            [
              364320.6201000018,
              544627.02700000256
            ],
            [
              364329.98060000129,
              544629.60110000148
            ],
            [
              364341.33020000067,
              544634.1643000003
            ],
            [
              364344.02130000107,
              544635.6854000017
            ],
            [
              364346.71240000147,
              544638.49349999987
            ],
            [
              364351.27570000198,
              544647.03490000032
            ],
            [
              364351.97770000063,
              544649.96009999886
            ],
            [
              364352.32870000042,
              544661.66070000082
            ],
            [
              364352.91370000038,
              544665.87290000357
            ],
            [
              364355.13680000138,
              544669.26600000262
            ],
            [
              364363.21019999962,
              544676.52040000074
            ],
            [
              364366.72040000092,
              544678.74349999987
            ],
            [
              364376.4319000002,
              544683.54069999792
            ],
            [
              364385.20730000082,
              544686.93390000053
            ],
            [
              364398.07799999975,
              544690.32709999941
            ],
            [
              364404.51329999976,
              544691.49709999748
            ],
            [
              364416.21389999986,
              544697.46440000087
            ],
            [
              364425.45729999989,
              544706.00590000115
            ],
            [
              364429.55250000022,
              544710.45209999941
            ],
            [
              364438.67900000047,
              544718.17450000159
            ],
            [
              364448.97549999971,
              544726.48190000094
            ],
            [
              364456.93190000113,
              544733.03419999965
            ],
            [
              364464.18620000128,
              544737.83139999956
            ],
            [
              364473.54670000076,
              544743.56469999999
            ],
            [
              364484.89620000124,
              544751.63810000196
            ],
            [
              364495.42679999862,
              544759.24349999987
            ],
            [
              364502.9151000008,
              544764.15770000219
            ],
            [
              364514.73280000035,
              544769.94950000197
            ],
            [
              364524.09320000093,
              544772.11410000175
            ],
            [
              364532.8685999997,
              544774.68820000254
            ],
            [
              364542.69709999952,
              544777.26239999942
            ],
            [
              364547.4943000013,
              544778.43239999935
            ],
            [
              364556.97180000134,
              544777.02840000205
            ],
            [
              364563.97690000013,
              544774.62490000203
            ],
            [
              364576.39330000151,
              544772.31130000204
            ],
            [
              364585.42509999871,
              544775.92239999957
            ],
            [
              364590.86660000123,
              544779.88949999772
            ],
            [
              364594.11070000101,
              544789.095900001
            ],
            [
              364591.83949999977,
              544798.55739999935
            ],
            [
              364589.03140000068,
              544808.85390000232
            ],
            [
              364587.7443000013,
              544819.96950000152
            ],
            [
              364588.44640000071,
              544831.31900000013
            ],
            [
              364589.94790000003,
              544844.18969999999
            ],
            [
              364591.50800000038,
              544851.99010000378
            ],
            [
              364595.56420000084,
              544861.19450000301
            ],
            [
              364599.46439999994,
              544865.87470000237
            ],
            [
              364610.66920000128,
              544874.01710000262
            ],
            [
              364613.6632000003,
              544878.63530000113
            ],
            [
              364613.1930999998,
              544888.02779999934
            ],
            [
              364613.34910000116,
              544902.69260000251
            ],
            [
              364614.59710000083,
              544916.10920000263
            ],
            [
              364618.18530000001,
              544932.02200000174
            ],
            [
              364624.26960000116,
              544945.1267000027
            ],
            [
              364629.26190000027,
              544955.26720000058
            ],
            [
              364628.94990000036,
              544962.59950000048
            ],
            [
              364626.29770000093,
              544972.27200000174
            ],
            [
              364626.29770000093,
              544985.06460000202
            ],
            [
              364630.04190000147,
              544996.29720000178
            ],
            [
              364634.25410000049,
              545004.72159999982
            ],
            [
              364635.97020000033,
              545016.11020000279
            ],
            [
              364631.29000000004,
              545022.03839999996
            ],
            [
              364630.52040000074,
              545032.4012000002
            ],
            [
              364643.92659999989,
              545038.41930000111
            ],
            [
              364644.23859999981,
              545045.12760000117
            ],
            [
              364647.35879999958,
              545052.30389999971
            ],
            [
              364648.60680000018,
              545055.26810000278
            ],
            [
              364649.54290000163,
              545060.41630000062
            ],
            [
              364654.53510000184,
              545065.40860000253
            ],
            [
              364657.18719999958,
              545067.59270000458
            ],
            [
              364659.83940000087,
              545074.92510000244
            ],
            [
              364659.21529999934,
              545085.22159999982
            ],
            [
              364657.96729999967,
              545090.0578000024
            ],
            [
              364656.87519999966,
              545094.11400000192
            ],
            [
              364659.3713999996,
              545103.47450000234
            ],
            [
              364661.71150000021,
              545113.92700000107
            ],
            [
              364663.58360000141,
              545119.54330000095
            ],
            [
              364665.45569999982,
              545124.84750000201
            ],
            [
              364666.23570000101,
              545132.64790000021
            ],
            [
              364670.9159000013,
              545139.35620000027
            ],
            [
              364677.31219999958,
              545148.56069999933
            ],
            [
              364680.7444000002,
              545156.9851000011
            ],
            [
              364680.7444000002,
              545166.18960000016
            ],
            [
              364682.92850000132,
              545170.71380000003
            ],
            [
              364683.86459999997,
              545175.55000000075
            ],
            [
              364683.86459999997,
              545183.66240000166
            ],
            [
              364684.48859999981,
              545190.37080000155
            ],
            [
              364684.17659999989,
              545195.67500000075
            ],
            [
              364683.55250000115,
              545207.37560000271
            ],
            [
              364685.268600001,
              545211.89980000257
            ],
            [
              364687.76480000187,
              545222.97639999911
            ],
            [
              364686.5167000005,
              545229.84070000052
            ],
            [
              364689.94890000019,
              545235.76900000125
            ],
            [
              364693.69299999997,
              545246.53350000083
            ],
            [
              364698.21729999967,
              545248.2496000044
            ],
            [
              364697.28120000102,
              545251.21380000003
            ],
            [
              364695.40909999982,
              545257.14200000092
            ],
            [
              364694.78509999998,
              545271.65080000274
            ],
            [
              364696.81319999974,
              545279.29510000162
            ],
            [
              364693.69299999997,
              545283.5073000025
            ],
            [
              364695.87719999999,
              545287.87560000457
            ],
            [
              364696.18919999991,
              545294.27190000191
            ],
            [
              364699.15330000035,
              545304.10040000081
            ],
            [
              364702.89749999996,
              545300.82420000061
            ],
            [
              364707.57770000026,
              545301.1361999996
            ],
            [
              364711.00990000088,
              545299.88819999993
            ],
            [
              364716.15820000134,
              545302.85230000131
            ],
            [
              364722.86649999954,
              545307.22049999982
            ],
            [
              364728.7948000012,
              545311.90069999918
            ],
            [
              364733.00700000022,
              545316.58100000396
            ],
            [
              364737.37520000059,
              545322.6652999986
            ],
            [
              364739.09130000044,
              545327.81350000389
            ],
            [
              364741.74340000097,
              545331.86969999969
            ],
            [
              364746.65770000126,
              545334.28790000081
            ],
            [
              364752.97600000165,
              545338.73409999907
            ],
            [
              364760.93240000121,
              545336.55000000261
            ],
            [
              364765.45660000015,
              545339.51410000026
            ],
            [
              364769.51280000061,
              545338.26600000076
            ],
            [
              364774.34900000133,
              545340.1381000001
            ],
            [
              364778.0932,
              545341.07420000248
            ],
            [
              364782.14940000046,
              545340.76219999976
            ],
            [
              364787.60969999991,
              545344.81839999929
            ],
            [
              364787.14169999957,
              545350.90269999951
            ],
            [
              364790.26180000044,
              545352.4627000019
            ],
            [
              364796.81410000008,
              545356.98699999973
            ],
            [
              364801.02630000096,
              545357.61100000143
            ],
            [
              364805.62859999947,
              545367.43950000405
            ],
            [
              364814.57300000079,
              545373.88780000433
            ],
            [
              364823.30939999968,
              545381.37619999982
            ],
            [
              364830.38180000056,
              545388.44849999994
            ],
            [
              364835.99810000043,
              545394.68880000152
            ],
            [
              364850.76680000126,
              545412.78570000082
            ],
            [
              364858.67120000161,
              545421.73020000011
            ],
            [
              364865.11950000096,
              545429.84259999916
            ],
            [
              364855.55100000091,
              545441.90720000118
            ],
            [
              364848.47870000079,
              545451.68359999917
            ],
            [
              364844.31850000098,
              545459.79600000009
            ],
            [
              364844.31850000098,
              545467.908400001
            ]
          ]
        ]
      }
    }
  ]
}