{
  "displayFieldName" : "",
  "fieldAliases" : {
    "FID" : "FID",
    "PMNTN_SN" : "PMNTN_SN",
    "MNTN_CODE" : "MNTN_CODE",
    "MNTN_NM" : "MNTN_NM",
    "PMNTN_NM" : "PMNTN_NM",
    "PMNTN_MAIN" : "PMNTN_MAIN",
    "PMNTN_LT" : "PMNTN_LT",
    "PMNTN_DFFL" : "PMNTN_DFFL",
    "PMNTN_UPPL" : "PMNTN_UPPL",
    "PMNTN_GODN" : "PMNTN_GODN",
    "PMNTN_MTRQ" : "PMNTN_MTRQ",
    "PMNTN_CNRL" : "PMNTN_CNRL",
    "PMNTN_CLS_" : "PMNTN_CLS_",
    "PMNTN_RISK" : "PMNTN_RISK",
    "PMNTN_RECO" : "PMNTN_RECO",
    "DATA_STDR_" : "DATA_STDR_",
    "MNTN_ID" : "MNTN_ID"
  },
  "geometryType" : "esriGeometryPolyline",
  "spatialReference" : {
    "wkt" : "PROJCS[\"PCS_ITRF2000_TM\",GEOGCS[\"GCS_ITRF_2000\",DATUM[\"D_ITRF_2000\",SPHEROID[\"GRS_1980\",6378137.0,298.257222101]],PRIMEM[\"Greenwich\",0.0],UNIT[\"Degree\",0.0174532925199433]],PROJECTION[\"Transverse_Mercator\"],PARAMETER[\"False_Easting\",200000.0],PARAMETER[\"False_Northing\",600000.0],PARAMETER[\"Central_Meridian\",127.0],PARAMETER[\"Scale_Factor\",1.0],PARAMETER[\"Latitude_Of_Origin\",38.0],UNIT[\"Meter\",1.0]]"
  },
  "fields" : [
    {
      "name" : "FID",
      "type" : "esriFieldTypeOID",
      "alias" : "FID"
    },
    {
      "name" : "PMNTN_SN",
      "type" : "esriFieldTypeDouble",
      "alias" : "PMNTN_SN"
    },
    {
      "name" : "MNTN_CODE",
      "type" : "esriFieldTypeString",
      "alias" : "MNTN_CODE",
      "length" : 9
    },
    {
      "name" : "MNTN_NM",
      "type" : "esriFieldTypeString",
      "alias" : "MNTN_NM",
      "length" : 50
    },
    {
      "name" : "PMNTN_NM",
      "type" : "esriFieldTypeString",
      "alias" : "PMNTN_NM",
      "length" : 50
    },
    {
      "name" : "PMNTN_MAIN",
      "type" : "esriFieldTypeString",
      "alias" : "PMNTN_MAIN",
      "length" : 200
    },
    {
      "name" : "PMNTN_LT",
      "type" : "esriFieldTypeSingle",
      "alias" : "PMNTN_LT"
    },
    {
      "name" : "PMNTN_DFFL",
      "type" : "esriFieldTypeString",
      "alias" : "PMNTN_DFFL",
      "length" : 8
    },
    {
      "name" : "PMNTN_UPPL",
      "type" : "esriFieldTypeDouble",
      "alias" : "PMNTN_UPPL"
    },
    {
      "name" : "PMNTN_GODN",
      "type" : "esriFieldTypeDouble",
      "alias" : "PMNTN_GODN"
    },
    {
      "name" : "PMNTN_MTRQ",
      "type" : "esriFieldTypeString",
      "alias" : "PMNTN_MTRQ",
      "length" : 200
    },
    {
      "name" : "PMNTN_CNRL",
      "type" : "esriFieldTypeString",
      "alias" : "PMNTN_CNRL",
      "length" : 1
    },
    {
      "name" : "PMNTN_CLS_",
      "type" : "esriFieldTypeString",
      "alias" : "PMNTN_CLS_",
      "length" : 1
    },
    {
      "name" : "PMNTN_RISK",
      "type" : "esriFieldTypeString",
      "alias" : "PMNTN_RISK",
      "length" : 200
    },
    {
      "name" : "PMNTN_RECO",
      "type" : "esriFieldTypeString",
      "alias" : "PMNTN_RECO",
      "length" : 1
    },
    {
      "name" : "DATA_STDR_",
      "type" : "esriFieldTypeString",
      "alias" : "DATA_STDR_",
      "length" : 10
    },
    {
      "name" : "MNTN_ID",
      "type" : "esriFieldTypeString",
      "alias" : "MNTN_ID",
      "length" : 10
    }
  ],
  "features" : [
    {
      "attributes" : {
        "FID" : 0,
        "PMNTN_SN" : 56887,
        "MNTN_CODE" : "468902404",
        "MNTN_NM" : "횡간도사자바위",
        "PMNTN_NM" : "횡간리구간",
        "PMNTN_MAIN" : " ",
        "PMNTN_LT" : 0.53,
        "PMNTN_DFFL" : "쉬움",
        "PMNTN_UPPL" : 9,
        "PMNTN_GODN" : 7,
        "PMNTN_MTRQ" : "토사",
        "PMNTN_CNRL" : " ",
        "PMNTN_CLS_" : " ",
        "PMNTN_RISK" : " ",
        "PMNTN_RECO" : " ",
        "DATA_STDR_" : "2016-12-31",
        "MNTN_ID" : "468902404"
      },
      "geometry" : {
        "paths" : [
          [
            [
              164399.53102898505,
              182607.60306550004
            ],
            [
              164417.62205246929,
              182588.63531376235
            ],
            [
              164427.21249625646,
              182575.97801587172
            ],
            [
              164435.87942420226,
              182535.79000429437
            ],
            [
              164443.35252009798,
              182523.1223088745
            ],
            [
              164460.31729060691,
              182517.91211403534
            ],
            [
              164481.49076454155,
              182518.01608088426
            ],
            [
              164506.88333890401,
              182521.31686231866
            ],
            [
              164545.97109445464,
              182538.4479817301
            ],
            [
              164581.8724331446,
              182557.68085514568
            ],
            [
              164628.32932119258,
              182583.31775755994
            ],
            [
              164663.20837743301,
              182595.13471863978
            ],
            [
              164686.45241820812,
              182604.77714980207
            ],
            [
              164702.26494778879,
              182618.61788816936
            ],
            [
              164711.62666217424,
              182652.54224190488
            ],
            [
              164716.81086328253,
              182674.80038827844
            ],
            [
              164731.51273278426,
              182699.22266994417
            ],
            [
              164754.6683983691,
              182726.86256325245
            ],
            [
              164759.94097419642,
              182731.12325239182
            ],
            [
              164765.2083514398,
              182736.44261563569
            ],
            [
              164765.15116672032,
              182748.08803020418
            ]
          ]
        ]
      }
    },
    {
      "attributes" : {
        "FID" : 1,
        "PMNTN_SN" : 56888,
        "MNTN_CODE" : "468902404",
        "MNTN_NM" : "횡간도사자바위",
        "PMNTN_NM" : "횡간리구간",
        "PMNTN_MAIN" : " ",
        "PMNTN_LT" : 0.25,
        "PMNTN_DFFL" : "쉬움",
        "PMNTN_UPPL" : 4,
        "PMNTN_GODN" : 3,
        "PMNTN_MTRQ" : "토사",
        "PMNTN_CNRL" : " ",
        "PMNTN_CLS_" : " ",
        "PMNTN_RISK" : " ",
        "PMNTN_RECO" : " ",
        "DATA_STDR_" : "2016-12-31",
        "MNTN_ID" : "468902404"
      },
      "geometry" : {
        "paths" : [
          [
            [
              164765.15116672032,
              182748.08803020418
            ],
            [
              164747.14331079368,
              182750.11700176075
            ],
            [
              164735.47710204963,
              182754.29451300763
            ],
            [
              164717.45884945523,
              182758.44083235413
            ],
            [
              164703.5973134283,
              182778.48805573769
            ],
            [
              164632.67135843262,
              182777.08107199892
            ],
            [
              164591.450659981,
              182763.11556457542
            ],
            [
              164551.14827383403,
              182777.73944951408
            ],
            [
              164543.70636535715,
              182784.05510164797
            ],
            [
              164539.43008088972,
              182792.50369724259
            ]
          ]
        ]
      }
    },
    {
      "attributes" : {
        "FID" : 2,
        "PMNTN_SN" : 56889,
        "MNTN_CODE" : "468902404",
        "MNTN_NM" : "횡간도사자바위",
        "PMNTN_NM" : "횡간리구간",
        "PMNTN_MAIN" : " ",
        "PMNTN_LT" : 0.61,
        "PMNTN_DFFL" : "쉬움",
        "PMNTN_UPPL" : 11,
        "PMNTN_GODN" : 8,
        "PMNTN_MTRQ" : "토사",
        "PMNTN_CNRL" : " ",
        "PMNTN_CLS_" : " ",
        "PMNTN_RISK" : " ",
        "PMNTN_RECO" : " ",
        "DATA_STDR_" : "2016-12-31",
        "MNTN_ID" : "468902404"
      },
      "geometry" : {
        "paths" : [
          [
            [
              164765.15116672032,
              182748.08803020418
            ],
            [
              164803.19585126545,
              182762.03794370405
            ],
            [
              164821.13612605073,
              182773.77173579298
            ],
            [
              164833.79342768062,
              182783.36218677647
            ],
            [
              164846.49231872149,
              182784.48324484751
            ],
            [
              164864.47938212287,
              182786.68897042237
            ],
            [
              164885.58528306242,
              182800.55570824631
            ],
            [
              164904.57383586094,
              182814.41204934008
            ],
            [
              164934.13353518955,
              182831.49640092999
            ],
            [
              164958.45704978891,
              182836.90934284404
            ],
            [
              165009.19023716263,
              182854.09767109528
            ],
            [
              165047.3077131575,
              182853.226151485
            ],
            [
              165074.92162619811,
              182835.36385358125
            ],
            [
              165098.26964969374,
              182823.83280646987
            ],
            [
              165124.71571655944,
              182828.19747208618
            ],
            [
              165156.44475935772,
              182834.70548058674
            ],
            [
              165213.65997383837,
              182825.45814014412
            ],
            [
              165239.04217082355,
              182830.87628225423
            ],
            [
              165257.03963957168,
              182830.96466040798
            ],
            [
              165282.43223522324,
              182834.26545358635
            ],
            [
              165282.34905555751,
              182851.20424836688
            ],
            [
              165254.68834682833,
              182878.59462180175
            ]
          ]
        ]
      }
    }
  ]
}