{
  "displayFieldName" : "",
  "fieldAliases" : {
    "FID" : "FID",
    "PMNTN_SN" : "PMNTN_SN",
    "MNTN_CODE" : "MNTN_CODE",
    "MNTN_NM" : "MNTN_NM",
    "PMNTN_NM" : "PMNTN_NM",
    "PMNTN_MAIN" : "PMNTN_MAIN",
    "PMNTN_LT" : "PMNTN_LT",
    "PMNTN_DFFL" : "PMNTN_DFFL",
    "PMNTN_UPPL" : "PMNTN_UPPL",
    "PMNTN_GODN" : "PMNTN_GODN",
    "PMNTN_MTRQ" : "PMNTN_MTRQ",
    "PMNTN_CNRL" : "PMNTN_CNRL",
    "PMNTN_CLS_" : "PMNTN_CLS_",
    "PMNTN_RISK" : "PMNTN_RISK",
    "PMNTN_RECO" : "PMNTN_RECO",
    "DATA_STDR_" : "DATA_STDR_",
    "MNTN_ID" : "MNTN_ID"
  },
  "geometryType" : "esriGeometryPolyline",
  "spatialReference" : {
    "wkt" : "PROJCS[\"PCS_ITRF2000_TM\",GEOGCS[\"GCS_ITRF_2000\",DATUM[\"D_ITRF_2000\",SPHEROID[\"GRS_1980\",6378137.0,298.257222101]],PRIMEM[\"Greenwich\",0.0],UNIT[\"Degree\",0.0174532925199433]],PROJECTION[\"Transverse_Mercator\"],PARAMETER[\"False_Easting\",200000.0],PARAMETER[\"False_Northing\",600000.0],PARAMETER[\"Central_Meridian\",127.0],PARAMETER[\"Scale_Factor\",1.0],PARAMETER[\"Latitude_Of_Origin\",38.0],UNIT[\"Meter\",1.0]]"
  },
  "fields" : [
    {
      "name" : "FID",
      "type" : "esriFieldTypeOID",
      "alias" : "FID"
    },
    {
      "name" : "PMNTN_SN",
      "type" : "esriFieldTypeDouble",
      "alias" : "PMNTN_SN"
    },
    {
      "name" : "MNTN_CODE",
      "type" : "esriFieldTypeString",
      "alias" : "MNTN_CODE",
      "length" : 9
    },
    {
      "name" : "MNTN_NM",
      "type" : "esriFieldTypeString",
      "alias" : "MNTN_NM",
      "length" : 50
    },
    {
      "name" : "PMNTN_NM",
      "type" : "esriFieldTypeString",
      "alias" : "PMNTN_NM",
      "length" : 50
    },
    {
      "name" : "PMNTN_MAIN",
      "type" : "esriFieldTypeString",
      "alias" : "PMNTN_MAIN",
      "length" : 200
    },
    {
      "name" : "PMNTN_LT",
      "type" : "esriFieldTypeSingle",
      "alias" : "PMNTN_LT"
    },
    {
      "name" : "PMNTN_DFFL",
      "type" : "esriFieldTypeString",
      "alias" : "PMNTN_DFFL",
      "length" : 8
    },
    {
      "name" : "PMNTN_UPPL",
      "type" : "esriFieldTypeDouble",
      "alias" : "PMNTN_UPPL"
    },
    {
      "name" : "PMNTN_GODN",
      "type" : "esriFieldTypeDouble",
      "alias" : "PMNTN_GODN"
    },
    {
      "name" : "PMNTN_MTRQ",
      "type" : "esriFieldTypeString",
      "alias" : "PMNTN_MTRQ",
      "length" : 200
    },
    {
      "name" : "PMNTN_CNRL",
      "type" : "esriFieldTypeString",
      "alias" : "PMNTN_CNRL",
      "length" : 1
    },
    {
      "name" : "PMNTN_CLS_",
      "type" : "esriFieldTypeString",
      "alias" : "PMNTN_CLS_",
      "length" : 1
    },
    {
      "name" : "PMNTN_RISK",
      "type" : "esriFieldTypeString",
      "alias" : "PMNTN_RISK",
      "length" : 200
    },
    {
      "name" : "PMNTN_RECO",
      "type" : "esriFieldTypeString",
      "alias" : "PMNTN_RECO",
      "length" : 1
    },
    {
      "name" : "DATA_STDR_",
      "type" : "esriFieldTypeString",
      "alias" : "DATA_STDR_",
      "length" : 10
    },
    {
      "name" : "MNTN_ID",
      "type" : "esriFieldTypeString",
      "alias" : "MNTN_ID",
      "length" : 10
    }
  ],
  "features" : [
    {
      "attributes" : {
        "FID" : 0,
        "PMNTN_SN" : 47571,
        "MNTN_CODE" : "413602904",
        "MNTN_NM" : "진접읍금곡리",
        "PMNTN_NM" : "금곡리구간",
        "PMNTN_MAIN" : " ",
        "PMNTN_LT" : 2.7,
        "PMNTN_DFFL" : "쉬움",
        "PMNTN_UPPL" : 51,
        "PMNTN_GODN" : 35,
        "PMNTN_MTRQ" : " ",
        "PMNTN_CNRL" : " ",
        "PMNTN_CLS_" : "Y",
        "PMNTN_RISK" : " ",
        "PMNTN_RECO" : " ",
        "DATA_STDR_" : "2016-12-31",
        "MNTN_ID" : "413602001"
      },
      "geometry" : {
        "paths" : [
          [
            [
              218395.26730000135,
              571128.78429999948
            ],
            [
              218401.30800000113,
              571108.92369999923
            ],
            [
              218402.50160000008,
              571103.76270000264
            ],
            [
              218403.1782999998,
              571099.11800000258
            ],
            [
              218403.42940000072,
              571094.90339999832
            ],
            [
              218403.38690000027,
              571090.47630000301
            ],
            [
              218403.05060000066,
              571085.80200000294
            ],
            [
              218402.41590000037,
              571080.81499999948
            ],
            [
              218400.37280000094,
              571070.24260000139
            ],
            [
              218396.25619999971,
              571053.62949999981
            ],
            [
              218395.04120000079,
              571049.47620000131
            ],
            [
              218393.35600000061,
              571044.91070000082
            ],
            [
              218386.43800000194,
              571029.29830000177
            ],
            [
              218381.46620000061,
              571018.9002000019
            ],
            [
              218379.42270000093,
              571010.35760000162
            ],
            [
              218378.52799999993,
              571002.43300000206
            ],
            [
              218378.50170000084,
              570996.52010000125
            ],
            [
              218382.10310000088,
              570991.22519999929
            ],
            [
              218389.29779999983,
              570981.56350000203
            ],
            [
              218391.09670000058,
              570974.59009999968
            ],
            [
              218386.73369999975,
              570966.69549999945
            ],
            [
              218377.53150000051,
              570958.53260000236
            ],
            [
              218366.86490000132,
              570951.32570000179
            ],
            [
              218360.37490000017,
              570946.19960000366
            ],
            [
              218353.72410000209,
              570940.26090000011
            ],
            [
              218343.89230000135,
              570931.14520000108
            ],
            [
              218326.75140000042,
              570918.68190000392
            ],
            [
              218318.61220000032,
              570913.58500000089
            ],
            [
              218301.06109999958,
              570910.33889999986
            ],
            [
              218289.45720000006,
              570906.28639999963
            ],
            [
              218284.53390000109,
              570903.7936000023
            ],
            [
              218278.91920000035,
              570901.261900004
            ],
            [
              218258.21630000137,
              570892.97100000083
            ],
            [
              218250.01510000136,
              570889.37800000049
            ],
            [
              218245.75389999989,
              570887.25760000199
            ],
            [
              218241.88580000121,
              570885.10840000398
            ],
            [
              218238.33629999962,
              570882.88880000263
            ],
            [
              218235.06880000047,
              570880.5756000001
            ],
            [
              218227.91820000112,
              570875.11209999956
            ],
            [
              218222.70150000043,
              570870.89870000258
            ],
            [
              218218.16350000072,
              570866.92200000398
            ],
            [
              218214.25349999871,
              570863.12199999951
            ],
            [
              218210.77670000121,
              570859.28849999979
            ],
            [
              218207.82760000136,
              570855.50020000339
            ],
            [
              218205.38080000039,
              570851.72440000251
            ],
            [
              218203.42460000142,
              570847.94250000454
            ],
            [
              218201.60319999978,
              570843.05750000104
            ],
            [
              218200.17330000084,
              570837.28580000065
            ],
            [
              218199.16510000173,
              570831.24479999952
            ],
            [
              218197.49140000064,
              570818.27610000037
            ],
            [
              218195.08580000047,
              570801.17459999956
            ],
            [
              218193.98680000193,
              570789.57470000163
            ],
            [
              218193.76429999899,
              570784.1863000039
            ],
            [
              218193.77929999959,
              570779.13670000248
            ],
            [
              218194.03210000135,
              570774.36020000279
            ],
            [
              218194.52470000088,
              570769.82100000232
            ],
            [
              218195.52360000089,
              570764.74469999969
            ],
            [
              218197.1838999996,
              570759.24920000136
            ],
            [
              218199.52089999989,
              570753.19590000063
            ],
            [
              218204.99010000005,
              570740.71709999815
            ],
            [
              218207.17920000106,
              570735.31670000404
            ],
            [
              218209.1082000006,
              570729.56580000184
            ],
            [
              218210.34680000041,
              570724.33260000125
            ],
            [
              218211.37780000083,
              570717.75040000118
            ],
            [
              218212.11780000106,
              570711.00280000269
            ],
            [
              218212.56319999974,
              570704.12020000257
            ],
            [
              218212.71200000122,
              570697.13729999959
            ],
            [
              218212.56310000177,
              570690.08720000274
            ],
            [
              218212.11720000114,
              570683.01259999909
            ],
            [
              218211.37700000219,
              570675.95439999923
            ],
            [
              218210.34680000041,
              570668.95529999956
            ],
            [
              218207.85819999967,
              570663.9506000001
            ],
            [
              218202.0027999999,
              570658.62099999748
            ],
            [
              218196.85460000113,
              570656.98489999957
            ],
            [
              218188.2918999996,
              570652.83530000038
            ],
            [
              218176.47100000177,
              570643.80170000345
            ],
            [
              218169.38439999986,
              570637.27030000091
            ],
            [
              218163.44579999987,
              570630.4533000011
            ],
            [
              218159.76850000024,
              570624.77580000088
            ],
            [
              218151.24410000071,
              570621.38490000181
            ],
            [
              218145.13659999985,
              570623.51810000092
            ],
            [
              218138.46100000199,
              570624.24110000394
            ],
            [
              218131.72989999969,
              570623.60280000232
            ],
            [
              218125.38740000129,
              570619.58540000208
            ],
            [
              218120.35869999975,
              570613.06210000068
            ],
            [
              218116.26090000197,
              570607.31800000183
            ],
            [
              218111.91600000113,
              570600.94550000131
            ],
            [
              218108.36970000062,
              570597.95260000229
            ],
            [
              218104.79590000026,
              570595.76210000366
            ],
            [
              218102.07220000029,
              570594.53779999912
            ],
            [
              218099.04499999993,
              570593.46829999983
            ],
            [
              218092.41520000063,
              570591.81530000456
            ],
            [
              218078.42520000134,
              570589.42170000076
            ],
            [
              218072.61030000169,
              570588.16210000217
            ],
            [
              218066.81419999991,
              570586.29399999976
            ],
            [
              218063.16070000175,
              570584.54289999977
            ],
            [
              218055.10100000072,
              570579.41750000231
            ],
            [
              218049.24409999885,
              570575.00950000249
            ],
            [
              218044.30580000021,
              570570.58300000243
            ],
            [
              218039.43840000033,
              570565.00370000117
            ],
            [
              218037.06079999916,
              570561.45020000078
            ],
            [
              218034.12980000116,
              570555.74890000187
            ],
            [
              218031.75520000048,
              570549.97600000165
            ],
            [
              218026.41520000156,
              570535.45659999922
            ],
            [
              218018.18870000076,
              570514.94180000201
            ],
            [
              218015.70670000091,
              570508.20170000196
            ],
            [
              218013.6623000009,
              570502.09520000033
            ],
            [
              218011.85199999996,
              570495.93160000257
            ],
            [
              218010.41950000077,
              570490.09430000372
            ],
            [
              218009.34350000042,
              570484.49630000442
            ],
            [
              218008.61529999971,
              570479.09039999917
            ],
            [
              218008.28830000199,
              570474.66430000402
            ],
            [
              218008.1819000002,
              570469.68989999965
            ],
            [
              218008.61529999971,
              570448.43510000221
            ],
            [
              218008.16810000129,
              570416.34680000134
            ],
            [
              218007.43120000046,
              570397.4841000028
            ],
            [
              218006.7890999997,
              570388.45710000023
            ],
            [
              218005.95680000074,
              570380.01090000197
            ],
            [
              218004.92059999984,
              570372.0094000008
            ],
            [
              218003.67100000102,
              570364.380400002
            ],
            [
              218000.20720000099,
              570346.14650000259
            ],
            [
              217997.20370000042,
              570333.26190000027
            ],
            [
              217995.54310000036,
              570327.38400000148
            ],
            [
              217993.77300000004,
              570321.91489999928
            ],
            [
              217991.87200000137,
              570316.78880000114
            ],
            [
              217989.82660000026,
              570311.96980000101
            ],
            [
              217986.04960000142,
              570304.45460000262
            ],
            [
              217981.27820000052,
              570296.39770000242
            ],
            [
              217975.62260000035,
              570287.87480000034
            ],
            [
              217966.09350000042,
              570274.39230000041
            ],
            [
              217957.52990000136,
              570262.58400000073
            ],
            [
              217949.62040000036,
              570252.33589999937
            ],
            [
              217941.97169999965,
              570243.13950000145
            ],
            [
              217934.44940000214,
              570234.83709999919
            ],
            [
              217921.42860000022,
              570220.42579999939
            ],
            [
              217915.05450000055,
              570214.07230000198
            ],
            [
              217911.63740000036,
              570211.1576000005
            ],
            [
              217908.32550000213,
              570208.72620000318
            ],
            [
              217905.06180000119,
              570206.73650000244
            ],
            [
              217901.81630000006,
              570205.17080000229
            ],
            [
              217899.11849999987,
              570204.2081000004
            ],
            [
              217896.19430000056,
              570203.48530000076
            ],
            [
              217893.01280000154,
              570202.99450000189
            ],
            [
              217889.5122000007,
              570202.7257000003
            ],
            [
              217882.76870000083,
              570202.74560000002
            ],
            [
              217865.39590000082,
              570203.66970000416
            ],
            [
              217860.57280000113,
              570203.58899999969
            ],
            [
              217856.32789999992,
              570203.19300000183
            ],
            [
              217851.82890000008,
              570202.41190000065
            ],
            [
              217846.84490000084,
              570201.24239999987
            ],
            [
              217830.64209999982,
              570196.51630000025
            ],
            [
              217824.76240000129,
              570194.98420000076
            ],
            [
              217819.02259999979,
              570193.86300000176
            ],
            [
              217812.62810000125,
              570193.29000000097
            ],
            [
              217808.9412000021,
              570193.45190000348
            ],
            [
              217803.34690000024,
              570194.42960000224
            ],
            [
              217797.73809999973,
              570195.95260000043
            ],
            [
              217783.83100000117,
              570200.34399999864
            ],
            [
              217780.03589999955,
              570201.30279999971
            ],
            [
              217776.71230000164,
              570201.90829999931
            ],
            [
              217773.10870000068,
              570202.20480000041
            ],
            [
              217769.88620000053,
              570202.02650000155
            ],
            [
              217766.98110000044,
              570201.36959999986
            ],
            [
              217763.26590000093,
              570199.53350000083
            ],
            [
              217759.93769999966,
              570197.11480000056
            ],
            [
              217757.67599999998,
              570195.05609999783
            ],
            [
              217755.39840000216,
              570192.67730000429
            ],
            [
              217750.84779999964,
              570187.00820000097
            ],
            [
              217746.00870000012,
              570179.40000000037
            ],
            [
              217744.50160000008,
              570176.06909999996
            ],
            [
              217743.01629999932,
              570170.84870000184
            ],
            [
              217742.07309999969,
              570165.06400000118
            ],
            [
              217740.89790000021,
              570153.15430000052
            ],
            [
              217740.22910000104,
              570148.20060000196
            ],
            [
              217739.14059999958,
              570143.18820000254
            ],
            [
              217737.66229999997,
              570138.91579999961
            ],
            [
              217736.04400000069,
              570135.62510000169
            ],
            [
              217733.88270000089,
              570132.09350000136
            ],
            [
              217725.94390000124,
              570121.22949999943
            ],
            [
              217723.37249999959,
              570117.40460000187
            ],
            [
              217721.32039999962,
              570113.72589999996
            ],
            [
              217719.86250000075,
              570110.23829999939
            ],
            [
              217718.91860000044,
              570106.87480000034
            ],
            [
              217718.24450000003,
              570103.03330000117
            ],
            [
              217717.8256000001,
              570098.92109999806
            ],
            [
              217717.03129999992,
              570087.2265000008
            ],
            [
              217716.55640000105,
              570083.68229999952
            ],
            [
              217715.90699999966,
              570080.57190000452
            ],
            [
              217714.40500000026,
              570075.08950000256
            ],
            [
              217712.71320000198,
              570069.74560000375
            ],
            [
              217710.84189999942,
              570064.57220000029
            ],
            [
              217708.79989999998,
              570059.59359999932
            ],
            [
              217706.59820000175,
              570054.8359999992
            ],
            [
              217704.2424000008,
              570050.31010000221
            ],
            [
              217701.73959999997,
              570046.02970000356
            ],
            [
              217699.0959999999,
              570042.0055999998
            ],
            [
              217694.20720000193,
              570035.29790000059
            ],
            [
              217689.84220000077,
              570030.03910000063
            ],
            [
              217685.56360000186,
              570025.70380000398
            ],
            [
              217680.17700000014,
              570021.53720000014
            ],
            [
              217676.34380000085,
              570019.57560000196
            ],
            [
              217667.14890000038,
              570016.34690000117
            ],
            [
              217664.15350000001,
              570015.13880000077
            ],
            [
              217660.57749999873,
              570013.07530000061
            ],
            [
              217656.86319999956,
              570009.81830000132
            ],
            [
              217654.30909999926,
              570006.83990000188
            ],
            [
              217651.91000000201,
              570003.44050000235
            ],
            [
              217649.706100001,
              569999.67690000311
            ],
            [
              217647.72780000232,
              569995.59340000153
            ],
            [
              217646.03970000148,
              569991.31570000015
            ],
            [
              217644.68879999965,
              569986.96209999919
            ],
            [
              217643.71880000178,
              569982.67280000076
            ],
            [
              217643.31730000116,
              569979.61879999749
            ],
            [
              217643.19039999973,
              569976.35830000229
            ],
            [
              217643.33680000063,
              569972.8673000019
            ],
            [
              217643.75840000156,
              569969.09880000167
            ],
            [
              217645.30950000137,
              569961.06159999967
            ],
            [
              217648.6632000003,
              569948.06200000271
            ],
            [
              217650.04920000024,
              569943.87750000134
            ],
            [
              217652.18470000103,
              569939.24680000171
            ],
            [
              217654.71380000096,
              569934.68590000272
            ],
            [
              217661.52489999961,
              569923.31359999813
            ],
            [
              217664.55980000086,
              569917.22600000352
            ],
            [
              217665.72889999952,
              569913.99770000204
            ],
            [
              217666.55059999973,
              569909.60490000062
            ],
            [
              217665.83960000053,
              569903.45189999975
            ],
            [
              217663.3543999996,
              569898.67520000227
            ],
            [
              217660.19410000183,
              569894.81080000103
            ],
            [
              217652.22020000126,
              569886.58830000274
            ],
            [
              217648.98260000069,
              569882.85830000229
            ],
            [
              217646.86409999989,
              569879.76910000108
            ],
            [
              217645.02630000003,
              569875.84869999997
            ],
            [
              217643.69749999978,
              569869.33390000463
            ],
            [
              217643.36060000118,
              569863.03110000305
            ],
            [
              217643.69710000232,
              569855.98620000109
            ],
            [
              217644.70760000031,
              569848.18520000204
            ],
            [
              217645.77850000001,
              569844.02229999937
            ],
            [
              217647.70189999975,
              569839.47969999909
            ],
            [
              217650.0214000009,
              569835.20910000242
            ],
            [
              217655.94730000012,
              569825.33919999935
            ],
            [
              217658.39670000039,
              569820.48050000146
            ],
            [
              217659.64769999962,
              569816.97990000062
            ],
            [
              217660.4542000005,
              569812.64409999922
            ],
            [
              217660.41600000206,
              569808.91269999929
            ],
            [
              217660.00779999979,
              569806.09170000069
            ],
            [
              217659.3012000015,
              569803.10469999909
            ],
            [
              217658.2826000005,
              569799.89319999889
            ],
            [
              217656.07939999923,
              569794.38849999942
            ],
            [
              217650.74140000064,
              569782.8889000006
            ],
            [
              217648.6632000003,
              569777.974700002
            ],
            [
              217641.76270000078,
              569759.96400000155
            ],
            [
              217637.59660000075,
              569749.84300000221
            ],
            [
              217633.27469999995,
              569740.56210000254
            ],
            [
              217628.88559999969,
              569732.48630000278
            ],
            [
              217625.802000002,
              569727.88360000029
            ],
            [
              217621.82570000179,
              569723.03429999948
            ],
            [
              217617.59909999929,
              569718.51830000058
            ],
            [
              217606.76669999957,
              569707.61270000227
            ],
            [
              217601.51589999907,
              569701.63630000316
            ],
            [
              217599.10919999983,
              569698.39330000058
            ],
            [
              217597.12080000062,
              569695.23620000109
            ],
            [
              217595.51450000051,
              569692.10750000365
            ],
            [
              217594.27480000071,
              569688.9756000042
            ],
            [
              217593.42879999895,
              569685.6034000013
            ],
            [
              217592.97420000192,
              569681.61840000004
            ],
            [
              217592.86429999955,
              569677.64480000176
            ],
            [
              217592.96380000003,
              569667.96900000051
            ],
            [
              217592.67690000031,
              569663.21660000086
            ],
            [
              217591.81589999888,
              569658.8954000026
            ],
            [
              217590.73489999957,
              569656.19590000249
            ],
            [
              217588.6034000013,
              569652.94959999993
            ],
            [
              217586.21420000028,
              569650.58410000056
            ],
            [
              217583.1202999996,
              569648.18970000185
            ],
            [
              217576.12070000172,
              569643.50210000202
            ],
            [
              217573.24399999995,
              569641.39230000041
            ],
            [
              217570.5477,
              569638.97819999978
            ],
            [
              217568.56390000042,
              569636.56499999948
            ],
            [
              217566.83280000091,
              569633.66620000266
            ],
            [
              217565.34210000094,
              569630.42659999989
            ],
            [
              217564.07820000127,
              569626.81770000234
            ],
            [
              217563.02020000014,
              569622.77950000018
            ],
            [
              217561.58400000166,
              569614.39390000142
            ],
            [
              217559.66399999987,
              569597.00980000198
            ],
            [
              217557.92140000034,
              569584.18190000206
            ],
            [
              217557.21420000028,
              569576.55200000107
            ],
            [
              217557.11010000017,
              569569.557099998
            ],
            [
              217557.90160000045,
              569562.37079999968
            ],
            [
              217558.78019999992,
              569559.24310000241
            ],
            [
              217560.83970000036,
              569554.68950000219
            ],
            [
              217563.38230000064,
              569550.35840000212
            ],
            [
              217569.97590000089,
              569540.23560000211
            ],
            [
              217572.68120000046,
              569535.18540000357
            ],
            [
              217573.98599999957,
              569531.45250000246
            ],
            [
              217574.53550000209,
              569526.90000000037
            ],
            [
              217573.98749999981,
              569523.02920000069
            ],
            [
              217573.09489999991,
              569520.09090000205
            ],
            [
              217571.81960000191,
              569516.99650000222
            ],
            [
              217570.16160000116,
              569513.74590000138
            ],
            [
              217568.12610000093,
              569510.34679999948
            ],
            [
              217565.70630000066,
              569506.7864000015
            ],
            [
              217559.66399999987,
              569499.1107000038
            ],
            [
              217556.03560000006,
              569495.10659999959
            ],
            [
              217552.14230000228,
              569491.31840000115
            ],
            [
              217548.06580000091,
              569487.8256000001
            ],
            [
              217543.87270000111,
              569484.68480000086
            ],
            [
              217539.64120000042,
              569481.95179999806
            ],
            [
              217535.39890000131,
              569479.64140000008
            ],
            [
              217531.18570000026,
              569477.77529999986
            ],
            [
              217525.84170000069,
              569476.12409999967
            ],
            [
              217521.84009999968,
              569475.67270000093
            ],
            [
              217512.16390000004,
              569475.99740000255
            ],
            [
              217508.8077999996,
              569475.91130000167
            ],
            [
              217505.74440000113,
              569475.39450000226
            ],
            [
              217501.85049999971,
              569473.23530000448
            ],
            [
              217498.99020000082,
              569469.63289999962
            ],
            [
              217497.30500000063,
              569466.05040000007
            ],
            [
              217494.37780000176,
              569458.14320000075
            ],
            [
              217493.01090000104,
              569454.92870000377
            ],
            [
              217491.31659999862,
              569451.9186000023
            ],
            [
              217489.45350000076,
              569449.66670000181
            ],
            [
              217486.37790000066,
              569447.03680000268
            ],
            [
              217482.80410000123,
              569444.61250000261
            ],
            [
              217478.76299999934,
              569442.4151000008
            ],
            [
              217474.30350000132,
              569440.47120000236
            ],
            [
              217469.45419999864,
              569438.79820000194
            ],
            [
              217464.34240000043,
              569437.44450000115
            ],
            [
              217459.08760000207,
              569436.44200000167
            ],
            [
              217453.85390000138,
              569435.82240000367
            ],
            [
              217450.68410000112,
              569435.81240000203
            ],
            [
              217447.04580000229,
              569436.27209999971
            ],
            [
              217435.32469999976,
              569439.07720000111
            ],
            [
              217431.50019999966,
              569439.79410000145
            ],
            [
              217428.10390000138,
              569440.0436000023
            ],
            [
              217425.17640000116,
              569439.77789999917
            ],
            [
              217422.33469999954,
              569438.92229999974
            ],
            [
              217419.61450000014,
              569437.46730000339
            ],
            [
              217416.98800000083,
              569435.39890000224
            ],
            [
              217414.40869999956,
              569432.68050000258
            ],
            [
              217412.15560000017,
              569429.73890000209
            ],
            [
              217409.79650000017,
              569426.13430000097
            ],
            [
              217401.34480000008,
              569411.17600000091
            ],
            [
              217397.53930000123,
              569405.20759999938
            ],
            [
              217395.33189999964,
              569402.31960000284
            ],
            [
              217393.12820000108,
              569399.89240000211
            ],
            [
              217389.73770000227,
              569397.07430000044
            ],
            [
              217384.66640000045,
              569394.12120000459
            ],
            [
              217380.33960000053,
              569392.20830000192
            ],
            [
              217375.57130000088,
              569390.51209999993
            ],
            [
              217370.28699999955,
              569389.00599999912
            ],
            [
              217365.0250000013,
              569387.79160000011
            ],
            [
              217359.03630000073,
              569386.65169999935
            ],
            [
              217338.15490000043,
              569383.41180000268
            ],
            [
              217333.05769999884,
              569382.83840000443
            ],
            [
              217327.24260000233,
              569382.69580000266
            ],
            [
              217321.24980000034,
              569382.91229999997
            ],
            [
              217305.27350000013,
              569383.93480000272
            ],
            [
              217300.61010000017,
              569384.01150000282
            ],
            [
              217296.51440000068,
              569383.85960000008
            ],
            [
              217291.96010000072,
              569383.34310000204
            ],
            [
              217287.87040000129,
              569382.44859999791
            ],
            [
              217284.16360000055,
              569381.15780000202
            ],
            [
              217280.79990000185,
              569379.45620000362
            ],
            [
              217276.4765999997,
              569376.54719999991
            ],
            [
              217272.04179999977,
              569372.91730000265
            ],
            [
              217267.52830000035,
              569368.59249999933
            ],
            [
              217263.00010000076,
              569363.634200003
            ],
            [
              217260.7732999986,
              569360.54820000194
            ],
            [
              217258.71920000017,
              569356.6512000002
            ],
            [
              217257.02190000098,
              569352.56970000081
            ],
            [
              217253.30230000056,
              569342.49330000021
            ],
            [
              217251.10560000222,
              569337.74190000072
            ],
            [
              217249.0689000003,
              569334.63480000198
            ],
            [
              217246.02190000098,
              569331.60360000096
            ],
            [
              217242.76709999982,
              569329.72609999962
            ],
            [
              217239.97030000109,
              569328.68040000089
            ],
            [
              217236.80460000038,
              569327.86210000142
            ],
            [
              217233.25860000122,
              569327.26810000092
            ],
            [
              217229.37280000001,
              569326.89910000004
            ],
            [
              217225.05489999987,
              569326.74080000445
            ],
            [
              217214.54499999993,
              569327.04560000263
            ],
            [
              217209.89170000143,
              569327.6699000001
            ],
            [
              217204.85519999918,
              569329.04530000314
            ],
            [
              217199.34250000026,
              569331.15899999999
            ],
            [
              217187.97929999977,
              569336.29120000079
            ],
            [
              217183.0521000009,
              569338.30560000241
            ],
            [
              217177.80099999998,
              569339.97640000097
            ],
            [
              217173.0120000001,
              569340.88990000263
            ],
            [
              217164.3060999997,
              569341.80100000277
            ],
            [
              217157.81020000018,
              569342.07980000414
            ],
            [
              217152.16030000057,
              569341.78470000252
            ],
            [
              217147.30120000057,
              569340.88990000263
            ],
            [
              217144.17140000034,
              569339.82260000147
            ],
            [
              217141.04219999909,
              569338.28720000014
            ],
            [
              217137.88230000064,
              569336.26910000108
            ],
            [
              217134.63179999962,
              569333.73020000011
            ],
            [
              217129.10870000068,
              569328.50819999911
            ],
            [
              217118.88959999941,
              569317.45390000008
            ],
            [
              217114.66810000129,
              569313.2013000045
            ],
            [
              217107.75980000198,
              569306.52790000103
            ],
            [
              217101.00710000098,
              569299.68870000169
            ],
            [
              217094.40990000125,
              569292.6836000029
            ],
            [
              217087.96839999966,
              569285.51270000078
            ]
          ]
        ]
      }
    },
    {
      "attributes" : {
        "FID" : 1,
        "PMNTN_SN" : 47572,
        "MNTN_CODE" : "413602904",
        "MNTN_NM" : "진접읍금곡리",
        "PMNTN_NM" : "금곡리구간",
        "PMNTN_MAIN" : " ",
        "PMNTN_LT" : 2.56,
        "PMNTN_DFFL" : "쉬움",
        "PMNTN_UPPL" : 48,
        "PMNTN_GODN" : 34,
        "PMNTN_MTRQ" : " ",
        "PMNTN_CNRL" : " ",
        "PMNTN_CLS_" : "Y",
        "PMNTN_RISK" : " ",
        "PMNTN_RECO" : " ",
        "DATA_STDR_" : "2016-12-31",
        "MNTN_ID" : "413602001"
      },
      "geometry" : {
        "paths" : [
          [
            [
              218395.26730000135,
              571128.78429999948
            ],
            [
              218399.51290000137,
              571128.0075000003
            ],
            [
              218403.42850000039,
              571127.02890000306
            ],
            [
              218407.01389999967,
              571125.84830000065
            ],
            [
              218410.26920000091,
              571124.46590000205
            ],
            [
              218413.19440000225,
              571122.88170000166
            ],
            [
              218415.78949999996,
              571121.09560000151
            ],
            [
              218418.05439999979,
              571119.10759999976
            ],
            [
              218420.44849999994,
              571116.17019999959
            ],
            [
              218421.7137000002,
              571112.68439999968
            ],
            [
              218421.87330000009,
              571108.17160000093
            ],
            [
              218421.35680000205,
              571104.10280000046
            ],
            [
              218418.72460000031,
              571092.14360000007
            ],
            [
              218417.93950000033,
              571087.0877000019
            ],
            [
              218417.87299999874,
              571083.34539999999
            ],
            [
              218418.66750000138,
              571079.25430000015
            ],
            [
              218420.72389999963,
              571075.54600000195
            ],
            [
              218424.05989999976,
              571071.87570000067
            ],
            [
              218429.23980000056,
              571067.75430000201
            ],
            [
              218440.45970000047,
              571060.1074000001
            ],
            [
              218443.3423000006,
              571057.81540000066
            ],
            [
              218445.70019999985,
              571055.60730000027
            ],
            [
              218451.96700000111,
              571048.81360000372
            ],
            [
              218457.88379999995,
              571041.7237999998
            ],
            [
              218463.39279999956,
              571034.40720000118
            ],
            [
              218468.44440000039,
              571026.92970000394
            ],
            [
              218470.1344000008,
              571024.06530000269
            ],
            [
              218471.8348000003,
              571020.7434000019
            ],
            [
              218476.88460000139,
              571009.38880000263
            ],
            [
              218478.8517000014,
              571005.30860000104
            ],
            [
              218481.02329999954,
              571001.4795000013
            ],
            [
              218483.27759999968,
              570998.25220000185
            ],
            [
              218486.45160000026,
              570994.70629999973
            ],
            [
              218490.43310000002,
              570991.17349999771
            ],
            [
              218494.84730000142,
              570987.85800000094
            ],
            [
              218507.38020000048,
              570979.16040000133
            ],
            [
              218510.95519999973,
              570976.30170000345
            ],
            [
              218513.93290000129,
              570973.53020000085
            ],
            [
              218517.90710000042,
              570969.05729999952
            ],
            [
              218521.91289999988,
              570963.65909999982
            ],
            [
              218525.42770000082,
              570958.27969999984
            ],
            [
              218533.23039999977,
              570945.59620000049
            ],
            [
              218537.14419999998,
              570939.79350000247
            ],
            [
              218540.85580000095,
              570935.02549999952
            ],
            [
              218544.58809999935,
              570931.00840000063
            ],
            [
              218547.02710000053,
              570928.85290000215
            ],
            [
              218549.97780000139,
              570926.65340000018
            ],
            [
              218560.91520000063,
              570919.71970000118
            ],
            [
              218564.94420000073,
              570916.87370000035
            ],
            [
              218568.59420000017,
              570913.61760000139
            ],
            [
              218570.66949999984,
              570911.09840000421
            ],
            [
              218574.375,
              570904.82880000211
            ],
            [
              218576.82060000114,
              570899.15540000238
            ],
            [
              218578.45000000112,
              570893.63200000115
            ],
            [
              218579.06790000107,
              570889.74370000139
            ],
            [
              218579.0755000012,
              570885.51350000314
            ],
            [
              218578.35030000098,
              570882.22920000367
            ],
            [
              218577.06790000107,
              570878.63690000214
            ],
            [
              218573.83389999997,
              570871.25310000218
            ],
            [
              218572.60510000028,
              570868.09070000052
            ],
            [
              218571.66779999994,
              570864.76600000262
            ],
            [
              218571.28789999988,
              570861.78680000268
            ],
            [
              218571.31150000077,
              570858.79910000041
            ],
            [
              218571.60760000069,
              570855.662200002
            ],
            [
              218572.17840000056,
              570852.35129999742
            ],
            [
              218573.03190000076,
              570848.81820000149
            ],
            [
              218575.41200000048,
              570841.45250000246
            ],
            [
              218580.18780000042,
              570829.15379999951
            ],
            [
              218583.62180000171,
              570821.28540000133
            ],
            [
              218592.05429999996,
              570804.43180000037
            ],
            [
              218596.04399999976,
              570796.60309999995
            ],
            [
              218601.29260000121,
              570787.51009999961
            ],
            [
              218606.80080000125,
              570778.63639999926
            ],
            [
              218628.9525000006,
              570733.10759999976
            ],
            [
              218637.93120000139,
              570709.91200000234
            ],
            [
              218640.41289999988,
              570701.96240000054
            ],
            [
              218639.2416000003,
              570698.6696000006
            ],
            [
              218637.5428000018,
              570695.65509999916
            ],
            [
              218634.64290000126,
              570692.15479999967
            ],
            [
              218630.77680000104,
              570688.74149999954
            ],
            [
              218625.91610000096,
              570685.38919999823
            ],
            [
              218619.99080000073,
              570682.04930000007
            ],
            [
              218613.86369999871,
              570679.0941000022
            ],
            [
              218606.59540000092,
              570675.97970000096
            ],
            [
              218578.21000000089,
              570664.9998000022
            ],
            [
              218574.03870000131,
              570663.52899999917
            ],
            [
              218569.12060000096,
              570662.25369999744
            ],
            [
              218563.70730000082,
              570661.18670000136
            ],
            [
              218526.38590000011,
              570645.68700000271
            ],
            [
              218525.26880000066,
              570642.55270000175
            ],
            [
              218524.37700000033,
              570638.71050000377
            ],
            [
              218522.9729000004,
              570630.26429999992
            ],
            [
              218517.99010000098,
              570625.73000000231
            ],
            [
              218510.18240000121,
              570622.26640000194
            ],
            [
              218460.54770000093,
              570599.16459999979
            ],
            [
              218454.81640000176,
              570595.28940000385
            ],
            [
              218450.39230000135,
              570590.62160000019
            ],
            [
              218443.49690000061,
              570586.36990000308
            ],
            [
              218436.88329999987,
              570582.03600000031
            ],
            [
              218430.5540000014,
              570577.62149999849
            ],
            [
              218424.51159999892,
              570573.12839999981
            ],
            [
              218418.75780000072,
              570568.55770000443
            ],
            [
              218413.29430000111,
              570563.91110000014
            ],
            [
              218408.12270000111,
              570559.18970000185
            ],
            [
              218398.62490000017,
              570550.33600000106
            ],
            [
              218393.64690000005,
              570545.27770000137
            ],
            [
              218389.46300000139,
              570540.25029999949
            ],
            [
              218386.3674000008,
              570535.45659999922
            ],
            [
              218384.48450000025,
              570531.43909999914
            ],
            [
              218383.0066000009,
              570526.99789999984
            ],
            [
              218381.9199000001,
              570522.09370000102
            ],
            [
              218381.20600000024,
              570516.64460000023
            ],
            [
              218380.87660000008,
              570511.42460000142
            ],
            [
              218380.79600000009,
              570505.48370000161
            ],
            [
              218381.42300000228,
              570482.05710000172
            ],
            [
              218381.17810000014,
              570467.6630000025
            ],
            [
              218381.34060000069,
              570460.83520000242
            ],
            [
              218382.05760000087,
              570454.21020000242
            ],
            [
              218383.40070000105,
              570448.43510000221
            ],
            [
              218384.60140000097,
              570445.60430000164
            ],
            [
              218388.99579999968,
              570437.18010000139
            ],
            [
              218389.05879999977,
              570433.90960000083
            ],
            [
              218386.86909999978,
              570431.33130000159
            ],
            [
              218383.86710000131,
              570429.5821000021
            ],
            [
              218381.16830000002,
              570428.52390000224
            ],
            [
              218377.92659999989,
              570427.53460000455
            ],
            [
              218368.6017000014,
              570425.57389999926
            ],
            [
              218365.45170000196,
              570425.41900000162
            ],
            [
              218356.24260000046,
              570426.01590000279
            ],
            [
              218351.60300000105,
              570425.38380000181
            ],
            [
              218347.02770000044,
              570423.65130000189
            ],
            [
              218342.4729000004,
              570420.92450000159
            ],
            [
              218339.1015000008,
              570418.2760000024
            ],
            [
              218334.74340000097,
              570413.91489999928
            ],
            [
              218330.56909999996,
              570408.65890000202
            ],
            [
              218326.7921000002,
              570402.75030000135
            ],
            [
              218323.57320000138,
              570396.43850000016
            ],
            [
              218321.10130000114,
              570390.09120000154
            ],
            [
              218319.36270000041,
              570384.36000000127
            ],
            [
              218318.35639999993,
              570379.80269999988
            ],
            [
              218317.94390000124,
              570375.79070000164
            ],
            [
              218318.40050000139,
              570371.29040000029
            ],
            [
              218319.691300001,
              570368.10040000081
            ],
            [
              218321.32490000129,
              570365.52170000412
            ],
            [
              218326.45459999982,
              570358.40909999795
            ],
            [
              218327.78369999956,
              570355.39500000142
            ],
            [
              218298.35800000094,
              570336.34670000151
            ],
            [
              218291.73560000211,
              570335.51380000077
            ],
            [
              218286.81180000212,
              570335.01590000093
            ],
            [
              218283.31860000081,
              570332.52960000001
            ],
            [
              218280.65440000221,
              570328.89350000024
            ],
            [
              218279.70370000042,
              570324.95759999938
            ],
            [
              218279.57949999999,
              570321.27930000052
            ],
            [
              218280.06170000136,
              570316.25510000065
            ],
            [
              218281.94540000055,
              570304.13700000197
            ],
            [
              218282.25670000073,
              570298.71419999935
            ],
            [
              218281.85750000179,
              570295.39680000208
            ],
            [
              218280.49270000029,
              570291.91880000196
            ],
            [
              218278.03569999989,
              570289.28390000388
            ],
            [
              218274.36309999973,
              570287.13260000013
            ],
            [
              218268.79789999966,
              570285.14800000004
            ],
            [
              218259.92800000124,
              570283.83100000396
            ],
            [
              218256.60840000119,
              570282.62800000049
            ],
            [
              218253.85750000179,
              570281.31450000033
            ],
            [
              218243.44070000108,
              570275.58780000173
            ],
            [
              218237.44689999986,
              570271.7453000024
            ],
            [
              218234.8442000011,
              570269.73330000415
            ],
            [
              218232.60860000085,
              570267.7070000004
            ],
            [
              218229.92290000059,
              570264.57690000162
            ],
            [
              218227.38690000027,
              570260.20150000043
            ],
            [
              218226.0094000008,
              570256.1194000002
            ],
            [
              218225.07980000135,
              570252.01050000265
            ],
            [
              218223.32830000017,
              570242.24580000155
            ],
            [
              218222.21340000071,
              570237.80380000174
            ],
            [
              218216.58000000007,
              570220.53669999912
            ],
            [
              218213.9737999998,
              570213.53680000082
            ],
            [
              218211.33570000064,
              570207.1484999992
            ],
            [
              218209.33499999996,
              570203.30210000277
            ],
            [
              218204.39109999873,
              570195.53670000099
            ],
            [
              218202.51840000041,
              570192.21280000173
            ],
            [
              218201.06890000124,
              570188.65139999986
            ],
            [
              218200.50979999918,
              570184.2621000018
            ],
            [
              218201.15969999973,
              570180.6166999992
            ],
            [
              218202.27680000104,
              570177.72039999999
            ],
            [
              218206.32010000106,
              570168.90230000205
            ],
            [
              218207.2547000004,
              570164.87490000203
            ],
            [
              218206.9578999998,
              570160.27710000426
            ],
            [
              218205.73010000121,
              570156.60500000045
            ],
            [
              218203.97800000012,
              570153.00799999945
            ],
            [
              218198.64130000211,
              570143.45860000327
            ],
            [
              218196.93080000114,
              570139.24740000255
            ],
            [
              218195.35309999995,
              570132.62289999984
            ],
            [
              218194.4998000022,
              570126.76500000246
            ],
            [
              218193.91739999969,
              570120.22290000133
            ],
            [
              218193.53580000065,
              570112.21609999798
            ],
            [
              218191.17710000183,
              570104.97940000147
            ],
            [
              218188.79370000213,
              570101.06560000032
            ],
            [
              218185.7527999999,
              570099.59050000086
            ],
            [
              218179.75409999955,
              570097.62410000153
            ],
            [
              218176.94120000023,
              570096.16640000045
            ],
            [
              218172.26509999949,
              570092.40839999914
            ],
            [
              218168.0858000014,
              570088.19670000114
            ],
            [
              218164.65649999958,
              570083.78870000131
            ],
            [
              218162.10800000094,
              570079.35550000146
            ],
            [
              218160.58420000132,
              570075.74360000156
            ],
            [
              218159.29789999872,
              570071.89290000312
            ],
            [
              218158.33880000096,
              570068.07410000265
            ],
            [
              218157.74519999977,
              570064.44440000318
            ],
            [
              218157.53619999997,
              570061.17580000125
            ],
            [
              218157.96980000101,
              570057.00239999965
            ],
            [
              218159.7780000018,
              570052.88519999944
            ],
            [
              218162.41150000039,
              570050.75880000181
            ],
            [
              218165.35210000165,
              570049.42410000041
            ],
            [
              218175.0672000004,
              570045.24980000034
            ],
            [
              218177.83200000133,
              570044.10130000114
            ],
            [
              218180.98450000025,
              570041.83799999952
            ],
            [
              218182.566300001,
              570038.11510000005
            ],
            [
              218182.57650000043,
              570034.58280000091
            ],
            [
              218181.99220000114,
              570031.75120000355
            ],
            [
              218180.13379999995,
              570026.3553000018
            ],
            [
              218175.37750000041,
              570015.52760000154
            ],
            [
              218173.7583000008,
              570011.35030000284
            ],
            [
              218170.44319999963,
              570002.04720000178
            ],
            [
              218167.07259999961,
              569993.60950000398
            ],
            [
              218163.57400000188,
              569985.85720000044
            ],
            [
              218159.91390000004,
              569978.71729999967
            ],
            [
              218156.10670000128,
              569972.29969999939
            ],
            [
              218151.43030000199,
              569965.39840000123
            ],
            [
              218146.49689999875,
              569958.73980000056
            ],
            [
              218135.19189999998,
              569944.10649999976
            ],
            [
              218126.75630000047,
              569932.92520000413
            ],
            [
              218121.34759999998,
              569926.30670000054
            ],
            [
              218113.84960000124,
              569917.58330000378
            ],
            [
              218109.38760000188,
              569912.81110000052
            ],
            [
              218104.92530000117,
              569908.72710000165
            ],
            [
              218100.5811999999,
              569905.54020000063
            ],
            [
              218096.76350000035,
              569903.34340000153
            ],
            [
              218092.32150000054,
              569901.25560000353
            ],
            [
              218087.22420000006,
              569899.23940000124
            ],
            [
              218079.81470000092,
              569896.64030000009
            ],
            [
              218076.19440000039,
              569895.51470000111
            ],
            [
              218072.36239999998,
              569894.55560000055
            ],
            [
              218063.88080000039,
              569893.09480000101
            ],
            [
              218055.18130000029,
              569892.24159999937
            ],
            [
              218031.64950000122,
              569890.73050000146
            ],
            [
              218024.6771999998,
              569889.87879999913
            ],
            [
              218018.50409999955,
              569888.72930000164
            ],
            [
              218014.00780000072,
              569887.57430000044
            ],
            [
              218002.32990000211,
              569884.14050000161
            ],
            [
              217998.87740000151,
              569883.33060000464
            ],
            [
              217994.44550000224,
              569882.68810000457
            ],
            [
              217990.33680000156,
              569882.62430000119
            ],
            [
              217987.34960000031,
              569882.92830000259
            ],
            [
              217984.11440000031,
              569883.49780000001
            ],
            [
              217978.01150000095,
              569885.05310000107
            ],
            [
              217963.5270999996,
              569889.50180000067
            ],
            [
              217959.78000000026,
              569890.41380000114
            ],
            [
              217956.46720000077,
              569890.9935999997
            ],
            [
              217953.02100000065,
              569891.2797000017
            ],
            [
              217949.88330000173,
              569891.16449999996
            ],
            [
              217945.66840000171,
              569890.18200000003
            ],
            [
              217941.21880000178,
              569888.16400000267
            ],
            [
              217938.01370000187,
              569886.23820000142
            ],
            [
              217934.82790000085,
              569884.00390000269
            ],
            [
              217931.76960000116,
              569881.53690000065
            ],
            [
              217928.95170000009,
              569878.93070000038
            ],
            [
              217926.441300001,
              569876.24990000203
            ],
            [
              217924.30390000157,
              569873.56460000016
            ],
            [
              217922.06709999964,
              569869.82329999842
            ],
            [
              217920.71719999984,
              569864.89360000193
            ],
            [
              217920.58050000016,
              569860.48820000142
            ],
            [
              217920.90610000119,
              569857.3748000022
            ],
            [
              217921.53490000125,
              569853.82110000402
            ],
            [
              217925.02720000129,
              569839.51680000126
            ],
            [
              217926.13970000111,
              569833.49010000378
            ],
            [
              217926.42860000022,
              569830.33259999938
            ],
            [
              217926.4271000009,
              569827.47570000216
            ],
            [
              217925.84240000229,
              569823.66970000044
            ],
            [
              217923.83950000163,
              569818.50469999947
            ],
            [
              217921.19800000079,
              569814.4021999985
            ],
            [
              217917.50640000124,
              569809.9597000014
            ],
            [
              217908.75020000059,
              569800.81000000238
            ],
            [
              217905.17419999931,
              569796.71760000102
            ],
            [
              217901.97230000142,
              569792.19300000183
            ],
            [
              217900.30930000078,
              569788.94070000015
            ],
            [
              217898.79100000206,
              569784.4757000003
            ],
            [
              217898.05280000065,
              569780.6018000003
            ],
            [
              217897.57540000137,
              569775.95860000141
            ],
            [
              217897.06840000022,
              569765.87329999916
            ],
            [
              217896.70030000061,
              569761.53329999931
            ],
            [
              217895.97720000055,
              569757.07870000042
            ],
            [
              217894.89419999998,
              569753.25280000083
            ],
            [
              217892.68999999948,
              569747.48060000129
            ],
            [
              217890.387099999,
              569742.22030000202
            ],
            [
              217887.97140000109,
              569737.43960000202
            ],
            [
              217885.43990000058,
              569733.13350000419
            ],
            [
              217882.78749999963,
              569729.29439999908
            ],
            [
              217880.01750000007,
              569725.92860000208
            ],
            [
              217877.13060000166,
              569723.03670000285
            ],
            [
              217872.99640000053,
              569719.93989999965
            ],
            [
              217869.08810000122,
              569718.05049999803
            ],
            [
              217859.70710000116,
              569715.14900000021
            ],
            [
              217856.7322000023,
              569714.07870000228
            ],
            [
              217853.36540000048,
              569712.34260000102
            ],
            [
              217849.51099999994,
              569709.42480000108
            ],
            [
              217846.71860000119,
              569706.77190000191
            ],
            [
              217844.05190000031,
              569703.81489999779
            ],
            [
              217841.57170000114,
              569700.62100000121
            ],
            [
              217839.33610000089,
              569697.26510000043
            ],
            [
              217837.39709999971,
              569693.82540000044
            ],
            [
              217835.7985000005,
              569690.37990000099
            ],
            [
              217834.57250000071,
              569686.99780000374
            ],
            [
              217833.8694000002,
              569684.18130000122
            ],
            [
              217833.43440000061,
              569681.13169999793
            ],
            [
              217833.26370000001,
              569677.82589999959
            ],
            [
              217833.35500000045,
              569674.21759999916
            ],
            [
              217834.21500000078,
              569666.51689999923
            ],
            [
              217836.55030000117,
              569653.3759000022
            ],
            [
              217837.45069999993,
              569648.91630000062
            ],
            [
              217838.7053000005,
              569643.97949999943
            ],
            [
              217844.46129999869,
              569624.69840000011
            ],
            [
              217846.28400000092,
              569619.1342999991
            ],
            [
              217851.12829999998,
              569606.77740000375
            ],
            [
              217852.68590000086,
              569601.86940000206
            ],
            [
              217853.36090000067,
              569598.8171000015
            ],
            [
              217853.69539999962,
              569594.7479000017
            ],
            [
              217852.68240000028,
              569589.17280000262
            ],
            [
              217850.1232000012,
              569584.90379999951
            ],
            [
              217846.93810000084,
              569581.5233000014
            ],
            [
              217836.22879999969,
              569533.29790000245
            ],
            [
              217836.95520000067,
              569528.3582000006
            ],
            [
              217843.54110000003,
              569520.24799999967
            ],
            [
              217845.27010000125,
              569517.51229999959
            ],
            [
              217846.43910000101,
              569514.9328000024
            ],
            [
              217847.34890000056,
              569512.02960000187
            ],
            [
              217848.07610000111,
              569508.91569999978
            ],
            [
              217848.61679999996,
              569505.60820000246
            ],
            [
              217848.96690000221,
              569502.13189999945
            ],
            [
              217849.08320000023,
              569494.77500000037
            ],
            [
              217831.59540000092,
              569455.16440000199
            ],
            [
              217829.38390000071,
              569451.27320000157
            ],
            [
              217827.65040000062,
              569447.68890000321
            ],
            [
              217825.65249999985,
              569442.35859999992
            ],
            [
              217822.39190000016,
              569431.44160000049
            ],
            [
              217820.88379999995,
              569427.01420000196
            ],
            [
              217818.95460000075,
              569422.62429999933
            ],
            [
              217816.77269999962,
              569419.01140000112
            ],
            [
              217814.11870000046,
              569415.99540000036
            ],
            [
              217810.51960000116,
              569413.10480000265
            ],
            [
              217806.69550000038,
              569410.67730000243
            ],
            [
              217797.46129999962,
              569405.4271000009
            ],
            [
              217793.42770000082,
              569402.71760000288
            ],
            [
              217790.37910000049,
              569400.05510000326
            ],
            [
              217788.09520000033,
              569397.25610000268
            ],
            [
              217785.19359999988,
              569392.16980000213
            ],
            [
              217782.70770000108,
              569386.26170000061
            ],
            [
              217780.6845000023,
              569379.63969999738
            ],
            [
              217779.06930000056,
              569371.29800000228
            ],
            [
              217778.95189999975,
              569367.22410000116
            ],
            [
              217779.84999999963,
              569357.7826000005
            ],
            [
              217780.00189999957,
              569354.49330000021
            ],
            [
              217779.80339999963,
              569351.4186000023
            ],
            [
              217778.84999999963,
              569347.98069999926
            ],
            [
              217776.93980000075,
              569344.76270000264
            ],
            [
              217774.81450000033,
              569342.38170000352
            ],
            [
              217771.14380000066,
              569339.31629999913
            ],
            [
              217762.82680000085,
              569333.49600000121
            ],
            [
              217759.50659999996,
              569330.91950000264
            ],
            [
              217756.51599999983,
              569327.98909999989
            ],
            [
              217754.47329999972,
              569325.067900002
            ],
            [
              217753.17129999958,
              569322.25929999724
            ],
            [
              217752.15490000136,
              569319.1623999998
            ],
            [
              217751.41260000039,
              569315.74380000122
            ],
            [
              217750.9291999992,
              569311.93350000121
            ],
            [
              217750.65419999976,
              569304.70460000262
            ],
            [
              217750.95460000075,
              569287.89640000276
            ],
            [
              217750.5178000005,
              569280.56830000132
            ],
            [
              217747.44010000117,
              569260.34019999951
            ],
            [
              217746.56220000051,
              569251.89079999924
            ],
            [
              217746.19699999969,
              569240.04930000193
            ],
            [
              217746.56220000051,
              569228.15770000219
            ]
          ]
        ]
      }
    },
    {
      "attributes" : {
        "FID" : 2,
        "PMNTN_SN" : 47573,
        "MNTN_CODE" : "413602904",
        "MNTN_NM" : "진접읍금곡리",
        "PMNTN_NM" : " ",
        "PMNTN_MAIN" : " ",
        "PMNTN_LT" : 0.03,
        "PMNTN_DFFL" : "쉬움",
        "PMNTN_UPPL" : 1,
        "PMNTN_GODN" : 0,
        "PMNTN_MTRQ" : " ",
        "PMNTN_CNRL" : " ",
        "PMNTN_CLS_" : "Y",
        "PMNTN_RISK" : " ",
        "PMNTN_RECO" : " ",
        "DATA_STDR_" : "2016-12-31",
        "MNTN_ID" : "413602001"
      },
      "geometry" : {
        "paths" : [
          [
            [
              218387.35630000103,
              571159.43960000016
            ],
            [
              218395.26730000135,
              571128.78429999948
            ]
          ]
        ]
      }
    },
    {
      "attributes" : {
        "FID" : 3,
        "PMNTN_SN" : 47574,
        "MNTN_CODE" : "413602904",
        "MNTN_NM" : "진접읍금곡리",
        "PMNTN_NM" : "부평리구간",
        "PMNTN_MAIN" : " ",
        "PMNTN_LT" : 0.28,
        "PMNTN_DFFL" : "쉬움",
        "PMNTN_UPPL" : 5,
        "PMNTN_GODN" : 3,
        "PMNTN_MTRQ" : " ",
        "PMNTN_CNRL" : " ",
        "PMNTN_CLS_" : "Y",
        "PMNTN_RISK" : " ",
        "PMNTN_RECO" : " ",
        "DATA_STDR_" : "2016-12-31",
        "MNTN_ID" : "413602001"
      },
      "geometry" : {
        "paths" : [
          [
            [
              218387.35630000103,
              571159.43960000016
            ],
            [
              218383.83449999988,
              571158.3665000014
            ],
            [
              218379.26190000027,
              571158.60060000233
            ],
            [
              218375.41710000206,
              571159.63330000266
            ],
            [
              218371.83740000054,
              571160.94669999927
            ],
            [
              218367.62239999976,
              571162.75919999741
            ],
            [
              218351.54220000096,
              571170.52340000123
            ],
            [
              218344.90759999957,
              571173.48819999956
            ],
            [
              218338.46549999993,
              571175.86429999955
            ],
            [
              218332.96789999958,
              571177.23940000124
            ],
            [
              218329.19510000013,
              571177.71580000222
            ],
            [
              218324.87330000009,
              571177.9068
            ],
            [
              218309.19900000002,
              571177.44109999947
            ],
            [
              218303.16469999868,
              571177.58239999972
            ],
            [
              218300.05990000069,
              571177.92170000263
            ],
            [
              218295.99850000069,
              571178.84459999949
            ],
            [
              218291.50270000007,
              571180.77529999986
            ],
            [
              218287.83040000033,
              571183.92860000022
            ],
            [
              218285.0390999997,
              571187.44079999998
            ],
            [
              218281.71310000122,
              571192.84500000253
            ],
            [
              218274.76490000077,
              571205.69559999928
            ],
            [
              218273.06439999957,
              571208.41680000164
            ],
            [
              218270.63510000054,
              571211.43200000376
            ],
            [
              218267.24120000005,
              571213.73000000045
            ],
            [
              218263.85190000013,
              571213.38280000351
            ],
            [
              218261.00220000092,
              571210.85889999941
            ],
            [
              218259.17059999984,
              571208.38160000183
            ],
            [
              218254.67650000099,
              571201.62560000084
            ],
            [
              218252.30110000074,
              571198.67010000162
            ],
            [
              218248.98700000159,
              571196.36030000076
            ],
            [
              218245.23610000126,
              571196.27660000138
            ],
            [
              218241.00130000059,
              571197.89860000089
            ],
            [
              218237.35479999986,
              571200.08090000227
            ],
            [
              218234.70839999989,
              571202.03330000117
            ],
            [
              218228.41720000096,
              571207.67750000022
            ],
            [
              218226.37090000138,
              571210.21309999935
            ],
            [
              218223.97450000048,
              571214.49650000408
            ],
            [
              218222.12390000094,
              571219.02710000053
            ],
            [
              218218.03689999972,
              571230.78030000255
            ],
            [
              218216.69210000057,
              571233.9068
            ],
            [
              218215.29119999986,
              571236.57220000029
            ],
            [
              218211.925400001,
              571242.08460000157
            ],
            [
              218208.35570000019,
              571247.47010000236
            ],
            [
              218204.58229999989,
              571252.728500003
            ],
            [
              218200.60510000121,
              571257.86000000313
            ],
            [
              218196.42399999965,
              571262.86449999921
            ],
            [
              218192.03920000046,
              571267.74210000038
            ],
            [
              218187.4506000001,
              571272.49269999936
            ],
            [
              218182.65820000134,
              571277.11629999988
            ]
          ]
        ]
      }
    },
    {
      "attributes" : {
        "FID" : 4,
        "PMNTN_SN" : 47575,
        "MNTN_CODE" : "413602904",
        "MNTN_NM" : "진접읍금곡리",
        "PMNTN_NM" : "부평리구간",
        "PMNTN_MAIN" : " ",
        "PMNTN_LT" : 0.65,
        "PMNTN_DFFL" : "쉬움",
        "PMNTN_UPPL" : 11,
        "PMNTN_GODN" : 8,
        "PMNTN_MTRQ" : " ",
        "PMNTN_CNRL" : " ",
        "PMNTN_CLS_" : "Y",
        "PMNTN_RISK" : " ",
        "PMNTN_RECO" : " ",
        "DATA_STDR_" : "2016-12-31",
        "MNTN_ID" : "413602001"
      },
      "geometry" : {
        "paths" : [
          [
            [
              217994.97609999962,
              571574.76910000294
            ],
            [
              218001.28990000021,
              571563.85600000061
            ],
            [
              218003.9645999996,
              571553.76340000145
            ],
            [
              218042.7555999998,
              571506.4068
            ],
            [
              218046.12939999998,
              571504.7311000023
            ],
            [
              218049.60080000013,
              571505.4506000001
            ],
            [
              218054.5932,
              571510.19650000334
            ],
            [
              218062.00320000015,
              571511.56770000234
            ],
            [
              218069.07430000138,
              571513.74689999968
            ],
            [
              218071.95019999985,
              571515.23120000213
            ],
            [
              218075.02940000128,
              571515.05450000055
            ],
            [
              218078.67069999967,
              571512.56600000337
            ],
            [
              218080.9729000004,
              571509.9637000002
            ],
            [
              218086.63190000132,
              571502.72190000117
            ],
            [
              218089.70350000169,
              571499.61419999972
            ],
            [
              218093.98130000103,
              571496.53669999912
            ],
            [
              218098.7566000009,
              571493.93290000036
            ],
            [
              218104.07010000106,
              571491.7798999995
            ],
            [
              218110.00050000194,
              571490.04540000111
            ],
            [
              218116.26190000121,
              571488.76160000451
            ],
            [
              218123.41940000188,
              571487.76860000193
            ],
            [
              218131.03129999992,
              571487.06410000101
            ],
            [
              218152.53330000211,
              571485.53010000102
            ],
            [
              218159.02909999993,
              571484.80350000225
            ],
            [
              218164.73450000025,
              571483.90420000441
            ],
            [
              218171.09570000228,
              571482.48550000228
            ],
            [
              218176.79810000025,
              571480.69700000249
            ],
            [
              218181.95300000068,
              571478.50329999998
            ],
            [
              218186.61369999964,
              571475.88110000081
            ],
            [
              218196.73980000056,
              571469.47380000167
            ],
            [
              218202.31030000094,
              571465.47619999945
            ],
            [
              218204.78699999955,
              571463.39140000008
            ],
            [
              218206.93420000002,
              571461.31680000015
            ],
            [
              218209.56480000075,
              571458.15750000067
            ],
            [
              218211.6791999992,
              571454.72070000134
            ],
            [
              218212.82980000135,
              571451.88970000111
            ],
            [
              218213.79190000147,
              571448.73420000076
            ],
            [
              218216.20360000059,
              571439.46210000105
            ],
            [
              218217.17430000007,
              571436.69949999824
            ],
            [
              218218.86400000099,
              571433.32939999923
            ],
            [
              218221.03060000204,
              571430.13319999911
            ],
            [
              218229.23850000184,
              571419.91339999996
            ],
            [
              218231.78020000178,
              571414.34950000048
            ],
            [
              218232.5019999994,
              571408.71250000224
            ],
            [
              218232.31750000082,
              571404.42390000448
            ],
            [
              218231.33560000174,
              571394.38849999756
            ],
            [
              218231.28650000039,
              571389.8423999995
            ],
            [
              218232.29680000059,
              571384.85680000298
            ],
            [
              218234.78650000133,
              571380.48770000227
            ],
            [
              218238.8328999998,
              571376.47199999914
            ],
            [
              218242.54390000086,
              571373.70720000193
            ],
            [
              218251.33829999994,
              571367.81849999912
            ],
            [
              218254.84640000202,
              571365.12660000101
            ],
            [
              218271.42940000072,
              571351.60029999726
            ],
            [
              218275.9040000001,
              571347.40070000105
            ],
            [
              218279.56840000208,
              571343.37120000459
            ],
            [
              218282.49199999962,
              571339.24640000239
            ],
            [
              218285.18140000105,
              571334.18280000426
            ],
            [
              218287.36010000017,
              571329.07140000165
            ],
            [
              218292.00889999978,
              571316.89140000008
            ],
            [
              218294.55289999954,
              571311.28750000149
            ],
            [
              218297.30040000007,
              571306.62120000273
            ],
            [
              218300.33480000217,
              571302.82719999924
            ],
            [
              218303.60149999987,
              571299.75100000016
            ],
            [
              218307.62349999975,
              571296.66760000028
            ],
            [
              218311.72920000087,
              571293.944000002
            ],
            [
              218321.99220000021,
              571287.58129999973
            ],
            [
              218327.0345999999,
              571284.03840000182
            ],
            [
              218330.88850000035,
              571281.24839999899
            ],
            [
              218340.64600000065,
              571274.6688000001
            ],
            [
              218345.32140000071,
              571271.08360000141
            ],
            [
              218347.71779999975,
              571268.90210000053
            ],
            [
              218350.5672000004,
              571265.63340000063
            ],
            [
              218353.22700000182,
              571261.11920000054
            ],
            [
              218354.42760000005,
              571257.13370000012
            ],
            [
              218355.65289999917,
              571247.74840000086
            ],
            [
              218356.50930000097,
              571243.65540000238
            ],
            [
              218358.22820000071,
              571239.66939999908
            ],
            [
              218360.97900000121,
              571236.4074000027
            ],
            [
              218363.82760000043,
              571234.13480000198
            ],
            [
              218368.86840000097,
              571231.24980000034
            ],
            [
              218380.19470000081,
              571226.09179999866
            ],
            [
              218384.65699999873,
              571223.74850000069
            ],
            [
              218387.75160000008,
              571221.60029999912
            ],
            [
              218390.72790000029,
              571218.57510000095
            ],
            [
              218392.72730000131,
              571215.11890000105
            ],
            [
              218393.9477000013,
              571211.98120000027
            ],
            [
              218394.96020000055,
              571208.4028000012
            ],
            [
              218395.75109999999,
              571204.43180000223
            ],
            [
              218396.3104000017,
              571200.10790000111
            ],
            [
              218396.62289999984,
              571195.5318
            ],
            [
              218396.68209999986,
              571190.79979999922
            ],
            [
              218396.48630000092,
              571186.02810000069
            ],
            [
              218396.0373999998,
              571181.31289999932
            ],
            [
              218395.34769999981,
              571176.80670000054
            ],
            [
              218394.43519999925,
              571172.62730000168
            ],
            [
              218393.32149999961,
              571168.87280000187
            ],
            [
              218392.03720000014,
              571165.63860000111
            ],
            [
              218390.04860000033,
              571162.12590000406
            ],
            [
              218387.35630000103,
              571159.43960000016
            ]
          ]
        ]
      }
    }
  ]
}