{
  "displayFieldName" : "",
  "fieldAliases" : {
    "FID" : "FID",
    "PMNTN_SN" : "PMNTN_SN",
    "MNTN_CODE" : "MNTN_CODE",
    "MNTN_NM" : "MNTN_NM",
    "PMNTN_NM" : "PMNTN_NM",
    "PMNTN_MAIN" : "PMNTN_MAIN",
    "PMNTN_LT" : "PMNTN_LT",
    "PMNTN_DFFL" : "PMNTN_DFFL",
    "PMNTN_UPPL" : "PMNTN_UPPL",
    "PMNTN_GODN" : "PMNTN_GODN",
    "PMNTN_MTRQ" : "PMNTN_MTRQ",
    "PMNTN_CNRL" : "PMNTN_CNRL",
    "PMNTN_CLS_" : "PMNTN_CLS_",
    "PMNTN_RISK" : "PMNTN_RISK",
    "PMNTN_RECO" : "PMNTN_RECO",
    "DATA_STDR_" : "DATA_STDR_",
    "MNTN_ID" : "MNTN_ID"
  },
  "geometryType" : "esriGeometryPolyline",
  "spatialReference" : {
    "wkt" : "PROJCS[\"PCS_ITRF2000_TM\",GEOGCS[\"GCS_ITRF_2000\",DATUM[\"D_ITRF_2000\",SPHEROID[\"GRS_1980\",6378137.0,298.257222101]],PRIMEM[\"Greenwich\",0.0],UNIT[\"Degree\",0.0174532925199433]],PROJECTION[\"Transverse_Mercator\"],PARAMETER[\"False_Easting\",200000.0],PARAMETER[\"False_Northing\",600000.0],PARAMETER[\"Central_Meridian\",127.0],PARAMETER[\"Scale_Factor\",1.0],PARAMETER[\"Latitude_Of_Origin\",38.0],UNIT[\"Meter\",1.0]]"
  },
  "fields" : [
    {
      "name" : "FID",
      "type" : "esriFieldTypeOID",
      "alias" : "FID"
    },
    {
      "name" : "PMNTN_SN",
      "type" : "esriFieldTypeDouble",
      "alias" : "PMNTN_SN"
    },
    {
      "name" : "MNTN_CODE",
      "type" : "esriFieldTypeString",
      "alias" : "MNTN_CODE",
      "length" : 9
    },
    {
      "name" : "MNTN_NM",
      "type" : "esriFieldTypeString",
      "alias" : "MNTN_NM",
      "length" : 50
    },
    {
      "name" : "PMNTN_NM",
      "type" : "esriFieldTypeString",
      "alias" : "PMNTN_NM",
      "length" : 50
    },
    {
      "name" : "PMNTN_MAIN",
      "type" : "esriFieldTypeString",
      "alias" : "PMNTN_MAIN",
      "length" : 200
    },
    {
      "name" : "PMNTN_LT",
      "type" : "esriFieldTypeSingle",
      "alias" : "PMNTN_LT"
    },
    {
      "name" : "PMNTN_DFFL",
      "type" : "esriFieldTypeString",
      "alias" : "PMNTN_DFFL",
      "length" : 8
    },
    {
      "name" : "PMNTN_UPPL",
      "type" : "esriFieldTypeDouble",
      "alias" : "PMNTN_UPPL"
    },
    {
      "name" : "PMNTN_GODN",
      "type" : "esriFieldTypeDouble",
      "alias" : "PMNTN_GODN"
    },
    {
      "name" : "PMNTN_MTRQ",
      "type" : "esriFieldTypeString",
      "alias" : "PMNTN_MTRQ",
      "length" : 200
    },
    {
      "name" : "PMNTN_CNRL",
      "type" : "esriFieldTypeString",
      "alias" : "PMNTN_CNRL",
      "length" : 1
    },
    {
      "name" : "PMNTN_CLS_",
      "type" : "esriFieldTypeString",
      "alias" : "PMNTN_CLS_",
      "length" : 1
    },
    {
      "name" : "PMNTN_RISK",
      "type" : "esriFieldTypeString",
      "alias" : "PMNTN_RISK",
      "length" : 200
    },
    {
      "name" : "PMNTN_RECO",
      "type" : "esriFieldTypeString",
      "alias" : "PMNTN_RECO",
      "length" : 1
    },
    {
      "name" : "DATA_STDR_",
      "type" : "esriFieldTypeString",
      "alias" : "DATA_STDR_",
      "length" : 10
    },
    {
      "name" : "MNTN_ID",
      "type" : "esriFieldTypeString",
      "alias" : "MNTN_ID",
      "length" : 10
    }
  ],
  "features" : [
    {
      "attributes" : {
        "FID" : 0,
        "PMNTN_SN" : 32929,
        "MNTN_CODE" : "448301001",
        "MNTN_NM" : "송악산",
        "PMNTN_NM" : "석포리구간",
        "PMNTN_MAIN" : " ",
        "PMNTN_LT" : 0.51,
        "PMNTN_DFFL" : "쉬움",
        "PMNTN_UPPL" : 9,
        "PMNTN_GODN" : 6,
        "PMNTN_MTRQ" : " ",
        "PMNTN_CNRL" : " ",
        "PMNTN_CLS_" : " ",
        "PMNTN_RISK" : " ",
        "PMNTN_RECO" : " ",
        "DATA_STDR_" : "2016-12-31",
        "MNTN_ID" : "448301001"
      },
      "geometry" : {
        "paths" : [
          [
            [
              176768.89640000183,
              482778.39100000449
            ],
            [
              176773.66060000192,
              482771.91020000353
            ],
            [
              176778.57160000037,
              482766.47370000184
            ],
            [
              176799.06500000227,
              482743.83000000194
            ],
            [
              176803.73060000036,
              482734.38839999959
            ],
            [
              176799.35859999899,
              482722.32270000689
            ],
            [
              176789.56840000302,
              482704.90589999966
            ],
            [
              176780.65270000137,
              482698.05040000379
            ],
            [
              176774.05180000141,
              482689.8741999995
            ],
            [
              176764.13020000141,
              482687.06880000234
            ],
            [
              176757.95870000031,
              482688.9617999997
            ],
            [
              176752.07859999966,
              482687.76690000109
            ],
            [
              176752.50250000134,
              482679.90070000105
            ],
            [
              176751.28650000319,
              482675.14210000075
            ],
            [
              176743.78410000075,
              482670.08570000157
            ],
            [
              176736.11880000308,
              482662.9627000019
            ],
            [
              176722.71930000372,
              482655.85550000332
            ],
            [
              176720.8013000004,
              482653.47940000147
            ],
            [
              176716.9785000002,
              482653.48990000039
            ],
            [
              176716.9849999994,
              482655.87120000459
            ],
            [
              176713.16860000044,
              482658.26290000044
            ],
            [
              176709.4561999999,
              482659.96360000223
            ],
            [
              176706.17050000001,
              482661.11969999969
            ],
            [
              176700.11890000012,
              482667.56010000035
            ],
            [
              176699.29569999967,
              482673.08560000546
            ],
            [
              176695.74720000383,
              482675.71510000154
            ],
            [
              176688.38550000079,
              482682.14420000091
            ],
            [
              176680.77899999917,
              482696.45300000161
            ],
            [
              176675.07749999966,
              482708.37530000135
            ],
            [
              176675.08399999887,
              482710.75660000183
            ],
            [
              176675.09780000243,
              482718.70729999803
            ],
            [
              176672.42370000016,
              482728.49679999985
            ],
            [
              176670.30840000324,
              482737.74850000441
            ],
            [
              176667.89580000285,
              482754.15619999915
            ],
            [
              176662.2181000011,
              482772.42830000073
            ],
            [
              176660.38690000214,
              482784.57220000029
            ],
            [
              176660.09630000312,
              482798.36260000244
            ],
            [
              176662.21289999969,
              482805.78300000168
            ],
            [
              176665.84109999985,
              482825.08550000004
            ],
            [
              176665.9000000013,
              482846.51730000228
            ],
            [
              176673.6043000007,
              482867.92800000124
            ],
            [
              176685.1249000011,
              482886.94700000249
            ],
            [
              176696.64540000074,
              482905.96600000374
            ],
            [
              176706.24150000047,
              482920.22760000266
            ],
            [
              176715.0661999993,
              482937.69889999926
            ]
          ]
        ]
      }
    },
    {
      "attributes" : {
        "FID" : 1,
        "PMNTN_SN" : 32930,
        "MNTN_CODE" : "448301001",
        "MNTN_NM" : "송악산",
        "PMNTN_NM" : "중흥리구간",
        "PMNTN_MAIN" : " ",
        "PMNTN_LT" : 0.19,
        "PMNTN_DFFL" : "쉬움",
        "PMNTN_UPPL" : 3,
        "PMNTN_GODN" : 2,
        "PMNTN_MTRQ" : " ",
        "PMNTN_CNRL" : " ",
        "PMNTN_CLS_" : " ",
        "PMNTN_RISK" : " ",
        "PMNTN_RECO" : " ",
        "DATA_STDR_" : "2016-12-31",
        "MNTN_ID" : "448301001"
      },
      "geometry" : {
        "paths" : [
          [
            [
              176715.0661999993,
              482937.69889999926
            ],
            [
              176717.7424000036,
              482932.10270000063
            ],
            [
              176718.25640000124,
              482918.99990000203
            ],
            [
              176713.90250000264,
              482895.16330000013
            ],
            [
              176709.96630000044,
              482884.49750000425
            ],
            [
              176705.67590000015,
              482875.30819999985
            ],
            [
              176698.51319999993,
              482865.66330000013
            ],
            [
              176700.05800000019,
              482848.20969999954
            ],
            [
              176707.51649999991,
              482836.60600000247
            ],
            [
              176723.24239999987,
              482823.02140000276
            ],
            [
              176731.83629999962,
              482814.6697000023
            ],
            [
              176743.26890000142,
              482795.89900000021
            ],
            [
              176749.39389999956,
              482789.38040000014
            ],
            [
              176754.92280000262,
              482787.54659999907
            ],
            [
              176759.42140000034,
              482785.90760000236
            ],
            [
              176762.53960000258,
              482783.88440000266
            ],
            [
              176768.89640000183,
              482778.39100000449
            ]
          ]
        ]
      }
    },
    {
      "attributes" : {
        "FID" : 2,
        "PMNTN_SN" : 32931,
        "MNTN_CODE" : "448301001",
        "MNTN_NM" : "송악산",
        "PMNTN_NM" : "석포리구간",
        "PMNTN_MAIN" : " ",
        "PMNTN_LT" : 1.18,
        "PMNTN_DFFL" : "쉬움",
        "PMNTN_UPPL" : 21,
        "PMNTN_GODN" : 15,
        "PMNTN_MTRQ" : " ",
        "PMNTN_CNRL" : " ",
        "PMNTN_CLS_" : " ",
        "PMNTN_RISK" : " ",
        "PMNTN_RECO" : " ",
        "DATA_STDR_" : "2016-12-31",
        "MNTN_ID" : "448301001"
      },
      "geometry" : {
        "paths" : [
          [
            [
              176875.17750000395,
              482050.33470000327
            ],
            [
              176875.6863000039,
              482074.73270000331
            ],
            [
              176873.2324000001,
              482090.00870000012
            ],
            [
              176864.621000004,
              482101.13420000114
            ],
            [
              176849.92929999996,
              482124.66779999994
            ],
            [
              176803.64890000224,
              482193.6574000027
            ],
            [
              176791.41480000224,
              482202.47860000283
            ],
            [
              176744.46310000215,
              482220.01390000246
            ],
            [
              176733.00050000008,
              482222.42650000192
            ],
            [
              176721.43809999991,
              482225.92220000364
            ],
            [
              176709.66920000128,
              482237.00999999978
            ],
            [
              176694.84180000238,
              482248.72570000216
            ],
            [
              176678.83350000065,
              482257.26229999773
            ],
            [
              176673.52909999993,
              482267.05410000309
            ],
            [
              176656.80690000206,
              482302.73020000011
            ],
            [
              176650.10670000222,
              482315.52960000001
            ],
            [
              176641.87310000043,
              482325.0474000033
            ],
            [
              176646.75910000131,
              482335.0978000015
            ],
            [
              176665.68530000281,
              482360.09430000186
            ],
            [
              176669.67450000159,
              482376.29160000011
            ],
            [
              176668.53039999958,
              482390.09760000184
            ],
            [
              176658.0773,
              482422.88910000212
            ],
            [
              176641.61699999962,
              482451.38250000216
            ],
            [
              176626.970900001,
              482460.24320000224
            ],
            [
              176605.45310000051,
              482467.67660000175
            ],
            [
              176579.68160000164,
              482490.94989999942
            ],
            [
              176548.29320000205,
              482523.0372999981
            ],
            [
              176528.57900000364,
              482545.09129999951
            ],
            [
              176523.66800000053,
              482564.22910000384
            ],
            [
              176524.3971000025,
              482572.32190000266
            ],
            [
              176531.96500000078,
              482590.32800000161
            ],
            [
              176541.81329999864,
              482610.58800000139
            ],
            [
              176543.69960000087,
              482631.93869999796
            ],
            [
              176544.41610000096,
              482648.7379999999
            ],
            [
              176545.41350000259,
              482655.05250000209
            ],
            [
              176550.26010000147,
              482667.49139999971
            ],
            [
              176563.35230000224,
              482685.81670000218
            ],
            [
              176571.01750000101,
              482698.6109000016
            ],
            [
              176576.4020999996,
              482706.91980000213
            ],
            [
              176574.01910000201,
              482713.04880000278
            ],
            [
              176570.46010000072,
              482721.04270000011
            ],
            [
              176555.40770000406,
              482735.21509999968
            ],
            [
              176554.15790000092,
              482745.90169999935
            ],
            [
              176560.53700000141,
              482776.42319999821
            ],
            [
              176577.93170000054,
              482804.92610000074
            ],
            [
              176592.75990000088,
              482825.93620000221
            ],
            [
              176614.0186999999,
              482846.90060000122
            ],
            [
              176618.26169999968,
              482867.98919999972
            ],
            [
              176629.862900001,
              482885.46750000119
            ],
            [
              176652.67080000229,
              482901.32420000434
            ],
            [
              176682.94519999996,
              482917.86150000058
            ],
            [
              176688.54719999991,
              482924.89680000208
            ],
            [
              176690.74290000182,
              482935.07190000452
            ],
            [
              176692.26290000044,
              482941.07750000246
            ],
            [
              176695.24949999992,
              482944.53310000151
            ],
            [
              176700.17390000354,
              482947.53459999897
            ],
            [
              176705.39780000225,
              482947.24180000275
            ],
            [
              176709.40180000104,
              482946.4123999998
            ],
            [
              176712.56750000082,
              482944.55710000359
            ],
            [
              176714.48520000279,
              482941.13330000453
            ],
            [
              176715.0661999993,
              482937.69889999926
            ]
          ]
        ]
      }
    },
    {
      "attributes" : {
        "FID" : 3,
        "PMNTN_SN" : 32932,
        "MNTN_CODE" : "448301001",
        "MNTN_NM" : "송악산",
        "PMNTN_NM" : "중흥리구간",
        "PMNTN_MAIN" : " ",
        "PMNTN_LT" : 0.81,
        "PMNTN_DFFL" : "쉬움",
        "PMNTN_UPPL" : 14,
        "PMNTN_GODN" : 10,
        "PMNTN_MTRQ" : " ",
        "PMNTN_CNRL" : " ",
        "PMNTN_CLS_" : " ",
        "PMNTN_RISK" : " ",
        "PMNTN_RECO" : " ",
        "DATA_STDR_" : "2016-12-31",
        "MNTN_ID" : "448301001"
      },
      "geometry" : {
        "paths" : [
          [
            [
              176768.89640000183,
              482778.39100000449
            ],
            [
              176774.58050000016,
              482784.46620000154
            ],
            [
              176787.24000000209,
              482788.77610000223
            ],
            [
              176796.55530000012,
              482790.13310000114
            ],
            [
              176804.56320000347,
              482796.93480000272
            ],
            [
              176821.44249999989,
              482834.46979999915
            ],
            [
              176829.7583000036,
              482842.95099999942
            ],
            [
              176842.79330000095,
              482859.02080000006
            ],
            [
              176851.81030000094,
              482870.48460000381
            ],
            [
              176864.57510000188,
              482884.89250000007
            ],
            [
              176876.22470000107,
              482893.31860000081
            ],
            [
              176890.20850000065,
              482893.79850000329
            ],
            [
              176903.80450000148,
              482889.23660000227
            ],
            [
              176913.22900000028,
              482884.46120000072
            ],
            [
              176917.77090000082,
              482877.83990000375
            ],
            [
              176926.62650000025,
              482858.22369999997
            ],
            [
              176931.39140000287,
              482849.49640000053
            ],
            [
              176938.87780000083,
              482843.1948000025
            ],
            [
              176953.62150000036,
              482836.34219999798
            ],
            [
              176972.01339999959,
              482828.53220000118
            ],
            [
              176985.10140000284,
              482821.40760000236
            ],
            [
              176993.84210000001,
              482808.63270000182
            ],
            [
              177005.51520000119,
              482793.93100000173
            ],
            [
              177013.52850000188,
              482788.5
            ],
            [
              177025.33990000095,
              482782.68370000273
            ],
            [
              177040.792600004,
              482775.72510000132
            ],
            [
              177045.71830000076,
              482771.4571000021
            ],
            [
              177048.9140999997,
              482769.29630000144
            ],
            [
              177052.66000000387,
              482764.37200000137
            ],
            [
              177059.1185999997,
              482753.16599999927
            ],
            [
              177068.59150000196,
              482734.28590000048
            ],
            [
              177075.85280000046,
              482722.05020000041
            ],
            [
              177081.76440000255,
              482713.80209999904
            ],
            [
              177086.60550000053,
              482704.92540000007
            ],
            [
              177090.2929000007,
              482695.2675999999
            ],
            [
              177098.9271999998,
              482684.55500000156
            ],
            [
              177147.61860000342,
              482636.4952000007
            ],
            [
              177196.25960000046,
              482587.98039999977
            ],
            [
              177203.87400000077,
              482583.5569000002
            ],
            [
              177214.81170000043,
              482574.20700000226
            ],
            [
              177225.28950000368,
              482564.04800000042
            ],
            [
              177233.89320000075,
              482553.87530000135
            ],
            [
              177240.47950000037,
              482543.3833000008
            ],
            [
              177247.58210000303,
              482538.6129999999
            ],
            [
              177257.02259999979,
              482536.93940000236
            ],
            [
              177264.41860000137,
              482535.23130000196
            ],
            [
              177277.64919999894,
              482527.98060000315
            ],
            [
              177283.26330000069,
              482526.12319999933
            ],
            [
              177295.94430000242,
              482525.53540000133
            ],
            [
              177308.28920000233,
              482522.52610000409
            ],
            [
              177329.64110000059,
              482516.26140000112
            ],
            [
              177358.15210000053,
              482508.65120000206
            ]
          ]
        ]
      }
    }
  ]
}