{
  "displayFieldName" : "",
  "fieldAliases" : {
    "FID" : "FID",
    "PMNTN_SPOT" : "PMNTN_SPOT",
    "MNTN_CODE" : "MNTN_CODE",
    "MANAGE_SP1" : "MANAGE_SP1",
    "MANAGE_SP2" : "MANAGE_SP2",
    "DETAIL_SPO" : "DETAIL_SPO",
    "ETC_MATTER" : "ETC_MATTER",
    "MNTN_NM" : "MNTN_NM",
    "PAST_SPOT_" : "PAST_SPOT_",
    "MNTN_ID" : "MNTN_ID"
  },
  "geometryType" : "esriGeometryPoint",
  "spatialReference" : {
    "wkt" : "PROJCS[\"PCS_ITRF2000_TM\",GEOGCS[\"GCS_ITRF_2000\",DATUM[\"D_ITRF_2000\",SPHEROID[\"GRS_1980\",6378137.0,298.257222101]],PRIMEM[\"Greenwich\",0.0],UNIT[\"Degree\",0.0174532925199433]],PROJECTION[\"Transverse_Mercator\"],PARAMETER[\"False_Easting\",200000.0],PARAMETER[\"False_Northing\",600000.0],PARAMETER[\"Central_Meridian\",127.0],PARAMETER[\"Scale_Factor\",1.0],PARAMETER[\"Latitude_Of_Origin\",38.0],UNIT[\"Meter\",1.0]]"
  },
  "fields" : [
    {
      "name" : "FID",
      "type" : "esriFieldTypeOID",
      "alias" : "FID"
    },
    {
      "name" : "PMNTN_SPOT",
      "type" : "esriFieldTypeDouble",
      "alias" : "PMNTN_SPOT"
    },
    {
      "name" : "MNTN_CODE",
      "type" : "esriFieldTypeString",
      "alias" : "MNTN_CODE",
      "length" : 9
    },
    {
      "name" : "MANAGE_SP1",
      "type" : "esriFieldTypeString",
      "alias" : "MANAGE_SP1",
      "length" : 2
    },
    {
      "name" : "MANAGE_SP2",
      "type" : "esriFieldTypeString",
      "alias" : "MANAGE_SP2",
      "length" : 50
    },
    {
      "name" : "DETAIL_SPO",
      "type" : "esriFieldTypeString",
      "alias" : "DETAIL_SPO",
      "length" : 200
    },
    {
      "name" : "ETC_MATTER",
      "type" : "esriFieldTypeString",
      "alias" : "ETC_MATTER",
      "length" : 200
    },
    {
      "name" : "MNTN_NM",
      "type" : "esriFieldTypeString",
      "alias" : "MNTN_NM",
      "length" : 50
    },
    {
      "name" : "PAST_SPOT_",
      "type" : "esriFieldTypeString",
      "alias" : "PAST_SPOT_",
      "length" : 14
    },
    {
      "name" : "MNTN_ID",
      "type" : "esriFieldTypeString",
      "alias" : "MNTN_ID",
      "length" : 10
    }
  ],
  "features" : [
    {
      "attributes" : {
        "FID" : 0,
        "PMNTN_SPOT" : 54019,
        "MNTN_CODE" : "448301001",
        "MANAGE_SP1" : "05",
        "MANAGE_SP2" : "벤치",
        "DETAIL_SPO" : "벤치",
        "ETC_MATTER" : " ",
        "MNTN_NM" : "송악산",
        "PAST_SPOT_" : "4483010010001",
        "MNTN_ID" : "448301001"
      },
      "geometry" : {
        "x" : 176702.92460000142,
        "y" : 482946.74749999866
      }
    },
    {
      "attributes" : {
        "FID" : 1,
        "PMNTN_SPOT" : 54020,
        "MNTN_CODE" : "448301001",
        "MANAGE_SP1" : "03",
        "MANAGE_SP2" : "정자",
        "DETAIL_SPO" : "정자,운동기구",
        "ETC_MATTER" : " ",
        "MNTN_NM" : "송악산",
        "PAST_SPOT_" : "4483010010002",
        "MNTN_ID" : "448301001"
      },
      "geometry" : {
        "x" : 176716.14050000068,
        "y" : 482655.61309999973
      }
    },
    {
      "attributes" : {
        "FID" : 2,
        "PMNTN_SPOT" : 54021,
        "MNTN_CODE" : "448301001",
        "MANAGE_SP1" : "02",
        "MANAGE_SP2" : "분기점",
        "DETAIL_SPO" : "분기점",
        "ETC_MATTER" : " ",
        "MNTN_NM" : "송악산",
        "PAST_SPOT_" : "4483010010003",
        "MNTN_ID" : "448301001"
      },
      "geometry" : {
        "x" : 176715.0661999993,
        "y" : 482937.69889999926
      }
    },
    {
      "attributes" : {
        "FID" : 3,
        "PMNTN_SPOT" : 54022,
        "MNTN_CODE" : "448301001",
        "MANAGE_SP1" : "02",
        "MANAGE_SP2" : "분기점",
        "DETAIL_SPO" : "분기점",
        "ETC_MATTER" : " ",
        "MNTN_NM" : "송악산",
        "PAST_SPOT_" : "4483010010004",
        "MNTN_ID" : "448301001"
      },
      "geometry" : {
        "x" : 176768.89639999997,
        "y" : 482778.39100000449
      }
    },
    {
      "attributes" : {
        "FID" : 4,
        "PMNTN_SPOT" : 54023,
        "MNTN_CODE" : "448301001",
        "MANAGE_SP1" : "01",
        "MANAGE_SP2" : "시종점",
        "DETAIL_SPO" : "시종점",
        "ETC_MATTER" : " ",
        "MNTN_NM" : "송악산",
        "PAST_SPOT_" : "4483010010005",
        "MNTN_ID" : "448301001"
      },
      "geometry" : {
        "x" : 176875.17750000209,
        "y" : 482050.33470000327
      }
    },
    {
      "attributes" : {
        "FID" : 5,
        "PMNTN_SPOT" : 54024,
        "MNTN_CODE" : "448301001",
        "MANAGE_SP1" : "01",
        "MANAGE_SP2" : "시종점",
        "DETAIL_SPO" : "시종점",
        "ETC_MATTER" : " ",
        "MNTN_NM" : "송악산",
        "PAST_SPOT_" : "4483010010006",
        "MNTN_ID" : "448301001"
      },
      "geometry" : {
        "x" : 177358.15210000053,
        "y" : 482508.65120000206
      }
    },
    {
      "attributes" : {
        "FID" : 6,
        "PMNTN_SPOT" : 97723,
        "MNTN_CODE" : "448301001",
        "MANAGE_SP1" : "14",
        "MANAGE_SP2" : "조망점",
        "DETAIL_SPO" : "전경",
        "ETC_MATTER" : " ",
        "MNTN_NM" : "송악산",
        "PAST_SPOT_" : "4483010010007",
        "MNTN_ID" : "448301001"
      },
      "geometry" : {
        "x" : 176872.75369999939,
        "y" : 482074.97040000011
      }
    },
    {
      "attributes" : {
        "FID" : 7,
        "PMNTN_SPOT" : 97724,
        "MNTN_CODE" : "448301001",
        "MANAGE_SP1" : "03",
        "MANAGE_SP2" : "정자",
        "DETAIL_SPO" : "정자",
        "ETC_MATTER" : " ",
        "MNTN_NM" : "송악산",
        "PAST_SPOT_" : "4483010010008",
        "MNTN_ID" : "448301001"
      },
      "geometry" : {
        "x" : 177352.51700000084,
        "y" : 482510.33359999978
      }
    }
  ]
}