{
  "displayFieldName" : "",
  "fieldAliases" : {
    "FID" : "FID",
    "SAFE_SPOT1" : "SAFE_SPOT1",
    "SAFE_SPOT2" : "SAFE_SPOT2",
    "SAFE_SPOT3" : "SAFE_SPOT3",
    "MGC" : "MGC",
    "ETC_MATTER" : "ETC_MATTER",
    "MNTN_NM" : "MNTN_NM"
  },
  "geometryType" : "esriGeometryPoint",
  "spatialReference" : {
    "wkt" : "PROJCS[\"PCS_ITRF2000_TM\",GEOGCS[\"GCS_ITRF_2000\",DATUM[\"D_ITRF_2000\",SPHEROID[\"GRS_1980\",6378137.0,298.257222101]],PRIMEM[\"Greenwich\",0.0],UNIT[\"Degree\",0.0174532925199433]],PROJECTION[\"Transverse_Mercator\"],PARAMETER[\"False_Easting\",200000.0],PARAMETER[\"False_Northing\",600000.0],PARAMETER[\"Central_Meridian\",127.0],PARAMETER[\"Scale_Factor\",1.0],PARAMETER[\"Latitude_Of_Origin\",38.0],UNIT[\"Meter\",1.0]]"
  },
  "fields" : [
    {
      "name" : "FID",
      "type" : "esriFieldTypeOID",
      "alias" : "FID"
    },
    {
      "name" : "SAFE_SPOT1",
      "type" : "esriFieldTypeDouble",
      "alias" : "SAFE_SPOT1"
    },
    {
      "name" : "SAFE_SPOT2",
      "type" : "esriFieldTypeString",
      "alias" : "SAFE_SPOT2",
      "length" : 50
    },
    {
      "name" : "SAFE_SPOT3",
      "type" : "esriFieldTypeString",
      "alias" : "SAFE_SPOT3",
      "length" : 50
    },
    {
      "name" : "MGC",
      "type" : "esriFieldTypeString",
      "alias" : "MGC",
      "length" : 50
    },
    {
      "name" : "ETC_MATTER",
      "type" : "esriFieldTypeString",
      "alias" : "ETC_MATTER",
      "length" : 200
    },
    {
      "name" : "MNTN_NM",
      "type" : "esriFieldTypeString",
      "alias" : "MNTN_NM",
      "length" : 50
    }
  ],
  "features" : [
    {
      "attributes" : {
        "FID" : 0,
        "SAFE_SPOT1" : 927,
        "SAFE_SPOT2" : "산악위치표지판",
        "SAFE_SPOT3" : "1호",
        "MGC" : "칠곡소방서",
        "ETC_MATTER" : " ",
        "MNTN_NM" : "자고산"
      },
      "geometry" : {
        "x" : 326673.71889999975,
        "y" : 379666.71500000171
      }
    },
    {
      "attributes" : {
        "FID" : 1,
        "SAFE_SPOT1" : 928,
        "SAFE_SPOT2" : "산악위치표지판",
        "SAFE_SPOT3" : "2호",
        "MGC" : "칠곡소방서",
        "ETC_MATTER" : " ",
        "MNTN_NM" : "자고산"
      },
      "geometry" : {
        "x" : 326795.83360000141,
        "y" : 379884.29560000077
      }
    },
    {
      "attributes" : {
        "FID" : 2,
        "SAFE_SPOT1" : 929,
        "SAFE_SPOT2" : "산악위치표지판",
        "SAFE_SPOT3" : "3호",
        "MGC" : "칠곡소방서",
        "ETC_MATTER" : " ",
        "MNTN_NM" : "자고산"
      },
      "geometry" : {
        "x" : 326795.83360000141,
        "y" : 379884.29560000077
      }
    },
    {
      "attributes" : {
        "FID" : 3,
        "SAFE_SPOT1" : 930,
        "SAFE_SPOT2" : "산악위치표지판",
        "SAFE_SPOT3" : "4호",
        "MGC" : "칠곡소방서",
        "ETC_MATTER" : " ",
        "MNTN_NM" : "자고산"
      },
      "geometry" : {
        "x" : 327165.71009999979,
        "y" : 380290.44990000315
      }
    }
  ]
}