{"displayFieldName":"","fieldAliases":{"FID":"FID","PMNTN_SPOT":"PMNTN_SPOT","MNTN_CODE":"MNTN_CODE","MANAGE_SP1":"MANAGE_SP1","MANAGE_SP2":"MANAGE_SP2","DETAIL_SPO":"DETAIL_SPO","ETC_MATTER":"ETC_MATTER","MNTN_NM":"MNTN_NM","PAST_SPOT_":"PAST_SPOT_","MNTN_ID":"MNTN_ID"},"geometryType":"esriGeometryPoint","spatialReference":{"wkt":"PROJCS[\"PCS_ITRF2000_TM\",GEOGCS[\"GCS_ITRF_2000\",DATUM[\"D_ITRF_2000\",SPHEROID[\"GRS_1980\",6378137.0,298.257222101]],PRIMEM[\"Greenwich\",0.0],UNIT[\"Degree\",0.0174532925199433]],PROJECTION[\"Transverse_Mercator\"],PARAMETER[\"False_Easting\",200000.0],PARAMETER[\"False_Northing\",600000.0],PARAMETER[\"Central_Meridian\",127.0],PARAMETER[\"Scale_Factor\",1.0],PARAMETER[\"Latitude_Of_Origin\",38.0],UNIT[\"Meter\",1.0]]"},"fields":[{"name":"FID","type":"esriFieldTypeOID","alias":"FID"},{"name":"PMNTN_SPOT","type":"esriFieldTypeDouble","alias":"PMNTN_SPOT"},{"name":"MNTN_CODE","type":"esriFieldTypeString","alias":"MNTN_CODE","length":9},{"name":"MANAGE_SP1","type":"esriFieldTypeString","alias":"MANAGE_SP1","length":2},{"name":"MANAGE_SP2","type":"esriFieldTypeString","alias":"MANAGE_SP2","length":50},{"name":"DETAIL_SPO","type":"esriFieldTypeString","alias":"DETAIL_SPO","length":200},{"name":"ETC_MATTER","type":"esriFieldTypeString","alias":"ETC_MATTER","length":200},{"name":"MNTN_NM","type":"esriFieldTypeString","alias":"MNTN_NM","length":50},{"name":"PAST_SPOT_","type":"esriFieldTypeString","alias":"PAST_SPOT_","length":14},{"name":"MNTN_ID","type":"esriFieldTypeString","alias":"MNTN_ID","length":10}],"features":[{"attributes":{"FID":0,"PMNTN_SPOT":54000,"MNTN_CODE":"482401201","MANAGE_SP1":"02","MANAGE_SP2":"분기점","DETAIL_SPO":"분기점","ETC_MATTER":" ","MNTN_NM":"송비산","PAST_SPOT_":"4824012010001","MNTN_ID":"482401201"},"geometry":{"x":286141.2293999996,"y":282243.50469999947}},{"attributes":{"FID":1,"PMNTN_SPOT":54001,"MNTN_CODE":"482401201","MANAGE_SP1":"01","MANAGE_SP2":"시종점","DETAIL_SPO":"시종점","ETC_MATTER":" ","MNTN_NM":"송비산","PAST_SPOT_":"4824012010002","MNTN_ID":"482401201"},"geometry":{"x":286154.07569999993,"y":283374.94569999911}},{"attributes":{"FID":2,"PMNTN_SPOT":54002,"MNTN_CODE":"482401201","MANAGE_SP1":"01","MANAGE_SP2":"시종점","DETAIL_SPO":"시종점","ETC_MATTER":" ","MNTN_NM":"송비산","PAST_SPOT_":"4824012010003","MNTN_ID":"482401201"},"geometry":{"x":286608.16660000011,"y":280875.70309999958}},{"attributes":{"FID":3,"PMNTN_SPOT":54003,"MNTN_CODE":"482401201","MANAGE_SP1":"02","MANAGE_SP2":"분기점","DETAIL_SPO":"분기점","ETC_MATTER":" ","MNTN_NM":"송비산","PAST_SPOT_":"4824012010004","MNTN_ID":"482401201"},"geometry":{"x":287118.31199999992,"y":281340.98059999943}},{"attributes":{"FID":4,"PMNTN_SPOT":54004,"MNTN_CODE":"482401201","MANAGE_SP1":"01","MANAGE_SP2":"시종점","DETAIL_SPO":"시종점","ETC_MATTER":" ","MNTN_NM":"송비산","PAST_SPOT_":"4824012010005","MNTN_ID":"482401201"},"geometry":{"x":288165.53809999954,"y":281968.31240000017}},{"attributes":{"FID":5,"PMNTN_SPOT":54005,"MNTN_CODE":"482401201","MANAGE_SP1":"01","MANAGE_SP2":"시종점","DETAIL_SPO":"시종점","ETC_MATTER":" ","MNTN_NM":"송비산","PAST_SPOT_":"4824012010006","MNTN_ID":"482401201"},"geometry":{"x":288931.40380000044,"y":281904.92180000059}},{"attributes":{"FID":6,"PMNTN_SPOT":54006,"MNTN_CODE":"482401201","MANAGE_SP1":"02","MANAGE_SP2":"분기점","DETAIL_SPO":"분기점","ETC_MATTER":" ","MNTN_NM":"송비산","PAST_SPOT_":"4824012010007","MNTN_ID":"482401201"},"geometry":{"x":287457.68740000017,"y":281232.56460000016}},{"attributes":{"FID":7,"PMNTN_SPOT":54007,"MNTN_CODE":"482401201","MANAGE_SP1":"02","MANAGE_SP2":"분기점","DETAIL_SPO":"분기점","ETC_MATTER":" ","MNTN_NM":"송비산","PAST_SPOT_":"4824012010008","MNTN_ID":"482401201"},"geometry":{"x":286985.46420000028,"y":281553.56110000052}},{"attributes":{"FID":8,"PMNTN_SPOT":54008,"MNTN_CODE":"482401201","MANAGE_SP1":"02","MANAGE_SP2":"분기점","DETAIL_SPO":"분기점","ETC_MATTER":" ","MNTN_NM":"송비산","PAST_SPOT_":"4824012010009","MNTN_ID":"482401201"},"geometry":{"x":286996.21729999967,"y":281195.30550000072}},{"attributes":{"FID":9,"PMNTN_SPOT":54009,"MNTN_CODE":"482401201","MANAGE_SP1":"02","MANAGE_SP2":"분기점","DETAIL_SPO":"분기점","ETC_MATTER":" ","MNTN_NM":"송비산","PAST_SPOT_":"4824012010010","MNTN_ID":"482401201"},"geometry":{"x":287013.66349999979,"y":281094.80269999988}},{"attributes":{"FID":10,"PMNTN_SPOT":63720,"MNTN_CODE":"482401201","MANAGE_SP1":"02","MANAGE_SP2":"분기점","DETAIL_SPO":" ","ETC_MATTER":" ","MNTN_NM":"송비산","PAST_SPOT_":" ","MNTN_ID":" "},"geometry":{"x":286278.0876000002,"y":281979.48069999926}},{"attributes":{"FID":11,"PMNTN_SPOT":63721,"MNTN_CODE":"482401201","MANAGE_SP1":"99","MANAGE_SP2":"기타","DETAIL_SPO":"곡내저수지","ETC_MATTER":" ","MNTN_NM":"송비산","PAST_SPOT_":" ","MNTN_ID":" "},"geometry":{"x":287368.40110000037,"y":281727.13110000081}},{"attributes":{"FID":12,"PMNTN_SPOT":63722,"MNTN_CODE":"482401201","MANAGE_SP1":"11","MANAGE_SP2":"안내판또는지도","DETAIL_SPO":"등산로 안내판(완사 마을)","ETC_MATTER":" ","MNTN_NM":"송비산","PAST_SPOT_":" ","MNTN_ID":" "},"geometry":{"x":288935.83139999956,"y":281902.95749999955}},{"attributes":{"FID":13,"PMNTN_SPOT":63723,"MNTN_CODE":"482401201","MANAGE_SP1":"10","MANAGE_SP2":"이정표","DETAIL_SPO":"등산로 이정표(신기마을)","ETC_MATTER":" ","MNTN_NM":"송비산","PAST_SPOT_":" ","MNTN_ID":" "},"geometry":{"x":287022.12320000026,"y":281578.54079999961}},{"attributes":{"FID":14,"PMNTN_SPOT":63724,"MNTN_CODE":"482401201","MANAGE_SP1":"10","MANAGE_SP2":"이정표","DETAIL_SPO":"등산로 이정표(신기마을,본촌마을)","ETC_MATTER":" ","MNTN_NM":"송비산","PAST_SPOT_":" ","MNTN_ID":" "},"geometry":{"x":286278.57689999975,"y":281971.65650000051}},{"attributes":{"FID":15,"PMNTN_SPOT":63725,"MNTN_CODE":"482401201","MANAGE_SP1":"10","MANAGE_SP2":"이정표","DETAIL_SPO":"등산로 이정표(완사마을,송비산 정상)","ETC_MATTER":" ","MNTN_NM":"송비산","PAST_SPOT_":" ","MNTN_ID":" "},"geometry":{"x":288689.63760000002,"y":281703.84290000051}},{"attributes":{"FID":16,"PMNTN_SPOT":63726,"MNTN_CODE":"482401201","MANAGE_SP1":"99","MANAGE_SP2":"기타","DETAIL_SPO":"송림마을(송림 경로당)","ETC_MATTER":" ","MNTN_NM":"송비산","PAST_SPOT_":" ","MNTN_ID":" "},"geometry":{"x":286609.89529999997,"y":280887.49290000089}},{"attributes":{"FID":17,"PMNTN_SPOT":63727,"MNTN_CODE":"482401201","MANAGE_SP1":"07","MANAGE_SP2":"시설물","DETAIL_SPO":"송비산 체육시설(운동기구,평상,벤치)","ETC_MATTER":" ","MNTN_NM":"송비산","PAST_SPOT_":" ","MNTN_ID":" "},"geometry":{"x":288448.42410000041,"y":281237.97230000049}},{"attributes":{"FID":18,"PMNTN_SPOT":63728,"MNTN_CODE":"482401201","MANAGE_SP1":"99","MANAGE_SP2":"기타","DETAIL_SPO":"쉼터(벤치,평상)","ETC_MATTER":" ","MNTN_NM":"송비산","PAST_SPOT_":" ","MNTN_ID":" "},"geometry":{"x":288691.59530000016,"y":281503.5111999996}},{"attributes":{"FID":19,"PMNTN_SPOT":63729,"MNTN_CODE":"482401201","MANAGE_SP1":"09","MANAGE_SP2":"기타건물","DETAIL_SPO":"신기 마을 회관","ETC_MATTER":" ","MNTN_NM":"송비산","PAST_SPOT_":" ","MNTN_ID":" "},"geometry":{"x":288266.81730000023,"y":281903.10309999995}},{"attributes":{"FID":20,"PMNTN_SPOT":63730,"MNTN_CODE":"482401201","MANAGE_SP1":"99","MANAGE_SP2":"기타","DETAIL_SPO":"화기물 초소(송비산 정상)","ETC_MATTER":" ","MNTN_NM":"송비산","PAST_SPOT_":" ","MNTN_ID":" "},"geometry":{"x":287000.13430000003,"y":281215.66950000077}}]}