{
  "displayFieldName" : "",
  "fieldAliases" : {
    "FID" : "FID",
    "PMNTN_SPOT" : "PMNTN_SPOT",
    "MNTN_CODE" : "MNTN_CODE",
    "MANAGE_SP1" : "MANAGE_SP1",
    "MANAGE_SP2" : "MANAGE_SP2",
    "DETAIL_SPO" : "DETAIL_SPO",
    "ETC_MATTER" : "ETC_MATTER",
    "MNTN_NM" : "MNTN_NM",
    "PAST_SPOT_" : "PAST_SPOT_",
    "MNTN_ID" : "MNTN_ID"
  },
  "geometryType" : "esriGeometryPoint",
  "spatialReference" : {
    "wkt" : "PROJCS[\"PCS_ITRF2000_TM\",GEOGCS[\"GCS_ITRF_2000\",DATUM[\"D_ITRF_2000\",SPHEROID[\"GRS_1980\",6378137.0,298.257222101]],PRIMEM[\"Greenwich\",0.0],UNIT[\"Degree\",0.0174532925199433]],PROJECTION[\"Transverse_Mercator\"],PARAMETER[\"False_Easting\",200000.0],PARAMETER[\"False_Northing\",600000.0],PARAMETER[\"Central_Meridian\",127.0],PARAMETER[\"Scale_Factor\",1.0],PARAMETER[\"Latitude_Of_Origin\",38.0],UNIT[\"Meter\",1.0]]"
  },
  "fields" : [
    {
      "name" : "FID",
      "type" : "esriFieldTypeOID",
      "alias" : "FID"
    },
    {
      "name" : "PMNTN_SPOT",
      "type" : "esriFieldTypeDouble",
      "alias" : "PMNTN_SPOT"
    },
    {
      "name" : "MNTN_CODE",
      "type" : "esriFieldTypeString",
      "alias" : "MNTN_CODE",
      "length" : 9
    },
    {
      "name" : "MANAGE_SP1",
      "type" : "esriFieldTypeString",
      "alias" : "MANAGE_SP1",
      "length" : 2
    },
    {
      "name" : "MANAGE_SP2",
      "type" : "esriFieldTypeString",
      "alias" : "MANAGE_SP2",
      "length" : 50
    },
    {
      "name" : "DETAIL_SPO",
      "type" : "esriFieldTypeString",
      "alias" : "DETAIL_SPO",
      "length" : 200
    },
    {
      "name" : "ETC_MATTER",
      "type" : "esriFieldTypeString",
      "alias" : "ETC_MATTER",
      "length" : 200
    },
    {
      "name" : "MNTN_NM",
      "type" : "esriFieldTypeString",
      "alias" : "MNTN_NM",
      "length" : 50
    },
    {
      "name" : "PAST_SPOT_",
      "type" : "esriFieldTypeString",
      "alias" : "PAST_SPOT_",
      "length" : 14
    },
    {
      "name" : "MNTN_ID",
      "type" : "esriFieldTypeString",
      "alias" : "MNTN_ID",
      "length" : 10
    }
  ],
  "features" : [
    {
      "attributes" : {
        "FID" : 0,
        "PMNTN_SPOT" : 95796,
        "MNTN_CODE" : "441303901",
        "MANAGE_SP1" : "01",
        "MANAGE_SP2" : "시종점",
        "DETAIL_SPO" : "시종점",
        "ETC_MATTER" : " ",
        "MNTN_NM" : "구성산",
        "PAST_SPOT_" : "4413039010001",
        "MNTN_ID" : "441303901"
      },
      "geometry" : {
        "x" : 214694.66630000062,
        "y" : 466590.32279999927
      }
    },
    {
      "attributes" : {
        "FID" : 1,
        "PMNTN_SPOT" : 95797,
        "MNTN_CODE" : "441303901",
        "MANAGE_SP1" : "01",
        "MANAGE_SP2" : "시종점",
        "DETAIL_SPO" : "시종점",
        "ETC_MATTER" : " ",
        "MNTN_NM" : "구성산",
        "PAST_SPOT_" : "4413039010002",
        "MNTN_ID" : "441303901"
      },
      "geometry" : {
        "x" : 214939.02180000115,
        "y" : 467058.48029999994
      }
    },
    {
      "attributes" : {
        "FID" : 2,
        "PMNTN_SPOT" : 95798,
        "MNTN_CODE" : "441303901",
        "MANAGE_SP1" : "01",
        "MANAGE_SP2" : "시종점",
        "DETAIL_SPO" : "시종점",
        "ETC_MATTER" : " ",
        "MNTN_NM" : "구성산",
        "PAST_SPOT_" : "4413039010003",
        "MNTN_ID" : "441303901"
      },
      "geometry" : {
        "x" : 214982.65429999866,
        "y" : 467112.44879999943
      }
    },
    {
      "attributes" : {
        "FID" : 3,
        "PMNTN_SPOT" : 95799,
        "MNTN_CODE" : "441303901",
        "MANAGE_SP1" : "02",
        "MANAGE_SP2" : "분기점",
        "DETAIL_SPO" : "분기점",
        "ETC_MATTER" : " ",
        "MNTN_NM" : "구성산",
        "PAST_SPOT_" : "4413039010004",
        "MNTN_ID" : "441303901"
      },
      "geometry" : {
        "x" : 215007.614500002,
        "y" : 467028.64070000127
      }
    },
    {
      "attributes" : {
        "FID" : 4,
        "PMNTN_SPOT" : 95800,
        "MNTN_CODE" : "441303901",
        "MANAGE_SP1" : "02",
        "MANAGE_SP2" : "분기점",
        "DETAIL_SPO" : "분기점",
        "ETC_MATTER" : " ",
        "MNTN_NM" : "구성산",
        "PAST_SPOT_" : "4413039010005",
        "MNTN_ID" : "441303901"
      },
      "geometry" : {
        "x" : 215020.43200000096,
        "y" : 466706.64480000176
      }
    },
    {
      "attributes" : {
        "FID" : 5,
        "PMNTN_SPOT" : 95801,
        "MNTN_CODE" : "441303901",
        "MANAGE_SP1" : "02",
        "MANAGE_SP2" : "분기점",
        "DETAIL_SPO" : "분기점",
        "ETC_MATTER" : " ",
        "MNTN_NM" : "구성산",
        "PAST_SPOT_" : "4413039010006",
        "MNTN_ID" : "441303901"
      },
      "geometry" : {
        "x" : 215132.8339999998,
        "y" : 466783.6995000001
      }
    },
    {
      "attributes" : {
        "FID" : 6,
        "PMNTN_SPOT" : 95802,
        "MNTN_CODE" : "441303901",
        "MANAGE_SP1" : "01",
        "MANAGE_SP2" : "시종점",
        "DETAIL_SPO" : "시종점",
        "ETC_MATTER" : " ",
        "MNTN_NM" : "구성산",
        "PAST_SPOT_" : "4413039010007",
        "MNTN_ID" : "441303901"
      },
      "geometry" : {
        "x" : 215223.35938998585,
        "y" : 465916.07467357273
      }
    },
    {
      "attributes" : {
        "FID" : 7,
        "PMNTN_SPOT" : 95803,
        "MNTN_CODE" : "441303901",
        "MANAGE_SP1" : "02",
        "MANAGE_SP2" : "분기점",
        "DETAIL_SPO" : "분기점",
        "ETC_MATTER" : " ",
        "MNTN_NM" : "구성산",
        "PAST_SPOT_" : "4413039010008",
        "MNTN_ID" : "441303901"
      },
      "geometry" : {
        "x" : 215498.39570000023,
        "y" : 466963.66870000027
      }
    },
    {
      "attributes" : {
        "FID" : 8,
        "PMNTN_SPOT" : 95804,
        "MNTN_CODE" : "441303901",
        "MANAGE_SP1" : "02",
        "MANAGE_SP2" : "분기점",
        "DETAIL_SPO" : "분기점",
        "ETC_MATTER" : " ",
        "MNTN_NM" : "구성산",
        "PAST_SPOT_" : "4413039010009",
        "MNTN_ID" : "441303901"
      },
      "geometry" : {
        "x" : 215610.74680000078,
        "y" : 466943.8182999976
      }
    },
    {
      "attributes" : {
        "FID" : 9,
        "PMNTN_SPOT" : 95805,
        "MNTN_CODE" : "441303901",
        "MANAGE_SP1" : "01",
        "MANAGE_SP2" : "시종점",
        "DETAIL_SPO" : "시종점",
        "ETC_MATTER" : " ",
        "MNTN_NM" : "구성산",
        "PAST_SPOT_" : "4413039010010",
        "MNTN_ID" : "441303901"
      },
      "geometry" : {
        "x" : 216519.15400000103,
        "y" : 467093.30200000107
      }
    },
    {
      "attributes" : {
        "FID" : 10,
        "PMNTN_SPOT" : 95806,
        "MNTN_CODE" : "441303901",
        "MANAGE_SP1" : "02",
        "MANAGE_SP2" : "분기점",
        "DETAIL_SPO" : "분기점",
        "ETC_MATTER" : " ",
        "MNTN_NM" : "구성산",
        "PAST_SPOT_" : "4413039010011",
        "MNTN_ID" : "441303901"
      },
      "geometry" : {
        "x" : 215436.06720000325,
        "y" : 466597.82609999867
      }
    },
    {
      "attributes" : {
        "FID" : 11,
        "PMNTN_SPOT" : 95807,
        "MNTN_CODE" : "441303901",
        "MANAGE_SP1" : "02",
        "MANAGE_SP2" : "분기점",
        "DETAIL_SPO" : "분기점",
        "ETC_MATTER" : " ",
        "MNTN_NM" : "구성산",
        "PAST_SPOT_" : "4413039010012",
        "MNTN_ID" : "441303901"
      },
      "geometry" : {
        "x" : 215639.60079999888,
        "y" : 466910.27819999913
      }
    }
  ]
}