{
  "displayFieldName" : "",
  "fieldAliases" : {
    "FID" : "FID",
    "PMNTN_SN" : "PMNTN_SN",
    "MNTN_CODE" : "MNTN_CODE",
    "MNTN_NM" : "MNTN_NM",
    "PMNTN_NM" : "PMNTN_NM",
    "PMNTN_MAIN" : "PMNTN_MAIN",
    "PMNTN_LT" : "PMNTN_LT",
    "PMNTN_DFFL" : "PMNTN_DFFL",
    "PMNTN_UPPL" : "PMNTN_UPPL",
    "PMNTN_GODN" : "PMNTN_GODN",
    "PMNTN_MTRQ" : "PMNTN_MTRQ",
    "PMNTN_CNRL" : "PMNTN_CNRL",
    "PMNTN_CLS_" : "PMNTN_CLS_",
    "PMNTN_RISK" : "PMNTN_RISK",
    "PMNTN_RECO" : "PMNTN_RECO",
    "DATA_STDR_" : "DATA_STDR_",
    "MNTN_ID" : "MNTN_ID"
  },
  "geometryType" : "esriGeometryPolyline",
  "spatialReference" : {
    "wkt" : "PROJCS[\"PCS_ITRF2000_TM\",GEOGCS[\"GCS_ITRF_2000\",DATUM[\"D_ITRF_2000\",SPHEROID[\"GRS_1980\",6378137.0,298.257222101]],PRIMEM[\"Greenwich\",0.0],UNIT[\"Degree\",0.0174532925199433]],PROJECTION[\"Transverse_Mercator\"],PARAMETER[\"False_Easting\",200000.0],PARAMETER[\"False_Northing\",600000.0],PARAMETER[\"Central_Meridian\",127.0],PARAMETER[\"Scale_Factor\",1.0],PARAMETER[\"Latitude_Of_Origin\",38.0],UNIT[\"Meter\",1.0]]"
  },
  "fields" : [
    {
      "name" : "FID",
      "type" : "esriFieldTypeOID",
      "alias" : "FID"
    },
    {
      "name" : "PMNTN_SN",
      "type" : "esriFieldTypeDouble",
      "alias" : "PMNTN_SN"
    },
    {
      "name" : "MNTN_CODE",
      "type" : "esriFieldTypeString",
      "alias" : "MNTN_CODE",
      "length" : 9
    },
    {
      "name" : "MNTN_NM",
      "type" : "esriFieldTypeString",
      "alias" : "MNTN_NM",
      "length" : 50
    },
    {
      "name" : "PMNTN_NM",
      "type" : "esriFieldTypeString",
      "alias" : "PMNTN_NM",
      "length" : 50
    },
    {
      "name" : "PMNTN_MAIN",
      "type" : "esriFieldTypeString",
      "alias" : "PMNTN_MAIN",
      "length" : 200
    },
    {
      "name" : "PMNTN_LT",
      "type" : "esriFieldTypeSingle",
      "alias" : "PMNTN_LT"
    },
    {
      "name" : "PMNTN_DFFL",
      "type" : "esriFieldTypeString",
      "alias" : "PMNTN_DFFL",
      "length" : 8
    },
    {
      "name" : "PMNTN_UPPL",
      "type" : "esriFieldTypeDouble",
      "alias" : "PMNTN_UPPL"
    },
    {
      "name" : "PMNTN_GODN",
      "type" : "esriFieldTypeDouble",
      "alias" : "PMNTN_GODN"
    },
    {
      "name" : "PMNTN_MTRQ",
      "type" : "esriFieldTypeString",
      "alias" : "PMNTN_MTRQ",
      "length" : 200
    },
    {
      "name" : "PMNTN_CNRL",
      "type" : "esriFieldTypeString",
      "alias" : "PMNTN_CNRL",
      "length" : 1
    },
    {
      "name" : "PMNTN_CLS_",
      "type" : "esriFieldTypeString",
      "alias" : "PMNTN_CLS_",
      "length" : 1
    },
    {
      "name" : "PMNTN_RISK",
      "type" : "esriFieldTypeString",
      "alias" : "PMNTN_RISK",
      "length" : 200
    },
    {
      "name" : "PMNTN_RECO",
      "type" : "esriFieldTypeString",
      "alias" : "PMNTN_RECO",
      "length" : 1
    },
    {
      "name" : "DATA_STDR_",
      "type" : "esriFieldTypeString",
      "alias" : "DATA_STDR_",
      "length" : 10
    },
    {
      "name" : "MNTN_ID",
      "type" : "esriFieldTypeString",
      "alias" : "MNTN_ID",
      "length" : 10
    }
  ],
  "features" : [
    {
      "attributes" : {
        "FID" : 0,
        "PMNTN_SN" : 32494,
        "MNTN_CODE" : "451904001",
        "MNTN_NM" : "세걸산",
        "PMNTN_NM" : "주촌리구간",
        "PMNTN_MAIN" : " ",
        "PMNTN_LT" : 3.54,
        "PMNTN_DFFL" : "쉬움",
        "PMNTN_UPPL" : 76,
        "PMNTN_GODN" : 53,
        "PMNTN_MTRQ" : " ",
        "PMNTN_CNRL" : " ",
        "PMNTN_CLS_" : " ",
        "PMNTN_RISK" : " ",
        "PMNTN_RECO" : " ",
        "DATA_STDR_" : "2016-12-31",
        "MNTN_ID" : "451903701"
      },
      "geometry" : {
        "paths" : [
          [
            [
              250243.72200000007,
              309995.37160000019
            ],
            [
              250236.69160000049,
              309989.22000000067
            ],
            [
              250231.04119999986,
              309984.27590000257
            ],
            [
              250206.50470000226,
              309952.37849999964
            ],
            [
              250184.42190000135,
              309909.43960000202
            ],
            [
              250168.47320000082,
              309877.54220000096
            ],
            [
              250158.65859999973,
              309849.32520000264
            ],
            [
              250158.65859999973,
              309805.15949999914
            ],
            [
              250152.52440000046,
              309770.80849999934
            ],
            [
              250135.34890000056,
              309736.45739999972
            ],
            [
              250121.85380000062,
              309692.29169999994
            ],
            [
              250125.53430000227,
              309665.30150000006
            ],
            [
              250142.7098000003,
              309633.40410000272
            ],
            [
              250163.56589999981,
              309613.77490000054
            ],
            [
              250177.06090000086,
              309590.46519999951
            ],
            [
              250177.74679999985,
              309574.69000000134
            ],
            [
              250178.28780000191,
              309562.24830000103
            ],
            [
              250163.56589999981,
              309547.52639999986
            ],
            [
              250142.7098000003,
              309534.03130000085
            ],
            [
              250105.90510000009,
              309519.30939999968
            ],
            [
              250088.7296000002,
              309505.81440000236
            ],
            [
              250066.64670000039,
              309492.31930000149
            ],
            [
              250060.51260000095,
              309480.05100000463
            ],
            [
              250040.88340000063,
              309470.23640000261
            ],
            [
              250016.34690000117,
              309461.64870000258
            ],
            [
              249994.26410000026,
              309446.92680000141
            ],
            [
              249974.63490000088,
              309438.33900000155
            ],
            [
              249963.59350000042,
              309433.43170000054
            ],
            [
              249947.64470000099,
              309430.97810000181
            ],
            [
              249934.14969999902,
              309413.80250000395
            ],
            [
              249918.20089999959,
              309390.49280000292
            ],
            [
              249902.25220000092,
              309381.90510000102
            ],
            [
              249892.43760000076,
              309368.41000000201
            ],
            [
              249870.35479999986,
              309357.3685999997
            ],
            [
              249851.9523999989,
              309354.91490000114
            ],
            [
              249833.55009999964,
              309351.23450000212
            ],
            [
              249822.50860000122,
              309362.27589999884
            ],
            [
              249802.87940000091,
              309372.09050000086
            ],
            [
              249785.70390000101,
              309370.86370000429
            ],
            [
              249770.98199999984,
              309368.41000000201
            ],
            [
              249758.71380000003,
              309351.23450000212
            ],
            [
              249740.31140000187,
              309337.73940000124
            ],
            [
              249724.36270000134,
              309329.15160000138
            ],
            [
              249710.86760000139,
              309318.11020000465
            ],
            [
              249691.23840000108,
              309313.20289999992
            ],
            [
              249674.06290000118,
              309307.06880000234
            ],
            [
              249645.84590000007,
              309294.80049999803
            ],
            [
              249628.67040000204,
              309293.57370000146
            ],
            [
              249612.72159999982,
              309291.12010000274
            ],
            [
              249594.31930000056,
              309291.12010000274
            ],
            [
              249575.91690000053,
              309277.62500000373
            ],
            [
              249557.51449999958,
              309266.58360000141
            ],
            [
              249529.2976000011,
              309250.63480000384
            ],
            [
              249497.40010000113,
              309237.1398000028
            ],
            [
              249486.35870000068,
              309213.83010000177
            ],
            [
              249472.86360000074,
              309197.88140000217
            ],
            [
              249448.32710000034,
              309172.11810000241
            ],
            [
              249428.69790000096,
              309165.98390000314
            ],
            [
              249399.25420000125,
              309158.62299999781
            ],
            [
              249384.53230000008,
              309143.90110000223
            ],
            [
              249361.22260000091,
              309123.04510000348
            ],
            [
              249353.86160000134,
              309102.18909999914
            ],
            [
              249337.91289999988,
              309097.28180000372
            ],
            [
              249325.64470000099,
              309104.6427000016
            ],
            [
              249301.1082000006,
              309115.68410000019
            ],
            [
              249296.09920000006,
              309118.18869999982
            ],
            [
              249286.38630000129,
              309123.04510000348
            ],
            [
              249279.41779999994,
              309110.1035999991
            ],
            [
              249277.79849999957,
              309107.09640000015
            ],
            [
              249263.07660000026,
              309091.14760000259
            ],
            [
              249242.22060000151,
              309082.55990000069
            ],
            [
              249232.98370000068,
              309087.59820000082
            ],
            [
              249228.72550000157,
              309089.92080000043
            ],
            [
              249227.47770000063,
              309084.92959999852
            ],
            [
              249223.81820000056,
              309070.29160000384
            ],
            [
              249209.09630000126,
              309060.47700000182
            ],
            [
              249189.46720000077,
              309055.56970000081
            ],
            [
              249172.29160000198,
              309055.56970000081
            ],
            [
              249152.6623999998,
              309046.98200000077
            ],
            [
              249135.4868999999,
              309038.39420000091
            ],
            [
              249113.4040000001,
              309033.48690000176
            ],
            [
              249075.37250000052,
              309028.57960000075
            ],
            [
              249042.2482000012,
              309021.21859999746
            ],
            [
              249010.35080000013,
              309017.53820000216
            ],
            [
              248975.99970000051,
              309021.21859999746
            ],
            [
              248931.83400000073,
              309023.67229999974
            ],
            [
              248876.6269000005,
              309028.57960000075
            ],
            [
              248839.82220000029,
              309028.57960000075
            ],
            [
              248820.1930000009,
              309037.16740000062
            ],
            [
              248809.15149999969,
              309045.75510000065
            ],
            [
              248787.06870000158,
              309046.98200000077
            ],
            [
              248773.57360000163,
              309040.84779999964
            ],
            [
              248745.35670000128,
              309040.84779999964
            ],
            [
              248718.3665000014,
              309055.56970000081
            ],
            [
              248693.08500000089,
              309066.40469999984
            ],
            [
              248659.47890000138,
              309069.06480000168
            ],
            [
              248631.26200000104,
              309073.97210000269
            ],
            [
              248614.08640000038,
              309065.3842999991
            ],
            [
              248594.45720000006,
              309059.25020000152
            ],
            [
              248580.96220000181,
              309037.16740000062
            ],
            [
              248570.63609999977,
              309017.45400000177
            ],
            [
              248567.46710000187,
              309011.40410000086
            ],
            [
              248557.65250000078,
              308989.32120000198
            ],
            [
              248545.38430000097,
              308981.96030000225
            ],
            [
              248522.07459999993,
              308966.01150000095
            ],
            [
              248492.63080000132,
              308954.97010000236
            ],
            [
              248489.60760000069,
              308953.12990000285
            ],
            [
              248464.41380000021,
              308937.79460000247
            ],
            [
              248432.51640000101,
              308921.84589999914
            ],
            [
              248411.66040000133,
              308908.35079999827
            ],
            [
              248393.25800000131,
              308893.62890000269
            ],
            [
              248372.40199999977,
              308889.94840000384
            ],
            [
              248350.31919999979,
              308888.72160000168
            ],
            [
              248347.86550000031,
              308869.0923999995
            ],
            [
              248335.59730000049,
              308858.05100000091
            ],
            [
              248323.32899999991,
              308844.5559000019
            ],
            [
              248307.38030000124,
              308828.6072000023
            ],
            [
              248290.20480000135,
              308823.69990000315
            ],
            [
              248281.61699999962,
              308801.61710000224
            ],
            [
              248268.12189999968,
              308801.61710000224
            ],
            [
              248270.57560000103,
              308786.89520000108
            ],
            [
              248253.40000000037,
              308784.44150000252
            ],
            [
              248250.94639999885,
              308769.71960000135
            ],
            [
              248238.15440000035,
              308748.95020000264
            ],
            [
              248218.86340000108,
              308735.17090000398
            ],
            [
              248195.43869999982,
              308707.61240000091
            ],
            [
              248176.14770000055,
              308706.23450000212
            ],
            [
              248137.56580000184,
              308675.92010000162
            ],
            [
              248105.87349999975,
              308655.25119999982
            ],
            [
              248086.58250000142,
              308629.07059999928
            ],
            [
              248068.66950000077,
              308613.91340000182
            ],
            [
              248041.1109000016,
              308584.97690000199
            ],
            [
              248016.30830000062,
              308564.30810000189
            ],
            [
              248016.30830000062,
              308538.12749999948
            ],
            [
              248007.04070000071,
              308516.81210000068
            ],
            [
              248002.5290000001,
              308506.43520000018
            ],
            [
              247984.61590000056,
              308474.74280000106
            ],
            [
              247966.70290000178,
              308445.80639999919
            ],
            [
              247947.41190000065,
              308408.60239999928
            ],
            [
              247928.12100000028,
              308401.71279999986
            ],
            [
              247911.58590000123,
              308360.375
            ],
            [
              247893.67280000169,
              308338.3281000033
            ],
            [
              247866.2910000002,
              308328.28820000216
            ],
            [
              247852.33499999996,
              308323.17100000009
            ],
            [
              247817.88690000027,
              308324.54890000261
            ],
            [
              247776.54910000134,
              308313.52550000139
            ],
            [
              247751.7463999996,
              308309.39170000143
            ]
          ]
        ]
      }
    },
    {
      "attributes" : {
        "FID" : 1,
        "PMNTN_SN" : 32495,
        "MNTN_CODE" : "451904001",
        "MNTN_NM" : "세걸산",
        "PMNTN_NM" : "공안리구간",
        "PMNTN_MAIN" : " ",
        "PMNTN_LT" : 1.66,
        "PMNTN_DFFL" : "쉬움",
        "PMNTN_UPPL" : 62,
        "PMNTN_GODN" : 44,
        "PMNTN_MTRQ" : " ",
        "PMNTN_CNRL" : " ",
        "PMNTN_CLS_" : " ",
        "PMNTN_RISK" : " ",
        "PMNTN_RECO" : " ",
        "DATA_STDR_" : "2016-12-31",
        "MNTN_ID" : "451903701"
      },
      "geometry" : {
        "paths" : [
          [
            [
              250243.72200000007,
              309995.37160000019
            ],
            [
              250242.38310000021,
              309998.28350000456
            ],
            [
              250234.72170000151,
              310014.94650000148
            ],
            [
              250218.77300000004,
              310023.53430000134
            ],
            [
              250218.77300000004,
              310040.70990000106
            ],
            [
              250210.18520000111,
              310055.43180000223
            ],
            [
              250215.09250000119,
              310076.28780000098
            ],
            [
              250200.37060000002,
              310091.00970000215
            ],
            [
              250186.87550000008,
              310105.73159999959
            ],
            [
              250159.88540000096,
              310120.45350000076
            ],
            [
              250135.34890000056,
              310144.98990000039
            ],
            [
              250116.94650000054,
              310148.67039999925
            ],
            [
              250085.04910000134,
              310148.67039999925
            ],
            [
              250060.51260000095,
              310165.8460000027
            ],
            [
              250045.79069999978,
              310192.83610000275
            ],
            [
              250029.84200000111,
              310191.60930000246
            ],
            [
              250022.48100000061,
              310210.01170000248
            ],
            [
              250004.07870000135,
              310224.73350000009
            ],
            [
              249980.76900000032,
              310235.77500000224
            ],
            [
              249956.23249999993,
              310241.90909999982
            ],
            [
              249945.19110000227,
              310250.49689999968
            ],
            [
              249957.45930000115,
              310266.44560000114
            ],
            [
              249951.32519999985,
              310275.033400001
            ],
            [
              249935.37650000118,
              310276.26019999757
            ],
            [
              249902.25220000092,
              310283.6211000029
            ],
            [
              249877.71570000146,
              310317.97220000066
            ],
            [
              249850.72559999954,
              310360.91110000014
            ],
            [
              249812.69400000013,
              310390.35490000248
            ],
            [
              249772.20880000107,
              310419.79870000109
            ],
            [
              249747.67230000068,
              310435.74740000442
            ],
            [
              249708.41390000097,
              310459.05700000189
            ],
            [
              249671.60920000169,
              310475.00579999946
            ],
            [
              249634.80449999962,
              310462.73750000075
            ],
            [
              249607.81429999974,
              310470.09850000218
            ],
            [
              249571.00960000232,
              310494.63500000164
            ],
            [
              249541.56580000091,
              310519.17139999941
            ],
            [
              249504.76110000163,
              310532.66650000028
            ],
            [
              249499.85380000062,
              310552.29570000246
            ],
            [
              249475.31730000023,
              310562.11030000262
            ],
            [
              249475.31730000023,
              310576.83220000006
            ],
            [
              249465.50270000007,
              310584.1930999998
            ],
            [
              249455.68810000084,
              310600.14190000109
            ],
            [
              249426.24430000037,
              310618.54420000315
            ],
            [
              249409.06880000047,
              310633.26609999873
            ],
            [
              249390.66640000138,
              310641.85390000418
            ],
            [
              249388.21270000003,
              310652.89530000091
            ],
            [
              249374.71770000085,
              310656.57579999976
            ],
            [
              249353.86160000134,
              310666.39040000178
            ],
            [
              249352.63480000198,
              310684.7928000018
            ],
            [
              249336.68610000052,
              310694.60740000382
            ],
            [
              249314.60330000054,
              310715.46340000257
            ],
            [
              249286.38630000129,
              310735.09259999916
            ],
            [
              249266.75710000098,
              310743.68030000106
            ],
            [
              249244.674300001,
              310746.13400000148
            ],
            [
              249221.36459999997,
              310741.22670000233
            ],
            [
              249207.86950000003,
              310754.72180000134
            ],
            [
              249194.37450000085,
              310765.76319999993
            ],
            [
              249180.87940000091,
              310781.71190000325
            ],
            [
              249164.93070000038,
              310796.43379999883
            ],
            [
              249147.75510000158,
              310800.11429999769
            ],
            [
              249142.84780000057,
              310811.15570000187
            ],
            [
              249117.08450000174,
              310838.14580000192
            ],
            [
              249096.2285000002,
              310859.00180000067
            ],
            [
              249090.09439999983,
              310878.63099999912
            ],
            [
              249090.09439999983,
              310903.16750000045
            ],
            [
              249090.09439999983,
              310928.93080000021
            ],
            [
              249082.73340000026,
              310943.65270000137
            ]
          ]
        ]
      }
    },
    {
      "attributes" : {
        "FID" : 2,
        "PMNTN_SN" : 32496,
        "MNTN_CODE" : "451904001",
        "MNTN_NM" : "세걸산",
        "PMNTN_NM" : "부운리구간",
        "PMNTN_MAIN" : " ",
        "PMNTN_LT" : 0.06,
        "PMNTN_DFFL" : "쉬움",
        "PMNTN_UPPL" : 1,
        "PMNTN_GODN" : 1,
        "PMNTN_MTRQ" : " ",
        "PMNTN_CNRL" : " ",
        "PMNTN_CLS_" : " ",
        "PMNTN_RISK" : " ",
        "PMNTN_RECO" : " ",
        "DATA_STDR_" : "2016-12-31",
        "MNTN_ID" : "451903701"
      },
      "geometry" : {
        "paths" : [
          [
            [
              252073.73170000128,
              310382.99389999919
            ],
            [
              252078.63900000136,
              310407.53040000238
            ],
            [
              252092.13410000131,
              310429.61319999956
            ],
            [
              252103.1754999999,
              310434.52050000429
            ]
          ]
        ]
      }
    },
    {
      "attributes" : {
        "FID" : 3,
        "PMNTN_SN" : 32497,
        "MNTN_CODE" : "451904001",
        "MNTN_NM" : "세걸산",
        "PMNTN_NM" : "부운리구간",
        "PMNTN_MAIN" : " ",
        "PMNTN_LT" : 1.1,
        "PMNTN_DFFL" : "쉬움",
        "PMNTN_UPPL" : 19,
        "PMNTN_GODN" : 14,
        "PMNTN_MTRQ" : " ",
        "PMNTN_CNRL" : " ",
        "PMNTN_CLS_" : " ",
        "PMNTN_RISK" : " ",
        "PMNTN_RECO" : " ",
        "DATA_STDR_" : "2016-12-31",
        "MNTN_ID" : "451903701"
      },
      "geometry" : {
        "paths" : [
          [
            [
              252103.1754999999,
              310434.52050000429
            ],
            [
              252114.21690000035,
              310407.53040000238
            ],
            [
              252124.03150000051,
              310392.80850000121
            ],
            [
              252138.75339999981,
              310392.80850000121
            ],
            [
              252157.15580000076,
              310391.58170000464
            ],
            [
              252176.78500000015,
              310380.54030000232
            ],
            [
              252195.1873000022,
              310376.85980000161
            ],
            [
              252203.77510000113,
              310362.13790000044
            ],
            [
              252217.27020000108,
              310325.33320000395
            ],
            [
              252225.85800000094,
              310303.25029999949
            ],
            [
              252230.76520000026,
              310281.16750000417
            ],
            [
              252228.31159999967,
              310255.40420000441
            ],
            [
              252238.12620000076,
              310225.96040000021
            ],
            [
              252262.66270000022,
              310206.33119999804
            ],
            [
              252282.29190000053,
              310184.24829999916
            ],
            [
              252299.46740000043,
              310175.66059999913
            ],
            [
              252306.82840000093,
              310151.12410000153
            ],
            [
              252327.68439999968,
              310127.8144000005
            ],
            [
              252354.67450000066,
              310114.31929999962
            ],
            [
              252386.57200000156,
              310092.23650000431
            ],
            [
              252400.94470000081,
              310083.95800000429
            ],
            [
              252419.69620000012,
              310067.70000000112
            ],
            [
              252441.77910000179,
              310050.52450000122
            ],
            [
              252469.99600000214,
              310034.57569999993
            ],
            [
              252494.53249999974,
              310017.40020000003
            ],
            [
              252514.2265999997,
              310002.3041999992
            ],
            [
              252535.01770000067,
              309990.4101000037
            ],
            [
              252563.23469999991,
              309990.4101000037
            ],
            [
              252592.67850000039,
              309994.09050000273
            ],
            [
              252619.66860000137,
              309995.31739999913
            ],
            [
              252642.97830000054,
              309995.31739999913
            ],
            [
              252669.96839999966,
              309983.04910000041
            ],
            [
              252704.31950000022,
              309969.5540000014
            ],
            [
              252727.84860000107,
              309958.63480000012
            ],
            [
              252749.71200000029,
              309952.37849999964
            ],
            [
              252764.77560000028,
              309938.50190000236
            ],
            [
              252781.62760000024,
              309935.79519999959
            ],
            [
              252800.01180000231,
              309942.56389999948
            ],
            [
              252815.07909999974,
              309947.71770000271
            ],
            [
              252829.45559999999,
              309948.69800000079
            ],
            [
              252850.78299999982,
              309939.07050000131
            ],
            [
              252862.73359999992,
              309937.07190000266
            ],
            [
              252879.75540000014,
              309937.40480000153
            ],
            [
              252892.4550999999,
              309930.07620000094
            ],
            [
              252905.66590000037,
              309920.91990000196
            ],
            [
              252916.3097000001,
              309921.06130000018
            ],
            [
              252930.25129999965,
              309922.89580000192
            ],
            [
              252939.86980000138,
              309924.16149999946
            ]
          ]
        ]
      }
    },
    {
      "attributes" : {
        "FID" : 4,
        "PMNTN_SN" : 32498,
        "MNTN_CODE" : "451904001",
        "MNTN_NM" : "세걸산",
        "PMNTN_NM" : " ",
        "PMNTN_MAIN" : " ",
        "PMNTN_LT" : 3.65,
        "PMNTN_DFFL" : "쉬움",
        "PMNTN_UPPL" : 137,
        "PMNTN_GODN" : 96,
        "PMNTN_MTRQ" : " ",
        "PMNTN_CNRL" : " ",
        "PMNTN_CLS_" : " ",
        "PMNTN_RISK" : " ",
        "PMNTN_RECO" : " ",
        "DATA_STDR_" : "2016-12-31",
        "MNTN_ID" : "451903701"
      },
      "geometry" : {
        "paths" : [
          [
            [
              252103.1754999999,
              310434.52050000429
            ],
            [
              252106.85600000061,
              310456.60339999944
            ],
            [
              252083.54629999958,
              310482.36669999734
            ],
            [
              252072.50489999913,
              310504.44950000383
            ],
            [
              252065.14389999956,
              310542.48110000044
            ],
            [
              252062.69030000083,
              310564.56400000118
            ],
            [
              252051.64890000038,
              310574.37850000337
            ],
            [
              252036.92700000107,
              310602.59549999982
            ],
            [
              252032.01970000099,
              310630.81250000186
            ],
            [
              252034.47329999972,
              310647.98800000176
            ],
            [
              252028.33920000214,
              310667.61720000394
            ],
            [
              252014.8441000022,
              310674.97820000164
            ],
            [
              252000.1222000001,
              310689.70009999722
            ],
            [
              252005.02950000111,
              310709.32920000143
            ],
            [
              252006.25640000124,
              310731.41210000031
            ],
            [
              252002.57590000052,
              310752.26810000464
            ],
            [
              251990.30759999901,
              310776.80460000224
            ],
            [
              251991.53450000007,
              310790.29970000125
            ],
            [
              251987.85400000121,
              310808.70199999958
            ],
            [
              251979.26620000135,
              310833.23850000091
            ],
            [
              251957.18340000045,
              310857.77500000037
            ],
            [
              251940.00779999979,
              310879.85789999925
            ],
            [
              251940.00779999979,
              310903.16750000045
            ],
            [
              251920.37859999947,
              310921.56990000233
            ],
            [
              251901.97630000021,
              310922.79670000263
            ],
            [
              251886.02750000078,
              310952.24050000124
            ],
            [
              251887.25440000091,
              310968.18920000084
            ],
            [
              251878.66659999918,
              310998.85979999974
            ],
            [
              251870.07880000025,
              311023.39629999921
            ],
            [
              251840.63499999978,
              311043.02549999952
            ],
            [
              251832.04730000068,
              311061.42790000141
            ],
            [
              251801.37670000084,
              311078.6034000013
            ],
            [
              251771.93290000036,
              311103.13990000263
            ],
            [
              251749.85000000056,
              311127.67640000209
            ],
            [
              251738.80860000011,
              311138.71780000441
            ],
            [
              251715.49890000001,
              311149.75930000097
            ],
            [
              251714.27210000064,
              311171.84210000187
            ],
            [
              251703.23070000019,
              311190.24450000189
            ],
            [
              251688.50880000088,
              311222.14189999923
            ],
            [
              251671.33320000209,
              311254.03939999826
            ],
            [
              251662.74550000113,
              311254.03939999826
            ],
            [
              251644.3431000011,
              311265.08080000244
            ],
            [
              251612.44570000097,
              311289.61730000004
            ],
            [
              251600.17740000039,
              311306.79279999994
            ],
            [
              251595.27010000031,
              311336.23660000227
            ],
            [
              251573.1873000022,
              311359.54629999958
            ],
            [
              251551.10440000053,
              311388.99010000192
            ],
            [
              251531.47520000022,
              311404.93880000152
            ],
            [
              251499.57780000102,
              311417.2070000004
            ],
            [
              251466.4534999989,
              311434.38260000013
            ],
            [
              251429.64879999962,
              311461.37270000018
            ],
            [
              251398.97819999978,
              311484.68240000121
            ],
            [
              251371.98810000066,
              311509.2189000044
            ],
            [
              251353.5856999997,
              311526.3944000043
            ],
            [
              251338.86380000133,
              311552.15770000406
            ],
            [
              251324.14190000203,
              311561.97230000049
            ],
            [
              251313.10050000157,
              311571.78690000065
            ],
            [
              251293.47130000126,
              311587.73560000025
            ],
            [
              251276.2957000006,
              311595.09660000168
            ],
            [
              251264.02750000078,
              311586.50880000181
            ],
            [
              251229.67640000209,
              311593.86979999952
            ],
            [
              251208.82040000055,
              311604.9112000037
            ],
            [
              251196.55209999997,
              311615.95260000043
            ],
            [
              251179.37660000008,
              311628.22080000117
            ],
            [
              251174.46930000186,
              311640.48909999803
            ],
            [
              251162.20110000018,
              311624.54040000029
            ],
            [
              251140.11820000038,
              311604.9112000037
            ],
            [
              251122.94270000048,
              311582.82829999924
            ],
            [
              251110.6743999999,
              311559.51870000176
            ],
            [
              251110.6743999999,
              311536.20900000073
            ],
            [
              251106.99390000105,
              311522.71389999986
            ],
            [
              251099.63300000131,
              311501.85790000111
            ],
            [
              251104.54030000232,
              311479.7751000002
            ],
            [
              251093.49890000001,
              311460.14589999802
            ],
            [
              251095.9525000006,
              311434.38260000013
            ],
            [
              251099.63300000131,
              311392.6705000028
            ],
            [
              251087.36479999963,
              311379.17550000176
            ],
            [
              251046.87949999981,
              311358.31939999945
            ],
            [
              251023.56990000047,
              311346.05120000429
            ],
            [
              251001.48700000066,
              311316.6074000001
            ],
            [
              250980.63100000191,
              311288.39039999992
            ],
            [
              250963.45550000109,
              311267.53440000117
            ],
            [
              250937.69220000226,
              311246.67840000056
            ],
            [
              250910.70199999958,
              311218.46140000038
            ],
            [
              250892.29970000032,
              311189.01769999973
            ],
            [
              250881.25820000097,
              311169.38850000314
            ],
            [
              250865.30950000044,
              311122.76910000108
            ],
            [
              250866.5362999998,
              311108.04719999991
            ],
            [
              250853.04130000062,
              311079.83030000143
            ],
            [
              250849.36079999991,
              311056.5206000004
            ],
            [
              250834.41629999969,
              311026.631500002
            ],
            [
              250833.15130000189,
              311024.10160000436
            ],
            [
              250833.20370000042,
              311018.99780000001
            ],
            [
              250832.18520000111,
              310991.49890000187
            ],
            [
              250841.9998000022,
              310957.14780000225
            ],
            [
              250830.95840000175,
              310935.06500000134
            ],
            [
              250813.78290000185,
              310889.6724999994
            ],
            [
              250795.3805000009,
              310847.96040000394
            ],
            [
              250775.75130000152,
              310808.70199999958
            ],
            [
              250772.07079999987,
              310742.45350000262
            ],
            [
              250754.89529999997,
              310722.82430000044
            ],
            [
              250719.31740000192,
              310688.47320000269
            ],
            [
              250694.78089999966,
              310660.25629999861
            ],
            [
              250678.83220000099,
              310625.90520000085
            ],
            [
              250659.20300000068,
              310578.05900000222
            ],
            [
              250643.25430000015,
              310543.7079000026
            ],
            [
              250612.58370000031,
              310516.71780000068
            ],
            [
              250591.72759999987,
              310494.63500000164
            ],
            [
              250577.00570000056,
              310470.09850000218
            ],
            [
              250536.52049999963,
              310441.881500002
            ],
            [
              250505.8498999998,
              310417.3450000044
            ],
            [
              250493.58169999998,
              310392.80850000121
            ],
            [
              250477.63290000055,
              310359.68420000002
            ],
            [
              250460.45740000065,
              310331.46730000153
            ],
            [
              250444.50869999919,
              310320.42589999922
            ],
            [
              250429.78680000082,
              310303.25029999949
            ],
            [
              250407.70390000101,
              310287.30160000175
            ],
            [
              250389.45390000008,
              310279.69739999995
            ],
            [
              250378.2602000013,
              310275.033400001
            ],
            [
              250372.44359999988,
              310255.09080000035
            ],
            [
              250369.67239999957,
              310245.58960000239
            ],
            [
              250362.06960000005,
              310240.08410000429
            ],
            [
              250334.09450000152,
              310219.82620000094
            ],
            [
              250319.37259999942,
              310189.15560000017
            ],
            [
              250307.10430000164,
              310163.39230000041
            ],
            [
              250302.00989999995,
              310153.20340000279
            ],
            [
              250291.1556000011,
              310131.49489999935
            ],
            [
              250285.02150000073,
              310103.27790000103
            ],
            [
              250278.88740000129,
              310068.92679999769
            ],
            [
              250269.0728000002,
              310034.57569999993
            ],
            [
              250250.67039999925,
              310001.45150000043
            ],
            [
              250243.72200000007,
              309995.37160000019
            ]
          ]
        ]
      }
    }
  ]
}