{
  "displayFieldName" : "",
  "fieldAliases" : {
    "FID" : "FID",
    "PMNTN_SN" : "PMNTN_SN",
    "MNTN_CODE" : "MNTN_CODE",
    "MNTN_NM" : "MNTN_NM",
    "PMNTN_NM" : "PMNTN_NM",
    "PMNTN_MAIN" : "PMNTN_MAIN",
    "PMNTN_LT" : "PMNTN_LT",
    "PMNTN_DFFL" : "PMNTN_DFFL",
    "PMNTN_UPPL" : "PMNTN_UPPL",
    "PMNTN_GODN" : "PMNTN_GODN",
    "PMNTN_MTRQ" : "PMNTN_MTRQ",
    "PMNTN_CNRL" : "PMNTN_CNRL",
    "PMNTN_CLS_" : "PMNTN_CLS_",
    "PMNTN_RISK" : "PMNTN_RISK",
    "PMNTN_RECO" : "PMNTN_RECO",
    "DATA_STDR_" : "DATA_STDR_",
    "MNTN_ID" : "MNTN_ID"
  },
  "geometryType" : "esriGeometryPolyline",
  "spatialReference" : {
    "wkt" : "PROJCS[\"PCS_ITRF2000_TM\",GEOGCS[\"GCS_ITRF_2000\",DATUM[\"D_ITRF_2000\",SPHEROID[\"GRS_1980\",6378137.0,298.257222101]],PRIMEM[\"Greenwich\",0.0],UNIT[\"Degree\",0.0174532925199433]],PROJECTION[\"Transverse_Mercator\"],PARAMETER[\"False_Easting\",200000.0],PARAMETER[\"False_Northing\",600000.0],PARAMETER[\"Central_Meridian\",127.0],PARAMETER[\"Scale_Factor\",1.0],PARAMETER[\"Latitude_Of_Origin\",38.0],UNIT[\"Meter\",1.0]]"
  },
  "fields" : [
    {
      "name" : "FID",
      "type" : "esriFieldTypeOID",
      "alias" : "FID"
    },
    {
      "name" : "PMNTN_SN",
      "type" : "esriFieldTypeDouble",
      "alias" : "PMNTN_SN"
    },
    {
      "name" : "MNTN_CODE",
      "type" : "esriFieldTypeString",
      "alias" : "MNTN_CODE",
      "length" : 9
    },
    {
      "name" : "MNTN_NM",
      "type" : "esriFieldTypeString",
      "alias" : "MNTN_NM",
      "length" : 50
    },
    {
      "name" : "PMNTN_NM",
      "type" : "esriFieldTypeString",
      "alias" : "PMNTN_NM",
      "length" : 50
    },
    {
      "name" : "PMNTN_MAIN",
      "type" : "esriFieldTypeString",
      "alias" : "PMNTN_MAIN",
      "length" : 200
    },
    {
      "name" : "PMNTN_LT",
      "type" : "esriFieldTypeSingle",
      "alias" : "PMNTN_LT"
    },
    {
      "name" : "PMNTN_DFFL",
      "type" : "esriFieldTypeString",
      "alias" : "PMNTN_DFFL",
      "length" : 8
    },
    {
      "name" : "PMNTN_UPPL",
      "type" : "esriFieldTypeDouble",
      "alias" : "PMNTN_UPPL"
    },
    {
      "name" : "PMNTN_GODN",
      "type" : "esriFieldTypeDouble",
      "alias" : "PMNTN_GODN"
    },
    {
      "name" : "PMNTN_MTRQ",
      "type" : "esriFieldTypeString",
      "alias" : "PMNTN_MTRQ",
      "length" : 200
    },
    {
      "name" : "PMNTN_CNRL",
      "type" : "esriFieldTypeString",
      "alias" : "PMNTN_CNRL",
      "length" : 1
    },
    {
      "name" : "PMNTN_CLS_",
      "type" : "esriFieldTypeString",
      "alias" : "PMNTN_CLS_",
      "length" : 1
    },
    {
      "name" : "PMNTN_RISK",
      "type" : "esriFieldTypeString",
      "alias" : "PMNTN_RISK",
      "length" : 200
    },
    {
      "name" : "PMNTN_RECO",
      "type" : "esriFieldTypeString",
      "alias" : "PMNTN_RECO",
      "length" : 1
    },
    {
      "name" : "DATA_STDR_",
      "type" : "esriFieldTypeString",
      "alias" : "DATA_STDR_",
      "length" : 10
    },
    {
      "name" : "MNTN_ID",
      "type" : "esriFieldTypeString",
      "alias" : "MNTN_ID",
      "length" : 10
    }
  ],
  "features" : [
    {
      "attributes" : {
        "FID" : 0,
        "PMNTN_SN" : 9140,
        "MNTN_CODE" : "491301404",
        "MNTN_NM" : "나시리오름",
        "PMNTN_NM" : "난산리구간",
        "PMNTN_MAIN" : " ",
        "PMNTN_LT" : 0.79,
        "PMNTN_DFFL" : "쉬움",
        "PMNTN_UPPL" : 14,
        "PMNTN_GODN" : 10,
        "PMNTN_MTRQ" : " ",
        "PMNTN_CNRL" : " ",
        "PMNTN_CLS_" : " ",
        "PMNTN_RISK" : " ",
        "PMNTN_RECO" : " ",
        "DATA_STDR_" : "2016-12-31",
        "MNTN_ID" : "491301404"
      },
      "geometry" : {
        "paths" : [
          [
            [
              184429.17210000008,
              91180.64780000411
            ],
            [
              184425.05450000241,
              91193.120200002566
            ],
            [
              184422.16159999929,
              91204.438300000504
            ],
            [
              184421.04330000374,
              91213.905600002035
            ],
            [
              184420.8395999996,
              91225.392000002787
            ],
            [
              184420.22479999997,
              91236.63030000031
            ],
            [
              184420.93059999961,
              91249.978400001302
            ],
            [
              184420.45990000013,
              91262.709400000051
            ],
            [
              184420.24940000288,
              91279.482700003311
            ],
            [
              184421.59960000124,
              91292.028899999335
            ],
            [
              184423.3321000021,
              91299.235300000757
            ],
            [
              184427.40369999968,
              91303.498900003731
            ],
            [
              184431.41690000053,
              91303.393799999729
            ],
            [
              184435.96169999894,
              91300.616800002754
            ],
            [
              184438.89260000084,
              91292.799500001594
            ],
            [
              184442.10140000097,
              91283.695500001311
            ],
            [
              184446.18339999951,
              91276.571499999613
            ],
            [
              184448.29060000274,
              91270.719000000507
            ],
            [
              184452.86150000058,
              91263.814699999988
            ],
            [
              184455.24610000197,
              91257.648800002411
            ],
            [
              184458.10010000318,
              91252.07880000025
            ],
            [
              184459.42920000013,
              91246.626500001177
            ],
            [
              184464.00380000006,
              91239.831299999729
            ],
            [
              184468.71989999991,
              91234.278000002727
            ],
            [
              184474.47940000053,
              91229.699100002646
            ],
            [
              184479.80070000235,
              91224.488700004295
            ],
            [
              184484.62079999968,
              91220
            ],
            [
              184492.06460000295,
              91215.82880000025
            ],
            [
              184499.45370000042,
              91212.400699999183
            ],
            [
              184505.5492000021,
              91208.542200000957
            ],
            [
              184511.37430000119,
              91204.251599999145
            ],
            [
              184520.2667000005,
              91202.488600000739
            ],
            [
              184526.64620000124,
              91202.137900000438
            ],
            [
              184534.01210000273,
              91202.968499999493
            ],
            [
              184544.23660000041,
              91202.565700003877
            ],
            [
              184556.2938000001,
              91205.975999999791
            ],
            [
              184565.14790000115,
              91210.220100000501
            ],
            [
              184570.91070000269,
              91216.852200001478
            ],
            [
              184575.02140000183,
              91219.94299999997
            ],
            [
              184578.17229999974,
              91224.274600002915
            ],
            [
              184582.76790000033,
              91230.522600000724
            ],
            [
              184585.44310000073,
              91239.228900002316
            ],
            [
              184589.44680000097,
              91248.169200003147
            ],
            [
              184592.37100000121,
              91254.852600000799
            ],
            [
              184594.20210000128,
              91261.160499997437
            ],
            [
              184596.94550000038,
              91266.65730000101
            ],
            [
              184594.73760000058,
              91273.229199999943
            ],
            [
              184590.55340000056,
              91279.411000002176
            ],
            [
              184586.28150000051,
              91286.134200001135
            ],
            [
              184581.00960000139,
              91293.923000000417
            ],
            [
              184576.54009999987,
              91298.637700000778
            ],
            [
              184567.73870000243,
              91302.886800002307
            ],
            [
              184557.3972000014,
              91308.234000001103
            ],
            [
              184548.65590000246,
              91311.643899999559
            ],
            [
              184543.00390000083,
              91315.658100001514
            ],
            [
              184534.38540000096,
              91321.15900000371
            ],
            [
              184525.03510000184,
              91325.675299998373
            ],
            [
              184516.11600000039,
              91329.483800001442
            ],
            [
              184505.15529999975,
              91335.335000002757
            ],
            [
              184498.06660000049,
              91339.263000002131
            ],
            [
              184491.0512000015,
              91342.680900000036
            ],
            [
              184484.55530000012,
              91346.240600006655
            ],
            [
              184477.77799999993,
              91348.314600002021
            ],
            [
              184471.80200000014,
              91351.252300001681
            ],
            [
              184464.27070000023,
              91352.972600001842
            ],
            [
              184458.02360000182,
              91355.06780000031
            ],
            [
              184452.27699999977,
              91357.767699999735
            ],
            [
              184442.34100000001,
              91359.009500004351
            ],
            [
              184431.79120000172,
              91356.757999999449
            ],
            [
              184420.34110000078,
              91351.778000000864
            ],
            [
              184411.16850000154,
              91344.861000001431
            ],
            [
              184405.4765000008,
              91338.291400000453
            ],
            [
              184400.32800000068,
              91331.765599997714
            ],
            [
              184396.99849999975,
              91323.216100001708
            ],
            [
              184393.5138000017,
              91313.130799999461
            ],
            [
              184390.58250000048,
              91302.742000000551
            ],
            [
              184389.53710000124,
              91290.879000002518
            ],
            [
              184389.12519999966,
              91277.341000001878
            ],
            [
              184389.97059999965,
              91264.637200001627
            ],
            [
              184390.72310000006,
              91253.329099999741
            ],
            [
              184393.34020000044,
              91241.390200002119
            ],
            [
              184397.13090000022,
              91228.976999998093
            ],
            [
              184403.10230000131,
              91217.408900000155
            ],
            [
              184407.99860000052,
              91206.604000000283
            ],
            [
              184413.61800000072,
              91199.969399999827
            ],
            [
              184420.2033000011,
              91190.794100001454
            ],
            [
              184429.17210000008,
              91180.64780000411
            ]
          ]
        ]
      }
    },
    {
      "attributes" : {
        "FID" : 1,
        "PMNTN_SN" : 9141,
        "MNTN_CODE" : "491301404",
        "MNTN_NM" : "나시리오름",
        "PMNTN_NM" : "난산리구간",
        "PMNTN_MAIN" : " ",
        "PMNTN_LT" : 0.14,
        "PMNTN_DFFL" : "쉬움",
        "PMNTN_UPPL" : 2,
        "PMNTN_GODN" : 2,
        "PMNTN_MTRQ" : " ",
        "PMNTN_CNRL" : " ",
        "PMNTN_CLS_" : " ",
        "PMNTN_RISK" : " ",
        "PMNTN_RECO" : " ",
        "DATA_STDR_" : "2016-12-31",
        "MNTN_ID" : "491301404"
      },
      "geometry" : {
        "paths" : [
          [
            [
              184429.17210000008,
              91180.64780000411
            ],
            [
              184431.57860000059,
              91173.554300000891
            ],
            [
              184435.86520000082,
              91166.830099999905
            ],
            [
              184441.81950000115,
              91159.380300002173
            ],
            [
              184447.68550000247,
              91151.582499999553
            ],
            [
              184453.00670000073,
              91146.305600000545
            ],
            [
              184458.58920000214,
              91141.549499999732
            ],
            [
              184465.67480000015,
              91136.755600001663
            ],
            [
              184467.01329999883,
              91128.73040000163
            ],
            [
              184463.38410000131,
              91121.400000000373
            ],
            [
              184462.16390000097,
              91114.580900002271
            ],
            [
              184463.51019999944,
              91107.3694000002
            ],
            [
              184469.15309999976,
              91100.928600003943
            ],
            [
              184479.7407000009,
              91088.843900002539
            ],
            [
              184487.66010000091,
              91079.804600002244
            ],
            [
              184498.47890000232,
              91066.600099999458
            ]
          ]
        ]
      }
    }
  ]
}