{
  "displayFieldName" : "",
  "fieldAliases" : {
    "FID" : "FID",
    "PMNTN_SN" : "PMNTN_SN",
    "MNTN_CODE" : "MNTN_CODE",
    "MNTN_NM" : "MNTN_NM",
    "PMNTN_NM" : "PMNTN_NM",
    "PMNTN_MAIN" : "PMNTN_MAIN",
    "PMNTN_LT" : "PMNTN_LT",
    "PMNTN_DFFL" : "PMNTN_DFFL",
    "PMNTN_UPPL" : "PMNTN_UPPL",
    "PMNTN_GODN" : "PMNTN_GODN",
    "PMNTN_MTRQ" : "PMNTN_MTRQ",
    "PMNTN_CNRL" : "PMNTN_CNRL",
    "PMNTN_CLS_" : "PMNTN_CLS_",
    "PMNTN_RISK" : "PMNTN_RISK",
    "PMNTN_RECO" : "PMNTN_RECO",
    "DATA_STDR_" : "DATA_STDR_",
    "MNTN_ID" : "MNTN_ID"
  },
  "geometryType" : "esriGeometryPolyline",
  "spatialReference" : {
    "wkt" : "PROJCS[\"PCS_ITRF2000_TM\",GEOGCS[\"GCS_ITRF_2000\",DATUM[\"D_ITRF_2000\",SPHEROID[\"GRS_1980\",6378137.0,298.257222101]],PRIMEM[\"Greenwich\",0.0],UNIT[\"Degree\",0.0174532925199433]],PROJECTION[\"Transverse_Mercator\"],PARAMETER[\"False_Easting\",200000.0],PARAMETER[\"False_Northing\",600000.0],PARAMETER[\"Central_Meridian\",127.0],PARAMETER[\"Scale_Factor\",1.0],PARAMETER[\"Latitude_Of_Origin\",38.0],UNIT[\"Meter\",1.0]]"
  },
  "fields" : [
    {
      "name" : "FID",
      "type" : "esriFieldTypeOID",
      "alias" : "FID"
    },
    {
      "name" : "PMNTN_SN",
      "type" : "esriFieldTypeDouble",
      "alias" : "PMNTN_SN"
    },
    {
      "name" : "MNTN_CODE",
      "type" : "esriFieldTypeString",
      "alias" : "MNTN_CODE",
      "length" : 9
    },
    {
      "name" : "MNTN_NM",
      "type" : "esriFieldTypeString",
      "alias" : "MNTN_NM",
      "length" : 50
    },
    {
      "name" : "PMNTN_NM",
      "type" : "esriFieldTypeString",
      "alias" : "PMNTN_NM",
      "length" : 50
    },
    {
      "name" : "PMNTN_MAIN",
      "type" : "esriFieldTypeString",
      "alias" : "PMNTN_MAIN",
      "length" : 200
    },
    {
      "name" : "PMNTN_LT",
      "type" : "esriFieldTypeSingle",
      "alias" : "PMNTN_LT"
    },
    {
      "name" : "PMNTN_DFFL",
      "type" : "esriFieldTypeString",
      "alias" : "PMNTN_DFFL",
      "length" : 8
    },
    {
      "name" : "PMNTN_UPPL",
      "type" : "esriFieldTypeDouble",
      "alias" : "PMNTN_UPPL"
    },
    {
      "name" : "PMNTN_GODN",
      "type" : "esriFieldTypeDouble",
      "alias" : "PMNTN_GODN"
    },
    {
      "name" : "PMNTN_MTRQ",
      "type" : "esriFieldTypeString",
      "alias" : "PMNTN_MTRQ",
      "length" : 200
    },
    {
      "name" : "PMNTN_CNRL",
      "type" : "esriFieldTypeString",
      "alias" : "PMNTN_CNRL",
      "length" : 1
    },
    {
      "name" : "PMNTN_CLS_",
      "type" : "esriFieldTypeString",
      "alias" : "PMNTN_CLS_",
      "length" : 1
    },
    {
      "name" : "PMNTN_RISK",
      "type" : "esriFieldTypeString",
      "alias" : "PMNTN_RISK",
      "length" : 200
    },
    {
      "name" : "PMNTN_RECO",
      "type" : "esriFieldTypeString",
      "alias" : "PMNTN_RECO",
      "length" : 1
    },
    {
      "name" : "DATA_STDR_",
      "type" : "esriFieldTypeString",
      "alias" : "DATA_STDR_",
      "length" : 10
    },
    {
      "name" : "MNTN_ID",
      "type" : "esriFieldTypeString",
      "alias" : "MNTN_ID",
      "length" : 10
    }
  ],
  "features" : [
    {
      "attributes" : {
        "FID" : 0,
        "PMNTN_SN" : 781,
        "MNTN_CODE" : "482500101",
        "MNTN_NM" : "각성산",
        "PMNTN_NM" : " ",
        "PMNTN_MAIN" : " ",
        "PMNTN_LT" : 0.35,
        "PMNTN_DFFL" : "쉬움",
        "PMNTN_UPPL" : 6,
        "PMNTN_GODN" : 4,
        "PMNTN_MTRQ" : " ",
        "PMNTN_CNRL" : " ",
        "PMNTN_CLS_" : " ",
        "PMNTN_RISK" : " ",
        "PMNTN_RECO" : " ",
        "DATA_STDR_" : "2016-12-31",
        "MNTN_ID" : "482500101"
      },
      "geometry" : {
        "paths" : [
          [
            [
              381232.57019999903,
              300510.91670000181
            ],
            [
              381234.92410000041,
              300508.37580000423
            ],
            [
              381236.52330000047,
              300505.08250000142
            ],
            [
              381238.13400000054,
              300499.87990000285
            ],
            [
              381240.34340000059,
              300489.20670000277
            ],
            [
              381241.30910000112,
              300485.57420000061
            ],
            [
              381243.16940000001,
              300482.34539999999
            ],
            [
              381247.1726000011,
              300481.36969999969
            ],
            [
              381250.46970000025,
              300483.01150000095
            ],
            [
              381253.09880000167,
              300485.11690000072
            ],
            [
              381258.28760000132,
              300490.34369999915
            ],
            [
              381267.84059999883,
              300501.33920000121
            ],
            [
              381271.18969999999,
              300504.97530000098
            ],
            [
              381277.02070000209,
              300511.18879999965
            ],
            [
              381283.05870000087,
              300518.14419999905
            ],
            [
              381289.45520000067,
              300526.00850000419
            ],
            [
              381296.93599999975,
              300535.67280000262
            ],
            [
              381311.78969999962,
              300556.46790000424
            ],
            [
              381317.3844000008,
              300563.56760000251
            ],
            [
              381330.6640000008,
              300579.48729999922
            ],
            [
              381336.54580000136,
              300587.16550000012
            ],
            [
              381339.54420000035,
              300591.55990000255
            ],
            [
              381342.68410000205,
              300596.60750000179
            ],
            [
              381355.56830000225,
              300618.96290000156
            ],
            [
              381358.96910000127,
              300624.19310000353
            ],
            [
              381362.2921000002,
              300628.75569999777
            ],
            [
              381366.17870000098,
              300633.49579999968
            ],
            [
              381370.76370000094,
              300638.5800000038
            ],
            [
              381386.4720999999,
              300654.55800000019
            ],
            [
              381391.99940000009,
              300660.44349999912
            ],
            [
              381405.79730000161,
              300675.41610000096
            ],
            [
              381409.60879999958,
              300679.96760000102
            ],
            [
              381412.79449999891,
              300684.20929999836
            ],
            [
              381416.597000001,
              300689.97720000148
            ],
            [
              381420.37840000074,
              300696.46000000089
            ],
            [
              381424.23380000051,
              300703.80839999765
            ],
            [
              381428.63839999959,
              300712.92640000023
            ],
            [
              381432.78540000226,
              300722.24350000173
            ],
            [
              381436.56030000001,
              300731.74099999852
            ]
          ]
        ]
      }
    },
    {
      "attributes" : {
        "FID" : 1,
        "PMNTN_SN" : 782,
        "MNTN_CODE" : "482500101",
        "MNTN_NM" : "각성산",
        "PMNTN_NM" : "덕산리구간",
        "PMNTN_MAIN" : " ",
        "PMNTN_LT" : 0.05,
        "PMNTN_DFFL" : "쉬움",
        "PMNTN_UPPL" : 1,
        "PMNTN_GODN" : 1,
        "PMNTN_MTRQ" : " ",
        "PMNTN_CNRL" : " ",
        "PMNTN_CLS_" : " ",
        "PMNTN_RISK" : " ",
        "PMNTN_RECO" : " ",
        "DATA_STDR_" : "2016-12-31",
        "MNTN_ID" : "482500101"
      },
      "geometry" : {
        "paths" : [
          [
            [
              380799.83390000183,
              300727.78000000119
            ],
            [
              380810.99890000094,
              300738.42049999908
            ],
            [
              380821.61920000147,
              300749.56540000252
            ],
            [
              380828.41690000053,
              300756.24479999952
            ],
            [
              380830.51510000043,
              300758.49280000106
            ],
            [
              380832.32370000053,
              300760.85750000179
            ],
            [
              380833.50210000109,
              300763.42879999988
            ]
          ]
        ]
      }
    },
    {
      "attributes" : {
        "FID" : 2,
        "PMNTN_SN" : 783,
        "MNTN_CODE" : "482500101",
        "MNTN_NM" : "각성산",
        "PMNTN_NM" : " ",
        "PMNTN_MAIN" : " ",
        "PMNTN_LT" : 0.5,
        "PMNTN_DFFL" : "쉬움",
        "PMNTN_UPPL" : 9,
        "PMNTN_GODN" : 6,
        "PMNTN_MTRQ" : " ",
        "PMNTN_CNRL" : " ",
        "PMNTN_CLS_" : " ",
        "PMNTN_RISK" : " ",
        "PMNTN_RECO" : " ",
        "DATA_STDR_" : "2016-12-31",
        "MNTN_ID" : "482500101"
      },
      "geometry" : {
        "paths" : [
          [
            [
              381436.56030000001,
              300731.74099999852
            ],
            [
              381432.98290000018,
              300732.05080000125
            ],
            [
              381425.15770000219,
              300738.1185999997
            ],
            [
              381420.69270000048,
              300739.40179999918
            ],
            [
              381417.21330000088,
              300735.33740000054
            ],
            [
              381414.17540000007,
              300727.57200000249
            ],
            [
              381412.79449999891,
              300724.80930000357
            ],
            [
              381403.71060000081,
              300709.502700001
            ],
            [
              381400.80850000028,
              300705.19570000097
            ],
            [
              381398.05900000129,
              300701.65200000256
            ],
            [
              381395.07770000119,
              300698.46890000068
            ],
            [
              381392.10600000061,
              300696.00350000151
            ],
            [
              381389.1061000023,
              300694.22479999997
            ],
            [
              381384.75700000115,
              300692.88570000045
            ],
            [
              381380.56680000015,
              300692.46000000089
            ],
            [
              381377.41219999921,
              300692.55390000157
            ],
            [
              381374.02710000053,
              300692.93029999733
            ],
            [
              381370.42510000058,
              300693.59130000323
            ],
            [
              381366.7062999988,
              300694.52170000039
            ],
            [
              381362.96030000038,
              300695.69940000214
            ],
            [
              381359.32130000088,
              300697.08250000142
            ],
            [
              381356.206100001,
              300698.59050000086
            ],
            [
              381352.86450000107,
              300700.63310000114
            ],
            [
              381341.49700000044,
              300708.96539999917
            ],
            [
              381324.74550000206,
              300720.35370000266
            ],
            [
              381319.87270000018,
              300724.12410000153
            ],
            [
              381315.75060000084,
              300727.78000000119
            ],
            [
              381312.12129999977,
              300731.41980000027
            ],
            [
              381308.58560000081,
              300735.29089999944
            ],
            [
              381305.1659000013,
              300739.36889999919
            ],
            [
              381301.88720000163,
              300743.62390000187
            ],
            [
              381297.17140000034,
              300749.55470000207
            ],
            [
              381295.32899999991,
              300752.14090000279
            ],
            [
              381293.82220000029,
              300754.89910000004
            ],
            [
              381292.92770000175,
              300759.34180000052
            ],
            [
              381293.84730000049,
              300769.7778000012
            ],
            [
              381289.28750000056,
              300773.2002000045
            ],
            [
              381279.99239999987,
              300774.82149999775
            ],
            [
              381276.9852,
              300775.88770000078
            ],
            [
              381273.19230000023,
              300778.48560000397
            ],
            [
              381270.19830000121,
              300781.37439999916
            ],
            [
              381267.24700000044,
              300784.7965000011
            ],
            [
              381262.27750000078,
              300791.15560000204
            ],
            [
              381259.12820000108,
              300795.68429999985
            ],
            [
              381252.7256000014,
              300806.46480000019
            ],
            [
              381249.40429999959,
              300810.96050000004
            ],
            [
              381243.98070000019,
              300817.09500000067
            ],
            [
              381239.75270000007,
              300821.24770000204
            ],
            [
              381235.63980000094,
              300824.48069999926
            ],
            [
              381230.36400000192,
              300827.2789000012
            ],
            [
              381222.66779999994,
              300829.77510000207
            ],
            [
              381219.64190000016,
              300831.09060000069
            ],
            [
              381216.37370000035,
              300832.85400000401
            ],
            [
              381206.03540000133,
              300839.49760000408
            ],
            [
              381202.26559999958,
              300841.70610000007
            ],
            [
              381198.48699999973,
              300843.48389999941
            ],
            [
              381194.94099999964,
              300844.6286999993
            ],
            [
              381191.56130000018,
              300845.33259999938
            ],
            [
              381188.01930000167,
              300845.83960000053
            ],
            [
              381184.3423000006,
              300846.14570000209
            ],
            [
              381180.56420000084,
              300846.24799999967
            ],
            [
              381176.71570000052,
              300846.14530000277
            ],
            [
              381172.84640000109,
              300845.83830000274
            ],
            [
              381169.00250000134,
              300845.33060000092
            ],
            [
              381165.23370000068,
              300844.6286999993
            ],
            [
              381160.1640000008,
              300843.35580000095
            ],
            [
              381155.26680000126,
              300841.75139999762
            ],
            [
              381150.65850000083,
              300839.85410000011
            ],
            [
              381146.41900000069,
              300837.69700000249
            ],
            [
              381142.89829999954,
              300835.46729999781
            ],
            [
              381139.20740000159,
              300832.64719999954
            ],
            [
              381135.34159999993,
              300829.27009999938
            ],
            [
              381129.58490000106,
              300823.83360000141
            ],
            [
              381126.3955000015,
              300820.23790000193
            ],
            [
              381120.76190000121,
              300812.3377000019
            ],
            [
              381118.34950000048,
              300809.33369999938
            ],
            [
              381114.51580000017,
              300806.0436000023
            ],
            [
              381109.73680000007,
              300804.08590000123
            ],
            [
              381104.96460000146,
              300803.50229999982
            ],
            [
              381097.77109999955,
              300803.80450000055
            ],
            [
              381088.98489999957,
              300805.01899999939
            ],
            [
              381085.35360000003,
              300805.69630000368
            ],
            [
              381081.34250000026,
              300806.72500000335
            ],
            [
              381068.18979999982,
              300810.96050000004
            ],
            [
              381055.95880000014,
              300815.4558000043
            ],
            [
              381053.13099999912,
              300816.30880000256
            ],
            [
              381050.36540000048,
              300816.90190000087
            ]
          ]
        ]
      }
    },
    {
      "attributes" : {
        "FID" : 3,
        "PMNTN_SN" : 784,
        "MNTN_CODE" : "482500101",
        "MNTN_NM" : "각성산",
        "PMNTN_NM" : " ",
        "PMNTN_MAIN" : " ",
        "PMNTN_LT" : 1.51,
        "PMNTN_DFFL" : "쉬움",
        "PMNTN_UPPL" : 27,
        "PMNTN_GODN" : 19,
        "PMNTN_MTRQ" : " ",
        "PMNTN_CNRL" : " ",
        "PMNTN_CLS_" : " ",
        "PMNTN_RISK" : " ",
        "PMNTN_RECO" : " ",
        "DATA_STDR_" : "2016-12-31",
        "MNTN_ID" : "482500101"
      },
      "geometry" : {
        "paths" : [
          [
            [
              380833.50210000109,
              300763.42879999988
            ],
            [
              380833.56450000033,
              300767.53869999945
            ],
            [
              380830.66670000181,
              300773.70010000095
            ],
            [
              380827.9327999996,
              300777.31860000268
            ],
            [
              380818.74460000079,
              300787.84830000252
            ],
            [
              380815.67770000082,
              300792.14580000192
            ],
            [
              380801.88100000005,
              300815.09109999985
            ],
            [
              380797.5680000009,
              300822.75870000198
            ],
            [
              380793.89240000118,
              300829.77510000207
            ],
            [
              380791.11419999972,
              300835.58830000274
            ],
            [
              380782.99970000051,
              300853.54089999944
            ],
            [
              380779.32359999977,
              300861.3189000003
            ],
            [
              380777.05830000062,
              300865.42390000075
            ],
            [
              380774.95959999971,
              300868.54839999974
            ],
            [
              380772.56159999967,
              300871.64259999804
            ],
            [
              380769.85970000084,
              300874.71270000376
            ],
            [
              380766.84549999982,
              300877.76820000075
            ],
            [
              380763.52280000132,
              300880.80739999935
            ],
            [
              380759.85639999993,
              300883.86470000073
            ],
            [
              380751.31190000009,
              300890.17989999987
            ],
            [
              380747.2126000002,
              300892.53020000085
            ],
            [
              380739.16930000018,
              300896.11320000142
            ],
            [
              380736.24400000088,
              300897.57070000097
            ],
            [
              380732.52960000001,
              300900.17210000195
            ],
            [
              380729.53120000102,
              300903.68960000388
            ],
            [
              380728.02309999987,
              300906.81680000201
            ],
            [
              380726.96829999983,
              300910.48280000128
            ],
            [
              380726.34770000167,
              300914.75230000354
            ],
            [
              380726.1528000012,
              300918.65410000086
            ],
            [
              380726.21460000053,
              300923.16080000065
            ],
            [
              380727.36620000098,
              300939.50890000165
            ],
            [
              380727.54609999992,
              300945.63360000029
            ],
            [
              380727.59570000134,
              300955.17840000242
            ],
            [
              380727.94270000141,
              300964.47560000233
            ],
            [
              380728.58660000004,
              300973.51080000028
            ],
            [
              380729.52660000045,
              300982.27260000259
            ],
            [
              380731.10479999986,
              300993.33460000157
            ],
            [
              380732.91630000062,
              301003.27460000291
            ],
            [
              380735.02130000107,
              301012.42130000144
            ],
            [
              380737.44850000087,
              301020.89210000262
            ],
            [
              380739.80320000183,
              301027.70740000159
            ],
            [
              380742.6623999998,
              301034.9226000011
            ],
            [
              380746.08320000209,
              301042.68910000101
            ],
            [
              380750.3217000002,
              301051.58959999867
            ],
            [
              380754.56960000191,
              301059.97619999945
            ],
            [
              380758.74399999995,
              301067.63750000112
            ],
            [
              380762.92610000074,
              301074.7221999988
            ],
            [
              380767.15580000076,
              301081.29690000042
            ],
            [
              380773.6595999999,
              301091.9766000025
            ],
            [
              380776.4123000009,
              301095.99190000072
            ],
            [
              380778.84840000048,
              301098.79850000329
            ],
            [
              380782.1539000012,
              301101.54480000027
            ],
            [
              380785.85890000127,
              301103.32909999974
            ],
            [
              380790.44600000046,
              301104.43580000103
            ],
            [
              380797.09439999983,
              301104.99540000036
            ],
            [
              380807.75580000225,
              301105.06270000152
            ],
            [
              380817.57940000109,
              301105.6305999998
            ],
            [
              380821.82160000037,
              301105.64460000023
            ],
            [
              380826.51070000045,
              301104.63680000417
            ],
            [
              380828.50299999956,
              301102.36160000414
            ],
            [
              380828.39100000076,
              301098.87410000153
            ],
            [
              380826.54500000179,
              301093.4179999996
            ],
            [
              380821.33229999989,
              301081.75060000271
            ],
            [
              380819.96060000081,
              301077.5856000036
            ],
            [
              380817.12140000053,
              301065.03980000131
            ],
            [
              380816.23629999999,
              301059.90630000271
            ],
            [
              380816.02269999962,
              301055.53810000047
            ],
            [
              380817.03900000174,
              301052.27759999968
            ],
            [
              380819.59729999956,
              301050.22810000367
            ],
            [
              380823.23140000086,
              301049.82330000028
            ],
            [
              380827.16920000128,
              301050.29630000144
            ],
            [
              380830.99050000217,
              301051.16939999908
            ],
            [
              380835.57280000113,
              301052.51520000212
            ],
            [
              380853.03210000228,
              301058.60620000213
            ],
            [
              380859.24849999975,
              301060.50180000253
            ],
            [
              380876.8104000017,
              301064.2946000006
            ],
            [
              380883.81830000225,
              301066.20030000433
            ],
            [
              380887.39910000097,
              301067.50030000135
            ],
            [
              380890.57070000097,
              301068.94830000214
            ],
            [
              380893.39100000076,
              301070.57110000215
            ],
            [
              380895.88750000112,
              301072.38470000215
            ],
            [
              380899.21480000019,
              301075.56170000136
            ],
            [
              380902.53080000076,
              301079.66510000266
            ],
            [
              380905.58000000101,
              301084.18779999763
            ],
            [
              380911.73140000179,
              301094.17010000162
            ],
            [
              380916.36429999862,
              301101.7985999994
            ],
            [
              380922.62400000077,
              301112.98470000178
            ],
            [
              380931.34010000061,
              301129.97330000252
            ],
            [
              380934.50700000022,
              301135.76030000113
            ],
            [
              380946.38989999983,
              301154.57489999942
            ],
            [
              380948.48000000231,
              301158.49469999969
            ],
            [
              380952.75609999988,
              301167.9141000025
            ],
            [
              380954.70800000057,
              301171.74430000223
            ],
            [
              380957.831100001,
              301176.01440000162
            ],
            [
              380962.33880000096,
              301178.44490000233
            ],
            [
              380967.39609999862,
              301177.9450000003
            ],
            [
              380970.8712000018,
              301176.32460000366
            ],
            [
              380973.99949999992,
              301174.3563000001
            ],
            [
              380977.61120000109,
              301171.68770000339
            ],
            [
              380990.98420000169,
              301160.53759999946
            ],
            [
              380996.49890000187,
              301156.28649999946
            ],
            [
              381001.95970000047,
              301152.79609999992
            ],
            [
              381005.61849999987,
              301151.08120000176
            ],
            [
              381011.39119999949,
              301149.20660000108
            ],
            [
              381016.62550000008,
              301147.90450000204
            ],
            [
              381037.49230000097,
              301143.68220000155
            ],
            [
              381061.79890000075,
              301138.20090000145
            ],
            [
              381075.12150000036,
              301134.77000000328
            ],
            [
              381087.14979999978,
              301130.98029999994
            ],
            [
              381109.57739999983,
              301122.97910000198
            ],
            [
              381118.6922000004,
              301119.91640000232
            ],
            [
              381126.1838000007,
              301117.77180000208
            ],
            [
              381142.19060000125,
              301113.85790000297
            ],
            [
              381149.04870000109,
              301111.99579999782
            ],
            [
              381156.12830000091,
              301109.64670000225
            ],
            [
              381162.26290000137,
              301107.04320000112
            ],
            [
              381166.80250000209,
              301104.57389999926
            ],
            [
              381176.65610000119,
              301098.45530000143
            ],
            [
              381181.07749999966,
              301096.15060000122
            ],
            [
              381184.73440000042,
              301094.62969999947
            ],
            [
              381188.64989999961,
              301093.27300000004
            ],
            [
              381192.8638000004,
              301092.06640000455
            ],
            [
              381197.45660000015,
              301090.98669999838
            ],
            [
              381206.09380000178,
              301089.41750000045
            ],
            [
              381227.61899999995,
              301086.24810000323
            ],
            [
              381249.10380000155,
              301082.37000000104
            ],
            [
              381260.42870000005,
              301080.64290000126
            ],
            [
              381271.30580000114,
              301079.56560000405
            ],
            [
              381281.09209999908,
              301079.31640000269
            ],
            [
              381285.07299999986,
              301079.63440000266
            ],
            [
              381289.59260000102,
              301080.47490000166
            ],
            [
              381294.208800002,
              301081.67300000228
            ],
            [
              381306.28149999958,
              301085.2175999973
            ],
            [
              381309.7667000005,
              301086.04440000094
            ],
            [
              381312.83060000185,
              301086.5775000006
            ],
            [
              381316.24420000054,
              301086.86429999955
            ],
            [
              381319.31789999921,
              301086.74240000173
            ],
            [
              381323.38839999959,
              301085.73350000009
            ],
            [
              381328.08940000087,
              301083.19280000217
            ],
            [
              381331.70050000027,
              301080.16460000165
            ],
            [
              381335.12420000043,
              301076.66210000217
            ],
            [
              381342.48720000125,
              301068.42369999923
            ],
            [
              381346.27419999987,
              301063.92630000226
            ],
            [
              381355.01630000118,
              301052.16039999947
            ],
            [
              381357.68800000101,
              301049.12860000134
            ],
            [
              381360.31159999967,
              301046.63840000145
            ],
            [
              381364.10920000076,
              301043.66820000112
            ],
            [
              381368.55979999993,
              301040.70969999954
            ],
            [
              381373.71200000215,
              301037.70780000091
            ],
            [
              381381.10670000128,
              301033.76520000026
            ],
            [
              381383.79770000093,
              301032.48890000209
            ],
            [
              381386.91029999871,
              301031.2677000016
            ],
            [
              381398.09470000118,
              301027.68260000274
            ],
            [
              381402.34880000167,
              301026.11420000345
            ],
            [
              381406.45220000111,
              301024.13639999926
            ],
            [
              381409.82380000036,
              301021.8823000025
            ],
            [
              381412.22270000074,
              301019.79650000297
            ],
            [
              381414.7304999996,
              301017.24750000425
            ],
            [
              381421.70670000091,
              301009.00910000131
            ],
            [
              381437.15359999985,
              300991.89479999989
            ],
            [
              381440.84939999972,
              300987.29670000449
            ],
            [
              381443.73620000016,
              300983.12219999731
            ],
            [
              381446.20290000085,
              300978.62930000015
            ],
            [
              381447.79730000068,
              300974.38580000214
            ],
            [
              381448.40910000075,
              300971.33270000294
            ],
            [
              381448.52080000099,
              300967.39490000159
            ],
            [
              381447.50999999978,
              300963.34630000405
            ],
            [
              381442.86620000005,
              300954.99929999933
            ],
            [
              381441.15969999973,
              300951.12759999931
            ],
            [
              381440.61960000079,
              300946.69519999996
            ],
            [
              381441.23109999951,
              300943.71799999848
            ],
            [
              381444.11300000083,
              300935.91020000167
            ],
            [
              381445.46899999958,
              300929.90340000205
            ],
            [
              381444.34460000042,
              300915.33570000157
            ],
            [
              381445.86780000106,
              300907.97560000233
            ],
            [
              381448.94800000172,
              300901.72410000116
            ],
            [
              381453.62660000101,
              300889.38519999757
            ],
            [
              381455.22320000175,
              300885.61910000071
            ],
            [
              381456.56549999956,
              300880.98060000129
            ],
            [
              381457.33900000155,
              300877.1724999994
            ],
            [
              381461.81699999981,
              300859.69530000165
            ],
            [
              381463.0206000004,
              300844.08090000413
            ],
            [
              381461.23920000065,
              300828.50800000131
            ],
            [
              381463.22270000074,
              300810.95670000091
            ],
            [
              381460.59810000099,
              300798.88209999911
            ],
            [
              381454.79829999991,
              300772.20100000128
            ],
            [
              381451.66820000112,
              300761.7117999997
            ],
            [
              381449.64940000046,
              300755.74129999988
            ],
            [
              381447.47350000031,
              300750.30140000395
            ],
            [
              381445.09920000006,
              300745.28880000114
            ],
            [
              381442.50180000067,
              300740.65320000239
            ],
            [
              381438.84829999972,
              300733.77759999968
            ],
            [
              381436.56030000001,
              300731.74099999852
            ]
          ]
        ]
      }
    },
    {
      "attributes" : {
        "FID" : 4,
        "PMNTN_SN" : 785,
        "MNTN_CODE" : "482500101",
        "MNTN_NM" : "각성산",
        "PMNTN_NM" : " ",
        "PMNTN_MAIN" : " ",
        "PMNTN_LT" : 0.55,
        "PMNTN_DFFL" : "쉬움",
        "PMNTN_UPPL" : 10,
        "PMNTN_GODN" : 7,
        "PMNTN_MTRQ" : " ",
        "PMNTN_CNRL" : " ",
        "PMNTN_CLS_" : " ",
        "PMNTN_RISK" : " ",
        "PMNTN_RECO" : " ",
        "DATA_STDR_" : "2016-12-31",
        "MNTN_ID" : "482500101"
      },
      "geometry" : {
        "paths" : [
          [
            [
              380939.57700000145,
              300813.09940000065
            ],
            [
              380939.57390000019,
              300807.35519999824
            ],
            [
              380940.21320000105,
              300801.94820000231
            ],
            [
              380941.49490000121,
              300796.87839999981
            ],
            [
              380944.13780000061,
              300790.98110000044
            ],
            [
              380946.88260000013,
              300787.49840000272
            ],
            [
              380949.42890000064,
              300785.20190000162
            ],
            [
              380957.4076000005,
              300778.7555999998
            ],
            [
              380960.42059999984,
              300775.42160000093
            ],
            [
              380962.66899999976,
              300771.82829999924
            ],
            [
              380964.05630000215,
              300768.90619999915
            ],
            [
              380968.17519999947,
              300758.47760000266
            ],
            [
              380972.22230000049,
              300748.47149999999
            ],
            [
              380975.10690000094,
              300740.65320000239
            ],
            [
              380979.42160000186,
              300729.67950000055
            ],
            [
              380980.8722000001,
              300725.40750000253
            ],
            [
              380981.86640000157,
              300720.88770000264
            ],
            [
              380982.03860000148,
              300716.88729999959
            ],
            [
              380981.40689999983,
              300712.97199999914
            ],
            [
              380979.94670000114,
              300708.62879999913
            ],
            [
              380977.94780000113,
              300704.29949999973
            ],
            [
              380973.12640000135,
              300695.10200000182
            ],
            [
              380971.07650000136,
              300691.29130000249
            ],
            [
              380966.15290000103,
              300682.97049999982
            ],
            [
              380964.21430000104,
              300679.25810000114
            ],
            [
              380960.86870000046,
              300672.10089999996
            ],
            [
              380959.26300000027,
              300667.37519999966
            ],
            [
              380958.46710000187,
              300663.59490000457
            ],
            [
              380957.90039999969,
              300659.67230000347
            ],
            [
              380957.6074000001,
              300655.92159999907
            ],
            [
              380957.59869999997,
              300652.49560000002
            ],
            [
              380957.86639999878,
              300649.55370000191
            ],
            [
              380958.80159999989,
              300646.08000000194
            ],
            [
              380960.90450000111,
              300643.11620000005
            ],
            [
              380964.35930000152,
              300641.71680000238
            ],
            [
              380968.05540000182,
              300641.37130000256
            ],
            [
              380974.02310000081,
              300641.80520000122
            ],
            [
              380985.99960000068,
              300643.60930000059
            ],
            [
              380988.82580000069,
              300644.25580000132
            ],
            [
              380996.26150000095,
              300646.75109999999
            ],
            [
              381000.23540000059,
              300646.92730000243
            ],
            [
              381001.5700000003,
              300644.26840000041
            ],
            [
              381000.85330000054,
              300634.69710000046
            ],
            [
              380999.8629999999,
              300625.78500000015
            ],
            [
              380999.86600000132,
              300618.08440000191
            ],
            [
              381000.47620000131,
              300612.3217999991
            ],
            [
              381001.41359999962,
              300608.73430000246
            ],
            [
              381003.26800000016,
              300604.84290000051
            ],
            [
              381006.20239999983,
              300601.37570000254
            ],
            [
              381009.03610000014,
              300599.00280000269
            ],
            [
              381011.95309999958,
              300597.18890000321
            ],
            [
              381015.62430000119,
              300595.98179999925
            ],
            [
              381018.69420000166,
              300596.23460000195
            ],
            [
              381021.53010000009,
              300597.23330000229
            ],
            [
              381028.53830000106,
              300600.417600004
            ],
            [
              381033.46259999927,
              300600.79490000382
            ],
            [
              381035.78110000119,
              300597.62250000052
            ],
            [
              381036.3088999996,
              300594.43040000089
            ],
            [
              381036.82809999958,
              300586.40530000068
            ],
            [
              381037.25690000039,
              300583.05709999986
            ],
            [
              381038.783400001,
              300579.14970000274
            ],
            [
              381041.61569999997,
              300576.97190000117
            ],
            [
              381045.48290000018,
              300575.97409999929
            ],
            [
              381054.46050000004,
              300581.88419999927
            ],
            [
              381062.1453999998,
              300581.47890000232
            ],
            [
              381070.67619999964,
              300581.49209999852
            ],
            [
              381079.87640000042,
              300581.65369999968
            ],
            [
              381091.61849999987,
              300581.9272000026
            ],
            [
              381099.67009999976,
              300581.49209999852
            ],
            [
              381109.7154000001,
              300580.84390000068
            ],
            [
              381116.6539000012,
              300579.12399999984
            ],
            [
              381121.70110000018,
              300576.65020000003
            ],
            [
              381134.39449999947,
              300568.1967999991
            ],
            [
              381144.4888000004,
              300555.90890000015
            ],
            [
              381150.46439999994,
              300545.13549999893
            ],
            [
              381152.36050000135,
              300541.61430000328
            ],
            [
              381156.94340000022,
              300534.35230000131
            ],
            [
              381160.00570000056,
              300530.17590000108
            ],
            [
              381163.88779999875,
              300526.33080000244
            ],
            [
              381168.06850000098,
              300524.10979999974
            ],
            [
              381172.87550000008,
              300523.40610000119
            ],
            [
              381176.66740000062,
              300523.63189999945
            ],
            [
              381186.71990000084,
              300524.86300000362
            ],
            [
              381190.74899999984,
              300524.86590000428
            ],
            [
              381198.24260000046,
              300523.69109999947
            ],
            [
              381204.87459999975,
              300522.0297000017
            ],
            [
              381211.94570000097,
              300519.77750000171
            ],
            [
              381219.69700000063,
              300516.85820000246
            ],
            [
              381229.16170000099,
              300513.01080000028
            ],
            [
              381232.57019999903,
              300510.91670000181
            ]
          ]
        ]
      }
    },
    {
      "attributes" : {
        "FID" : 5,
        "PMNTN_SN" : 786,
        "MNTN_CODE" : "482500101",
        "MNTN_NM" : "각성산",
        "PMNTN_NM" : " ",
        "PMNTN_MAIN" : " ",
        "PMNTN_LT" : 0.13,
        "PMNTN_DFFL" : "쉬움",
        "PMNTN_UPPL" : 2,
        "PMNTN_GODN" : 2,
        "PMNTN_MTRQ" : " ",
        "PMNTN_CNRL" : " ",
        "PMNTN_CLS_" : " ",
        "PMNTN_RISK" : " ",
        "PMNTN_RECO" : " ",
        "DATA_STDR_" : "2016-12-31",
        "MNTN_ID" : "482500101"
      },
      "geometry" : {
        "paths" : [
          [
            [
              380939.57700000145,
              300813.09940000065
            ],
            [
              380936.37910000142,
              300815.72930000164
            ],
            [
              380930.76970000099,
              300818.3479999993
            ],
            [
              380926.6809000019,
              300819.44340000115
            ],
            [
              380923.77319999877,
              300819.92580000125
            ],
            [
              380920.7686999999,
              300820.21390000172
            ],
            [
              380917.72429999989,
              300820.30160000175
            ],
            [
              380914.69269999955,
              300820.18710000254
            ],
            [
              380911.73140000179,
              300819.87270000391
            ],
            [
              380908.54270000011,
              300819.28170000203
            ],
            [
              380905.26970000006,
              300818.40599999949
            ],
            [
              380902.00449999981,
              300817.26980000362
            ],
            [
              380898.8582000006,
              300815.91170000099
            ],
            [
              380895.41640000232,
              300813.86160000414
            ],
            [
              380891.95069999993,
              300810.96040000021
            ],
            [
              380888.89460000023,
              300807.79170000367
            ],
            [
              380881.85700000171,
              300799.76920000277
            ],
            [
              380878.06310000084,
              300796.10679999925
            ],
            [
              380870.12740000151,
              300789.76110000163
            ],
            [
              380857.26800000109,
              300780.26289999858
            ],
            [
              380845.46410000045,
              300771.73830000125
            ],
            [
              380833.50210000109,
              300763.42879999988
            ]
          ]
        ]
      }
    },
    {
      "attributes" : {
        "FID" : 6,
        "PMNTN_SN" : 787,
        "MNTN_CODE" : "482500101",
        "MNTN_NM" : "각성산",
        "PMNTN_NM" : " ",
        "PMNTN_MAIN" : " ",
        "PMNTN_LT" : 0.42,
        "PMNTN_DFFL" : "쉬움",
        "PMNTN_UPPL" : 7,
        "PMNTN_GODN" : 5,
        "PMNTN_MTRQ" : " ",
        "PMNTN_CNRL" : " ",
        "PMNTN_CLS_" : " ",
        "PMNTN_RISK" : " ",
        "PMNTN_RECO" : " ",
        "DATA_STDR_" : "2016-12-31",
        "MNTN_ID" : "482500101"
      },
      "geometry" : {
        "paths" : [
          [
            [
              381050.36540000048,
              300816.90190000087
            ],
            [
              381052.09229999967,
              300806.93400000222
            ],
            [
              381054.3264000006,
              300797.09710000269
            ],
            [
              381056.41330000106,
              300785.59990000166
            ],
            [
              381057.41110000107,
              300781.60229999945
            ],
            [
              381058.61519999895,
              300778.70820000023
            ],
            [
              381060.67050000187,
              300775.87610000186
            ],
            [
              381064.10730000027,
              300773.93060000055
            ],
            [
              381067.68130000029,
              300773.12790000066
            ],
            [
              381074.53370000049,
              300772.29289999977
            ],
            [
              381078.0922000017,
              300771.3507000003
            ],
            [
              381080.72369999997,
              300770.14240000211
            ],
            [
              381083.52520000096,
              300768.52080000192
            ],
            [
              381093.00160000101,
              300761.8673000019
            ],
            [
              381096.90690000076,
              300759.46780000255
            ],
            [
              381100.73530000076,
              300757.58180000074
            ],
            [
              381109.70799999963,
              300753.6417999994
            ],
            [
              381114.8273,
              300750.83589999937
            ],
            [
              381118.22080000024,
              300748.3116999995
            ],
            [
              381125.64800000098,
              300741.45890000276
            ],
            [
              381128.52200000081,
              300739.055999998
            ],
            [
              381131.58160000108,
              300737.02679999918
            ],
            [
              381135.7508000005,
              300735.42070000432
            ],
            [
              381139.84480000008,
              300734.95419999957
            ],
            [
              381149.36960000079,
              300735.64320000075
            ],
            [
              381152.46400000062,
              300735.68439999968
            ],
            [
              381156.1985000018,
              300735.04709999822
            ],
            [
              381160.45300000161,
              300732.97430000268
            ],
            [
              381163.67489999905,
              300730.3387000002
            ],
            [
              381166.33540000115,
              300727.61370000057
            ],
            [
              381174.14580000099,
              300718.86780000292
            ],
            [
              381181.77910000086,
              300711.00970000029
            ],
            [
              381190.98000000045,
              300701.04350000247
            ],
            [
              381204.14730000123,
              300686.17770000175
            ],
            [
              381214.74580000062,
              300673.31660000049
            ],
            [
              381224.83920000028,
              300660.04279999994
            ],
            [
              381233.56039999984,
              300647.57030000165
            ],
            [
              381242.89199999906,
              300634.53170000203
            ],
            [
              381246.38660000078,
              300629.1827000007
            ],
            [
              381248.06659999955,
              300626.20030000061
            ],
            [
              381249.44479999971,
              300623.35119999945
            ],
            [
              381250.54730000161,
              300620.58149999753
            ],
            [
              381251.38480000012,
              300617.8629999999
            ],
            [
              381252.05520000122,
              300613.71699999832
            ],
            [
              381252.55960000027,
              300604.10170000419
            ],
            [
              381253.36529999878,
              300600.03860000148
            ],
            [
              381254.42900000047,
              300597.39680000208
            ],
            [
              381257.84609999973,
              300590.41510000266
            ],
            [
              381259.01040000096,
              300585.51090000011
            ],
            [
              381259.23770000134,
              300581.35140000097
            ],
            [
              381259.04110000096,
              300576.7351000011
            ],
            [
              381258.31650000066,
              300569.34109999985
            ],
            [
              381257.57589999959,
              300563.5708000008
            ],
            [
              381256.49480000138,
              300557.80700000189
            ],
            [
              381255.08590000123,
              300552.11660000309
            ],
            [
              381253.36529999878,
              300546.56550000049
            ],
            [
              381252.2034,
              300543.7797000017
            ],
            [
              381248.66060000006,
              300536.74870000221
            ],
            [
              381247.65270000137,
              300533.67400000058
            ],
            [
              381247.3191000009,
              300530.45979999937
            ],
            [
              381247.72369999904,
              300525.128800001
            ],
            [
              381247.02970000077,
              300521.80030000396
            ],
            [
              381244.84260000009,
              300518.09590000287
            ],
            [
              381241.43450000137,
              300514.97850000113
            ],
            [
              381238.11519999988,
              300513.00720000453
            ],
            [
              381235.4952999996,
              300511.88859999925
            ],
            [
              381232.57019999903,
              300510.91670000181
            ]
          ]
        ]
      }
    },
    {
      "attributes" : {
        "FID" : 7,
        "PMNTN_SN" : 788,
        "MNTN_CODE" : "482500101",
        "MNTN_NM" : "각성산",
        "PMNTN_NM" : " ",
        "PMNTN_MAIN" : " ",
        "PMNTN_LT" : 0.11,
        "PMNTN_DFFL" : "쉬움",
        "PMNTN_UPPL" : 2,
        "PMNTN_GODN" : 1,
        "PMNTN_MTRQ" : " ",
        "PMNTN_CNRL" : " ",
        "PMNTN_CLS_" : " ",
        "PMNTN_RISK" : " ",
        "PMNTN_RECO" : " ",
        "DATA_STDR_" : "2016-12-31",
        "MNTN_ID" : "482500101"
      },
      "geometry" : {
        "paths" : [
          [
            [
              381050.36540000048,
              300816.90190000087
            ],
            [
              381047.43350000028,
              300817.25449999981
            ],
            [
              381044.33900000062,
              300817.36040000245
            ],
            [
              381041.05090000015,
              300817.22089999914
            ],
            [
              381037.5075000003,
              300816.83359999955
            ],
            [
              381030.91190000158,
              300815.6416000016
            ],
            [
              381014.71669999976,
              300811.95069999993
            ],
            [
              381008.39639999997,
              300810.4373000022
            ],
            [
              380996.50659999996,
              300806.84270000085
            ],
            [
              380991.67080000043,
              300805.53500000387
            ],
            [
              380986.61970000155,
              300804.51410000399
            ],
            [
              380982.03860000148,
              300804.02879999951
            ],
            [
              380978.04050000012,
              300803.93980000168
            ],
            [
              380973.69940000121,
              300804.06930000149
            ],
            [
              380963.22400000039,
              300805.01899999939
            ],
            [
              380952.44990000129,
              300806.2172000017
            ],
            [
              380949.17370000016,
              300806.96829999983
            ],
            [
              380946.38989999983,
              300807.9897000026
            ],
            [
              380943.66730000079,
              300809.64479999989
            ],
            [
              380939.57700000145,
              300813.09940000065
            ]
          ]
        ]
      }
    }
  ]
}