{
  "displayFieldName" : "",
  "fieldAliases" : {
    "FID" : "FID",
    "PMNTN_SN" : "PMNTN_SN",
    "MNTN_CODE" : "MNTN_CODE",
    "MNTN_NM" : "MNTN_NM",
    "PMNTN_NM" : "PMNTN_NM",
    "PMNTN_MAIN" : "PMNTN_MAIN",
    "PMNTN_LT" : "PMNTN_LT",
    "PMNTN_DFFL" : "PMNTN_DFFL",
    "PMNTN_UPPL" : "PMNTN_UPPL",
    "PMNTN_GODN" : "PMNTN_GODN",
    "PMNTN_MTRQ" : "PMNTN_MTRQ",
    "PMNTN_CNRL" : "PMNTN_CNRL",
    "PMNTN_CLS_" : "PMNTN_CLS_",
    "PMNTN_RISK" : "PMNTN_RISK",
    "PMNTN_RECO" : "PMNTN_RECO",
    "DATA_STDR_" : "DATA_STDR_",
    "MNTN_ID" : "MNTN_ID"
  },
  "geometryType" : "esriGeometryPolyline",
  "spatialReference" : {
    "wkt" : "PROJCS[\"PCS_ITRF2000_TM\",GEOGCS[\"GCS_ITRF_2000\",DATUM[\"D_ITRF_2000\",SPHEROID[\"GRS_1980\",6378137.0,298.257222101]],PRIMEM[\"Greenwich\",0.0],UNIT[\"Degree\",0.0174532925199433]],PROJECTION[\"Transverse_Mercator\"],PARAMETER[\"False_Easting\",200000.0],PARAMETER[\"False_Northing\",600000.0],PARAMETER[\"Central_Meridian\",127.0],PARAMETER[\"Scale_Factor\",1.0],PARAMETER[\"Latitude_Of_Origin\",38.0],UNIT[\"Meter\",1.0]]"
  },
  "fields" : [
    {
      "name" : "FID",
      "type" : "esriFieldTypeOID",
      "alias" : "FID"
    },
    {
      "name" : "PMNTN_SN",
      "type" : "esriFieldTypeDouble",
      "alias" : "PMNTN_SN"
    },
    {
      "name" : "MNTN_CODE",
      "type" : "esriFieldTypeString",
      "alias" : "MNTN_CODE",
      "length" : 9
    },
    {
      "name" : "MNTN_NM",
      "type" : "esriFieldTypeString",
      "alias" : "MNTN_NM",
      "length" : 50
    },
    {
      "name" : "PMNTN_NM",
      "type" : "esriFieldTypeString",
      "alias" : "PMNTN_NM",
      "length" : 50
    },
    {
      "name" : "PMNTN_MAIN",
      "type" : "esriFieldTypeString",
      "alias" : "PMNTN_MAIN",
      "length" : 200
    },
    {
      "name" : "PMNTN_LT",
      "type" : "esriFieldTypeSingle",
      "alias" : "PMNTN_LT"
    },
    {
      "name" : "PMNTN_DFFL",
      "type" : "esriFieldTypeString",
      "alias" : "PMNTN_DFFL",
      "length" : 8
    },
    {
      "name" : "PMNTN_UPPL",
      "type" : "esriFieldTypeDouble",
      "alias" : "PMNTN_UPPL"
    },
    {
      "name" : "PMNTN_GODN",
      "type" : "esriFieldTypeDouble",
      "alias" : "PMNTN_GODN"
    },
    {
      "name" : "PMNTN_MTRQ",
      "type" : "esriFieldTypeString",
      "alias" : "PMNTN_MTRQ",
      "length" : 200
    },
    {
      "name" : "PMNTN_CNRL",
      "type" : "esriFieldTypeString",
      "alias" : "PMNTN_CNRL",
      "length" : 1
    },
    {
      "name" : "PMNTN_CLS_",
      "type" : "esriFieldTypeString",
      "alias" : "PMNTN_CLS_",
      "length" : 1
    },
    {
      "name" : "PMNTN_RISK",
      "type" : "esriFieldTypeString",
      "alias" : "PMNTN_RISK",
      "length" : 200
    },
    {
      "name" : "PMNTN_RECO",
      "type" : "esriFieldTypeString",
      "alias" : "PMNTN_RECO",
      "length" : 1
    },
    {
      "name" : "DATA_STDR_",
      "type" : "esriFieldTypeString",
      "alias" : "DATA_STDR_",
      "length" : 10
    },
    {
      "name" : "MNTN_ID",
      "type" : "esriFieldTypeString",
      "alias" : "MNTN_ID",
      "length" : 10
    }
  ],
  "features" : [
    {
      "attributes" : {
        "FID" : 0,
        "PMNTN_SN" : 51191,
        "MNTN_CODE" : "491109704",
        "MNTN_NM" : "큰노리손이",
        "PMNTN_NM" : "봉개동구간",
        "PMNTN_MAIN" : " ",
        "PMNTN_LT" : 0.17,
        "PMNTN_DFFL" : "쉬움",
        "PMNTN_UPPL" : 3,
        "PMNTN_GODN" : 2,
        "PMNTN_MTRQ" : " ",
        "PMNTN_CNRL" : " ",
        "PMNTN_CLS_" : " ",
        "PMNTN_RISK" : " ",
        "PMNTN_RECO" : " ",
        "DATA_STDR_" : "2016-12-31",
        "MNTN_ID" : "491109704"
      },
      "geometry" : {
        "paths" : [
          [
            [
              164796.75469999947,
              96461.960200002417
            ],
            [
              164793.59910000023,
              96452.970100000501
            ],
            [
              164792.31489999965,
              96447.381000000983
            ],
            [
              164790.86000000127,
              96440.032800002024
            ],
            [
              164788.01680000219,
              96435.738400001079
            ],
            [
              164784.62850000337,
              96432.001800000668
            ],
            [
              164783.25180000067,
              96426.727299999446
            ],
            [
              164783.21279999986,
              96421.126200001687
            ],
            [
              164784.55130000133,
              96412.829700004309
            ],
            [
              164775.39880000055,
              96411.125400001183
            ],
            [
              164747.17989999987,
              96405.414700001478
            ],
            [
              164735.2593000019,
              96402.762399999425
            ],
            [
              164722.49500000104,
              96399.659900002182
            ],
            [
              164723.34410000034,
              96395.832600003108
            ],
            [
              164725.4765000008,
              96389.593800000846
            ],
            [
              164729.11010000296,
              96379.054600000381
            ],
            [
              164730.33930000011,
              96374.535800002515
            ],
            [
              164734.98320000339,
              96366.670700004324
            ],
            [
              164737.79440000094,
              96359.354300003499
            ],
            [
              164739.26800000109,
              96353.804700000212
            ],
            [
              164740.07880000398,
              96346.81269999966
            ]
          ]
        ]
      }
    },
    {
      "attributes" : {
        "FID" : 1,
        "PMNTN_SN" : 51192,
        "MNTN_CODE" : "491109704",
        "MNTN_NM" : "큰노리손이",
        "PMNTN_NM" : "봉개동구간",
        "PMNTN_MAIN" : " ",
        "PMNTN_LT" : 0.05,
        "PMNTN_DFFL" : "쉬움",
        "PMNTN_UPPL" : 1,
        "PMNTN_GODN" : 1,
        "PMNTN_MTRQ" : " ",
        "PMNTN_CNRL" : " ",
        "PMNTN_CLS_" : " ",
        "PMNTN_RISK" : " ",
        "PMNTN_RECO" : " ",
        "DATA_STDR_" : "2016-12-31",
        "MNTN_ID" : "491109704"
      },
      "geometry" : {
        "paths" : [
          [
            [
              164740.07880000398,
              96346.81269999966
            ],
            [
              164745.85690000094,
              96344.60490000248
            ],
            [
              164754.98030000087,
              96333.921700002626
            ],
            [
              164751.2817000011,
              96329.590500000864
            ],
            [
              164745.05090000108,
              96327.27680000104
            ],
            [
              164737.60060000326,
              96342.048499999568
            ]
          ]
        ]
      }
    },
    {
      "attributes" : {
        "FID" : 2,
        "PMNTN_SN" : 51193,
        "MNTN_CODE" : "491109704",
        "MNTN_NM" : "큰노리손이",
        "PMNTN_NM" : "봉개동구간",
        "PMNTN_MAIN" : " ",
        "PMNTN_LT" : 0.01,
        "PMNTN_DFFL" : "쉬움",
        "PMNTN_UPPL" : 1,
        "PMNTN_GODN" : 0,
        "PMNTN_MTRQ" : " ",
        "PMNTN_CNRL" : " ",
        "PMNTN_CLS_" : " ",
        "PMNTN_RISK" : " ",
        "PMNTN_RECO" : " ",
        "DATA_STDR_" : "2016-12-31",
        "MNTN_ID" : "491109704"
      },
      "geometry" : {
        "paths" : [
          [
            [
              164740.07880000398,
              96346.81269999966
            ],
            [
              164737.60060000326,
              96342.048499999568
            ]
          ]
        ]
      }
    },
    {
      "attributes" : {
        "FID" : 3,
        "PMNTN_SN" : 51194,
        "MNTN_CODE" : "491109704",
        "MNTN_NM" : "큰노리손이",
        "PMNTN_NM" : "봉개동구간",
        "PMNTN_MAIN" : " ",
        "PMNTN_LT" : 0.55,
        "PMNTN_DFFL" : "쉬움",
        "PMNTN_UPPL" : 10,
        "PMNTN_GODN" : 7,
        "PMNTN_MTRQ" : " ",
        "PMNTN_CNRL" : " ",
        "PMNTN_CLS_" : " ",
        "PMNTN_RISK" : " ",
        "PMNTN_RECO" : " ",
        "DATA_STDR_" : "2016-12-31",
        "MNTN_ID" : "491109704"
      },
      "geometry" : {
        "paths" : [
          [
            [
              164737.60060000326,
              96342.048499999568
            ],
            [
              164734.34190000035,
              96335.52680000104
            ],
            [
              164729.42210000101,
              96330.259300000966
            ],
            [
              164725.46710000001,
              96328.277499999851
            ],
            [
              164717.79490000196,
              96320.353500001132
            ],
            [
              164715.98270000331,
              96316.073999999091
            ],
            [
              164719.18020000122,
              96311.075699999928
            ],
            [
              164722.52020000201,
              96307.91770000197
            ],
            [
              164723.26710000075,
              96304.585400002077
            ],
            [
              164720.55840000138,
              96301.389200001955
            ],
            [
              164719.90040000249,
              96295.116800002754
            ],
            [
              164719.13740000222,
              96288.299100002274
            ],
            [
              164720.9609000003,
              96281.972599999979
            ],
            [
              164722.82500000019,
              96276.923000004143
            ],
            [
              164724.21620000154,
              96272.46930000186
            ],
            [
              164726.57820000313,
              96267.080499999225
            ],
            [
              164727.25250000134,
              96262.855599999428
            ],
            [
              164721.44160000049,
              96257.686000000685
            ],
            [
              164720.414900003,
              96251.940000001341
            ],
            [
              164722.26270000078,
              96245.104100000113
            ],
            [
              164722.14660000242,
              96239.425800001249
            ],
            [
              164720.54200000223,
              96232.703199999407
            ],
            [
              164715.7424999997,
              96229.374299999326
            ],
            [
              164716.01699999999,
              96223.466399999335
            ],
            [
              164715.81230000407,
              96217.805300002918
            ],
            [
              164713.39050000068,
              96213.294399999082
            ],
            [
              164713.53340000194,
              96207.891900001094
            ],
            [
              164716.92590000108,
              96202.418800000101
            ],
            [
              164719.36790000089,
              96197.009000001475
            ],
            [
              164718.48570000101,
              96191.861799998209
            ],
            [
              164716.20160000119,
              96186.536000000313
            ],
            [
              164711.87800000049,
              96179.427899999544
            ],
            [
              164705.37870000023,
              96175.44820000045
            ],
            [
              164697.26260000002,
              96172.809000000358
            ],
            [
              164691.82680000085,
              96171.538899999112
            ],
            [
              164685.64070000127,
              96166.728600000963
            ],
            [
              164679.63110000081,
              96159.273500001058
            ],
            [
              164677.82200000063,
              96154.747200001031
            ],
            [
              164675.82019999996,
              96151.715100001544
            ],
            [
              164677.4963999996,
              96146.172200003639
            ],
            [
              164675.18620000035,
              96139.559400001541
            ],
            [
              164672.4048000006,
              96131.270999999717
            ],
            [
              164665.48880000412,
              96125.010200001299
            ],
            [
              164660.35310000181,
              96118.221100002527
            ],
            [
              164655.85200000275,
              96106.610200002789
            ],
            [
              164654.74050000031,
              96098.13020000048
            ],
            [
              164655.97110000066,
              96094.426900001243
            ],
            [
              164659.61970000248,
              96094.999600004405
            ],
            [
              164668.36490000226,
              96095.290200000629
            ],
            [
              164676.16730000079,
              96094.190500000492
            ],
            [
              164685.08500000276,
              96093.875700000674
            ],
            [
              164693.0773,
              96092.768300000578
            ],
            [
              164702.36890000012,
              96095.793600000441
            ],
            [
              164712.96810000017,
              96100.513899998739
            ],
            [
              164723.95280000009,
              96103.983700001612
            ],
            [
              164738.58610000182,
              96108.36959999986
            ],
            [
              164744.8041000003,
              96110.469900004566
            ],
            [
              164750.95640000142,
              96114.387399999425
            ],
            [
              164765.56470000092,
              96120.361800000072
            ],
            [
              164778.82290000096,
              96123.434899998829
            ],
            [
              164784.56500000134,
              96122.493300002068
            ],
            [
              164793.69280000404,
              96118.000400001183
            ],
            [
              164800.97550000064,
              96118.815700000152
            ],
            [
              164810.6025000019,
              96126.422000002116
            ],
            [
              164816.09260000195,
              96132.959700003266
            ],
            [
              164823.87460000347,
              96148.876600001007
            ],
            [
              164827.54589999933,
              96160.986500000581
            ],
            [
              164832.00160000194,
              96175.622500002384
            ],
            [
              164835.39180000033,
              96184.785600000992
            ],
            [
              164836.23200000264,
              96191.834400000051
            ],
            [
              164835.28720000107,
              96198.11959999986
            ],
            [
              164838.21350000054,
              96204.497999999672
            ],
            [
              164842.79370000027,
              96206.546099998057
            ]
          ]
        ]
      }
    }
  ]
}