{
  "displayFieldName" : "",
  "fieldAliases" : {
    "FID" : "FID",
    "PMNTN_SN" : "PMNTN_SN",
    "MNTN_CODE" : "MNTN_CODE",
    "MNTN_NM" : "MNTN_NM",
    "PMNTN_NM" : "PMNTN_NM",
    "PMNTN_MAIN" : "PMNTN_MAIN",
    "PMNTN_LT" : "PMNTN_LT",
    "PMNTN_DFFL" : "PMNTN_DFFL",
    "PMNTN_UPPL" : "PMNTN_UPPL",
    "PMNTN_GODN" : "PMNTN_GODN",
    "PMNTN_MTRQ" : "PMNTN_MTRQ",
    "PMNTN_CNRL" : "PMNTN_CNRL",
    "PMNTN_CLS_" : "PMNTN_CLS_",
    "PMNTN_RISK" : "PMNTN_RISK",
    "PMNTN_RECO" : "PMNTN_RECO",
    "DATA_STDR_" : "DATA_STDR_",
    "MNTN_ID" : "MNTN_ID"
  },
  "geometryType" : "esriGeometryPolyline",
  "spatialReference" : {
    "wkt" : "PROJCS[\"PCS_ITRF2000_TM\",GEOGCS[\"GCS_ITRF_2000\",DATUM[\"D_ITRF_2000\",SPHEROID[\"GRS_1980\",6378137.0,298.257222101]],PRIMEM[\"Greenwich\",0.0],UNIT[\"Degree\",0.0174532925199433]],PROJECTION[\"Transverse_Mercator\"],PARAMETER[\"False_Easting\",200000.0],PARAMETER[\"False_Northing\",600000.0],PARAMETER[\"Central_Meridian\",127.0],PARAMETER[\"Scale_Factor\",1.0],PARAMETER[\"Latitude_Of_Origin\",38.0],UNIT[\"Meter\",1.0]]"
  },
  "fields" : [
    {
      "name" : "FID",
      "type" : "esriFieldTypeOID",
      "alias" : "FID"
    },
    {
      "name" : "PMNTN_SN",
      "type" : "esriFieldTypeDouble",
      "alias" : "PMNTN_SN"
    },
    {
      "name" : "MNTN_CODE",
      "type" : "esriFieldTypeString",
      "alias" : "MNTN_CODE",
      "length" : 9
    },
    {
      "name" : "MNTN_NM",
      "type" : "esriFieldTypeString",
      "alias" : "MNTN_NM",
      "length" : 50
    },
    {
      "name" : "PMNTN_NM",
      "type" : "esriFieldTypeString",
      "alias" : "PMNTN_NM",
      "length" : 50
    },
    {
      "name" : "PMNTN_MAIN",
      "type" : "esriFieldTypeString",
      "alias" : "PMNTN_MAIN",
      "length" : 200
    },
    {
      "name" : "PMNTN_LT",
      "type" : "esriFieldTypeSingle",
      "alias" : "PMNTN_LT"
    },
    {
      "name" : "PMNTN_DFFL",
      "type" : "esriFieldTypeString",
      "alias" : "PMNTN_DFFL",
      "length" : 8
    },
    {
      "name" : "PMNTN_UPPL",
      "type" : "esriFieldTypeDouble",
      "alias" : "PMNTN_UPPL"
    },
    {
      "name" : "PMNTN_GODN",
      "type" : "esriFieldTypeDouble",
      "alias" : "PMNTN_GODN"
    },
    {
      "name" : "PMNTN_MTRQ",
      "type" : "esriFieldTypeString",
      "alias" : "PMNTN_MTRQ",
      "length" : 200
    },
    {
      "name" : "PMNTN_CNRL",
      "type" : "esriFieldTypeString",
      "alias" : "PMNTN_CNRL",
      "length" : 1
    },
    {
      "name" : "PMNTN_CLS_",
      "type" : "esriFieldTypeString",
      "alias" : "PMNTN_CLS_",
      "length" : 1
    },
    {
      "name" : "PMNTN_RISK",
      "type" : "esriFieldTypeString",
      "alias" : "PMNTN_RISK",
      "length" : 200
    },
    {
      "name" : "PMNTN_RECO",
      "type" : "esriFieldTypeString",
      "alias" : "PMNTN_RECO",
      "length" : 1
    },
    {
      "name" : "DATA_STDR_",
      "type" : "esriFieldTypeString",
      "alias" : "DATA_STDR_",
      "length" : 10
    },
    {
      "name" : "MNTN_ID",
      "type" : "esriFieldTypeString",
      "alias" : "MNTN_ID",
      "length" : 10
    }
  ],
  "features" : [
    {
      "attributes" : {
        "FID" : 0,
        "PMNTN_SN" : 31916,
        "MNTN_CODE" : "431502501",
        "MNTN_NM" : "성산",
        "PMNTN_NM" : "명지동구간",
        "PMNTN_MAIN" : " ",
        "PMNTN_LT" : 0.53,
        "PMNTN_DFFL" : "쉬움",
        "PMNTN_UPPL" : 9,
        "PMNTN_GODN" : 7,
        "PMNTN_MTRQ" : " ",
        "PMNTN_CNRL" : " ",
        "PMNTN_CLS_" : " ",
        "PMNTN_RISK" : " ",
        "PMNTN_RECO" : " ",
        "DATA_STDR_" : "2016-12-31",
        "MNTN_ID" : "431502501"
      },
      "geometry" : {
        "paths" : [
          [
            [
              308036.74270000122,
              502184.39480000176
            ],
            [
              308031.6836000029,
              502199.73760000058
            ],
            [
              308029.24369999953,
              502208.60239999928
            ],
            [
              308023.91100000404,
              502222.20549999923
            ],
            [
              308017.76229999959,
              502235.42799999937
            ],
            [
              308015.33510000352,
              502244.21910000034
            ],
            [
              308012.9755000025,
              502252.94170000218
            ],
            [
              308013.28540000506,
              502259.91120000184
            ],
            [
              308018.60300000198,
              502269.53670000099
            ],
            [
              308027.88360000215,
              502278.71330000088
            ],
            [
              308033.55030000024,
              502290.0847000014
            ],
            [
              308034.17460000329,
              502298.77549999952
            ],
            [
              308028.85870000068,
              502302.53179999813
            ],
            [
              308020.28340000007,
              502300.80610000156
            ],
            [
              308008.21720000263,
              502295.44570000097
            ],
            [
              307996.14960000105,
              502292.97140000202
            ],
            [
              307979.28450000007,
              502292.68960000016
            ],
            [
              307969.63410000224,
              502296.2068000026
            ],
            [
              307963.16070000362,
              502300.49770000018
            ],
            [
              307952.51940000243,
              502308.8535999991
            ],
            [
              307944.11430000328,
              502323.78730000183
            ],
            [
              307938.24450000376,
              502336.62170000374
            ],
            [
              307933.12360000331,
              502353.22969999909
            ],
            [
              307928.04669999983,
              502367.20690000243
            ],
            [
              307924.72840000223,
              502372.25970000215
            ],
            [
              307915.4160999991,
              502387.23730000108
            ],
            [
              307907.89210000262,
              502399.73790000007
            ],
            [
              307894.87080000248,
              502408.47120000236
            ],
            [
              307889.64960000291,
              502415.32200000249
            ],
            [
              307886.8264000034,
              502427.11590000242
            ],
            [
              307881.75210000202,
              502438.61330000125
            ],
            [
              307878.86560000107,
              502451.6305999998
            ],
            [
              307871.29730000068,
              502469.1136000026
            ],
            [
              307866.75690000225,
              502479.43400000222
            ],
            [
              307864.77280000225,
              502491.99750000052
            ],
            [
              307866.40720000211,
              502517.506500002
            ],
            [
              307864.93400000315,
              502532.41750000231
            ],
            [
              307863.57960000169,
              502548.84649999812
            ],
            [
              307858.65870000049,
              502564.36830000207
            ],
            [
              307857.93250000384,
              502579.09080000035
            ],
            [
              307859.29700000398,
              502591.89790000208
            ],
            [
              307859.58919999935,
              502602.96230000257
            ]
          ]
        ]
      }
    },
    {
      "attributes" : {
        "FID" : 1,
        "PMNTN_SN" : 31917,
        "MNTN_CODE" : "431502501",
        "MNTN_NM" : "성산",
        "PMNTN_NM" : "강제동구간",
        "PMNTN_MAIN" : " ",
        "PMNTN_LT" : 0.1,
        "PMNTN_DFFL" : "쉬움",
        "PMNTN_UPPL" : 2,
        "PMNTN_GODN" : 1,
        "PMNTN_MTRQ" : " ",
        "PMNTN_CNRL" : " ",
        "PMNTN_CLS_" : " ",
        "PMNTN_RISK" : " ",
        "PMNTN_RECO" : " ",
        "DATA_STDR_" : "2016-12-31",
        "MNTN_ID" : "431502501"
      },
      "geometry" : {
        "paths" : [
          [
            [
              307859.58919999935,
              502602.96230000257
            ],
            [
              307847.98730000295,
              502605.66349999979
            ],
            [
              307838.03220000118,
              502607.6371000018
            ],
            [
              307830.62570000347,
              502609.24080000259
            ],
            [
              307824.61990000214,
              502610.31480000168
            ],
            [
              307816.34000000264,
              502610.18670000136
            ],
            [
              307807.12929999921,
              502606.85170000233
            ],
            [
              307799.67960000038,
              502607.83660000004
            ],
            [
              307792.1473999992,
              502608.95130000263
            ],
            [
              307783.88030000217,
              502607.58680000156
            ],
            [
              307775.52300000191,
              502606.37710000388
            ],
            [
              307768.38910000212,
              502604.01420000009
            ],
            [
              307759.30590000376,
              502601.56689999998
            ]
          ]
        ]
      }
    },
    {
      "attributes" : {
        "FID" : 2,
        "PMNTN_SN" : 31918,
        "MNTN_CODE" : "431502501",
        "MNTN_NM" : "성산",
        "PMNTN_NM" : "동막리구간",
        "PMNTN_MAIN" : " ",
        "PMNTN_LT" : 1.9,
        "PMNTN_DFFL" : "쉬움",
        "PMNTN_UPPL" : 36,
        "PMNTN_GODN" : 25,
        "PMNTN_MTRQ" : " ",
        "PMNTN_CNRL" : " ",
        "PMNTN_CLS_" : " ",
        "PMNTN_RISK" : " ",
        "PMNTN_RECO" : " ",
        "DATA_STDR_" : "2016-12-31",
        "MNTN_ID" : "431502501"
      },
      "geometry" : {
        "paths" : [
          [
            [
              308036.74270000122,
              502184.39480000176
            ],
            [
              308028.7966999989,
              502176.61170000024
            ],
            [
              308014.6584999999,
              502167.8059000019
            ],
            [
              308005.0019000005,
              502157.53660000116
            ],
            [
              308000.15230000019,
              502151.62460000254
            ],
            [
              307993.8477000026,
              502142.00870000012
            ],
            [
              307977.19830000028,
              502129.35229999945
            ],
            [
              307970.5864000041,
              502120.82029999979
            ],
            [
              307963.71230000071,
              502113.21730000339
            ],
            [
              307958.68410000391,
              502099.13330000266
            ],
            [
              307958.11940000206,
              502086.95790000074
            ],
            [
              307960.35020000208,
              502077.97490000166
            ],
            [
              307963.58330000099,
              502071.24490000121
            ],
            [
              307966.25480000209,
              502064.24880000018
            ],
            [
              307968.11490000039,
              502054.74090000242
            ],
            [
              307969.37620000076,
              502046.47599999979
            ],
            [
              307975.15380000416,
              502035.28720000386
            ],
            [
              307974.99010000192,
              502026.66680000536
            ],
            [
              307968.87970000226,
              502020.62780000269
            ],
            [
              307956.84130000323,
              502015.14570000209
            ],
            [
              307943.59619999956,
              502013.9366999995
            ],
            [
              307937.01620000228,
              502010.02480000257
            ],
            [
              307936.29430000298,
              501999.85670000501
            ],
            [
              307938.64520000201,
              501989.77759999968
            ],
            [
              307936.16740000341,
              501981.25160000101
            ],
            [
              307933.76240000036,
              501975.90430000238
            ],
            [
              307928.96030000318,
              501969.31090000272
            ],
            [
              307921.93670000229,
              501964.73829999939
            ],
            [
              307919.18610000331,
              501958.55570000224
            ],
            [
              307919.20529999677,
              501946.53020000085
            ],
            [
              307919.43640000187,
              501939.57309999876
            ],
            [
              307922.33770000376,
              501919.84030000307
            ],
            [
              307922.71700000204,
              501909.28160000034
            ],
            [
              307922.28970000241,
              501902.92410000227
            ],
            [
              307923.79340000171,
              501897.54059999995
            ],
            [
              307929.38570000045,
              501892.64700000361
            ],
            [
              307940.83870000206,
              501885.97540000081
            ],
            [
              307952.50550000276,
              501879.9531000033
            ],
            [
              307958.66350000259,
              501876.01340000331
            ],
            [
              307967.93499999959,
              501871.5438000001
            ],
            [
              307979.40980000142,
              501861.52120000124
            ],
            [
              307987.54110000189,
              501850.14090000466
            ],
            [
              307990.09800000116,
              501842.70419999957
            ],
            [
              307990.77720000036,
              501834.14210000262
            ],
            [
              307989.51050000265,
              501824.04670000263
            ],
            [
              307986.47460000031,
              501816.72599999979
            ],
            [
              307975.12200000416,
              501805.55810000189
            ],
            [
              307966.66690000147,
              501800.71020000428
            ],
            [
              307958.02770000137,
              501797.74699999951
            ],
            [
              307949.45530000143,
              501795.81700000353
            ],
            [
              307938.70860000234,
              501788.70860000141
            ],
            [
              307925.97170000151,
              501778.02270000242
            ],
            [
              307913.39860000275,
              501768.83840000071
            ],
            [
              307905.35930000246,
              501761.37340000458
            ],
            [
              307900.20490000397,
              501753.82760000043
            ],
            [
              307893.16770000197,
              501738.88530000299
            ],
            [
              307887.15479999967,
              501726.58690000139
            ],
            [
              307884.51530000288,
              501714.78570000269
            ],
            [
              307885.33280000277,
              501702.16480000131
            ],
            [
              307884.05769999884,
              501689.92690000311
            ],
            [
              307881.35519999824,
              501673.19730000012
            ],
            [
              307878.94730000384,
              501664.73020000011
            ],
            [
              307872.50770000368,
              501660.0746000018
            ],
            [
              307863.10880000331,
              501648.35460000113
            ],
            [
              307861.26880000252,
              501640.31950000487
            ],
            [
              307857.04480000306,
              501635.16760000214
            ],
            [
              307849.63640000112,
              501630.48850000091
            ],
            [
              307835.03289999999,
              501626.70560000278
            ],
            [
              307827.04860000219,
              501619.77690000087
            ],
            [
              307816.39830000512,
              501619.72980000265
            ],
            [
              307809.52169999946,
              501616.56079999916
            ],
            [
              307804.71770000085,
              501607.74770000018
            ],
            [
              307798.88480000384,
              501601.52359999903
            ],
            [
              307787.74840000272,
              501599.15039999969
            ],
            [
              307776.43250000291,
              501600.08900000155
            ],
            [
              307765.0584000051,
              501601.9793999996
            ],
            [
              307757.68020000029,
              501605.4272000026
            ],
            [
              307752.93610000052,
              501615.44700000063
            ],
            [
              307746.23470000178,
              501618.23550000228
            ],
            [
              307738.90500000119,
              501617.0449000001
            ],
            [
              307734.77489999961,
              501612.63900000229
            ],
            [
              307732.61110000405,
              501608.71520000137
            ],
            [
              307725.2994000027,
              501605.09080000035
            ],
            [
              307716.19620000198,
              501604.05460000224
            ],
            [
              307709.5588000007,
              501603.29050000012
            ],
            [
              307704.46510000248,
              501599.5092999991
            ],
            [
              307698.17560000345,
              501596.91850000434
            ],
            [
              307690.40990000404,
              501594.93760000169
            ],
            [
              307685.59040000197,
              501596.54759999737
            ],
            [
              307680.03960000444,
              501596.97520000301
            ],
            [
              307672.93340000045,
              501595.21890000254
            ],
            [
              307665.26720000058,
              501598.49400000274
            ],
            [
              307651.44240000192,
              501605.0055000037
            ],
            [
              307641.0371000031,
              501610.14570000023
            ],
            [
              307634.00420000311,
              501617.16039999947
            ],
            [
              307627.97790000308,
              501620.52480000071
            ],
            [
              307621.74520000163,
              501621.25570000149
            ],
            [
              307615.90629999898,
              501619.6828000024
            ],
            [
              307608.25229999982,
              501618.91929999925
            ],
            [
              307596.18530000001,
              501621.20769999921
            ],
            [
              307582.91820000298,
              501624.87959999964
            ],
            [
              307569.69040000252,
              501625.46600000374
            ],
            [
              307560.68290000409,
              501626.16569999978
            ],
            [
              307547.91760000121,
              501629.62900000066
            ],
            [
              307539.63650000375,
              501632.03229999915
            ],
            [
              307532.2254000036,
              501632.84350000322
            ],
            [
              307521.61170000397,
              501633.71220000088
            ],
            [
              307509.75079999957,
              501637.9682
            ],
            [
              307495.15990000125,
              501641.57890000194
            ],
            [
              307481.83440000378,
              501644.20529999956
            ],
            [
              307463.32020000182,
              501645.27000000328
            ],
            [
              307451.54030000418,
              501647.91550000198
            ],
            [
              307440.32730000373,
              501651.00520000234
            ],
            [
              307433.06670000125,
              501655.5802999977
            ],
            [
              307413.08260000404,
              501668.62380000204
            ],
            [
              307401.51720000431,
              501673.11739999987
            ],
            [
              307389.93369999807,
              501677.72720000148
            ],
            [
              307381.73180000111,
              501681.07200000435
            ],
            [
              307370.73500000034,
              501685.04260000214
            ],
            [
              307354.02900000196,
              501690.57390000112
            ],
            [
              307343.20710000396,
              501695.60010000132
            ],
            [
              307324.89180000313,
              501703.51970000193
            ],
            [
              307291.35140000377,
              501717.84710000083
            ],
            [
              307272.59890000336,
              501724.44600000046
            ],
            [
              307254.6771000037,
              501732.73250000365
            ],
            [
              307246.17280000262,
              501737.13340000436
            ],
            [
              307236.47970000189,
              501739.62800000235
            ],
            [
              307222.08170000184,
              501744.17410000041
            ],
            [
              307213.8694000002,
              501748.99850000255
            ],
            [
              307201.10290000122,
              501750.96780000255
            ],
            [
              307186.57610000391,
              501751.6492999997
            ],
            [
              307175.20960000344,
              501753.84139999934
            ],
            [
              307163.07990000211,
              501757.15680000186
            ],
            [
              307149.45020000543,
              501763.5111000035
            ],
            [
              307135.45150000323,
              501768.60400000028
            ],
            [
              307118.51610000059,
              501772.26559999958
            ],
            [
              307102.80480000563,
              501778.02740000002
            ],
            [
              307089.10950000398,
              501788.86540000141
            ],
            [
              307072.43880000338,
              501797.37910000235
            ],
            [
              307060.37520000059,
              501799.68940000236
            ],
            [
              307043.80520000029,
              501806.30739999935
            ],
            [
              307032.32140000258,
              501815.93030000106
            ],
            [
              307022.56120000128,
              501818.62609999999
            ],
            [
              307010.43560000136,
              501820.65940000117
            ],
            [
              306993.51610000152,
              501829.16999999806
            ],
            [
              306984.87500000186,
              501837.57459999993
            ],
            [
              306969.86120000388,
              501846.54240000248
            ],
            [
              306955.62360000331,
              501853.12069999985
            ],
            [
              306943.25370000303,
              501862.14389999956
            ],
            [
              306923.56580000184,
              501871.39860000275
            ],
            [
              306911.48230000492,
              501877.83940000087
            ],
            [
              306898.77800000086,
              501886.0764000006
            ],
            [
              306887.55070000142,
              501892.94099999964
            ],
            [
              306873.60190000199,
              501900.23809999973
            ],
            [
              306867.14310000092,
              501903.31499999948
            ],
            [
              306858.00490000192,
              501909.64269999973
            ],
            [
              306848.49260000139,
              501912.85750000179
            ],
            [
              306839.86520000268,
              501916.84930000268
            ],
            [
              306833.8674999997,
              501917.47360000014
            ],
            [
              306827.64570000209,
              501913.80890000239
            ],
            [
              306818.77270000335,
              501907.56000000238
            ],
            [
              306806.64290000033,
              501905.13020000048
            ],
            [
              306799.01830000058,
              501905.90170000307
            ],
            [
              306791.42540000286,
              501908.9123999998
            ],
            [
              306778.81810000166,
              501917.65599999949
            ]
          ]
        ]
      }
    },
    {
      "attributes" : {
        "FID" : 3,
        "PMNTN_SN" : 31919,
        "MNTN_CODE" : "431502501",
        "MNTN_NM" : "성산",
        "PMNTN_NM" : "강제동구간",
        "PMNTN_MAIN" : " ",
        "PMNTN_LT" : 0.02,
        "PMNTN_DFFL" : "쉬움",
        "PMNTN_UPPL" : 1,
        "PMNTN_GODN" : 0,
        "PMNTN_MTRQ" : " ",
        "PMNTN_CNRL" : " ",
        "PMNTN_CLS_" : " ",
        "PMNTN_RISK" : " ",
        "PMNTN_RECO" : " ",
        "DATA_STDR_" : "2016-12-31",
        "MNTN_ID" : "431502501"
      },
      "geometry" : {
        "paths" : [
          [
            [
              308503.50949999969,
              502020.2025000006
            ],
            [
              308503.92020000238,
              502014.46390000172
            ],
            [
              308507.17850000132,
              502011.98600000329
            ],
            [
              308513.65430000238,
              502010.32610000111
            ]
          ]
        ]
      }
    },
    {
      "attributes" : {
        "FID" : 4,
        "PMNTN_SN" : 31920,
        "MNTN_CODE" : "431502501",
        "MNTN_NM" : "성산",
        "PMNTN_NM" : "강제동구간",
        "PMNTN_MAIN" : " ",
        "PMNTN_LT" : 2.22,
        "PMNTN_DFFL" : "쉬움",
        "PMNTN_UPPL" : 39,
        "PMNTN_GODN" : 27,
        "PMNTN_MTRQ" : " ",
        "PMNTN_CNRL" : " ",
        "PMNTN_CLS_" : " ",
        "PMNTN_RISK" : " ",
        "PMNTN_RECO" : " ",
        "DATA_STDR_" : "2016-12-31",
        "MNTN_ID" : "431502501"
      },
      "geometry" : {
        "paths" : [
          [
            [
              307859.58919999935,
              502602.96230000257
            ],
            [
              307859.10550000239,
              502621.58050000668
            ],
            [
              307856.39759999979,
              502637.80959999934
            ],
            [
              307851.74200000148,
              502656.05160000362
            ],
            [
              307848.28880000301,
              502667.09750000015
            ],
            [
              307843.62560000271,
              502673.6248000022
            ],
            [
              307833.38770000357,
              502681.27390000038
            ],
            [
              307828.17940000165,
              502687.46810000017
            ],
            [
              307822.73520000093,
              502693.33740000241
            ],
            [
              307815.23280000221,
              502703.06560000218
            ],
            [
              307809.83600000385,
              502714.27480000071
            ],
            [
              307800.99810000416,
              502728.34840000048
            ],
            [
              307796.69479999971,
              502740.94800000079
            ],
            [
              307793.20360000245,
              502754.90149999969
            ],
            [
              307790.02910000365,
              502775.65540000238
            ],
            [
              307792.06430000253,
              502784.46190000139
            ],
            [
              307797.30540000368,
              502793.40560000017
            ],
            [
              307802.95630000252,
              502796.36270000227
            ],
            [
              307808.26530000288,
              502797.3172999993
            ],
            [
              307811.27350000199,
              502800.87639999948
            ],
            [
              307809.56250000279,
              502811.51109999977
            ],
            [
              307809.1857000012,
              502828.85109999962
            ],
            [
              307813.45280000288,
              502842.70450000279
            ],
            [
              307819.37949999981,
              502854.61310000159
            ],
            [
              307823.70700000226,
              502862.92710000277
            ],
            [
              307824.20540000219,
              502870.60090000182
            ],
            [
              307823.14160000253,
              502878.00580000132
            ],
            [
              307819.63370000105,
              502882.88780000433
            ],
            [
              307811.07410000265,
              502885.4700000044
            ],
            [
              307800.12700000033,
              502887.83320000023
            ],
            [
              307785.33240000345,
              502895.80310000107
            ],
            [
              307765.84860000294,
              502905.99009999819
            ],
            [
              307747.4073000038,
              502914.87810000032
            ],
            [
              307730.54880000092,
              502923.59230000153
            ],
            [
              307724.23179999925,
              502930.91770000011
            ],
            [
              307722.10720000323,
              502936.4645000007
            ],
            [
              307719.7416000003,
              502940.37720000185
            ],
            [
              307718.85240000207,
              502944.86680000275
            ],
            [
              307722.78550000116,
              502952.08220000379
            ],
            [
              307735.45160000026,
              502966.76260000095
            ],
            [
              307744.3871000018,
              502975.67940000258
            ],
            [
              307753.57640000246,
              502981.10529999807
            ],
            [
              307767.66000000015,
              502985.24640000053
            ],
            [
              307782.26800000388,
              502990.46529999934
            ],
            [
              307790.83150000218,
              502993.76640000194
            ],
            [
              307798.86060000304,
              502996.98090000078
            ],
            [
              307808.02980000153,
              502997.31900000013
            ],
            [
              307850.06570000295,
              502996.17720000446
            ],
            [
              307863.38449999969,
              502995.51070000418
            ],
            [
              307880.66800000146,
              502994.64610000141
            ],
            [
              307908.7836000016,
              502994.18810000271
            ],
            [
              307946.08800000418,
              502992.94900000095
            ],
            [
              307960.67230000347,
              502993.01180000231
            ],
            [
              307978.19610000309,
              502991.56200000085
            ],
            [
              307986.43920000177,
              502990.64619999938
            ],
            [
              307993.38130000141,
              502989.980100004
            ],
            [
              308003.09140000306,
              502989.73790000193
            ],
            [
              308014.92950000148,
              502989.22330000252
            ],
            [
              308029.40210000239,
              502987.75439999998
            ],
            [
              308046.99620000459,
              502987.37270000391
            ],
            [
              308057.853500003,
              502987.98520000465
            ],
            [
              308074.76240000222,
              502988.18950000219
            ],
            [
              308084.52660000231,
              502985.81289999932
            ],
            [
              308092.83260000311,
              502982.55510000139
            ],
            [
              308099.8767000027,
              502977.01129999943
            ],
            [
              308102.83509999979,
              502973.21470000036
            ],
            [
              308104.48209999874,
              502966.78050000034
            ],
            [
              308105.36000000406,
              502949.19170000032
            ],
            [
              308110.89640000369,
              502935.12620000169
            ],
            [
              308116.38850000408,
              502922.83720000274
            ],
            [
              308120.54450000077,
              502909.52300000191
            ],
            [
              308126.1641000025,
              502889.60979999974
            ],
            [
              308131.84539999999,
              502880.59710000269
            ],
            [
              308141.86230000202,
              502871.90330000222
            ],
            [
              308149.88630000036,
              502870.18740000203
            ],
            [
              308165.25270000193,
              502872.54950000159
            ],
            [
              308174.19920000061,
              502872.30160000362
            ],
            [
              308190.83890000265,
              502872.00510000065
            ],
            [
              308206.69270000141,
              502869.00720000081
            ],
            [
              308221.68590000365,
              502864.39069999941
            ],
            [
              308240.88610000256,
              502857.02260000259
            ],
            [
              308259.17030000314,
              502844.20300000161
            ],
            [
              308282.89840000309,
              502826.67970000207
            ],
            [
              308292.07300000265,
              502810.07560000382
            ],
            [
              308297.66880000196,
              502800.62749999762
            ],
            [
              308307.16990000103,
              502787.78409999982
            ],
            [
              308314.3926000027,
              502779.60659999773
            ],
            [
              308321.71470000129,
              502765.26989999972
            ],
            [
              308331.070600003,
              502749.69370000064
            ],
            [
              308336.72880000342,
              502740.47040000558
            ],
            [
              308343.91720000375,
              502727.61140000261
            ],
            [
              308355.47290000226,
              502716.52030000277
            ],
            [
              308363.79330000374,
              502710.20209999941
            ],
            [
              308374.93670000229,
              502698.77720000036
            ],
            [
              308384.10960000288,
              502684.56599999964
            ],
            [
              308388.6456000004,
              502674.5436000023
            ],
            [
              308394.88350000139,
              502665.88319999911
            ],
            [
              308407.32360000443,
              502658.71650000103
            ],
            [
              308424.30730000511,
              502651.57410000265
            ],
            [
              308435.85419999994,
              502643.39910000749
            ],
            [
              308444.4216000028,
              502633.88949999958
            ],
            [
              308454.60410000291,
              502622.06929999962
            ],
            [
              308462.29849999957,
              502615.78510000184
            ],
            [
              308469.87170000281,
              502611.9542999994
            ],
            [
              308477.49230000004,
              502612.66000000015
            ],
            [
              308488.4374000011,
              502616.38710000366
            ],
            [
              308497.45610000379,
              502618.24300000072
            ],
            [
              308504.19960000366,
              502617.23910000175
            ],
            [
              308508.51700000092,
              502614.46090000123
            ],
            [
              308512.5790000027,
              502604.1314000003
            ],
            [
              308517.89480000362,
              502594.0343000032
            ],
            [
              308524.96430000197,
              502588.02119999938
            ],
            [
              308543.99289999995,
              502577.48650000244
            ],
            [
              308563.31430000253,
              502567.02390000038
            ],
            [
              308580.34570000041,
              502558.85869999975
            ],
            [
              308589.0083000036,
              502551.1761000026
            ],
            [
              308597.71240000147,
              502544.17260000296
            ],
            [
              308606.54340000264,
              502542.03519999981
            ],
            [
              308617.22540000174,
              502542.09240000136
            ],
            [
              308627.14580000006,
              502541.37509999797
            ],
            [
              308634.37909999955,
              502538.92840000242
            ],
            [
              308641.13530000672,
              502533.37670000084
            ],
            [
              308646.62400000356,
              502522.76730000041
            ],
            [
              308653.1286000004,
              502517.08650000021
            ],
            [
              308661.32610000297,
              502508.77050000057
            ],
            [
              308669.37519999966,
              502500.94550000131
            ],
            [
              308675.25870000105,
              502493.4857000038
            ],
            [
              308678.05160000268,
              502486.98620000109
            ],
            [
              308681.77960000001,
              502479.95000000298
            ],
            [
              308690.46180000342,
              502474.84440000169
            ],
            [
              308700.80950000323,
              502468.28120000102
            ],
            [
              308709.99320000224,
              502461.22460000217
            ],
            [
              308714.40970000066,
              502456.13060000166
            ],
            [
              308720.10089999996,
              502448.81110000238
            ],
            [
              308723.25850000139,
              502443.60650000162
            ],
            [
              308724.46850000229,
              502438.19930000231
            ],
            [
              308721.14809999894,
              502433.79800000228
            ],
            [
              308713.74680000078,
              502427.69979999959
            ],
            [
              308703.666000003,
              502418.44519999996
            ],
            [
              308691.47979999986,
              502408.14519999921
            ],
            [
              308677.25009999983,
              502394.15210000053
            ],
            [
              308666.24830000196,
              502378.60170000233
            ],
            [
              308662.63590000011,
              502372.45150000416
            ],
            [
              308660.12990000285,
              502363.31069999933
            ],
            [
              308658.68390000146,
              502356.18760000169
            ],
            [
              308653.25950000342,
              502340.83450000174
            ],
            [
              308646.26269999985,
              502324.81530000083
            ],
            [
              308637.51970000286,
              502304.36639999971
            ],
            [
              308625.61080000177,
              502275.02189999819
            ],
            [
              308618.80630000401,
              502259.88189999945
            ],
            [
              308612.44880000222,
              502244.77920000069
            ],
            [
              308604.52479999792,
              502225.54770000093
            ],
            [
              308599.41130000167,
              502212.65890000015
            ],
            [
              308594.63010000344,
              502201.76640000008
            ],
            [
              308594.29700000398,
              502192.52300000377
            ],
            [
              308595.92160000093,
              502179.74290000275
            ],
            [
              308592.69210000336,
              502168.68220000528
            ],
            [
              308583.56790000014,
              502153.75909999944
            ],
            [
              308578.64560000226,
              502142.28200000152
            ],
            [
              308574.70170000102,
              502130.8601000011
            ],
            [
              308560.9086000016,
              502113.91000000015
            ],
            [
              308546.49100000132,
              502090.8628999982
            ],
            [
              308531.48130000103,
              502067.08870000206
            ],
            [
              308522.35670000222,
              502052.40980000421
            ],
            [
              308514.44750000257,
              502038.83620000072
            ],
            [
              308509.37359999958,
              502029.62030000053
            ],
            [
              308503.50949999969,
              502020.2025000006
            ]
          ]
        ]
      }
    },
    {
      "attributes" : {
        "FID" : 5,
        "PMNTN_SN" : 31921,
        "MNTN_CODE" : "431502501",
        "MNTN_NM" : "성산",
        "PMNTN_NM" : "강제동구간",
        "PMNTN_MAIN" : " ",
        "PMNTN_LT" : 0.57,
        "PMNTN_DFFL" : "쉬움",
        "PMNTN_UPPL" : 10,
        "PMNTN_GODN" : 7,
        "PMNTN_MTRQ" : " ",
        "PMNTN_CNRL" : " ",
        "PMNTN_CLS_" : " ",
        "PMNTN_RISK" : " ",
        "PMNTN_RECO" : " ",
        "DATA_STDR_" : "2016-12-31",
        "MNTN_ID" : "431502501"
      },
      "geometry" : {
        "paths" : [
          [
            [
              308503.50949999969,
              502020.2025000006
            ],
            [
              308495.09869999997,
              502016.33620000444
            ],
            [
              308480.8637000015,
              502006.26820000261
            ],
            [
              308474.75340000261,
              502001.47970000096
            ],
            [
              308471.82689999975,
              501997.21770000271
            ],
            [
              308464.77980000339,
              501995.3321000021
            ],
            [
              308457.9569000015,
              501992.94180000201
            ],
            [
              308452.76800000016,
              501989.49029999785
            ],
            [
              308447.43689999916,
              501988.23069999926
            ],
            [
              308439.81190000381,
              501989.87759999931
            ],
            [
              308434.29700000212,
              501989.63510000147
            ],
            [
              308428.75910000037,
              501988.57850000262
            ],
            [
              308416.75010000262,
              501982.81919999979
            ],
            [
              308402.24850000255,
              501981.84730000235
            ],
            [
              308396.29280000366,
              501982.70869999938
            ],
            [
              308387.10610000044,
              501983.73059999943
            ],
            [
              308375.16390000377,
              501981.7379999999
            ],
            [
              308358.62060000282,
              501982.33650000021
            ],
            [
              308347.80430000275,
              501983.47429999895
            ],
            [
              308327.54650000203,
              501984.42180000246
            ],
            [
              308309.94540000055,
              501988.60640000179
            ],
            [
              308295.0277000051,
              501990.4963000007
            ],
            [
              308282.07610000391,
              501990.58090000041
            ],
            [
              308270.86900000554,
              501992.61270000041
            ],
            [
              308259.21230000071,
              501995.36540000141
            ],
            [
              308248.94070000201,
              502001.37020000257
            ],
            [
              308237.23510000017,
              502006.56919999979
            ],
            [
              308228.23450000025,
              502009.08550000004
            ],
            [
              308218.52190000284,
              502009.36540000141
            ],
            [
              308207.80269999988,
              502007.56730000302
            ],
            [
              308199.04130000155,
              502008.34000000171
            ],
            [
              308189.55080000218,
              502012.42030000128
            ],
            [
              308182.40390000027,
              502019.49410000257
            ],
            [
              308172.33290000074,
              502025.13150000386
            ],
            [
              308161.58110000286,
              502029.36470000073
            ],
            [
              308153.2741000047,
              502034.42810000107
            ],
            [
              308141.04710000381,
              502040.8235000018
            ],
            [
              308134.53470000252,
              502047.44490000233
            ],
            [
              308129.45850000251,
              502052.99679999985
            ],
            [
              308125.1443000026,
              502062.22160000168
            ],
            [
              308122.68410000298,
              502070.96780000068
            ],
            [
              308117.67329999991,
              502081.25449999981
            ],
            [
              308114.78300000355,
              502093.55430000275
            ],
            [
              308111.81610000413,
              502107.51860000007
            ],
            [
              308106.36349999998,
              502117.92180000059
            ],
            [
              308099.90480000246,
              502124.08349999972
            ],
            [
              308091.16100000404,
              502131.83850000054
            ],
            [
              308080.45229999907,
              502143.65149999969
            ],
            [
              308074.12260000315,
              502151.94889999926
            ],
            [
              308067.58420000318,
              502160.71049999818
            ],
            [
              308058.11530000251,
              502169.54220000096
            ],
            [
              308045.69179999735,
              502178.13770000078
            ],
            [
              308036.74270000122,
              502184.39480000176
            ]
          ]
        ]
      }
    }
  ]
}