{
  "displayFieldName" : "",
  "fieldAliases" : {
    "FID" : "FID",
    "PMNTN_SPOT" : "PMNTN_SPOT",
    "MNTN_CODE" : "MNTN_CODE",
    "MANAGE_SP1" : "MANAGE_SP1",
    "MANAGE_SP2" : "MANAGE_SP2",
    "DETAIL_SPO" : "DETAIL_SPO",
    "ETC_MATTER" : "ETC_MATTER",
    "MNTN_NM" : "MNTN_NM",
    "PAST_SPOT_" : "PAST_SPOT_",
    "MNTN_ID" : "MNTN_ID"
  },
  "geometryType" : "esriGeometryPoint",
  "spatialReference" : {
    "wkt" : "PROJCS[\"PCS_ITRF2000_TM\",GEOGCS[\"GCS_ITRF_2000\",DATUM[\"D_ITRF_2000\",SPHEROID[\"GRS_1980\",6378137.0,298.257222101]],PRIMEM[\"Greenwich\",0.0],UNIT[\"Degree\",0.0174532925199433]],PROJECTION[\"Transverse_Mercator\"],PARAMETER[\"False_Easting\",200000.0],PARAMETER[\"False_Northing\",600000.0],PARAMETER[\"Central_Meridian\",127.0],PARAMETER[\"Scale_Factor\",1.0],PARAMETER[\"Latitude_Of_Origin\",38.0],UNIT[\"Meter\",1.0]]"
  },
  "fields" : [
    {
      "name" : "FID",
      "type" : "esriFieldTypeOID",
      "alias" : "FID"
    },
    {
      "name" : "PMNTN_SPOT",
      "type" : "esriFieldTypeDouble",
      "alias" : "PMNTN_SPOT"
    },
    {
      "name" : "MNTN_CODE",
      "type" : "esriFieldTypeString",
      "alias" : "MNTN_CODE",
      "length" : 9
    },
    {
      "name" : "MANAGE_SP1",
      "type" : "esriFieldTypeString",
      "alias" : "MANAGE_SP1",
      "length" : 2
    },
    {
      "name" : "MANAGE_SP2",
      "type" : "esriFieldTypeString",
      "alias" : "MANAGE_SP2",
      "length" : 50
    },
    {
      "name" : "DETAIL_SPO",
      "type" : "esriFieldTypeString",
      "alias" : "DETAIL_SPO",
      "length" : 200
    },
    {
      "name" : "ETC_MATTER",
      "type" : "esriFieldTypeString",
      "alias" : "ETC_MATTER",
      "length" : 200
    },
    {
      "name" : "MNTN_NM",
      "type" : "esriFieldTypeString",
      "alias" : "MNTN_NM",
      "length" : 50
    },
    {
      "name" : "PAST_SPOT_",
      "type" : "esriFieldTypeString",
      "alias" : "PAST_SPOT_",
      "length" : 14
    },
    {
      "name" : "MNTN_ID",
      "type" : "esriFieldTypeString",
      "alias" : "MNTN_ID",
      "length" : 10
    }
  ],
  "features" : [
    {
      "attributes" : {
        "FID" : 0,
        "PMNTN_SPOT" : 52193,
        "MNTN_CODE" : "431502501",
        "MANAGE_SP1" : "01",
        "MANAGE_SP2" : "시종점",
        "DETAIL_SPO" : "시종점",
        "ETC_MATTER" : " ",
        "MNTN_NM" : "성산",
        "PAST_SPOT_" : "4315025010001",
        "MNTN_ID" : "431502501"
      },
      "geometry" : {
        "x" : 306778.8180999998,
        "y" : 501917.65599999949
      }
    },
    {
      "attributes" : {
        "FID" : 1,
        "PMNTN_SPOT" : 52194,
        "MNTN_CODE" : "431502501",
        "MANAGE_SP1" : "01",
        "MANAGE_SP2" : "시종점",
        "DETAIL_SPO" : "시종점",
        "ETC_MATTER" : " ",
        "MNTN_NM" : "성산",
        "PAST_SPOT_" : "4315025010002",
        "MNTN_ID" : "431502501"
      },
      "geometry" : {
        "x" : 307759.30590000004,
        "y" : 502601.56689999998
      }
    },
    {
      "attributes" : {
        "FID" : 2,
        "PMNTN_SPOT" : 52195,
        "MNTN_CODE" : "431502501",
        "MANAGE_SP1" : "02",
        "MANAGE_SP2" : "분기점",
        "DETAIL_SPO" : "분기점",
        "ETC_MATTER" : " ",
        "MNTN_NM" : "성산",
        "PAST_SPOT_" : "4315025010003",
        "MNTN_ID" : "431502501"
      },
      "geometry" : {
        "x" : 307859.58919999935,
        "y" : 502602.96230000257
      }
    },
    {
      "attributes" : {
        "FID" : 3,
        "PMNTN_SPOT" : 52196,
        "MNTN_CODE" : "431502501",
        "MANAGE_SP1" : "02",
        "MANAGE_SP2" : "분기점",
        "DETAIL_SPO" : "분기점",
        "ETC_MATTER" : " ",
        "MNTN_NM" : "성산",
        "PAST_SPOT_" : "4315025010004",
        "MNTN_ID" : "431502501"
      },
      "geometry" : {
        "x" : 308036.74270000122,
        "y" : 502184.39480000176
      }
    },
    {
      "attributes" : {
        "FID" : 4,
        "PMNTN_SPOT" : 52197,
        "MNTN_CODE" : "431502501",
        "MANAGE_SP1" : "02",
        "MANAGE_SP2" : "분기점",
        "DETAIL_SPO" : "분기점",
        "ETC_MATTER" : " ",
        "MNTN_NM" : "성산",
        "PAST_SPOT_" : "4315025010005",
        "MNTN_ID" : "431502501"
      },
      "geometry" : {
        "x" : 308503.50949999969,
        "y" : 502020.2025000006
      }
    },
    {
      "attributes" : {
        "FID" : 5,
        "PMNTN_SPOT" : 52198,
        "MNTN_CODE" : "431502501",
        "MANAGE_SP1" : "01",
        "MANAGE_SP2" : "시종점",
        "DETAIL_SPO" : "시종점",
        "ETC_MATTER" : " ",
        "MNTN_NM" : "성산",
        "PAST_SPOT_" : "4315025010006",
        "MNTN_ID" : "431502501"
      },
      "geometry" : {
        "x" : 308513.65429999959,
        "y" : 502010.32610000111
      }
    }
  ]
}