{
  "displayFieldName" : "",
  "fieldAliases" : {
    "FID" : "FID",
    "PMNTN_SPOT" : "PMNTN_SPOT",
    "MNTN_CODE" : "MNTN_CODE",
    "MANAGE_SP1" : "MANAGE_SP1",
    "MANAGE_SP2" : "MANAGE_SP2",
    "DETAIL_SPO" : "DETAIL_SPO",
    "ETC_MATTER" : "ETC_MATTER",
    "MNTN_NM" : "MNTN_NM",
    "PAST_SPOT_" : "PAST_SPOT_",
    "MNTN_ID" : "MNTN_ID"
  },
  "geometryType" : "esriGeometryPoint",
  "spatialReference" : {
    "wkt" : "PROJCS[\"PCS_ITRF2000_TM\",GEOGCS[\"GCS_ITRF_2000\",DATUM[\"D_ITRF_2000\",SPHEROID[\"GRS_1980\",6378137.0,298.257222101]],PRIMEM[\"Greenwich\",0.0],UNIT[\"Degree\",0.0174532925199433]],PROJECTION[\"Transverse_Mercator\"],PARAMETER[\"False_Easting\",200000.0],PARAMETER[\"False_Northing\",600000.0],PARAMETER[\"Central_Meridian\",127.0],PARAMETER[\"Scale_Factor\",1.0],PARAMETER[\"Latitude_Of_Origin\",38.0],UNIT[\"Meter\",1.0]]"
  },
  "fields" : [
    {
      "name" : "FID",
      "type" : "esriFieldTypeOID",
      "alias" : "FID"
    },
    {
      "name" : "PMNTN_SPOT",
      "type" : "esriFieldTypeDouble",
      "alias" : "PMNTN_SPOT"
    },
    {
      "name" : "MNTN_CODE",
      "type" : "esriFieldTypeString",
      "alias" : "MNTN_CODE",
      "length" : 9
    },
    {
      "name" : "MANAGE_SP1",
      "type" : "esriFieldTypeString",
      "alias" : "MANAGE_SP1",
      "length" : 2
    },
    {
      "name" : "MANAGE_SP2",
      "type" : "esriFieldTypeString",
      "alias" : "MANAGE_SP2",
      "length" : 50
    },
    {
      "name" : "DETAIL_SPO",
      "type" : "esriFieldTypeString",
      "alias" : "DETAIL_SPO",
      "length" : 200
    },
    {
      "name" : "ETC_MATTER",
      "type" : "esriFieldTypeString",
      "alias" : "ETC_MATTER",
      "length" : 200
    },
    {
      "name" : "MNTN_NM",
      "type" : "esriFieldTypeString",
      "alias" : "MNTN_NM",
      "length" : 50
    },
    {
      "name" : "PAST_SPOT_",
      "type" : "esriFieldTypeString",
      "alias" : "PAST_SPOT_",
      "length" : 14
    },
    {
      "name" : "MNTN_ID",
      "type" : "esriFieldTypeString",
      "alias" : "MNTN_ID",
      "length" : 10
    }
  ],
  "features" : [
    {
      "attributes" : {
        "FID" : 0,
        "PMNTN_SPOT" : 22055,
        "MNTN_CODE" : "437302801",
        "MANAGE_SP1" : "99",
        "MANAGE_SP2" : "기타",
        "DETAIL_SPO" : "청산고등학교",
        "ETC_MATTER" : " ",
        "MNTN_NM" : "도덕봉",
        "PAST_SPOT_" : "4373028010001",
        "MNTN_ID" : "437302801"
      },
      "geometry" : {
        "x" : 271167.47549999878,
        "y" : 417103.1155999992
      }
    },
    {
      "attributes" : {
        "FID" : 1,
        "PMNTN_SPOT" : 22056,
        "MNTN_CODE" : "437302801",
        "MANAGE_SP1" : "23",
        "MANAGE_SP2" : "정상",
        "DETAIL_SPO" : "정상고지",
        "ETC_MATTER" : " ",
        "MNTN_NM" : "도덕봉",
        "PAST_SPOT_" : "4373028010002",
        "MNTN_ID" : "437302801"
      },
      "geometry" : {
        "x" : 270260.98080000188,
        "y" : 418185.00950000249
      }
    },
    {
      "attributes" : {
        "FID" : 2,
        "PMNTN_SPOT" : 22057,
        "MNTN_CODE" : "437302801",
        "MANAGE_SP1" : "99",
        "MANAGE_SP2" : "기타",
        "DETAIL_SPO" : "현대주유소",
        "ETC_MATTER" : " ",
        "MNTN_NM" : "도덕봉",
        "PAST_SPOT_" : "4373028010003",
        "MNTN_ID" : "437302801"
      },
      "geometry" : {
        "x" : 269337.03860000148,
        "y" : 415953.15509999916
      }
    },
    {
      "attributes" : {
        "FID" : 3,
        "PMNTN_SPOT" : 22058,
        "MNTN_CODE" : "437302801",
        "MANAGE_SP1" : "99",
        "MANAGE_SP2" : "기타",
        "DETAIL_SPO" : "백운사",
        "ETC_MATTER" : " ",
        "MNTN_NM" : "도덕봉",
        "PAST_SPOT_" : "4373028010004",
        "MNTN_ID" : "437302801"
      },
      "geometry" : {
        "x" : 270945.97169999965,
        "y" : 417396.03670000099
      }
    },
    {
      "attributes" : {
        "FID" : 4,
        "PMNTN_SPOT" : 22059,
        "MNTN_CODE" : "437302801",
        "MANAGE_SP1" : "01",
        "MANAGE_SP2" : "시종점",
        "DETAIL_SPO" : "시종점",
        "ETC_MATTER" : " ",
        "MNTN_NM" : "도덕봉",
        "PAST_SPOT_" : "4373028010005",
        "MNTN_ID" : "437302801"
      },
      "geometry" : {
        "x" : 267350.55459999945,
        "y" : 416297.96790000051
      }
    },
    {
      "attributes" : {
        "FID" : 5,
        "PMNTN_SPOT" : 22060,
        "MNTN_CODE" : "437302801",
        "MANAGE_SP1" : "02",
        "MANAGE_SP2" : "분기점",
        "DETAIL_SPO" : "분기점",
        "ETC_MATTER" : " ",
        "MNTN_NM" : "도덕봉",
        "PAST_SPOT_" : "4373028010006",
        "MNTN_ID" : "437302801"
      },
      "geometry" : {
        "x" : 268429.29829999991,
        "y" : 417074.43370000087
      }
    },
    {
      "attributes" : {
        "FID" : 6,
        "PMNTN_SPOT" : 22061,
        "MNTN_CODE" : "437302801",
        "MANAGE_SP1" : "01",
        "MANAGE_SP2" : "시종점",
        "DETAIL_SPO" : "시종점",
        "ETC_MATTER" : " ",
        "MNTN_NM" : "도덕봉",
        "PAST_SPOT_" : "4373028010007",
        "MNTN_ID" : "437302801"
      },
      "geometry" : {
        "x" : 268878.72610000055,
        "y" : 416365.05570000038
      }
    },
    {
      "attributes" : {
        "FID" : 7,
        "PMNTN_SPOT" : 22062,
        "MNTN_CODE" : "437302801",
        "MANAGE_SP1" : "01",
        "MANAGE_SP2" : "시종점",
        "DETAIL_SPO" : "시종점",
        "ETC_MATTER" : " ",
        "MNTN_NM" : "도덕봉",
        "PAST_SPOT_" : "4373028010008",
        "MNTN_ID" : "437302801"
      },
      "geometry" : {
        "x" : 268946.05810000002,
        "y" : 418554.90750000067
      }
    },
    {
      "attributes" : {
        "FID" : 8,
        "PMNTN_SPOT" : 22063,
        "MNTN_CODE" : "437302801",
        "MANAGE_SP1" : "02",
        "MANAGE_SP2" : "분기점",
        "DETAIL_SPO" : "분기점",
        "ETC_MATTER" : " ",
        "MNTN_NM" : "도덕봉",
        "PAST_SPOT_" : "4373028010009",
        "MNTN_ID" : "437302801"
      },
      "geometry" : {
        "x" : 268984.36780000106,
        "y" : 416156.29600000195
      }
    },
    {
      "attributes" : {
        "FID" : 9,
        "PMNTN_SPOT" : 22064,
        "MNTN_CODE" : "437302801",
        "MANAGE_SP1" : "01",
        "MANAGE_SP2" : "시종점",
        "DETAIL_SPO" : "시종점",
        "ETC_MATTER" : " ",
        "MNTN_NM" : "도덕봉",
        "PAST_SPOT_" : "4373028010010",
        "MNTN_ID" : "437302801"
      },
      "geometry" : {
        "x" : 269194.07579999976,
        "y" : 415828.44740000181
      }
    },
    {
      "attributes" : {
        "FID" : 10,
        "PMNTN_SPOT" : 22065,
        "MNTN_CODE" : "437302801",
        "MANAGE_SP1" : "01",
        "MANAGE_SP2" : "시종점",
        "DETAIL_SPO" : "시종점",
        "ETC_MATTER" : " ",
        "MNTN_NM" : "도덕봉",
        "PAST_SPOT_" : "4373028010011",
        "MNTN_ID" : "437302801"
      },
      "geometry" : {
        "x" : 269339.53070374206,
        "y" : 415948.06299671903
      }
    },
    {
      "attributes" : {
        "FID" : 11,
        "PMNTN_SPOT" : 22066,
        "MNTN_CODE" : "437302801",
        "MANAGE_SP1" : "01",
        "MANAGE_SP2" : "시종점",
        "DETAIL_SPO" : "시종점",
        "ETC_MATTER" : " ",
        "MNTN_NM" : "도덕봉",
        "PAST_SPOT_" : "4373028010012",
        "MNTN_ID" : "437302801"
      },
      "geometry" : {
        "x" : 270333.44649999961,
        "y" : 416593.12719999813
      }
    },
    {
      "attributes" : {
        "FID" : 12,
        "PMNTN_SPOT" : 22067,
        "MNTN_CODE" : "437302801",
        "MANAGE_SP1" : "01",
        "MANAGE_SP2" : "시종점",
        "DETAIL_SPO" : "시종점",
        "ETC_MATTER" : " ",
        "MNTN_NM" : "도덕봉",
        "PAST_SPOT_" : "4373028010013",
        "MNTN_ID" : "437302801"
      },
      "geometry" : {
        "x" : 270399.6428000005,
        "y" : 417291.16480000317
      }
    },
    {
      "attributes" : {
        "FID" : 13,
        "PMNTN_SPOT" : 22068,
        "MNTN_CODE" : "437302801",
        "MANAGE_SP1" : "02",
        "MANAGE_SP2" : "분기점",
        "DETAIL_SPO" : "분기점",
        "ETC_MATTER" : " ",
        "MNTN_NM" : "도덕봉",
        "PAST_SPOT_" : "4373028010014",
        "MNTN_ID" : "437302801"
      },
      "geometry" : {
        "x" : 270668.41309999954,
        "y" : 417291.81990000233
      }
    },
    {
      "attributes" : {
        "FID" : 14,
        "PMNTN_SPOT" : 22069,
        "MNTN_CODE" : "437302801",
        "MANAGE_SP1" : "01",
        "MANAGE_SP2" : "시종점",
        "DETAIL_SPO" : "시종점",
        "ETC_MATTER" : " ",
        "MNTN_NM" : "도덕봉",
        "PAST_SPOT_" : "4373028010015",
        "MNTN_ID" : "437302801"
      },
      "geometry" : {
        "x" : 270946.18820000067,
        "y" : 417394.20160000212
      }
    },
    {
      "attributes" : {
        "FID" : 15,
        "PMNTN_SPOT" : 22070,
        "MNTN_CODE" : "437302801",
        "MANAGE_SP1" : "01",
        "MANAGE_SP2" : "시종점",
        "DETAIL_SPO" : "시종점",
        "ETC_MATTER" : " ",
        "MNTN_NM" : "도덕봉",
        "PAST_SPOT_" : "4373028010016",
        "MNTN_ID" : "437302801"
      },
      "geometry" : {
        "x" : 271117.86970000062,
        "y" : 416771.24050000124
      }
    },
    {
      "attributes" : {
        "FID" : 16,
        "PMNTN_SPOT" : 22071,
        "MNTN_CODE" : "437302801",
        "MANAGE_SP1" : "01",
        "MANAGE_SP2" : "시종점",
        "DETAIL_SPO" : "시종점",
        "ETC_MATTER" : " ",
        "MNTN_NM" : "도덕봉",
        "PAST_SPOT_" : "4373028010017",
        "MNTN_ID" : "437302801"
      },
      "geometry" : {
        "x" : 271166.39600000065,
        "y" : 417114.53329999931
      }
    },
    {
      "attributes" : {
        "FID" : 17,
        "PMNTN_SPOT" : 22072,
        "MNTN_CODE" : "437302801",
        "MANAGE_SP1" : "02",
        "MANAGE_SP2" : "분기점",
        "DETAIL_SPO" : "분기점",
        "ETC_MATTER" : " ",
        "MNTN_NM" : "도덕봉",
        "PAST_SPOT_" : "4373028010018",
        "MNTN_ID" : "437302801"
      },
      "geometry" : {
        "x" : 271187.71349999961,
        "y" : 417190.62150000222
      }
    },
    {
      "attributes" : {
        "FID" : 18,
        "PMNTN_SPOT" : 22073,
        "MNTN_CODE" : "437302801",
        "MANAGE_SP1" : "02",
        "MANAGE_SP2" : "분기점",
        "DETAIL_SPO" : "분기점",
        "ETC_MATTER" : " ",
        "MNTN_NM" : "도덕봉",
        "PAST_SPOT_" : "4373028010019",
        "MNTN_ID" : "437302801"
      },
      "geometry" : {
        "x" : 271487.71720000077,
        "y" : 418920.6074000001
      }
    },
    {
      "attributes" : {
        "FID" : 19,
        "PMNTN_SPOT" : 22074,
        "MNTN_CODE" : "437302801",
        "MANAGE_SP1" : "01",
        "MANAGE_SP2" : "시종점",
        "DETAIL_SPO" : "시종점",
        "ETC_MATTER" : " ",
        "MNTN_NM" : "도덕봉",
        "PAST_SPOT_" : "4373028010020",
        "MNTN_ID" : "437302801"
      },
      "geometry" : {
        "x" : 271516.28039999958,
        "y" : 418944.91499999911
      }
    }
  ]
}