{
  "displayFieldName" : "",
  "fieldAliases" : {
    "FID" : "FID",
    "PMNTN_SN" : "PMNTN_SN",
    "MNTN_CODE" : "MNTN_CODE",
    "MNTN_NM" : "MNTN_NM",
    "PMNTN_NM" : "PMNTN_NM",
    "PMNTN_MAIN" : "PMNTN_MAIN",
    "PMNTN_LT" : "PMNTN_LT",
    "PMNTN_DFFL" : "PMNTN_DFFL",
    "PMNTN_UPPL" : "PMNTN_UPPL",
    "PMNTN_GODN" : "PMNTN_GODN",
    "PMNTN_MTRQ" : "PMNTN_MTRQ",
    "PMNTN_CNRL" : "PMNTN_CNRL",
    "PMNTN_CLS_" : "PMNTN_CLS_",
    "PMNTN_RISK" : "PMNTN_RISK",
    "PMNTN_RECO" : "PMNTN_RECO",
    "DATA_STDR_" : "DATA_STDR_",
    "MNTN_ID" : "MNTN_ID"
  },
  "geometryType" : "esriGeometryPolyline",
  "spatialReference" : {
    "wkt" : "PROJCS[\"PCS_ITRF2000_TM\",GEOGCS[\"GCS_ITRF_2000\",DATUM[\"D_ITRF_2000\",SPHEROID[\"GRS_1980\",6378137.0,298.257222101]],PRIMEM[\"Greenwich\",0.0],UNIT[\"Degree\",0.0174532925199433]],PROJECTION[\"Transverse_Mercator\"],PARAMETER[\"False_Easting\",200000.0],PARAMETER[\"False_Northing\",600000.0],PARAMETER[\"Central_Meridian\",127.0],PARAMETER[\"Scale_Factor\",1.0],PARAMETER[\"Latitude_Of_Origin\",38.0],UNIT[\"Meter\",1.0]]"
  },
  "fields" : [
    {
      "name" : "FID",
      "type" : "esriFieldTypeOID",
      "alias" : "FID"
    },
    {
      "name" : "PMNTN_SN",
      "type" : "esriFieldTypeDouble",
      "alias" : "PMNTN_SN"
    },
    {
      "name" : "MNTN_CODE",
      "type" : "esriFieldTypeString",
      "alias" : "MNTN_CODE",
      "length" : 9
    },
    {
      "name" : "MNTN_NM",
      "type" : "esriFieldTypeString",
      "alias" : "MNTN_NM",
      "length" : 50
    },
    {
      "name" : "PMNTN_NM",
      "type" : "esriFieldTypeString",
      "alias" : "PMNTN_NM",
      "length" : 50
    },
    {
      "name" : "PMNTN_MAIN",
      "type" : "esriFieldTypeString",
      "alias" : "PMNTN_MAIN",
      "length" : 200
    },
    {
      "name" : "PMNTN_LT",
      "type" : "esriFieldTypeSingle",
      "alias" : "PMNTN_LT"
    },
    {
      "name" : "PMNTN_DFFL",
      "type" : "esriFieldTypeString",
      "alias" : "PMNTN_DFFL",
      "length" : 8
    },
    {
      "name" : "PMNTN_UPPL",
      "type" : "esriFieldTypeDouble",
      "alias" : "PMNTN_UPPL"
    },
    {
      "name" : "PMNTN_GODN",
      "type" : "esriFieldTypeDouble",
      "alias" : "PMNTN_GODN"
    },
    {
      "name" : "PMNTN_MTRQ",
      "type" : "esriFieldTypeString",
      "alias" : "PMNTN_MTRQ",
      "length" : 200
    },
    {
      "name" : "PMNTN_CNRL",
      "type" : "esriFieldTypeString",
      "alias" : "PMNTN_CNRL",
      "length" : 1
    },
    {
      "name" : "PMNTN_CLS_",
      "type" : "esriFieldTypeString",
      "alias" : "PMNTN_CLS_",
      "length" : 1
    },
    {
      "name" : "PMNTN_RISK",
      "type" : "esriFieldTypeString",
      "alias" : "PMNTN_RISK",
      "length" : 200
    },
    {
      "name" : "PMNTN_RECO",
      "type" : "esriFieldTypeString",
      "alias" : "PMNTN_RECO",
      "length" : 1
    },
    {
      "name" : "DATA_STDR_",
      "type" : "esriFieldTypeString",
      "alias" : "DATA_STDR_",
      "length" : 10
    },
    {
      "name" : "MNTN_ID",
      "type" : "esriFieldTypeString",
      "alias" : "MNTN_ID",
      "length" : 10
    }
  ],
  "features" : [
    {
      "attributes" : {
        "FID" : 0,
        "PMNTN_SN" : 16297,
        "MNTN_CODE" : "441300801",
        "MNTN_NM" : "매봉산",
        "PMNTN_NM" : "탑원리구간",
        "PMNTN_MAIN" : " ",
        "PMNTN_LT" : 0.39,
        "PMNTN_DFFL" : "쉬움",
        "PMNTN_UPPL" : 7,
        "PMNTN_GODN" : 5,
        "PMNTN_MTRQ" : " ",
        "PMNTN_CNRL" : " ",
        "PMNTN_CLS_" : " ",
        "PMNTN_RISK" : " ",
        "PMNTN_RECO" : " ",
        "DATA_STDR_" : "2016-12-31",
        "MNTN_ID" : "441300801"
      },
      "geometry" : {
        "paths" : [
          [
            [
              227689.18479999993,
              462101.96000000089
            ],
            [
              227698.14209999982,
              462105.67970000021
            ],
            [
              227700.59649999999,
              462106.82470000349
            ],
            [
              227721.70489999931,
              462118.19610000029
            ],
            [
              227725.16790000349,
              462122.00830000266
            ],
            [
              227732.774000003,
              462127.85600000247
            ],
            [
              227736.70000000112,
              462129.51420000196
            ],
            [
              227741.44909999985,
              462128.1018000003
            ],
            [
              227743.82880000025,
              462128.50180000253
            ],
            [
              227746.05620000046,
              462129.82800000161
            ],
            [
              227748.47020000219,
              462130.80719999969
            ],
            [
              227750.95280000102,
              462132.40750000253
            ],
            [
              227754.05279999971,
              462131.66090000048
            ],
            [
              227756.68400000408,
              462133.50669999979
            ],
            [
              227759.49060000107,
              462134.0541999992
            ],
            [
              227762.00400000345,
              462134.42259999923
            ],
            [
              227764.39590000082,
              462135.80270000175
            ],
            [
              227766.970900001,
              462136.76659999788
            ],
            [
              227769.42460000049,
              462138.02489999868
            ],
            [
              227772.16669999994,
              462139.23189999908
            ],
            [
              227774.59250000119,
              462140.87440000102
            ],
            [
              227776.78980000131,
              462142.05730000138
            ],
            [
              227778.98340000026,
              462144.12109999917
            ],
            [
              227781.6062000012,
              462145.27900000103
            ],
            [
              227784.45969999861,
              462145.94380000047
            ],
            [
              227786.970900001,
              462146.72930000164
            ],
            [
              227789.28820000216,
              462147.93630000204
            ],
            [
              227794.39580000006,
              462148.12040000223
            ],
            [
              227797.03290000279,
              462148.82480000146
            ],
            [
              227799.79989999998,
              462149.20999999903
            ],
            [
              227802.58080000151,
              462149.2902999986
            ],
            [
              227804.97709999979,
              462149.20629999973
            ],
            [
              227806.90899999999,
              462148.45690000057
            ],
            [
              227810.30700000003,
              462148.83150000125
            ],
            [
              227811.68420000188,
              462149.30570000038
            ],
            [
              227813.44039999973,
              462149.58120000176
            ],
            [
              227814.93420000002,
              462150.47190000117
            ],
            [
              227816.83930000011,
              462151.09940000065
            ],
            [
              227818.61539999954,
              462152.13240000047
            ],
            [
              227821.12040000036,
              462152.55220000073
            ],
            [
              227823.26429999992,
              462153.69280000404
            ],
            [
              227825.28320000228,
              462154.75560000166
            ],
            [
              227827.2731999997,
              462156.50579999946
            ],
            [
              227830.74260000233,
              462159.17710000463
            ],
            [
              227832.14830000047,
              462159.55959999934
            ],
            [
              227832.93640000001,
              462160.07039999962
            ],
            [
              227833.12520000059,
              462160.3665000014
            ],
            [
              227833.97920000367,
              462160.49810000323
            ],
            [
              227835.58230000362,
              462160.93299999833
            ],
            [
              227836.54210000206,
              462161.36240000464
            ],
            [
              227836.66640000418,
              462163.31870000064
            ],
            [
              227837.07690000255,
              462163.40330000222
            ],
            [
              227838.32039999962,
              462164.07680000737
            ],
            [
              227840.62260000128,
              462164.63160000369
            ],
            [
              227842.85060000233,
              462164.74019999988
            ],
            [
              227845.18479999993,
              462165.48430000246
            ],
            [
              227847.42729999963,
              462166.09479999915
            ],
            [
              227849.80700000096,
              462167.19569999911
            ],
            [
              227852.19290000014,
              462167.61850000173
            ],
            [
              227854.66150000319,
              462168.69360000081
            ],
            [
              227859.28920000326,
              462171.40370000154
            ],
            [
              227861.93480000086,
              462171.61500000022
            ],
            [
              227864.4683000017,
              462172.16610000096
            ],
            [
              227867.00019999966,
              462173.07990000211
            ],
            [
              227872.32340000104,
              462174.0223999992
            ],
            [
              227874.91320000123,
              462174.79309999943
            ],
            [
              227877.55530000106,
              462175.1342999991
            ],
            [
              227880.3740000017,
              462175.78299999982
            ],
            [
              227883.1118000038,
              462175.73880000226
            ],
            [
              227885.70430000219,
              462175.33019999973
            ],
            [
              227888.46930000093,
              462175.11690000258
            ],
            [
              227890.85960000288,
              462174.8655999992
            ],
            [
              227893.6138000004,
              462175.7929999996
            ],
            [
              227895.83940000087,
              462176.80230000056
            ],
            [
              227898.24040000048,
              462176.96380000189
            ],
            [
              227904.87110000011,
              462180.51740000211
            ],
            [
              227906.87100000121,
              462181.88069999777
            ],
            [
              227908.39750000183,
              462183.39290000126
            ],
            [
              227909.93370000087,
              462184.83990000188
            ],
            [
              227911.54540000204,
              462185.99819999933
            ],
            [
              227913.82760000229,
              462187.61300000176
            ],
            [
              227915.57030000072,
              462187.97920000181
            ],
            [
              227917.72400000039,
              462190.5792999994
            ],
            [
              227919.94520000275,
              462192.36030000076
            ],
            [
              227921.85480000265,
              462193.39440000243
            ],
            [
              227923.45870000124,
              462193.90030000359
            ],
            [
              227923.61500000395,
              462194.22740000114
            ],
            [
              227924.92879999988,
              462194.93360000104
            ],
            [
              227926.63670000248,
              462195.95450000092
            ],
            [
              227929.5803000005,
              462197.99410000071
            ],
            [
              227931.60660000052,
              462199.58380000107
            ],
            [
              227933.6018000003,
              462199.82790000178
            ],
            [
              227934.99880000297,
              462199.7513000071
            ],
            [
              227936.08449999988,
              462200.07560000382
            ],
            [
              227937.0652999999,
              462198.76220000163
            ],
            [
              227939.33460000157,
              462197.31319999881
            ],
            [
              227941.86920000054,
              462197.42559999973
            ],
            [
              227942.87540000118,
              462195.77240000293
            ],
            [
              227944.1799000008,
              462195.1817000024
            ],
            [
              227945.57970000058,
              462194.55220000073
            ],
            [
              227947.166000003,
              462194.80800000392
            ],
            [
              227948.54920000304,
              462194.7061999999
            ],
            [
              227949.9813000001,
              462194.53319999762
            ],
            [
              227951.58900000062,
              462194.62720000185
            ],
            [
              227952.77250000183,
              462193.16599999927
            ],
            [
              227954.44870000146,
              462194.50620000251
            ],
            [
              227955.98869999964,
              462195.19400000013
            ],
            [
              227958.82149999961,
              462194.50579999946
            ],
            [
              227961.36000000127,
              462194.40820000321
            ],
            [
              227962.308699999,
              462191.17119999975
            ],
            [
              227968.095900001,
              462192.84009999968
            ],
            [
              227970.2993000038,
              462191.01080000214
            ],
            [
              227974.72020000126,
              462188.66290000081
            ],
            [
              227979.33420000225,
              462188.47600000165
            ],
            [
              227981.4552000016,
              462188.57140000165
            ],
            [
              227985.58120000083,
              462191.05829999968
            ],
            [
              227987.24470000155,
              462195.53140000068
            ],
            [
              227989.42640000023,
              462196.7722000014
            ],
            [
              227993.53010000382,
              462199.36340000108
            ],
            [
              228001.14230000135,
              462206.37790000252
            ],
            [
              228003.63280000072,
              462207.090499999
            ],
            [
              228008.70459999982,
              462210.1258000005
            ],
            [
              228011.2237999998,
              462210.57350000367
            ],
            [
              228016.74630000349,
              462211.39609999955
            ],
            [
              228019.05280000065,
              462211.86469999887
            ],
            [
              228020.59760000091,
              462212.68659999967
            ],
            [
              228023.89060000051,
              462218.30330000073
            ],
            [
              228026.77930000052,
              462222.0644000005
            ],
            [
              228028.18350000121,
              462222.90860000253
            ]
          ]
        ]
      }
    },
    {
      "attributes" : {
        "FID" : 1,
        "PMNTN_SN" : 16298,
        "MNTN_CODE" : "441300801",
        "MNTN_NM" : "매봉산",
        "PMNTN_NM" : "탑원리구간",
        "PMNTN_MAIN" : " ",
        "PMNTN_LT" : 0.31,
        "PMNTN_DFFL" : "쉬움",
        "PMNTN_UPPL" : 5,
        "PMNTN_GODN" : 4,
        "PMNTN_MTRQ" : " ",
        "PMNTN_CNRL" : " ",
        "PMNTN_CLS_" : " ",
        "PMNTN_RISK" : " ",
        "PMNTN_RECO" : " ",
        "DATA_STDR_" : "2016-12-31",
        "MNTN_ID" : "441300801"
      },
      "geometry" : {
        "paths" : [
          [
            [
              227970.81559999939,
              462444.19649999961
            ],
            [
              227970.90710000228,
              462444.36270000227
            ],
            [
              227970.92399999965,
              462444.31140000001
            ],
            [
              227970.92390000075,
              462444.28790000267
            ],
            [
              227970.89589999896,
              462444.27480000071
            ],
            [
              227970.92830000166,
              462444.25100000203
            ],
            [
              227971.33780000266,
              462444.68840000033
            ],
            [
              227973.33820000011,
              462445.30530000106
            ],
            [
              227975.64190000016,
              462445.91800000332
            ],
            [
              227977.96020000055,
              462446.00709999911
            ],
            [
              227980.37799999956,
              462446.7936000023
            ],
            [
              227982.59900000039,
              462447.85440000333
            ],
            [
              227985.0261000013,
              462448.64390000142
            ],
            [
              227987.41700000223,
              462449.08070000075
            ],
            [
              227989.73699999973,
              462449.43040000461
            ],
            [
              227992.06570000108,
              462450.03409999982
            ],
            [
              227994.51449999958,
              462450.69370000251
            ],
            [
              227996.83730000164,
              462451.43980000168
            ],
            [
              228001.62050000206,
              462452.68600000069
            ],
            [
              228004.72890000138,
              462450.03020000085
            ],
            [
              228009.70080000348,
              462451.51810000278
            ],
            [
              228014.05159999989,
              462449.13880000077
            ],
            [
              228018.75120000262,
              462449.14890000038
            ],
            [
              228021.11539999954,
              462449.56760000065
            ],
            [
              228023.70050000027,
              462450.17899999954
            ],
            [
              228026.42270000093,
              462449.95940000378
            ],
            [
              228029.01670000143,
              462450.59190000407
            ],
            [
              228031.5923000006,
              462450.21340000071
            ],
            [
              228033.78170000017,
              462450.36480000243
            ],
            [
              228042.54980000015,
              462451.56050000153
            ],
            [
              228043.95160000306,
              462447.85850000195
            ],
            [
              228043.88410000131,
              462446.64100000076
            ],
            [
              228045.40240000002,
              462442.84079999849
            ],
            [
              228045.56350000203,
              462440.69560000114
            ],
            [
              228046.51000000257,
              462437.02600000054
            ],
            [
              228046.86550000031,
              462435.0455000028
            ],
            [
              228048.42880000267,
              462430.75100000203
            ],
            [
              228047.37720000092,
              462423.85890000127
            ],
            [
              228046.02690000273,
              462419.2546000015
            ],
            [
              228025.71820000373,
              462385.73680000193
            ],
            [
              228025.08119999897,
              462384.07950000465
            ],
            [
              228024.22480000276,
              462366.66460000165
            ],
            [
              228022.97920000274,
              462349.04089999944
            ],
            [
              228021.29879999999,
              462332.82870000228
            ],
            [
              228020.35870000254,
              462322.94940000214
            ],
            [
              228019.1194000002,
              462309.23340000212
            ],
            [
              228018.99250000063,
              462288.18010000139
            ],
            [
              228023.05580000021,
              462272.34809999913
            ],
            [
              228025.63399999961,
              462265.60670000128
            ],
            [
              228025.42860000115,
              462258.19440000318
            ],
            [
              228028.12939999998,
              462251.02120000124
            ],
            [
              228028.94689999986,
              462244.14650000073
            ],
            [
              228030.0344000021,
              462241.80150000378
            ],
            [
              228028.48840000015,
              462229.32670000196
            ],
            [
              228028.18350000121,
              462222.90860000253
            ]
          ]
        ]
      }
    },
    {
      "attributes" : {
        "FID" : 2,
        "PMNTN_SN" : 16299,
        "MNTN_CODE" : "441300801",
        "MNTN_NM" : "매봉산",
        "PMNTN_NM" : "탑원리구간",
        "PMNTN_MAIN" : " ",
        "PMNTN_LT" : 0.98,
        "PMNTN_DFFL" : "쉬움",
        "PMNTN_UPPL" : 17,
        "PMNTN_GODN" : 12,
        "PMNTN_MTRQ" : " ",
        "PMNTN_CNRL" : " ",
        "PMNTN_CLS_" : " ",
        "PMNTN_RISK" : " ",
        "PMNTN_RECO" : " ",
        "DATA_STDR_" : "2016-12-31",
        "MNTN_ID" : "441300801"
      },
      "geometry" : {
        "paths" : [
          [
            [
              227689.18479999993,
              462101.96000000089
            ],
            [
              227686.27249999996,
              462090.85799999908
            ],
            [
              227679.14379999973,
              462075.63260000199
            ],
            [
              227678.45770000387,
              462071.5567000024
            ],
            [
              227678.86760000046,
              462070.54429999925
            ],
            [
              227678.27850000095,
              462068.08929999918
            ],
            [
              227677.72649999987,
              462065.55250000022
            ],
            [
              227677.08900000248,
              462063.03879999928
            ],
            [
              227660.48389999941,
              462040.56430000253
            ],
            [
              227651.19160000049,
              462036.24430000409
            ],
            [
              227648.7555000009,
              462038.15479999967
            ],
            [
              227645.8646999998,
              462037.96160000004
            ],
            [
              227633.94330000039,
              462037.66620000266
            ],
            [
              227631.17660000362,
              462036.41200000234
            ],
            [
              227629.47790000308,
              462034.54910000414
            ],
            [
              227625.45590000041,
              462034.24530000053
            ],
            [
              227599.00100000016,
              462011.35879999958
            ],
            [
              227597.2976000011,
              462008.63800000213
            ],
            [
              227594.32519999985,
              462003.94070000201
            ],
            [
              227593.23440000042,
              462000.62430000305
            ],
            [
              227590.44209999964,
              461992.15509999916
            ],
            [
              227590.70639999956,
              461992.83710000105
            ],
            [
              227589.45280000009,
              461989.47369999997
            ],
            [
              227588.31390000042,
              461985.71440000273
            ],
            [
              227588.02630000282,
              461984.60810000077
            ],
            [
              227586.66349999979,
              461980.63960000128
            ],
            [
              227582.93670000136,
              461974.45280000009
            ],
            [
              227574.39820000343,
              461960.01459999941
            ],
            [
              227566.18769999873,
              461949.2547999993
            ],
            [
              227558.8674999997,
              461942.18700000271
            ],
            [
              227554.74160000123,
              461937.84930000268
            ],
            [
              227547.9140000008,
              461928.05120000057
            ],
            [
              227547.18660000339,
              461924.87000000104
            ],
            [
              227547.12450000085,
              461922.05550000072
            ],
            [
              227545.72919999901,
              461915.97220000252
            ],
            [
              227544.06140000094,
              461909.07630000263
            ],
            [
              227542.87570000347,
              461906.01390000433
            ],
            [
              227542.07610000018,
              461903.67110000178
            ],
            [
              227537.48700000253,
              461892.19410000369
            ],
            [
              227535.71659999993,
              461889.59659999982
            ],
            [
              227534.28920000233,
              461886.74540000036
            ],
            [
              227531.75590000115,
              461881.36649999954
            ],
            [
              227529.81649999972,
              461874.66389999725
            ],
            [
              227529.23230000306,
              461870.8423999995
            ],
            [
              227528.59530000202,
              461867.88969999738
            ],
            [
              227528.27030000277,
              461865.66830000095
            ],
            [
              227528.37410000153,
              461863.88640000299
            ],
            [
              227527.81719999947,
              461861.64560000226
            ],
            [
              227527.2509000022,
              461858.62000000104
            ],
            [
              227526.0457000006,
              461854.79050000198
            ],
            [
              227522.89410000294,
              461849.44129999913
            ],
            [
              227520.40809999965,
              461847.57610000111
            ],
            [
              227518.62820000201,
              461846.76099999994
            ],
            [
              227516.378800001,
              461843.61449999921
            ],
            [
              227499.64630000014,
              461828.36119999923
            ],
            [
              227494.62229999993,
              461824.17020000145
            ],
            [
              227491.53350000177,
              461819.72490000166
            ],
            [
              227488.78440000117,
              461818.22300000302
            ],
            [
              227486.55220000166,
              461817.17390000448
            ],
            [
              227485.597000001,
              461815.07770000026
            ],
            [
              227486.48920000158,
              461813.12759999931
            ],
            [
              227486.73540000338,
              461810.27940000035
            ],
            [
              227486.63270000368,
              461806.87260000221
            ],
            [
              227486.76620000135,
              461803.65350000188
            ],
            [
              227486.41940000188,
              461801.89189999923
            ],
            [
              227486.79140000138,
              461799.21100000292
            ],
            [
              227487.40060000122,
              461795.78580000252
            ],
            [
              227487.93080000207,
              461793.53760000318
            ],
            [
              227487.76940000337,
              461790.89220000245
            ],
            [
              227487.86029999983,
              461788.62150000036
            ],
            [
              227488.05300000217,
              461786.3945000004
            ],
            [
              227489.72640000004,
              461784.18500000238
            ],
            [
              227490.58540000301,
              461782.53870000131
            ],
            [
              227491.29840000067,
              461780.09679999948
            ],
            [
              227492.02460000105,
              461778.67349999771
            ],
            [
              227494.10330000054,
              461776.14090000279
            ],
            [
              227494.01290000416,
              461774.58129999973
            ],
            [
              227494.69900000002,
              461771.85080000013
            ],
            [
              227495.21590000298,
              461768.31509999745
            ],
            [
              227495.24900000077,
              461764.78260000236
            ],
            [
              227495.39039999899,
              461763.00690000132
            ],
            [
              227495.47100000177,
              461761.08960000426
            ],
            [
              227494.27549999952,
              461755.74459999986
            ],
            [
              227494.64700000081,
              461753.34420000203
            ],
            [
              227493.88139999937,
              461750.66430000216
            ],
            [
              227492.92559999973,
              461747.47389999963
            ],
            [
              227480.19420000352,
              461734.29329999723
            ],
            [
              227478.04879999906,
              461732.40310000256
            ],
            [
              227475.25079999864,
              461722.46090000123
            ],
            [
              227466.85900000017,
              461702.96759999916
            ],
            [
              227465.77740000095,
              461700.39070000127
            ],
            [
              227465.34070000332,
              461697.67579999939
            ],
            [
              227464.91970000416,
              461691.38900000229
            ],
            [
              227465.89200000092,
              461689.40579999983
            ],
            [
              227467.59829999879,
              461687.22060000338
            ],
            [
              227469.70000000205,
              461686.03270000033
            ],
            [
              227478.84430000093,
              461676.40210000239
            ],
            [
              227479.54240000155,
              461674.76119999774
            ],
            [
              227487.49200000055,
              461660.73760000244
            ],
            [
              227486.98439999949,
              461647.94510000013
            ],
            [
              227484.74670000095,
              461639.95670000277
            ],
            [
              227484.25830000266,
              461637.75930000097
            ],
            [
              227483.70250000246,
              461635.25480000116
            ],
            [
              227484.19430000056,
              461631.83940000273
            ],
            [
              227482.23979999963,
              461629.62840000167
            ],
            [
              227481.83100000303,
              461624.25960000418
            ],
            [
              227481.48100000154,
              461621.64710000344
            ],
            [
              227480.96480000019,
              461618.83400000446
            ],
            [
              227479.77360000182,
              461612.96010000072
            ],
            [
              227479.84960000217,
              461610.08740000054
            ],
            [
              227479.30360000208,
              461606.23780000396
            ],
            [
              227477.42390000168,
              461601.71670000255
            ],
            [
              227473.22060000151,
              461593.01009999961
            ],
            [
              227472.51510000136,
              461590.3441000022
            ],
            [
              227472.79250000138,
              461585.36920000054
            ],
            [
              227475.67490000091,
              461580.01120000146
            ],
            [
              227475.59460000135,
              461576.92210000381
            ],
            [
              227475.44240000099,
              461574.22399999946
            ],
            [
              227473.98300000094,
              461571.76890000142
            ],
            [
              227472.64740000013,
              461569.29460000247
            ],
            [
              227471.95110000018,
              461567.31299999915
            ],
            [
              227471.66810000036,
              461563.57850000076
            ],
            [
              227472.00030000042,
              461560.87439999916
            ],
            [
              227470.90740000084,
              461558.31790000014
            ],
            [
              227472.29919999931,
              461554.72910000198
            ],
            [
              227471.61720000114,
              461551.60749999993
            ],
            [
              227471.71870000102,
              461549.30510000139
            ],
            [
              227471.63040000014,
              461546.80570000224
            ],
            [
              227470.96389999986,
              461544.4159000013
            ],
            [
              227469.9832999995,
              461541.18869999982
            ],
            [
              227468.29069999978,
              461538.58799999952
            ],
            [
              227466.75620000158,
              461536.22270000353
            ],
            [
              227465.99610000197,
              461533.16029999964
            ],
            [
              227464.75269999914,
              461530.13690000214
            ],
            [
              227463.6428000005,
              461527.37840000167
            ],
            [
              227462.80389999971,
              461524.95279999822
            ],
            [
              227460.94620000105,
              461518.53090000153
            ],
            [
              227462.41220000014,
              461514.34640000015
            ],
            [
              227463.07850000262,
              461511.67329999991
            ],
            [
              227462.83510000072,
              461507.80909999833
            ],
            [
              227461.95650000405,
              461502.57610000111
            ],
            [
              227464.1567000011,
              461499.24180000275
            ],
            [
              227464.29200000223,
              461499.20759999938
            ],
            [
              227466.36930000223,
              461496.8928999994
            ],
            [
              227468.81089999992,
              461496.57410000265
            ],
            [
              227471.9104000004,
              461496.57240000181
            ],
            [
              227474.07620000187,
              461495.90369999968
            ],
            [
              227476.32910000067,
              461494.70700000226
            ],
            [
              227479.14699999988,
              461493.9170000013
            ],
            [
              227481.80270000082,
              461493.01320000179
            ],
            [
              227483.98470000084,
              461491.63690000214
            ],
            [
              227486.92490000185,
              461490.51299999841
            ],
            [
              227489.75420000404,
              461489.28370000049
            ],
            [
              227492.91150000039,
              461486.53150000423
            ],
            [
              227494.40840000287,
              461484.38410000131
            ],
            [
              227496.87459999882,
              461482.36490000039
            ],
            [
              227499.35230000131,
              461482.26989999972
            ],
            [
              227505.12750000041,
              461480.7592999991
            ],
            [
              227508.20280000009,
              461479.52300000191
            ],
            [
              227510.60670000222,
              461478.44920000061
            ],
            [
              227513.09800000116,
              461476.91740000248
            ],
            [
              227515.51019999944,
              461472.85350000113
            ],
            [
              227515.30730000045,
              461470.88919999823
            ],
            [
              227516.21450000163,
              461469.00679999962
            ],
            [
              227519.95280000195,
              461468.15039999969
            ],
            [
              227521.65869999956,
              461466.83570000157
            ],
            [
              227528.04619999975,
              461463.1995000001
            ],
            [
              227538.04060000181,
              461453.08390000276
            ],
            [
              227538.01190000027,
              461451.7854999993
            ],
            [
              227539.79900000338,
              461448.19339999929
            ],
            [
              227541.42390000075,
              461446.36670000106
            ],
            [
              227543.36080000363,
              461442.31050000153
            ],
            [
              227544.45270000398,
              461440.97580000386
            ],
            [
              227546.24959999975,
              461439.85689999908
            ],
            [
              227546.64550000057,
              461437.78580000438
            ],
            [
              227547.57660000212,
              461436.21480000019
            ],
            [
              227551.14040000085,
              461433.45470000058
            ],
            [
              227552.27850000188,
              461432.54959999956
            ],
            [
              227558.35039999988,
              461430.75550000183
            ],
            [
              227560.39020000119,
              461429.39069999941
            ],
            [
              227565.00459999964,
              461429.80910000019
            ],
            [
              227567.41430000309,
              461428.96460000053
            ],
            [
              227569.2190000033,
              461427.32950000279
            ],
            [
              227571.72180000413,
              461425.96320000105
            ],
            [
              227575.63300000224,
              461425.2218000032
            ],
            [
              227578.45560000278,
              461424.83450000733
            ],
            [
              227580.36990000121,
              461423.80460000038
            ],
            [
              227583.17390000075,
              461422.34019999951
            ],
            [
              227584.49610000011,
              461420.14159999974
            ],
            [
              227585.54030000046,
              461415.68210000172
            ],
            [
              227589.89050000347,
              461408.5428000018
            ],
            [
              227591.2667000005,
              461406.55240000226
            ],
            [
              227593.12710000016,
              461404.84809999913
            ],
            [
              227596.25629999954,
              461403.58330000192
            ],
            [
              227600.49790000264,
              461401.13189999945
            ],
            [
              227601.81680000015,
              461398.0314000044
            ],
            [
              227603.1325000003,
              461394.99480000138
            ],
            [
              227604.19039999973,
              461392.78100000136
            ],
            [
              227604.8236999996,
              461389.80509999953
            ],
            [
              227605.71890000068,
              461384.88220000267
            ],
            [
              227606.20210000128,
              461382.53760000132
            ],
            [
              227603.30280000065,
              461377.47340000235
            ],
            [
              227597.5548000019,
              461376.1342999991
            ],
            [
              227592.6157000009,
              461372.17850000039
            ],
            [
              227589.15980000328,
              461367.59280000255
            ],
            [
              227590.01200000383,
              461362.38269999996
            ],
            [
              227588.18580000196,
              461356.95209999941
            ],
            [
              227585.79160000291,
              461354.46719999798
            ],
            [
              227583.89599999972,
              461352.80890000053
            ],
            [
              227580.15359999985,
              461349.9355999995
            ],
            [
              227577.06950000115,
              461341.71010000259
            ],
            [
              227573.37530000042,
              461331.69980000146
            ]
          ]
        ]
      }
    },
    {
      "attributes" : {
        "FID" : 3,
        "PMNTN_SN" : 16300,
        "MNTN_CODE" : "441300801",
        "MNTN_NM" : "매봉산",
        "PMNTN_NM" : "탑원리구간",
        "PMNTN_MAIN" : " ",
        "PMNTN_LT" : 0.14,
        "PMNTN_DFFL" : "쉬움",
        "PMNTN_UPPL" : 2,
        "PMNTN_GODN" : 2,
        "PMNTN_MTRQ" : " ",
        "PMNTN_CNRL" : " ",
        "PMNTN_CLS_" : " ",
        "PMNTN_RISK" : " ",
        "PMNTN_RECO" : " ",
        "DATA_STDR_" : "2016-12-31",
        "MNTN_ID" : "441300801"
      },
      "geometry" : {
        "paths" : [
          [
            [
              227442.58000000101,
              462447.69639999792
            ],
            [
              227486.43540000357,
              462400.87050000206
            ],
            [
              227492.84130000137,
              462404.42620000243
            ],
            [
              227502.59170000069,
              462406.5745000001
            ],
            [
              227513.55140000302,
              462404.79170000367
            ],
            [
              227515.52620000299,
              462396.7667999994
            ],
            [
              227512.87100000214,
              462383.65260000154
            ],
            [
              227512.44630000275,
              462368.12420000136
            ],
            [
              227521.9447000036,
              462356.74270000122
            ]
          ]
        ]
      }
    },
    {
      "attributes" : {
        "FID" : 4,
        "PMNTN_SN" : 16301,
        "MNTN_CODE" : "441300801",
        "MNTN_NM" : "매봉산",
        "PMNTN_NM" : "탑원리구간",
        "PMNTN_MAIN" : " ",
        "PMNTN_LT" : 0.07,
        "PMNTN_DFFL" : "쉬움",
        "PMNTN_UPPL" : 1,
        "PMNTN_GODN" : 1,
        "PMNTN_MTRQ" : " ",
        "PMNTN_CNRL" : " ",
        "PMNTN_CLS_" : " ",
        "PMNTN_RISK" : " ",
        "PMNTN_RECO" : " ",
        "DATA_STDR_" : "2016-12-31",
        "MNTN_ID" : "441300801"
      },
      "geometry" : {
        "paths" : [
          [
            [
              227521.9447000036,
              462356.74270000122
            ],
            [
              227521.9447000036,
              462356.74270000122
            ],
            [
              227534.52979999967,
              462342.49970000051
            ],
            [
              227548.50870000198,
              462327.35100000352
            ],
            [
              227569.00040000305,
              462303.15720000304
            ]
          ]
        ]
      }
    },
    {
      "attributes" : {
        "FID" : 5,
        "PMNTN_SN" : 16302,
        "MNTN_CODE" : "441300801",
        "MNTN_NM" : "매봉산",
        "PMNTN_NM" : "탑원리구간",
        "PMNTN_MAIN" : " ",
        "PMNTN_LT" : 0.43,
        "PMNTN_DFFL" : "쉬움",
        "PMNTN_UPPL" : 8,
        "PMNTN_GODN" : 5,
        "PMNTN_MTRQ" : " ",
        "PMNTN_CNRL" : " ",
        "PMNTN_CLS_" : " ",
        "PMNTN_RISK" : " ",
        "PMNTN_RECO" : " ",
        "DATA_STDR_" : "2016-12-31",
        "MNTN_ID" : "441300801"
      },
      "geometry" : {
        "paths" : [
          [
            [
              227521.9447000036,
              462356.74270000122
            ],
            [
              227529.89570000116,
              462362.20820000023
            ],
            [
              227549.30300000031,
              462377.47140000015
            ],
            [
              227565.65290000103,
              462385.43140000105
            ],
            [
              227568.80530000012,
              462386.45800000429
            ],
            [
              227571.25890000165,
              462383.89389999956
            ],
            [
              227579.69150000159,
              462367.12890000083
            ],
            [
              227586.8077999996,
              462364.44539999962
            ],
            [
              227593.0485000005,
              462364.4896000009
            ],
            [
              227605.96280000173,
              462368.18340000138
            ],
            [
              227610.8713999996,
              462368.39760000072
            ],
            [
              227620.31320000254,
              462363.06030000187
            ],
            [
              227624.92410000134,
              462352.39010000229
            ],
            [
              227626.90790000092,
              462338.69120000117
            ],
            [
              227629.20380000118,
              462330.52620000206
            ],
            [
              227632.9963999996,
              462323.85850000195
            ],
            [
              227633.49890000001,
              462312.67230000161
            ],
            [
              227634.61380000133,
              462308.21780000068
            ],
            [
              227635.17490000185,
              462305.77930000238
            ],
            [
              227638.32850000076,
              462299.43229999952
            ],
            [
              227642.92580000311,
              462293.67779999971
            ],
            [
              227644.25390000083,
              462292.73429999873
            ],
            [
              227648.7873000009,
              462288.61449999921
            ],
            [
              227655.68690000288,
              462285.17479999922
            ],
            [
              227658.53740000352,
              462281.18219999969
            ],
            [
              227665.82070000004,
              462274.69520000182
            ],
            [
              227672.10350000113,
              462270.58990000188
            ],
            [
              227683.57620000001,
              462256.37509999983
            ],
            [
              227681.11730000004,
              462244.6269000005
            ],
            [
              227679.32630000263,
              462232.32770000026
            ],
            [
              227680.92680000048,
              462223.82940000109
            ],
            [
              227681.9179000007,
              462221.22069999948
            ],
            [
              227683.13879999984,
              462218.05480000004
            ],
            [
              227686.20380000118,
              462215.10030000284
            ],
            [
              227688.26400000416,
              462213.86659999937
            ],
            [
              227690.24780000094,
              462213.10160000063
            ],
            [
              227692.44640000165,
              462212.11640000157
            ],
            [
              227697.33970000129,
              462211.12680000439
            ],
            [
              227699.58040000033,
              462209.73079999909
            ],
            [
              227701.38450000063,
              462207.54130000062
            ],
            [
              227702.94820000045,
              462205.99760000221
            ],
            [
              227704.26100000273,
              462204.26860000007
            ],
            [
              227705.38330000173,
              462202.59740000032
            ],
            [
              227706.3505000025,
              462200.77770000324
            ],
            [
              227707.21170000173,
              462198.79330000281
            ],
            [
              227708.23410000373,
              462197.28790000081
            ],
            [
              227708.56030000374,
              462195.4979000017
            ],
            [
              227708.89750000089,
              462194.10270000249
            ],
            [
              227708.85209999979,
              462192.60420000367
            ],
            [
              227708.26209999993,
              462191.32249999978
            ],
            [
              227707.45150000043,
              462189.53920000046
            ],
            [
              227707.39390000328,
              462187.5373999998
            ],
            [
              227705.19510000106,
              462173.61989999935
            ],
            [
              227705.41300000064,
              462172.20769999921
            ],
            [
              227705.15810000058,
              462167.48570000194
            ],
            [
              227704.46580000129,
              462165.38880000263
            ],
            [
              227703.07280000113,
              462160.82269999944
            ],
            [
              227701.72890000045,
              462159.19400000013
            ],
            [
              227700.8272000039,
              462157.28360000066
            ],
            [
              227700.06250000093,
              462155.35670000128
            ],
            [
              227699.43790000118,
              462152.73179999925
            ],
            [
              227698.91860000137,
              462150.6155999992
            ],
            [
              227697.88810000103,
              462146.35369999893
            ],
            [
              227697.58390000276,
              462144.04870000295
            ],
            [
              227697.23589999974,
              462142.60119999945
            ],
            [
              227696.78620000277,
              462140.65070000105
            ],
            [
              227695.68620000035,
              462138.40469999984
            ],
            [
              227694.53639999963,
              462136.16909999959
            ],
            [
              227693.40560000017,
              462133.91900000162
            ],
            [
              227691.53470000252,
              462130.1585000027
            ],
            [
              227690.57350000087,
              462129.14580000192
            ],
            [
              227688.49650000129,
              462125.76400000043
            ],
            [
              227687.74880000111,
              462124.89840000123
            ],
            [
              227686.61259999964,
              462123.19510000572
            ],
            [
              227683.25360000227,
              462115.99040000141
            ],
            [
              227682.92140000314,
              462114.3628000021
            ],
            [
              227682.61909999978,
              462107.3692000024
            ],
            [
              227685.17810000107,
              462103.93340000138
            ],
            [
              227689.18479999993,
              462101.96000000089
            ]
          ]
        ]
      }
    },
    {
      "attributes" : {
        "FID" : 6,
        "PMNTN_SN" : 16303,
        "MNTN_CODE" : "441300801",
        "MNTN_NM" : "매봉산",
        "PMNTN_NM" : "탑원리구간",
        "PMNTN_MAIN" : " ",
        "PMNTN_LT" : 0.42,
        "PMNTN_DFFL" : "쉬움",
        "PMNTN_UPPL" : 7,
        "PMNTN_GODN" : 5,
        "PMNTN_MTRQ" : " ",
        "PMNTN_CNRL" : " ",
        "PMNTN_CLS_" : " ",
        "PMNTN_RISK" : " ",
        "PMNTN_RECO" : " ",
        "DATA_STDR_" : "2016-12-31",
        "MNTN_ID" : "441300801"
      },
      "geometry" : {
        "paths" : [
          [
            [
              228028.18350000121,
              462222.90860000253
            ],
            [
              228028.18350000121,
              462222.90860000253
            ],
            [
              228030.73959999904,
              462221.4375
            ],
            [
              228032.08999999985,
              462220.22609999962
            ],
            [
              228033.64620000124,
              462219.39110000059
            ],
            [
              228036.01720000152,
              462218.57410000078
            ],
            [
              228038.26860000286,
              462218.50030000322
            ],
            [
              228040.43860000093,
              462218.95570000261
            ],
            [
              228042.61580000073,
              462219.15810000151
            ],
            [
              228047.07310000155,
              462218.76139999926
            ],
            [
              228049.27490000054,
              462218.79410000145
            ],
            [
              228051.82760000229,
              462218.9698000066
            ],
            [
              228054.22060000245,
              462219.51650000177
            ],
            [
              228056.92190000042,
              462219.8554999996
            ],
            [
              228062.46060000081,
              462219.81710000336
            ],
            [
              228064.66720000003,
              462220.61920000054
            ],
            [
              228066.7957000006,
              462220.8200000003
            ],
            [
              228075.09460000042,
              462221.48479999974
            ],
            [
              228085.42410000134,
              462221.99660000205
            ],
            [
              228086.71090000216,
              462223.45460000262
            ],
            [
              228088.60989999957,
              462223.85750000179
            ],
            [
              228091.28369999956,
              462224.14619999938
            ],
            [
              228094.09010000154,
              462224.82129999809
            ],
            [
              228096.88640000205,
              462225.41679999977
            ],
            [
              228099.64390000049,
              462225.00150000304
            ],
            [
              228102.65620000381,
              462224.93320000172
            ],
            [
              228105.41950000357,
              462225.05169999972
            ],
            [
              228108.30170000345,
              462224.11870000139
            ],
            [
              228111.55150000192,
              462223.95810000226
            ],
            [
              228114.7106999997,
              462224.62170000561
            ],
            [
              228123.63279999979,
              462225.11199999973
            ],
            [
              228127.19639999885,
              462225.71290000156
            ],
            [
              228142.34930000175,
              462229.32380000129
            ],
            [
              228158.27990000043,
              462225.41730000265
            ],
            [
              228159.69050000049,
              462224.86650000699
            ],
            [
              228163.71220000181,
              462223.2507000044
            ],
            [
              228165.79609999992,
              462222.84640000015
            ],
            [
              228166.95790000074,
              462221.58750000224
            ],
            [
              228167.32290000096,
              462222.04639999941
            ],
            [
              228168.55860000011,
              462222.72140000015
            ],
            [
              228170.62150000036,
              462222.50119999982
            ],
            [
              228171.80960000213,
              462222.21539999917
            ],
            [
              228174.07739999983,
              462219.64930000156
            ],
            [
              228178.70860000048,
              462220.19370000251
            ],
            [
              228182.19130000006,
              462220.42769999988
            ],
            [
              228185.56400000211,
              462221.61869999953
            ],
            [
              228186.44460000098,
              462222.45590000227
            ],
            [
              228201.8965999987,
              462231.10080000013
            ],
            [
              228204.17339999974,
              462232.3321000021
            ],
            [
              228217.11390000395,
              462240.1163000036
            ],
            [
              228219.58070000168,
              462240.21690000407
            ],
            [
              228224.70360000059,
              462239.71060000174
            ],
            [
              228227.15800000262,
              462239.69089999981
            ],
            [
              228229.67930000089,
              462239.50739999861
            ],
            [
              228232.46509999968,
              462239.57579999976
            ],
            [
              228235.39010000043,
              462240.30390000157
            ],
            [
              228238.24190000072,
              462240.66220000014
            ],
            [
              228240.64770000055,
              462240.80980000459
            ],
            [
              228242.97040000092,
              462240.80690000206
            ],
            [
              228244.98589999881,
              462240.93470000103
            ],
            [
              228248.5345999999,
              462239.711300008
            ],
            [
              228250.42840000056,
              462238.43230000138
            ],
            [
              228251.34120000154,
              462238.78220000118
            ],
            [
              228252.04890000261,
              462238.67870000191
            ],
            [
              228252.833800002,
              462237.6985000018
            ],
            [
              228252.91079999972,
              462237.45830000192
            ],
            [
              228253.94260000158,
              462236.0465000011
            ],
            [
              228254.23480000161,
              462235.17540000193
            ],
            [
              228254.93450000137,
              462234.33559999987
            ],
            [
              228255.65370000154,
              462233.76680000313
            ],
            [
              228256.23430000152,
              462233.21870000102
            ],
            [
              228257.07400000095,
              462232.33400000073
            ],
            [
              228257.77869999968,
              462232.72000000253
            ],
            [
              228258.99260000139,
              462232.24719999917
            ],
            [
              228260.09159999993,
              462232.52979999967
            ],
            [
              228261.37200000044,
              462231.90380000137
            ],
            [
              228262.3814000003,
              462231.23039999977
            ],
            [
              228263.49010000098,
              462230.85220000148
            ],
            [
              228265.86430000234,
              462231.40480000153
            ],
            [
              228268.70460000169,
              462231.01780000143
            ],
            [
              228270.72249999922,
              462231.33190000057
            ],
            [
              228272.81930000056,
              462230.22260000184
            ],
            [
              228274.15180000383,
              462229.17700000107
            ],
            [
              228275.54890000354,
              462227.88260000199
            ],
            [
              228276.68589999899,
              462227.58650000021
            ],
            [
              228278.28040000238,
              462227.27270000614
            ],
            [
              228280.1643000003,
              462226.93420000188
            ],
            [
              228282.10110000148,
              462226.38880000077
            ],
            [
              228283.77160000056,
              462225.49230000377
            ],
            [
              228285.58210000023,
              462224.42640000209
            ],
            [
              228287.46880000085,
              462223.12340000086
            ],
            [
              228289.18790000118,
              462222.30049999803
            ],
            [
              228290.6782999998,
              462221.2890000008
            ],
            [
              228292.35750000086,
              462220.45460000075
            ],
            [
              228293.92970000114,
              462219.46680000238
            ],
            [
              228295.9338000007,
              462216.69900000095
            ],
            [
              228297.14460000116,
              462215.31920000352
            ],
            [
              228298.92980000004,
              462214.30690000579
            ],
            [
              228301.73190000001,
              462213.31930000149
            ],
            [
              228304.14830000326,
              462214.8030999992
            ],
            [
              228305.95970000047,
              462213.97240000404
            ],
            [
              228306.70270000398,
              462212.16809999943
            ],
            [
              228306.9832000006,
              462210.34940000251
            ],
            [
              228307.12119999994,
              462208.26050000452
            ],
            [
              228306.87750000134,
              462204.68970000185
            ],
            [
              228305.7583999997,
              462203.29270000197
            ],
            [
              228304.98489999957,
              462201.33090000041
            ],
            [
              228304.51530000009,
              462199.91480000131
            ],
            [
              228305.53130000178,
              462197.24579999968
            ],
            [
              228306.38640000205,
              462195.46070000157
            ],
            [
              228306.22150000185,
              462191.14609999768
            ],
            [
              228306.69220000133,
              462190.18040000275
            ],
            [
              228306.96789999958,
              462188.56690000184
            ],
            [
              228306.4495000001,
              462186.60650000162
            ],
            [
              228305.68840000033,
              462185.03470000438
            ],
            [
              228304.92800000124,
              462183.90560000204
            ],
            [
              228305.15060000028,
              462182.47540000454
            ],
            [
              228305.04530000314,
              462180.88199999928
            ],
            [
              228305.74170000013,
              462179.60249999911
            ],
            [
              228308.09570000228,
              462178.87600000016
            ],
            [
              228310.54220000189,
              462178.54499999806
            ],
            [
              228312.50520000141,
              462178.4186000023
            ],
            [
              228314.49110000022,
              462178.45879999921
            ],
            [
              228315.87689999957,
              462178.00970000029
            ],
            [
              228321.38670000061,
              462172.16949999891
            ],
            [
              228321.93490000069,
              462170.25970000029
            ],
            [
              228322.5700000003,
              462168.65610000119
            ],
            [
              228322.63300000131,
              462166.597000001
            ],
            [
              228322.10670000315,
              462165.07059999928
            ],
            [
              228320.55800000019,
              462162.8628000021
            ],
            [
              228318.93170000147,
              462161.64810000174
            ],
            [
              228315.65479999967,
              462158.89090000279
            ],
            [
              228315.19370000251,
              462157.66990000755
            ],
            [
              228316.18240000028,
              462155.36910000816
            ],
            [
              228316.8124000011,
              462153.77800000086
            ],
            [
              228317.33180000074,
              462152.08029999956
            ],
            [
              228320.60920000076,
              462146.21350000054
            ],
            [
              228321.65910000168,
              462144.62720000744
            ],
            [
              228322.92129999958,
              462143.26190000214
            ],
            [
              228323.79230000079,
              462142.32149999961
            ],
            [
              228324.62050000019,
              462140.89210000262
            ],
            [
              228324.39590000175,
              462139.54940000176
            ],
            [
              228323.70470000245,
              462138.15110000223
            ],
            [
              228322.66199999955,
              462136.87480000034
            ],
            [
              228321.44319999963,
              462135.51259999909
            ],
            [
              228319.91770000104,
              462134.19940000027
            ],
            [
              228315.31210000161,
              462127.22620000131
            ],
            [
              228310.03510000091,
              462121.65210000426
            ]
          ]
        ]
      }
    }
  ]
}