{
  "displayFieldName" : "",
  "fieldAliases" : {
    "FID" : "FID",
    "PMNTN_SPOT" : "PMNTN_SPOT",
    "MNTN_CODE" : "MNTN_CODE",
    "MANAGE_SP1" : "MANAGE_SP1",
    "MANAGE_SP2" : "MANAGE_SP2",
    "DETAIL_SPO" : "DETAIL_SPO",
    "ETC_MATTER" : "ETC_MATTER",
    "MNTN_NM" : "MNTN_NM",
    "PAST_SPOT_" : "PAST_SPOT_",
    "MNTN_ID" : "MNTN_ID"
  },
  "geometryType" : "esriGeometryPoint",
  "spatialReference" : {
    "wkt" : "PROJCS[\"PCS_ITRF2000_TM\",GEOGCS[\"GCS_ITRF_2000\",DATUM[\"D_ITRF_2000\",SPHEROID[\"GRS_1980\",6378137.0,298.257222101]],PRIMEM[\"Greenwich\",0.0],UNIT[\"Degree\",0.0174532925199433]],PROJECTION[\"Transverse_Mercator\"],PARAMETER[\"False_Easting\",200000.0],PARAMETER[\"False_Northing\",600000.0],PARAMETER[\"Central_Meridian\",127.0],PARAMETER[\"Scale_Factor\",1.0],PARAMETER[\"Latitude_Of_Origin\",38.0],UNIT[\"Meter\",1.0]]"
  },
  "fields" : [
    {
      "name" : "FID",
      "type" : "esriFieldTypeOID",
      "alias" : "FID"
    },
    {
      "name" : "PMNTN_SPOT",
      "type" : "esriFieldTypeDouble",
      "alias" : "PMNTN_SPOT"
    },
    {
      "name" : "MNTN_CODE",
      "type" : "esriFieldTypeString",
      "alias" : "MNTN_CODE",
      "length" : 9
    },
    {
      "name" : "MANAGE_SP1",
      "type" : "esriFieldTypeString",
      "alias" : "MANAGE_SP1",
      "length" : 2
    },
    {
      "name" : "MANAGE_SP2",
      "type" : "esriFieldTypeString",
      "alias" : "MANAGE_SP2",
      "length" : 50
    },
    {
      "name" : "DETAIL_SPO",
      "type" : "esriFieldTypeString",
      "alias" : "DETAIL_SPO",
      "length" : 200
    },
    {
      "name" : "ETC_MATTER",
      "type" : "esriFieldTypeString",
      "alias" : "ETC_MATTER",
      "length" : 200
    },
    {
      "name" : "MNTN_NM",
      "type" : "esriFieldTypeString",
      "alias" : "MNTN_NM",
      "length" : 50
    },
    {
      "name" : "PAST_SPOT_",
      "type" : "esriFieldTypeString",
      "alias" : "PAST_SPOT_",
      "length" : 14
    },
    {
      "name" : "MNTN_ID",
      "type" : "esriFieldTypeString",
      "alias" : "MNTN_ID",
      "length" : 10
    }
  ],
  "features" : [
    {
      "attributes" : {
        "FID" : 0,
        "PMNTN_SPOT" : 24913,
        "MNTN_CODE" : "487205001",
        "MANAGE_SP1" : "99",
        "MANAGE_SP2" : "기타",
        "DETAIL_SPO" : "마을회관 등산로 입구",
        "ETC_MATTER" : " ",
        "MNTN_NM" : "로방산",
        "PAST_SPOT_" : "4872050010001",
        "MNTN_ID" : "487205001"
      },
      "geometry" : {
        "x" : 312486.78640000056,
        "y" : 296923.14190000296
      }
    },
    {
      "attributes" : {
        "FID" : 1,
        "PMNTN_SPOT" : 24914,
        "MNTN_CODE" : "487205001",
        "MANAGE_SP1" : "99",
        "MANAGE_SP2" : "기타",
        "DETAIL_SPO" : "목계단",
        "ETC_MATTER" : " ",
        "MNTN_NM" : "로방산",
        "PAST_SPOT_" : "4872050010002",
        "MNTN_ID" : "487205001"
      },
      "geometry" : {
        "x" : 311864.19759999961,
        "y" : 297667.8246000018
      }
    },
    {
      "attributes" : {
        "FID" : 2,
        "PMNTN_SPOT" : 24915,
        "MNTN_CODE" : "487205001",
        "MANAGE_SP1" : "99",
        "MANAGE_SP2" : "기타",
        "DETAIL_SPO" : "목계단1",
        "ETC_MATTER" : " ",
        "MNTN_NM" : "로방산",
        "PAST_SPOT_" : "4872050010003",
        "MNTN_ID" : "487205001"
      },
      "geometry" : {
        "x" : 312037.97960000113,
        "y" : 298225.04690000229
      }
    },
    {
      "attributes" : {
        "FID" : 3,
        "PMNTN_SPOT" : 24916,
        "MNTN_CODE" : "487205001",
        "MANAGE_SP1" : "99",
        "MANAGE_SP2" : "기타",
        "DETAIL_SPO" : "목계단2",
        "ETC_MATTER" : " ",
        "MNTN_NM" : "로방산",
        "PAST_SPOT_" : "4872050010004",
        "MNTN_ID" : "487205001"
      },
      "geometry" : {
        "x" : 312516.84350000136,
        "y" : 297525.39180000126
      }
    },
    {
      "attributes" : {
        "FID" : 4,
        "PMNTN_SPOT" : 24917,
        "MNTN_CODE" : "487205001",
        "MANAGE_SP1" : "05",
        "MANAGE_SP2" : "벤치",
        "DETAIL_SPO" : "벤치",
        "ETC_MATTER" : " ",
        "MNTN_NM" : "로방산",
        "PAST_SPOT_" : "4872050010005",
        "MNTN_ID" : "487205001"
      },
      "geometry" : {
        "x" : 312513.41309999954,
        "y" : 297404.83410000056
      }
    },
    {
      "attributes" : {
        "FID" : 5,
        "PMNTN_SPOT" : 24918,
        "MNTN_CODE" : "487205001",
        "MANAGE_SP1" : "07",
        "MANAGE_SP2" : "시설물(운동기구 등)",
        "DETAIL_SPO" : "체육시설",
        "ETC_MATTER" : " ",
        "MNTN_NM" : "로방산",
        "PAST_SPOT_" : "4872050010006",
        "MNTN_ID" : "487205001"
      },
      "geometry" : {
        "x" : 312513.81740000192,
        "y" : 297793.00600000098
      }
    },
    {
      "attributes" : {
        "FID" : 6,
        "PMNTN_SPOT" : 24919,
        "MNTN_CODE" : "487205001",
        "MANAGE_SP1" : "99",
        "MANAGE_SP2" : "기타",
        "DETAIL_SPO" : "풀베기",
        "ETC_MATTER" : " ",
        "MNTN_NM" : "로방산",
        "PAST_SPOT_" : "4872050010007",
        "MNTN_ID" : "487205001"
      },
      "geometry" : {
        "x" : 312573.93609999958,
        "y" : 297331.11560000107
      }
    },
    {
      "attributes" : {
        "FID" : 7,
        "PMNTN_SPOT" : 24920,
        "MNTN_CODE" : "487205001",
        "MANAGE_SP1" : "02",
        "MANAGE_SP2" : "분기점",
        "DETAIL_SPO" : "분기점",
        "ETC_MATTER" : " ",
        "MNTN_NM" : "로방산",
        "PAST_SPOT_" : "4872050010008",
        "MNTN_ID" : "487205001"
      },
      "geometry" : {
        "x" : 312231.10857894924,
        "y" : 297062.66308327578
      }
    },
    {
      "attributes" : {
        "FID" : 8,
        "PMNTN_SPOT" : 24921,
        "MNTN_CODE" : "487205001",
        "MANAGE_SP1" : "02",
        "MANAGE_SP2" : "분기점",
        "DETAIL_SPO" : "분기점",
        "ETC_MATTER" : " ",
        "MNTN_NM" : "로방산",
        "PAST_SPOT_" : "4872050010009",
        "MNTN_ID" : "487205001"
      },
      "geometry" : {
        "x" : 312492.93647465482,
        "y" : 296921.23222461902
      }
    },
    {
      "attributes" : {
        "FID" : 9,
        "PMNTN_SPOT" : 24922,
        "MNTN_CODE" : "487205001",
        "MANAGE_SP1" : "02",
        "MANAGE_SP2" : "분기점",
        "DETAIL_SPO" : "분기점",
        "ETC_MATTER" : " ",
        "MNTN_NM" : "로방산",
        "PAST_SPOT_" : "4872050010010",
        "MNTN_ID" : "487205001"
      },
      "geometry" : {
        "x" : 312504.51380135957,
        "y" : 297454.03004289605
      }
    },
    {
      "attributes" : {
        "FID" : 10,
        "PMNTN_SPOT" : 24923,
        "MNTN_CODE" : "487205001",
        "MANAGE_SP1" : "01",
        "MANAGE_SP2" : "시종점",
        "DETAIL_SPO" : "시종점",
        "ETC_MATTER" : " ",
        "MNTN_NM" : "로방산",
        "PAST_SPOT_" : "4872050010011",
        "MNTN_ID" : "487205001"
      },
      "geometry" : {
        "x" : 312505.63730000146,
        "y" : 296864.66679999977
      }
    }
  ]
}