{
  "displayFieldName" : "",
  "fieldAliases" : {
    "FID" : "FID",
    "SAFE_SPOT1" : "SAFE_SPOT1",
    "SAFE_SPOT2" : "SAFE_SPOT2",
    "SAFE_SPOT3" : "SAFE_SPOT3",
    "MGC" : "MGC",
    "ETC_MATTER" : "ETC_MATTER",
    "MNTN_NM" : "MNTN_NM"
  },
  "geometryType" : "esriGeometryPoint",
  "spatialReference" : {
    "wkt" : "PROJCS[\"PCS_ITRF2000_TM\",GEOGCS[\"GCS_ITRF_2000\",DATUM[\"D_ITRF_2000\",SPHEROID[\"GRS_1980\",6378137.0,298.257222101]],PRIMEM[\"Greenwich\",0.0],UNIT[\"Degree\",0.0174532925199433]],PROJECTION[\"Transverse_Mercator\"],PARAMETER[\"False_Easting\",200000.0],PARAMETER[\"False_Northing\",600000.0],PARAMETER[\"Central_Meridian\",127.0],PARAMETER[\"Scale_Factor\",1.0],PARAMETER[\"Latitude_Of_Origin\",38.0],UNIT[\"Meter\",1.0]]"
  },
  "fields" : [
    {
      "name" : "FID",
      "type" : "esriFieldTypeOID",
      "alias" : "FID"
    },
    {
      "name" : "SAFE_SPOT1",
      "type" : "esriFieldTypeDouble",
      "alias" : "SAFE_SPOT1"
    },
    {
      "name" : "SAFE_SPOT2",
      "type" : "esriFieldTypeString",
      "alias" : "SAFE_SPOT2",
      "length" : 50
    },
    {
      "name" : "SAFE_SPOT3",
      "type" : "esriFieldTypeString",
      "alias" : "SAFE_SPOT3",
      "length" : 50
    },
    {
      "name" : "MGC",
      "type" : "esriFieldTypeString",
      "alias" : "MGC",
      "length" : 50
    },
    {
      "name" : "ETC_MATTER",
      "type" : "esriFieldTypeString",
      "alias" : "ETC_MATTER",
      "length" : 200
    },
    {
      "name" : "MNTN_NM",
      "type" : "esriFieldTypeString",
      "alias" : "MNTN_NM",
      "length" : 50
    }
  ],
  "features" : [
    {
      "attributes" : {
        "FID" : 0,
        "SAFE_SPOT1" : 3517,
        "SAFE_SPOT2" : "위치표지목",
        "SAFE_SPOT3" : " ",
        "MGC" : "마산소방서",
        "ETC_MATTER" : " ",
        "MNTN_NM" : "화계산"
      },
      "geometry" : {
        "x" : 336059.29690000229,
        "y" : 294529.54250000231
      }
    },
    {
      "attributes" : {
        "FID" : 1,
        "SAFE_SPOT1" : 3518,
        "SAFE_SPOT2" : "위치표지목",
        "SAFE_SPOT3" : " ",
        "MGC" : "마산소방서",
        "ETC_MATTER" : " ",
        "MNTN_NM" : "화계산"
      },
      "geometry" : {
        "x" : 336051.40790000185,
        "y" : 295053.50940000266
      }
    },
    {
      "attributes" : {
        "FID" : 2,
        "SAFE_SPOT1" : 3519,
        "SAFE_SPOT2" : "위치표지목",
        "SAFE_SPOT3" : " ",
        "MGC" : "마산소방서",
        "ETC_MATTER" : " ",
        "MNTN_NM" : "화계산"
      },
      "geometry" : {
        "x" : 335335.10100000072,
        "y" : 295597.66500000097
      }
    },
    {
      "attributes" : {
        "FID" : 3,
        "SAFE_SPOT1" : 3520,
        "SAFE_SPOT2" : "위치표지목",
        "SAFE_SPOT3" : " ",
        "MGC" : "마산소방서",
        "ETC_MATTER" : " ",
        "MNTN_NM" : "화계산"
      },
      "geometry" : {
        "x" : 335494.98060000036,
        "y" : 296740.71800000221
      }
    },
    {
      "attributes" : {
        "FID" : 4,
        "SAFE_SPOT1" : 3521,
        "SAFE_SPOT2" : "위치표지목",
        "SAFE_SPOT3" : " ",
        "MGC" : "마산소방서",
        "ETC_MATTER" : " ",
        "MNTN_NM" : "화계산"
      },
      "geometry" : {
        "x" : 336945.33640000224,
        "y" : 296146.02000000142
      }
    },
    {
      "attributes" : {
        "FID" : 5,
        "SAFE_SPOT1" : 3522,
        "SAFE_SPOT2" : "위치표지목",
        "SAFE_SPOT3" : " ",
        "MGC" : "마산소방서",
        "ETC_MATTER" : " ",
        "MNTN_NM" : "화계산"
      },
      "geometry" : {
        "x" : 336155.53529999964,
        "y" : 296534.852400003
      }
    }
  ]
}