{
  "displayFieldName" : "",
  "fieldAliases" : {
    "FID" : "FID",
    "PMNTN_SPOT" : "PMNTN_SPOT",
    "MNTN_CODE" : "MNTN_CODE",
    "MANAGE_SP1" : "MANAGE_SP1",
    "MANAGE_SP2" : "MANAGE_SP2",
    "DETAIL_SPO" : "DETAIL_SPO",
    "ETC_MATTER" : "ETC_MATTER",
    "MNTN_NM" : "MNTN_NM",
    "PAST_SPOT_" : "PAST_SPOT_",
    "MNTN_ID" : "MNTN_ID"
  },
  "geometryType" : "esriGeometryPoint",
  "spatialReference" : {
    "wkt" : "PROJCS[\"PCS_ITRF2000_TM\",GEOGCS[\"GCS_ITRF_2000\",DATUM[\"D_ITRF_2000\",SPHEROID[\"GRS_1980\",6378137.0,298.257222101]],PRIMEM[\"Greenwich\",0.0],UNIT[\"Degree\",0.0174532925199433]],PROJECTION[\"Transverse_Mercator\"],PARAMETER[\"False_Easting\",200000.0],PARAMETER[\"False_Northing\",600000.0],PARAMETER[\"Central_Meridian\",127.0],PARAMETER[\"Scale_Factor\",1.0],PARAMETER[\"Latitude_Of_Origin\",38.0],UNIT[\"Meter\",1.0]]"
  },
  "fields" : [
    {
      "name" : "FID",
      "type" : "esriFieldTypeOID",
      "alias" : "FID"
    },
    {
      "name" : "PMNTN_SPOT",
      "type" : "esriFieldTypeDouble",
      "alias" : "PMNTN_SPOT"
    },
    {
      "name" : "MNTN_CODE",
      "type" : "esriFieldTypeString",
      "alias" : "MNTN_CODE",
      "length" : 9
    },
    {
      "name" : "MANAGE_SP1",
      "type" : "esriFieldTypeString",
      "alias" : "MANAGE_SP1",
      "length" : 2
    },
    {
      "name" : "MANAGE_SP2",
      "type" : "esriFieldTypeString",
      "alias" : "MANAGE_SP2",
      "length" : 50
    },
    {
      "name" : "DETAIL_SPO",
      "type" : "esriFieldTypeString",
      "alias" : "DETAIL_SPO",
      "length" : 200
    },
    {
      "name" : "ETC_MATTER",
      "type" : "esriFieldTypeString",
      "alias" : "ETC_MATTER",
      "length" : 200
    },
    {
      "name" : "MNTN_NM",
      "type" : "esriFieldTypeString",
      "alias" : "MNTN_NM",
      "length" : 50
    },
    {
      "name" : "PAST_SPOT_",
      "type" : "esriFieldTypeString",
      "alias" : "PAST_SPOT_",
      "length" : 14
    },
    {
      "name" : "MNTN_ID",
      "type" : "esriFieldTypeString",
      "alias" : "MNTN_ID",
      "length" : 10
    }
  ],
  "features" : [
    {
      "attributes" : {
        "FID" : 0,
        "PMNTN_SPOT" : 32452,
        "MNTN_CODE" : "457302704",
        "MANAGE_SP1" : "99",
        "MANAGE_SP2" : "기타",
        "DETAIL_SPO" : "민주지산[해발1.241]",
        "ETC_MATTER" : " ",
        "MNTN_NM" : "민주지산불대",
        "PAST_SPOT_" : "4573027040001",
        "MNTN_ID" : "457302704"
      },
      "geometry" : {
        "x" : 276539.71200000122,
        "y" : 382796.52070000023
      }
    },
    {
      "attributes" : {
        "FID" : 1,
        "PMNTN_SPOT" : 32453,
        "MNTN_CODE" : "457302704",
        "MANAGE_SP1" : "01",
        "MANAGE_SP2" : "시종점",
        "DETAIL_SPO" : "시종점",
        "ETC_MATTER" : " ",
        "MNTN_NM" : "민주지산불대",
        "PAST_SPOT_" : "4573027040002",
        "MNTN_ID" : "457302704"
      },
      "geometry" : {
        "x" : 274607.72429999989,
        "y" : 381125.67129999958
      }
    },
    {
      "attributes" : {
        "FID" : 2,
        "PMNTN_SPOT" : 32454,
        "MNTN_CODE" : "457302704",
        "MANAGE_SP1" : "02",
        "MANAGE_SP2" : "분기점",
        "DETAIL_SPO" : "분기점",
        "ETC_MATTER" : " ",
        "MNTN_NM" : "민주지산불대",
        "PAST_SPOT_" : "4573027040003",
        "MNTN_ID" : "457302704"
      },
      "geometry" : {
        "x" : 275459.69130000006,
        "y" : 381680.79430000111
      }
    },
    {
      "attributes" : {
        "FID" : 3,
        "PMNTN_SPOT" : 32455,
        "MNTN_CODE" : "457302704",
        "MANAGE_SP1" : "01",
        "MANAGE_SP2" : "시종점",
        "DETAIL_SPO" : "시종점",
        "ETC_MATTER" : " ",
        "MNTN_NM" : "민주지산불대",
        "PAST_SPOT_" : "4573027040004",
        "MNTN_ID" : "457302704"
      },
      "geometry" : {
        "x" : 275503.99580000155,
        "y" : 381742.90050000139
      }
    },
    {
      "attributes" : {
        "FID" : 4,
        "PMNTN_SPOT" : 32456,
        "MNTN_CODE" : "457302704",
        "MANAGE_SP1" : "02",
        "MANAGE_SP2" : "분기점",
        "DETAIL_SPO" : "분기점",
        "ETC_MATTER" : " ",
        "MNTN_NM" : "민주지산불대",
        "PAST_SPOT_" : "4573027040005",
        "MNTN_ID" : "457302704"
      },
      "geometry" : {
        "x" : 275743.8264000006,
        "y" : 381478.08579999954
      }
    },
    {
      "attributes" : {
        "FID" : 5,
        "PMNTN_SPOT" : 32457,
        "MNTN_CODE" : "457302704",
        "MANAGE_SP1" : "01",
        "MANAGE_SP2" : "시종점",
        "DETAIL_SPO" : "시종점",
        "ETC_MATTER" : " ",
        "MNTN_NM" : "민주지산불대",
        "PAST_SPOT_" : "4573027040006",
        "MNTN_ID" : "457302704"
      },
      "geometry" : {
        "x" : 275746.49050000031,
        "y" : 381373.51680000126
      }
    },
    {
      "attributes" : {
        "FID" : 6,
        "PMNTN_SPOT" : 32458,
        "MNTN_CODE" : "457302704",
        "MANAGE_SP1" : "02",
        "MANAGE_SP2" : "분기점",
        "DETAIL_SPO" : "분기점",
        "ETC_MATTER" : " ",
        "MNTN_NM" : "민주지산불대",
        "PAST_SPOT_" : "4573027040007",
        "MNTN_ID" : "457302704"
      },
      "geometry" : {
        "x" : 275771.92320000101,
        "y" : 381414.42790000141
      }
    },
    {
      "attributes" : {
        "FID" : 7,
        "PMNTN_SPOT" : 32459,
        "MNTN_CODE" : "457302704",
        "MANAGE_SP1" : "01",
        "MANAGE_SP2" : "시종점",
        "DETAIL_SPO" : "시종점",
        "ETC_MATTER" : " ",
        "MNTN_NM" : "민주지산불대",
        "PAST_SPOT_" : "4573027040008",
        "MNTN_ID" : "457302704"
      },
      "geometry" : {
        "x" : 275818.52400000021,
        "y" : 380843.64729999937
      }
    },
    {
      "attributes" : {
        "FID" : 8,
        "PMNTN_SPOT" : 32460,
        "MNTN_CODE" : "457302704",
        "MANAGE_SP1" : "02",
        "MANAGE_SP2" : "분기점",
        "DETAIL_SPO" : "분기점",
        "ETC_MATTER" : " ",
        "MNTN_NM" : "민주지산불대",
        "PAST_SPOT_" : "4573027040009",
        "MNTN_ID" : "457302704"
      },
      "geometry" : {
        "x" : 275885.49679999985,
        "y" : 380819.59039999917
      }
    },
    {
      "attributes" : {
        "FID" : 9,
        "PMNTN_SPOT" : 32461,
        "MNTN_CODE" : "457302704",
        "MANAGE_SP1" : "01",
        "MANAGE_SP2" : "시종점",
        "DETAIL_SPO" : "시종점",
        "ETC_MATTER" : " ",
        "MNTN_NM" : "민주지산불대",
        "PAST_SPOT_" : "4573027040010",
        "MNTN_ID" : "457302704"
      },
      "geometry" : {
        "x" : 275904.43950000219,
        "y" : 380373.71030000038
      }
    },
    {
      "attributes" : {
        "FID" : 10,
        "PMNTN_SPOT" : 32462,
        "MNTN_CODE" : "457302704",
        "MANAGE_SP1" : "01",
        "MANAGE_SP2" : "시종점",
        "DETAIL_SPO" : "시종점",
        "ETC_MATTER" : " ",
        "MNTN_NM" : "민주지산불대",
        "PAST_SPOT_" : "4573027040011",
        "MNTN_ID" : "457302704"
      },
      "geometry" : {
        "x" : 276551.36340387817,
        "y" : 382775.91378469393
      }
    }
  ]
}