{
  "displayFieldName" : "",
  "fieldAliases" : {
    "FID" : "FID",
    "PMNTN_SPOT" : "PMNTN_SPOT",
    "MNTN_CODE" : "MNTN_CODE",
    "MANAGE_SP1" : "MANAGE_SP1",
    "MANAGE_SP2" : "MANAGE_SP2",
    "DETAIL_SPO" : "DETAIL_SPO",
    "ETC_MATTER" : "ETC_MATTER",
    "MNTN_NM" : "MNTN_NM",
    "PAST_SPOT_" : "PAST_SPOT_",
    "MNTN_ID" : "MNTN_ID"
  },
  "geometryType" : "esriGeometryPoint",
  "spatialReference" : {
    "wkt" : "PROJCS[\"PCS_ITRF2000_TM\",GEOGCS[\"GCS_ITRF_2000\",DATUM[\"D_ITRF_2000\",SPHEROID[\"GRS_1980\",6378137.0,298.257222101]],PRIMEM[\"Greenwich\",0.0],UNIT[\"Degree\",0.0174532925199433]],PROJECTION[\"Transverse_Mercator\"],PARAMETER[\"False_Easting\",200000.0],PARAMETER[\"False_Northing\",600000.0],PARAMETER[\"Central_Meridian\",127.0],PARAMETER[\"Scale_Factor\",1.0],PARAMETER[\"Latitude_Of_Origin\",38.0],UNIT[\"Meter\",1.0]]"
  },
  "fields" : [
    {
      "name" : "FID",
      "type" : "esriFieldTypeOID",
      "alias" : "FID"
    },
    {
      "name" : "PMNTN_SPOT",
      "type" : "esriFieldTypeDouble",
      "alias" : "PMNTN_SPOT"
    },
    {
      "name" : "MNTN_CODE",
      "type" : "esriFieldTypeString",
      "alias" : "MNTN_CODE",
      "length" : 9
    },
    {
      "name" : "MANAGE_SP1",
      "type" : "esriFieldTypeString",
      "alias" : "MANAGE_SP1",
      "length" : 2
    },
    {
      "name" : "MANAGE_SP2",
      "type" : "esriFieldTypeString",
      "alias" : "MANAGE_SP2",
      "length" : 50
    },
    {
      "name" : "DETAIL_SPO",
      "type" : "esriFieldTypeString",
      "alias" : "DETAIL_SPO",
      "length" : 200
    },
    {
      "name" : "ETC_MATTER",
      "type" : "esriFieldTypeString",
      "alias" : "ETC_MATTER",
      "length" : 200
    },
    {
      "name" : "MNTN_NM",
      "type" : "esriFieldTypeString",
      "alias" : "MNTN_NM",
      "length" : 50
    },
    {
      "name" : "PAST_SPOT_",
      "type" : "esriFieldTypeString",
      "alias" : "PAST_SPOT_",
      "length" : 14
    },
    {
      "name" : "MNTN_ID",
      "type" : "esriFieldTypeString",
      "alias" : "MNTN_ID",
      "length" : 10
    }
  ],
  "features" : [
    {
      "attributes" : {
        "FID" : 0,
        "PMNTN_SPOT" : 10865,
        "MNTN_CODE" : "421100601",
        "MANAGE_SP1" : "01",
        "MANAGE_SP2" : "시종점",
        "DETAIL_SPO" : "시종점",
        "ETC_MATTER" : " ",
        "MNTN_NM" : "국사봉",
        "PAST_SPOT_" : "4211006010001",
        "MNTN_ID" : "421100601"
      },
      "geometry" : {
        "x" : 263537.70260000136,
        "y" : 583854.96849999949
      }
    },
    {
      "attributes" : {
        "FID" : 1,
        "PMNTN_SPOT" : 10866,
        "MNTN_CODE" : "421100601",
        "MANAGE_SP1" : "01",
        "MANAGE_SP2" : "시종점",
        "DETAIL_SPO" : "시종점",
        "ETC_MATTER" : " ",
        "MNTN_NM" : "국사봉",
        "PAST_SPOT_" : "4211006010002",
        "MNTN_ID" : "421100601"
      },
      "geometry" : {
        "x" : 263556.96140000038,
        "y" : 584374.66490000114
      }
    },
    {
      "attributes" : {
        "FID" : 2,
        "PMNTN_SPOT" : 10867,
        "MNTN_CODE" : "421100601",
        "MANAGE_SP1" : "02",
        "MANAGE_SP2" : "분기점",
        "DETAIL_SPO" : "분기점",
        "ETC_MATTER" : " ",
        "MNTN_NM" : "국사봉",
        "PAST_SPOT_" : "4211006010003",
        "MNTN_ID" : "421100601"
      },
      "geometry" : {
        "x" : 263737.66899999976,
        "y" : 583809.59510000423
      }
    },
    {
      "attributes" : {
        "FID" : 3,
        "PMNTN_SPOT" : 10868,
        "MNTN_CODE" : "421100601",
        "MANAGE_SP1" : "02",
        "MANAGE_SP2" : "분기점",
        "DETAIL_SPO" : "분기점",
        "ETC_MATTER" : " ",
        "MNTN_NM" : "국사봉",
        "PAST_SPOT_" : "4211006010004",
        "MNTN_ID" : "421100601"
      },
      "geometry" : {
        "x" : 263738.45770000108,
        "y" : 583815.51070000045
      }
    },
    {
      "attributes" : {
        "FID" : 4,
        "PMNTN_SPOT" : 10869,
        "MNTN_CODE" : "421100601",
        "MANAGE_SP1" : "02",
        "MANAGE_SP2" : "분기점",
        "DETAIL_SPO" : "분기점",
        "ETC_MATTER" : " ",
        "MNTN_NM" : "국사봉",
        "PAST_SPOT_" : "4211006010005",
        "MNTN_ID" : "421100601"
      },
      "geometry" : {
        "x" : 263822.69740000274,
        "y" : 583510.04180000164
      }
    },
    {
      "attributes" : {
        "FID" : 5,
        "PMNTN_SPOT" : 10870,
        "MNTN_CODE" : "421100601",
        "MANAGE_SP1" : "01",
        "MANAGE_SP2" : "시종점",
        "DETAIL_SPO" : "시종점",
        "ETC_MATTER" : " ",
        "MNTN_NM" : "국사봉",
        "PAST_SPOT_" : "4211006010006",
        "MNTN_ID" : "421100601"
      },
      "geometry" : {
        "x" : 263930.77390000131,
        "y" : 583836.39919999987
      }
    },
    {
      "attributes" : {
        "FID" : 6,
        "PMNTN_SPOT" : 10871,
        "MNTN_CODE" : "421100601",
        "MANAGE_SP1" : "02",
        "MANAGE_SP2" : "분기점",
        "DETAIL_SPO" : "분기점",
        "ETC_MATTER" : " ",
        "MNTN_NM" : "국사봉",
        "PAST_SPOT_" : "4211006010007",
        "MNTN_ID" : "421100601"
      },
      "geometry" : {
        "x" : 263977.89609999955,
        "y" : 583589.6660999991
      }
    },
    {
      "attributes" : {
        "FID" : 7,
        "PMNTN_SPOT" : 10872,
        "MNTN_CODE" : "421100601",
        "MANAGE_SP1" : "02",
        "MANAGE_SP2" : "분기점",
        "DETAIL_SPO" : "분기점",
        "ETC_MATTER" : " ",
        "MNTN_NM" : "국사봉",
        "PAST_SPOT_" : "4211006010008",
        "MNTN_ID" : "421100601"
      },
      "geometry" : {
        "x" : 263981.31680000201,
        "y" : 583596.63060000166
      }
    },
    {
      "attributes" : {
        "FID" : 8,
        "PMNTN_SPOT" : 10873,
        "MNTN_CODE" : "421100601",
        "MANAGE_SP1" : "01",
        "MANAGE_SP2" : "시종점",
        "DETAIL_SPO" : "시종점",
        "ETC_MATTER" : " ",
        "MNTN_NM" : "국사봉",
        "PAST_SPOT_" : "4211006010009",
        "MNTN_ID" : "421100601"
      },
      "geometry" : {
        "x" : 264032.35370000079,
        "y" : 583812.5239000041
      }
    },
    {
      "attributes" : {
        "FID" : 9,
        "PMNTN_SPOT" : 10874,
        "MNTN_CODE" : "421100601",
        "MANAGE_SP1" : "01",
        "MANAGE_SP2" : "시종점",
        "DETAIL_SPO" : "시종점",
        "ETC_MATTER" : " ",
        "MNTN_NM" : "국사봉",
        "PAST_SPOT_" : "4211006010010",
        "MNTN_ID" : "421100601"
      },
      "geometry" : {
        "x" : 264159.1379000023,
        "y" : 583876.01950000226
      }
    },
    {
      "attributes" : {
        "FID" : 10,
        "PMNTN_SPOT" : 10875,
        "MNTN_CODE" : "421100601",
        "MANAGE_SP1" : "01",
        "MANAGE_SP2" : "시종점",
        "DETAIL_SPO" : "시종점",
        "ETC_MATTER" : " ",
        "MNTN_NM" : "국사봉",
        "PAST_SPOT_" : "4211006010011",
        "MNTN_ID" : "421100601"
      },
      "geometry" : {
        "x" : 264232.90770000126,
        "y" : 583093.68990000524
      }
    },
    {
      "attributes" : {
        "FID" : 11,
        "PMNTN_SPOT" : 10876,
        "MNTN_CODE" : "421100601",
        "MANAGE_SP1" : "01",
        "MANAGE_SP2" : "시종점",
        "DETAIL_SPO" : "시종점",
        "ETC_MATTER" : " ",
        "MNTN_NM" : "국사봉",
        "PAST_SPOT_" : "4211006010012",
        "MNTN_ID" : "421100601"
      },
      "geometry" : {
        "x" : 264271.60969999991,
        "y" : 583195.08120000176
      }
    }
  ]
}