{
  "displayFieldName" : "",
  "fieldAliases" : {
    "FID" : "FID",
    "PMNTN_SPOT" : "PMNTN_SPOT",
    "MNTN_CODE" : "MNTN_CODE",
    "MANAGE_SP1" : "MANAGE_SP1",
    "MANAGE_SP2" : "MANAGE_SP2",
    "DETAIL_SPO" : "DETAIL_SPO",
    "ETC_MATTER" : "ETC_MATTER",
    "MNTN_NM" : "MNTN_NM",
    "PAST_SPOT_" : "PAST_SPOT_",
    "MNTN_ID" : "MNTN_ID"
  },
  "geometryType" : "esriGeometryPoint",
  "spatialReference" : {
    "wkt" : "PROJCS[\"PCS_ITRF2000_TM\",GEOGCS[\"GCS_ITRF_2000\",DATUM[\"D_ITRF_2000\",SPHEROID[\"GRS_1980\",6378137.0,298.257222101]],PRIMEM[\"Greenwich\",0.0],UNIT[\"Degree\",0.0174532925199433]],PROJECTION[\"Transverse_Mercator\"],PARAMETER[\"False_Easting\",200000.0],PARAMETER[\"False_Northing\",600000.0],PARAMETER[\"Central_Meridian\",127.0],PARAMETER[\"Scale_Factor\",1.0],PARAMETER[\"Latitude_Of_Origin\",38.0],UNIT[\"Meter\",1.0]]"
  },
  "fields" : [
    {
      "name" : "FID",
      "type" : "esriFieldTypeOID",
      "alias" : "FID"
    },
    {
      "name" : "PMNTN_SPOT",
      "type" : "esriFieldTypeDouble",
      "alias" : "PMNTN_SPOT"
    },
    {
      "name" : "MNTN_CODE",
      "type" : "esriFieldTypeString",
      "alias" : "MNTN_CODE",
      "length" : 9
    },
    {
      "name" : "MANAGE_SP1",
      "type" : "esriFieldTypeString",
      "alias" : "MANAGE_SP1",
      "length" : 2
    },
    {
      "name" : "MANAGE_SP2",
      "type" : "esriFieldTypeString",
      "alias" : "MANAGE_SP2",
      "length" : 50
    },
    {
      "name" : "DETAIL_SPO",
      "type" : "esriFieldTypeString",
      "alias" : "DETAIL_SPO",
      "length" : 200
    },
    {
      "name" : "ETC_MATTER",
      "type" : "esriFieldTypeString",
      "alias" : "ETC_MATTER",
      "length" : 200
    },
    {
      "name" : "MNTN_NM",
      "type" : "esriFieldTypeString",
      "alias" : "MNTN_NM",
      "length" : 50
    },
    {
      "name" : "PAST_SPOT_",
      "type" : "esriFieldTypeString",
      "alias" : "PAST_SPOT_",
      "length" : 14
    },
    {
      "name" : "MNTN_ID",
      "type" : "esriFieldTypeString",
      "alias" : "MNTN_ID",
      "length" : 10
    }
  ],
  "features" : [
    {
      "attributes" : {
        "FID" : 0,
        "PMNTN_SPOT" : 38175,
        "MNTN_CODE" : "427703901",
        "MANAGE_SP1" : "02",
        "MANAGE_SP2" : "분기점",
        "DETAIL_SPO" : "갈림길",
        "ETC_MATTER" : "이정표 필요",
        "MNTN_NM" : "벽암산",
        "PAST_SPOT_" : "22110221000001",
        "MNTN_ID" : "2211022100"
      },
      "geometry" : {
        "x" : 349535.77770000882,
        "y" : 521178.05580000393
      }
    },
    {
      "attributes" : {
        "FID" : 1,
        "PMNTN_SPOT" : 38176,
        "MNTN_CODE" : "427703901",
        "MANAGE_SP1" : "02",
        "MANAGE_SP2" : "분기점",
        "DETAIL_SPO" : "갈림길,쉼터",
        "ETC_MATTER" : "이정표,벤치 필요",
        "MNTN_NM" : "벽암산",
        "PAST_SPOT_" : "22110221000002",
        "MNTN_ID" : "2211022100"
      },
      "geometry" : {
        "x" : 349517.46730000898,
        "y" : 521199.82489999942
      }
    },
    {
      "attributes" : {
        "FID" : 2,
        "PMNTN_SPOT" : 38177,
        "MNTN_CODE" : "427703901",
        "MANAGE_SP1" : "99",
        "MANAGE_SP2" : "기타",
        "DETAIL_SPO" : "슄터,갈림길,경사지끝점",
        "ETC_MATTER" : "이정표,벤치,계단 필요",
        "MNTN_NM" : "벽암산",
        "PAST_SPOT_" : "22110221000003",
        "MNTN_ID" : "2211022100"
      },
      "geometry" : {
        "x" : 349305.33040001057,
        "y" : 520840.30390000157
      }
    },
    {
      "attributes" : {
        "FID" : 3,
        "PMNTN_SPOT" : 38178,
        "MNTN_CODE" : "427703901",
        "MANAGE_SP1" : "99",
        "MANAGE_SP2" : "기타",
        "DETAIL_SPO" : "기타",
        "ETC_MATTER" : " ",
        "MNTN_NM" : "벽암산",
        "PAST_SPOT_" : "22110221000004",
        "MNTN_ID" : "2211022100"
      },
      "geometry" : {
        "x" : 349213.96790000889,
        "y" : 520853.66889999993
      }
    },
    {
      "attributes" : {
        "FID" : 4,
        "PMNTN_SPOT" : 38179,
        "MNTN_CODE" : "427703901",
        "MANAGE_SP1" : "99",
        "MANAGE_SP2" : "기타",
        "DETAIL_SPO" : "1.경사지 시점",
        "ETC_MATTER" : "계단필요",
        "MNTN_NM" : "벽암산",
        "PAST_SPOT_" : "22110221000005",
        "MNTN_ID" : "2211022100"
      },
      "geometry" : {
        "x" : 349114.24040000793,
        "y" : 520838.46210000291
      }
    },
    {
      "attributes" : {
        "FID" : 5,
        "PMNTN_SPOT" : 38180,
        "MNTN_CODE" : "427703901",
        "MANAGE_SP1" : "99",
        "MANAGE_SP2" : "기타",
        "DETAIL_SPO" : "낚시터,경사지",
        "ETC_MATTER" : "계단필요",
        "MNTN_NM" : "벽암산",
        "PAST_SPOT_" : "22110221000006",
        "MNTN_ID" : "2211022100"
      },
      "geometry" : {
        "x" : 349040.54490000941,
        "y" : 520741.33349999972
      }
    },
    {
      "attributes" : {
        "FID" : 6,
        "PMNTN_SPOT" : 38181,
        "MNTN_CODE" : "427703901",
        "MANAGE_SP1" : "01",
        "MANAGE_SP2" : "시종점",
        "DETAIL_SPO" : "시종점",
        "ETC_MATTER" : "이정표 필요",
        "MNTN_NM" : "벽암산",
        "PAST_SPOT_" : "22110221000007",
        "MNTN_ID" : "2211022100"
      },
      "geometry" : {
        "x" : 349086.88560000714,
        "y" : 520403.69930000044
      }
    },
    {
      "attributes" : {
        "FID" : 7,
        "PMNTN_SPOT" : 38182,
        "MNTN_CODE" : "427703901",
        "MANAGE_SP1" : "23",
        "MANAGE_SP2" : "정상",
        "DETAIL_SPO" : "정상부,조망점",
        "ETC_MATTER" : " ",
        "MNTN_NM" : "벽암산",
        "PAST_SPOT_" : "22110221000008",
        "MNTN_ID" : "2211022100"
      },
      "geometry" : {
        "x" : 349693.88247907627,
        "y" : 521146.07605578192
      }
    }
  ]
}