{
  "displayFieldName" : "",
  "fieldAliases" : {
    "FID" : "FID",
    "PMNTN_SN" : "PMNTN_SN",
    "MNTN_CODE" : "MNTN_CODE",
    "MNTN_NM" : "MNTN_NM",
    "PMNTN_NM" : "PMNTN_NM",
    "PMNTN_MAIN" : "PMNTN_MAIN",
    "PMNTN_LT" : "PMNTN_LT",
    "PMNTN_DFFL" : "PMNTN_DFFL",
    "PMNTN_UPPL" : "PMNTN_UPPL",
    "PMNTN_GODN" : "PMNTN_GODN",
    "PMNTN_MTRQ" : "PMNTN_MTRQ",
    "PMNTN_CNRL" : "PMNTN_CNRL",
    "PMNTN_CLS_" : "PMNTN_CLS_",
    "PMNTN_RISK" : "PMNTN_RISK",
    "PMNTN_RECO" : "PMNTN_RECO",
    "DATA_STDR_" : "DATA_STDR_",
    "MNTN_ID" : "MNTN_ID"
  },
  "geometryType" : "esriGeometryPolyline",
  "spatialReference" : {
    "wkt" : "PROJCS[\"PCS_ITRF2000_TM\",GEOGCS[\"GCS_ITRF_2000\",DATUM[\"D_ITRF_2000\",SPHEROID[\"GRS_1980\",6378137.0,298.257222101]],PRIMEM[\"Greenwich\",0.0],UNIT[\"Degree\",0.0174532925199433]],PROJECTION[\"Transverse_Mercator\"],PARAMETER[\"False_Easting\",200000.0],PARAMETER[\"False_Northing\",600000.0],PARAMETER[\"Central_Meridian\",127.0],PARAMETER[\"Scale_Factor\",1.0],PARAMETER[\"Latitude_Of_Origin\",38.0],UNIT[\"Meter\",1.0]]"
  },
  "fields" : [
    {
      "name" : "FID",
      "type" : "esriFieldTypeOID",
      "alias" : "FID"
    },
    {
      "name" : "PMNTN_SN",
      "type" : "esriFieldTypeDouble",
      "alias" : "PMNTN_SN"
    },
    {
      "name" : "MNTN_CODE",
      "type" : "esriFieldTypeString",
      "alias" : "MNTN_CODE",
      "length" : 9
    },
    {
      "name" : "MNTN_NM",
      "type" : "esriFieldTypeString",
      "alias" : "MNTN_NM",
      "length" : 50
    },
    {
      "name" : "PMNTN_NM",
      "type" : "esriFieldTypeString",
      "alias" : "PMNTN_NM",
      "length" : 50
    },
    {
      "name" : "PMNTN_MAIN",
      "type" : "esriFieldTypeString",
      "alias" : "PMNTN_MAIN",
      "length" : 200
    },
    {
      "name" : "PMNTN_LT",
      "type" : "esriFieldTypeSingle",
      "alias" : "PMNTN_LT"
    },
    {
      "name" : "PMNTN_DFFL",
      "type" : "esriFieldTypeString",
      "alias" : "PMNTN_DFFL",
      "length" : 8
    },
    {
      "name" : "PMNTN_UPPL",
      "type" : "esriFieldTypeDouble",
      "alias" : "PMNTN_UPPL"
    },
    {
      "name" : "PMNTN_GODN",
      "type" : "esriFieldTypeDouble",
      "alias" : "PMNTN_GODN"
    },
    {
      "name" : "PMNTN_MTRQ",
      "type" : "esriFieldTypeString",
      "alias" : "PMNTN_MTRQ",
      "length" : 200
    },
    {
      "name" : "PMNTN_CNRL",
      "type" : "esriFieldTypeString",
      "alias" : "PMNTN_CNRL",
      "length" : 1
    },
    {
      "name" : "PMNTN_CLS_",
      "type" : "esriFieldTypeString",
      "alias" : "PMNTN_CLS_",
      "length" : 1
    },
    {
      "name" : "PMNTN_RISK",
      "type" : "esriFieldTypeString",
      "alias" : "PMNTN_RISK",
      "length" : 200
    },
    {
      "name" : "PMNTN_RECO",
      "type" : "esriFieldTypeString",
      "alias" : "PMNTN_RECO",
      "length" : 1
    },
    {
      "name" : "DATA_STDR_",
      "type" : "esriFieldTypeString",
      "alias" : "DATA_STDR_",
      "length" : 10
    },
    {
      "name" : "MNTN_ID",
      "type" : "esriFieldTypeString",
      "alias" : "MNTN_ID",
      "length" : 10
    }
  ],
  "features" : [
    {
      "attributes" : {
        "FID" : 0,
        "PMNTN_SN" : 22947,
        "MNTN_CODE" : "427703901",
        "MNTN_NM" : "벽암산",
        "PMNTN_NM" : "문곡리구간",
        "PMNTN_MAIN" : " ",
        "PMNTN_LT" : 1.35,
        "PMNTN_DFFL" : "쉬움",
        "PMNTN_UPPL" : 34,
        "PMNTN_GODN" : 24,
        "PMNTN_MTRQ" : " ",
        "PMNTN_CNRL" : " ",
        "PMNTN_CLS_" : " ",
        "PMNTN_RISK" : " ",
        "PMNTN_RECO" : " ",
        "DATA_STDR_" : "2016-12-31",
        "MNTN_ID" : "2211022100"
      },
      "geometry" : {
        "paths" : [
          [
            [
              349693.88247906789,
              521146.07605578192
            ],
            [
              349683.42400577199,
              521159.57669888437
            ],
            [
              349682.52679980081,
              521160.97468720004
            ],
            [
              349681.51610105112,
              521162.46445638128
            ],
            [
              349680.42129360512,
              521163.9634913262
            ],
            [
              349679.27067783102,
              521165.38780511916
            ],
            [
              349678.09162655193,
              521166.65215107985
            ],
            [
              349676.91141330916,
              521167.67114765011
            ],
            [
              349675.69753165264,
              521168.42831119709
            ],
            [
              349674.4232184859,
              521169.0496659074
            ],
            [
              349673.09329164121,
              521169.59548952617
            ],
            [
              349671.72544830106,
              521170.08981829137
            ],
            [
              349668.92194932885,
              521170.98638419993
            ],
            [
              349666.07291742601,
              521171.82112649642
            ],
            [
              349645.99452188332,
              521177.48341756873
            ],
            [
              349623.10200641863,
              521184.05723222904
            ],
            [
              349618.80220191739,
              521185.24090301432
            ],
            [
              349615.9233255107,
              521185.95663226582
            ],
            [
              349614.47669786215,
              521186.27176645398
            ],
            [
              349613.0227787029,
              521186.54356447048
            ],
            [
              349611.57202560082,
              521186.76081171259
            ],
            [
              349610.11408093944,
              521186.93535572663
            ],
            [
              349608.65089472383,
              521187.07882632315
            ],
            [
              349604.24291228689,
              521187.40062650479
            ],
            [
              349583.60355438013,
              521188.53222738206
            ],
            [
              349579.18057035375,
              521188.74314839207
            ],
            [
              349576.23259227816,
              521188.83255694434
            ],
            [
              349574.75910352543,
              521188.84691433422
            ],
            [
              349573.28619145509,
              521188.83031894825
            ],
            [
              349571.80915481877,
              521188.77555984072
            ],
            [
              349570.33268009406,
              521188.6894543767
            ],
            [
              349568.85656781308,
              521188.58036025241
            ],
            [
              349565.90511597972,
              521188.31594303995
            ],
            [
              349562.95533579588,
              521188.01095031388
            ],
            [
              349560.01035609655,
              521187.67123570479
            ],
            [
              349557.07777544577,
              521187.28110485524
            ],
            [
              349555.62053994089,
              521187.05516931601
            ],
            [
              349554.17312756553,
              521186.79797601514
            ],
            [
              349552.73967114184,
              521186.4979233481
            ],
            [
              349551.32569344994,
              521186.13970745355
            ],
            [
              349549.93846967909,
              521185.70349758491
            ],
            [
              349548.57900604326,
              521185.17281790823
            ],
            [
              349547.24571055453,
              521184.57229954004
            ],
            [
              349543.32922662888,
              521182.64124706201
            ],
            [
              349542.03362770192,
              521182.04916193523
            ],
            [
              349540.73602052685,
              521181.53776626848
            ],
            [
              349539.43278416432,
              521181.15008905157
            ],
            [
              349538.12032995839,
              521180.94012843259
            ],
            [
              349536.92147625051,
              521180.94245171547
            ],
            [
              349535.717222251,
              521181.10275475681
            ],
            [
              349534.51291016862,
              521181.38783615455
            ],
            [
              349533.31433371454,
              521181.77375246398
            ],
            [
              349532.12812042888,
              521182.24467824772
            ],
            [
              349530.96217131801,
              521182.79204215854
            ],
            [
              349529.82616490405,
              521183.41395026818
            ],
            [
              349528.73213136941,
              521184.11488803849
            ],
            [
              349527.69509724528,
              521184.90567613952
            ],
            [
              349526.65100296028,
              521185.87111871317
            ],
            [
              349525.67205299158,
              521186.92755789123
            ],
            [
              349524.739771639,
              521188.04780436866
            ],
            [
              349523.83961553313,
              521189.2098901011
            ],
            [
              349521.22637096792,
              521192.76745109446
            ],
            [
              349520.3570763981,
              521193.91811703518
            ],
            [
              349519.47666300926,
              521195.01574859209
            ],
            [
              349518.5776869487,
              521196.03115167469
            ],
            [
              349517.65181443747,
              521196.92638581805
            ],
            [
              349516.6893436322,
              521197.65173806809
            ],
            [
              349515.67877413239,
              521198.14219651744
            ],
            [
              349514.63185011409,
              521198.33980341628
            ],
            [
              349513.56581776682,
              521198.28208696656
            ],
            [
              349512.52164925449,
              521198.00318782032
            ],
            [
              349511.54296143167,
              521197.51822732203
            ],
            [
              349510.67869175225,
              521196.82420551404
            ],
            [
              349509.9551652493,
              521195.89742130786
            ],
            [
              349509.36478214245,
              521194.79680689611
            ],
            [
              349508.87241489999,
              521193.57179287262
            ],
            [
              349508.45113571174,
              521192.2593746651
            ],
            [
              349508.08063438628,
              521190.88686789013
            ],
            [
              349507.74587509036,
              521189.47416291572
            ],
            [
              349507.14348587487,
              521186.58105797321
            ],
            [
              349506.5934228804,
              521183.65035212412
            ],
            [
              349505.84685847536,
              521179.25088603795
            ],
            [
              349505.44279154856,
              521176.33476819843
            ],
            [
              349505.29473298788,
              521174.88484436646
            ],
            [
              349505.20248283911,
              521173.44195343181
            ],
            [
              349505.18715813942,
              521172.00781207904
            ],
            [
              349505.27630924992,
              521170.58477140218
            ],
            [
              349505.49419496488,
              521169.16177801602
            ],
            [
              349505.81563342456,
              521167.75016150624
            ],
            [
              349506.20924497955,
              521166.34775949642
            ],
            [
              349506.64912033081,
              521164.9533831086
            ],
            [
              349508.02752756607,
              521160.82162850536
            ],
            [
              349508.43329759687,
              521159.46840039454
            ],
            [
              349508.76815069187,
              521158.13431537896
            ],
            [
              349508.99634337425,
              521156.82658789121
            ],
            [
              349509.07216926385,
              521155.555073319
            ],
            [
              349508.93680424336,
              521154.33290689997
            ],
            [
              349508.53650997672,
              521153.15663835406
            ],
            [
              349507.91915674508,
              521152.03055782057
            ],
            [
              349507.14383579139,
              521150.94086114317
            ],
            [
              349506.25535047986,
              521149.87711286359
            ],
            [
              349505.28719989769,
              521148.83153471164
            ],
            [
              349504.26409166958,
              521147.79840925522
            ],
            [
              349503.20399782993,
              521146.77359387465
            ],
            [
              349501.02057926264,
              521144.7379556112
            ],
            [
              349491.02394853532,
              521135.61276054569
            ],
            [
              349475.61683146562,
              521121.39960063808
            ],
            [
              349473.44574742578,
              521119.35121113807
            ],
            [
              349471.32296006661,
              521117.26899666898
            ],
            [
              349470.29488592502,
              521116.20445531793
            ],
            [
              349469.30174392648,
              521115.11530516855
            ],
            [
              349468.35715053324,
              521113.99192614295
            ],
            [
              349467.47902077436,
              521112.82165941596
            ],
            [
              349466.69754300453,
              521111.62056977116
            ],
            [
              349465.97891635541,
              521110.37508064136
            ],
            [
              349465.30473920237,
              521109.09812449105
            ],
            [
              349464.66019471921,
              521107.80008069612
            ],
            [
              349462.78855706751,
              521103.85982201621
            ],
            [
              349461.48837012704,
              521101.26563465968
            ],
            [
              349460.78731873818,
              521100.00200525485
            ],
            [
              349460.03143533319,
              521098.77456022985
            ],
            [
              349459.22161179222,
              521097.61097494513
            ],
            [
              349458.35701335594,
              521096.48359805159
            ],
            [
              349457.45167824812,
              521095.38316371478
            ],
            [
              349455.55940740742,
              521093.23630468734
            ],
            [
              349452.61237382423,
              521090.0880114194
            ],
            [
              349446.62808761839,
              521083.85165596567
            ],
            [
              349444.66601440962,
              521081.75150944479
            ],
            [
              349443.7051949827,
              521080.68816743791
            ],
            [
              349442.7657589959,
              521079.61078678444
            ],
            [
              349441.85617567319,
              521078.51380518265
            ],
            [
              349440.98765023239,
              521077.38986391947
            ],
            [
              349440.17482991796,
              521076.22934418544
            ],
            [
              349439.41052260064,
              521074.99193266593
            ],
            [
              349438.70438968949,
              521073.71632052027
            ],
            [
              349438.04066167772,
              521072.4128627535
            ],
            [
              349437.40736090578,
              521071.08942443132
            ],
            [
              349436.79551350232,
              521069.75189816765
            ],
            [
              349435.61144011933,
              521067.05082592554
            ],
            [
              349425.25247757696,
              521042.54444398172
            ],
            [
              349414.20783486683,
              521016.72071649879
            ],
            [
              349413.06962175108,
              521013.99999665469
            ],
            [
              349411.9824007377,
              521011.27321485244
            ],
            [
              349411.47381387278,
              521009.90561026894
            ],
            [
              349411.00180081837,
              521008.53357489035
            ],
            [
              349410.58047637437,
              521007.15537116863
            ],
            [
              349410.22838430107,
              521005.7687089555
            ],
            [
              349409.96954673063,
              521004.37061155215
            ],
            [
              349409.83256145008,
              521003.12013360113
            ],
            [
              349409.7587303482,
              521001.86160196364
            ],
            [
              349409.67930558324,
              520999.33397573605
            ],
            [
              349409.61602571234,
              520998.07116997428
            ],
            [
              349409.49749133456,
              520996.81321934611
            ],
            [
              349409.27268987801,
              520995.41813907959
            ],
            [
              349408.96485786047,
              520994.03084236756
            ],
            [
              349408.59500565473,
              520992.64936219528
            ],
            [
              349408.17946457583,
              520991.27215479314
            ],
            [
              349407.25837136991,
              520988.52604355477
            ],
            [
              349406.26912566088,
              520985.78589563258
            ],
            [
              349398.05083092675,
              520963.85930908471
            ],
            [
              349396.97465094179,
              520961.15708370134
            ],
            [
              349396.40723153576,
              520959.82824439183
            ],
            [
              349395.80806066468,
              520958.52341638878
            ],
            [
              349395.16393476166,
              520957.25252858177
            ],
            [
              349394.45729699638,
              520956.02879086323
            ],
            [
              349393.66510842368,
              520954.86954391189
            ],
            [
              349392.7694108095,
              520953.78952836432
            ],
            [
              349391.78821189608,
              520952.77395854518
            ],
            [
              349390.74445542786,
              520951.80555735156
            ],
            [
              349389.65561471228,
              520950.87116881087
            ],
            [
              349387.39179424476,
              520949.06746051088
            ],
            [
              349385.06555056386,
              520947.31106319651
            ],
            [
              349375.63117860444,
              520940.38522668369
            ],
            [
              349370.943512314,
              520936.89291043766
            ],
            [
              349368.63315685745,
              520935.1106782034
            ],
            [
              349367.49480659608,
              520934.20096765645
            ],
            [
              349366.37335408106,
              520933.27246677689
            ],
            [
              349365.27479748894,
              520932.31843805686
            ],
            [
              349364.19512067921,
              520931.32506342791
            ],
            [
              349363.13860503677,
              520930.30579945445
            ],
            [
              349362.09905583318,
              520929.26753656939
            ],
            [
              349360.05323859863,
              520927.15356483869
            ],
            [
              349356.02447696216,
              520922.8532225918
            ],
            [
              349347.01881680451,
              520913.08936341107
            ],
            [
              349343.98826017138,
              520909.86749070324
            ],
            [
              349341.92301825713,
              520907.78518497571
            ],
            [
              349340.86334603373,
              520906.78530910425
            ],
            [
              349339.77559944615,
              520905.82913632877
            ],
            [
              349338.64909147285,
              520904.93406515568
            ],
            [
              349337.46982167847,
              520904.12307130173
            ],
            [
              349336.27791022416,
              520903.4419340007
            ],
            [
              349335.03736403491,
              520902.84130877815
            ],
            [
              349333.76137926895,
              520902.30292856134
            ],
            [
              349332.46052342467,
              520901.81377331913
            ],
            [
              349331.14343031775,
              520901.36534454115
            ],
            [
              349329.81744562555,
              520900.95312298276
            ],
            [
              349328.4892345136,
              520900.57621359639
            ],
            [
              349327.16537013557,
              520900.23717045598
            ],
            [
              349325.85292593669,
              520899.94198668189
            ],
            [
              349324.56009607762,
              520899.70022548363
            ],
            [
              349323.29686769843,
              520899.52525559068
            ],
            [
              349322.07576549891,
              520899.43453300186
            ],
            [
              349319.89496146888,
              520899.43754703179
            ],
            [
              349318.89064675197,
              520899.37621225975
            ],
            [
              349317.95425353665,
              520899.15695460886
            ],
            [
              349317.07953997515,
              520898.7036373727
            ],
            [
              349316.26301018987,
              520898.05678132735
            ],
            [
              349315.48298595846,
              520897.27434269339
            ],
            [
              349313.17878947128,
              520894.58192506433
            ],
            [
              349312.36503408849,
              520893.70688473433
            ],
            [
              349311.49760793243,
              520892.91132094339
            ],
            [
              349310.55470129475,
              520892.24103905819
            ],
            [
              349309.51954552531,
              520891.7283683829
            ],
            [
              349308.42162406072,
              520891.34060228616
            ],
            [
              349305.11400488578,
              520890.47312378883
            ],
            [
              349304.13596771471,
              520890.14120940305
            ],
            [
              349303.29758672137,
              520889.71297835372
            ],
            [
              349302.65882731788,
              520889.13517491147
            ],
            [
              349302.24732777942,
              520888.30242238753
            ],
            [
              349302.06982107181,
              520887.2869011052
            ],
            [
              349302.06387679558,
              520886.13685786724
            ],
            [
              349302.18183389399,
              520884.88922882266
            ],
            [
              349302.38773551211,
              520883.57189990394
            ],
            [
              349302.65470448043,
              520882.20564479567
            ],
            [
              349302.96274950169,
              520880.80573378317
            ],
            [
              349304.69764585327,
              520873.59393983707
            ],
            [
              349305.32428609021,
              520870.68367424421
            ],
            [
              349305.58595518395,
              520869.22955532186
            ],
            [
              349305.79397736676,
              520867.77690856345
            ],
            [
              349305.92841822095,
              520866.32620314881
            ],
            [
              349305.96335386951,
              520864.87794680521
            ],
            [
              349305.88478160184,
              520863.49547277577
            ],
            [
              349305.71912329271,
              520862.11441401578
            ],
            [
              349305.49486265611,
              520860.7335430719
            ],
            [
              349304.6995212324,
              520856.58267141879
            ],
            [
              349304.46155386325,
              520855.19433630258
            ],
            [
              349304.27181448881,
              520853.80350474454
            ],
            [
              349304.15425856225,
              520852.41088162921
            ],
            [
              349304.12662671506,
              520850.99495025538
            ],
            [
              349304.1715105623,
              520849.58589745685
            ],
            [
              349304.47837567329,
              520845.50739839859
            ],
            [
              349304.55354163889,
              520844.25294367783
            ],
            [
              349304.56760281697,
              520843.09376924299
            ],
            [
              349304.48426356539,
              520842.06864326447
            ],
            [
              349304.25852520857,
              520841.22860651836
            ],
            [
              349303.83378211502,
              520840.64010226727
            ],
            [
              349303.14303587191,
              520840.3524375651
            ],
            [
              349302.24045027792,
              520840.32736003213
            ],
            [
              349301.18304094858,
              520840.49230778217
            ],
            [
              349300.01418480556,
              520840.79125072062
            ],
            [
              349298.76641624421,
              520841.18086411059
            ],
            [
              349294.75899021979,
              520842.58373687975
            ],
            [
              349293.37805714738,
              520843.04830808379
            ],
            [
              349291.9868853204,
              520843.47379826009
            ],
            [
              349290.58919747174,
              520843.83496144973
            ],
            [
              349289.18707697932,
              520844.10179067031
            ],
            [
              349287.78133097664,
              520844.23733548634
            ],
            [
              349286.46857688576,
              520844.21927495673
            ],
            [
              349285.15389250964,
              520844.08697964624
            ],
            [
              349283.83816740196,
              520843.8731481526
            ],
            [
              349282.52188682836,
              520843.60517319478
            ],
            [
              349278.56992795691,
              520842.70410652645
            ],
            [
              349277.25033663865,
              520842.44249314815
            ],
            [
              349275.92836410645,
              520842.2386081405
            ],
            [
              349274.60285103694,
              520842.12027766928
            ],
            [
              349273.19617839344,
              520842.11175234988
            ],
            [
              349271.78545567766,
              520842.20294902101
            ],
            [
              349270.37187639531,
              520842.36799237691
            ],
            [
              349268.95633189846,
              520842.58697262034
            ],
            [
              349267.53947726265,
              520842.84477469884
            ],
            [
              349264.7035933435,
              520843.43448048085
            ],
            [
              349260.44798080716,
              520844.40938235261
            ],
            [
              349243.43054558523,
              520848.45176117122
            ],
            [
              349237.75477563031,
              520849.76984848268
            ],
            [
              349233.4889885122,
              520850.68000311963
            ],
            [
              349232.06346324645,
              520850.94660507143
            ],
            [
              349230.6351295216,
              520851.18189702742
            ],
            [
              349229.20313032717,
              520851.37422486022
            ],
            [
              349227.76639514416,
              520851.50839368254
            ],
            [
              349226.36928043328,
              520851.57136691548
            ],
            [
              349224.96811284591,
              520851.58050267026
            ],
            [
              349222.15960194916,
              520851.49608210847
            ],
            [
              349216.56798890047,
              520851.21928750724
            ],
            [
              349215.19135821238,
              520851.18480941094
            ],
            [
              349213.832397894,
              520851.18759937398
            ],
            [
              349212.49837687705,
              520851.24375092797
            ],
            [
              349211.19884587638,
              520851.37350056693
            ],
            [
              349209.94623570889,
              520851.60240954906
            ],
            [
              349208.75654329918,
              520851.96264112741
            ],
            [
              349207.69168133661,
              520852.44787585922
            ],
            [
              349206.67741865013,
              520853.02770093083
            ],
            [
              349204.71523639932,
              520854.24696672149
            ],
            [
              349203.72877051961,
              520854.77548631653
            ],
            [
              349202.71383892372,
              520855.17056102864
            ],
            [
              349201.59368696343,
              520855.39035699889
            ],
            [
              349200.44870369229,
              520855.42696032114
            ],
            [
              349199.30735441204,
              520855.31203248166
            ],
            [
              349198.19907418638,
              520855.06649739482
            ],
            [
              349197.15589612816,
              520854.70185862109
            ],
            [
              349196.21413915884,
              520854.22138095461
            ],
            [
              349195.40724392887,
              520853.64829140343
            ],
            [
              349194.67446346954,
              520853.05760510638
            ],
            [
              349193.954149317,
              520852.54801841639
            ],
            [
              349193.18532811385,
              520852.22382228822
            ],
            [
              349192.26695515215,
              520852.17103693634
            ],
            [
              349191.25288555119,
              520852.3699687589
            ],
            [
              349190.16650052276,
              520852.75302686915
            ],
            [
              349189.02559864521,
              520853.26703981869
            ],
            [
              349187.84324935637,
              520853.86999892257
            ],
            [
              349184.12141002715,
              520855.89971294813
            ],
            [
              349182.83138526883,
              520856.56385748461
            ],
            [
              349181.51396807935,
              520857.18006936274
            ],
            [
              349180.16329037305,
              520857.71972568147
            ],
            [
              349178.81475969218,
              520858.14895150065
            ],
            [
              349177.4369798908,
              520858.49959762394
            ],
            [
              349176.03803163022,
              520858.79174721055
            ],
            [
              349174.62400687486,
              520859.04097317345
            ],
            [
              349173.19943229295,
              520859.259183079
            ],
            [
              349170.33095256053,
              520859.63610981964
            ],
            [
              349166.00609880872,
              520860.12675659917
            ],
            [
              349160.22770034242,
              520860.7121410463
            ],
            [
              349157.33612517919,
              520860.95361881517
            ],
            [
              349154.44274001848,
              520861.10956964828
            ],
            [
              349152.99546386581,
              520861.13176232018
            ],
            [
              349151.51646245457,
              520861.1020739954
            ],
            [
              349150.03753306624,
              520861.02786412276
            ],
            [
              349148.55919002369,
              520860.91907785833
            ],
            [
              349145.60872469936,
              520860.61905514263
            ],
            [
              349144.14061401878,
              520860.42975585721
            ],
            [
              349142.68165781535,
              520860.2096246928
            ],
            [
              349141.23702502716,
              520859.95022234879
            ],
            [
              349139.81398735475,
              520859.63837320358
            ],
            [
              349138.42259334959,
              520859.25520440005
            ],
            [
              349137.07651014253,
              520858.77490446717
            ],
            [
              349135.78233168926,
              520858.17185661756
            ],
            [
              349134.54720460158,
              520857.46593061276
            ],
            [
              349133.37202238012,
              520856.67803211324
            ],
            [
              349132.26429533679,
              520855.8211143855
            ],
            [
              349131.2389427498,
              520854.90096960962
            ],
            [
              349130.31947414204,
              520853.91668579914
            ],
            [
              349129.53958153259,
              520852.86077133007
            ],
            [
              349128.94512867462,
              520851.71897507086
            ],
            [
              349128.5862661805,
              520850.54915531166
            ],
            [
              349128.38197615463,
              520849.31130062602
            ],
            [
              349128.27738864627,
              520848.02869704366
            ],
            [
              349128.18104876392,
              520845.40812173858
            ],
            [
              349128.1037519509,
              520844.10686079599
            ],
            [
              349127.94929165952,
              520842.83719824813
            ],
            [
              349127.66961899586,
              520841.62141253613
            ],
            [
              349127.19469422102,
              520840.40697005019
            ],
            [
              349126.57782345172,
              520839.27911633998
            ],
            [
              349125.87276528776,
              520838.24132114463
            ],
            [
              349124.10683245398,
              520837.47009000741
            ],
            [
              349120.1635189699,
              520838.10214444436
            ],
            [
              349119.47934823111,
              520838.34570865333
            ],
            [
              349118.76647322718,
              520838.42087405547
            ],
            [
              349117.92899580766,
              520838.26160049625
            ],
            [
              349117.08100462053,
              520837.91905889288
            ],
            [
              349116.2138606701,
              520837.49772411399
            ],
            [
              349115.31687701773,
              520837.09622600861
            ],
            [
              349114.37710310426,
              520836.81297212653
            ],
            [
              349113.48081687,
              520836.72062976845
            ],
            [
              349112.56564077921,
              520836.74846675806
            ],
            [
              349110.79466640297,
              520836.93424970098
            ],
            [
              349110.00141174905,
              520836.97879739106
            ],
            [
              349109.31768881064,
              520836.91088662669
            ],
            [
              349108.7869117884,
              520836.66225633398
            ],
            [
              349108.4399155397,
              520836.18251765892
            ],
            [
              349108.22709244583,
              520835.50957869552
            ],
            [
              349107.7900198577,
              520832.82042153738
            ],
            [
              349107.51718838699,
              520831.82771729492
            ],
            [
              349107.02928810474,
              520830.70553956926
            ],
            [
              349106.37948859949,
              520829.59101261757
            ],
            [
              349105.60920599382,
              520828.48489546031
            ],
            [
              349104.7504727887,
              520827.38709607348
            ],
            [
              349103.82770587876,
              520826.29705464654
            ],
            [
              349102.85926616937,
              520825.21398800984
            ],
            [
              349101.85877970513,
              520824.13704059646
            ],
            [
              349099.79880809225,
              520821.99821096659
            ],
            [
              349096.64139263891,
              520818.81730071269
            ],
            [
              349081.92504589725,
              520810.14895695075
            ],
            [
              349078.79508995172,
              520806.9777634237
            ],
            [
              349076.7642165646,
              520804.82551993988
            ],
            [
              349075.78114009462,
              520803.72602101788
            ],
            [
              349074.83115451224,
              520802.60226015933
            ],
            [
              349073.926457108,
              520801.44509647414
            ],
            [
              349073.08719484787,
              520800.26226082258
            ],
            [
              349072.29217415024,
              520799.04669668712
            ],
            [
              349071.52950089891,
              520797.80721788295
            ],
            [
              349070.06723464653,
              520795.28167297505
            ],
            [
              349067.25835014787,
              520790.1453940738
            ],
            [
              349060.36249119788,
              520775.53823559359
            ],
            [
              349057.70388315339,
              520767.00861343369
            ],
            [
              349056.20754940808,
              520764.50722211413
            ],
            [
              349055.41824601125,
              520763.28635915741
            ],
            [
              349054.58764983434,
              520762.09544782899
            ],
            [
              349053.69154000469,
              520760.92176201195
            ],
            [
              349052.7528253505,
              520759.77896020748
            ],
            [
              349051.78295789845,
              520758.65871291235
            ],
            [
              349050.79062087648,
              520757.55469979532
            ],
            [
              349048.76295708306,
              520755.37757718936
            ],
            [
              349044.14348818827,
              520745.00118990056
            ],
            [
              349042.11415599752,
              520742.82274151593
            ],
            [
              349040.15475495439,
              520740.59362617694
            ],
            [
              349039.22170215659,
              520739.44573443569
            ],
            [
              349038.33632807992,
              520738.26406063698
            ],
            [
              349037.51918538753,
              520737.05598656274
            ],
            [
              349036.74960274622,
              520735.81457907893
            ],
            [
              349036.01578457002,
              520734.54848317988
            ],
            [
              349034.62552245706,
              520731.96582568064
            ],
            [
              349033.31813871209,
              520729.33808448724
            ],
            [
              349032.69834512845,
              520728.01041610539
            ],
            [
              349032.1085437322,
              520726.67274771631
            ],
            [
              349031.55861767661,
              520725.32295324095
            ],
            [
              349031.06269312371,
              520723.95757306367
            ],
            [
              349030.64001649711,
              520722.57163892686
            ],
            [
              349030.31707783975,
              520721.21305370517
            ],
            [
              349030.06230027974,
              520719.83563922718
            ],
            [
              349029.85760755744,
              520718.44444799237
            ],
            [
              349029.68929505069,
              520717.04341858067
            ],
            [
              349029.54723103717,
              520715.6356459558
            ],
            [
              349029.3154597031,
              520712.80946604908
            ],
            [
              349029.13194192108,
              520709.98251484148
            ],
            [
              349028.99776061811,
              520707.17183094658
            ],
            [
              349028.9459319124,
              520704.40190237761
            ],
            [
              349028.97218785807,
              520703.0440219678
            ],
            [
              349029.05134845898,
              520701.71349036321
            ],
            [
              349029.20265162084,
              520700.41991340928
            ],
            [
              349029.45110024326,
              520699.17563145049
            ],
            [
              349029.82867950294,
              520697.99630031921
            ],
            [
              349030.28454628959,
              520697.02001666278
            ],
            [
              349031.37177025434,
              520695.13308551721
            ],
            [
              349031.90130525734,
              520694.15942807309
            ],
            [
              349032.44716245029,
              520692.92571648024
            ],
            [
              349032.90847523324,
              520691.62351700291
            ],
            [
              349033.30520304851,
              520690.27016400918
            ],
            [
              349033.65251689125,
              520688.87929314561
            ],
            [
              349033.96129998844,
              520687.46157282777
            ],
            [
              349034.23854160868,
              520686.0253856983
            ],
            [
              349034.70803333074,
              520683.12334906869
            ],
            [
              349034.89574849978,
              520681.6680862084
            ],
            [
              349035.04213703424,
              520680.21650971286
            ],
            [
              349035.13347185217,
              520678.77380162664
            ],
            [
              349035.1497565601,
              520677.34594602697
            ],
            [
              349035.06326767989,
              520675.94022850692
            ],
            [
              349034.83675079606,
              520674.56577302143
            ],
            [
              349034.44048890658,
              520673.23160028644
            ],
            [
              349033.90513455961,
              520671.92915683612
            ],
            [
              349033.26856088638,
              520670.64997894503
            ],
            [
              349032.5593986921,
              520669.3876282312
            ],
            [
              349031.79897816945,
              520668.13727641664
            ],
            [
              349031.00295981113,
              520666.89535293169
            ],
            [
              349029.34616591036,
              520664.42711009271
            ],
            [
              349022.49700054526,
              520654.61143717356
            ],
            [
              349020.816559067,
              520652.15204201639
            ],
            [
              349019.20947382599,
              520649.67834087275
            ],
            [
              349018.45802678727,
              520648.43134143762
            ],
            [
              349017.76248377841,
              520647.17346499674
            ],
            [
              349017.14603878465,
              520645.90021195263
            ],
            [
              349016.63978153374,
              520644.60555356927
            ],
            [
              349016.28478553053,
              520643.28152772412
            ],
            [
              349016.11617056932,
              520641.95028183982
            ],
            [
              349016.09327778686,
              520640.59071472846
            ],
            [
              349016.1770169558,
              520639.21037562564
            ],
            [
              349016.33756270446,
              520637.81502195634
            ],
            [
              349016.55246261414,
              520636.40898739174
            ],
            [
              349016.8050406985,
              520634.99549381621
            ],
            [
              349017.37781606801,
              520632.15495637618
            ],
            [
              349018.94492426235,
              520625.0284600649
            ],
            [
              349020.24780911207,
              520619.34146772325
            ],
            [
              349020.95244038105,
              520616.51866600476
            ],
            [
              349021.33518818766,
              520615.11761263013
            ],
            [
              349021.74928951822,
              520613.72678852454
            ],
            [
              349022.21068429295,
              520612.32266207412
            ],
            [
              349022.70473993942,
              520610.92904556729
            ],
            [
              349023.22250045463,
              520609.54310328886
            ],
            [
              349024.30378137529,
              520606.78617382236
            ],
            [
              349026.54899797495,
              520601.29989549518
            ],
            [
              349034.47194889188,
              520586.14979092963
            ],
            [
              349036.1363618765,
              520582.03180993162
            ],
            [
              349037.18568067066,
              520579.27048707008
            ],
            [
              349037.67442509905,
              520577.88032605872
            ],
            [
              349038.12619056832,
              520576.4803992454
            ],
            [
              349038.52722431906,
              520575.06708712876
            ],
            [
              349038.86306311004,
              520573.6526683569
            ],
            [
              349039.14893210679,
              520572.22503144294
            ],
            [
              349039.39805662353,
              520570.78762318939
            ],
            [
              349039.82367871702,
              520567.89326418377
            ],
            [
              349040.36633467488,
              520563.52506263554
            ],
            [
              349044.44147697929,
              520553.30325037055
            ],
            [
              349044.81408472452,
              520550.40120526031
            ],
            [
              349045.02602039743,
              520548.96208014898
            ],
            [
              349045.26619445998,
              520547.53613785468
            ],
            [
              349045.54691272229,
              520546.12917296588
            ],
            [
              349045.88479975052,
              520544.74901087396
            ],
            [
              349046.30201734509,
              520543.40607978404
            ],
            [
              349046.82770691905,
              520542.11408835091
            ],
            [
              349047.48940458242,
              520540.87745093368
            ],
            [
              349048.26054042764,
              520539.69222468883
            ],
            [
              349049.111486963,
              520538.54449021444
            ],
            [
              349050.01973795798,
              520537.42367500998
            ],
            [
              349050.96843128745,
              520536.32185922749
            ],
            [
              349052.94067668077,
              520534.1534073092
            ],
            [
              349054.96436581854,
              520532.00916600786
            ],
            [
              349063.68317971285,
              520517.32974137738
            ],
            [
              349067.72786630411,
              520513.0387710426
            ],
            [
              349069.68810925446,
              520510.85619584844
            ],
            [
              349070.6326634828,
              520509.74361270852
            ],
            [
              349071.53980109654,
              520508.60861976445
            ],
            [
              349072.39483116567,
              520507.44241649099
            ],
            [
              349073.1784042595,
              520506.23341382854
            ],
            [
              349073.87632562406,
              520504.9693890959
            ],
            [
              349074.50260036252,
              520503.66242330521
            ],
            [
              349075.07677255943,
              520502.32419346087
            ],
            [
              349075.61369493697,
              520500.96356724203
            ],
            [
              349076.6174548436,
              520498.19996646605
            ],
            [
              349077.57219611946,
              520495.40631772019
            ],
            [
              349084.7562075397,
              520471.15445243195
            ],
            [
              349085.63637735508,
              520468.34115144424
            ],
            [
              349086.047357006,
              520466.92989275977
            ],
            [
              349086.42728180718,
              520465.51358242892
            ],
            [
              349086.7636864353,
              520464.09011733532
            ],
            [
              349087.04015470017,
              520462.6567377504
            ],
            [
              349087.24463792704,
              520461.20034375787
            ],
            [
              349087.38827962149,
              520459.73385494947
            ],
            [
              349087.4877128182,
              520458.26003643684
            ],
            [
              349087.60115449782,
              520455.29825317115
            ],
            [
              349087.66510271467,
              520450.83803469874
            ],
            [
              349087.75266414974,
              520432.96983955055
            ],
            [
              349086.8856071448,
              520403.69934090972
            ]
          ]
        ]
      }
    }
  ]
}