{
  "displayFieldName" : "",
  "fieldAliases" : {
    "FID" : "FID",
    "PMNTN_SN" : "PMNTN_SN",
    "MNTN_CODE" : "MNTN_CODE",
    "MNTN_NM" : "MNTN_NM",
    "PMNTN_NM" : "PMNTN_NM",
    "PMNTN_MAIN" : "PMNTN_MAIN",
    "PMNTN_LT" : "PMNTN_LT",
    "PMNTN_DFFL" : "PMNTN_DFFL",
    "PMNTN_UPPL" : "PMNTN_UPPL",
    "PMNTN_GODN" : "PMNTN_GODN",
    "PMNTN_MTRQ" : "PMNTN_MTRQ",
    "PMNTN_CNRL" : "PMNTN_CNRL",
    "PMNTN_CLS_" : "PMNTN_CLS_",
    "PMNTN_RISK" : "PMNTN_RISK",
    "PMNTN_RECO" : "PMNTN_RECO",
    "DATA_STDR_" : "DATA_STDR_",
    "MNTN_ID" : "MNTN_ID"
  },
  "geometryType" : "esriGeometryPolyline",
  "spatialReference" : {
    "wkt" : "PROJCS[\"PCS_ITRF2000_TM\",GEOGCS[\"GCS_ITRF_2000\",DATUM[\"D_ITRF_2000\",SPHEROID[\"GRS_1980\",6378137.0,298.257222101]],PRIMEM[\"Greenwich\",0.0],UNIT[\"Degree\",0.0174532925199433]],PROJECTION[\"Transverse_Mercator\"],PARAMETER[\"False_Easting\",200000.0],PARAMETER[\"False_Northing\",600000.0],PARAMETER[\"Central_Meridian\",127.0],PARAMETER[\"Scale_Factor\",1.0],PARAMETER[\"Latitude_Of_Origin\",38.0],UNIT[\"Meter\",1.0]]"
  },
  "fields" : [
    {
      "name" : "FID",
      "type" : "esriFieldTypeOID",
      "alias" : "FID"
    },
    {
      "name" : "PMNTN_SN",
      "type" : "esriFieldTypeDouble",
      "alias" : "PMNTN_SN"
    },
    {
      "name" : "MNTN_CODE",
      "type" : "esriFieldTypeString",
      "alias" : "MNTN_CODE",
      "length" : 9
    },
    {
      "name" : "MNTN_NM",
      "type" : "esriFieldTypeString",
      "alias" : "MNTN_NM",
      "length" : 50
    },
    {
      "name" : "PMNTN_NM",
      "type" : "esriFieldTypeString",
      "alias" : "PMNTN_NM",
      "length" : 50
    },
    {
      "name" : "PMNTN_MAIN",
      "type" : "esriFieldTypeString",
      "alias" : "PMNTN_MAIN",
      "length" : 200
    },
    {
      "name" : "PMNTN_LT",
      "type" : "esriFieldTypeSingle",
      "alias" : "PMNTN_LT"
    },
    {
      "name" : "PMNTN_DFFL",
      "type" : "esriFieldTypeString",
      "alias" : "PMNTN_DFFL",
      "length" : 8
    },
    {
      "name" : "PMNTN_UPPL",
      "type" : "esriFieldTypeDouble",
      "alias" : "PMNTN_UPPL"
    },
    {
      "name" : "PMNTN_GODN",
      "type" : "esriFieldTypeDouble",
      "alias" : "PMNTN_GODN"
    },
    {
      "name" : "PMNTN_MTRQ",
      "type" : "esriFieldTypeString",
      "alias" : "PMNTN_MTRQ",
      "length" : 200
    },
    {
      "name" : "PMNTN_CNRL",
      "type" : "esriFieldTypeString",
      "alias" : "PMNTN_CNRL",
      "length" : 1
    },
    {
      "name" : "PMNTN_CLS_",
      "type" : "esriFieldTypeString",
      "alias" : "PMNTN_CLS_",
      "length" : 1
    },
    {
      "name" : "PMNTN_RISK",
      "type" : "esriFieldTypeString",
      "alias" : "PMNTN_RISK",
      "length" : 200
    },
    {
      "name" : "PMNTN_RECO",
      "type" : "esriFieldTypeString",
      "alias" : "PMNTN_RECO",
      "length" : 1
    },
    {
      "name" : "DATA_STDR_",
      "type" : "esriFieldTypeString",
      "alias" : "DATA_STDR_",
      "length" : 10
    },
    {
      "name" : "MNTN_ID",
      "type" : "esriFieldTypeString",
      "alias" : "MNTN_ID",
      "length" : 10
    }
  ],
  "features" : [
    {
      "attributes" : {
        "FID" : 0,
        "PMNTN_SN" : 6426,
        "MNTN_CODE" : "431105001",
        "MNTN_NM" : "국사봉",
        "PMNTN_NM" : "가락리구간",
        "PMNTN_MAIN" : " ",
        "PMNTN_LT" : 0.59,
        "PMNTN_DFFL" : "쉬움",
        "PMNTN_UPPL" : 10,
        "PMNTN_GODN" : 7,
        "PMNTN_MTRQ" : " ",
        "PMNTN_CNRL" : " ",
        "PMNTN_CLS_" : " ",
        "PMNTN_RISK" : " ",
        "PMNTN_RECO" : " ",
        "DATA_STDR_" : "2016-12-31",
        "MNTN_ID" : "431105001"
      },
      "geometry" : {
        "paths" : [
          [
            [
              233615.00320000108,
              451991.43210000172
            ],
            [
              233611.04620000068,
              451996.940200001
            ],
            [
              233607.5961000016,
              452004.68360000104
            ],
            [
              233604.04110000376,
              452013.70210000314
            ],
            [
              233603.11720000021,
              452024.21960000135
            ],
            [
              233604.93430000078,
              452033.5783000011
            ],
            [
              233606.23940000124,
              452041.60130000114
            ],
            [
              233607.76930000074,
              452050.60779999942
            ],
            [
              233608.32950000092,
              452058.72380000167
            ],
            [
              233609.4205000028,
              452066.65589999966
            ],
            [
              233610.74629999977,
              452075.6501000002
            ],
            [
              233613.93720000144,
              452083.42679999955
            ],
            [
              233617.9171000002,
              452092.61999999918
            ],
            [
              233622.75960000418,
              452100.61240000278
            ],
            [
              233628.15539999958,
              452108.83280000277
            ],
            [
              233632.8255000012,
              452116.81000000052
            ],
            [
              233637.51620000228,
              452122.19120000117
            ],
            [
              233646.20370000135,
              452137.70240000263
            ],
            [
              233652.67750000115,
              452146.8113000039
            ],
            [
              233659.76250000019,
              452156.09179999866
            ],
            [
              233666.345900001,
              452164.20860000141
            ],
            [
              233674.49749999959,
              452174.81090000272
            ],
            [
              233682.89600000065,
              452182.65200000256
            ],
            [
              233689.18580000009,
              452187.88400000334
            ],
            [
              233697.06469999999,
              452195.82980000041
            ],
            [
              233704.62069999892,
              452203.91330000199
            ],
            [
              233710.65830000117,
              452209.84630000219
            ],
            [
              233716.30440000165,
              452216.71660000272
            ],
            [
              233720.92800000217,
              452226.26669999957
            ],
            [
              233727.32510000002,
              452241.58550000191
            ],
            [
              233729.31549999956,
              452249.45280000195
            ],
            [
              233732.03529999964,
              452259.21589999832
            ],
            [
              233734.72320000082,
              452268.58159999922
            ],
            [
              233739.10550000053,
              452280.4804999996
            ],
            [
              233742.48510000203,
              452288.47199999914
            ],
            [
              233746.92550000083,
              452300.88000000454
            ],
            [
              233750.78689999972,
              452310.43539999984
            ],
            [
              233754.15600000322,
              452317.2116000019
            ],
            [
              233756.45150000323,
              452325.23760000058
            ],
            [
              233757.87959999964,
              452332.76860000007
            ],
            [
              233758.35870000068,
              452343.67830000259
            ],
            [
              233758.79790000152,
              452351.44470000081
            ],
            [
              233757.56620000023,
              452357.28520000167
            ],
            [
              233751.83540000208,
              452359.06230000034
            ],
            [
              233742.40790000092,
              452362.6857000012
            ],
            [
              233737.91899999976,
              452365.48010000214
            ],
            [
              233733.61820000038,
              452368.93290000409
            ],
            [
              233731.93750000186,
              452376.14540000446
            ],
            [
              233731.23890000023,
              452385.60950000212
            ],
            [
              233731.21879999898,
              452396.15789999999
            ],
            [
              233731.67779999971,
              452405.78500000015
            ],
            [
              233729.23539999966,
              452414.73450000025
            ],
            [
              233731.04839999974,
              452424.20290000178
            ],
            [
              233736.90590000153,
              452430.85449999943
            ],
            [
              233743.76550000161,
              452437.18659999967
            ],
            [
              233745.65320000239,
              452443.06180000119
            ],
            [
              233745.50610000081,
              452451.27560000122
            ],
            [
              233746.06950000022,
              452463.45310000144
            ],
            [
              233746.21399999876,
              452473.92180000059
            ],
            [
              233742.66480000038,
              452486.55870000087
            ],
            [
              233743.97219999973,
              452495.33310000412
            ],
            [
              233745.52330000047,
              452504.33579999954
            ],
            [
              233745.94161391258,
              452512.95395603403
            ],
            [
              233745.96539999917,
              452513.44400000013
            ]
          ]
        ]
      }
    },
    {
      "attributes" : {
        "FID" : 1,
        "PMNTN_SN" : 6427,
        "MNTN_CODE" : "431105001",
        "MNTN_NM" : "국사봉",
        "PMNTN_NM" : "가락리구간",
        "PMNTN_MAIN" : " ",
        "PMNTN_LT" : 0.55,
        "PMNTN_DFFL" : "쉬움",
        "PMNTN_UPPL" : 10,
        "PMNTN_GODN" : 7,
        "PMNTN_MTRQ" : " ",
        "PMNTN_CNRL" : " ",
        "PMNTN_CLS_" : " ",
        "PMNTN_RISK" : " ",
        "PMNTN_RECO" : " ",
        "DATA_STDR_" : "2016-12-31",
        "MNTN_ID" : "431105001"
      },
      "geometry" : {
        "paths" : [
          [
            [
              233807.72830000147,
              452891.7201000005
            ],
            [
              233807.60191483423,
              452891.90795337968
            ],
            [
              233803.24640000053,
              452898.38180000149
            ],
            [
              233798.04590000119,
              452906.11160000414
            ],
            [
              233788.58640000224,
              452916.25350000151
            ],
            [
              233784.00399999972,
              452924.24640000239
            ],
            [
              233777.76850000303,
              452934.00150000118
            ],
            [
              233772.46000000089,
              452944.06210000254
            ],
            [
              233767.71939999983,
              452951.15410000086
            ],
            [
              233762.3060000008,
              452959.25250000134
            ],
            [
              233758.09380000085,
              452965.82020000182
            ],
            [
              233752.43300000113,
              452975.51500000246
            ],
            [
              233749.393600001,
              452982.62300000153
            ],
            [
              233746.03490000032,
              452990.82440000214
            ],
            [
              233744.44440000225,
              452998.21420000121
            ],
            [
              233741.10539999977,
              453006.13849999942
            ],
            [
              233739.96980000008,
              453012.69409999996
            ],
            [
              233737.47500000056,
              453020.51750000194
            ],
            [
              233736.20520000067,
              453027.03190000355
            ],
            [
              233735.42140000034,
              453033.62930000201
            ],
            [
              233735.07359999977,
              453040.20300000161
            ],
            [
              233734.30910000112,
              453046.29990000278
            ],
            [
              233730.65900000371,
              453056.13120000251
            ],
            [
              233725.07340000197,
              453063.08540000021
            ],
            [
              233718.2377000032,
              453067.33530000225
            ],
            [
              233709.50220000092,
              453071.85669999942
            ],
            [
              233703.8116999995,
              453075.43490000069
            ],
            [
              233698.94929999951,
              453079.94769999944
            ],
            [
              233693.61690000072,
              453085.10390000045
            ],
            [
              233689.3404000029,
              453090.9598000031
            ],
            [
              233686.06990000233,
              453097.01139999926
            ],
            [
              233685.72130000126,
              453103.78009999916
            ],
            [
              233685.61069999915,
              453109.80360000208
            ],
            [
              233684.90990000032,
              453112.85670000128
            ],
            [
              233683.21989999991,
              453115.64139999822
            ],
            [
              233679.12230000086,
              453118.63159999996
            ],
            [
              233672.99400000088,
              453120.84070000239
            ],
            [
              233667.30230000336,
              453121.93539999984
            ],
            [
              233660.22960000113,
              453123.59290000051
            ],
            [
              233655.20100000035,
              453128.4737000037
            ],
            [
              233651.26740000211,
              453134.81190000102
            ],
            [
              233647.83420000039,
              453140.98589999974
            ],
            [
              233644.35209999979,
              453147.31670000218
            ],
            [
              233642.93600000255,
              453154.47140000015
            ],
            [
              233641.65500000026,
              453161.19040000066
            ],
            [
              233640.36280000303,
              453167.84500000067
            ],
            [
              233638.6537000034,
              453174.47610000148
            ],
            [
              233635.66930000018,
              453180.75320000015
            ],
            [
              233629.38169999979,
              453189.08789999969
            ],
            [
              233623.2463999996,
              453192.29580000229
            ],
            [
              233616.24530000146,
              453193.48090000264
            ],
            [
              233609.22470000014,
              453195.10309999995
            ],
            [
              233603.96279999986,
              453199.79910000227
            ],
            [
              233603.51269999985,
              453206.39189999923
            ],
            [
              233612.17170000169,
              453216.88119999878
            ],
            [
              233619.27610000037,
              453222.59260000102
            ],
            [
              233627.90280000307,
              453226.6780999992
            ],
            [
              233636.88920000009,
              453231.59060000069
            ],
            [
              233645.21560000069,
              453236.13920000009
            ],
            [
              233655.23000000045,
              453245.28580000065
            ],
            [
              233662.4832000006,
              453254.53020000271
            ],
            [
              233667.27100000158,
              453262.21719999984
            ],
            [
              233672.69890000019,
              453270.93180000037
            ],
            [
              233675.61290000007,
              453284.56740000099
            ],
            [
              233672.39730000123,
              453298.3946000021
            ],
            [
              233665.69890000019,
              453307.55460000224
            ],
            [
              233658.6483000014,
              453311.37340000086
            ],
            [
              233653.00360000134,
              453315.18310000375
            ]
          ]
        ]
      }
    },
    {
      "attributes" : {
        "FID" : 2,
        "PMNTN_SN" : 6428,
        "MNTN_CODE" : "431105001",
        "MNTN_NM" : "국사봉",
        "PMNTN_NM" : "가락리구간",
        "PMNTN_MAIN" : " ",
        "PMNTN_LT" : 0.73,
        "PMNTN_DFFL" : "쉬움",
        "PMNTN_UPPL" : 13,
        "PMNTN_GODN" : 9,
        "PMNTN_MTRQ" : " ",
        "PMNTN_CNRL" : " ",
        "PMNTN_CLS_" : " ",
        "PMNTN_RISK" : " ",
        "PMNTN_RECO" : " ",
        "DATA_STDR_" : "2016-12-31",
        "MNTN_ID" : "431105001"
      },
      "geometry" : {
        "paths" : [
          [
            [
              233745.96539999917,
              452513.44400000013
            ],
            [
              233745.66357847676,
              452513.28609889746
            ],
            [
              233732.6043000007,
              452506.45400000177
            ],
            [
              233717.97990000062,
              452500.35170000046
            ],
            [
              233700.34200000111,
              452492.95130000077
            ],
            [
              233686.76050000172,
              452480.20519999973
            ],
            [
              233670.24390000012,
              452470.29160000198
            ],
            [
              233651.16660000011,
              452464.83880000003
            ],
            [
              233633.95139999967,
              452467.97620000131
            ],
            [
              233621.34780000057,
              452466.62329999916
            ],
            [
              233610.04820000101,
              452465.24590000324
            ],
            [
              233598.41650000215,
              452462.90650000051
            ],
            [
              233584.60930000339,
              452458.01970000193
            ],
            [
              233575.18300000113,
              452455.73270000145
            ],
            [
              233567.92150000297,
              452455.16289999895
            ],
            [
              233557.79110000096,
              452451.65090000257
            ],
            [
              233550.16030000336,
              452446.55840000138
            ],
            [
              233542.74589999951,
              452441.00100000203
            ],
            [
              233534.78080000076,
              452435.51019999944
            ],
            [
              233527.91430000123,
              452426.1136000026
            ],
            [
              233523.57799999975,
              452420.58280000091
            ],
            [
              233520.46499999985,
              452414.02610000223
            ],
            [
              233517.54930000007,
              452406.2807
            ],
            [
              233516.11590000056,
              452397.25579999946
            ],
            [
              233510.75600000098,
              452386.80749999918
            ],
            [
              233507.9363000039,
              452382.63940000162
            ],
            [
              233502.67080000043,
              452379.82010000199
            ],
            [
              233493.70579999965,
              452377.10990000144
            ],
            [
              233484.93530000187,
              452370.15939999931
            ],
            [
              233480.37550000194,
              452357.84440000169
            ],
            [
              233474.92179999966,
              452350.5773999989
            ],
            [
              233468.65200000163,
              452343.68580000103
            ],
            [
              233461.62810000032,
              452334.96200000122
            ],
            [
              233452.66530000418,
              452326.37090000138
            ],
            [
              233446.4224000033,
              452321.9589000009
            ],
            [
              233439.44090000074,
              452314.70070000179
            ],
            [
              233431.99799999967,
              452306.16070000269
            ],
            [
              233424.47800000198,
              452299.81500000134
            ],
            [
              233416.78690000065,
              452292.19330000132
            ],
            [
              233407.79999999888,
              452281.7910999991
            ],
            [
              233399.87900000345,
              452275.78980000131
            ],
            [
              233389.99680000357,
              452273.00880000368
            ],
            [
              233381.4252000032,
              452266.74250000343
            ],
            [
              233375.05360000115,
              452261.87450000085
            ],
            [
              233369.09010000061,
              452255.35220000148
            ],
            [
              233360.71930000279,
              452246.05720000155
            ],
            [
              233353.92990000267,
              452240.59710000269
            ],
            [
              233347.11139999982,
              452236.05959999934
            ],
            [
              233342.66980000399,
              452233.51080000214
            ],
            [
              233336.06510000117,
              452232.30540000089
            ],
            [
              233331.74010000192,
              452231.38760000281
            ],
            [
              233328.70780000091,
              452227.49860000238
            ],
            [
              233325.84810000192,
              452221.27070000395
            ],
            [
              233321.9355000006,
              452211.95079999976
            ],
            [
              233318.32700000051,
              452205.4840000011
            ],
            [
              233314.68360000011,
              452196.77730000205
            ],
            [
              233311.13879999984,
              452189.37040000036
            ],
            [
              233307.93020000216,
              452180.74050000124
            ],
            [
              233305.23039999884,
              452171.89380000159
            ],
            [
              233301.7742000008,
              452157.85910000093
            ],
            [
              233299.47510000132,
              452148.26850000024
            ],
            [
              233298.44049999956,
              452137.6501000002
            ],
            [
              233300.51010000054,
              452126.75120000169
            ],
            [
              233301.82490000036,
              452117.4581000004
            ],
            [
              233303.83860000037,
              452107.90260000154
            ],
            [
              233305.32189999986,
              452098.48750000075
            ],
            [
              233307.67200000025,
              452091.99719999917
            ],
            [
              233308.68880000059,
              452084.8870000001
            ],
            [
              233306.34980000276,
              452075.31080000103
            ],
            [
              233302.12980000116,
              452063.91400000267
            ],
            [
              233298.89290000312,
              452055.77490000241
            ],
            [
              233294.98810000159,
              452048.22520000115
            ],
            [
              233291.83459999971,
              452039.37459999882
            ]
          ]
        ]
      }
    },
    {
      "attributes" : {
        "FID" : 3,
        "PMNTN_SN" : 6429,
        "MNTN_CODE" : "431105001",
        "MNTN_NM" : "국사봉",
        "PMNTN_NM" : "가락리구간",
        "PMNTN_MAIN" : " ",
        "PMNTN_LT" : 0.4,
        "PMNTN_DFFL" : "쉬움",
        "PMNTN_UPPL" : 7,
        "PMNTN_GODN" : 5,
        "PMNTN_MTRQ" : " ",
        "PMNTN_CNRL" : " ",
        "PMNTN_CLS_" : " ",
        "PMNTN_RISK" : " ",
        "PMNTN_RECO" : " ",
        "DATA_STDR_" : "2016-12-31",
        "MNTN_ID" : "431105001"
      },
      "geometry" : {
        "paths" : [
          [
            [
              233745.96539999917,
              452513.44400000013
            ],
            [
              233745.86672146805,
              452513.72447339259
            ],
            [
              233745.84797687456,
              452513.77775103971
            ],
            [
              233744.31930000056,
              452518.12270000018
            ],
            [
              233745.63070000149,
              452531.60679999925
            ],
            [
              233745.53210000135,
              452541.63409999944
            ],
            [
              233745.13910000119,
              452555.6087000072
            ],
            [
              233747.1232000012,
              452567.09250000119
            ],
            [
              233749.82720000017,
              452575.46710000187
            ],
            [
              233755.16330000199,
              452585.20110000297
            ],
            [
              233758.25189999957,
              452591.07070000097
            ],
            [
              233756.3216000041,
              452601.4298000019
            ],
            [
              233756.15890000109,
              452608.92330000177
            ],
            [
              233759.00300000329,
              452617.65919999965
            ],
            [
              233759.90410000086,
              452625.72750000097
            ],
            [
              233757.88040000107,
              452634.24180000462
            ],
            [
              233755.37740000058,
              452644.66160000116
            ],
            [
              233754.28770000208,
              452654.72609999776
            ],
            [
              233753.64250000194,
              452665.74530000053
            ],
            [
              233753.63230000157,
              452679.27229999937
            ],
            [
              233755.23190000001,
              452689.98270000145
            ],
            [
              233756.93530000094,
              452703.25520000048
            ],
            [
              233758.63819999993,
              452712.81980000064
            ],
            [
              233760.93929999974,
              452720.84800000116
            ],
            [
              233767.63879999984,
              452731.73190000281
            ],
            [
              233770.28970000055,
              452741.8741999995
            ],
            [
              233770.85940000229,
              452752.01170000061
            ],
            [
              233774.16020000074,
              452760.68799999729
            ],
            [
              233775.89250000194,
              452771.66840000078
            ],
            [
              233779.9318000013,
              452780.72000000067
            ],
            [
              233781.79669999983,
              452787.91410000436
            ],
            [
              233780.70840000268,
              452793.96190000325
            ],
            [
              233779.3844000008,
              452800.95880000293
            ],
            [
              233778.03720000107,
              452807.39059999958
            ],
            [
              233776.51030000299,
              452814.72369999997
            ],
            [
              233776.36280000024,
              452822.33340000175
            ],
            [
              233777.13010000065,
              452833.14470000379
            ],
            [
              233777.7583000008,
              452841.16860000044
            ],
            [
              233778.77260000259,
              452848.08159999922
            ],
            [
              233780.20969999954,
              452854.56430000067
            ],
            [
              233781.72530000005,
              452861.13450000249
            ],
            [
              233782.92360000219,
              452868.13979999721
            ],
            [
              233785.37680000067,
              452877.60080000386
            ],
            [
              233788.22750000097,
              452884.60579999909
            ],
            [
              233794.99550000019,
              452890.1491000019
            ],
            [
              233801.32590000331,
              452891.91120000184
            ],
            [
              233807.31692107487,
              452891.73237891495
            ],
            [
              233807.72830000147,
              452891.7201000005
            ]
          ]
        ]
      }
    },
    {
      "attributes" : {
        "FID" : 4,
        "PMNTN_SN" : 6430,
        "MNTN_CODE" : "431105001",
        "MNTN_NM" : "국사봉",
        "PMNTN_NM" : "가락리구간",
        "PMNTN_MAIN" : " ",
        "PMNTN_LT" : 1.01,
        "PMNTN_DFFL" : "쉬움",
        "PMNTN_UPPL" : 18,
        "PMNTN_GODN" : 12,
        "PMNTN_MTRQ" : " ",
        "PMNTN_CNRL" : " ",
        "PMNTN_CLS_" : " ",
        "PMNTN_RISK" : " ",
        "PMNTN_RECO" : " ",
        "DATA_STDR_" : "2016-12-31",
        "MNTN_ID" : "431105001"
      },
      "geometry" : {
        "paths" : [
          [
            [
              234414.93600000162,
              452200.69930000231
            ],
            [
              234413.89680000115,
              452211.25130000152
            ],
            [
              234412.68510000035,
              452222.59980000183
            ],
            [
              234411.64520000014,
              452231.277999999
            ],
            [
              234410.65330000035,
              452239.48579999991
            ],
            [
              234409.57419999968,
              452248.4195000045
            ],
            [
              234408.68450000323,
              452257.52290000021
            ],
            [
              234408.61370000057,
              452266.65750000253
            ],
            [
              234408.13590000011,
              452275.97639999911
            ],
            [
              234406.88630000316,
              452285.51219999976
            ],
            [
              234404.64660000149,
              452295.0700000003
            ],
            [
              234401.19630000088,
              452304.19820000045
            ],
            [
              234396.97360000107,
              452312.99270000122
            ],
            [
              234393.06460000109,
              452322.0193000026
            ],
            [
              234389.44049999956,
              452331.19680000097
            ],
            [
              234385.95770000108,
              452340.13110000268
            ],
            [
              234383.01850000117,
              452347.67960000038
            ],
            [
              234381.28080000076,
              452350.2498000022
            ],
            [
              234379.46540000103,
              452351.57689999975
            ],
            [
              234369.02850000188,
              452353.10009999946
            ],
            [
              234357.24920000043,
              452353.72510000505
            ],
            [
              234347.03870000318,
              452353.43779999949
            ],
            [
              234336.6138000004,
              452352.23800000176
            ],
            [
              234326.94839999918,
              452350.47130000405
            ],
            [
              234317.64860000182,
              452348.62600000203
            ],
            [
              234307.24090000056,
              452347.59920000285
            ],
            [
              234300.20110000111,
              452348.49910000339
            ],
            [
              234293.7761000013,
              452350.130400002
            ],
            [
              234283.8386000013,
              452355.42950000055
            ],
            [
              234273.91179999989,
              452361.6292000059
            ],
            [
              234263.58180000074,
              452366.37179999799
            ],
            [
              234252.54470000137,
              452370.93930000253
            ],
            [
              234241.76850000396,
              452377.21930000186
            ],
            [
              234231.98890000209,
              452385.50400000438
            ],
            [
              234217.63439999986,
              452398.98520000093
            ],
            [
              234209.06480000354,
              452407.80440000258
            ],
            [
              234200.80150000099,
              452417.27040000074
            ],
            [
              234192.34680000413,
              452427.26389999874
            ],
            [
              234185.82230000012,
              452438.87010000274
            ],
            [
              234179.5446000006,
              452450.84980000183
            ],
            [
              234173.105100004,
              452462.22809999995
            ],
            [
              234167.46860000119,
              452471.4216000028
            ],
            [
              234158.28420000058,
              452481.52390000038
            ],
            [
              234151.96610000078,
              452490.82750000246
            ],
            [
              234147.26269999892,
              452501.533400001
            ],
            [
              234142.46150000393,
              452511.39580000192
            ],
            [
              234138.01520000212,
              452521.04240000248
            ],
            [
              234132.22450000048,
              452531.25119999982
            ],
            [
              234124.54670000263,
              452539.04800000228
            ],
            [
              234117.51210000273,
              452544.22120000422
            ],
            [
              234110.09850000311,
              452546.46229999885
            ],
            [
              234096.20600000117,
              452546.79590000026
            ],
            [
              234084.81660000235,
              452543.99500000104
            ],
            [
              234080.00410000235,
              452544.2864000015
            ],
            [
              234075.47129999939,
              452546.11850000173
            ],
            [
              234070.23940000404,
              452552.03680000082
            ],
            [
              234063.97990000248,
              452558.34909999929
            ],
            [
              234056.94220000133,
              452565.60700000077
            ],
            [
              234049.79580000043,
              452573.40830000117
            ],
            [
              234042.97110000346,
              452581.23680000007
            ],
            [
              234035.50720000174,
              452589.29600000009
            ],
            [
              234028.26070000418,
              452597.54719999991
            ],
            [
              234020.85320000257,
              452606.20969999954
            ],
            [
              234017.01920000371,
              452610.55430000462
            ],
            [
              234013.42210000008,
              452614.89020000026
            ],
            [
              234006.46850000042,
              452622.61080000177
            ],
            [
              233997.42920000106,
              452629.72729999945
            ],
            [
              233988.89429999981,
              452631.29060000181
            ],
            [
              233981.81580000091,
              452634.15540000238
            ],
            [
              233974.89740000013,
              452639.51380000077
            ],
            [
              233970.62020000257,
              452646.75009999983
            ],
            [
              233966.98469999991,
              452653.90610000305
            ],
            [
              233963.3415000001,
              452661.2360999994
            ],
            [
              233957.7114000041,
              452669.42139999941
            ],
            [
              233952.07870000228,
              452672.20929999836
            ],
            [
              233947.28320000228,
              452673.16290000267
            ],
            [
              233943.54390000086,
              452675.94380000234
            ],
            [
              233942.13179999962,
              452681.49090000056
            ],
            [
              233943.09860000294,
              452692.58659999818
            ],
            [
              233939.91320000403,
              452700.75920000114
            ],
            [
              233936.22230000328,
              452708.29600000568
            ],
            [
              233931.01780000236,
              452716.73709999956
            ],
            [
              233925.09459999949,
              452724.26050000079
            ],
            [
              233919.30190000031,
              452730.02309999987
            ],
            [
              233911.91230000183,
              452734.62190000154
            ],
            [
              233905.36689999886,
              452738.72990000062
            ],
            [
              233899.27630000096,
              452744.00790000148
            ],
            [
              233891.82430000138,
              452751.4251000043
            ],
            [
              233884.57589999959,
              452757.93290000036
            ],
            [
              233879.02049999963,
              452763.36030000076
            ],
            [
              233873.33050000109,
              452769.65900000185
            ],
            [
              233865.62040000036,
              452779.52540000342
            ],
            [
              233858.68040000182,
              452787.40570000187
            ],
            [
              233855.72710000072,
              452795.44460000098
            ],
            [
              233852.12820000295,
              452806.08600000106
            ],
            [
              233847.9422000004,
              452815.59290000051
            ],
            [
              233842.51109999977,
              452822.87530000135
            ],
            [
              233837.49740000069,
              452828.66169999912
            ],
            [
              233832.0755000012,
              452834.32980000041
            ],
            [
              233829.31570000108,
              452841.65029999986
            ],
            [
              233826.75789999962,
              452848.60209999979
            ],
            [
              233824.00520000327,
              452859.28160000406
            ],
            [
              233822.55450000055,
              452866.5933000017
            ],
            [
              233819.77350000106,
              452877.6846000012
            ],
            [
              233816.42120000068,
              452884.66339999996
            ],
            [
              233812.35819999967,
              452890.45590000041
            ],
            [
              233807.94054985605,
              452891.66214491054
            ],
            [
              233807.72830000147,
              452891.7201000005
            ]
          ]
        ]
      }
    }
  ]
}