{
  "displayFieldName" : "",
  "fieldAliases" : {
    "FID" : "FID",
    "PMNTN_SPOT" : "PMNTN_SPOT",
    "MNTN_CODE" : "MNTN_CODE",
    "MANAGE_SP1" : "MANAGE_SP1",
    "MANAGE_SP2" : "MANAGE_SP2",
    "DETAIL_SPO" : "DETAIL_SPO",
    "ETC_MATTER" : "ETC_MATTER",
    "MNTN_NM" : "MNTN_NM",
    "PAST_SPOT_" : "PAST_SPOT_",
    "MNTN_ID" : "MNTN_ID"
  },
  "geometryType" : "esriGeometryPoint",
  "spatialReference" : {
    "wkt" : "PROJCS[\"PCS_ITRF2000_TM\",GEOGCS[\"GCS_ITRF_2000\",DATUM[\"D_ITRF_2000\",SPHEROID[\"GRS_1980\",6378137.0,298.257222101]],PRIMEM[\"Greenwich\",0.0],UNIT[\"Degree\",0.0174532925199433]],PROJECTION[\"Transverse_Mercator\"],PARAMETER[\"False_Easting\",200000.0],PARAMETER[\"False_Northing\",600000.0],PARAMETER[\"Central_Meridian\",127.0],PARAMETER[\"Scale_Factor\",1.0],PARAMETER[\"Latitude_Of_Origin\",38.0],UNIT[\"Meter\",1.0]]"
  },
  "fields" : [
    {
      "name" : "FID",
      "type" : "esriFieldTypeOID",
      "alias" : "FID"
    },
    {
      "name" : "PMNTN_SPOT",
      "type" : "esriFieldTypeDouble",
      "alias" : "PMNTN_SPOT"
    },
    {
      "name" : "MNTN_CODE",
      "type" : "esriFieldTypeString",
      "alias" : "MNTN_CODE",
      "length" : 9
    },
    {
      "name" : "MANAGE_SP1",
      "type" : "esriFieldTypeString",
      "alias" : "MANAGE_SP1",
      "length" : 2
    },
    {
      "name" : "MANAGE_SP2",
      "type" : "esriFieldTypeString",
      "alias" : "MANAGE_SP2",
      "length" : 50
    },
    {
      "name" : "DETAIL_SPO",
      "type" : "esriFieldTypeString",
      "alias" : "DETAIL_SPO",
      "length" : 200
    },
    {
      "name" : "ETC_MATTER",
      "type" : "esriFieldTypeString",
      "alias" : "ETC_MATTER",
      "length" : 200
    },
    {
      "name" : "MNTN_NM",
      "type" : "esriFieldTypeString",
      "alias" : "MNTN_NM",
      "length" : 50
    },
    {
      "name" : "PAST_SPOT_",
      "type" : "esriFieldTypeString",
      "alias" : "PAST_SPOT_",
      "length" : 14
    },
    {
      "name" : "MNTN_ID",
      "type" : "esriFieldTypeString",
      "alias" : "MNTN_ID",
      "length" : 10
    }
  ],
  "features" : [
    {
      "attributes" : {
        "FID" : 0,
        "PMNTN_SPOT" : 88587,
        "MNTN_CODE" : "477700103",
        "MANAGE_SP1" : "03",
        "MANAGE_SP2" : "정자",
        "DETAIL_SPO" : "정자 등",
        "ETC_MATTER" : " ",
        "MNTN_NM" : "팔각산둘레길",
        "PAST_SPOT_" : "4777001030001",
        "MNTN_ID" : "477700103"
      },
      "geometry" : {
        "x" : 403305.39790000115,
        "y" : 417462.25050000101
      }
    },
    {
      "attributes" : {
        "FID" : 1,
        "PMNTN_SPOT" : 88588,
        "MNTN_CODE" : "477700103",
        "MANAGE_SP1" : "10",
        "MANAGE_SP2" : "이정표",
        "DETAIL_SPO" : "이정표",
        "ETC_MATTER" : " ",
        "MNTN_NM" : "팔각산둘레길",
        "PAST_SPOT_" : "4777001030002",
        "MNTN_ID" : "477700103"
      },
      "geometry" : {
        "x" : 402679.38000000082,
        "y" : 418397.83060000278
      }
    },
    {
      "attributes" : {
        "FID" : 2,
        "PMNTN_SPOT" : 88589,
        "MNTN_CODE" : "477700103",
        "MANAGE_SP1" : "10",
        "MANAGE_SP2" : "이정표",
        "DETAIL_SPO" : "이정표",
        "ETC_MATTER" : " ",
        "MNTN_NM" : "팔각산둘레길",
        "PAST_SPOT_" : "4777001030003",
        "MNTN_ID" : "477700103"
      },
      "geometry" : {
        "x" : 403280.13819999993,
        "y" : 417473.16380000114
      }
    },
    {
      "attributes" : {
        "FID" : 3,
        "PMNTN_SPOT" : 88590,
        "MNTN_CODE" : "477700103",
        "MANAGE_SP1" : "99",
        "MANAGE_SP2" : "기타",
        "DETAIL_SPO" : "매표소",
        "ETC_MATTER" : " ",
        "MNTN_NM" : "팔각산둘레길",
        "PAST_SPOT_" : "4777001030004",
        "MNTN_ID" : "477700103"
      },
      "geometry" : {
        "x" : 404399.53770000022,
        "y" : 419235.60850000195
      }
    },
    {
      "attributes" : {
        "FID" : 4,
        "PMNTN_SPOT" : 88591,
        "MNTN_CODE" : "477700103",
        "MANAGE_SP1" : "11",
        "MANAGE_SP2" : "안내판또는지도",
        "DETAIL_SPO" : "안내판",
        "ETC_MATTER" : " ",
        "MNTN_NM" : "팔각산둘레길",
        "PAST_SPOT_" : "4777001030005",
        "MNTN_ID" : "477700103"
      },
      "geometry" : {
        "x" : 404369.47200000007,
        "y" : 419291.15990000032
      }
    },
    {
      "attributes" : {
        "FID" : 5,
        "PMNTN_SPOT" : 88592,
        "MNTN_CODE" : "477700103",
        "MANAGE_SP1" : "06",
        "MANAGE_SP2" : "음수대",
        "DETAIL_SPO" : "식수대",
        "ETC_MATTER" : " ",
        "MNTN_NM" : "팔각산둘레길",
        "PAST_SPOT_" : "4777001030006",
        "MNTN_ID" : "477700103"
      },
      "geometry" : {
        "x" : 404353.54280000087,
        "y" : 419357.14409999922
      }
    },
    {
      "attributes" : {
        "FID" : 6,
        "PMNTN_SPOT" : 88593,
        "MNTN_CODE" : "477700103",
        "MANAGE_SP1" : "99",
        "MANAGE_SP2" : "기타",
        "DETAIL_SPO" : "출렁다리",
        "ETC_MATTER" : " ",
        "MNTN_NM" : "팔각산둘레길",
        "PAST_SPOT_" : "4777001030007",
        "MNTN_ID" : "477700103"
      },
      "geometry" : {
        "x" : 404322.29070000164,
        "y" : 419410.66630000249
      }
    },
    {
      "attributes" : {
        "FID" : 7,
        "PMNTN_SPOT" : 88594,
        "MNTN_CODE" : "477700103",
        "MANAGE_SP1" : "99",
        "MANAGE_SP2" : "기타",
        "DETAIL_SPO" : "제1목교",
        "ETC_MATTER" : " ",
        "MNTN_NM" : "팔각산둘레길",
        "PAST_SPOT_" : "4777001030008",
        "MNTN_ID" : "477700103"
      },
      "geometry" : {
        "x" : 403794.34829999972,
        "y" : 419556.58910000138
      }
    },
    {
      "attributes" : {
        "FID" : 8,
        "PMNTN_SPOT" : 88595,
        "MNTN_CODE" : "477700103",
        "MANAGE_SP1" : "99",
        "MANAGE_SP2" : "기타",
        "DETAIL_SPO" : "나무다리",
        "ETC_MATTER" : " ",
        "MNTN_NM" : "팔각산둘레길",
        "PAST_SPOT_" : "4777001030009",
        "MNTN_ID" : "477700103"
      },
      "geometry" : {
        "x" : 403679.6727,
        "y" : 419608.53509999998
      }
    },
    {
      "attributes" : {
        "FID" : 9,
        "PMNTN_SPOT" : 88596,
        "MNTN_CODE" : "477700103",
        "MANAGE_SP1" : "15",
        "MANAGE_SP2" : "훼손지",
        "DETAIL_SPO" : "훼손지",
        "ETC_MATTER" : " ",
        "MNTN_NM" : "팔각산둘레길",
        "PAST_SPOT_" : "4777001030010",
        "MNTN_ID" : "477700103"
      },
      "geometry" : {
        "x" : 403598.14710000064,
        "y" : 419560.89820000157
      }
    },
    {
      "attributes" : {
        "FID" : 10,
        "PMNTN_SPOT" : 88597,
        "MNTN_CODE" : "477700103",
        "MANAGE_SP1" : "12",
        "MANAGE_SP2" : "위험지역",
        "DETAIL_SPO" : "위험지역",
        "ETC_MATTER" : " ",
        "MNTN_NM" : "팔각산둘레길",
        "PAST_SPOT_" : "4777001030011",
        "MNTN_ID" : "477700103"
      },
      "geometry" : {
        "x" : 403420.25360000134,
        "y" : 419565.39900000207
      }
    },
    {
      "attributes" : {
        "FID" : 11,
        "PMNTN_SPOT" : 88598,
        "MNTN_CODE" : "477700103",
        "MANAGE_SP1" : "04",
        "MANAGE_SP2" : "화장실",
        "DETAIL_SPO" : "화장실,벤치",
        "ETC_MATTER" : " ",
        "MNTN_NM" : "팔각산둘레길",
        "PAST_SPOT_" : "4777001030012",
        "MNTN_ID" : "477700103"
      },
      "geometry" : {
        "x" : 403075.32780000009,
        "y" : 419534.44480000064
      }
    },
    {
      "attributes" : {
        "FID" : 12,
        "PMNTN_SPOT" : 88599,
        "MNTN_CODE" : "477700103",
        "MANAGE_SP1" : "15",
        "MANAGE_SP2" : "훼손지",
        "DETAIL_SPO" : "훼손지",
        "ETC_MATTER" : " ",
        "MNTN_NM" : "팔각산둘레길",
        "PAST_SPOT_" : "4777001030013",
        "MNTN_ID" : "477700103"
      },
      "geometry" : {
        "x" : 403016.87750000134,
        "y" : 419528.58970000222
      }
    },
    {
      "attributes" : {
        "FID" : 13,
        "PMNTN_SPOT" : 88600,
        "MNTN_CODE" : "477700103",
        "MANAGE_SP1" : "99",
        "MANAGE_SP2" : "기타",
        "DETAIL_SPO" : "제2목교",
        "ETC_MATTER" : " ",
        "MNTN_NM" : "팔각산둘레길",
        "PAST_SPOT_" : "4777001030014",
        "MNTN_ID" : "477700103"
      },
      "geometry" : {
        "x" : 402858.08810000028,
        "y" : 419630.26240000129
      }
    },
    {
      "attributes" : {
        "FID" : 14,
        "PMNTN_SPOT" : 88601,
        "MNTN_CODE" : "477700103",
        "MANAGE_SP1" : "10",
        "MANAGE_SP2" : "이정표",
        "DETAIL_SPO" : "이정표지판",
        "ETC_MATTER" : " ",
        "MNTN_NM" : "팔각산둘레길",
        "PAST_SPOT_" : "4777001030015",
        "MNTN_ID" : "477700103"
      },
      "geometry" : {
        "x" : 402730.64340000041,
        "y" : 419660.27999999933
      }
    },
    {
      "attributes" : {
        "FID" : 15,
        "PMNTN_SPOT" : 88602,
        "MNTN_CODE" : "477700103",
        "MANAGE_SP1" : "20",
        "MANAGE_SP2" : "동굴",
        "DETAIL_SPO" : "청석굴",
        "ETC_MATTER" : " ",
        "MNTN_NM" : "팔각산둘레길",
        "PAST_SPOT_" : "4777001030016",
        "MNTN_ID" : "477700103"
      },
      "geometry" : {
        "x" : 402656.75549999997,
        "y" : 419622.01810000278
      }
    },
    {
      "attributes" : {
        "FID" : 16,
        "PMNTN_SPOT" : 88603,
        "MNTN_CODE" : "477700103",
        "MANAGE_SP1" : "05",
        "MANAGE_SP2" : "벤치",
        "DETAIL_SPO" : "벤치",
        "ETC_MATTER" : " ",
        "MNTN_NM" : "팔각산둘레길",
        "PAST_SPOT_" : "4777001030017",
        "MNTN_ID" : "477700103"
      },
      "geometry" : {
        "x" : 402476.847000001,
        "y" : 419384.98830000125
      }
    },
    {
      "attributes" : {
        "FID" : 17,
        "PMNTN_SPOT" : 88604,
        "MNTN_CODE" : "477700103",
        "MANAGE_SP1" : "10",
        "MANAGE_SP2" : "이정표",
        "DETAIL_SPO" : "이정표지판",
        "ETC_MATTER" : " ",
        "MNTN_NM" : "팔각산둘레길",
        "PAST_SPOT_" : "4777001030018",
        "MNTN_ID" : "477700103"
      },
      "geometry" : {
        "x" : 402261.86780000106,
        "y" : 419208.42120000161
      }
    },
    {
      "attributes" : {
        "FID" : 18,
        "PMNTN_SPOT" : 88605,
        "MNTN_CODE" : "477700103",
        "MANAGE_SP1" : "99",
        "MANAGE_SP2" : "기타",
        "DETAIL_SPO" : "독가촌3채",
        "ETC_MATTER" : " ",
        "MNTN_NM" : "팔각산둘레길",
        "PAST_SPOT_" : "4777001030019",
        "MNTN_ID" : "477700103"
      },
      "geometry" : {
        "x" : 401558.86450000107,
        "y" : 419578.28980000131
      }
    },
    {
      "attributes" : {
        "FID" : 19,
        "PMNTN_SPOT" : 88606,
        "MNTN_CODE" : "477700103",
        "MANAGE_SP1" : "11",
        "MANAGE_SP2" : "안내판또는지도",
        "DETAIL_SPO" : "안내판",
        "ETC_MATTER" : " ",
        "MNTN_NM" : "팔각산둘레길",
        "PAST_SPOT_" : "4777001030020",
        "MNTN_ID" : "477700103"
      },
      "geometry" : {
        "x" : 401471.61150000151,
        "y" : 419572.24120000377
      }
    },
    {
      "attributes" : {
        "FID" : 20,
        "PMNTN_SPOT" : 88607,
        "MNTN_CODE" : "477700103",
        "MANAGE_SP1" : "10",
        "MANAGE_SP2" : "이정표",
        "DETAIL_SPO" : "이정표지판",
        "ETC_MATTER" : " ",
        "MNTN_NM" : "팔각산둘레길",
        "PAST_SPOT_" : "4777001030021",
        "MNTN_ID" : "477700103"
      },
      "geometry" : {
        "x" : 401366.47030000016,
        "y" : 418862.66660000011
      }
    },
    {
      "attributes" : {
        "FID" : 21,
        "PMNTN_SPOT" : 88608,
        "MNTN_CODE" : "477700103",
        "MANAGE_SP1" : "10",
        "MANAGE_SP2" : "이정표",
        "DETAIL_SPO" : "이정표지판",
        "ETC_MATTER" : " ",
        "MNTN_NM" : "팔각산둘레길",
        "PAST_SPOT_" : "4777001030022",
        "MNTN_ID" : "477700103"
      },
      "geometry" : {
        "x" : 401945.14380000159,
        "y" : 418321.82509999909
      }
    },
    {
      "attributes" : {
        "FID" : 22,
        "PMNTN_SPOT" : 88609,
        "MNTN_CODE" : "477700103",
        "MANAGE_SP1" : "01",
        "MANAGE_SP2" : "시종점",
        "DETAIL_SPO" : "시종점",
        "ETC_MATTER" : " ",
        "MNTN_NM" : "팔각산둘레길",
        "PAST_SPOT_" : "4777001030023",
        "MNTN_ID" : "477700103"
      },
      "geometry" : {
        "x" : 402698.11620000098,
        "y" : 418371.98630000278
      }
    },
    {
      "attributes" : {
        "FID" : 23,
        "PMNTN_SPOT" : 88610,
        "MNTN_CODE" : "477700103",
        "MANAGE_SP1" : "01",
        "MANAGE_SP2" : "시종점",
        "DETAIL_SPO" : "시종점",
        "ETC_MATTER" : " ",
        "MNTN_NM" : "팔각산둘레길",
        "PAST_SPOT_" : "4777001030024",
        "MNTN_ID" : "477700103"
      },
      "geometry" : {
        "x" : 403282.18159999978,
        "y" : 417480.40240000188
      }
    }
  ]
}