{
  "displayFieldName" : "",
  "fieldAliases" : {
    "FID" : "FID",
    "PMNTN_SPOT" : "PMNTN_SPOT",
    "MNTN_CODE" : "MNTN_CODE",
    "MANAGE_SP1" : "MANAGE_SP1",
    "MANAGE_SP2" : "MANAGE_SP2",
    "DETAIL_SPO" : "DETAIL_SPO",
    "ETC_MATTER" : "ETC_MATTER",
    "MNTN_NM" : "MNTN_NM",
    "PAST_SPOT_" : "PAST_SPOT_",
    "MNTN_ID" : "MNTN_ID"
  },
  "geometryType" : "esriGeometryPoint",
  "spatialReference" : {
    "wkt" : "PROJCS[\"PCS_ITRF2000_TM\",GEOGCS[\"GCS_ITRF_2000\",DATUM[\"D_ITRF_2000\",SPHEROID[\"GRS_1980\",6378137.0,298.257222101]],PRIMEM[\"Greenwich\",0.0],UNIT[\"Degree\",0.0174532925199433]],PROJECTION[\"Transverse_Mercator\"],PARAMETER[\"False_Easting\",200000.0],PARAMETER[\"False_Northing\",600000.0],PARAMETER[\"Central_Meridian\",127.0],PARAMETER[\"Scale_Factor\",1.0],PARAMETER[\"Latitude_Of_Origin\",38.0],UNIT[\"Meter\",1.0]]"
  },
  "fields" : [
    {
      "name" : "FID",
      "type" : "esriFieldTypeOID",
      "alias" : "FID"
    },
    {
      "name" : "PMNTN_SPOT",
      "type" : "esriFieldTypeDouble",
      "alias" : "PMNTN_SPOT"
    },
    {
      "name" : "MNTN_CODE",
      "type" : "esriFieldTypeString",
      "alias" : "MNTN_CODE",
      "length" : 9
    },
    {
      "name" : "MANAGE_SP1",
      "type" : "esriFieldTypeString",
      "alias" : "MANAGE_SP1",
      "length" : 2
    },
    {
      "name" : "MANAGE_SP2",
      "type" : "esriFieldTypeString",
      "alias" : "MANAGE_SP2",
      "length" : 50
    },
    {
      "name" : "DETAIL_SPO",
      "type" : "esriFieldTypeString",
      "alias" : "DETAIL_SPO",
      "length" : 200
    },
    {
      "name" : "ETC_MATTER",
      "type" : "esriFieldTypeString",
      "alias" : "ETC_MATTER",
      "length" : 200
    },
    {
      "name" : "MNTN_NM",
      "type" : "esriFieldTypeString",
      "alias" : "MNTN_NM",
      "length" : 50
    },
    {
      "name" : "PAST_SPOT_",
      "type" : "esriFieldTypeString",
      "alias" : "PAST_SPOT_",
      "length" : 14
    },
    {
      "name" : "MNTN_ID",
      "type" : "esriFieldTypeString",
      "alias" : "MNTN_ID",
      "length" : 10
    }
  ],
  "features" : [
    {
      "attributes" : {
        "FID" : 0,
        "PMNTN_SPOT" : 72629,
        "MNTN_CODE" : "447701701",
        "MANAGE_SP1" : "08",
        "MANAGE_SP2" : "가로등",
        "DETAIL_SPO" : "가로등",
        "ETC_MATTER" : " ",
        "MNTN_NM" : "월명산",
        "PAST_SPOT_" : "24060813070001",
        "MNTN_ID" : "2406081307"
      },
      "geometry" : {
        "x" : 164746.91899999883,
        "y" : 394451.34710000269
      }
    },
    {
      "attributes" : {
        "FID" : 1,
        "PMNTN_SPOT" : 72630,
        "MNTN_CODE" : "447701701",
        "MANAGE_SP1" : "08",
        "MANAGE_SP2" : "가로등",
        "DETAIL_SPO" : "가로등",
        "ETC_MATTER" : " ",
        "MNTN_NM" : "월명산",
        "PAST_SPOT_" : "24060813070002",
        "MNTN_ID" : "2406081307"
      },
      "geometry" : {
        "x" : 164822.86510000005,
        "y" : 394399.16890000179
      }
    },
    {
      "attributes" : {
        "FID" : 2,
        "PMNTN_SPOT" : 72631,
        "MNTN_CODE" : "447701701",
        "MANAGE_SP1" : "08",
        "MANAGE_SP2" : "가로등",
        "DETAIL_SPO" : "가로등",
        "ETC_MATTER" : " ",
        "MNTN_NM" : "월명산",
        "PAST_SPOT_" : "24060813070003",
        "MNTN_ID" : "2406081307"
      },
      "geometry" : {
        "x" : 164955.54899999965,
        "y" : 394379.92460000329
      }
    },
    {
      "attributes" : {
        "FID" : 3,
        "PMNTN_SPOT" : 72632,
        "MNTN_CODE" : "447701701",
        "MANAGE_SP1" : "08",
        "MANAGE_SP2" : "가로등",
        "DETAIL_SPO" : "가로등",
        "ETC_MATTER" : " ",
        "MNTN_NM" : "월명산",
        "PAST_SPOT_" : "24060813070004",
        "MNTN_ID" : "2406081307"
      },
      "geometry" : {
        "x" : 165040.85070000309,
        "y" : 394411.9635000024
      }
    },
    {
      "attributes" : {
        "FID" : 4,
        "PMNTN_SPOT" : 72633,
        "MNTN_CODE" : "447701701",
        "MANAGE_SP1" : "18",
        "MANAGE_SP2" : "주차장",
        "DETAIL_SPO" : "관적사주차장",
        "ETC_MATTER" : " ",
        "MNTN_NM" : "월명산",
        "PAST_SPOT_" : "24060813070005",
        "MNTN_ID" : "2406081307"
      },
      "geometry" : {
        "x" : 165097.8627000032,
        "y" : 394430.27879999951
      }
    },
    {
      "attributes" : {
        "FID" : 5,
        "PMNTN_SPOT" : 72634,
        "MNTN_CODE" : "447701701",
        "MANAGE_SP1" : "99",
        "MANAGE_SP2" : "기타",
        "DETAIL_SPO" : "계단목",
        "ETC_MATTER" : "10-11",
        "MNTN_NM" : "월명산",
        "PAST_SPOT_" : "24060813070006",
        "MNTN_ID" : "2406081307"
      },
      "geometry" : {
        "x" : 164791.95480000228,
        "y" : 394490.99230000377
      }
    },
    {
      "attributes" : {
        "FID" : 6,
        "PMNTN_SPOT" : 72635,
        "MNTN_CODE" : "447701701",
        "MANAGE_SP1" : "99",
        "MANAGE_SP2" : "기타",
        "DETAIL_SPO" : "계단목",
        "ETC_MATTER" : "12-13",
        "MNTN_NM" : "월명산",
        "PAST_SPOT_" : "24060813070007",
        "MNTN_ID" : "2406081307"
      },
      "geometry" : {
        "x" : 164824.48070000298,
        "y" : 394545.48269999959
      }
    },
    {
      "attributes" : {
        "FID" : 7,
        "PMNTN_SPOT" : 72636,
        "MNTN_CODE" : "447701701",
        "MANAGE_SP1" : "99",
        "MANAGE_SP2" : "기타",
        "DETAIL_SPO" : "기타",
        "ETC_MATTER" : " ",
        "MNTN_NM" : "월명산",
        "PAST_SPOT_" : "24060813070008",
        "MNTN_ID" : "2406081307"
      },
      "geometry" : {
        "x" : 164826.94440000039,
        "y" : 394551.84370000102
      }
    },
    {
      "attributes" : {
        "FID" : 8,
        "PMNTN_SPOT" : 72637,
        "MNTN_CODE" : "447701701",
        "MANAGE_SP1" : "99",
        "MANAGE_SP2" : "기타",
        "DETAIL_SPO" : "계단목",
        "ETC_MATTER" : "14-15",
        "MNTN_NM" : "월명산",
        "PAST_SPOT_" : "24060813070009",
        "MNTN_ID" : "2406081307"
      },
      "geometry" : {
        "x" : 164875.38570000231,
        "y" : 394601.93200000189
      }
    },
    {
      "attributes" : {
        "FID" : 9,
        "PMNTN_SPOT" : 72638,
        "MNTN_CODE" : "447701701",
        "MANAGE_SP1" : "99",
        "MANAGE_SP2" : "기타",
        "DETAIL_SPO" : "기타",
        "ETC_MATTER" : " ",
        "MNTN_NM" : "월명산",
        "PAST_SPOT_" : "24060813070010",
        "MNTN_ID" : "2406081307"
      },
      "geometry" : {
        "x" : 164899.61950000003,
        "y" : 394607.31660000049
      }
    },
    {
      "attributes" : {
        "FID" : 10,
        "PMNTN_SPOT" : 72639,
        "MNTN_CODE" : "447701701",
        "MANAGE_SP1" : "99",
        "MANAGE_SP2" : "기타",
        "DETAIL_SPO" : "기타",
        "ETC_MATTER" : " ",
        "MNTN_NM" : "월명산",
        "PAST_SPOT_" : "24060813070011",
        "MNTN_ID" : "2406081307"
      },
      "geometry" : {
        "x" : 164908.15150000248,
        "y" : 394609.98509999923
      }
    },
    {
      "attributes" : {
        "FID" : 11,
        "PMNTN_SPOT" : 72640,
        "MNTN_CODE" : "447701701",
        "MANAGE_SP1" : "99",
        "MANAGE_SP2" : "기타",
        "DETAIL_SPO" : "기타",
        "ETC_MATTER" : " ",
        "MNTN_NM" : "월명산",
        "PAST_SPOT_" : "24060813070012",
        "MNTN_ID" : "2406081307"
      },
      "geometry" : {
        "x" : 164920.89030000381,
        "y" : 394605.21360000223
      }
    },
    {
      "attributes" : {
        "FID" : 12,
        "PMNTN_SPOT" : 72641,
        "MNTN_CODE" : "447701701",
        "MANAGE_SP1" : "99",
        "MANAGE_SP2" : "기타",
        "DETAIL_SPO" : "계단목",
        "ETC_MATTER" : "18-19",
        "MNTN_NM" : "월명산",
        "PAST_SPOT_" : "24060813070013",
        "MNTN_ID" : "2406081307"
      },
      "geometry" : {
        "x" : 164964.86490000226,
        "y" : 394610.5856999997
      }
    },
    {
      "attributes" : {
        "FID" : 13,
        "PMNTN_SPOT" : 72642,
        "MNTN_CODE" : "447701701",
        "MANAGE_SP1" : "99",
        "MANAGE_SP2" : "기타",
        "DETAIL_SPO" : "기타",
        "ETC_MATTER" : " ",
        "MNTN_NM" : "월명산",
        "PAST_SPOT_" : "24060813070014",
        "MNTN_ID" : "2406081307"
      },
      "geometry" : {
        "x" : 164977.33970000315,
        "y" : 394611.19280000404
      }
    },
    {
      "attributes" : {
        "FID" : 14,
        "PMNTN_SPOT" : 72643,
        "MNTN_CODE" : "447701701",
        "MANAGE_SP1" : "99",
        "MANAGE_SP2" : "기타",
        "DETAIL_SPO" : "계단목",
        "ETC_MATTER" : "20-21",
        "MNTN_NM" : "월명산",
        "PAST_SPOT_" : "24060813070015",
        "MNTN_ID" : "2406081307"
      },
      "geometry" : {
        "x" : 164997.66940000001,
        "y" : 394614.18449999951
      }
    },
    {
      "attributes" : {
        "FID" : 15,
        "PMNTN_SPOT" : 72644,
        "MNTN_CODE" : "447701701",
        "MANAGE_SP1" : "99",
        "MANAGE_SP2" : "기타",
        "DETAIL_SPO" : "기타",
        "ETC_MATTER" : " ",
        "MNTN_NM" : "월명산",
        "PAST_SPOT_" : "24060813070016",
        "MNTN_ID" : "2406081307"
      },
      "geometry" : {
        "x" : 165002.64439999964,
        "y" : 394614.64790000021
      }
    },
    {
      "attributes" : {
        "FID" : 16,
        "PMNTN_SPOT" : 72645,
        "MNTN_CODE" : "447701701",
        "MANAGE_SP1" : "99",
        "MANAGE_SP2" : "기타",
        "DETAIL_SPO" : "계단목",
        "ETC_MATTER" : "22-23",
        "MNTN_NM" : "월명산",
        "PAST_SPOT_" : "24060813070017",
        "MNTN_ID" : "2406081307"
      },
      "geometry" : {
        "x" : 165008.45409999974,
        "y" : 394624.53020000085
      }
    },
    {
      "attributes" : {
        "FID" : 17,
        "PMNTN_SPOT" : 72646,
        "MNTN_CODE" : "447701701",
        "MANAGE_SP1" : "99",
        "MANAGE_SP2" : "기타",
        "DETAIL_SPO" : "기타",
        "ETC_MATTER" : " ",
        "MNTN_NM" : "월명산",
        "PAST_SPOT_" : "24060813070018",
        "MNTN_ID" : "2406081307"
      },
      "geometry" : {
        "x" : 165016.64650000166,
        "y" : 394627.11869999953
      }
    },
    {
      "attributes" : {
        "FID" : 18,
        "PMNTN_SPOT" : 72647,
        "MNTN_CODE" : "447701701",
        "MANAGE_SP1" : "99",
        "MANAGE_SP2" : "기타",
        "DETAIL_SPO" : "계단목",
        "ETC_MATTER" : "24-25",
        "MNTN_NM" : "월명산",
        "PAST_SPOT_" : "24060813070019",
        "MNTN_ID" : "2406081307"
      },
      "geometry" : {
        "x" : 165032.02830000035,
        "y" : 394625.56140000187
      }
    },
    {
      "attributes" : {
        "FID" : 19,
        "PMNTN_SPOT" : 72648,
        "MNTN_CODE" : "447701701",
        "MANAGE_SP1" : "99",
        "MANAGE_SP2" : "기타",
        "DETAIL_SPO" : "기타",
        "ETC_MATTER" : " ",
        "MNTN_NM" : "월명산",
        "PAST_SPOT_" : "24060813070020",
        "MNTN_ID" : "2406081307"
      },
      "geometry" : {
        "x" : 165077.04459999967,
        "y" : 394649.71520000137
      }
    },
    {
      "attributes" : {
        "FID" : 20,
        "PMNTN_SPOT" : 72649,
        "MNTN_CODE" : "447701701",
        "MANAGE_SP1" : "99",
        "MANAGE_SP2" : "기타",
        "DETAIL_SPO" : "기타",
        "ETC_MATTER" : " ",
        "MNTN_NM" : "월명산",
        "PAST_SPOT_" : "24060813070021",
        "MNTN_ID" : "2406081307"
      },
      "geometry" : {
        "x" : 165160.15519999992,
        "y" : 394636.57320000418
      }
    },
    {
      "attributes" : {
        "FID" : 21,
        "PMNTN_SPOT" : 72650,
        "MNTN_CODE" : "447701701",
        "MANAGE_SP1" : "99",
        "MANAGE_SP2" : "기타",
        "DETAIL_SPO" : "계단목",
        "ETC_MATTER" : "28-29",
        "MNTN_NM" : "월명산",
        "PAST_SPOT_" : "24060813070022",
        "MNTN_ID" : "2406081307"
      },
      "geometry" : {
        "x" : 165197.81270000152,
        "y" : 394666.13060000166
      }
    },
    {
      "attributes" : {
        "FID" : 22,
        "PMNTN_SPOT" : 72651,
        "MNTN_CODE" : "447701701",
        "MANAGE_SP1" : "99",
        "MANAGE_SP2" : "기타",
        "DETAIL_SPO" : "기타",
        "ETC_MATTER" : " ",
        "MNTN_NM" : "월명산",
        "PAST_SPOT_" : "24060813070023",
        "MNTN_ID" : "2406081307"
      },
      "geometry" : {
        "x" : 165214.14300000202,
        "y" : 394682.96859999932
      }
    },
    {
      "attributes" : {
        "FID" : 23,
        "PMNTN_SPOT" : 72652,
        "MNTN_CODE" : "447701701",
        "MANAGE_SP1" : "99",
        "MANAGE_SP2" : "기타",
        "DETAIL_SPO" : "돌탑",
        "ETC_MATTER" : " ",
        "MNTN_NM" : "월명산",
        "PAST_SPOT_" : "24060813070024",
        "MNTN_ID" : "2406081307"
      },
      "geometry" : {
        "x" : 165267.03419999965,
        "y" : 394679.22309999913
      }
    },
    {
      "attributes" : {
        "FID" : 24,
        "PMNTN_SPOT" : 72653,
        "MNTN_CODE" : "447701701",
        "MANAGE_SP1" : "99",
        "MANAGE_SP2" : "기타",
        "DETAIL_SPO" : "기타",
        "ETC_MATTER" : " ",
        "MNTN_NM" : "월명산",
        "PAST_SPOT_" : "24060813070025",
        "MNTN_ID" : "2406081307"
      },
      "geometry" : {
        "x" : 165331.76029999927,
        "y" : 394632.89240000024
      }
    },
    {
      "attributes" : {
        "FID" : 25,
        "PMNTN_SPOT" : 72654,
        "MNTN_CODE" : "447701701",
        "MANAGE_SP1" : "99",
        "MANAGE_SP2" : "기타",
        "DETAIL_SPO" : "계단목",
        "ETC_MATTER" : "33-34",
        "MNTN_NM" : "월명산",
        "PAST_SPOT_" : "24060813070026",
        "MNTN_ID" : "2406081307"
      },
      "geometry" : {
        "x" : 165499.18240000308,
        "y" : 394575.43510000408
      }
    },
    {
      "attributes" : {
        "FID" : 26,
        "PMNTN_SPOT" : 72655,
        "MNTN_CODE" : "447701701",
        "MANAGE_SP1" : "99",
        "MANAGE_SP2" : "기타",
        "DETAIL_SPO" : "기타",
        "ETC_MATTER" : " ",
        "MNTN_NM" : "월명산",
        "PAST_SPOT_" : "24060813070027",
        "MNTN_ID" : "2406081307"
      },
      "geometry" : {
        "x" : 165513.15040000062,
        "y" : 394558.59290000238
      }
    },
    {
      "attributes" : {
        "FID" : 27,
        "PMNTN_SPOT" : 72656,
        "MNTN_CODE" : "447701701",
        "MANAGE_SP1" : "99",
        "MANAGE_SP2" : "기타",
        "DETAIL_SPO" : "기타",
        "ETC_MATTER" : " ",
        "MNTN_NM" : "월명산",
        "PAST_SPOT_" : "24060813070028",
        "MNTN_ID" : "2406081307"
      },
      "geometry" : {
        "x" : 165523.5,
        "y" : 394495.51229999959
      }
    },
    {
      "attributes" : {
        "FID" : 28,
        "PMNTN_SPOT" : 72657,
        "MNTN_CODE" : "447701701",
        "MANAGE_SP1" : "99",
        "MANAGE_SP2" : "기타",
        "DETAIL_SPO" : "기타",
        "ETC_MATTER" : " ",
        "MNTN_NM" : "월명산",
        "PAST_SPOT_" : "24060813070029",
        "MNTN_ID" : "2406081307"
      },
      "geometry" : {
        "x" : 165524.27390000131,
        "y" : 394368.20210000128
      }
    },
    {
      "attributes" : {
        "FID" : 29,
        "PMNTN_SPOT" : 72658,
        "MNTN_CODE" : "447701701",
        "MANAGE_SP1" : "99",
        "MANAGE_SP2" : "기타",
        "DETAIL_SPO" : "계단목",
        "ETC_MATTER" : "40-41",
        "MNTN_NM" : "월명산",
        "PAST_SPOT_" : "24060813070030",
        "MNTN_ID" : "2406081307"
      },
      "geometry" : {
        "x" : 165510.26400000043,
        "y" : 394298.98059999943
      }
    },
    {
      "attributes" : {
        "FID" : 30,
        "PMNTN_SPOT" : 72659,
        "MNTN_CODE" : "447701701",
        "MANAGE_SP1" : "99",
        "MANAGE_SP2" : "기타",
        "DETAIL_SPO" : "기타",
        "ETC_MATTER" : " ",
        "MNTN_NM" : "월명산",
        "PAST_SPOT_" : "24060813070031",
        "MNTN_ID" : "2406081307"
      },
      "geometry" : {
        "x" : 165539.78860000335,
        "y" : 394254.42180000246
      }
    },
    {
      "attributes" : {
        "FID" : 31,
        "PMNTN_SPOT" : 72660,
        "MNTN_CODE" : "447701701",
        "MANAGE_SP1" : "99",
        "MANAGE_SP2" : "기타",
        "DETAIL_SPO" : "계단목",
        "ETC_MATTER" : "45-46",
        "MNTN_NM" : "월명산",
        "PAST_SPOT_" : "24060813070032",
        "MNTN_ID" : "2406081307"
      },
      "geometry" : {
        "x" : 165566.45850000065,
        "y" : 394119.56490000151
      }
    },
    {
      "attributes" : {
        "FID" : 32,
        "PMNTN_SPOT" : 72661,
        "MNTN_CODE" : "447701701",
        "MANAGE_SP1" : "99",
        "MANAGE_SP2" : "기타",
        "DETAIL_SPO" : "기타",
        "ETC_MATTER" : " ",
        "MNTN_NM" : "월명산",
        "PAST_SPOT_" : "24060813070033",
        "MNTN_ID" : "2406081307"
      },
      "geometry" : {
        "x" : 165565.64320000168,
        "y" : 394070.51220000163
      }
    },
    {
      "attributes" : {
        "FID" : 33,
        "PMNTN_SPOT" : 72662,
        "MNTN_CODE" : "447701701",
        "MANAGE_SP1" : "10",
        "MANAGE_SP2" : "이정표",
        "DETAIL_SPO" : "등산로 이정표,포장도로",
        "ETC_MATTER" : "1-3",
        "MNTN_NM" : "월명산",
        "PAST_SPOT_" : "24060813070034",
        "MNTN_ID" : "2406081307"
      },
      "geometry" : {
        "x" : 164832.9711000016,
        "y" : 393485.61310000159
      }
    },
    {
      "attributes" : {
        "FID" : 34,
        "PMNTN_SPOT" : 72663,
        "MNTN_CODE" : "447701701",
        "MANAGE_SP1" : "08",
        "MANAGE_SP2" : "가로등",
        "DETAIL_SPO" : "가로등",
        "ETC_MATTER" : " ",
        "MNTN_NM" : "월명산",
        "PAST_SPOT_" : "24060813070035",
        "MNTN_ID" : "2406081307"
      },
      "geometry" : {
        "x" : 164826.00050000194,
        "y" : 393473.23580000177
      }
    },
    {
      "attributes" : {
        "FID" : 35,
        "PMNTN_SPOT" : 72664,
        "MNTN_CODE" : "447701701",
        "MANAGE_SP1" : "99",
        "MANAGE_SP2" : "기타",
        "DETAIL_SPO" : "기타",
        "ETC_MATTER" : " ",
        "MNTN_NM" : "월명산",
        "PAST_SPOT_" : "24060813070036",
        "MNTN_ID" : "2406081307"
      },
      "geometry" : {
        "x" : 164815.0885000024,
        "y" : 393461.43600000069
      }
    },
    {
      "attributes" : {
        "FID" : 36,
        "PMNTN_SPOT" : 72665,
        "MNTN_CODE" : "447701701",
        "MANAGE_SP1" : "99",
        "MANAGE_SP2" : "기타",
        "DETAIL_SPO" : "기타",
        "ETC_MATTER" : " ",
        "MNTN_NM" : "월명산",
        "PAST_SPOT_" : "24060813070037",
        "MNTN_ID" : "2406081307"
      },
      "geometry" : {
        "x" : 164857.89330000058,
        "y" : 393403.18960000202
      }
    },
    {
      "attributes" : {
        "FID" : 37,
        "PMNTN_SPOT" : 72666,
        "MNTN_CODE" : "447701701",
        "MANAGE_SP1" : "99",
        "MANAGE_SP2" : "기타",
        "DETAIL_SPO" : "기타",
        "ETC_MATTER" : " ",
        "MNTN_NM" : "월명산",
        "PAST_SPOT_" : "24060813070038",
        "MNTN_ID" : "2406081307"
      },
      "geometry" : {
        "x" : 164959.02810000069,
        "y" : 393349.18799999915
      }
    },
    {
      "attributes" : {
        "FID" : 38,
        "PMNTN_SPOT" : 72667,
        "MNTN_CODE" : "447701701",
        "MANAGE_SP1" : "99",
        "MANAGE_SP2" : "기타",
        "DETAIL_SPO" : "기타",
        "ETC_MATTER" : " ",
        "MNTN_NM" : "월명산",
        "PAST_SPOT_" : "24060813070039",
        "MNTN_ID" : "2406081307"
      },
      "geometry" : {
        "x" : 165008.33920000307,
        "y" : 393323.35850000009
      }
    },
    {
      "attributes" : {
        "FID" : 39,
        "PMNTN_SPOT" : 72668,
        "MNTN_CODE" : "447701701",
        "MANAGE_SP1" : "10",
        "MANAGE_SP2" : "이정표",
        "DETAIL_SPO" : "이정표",
        "ETC_MATTER" : " ",
        "MNTN_NM" : "월명산",
        "PAST_SPOT_" : "24060813070040",
        "MNTN_ID" : "2406081307"
      },
      "geometry" : {
        "x" : 165045.95980000123,
        "y" : 393310.20229999907
      }
    },
    {
      "attributes" : {
        "FID" : 40,
        "PMNTN_SPOT" : 72669,
        "MNTN_CODE" : "447701701",
        "MANAGE_SP1" : "99",
        "MANAGE_SP2" : "기타",
        "DETAIL_SPO" : "기타",
        "ETC_MATTER" : " ",
        "MNTN_NM" : "월명산",
        "PAST_SPOT_" : "24060813070041",
        "MNTN_ID" : "2406081307"
      },
      "geometry" : {
        "x" : 165399.28530000243,
        "y" : 393352.58209999837
      }
    },
    {
      "attributes" : {
        "FID" : 41,
        "PMNTN_SPOT" : 72670,
        "MNTN_CODE" : "447701701",
        "MANAGE_SP1" : "12",
        "MANAGE_SP2" : "위험지역",
        "DETAIL_SPO" : "위험지역",
        "ETC_MATTER" : " ",
        "MNTN_NM" : "월명산",
        "PAST_SPOT_" : "24060813070042",
        "MNTN_ID" : "2406081307"
      },
      "geometry" : {
        "x" : 165458.45500000101,
        "y" : 393340.4756000042
      }
    },
    {
      "attributes" : {
        "FID" : 42,
        "PMNTN_SPOT" : 72671,
        "MNTN_CODE" : "447701701",
        "MANAGE_SP1" : "23",
        "MANAGE_SP2" : "정상",
        "DETAIL_SPO" : "산정상 이정표",
        "ETC_MATTER" : " ",
        "MNTN_NM" : "월명산",
        "PAST_SPOT_" : "24060813070043",
        "MNTN_ID" : "2406081307"
      },
      "geometry" : {
        "x" : 165477.65090000257,
        "y" : 393343.30940000154
      }
    },
    {
      "attributes" : {
        "FID" : 43,
        "PMNTN_SPOT" : 72672,
        "MNTN_CODE" : "447701701",
        "MANAGE_SP1" : "99",
        "MANAGE_SP2" : "기타",
        "DETAIL_SPO" : "기타",
        "ETC_MATTER" : " ",
        "MNTN_NM" : "월명산",
        "PAST_SPOT_" : "24060813070044",
        "MNTN_ID" : "2406081307"
      },
      "geometry" : {
        "x" : 165480.29300000053,
        "y" : 393349.81540000252
      }
    },
    {
      "attributes" : {
        "FID" : 44,
        "PMNTN_SPOT" : 72673,
        "MNTN_CODE" : "447701701",
        "MANAGE_SP1" : "99",
        "MANAGE_SP2" : "기타",
        "DETAIL_SPO" : "계단목",
        "ETC_MATTER" : "34-35",
        "MNTN_NM" : "월명산",
        "PAST_SPOT_" : "24060813070045",
        "MNTN_ID" : "2406081307"
      },
      "geometry" : {
        "x" : 165606.6687000012,
        "y" : 393562.49280000106
      }
    },
    {
      "attributes" : {
        "FID" : 45,
        "PMNTN_SPOT" : 72674,
        "MNTN_CODE" : "447701701",
        "MANAGE_SP1" : "12",
        "MANAGE_SP2" : "위험지역",
        "DETAIL_SPO" : "위험지역",
        "ETC_MATTER" : "35-36",
        "MNTN_NM" : "월명산",
        "PAST_SPOT_" : "24060813070046",
        "MNTN_ID" : "2406081307"
      },
      "geometry" : {
        "x" : 165608.60400000308,
        "y" : 393570.34500000253
      }
    },
    {
      "attributes" : {
        "FID" : 46,
        "PMNTN_SPOT" : 72675,
        "MNTN_CODE" : "447701701",
        "MANAGE_SP1" : "99",
        "MANAGE_SP2" : "기타",
        "DETAIL_SPO" : "기타",
        "ETC_MATTER" : " ",
        "MNTN_NM" : "월명산",
        "PAST_SPOT_" : "24060813070047",
        "MNTN_ID" : "2406081307"
      },
      "geometry" : {
        "x" : 165607.35510000028,
        "y" : 393605.9093000032
      }
    },
    {
      "attributes" : {
        "FID" : 47,
        "PMNTN_SPOT" : 72676,
        "MNTN_CODE" : "447701701",
        "MANAGE_SP1" : "14",
        "MANAGE_SP2" : "조망점",
        "DETAIL_SPO" : "조망점",
        "ETC_MATTER" : " ",
        "MNTN_NM" : "월명산",
        "PAST_SPOT_" : "24060813070048",
        "MNTN_ID" : "2406081307"
      },
      "geometry" : {
        "x" : 165608.78100000136,
        "y" : 393625.72730000317
      }
    },
    {
      "attributes" : {
        "FID" : 48,
        "PMNTN_SPOT" : 72677,
        "MNTN_CODE" : "447701701",
        "MANAGE_SP1" : "99",
        "MANAGE_SP2" : "기타",
        "DETAIL_SPO" : "산불감시초소",
        "ETC_MATTER" : " ",
        "MNTN_NM" : "월명산",
        "PAST_SPOT_" : "24060813070049",
        "MNTN_ID" : "2406081307"
      },
      "geometry" : {
        "x" : 165597.45630000252,
        "y" : 393674.60140000097
      }
    },
    {
      "attributes" : {
        "FID" : 49,
        "PMNTN_SPOT" : 72678,
        "MNTN_CODE" : "447701701",
        "MANAGE_SP1" : "14",
        "MANAGE_SP2" : "조망점",
        "DETAIL_SPO" : "조망점",
        "ETC_MATTER" : " ",
        "MNTN_NM" : "월명산",
        "PAST_SPOT_" : "24060813070050",
        "MNTN_ID" : "2406081307"
      },
      "geometry" : {
        "x" : 165594.70500000101,
        "y" : 393680.78270000033
      }
    },
    {
      "attributes" : {
        "FID" : 50,
        "PMNTN_SPOT" : 72679,
        "MNTN_CODE" : "447701701",
        "MANAGE_SP1" : "22",
        "MANAGE_SP2" : "헬기장",
        "DETAIL_SPO" : "헬기장",
        "ETC_MATTER" : " ",
        "MNTN_NM" : "월명산",
        "PAST_SPOT_" : "24060813070051",
        "MNTN_ID" : "2406081307"
      },
      "geometry" : {
        "x" : 165590.42430000007,
        "y" : 393712.9832000006
      }
    },
    {
      "attributes" : {
        "FID" : 51,
        "PMNTN_SPOT" : 72680,
        "MNTN_CODE" : "447701701",
        "MANAGE_SP1" : "99",
        "MANAGE_SP2" : "기타",
        "DETAIL_SPO" : "계단목",
        "ETC_MATTER" : "43-44",
        "MNTN_NM" : "월명산",
        "PAST_SPOT_" : "24060813070052",
        "MNTN_ID" : "2406081307"
      },
      "geometry" : {
        "x" : 165600.40740000084,
        "y" : 393767.36680000089
      }
    },
    {
      "attributes" : {
        "FID" : 52,
        "PMNTN_SPOT" : 72681,
        "MNTN_CODE" : "447701701",
        "MANAGE_SP1" : "99",
        "MANAGE_SP2" : "기타",
        "DETAIL_SPO" : "기타",
        "ETC_MATTER" : " ",
        "MNTN_NM" : "월명산",
        "PAST_SPOT_" : "24060813070053",
        "MNTN_ID" : "2406081307"
      },
      "geometry" : {
        "x" : 165598.98419999983,
        "y" : 393775.25819999911
      }
    },
    {
      "attributes" : {
        "FID" : 53,
        "PMNTN_SPOT" : 72682,
        "MNTN_CODE" : "447701701",
        "MANAGE_SP1" : "99",
        "MANAGE_SP2" : "기타",
        "DETAIL_SPO" : "계단목",
        "ETC_MATTER" : "47-48",
        "MNTN_NM" : "월명산",
        "PAST_SPOT_" : "24060813070054",
        "MNTN_ID" : "2406081307"
      },
      "geometry" : {
        "x" : 165586.64340000134,
        "y" : 393863.95660000108
      }
    },
    {
      "attributes" : {
        "FID" : 54,
        "PMNTN_SPOT" : 72683,
        "MNTN_CODE" : "447701701",
        "MANAGE_SP1" : "99",
        "MANAGE_SP2" : "기타",
        "DETAIL_SPO" : "기타",
        "ETC_MATTER" : " ",
        "MNTN_NM" : "월명산",
        "PAST_SPOT_" : "24060813070055",
        "MNTN_ID" : "2406081307"
      },
      "geometry" : {
        "x" : 165582.52060000319,
        "y" : 393893.95240000263
      }
    },
    {
      "attributes" : {
        "FID" : 55,
        "PMNTN_SPOT" : 72684,
        "MNTN_CODE" : "447701701",
        "MANAGE_SP1" : "99",
        "MANAGE_SP2" : "기타",
        "DETAIL_SPO" : "기타",
        "ETC_MATTER" : " ",
        "MNTN_NM" : "월명산",
        "PAST_SPOT_" : "24060813070056",
        "MNTN_ID" : "2406081307"
      },
      "geometry" : {
        "x" : 165594.1631000014,
        "y" : 393981.96850000136
      }
    },
    {
      "attributes" : {
        "FID" : 56,
        "PMNTN_SPOT" : 72685,
        "MNTN_CODE" : "447701701",
        "MANAGE_SP1" : "99",
        "MANAGE_SP2" : "기타",
        "DETAIL_SPO" : "삼각점",
        "ETC_MATTER" : " ",
        "MNTN_NM" : "월명산",
        "PAST_SPOT_" : "24060813070057",
        "MNTN_ID" : "2406081307"
      },
      "geometry" : {
        "x" : 165575.23170000128,
        "y" : 394043.72440000065
      }
    },
    {
      "attributes" : {
        "FID" : 57,
        "PMNTN_SPOT" : 72686,
        "MNTN_CODE" : "447701701",
        "MANAGE_SP1" : "99",
        "MANAGE_SP2" : "기타",
        "DETAIL_SPO" : "보호수(느티나무)",
        "ETC_MATTER" : " ",
        "MNTN_NM" : "월명산",
        "PAST_SPOT_" : "24060813070058",
        "MNTN_ID" : "2406081307"
      },
      "geometry" : {
        "x" : 164534.15970000159,
        "y" : 393448.91840000264
      }
    },
    {
      "attributes" : {
        "FID" : 58,
        "PMNTN_SPOT" : 72687,
        "MNTN_CODE" : "447701701",
        "MANAGE_SP1" : "99",
        "MANAGE_SP2" : "기타",
        "DETAIL_SPO" : "월명산 유래비",
        "ETC_MATTER" : " ",
        "MNTN_NM" : "월명산",
        "PAST_SPOT_" : "24060813070059",
        "MNTN_ID" : "2406081307"
      },
      "geometry" : {
        "x" : 164542.20439999923,
        "y" : 393451.59520000406
      }
    },
    {
      "attributes" : {
        "FID" : 59,
        "PMNTN_SPOT" : 72688,
        "MNTN_CODE" : "447701701",
        "MANAGE_SP1" : "05",
        "MANAGE_SP2" : "벤치",
        "DETAIL_SPO" : "벤치",
        "ETC_MATTER" : " ",
        "MNTN_NM" : "월명산",
        "PAST_SPOT_" : "24060813070060",
        "MNTN_ID" : "2406081307"
      },
      "geometry" : {
        "x" : 164539.11430000048,
        "y" : 393453.93439999968
      }
    },
    {
      "attributes" : {
        "FID" : 60,
        "PMNTN_SPOT" : 72689,
        "MNTN_CODE" : "447701701",
        "MANAGE_SP1" : "08",
        "MANAGE_SP2" : "가로등",
        "DETAIL_SPO" : "가로등",
        "ETC_MATTER" : " ",
        "MNTN_NM" : "월명산",
        "PAST_SPOT_" : "24060813070061",
        "MNTN_ID" : "2406081307"
      },
      "geometry" : {
        "x" : 164555.13800000213,
        "y" : 393453.67010000162
      }
    },
    {
      "attributes" : {
        "FID" : 61,
        "PMNTN_SPOT" : 72690,
        "MNTN_CODE" : "447701701",
        "MANAGE_SP1" : "08",
        "MANAGE_SP2" : "가로등",
        "DETAIL_SPO" : "가로등",
        "ETC_MATTER" : " ",
        "MNTN_NM" : "월명산",
        "PAST_SPOT_" : "24060813070062",
        "MNTN_ID" : "2406081307"
      },
      "geometry" : {
        "x" : 164630.32820000034,
        "y" : 393500.52190000191
      }
    },
    {
      "attributes" : {
        "FID" : 62,
        "PMNTN_SPOT" : 72691,
        "MNTN_CODE" : "447701701",
        "MANAGE_SP1" : "99",
        "MANAGE_SP2" : "기타",
        "DETAIL_SPO" : "반사경",
        "ETC_MATTER" : " ",
        "MNTN_NM" : "월명산",
        "PAST_SPOT_" : "24060813070063",
        "MNTN_ID" : "2406081307"
      },
      "geometry" : {
        "x" : 164649.22039999999,
        "y" : 393503.86760000139
      }
    },
    {
      "attributes" : {
        "FID" : 63,
        "PMNTN_SPOT" : 72692,
        "MNTN_CODE" : "447701701",
        "MANAGE_SP1" : "08",
        "MANAGE_SP2" : "가로등",
        "DETAIL_SPO" : "가로등",
        "ETC_MATTER" : " ",
        "MNTN_NM" : "월명산",
        "PAST_SPOT_" : "24060813070064",
        "MNTN_ID" : "2406081307"
      },
      "geometry" : {
        "x" : 164715.3021000009,
        "y" : 393496.10420000367
      }
    },
    {
      "attributes" : {
        "FID" : 64,
        "PMNTN_SPOT" : 72693,
        "MNTN_CODE" : "447701701",
        "MANAGE_SP1" : "99",
        "MANAGE_SP2" : "기타",
        "DETAIL_SPO" : "다리",
        "ETC_MATTER" : " ",
        "MNTN_NM" : "월명산",
        "PAST_SPOT_" : "24060813070065",
        "MNTN_ID" : "2406081307"
      },
      "geometry" : {
        "x" : 164834.20720000099,
        "y" : 393488.26160000078
      }
    },
    {
      "attributes" : {
        "FID" : 65,
        "PMNTN_SPOT" : 72694,
        "MNTN_CODE" : "447701701",
        "MANAGE_SP1" : "99",
        "MANAGE_SP2" : "기타",
        "DETAIL_SPO" : "묘지",
        "ETC_MATTER" : " ",
        "MNTN_NM" : "월명산",
        "PAST_SPOT_" : "24060813070066",
        "MNTN_ID" : "2406081307"
      },
      "geometry" : {
        "x" : 165496.81250000093,
        "y" : 393336.14479999989
      }
    },
    {
      "attributes" : {
        "FID" : 66,
        "PMNTN_SPOT" : 72695,
        "MNTN_CODE" : "447701701",
        "MANAGE_SP1" : "99",
        "MANAGE_SP2" : "기타",
        "DETAIL_SPO" : "계단목",
        "ETC_MATTER" : "72-76",
        "MNTN_NM" : "월명산",
        "PAST_SPOT_" : "24060813070067",
        "MNTN_ID" : "2406081307"
      },
      "geometry" : {
        "x" : 165626.50829999987,
        "y" : 393339.15340000205
      }
    },
    {
      "attributes" : {
        "FID" : 67,
        "PMNTN_SPOT" : 72696,
        "MNTN_CODE" : "447701701",
        "MANAGE_SP1" : "99",
        "MANAGE_SP2" : "기타",
        "DETAIL_SPO" : "기타",
        "ETC_MATTER" : " ",
        "MNTN_NM" : "월명산",
        "PAST_SPOT_" : "24060813070068",
        "MNTN_ID" : "2406081307"
      },
      "geometry" : {
        "x" : 165595.74909999967,
        "y" : 393416.79160000198
      }
    },
    {
      "attributes" : {
        "FID" : 68,
        "PMNTN_SPOT" : 72697,
        "MNTN_CODE" : "447701701",
        "MANAGE_SP1" : "01",
        "MANAGE_SP2" : "시종점",
        "DETAIL_SPO" : "시종점,이정표",
        "ETC_MATTER" : " ",
        "MNTN_NM" : "월명산",
        "PAST_SPOT_" : "24060813070069",
        "MNTN_ID" : "2406081307"
      },
      "geometry" : {
        "x" : 164535.24380000215,
        "y" : 393445.04509999976
      }
    },
    {
      "attributes" : {
        "FID" : 69,
        "PMNTN_SPOT" : 72698,
        "MNTN_CODE" : "447701701",
        "MANAGE_SP1" : "01",
        "MANAGE_SP2" : "시종점",
        "DETAIL_SPO" : "시종점,이정표",
        "ETC_MATTER" : " ",
        "MNTN_NM" : "월명산",
        "PAST_SPOT_" : "24060813070070",
        "MNTN_ID" : "2406081307"
      },
      "geometry" : {
        "x" : 164712.9795000013,
        "y" : 394485.18909999914
      }
    },
    {
      "attributes" : {
        "FID" : 70,
        "PMNTN_SPOT" : 72699,
        "MNTN_CODE" : "447701701",
        "MANAGE_SP1" : "02",
        "MANAGE_SP2" : "분기점",
        "DETAIL_SPO" : "노선과 노선의 접점",
        "ETC_MATTER" : "1-1구간",
        "MNTN_NM" : "월명산",
        "PAST_SPOT_" : "24060813070071",
        "MNTN_ID" : "2406081307"
      },
      "geometry" : {
        "x" : 164757.92610000074,
        "y" : 394444.80160000175
      }
    },
    {
      "attributes" : {
        "FID" : 71,
        "PMNTN_SPOT" : 72700,
        "MNTN_CODE" : "447701701",
        "MANAGE_SP1" : "01",
        "MANAGE_SP2" : "시종점",
        "DETAIL_SPO" : "관적사",
        "ETC_MATTER" : " ",
        "MNTN_NM" : "월명산",
        "PAST_SPOT_" : "24060813070072",
        "MNTN_ID" : "2406081307"
      },
      "geometry" : {
        "x" : 165170.03320000134,
        "y" : 394444.20450000279
      }
    },
    {
      "attributes" : {
        "FID" : 72,
        "PMNTN_SPOT" : 72701,
        "MNTN_CODE" : "447701701",
        "MANAGE_SP1" : "02",
        "MANAGE_SP2" : "분기점",
        "DETAIL_SPO" : "노선내 접점",
        "ETC_MATTER" : "2-1구간",
        "MNTN_NM" : "월명산",
        "PAST_SPOT_" : "24060813070073",
        "MNTN_ID" : "2406081307"
      },
      "geometry" : {
        "x" : 165473.6651999997,
        "y" : 393341.67130000144
      }
    },
    {
      "attributes" : {
        "FID" : 73,
        "PMNTN_SPOT" : 72702,
        "MNTN_CODE" : "447701701",
        "MANAGE_SP1" : "99",
        "MANAGE_SP2" : "기타",
        "DETAIL_SPO" : "월명산",
        "ETC_MATTER" : " ",
        "MNTN_NM" : "월명산",
        "PAST_SPOT_" : "24060813070074",
        "MNTN_ID" : "2406081307"
      },
      "geometry" : {
        "x" : 165574.97210000269,
        "y" : 394051.98280000128
      }
    },
    {
      "attributes" : {
        "FID" : 74,
        "PMNTN_SPOT" : 72703,
        "MNTN_CODE" : "447701701",
        "MANAGE_SP1" : "02",
        "MANAGE_SP2" : "분기점",
        "DETAIL_SPO" : "위험지역,노선과 노선의 접점",
        "ETC_MATTER" : "32-34",
        "MNTN_NM" : "월명산",
        "PAST_SPOT_" : "24060813070075",
        "MNTN_ID" : "2406081307"
      },
      "geometry" : {
        "x" : 165605.82980000321,
        "y" : 393527.74700000137
      }
    }
  ]
}