{
  "displayFieldName" : "",
  "fieldAliases" : {
    "FID" : "FID",
    "PMNTN_SPOT" : "PMNTN_SPOT",
    "MNTN_CODE" : "MNTN_CODE",
    "MANAGE_SP1" : "MANAGE_SP1",
    "MANAGE_SP2" : "MANAGE_SP2",
    "DETAIL_SPO" : "DETAIL_SPO",
    "ETC_MATTER" : "ETC_MATTER",
    "MNTN_NM" : "MNTN_NM",
    "PAST_SPOT_" : "PAST_SPOT_",
    "MNTN_ID" : "MNTN_ID"
  },
  "geometryType" : "esriGeometryPoint",
  "spatialReference" : {
    "wkt" : "PROJCS[\"PCS_ITRF2000_TM\",GEOGCS[\"GCS_ITRF_2000\",DATUM[\"D_ITRF_2000\",SPHEROID[\"GRS_1980\",6378137.0,298.257222101]],PRIMEM[\"Greenwich\",0.0],UNIT[\"Degree\",0.0174532925199433]],PROJECTION[\"Transverse_Mercator\"],PARAMETER[\"False_Easting\",200000.0],PARAMETER[\"False_Northing\",600000.0],PARAMETER[\"Central_Meridian\",127.0],PARAMETER[\"Scale_Factor\",1.0],PARAMETER[\"Latitude_Of_Origin\",38.0],UNIT[\"Meter\",1.0]]"
  },
  "fields" : [
    {
      "name" : "FID",
      "type" : "esriFieldTypeOID",
      "alias" : "FID"
    },
    {
      "name" : "PMNTN_SPOT",
      "type" : "esriFieldTypeDouble",
      "alias" : "PMNTN_SPOT"
    },
    {
      "name" : "MNTN_CODE",
      "type" : "esriFieldTypeString",
      "alias" : "MNTN_CODE",
      "length" : 9
    },
    {
      "name" : "MANAGE_SP1",
      "type" : "esriFieldTypeString",
      "alias" : "MANAGE_SP1",
      "length" : 2
    },
    {
      "name" : "MANAGE_SP2",
      "type" : "esriFieldTypeString",
      "alias" : "MANAGE_SP2",
      "length" : 50
    },
    {
      "name" : "DETAIL_SPO",
      "type" : "esriFieldTypeString",
      "alias" : "DETAIL_SPO",
      "length" : 200
    },
    {
      "name" : "ETC_MATTER",
      "type" : "esriFieldTypeString",
      "alias" : "ETC_MATTER",
      "length" : 200
    },
    {
      "name" : "MNTN_NM",
      "type" : "esriFieldTypeString",
      "alias" : "MNTN_NM",
      "length" : 50
    },
    {
      "name" : "PAST_SPOT_",
      "type" : "esriFieldTypeString",
      "alias" : "PAST_SPOT_",
      "length" : 14
    },
    {
      "name" : "MNTN_ID",
      "type" : "esriFieldTypeString",
      "alias" : "MNTN_ID",
      "length" : 10
    }
  ],
  "features" : [
    {
      "attributes" : {
        "FID" : 0,
        "PMNTN_SPOT" : 50477,
        "MNTN_CODE" : "462301201",
        "MANAGE_SP1" : "01",
        "MANAGE_SP2" : "시종점",
        "DETAIL_SPO" : "시종점",
        "ETC_MATTER" : " ",
        "MNTN_NM" : "서산",
        "PAST_SPOT_" : "4623012010001",
        "MNTN_ID" : "462301201"
      },
      "geometry" : {
        "x" : 250304.5943999989,
        "y" : 263530.96330000274
      }
    },
    {
      "attributes" : {
        "FID" : 1,
        "PMNTN_SPOT" : 50478,
        "MNTN_CODE" : "462301201",
        "MANAGE_SP1" : "01",
        "MANAGE_SP2" : "시종점",
        "DETAIL_SPO" : "시종점",
        "ETC_MATTER" : " ",
        "MNTN_NM" : "서산",
        "PAST_SPOT_" : "4623012010002",
        "MNTN_ID" : "462301201"
      },
      "geometry" : {
        "x" : 250440.8115000017,
        "y" : 263910.71110000089
      }
    },
    {
      "attributes" : {
        "FID" : 2,
        "PMNTN_SPOT" : 50479,
        "MNTN_CODE" : "462301201",
        "MANAGE_SP1" : "01",
        "MANAGE_SP2" : "시종점",
        "DETAIL_SPO" : "시종점",
        "ETC_MATTER" : " ",
        "MNTN_NM" : "서산",
        "PAST_SPOT_" : "4623012010003",
        "MNTN_ID" : "462301201"
      },
      "geometry" : {
        "x" : 250484.00740000047,
        "y" : 263916.84420000203
      }
    },
    {
      "attributes" : {
        "FID" : 3,
        "PMNTN_SPOT" : 50480,
        "MNTN_CODE" : "462301201",
        "MANAGE_SP1" : "02",
        "MANAGE_SP2" : "분기점",
        "DETAIL_SPO" : "분기점",
        "ETC_MATTER" : " ",
        "MNTN_NM" : "서산",
        "PAST_SPOT_" : "4623012010004",
        "MNTN_ID" : "462301201"
      },
      "geometry" : {
        "x" : 250600.76430000085,
        "y" : 264365.23130000196
      }
    },
    {
      "attributes" : {
        "FID" : 4,
        "PMNTN_SPOT" : 50481,
        "MNTN_CODE" : "462301201",
        "MANAGE_SP1" : "02",
        "MANAGE_SP2" : "분기점",
        "DETAIL_SPO" : "분기점",
        "ETC_MATTER" : " ",
        "MNTN_NM" : "서산",
        "PAST_SPOT_" : "4623012010005",
        "MNTN_ID" : "462301201"
      },
      "geometry" : {
        "x" : 250701.94620000012,
        "y" : 264470.1053000018
      }
    },
    {
      "attributes" : {
        "FID" : 5,
        "PMNTN_SPOT" : 50482,
        "MNTN_CODE" : "462301201",
        "MANAGE_SP1" : "02",
        "MANAGE_SP2" : "분기점",
        "DETAIL_SPO" : "분기점",
        "ETC_MATTER" : " ",
        "MNTN_NM" : "서산",
        "PAST_SPOT_" : "4623012010006",
        "MNTN_ID" : "462301201"
      },
      "geometry" : {
        "x" : 251263.37240000069,
        "y" : 264395.56350000203
      }
    },
    {
      "attributes" : {
        "FID" : 6,
        "PMNTN_SPOT" : 50483,
        "MNTN_CODE" : "462301201",
        "MANAGE_SP1" : "02",
        "MANAGE_SP2" : "분기점",
        "DETAIL_SPO" : "분기점",
        "ETC_MATTER" : " ",
        "MNTN_NM" : "서산",
        "PAST_SPOT_" : "4623012010007",
        "MNTN_ID" : "462301201"
      },
      "geometry" : {
        "x" : 251462.04619999975,
        "y" : 264307.95120000094
      }
    },
    {
      "attributes" : {
        "FID" : 7,
        "PMNTN_SPOT" : 50484,
        "MNTN_CODE" : "462301201",
        "MANAGE_SP1" : "01",
        "MANAGE_SP2" : "시종점",
        "DETAIL_SPO" : "시종점",
        "ETC_MATTER" : " ",
        "MNTN_NM" : "서산",
        "PAST_SPOT_" : "4623012010008",
        "MNTN_ID" : "462301201"
      },
      "geometry" : {
        "x" : 251486.77200000081,
        "y" : 263895.259200003
      }
    },
    {
      "attributes" : {
        "FID" : 8,
        "PMNTN_SPOT" : 50485,
        "MNTN_CODE" : "462301201",
        "MANAGE_SP1" : "01",
        "MANAGE_SP2" : "시종점",
        "DETAIL_SPO" : "시종점",
        "ETC_MATTER" : " ",
        "MNTN_NM" : "서산",
        "PAST_SPOT_" : "4623012010009",
        "MNTN_ID" : "462301201"
      },
      "geometry" : {
        "x" : 252162.68850000016,
        "y" : 263707.53240000084
      }
    },
    {
      "attributes" : {
        "FID" : 9,
        "PMNTN_SPOT" : 50486,
        "MNTN_CODE" : "462301201",
        "MANAGE_SP1" : "01",
        "MANAGE_SP2" : "시종점",
        "DETAIL_SPO" : "시종점",
        "ETC_MATTER" : " ",
        "MNTN_NM" : "서산",
        "PAST_SPOT_" : "4623012010010",
        "MNTN_ID" : "462301201"
      },
      "geometry" : {
        "x" : 252243.76620000135,
        "y" : 264682.59219999984
      }
    },
    {
      "attributes" : {
        "FID" : 10,
        "PMNTN_SPOT" : 50487,
        "MNTN_CODE" : "462301201",
        "MANAGE_SP1" : "02",
        "MANAGE_SP2" : "분기점",
        "DETAIL_SPO" : "분기점",
        "ETC_MATTER" : " ",
        "MNTN_NM" : "서산",
        "PAST_SPOT_" : "4623012010011",
        "MNTN_ID" : "462301201"
      },
      "geometry" : {
        "x" : 252253.7918999996,
        "y" : 263983.44520000182
      }
    },
    {
      "attributes" : {
        "FID" : 11,
        "PMNTN_SPOT" : 50488,
        "MNTN_CODE" : "462301201",
        "MANAGE_SP1" : "02",
        "MANAGE_SP2" : "분기점",
        "DETAIL_SPO" : "분기점",
        "ETC_MATTER" : " ",
        "MNTN_NM" : "서산",
        "PAST_SPOT_" : "4623012010012",
        "MNTN_ID" : "462301201"
      },
      "geometry" : {
        "x" : 252337.53780000098,
        "y" : 263918.57630000263
      }
    },
    {
      "attributes" : {
        "FID" : 12,
        "PMNTN_SPOT" : 50489,
        "MNTN_CODE" : "462301201",
        "MANAGE_SP1" : "02",
        "MANAGE_SP2" : "분기점",
        "DETAIL_SPO" : "분기점",
        "ETC_MATTER" : " ",
        "MNTN_NM" : "서산",
        "PAST_SPOT_" : "4623012010013",
        "MNTN_ID" : "462301201"
      },
      "geometry" : {
        "x" : 252385.17990000173,
        "y" : 263728.70949999802
      }
    },
    {
      "attributes" : {
        "FID" : 13,
        "PMNTN_SPOT" : 50490,
        "MNTN_CODE" : "462301201",
        "MANAGE_SP1" : "02",
        "MANAGE_SP2" : "분기점",
        "DETAIL_SPO" : "분기점",
        "ETC_MATTER" : " ",
        "MNTN_NM" : "서산",
        "PAST_SPOT_" : "4623012010014",
        "MNTN_ID" : "462301201"
      },
      "geometry" : {
        "x" : 252399.16550000105,
        "y" : 263876.73870000243
      }
    },
    {
      "attributes" : {
        "FID" : 14,
        "PMNTN_SPOT" : 50491,
        "MNTN_CODE" : "462301201",
        "MANAGE_SP1" : "01",
        "MANAGE_SP2" : "시종점",
        "DETAIL_SPO" : "시종점",
        "ETC_MATTER" : " ",
        "MNTN_NM" : "서산",
        "PAST_SPOT_" : "4623012010015",
        "MNTN_ID" : "462301201"
      },
      "geometry" : {
        "x" : 252406.14060000051,
        "y" : 263405.59610000066
      }
    },
    {
      "attributes" : {
        "FID" : 15,
        "PMNTN_SPOT" : 50492,
        "MNTN_CODE" : "462301201",
        "MANAGE_SP1" : "01",
        "MANAGE_SP2" : "시종점",
        "DETAIL_SPO" : "시종점",
        "ETC_MATTER" : " ",
        "MNTN_NM" : "서산",
        "PAST_SPOT_" : "4623012010016",
        "MNTN_ID" : "462301201"
      },
      "geometry" : {
        "x" : 252416.24610000104,
        "y" : 264294.27300000191
      }
    },
    {
      "attributes" : {
        "FID" : 16,
        "PMNTN_SPOT" : 50493,
        "MNTN_CODE" : "462301201",
        "MANAGE_SP1" : "02",
        "MANAGE_SP2" : "분기점",
        "DETAIL_SPO" : "분기점",
        "ETC_MATTER" : " ",
        "MNTN_NM" : "서산",
        "PAST_SPOT_" : "4623012010017",
        "MNTN_ID" : "462301201"
      },
      "geometry" : {
        "x" : 252507.67619999964,
        "y" : 263831.98420000263
      }
    },
    {
      "attributes" : {
        "FID" : 17,
        "PMNTN_SPOT" : 50494,
        "MNTN_CODE" : "462301201",
        "MANAGE_SP1" : "02",
        "MANAGE_SP2" : "분기점",
        "DETAIL_SPO" : "분기점",
        "ETC_MATTER" : " ",
        "MNTN_NM" : "서산",
        "PAST_SPOT_" : "4623012010018",
        "MNTN_ID" : "462301201"
      },
      "geometry" : {
        "x" : 252517.65084347501,
        "y" : 263832.65839989297
      }
    },
    {
      "attributes" : {
        "FID" : 18,
        "PMNTN_SPOT" : 50495,
        "MNTN_CODE" : "462301201",
        "MANAGE_SP1" : "02",
        "MANAGE_SP2" : "분기점",
        "DETAIL_SPO" : "분기점",
        "ETC_MATTER" : " ",
        "MNTN_NM" : "서산",
        "PAST_SPOT_" : "4623012010019",
        "MNTN_ID" : "462301201"
      },
      "geometry" : {
        "x" : 252545.815200001,
        "y" : 263850.1922999993
      }
    },
    {
      "attributes" : {
        "FID" : 19,
        "PMNTN_SPOT" : 50496,
        "MNTN_CODE" : "462301201",
        "MANAGE_SP1" : "02",
        "MANAGE_SP2" : "분기점",
        "DETAIL_SPO" : "분기점",
        "ETC_MATTER" : " ",
        "MNTN_NM" : "서산",
        "PAST_SPOT_" : "4623012010020",
        "MNTN_ID" : "462301201"
      },
      "geometry" : {
        "x" : 252615.49350000173,
        "y" : 263879.90230000019
      }
    },
    {
      "attributes" : {
        "FID" : 20,
        "PMNTN_SPOT" : 50497,
        "MNTN_CODE" : "462301201",
        "MANAGE_SP1" : "01",
        "MANAGE_SP2" : "시종점",
        "DETAIL_SPO" : "시종점",
        "ETC_MATTER" : " ",
        "MNTN_NM" : "서산",
        "PAST_SPOT_" : "4623012010021",
        "MNTN_ID" : "462301201"
      },
      "geometry" : {
        "x" : 252683.8610000005,
        "y" : 263896.6425000038
      }
    },
    {
      "attributes" : {
        "FID" : 21,
        "PMNTN_SPOT" : 50498,
        "MNTN_CODE" : "462301201",
        "MANAGE_SP1" : "02",
        "MANAGE_SP2" : "분기점",
        "DETAIL_SPO" : "분기점",
        "ETC_MATTER" : " ",
        "MNTN_NM" : "서산",
        "PAST_SPOT_" : "4623012010022",
        "MNTN_ID" : "462301201"
      },
      "geometry" : {
        "x" : 252689.84759999998,
        "y" : 263853.5446000006
      }
    },
    {
      "attributes" : {
        "FID" : 22,
        "PMNTN_SPOT" : 50499,
        "MNTN_CODE" : "462301201",
        "MANAGE_SP1" : "01",
        "MANAGE_SP2" : "시종점",
        "DETAIL_SPO" : "시종점",
        "ETC_MATTER" : " ",
        "MNTN_NM" : "서산",
        "PAST_SPOT_" : "4623012010023",
        "MNTN_ID" : "462301201"
      },
      "geometry" : {
        "x" : 252689.89940000139,
        "y" : 263882.9485000018
      }
    },
    {
      "attributes" : {
        "FID" : 23,
        "PMNTN_SPOT" : 50500,
        "MNTN_CODE" : "462301201",
        "MANAGE_SP1" : "01",
        "MANAGE_SP2" : "시종점",
        "DETAIL_SPO" : "시종점",
        "ETC_MATTER" : " ",
        "MNTN_NM" : "서산",
        "PAST_SPOT_" : "4623012010024",
        "MNTN_ID" : "462301201"
      },
      "geometry" : {
        "x" : 252753.63740000036,
        "y" : 263795.8228999991
      }
    },
    {
      "attributes" : {
        "FID" : 24,
        "PMNTN_SPOT" : 50501,
        "MNTN_CODE" : "462301201",
        "MANAGE_SP1" : "01",
        "MANAGE_SP2" : "시종점",
        "DETAIL_SPO" : "시종점",
        "ETC_MATTER" : " ",
        "MNTN_NM" : "서산",
        "PAST_SPOT_" : "4623012010025",
        "MNTN_ID" : "462301201"
      },
      "geometry" : {
        "x" : 252859.63590000011,
        "y" : 263385.50200000219
      }
    },
    {
      "attributes" : {
        "FID" : 25,
        "PMNTN_SPOT" : 50502,
        "MNTN_CODE" : "462301201",
        "MANAGE_SP1" : "07",
        "MANAGE_SP2" : "시설물(운동기구 등)",
        "DETAIL_SPO" : "체육시설",
        "ETC_MATTER" : " ",
        "MNTN_NM" : "서산",
        "PAST_SPOT_" : "4623012010026",
        "MNTN_ID" : "462301201"
      },
      "geometry" : {
        "x" : 252342.10929094162,
        "y" : 263924.51923822612
      }
    },
    {
      "attributes" : {
        "FID" : 26,
        "PMNTN_SPOT" : 50503,
        "MNTN_CODE" : "462301201",
        "MANAGE_SP1" : "07",
        "MANAGE_SP2" : "시설물(운동기구 등)",
        "DETAIL_SPO" : "체육시설",
        "ETC_MATTER" : " ",
        "MNTN_NM" : "서산",
        "PAST_SPOT_" : "4623012010027",
        "MNTN_ID" : "462301201"
      },
      "geometry" : {
        "x" : 252259.36530491151,
        "y" : 263985.32006774284
      }
    },
    {
      "attributes" : {
        "FID" : 27,
        "PMNTN_SPOT" : 50504,
        "MNTN_CODE" : "462301201",
        "MANAGE_SP1" : "10",
        "MANAGE_SP2" : "이정표",
        "DETAIL_SPO" : "이정표",
        "ETC_MATTER" : " ",
        "MNTN_NM" : "서산",
        "PAST_SPOT_" : "4623012010028",
        "MNTN_ID" : "462301201"
      },
      "geometry" : {
        "x" : 252247.93657755665,
        "y" : 263988.52011140063
      }
    },
    {
      "attributes" : {
        "FID" : 28,
        "PMNTN_SPOT" : 50505,
        "MNTN_CODE" : "462301201",
        "MANAGE_SP1" : "03",
        "MANAGE_SP2" : "정자",
        "DETAIL_SPO" : "정자",
        "ETC_MATTER" : " ",
        "MNTN_NM" : "서산",
        "PAST_SPOT_" : "4623012010029",
        "MNTN_ID" : "462301201"
      },
      "geometry" : {
        "x" : 252097.22975953575,
        "y" : 264060.69887392782
      }
    }
  ]
}