{
  "displayFieldName" : "",
  "fieldAliases" : {
    "FID" : "FID",
    "PMNTN_SN" : "PMNTN_SN",
    "MNTN_CODE" : "MNTN_CODE",
    "MNTN_NM" : "MNTN_NM",
    "PMNTN_NM" : "PMNTN_NM",
    "PMNTN_MAIN" : "PMNTN_MAIN",
    "PMNTN_LT" : "PMNTN_LT",
    "PMNTN_DFFL" : "PMNTN_DFFL",
    "PMNTN_UPPL" : "PMNTN_UPPL",
    "PMNTN_GODN" : "PMNTN_GODN",
    "PMNTN_MTRQ" : "PMNTN_MTRQ",
    "PMNTN_CNRL" : "PMNTN_CNRL",
    "PMNTN_CLS_" : "PMNTN_CLS_",
    "PMNTN_RISK" : "PMNTN_RISK",
    "PMNTN_RECO" : "PMNTN_RECO",
    "DATA_STDR_" : "DATA_STDR_",
    "MNTN_ID" : "MNTN_ID"
  },
  "geometryType" : "esriGeometryPolyline",
  "spatialReference" : {
    "wkt" : "PROJCS[\"PCS_ITRF2000_TM\",GEOGCS[\"GCS_ITRF_2000\",DATUM[\"D_ITRF_2000\",SPHEROID[\"GRS_1980\",6378137.0,298.257222101]],PRIMEM[\"Greenwich\",0.0],UNIT[\"Degree\",0.0174532925199433]],PROJECTION[\"Transverse_Mercator\"],PARAMETER[\"False_Easting\",200000.0],PARAMETER[\"False_Northing\",600000.0],PARAMETER[\"Central_Meridian\",127.0],PARAMETER[\"Scale_Factor\",1.0],PARAMETER[\"Latitude_Of_Origin\",38.0],UNIT[\"Meter\",1.0]]"
  },
  "fields" : [
    {
      "name" : "FID",
      "type" : "esriFieldTypeOID",
      "alias" : "FID"
    },
    {
      "name" : "PMNTN_SN",
      "type" : "esriFieldTypeDouble",
      "alias" : "PMNTN_SN"
    },
    {
      "name" : "MNTN_CODE",
      "type" : "esriFieldTypeString",
      "alias" : "MNTN_CODE",
      "length" : 9
    },
    {
      "name" : "MNTN_NM",
      "type" : "esriFieldTypeString",
      "alias" : "MNTN_NM",
      "length" : 50
    },
    {
      "name" : "PMNTN_NM",
      "type" : "esriFieldTypeString",
      "alias" : "PMNTN_NM",
      "length" : 50
    },
    {
      "name" : "PMNTN_MAIN",
      "type" : "esriFieldTypeString",
      "alias" : "PMNTN_MAIN",
      "length" : 200
    },
    {
      "name" : "PMNTN_LT",
      "type" : "esriFieldTypeSingle",
      "alias" : "PMNTN_LT"
    },
    {
      "name" : "PMNTN_DFFL",
      "type" : "esriFieldTypeString",
      "alias" : "PMNTN_DFFL",
      "length" : 8
    },
    {
      "name" : "PMNTN_UPPL",
      "type" : "esriFieldTypeDouble",
      "alias" : "PMNTN_UPPL"
    },
    {
      "name" : "PMNTN_GODN",
      "type" : "esriFieldTypeDouble",
      "alias" : "PMNTN_GODN"
    },
    {
      "name" : "PMNTN_MTRQ",
      "type" : "esriFieldTypeString",
      "alias" : "PMNTN_MTRQ",
      "length" : 200
    },
    {
      "name" : "PMNTN_CNRL",
      "type" : "esriFieldTypeString",
      "alias" : "PMNTN_CNRL",
      "length" : 1
    },
    {
      "name" : "PMNTN_CLS_",
      "type" : "esriFieldTypeString",
      "alias" : "PMNTN_CLS_",
      "length" : 1
    },
    {
      "name" : "PMNTN_RISK",
      "type" : "esriFieldTypeString",
      "alias" : "PMNTN_RISK",
      "length" : 200
    },
    {
      "name" : "PMNTN_RECO",
      "type" : "esriFieldTypeString",
      "alias" : "PMNTN_RECO",
      "length" : 1
    },
    {
      "name" : "DATA_STDR_",
      "type" : "esriFieldTypeString",
      "alias" : "DATA_STDR_",
      "length" : 10
    },
    {
      "name" : "MNTN_ID",
      "type" : "esriFieldTypeString",
      "alias" : "MNTN_ID",
      "length" : 10
    }
  ],
  "features" : [
    {
      "attributes" : {
        "FID" : 0,
        "PMNTN_SN" : 2456,
        "MNTN_CODE" : "478500301",
        "MNTN_NM" : "경마산",
        "PMNTN_NM" : "성곡리구간",
        "PMNTN_MAIN" : " ",
        "PMNTN_LT" : 0.81,
        "PMNTN_DFFL" : "쉬움",
        "PMNTN_UPPL" : 14,
        "PMNTN_GODN" : 10,
        "PMNTN_MTRQ" : " ",
        "PMNTN_CNRL" : " ",
        "PMNTN_CLS_" : " ",
        "PMNTN_RISK" : " ",
        "PMNTN_RECO" : " ",
        "DATA_STDR_" : "2016-12-31",
        "MNTN_ID" : "478500301"
      },
      "geometry" : {
        "paths" : [
          [
            [
              327027.73020000476,
              386848.625
            ],
            [
              327042.22750000563,
              386846.74850000069
            ],
            [
              327068.31870000437,
              386851.09699999914
            ],
            [
              327111.80390000157,
              386877.18820000067
            ],
            [
              327150.94070000388,
              386895.66940000094
            ],
            [
              327168.87840000633,
              386901.10510000028
            ],
            [
              327195.51310000382,
              386908.71500000358
            ],
            [
              327209.64580000471,
              386910.34569999948
            ],
            [
              327223.77849999908,
              386907.62790000252
            ],
            [
              327234.6498000063,
              386900.01799999923
            ],
            [
              327256.93600000255,
              386890.23380000331
            ],
            [
              327269.43800000381,
              386883.16740000248
            ],
            [
              327279.76580000482,
              386874.47039999999
            ],
            [
              327290.63710000459,
              386870.12189999968
            ],
            [
              327298.79060000461,
              386871.20900000073
            ],
            [
              327305.85690000653,
              386877.18820000067
            ],
            [
              327312.37970000412,
              386883.7109999992
            ],
            [
              327335.20950000454,
              386891.86449999921
            ],
            [
              327350.97290000506,
              386894.58230000176
            ],
            [
              327359.12640000507,
              386894.58230000176
            ],
            [
              327369.99770000484,
              386900.01799999923
            ],
            [
              327377.06410000473,
              386903.82290000096
            ],
            [
              327395.00170000549,
              386903.82290000096
            ],
            [
              327405.87300000526,
              386901.10510000028
            ],
            [
              327413.48300000466,
              386897.3001000043
            ],
            [
              327423.81070000492,
              386889.69020000473
            ],
            [
              327433.59490000457,
              386880.44959999993
            ],
            [
              327442.8355000047,
              386866.86050000042
            ],
            [
              327453.7068000026,
              386854.35840000398
            ],
            [
              327466.20890000742,
              386843.48710000142
            ],
            [
              327480.88510000426,
              386826.09300000034
            ],
            [
              327486.32080000453,
              386809.24250000343
            ],
            [
              327490.12570000254,
              386803.26330000162
            ],
            [
              327497.19210000429,
              386798.91469999962
            ],
            [
              327520.56540000346,
              386799.45830000006
            ],
            [
              327544.48230000585,
              386809.24250000343
            ],
            [
              327574.3784000054,
              386816.85240000114
            ],
            [
              327583.88100000471,
              386820.15310000256
            ],
            [
              327591.55000000354,
              386836.6827000007
            ],
            [
              327596.66460000258,
              386845.11779999919
            ],
            [
              327603.46910000499,
              386846.93170000426
            ],
            [
              327611.34090000298,
              386844.81650000066
            ],
            [
              327617.3318000054,
              386844.5783000011
            ],
            [
              327620.50280000456,
              386852.32799999975
            ],
            [
              327623.1162000047,
              386861.96839999966
            ],
            [
              327621.43660000432,
              386871.31489999965
            ],
            [
              327619.04930000473,
              386883.59290000051
            ],
            [
              327614.60230000596,
              386898.38730000332
            ],
            [
              327604.05200000294,
              386917.51049999893
            ],
            [
              327600.28650000785,
              386928.02150000259
            ],
            [
              327595.57750000432,
              386954.91810000129
            ]
          ]
        ]
      }
    },
    {
      "attributes" : {
        "FID" : 1,
        "PMNTN_SN" : 2457,
        "MNTN_CODE" : "478500301",
        "MNTN_NM" : "경마산",
        "PMNTN_NM" : "중리구간",
        "PMNTN_MAIN" : " ",
        "PMNTN_LT" : 0.22,
        "PMNTN_DFFL" : "쉬움",
        "PMNTN_UPPL" : 4,
        "PMNTN_GODN" : 3,
        "PMNTN_MTRQ" : " ",
        "PMNTN_CNRL" : " ",
        "PMNTN_CLS_" : " ",
        "PMNTN_RISK" : " ",
        "PMNTN_RECO" : " ",
        "DATA_STDR_" : "2016-12-31",
        "MNTN_ID" : "478500301"
      },
      "geometry" : {
        "paths" : [
          [
            [
              327027.73020000476,
              386848.625
            ],
            [
              327029.18190000392,
              386877.18820000067
            ],
            [
              327030.26910000574,
              386916.32490000129
            ],
            [
              327019.94130000379,
              386979.37860000134
            ],
            [
              327012.87500000559,
              387010.90540000424
            ],
            [
              327011.78780000377,
              387023.95099999942
            ],
            [
              326975.36890000664,
              387039.17080000043
            ]
          ]
        ]
      }
    },
    {
      "attributes" : {
        "FID" : 2,
        "PMNTN_SN" : 2458,
        "MNTN_CODE" : "478500301",
        "MNTN_NM" : "경마산",
        "PMNTN_NM" : " ",
        "PMNTN_MAIN" : " ",
        "PMNTN_LT" : 0.68,
        "PMNTN_DFFL" : "쉬움",
        "PMNTN_UPPL" : 12,
        "PMNTN_GODN" : 8,
        "PMNTN_MTRQ" : " ",
        "PMNTN_CNRL" : " ",
        "PMNTN_CLS_" : " ",
        "PMNTN_RISK" : " ",
        "PMNTN_RECO" : " ",
        "DATA_STDR_" : "2016-12-31",
        "MNTN_ID" : "478500301"
      },
      "geometry" : {
        "paths" : [
          [
            [
              326411.69120016228,
              386965.24589991756
            ],
            [
              326430.17240000516,
              386964.70229999907
            ],
            [
              326455.72000000533,
              386961.44089999981
            ],
            [
              326480.72400000319,
              386952.20030000061
            ],
            [
              326504.64090000466,
              386950.02600000054
            ],
            [
              326517.68650000263,
              386947.8518000003
            ],
            [
              326529.1014000047,
              386942.4160999991
            ],
            [
              326539.97270000447,
              386919.58630000055
            ],
            [
              326550.8440000033,
              386892.95160000026
            ],
            [
              326564.97670000512,
              386880.44959999993
            ],
            [
              326586.17580000311,
              386874.47039999999
            ],
            [
              326606.83130000532,
              386871.75249999948
            ],
            [
              326625.8561000051,
              386871.75249999948
            ],
            [
              326639.44530000258,
              386873.38320000097
            ],
            [
              326662.27500000503,
              386880.99320000224
            ],
            [
              326676.40770000592,
              386882.62390000001
            ],
            [
              326694.88900000509,
              386882.62390000001
            ],
            [
              326713.91380000487,
              386878.81890000403
            ],
            [
              326736.74350000359,
              386870.12189999968
            ],
            [
              326761.20399999991,
              386854.9020000007
            ],
            [
              326786.20800000522,
              386839.13860000111
            ],
            [
              326802.51500000525,
              386831.52869999968
            ],
            [
              326824.25760000385,
              386820.65740000084
            ],
            [
              326841.651700004,
              386821.20089999959
            ],
            [
              326863.39440000523,
              386821.74450000189
            ],
            [
              326922.64300000388,
              386827.7237000037
            ],
            [
              326957.97480000369,
              386830.44150000066
            ],
            [
              327001.46010000352,
              386838.59500000067
            ],
            [
              327027.73020000476,
              386848.625
            ]
          ]
        ]
      }
    },
    {
      "attributes" : {
        "FID" : 3,
        "PMNTN_SN" : 2459,
        "MNTN_CODE" : "478500301",
        "MNTN_NM" : "경마산",
        "PMNTN_NM" : "남율리구간",
        "PMNTN_MAIN" : " ",
        "PMNTN_LT" : 0.23,
        "PMNTN_DFFL" : "쉬움",
        "PMNTN_UPPL" : 4,
        "PMNTN_GODN" : 3,
        "PMNTN_MTRQ" : " ",
        "PMNTN_CNRL" : " ",
        "PMNTN_CLS_" : " ",
        "PMNTN_RISK" : " ",
        "PMNTN_RECO" : " ",
        "DATA_STDR_" : "2016-12-31",
        "MNTN_ID" : "478500301"
      },
      "geometry" : {
        "paths" : [
          [
            [
              325848.73450000677,
              387036.19610000215
            ],
            [
              325856.71050000377,
              387050.5856999997
            ],
            [
              325852.36200000439,
              387068.52340000123
            ],
            [
              325850.7313000029,
              387082.11250000075
            ],
            [
              325850.7313000029,
              387092.98379999958
            ],
            [
              325853.99270000588,
              387102.22450000234
            ],
            [
              325857.25410000328,
              387112.00860000029
            ],
            [
              325857.79760000389,
              387128.85920000263
            ],
            [
              325851.27480000351,
              387151.14540000446
            ],
            [
              325843.12140000239,
              387175.60580000095
            ],
            [
              325838.77280000411,
              387194.63060000166
            ],
            [
              325838.77280000597,
              387208.76340000145
            ],
            [
              325834.42430000473,
              387222.89610000327
            ],
            [
              325831.16290000547,
              387229.41890000179
            ],
            [
              325817.57380000874,
              387234.8545000013
            ],
            [
              325804.52820000332,
              387238.659500001
            ]
          ]
        ]
      }
    },
    {
      "attributes" : {
        "FID" : 4,
        "PMNTN_SN" : 2460,
        "MNTN_CODE" : "478500301",
        "MNTN_NM" : "경마산",
        "PMNTN_NM" : "남율리구간",
        "PMNTN_MAIN" : "신천지우방정문~헬기장~전망대~중리 대정마을",
        "PMNTN_LT" : 0.33,
        "PMNTN_DFFL" : "쉬움",
        "PMNTN_UPPL" : 6,
        "PMNTN_GODN" : 4,
        "PMNTN_MTRQ" : " ",
        "PMNTN_CNRL" : " ",
        "PMNTN_CLS_" : " ",
        "PMNTN_RISK" : " ",
        "PMNTN_RECO" : " ",
        "DATA_STDR_" : "2016-12-31",
        "MNTN_ID" : "478500301"
      },
      "geometry" : {
        "paths" : [
          [
            [
              325572.23670000397,
              387133.12230000086
            ],
            [
              325598.7599000046,
              387132.5241000019
            ],
            [
              325603.36420000531,
              387132.83820000105
            ],
            [
              325607.29370000586,
              387132.19860000163
            ],
            [
              325610.12590000406,
              387131.32790000178
            ],
            [
              325613.22250000387,
              387130.10400000028
            ],
            [
              325620.96430000849,
              387126.27649999969
            ],
            [
              325623.86030000262,
              387124.62130000815
            ],
            [
              325628.75930000283,
              387121.04940000176
            ],
            [
              325631.90130000468,
              387119.63340000249
            ],
            [
              325635.29600000288,
              387119.25339999981
            ],
            [
              325644.77230000403,
              387120.30820000172
            ],
            [
              325649.88730000239,
              387120.03550000116
            ],
            [
              325653.99620000273,
              387119.31720000133
            ],
            [
              325666.74000000302,
              387116.07510000095
            ],
            [
              325670.93080000579,
              387115.15030000359
            ],
            [
              325674.54750000313,
              387114.59050000086
            ],
            [
              325677.87410000246,
              387114.345900001
            ],
            [
              325681.78200000525,
              387114.25029999949
            ],
            [
              325685.42490000464,
              387114.55059999973
            ],
            [
              325690.9774000058,
              387115.75780000165
            ],
            [
              325705.17300000507,
              387118.28850000165
            ],
            [
              325709.0073000025,
              387119.33610000089
            ],
            [
              325712.31420000549,
              387120.62300000153
            ],
            [
              325715.75360000413,
              387122.44460000284
            ],
            [
              325718.8460000027,
              387123.21199999936
            ],
            [
              325722.51400000695,
              387123.07500000484
            ],
            [
              325725.80290000234,
              387121.92270000093
            ],
            [
              325728.60270000342,
              387121.30160000734
            ],
            [
              325732.43850000575,
              387121.93450000137
            ],
            [
              325735.18030000385,
              387123.32130000181
            ],
            [
              325741.86520000547,
              387127.59210000001
            ],
            [
              325746.7155000018,
              387129.36800000072
            ],
            [
              325752.2031000033,
              387129.15320000425
            ],
            [
              325756.91370000225,
              387127.74239999987
            ],
            [
              325760.26240000408,
              387125.7416999992
            ],
            [
              325762.62860000599,
              387123.77009999938
            ],
            [
              325765.7590000052,
              387120.77270000242
            ],
            [
              325767.96390000544,
              387118.41240000166
            ],
            [
              325770.67680000421,
              387115.11250000261
            ],
            [
              325772.27950000484,
              387112.6443000026
            ],
            [
              325775.50200000219,
              387106.25290000252
            ],
            [
              325777.59040000476,
              387103.35580000095
            ],
            [
              325780.08120000549,
              387101.73089999892
            ],
            [
              325785.50070000719,
              387100.02170000412
            ],
            [
              325788.38580000494,
              387098.69189999998
            ],
            [
              325791.25530000404,
              387097.02850000001
            ],
            [
              325794.13010000251,
              387095.01970000379
            ],
            [
              325797.04710000567,
              387092.63979999907
            ],
            [
              325799.87790000532,
              387090.02300000191
            ],
            [
              325802.89200000558,
              387086.94780000113
            ],
            [
              325811.22250000481,
              387077.57400000095
            ],
            [
              325816.11270000413,
              387071.75590000115
            ],
            [
              325819.73130000476,
              387066.79069999978
            ],
            [
              325823.82280000579,
              387059.92270000279
            ],
            [
              325826.47100000549,
              387054.41920000128
            ],
            [
              325828.65040000621,
              387050.55770000257
            ],
            [
              325830.40120000485,
              387048.16999999993
            ],
            [
              325832.51720000152,
              387046.10220000148
            ],
            [
              325835.3488000026,
              387043.92769999988
            ],
            [
              325841.83190000523,
              387040.35490000062
            ],
            [
              325846.11760000512,
              387037.34439999983
            ],
            [
              325848.73450000677,
              387036.19610000215
            ]
          ]
        ]
      }
    },
    {
      "attributes" : {
        "FID" : 5,
        "PMNTN_SN" : 2461,
        "MNTN_CODE" : "478500301",
        "MNTN_NM" : "경마산",
        "PMNTN_NM" : "남율리구간",
        "PMNTN_MAIN" : " ",
        "PMNTN_LT" : 0.28,
        "PMNTN_DFFL" : "쉬움",
        "PMNTN_UPPL" : 5,
        "PMNTN_GODN" : 3,
        "PMNTN_MTRQ" : " ",
        "PMNTN_CNRL" : " ",
        "PMNTN_CLS_" : " ",
        "PMNTN_RISK" : " ",
        "PMNTN_RECO" : " ",
        "DATA_STDR_" : "2016-12-31",
        "MNTN_ID" : "478500301"
      },
      "geometry" : {
        "paths" : [
          [
            [
              325416.40570000559,
              387369.26570000127
            ],
            [
              325413.77360000275,
              387370.30110000074
            ],
            [
              325410.26490000356,
              387371.97260000184
            ],
            [
              325406.75170000549,
              387376.69989999942
            ],
            [
              325406.34050000459,
              387383.07970000058
            ],
            [
              325402.18190000579,
              387388.87920000218
            ],
            [
              325400.329800006,
              387392.84789999947
            ],
            [
              325399.80060000438,
              387396.55210000277
            ],
            [
              325399.5361000048,
              387402.63749999925
            ],
            [
              325402.18190000579,
              387406.87089999951
            ],
            [
              325406.6798000047,
              387416.66050000302
            ],
            [
              325409.59030000307,
              387425.12710000016
            ],
            [
              325409.85480000265,
              387434.91669999994
            ],
            [
              325409.85480000265,
              387443.38340000063
            ],
            [
              325413.8236000035,
              387447.61680000089
            ],
            [
              325417.79240000527,
              387450.26260000095
            ],
            [
              325420.70280000474,
              387456.61260000058
            ],
            [
              325422.5549000036,
              387468.51890000142
            ],
            [
              325428.11110000312,
              387486.7752000019
            ],
            [
              325426.78820000496,
              387506.08980000205
            ],
            [
              325425.20070000179,
              387516.93769999966
            ],
            [
              325425.20070000365,
              387527.25650000013
            ],
            [
              325429.43400000501,
              387535.72320000269
            ],
            [
              325432.87360000331,
              387543.66070000082
            ],
            [
              325430.49240000546,
              387550.539900003
            ],
            [
              325426.25900000613,
              387559.80030000024
            ],
            [
              325415.4111000048,
              387578.05660000071
            ],
            [
              325407.73820000328,
              387589.69830000401
            ],
            [
              325394.77359999996,
              387605.04419999942
            ],
            [
              325384.07680000179,
              387619.85400000401
            ]
          ]
        ]
      }
    },
    {
      "attributes" : {
        "FID" : 6,
        "PMNTN_SN" : 2462,
        "MNTN_CODE" : "478500301",
        "MNTN_NM" : "경마산",
        "PMNTN_NM" : "남율리구간",
        "PMNTN_MAIN" : " ",
        "PMNTN_LT" : 0.18,
        "PMNTN_DFFL" : "쉬움",
        "PMNTN_UPPL" : 3,
        "PMNTN_GODN" : 2,
        "PMNTN_MTRQ" : " ",
        "PMNTN_CNRL" : " ",
        "PMNTN_CLS_" : " ",
        "PMNTN_RISK" : " ",
        "PMNTN_RECO" : " ",
        "DATA_STDR_" : "2016-12-31",
        "MNTN_ID" : "478500301"
      },
      "geometry" : {
        "paths" : [
          [
            [
              325250.51810000371,
              387553.2479000017
            ],
            [
              325262.95170000289,
              387559.83040000312
            ],
            [
              325276.84810000565,
              387558.36760000139
            ],
            [
              325293.67000000365,
              387556.90479999967
            ],
            [
              325303.17800000403,
              387554.71059999987
            ],
            [
              325310.49190000538,
              387553.97929999977
            ],
            [
              325323.65680000186,
              387559.83040000312
            ],
            [
              325337.55320000648,
              387564.21869999915
            ],
            [
              325360.22620000411,
              387570.0698000025
            ],
            [
              325377.04810000397,
              387578.11500000022
            ],
            [
              325384.36190000456,
              387592.01140000112
            ],
            [
              325384.07680000179,
              387619.85400000401
            ]
          ]
        ]
      }
    },
    {
      "attributes" : {
        "FID" : 7,
        "PMNTN_SN" : 2463,
        "MNTN_CODE" : "478500301",
        "MNTN_NM" : "경마산",
        "PMNTN_NM" : "남율리구간",
        "PMNTN_MAIN" : " ",
        "PMNTN_LT" : 0.59,
        "PMNTN_DFFL" : "쉬움",
        "PMNTN_UPPL" : 10,
        "PMNTN_GODN" : 7,
        "PMNTN_MTRQ" : " ",
        "PMNTN_CNRL" : " ",
        "PMNTN_CLS_" : " ",
        "PMNTN_RISK" : " ",
        "PMNTN_RECO" : " ",
        "DATA_STDR_" : "2016-12-31",
        "MNTN_ID" : "478500301"
      },
      "geometry" : {
        "paths" : [
          [
            [
              325384.07680000179,
              387619.85400000401
            ],
            [
              325377.31100000348,
              387635.47130000219
            ],
            [
              325376.25270000566,
              387651.08180000074
            ],
            [
              325380.75060000364,
              387673.30680000037
            ],
            [
              325384.1902000038,
              387681.50890000351
            ],
            [
              325379.69230000582,
              387692.62140000053
            ],
            [
              325382.33810000401,
              387706.6444000043
            ],
            [
              325385.51310000569,
              387718.815200001
            ],
            [
              325397.94860000163,
              387731.77980000153
            ],
            [
              325404.29860000312,
              387738.12989999913
            ],
            [
              325416.204800006,
              387745.27360000275
            ],
            [
              325428.11110000499,
              387762.73619999737
            ],
            [
              325433.13820000365,
              387777.55290000327
            ],
            [
              325440.54660000373,
              387790.51750000007
            ],
            [
              325442.66320000403,
              387809.83209999837
            ],
            [
              325445.30910000578,
              387817.76960000396
            ],
            [
              325450.33620000258,
              387823.85499999858
            ],
            [
              325461.44870000426,
              387831.79250000417
            ],
            [
              325472.82580000442,
              387840.25920000114
            ],
            [
              325481.55710000359,
              387844.49260000139
            ],
            [
              325490.81750000548,
              387846.08010000177
            ],
            [
              325506.69250000361,
              387848.99049999937
            ],
            [
              325522.83210000396,
              387852.69470000267
            ],
            [
              325532.09260000475,
              387854.28219999932
            ],
            [
              325543.46970000491,
              387856.39880000241
            ],
            [
              325556.43430000357,
              387859.57379999943
            ],
            [
              325566.22390000429,
              387863.54260000214
            ],
            [
              325574.95520000439,
              387866.1884000022
            ],
            [
              325583.15730000474,
              387866.1884000022
            ],
            [
              325592.15310000442,
              387863.54260000214
            ],
            [
              325602.20730000362,
              387859.30929999985
            ],
            [
              325619.66980000492,
              387854.81130000204
            ],
            [
              325631.31150000542,
              387852.69470000267
            ],
            [
              325645.59910000488,
              387855.86969999969
            ],
            [
              325654.85950000491,
              387853.22380000167
            ],
            [
              325664.11990000308,
              387852.95930000208
            ],
            [
              325680.25950000342,
              387857.72179999948
            ],
            [
              325687.40330000222,
              387860.63220000267
            ],
            [
              325699.83870000392,
              387861.95510000177
            ],
            [
              325710.42210000288,
              387861.95510000177
            ],
            [
              325717.83050000481,
              387860.10300000198
            ],
            [
              325722.593000005,
              387858.78009999916
            ],
            [
              325732.64710000623,
              387856.66340000182
            ],
            [
              325740.58470000234,
              387855.60510000214
            ],
            [
              325751.16800000425,
              387856.39880000241
            ],
            [
              325769.688900006,
              387859.57379999943
            ],
            [
              325792.44310000539,
              387864.33640000224
            ]
          ]
        ]
      }
    },
    {
      "attributes" : {
        "FID" : 8,
        "PMNTN_SN" : 2464,
        "MNTN_CODE" : "478500301",
        "MNTN_NM" : "경마산",
        "PMNTN_NM" : " ",
        "PMNTN_MAIN" : " ",
        "PMNTN_LT" : 0.35,
        "PMNTN_DFFL" : "중간",
        "PMNTN_UPPL" : 7,
        "PMNTN_GODN" : 5,
        "PMNTN_MTRQ" : " ",
        "PMNTN_CNRL" : " ",
        "PMNTN_CLS_" : " ",
        "PMNTN_RISK" : " ",
        "PMNTN_RECO" : " ",
        "DATA_STDR_" : "2016-12-31",
        "MNTN_ID" : "478500301"
      },
      "geometry" : {
        "paths" : [
          [
            [
              326411.69120016228,
              386965.24589991756
            ],
            [
              326414.25167909823,
              386986.27413947321
            ],
            [
              326412.20027264114,
              386996.12089047581
            ],
            [
              326408.91802230384,
              387001.04426598176
            ],
            [
              326405.63577196933,
              387008.01904794201
            ],
            [
              326403.58436551038,
              387013.76298603229
            ],
            [
              326401.53295904957,
              387020.3274867069
            ],
            [
              326400.30211517122,
              387026.07142479159
            ],
            [
              326400.30211517122,
              387033.86676933989
            ],
            [
              326400.71239646524,
              387039.61070742644
            ],
            [
              326401.5329590477,
              387046.58548939601
            ],
            [
              326404.40492809284,
              387054.38083394058
            ],
            [
              326406.0460532615,
              387063.81730365381
            ],
            [
              326410.96942876466,
              387072.84349208139
            ],
            [
              326415.07224168442,
              387076.53602370806
            ],
            [
              326418.76477331202,
              387079.81827404536
            ],
            [
              326423.68814881518,
              387087.20333729871
            ],
            [
              326424.50871140137,
              387095.81924443319
            ],
            [
              326423.27786752488,
              387100.33233864419
            ],
            [
              326419.99561718851,
              387103.20430768654
            ],
            [
              326417.53392943554,
              387102.79402639717
            ],
            [
              326411.78999134526,
              387098.69121347554
            ],
            [
              326409.3283035988,
              387097.87065089121
            ],
            [
              326402.76380292419,
              387101.15290122852
            ],
            [
              326398.25070871226,
              387109.35852706805
            ],
            [
              326400.30211517587,
              387115.10246515833
            ],
            [
              326403.17408421636,
              387120.02584065869
            ],
            [
              326403.99464680068,
              387125.76977874897
            ],
            [
              326402.35352163203,
              387131.1034355443
            ],
            [
              326392.09648933262,
              387147.10440593213
            ],
            [
              326386.3525512442,
              387160.23340727389
            ],
            [
              326385.53198865987,
              387174.18297120742
            ],
            [
              326387.99367641285,
              387185.67084737867
            ],
            [
              326385.12170736771,
              387200.85125518218
            ],
            [
              326378.55720669497,
              387215.62138169445
            ],
            [
              326372.81326860934,
              387236.54572758824
            ],
            [
              326375.68523765262,
              387251.72613539174
            ],
            [
              326376.09551894199,
              387274.70188774355
            ]
          ]
        ]
      }
    },
    {
      "attributes" : {
        "FID" : 9,
        "PMNTN_SN" : 2465,
        "MNTN_CODE" : "478500301",
        "MNTN_NM" : "경마산",
        "PMNTN_NM" : " ",
        "PMNTN_MAIN" : " ",
        "PMNTN_LT" : 0.67,
        "PMNTN_DFFL" : "쉬움",
        "PMNTN_UPPL" : 12,
        "PMNTN_GODN" : 8,
        "PMNTN_MTRQ" : " ",
        "PMNTN_CNRL" : " ",
        "PMNTN_CLS_" : " ",
        "PMNTN_RISK" : " ",
        "PMNTN_RECO" : " ",
        "DATA_STDR_" : "2016-12-31",
        "MNTN_ID" : "478500301"
      },
      "geometry" : {
        "paths" : [
          [
            [
              325848.73450000677,
              387036.19610000215
            ],
            [
              325850.91950000823,
              387034.32370000146
            ],
            [
              325855.39530000184,
              387027.44720000029
            ],
            [
              325858.042600004,
              387023.10219999962
            ],
            [
              325861.98830000591,
              387018.14809999987
            ],
            [
              325866.49850000441,
              387013.38760000095
            ],
            [
              325872.05500000156,
              387008.46560000256
            ],
            [
              325880.29930000193,
              387002.18999999948
            ],
            [
              325887.19680000283,
              386996.39760000259
            ],
            [
              325889.70550000574,
              386994.51830000058
            ],
            [
              325892.59929999989,
              386992.91520000063
            ],
            [
              325896.38100000285,
              386992.07440000214
            ],
            [
              325902.71400000155,
              386992.80370000377
            ],
            [
              325907.15850000456,
              386992.08040000126
            ],
            [
              325914.65760000609,
              386987.38440000452
            ],
            [
              325918.08860000502,
              386986.05599999987
            ],
            [
              325924.18940000422,
              386986.54270000197
            ],
            [
              325929.21380000468,
              386986.45859999955
            ],
            [
              325934.05140000302,
              386985.77120000124
            ],
            [
              325938.49080000352,
              386984.51149999909
            ],
            [
              325942.41390000284,
              386982.71450000443
            ],
            [
              325945.53960000537,
              386980.61330000125
            ],
            [
              325950.38840000425,
              386975.00280000269
            ],
            [
              325954.75970000587,
              386972.74200000241
            ],
            [
              325959.00640000589,
              386971.85280000232
            ],
            [
              325962.29680000711,
              386971.68490000255
            ],
            [
              325966.02070000488,
              386971.81870000251
            ],
            [
              325970.1827000007,
              386972.24460000172
            ],
            [
              325975.54110000562,
              386973.04060000181
            ],
            [
              325979.44060000405,
              386973.9550999999
            ],
            [
              325983.41630000435,
              386975.46400000714
            ],
            [
              325987.48890000582,
              386977.57489999942
            ],
            [
              325991.69710000418,
              386980.3076000046
            ],
            [
              325995.89940000419,
              386983.53510000184
            ],
            [
              326000.39360000379,
              386987.45370000228
            ],
            [
              326005.15570000745,
              386992.00870000012
            ],
            [
              326012.15940000024,
              386999.09139999934
            ],
            [
              326017.90960000362,
              387004.94600000046
            ],
            [
              326021.36430000514,
              387008.81919999979
            ],
            [
              326024.19890000578,
              387012.58260000125
            ],
            [
              326026.35050000437,
              387016.22250000015
            ],
            [
              326028.96590000577,
              387022.34710000083
            ],
            [
              326031.70260000415,
              387027.10759999976
            ],
            [
              326034.09880000353,
              387032.19430000149
            ],
            [
              326040.97930000629,
              387043.51930000074
            ],
            [
              326043.15360000543,
              387053.84710000455
            ],
            [
              326046.9585000053,
              387060.36990000121
            ],
            [
              326054.56850000471,
              387068.52340000123
            ],
            [
              326062.17840000335,
              387070.69760000147
            ],
            [
              326076.85460000206,
              387073.95900000073
            ],
            [
              326087.72600000352,
              387074.50259999931
            ],
            [
              326097.51010000426,
              387073.95900000073
            ],
            [
              326123.05770000163,
              387059.82630000077
            ],
            [
              326157.30240000132,
              387034.27869999968
            ],
            [
              326174.15290000197,
              387026.12519999966
            ],
            [
              326181.21930000186,
              387021.77670000121
            ],
            [
              326199.70050000213,
              387006.5569000002
            ],
            [
              326213.83320000395,
              386994.05489999987
            ],
            [
              326223.07390000205,
              386989.16279999912
            ],
            [
              326229.05310000386,
              386990.2499000039
            ],
            [
              326243.72940000147,
              386997.85980000161
            ],
            [
              326261.12350000441,
              387003.83899999969
            ],
            [
              326269.27690000273,
              387004.92620000243
            ],
            [
              326280.14830000419,
              387002.75190000422
            ],
            [
              326295.91170000192,
              386993.51129999943
            ],
            [
              326312.76220000535,
              386986.98850000091
            ],
            [
              326331.78700000234,
              386979.37860000134
            ],
            [
              326344.83260000776,
              386975.57360000163
            ],
            [
              326366.03170000482,
              386971.22510000132
            ],
            [
              326376.35940000229,
              386968.50730000064
            ],
            [
              326389.9486000035,
              386964.70230000466
            ],
            [
              326401.90700000245,
              386963.61519999988
            ],
            [
              326411.69120016228,
              386965.24589991756
            ]
          ]
        ]
      }
    }
  ]
}