{
  "displayFieldName" : "",
  "fieldAliases" : {
    "FID" : "FID",
    "PMNTN_SN" : "PMNTN_SN",
    "MNTN_CODE" : "MNTN_CODE",
    "MNTN_NM" : "MNTN_NM",
    "PMNTN_NM" : "PMNTN_NM",
    "PMNTN_MAIN" : "PMNTN_MAIN",
    "PMNTN_LT" : "PMNTN_LT",
    "PMNTN_DFFL" : "PMNTN_DFFL",
    "PMNTN_UPPL" : "PMNTN_UPPL",
    "PMNTN_GODN" : "PMNTN_GODN",
    "PMNTN_MTRQ" : "PMNTN_MTRQ",
    "PMNTN_CNRL" : "PMNTN_CNRL",
    "PMNTN_CLS_" : "PMNTN_CLS_",
    "PMNTN_RISK" : "PMNTN_RISK",
    "PMNTN_RECO" : "PMNTN_RECO",
    "DATA_STDR_" : "DATA_STDR_",
    "MNTN_ID" : "MNTN_ID"
  },
  "geometryType" : "esriGeometryPolyline",
  "spatialReference" : {
    "wkt" : "PROJCS[\"PCS_ITRF2000_TM\",GEOGCS[\"GCS_ITRF_2000\",DATUM[\"D_ITRF_2000\",SPHEROID[\"GRS_1980\",6378137.0,298.257222101]],PRIMEM[\"Greenwich\",0.0],UNIT[\"Degree\",0.0174532925199433]],PROJECTION[\"Transverse_Mercator\"],PARAMETER[\"False_Easting\",200000.0],PARAMETER[\"False_Northing\",600000.0],PARAMETER[\"Central_Meridian\",127.0],PARAMETER[\"Scale_Factor\",1.0],PARAMETER[\"Latitude_Of_Origin\",38.0],UNIT[\"Meter\",1.0]]"
  },
  "fields" : [
    {
      "name" : "FID",
      "type" : "esriFieldTypeOID",
      "alias" : "FID"
    },
    {
      "name" : "PMNTN_SN",
      "type" : "esriFieldTypeDouble",
      "alias" : "PMNTN_SN"
    },
    {
      "name" : "MNTN_CODE",
      "type" : "esriFieldTypeString",
      "alias" : "MNTN_CODE",
      "length" : 9
    },
    {
      "name" : "MNTN_NM",
      "type" : "esriFieldTypeString",
      "alias" : "MNTN_NM",
      "length" : 50
    },
    {
      "name" : "PMNTN_NM",
      "type" : "esriFieldTypeString",
      "alias" : "PMNTN_NM",
      "length" : 50
    },
    {
      "name" : "PMNTN_MAIN",
      "type" : "esriFieldTypeString",
      "alias" : "PMNTN_MAIN",
      "length" : 200
    },
    {
      "name" : "PMNTN_LT",
      "type" : "esriFieldTypeSingle",
      "alias" : "PMNTN_LT"
    },
    {
      "name" : "PMNTN_DFFL",
      "type" : "esriFieldTypeString",
      "alias" : "PMNTN_DFFL",
      "length" : 8
    },
    {
      "name" : "PMNTN_UPPL",
      "type" : "esriFieldTypeDouble",
      "alias" : "PMNTN_UPPL"
    },
    {
      "name" : "PMNTN_GODN",
      "type" : "esriFieldTypeDouble",
      "alias" : "PMNTN_GODN"
    },
    {
      "name" : "PMNTN_MTRQ",
      "type" : "esriFieldTypeString",
      "alias" : "PMNTN_MTRQ",
      "length" : 200
    },
    {
      "name" : "PMNTN_CNRL",
      "type" : "esriFieldTypeString",
      "alias" : "PMNTN_CNRL",
      "length" : 1
    },
    {
      "name" : "PMNTN_CLS_",
      "type" : "esriFieldTypeString",
      "alias" : "PMNTN_CLS_",
      "length" : 1
    },
    {
      "name" : "PMNTN_RISK",
      "type" : "esriFieldTypeString",
      "alias" : "PMNTN_RISK",
      "length" : 200
    },
    {
      "name" : "PMNTN_RECO",
      "type" : "esriFieldTypeString",
      "alias" : "PMNTN_RECO",
      "length" : 1
    },
    {
      "name" : "DATA_STDR_",
      "type" : "esriFieldTypeString",
      "alias" : "DATA_STDR_",
      "length" : 10
    },
    {
      "name" : "MNTN_ID",
      "type" : "esriFieldTypeString",
      "alias" : "MNTN_ID",
      "length" : 10
    }
  ],
  "features" : [
    {
      "attributes" : {
        "FID" : 0,
        "PMNTN_SN" : 29171,
        "MNTN_CODE" : "488907001",
        "MNTN_NM" : "산성산",
        "PMNTN_NM" : "학리구간",
        "PMNTN_MAIN" : "쌍백 외초 ~ 산성산정상",
        "PMNTN_LT" : 1.73,
        "PMNTN_DFFL" : "쉬움",
        "PMNTN_UPPL" : 31,
        "PMNTN_GODN" : 21,
        "PMNTN_MTRQ" : " ",
        "PMNTN_CNRL" : " ",
        "PMNTN_CLS_" : " ",
        "PMNTN_RISK" : " ",
        "PMNTN_RECO" : " ",
        "DATA_STDR_" : "2016-12-31",
        "MNTN_ID" : "488903601"
      },
      "geometry" : {
        "paths" : [
          [
            [
              300867.8852000013,
              311465.12470000237
            ],
            [
              300874.45480000135,
              311474.97900000215
            ],
            [
              300882.25620000064,
              311497.15140000172
            ],
            [
              300890.05760000087,
              311513.16480000131
            ],
            [
              300893.34229999967,
              311516.44960000366
            ],
            [
              300904.83910000138,
              311512.34360000119
            ],
            [
              300924.95849999972,
              311496.3302000016
            ],
            [
              300939.32949999999,
              311489.35000000149
            ],
            [
              300943.96320000105,
              311485.43760000356
            ],
            [
              300946.72030000016,
              311473.33660000376
            ],
            [
              300956.574599999,
              311437.20390000194
            ],
            [
              300961.91240000073,
              311419.13749999925
            ],
            [
              300972.58800000045,
              311388.34259999916
            ],
            [
              300979.97880000062,
              311372.32920000143
            ],
            [
              300992.29679999966,
              311349.74620000273
            ],
            [
              300996.81340000127,
              311308.27569999918
            ],
            [
              300995.17100000009,
              311300.47430000082
            ],
            [
              300991.47559999954,
              311287.33510000445
            ],
            [
              300989.01200000104,
              311270.50059999898
            ],
            [
              300980.38939999975,
              311257.36140000261
            ],
            [
              300977.1046000002,
              311242.99039999954
            ],
            [
              300977.51519999932,
              311229.02999999933
            ],
            [
              300969.30319999997,
              311195.77150000073
            ],
            [
              300954.52160000056,
              311171.95670000277
            ],
            [
              300947.54150000121,
              311150.1950000003
            ],
            [
              300947.95210000128,
              311139.93000000343
            ],
            [
              300961.50180000067,
              311117.75760000385
            ],
            [
              300961.09120000154,
              311103.38660000265
            ],
            [
              300960.78239999991,
              311033.32330000028
            ],
            [
              300960.88379999995,
              310999.09139999934
            ],
            [
              300961.20830000099,
              310989.79270000011
            ],
            [
              300967.66079999879,
              310981.43860000186
            ],
            [
              300982.03180000093,
              310958.44510000199
            ],
            [
              300987.78019999992,
              310940.3786999993
            ],
            [
              301007.89960000105,
              310906.70960000157
            ],
            [
              301022.27049999963,
              310884.537200002
            ],
            [
              301030.07189999986,
              310862.36480000243
            ],
            [
              301035.40970000066,
              310836.49709999934
            ],
            [
              301036.64149999991,
              310798.31130000018
            ],
            [
              301040.74749999959,
              310784.76160000265
            ],
            [
              301034.17789999861,
              310743.70160000212
            ],
            [
              301029.25069999974,
              310703.46289999969
            ],
            [
              301033.76730000135,
              310675.13149999827
            ],
            [
              301040.74749999959,
              310654.6016000025
            ],
            [
              301039.51570000034,
              310640.23060000129
            ],
            [
              301026.78710000124,
              310602.86610000208
            ],
            [
              301014.05860000104,
              310566.73330000229
            ],
            [
              301010.77379999869,
              310552.36230000108
            ],
            [
              301005.02540000062,
              310517.46140000038
            ],
            [
              301002.59220000077,
              310482.53870000318
            ],
            [
              301003.4972000001,
              310441.08250000142
            ],
            [
              301010.78640000056,
              310430.14649999887
            ],
            [
              301032.0689000003,
              310427.22560000233
            ],
            [
              301079.49680000078,
              310431.86480000243
            ],
            [
              301094.94660000037,
              310434.10970000178
            ],
            [
              301111.37060000096,
              310430.82489999942
            ],
            [
              301129.43700000085,
              310419.7388000004
            ],
            [
              301162.2109000003,
              310383.13199999928
            ],
            [
              301167.51860000007,
              310374.86210000142
            ],
            [
              301170.53910000063,
              310367.2741000019
            ],
            [
              301168.647400002,
              310354.89360000007
            ],
            [
              301159.18460000027,
              310325.48290000111
            ],
            [
              301156.39100000076,
              310316.80010000058
            ],
            [
              301149.29980000108,
              310310.61750000343
            ],
            [
              301136.83729999978,
              310308.76220000163
            ],
            [
              301128.30009999964,
              310313.17640000209
            ],
            [
              301118.35080000106,
              310318.32070000097
            ],
            [
              301112.71390000079,
              310330.38940000162
            ],
            [
              301107.99160000216,
              310343.24579999968
            ],
            [
              301104.06550000049,
              310347.29279999994
            ],
            [
              301099.67609999981,
              310344.56290000118
            ],
            [
              301100.27150000073,
              310326.50560000166
            ],
            [
              301103.15859999973,
              310298.6118999999
            ],
            [
              301105.7451000018,
              310219.03350000083
            ],
            [
              301110.96000000183,
              310164.75660000369
            ],
            [
              301111.37060000096,
              310160.24000000209
            ]
          ]
        ]
      }
    }
  ]
}