{
  "displayFieldName" : "",
  "fieldAliases" : {
    "FID" : "FID",
    "PMNTN_SPOT" : "PMNTN_SPOT",
    "MNTN_CODE" : "MNTN_CODE",
    "MANAGE_SP1" : "MANAGE_SP1",
    "MANAGE_SP2" : "MANAGE_SP2",
    "DETAIL_SPO" : "DETAIL_SPO",
    "ETC_MATTER" : "ETC_MATTER",
    "MNTN_NM" : "MNTN_NM",
    "PAST_SPOT_" : "PAST_SPOT_",
    "MNTN_ID" : "MNTN_ID"
  },
  "geometryType" : "esriGeometryPoint",
  "spatialReference" : {
    "wkt" : "PROJCS[\"PCS_ITRF2000_TM\",GEOGCS[\"GCS_ITRF_2000\",DATUM[\"D_ITRF_2000\",SPHEROID[\"GRS_1980\",6378137.0,298.257222101]],PRIMEM[\"Greenwich\",0.0],UNIT[\"Degree\",0.0174532925199433]],PROJECTION[\"Transverse_Mercator\"],PARAMETER[\"False_Easting\",200000.0],PARAMETER[\"False_Northing\",600000.0],PARAMETER[\"Central_Meridian\",127.0],PARAMETER[\"Scale_Factor\",1.0],PARAMETER[\"Latitude_Of_Origin\",38.0],UNIT[\"Meter\",1.0]]"
  },
  "fields" : [
    {
      "name" : "FID",
      "type" : "esriFieldTypeOID",
      "alias" : "FID"
    },
    {
      "name" : "PMNTN_SPOT",
      "type" : "esriFieldTypeDouble",
      "alias" : "PMNTN_SPOT"
    },
    {
      "name" : "MNTN_CODE",
      "type" : "esriFieldTypeString",
      "alias" : "MNTN_CODE",
      "length" : 9
    },
    {
      "name" : "MANAGE_SP1",
      "type" : "esriFieldTypeString",
      "alias" : "MANAGE_SP1",
      "length" : 2
    },
    {
      "name" : "MANAGE_SP2",
      "type" : "esriFieldTypeString",
      "alias" : "MANAGE_SP2",
      "length" : 50
    },
    {
      "name" : "DETAIL_SPO",
      "type" : "esriFieldTypeString",
      "alias" : "DETAIL_SPO",
      "length" : 200
    },
    {
      "name" : "ETC_MATTER",
      "type" : "esriFieldTypeString",
      "alias" : "ETC_MATTER",
      "length" : 200
    },
    {
      "name" : "MNTN_NM",
      "type" : "esriFieldTypeString",
      "alias" : "MNTN_NM",
      "length" : 50
    },
    {
      "name" : "PAST_SPOT_",
      "type" : "esriFieldTypeString",
      "alias" : "PAST_SPOT_",
      "length" : 14
    },
    {
      "name" : "MNTN_ID",
      "type" : "esriFieldTypeString",
      "alias" : "MNTN_ID",
      "length" : 10
    }
  ],
  "features" : [
    {
      "attributes" : {
        "FID" : 0,
        "PMNTN_SPOT" : 23438,
        "MNTN_CODE" : "431101101",
        "MANAGE_SP1" : "99",
        "MANAGE_SP2" : "기타",
        "DETAIL_SPO" : "기타",
        "ETC_MATTER" : " ",
        "MNTN_NM" : "동림산",
        "PAST_SPOT_" : "23101315000001",
        "MNTN_ID" : "2310131500"
      },
      "geometry" : {
        "x" : 227442.8275000006,
        "y" : 453147.20990000106
      }
    },
    {
      "attributes" : {
        "FID" : 1,
        "PMNTN_SPOT" : 23439,
        "MNTN_CODE" : "431101101",
        "MANAGE_SP1" : "99",
        "MANAGE_SP2" : "기타",
        "DETAIL_SPO" : "기타",
        "ETC_MATTER" : " ",
        "MNTN_NM" : "동림산",
        "PAST_SPOT_" : "23101315000002",
        "MNTN_ID" : "2310131500"
      },
      "geometry" : {
        "x" : 227463.69000000227,
        "y" : 453230.49980000034
      }
    },
    {
      "attributes" : {
        "FID" : 2,
        "PMNTN_SPOT" : 23440,
        "MNTN_CODE" : "431101101",
        "MANAGE_SP1" : "99",
        "MANAGE_SP2" : "기타",
        "DETAIL_SPO" : "기타",
        "ETC_MATTER" : " ",
        "MNTN_NM" : "동림산",
        "PAST_SPOT_" : "23101315000003",
        "MNTN_ID" : "2310131500"
      },
      "geometry" : {
        "x" : 227485.45120000187,
        "y" : 453335.32040000148
      }
    },
    {
      "attributes" : {
        "FID" : 3,
        "PMNTN_SPOT" : 23441,
        "MNTN_CODE" : "431101101",
        "MANAGE_SP1" : "99",
        "MANAGE_SP2" : "기타",
        "DETAIL_SPO" : "산불감시초소,편입기념비",
        "ETC_MATTER" : " ",
        "MNTN_NM" : "동림산",
        "PAST_SPOT_" : "23101315000004",
        "MNTN_ID" : "2310131500"
      },
      "geometry" : {
        "x" : 227238.07919999957,
        "y" : 454040.78590000048
      }
    },
    {
      "attributes" : {
        "FID" : 4,
        "PMNTN_SPOT" : 23442,
        "MNTN_CODE" : "431101101",
        "MANAGE_SP1" : "99",
        "MANAGE_SP2" : "기타",
        "DETAIL_SPO" : "기타",
        "ETC_MATTER" : " ",
        "MNTN_NM" : "동림산",
        "PAST_SPOT_" : "23101315000005",
        "MNTN_ID" : "2310131500"
      },
      "geometry" : {
        "x" : 228259.64380000345,
        "y" : 454929.38350000232
      }
    },
    {
      "attributes" : {
        "FID" : 5,
        "PMNTN_SPOT" : 23443,
        "MNTN_CODE" : "431101101",
        "MANAGE_SP1" : "99",
        "MANAGE_SP2" : "기타",
        "DETAIL_SPO" : "전경",
        "ETC_MATTER" : " ",
        "MNTN_NM" : "동림산",
        "PAST_SPOT_" : "23101315000006",
        "MNTN_ID" : "2310131500"
      },
      "geometry" : {
        "x" : 227472.1110999994,
        "y" : 453427.60529999994
      }
    },
    {
      "attributes" : {
        "FID" : 6,
        "PMNTN_SPOT" : 23444,
        "MNTN_CODE" : "431101101",
        "MANAGE_SP1" : "99",
        "MANAGE_SP2" : "기타",
        "DETAIL_SPO" : "기타",
        "ETC_MATTER" : " ",
        "MNTN_NM" : "동림산",
        "PAST_SPOT_" : "23101315000007",
        "MNTN_ID" : "2310131500"
      },
      "geometry" : {
        "x" : 227334.30270000268,
        "y" : 453891.20439999737
      }
    },
    {
      "attributes" : {
        "FID" : 7,
        "PMNTN_SPOT" : 23445,
        "MNTN_CODE" : "431101101",
        "MANAGE_SP1" : "99",
        "MANAGE_SP2" : "기타",
        "DETAIL_SPO" : "기타",
        "ETC_MATTER" : " ",
        "MNTN_NM" : "동림산",
        "PAST_SPOT_" : "23101315000008",
        "MNTN_ID" : "2310131500"
      },
      "geometry" : {
        "x" : 228205.38920000009,
        "y" : 454913.40680000186
      }
    },
    {
      "attributes" : {
        "FID" : 8,
        "PMNTN_SPOT" : 23446,
        "MNTN_CODE" : "431101101",
        "MANAGE_SP1" : "99",
        "MANAGE_SP2" : "기타",
        "DETAIL_SPO" : "전경",
        "ETC_MATTER" : " ",
        "MNTN_NM" : "동림산",
        "PAST_SPOT_" : "23101315000009",
        "MNTN_ID" : "2310131500"
      },
      "geometry" : {
        "x" : 227549.86960000172,
        "y" : 453295.97700000182
      }
    },
    {
      "attributes" : {
        "FID" : 9,
        "PMNTN_SPOT" : 23447,
        "MNTN_CODE" : "431101101",
        "MANAGE_SP1" : "99",
        "MANAGE_SP2" : "기타",
        "DETAIL_SPO" : "상동리노인정",
        "ETC_MATTER" : " ",
        "MNTN_NM" : "동림산",
        "PAST_SPOT_" : "23101315000010",
        "MNTN_ID" : "2310131500"
      },
      "geometry" : {
        "x" : 228201.1660000002,
        "y" : 452980.2957000006
      }
    },
    {
      "attributes" : {
        "FID" : 10,
        "PMNTN_SPOT" : 23448,
        "MNTN_CODE" : "431101101",
        "MANAGE_SP1" : "01",
        "MANAGE_SP2" : "시종점",
        "DETAIL_SPO" : "시종점",
        "ETC_MATTER" : " ",
        "MNTN_NM" : "동림산",
        "PAST_SPOT_" : "23101315000011",
        "MNTN_ID" : "2310131500"
      },
      "geometry" : {
        "x" : 227008.63389999978,
        "y" : 455524.80540000089
      }
    },
    {
      "attributes" : {
        "FID" : 11,
        "PMNTN_SPOT" : 23449,
        "MNTN_CODE" : "431101101",
        "MANAGE_SP1" : "01",
        "MANAGE_SP2" : "시종점",
        "DETAIL_SPO" : "시종점",
        "ETC_MATTER" : "시점",
        "MNTN_NM" : "동림산",
        "PAST_SPOT_" : "23101315000012",
        "MNTN_ID" : "2310131500"
      },
      "geometry" : {
        "x" : 227069.74969999958,
        "y" : 452858.37780000083
      }
    },
    {
      "attributes" : {
        "FID" : 12,
        "PMNTN_SPOT" : 23450,
        "MNTN_CODE" : "431101101",
        "MANAGE_SP1" : "23",
        "MANAGE_SP2" : "정상",
        "DETAIL_SPO" : "정상부,이정표",
        "ETC_MATTER" : " ",
        "MNTN_NM" : "동림산",
        "PAST_SPOT_" : "23101315000013",
        "MNTN_ID" : "2310131500"
      },
      "geometry" : {
        "x" : 227228.10850000102,
        "y" : 454084.12820000015
      }
    },
    {
      "attributes" : {
        "FID" : 13,
        "PMNTN_SPOT" : 23451,
        "MNTN_CODE" : "431101101",
        "MANAGE_SP1" : "02",
        "MANAGE_SP2" : "분기점",
        "DETAIL_SPO" : "분기점",
        "ETC_MATTER" : " ",
        "MNTN_NM" : "동림산",
        "PAST_SPOT_" : "23101315000014",
        "MNTN_ID" : "2310131500"
      },
      "geometry" : {
        "x" : 227271.87810000032,
        "y" : 454154.92990000173
      }
    },
    {
      "attributes" : {
        "FID" : 14,
        "PMNTN_SPOT" : 23452,
        "MNTN_CODE" : "431101101",
        "MANAGE_SP1" : "99",
        "MANAGE_SP2" : "기타",
        "DETAIL_SPO" : "전경",
        "ETC_MATTER" : " ",
        "MNTN_NM" : "동림산",
        "PAST_SPOT_" : "23101315000015",
        "MNTN_ID" : "2310131500"
      },
      "geometry" : {
        "x" : 227475.05460000131,
        "y" : 453390.847000001
      }
    },
    {
      "attributes" : {
        "FID" : 15,
        "PMNTN_SPOT" : 23453,
        "MNTN_CODE" : "431101101",
        "MANAGE_SP1" : "01",
        "MANAGE_SP2" : "시종점",
        "DETAIL_SPO" : "시종점,느티나무",
        "ETC_MATTER" : " ",
        "MNTN_NM" : "동림산",
        "PAST_SPOT_" : "23101315000016",
        "MNTN_ID" : "2310131500"
      },
      "geometry" : {
        "x" : 228383.15720000025,
        "y" : 452843.23260000162
      }
    },
    {
      "attributes" : {
        "FID" : 16,
        "PMNTN_SPOT" : 23454,
        "MNTN_CODE" : "431101101",
        "MANAGE_SP1" : "01",
        "MANAGE_SP2" : "시종점",
        "DETAIL_SPO" : "시종점",
        "ETC_MATTER" : "시점",
        "MNTN_NM" : "동림산",
        "PAST_SPOT_" : "23101315000017",
        "MNTN_ID" : "2310131500"
      },
      "geometry" : {
        "x" : 228638.46300000045,
        "y" : 455185.12980000116
      }
    }
  ]
}