{
  "displayFieldName" : "",
  "fieldAliases" : {
    "FID" : "FID",
    "PMNTN_SN" : "PMNTN_SN",
    "MNTN_CODE" : "MNTN_CODE",
    "MNTN_NM" : "MNTN_NM",
    "PMNTN_NM" : "PMNTN_NM",
    "PMNTN_MAIN" : "PMNTN_MAIN",
    "PMNTN_LT" : "PMNTN_LT",
    "PMNTN_DFFL" : "PMNTN_DFFL",
    "PMNTN_UPPL" : "PMNTN_UPPL",
    "PMNTN_GODN" : "PMNTN_GODN",
    "PMNTN_MTRQ" : "PMNTN_MTRQ",
    "PMNTN_CNRL" : "PMNTN_CNRL",
    "PMNTN_CLS_" : "PMNTN_CLS_",
    "PMNTN_RISK" : "PMNTN_RISK",
    "PMNTN_RECO" : "PMNTN_RECO",
    "DATA_STDR_" : "DATA_STDR_",
    "MNTN_ID" : "MNTN_ID"
  },
  "geometryType" : "esriGeometryPolyline",
  "spatialReference" : {
    "wkt" : "PROJCS[\"PCS_ITRF2000_TM\",GEOGCS[\"GCS_ITRF_2000\",DATUM[\"D_ITRF_2000\",SPHEROID[\"GRS_1980\",6378137.0,298.257222101]],PRIMEM[\"Greenwich\",0.0],UNIT[\"Degree\",0.0174532925199433]],PROJECTION[\"Transverse_Mercator\"],PARAMETER[\"False_Easting\",200000.0],PARAMETER[\"False_Northing\",600000.0],PARAMETER[\"Central_Meridian\",127.0],PARAMETER[\"Scale_Factor\",1.0],PARAMETER[\"Latitude_Of_Origin\",38.0],UNIT[\"Meter\",1.0]]"
  },
  "fields" : [
    {
      "name" : "FID",
      "type" : "esriFieldTypeOID",
      "alias" : "FID"
    },
    {
      "name" : "PMNTN_SN",
      "type" : "esriFieldTypeDouble",
      "alias" : "PMNTN_SN"
    },
    {
      "name" : "MNTN_CODE",
      "type" : "esriFieldTypeString",
      "alias" : "MNTN_CODE",
      "length" : 9
    },
    {
      "name" : "MNTN_NM",
      "type" : "esriFieldTypeString",
      "alias" : "MNTN_NM",
      "length" : 50
    },
    {
      "name" : "PMNTN_NM",
      "type" : "esriFieldTypeString",
      "alias" : "PMNTN_NM",
      "length" : 50
    },
    {
      "name" : "PMNTN_MAIN",
      "type" : "esriFieldTypeString",
      "alias" : "PMNTN_MAIN",
      "length" : 200
    },
    {
      "name" : "PMNTN_LT",
      "type" : "esriFieldTypeSingle",
      "alias" : "PMNTN_LT"
    },
    {
      "name" : "PMNTN_DFFL",
      "type" : "esriFieldTypeString",
      "alias" : "PMNTN_DFFL",
      "length" : 8
    },
    {
      "name" : "PMNTN_UPPL",
      "type" : "esriFieldTypeDouble",
      "alias" : "PMNTN_UPPL"
    },
    {
      "name" : "PMNTN_GODN",
      "type" : "esriFieldTypeDouble",
      "alias" : "PMNTN_GODN"
    },
    {
      "name" : "PMNTN_MTRQ",
      "type" : "esriFieldTypeString",
      "alias" : "PMNTN_MTRQ",
      "length" : 200
    },
    {
      "name" : "PMNTN_CNRL",
      "type" : "esriFieldTypeString",
      "alias" : "PMNTN_CNRL",
      "length" : 1
    },
    {
      "name" : "PMNTN_CLS_",
      "type" : "esriFieldTypeString",
      "alias" : "PMNTN_CLS_",
      "length" : 1
    },
    {
      "name" : "PMNTN_RISK",
      "type" : "esriFieldTypeString",
      "alias" : "PMNTN_RISK",
      "length" : 200
    },
    {
      "name" : "PMNTN_RECO",
      "type" : "esriFieldTypeString",
      "alias" : "PMNTN_RECO",
      "length" : 1
    },
    {
      "name" : "DATA_STDR_",
      "type" : "esriFieldTypeString",
      "alias" : "DATA_STDR_",
      "length" : 10
    },
    {
      "name" : "MNTN_ID",
      "type" : "esriFieldTypeString",
      "alias" : "MNTN_ID",
      "length" : 10
    }
  ],
  "features" : [
    {
      "attributes" : {
        "FID" : 0,
        "PMNTN_SN" : 36960,
        "MNTN_CODE" : "287200901",
        "MNTN_NM" : "양로봉",
        "PMNTN_NM" : "옹진군 영흥면 외리-옹진군 영흥면 6리구간",
        "PMNTN_MAIN" : " ",
        "PMNTN_LT" : 0.25,
        "PMNTN_DFFL" : "쉬움",
        "PMNTN_UPPL" : 4,
        "PMNTN_GODN" : 3,
        "PMNTN_MTRQ" : "토사",
        "PMNTN_CNRL" : " ",
        "PMNTN_CLS_" : " ",
        "PMNTN_RISK" : " ",
        "PMNTN_RECO" : " ",
        "DATA_STDR_" : "2016-12-31",
        "MNTN_ID" : "287200901"
      },
      "geometry" : {
        "paths" : [
          [
            [
              150392.34380000085,
              518048.49660000205
            ],
            [
              150396.2267000014,
              518034.36449999921
            ],
            [
              150392.6874000011,
              517973.98170000315
            ],
            [
              150403.87270000111,
              517966.74310000055
            ],
            [
              150403.32359999884,
              517943.02400000393
            ],
            [
              150422.74660000112,
              517920.47059999965
            ],
            [
              150428.18190000206,
              517906.5773000028
            ],
            [
              150426.76429999899,
              517889.40320000239
            ],
            [
              150435.67470000312,
              517873.40540000238
            ],
            [
              150445.28110000119,
              517877.0605999995
            ],
            [
              150472.49000000209,
              517867.15990000218
            ],
            [
              150481.59229999967,
              517854.68680000119
            ]
          ]
        ]
      }
    },
    {
      "attributes" : {
        "FID" : 1,
        "PMNTN_SN" : 36961,
        "MNTN_CODE" : "287200901",
        "MNTN_NM" : "양로봉",
        "PMNTN_NM" : "옹진군 영흥면 외리-옹진군 영흥면 6리구간",
        "PMNTN_MAIN" : " ",
        "PMNTN_LT" : 0.4,
        "PMNTN_DFFL" : "쉬움",
        "PMNTN_UPPL" : 7,
        "PMNTN_GODN" : 5,
        "PMNTN_MTRQ" : "토사",
        "PMNTN_CNRL" : " ",
        "PMNTN_CLS_" : " ",
        "PMNTN_RISK" : " ",
        "PMNTN_RECO" : " ",
        "DATA_STDR_" : "2016-12-31",
        "MNTN_ID" : "287200901"
      },
      "geometry" : {
        "paths" : [
          [
            [
              150084.07610000111,
              518059.46040000021
            ],
            [
              150091.90550000221,
              518051.48160000332
            ],
            [
              150094.34270000178,
              518045.19870000146
            ],
            [
              150090.07509999909,
              518040.36940000206
            ],
            [
              150094.23709999956,
              518032.83920000121
            ],
            [
              150113.43259999901,
              518033.39049999975
            ],
            [
              150130.62440000102,
              518027.54069999978
            ],
            [
              150142.72400000039,
              518021.07650000416
            ],
            [
              150157.32679999899,
              518013.39859999903
            ],
            [
              150162.79990000185,
              518002.36240000091
            ],
            [
              150169.91080000252,
              517992.82740000077
            ],
            [
              150176.38690000121,
              517990.26040000096
            ],
            [
              150186.78170000017,
              517991.40650000237
            ],
            [
              150199.89780000038,
              517987.17789999768
            ],
            [
              150212.7369000027,
              517978.06990000419
            ],
            [
              150222.56560000125,
              517966.37890000269
            ],
            [
              150226.45800000057,
              517959.89820000157
            ],
            [
              150233.40420000069,
              517958.2268000003
            ],
            [
              150243.43060000055,
              517967.45320000127
            ],
            [
              150262.14090000372,
              517970.03189999983
            ],
            [
              150274.62060000002,
              517965.40939999931
            ],
            [
              150287.45960000064,
              517967.69150000066
            ],
            [
              150295.06869999971,
              517972.44740000181
            ],
            [
              150297.98220000137,
              517983.50980000198
            ],
            [
              150316.15749999974,
              517995.21700000018
            ],
            [
              150325.21370000206,
              518013.9552000016
            ],
            [
              150341.32660000119,
              518020.18590000644
            ],
            [
              150356.0231999997,
              518030.70380000211
            ],
            [
              150382.93350000028,
              518048.5183000043
            ],
            [
              150392.34380000085,
              518048.49660000205
            ]
          ]
        ]
      }
    },
    {
      "attributes" : {
        "FID" : 2,
        "PMNTN_SN" : 36962,
        "MNTN_CODE" : "287200901",
        "MNTN_NM" : "양로봉",
        "PMNTN_NM" : "옹진군 영흥면 외리-옹진군 영흥면 6리구간",
        "PMNTN_MAIN" : "선사유적지",
        "PMNTN_LT" : 0.45,
        "PMNTN_DFFL" : "쉬움",
        "PMNTN_UPPL" : 8,
        "PMNTN_GODN" : 6,
        "PMNTN_MTRQ" : "토사",
        "PMNTN_CNRL" : " ",
        "PMNTN_CLS_" : " ",
        "PMNTN_RISK" : " ",
        "PMNTN_RECO" : " ",
        "DATA_STDR_" : "2016-12-31",
        "MNTN_ID" : "287200901"
      },
      "geometry" : {
        "paths" : [
          [
            [
              150481.59229999967,
              517854.68680000119
            ],
            [
              150500.55470000021,
              517851.62539999932
            ],
            [
              150527.42570000049,
              517846.84510000236
            ],
            [
              150556.76440000255,
              517847.58290000446
            ],
            [
              150580.12229999993,
              517847.67510000616
            ],
            [
              150610.0317000011,
              517849.32139999978
            ],
            [
              150624.94009999931,
              517854.9606999997
            ],
            [
              150637.19150000159,
              517863.86999999918
            ],
            [
              150662.31170000136,
              517884.64800000191
            ],
            [
              150686.05340000056,
              517904.3460000027
            ],
            [
              150701.20200000145,
              517912.3554999996
            ],
            [
              150715.05709999986,
              517914.25620000251
            ],
            [
              150723.07949999999,
              517928.32939999737
            ],
            [
              150729.87330000196,
              517935.06550000608
            ],
            [
              150741.69640000071,
              517938.02090000361
            ],
            [
              150754.47070000134,
              517941.36279999837
            ],
            [
              150767.28259999957,
              517946.83889999986
            ],
            [
              150788.94489999954,
              517964.6630000025
            ],
            [
              150811.53590000048,
              517975.00570000149
            ],
            [
              150844.73830000404,
              518003.22210000083
            ],
            [
              150829.79750000313,
              518016.77089999989
            ],
            [
              150826.87240000162,
              518030.24939999916
            ]
          ]
        ]
      }
    },
    {
      "attributes" : {
        "FID" : 3,
        "PMNTN_SN" : 36963,
        "MNTN_CODE" : "287200901",
        "MNTN_NM" : "양로봉",
        "PMNTN_NM" : "옹진군 영흥면 외리-옹진군 영흥면 6리구간",
        "PMNTN_MAIN" : "서어나무군락지/자연보호홍보탑",
        "PMNTN_LT" : 2.72,
        "PMNTN_DFFL" : "쉬움",
        "PMNTN_UPPL" : 48,
        "PMNTN_GODN" : 34,
        "PMNTN_MTRQ" : "토사",
        "PMNTN_CNRL" : " ",
        "PMNTN_CLS_" : " ",
        "PMNTN_RISK" : " ",
        "PMNTN_RECO" : " ",
        "DATA_STDR_" : "2016-12-31",
        "MNTN_ID" : "287200901"
      },
      "geometry" : {
        "paths" : [
          [
            [
              151669.65050000045,
              516887.08280000277
            ],
            [
              151676.58410000056,
              516887.85010000132
            ],
            [
              151684.13249999937,
              516894.20490000024
            ],
            [
              151700.81850000191,
              516891.84190000221
            ],
            [
              151719.32230000105,
              516887.15250000171
            ],
            [
              151760.51250000019,
              516892.02310000174
            ],
            [
              151764.81900000013,
              516901.18950000033
            ],
            [
              151776.33299999963,
              516904.11900000088
            ],
            [
              151789.66119999997,
              516914.77789999917
            ],
            [
              151800.81049999967,
              516938.39890000224
            ],
            [
              151763.15250000171,
              517015.01019999944
            ],
            [
              151750.81460000109,
              517053.72519999929
            ],
            [
              151752.5635000011,
              517099.27120000124
            ],
            [
              151764.56940000132,
              517142.56289999932
            ],
            [
              151761.86990000121,
              517155.49080000259
            ],
            [
              151743.8870000001,
              517178.53480000049
            ],
            [
              151712.47160000075,
              517195.98160000145
            ],
            [
              151666.89030000102,
              517252.24699999951
            ],
            [
              151653.52080000099,
              517258.90110000223
            ],
            [
              151623.23790000007,
              517261.15940000117
            ],
            [
              151575.82739999983,
              517282.46639999934
            ],
            [
              151542.90680000372,
              517283.80059999973
            ],
            [
              151492.86260000151,
              517303.5418999996
            ],
            [
              151455.98750000075,
              517293.55900000036
            ],
            [
              151356.34710000269,
              517244.69089999981
            ],
            [
              151319.95889999997,
              517218.72350000404
            ],
            [
              151286.15400000103,
              517186.86190000176
            ],
            [
              151269.90480000153,
              517165.84430000372
            ],
            [
              151255.87890000176,
              517148.67019999959
            ],
            [
              151238.35020000301,
              517137.59840000235
            ],
            [
              151225.32679999992,
              517123.61710000038
            ],
            [
              151220.22980000079,
              517109.37680000253
            ],
            [
              151214.21829999983,
              517069.90530000441
            ],
            [
              151216.87790000066,
              517053.15860000253
            ],
            [
              151212.20580000058,
              517040.71270000562
            ],
            [
              151210.43810000084,
              517032.36230000108
            ],
            [
              151193.78619999997,
              517039.82700000331
            ],
            [
              151139.76190000121,
              517055.60250000283
            ],
            [
              151118.03860000148,
              517056.68710000068
            ],
            [
              151083.15900000092,
              517044.86160000227
            ],
            [
              151048.73190000001,
              517018.8096000012
            ],
            [
              151015.32110000029,
              517003.8313999977
            ],
            [
              150994.20050000027,
              516997.28050000034
            ],
            [
              150985.5239000041,
              516979.87130000442
            ],
            [
              150980.730100004,
              516969.55990000255
            ],
            [
              150972.20240000263,
              516963.220900001
            ],
            [
              150963.87200000137,
              516957.8121000044
            ],
            [
              150959.7583000008,
              516949.32000000216
            ],
            [
              150957.54899999965,
              516941.18530000187
            ],
            [
              150946.91579999961,
              516934.84770000167
            ],
            [
              150935.50230000168,
              516929.75350000151
            ],
            [
              150915.99590000417,
              516930.43249999918
            ],
            [
              150898.40600000042,
              516934.3601000011
            ],
            [
              150881.78830000013,
              516937.04460000433
            ],
            [
              150864.96720000263,
              516935.48010000214
            ],
            [
              150854.36820000131,
              516935.18910000101
            ],
            [
              150844.27160000056,
              516938.36800000072
            ],
            [
              150832.39279999956,
              516947.24689999968
            ],
            [
              150828.87240000162,
              516956.07570000179
            ],
            [
              150812.99179999996,
              516966.35410000198
            ],
            [
              150813.10230000131,
              516972.32770000026
            ],
            [
              150813.59150000289,
              516982.80269999988
            ],
            [
              150787.01040000096,
              516996.44019999914
            ],
            [
              150755.65969999973,
              517036.13330000266
            ],
            [
              150748.31049999967,
              517081.47210000083
            ],
            [
              150736.87440000009,
              517107.05700000003
            ],
            [
              150739.82210000418,
              517124.01730000041
            ],
            [
              150735.48170000315,
              517139.65310000256
            ],
            [
              150733.71950000152,
              517168.45529999956
            ],
            [
              150734.44330000412,
              517187.51649999991
            ],
            [
              150737.7443000013,
              517204.76140000112
            ],
            [
              150730.5139000006,
              517216.92400000244
            ],
            [
              150725.87190000154,
              517226.08060000278
            ],
            [
              150732.65530000161,
              517234.42909999751
            ],
            [
              150729.78230000008,
              517250.66980000027
            ],
            [
              150724.29710000101,
              517259.08889999986
            ],
            [
              150719.20630000066,
              517264.18600000441
            ],
            [
              150712.58900000248,
              517270.87420000136
            ],
            [
              150706.97620000131,
              517284.22270000353
            ],
            [
              150701.59520000126,
              517297.02009999938
            ],
            [
              150696.49150000326,
              517309.27789999917
            ],
            [
              150696.04290000163,
              517318.43510000221
            ],
            [
              150702.73410000093,
              517333.2069000043
            ],
            [
              150703.36960000079,
              517344.6443000026
            ],
            [
              150694.27020000201,
              517353.63500000164
            ],
            [
              150679.4392000027,
              517363.57660000026
            ],
            [
              150670.62950000074,
              517381.70380000211
            ],
            [
              150665.41180000082,
              517385.06120000221
            ],
            [
              150650.48910000082,
              517403.99100000039
            ],
            [
              150631.95600000024,
              517415.62100000121
            ],
            [
              150607.3554999996,
              517422.41320000216
            ],
            [
              150592.54490000196,
              517420.30490000173
            ],
            [
              150579.04320000298,
              517422.347000001
            ],
            [
              150565.16909999959,
              517426.12199999951
            ],
            [
              150558.99920000136,
              517436.94590000063
            ],
            [
              150543.97080000024,
              517449.4553999994
            ],
            [
              150536.15610000025,
              517465.92230000347
            ],
            [
              150524.16160000116,
              517472.49579999968
            ],
            [
              150516.06219999958,
              517477.54240000248
            ],
            [
              150506.97110000346,
              517491.42699999735
            ],
            [
              150488.25100000203,
              517500.97039999999
            ],
            [
              150471.98810000345,
              517503.5131000001
            ],
            [
              150463.23659999948,
              517512.47680000216
            ],
            [
              150459.73880000133,
              517527.12160000019
            ],
            [
              150446.89670000412,
              517546.05430000275
            ],
            [
              150454.19360000081,
              517564.04960000142
            ],
            [
              150455.06860000268,
              517577.74260000139
            ],
            [
              150453.65739999898,
              517603.05080000311
            ],
            [
              150448.62120000087,
              517624.06740000099
            ],
            [
              150443.97410000116,
              517632.90510000288
            ],
            [
              150449.44980000053,
              517646.42889999971
            ],
            [
              150447.79750000313,
              517659.48250000179
            ],
            [
              150449.38130000141,
              517672.44280000031
            ],
            [
              150453.16490000114,
              517686.88580000214
            ],
            [
              150450.20660000015,
              517695.16339999996
            ],
            [
              150445.1428000005,
              517702.93370000087
            ],
            [
              150433.43359999917,
              517707.92029999942
            ],
            [
              150433.21800000127,
              517731.85790000297
            ],
            [
              150435.29970000219,
              517740.60899999924
            ],
            [
              150446.21999999974,
              517752.68480000459
            ],
            [
              150445.28529999964,
              517771.93790000118
            ],
            [
              150456.45820000209,
              517804.15300000273
            ],
            [
              150467.55560000055,
              517822.68480000459
            ],
            [
              150469.06100000348,
              517836.44760000147
            ],
            [
              150482.49770000018,
              517842.35640000366
            ],
            [
              150481.59229999967,
              517854.68680000119
            ]
          ]
        ]
      }
    },
    {
      "attributes" : {
        "FID" : 4,
        "PMNTN_SN" : 36964,
        "MNTN_CODE" : "287200901",
        "MNTN_NM" : "양로봉",
        "PMNTN_NM" : "옹진군 영흥면 외리-옹진군 영흥면 6리구간",
        "PMNTN_MAIN" : " ",
        "PMNTN_LT" : 0.2,
        "PMNTN_DFFL" : "쉬움",
        "PMNTN_UPPL" : 4,
        "PMNTN_GODN" : 2,
        "PMNTN_MTRQ" : "토사",
        "PMNTN_CNRL" : " ",
        "PMNTN_CLS_" : " ",
        "PMNTN_RISK" : " ",
        "PMNTN_RECO" : " ",
        "DATA_STDR_" : "2016-12-31",
        "MNTN_ID" : "287200901"
      },
      "geometry" : {
        "paths" : [
          [
            [
              150481.59229999967,
              517854.68680000119
            ],
            [
              150456.74320000131,
              517857.47550000064
            ],
            [
              150452.29650000017,
              517848.64530000277
            ],
            [
              150411.81869999878,
              517825.27360000089
            ],
            [
              150404.21980000008,
              517815.30860000104
            ],
            [
              150396.17810000107,
              517806.19580000453
            ],
            [
              150383.76260000002,
              517799.85230000317
            ],
            [
              150366.37730000075,
              517792.47970000096
            ],
            [
              150349.55160000175,
              517772.67100000009
            ],
            [
              150338.97730000038,
              517764.15589999966
            ],
            [
              150326.05940000061,
              517746.65630000085
            ]
          ]
        ]
      }
    },
    {
      "attributes" : {
        "FID" : 5,
        "PMNTN_SN" : 36965,
        "MNTN_CODE" : "287200901",
        "MNTN_NM" : "양로봉",
        "PMNTN_NM" : "옹진군 영흥면 외리-옹진군 영흥면 6리구간",
        "PMNTN_MAIN" : "장경리해수욕장",
        "PMNTN_LT" : 1.72,
        "PMNTN_DFFL" : "쉬움",
        "PMNTN_UPPL" : 30,
        "PMNTN_GODN" : 21,
        "PMNTN_MTRQ" : "토사",
        "PMNTN_CNRL" : " ",
        "PMNTN_CLS_" : " ",
        "PMNTN_RISK" : " ",
        "PMNTN_RECO" : " ",
        "DATA_STDR_" : "2016-12-31",
        "MNTN_ID" : "287200901"
      },
      "geometry" : {
        "paths" : [
          [
            [
              150392.34380000085,
              518048.49660000205
            ],
            [
              150412.47750000097,
              518063.94470000267
            ],
            [
              150431.67850000132,
              518091.99120000005
            ],
            [
              150432.22040000092,
              518129.93950000219
            ],
            [
              150435.82220000401,
              518152.09310000204
            ],
            [
              150439.35630000196,
              518176.08220000379
            ],
            [
              150444.26100000273,
              518200.54680000246
            ],
            [
              150461.50609999988,
              518226.08369999751
            ],
            [
              150488.57689999975,
              518313.96660000086
            ],
            [
              150524.26260000095,
              518368.69900000095
            ],
            [
              150567.52440000325,
              518458.74740000069
            ],
            [
              150618.48350000195,
              518502.50599999912
            ],
            [
              150645.90270000044,
              518518.56890000217
            ],
            [
              150656.56920000073,
              518524.35770000331
            ],
            [
              150676.57380000316,
              518524.97510000132
            ],
            [
              150714.16219999921,
              518543.22049999982
            ],
            [
              150729.90650000051,
              518564.28949999996
            ],
            [
              150734.93180000316,
              518587.41100000031
            ],
            [
              150754.43610000145,
              518598.03490000032
            ],
            [
              150775.09470000118,
              518620.63510000333
            ],
            [
              150795.22640000097,
              518636.76790000312
            ],
            [
              150806.55669999961,
              518654.26700000279
            ],
            [
              150814.72560000047,
              518664.96840000153
            ],
            [
              150838.58739999868,
              518665.66110000387
            ],
            [
              150874.01970000006,
              518672.65410000086
            ],
            [
              150903.72310000192,
              518657.49730000272
            ],
            [
              150921.06150000263,
              518650.07120000012
            ],
            [
              150943.88280000072,
              518647.62070000544
            ],
            [
              150967.55500000156,
              518643.56580000184
            ],
            [
              150985.48660000041,
              518641.76830000058
            ],
            [
              151005.96590000205,
              518647.5185000021
            ],
            [
              151008.65010000113,
              518667.43560000136
            ],
            [
              151012.64560000133,
              518677.60570000298
            ],
            [
              151021.57390000299,
              518685.11779999733
            ],
            [
              151029.04040000029,
              518690.76400000043
            ],
            [
              151032.6062000012,
              518704.87350000069
            ],
            [
              151036.04250000138,
              518722.05040000193
            ],
            [
              151040.60169999953,
              518752.22699999996
            ],
            [
              151048.21760000195,
              518763.83170000277
            ],
            [
              151051.19930000417,
              518779.70910000056
            ],
            [
              151061.38650000095,
              518788.84090000577
            ],
            [
              151084.8161000032,
              518795.67740000226
            ],
            [
              151083.7553000031,
              518809.58140000142
            ],
            [
              151082.40199999884,
              518835.35960000381
            ],
            [
              151080.91600000113,
              518863.91940000094
            ],
            [
              151082.82970000058,
              518881.79040000029
            ],
            [
              151084.82820000034,
              518905.49760000221
            ],
            [
              151083.07970000058,
              518924.38210000098
            ],
            [
              151081.82749999966,
              518951.86390000209
            ],
            [
              151079.50629999954,
              518977.58720000088
            ],
            [
              151075.58130000066,
              518996.02450000122
            ],
            [
              151053.17080000136,
              519026.86220000125
            ],
            [
              151040.77450000402,
              519032.93219999969
            ],
            [
              151016.10600000247,
              519033.94440000318
            ],
            [
              150992.00410000049,
              519037.0604000017
            ],
            [
              150976.54840000253,
              519038.47560000233
            ],
            [
              150963.26610000152,
              519043.90670000203
            ],
            [
              150944.86760000046,
              519069.21620000154
            ],
            [
              150942.86510000005,
              519084.82399999723
            ],
            [
              150948.97420000006,
              519107.25400000066
            ],
            [
              150962.08830000274,
              519117.69030000269
            ],
            [
              150972.00760000106,
              519128.93750000373
            ],
            [
              150977.09590000007,
              519136.40540000051
            ],
            [
              150995.47660000343,
              519145.6659000013
            ],
            [
              151004.79910000414,
              519150.89620000124
            ],
            [
              151010.62660000101,
              519158.79990000278
            ],
            [
              151020.65030000266,
              519168.60529999807
            ],
            [
              151034.19310000073,
              519174.2683000043
            ],
            [
              151047.70729999989,
              519183.09380000085
            ],
            [
              151055.25950000063,
              519186.36790000275
            ],
            [
              151067.5756000001,
              519181.82359999977
            ]
          ]
        ]
      }
    }
  ]
}