{
  "displayFieldName" : "",
  "fieldAliases" : {
    "FID" : "FID",
    "PMNTN_SPOT" : "PMNTN_SPOT",
    "MNTN_CODE" : "MNTN_CODE",
    "MANAGE_SP1" : "MANAGE_SP1",
    "MANAGE_SP2" : "MANAGE_SP2",
    "DETAIL_SPO" : "DETAIL_SPO",
    "ETC_MATTER" : "ETC_MATTER",
    "MNTN_NM" : "MNTN_NM",
    "PAST_SPOT_" : "PAST_SPOT_",
    "MNTN_ID" : "MNTN_ID"
  },
  "geometryType" : "esriGeometryPoint",
  "spatialReference" : {
    "wkt" : "PROJCS[\"PCS_ITRF2000_TM\",GEOGCS[\"GCS_ITRF_2000\",DATUM[\"D_ITRF_2000\",SPHEROID[\"GRS_1980\",6378137.0,298.257222101]],PRIMEM[\"Greenwich\",0.0],UNIT[\"Degree\",0.0174532925199433]],PROJECTION[\"Transverse_Mercator\"],PARAMETER[\"False_Easting\",200000.0],PARAMETER[\"False_Northing\",600000.0],PARAMETER[\"Central_Meridian\",127.0],PARAMETER[\"Scale_Factor\",1.0],PARAMETER[\"Latitude_Of_Origin\",38.0],UNIT[\"Meter\",1.0]]"
  },
  "fields" : [
    {
      "name" : "FID",
      "type" : "esriFieldTypeOID",
      "alias" : "FID"
    },
    {
      "name" : "PMNTN_SPOT",
      "type" : "esriFieldTypeDouble",
      "alias" : "PMNTN_SPOT"
    },
    {
      "name" : "MNTN_CODE",
      "type" : "esriFieldTypeString",
      "alias" : "MNTN_CODE",
      "length" : 9
    },
    {
      "name" : "MANAGE_SP1",
      "type" : "esriFieldTypeString",
      "alias" : "MANAGE_SP1",
      "length" : 2
    },
    {
      "name" : "MANAGE_SP2",
      "type" : "esriFieldTypeString",
      "alias" : "MANAGE_SP2",
      "length" : 50
    },
    {
      "name" : "DETAIL_SPO",
      "type" : "esriFieldTypeString",
      "alias" : "DETAIL_SPO",
      "length" : 200
    },
    {
      "name" : "ETC_MATTER",
      "type" : "esriFieldTypeString",
      "alias" : "ETC_MATTER",
      "length" : 200
    },
    {
      "name" : "MNTN_NM",
      "type" : "esriFieldTypeString",
      "alias" : "MNTN_NM",
      "length" : 50
    },
    {
      "name" : "PAST_SPOT_",
      "type" : "esriFieldTypeString",
      "alias" : "PAST_SPOT_",
      "length" : 14
    },
    {
      "name" : "MNTN_ID",
      "type" : "esriFieldTypeString",
      "alias" : "MNTN_ID",
      "length" : 10
    }
  ],
  "features" : [
    {
      "attributes" : {
        "FID" : 0,
        "PMNTN_SPOT" : 18786,
        "MNTN_CODE" : "277100501",
        "MANAGE_SP1" : "01",
        "MANAGE_SP2" : "시종점",
        "DETAIL_SPO" : "시종점",
        "ETC_MATTER" : " ",
        "MNTN_NM" : "대니산",
        "PAST_SPOT_" : "2771005010001",
        "MNTN_ID" : "277100501"
      },
      "geometry" : {
        "x" : 326521.50838454999,
        "y" : 342521.94458328746
      }
    },
    {
      "attributes" : {
        "FID" : 1,
        "PMNTN_SPOT" : 18787,
        "MNTN_CODE" : "277100501",
        "MANAGE_SP1" : "01",
        "MANAGE_SP2" : "시종점",
        "DETAIL_SPO" : "시종점",
        "ETC_MATTER" : " ",
        "MNTN_NM" : "대니산",
        "PAST_SPOT_" : "2771005010002",
        "MNTN_ID" : "277100501"
      },
      "geometry" : {
        "x" : 327613.03020000085,
        "y" : 343065.64980000071
      }
    },
    {
      "attributes" : {
        "FID" : 2,
        "PMNTN_SPOT" : 18788,
        "MNTN_CODE" : "277100501",
        "MANAGE_SP1" : "02",
        "MANAGE_SP2" : "분기점",
        "DETAIL_SPO" : "분기점",
        "ETC_MATTER" : " ",
        "MNTN_NM" : "대니산",
        "PAST_SPOT_" : "2771005010003",
        "MNTN_ID" : "277100501"
      },
      "geometry" : {
        "x" : 327690.82280000113,
        "y" : 343069.29880000465
      }
    },
    {
      "attributes" : {
        "FID" : 3,
        "PMNTN_SPOT" : 18789,
        "MNTN_CODE" : "277100501",
        "MANAGE_SP1" : "01",
        "MANAGE_SP2" : "시종점",
        "DETAIL_SPO" : "시종점",
        "ETC_MATTER" : " ",
        "MNTN_NM" : "대니산",
        "PAST_SPOT_" : "2771005010004",
        "MNTN_ID" : "277100501"
      },
      "geometry" : {
        "x" : 327880.30470000114,
        "y" : 341550.20750000142
      }
    },
    {
      "attributes" : {
        "FID" : 4,
        "PMNTN_SPOT" : 96053,
        "MNTN_CODE" : "277100501",
        "MANAGE_SP1" : "07",
        "MANAGE_SP2" : "시설물(운동기구 등)",
        "DETAIL_SPO" : "시설물(운동기구등)",
        "ETC_MATTER" : " ",
        "MNTN_NM" : "대니산",
        "PAST_SPOT_" : "2771005010005",
        "MNTN_ID" : "277100501"
      },
      "geometry" : {
        "x" : 326737.5254000001,
        "y" : 343323.28099999926
      }
    },
    {
      "attributes" : {
        "FID" : 5,
        "PMNTN_SPOT" : 96054,
        "MNTN_CODE" : "277100501",
        "MANAGE_SP1" : "09",
        "MANAGE_SP2" : "기타건물",
        "DETAIL_SPO" : "기타건물",
        "ETC_MATTER" : " ",
        "MNTN_NM" : "대니산",
        "PAST_SPOT_" : "2771005010006",
        "MNTN_ID" : "277100501"
      },
      "geometry" : {
        "x" : 327529.03110000107,
        "y" : 343104.48399999907
      }
    },
    {
      "attributes" : {
        "FID" : 6,
        "PMNTN_SPOT" : 96055,
        "MNTN_CODE" : "277100501",
        "MANAGE_SP1" : "09",
        "MANAGE_SP2" : "기타건물",
        "DETAIL_SPO" : "기타건물",
        "ETC_MATTER" : " ",
        "MNTN_NM" : "대니산",
        "PAST_SPOT_" : "2771005010007",
        "MNTN_ID" : "277100501"
      },
      "geometry" : {
        "x" : 327679.87760000082,
        "y" : 343059.96719999978
      }
    },
    {
      "attributes" : {
        "FID" : 7,
        "PMNTN_SPOT" : 96056,
        "MNTN_CODE" : "277100501",
        "MANAGE_SP1" : "09",
        "MANAGE_SP2" : "기타건물",
        "DETAIL_SPO" : "기타건물",
        "ETC_MATTER" : " ",
        "MNTN_NM" : "대니산",
        "PAST_SPOT_" : "2771005010008",
        "MNTN_ID" : "277100501"
      },
      "geometry" : {
        "x" : 327600.94739999896,
        "y" : 343054.98289999942
      }
    },
    {
      "attributes" : {
        "FID" : 8,
        "PMNTN_SPOT" : 96057,
        "MNTN_CODE" : "277100501",
        "MANAGE_SP1" : "05",
        "MANAGE_SP2" : "벤치",
        "DETAIL_SPO" : "벤치",
        "ETC_MATTER" : " ",
        "MNTN_NM" : "대니산",
        "PAST_SPOT_" : "2771005010009",
        "MNTN_ID" : "277100501"
      },
      "geometry" : {
        "x" : 327824.51499999966,
        "y" : 342803.28759999981
      }
    },
    {
      "attributes" : {
        "FID" : 9,
        "PMNTN_SPOT" : 96058,
        "MNTN_CODE" : "277100501",
        "MANAGE_SP1" : "05",
        "MANAGE_SP2" : "벤치",
        "DETAIL_SPO" : "벤치",
        "ETC_MATTER" : " ",
        "MNTN_NM" : "대니산",
        "PAST_SPOT_" : "2771005010010",
        "MNTN_ID" : "277100501"
      },
      "geometry" : {
        "x" : 327806.26889999886,
        "y" : 342673.2140999994
      }
    },
    {
      "attributes" : {
        "FID" : 10,
        "PMNTN_SPOT" : 96059,
        "MNTN_CODE" : "277100501",
        "MANAGE_SP1" : "05",
        "MANAGE_SP2" : "벤치",
        "DETAIL_SPO" : "벤치",
        "ETC_MATTER" : " ",
        "MNTN_NM" : "대니산",
        "PAST_SPOT_" : "2771005010011",
        "MNTN_ID" : "277100501"
      },
      "geometry" : {
        "x" : 327791.16100000043,
        "y" : 342607.8494000007
      }
    },
    {
      "attributes" : {
        "FID" : 11,
        "PMNTN_SPOT" : 96060,
        "MNTN_CODE" : "277100501",
        "MANAGE_SP1" : "03",
        "MANAGE_SP2" : "정자",
        "DETAIL_SPO" : "정자",
        "ETC_MATTER" : " ",
        "MNTN_NM" : "대니산",
        "PAST_SPOT_" : "2771005010012",
        "MNTN_ID" : "277100501"
      },
      "geometry" : {
        "x" : 327818.16420000081,
        "y" : 342228.41359999939
      }
    },
    {
      "attributes" : {
        "FID" : 12,
        "PMNTN_SPOT" : 96061,
        "MNTN_CODE" : "277100501",
        "MANAGE_SP1" : "11",
        "MANAGE_SP2" : "안내판또는지도",
        "DETAIL_SPO" : "안내판또는지도",
        "ETC_MATTER" : " ",
        "MNTN_NM" : "대니산",
        "PAST_SPOT_" : "2771005010013",
        "MNTN_ID" : "277100501"
      },
      "geometry" : {
        "x" : 327876.40810000029,
        "y" : 341557.95199999947
      }
    }
  ]
}