{
  "displayFieldName" : "",
  "fieldAliases" : {
    "FID" : "FID",
    "PMNTN_SN" : "PMNTN_SN",
    "MNTN_CODE" : "MNTN_CODE",
    "MNTN_NM" : "MNTN_NM",
    "PMNTN_NM" : "PMNTN_NM",
    "PMNTN_MAIN" : "PMNTN_MAIN",
    "PMNTN_LT" : "PMNTN_LT",
    "PMNTN_DFFL" : "PMNTN_DFFL",
    "PMNTN_UPPL" : "PMNTN_UPPL",
    "PMNTN_GODN" : "PMNTN_GODN",
    "PMNTN_MTRQ" : "PMNTN_MTRQ",
    "PMNTN_CNRL" : "PMNTN_CNRL",
    "PMNTN_CLS_" : "PMNTN_CLS_",
    "PMNTN_RISK" : "PMNTN_RISK",
    "PMNTN_RECO" : "PMNTN_RECO",
    "DATA_STDR_" : "DATA_STDR_",
    "MNTN_ID" : "MNTN_ID"
  },
  "geometryType" : "esriGeometryPolyline",
  "spatialReference" : {
    "wkt" : "PROJCS[\"PCS_ITRF2000_TM\",GEOGCS[\"GCS_ITRF_2000\",DATUM[\"D_ITRF_2000\",SPHEROID[\"GRS_1980\",6378137.0,298.257222101]],PRIMEM[\"Greenwich\",0.0],UNIT[\"Degree\",0.0174532925199433]],PROJECTION[\"Transverse_Mercator\"],PARAMETER[\"False_Easting\",200000.0],PARAMETER[\"False_Northing\",600000.0],PARAMETER[\"Central_Meridian\",127.0],PARAMETER[\"Scale_Factor\",1.0],PARAMETER[\"Latitude_Of_Origin\",38.0],UNIT[\"Meter\",1.0]]"
  },
  "fields" : [
    {
      "name" : "FID",
      "type" : "esriFieldTypeOID",
      "alias" : "FID"
    },
    {
      "name" : "PMNTN_SN",
      "type" : "esriFieldTypeDouble",
      "alias" : "PMNTN_SN"
    },
    {
      "name" : "MNTN_CODE",
      "type" : "esriFieldTypeString",
      "alias" : "MNTN_CODE",
      "length" : 9
    },
    {
      "name" : "MNTN_NM",
      "type" : "esriFieldTypeString",
      "alias" : "MNTN_NM",
      "length" : 50
    },
    {
      "name" : "PMNTN_NM",
      "type" : "esriFieldTypeString",
      "alias" : "PMNTN_NM",
      "length" : 50
    },
    {
      "name" : "PMNTN_MAIN",
      "type" : "esriFieldTypeString",
      "alias" : "PMNTN_MAIN",
      "length" : 200
    },
    {
      "name" : "PMNTN_LT",
      "type" : "esriFieldTypeSingle",
      "alias" : "PMNTN_LT"
    },
    {
      "name" : "PMNTN_DFFL",
      "type" : "esriFieldTypeString",
      "alias" : "PMNTN_DFFL",
      "length" : 8
    },
    {
      "name" : "PMNTN_UPPL",
      "type" : "esriFieldTypeDouble",
      "alias" : "PMNTN_UPPL"
    },
    {
      "name" : "PMNTN_GODN",
      "type" : "esriFieldTypeDouble",
      "alias" : "PMNTN_GODN"
    },
    {
      "name" : "PMNTN_MTRQ",
      "type" : "esriFieldTypeString",
      "alias" : "PMNTN_MTRQ",
      "length" : 200
    },
    {
      "name" : "PMNTN_CNRL",
      "type" : "esriFieldTypeString",
      "alias" : "PMNTN_CNRL",
      "length" : 1
    },
    {
      "name" : "PMNTN_CLS_",
      "type" : "esriFieldTypeString",
      "alias" : "PMNTN_CLS_",
      "length" : 1
    },
    {
      "name" : "PMNTN_RISK",
      "type" : "esriFieldTypeString",
      "alias" : "PMNTN_RISK",
      "length" : 200
    },
    {
      "name" : "PMNTN_RECO",
      "type" : "esriFieldTypeString",
      "alias" : "PMNTN_RECO",
      "length" : 1
    },
    {
      "name" : "DATA_STDR_",
      "type" : "esriFieldTypeString",
      "alias" : "DATA_STDR_",
      "length" : 10
    },
    {
      "name" : "MNTN_ID",
      "type" : "esriFieldTypeString",
      "alias" : "MNTN_ID",
      "length" : 10
    }
  ],
  "features" : [
    {
      "attributes" : {
        "FID" : 0,
        "PMNTN_SN" : 3992,
        "MNTN_CODE" : "468601401",
        "MNTN_NM" : "곤봉산",
        "PMNTN_NM" : "대덕리구간",
        "PMNTN_MAIN" : " ",
        "PMNTN_LT" : 1.1,
        "PMNTN_DFFL" : "쉬움",
        "PMNTN_UPPL" : 21,
        "PMNTN_GODN" : 14,
        "PMNTN_MTRQ" : " ",
        "PMNTN_CNRL" : " ",
        "PMNTN_CLS_" : " ",
        "PMNTN_RISK" : " ",
        "PMNTN_RECO" : " ",
        "DATA_STDR_" : "2016-12-31",
        "MNTN_ID" : "468601401"
      },
      "geometry" : {
        "paths" : [
          [
            [
              155327.4655000018,
              275010.5234999992
            ],
            [
              155326.60950000212,
              275010.80550000072
            ],
            [
              155325.54550000001,
              275011.38749999925
            ],
            [
              155324.48150000256,
              275012.0914999973
            ],
            [
              155323.52750000078,
              275012.88450000249
            ],
            [
              155322.60050000157,
              275013.64350000769
            ],
            [
              155321.70150000136,
              275014.30250000022
            ],
            [
              155320.79250000138,
              275015.09449999966
            ],
            [
              155315.3973000031,
              275020.59350000136
            ],
            [
              155314.6612999998,
              275021.18549999967
            ],
            [
              155313.8703000024,
              275021.78849999793
            ],
            [
              155313.1073000012,
              275022.40249999985
            ],
            [
              155312.39930000156,
              275023.07150000148
            ],
            [
              155311.44430000242,
              275023.6865000017
            ],
            [
              155310.41730000079,
              275024.35750000179
            ],
            [
              155309.43630000297,
              275025.23850000277
            ],
            [
              155308.52030000277,
              275026.24149999954
            ],
            [
              155307.55630000122,
              275026.95649999939
            ],
            [
              155306.52930000145,
              275027.60550000146
            ],
            [
              155305.51929999981,
              275028.22049999982
            ],
            [
              155304.60130000114,
              275028.83449999988
            ],
            [
              155303.76530000102,
              275029.48249999993
            ],
            [
              155302.88330000173,
              275029.98650000244
            ],
            [
              155301.82730000094,
              275030.37949999981
            ],
            [
              155300.18150000088,
              275030.56250000186
            ],
            [
              155299.12550000008,
              275030.88950000145
            ],
            [
              155298.05050000083,
              275031.31650000438
            ],
            [
              155297.1845000023,
              275031.36449999921
            ],
            [
              155296.36250000354,
              275031.13650000095
            ],
            [
              155295.80250000115,
              275030.37350000069
            ],
            [
              155295.5504999999,
              275029.30949999951
            ],
            [
              155295.45350000169,
              275028.05650000088
            ],
            [
              155295.41050000023,
              275026.78049999848
            ],
            [
              155295.66950000171,
              275025.56949999928
            ],
            [
              155296.02950000018,
              275024.55849999934
            ],
            [
              155298.84040000103,
              275018.80650000274
            ],
            [
              155299.12739999965,
              275017.76149999909
            ],
            [
              155299.34940000065,
              275016.49550000206
            ],
            [
              155299.37940000091,
              275015.27550000325
            ],
            [
              155299.40039999969,
              275014.05450000241
            ],
            [
              155299.37640000321,
              275012.77950000204
            ],
            [
              155299.2154000001,
              275011.62649999931
            ],
            [
              155298.97340000328,
              275010.61750000156
            ],
            [
              155298.69539999869,
              275009.79750000127
            ],
            [
              155298.49940000102,
              275008.91149999946
            ],
            [
              155298.27639999986,
              275008.01350000128
            ],
            [
              155297.8984000003,
              275007.1174999997
            ],
            [
              155297.49240000267,
              275006.1875
            ],
            [
              155297.13140000217,
              275005.2685000021
            ],
            [
              155296.74440000113,
              275004.33750000224
            ],
            [
              155296.37440000102,
              275003.38550000079
            ],
            [
              155295.99640000053,
              275002.47750000097
            ],
            [
              155295.62640000414,
              275001.55850000307
            ],
            [
              155295.3853999991,
              275000.71649999917
            ],
            [
              155295.17240000144,
              275000.05250000022
            ],
            [
              155294.90440000128,
              274999.38749999925
            ],
            [
              155294.54440000001,
              274998.56850000098
            ],
            [
              155294.28540000133,
              274997.73750000261
            ],
            [
              155294.01740000304,
              274996.97350000031
            ],
            [
              155293.67640000302,
              274996.26550000161
            ],
            [
              155293.31639999989,
              274995.53450000286
            ],
            [
              155292.94740000274,
              274994.54950000159
            ],
            [
              155292.53140000068,
              274993.41950000077
            ],
            [
              155292.15040000062,
              274992.17850000225
            ],
            [
              155291.72540000267,
              274990.92750000209
            ],
            [
              155291.49940000288,
              274989.50850000419
            ],
            [
              155291.24540000129,
              274988.02250000089
            ],
            [
              155290.90139999986,
              274986.71550000273
            ],
            [
              155291.30240000132,
              274986.30540000089
            ],
            [
              155291.07740000077,
              274985.00840000249
            ],
            [
              155290.96140000038,
              274983.63340000436
            ],
            [
              155290.63640000112,
              274982.50339999981
            ],
            [
              155290.19340000022,
              274981.44040000439
            ],
            [
              155289.75040000025,
              274980.39940000139
            ],
            [
              155289.51640000101,
              274979.12540000118
            ],
            [
              155289.37340000179,
              274977.88340000063
            ],
            [
              155289.24740000255,
              274976.53040000051
            ],
            [
              155289.1314000003,
              274975.16640000232
            ],
            [
              155289.09740000218,
              274973.72440000065
            ],
            [
              155289.0354000004,
              274972.32640000246
            ],
            [
              155288.97340000328,
              274970.91740000434
            ],
            [
              155288.94039999973,
              274969.64240000397
            ],
            [
              155288.92440000083,
              274968.34440000355
            ],
            [
              155289.00040000305,
              274967.00139999948
            ],
            [
              155288.98540000152,
              274965.94739999995
            ],
            [
              155288.8984000003,
              274964.92740000412
            ],
            [
              155288.78440000117,
              274963.88440000266
            ],
            [
              155288.63240000047,
              274962.76540000364
            ],
            [
              155288.54540000111,
              274961.65639999881
            ],
            [
              155288.51240000222,
              274960.61339999922
            ],
            [
              155288.41640000045,
              274959.61539999954
            ],
            [
              155288.24739999976,
              274958.65040000342
            ],
            [
              155288.23340000119,
              274957.74139999971
            ],
            [
              155288.19240000285,
              274956.65440000407
            ],
            [
              155287.94039999973,
              274955.53439999931
            ],
            [
              155287.72439999972,
              274954.32640000246
            ],
            [
              155287.42640000023,
              274953.08540000208
            ],
            [
              155287.13840000052,
              274952.06640000269
            ],
            [
              155286.76840000227,
              274951.0914000012
            ],
            [
              155286.36239999998,
              274949.95040000044
            ],
            [
              155285.95540000219,
              274948.85440000147
            ],
            [
              155285.46740000322,
              274947.90240000002
            ],
            [
              155284.90639999975,
              274946.99540000036
            ],
            [
              155284.30800000019,
              274944.48900000006
            ],
            [
              155283.93000000063,
              274943.52500000037
            ],
            [
              155283.68000000156,
              274942.86100000143
            ],
            [
              155283.22900000308,
              274941.94199999981
            ],
            [
              155282.63000000082,
              274940.73600000143
            ],
            [
              155282.18700000364,
              274939.6400000006
            ],
            [
              155281.71600000095,
              274938.52199999988
            ],
            [
              155281.1090000011,
              274937.49300000258
            ],
            [
              155280.57500000112,
              274936.50799999759
            ],
            [
              155280.00399999972,
              274935.52300000191
            ],
            [
              155279.40600000136,
              274934.50600000098
            ],
            [
              155278.85400000215,
              274933.46500000171
            ],
            [
              155278.27400000021,
              274932.42500000075
            ],
            [
              155277.62200000137,
              274931.40800000168
            ],
            [
              155276.50299999956,
              274930.37780000642
            ],
            [
              155275.81400000118,
              274929.41580000147
            ],
            [
              155275.19700000063,
              274928.30980000272
            ],
            [
              155274.58000000101,
              274927.02580000274
            ],
            [
              155273.84300000127,
              274925.69779999927
            ],
            [
              155273.20700000133,
              274924.29179999977
            ],
            [
              155272.47100000177,
              274922.98579999991
            ],
            [
              155271.56199999992,
              274921.83680000529
            ],
            [
              155270.67200000025,
              274920.76480000094
            ],
            [
              155269.11530000065,
              274918.44600000046
            ],
            [
              155266.80420000106,
              274917.07020000368
            ],
            [
              155264.12970000319,
              274915.65920000151
            ],
            [
              155262.602400003,
              274915.3367999997
            ],
            [
              155260.95909999963,
              274914.65149999782
            ],
            [
              155259.54210000113,
              274914.07050000131
            ],
            [
              155258.26110000163,
              274913.34450000152
            ],
            [
              155257.19810000341,
              274912.32950000092
            ],
            [
              155256.16210000031,
              274911.29150000215
            ],
            [
              155255.20810000319,
              274910.17550000176
            ],
            [
              155254.51810000278,
              274908.9254999999
            ],
            [
              155253.96510000061,
              274907.68550000153
            ],
            [
              155253.61210000049,
              274906.43350000121
            ],
            [
              155253.43210000265,
              274905.18050000258
            ],
            [
              155253.26210000087,
              274903.90550000221
            ],
            [
              155253.23710000142,
              274902.66350000165
            ],
            [
              155253.37810000312,
              274901.53050000221
            ],
            [
              155253.60009999946,
              274900.43150000274
            ],
            [
              155253.76810000092,
              274899.29850000329
            ],
            [
              155253.97210000083,
              274898.12150000222
            ],
            [
              155254.21310000122,
              274896.96650000103
            ],
            [
              155254.50910000037,
              274895.93349999934
            ],
            [
              155255.16009999998,
              274893.05650000274
            ],
            [
              155255.65710000135,
              274892.10050000064
            ],
            [
              155256.03610000294,
              274891.22150000371
            ],
            [
              155256.30510000046,
              274890.3665000014
            ],
            [
              155256.35510000121,
              274889.3674999997
            ],
            [
              155256.37810000032,
              274888.36849999987
            ],
            [
              155256.52810000256,
              274887.31450000219
            ],
            [
              155256.4681000011,
              274886.36050000228
            ],
            [
              155256.35410000011,
              274885.36250000261
            ],
            [
              155256.2031000033,
              274884.39750000089
            ],
            [
              155255.9980999995,
              274883.56650000066
            ],
            [
              155256.01109999884,
              274882.50150000118
            ],
            [
              155255.78710000217,
              274881.53750000149
            ],
            [
              155255.47310000099,
              274880.5735000018
            ],
            [
              155255.24910000153,
              274879.631500002
            ],
            [
              155255.33510000166,
              274878.62150000408
            ],
            [
              155255.11310000252,
              274878.00149999931
            ],
            [
              155255.21710000001,
              274876.9365000017
            ],
            [
              155255.24010000098,
              274875.99350000359
            ],
            [
              155255.41810000036,
              274875.10449999943
            ],
            [
              155255.57809999958,
              274874.26050000265
            ],
            [
              155255.7201000005,
              274873.3275000006
            ],
            [
              155255.66110000294,
              274872.59650000185
            ],
            [
              155255.58509999979,
              274871.89750000089
            ],
            [
              155255.55410000402,
              274871.13250000216
            ],
            [
              155255.67010000069,
              274870.59850000031
            ],
            [
              155255.84710000083,
              274869.49950000085
            ],
            [
              155255.58610000182,
              274864.79649999924
            ],
            [
              155255.59810000192,
              274863.55450000241
            ],
            [
              155255.55710000079,
              274862.52250000276
            ],
            [
              155255.45110000111,
              274861.51350000128
            ],
            [
              155254.69110000227,
              274855.31550000235
            ],
            [
              155254.65910000168,
              274854.30650000274
            ],
            [
              155255.50720000081,
              274850.17220000178
            ],
            [
              155257.7881000014,
              274847.1015000008
            ],
            [
              155258.8981000036,
              274846.44150000252
            ],
            [
              155259.74309999961,
              274845.87150000222
            ],
            [
              155260.61510000192,
              274845.02350000106
            ],
            [
              155261.85309999995,
              274844.52950000204
            ],
            [
              155262.90710000042,
              274843.75850000046
            ],
            [
              155264.08010000084,
              274842.93250000104
            ],
            [
              155265.30610000342,
              274841.93850000203
            ],
            [
              155266.64209999982,
              274840.95549999923
            ],
            [
              155267.65010000393,
              274840.04150000028
            ],
            [
              155268.31309999898,
              274839.36150000058
            ],
            [
              155269.28509999998,
              274838.65750000253
            ],
            [
              155270.2471000012,
              274837.60950000398
            ],
            [
              155270.87110000104,
              274834.55550000072
            ],
            [
              155265.84010000061,
              274831.71749999933
            ],
            [
              155263.78610000014,
              274829.67550000176
            ],
            [
              155261.93310000282,
              274829.38550000265
            ],
            [
              155261.79210000206,
              274828.55350000225
            ],
            [
              155261.33910000045,
              274827.35749999993
            ],
            [
              155260.23010000307,
              274826.09850000404
            ],
            [
              155259.47709999979,
              274825.05949999951
            ],
            [
              155258.36910000257,
              274824.26550000161
            ],
            [
              155257.08910000231,
              274823.71749999933
            ],
            [
              155256.15610000398,
              274823.12250000238
            ],
            [
              155255.21509999968,
              274822.78350000456
            ],
            [
              155254.17410000041,
              274822.68850000389
            ],
            [
              155253.03410000075,
              274822.58350000344
            ],
            [
              155251.79310000315,
              274822.50049999915
            ],
            [
              155250.63410000224,
              274822.36250000075
            ],
            [
              155249.31010000035,
              274822.26950000226
            ],
            [
              155248.206100001,
              274822.20750000142
            ],
            [
              155247.0391000025,
              274822.1695000045
            ],
            [
              155245.81610000227,
              274822.00850000046
            ],
            [
              155244.68310000002,
              274821.70350000262
            ],
            [
              155241.47510000225,
              274820.49950000271
            ],
            [
              155240.27010000031,
              274820.12849999778
            ],
            [
              155239.11810000055,
              274819.62350000069
            ],
            [
              155237.93010000139,
              274819.25149999931
            ],
            [
              155237.2220999999,
              274818.11250000075
            ],
            [
              155236.60010000225,
              274817.6604999993
            ],
            [
              155235.66110000294,
              274817.77650000155
            ],
            [
              155234.47740000114,
              274817.53820000216
            ],
            [
              155233.64460000116,
              274817.22069999948
            ],
            [
              155232.69710000325,
              274816.13750000112
            ],
            [
              155232.34710000176,
              274815.37450000085
            ],
            [
              155232.04110000096,
              274814.46550000273
            ],
            [
              155231.75509999972,
              274813.62350000069
            ],
            [
              155231.43010000046,
              274812.51550000161
            ],
            [
              155231.16810000222,
              274811.24149999954
            ],
            [
              155227.21710000001,
              274801.57450000197
            ],
            [
              155225.37110000011,
              274795.32650000043
            ],
            [
              155225.53310000245,
              274795.00350000151
            ],
            [
              155225.18310000189,
              274794.18450000137
            ],
            [
              155224.89510000031,
              274793.18750000373
            ],
            [
              155224.57110000215,
              274792.16750000045
            ],
            [
              155224.456100001,
              274791.1815000046
            ],
            [
              155224.34210000001,
              274790.1054999996
            ],
            [
              155224.17210000008,
              274788.93050000258
            ],
            [
              155223.84710000083,
              274787.84450000152
            ],
            [
              155214.29010000266,
              274758.7025000006
            ],
            [
              155213.44970000256,
              274756.85529999994
            ],
            [
              155212.13980000187,
              274756.24510000274
            ],
            [
              155211.26900000032,
              274755.62740000151
            ],
            [
              155209.80540000182,
              274755.54219999909
            ],
            [
              155208.33240000065,
              274754.72900000215
            ],
            [
              155208.04009999987,
              274753.15450000018
            ],
            [
              155207.78310000338,
              274750.95849999972
            ],
            [
              155207.50509999972,
              274750.01750000007
            ],
            [
              155207.19110000134,
              274749.28650000133
            ],
            [
              155206.81310000084,
              274748.43450000137
            ],
            [
              155206.54410000145,
              274747.53650000133
            ],
            [
              155206.38409999944,
              274746.59449999966
            ],
            [
              155206.52209999971,
              274744.99650000036
            ],
            [
              155206.32510000002,
              274743.77650000155
            ],
            [
              155206.02810000163,
              274742.74650000036
            ],
            [
              155205.57610000204,
              274741.8495000042
            ],
            [
              155205.18910000101,
              274741.04150000215
            ],
            [
              155205.230100004,
              274740.14250000007
            ],
            [
              155204.86210000049,
              274739.35749999993
            ],
            [
              155204.51009999961,
              274738.3825000003
            ],
            [
              155203.92310000118,
              274737.71950000152
            ],
            [
              155203.30810000189,
              274736.9795000013
            ],
            [
              155202.76610000338,
              274736.18350000121
            ],
            [
              155202.17910000309,
              274735.50950000063
            ],
            [
              155201.95410000253,
              274734.33449999988
            ],
            [
              155201.66610000003,
              274733.25950000435
            ],
            [
              155201.2341,
              274732.59650000185
            ],
            [
              155200.8291000016,
              274731.85450000316
            ],
            [
              155200.52510000393,
              274731.14650000259
            ],
            [
              155200.16610000189,
              274730.48249999806
            ],
            [
              155199.82410000172,
              274729.60750000179
            ],
            [
              155199.5641000038,
              274728.71050000191
            ],
            [
              155199.04110000376,
              274728.20250000246
            ],
            [
              155199.19810000155,
              274726.61550000496
            ],
            [
              155198.08709999919,
              274725.15650000237
            ],
            [
              155197.38209999911,
              274724.6165000014
            ],
            [
              155196.65110000037,
              274724.36449999921
            ],
            [
              155196.01210000087,
              274724.25650000386
            ],
            [
              155195.27109999955,
              274723.81650000066
            ],
            [
              155194.57510000281,
              274723.3655000031
            ],
            [
              155193.39710000157,
              274722.9495000001
            ],
            [
              155192.11710000318,
              274722.43450000137
            ],
            [
              155191.02910000086,
              274721.99550000206
            ],
            [
              155189.86010000017,
              274721.7135000024
            ],
            [
              155188.89210000262,
              274721.37450000085
            ],
            [
              155187.90510000009,
              274721.02350000106
            ],
            [
              155186.58010000084,
              274720.57550000213
            ],
            [
              155185.38310000114,
              274720.1484999992
            ],
            [
              155184.39610000048,
              274719.79849999957
            ],
            [
              155183.57309999969,
              274719.39250000194
            ],
            [
              155183.00609999988,
              274719.12850000151
            ],
            [
              155182.61309999973,
              274718.97549999878
            ],
            [
              155182.24810000043,
              274718.93250000104
            ],
            [
              155181.78410000075,
              274719.07850000262
            ],
            [
              155181.64709999971,
              274719.0354999993
            ],
            [
              155181.53710000124,
              274718.98050000146
            ],
            [
              155181.62610000093,
              274718.52550000139
            ],
            [
              155181.76110000163,
              274718.2255000025
            ],
            [
              155181.80610000063,
              274718.05849999934
            ],
            [
              155181.63110000081,
              274717.70450000092
            ],
            [
              155181.11810000241,
              274717.30750000104
            ],
            [
              155179.95010000095,
              274717.26850000396
            ],
            [
              155179.71410000417,
              274717.40350000001
            ],
            [
              155179.43110000156,
              274717.36050000042
            ],
            [
              155179.02910000086,
              274717.29549999908
            ],
            [
              155178.24409999978,
              274717.19950000197
            ],
            [
              155177.42310000211,
              274717.07050000131
            ],
            [
              155176.66510000173,
              274716.89650000259
            ],
            [
              155175.80610000063,
              274716.69050000235
            ],
            [
              155174.84810000006,
              274716.57350000367
            ],
            [
              155173.92610000074,
              274716.51050000079
            ],
            [
              155173.06910000276,
              274716.49349999987
            ],
            [
              155171.9841,
              274716.6754999999
            ],
            [
              155170.73510000296,
              274716.7265000008
            ],
            [
              155169.75009999983,
              274716.7424999997
            ],
            [
              155168.65810000151,
              274717.28050000221
            ],
            [
              155167.89210000075,
              274717.35050000064
            ],
            [
              155167.0261000013,
              274717.54350000061
            ],
            [
              155166.32510000188,
              274717.79150000028
            ],
            [
              155165.51510000136,
              274718.18350000121
            ],
            [
              155164.78710000031,
              274718.4085000027
            ],
            [
              155164.08610000089,
              274718.63450000435
            ],
            [
              155163.45710000023,
              274718.82550000213
            ],
            [
              155163.12810000032,
              274718.67250000127
            ],
            [
              155162.62610000093,
              274718.67450000346
            ],
            [
              155161.93410000019,
              274718.8004999999
            ],
            [
              155161.36010000203,
              274719.01350000501
            ],
            [
              155160.90410000086,
              274719.11550000124
            ],
            [
              155160.50410000235,
              274719.25050000288
            ],
            [
              155160.01210000087,
              274719.46450000443
            ],
            [
              155159.56710000336,
              274719.72149999999
            ],
            [
              155159.09410000034,
              274720.11250000075
            ],
            [
              155158.49410000071,
              274720.39250000007
            ],
            [
              155157.87510000076,
              274720.65050000325
            ],
            [
              155157.2461000029,
              274720.87550000101
            ],
            [
              155156.6911000004,
              274721.1445000004
            ],
            [
              155156.14510000311,
              274721.39150000177
            ],
            [
              155155.7081000004,
              274721.56050000153
            ],
            [
              155155.25210000202,
              274721.65150000155
            ],
            [
              155154.75110000186,
              274721.6425000038
            ],
            [
              155154.20310000144,
              274721.64550000243
            ],
            [
              155153.68410000205,
              274721.64750000089
            ],
            [
              155153.23709999956,
              274721.63850000128
            ],
            [
              155152.87109999917,
              274721.58549999818
            ],
            [
              155152.48809999973,
              274721.52050000243
            ],
            [
              155152.10510000121,
              274721.45550000109
            ],
            [
              155151.33610000368,
              274721.03850000352
            ],
            [
              155150.83310000319,
              274720.77450000122
            ],
            [
              155150.37710000016,
              274720.73249999993
            ],
            [
              155150.00310000032,
              274720.65650000237
            ],
            [
              155149.71109999996,
              274720.62450000457
            ],
            [
              155149.43710000068,
              274720.57049999945
            ],
            [
              155149.11710000131,
              274720.57150000148
            ],
            [
              155148.61610000115,
              274720.71849999949
            ],
            [
              155148.11610000208,
              274720.88749999925
            ],
            [
              155147.80610000063,
              274720.97750000283
            ],
            [
              155129.06510000024,
              274727.29450000264
            ],
            [
              155128.48110000137,
              274727.23050000146
            ],
            [
              155127.75009999983,
              274727.0565000046
            ],
            [
              155127.19310000166,
              274726.82650000416
            ],
            [
              155126.39709999971,
              274726.39750000276
            ],
            [
              155125.83010000084,
              274726.22350000031
            ],
            [
              155125.20010000188,
              274725.95950000361
            ],
            [
              155124.26059999969,
              274724.33730000071
            ],
            [
              155123.76659999974,
              274724.02930000052
            ],
            [
              155123.37260000035,
              274723.79830000177
            ],
            [
              155123.05360000022,
              274723.74430000223
            ],
            [
              155114.79890000075,
              274721.73980000243
            ],
            [
              155109.92879999988,
              274719.86700000241
            ],
            [
              155106.31219999958,
              274715.62710000202
            ],
            [
              155096.62229999993,
              274707.45030000061
            ],
            [
              155088.06460000109,
              274702.50120000169
            ],
            [
              155079.23260000069,
              274697.65560000204
            ],
            [
              155071.91810000408,
              274691.69089999981
            ],
            [
              155063.41660000104,
              274687.66110000201
            ],
            [
              155062.85819999967,
              274687.41950000264
            ],
            [
              155062.37910000235,
              274687.37250000238
            ],
            [
              155062.19610000122,
              274687.2295000013
            ],
            [
              155061.67509999964,
              274686.94350000285
            ],
            [
              155061.14310000092,
              274686.40249999985
            ],
            [
              155060.86030000076,
              274686.17040000297
            ],
            [
              155060.7313000001,
              274685.99340000004
            ],
            [
              155060.85710000154,
              274685.70450000092
            ],
            [
              155060.94809999876,
              274685.6715000011
            ],
            [
              155060.81910000276,
              274685.50549999997
            ],
            [
              155060.65680000186,
              274685.37050000019
            ],
            [
              155060.4261000026,
              274685.24149999954
            ],
            [
              155059.95110000111,
              274685.11050000042
            ],
            [
              155059.04609999899,
              274684.80450000055
            ],
            [
              155058.10510000121,
              274684.409500001
            ],
            [
              155057.081100001,
              274683.90450000204
            ],
            [
              155056.1941000009,
              274683.54250000045
            ],
            [
              155055.36310000159,
              274683.39150000177
            ],
            [
              155054.47809999995,
              274683.32850000262
            ],
            [
              155053.71210000198,
              274683.28849999979
            ],
            [
              155053.23810000345,
              274683.33550000377
            ],
            [
              155053.02270000242,
              274683.60080000199
            ],
            [
              155052.71480000019,
              274684.0949000027
            ],
            [
              155052.4804000007,
              274684.54370000213
            ],
            [
              155052.05910000112,
              274684.83850000054
            ],
            [
              155051.69510000106,
              274684.87350000255
            ],
            [
              155051.33809999935,
              274684.78649999946
            ],
            [
              155050.88110000174,
              274684.46750000119
            ],
            [
              155050.29510000069,
              274684.11549999937
            ],
            [
              155049.62810000405,
              274683.90750000067
            ],
            [
              155048.83410000056,
              274683.71150000021
            ],
            [
              155048.00210000109,
              274683.44950000197
            ],
            [
              155047.33510000259,
              274683.16449999996
            ],
            [
              155046.6671000002,
              274682.79050000012
            ],
            [
              155045.88910000119,
              274682.20649999939
            ],
            [
              155045.38410000224,
              274681.59850000218
            ],
            [
              155045.11710000224,
              274681.08950000256
            ],
            [
              155044.67709999997,
              274680.57049999945
            ],
            [
              155044.44810000248,
              274680.2835000027
            ],
            [
              155043.84210000001,
              274679.62050000019
            ],
            [
              155043.19910000078,
              274678.69150000252
            ],
            [
              155042.3741000006,
              274677.76350000314
            ],
            [
              155041.33910000138,
              274677.03649999946
            ],
            [
              155040.65309999976,
              274676.5634999983
            ],
            [
              155040.23009999935,
              274675.96649999917
            ],
            [
              155039.82510000374,
              274675.23550000042
            ],
            [
              155039.32010000013,
              274674.45050000213
            ],
            [
              155038.79509999976,
              274673.60950000025
            ],
            [
              155038.38110000361,
              274672.72450000234
            ],
            [
              155037.76510000043,
              274671.91750000045
            ],
            [
              155037.12310000136,
              274671.02250000462
            ],
            [
              155036.28810000326,
              274670.02749999985
            ],
            [
              155035.62610000186,
              274669.06550000794
            ],
            [
              155035.07410000265,
              274668.05850000121
            ],
            [
              155034.53110000305,
              274667.09649999999
            ],
            [
              155034.07910000067,
              274666.14450000226
            ],
            [
              155033.5270999996,
              274665.24850000441
            ],
            [
              155032.75710000284,
              274664.45350000076
            ],
            [
              155032.12510000169,
              274663.82450000383
            ],
            [
              155031.27310000081,
              274663.2405000031
            ],
            [
              155030.48610000126,
              274662.62250000052
            ],
            [
              155029.75409999955,
              274662.1054999996
            ],
            [
              155028.91210000031,
              274661.6985000018
            ],
            [
              155028.03510000091,
              274661.37050000019
            ],
            [
              155027.2770999996,
              274661.11850000173
            ],
            [
              155026.57310000062,
              274660.93350000307
            ],
            [
              155025.78010000009,
              274660.85950000212
            ],
            [
              155024.95010000002,
              274660.91950000077
            ],
            [
              155023.85709999967,
              274661.26849999838
            ],
            [
              155022.65410000272,
              274661.51850000024
            ],
            [
              155021.48910000082,
              274661.95750000142
            ],
            [
              155020.43310000282,
              274662.50650000013
            ],
            [
              155019.56010000315,
              274662.93250000104
            ],
            [
              155018.79510000255,
              274663.31350000016
            ],
            [
              155018.0131000001,
              274663.76050000265
            ],
            [
              155017.24910000246,
              274664.2304999996
            ],
            [
              155016.57610000204,
              274664.62250000052
            ],
            [
              155016.0121000018,
              274664.92449999973
            ],
            [
              155015.43010000326,
              274665.36050000042
            ],
            [
              155014.88510000054,
              274665.75149999931
            ],
            [
              155014.33910000324,
              274666.03150000051
            ],
            [
              155013.7481000023,
              274666.36749999784
            ],
            [
              155013.17609999981,
              274666.88049999997
            ],
            [
              155012.63109999895,
              274667.49350000173
            ],
            [
              155012.00510000158,
              274668.16150000319
            ],
            [
              155011.28810000047,
              274668.76450000145
            ],
            [
              155010.43410000019,
              274669.47850000113
            ],
            [
              155009.52509999927,
              274670.14949999936
            ],
            [
              155008.64309999999,
              274670.6865000017
            ],
            [
              155007.90610000212,
              274671.10050000064
            ],
            [
              155006.95810000133,
              274671.30450000241
            ],
            [
              155005.71010000166,
              274671.64350000024
            ],
            [
              155004.7881000014,
              274671.4485000018
            ],
            [
              155003.96610000078,
              274671.24149999954
            ],
            [
              155003.10810000356,
              274671.09050000086
            ],
            [
              155002.28610000294,
              274670.87250000238
            ],
            [
              155001.57310000341,
              274670.61050000414
            ],
            [
              155000.93390000146,
              274669.9037000034
            ],
            [
              154999.98709999956,
              274668.9315000046
            ],
            [
              154999.38210000005,
              274668.45750000142
            ],
            [
              154998.58710000105,
              274668.18450000137
            ],
            [
              154997.76510000043,
              274667.91050000116
            ],
            [
              154996.8601000011,
              274667.49350000173
            ],
            [
              154995.872100004,
              274666.93250000104
            ],
            [
              154994.07010000013,
              274665.88750000112
            ],
            [
              154988.13610000256,
              274663.02150000259
            ],
            [
              154987.04710000101,
              274662.41650000028
            ],
            [
              154986.40510000382,
              274661.74350000359
            ],
            [
              154985.77210000064,
              274661.04750000127
            ],
            [
              154985.18609999958,
              274660.57349999808
            ],
            [
              154984.92109999899,
              274660.41950000077
            ],
            [
              154984.78309999965,
              274660.23150000162
            ],
            [
              154984.62609999999,
              274659.75550000183
            ],
            [
              154984.23910000082,
              274659.02450000308
            ],
            [
              154983.66009999998,
              274658.0735000018
            ],
            [
              154983.11610000115,
              274657.04450000264
            ],
            [
              154982.54509999976,
              274655.9375
            ],
            [
              154981.74610000011,
              274654.82150000148
            ],
            [
              154981.0931000039,
              274653.73750000447
            ],
            [
              154980.27810000349,
              274653.03150000237
            ],
            [
              154979.53410000075,
              274652.11449999921
            ],
            [
              154978.82809999865,
              274651.21849999949
            ],
            [
              154978.19410000183,
              274650.36749999784
            ],
            [
              154977.61510000098,
              274649.53849999979
            ],
            [
              154976.82809999865,
              274648.9765000008
            ],
            [
              154975.88609999977,
              274648.52649999969
            ],
            [
              154974.86310000345,
              274648.29850000143
            ],
            [
              154974.14110000059,
              274647.89150000177
            ],
            [
              154973.39010000415,
              274647.41850000061
            ],
            [
              154972.50310000218,
              274646.97849999927
            ],
            [
              154971.59810000006,
              274646.48450000212
            ],
            [
              154970.68310000096,
              274645.98949999921
            ],
            [
              154969.72310000286,
              274645.506500002
            ],
            [
              154968.8991000019,
              274644.94449999928
            ],
            [
              154968.1761000026,
              274644.41550000012
            ],
            [
              154967.55310000107,
              274643.88550000265
            ],
            [
              154966.9571000021,
              274643.33450000174
            ],
            [
              154966.47109999973,
              274642.63749999925
            ],
            [
              154966.11910000071,
              274641.74049999937
            ],
            [
              154965.80509999953,
              274640.86550000124
            ],
            [
              154965.61810000055,
              274640.00150000118
            ],
            [
              154965.50410000142,
              274639.10349999927
            ],
            [
              154965.37210000027,
              274638.17149999738
            ],
            [
              154965.14810000267,
              274637.2295000013
            ],
            [
              154964.99810000323,
              274636.26550000161
            ],
            [
              154964.85610000044,
              274635.38949999958
            ],
            [
              154964.72410000023,
              274634.44750000164
            ],
            [
              154964.50009999983,
              274633.48350000195
            ],
            [
              154964.22210000083,
              274632.43050000258
            ],
            [
              154963.96009999979,
              274631.28950000554
            ],
            [
              154963.68110000063,
              274630.16950000077
            ],
            [
              154963.24710000213,
              274629.15150000155
            ],
            [
              154962.77710000053,
              274628.18850000203
            ],
            [
              154962.30710000172,
              274627.23650000244
            ],
            [
              154961.84610000253,
              274626.15150000341
            ],
            [
              154961.21109999903,
              274625.02350000106
            ],
            [
              154960.58510000072,
              274623.86150000244
            ],
            [
              154960.08710000291,
              274622.78750000149
            ],
            [
              154959.65310000163,
              274621.81350000203
            ],
            [
              154959.22109999973,
              274621.0615000017
            ],
            [
              154958.68810000177,
              274620.28749999963
            ],
            [
              154958.17310000304,
              274619.51350000314
            ],
            [
              154957.76010000054,
              274618.86050000042
            ],
            [
              154957.33810000028,
              274618.5295000039
            ],
            [
              154957.07309999969,
              274618.30950000323
            ],
            [
              154956.34310000204,
              274618.30150000006
            ],
            [
              154955.6501000002,
              274618.41650000028
            ],
            [
              154953.79050000198,
              274617.75500000268
            ],
            [
              154953.28940000106,
              274615.10749999993
            ],
            [
              154955.09410000313,
              274594.49950000457
            ],
            [
              154955.13410000224,
              274593.47850000113
            ],
            [
              154955.1930999998,
              274592.40149999969
            ],
            [
              154955.29710000195,
              274591.28050000221
            ],
            [
              154955.21010000259,
              274590.29350000434
            ],
            [
              154954.9681000039,
              274589.32949999906
            ],
            [
              154954.60710000154,
              274588.42149999924
            ],
            [
              154954.1651000008,
              274587.53650000133
            ],
            [
              154953.53210000042,
              274586.784500001
            ],
            [
              154953.17310000025,
              274586.03250000253
            ],
            [
              154952.67610000074,
              274585.15850000083
            ],
            [
              154951.93310000002,
              274584.47450000234
            ],
            [
              154950.78010000009,
              274583.7255000025
            ],
            [
              154950.00110000093,
              274582.9525000006
            ],
            [
              154949.34210000094,
              274582.46750000119
            ],
            [
              154948.50210000109,
              274582.4384999983
            ],
            [
              154947.51510000043,
              274581.93350000121
            ],
            [
              154946.19710000139,
              274581.14150000177
            ],
            [
              154945.28110000025,
              274580.30250000209
            ],
            [
              154944.19110000413,
              274579.43150000088
            ],
            [
              154939.04129999969,
              274571.76459999941
            ],
            [
              154933.19140000269,
              274567.74829999916
            ],
            [
              154931.44969999883,
              274563.70560000092
            ],
            [
              154932.6872000033,
              274556.40300000273
            ],
            [
              154931.53839999996,
              274544.75290000439
            ],
            [
              154928.06970000081,
              274539.45630000159
            ],
            [
              154926.18369999994,
              274532.64770000055
            ],
            [
              154921.00400000159,
              274528.59920000099
            ],
            [
              154917.22760000359,
              274523.50439999998
            ],
            [
              154915.68250000011,
              274516.71090000123
            ],
            [
              154913.03010000288,
              274511.32450000197
            ],
            [
              154909.26410000306,
              274508.03950000182
            ],
            [
              154892.66440000013,
              274501.37390000001
            ],
            [
              154876.07010000013,
              274497.03959999979
            ],
            [
              154866.45460000075,
              274495.11060000025
            ],
            [
              154856.39730000217,
              274494.60869999975
            ],
            [
              154850.38250000216,
              274489.76559999958
            ],
            [
              154841.36770000029,
              274486.37460000254
            ],
            [
              154834.18190000206,
              274482.49730000459
            ],
            [
              154828.6073000012,
              274482.23880000412
            ],
            [
              154817.57700000145,
              274480.34180000052
            ],
            [
              154792.13379999995,
              274473.72269999981
            ],
            [
              154766.40450000111,
              274464.22930000164
            ],
            [
              154748.52850000001,
              274457.66660000384
            ],
            [
              154733.92819999903,
              274454.31580000371
            ],
            [
              154726.19909999985,
              274448.43750000186
            ],
            [
              154722.15060000028,
              274436.53790000081
            ],
            [
              154719.10010000039,
              274427.96829999983
            ],
            [
              154709.15899999999,
              274421.95820000209
            ],
            [
              154695.6518000029,
              274413.37460000068
            ],
            [
              154676.19579999987,
              274405.40970000066
            ]
          ]
        ]
      }
    },
    {
      "attributes" : {
        "FID" : 1,
        "PMNTN_SN" : 3993,
        "MNTN_CODE" : "468601401",
        "MNTN_NM" : "곤봉산",
        "PMNTN_NM" : "만흥리구간",
        "PMNTN_MAIN" : " ",
        "PMNTN_LT" : 0.91,
        "PMNTN_DFFL" : "쉬움",
        "PMNTN_UPPL" : 17,
        "PMNTN_GODN" : 12,
        "PMNTN_MTRQ" : " ",
        "PMNTN_CNRL" : " ",
        "PMNTN_CLS_" : " ",
        "PMNTN_RISK" : " ",
        "PMNTN_RECO" : " ",
        "DATA_STDR_" : "2016-12-31",
        "MNTN_ID" : "468601401"
      },
      "geometry" : {
        "paths" : [
          [
            [
              153742.96009618603,
              272922.95818294398
            ],
            [
              153746.46376246028,
              272963.20588757843
            ],
            [
              153749.60790715832,
              272969.57377547584
            ],
            [
              153747.95888946019,
              272981.74042132683
            ],
            [
              153744.71657295432,
              272994.95776860043
            ],
            [
              153740.95553881675,
              273006.05513975769
            ],
            [
              153735.0692219045,
              273018.72988959029
            ],
            [
              153731.3081875043,
              273029.82726052217
            ],
            [
              153731.27104097977,
              273037.23788994737
            ],
            [
              153734.91532912292,
              273049.43106876314
            ],
            [
              153741.70906777494,
              273066.9334745165
            ],
            [
              153747.98939556535,
              273081.25724308379
            ],
            [
              153757.46428081673,
              273091.89161719754
            ],
            [
              153775.39519037306,
              273105.21509886533
            ],
            [
              153807.52781449817,
              273136.60746661015
            ],
            [
              153827.54951339122,
              273155.23487080261
            ],
            [
              153841.78041505627,
              273167.48111949116
            ],
            [
              153852.84329253808,
              273178.12345586903
            ],
            [
              153873.94222704694,
              273193.0508534722
            ],
            [
              153884.43331903312,
              273212.15982937068
            ],
            [
              153909.69791047182,
              273240.87105609849
            ],
            [
              153942.32271701843,
              273279.67671813816
            ],
            [
              153957.56186435372,
              273301.98556270823
            ],
            [
              153967.02348179929,
              273315.26659575291
            ],
            [
              153990.73722889554,
              273336.55923596397
            ],
            [
              154012.8789046891,
              273354.66793170385
            ],
            [
              154028.69779918622,
              273366.92214669473
            ],
            [
              154044.54853611626,
              273372.82439178973
            ],
            [
              154057.23124865722,
              273377.1227233205
            ],
            [
              154086.24626617506,
              273396.85391006432
            ],
            [
              154089.90647217911,
              273405.87110992707
            ],
            [
              154095.12813527696,
              273420.18957941979
            ],
            [
              154103.5098621659,
              273437.69995581917
            ],
            [
              154108.73683197331,
              273450.95976392552
            ],
            [
              154114.9853132898,
              273471.63551198691
            ],
            [
              154124.44958351087,
              273484.38721828349
            ],
            [
              154143.39935254958,
              273505.65598433837
            ],
            [
              154161.79856162798,
              273531.15674512833
            ],
            [
              154187.15868149605,
              273540.812075831
            ],
            [
              154225.20416972972,
              273554.23641096614
            ],
            [
              154250.5802129861,
              273560.71575709619
            ],
            [
              154273.29633373115,
              273569.82849037834
            ]
          ]
        ]
      }
    },
    {
      "attributes" : {
        "FID" : 2,
        "PMNTN_SN" : 3994,
        "MNTN_CODE" : "468601401",
        "MNTN_NM" : "곤봉산",
        "PMNTN_NM" : "수호리구간",
        "PMNTN_MAIN" : " ",
        "PMNTN_LT" : 1.46,
        "PMNTN_DFFL" : "쉬움",
        "PMNTN_UPPL" : 26,
        "PMNTN_GODN" : 18,
        "PMNTN_MTRQ" : " ",
        "PMNTN_CNRL" : " ",
        "PMNTN_CLS_" : " ",
        "PMNTN_RISK" : " ",
        "PMNTN_RECO" : " ",
        "DATA_STDR_" : "2016-12-31",
        "MNTN_ID" : "468601401"
      },
      "geometry" : {
        "paths" : [
          [
            [
              154273.29633373115,
              273569.82849037834
            ],
            [
              154301.30311144702,
              273579.49709159881
            ],
            [
              154316.07926792651,
              273588.57002109103
            ],
            [
              154354.63286275137,
              273606.23166219331
            ],
            [
              154364.67953802645,
              273608.39940598048
            ],
            [
              154381.10737642366,
              273604.77635212243
            ],
            [
              154431.98950122576,
              273591.79782631248
            ],
            [
              154444.17207737453,
              273590.27086704411
            ],
            [
              154477.53851280641,
              273586.73272932135
            ],
            [
              154532.58629722055,
              273587.53804010525
            ],
            [
              154552.1635890957,
              273589.22421866655
            ],
            [
              154575.36658991408,
              273606.80890818313
            ],
            [
              154596.47880294453,
              273619.08967202529
            ],
            [
              154604.90033592284,
              273628.66009223834
            ],
            [
              154619.1657415349,
              273634.02505349554
            ],
            [
              154637.68702648673,
              273635.17659465224
            ],
            [
              154676.29901548848,
              273641.1929568015
            ],
            [
              154701.16431557573,
              273643.96433612332
            ],
            [
              154722.2924532434,
              273653.06911496818
            ],
            [
              154746.59392530378,
              273662.7191476915
            ],
            [
              154766.66340128239,
              273671.81862003542
            ],
            [
              154806.85808219668,
              273678.90160834044
            ],
            [
              154821.66343691014,
              273682.15189999714
            ],
            [
              154834.85160706006,
              273691.21687528677
            ],
            [
              154862.27864920162,
              273710.9401281625
            ],
            [
              154888.12565887906,
              273729.06742695346
            ],
            [
              154898.69105633162,
              273733.35515258834
            ],
            [
              154929.34981649462,
              273741.97837149911
            ],
            [
              154958.42058342043,
              273750.59362976067
            ],
            [
              154992.77139670216,
              273761.88208321668
            ],
            [
              155019.743416043,
              273766.78140759282
            ],
            [
              155047.31111150887,
              273758.45009956136
            ],
            [
              155085.44951481931,
              273753.34785479866
            ],
            [
              155134.21435600333,
              273740.35871182568
            ],
            [
              155192.01498807501,
              273720.00403922237
            ],
            [
              155210.04675919935,
              273713.21295573935
            ],
            [
              155222.73214053642,
              273716.98196603917
            ],
            [
              155233.24712114688,
              273731.32699290849
            ],
            [
              155273.76946931146,
              273778.6418422237
            ],
            [
              155327.93501813803,
              273849.84561755136
            ],
            [
              155350.54235715326,
              273880.66096620634
            ],
            [
              155367.92537893448,
              273897.68715513125
            ],
            [
              155412.68768565543,
              273943.96458674408
            ],
            [
              155425.34122258145,
              273954.08558137342
            ],
            [
              155455.37778149918,
              273981.23276853003
            ],
            [
              155469.10590536334,
              273988.18308169022
            ],
            [
              155483.90330837574,
              273993.0213759765
            ],
            [
              155523.58461094275,
              273996.9257398434
            ],
            [
              155552.18179494981,
              273994.42239116877
            ]
          ]
        ]
      }
    },
    {
      "attributes" : {
        "FID" : 3,
        "PMNTN_SN" : 3995,
        "MNTN_CODE" : "468601401",
        "MNTN_NM" : "곤봉산",
        "PMNTN_NM" : "내교리구간",
        "PMNTN_MAIN" : " ",
        "PMNTN_LT" : 1.17,
        "PMNTN_DFFL" : "쉬움",
        "PMNTN_UPPL" : 21,
        "PMNTN_GODN" : 14,
        "PMNTN_MTRQ" : " ",
        "PMNTN_CNRL" : " ",
        "PMNTN_CLS_" : " ",
        "PMNTN_RISK" : " ",
        "PMNTN_RECO" : " ",
        "DATA_STDR_" : "2016-12-31",
        "MNTN_ID" : "468601401"
      },
      "geometry" : {
        "paths" : [
          [
            [
              155534.61154416483,
              274120.31842305325
            ],
            [
              155521.35171086807,
              274125.54539135098
            ],
            [
              155513.92779667489,
              274128.15489449538
            ],
            [
              155500.15455573611,
              274130.20321820304
            ],
            [
              155485.88117695693,
              274126.42623896152
            ],
            [
              155472.14774596598,
              274120.53458694741
            ],
            [
              155456.86347546615,
              274107.22432938963
            ],
            [
              155442.10057487991,
              274095.50472132303
            ],
            [
              155420.96446263138,
              274087.98791977763
            ],
            [
              155401.94036962371,
              274081.54039768688
            ],
            [
              155365.48814143613,
              274067.06532118656
            ],
            [
              155329.03856844269,
              274052.06091423146
            ],
            [
              155297.82392654382,
              274048.72834303044
            ],
            [
              155278.82372115646,
              274037.51683828421
            ],
            [
              155267.73429683596,
              274032.16779013909
            ],
            [
              155239.71687773895,
              274024.61649072543
            ],
            [
              155213.80882398039,
              274018.66380207054
            ],
            [
              155198.99284828641,
              274017.53082962707
            ],
            [
              155191.0316438321,
              274021.72567342222
            ],
            [
              155179.92364318296,
              274020.08194676042
            ],
            [
              155168.81033485848,
              274019.49688320421
            ],
            [
              155160.31979914196,
              274023.68907292373
            ],
            [
              155151.85049475916,
              274023.64661039412
            ],
            [
              155131.76509014331,
              274017.72311528213
            ],
            [
              155120.12775872368,
              274016.07673487067
            ],
            [
              155108.98791209608,
              274020.78498635255
            ],
            [
              155102.10925658327,
              274020.22115407512
            ],
            [
              155084.66254876461,
              274015.8989233207
            ],
            [
              155069.84922911879,
              274014.23661958799
            ],
            [
              155058.20393679757,
              274014.17823373154
            ],
            [
              155043.39061758947,
              274012.51593008079
            ],
            [
              155035.46391528193,
              274009.82946429588
            ],
            [
              155028.03735157754,
              274012.96829837374
            ],
            [
              155019.53354769293,
              274019.80714469403
            ],
            [
              155009.47359643877,
              274020.28605191037
            ],
            [
              155000.42719168775,
              274029.76890126429
            ],
            [
              154991.93931143358,
              274033.43175864965
            ],
            [
              154973.91550395731,
              274038.63483971171
            ],
            [
              154965.40373862907,
              274047.06167959981
            ],
            [
              154958.99337534979,
              274058.67512347735
            ],
            [
              154952.07756597735,
              274065.52193062752
            ],
            [
              154943.59764783643,
              274067.59679327905
            ],
            [
              154931.38321671728,
              274075.47572363168
            ],
            [
              154915.98483556416,
              274084.92672424018
            ],
            [
              154898.50097647496,
              274088.01513226889
            ],
            [
              154873.5852470994,
              274095.30103573576
            ],
            [
              154844.41628994048,
              274106.27102650516
            ],
            [
              154830.6377514815,
              274109.37801158056
            ],
            [
              154824.79918309953,
              274112.52480597794
            ],
            [
              154819.99273773283,
              274120.97022151016
            ],
            [
              154798.77171355858,
              274130.39202643186
            ],
            [
              154786.01733663119,
              274140.38562586531
            ],
            [
              154768.97257565614,
              274161.47395030782
            ],
            [
              154763.59698885027,
              274177.85668041185
            ],
            [
              154755.12503423449,
              274178.34354768321
            ],
            [
              154752.43591374438,
              274186.79957822151
            ],
            [
              154717.84359970968,
              274223.68025626987
            ],
            [
              154715.65461577289,
              274237.96158424579
            ],
            [
              154715.56172428653,
              274256.48817843385
            ],
            [
              154701.11319093127,
              274287.64706312679
            ],
            [
              154672.42314075585,
              274308.6769930087
            ],
            [
              154642.16633005906,
              274325.46430950798
            ],
            [
              154633.08276836574,
              274342.35778882913
            ],
            [
              154644.62189091649,
              274363.58942784369
            ],
            [
              154658.24648851342,
              274391.1836586576
            ],
            [
              154665.2350687664,
              274400.78914478235
            ],
            [
              154676.19579999987,
              274405.40970000066
            ]
          ]
        ]
      }
    },
    {
      "attributes" : {
        "FID" : 4,
        "PMNTN_SN" : 3996,
        "MNTN_CODE" : "468601401",
        "MNTN_NM" : "곤봉산",
        "PMNTN_NM" : "장교리구간",
        "PMNTN_MAIN" : " ",
        "PMNTN_LT" : 1.16,
        "PMNTN_DFFL" : "쉬움",
        "PMNTN_UPPL" : 20,
        "PMNTN_GODN" : 14,
        "PMNTN_MTRQ" : " ",
        "PMNTN_CNRL" : " ",
        "PMNTN_CLS_" : " ",
        "PMNTN_RISK" : " ",
        "PMNTN_RECO" : " ",
        "DATA_STDR_" : "2016-12-31",
        "MNTN_ID" : "468601401"
      },
      "geometry" : {
        "paths" : [
          [
            [
              154676.19579999987,
              274405.40970000066
            ],
            [
              154661.09070000239,
              274402.53979999945
            ],
            [
              154653.34280000068,
              274398.17170000076
            ],
            [
              154641.85560000129,
              274398.83560000174
            ],
            [
              154633.23760000244,
              274396.9272000026
            ],
            [
              154617.58400000259,
              274398.4299999997
            ],
            [
              154616.35300000198,
              274398.44800000079
            ],
            [
              154615.24000000022,
              274398.47500000149
            ],
            [
              154614.04399999976,
              274398.41500000283
            ],
            [
              154612.75800000038,
              274398.29900000058
            ],
            [
              154611.24200000055,
              274398.06300000101
            ],
            [
              154609.67300000135,
              274397.93700000271
            ],
            [
              154608.36799999978,
              274397.86600000225
            ],
            [
              154601.1819000002,
              274397.47370000184
            ],
            [
              154593.21030000132,
              274400.57950000279
            ],
            [
              154582.36700000055,
              274403.7090999987
            ],
            [
              154576.75870000105,
              274404.63079999946
            ],
            [
              154575.56369999982,
              274404.79279999994
            ],
            [
              154574.06870000064,
              274404.85579999909
            ],
            [
              154572.12940000277,
              274406.11550000124
            ],
            [
              154567.00280000176,
              274405.16980000027
            ],
            [
              154564.70650000125,
              274401.55790000223
            ],
            [
              154568.11369999964,
              274396.35280000232
            ],
            [
              154574.79520000052,
              274391.24800000153
            ],
            [
              154582.26850000024,
              274385.70810000226
            ],
            [
              154591.5177000016,
              274377.36830000021
            ],
            [
              154597.21220000088,
              274369.73640000075
            ],
            [
              154599.81290000118,
              274364.96950000152
            ],
            [
              154593.60720000323,
              274359.36610000022
            ],
            [
              154593.36000000034,
              274349.94359999895
            ],
            [
              154599.01430000085,
              274331.62040000409
            ],
            [
              154599.58710000105,
              274306.25850000232
            ],
            [
              154599.75110000372,
              274306.16950000077
            ],
            [
              154600.05440000352,
              274294.22040000372
            ],
            [
              154600.5438000029,
              274289.30110000074
            ],
            [
              154600.40410000179,
              274285.35250000097
            ],
            [
              154599.73309999984,
              274284.30150000192
            ],
            [
              154599.76710000262,
              274282.03850000165
            ],
            [
              154598.98010000028,
              274281.57650000229
            ],
            [
              154598.18709999975,
              274279.84950000234
            ],
            [
              154599.1941000009,
              274277.01549999975
            ],
            [
              154599.20710000023,
              274275.92750000209
            ],
            [
              154599.17510000244,
              274274.91850000247
            ],
            [
              154599.18810000177,
              274273.88650000095
            ],
            [
              154599.0931000011,
              274273.09950000048
            ],
            [
              154598.97109999973,
              274272.50050000101
            ],
            [
              154599.12210000306,
              274271.67950000055
            ],
            [
              154599.10810000077,
              274270.60249999911
            ],
            [
              154598.37909999955,
              274270.78449999914
            ],
            [
              154599.10709999874,
              274268.60550000332
            ],
            [
              154599.21010000166,
              274267.45150000229
            ],
            [
              154599.04310000408,
              274266.86450000107
            ],
            [
              154599.90710000228,
              274264.57450000197
            ],
            [
              154599.88610000163,
              274263.90850000456
            ],
            [
              154599.97410000209,
              274263.35350000113
            ],
            [
              154599.9701000005,
              274262.5885000024
            ],
            [
              154599.79310000315,
              274261.84550000168
            ],
            [
              154599.74410000071,
              274261.02550000139
            ],
            [
              154599.72210000083,
              274260.34850000218
            ],
            [
              154599.65410000179,
              274259.49450000562
            ],
            [
              154599.61210000236,
              274258.46250000037
            ],
            [
              154599.5521000009,
              274257.44250000268
            ],
            [
              154597.58640000038,
              274251.01520000026
            ],
            [
              154602.39570000302,
              274226.14220000058
            ],
            [
              154600.45810000133,
              274216.36969999969
            ],
            [
              154598.19950000197,
              274207.6249000039
            ],
            [
              154598.34590000287,
              274197.26890000142
            ],
            [
              154596.07180000376,
              274181.94430000149
            ],
            [
              154596.28650000133,
              274157.03480000049
            ],
            [
              154590.16000000108,
              274117.90339999832
            ],
            [
              154592.72600000072,
              274083.42740000226
            ],
            [
              154591.3871000018,
              274039.63730000146
            ],
            [
              154585.75729999971,
              274011.34840000235
            ],
            [
              154584.09889999963,
              273981.73150000349
            ],
            [
              154580.09920000285,
              273949.88040000014
            ],
            [
              154572.82940000296,
              273931.40369999968
            ],
            [
              154567.15750000253,
              273874.94640000165
            ],
            [
              154562.21449999977,
              273859.8599000033
            ],
            [
              154552.1316000009,
              273844.58919999935
            ],
            [
              154552.44060000125,
              273817.04620000161
            ],
            [
              154550.97090000007,
              273802.9179999996
            ],
            [
              154548.98150000162,
              273791.33800000325
            ],
            [
              154543.25630000234,
              273781.91070000082
            ],
            [
              154536.54090000223,
              273774.91850000247
            ],
            [
              154538.91630000062,
              273764.45920000225
            ],
            [
              154545.4140000008,
              273760.33139999956
            ],
            [
              154545.18899999931,
              273753.44820000418
            ],
            [
              154545.29060000088,
              273746.52980000339
            ],
            [
              154542.32610000111,
              273740.7322000023
            ],
            [
              154538.72609999962,
              273737.02990000322
            ],
            [
              154538.13090000022,
              273728.4699000027
            ],
            [
              154530.63210000005,
              273725.52350000106
            ],
            [
              154529.73710000049,
              273725.50549999997
            ],
            [
              154528.85210000165,
              273725.42149999924
            ],
            [
              154528.06610000134,
              273725.20350000076
            ],
            [
              154527.35310000181,
              273724.7525000032
            ],
            [
              154526.82110000029,
              273724.18950000219
            ],
            [
              154526.39810000081,
              273723.63649999909
            ],
            [
              154525.63810000103,
              273722.93050000072
            ],
            [
              154524.74010000005,
              273722.21350000426
            ],
            [
              154524.05210000277,
              273721.47350000218
            ],
            [
              154523.48110000137,
              273720.4224999994
            ],
            [
              154522.89210000075,
              273719.3935000021
            ],
            [
              154522.27610000223,
              273718.3984999992
            ],
            [
              154521.55210000183,
              273717.68050000258
            ],
            [
              154520.80110000074,
              273717.12950000167
            ],
            [
              154520.14210000075,
              273716.63350000046
            ],
            [
              154519.49110000115,
              273716.06050000153
            ],
            [
              154518.86710000131,
              273715.35349999927
            ],
            [
              154517.39010000136,
              273713.75149999931
            ],
            [
              154516.84910000395,
              273713.14450000785
            ],
            [
              154516.52610000037,
              273712.39150000177
            ],
            [
              154516.08410000056,
              273711.55050000176
            ],
            [
              154515.6241000006,
              273710.6985000018
            ],
            [
              154515.25409999955,
              273709.8125
            ],
            [
              154514.75610000361,
              273708.77250000276
            ],
            [
              154514.11209999956,
              273707.64350000396
            ],
            [
              154513.50310000312,
              273706.29350000247
            ],
            [
              154512.64810000174,
              273704.99950000457
            ],
            [
              154511.5390999997,
              273703.97350000218
            ],
            [
              154503.77570000105,
              273697.9637000002
            ],
            [
              154498.32710000034,
              273693.73180000111
            ],
            [
              154495.39190000203,
              273685.88279999979
            ],
            [
              154495.41999999993,
              273679.25699999928
            ],
            [
              154492.38750000112,
              273676.63220000453
            ],
            [
              154485.50500000082,
              273669.41950000264
            ],
            [
              154475.05009999964,
              273662.30920000002
            ],
            [
              154466.29710000381,
              273657.71900000237
            ],
            [
              154462.87409999967,
              273658.10219999962
            ],
            [
              154459.09160000179,
              273659.17680000328
            ],
            [
              154454.74410000164,
              273655.47870000079
            ],
            [
              154448.02610000223,
              273654.65350000188
            ],
            [
              154355.72610000055,
              273622.68649999984
            ],
            [
              154354.44010000117,
              273622.67149999924
            ],
            [
              154353.03310000058,
              273622.43450000696
            ],
            [
              154351.90110000223,
              273622.21749999933
            ],
            [
              154350.79610000178,
              273621.93550000153
            ],
            [
              154349.7181000011,
              273621.65150000155
            ],
            [
              154348.69409999996,
              273621.29050000012
            ],
            [
              154347.68010000139,
              273620.87450000457
            ],
            [
              154346.62010000087,
              273620.60250000097
            ],
            [
              154345.57010000385,
              273620.49650000408
            ],
            [
              154344.50210000016,
              273620.26950000226
            ],
            [
              154343.33310000226,
              273620.00850000046
            ],
            [
              154342.12810000312,
              273619.90350000001
            ],
            [
              154341.00710000377,
              273620.02050000243
            ],
            [
              154339.81210000068,
              273620.17050000094
            ],
            [
              154338.54410000052,
              273620.15450000204
            ],
            [
              154337.24810000136,
              273619.92850000225
            ],
            [
              154335.9151000008,
              273619.7025000006
            ],
            [
              154334.52710000053,
              273619.45350000262
            ],
            [
              154333.17510000058,
              273619.20549999923
            ],
            [
              154331.87810000032,
              273618.90149999969
            ],
            [
              154330.57310000062,
              273618.67450000159
            ],
            [
              154329.37610000093,
              273618.38150000386
            ],
            [
              154328.31510000117,
              273617.77650000155
            ],
            [
              154327.34310000017,
              273616.76050000452
            ],
            [
              154326.30710000172,
              273615.85649999976
            ],
            [
              154325.20010000095,
              273615.10749999993
            ],
            [
              154324.13910000026,
              273614.62450000271
            ],
            [
              154323.25110000093,
              273614.09649999999
            ],
            [
              154322.5831000004,
              273613.6334999986
            ],
            [
              154321.98810000159,
              273613.25950000435
            ],
            [
              154321.44810000248,
              273612.88550000079
            ],
            [
              154320.93510000035,
              273612.54350000247
            ],
            [
              154320.31310000271,
              273612.13650000095
            ],
            [
              154319.59010000154,
              273611.70749999955
            ],
            [
              154318.79410000145,
              273611.3004999999
            ],
            [
              154317.96310000122,
              273610.9495000001
            ],
            [
              154317.10210000072,
              273610.38849999942
            ],
            [
              154316.12310000136,
              273609.76050000265
            ],
            [
              154315.08810000215,
              273608.92250000127
            ],
            [
              154314.07010000292,
              273607.97350000404
            ],
            [
              154313.08110000379,
              273607.11350000277
            ],
            [
              154311.94510000013,
              273606.25349999964
            ],
            [
              154310.71009999886,
              273605.45050000213
            ],
            [
              154309.5391000025,
              273604.81250000186
            ],
            [
              154308.41309999861,
              273604.15249999985
            ],
            [
              154307.67009999976,
              273603.27950000018
            ],
            [
              154307.13510000147,
              273602.22850000113
            ],
            [
              154306.59909999929,
              273600.85550000146
            ],
            [
              154305.96410000045,
              273599.71550000086
            ],
            [
              154305.25610000081,
              273598.66550000012
            ],
            [
              154304.4291000003,
              273597.50450000353
            ],
            [
              154301.73010000307,
              273594.03449999914
            ],
            [
              154301.09410000313,
              273592.82850000076
            ],
            [
              154300.38709999993,
              273591.77850000001
            ],
            [
              154299.57010000106,
              273590.78350000456
            ],
            [
              154297.43610000052,
              273589.16350000165
            ],
            [
              154296.42009999976,
              273588.4915000014
            ],
            [
              154295.40410000272,
              273587.94250000268
            ],
            [
              154294.4531000033,
              273587.50350000151
            ],
            [
              154293.8591,
              273587.17350000143
            ],
            [
              154287.12910000049,
              273582.2145000007
            ],
            [
              154286.13110000081,
              273581.53250000067
            ],
            [
              154285.15110000037,
              273580.74950000271
            ],
            [
              154284.22510000225,
              273579.97749999911
            ],
            [
              154283.25410000049,
              273579.15049999952
            ],
            [
              154282.23710000236,
              273578.31250000186
            ],
            [
              154281.24710000027,
              273577.39650000259
            ],
            [
              154280.24810000136,
              273576.44750000164
            ],
            [
              154279.48710000142,
              273575.69650000334
            ],
            [
              154278.68910000101,
              273574.7685000021
            ],
            [
              154277.83410000056,
              273573.58550000377
            ],
            [
              154277.1651000008,
              273572.81250000186
            ],
            [
              154276.61409999989,
              273572.22750000097
            ],
            [
              154275.91810000222,
              273571.72049999796
            ],
            [
              154273.29633373115,
              273569.82849037834
            ]
          ]
        ]
      }
    }
  ]
}