{
  "displayFieldName" : "",
  "fieldAliases" : {
    "FID" : "FID",
    "PMNTN_SPOT" : "PMNTN_SPOT",
    "MNTN_CODE" : "MNTN_CODE",
    "MANAGE_SP1" : "MANAGE_SP1",
    "MANAGE_SP2" : "MANAGE_SP2",
    "DETAIL_SPO" : "DETAIL_SPO",
    "ETC_MATTER" : "ETC_MATTER",
    "MNTN_NM" : "MNTN_NM",
    "PAST_SPOT_" : "PAST_SPOT_",
    "MNTN_ID" : "MNTN_ID"
  },
  "geometryType" : "esriGeometryPoint",
  "spatialReference" : {
    "wkt" : "PROJCS[\"PCS_ITRF2000_TM\",GEOGCS[\"GCS_ITRF_2000\",DATUM[\"D_ITRF_2000\",SPHEROID[\"GRS_1980\",6378137.0,298.257222101]],PRIMEM[\"Greenwich\",0.0],UNIT[\"Degree\",0.0174532925199433]],PROJECTION[\"Transverse_Mercator\"],PARAMETER[\"False_Easting\",200000.0],PARAMETER[\"False_Northing\",600000.0],PARAMETER[\"Central_Meridian\",127.0],PARAMETER[\"Scale_Factor\",1.0],PARAMETER[\"Latitude_Of_Origin\",38.0],UNIT[\"Meter\",1.0]]"
  },
  "fields" : [
    {
      "name" : "FID",
      "type" : "esriFieldTypeOID",
      "alias" : "FID"
    },
    {
      "name" : "PMNTN_SPOT",
      "type" : "esriFieldTypeDouble",
      "alias" : "PMNTN_SPOT"
    },
    {
      "name" : "MNTN_CODE",
      "type" : "esriFieldTypeString",
      "alias" : "MNTN_CODE",
      "length" : 9
    },
    {
      "name" : "MANAGE_SP1",
      "type" : "esriFieldTypeString",
      "alias" : "MANAGE_SP1",
      "length" : 2
    },
    {
      "name" : "MANAGE_SP2",
      "type" : "esriFieldTypeString",
      "alias" : "MANAGE_SP2",
      "length" : 50
    },
    {
      "name" : "DETAIL_SPO",
      "type" : "esriFieldTypeString",
      "alias" : "DETAIL_SPO",
      "length" : 200
    },
    {
      "name" : "ETC_MATTER",
      "type" : "esriFieldTypeString",
      "alias" : "ETC_MATTER",
      "length" : 200
    },
    {
      "name" : "MNTN_NM",
      "type" : "esriFieldTypeString",
      "alias" : "MNTN_NM",
      "length" : 50
    },
    {
      "name" : "PAST_SPOT_",
      "type" : "esriFieldTypeString",
      "alias" : "PAST_SPOT_",
      "length" : 14
    },
    {
      "name" : "MNTN_ID",
      "type" : "esriFieldTypeString",
      "alias" : "MNTN_ID",
      "length" : 10
    }
  ],
  "features" : [
    {
      "attributes" : {
        "FID" : 0,
        "PMNTN_SPOT" : 53571,
        "MNTN_CODE" : "428105904",
        "MANAGE_SP1" : "99",
        "MANAGE_SP2" : "기타",
        "DETAIL_SPO" : "사찰",
        "ETC_MATTER" : "약천사",
        "MNTN_NM" : "소재골",
        "PAST_SPOT_" : "4281032010001",
        "MNTN_ID" : "428103201"
      },
      "geometry" : {
        "x" : 302425.74300000165,
        "y" : 618129.9411999993
      }
    },
    {
      "attributes" : {
        "FID" : 1,
        "PMNTN_SPOT" : 53572,
        "MNTN_CODE" : "428105904",
        "MANAGE_SP1" : "02",
        "MANAGE_SP2" : "분기점",
        "DETAIL_SPO" : "분기점",
        "ETC_MATTER" : " ",
        "MNTN_NM" : "소재골",
        "PAST_SPOT_" : "4281032010002",
        "MNTN_ID" : "428103201"
      },
      "geometry" : {
        "x" : 302484.67210000288,
        "y" : 617949.6838000007
      }
    },
    {
      "attributes" : {
        "FID" : 2,
        "PMNTN_SPOT" : 53573,
        "MNTN_CODE" : "428105904",
        "MANAGE_SP1" : "01",
        "MANAGE_SP2" : "시종점",
        "DETAIL_SPO" : "시종점",
        "ETC_MATTER" : " ",
        "MNTN_NM" : "소재골",
        "PAST_SPOT_" : "4281032010003",
        "MNTN_ID" : "428103201"
      },
      "geometry" : {
        "x" : 303535.84289999958,
        "y" : 615876.92689999938
      }
    },
    {
      "attributes" : {
        "FID" : 3,
        "PMNTN_SPOT" : 53574,
        "MNTN_CODE" : "428105904",
        "MANAGE_SP1" : "01",
        "MANAGE_SP2" : "시종점",
        "DETAIL_SPO" : "시종점",
        "ETC_MATTER" : " ",
        "MNTN_NM" : "소재골",
        "PAST_SPOT_" : "4281032010004",
        "MNTN_ID" : "428103201"
      },
      "geometry" : {
        "x" : 304727.84049999993,
        "y" : 616454.69460000284
      }
    },
    {
      "attributes" : {
        "FID" : 4,
        "PMNTN_SPOT" : 53575,
        "MNTN_CODE" : "428105904",
        "MANAGE_SP1" : "99",
        "MANAGE_SP2" : "기타",
        "DETAIL_SPO" : "산불감시카메라",
        "ETC_MATTER" : " ",
        "MNTN_NM" : "소재골",
        "PAST_SPOT_" : "4281032010005",
        "MNTN_ID" : "428103201"
      },
      "geometry" : {
        "x" : 303528.76580000669,
        "y" : 615860.86219999939
      }
    },
    {
      "attributes" : {
        "FID" : 5,
        "PMNTN_SPOT" : 53576,
        "MNTN_CODE" : "428105904",
        "MANAGE_SP1" : "10",
        "MANAGE_SP2" : "이정표",
        "DETAIL_SPO" : "입구",
        "ETC_MATTER" : " ",
        "MNTN_NM" : "소재골",
        "PAST_SPOT_" : "4281032010006",
        "MNTN_ID" : "428103201"
      },
      "geometry" : {
        "x" : 304726.02150000352,
        "y" : 616457.25819999911
      }
    }
  ]
}