{
  "displayFieldName" : "",
  "fieldAliases" : {
    "FID" : "FID",
    "PMNTN_SN" : "PMNTN_SN",
    "MNTN_CODE" : "MNTN_CODE",
    "MNTN_NM" : "MNTN_NM",
    "PMNTN_NM" : "PMNTN_NM",
    "PMNTN_MAIN" : "PMNTN_MAIN",
    "PMNTN_LT" : "PMNTN_LT",
    "PMNTN_DFFL" : "PMNTN_DFFL",
    "PMNTN_UPPL" : "PMNTN_UPPL",
    "PMNTN_GODN" : "PMNTN_GODN",
    "PMNTN_MTRQ" : "PMNTN_MTRQ",
    "PMNTN_CNRL" : "PMNTN_CNRL",
    "PMNTN_CLS_" : "PMNTN_CLS_",
    "PMNTN_RISK" : "PMNTN_RISK",
    "PMNTN_RECO" : "PMNTN_RECO",
    "DATA_STDR_" : "DATA_STDR_",
    "MNTN_ID" : "MNTN_ID"
  },
  "geometryType" : "esriGeometryPolyline",
  "spatialReference" : {
    "wkt" : "PROJCS[\"PCS_ITRF2000_TM\",GEOGCS[\"GCS_ITRF_2000\",DATUM[\"D_ITRF_2000\",SPHEROID[\"GRS_1980\",6378137.0,298.257222101]],PRIMEM[\"Greenwich\",0.0],UNIT[\"Degree\",0.0174532925199433]],PROJECTION[\"Transverse_Mercator\"],PARAMETER[\"False_Easting\",200000.0],PARAMETER[\"False_Northing\",600000.0],PARAMETER[\"Central_Meridian\",127.0],PARAMETER[\"Scale_Factor\",1.0],PARAMETER[\"Latitude_Of_Origin\",38.0],UNIT[\"Meter\",1.0]]"
  },
  "fields" : [
    {
      "name" : "FID",
      "type" : "esriFieldTypeOID",
      "alias" : "FID"
    },
    {
      "name" : "PMNTN_SN",
      "type" : "esriFieldTypeDouble",
      "alias" : "PMNTN_SN"
    },
    {
      "name" : "MNTN_CODE",
      "type" : "esriFieldTypeString",
      "alias" : "MNTN_CODE",
      "length" : 9
    },
    {
      "name" : "MNTN_NM",
      "type" : "esriFieldTypeString",
      "alias" : "MNTN_NM",
      "length" : 50
    },
    {
      "name" : "PMNTN_NM",
      "type" : "esriFieldTypeString",
      "alias" : "PMNTN_NM",
      "length" : 50
    },
    {
      "name" : "PMNTN_MAIN",
      "type" : "esriFieldTypeString",
      "alias" : "PMNTN_MAIN",
      "length" : 200
    },
    {
      "name" : "PMNTN_LT",
      "type" : "esriFieldTypeSingle",
      "alias" : "PMNTN_LT"
    },
    {
      "name" : "PMNTN_DFFL",
      "type" : "esriFieldTypeString",
      "alias" : "PMNTN_DFFL",
      "length" : 8
    },
    {
      "name" : "PMNTN_UPPL",
      "type" : "esriFieldTypeDouble",
      "alias" : "PMNTN_UPPL"
    },
    {
      "name" : "PMNTN_GODN",
      "type" : "esriFieldTypeDouble",
      "alias" : "PMNTN_GODN"
    },
    {
      "name" : "PMNTN_MTRQ",
      "type" : "esriFieldTypeString",
      "alias" : "PMNTN_MTRQ",
      "length" : 200
    },
    {
      "name" : "PMNTN_CNRL",
      "type" : "esriFieldTypeString",
      "alias" : "PMNTN_CNRL",
      "length" : 1
    },
    {
      "name" : "PMNTN_CLS_",
      "type" : "esriFieldTypeString",
      "alias" : "PMNTN_CLS_",
      "length" : 1
    },
    {
      "name" : "PMNTN_RISK",
      "type" : "esriFieldTypeString",
      "alias" : "PMNTN_RISK",
      "length" : 200
    },
    {
      "name" : "PMNTN_RECO",
      "type" : "esriFieldTypeString",
      "alias" : "PMNTN_RECO",
      "length" : 1
    },
    {
      "name" : "DATA_STDR_",
      "type" : "esriFieldTypeString",
      "alias" : "DATA_STDR_",
      "length" : 10
    },
    {
      "name" : "MNTN_ID",
      "type" : "esriFieldTypeString",
      "alias" : "MNTN_ID",
      "length" : 10
    }
  ],
  "features" : [
    {
      "attributes" : {
        "FID" : 0,
        "PMNTN_SN" : 20991,
        "MNTN_CODE" : "488602601",
        "MNTN_NM" : "백마산",
        "PMNTN_NM" : "중촌리구간",
        "PMNTN_MAIN" : "백마사,망춘대,망루터,산성마을",
        "PMNTN_LT" : 2.85,
        "PMNTN_DFFL" : "쉬움",
        "PMNTN_UPPL" : 50,
        "PMNTN_GODN" : 35,
        "PMNTN_MTRQ" : " ",
        "PMNTN_CNRL" : " ",
        "PMNTN_CLS_" : " ",
        "PMNTN_RISK" : " ",
        "PMNTN_RECO" : " ",
        "DATA_STDR_" : "2016-12-31",
        "MNTN_ID" : "2809092300"
      },
      "geometry" : {
        "paths" : [
          [
            [
              288390.55155102909,
              302284.83799365163
            ],
            [
              288388.43299233634,
              302291.48640265502
            ],
            [
              288385.94876087271,
              302298.03671508096
            ],
            [
              288382.91826877929,
              302306.92686862499
            ],
            [
              288381.43584498949,
              302311.02798842639
            ],
            [
              288376.96230490226,
              302322.38782194629
            ],
            [
              288376.41705175303,
              302334.75812845305
            ],
            [
              288377.5410950426,
              302340.25906666741
            ],
            [
              288379.88316757698,
              302344.03076681122
            ],
            [
              288379.59386623185,
              302347.87843419425
            ],
            [
              288376.04477727879,
              302349.85260611586
            ],
            [
              288374.78659368865,
              302352.99326401576
            ],
            [
              288375.04486830439,
              302353.08878294192
            ],
            [
              288375.15190902818,
              302353.06187001057
            ],
            [
              288375.24604090769,
              302352.79315451905
            ],
            [
              288375.27678082418,
              302352.7654934302
            ],
            [
              288373.60038528685,
              302358.12495934591
            ],
            [
              288369.69969589356,
              302367.98266744614
            ],
            [
              288368.38745430578,
              302371.88004045561
            ],
            [
              288361.67143941764,
              302382.19270598516
            ],
            [
              288351.21821529698,
              302392.36199884303
            ],
            [
              288342.25987192802,
              302395.19904172607
            ],
            [
              288336.73615714256,
              302400.43940730952
            ],
            [
              288333.89855762664,
              302402.70442855172
            ],
            [
              288330.37868005782,
              302408.11608391814
            ],
            [
              288323.84181235731,
              302417.65845952369
            ],
            [
              288322.37061390001,
              302425.05325988494
            ],
            [
              288322.67262834311,
              302433.91045917198
            ],
            [
              288326.9006257318,
              302441.21582151763
            ],
            [
              288331.75499759521,
              302443.26178849488
            ],
            [
              288336.32952183113,
              302450.34035569802
            ],
            [
              288336.61222706456,
              302459.94047186151
            ],
            [
              288334.56516365334,
              302462.68270446174
            ],
            [
              288325.62777537201,
              302472.30509294011
            ],
            [
              288318.38572924118,
              302477.73086310551
            ],
            [
              288323.30992731079,
              302477.77911924385
            ],
            [
              288333.51730180252,
              302472.36377451569
            ],
            [
              288343.83486411721,
              302469.10701838322
            ],
            [
              288348.81026365794,
              302469.54610263184
            ],
            [
              288352.50248111039,
              302469.75488140248
            ],
            [
              288351.36972649023,
              302475.81636237167
            ],
            [
              288350.193128502,
              302483.66951758415
            ],
            [
              288345.23000347801,
              302495.36778375879
            ],
            [
              288338.25881445594,
              302503.50267583132
            ],
            [
              288332.07816487551,
              302512.64054253697
            ],
            [
              288325.95923738088,
              302519.37945727259
            ],
            [
              288315.29711390287,
              302525.31121027656
            ],
            [
              288309.41336527932,
              302528.2762806844
            ],
            [
              288307.48911194596,
              302530.15477089584
            ],
            [
              288300.30656291079,
              302532.63275688142
            ],
            [
              288298.83142053988,
              302532.24624726363
            ],
            [
              288289.00077203941,
              302529.56440302916
            ],
            [
              288281.42634658981,
              302527.68584529683
            ],
            [
              288279.95364889037,
              302527.82954080775
            ],
            [
              288271.16117955837,
              302530.44990144297
            ],
            [
              288268.54672430735,
              302530.41497382149
            ],
            [
              288260.4045237964,
              302530.46550121531
            ],
            [
              288256.48272176459,
              302537.01510758698
            ],
            [
              288249.92410471756,
              302540.11335820891
            ],
            [
              288241.59127338324,
              302541.87996783108
            ],
            [
              288236.66766981035,
              302544.32123712823
            ],
            [
              288228.60958783701,
              302546.84583350644
            ],
            [
              288221.38846775517,
              302549.94053094275
            ],
            [
              288213.11429302581,
              302554.13791293651
            ],
            [
              288205.30669925734,
              302552.71285889111
            ],
            [
              288198.87437437661,
              302554.10084979236
            ],
            [
              288194.82888245489,
              302554.61928890459
            ],
            [
              288184.74268513359,
              302557.46283818036
            ],
            [
              288176.31201721821,
              302563.71182371117
            ],
            [
              288168.37520215474,
              302565.06452617235
            ],
            [
              288162.905739245,
              302562.10104640946
            ],
            [
              288156.48052441142,
              302562.75434439629
            ],
            [
              288153.55004208628,
              302569.31062599272
            ],
            [
              288149.44843836688,
              302574.79509783536
            ],
            [
              288144.86904735211,
              302576.12679482251
            ],
            [
              288142.05708868057,
              302572.90912664309
            ],
            [
              288135.69318322744,
              302565.74119585939
            ],
            [
              288130.95200900268,
              302561.0072286725
            ],
            [
              288123.43660331145,
              302561.67774078809
            ],
            [
              288116.13691070862,
              302563.66183147766
            ],
            [
              288107.25772305857,
              302561.97848024778
            ],
            [
              288100.22710812837,
              302560.80832381733
            ],
            [
              288097.04513224307,
              302560.2567461729
            ],
            [
              288101.65572131798,
              302566.18618389778
            ],
            [
              288100.1793690715,
              302573.6198047623
            ],
            [
              288101.21537660994,
              302582.93197025917
            ],
            [
              288102.55278015602,
              302588.31662984192
            ],
            [
              288106.70147648919,
              302590.22129235603
            ],
            [
              288107.40499178041,
              302596.06980769522
            ],
            [
              288108.75548267178,
              302600.61015034653
            ],
            [
              288107.90752720367,
              302603.05376516283
            ],
            [
              288102.59618649539,
              302606.74082518741
            ],
            [
              288097.18399761058,
              302609.83147877641
            ],
            [
              288092.15984622575,
              302611.43792429939
            ],
            [
              288090.6599984616,
              302617.47803160176
            ],
            [
              288087.85262514092,
              302624.70519392565
            ],
            [
              288080.82226656098,
              302627.22212205455
            ],
            [
              288076.70908577461,
              302631.56260208972
            ],
            [
              288071.05718602054,
              302631.87942317873
            ],
            [
              288066.78786228877,
              302635.02775640041
            ],
            [
              288064.67626945861,
              302638.93207961321
            ],
            [
              288059.45035348181,
              302641.68059224822
            ],
            [
              288049.94574409351,
              302645.42890563235
            ],
            [
              288041.10611261148,
              302651.33217669651
            ],
            [
              288036.61909478437,
              302654.14373479038
            ],
            [
              288029.54886227567,
              302657.6275705006
            ],
            [
              288027.34441073332,
              302658.54533314891
            ],
            [
              288018.25379499141,
              302662.8372215014
            ],
            [
              288014.60862146597,
              302666.09409278072
            ],
            [
              288011.58467170876,
              302670.52890487015
            ],
            [
              288011.4056652952,
              302674.80552873574
            ],
            [
              288011.44000225235,
              302679.09355698712
            ],
            [
              288008.07612539083,
              302685.86606820673
            ],
            [
              288001.31710369885,
              302692.29474907927
            ],
            [
              287997.75839558803,
              302692.94818680175
            ],
            [
              287989.9470245447,
              302700.5078938622
            ],
            [
              287981.50252673123,
              302706.55466968566
            ],
            [
              287970.27632491942,
              302713.30897975899
            ],
            [
              287963.40982322954,
              302714.04992710426
            ],
            [
              287964.29643476754,
              302722.24443176016
            ],
            [
              287955.75229086634,
              302720.87397230975
            ],
            [
              287947.41356352996,
              302722.00519762747
            ],
            [
              287949.86160060298,
              302725.02395991981
            ],
            [
              287948.78190164175,
              302733.04809732363
            ],
            [
              287950.33193395007,
              302739.32381721213
            ],
            [
              287951.19375503622,
              302743.96401469037
            ],
            [
              287956.29686359223,
              302749.10132925212
            ],
            [
              287955.88166873809,
              302755.71007266827
            ],
            [
              287956.50587995164,
              302761.26871661283
            ],
            [
              287956.16503340937,
              302765.72973448969
            ],
            [
              287955.02983313613,
              302776.38464129157
            ],
            [
              287950.83073343057,
              302784.2546105478
            ],
            [
              287942.92086048052,
              302795.56118381023
            ],
            [
              287940.12105207611,
              302799.69128384255
            ],
            [
              287932.93472410645,
              302808.20274900645
            ],
            [
              287930.0080438247,
              302811.27136999927
            ],
            [
              287924.50576576777,
              302815.79365564324
            ],
            [
              287914.31348995306,
              302825.19957583584
            ],
            [
              287905.29713950958,
              302832.30016349442
            ],
            [
              287896.16045037471,
              302837.38502756506
            ],
            [
              287890.84149291553,
              302844.02782926708
            ],
            [
              287883.65060754307,
              302847.39896963537
            ],
            [
              287879.7528144531,
              302849.22159886546
            ],
            [
              287871.51585081965,
              302855.10258426704
            ],
            [
              287860.30005062651,
              302856.90920909308
            ],
            [
              287849.44552098028,
              302863.88122206368
            ],
            [
              287837.11182379629,
              302870.88543365709
            ],
            [
              287828.79042603076,
              302879.19351419806
            ],
            [
              287817.43777790852,
              302885.65849447437
            ],
            [
              287807.03338880837,
              302893.37905631773
            ],
            [
              287800.35733663011,
              302901.0336485561
            ],
            [
              287790.81264052633,
              302909.71122084372
            ],
            [
              287782.48377214652,
              302918.01005968451
            ],
            [
              287781.91180905513,
              302918.8137354292
            ],
            [
              287779.51913360413,
              302922.63160695694
            ],
            [
              287777.17748792842,
              302924.348018758
            ],
            [
              287769.59719666466,
              302936.40235373937
            ],
            [
              287764.67283176724,
              302944.22283326648
            ],
            [
              287762.03017974366,
              302947.88015333749
            ],
            [
              287756.41696459148,
              302955.20103402808
            ],
            [
              287752.96046535578,
              302961.80812882073
            ],
            [
              287746.88090843149,
              302970.06190985069
            ],
            [
              287743.23232341371,
              302976.03651210479
            ],
            [
              287738.17700165976,
              302984.78581543826
            ],
            [
              287738.5008482039,
              302987.53262053244
            ],
            [
              287740.88215587102,
              302991.1458789818
            ],
            [
              287745.76542030834,
              303002.75355205312
            ],
            [
              287748.12127393857,
              303010.98051793687
            ],
            [
              287752.45167530607,
              303023.44846086204
            ],
            [
              287752.70109323692,
              303027.5804602541
            ],
            [
              287759.18077079486,
              303038.5067680981
            ],
            [
              287767.29000257235,
              303047.27265090123
            ],
            [
              287770.12750910316,
              303051.00198972039
            ],
            [
              287763.61554447934,
              303051.20831111819
            ],
            [
              287765.05109876953,
              303054.86817965098
            ],
            [
              287768.55692620762,
              303059.63642025366
            ],
            [
              287768.50158163812,
              303062.97484605387
            ],
            [
              287768.32558754086,
              303069.29764685035
            ],
            [
              287770.20963067561,
              303075.43589918129
            ],
            [
              287770.82103407197,
              303081.53379301727
            ],
            [
              287777.77894477546,
              303091.888215404
            ],
            [
              287783.58881685417,
              303098.00890160166
            ],
            [
              287786.83667280804,
              303098.73816316389
            ],
            [
              287788.12760279048,
              303099.24363457412
            ],
            [
              287788.13719103951,
              303102.95474972948
            ],
            [
              287786.96603146661,
              303102.67359027639
            ],
            [
              287783.35376026016,
              303103.36386933923
            ],
            [
              287786.01748014707,
              303110.05842997693
            ],
            [
              287786.98848272953,
              303115.23917515576
            ],
            [
              287790.19653661363,
              303116.91666672751
            ],
            [
              287790.99128225166,
              303129.22923716344
            ],
            [
              287789.08471444994,
              303130.8848600518
            ],
            [
              287790.32711820025,
              303132.45942441188
            ],
            [
              287790.58818433154,
              303132.26667441428
            ],
            [
              287793.88126888126,
              303136.95839824341
            ],
            [
              287792.39997222647,
              303140.3387449421
            ],
            [
              287801.51758145075,
              303144.95706515945
            ],
            [
              287807.40512054972,
              303150.14843970723
            ],
            [
              287804.74124869984,
              303154.41949461959
            ],
            [
              287807.43551566079,
              303161.88632523082
            ],
            [
              287812.47183717415,
              303165.25573008507
            ],
            [
              287810.36611595005,
              303169.35546001606
            ],
            [
              287810.54545007832,
              303169.72926421836
            ],
            [
              287812.32551971544,
              303176.35940891132
            ],
            [
              287816.07625498343,
              303184.14346044883
            ],
            [
              287816.18704098556,
              303190.76676918194
            ],
            [
              287815.73970619403,
              303198.34246490896
            ],
            [
              287816.36124259327,
              303204.18014535494
            ],
            [
              287816.21827226039,
              303206.33652453683
            ],
            [
              287815.47254578117,
              303215.58351123147
            ],
            [
              287816.18832975812,
              303222.69617938809
            ],
            [
              287816.87781020999,
              303226.25580076873
            ],
            [
              287819.07666165102,
              303234.49909360893
            ],
            [
              287822.27714956831,
              303228.35457068868
            ],
            [
              287828.4165644208,
              303226.46125487424
            ],
            [
              287835.62630760018,
              303225.81538474932
            ],
            [
              287841.99709961098,
              303225.21715534665
            ],
            [
              287848.90428573266,
              303217.2952112481
            ],
            [
              287847.77315036394,
              303213.69410873577
            ],
            [
              287849.24450884387,
              303208.98356854543
            ],
            [
              287851.53880828433,
              303194.14342588745
            ],
            [
              287858.35794405639,
              303187.42967516743
            ],
            [
              287862.63688656688,
              303185.60190644488
            ],
            [
              287866.82750433031,
              303182.67586124688
            ],
            [
              287873.12389008421,
              303175.09300103039
            ],
            [
              287879.85262111481,
              303167.96489849314
            ],
            [
              287883.94120966829,
              303156.8098994419
            ],
            [
              287890.77772805095,
              303156.1417898424
            ],
            [
              287899.3254939355,
              303157.43432751298
            ],
            [
              287902.62069344614,
              303157.98733064532
            ],
            [
              287902.64807161875,
              303158.31316114776
            ],
            [
              287912.84572811797,
              303167.6976508107
            ],
            [
              287915.98272528034,
              303160.40562721528
            ],
            [
              287921.73631464504,
              303151.1889796257
            ],
            [
              287925.92521370668,
              303146.87702494487
            ],
            [
              287927.2011532709,
              303144.22948724031
            ],
            [
              287930.63469578139,
              303141.54719072022
            ],
            [
              287939.93500633352,
              303140.71718877926
            ],
            [
              287968.77283783257,
              303137.50159450248
            ],
            [
              287980.31539846212,
              303134.98215304688
            ],
            [
              287991.67281425186,
              303137.36622985452
            ],
            [
              288008.38834859431,
              303144.07348707877
            ],
            [
              288018.88634983916,
              303149.70643504336
            ],
            [
              288022.43253643531,
              303157.85997621901
            ],
            [
              288021.93729565386,
              303164.68736346252
            ],
            [
              288023.70999897365,
              303170.68667787686
            ],
            [
              288027.05419286154,
              303175.06737630256
            ],
            [
              288029.93606355414,
              303178.71262188628
            ],
            [
              288030.24897058308,
              303179.65134298056
            ],
            [
              288030.5032075448,
              303180.35538379662
            ],
            [
              288032.07492434327,
              303184.87268061377
            ],
            [
              288032.52472820133,
              303185.28337108903
            ],
            [
              288037.01442370005,
              303189.44003174827
            ],
            [
              288035.35604627524,
              303192.26196807437
            ],
            [
              288037.42417924013,
              303196.4343378786
            ],
            [
              288040.03486957867,
              303203.26027267985
            ],
            [
              288042.68316768762,
              303209.90988769382
            ],
            [
              288044.38028392009,
              303216.01435791329
            ],
            [
              288046.70079636201,
              303223.50780473277
            ],
            [
              288047.65306780301,
              303227.78479333036
            ],
            [
              288053.83948451746,
              303235.90221307613
            ],
            [
              288060.53692460805,
              303241.11246550083
            ],
            [
              288067.05933043174,
              303247.419001095
            ],
            [
              288072.83549399581,
              303253.84896489047
            ],
            [
              288076.98505640496,
              303258.63504195772
            ],
            [
              288080.29488039948,
              303263.82144541107
            ],
            [
              288087.70047363639,
              303271.90608625114
            ],
            [
              288091.78156533372,
              303281.73974904791
            ],
            [
              288095.60859360639,
              303287.53213240951
            ],
            [
              288098.79665473104,
              303290.69794352539
            ],
            [
              288104.96873233281,
              303285.84248384275
            ],
            [
              288113.68235251028,
              303279.47345875762
            ],
            [
              288119.94998929836,
              303276.81238660961
            ],
            [
              288125.85805870872,
              303276.10935829021
            ],
            [
              288131.79727241863,
              303272.95486684702
            ],
            [
              288133.74981363583,
              303266.75842105597
            ],
            [
              288137.70146848913,
              303258.71357527934
            ],
            [
              288144.42482343502,
              303241.49497964233
            ],
            [
              288148.71107288916,
              303239.21773310751
            ],
            [
              288155.19779303111,
              303241.81271358393
            ],
            [
              288169.00949216355,
              303251.84909182973
            ],
            [
              288187.38186494075,
              303261.80401698872
            ],
            [
              288201.52893716656,
              303275.88436825946
            ],
            [
              288212.15226480365,
              303279.07865029387
            ],
            [
              288228.1480524037,
              303277.69762190431
            ],
            [
              288238.13295092154,
              303269.46990650706
            ],
            [
              288243.9276487492,
              303258.60943825357
            ],
            [
              288240.42568048928,
              303237.1368640922
            ],
            [
              288235.97294143401,
              303223.04586539045
            ],
            [
              288229.78816532064,
              303210.24982247688
            ],
            [
              288220.97644173633,
              303191.82021463476
            ],
            [
              288208.97340288199,
              303174.2487015035
            ],
            [
              288205.44250776432,
              303162.14704275876
            ],
            [
              288209.40790928807,
              303163.27102575637
            ],
            [
              288214.28058915678,
              303164.4279601723
            ],
            [
              288220.63023235928,
              303167.9263743069
            ],
            [
              288226.25416199677,
              303170.91673718952
            ],
            [
              288232.36165952124,
              303172.56179964915
            ],
            [
              288235.44250358734,
              303171.05889110826
            ],
            [
              288240.53837136459,
              303167.46735188924
            ],
            [
              288246.48786873557,
              303159.59901381843
            ],
            [
              288250.96660615504,
              303154.36257681996
            ],
            [
              288260.09855350666,
              303151.44167388603
            ],
            [
              288276.7909405278,
              303143.74298952892
            ],
            [
              288295.77777606715,
              303140.36608190835
            ],
            [
              288315.52125424705,
              303141.33887727931
            ],
            [
              288338.84356293827,
              303148.74358106218
            ],
            [
              288356.38238138426,
              303154.55211047828
            ],
            [
              288371.68402270228,
              303154.19823881239
            ],
            [
              288380.10282806959,
              303152.9173600208
            ],
            [
              288382.00319212489,
              303148.89725132659
            ],
            [
              288375.85871349089,
              303138.24447172135
            ],
            [
              288373.39675926138,
              303125.43808237836
            ],
            [
              288374.04416115768,
              303106.96623626165
            ],
            [
              288377.967380777,
              303094.65288772993
            ],
            [
              288386.94842025824,
              303090.57358466275
            ],
            [
              288407.75914739631,
              303090.84716695361
            ],
            [
              288426.31481920462,
              303090.79980150424
            ],
            [
              288449.75916900579,
              303093.03619435988
            ],
            [
              288465.58170162793,
              303091.5184856914
            ],
            [
              288475.40134850331,
              303087.56289519183
            ],
            [
              288482.53982550185,
              303077.82884768955
            ],
            [
              288482.85475651361,
              303065.75531136803
            ],
            [
              288479.9200171344,
              303049.30631184205
            ],
            [
              288474.25486069452,
              303030.52657535672
            ],
            [
              288475.65819277614,
              303012.62241066061
            ],
            [
              288480.6926007336,
              302996.80157917924
            ],
            [
              288481.75442479271,
              302983.90903056413
            ],
            [
              288480.56625870056,
              302965.95617232472
            ],
            [
              288481.66693353467,
              302950.89971737377
            ],
            [
              288482.65987394936,
              302937.49776512571
            ],
            [
              288482.70966317691,
              302920.78486361168
            ],
            [
              288482.70413508918,
              302898.06302333064
            ],
            [
              288482.53497065417,
              302875.56940574385
            ],
            [
              288481.23901050072,
              302850.83441741765
            ]
          ]
        ]
      }
    }
  ]
}