{
  "displayFieldName" : "",
  "fieldAliases" : {
    "FID" : "FID",
    "PMNTN_SN" : "PMNTN_SN",
    "MNTN_CODE" : "MNTN_CODE",
    "MNTN_NM" : "MNTN_NM",
    "PMNTN_NM" : "PMNTN_NM",
    "PMNTN_MAIN" : "PMNTN_MAIN",
    "PMNTN_LT" : "PMNTN_LT",
    "PMNTN_DFFL" : "PMNTN_DFFL",
    "PMNTN_UPPL" : "PMNTN_UPPL",
    "PMNTN_GODN" : "PMNTN_GODN",
    "PMNTN_MTRQ" : "PMNTN_MTRQ",
    "PMNTN_CNRL" : "PMNTN_CNRL",
    "PMNTN_CLS_" : "PMNTN_CLS_",
    "PMNTN_RISK" : "PMNTN_RISK",
    "PMNTN_RECO" : "PMNTN_RECO",
    "DATA_STDR_" : "DATA_STDR_",
    "MNTN_ID" : "MNTN_ID"
  },
  "geometryType" : "esriGeometryPolyline",
  "spatialReference" : {
    "wkt" : "PROJCS[\"PCS_ITRF2000_TM\",GEOGCS[\"GCS_ITRF_2000\",DATUM[\"D_ITRF_2000\",SPHEROID[\"GRS_1980\",6378137.0,298.257222101]],PRIMEM[\"Greenwich\",0.0],UNIT[\"Degree\",0.0174532925199433]],PROJECTION[\"Transverse_Mercator\"],PARAMETER[\"False_Easting\",200000.0],PARAMETER[\"False_Northing\",600000.0],PARAMETER[\"Central_Meridian\",127.0],PARAMETER[\"Scale_Factor\",1.0],PARAMETER[\"Latitude_Of_Origin\",38.0],UNIT[\"Meter\",1.0]]"
  },
  "fields" : [
    {
      "name" : "FID",
      "type" : "esriFieldTypeOID",
      "alias" : "FID"
    },
    {
      "name" : "PMNTN_SN",
      "type" : "esriFieldTypeDouble",
      "alias" : "PMNTN_SN"
    },
    {
      "name" : "MNTN_CODE",
      "type" : "esriFieldTypeString",
      "alias" : "MNTN_CODE",
      "length" : 9
    },
    {
      "name" : "MNTN_NM",
      "type" : "esriFieldTypeString",
      "alias" : "MNTN_NM",
      "length" : 50
    },
    {
      "name" : "PMNTN_NM",
      "type" : "esriFieldTypeString",
      "alias" : "PMNTN_NM",
      "length" : 50
    },
    {
      "name" : "PMNTN_MAIN",
      "type" : "esriFieldTypeString",
      "alias" : "PMNTN_MAIN",
      "length" : 200
    },
    {
      "name" : "PMNTN_LT",
      "type" : "esriFieldTypeSingle",
      "alias" : "PMNTN_LT"
    },
    {
      "name" : "PMNTN_DFFL",
      "type" : "esriFieldTypeString",
      "alias" : "PMNTN_DFFL",
      "length" : 8
    },
    {
      "name" : "PMNTN_UPPL",
      "type" : "esriFieldTypeDouble",
      "alias" : "PMNTN_UPPL"
    },
    {
      "name" : "PMNTN_GODN",
      "type" : "esriFieldTypeDouble",
      "alias" : "PMNTN_GODN"
    },
    {
      "name" : "PMNTN_MTRQ",
      "type" : "esriFieldTypeString",
      "alias" : "PMNTN_MTRQ",
      "length" : 200
    },
    {
      "name" : "PMNTN_CNRL",
      "type" : "esriFieldTypeString",
      "alias" : "PMNTN_CNRL",
      "length" : 1
    },
    {
      "name" : "PMNTN_CLS_",
      "type" : "esriFieldTypeString",
      "alias" : "PMNTN_CLS_",
      "length" : 1
    },
    {
      "name" : "PMNTN_RISK",
      "type" : "esriFieldTypeString",
      "alias" : "PMNTN_RISK",
      "length" : 200
    },
    {
      "name" : "PMNTN_RECO",
      "type" : "esriFieldTypeString",
      "alias" : "PMNTN_RECO",
      "length" : 1
    },
    {
      "name" : "DATA_STDR_",
      "type" : "esriFieldTypeString",
      "alias" : "DATA_STDR_",
      "length" : 10
    },
    {
      "name" : "MNTN_ID",
      "type" : "esriFieldTypeString",
      "alias" : "MNTN_ID",
      "length" : 10
    }
  ],
  "features" : [
    {
      "attributes" : {
        "FID" : 0,
        "PMNTN_SN" : 14458,
        "MNTN_CODE" : "427700201",
        "MNTN_NM" : "두치산",
        "PMNTN_NM" : "사북리구간",
        "PMNTN_MAIN" : " ",
        "PMNTN_LT" : 3.8,
        "PMNTN_DFFL" : "쉬움",
        "PMNTN_UPPL" : 67,
        "PMNTN_GODN" : 47,
        "PMNTN_MTRQ" : " ",
        "PMNTN_CNRL" : " ",
        "PMNTN_CLS_" : " ",
        "PMNTN_RISK" : " ",
        "PMNTN_RECO" : " ",
        "DATA_STDR_" : "2016-12-31",
        "MNTN_ID" : "427702401"
      },
      "geometry" : {
        "paths" : [
          [
            [
              363168.9140000008,
              515926.324400004
            ],
            [
              363171.86780000012,
              515920.8292999994
            ],
            [
              363175.71899999958,
              515916.82889999822
            ],
            [
              363179.39780000132,
              515913.02500000224
            ],
            [
              363183.03650000039,
              515909.45350000076
            ],
            [
              363187.52160000056,
              515905.73189999722
            ],
            [
              363191.48849999998,
              515902.17789999954
            ],
            [
              363196.49679999985,
              515899.64050000347
            ],
            [
              363202.16620000172,
              515896.50680000335
            ],
            [
              363208.27919999883,
              515895.23120000027
            ],
            [
              363215.21019999962,
              515893.81120000035
            ],
            [
              363221.27940000128,
              515892.65210000426
            ],
            [
              363227.06080000103,
              515890.76559999958
            ],
            [
              363233.25720000174,
              515888.9982000012
            ],
            [
              363239.31340000127,
              515887.59449999966
            ],
            [
              363245.40870000049,
              515885.54759999923
            ],
            [
              363250.83500000089,
              515882.74370000139
            ],
            [
              363256.2070000004,
              515879.99430000037
            ],
            [
              363262.61909999978,
              515879.00840000249
            ],
            [
              363267.83990000002,
              515877.18879999965
            ],
            [
              363272.85449999943,
              515875.00990000181
            ],
            [
              363277.90940000024,
              515873.04270000011
            ],
            [
              363283.2574000014,
              515871.07010000385
            ],
            [
              363288.69940000121,
              515868.83280000091
            ],
            [
              363293.6791000003,
              515866.16470000148
            ],
            [
              363298.70200000145,
              515863.56400000304
            ],
            [
              363310.50710000098,
              515856.77510000207
            ],
            [
              363315.68410000019,
              515854.46610000357
            ],
            [
              363320.25640000217,
              515851.74560000189
            ],
            [
              363325.25619999971,
              515850.33260000311
            ],
            [
              363330.89140000101,
              515849.12069999985
            ],
            [
              363335.1213000007,
              515846.66000000201
            ],
            [
              363339.21420000028,
              515844.39660000242
            ],
            [
              363341.56819999963,
              515841.3721000012
            ],
            [
              363343.2946000006,
              515837.74689999968
            ],
            [
              363345.68950000033,
              515835.13210000098
            ],
            [
              363347.22230000049,
              515831.87150000036
            ],
            [
              363344.65540000051,
              515828.94570000097
            ],
            [
              363341.56099999975,
              515824.59940000065
            ],
            [
              363338.04310000036,
              515821.03339999914
            ],
            [
              363334.71510000154,
              515818.20379999839
            ],
            [
              363332.03479999956,
              515815.85330000147
            ],
            [
              363327.7181000011,
              515815.46959999949
            ],
            [
              363322.30449999962,
              515812.58850000426
            ],
            [
              363316.80280000065,
              515809.67229999974
            ],
            [
              363311.62050000019,
              515806.76239999942
            ],
            [
              363304.89140000101,
              515802.72360000201
            ],
            [
              363299.58100000117,
              515799.55570000038
            ],
            [
              363295.02120000124,
              515797.5129000023
            ],
            [
              363292.08780000079,
              515796.31220000423
            ],
            [
              363287.68680000119,
              515793.40640000254
            ],
            [
              363284.41750000138,
              515788.92350000143
            ],
            [
              363271.58330000099,
              515779.59880000167
            ],
            [
              363259.21040000115,
              515775.44150000252
            ],
            [
              363247.79719999991,
              515775.40240000188
            ],
            [
              363231.11460000183,
              515776.61820000224
            ],
            [
              363226.90240000002,
              515778.168700004
            ],
            [
              363221.74820000213,
              515780.67799999937
            ],
            [
              363215.9765000008,
              515781.14340000227
            ],
            [
              363209.7471000012,
              515780.9448000025
            ],
            [
              363203.28490000218,
              515781.30790000036
            ],
            [
              363197.1642000014,
              515781.45560000278
            ],
            [
              363191.25920000207,
              515781.47430000082
            ],
            [
              363185.39829999954,
              515781.50490000099
            ],
            [
              363179.54170000087,
              515781.3134999983
            ],
            [
              363173.72260000091,
              515781.47820000164
            ],
            [
              363167.97670000046,
              515781.98850000463
            ],
            [
              363162.09710000083,
              515782.52950000204
            ],
            [
              363156.03660000116,
              515782.77840000205
            ],
            [
              363150.07170000114,
              515781.76319999993
            ],
            [
              363144.28359999973,
              515780.32960000262
            ],
            [
              363138.5887999991,
              515778.66450000182
            ],
            [
              363132.97060000058,
              515776.25699999928
            ],
            [
              363127.43209999986,
              515772.94050000049
            ],
            [
              363124.66920000035,
              515767.06850000098
            ],
            [
              363124.04540000018,
              515760.31629999913
            ],
            [
              363125.08450000081,
              515753.44090000167
            ],
            [
              363127.3217000002,
              515747.51040000282
            ],
            [
              363129.12009999994,
              515742.22650000267
            ],
            [
              363132.63279999979,
              515738.28619999997
            ],
            [
              363137.23539999872,
              515734.46690000221
            ],
            [
              363142.28010000009,
              515730.27860000357
            ],
            [
              363147.73440000135,
              515726.95329999924
            ],
            [
              363152.21389999986,
              515723.06499999762
            ],
            [
              363157.71580000035,
              515719.57410000078
            ],
            [
              363162.90280000027,
              515715.37749999948
            ],
            [
              363166.99770000204,
              515711.63730000146
            ],
            [
              363170.37040000129,
              515708.96560000256
            ],
            [
              363175.28600000031,
              515706.40160000138
            ],
            [
              363179.35510000028,
              515703.99330000021
            ],
            [
              363181.9924000008,
              515700.77990000136
            ],
            [
              363182.98399999924,
              515696.35759999976
            ],
            [
              363179.00789999962,
              515693.97079999931
            ],
            [
              363172.65699999966,
              515695.45760000125
            ],
            [
              363166.36750000063,
              515696.52370000072
            ],
            [
              363159.35120000131,
              515696.15440000221
            ],
            [
              363152.62760000024,
              515692.59280000068
            ],
            [
              363146.21470000129,
              515693.61210000329
            ],
            [
              363139.18720000051,
              515692.8983000014
            ],
            [
              363133.12250000052,
              515691.99230000377
            ],
            [
              363127.43120000232,
              515691.51549999975
            ],
            [
              363121.32110000029,
              515689.28720000014
            ],
            [
              363115.63389999978,
              515687.22260000184
            ],
            [
              363111.79840000067,
              515684.46099999733
            ],
            [
              363110.16480000131,
              515680.78730000183
            ],
            [
              363110.22740000021,
              515675.26979999989
            ],
            [
              363113.75720000081,
              515675.02740000188
            ],
            [
              363118.566300001,
              515675.09850000031
            ],
            [
              363118.33729999885,
              515669.16450000368
            ],
            [
              363115.38190000132,
              515665.88709999993
            ],
            [
              363113.36070000008,
              515660.45140000246
            ],
            [
              363110.82890000101,
              515655.7052999977
            ],
            [
              363109.4132000003,
              515650.41459999979
            ],
            [
              363108.55460000131,
              515647.06680000015
            ],
            [
              363107.34669999965,
              515643.42339999974
            ],
            [
              363106.98330000136,
              515640.18520000204
            ],
            [
              363107.10360000096,
              515637.18390000053
            ],
            [
              363107.48890000023,
              515633.79910000041
            ],
            [
              363104.19469999894,
              515631.96969999932
            ],
            [
              363101.05620000139,
              515632.63610000163
            ],
            [
              363096.57390000112,
              515634.14820000157
            ],
            [
              363091.72989999969,
              515634.62050000206
            ],
            [
              363088.71300000045,
              515630.84770000167
            ],
            [
              363087.50449999887,
              515627.69299999997
            ],
            [
              363085.36770000122,
              515623.86510000378
            ],
            [
              363082.05550000072,
              515622.0465000011
            ],
            [
              363081.27290000021,
              515616.6126000043
            ],
            [
              363079.71240000147,
              515614.20609999821
            ],
            [
              363077.8339999998,
              515610.33610000089
            ],
            [
              363075.92250000127,
              515603.5950000044
            ],
            [
              363077.29690000042,
              515600.945600003
            ],
            [
              363074.96609999985,
              515597.39440000057
            ],
            [
              363071.71130000148,
              515592.27060000226
            ],
            [
              363068.6361000007,
              515586.91999999993
            ],
            [
              363066.26170000155,
              515580.46710000001
            ],
            [
              363066.85670000035,
              515576.1481000036
            ],
            [
              363065.76960000023,
              515573.06820000149
            ],
            [
              363065.22609999962,
              515570.16940000094
            ],
            [
              363063.59560000058,
              515567.45189999975
            ],
            [
              363063.59560000058,
              515564.5530999992
            ],
            [
              363063.05209999997,
              515561.29209999926
            ],
            [
              363062.32740000077,
              515555.85700000264
            ],
            [
              363063.23319999874,
              515552.41469999962
            ],
            [
              363064.13910000119,
              515548.97240000032
            ],
            [
              363063.95790000074,
              515543.89970000088
            ],
            [
              363062.68970000092,
              515541.36330000125
            ],
            [
              363059.24750000052,
              515538.82690000162
            ],
            [
              363055.98639999982,
              515537.01520000212
            ],
            [
              363052.3629999999,
              515536.6528000012
            ],
            [
              363048.55840000045,
              515537.19629999995
            ],
            [
              363046.2032000022,
              515532.4859000016
            ],
            [
              363044.75380000193,
              515528.68130000122
            ],
            [
              363042.39860000089,
              515526.5073000025
            ],
            [
              363038.41289999988,
              515525.05790000036
            ],
            [
              363034.06480000075,
              515523.97089999914
            ],
            [
              363029.89790000115,
              515523.06499999948
            ],
            [
              363025.91210000217,
              515519.07930000126
            ],
            [
              363023.01329999976,
              515515.09349999949
            ],
            [
              363020.65810000058,
              515513.10060000233
            ],
            [
              363019.20880000107,
              515510.38310000114
            ],
            [
              363017.84999999963,
              515506.12560000271
            ],
            [
              363018.12179999985,
              515500.87160000391
            ],
            [
              363014.98660000041,
              515496.68209999986
            ],
            [
              363014.84990000073,
              515492.28229999915
            ],
            [
              363015.09730000142,
              515488.22309999913
            ],
            [
              363018.29870000109,
              515487.06370000169
            ],
            [
              363018.97430000082,
              515483.35700000264
            ],
            [
              363018.15419999976,
              515477.11180000193
            ],
            [
              363017.47260000091,
              515472.87910000235
            ],
            [
              363018.39680000022,
              515467.80030000024
            ],
            [
              363016.49320000224,
              515463.85480000265
            ],
            [
              363014.24370000232,
              515461.25730000064
            ],
            [
              363013.7918999996,
              515457.99510000087
            ],
            [
              363011.7826000005,
              515455.38010000065
            ],
            [
              363010.81589999981,
              515451.19739999995
            ],
            [
              363009.63850000035,
              515447.34370000102
            ],
            [
              363011.14159999974,
              515443.0978000015
            ],
            [
              363013.68340000138,
              515439.77150000446
            ],
            [
              363013.09690000117,
              515435.21859999746
            ],
            [
              363011.14120000042,
              515429.98750000447
            ],
            [
              363009.73060000036,
              515426.64709999785
            ],
            [
              363010.05330000073,
              515421.82380000129
            ],
            [
              363012.11330000032,
              515419.07670000196
            ],
            [
              363015.12120000087,
              515418.73530000076
            ],
            [
              363018.37340000179,
              515416.78850000165
            ],
            [
              363021.7332000006,
              515415.69880000129
            ],
            [
              363025.31720000133,
              515414.50239999965
            ],
            [
              363028.79660000093,
              515417.73850000091
            ],
            [
              363031.02639999986,
              515419.47880000062
            ],
            [
              363033.25620000064,
              515421.21900000237
            ],
            [
              363035.86150000058,
              515422.98479999788
            ],
            [
              363038.30549999978,
              515420.81700000167
            ],
            [
              363044.10979999974,
              515420.74080000259
            ],
            [
              363049.56040000077,
              515420.81310000457
            ],
            [
              363052.8889000006,
              515419.51180000044
            ],
            [
              363057.02529999986,
              515418.21520000137
            ],
            [
              363061.82849999983,
              515417.33110000193
            ],
            [
              363067.47169999965,
              515415.71950000152
            ],
            [
              363071.48730000108,
              515412.86590000056
            ],
            [
              363075.55620000046,
              515411.84549999982
            ],
            [
              363079.84280000068,
              515411.50669999979
            ],
            [
              363084.26350000128,
              515408.8275000006
            ],
            [
              363088.57919999957,
              515406.5239000041
            ],
            [
              363094.86620000005,
              515404.22520000115
            ],
            [
              363101.07770000119,
              515402.61339999922
            ],
            [
              363105.86919999961,
              515400.96299999766
            ],
            [
              363109.63150000013,
              515397.89359999821
            ],
            [
              363113.87899999972,
              515394.53370000049
            ],
            [
              363118.08440000005,
              515390.59569999948
            ],
            [
              363121.07320000138,
              515389.16840000078
            ],
            [
              363123.62559999991,
              515387.94940000027
            ],
            [
              363127.23910000175,
              515384.65500000119
            ],
            [
              363132.97199999914,
              515382.0791000016
            ],
            [
              363139.49750000052,
              515380.76209999993
            ],
            [
              363145.23160000052,
              515380.87340000458
            ],
            [
              363150.31010000128,
              515379.07310000062
            ],
            [
              363155.50880000088,
              515377.03089999966
            ],
            [
              363159.7993999999,
              515373.73860000446
            ],
            [
              363165.99070000183,
              515371.33809999749
            ],
            [
              363171.18730000127,
              515369.86219999939
            ],
            [
              363176.10060000047,
              515367.42580000311
            ],
            [
              363180.85900000203,
              515363.36529999971
            ],
            [
              363185.66569999978,
              515360.01630000025
            ],
            [
              363191.99890000094,
              515358.54030000232
            ],
            [
              363196.40710000042,
              515357.42660000175
            ],
            [
              363201.00059999991,
              515358.20420000143
            ],
            [
              363205.78830000013,
              515357.66410000063
            ],
            [
              363211.57619999908,
              515356.37739999965
            ],
            [
              363219.61760000233,
              515357.02200000174
            ],
            [
              363224.68800000101,
              515353.356200004
            ],
            [
              363230.29270000104,
              515349.61190000176
            ],
            [
              363235.54550000187,
              515346.61590000056
            ],
            [
              363240.27099999972,
              515345.16410000063
            ],
            [
              363245.01900000125,
              515343.0132999979
            ],
            [
              363250.42940000072,
              515342.4188000001
            ],
            [
              363255.46079999954,
              515344.8815999981
            ],
            [
              363260.1612999998,
              515344.26220000163
            ],
            [
              363264.9095999999,
              515345.75350000337
            ],
            [
              363270.39509999938,
              515347.23680000193
            ],
            [
              363275.89860000089,
              515346.87730000168
            ],
            [
              363280.92400000058,
              515345.98660000227
            ],
            [
              363285.46580000129,
              515344.39809999987
            ],
            [
              363290.12800000049,
              515345.06600000151
            ],
            [
              363295.35109999962,
              515343.82390000112
            ],
            [
              363300.32149999961,
              515346.68530000187
            ],
            [
              363303.76900000032,
              515347.02979999967
            ],
            [
              363308.77759999968,
              515347.00490000285
            ],
            [
              363312.11760000046,
              515345.57080000266
            ],
            [
              363316.88129999954,
              515341.69920000248
            ],
            [
              363321.14890000038,
              515339.59460000135
            ],
            [
              363325.42299999949,
              515338.06750000268
            ],
            [
              363331.34590000007,
              515337.605100004
            ],
            [
              363336.71830000076,
              515337.59840000048
            ],
            [
              363341.14860000182,
              515337.62890000269
            ],
            [
              363344.61290000007,
              515336.19720000029
            ],
            [
              363348.42339999974,
              515335.22739999928
            ],
            [
              363355.68929999974,
              515332.82580000348
            ],
            [
              363359.67449999973,
              515330.62690000236
            ],
            [
              363366.58180000074,
              515327.48540000245
            ],
            [
              363371.56130000018,
              515322.10790000297
            ],
            [
              363377.18520000111,
              515319.66320000403
            ],
            [
              363382.36890000105,
              515318.39809999987
            ],
            [
              363387.45840000082,
              515316.95360000059
            ],
            [
              363392.15259999968,
              515318.48830000125
            ],
            [
              363396.85920000076,
              515317.55820000358
            ],
            [
              363402.58490000106,
              515317.64719999954
            ],
            [
              363408.21879999992,
              515317.88990000449
            ],
            [
              363412.14710000157,
              515319.5429999996
            ],
            [
              363415.53749999963,
              515320.54160000011
            ],
            [
              363418.48620000016,
              515320.51010000147
            ],
            [
              363423.69420000073,
              515321.99370000139
            ],
            [
              363427.98200000077,
              515323.99239999801
            ],
            [
              363432.18080000114,
              515325.42870000377
            ],
            [
              363437.94730000012,
              515327.52840000018
            ],
            [
              363442.91100000031,
              515327.9913000036
            ],
            [
              363446.1102,
              515327.86470000073
            ],
            [
              363449.99780000001,
              515327.4961000029
            ],
            [
              363453.3685000008,
              515328.59430000186
            ],
            [
              363457.14120000135,
              515326.82430000231
            ],
            [
              363461.88170000166,
              515324.15160000138
            ],
            [
              363466.33340000082,
              515322.17280000076
            ],
            [
              363470.96169999987,
              515323.43980000354
            ],
            [
              363478.03959999979,
              515325.23179999925
            ],
            [
              363483.77710000053,
              515326.99780000374
            ],
            [
              363488.92989999987,
              515326.40960000455
            ],
            [
              363494.04040000122,
              515328.45209999941
            ],
            [
              363498.21289999969,
              515328.4999000039
            ],
            [
              363502.94540000055,
              515328.98060000129
            ],
            [
              363506.83550000098,
              515330.31090000272
            ],
            [
              363512.174300001,
              515329.75590000115
            ],
            [
              363516.34119999968,
              515330.11820000224
            ],
            [
              363518.69640000071,
              515332.1110999994
            ],
            [
              363521.4140000008,
              515334.10400000028
            ],
            [
              363524.49390000105,
              515335.55330000445
            ],
            [
              363527.3925999999,
              515335.91569999978
            ],
            [
              363530.29129999969,
              515336.82150000148
            ],
            [
              363533.91480000131,
              515337.72740000114
            ],
            [
              363538.26290000044,
              515339.17679999955
            ],
            [
              363544.42270000093,
              515339.81090000272
            ],
            [
              363549.31430000067,
              515342.16610000096
            ],
            [
              363554.2965000011,
              515344.15900000185
            ],
            [
              363556.17560000066,
              515347.8928999994
            ],
            [
              363560.11310000066,
              515349.06880000234
            ],
            [
              363565.14419999998,
              515346.97919999994
            ],
            [
              363569.42360000033,
              515345.18580000103
            ],
            [
              363575.22690000013,
              515344.93229999952
            ],
            [
              363580.59069999959,
              515345.36970000155
            ],
            [
              363585.65909999982,
              515345.9235999994
            ],
            [
              363590.4924999997,
              515347.6054999996
            ],
            [
              363596.88480000105,
              515348.11840000004
            ],
            [
              363602.31620000023,
              515347.35799999908
            ],
            [
              363605.93900000118,
              515345.99609999917
            ],
            [
              363612.22240000032,
              515343.43110000156
            ],
            [
              363616.1018000003,
              515338.9207000006
            ],
            [
              363620.86670000106,
              515339.10220000148
            ],
            [
              363623.81880000047,
              515338.43790000118
            ],
            [
              363626.50870000012,
              515336.64699999988
            ],
            [
              363629.41080000065,
              515335.81510000117
            ],
            [
              363632.92050000094,
              515337.07150000148
            ],
            [
              363636.4748000009,
              515339.22819999978
            ],
            [
              363639.82149999961,
              515339.73750000447
            ],
            [
              363643.60170000046,
              515339.86659999937
            ],
            [
              363647.54040000122,
              515340.06540000252
            ],
            [
              363653.02300000098,
              515340.32750000432
            ],
            [
              363657.45500000101,
              515341.19100000151
            ],
            [
              363661.19429999962,
              515341.14159999974
            ],
            [
              363664.92779999971,
              515341.39200000465
            ],
            [
              363669.82739999983,
              515343.77470000088
            ],
            [
              363673.58100000024,
              515342.53749999963
            ],
            [
              363677.08609999996,
              515338.55279999785
            ],
            [
              363680.15130000096,
              515333.90440000221
            ],
            [
              363683.79880000092,
              515334.46389999986
            ],
            [
              363687.27329999954,
              515336.16380000114
            ],
            [
              363690.44630000088,
              515334.10400000028
            ],
            [
              363694.16029999964,
              515333.01700000279
            ],
            [
              363699.08270000108,
              515333.17569999956
            ],
            [
              363704.97589999996,
              515333.15499999933
            ],
            [
              363710.48469999898,
              515334.80570000038
            ],
            [
              363715.34300000221,
              515337.94279999845
            ],
            [
              363718.80169999972,
              515337.71030000225
            ],
            [
              363722.05680000037,
              515338.36219999939
            ],
            [
              363725.56309999991,
              515341.16200000234
            ],
            [
              363729.36569999997,
              515343.33469999954
            ],
            [
              363733.74480000045,
              515344.63030000031
            ],
            [
              363738.12959999964,
              515345.63729999959
            ],
            [
              363744.29970000032,
              515346.15710000135
            ],
            [
              363748.28740000073,
              515346.12370000407
            ],
            [
              363752.58580000047,
              515344.40940000117
            ],
            [
              363756.93589999992,
              515344.79300000146
            ],
            [
              363761.53919999953,
              515346.41509999894
            ],
            [
              363765.95089999959,
              515345.57930000313
            ],
            [
              363770.4943000013,
              515344.82389999926
            ],
            [
              363775.01429999992,
              515344.35669999942
            ],
            [
              363779.51699999999,
              515343.86700000428
            ],
            [
              363784.46590000018,
              515342.04810000025
            ],
            [
              363787.57919999957,
              515342.47890000232
            ],
            [
              363791.95500000194,
              515342.42790000141
            ],
            [
              363796.16500000004,
              515342.96289999969
            ],
            [
              363800.70639999956,
              515343.91840000264
            ],
            [
              363804.69990000036,
              515345.05210000463
            ],
            [
              363806.27940000128,
              515347.59979999997
            ],
            [
              363808.46409999952,
              515349.70800000243
            ],
            [
              363810.99270000216,
              515351.54870000109
            ],
            [
              363813.02750000171,
              515354.39629999921
            ],
            [
              363813.97520000115,
              515358.66240000166
            ],
            [
              363814.82040000055,
              515362.68180000037
            ],
            [
              363817.50540000107,
              515366.38729999959
            ],
            [
              363820.63070000056,
              515369.82380000316
            ],
            [
              363822.73209999967,
              515374.99760000035
            ],
            [
              363825.17010000162,
              515378.84540000185
            ],
            [
              363827.15940000117,
              515382.48179999739
            ],
            [
              363829.64400000032,
              515385.61160000041
            ],
            [
              363832.59740000032,
              515387.7517000027
            ],
            [
              363837.03039999958,
              515390.33130000159
            ],
            [
              363839.66730000079,
              515393.14020000212
            ],
            [
              363841.59080000222,
              515395.9299000036
            ],
            [
              363843.42190000042,
              515399.41510000266
            ],
            [
              363846.31010000128,
              515402.22019999847
            ],
            [
              363849.88949999958,
              515404.68290000036
            ],
            [
              363853.03030000068,
              515409.14680000395
            ],
            [
              363855.18210000172,
              515414.61480000056
            ],
            [
              363856.96500000078,
              515418.43970000185
            ],
            [
              363856.71339999977,
              515422.00480000116
            ],
            [
              363857.66320000123,
              515426.80910000391
            ],
            [
              363860.1668999996,
              515429.78930000402
            ],
            [
              363863.52490000054,
              515431.08170000277
            ],
            [
              363864.89660000056,
              515434.50620000251
            ],
            [
              363866.85429999977,
              515439.30800000019
            ],
            [
              363868.55750000011,
              515444.40460000187
            ],
            [
              363870.04250000138,
              515448.39760000072
            ],
            [
              363872.84560000058,
              515452.64959999919
            ],
            [
              363874.41070000175,
              515455.72250000201
            ],
            [
              363878.65380000044,
              515458.52569999918
            ],
            [
              363881.0083999997,
              515462.09149999917
            ],
            [
              363884.3479000004,
              515465.24350000173
            ],
            [
              363889.83339999989,
              515465.80570000224
            ],
            [
              363895.31530000083,
              515468.37760000117
            ],
            [
              363898.96410000045,
              515470.23650000244
            ],
            [
              363903.72810000088,
              515472.73890000209
            ],
            [
              363907.7817000011,
              515472.96220000274
            ],
            [
              363912.58139999863,
              515474.54370000027
            ],
            [
              363916.78509999998,
              515476.18019999936
            ],
            [
              363921.94979999959,
              515478.16850000247
            ],
            [
              363926.98280000035,
              515481.44240000285
            ],
            [
              363930.99560000002,
              515483.30829999968
            ],
            [
              363934.81130000111,
              515484.8040000014
            ],
            [
              363939.11280000024,
              515484.61030000076
            ],
            [
              363944.50540000107,
              515485.38170000352
            ],
            [
              363948.47120000049,
              515487.37990000285
            ],
            [
              363952.10720000137,
              515487.61740000173
            ],
            [
              363955.72410000023,
              515487.92110000178
            ],
            [
              363959.90460000001,
              515489.37950000353
            ],
            [
              363963.48740000185,
              515489.16060000099
            ],
            [
              363966.63609999977,
              515490.25470000133
            ],
            [
              363972.02409999911,
              515489.43810000084
            ],
            [
              363976.49170000106,
              515488.47040000185
            ],
            [
              363980.30740000028,
              515487.68980000354
            ],
            [
              363984.74490000121,
              515488.49250000343
            ],
            [
              363987.59949999861,
              515489.40870000236
            ],
            [
              363990.71420000121,
              515489.5139000006
            ],
            [
              363994.3264000006,
              515490.97230000235
            ],
            [
              363998.05200000014,
              515492.53290000185
            ],
            [
              364002.55880000163,
              515493.65350000001
            ],
            [
              364007.16250000056,
              515495.26450000145
            ],
            [
              364011.47439999972,
              515495.90380000137
            ],
            [
              364016.04220000003,
              515497.0810000021
            ],
            [
              364020.05340000056,
              515499.47999999858
            ],
            [
              364024.72030000109,
              515500.58149999939
            ],
            [
              364029.51720000152,
              515502.30730000138
            ],
            [
              364034.34370000102,
              515505.01649999991
            ],
            [
              364037.98610000033,
              515506.97519999743
            ],
            [
              364040.12830000091,
              515510.0428000018
            ],
            [
              364042.71350000054,
              515512.25850000046
            ],
            [
              364045.98250000179,
              515514.46539999917
            ],
            [
              364050.65460000094,
              515516.66630000249
            ],
            [
              364055.16950000077,
              515521.35700000264
            ],
            [
              364057.41610000003,
              515525.10390000232
            ],
            [
              364061.8282000022,
              515526.97780000232
            ],
            [
              364066.95540000033,
              515527.69959999993
            ],
            [
              364072.09940000065,
              515529.37670000084
            ],
            [
              364076.71160000097,
              515530.55489999987
            ],
            [
              364080.82519999985,
              515531.34579999931
            ],
            [
              364084.31540000159,
              515532.22450000048
            ],
            [
              364087.92300000042,
              515534.35209999979
            ],
            [
              364087.43050000072,
              515537.77070000023
            ],
            [
              364087.88659999985,
              515542.60980000161
            ],
            [
              364088.6520999996,
              515547.97690000199
            ],
            [
              364090.73040000163,
              515552.50339999981
            ],
            [
              364091.96110000089,
              515558.14600000158
            ],
            [
              364093.14350000024,
              515563.07709999941
            ],
            [
              364093.88560000062,
              515569.18760000169
            ],
            [
              364094.65040000062,
              515573.67750000022
            ],
            [
              364095.11170000024,
              515578.25020000339
            ],
            [
              364096.43290000036,
              515583.80580000021
            ],
            [
              364098.00549999997,
              515587.85610000044
            ],
            [
              364099.99560000189,
              515590.52660000138
            ],
            [
              364100.72040000185,
              515593.88300000131
            ],
            [
              364103.04720000178,
              515597.50390000083
            ],
            [
              364105.10169999953,
              515601.43040000461
            ],
            [
              364107.40120000113,
              515603.7183000017
            ],
            [
              364111.33580000047,
              515606.39900000207
            ],
            [
              364112.62310000136,
              515611.18769999966
            ],
            [
              364114.29050000012,
              515613.79080000333
            ],
            [
              364115.95680000074,
              515616.22180000134
            ],
            [
              364118.13570000045,
              515619.22910000011
            ],
            [
              364117.75810000207,
              515623.5634000022
            ],
            [
              364118.28129999992,
              515626.7826000005
            ],
            [
              364121.36730000004,
              515629.26350000128
            ],
            [
              364122.92330000084,
              515632.11429999955
            ],
            [
              364124.20199999958,
              515635.5260000024
            ],
            [
              364125.05340000056,
              515639.90090000443
            ],
            [
              364126.23350000102,
              515645.78130000085
            ],
            [
              364128.02109999955,
              515650.03570000269
            ],
            [
              364130.63229999971,
              515652.27420000359
            ],
            [
              364132.81020000018,
              515654.42640000023
            ],
            [
              364135.27230000123,
              515657.48369999975
            ],
            [
              364135.37350000069,
              515660.92270000279
            ],
            [
              364135.9841,
              515664.26520000026
            ],
            [
              364139.37550000101,
              515666.18799999915
            ],
            [
              364142.73890000116,
              515664.35840000026
            ],
            [
              364145.70650000218,
              515662.89509999938
            ],
            [
              364148.67440000083,
              515662.7864999976
            ],
            [
              364152.1754999999,
              515660.83390000276
            ],
            [
              364155.1584999999,
              515660.40350000001
            ],
            [
              364158.79790000152,
              515658.64240000024
            ],
            [
              364162.56420000084,
              515657.20580000058
            ],
            [
              364165.56780000124,
              515656.63150000386
            ],
            [
              364168.76269999985,
              515657.62660000101
            ],
            [
              364174.6603000015,
              515657.0866000019
            ],
            [
              364180.09790000133,
              515656.45989999734
            ],
            [
              364184.44440000225,
              515655.32340000011
            ],
            [
              364188.48240000103,
              515653.15919999965
            ],
            [
              364194.07930000033,
              515651.19200000167
            ],
            [
              364199.31990000047,
              515649.73980000243
            ],
            [
              364204.42609999981,
              515648.3516000025
            ],
            [
              364208.9851000011,
              515649.0624000039
            ],
            [
              364211.96949999873,
              515648.50020000339
            ],
            [
              364214.78079999983,
              515648.81200000271
            ],
            [
              364218.53860000148,
              515649.10459999926
            ],
            [
              364222.6651000008,
              515648.31910000183
            ],
            [
              364227.33169999998,
              515648.52129999921
            ],
            [
              364232.78200000059,
              515648.90190000273
            ],
            [
              364239.08770000096,
              515649.76050000265
            ],
            [
              364243.33910000045,
              515650.25420000404
            ],
            [
              364247.68770000059,
              515650.6892000027
            ],
            [
              364254.68620000128,
              515651.86480000243
            ],
            [
              364258.23900000099,
              515651.81209999882
            ],
            [
              364261.87899999972,
              515650.92830000073
            ],
            [
              364267.47780000046,
              515652.50889999978
            ],
            [
              364271.51850000024,
              515655.20280000009
            ],
            [
              364275.35840000212,
              515656.36600000225
            ],
            [
              364280.17179999966,
              515655.87160000019
            ],
            [
              364283.73170000035,
              515657.27360000275
            ],
            [
              364286.87520000059,
              515656.81310000271
            ],
            [
              364290.95040000137,
              515657.29250000231
            ],
            [
              364296.04220000096,
              515656.18160000071
            ],
            [
              364299.85030000005,
              515654.87910000049
            ],
            [
              364302.85089999903,
              515652.63920000009
            ],
            [
              364305.96129999962,
              515650.69019999914
            ],
            [
              364308.11539999954,
              515648.60030000098
            ],
            [
              364311.64209999982,
              515645.56980000064
            ],
            [
              364314.77640000079,
              515641.7183000017
            ],
            [
              364317.79420000035,
              515638.14070000313
            ],
            [
              364321.42040000111,
              515635.92410000041
            ],
            [
              364325.4469000008,
              515632.30519999936
            ],
            [
              364328.93750000093,
              515630.44129999913
            ],
            [
              364332.2920000013,
              515629.6296000015
            ],
            [
              364338.36720000021,
              515628.41029999964
            ],
            [
              364343.4824000001,
              515627.69969999976
            ],
            [
              364349.73550000135,
              515626.68930000253
            ],
            [
              364353.03859999962,
              515626.23750000447
            ],
            [
              364356.64700000081,
              515627.88480000198
            ],
            [
              364361.24660000019,
              515627.43060000241
            ],
            [
              364365.91620000172,
              515627.93269999884
            ],
            [
              364370.24239999987,
              515627.83960000239
            ],
            [
              364374.59580000024,
              515626.58110000007
            ],
            [
              364379.11150000151,
              515624.73729999922
            ],
            [
              364382.82910000067,
              515623.52190000191
            ],
            [
              364386.91880000103,
              515622.20290000178
            ],
            [
              364392.56749999989,
              515622.0578000024
            ],
            [
              364397.81450000126,
              515623.23190000281
            ],
            [
              364401.69089999981,
              515623.20780000277
            ],
            [
              364404.52670000121,
              515622.35820000246
            ],
            [
              364408.49860000145,
              515623.01050000079
            ],
            [
              364413.37300000153,
              515623.83029999956
            ],
            [
              364416.85220000148,
              515624.58680000156
            ],
            [
              364420.15680000093,
              515625.04410000145
            ],
            [
              364424.17640000116,
              515626.67630000226
            ],
            [
              364427.16720000096,
              515627.82029999979
            ],
            [
              364429.89330000058,
              515630.86570000276
            ],
            [
              364432.14330000151,
              515634.31870000064
            ],
            [
              364430.97130000126,
              515637.72130000219
            ],
            [
              364429.94020000193,
              515640.49930000119
            ],
            [
              364430.21549999993,
              515643.90810000151
            ],
            [
              364429.33719999995,
              515647.27209999971
            ],
            [
              364428.73990000132,
              515650.80260000005
            ],
            [
              364429.28050000127,
              515653.80020000041
            ],
            [
              364431.76279999968,
              515655.36990000121
            ],
            [
              364431.59390000068,
              515659.58070000261
            ],
            [
              364437.37330000009,
              515662.93040000275
            ],
            [
              364442.06180000026,
              515667.91899999976
            ],
            [
              364443.84480000101,
              515672.77300000004
            ],
            [
              364446.48149999976,
              515675.97809999995
            ],
            [
              364445.70559999999,
              515679.10540000163
            ],
            [
              364444.23490000051,
              515682.5689000003
            ],
            [
              364441.86540000048,
              515685.90370000154
            ],
            [
              364440.57359999977,
              515690.2145000007
            ],
            [
              364439.69749999978,
              515694.14480000176
            ],
            [
              364439.89570000023,
              515697.18010000139
            ],
            [
              364439.21150000207,
              515700.83660000004
            ],
            [
              364440.63860000111,
              515705.80399999954
            ],
            [
              364441.17940000072,
              515710.08589999937
            ],
            [
              364439.98280000035,
              515713.38819999993
            ],
            [
              364441.42399999965,
              515716.1978999991
            ],
            [
              364441.62850000057,
              515719.81630000286
            ],
            [
              364442.30420000106,
              515723.85459999926
            ],
            [
              364441.28410000075,
              515728.34290000424
            ],
            [
              364443.23150000162,
              515731.37910000235
            ],
            [
              364445.92790000048,
              515734.70750000142
            ],
            [
              364444.44150000066,
              515737.60990000144
            ],
            [
              364445.30250000209,
              515741.71299999952
            ],
            [
              364446.04400000069,
              515745.11420000345
            ],
            [
              364445.86160000134,
              515748.54179999977
            ],
            [
              364444.22800000105,
              515751.70780000277
            ],
            [
              364443.77950000111,
              515755.80200000107
            ],
            [
              364443.23869999964,
              515760.07200000063
            ],
            [
              364442.19350000005,
              515764.37579999864
            ],
            [
              364441.6557,
              515769.2265000008
            ],
            [
              364443.31920000073,
              515772.75440000184
            ],
            [
              364443.94790000003,
              515775.56490000151
            ],
            [
              364440.36970000062,
              515778.73730000295
            ],
            [
              364437.32510000095,
              515781.86460000463
            ],
            [
              364433.28280000016,
              515783.34009999968
            ],
            [
              364429.94280000124,
              515784.61840000004
            ],
            [
              364427.56969999988,
              515786.70390000008
            ],
            [
              364425.4143000003,
              515790.67590000294
            ],
            [
              364420.91860000137,
              515792.06760000065
            ],
            [
              364417.04669999983,
              515790.61779999919
            ],
            [
              364414.73720000125,
              515792.70459999889
            ],
            [
              364412.98850000091,
              515796.3125
            ],
            [
              364409.69790000003,
              515798.85490000248
            ],
            [
              364404.78210000135,
              515799.72750000283
            ],
            [
              364401.10970000084,
              515802.81230000407
            ],
            [
              364397.85700000171,
              515804.99979999848
            ],
            [
              364393.92870000005,
              515805.41160000302
            ],
            [
              364390.86550000124,
              515806.08450000174
            ],
            [
              364387.19010000117,
              515808.32790000178
            ],
            [
              364382.78129999992,
              515810.83449999802
            ],
            [
              364379.53129999898,
              515813.5690999981
            ],
            [
              364376.44150000066,
              515812.65370000154
            ],
            [
              364372.45370000042,
              515816.11240000464
            ],
            [
              364368.46559999976,
              515819.73390000127
            ],
            [
              364366.10199999996,
              515822.167600004
            ],
            [
              364363.42250000034,
              515824.79130000249
            ],
            [
              364362.01400000136,
              515828.02840000018
            ],
            [
              364360.34130000044,
              515830.92720000073
            ],
            [
              364359.07390000019,
              515833.98929999955
            ],
            [
              364356.26520000119,
              515836.63260000199
            ],
            [
              364353.68890000135,
              515837.83700000122
            ],
            [
              364353.06560000218,
              515842.46630000137
            ],
            [
              364351.31000000052,
              515845.06369999982
            ],
            [
              364347.45449999999,
              515847.66440000013
            ],
            [
              364342.76730000135,
              515849.1995000001
            ],
            [
              364341.95019999985,
              515855.79600000195
            ],
            [
              364342.02830000129,
              515860.20580000244
            ],
            [
              364343.11250000075,
              515863.33610000275
            ],
            [
              364343.09080000129,
              515866.26710000262
            ],
            [
              364342.01049999986,
              515869.06650000252
            ],
            [
              364343.10309999995,
              515871.99699999951
            ],
            [
              364343.99260000139,
              515875.55110000074
            ],
            [
              364345.89489999972,
              515878.73620000109
            ],
            [
              364345.98139999993,
              515883.73469999991
            ],
            [
              364346.0298000006,
              515887.84420000017
            ],
            [
              364342.53280000109,
              515892.31739999913
            ],
            [
              364339.77759999968,
              515889.96790000238
            ],
            [
              364337.80620000046,
              515893.37420000322
            ],
            [
              364336.07780000009,
              515897.07690000162
            ],
            [
              364338.81840000115,
              515899.05150000006
            ],
            [
              364342.83990000002,
              515900.90670000203
            ],
            [
              364347.18489999976,
              515901.65790000185
            ],
            [
              364351.31190000009,
              515904.0260000024
            ],
            [
              364355.96030000038,
              515906.06000000238
            ],
            [
              364360.27740000095,
              515908.0876000002
            ],
            [
              364359.18890000042,
              515913.0521000009
            ],
            [
              364359.73170000035,
              515918.89790000208
            ],
            [
              364358.76559999958,
              515923.80360000394
            ],
            [
              364356.43580000009,
              515928.06640000083
            ],
            [
              364352.73919999879,
              515932.31870000064
            ],
            [
              364347.85250000004,
              515930.55480000004
            ],
            [
              364343.78330000024,
              515929.57070000097
            ],
            [
              364340.52539999969,
              515929.41790000163
            ],
            [
              364336.9140000008,
              515929.41790000163
            ],
            [
              364333.10199999996,
              515929.27459999919
            ],
            [
              364328.91729999892,
              515929.60899999924
            ],
            [
              364324.89520000014,
              515929.84300000034
            ],
            [
              364319.86020000093,
              515930.65040000156
            ],
            [
              364315.75200000126,
              515931.75220000371
            ],
            [
              364312.56740000099,
              515931.90500000305
            ],
            [
              364307.95610000007,
              515931.77769999951
            ],
            [
              364304.40199999977,
              515930.59300000221
            ],
            [
              364301.34480000008,
              515928.75870000198
            ],
            [
              364298.24930000119,
              515926.83510000072
            ],
            [
              364295.06460000109,
              515924.97529999912
            ],
            [
              364291.34370000008,
              515922.79700000025
            ],
            [
              364289.76539999992,
              515925.22370000184
            ],
            [
              364290.12849999964,
              515929.25550000183
            ],
            [
              364290.72080000024,
              515933.32550000027
            ],
            [
              364291.4468000019,
              515936.66930000111
            ],
            [
              364292.38320000097,
              515939.99410000257
            ],
            [
              364294.00739999861,
              515944.44620000198
            ],
            [
              364295.68880000059,
              515947.44620000012
            ],
            [
              364297.73340000026,
              515949.83459999971
            ],
            [
              364299.95620000083,
              515952.94920000248
            ],
            [
              364301.1791000003,
              515956.66880000196
            ],
            [
              364302.1473000003,
              515960.36300000176
            ],
            [
              364303.18340000231,
              515964.44930000044
            ],
            [
              364303.93910000008,
              515968.05150000192
            ],
            [
              364304.21940000076,
              515971.17239999957
            ],
            [
              364304.21940000076,
              515974.4207000006
            ],
            [
              364304.35319999978,
              515979.14040000364
            ],
            [
              364304.09200000018,
              515983.23580000363
            ],
            [
              364303.39780000132,
              515987.12750000134
            ],
            [
              364302.57610000111,
              515991.82800000347
            ],
            [
              364301.88830000162,
              515996.20370000042
            ],
            [
              364301.02840000018,
              516000.23550000042
            ],
            [
              364300.24500000011,
              516003.50290000252
            ],
            [
              364299.19409999996,
              516007.87859999947
            ],
            [
              364298.21949999966,
              516011.8721000012
            ],
            [
              364297.56990000047,
              516015.15870000049
            ],
            [
              364296.8247000007,
              516018.84649999999
            ],
            [
              364296.19409999996,
              516022.53430000134
            ],
            [
              364295.65909999982,
              516026.66169999912
            ],
            [
              364295.378800001,
              516033.27930000052
            ],
            [
              364295.90749999974,
              516037.93530000187
            ],
            [
              364296.72910000104,
              516041.65490000322
            ],
            [
              364297.78010000102,
              516045.92240000144
            ],
            [
              364298.99660000019,
              516049.93500000238
            ],
            [
              364299.86280000117,
              516052.91579999961
            ],
            [
              364300.89470000006,
              516056.62270000018
            ],
            [
              364302.09850000031,
              516061.51440000162
            ],
            [
              364303.07290000096,
              516065.7181000039
            ],
            [
              364303.83719999995,
              516069.06830000132
            ],
            [
              364305.09840000141,
              516072.69250000268
            ],
            [
              364305.53789999988,
              516076.91530000046
            ],
            [
              364306.16850000154,
              516081.65399999917
            ],
            [
              364306.28300000075,
              516084.82589999959
            ],
            [
              364306.29830000177,
              516088.24240000173
            ],
            [
              364305.5092999991,
              516092.04059999995
            ],
            [
              364305.49039999954,
              516096.00760000013
            ],
            [
              364305.58100000024,
              516099.72150000185
            ],
            [
              364306.396300002,
              516102.71079999954
            ],
            [
              364306.21510000154,
              516106.15310000256
            ],
            [
              364305.7622000007,
              516110.9541000016
            ],
            [
              364303.95050000027,
              516114.75870000198
            ],
            [
              364301.68580000103,
              516116.84210000001
            ],
            [
              364298.83239999972,
              516119.60500000231
            ],
            [
              364294.6202000007,
              516123.99840000458
            ],
            [
              364292.08380000107,
              516126.89710000157
            ],
            [
              364290.00029999949,
              516129.97699999809
            ],
            [
              364288.46040000021,
              516133.41930000298
            ],
            [
              364286.46750000212,
              516137.04270000197
            ],
            [
              364284.47460000124,
              516139.5791000016
            ],
            [
              364282.66290000081,
              516141.75310000032
            ],
            [
              364280.85120000038,
              516144.74250000156
            ],
            [
              364278.58660000004,
              516149.72470000014
            ],
            [
              364277.9525000006,
              516154.25390000083
            ],
            [
              364277.59009999968,
              516158.60199999996
            ],
            [
              364277.40890000109,
              516162.04419999942
            ],
            [
              364277.13719999976,
              516165.57709999941
            ],
            [
              364277.22780000232,
              516169.83459999785
            ],
            [
              364276.68430000171,
              516172.73330000043
            ],
            [
              364276.86540000048,
              516176.17559999973
            ],
            [
              364276.68430000171,
              516180.70480000041
            ],
            [
              364276.68430000171,
              516185.59640000202
            ],
            [
              364277.04660000186,
              516189.40100000054
            ],
            [
              364277.59009999968,
              516192.29979999922
            ],
            [
              364277.77130000014,
              516196.10430000164
            ],
            [
              364279.31130000111,
              516199.72780000232
            ],
            [
              364279.76420000102,
              516206.15929999948
            ],
            [
              364279.4924000008,
              516210.77919999883
            ],
            [
              364279.94539999962,
              516215.39910000004
            ],
            [
              364280.66999999993,
              516219.11300000176
            ],
            [
              364280.66999999993,
              516223.00819999911
            ],
            [
              364281.66650000215,
              516226.81279999949
            ],
            [
              364281.75700000115,
              516229.89270000346
            ],
            [
              364282.75350000057,
              516233.33489999734
            ],
            [
              364283.11580000073,
              516236.50549999997
            ],
            [
              364283.20639999956,
              516240.21940000169
            ],
            [
              364284.2482000012,
              516244.52219999954
            ],
            [
              364285.06350000016,
              516249.23269999959
            ],
            [
              364286.55810000002,
              516254.8943000026
            ],
            [
              364287.37330000009,
              516257.70240000077
            ],
            [
              364289.18510000128,
              516261.23520000093
            ],
            [
              364291.17789999954,
              516265.31149999984
            ],
            [
              364292.62729999982,
              516267.84789999761
            ],
            [
              364294.16729999986,
              516271.47140000202
            ],
            [
              364294.6202000007,
              516276.18180000037
            ],
            [
              364296.34130000044,
              516280.07700000145
            ],
            [
              364297.70010000002,
              516284.87800000422
            ],
            [
              364297.60950000025,
              516289.58840000071
            ],
            [
              364297.60950000025,
              516294.20830000192
            ],
            [
              364298.15300000086,
              516298.55640000105
            ],
            [
              364298.78710000124,
              516302.63280000351
            ],
            [
              364298.87770000007,
              516306.98079999909
            ],
            [
              364299.33059999999,
              516310.78540000133
            ],
            [
              364299.33059999999,
              516314.68060000241
            ],
            [
              364300.23649999965,
              516319.02870000154
            ],
            [
              364301.23290000018,
              516324.01090000011
            ],
            [
              364302.50109999999,
              516327.63430000097
            ],
            [
              364302.77280000038,
              516330.8048000019
            ],
            [
              364302.59170000069,
              516334.06590000167
            ],
            [
              364302.59170000069,
              516337.23630000092
            ],
            [
              364302.50109999999,
              516341.58440000005
            ],
            [
              364301.32350000087,
              516345.75129999965
            ],
            [
              364300.41770000011,
              516349.3748000022
            ],
            [
              364297.38300000131,
              516352.54530000128
            ],
            [
              364293.95590000041,
              516351.30720000155
            ],
            [
              364292.26499999966,
              516347.56310000271
            ],
            [
              364291.63090000115,
              516343.66790000163
            ],
            [
              364290.4533000011,
              516340.22560000233
            ],
            [
              364289.36620000098,
              516334.88110000081
            ],
            [
              364288.09800000116,
              516331.61999999918
            ],
            [
              364286.82980000228,
              516329.08359999955
            ],
            [
              364285.10869999975,
              516325.00730000064
            ],
            [
              364282.48170000035,
              516321.38389999978
            ],
            [
              364278.49600000121,
              516321.02160000242
            ],
            [
              364277.04660000186,
              516324.64499999769
            ],
            [
              364277.04660000186,
              516327.99660000205
            ],
            [
              364277.59009999968,
              516331.25770000182
            ],
            [
              364277.59009999968,
              516334.97170000151
            ],
            [
              364278.40539999958,
              516338.95749999955
            ],
            [
              364278.6771000009,
              516341.94680000097
            ],
            [
              364278.85830000136,
              516345.75140000135
            ],
            [
              364278.94890000019,
              516351.09589999914
            ],
            [
              364277.77130000014,
              516355.98750000075
            ],
            [
              364276.1407000022,
              516359.88270000182
            ],
            [
              364275.59720000159,
              516362.9626000002
            ],
            [
              364275.05370000098,
              516366.58600000106
            ],
            [
              364274.69140000083,
              516370.84349999949
            ],
            [
              364273.6043999996,
              516377.00329999998
            ],
            [
              364272.33619999979,
              516383.3443
            ],
            [
              364270.1381000001,
              516389.50910000317
            ],
            [
              364265.20820000023,
              516392.16790000163
            ],
            [
              364261.49420000147,
              516393.88900000229
            ],
            [
              364259.0485000005,
              516395.42890000157
            ],
            [
              364255.15330000129,
              516396.42540000193
            ],
            [
              364251.89220000152,
              516397.69360000268
            ],
            [
              364248.90290000197,
              516398.68999999948
            ],
            [
              364245.55130000133,
              516400.68290000036
            ],
            [
              364241.20320000034,
              516402.67580000125
            ],
            [
              364238.30439999979,
              516404.21570000052
            ],
            [
              364236.31150000077,
              516406.3898000028
            ],
            [
              364234.49980000034,
              516409.37910000049
            ],
            [
              364232.1446000021,
              516412.3684000019
            ],
            [
              364231.05750000197,
              516415.26710000262
            ],
            [
              364228.97410000209,
              516418.70940000191
            ],
            [
              364226.89060000051,
              516422.87630000152
            ],
            [
              364224.89769999962,
              516425.95619999804
            ],
            [
              364223.62949999981,
              516428.85490000062
            ],
            [
              364222.18020000122,
              516432.75010000169
            ],
            [
              364220.2779000001,
              516437.37000000291
            ],
            [
              364218.28509999998,
              516442.0803999994
            ],
            [
              364216.47340000048,
              516445.61319999956
            ],
            [
              364214.84279999975,
              516449.59900000133
            ],
            [
              364213.84630000126,
              516452.5883000046
            ],
            [
              364213.21229999978,
              516455.48700000159
            ],
            [
              364212.12530000042,
              516459.83510000072
            ],
            [
              364210.94760000054,
              516464.09270000271
            ],
            [
              364208.04890000075,
              516468.53140000254
            ],
            [
              364207.14970000088,
              516472.64610000327
            ],
            [
              364206.78070000093,
              516476.68400000036
            ]
          ]
        ]
      }
    }
  ]
}