{
  "displayFieldName" : "",
  "fieldAliases" : {
    "FID" : "FID",
    "PMNTN_SN" : "PMNTN_SN",
    "MNTN_CODE" : "MNTN_CODE",
    "MNTN_NM" : "MNTN_NM",
    "PMNTN_NM" : "PMNTN_NM",
    "PMNTN_MAIN" : "PMNTN_MAIN",
    "PMNTN_LT" : "PMNTN_LT",
    "PMNTN_DFFL" : "PMNTN_DFFL",
    "PMNTN_UPPL" : "PMNTN_UPPL",
    "PMNTN_GODN" : "PMNTN_GODN",
    "PMNTN_MTRQ" : "PMNTN_MTRQ",
    "PMNTN_CNRL" : "PMNTN_CNRL",
    "PMNTN_CLS_" : "PMNTN_CLS_",
    "PMNTN_RISK" : "PMNTN_RISK",
    "PMNTN_RECO" : "PMNTN_RECO",
    "DATA_STDR_" : "DATA_STDR_",
    "MNTN_ID" : "MNTN_ID"
  },
  "geometryType" : "esriGeometryPolyline",
  "spatialReference" : {
    "wkt" : "PROJCS[\"PCS_ITRF2000_TM\",GEOGCS[\"GCS_ITRF_2000\",DATUM[\"D_ITRF_2000\",SPHEROID[\"GRS_1980\",6378137.0,298.257222101]],PRIMEM[\"Greenwich\",0.0],UNIT[\"Degree\",0.0174532925199433]],PROJECTION[\"Transverse_Mercator\"],PARAMETER[\"False_Easting\",200000.0],PARAMETER[\"False_Northing\",600000.0],PARAMETER[\"Central_Meridian\",127.0],PARAMETER[\"Scale_Factor\",1.0],PARAMETER[\"Latitude_Of_Origin\",38.0],UNIT[\"Meter\",1.0]]"
  },
  "fields" : [
    {
      "name" : "FID",
      "type" : "esriFieldTypeOID",
      "alias" : "FID"
    },
    {
      "name" : "PMNTN_SN",
      "type" : "esriFieldTypeDouble",
      "alias" : "PMNTN_SN"
    },
    {
      "name" : "MNTN_CODE",
      "type" : "esriFieldTypeString",
      "alias" : "MNTN_CODE",
      "length" : 9
    },
    {
      "name" : "MNTN_NM",
      "type" : "esriFieldTypeString",
      "alias" : "MNTN_NM",
      "length" : 50
    },
    {
      "name" : "PMNTN_NM",
      "type" : "esriFieldTypeString",
      "alias" : "PMNTN_NM",
      "length" : 50
    },
    {
      "name" : "PMNTN_MAIN",
      "type" : "esriFieldTypeString",
      "alias" : "PMNTN_MAIN",
      "length" : 200
    },
    {
      "name" : "PMNTN_LT",
      "type" : "esriFieldTypeSingle",
      "alias" : "PMNTN_LT"
    },
    {
      "name" : "PMNTN_DFFL",
      "type" : "esriFieldTypeString",
      "alias" : "PMNTN_DFFL",
      "length" : 8
    },
    {
      "name" : "PMNTN_UPPL",
      "type" : "esriFieldTypeDouble",
      "alias" : "PMNTN_UPPL"
    },
    {
      "name" : "PMNTN_GODN",
      "type" : "esriFieldTypeDouble",
      "alias" : "PMNTN_GODN"
    },
    {
      "name" : "PMNTN_MTRQ",
      "type" : "esriFieldTypeString",
      "alias" : "PMNTN_MTRQ",
      "length" : 200
    },
    {
      "name" : "PMNTN_CNRL",
      "type" : "esriFieldTypeString",
      "alias" : "PMNTN_CNRL",
      "length" : 1
    },
    {
      "name" : "PMNTN_CLS_",
      "type" : "esriFieldTypeString",
      "alias" : "PMNTN_CLS_",
      "length" : 1
    },
    {
      "name" : "PMNTN_RISK",
      "type" : "esriFieldTypeString",
      "alias" : "PMNTN_RISK",
      "length" : 200
    },
    {
      "name" : "PMNTN_RECO",
      "type" : "esriFieldTypeString",
      "alias" : "PMNTN_RECO",
      "length" : 1
    },
    {
      "name" : "DATA_STDR_",
      "type" : "esriFieldTypeString",
      "alias" : "DATA_STDR_",
      "length" : 10
    },
    {
      "name" : "MNTN_ID",
      "type" : "esriFieldTypeString",
      "alias" : "MNTN_ID",
      "length" : 10
    }
  ],
  "features" : [
    {
      "attributes" : {
        "FID" : 0,
        "PMNTN_SN" : 16255,
        "MNTN_CODE" : "427700401",
        "MNTN_NM" : "매봉산",
        "PMNTN_NM" : "구절리구간",
        "PMNTN_MAIN" : "남곡리(맛골가든)-정상",
        "PMNTN_LT" : 4.3,
        "PMNTN_DFFL" : "쉬움",
        "PMNTN_UPPL" : 161,
        "PMNTN_GODN" : 113,
        "PMNTN_MTRQ" : "토사",
        "PMNTN_CNRL" : " ",
        "PMNTN_CLS_" : " ",
        "PMNTN_RISK" : "경사가 매우 급함",
        "PMNTN_RECO" : " ",
        "DATA_STDR_" : "2016-12-31",
        "MNTN_ID" : "427702701"
      },
      "geometry" : {
        "paths" : [
          [
            [
              356228.16079999972,
              547767.62260000035
            ],
            [
              356232.61990000121,
              547758.70440000109
            ],
            [
              356237.07899999991,
              547749.78610000014
            ],
            [
              356244.659500001,
              547735.07110000029
            ],
            [
              356253.57770000119,
              547717.68060000055
            ],
            [
              356263.38769999985,
              547696.27690000087
            ],
            [
              356270.0764000006,
              547683.79140000232
            ],
            [
              356277.21089999937,
              547667.29270000011
            ],
            [
              356282.56190000009,
              547654.80720000155
            ],
            [
              356290.14240000024,
              547642.32169999927
            ],
            [
              356297.27689999994,
              547628.94440000318
            ],
            [
              356304.41150000039,
              547619.13440000452
            ],
            [
              356311.02110000048,
              547609.71480000392
            ],
            [
              356316.89699999988,
              547599.51429999992
            ],
            [
              356319.12650000025,
              547584.3534000013
            ],
            [
              356320.91019999981,
              547569.19240000099
            ],
            [
              356323.13970000204,
              547557.5987000037
            ],
            [
              356330.72020000033,
              547547.34280000255
            ],
            [
              356338.74660000019,
              547537.97870000079
            ],
            [
              356342.31390000228,
              547533.5196000021
            ],
            [
              356345.88120000064,
              547524.60139999911
            ],
            [
              356345.43530000094,
              547511.6699000001
            ],
            [
              356343.65160000231,
              547496.50899999961
            ],
            [
              356340.97610000055,
              547475.10530000366
            ],
            [
              356339.63840000052,
              547455.9310999997
            ],
            [
              356334.73340000119,
              547439.87840000354
            ],
            [
              356332.50380000006,
              547415.79920000397
            ],
            [
              356331.61199999973,
              547398.40870000049
            ],
            [
              356330.2742999997,
              547381.91000000015
            ],
            [
              356330.60109999962,
              547363.17450000346
            ],
            [
              356332.01669999957,
              547346.1873000022
            ],
            [
              356334.84790000133,
              547328.72820000164
            ],
            [
              356334.37610000093,
              547308.43799999915
            ],
            [
              356332.48860000074,
              547289.56330000237
            ],
            [
              356329.1855000006,
              547275.40730000101
            ],
            [
              356322.10749999993,
              547264.55440000072
            ],
            [
              356317.38879999984,
              547253.7014000006
            ],
            [
              356313.14200000092,
              547243.32030000165
            ],
            [
              356311.2546000015,
              547229.16430000216
            ],
            [
              356311.2546000015,
              547206.98660000414
            ],
            [
              356311.2546000015,
              547188.58379999921
            ],
            [
              356312.67020000052,
              547166.40600000136
            ],
            [
              356317.38879999984,
              547154.60940000229
            ],
            [
              356317.86070000101,
              547137.15030000173
            ],
            [
              356312.67020000052,
              547125.3535999991
            ],
            [
              356307.95150000136,
              547114.50070000254
            ],
            [
              356301.34540000185,
              547102.2322000023
            ],
            [
              356296.62670000177,
              547089.49170000106
            ],
            [
              356294.73920000065,
              547069.67330000177
            ],
            [
              356295.68300000019,
              547061.17969999835
            ],
            [
              356296.1548000006,
              547033.33960000239
            ],
            [
              356298.04230000079,
              547009.27439999953
            ],
            [
              356300.87350000069,
              546990.39970000274
            ],
            [
              356302.76100000087,
              546967.75009999983
            ],
            [
              356305.1202999996,
              546941.79739999957
            ],
            [
              356304.6484000003,
              546922.45090000145
            ],
            [
              356301.34540000185,
              546899.32940000109
            ],
            [
              356296.62670000177,
              546880.45470000058
            ],
            [
              356291.90799999889,
              546858.27700000256
            ],
            [
              356285.30190000217,
              546843.64910000004
            ],
            [
              356276.80829999968,
              546831.3805999998
            ],
            [
              356270.20220000017,
              546824.30260000192
            ],
            [
              356264.53980000131,
              546812.9777999986
            ],
            [
              356255.57430000044,
              546796.93430000171
            ],
            [
              356248.96820000093,
              546780.41900000349
            ],
            [
              356238.58710000012,
              546762.95990000106
            ],
            [
              356225.76800000202,
              546740.15300000273
            ],
            [
              356210.66830000002,
              546719.3908000011
            ],
            [
              356201.86010000203,
              546707.43689999916
            ],
            [
              356190.53529999964,
              546704.92030000128
            ],
            [
              356177.95219999924,
              546691.70800000429
            ],
            [
              356160.96500000171,
              546665.28339999914
            ],
            [
              356150.89850000013,
              546642.00469999947
            ],
            [
              356143.97780000139,
              546625.6465999987
            ],
            [
              356138.94450000115,
              546606.14280000143
            ],
            [
              356125.73230000027,
              546591.67220000364
            ],
            [
              356116.92410000227,
              546575.94329999946
            ],
            [
              356106.85760000069,
              546560.84359999932
            ],
            [
              356089.24120000098,
              546557.06860000268
            ],
            [
              356076.02900000196,
              546548.26050000079
            ],
            [
              356062.18749999907,
              546533.789900003
            ],
            [
              356054.63770000078,
              546518.06100000255
            ],
            [
              356044.57120000012,
              546509.25280000269
            ],
            [
              356025.06730000209,
              546499.18630000204
            ],
            [
              356002.41770000011,
              546494.15310000256
            ],
            [
              355987.94710000139,
              546482.19910000078
            ],
            [
              355977.88060000073,
              546465.84110000171
            ],
            [
              355964.66839999892,
              546451.99960000254
            ],
            [
              355957.74770000018,
              546433.125
            ],
            [
              355950.1978000002,
              546421.17100000009
            ],
            [
              355941.38960000034,
              546406.70040000044
            ],
            [
              355913.70680000074,
              546376.5009000022
            ],
            [
              355885.39470000193,
              546375.87180000171
            ],
            [
              355873.44080000091,
              546360.77200000174
            ],
            [
              355852.04950000066,
              546333.7183000017
            ],
            [
              355843.70060000196,
              546287.63280000165
            ],
            [
              355844.30010000058,
              546283.69989999942
            ],
            [
              355846.52080000006,
              546279.0847000014
            ],
            [
              355849.49710000027,
              546275.56499999948
            ],
            [
              355857.8589000022,
              546271.91840000078
            ],
            [
              355865.56790000014,
              546264.86170000024
            ],
            [
              355871.24420000147,
              546260.30430000089
            ],
            [
              355873.78650000039,
              546258.70850000158
            ],
            [
              355883.94639999885,
              546253.75760000013
            ],
            [
              355890.36480000056,
              546244.52820000425
            ],
            [
              355894.08399999887,
              546236.76960000023
            ],
            [
              355898.41860000137,
              546232.99770000204
            ],
            [
              355903.24909999967,
              546230.3842999991
            ],
            [
              355906.45020000171,
              546221.94969999976
            ],
            [
              355913.34740000125,
              546213.01799999923
            ],
            [
              355916.88280000072,
              546209.29220000096
            ],
            [
              355924.05480000097,
              546205.17369999923
            ],
            [
              355927.49700000137,
              546199.93039999902
            ],
            [
              355932.81200000085,
              546190.10300000198
            ],
            [
              355938.96960000042,
              546183.22839999944
            ],
            [
              355942.74740000162,
              546175.42080000229
            ],
            [
              355944.80630000029,
              546167.04260000028
            ],
            [
              355950.12650000211,
              546163.07819999941
            ],
            [
              355951.29410000145,
              546155.06079999916
            ],
            [
              355950.31260000076,
              546144.17159999907
            ],
            [
              355951.04150000121,
              546129.81670000218
            ],
            [
              355948.20779999997,
              546121.46340000257
            ],
            [
              355948.84190000128,
              546110.27690000087
            ],
            [
              355953.77139999997,
              546103.09060000256
            ],
            [
              355955.85529999994,
              546099.04890000075
            ],
            [
              355963.23250000179,
              546094.36790000089
            ],
            [
              355971.96999999974,
              546084.13829999976
            ],
            [
              355977.49230000004,
              546073.17100000009
            ],
            [
              355986.02990000043,
              546066.52419999801
            ],
            [
              355995.27190000098,
              546065.25390000083
            ],
            [
              356002.75810000114,
              546061.37449999899
            ],
            [
              356006.46390000079,
              546059.53399999812
            ],
            [
              356013.25790000055,
              546056.24130000174
            ],
            [
              356016.52909999993,
              546054.93680000119
            ],
            [
              356021.80550000072,
              546054.7359000016
            ],
            [
              356027.5775000006,
              546052.87310000136
            ],
            [
              356029.95299999975,
              546047.67090000212
            ],
            [
              356032.92210000008,
              546044.31210000068
            ],
            [
              356034.5691000009,
              546041.62800000235
            ],
            [
              356042.55990000069,
              546035.37079999968
            ],
            [
              356047.73240000103,
              546030.8040000014
            ],
            [
              356052.12459999975,
              546025.14560000412
            ],
            [
              356056.74070000183,
              546025.95390000194
            ],
            [
              356061.46879999992,
              546026.21460000426
            ],
            [
              356065.02730000019,
              546025.63170000352
            ],
            [
              356075.73469999991,
              546019.81399999931
            ],
            [
              356083.22860000096,
              546015.52399999835
            ],
            [
              356085.62299999967,
              546013.32590000145
            ],
            [
              356099.54470000044,
              546004.04860000312
            ],
            [
              356104.15070000198,
              546001.85860000178
            ],
            [
              356113.99360000063,
              545998.26779999956
            ],
            [
              356123.51820000168,
              545985.71010000259
            ],
            [
              356129.85890000127,
              545980.17700000294
            ],
            [
              356141.11789999995,
              545972.78189999983
            ],
            [
              356146.80290000048,
              545969.20920000039
            ],
            [
              356147.65770000033,
              545968.67200000025
            ],
            [
              356156.99160000216,
              545967.44990000129
            ],
            [
              356166.27040000074,
              545963.28220000304
            ],
            [
              356169.58700000122,
              545962.38949999958
            ],
            [
              356171.72140000202,
              545959.90890000202
            ],
            [
              356183.61270000134,
              545949.93850000203
            ],
            [
              356184.00200000126,
              545942.86140000075
            ],
            [
              356188.67580000032,
              545936.58650000207
            ],
            [
              356195.87500000093,
              545930.09249999933
            ],
            [
              356201.30969999917,
              545926.17480000295
            ],
            [
              356211.29079999961,
              545920.88770000078
            ],
            [
              356220.14960000105,
              545908.92840000056
            ],
            [
              356224.82100000046,
              545906.08460000157
            ],
            [
              356234.36140000075,
              545896.93620000035
            ],
            [
              356242.20510000084,
              545888.63320000097
            ],
            [
              356244.75510000065,
              545878.62079999968
            ],
            [
              356244.56359999999,
              545871.85490000248
            ],
            [
              356245.16460000072,
              545864.815200001
            ],
            [
              356250.09450000059,
              545861.39880000241
            ],
            [
              356255.16510000173,
              545854.25410000049
            ],
            [
              356262.78199999966,
              545844.83650000207
            ],
            [
              356264.98060000036,
              545841.76870000176
            ],
            [
              356271.94520000089,
              545832.22780000046
            ],
            [
              356276.62019999977,
              545820.7117999997
            ],
            [
              356278.32550000027,
              545808.09640000202
            ],
            [
              356275.56200000085,
              545793.65370000154
            ],
            [
              356278.10749999993,
              545792.36900000274
            ],
            [
              356276.71150000021,
              545788.50090000033
            ],
            [
              356276.75949999876,
              545784.06020000204
            ],
            [
              356280.2770000007,
              545772.46700000204
            ],
            [
              356284.92979999911,
              545760.7173999995
            ],
            [
              356286.42890000064,
              545753.43909999728
            ],
            [
              356288.5596000012,
              545744.08510000072
            ],
            [
              356297.07180000003,
              545733.64059999958
            ],
            [
              356299.68080000021,
              545731.80189999938
            ],
            [
              356301.96780000068,
              545729.67950000241
            ],
            [
              356304.8832000019,
              545725.42040000111
            ],
            [
              356308.02779999934,
              545721.67620000243
            ],
            [
              356313.26180000138,
              545715.73390000314
            ],
            [
              356314.47600000072,
              545709.49409999885
            ],
            [
              356313.35340000037,
              545703.78770000115
            ],
            [
              356312.01510000136,
              545696.84480000101
            ],
            [
              356316.39010000229,
              545693.77339999937
            ],
            [
              356319.01910000015,
              545695.11079999991
            ],
            [
              356316.78959999979,
              545679.09029999748
            ],
            [
              356311.34800000116,
              545673.93590000272
            ],
            [
              356308.9550999999,
              545672.27539999783
            ],
            [
              356306.41200000141,
              545668.24679999985
            ],
            [
              356303.76950000133,
              545665.74320000224
            ],
            [
              356297.76380000077,
              545662.36590000056
            ],
            [
              356296.7658000011,
              545658.02770000137
            ],
            [
              356293.57760000043,
              545653.01549999975
            ],
            [
              356285.55000000075,
              545642.34940000251
            ],
            [
              356283.50270000007,
              545639.7126000002
            ],
            [
              356278.28490000218,
              545635.36180000193
            ],
            [
              356273.72610000055,
              545619.94170000032
            ],
            [
              356269.43360000197,
              545599.28540000133
            ],
            [
              356264.17570000049,
              545589.52630000003
            ],
            [
              356258.14080000017,
              545579.68600000069
            ],
            [
              356254.47750000097,
              545577.82950000092
            ],
            [
              356249.88270000089,
              545570.44790000096
            ],
            [
              356245.0175999999,
              545560.97380000353
            ],
            [
              356237.4357000012,
              545553.89150000364
            ],
            [
              356232.30740000028,
              545546.18359999917
            ],
            [
              356229.42100000009,
              545539.22830000333
            ],
            [
              356228.99579999968,
              545536.42210000008
            ],
            [
              356226.76460000034,
              545519.53550000116
            ],
            [
              356226.4560000021,
              545516.65379999951
            ],
            [
              356220.17530000117,
              545504.34380000457
            ],
            [
              356210.34559999965,
              545491.1566000022
            ],
            [
              356207.68879999965,
              545483.27850000001
            ],
            [
              356207.66390000191,
              545469.51459999941
            ],
            [
              356207.26410000119,
              545463.47210000269
            ],
            [
              356204.72659999877,
              545445.45820000023
            ],
            [
              356202.54330000188,
              545435.44590000249
            ],
            [
              356206.99170000013,
              545428.93909999728
            ],
            [
              356210.18640000094,
              545425.11820000224
            ],
            [
              356210.59949999955,
              545420.15690000169
            ],
            [
              356216.8674999997,
              545417.03210000135
            ],
            [
              356224.03830000013,
              545415.85079999827
            ],
            [
              356229.09439999983,
              545414.04690000229
            ],
            [
              356232.88090000022,
              545413.27400000021
            ],
            [
              356235.72300000023,
              545411.2731000036
            ],
            [
              356238.3518000003,
              545407.91350000165
            ],
            [
              356240.3414000012,
              545404.43640000373
            ],
            [
              356242.67989999987,
              545399.33359999955
            ],
            [
              356247.16880000103,
              545398.45170000196
            ],
            [
              356249.47530000098,
              545395.99660000205
            ],
            [
              356254.26379999984,
              545391.64479999803
            ],
            [
              356261.7900000019,
              545384.7239000015
            ],
            [
              356264.38540000096,
              545380.78629999794
            ],
            [
              356266.17210000195,
              545377.51080000028
            ],
            [
              356269.90140000079,
              545374.43840000033
            ],
            [
              356274.12520000059,
              545369.53189999983
            ],
            [
              356282.3730000006,
              545362.824400004
            ],
            [
              356285.68599999975,
              545360.72130000219
            ],
            [
              356289.54580000043,
              545355.88580000028
            ],
            [
              356293.61209999956,
              545352.29780000262
            ],
            [
              356296.72920000087,
              545348.84740000218
            ],
            [
              356302.67009999976,
              545344.85040000267
            ],
            [
              356313.02259999979,
              545337.72719999962
            ],
            [
              356315.0175999999,
              545333.72279999964
            ],
            [
              356316.62939999998,
              545326.5688000042
            ],
            [
              356321.39850000106,
              545319.95150000229
            ],
            [
              356323.9056000011,
              545313.18070000224
            ],
            [
              356328.04270000104,
              545306.29890000261
            ],
            [
              356328.56709999964,
              545299.09950000048
            ],
            [
              356327.92120000068,
              545292.50270000286
            ],
            [
              356328.3665000014,
              545289.04660000093
            ],
            [
              356329.44840000104,
              545285.61350000277
            ],
            [
              356335.78660000023,
              545276.00540000014
            ],
            [
              356340.32479999959,
              545268.49550000019
            ],
            [
              356345.19020000193,
              545268.06499999948
            ],
            [
              356348.36899999995,
              545260.38510000147
            ],
            [
              356350.92320000101,
              545252.99340000004
            ],
            [
              356353.73140000086,
              545247.14990000427
            ],
            [
              356356.03990000114,
              545244.82809999958
            ],
            [
              356358.53180000186,
              545242.16550000012
            ],
            [
              356360.14460000023,
              545234.48959999904
            ],
            [
              356365.54430000018,
              545225.15820000134
            ],
            [
              356369.33340000082,
              545227.15579999983
            ],
            [
              356372.89290000033,
              545224.18009999953
            ],
            [
              356376.27770000137,
              545218.25860000215
            ],
            [
              356377.85120000131,
              545215.50110000186
            ],
            [
              356382.05170000158,
              545203.83190000057
            ],
            [
              356387.30230000149,
              545190.4280000031
            ],
            [
              356389.08410000056,
              545183.17730000429
            ],
            [
              356388.3610000005,
              545179.27730000205
            ],
            [
              356386.91560000088,
              545166.25850000419
            ],
            [
              356391.67879999988,
              545170.80060000159
            ],
            [
              356393.76750000007,
              545166.29279999994
            ],
            [
              356399.84979999997,
              545163.95849999972
            ],
            [
              356402.27259999979,
              545161.2058000043
            ],
            [
              356404.84910000023,
              545156.16310000233
            ],
            [
              356405.70570000075,
              545151.29890000075
            ],
            [
              356399.65029999986,
              545150.55230000243
            ],
            [
              356399.49750000052,
              545147.37920000032
            ],
            [
              356399.56850000005,
              545143.59960000031
            ],
            [
              356400.19570000004,
              545140.82430000044
            ],
            [
              356402.12390000001,
              545133.78730000369
            ],
            [
              356408.78830000199,
              545120.0102000013
            ],
            [
              356414.52269999962,
              545109.59130000323
            ],
            [
              356415.26079999935,
              545106.56270000152
            ],
            [
              356421.44330000039,
              545094.89190000109
            ],
            [
              356424.89109999966,
              545093.62969999947
            ],
            [
              356429.8227000013,
              545090.14690000191
            ],
            [
              356431.8693000013,
              545087.17610000074
            ],
            [
              356434.91110000107,
              545075.49630000256
            ],
            [
              356436.53990000207,
              545073.0951000005
            ],
            [
              356438.85160000063,
              545064.48850000091
            ],
            [
              356442.71690000128,
              545055.60020000301
            ],
            [
              356444.74540000129,
              545052.17390000261
            ],
            [
              356446.45050000027,
              545041.71260000393
            ],
            [
              356444.00360000134,
              545035.84820000082
            ],
            [
              356443.30590000004,
              545028.95059999824
            ],
            [
              356442.90589999966,
              545022.92469999939
            ],
            [
              356445.13430000003,
              545011.68490000255
            ],
            [
              356447.98579999991,
              545002.5998999998
            ],
            [
              356454.73170000128,
              544992.03340000287
            ],
            [
              356458.43290000036,
              544978.2229999993
            ],
            [
              356460.98890000023,
              544968.85480000451
            ],
            [
              356463.8292999994,
              544960.83550000004
            ],
            [
              356464.66399999894,
              544947.01560000144
            ],
            [
              356465.02670000121,
              544941.83689999953
            ],
            [
              356465.49580000062,
              544937.59290000238
            ],
            [
              356465.91619999986,
              544933.58110000193
            ],
            [
              356464.23099999968,
              544917.54860000126
            ],
            [
              356463.77249999996,
              544909.45629999973
            ],
            [
              356464.44440000039,
              544902.18470000289
            ],
            [
              356466.3927000016,
              544896.43610000424
            ],
            [
              356469.81839999929,
              544894.00210000016
            ],
            [
              356470.1185000008,
              544888.38910000026
            ],
            [
              356471.21659999993,
              544885.51160000078
            ],
            [
              356475.7751000002,
              544883.53180000372
            ],
            [
              356478.09190000035,
              544877.4793000035
            ],
            [
              356479.46620000061,
              544873.08570000343
            ],
            [
              356482.01010000054,
              544870.01879999973
            ],
            [
              356486.8123000022,
              544865.42870000191
            ],
            [
              356489.51330000069,
              544859.65540000238
            ],
            [
              356490.1715000011,
              544856.64190000296
            ],
            [
              356490.42850000039,
              544852.85479999892
            ],
            [
              356493.1222000001,
              544846.04860000312
            ],
            [
              356504.75410000142,
              544829.26689999923
            ],
            [
              356519.05360000022,
              544808.01610000245
            ],
            [
              356522.14100000076,
              544806.16420000046
            ],
            [
              356527.85520000197,
              544794.94549999945
            ],
            [
              356535.47719999962,
              544787.68240000308
            ],
            [
              356539.78899999894,
              544782.82210000232
            ],
            [
              356549.0661999993,
              544778.34950000048
            ],
            [
              356550.5214000009,
              544768.71630000137
            ],
            [
              356552.17050000001,
              544755.58909999952
            ],
            [
              356553.49850000069,
              544750.13420000114
            ],
            [
              356556.02150000166,
              544746.29519999959
            ],
            [
              356557.53129999992,
              544740.34959999844
            ],
            [
              356559.79970000219,
              544734.99569999985
            ],
            [
              356561.79540000018,
              544730.02530000173
            ],
            [
              356561.80350000039,
              544725.82820000127
            ],
            [
              356564.97740000021,
              544712.78510000184
            ],
            [
              356571.68900000118,
              544695.58900000155
            ],
            [
              356574.42980000004,
              544683.45950000174
            ],
            [
              356573.85800000094,
              544674.80980000272
            ],
            [
              356573.46439999994,
              544668.91730000079
            ],
            [
              356571.67339999974,
              544662.05470000021
            ],
            [
              356569.4979000017,
              544652.5754000023
            ],
            [
              356566.22950000223,
              544643.34200000018
            ],
            [
              356560.91070000175,
              544632.57110000029
            ],
            [
              356561.50860000215,
              544621.00090000033
            ],
            [
              356560.82629999984,
              544614.45890000276
            ],
            [
              356560.58789999969,
              544600.30800000206
            ],
            [
              356556.08770000096,
              544586.46550000273
            ],
            [
              356553.04729999974,
              544580.87309999764
            ],
            [
              356551.76360000018,
              544575.02490000054
            ],
            [
              356548.66170000006,
              544571.52439999953
            ],
            [
              356546.24790000077,
              544566.24899999984
            ],
            [
              356544.0262000002,
              544561.11049999855
            ],
            [
              356543.25409999955,
              544557.46500000171
            ],
            [
              356534.79740000051,
              544553.10880000144
            ],
            [
              356531.07220000122,
              544544.16670000181
            ],
            [
              356529.39790000115,
              544540.50420000032
            ],
            [
              356526.73300000094,
              544538.23340000026
            ],
            [
              356520.28660000023,
              544532.13279999979
            ],
            [
              356516.11380000133,
              544524.64240000211
            ],
            [
              356511.71740000229,
              544517.04240000062
            ],
            [
              356505.57160000037,
              544512.13010000251
            ],
            [
              356503.11739999987,
              544507.12050000019
            ],
            [
              356499.80520000029,
              544499.7407000009
            ],
            [
              356497.48510000017,
              544492.76820000075
            ],
            [
              356494.15910000168,
              544488.95260000415
            ],
            [
              356492.88560000062,
              544486.08610000089
            ],
            [
              356486.9011000013,
              544479.65550000221
            ],
            [
              356482.79420000128,
              544476.42479999922
            ],
            [
              356479.89430000074,
              544470.17430000007
            ],
            [
              356477.89800000098,
              544465.75070000067
            ],
            [
              356474.68440000061,
              544459.71639999934
            ],
            [
              356466.59420000017,
              544444.31870000251
            ],
            [
              356459.6883000005,
              544430.87529999949
            ],
            [
              356457.94930000044,
              544422.17040000297
            ],
            [
              356453.44310000073,
              544413.34699999914
            ],
            [
              356452.32899999991,
              544406.7081000004
            ],
            [
              356446.50970000029,
              544397.59350000136
            ],
            [
              356441.21520000044,
              544390.22650000453
            ],
            [
              356433.18760000169,
              544384.20729999989
            ],
            [
              356429.12449999992,
              544378.16820000298
            ],
            [
              356424.26000000071,
              544373.34100000001
            ],
            [
              356423.01400000043,
              544369.48119999841
            ],
            [
              356421.76130000129,
              544364.80509999953
            ],
            [
              356420.81229999941,
              544361.38939999975
            ],
            [
              356416.58880000096,
              544359.1782000009
            ],
            [
              356409.58150000218,
              544355.37120000087
            ],
            [
              356405.48639999982,
              544350.56400000304
            ],
            [
              356401.72140000109,
              544347.02889999934
            ],
            [
              356400.71040000021,
              544344.32269999944
            ],
            [
              356397.83900000155,
              544340.31580000184
            ],
            [
              356391.89460000023,
              544335.50720000267
            ],
            [
              356390.19419999979,
              544333.23230000399
            ],
            [
              356387.924300001,
              544328.7704000026
            ],
            [
              356384.01330000069,
              544325.46570000425
            ],
            [
              356382.15629999992,
              544319.27180000022
            ],
            [
              356375.94930000044,
              544314.07709999941
            ],
            [
              356371.88279999979,
              544309.39260000177
            ],
            [
              356368.54760000017,
              544305.11050000042
            ],
            [
              356368.70650000032,
              544300.41650000215
            ],
            [
              356371.94990000036,
              544296.62430000305
            ],
            [
              356370.31100000162,
              544293.66209999844
            ],
            [
              356368.02950000111,
              544291.23189999908
            ],
            [
              356358.33820000105,
              544291.81620000117
            ],
            [
              356357.21659999993,
              544286.04330000095
            ],
            [
              356356.51640000008,
              544280.44480000436
            ],
            [
              356354.00220000092,
              544276.26700000279
            ],
            [
              356344.26310000103,
              544272.32550000213
            ],
            [
              356339.87710000109,
              544264.1539000012
            ],
            [
              356333.0110000018,
              544261.30460000224
            ],
            [
              356332.6698000012,
              544252.84260000102
            ],
            [
              356328.78479999956,
              544249.33300000243
            ],
            [
              356327.07510000002,
              544243.30470000021
            ],
            [
              356328.8366000019,
              544239.49580000155
            ]
          ]
        ]
      }
    }
  ]
}