{
  "displayFieldName" : "",
  "fieldAliases" : {
    "FID" : "FID",
    "PMNTN_SPOT" : "PMNTN_SPOT",
    "MNTN_CODE" : "MNTN_CODE",
    "MANAGE_SP1" : "MANAGE_SP1",
    "MANAGE_SP2" : "MANAGE_SP2",
    "DETAIL_SPO" : "DETAIL_SPO",
    "ETC_MATTER" : "ETC_MATTER",
    "MNTN_NM" : "MNTN_NM",
    "PAST_SPOT_" : "PAST_SPOT_",
    "MNTN_ID" : "MNTN_ID"
  },
  "geometryType" : "esriGeometryPoint",
  "spatialReference" : {
    "wkt" : "PROJCS[\"PCS_ITRF2000_TM\",GEOGCS[\"GCS_ITRF_2000\",DATUM[\"D_ITRF_2000\",SPHEROID[\"GRS_1980\",6378137.0,298.257222101]],PRIMEM[\"Greenwich\",0.0],UNIT[\"Degree\",0.0174532925199433]],PROJECTION[\"Transverse_Mercator\"],PARAMETER[\"False_Easting\",200000.0],PARAMETER[\"False_Northing\",600000.0],PARAMETER[\"Central_Meridian\",127.0],PARAMETER[\"Scale_Factor\",1.0],PARAMETER[\"Latitude_Of_Origin\",38.0],UNIT[\"Meter\",1.0]]"
  },
  "fields" : [
    {
      "name" : "FID",
      "type" : "esriFieldTypeOID",
      "alias" : "FID"
    },
    {
      "name" : "PMNTN_SPOT",
      "type" : "esriFieldTypeDouble",
      "alias" : "PMNTN_SPOT"
    },
    {
      "name" : "MNTN_CODE",
      "type" : "esriFieldTypeString",
      "alias" : "MNTN_CODE",
      "length" : 9
    },
    {
      "name" : "MANAGE_SP1",
      "type" : "esriFieldTypeString",
      "alias" : "MANAGE_SP1",
      "length" : 2
    },
    {
      "name" : "MANAGE_SP2",
      "type" : "esriFieldTypeString",
      "alias" : "MANAGE_SP2",
      "length" : 50
    },
    {
      "name" : "DETAIL_SPO",
      "type" : "esriFieldTypeString",
      "alias" : "DETAIL_SPO",
      "length" : 200
    },
    {
      "name" : "ETC_MATTER",
      "type" : "esriFieldTypeString",
      "alias" : "ETC_MATTER",
      "length" : 200
    },
    {
      "name" : "MNTN_NM",
      "type" : "esriFieldTypeString",
      "alias" : "MNTN_NM",
      "length" : 50
    },
    {
      "name" : "PAST_SPOT_",
      "type" : "esriFieldTypeString",
      "alias" : "PAST_SPOT_",
      "length" : 14
    },
    {
      "name" : "MNTN_ID",
      "type" : "esriFieldTypeString",
      "alias" : "MNTN_ID",
      "length" : 10
    }
  ],
  "features" : [
    {
      "attributes" : {
        "FID" : 0,
        "PMNTN_SPOT" : 68407,
        "MNTN_CODE" : "416502401",
        "MANAGE_SP1" : "01",
        "MANAGE_SP2" : "시종점",
        "DETAIL_SPO" : "시종점",
        "ETC_MATTER" : " ",
        "MNTN_NM" : "왕방산",
        "PAST_SPOT_" : "4165024010001",
        "MNTN_ID" : "416502401"
      },
      "geometry" : {
        "x" : 212216.1102,
        "y" : 590547.55520000122
      }
    },
    {
      "attributes" : {
        "FID" : 1,
        "PMNTN_SPOT" : 68408,
        "MNTN_CODE" : "416502401",
        "MANAGE_SP1" : "01",
        "MANAGE_SP2" : "시종점",
        "DETAIL_SPO" : "시종점",
        "ETC_MATTER" : " ",
        "MNTN_NM" : "왕방산",
        "PAST_SPOT_" : "4125003010002",
        "MNTN_ID" : "412500301"
      },
      "geometry" : {
        "x" : 212323.74440000392,
        "y" : 586368.63030000031
      }
    },
    {
      "attributes" : {
        "FID" : 2,
        "PMNTN_SPOT" : 68409,
        "MNTN_CODE" : "416502401",
        "MANAGE_SP1" : "01",
        "MANAGE_SP2" : "시종점",
        "DETAIL_SPO" : "시종점",
        "ETC_MATTER" : " ",
        "MNTN_NM" : "왕방산",
        "PAST_SPOT_" : "4125003010003",
        "MNTN_ID" : "412500301"
      },
      "geometry" : {
        "x" : 212535.57100000232,
        "y" : 587993.03089999966
      }
    },
    {
      "attributes" : {
        "FID" : 3,
        "PMNTN_SPOT" : 68410,
        "MNTN_CODE" : "416502401",
        "MANAGE_SP1" : "02",
        "MANAGE_SP2" : "분기점",
        "DETAIL_SPO" : "분기점",
        "ETC_MATTER" : " ",
        "MNTN_NM" : "왕방산",
        "PAST_SPOT_" : "4125003010004",
        "MNTN_ID" : "412500301"
      },
      "geometry" : {
        "x" : 213269.26030000113,
        "y" : 588602.74660000019
      }
    },
    {
      "attributes" : {
        "FID" : 4,
        "PMNTN_SPOT" : 68411,
        "MNTN_CODE" : "416502401",
        "MANAGE_SP1" : "11",
        "MANAGE_SP2" : "안내판또는지도",
        "DETAIL_SPO" : "방향표지판",
        "ETC_MATTER" : " ",
        "MNTN_NM" : "왕방산",
        "PAST_SPOT_" : "4165024010005",
        "MNTN_ID" : "416502401"
      },
      "geometry" : {
        "x" : 212793.16120000277,
        "y" : 586120.53869999945
      }
    },
    {
      "attributes" : {
        "FID" : 5,
        "PMNTN_SPOT" : 68412,
        "MNTN_CODE" : "416502401",
        "MANAGE_SP1" : "99",
        "MANAGE_SP2" : "기타",
        "DETAIL_SPO" : "돌탑",
        "ETC_MATTER" : " ",
        "MNTN_NM" : "왕방산",
        "PAST_SPOT_" : "4165024010006",
        "MNTN_ID" : "416502401"
      },
      "geometry" : {
        "x" : 212823.31419999991,
        "y" : 586164.9942000024
      }
    },
    {
      "attributes" : {
        "FID" : 6,
        "PMNTN_SPOT" : 68413,
        "MNTN_CODE" : "416502401",
        "MANAGE_SP1" : "11",
        "MANAGE_SP2" : "안내판또는지도",
        "DETAIL_SPO" : "방향표지판",
        "ETC_MATTER" : " ",
        "MNTN_NM" : "왕방산",
        "PAST_SPOT_" : "4125003010007",
        "MNTN_ID" : "412500301"
      },
      "geometry" : {
        "x" : 212488.42859999929,
        "y" : 586236.56279999949
      }
    },
    {
      "attributes" : {
        "FID" : 7,
        "PMNTN_SPOT" : 68414,
        "MNTN_CODE" : "416502401",
        "MANAGE_SP1" : "14",
        "MANAGE_SP2" : "조망점",
        "DETAIL_SPO" : "전경",
        "ETC_MATTER" : " ",
        "MNTN_NM" : "왕방산",
        "PAST_SPOT_" : "4125003010008",
        "MNTN_ID" : "412500301"
      },
      "geometry" : {
        "x" : 212686.71489999909,
        "y" : 586256.59870000184
      }
    },
    {
      "attributes" : {
        "FID" : 8,
        "PMNTN_SPOT" : 68415,
        "MNTN_CODE" : "416502401",
        "MANAGE_SP1" : "11",
        "MANAGE_SP2" : "안내판또는지도",
        "DETAIL_SPO" : "방향표지판",
        "ETC_MATTER" : " ",
        "MNTN_NM" : "왕방산",
        "PAST_SPOT_" : "4125003010009",
        "MNTN_ID" : "412500301"
      },
      "geometry" : {
        "x" : 212614.19620000012,
        "y" : 586271.64979999885
      }
    },
    {
      "attributes" : {
        "FID" : 9,
        "PMNTN_SPOT" : 68416,
        "MNTN_CODE" : "416502401",
        "MANAGE_SP1" : "12",
        "MANAGE_SP2" : "위험지역",
        "DETAIL_SPO" : "위험지대",
        "ETC_MATTER" : " ",
        "MNTN_NM" : "왕방산",
        "PAST_SPOT_" : "4125003010010",
        "MNTN_ID" : "412500301"
      },
      "geometry" : {
        "x" : 212972.24740000162,
        "y" : 586447.10770000145
      }
    },
    {
      "attributes" : {
        "FID" : 10,
        "PMNTN_SPOT" : 68417,
        "MNTN_CODE" : "416502401",
        "MANAGE_SP1" : "11",
        "MANAGE_SP2" : "안내판또는지도",
        "DETAIL_SPO" : "거리표지판",
        "ETC_MATTER" : " ",
        "MNTN_NM" : "왕방산",
        "PAST_SPOT_" : "4165024010011",
        "MNTN_ID" : "416502401"
      },
      "geometry" : {
        "x" : 213170.62560000177,
        "y" : 586981.08280000091
      }
    },
    {
      "attributes" : {
        "FID" : 11,
        "PMNTN_SPOT" : 68418,
        "MNTN_CODE" : "416502401",
        "MANAGE_SP1" : "12",
        "MANAGE_SP2" : "위험지역",
        "DETAIL_SPO" : "위험지대",
        "ETC_MATTER" : " ",
        "MNTN_NM" : "왕방산",
        "PAST_SPOT_" : "4165024010012",
        "MNTN_ID" : "416502401"
      },
      "geometry" : {
        "x" : 213164.88200000022,
        "y" : 587113.29050000198
      }
    },
    {
      "attributes" : {
        "FID" : 12,
        "PMNTN_SPOT" : 68419,
        "MNTN_CODE" : "416502401",
        "MANAGE_SP1" : "12",
        "MANAGE_SP2" : "위험지역",
        "DETAIL_SPO" : "위험지대",
        "ETC_MATTER" : " ",
        "MNTN_NM" : "왕방산",
        "PAST_SPOT_" : "4165024010013",
        "MNTN_ID" : "416502401"
      },
      "geometry" : {
        "x" : 213179.32540000137,
        "y" : 587296.72120000236
      }
    },
    {
      "attributes" : {
        "FID" : 13,
        "PMNTN_SPOT" : 68420,
        "MNTN_CODE" : "416502401",
        "MANAGE_SP1" : "10",
        "MANAGE_SP2" : "이정표",
        "DETAIL_SPO" : "거리이정표",
        "ETC_MATTER" : " ",
        "MNTN_NM" : "왕방산",
        "PAST_SPOT_" : "4165024010014",
        "MNTN_ID" : "416502401"
      },
      "geometry" : {
        "x" : 213181.96899999958,
        "y" : 587310.42210000008
      }
    },
    {
      "attributes" : {
        "FID" : 14,
        "PMNTN_SPOT" : 68421,
        "MNTN_CODE" : "416502401",
        "MANAGE_SP1" : "22",
        "MANAGE_SP2" : "헬기장",
        "DETAIL_SPO" : "헬기장",
        "ETC_MATTER" : " ",
        "MNTN_NM" : "왕방산",
        "PAST_SPOT_" : "4165024010015",
        "MNTN_ID" : "416502401"
      },
      "geometry" : {
        "x" : 213249.84020000231,
        "y" : 587424.03360000253
      }
    },
    {
      "attributes" : {
        "FID" : 15,
        "PMNTN_SPOT" : 68422,
        "MNTN_CODE" : "416502401",
        "MANAGE_SP1" : "11",
        "MANAGE_SP2" : "안내판또는지도",
        "DETAIL_SPO" : "거리표지판",
        "ETC_MATTER" : " ",
        "MNTN_NM" : "왕방산",
        "PAST_SPOT_" : "4165024010016",
        "MNTN_ID" : "416502401"
      },
      "geometry" : {
        "x" : 213286.92599999998,
        "y" : 587512.66690000147
      }
    },
    {
      "attributes" : {
        "FID" : 16,
        "PMNTN_SPOT" : 68423,
        "MNTN_CODE" : "416502401",
        "MANAGE_SP1" : "10",
        "MANAGE_SP2" : "이정표",
        "DETAIL_SPO" : "거리이정표",
        "ETC_MATTER" : " ",
        "MNTN_NM" : "왕방산",
        "PAST_SPOT_" : "4165024010017",
        "MNTN_ID" : "416502401"
      },
      "geometry" : {
        "x" : 213469.81949999928,
        "y" : 587798.46319999918
      }
    },
    {
      "attributes" : {
        "FID" : 17,
        "PMNTN_SPOT" : 68424,
        "MNTN_CODE" : "416502401",
        "MANAGE_SP1" : "10",
        "MANAGE_SP2" : "이정표",
        "DETAIL_SPO" : "거리이정표",
        "ETC_MATTER" : " ",
        "MNTN_NM" : "왕방산",
        "PAST_SPOT_" : "4165024010018",
        "MNTN_ID" : "416502401"
      },
      "geometry" : {
        "x" : 213589.97860000096,
        "y" : 588173.33379999921
      }
    },
    {
      "attributes" : {
        "FID" : 18,
        "PMNTN_SPOT" : 68425,
        "MNTN_CODE" : "416502401",
        "MANAGE_SP1" : "11",
        "MANAGE_SP2" : "안내판또는지도",
        "DETAIL_SPO" : "119 안내판",
        "ETC_MATTER" : " ",
        "MNTN_NM" : "왕방산",
        "PAST_SPOT_" : "4165024010019",
        "MNTN_ID" : "416502401"
      },
      "geometry" : {
        "x" : 213646.72900000401,
        "y" : 588424.91950000264
      }
    },
    {
      "attributes" : {
        "FID" : 19,
        "PMNTN_SPOT" : 68426,
        "MNTN_CODE" : "416502401",
        "MANAGE_SP1" : "23",
        "MANAGE_SP2" : "정상",
        "DETAIL_SPO" : "정상",
        "ETC_MATTER" : " ",
        "MNTN_NM" : "왕방산",
        "PAST_SPOT_" : "4165024010020",
        "MNTN_ID" : "416502401"
      },
      "geometry" : {
        "x" : 213700.09310000017,
        "y" : 588440.59129999951
      }
    },
    {
      "attributes" : {
        "FID" : 20,
        "PMNTN_SPOT" : 68427,
        "MNTN_CODE" : "416502401",
        "MANAGE_SP1" : "22",
        "MANAGE_SP2" : "헬기장",
        "DETAIL_SPO" : "국사봉헬기장(부대)",
        "ETC_MATTER" : " ",
        "MNTN_NM" : "왕방산",
        "PAST_SPOT_" : "4125003010021",
        "MNTN_ID" : "412500301"
      },
      "geometry" : {
        "x" : 212810.39680000115,
        "y" : 590210.29309999943
      }
    }
  ]
}