{
  "displayFieldName" : "",
  "fieldAliases" : {
    "FID" : "FID",
    "PMNTN_SPOT" : "PMNTN_SPOT",
    "MNTN_CODE" : "MNTN_CODE",
    "MANAGE_SP1" : "MANAGE_SP1",
    "MANAGE_SP2" : "MANAGE_SP2",
    "DETAIL_SPO" : "DETAIL_SPO",
    "ETC_MATTER" : "ETC_MATTER",
    "MNTN_NM" : "MNTN_NM",
    "PAST_SPOT_" : "PAST_SPOT_",
    "MNTN_ID" : "MNTN_ID"
  },
  "geometryType" : "esriGeometryPoint",
  "spatialReference" : {
    "wkt" : "PROJCS[\"PCS_ITRF2000_TM\",GEOGCS[\"GCS_ITRF_2000\",DATUM[\"D_ITRF_2000\",SPHEROID[\"GRS_1980\",6378137.0,298.257222101]],PRIMEM[\"Greenwich\",0.0],UNIT[\"Degree\",0.0174532925199433]],PROJECTION[\"Transverse_Mercator\"],PARAMETER[\"False_Easting\",200000.0],PARAMETER[\"False_Northing\",600000.0],PARAMETER[\"Central_Meridian\",127.0],PARAMETER[\"Scale_Factor\",1.0],PARAMETER[\"Latitude_Of_Origin\",38.0],UNIT[\"Meter\",1.0]]"
  },
  "fields" : [
    {
      "name" : "FID",
      "type" : "esriFieldTypeOID",
      "alias" : "FID"
    },
    {
      "name" : "PMNTN_SPOT",
      "type" : "esriFieldTypeDouble",
      "alias" : "PMNTN_SPOT"
    },
    {
      "name" : "MNTN_CODE",
      "type" : "esriFieldTypeString",
      "alias" : "MNTN_CODE",
      "length" : 9
    },
    {
      "name" : "MANAGE_SP1",
      "type" : "esriFieldTypeString",
      "alias" : "MANAGE_SP1",
      "length" : 2
    },
    {
      "name" : "MANAGE_SP2",
      "type" : "esriFieldTypeString",
      "alias" : "MANAGE_SP2",
      "length" : 50
    },
    {
      "name" : "DETAIL_SPO",
      "type" : "esriFieldTypeString",
      "alias" : "DETAIL_SPO",
      "length" : 200
    },
    {
      "name" : "ETC_MATTER",
      "type" : "esriFieldTypeString",
      "alias" : "ETC_MATTER",
      "length" : 200
    },
    {
      "name" : "MNTN_NM",
      "type" : "esriFieldTypeString",
      "alias" : "MNTN_NM",
      "length" : 50
    },
    {
      "name" : "PAST_SPOT_",
      "type" : "esriFieldTypeString",
      "alias" : "PAST_SPOT_",
      "length" : 14
    },
    {
      "name" : "MNTN_ID",
      "type" : "esriFieldTypeString",
      "alias" : "MNTN_ID",
      "length" : 10
    }
  ],
  "features" : [
    {
      "attributes" : {
        "FID" : 0,
        "PMNTN_SPOT" : 24898,
        "MNTN_CODE" : "491300104",
        "MANAGE_SP1" : "99",
        "MANAGE_SP2" : "기타",
        "DETAIL_SPO" : "돌탑",
        "ETC_MATTER" : " ",
        "MNTN_NM" : "따라비",
        "PAST_SPOT_" : "29012290540001",
        "MNTN_ID" : "2901229054"
      },
      "geometry" : {
        "x" : 176935.0456000017,
        "y" : 88213.55360000208
      }
    },
    {
      "attributes" : {
        "FID" : 1,
        "PMNTN_SPOT" : 24899,
        "MNTN_CODE" : "491300104",
        "MANAGE_SP1" : "14",
        "MANAGE_SP2" : "조망점",
        "DETAIL_SPO" : "조망점",
        "ETC_MATTER" : " ",
        "MNTN_NM" : "따라비",
        "PAST_SPOT_" : "29012290540002",
        "MNTN_ID" : "2901229054"
      },
      "geometry" : {
        "x" : 176902.14090000186,
        "y" : 88359.194900000468
      }
    },
    {
      "attributes" : {
        "FID" : 2,
        "PMNTN_SPOT" : 24900,
        "MNTN_CODE" : "491300104",
        "MANAGE_SP1" : "99",
        "MANAGE_SP2" : "기타",
        "DETAIL_SPO" : "기타",
        "ETC_MATTER" : " ",
        "MNTN_NM" : "따라비",
        "PAST_SPOT_" : "29012290540003",
        "MNTN_ID" : "2901229054"
      },
      "geometry" : {
        "x" : 177418.1473000003,
        "y" : 87942.224200002849
      }
    },
    {
      "attributes" : {
        "FID" : 3,
        "PMNTN_SPOT" : 24901,
        "MNTN_CODE" : "491300104",
        "MANAGE_SP1" : "23",
        "MANAGE_SP2" : "정상",
        "DETAIL_SPO" : "정상",
        "ETC_MATTER" : " ",
        "MNTN_NM" : "따라비",
        "PAST_SPOT_" : "29012290540004",
        "MNTN_ID" : "2901229054"
      },
      "geometry" : {
        "x" : 177171.32190000173,
        "y" : 88266.470600001514
      }
    },
    {
      "attributes" : {
        "FID" : 4,
        "PMNTN_SPOT" : 24902,
        "MNTN_CODE" : "491300104",
        "MANAGE_SP1" : "01",
        "MANAGE_SP2" : "시종점",
        "DETAIL_SPO" : "시종점",
        "ETC_MATTER" : " ",
        "MNTN_NM" : "따라비",
        "PAST_SPOT_" : "29012290540005",
        "MNTN_ID" : "2901229054"
      },
      "geometry" : {
        "x" : 177428.68180000037,
        "y" : 87939.37480000034
      }
    }
  ]
}