{
  "displayFieldName" : "",
  "fieldAliases" : {
    "FID" : "FID",
    "PMNTN_SN" : "PMNTN_SN",
    "MNTN_CODE" : "MNTN_CODE",
    "MNTN_NM" : "MNTN_NM",
    "PMNTN_NM" : "PMNTN_NM",
    "PMNTN_MAIN" : "PMNTN_MAIN",
    "PMNTN_LT" : "PMNTN_LT",
    "PMNTN_DFFL" : "PMNTN_DFFL",
    "PMNTN_UPPL" : "PMNTN_UPPL",
    "PMNTN_GODN" : "PMNTN_GODN",
    "PMNTN_MTRQ" : "PMNTN_MTRQ",
    "PMNTN_CNRL" : "PMNTN_CNRL",
    "PMNTN_CLS_" : "PMNTN_CLS_",
    "PMNTN_RISK" : "PMNTN_RISK",
    "PMNTN_RECO" : "PMNTN_RECO",
    "DATA_STDR_" : "DATA_STDR_",
    "MNTN_ID" : "MNTN_ID"
  },
  "geometryType" : "esriGeometryPolyline",
  "spatialReference" : {
    "wkt" : "PROJCS[\"PCS_ITRF2000_TM\",GEOGCS[\"GCS_ITRF_2000\",DATUM[\"D_ITRF_2000\",SPHEROID[\"GRS_1980\",6378137.0,298.257222101]],PRIMEM[\"Greenwich\",0.0],UNIT[\"Degree\",0.0174532925199433]],PROJECTION[\"Transverse_Mercator\"],PARAMETER[\"False_Easting\",200000.0],PARAMETER[\"False_Northing\",600000.0],PARAMETER[\"Central_Meridian\",127.0],PARAMETER[\"Scale_Factor\",1.0],PARAMETER[\"Latitude_Of_Origin\",38.0],UNIT[\"Meter\",1.0]]"
  },
  "fields" : [
    {
      "name" : "FID",
      "type" : "esriFieldTypeOID",
      "alias" : "FID"
    },
    {
      "name" : "PMNTN_SN",
      "type" : "esriFieldTypeDouble",
      "alias" : "PMNTN_SN"
    },
    {
      "name" : "MNTN_CODE",
      "type" : "esriFieldTypeString",
      "alias" : "MNTN_CODE",
      "length" : 9
    },
    {
      "name" : "MNTN_NM",
      "type" : "esriFieldTypeString",
      "alias" : "MNTN_NM",
      "length" : 50
    },
    {
      "name" : "PMNTN_NM",
      "type" : "esriFieldTypeString",
      "alias" : "PMNTN_NM",
      "length" : 50
    },
    {
      "name" : "PMNTN_MAIN",
      "type" : "esriFieldTypeString",
      "alias" : "PMNTN_MAIN",
      "length" : 200
    },
    {
      "name" : "PMNTN_LT",
      "type" : "esriFieldTypeSingle",
      "alias" : "PMNTN_LT"
    },
    {
      "name" : "PMNTN_DFFL",
      "type" : "esriFieldTypeString",
      "alias" : "PMNTN_DFFL",
      "length" : 8
    },
    {
      "name" : "PMNTN_UPPL",
      "type" : "esriFieldTypeDouble",
      "alias" : "PMNTN_UPPL"
    },
    {
      "name" : "PMNTN_GODN",
      "type" : "esriFieldTypeDouble",
      "alias" : "PMNTN_GODN"
    },
    {
      "name" : "PMNTN_MTRQ",
      "type" : "esriFieldTypeString",
      "alias" : "PMNTN_MTRQ",
      "length" : 200
    },
    {
      "name" : "PMNTN_CNRL",
      "type" : "esriFieldTypeString",
      "alias" : "PMNTN_CNRL",
      "length" : 1
    },
    {
      "name" : "PMNTN_CLS_",
      "type" : "esriFieldTypeString",
      "alias" : "PMNTN_CLS_",
      "length" : 1
    },
    {
      "name" : "PMNTN_RISK",
      "type" : "esriFieldTypeString",
      "alias" : "PMNTN_RISK",
      "length" : 200
    },
    {
      "name" : "PMNTN_RECO",
      "type" : "esriFieldTypeString",
      "alias" : "PMNTN_RECO",
      "length" : 1
    },
    {
      "name" : "DATA_STDR_",
      "type" : "esriFieldTypeString",
      "alias" : "DATA_STDR_",
      "length" : 10
    },
    {
      "name" : "MNTN_ID",
      "type" : "esriFieldTypeString",
      "alias" : "MNTN_ID",
      "length" : 10
    }
  ],
  "features" : [
    {
      "attributes" : {
        "FID" : 0,
        "PMNTN_SN" : 44452,
        "MNTN_CODE" : "412200304",
        "MNTN_NM" : "자란산",
        "PMNTN_NM" : "비전동구간",
        "PMNTN_MAIN" : " ",
        "PMNTN_LT" : 0.06,
        "PMNTN_DFFL" : "쉬움",
        "PMNTN_UPPL" : 1,
        "PMNTN_GODN" : 1,
        "PMNTN_MTRQ" : " ",
        "PMNTN_CNRL" : " ",
        "PMNTN_CLS_" : " ",
        "PMNTN_RISK" : " ",
        "PMNTN_RECO" : " ",
        "DATA_STDR_" : "2016-12-31",
        "MNTN_ID" : "412201901"
      },
      "geometry" : {
        "paths" : [
          [
            [
              208089.95220000204,
              488996.34470000118
            ],
            [
              208093.88800000213,
              488996.44150000252
            ],
            [
              208102.72660000157,
              488996.73909999989
            ],
            [
              208112.77690000087,
              488997.75860000215
            ],
            [
              208120.11320000049,
              488998.17220000178
            ],
            [
              208124.7312000012,
              488999.19380000234
            ],
            [
              208129.94490000047,
              489002.01620000042
            ],
            [
              208135.90230000112,
              489002.79340000078
            ],
            [
              208141.37190000061,
              489005.87010000087
            ],
            [
              208145.48629999906,
              489007.33080000058
            ],
            [
              208149.13489999902,
              489007.85799999908
            ]
          ]
        ]
      }
    },
    {
      "attributes" : {
        "FID" : 1,
        "PMNTN_SN" : 44453,
        "MNTN_CODE" : "412200304",
        "MNTN_NM" : "자란산",
        "PMNTN_NM" : "비전동구간",
        "PMNTN_MAIN" : " ",
        "PMNTN_LT" : 0.08,
        "PMNTN_DFFL" : "쉬움",
        "PMNTN_UPPL" : 1,
        "PMNTN_GODN" : 1,
        "PMNTN_MTRQ" : " ",
        "PMNTN_CNRL" : " ",
        "PMNTN_CLS_" : " ",
        "PMNTN_RISK" : " ",
        "PMNTN_RECO" : " ",
        "DATA_STDR_" : "2016-12-31",
        "MNTN_ID" : "412201901"
      },
      "geometry" : {
        "paths" : [
          [
            [
              208248.10940000135,
              488998.56660000049
            ],
            [
              208250.93500000145,
              488998.21480000205
            ],
            [
              208253.8189000003,
              488997.42270000279
            ],
            [
              208259.62280000094,
              488994.93080000207
            ],
            [
              208264.62820000108,
              488992.45630000159
            ],
            [
              208268.70640000142,
              488991.25359999947
            ],
            [
              208272.4486999996,
              488990.93010000139
            ],
            [
              208276.08059999999,
              488991.03020000458
            ],
            [
              208284.56190000195,
              488991.694000002
            ],
            [
              208289.78089999873,
              488991.7351000011
            ],
            [
              208294.03550000023,
              488991.47739999928
            ],
            [
              208298.10050000157,
              488990.77000000142
            ],
            [
              208304.8517000014,
              488988.20130000263
            ],
            [
              208311.08980000112,
              488986.91060000099
            ],
            [
              208314.60890000127,
              488984.99520000257
            ],
            [
              208318.34300000034,
              488981.45160000212
            ],
            [
              208318.83440000098,
              488978.26730000228
            ],
            [
              208317.20850000158,
              488974.93520000391
            ],
            [
              208314.76570000127,
              488972.10600000247
            ]
          ]
        ]
      }
    },
    {
      "attributes" : {
        "FID" : 2,
        "PMNTN_SN" : 44454,
        "MNTN_CODE" : "412200304",
        "MNTN_NM" : "자란산",
        "PMNTN_NM" : "비전동구간",
        "PMNTN_MAIN" : " ",
        "PMNTN_LT" : 0.04,
        "PMNTN_DFFL" : "쉬움",
        "PMNTN_UPPL" : 1,
        "PMNTN_GODN" : 0,
        "PMNTN_MTRQ" : " ",
        "PMNTN_CNRL" : " ",
        "PMNTN_CLS_" : " ",
        "PMNTN_RISK" : " ",
        "PMNTN_RECO" : " ",
        "DATA_STDR_" : "2016-12-31",
        "MNTN_ID" : "412201901"
      },
      "geometry" : {
        "paths" : [
          [
            [
              208053.19030000083,
              489005.43420000188
            ],
            [
              208057.39549999963,
              489004.17490000091
            ],
            [
              208061.42310000118,
              489002.61050000228
            ],
            [
              208065.27310000174,
              489000.74110000208
            ],
            [
              208068.94540000148,
              488998.56660000049
            ],
            [
              208073.72360000201,
              488994.83000000007
            ],
            [
              208077.21620000061,
              488993.6817000024
            ],
            [
              208081.58779999986,
              488993.71030000038
            ],
            [
              208089.95220000204,
              488996.34470000118
            ]
          ]
        ]
      }
    },
    {
      "attributes" : {
        "FID" : 3,
        "PMNTN_SN" : 44455,
        "MNTN_CODE" : "412200304",
        "MNTN_NM" : "자란산",
        "PMNTN_NM" : "비전동구간",
        "PMNTN_MAIN" : " ",
        "PMNTN_LT" : 0.08,
        "PMNTN_DFFL" : "쉬움",
        "PMNTN_UPPL" : 1,
        "PMNTN_GODN" : 1,
        "PMNTN_MTRQ" : " ",
        "PMNTN_CNRL" : " ",
        "PMNTN_CLS_" : " ",
        "PMNTN_RISK" : " ",
        "PMNTN_RECO" : " ",
        "DATA_STDR_" : "2016-12-31",
        "MNTN_ID" : "412201901"
      },
      "geometry" : {
        "paths" : [
          [
            [
              208194.38040000107,
              489014.32170000114
            ],
            [
              208196.24850000069,
              489011.56460000016
            ],
            [
              208197.81419999897,
              489008.66600000113
            ],
            [
              208200.23809999973,
              489001.59640000015
            ],
            [
              208202.15930000134,
              488998.32270000316
            ],
            [
              208205.41720000096,
              488993.4879999999
            ],
            [
              208208.70299999975,
              488989.41889999993
            ],
            [
              208211.52969999984,
              488986.68600000255
            ],
            [
              208215.33220000006,
              488984.49920000136
            ],
            [
              208219.86780000012,
              488983.80310000107
            ],
            [
              208224.88360000122,
              488983.92440000176
            ],
            [
              208229.8591,
              488984.49190000072
            ],
            [
              208233.93890000135,
              488985.64520000108
            ],
            [
              208236.91160000023,
              488987.76940000243
            ],
            [
              208239.82790000085,
              488991.09300000034
            ],
            [
              208243.19620000012,
              488995.84710000083
            ],
            [
              208245.41270000115,
              488997.71320000105
            ],
            [
              208248.10940000135,
              488998.56660000049
            ]
          ]
        ]
      }
    },
    {
      "attributes" : {
        "FID" : 4,
        "PMNTN_SN" : 44456,
        "MNTN_CODE" : "412200304",
        "MNTN_NM" : "자란산",
        "PMNTN_NM" : "비전동구간",
        "PMNTN_MAIN" : " ",
        "PMNTN_LT" : 0.02,
        "PMNTN_DFFL" : "쉬움",
        "PMNTN_UPPL" : 1,
        "PMNTN_GODN" : 0,
        "PMNTN_MTRQ" : " ",
        "PMNTN_CNRL" : " ",
        "PMNTN_CLS_" : " ",
        "PMNTN_RISK" : " ",
        "PMNTN_RECO" : " ",
        "DATA_STDR_" : "2016-12-31",
        "MNTN_ID" : "412201901"
      },
      "geometry" : {
        "paths" : [
          [
            [
              208155.42020000052,
              489057.92390000261
            ],
            [
              208159.90720000025,
              489052.45270000026
            ],
            [
              208161.11490000226,
              489049.54949999973
            ],
            [
              208161.74149999954,
              489045.58090000041
            ],
            [
              208162.78580000065,
              489042.65670000203
            ],
            [
              208164.3105000006,
              489039.25220000371
            ],
            [
              208166.1277999999,
              489035.97269999981
            ]
          ]
        ]
      }
    },
    {
      "attributes" : {
        "FID" : 5,
        "PMNTN_SN" : 44457,
        "MNTN_CODE" : "412200304",
        "MNTN_NM" : "자란산",
        "PMNTN_NM" : " ",
        "PMNTN_MAIN" : " ",
        "PMNTN_LT" : 0.12,
        "PMNTN_DFFL" : "쉬움",
        "PMNTN_UPPL" : 2,
        "PMNTN_GODN" : 1,
        "PMNTN_MTRQ" : " ",
        "PMNTN_CNRL" : " ",
        "PMNTN_CLS_" : " ",
        "PMNTN_RISK" : " ",
        "PMNTN_RECO" : " ",
        "DATA_STDR_" : "2016-12-31",
        "MNTN_ID" : "412201901"
      },
      "geometry" : {
        "paths" : [
          [
            [
              208155.42020000052,
              489057.92390000261
            ],
            [
              208158.7284000013,
              489058.49580000155
            ],
            [
              208163.34950000048,
              489057.3629999999
            ],
            [
              208168.94760000147,
              489053.51820000261
            ],
            [
              208172.39410000015,
              489051.01160000078
            ],
            [
              208176.36270000041,
              489049.13180000149
            ],
            [
              208179.28689999972,
              489045.99870000221
            ],
            [
              208181.45540000126,
              489044.08490000106
            ],
            [
              208184.70870000031,
              489042.85449999943
            ],
            [
              208188.68620000221,
              489042.65670000203
            ],
            [
              208194.6567000011,
              489043.63709999993
            ],
            [
              208199.9654000001,
              489042.44780000113
            ],
            [
              208203.72520000022,
              489040.77679999918
            ],
            [
              208209.22719999868,
              489039.36680000275
            ],
            [
              208211.83720000088,
              489038.02610000223
            ],
            [
              208214.79550000001,
              489035.34610000439
            ],
            [
              208220.39570000116,
              489030.95219999924
            ],
            [
              208222.52379999962,
              489029.07990000211
            ],
            [
              208225.86579999886,
              489025.52900000103
            ],
            [
              208229.41669999994,
              489022.39590000361
            ],
            [
              208232.13200000115,
              489020.09830000065
            ],
            [
              208234.89589999989,
              489017.01920000277
            ],
            [
              208237.20660000015,
              489014.4450000003
            ],
            [
              208241.0548000019,
              489009.62020000257
            ],
            [
              208244.55840000138,
              489004.5661000032
            ],
            [
              208248.10940000135,
              488998.56660000049
            ]
          ]
        ]
      }
    },
    {
      "attributes" : {
        "FID" : 6,
        "PMNTN_SN" : 44458,
        "MNTN_CODE" : "412200304",
        "MNTN_NM" : "자란산",
        "PMNTN_NM" : " ",
        "PMNTN_MAIN" : " ",
        "PMNTN_LT" : 0.12,
        "PMNTN_DFFL" : "쉬움",
        "PMNTN_UPPL" : 2,
        "PMNTN_GODN" : 1,
        "PMNTN_MTRQ" : " ",
        "PMNTN_CNRL" : " ",
        "PMNTN_CLS_" : " ",
        "PMNTN_RISK" : " ",
        "PMNTN_RECO" : " ",
        "DATA_STDR_" : "2016-12-31",
        "MNTN_ID" : "412201901"
      },
      "geometry" : {
        "paths" : [
          [
            [
              208122.62909999955,
              489104.03889999911
            ],
            [
              208122.53630000073,
              489098.60090000182
            ],
            [
              208120.16710000113,
              489090.75260000117
            ],
            [
              208118.22490000073,
              489083.2153000012
            ],
            [
              208116.30990000162,
              489075.07880000211
            ],
            [
              208114.43950000219,
              489066.92020000145
            ],
            [
              208112.80860000011,
              489059.58300000057
            ],
            [
              208111.00810000114,
              489052.70070000179
            ],
            [
              208109.39320000075,
              489047.26129999943
            ],
            [
              208106.45920000039,
              489043.7405000031
            ],
            [
              208102.08430000115,
              489038.95319999941
            ],
            [
              208097.24179999996,
              489032.1045000013
            ],
            [
              208094.70820000023,
              489026.31699999981
            ],
            [
              208092.60410000011,
              489020.49980000407
            ],
            [
              208090.59550000075,
              489016.88690000027
            ],
            [
              208088.28469999973,
              489012.73059999943
            ],
            [
              208085.2304999996,
              489007.30939999968
            ],
            [
              208085.2304999996,
              489001.27740000188
            ],
            [
              208089.95220000204,
              488996.34470000118
            ]
          ]
        ]
      }
    },
    {
      "attributes" : {
        "FID" : 7,
        "PMNTN_SN" : 44459,
        "MNTN_CODE" : "412200304",
        "MNTN_NM" : "자란산",
        "PMNTN_NM" : " ",
        "PMNTN_MAIN" : " ",
        "PMNTN_LT" : 0.06,
        "PMNTN_DFFL" : "쉬움",
        "PMNTN_UPPL" : 1,
        "PMNTN_GODN" : 1,
        "PMNTN_MTRQ" : " ",
        "PMNTN_CNRL" : " ",
        "PMNTN_CLS_" : " ",
        "PMNTN_RISK" : " ",
        "PMNTN_RECO" : " ",
        "DATA_STDR_" : "2016-12-31",
        "MNTN_ID" : "412201901"
      },
      "geometry" : {
        "paths" : [
          [
            [
              208122.62909999955,
              489104.03889999911
            ],
            [
              208125.6063000001,
              489100.09699999914
            ],
            [
              208129.22900000028,
              489096.1520000007
            ],
            [
              208131.24590000138,
              489092.57760000229
            ],
            [
              208132.49910000153,
              489089.23560000211
            ],
            [
              208135.0055999998,
              489086.52020000294
            ],
            [
              208136.88550000079,
              489083.17820000276
            ],
            [
              208139.12270000204,
              489080.06289999932
            ],
            [
              208143.56940000132,
              489076.28540000133
            ],
            [
              208146.68840000033,
              489073.32710000128
            ],
            [
              208149.00020000059,
              489068.97480000183
            ],
            [
              208151.71550000086,
              489064.37959999777
            ],
            [
              208154.22199999914,
              489060.61980000138
            ],
            [
              208155.42020000052,
              489057.92390000261
            ]
          ]
        ]
      }
    },
    {
      "attributes" : {
        "FID" : 8,
        "PMNTN_SN" : 44460,
        "MNTN_CODE" : "412200304",
        "MNTN_NM" : "자란산",
        "PMNTN_NM" : "비전동구간",
        "PMNTN_MAIN" : " ",
        "PMNTN_LT" : 0.01,
        "PMNTN_DFFL" : "쉬움",
        "PMNTN_UPPL" : 1,
        "PMNTN_GODN" : 0,
        "PMNTN_MTRQ" : " ",
        "PMNTN_CNRL" : " ",
        "PMNTN_CLS_" : " ",
        "PMNTN_RISK" : " ",
        "PMNTN_RECO" : " ",
        "DATA_STDR_" : "2016-12-31",
        "MNTN_ID" : "412201901"
      },
      "geometry" : {
        "paths" : [
          [
            [
              208119.26020000037,
              489108.53030000068
            ],
            [
              208122.62909999955,
              489104.03889999911
            ]
          ]
        ]
      }
    }
  ]
}