{
  "displayFieldName" : "",
  "fieldAliases" : {
    "FID" : "FID",
    "PMNTN_SPOT" : "PMNTN_SPOT",
    "MNTN_CODE" : "MNTN_CODE",
    "MANAGE_SP1" : "MANAGE_SP1",
    "MANAGE_SP2" : "MANAGE_SP2",
    "DETAIL_SPO" : "DETAIL_SPO",
    "ETC_MATTER" : "ETC_MATTER",
    "MNTN_NM" : "MNTN_NM",
    "PAST_SPOT_" : "PAST_SPOT_",
    "MNTN_ID" : "MNTN_ID"
  },
  "geometryType" : "esriGeometryPoint",
  "spatialReference" : {
    "wkt" : "PROJCS[\"PCS_ITRF2000_TM\",GEOGCS[\"GCS_ITRF_2000\",DATUM[\"D_ITRF_2000\",SPHEROID[\"GRS_1980\",6378137.0,298.257222101]],PRIMEM[\"Greenwich\",0.0],UNIT[\"Degree\",0.0174532925199433]],PROJECTION[\"Transverse_Mercator\"],PARAMETER[\"False_Easting\",200000.0],PARAMETER[\"False_Northing\",600000.0],PARAMETER[\"Central_Meridian\",127.0],PARAMETER[\"Scale_Factor\",1.0],PARAMETER[\"Latitude_Of_Origin\",38.0],UNIT[\"Meter\",1.0]]"
  },
  "fields" : [
    {
      "name" : "FID",
      "type" : "esriFieldTypeOID",
      "alias" : "FID"
    },
    {
      "name" : "PMNTN_SPOT",
      "type" : "esriFieldTypeDouble",
      "alias" : "PMNTN_SPOT"
    },
    {
      "name" : "MNTN_CODE",
      "type" : "esriFieldTypeString",
      "alias" : "MNTN_CODE",
      "length" : 9
    },
    {
      "name" : "MANAGE_SP1",
      "type" : "esriFieldTypeString",
      "alias" : "MANAGE_SP1",
      "length" : 2
    },
    {
      "name" : "MANAGE_SP2",
      "type" : "esriFieldTypeString",
      "alias" : "MANAGE_SP2",
      "length" : 50
    },
    {
      "name" : "DETAIL_SPO",
      "type" : "esriFieldTypeString",
      "alias" : "DETAIL_SPO",
      "length" : 200
    },
    {
      "name" : "ETC_MATTER",
      "type" : "esriFieldTypeString",
      "alias" : "ETC_MATTER",
      "length" : 200
    },
    {
      "name" : "MNTN_NM",
      "type" : "esriFieldTypeString",
      "alias" : "MNTN_NM",
      "length" : 50
    },
    {
      "name" : "PAST_SPOT_",
      "type" : "esriFieldTypeString",
      "alias" : "PAST_SPOT_",
      "length" : 14
    },
    {
      "name" : "MNTN_ID",
      "type" : "esriFieldTypeString",
      "alias" : "MNTN_ID",
      "length" : 10
    }
  ],
  "features" : [
    {
      "attributes" : {
        "FID" : 0,
        "PMNTN_SPOT" : 72075,
        "MNTN_CODE" : "457104401",
        "MANAGE_SP1" : "16",
        "MANAGE_SP2" : "주요나무",
        "DETAIL_SPO" : "주요나무",
        "ETC_MATTER" : " ",
        "MNTN_NM" : "원등산",
        "PAST_SPOT_" : "4571044010001",
        "MNTN_ID" : "457104401"
      },
      "geometry" : {
        "x" : 226182.59060000069,
        "y" : 365292.50180000067
      }
    },
    {
      "attributes" : {
        "FID" : 1,
        "PMNTN_SPOT" : 72076,
        "MNTN_CODE" : "457104401",
        "MANAGE_SP1" : "12",
        "MANAGE_SP2" : "위험지역",
        "DETAIL_SPO" : "위험지역",
        "ETC_MATTER" : " ",
        "MNTN_NM" : "원등산",
        "PAST_SPOT_" : "4571044010002",
        "MNTN_ID" : "457104401"
      },
      "geometry" : {
        "x" : 226259.48160000145,
        "y" : 365199.09559999965
      }
    },
    {
      "attributes" : {
        "FID" : 2,
        "PMNTN_SPOT" : 72077,
        "MNTN_CODE" : "457104401",
        "MANAGE_SP1" : "12",
        "MANAGE_SP2" : "위험지역",
        "DETAIL_SPO" : "위험지역,시설물",
        "ETC_MATTER" : " ",
        "MNTN_NM" : "원등산",
        "PAST_SPOT_" : "4571044010003",
        "MNTN_ID" : "457104401"
      },
      "geometry" : {
        "x" : 226298.90710000135,
        "y" : 365117.6696000006
      }
    },
    {
      "attributes" : {
        "FID" : 3,
        "PMNTN_SPOT" : 72078,
        "MNTN_CODE" : "457104401",
        "MANAGE_SP1" : "15",
        "MANAGE_SP2" : "훼손지",
        "DETAIL_SPO" : "훼손지",
        "ETC_MATTER" : " ",
        "MNTN_NM" : "원등산",
        "PAST_SPOT_" : "4571044010004",
        "MNTN_ID" : "457104401"
      },
      "geometry" : {
        "x" : 224595.98010000214,
        "y" : 365808.89899999835
      }
    },
    {
      "attributes" : {
        "FID" : 4,
        "PMNTN_SPOT" : 72079,
        "MNTN_CODE" : "457104401",
        "MANAGE_SP1" : "15",
        "MANAGE_SP2" : "훼손지",
        "DETAIL_SPO" : "훼손지",
        "ETC_MATTER" : " ",
        "MNTN_NM" : "원등산",
        "PAST_SPOT_" : "4571044010005",
        "MNTN_ID" : "457104401"
      },
      "geometry" : {
        "x" : 224722.27539999969,
        "y" : 365848.25410000049
      }
    },
    {
      "attributes" : {
        "FID" : 5,
        "PMNTN_SPOT" : 72080,
        "MNTN_CODE" : "457104401",
        "MANAGE_SP1" : "12",
        "MANAGE_SP2" : "위험지역",
        "DETAIL_SPO" : "위험지역",
        "ETC_MATTER" : " ",
        "MNTN_NM" : "원등산",
        "PAST_SPOT_" : "4571044010006",
        "MNTN_ID" : "457104401"
      },
      "geometry" : {
        "x" : 224769.31230000034,
        "y" : 365852.25040000118
      }
    },
    {
      "attributes" : {
        "FID" : 6,
        "PMNTN_SPOT" : 72081,
        "MNTN_CODE" : "457104401",
        "MANAGE_SP1" : "12",
        "MANAGE_SP2" : "위험지역",
        "DETAIL_SPO" : "위험지역",
        "ETC_MATTER" : " ",
        "MNTN_NM" : "원등산",
        "PAST_SPOT_" : "4571044010007",
        "MNTN_ID" : "457104401"
      },
      "geometry" : {
        "x" : 224810.99200000055,
        "y" : 365836.94219999947
      }
    },
    {
      "attributes" : {
        "FID" : 7,
        "PMNTN_SPOT" : 72082,
        "MNTN_CODE" : "457104401",
        "MANAGE_SP1" : "23",
        "MANAGE_SP2" : "정상",
        "DETAIL_SPO" : "정상부",
        "ETC_MATTER" : " ",
        "MNTN_NM" : "원등산",
        "PAST_SPOT_" : "4571044010008",
        "MNTN_ID" : "457104401"
      },
      "geometry" : {
        "x" : 224940.98739999905,
        "y" : 365590.78300000355
      }
    },
    {
      "attributes" : {
        "FID" : 8,
        "PMNTN_SPOT" : 72083,
        "MNTN_CODE" : "457104401",
        "MANAGE_SP1" : "15",
        "MANAGE_SP2" : "훼손지",
        "DETAIL_SPO" : "훼손지",
        "ETC_MATTER" : " ",
        "MNTN_NM" : "원등산",
        "PAST_SPOT_" : "4571044010009",
        "MNTN_ID" : "457104401"
      },
      "geometry" : {
        "x" : 224920.00910000131,
        "y" : 365662.13800000213
      }
    },
    {
      "attributes" : {
        "FID" : 9,
        "PMNTN_SPOT" : 72084,
        "MNTN_CODE" : "457104401",
        "MANAGE_SP1" : "14",
        "MANAGE_SP2" : "조망점",
        "DETAIL_SPO" : "조망점",
        "ETC_MATTER" : " ",
        "MNTN_NM" : "원등산",
        "PAST_SPOT_" : "4571044010010",
        "MNTN_ID" : "457104401"
      },
      "geometry" : {
        "x" : 224830.331100001,
        "y" : 365828.6344000008
      }
    },
    {
      "attributes" : {
        "FID" : 10,
        "PMNTN_SPOT" : 72085,
        "MNTN_CODE" : "457104401",
        "MANAGE_SP1" : "14",
        "MANAGE_SP2" : "조망점",
        "DETAIL_SPO" : "조망점",
        "ETC_MATTER" : " ",
        "MNTN_NM" : "원등산",
        "PAST_SPOT_" : "4571044010011",
        "MNTN_ID" : "457104401"
      },
      "geometry" : {
        "x" : 224377.75650000013,
        "y" : 366413.90880000219
      }
    },
    {
      "attributes" : {
        "FID" : 11,
        "PMNTN_SPOT" : 72086,
        "MNTN_CODE" : "457104401",
        "MANAGE_SP1" : "23",
        "MANAGE_SP2" : "정상",
        "DETAIL_SPO" : "정상부,조망점",
        "ETC_MATTER" : " ",
        "MNTN_NM" : "원등산",
        "PAST_SPOT_" : "4571044010012",
        "MNTN_ID" : "457104401"
      },
      "geometry" : {
        "x" : 223628.31049999967,
        "y" : 366753.03669999912
      }
    },
    {
      "attributes" : {
        "FID" : 12,
        "PMNTN_SPOT" : 72087,
        "MNTN_CODE" : "457104401",
        "MANAGE_SP1" : "15",
        "MANAGE_SP2" : "훼손지",
        "DETAIL_SPO" : "훼손지",
        "ETC_MATTER" : " ",
        "MNTN_NM" : "원등산",
        "PAST_SPOT_" : "4571044010013",
        "MNTN_ID" : "457104401"
      },
      "geometry" : {
        "x" : 223257.00000000093,
        "y" : 367267.05140000209
      }
    },
    {
      "attributes" : {
        "FID" : 13,
        "PMNTN_SPOT" : 72088,
        "MNTN_CODE" : "457104401",
        "MANAGE_SP1" : "15",
        "MANAGE_SP2" : "훼손지",
        "DETAIL_SPO" : "훼손지",
        "ETC_MATTER" : " ",
        "MNTN_NM" : "원등산",
        "PAST_SPOT_" : "4571044010014",
        "MNTN_ID" : "457104401"
      },
      "geometry" : {
        "x" : 223183.68820000067,
        "y" : 367392.61590000056
      }
    },
    {
      "attributes" : {
        "FID" : 14,
        "PMNTN_SPOT" : 72089,
        "MNTN_CODE" : "457104401",
        "MANAGE_SP1" : "15",
        "MANAGE_SP2" : "훼손지",
        "DETAIL_SPO" : "훼손지",
        "ETC_MATTER" : " ",
        "MNTN_NM" : "원등산",
        "PAST_SPOT_" : "4571044010015",
        "MNTN_ID" : "457104401"
      },
      "geometry" : {
        "x" : 226378.76010000147,
        "y" : 368165.27500000224
      }
    },
    {
      "attributes" : {
        "FID" : 15,
        "PMNTN_SPOT" : 72090,
        "MNTN_CODE" : "457104401",
        "MANAGE_SP1" : "12",
        "MANAGE_SP2" : "위험지역",
        "DETAIL_SPO" : "훼손지,위험지역",
        "ETC_MATTER" : " ",
        "MNTN_NM" : "원등산",
        "PAST_SPOT_" : "4571044010016",
        "MNTN_ID" : "457104401"
      },
      "geometry" : {
        "x" : 226336.10970000084,
        "y" : 368112.0613000039
      }
    },
    {
      "attributes" : {
        "FID" : 16,
        "PMNTN_SPOT" : 72091,
        "MNTN_CODE" : "457104401",
        "MANAGE_SP1" : "15",
        "MANAGE_SP2" : "훼손지",
        "DETAIL_SPO" : "훼손지",
        "ETC_MATTER" : " ",
        "MNTN_NM" : "원등산",
        "PAST_SPOT_" : "4571044010017",
        "MNTN_ID" : "457104401"
      },
      "geometry" : {
        "x" : 226086.4086000016,
        "y" : 368076.22699999809
      }
    },
    {
      "attributes" : {
        "FID" : 17,
        "PMNTN_SPOT" : 72092,
        "MNTN_CODE" : "457104401",
        "MANAGE_SP1" : "23",
        "MANAGE_SP2" : "정상",
        "DETAIL_SPO" : "정상부,조망점",
        "ETC_MATTER" : " ",
        "MNTN_NM" : "원등산",
        "PAST_SPOT_" : "4571044010018",
        "MNTN_ID" : "457104401"
      },
      "geometry" : {
        "x" : 226481.96619999968,
        "y" : 365457.55070000142
      }
    },
    {
      "attributes" : {
        "FID" : 18,
        "PMNTN_SPOT" : 72093,
        "MNTN_CODE" : "457104401",
        "MANAGE_SP1" : "15",
        "MANAGE_SP2" : "훼손지",
        "DETAIL_SPO" : "훼손지",
        "ETC_MATTER" : " ",
        "MNTN_NM" : "원등산",
        "PAST_SPOT_" : "4571044010019",
        "MNTN_ID" : "457104401"
      },
      "geometry" : {
        "x" : 226636.9693,
        "y" : 366795.31510000117
      }
    },
    {
      "attributes" : {
        "FID" : 19,
        "PMNTN_SPOT" : 72094,
        "MNTN_CODE" : "457104401",
        "MANAGE_SP1" : "15",
        "MANAGE_SP2" : "훼손지",
        "DETAIL_SPO" : "훼손지",
        "ETC_MATTER" : " ",
        "MNTN_NM" : "원등산",
        "PAST_SPOT_" : "4571044010020",
        "MNTN_ID" : "457104401"
      },
      "geometry" : {
        "x" : 226536.85460000113,
        "y" : 367073.32530000061
      }
    },
    {
      "attributes" : {
        "FID" : 20,
        "PMNTN_SPOT" : 72095,
        "MNTN_CODE" : "457104401",
        "MANAGE_SP1" : "14",
        "MANAGE_SP2" : "조망점",
        "DETAIL_SPO" : "조망점",
        "ETC_MATTER" : " ",
        "MNTN_NM" : "원등산",
        "PAST_SPOT_" : "4571044010021",
        "MNTN_ID" : "457104401"
      },
      "geometry" : {
        "x" : 226609.32580000069,
        "y" : 367135.6446999982
      }
    },
    {
      "attributes" : {
        "FID" : 21,
        "PMNTN_SPOT" : 72096,
        "MNTN_CODE" : "457104401",
        "MANAGE_SP1" : "15",
        "MANAGE_SP2" : "훼손지",
        "DETAIL_SPO" : "훼손지",
        "ETC_MATTER" : " ",
        "MNTN_NM" : "원등산",
        "PAST_SPOT_" : "4571044010022",
        "MNTN_ID" : "457104401"
      },
      "geometry" : {
        "x" : 226672.28810000047,
        "y" : 367212.29730000161
      }
    },
    {
      "attributes" : {
        "FID" : 22,
        "PMNTN_SPOT" : 72097,
        "MNTN_CODE" : "457104401",
        "MANAGE_SP1" : "14",
        "MANAGE_SP2" : "조망점",
        "DETAIL_SPO" : "조망점,주요나무",
        "ETC_MATTER" : " ",
        "MNTN_NM" : "원등산",
        "PAST_SPOT_" : "4571044010023",
        "MNTN_ID" : "457104401"
      },
      "geometry" : {
        "x" : 226367.51960000023,
        "y" : 367752.45910000242
      }
    },
    {
      "attributes" : {
        "FID" : 23,
        "PMNTN_SPOT" : 72098,
        "MNTN_CODE" : "457104401",
        "MANAGE_SP1" : "12",
        "MANAGE_SP2" : "위험지역",
        "DETAIL_SPO" : "위험지역",
        "ETC_MATTER" : " ",
        "MNTN_NM" : "원등산",
        "PAST_SPOT_" : "4571044010024",
        "MNTN_ID" : "457104401"
      },
      "geometry" : {
        "x" : 226363.3097000001,
        "y" : 367805.16160000116
      }
    },
    {
      "attributes" : {
        "FID" : 24,
        "PMNTN_SPOT" : 72099,
        "MNTN_CODE" : "457104401",
        "MANAGE_SP1" : "12",
        "MANAGE_SP2" : "위험지역",
        "DETAIL_SPO" : "위험지역,훼손지",
        "ETC_MATTER" : " ",
        "MNTN_NM" : "원등산",
        "PAST_SPOT_" : "4571044010025",
        "MNTN_ID" : "457104401"
      },
      "geometry" : {
        "x" : 226352.60989999957,
        "y" : 367815.27550000139
      }
    },
    {
      "attributes" : {
        "FID" : 25,
        "PMNTN_SPOT" : 72100,
        "MNTN_CODE" : "457104401",
        "MANAGE_SP1" : "15",
        "MANAGE_SP2" : "훼손지",
        "DETAIL_SPO" : "훼손지",
        "ETC_MATTER" : " ",
        "MNTN_NM" : "원등산",
        "PAST_SPOT_" : "4571044010026",
        "MNTN_ID" : "457104401"
      },
      "geometry" : {
        "x" : 227018.78409999982,
        "y" : 363586.38849999942
      }
    },
    {
      "attributes" : {
        "FID" : 26,
        "PMNTN_SPOT" : 72101,
        "MNTN_CODE" : "457104401",
        "MANAGE_SP1" : "12",
        "MANAGE_SP2" : "위험지역",
        "DETAIL_SPO" : "위험지역",
        "ETC_MATTER" : " ",
        "MNTN_NM" : "원등산",
        "PAST_SPOT_" : "4571044010027",
        "MNTN_ID" : "457104401"
      },
      "geometry" : {
        "x" : 226618.37260000035,
        "y" : 364244.83420000039
      }
    },
    {
      "attributes" : {
        "FID" : 27,
        "PMNTN_SPOT" : 72102,
        "MNTN_CODE" : "457104401",
        "MANAGE_SP1" : "07",
        "MANAGE_SP2" : "시설물(운동기구 등)",
        "DETAIL_SPO" : "시설물",
        "ETC_MATTER" : " ",
        "MNTN_NM" : "원등산",
        "PAST_SPOT_" : "4571044010028",
        "MNTN_ID" : "457104401"
      },
      "geometry" : {
        "x" : 226476.70139999967,
        "y" : 364422.15690000169
      }
    },
    {
      "attributes" : {
        "FID" : 28,
        "PMNTN_SPOT" : 72103,
        "MNTN_CODE" : "457104401",
        "MANAGE_SP1" : "15",
        "MANAGE_SP2" : "훼손지",
        "DETAIL_SPO" : "훼손지",
        "ETC_MATTER" : " ",
        "MNTN_NM" : "원등산",
        "PAST_SPOT_" : "4571044010029",
        "MNTN_ID" : "457104401"
      },
      "geometry" : {
        "x" : 226546.74660000019,
        "y" : 364756.71490000188
      }
    },
    {
      "attributes" : {
        "FID" : 29,
        "PMNTN_SPOT" : 72104,
        "MNTN_CODE" : "457104401",
        "MANAGE_SP1" : "14",
        "MANAGE_SP2" : "조망점",
        "DETAIL_SPO" : "조망점,유적",
        "ETC_MATTER" : " ",
        "MNTN_NM" : "원등산",
        "PAST_SPOT_" : "4571044010030",
        "MNTN_ID" : "457104401"
      },
      "geometry" : {
        "x" : 226536.75889999978,
        "y" : 364800.92669999786
      }
    },
    {
      "attributes" : {
        "FID" : 30,
        "PMNTN_SPOT" : 72105,
        "MNTN_CODE" : "457104401",
        "MANAGE_SP1" : "23",
        "MANAGE_SP2" : "정상",
        "DETAIL_SPO" : "정상부,조망점,시설물",
        "ETC_MATTER" : " ",
        "MNTN_NM" : "원등산",
        "PAST_SPOT_" : "4571044010031",
        "MNTN_ID" : "457104401"
      },
      "geometry" : {
        "x" : 226482.15890000015,
        "y" : 365456.2025000006
      }
    },
    {
      "attributes" : {
        "FID" : 31,
        "PMNTN_SPOT" : 72106,
        "MNTN_CODE" : "457104401",
        "MANAGE_SP1" : "07",
        "MANAGE_SP2" : "시설물(운동기구 등)",
        "DETAIL_SPO" : "시설물,기타",
        "ETC_MATTER" : " ",
        "MNTN_NM" : "원등산",
        "PAST_SPOT_" : "4571044010032",
        "MNTN_ID" : "457104401"
      },
      "geometry" : {
        "x" : 224346.88140000217,
        "y" : 364769.95070000179
      }
    },
    {
      "attributes" : {
        "FID" : 32,
        "PMNTN_SPOT" : 72107,
        "MNTN_CODE" : "457104401",
        "MANAGE_SP1" : "11",
        "MANAGE_SP2" : "안내판또는지도",
        "DETAIL_SPO" : "안내판,시설물,접점",
        "ETC_MATTER" : " ",
        "MNTN_NM" : "원등산",
        "PAST_SPOT_" : "4571044010033",
        "MNTN_ID" : "457104401"
      },
      "geometry" : {
        "x" : 226359.87760000024,
        "y" : 364935.47680000216
      }
    },
    {
      "attributes" : {
        "FID" : 33,
        "PMNTN_SPOT" : 72108,
        "MNTN_CODE" : "457104401",
        "MANAGE_SP1" : "07",
        "MANAGE_SP2" : "시설물(운동기구 등)",
        "DETAIL_SPO" : "시설물,유적,유적",
        "ETC_MATTER" : " ",
        "MNTN_NM" : "원등산",
        "PAST_SPOT_" : "4571044010034",
        "MNTN_ID" : "457104401"
      },
      "geometry" : {
        "x" : 226424.73949999921,
        "y" : 364955.02710000053
      }
    },
    {
      "attributes" : {
        "FID" : 34,
        "PMNTN_SPOT" : 72109,
        "MNTN_CODE" : "457104401",
        "MANAGE_SP1" : "01",
        "MANAGE_SP2" : "시종점",
        "DETAIL_SPO" : "시종점",
        "ETC_MATTER" : " ",
        "MNTN_NM" : "원등산",
        "PAST_SPOT_" : "4571044010035",
        "MNTN_ID" : "457104401"
      },
      "geometry" : {
        "x" : 223122.79940000083,
        "y" : 367585.56870000437
      }
    },
    {
      "attributes" : {
        "FID" : 35,
        "PMNTN_SPOT" : 72110,
        "MNTN_CODE" : "457104401",
        "MANAGE_SP1" : "01",
        "MANAGE_SP2" : "시종점",
        "DETAIL_SPO" : "시종점",
        "ETC_MATTER" : " ",
        "MNTN_NM" : "원등산",
        "PAST_SPOT_" : "4571044010036",
        "MNTN_ID" : "457104401"
      },
      "geometry" : {
        "x" : 223626.72530000005,
        "y" : 365303.27490000054
      }
    },
    {
      "attributes" : {
        "FID" : 36,
        "PMNTN_SPOT" : 72111,
        "MNTN_CODE" : "457104401",
        "MANAGE_SP1" : "01",
        "MANAGE_SP2" : "시종점",
        "DETAIL_SPO" : "시종점",
        "ETC_MATTER" : " ",
        "MNTN_NM" : "원등산",
        "PAST_SPOT_" : "4571044010037",
        "MNTN_ID" : "457104401"
      },
      "geometry" : {
        "x" : 224346.75899999961,
        "y" : 364770.14860000089
      }
    },
    {
      "attributes" : {
        "FID" : 37,
        "PMNTN_SPOT" : 72112,
        "MNTN_CODE" : "457104401",
        "MANAGE_SP1" : "02",
        "MANAGE_SP2" : "분기점",
        "DETAIL_SPO" : "분기점",
        "ETC_MATTER" : " ",
        "MNTN_NM" : "원등산",
        "PAST_SPOT_" : "4571044010038",
        "MNTN_ID" : "457104401"
      },
      "geometry" : {
        "x" : 224832.08710000012,
        "y" : 365828.1381000001
      }
    },
    {
      "attributes" : {
        "FID" : 38,
        "PMNTN_SPOT" : 72113,
        "MNTN_CODE" : "457104401",
        "MANAGE_SP1" : "01",
        "MANAGE_SP2" : "시종점",
        "DETAIL_SPO" : "시종점",
        "ETC_MATTER" : " ",
        "MNTN_NM" : "원등산",
        "PAST_SPOT_" : "4571044010039",
        "MNTN_ID" : "457104401"
      },
      "geometry" : {
        "x" : 225642.36620000098,
        "y" : 368037.08200000226
      }
    },
    {
      "attributes" : {
        "FID" : 39,
        "PMNTN_SPOT" : 72114,
        "MNTN_CODE" : "457104401",
        "MANAGE_SP1" : "02",
        "MANAGE_SP2" : "분기점",
        "DETAIL_SPO" : "분기점",
        "ETC_MATTER" : " ",
        "MNTN_NM" : "원등산",
        "PAST_SPOT_" : "4571044010040",
        "MNTN_ID" : "457104401"
      },
      "geometry" : {
        "x" : 226111.00140000042,
        "y" : 365336.59640000202
      }
    },
    {
      "attributes" : {
        "FID" : 40,
        "PMNTN_SPOT" : 72115,
        "MNTN_CODE" : "457104401",
        "MANAGE_SP1" : "02",
        "MANAGE_SP2" : "분기점",
        "DETAIL_SPO" : "분기점",
        "ETC_MATTER" : " ",
        "MNTN_NM" : "원등산",
        "PAST_SPOT_" : "4571044010041",
        "MNTN_ID" : "457104401"
      },
      "geometry" : {
        "x" : 226298.34270000085,
        "y" : 365018.84070000052
      }
    },
    {
      "attributes" : {
        "FID" : 41,
        "PMNTN_SPOT" : 72116,
        "MNTN_CODE" : "457104401",
        "MANAGE_SP1" : "02",
        "MANAGE_SP2" : "분기점",
        "DETAIL_SPO" : "분기,시설물",
        "ETC_MATTER" : " ",
        "MNTN_NM" : "원등산",
        "PAST_SPOT_" : "4571044010042",
        "MNTN_ID" : "457104401"
      },
      "geometry" : {
        "x" : 226363.27280000038,
        "y" : 364885.41950000077
      }
    },
    {
      "attributes" : {
        "FID" : 42,
        "PMNTN_SPOT" : 72117,
        "MNTN_CODE" : "457104401",
        "MANAGE_SP1" : "02",
        "MANAGE_SP2" : "분기점",
        "DETAIL_SPO" : "분기점",
        "ETC_MATTER" : " ",
        "MNTN_NM" : "원등산",
        "PAST_SPOT_" : "4571044010043",
        "MNTN_ID" : "457104401"
      },
      "geometry" : {
        "x" : 226373.5158000011,
        "y" : 368163.68539999984
      }
    },
    {
      "attributes" : {
        "FID" : 43,
        "PMNTN_SPOT" : 72118,
        "MNTN_CODE" : "457104401",
        "MANAGE_SP1" : "01",
        "MANAGE_SP2" : "시종점",
        "DETAIL_SPO" : "시종점",
        "ETC_MATTER" : " ",
        "MNTN_NM" : "원등산",
        "PAST_SPOT_" : "4571044010044",
        "MNTN_ID" : "457104401"
      },
      "geometry" : {
        "x" : 226381.58660000097,
        "y" : 368171.04450000264
      }
    },
    {
      "attributes" : {
        "FID" : 44,
        "PMNTN_SPOT" : 72119,
        "MNTN_CODE" : "457104401",
        "MANAGE_SP1" : "02",
        "MANAGE_SP2" : "분기점",
        "DETAIL_SPO" : "분기점",
        "ETC_MATTER" : " ",
        "MNTN_NM" : "원등산",
        "PAST_SPOT_" : "4571044010045",
        "MNTN_ID" : "457104401"
      },
      "geometry" : {
        "x" : 226402.9552000016,
        "y" : 364668.17270000093
      }
    },
    {
      "attributes" : {
        "FID" : 45,
        "PMNTN_SPOT" : 72120,
        "MNTN_CODE" : "457104401",
        "MANAGE_SP1" : "01",
        "MANAGE_SP2" : "시종점",
        "DETAIL_SPO" : "시종점",
        "ETC_MATTER" : " ",
        "MNTN_NM" : "원등산",
        "PAST_SPOT_" : "4571044010046",
        "MNTN_ID" : "457104401"
      },
      "geometry" : {
        "x" : 226424.4291000003,
        "y" : 364954.96240000054
      }
    },
    {
      "attributes" : {
        "FID" : 46,
        "PMNTN_SPOT" : 72121,
        "MNTN_CODE" : "457104401",
        "MANAGE_SP1" : "02",
        "MANAGE_SP2" : "분기점",
        "DETAIL_SPO" : "분기점",
        "ETC_MATTER" : " ",
        "MNTN_NM" : "원등산",
        "PAST_SPOT_" : "4571044010047",
        "MNTN_ID" : "457104401"
      },
      "geometry" : {
        "x" : 226481.67410000041,
        "y" : 365345.98450000212
      }
    },
    {
      "attributes" : {
        "FID" : 47,
        "PMNTN_SPOT" : 72122,
        "MNTN_CODE" : "457104401",
        "MANAGE_SP1" : "02",
        "MANAGE_SP2" : "분기점",
        "DETAIL_SPO" : "분기점",
        "ETC_MATTER" : " ",
        "MNTN_NM" : "원등산",
        "PAST_SPOT_" : "4571044010048",
        "MNTN_ID" : "457104401"
      },
      "geometry" : {
        "x" : 226513.25850000139,
        "y" : 364518.14790000208
      }
    },
    {
      "attributes" : {
        "FID" : 48,
        "PMNTN_SPOT" : 72123,
        "MNTN_CODE" : "457104401",
        "MANAGE_SP1" : "02",
        "MANAGE_SP2" : "분기점",
        "DETAIL_SPO" : "분기점",
        "ETC_MATTER" : " ",
        "MNTN_NM" : "원등산",
        "PAST_SPOT_" : "4571044010049",
        "MNTN_ID" : "457104401"
      },
      "geometry" : {
        "x" : 226553.67390000075,
        "y" : 364706.04150000028
      }
    },
    {
      "attributes" : {
        "FID" : 49,
        "PMNTN_SPOT" : 72124,
        "MNTN_CODE" : "457104401",
        "MANAGE_SP1" : "01",
        "MANAGE_SP2" : "시종점",
        "DETAIL_SPO" : "시종점",
        "ETC_MATTER" : " ",
        "MNTN_NM" : "원등산",
        "PAST_SPOT_" : "4571044010050",
        "MNTN_ID" : "457104401"
      },
      "geometry" : {
        "x" : 227100.21939999983,
        "y" : 363615.23059999943
      }
    },
    {
      "attributes" : {
        "FID" : 50,
        "PMNTN_SPOT" : 98778,
        "MNTN_CODE" : "457104401",
        "MANAGE_SP1" : "12",
        "MANAGE_SP2" : "위험지역",
        "DETAIL_SPO" : "위험지역",
        "ETC_MATTER" : " ",
        "MNTN_NM" : "원등산",
        "PAST_SPOT_" : "4571044010051",
        "MNTN_ID" : "457104401"
      },
      "geometry" : {
        "x" : 226294.323999999,
        "y" : 365059.05809999956
      }
    },
    {
      "attributes" : {
        "FID" : 51,
        "PMNTN_SPOT" : 98779,
        "MNTN_CODE" : "457104401",
        "MANAGE_SP1" : "15",
        "MANAGE_SP2" : "훼손지",
        "DETAIL_SPO" : "훼손지",
        "ETC_MATTER" : " ",
        "MNTN_NM" : "원등산",
        "PAST_SPOT_" : "4571044010052",
        "MNTN_ID" : "457104401"
      },
      "geometry" : {
        "x" : 224655.41620000073,
        "y" : 365820.36749999993
      }
    },
    {
      "attributes" : {
        "FID" : 52,
        "PMNTN_SPOT" : 98780,
        "MNTN_CODE" : "457104401",
        "MANAGE_SP1" : "12",
        "MANAGE_SP2" : "위험지역",
        "DETAIL_SPO" : "위험지역",
        "ETC_MATTER" : " ",
        "MNTN_NM" : "원등산",
        "PAST_SPOT_" : "4571044010053",
        "MNTN_ID" : "457104401"
      },
      "geometry" : {
        "x" : 224831.08530000088,
        "y" : 365827.22540000034
      }
    },
    {
      "attributes" : {
        "FID" : 53,
        "PMNTN_SPOT" : 98781,
        "MNTN_CODE" : "457104401",
        "MANAGE_SP1" : "14",
        "MANAGE_SP2" : "조망점",
        "DETAIL_SPO" : "조망점",
        "ETC_MATTER" : " ",
        "MNTN_NM" : "원등산",
        "PAST_SPOT_" : "4571044010054",
        "MNTN_ID" : "457104401"
      },
      "geometry" : {
        "x" : 226481.42789999931,
        "y" : 365346.65650000051
      }
    },
    {
      "attributes" : {
        "FID" : 54,
        "PMNTN_SPOT" : 98782,
        "MNTN_CODE" : "457104401",
        "MANAGE_SP1" : "23",
        "MANAGE_SP2" : "정상",
        "DETAIL_SPO" : "정상, 조망점",
        "ETC_MATTER" : " ",
        "MNTN_NM" : "원등산",
        "PAST_SPOT_" : "4571044010055",
        "MNTN_ID" : "457104401"
      },
      "geometry" : {
        "x" : 223497.51159999982,
        "y" : 366760.13309999916
      }
    },
    {
      "attributes" : {
        "FID" : 55,
        "PMNTN_SPOT" : 98783,
        "MNTN_CODE" : "457104401",
        "MANAGE_SP1" : "15",
        "MANAGE_SP2" : "훼손지",
        "DETAIL_SPO" : "훼손지",
        "ETC_MATTER" : " ",
        "MNTN_NM" : "원등산",
        "PAST_SPOT_" : "4571044010056",
        "MNTN_ID" : "457104401"
      },
      "geometry" : {
        "x" : 226013.63500000024,
        "y" : 368065.81230000022
      }
    },
    {
      "attributes" : {
        "FID" : 56,
        "PMNTN_SPOT" : 98784,
        "MNTN_CODE" : "457104401",
        "MANAGE_SP1" : "15",
        "MANAGE_SP2" : "훼손지",
        "DETAIL_SPO" : "훼손지",
        "ETC_MATTER" : " ",
        "MNTN_NM" : "원등산",
        "PAST_SPOT_" : "4571044010057",
        "MNTN_ID" : "457104401"
      },
      "geometry" : {
        "x" : 226566.7137000013,
        "y" : 366975.53089999949
      }
    },
    {
      "attributes" : {
        "FID" : 57,
        "PMNTN_SPOT" : 98785,
        "MNTN_CODE" : "457104401",
        "MANAGE_SP1" : "14",
        "MANAGE_SP2" : "조망점",
        "DETAIL_SPO" : "조망점, 주요나무",
        "ETC_MATTER" : " ",
        "MNTN_NM" : "원등산",
        "PAST_SPOT_" : "4571044010058",
        "MNTN_ID" : "457104401"
      },
      "geometry" : {
        "x" : 226354.69730000058,
        "y" : 367780.17230000009
      }
    },
    {
      "attributes" : {
        "FID" : 58,
        "PMNTN_SPOT" : 98786,
        "MNTN_CODE" : "457104401",
        "MANAGE_SP1" : "12",
        "MANAGE_SP2" : "위험지역",
        "DETAIL_SPO" : "위험지역",
        "ETC_MATTER" : " ",
        "MNTN_NM" : "원등산",
        "PAST_SPOT_" : "4571044010059",
        "MNTN_ID" : "457104401"
      },
      "geometry" : {
        "x" : 226374.71909999955,
        "y" : 368162.85119999934
      }
    },
    {
      "attributes" : {
        "FID" : 59,
        "PMNTN_SPOT" : 98787,
        "MNTN_CODE" : "457104401",
        "MANAGE_SP1" : "15",
        "MANAGE_SP2" : "훼손지",
        "DETAIL_SPO" : "훼손지",
        "ETC_MATTER" : " ",
        "MNTN_NM" : "원등산",
        "PAST_SPOT_" : "4571044010060",
        "MNTN_ID" : "457104401"
      },
      "geometry" : {
        "x" : 226952.64829999852,
        "y" : 363537.54590000038
      }
    },
    {
      "attributes" : {
        "FID" : 60,
        "PMNTN_SPOT" : 98788,
        "MNTN_CODE" : "457104401",
        "MANAGE_SP1" : "07",
        "MANAGE_SP2" : "시설물(운동기구 등)",
        "DETAIL_SPO" : "시설물(운동기구등)",
        "ETC_MATTER" : " ",
        "MNTN_NM" : "원등산",
        "PAST_SPOT_" : "4571044010061",
        "MNTN_ID" : "457104401"
      },
      "geometry" : {
        "x" : 226513.99019999919,
        "y" : 364519.04160000104
      }
    },
    {
      "attributes" : {
        "FID" : 61,
        "PMNTN_SPOT" : 98789,
        "MNTN_CODE" : "457104401",
        "MANAGE_SP1" : "14",
        "MANAGE_SP2" : "조망점",
        "DETAIL_SPO" : "조망점, 유적(문화,역사)",
        "ETC_MATTER" : " ",
        "MNTN_NM" : "원등산",
        "PAST_SPOT_" : "4571044010062",
        "MNTN_ID" : "457104401"
      },
      "geometry" : {
        "x" : 226481.36280000111,
        "y" : 365345.73440000031
      }
    },
    {
      "attributes" : {
        "FID" : 62,
        "PMNTN_SPOT" : 98790,
        "MNTN_CODE" : "457104401",
        "MANAGE_SP1" : "07",
        "MANAGE_SP2" : "시설물(운동기구 등)",
        "DETAIL_SPO" : "시설물(운동기구등), 기타",
        "ETC_MATTER" : " ",
        "MNTN_NM" : "원등산",
        "PAST_SPOT_" : "4571044010063",
        "MNTN_ID" : "457104401"
      },
      "geometry" : {
        "x" : 225526.66000000024,
        "y" : 364659.12969999993
      }
    },
    {
      "attributes" : {
        "FID" : 63,
        "PMNTN_SPOT" : 98791,
        "MNTN_CODE" : "457104401",
        "MANAGE_SP1" : "07",
        "MANAGE_SP2" : "시설물(운동기구 등)",
        "DETAIL_SPO" : "시설물(운동기구등), 유적(문화,역사)",
        "ETC_MATTER" : " ",
        "MNTN_NM" : "원등산",
        "PAST_SPOT_" : "4571044010064",
        "MNTN_ID" : "457104401"
      },
      "geometry" : {
        "x" : 226402.21400000036,
        "y" : 364670.28150000097
      }
    }
  ]
}