{
  "displayFieldName" : "",
  "fieldAliases" : {
    "FID" : "FID",
    "PMNTN_SPOT" : "PMNTN_SPOT",
    "MNTN_CODE" : "MNTN_CODE",
    "MANAGE_SP1" : "MANAGE_SP1",
    "MANAGE_SP2" : "MANAGE_SP2",
    "DETAIL_SPO" : "DETAIL_SPO",
    "ETC_MATTER" : "ETC_MATTER",
    "MNTN_NM" : "MNTN_NM",
    "PAST_SPOT_" : "PAST_SPOT_",
    "MNTN_ID" : "MNTN_ID"
  },
  "geometryType" : "esriGeometryPoint",
  "spatialReference" : {
    "wkt" : "PROJCS[\"PCS_ITRF2000_TM\",GEOGCS[\"GCS_ITRF_2000\",DATUM[\"D_ITRF_2000\",SPHEROID[\"GRS_1980\",6378137.0,298.257222101]],PRIMEM[\"Greenwich\",0.0],UNIT[\"Degree\",0.0174532925199433]],PROJECTION[\"Transverse_Mercator\"],PARAMETER[\"False_Easting\",200000.0],PARAMETER[\"False_Northing\",600000.0],PARAMETER[\"Central_Meridian\",127.0],PARAMETER[\"Scale_Factor\",1.0],PARAMETER[\"Latitude_Of_Origin\",38.0],UNIT[\"Meter\",1.0]]"
  },
  "fields" : [
    {
      "name" : "FID",
      "type" : "esriFieldTypeOID",
      "alias" : "FID"
    },
    {
      "name" : "PMNTN_SPOT",
      "type" : "esriFieldTypeDouble",
      "alias" : "PMNTN_SPOT"
    },
    {
      "name" : "MNTN_CODE",
      "type" : "esriFieldTypeString",
      "alias" : "MNTN_CODE",
      "length" : 9
    },
    {
      "name" : "MANAGE_SP1",
      "type" : "esriFieldTypeString",
      "alias" : "MANAGE_SP1",
      "length" : 2
    },
    {
      "name" : "MANAGE_SP2",
      "type" : "esriFieldTypeString",
      "alias" : "MANAGE_SP2",
      "length" : 50
    },
    {
      "name" : "DETAIL_SPO",
      "type" : "esriFieldTypeString",
      "alias" : "DETAIL_SPO",
      "length" : 200
    },
    {
      "name" : "ETC_MATTER",
      "type" : "esriFieldTypeString",
      "alias" : "ETC_MATTER",
      "length" : 200
    },
    {
      "name" : "MNTN_NM",
      "type" : "esriFieldTypeString",
      "alias" : "MNTN_NM",
      "length" : 50
    },
    {
      "name" : "PAST_SPOT_",
      "type" : "esriFieldTypeString",
      "alias" : "PAST_SPOT_",
      "length" : 14
    },
    {
      "name" : "MNTN_ID",
      "type" : "esriFieldTypeString",
      "alias" : "MNTN_ID",
      "length" : 10
    }
  ],
  "features" : [
    {
      "attributes" : {
        "FID" : 0,
        "PMNTN_SPOT" : 29492,
        "MNTN_CODE" : "415900801",
        "MANAGE_SP1" : "01",
        "MANAGE_SP2" : "시종점",
        "DETAIL_SPO" : "시종점",
        "ETC_MATTER" : " ",
        "MNTN_NM" : "무봉산",
        "PAST_SPOT_" : "4159008010001",
        "MNTN_ID" : "415900801"
      },
      "geometry" : {
        "x" : 212319.06090000086,
        "y" : 511861.31550000235
      }
    },
    {
      "attributes" : {
        "FID" : 1,
        "PMNTN_SPOT" : 29493,
        "MNTN_CODE" : "415900801",
        "MANAGE_SP1" : "01",
        "MANAGE_SP2" : "시종점",
        "DETAIL_SPO" : "시종점",
        "ETC_MATTER" : " ",
        "MNTN_NM" : "무봉산",
        "PAST_SPOT_" : "4159008010002",
        "MNTN_ID" : "415900801"
      },
      "geometry" : {
        "x" : 212332.55350000132,
        "y" : 511765.03720000014
      }
    },
    {
      "attributes" : {
        "FID" : 2,
        "PMNTN_SPOT" : 29494,
        "MNTN_CODE" : "415900801",
        "MANAGE_SP1" : "02",
        "MANAGE_SP2" : "분기점",
        "DETAIL_SPO" : "분기점",
        "ETC_MATTER" : " ",
        "MNTN_NM" : "무봉산",
        "PAST_SPOT_" : "4159008010003",
        "MNTN_ID" : "415900801"
      },
      "geometry" : {
        "x" : 212424.22420000285,
        "y" : 511724.53730000183
      }
    },
    {
      "attributes" : {
        "FID" : 3,
        "PMNTN_SPOT" : 29495,
        "MNTN_CODE" : "415900801",
        "MANAGE_SP1" : "02",
        "MANAGE_SP2" : "분기점",
        "DETAIL_SPO" : "분기점",
        "ETC_MATTER" : " ",
        "MNTN_NM" : "무봉산",
        "PAST_SPOT_" : "4159008010004",
        "MNTN_ID" : "415900801"
      },
      "geometry" : {
        "x" : 212630.26900000125,
        "y" : 511606.20180000179
      }
    },
    {
      "attributes" : {
        "FID" : 4,
        "PMNTN_SPOT" : 29496,
        "MNTN_CODE" : "415900801",
        "MANAGE_SP1" : "02",
        "MANAGE_SP2" : "분기점",
        "DETAIL_SPO" : "분기점",
        "ETC_MATTER" : " ",
        "MNTN_NM" : "무봉산",
        "PAST_SPOT_" : "4159008010005",
        "MNTN_ID" : "415900801"
      },
      "geometry" : {
        "x" : 213167.58140000142,
        "y" : 512636.01710000075
      }
    },
    {
      "attributes" : {
        "FID" : 5,
        "PMNTN_SPOT" : 29497,
        "MNTN_CODE" : "415900801",
        "MANAGE_SP1" : "01",
        "MANAGE_SP2" : "시종점",
        "DETAIL_SPO" : "시종점",
        "ETC_MATTER" : " ",
        "MNTN_NM" : "무봉산",
        "PAST_SPOT_" : "4159008010006",
        "MNTN_ID" : "415900801"
      },
      "geometry" : {
        "x" : 213229.49399999995,
        "y" : 512197.86620000191
      }
    },
    {
      "attributes" : {
        "FID" : 6,
        "PMNTN_SPOT" : 29498,
        "MNTN_CODE" : "415900801",
        "MANAGE_SP1" : "01",
        "MANAGE_SP2" : "시종점",
        "DETAIL_SPO" : "시종점",
        "ETC_MATTER" : " ",
        "MNTN_NM" : "무봉산",
        "PAST_SPOT_" : "4159008010007",
        "MNTN_ID" : "415900801"
      },
      "geometry" : {
        "x" : 213300.93170000054,
        "y" : 512259.77880000323
      }
    },
    {
      "attributes" : {
        "FID" : 7,
        "PMNTN_SPOT" : 29499,
        "MNTN_CODE" : "415900801",
        "MANAGE_SP1" : "02",
        "MANAGE_SP2" : "분기점",
        "DETAIL_SPO" : "분기점",
        "ETC_MATTER" : " ",
        "MNTN_NM" : "무봉산",
        "PAST_SPOT_" : "4146110010008",
        "MNTN_ID" : "414611001"
      },
      "geometry" : {
        "x" : 213695.76040000003,
        "y" : 512393.11329999939
      }
    },
    {
      "attributes" : {
        "FID" : 8,
        "PMNTN_SPOT" : 29500,
        "MNTN_CODE" : "415900801",
        "MANAGE_SP1" : "02",
        "MANAGE_SP2" : "분기점",
        "DETAIL_SPO" : "분기점",
        "ETC_MATTER" : " ",
        "MNTN_NM" : "무봉산",
        "PAST_SPOT_" : "4146110010009",
        "MNTN_ID" : "414611001"
      },
      "geometry" : {
        "x" : 213718.4450000003,
        "y" : 512316.13519999944
      }
    },
    {
      "attributes" : {
        "FID" : 9,
        "PMNTN_SPOT" : 29501,
        "MNTN_CODE" : "415900801",
        "MANAGE_SP1" : "02",
        "MANAGE_SP2" : "분기점",
        "DETAIL_SPO" : "분기점",
        "ETC_MATTER" : " ",
        "MNTN_NM" : "무봉산",
        "PAST_SPOT_" : "4146110010010",
        "MNTN_ID" : "414611001"
      },
      "geometry" : {
        "x" : 213826.42010000162,
        "y" : 511683.31600000151
      }
    }
  ]
}