{
  "displayFieldName" : "",
  "fieldAliases" : {
    "FID" : "FID",
    "PMNTN_SPOT" : "PMNTN_SPOT",
    "MNTN_CODE" : "MNTN_CODE",
    "MANAGE_SP1" : "MANAGE_SP1",
    "MANAGE_SP2" : "MANAGE_SP2",
    "DETAIL_SPO" : "DETAIL_SPO",
    "ETC_MATTER" : "ETC_MATTER",
    "MNTN_NM" : "MNTN_NM",
    "PAST_SPOT_" : "PAST_SPOT_",
    "MNTN_ID" : "MNTN_ID"
  },
  "geometryType" : "esriGeometryPoint",
  "spatialReference" : {
    "wkt" : "PROJCS[\"PCS_ITRF2000_TM\",GEOGCS[\"GCS_ITRF_2000\",DATUM[\"D_ITRF_2000\",SPHEROID[\"GRS_1980\",6378137.0,298.257222101]],PRIMEM[\"Greenwich\",0.0],UNIT[\"Degree\",0.0174532925199433]],PROJECTION[\"Transverse_Mercator\"],PARAMETER[\"False_Easting\",200000.0],PARAMETER[\"False_Northing\",600000.0],PARAMETER[\"Central_Meridian\",127.0],PARAMETER[\"Scale_Factor\",1.0],PARAMETER[\"Latitude_Of_Origin\",38.0],UNIT[\"Meter\",1.0]]"
  },
  "fields" : [
    {
      "name" : "FID",
      "type" : "esriFieldTypeOID",
      "alias" : "FID"
    },
    {
      "name" : "PMNTN_SPOT",
      "type" : "esriFieldTypeDouble",
      "alias" : "PMNTN_SPOT"
    },
    {
      "name" : "MNTN_CODE",
      "type" : "esriFieldTypeString",
      "alias" : "MNTN_CODE",
      "length" : 9
    },
    {
      "name" : "MANAGE_SP1",
      "type" : "esriFieldTypeString",
      "alias" : "MANAGE_SP1",
      "length" : 2
    },
    {
      "name" : "MANAGE_SP2",
      "type" : "esriFieldTypeString",
      "alias" : "MANAGE_SP2",
      "length" : 50
    },
    {
      "name" : "DETAIL_SPO",
      "type" : "esriFieldTypeString",
      "alias" : "DETAIL_SPO",
      "length" : 200
    },
    {
      "name" : "ETC_MATTER",
      "type" : "esriFieldTypeString",
      "alias" : "ETC_MATTER",
      "length" : 200
    },
    {
      "name" : "MNTN_NM",
      "type" : "esriFieldTypeString",
      "alias" : "MNTN_NM",
      "length" : 50
    },
    {
      "name" : "PAST_SPOT_",
      "type" : "esriFieldTypeString",
      "alias" : "PAST_SPOT_",
      "length" : 14
    },
    {
      "name" : "MNTN_ID",
      "type" : "esriFieldTypeString",
      "alias" : "MNTN_ID",
      "length" : 10
    }
  ],
  "features" : [
    {
      "attributes" : {
        "FID" : 0,
        "PMNTN_SPOT" : 58449,
        "MNTN_CODE" : "437603501",
        "MANAGE_SP1" : "01",
        "MANAGE_SP2" : "시종점",
        "DETAIL_SPO" : "시종점",
        "ETC_MATTER" : " ",
        "MNTN_NM" : "악희봉",
        "PAST_SPOT_" : "4376035010001",
        "MNTN_ID" : "437603501"
      },
      "geometry" : {
        "x" : 284776.50960000139,
        "y" : 457280.92959999852
      }
    },
    {
      "attributes" : {
        "FID" : 1,
        "PMNTN_SPOT" : 58450,
        "MNTN_CODE" : "437603501",
        "MANAGE_SP1" : "02",
        "MANAGE_SP2" : "분기점",
        "DETAIL_SPO" : "분기점",
        "ETC_MATTER" : " ",
        "MNTN_NM" : "악희봉",
        "PAST_SPOT_" : "4376035010002",
        "MNTN_ID" : "437603501"
      },
      "geometry" : {
        "x" : 286971.97640000097,
        "y" : 459033.71760000102
      }
    },
    {
      "attributes" : {
        "FID" : 2,
        "PMNTN_SPOT" : 58451,
        "MNTN_CODE" : "437603501",
        "MANAGE_SP1" : "02",
        "MANAGE_SP2" : "분기점",
        "DETAIL_SPO" : "분기점",
        "ETC_MATTER" : " ",
        "MNTN_NM" : "악희봉",
        "PAST_SPOT_" : "4376035010003",
        "MNTN_ID" : "437603501"
      },
      "geometry" : {
        "x" : 287430.09680000134,
        "y" : 458591.90930000134
      }
    },
    {
      "attributes" : {
        "FID" : 3,
        "PMNTN_SPOT" : 58452,
        "MNTN_CODE" : "437603501",
        "MANAGE_SP1" : "02",
        "MANAGE_SP2" : "분기점",
        "DETAIL_SPO" : "분기점",
        "ETC_MATTER" : " ",
        "MNTN_NM" : "악희봉",
        "PAST_SPOT_" : "4376035010004",
        "MNTN_ID" : "437603501"
      },
      "geometry" : {
        "x" : 287583.2789000012,
        "y" : 458676.04500000179
      }
    },
    {
      "attributes" : {
        "FID" : 4,
        "PMNTN_SPOT" : 58453,
        "MNTN_CODE" : "437603501",
        "MANAGE_SP1" : "02",
        "MANAGE_SP2" : "분기점",
        "DETAIL_SPO" : "분기점",
        "ETC_MATTER" : " ",
        "MNTN_NM" : "악희봉",
        "PAST_SPOT_" : "4376035010005",
        "MNTN_ID" : "437603501"
      },
      "geometry" : {
        "x" : 287652.67349999957,
        "y" : 459639.97580000199
      }
    },
    {
      "attributes" : {
        "FID" : 5,
        "PMNTN_SPOT" : 58454,
        "MNTN_CODE" : "437603501",
        "MANAGE_SP1" : "01",
        "MANAGE_SP2" : "시종점",
        "DETAIL_SPO" : "시종점",
        "ETC_MATTER" : " ",
        "MNTN_NM" : "악희봉",
        "PAST_SPOT_" : "4376035010006",
        "MNTN_ID" : "437603501"
      },
      "geometry" : {
        "x" : 287929.68950000033,
        "y" : 459831.66000000015
      }
    },
    {
      "attributes" : {
        "FID" : 6,
        "PMNTN_SPOT" : 58455,
        "MNTN_CODE" : "437603501",
        "MANAGE_SP1" : "02",
        "MANAGE_SP2" : "분기점",
        "DETAIL_SPO" : "분기점",
        "ETC_MATTER" : " ",
        "MNTN_NM" : "악희봉",
        "PAST_SPOT_" : "4376035010007",
        "MNTN_ID" : "437603501"
      },
      "geometry" : {
        "x" : 288451.32110000029,
        "y" : 459320.40880000032
      }
    },
    {
      "attributes" : {
        "FID" : 7,
        "PMNTN_SPOT" : 98035,
        "MNTN_CODE" : "437603501",
        "MANAGE_SP1" : "99",
        "MANAGE_SP2" : "기타",
        "DETAIL_SPO" : "목계단",
        "ETC_MATTER" : " ",
        "MNTN_NM" : "악희봉",
        "PAST_SPOT_" : "4376035010008",
        "MNTN_ID" : "437603501"
      },
      "geometry" : {
        "x" : 285325.97320000117,
        "y" : 459598.85889999964
      }
    }
  ]
}