{
  "displayFieldName" : "",
  "fieldAliases" : {
    "FID" : "FID",
    "PMNTN_SPOT" : "PMNTN_SPOT",
    "MNTN_CODE" : "MNTN_CODE",
    "MANAGE_SP1" : "MANAGE_SP1",
    "MANAGE_SP2" : "MANAGE_SP2",
    "DETAIL_SPO" : "DETAIL_SPO",
    "ETC_MATTER" : "ETC_MATTER",
    "MNTN_NM" : "MNTN_NM",
    "PAST_SPOT_" : "PAST_SPOT_",
    "MNTN_ID" : "MNTN_ID"
  },
  "geometryType" : "esriGeometryPoint",
  "spatialReference" : {
    "wkt" : "PROJCS[\"PCS_ITRF2000_TM\",GEOGCS[\"GCS_ITRF_2000\",DATUM[\"D_ITRF_2000\",SPHEROID[\"GRS_1980\",6378137.0,298.257222101]],PRIMEM[\"Greenwich\",0.0],UNIT[\"Degree\",0.0174532925199433]],PROJECTION[\"Transverse_Mercator\"],PARAMETER[\"False_Easting\",200000.0],PARAMETER[\"False_Northing\",600000.0],PARAMETER[\"Central_Meridian\",127.0],PARAMETER[\"Scale_Factor\",1.0],PARAMETER[\"Latitude_Of_Origin\",38.0],UNIT[\"Meter\",1.0]]"
  },
  "fields" : [
    {
      "name" : "FID",
      "type" : "esriFieldTypeOID",
      "alias" : "FID"
    },
    {
      "name" : "PMNTN_SPOT",
      "type" : "esriFieldTypeDouble",
      "alias" : "PMNTN_SPOT"
    },
    {
      "name" : "MNTN_CODE",
      "type" : "esriFieldTypeString",
      "alias" : "MNTN_CODE",
      "length" : 9
    },
    {
      "name" : "MANAGE_SP1",
      "type" : "esriFieldTypeString",
      "alias" : "MANAGE_SP1",
      "length" : 2
    },
    {
      "name" : "MANAGE_SP2",
      "type" : "esriFieldTypeString",
      "alias" : "MANAGE_SP2",
      "length" : 50
    },
    {
      "name" : "DETAIL_SPO",
      "type" : "esriFieldTypeString",
      "alias" : "DETAIL_SPO",
      "length" : 200
    },
    {
      "name" : "ETC_MATTER",
      "type" : "esriFieldTypeString",
      "alias" : "ETC_MATTER",
      "length" : 200
    },
    {
      "name" : "MNTN_NM",
      "type" : "esriFieldTypeString",
      "alias" : "MNTN_NM",
      "length" : 50
    },
    {
      "name" : "PAST_SPOT_",
      "type" : "esriFieldTypeString",
      "alias" : "PAST_SPOT_",
      "length" : 14
    },
    {
      "name" : "MNTN_ID",
      "type" : "esriFieldTypeString",
      "alias" : "MNTN_ID",
      "length" : 10
    }
  ],
  "features" : [
    {
      "attributes" : {
        "FID" : 0,
        "PMNTN_SPOT" : 88511,
        "MNTN_CODE" : "481703001",
        "MANAGE_SP1" : "02",
        "MANAGE_SP2" : "분기점",
        "DETAIL_SPO" : "분기점",
        "ETC_MATTER" : " ",
        "MNTN_NM" : "판문산",
        "PAST_SPOT_" : "4817030010001",
        "MNTN_ID" : "481703001"
      },
      "geometry" : {
        "x" : 295153.62990000192,
        "y" : 287183.91190000251
      }
    },
    {
      "attributes" : {
        "FID" : 1,
        "PMNTN_SPOT" : 88512,
        "MNTN_CODE" : "481703001",
        "MANAGE_SP1" : "01",
        "MANAGE_SP2" : "시종점",
        "DETAIL_SPO" : "시종점",
        "ETC_MATTER" : " ",
        "MNTN_NM" : "판문산",
        "PAST_SPOT_" : "4817030010002",
        "MNTN_ID" : "481703001"
      },
      "geometry" : {
        "x" : 295243.1845000023,
        "y" : 286406.05910000019
      }
    },
    {
      "attributes" : {
        "FID" : 2,
        "PMNTN_SPOT" : 88513,
        "MNTN_CODE" : "481703001",
        "MANAGE_SP1" : "02",
        "MANAGE_SP2" : "분기점",
        "DETAIL_SPO" : "분기점",
        "ETC_MATTER" : " ",
        "MNTN_NM" : "판문산",
        "PAST_SPOT_" : "4817030010003",
        "MNTN_ID" : "481703001"
      },
      "geometry" : {
        "x" : 295287.19000000227,
        "y" : 286704.5577000007
      }
    },
    {
      "attributes" : {
        "FID" : 3,
        "PMNTN_SPOT" : 88514,
        "MNTN_CODE" : "481703001",
        "MANAGE_SP1" : "02",
        "MANAGE_SP2" : "분기점",
        "DETAIL_SPO" : "분기점",
        "ETC_MATTER" : " ",
        "MNTN_NM" : "판문산",
        "PAST_SPOT_" : "4817030010004",
        "MNTN_ID" : "481703001"
      },
      "geometry" : {
        "x" : 295287.49770000298,
        "y" : 287107.99230000004
      }
    },
    {
      "attributes" : {
        "FID" : 4,
        "PMNTN_SPOT" : 88515,
        "MNTN_CODE" : "481703001",
        "MANAGE_SP1" : "02",
        "MANAGE_SP2" : "분기점",
        "DETAIL_SPO" : "분기점",
        "ETC_MATTER" : " ",
        "MNTN_NM" : "판문산",
        "PAST_SPOT_" : "4817030010005",
        "MNTN_ID" : "481703001"
      },
      "geometry" : {
        "x" : 295330.88769999892,
        "y" : 286369.1314000003
      }
    },
    {
      "attributes" : {
        "FID" : 5,
        "PMNTN_SPOT" : 88516,
        "MNTN_CODE" : "481703001",
        "MANAGE_SP1" : "02",
        "MANAGE_SP2" : "분기점",
        "DETAIL_SPO" : "분기점",
        "ETC_MATTER" : " ",
        "MNTN_NM" : "판문산",
        "PAST_SPOT_" : "4817030010006",
        "MNTN_ID" : "481703001"
      },
      "geometry" : {
        "x" : 295332.42630000133,
        "y" : 286582.08090000041
      }
    },
    {
      "attributes" : {
        "FID" : 6,
        "PMNTN_SPOT" : 88517,
        "MNTN_CODE" : "481703001",
        "MANAGE_SP1" : "02",
        "MANAGE_SP2" : "분기점",
        "DETAIL_SPO" : "분기점",
        "ETC_MATTER" : " ",
        "MNTN_NM" : "판문산",
        "PAST_SPOT_" : "4817030010007",
        "MNTN_ID" : "481703001"
      },
      "geometry" : {
        "x" : 295346.27420000173,
        "y" : 286842.7285999991
      }
    },
    {
      "attributes" : {
        "FID" : 7,
        "PMNTN_SPOT" : 88518,
        "MNTN_CODE" : "481703001",
        "MANAGE_SP1" : "02",
        "MANAGE_SP2" : "분기점",
        "DETAIL_SPO" : "분기점",
        "ETC_MATTER" : " ",
        "MNTN_NM" : "판문산",
        "PAST_SPOT_" : "4817030010008",
        "MNTN_ID" : "481703001"
      },
      "geometry" : {
        "x" : 295365.04580000136,
        "y" : 286405.13590000011
      }
    },
    {
      "attributes" : {
        "FID" : 8,
        "PMNTN_SPOT" : 88519,
        "MNTN_CODE" : "481703001",
        "MANAGE_SP1" : "02",
        "MANAGE_SP2" : "분기점",
        "DETAIL_SPO" : "분기점",
        "ETC_MATTER" : " ",
        "MNTN_NM" : "판문산",
        "PAST_SPOT_" : "4817030010009",
        "MNTN_ID" : "481703001"
      },
      "geometry" : {
        "x" : 295365.04580000415,
        "y" : 286864.26980000176
      }
    },
    {
      "attributes" : {
        "FID" : 9,
        "PMNTN_SPOT" : 88520,
        "MNTN_CODE" : "481703001",
        "MANAGE_SP1" : "02",
        "MANAGE_SP2" : "분기점",
        "DETAIL_SPO" : "분기점",
        "ETC_MATTER" : " ",
        "MNTN_NM" : "판문산",
        "PAST_SPOT_" : "4817030010010",
        "MNTN_ID" : "481703001"
      },
      "geometry" : {
        "x" : 295375.20090000052,
        "y" : 286328.81870000251
      }
    },
    {
      "attributes" : {
        "FID" : 10,
        "PMNTN_SPOT" : 88521,
        "MNTN_CODE" : "481703001",
        "MANAGE_SP1" : "01",
        "MANAGE_SP2" : "시종점",
        "DETAIL_SPO" : "시종점",
        "ETC_MATTER" : " ",
        "MNTN_NM" : "판문산",
        "PAST_SPOT_" : "4817030010011",
        "MNTN_ID" : "481703001"
      },
      "geometry" : {
        "x" : 295375.50860000122,
        "y" : 286273.11950000189
      }
    },
    {
      "attributes" : {
        "FID" : 11,
        "PMNTN_SPOT" : 88522,
        "MNTN_CODE" : "481703001",
        "MANAGE_SP1" : "02",
        "MANAGE_SP2" : "분기점",
        "DETAIL_SPO" : "분기점",
        "ETC_MATTER" : " ",
        "MNTN_NM" : "판문산",
        "PAST_SPOT_" : "4817030010012",
        "MNTN_ID" : "481703001"
      },
      "geometry" : {
        "x" : 295422.35770000052,
        "y" : 286345.99810000136
      }
    },
    {
      "attributes" : {
        "FID" : 12,
        "PMNTN_SPOT" : 88523,
        "MNTN_CODE" : "481703001",
        "MANAGE_SP1" : "01",
        "MANAGE_SP2" : "시종점",
        "DETAIL_SPO" : "시종점",
        "ETC_MATTER" : " ",
        "MNTN_NM" : "판문산",
        "PAST_SPOT_" : "4817030010013",
        "MNTN_ID" : "481703001"
      },
      "geometry" : {
        "x" : 295441.67060000263,
        "y" : 286332.20370000228
      }
    },
    {
      "attributes" : {
        "FID" : 13,
        "PMNTN_SPOT" : 88524,
        "MNTN_CODE" : "481703001",
        "MANAGE_SP1" : "02",
        "MANAGE_SP2" : "분기점",
        "DETAIL_SPO" : "분기점",
        "ETC_MATTER" : " ",
        "MNTN_NM" : "판문산",
        "PAST_SPOT_" : "4817030010014",
        "MNTN_ID" : "481703001"
      },
      "geometry" : {
        "x" : 295451.82580000255,
        "y" : 286771.64290000126
      }
    },
    {
      "attributes" : {
        "FID" : 14,
        "PMNTN_SPOT" : 88525,
        "MNTN_CODE" : "481703001",
        "MANAGE_SP1" : "01",
        "MANAGE_SP2" : "시종점",
        "DETAIL_SPO" : "시종점",
        "ETC_MATTER" : " ",
        "MNTN_NM" : "판문산",
        "PAST_SPOT_" : "4817030010015",
        "MNTN_ID" : "481703001"
      },
      "geometry" : {
        "x" : 295460.7499000011,
        "y" : 287109.22320000269
      }
    },
    {
      "attributes" : {
        "FID" : 15,
        "PMNTN_SPOT" : 88526,
        "MNTN_CODE" : "481703001",
        "MANAGE_SP1" : "01",
        "MANAGE_SP2" : "시종점",
        "DETAIL_SPO" : "시종점",
        "ETC_MATTER" : " ",
        "MNTN_NM" : "판문산",
        "PAST_SPOT_" : "4817030010016",
        "MNTN_ID" : "481703001"
      },
      "geometry" : {
        "x" : 295546.60680000298,
        "y" : 286360.51500000246
      }
    },
    {
      "attributes" : {
        "FID" : 16,
        "PMNTN_SPOT" : 88527,
        "MNTN_CODE" : "481703001",
        "MANAGE_SP1" : "01",
        "MANAGE_SP2" : "시종점",
        "DETAIL_SPO" : "시종점",
        "ETC_MATTER" : " ",
        "MNTN_NM" : "판문산",
        "PAST_SPOT_" : "4817030010017",
        "MNTN_ID" : "481703001"
      },
      "geometry" : {
        "x" : 295697.39470000193,
        "y" : 286519.91939999908
      }
    },
    {
      "attributes" : {
        "FID" : 17,
        "PMNTN_SPOT" : 88528,
        "MNTN_CODE" : "481703001",
        "MANAGE_SP1" : "01",
        "MANAGE_SP2" : "시종점",
        "DETAIL_SPO" : "시종점",
        "ETC_MATTER" : " ",
        "MNTN_NM" : "판문산",
        "PAST_SPOT_" : "4817030010018",
        "MNTN_ID" : "481703001"
      },
      "geometry" : {
        "x" : 295708.47300000116,
        "y" : 286694.40260000154
      }
    },
    {
      "attributes" : {
        "FID" : 18,
        "PMNTN_SPOT" : 88529,
        "MNTN_CODE" : "481703001",
        "MANAGE_SP1" : "99",
        "MANAGE_SP2" : "기타",
        "DETAIL_SPO" : "현대아파트101동옆.안내도",
        "ETC_MATTER" : " ",
        "MNTN_NM" : "판문산",
        "PAST_SPOT_" : "4817030010019",
        "MNTN_ID" : "481703001"
      },
      "geometry" : {
        "x" : 295374.93850000389,
        "y" : 286277.0616999995
      }
    },
    {
      "attributes" : {
        "FID" : 19,
        "PMNTN_SPOT" : 88530,
        "MNTN_CODE" : "481703001",
        "MANAGE_SP1" : "99",
        "MANAGE_SP2" : "기타",
        "DETAIL_SPO" : "나무계단",
        "ETC_MATTER" : " ",
        "MNTN_NM" : "판문산",
        "PAST_SPOT_" : "4817030010020",
        "MNTN_ID" : "481703001"
      },
      "geometry" : {
        "x" : 295375.58609999903,
        "y" : 286296.94180000015
      }
    },
    {
      "attributes" : {
        "FID" : 20,
        "PMNTN_SPOT" : 88531,
        "MNTN_CODE" : "481703001",
        "MANAGE_SP1" : "99",
        "MANAGE_SP2" : "기타",
        "DETAIL_SPO" : "한보타운옆 성림싱크공장",
        "ETC_MATTER" : " ",
        "MNTN_NM" : "판문산",
        "PAST_SPOT_" : "4817030010021",
        "MNTN_ID" : "481703001"
      },
      "geometry" : {
        "x" : 295442.49959999975,
        "y" : 286335.23949999921
      }
    },
    {
      "attributes" : {
        "FID" : 21,
        "PMNTN_SPOT" : 88532,
        "MNTN_CODE" : "481703001",
        "MANAGE_SP1" : "99",
        "MANAGE_SP2" : "기타",
        "DETAIL_SPO" : "평거한보(한보아파트)",
        "ETC_MATTER" : " ",
        "MNTN_NM" : "판문산",
        "PAST_SPOT_" : "4817030010022",
        "MNTN_ID" : "481703001"
      },
      "geometry" : {
        "x" : 295548.06369999982,
        "y" : 286347.57990000397
      }
    },
    {
      "attributes" : {
        "FID" : 22,
        "PMNTN_SPOT" : 88533,
        "MNTN_CODE" : "481703001",
        "MANAGE_SP1" : "07",
        "MANAGE_SP2" : "시설물(운동기구 등)",
        "DETAIL_SPO" : "자연학습장,벤치 8",
        "ETC_MATTER" : " ",
        "MNTN_NM" : "판문산",
        "PAST_SPOT_" : "4817030010023",
        "MNTN_ID" : "481703001"
      },
      "geometry" : {
        "x" : 295337.25310000032,
        "y" : 286379.372299999
      }
    },
    {
      "attributes" : {
        "FID" : 23,
        "PMNTN_SPOT" : 88534,
        "MNTN_CODE" : "481703001",
        "MANAGE_SP1" : "99",
        "MANAGE_SP2" : "기타",
        "DETAIL_SPO" : "나무계단",
        "ETC_MATTER" : " ",
        "MNTN_NM" : "판문산",
        "PAST_SPOT_" : "4817030010024",
        "MNTN_ID" : "481703001"
      },
      "geometry" : {
        "x" : 295291.47000000533,
        "y" : 286393.05020000413
      }
    },
    {
      "attributes" : {
        "FID" : 24,
        "PMNTN_SPOT" : 88535,
        "MNTN_CODE" : "481703001",
        "MANAGE_SP1" : "99",
        "MANAGE_SP2" : "기타",
        "DETAIL_SPO" : "평거초등학교 뒷편 입구",
        "ETC_MATTER" : " ",
        "MNTN_NM" : "판문산",
        "PAST_SPOT_" : "4817030010025",
        "MNTN_ID" : "481703001"
      },
      "geometry" : {
        "x" : 295243.76429999992,
        "y" : 286406.74140000343
      }
    },
    {
      "attributes" : {
        "FID" : 25,
        "PMNTN_SPOT" : 88536,
        "MNTN_CODE" : "481703001",
        "MANAGE_SP1" : "10",
        "MANAGE_SP2" : "이정표",
        "DETAIL_SPO" : "이정표",
        "ETC_MATTER" : " ",
        "MNTN_NM" : "판문산",
        "PAST_SPOT_" : "4817030010026",
        "MNTN_ID" : "481703001"
      },
      "geometry" : {
        "x" : 295364.46420000307,
        "y" : 286410.18400000222
      }
    },
    {
      "attributes" : {
        "FID" : 26,
        "PMNTN_SPOT" : 88537,
        "MNTN_CODE" : "481703001",
        "MANAGE_SP1" : "99",
        "MANAGE_SP2" : "기타",
        "DETAIL_SPO" : "한보아파트쪽 입구",
        "ETC_MATTER" : " ",
        "MNTN_NM" : "판문산",
        "PAST_SPOT_" : "4817030010027",
        "MNTN_ID" : "481703001"
      },
      "geometry" : {
        "x" : 295699.73950000107,
        "y" : 286519.01740000211
      }
    },
    {
      "attributes" : {
        "FID" : 27,
        "PMNTN_SPOT" : 88538,
        "MNTN_CODE" : "481703001",
        "MANAGE_SP1" : "07",
        "MANAGE_SP2" : "시설물(운동기구 등)",
        "DETAIL_SPO" : "체육시설(4)-평거초교뒤",
        "ETC_MATTER" : " ",
        "MNTN_NM" : "판문산",
        "PAST_SPOT_" : "4817030010028",
        "MNTN_ID" : "481703001"
      },
      "geometry" : {
        "x" : 295326.43790000211,
        "y" : 286619.58090000413
      }
    },
    {
      "attributes" : {
        "FID" : 28,
        "PMNTN_SPOT" : 88539,
        "MNTN_CODE" : "481703001",
        "MANAGE_SP1" : "05",
        "MANAGE_SP2" : "벤치",
        "DETAIL_SPO" : "벤치5",
        "ETC_MATTER" : " ",
        "MNTN_NM" : "판문산",
        "PAST_SPOT_" : "4817030010029",
        "MNTN_ID" : "481703001"
      },
      "geometry" : {
        "x" : 295300.63799999934,
        "y" : 286671.31789999828
      }
    },
    {
      "attributes" : {
        "FID" : 29,
        "PMNTN_SPOT" : 88540,
        "MNTN_CODE" : "481703001",
        "MANAGE_SP1" : "99",
        "MANAGE_SP2" : "기타",
        "DETAIL_SPO" : "벽산 동신 아파트",
        "ETC_MATTER" : " ",
        "MNTN_NM" : "판문산",
        "PAST_SPOT_" : "4817030010030",
        "MNTN_ID" : "481703001"
      },
      "geometry" : {
        "x" : 295707.64780000038,
        "y" : 286694.38829999976
      }
    },
    {
      "attributes" : {
        "FID" : 30,
        "PMNTN_SPOT" : 88541,
        "MNTN_CODE" : "481703001",
        "MANAGE_SP1" : "07",
        "MANAGE_SP2" : "시설물(운동기구 등)",
        "DETAIL_SPO" : "체육장(5)-평거초교",
        "ETC_MATTER" : " ",
        "MNTN_NM" : "판문산",
        "PAST_SPOT_" : "4817030010031",
        "MNTN_ID" : "481703001"
      },
      "geometry" : {
        "x" : 295262.05230000429,
        "y" : 286737.24590000138
      }
    },
    {
      "attributes" : {
        "FID" : 31,
        "PMNTN_SPOT" : 88542,
        "MNTN_CODE" : "481703001",
        "MANAGE_SP1" : "99",
        "MANAGE_SP2" : "기타",
        "DETAIL_SPO" : "진주시 정수장",
        "ETC_MATTER" : " ",
        "MNTN_NM" : "판문산",
        "PAST_SPOT_" : "4817030010032",
        "MNTN_ID" : "481703001"
      },
      "geometry" : {
        "x" : 295611.982800005,
        "y" : 286743.41259999946
      }
    },
    {
      "attributes" : {
        "FID" : 32,
        "PMNTN_SPOT" : 88543,
        "MNTN_CODE" : "481703001",
        "MANAGE_SP1" : "10",
        "MANAGE_SP2" : "이정표",
        "DETAIL_SPO" : "이정표",
        "ETC_MATTER" : " ",
        "MNTN_NM" : "판문산",
        "PAST_SPOT_" : "4817030010033",
        "MNTN_ID" : "481703001"
      },
      "geometry" : {
        "x" : 295452.47190000582,
        "y" : 286778.25060000084
      }
    },
    {
      "attributes" : {
        "FID" : 33,
        "PMNTN_SPOT" : 88544,
        "MNTN_CODE" : "481703001",
        "MANAGE_SP1" : "07",
        "MANAGE_SP2" : "시설물(운동기구 등)",
        "DETAIL_SPO" : "체육장(5)-1",
        "ETC_MATTER" : " ",
        "MNTN_NM" : "판문산",
        "PAST_SPOT_" : "4817030010034",
        "MNTN_ID" : "481703001"
      },
      "geometry" : {
        "x" : 295290.02730000019,
        "y" : 286798.4691000022
      }
    },
    {
      "attributes" : {
        "FID" : 34,
        "PMNTN_SPOT" : 88545,
        "MNTN_CODE" : "481703001",
        "MANAGE_SP1" : "99",
        "MANAGE_SP2" : "기타",
        "DETAIL_SPO" : "나무계단",
        "ETC_MATTER" : " ",
        "MNTN_NM" : "판문산",
        "PAST_SPOT_" : "4817030010035",
        "MNTN_ID" : "481703001"
      },
      "geometry" : {
        "x" : 295412.95010000002,
        "y" : 286849.94930000231
      }
    },
    {
      "attributes" : {
        "FID" : 35,
        "PMNTN_SPOT" : 88546,
        "MNTN_CODE" : "481703001",
        "MANAGE_SP1" : "99",
        "MANAGE_SP2" : "기타",
        "DETAIL_SPO" : "나무계단",
        "ETC_MATTER" : " ",
        "MNTN_NM" : "판문산",
        "PAST_SPOT_" : "4817030010036",
        "MNTN_ID" : "481703001"
      },
      "geometry" : {
        "x" : 295358.89550000336,
        "y" : 286857.64770000055
      }
    },
    {
      "attributes" : {
        "FID" : 36,
        "PMNTN_SPOT" : 88547,
        "MNTN_CODE" : "481703001",
        "MANAGE_SP1" : "11",
        "MANAGE_SP2" : "안내판또는지도",
        "DETAIL_SPO" : "안내도",
        "ETC_MATTER" : " ",
        "MNTN_NM" : "판문산",
        "PAST_SPOT_" : "4817030010037",
        "MNTN_ID" : "481703001"
      },
      "geometry" : {
        "x" : 295363.77420000266,
        "y" : 286868.50669999793
      }
    },
    {
      "attributes" : {
        "FID" : 37,
        "PMNTN_SPOT" : 88548,
        "MNTN_CODE" : "481703001",
        "MANAGE_SP1" : "99",
        "MANAGE_SP2" : "기타",
        "DETAIL_SPO" : "구덩이",
        "ETC_MATTER" : " ",
        "MNTN_NM" : "판문산",
        "PAST_SPOT_" : "4817030010038",
        "MNTN_ID" : "481703001"
      },
      "geometry" : {
        "x" : 295353.94770000502,
        "y" : 286934.83660000749
      }
    },
    {
      "attributes" : {
        "FID" : 38,
        "PMNTN_SPOT" : 88549,
        "MNTN_CODE" : "481703001",
        "MANAGE_SP1" : "99",
        "MANAGE_SP2" : "기타",
        "DETAIL_SPO" : "(터널)입구:도로밑",
        "ETC_MATTER" : " ",
        "MNTN_NM" : "판문산",
        "PAST_SPOT_" : "4817030010039",
        "MNTN_ID" : "481703001"
      },
      "geometry" : {
        "x" : 295456.18100000173,
        "y" : 287110.66650000215
      }
    },
    {
      "attributes" : {
        "FID" : 39,
        "PMNTN_SPOT" : 88550,
        "MNTN_CODE" : "481703001",
        "MANAGE_SP1" : "99",
        "MANAGE_SP2" : "기타",
        "DETAIL_SPO" : "나무계단",
        "ETC_MATTER" : " ",
        "MNTN_NM" : "판문산",
        "PAST_SPOT_" : "4817030010040",
        "MNTN_ID" : "481703001"
      },
      "geometry" : {
        "x" : 295354.77650000248,
        "y" : 287117.75569999963
      }
    },
    {
      "attributes" : {
        "FID" : 40,
        "PMNTN_SPOT" : 88551,
        "MNTN_CODE" : "481703001",
        "MANAGE_SP1" : "07",
        "MANAGE_SP2" : "시설물(운동기구 등)",
        "DETAIL_SPO" : "체육장(1)",
        "ETC_MATTER" : " ",
        "MNTN_NM" : "판문산",
        "PAST_SPOT_" : "4817030010041",
        "MNTN_ID" : "481703001"
      },
      "geometry" : {
        "x" : 295263.79659999907,
        "y" : 287128.15130000189
      }
    },
    {
      "attributes" : {
        "FID" : 41,
        "PMNTN_SPOT" : 88552,
        "MNTN_CODE" : "481703001",
        "MANAGE_SP1" : "99",
        "MANAGE_SP2" : "기타",
        "DETAIL_SPO" : "소싸움 맞은편 도로 입구",
        "ETC_MATTER" : " ",
        "MNTN_NM" : "판문산",
        "PAST_SPOT_" : "4817030010042",
        "MNTN_ID" : "481703001"
      },
      "geometry" : {
        "x" : 294987.63890000153,
        "y" : 287141.40040000156
      }
    },
    {
      "attributes" : {
        "FID" : 42,
        "PMNTN_SPOT" : 88553,
        "MNTN_CODE" : "481703001",
        "MANAGE_SP1" : "99",
        "MANAGE_SP2" : "기타",
        "DETAIL_SPO" : "등산로 입구",
        "ETC_MATTER" : " ",
        "MNTN_NM" : "판문산",
        "PAST_SPOT_" : "4817030010043",
        "MNTN_ID" : "481703001"
      },
      "geometry" : {
        "x" : 295406.9952000007,
        "y" : 287143.2714000009
      }
    },
    {
      "attributes" : {
        "FID" : 43,
        "PMNTN_SPOT" : 88554,
        "MNTN_CODE" : "481703001",
        "MANAGE_SP1" : "07",
        "MANAGE_SP2" : "시설물(운동기구 등)",
        "DETAIL_SPO" : "체육장(2)",
        "ETC_MATTER" : " ",
        "MNTN_NM" : "판문산",
        "PAST_SPOT_" : "4817030010044",
        "MNTN_ID" : "481703001"
      },
      "geometry" : {
        "x" : 295169.94470000174,
        "y" : 287190.88080000132
      }
    },
    {
      "attributes" : {
        "FID" : 44,
        "PMNTN_SPOT" : 88555,
        "MNTN_CODE" : "481703001",
        "MANAGE_SP1" : "07",
        "MANAGE_SP2" : "시설물(운동기구 등)",
        "DETAIL_SPO" : "체육장(3)",
        "ETC_MATTER" : " ",
        "MNTN_NM" : "판문산",
        "PAST_SPOT_" : "4817030010045",
        "MNTN_ID" : "481703001"
      },
      "geometry" : {
        "x" : 295223.0594000034,
        "y" : 287213.49750000425
      }
    },
    {
      "attributes" : {
        "FID" : 45,
        "PMNTN_SPOT" : 88556,
        "MNTN_CODE" : "481703001",
        "MANAGE_SP1" : "01",
        "MANAGE_SP2" : "시종점",
        "DETAIL_SPO" : "시종점",
        "ETC_MATTER" : " ",
        "MNTN_NM" : "판문산",
        "PAST_SPOT_" : "4817030010046",
        "MNTN_ID" : "481703001"
      },
      "geometry" : {
        "x" : 295112.56394722033,
        "y" : 286960.68573333882
      }
    },
    {
      "attributes" : {
        "FID" : 46,
        "PMNTN_SPOT" : 88557,
        "MNTN_CODE" : "481703001",
        "MANAGE_SP1" : "02",
        "MANAGE_SP2" : "분기점",
        "DETAIL_SPO" : "분기점",
        "ETC_MATTER" : " ",
        "MNTN_NM" : "판문산",
        "PAST_SPOT_" : "4817030010047",
        "MNTN_ID" : "481703001"
      },
      "geometry" : {
        "x" : 295592.350886303,
        "y" : 286735.23023823835
      }
    },
    {
      "attributes" : {
        "FID" : 47,
        "PMNTN_SPOT" : 88558,
        "MNTN_CODE" : "481703001",
        "MANAGE_SP1" : "02",
        "MANAGE_SP2" : "분기점",
        "DETAIL_SPO" : "분기점",
        "ETC_MATTER" : " ",
        "MNTN_NM" : "판문산",
        "PAST_SPOT_" : "4817030010048",
        "MNTN_ID" : "481703001"
      },
      "geometry" : {
        "x" : 295524.03843723703,
        "y" : 286614.86797548644
      }
    }
  ]
}