{
  "displayFieldName" : "",
  "fieldAliases" : {
    "FID" : "FID",
    "PMNTN_SPOT" : "PMNTN_SPOT",
    "MNTN_CODE" : "MNTN_CODE",
    "MANAGE_SP1" : "MANAGE_SP1",
    "MANAGE_SP2" : "MANAGE_SP2",
    "DETAIL_SPO" : "DETAIL_SPO",
    "ETC_MATTER" : "ETC_MATTER",
    "MNTN_NM" : "MNTN_NM",
    "PAST_SPOT_" : "PAST_SPOT_",
    "MNTN_ID" : "MNTN_ID"
  },
  "geometryType" : "esriGeometryPoint",
  "spatialReference" : {
    "wkt" : "PROJCS[\"PCS_ITRF2000_TM\",GEOGCS[\"GCS_ITRF_2000\",DATUM[\"D_ITRF_2000\",SPHEROID[\"GRS_1980\",6378137.0,298.257222101]],PRIMEM[\"Greenwich\",0.0],UNIT[\"Degree\",0.0174532925199433]],PROJECTION[\"Transverse_Mercator\"],PARAMETER[\"False_Easting\",200000.0],PARAMETER[\"False_Northing\",600000.0],PARAMETER[\"Central_Meridian\",127.0],PARAMETER[\"Scale_Factor\",1.0],PARAMETER[\"Latitude_Of_Origin\",38.0],UNIT[\"Meter\",1.0]]"
  },
  "fields" : [
    {
      "name" : "FID",
      "type" : "esriFieldTypeOID",
      "alias" : "FID"
    },
    {
      "name" : "PMNTN_SPOT",
      "type" : "esriFieldTypeDouble",
      "alias" : "PMNTN_SPOT"
    },
    {
      "name" : "MNTN_CODE",
      "type" : "esriFieldTypeString",
      "alias" : "MNTN_CODE",
      "length" : 9
    },
    {
      "name" : "MANAGE_SP1",
      "type" : "esriFieldTypeString",
      "alias" : "MANAGE_SP1",
      "length" : 2
    },
    {
      "name" : "MANAGE_SP2",
      "type" : "esriFieldTypeString",
      "alias" : "MANAGE_SP2",
      "length" : 50
    },
    {
      "name" : "DETAIL_SPO",
      "type" : "esriFieldTypeString",
      "alias" : "DETAIL_SPO",
      "length" : 200
    },
    {
      "name" : "ETC_MATTER",
      "type" : "esriFieldTypeString",
      "alias" : "ETC_MATTER",
      "length" : 200
    },
    {
      "name" : "MNTN_NM",
      "type" : "esriFieldTypeString",
      "alias" : "MNTN_NM",
      "length" : 50
    },
    {
      "name" : "PAST_SPOT_",
      "type" : "esriFieldTypeString",
      "alias" : "PAST_SPOT_",
      "length" : 14
    },
    {
      "name" : "MNTN_ID",
      "type" : "esriFieldTypeString",
      "alias" : "MNTN_ID",
      "length" : 10
    }
  ],
  "features" : [
    {
      "attributes" : {
        "FID" : 0,
        "PMNTN_SPOT" : 12819,
        "MNTN_CODE" : "482500501",
        "MANAGE_SP1" : "02",
        "MANAGE_SP2" : "분기점",
        "DETAIL_SPO" : "분기점",
        "ETC_MATTER" : " ",
        "MNTN_NM" : "금동산",
        "PAST_SPOT_" : "4825005010001",
        "MNTN_ID" : "482500501"
      },
      "geometry" : {
        "x" : 371142.6476000296,
        "y" : 302728.33240000159
      }
    },
    {
      "attributes" : {
        "FID" : 1,
        "PMNTN_SPOT" : 12820,
        "MNTN_CODE" : "482500501",
        "MANAGE_SP1" : "02",
        "MANAGE_SP2" : "분기점",
        "DETAIL_SPO" : "분기점",
        "ETC_MATTER" : " ",
        "MNTN_NM" : "금동산",
        "PAST_SPOT_" : "4825005010002",
        "MNTN_ID" : "482500501"
      },
      "geometry" : {
        "x" : 371193.57450002991,
        "y" : 302632.74660000391
      }
    },
    {
      "attributes" : {
        "FID" : 2,
        "PMNTN_SPOT" : 12821,
        "MNTN_CODE" : "482500501",
        "MANAGE_SP1" : "02",
        "MANAGE_SP2" : "분기점",
        "DETAIL_SPO" : "분기점",
        "ETC_MATTER" : " ",
        "MNTN_NM" : "금동산",
        "PAST_SPOT_" : "4825005010003",
        "MNTN_ID" : "482500501"
      },
      "geometry" : {
        "x" : 371396.47420002706,
        "y" : 303941.23000000417
      }
    },
    {
      "attributes" : {
        "FID" : 3,
        "PMNTN_SPOT" : 12822,
        "MNTN_CODE" : "482500501",
        "MANAGE_SP1" : "01",
        "MANAGE_SP2" : "시종점",
        "DETAIL_SPO" : "시종점",
        "ETC_MATTER" : " ",
        "MNTN_NM" : "금동산",
        "PAST_SPOT_" : "4825005010004",
        "MNTN_ID" : "482500501"
      },
      "geometry" : {
        "x" : 371481.11530002858,
        "y" : 301608.72530000471
      }
    },
    {
      "attributes" : {
        "FID" : 4,
        "PMNTN_SPOT" : 12823,
        "MNTN_CODE" : "482500501",
        "MANAGE_SP1" : "02",
        "MANAGE_SP2" : "분기점",
        "DETAIL_SPO" : "분기점",
        "ETC_MATTER" : " ",
        "MNTN_NM" : "금동산",
        "PAST_SPOT_" : "4825005010005",
        "MNTN_ID" : "482500501"
      },
      "geometry" : {
        "x" : 371601.19110002648,
        "y" : 303808.60790000297
      }
    },
    {
      "attributes" : {
        "FID" : 5,
        "PMNTN_SPOT" : 12824,
        "MNTN_CODE" : "482500501",
        "MANAGE_SP1" : "02",
        "MANAGE_SP2" : "분기점",
        "DETAIL_SPO" : "분기점",
        "ETC_MATTER" : " ",
        "MNTN_NM" : "금동산",
        "PAST_SPOT_" : "4825005010006",
        "MNTN_ID" : "482500501"
      },
      "geometry" : {
        "x" : 371723.99710003007,
        "y" : 303390.38140000217
      }
    },
    {
      "attributes" : {
        "FID" : 6,
        "PMNTN_SPOT" : 12825,
        "MNTN_CODE" : "482500501",
        "MANAGE_SP1" : "02",
        "MANAGE_SP2" : "분기점",
        "DETAIL_SPO" : "분기점",
        "ETC_MATTER" : " ",
        "MNTN_NM" : "금동산",
        "PAST_SPOT_" : "4825005010007",
        "MNTN_ID" : "482500501"
      },
      "geometry" : {
        "x" : 371842.30410002731,
        "y" : 303355.90780000016
      }
    },
    {
      "attributes" : {
        "FID" : 7,
        "PMNTN_SPOT" : 12826,
        "MNTN_CODE" : "482500501",
        "MANAGE_SP1" : "02",
        "MANAGE_SP2" : "분기점",
        "DETAIL_SPO" : "분기점",
        "ETC_MATTER" : " ",
        "MNTN_NM" : "금동산",
        "PAST_SPOT_" : "4825005010008",
        "MNTN_ID" : "482500501"
      },
      "geometry" : {
        "x" : 371849.06610002741,
        "y" : 304401.19280000031
      }
    },
    {
      "attributes" : {
        "FID" : 8,
        "PMNTN_SPOT" : 12827,
        "MNTN_CODE" : "482500501",
        "MANAGE_SP1" : "02",
        "MANAGE_SP2" : "분기점",
        "DETAIL_SPO" : "분기점",
        "ETC_MATTER" : " ",
        "MNTN_NM" : "금동산",
        "PAST_SPOT_" : "4825005010009",
        "MNTN_ID" : "482500501"
      },
      "geometry" : {
        "x" : 371851.8033000296,
        "y" : 304398.07050000504
      }
    },
    {
      "attributes" : {
        "FID" : 9,
        "PMNTN_SPOT" : 12828,
        "MNTN_CODE" : "482500501",
        "MANAGE_SP1" : "01",
        "MANAGE_SP2" : "시종점",
        "DETAIL_SPO" : "시종점",
        "ETC_MATTER" : " ",
        "MNTN_NM" : "금동산",
        "PAST_SPOT_" : "4825005010010",
        "MNTN_ID" : "482500501"
      },
      "geometry" : {
        "x" : 371859.54090002645,
        "y" : 303403.70070000365
      }
    },
    {
      "attributes" : {
        "FID" : 10,
        "PMNTN_SPOT" : 12829,
        "MNTN_CODE" : "482500501",
        "MANAGE_SP1" : "02",
        "MANAGE_SP2" : "분기점",
        "DETAIL_SPO" : "분기점",
        "ETC_MATTER" : " ",
        "MNTN_NM" : "금동산",
        "PAST_SPOT_" : "4825005010011",
        "MNTN_ID" : "482500501"
      },
      "geometry" : {
        "x" : 371909.7129000267,
        "y" : 304419.17320000008
      }
    },
    {
      "attributes" : {
        "FID" : 11,
        "PMNTN_SPOT" : 12830,
        "MNTN_CODE" : "482500501",
        "MANAGE_SP1" : "01",
        "MANAGE_SP2" : "시종점",
        "DETAIL_SPO" : "시종점",
        "ETC_MATTER" : " ",
        "MNTN_NM" : "금동산",
        "PAST_SPOT_" : "4825005010012",
        "MNTN_ID" : "482500501"
      },
      "geometry" : {
        "x" : 371932.90890002716,
        "y" : 305808.58420000039
      }
    },
    {
      "attributes" : {
        "FID" : 12,
        "PMNTN_SPOT" : 12831,
        "MNTN_CODE" : "482500501",
        "MANAGE_SP1" : "01",
        "MANAGE_SP2" : "시종점",
        "DETAIL_SPO" : "시종점",
        "ETC_MATTER" : " ",
        "MNTN_NM" : "금동산",
        "PAST_SPOT_" : "4825005010013",
        "MNTN_ID" : "482500501"
      },
      "geometry" : {
        "x" : 371952.77620003,
        "y" : 303395.86580000073
      }
    },
    {
      "attributes" : {
        "FID" : 13,
        "PMNTN_SPOT" : 12832,
        "MNTN_CODE" : "482500501",
        "MANAGE_SP1" : "01",
        "MANAGE_SP2" : "시종점",
        "DETAIL_SPO" : "시종점",
        "ETC_MATTER" : " ",
        "MNTN_NM" : "금동산",
        "PAST_SPOT_" : "4825005010014",
        "MNTN_ID" : "482500501"
      },
      "geometry" : {
        "x" : 371970.25620002951,
        "y" : 305838.98480000161
      }
    },
    {
      "attributes" : {
        "FID" : 14,
        "PMNTN_SPOT" : 12833,
        "MNTN_CODE" : "482500501",
        "MANAGE_SP1" : "02",
        "MANAGE_SP2" : "분기점",
        "DETAIL_SPO" : "분기점",
        "ETC_MATTER" : " ",
        "MNTN_NM" : "금동산",
        "PAST_SPOT_" : "4825005010015",
        "MNTN_ID" : "482500501"
      },
      "geometry" : {
        "x" : 372025.37880002707,
        "y" : 305796.35050000064
      }
    },
    {
      "attributes" : {
        "FID" : 15,
        "PMNTN_SPOT" : 12834,
        "MNTN_CODE" : "482500501",
        "MANAGE_SP1" : "01",
        "MANAGE_SP2" : "시종점",
        "DETAIL_SPO" : "시종점",
        "ETC_MATTER" : " ",
        "MNTN_NM" : "금동산",
        "PAST_SPOT_" : "4825005010016",
        "MNTN_ID" : "482500501"
      },
      "geometry" : {
        "x" : 372210.54440002982,
        "y" : 302255.10450000688
      }
    },
    {
      "attributes" : {
        "FID" : 16,
        "PMNTN_SPOT" : 12835,
        "MNTN_CODE" : "482500501",
        "MANAGE_SP1" : "02",
        "MANAGE_SP2" : "분기점",
        "DETAIL_SPO" : "분기점",
        "ETC_MATTER" : " ",
        "MNTN_NM" : "금동산",
        "PAST_SPOT_" : "4825005010017",
        "MNTN_ID" : "482500501"
      },
      "geometry" : {
        "x" : 372458.38110002503,
        "y" : 304484.80420000292
      }
    },
    {
      "attributes" : {
        "FID" : 17,
        "PMNTN_SPOT" : 12836,
        "MNTN_CODE" : "482500501",
        "MANAGE_SP1" : "02",
        "MANAGE_SP2" : "분기점",
        "DETAIL_SPO" : "분기점",
        "ETC_MATTER" : " ",
        "MNTN_NM" : "금동산",
        "PAST_SPOT_" : "4825005010018",
        "MNTN_ID" : "482500501"
      },
      "geometry" : {
        "x" : 372469.88140002917,
        "y" : 304485.63110000081
      }
    },
    {
      "attributes" : {
        "FID" : 18,
        "PMNTN_SPOT" : 12837,
        "MNTN_CODE" : "482500501",
        "MANAGE_SP1" : "01",
        "MANAGE_SP2" : "시종점",
        "DETAIL_SPO" : "시종점",
        "ETC_MATTER" : " ",
        "MNTN_NM" : "금동산",
        "PAST_SPOT_" : "4825005010019",
        "MNTN_ID" : "482500501"
      },
      "geometry" : {
        "x" : 372836.89760002866,
        "y" : 308478.54179999977
      }
    },
    {
      "attributes" : {
        "FID" : 19,
        "PMNTN_SPOT" : 12838,
        "MNTN_CODE" : "482500501",
        "MANAGE_SP1" : "01",
        "MANAGE_SP2" : "시종점",
        "DETAIL_SPO" : "시종점",
        "ETC_MATTER" : " ",
        "MNTN_NM" : "금동산",
        "PAST_SPOT_" : "4825005010020",
        "MNTN_ID" : "482500501"
      },
      "geometry" : {
        "x" : 372844.45540002827,
        "y" : 308077.97639999911
      }
    },
    {
      "attributes" : {
        "FID" : 20,
        "PMNTN_SPOT" : 12839,
        "MNTN_CODE" : "482500501",
        "MANAGE_SP1" : "02",
        "MANAGE_SP2" : "분기점",
        "DETAIL_SPO" : "분기점",
        "ETC_MATTER" : " ",
        "MNTN_NM" : "금동산",
        "PAST_SPOT_" : "4825005010021",
        "MNTN_ID" : "482500501"
      },
      "geometry" : {
        "x" : 373037.05170002673,
        "y" : 304700.58020000346
      }
    },
    {
      "attributes" : {
        "FID" : 21,
        "PMNTN_SPOT" : 12840,
        "MNTN_CODE" : "482500501",
        "MANAGE_SP1" : "02",
        "MANAGE_SP2" : "분기점",
        "DETAIL_SPO" : "분기점",
        "ETC_MATTER" : " ",
        "MNTN_NM" : "금동산",
        "PAST_SPOT_" : "4825005010022",
        "MNTN_ID" : "482500501"
      },
      "geometry" : {
        "x" : 373079.19300002884,
        "y" : 304498.36510000192
      }
    },
    {
      "attributes" : {
        "FID" : 22,
        "PMNTN_SPOT" : 12841,
        "MNTN_CODE" : "482500501",
        "MANAGE_SP1" : "02",
        "MANAGE_SP2" : "분기점",
        "DETAIL_SPO" : "분기점",
        "ETC_MATTER" : " ",
        "MNTN_NM" : "금동산",
        "PAST_SPOT_" : "4825005010023",
        "MNTN_ID" : "482500501"
      },
      "geometry" : {
        "x" : 373079.35280002933,
        "y" : 304502.59470000304
      }
    },
    {
      "attributes" : {
        "FID" : 23,
        "PMNTN_SPOT" : 12842,
        "MNTN_CODE" : "482500501",
        "MANAGE_SP1" : "02",
        "MANAGE_SP2" : "분기점",
        "DETAIL_SPO" : "분기점",
        "ETC_MATTER" : " ",
        "MNTN_NM" : "금동산",
        "PAST_SPOT_" : "4825005010024",
        "MNTN_ID" : "482500501"
      },
      "geometry" : {
        "x" : 373339.76370002888,
        "y" : 307155.380400002
      }
    },
    {
      "attributes" : {
        "FID" : 24,
        "PMNTN_SPOT" : 12843,
        "MNTN_CODE" : "482500501",
        "MANAGE_SP1" : "02",
        "MANAGE_SP2" : "분기점",
        "DETAIL_SPO" : "분기점",
        "ETC_MATTER" : " ",
        "MNTN_NM" : "금동산",
        "PAST_SPOT_" : "4825005010025",
        "MNTN_ID" : "482500501"
      },
      "geometry" : {
        "x" : 373381.06190002989,
        "y" : 304892.88770000264
      }
    },
    {
      "attributes" : {
        "FID" : 25,
        "PMNTN_SPOT" : 12844,
        "MNTN_CODE" : "482500501",
        "MANAGE_SP1" : "02",
        "MANAGE_SP2" : "분기점",
        "DETAIL_SPO" : "분기점",
        "ETC_MATTER" : " ",
        "MNTN_NM" : "금동산",
        "PAST_SPOT_" : "4825005010026",
        "MNTN_ID" : "482500501"
      },
      "geometry" : {
        "x" : 373458.45920003112,
        "y" : 304116.10879999958
      }
    },
    {
      "attributes" : {
        "FID" : 26,
        "PMNTN_SPOT" : 12845,
        "MNTN_CODE" : "482500501",
        "MANAGE_SP1" : "02",
        "MANAGE_SP2" : "분기점",
        "DETAIL_SPO" : "분기점",
        "ETC_MATTER" : " ",
        "MNTN_NM" : "금동산",
        "PAST_SPOT_" : "4825005010027",
        "MNTN_ID" : "482500501"
      },
      "geometry" : {
        "x" : 373465.92950003222,
        "y" : 303675.35920000263
      }
    },
    {
      "attributes" : {
        "FID" : 27,
        "PMNTN_SPOT" : 12846,
        "MNTN_CODE" : "482500501",
        "MANAGE_SP1" : "02",
        "MANAGE_SP2" : "분기점",
        "DETAIL_SPO" : "분기점",
        "ETC_MATTER" : " ",
        "MNTN_NM" : "금동산",
        "PAST_SPOT_" : "4825005010028",
        "MNTN_ID" : "482500501"
      },
      "geometry" : {
        "x" : 373475.8900000304,
        "y" : 304068.79670000076
      }
    },
    {
      "attributes" : {
        "FID" : 28,
        "PMNTN_SPOT" : 12847,
        "MNTN_CODE" : "482500501",
        "MANAGE_SP1" : "02",
        "MANAGE_SP2" : "분기점",
        "DETAIL_SPO" : "분기점",
        "ETC_MATTER" : " ",
        "MNTN_NM" : "금동산",
        "PAST_SPOT_" : "4825005010029",
        "MNTN_ID" : "482500501"
      },
      "geometry" : {
        "x" : 373499.40710003302,
        "y" : 303925.66150000505
      }
    },
    {
      "attributes" : {
        "FID" : 29,
        "PMNTN_SPOT" : 12848,
        "MNTN_CODE" : "482500501",
        "MANAGE_SP1" : "02",
        "MANAGE_SP2" : "분기점",
        "DETAIL_SPO" : "분기점",
        "ETC_MATTER" : " ",
        "MNTN_NM" : "금동산",
        "PAST_SPOT_" : "4825005010030",
        "MNTN_ID" : "482500501"
      },
      "geometry" : {
        "x" : 373503.28120002989,
        "y" : 303917.73000000045
      }
    },
    {
      "attributes" : {
        "FID" : 30,
        "PMNTN_SPOT" : 12849,
        "MNTN_CODE" : "482500501",
        "MANAGE_SP1" : "02",
        "MANAGE_SP2" : "분기점",
        "DETAIL_SPO" : "분기점",
        "ETC_MATTER" : " ",
        "MNTN_NM" : "금동산",
        "PAST_SPOT_" : "4825005010031",
        "MNTN_ID" : "482500501"
      },
      "geometry" : {
        "x" : 373737.3516000323,
        "y" : 304268.00549999997
      }
    },
    {
      "attributes" : {
        "FID" : 31,
        "PMNTN_SPOT" : 12850,
        "MNTN_CODE" : "482500501",
        "MANAGE_SP1" : "01",
        "MANAGE_SP2" : "시종점",
        "DETAIL_SPO" : "시종점",
        "ETC_MATTER" : " ",
        "MNTN_NM" : "금동산",
        "PAST_SPOT_" : "4825005010032",
        "MNTN_ID" : "482500501"
      },
      "geometry" : {
        "x" : 373901.69890003186,
        "y" : 302705.87610000558
      }
    },
    {
      "attributes" : {
        "FID" : 32,
        "PMNTN_SPOT" : 12851,
        "MNTN_CODE" : "482500501",
        "MANAGE_SP1" : "02",
        "MANAGE_SP2" : "분기점",
        "DETAIL_SPO" : "분기점",
        "ETC_MATTER" : " ",
        "MNTN_NM" : "금동산",
        "PAST_SPOT_" : "4825005010033",
        "MNTN_ID" : "482500501"
      },
      "geometry" : {
        "x" : 373902.52890003007,
        "y" : 304146.82009999827
      }
    },
    {
      "attributes" : {
        "FID" : 33,
        "PMNTN_SPOT" : 12852,
        "MNTN_CODE" : "482500501",
        "MANAGE_SP1" : "02",
        "MANAGE_SP2" : "분기점",
        "DETAIL_SPO" : "분기점",
        "ETC_MATTER" : " ",
        "MNTN_NM" : "금동산",
        "PAST_SPOT_" : "4825005010034",
        "MNTN_ID" : "482500501"
      },
      "geometry" : {
        "x" : 373928.9254000308,
        "y" : 302940.03570000082
      }
    },
    {
      "attributes" : {
        "FID" : 34,
        "PMNTN_SPOT" : 12853,
        "MNTN_CODE" : "482500501",
        "MANAGE_SP1" : "99",
        "MANAGE_SP2" : "기타",
        "DETAIL_SPO" : "무명봉",
        "ETC_MATTER" : " ",
        "MNTN_NM" : "금동산",
        "PAST_SPOT_" : "4825005010035",
        "MNTN_ID" : "482500501"
      },
      "geometry" : {
        "x" : 371606.68960005883,
        "y" : 303800.76230000518
      }
    },
    {
      "attributes" : {
        "FID" : 35,
        "PMNTN_SPOT" : 12854,
        "MNTN_CODE" : "482500501",
        "MANAGE_SP1" : "99",
        "MANAGE_SP2" : "기타",
        "DETAIL_SPO" : "산불감시초소",
        "ETC_MATTER" : " ",
        "MNTN_NM" : "금동산",
        "PAST_SPOT_" : "4825005010036",
        "MNTN_ID" : "482500501"
      },
      "geometry" : {
        "x" : 371340.10150005296,
        "y" : 303933.48520000838
      }
    },
    {
      "attributes" : {
        "FID" : 36,
        "PMNTN_SPOT" : 12855,
        "MNTN_CODE" : "482500501",
        "MANAGE_SP1" : "99",
        "MANAGE_SP2" : "기타",
        "DETAIL_SPO" : "안골숯가마촌",
        "ETC_MATTER" : " ",
        "MNTN_NM" : "금동산",
        "PAST_SPOT_" : "4825005010037",
        "MNTN_ID" : "482500501"
      },
      "geometry" : {
        "x" : 373201.1421000585,
        "y" : 303941.49050000682
      }
    },
    {
      "attributes" : {
        "FID" : 37,
        "PMNTN_SPOT" : 12856,
        "MNTN_CODE" : "482500501",
        "MANAGE_SP1" : "99",
        "MANAGE_SP2" : "기타",
        "DETAIL_SPO" : "바리케이트",
        "ETC_MATTER" : " ",
        "MNTN_NM" : "금동산",
        "PAST_SPOT_" : "4825005010038",
        "MNTN_ID" : "482500501"
      },
      "geometry" : {
        "x" : 373489.39450006187,
        "y" : 303949.87400000729
      }
    },
    {
      "attributes" : {
        "FID" : 38,
        "PMNTN_SPOT" : 12857,
        "MNTN_CODE" : "482500501",
        "MANAGE_SP1" : "99",
        "MANAGE_SP2" : "기타",
        "DETAIL_SPO" : "석룡산",
        "ETC_MATTER" : " ",
        "MNTN_NM" : "금동산",
        "PAST_SPOT_" : "4825005010039",
        "MNTN_ID" : "482500501"
      },
      "geometry" : {
        "x" : 371906.83040005714,
        "y" : 304418.7833000049
      }
    },
    {
      "attributes" : {
        "FID" : 39,
        "PMNTN_SPOT" : 12858,
        "MNTN_CODE" : "482500501",
        "MANAGE_SP1" : "99",
        "MANAGE_SP2" : "기타",
        "DETAIL_SPO" : "바리케이트",
        "ETC_MATTER" : " ",
        "MNTN_NM" : "금동산",
        "PAST_SPOT_" : "4825005010040",
        "MNTN_ID" : "482500501"
      },
      "geometry" : {
        "x" : 372071.03080005758,
        "y" : 305716.76100000553
      }
    },
    {
      "attributes" : {
        "FID" : 40,
        "PMNTN_SPOT" : 12859,
        "MNTN_CODE" : "482500501",
        "MANAGE_SP1" : "15",
        "MANAGE_SP2" : "훼손지",
        "DETAIL_SPO" : "임도",
        "ETC_MATTER" : " ",
        "MNTN_NM" : "금동산",
        "PAST_SPOT_" : "4825005010041",
        "MNTN_ID" : "482500501"
      },
      "geometry" : {
        "x" : 373200.08210005704,
        "y" : 307801.99390000664
      }
    },
    {
      "attributes" : {
        "FID" : 41,
        "PMNTN_SPOT" : 12860,
        "MNTN_CODE" : "482500501",
        "MANAGE_SP1" : "99",
        "MANAGE_SP2" : "기타",
        "DETAIL_SPO" : "상동수양관",
        "ETC_MATTER" : " ",
        "MNTN_NM" : "금동산",
        "PAST_SPOT_" : "4825005010042",
        "MNTN_ID" : "482500501"
      },
      "geometry" : {
        "x" : 372844.98610005807,
        "y" : 308479.31599999964
      }
    }
  ]
}