{
  "displayFieldName" : "",
  "fieldAliases" : {
    "FID" : "FID",
    "PMNTN_SPOT" : "PMNTN_SPOT",
    "MNTN_CODE" : "MNTN_CODE",
    "MANAGE_SP1" : "MANAGE_SP1",
    "MANAGE_SP2" : "MANAGE_SP2",
    "DETAIL_SPO" : "DETAIL_SPO",
    "ETC_MATTER" : "ETC_MATTER",
    "MNTN_NM" : "MNTN_NM",
    "PAST_SPOT_" : "PAST_SPOT_",
    "MNTN_ID" : "MNTN_ID"
  },
  "geometryType" : "esriGeometryPoint",
  "spatialReference" : {
    "wkt" : "PROJCS[\"PCS_ITRF2000_TM\",GEOGCS[\"GCS_ITRF_2000\",DATUM[\"D_ITRF_2000\",SPHEROID[\"GRS_1980\",6378137.0,298.257222101]],PRIMEM[\"Greenwich\",0.0],UNIT[\"Degree\",0.0174532925199433]],PROJECTION[\"Transverse_Mercator\"],PARAMETER[\"False_Easting\",200000.0],PARAMETER[\"False_Northing\",600000.0],PARAMETER[\"Central_Meridian\",127.0],PARAMETER[\"Scale_Factor\",1.0],PARAMETER[\"Latitude_Of_Origin\",38.0],UNIT[\"Meter\",1.0]]"
  },
  "fields" : [
    {
      "name" : "FID",
      "type" : "esriFieldTypeOID",
      "alias" : "FID"
    },
    {
      "name" : "PMNTN_SPOT",
      "type" : "esriFieldTypeDouble",
      "alias" : "PMNTN_SPOT"
    },
    {
      "name" : "MNTN_CODE",
      "type" : "esriFieldTypeString",
      "alias" : "MNTN_CODE",
      "length" : 9
    },
    {
      "name" : "MANAGE_SP1",
      "type" : "esriFieldTypeString",
      "alias" : "MANAGE_SP1",
      "length" : 2
    },
    {
      "name" : "MANAGE_SP2",
      "type" : "esriFieldTypeString",
      "alias" : "MANAGE_SP2",
      "length" : 50
    },
    {
      "name" : "DETAIL_SPO",
      "type" : "esriFieldTypeString",
      "alias" : "DETAIL_SPO",
      "length" : 200
    },
    {
      "name" : "ETC_MATTER",
      "type" : "esriFieldTypeString",
      "alias" : "ETC_MATTER",
      "length" : 200
    },
    {
      "name" : "MNTN_NM",
      "type" : "esriFieldTypeString",
      "alias" : "MNTN_NM",
      "length" : 50
    },
    {
      "name" : "PAST_SPOT_",
      "type" : "esriFieldTypeString",
      "alias" : "PAST_SPOT_",
      "length" : 14
    },
    {
      "name" : "MNTN_ID",
      "type" : "esriFieldTypeString",
      "alias" : "MNTN_ID",
      "length" : 10
    }
  ],
  "features" : [
    {
      "attributes" : {
        "FID" : 0,
        "PMNTN_SPOT" : 36803,
        "MNTN_CODE" : "441301201",
        "MANAGE_SP1" : "99",
        "MANAGE_SP2" : "기타",
        "DETAIL_SPO" : "백운정",
        "ETC_MATTER" : " ",
        "MNTN_NM" : "백운산",
        "PAST_SPOT_" : "4413012010001",
        "MNTN_ID" : "441301201"
      },
      "geometry" : {
        "x" : 220714.96090000123,
        "y" : 462610.20900000446
      }
    },
    {
      "attributes" : {
        "FID" : 1,
        "PMNTN_SPOT" : 36804,
        "MNTN_CODE" : "441301201",
        "MANAGE_SP1" : "99",
        "MANAGE_SP2" : "기타",
        "DETAIL_SPO" : "백운사",
        "ETC_MATTER" : " ",
        "MNTN_NM" : "백운산",
        "PAST_SPOT_" : "4413012010002",
        "MNTN_ID" : "441301201"
      },
      "geometry" : {
        "x" : 221051.93530000094,
        "y" : 462035.33820000291
      }
    },
    {
      "attributes" : {
        "FID" : 2,
        "PMNTN_SPOT" : 36805,
        "MNTN_CODE" : "441301201",
        "MANAGE_SP1" : "23",
        "MANAGE_SP2" : "정상",
        "DETAIL_SPO" : "정상",
        "ETC_MATTER" : " ",
        "MNTN_NM" : "백운산",
        "PAST_SPOT_" : "4413012010003",
        "MNTN_ID" : "441301201"
      },
      "geometry" : {
        "x" : 221154.31650000066,
        "y" : 462054.0362999998
      }
    },
    {
      "attributes" : {
        "FID" : 3,
        "PMNTN_SPOT" : 36806,
        "MNTN_CODE" : "441301201",
        "MANAGE_SP1" : "14",
        "MANAGE_SP2" : "조망점",
        "DETAIL_SPO" : "조망점",
        "ETC_MATTER" : " ",
        "MNTN_NM" : "백운산",
        "PAST_SPOT_" : "4413012010004",
        "MNTN_ID" : "441301201"
      },
      "geometry" : {
        "x" : 221029.6643000003,
        "y" : 461796.6568
      }
    },
    {
      "attributes" : {
        "FID" : 4,
        "PMNTN_SPOT" : 36807,
        "MNTN_CODE" : "441301201",
        "MANAGE_SP1" : "01",
        "MANAGE_SP2" : "시종점",
        "DETAIL_SPO" : "시종점",
        "ETC_MATTER" : " ",
        "MNTN_NM" : "백운산",
        "PAST_SPOT_" : "4413012010005",
        "MNTN_ID" : "441301201"
      },
      "geometry" : {
        "x" : 220396.51940000057,
        "y" : 462843.52230000123
      }
    },
    {
      "attributes" : {
        "FID" : 5,
        "PMNTN_SPOT" : 36808,
        "MNTN_CODE" : "441301201",
        "MANAGE_SP1" : "01",
        "MANAGE_SP2" : "시종점",
        "DETAIL_SPO" : "시종점",
        "ETC_MATTER" : " ",
        "MNTN_NM" : "백운산",
        "PAST_SPOT_" : "4413012010006",
        "MNTN_ID" : "441301201"
      },
      "geometry" : {
        "x" : 220623.59280000068,
        "y" : 463085.51180000044
      }
    },
    {
      "attributes" : {
        "FID" : 6,
        "PMNTN_SPOT" : 36809,
        "MNTN_CODE" : "441301201",
        "MANAGE_SP1" : "02",
        "MANAGE_SP2" : "분기점",
        "DETAIL_SPO" : "분기점",
        "ETC_MATTER" : " ",
        "MNTN_NM" : "백운산",
        "PAST_SPOT_" : "4413012010007",
        "MNTN_ID" : "441301201"
      },
      "geometry" : {
        "x" : 220935.46400000062,
        "y" : 461986.42610000074
      }
    },
    {
      "attributes" : {
        "FID" : 7,
        "PMNTN_SPOT" : 36810,
        "MNTN_CODE" : "441301201",
        "MANAGE_SP1" : "02",
        "MANAGE_SP2" : "분기점",
        "DETAIL_SPO" : "분기점",
        "ETC_MATTER" : " ",
        "MNTN_NM" : "백운산",
        "PAST_SPOT_" : "4413012010008",
        "MNTN_ID" : "441301201"
      },
      "geometry" : {
        "x" : 221017.27240000013,
        "y" : 462019.37740000151
      }
    },
    {
      "attributes" : {
        "FID" : 8,
        "PMNTN_SPOT" : 36811,
        "MNTN_CODE" : "441301201",
        "MANAGE_SP1" : "02",
        "MANAGE_SP2" : "분기점",
        "DETAIL_SPO" : "분기점",
        "ETC_MATTER" : " ",
        "MNTN_NM" : "백운산",
        "PAST_SPOT_" : "4413012010009",
        "MNTN_ID" : "441301201"
      },
      "geometry" : {
        "x" : 221024.70950000081,
        "y" : 461933.58460000157
      }
    },
    {
      "attributes" : {
        "FID" : 9,
        "PMNTN_SPOT" : 36812,
        "MNTN_CODE" : "441301201",
        "MANAGE_SP1" : "02",
        "MANAGE_SP2" : "분기점",
        "DETAIL_SPO" : "분기점",
        "ETC_MATTER" : " ",
        "MNTN_NM" : "백운산",
        "PAST_SPOT_" : "4413012010010",
        "MNTN_ID" : "441301201"
      },
      "geometry" : {
        "x" : 221040.89529999997,
        "y" : 461898.57550000213
      }
    },
    {
      "attributes" : {
        "FID" : 10,
        "PMNTN_SPOT" : 36813,
        "MNTN_CODE" : "441301201",
        "MANAGE_SP1" : "01",
        "MANAGE_SP2" : "시종점",
        "DETAIL_SPO" : "시종점",
        "ETC_MATTER" : " ",
        "MNTN_NM" : "백운산",
        "PAST_SPOT_" : "4413012010011",
        "MNTN_ID" : "441301201"
      },
      "geometry" : {
        "x" : 221057.24270000122,
        "y" : 462037.04520000331
      }
    },
    {
      "attributes" : {
        "FID" : 11,
        "PMNTN_SPOT" : 36814,
        "MNTN_CODE" : "441301201",
        "MANAGE_SP1" : "01",
        "MANAGE_SP2" : "시종점",
        "DETAIL_SPO" : "시종점",
        "ETC_MATTER" : " ",
        "MNTN_NM" : "백운산",
        "PAST_SPOT_" : "4413012010012",
        "MNTN_ID" : "441301201"
      },
      "geometry" : {
        "x" : 221153.64660000149,
        "y" : 462055.52290000021
      }
    },
    {
      "attributes" : {
        "FID" : 12,
        "PMNTN_SPOT" : 36815,
        "MNTN_CODE" : "441301201",
        "MANAGE_SP1" : "01",
        "MANAGE_SP2" : "시종점",
        "DETAIL_SPO" : "시종점",
        "ETC_MATTER" : " ",
        "MNTN_NM" : "백운산",
        "PAST_SPOT_" : "4413012010013",
        "MNTN_ID" : "441301201"
      },
      "geometry" : {
        "x" : 221219.14260000084,
        "y" : 460879.92809999734
      }
    },
    {
      "attributes" : {
        "FID" : 13,
        "PMNTN_SPOT" : 36816,
        "MNTN_CODE" : "441301201",
        "MANAGE_SP1" : "01",
        "MANAGE_SP2" : "시종점",
        "DETAIL_SPO" : "시종점",
        "ETC_MATTER" : " ",
        "MNTN_NM" : "백운산",
        "PAST_SPOT_" : "4413012010014",
        "MNTN_ID" : "441301201"
      },
      "geometry" : {
        "x" : 221428.09090000112,
        "y" : 461462.01160000078
      }
    },
    {
      "attributes" : {
        "FID" : 14,
        "PMNTN_SPOT" : 96785,
        "MNTN_CODE" : "441301201",
        "MANAGE_SP1" : "23",
        "MANAGE_SP2" : "정상",
        "DETAIL_SPO" : "정상, 조망점",
        "ETC_MATTER" : " ",
        "MNTN_NM" : "백운산",
        "PAST_SPOT_" : "4413012010015",
        "MNTN_ID" : "441301201"
      },
      "geometry" : {
        "x" : 220934.36600000065,
        "y" : 461986.68050000095
      }
    },
    {
      "attributes" : {
        "FID" : 15,
        "PMNTN_SPOT" : 96786,
        "MNTN_CODE" : "441301201",
        "MANAGE_SP1" : "14",
        "MANAGE_SP2" : "조망점",
        "DETAIL_SPO" : "조망점",
        "ETC_MATTER" : " ",
        "MNTN_NM" : "백운산",
        "PAST_SPOT_" : "4413012010016",
        "MNTN_ID" : "441301201"
      },
      "geometry" : {
        "x" : 221217.50709999891,
        "y" : 460881.3844000008
      }
    }
  ]
}