{
  "displayFieldName" : "",
  "fieldAliases" : {
    "FID" : "FID",
    "PMNTN_SPOT" : "PMNTN_SPOT",
    "MNTN_CODE" : "MNTN_CODE",
    "MANAGE_SP1" : "MANAGE_SP1",
    "MANAGE_SP2" : "MANAGE_SP2",
    "DETAIL_SPO" : "DETAIL_SPO",
    "ETC_MATTER" : "ETC_MATTER",
    "MNTN_NM" : "MNTN_NM",
    "PAST_SPOT_" : "PAST_SPOT_",
    "MNTN_ID" : "MNTN_ID"
  },
  "geometryType" : "esriGeometryPoint",
  "spatialReference" : {
    "wkt" : "PROJCS[\"PCS_ITRF2000_TM\",GEOGCS[\"GCS_ITRF_2000\",DATUM[\"D_ITRF_2000\",SPHEROID[\"GRS_1980\",6378137.0,298.257222101]],PRIMEM[\"Greenwich\",0.0],UNIT[\"Degree\",0.0174532925199433]],PROJECTION[\"Transverse_Mercator\"],PARAMETER[\"False_Easting\",200000.0],PARAMETER[\"False_Northing\",600000.0],PARAMETER[\"Central_Meridian\",127.0],PARAMETER[\"Scale_Factor\",1.0],PARAMETER[\"Latitude_Of_Origin\",38.0],UNIT[\"Meter\",1.0]]"
  },
  "fields" : [
    {
      "name" : "FID",
      "type" : "esriFieldTypeOID",
      "alias" : "FID"
    },
    {
      "name" : "PMNTN_SPOT",
      "type" : "esriFieldTypeDouble",
      "alias" : "PMNTN_SPOT"
    },
    {
      "name" : "MNTN_CODE",
      "type" : "esriFieldTypeString",
      "alias" : "MNTN_CODE",
      "length" : 9
    },
    {
      "name" : "MANAGE_SP1",
      "type" : "esriFieldTypeString",
      "alias" : "MANAGE_SP1",
      "length" : 2
    },
    {
      "name" : "MANAGE_SP2",
      "type" : "esriFieldTypeString",
      "alias" : "MANAGE_SP2",
      "length" : 50
    },
    {
      "name" : "DETAIL_SPO",
      "type" : "esriFieldTypeString",
      "alias" : "DETAIL_SPO",
      "length" : 200
    },
    {
      "name" : "ETC_MATTER",
      "type" : "esriFieldTypeString",
      "alias" : "ETC_MATTER",
      "length" : 200
    },
    {
      "name" : "MNTN_NM",
      "type" : "esriFieldTypeString",
      "alias" : "MNTN_NM",
      "length" : 50
    },
    {
      "name" : "PAST_SPOT_",
      "type" : "esriFieldTypeString",
      "alias" : "PAST_SPOT_",
      "length" : 14
    },
    {
      "name" : "MNTN_ID",
      "type" : "esriFieldTypeString",
      "alias" : "MNTN_ID",
      "length" : 10
    }
  ],
  "features" : [
    {
      "attributes" : {
        "FID" : 0,
        "PMNTN_SPOT" : 67427,
        "MNTN_CODE" : "427704301",
        "MANAGE_SP1" : "02",
        "MANAGE_SP2" : "분기점",
        "DETAIL_SPO" : "분기점",
        "ETC_MATTER" : " ",
        "MNTN_NM" : "옥실골산",
        "PAST_SPOT_" : "4277062010001",
        "MNTN_ID" : "427706201"
      },
      "geometry" : {
        "x" : 361008.71600001398,
        "y" : 518999.46639999934
      }
    },
    {
      "attributes" : {
        "FID" : 1,
        "PMNTN_SPOT" : 67428,
        "MNTN_CODE" : "427704301",
        "MANAGE_SP1" : "02",
        "MANAGE_SP2" : "분기점",
        "DETAIL_SPO" : "분기점",
        "ETC_MATTER" : " ",
        "MNTN_NM" : "옥실골산",
        "PAST_SPOT_" : "4277062010002",
        "MNTN_ID" : "427706201"
      },
      "geometry" : {
        "x" : 361087.32870001439,
        "y" : 519297.00200000033
      }
    },
    {
      "attributes" : {
        "FID" : 2,
        "PMNTN_SPOT" : 67429,
        "MNTN_CODE" : "427704301",
        "MANAGE_SP1" : "02",
        "MANAGE_SP2" : "분기점",
        "DETAIL_SPO" : "분기점",
        "ETC_MATTER" : " ",
        "MNTN_NM" : "옥실골산",
        "PAST_SPOT_" : "4277062010003",
        "MNTN_ID" : "427706201"
      },
      "geometry" : {
        "x" : 361197.87840001285,
        "y" : 519270.7415000014
      }
    },
    {
      "attributes" : {
        "FID" : 3,
        "PMNTN_SPOT" : 67430,
        "MNTN_CODE" : "427704301",
        "MANAGE_SP1" : "01",
        "MANAGE_SP2" : "시종점",
        "DETAIL_SPO" : "시종점",
        "ETC_MATTER" : " ",
        "MNTN_NM" : "옥실골산",
        "PAST_SPOT_" : "4277062010004",
        "MNTN_ID" : "427706201"
      },
      "geometry" : {
        "x" : 361319.9636000162,
        "y" : 517995.08060000278
      }
    },
    {
      "attributes" : {
        "FID" : 4,
        "PMNTN_SPOT" : 67431,
        "MNTN_CODE" : "427704301",
        "MANAGE_SP1" : "01",
        "MANAGE_SP2" : "시종점",
        "DETAIL_SPO" : "시종점",
        "ETC_MATTER" : " ",
        "MNTN_NM" : "옥실골산",
        "PAST_SPOT_" : "4277062010005",
        "MNTN_ID" : "427706201"
      },
      "geometry" : {
        "x" : 361558.73610001709,
        "y" : 518753.76229999959
      }
    },
    {
      "attributes" : {
        "FID" : 5,
        "PMNTN_SPOT" : 67432,
        "MNTN_CODE" : "427704301",
        "MANAGE_SP1" : "01",
        "MANAGE_SP2" : "시종점",
        "DETAIL_SPO" : "시종점",
        "ETC_MATTER" : " ",
        "MNTN_NM" : "옥실골산",
        "PAST_SPOT_" : "4277062010006",
        "MNTN_ID" : "427706201"
      },
      "geometry" : {
        "x" : 361700.85710001364,
        "y" : 518896.37840000167
      }
    },
    {
      "attributes" : {
        "FID" : 6,
        "PMNTN_SPOT" : 67433,
        "MNTN_CODE" : "427704301",
        "MANAGE_SP1" : "01",
        "MANAGE_SP2" : "시종점",
        "DETAIL_SPO" : "시종점",
        "ETC_MATTER" : " ",
        "MNTN_NM" : "옥실골산",
        "PAST_SPOT_" : "4277062010007",
        "MNTN_ID" : "427706201"
      },
      "geometry" : {
        "x" : 361821.98860001564,
        "y" : 519469.42250000127
      }
    },
    {
      "attributes" : {
        "FID" : 7,
        "PMNTN_SPOT" : 67434,
        "MNTN_CODE" : "427704301",
        "MANAGE_SP1" : "01",
        "MANAGE_SP2" : "시종점",
        "DETAIL_SPO" : "시종점",
        "ETC_MATTER" : " ",
        "MNTN_NM" : "옥실골산",
        "PAST_SPOT_" : "4277062010008",
        "MNTN_ID" : "427706201"
      },
      "geometry" : {
        "x" : 361994.0448000133,
        "y" : 520055.23810000531
      }
    },
    {
      "attributes" : {
        "FID" : 8,
        "PMNTN_SPOT" : 67435,
        "MNTN_CODE" : "427704301",
        "MANAGE_SP1" : "15",
        "MANAGE_SP2" : "훼손지",
        "DETAIL_SPO" : "훼손",
        "ETC_MATTER" : " ",
        "MNTN_NM" : "옥실골산",
        "PAST_SPOT_" : "4277062010009",
        "MNTN_ID" : "427706201"
      },
      "geometry" : {
        "x" : 361044.26800002996,
        "y" : 518564.45580000617
      }
    },
    {
      "attributes" : {
        "FID" : 9,
        "PMNTN_SPOT" : 67436,
        "MNTN_CODE" : "427704301",
        "MANAGE_SP1" : "99",
        "MANAGE_SP2" : "기타",
        "DETAIL_SPO" : "경사지",
        "ETC_MATTER" : "로프필요(30)",
        "MNTN_NM" : "옥실골산",
        "PAST_SPOT_" : "4277062010010",
        "MNTN_ID" : "427706201"
      },
      "geometry" : {
        "x" : 360996.49660002347,
        "y" : 518612.16380000859
      }
    },
    {
      "attributes" : {
        "FID" : 10,
        "PMNTN_SPOT" : 67437,
        "MNTN_CODE" : "427704301",
        "MANAGE_SP1" : "99",
        "MANAGE_SP2" : "기타",
        "DETAIL_SPO" : "경사지",
        "ETC_MATTER" : "로프필요(20)",
        "MNTN_NM" : "옥실골산",
        "PAST_SPOT_" : "4277062010011",
        "MNTN_ID" : "427706201"
      },
      "geometry" : {
        "x" : 360873.65040002763,
        "y" : 518741.09100000933
      }
    },
    {
      "attributes" : {
        "FID" : 11,
        "PMNTN_SPOT" : 67438,
        "MNTN_CODE" : "427704301",
        "MANAGE_SP1" : "15",
        "MANAGE_SP2" : "훼손지",
        "DETAIL_SPO" : "훼손",
        "ETC_MATTER" : " ",
        "MNTN_NM" : "옥실골산",
        "PAST_SPOT_" : "4277062010012",
        "MNTN_ID" : "427706201"
      },
      "geometry" : {
        "x" : 360865.74200002663,
        "y" : 518746.19160000235
      }
    },
    {
      "attributes" : {
        "FID" : 12,
        "PMNTN_SPOT" : 67439,
        "MNTN_CODE" : "427704301",
        "MANAGE_SP1" : "15",
        "MANAGE_SP2" : "훼손지",
        "DETAIL_SPO" : "훼손",
        "ETC_MATTER" : " ",
        "MNTN_NM" : "옥실골산",
        "PAST_SPOT_" : "4277062010013",
        "MNTN_ID" : "427706201"
      },
      "geometry" : {
        "x" : 360938.86800003052,
        "y" : 518933.037200002
      }
    },
    {
      "attributes" : {
        "FID" : 13,
        "PMNTN_SPOT" : 67440,
        "MNTN_CODE" : "427704301",
        "MANAGE_SP1" : "99",
        "MANAGE_SP2" : "기타",
        "DETAIL_SPO" : "경사지",
        "ETC_MATTER" : "로프필요(20)",
        "MNTN_NM" : "옥실골산",
        "PAST_SPOT_" : "4277062010014",
        "MNTN_ID" : "427706201"
      },
      "geometry" : {
        "x" : 361006.97070003115,
        "y" : 518996.52370000258
      }
    },
    {
      "attributes" : {
        "FID" : 14,
        "PMNTN_SPOT" : 67441,
        "MNTN_CODE" : "427704301",
        "MANAGE_SP1" : "15",
        "MANAGE_SP2" : "훼손지",
        "DETAIL_SPO" : "훼손",
        "ETC_MATTER" : " ",
        "MNTN_NM" : "옥실골산",
        "PAST_SPOT_" : "4277062010015",
        "MNTN_ID" : "427706201"
      },
      "geometry" : {
        "x" : 361009.85300002992,
        "y" : 518997.56720000133
      }
    },
    {
      "attributes" : {
        "FID" : 15,
        "PMNTN_SPOT" : 67442,
        "MNTN_CODE" : "427704301",
        "MANAGE_SP1" : "15",
        "MANAGE_SP2" : "훼손지",
        "DETAIL_SPO" : "훼손",
        "ETC_MATTER" : " ",
        "MNTN_NM" : "옥실골산",
        "PAST_SPOT_" : "4277062010016",
        "MNTN_ID" : "427706201"
      },
      "geometry" : {
        "x" : 361602.20120003074,
        "y" : 519023.28830000199
      }
    },
    {
      "attributes" : {
        "FID" : 16,
        "PMNTN_SPOT" : 67443,
        "MNTN_CODE" : "427704301",
        "MANAGE_SP1" : "99",
        "MANAGE_SP2" : "기타",
        "DETAIL_SPO" : "경사지",
        "ETC_MATTER" : "로프필요(30)",
        "MNTN_NM" : "옥실골산",
        "PAST_SPOT_" : "4277062010017",
        "MNTN_ID" : "427706201"
      },
      "geometry" : {
        "x" : 361212.56700002588,
        "y" : 519040.45190000162
      }
    },
    {
      "attributes" : {
        "FID" : 17,
        "PMNTN_SPOT" : 67444,
        "MNTN_CODE" : "427704301",
        "MANAGE_SP1" : "15",
        "MANAGE_SP2" : "훼손지",
        "DETAIL_SPO" : "훼손",
        "ETC_MATTER" : "배수로필요",
        "MNTN_NM" : "옥실골산",
        "PAST_SPOT_" : "4277062010018",
        "MNTN_ID" : "427706201"
      },
      "geometry" : {
        "x" : 361300.24190002773,
        "y" : 519053.32780000195
      }
    },
    {
      "attributes" : {
        "FID" : 18,
        "PMNTN_SPOT" : 67445,
        "MNTN_CODE" : "427704301",
        "MANAGE_SP1" : "15",
        "MANAGE_SP2" : "훼손지",
        "DETAIL_SPO" : "훼손",
        "ETC_MATTER" : "배수로필요",
        "MNTN_NM" : "옥실골산",
        "PAST_SPOT_" : "4277062010019",
        "MNTN_ID" : "427706201"
      },
      "geometry" : {
        "x" : 361299.87380002998,
        "y" : 519055.39710000157
      }
    },
    {
      "attributes" : {
        "FID" : 19,
        "PMNTN_SPOT" : 67446,
        "MNTN_CODE" : "427704301",
        "MANAGE_SP1" : "99",
        "MANAGE_SP2" : "기타",
        "DETAIL_SPO" : "경사지",
        "ETC_MATTER" : "로프필요(20)",
        "MNTN_NM" : "옥실골산",
        "PAST_SPOT_" : "4277062010020",
        "MNTN_ID" : "427706201"
      },
      "geometry" : {
        "x" : 361584.15640002955,
        "y" : 519095.29400000349
      }
    },
    {
      "attributes" : {
        "FID" : 20,
        "PMNTN_SPOT" : 67447,
        "MNTN_CODE" : "427704301",
        "MANAGE_SP1" : "14",
        "MANAGE_SP2" : "조망점",
        "DETAIL_SPO" : "조망점",
        "ETC_MATTER" : "전망대필요",
        "MNTN_NM" : "옥실골산",
        "PAST_SPOT_" : "4277062010021",
        "MNTN_ID" : "427706201"
      },
      "geometry" : {
        "x" : 361199.07350002695,
        "y" : 519271.36400000192
      }
    },
    {
      "attributes" : {
        "FID" : 21,
        "PMNTN_SPOT" : 67448,
        "MNTN_CODE" : "427704301",
        "MANAGE_SP1" : "99",
        "MANAGE_SP2" : "기타",
        "DETAIL_SPO" : "경사지",
        "ETC_MATTER" : "로프필요(30)",
        "MNTN_NM" : "옥실골산",
        "PAST_SPOT_" : "4277062010022",
        "MNTN_ID" : "427706201"
      },
      "geometry" : {
        "x" : 361172.14800002705,
        "y" : 519276.32149999961
      }
    },
    {
      "attributes" : {
        "FID" : 22,
        "PMNTN_SPOT" : 67449,
        "MNTN_CODE" : "427704301",
        "MANAGE_SP1" : "99",
        "MANAGE_SP2" : "기타",
        "DETAIL_SPO" : "경사지",
        "ETC_MATTER" : "로프필요(30)",
        "MNTN_NM" : "옥실골산",
        "PAST_SPOT_" : "4277062010023",
        "MNTN_ID" : "427706201"
      },
      "geometry" : {
        "x" : 361137.36560002808,
        "y" : 519288.80110000074
      }
    },
    {
      "attributes" : {
        "FID" : 23,
        "PMNTN_SPOT" : 67450,
        "MNTN_CODE" : "427704301",
        "MANAGE_SP1" : "99",
        "MANAGE_SP2" : "기타",
        "DETAIL_SPO" : "쉼터",
        "ETC_MATTER" : "벤치필요",
        "MNTN_NM" : "옥실골산",
        "PAST_SPOT_" : "4277062010024",
        "MNTN_ID" : "427706201"
      },
      "geometry" : {
        "x" : 361056.37260002922,
        "y" : 519383.49579999968
      }
    },
    {
      "attributes" : {
        "FID" : 24,
        "PMNTN_SPOT" : 67451,
        "MNTN_CODE" : "427704301",
        "MANAGE_SP1" : "15",
        "MANAGE_SP2" : "훼손지",
        "DETAIL_SPO" : "훼손",
        "ETC_MATTER" : " ",
        "MNTN_NM" : "옥실골산",
        "PAST_SPOT_" : "4277062010025",
        "MNTN_ID" : "427706201"
      },
      "geometry" : {
        "x" : 361208.55480002798,
        "y" : 519424.75689999945
      }
    },
    {
      "attributes" : {
        "FID" : 25,
        "PMNTN_SPOT" : 67452,
        "MNTN_CODE" : "427704301",
        "MANAGE_SP1" : "15",
        "MANAGE_SP2" : "훼손지",
        "DETAIL_SPO" : "훼손",
        "ETC_MATTER" : " ",
        "MNTN_NM" : "옥실골산",
        "PAST_SPOT_" : "4277062010026",
        "MNTN_ID" : "427706201"
      },
      "geometry" : {
        "x" : 361048.28540002834,
        "y" : 519457.64760000259
      }
    },
    {
      "attributes" : {
        "FID" : 26,
        "PMNTN_SPOT" : 67453,
        "MNTN_CODE" : "427704301",
        "MANAGE_SP1" : "15",
        "MANAGE_SP2" : "훼손지",
        "DETAIL_SPO" : "훼손",
        "ETC_MATTER" : "배수로필요",
        "MNTN_NM" : "옥실골산",
        "PAST_SPOT_" : "4277062010027",
        "MNTN_ID" : "427706201"
      },
      "geometry" : {
        "x" : 361337.59350002743,
        "y" : 519481.04400000721
      }
    },
    {
      "attributes" : {
        "FID" : 27,
        "PMNTN_SPOT" : 67454,
        "MNTN_CODE" : "427704301",
        "MANAGE_SP1" : "23",
        "MANAGE_SP2" : "정상",
        "DETAIL_SPO" : "정상부",
        "ETC_MATTER" : " ",
        "MNTN_NM" : "옥실골산",
        "PAST_SPOT_" : "4277062010028",
        "MNTN_ID" : "427706201"
      },
      "geometry" : {
        "x" : 360975.50590002723,
        "y" : 519588.84329999983
      }
    },
    {
      "attributes" : {
        "FID" : 28,
        "PMNTN_SPOT" : 67455,
        "MNTN_CODE" : "427704301",
        "MANAGE_SP1" : "15",
        "MANAGE_SP2" : "훼손지",
        "DETAIL_SPO" : "훼손",
        "ETC_MATTER" : "배수로필요",
        "MNTN_NM" : "옥실골산",
        "PAST_SPOT_" : "4277062010029",
        "MNTN_ID" : "427706201"
      },
      "geometry" : {
        "x" : 361528.76680002641,
        "y" : 519740.28550000302
      }
    },
    {
      "attributes" : {
        "FID" : 29,
        "PMNTN_SPOT" : 67456,
        "MNTN_CODE" : "427704301",
        "MANAGE_SP1" : "15",
        "MANAGE_SP2" : "훼손지",
        "DETAIL_SPO" : "훼손",
        "ETC_MATTER" : " ",
        "MNTN_NM" : "옥실골산",
        "PAST_SPOT_" : "4277062010030",
        "MNTN_ID" : "427706201"
      },
      "geometry" : {
        "x" : 361380.40940002818,
        "y" : 519937.70270000212
      }
    },
    {
      "attributes" : {
        "FID" : 30,
        "PMNTN_SPOT" : 67457,
        "MNTN_CODE" : "427704301",
        "MANAGE_SP1" : "99",
        "MANAGE_SP2" : "기타",
        "DETAIL_SPO" : "경사지",
        "ETC_MATTER" : "로프필요(30)",
        "MNTN_NM" : "옥실골산",
        "PAST_SPOT_" : "4277062010031",
        "MNTN_ID" : "427706201"
      },
      "geometry" : {
        "x" : 361365.43750002794,
        "y" : 519941.4123999998
      }
    },
    {
      "attributes" : {
        "FID" : 31,
        "PMNTN_SPOT" : 67458,
        "MNTN_CODE" : "427704301",
        "MANAGE_SP1" : "15",
        "MANAGE_SP2" : "훼손지",
        "DETAIL_SPO" : "훼손",
        "ETC_MATTER" : " ",
        "MNTN_NM" : "옥실골산",
        "PAST_SPOT_" : "4277062010032",
        "MNTN_ID" : "427706201"
      },
      "geometry" : {
        "x" : 361038.566300028,
        "y" : 519956.6125000082
      }
    },
    {
      "attributes" : {
        "FID" : 32,
        "PMNTN_SPOT" : 67459,
        "MNTN_CODE" : "427704301",
        "MANAGE_SP1" : "99",
        "MANAGE_SP2" : "기타",
        "DETAIL_SPO" : "경사지",
        "ETC_MATTER" : "로프필요(20)",
        "MNTN_NM" : "옥실골산",
        "PAST_SPOT_" : "4277062010033",
        "MNTN_ID" : "427706201"
      },
      "geometry" : {
        "x" : 360910.97580002621,
        "y" : 519958.44160000235
      }
    },
    {
      "attributes" : {
        "FID" : 33,
        "PMNTN_SPOT" : 67460,
        "MNTN_CODE" : "427704301",
        "MANAGE_SP1" : "15",
        "MANAGE_SP2" : "훼손지",
        "DETAIL_SPO" : "훼손",
        "ETC_MATTER" : " ",
        "MNTN_NM" : "옥실골산",
        "PAST_SPOT_" : "4277062010034",
        "MNTN_ID" : "427706201"
      },
      "geometry" : {
        "x" : 361009.42780002858,
        "y" : 519968.80100000091
      }
    },
    {
      "attributes" : {
        "FID" : 34,
        "PMNTN_SPOT" : 67461,
        "MNTN_CODE" : "427704301",
        "MANAGE_SP1" : "99",
        "MANAGE_SP2" : "기타",
        "DETAIL_SPO" : "쉼터",
        "ETC_MATTER" : "벤치필요",
        "MNTN_NM" : "옥실골산",
        "PAST_SPOT_" : "4277062010035",
        "MNTN_ID" : "427706201"
      },
      "geometry" : {
        "x" : 360901.04860002734,
        "y" : 519970.29910000041
      }
    }
  ]
}