{
  "displayFieldName" : "",
  "fieldAliases" : {
    "FID" : "FID",
    "PMNTN_SN" : "PMNTN_SN",
    "MNTN_CODE" : "MNTN_CODE",
    "MNTN_NM" : "MNTN_NM",
    "PMNTN_NM" : "PMNTN_NM",
    "PMNTN_MAIN" : "PMNTN_MAIN",
    "PMNTN_LT" : "PMNTN_LT",
    "PMNTN_DFFL" : "PMNTN_DFFL",
    "PMNTN_UPPL" : "PMNTN_UPPL",
    "PMNTN_GODN" : "PMNTN_GODN",
    "PMNTN_MTRQ" : "PMNTN_MTRQ",
    "PMNTN_CNRL" : "PMNTN_CNRL",
    "PMNTN_CLS_" : "PMNTN_CLS_",
    "PMNTN_RISK" : "PMNTN_RISK",
    "PMNTN_RECO" : "PMNTN_RECO",
    "DATA_STDR_" : "DATA_STDR_",
    "MNTN_ID" : "MNTN_ID"
  },
  "geometryType" : "esriGeometryPolyline",
  "spatialReference" : {
    "wkt" : "PROJCS[\"PCS_ITRF2000_TM\",GEOGCS[\"GCS_ITRF_2000\",DATUM[\"D_ITRF_2000\",SPHEROID[\"GRS_1980\",6378137.0,298.257222101]],PRIMEM[\"Greenwich\",0.0],UNIT[\"Degree\",0.0174532925199433]],PROJECTION[\"Transverse_Mercator\"],PARAMETER[\"False_Easting\",200000.0],PARAMETER[\"False_Northing\",600000.0],PARAMETER[\"Central_Meridian\",127.0],PARAMETER[\"Scale_Factor\",1.0],PARAMETER[\"Latitude_Of_Origin\",38.0],UNIT[\"Meter\",1.0]]"
  },
  "fields" : [
    {
      "name" : "FID",
      "type" : "esriFieldTypeOID",
      "alias" : "FID"
    },
    {
      "name" : "PMNTN_SN",
      "type" : "esriFieldTypeDouble",
      "alias" : "PMNTN_SN"
    },
    {
      "name" : "MNTN_CODE",
      "type" : "esriFieldTypeString",
      "alias" : "MNTN_CODE",
      "length" : 9
    },
    {
      "name" : "MNTN_NM",
      "type" : "esriFieldTypeString",
      "alias" : "MNTN_NM",
      "length" : 50
    },
    {
      "name" : "PMNTN_NM",
      "type" : "esriFieldTypeString",
      "alias" : "PMNTN_NM",
      "length" : 50
    },
    {
      "name" : "PMNTN_MAIN",
      "type" : "esriFieldTypeString",
      "alias" : "PMNTN_MAIN",
      "length" : 200
    },
    {
      "name" : "PMNTN_LT",
      "type" : "esriFieldTypeSingle",
      "alias" : "PMNTN_LT"
    },
    {
      "name" : "PMNTN_DFFL",
      "type" : "esriFieldTypeString",
      "alias" : "PMNTN_DFFL",
      "length" : 8
    },
    {
      "name" : "PMNTN_UPPL",
      "type" : "esriFieldTypeDouble",
      "alias" : "PMNTN_UPPL"
    },
    {
      "name" : "PMNTN_GODN",
      "type" : "esriFieldTypeDouble",
      "alias" : "PMNTN_GODN"
    },
    {
      "name" : "PMNTN_MTRQ",
      "type" : "esriFieldTypeString",
      "alias" : "PMNTN_MTRQ",
      "length" : 200
    },
    {
      "name" : "PMNTN_CNRL",
      "type" : "esriFieldTypeString",
      "alias" : "PMNTN_CNRL",
      "length" : 1
    },
    {
      "name" : "PMNTN_CLS_",
      "type" : "esriFieldTypeString",
      "alias" : "PMNTN_CLS_",
      "length" : 1
    },
    {
      "name" : "PMNTN_RISK",
      "type" : "esriFieldTypeString",
      "alias" : "PMNTN_RISK",
      "length" : 200
    },
    {
      "name" : "PMNTN_RECO",
      "type" : "esriFieldTypeString",
      "alias" : "PMNTN_RECO",
      "length" : 1
    },
    {
      "name" : "DATA_STDR_",
      "type" : "esriFieldTypeString",
      "alias" : "DATA_STDR_",
      "length" : 10
    },
    {
      "name" : "MNTN_ID",
      "type" : "esriFieldTypeString",
      "alias" : "MNTN_ID",
      "length" : 10
    }
  ],
  "features" : [
    {
      "attributes" : {
        "FID" : 0,
        "PMNTN_SN" : 7960,
        "MNTN_CODE" : "477502804",
        "MNTN_NM" : "금이광이",
        "PMNTN_NM" : " ",
        "PMNTN_MAIN" : " ",
        "PMNTN_LT" : 6.57,
        "PMNTN_DFFL" : "쉬움",
        "PMNTN_UPPL" : 246,
        "PMNTN_GODN" : 172,
        "PMNTN_MTRQ" : " ",
        "PMNTN_CNRL" : " ",
        "PMNTN_CLS_" : " ",
        "PMNTN_RISK" : " ",
        "PMNTN_RECO" : " ",
        "DATA_STDR_" : "2016-12-31",
        "MNTN_ID" : "477500601"
      },
      "geometry" : {
        "paths" : [
          [
            [
              392219.5504999999,
              429046.15130000189
            ],
            [
              392245.8741000006,
              429049.54100000113
            ],
            [
              392283.22609999962,
              429041.05190000311
            ],
            [
              392338.39769999962,
              429012.1950000003
            ],
            [
              392367.26350000128,
              428995.2228000015
            ],
            [
              392394.37529999949,
              428983.78009999916
            ],
            [
              392429.80620000046,
              428981.91090000048
            ],
            [
              392455.13360000122,
              428976.61649999768
            ],
            [
              392481.53290000185,
              428970.33150000125
            ],
            [
              392499.69310000073,
              428962.12280000187
            ],
            [
              392532.10460000113,
              428947.40600000136
            ],
            [
              392578.066300001,
              428925.88289999962
            ],
            [
              392643.4338000007,
              428880.60979999974
            ],
            [
              392663.03580000065,
              428863.10920000263
            ],
            [
              392681.66570000071,
              428853.71539999917
            ],
            [
              392689.5708999997,
              428850.29199999943
            ],
            [
              392696.42659999989,
              428846.01490000077
            ],
            [
              392702.30540000089,
              428838.98939999752
            ],
            [
              392711.43230000045,
              428832.26259999722
            ],
            [
              392718.50949999969,
              428827.72860000096
            ],
            [
              392728.1632000003,
              428826.04270000011
            ],
            [
              392738.25860000122,
              428826.0120000001
            ],
            [
              392751.06620000117,
              428826.21700000018
            ],
            [
              392757.73690000083,
              428829.37109999917
            ],
            [
              392766.0605999995,
              428828.39530000277
            ],
            [
              392781.77620000113,
              428822.53069999814
            ],
            [
              392793.38920000009,
              428815.93730000034
            ],
            [
              392802.76379999891,
              428811.28770000115
            ],
            [
              392810.6146000009,
              428803.43790000118
            ],
            [
              392813.67920000013,
              428796.52860000171
            ],
            [
              392816.84580000024,
              428790.80560000241
            ],
            [
              392821.90600000136,
              428783.49110000208
            ],
            [
              392837.55570000224,
              428771.10510000028
            ],
            [
              392849.14700000174,
              428768.24460000172
            ],
            [
              392859.86050000135,
              428765.04540000111
            ],
            [
              392875.69159999955,
              428758.64680000022
            ],
            [
              392888.76370000001,
              428757.22819999978
            ],
            [
              392895.88949999958,
              428755.97830000147
            ],
            [
              392899.73830000125,
              428752.73760000244
            ],
            [
              392903.77000000048,
              428745.41830000095
            ],
            [
              392907.15990000218,
              428736.58950000443
            ],
            [
              392909.70249999966,
              428725.82599999942
            ],
            [
              392911.66789999977,
              428716.94160000049
            ],
            [
              392922.38439999986,
              428707.3252000045
            ],
            [
              392925.3693000013,
              428701.14690000005
            ],
            [
              392926.26130000129,
              428688.61150000244
            ],
            [
              392936.02900000103,
              428669.2360999994
            ],
            [
              392958.68930000067,
              428638.1015000008
            ],
            [
              392978.44359999988,
              428616.36060000397
            ],
            [
              392987.43330000062,
              428608.56120000221
            ],
            [
              392999.46310000028,
              428600.74499999732
            ],
            [
              393021.29709999915,
              428601.18970000185
            ],
            [
              393039.59580000117,
              428597.92779999971
            ],
            [
              393055.4943000013,
              428597.74579999968
            ],
            [
              393067.75079999864,
              428594.45370000042
            ],
            [
              393082.04120000079,
              428579.25180000253
            ],
            [
              393091.79320000019,
              428565.58430000208
            ],
            [
              393111.76640000008,
              428543.88309999928
            ],
            [
              393134.99150000047,
              428518.94230000116
            ],
            [
              393144.55500000063,
              428494.16110000014
            ],
            [
              393166.94090000167,
              428459.8367999997
            ],
            [
              393178.81670000032,
              428414.56359999999
            ],
            [
              393182.21240000147,
              428395.88770000264
            ],
            [
              393190.7014999995,
              428378.909500001
            ],
            [
              393199.18460000213,
              428366.45979999937
            ],
            [
              393207.38830000069,
              428353.44229999743
            ],
            [
              393214.17360000033,
              428343.25239999965
            ],
            [
              393221.8123000022,
              428329.95529999956
            ],
            [
              393228.88600000087,
              428318.35010000132
            ],
            [
              393234.82689999975,
              428305.90049999952
            ],
            [
              393240.20880000014,
              428294.0158000011
            ],
            [
              393249.27170000132,
              428271.66460000351
            ],
            [
              393253.52070000116,
              428261.7602000013
            ],
            [
              393262.00970000122,
              428243.08420000412
            ],
            [
              393267.10319999978,
              428229.50170000084
            ],
            [
              393272.47320000082,
              428214.50669999979
            ],
            [
              393279.26150000002,
              428202.05409999937
            ],
            [
              393286.33520000055,
              428191.5818000026
            ],
            [
              393291.99660000019,
              428177.1519000046
            ],
            [
              393295.96609999985,
              428161.58900000155
            ],
            [
              393304.4550999999,
              428151.40210000239
            ],
            [
              393309.54860000126,
              428137.81959999911
            ],
            [
              393309.54860000126,
              428125.93490000069
            ],
            [
              393309.54860000126,
              428114.05020000227
            ],
            [
              393304.4550999999,
              428098.76979999989
            ],
            [
              393295.96609999985,
              428086.88510000147
            ],
            [
              393289.17480000108,
              428076.69820000231
            ],
            [
              393287.47700000182,
              428063.11570000276
            ],
            [
              393287.47700000182,
              428051.23100000061
            ],
            [
              393294.26830000058,
              428041.04410000145
            ],
            [
              393304.4550999999,
              428030.8572000023
            ],
            [
              393304.4550999999,
              428018.97240000032
            ],
            [
              393302.75729999971,
              428007.0877000019
            ],
            [
              393297.66390000004,
              427995.20299999975
            ],
            [
              393292.57039999962,
              427983.31830000132
            ],
            [
              393292.57039999962,
              427971.43360000104
            ],
            [
              393289.17480000108,
              427952.75760000013
            ],
            [
              393287.47700000182,
              427940.8729000017
            ],
            [
              393295.96609999985,
              427917.10349999927
            ],
            [
              393302.75729999971,
              427906.91660000011
            ],
            [
              393312.94420000073,
              427898.42750000209
            ],
            [
              393323.13109999988,
              427888.2405999992
            ],
            [
              393338.41150000133,
              427867.86680000089
            ],
            [
              393345.20270000119,
              427852.58640000038
            ],
            [
              393350.29620000068,
              427839.00390000083
            ],
            [
              393353.69180000015,
              427827.1192000024
            ],
            [
              393360.4831000017,
              427811.83889999986
            ],
            [
              393368.97219999973,
              427798.25630000234
            ],
            [
              393380.85690000094,
              427784.67380000278
            ],
            [
              393389.3459999999,
              427765.99780000187
            ],
            [
              393394.43939999957,
              427752.41530000232
            ],
            [
              393402.92850000039,
              427740.53060000017
            ],
            [
              393411.41760000121,
              427728.64589999989
            ],
            [
              393425.00009999983,
              427716.76109999977
            ],
            [
              393435.18700000085,
              427706.57420000061
            ],
            [
              393443.67609999981,
              427696.38730000146
            ],
            [
              393452.16520000063,
              427684.50259999745
            ],
            [
              393462.35209999979,
              427676.01349999942
            ],
            [
              393475.93460000027,
              427669.22230000049
            ],
            [
              393487.81930000149,
              427662.43100000173
            ],
            [
              393498.00619999971,
              427653.94190000184
            ],
            [
              393509.89090000093,
              427642.05719999969
            ],
            [
              393514.98440000135,
              427628.47470000014
            ],
            [
              393518.37999999989,
              427606.40310000256
            ],
            [
              393525.17130000051,
              427591.12270000204
            ],
            [
              393535.35819999874,
              427584.33150000125
            ],
            [
              393562.52320000064,
              427565.65549999848
            ],
            [
              393576.10580000095,
              427560.56200000085
            ],
            [
              393589.68829999957,
              427558.86419999972
            ],
            [
              393603.27080000006,
              427552.07300000079
            ],
            [
              393615.15550000127,
              427546.9795000013
            ],
            [
              393616.85330000147,
              427535.09479999915
            ],
            [
              393616.85330000147,
              427499.44070000201
            ],
            [
              393616.85330000147,
              427487.55590000004
            ],
            [
              393620.24899999984,
              427475.67120000161
            ],
            [
              393621.94680000003,
              427463.78649999946
            ],
            [
              393621.94680000003,
              427451.90180000104
            ],
            [
              393627.0401999997,
              427438.31930000149
            ],
            [
              393632.13370000105,
              427426.43459999934
            ],
            [
              393640.62279999908,
              427411.15420000069
            ],
            [
              393649.11190000083,
              427400.96730000153
            ],
            [
              393659.29880000092,
              427394.17600000277
            ],
            [
              393672.88130000047,
              427390.78040000424
            ],
            [
              393684.76600000076,
              427389.08259999938
            ],
            [
              393688.16160000116,
              427377.19790000096
            ],
            [
              393683.06820000056,
              427361.91750000231
            ],
            [
              393684.76600000076,
              427350.03280000016
            ],
            [
              393696.65069999918,
              427339.845900001
            ],
            [
              393708.5354000004,
              427331.35680000298
            ],
            [
              393706.8376000002,
              427319.47210000455
            ],
            [
              393700.04629999958,
              427302.49400000088
            ],
            [
              393693.25509999972,
              427283.81799999811
            ],
            [
              393683.06820000056,
              427271.93329999968
            ],
            [
              393676.27689999994,
              427261.74640000239
            ],
            [
              393667.78780000098,
              427251.55950000323
            ],
            [
              393660.99660000112,
              427241.37260000035
            ],
            [
              393655.90310000069,
              427227.79000000283
            ],
            [
              393650.8097000001,
              427215.90530000441
            ],
            [
              393645.71619999968,
              427204.0206000004
            ],
            [
              393635.52930000052,
              427193.83370000124
            ],
            [
              393625.34240000229,
              427187.04250000231
            ],
            [
              393618.55119999964,
              427175.15770000033
            ],
            [
              393610.06210000161,
              427163.27300000191
            ],
            [
              393603.27080000006,
              427146.29490000196
            ],
            [
              393601.57299999986,
              427132.71230000071
            ],
            [
              393596.4796000002,
              427119.12980000116
            ],
            [
              393582.89700000081,
              427102.15159999952
            ],
            [
              393571.01229999959,
              427095.36040000059
            ],
            [
              393562.52320000064,
              427086.8713000007
            ],
            [
              393560.82540000137,
              427074.98660000227
            ],
            [
              393554.03409999982,
              427034.2389999982
            ],
            [
              393533.66030000057,
              426985.00230000168
            ],
            [
              393547.24289999995,
              426935.76559999771
            ],
            [
              393560.82540000137,
              426910.2984000016
            ],
            [
              393598.17740000039,
              426886.52899999917
            ],
            [
              393633.83150000032,
              426849.17700000107
            ],
            [
              393681.37040000129,
              426796.5447000023
            ],
            [
              393732.3049000008,
              426754.09930000268
            ],
            [
              393762.865600002,
              426723.53860000335
            ],
            [
              393769.65680000186,
              426692.97790000215
            ],
            [
              393807.00880000088,
              426672.60410000011
            ],
            [
              393839.26730000135,
              426630.15870000049
            ],
            [
              393866.46000000183,
              426556.13409999944
            ],
            [
              393869.82799999975,
              426546.96570000239
            ],
            [
              393864.73450000118,
              426492.63560000062
            ],
            [
              393886.80610000063,
              426541.87230000272
            ],
            [
              393891.89960000198,
              426608.64900000393
            ],
            [
              393891.89960000198,
              426647.13690000214
            ],
            [
              393895.29519999959,
              426682.79099999927
            ],
            [
              393888.50399999972,
              426732.02770000137
            ],
            [
              393912.87060000096,
              426714.62289999984
            ],
            [
              393924.15809999965,
              426706.56039999984
            ],
            [
              393952.8413000023,
              426710.14580000006
            ],
            [
              393964.90570000093,
              426711.65389999934
            ],
            [
              394031.12050000019,
              426711.65389999934
            ],
            [
              394088.84630000126,
              426709.95610000007
            ],
            [
              394126.19820000138,
              426721.84080000222
            ],
            [
              394153.36330000032,
              426755.79710000381
            ],
            [
              394180.75980000012,
              426786.92940000258
            ],
            [
              394190.7153000012,
              426798.24250000156
            ],
            [
              394213.70300000068,
              426810.13279999979
            ],
            [
              394239.95190000068,
              426823.70979999751
            ],
            [
              394252.07450000104,
              426826.81810000166
            ],
            [
              394306.1668000007,
              426840.68790000118
            ],
            [
              394358.33510000072,
              426853.37749999948
            ],
            [
              394368.98599999957,
              426855.96829999983
            ],
            [
              394410.64930000063,
              426863.68380000442
            ],
            [
              394414.82700000051,
              426864.45740000159
            ],
            [
              394433.50300000049,
              426893.32019999996
            ],
            [
              394452.17900000047,
              426947.65039999969
            ],
            [
              394462.36590000149,
              427008.77170000225
            ],
            [
              394479.34399999958,
              427046.12370000221
            ],
            [
              394491.38040000014,
              427053.41850000061
            ],
            [
              394535.37200000137,
              427080.08000000194
            ],
            [
              394571.0261000013,
              427093.66259999946
            ],
            [
              394574.41629999969,
              427095.99340000376
            ],
            [
              394598.19120000023,
              427112.3385000024
            ],
            [
              394621.96059999894,
              427153.08610000275
            ],
            [
              394652.52130000014,
              427220.99880000204
            ],
            [
              394686.46050000191,
              427234.3320000004
            ],
            [
              394700.06020000018,
              427239.67479999922
            ],
            [
              394762.87940000091,
              427253.2573000025
            ],
            [
              394817.20950000174,
              427270.23540000059
            ],
            [
              394821.71500000078,
              427271.25280000269
            ],
            [
              394839.44929999951,
              427275.2573000025
            ],
            [
              394869.84179999959,
              427282.12020000257
            ],
            [
              394881.17830000073,
              427285.30859999917
            ],
            [
              394924.17190000135,
              427297.40050000139
            ],
            [
              394951.33700000029,
              427326.26340000331
            ],
            [
              394969.5831000004,
              427329.64230000414
            ],
            [
              394997.17800000124,
              427334.75250000134
            ],
            [
              395031.62069999985,
              427346.23340000212
            ],
            [
              395048.11249999981,
              427351.73059999943
            ],
            [
              395092.25570000056,
              427382.29130000062
            ],
            [
              395141.01530000009,
              427420.38470000215
            ],
            [
              395146.5858000014,
              427424.73670000024
            ],
            [
              395154.15649999958,
              427428.17789999768
            ],
            [
              395182.48610000126,
              427441.05500000156
            ],
            [
              395202.61379999947,
              427450.20399999991
            ],
            [
              395207.70620000083,
              427451.90149999969
            ],
            [
              395238.26790000033,
              427462.08870000392
            ],
            [
              395255.24610000011,
              427509.6275000032
            ],
            [
              395262.03740000073,
              427562.25989999995
            ],
            [
              395284.1090000011,
              427594.51840000041
            ],
            [
              395335.04350000061,
              427613.19429999776
            ],
            [
              395397.86270000227,
              427638.66159999929
            ],
            [
              395431.81900000013,
              427664.128800001
            ],
            [
              395489.54470000044,
              427677.71140000224
            ],
            [
              395552.36390000116,
              427711.66770000383
            ],
            [
              395588.01810000092,
              427716.76109999977
            ],
            [
              395640.65040000062,
              427715.06330000423
            ],
            [
              395689.6269000005,
              427703.53940000199
            ],
            [
              395698.37610000093,
              427701.48080000095
            ],
            [
              395720.44780000113,
              427691.29390000179
            ],
            [
              395730.11070000101,
              427693.61300000362
            ],
            [
              395762.89320000075,
              427701.48080000095
            ],
            [
              395801.94290000107,
              427723.55240000226
            ],
            [
              395846.37860000134,
              427735.0727000013
            ],
            [
              395849.1166000003,
              427735.7826000005
            ],
            [
              395902.11409999896,
              427713.36549999937
            ],
            [
              395910.3487000009,
              427709.24819999933
            ],
            [
              395949.65299999993,
              427689.59610000066
            ],
            [
              395996.86760000046,
              427674.3208000008
            ],
            [
              396007.3786999993,
              427670.92009999976
            ],
            [
              396028.05869999994,
              427661.72900000028
            ],
            [
              396053.21970000118,
              427650.54630000144
            ],
            [
              396058.07010000106,
              427649.61350000091
            ],
            [
              396097.36300000176,
              427642.05719999969
            ],
            [
              396147.30470000207,
              427635.41330000199
            ]
          ]
        ]
      }
    }
  ]
}