{
  "displayFieldName" : "",
  "fieldAliases" : {
    "FID" : "FID",
    "PMNTN_SPOT" : "PMNTN_SPOT",
    "MNTN_CODE" : "MNTN_CODE",
    "MANAGE_SP1" : "MANAGE_SP1",
    "MANAGE_SP2" : "MANAGE_SP2",
    "DETAIL_SPO" : "DETAIL_SPO",
    "ETC_MATTER" : "ETC_MATTER",
    "MNTN_NM" : "MNTN_NM",
    "PAST_SPOT_" : "PAST_SPOT_",
    "MNTN_ID" : "MNTN_ID"
  },
  "geometryType" : "esriGeometryPoint",
  "spatialReference" : {
    "wkt" : "PROJCS[\"PCS_ITRF2000_TM\",GEOGCS[\"GCS_ITRF_2000\",DATUM[\"D_ITRF_2000\",SPHEROID[\"GRS_1980\",6378137.0,298.257222101]],PRIMEM[\"Greenwich\",0.0],UNIT[\"Degree\",0.0174532925199433]],PROJECTION[\"Transverse_Mercator\"],PARAMETER[\"False_Easting\",200000.0],PARAMETER[\"False_Northing\",600000.0],PARAMETER[\"Central_Meridian\",127.0],PARAMETER[\"Scale_Factor\",1.0],PARAMETER[\"Latitude_Of_Origin\",38.0],UNIT[\"Meter\",1.0]]"
  },
  "fields" : [
    {
      "name" : "FID",
      "type" : "esriFieldTypeOID",
      "alias" : "FID"
    },
    {
      "name" : "PMNTN_SPOT",
      "type" : "esriFieldTypeDouble",
      "alias" : "PMNTN_SPOT"
    },
    {
      "name" : "MNTN_CODE",
      "type" : "esriFieldTypeString",
      "alias" : "MNTN_CODE",
      "length" : 9
    },
    {
      "name" : "MANAGE_SP1",
      "type" : "esriFieldTypeString",
      "alias" : "MANAGE_SP1",
      "length" : 2
    },
    {
      "name" : "MANAGE_SP2",
      "type" : "esriFieldTypeString",
      "alias" : "MANAGE_SP2",
      "length" : 50
    },
    {
      "name" : "DETAIL_SPO",
      "type" : "esriFieldTypeString",
      "alias" : "DETAIL_SPO",
      "length" : 200
    },
    {
      "name" : "ETC_MATTER",
      "type" : "esriFieldTypeString",
      "alias" : "ETC_MATTER",
      "length" : 200
    },
    {
      "name" : "MNTN_NM",
      "type" : "esriFieldTypeString",
      "alias" : "MNTN_NM",
      "length" : 50
    },
    {
      "name" : "PAST_SPOT_",
      "type" : "esriFieldTypeString",
      "alias" : "PAST_SPOT_",
      "length" : 14
    },
    {
      "name" : "MNTN_ID",
      "type" : "esriFieldTypeString",
      "alias" : "MNTN_ID",
      "length" : 10
    }
  ],
  "features" : [
    {
      "attributes" : {
        "FID" : 0,
        "PMNTN_SPOT" : 5954,
        "MNTN_CODE" : "451900401",
        "MANAGE_SP1" : "14",
        "MANAGE_SP2" : "조망점",
        "DETAIL_SPO" : "조망점",
        "ETC_MATTER" : "1078~1080",
        "MNTN_NM" : "고리봉",
        "PAST_SPOT_" : "25040804000001",
        "MNTN_ID" : "2504080400"
      },
      "geometry" : {
        "x" : 225783.22609999962,
        "y" : 302326.61630000174
      }
    },
    {
      "attributes" : {
        "FID" : 1,
        "PMNTN_SPOT" : 5955,
        "MNTN_CODE" : "451900401",
        "MANAGE_SP1" : "14",
        "MANAGE_SP2" : "조망점",
        "DETAIL_SPO" : "조망점",
        "ETC_MATTER" : "1081~1083",
        "MNTN_NM" : "고리봉",
        "PAST_SPOT_" : "25040804000002",
        "MNTN_ID" : "2504080400"
      },
      "geometry" : {
        "x" : 225394.16260000411,
        "y" : 302583.68330000155
      }
    },
    {
      "attributes" : {
        "FID" : 2,
        "PMNTN_SPOT" : 5956,
        "MNTN_CODE" : "451900401",
        "MANAGE_SP1" : "14",
        "MANAGE_SP2" : "조망점",
        "DETAIL_SPO" : "조망점",
        "ETC_MATTER" : "1084~1086",
        "MNTN_NM" : "고리봉",
        "PAST_SPOT_" : "25040804000003",
        "MNTN_ID" : "2504080400"
      },
      "geometry" : {
        "x" : 225199.90089999977,
        "y" : 302802.84100000188
      }
    },
    {
      "attributes" : {
        "FID" : 3,
        "PMNTN_SPOT" : 5957,
        "MNTN_CODE" : "451900401",
        "MANAGE_SP1" : "14",
        "MANAGE_SP2" : "조망점",
        "DETAIL_SPO" : "조망점",
        "ETC_MATTER" : "1087~1089",
        "MNTN_NM" : "고리봉",
        "PAST_SPOT_" : "25040804000004",
        "MNTN_ID" : "2504080400"
      },
      "geometry" : {
        "x" : 224789.11760000233,
        "y" : 303417.94889999926
      }
    },
    {
      "attributes" : {
        "FID" : 4,
        "PMNTN_SPOT" : 5958,
        "MNTN_CODE" : "451900401",
        "MANAGE_SP1" : "14",
        "MANAGE_SP2" : "조망점",
        "DETAIL_SPO" : "조망점",
        "ETC_MATTER" : "1090~1094",
        "MNTN_NM" : "고리봉",
        "PAST_SPOT_" : "25040804000005",
        "MNTN_ID" : "2504080400"
      },
      "geometry" : {
        "x" : 224745.23990000226,
        "y" : 303476.87580000423
      }
    },
    {
      "attributes" : {
        "FID" : 5,
        "PMNTN_SPOT" : 5959,
        "MNTN_CODE" : "451900401",
        "MANAGE_SP1" : "14",
        "MANAGE_SP2" : "조망점",
        "DETAIL_SPO" : "조망점",
        "ETC_MATTER" : "1102~1106",
        "MNTN_NM" : "고리봉",
        "PAST_SPOT_" : "25040804000006",
        "MNTN_ID" : "2504080400"
      },
      "geometry" : {
        "x" : 224463.10320000071,
        "y" : 303674.82930000126
      }
    },
    {
      "attributes" : {
        "FID" : 6,
        "PMNTN_SPOT" : 5960,
        "MNTN_CODE" : "451900401",
        "MANAGE_SP1" : "14",
        "MANAGE_SP2" : "조망점",
        "DETAIL_SPO" : "조망점",
        "ETC_MATTER" : "1107~1111",
        "MNTN_NM" : "고리봉",
        "PAST_SPOT_" : "25040804000007",
        "MNTN_ID" : "2504080400"
      },
      "geometry" : {
        "x" : 224278.25840000156,
        "y" : 303864.57550000213
      }
    },
    {
      "attributes" : {
        "FID" : 7,
        "PMNTN_SPOT" : 5961,
        "MNTN_CODE" : "451900401",
        "MANAGE_SP1" : "11",
        "MANAGE_SP2" : "안내판또는지도",
        "DETAIL_SPO" : "안내판",
        "ETC_MATTER" : " ",
        "MNTN_NM" : "고리봉",
        "PAST_SPOT_" : "25040804000008",
        "MNTN_ID" : "2504080400"
      },
      "geometry" : {
        "x" : 221069.3844000008,
        "y" : 305043.83709999919
      }
    },
    {
      "attributes" : {
        "FID" : 8,
        "PMNTN_SPOT" : 5962,
        "MNTN_CODE" : "451900401",
        "MANAGE_SP1" : "10",
        "MANAGE_SP2" : "이정표",
        "DETAIL_SPO" : "이정표",
        "ETC_MATTER" : " ",
        "MNTN_NM" : "고리봉",
        "PAST_SPOT_" : "25040804000009",
        "MNTN_ID" : "2504080400"
      },
      "geometry" : {
        "x" : 221472.94550000411,
        "y" : 304916.80550000258
      }
    },
    {
      "attributes" : {
        "FID" : 9,
        "PMNTN_SPOT" : 5963,
        "MNTN_CODE" : "451900401",
        "MANAGE_SP1" : "02",
        "MANAGE_SP2" : "분기점",
        "DETAIL_SPO" : "약수정사갈림",
        "ETC_MATTER" : " ",
        "MNTN_NM" : "고리봉",
        "PAST_SPOT_" : "25040804000010",
        "MNTN_ID" : "2504080400"
      },
      "geometry" : {
        "x" : 221751.17700000107,
        "y" : 304525.6435000021
      }
    },
    {
      "attributes" : {
        "FID" : 10,
        "PMNTN_SPOT" : 5964,
        "MNTN_CODE" : "451900401",
        "MANAGE_SP1" : "14",
        "MANAGE_SP2" : "조망점",
        "DETAIL_SPO" : "조망점",
        "ETC_MATTER" : " ",
        "MNTN_NM" : "고리봉",
        "PAST_SPOT_" : "25040804000011",
        "MNTN_ID" : "2504080400"
      },
      "geometry" : {
        "x" : 221853.04710000008,
        "y" : 304491.11739999987
      }
    },
    {
      "attributes" : {
        "FID" : 11,
        "PMNTN_SPOT" : 5965,
        "MNTN_CODE" : "451900401",
        "MANAGE_SP1" : "14",
        "MANAGE_SP2" : "조망점",
        "DETAIL_SPO" : "조망점",
        "ETC_MATTER" : " ",
        "MNTN_NM" : "고리봉",
        "PAST_SPOT_" : "25040804000012",
        "MNTN_ID" : "2504080400"
      },
      "geometry" : {
        "x" : 221973.16559999995,
        "y" : 304519.8329000026
      }
    },
    {
      "attributes" : {
        "FID" : 12,
        "PMNTN_SPOT" : 5966,
        "MNTN_CODE" : "451900401",
        "MANAGE_SP1" : "12",
        "MANAGE_SP2" : "위험지역",
        "DETAIL_SPO" : "위험지역",
        "ETC_MATTER" : " ",
        "MNTN_NM" : "고리봉",
        "PAST_SPOT_" : "25040804000013",
        "MNTN_ID" : "2504080400"
      },
      "geometry" : {
        "x" : 221998.61900000088,
        "y" : 304573.23870000429
      }
    },
    {
      "attributes" : {
        "FID" : 13,
        "PMNTN_SPOT" : 5967,
        "MNTN_CODE" : "451900401",
        "MANAGE_SP1" : "99",
        "MANAGE_SP2" : "기타",
        "DETAIL_SPO" : "기타",
        "ETC_MATTER" : " ",
        "MNTN_NM" : "고리봉",
        "PAST_SPOT_" : "25040804000014",
        "MNTN_ID" : "2504080400"
      },
      "geometry" : {
        "x" : 221999.56439999864,
        "y" : 304577.03540000133
      }
    },
    {
      "attributes" : {
        "FID" : 14,
        "PMNTN_SPOT" : 5968,
        "MNTN_CODE" : "451900401",
        "MANAGE_SP1" : "99",
        "MANAGE_SP2" : "기타",
        "DETAIL_SPO" : "약수정사합치",
        "ETC_MATTER" : " ",
        "MNTN_NM" : "고리봉",
        "PAST_SPOT_" : "25040804000015",
        "MNTN_ID" : "2504080400"
      },
      "geometry" : {
        "x" : 222118.37480000127,
        "y" : 304612.14039999992
      }
    },
    {
      "attributes" : {
        "FID" : 15,
        "PMNTN_SPOT" : 5969,
        "MNTN_CODE" : "451900401",
        "MANAGE_SP1" : "12",
        "MANAGE_SP2" : "위험지역",
        "DETAIL_SPO" : "위험지역",
        "ETC_MATTER" : " ",
        "MNTN_NM" : "고리봉",
        "PAST_SPOT_" : "25040804000016",
        "MNTN_ID" : "2504080400"
      },
      "geometry" : {
        "x" : 222137.82590000052,
        "y" : 304613.86320000142
      }
    },
    {
      "attributes" : {
        "FID" : 16,
        "PMNTN_SPOT" : 5970,
        "MNTN_CODE" : "451900401",
        "MANAGE_SP1" : "99",
        "MANAGE_SP2" : "기타",
        "DETAIL_SPO" : "남근석",
        "ETC_MATTER" : " ",
        "MNTN_NM" : "고리봉",
        "PAST_SPOT_" : "25040804000017",
        "MNTN_ID" : "2504080400"
      },
      "geometry" : {
        "x" : 222312.62580000237,
        "y" : 304572.4422999993
      }
    },
    {
      "attributes" : {
        "FID" : 17,
        "PMNTN_SPOT" : 5971,
        "MNTN_CODE" : "451900401",
        "MANAGE_SP1" : "14",
        "MANAGE_SP2" : "조망점",
        "DETAIL_SPO" : "조망점",
        "ETC_MATTER" : " ",
        "MNTN_NM" : "고리봉",
        "PAST_SPOT_" : "25040804000018",
        "MNTN_ID" : "2504080400"
      },
      "geometry" : {
        "x" : 222502.07060000207,
        "y" : 304491.90740000084
      }
    },
    {
      "attributes" : {
        "FID" : 18,
        "PMNTN_SPOT" : 5972,
        "MNTN_CODE" : "451900401",
        "MANAGE_SP1" : "22",
        "MANAGE_SP2" : "헬기장",
        "DETAIL_SPO" : "헬기장",
        "ETC_MATTER" : " ",
        "MNTN_NM" : "고리봉",
        "PAST_SPOT_" : "25040804000019",
        "MNTN_ID" : "2504080400"
      },
      "geometry" : {
        "x" : 222719.65840000287,
        "y" : 304472.46859999932
      }
    },
    {
      "attributes" : {
        "FID" : 19,
        "PMNTN_SPOT" : 5973,
        "MNTN_CODE" : "451900401",
        "MANAGE_SP1" : "99",
        "MANAGE_SP2" : "기타",
        "DETAIL_SPO" : "기타",
        "ETC_MATTER" : " ",
        "MNTN_NM" : "고리봉",
        "PAST_SPOT_" : "25040804000020",
        "MNTN_ID" : "2504080400"
      },
      "geometry" : {
        "x" : 222854.183500004,
        "y" : 304364.59890000336
      }
    },
    {
      "attributes" : {
        "FID" : 20,
        "PMNTN_SPOT" : 5974,
        "MNTN_CODE" : "451900401",
        "MANAGE_SP1" : "10",
        "MANAGE_SP2" : "이정표",
        "DETAIL_SPO" : "이정표",
        "ETC_MATTER" : " ",
        "MNTN_NM" : "고리봉",
        "PAST_SPOT_" : "25040804000021",
        "MNTN_ID" : "2504080400"
      },
      "geometry" : {
        "x" : 222993.90740000084,
        "y" : 304294.45580000244
      }
    },
    {
      "attributes" : {
        "FID" : 21,
        "PMNTN_SPOT" : 5975,
        "MNTN_CODE" : "451900401",
        "MANAGE_SP1" : "12",
        "MANAGE_SP2" : "위험지역",
        "DETAIL_SPO" : "위험지역",
        "ETC_MATTER" : " ",
        "MNTN_NM" : "고리봉",
        "PAST_SPOT_" : "25040804000022",
        "MNTN_ID" : "2504080400"
      },
      "geometry" : {
        "x" : 223086.00000000093,
        "y" : 304378.61160000041
      }
    },
    {
      "attributes" : {
        "FID" : 22,
        "PMNTN_SPOT" : 5976,
        "MNTN_CODE" : "451900401",
        "MANAGE_SP1" : "12",
        "MANAGE_SP2" : "위험지역",
        "DETAIL_SPO" : "위험지역",
        "ETC_MATTER" : " ",
        "MNTN_NM" : "고리봉",
        "PAST_SPOT_" : "25040804000023",
        "MNTN_ID" : "2504080400"
      },
      "geometry" : {
        "x" : 223178.95840000268,
        "y" : 304599.76979999989
      }
    },
    {
      "attributes" : {
        "FID" : 23,
        "PMNTN_SPOT" : 5977,
        "MNTN_CODE" : "451900401",
        "MANAGE_SP1" : "12",
        "MANAGE_SP2" : "위험지역",
        "DETAIL_SPO" : "위험지역",
        "ETC_MATTER" : " ",
        "MNTN_NM" : "고리봉",
        "PAST_SPOT_" : "25040804000024",
        "MNTN_ID" : "2504080400"
      },
      "geometry" : {
        "x" : 223179.57919999957,
        "y" : 304605.86250000075
      }
    },
    {
      "attributes" : {
        "FID" : 24,
        "PMNTN_SPOT" : 5978,
        "MNTN_CODE" : "451900401",
        "MANAGE_SP1" : "99",
        "MANAGE_SP2" : "기타",
        "DETAIL_SPO" : "로프",
        "ETC_MATTER" : " ",
        "MNTN_NM" : "고리봉",
        "PAST_SPOT_" : "25040804000025",
        "MNTN_ID" : "2504080400"
      },
      "geometry" : {
        "x" : 223141.16820000019,
        "y" : 304638.01700000651
      }
    },
    {
      "attributes" : {
        "FID" : 25,
        "PMNTN_SPOT" : 5979,
        "MNTN_CODE" : "451900401",
        "MANAGE_SP1" : "99",
        "MANAGE_SP2" : "기타",
        "DETAIL_SPO" : "로프",
        "ETC_MATTER" : " ",
        "MNTN_NM" : "고리봉",
        "PAST_SPOT_" : "25040804000026",
        "MNTN_ID" : "2504080400"
      },
      "geometry" : {
        "x" : 223121.09370000008,
        "y" : 304688.28099999949
      }
    },
    {
      "attributes" : {
        "FID" : 26,
        "PMNTN_SPOT" : 5980,
        "MNTN_CODE" : "451900401",
        "MANAGE_SP1" : "12",
        "MANAGE_SP2" : "위험지역",
        "DETAIL_SPO" : "위험지역",
        "ETC_MATTER" : " ",
        "MNTN_NM" : "고리봉",
        "PAST_SPOT_" : "25040804000027",
        "MNTN_ID" : "2504080400"
      },
      "geometry" : {
        "x" : 223094.72230000049,
        "y" : 304787.24640000425
      }
    },
    {
      "attributes" : {
        "FID" : 27,
        "PMNTN_SPOT" : 5981,
        "MNTN_CODE" : "451900401",
        "MANAGE_SP1" : "12",
        "MANAGE_SP2" : "위험지역",
        "DETAIL_SPO" : "위험지역",
        "ETC_MATTER" : " ",
        "MNTN_NM" : "고리봉",
        "PAST_SPOT_" : "25040804000028",
        "MNTN_ID" : "2504080400"
      },
      "geometry" : {
        "x" : 223065.94680000283,
        "y" : 304816.64100000262
      }
    },
    {
      "attributes" : {
        "FID" : 28,
        "PMNTN_SPOT" : 5982,
        "MNTN_CODE" : "451900401",
        "MANAGE_SP1" : "12",
        "MANAGE_SP2" : "위험지역",
        "DETAIL_SPO" : "위험지역",
        "ETC_MATTER" : "원경",
        "MNTN_NM" : "고리봉",
        "PAST_SPOT_" : "25040804000029",
        "MNTN_ID" : "2504080400"
      },
      "geometry" : {
        "x" : 223064.50079999957,
        "y" : 304827.56580000184
      }
    },
    {
      "attributes" : {
        "FID" : 29,
        "PMNTN_SPOT" : 5983,
        "MNTN_CODE" : "451900401",
        "MANAGE_SP1" : "02",
        "MANAGE_SP2" : "분기점",
        "DETAIL_SPO" : "갈림길",
        "ETC_MATTER" : " ",
        "MNTN_NM" : "고리봉",
        "PAST_SPOT_" : "25040804000030",
        "MNTN_ID" : "2504080400"
      },
      "geometry" : {
        "x" : 223026.10810000077,
        "y" : 305099.71390000358
      }
    },
    {
      "attributes" : {
        "FID" : 30,
        "PMNTN_SPOT" : 5984,
        "MNTN_CODE" : "451900401",
        "MANAGE_SP1" : "12",
        "MANAGE_SP2" : "위험지역",
        "DETAIL_SPO" : "위험지역",
        "ETC_MATTER" : "로프시설",
        "MNTN_NM" : "고리봉",
        "PAST_SPOT_" : "25040804000031",
        "MNTN_ID" : "2504080400"
      },
      "geometry" : {
        "x" : 223017.36020000279,
        "y" : 305129.34830000065
      }
    },
    {
      "attributes" : {
        "FID" : 31,
        "PMNTN_SPOT" : 5985,
        "MNTN_CODE" : "451900401",
        "MANAGE_SP1" : "12",
        "MANAGE_SP2" : "위험지역",
        "DETAIL_SPO" : "위험지역",
        "ETC_MATTER" : " ",
        "MNTN_NM" : "고리봉",
        "PAST_SPOT_" : "25040804000032",
        "MNTN_ID" : "2504080400"
      },
      "geometry" : {
        "x" : 223038.33579999954,
        "y" : 305181.69170000218
      }
    },
    {
      "attributes" : {
        "FID" : 32,
        "PMNTN_SPOT" : 5986,
        "MNTN_CODE" : "451900401",
        "MANAGE_SP1" : "12",
        "MANAGE_SP2" : "위험지역",
        "DETAIL_SPO" : "위험지역",
        "ETC_MATTER" : " ",
        "MNTN_NM" : "고리봉",
        "PAST_SPOT_" : "25040804000033",
        "MNTN_ID" : "2504080400"
      },
      "geometry" : {
        "x" : 223086.04210000206,
        "y" : 305513.94930000044
      }
    },
    {
      "attributes" : {
        "FID" : 33,
        "PMNTN_SPOT" : 5987,
        "MNTN_CODE" : "451900401",
        "MANAGE_SP1" : "99",
        "MANAGE_SP2" : "기타",
        "DETAIL_SPO" : "기타",
        "ETC_MATTER" : " ",
        "MNTN_NM" : "고리봉",
        "PAST_SPOT_" : "25040804000034",
        "MNTN_ID" : "2504080400"
      },
      "geometry" : {
        "x" : 223074.35800000001,
        "y" : 305532.94730000012
      }
    },
    {
      "attributes" : {
        "FID" : 34,
        "PMNTN_SPOT" : 5988,
        "MNTN_CODE" : "451900401",
        "MANAGE_SP1" : "02",
        "MANAGE_SP2" : "분기점",
        "DETAIL_SPO" : "갈림길",
        "ETC_MATTER" : " ",
        "MNTN_NM" : "고리봉",
        "PAST_SPOT_" : "25040804000035",
        "MNTN_ID" : "2504080400"
      },
      "geometry" : {
        "x" : 223031.79870000202,
        "y" : 305621.59789999947
      }
    },
    {
      "attributes" : {
        "FID" : 35,
        "PMNTN_SPOT" : 5989,
        "MNTN_CODE" : "451900401",
        "MANAGE_SP1" : "02",
        "MANAGE_SP2" : "분기점",
        "DETAIL_SPO" : "갈림길",
        "ETC_MATTER" : " ",
        "MNTN_NM" : "고리봉",
        "PAST_SPOT_" : "25040804000036",
        "MNTN_ID" : "2504080400"
      },
      "geometry" : {
        "x" : 223031.86930000037,
        "y" : 305626.00270000286
      }
    },
    {
      "attributes" : {
        "FID" : 36,
        "PMNTN_SPOT" : 5990,
        "MNTN_CODE" : "451900401",
        "MANAGE_SP1" : "12",
        "MANAGE_SP2" : "위험지역",
        "DETAIL_SPO" : "위험지역",
        "ETC_MATTER" : " ",
        "MNTN_NM" : "고리봉",
        "PAST_SPOT_" : "25040804000037",
        "MNTN_ID" : "2504080400"
      },
      "geometry" : {
        "x" : 223070.45179999899,
        "y" : 305724.54580000043
      }
    },
    {
      "attributes" : {
        "FID" : 37,
        "PMNTN_SPOT" : 5991,
        "MNTN_CODE" : "451900401",
        "MANAGE_SP1" : "99",
        "MANAGE_SP2" : "기타",
        "DETAIL_SPO" : "암석지",
        "ETC_MATTER" : " ",
        "MNTN_NM" : "고리봉",
        "PAST_SPOT_" : "25040804000038",
        "MNTN_ID" : "2504080400"
      },
      "geometry" : {
        "x" : 222909.316300001,
        "y" : 306052.76700000465
      }
    },
    {
      "attributes" : {
        "FID" : 38,
        "PMNTN_SPOT" : 5992,
        "MNTN_CODE" : "451900401",
        "MANAGE_SP1" : "99",
        "MANAGE_SP2" : "기타",
        "DETAIL_SPO" : "암석지",
        "ETC_MATTER" : " ",
        "MNTN_NM" : "고리봉",
        "PAST_SPOT_" : "25040804000039",
        "MNTN_ID" : "2504080400"
      },
      "geometry" : {
        "x" : 222842.72090000007,
        "y" : 306122.57420000061
      }
    },
    {
      "attributes" : {
        "FID" : 39,
        "PMNTN_SPOT" : 5993,
        "MNTN_CODE" : "451900401",
        "MANAGE_SP1" : "99",
        "MANAGE_SP2" : "기타",
        "DETAIL_SPO" : "기타",
        "ETC_MATTER" : " ",
        "MNTN_NM" : "고리봉",
        "PAST_SPOT_" : "25040804000040",
        "MNTN_ID" : "2504080400"
      },
      "geometry" : {
        "x" : 222571.47820000164,
        "y" : 306470.68370000273
      }
    },
    {
      "attributes" : {
        "FID" : 40,
        "PMNTN_SPOT" : 5994,
        "MNTN_CODE" : "451900401",
        "MANAGE_SP1" : "99",
        "MANAGE_SP2" : "기타",
        "DETAIL_SPO" : "등산로전경",
        "ETC_MATTER" : " ",
        "MNTN_NM" : "고리봉",
        "PAST_SPOT_" : "25040804000041",
        "MNTN_ID" : "2504080400"
      },
      "geometry" : {
        "x" : 222472.43540000077,
        "y" : 307288.9963000007
      }
    },
    {
      "attributes" : {
        "FID" : 41,
        "PMNTN_SPOT" : 5995,
        "MNTN_CODE" : "451900401",
        "MANAGE_SP1" : "99",
        "MANAGE_SP2" : "기타",
        "DETAIL_SPO" : "그럭재",
        "ETC_MATTER" : " ",
        "MNTN_NM" : "고리봉",
        "PAST_SPOT_" : "25040804000042",
        "MNTN_ID" : "2504080400"
      },
      "geometry" : {
        "x" : 222097.63420000207,
        "y" : 307224.72160000354
      }
    },
    {
      "attributes" : {
        "FID" : 42,
        "PMNTN_SPOT" : 5996,
        "MNTN_CODE" : "451900401",
        "MANAGE_SP1" : "99",
        "MANAGE_SP2" : "기타",
        "DETAIL_SPO" : "등산로입구",
        "ETC_MATTER" : " ",
        "MNTN_NM" : "고리봉",
        "PAST_SPOT_" : "25040804000043",
        "MNTN_ID" : "2504080400"
      },
      "geometry" : {
        "x" : 221557.85270000342,
        "y" : 307227.99110000208
      }
    },
    {
      "attributes" : {
        "FID" : 43,
        "PMNTN_SPOT" : 5997,
        "MNTN_CODE" : "451900401",
        "MANAGE_SP1" : "99",
        "MANAGE_SP2" : "기타",
        "DETAIL_SPO" : "등산로전경",
        "ETC_MATTER" : " ",
        "MNTN_NM" : "고리봉",
        "PAST_SPOT_" : "25040804000044",
        "MNTN_ID" : "2504080400"
      },
      "geometry" : {
        "x" : 225329.32699999958,
        "y" : 305622.32120000198
      }
    },
    {
      "attributes" : {
        "FID" : 44,
        "PMNTN_SPOT" : 5998,
        "MNTN_CODE" : "451900401",
        "MANAGE_SP1" : "14",
        "MANAGE_SP2" : "조망점",
        "DETAIL_SPO" : "조망점",
        "ETC_MATTER" : " ",
        "MNTN_NM" : "고리봉",
        "PAST_SPOT_" : "25040804000045",
        "MNTN_ID" : "2504080400"
      },
      "geometry" : {
        "x" : 224351.66430000402,
        "y" : 305397.06330000237
      }
    },
    {
      "attributes" : {
        "FID" : 45,
        "PMNTN_SPOT" : 5999,
        "MNTN_CODE" : "451900401",
        "MANAGE_SP1" : "02",
        "MANAGE_SP2" : "분기점",
        "DETAIL_SPO" : "갈림길",
        "ETC_MATTER" : " ",
        "MNTN_NM" : "고리봉",
        "PAST_SPOT_" : "25040804000046",
        "MNTN_ID" : "2504080400"
      },
      "geometry" : {
        "x" : 224330.18680000119,
        "y" : 305409.36519999988
      }
    },
    {
      "attributes" : {
        "FID" : 46,
        "PMNTN_SPOT" : 6000,
        "MNTN_CODE" : "451900401",
        "MANAGE_SP1" : "12",
        "MANAGE_SP2" : "위험지역",
        "DETAIL_SPO" : "위험지역",
        "ETC_MATTER" : " ",
        "MNTN_NM" : "고리봉",
        "PAST_SPOT_" : "25040804000047",
        "MNTN_ID" : "2504080400"
      },
      "geometry" : {
        "x" : 224190.3925999999,
        "y" : 305409.60080000013
      }
    },
    {
      "attributes" : {
        "FID" : 47,
        "PMNTN_SPOT" : 6001,
        "MNTN_CODE" : "451900401",
        "MANAGE_SP1" : "12",
        "MANAGE_SP2" : "위험지역",
        "DETAIL_SPO" : "위험지역",
        "ETC_MATTER" : " ",
        "MNTN_NM" : "고리봉",
        "PAST_SPOT_" : "25040804000048",
        "MNTN_ID" : "2504080400"
      },
      "geometry" : {
        "x" : 224052.14750000089,
        "y" : 305213.44109999947
      }
    },
    {
      "attributes" : {
        "FID" : 48,
        "PMNTN_SPOT" : 6002,
        "MNTN_CODE" : "451900401",
        "MANAGE_SP1" : "12",
        "MANAGE_SP2" : "위험지역",
        "DETAIL_SPO" : "위험지역",
        "ETC_MATTER" : " ",
        "MNTN_NM" : "고리봉",
        "PAST_SPOT_" : "25040804000049",
        "MNTN_ID" : "2504080400"
      },
      "geometry" : {
        "x" : 224044.7695000004,
        "y" : 305167.55519999936
      }
    },
    {
      "attributes" : {
        "FID" : 49,
        "PMNTN_SPOT" : 6003,
        "MNTN_CODE" : "451900401",
        "MANAGE_SP1" : "12",
        "MANAGE_SP2" : "위험지역",
        "DETAIL_SPO" : "위험지역",
        "ETC_MATTER" : " ",
        "MNTN_NM" : "고리봉",
        "PAST_SPOT_" : "25040804000050",
        "MNTN_ID" : "2504080400"
      },
      "geometry" : {
        "x" : 223874.49200000055,
        "y" : 304881.05650000088
      }
    },
    {
      "attributes" : {
        "FID" : 50,
        "PMNTN_SPOT" : 6004,
        "MNTN_CODE" : "451900401",
        "MANAGE_SP1" : "12",
        "MANAGE_SP2" : "위험지역",
        "DETAIL_SPO" : "위험지역",
        "ETC_MATTER" : " ",
        "MNTN_NM" : "고리봉",
        "PAST_SPOT_" : "25040804000051",
        "MNTN_ID" : "2504080400"
      },
      "geometry" : {
        "x" : 223849.36530000251,
        "y" : 304842.76850000396
      }
    },
    {
      "attributes" : {
        "FID" : 51,
        "PMNTN_SPOT" : 6005,
        "MNTN_CODE" : "451900401",
        "MANAGE_SP1" : "12",
        "MANAGE_SP2" : "위험지역",
        "DETAIL_SPO" : "위험지역",
        "ETC_MATTER" : " ",
        "MNTN_NM" : "고리봉",
        "PAST_SPOT_" : "25040804000052",
        "MNTN_ID" : "2504080400"
      },
      "geometry" : {
        "x" : 223813.48020000011,
        "y" : 304653.66180000454
      }
    },
    {
      "attributes" : {
        "FID" : 52,
        "PMNTN_SPOT" : 6006,
        "MNTN_CODE" : "451900401",
        "MANAGE_SP1" : "99",
        "MANAGE_SP2" : "기타",
        "DETAIL_SPO" : "암석지",
        "ETC_MATTER" : " ",
        "MNTN_NM" : "고리봉",
        "PAST_SPOT_" : "25040804000053",
        "MNTN_ID" : "2504080400"
      },
      "geometry" : {
        "x" : 223803.24129999988,
        "y" : 304554.18050000258
      }
    },
    {
      "attributes" : {
        "FID" : 53,
        "PMNTN_SPOT" : 6007,
        "MNTN_CODE" : "451900401",
        "MANAGE_SP1" : "99",
        "MANAGE_SP2" : "기타",
        "DETAIL_SPO" : "암석지",
        "ETC_MATTER" : " ",
        "MNTN_NM" : "고리봉",
        "PAST_SPOT_" : "25040804000054",
        "MNTN_ID" : "2504080400"
      },
      "geometry" : {
        "x" : 223802.00890000071,
        "y" : 304424.65579999983
      }
    },
    {
      "attributes" : {
        "FID" : 54,
        "PMNTN_SPOT" : 6008,
        "MNTN_CODE" : "451900401",
        "MANAGE_SP1" : "99",
        "MANAGE_SP2" : "기타",
        "DETAIL_SPO" : "택내리합치점",
        "ETC_MATTER" : " ",
        "MNTN_NM" : "고리봉",
        "PAST_SPOT_" : "25040804000055",
        "MNTN_ID" : "2504080400"
      },
      "geometry" : {
        "x" : 223698.76320000179,
        "y" : 304498.72060000151
      }
    },
    {
      "attributes" : {
        "FID" : 55,
        "PMNTN_SPOT" : 6009,
        "MNTN_CODE" : "451900401",
        "MANAGE_SP1" : "12",
        "MANAGE_SP2" : "위험지역",
        "DETAIL_SPO" : "위험지역",
        "ETC_MATTER" : " ",
        "MNTN_NM" : "고리봉",
        "PAST_SPOT_" : "25040804000056",
        "MNTN_ID" : "2504080400"
      },
      "geometry" : {
        "x" : 223587.80520000216,
        "y" : 304508.22770000063
      }
    },
    {
      "attributes" : {
        "FID" : 56,
        "PMNTN_SPOT" : 6010,
        "MNTN_CODE" : "451900401",
        "MANAGE_SP1" : "99",
        "MANAGE_SP2" : "기타",
        "DETAIL_SPO" : "만학재",
        "ETC_MATTER" : " ",
        "MNTN_NM" : "고리봉",
        "PAST_SPOT_" : "25040804000057",
        "MNTN_ID" : "2504080400"
      },
      "geometry" : {
        "x" : 223392.49930000119,
        "y" : 304566.32420000061
      }
    },
    {
      "attributes" : {
        "FID" : 57,
        "PMNTN_SPOT" : 6011,
        "MNTN_CODE" : "451900401",
        "MANAGE_SP1" : "12",
        "MANAGE_SP2" : "위험지역",
        "DETAIL_SPO" : "위험지역",
        "ETC_MATTER" : " ",
        "MNTN_NM" : "고리봉",
        "PAST_SPOT_" : "25040804000058",
        "MNTN_ID" : "2504080400"
      },
      "geometry" : {
        "x" : 223366.70820000209,
        "y" : 304576.5092999991
      }
    },
    {
      "attributes" : {
        "FID" : 58,
        "PMNTN_SPOT" : 6012,
        "MNTN_CODE" : "451900401",
        "MANAGE_SP1" : "12",
        "MANAGE_SP2" : "위험지역",
        "DETAIL_SPO" : "위험지역",
        "ETC_MATTER" : " ",
        "MNTN_NM" : "고리봉",
        "PAST_SPOT_" : "25040804000059",
        "MNTN_ID" : "2504080400"
      },
      "geometry" : {
        "x" : 223356.85180000309,
        "y" : 304584.12820000388
      }
    },
    {
      "attributes" : {
        "FID" : 59,
        "PMNTN_SPOT" : 6013,
        "MNTN_CODE" : "451900401",
        "MANAGE_SP1" : "99",
        "MANAGE_SP2" : "기타",
        "DETAIL_SPO" : "로프",
        "ETC_MATTER" : " ",
        "MNTN_NM" : "고리봉",
        "PAST_SPOT_" : "25040804000060",
        "MNTN_ID" : "2504080400"
      },
      "geometry" : {
        "x" : 223336.93230000045,
        "y" : 304577.23129999824
      }
    },
    {
      "attributes" : {
        "FID" : 60,
        "PMNTN_SPOT" : 6014,
        "MNTN_CODE" : "451900401",
        "MANAGE_SP1" : "99",
        "MANAGE_SP2" : "기타",
        "DETAIL_SPO" : "로프",
        "ETC_MATTER" : " ",
        "MNTN_NM" : "고리봉",
        "PAST_SPOT_" : "25040804000061",
        "MNTN_ID" : "2504080400"
      },
      "geometry" : {
        "x" : 223322.66900000162,
        "y" : 304562.73800000176
      }
    },
    {
      "attributes" : {
        "FID" : 61,
        "PMNTN_SPOT" : 6015,
        "MNTN_CODE" : "451900401",
        "MANAGE_SP1" : "14",
        "MANAGE_SP2" : "조망점",
        "DETAIL_SPO" : "조망점",
        "ETC_MATTER" : " ",
        "MNTN_NM" : "고리봉",
        "PAST_SPOT_" : "25040804000062",
        "MNTN_ID" : "2504080400"
      },
      "geometry" : {
        "x" : 223460.15700000059,
        "y" : 304629.50689999759
      }
    },
    {
      "attributes" : {
        "FID" : 62,
        "PMNTN_SPOT" : 6016,
        "MNTN_CODE" : "451900401",
        "MANAGE_SP1" : "99",
        "MANAGE_SP2" : "기타",
        "DETAIL_SPO" : "만학동계곡",
        "ETC_MATTER" : " ",
        "MNTN_NM" : "고리봉",
        "PAST_SPOT_" : "25040804000063",
        "MNTN_ID" : "2504080400"
      },
      "geometry" : {
        "x" : 223497.95380000118,
        "y" : 304967.64340000227
      }
    },
    {
      "attributes" : {
        "FID" : 63,
        "PMNTN_SPOT" : 6017,
        "MNTN_CODE" : "451900401",
        "MANAGE_SP1" : "99",
        "MANAGE_SP2" : "기타",
        "DETAIL_SPO" : "만학동계곡",
        "ETC_MATTER" : " ",
        "MNTN_NM" : "고리봉",
        "PAST_SPOT_" : "25040804000064",
        "MNTN_ID" : "2504080400"
      },
      "geometry" : {
        "x" : 223537.17200000212,
        "y" : 305156.53560000099
      }
    },
    {
      "attributes" : {
        "FID" : 64,
        "PMNTN_SPOT" : 6018,
        "MNTN_CODE" : "451900401",
        "MANAGE_SP1" : "99",
        "MANAGE_SP2" : "기타",
        "DETAIL_SPO" : "만학동계곡",
        "ETC_MATTER" : " ",
        "MNTN_NM" : "고리봉",
        "PAST_SPOT_" : "25040804000065",
        "MNTN_ID" : "2504080400"
      },
      "geometry" : {
        "x" : 223616.52210000157,
        "y" : 305279.64010000043
      }
    },
    {
      "attributes" : {
        "FID" : 65,
        "PMNTN_SPOT" : 6019,
        "MNTN_CODE" : "451900401",
        "MANAGE_SP1" : "99",
        "MANAGE_SP2" : "기타",
        "DETAIL_SPO" : "바위",
        "ETC_MATTER" : " ",
        "MNTN_NM" : "고리봉",
        "PAST_SPOT_" : "25040804000066",
        "MNTN_ID" : "2504080400"
      },
      "geometry" : {
        "x" : 223826.44720000308,
        "y" : 305371.13489999808
      }
    },
    {
      "attributes" : {
        "FID" : 66,
        "PMNTN_SPOT" : 6020,
        "MNTN_CODE" : "451900401",
        "MANAGE_SP1" : "99",
        "MANAGE_SP2" : "기타",
        "DETAIL_SPO" : "계곡",
        "ETC_MATTER" : " ",
        "MNTN_NM" : "고리봉",
        "PAST_SPOT_" : "25040804000067",
        "MNTN_ID" : "2504080400"
      },
      "geometry" : {
        "x" : 224073.92560000252,
        "y" : 305484.70220000297
      }
    },
    {
      "attributes" : {
        "FID" : 67,
        "PMNTN_SPOT" : 6021,
        "MNTN_CODE" : "451900401",
        "MANAGE_SP1" : "99",
        "MANAGE_SP2" : "기타",
        "DETAIL_SPO" : "만학동계곡",
        "ETC_MATTER" : " ",
        "MNTN_NM" : "고리봉",
        "PAST_SPOT_" : "25040804000068",
        "MNTN_ID" : "2504080400"
      },
      "geometry" : {
        "x" : 224158.28090000059,
        "y" : 305533.75560000353
      }
    },
    {
      "attributes" : {
        "FID" : 68,
        "PMNTN_SPOT" : 6022,
        "MNTN_CODE" : "451900401",
        "MANAGE_SP1" : "99",
        "MANAGE_SP2" : "기타",
        "DETAIL_SPO" : "만학동계곡",
        "ETC_MATTER" : " ",
        "MNTN_NM" : "고리봉",
        "PAST_SPOT_" : "25040804000069",
        "MNTN_ID" : "2504080400"
      },
      "geometry" : {
        "x" : 224270.69410000183,
        "y" : 305482.24320000224
      }
    },
    {
      "attributes" : {
        "FID" : 69,
        "PMNTN_SPOT" : 6023,
        "MNTN_CODE" : "451900401",
        "MANAGE_SP1" : "99",
        "MANAGE_SP2" : "기타",
        "DETAIL_SPO" : "매촌마을",
        "ETC_MATTER" : " ",
        "MNTN_NM" : "고리봉",
        "PAST_SPOT_" : "25040804000070",
        "MNTN_ID" : "2504080400"
      },
      "geometry" : {
        "x" : 224319.14020000305,
        "y" : 305396.43220000155
      }
    },
    {
      "attributes" : {
        "FID" : 70,
        "PMNTN_SPOT" : 6024,
        "MNTN_CODE" : "451900401",
        "MANAGE_SP1" : "11",
        "MANAGE_SP2" : "안내판또는지도",
        "DETAIL_SPO" : "안내판",
        "ETC_MATTER" : " ",
        "MNTN_NM" : "고리봉",
        "PAST_SPOT_" : "25040804000071",
        "MNTN_ID" : "2504080400"
      },
      "geometry" : {
        "x" : 225049.60070000123,
        "y" : 306013.11490000226
      }
    },
    {
      "attributes" : {
        "FID" : 71,
        "PMNTN_SPOT" : 6025,
        "MNTN_CODE" : "451900401",
        "MANAGE_SP1" : "99",
        "MANAGE_SP2" : "기타",
        "DETAIL_SPO" : "계단",
        "ETC_MATTER" : " ",
        "MNTN_NM" : "고리봉",
        "PAST_SPOT_" : "25040804000072",
        "MNTN_ID" : "2504080400"
      },
      "geometry" : {
        "x" : 224245.81220000051,
        "y" : 311620.59470000118
      }
    },
    {
      "attributes" : {
        "FID" : 72,
        "PMNTN_SPOT" : 6026,
        "MNTN_CODE" : "451900401",
        "MANAGE_SP1" : "99",
        "MANAGE_SP2" : "기타",
        "DETAIL_SPO" : "계단",
        "ETC_MATTER" : " ",
        "MNTN_NM" : "고리봉",
        "PAST_SPOT_" : "25040804000073",
        "MNTN_ID" : "2504080400"
      },
      "geometry" : {
        "x" : 224217.77969999984,
        "y" : 311494.68010000139
      }
    },
    {
      "attributes" : {
        "FID" : 73,
        "PMNTN_SPOT" : 6027,
        "MNTN_CODE" : "451900401",
        "MANAGE_SP1" : "99",
        "MANAGE_SP2" : "기타",
        "DETAIL_SPO" : "삼각점",
        "ETC_MATTER" : " ",
        "MNTN_NM" : "고리봉",
        "PAST_SPOT_" : "25040804000074",
        "MNTN_ID" : "2504080400"
      },
      "geometry" : {
        "x" : 224233.37120000366,
        "y" : 311459.79490000382
      }
    },
    {
      "attributes" : {
        "FID" : 74,
        "PMNTN_SPOT" : 6028,
        "MNTN_CODE" : "451900401",
        "MANAGE_SP1" : "99",
        "MANAGE_SP2" : "기타",
        "DETAIL_SPO" : "비홍산성",
        "ETC_MATTER" : " ",
        "MNTN_NM" : "고리봉",
        "PAST_SPOT_" : "25040804000075",
        "MNTN_ID" : "2504080400"
      },
      "geometry" : {
        "x" : 224275.94710000139,
        "y" : 311240.98299999908
      }
    },
    {
      "attributes" : {
        "FID" : 75,
        "PMNTN_SPOT" : 6029,
        "MNTN_CODE" : "451900401",
        "MANAGE_SP1" : "10",
        "MANAGE_SP2" : "이정표",
        "DETAIL_SPO" : "이정표",
        "ETC_MATTER" : " ",
        "MNTN_NM" : "고리봉",
        "PAST_SPOT_" : "25040804000076",
        "MNTN_ID" : "2504080400"
      },
      "geometry" : {
        "x" : 224207.03360000066,
        "y" : 311002.82190000638
      }
    },
    {
      "attributes" : {
        "FID" : 76,
        "PMNTN_SPOT" : 6030,
        "MNTN_CODE" : "451900401",
        "MANAGE_SP1" : "99",
        "MANAGE_SP2" : "기타",
        "DETAIL_SPO" : "계단",
        "ETC_MATTER" : " ",
        "MNTN_NM" : "고리봉",
        "PAST_SPOT_" : "25040804000077",
        "MNTN_ID" : "2504080400"
      },
      "geometry" : {
        "x" : 223919.88180000056,
        "y" : 310868.31839999929
      }
    },
    {
      "attributes" : {
        "FID" : 77,
        "PMNTN_SPOT" : 6031,
        "MNTN_CODE" : "451900401",
        "MANAGE_SP1" : "99",
        "MANAGE_SP2" : "기타",
        "DETAIL_SPO" : "쉼터",
        "ETC_MATTER" : " ",
        "MNTN_NM" : "고리봉",
        "PAST_SPOT_" : "25040804000078",
        "MNTN_ID" : "2504080400"
      },
      "geometry" : {
        "x" : 223845.52430000063,
        "y" : 310739.79740000144
      }
    },
    {
      "attributes" : {
        "FID" : 78,
        "PMNTN_SPOT" : 6032,
        "MNTN_CODE" : "451900401",
        "MANAGE_SP1" : "99",
        "MANAGE_SP2" : "기타",
        "DETAIL_SPO" : "곰재",
        "ETC_MATTER" : " ",
        "MNTN_NM" : "고리봉",
        "PAST_SPOT_" : "25040804000079",
        "MNTN_ID" : "2504080400"
      },
      "geometry" : {
        "x" : 223712.1922000004,
        "y" : 310282.38949999958
      }
    },
    {
      "attributes" : {
        "FID" : 79,
        "PMNTN_SPOT" : 6033,
        "MNTN_CODE" : "451900401",
        "MANAGE_SP1" : "99",
        "MANAGE_SP2" : "기타",
        "DETAIL_SPO" : "계단",
        "ETC_MATTER" : " ",
        "MNTN_NM" : "고리봉",
        "PAST_SPOT_" : "25040804000080",
        "MNTN_ID" : "2504080400"
      },
      "geometry" : {
        "x" : 223668.42250000313,
        "y" : 310211.28920000419
      }
    },
    {
      "attributes" : {
        "FID" : 80,
        "PMNTN_SPOT" : 6034,
        "MNTN_CODE" : "451900401",
        "MANAGE_SP1" : "02",
        "MANAGE_SP2" : "분기점",
        "DETAIL_SPO" : "옥전갈림길",
        "ETC_MATTER" : " ",
        "MNTN_NM" : "고리봉",
        "PAST_SPOT_" : "25040804000081",
        "MNTN_ID" : "2504080400"
      },
      "geometry" : {
        "x" : 223652.2964000022,
        "y" : 310138.03140000068
      }
    },
    {
      "attributes" : {
        "FID" : 81,
        "PMNTN_SPOT" : 6035,
        "MNTN_CODE" : "451900401",
        "MANAGE_SP1" : "99",
        "MANAGE_SP2" : "기타",
        "DETAIL_SPO" : "계단",
        "ETC_MATTER" : " ",
        "MNTN_NM" : "고리봉",
        "PAST_SPOT_" : "25040804000082",
        "MNTN_ID" : "2504080400"
      },
      "geometry" : {
        "x" : 223592.08260000031,
        "y" : 309630.79030000046
      }
    },
    {
      "attributes" : {
        "FID" : 82,
        "PMNTN_SPOT" : 6036,
        "MNTN_CODE" : "451900401",
        "MANAGE_SP1" : "14",
        "MANAGE_SP2" : "조망점",
        "DETAIL_SPO" : "조망점",
        "ETC_MATTER" : " ",
        "MNTN_NM" : "고리봉",
        "PAST_SPOT_" : "25040804000083",
        "MNTN_ID" : "2504080400"
      },
      "geometry" : {
        "x" : 223486.4497000007,
        "y" : 309108.25410000049
      }
    },
    {
      "attributes" : {
        "FID" : 83,
        "PMNTN_SPOT" : 6037,
        "MNTN_CODE" : "451900401",
        "MANAGE_SP1" : "12",
        "MANAGE_SP2" : "위험지역",
        "DETAIL_SPO" : "위험지역",
        "ETC_MATTER" : " ",
        "MNTN_NM" : "고리봉",
        "PAST_SPOT_" : "25040804000084",
        "MNTN_ID" : "2504080400"
      },
      "geometry" : {
        "x" : 223333.90979999956,
        "y" : 308840.90400000103
      }
    },
    {
      "attributes" : {
        "FID" : 84,
        "PMNTN_SPOT" : 6038,
        "MNTN_CODE" : "451900401",
        "MANAGE_SP1" : "99",
        "MANAGE_SP2" : "기타",
        "DETAIL_SPO" : "철계단",
        "ETC_MATTER" : " ",
        "MNTN_NM" : "고리봉",
        "PAST_SPOT_" : "25040804000085",
        "MNTN_ID" : "2504080400"
      },
      "geometry" : {
        "x" : 223301.74010000098,
        "y" : 308795.68679999933
      }
    },
    {
      "attributes" : {
        "FID" : 85,
        "PMNTN_SPOT" : 6039,
        "MNTN_CODE" : "451900401",
        "MANAGE_SP1" : "14",
        "MANAGE_SP2" : "조망점",
        "DETAIL_SPO" : "조망점",
        "ETC_MATTER" : " ",
        "MNTN_NM" : "고리봉",
        "PAST_SPOT_" : "25040804000086",
        "MNTN_ID" : "2504080400"
      },
      "geometry" : {
        "x" : 223207.37810000032,
        "y" : 308704.39919999987
      }
    },
    {
      "attributes" : {
        "FID" : 86,
        "PMNTN_SPOT" : 6040,
        "MNTN_CODE" : "451900401",
        "MANAGE_SP1" : "99",
        "MANAGE_SP2" : "기타",
        "DETAIL_SPO" : "로프시설",
        "ETC_MATTER" : " ",
        "MNTN_NM" : "고리봉",
        "PAST_SPOT_" : "25040804000087",
        "MNTN_ID" : "2504080400"
      },
      "geometry" : {
        "x" : 223207.6491000019,
        "y" : 308690.84190000035
      }
    },
    {
      "attributes" : {
        "FID" : 87,
        "PMNTN_SPOT" : 6041,
        "MNTN_CODE" : "451900401",
        "MANAGE_SP1" : "99",
        "MANAGE_SP2" : "기타",
        "DETAIL_SPO" : "로프",
        "ETC_MATTER" : " ",
        "MNTN_NM" : "고리봉",
        "PAST_SPOT_" : "25040804000088",
        "MNTN_ID" : "2504080400"
      },
      "geometry" : {
        "x" : 223121.03430000227,
        "y" : 308593.30650000088
      }
    },
    {
      "attributes" : {
        "FID" : 88,
        "PMNTN_SPOT" : 6042,
        "MNTN_CODE" : "451900401",
        "MANAGE_SP1" : "99",
        "MANAGE_SP2" : "기타",
        "DETAIL_SPO" : "철계단",
        "ETC_MATTER" : " ",
        "MNTN_NM" : "고리봉",
        "PAST_SPOT_" : "25040804000089",
        "MNTN_ID" : "2504080400"
      },
      "geometry" : {
        "x" : 223077.58970000036,
        "y" : 308557.07040000334
      }
    },
    {
      "attributes" : {
        "FID" : 89,
        "PMNTN_SPOT" : 6043,
        "MNTN_CODE" : "451900401",
        "MANAGE_SP1" : "99",
        "MANAGE_SP2" : "기타",
        "DETAIL_SPO" : "철계단",
        "ETC_MATTER" : " ",
        "MNTN_NM" : "고리봉",
        "PAST_SPOT_" : "25040804000090",
        "MNTN_ID" : "2504080400"
      },
      "geometry" : {
        "x" : 223064.5747000007,
        "y" : 308543.59020000137
      }
    },
    {
      "attributes" : {
        "FID" : 90,
        "PMNTN_SPOT" : 6044,
        "MNTN_CODE" : "451900401",
        "MANAGE_SP1" : "12",
        "MANAGE_SP2" : "위험지역",
        "DETAIL_SPO" : "위험지역",
        "ETC_MATTER" : " ",
        "MNTN_NM" : "고리봉",
        "PAST_SPOT_" : "25040804000091",
        "MNTN_ID" : "2504080400"
      },
      "geometry" : {
        "x" : 223055.68329999968,
        "y" : 308530.90820000134
      }
    },
    {
      "attributes" : {
        "FID" : 91,
        "PMNTN_SPOT" : 6045,
        "MNTN_CODE" : "451900401",
        "MANAGE_SP1" : "99",
        "MANAGE_SP2" : "기타",
        "DETAIL_SPO" : "철계단",
        "ETC_MATTER" : " ",
        "MNTN_NM" : "고리봉",
        "PAST_SPOT_" : "25040804000092",
        "MNTN_ID" : "2504080400"
      },
      "geometry" : {
        "x" : 223049.87310000136,
        "y" : 308468.05169999972
      }
    },
    {
      "attributes" : {
        "FID" : 92,
        "PMNTN_SPOT" : 6046,
        "MNTN_CODE" : "451900401",
        "MANAGE_SP1" : "99",
        "MANAGE_SP2" : "기타",
        "DETAIL_SPO" : "로프",
        "ETC_MATTER" : " ",
        "MNTN_NM" : "고리봉",
        "PAST_SPOT_" : "25040804000093",
        "MNTN_ID" : "2504080400"
      },
      "geometry" : {
        "x" : 223022.19420000166,
        "y" : 308446.11309999973
      }
    },
    {
      "attributes" : {
        "FID" : 93,
        "PMNTN_SPOT" : 6047,
        "MNTN_CODE" : "451900401",
        "MANAGE_SP1" : "99",
        "MANAGE_SP2" : "기타",
        "DETAIL_SPO" : "철계단",
        "ETC_MATTER" : " ",
        "MNTN_NM" : "고리봉",
        "PAST_SPOT_" : "25040804000094",
        "MNTN_ID" : "2504080400"
      },
      "geometry" : {
        "x" : 223009.26820000075,
        "y" : 308440.42180000059
      }
    },
    {
      "attributes" : {
        "FID" : 94,
        "PMNTN_SPOT" : 6048,
        "MNTN_CODE" : "451900401",
        "MANAGE_SP1" : "99",
        "MANAGE_SP2" : "기타",
        "DETAIL_SPO" : "로프",
        "ETC_MATTER" : " ",
        "MNTN_NM" : "고리봉",
        "PAST_SPOT_" : "25040804000095",
        "MNTN_ID" : "2504080400"
      },
      "geometry" : {
        "x" : 222939.52940000035,
        "y" : 308355.20209999941
      }
    },
    {
      "attributes" : {
        "FID" : 95,
        "PMNTN_SPOT" : 6049,
        "MNTN_CODE" : "451900401",
        "MANAGE_SP1" : "99",
        "MANAGE_SP2" : "기타",
        "DETAIL_SPO" : "철계단 로프",
        "ETC_MATTER" : " ",
        "MNTN_NM" : "고리봉",
        "PAST_SPOT_" : "25040804000096",
        "MNTN_ID" : "2504080400"
      },
      "geometry" : {
        "x" : 222743.2248999998,
        "y" : 308147.70860000327
      }
    },
    {
      "attributes" : {
        "FID" : 96,
        "PMNTN_SPOT" : 6050,
        "MNTN_CODE" : "451900401",
        "MANAGE_SP1" : "99",
        "MANAGE_SP2" : "기타",
        "DETAIL_SPO" : "로프",
        "ETC_MATTER" : " ",
        "MNTN_NM" : "고리봉",
        "PAST_SPOT_" : "25040804000097",
        "MNTN_ID" : "2504080400"
      },
      "geometry" : {
        "x" : 222714.80900000222,
        "y" : 308132.69239999913
      }
    },
    {
      "attributes" : {
        "FID" : 97,
        "PMNTN_SPOT" : 6051,
        "MNTN_CODE" : "451900401",
        "MANAGE_SP1" : "99",
        "MANAGE_SP2" : "기타",
        "DETAIL_SPO" : "로프",
        "ETC_MATTER" : " ",
        "MNTN_NM" : "고리봉",
        "PAST_SPOT_" : "25040804000098",
        "MNTN_ID" : "2504080400"
      },
      "geometry" : {
        "x" : 222703.20720000006,
        "y" : 308113.30260000192
      }
    },
    {
      "attributes" : {
        "FID" : 98,
        "PMNTN_SPOT" : 6052,
        "MNTN_CODE" : "451900401",
        "MANAGE_SP1" : "99",
        "MANAGE_SP2" : "기타",
        "DETAIL_SPO" : "로프",
        "ETC_MATTER" : " ",
        "MNTN_NM" : "고리봉",
        "PAST_SPOT_" : "25040804000099",
        "MNTN_ID" : "2504080400"
      },
      "geometry" : {
        "x" : 222685.56730000395,
        "y" : 308109.89660000242
      }
    },
    {
      "attributes" : {
        "FID" : 99,
        "PMNTN_SPOT" : 6053,
        "MNTN_CODE" : "451900401",
        "MANAGE_SP1" : "99",
        "MANAGE_SP2" : "기타",
        "DETAIL_SPO" : "기타",
        "ETC_MATTER" : " ",
        "MNTN_NM" : "고리봉",
        "PAST_SPOT_" : "25040804000100",
        "MNTN_ID" : "2504080400"
      },
      "geometry" : {
        "x" : 222686.35680000018,
        "y" : 308110.3646000009
      }
    },
    {
      "attributes" : {
        "FID" : 100,
        "PMNTN_SPOT" : 6054,
        "MNTN_CODE" : "451900401",
        "MANAGE_SP1" : "99",
        "MANAGE_SP2" : "기타",
        "DETAIL_SPO" : "로프",
        "ETC_MATTER" : " ",
        "MNTN_NM" : "고리봉",
        "PAST_SPOT_" : "25040804000101",
        "MNTN_ID" : "2504080400"
      },
      "geometry" : {
        "x" : 222646.79430000111,
        "y" : 308093.6230999995
      }
    },
    {
      "attributes" : {
        "FID" : 101,
        "PMNTN_SPOT" : 6055,
        "MNTN_CODE" : "451900401",
        "MANAGE_SP1" : "99",
        "MANAGE_SP2" : "기타",
        "DETAIL_SPO" : "로프",
        "ETC_MATTER" : " ",
        "MNTN_NM" : "고리봉",
        "PAST_SPOT_" : "25040804000102",
        "MNTN_ID" : "2504080400"
      },
      "geometry" : {
        "x" : 222643.63870000001,
        "y" : 308098.13080000132
      }
    },
    {
      "attributes" : {
        "FID" : 102,
        "PMNTN_SPOT" : 6056,
        "MNTN_CODE" : "451900401",
        "MANAGE_SP1" : "99",
        "MANAGE_SP2" : "기타",
        "DETAIL_SPO" : "로프",
        "ETC_MATTER" : " ",
        "MNTN_NM" : "고리봉",
        "PAST_SPOT_" : "25040804000103",
        "MNTN_ID" : "2504080400"
      },
      "geometry" : {
        "x" : 222551.36649999954,
        "y" : 308034.19339999929
      }
    },
    {
      "attributes" : {
        "FID" : 103,
        "PMNTN_SPOT" : 6057,
        "MNTN_CODE" : "451900401",
        "MANAGE_SP1" : "12",
        "MANAGE_SP2" : "위험지역",
        "DETAIL_SPO" : "위험지역",
        "ETC_MATTER" : " ",
        "MNTN_NM" : "고리봉",
        "PAST_SPOT_" : "25040804000104",
        "MNTN_ID" : "2504080400"
      },
      "geometry" : {
        "x" : 222235.18690000102,
        "y" : 307855.12680000253
      }
    },
    {
      "attributes" : {
        "FID" : 104,
        "PMNTN_SPOT" : 6058,
        "MNTN_CODE" : "451900401",
        "MANAGE_SP1" : "99",
        "MANAGE_SP2" : "기타",
        "DETAIL_SPO" : "등산로전경",
        "ETC_MATTER" : " ",
        "MNTN_NM" : "고리봉",
        "PAST_SPOT_" : "25040804000105",
        "MNTN_ID" : "2504080400"
      },
      "geometry" : {
        "x" : 222105.78509999998,
        "y" : 307523.09440000169
      }
    },
    {
      "attributes" : {
        "FID" : 105,
        "PMNTN_SPOT" : 6059,
        "MNTN_CODE" : "451900401",
        "MANAGE_SP1" : "99",
        "MANAGE_SP2" : "기타",
        "DETAIL_SPO" : "임도접점",
        "ETC_MATTER" : " ",
        "MNTN_NM" : "고리봉",
        "PAST_SPOT_" : "25040804000106",
        "MNTN_ID" : "2504080400"
      },
      "geometry" : {
        "x" : 221802.69780000113,
        "y" : 307417.70099999942
      }
    },
    {
      "attributes" : {
        "FID" : 106,
        "PMNTN_SPOT" : 6060,
        "MNTN_CODE" : "451900401",
        "MANAGE_SP1" : "10",
        "MANAGE_SP2" : "이정표",
        "DETAIL_SPO" : "이정표",
        "ETC_MATTER" : " ",
        "MNTN_NM" : "고리봉",
        "PAST_SPOT_" : "25040804000107",
        "MNTN_ID" : "2504080400"
      },
      "geometry" : {
        "x" : 221372.78920000233,
        "y" : 307798.08500000089
      }
    },
    {
      "attributes" : {
        "FID" : 107,
        "PMNTN_SPOT" : 6061,
        "MNTN_CODE" : "451900401",
        "MANAGE_SP1" : "01",
        "MANAGE_SP2" : "시종점",
        "DETAIL_SPO" : "시종점",
        "ETC_MATTER" : " ",
        "MNTN_NM" : "고리봉",
        "PAST_SPOT_" : "25040804000108",
        "MNTN_ID" : "2504080400"
      },
      "geometry" : {
        "x" : 220839.60660000052,
        "y" : 307201.27030000091
      }
    },
    {
      "attributes" : {
        "FID" : 108,
        "PMNTN_SPOT" : 6062,
        "MNTN_CODE" : "451900401",
        "MANAGE_SP1" : "01",
        "MANAGE_SP2" : "시종점",
        "DETAIL_SPO" : "시종점",
        "ETC_MATTER" : " ",
        "MNTN_NM" : "고리봉",
        "PAST_SPOT_" : "25040804000109",
        "MNTN_ID" : "2504080400"
      },
      "geometry" : {
        "x" : 220877.89370000176,
        "y" : 305020.96010000259
      }
    },
    {
      "attributes" : {
        "FID" : 109,
        "PMNTN_SPOT" : 6063,
        "MNTN_CODE" : "451900401",
        "MANAGE_SP1" : "01",
        "MANAGE_SP2" : "시종점",
        "DETAIL_SPO" : "시종점",
        "ETC_MATTER" : " ",
        "MNTN_NM" : "고리봉",
        "PAST_SPOT_" : "25040804000110",
        "MNTN_ID" : "2504080400"
      },
      "geometry" : {
        "x" : 221278.21960000042,
        "y" : 307873.84120000154
      }
    },
    {
      "attributes" : {
        "FID" : 110,
        "PMNTN_SPOT" : 6064,
        "MNTN_CODE" : "451900401",
        "MANAGE_SP1" : "99",
        "MANAGE_SP2" : "기타",
        "DETAIL_SPO" : "두바리봉",
        "ETC_MATTER" : " ",
        "MNTN_NM" : "고리봉",
        "PAST_SPOT_" : "25040804000111",
        "MNTN_ID" : "2504080400"
      },
      "geometry" : {
        "x" : 222821.46040000115,
        "y" : 306249.10410000198
      }
    },
    {
      "attributes" : {
        "FID" : 111,
        "PMNTN_SPOT" : 6065,
        "MNTN_CODE" : "451900401",
        "MANAGE_SP1" : "99",
        "MANAGE_SP2" : "기타",
        "DETAIL_SPO" : "삿갓봉",
        "ETC_MATTER" : " ",
        "MNTN_NM" : "고리봉",
        "PAST_SPOT_" : "25040804000112",
        "MNTN_ID" : "2504080400"
      },
      "geometry" : {
        "x" : 222961.27150000166,
        "y" : 306028.57870000042
      }
    },
    {
      "attributes" : {
        "FID" : 112,
        "PMNTN_SPOT" : 6066,
        "MNTN_CODE" : "451900401",
        "MANAGE_SP1" : "99",
        "MANAGE_SP2" : "기타",
        "DETAIL_SPO" : "무명봉",
        "ETC_MATTER" : "645고지",
        "MNTN_NM" : "고리봉",
        "PAST_SPOT_" : "25040804000113",
        "MNTN_ID" : "2504080400"
      },
      "geometry" : {
        "x" : 223088.68840000127,
        "y" : 304771.94230000116
      }
    },
    {
      "attributes" : {
        "FID" : 113,
        "PMNTN_SPOT" : 6067,
        "MNTN_CODE" : "451900401",
        "MANAGE_SP1" : "23",
        "MANAGE_SP2" : "정상",
        "DETAIL_SPO" : "정상",
        "ETC_MATTER" : " ",
        "MNTN_NM" : "고리봉",
        "PAST_SPOT_" : "25040804000114",
        "MNTN_ID" : "2504080400"
      },
      "geometry" : {
        "x" : 223123.60540000256,
        "y" : 308603.26559999958
      }
    },
    {
      "attributes" : {
        "FID" : 114,
        "PMNTN_SPOT" : 6068,
        "MNTN_CODE" : "451900401",
        "MANAGE_SP1" : "23",
        "MANAGE_SP2" : "정상",
        "DETAIL_SPO" : "정상",
        "ETC_MATTER" : "표지석, 삼각",
        "MNTN_NM" : "고리봉",
        "PAST_SPOT_" : "25040804000115",
        "MNTN_ID" : "2504080400"
      },
      "geometry" : {
        "x" : 223189.73420000356,
        "y" : 304583.76860000007
      }
    },
    {
      "attributes" : {
        "FID" : 115,
        "PMNTN_SPOT" : 6069,
        "MNTN_CODE" : "451900401",
        "MANAGE_SP1" : "02",
        "MANAGE_SP2" : "분기점",
        "DETAIL_SPO" : "분기점",
        "ETC_MATTER" : " ",
        "MNTN_NM" : "고리봉",
        "PAST_SPOT_" : "25040804000116",
        "MNTN_ID" : "2504080400"
      },
      "geometry" : {
        "x" : 223396.51840000041,
        "y" : 304569.57430000231
      }
    },
    {
      "attributes" : {
        "FID" : 116,
        "PMNTN_SPOT" : 6070,
        "MNTN_CODE" : "451900401",
        "MANAGE_SP1" : "02",
        "MANAGE_SP2" : "분기점",
        "DETAIL_SPO" : "분기점",
        "ETC_MATTER" : " ",
        "MNTN_NM" : "고리봉",
        "PAST_SPOT_" : "25040804000117",
        "MNTN_ID" : "2504080400"
      },
      "geometry" : {
        "x" : 223805.14850000292,
        "y" : 304427.32100000232
      }
    },
    {
      "attributes" : {
        "FID" : 117,
        "PMNTN_SPOT" : 6071,
        "MNTN_CODE" : "451900401",
        "MANAGE_SP1" : "01",
        "MANAGE_SP2" : "시종점",
        "DETAIL_SPO" : "시종점,비홍치",
        "ETC_MATTER" : " ",
        "MNTN_NM" : "고리봉",
        "PAST_SPOT_" : "25040804000118",
        "MNTN_ID" : "2504080400"
      },
      "geometry" : {
        "x" : 224304.01740000118,
        "y" : 311912.56919999979
      }
    },
    {
      "attributes" : {
        "FID" : 118,
        "PMNTN_SPOT" : 6072,
        "MNTN_CODE" : "451900401",
        "MANAGE_SP1" : "02",
        "MANAGE_SP2" : "분기점",
        "DETAIL_SPO" : "매촌마을갈림",
        "ETC_MATTER" : " ",
        "MNTN_NM" : "고리봉",
        "PAST_SPOT_" : "25040804000119",
        "MNTN_ID" : "2504080400"
      },
      "geometry" : {
        "x" : 224636.50450000074,
        "y" : 305618.08980000019
      }
    },
    {
      "attributes" : {
        "FID" : 119,
        "PMNTN_SPOT" : 6073,
        "MNTN_CODE" : "451900401",
        "MANAGE_SP1" : "01",
        "MANAGE_SP2" : "시종점",
        "DETAIL_SPO" : "시종점",
        "ETC_MATTER" : " ",
        "MNTN_NM" : "고리봉",
        "PAST_SPOT_" : "25040804000120",
        "MNTN_ID" : "2504080400"
      },
      "geometry" : {
        "x" : 225190.56010000221,
        "y" : 306018.01380000077
      }
    },
    {
      "attributes" : {
        "FID" : 120,
        "PMNTN_SPOT" : 6074,
        "MNTN_CODE" : "451900401",
        "MANAGE_SP1" : "01",
        "MANAGE_SP2" : "시종점",
        "DETAIL_SPO" : "시종점",
        "ETC_MATTER" : " ",
        "MNTN_NM" : "고리봉",
        "PAST_SPOT_" : "25040804000121",
        "MNTN_ID" : "2504080400"
      },
      "geometry" : {
        "x" : 225435.48710000049,
        "y" : 305489.68290000036
      }
    },
    {
      "attributes" : {
        "FID" : 121,
        "PMNTN_SPOT" : 6075,
        "MNTN_CODE" : "451900401",
        "MANAGE_SP1" : "01",
        "MANAGE_SP2" : "시종점",
        "DETAIL_SPO" : "시종점,이정표",
        "ETC_MATTER" : "1075~1077",
        "MNTN_NM" : "고리봉",
        "PAST_SPOT_" : "25040804000122",
        "MNTN_ID" : "2504080400"
      },
      "geometry" : {
        "x" : 226042.64050000161,
        "y" : 302256.75069999881
      }
    },
    {
      "attributes" : {
        "FID" : 122,
        "PMNTN_SPOT" : 6076,
        "MNTN_CODE" : "451900401",
        "MANAGE_SP1" : "02",
        "MANAGE_SP2" : "분기점",
        "DETAIL_SPO" : "분기점",
        "ETC_MATTER" : " ",
        "MNTN_NM" : "고리봉",
        "PAST_SPOT_" : "25040804000123",
        "MNTN_ID" : "2504080400"
      },
      "geometry" : {
        "x" : 224331.7622000007,
        "y" : 305408.32660000026
      }
    }
  ]
}