{
  "displayFieldName" : "",
  "fieldAliases" : {
    "FID" : "FID",
    "PMNTN_SN" : "PMNTN_SN",
    "MNTN_CODE" : "MNTN_CODE",
    "MNTN_NM" : "MNTN_NM",
    "PMNTN_NM" : "PMNTN_NM",
    "PMNTN_MAIN" : "PMNTN_MAIN",
    "PMNTN_LT" : "PMNTN_LT",
    "PMNTN_DFFL" : "PMNTN_DFFL",
    "PMNTN_UPPL" : "PMNTN_UPPL",
    "PMNTN_GODN" : "PMNTN_GODN",
    "PMNTN_MTRQ" : "PMNTN_MTRQ",
    "PMNTN_CNRL" : "PMNTN_CNRL",
    "PMNTN_CLS_" : "PMNTN_CLS_",
    "PMNTN_RISK" : "PMNTN_RISK",
    "PMNTN_RECO" : "PMNTN_RECO",
    "DATA_STDR_" : "DATA_STDR_",
    "MNTN_ID" : "MNTN_ID"
  },
  "geometryType" : "esriGeometryPolyline",
  "spatialReference" : {
    "wkt" : "PROJCS[\"PCS_ITRF2000_TM\",GEOGCS[\"GCS_ITRF_2000\",DATUM[\"D_ITRF_2000\",SPHEROID[\"GRS_1980\",6378137.0,298.257222101]],PRIMEM[\"Greenwich\",0.0],UNIT[\"Degree\",0.0174532925199433]],PROJECTION[\"Transverse_Mercator\"],PARAMETER[\"False_Easting\",200000.0],PARAMETER[\"False_Northing\",600000.0],PARAMETER[\"Central_Meridian\",127.0],PARAMETER[\"Scale_Factor\",1.0],PARAMETER[\"Latitude_Of_Origin\",38.0],UNIT[\"Meter\",1.0]]"
  },
  "fields" : [
    {
      "name" : "FID",
      "type" : "esriFieldTypeOID",
      "alias" : "FID"
    },
    {
      "name" : "PMNTN_SN",
      "type" : "esriFieldTypeDouble",
      "alias" : "PMNTN_SN"
    },
    {
      "name" : "MNTN_CODE",
      "type" : "esriFieldTypeString",
      "alias" : "MNTN_CODE",
      "length" : 9
    },
    {
      "name" : "MNTN_NM",
      "type" : "esriFieldTypeString",
      "alias" : "MNTN_NM",
      "length" : 50
    },
    {
      "name" : "PMNTN_NM",
      "type" : "esriFieldTypeString",
      "alias" : "PMNTN_NM",
      "length" : 50
    },
    {
      "name" : "PMNTN_MAIN",
      "type" : "esriFieldTypeString",
      "alias" : "PMNTN_MAIN",
      "length" : 200
    },
    {
      "name" : "PMNTN_LT",
      "type" : "esriFieldTypeSingle",
      "alias" : "PMNTN_LT"
    },
    {
      "name" : "PMNTN_DFFL",
      "type" : "esriFieldTypeString",
      "alias" : "PMNTN_DFFL",
      "length" : 8
    },
    {
      "name" : "PMNTN_UPPL",
      "type" : "esriFieldTypeDouble",
      "alias" : "PMNTN_UPPL"
    },
    {
      "name" : "PMNTN_GODN",
      "type" : "esriFieldTypeDouble",
      "alias" : "PMNTN_GODN"
    },
    {
      "name" : "PMNTN_MTRQ",
      "type" : "esriFieldTypeString",
      "alias" : "PMNTN_MTRQ",
      "length" : 200
    },
    {
      "name" : "PMNTN_CNRL",
      "type" : "esriFieldTypeString",
      "alias" : "PMNTN_CNRL",
      "length" : 1
    },
    {
      "name" : "PMNTN_CLS_",
      "type" : "esriFieldTypeString",
      "alias" : "PMNTN_CLS_",
      "length" : 1
    },
    {
      "name" : "PMNTN_RISK",
      "type" : "esriFieldTypeString",
      "alias" : "PMNTN_RISK",
      "length" : 200
    },
    {
      "name" : "PMNTN_RECO",
      "type" : "esriFieldTypeString",
      "alias" : "PMNTN_RECO",
      "length" : 1
    },
    {
      "name" : "DATA_STDR_",
      "type" : "esriFieldTypeString",
      "alias" : "DATA_STDR_",
      "length" : 10
    },
    {
      "name" : "MNTN_ID",
      "type" : "esriFieldTypeString",
      "alias" : "MNTN_ID",
      "length" : 10
    }
  ],
  "features" : [
    {
      "attributes" : {
        "FID" : 0,
        "PMNTN_SN" : 13686,
        "MNTN_CODE" : "412801504",
        "MNTN_NM" : "동국대뒷산",
        "PMNTN_NM" : "동국대농대생태체험장입구-동국로등산로입구구간",
        "PMNTN_MAIN" : " ",
        "PMNTN_LT" : 0.15,
        "PMNTN_DFFL" : "쉬움",
        "PMNTN_UPPL" : 3,
        "PMNTN_GODN" : 2,
        "PMNTN_MTRQ" : "토사",
        "PMNTN_CNRL" : " ",
        "PMNTN_CLS_" : " ",
        "PMNTN_RISK" : " ",
        "PMNTN_RECO" : " ",
        "DATA_STDR_" : "2016-12-31",
        "MNTN_ID" : "412801504"
      },
      "geometry" : {
        "paths" : [
          [
            [
              182883.60850000009,
              564390.37000000104
            ],
            [
              182882.76650000177,
              564381.93970000185
            ],
            [
              182885.46270000283,
              564375.3021000009
            ],
            [
              182887.71310000028,
              564369.1054999996
            ],
            [
              182887.7510000011,
              564362.01019999944
            ],
            [
              182888.66630000062,
              564356.69349999912
            ],
            [
              182886.48680000007,
              564349.58640000224
            ],
            [
              182881.20560000278,
              564342.01930000074
            ],
            [
              182876.35830000136,
              564336.22839999944
            ],
            [
              182872.83670000266,
              564331.33149999939
            ],
            [
              182874.18840000127,
              564327.34750000201
            ],
            [
              182881.30730000138,
              564322.95079999976
            ],
            [
              182892.6428000005,
              564320.68700000085
            ],
            [
              182902.03880000021,
              564318.5708000008
            ],
            [
              182916.67650000006,
              564314.02140000276
            ],
            [
              182938.5820000004,
              564305.59190000407
            ],
            [
              182946.29340000078,
              564298.7509000022
            ]
          ]
        ]
      }
    },
    {
      "attributes" : {
        "FID" : 1,
        "PMNTN_SN" : 13687,
        "MNTN_CODE" : "412801504",
        "MNTN_NM" : "동국대뒷산",
        "PMNTN_NM" : "동국대농대생태체험장입구-동국로등산로입구구간",
        "PMNTN_MAIN" : " ",
        "PMNTN_LT" : 0.05,
        "PMNTN_DFFL" : "쉬움",
        "PMNTN_UPPL" : 1,
        "PMNTN_GODN" : 1,
        "PMNTN_MTRQ" : "토사",
        "PMNTN_CNRL" : " ",
        "PMNTN_CLS_" : " ",
        "PMNTN_RISK" : " ",
        "PMNTN_RECO" : " ",
        "DATA_STDR_" : "2016-12-31",
        "MNTN_ID" : "412801504"
      },
      "geometry" : {
        "paths" : [
          [
            [
              182883.60850000009,
              564390.37000000104
            ],
            [
              182880.46880000085,
              564397.00530000217
            ],
            [
              182877.77020000108,
              564404.08639999852
            ],
            [
              182880.85080000386,
              564408.53750000149
            ],
            [
              182883.05150000099,
              564411.65350000001
            ],
            [
              182883.90050000045,
              564418.75350000151
            ],
            [
              182883.42400000338,
              564424.95950000174
            ],
            [
              182881.18300000392,
              564429.38220000267
            ],
            [
              182878.07410000358,
              564430.25260000303
            ]
          ]
        ]
      }
    },
    {
      "attributes" : {
        "FID" : 2,
        "PMNTN_SN" : 13688,
        "MNTN_CODE" : "412801504",
        "MNTN_NM" : "동국대뒷산",
        "PMNTN_NM" : "동국대농대생태체험장입구-동국로등산로입구구간",
        "PMNTN_MAIN" : " ",
        "PMNTN_LT" : 0.28,
        "PMNTN_DFFL" : "쉬움",
        "PMNTN_UPPL" : 5,
        "PMNTN_GODN" : 3,
        "PMNTN_MTRQ" : "토사",
        "PMNTN_CNRL" : " ",
        "PMNTN_CLS_" : " ",
        "PMNTN_RISK" : " ",
        "PMNTN_RECO" : " ",
        "DATA_STDR_" : "2016-12-31",
        "MNTN_ID" : "412801504"
      },
      "geometry" : {
        "paths" : [
          [
            [
              183087.34370000102,
              564563.74379999936
            ],
            [
              183079.3981999997,
              564556.82770000212
            ],
            [
              183076.53940000013,
              564552.37779999897
            ],
            [
              183065.06159999967,
              564542.56030000187
            ],
            [
              183061.98109999951,
              564538.10920000076
            ],
            [
              183056.24689999968,
              564532.3134999983
            ],
            [
              183051.85500000138,
              564524.30770000257
            ],
            [
              183043.9012000002,
              564518.94360000081
            ],
            [
              183037.72360000107,
              564513.1456000004
            ],
            [
              183033.76560000051,
              564506.91599999927
            ],
            [
              183030.24400000367,
              564502.01900000498
            ],
            [
              183025.83779999986,
              564496.67390000634
            ],
            [
              183020.97869999986,
              564493.10029999912
            ],
            [
              183015.67150000017,
              564490.41110000014
            ],
            [
              183009.93730000407,
              564484.61550000682
            ],
            [
              183006.41100000124,
              564480.60550000146
            ],
            [
              183002.00250000041,
              564475.70380000025
            ],
            [
              182995.80360000208,
              564473.89690000005
            ],
            [
              182983.25319999922,
              564467.99290000275
            ],
            [
              182965.25320000015,
              564466.03720000014
            ],
            [
              182955.42650000006,
              564463.14520000108
            ],
            [
              182950.31120000035,
              564457.98200000077
            ],
            [
              182943.59180000052,
              564451.88849999942
            ],
            [
              182938.76829999965,
              564441.6630000025
            ],
            [
              182934.37630000059,
              564433.65720000118
            ],
            [
              182930.41830000095,
              564427.42750000022
            ],
            [
              182928.22940000147,
              564422.09420000389
            ],
            [
              182918.07970000058,
              564412.72730000131
            ],
            [
              182914.10510000121,
              564409.6018000003
            ],
            [
              182908.13949999958,
              564403.7060000021
            ],
            [
              182902.89809999987,
              564399.95050000213
            ],
            [
              182899.89400000032,
              564397.27370000072
            ],
            [
              182894.8534000013,
              564394.22849999927
            ],
            [
              182888.4757000003,
              564392.42060000077
            ],
            [
              182883.60850000009,
              564390.37000000104
            ]
          ]
        ]
      }
    },
    {
      "attributes" : {
        "FID" : 3,
        "PMNTN_SN" : 13689,
        "MNTN_CODE" : "412801504",
        "MNTN_NM" : "동국대뒷산",
        "PMNTN_NM" : "동국대농대생태체험장입구-동국로등산로입구구간",
        "PMNTN_MAIN" : " ",
        "PMNTN_LT" : 0.17,
        "PMNTN_DFFL" : "쉬움",
        "PMNTN_UPPL" : 3,
        "PMNTN_GODN" : 2,
        "PMNTN_MTRQ" : "토사",
        "PMNTN_CNRL" : " ",
        "PMNTN_CLS_" : " ",
        "PMNTN_RISK" : " ",
        "PMNTN_RECO" : " ",
        "DATA_STDR_" : "2016-12-31",
        "MNTN_ID" : "412801504"
      },
      "geometry" : {
        "paths" : [
          [
            [
              183087.34370000102,
              564563.74379999936
            ],
            [
              183098.1873000022,
              564558.38020000234
            ],
            [
              183105.87220000196,
              564560.59660000168
            ],
            [
              183118.30930000264,
              564555.53409999982
            ],
            [
              183128.26970000099,
              564548.16210000031
            ],
            [
              183134.23610000033,
              564543.93810000271
            ],
            [
              183140.02000000142,
              564539.0978000015
            ],
            [
              183146.61560000014,
              564534.88410000131
            ],
            [
              183151.80780000146,
              564533.48850000091
            ],
            [
              183152.69479999971,
              564533.49320000224
            ],
            [
              183164.6893000016,
              564529.56599999778
            ],
            [
              183176.68620000314,
              564525.19529999979
            ],
            [
              183192.69790000003,
              564516.4114000015
            ],
            [
              183208.28740000166,
              564503.63400000334
            ],
            [
              183223.06450000405,
              564495.12390000001
            ],
            [
              183228.21570000052,
              564494.32760000229
            ],
            [
              183234.14750000183,
              564496.67650000192
            ]
          ]
        ]
      }
    },
    {
      "attributes" : {
        "FID" : 4,
        "PMNTN_SN" : 13690,
        "MNTN_CODE" : "412801504",
        "MNTN_NM" : "동국대뒷산",
        "PMNTN_NM" : "동국대농대생태체험장입구-동국로등산로입구구간",
        "PMNTN_MAIN" : "군사초소",
        "PMNTN_LT" : 0.57,
        "PMNTN_DFFL" : "쉬움",
        "PMNTN_UPPL" : 10,
        "PMNTN_GODN" : 7,
        "PMNTN_MTRQ" : "토사",
        "PMNTN_CNRL" : " ",
        "PMNTN_CLS_" : " ",
        "PMNTN_RISK" : " ",
        "PMNTN_RECO" : " ",
        "DATA_STDR_" : "2016-12-31",
        "MNTN_ID" : "412801504"
      },
      "geometry" : {
        "paths" : [
          [
            [
              182978.36200000159,
              565041.66350000352
            ],
            [
              182982.86519999988,
              565028.82700000145
            ],
            [
              182982.91480000131,
              565019.51439999975
            ],
            [
              182982.49029999971,
              565015.96440000087
            ],
            [
              182978.5513000004,
              565006.18710000068
            ],
            [
              182974.59569999948,
              564999.51399999857
            ],
            [
              182972.8881000001,
              564987.08779999986
            ],
            [
              182970.28650000412,
              564975.98730000108
            ],
            [
              182969.9188000001,
              564961.79439999908
            ],
            [
              182970.45210000128,
              564944.94540000148
            ],
            [
              182969.64090000093,
              564930.75019999966
            ],
            [
              182967.06769999955,
              564914.32819999941
            ],
            [
              182967.13870000001,
              564901.02450000122
            ],
            [
              182967.55100000184,
              564892.07149999961
            ],
            [
              182965.34620000049,
              564874.93629999831
            ],
            [
              182962.4606999997,
              564866.13750000112
            ],
            [
              182958.46660000272,
              564849.26439999975
            ],
            [
              182955.06109999865,
              564838.69590000249
            ],
            [
              182954.21360000223,
              564830.0008000005
            ],
            [
              182952.05790000223,
              564817.13580000214
            ],
            [
              182951.31400000025,
              564807.72610000335
            ],
            [
              182949.33340000082,
              564795.56320000067
            ],
            [
              182946.46320000291,
              564786.49970000051
            ],
            [
              182942.33150000311,
              564781.95010000095
            ],
            [
              182939.27530000359,
              564775.55350000039
            ],
            [
              182937.9841,
              564769.53080000356
            ],
            [
              182934.32679999992,
              564760.48420000076
            ],
            [
              182934.16900000256,
              564748.68150000274
            ],
            [
              182932.98350000009,
              564736.31599999964
            ],
            [
              182933.05210000277,
              564723.45580000244
            ],
            [
              182934.46050000191,
              564708.82890000194
            ],
            [
              182936.67000000272,
              564694.19230000675
            ],
            [
              182938.64780000038,
              564689.4048999995
            ],
            [
              182941.26850000024,
              564679.59640000202
            ],
            [
              182945.30450000148,
              564671.1921000015
            ],
            [
              182952.8414000012,
              564656.77670000121
            ],
            [
              182961.85190000199,
              564645.11580000259
            ],
            [
              182980.55740000214,
              564630.13770000078
            ],
            [
              182989.8983000014,
              564624.86590000056
            ],
            [
              182993.90359999985,
              564622.22649999894
            ],
            [
              183003.69750000071,
              564615.18330000155
            ],
            [
              183012.60210000072,
              564608.57880000211
            ],
            [
              183018.400100003,
              564602.40120000206
            ],
            [
              183023.74050000217,
              564598.88189999945
            ],
            [
              183031.82620000094,
              564594.31159999967
            ],
            [
              183037.42210000101,
              564593.81210000068
            ],
            [
              183045.93210000172,
              564595.45260000043
            ],
            [
              183055.59860000014,
              564594.87490000017
            ],
            [
              183063.6071000006,
              564591.28399999999
            ],
            [
              183073.73080000095,
              564588.14079999924
            ],
            [
              183081.49130000267,
              564580.12090000138
            ],
            [
              183083.75820000004,
              564570.82019999996
            ],
            [
              183087.34370000102,
              564563.74379999936
            ]
          ]
        ]
      }
    }
  ]
}