{
  "displayFieldName" : "",
  "fieldAliases" : {
    "FID" : "FID",
    "PMNTN_SPOT" : "PMNTN_SPOT",
    "MNTN_CODE" : "MNTN_CODE",
    "MANAGE_SP1" : "MANAGE_SP1",
    "MANAGE_SP2" : "MANAGE_SP2",
    "DETAIL_SPO" : "DETAIL_SPO",
    "ETC_MATTER" : "ETC_MATTER",
    "MNTN_NM" : "MNTN_NM",
    "PAST_SPOT_" : "PAST_SPOT_",
    "MNTN_ID" : "MNTN_ID"
  },
  "geometryType" : "esriGeometryPoint",
  "spatialReference" : {
    "wkt" : "PROJCS[\"PCS_ITRF2000_TM\",GEOGCS[\"GCS_ITRF_2000\",DATUM[\"D_ITRF_2000\",SPHEROID[\"GRS_1980\",6378137.0,298.257222101]],PRIMEM[\"Greenwich\",0.0],UNIT[\"Degree\",0.0174532925199433]],PROJECTION[\"Transverse_Mercator\"],PARAMETER[\"False_Easting\",200000.0],PARAMETER[\"False_Northing\",600000.0],PARAMETER[\"Central_Meridian\",127.0],PARAMETER[\"Scale_Factor\",1.0],PARAMETER[\"Latitude_Of_Origin\",38.0],UNIT[\"Meter\",1.0]]"
  },
  "fields" : [
    {
      "name" : "FID",
      "type" : "esriFieldTypeOID",
      "alias" : "FID"
    },
    {
      "name" : "PMNTN_SPOT",
      "type" : "esriFieldTypeDouble",
      "alias" : "PMNTN_SPOT"
    },
    {
      "name" : "MNTN_CODE",
      "type" : "esriFieldTypeString",
      "alias" : "MNTN_CODE",
      "length" : 9
    },
    {
      "name" : "MANAGE_SP1",
      "type" : "esriFieldTypeString",
      "alias" : "MANAGE_SP1",
      "length" : 2
    },
    {
      "name" : "MANAGE_SP2",
      "type" : "esriFieldTypeString",
      "alias" : "MANAGE_SP2",
      "length" : 50
    },
    {
      "name" : "DETAIL_SPO",
      "type" : "esriFieldTypeString",
      "alias" : "DETAIL_SPO",
      "length" : 200
    },
    {
      "name" : "ETC_MATTER",
      "type" : "esriFieldTypeString",
      "alias" : "ETC_MATTER",
      "length" : 200
    },
    {
      "name" : "MNTN_NM",
      "type" : "esriFieldTypeString",
      "alias" : "MNTN_NM",
      "length" : 50
    },
    {
      "name" : "PAST_SPOT_",
      "type" : "esriFieldTypeString",
      "alias" : "PAST_SPOT_",
      "length" : 14
    },
    {
      "name" : "MNTN_ID",
      "type" : "esriFieldTypeString",
      "alias" : "MNTN_ID",
      "length" : 10
    }
  ],
  "features" : [
    {
      "attributes" : {
        "FID" : 0,
        "PMNTN_SPOT" : 75188,
        "MNTN_CODE" : "468702401",
        "MANAGE_SP1" : "09",
        "MANAGE_SP2" : "기타건물",
        "DETAIL_SPO" : "기타건물",
        "ETC_MATTER" : " ",
        "MNTN_NM" : "인의산",
        "PAST_SPOT_" : "4687024010001",
        "MNTN_ID" : "468702401"
      },
      "geometry" : {
        "x" : 149987.82120000198,
        "y" : 307655.00610000081
      }
    },
    {
      "attributes" : {
        "FID" : 1,
        "PMNTN_SPOT" : 75189,
        "MNTN_CODE" : "468702401",
        "MANAGE_SP1" : "23",
        "MANAGE_SP2" : "정상",
        "DETAIL_SPO" : "정상부",
        "ETC_MATTER" : " ",
        "MNTN_NM" : "인의산",
        "PAST_SPOT_" : "4687024010002",
        "MNTN_ID" : "468702401"
      },
      "geometry" : {
        "x" : 150072.92440000176,
        "y" : 307512.76539999992
      }
    },
    {
      "attributes" : {
        "FID" : 2,
        "PMNTN_SPOT" : 75190,
        "MNTN_CODE" : "468702401",
        "MANAGE_SP1" : "01",
        "MANAGE_SP2" : "시종점",
        "DETAIL_SPO" : "시종점",
        "ETC_MATTER" : " ",
        "MNTN_NM" : "인의산",
        "PAST_SPOT_" : "4687024010003",
        "MNTN_ID" : "468702401"
      },
      "geometry" : {
        "x" : 149385.13920000102,
        "y" : 307742.64970000274
      }
    },
    {
      "attributes" : {
        "FID" : 3,
        "PMNTN_SPOT" : 75191,
        "MNTN_CODE" : "468702401",
        "MANAGE_SP1" : "01",
        "MANAGE_SP2" : "시종점",
        "DETAIL_SPO" : "시종점",
        "ETC_MATTER" : " ",
        "MNTN_NM" : "인의산",
        "PAST_SPOT_" : "4687024010004",
        "MNTN_ID" : "468702401"
      },
      "geometry" : {
        "x" : 149784.45550000109,
        "y" : 307507.77749999985
      }
    },
    {
      "attributes" : {
        "FID" : 4,
        "PMNTN_SPOT" : 75192,
        "MNTN_CODE" : "468702401",
        "MANAGE_SP1" : "01",
        "MANAGE_SP2" : "시종점",
        "DETAIL_SPO" : "시종점",
        "ETC_MATTER" : " ",
        "MNTN_NM" : "인의산",
        "PAST_SPOT_" : "4687024010005",
        "MNTN_ID" : "468702401"
      },
      "geometry" : {
        "x" : 149802.13940000162,
        "y" : 306946.03780000284
      }
    },
    {
      "attributes" : {
        "FID" : 5,
        "PMNTN_SPOT" : 75193,
        "MNTN_CODE" : "468702401",
        "MANAGE_SP1" : "02",
        "MANAGE_SP2" : "분기점",
        "DETAIL_SPO" : "분기점",
        "ETC_MATTER" : " ",
        "MNTN_NM" : "인의산",
        "PAST_SPOT_" : "4687024010006",
        "MNTN_ID" : "468702401"
      },
      "geometry" : {
        "x" : 149991.99430000223,
        "y" : 307647.79509999976
      }
    },
    {
      "attributes" : {
        "FID" : 6,
        "PMNTN_SPOT" : 75194,
        "MNTN_CODE" : "468702401",
        "MANAGE_SP1" : "02",
        "MANAGE_SP2" : "분기점",
        "DETAIL_SPO" : "분기점",
        "ETC_MATTER" : " ",
        "MNTN_NM" : "인의산",
        "PAST_SPOT_" : "4687024010007",
        "MNTN_ID" : "468702401"
      },
      "geometry" : {
        "x" : 150070.20679999981,
        "y" : 307516.88470000215
      }
    },
    {
      "attributes" : {
        "FID" : 7,
        "PMNTN_SPOT" : 75195,
        "MNTN_CODE" : "468702401",
        "MANAGE_SP1" : "01",
        "MANAGE_SP2" : "시종점",
        "DETAIL_SPO" : "시종점",
        "ETC_MATTER" : " ",
        "MNTN_NM" : "인의산",
        "PAST_SPOT_" : "4687024010008",
        "MNTN_ID" : "468702401"
      },
      "geometry" : {
        "x" : 150107.17939999979,
        "y" : 307330.78989999928
      }
    },
    {
      "attributes" : {
        "FID" : 8,
        "PMNTN_SPOT" : 98988,
        "MNTN_CODE" : "468702401",
        "MANAGE_SP1" : "99",
        "MANAGE_SP2" : "기타",
        "DETAIL_SPO" : "청동마을",
        "ETC_MATTER" : " ",
        "MNTN_NM" : "인의산",
        "PAST_SPOT_" : "4687024010009",
        "MNTN_ID" : "468702401"
      },
      "geometry" : {
        "x" : 149992.41789999895,
        "y" : 307670.62299999996
      }
    },
    {
      "attributes" : {
        "FID" : 9,
        "PMNTN_SPOT" : 98989,
        "MNTN_CODE" : "468702401",
        "MANAGE_SP1" : "09",
        "MANAGE_SP2" : "기타건물",
        "DETAIL_SPO" : "기타건물",
        "ETC_MATTER" : " ",
        "MNTN_NM" : "인의산",
        "PAST_SPOT_" : "4687024010010",
        "MNTN_ID" : "468702401"
      },
      "geometry" : {
        "x" : 149989.76369999937,
        "y" : 307645.39780000062
      }
    }
  ]
}