{
  "displayFieldName" : "",
  "fieldAliases" : {
    "FID" : "FID",
    "PMNTN_SPOT" : "PMNTN_SPOT",
    "MNTN_CODE" : "MNTN_CODE",
    "MANAGE_SP1" : "MANAGE_SP1",
    "MANAGE_SP2" : "MANAGE_SP2",
    "DETAIL_SPO" : "DETAIL_SPO",
    "ETC_MATTER" : "ETC_MATTER",
    "MNTN_NM" : "MNTN_NM",
    "PAST_SPOT_" : "PAST_SPOT_",
    "MNTN_ID" : "MNTN_ID"
  },
  "geometryType" : "esriGeometryPoint",
  "spatialReference" : {
    "wkt" : "PROJCS[\"PCS_ITRF2000_TM\",GEOGCS[\"GCS_ITRF_2000\",DATUM[\"D_ITRF_2000\",SPHEROID[\"GRS_1980\",6378137.0,298.257222101]],PRIMEM[\"Greenwich\",0.0],UNIT[\"Degree\",0.0174532925199433]],PROJECTION[\"Transverse_Mercator\"],PARAMETER[\"False_Easting\",200000.0],PARAMETER[\"False_Northing\",600000.0],PARAMETER[\"Central_Meridian\",127.0],PARAMETER[\"Scale_Factor\",1.0],PARAMETER[\"Latitude_Of_Origin\",38.0],UNIT[\"Meter\",1.0]]"
  },
  "fields" : [
    {
      "name" : "FID",
      "type" : "esriFieldTypeOID",
      "alias" : "FID"
    },
    {
      "name" : "PMNTN_SPOT",
      "type" : "esriFieldTypeDouble",
      "alias" : "PMNTN_SPOT"
    },
    {
      "name" : "MNTN_CODE",
      "type" : "esriFieldTypeString",
      "alias" : "MNTN_CODE",
      "length" : 9
    },
    {
      "name" : "MANAGE_SP1",
      "type" : "esriFieldTypeString",
      "alias" : "MANAGE_SP1",
      "length" : 2
    },
    {
      "name" : "MANAGE_SP2",
      "type" : "esriFieldTypeString",
      "alias" : "MANAGE_SP2",
      "length" : 50
    },
    {
      "name" : "DETAIL_SPO",
      "type" : "esriFieldTypeString",
      "alias" : "DETAIL_SPO",
      "length" : 200
    },
    {
      "name" : "ETC_MATTER",
      "type" : "esriFieldTypeString",
      "alias" : "ETC_MATTER",
      "length" : 200
    },
    {
      "name" : "MNTN_NM",
      "type" : "esriFieldTypeString",
      "alias" : "MNTN_NM",
      "length" : 50
    },
    {
      "name" : "PAST_SPOT_",
      "type" : "esriFieldTypeString",
      "alias" : "PAST_SPOT_",
      "length" : 14
    },
    {
      "name" : "MNTN_ID",
      "type" : "esriFieldTypeString",
      "alias" : "MNTN_ID",
      "length" : 10
    }
  ],
  "features" : [
    {
      "attributes" : {
        "FID" : 0,
        "PMNTN_SPOT" : 72614,
        "MNTN_CODE" : "437403001",
        "MANAGE_SP1" : "16",
        "MANAGE_SP2" : "주요나무",
        "DETAIL_SPO" : "소나무",
        "ETC_MATTER" : "쉼터,소나무군락지역",
        "MNTN_NM" : "월류봉",
        "PAST_SPOT_" : "23041129000001",
        "MNTN_ID" : "2304112900"
      },
      "geometry" : {
        "x" : 279294.39010000322,
        "y" : 403936.38750000298
      }
    },
    {
      "attributes" : {
        "FID" : 1,
        "PMNTN_SPOT" : 72615,
        "MNTN_CODE" : "437403001",
        "MANAGE_SP1" : "14",
        "MANAGE_SP2" : "조망점",
        "DETAIL_SPO" : "조망1",
        "ETC_MATTER" : "전망대, 쉼터",
        "MNTN_NM" : "월류봉",
        "PAST_SPOT_" : "23041129000002",
        "MNTN_ID" : "2304112900"
      },
      "geometry" : {
        "x" : 279360.74659999926,
        "y" : 403908.50349999964
      }
    },
    {
      "attributes" : {
        "FID" : 2,
        "PMNTN_SPOT" : 72616,
        "MNTN_CODE" : "437403001",
        "MANAGE_SP1" : "14",
        "MANAGE_SP2" : "조망점",
        "DETAIL_SPO" : "조망2",
        "ETC_MATTER" : "봉우리,전망대",
        "MNTN_NM" : "월류봉",
        "PAST_SPOT_" : "23041129000003",
        "MNTN_ID" : "2304112900"
      },
      "geometry" : {
        "x" : 279647.00760000013,
        "y" : 403847.21340000443
      }
    },
    {
      "attributes" : {
        "FID" : 3,
        "PMNTN_SPOT" : 72617,
        "MNTN_CODE" : "437403001",
        "MANAGE_SP1" : "14",
        "MANAGE_SP2" : "조망점",
        "DETAIL_SPO" : "조망3",
        "ETC_MATTER" : "봉우리,전망대",
        "MNTN_NM" : "월류봉",
        "PAST_SPOT_" : "23041129000004",
        "MNTN_ID" : "2304112900"
      },
      "geometry" : {
        "x" : 280186.73770000134,
        "y" : 403917.62140000239
      }
    },
    {
      "attributes" : {
        "FID" : 4,
        "PMNTN_SPOT" : 72618,
        "MNTN_CODE" : "437403001",
        "MANAGE_SP1" : "14",
        "MANAGE_SP2" : "조망점",
        "DETAIL_SPO" : "조망4",
        "ETC_MATTER" : "봉우리,전망대",
        "MNTN_NM" : "월류봉",
        "PAST_SPOT_" : "23041129000005",
        "MNTN_ID" : "2304112900"
      },
      "geometry" : {
        "x" : 280249.5700000003,
        "y" : 404030.67769999988
      }
    },
    {
      "attributes" : {
        "FID" : 5,
        "PMNTN_SPOT" : 72619,
        "MNTN_CODE" : "437403001",
        "MANAGE_SP1" : "01",
        "MANAGE_SP2" : "시종점",
        "DETAIL_SPO" : "시종점,우천리",
        "ETC_MATTER" : "우천리등산로입구",
        "MNTN_NM" : "월류봉",
        "PAST_SPOT_" : "23041129000006",
        "MNTN_ID" : "2304112900"
      },
      "geometry" : {
        "x" : 278529.4235000005,
        "y" : 403942.29390000179
      }
    },
    {
      "attributes" : {
        "FID" : 6,
        "PMNTN_SPOT" : 72620,
        "MNTN_CODE" : "437403001",
        "MANAGE_SP1" : "99",
        "MANAGE_SP2" : "기타",
        "DETAIL_SPO" : "상상봉",
        "ETC_MATTER" : "정 상",
        "MNTN_NM" : "월류봉",
        "PAST_SPOT_" : "23041129000007",
        "MNTN_ID" : "2304112900"
      },
      "geometry" : {
        "x" : 279808.3234000029,
        "y" : 403742.86910000257
      }
    },
    {
      "attributes" : {
        "FID" : 7,
        "PMNTN_SPOT" : 72621,
        "MNTN_CODE" : "437403001",
        "MANAGE_SP1" : "99",
        "MANAGE_SP2" : "기타",
        "DETAIL_SPO" : "월류봉",
        "ETC_MATTER" : "봉우리,전망대",
        "MNTN_NM" : "월류봉",
        "PAST_SPOT_" : "23041129000008",
        "MNTN_ID" : "2304112900"
      },
      "geometry" : {
        "x" : 280056.67490000091,
        "y" : 403883.12140000239
      }
    },
    {
      "attributes" : {
        "FID" : 8,
        "PMNTN_SPOT" : 72622,
        "MNTN_CODE" : "437403001",
        "MANAGE_SP1" : "01",
        "MANAGE_SP2" : "시종점",
        "DETAIL_SPO" : "시종점,에넥스정문",
        "ETC_MATTER" : "등산로진입로",
        "MNTN_NM" : "월류봉",
        "PAST_SPOT_" : "23041129000009",
        "MNTN_ID" : "2304112900"
      },
      "geometry" : {
        "x" : 280926.59830000065,
        "y" : 403931.19310000353
      }
    }
  ]
}