{
  "displayFieldName" : "",
  "fieldAliases" : {
    "FID" : "FID",
    "PMNTN_SN" : "PMNTN_SN",
    "MNTN_CODE" : "MNTN_CODE",
    "MNTN_NM" : "MNTN_NM",
    "PMNTN_NM" : "PMNTN_NM",
    "PMNTN_MAIN" : "PMNTN_MAIN",
    "PMNTN_LT" : "PMNTN_LT",
    "PMNTN_DFFL" : "PMNTN_DFFL",
    "PMNTN_UPPL" : "PMNTN_UPPL",
    "PMNTN_GODN" : "PMNTN_GODN",
    "PMNTN_MTRQ" : "PMNTN_MTRQ",
    "PMNTN_CNRL" : "PMNTN_CNRL",
    "PMNTN_CLS_" : "PMNTN_CLS_",
    "PMNTN_RISK" : "PMNTN_RISK",
    "PMNTN_RECO" : "PMNTN_RECO",
    "DATA_STDR_" : "DATA_STDR_",
    "MNTN_ID" : "MNTN_ID"
  },
  "geometryType" : "esriGeometryPolyline",
  "spatialReference" : {
    "wkt" : "PROJCS[\"PCS_ITRF2000_TM\",GEOGCS[\"GCS_ITRF_2000\",DATUM[\"D_ITRF_2000\",SPHEROID[\"GRS_1980\",6378137.0,298.257222101]],PRIMEM[\"Greenwich\",0.0],UNIT[\"Degree\",0.0174532925199433]],PROJECTION[\"Transverse_Mercator\"],PARAMETER[\"False_Easting\",200000.0],PARAMETER[\"False_Northing\",600000.0],PARAMETER[\"Central_Meridian\",127.0],PARAMETER[\"Scale_Factor\",1.0],PARAMETER[\"Latitude_Of_Origin\",38.0],UNIT[\"Meter\",1.0]]"
  },
  "fields" : [
    {
      "name" : "FID",
      "type" : "esriFieldTypeOID",
      "alias" : "FID"
    },
    {
      "name" : "PMNTN_SN",
      "type" : "esriFieldTypeDouble",
      "alias" : "PMNTN_SN"
    },
    {
      "name" : "MNTN_CODE",
      "type" : "esriFieldTypeString",
      "alias" : "MNTN_CODE",
      "length" : 9
    },
    {
      "name" : "MNTN_NM",
      "type" : "esriFieldTypeString",
      "alias" : "MNTN_NM",
      "length" : 50
    },
    {
      "name" : "PMNTN_NM",
      "type" : "esriFieldTypeString",
      "alias" : "PMNTN_NM",
      "length" : 50
    },
    {
      "name" : "PMNTN_MAIN",
      "type" : "esriFieldTypeString",
      "alias" : "PMNTN_MAIN",
      "length" : 200
    },
    {
      "name" : "PMNTN_LT",
      "type" : "esriFieldTypeSingle",
      "alias" : "PMNTN_LT"
    },
    {
      "name" : "PMNTN_DFFL",
      "type" : "esriFieldTypeString",
      "alias" : "PMNTN_DFFL",
      "length" : 8
    },
    {
      "name" : "PMNTN_UPPL",
      "type" : "esriFieldTypeDouble",
      "alias" : "PMNTN_UPPL"
    },
    {
      "name" : "PMNTN_GODN",
      "type" : "esriFieldTypeDouble",
      "alias" : "PMNTN_GODN"
    },
    {
      "name" : "PMNTN_MTRQ",
      "type" : "esriFieldTypeString",
      "alias" : "PMNTN_MTRQ",
      "length" : 200
    },
    {
      "name" : "PMNTN_CNRL",
      "type" : "esriFieldTypeString",
      "alias" : "PMNTN_CNRL",
      "length" : 1
    },
    {
      "name" : "PMNTN_CLS_",
      "type" : "esriFieldTypeString",
      "alias" : "PMNTN_CLS_",
      "length" : 1
    },
    {
      "name" : "PMNTN_RISK",
      "type" : "esriFieldTypeString",
      "alias" : "PMNTN_RISK",
      "length" : 200
    },
    {
      "name" : "PMNTN_RECO",
      "type" : "esriFieldTypeString",
      "alias" : "PMNTN_RECO",
      "length" : 1
    },
    {
      "name" : "DATA_STDR_",
      "type" : "esriFieldTypeString",
      "alias" : "DATA_STDR_",
      "length" : 10
    },
    {
      "name" : "MNTN_ID",
      "type" : "esriFieldTypeString",
      "alias" : "MNTN_ID",
      "length" : 10
    }
  ],
  "features" : [
    {
      "attributes" : {
        "FID" : 0,
        "PMNTN_SN" : 35491,
        "MNTN_CODE" : "491106704",
        "MNTN_NM" : "안돌오름",
        "PMNTN_NM" : "송당리구간",
        "PMNTN_MAIN" : " ",
        "PMNTN_LT" : 2.16,
        "PMNTN_DFFL" : "쉬움",
        "PMNTN_UPPL" : 38,
        "PMNTN_GODN" : 27,
        "PMNTN_MTRQ" : " ",
        "PMNTN_CNRL" : " ",
        "PMNTN_CLS_" : " ",
        "PMNTN_RISK" : " ",
        "PMNTN_RECO" : " ",
        "DATA_STDR_" : "2016-12-31",
        "MNTN_ID" : "491106704"
      },
      "geometry" : {
        "paths" : [
          [
            [
              177462.61430000048,
              94634.192700002342
            ],
            [
              177454.12409999873,
              94646.861900001764
            ],
            [
              177446.70430000313,
              94653.224099999294
            ],
            [
              177436.32540000044,
              94662.123500002548
            ],
            [
              177425.86780000106,
              94670.853400005028
            ],
            [
              177413.82110000029,
              94679.977299999446
            ],
            [
              177403.84040000197,
              94686.580600002781
            ],
            [
              177389.58370000124,
              94696.09259999916
            ],
            [
              177376.65790000092,
              94705.060699999332
            ],
            [
              177356.86580000073,
              94717.336500000209
            ],
            [
              177339.6763000004,
              94729.61250000447
            ],
            [
              177325.68660000339,
              94739.217399999499
            ],
            [
              177313.099700002,
              94748.220000002533
            ],
            [
              177302.49820000026,
              94755.410000002012
            ],
            [
              177288.90850000177,
              94765.002899998799
            ],
            [
              177276.91520000063,
              94773.405200000852
            ],
            [
              177264.32730000094,
              94781.997500000522
            ],
            [
              177251.94680000097,
              94789.781799999997
            ],
            [
              177235.36950000282,
              94799.127199999988
            ],
            [
              177218.08440000191,
              94808.67659999989
            ],
            [
              177200.33330000192,
              94821.020800001919
            ],
            [
              177184.74460000265,
              94832.116999998689
            ],
            [
              177169.20470000245,
              94843.763399999589
            ],
            [
              177154.65800000262,
              94855.457800004631
            ],
            [
              177142.92650000099,
              94865.817900002003
            ],
            [
              177133.83449999988,
              94874.963600000367
            ],
            [
              177122.71050000377,
              94883.456200001761
            ],
            [
              177111.95910000335,
              94894.914300002158
            ],
            [
              177111.35800000373,
              94894.708900002763
            ],
            [
              177102.57150000241,
              94904.098200002685
            ],
            [
              177091.78369999956,
              94914.893600001931
            ],
            [
              177091.78410000168,
              94915.082100003958
            ],
            [
              177081.15870000049,
              94930.002900000662
            ],
            [
              177072.02190000005,
              94944.743000002578
            ],
            [
              177065.06680000015,
              94958.948200002313
            ],
            [
              177056.98599999957,
              94977.056199997663
            ],
            [
              177050.42690000031,
              94996.44830000028
            ],
            [
              177046.30279999971,
              95010.308100000024
            ],
            [
              177041.86249999981,
              95028.322100000456
            ],
            [
              177036.22479999997,
              95046.38220000267
            ],
            [
              177031.19950000104,
              95062.588199999183
            ],
            [
              177025.9243999999,
              95079.786100005731
            ],
            [
              177022.57890000008,
              95091.512800000608
            ],
            [
              177017.56820000056,
              95106.73550000228
            ],
            [
              177012.39960000385,
              95122.498400002718
            ],
            [
              177007.18910000194,
              95135.14070000127
            ],
            [
              177002.66590000223,
              95146.999500002712
            ],
            [
              176997.91530000046,
              95161.398000001907
            ],
            [
              176993.42839999963,
              95177.311699999496
            ],
            [
              176990.25410000328,
              95189.626800004393
            ],
            [
              176986.21810000017,
              95203.44290000014
            ],
            [
              176982.72420000099,
              95215.05749999918
            ],
            [
              176978.76429999992,
              95227.170399999246
            ],
            [
              176973.76950000133,
              95241.220699999481
            ],
            [
              176970.39540000074,
              95253.898500001058
            ],
            [
              176967.26200000197,
              95264.36590000242
            ],
            [
              176963.43500000052,
              95275.629799999297
            ],
            [
              176959.26659999974,
              95290.483400000259
            ],
            [
              176955.76319999993,
              95301.145500000566
            ],
            [
              176951.87280000001,
              95314.808000002056
            ],
            [
              176949.26320000086,
              95325.16740000248
            ],
            [
              176948.34400000051,
              95333.986800001934
            ],
            [
              176949.46009999886,
              95344.113600002602
            ],
            [
              176955.79220000189,
              95349.872800003737
            ],
            [
              176968.44819999952,
              95358.342499999329
            ],
            [
              176982.53580000252,
              95369.914300002158
            ],
            [
              177002.21860000119,
              95384.311400000006
            ],
            [
              177025.9748999998,
              95402.563900001347
            ],
            [
              177049.84080000035,
              95418.531400000677
            ],
            [
              177072.89510000125,
              95433.466900000349
            ],
            [
              177096.34570000041,
              95447.811400001869
            ],
            [
              177121.41270000115,
              95463.889600001276
            ],
            [
              177150.77180000022,
              95482.530900001526
            ],
            [
              177181.0476000011,
              95500.456200001761
            ],
            [
              177209.99060000014,
              95517.435300001875
            ],
            [
              177235.61259999964,
              95532.136399999261
            ],
            [
              177258.9450000003,
              95546.11969999969
            ],
            [
              177276.80489999987,
              95556.178000001237
            ],
            [
              177280.11410000175,
              95558.891600001603
            ],
            [
              177286.40660000313,
              95562.158700002357
            ],
            [
              177287.03930000123,
              95565.786700006574
            ],
            [
              177279.79130000342,
              95580.719000004232
            ],
            [
              177271.92200000398,
              95596.931299999356
            ],
            [
              177265.66750000138,
              95609.816600002348
            ],
            [
              177259.21040000301,
              95624.44260000065
            ],
            [
              177254.44640000071,
              95635.373900001869
            ],
            [
              177249.49970000237,
              95646.892400000244
            ],
            [
              177246.80659999885,
              95652.145000003278
            ],
            [
              177242.70519999973,
              95663.345899999142
            ],
            [
              177243.53749999963,
              95673.226300001144
            ],
            [
              177246.37850000057,
              95687.272299999371
            ],
            [
              177247.58779999986,
              95693.403400002047
            ],
            [
              177247.93170000054,
              95699.291700001806
            ],
            [
              177248.96130000055,
              95706.143699999899
            ],
            [
              177248.31550000235,
              95712.178899999708
            ],
            [
              177247.6866999995,
              95717.548699997365
            ],
            [
              177245.53189999983,
              95722.345200000331
            ],
            [
              177242.11170000024,
              95726.767699999735
            ],
            [
              177240.69130000006,
              95731.551400002092
            ],
            [
              177237.95969999954,
              95736.249600002542
            ],
            [
              177234.45720000006,
              95741.226799998432
            ],
            [
              177231.81840000208,
              95745.824899999425
            ],
            [
              177230.57519999985,
              95750.830000001937
            ],
            [
              177229.61800000351,
              95754.936100002378
            ],
            [
              177227.50690000039,
              95758.579099999741
            ],
            [
              177225.52860000171,
              95763.342000002041
            ],
            [
              177223.70449999906,
              95766.496200000867
            ],
            [
              177224.50090000127,
              95771.975500002503
            ],
            [
              177228.76190000121,
              95778.152400001884
            ],
            [
              177234.70550000295,
              95787.166700001806
            ],
            [
              177240.33270000201,
              95792.111199999228
            ],
            [
              177247.44450000115,
              95799.769500002265
            ],
            [
              177248.85480000265,
              95802.461400000378
            ],
            [
              177249.9291000003,
              95808.570199999958
            ],
            [
              177250.03080000076,
              95812.24120000191
            ],
            [
              177252.48249999993,
              95814.997099999338
            ],
            [
              177255.42559999973,
              95817.230600003153
            ],
            [
              177258.76560000051,
              95818.198799999431
            ],
            [
              177261.21940000169,
              95821.875300003216
            ],
            [
              177263.88540000096,
              95824.841500001028
            ],
            [
              177263.93390000053,
              95825.706499999389
            ],
            [
              177265.05439999979,
              95827.766799999401
            ],
            [
              177265.67480000295,
              95830.638000002131
            ],
            [
              177267.98900000099,
              95834.203999999911
            ],
            [
              177272.34540000092,
              95836.500600000843
            ],
            [
              177276.48980000149,
              95839.541000001132
            ],
            [
              177279.58750000037,
              95844.22530000098
            ],
            [
              177281.38370000012,
              95848.934899998829
            ],
            [
              177283.55240000039,
              95853.920900000259
            ],
            [
              177282.94090000074,
              95858.769200004637
            ],
            [
              177282.80989999976,
              95862.307700002566
            ],
            [
              177282.66180000082,
              95866.533900000155
            ],
            [
              177282.66210000031,
              95866.666900001466
            ],
            [
              177282.57870000228,
              95866.789100000635
            ],
            [
              177281.08160000388,
              95872.70490000397
            ],
            [
              177279.58090000041,
              95879.046999998391
            ],
            [
              177273.2060000021,
              95886.065200001001
            ],
            [
              177263.97080000211,
              95894.119100002572
            ],
            [
              177259.74450000096,
              95898.557800002396
            ],
            [
              177257.05000000354,
              95903.40509999916
            ],
            [
              177253.20300000068,
              95908.172400001436
            ],
            [
              177249.82940000109,
              95912.605900000781
            ],
            [
              177247.7779000001,
              95917.868000000715
            ],
            [
              177246.85150000174,
              95923.149700000882
            ],
            [
              177245.40290000103,
              95927.811499999836
            ],
            [
              177245.47300000116,
              95932.98570000194
            ],
            [
              177246.13830000069,
              95940.762700000778
            ],
            [
              177246.7227000026,
              95954.284299999475
            ],
            [
              177250.215499999,
              95966.898599999025
            ],
            [
              177253.67540000193,
              95982.397600002587
            ],
            [
              177257.54779999983,
              95997.878399999812
            ],
            [
              177264.35040000081,
              96011.049000000581
            ],
            [
              177274.69030000083,
              96025.858400000259
            ],
            [
              177285.35300000012,
              96037.829000001773
            ],
            [
              177298.21000000089,
              96049.643599998206
            ],
            [
              177307.10489999969,
              96057.586600000039
            ],
            [
              177316.01060000155,
              96066.286399999633
            ],
            [
              177328.14340000134,
              96076.918199999258
            ],
            [
              177340.82320000138,
              96085.201000001281
            ],
            [
              177351.15750000067,
              96089.861900001764
            ],
            [
              177361.51700000092,
              96096.158900002018
            ],
            [
              177365.45380000211,
              96100.111199997365
            ],
            [
              177368.57380000036,
              96102.444100001827
            ],
            [
              177371.61220000125,
              96105.720000000671
            ],
            [
              177374.63910000212,
              96108.019900001585
            ],
            [
              177378.45760000311,
              96110.883500002325
            ],
            [
              177382.60080000293,
              96113.502400001511
            ],
            [
              177385.78590000048,
              96115.890699999407
            ],
            [
              177389.88160000183,
              96118.032700004056
            ],
            [
              177394.75740000326,
              96119.862400000915
            ],
            [
              177399.37079999968,
              96120.816500004381
            ],
            [
              177403.19180000108,
              96120.818600000814
            ],
            [
              177407.239500002,
              96122.361899999902
            ],
            [
              177410.40110000223,
              96122.653900001198
            ],
            [
              177414.03610000107,
              96122.612100001425
            ],
            [
              177417.19680000097,
              96122.515900002792
            ],
            [
              177420.33990000188,
              96122.852399999276
            ],
            [
              177432.33050000109,
              96126.787599999458
            ],
            [
              177439.90249999985,
              96131.701700001955
            ],
            [
              177446.33430000022,
              96138.940300000831
            ],
            [
              177448.33970000222,
              96141.775000002235
            ],
            [
              177452.63960000034,
              96143.794600002468
            ],
            [
              177456.53700000234,
              96144.683900000528
            ],
            [
              177459.53970000334,
              96148.592100001872
            ],
            [
              177459.6997000007,
              96153.372099999338
            ],
            [
              177462.91570000071,
              96157.024700004607
            ],
            [
              177466.78039999958,
              96159.855000000447
            ],
            [
              177471.16940000188,
              96160.244000002742
            ],
            [
              177474.93860000093,
              96161.954299999401
            ],
            [
              177479.15990000218,
              96162.177400002256
            ],
            [
              177483.61910000071,
              96160.802699999884
            ],
            [
              177488.25880000088,
              96161.080199999735
            ],
            [
              177494.0298000006,
              96162.044000001624
            ],
            [
              177497.65450000111,
              96163.631300000474
            ],
            [
              177504.19290000107,
              96164.585500001907
            ],
            [
              177509.94299999904,
              96168.164200000465
            ],
            [
              177515.29170000087,
              96171.371100001037
            ],
            [
              177520.82530000061,
              96174.693000003695
            ],
            [
              177532.69040000159,
              96185.001800004393
            ]
          ]
        ]
      }
    }
  ]
}