{
  "displayFieldName" : "",
  "fieldAliases" : {
    "FID" : "FID",
    "PMNTN_SPOT" : "PMNTN_SPOT",
    "MNTN_CODE" : "MNTN_CODE",
    "MANAGE_SP1" : "MANAGE_SP1",
    "MANAGE_SP2" : "MANAGE_SP2",
    "DETAIL_SPO" : "DETAIL_SPO",
    "ETC_MATTER" : "ETC_MATTER",
    "MNTN_NM" : "MNTN_NM",
    "PAST_SPOT_" : "PAST_SPOT_",
    "MNTN_ID" : "MNTN_ID"
  },
  "geometryType" : "esriGeometryPoint",
  "spatialReference" : {
    "wkt" : "PROJCS[\"PCS_ITRF2000_TM\",GEOGCS[\"GCS_ITRF_2000\",DATUM[\"D_ITRF_2000\",SPHEROID[\"GRS_1980\",6378137.0,298.257222101]],PRIMEM[\"Greenwich\",0.0],UNIT[\"Degree\",0.0174532925199433]],PROJECTION[\"Transverse_Mercator\"],PARAMETER[\"False_Easting\",200000.0],PARAMETER[\"False_Northing\",600000.0],PARAMETER[\"Central_Meridian\",127.0],PARAMETER[\"Scale_Factor\",1.0],PARAMETER[\"Latitude_Of_Origin\",38.0],UNIT[\"Meter\",1.0]]"
  },
  "fields" : [
    {
      "name" : "FID",
      "type" : "esriFieldTypeOID",
      "alias" : "FID"
    },
    {
      "name" : "PMNTN_SPOT",
      "type" : "esriFieldTypeDouble",
      "alias" : "PMNTN_SPOT"
    },
    {
      "name" : "MNTN_CODE",
      "type" : "esriFieldTypeString",
      "alias" : "MNTN_CODE",
      "length" : 9
    },
    {
      "name" : "MANAGE_SP1",
      "type" : "esriFieldTypeString",
      "alias" : "MANAGE_SP1",
      "length" : 2
    },
    {
      "name" : "MANAGE_SP2",
      "type" : "esriFieldTypeString",
      "alias" : "MANAGE_SP2",
      "length" : 50
    },
    {
      "name" : "DETAIL_SPO",
      "type" : "esriFieldTypeString",
      "alias" : "DETAIL_SPO",
      "length" : 200
    },
    {
      "name" : "ETC_MATTER",
      "type" : "esriFieldTypeString",
      "alias" : "ETC_MATTER",
      "length" : 200
    },
    {
      "name" : "MNTN_NM",
      "type" : "esriFieldTypeString",
      "alias" : "MNTN_NM",
      "length" : 50
    },
    {
      "name" : "PAST_SPOT_",
      "type" : "esriFieldTypeString",
      "alias" : "PAST_SPOT_",
      "length" : 14
    },
    {
      "name" : "MNTN_ID",
      "type" : "esriFieldTypeString",
      "alias" : "MNTN_ID",
      "length" : 10
    }
  ],
  "features" : [
    {
      "attributes" : {
        "FID" : 0,
        "PMNTN_SPOT" : 75918,
        "MNTN_CODE" : "441302901",
        "MANAGE_SP1" : "01",
        "MANAGE_SP2" : "시종점",
        "DETAIL_SPO" : "시종점",
        "ETC_MATTER" : " ",
        "MNTN_NM" : "작성산",
        "PAST_SPOT_" : "4413029010001",
        "MNTN_ID" : "441302901"
      },
      "geometry" : {
        "x" : 225511.06099999975,
        "y" : 466808.93600000069
      }
    },
    {
      "attributes" : {
        "FID" : 1,
        "PMNTN_SPOT" : 75919,
        "MNTN_CODE" : "441302901",
        "MANAGE_SP1" : "02",
        "MANAGE_SP2" : "분기점",
        "DETAIL_SPO" : "분기점",
        "ETC_MATTER" : " ",
        "MNTN_NM" : "작성산",
        "PAST_SPOT_" : "4413029010002",
        "MNTN_ID" : "441302901"
      },
      "geometry" : {
        "x" : 225732.96000000183,
        "y" : 466851.67400000431
      }
    },
    {
      "attributes" : {
        "FID" : 2,
        "PMNTN_SPOT" : 75920,
        "MNTN_CODE" : "441302901",
        "MANAGE_SP1" : "01",
        "MANAGE_SP2" : "시종점",
        "DETAIL_SPO" : "시종점",
        "ETC_MATTER" : " ",
        "MNTN_NM" : "작성산",
        "PAST_SPOT_" : "4413029010003",
        "MNTN_ID" : "441302901"
      },
      "geometry" : {
        "x" : 225840.52600000054,
        "y" : 466391.93100000173
      }
    },
    {
      "attributes" : {
        "FID" : 3,
        "PMNTN_SPOT" : 75921,
        "MNTN_CODE" : "441302901",
        "MANAGE_SP1" : "01",
        "MANAGE_SP2" : "시종점",
        "DETAIL_SPO" : "시종점",
        "ETC_MATTER" : " ",
        "MNTN_NM" : "작성산",
        "PAST_SPOT_" : "4413029010004",
        "MNTN_ID" : "441302901"
      },
      "geometry" : {
        "x" : 226017.34460000135,
        "y" : 465806.25340000167
      }
    },
    {
      "attributes" : {
        "FID" : 4,
        "PMNTN_SPOT" : 75922,
        "MNTN_CODE" : "441302901",
        "MANAGE_SP1" : "02",
        "MANAGE_SP2" : "분기점",
        "DETAIL_SPO" : "분기점",
        "ETC_MATTER" : " ",
        "MNTN_NM" : "작성산",
        "PAST_SPOT_" : "4413029010005",
        "MNTN_ID" : "441302901"
      },
      "geometry" : {
        "x" : 226304.46200000122,
        "y" : 466987.97800000012
      }
    },
    {
      "attributes" : {
        "FID" : 5,
        "PMNTN_SPOT" : 75923,
        "MNTN_CODE" : "441302901",
        "MANAGE_SP1" : "02",
        "MANAGE_SP2" : "분기점",
        "DETAIL_SPO" : "분기점",
        "ETC_MATTER" : " ",
        "MNTN_NM" : "작성산",
        "PAST_SPOT_" : "4413029010006",
        "MNTN_ID" : "441302901"
      },
      "geometry" : {
        "x" : 226711.14960000012,
        "y" : 466273.58630000241
      }
    },
    {
      "attributes" : {
        "FID" : 6,
        "PMNTN_SPOT" : 75924,
        "MNTN_CODE" : "441302901",
        "MANAGE_SP1" : "01",
        "MANAGE_SP2" : "시종점",
        "DETAIL_SPO" : "시종점",
        "ETC_MATTER" : " ",
        "MNTN_NM" : "작성산",
        "PAST_SPOT_" : "4413029010007",
        "MNTN_ID" : "441302901"
      },
      "geometry" : {
        "x" : 227122.14039999992,
        "y" : 463783.56389999948
      }
    },
    {
      "attributes" : {
        "FID" : 7,
        "PMNTN_SPOT" : 75925,
        "MNTN_CODE" : "441302901",
        "MANAGE_SP1" : "01",
        "MANAGE_SP2" : "시종점",
        "DETAIL_SPO" : "시종점",
        "ETC_MATTER" : " ",
        "MNTN_NM" : "작성산",
        "PAST_SPOT_" : "4413029010008",
        "MNTN_ID" : "441302901"
      },
      "geometry" : {
        "x" : 228300.41530000139,
        "y" : 467310.80120000057
      }
    }
  ]
}