{
  "displayFieldName" : "",
  "fieldAliases" : {
    "FID" : "FID",
    "PMNTN_SN" : "PMNTN_SN",
    "MNTN_CODE" : "MNTN_CODE",
    "MNTN_NM" : "MNTN_NM",
    "PMNTN_NM" : "PMNTN_NM",
    "PMNTN_MAIN" : "PMNTN_MAIN",
    "PMNTN_LT" : "PMNTN_LT",
    "PMNTN_DFFL" : "PMNTN_DFFL",
    "PMNTN_UPPL" : "PMNTN_UPPL",
    "PMNTN_GODN" : "PMNTN_GODN",
    "PMNTN_MTRQ" : "PMNTN_MTRQ",
    "PMNTN_CNRL" : "PMNTN_CNRL",
    "PMNTN_CLS_" : "PMNTN_CLS_",
    "PMNTN_RISK" : "PMNTN_RISK",
    "PMNTN_RECO" : "PMNTN_RECO",
    "DATA_STDR_" : "DATA_STDR_",
    "MNTN_ID" : "MNTN_ID"
  },
  "geometryType" : "esriGeometryPolyline",
  "spatialReference" : {
    "wkt" : "PROJCS[\"PCS_ITRF2000_TM\",GEOGCS[\"GCS_ITRF_2000\",DATUM[\"D_ITRF_2000\",SPHEROID[\"GRS_1980\",6378137.0,298.257222101]],PRIMEM[\"Greenwich\",0.0],UNIT[\"Degree\",0.0174532925199433]],PROJECTION[\"Transverse_Mercator\"],PARAMETER[\"False_Easting\",200000.0],PARAMETER[\"False_Northing\",600000.0],PARAMETER[\"Central_Meridian\",127.0],PARAMETER[\"Scale_Factor\",1.0],PARAMETER[\"Latitude_Of_Origin\",38.0],UNIT[\"Meter\",1.0]]"
  },
  "fields" : [
    {
      "name" : "FID",
      "type" : "esriFieldTypeOID",
      "alias" : "FID"
    },
    {
      "name" : "PMNTN_SN",
      "type" : "esriFieldTypeDouble",
      "alias" : "PMNTN_SN"
    },
    {
      "name" : "MNTN_CODE",
      "type" : "esriFieldTypeString",
      "alias" : "MNTN_CODE",
      "length" : 9
    },
    {
      "name" : "MNTN_NM",
      "type" : "esriFieldTypeString",
      "alias" : "MNTN_NM",
      "length" : 50
    },
    {
      "name" : "PMNTN_NM",
      "type" : "esriFieldTypeString",
      "alias" : "PMNTN_NM",
      "length" : 50
    },
    {
      "name" : "PMNTN_MAIN",
      "type" : "esriFieldTypeString",
      "alias" : "PMNTN_MAIN",
      "length" : 200
    },
    {
      "name" : "PMNTN_LT",
      "type" : "esriFieldTypeSingle",
      "alias" : "PMNTN_LT"
    },
    {
      "name" : "PMNTN_DFFL",
      "type" : "esriFieldTypeString",
      "alias" : "PMNTN_DFFL",
      "length" : 8
    },
    {
      "name" : "PMNTN_UPPL",
      "type" : "esriFieldTypeDouble",
      "alias" : "PMNTN_UPPL"
    },
    {
      "name" : "PMNTN_GODN",
      "type" : "esriFieldTypeDouble",
      "alias" : "PMNTN_GODN"
    },
    {
      "name" : "PMNTN_MTRQ",
      "type" : "esriFieldTypeString",
      "alias" : "PMNTN_MTRQ",
      "length" : 200
    },
    {
      "name" : "PMNTN_CNRL",
      "type" : "esriFieldTypeString",
      "alias" : "PMNTN_CNRL",
      "length" : 1
    },
    {
      "name" : "PMNTN_CLS_",
      "type" : "esriFieldTypeString",
      "alias" : "PMNTN_CLS_",
      "length" : 1
    },
    {
      "name" : "PMNTN_RISK",
      "type" : "esriFieldTypeString",
      "alias" : "PMNTN_RISK",
      "length" : 200
    },
    {
      "name" : "PMNTN_RECO",
      "type" : "esriFieldTypeString",
      "alias" : "PMNTN_RECO",
      "length" : 1
    },
    {
      "name" : "DATA_STDR_",
      "type" : "esriFieldTypeString",
      "alias" : "DATA_STDR_",
      "length" : 10
    },
    {
      "name" : "MNTN_ID",
      "type" : "esriFieldTypeString",
      "alias" : "MNTN_ID",
      "length" : 10
    }
  ],
  "features" : [
    {
      "attributes" : {
        "FID" : 0,
        "PMNTN_SN" : 41821,
        "MNTN_CODE" : "422303504",
        "MNTN_NM" : "원덕읍사무소뒷산",
        "PMNTN_NM" : "호산리구간",
        "PMNTN_MAIN" : " ",
        "PMNTN_LT" : 0.58,
        "PMNTN_DFFL" : "쉬움",
        "PMNTN_UPPL" : 10,
        "PMNTN_GODN" : 7,
        "PMNTN_MTRQ" : " ",
        "PMNTN_CNRL" : " ",
        "PMNTN_CLS_" : " ",
        "PMNTN_RISK" : " ",
        "PMNTN_RECO" : " ",
        "DATA_STDR_" : "2016-12-31",
        "MNTN_ID" : "422306101"
      },
      "geometry" : {
        "paths" : [
          [
            [
              407640.78479999956,
              510652.51690000109
            ],
            [
              407638.09769999981,
              510646.04739999957
            ],
            [
              407648.80919999909,
              510645.53120000102
            ],
            [
              407657.06860000081,
              510643.85349999927
            ],
            [
              407666.61849999987,
              510643.72450000234
            ],
            [
              407680.68539999984,
              510643.33730000257
            ],
            [
              407701.07580000069,
              510642.95010000095
            ],
            [
              407724.95070000086,
              510643.20820000209
            ],
            [
              407743.9215000011,
              510643.46629999951
            ],
            [
              407768.69980000053,
              510643.85349999927
            ],
            [
              407807.80300000031,
              510644.2407000009
            ],
            [
              407842.64740000106,
              510645.14400000125
            ],
            [
              407864.07029999886,
              510646.43459999934
            ],
            [
              407879.68570000026,
              510648.49939999916
            ],
            [
              407897.86980000138,
              510652.72159999982
            ],
            [
              407937.83550000004,
              510657.61440000124
            ],
            [
              407957.06359999906,
              510662.26600000262
            ],
            [
              407977.66720000003,
              510660.31430000067
            ],
            [
              408016.75880000181,
              510653.48469999991
            ],
            [
              408039.01340000052,
              510653.25530000031
            ],
            [
              408071.13329999894,
              510647.9784000013
            ],
            [
              408087.65220000036,
              510644.53700000048
            ],
            [
              408113.57760000043,
              510630.77129999921
            ],
            [
              408124.81959999911,
              510622.97070000321
            ],
            [
              408154.87469999958,
              510610.12280000001
            ],
            [
              408179.6529000001,
              510606.68129999936
            ],
            [
              408199.93120000046,
              510609.70160000212
            ]
          ]
        ]
      }
    },
    {
      "attributes" : {
        "FID" : 1,
        "PMNTN_SN" : 41822,
        "MNTN_CODE" : "422303504",
        "MNTN_NM" : "원덕읍사무소뒷산",
        "PMNTN_NM" : "호산리구간",
        "PMNTN_MAIN" : " ",
        "PMNTN_LT" : 0.48,
        "PMNTN_DFFL" : "쉬움",
        "PMNTN_UPPL" : 8,
        "PMNTN_GODN" : 6,
        "PMNTN_MTRQ" : " ",
        "PMNTN_CNRL" : " ",
        "PMNTN_CLS_" : " ",
        "PMNTN_RISK" : " ",
        "PMNTN_RECO" : " ",
        "DATA_STDR_" : "2016-12-31",
        "MNTN_ID" : "422306101"
      },
      "geometry" : {
        "paths" : [
          [
            [
              407893.93270000163,
              510831.82760000415
            ],
            [
              407900.1818000013,
              510845.64130000211
            ],
            [
              407900.8395999996,
              510850.57469999976
            ],
            [
              407900.1818000013,
              510860.11270000041
            ],
            [
              407901.82620000094,
              510868.99290000275
            ],
            [
              407906.4019000018,
              510873.54170000367
            ],
            [
              407917.9422000004,
              510881.49090000056
            ],
            [
              407921.55999999959,
              510899.25129999965
            ],
            [
              407921.23110000044,
              510911.74940000102
            ],
            [
              407918.92880000174,
              510920.62960000336
            ],
            [
              407911.36420000065,
              510923.91850000061
            ],
            [
              407905.11519999988,
              510926.87860000134
            ],
            [
              407906.10190000199,
              510932.79870000109
            ],
            [
              407903.47070000134,
              510953.19030000269
            ],
            [
              407891.30159999989,
              510954.83479999937
            ],
            [
              407879.13239999954,
              510956.15039999969
            ],
            [
              407868.93660000153,
              510960.75489999913
            ],
            [
              407858.08310000133,
              510973.25290000252
            ],
            [
              407849.20289999899,
              510983.11980000138
            ],
            [
              407844.26940000057,
              510988.05330000259
            ],
            [
              407830.45580000058,
              510995.28900000453
            ],
            [
              407825.85129999928,
              511003.18249999918
            ],
            [
              407820.91780000087,
              511012.06269999966
            ],
            [
              407815.98440000042,
              511032.78310000151
            ],
            [
              407812.69539999962,
              511049.55680000409
            ],
            [
              407806.11750000156,
              511085.40650000051
            ],
            [
              407801.84180000052,
              511117.9672000017
            ],
            [
              407798.88179999962,
              511132.43859999813
            ],
            [
              407794.27720000036,
              511142.63440000266
            ],
            [
              407774.54350000061,
              511171.90620000102
            ],
            [
              407756.38960000128,
              511186.3366000019
            ],
            [
              407762.16629999969,
              511206.26620000415
            ],
            [
              407774.87239999976,
              511220.91169999912
            ]
          ]
        ]
      }
    },
    {
      "attributes" : {
        "FID" : 2,
        "PMNTN_SN" : 41823,
        "MNTN_CODE" : "422303504",
        "MNTN_NM" : "원덕읍사무소뒷산",
        "PMNTN_NM" : "호산리구간",
        "PMNTN_MAIN" : " ",
        "PMNTN_LT" : 2.21,
        "PMNTN_DFFL" : "쉬움",
        "PMNTN_UPPL" : 39,
        "PMNTN_GODN" : 27,
        "PMNTN_MTRQ" : " ",
        "PMNTN_CNRL" : " ",
        "PMNTN_CLS_" : " ",
        "PMNTN_RISK" : " ",
        "PMNTN_RECO" : " ",
        "DATA_STDR_" : "2016-12-31",
        "MNTN_ID" : "422306101"
      },
      "geometry" : {
        "paths" : [
          [
            [
              407911.03639999963,
              511836.31189999916
            ],
            [
              407908.4896999998,
              511837.54260000214
            ],
            [
              407905.79320000019,
              511842.05830000155
            ],
            [
              407902.01680000219,
              511846.53020000271
            ],
            [
              407894.38319999911,
              511850.23060000315
            ],
            [
              407874.41500000004,
              511857.25699999928
            ],
            [
              407854.29090000223,
              511864.48100000247
            ],
            [
              407847.5828999998,
              511876.86510000005
            ],
            [
              407842.42279999983,
              511895.95720000193
            ],
            [
              407832.10279999953,
              511908.34120000154
            ],
            [
              407819.20270000212,
              511913.50130000152
            ],
            [
              407801.65859999973,
              511911.43730000034
            ],
            [
              407779.98649999965,
              511912.98530000076
            ],
            [
              407771.73050000053,
              511903.18120000325
            ],
            [
              407756.76640000008,
              511895.95720000193
            ],
            [
              407746.44629999995,
              511889.76510000043
            ],
            [
              407734.06230000034,
              511877.38110000081
            ],
            [
              407730.96630000044,
              511863.44899999723
            ],
            [
              407732.51429999992,
              511845.9048999995
            ],
            [
              407728.81159999967,
              511835.87330000289
            ],
            [
              407722.67670000065,
              511822.84650000185
            ],
            [
              407718.25050000101,
              511810.07790000178
            ],
            [
              407719.26020000037,
              511796.90699999966
            ],
            [
              407725.7695000004,
              511778.60820000246
            ],
            [
              407725.25350000057,
              511766.74010000005
            ],
            [
              407720.64620000031,
              511759.21650000103
            ],
            [
              407711.87420000043,
              511758.18450000137
            ],
            [
              407703.10209999979,
              511759.73250000179
            ],
            [
              407692.12290000077,
              511761.41750000417
            ],
            [
              407687.10599999968,
              511771.60050000064
            ],
            [
              407680.12709999923,
              511783.21940000169
            ],
            [
              407675.44510000106,
              511794.50290000252
            ],
            [
              407672.34910000116,
              511809.46690000035
            ],
            [
              407668.73709999956,
              511821.85099999979
            ],
            [
              407658.93300000113,
              511830.62310000136
            ],
            [
              407652.01790000033,
              511835.58490000106
            ],
            [
              407642.35350000206,
              511844.54120000452
            ],
            [
              407642.41980000027,
              511854.50850000046
            ],
            [
              407644.90890000202,
              511864.20040000044
            ],
            [
              407652.64900000021,
              511885.87250000238
            ],
            [
              407659.87299999967,
              511909.09260000102
            ],
            [
              407660.50340000074,
              511921.33170000277
            ],
            [
              407654.12449999992,
              511926.5428000018
            ],
            [
              407648.40579999983,
              511926.40130000003
            ],
            [
              407637.56980000064,
              511922.7893000003
            ],
            [
              407630.63129999954,
              511919.66860000417
            ],
            [
              407622.89850000013,
              511920.94209999964
            ],
            [
              407618.47770000063,
              511927.43329999968
            ],
            [
              407610.09460000135,
              511933.75320000015
            ],
            [
              407604.08250000048,
              511947.82200000063
            ],
            [
              407603.1810999997,
              511959.0185000021
            ],
            [
              407598.82230000012,
              511978.33909999952
            ],
            [
              407590.07520000171,
              511992.09570000134
            ],
            [
              407582.02360000182,
              511996.58650000021
            ],
            [
              407572.55339999963,
              511995.5457000006
            ],
            [
              407561.02020000014,
              511989.61320000328
            ],
            [
              407552.94529999979,
              511981.6136000026
            ],
            [
              407544.62170000188,
              511972.63169999979
            ],
            [
              407538.65829999931,
              511957.5241000019
            ],
            [
              407533.81430000067,
              511934.39770000242
            ],
            [
              407532.4692000011,
              511918.34860000201
            ],
            [
              407534.46580000129,
              511902.85460000299
            ],
            [
              407541.7209999999,
              511881.42580000125
            ],
            [
              407550.52930000052,
              511863.13629999943
            ],
            [
              407557.23730000015,
              511844.04420000128
            ],
            [
              407566.01720000058,
              511802.7938000001
            ],
            [
              407571.52139999997,
              511768.50449999981
            ],
            [
              407573.22269999981,
              511730.50740000047
            ],
            [
              407574.24120000005,
              511706.25250000134
            ],
            [
              407581.53910000063,
              511685.92080000043
            ],
            [
              407590.09750000015,
              511672.01200000197
            ],
            [
              407591.12949999981,
              511659.11199999973
            ],
            [
              407581.8415000001,
              511623.50779999979
            ],
            [
              407573.58550000098,
              511583.77559999935
            ],
            [
              407570.48940000031,
              511564.68350000121
            ],
            [
              407575.64950000122,
              511544.04340000451
            ],
            [
              407581.52280000132,
              511515.65059999935
            ],
            [
              407578.35950000118,
              511505.31670000218
            ],
            [
              407575.5821000021,
              511476.94899999909
            ],
            [
              407572.97840000037,
              511437.07340000197
            ],
            [
              407569.88229999878,
              511431.91340000182
            ],
            [
              407552.76030000113,
              511426.3516000025
            ],
            [
              407541.56310000177,
              511417.18480000086
            ],
            [
              407524.01900000125,
              511409.44480000064
            ],
            [
              407514.37890000176,
              511398.29600000009
            ],
            [
              407504.91340000089,
              511390.86590000242
            ],
            [
              407487.04870000016,
              511391.70419999957
            ],
            [
              407474.20189999975,
              511389.78700000048
            ],
            [
              407462.26100000087,
              511382.93050000258
            ],
            [
              407455.42080000043,
              511377.37450000085
            ],
            [
              407453.06770000048,
              511367.95500000007
            ],
            [
              407453.80230000056,
              511356.85830000043
            ],
            [
              407460.58090000134,
              511337.64230000228
            ],
            [
              407468.32090000063,
              511321.13019999862
            ],
            [
              407478.49840000086,
              511314.66350000352
            ],
            [
              407486.4796000002,
              511313.85100000165
            ],
            [
              407493.65110000223,
              511314.42490000278
            ],
            [
              407499.15940000117,
              511306.66829999909
            ],
            [
              407515.8049000008,
              511295.20600000024
            ],
            [
              407528.98400000203,
              511298.62759999931
            ],
            [
              407558.62140000053,
              511318.03419999965
            ],
            [
              407575.13350000046,
              511322.67820000462
            ],
            [
              407589.58150000032,
              511318.03419999965
            ],
            [
              407601.5103000002,
              511313.86880000122
            ],
            [
              407612.35589999985,
              511316.54270000011
            ],
            [
              407618.99370000046,
              511313.90619999915
            ],
            [
              407625.70170000009,
              511301.00610000081
            ],
            [
              407628.28170000017,
              511283.97800000012
            ],
            [
              407622.60570000019,
              511267.98200000077
            ],
            [
              407614.34970000107,
              511256.62990000285
            ],
            [
              407596.80560000055,
              511245.27779999934
            ],
            [
              407566.87740000058,
              511232.37780000083
            ],
            [
              407550.36530000065,
              511223.08970000222
            ],
            [
              407541.59330000076,
              511213.80170000158
            ],
            [
              407538.49730000086,
              511201.93359999917
            ],
            [
              407544.17330000084,
              511188.00150000118
            ],
            [
              407560.1137000015,
              511163.09530000202
            ],
            [
              407585.68110000156,
              511136.3105999995
            ],
            [
              407598.23740000091,
              511122.48730000108
            ],
            [
              407598.75340000167,
              511116.81130000018
            ],
            [
              407595.65740000177,
              511107.52320000157
            ],
            [
              407581.02909999993,
              511099.59050000273
            ],
            [
              407568.94139999989,
              511087.89699999988
            ],
            [
              407564.81340000033,
              511086.34899999946
            ],
            [
              407557.98780000024,
              511092.37440000102
            ],
            [
              407542.81109999958,
              511111.8936999999
            ],
            [
              407530.75719999988,
              511133.82130000368
            ],
            [
              407516.30920000095,
              511150.84940000065
            ],
            [
              407507.22259999905,
              511168.61869999953
            ],
            [
              407492.90319999959,
              511181.12250000425
            ],
            [
              407470.90090000071,
              511195.22560000047
            ],
            [
              407422.39670000132,
              511216.89770000242
            ],
            [
              407406.91660000104,
              511222.05770000257
            ],
            [
              407391.43650000077,
              511197.28959999979
            ]
          ]
        ]
      }
    }
  ]
}