{
  "displayFieldName" : "",
  "fieldAliases" : {
    "FID" : "FID",
    "PMNTN_SN" : "PMNTN_SN",
    "MNTN_CODE" : "MNTN_CODE",
    "MNTN_NM" : "MNTN_NM",
    "PMNTN_NM" : "PMNTN_NM",
    "PMNTN_MAIN" : "PMNTN_MAIN",
    "PMNTN_LT" : "PMNTN_LT",
    "PMNTN_DFFL" : "PMNTN_DFFL",
    "PMNTN_UPPL" : "PMNTN_UPPL",
    "PMNTN_GODN" : "PMNTN_GODN",
    "PMNTN_MTRQ" : "PMNTN_MTRQ",
    "PMNTN_CNRL" : "PMNTN_CNRL",
    "PMNTN_CLS_" : "PMNTN_CLS_",
    "PMNTN_RISK" : "PMNTN_RISK",
    "PMNTN_RECO" : "PMNTN_RECO",
    "DATA_STDR_" : "DATA_STDR_",
    "MNTN_ID" : "MNTN_ID"
  },
  "geometryType" : "esriGeometryPolyline",
  "spatialReference" : {
    "wkt" : "PROJCS[\"PCS_ITRF2000_TM\",GEOGCS[\"GCS_ITRF_2000\",DATUM[\"D_ITRF_2000\",SPHEROID[\"GRS_1980\",6378137.0,298.257222101]],PRIMEM[\"Greenwich\",0.0],UNIT[\"Degree\",0.0174532925199433]],PROJECTION[\"Transverse_Mercator\"],PARAMETER[\"False_Easting\",200000.0],PARAMETER[\"False_Northing\",600000.0],PARAMETER[\"Central_Meridian\",127.0],PARAMETER[\"Scale_Factor\",1.0],PARAMETER[\"Latitude_Of_Origin\",38.0],UNIT[\"Meter\",1.0]]"
  },
  "fields" : [
    {
      "name" : "FID",
      "type" : "esriFieldTypeOID",
      "alias" : "FID"
    },
    {
      "name" : "PMNTN_SN",
      "type" : "esriFieldTypeDouble",
      "alias" : "PMNTN_SN"
    },
    {
      "name" : "MNTN_CODE",
      "type" : "esriFieldTypeString",
      "alias" : "MNTN_CODE",
      "length" : 9
    },
    {
      "name" : "MNTN_NM",
      "type" : "esriFieldTypeString",
      "alias" : "MNTN_NM",
      "length" : 50
    },
    {
      "name" : "PMNTN_NM",
      "type" : "esriFieldTypeString",
      "alias" : "PMNTN_NM",
      "length" : 50
    },
    {
      "name" : "PMNTN_MAIN",
      "type" : "esriFieldTypeString",
      "alias" : "PMNTN_MAIN",
      "length" : 200
    },
    {
      "name" : "PMNTN_LT",
      "type" : "esriFieldTypeSingle",
      "alias" : "PMNTN_LT"
    },
    {
      "name" : "PMNTN_DFFL",
      "type" : "esriFieldTypeString",
      "alias" : "PMNTN_DFFL",
      "length" : 8
    },
    {
      "name" : "PMNTN_UPPL",
      "type" : "esriFieldTypeDouble",
      "alias" : "PMNTN_UPPL"
    },
    {
      "name" : "PMNTN_GODN",
      "type" : "esriFieldTypeDouble",
      "alias" : "PMNTN_GODN"
    },
    {
      "name" : "PMNTN_MTRQ",
      "type" : "esriFieldTypeString",
      "alias" : "PMNTN_MTRQ",
      "length" : 200
    },
    {
      "name" : "PMNTN_CNRL",
      "type" : "esriFieldTypeString",
      "alias" : "PMNTN_CNRL",
      "length" : 1
    },
    {
      "name" : "PMNTN_CLS_",
      "type" : "esriFieldTypeString",
      "alias" : "PMNTN_CLS_",
      "length" : 1
    },
    {
      "name" : "PMNTN_RISK",
      "type" : "esriFieldTypeString",
      "alias" : "PMNTN_RISK",
      "length" : 200
    },
    {
      "name" : "PMNTN_RECO",
      "type" : "esriFieldTypeString",
      "alias" : "PMNTN_RECO",
      "length" : 1
    },
    {
      "name" : "DATA_STDR_",
      "type" : "esriFieldTypeString",
      "alias" : "DATA_STDR_",
      "length" : 10
    },
    {
      "name" : "MNTN_ID",
      "type" : "esriFieldTypeString",
      "alias" : "MNTN_ID",
      "length" : 10
    }
  ],
  "features" : [
    {
      "attributes" : {
        "FID" : 0,
        "PMNTN_SN" : 1375,
        "MNTN_CODE" : "488805501",
        "MNTN_NM" : "강섭산",
        "PMNTN_NM" : "장박리구간",
        "PMNTN_MAIN" : " ",
        "PMNTN_LT" : 4.1,
        "PMNTN_DFFL" : "쉬움",
        "PMNTN_UPPL" : 72,
        "PMNTN_GODN" : 51,
        "PMNTN_MTRQ" : " ",
        "PMNTN_CNRL" : " ",
        "PMNTN_CLS_" : " ",
        "PMNTN_RISK" : " ",
        "PMNTN_RECO" : " ",
        "DATA_STDR_" : "2016-12-31",
        "MNTN_ID" : "488805501"
      },
      "geometry" : {
        "paths" : [
          [
            [
              284497.85880000237,
              324704.80420000665
            ],
            [
              284501.83360000048,
              324705.64790000208
            ],
            [
              284505.69419999979,
              324706.90870000049
            ],
            [
              284509.11620000284,
              324707.9326000046
            ],
            [
              284512.09190000407,
              324711.86339999922
            ],
            [
              284515.74710000213,
              324714.83800000139
            ],
            [
              284519.3591,
              324718.60960000381
            ],
            [
              284523.48880000319,
              324720.65870000049
            ],
            [
              284526.42030000035,
              324719.33889999986
            ],
            [
              284528.98230000306,
              324717.20199999958
            ],
            [
              284532.01360000204,
              324712.60769999959
            ],
            [
              284536.40829999931,
              324710.11419999972
            ],
            [
              284536.62909999955,
              324705.58860000037
            ],
            [
              284533.43380000256,
              324700.37609999999
            ],
            [
              284533.10100000352,
              324699.83320000209
            ],
            [
              284532.04949999973,
              324693.78970000148
            ],
            [
              284536.42950000055,
              324687.76640000194
            ],
            [
              284539.85740000382,
              324682.56380000152
            ],
            [
              284544.67470000312,
              324679.26070000231
            ],
            [
              284549.29640000407,
              324676.13370000198
            ],
            [
              284553.27240000386,
              324677.29030000232
            ],
            [
              284555.2256000014,
              324682.69660000131
            ],
            [
              284557.84179999959,
              324687.7258999981
            ],
            [
              284559.9299999997,
              324690.98620000295
            ],
            [
              284562.50770000089,
              324696.47550000064
            ],
            [
              284565.97120000236,
              324700.23929999955
            ],
            [
              284571.04750000127,
              324703.92470000125
            ],
            [
              284576.43900000397,
              324706.64130000025
            ],
            [
              284590.2311000023,
              324710.85300000198
            ],
            [
              284604.91990000382,
              324717.57700000145
            ],
            [
              284609.62940000091,
              324721.75960000232
            ],
            [
              284614.66440000199,
              324726.06799999997
            ],
            [
              284615.11440000404,
              324728.04609999992
            ],
            [
              284616.03180000093,
              324729.83750000037
            ],
            [
              284618.02859999985,
              324730.91420000046
            ],
            [
              284619.84820000269,
              324730.6045000013
            ],
            [
              284621.56730000209,
              324729.85050000437
            ],
            [
              284622.55769999977,
              324728.48650000244
            ],
            [
              284624.86249999981,
              324725.28030000255
            ],
            [
              284627.41630000062,
              324722.92389999889
            ],
            [
              284631.64570000023,
              324723.39919999987
            ],
            [
              284635.6073000012,
              324724.14070000127
            ],
            [
              284637.3255000012,
              324726.67760000005
            ],
            [
              284637.40249999985,
              324730.78470000066
            ],
            [
              284637.9485000018,
              324732.55710000172
            ],
            [
              284644.02810000069,
              324734.57710000314
            ],
            [
              284646.96190000325,
              324737.94390000217
            ],
            [
              284648.89270000346,
              324738.817900002
            ],
            [
              284649.17970000114,
              324738.22529999726
            ],
            [
              284650.5345999999,
              324737.28009999916
            ],
            [
              284653.42150000297,
              324735.15900000185
            ],
            [
              284659.44540000241,
              324732.62089999951
            ],
            [
              284665.97920000181,
              324730.84120000154
            ],
            [
              284672.72920000087,
              324732.72810000181
            ],
            [
              284677.81230000313,
              324731.56709999964
            ],
            [
              284680.8832000019,
              324728.4897000026
            ],
            [
              284684.91720000003,
              324725.69099999964
            ],
            [
              284689.05300000124,
              324724.17690000124
            ],
            [
              284697.17280000169,
              324721.95650000125
            ],
            [
              284702.77060000133,
              324719.43310000189
            ],
            [
              284708.60570000298,
              324715.15399999917
            ],
            [
              284717.5446000034,
              324713.95519999973
            ],
            [
              284717.76290000044,
              324714.18050000258
            ],
            [
              284727.72220000252,
              324710.42420000024
            ],
            [
              284734.44930000417,
              324706.71170000359
            ],
            [
              284741.47369999997,
              324705.31800000183
            ],
            [
              284744.21560000069,
              324701.66080000252
            ],
            [
              284751.6249000011,
              324698.16880000196
            ],
            [
              284757.15790000092,
              324698.48159999959
            ],
            [
              284765.88660000078,
              324699.41060000099
            ],
            [
              284772.98220000323,
              324699.33840000071
            ],
            [
              284775.55300000031,
              324698.47910000198
            ],
            [
              284776.61909999885,
              324695.91290000081
            ],
            [
              284783.11230000015,
              324689.59390000254
            ],
            [
              284790.36870000139,
              324687.80250000209
            ],
            [
              284792.90500000212,
              324680.95309999958
            ],
            [
              284794.50549999997,
              324678.32740000263
            ],
            [
              284796.65870000143,
              324675.64060000144
            ],
            [
              284800.38190000039,
              324670.33720000088
            ],
            [
              284804.56190000195,
              324665.78220000304
            ],
            [
              284808.23150000069,
              324658.11569999903
            ],
            [
              284807.8720000023,
              324654.32680000179
            ],
            [
              284802.41880000103,
              324649.93850000016
            ],
            [
              284801.61550000031,
              324646.38400000334
            ],
            [
              284802.76340000052,
              324644.82249999978
            ],
            [
              284803.64080000296,
              324643.58440000191
            ],
            [
              284806.00299999956,
              324643.56560000032
            ],
            [
              284811.61530000251,
              324646.89360000007
            ],
            [
              284822.50170000084,
              324647.22940000519
            ],
            [
              284826.4102000026,
              324648.05700000376
            ],
            [
              284830.04150000121,
              324646.8358000014
            ],
            [
              284832.85170000419,
              324646.39740000106
            ],
            [
              284837.99820000213,
              324640.95869999938
            ],
            [
              284841.94440000411,
              324634.59699999914
            ],
            [
              284843.79060000088,
              324633.9728000015
            ],
            [
              284845.44570000004,
              324632.64910000004
            ],
            [
              284846.36199999973,
              324629.04900000431
            ],
            [
              284853.26370000001,
              324623.76640000194
            ],
            [
              284856.47840000037,
              324620.76480000094
            ],
            [
              284858.15120000299,
              324615.98130000196
            ],
            [
              284863.7324000001,
              324613.62529999949
            ],
            [
              284869.19030000269,
              324611.44490000233
            ],
            [
              284876.59390000161,
              324613.37540000118
            ],
            [
              284884.78960000351,
              324617.58269999921
            ],
            [
              284888.6286000004,
              324621.16460000165
            ],
            [
              284892.87310000043,
              324624.21810000017
            ],
            [
              284897.2807000028,
              324624.91560000181
            ],
            [
              284901.44650000148,
              324625.26530000009
            ],
            [
              284909.6483000014,
              324625.63140000217
            ],
            [
              284909.97410000023,
              324625.75549999811
            ],
            [
              284913.39769999869,
              324629.59210000187
            ],
            [
              284918.6948000025,
              324629.93990000151
            ],
            [
              284924.11440000124,
              324635.02440000139
            ],
            [
              284926.58499999996,
              324636.64210000448
            ],
            [
              284930.06350000389,
              324636.52109999955
            ],
            [
              284932.91770000011,
              324635.26490000077
            ],
            [
              284935.81520000007,
              324634.44600000046
            ],
            [
              284937.54680000059,
              324635.48560000211
            ],
            [
              284942.15620000102,
              324633.77150000259
            ],
            [
              284949.29710000101,
              324633.73699999973
            ],
            [
              284950.2033000011,
              324633.59679999948
            ],
            [
              284955.35850000102,
              324633.6548999995
            ],
            [
              284964.10690000001,
              324633.31020000204
            ],
            [
              284967.01159999985,
              324633.33779999986
            ],
            [
              284973.72200000007,
              324631.39250000007
            ],
            [
              284985.56110000238,
              324626.69630000181
            ],
            [
              284998.47860000003,
              324620.55950000137
            ],
            [
              285009.72069999948,
              324616.27630000003
            ],
            [
              285019.26160000265,
              324611.76300000213
            ],
            [
              285025.83310000226,
              324604.43119999953
            ],
            [
              285030.81800000183,
              324599.20490000211
            ],
            [
              285036.84150000196,
              324594.33270000108
            ],
            [
              285045.94100000151,
              324593.85180000216
            ],
            [
              285054.11500000022,
              324592.34830000065
            ],
            [
              285062.08810000122,
              324595.95849999972
            ],
            [
              285069.17810000386,
              324594.09129999951
            ],
            [
              285077.76550000161,
              324595.48440000415
            ],
            [
              285084.06740000285,
              324596.71480000205
            ],
            [
              285088.58980000392,
              324593.71870000102
            ],
            [
              285106.11180000287,
              324594.2285999991
            ],
            [
              285115.31830000319,
              324592.0933000017
            ],
            [
              285124.67090000026,
              324589.79190000147
            ],
            [
              285132.66579999961,
              324591.13299999945
            ],
            [
              285140.51250000298,
              324591.24480000138
            ],
            [
              285146.85200000182,
              324592.78390000202
            ],
            [
              285154.47220000345,
              324590.33589999937
            ],
            [
              285158.08740000241,
              324587.60780000128
            ],
            [
              285162.21740000043,
              324584.68029999919
            ],
            [
              285170.35060000233,
              324580.26530000195
            ],
            [
              285174.45639999956,
              324580.33240000159
            ],
            [
              285182.15380000416,
              324578.56399999931
            ],
            [
              285188.93300000206,
              324575.7918000035
            ],
            [
              285194.53770000301,
              324572.58050000109
            ],
            [
              285199.14800000284,
              324567.58330000192
            ],
            [
              285203.59949999955,
              324563.29140000232
            ],
            [
              285208.63480000012,
              324559.18180000409
            ],
            [
              285217.19430000242,
              324555.71680000238
            ],
            [
              285228.24500000197,
              324557.78740000352
            ],
            [
              285235.71380000003,
              324562.4533000011
            ],
            [
              285243.44840000197,
              324564.75920000114
            ],
            [
              285250.34500000253,
              324570.42410000041
            ],
            [
              285255.33790000062,
              324573.95950000174
            ],
            [
              285263.18470000383,
              324578.85230000317
            ],
            [
              285270.34320000373,
              324582.56650000066
            ],
            [
              285275.34339999873,
              324581.33990000188
            ],
            [
              285282.2572000036,
              324578.81079999916
            ],
            [
              285293.40930000041,
              324573.61550000124
            ],
            [
              285300.78710000124,
              324569.49120000191
            ],
            [
              285309.15500000305,
              324569.17109999806
            ],
            [
              285316.3171000015,
              324566.13279999979
            ],
            [
              285325.01560000237,
              324567.04350000247
            ],
            [
              285334.15830000117,
              324565.22399999946
            ],
            [
              285341.58060000185,
              324568.39210000262
            ],
            [
              285346.8032000009,
              324570.16250000149
            ],
            [
              285353.96110000089,
              324568.35209999979
            ],
            [
              285360.61970000342,
              324563.88599999994
            ],
            [
              285365.13830000348,
              324561.3145999983
            ],
            [
              285367.51589999907,
              324556.00790000148
            ],
            [
              285368.81110000145,
              324550.18940000422
            ],
            [
              285378.41619999986,
              324541.37069999985
            ],
            [
              285381.56830000319,
              324532.21140000224
            ],
            [
              285388.82199999876,
              324525.14680000208
            ],
            [
              285397.32320000138,
              324518.84750000201
            ],
            [
              285403.89250000101,
              324511.78570000082
            ],
            [
              285404.19120000117,
              324509.96550000086
            ],
            [
              285409.27950000018,
              324501.1129999999
            ],
            [
              285414.7566000009,
              324494.55230000243
            ],
            [
              285418.69700000063,
              324487.26080000214
            ],
            [
              285420.5475000022,
              324477.42860000208
            ],
            [
              285426.61870000139,
              324469.1809000019
            ],
            [
              285431.79980000108,
              324473.7228000015
            ],
            [
              285443.64510000218,
              324475.58450000174
            ],
            [
              285451.63600000273,
              324484.50590000115
            ],
            [
              285458.7695999993,
              324487.64350000396
            ],
            [
              285467.85810000263,
              324493.90620000288
            ],
            [
              285477.16950000171,
              324499.91980000399
            ],
            [
              285483.02330000233,
              324504.86800000072
            ],
            [
              285488.02360000089,
              324510.01280000061
            ],
            [
              285496.10379999969,
              324515.14970000274
            ],
            [
              285504.72519999929,
              324519.36170000583
            ],
            [
              285515.90699999966,
              324524.60270000249
            ],
            [
              285526.67989999987,
              324526.49149999954
            ],
            [
              285534.28830000293,
              324530.86130000092
            ],
            [
              285543.54440000094,
              324531.50790000148
            ],
            [
              285551.54030000139,
              324535.8973000031
            ],
            [
              285553.17129999958,
              324542.70529999956
            ],
            [
              285560.40230000112,
              324552.33589999937
            ],
            [
              285564.88560000062,
              324556.66640000045
            ],
            [
              285570.39620000124,
              324560.91400000453
            ],
            [
              285575.57810000237,
              324565.35349999927
            ],
            [
              285581.51819999982,
              324573.20469999872
            ],
            [
              285585.7949000001,
              324580.05380000174
            ],
            [
              285591.5391000025,
              324585.32670000009
            ],
            [
              285591.76190000027,
              324592.23940000311
            ],
            [
              285592.78300000075,
              324592.81650000252
            ],
            [
              285597.47399999946,
              324604.84109999985
            ],
            [
              285604.32959999889,
              324609.19450000115
            ],
            [
              285609.44210000336,
              324613.7265000008
            ],
            [
              285611.23300000001,
              324614.91560000181
            ],
            [
              285618.07830000296,
              324624.31920000352
            ],
            [
              285625.05790000129,
              324623.66049999744
            ],
            [
              285631.95839999989,
              324624.11730000377
            ],
            [
              285635.88430000097,
              324623.12250000052
            ],
            [
              285645.61760000139,
              324623.15980000049
            ],
            [
              285653.70770000014,
              324624.07430000044
            ],
            [
              285656.33659999911,
              324618.56179999933
            ],
            [
              285660.85750000272,
              324618.45710000023
            ],
            [
              285664.86050000228,
              324621.71040000394
            ],
            [
              285671.00289999973,
              324631.22810000181
            ],
            [
              285669.35560000222,
              324638.86700000428
            ],
            [
              285669.11479999963,
              324652.89989999868
            ],
            [
              285664.3300999999,
              324659.41130000167
            ],
            [
              285661.33560000081,
              324662.92320000008
            ],
            [
              285653.38449999969,
              324665.7769000046
            ],
            [
              285647.12160000112,
              324671.79050000012
            ],
            [
              285644.58109999914,
              324675.39540000074
            ],
            [
              285647.3657999998,
              324679.65210000053
            ],
            [
              285656.58690000046,
              324681.5541999992
            ],
            [
              285661.38090000022,
              324692.34270000085
            ],
            [
              285663.46490000002,
              324694.67860000022
            ],
            [
              285670.56010000035,
              324697.03460000269
            ],
            [
              285678.4748000009,
              324701.17490000091
            ],
            [
              285688.98680000287,
              324702.47540000267
            ],
            [
              285689.86600000039,
              324712.30560000241
            ],
            [
              285690.60120000038,
              324715.73550000414
            ],
            [
              285692.87730000075,
              324717.06870000251
            ],
            [
              285696.67010000069,
              324716.46330000088
            ],
            [
              285701.22929999977,
              324717.61370000057
            ],
            [
              285703.90270000137,
              324728.2890000008
            ],
            [
              285704.11710000318,
              324731.30450000055
            ],
            [
              285702.82930000126,
              324740.31420000084
            ],
            [
              285705.17379999999,
              324752.7721000053
            ],
            [
              285708.15910000354,
              324761.84129999951
            ],
            [
              285717.10440000053,
              324770.24620000087
            ],
            [
              285716.91720000282,
              324774.03600000218
            ],
            [
              285717.29320000112,
              324778.56919999979
            ],
            [
              285717.82310000062,
              324778.54470000044
            ],
            [
              285717.26600000076,
              324784.83120000176
            ],
            [
              285715.53390000202,
              324792.54959999956
            ],
            [
              285717.96559999883,
              324800.7081000004
            ],
            [
              285718.66590000223,
              324810.7517000027
            ],
            [
              285720.06269999966,
              324820.75229999982
            ],
            [
              285723.82270000037,
              324828.17300000042
            ],
            [
              285730.12519999966,
              324839.01470000111
            ],
            [
              285738.46030000132,
              324844.24650000036
            ],
            [
              285747.61820000038,
              324849.68429999985
            ],
            [
              285753.82030000258,
              324849.76050000079
            ],
            [
              285758.25499999989,
              324849.44089999981
            ],
            [
              285762.95850000251,
              324849.23740000091
            ],
            [
              285768.16139999963,
              324848.75910000131
            ],
            [
              285774.0379000036,
              324848.77570000291
            ],
            [
              285781.19530000351,
              324848.02720000036
            ],
            [
              285786.37420000322,
              324845.64959999919
            ],
            [
              285788.63540000003,
              324842.3049999997
            ],
            [
              285793.35710000154,
              324842.86500000022
            ],
            [
              285797.22530000284,
              324847.33100000024
            ],
            [
              285802.24120000098,
              324849.43110000342
            ],
            [
              285801.97650000174,
              324849.42980000004
            ],
            [
              285808.38450000342,
              324853.40670000203
            ],
            [
              285819.29890000075,
              324856.91810000315
            ],
            [
              285823.7023,
              324858.8543999996
            ],
            [
              285827.99730000272,
              324863.2808999978
            ],
            [
              285829.87020000257,
              324867.83260000125
            ],
            [
              285829.58170000091,
              324872.42229999974
            ],
            [
              285826.96520000137,
              324878.83359999955
            ],
            [
              285825.16309999954,
              324884.90590000153
            ],
            [
              285823.83000000194,
              324895.75220000185
            ],
            [
              285823.8114000028,
              324906.15440000035
            ],
            [
              285824.12340000272,
              324909.30120000429
            ],
            [
              285822.2165000001,
              324916.70040000044
            ],
            [
              285819.95060000103,
              324927.1248000022
            ],
            [
              285818.6182000041,
              324932.94100000151
            ],
            [
              285817.13030000031,
              324939.93470000103
            ],
            [
              285816.0297000017,
              324947.50400000252
            ],
            [
              285819.45370000042,
              324958.73149999976
            ],
            [
              285826.60940000135,
              324968.22210000083
            ],
            [
              285833.66730000079,
              324978.40929999948
            ],
            [
              285842.70520000067,
              324982.74039999954
            ],
            [
              285853.40690000076,
              324985.17390000448
            ],
            [
              285858.44720000122,
              324984.01050000079
            ],
            [
              285863.9590999987,
              324982.7658000011
            ],
            [
              285871.8060999997,
              324976.64900000021
            ],
            [
              285883.05160000268,
              324975.97560000606
            ],
            [
              285900.00300000049,
              324975.79429999739
            ],
            [
              285904.27190000005,
              324977.07230000198
            ],
            [
              285904.47279999964,
              324992.36150000058
            ],
            [
              285904.61480000243,
              325004.50060000084
            ],
            [
              285903.42240000144,
              325009.88370000012
            ],
            [
              285898.42320000008,
              325015.94439999945
            ],
            [
              285890.43049999885,
              325023.91090000235
            ],
            [
              285890.33710000198,
              325024.00400000252
            ],
            [
              285885.29440000374,
              325027.99950000271
            ],
            [
              285880.32900000364,
              325031.53540000133
            ],
            [
              285874.35250000097,
              325031.8256000001
            ],
            [
              285869.96990000084,
              325030.09980000369
            ],
            [
              285862.24190000072,
              325029.23800000176
            ],
            [
              285853.7304000007,
              325026.32880000211
            ],
            [
              285844.76450000145,
              325025.3123000022
            ],
            [
              285836.02400000114,
              325018.98149999976
            ],
            [
              285835.95060000103,
              325018.92830000445
            ],
            [
              285830.83170000091,
              325017.15789999999
            ],
            [
              285822.35770000052,
              325015.88600000367
            ],
            [
              285819.28419999965,
              325016.82399999909
            ],
            [
              285804.79020000249,
              325027.68769999966
            ],
            [
              285801.15879999939,
              325030.4990000017
            ],
            [
              285794.42820000276,
              325041.69780000113
            ],
            [
              285792.66430000402,
              325051.97719999962
            ],
            [
              285788.78840000182,
              325060.31729999743
            ],
            [
              285784.12530000228,
              325064.46729999967
            ],
            [
              285780.72970000003,
              325068.07150000148
            ],
            [
              285777.47269999888,
              325071.49090000428
            ],
            [
              285771.45150000323,
              325075.31870000064
            ],
            [
              285766.86120000202,
              325080.81480000354
            ],
            [
              285764.37970000319,
              325085.33690000139
            ],
            [
              285763.32469999976,
              325092.46849999949
            ],
            [
              285762.56690000091,
              325097.40670000203
            ],
            [
              285763.41330000013,
              325102.71629999951
            ],
            [
              285762.97350000404,
              325106.55350000039
            ],
            [
              285761.7183000017,
              325118.59210000746
            ],
            [
              285759.13320000283,
              325129.66340000182
            ],
            [
              285757.11259999964,
              325139.76349999942
            ],
            [
              285756.38710000087,
              325156.74029999971
            ],
            [
              285757.14550000243,
              325164.09530000389
            ],
            [
              285754.79080000147,
              325181.27030000091
            ],
            [
              285754.79950000159,
              325188.30190000124
            ],
            [
              285755.45590000134,
              325194.38170000166
            ],
            [
              285754.8888000017,
              325203.56570000201
            ],
            [
              285753.64310000278,
              325208.18560000323
            ],
            [
              285752.2471000012,
              325223.72360000201
            ],
            [
              285750.87360000238,
              325230.57450000569
            ],
            [
              285748.05530000385,
              325236.80790000036
            ],
            [
              285743.86890000291,
              325241.82669999823
            ],
            [
              285738.13100000285,
              325247.99459999986
            ],
            [
              285738.09620000143,
              325248.06119999848
            ],
            [
              285734.3776000021,
              325255.18950000219
            ],
            [
              285734.23900000099,
              325260.00260000117
            ],
            [
              285736.59900000412,
              325263.98930000141
            ],
            [
              285739.87940000184,
              325267.80920000002
            ],
            [
              285747.62420000136,
              325270.40259999968
            ],
            [
              285756.21550000086,
              325273.88570000045
            ],
            [
              285763.05060000252,
              325279.41740000062
            ],
            [
              285768.95260000415,
              325284.46030000411
            ],
            [
              285773.40600000042,
              325289.55600000359
            ],
            [
              285778.01200000383,
              325305.9123999998
            ],
            [
              285781.53860000055,
              325313.21040000021
            ],
            [
              285783.07570000086,
              325316.1742000021
            ],
            [
              285783.67499999981,
              325319.66909999959
            ],
            [
              285783.02240000106,
              325325.87680000067
            ],
            [
              285782.63970000204,
              325334.78060000017
            ],
            [
              285780.71569999959,
              325343.14420000464
            ],
            [
              285776.39499999955,
              325352.35570000298
            ],
            [
              285770.15029999986,
              325358.47499999963
            ],
            [
              285766.76020000037,
              325363.33110000193
            ],
            [
              285764.9486999996,
              325371.25790000148
            ],
            [
              285765.46190000232,
              325379.57850000262
            ],
            [
              285766.12810000218,
              325391.77640000358
            ],
            [
              285758.62840000167,
              325402.37519999966
            ],
            [
              285747.14589999989,
              325413.44270000421
            ],
            [
              285733.97559999861,
              325417.03470000438
            ],
            [
              285725.31219999865,
              325419.65640000068
            ],
            [
              285720.52270000055,
              325425.02680000104
            ],
            [
              285712.85120000038,
              325431.10639999993
            ],
            [
              285705.26810000278,
              325434.29250000231
            ],
            [
              285698.90200000349,
              325430.01060000248
            ],
            [
              285692.65500000212,
              325424.17390000075
            ],
            [
              285683.7882000003,
              325418.8550000079
            ],
            [
              285670.54990000091,
              325415.20600000396
            ],
            [
              285653.29000000376,
              325413.50210000016
            ],
            [
              285631.10810000263,
              325417.34930000082
            ],
            [
              285617.42920000013,
              325423.21289999969
            ],
            [
              285609.66029999871,
              325429.38560000062
            ],
            [
              285604.69550000038,
              325432.93659999967
            ],
            [
              285596.03880000208,
              325433.56460000016
            ],
            [
              285582.7854000004,
              325437.87310000136
            ],
            [
              285571.86230000108,
              325441.77070000023
            ],
            [
              285560.3925999999,
              325445.50320000015
            ],
            [
              285554.91170000099,
              325450.30079999939
            ],
            [
              285547.23520000093,
              325454.06629999913
            ],
            [
              285541.94770000409,
              325454.2023999989
            ],
            [
              285533.26610000245,
              325456.20500000007
            ],
            [
              285525.05230000243,
              325459.95680000447
            ],
            [
              285517.88320000377,
              325466.18500000052
            ],
            [
              285514.41540000029,
              325469.43380000442
            ],
            [
              285510.95750000142,
              325474.78150000051
            ],
            [
              285507.04459999967,
              325480.6857000012
            ],
            [
              285507.02060000133,
              325480.71870000102
            ],
            [
              285502.08130000066,
              325487.52219999954
            ],
            [
              285500.01900000032,
              325491.99540000223
            ],
            [
              285500.54350000247,
              325497.80289999954
            ],
            [
              285508.07800000068,
              325504.15870000049
            ],
            [
              285513.9477000013,
              325509.61760000326
            ],
            [
              285520.65720000118,
              325513.66660000198
            ],
            [
              285533.24440000299,
              325523.47069999948
            ],
            [
              285543.64660000149,
              325530.19000000134
            ],
            [
              285550.17630000412,
              325534.13340000249
            ],
            [
              285554.31300000101,
              325540.131500002
            ],
            [
              285555.50670000073,
              325545.99550000019
            ],
            [
              285555.67940000072,
              325555.64290000126
            ],
            [
              285557.72910000198,
              325562.38870000094
            ],
            [
              285561.12129999977,
              325565.89609999955
            ],
            [
              285567.61450000107,
              325569.92990000173
            ],
            [
              285570.9637000002,
              325578.58320000209
            ],
            [
              285571.71690000128,
              325588.10170000046
            ],
            [
              285570.81359999906,
              325593.881500002
            ],
            [
              285566.05080000032,
              325601.94060000218
            ],
            [
              285562.89979999978,
              325607.1686000023
            ],
            [
              285556.28630000167,
              325614.1107000038
            ],
            [
              285548.83270000108,
              325622.26290000044
            ],
            [
              285546.17560000066,
              325624.76330000162
            ],
            [
              285543.59360000119,
              325629.7239000015
            ],
            [
              285541.73089999985,
              325635.29700000212
            ],
            [
              285540.24189999979,
              325643.65960000083
            ],
            [
              285538.91830000188,
              325652.02170000225
            ],
            [
              285536.3899000017,
              325656.91240000166
            ],
            [
              285534.91510000266,
              325663.38880000077
            ],
            [
              285536.8786000004,
              325668.80620000139
            ],
            [
              285547.05399999954,
              325679.03240000457
            ],
            [
              285553.99129999988,
              325684.45590000227
            ],
            [
              285557.72600000072,
              325690.45470000245
            ],
            [
              285558.91810000129,
              325700.12970000133
            ],
            [
              285559.41720000003,
              325704.35670000315
            ],
            [
              285559.42410000227,
              325704.41510000266
            ],
            [
              285561.08550000098,
              325709.10600000434
            ],
            [
              285561.78630000073,
              325716.91579999961
            ],
            [
              285560.07590000145,
              325727.74699999951
            ],
            [
              285554.96350000054,
              325741.44290000014
            ],
            [
              285554.46330000181,
              325749.81570000015
            ],
            [
              285555.5895000007,
              325754.15789999999
            ],
            [
              285557.64200000186,
              325759.27730000392
            ],
            [
              285558.50150000025,
              325764.67589999735
            ],
            [
              285556.02149999887,
              325768.76690000296
            ],
            [
              285549.9067000011,
              325770.29600000195
            ],
            [
              285544.5111999996,
              325770.52180000022
            ],
            [
              285537.97350000031,
              325769.87539999932
            ],
            [
              285532.50200000126,
              325767.8943000026
            ],
            [
              285527.67540000286,
              325765.75399999879
            ],
            [
              285523.38260000013,
              325762.40829999931
            ],
            [
              285520.70469999965,
              325759.12790000252
            ],
            [
              285517.90809999965,
              325754.68890000694
            ],
            [
              285511.81290000118,
              325745.93800000288
            ],
            [
              285506.14140000101,
              325743.56540000439
            ],
            [
              285502.57950000186,
              325741.54099999927
            ],
            [
              285495.05640000012,
              325741.72680000216
            ],
            [
              285486.24960000347,
              325740.0661999993
            ],
            [
              285485.96480000112,
              325740.00379999913
            ],
            [
              285475.65220000129,
              325737.74500000104
            ],
            [
              285471.16660000011,
              325734.06190000288
            ],
            [
              285456.91410000157,
              325733.33239999972
            ],
            [
              285446.2360000005,
              325732.40210000426
            ],
            [
              285440.2435000008,
              325730.56940000318
            ],
            [
              285432.03590000235,
              325731.80020000041
            ],
            [
              285422.9018000029,
              325735.23260000162
            ],
            [
              285415.18609999958,
              325739.32700000145
            ],
            [
              285404.09310000204,
              325740.28109999932
            ],
            [
              285393.45110000204,
              325741.22919999808
            ],
            [
              285382.970900001,
              325741.53580000438
            ],
            [
              285374.40189999994,
              325746.64360000007
            ],
            [
              285363.32460000273,
              325755.45970000327
            ],
            [
              285354.06890000403,
              325764.00830000266
            ],
            [
              285345.05960000213,
              325768.03280000016
            ],
            [
              285334.65070000198,
              325769.9459999986
            ],
            [
              285326.54179999977,
              325769.25620000251
            ],
            [
              285318.26670000236,
              325765.21300000325
            ],
            [
              285309.15749999974,
              325762.21419999935
            ],
            [
              285297.93540000357,
              325760.30399999954
            ],
            [
              285287.78110000212,
              325755.20900000073
            ],
            [
              285282.18240000028,
              325750.82730000094
            ],
            [
              285274.06270000339,
              325746.41019999981
            ],
            [
              285267.36140000261,
              325743.44830000214
            ],
            [
              285260.11580000259,
              325741.40379999951
            ],
            [
              285251.52210000064,
              325738.9291999992
            ],
            [
              285244.01240000315,
              325735.10109999962
            ],
            [
              285232.3732000012,
              325732.00629999861
            ],
            [
              285221.6567000011,
              325732.51970000006
            ],
            [
              285218.32870000228,
              325729.78630000353
            ],
            [
              285211.70040000137,
              325734.73000000231
            ],
            [
              285200.86250000168,
              325741.29630000144
            ],
            [
              285190.79570000246,
              325750.40710000135
            ],
            [
              285183.44099999964,
              325757.2722000014
            ],
            [
              285176.30879999977,
              325760.88040000387
            ],
            [
              285168.19670000207,
              325759.06990000233
            ],
            [
              285162.05240000226,
              325757.60579999909
            ],
            [
              285154.1230999995,
              325753.74050000682
            ],
            [
              285147.88670000248,
              325750.00489999913
            ],
            [
              285130.2378000021,
              325734.94050000049
            ],
            [
              285119.91930000205,
              325726.14900000021
            ],
            [
              285112.62550000381,
              325726.92369999923
            ],
            [
              285098.35720000044,
              325725.40830000304
            ],
            [
              285082.09400000051,
              325725.16489999741
            ],
            [
              285065.84700000193,
              325724.53880000114
            ],
            [
              285046.96940000076,
              325722.0102000013
            ],
            [
              285027.59489999991,
              325725.42080000415
            ],
            [
              285013.61820000038,
              325730.4755000025
            ],
            [
              285003.21760000009,
              325736.36350000091
            ],
            [
              284989.08400000352,
              325744.65069999918
            ],
            [
              284975.27160000056,
              325752.86350000091
            ],
            [
              284964.11909999978,
              325759.5821000021
            ],
            [
              284951.18910000101,
              325766.54880000092
            ],
            [
              284943.36740000267,
              325770.54590000026
            ],
            [
              284932.34340000246,
              325773.61720000394
            ],
            [
              284921.76730000041,
              325775.23830000125
            ],
            [
              284913.32090000156,
              325777.01950000226
            ],
            [
              284904.16349999979,
              325782.0298999995
            ],
            [
              284896.08559999987,
              325786.34720000066
            ],
            [
              284889.76780000143,
              325790.49719999917
            ],
            [
              284882.60960000195,
              325792.20130000263
            ],
            [
              284875.89380000066,
              325794.53250000067
            ],
            [
              284875.57470000163,
              325794.68730000407
            ],
            [
              284870.8107000012,
              325796.46089999937
            ],
            [
              284863.97540000267,
              325796.41400000639
            ],
            [
              284859.53570000362,
              325797.38350000232
            ],
            [
              284853.71460000053,
              325801.49080000259
            ],
            [
              284850.16370000225,
              325810.21060000174
            ],
            [
              284847.55970000196,
              325819.23509999923
            ],
            [
              284840.13640000112,
              325825.90030000173
            ],
            [
              284833.32120000105,
              325829.83630000241
            ]
          ]
        ]
      }
    }
  ]
}