{
  "displayFieldName" : "",
  "fieldAliases" : {
    "FID" : "FID",
    "PMNTN_SPOT" : "PMNTN_SPOT",
    "MNTN_CODE" : "MNTN_CODE",
    "MANAGE_SP1" : "MANAGE_SP1",
    "MANAGE_SP2" : "MANAGE_SP2",
    "DETAIL_SPO" : "DETAIL_SPO",
    "ETC_MATTER" : "ETC_MATTER",
    "MNTN_NM" : "MNTN_NM",
    "PAST_SPOT_" : "PAST_SPOT_",
    "MNTN_ID" : "MNTN_ID"
  },
  "geometryType" : "esriGeometryPoint",
  "spatialReference" : {
    "wkt" : "PROJCS[\"PCS_ITRF2000_TM\",GEOGCS[\"GCS_ITRF_2000\",DATUM[\"D_ITRF_2000\",SPHEROID[\"GRS_1980\",6378137.0,298.257222101]],PRIMEM[\"Greenwich\",0.0],UNIT[\"Degree\",0.0174532925199433]],PROJECTION[\"Transverse_Mercator\"],PARAMETER[\"False_Easting\",200000.0],PARAMETER[\"False_Northing\",600000.0],PARAMETER[\"Central_Meridian\",127.0],PARAMETER[\"Scale_Factor\",1.0],PARAMETER[\"Latitude_Of_Origin\",38.0],UNIT[\"Meter\",1.0]]"
  },
  "fields" : [
    {
      "name" : "FID",
      "type" : "esriFieldTypeOID",
      "alias" : "FID"
    },
    {
      "name" : "PMNTN_SPOT",
      "type" : "esriFieldTypeDouble",
      "alias" : "PMNTN_SPOT"
    },
    {
      "name" : "MNTN_CODE",
      "type" : "esriFieldTypeString",
      "alias" : "MNTN_CODE",
      "length" : 9
    },
    {
      "name" : "MANAGE_SP1",
      "type" : "esriFieldTypeString",
      "alias" : "MANAGE_SP1",
      "length" : 2
    },
    {
      "name" : "MANAGE_SP2",
      "type" : "esriFieldTypeString",
      "alias" : "MANAGE_SP2",
      "length" : 50
    },
    {
      "name" : "DETAIL_SPO",
      "type" : "esriFieldTypeString",
      "alias" : "DETAIL_SPO",
      "length" : 200
    },
    {
      "name" : "ETC_MATTER",
      "type" : "esriFieldTypeString",
      "alias" : "ETC_MATTER",
      "length" : 200
    },
    {
      "name" : "MNTN_NM",
      "type" : "esriFieldTypeString",
      "alias" : "MNTN_NM",
      "length" : 50
    },
    {
      "name" : "PAST_SPOT_",
      "type" : "esriFieldTypeString",
      "alias" : "PAST_SPOT_",
      "length" : 14
    },
    {
      "name" : "MNTN_ID",
      "type" : "esriFieldTypeString",
      "alias" : "MNTN_ID",
      "length" : 10
    }
  ],
  "features" : [
    {
      "attributes" : {
        "FID" : 0,
        "PMNTN_SPOT" : 63840,
        "MNTN_CODE" : "272601401",
        "MANAGE_SP1" : "99",
        "MANAGE_SP2" : "기타",
        "DETAIL_SPO" : "산불초소",
        "ETC_MATTER" : " ",
        "MNTN_NM" : "연호산",
        "PAST_SPOT_" : "2726014010001",
        "MNTN_ID" : "272601401"
      },
      "geometry" : {
        "x" : 349090.52630000003,
        "y" : 363631.50240000151
      }
    },
    {
      "attributes" : {
        "FID" : 1,
        "PMNTN_SPOT" : 63841,
        "MNTN_CODE" : "272601401",
        "MANAGE_SP1" : "05",
        "MANAGE_SP2" : "벤치",
        "DETAIL_SPO" : "목재벤취2개",
        "ETC_MATTER" : " ",
        "MNTN_NM" : "연호산",
        "PAST_SPOT_" : "2726014010002",
        "MNTN_ID" : "272601401"
      },
      "geometry" : {
        "x" : 349465.38410000037,
        "y" : 363835.41149999946
      }
    },
    {
      "attributes" : {
        "FID" : 2,
        "PMNTN_SPOT" : 63842,
        "MNTN_CODE" : "272601401",
        "MANAGE_SP1" : "99",
        "MANAGE_SP2" : "기타",
        "DETAIL_SPO" : "목재계단",
        "ETC_MATTER" : " ",
        "MNTN_NM" : "연호산",
        "PAST_SPOT_" : "2726014010003",
        "MNTN_ID" : "272601401"
      },
      "geometry" : {
        "x" : 349478.22980000079,
        "y" : 363849.71540000103
      }
    },
    {
      "attributes" : {
        "FID" : 3,
        "PMNTN_SPOT" : 63843,
        "MNTN_CODE" : "272601401",
        "MANAGE_SP1" : "99",
        "MANAGE_SP2" : "기타",
        "DETAIL_SPO" : "형제봉관망대",
        "ETC_MATTER" : " ",
        "MNTN_NM" : "연호산",
        "PAST_SPOT_" : "2726014010004",
        "MNTN_ID" : "272601401"
      },
      "geometry" : {
        "x" : 349633.19900000188,
        "y" : 363800.08740000241
      }
    },
    {
      "attributes" : {
        "FID" : 4,
        "PMNTN_SPOT" : 63844,
        "MNTN_CODE" : "272601401",
        "MANAGE_SP1" : "05",
        "MANAGE_SP2" : "벤치",
        "DETAIL_SPO" : "목재벤취7개",
        "ETC_MATTER" : " ",
        "MNTN_NM" : "연호산",
        "PAST_SPOT_" : "2726014010005",
        "MNTN_ID" : "272601401"
      },
      "geometry" : {
        "x" : 349647.33440000098,
        "y" : 363804.85800000094
      }
    },
    {
      "attributes" : {
        "FID" : 5,
        "PMNTN_SPOT" : 63845,
        "MNTN_CODE" : "272601401",
        "MANAGE_SP1" : "07",
        "MANAGE_SP2" : "시설물(운동기구 등)",
        "DETAIL_SPO" : "운동기구12개",
        "ETC_MATTER" : " ",
        "MNTN_NM" : "연호산",
        "PAST_SPOT_" : "2726014010006",
        "MNTN_ID" : "272601401"
      },
      "geometry" : {
        "x" : 349660.15210000053,
        "y" : 363814.98410000093
      }
    },
    {
      "attributes" : {
        "FID" : 6,
        "PMNTN_SPOT" : 63846,
        "MNTN_CODE" : "272601401",
        "MANAGE_SP1" : "99",
        "MANAGE_SP2" : "기타",
        "DETAIL_SPO" : "측량기준점",
        "ETC_MATTER" : " ",
        "MNTN_NM" : "연호산",
        "PAST_SPOT_" : "2726014010007",
        "MNTN_ID" : "272601401"
      },
      "geometry" : {
        "x" : 350199.0185000021,
        "y" : 363373.79069999978
      }
    },
    {
      "attributes" : {
        "FID" : 7,
        "PMNTN_SPOT" : 63847,
        "MNTN_CODE" : "272601401",
        "MANAGE_SP1" : "22",
        "MANAGE_SP2" : "헬기장",
        "DETAIL_SPO" : "헬기장 50-501-3-1",
        "ETC_MATTER" : " ",
        "MNTN_NM" : "연호산",
        "PAST_SPOT_" : "2726014010008",
        "MNTN_ID" : "272601401"
      },
      "geometry" : {
        "x" : 350192.28589999955,
        "y" : 363376.8489000015
      }
    },
    {
      "attributes" : {
        "FID" : 8,
        "PMNTN_SPOT" : 63848,
        "MNTN_CODE" : "272601401",
        "MANAGE_SP1" : "99",
        "MANAGE_SP2" : "기타",
        "DETAIL_SPO" : "삼각점 1994재설 대구316",
        "ETC_MATTER" : " ",
        "MNTN_NM" : "연호산",
        "PAST_SPOT_" : "2726014010009",
        "MNTN_ID" : "272601401"
      },
      "geometry" : {
        "x" : 350199.78230000008,
        "y" : 363380.98650000058
      }
    },
    {
      "attributes" : {
        "FID" : 9,
        "PMNTN_SPOT" : 63849,
        "MNTN_CODE" : "272601401",
        "MANAGE_SP1" : "05",
        "MANAGE_SP2" : "벤치",
        "DETAIL_SPO" : "목재벤취4개",
        "ETC_MATTER" : " ",
        "MNTN_NM" : "연호산",
        "PAST_SPOT_" : "2726014010010",
        "MNTN_ID" : "272601401"
      },
      "geometry" : {
        "x" : 349491.66509999987,
        "y" : 363393.30450000241
      }
    },
    {
      "attributes" : {
        "FID" : 10,
        "PMNTN_SPOT" : 63850,
        "MNTN_CODE" : "272601401",
        "MANAGE_SP1" : "07",
        "MANAGE_SP2" : "시설물(운동기구 등)",
        "DETAIL_SPO" : "운동기구2개",
        "ETC_MATTER" : " ",
        "MNTN_NM" : "연호산",
        "PAST_SPOT_" : "2726014010011",
        "MNTN_ID" : "272601401"
      },
      "geometry" : {
        "x" : 349498.88260000199,
        "y" : 363391.1099000033
      }
    },
    {
      "attributes" : {
        "FID" : 11,
        "PMNTN_SPOT" : 63851,
        "MNTN_CODE" : "272601401",
        "MANAGE_SP1" : "05",
        "MANAGE_SP2" : "벤치",
        "DETAIL_SPO" : "목재벤취4개",
        "ETC_MATTER" : " ",
        "MNTN_NM" : "연호산",
        "PAST_SPOT_" : "2726014010012",
        "MNTN_ID" : "272601401"
      },
      "geometry" : {
        "x" : 349650.13609999977,
        "y" : 363550.53920000233
      }
    },
    {
      "attributes" : {
        "FID" : 12,
        "PMNTN_SPOT" : 63852,
        "MNTN_CODE" : "272601401",
        "MANAGE_SP1" : "07",
        "MANAGE_SP2" : "시설물(운동기구 등)",
        "DETAIL_SPO" : "운동기구8개",
        "ETC_MATTER" : " ",
        "MNTN_NM" : "연호산",
        "PAST_SPOT_" : "2726014010013",
        "MNTN_ID" : "272601401"
      },
      "geometry" : {
        "x" : 349652.62420000136,
        "y" : 363562.83480000123
      }
    },
    {
      "attributes" : {
        "FID" : 13,
        "PMNTN_SPOT" : 63853,
        "MNTN_CODE" : "272601401",
        "MANAGE_SP1" : "99",
        "MANAGE_SP2" : "기타",
        "DETAIL_SPO" : "돌탑",
        "ETC_MATTER" : " ",
        "MNTN_NM" : "연호산",
        "PAST_SPOT_" : "2726014010014",
        "MNTN_ID" : "272601401"
      },
      "geometry" : {
        "x" : 349652.90969999973,
        "y" : 363571.9112999998
      }
    },
    {
      "attributes" : {
        "FID" : 14,
        "PMNTN_SPOT" : 63854,
        "MNTN_CODE" : "272601401",
        "MANAGE_SP1" : "99",
        "MANAGE_SP2" : "기타",
        "DETAIL_SPO" : "산불초소",
        "ETC_MATTER" : " ",
        "MNTN_NM" : "연호산",
        "PAST_SPOT_" : "2726014010015",
        "MNTN_ID" : "272601401"
      },
      "geometry" : {
        "x" : 349698.96560000163,
        "y" : 363242.6640000008
      }
    },
    {
      "attributes" : {
        "FID" : 15,
        "PMNTN_SPOT" : 63855,
        "MNTN_CODE" : "272601401",
        "MANAGE_SP1" : "99",
        "MANAGE_SP2" : "기타",
        "DETAIL_SPO" : "명정각",
        "ETC_MATTER" : " ",
        "MNTN_NM" : "연호산",
        "PAST_SPOT_" : "2726014010016",
        "MNTN_ID" : "272601401"
      },
      "geometry" : {
        "x" : 349117.42239999957,
        "y" : 363570.90270000324
      }
    },
    {
      "attributes" : {
        "FID" : 16,
        "PMNTN_SPOT" : 63856,
        "MNTN_CODE" : "272601401",
        "MANAGE_SP1" : "99",
        "MANAGE_SP2" : "기타",
        "DETAIL_SPO" : "모명재",
        "ETC_MATTER" : " ",
        "MNTN_NM" : "연호산",
        "PAST_SPOT_" : "2726014010017",
        "MNTN_ID" : "272601401"
      },
      "geometry" : {
        "x" : 349180.86210000049,
        "y" : 363580.37570000067
      }
    },
    {
      "attributes" : {
        "FID" : 17,
        "PMNTN_SPOT" : 63857,
        "MNTN_CODE" : "272601401",
        "MANAGE_SP1" : "99",
        "MANAGE_SP2" : "기타",
        "DETAIL_SPO" : "고모령비",
        "ETC_MATTER" : " ",
        "MNTN_NM" : "연호산",
        "PAST_SPOT_" : "2726014010018",
        "MNTN_ID" : "272601401"
      },
      "geometry" : {
        "x" : 349588.30820000079,
        "y" : 365391.940200001
      }
    },
    {
      "attributes" : {
        "FID" : 18,
        "PMNTN_SPOT" : 63858,
        "MNTN_CODE" : "272601401",
        "MANAGE_SP1" : "99",
        "MANAGE_SP2" : "기타",
        "DETAIL_SPO" : "유형문화재 제5호",
        "ETC_MATTER" : " ",
        "MNTN_NM" : "연호산",
        "PAST_SPOT_" : "2726014010019",
        "MNTN_ID" : "272601401"
      },
      "geometry" : {
        "x" : 349727.64300000016,
        "y" : 365438.38560000062
      }
    },
    {
      "attributes" : {
        "FID" : 19,
        "PMNTN_SPOT" : 63859,
        "MNTN_CODE" : "272601401",
        "MANAGE_SP1" : "99",
        "MANAGE_SP2" : "기타",
        "DETAIL_SPO" : "유형문화재 제4호",
        "ETC_MATTER" : " ",
        "MNTN_NM" : "연호산",
        "PAST_SPOT_" : "2726014010020",
        "MNTN_ID" : "272601401"
      },
      "geometry" : {
        "x" : 349730.93750000093,
        "y" : 365444.16360000148
      }
    },
    {
      "attributes" : {
        "FID" : 20,
        "PMNTN_SPOT" : 63860,
        "MNTN_CODE" : "272601401",
        "MANAGE_SP1" : "99",
        "MANAGE_SP2" : "기타",
        "DETAIL_SPO" : "영남제1문",
        "ETC_MATTER" : " ",
        "MNTN_NM" : "연호산",
        "PAST_SPOT_" : "2726014010021",
        "MNTN_ID" : "272601401"
      },
      "geometry" : {
        "x" : 349772.64979999978,
        "y" : 365480.59930000082
      }
    },
    {
      "attributes" : {
        "FID" : 21,
        "PMNTN_SPOT" : 63861,
        "MNTN_CODE" : "272601401",
        "MANAGE_SP1" : "07",
        "MANAGE_SP2" : "시설물(운동기구 등)",
        "DETAIL_SPO" : "운동기구11개,목재벤취5개",
        "ETC_MATTER" : " ",
        "MNTN_NM" : "연호산",
        "PAST_SPOT_" : "2726014010022",
        "MNTN_ID" : "272601401"
      },
      "geometry" : {
        "x" : 349773.63460000046,
        "y" : 365280.62250000425
      }
    },
    {
      "attributes" : {
        "FID" : 22,
        "PMNTN_SPOT" : 63862,
        "MNTN_CODE" : "272601401",
        "MANAGE_SP1" : "99",
        "MANAGE_SP2" : "기타",
        "DETAIL_SPO" : "철재구름다리",
        "ETC_MATTER" : " ",
        "MNTN_NM" : "연호산",
        "PAST_SPOT_" : "2726014010023",
        "MNTN_ID" : "272601401"
      },
      "geometry" : {
        "x" : 349683.32510000002,
        "y" : 365125.5252000019
      }
    },
    {
      "attributes" : {
        "FID" : 23,
        "PMNTN_SPOT" : 63863,
        "MNTN_CODE" : "272601401",
        "MANAGE_SP1" : "99",
        "MANAGE_SP2" : "기타",
        "DETAIL_SPO" : "지하통로",
        "ETC_MATTER" : " ",
        "MNTN_NM" : "연호산",
        "PAST_SPOT_" : "2726014010024",
        "MNTN_ID" : "272601401"
      },
      "geometry" : {
        "x" : 349665.32740000077,
        "y" : 365111.51490000077
      }
    },
    {
      "attributes" : {
        "FID" : 24,
        "PMNTN_SPOT" : 63864,
        "MNTN_CODE" : "272601401",
        "MANAGE_SP1" : "07",
        "MANAGE_SP2" : "시설물(운동기구 등)",
        "DETAIL_SPO" : "운동기구26개",
        "ETC_MATTER" : " ",
        "MNTN_NM" : "연호산",
        "PAST_SPOT_" : "2726014010025",
        "MNTN_ID" : "272601401"
      },
      "geometry" : {
        "x" : 350264.78290000092,
        "y" : 364564.72949999943
      }
    },
    {
      "attributes" : {
        "FID" : 25,
        "PMNTN_SPOT" : 63865,
        "MNTN_CODE" : "272601401",
        "MANAGE_SP1" : "99",
        "MANAGE_SP2" : "기타",
        "DETAIL_SPO" : "형제봉운동기구보관창고",
        "ETC_MATTER" : " ",
        "MNTN_NM" : "연호산",
        "PAST_SPOT_" : "2726014010026",
        "MNTN_ID" : "272601401"
      },
      "geometry" : {
        "x" : 350268.1138999993,
        "y" : 364551.4533000011
      }
    },
    {
      "attributes" : {
        "FID" : 26,
        "PMNTN_SPOT" : 63866,
        "MNTN_CODE" : "272601401",
        "MANAGE_SP1" : "05",
        "MANAGE_SP2" : "벤치",
        "DETAIL_SPO" : "벤치4개",
        "ETC_MATTER" : " ",
        "MNTN_NM" : "연호산",
        "PAST_SPOT_" : "2726014010027",
        "MNTN_ID" : "272601401"
      },
      "geometry" : {
        "x" : 350245.64470000006,
        "y" : 364540.27810000256
      }
    },
    {
      "attributes" : {
        "FID" : 27,
        "PMNTN_SPOT" : 63867,
        "MNTN_CODE" : "272601401",
        "MANAGE_SP1" : "08",
        "MANAGE_SP2" : "가로등",
        "DETAIL_SPO" : "가로등1개",
        "ETC_MATTER" : " ",
        "MNTN_NM" : "연호산",
        "PAST_SPOT_" : "2726014010028",
        "MNTN_ID" : "272601401"
      },
      "geometry" : {
        "x" : 350228.37650000025,
        "y" : 364528.76340000145
      }
    },
    {
      "attributes" : {
        "FID" : 28,
        "PMNTN_SPOT" : 63868,
        "MNTN_CODE" : "272601401",
        "MANAGE_SP1" : "99",
        "MANAGE_SP2" : "기타",
        "DETAIL_SPO" : "성이지재",
        "ETC_MATTER" : " ",
        "MNTN_NM" : "연호산",
        "PAST_SPOT_" : "2726014010029",
        "MNTN_ID" : "272601401"
      },
      "geometry" : {
        "x" : 349882.02780000027,
        "y" : 364927.02340000123
      }
    },
    {
      "attributes" : {
        "FID" : 29,
        "PMNTN_SPOT" : 63869,
        "MNTN_CODE" : "272601401",
        "MANAGE_SP1" : "11",
        "MANAGE_SP2" : "안내판또는지도",
        "DETAIL_SPO" : "야생동물보호구역안내판",
        "ETC_MATTER" : " ",
        "MNTN_NM" : "연호산",
        "PAST_SPOT_" : "2726014010030",
        "MNTN_ID" : "272601401"
      },
      "geometry" : {
        "x" : 351115.31319999974,
        "y" : 364243.8825000003
      }
    },
    {
      "attributes" : {
        "FID" : 30,
        "PMNTN_SPOT" : 63870,
        "MNTN_CODE" : "272601401",
        "MANAGE_SP1" : "16",
        "MANAGE_SP2" : "주요나무",
        "DETAIL_SPO" : "버드나무",
        "ETC_MATTER" : " ",
        "MNTN_NM" : "연호산",
        "PAST_SPOT_" : "2726014010031",
        "MNTN_ID" : "272601401"
      },
      "geometry" : {
        "x" : 350192.73450000118,
        "y" : 365176.60429999977
      }
    },
    {
      "attributes" : {
        "FID" : 31,
        "PMNTN_SPOT" : 63871,
        "MNTN_CODE" : "272601401",
        "MANAGE_SP1" : "01",
        "MANAGE_SP2" : "시종점",
        "DETAIL_SPO" : "시종점",
        "ETC_MATTER" : " ",
        "MNTN_NM" : "연호산",
        "PAST_SPOT_" : "2726014010032",
        "MNTN_ID" : "272601401"
      },
      "geometry" : {
        "x" : 348818.98269999865,
        "y" : 363836.64150000177
      }
    },
    {
      "attributes" : {
        "FID" : 32,
        "PMNTN_SPOT" : 63872,
        "MNTN_CODE" : "272601401",
        "MANAGE_SP1" : "01",
        "MANAGE_SP2" : "시종점",
        "DETAIL_SPO" : "시종점",
        "ETC_MATTER" : " ",
        "MNTN_NM" : "연호산",
        "PAST_SPOT_" : "2726014010033",
        "MNTN_ID" : "272601401"
      },
      "geometry" : {
        "x" : 348835.73160000052,
        "y" : 363612.46510000341
      }
    },
    {
      "attributes" : {
        "FID" : 33,
        "PMNTN_SPOT" : 63873,
        "MNTN_CODE" : "272601401",
        "MANAGE_SP1" : "01",
        "MANAGE_SP2" : "시종점",
        "DETAIL_SPO" : "시종점",
        "ETC_MATTER" : " ",
        "MNTN_NM" : "연호산",
        "PAST_SPOT_" : "2726014010034",
        "MNTN_ID" : "272601401"
      },
      "geometry" : {
        "x" : 348955.36220000125,
        "y" : 363536.56990000233
      }
    },
    {
      "attributes" : {
        "FID" : 34,
        "PMNTN_SPOT" : 63874,
        "MNTN_CODE" : "272601401",
        "MANAGE_SP1" : "02",
        "MANAGE_SP2" : "분기점",
        "DETAIL_SPO" : "분기점",
        "ETC_MATTER" : " ",
        "MNTN_NM" : "연호산",
        "PAST_SPOT_" : "2726014010035",
        "MNTN_ID" : "272601401"
      },
      "geometry" : {
        "x" : 349072.79820000194,
        "y" : 363619.93300000019
      }
    },
    {
      "attributes" : {
        "FID" : 35,
        "PMNTN_SPOT" : 63875,
        "MNTN_CODE" : "272601401",
        "MANAGE_SP1" : "01",
        "MANAGE_SP2" : "시종점",
        "DETAIL_SPO" : "시종점",
        "ETC_MATTER" : " ",
        "MNTN_NM" : "연호산",
        "PAST_SPOT_" : "2726014010036",
        "MNTN_ID" : "272601401"
      },
      "geometry" : {
        "x" : 349110.01280000061,
        "y" : 363410.20830000006
      }
    },
    {
      "attributes" : {
        "FID" : 36,
        "PMNTN_SPOT" : 63876,
        "MNTN_CODE" : "272601401",
        "MANAGE_SP1" : "02",
        "MANAGE_SP2" : "분기점",
        "DETAIL_SPO" : "분기점",
        "ETC_MATTER" : " ",
        "MNTN_NM" : "연호산",
        "PAST_SPOT_" : "2726014010037",
        "MNTN_ID" : "272601401"
      },
      "geometry" : {
        "x" : 349161.07189999893,
        "y" : 363684.97509999946
      }
    },
    {
      "attributes" : {
        "FID" : 37,
        "PMNTN_SPOT" : 63877,
        "MNTN_CODE" : "272601401",
        "MANAGE_SP1" : "01",
        "MANAGE_SP2" : "시종점",
        "DETAIL_SPO" : "시종점",
        "ETC_MATTER" : " ",
        "MNTN_NM" : "연호산",
        "PAST_SPOT_" : "2726014010038",
        "MNTN_ID" : "272601401"
      },
      "geometry" : {
        "x" : 349588.88580000028,
        "y" : 365392.26630000211
      }
    },
    {
      "attributes" : {
        "FID" : 38,
        "PMNTN_SPOT" : 63878,
        "MNTN_CODE" : "272601401",
        "MANAGE_SP1" : "01",
        "MANAGE_SP2" : "시종점",
        "DETAIL_SPO" : "시종점",
        "ETC_MATTER" : " ",
        "MNTN_NM" : "연호산",
        "PAST_SPOT_" : "2726014010039",
        "MNTN_ID" : "272601401"
      },
      "geometry" : {
        "x" : 349589.52230000123,
        "y" : 365119.63660000078
      }
    },
    {
      "attributes" : {
        "FID" : 39,
        "PMNTN_SPOT" : 63879,
        "MNTN_CODE" : "272601401",
        "MANAGE_SP1" : "02",
        "MANAGE_SP2" : "분기점",
        "DETAIL_SPO" : "분기점",
        "ETC_MATTER" : " ",
        "MNTN_NM" : "연호산",
        "PAST_SPOT_" : "2726014010040",
        "MNTN_ID" : "272601401"
      },
      "geometry" : {
        "x" : 349637.36160000134,
        "y" : 363799.82300000079
      }
    },
    {
      "attributes" : {
        "FID" : 40,
        "PMNTN_SPOT" : 63880,
        "MNTN_CODE" : "272601401",
        "MANAGE_SP1" : "02",
        "MANAGE_SP2" : "분기점",
        "DETAIL_SPO" : "분기점",
        "ETC_MATTER" : " ",
        "MNTN_NM" : "연호산",
        "PAST_SPOT_" : "2726014010041",
        "MNTN_ID" : "272601401"
      },
      "geometry" : {
        "x" : 349645.20650000032,
        "y" : 363831.62790000439
      }
    },
    {
      "attributes" : {
        "FID" : 41,
        "PMNTN_SPOT" : 63881,
        "MNTN_CODE" : "272601401",
        "MANAGE_SP1" : "02",
        "MANAGE_SP2" : "분기점",
        "DETAIL_SPO" : "분기점",
        "ETC_MATTER" : " ",
        "MNTN_NM" : "연호산",
        "PAST_SPOT_" : "2726014010042",
        "MNTN_ID" : "272601401"
      },
      "geometry" : {
        "x" : 349652.6679000007,
        "y" : 363552.21030000225
      }
    },
    {
      "attributes" : {
        "FID" : 42,
        "PMNTN_SPOT" : 63882,
        "MNTN_CODE" : "272601401",
        "MANAGE_SP1" : "02",
        "MANAGE_SP2" : "분기점",
        "DETAIL_SPO" : "분기점",
        "ETC_MATTER" : " ",
        "MNTN_NM" : "연호산",
        "PAST_SPOT_" : "2726014010043",
        "MNTN_ID" : "272601401"
      },
      "geometry" : {
        "x" : 349666.27060000133,
        "y" : 363815.94390000217
      }
    },
    {
      "attributes" : {
        "FID" : 43,
        "PMNTN_SPOT" : 63883,
        "MNTN_CODE" : "272601401",
        "MANAGE_SP1" : "01",
        "MANAGE_SP2" : "시종점",
        "DETAIL_SPO" : "시종점",
        "ETC_MATTER" : " ",
        "MNTN_NM" : "연호산",
        "PAST_SPOT_" : "2726014010044",
        "MNTN_ID" : "272601401"
      },
      "geometry" : {
        "x" : 349682.21940000076,
        "y" : 363134.80890000239
      }
    },
    {
      "attributes" : {
        "FID" : 44,
        "PMNTN_SPOT" : 63884,
        "MNTN_CODE" : "272601401",
        "MANAGE_SP1" : "02",
        "MANAGE_SP2" : "분기점",
        "DETAIL_SPO" : "분기점",
        "ETC_MATTER" : " ",
        "MNTN_NM" : "연호산",
        "PAST_SPOT_" : "2726014010045",
        "MNTN_ID" : "272601401"
      },
      "geometry" : {
        "x" : 349732.34989999887,
        "y" : 363318.3516000025
      }
    },
    {
      "attributes" : {
        "FID" : 45,
        "PMNTN_SPOT" : 63885,
        "MNTN_CODE" : "272601401",
        "MANAGE_SP1" : "01",
        "MANAGE_SP2" : "시종점",
        "DETAIL_SPO" : "시종점",
        "ETC_MATTER" : " ",
        "MNTN_NM" : "연호산",
        "PAST_SPOT_" : "2726014010046",
        "MNTN_ID" : "272601401"
      },
      "geometry" : {
        "x" : 349772.41069999989,
        "y" : 365040.32720000111
      }
    },
    {
      "attributes" : {
        "FID" : 46,
        "PMNTN_SPOT" : 63886,
        "MNTN_CODE" : "272601401",
        "MANAGE_SP1" : "01",
        "MANAGE_SP2" : "시종점",
        "DETAIL_SPO" : "시종점",
        "ETC_MATTER" : " ",
        "MNTN_NM" : "연호산",
        "PAST_SPOT_" : "2726014010047",
        "MNTN_ID" : "272601401"
      },
      "geometry" : {
        "x" : 349801.24039999954,
        "y" : 363228.96210000105
      }
    },
    {
      "attributes" : {
        "FID" : 47,
        "PMNTN_SPOT" : 63887,
        "MNTN_CODE" : "272601401",
        "MANAGE_SP1" : "01",
        "MANAGE_SP2" : "시종점",
        "DETAIL_SPO" : "시종점",
        "ETC_MATTER" : " ",
        "MNTN_NM" : "연호산",
        "PAST_SPOT_" : "2726014010048",
        "MNTN_ID" : "272601401"
      },
      "geometry" : {
        "x" : 349824.29570000153,
        "y" : 363531.89110000245
      }
    },
    {
      "attributes" : {
        "FID" : 48,
        "PMNTN_SPOT" : 63888,
        "MNTN_CODE" : "272601401",
        "MANAGE_SP1" : "01",
        "MANAGE_SP2" : "시종점",
        "DETAIL_SPO" : "시종점",
        "ETC_MATTER" : " ",
        "MNTN_NM" : "연호산",
        "PAST_SPOT_" : "2726014010049",
        "MNTN_ID" : "272601401"
      },
      "geometry" : {
        "x" : 349830.28639999963,
        "y" : 363486.37480000407
      }
    },
    {
      "attributes" : {
        "FID" : 49,
        "PMNTN_SPOT" : 63889,
        "MNTN_CODE" : "272601401",
        "MANAGE_SP1" : "02",
        "MANAGE_SP2" : "분기점",
        "DETAIL_SPO" : "분기점",
        "ETC_MATTER" : " ",
        "MNTN_NM" : "연호산",
        "PAST_SPOT_" : "2726014010050",
        "MNTN_ID" : "272601401"
      },
      "geometry" : {
        "x" : 349852.15200000163,
        "y" : 363820.10390000045
      }
    },
    {
      "attributes" : {
        "FID" : 50,
        "PMNTN_SPOT" : 63890,
        "MNTN_CODE" : "272601401",
        "MANAGE_SP1" : "02",
        "MANAGE_SP2" : "분기점",
        "DETAIL_SPO" : "분기점",
        "ETC_MATTER" : " ",
        "MNTN_NM" : "연호산",
        "PAST_SPOT_" : "2726014010051",
        "MNTN_ID" : "272601401"
      },
      "geometry" : {
        "x" : 349889.61610000022,
        "y" : 363691.88110000081
      }
    },
    {
      "attributes" : {
        "FID" : 51,
        "PMNTN_SPOT" : 63891,
        "MNTN_CODE" : "272601401",
        "MANAGE_SP1" : "01",
        "MANAGE_SP2" : "시종점",
        "DETAIL_SPO" : "시종점",
        "ETC_MATTER" : " ",
        "MNTN_NM" : "연호산",
        "PAST_SPOT_" : "2726014010052",
        "MNTN_ID" : "272601401"
      },
      "geometry" : {
        "x" : 349920.69989999942,
        "y" : 364947.89379999973
      }
    },
    {
      "attributes" : {
        "FID" : 52,
        "PMNTN_SPOT" : 63892,
        "MNTN_CODE" : "272601401",
        "MANAGE_SP1" : "02",
        "MANAGE_SP2" : "분기점",
        "DETAIL_SPO" : "분기점",
        "ETC_MATTER" : " ",
        "MNTN_NM" : "연호산",
        "PAST_SPOT_" : "2726014010053",
        "MNTN_ID" : "272601401"
      },
      "geometry" : {
        "x" : 349989.07210000046,
        "y" : 363939.69669999927
      }
    },
    {
      "attributes" : {
        "FID" : 53,
        "PMNTN_SPOT" : 63893,
        "MNTN_CODE" : "272601401",
        "MANAGE_SP1" : "01",
        "MANAGE_SP2" : "시종점",
        "DETAIL_SPO" : "시종점",
        "ETC_MATTER" : " ",
        "MNTN_NM" : "연호산",
        "PAST_SPOT_" : "2726014010054",
        "MNTN_ID" : "272601401"
      },
      "geometry" : {
        "x" : 349993.5129000023,
        "y" : 363572.41879999824
      }
    },
    {
      "attributes" : {
        "FID" : 54,
        "PMNTN_SPOT" : 63894,
        "MNTN_CODE" : "272601401",
        "MANAGE_SP1" : "02",
        "MANAGE_SP2" : "분기점",
        "DETAIL_SPO" : "분기점",
        "ETC_MATTER" : " ",
        "MNTN_NM" : "연호산",
        "PAST_SPOT_" : "2726014010055",
        "MNTN_ID" : "272601401"
      },
      "geometry" : {
        "x" : 350003.51500000153,
        "y" : 363843.4430000037
      }
    },
    {
      "attributes" : {
        "FID" : 55,
        "PMNTN_SPOT" : 63895,
        "MNTN_CODE" : "272601401",
        "MANAGE_SP1" : "01",
        "MANAGE_SP2" : "시종점",
        "DETAIL_SPO" : "시종점",
        "ETC_MATTER" : " ",
        "MNTN_NM" : "연호산",
        "PAST_SPOT_" : "2726014010056",
        "MNTN_ID" : "272601401"
      },
      "geometry" : {
        "x" : 350014.93980000168,
        "y" : 364899.15980000235
      }
    },
    {
      "attributes" : {
        "FID" : 56,
        "PMNTN_SPOT" : 63896,
        "MNTN_CODE" : "272601401",
        "MANAGE_SP1" : "02",
        "MANAGE_SP2" : "분기점",
        "DETAIL_SPO" : "분기점",
        "ETC_MATTER" : " ",
        "MNTN_NM" : "연호산",
        "PAST_SPOT_" : "2726014010057",
        "MNTN_ID" : "272601401"
      },
      "geometry" : {
        "x" : 350016.32679999992,
        "y" : 364182.73149999976
      }
    },
    {
      "attributes" : {
        "FID" : 57,
        "PMNTN_SPOT" : 63897,
        "MNTN_CODE" : "272601401",
        "MANAGE_SP1" : "01",
        "MANAGE_SP2" : "시종점",
        "DETAIL_SPO" : "시종점",
        "ETC_MATTER" : " ",
        "MNTN_NM" : "연호산",
        "PAST_SPOT_" : "2726014010058",
        "MNTN_ID" : "272601401"
      },
      "geometry" : {
        "x" : 350054.3900000006,
        "y" : 364898.88460000232
      }
    },
    {
      "attributes" : {
        "FID" : 58,
        "PMNTN_SPOT" : 63898,
        "MNTN_CODE" : "272601401",
        "MANAGE_SP1" : "01",
        "MANAGE_SP2" : "시종점",
        "DETAIL_SPO" : "시종점",
        "ETC_MATTER" : " ",
        "MNTN_NM" : "연호산",
        "PAST_SPOT_" : "2726014010059",
        "MNTN_ID" : "272601401"
      },
      "geometry" : {
        "x" : 350073.44290000107,
        "y" : 363699.03190000169
      }
    },
    {
      "attributes" : {
        "FID" : 59,
        "PMNTN_SPOT" : 63899,
        "MNTN_CODE" : "272601401",
        "MANAGE_SP1" : "02",
        "MANAGE_SP2" : "분기점",
        "DETAIL_SPO" : "분기점",
        "ETC_MATTER" : " ",
        "MNTN_NM" : "연호산",
        "PAST_SPOT_" : "2726014010060",
        "MNTN_ID" : "272601401"
      },
      "geometry" : {
        "x" : 350075.05520000122,
        "y" : 364075.4254999999
      }
    },
    {
      "attributes" : {
        "FID" : 60,
        "PMNTN_SPOT" : 63900,
        "MNTN_CODE" : "272601401",
        "MANAGE_SP1" : "02",
        "MANAGE_SP2" : "분기점",
        "DETAIL_SPO" : "분기점",
        "ETC_MATTER" : " ",
        "MNTN_NM" : "연호산",
        "PAST_SPOT_" : "2726014010061",
        "MNTN_ID" : "272601401"
      },
      "geometry" : {
        "x" : 350084.15259999968,
        "y" : 364022.39590000175
      }
    },
    {
      "attributes" : {
        "FID" : 61,
        "PMNTN_SPOT" : 63901,
        "MNTN_CODE" : "272601401",
        "MANAGE_SP1" : "02",
        "MANAGE_SP2" : "분기점",
        "DETAIL_SPO" : "분기점",
        "ETC_MATTER" : " ",
        "MNTN_NM" : "연호산",
        "PAST_SPOT_" : "2726014010062",
        "MNTN_ID" : "272601401"
      },
      "geometry" : {
        "x" : 350084.45179999992,
        "y" : 364337.6827000007
      }
    },
    {
      "attributes" : {
        "FID" : 62,
        "PMNTN_SPOT" : 63902,
        "MNTN_CODE" : "272601401",
        "MANAGE_SP1" : "01",
        "MANAGE_SP2" : "시종점",
        "DETAIL_SPO" : "시종점",
        "ETC_MATTER" : " ",
        "MNTN_NM" : "연호산",
        "PAST_SPOT_" : "2726014010063",
        "MNTN_ID" : "272601401"
      },
      "geometry" : {
        "x" : 350091.76350000128,
        "y" : 363724.40509999916
      }
    },
    {
      "attributes" : {
        "FID" : 63,
        "PMNTN_SPOT" : 63903,
        "MNTN_CODE" : "272601401",
        "MANAGE_SP1" : "02",
        "MANAGE_SP2" : "분기점",
        "DETAIL_SPO" : "분기점",
        "ETC_MATTER" : " ",
        "MNTN_NM" : "연호산",
        "PAST_SPOT_" : "2726014010064",
        "MNTN_ID" : "272601401"
      },
      "geometry" : {
        "x" : 350099.00030000042,
        "y" : 364973.85309999995
      }
    },
    {
      "attributes" : {
        "FID" : 64,
        "PMNTN_SPOT" : 63904,
        "MNTN_CODE" : "272601401",
        "MANAGE_SP1" : "02",
        "MANAGE_SP2" : "분기점",
        "DETAIL_SPO" : "분기점",
        "ETC_MATTER" : " ",
        "MNTN_NM" : "연호산",
        "PAST_SPOT_" : "2726014010065",
        "MNTN_ID" : "272601401"
      },
      "geometry" : {
        "x" : 350113.13949999958,
        "y" : 364813.92170000263
      }
    },
    {
      "attributes" : {
        "FID" : 65,
        "PMNTN_SPOT" : 63905,
        "MNTN_CODE" : "272601401",
        "MANAGE_SP1" : "01",
        "MANAGE_SP2" : "시종점",
        "DETAIL_SPO" : "시종점",
        "ETC_MATTER" : " ",
        "MNTN_NM" : "연호산",
        "PAST_SPOT_" : "2726014010066",
        "MNTN_ID" : "272601401"
      },
      "geometry" : {
        "x" : 350137.83910000231,
        "y" : 365087.43190000392
      }
    },
    {
      "attributes" : {
        "FID" : 66,
        "PMNTN_SPOT" : 63906,
        "MNTN_CODE" : "272601401",
        "MANAGE_SP1" : "01",
        "MANAGE_SP2" : "시종점",
        "DETAIL_SPO" : "시종점",
        "ETC_MATTER" : " ",
        "MNTN_NM" : "연호산",
        "PAST_SPOT_" : "2726014010067",
        "MNTN_ID" : "272601401"
      },
      "geometry" : {
        "x" : 350144.0373000009,
        "y" : 363789.74660000019
      }
    },
    {
      "attributes" : {
        "FID" : 67,
        "PMNTN_SPOT" : 63907,
        "MNTN_CODE" : "272601401",
        "MANAGE_SP1" : "02",
        "MANAGE_SP2" : "분기점",
        "DETAIL_SPO" : "분기점",
        "ETC_MATTER" : " ",
        "MNTN_NM" : "연호산",
        "PAST_SPOT_" : "2726014010068",
        "MNTN_ID" : "272601401"
      },
      "geometry" : {
        "x" : 350161.84660000075,
        "y" : 364629.74530000426
      }
    },
    {
      "attributes" : {
        "FID" : 68,
        "PMNTN_SPOT" : 63908,
        "MNTN_CODE" : "272601401",
        "MANAGE_SP1" : "02",
        "MANAGE_SP2" : "분기점",
        "DETAIL_SPO" : "분기점",
        "ETC_MATTER" : " ",
        "MNTN_NM" : "연호산",
        "PAST_SPOT_" : "2726014010069",
        "MNTN_ID" : "272601401"
      },
      "geometry" : {
        "x" : 350162.82310000062,
        "y" : 364307.79020000249
      }
    },
    {
      "attributes" : {
        "FID" : 69,
        "PMNTN_SPOT" : 63909,
        "MNTN_CODE" : "272601401",
        "MANAGE_SP1" : "02",
        "MANAGE_SP2" : "분기점",
        "DETAIL_SPO" : "분기점",
        "ETC_MATTER" : " ",
        "MNTN_NM" : "연호산",
        "PAST_SPOT_" : "2726014010070",
        "MNTN_ID" : "272601401"
      },
      "geometry" : {
        "x" : 350179.35470000003,
        "y" : 363596.58000000007
      }
    },
    {
      "attributes" : {
        "FID" : 70,
        "PMNTN_SPOT" : 63910,
        "MNTN_CODE" : "272601401",
        "MANAGE_SP1" : "02",
        "MANAGE_SP2" : "분기점",
        "DETAIL_SPO" : "분기점",
        "ETC_MATTER" : " ",
        "MNTN_NM" : "연호산",
        "PAST_SPOT_" : "2726014010071",
        "MNTN_ID" : "272601401"
      },
      "geometry" : {
        "x" : 350184.27610000037,
        "y" : 364523.91940000094
      }
    },
    {
      "attributes" : {
        "FID" : 71,
        "PMNTN_SPOT" : 63911,
        "MNTN_CODE" : "272601401",
        "MANAGE_SP1" : "01",
        "MANAGE_SP2" : "시종점",
        "DETAIL_SPO" : "시종점",
        "ETC_MATTER" : " ",
        "MNTN_NM" : "연호산",
        "PAST_SPOT_" : "2726014010072",
        "MNTN_ID" : "272601401"
      },
      "geometry" : {
        "x" : 350188.7957999995,
        "y" : 362965.08900000155
      }
    },
    {
      "attributes" : {
        "FID" : 72,
        "PMNTN_SPOT" : 63912,
        "MNTN_CODE" : "272601401",
        "MANAGE_SP1" : "02",
        "MANAGE_SP2" : "분기점",
        "DETAIL_SPO" : "분기점",
        "ETC_MATTER" : " ",
        "MNTN_NM" : "연호산",
        "PAST_SPOT_" : "2726014010073",
        "MNTN_ID" : "272601401"
      },
      "geometry" : {
        "x" : 350216.94079999998,
        "y" : 364532.32770000212
      }
    },
    {
      "attributes" : {
        "FID" : 73,
        "PMNTN_SPOT" : 63913,
        "MNTN_CODE" : "272601401",
        "MANAGE_SP1" : "02",
        "MANAGE_SP2" : "분기점",
        "DETAIL_SPO" : "분기점",
        "ETC_MATTER" : " ",
        "MNTN_NM" : "연호산",
        "PAST_SPOT_" : "2726014010074",
        "MNTN_ID" : "272601401"
      },
      "geometry" : {
        "x" : 350229.0568000013,
        "y" : 364763.04790000059
      }
    },
    {
      "attributes" : {
        "FID" : 74,
        "PMNTN_SPOT" : 63914,
        "MNTN_CODE" : "272601401",
        "MANAGE_SP1" : "02",
        "MANAGE_SP2" : "분기점",
        "DETAIL_SPO" : "분기점",
        "ETC_MATTER" : " ",
        "MNTN_NM" : "연호산",
        "PAST_SPOT_" : "2726014010075",
        "MNTN_ID" : "272601401"
      },
      "geometry" : {
        "x" : 350234.65980000049,
        "y" : 365073.22210000455
      }
    },
    {
      "attributes" : {
        "FID" : 75,
        "PMNTN_SPOT" : 63915,
        "MNTN_CODE" : "272601401",
        "MANAGE_SP1" : "02",
        "MANAGE_SP2" : "분기점",
        "DETAIL_SPO" : "분기점",
        "ETC_MATTER" : " ",
        "MNTN_NM" : "연호산",
        "PAST_SPOT_" : "2726014010076",
        "MNTN_ID" : "272601401"
      },
      "geometry" : {
        "x" : 350238.95220000017,
        "y" : 364470.76280000061
      }
    },
    {
      "attributes" : {
        "FID" : 76,
        "PMNTN_SPOT" : 63916,
        "MNTN_CODE" : "272601401",
        "MANAGE_SP1" : "01",
        "MANAGE_SP2" : "시종점",
        "DETAIL_SPO" : "시종점",
        "ETC_MATTER" : " ",
        "MNTN_NM" : "연호산",
        "PAST_SPOT_" : "2726014010077",
        "MNTN_ID" : "272601401"
      },
      "geometry" : {
        "x" : 350243.67019999959,
        "y" : 363866.19260000065
      }
    },
    {
      "attributes" : {
        "FID" : 77,
        "PMNTN_SPOT" : 63917,
        "MNTN_CODE" : "272601401",
        "MANAGE_SP1" : "02",
        "MANAGE_SP2" : "분기점",
        "DETAIL_SPO" : "분기점",
        "ETC_MATTER" : " ",
        "MNTN_NM" : "연호산",
        "PAST_SPOT_" : "2726014010078",
        "MNTN_ID" : "272601401"
      },
      "geometry" : {
        "x" : 350246.08410000056,
        "y" : 363323.68410000205
      }
    },
    {
      "attributes" : {
        "FID" : 78,
        "PMNTN_SPOT" : 63918,
        "MNTN_CODE" : "272601401",
        "MANAGE_SP1" : "02",
        "MANAGE_SP2" : "분기점",
        "DETAIL_SPO" : "분기점",
        "ETC_MATTER" : " ",
        "MNTN_NM" : "연호산",
        "PAST_SPOT_" : "2726014010079",
        "MNTN_ID" : "272601401"
      },
      "geometry" : {
        "x" : 350275.09940000065,
        "y" : 364215.30990000069
      }
    },
    {
      "attributes" : {
        "FID" : 79,
        "PMNTN_SPOT" : 63919,
        "MNTN_CODE" : "272601401",
        "MANAGE_SP1" : "02",
        "MANAGE_SP2" : "분기점",
        "DETAIL_SPO" : "분기점",
        "ETC_MATTER" : " ",
        "MNTN_NM" : "연호산",
        "PAST_SPOT_" : "2726014010080",
        "MNTN_ID" : "272601401"
      },
      "geometry" : {
        "x" : 350295.50949999969,
        "y" : 365073.35129999742
      }
    },
    {
      "attributes" : {
        "FID" : 80,
        "PMNTN_SPOT" : 63920,
        "MNTN_CODE" : "272601401",
        "MANAGE_SP1" : "01",
        "MANAGE_SP2" : "시종점",
        "DETAIL_SPO" : "시종점",
        "ETC_MATTER" : " ",
        "MNTN_NM" : "연호산",
        "PAST_SPOT_" : "2726014010081",
        "MNTN_ID" : "272601401"
      },
      "geometry" : {
        "x" : 350302.33610000089,
        "y" : 364746.20950000361
      }
    },
    {
      "attributes" : {
        "FID" : 81,
        "PMNTN_SPOT" : 63921,
        "MNTN_CODE" : "272601401",
        "MANAGE_SP1" : "02",
        "MANAGE_SP2" : "분기점",
        "DETAIL_SPO" : "분기점",
        "ETC_MATTER" : " ",
        "MNTN_NM" : "연호산",
        "PAST_SPOT_" : "2726014010082",
        "MNTN_ID" : "272601401"
      },
      "geometry" : {
        "x" : 350303.93750000093,
        "y" : 364918.09000000358
      }
    },
    {
      "attributes" : {
        "FID" : 82,
        "PMNTN_SPOT" : 63922,
        "MNTN_CODE" : "272601401",
        "MANAGE_SP1" : "02",
        "MANAGE_SP2" : "분기점",
        "DETAIL_SPO" : "분기점",
        "ETC_MATTER" : " ",
        "MNTN_NM" : "연호산",
        "PAST_SPOT_" : "2726014010083",
        "MNTN_ID" : "272601401"
      },
      "geometry" : {
        "x" : 350310.5390000008,
        "y" : 363248.41369999945
      }
    },
    {
      "attributes" : {
        "FID" : 83,
        "PMNTN_SPOT" : 63923,
        "MNTN_CODE" : "272601401",
        "MANAGE_SP1" : "02",
        "MANAGE_SP2" : "분기점",
        "DETAIL_SPO" : "분기점",
        "ETC_MATTER" : " ",
        "MNTN_NM" : "연호산",
        "PAST_SPOT_" : "2726014010084",
        "MNTN_ID" : "272601401"
      },
      "geometry" : {
        "x" : 350337.46630000044,
        "y" : 364153.5642000027
      }
    },
    {
      "attributes" : {
        "FID" : 84,
        "PMNTN_SPOT" : 63924,
        "MNTN_CODE" : "272601401",
        "MANAGE_SP1" : "02",
        "MANAGE_SP2" : "분기점",
        "DETAIL_SPO" : "분기점",
        "ETC_MATTER" : " ",
        "MNTN_NM" : "연호산",
        "PAST_SPOT_" : "2726014010085",
        "MNTN_ID" : "272601401"
      },
      "geometry" : {
        "x" : 350344.55620000046,
        "y" : 364555.6202000007
      }
    },
    {
      "attributes" : {
        "FID" : 85,
        "PMNTN_SPOT" : 63925,
        "MNTN_CODE" : "272601401",
        "MANAGE_SP1" : "02",
        "MANAGE_SP2" : "분기점",
        "DETAIL_SPO" : "분기점",
        "ETC_MATTER" : " ",
        "MNTN_NM" : "연호산",
        "PAST_SPOT_" : "2726014010086",
        "MNTN_ID" : "272601401"
      },
      "geometry" : {
        "x" : 350364.05700000096,
        "y" : 363330.53350000456
      }
    },
    {
      "attributes" : {
        "FID" : 86,
        "PMNTN_SPOT" : 63926,
        "MNTN_CODE" : "272601401",
        "MANAGE_SP1" : "01",
        "MANAGE_SP2" : "시종점",
        "DETAIL_SPO" : "시종점",
        "ETC_MATTER" : " ",
        "MNTN_NM" : "연호산",
        "PAST_SPOT_" : "2726014010087",
        "MNTN_ID" : "272601401"
      },
      "geometry" : {
        "x" : 350379.88110000081,
        "y" : 364946.29150000028
      }
    },
    {
      "attributes" : {
        "FID" : 87,
        "PMNTN_SPOT" : 63927,
        "MNTN_CODE" : "272601401",
        "MANAGE_SP1" : "02",
        "MANAGE_SP2" : "분기점",
        "DETAIL_SPO" : "분기점",
        "ETC_MATTER" : " ",
        "MNTN_NM" : "연호산",
        "PAST_SPOT_" : "2726014010088",
        "MNTN_ID" : "272601401"
      },
      "geometry" : {
        "x" : 350381.2723000003,
        "y" : 364224.27140000276
      }
    },
    {
      "attributes" : {
        "FID" : 88,
        "PMNTN_SPOT" : 63928,
        "MNTN_CODE" : "272601401",
        "MANAGE_SP1" : "01",
        "MANAGE_SP2" : "시종점",
        "DETAIL_SPO" : "시종점",
        "ETC_MATTER" : " ",
        "MNTN_NM" : "연호산",
        "PAST_SPOT_" : "2726014010089",
        "MNTN_ID" : "272601401"
      },
      "geometry" : {
        "x" : 350394.00260000117,
        "y" : 363783.57399999723
      }
    },
    {
      "attributes" : {
        "FID" : 89,
        "PMNTN_SPOT" : 63929,
        "MNTN_CODE" : "272601401",
        "MANAGE_SP1" : "02",
        "MANAGE_SP2" : "분기점",
        "DETAIL_SPO" : "분기점",
        "ETC_MATTER" : " ",
        "MNTN_NM" : "연호산",
        "PAST_SPOT_" : "2726014010090",
        "MNTN_ID" : "272601401"
      },
      "geometry" : {
        "x" : 350402.64570000023,
        "y" : 363243.94510000385
      }
    },
    {
      "attributes" : {
        "FID" : 90,
        "PMNTN_SPOT" : 63930,
        "MNTN_CODE" : "272601401",
        "MANAGE_SP1" : "02",
        "MANAGE_SP2" : "분기점",
        "DETAIL_SPO" : "분기점",
        "ETC_MATTER" : " ",
        "MNTN_NM" : "연호산",
        "PAST_SPOT_" : "2726014010091",
        "MNTN_ID" : "272601401"
      },
      "geometry" : {
        "x" : 350408.46989999991,
        "y" : 364138.84750000201
      }
    },
    {
      "attributes" : {
        "FID" : 91,
        "PMNTN_SPOT" : 63931,
        "MNTN_CODE" : "272601401",
        "MANAGE_SP1" : "02",
        "MANAGE_SP2" : "분기점",
        "DETAIL_SPO" : "분기점",
        "ETC_MATTER" : " ",
        "MNTN_NM" : "연호산",
        "PAST_SPOT_" : "2726014010092",
        "MNTN_ID" : "272601401"
      },
      "geometry" : {
        "x" : 350427.72950000037,
        "y" : 364096.62740000151
      }
    },
    {
      "attributes" : {
        "FID" : 92,
        "PMNTN_SPOT" : 63932,
        "MNTN_CODE" : "272601401",
        "MANAGE_SP1" : "01",
        "MANAGE_SP2" : "시종점",
        "DETAIL_SPO" : "시종점",
        "ETC_MATTER" : " ",
        "MNTN_NM" : "연호산",
        "PAST_SPOT_" : "2726014010093",
        "MNTN_ID" : "272601401"
      },
      "geometry" : {
        "x" : 350468.89460000116,
        "y" : 362778.9234000016
      }
    },
    {
      "attributes" : {
        "FID" : 93,
        "PMNTN_SPOT" : 63933,
        "MNTN_CODE" : "272601401",
        "MANAGE_SP1" : "01",
        "MANAGE_SP2" : "시종점",
        "DETAIL_SPO" : "시종점",
        "ETC_MATTER" : " ",
        "MNTN_NM" : "연호산",
        "PAST_SPOT_" : "2726014010094",
        "MNTN_ID" : "272601401"
      },
      "geometry" : {
        "x" : 350475.60559999943,
        "y" : 363764.85490000248
      }
    },
    {
      "attributes" : {
        "FID" : 94,
        "PMNTN_SPOT" : 63934,
        "MNTN_CODE" : "272601401",
        "MANAGE_SP1" : "02",
        "MANAGE_SP2" : "분기점",
        "DETAIL_SPO" : "분기점",
        "ETC_MATTER" : " ",
        "MNTN_NM" : "연호산",
        "PAST_SPOT_" : "2726014010095",
        "MNTN_ID" : "272601401"
      },
      "geometry" : {
        "x" : 350496.05169999972,
        "y" : 363158.7423000019
      }
    },
    {
      "attributes" : {
        "FID" : 95,
        "PMNTN_SPOT" : 63935,
        "MNTN_CODE" : "272601401",
        "MANAGE_SP1" : "02",
        "MANAGE_SP2" : "분기점",
        "DETAIL_SPO" : "분기점",
        "ETC_MATTER" : " ",
        "MNTN_NM" : "연호산",
        "PAST_SPOT_" : "2726014010096",
        "MNTN_ID" : "272601401"
      },
      "geometry" : {
        "x" : 350513.48739999998,
        "y" : 363370.3040000014
      }
    },
    {
      "attributes" : {
        "FID" : 96,
        "PMNTN_SPOT" : 63936,
        "MNTN_CODE" : "272601401",
        "MANAGE_SP1" : "01",
        "MANAGE_SP2" : "시종점",
        "DETAIL_SPO" : "시종점",
        "ETC_MATTER" : " ",
        "MNTN_NM" : "연호산",
        "PAST_SPOT_" : "2726014010097",
        "MNTN_ID" : "272601401"
      },
      "geometry" : {
        "x" : 350517.11110000126,
        "y" : 362743.36020000093
      }
    },
    {
      "attributes" : {
        "FID" : 97,
        "PMNTN_SPOT" : 63937,
        "MNTN_CODE" : "272601401",
        "MANAGE_SP1" : "02",
        "MANAGE_SP2" : "분기점",
        "DETAIL_SPO" : "분기점",
        "ETC_MATTER" : " ",
        "MNTN_NM" : "연호산",
        "PAST_SPOT_" : "2726014010098",
        "MNTN_ID" : "272601401"
      },
      "geometry" : {
        "x" : 350532.28880000208,
        "y" : 364487.35309999995
      }
    },
    {
      "attributes" : {
        "FID" : 98,
        "PMNTN_SPOT" : 63938,
        "MNTN_CODE" : "272601401",
        "MANAGE_SP1" : "01",
        "MANAGE_SP2" : "시종점",
        "DETAIL_SPO" : "시종점",
        "ETC_MATTER" : " ",
        "MNTN_NM" : "연호산",
        "PAST_SPOT_" : "2726014010099",
        "MNTN_ID" : "272601401"
      },
      "geometry" : {
        "x" : 350538.13580000028,
        "y" : 364810.70920000412
      }
    },
    {
      "attributes" : {
        "FID" : 99,
        "PMNTN_SPOT" : 63939,
        "MNTN_CODE" : "272601401",
        "MANAGE_SP1" : "02",
        "MANAGE_SP2" : "분기점",
        "DETAIL_SPO" : "분기점",
        "ETC_MATTER" : " ",
        "MNTN_NM" : "연호산",
        "PAST_SPOT_" : "2726014010100",
        "MNTN_ID" : "272601401"
      },
      "geometry" : {
        "x" : 350539.74850000069,
        "y" : 362749.44310000166
      }
    },
    {
      "attributes" : {
        "FID" : 100,
        "PMNTN_SPOT" : 63940,
        "MNTN_CODE" : "272601401",
        "MANAGE_SP1" : "01",
        "MANAGE_SP2" : "시종점",
        "DETAIL_SPO" : "시종점",
        "ETC_MATTER" : " ",
        "MNTN_NM" : "연호산",
        "PAST_SPOT_" : "2726014010101",
        "MNTN_ID" : "272601401"
      },
      "geometry" : {
        "x" : 350543.91720000003,
        "y" : 363759.8161999993
      }
    },
    {
      "attributes" : {
        "FID" : 101,
        "PMNTN_SPOT" : 63941,
        "MNTN_CODE" : "272601401",
        "MANAGE_SP1" : "01",
        "MANAGE_SP2" : "시종점",
        "DETAIL_SPO" : "시종점",
        "ETC_MATTER" : " ",
        "MNTN_NM" : "연호산",
        "PAST_SPOT_" : "2726014010102",
        "MNTN_ID" : "272601401"
      },
      "geometry" : {
        "x" : 350549.69379999954,
        "y" : 364933.02700000256
      }
    },
    {
      "attributes" : {
        "FID" : 102,
        "PMNTN_SPOT" : 63942,
        "MNTN_CODE" : "272601401",
        "MANAGE_SP1" : "02",
        "MANAGE_SP2" : "분기점",
        "DETAIL_SPO" : "분기점",
        "ETC_MATTER" : " ",
        "MNTN_NM" : "연호산",
        "PAST_SPOT_" : "2726014010103",
        "MNTN_ID" : "272601401"
      },
      "geometry" : {
        "x" : 350566.06759999972,
        "y" : 364414.42570000142
      }
    },
    {
      "attributes" : {
        "FID" : 103,
        "PMNTN_SPOT" : 63943,
        "MNTN_CODE" : "272601401",
        "MANAGE_SP1" : "01",
        "MANAGE_SP2" : "시종점",
        "DETAIL_SPO" : "시종점",
        "ETC_MATTER" : " ",
        "MNTN_NM" : "연호산",
        "PAST_SPOT_" : "2726014010104",
        "MNTN_ID" : "272601401"
      },
      "geometry" : {
        "x" : 350592.09179999959,
        "y" : 364578.68800000101
      }
    },
    {
      "attributes" : {
        "FID" : 104,
        "PMNTN_SPOT" : 63944,
        "MNTN_CODE" : "272601401",
        "MANAGE_SP1" : "02",
        "MANAGE_SP2" : "분기점",
        "DETAIL_SPO" : "분기점",
        "ETC_MATTER" : " ",
        "MNTN_NM" : "연호산",
        "PAST_SPOT_" : "2726014010105",
        "MNTN_ID" : "272601401"
      },
      "geometry" : {
        "x" : 350628.95870000124,
        "y" : 364122.64800000377
      }
    },
    {
      "attributes" : {
        "FID" : 105,
        "PMNTN_SPOT" : 63945,
        "MNTN_CODE" : "272601401",
        "MANAGE_SP1" : "02",
        "MANAGE_SP2" : "분기점",
        "DETAIL_SPO" : "분기점",
        "ETC_MATTER" : " ",
        "MNTN_NM" : "연호산",
        "PAST_SPOT_" : "2726014010106",
        "MNTN_ID" : "272601401"
      },
      "geometry" : {
        "x" : 350656.22890000138,
        "y" : 364097.49870000035
      }
    },
    {
      "attributes" : {
        "FID" : 106,
        "PMNTN_SPOT" : 63946,
        "MNTN_CODE" : "272601401",
        "MANAGE_SP1" : "02",
        "MANAGE_SP2" : "분기점",
        "DETAIL_SPO" : "분기점",
        "ETC_MATTER" : " ",
        "MNTN_NM" : "연호산",
        "PAST_SPOT_" : "2726014010107",
        "MNTN_ID" : "272601401"
      },
      "geometry" : {
        "x" : 350658.9188000001,
        "y" : 364136.9271000009
      }
    },
    {
      "attributes" : {
        "FID" : 107,
        "PMNTN_SPOT" : 63947,
        "MNTN_CODE" : "272601401",
        "MANAGE_SP1" : "02",
        "MANAGE_SP2" : "분기점",
        "DETAIL_SPO" : "분기점",
        "ETC_MATTER" : " ",
        "MNTN_NM" : "연호산",
        "PAST_SPOT_" : "2726014010108",
        "MNTN_ID" : "272601401"
      },
      "geometry" : {
        "x" : 350661.69249999989,
        "y" : 364087.56190000102
      }
    },
    {
      "attributes" : {
        "FID" : 108,
        "PMNTN_SPOT" : 63948,
        "MNTN_CODE" : "272601401",
        "MANAGE_SP1" : "02",
        "MANAGE_SP2" : "분기점",
        "DETAIL_SPO" : "분기점",
        "ETC_MATTER" : " ",
        "MNTN_NM" : "연호산",
        "PAST_SPOT_" : "2726014010109",
        "MNTN_ID" : "272601401"
      },
      "geometry" : {
        "x" : 350666.99770000111,
        "y" : 364334.83630000241
      }
    },
    {
      "attributes" : {
        "FID" : 109,
        "PMNTN_SPOT" : 63949,
        "MNTN_CODE" : "272601401",
        "MANAGE_SP1" : "01",
        "MANAGE_SP2" : "시종점",
        "DETAIL_SPO" : "시종점",
        "ETC_MATTER" : " ",
        "MNTN_NM" : "연호산",
        "PAST_SPOT_" : "2726014010110",
        "MNTN_ID" : "272601401"
      },
      "geometry" : {
        "x" : 350669.02530000079,
        "y" : 364566.24950000271
      }
    },
    {
      "attributes" : {
        "FID" : 110,
        "PMNTN_SPOT" : 63950,
        "MNTN_CODE" : "272601401",
        "MANAGE_SP1" : "02",
        "MANAGE_SP2" : "분기점",
        "DETAIL_SPO" : "분기점",
        "ETC_MATTER" : " ",
        "MNTN_NM" : "연호산",
        "PAST_SPOT_" : "2726014010111",
        "MNTN_ID" : "272601401"
      },
      "geometry" : {
        "x" : 350677.12680000067,
        "y" : 364232.71180000156
      }
    },
    {
      "attributes" : {
        "FID" : 111,
        "PMNTN_SPOT" : 63951,
        "MNTN_CODE" : "272601401",
        "MANAGE_SP1" : "02",
        "MANAGE_SP2" : "분기점",
        "DETAIL_SPO" : "분기점",
        "ETC_MATTER" : " ",
        "MNTN_NM" : "연호산",
        "PAST_SPOT_" : "2726014010112",
        "MNTN_ID" : "272601401"
      },
      "geometry" : {
        "x" : 350694.0306000011,
        "y" : 362872.52800000086
      }
    },
    {
      "attributes" : {
        "FID" : 112,
        "PMNTN_SPOT" : 63952,
        "MNTN_CODE" : "272601401",
        "MANAGE_SP1" : "02",
        "MANAGE_SP2" : "분기점",
        "DETAIL_SPO" : "분기점",
        "ETC_MATTER" : " ",
        "MNTN_NM" : "연호산",
        "PAST_SPOT_" : "2726014010113",
        "MNTN_ID" : "272601401"
      },
      "geometry" : {
        "x" : 350694.79569999967,
        "y" : 364537.66950000264
      }
    },
    {
      "attributes" : {
        "FID" : 113,
        "PMNTN_SPOT" : 63953,
        "MNTN_CODE" : "272601401",
        "MANAGE_SP1" : "01",
        "MANAGE_SP2" : "시종점",
        "DETAIL_SPO" : "시종점",
        "ETC_MATTER" : " ",
        "MNTN_NM" : "연호산",
        "PAST_SPOT_" : "2726014010114",
        "MNTN_ID" : "272601401"
      },
      "geometry" : {
        "x" : 350697.69200000074,
        "y" : 364601.42770000175
      }
    },
    {
      "attributes" : {
        "FID" : 114,
        "PMNTN_SPOT" : 63954,
        "MNTN_CODE" : "272601401",
        "MANAGE_SP1" : "02",
        "MANAGE_SP2" : "분기점",
        "DETAIL_SPO" : "분기점",
        "ETC_MATTER" : " ",
        "MNTN_NM" : "연호산",
        "PAST_SPOT_" : "2726014010115",
        "MNTN_ID" : "272601401"
      },
      "geometry" : {
        "x" : 350704.39249999914,
        "y" : 363083.63500000164
      }
    },
    {
      "attributes" : {
        "FID" : 115,
        "PMNTN_SPOT" : 63955,
        "MNTN_CODE" : "272601401",
        "MANAGE_SP1" : "01",
        "MANAGE_SP2" : "시종점",
        "DETAIL_SPO" : "시종점",
        "ETC_MATTER" : " ",
        "MNTN_NM" : "연호산",
        "PAST_SPOT_" : "2726014010116",
        "MNTN_ID" : "272601401"
      },
      "geometry" : {
        "x" : 350708.47770000063,
        "y" : 362577.62780000083
      }
    },
    {
      "attributes" : {
        "FID" : 116,
        "PMNTN_SPOT" : 63956,
        "MNTN_CODE" : "272601401",
        "MANAGE_SP1" : "01",
        "MANAGE_SP2" : "시종점",
        "DETAIL_SPO" : "시종점",
        "ETC_MATTER" : " ",
        "MNTN_NM" : "연호산",
        "PAST_SPOT_" : "2726014010117",
        "MNTN_ID" : "272601401"
      },
      "geometry" : {
        "x" : 350715.54630000051,
        "y" : 364648.16710000113
      }
    },
    {
      "attributes" : {
        "FID" : 117,
        "PMNTN_SPOT" : 63957,
        "MNTN_CODE" : "272601401",
        "MANAGE_SP1" : "01",
        "MANAGE_SP2" : "시종점",
        "DETAIL_SPO" : "시종점",
        "ETC_MATTER" : " ",
        "MNTN_NM" : "연호산",
        "PAST_SPOT_" : "2726014010118",
        "MNTN_ID" : "272601401"
      },
      "geometry" : {
        "x" : 350777.53070000093,
        "y" : 363712.64490000159
      }
    },
    {
      "attributes" : {
        "FID" : 118,
        "PMNTN_SPOT" : 63958,
        "MNTN_CODE" : "272601401",
        "MANAGE_SP1" : "02",
        "MANAGE_SP2" : "분기점",
        "DETAIL_SPO" : "분기점",
        "ETC_MATTER" : " ",
        "MNTN_NM" : "연호산",
        "PAST_SPOT_" : "2726014010119",
        "MNTN_ID" : "272601401"
      },
      "geometry" : {
        "x" : 350780.90220000129,
        "y" : 364075.09130000137
      }
    },
    {
      "attributes" : {
        "FID" : 119,
        "PMNTN_SPOT" : 63959,
        "MNTN_CODE" : "272601401",
        "MANAGE_SP1" : "02",
        "MANAGE_SP2" : "분기점",
        "DETAIL_SPO" : "분기점",
        "ETC_MATTER" : " ",
        "MNTN_NM" : "연호산",
        "PAST_SPOT_" : "2726014010120",
        "MNTN_ID" : "272601401"
      },
      "geometry" : {
        "x" : 350802.07370000053,
        "y" : 364264.41220000014
      }
    },
    {
      "attributes" : {
        "FID" : 120,
        "PMNTN_SPOT" : 63960,
        "MNTN_CODE" : "272601401",
        "MANAGE_SP1" : "01",
        "MANAGE_SP2" : "시종점",
        "DETAIL_SPO" : "시종점",
        "ETC_MATTER" : " ",
        "MNTN_NM" : "연호산",
        "PAST_SPOT_" : "2726014010121",
        "MNTN_ID" : "272601401"
      },
      "geometry" : {
        "x" : 350806.52909999993,
        "y" : 364508.63120000437
      }
    },
    {
      "attributes" : {
        "FID" : 121,
        "PMNTN_SPOT" : 63961,
        "MNTN_CODE" : "272601401",
        "MANAGE_SP1" : "01",
        "MANAGE_SP2" : "시종점",
        "DETAIL_SPO" : "시종점",
        "ETC_MATTER" : " ",
        "MNTN_NM" : "연호산",
        "PAST_SPOT_" : "2726014010122",
        "MNTN_ID" : "272601401"
      },
      "geometry" : {
        "x" : 350862.65230000205,
        "y" : 364604.12100000121
      }
    },
    {
      "attributes" : {
        "FID" : 122,
        "PMNTN_SPOT" : 63962,
        "MNTN_CODE" : "272601401",
        "MANAGE_SP1" : "02",
        "MANAGE_SP2" : "분기점",
        "DETAIL_SPO" : "분기점",
        "ETC_MATTER" : " ",
        "MNTN_NM" : "연호산",
        "PAST_SPOT_" : "2726014010123",
        "MNTN_ID" : "272601401"
      },
      "geometry" : {
        "x" : 350887.72470000107,
        "y" : 363962.47369999997
      }
    },
    {
      "attributes" : {
        "FID" : 123,
        "PMNTN_SPOT" : 63963,
        "MNTN_CODE" : "272601401",
        "MANAGE_SP1" : "02",
        "MANAGE_SP2" : "분기점",
        "DETAIL_SPO" : "분기점",
        "ETC_MATTER" : " ",
        "MNTN_NM" : "연호산",
        "PAST_SPOT_" : "2726014010124",
        "MNTN_ID" : "272601401"
      },
      "geometry" : {
        "x" : 351011.40130000189,
        "y" : 363920.94890000112
      }
    },
    {
      "attributes" : {
        "FID" : 124,
        "PMNTN_SPOT" : 63964,
        "MNTN_CODE" : "272601401",
        "MANAGE_SP1" : "02",
        "MANAGE_SP2" : "분기점",
        "DETAIL_SPO" : "분기점",
        "ETC_MATTER" : " ",
        "MNTN_NM" : "연호산",
        "PAST_SPOT_" : "2726014010125",
        "MNTN_ID" : "272601401"
      },
      "geometry" : {
        "x" : 351119.506500002,
        "y" : 363010.25019999966
      }
    },
    {
      "attributes" : {
        "FID" : 125,
        "PMNTN_SPOT" : 63965,
        "MNTN_CODE" : "272601401",
        "MANAGE_SP1" : "02",
        "MANAGE_SP2" : "분기점",
        "DETAIL_SPO" : "분기점",
        "ETC_MATTER" : " ",
        "MNTN_NM" : "연호산",
        "PAST_SPOT_" : "2726014010126",
        "MNTN_ID" : "272601401"
      },
      "geometry" : {
        "x" : 351123.89079999924,
        "y" : 364238.34840000235
      }
    },
    {
      "attributes" : {
        "FID" : 126,
        "PMNTN_SPOT" : 63966,
        "MNTN_CODE" : "272601401",
        "MANAGE_SP1" : "02",
        "MANAGE_SP2" : "분기점",
        "DETAIL_SPO" : "분기점",
        "ETC_MATTER" : " ",
        "MNTN_NM" : "연호산",
        "PAST_SPOT_" : "2726014010127",
        "MNTN_ID" : "272601401"
      },
      "geometry" : {
        "x" : 351154.91660000104,
        "y" : 362973.87350000255
      }
    },
    {
      "attributes" : {
        "FID" : 127,
        "PMNTN_SPOT" : 63967,
        "MNTN_CODE" : "272601401",
        "MANAGE_SP1" : "02",
        "MANAGE_SP2" : "분기점",
        "DETAIL_SPO" : "분기점",
        "ETC_MATTER" : " ",
        "MNTN_NM" : "연호산",
        "PAST_SPOT_" : "2726014010128",
        "MNTN_ID" : "272601401"
      },
      "geometry" : {
        "x" : 351187.53509999998,
        "y" : 363090.34190000035
      }
    },
    {
      "attributes" : {
        "FID" : 128,
        "PMNTN_SPOT" : 63968,
        "MNTN_CODE" : "272601401",
        "MANAGE_SP1" : "02",
        "MANAGE_SP2" : "분기점",
        "DETAIL_SPO" : "분기점",
        "ETC_MATTER" : " ",
        "MNTN_NM" : "연호산",
        "PAST_SPOT_" : "2726014010129",
        "MNTN_ID" : "272601401"
      },
      "geometry" : {
        "x" : 351192.14410000015,
        "y" : 362983.23700000159
      }
    },
    {
      "attributes" : {
        "FID" : 129,
        "PMNTN_SPOT" : 63969,
        "MNTN_CODE" : "272601401",
        "MANAGE_SP1" : "02",
        "MANAGE_SP2" : "분기점",
        "DETAIL_SPO" : "분기점",
        "ETC_MATTER" : " ",
        "MNTN_NM" : "연호산",
        "PAST_SPOT_" : "2726014010130",
        "MNTN_ID" : "272601401"
      },
      "geometry" : {
        "x" : 351194.72059999965,
        "y" : 362984.28500000015
      }
    },
    {
      "attributes" : {
        "FID" : 130,
        "PMNTN_SPOT" : 63970,
        "MNTN_CODE" : "272601401",
        "MANAGE_SP1" : "02",
        "MANAGE_SP2" : "분기점",
        "DETAIL_SPO" : "분기점",
        "ETC_MATTER" : " ",
        "MNTN_NM" : "연호산",
        "PAST_SPOT_" : "2726014010131",
        "MNTN_ID" : "272601401"
      },
      "geometry" : {
        "x" : 351214.20069999993,
        "y" : 362986.08419999853
      }
    },
    {
      "attributes" : {
        "FID" : 131,
        "PMNTN_SPOT" : 63971,
        "MNTN_CODE" : "272601401",
        "MANAGE_SP1" : "02",
        "MANAGE_SP2" : "분기점",
        "DETAIL_SPO" : "분기점",
        "ETC_MATTER" : " ",
        "MNTN_NM" : "연호산",
        "PAST_SPOT_" : "2726014010132",
        "MNTN_ID" : "272601401"
      },
      "geometry" : {
        "x" : 351245.50530000031,
        "y" : 363982.4477000013
      }
    },
    {
      "attributes" : {
        "FID" : 132,
        "PMNTN_SPOT" : 63972,
        "MNTN_CODE" : "272601401",
        "MANAGE_SP1" : "01",
        "MANAGE_SP2" : "시종점",
        "DETAIL_SPO" : "시종점",
        "ETC_MATTER" : " ",
        "MNTN_NM" : "연호산",
        "PAST_SPOT_" : "2726014010133",
        "MNTN_ID" : "272601401"
      },
      "geometry" : {
        "x" : 351247.30810000096,
        "y" : 363587.49870000035
      }
    },
    {
      "attributes" : {
        "FID" : 133,
        "PMNTN_SPOT" : 63973,
        "MNTN_CODE" : "272601401",
        "MANAGE_SP1" : "01",
        "MANAGE_SP2" : "시종점",
        "DETAIL_SPO" : "시종점",
        "ETC_MATTER" : " ",
        "MNTN_NM" : "연호산",
        "PAST_SPOT_" : "2726014010134",
        "MNTN_ID" : "272601401"
      },
      "geometry" : {
        "x" : 351247.53060000017,
        "y" : 363155.43349999934
      }
    },
    {
      "attributes" : {
        "FID" : 134,
        "PMNTN_SPOT" : 63974,
        "MNTN_CODE" : "272601401",
        "MANAGE_SP1" : "02",
        "MANAGE_SP2" : "분기점",
        "DETAIL_SPO" : "분기점",
        "ETC_MATTER" : " ",
        "MNTN_NM" : "연호산",
        "PAST_SPOT_" : "2726014010135",
        "MNTN_ID" : "272601401"
      },
      "geometry" : {
        "x" : 351247.55550000165,
        "y" : 363719.09240000322
      }
    },
    {
      "attributes" : {
        "FID" : 135,
        "PMNTN_SPOT" : 63975,
        "MNTN_CODE" : "272601401",
        "MANAGE_SP1" : "02",
        "MANAGE_SP2" : "분기점",
        "DETAIL_SPO" : "분기점",
        "ETC_MATTER" : " ",
        "MNTN_NM" : "연호산",
        "PAST_SPOT_" : "2726014010136",
        "MNTN_ID" : "272601401"
      },
      "geometry" : {
        "x" : 351285.47809999995,
        "y" : 362964.09470000304
      }
    },
    {
      "attributes" : {
        "FID" : 136,
        "PMNTN_SPOT" : 63976,
        "MNTN_CODE" : "272601401",
        "MANAGE_SP1" : "02",
        "MANAGE_SP2" : "분기점",
        "DETAIL_SPO" : "분기점",
        "ETC_MATTER" : " ",
        "MNTN_NM" : "연호산",
        "PAST_SPOT_" : "2726014010137",
        "MNTN_ID" : "272601401"
      },
      "geometry" : {
        "x" : 351445.71590000018,
        "y" : 363217.17080000043
      }
    },
    {
      "attributes" : {
        "FID" : 137,
        "PMNTN_SPOT" : 63977,
        "MNTN_CODE" : "272601401",
        "MANAGE_SP1" : "01",
        "MANAGE_SP2" : "시종점",
        "DETAIL_SPO" : "시종점",
        "ETC_MATTER" : " ",
        "MNTN_NM" : "연호산",
        "PAST_SPOT_" : "2726014010138",
        "MNTN_ID" : "272601401"
      },
      "geometry" : {
        "x" : 351478.8769000005,
        "y" : 362816.93340000138
      }
    },
    {
      "attributes" : {
        "FID" : 138,
        "PMNTN_SPOT" : 63978,
        "MNTN_CODE" : "272601401",
        "MANAGE_SP1" : "02",
        "MANAGE_SP2" : "분기점",
        "DETAIL_SPO" : "분기점",
        "ETC_MATTER" : " ",
        "MNTN_NM" : "연호산",
        "PAST_SPOT_" : "2726014010139",
        "MNTN_ID" : "272601401"
      },
      "geometry" : {
        "x" : 351486.52799999993,
        "y" : 363287.37330000289
      }
    },
    {
      "attributes" : {
        "FID" : 139,
        "PMNTN_SPOT" : 63979,
        "MNTN_CODE" : "272601401",
        "MANAGE_SP1" : "01",
        "MANAGE_SP2" : "시종점",
        "DETAIL_SPO" : "시종점",
        "ETC_MATTER" : " ",
        "MNTN_NM" : "연호산",
        "PAST_SPOT_" : "2726014010140",
        "MNTN_ID" : "272601401"
      },
      "geometry" : {
        "x" : 351508.51790000126,
        "y" : 363653.45650000125
      }
    },
    {
      "attributes" : {
        "FID" : 140,
        "PMNTN_SPOT" : 63980,
        "MNTN_CODE" : "272601401",
        "MANAGE_SP1" : "02",
        "MANAGE_SP2" : "분기점",
        "DETAIL_SPO" : "분기점",
        "ETC_MATTER" : " ",
        "MNTN_NM" : "연호산",
        "PAST_SPOT_" : "2726014010141",
        "MNTN_ID" : "272601401"
      },
      "geometry" : {
        "x" : 351512.54420000035,
        "y" : 363582.46649999917
      }
    },
    {
      "attributes" : {
        "FID" : 141,
        "PMNTN_SPOT" : 63981,
        "MNTN_CODE" : "272601401",
        "MANAGE_SP1" : "02",
        "MANAGE_SP2" : "분기점",
        "DETAIL_SPO" : "분기점",
        "ETC_MATTER" : " ",
        "MNTN_NM" : "연호산",
        "PAST_SPOT_" : "2726014010142",
        "MNTN_ID" : "272601401"
      },
      "geometry" : {
        "x" : 351556.67570000049,
        "y" : 363387.04900000058
      }
    },
    {
      "attributes" : {
        "FID" : 142,
        "PMNTN_SPOT" : 63982,
        "MNTN_CODE" : "272601401",
        "MANAGE_SP1" : "02",
        "MANAGE_SP2" : "분기점",
        "DETAIL_SPO" : "분기점",
        "ETC_MATTER" : " ",
        "MNTN_NM" : "연호산",
        "PAST_SPOT_" : "2726014010143",
        "MNTN_ID" : "272601401"
      },
      "geometry" : {
        "x" : 351576.26779999956,
        "y" : 363604.77789999917
      }
    },
    {
      "attributes" : {
        "FID" : 143,
        "PMNTN_SPOT" : 63983,
        "MNTN_CODE" : "272601401",
        "MANAGE_SP1" : "01",
        "MANAGE_SP2" : "시종점",
        "DETAIL_SPO" : "시종점",
        "ETC_MATTER" : " ",
        "MNTN_NM" : "연호산",
        "PAST_SPOT_" : "2726014010144",
        "MNTN_ID" : "272601401"
      },
      "geometry" : {
        "x" : 351628.95430000126,
        "y" : 363509.15510000102
      }
    },
    {
      "attributes" : {
        "FID" : 144,
        "PMNTN_SPOT" : 63984,
        "MNTN_CODE" : "272601401",
        "MANAGE_SP1" : "01",
        "MANAGE_SP2" : "시종점",
        "DETAIL_SPO" : "시종점",
        "ETC_MATTER" : " ",
        "MNTN_NM" : "연호산",
        "PAST_SPOT_" : "2726014010145",
        "MNTN_ID" : "272601401"
      },
      "geometry" : {
        "x" : 351693.05810000096,
        "y" : 363371.35290000215
      }
    },
    {
      "attributes" : {
        "FID" : 145,
        "PMNTN_SPOT" : 98423,
        "MNTN_CODE" : "272601401",
        "MANAGE_SP1" : "07",
        "MANAGE_SP2" : "시설물(운동기구 등)",
        "DETAIL_SPO" : "시설물(운동기구등)",
        "ETC_MATTER" : " ",
        "MNTN_NM" : "연호산",
        "PAST_SPOT_" : "2726014010146",
        "MNTN_ID" : "272601401"
      },
      "geometry" : {
        "x" : 351586.33320000028,
        "y" : 363610.65919999941
      }
    },
    {
      "attributes" : {
        "FID" : 146,
        "PMNTN_SPOT" : 98424,
        "MNTN_CODE" : "272601401",
        "MANAGE_SP1" : "09",
        "MANAGE_SP2" : "기타건물",
        "DETAIL_SPO" : "산불초소",
        "ETC_MATTER" : " ",
        "MNTN_NM" : "연호산",
        "PAST_SPOT_" : "2726014010147",
        "MNTN_ID" : "272601401"
      },
      "geometry" : {
        "x" : 349661.4078000001,
        "y" : 363163.31450000004
      }
    },
    {
      "attributes" : {
        "FID" : 147,
        "PMNTN_SPOT" : 98425,
        "MNTN_CODE" : "272601401",
        "MANAGE_SP1" : "13",
        "MANAGE_SP2" : "유적(문화, 역사)",
        "DETAIL_SPO" : "모명재",
        "ETC_MATTER" : " ",
        "MNTN_NM" : "연호산",
        "PAST_SPOT_" : "2726014010148",
        "MNTN_ID" : "272601401"
      },
      "geometry" : {
        "x" : 349146.89149999816,
        "y" : 363678.20240000071
      }
    },
    {
      "attributes" : {
        "FID" : 148,
        "PMNTN_SPOT" : 98426,
        "MNTN_CODE" : "272601401",
        "MANAGE_SP1" : "09",
        "MANAGE_SP2" : "기타건물",
        "DETAIL_SPO" : "기타건물",
        "ETC_MATTER" : " ",
        "MNTN_NM" : "연호산",
        "PAST_SPOT_" : "2726014010149",
        "MNTN_ID" : "272601401"
      },
      "geometry" : {
        "x" : 351690.20429999975,
        "y" : 363371.69459999981
      }
    },
    {
      "attributes" : {
        "FID" : 149,
        "PMNTN_SPOT" : 98427,
        "MNTN_CODE" : "272601401",
        "MANAGE_SP1" : "08",
        "MANAGE_SP2" : "가로등",
        "DETAIL_SPO" : "가로등",
        "ETC_MATTER" : " ",
        "MNTN_NM" : "연호산",
        "PAST_SPOT_" : "2726014010150",
        "MNTN_ID" : "272601401"
      },
      "geometry" : {
        "x" : 350244.26489999902,
        "y" : 363865.96090000006
      }
    },
    {
      "attributes" : {
        "FID" : 150,
        "PMNTN_SPOT" : 98428,
        "MNTN_CODE" : "272601401",
        "MANAGE_SP1" : "09",
        "MANAGE_SP2" : "기타건물",
        "DETAIL_SPO" : "기타건물",
        "ETC_MATTER" : " ",
        "MNTN_NM" : "연호산",
        "PAST_SPOT_" : "2726014010151",
        "MNTN_ID" : "272601401"
      },
      "geometry" : {
        "x" : 350546.42300000077,
        "y" : 362721.71209999931
      }
    },
    {
      "attributes" : {
        "FID" : 151,
        "PMNTN_SPOT" : 98429,
        "MNTN_CODE" : "272601401",
        "MANAGE_SP1" : "08",
        "MANAGE_SP2" : "가로등",
        "DETAIL_SPO" : "가로등",
        "ETC_MATTER" : " ",
        "MNTN_NM" : "연호산",
        "PAST_SPOT_" : "2726014010152",
        "MNTN_ID" : "272601401"
      },
      "geometry" : {
        "x" : 350084.65790000249,
        "y" : 364336.24410000094
      }
    },
    {
      "attributes" : {
        "FID" : 152,
        "PMNTN_SPOT" : 98430,
        "MNTN_CODE" : "272601401",
        "MANAGE_SP1" : "11",
        "MANAGE_SP2" : "안내판또는지도",
        "DETAIL_SPO" : "안내판또는지도",
        "ETC_MATTER" : " ",
        "MNTN_NM" : "연호산",
        "PAST_SPOT_" : "2726014010153",
        "MNTN_ID" : "272601401"
      },
      "geometry" : {
        "x" : 350671.21349999856,
        "y" : 364227.7901000008
      }
    },
    {
      "attributes" : {
        "FID" : 153,
        "PMNTN_SPOT" : 98431,
        "MNTN_CODE" : "272601401",
        "MANAGE_SP1" : "09",
        "MANAGE_SP2" : "기타건물",
        "DETAIL_SPO" : "기타건물",
        "ETC_MATTER" : " ",
        "MNTN_NM" : "연호산",
        "PAST_SPOT_" : "2726014010154",
        "MNTN_ID" : "272601401"
      },
      "geometry" : {
        "x" : 350384.07609999785,
        "y" : 364722.67109999986
      }
    },
    {
      "attributes" : {
        "FID" : 154,
        "PMNTN_SPOT" : 98432,
        "MNTN_CODE" : "272601401",
        "MANAGE_SP1" : "15",
        "MANAGE_SP2" : "훼손지",
        "DETAIL_SPO" : "훼손지",
        "ETC_MATTER" : " ",
        "MNTN_NM" : "연호산",
        "PAST_SPOT_" : "2726014010155",
        "MNTN_ID" : "272601401"
      },
      "geometry" : {
        "x" : 350534.82319999952,
        "y" : 364483.06980000052
      }
    },
    {
      "attributes" : {
        "FID" : 155,
        "PMNTN_SPOT" : 98433,
        "MNTN_CODE" : "272601401",
        "MANAGE_SP1" : "16",
        "MANAGE_SP2" : "주요나무",
        "DETAIL_SPO" : "대추나무군락",
        "ETC_MATTER" : " ",
        "MNTN_NM" : "연호산",
        "PAST_SPOT_" : "2726014010156",
        "MNTN_ID" : "272601401"
      },
      "geometry" : {
        "x" : 350937.17630000005,
        "y" : 364894.57040000003
      }
    },
    {
      "attributes" : {
        "FID" : 156,
        "PMNTN_SPOT" : 98434,
        "MNTN_CODE" : "272601401",
        "MANAGE_SP1" : "16",
        "MANAGE_SP2" : "주요나무",
        "DETAIL_SPO" : "참나무",
        "ETC_MATTER" : " ",
        "MNTN_NM" : "연호산",
        "PAST_SPOT_" : "2726014010157",
        "MNTN_ID" : "272601401"
      },
      "geometry" : {
        "x" : 350696.21569999959,
        "y" : 364655.48520000116
      }
    },
    {
      "attributes" : {
        "FID" : 157,
        "PMNTN_SPOT" : 98435,
        "MNTN_CODE" : "272601401",
        "MANAGE_SP1" : "16",
        "MANAGE_SP2" : "주요나무",
        "DETAIL_SPO" : "버드나무",
        "ETC_MATTER" : " ",
        "MNTN_NM" : "연호산",
        "PAST_SPOT_" : "2726014010158",
        "MNTN_ID" : "272601401"
      },
      "geometry" : {
        "x" : 350236.70860000001,
        "y" : 365072.97790000064
      }
    }
  ]
}