{
  "displayFieldName" : "",
  "fieldAliases" : {
    "FID" : "FID",
    "PMNTN_SPOT" : "PMNTN_SPOT",
    "MNTN_CODE" : "MNTN_CODE",
    "MANAGE_SP1" : "MANAGE_SP1",
    "MANAGE_SP2" : "MANAGE_SP2",
    "DETAIL_SPO" : "DETAIL_SPO",
    "ETC_MATTER" : "ETC_MATTER",
    "MNTN_NM" : "MNTN_NM",
    "PAST_SPOT_" : "PAST_SPOT_",
    "MNTN_ID" : "MNTN_ID"
  },
  "geometryType" : "esriGeometryPoint",
  "spatialReference" : {
    "wkt" : "PROJCS[\"PCS_ITRF2000_TM\",GEOGCS[\"GCS_ITRF_2000\",DATUM[\"D_ITRF_2000\",SPHEROID[\"GRS_1980\",6378137.0,298.257222101]],PRIMEM[\"Greenwich\",0.0],UNIT[\"Degree\",0.0174532925199433]],PROJECTION[\"Transverse_Mercator\"],PARAMETER[\"False_Easting\",200000.0],PARAMETER[\"False_Northing\",600000.0],PARAMETER[\"Central_Meridian\",127.0],PARAMETER[\"Scale_Factor\",1.0],PARAMETER[\"Latitude_Of_Origin\",38.0],UNIT[\"Meter\",1.0]]"
  },
  "fields" : [
    {
      "name" : "FID",
      "type" : "esriFieldTypeOID",
      "alias" : "FID"
    },
    {
      "name" : "PMNTN_SPOT",
      "type" : "esriFieldTypeDouble",
      "alias" : "PMNTN_SPOT"
    },
    {
      "name" : "MNTN_CODE",
      "type" : "esriFieldTypeString",
      "alias" : "MNTN_CODE",
      "length" : 9
    },
    {
      "name" : "MANAGE_SP1",
      "type" : "esriFieldTypeString",
      "alias" : "MANAGE_SP1",
      "length" : 2
    },
    {
      "name" : "MANAGE_SP2",
      "type" : "esriFieldTypeString",
      "alias" : "MANAGE_SP2",
      "length" : 50
    },
    {
      "name" : "DETAIL_SPO",
      "type" : "esriFieldTypeString",
      "alias" : "DETAIL_SPO",
      "length" : 200
    },
    {
      "name" : "ETC_MATTER",
      "type" : "esriFieldTypeString",
      "alias" : "ETC_MATTER",
      "length" : 200
    },
    {
      "name" : "MNTN_NM",
      "type" : "esriFieldTypeString",
      "alias" : "MNTN_NM",
      "length" : 50
    },
    {
      "name" : "PAST_SPOT_",
      "type" : "esriFieldTypeString",
      "alias" : "PAST_SPOT_",
      "length" : 14
    },
    {
      "name" : "MNTN_ID",
      "type" : "esriFieldTypeString",
      "alias" : "MNTN_ID",
      "length" : 10
    }
  ],
  "features" : [
    {
      "attributes" : {
        "FID" : 0,
        "PMNTN_SPOT" : 87843,
        "MNTN_CODE" : "428104801",
        "MANAGE_SP1" : "01",
        "MANAGE_SP2" : "시종점",
        "DETAIL_SPO" : "시종점",
        "ETC_MATTER" : " ",
        "MNTN_NM" : "태봉산",
        "PAST_SPOT_" : "4281048010001",
        "MNTN_ID" : "428104801"
      },
      "geometry" : {
        "x" : 315872.58920000028,
        "y" : 596117.18060000241
      }
    },
    {
      "attributes" : {
        "FID" : 1,
        "PMNTN_SPOT" : 87844,
        "MNTN_CODE" : "428104801",
        "MANAGE_SP1" : "01",
        "MANAGE_SP2" : "시종점",
        "DETAIL_SPO" : "시종점",
        "ETC_MATTER" : " ",
        "MNTN_NM" : "태봉산",
        "PAST_SPOT_" : "4281048010002",
        "MNTN_ID" : "428104801"
      },
      "geometry" : {
        "x" : 315936.73929999862,
        "y" : 595771.74730000459
      }
    },
    {
      "attributes" : {
        "FID" : 2,
        "PMNTN_SPOT" : 87845,
        "MNTN_CODE" : "428104801",
        "MANAGE_SP1" : "02",
        "MANAGE_SP2" : "분기점",
        "DETAIL_SPO" : "분기점",
        "ETC_MATTER" : " ",
        "MNTN_NM" : "태봉산",
        "PAST_SPOT_" : "4281048010003",
        "MNTN_ID" : "428104801"
      },
      "geometry" : {
        "x" : 315984.38850000035,
        "y" : 595764.6232999973
      }
    },
    {
      "attributes" : {
        "FID" : 3,
        "PMNTN_SPOT" : 87846,
        "MNTN_CODE" : "428104801",
        "MANAGE_SP1" : "01",
        "MANAGE_SP2" : "시종점",
        "DETAIL_SPO" : "시종점",
        "ETC_MATTER" : " ",
        "MNTN_NM" : "태봉산",
        "PAST_SPOT_" : "4281048010004",
        "MNTN_ID" : "428104801"
      },
      "geometry" : {
        "x" : 316007.13439999986,
        "y" : 595975.66840000078
      }
    },
    {
      "attributes" : {
        "FID" : 4,
        "PMNTN_SPOT" : 87847,
        "MNTN_CODE" : "428104801",
        "MANAGE_SP1" : "02",
        "MANAGE_SP2" : "분기점",
        "DETAIL_SPO" : "분기점",
        "ETC_MATTER" : " ",
        "MNTN_NM" : "태봉산",
        "PAST_SPOT_" : "4281048010005",
        "MNTN_ID" : "428104801"
      },
      "geometry" : {
        "x" : 316071.52759999968,
        "y" : 595904.84220000356
      }
    },
    {
      "attributes" : {
        "FID" : 5,
        "PMNTN_SPOT" : 87848,
        "MNTN_CODE" : "428104801",
        "MANAGE_SP1" : "02",
        "MANAGE_SP2" : "분기점",
        "DETAIL_SPO" : "분기점",
        "ETC_MATTER" : " ",
        "MNTN_NM" : "태봉산",
        "PAST_SPOT_" : "4281048010006",
        "MNTN_ID" : "428104801"
      },
      "geometry" : {
        "x" : 316138.06088324636,
        "y" : 596018.83351789229
      }
    },
    {
      "attributes" : {
        "FID" : 6,
        "PMNTN_SPOT" : 87849,
        "MNTN_CODE" : "428104801",
        "MANAGE_SP1" : "02",
        "MANAGE_SP2" : "분기점",
        "DETAIL_SPO" : "분기점",
        "ETC_MATTER" : " ",
        "MNTN_NM" : "태봉산",
        "PAST_SPOT_" : "4281048010007",
        "MNTN_ID" : "428104801"
      },
      "geometry" : {
        "x" : 316147.00130000152,
        "y" : 595925.16679999977
      }
    }
  ]
}