{
  "displayFieldName" : "",
  "fieldAliases" : {
    "FID" : "FID",
    "PMNTN_SPOT" : "PMNTN_SPOT",
    "MNTN_CODE" : "MNTN_CODE",
    "MANAGE_SP1" : "MANAGE_SP1",
    "MANAGE_SP2" : "MANAGE_SP2",
    "DETAIL_SPO" : "DETAIL_SPO",
    "ETC_MATTER" : "ETC_MATTER",
    "MNTN_NM" : "MNTN_NM",
    "PAST_SPOT_" : "PAST_SPOT_",
    "MNTN_ID" : "MNTN_ID"
  },
  "geometryType" : "esriGeometryPoint",
  "spatialReference" : {
    "wkt" : "PROJCS[\"PCS_ITRF2000_TM\",GEOGCS[\"GCS_ITRF_2000\",DATUM[\"D_ITRF_2000\",SPHEROID[\"GRS_1980\",6378137.0,298.257222101]],PRIMEM[\"Greenwich\",0.0],UNIT[\"Degree\",0.0174532925199433]],PROJECTION[\"Transverse_Mercator\"],PARAMETER[\"False_Easting\",200000.0],PARAMETER[\"False_Northing\",600000.0],PARAMETER[\"Central_Meridian\",127.0],PARAMETER[\"Scale_Factor\",1.0],PARAMETER[\"Latitude_Of_Origin\",38.0],UNIT[\"Meter\",1.0]]"
  },
  "fields" : [
    {
      "name" : "FID",
      "type" : "esriFieldTypeOID",
      "alias" : "FID"
    },
    {
      "name" : "PMNTN_SPOT",
      "type" : "esriFieldTypeDouble",
      "alias" : "PMNTN_SPOT"
    },
    {
      "name" : "MNTN_CODE",
      "type" : "esriFieldTypeString",
      "alias" : "MNTN_CODE",
      "length" : 9
    },
    {
      "name" : "MANAGE_SP1",
      "type" : "esriFieldTypeString",
      "alias" : "MANAGE_SP1",
      "length" : 2
    },
    {
      "name" : "MANAGE_SP2",
      "type" : "esriFieldTypeString",
      "alias" : "MANAGE_SP2",
      "length" : 50
    },
    {
      "name" : "DETAIL_SPO",
      "type" : "esriFieldTypeString",
      "alias" : "DETAIL_SPO",
      "length" : 200
    },
    {
      "name" : "ETC_MATTER",
      "type" : "esriFieldTypeString",
      "alias" : "ETC_MATTER",
      "length" : 200
    },
    {
      "name" : "MNTN_NM",
      "type" : "esriFieldTypeString",
      "alias" : "MNTN_NM",
      "length" : 50
    },
    {
      "name" : "PAST_SPOT_",
      "type" : "esriFieldTypeString",
      "alias" : "PAST_SPOT_",
      "length" : 14
    },
    {
      "name" : "MNTN_ID",
      "type" : "esriFieldTypeString",
      "alias" : "MNTN_ID",
      "length" : 10
    }
  ],
  "features" : [
    {
      "attributes" : {
        "FID" : 0,
        "PMNTN_SPOT" : 19964,
        "MNTN_CODE" : "461504801",
        "MANAGE_SP1" : "02",
        "MANAGE_SP2" : "분기점",
        "DETAIL_SPO" : "분기점",
        "ETC_MATTER" : " ",
        "MNTN_NM" : "대왕산",
        "PAST_SPOT_" : "4615048010001",
        "MNTN_ID" : "461504801"
      },
      "geometry" : {
        "x" : 233001.19620000012,
        "y" : 270924.17600000091
      }
    },
    {
      "attributes" : {
        "FID" : 1,
        "PMNTN_SPOT" : 19965,
        "MNTN_CODE" : "461504801",
        "MANAGE_SP1" : "02",
        "MANAGE_SP2" : "분기점",
        "DETAIL_SPO" : "분기점",
        "ETC_MATTER" : " ",
        "MNTN_NM" : "대왕산",
        "PAST_SPOT_" : "4615048010002",
        "MNTN_ID" : "461504801"
      },
      "geometry" : {
        "x" : 233039.31589999981,
        "y" : 270870.63370000012
      }
    },
    {
      "attributes" : {
        "FID" : 2,
        "PMNTN_SPOT" : 19966,
        "MNTN_CODE" : "461504801",
        "MANAGE_SP1" : "01",
        "MANAGE_SP2" : "시종점",
        "DETAIL_SPO" : "시종점",
        "ETC_MATTER" : " ",
        "MNTN_NM" : "대왕산",
        "PAST_SPOT_" : "4615048010003",
        "MNTN_ID" : "461504801"
      },
      "geometry" : {
        "x" : 233056.30060000066,
        "y" : 269408.54040000215
      }
    },
    {
      "attributes" : {
        "FID" : 3,
        "PMNTN_SPOT" : 19967,
        "MNTN_CODE" : "461504801",
        "MANAGE_SP1" : "02",
        "MANAGE_SP2" : "분기점",
        "DETAIL_SPO" : "분기점",
        "ETC_MATTER" : " ",
        "MNTN_NM" : "대왕산",
        "PAST_SPOT_" : "4615048010004",
        "MNTN_ID" : "461504801"
      },
      "geometry" : {
        "x" : 233092.94269999955,
        "y" : 269597.18720000237
      }
    },
    {
      "attributes" : {
        "FID" : 4,
        "PMNTN_SPOT" : 19968,
        "MNTN_CODE" : "461504801",
        "MANAGE_SP1" : "02",
        "MANAGE_SP2" : "분기점",
        "DETAIL_SPO" : "분기점",
        "ETC_MATTER" : " ",
        "MNTN_NM" : "대왕산",
        "PAST_SPOT_" : "4615048010005",
        "MNTN_ID" : "461504801"
      },
      "geometry" : {
        "x" : 233139.66559999995,
        "y" : 270917.45820000023
      }
    },
    {
      "attributes" : {
        "FID" : 5,
        "PMNTN_SPOT" : 19969,
        "MNTN_CODE" : "461504801",
        "MANAGE_SP1" : "02",
        "MANAGE_SP2" : "분기점",
        "DETAIL_SPO" : "분기점",
        "ETC_MATTER" : " ",
        "MNTN_NM" : "대왕산",
        "PAST_SPOT_" : "4615048010006",
        "MNTN_ID" : "461504801"
      },
      "geometry" : {
        "x" : 233187.3180000009,
        "y" : 270308.36759999953
      }
    },
    {
      "attributes" : {
        "FID" : 6,
        "PMNTN_SPOT" : 19970,
        "MNTN_CODE" : "461504801",
        "MANAGE_SP1" : "02",
        "MANAGE_SP2" : "분기점",
        "DETAIL_SPO" : "분기점",
        "ETC_MATTER" : " ",
        "MNTN_NM" : "대왕산",
        "PAST_SPOT_" : "4615048010007",
        "MNTN_ID" : "461504801"
      },
      "geometry" : {
        "x" : 233191.46610000078,
        "y" : 270114.36649999954
      }
    },
    {
      "attributes" : {
        "FID" : 7,
        "PMNTN_SPOT" : 19971,
        "MNTN_CODE" : "461504801",
        "MANAGE_SP1" : "02",
        "MANAGE_SP2" : "분기점",
        "DETAIL_SPO" : "분기점",
        "ETC_MATTER" : " ",
        "MNTN_NM" : "대왕산",
        "PAST_SPOT_" : "4615048010008",
        "MNTN_ID" : "461504801"
      },
      "geometry" : {
        "x" : 233205.03740000073,
        "y" : 270179.28490000032
      }
    },
    {
      "attributes" : {
        "FID" : 8,
        "PMNTN_SPOT" : 19972,
        "MNTN_CODE" : "461504801",
        "MANAGE_SP1" : "02",
        "MANAGE_SP2" : "분기점",
        "DETAIL_SPO" : "분기점",
        "ETC_MATTER" : " ",
        "MNTN_NM" : "대왕산",
        "PAST_SPOT_" : "4615048010009",
        "MNTN_ID" : "461504801"
      },
      "geometry" : {
        "x" : 233221.60280000046,
        "y" : 270491.97340000235
      }
    },
    {
      "attributes" : {
        "FID" : 9,
        "PMNTN_SPOT" : 19973,
        "MNTN_CODE" : "461504801",
        "MANAGE_SP1" : "02",
        "MANAGE_SP2" : "분기점",
        "DETAIL_SPO" : "분기점",
        "ETC_MATTER" : " ",
        "MNTN_NM" : "대왕산",
        "PAST_SPOT_" : "4615048010010",
        "MNTN_ID" : "461504801"
      },
      "geometry" : {
        "x" : 233222.66060000192,
        "y" : 270307.22110000253
      }
    },
    {
      "attributes" : {
        "FID" : 10,
        "PMNTN_SPOT" : 19974,
        "MNTN_CODE" : "461504801",
        "MANAGE_SP1" : "02",
        "MANAGE_SP2" : "분기점",
        "DETAIL_SPO" : "분기점",
        "ETC_MATTER" : " ",
        "MNTN_NM" : "대왕산",
        "PAST_SPOT_" : "4615048010011",
        "MNTN_ID" : "461504801"
      },
      "geometry" : {
        "x" : 233239.2192000011,
        "y" : 270489.15000000224
      }
    },
    {
      "attributes" : {
        "FID" : 11,
        "PMNTN_SPOT" : 19975,
        "MNTN_CODE" : "461504801",
        "MANAGE_SP1" : "02",
        "MANAGE_SP2" : "분기점",
        "DETAIL_SPO" : "분기점",
        "ETC_MATTER" : " ",
        "MNTN_NM" : "대왕산",
        "PAST_SPOT_" : "4615048010012",
        "MNTN_ID" : "461504801"
      },
      "geometry" : {
        "x" : 233243.57330000121,
        "y" : 270491.81870000251
      }
    },
    {
      "attributes" : {
        "FID" : 12,
        "PMNTN_SPOT" : 19976,
        "MNTN_CODE" : "461504801",
        "MANAGE_SP1" : "02",
        "MANAGE_SP2" : "분기점",
        "DETAIL_SPO" : "분기점",
        "ETC_MATTER" : " ",
        "MNTN_NM" : "대왕산",
        "PAST_SPOT_" : "4615048010013",
        "MNTN_ID" : "461504801"
      },
      "geometry" : {
        "x" : 233320.93120000139,
        "y" : 270927.6305999998
      }
    },
    {
      "attributes" : {
        "FID" : 13,
        "PMNTN_SPOT" : 19977,
        "MNTN_CODE" : "461504801",
        "MANAGE_SP1" : "02",
        "MANAGE_SP2" : "분기점",
        "DETAIL_SPO" : "분기점",
        "ETC_MATTER" : " ",
        "MNTN_NM" : "대왕산",
        "PAST_SPOT_" : "4615048010014",
        "MNTN_ID" : "461504801"
      },
      "geometry" : {
        "x" : 233334.83740000147,
        "y" : 270846.43870000169
      }
    },
    {
      "attributes" : {
        "FID" : 14,
        "PMNTN_SPOT" : 19978,
        "MNTN_CODE" : "461504801",
        "MANAGE_SP1" : "02",
        "MANAGE_SP2" : "분기점",
        "DETAIL_SPO" : "분기점",
        "ETC_MATTER" : " ",
        "MNTN_NM" : "대왕산",
        "PAST_SPOT_" : "4615048010015",
        "MNTN_ID" : "461504801"
      },
      "geometry" : {
        "x" : 234395.12820000108,
        "y" : 269805.67190000042
      }
    },
    {
      "attributes" : {
        "FID" : 15,
        "PMNTN_SPOT" : 19979,
        "MNTN_CODE" : "461504801",
        "MANAGE_SP1" : "01",
        "MANAGE_SP2" : "시종점",
        "DETAIL_SPO" : "시종점",
        "ETC_MATTER" : " ",
        "MNTN_NM" : "대왕산",
        "PAST_SPOT_" : "4615048010016",
        "MNTN_ID" : "461504801"
      },
      "geometry" : {
        "x" : 235263.38850000128,
        "y" : 268793.30570000038
      }
    },
    {
      "attributes" : {
        "FID" : 16,
        "PMNTN_SPOT" : 19980,
        "MNTN_CODE" : "461504801",
        "MANAGE_SP1" : "02",
        "MANAGE_SP2" : "분기점",
        "DETAIL_SPO" : "분기점",
        "ETC_MATTER" : " ",
        "MNTN_NM" : "대왕산",
        "PAST_SPOT_" : "4615048010017",
        "MNTN_ID" : "461504801"
      },
      "geometry" : {
        "x" : 234407.68790000025,
        "y" : 269623.35920000263
      }
    }
  ]
}