{
  "displayFieldName" : "",
  "fieldAliases" : {
    "FID" : "FID",
    "PMNTN_SN" : "PMNTN_SN",
    "MNTN_CODE" : "MNTN_CODE",
    "MNTN_NM" : "MNTN_NM",
    "PMNTN_NM" : "PMNTN_NM",
    "PMNTN_MAIN" : "PMNTN_MAIN",
    "PMNTN_LT" : "PMNTN_LT",
    "PMNTN_DFFL" : "PMNTN_DFFL",
    "PMNTN_UPPL" : "PMNTN_UPPL",
    "PMNTN_GODN" : "PMNTN_GODN",
    "PMNTN_MTRQ" : "PMNTN_MTRQ",
    "PMNTN_CNRL" : "PMNTN_CNRL",
    "PMNTN_CLS_" : "PMNTN_CLS_",
    "PMNTN_RISK" : "PMNTN_RISK",
    "PMNTN_RECO" : "PMNTN_RECO",
    "DATA_STDR_" : "DATA_STDR_",
    "MNTN_ID" : "MNTN_ID"
  },
  "geometryType" : "esriGeometryPolyline",
  "spatialReference" : {
    "wkt" : "PROJCS[\"PCS_ITRF2000_TM\",GEOGCS[\"GCS_ITRF_2000\",DATUM[\"D_ITRF_2000\",SPHEROID[\"GRS_1980\",6378137.0,298.257222101]],PRIMEM[\"Greenwich\",0.0],UNIT[\"Degree\",0.0174532925199433]],PROJECTION[\"Transverse_Mercator\"],PARAMETER[\"False_Easting\",200000.0],PARAMETER[\"False_Northing\",600000.0],PARAMETER[\"Central_Meridian\",127.0],PARAMETER[\"Scale_Factor\",1.0],PARAMETER[\"Latitude_Of_Origin\",38.0],UNIT[\"Meter\",1.0]]"
  },
  "fields" : [
    {
      "name" : "FID",
      "type" : "esriFieldTypeOID",
      "alias" : "FID"
    },
    {
      "name" : "PMNTN_SN",
      "type" : "esriFieldTypeDouble",
      "alias" : "PMNTN_SN"
    },
    {
      "name" : "MNTN_CODE",
      "type" : "esriFieldTypeString",
      "alias" : "MNTN_CODE",
      "length" : 9
    },
    {
      "name" : "MNTN_NM",
      "type" : "esriFieldTypeString",
      "alias" : "MNTN_NM",
      "length" : 50
    },
    {
      "name" : "PMNTN_NM",
      "type" : "esriFieldTypeString",
      "alias" : "PMNTN_NM",
      "length" : 50
    },
    {
      "name" : "PMNTN_MAIN",
      "type" : "esriFieldTypeString",
      "alias" : "PMNTN_MAIN",
      "length" : 200
    },
    {
      "name" : "PMNTN_LT",
      "type" : "esriFieldTypeSingle",
      "alias" : "PMNTN_LT"
    },
    {
      "name" : "PMNTN_DFFL",
      "type" : "esriFieldTypeString",
      "alias" : "PMNTN_DFFL",
      "length" : 8
    },
    {
      "name" : "PMNTN_UPPL",
      "type" : "esriFieldTypeDouble",
      "alias" : "PMNTN_UPPL"
    },
    {
      "name" : "PMNTN_GODN",
      "type" : "esriFieldTypeDouble",
      "alias" : "PMNTN_GODN"
    },
    {
      "name" : "PMNTN_MTRQ",
      "type" : "esriFieldTypeString",
      "alias" : "PMNTN_MTRQ",
      "length" : 200
    },
    {
      "name" : "PMNTN_CNRL",
      "type" : "esriFieldTypeString",
      "alias" : "PMNTN_CNRL",
      "length" : 1
    },
    {
      "name" : "PMNTN_CLS_",
      "type" : "esriFieldTypeString",
      "alias" : "PMNTN_CLS_",
      "length" : 1
    },
    {
      "name" : "PMNTN_RISK",
      "type" : "esriFieldTypeString",
      "alias" : "PMNTN_RISK",
      "length" : 200
    },
    {
      "name" : "PMNTN_RECO",
      "type" : "esriFieldTypeString",
      "alias" : "PMNTN_RECO",
      "length" : 1
    },
    {
      "name" : "DATA_STDR_",
      "type" : "esriFieldTypeString",
      "alias" : "DATA_STDR_",
      "length" : 10
    },
    {
      "name" : "MNTN_ID",
      "type" : "esriFieldTypeString",
      "alias" : "MNTN_ID",
      "length" : 10
    }
  ],
  "features" : [
    {
      "attributes" : {
        "FID" : 0,
        "PMNTN_SN" : 10200,
        "MNTN_CODE" : "491100503",
        "MNTN_NM" : "노루손이오름",
        "PMNTN_NM" : "연동구간",
        "PMNTN_MAIN" : " ",
        "PMNTN_LT" : 0.91,
        "PMNTN_DFFL" : "쉬움",
        "PMNTN_UPPL" : 16,
        "PMNTN_GODN" : 11,
        "PMNTN_MTRQ" : "토사/시멘트",
        "PMNTN_CNRL" : " ",
        "PMNTN_CLS_" : " ",
        "PMNTN_RISK" : " ",
        "PMNTN_RECO" : " ",
        "DATA_STDR_" : "2016-12-31",
        "MNTN_ID" : "491100503"
      },
      "geometry" : {
        "paths" : [
          [
            [
              153078.99949999992,
              92411.377900000662
            ],
            [
              153073.81780000031,
              92424.813200002536
            ],
            [
              153071.26870000083,
              92428.927600001916
            ],
            [
              153069.66190000065,
              92435.896700002253
            ],
            [
              153067.35290000029,
              92443.633500000462
            ],
            [
              153066.30260000192,
              92450.490499999374
            ],
            [
              153064.19210000336,
              92459.965000003576
            ],
            [
              153061.2693000026,
              92471.474099999294
            ],
            [
              153060.05540000368,
              92480.486199999228
            ],
            [
              153059.00860000122,
              92486.191200001165
            ],
            [
              153057.12060000002,
              92491.049399999902
            ],
            [
              153055.56880000141,
              92495.947700001299
            ],
            [
              153054.0094000008,
              92502.036400003359
            ],
            [
              153050.94280000124,
              92511.07850000076
            ],
            [
              153044.46310000308,
              92518.704399999231
            ],
            [
              153038.99170000013,
              92523.61459999904
            ],
            [
              153033.50600000098,
              92532.848500000313
            ],
            [
              153027.71350000333,
              92538.76590000093
            ],
            [
              153022.63300000131,
              92544.186799999326
            ],
            [
              153018.38060000073,
              92551.297000002116
            ],
            [
              153012.16050000302,
              92556.282500000671
            ],
            [
              153005.40710000228,
              92561.845300000161
            ],
            [
              152999.91110000201,
              92567.259300002828
            ],
            [
              152992.93290000036,
              92571.830100001767
            ],
            [
              152987.93470000289,
              92576.409899998456
            ],
            [
              152982.9095999999,
              92582.689600002021
            ],
            [
              152975.65789999999,
              92589.250100001693
            ],
            [
              152970.54860000033,
              92595.00180000253
            ],
            [
              152964.49400000088,
              92601.94820000045
            ],
            [
              152960.22600000259,
              92609.183299999684
            ],
            [
              152955.86010000389,
              92617.134800000116
            ],
            [
              152951.55060000066,
              92625.457800002769
            ],
            [
              152948.65600000042,
              92632.955900002271
            ],
            [
              152945.60900000297,
              92639.580900000408
            ],
            [
              152945.91370000225,
              92644.100299999118
            ],
            [
              152945.89970000181,
              92647.011600000784
            ],
            [
              152945.89970000181,
              92647.011600000784
            ],
            [
              152947.40120000206,
              92650.476800000295
            ],
            [
              152949.02560000028,
              92657.674599997699
            ],
            [
              152948.31740000006,
              92667.110900003463
            ],
            [
              152945.36980000418,
              92674.540699999779
            ],
            [
              152947.48140000273,
              92682.358400000259
            ],
            [
              152948.78540000413,
              92689.20390000008
            ],
            [
              152951.04200000316,
              92697.969200000167
            ],
            [
              152952.36170000117,
              92706.469500003383
            ],
            [
              152951.31120000128,
              92714.86959999986
            ],
            [
              152953.60690000001,
              92723.662699999288
            ],
            [
              152953.79870000388,
              92731.024900000542
            ],
            [
              152953.83420000225,
              92738.332000002265
            ],
            [
              152954.02940000035,
              92746.410099999979
            ],
            [
              152953.98870000057,
              92754.680900000036
            ],
            [
              152950.27590000164,
              92762.966199999675
            ],
            [
              152948.35380000062,
              92769.793400002643
            ],
            [
              152945.87350000069,
              92775.099200000986
            ],
            [
              152942.38600000087,
              92783.472200002521
            ],
            [
              152939.41080000252,
              92790.734999999404
            ],
            [
              152938.51900000032,
              92797.808200001717
            ],
            [
              152940.57110000309,
              92804.6035999991
            ],
            [
              152942.37930000108,
              92812.552999999374
            ],
            [
              152944.651700004,
              92819.774900002405
            ],
            [
              152947.70690000057,
              92827.653200002387
            ],
            [
              152949.58660000097,
              92835.871700003743
            ],
            [
              152954.02850000095,
              92844.806299999356
            ],
            [
              152956.37609999906,
              92853.059800002724
            ],
            [
              152956.92300000135,
              92861.312900001183
            ],
            [
              152958.75760000013,
              92868.285900004208
            ],
            [
              152962.10010000225,
              92875.93950000219
            ],
            [
              152964.61500000022,
              92882.678800003603
            ],
            [
              152967.55830000155,
              92887.456199999899
            ],
            [
              152970.62150000222,
              92891.792400000617
            ],
            [
              152972.3758000005,
              92893.94679999724
            ],
            [
              152975.63169999886,
              92896.531500004232
            ],
            [
              152980.76960000023,
              92901.499000001699
            ],
            [
              152988.59860000107,
              92906.806600004435
            ],
            [
              153001.34030000307,
              92915.669700002298
            ],
            [
              153010.47060000151,
              92920.887500001118
            ],
            [
              153020.02540000156,
              92925.238399999216
            ],
            [
              153030.23370000347,
              92927.689800001681
            ],
            [
              153038.19880000316,
              92927.335000002757
            ],
            [
              153045.19120000303,
              92926.654600000009
            ],
            [
              153052.63260000199,
              92924.363099999726
            ],
            [
              153060.91140000243,
              92921.189799999818
            ],
            [
              153067.89670000132,
              92919.714900001884
            ],
            [
              153077.14599999972,
              92918.597900001332
            ],
            [
              153085.2864000015,
              92917.752499999478
            ],
            [
              153093.0083000008,
              92915.474500002339
            ],
            [
              153101.75109999999,
              92914.725600000471
            ],
            [
              153109.72730000131,
              92915.049500001594
            ],
            [
              153117.87150000222,
              92916.24650000222
            ],
            [
              153125.82529999968,
              92916.7658000011
            ],
            [
              153133.87640000042,
              92918.056199999526
            ],
            [
              153142.01800000202,
              92918.741900000721
            ],
            [
              153149.84770000074,
              92919.391899999231
            ],
            [
              153157.87799999956,
              92919.604100000113
            ],
            [
              153166.00620000064,
              92919.127699999139
            ],
            [
              153173.88320000377,
              92918.280800001696
            ],
            [
              153179.37110000104,
              92914.937000002712
            ],
            [
              153185.7882000003,
              92910.396900003776
            ],
            [
              153191.08690000046,
              92906.890100002289
            ],
            [
              153196.90220000129,
              92898.838700002059
            ],
            [
              153203.3245000029,
              92892.144200008363
            ],
            [
              153207.26520000026,
              92882.420300001279
            ],
            [
              153211.44390000124,
              92874.441999999806
            ],
            [
              153214.12840000167,
              92866.982200002298
            ],
            [
              153218.42770000268,
              92859.765600001439
            ],
            [
              153223.71480000019,
              92853.971300002187
            ],
            [
              153228.40020000003,
              92847.58960000053
            ],
            [
              153233.57290000003,
              92842.042099999264
            ],
            [
              153239.49150000047,
              92835.98919999972
            ],
            [
              153244.90650000051,
              92830.561499999836
            ],
            [
              153249.7480000006,
              92825.83380000107
            ],
            [
              153253.30640000291,
              92820.164100000635
            ],
            [
              153256.40140000079,
              92811.85170000419
            ],
            [
              153258.37060000189,
              92804.757899999619
            ],
            [
              153260.99100000132,
              92796.92650000006
            ],
            [
              153262.90589999966,
              92790.862500000745
            ]
          ]
        ]
      }
    },
    {
      "attributes" : {
        "FID" : 1,
        "PMNTN_SN" : 10201,
        "MNTN_CODE" : "491100503",
        "MNTN_NM" : "노루손이오름",
        "PMNTN_NM" : "연동구간",
        "PMNTN_MAIN" : " ",
        "PMNTN_LT" : 0.66,
        "PMNTN_DFFL" : "쉬움",
        "PMNTN_UPPL" : 12,
        "PMNTN_GODN" : 8,
        "PMNTN_MTRQ" : "토사/시멘트",
        "PMNTN_CNRL" : " ",
        "PMNTN_CLS_" : " ",
        "PMNTN_RISK" : " ",
        "PMNTN_RECO" : " ",
        "DATA_STDR_" : "2016-12-31",
        "MNTN_ID" : "491100503"
      },
      "geometry" : {
        "paths" : [
          [
            [
              153262.90589999966,
              92790.862500000745
            ],
            [
              153263.44020000193,
              92789.170399999246
            ],
            [
              153266.29540000111,
              92781.523900000378
            ],
            [
              153268.56820000149,
              92774.326300002635
            ],
            [
              153270.57180000283,
              92766.321399999782
            ],
            [
              153272.18439999968,
              92758.020700000226
            ],
            [
              153273.51040000003,
              92750.111900001764
            ],
            [
              153274.9888000004,
              92743.08570000343
            ],
            [
              153276.87010000087,
              92735.54609999992
            ],
            [
              153279.63920000102,
              92727.834800003096
            ],
            [
              153283.13530000299,
              92720.538499999791
            ],
            [
              153286.0185000021,
              92713.830800000578
            ],
            [
              153289.72430000082,
              92704.767000000924
            ],
            [
              153289.65540000051,
              92698.55700000003
            ],
            [
              153289.45880000014,
              92691.762000001967
            ],
            [
              153289.58739999961,
              92682.882700001821
            ],
            [
              153291.3861000007,
              92674.358100002632
            ],
            [
              153292.5149000017,
              92665.976200001314
            ],
            [
              153292.8303000005,
              92657.040300002322
            ],
            [
              153292.7096000025,
              92648.181000003591
            ],
            [
              153291.71549999993,
              92640.887700000778
            ],
            [
              153291.1500000013,
              92633.536599999294
            ],
            [
              153290.39350000024,
              92627.032500002533
            ],
            [
              153289.43640000001,
              92619.311300000176
            ],
            [
              153287.41250000335,
              92611.846300002187
            ],
            [
              153283.94969999976,
              92604.302000002936
            ],
            [
              153277.97200000007,
              92597.336400000378
            ],
            [
              153274.34490000177,
              92590.418400004506
            ],
            [
              153270.90800000075,
              92582.551300002262
            ],
            [
              153266.20100000035,
              92576.438100002706
            ],
            [
              153262.13200000022,
              92570.033600000665
            ],
            [
              153257.62910000328,
              92562.571300001815
            ],
            [
              153252.69099999871,
              92556.863200001419
            ],
            [
              153249.18620000035,
              92553.408800002187
            ],
            [
              153244.71259999927,
              92550.427500002086
            ],
            [
              153241.2313000001,
              92547.878399999812
            ],
            [
              153236.13000000175,
              92545.671900000423
            ],
            [
              153231.86390000209,
              92543.665699999779
            ],
            [
              153226.42019999959,
              92541.563100004569
            ],
            [
              153220.5566000035,
              92539.685599999502
            ],
            [
              153215.96760000009,
              92538.922199999914
            ],
            [
              153210.89620000031,
              92538.054200002924
            ],
            [
              153207.50590000115,
              92538.219299999997
            ],
            [
              153203.61110000405,
              92538.842400003225
            ],
            [
              153199.87250000332,
              92539.511399999261
            ],
            [
              153195.2927000029,
              92541.987900003791
            ],
            [
              153189.80929999985,
              92544.571000002325
            ],
            [
              153184.00980000012,
              92547.880900004879
            ],
            [
              153186.78740000073,
              92549.507400004193
            ],
            [
              153189.85089999996,
              92553.159199999645
            ],
            [
              153195.73550000042,
              92559.096600001678
            ],
            [
              153200.06870000064,
              92560.460899999365
            ],
            [
              153205.86250000075,
              92562.394600000232
            ],
            [
              153211.2219000021,
              92564.804500000551
            ],
            [
              153216.10910000186,
              92566.277499999851
            ],
            [
              153217.22790000122,
              92567.331800002605
            ],
            [
              153220.27740000002,
              92568.306399999186
            ],
            [
              153222.2499000011,
              92567.437899999321
            ],
            [
              153222.32569999993,
              92567.000600004569
            ],
            [
              153226.84440000076,
              92565.501000000164
            ],
            [
              153230.43400000036,
              92565.339500002563
            ],
            [
              153233.3729000017,
              92565.436699999496
            ],
            [
              153235.84730000142,
              92568.288600003347
            ],
            [
              153236.74910000339,
              92572.553099999204
            ],
            [
              153236.58650000114,
              92577.302300000563
            ],
            [
              153237.93480000272,
              92582.45380000025
            ],
            [
              153237.5764000006,
              92585.799800001085
            ],
            [
              153241.35140000191,
              92590.547000000253
            ],
            [
              153246.4179000007,
              92593.01370000653
            ],
            [
              153247.82750000339,
              92597.553000001237
            ],
            [
              153253.21080000047,
              92612.979300001636
            ],
            [
              153255.58770000003,
              92618.932600002736
            ],
            [
              153256.54620000161,
              92622.617799999192
            ],
            [
              153257.3152000038,
              92625.595399999991
            ],
            [
              153259.83920000307,
              92630.163700001314
            ],
            [
              153259.15340000112,
              92633.545300001279
            ],
            [
              153258.21660000365,
              92637.377200003713
            ],
            [
              153256.0130000012,
              92644.696200003847
            ],
            [
              153255.46219999902,
              92648.805800002068
            ],
            [
              153254.01270000078,
              92653.808200001717
            ],
            [
              153251.02589999977,
              92656.080199999735
            ],
            [
              153247.95150000043,
              92658.707500001416
            ],
            [
              153244.44239999913,
              92660.072499999776
            ],
            [
              153241.80300000031,
              92662.39090000093
            ],
            [
              153240.52599999961,
              92665.920499999076
            ],
            [
              153238.09250000119,
              92667.243200000376
            ],
            [
              153235.03130000364,
              92669.377600003034
            ],
            [
              153233.93610000052,
              92673.427200002596
            ],
            [
              153232.75250000041,
              92678.527600001544
            ],
            [
              153232.58040000405,
              92683.232600003481
            ],
            [
              153231.9506000001,
              92686.79639999941
            ],
            [
              153238.57660000306,
              92688.382000001147
            ],
            [
              153240.27350000199,
              92692.687500001863
            ],
            [
              153241.17250000034,
              92698.047600001097
            ],
            [
              153239.9478000002,
              92705.955800002441
            ],
            [
              153238.14440000057,
              92710.241100000218
            ],
            [
              153234.1799000008,
              92714.164999999106
            ],
            [
              153232.65000000037,
              92720.215400002897
            ],
            [
              153233.83960000053,
              92722.784900000319
            ],
            [
              153233.3925999999,
              92723.846799999475
            ],
            [
              153233.78809999954,
              92725.05360000208
            ],
            [
              153236.17710000277,
              92729.002500003204
            ],
            [
              153236.56730000116,
              92733.918700002134
            ],
            [
              153237.53120000381,
              92734.955300001428
            ],
            [
              153238.27780000214,
              92737.815099999309
            ],
            [
              153238.61280000303,
              92739.393900001422
            ],
            [
              153240.65700000152,
              92739.765200002119
            ],
            [
              153240.76880000252,
              92740.607400003821
            ],
            [
              153239.90710000228,
              92741.070399999619
            ],
            [
              153239.92410000041,
              92741.349200000986
            ],
            [
              153239.35760000069,
              92741.891300003976
            ],
            [
              153237.35680000391,
              92742.430800000206
            ],
            [
              153234.9142000014,
              92745.120100002736
            ],
            [
              153234.08279999997,
              92747.290300002322
            ],
            [
              153229.3487000009,
              92750.065000001341
            ],
            [
              153228.53880000114,
              92755.052100002766
            ],
            [
              153232.34769999981,
              92757.636900002137
            ],
            [
              153235.46399999969,
              92760.486400004476
            ],
            [
              153236.37099999934,
              92761.029300000519
            ],
            [
              153236.81420000084,
              92764.020800001919
            ],
            [
              153238.91000000294,
              92768.919099999592
            ],
            [
              153240.25180000067,
              92772.055300001055
            ],
            [
              153241.32529999968,
              92773.273499999195
            ],
            [
              153242.47720000148,
              92774.580699998885
            ],
            [
              153243.25390000269,
              92775.462100001052
            ],
            [
              153245.38860000111,
              92776.992799999192
            ],
            [
              153246.69660000037,
              92778.076400000602
            ],
            [
              153247.67889999971,
              92778.634999999776
            ],
            [
              153251.51180000138,
              92780.814400000498
            ],
            [
              153262.90589999966,
              92790.862500000745
            ]
          ]
        ]
      }
    }
  ]
}