{
  "displayFieldName" : "",
  "fieldAliases" : {
    "FID" : "FID",
    "SAFE_SPOT1" : "SAFE_SPOT1",
    "SAFE_SPOT2" : "SAFE_SPOT2",
    "SAFE_SPOT3" : "SAFE_SPOT3",
    "MGC" : "MGC",
    "ETC_MATTER" : "ETC_MATTER",
    "MNTN_NM" : "MNTN_NM"
  },
  "geometryType" : "esriGeometryPoint",
  "spatialReference" : {
    "wkt" : "PROJCS[\"PCS_ITRF2000_TM\",GEOGCS[\"GCS_ITRF_2000\",DATUM[\"D_ITRF_2000\",SPHEROID[\"GRS_1980\",6378137.0,298.257222101]],PRIMEM[\"Greenwich\",0.0],UNIT[\"Degree\",0.0174532925199433]],PROJECTION[\"Transverse_Mercator\"],PARAMETER[\"False_Easting\",200000.0],PARAMETER[\"False_Northing\",600000.0],PARAMETER[\"Central_Meridian\",127.0],PARAMETER[\"Scale_Factor\",1.0],PARAMETER[\"Latitude_Of_Origin\",38.0],UNIT[\"Meter\",1.0]]"
  },
  "fields" : [
    {
      "name" : "FID",
      "type" : "esriFieldTypeOID",
      "alias" : "FID"
    },
    {
      "name" : "SAFE_SPOT1",
      "type" : "esriFieldTypeDouble",
      "alias" : "SAFE_SPOT1"
    },
    {
      "name" : "SAFE_SPOT2",
      "type" : "esriFieldTypeString",
      "alias" : "SAFE_SPOT2",
      "length" : 50
    },
    {
      "name" : "SAFE_SPOT3",
      "type" : "esriFieldTypeString",
      "alias" : "SAFE_SPOT3",
      "length" : 50
    },
    {
      "name" : "MGC",
      "type" : "esriFieldTypeString",
      "alias" : "MGC",
      "length" : 50
    },
    {
      "name" : "ETC_MATTER",
      "type" : "esriFieldTypeString",
      "alias" : "ETC_MATTER",
      "length" : 200
    },
    {
      "name" : "MNTN_NM",
      "type" : "esriFieldTypeString",
      "alias" : "MNTN_NM",
      "length" : 50
    }
  ],
  "features" : [
    {
      "attributes" : {
        "FID" : 0,
        "SAFE_SPOT1" : 3177,
        "SAFE_SPOT2" : "산악위치표지판",
        "SAFE_SPOT3" : "01-01",
        "MGC" : "담양소방서",
        "ETC_MATTER" : " ",
        "MNTN_NM" : "추월산"
      },
      "geometry" : {
        "x" : 199823.3561000023,
        "y" : 311102.75520000421
      }
    },
    {
      "attributes" : {
        "FID" : 1,
        "SAFE_SPOT1" : 3178,
        "SAFE_SPOT2" : "산악위치표지판",
        "SAFE_SPOT3" : "01-02",
        "MGC" : "담양소방서",
        "ETC_MATTER" : " ",
        "MNTN_NM" : "추월산"
      },
      "geometry" : {
        "x" : 199545.76659999974,
        "y" : 310979.48949999921
      }
    },
    {
      "attributes" : {
        "FID" : 2,
        "SAFE_SPOT1" : 3179,
        "SAFE_SPOT2" : "산악위치표지판",
        "SAFE_SPOT3" : "01-03",
        "MGC" : "담양소방서",
        "ETC_MATTER" : " ",
        "MNTN_NM" : "추월산"
      },
      "geometry" : {
        "x" : 199217.70100000035,
        "y" : 310887.05560000427
      }
    },
    {
      "attributes" : {
        "FID" : 3,
        "SAFE_SPOT1" : 3180,
        "SAFE_SPOT2" : "산악위치표지판",
        "SAFE_SPOT3" : "01-04",
        "MGC" : "담양소방서",
        "ETC_MATTER" : " ",
        "MNTN_NM" : "추월산"
      },
      "geometry" : {
        "x" : 199066.26269999985,
        "y" : 310640.51930000447
      }
    },
    {
      "attributes" : {
        "FID" : 4,
        "SAFE_SPOT1" : 3181,
        "SAFE_SPOT2" : "산악위치표지판",
        "SAFE_SPOT3" : "02-01",
        "MGC" : "담양소방서",
        "ETC_MATTER" : " ",
        "MNTN_NM" : "추월산"
      },
      "geometry" : {
        "x" : 199015.78030000068,
        "y" : 310548.06830000132
      }
    },
    {
      "attributes" : {
        "FID" : 5,
        "SAFE_SPOT1" : 3182,
        "SAFE_SPOT2" : "산악위치표지판",
        "SAFE_SPOT3" : "02-02",
        "MGC" : "담양소방서",
        "ETC_MATTER" : " ",
        "MNTN_NM" : "추월산"
      },
      "geometry" : {
        "x" : 199596.22590000089,
        "y" : 310732.93640000001
      }
    },
    {
      "attributes" : {
        "FID" : 6,
        "SAFE_SPOT1" : 3183,
        "SAFE_SPOT2" : "산악위치표지판",
        "SAFE_SPOT3" : "02-04",
        "MGC" : "담양소방서",
        "ETC_MATTER" : " ",
        "MNTN_NM" : "추월산"
      },
      "geometry" : {
        "x" : 199091.46460000053,
        "y" : 310301.50970000215
      }
    },
    {
      "attributes" : {
        "FID" : 7,
        "SAFE_SPOT1" : 3184,
        "SAFE_SPOT2" : "산악위치표지판",
        "SAFE_SPOT3" : "02-05",
        "MGC" : "담양소방서",
        "ETC_MATTER" : " ",
        "MNTN_NM" : "추월산"
      },
      "geometry" : {
        "x" : 199015.78030000068,
        "y" : 310548.06830000132
      }
    },
    {
      "attributes" : {
        "FID" : 8,
        "SAFE_SPOT1" : 3319,
        "SAFE_SPOT2" : "태양광표지판",
        "SAFE_SPOT3" : " ",
        "MGC" : "담양소방서",
        "ETC_MATTER" : " ",
        "MNTN_NM" : "추월산"
      },
      "geometry" : {
        "x" : 197890.71250000224,
        "y" : 311499.9478999991
      }
    },
    {
      "attributes" : {
        "FID" : 9,
        "SAFE_SPOT1" : 3320,
        "SAFE_SPOT2" : "태양광표지판",
        "SAFE_SPOT3" : " ",
        "MGC" : "담양소방서",
        "ETC_MATTER" : " ",
        "MNTN_NM" : "추월산"
      },
      "geometry" : {
        "x" : 198812.1847000001,
        "y" : 311018.38829999976
      }
    }
  ]
}