{
  "displayFieldName" : "",
  "fieldAliases" : {
    "FID" : "FID",
    "PMNTN_SPOT" : "PMNTN_SPOT",
    "MNTN_CODE" : "MNTN_CODE",
    "MANAGE_SP1" : "MANAGE_SP1",
    "MANAGE_SP2" : "MANAGE_SP2",
    "DETAIL_SPO" : "DETAIL_SPO",
    "ETC_MATTER" : "ETC_MATTER",
    "MNTN_NM" : "MNTN_NM",
    "PAST_SPOT_" : "PAST_SPOT_",
    "MNTN_ID" : "MNTN_ID"
  },
  "geometryType" : "esriGeometryPoint",
  "spatialReference" : {
    "wkt" : "PROJCS[\"PCS_ITRF2000_TM\",GEOGCS[\"GCS_ITRF_2000\",DATUM[\"D_ITRF_2000\",SPHEROID[\"GRS_1980\",6378137.0,298.257222101]],PRIMEM[\"Greenwich\",0.0],UNIT[\"Degree\",0.0174532925199433]],PROJECTION[\"Transverse_Mercator\"],PARAMETER[\"False_Easting\",200000.0],PARAMETER[\"False_Northing\",600000.0],PARAMETER[\"Central_Meridian\",127.0],PARAMETER[\"Scale_Factor\",1.0],PARAMETER[\"Latitude_Of_Origin\",38.0],UNIT[\"Meter\",1.0]]"
  },
  "fields" : [
    {
      "name" : "FID",
      "type" : "esriFieldTypeOID",
      "alias" : "FID"
    },
    {
      "name" : "PMNTN_SPOT",
      "type" : "esriFieldTypeDouble",
      "alias" : "PMNTN_SPOT"
    },
    {
      "name" : "MNTN_CODE",
      "type" : "esriFieldTypeString",
      "alias" : "MNTN_CODE",
      "length" : 9
    },
    {
      "name" : "MANAGE_SP1",
      "type" : "esriFieldTypeString",
      "alias" : "MANAGE_SP1",
      "length" : 2
    },
    {
      "name" : "MANAGE_SP2",
      "type" : "esriFieldTypeString",
      "alias" : "MANAGE_SP2",
      "length" : 50
    },
    {
      "name" : "DETAIL_SPO",
      "type" : "esriFieldTypeString",
      "alias" : "DETAIL_SPO",
      "length" : 200
    },
    {
      "name" : "ETC_MATTER",
      "type" : "esriFieldTypeString",
      "alias" : "ETC_MATTER",
      "length" : 200
    },
    {
      "name" : "MNTN_NM",
      "type" : "esriFieldTypeString",
      "alias" : "MNTN_NM",
      "length" : 50
    },
    {
      "name" : "PAST_SPOT_",
      "type" : "esriFieldTypeString",
      "alias" : "PAST_SPOT_",
      "length" : 14
    },
    {
      "name" : "MNTN_ID",
      "type" : "esriFieldTypeString",
      "alias" : "MNTN_ID",
      "length" : 10
    }
  ],
  "features" : [
    {
      "attributes" : {
        "FID" : 0,
        "PMNTN_SPOT" : 27024,
        "MNTN_CODE" : "451302001",
        "MANAGE_SP1" : "01",
        "MANAGE_SP2" : "시종점",
        "DETAIL_SPO" : "시종점",
        "ETC_MATTER" : " ",
        "MNTN_NM" : "망경산",
        "PAST_SPOT_" : "4513020010001",
        "MNTN_ID" : "451302001"
      },
      "geometry" : {
        "x" : 181983.24370000139,
        "y" : 376152.30160000362
      }
    },
    {
      "attributes" : {
        "FID" : 1,
        "PMNTN_SPOT" : 27025,
        "MNTN_CODE" : "451302001",
        "MANAGE_SP1" : "01",
        "MANAGE_SP2" : "시종점",
        "DETAIL_SPO" : "시종점",
        "ETC_MATTER" : " ",
        "MNTN_NM" : "망경산",
        "PAST_SPOT_" : "4513020010002",
        "MNTN_ID" : "451302001"
      },
      "geometry" : {
        "x" : 182029.52680000011,
        "y" : 377170.69280000217
      }
    },
    {
      "attributes" : {
        "FID" : 2,
        "PMNTN_SPOT" : 27026,
        "MNTN_CODE" : "451302001",
        "MANAGE_SP1" : "01",
        "MANAGE_SP2" : "시종점",
        "DETAIL_SPO" : "시종점",
        "ETC_MATTER" : " ",
        "MNTN_NM" : "망경산",
        "PAST_SPOT_" : "4513020010003",
        "MNTN_ID" : "451302001"
      },
      "geometry" : {
        "x" : 182109.21349999961,
        "y" : 377247.87570000067
      }
    },
    {
      "attributes" : {
        "FID" : 3,
        "PMNTN_SPOT" : 27027,
        "MNTN_CODE" : "451302001",
        "MANAGE_SP1" : "01",
        "MANAGE_SP2" : "시종점",
        "DETAIL_SPO" : "시종점",
        "ETC_MATTER" : " ",
        "MNTN_NM" : "망경산",
        "PAST_SPOT_" : "4513020010004",
        "MNTN_ID" : "451302001"
      },
      "geometry" : {
        "x" : 182152.81639999989,
        "y" : 378551.83530000225
      }
    },
    {
      "attributes" : {
        "FID" : 4,
        "PMNTN_SPOT" : 27028,
        "MNTN_CODE" : "451302001",
        "MANAGE_SP1" : "01",
        "MANAGE_SP2" : "시종점",
        "DETAIL_SPO" : "시종점",
        "ETC_MATTER" : " ",
        "MNTN_NM" : "망경산",
        "PAST_SPOT_" : "4513020010005",
        "MNTN_ID" : "451302001"
      },
      "geometry" : {
        "x" : 182250.69370000064,
        "y" : 376980.88630000129
      }
    },
    {
      "attributes" : {
        "FID" : 5,
        "PMNTN_SPOT" : 27029,
        "MNTN_CODE" : "451302001",
        "MANAGE_SP1" : "02",
        "MANAGE_SP2" : "분기점",
        "DETAIL_SPO" : "분기점",
        "ETC_MATTER" : " ",
        "MNTN_NM" : "망경산",
        "PAST_SPOT_" : "4513020010006",
        "MNTN_ID" : "451302001"
      },
      "geometry" : {
        "x" : 182468.78100000229,
        "y" : 377284.57679999992
      }
    },
    {
      "attributes" : {
        "FID" : 6,
        "PMNTN_SPOT" : 27030,
        "MNTN_CODE" : "451302001",
        "MANAGE_SP1" : "02",
        "MANAGE_SP2" : "분기점",
        "DETAIL_SPO" : "분기점",
        "ETC_MATTER" : " ",
        "MNTN_NM" : "망경산",
        "PAST_SPOT_" : "4513020010007",
        "MNTN_ID" : "451302001"
      },
      "geometry" : {
        "x" : 182494.83900000062,
        "y" : 377263.85989999957
      }
    },
    {
      "attributes" : {
        "FID" : 7,
        "PMNTN_SPOT" : 27031,
        "MNTN_CODE" : "451302001",
        "MANAGE_SP1" : "02",
        "MANAGE_SP2" : "분기점",
        "DETAIL_SPO" : "분기점",
        "ETC_MATTER" : " ",
        "MNTN_NM" : "망경산",
        "PAST_SPOT_" : "4513020010008",
        "MNTN_ID" : "451302001"
      },
      "geometry" : {
        "x" : 182684.98680000193,
        "y" : 376930.6481999997
      }
    },
    {
      "attributes" : {
        "FID" : 8,
        "PMNTN_SPOT" : 27032,
        "MNTN_CODE" : "451302001",
        "MANAGE_SP1" : "02",
        "MANAGE_SP2" : "분기점",
        "DETAIL_SPO" : "분기점",
        "ETC_MATTER" : " ",
        "MNTN_NM" : "망경산",
        "PAST_SPOT_" : "4513020010009",
        "MNTN_ID" : "451302001"
      },
      "geometry" : {
        "x" : 182687.55370000098,
        "y" : 376476.45639999956
      }
    },
    {
      "attributes" : {
        "FID" : 9,
        "PMNTN_SPOT" : 27033,
        "MNTN_CODE" : "451302001",
        "MANAGE_SP1" : "02",
        "MANAGE_SP2" : "분기점",
        "DETAIL_SPO" : "분기점",
        "ETC_MATTER" : " ",
        "MNTN_NM" : "망경산",
        "PAST_SPOT_" : "4513020010010",
        "MNTN_ID" : "451302001"
      },
      "geometry" : {
        "x" : 182701.95640000049,
        "y" : 376600.62570000067
      }
    },
    {
      "attributes" : {
        "FID" : 10,
        "PMNTN_SPOT" : 27034,
        "MNTN_CODE" : "451302001",
        "MANAGE_SP1" : "02",
        "MANAGE_SP2" : "분기점",
        "DETAIL_SPO" : "분기점",
        "ETC_MATTER" : " ",
        "MNTN_NM" : "망경산",
        "PAST_SPOT_" : "4513020010011",
        "MNTN_ID" : "451302001"
      },
      "geometry" : {
        "x" : 182710.73740000091,
        "y" : 377122.86130000278
      }
    },
    {
      "attributes" : {
        "FID" : 11,
        "PMNTN_SPOT" : 27035,
        "MNTN_CODE" : "451302001",
        "MANAGE_SP1" : "01",
        "MANAGE_SP2" : "시종점",
        "DETAIL_SPO" : "시종점",
        "ETC_MATTER" : " ",
        "MNTN_NM" : "망경산",
        "PAST_SPOT_" : "4513020010012",
        "MNTN_ID" : "451302001"
      },
      "geometry" : {
        "x" : 182839.63019999955,
        "y" : 376288.13920000382
      }
    },
    {
      "attributes" : {
        "FID" : 12,
        "PMNTN_SPOT" : 27036,
        "MNTN_CODE" : "451302001",
        "MANAGE_SP1" : "02",
        "MANAGE_SP2" : "분기점",
        "DETAIL_SPO" : "분기점",
        "ETC_MATTER" : " ",
        "MNTN_NM" : "망경산",
        "PAST_SPOT_" : "4513020010013",
        "MNTN_ID" : "451302001"
      },
      "geometry" : {
        "x" : 182898.51280000061,
        "y" : 376634.23220000044
      }
    },
    {
      "attributes" : {
        "FID" : 13,
        "PMNTN_SPOT" : 27037,
        "MNTN_CODE" : "451302001",
        "MANAGE_SP1" : "02",
        "MANAGE_SP2" : "분기점",
        "DETAIL_SPO" : "분기점",
        "ETC_MATTER" : " ",
        "MNTN_NM" : "망경산",
        "PAST_SPOT_" : "4513020010014",
        "MNTN_ID" : "451302001"
      },
      "geometry" : {
        "x" : 182979.67420000117,
        "y" : 376757.66500000097
      }
    },
    {
      "attributes" : {
        "FID" : 14,
        "PMNTN_SPOT" : 27038,
        "MNTN_CODE" : "451302001",
        "MANAGE_SP1" : "02",
        "MANAGE_SP2" : "분기점",
        "DETAIL_SPO" : "분기점",
        "ETC_MATTER" : " ",
        "MNTN_NM" : "망경산",
        "PAST_SPOT_" : "4513020010015",
        "MNTN_ID" : "451302001"
      },
      "geometry" : {
        "x" : 183016.81360000186,
        "y" : 376732.32840000279
      }
    },
    {
      "attributes" : {
        "FID" : 15,
        "PMNTN_SPOT" : 27039,
        "MNTN_CODE" : "451302001",
        "MANAGE_SP1" : "01",
        "MANAGE_SP2" : "시종점",
        "DETAIL_SPO" : "시종점",
        "ETC_MATTER" : " ",
        "MNTN_NM" : "망경산",
        "PAST_SPOT_" : "4513020010016",
        "MNTN_ID" : "451302001"
      },
      "geometry" : {
        "x" : 183048.0354999993,
        "y" : 376437.20249999873
      }
    },
    {
      "attributes" : {
        "FID" : 16,
        "PMNTN_SPOT" : 27040,
        "MNTN_CODE" : "451302001",
        "MANAGE_SP1" : "02",
        "MANAGE_SP2" : "분기점",
        "DETAIL_SPO" : "분기점",
        "ETC_MATTER" : " ",
        "MNTN_NM" : "망경산",
        "PAST_SPOT_" : "4513020010017",
        "MNTN_ID" : "451302001"
      },
      "geometry" : {
        "x" : 183054.07079999987,
        "y" : 376575.62020000257
      }
    },
    {
      "attributes" : {
        "FID" : 17,
        "PMNTN_SPOT" : 27041,
        "MNTN_CODE" : "451302001",
        "MANAGE_SP1" : "01",
        "MANAGE_SP2" : "시종점",
        "DETAIL_SPO" : "시종점",
        "ETC_MATTER" : " ",
        "MNTN_NM" : "망경산",
        "PAST_SPOT_" : "4513020010018",
        "MNTN_ID" : "451302001"
      },
      "geometry" : {
        "x" : 183060.96990000084,
        "y" : 377087.13990000263
      }
    },
    {
      "attributes" : {
        "FID" : 18,
        "PMNTN_SPOT" : 27042,
        "MNTN_CODE" : "451302001",
        "MANAGE_SP1" : "02",
        "MANAGE_SP2" : "분기점",
        "DETAIL_SPO" : "분기점",
        "ETC_MATTER" : " ",
        "MNTN_NM" : "망경산",
        "PAST_SPOT_" : "4513020010019",
        "MNTN_ID" : "451302001"
      },
      "geometry" : {
        "x" : 183236.75680000149,
        "y" : 376569.86580000259
      }
    },
    {
      "attributes" : {
        "FID" : 19,
        "PMNTN_SPOT" : 27043,
        "MNTN_CODE" : "451302001",
        "MANAGE_SP1" : "01",
        "MANAGE_SP2" : "시종점",
        "DETAIL_SPO" : "시종점",
        "ETC_MATTER" : " ",
        "MNTN_NM" : "망경산",
        "PAST_SPOT_" : "4513020010020",
        "MNTN_ID" : "451302001"
      },
      "geometry" : {
        "x" : 183311.72170000058,
        "y" : 376393.35360000283
      }
    },
    {
      "attributes" : {
        "FID" : 20,
        "PMNTN_SPOT" : 27044,
        "MNTN_CODE" : "451302001",
        "MANAGE_SP1" : "01",
        "MANAGE_SP2" : "시종점",
        "DETAIL_SPO" : "시종점",
        "ETC_MATTER" : " ",
        "MNTN_NM" : "망경산",
        "PAST_SPOT_" : "4513020010021",
        "MNTN_ID" : "451302001"
      },
      "geometry" : {
        "x" : 183695.49480000045,
        "y" : 376587.78230000101
      }
    }
  ]
}