{
  "displayFieldName" : "",
  "fieldAliases" : {
    "FID" : "FID",
    "PMNTN_SPOT" : "PMNTN_SPOT",
    "MNTN_CODE" : "MNTN_CODE",
    "MANAGE_SP1" : "MANAGE_SP1",
    "MANAGE_SP2" : "MANAGE_SP2",
    "DETAIL_SPO" : "DETAIL_SPO",
    "ETC_MATTER" : "ETC_MATTER",
    "MNTN_NM" : "MNTN_NM",
    "PAST_SPOT_" : "PAST_SPOT_",
    "MNTN_ID" : "MNTN_ID"
  },
  "geometryType" : "esriGeometryPoint",
  "spatialReference" : {
    "wkt" : "PROJCS[\"PCS_ITRF2000_TM\",GEOGCS[\"GCS_ITRF_2000\",DATUM[\"D_ITRF_2000\",SPHEROID[\"GRS_1980\",6378137.0,298.257222101]],PRIMEM[\"Greenwich\",0.0],UNIT[\"Degree\",0.0174532925199433]],PROJECTION[\"Transverse_Mercator\"],PARAMETER[\"False_Easting\",200000.0],PARAMETER[\"False_Northing\",600000.0],PARAMETER[\"Central_Meridian\",127.0],PARAMETER[\"Scale_Factor\",1.0],PARAMETER[\"Latitude_Of_Origin\",38.0],UNIT[\"Meter\",1.0]]"
  },
  "fields" : [
    {
      "name" : "FID",
      "type" : "esriFieldTypeOID",
      "alias" : "FID"
    },
    {
      "name" : "PMNTN_SPOT",
      "type" : "esriFieldTypeDouble",
      "alias" : "PMNTN_SPOT"
    },
    {
      "name" : "MNTN_CODE",
      "type" : "esriFieldTypeString",
      "alias" : "MNTN_CODE",
      "length" : 9
    },
    {
      "name" : "MANAGE_SP1",
      "type" : "esriFieldTypeString",
      "alias" : "MANAGE_SP1",
      "length" : 2
    },
    {
      "name" : "MANAGE_SP2",
      "type" : "esriFieldTypeString",
      "alias" : "MANAGE_SP2",
      "length" : 50
    },
    {
      "name" : "DETAIL_SPO",
      "type" : "esriFieldTypeString",
      "alias" : "DETAIL_SPO",
      "length" : 200
    },
    {
      "name" : "ETC_MATTER",
      "type" : "esriFieldTypeString",
      "alias" : "ETC_MATTER",
      "length" : 200
    },
    {
      "name" : "MNTN_NM",
      "type" : "esriFieldTypeString",
      "alias" : "MNTN_NM",
      "length" : 50
    },
    {
      "name" : "PAST_SPOT_",
      "type" : "esriFieldTypeString",
      "alias" : "PAST_SPOT_",
      "length" : 14
    },
    {
      "name" : "MNTN_ID",
      "type" : "esriFieldTypeString",
      "alias" : "MNTN_ID",
      "length" : 10
    }
  ],
  "features" : [
    {
      "attributes" : {
        "FID" : 0,
        "PMNTN_SPOT" : 68375,
        "MNTN_CODE" : "487402301",
        "MANAGE_SP1" : "01",
        "MANAGE_SP2" : "시종점",
        "DETAIL_SPO" : "시종점",
        "ETC_MATTER" : " ",
        "MNTN_NM" : "왕령산",
        "PAST_SPOT_" : "4874023010001",
        "MNTN_ID" : "487402301"
      },
      "geometry" : {
        "x" : 334619.83950000536,
        "y" : 335563.49840000086
      }
    },
    {
      "attributes" : {
        "FID" : 1,
        "PMNTN_SPOT" : 68376,
        "MNTN_CODE" : "487402301",
        "MANAGE_SP1" : "02",
        "MANAGE_SP2" : "분기점",
        "DETAIL_SPO" : "분기점",
        "ETC_MATTER" : " ",
        "MNTN_NM" : "왕령산",
        "PAST_SPOT_" : "4874023010002",
        "MNTN_ID" : "487402301"
      },
      "geometry" : {
        "x" : 334954.67050000746,
        "y" : 335663.57249999978
      }
    },
    {
      "attributes" : {
        "FID" : 2,
        "PMNTN_SPOT" : 68377,
        "MNTN_CODE" : "487402301",
        "MANAGE_SP1" : "02",
        "MANAGE_SP2" : "분기점",
        "DETAIL_SPO" : "분기점",
        "ETC_MATTER" : " ",
        "MNTN_NM" : "왕령산",
        "PAST_SPOT_" : "4874023010003",
        "MNTN_ID" : "487402301"
      },
      "geometry" : {
        "x" : 335088.87490000483,
        "y" : 335648.37930000201
      }
    },
    {
      "attributes" : {
        "FID" : 3,
        "PMNTN_SPOT" : 68378,
        "MNTN_CODE" : "487402301",
        "MANAGE_SP1" : "01",
        "MANAGE_SP2" : "시종점",
        "DETAIL_SPO" : "시종점",
        "ETC_MATTER" : " ",
        "MNTN_NM" : "왕령산",
        "PAST_SPOT_" : "4874023010004",
        "MNTN_ID" : "487402301"
      },
      "geometry" : {
        "x" : 335100.16090000421,
        "y" : 336251.43180000782
      }
    },
    {
      "attributes" : {
        "FID" : 4,
        "PMNTN_SPOT" : 68379,
        "MNTN_CODE" : "487402301",
        "MANAGE_SP1" : "02",
        "MANAGE_SP2" : "분기점",
        "DETAIL_SPO" : "분기점",
        "ETC_MATTER" : " ",
        "MNTN_NM" : "왕령산",
        "PAST_SPOT_" : "4874023010005",
        "MNTN_ID" : "487402301"
      },
      "geometry" : {
        "x" : 335342.94720000867,
        "y" : 335503.96700000204
      }
    },
    {
      "attributes" : {
        "FID" : 5,
        "PMNTN_SPOT" : 68380,
        "MNTN_CODE" : "487402301",
        "MANAGE_SP1" : "01",
        "MANAGE_SP2" : "시종점",
        "DETAIL_SPO" : "시종점",
        "ETC_MATTER" : " ",
        "MNTN_NM" : "왕령산",
        "PAST_SPOT_" : "4874023010006",
        "MNTN_ID" : "487402301"
      },
      "geometry" : {
        "x" : 335756.49180000741,
        "y" : 335543.65460000001
      }
    },
    {
      "attributes" : {
        "FID" : 6,
        "PMNTN_SPOT" : 68381,
        "MNTN_CODE" : "487402301",
        "MANAGE_SP1" : "14",
        "MANAGE_SP2" : "조망점",
        "DETAIL_SPO" : "조망점",
        "ETC_MATTER" : " ",
        "MNTN_NM" : "왕령산",
        "PAST_SPOT_" : "4874023010007",
        "MNTN_ID" : "487402301"
      },
      "geometry" : {
        "x" : 335369.97920001298,
        "y" : 335532.74569999985
      }
    },
    {
      "attributes" : {
        "FID" : 7,
        "PMNTN_SPOT" : 68382,
        "MNTN_CODE" : "487402301",
        "MANAGE_SP1" : "99",
        "MANAGE_SP2" : "기타",
        "DETAIL_SPO" : "분묘",
        "ETC_MATTER" : " ",
        "MNTN_NM" : "왕령산",
        "PAST_SPOT_" : "4874023010008",
        "MNTN_ID" : "487402301"
      },
      "geometry" : {
        "x" : 335349.56530001294,
        "y" : 335804.74909999967
      }
    },
    {
      "attributes" : {
        "FID" : 8,
        "PMNTN_SPOT" : 68383,
        "MNTN_CODE" : "487402301",
        "MANAGE_SP1" : "99",
        "MANAGE_SP2" : "기타",
        "DETAIL_SPO" : "분묘",
        "ETC_MATTER" : " ",
        "MNTN_NM" : "왕령산",
        "PAST_SPOT_" : "4874023010009",
        "MNTN_ID" : "487402301"
      },
      "geometry" : {
        "x" : 335262.6429000115,
        "y" : 335932.23440000042
      }
    },
    {
      "attributes" : {
        "FID" : 9,
        "PMNTN_SPOT" : 68384,
        "MNTN_CODE" : "487402301",
        "MANAGE_SP1" : "99",
        "MANAGE_SP2" : "기타",
        "DETAIL_SPO" : "분묘",
        "ETC_MATTER" : " ",
        "MNTN_NM" : "왕령산",
        "PAST_SPOT_" : "4874023010010",
        "MNTN_ID" : "487402301"
      },
      "geometry" : {
        "x" : 335187.72280001454,
        "y" : 336189.51600000076
      }
    },
    {
      "attributes" : {
        "FID" : 10,
        "PMNTN_SPOT" : 68385,
        "MNTN_CODE" : "487402301",
        "MANAGE_SP1" : "11",
        "MANAGE_SP2" : "안내판또는지도",
        "DETAIL_SPO" : "차량진입금지판",
        "ETC_MATTER" : " ",
        "MNTN_NM" : "왕령산",
        "PAST_SPOT_" : "4874023010011",
        "MNTN_ID" : "487402301"
      },
      "geometry" : {
        "x" : 335076.50790001266,
        "y" : 336278.69859999977
      }
    }
  ]
}