{"displayFieldName":"","fieldAliases":{"FID":"FID","PMNTN_SPOT":"PMNTN_SPOT","MNTN_CODE":"MNTN_CODE","MANAGE_SP1":"MANAGE_SP1","MANAGE_SP2":"MANAGE_SP2","DETAIL_SPO":"DETAIL_SPO","ETC_MATTER":"ETC_MATTER","MNTN_NM":"MNTN_NM","PAST_SPOT_":"PAST_SPOT_","MNTN_ID":"MNTN_ID"},"geometryType":"esriGeometryPoint","spatialReference":{"wkt":"PROJCS[\"PCS_ITRF2000_TM\",GEOGCS[\"GCS_ITRF_2000\",DATUM[\"D_ITRF_2000\",SPHEROID[\"GRS_1980\",6378137.0,298.257222101]],PRIMEM[\"Greenwich\",0.0],UNIT[\"Degree\",0.0174532925199433]],PROJECTION[\"Transverse_Mercator\"],PARAMETER[\"False_Easting\",200000.0],PARAMETER[\"False_Northing\",600000.0],PARAMETER[\"Central_Meridian\",127.0],PARAMETER[\"Scale_Factor\",1.0],PARAMETER[\"Latitude_Of_Origin\",38.0],UNIT[\"Meter\",1.0]]"},"fields":[{"name":"FID","type":"esriFieldTypeOID","alias":"FID"},{"name":"PMNTN_SPOT","type":"esriFieldTypeInteger","alias":"PMNTN_SPOT"},{"name":"MNTN_CODE","type":"esriFieldTypeString","alias":"MNTN_CODE","length":9},{"name":"MANAGE_SP1","type":"esriFieldTypeString","alias":"MANAGE_SP1","length":2},{"name":"MANAGE_SP2","type":"esriFieldTypeString","alias":"MANAGE_SP2","length":50},{"name":"DETAIL_SPO","type":"esriFieldTypeString","alias":"DETAIL_SPO","length":200},{"name":"ETC_MATTER","type":"esriFieldTypeString","alias":"ETC_MATTER","length":200},{"name":"MNTN_NM","type":"esriFieldTypeString","alias":"MNTN_NM","length":50},{"name":"PAST_SPOT_","type":"esriFieldTypeString","alias":"PAST_SPOT_","length":14},{"name":"MNTN_ID","type":"esriFieldTypeString","alias":"MNTN_ID","length":10}],"features":[{"attributes":{"FID":0,"PMNTN_SPOT":49882,"MNTN_CODE":"421503701","MANAGE_SP1":"02","MANAGE_SP2":"분기점","DETAIL_SPO":"분기점","ETC_MATTER":" ","MNTN_NM":"새봉","PAST_SPOT_":"4276034010001","MNTN_ID":"427603401"},"geometry":{"x":353696.82980001066,"y":570878.02869999968}},{"attributes":{"FID":1,"PMNTN_SPOT":49883,"MNTN_CODE":"421503701","MANAGE_SP1":"02","MANAGE_SP2":"분기점","DETAIL_SPO":"분기점","ETC_MATTER":" ","MNTN_NM":"새봉","PAST_SPOT_":"4276034010002","MNTN_ID":"427603401"},"geometry":{"x":353830.80990000907,"y":570680.41520000063}},{"attributes":{"FID":2,"PMNTN_SPOT":49884,"MNTN_CODE":"421503701","MANAGE_SP1":"01","MANAGE_SP2":"시종점","DETAIL_SPO":"시종점","ETC_MATTER":" ","MNTN_NM":"새봉","PAST_SPOT_":"4276034010003","MNTN_ID":"427603401"},"geometry":{"x":354122.19520000927,"y":568025.64670000784}},{"attributes":{"FID":3,"PMNTN_SPOT":49885,"MNTN_CODE":"421503701","MANAGE_SP1":"01","MANAGE_SP2":"시종점","DETAIL_SPO":"시종점","ETC_MATTER":" ","MNTN_NM":"새봉","PAST_SPOT_":"4276034010004","MNTN_ID":"427603401"},"geometry":{"x":354343.69110001251,"y":567915.34580000117}},{"attributes":{"FID":4,"PMNTN_SPOT":49886,"MNTN_CODE":"421503701","MANAGE_SP1":"02","MANAGE_SP2":"분기점","DETAIL_SPO":"분기점","ETC_MATTER":" ","MNTN_NM":"새봉","PAST_SPOT_":"4276034010005","MNTN_ID":"427603401"},"geometry":{"x":354599.98850001115,"y":569052.31890000217}},{"attributes":{"FID":5,"PMNTN_SPOT":49887,"MNTN_CODE":"421503701","MANAGE_SP1":"02","MANAGE_SP2":"분기점","DETAIL_SPO":"분기점","ETC_MATTER":" ","MNTN_NM":"새봉","PAST_SPOT_":"4276034010006","MNTN_ID":"427603401"},"geometry":{"x":354635.16190000996,"y":568912.53690000251}},{"attributes":{"FID":6,"PMNTN_SPOT":49888,"MNTN_CODE":"421503701","MANAGE_SP1":"02","MANAGE_SP2":"분기점","DETAIL_SPO":"분기점","ETC_MATTER":" ","MNTN_NM":"새봉","PAST_SPOT_":"4276034010007","MNTN_ID":"427603401"},"geometry":{"x":354704.58050001133,"y":568436.60229999945}},{"attributes":{"FID":7,"PMNTN_SPOT":49889,"MNTN_CODE":"421503701","MANAGE_SP1":"02","MANAGE_SP2":"분기점","DETAIL_SPO":"분기점","ETC_MATTER":" ","MNTN_NM":"새봉","PAST_SPOT_":"4276034010008","MNTN_ID":"427603401"},"geometry":{"x":354752.87010000926,"y":567722.86100000143}},{"attributes":{"FID":8,"PMNTN_SPOT":49890,"MNTN_CODE":"421503701","MANAGE_SP1":"02","MANAGE_SP2":"분기점","DETAIL_SPO":"분기점","ETC_MATTER":" ","MNTN_NM":"새봉","PAST_SPOT_":"4276034010009","MNTN_ID":"427603401"},"geometry":{"x":354815.88700001035,"y":567822.57589999959}},{"attributes":{"FID":9,"PMNTN_SPOT":49891,"MNTN_CODE":"421503701","MANAGE_SP1":"02","MANAGE_SP2":"분기점","DETAIL_SPO":"분기점","ETC_MATTER":" ","MNTN_NM":"새봉","PAST_SPOT_":"4276034010010","MNTN_ID":"427603401"},"geometry":{"x":354867.18330001179,"y":567776.97000000253}},{"attributes":{"FID":10,"PMNTN_SPOT":49892,"MNTN_CODE":"421503701","MANAGE_SP1":"02","MANAGE_SP2":"분기점","DETAIL_SPO":"분기점","ETC_MATTER":" ","MNTN_NM":"새봉","PAST_SPOT_":"4276034010011","MNTN_ID":"427603401"},"geometry":{"x":355129.10830001254,"y":566655.66200000234}},{"attributes":{"FID":11,"PMNTN_SPOT":49893,"MNTN_CODE":"421503701","MANAGE_SP1":"01","MANAGE_SP2":"시종점","DETAIL_SPO":"시종점","ETC_MATTER":" ","MNTN_NM":"새봉","PAST_SPOT_":"4215040010012","MNTN_ID":"421504001"},"geometry":{"x":355952.43630001042,"y":572230.01400000229}},{"attributes":{"FID":12,"PMNTN_SPOT":49894,"MNTN_CODE":"421503701","MANAGE_SP1":"01","MANAGE_SP2":"시종점","DETAIL_SPO":"시종점","ETC_MATTER":" ","MNTN_NM":"새봉","PAST_SPOT_":"4215040010013","MNTN_ID":"421504001"},"geometry":{"x":356494.30260001309,"y":569958.60420000181}},{"attributes":{"FID":13,"PMNTN_SPOT":49895,"MNTN_CODE":"421503701","MANAGE_SP1":"11","MANAGE_SP2":"안내판또는지도","DETAIL_SPO":"등산로안내,이정표","ETC_MATTER":" ","MNTN_NM":"새봉","PAST_SPOT_":"4276034010014","MNTN_ID":"427603401"},"geometry":{"x":354842.32070002146,"y":566575.42479999922}},{"attributes":{"FID":14,"PMNTN_SPOT":49896,"MNTN_CODE":"421503701","MANAGE_SP1":"11","MANAGE_SP2":"안내판또는지도","DETAIL_SPO":"옛길등산로 안내,국사성황당","ETC_MATTER":" ","MNTN_NM":"새봉","PAST_SPOT_":"4276034010015","MNTN_ID":"427603401"},"geometry":{"x":354757.03940001875,"y":567712.69530000538}},{"attributes":{"FID":15,"PMNTN_SPOT":49897,"MNTN_CODE":"421503701","MANAGE_SP1":"11","MANAGE_SP2":"안내판또는지도","DETAIL_SPO":"등산로안내,이정표","ETC_MATTER":" ","MNTN_NM":"새봉","PAST_SPOT_":"4276034010016","MNTN_ID":"427603401"},"geometry":{"x":354876.97740001697,"y":567780.06790000014}},{"attributes":{"FID":16,"PMNTN_SPOT":49913,"MNTN_CODE":"421503701","MANAGE_SP1":"11","MANAGE_SP2":"안내판또는지도","DETAIL_SPO":"백두대간안내판,이정표","ETC_MATTER":" ","MNTN_NM":"새봉","PAST_SPOT_":"4276034010032","MNTN_ID":"427603401"},"geometry":{"x":354584.45200002007,"y":568090.6547000017}},{"attributes":{"FID":17,"PMNTN_SPOT":49915,"MNTN_CODE":"421503701","MANAGE_SP1":"15","MANAGE_SP2":"훼손지","DETAIL_SPO":"훼손지","ETC_MATTER":" ","MNTN_NM":"새봉","PAST_SPOT_":"4276034010034","MNTN_ID":"427603401"},"geometry":{"x":354560.99460001849,"y":568167.40209999867}},{"attributes":{"FID":18,"PMNTN_SPOT":49918,"MNTN_CODE":"421503701","MANAGE_SP1":"10","MANAGE_SP2":"이정표","DETAIL_SPO":"이정표","ETC_MATTER":" ","MNTN_NM":"새봉","PAST_SPOT_":"4276034010037","MNTN_ID":"427603401"},"geometry":{"x":354708.16960001737,"y":568433.39370000176}},{"attributes":{"FID":19,"PMNTN_SPOT":49922,"MNTN_CODE":"421503701","MANAGE_SP1":"99","MANAGE_SP2":"기타","DETAIL_SPO":"새봉전망대,조망점,이정표","ETC_MATTER":" ","MNTN_NM":"새봉","PAST_SPOT_":"4276034010041","MNTN_ID":"427603401"},"geometry":{"x":354748.44370001927,"y":568547.06719999947}},{"attributes":{"FID":20,"PMNTN_SPOT":49924,"MNTN_CODE":"421503701","MANAGE_SP1":"15","MANAGE_SP2":"훼손지","DETAIL_SPO":"훼손지","ETC_MATTER":" ","MNTN_NM":"새봉","PAST_SPOT_":"4276034010043","MNTN_ID":"427603401"},"geometry":{"x":354713.12350001745,"y":568682.04519999959}},{"attributes":{"FID":21,"PMNTN_SPOT":49929,"MNTN_CODE":"421503701","MANAGE_SP1":"15","MANAGE_SP2":"훼손지","DETAIL_SPO":"훼손지","ETC_MATTER":" ","MNTN_NM":"새봉","PAST_SPOT_":"4215040010048","MNTN_ID":"421504001"},"geometry":{"x":355592.81750001758,"y":569942.39320000075}},{"attributes":{"FID":22,"PMNTN_SPOT":49930,"MNTN_CODE":"421503701","MANAGE_SP1":"99","MANAGE_SP2":"기타","DETAIL_SPO":"산불초소,입산통제안내판,임도차단기","ETC_MATTER":" ","MNTN_NM":"새봉","PAST_SPOT_":"4215040010049","MNTN_ID":"421504001"},"geometry":{"x":356495.4262000192,"y":569954.41030000895}},{"attributes":{"FID":23,"PMNTN_SPOT":49931,"MNTN_CODE":"421503701","MANAGE_SP1":"04","MANAGE_SP2":"화장실","DETAIL_SPO":"화장실","ETC_MATTER":" ","MNTN_NM":"새봉","PAST_SPOT_":"4215040010050","MNTN_ID":"421504001"},"geometry":{"x":356055.20960001834,"y":569989.50200000219}},{"attributes":{"FID":24,"PMNTN_SPOT":49932,"MNTN_CODE":"421503701","MANAGE_SP1":"15","MANAGE_SP2":"훼손지","DETAIL_SPO":"훼손지","ETC_MATTER":" ","MNTN_NM":"새봉","PAST_SPOT_":"4215040010051","MNTN_ID":"421504001"},"geometry":{"x":355710.69480002113,"y":569990.16420000046}},{"attributes":{"FID":25,"PMNTN_SPOT":49933,"MNTN_CODE":"421503701","MANAGE_SP1":"15","MANAGE_SP2":"훼손지","DETAIL_SPO":"훼손지","ETC_MATTER":" ","MNTN_NM":"새봉","PAST_SPOT_":"4215040010052","MNTN_ID":"421504001"},"geometry":{"x":355763.78530002013,"y":569991.7868000064}},{"attributes":{"FID":26,"PMNTN_SPOT":49934,"MNTN_CODE":"421503701","MANAGE_SP1":"15","MANAGE_SP2":"훼손지","DETAIL_SPO":"훼손지","ETC_MATTER":" ","MNTN_NM":"새봉","PAST_SPOT_":"4215040010053","MNTN_ID":"421504001"},"geometry":{"x":355896.49380001985,"y":569996.77720000036}},{"attributes":{"FID":27,"PMNTN_SPOT":49935,"MNTN_CODE":"421503701","MANAGE_SP1":"15","MANAGE_SP2":"훼손지","DETAIL_SPO":"훼손지","ETC_MATTER":" ","MNTN_NM":"새봉","PAST_SPOT_":"4215040010054","MNTN_ID":"421504001"},"geometry":{"x":355406.15400002245,"y":570024.36160000227}},{"attributes":{"FID":28,"PMNTN_SPOT":49939,"MNTN_CODE":"421503701","MANAGE_SP1":"15","MANAGE_SP2":"훼손지","DETAIL_SPO":"훼손지","ETC_MATTER":" ","MNTN_NM":"새봉","PAST_SPOT_":"4215040010058","MNTN_ID":"421504001"},"geometry":{"x":355331.0211000219,"y":570253.03140000254}},{"attributes":{"FID":29,"PMNTN_SPOT":49940,"MNTN_CODE":"421503701","MANAGE_SP1":"10","MANAGE_SP2":"이정표","DETAIL_SPO":"이정표","ETC_MATTER":" ","MNTN_NM":"새봉","PAST_SPOT_":"4276034010059","MNTN_ID":"427603401"},"geometry":{"x":353919.60990001634,"y":570269.29930000007}},{"attributes":{"FID":30,"PMNTN_SPOT":49941,"MNTN_CODE":"421503701","MANAGE_SP1":"15","MANAGE_SP2":"훼손지","DETAIL_SPO":"훼손지","ETC_MATTER":" ","MNTN_NM":"새봉","PAST_SPOT_":"4215040010060","MNTN_ID":"421504001"},"geometry":{"x":355332.68640001863,"y":570273.30599999987}},{"attributes":{"FID":31,"PMNTN_SPOT":49942,"MNTN_CODE":"421503701","MANAGE_SP1":"15","MANAGE_SP2":"훼손지","DETAIL_SPO":"훼손지","ETC_MATTER":" ","MNTN_NM":"새봉","PAST_SPOT_":"4215040010061","MNTN_ID":"421504001"},"geometry":{"x":355328.44050001726,"y":570330.70250000246}},{"attributes":{"FID":32,"PMNTN_SPOT":49943,"MNTN_CODE":"421503701","MANAGE_SP1":"15","MANAGE_SP2":"훼손지","DETAIL_SPO":"훼손지","ETC_MATTER":" ","MNTN_NM":"새봉","PAST_SPOT_":"4215040010062","MNTN_ID":"421504001"},"geometry":{"x":355313.6695000222,"y":570359.11849999987}},{"attributes":{"FID":33,"PMNTN_SPOT":49944,"MNTN_CODE":"421503701","MANAGE_SP1":"15","MANAGE_SP2":"훼손지","DETAIL_SPO":"훼손지","ETC_MATTER":" ","MNTN_NM":"새봉","PAST_SPOT_":"4215040010063","MNTN_ID":"421504001"},"geometry":{"x":355294.47170001827,"y":570399.2108000014}},{"attributes":{"FID":34,"PMNTN_SPOT":49945,"MNTN_CODE":"421503701","MANAGE_SP1":"15","MANAGE_SP2":"훼손지","DETAIL_SPO":"훼손지","ETC_MATTER":" ","MNTN_NM":"새봉","PAST_SPOT_":"4215040010064","MNTN_ID":"421504001"},"geometry":{"x":355281.09960002266,"y":570451.29440000094}},{"attributes":{"FID":35,"PMNTN_SPOT":49946,"MNTN_CODE":"421503701","MANAGE_SP1":"15","MANAGE_SP2":"훼손지","DETAIL_SPO":"훼손지","ETC_MATTER":" ","MNTN_NM":"새봉","PAST_SPOT_":"4215040010065","MNTN_ID":"421504001"},"geometry":{"x":355264.02550002001,"y":570474.61470000446}},{"attributes":{"FID":36,"PMNTN_SPOT":49947,"MNTN_CODE":"421503701","MANAGE_SP1":"10","MANAGE_SP2":"이정표","DETAIL_SPO":"이정표","ETC_MATTER":" ","MNTN_NM":"새봉","PAST_SPOT_":"4215040010066","MNTN_ID":"421504001"},"geometry":{"x":354046.15040001646,"y":570511.1109000016}},{"attributes":{"FID":37,"PMNTN_SPOT":49948,"MNTN_CODE":"421503701","MANAGE_SP1":"10","MANAGE_SP2":"이정표","DETAIL_SPO":"이정표","ETC_MATTER":" ","MNTN_NM":"새봉","PAST_SPOT_":"4215040010067","MNTN_ID":"421504001"},"geometry":{"x":353937.94060001802,"y":570554.18830000237}},{"attributes":{"FID":38,"PMNTN_SPOT":49949,"MNTN_CODE":"421503701","MANAGE_SP1":"15","MANAGE_SP2":"훼손지","DETAIL_SPO":"훼손지","ETC_MATTER":" ","MNTN_NM":"새봉","PAST_SPOT_":"4215040010068","MNTN_ID":"421504001"},"geometry":{"x":354510.12040001806,"y":570563.78270000033}},{"attributes":{"FID":39,"PMNTN_SPOT":49950,"MNTN_CODE":"421503701","MANAGE_SP1":"15","MANAGE_SP2":"훼손지","DETAIL_SPO":"훼손지","ETC_MATTER":" ","MNTN_NM":"새봉","PAST_SPOT_":"4215040010069","MNTN_ID":"421504001"},"geometry":{"x":354730.59740002081,"y":570581.17930000089}},{"attributes":{"FID":40,"PMNTN_SPOT":49951,"MNTN_CODE":"421503701","MANAGE_SP1":"15","MANAGE_SP2":"훼손지","DETAIL_SPO":"훼손지","ETC_MATTER":" ","MNTN_NM":"새봉","PAST_SPOT_":"4215040010070","MNTN_ID":"421504001"},"geometry":{"x":354576.74950001854,"y":570585.972000001}},{"attributes":{"FID":41,"PMNTN_SPOT":49952,"MNTN_CODE":"421503701","MANAGE_SP1":"23","MANAGE_SP2":"정상","DETAIL_SPO":"선자령정상,조망점,선자령표지석,삼각점 (1991 도암23)","ETC_MATTER":" ","MNTN_NM":"새봉","PAST_SPOT_":"4276034010071","MNTN_ID":"427603401"},"geometry":{"x":353865.9122000169,"y":570613.89770000987}},{"attributes":{"FID":42,"PMNTN_SPOT":49953,"MNTN_CODE":"421503701","MANAGE_SP1":"02","MANAGE_SP2":"분기점","DETAIL_SPO":"분기점","ETC_MATTER":" ","MNTN_NM":"새봉","PAST_SPOT_":"4276034010072","MNTN_ID":"427603401"},"geometry":{"x":353771.65670001879,"y":571675.52290000767}},{"attributes":{"FID":43,"PMNTN_SPOT":49954,"MNTN_CODE":"421503701","MANAGE_SP1":"10","MANAGE_SP2":"이정표","DETAIL_SPO":"이정표","ETC_MATTER":" ","MNTN_NM":"새봉","PAST_SPOT_":"4215040010073","MNTN_ID":"421504001"},"geometry":{"x":354081.29240001738,"y":571694.36450000107}},{"attributes":{"FID":44,"PMNTN_SPOT":49955,"MNTN_CODE":"421503701","MANAGE_SP1":"15","MANAGE_SP2":"훼손지","DETAIL_SPO":"훼손지","ETC_MATTER":" ","MNTN_NM":"새봉","PAST_SPOT_":"4215040010074","MNTN_ID":"421504001"},"geometry":{"x":354290.28920002189,"y":571719.93160000257}},{"attributes":{"FID":45,"PMNTN_SPOT":49956,"MNTN_CODE":"421503701","MANAGE_SP1":"15","MANAGE_SP2":"훼손지","DETAIL_SPO":"훼손지","ETC_MATTER":" ","MNTN_NM":"새봉","PAST_SPOT_":"4215040010075","MNTN_ID":"421504001"},"geometry":{"x":354240.73210002016,"y":571722.39260000177}},{"attributes":{"FID":46,"PMNTN_SPOT":49957,"MNTN_CODE":"421503701","MANAGE_SP1":"15","MANAGE_SP2":"훼손지","DETAIL_SPO":"훼손지","ETC_MATTER":" ","MNTN_NM":"새봉","PAST_SPOT_":"4215040010076","MNTN_ID":"421504001"},"geometry":{"x":353907.3719000183,"y":571725.88869999722}},{"attributes":{"FID":47,"PMNTN_SPOT":49958,"MNTN_CODE":"421503701","MANAGE_SP1":"15","MANAGE_SP2":"훼손지","DETAIL_SPO":"훼손지","ETC_MATTER":" ","MNTN_NM":"새봉","PAST_SPOT_":"4215040010077","MNTN_ID":"421504001"},"geometry":{"x":354358.72000001837,"y":571735.8348999992}},{"attributes":{"FID":48,"PMNTN_SPOT":49959,"MNTN_CODE":"421503701","MANAGE_SP1":"10","MANAGE_SP2":"이정표","DETAIL_SPO":"이정표","ETC_MATTER":" ","MNTN_NM":"새봉","PAST_SPOT_":"4215040010078","MNTN_ID":"421504001"},"geometry":{"x":354307.7741000196,"y":571747.01980000362}},{"attributes":{"FID":49,"PMNTN_SPOT":49960,"MNTN_CODE":"421503701","MANAGE_SP1":"10","MANAGE_SP2":"이정표","DETAIL_SPO":"이정표","ETC_MATTER":" ","MNTN_NM":"새봉","PAST_SPOT_":"4215040010079","MNTN_ID":"421504001"},"geometry":{"x":354414.68200001959,"y":571790.7928000018}},{"attributes":{"FID":50,"PMNTN_SPOT":49961,"MNTN_CODE":"421503701","MANAGE_SP1":"15","MANAGE_SP2":"훼손지","DETAIL_SPO":"훼손지","ETC_MATTER":" ","MNTN_NM":"새봉","PAST_SPOT_":"4215040010080","MNTN_ID":"421504001"},"geometry":{"x":354989.59450001922,"y":571878.19550000504}},{"attributes":{"FID":51,"PMNTN_SPOT":49962,"MNTN_CODE":"421503701","MANAGE_SP1":"15","MANAGE_SP2":"훼손지","DETAIL_SPO":"훼손지","ETC_MATTER":" ","MNTN_NM":"새봉","PAST_SPOT_":"4215040010081","MNTN_ID":"421504001"},"geometry":{"x":355161.39410002064,"y":571909.92710000277}},{"attributes":{"FID":52,"PMNTN_SPOT":49963,"MNTN_CODE":"421503701","MANAGE_SP1":"15","MANAGE_SP2":"훼손지","DETAIL_SPO":"훼손지","ETC_MATTER":" ","MNTN_NM":"새봉","PAST_SPOT_":"4215040010082","MNTN_ID":"421504001"},"geometry":{"x":355595.77070002072,"y":572084.8898000028}},{"attributes":{"FID":53,"PMNTN_SPOT":49964,"MNTN_CODE":"421503701","MANAGE_SP1":"15","MANAGE_SP2":"훼손지","DETAIL_SPO":"훼손지","ETC_MATTER":" ","MNTN_NM":"새봉","PAST_SPOT_":"4215040010083","MNTN_ID":"421504001"},"geometry":{"x":355802.3478000192,"y":572138.96650000103}},{"attributes":{"FID":54,"PMNTN_SPOT":49965,"MNTN_CODE":"421503701","MANAGE_SP1":"99","MANAGE_SP2":"기타","DETAIL_SPO":"보현사,이정표","ETC_MATTER":" ","MNTN_NM":"새봉","PAST_SPOT_":"4215040010084","MNTN_ID":"421504001"},"geometry":{"x":355953.65050002374,"y":572229.69270000048}}]}