{
  "displayFieldName" : "",
  "fieldAliases" : {
    "FID" : "FID",
    "PMNTN_SPOT" : "PMNTN_SPOT",
    "MNTN_CODE" : "MNTN_CODE",
    "MANAGE_SP1" : "MANAGE_SP1",
    "MANAGE_SP2" : "MANAGE_SP2",
    "DETAIL_SPO" : "DETAIL_SPO",
    "ETC_MATTER" : "ETC_MATTER",
    "MNTN_NM" : "MNTN_NM",
    "PAST_SPOT_" : "PAST_SPOT_",
    "MNTN_ID" : "MNTN_ID"
  },
  "geometryType" : "esriGeometryPoint",
  "spatialReference" : {
    "wkt" : "PROJCS[\"PCS_ITRF2000_TM\",GEOGCS[\"GCS_ITRF_2000\",DATUM[\"D_ITRF_2000\",SPHEROID[\"GRS_1980\",6378137.0,298.257222101]],PRIMEM[\"Greenwich\",0.0],UNIT[\"Degree\",0.0174532925199433]],PROJECTION[\"Transverse_Mercator\"],PARAMETER[\"False_Easting\",200000.0],PARAMETER[\"False_Northing\",600000.0],PARAMETER[\"Central_Meridian\",127.0],PARAMETER[\"Scale_Factor\",1.0],PARAMETER[\"Latitude_Of_Origin\",38.0],UNIT[\"Meter\",1.0]]"
  },
  "fields" : [
    {
      "name" : "FID",
      "type" : "esriFieldTypeOID",
      "alias" : "FID"
    },
    {
      "name" : "PMNTN_SPOT",
      "type" : "esriFieldTypeDouble",
      "alias" : "PMNTN_SPOT"
    },
    {
      "name" : "MNTN_CODE",
      "type" : "esriFieldTypeString",
      "alias" : "MNTN_CODE",
      "length" : 9
    },
    {
      "name" : "MANAGE_SP1",
      "type" : "esriFieldTypeString",
      "alias" : "MANAGE_SP1",
      "length" : 2
    },
    {
      "name" : "MANAGE_SP2",
      "type" : "esriFieldTypeString",
      "alias" : "MANAGE_SP2",
      "length" : 50
    },
    {
      "name" : "DETAIL_SPO",
      "type" : "esriFieldTypeString",
      "alias" : "DETAIL_SPO",
      "length" : 200
    },
    {
      "name" : "ETC_MATTER",
      "type" : "esriFieldTypeString",
      "alias" : "ETC_MATTER",
      "length" : 200
    },
    {
      "name" : "MNTN_NM",
      "type" : "esriFieldTypeString",
      "alias" : "MNTN_NM",
      "length" : 50
    },
    {
      "name" : "PAST_SPOT_",
      "type" : "esriFieldTypeString",
      "alias" : "PAST_SPOT_",
      "length" : 14
    },
    {
      "name" : "MNTN_ID",
      "type" : "esriFieldTypeString",
      "alias" : "MNTN_ID",
      "length" : 10
    }
  ],
  "features" : [
    {
      "attributes" : {
        "FID" : 0,
        "PMNTN_SPOT" : 23180,
        "MNTN_CODE" : "491104004",
        "MANAGE_SP1" : "99",
        "MANAGE_SP2" : "기타",
        "DETAIL_SPO" : "돔박이",
        "ETC_MATTER" : " ",
        "MNTN_NM" : "돔박이",
        "PAST_SPOT_" : "4911040040001",
        "MNTN_ID" : "491104004"
      },
      "geometry" : {
        "x" : 140699.94030968659,
        "y" : 83070.516408884898
      }
    },
    {
      "attributes" : {
        "FID" : 1,
        "PMNTN_SPOT" : 23181,
        "MNTN_CODE" : "491104004",
        "MANAGE_SP1" : "01",
        "MANAGE_SP2" : "시종점",
        "DETAIL_SPO" : "시종점",
        "ETC_MATTER" : " ",
        "MNTN_NM" : "돔박이",
        "PAST_SPOT_" : "4911040040002",
        "MNTN_ID" : "491104004"
      },
      "geometry" : {
        "x" : 140457.84490000177,
        "y" : 83035.883900001645
      }
    },
    {
      "attributes" : {
        "FID" : 2,
        "PMNTN_SPOT" : 23182,
        "MNTN_CODE" : "491104004",
        "MANAGE_SP1" : "01",
        "MANAGE_SP2" : "시종점",
        "DETAIL_SPO" : "시종점",
        "ETC_MATTER" : " ",
        "MNTN_NM" : "돔박이",
        "PAST_SPOT_" : "4911040040003",
        "MNTN_ID" : "491104004"
      },
      "geometry" : {
        "x" : 140696.02350000106,
        "y" : 83070.039700001478
      }
    },
    {
      "attributes" : {
        "FID" : 3,
        "PMNTN_SPOT" : 23183,
        "MNTN_CODE" : "491104004",
        "MANAGE_SP1" : "02",
        "MANAGE_SP2" : "분기점",
        "DETAIL_SPO" : "분기점",
        "ETC_MATTER" : " ",
        "MNTN_NM" : "돔박이",
        "PAST_SPOT_" : "4911040040004",
        "MNTN_ID" : "491104004"
      },
      "geometry" : {
        "x" : 140710.50650000013,
        "y" : 83043.382799999788
      }
    },
    {
      "attributes" : {
        "FID" : 4,
        "PMNTN_SPOT" : 23184,
        "MNTN_CODE" : "491104004",
        "MANAGE_SP1" : "01",
        "MANAGE_SP2" : "시종점",
        "DETAIL_SPO" : "시종점",
        "ETC_MATTER" : " ",
        "MNTN_NM" : "돔박이",
        "PAST_SPOT_" : "4911040040005",
        "MNTN_ID" : "491104004"
      },
      "geometry" : {
        "x" : 140918.51880000066,
        "y" : 83147.071700001135
      }
    }
  ]
}