{
  "displayFieldName" : "",
  "fieldAliases" : {
    "FID" : "FID",
    "PMNTN_SPOT" : "PMNTN_SPOT",
    "MNTN_CODE" : "MNTN_CODE",
    "MANAGE_SP1" : "MANAGE_SP1",
    "MANAGE_SP2" : "MANAGE_SP2",
    "DETAIL_SPO" : "DETAIL_SPO",
    "ETC_MATTER" : "ETC_MATTER",
    "MNTN_NM" : "MNTN_NM",
    "PAST_SPOT_" : "PAST_SPOT_",
    "MNTN_ID" : "MNTN_ID"
  },
  "geometryType" : "esriGeometryPoint",
  "spatialReference" : {
    "wkt" : "PROJCS[\"PCS_ITRF2000_TM\",GEOGCS[\"GCS_ITRF_2000\",DATUM[\"D_ITRF_2000\",SPHEROID[\"GRS_1980\",6378137.0,298.257222101]],PRIMEM[\"Greenwich\",0.0],UNIT[\"Degree\",0.0174532925199433]],PROJECTION[\"Transverse_Mercator\"],PARAMETER[\"False_Easting\",200000.0],PARAMETER[\"False_Northing\",600000.0],PARAMETER[\"Central_Meridian\",127.0],PARAMETER[\"Scale_Factor\",1.0],PARAMETER[\"Latitude_Of_Origin\",38.0],UNIT[\"Meter\",1.0]]"
  },
  "fields" : [
    {
      "name" : "FID",
      "type" : "esriFieldTypeOID",
      "alias" : "FID"
    },
    {
      "name" : "PMNTN_SPOT",
      "type" : "esriFieldTypeDouble",
      "alias" : "PMNTN_SPOT"
    },
    {
      "name" : "MNTN_CODE",
      "type" : "esriFieldTypeString",
      "alias" : "MNTN_CODE",
      "length" : 9
    },
    {
      "name" : "MANAGE_SP1",
      "type" : "esriFieldTypeString",
      "alias" : "MANAGE_SP1",
      "length" : 2
    },
    {
      "name" : "MANAGE_SP2",
      "type" : "esriFieldTypeString",
      "alias" : "MANAGE_SP2",
      "length" : 50
    },
    {
      "name" : "DETAIL_SPO",
      "type" : "esriFieldTypeString",
      "alias" : "DETAIL_SPO",
      "length" : 200
    },
    {
      "name" : "ETC_MATTER",
      "type" : "esriFieldTypeString",
      "alias" : "ETC_MATTER",
      "length" : 200
    },
    {
      "name" : "MNTN_NM",
      "type" : "esriFieldTypeString",
      "alias" : "MNTN_NM",
      "length" : 50
    },
    {
      "name" : "PAST_SPOT_",
      "type" : "esriFieldTypeString",
      "alias" : "PAST_SPOT_",
      "length" : 14
    },
    {
      "name" : "MNTN_ID",
      "type" : "esriFieldTypeString",
      "alias" : "MNTN_ID",
      "length" : 10
    }
  ],
  "features" : [
    {
      "attributes" : {
        "FID" : 0,
        "PMNTN_SPOT" : 77383,
        "MNTN_CODE" : "427604201",
        "MANAGE_SP1" : "18",
        "MANAGE_SP2" : "주차장",
        "DETAIL_SPO" : "예술촌주차장",
        "ETC_MATTER" : " ",
        "MNTN_NM" : "장암산",
        "PAST_SPOT_" : "22150832000001",
        "MNTN_ID" : "2215083200"
      },
      "geometry" : {
        "x" : 325794.47300000209,
        "y" : 534182.99990000017
      }
    },
    {
      "attributes" : {
        "FID" : 1,
        "PMNTN_SPOT" : 77384,
        "MNTN_CODE" : "427604201",
        "MANAGE_SP1" : "99",
        "MANAGE_SP2" : "기타",
        "DETAIL_SPO" : "활공장",
        "ETC_MATTER" : " ",
        "MNTN_NM" : "장암산",
        "PAST_SPOT_" : "22150832000002",
        "MNTN_ID" : "2215083200"
      },
      "geometry" : {
        "x" : 325882.97060000524,
        "y" : 532291.40890000015
      }
    },
    {
      "attributes" : {
        "FID" : 2,
        "PMNTN_SPOT" : 77385,
        "MNTN_CODE" : "427604201",
        "MANAGE_SP1" : "02",
        "MANAGE_SP2" : "분기점",
        "DETAIL_SPO" : "주진갈림길",
        "ETC_MATTER" : " ",
        "MNTN_NM" : "장암산",
        "PAST_SPOT_" : "22150832000003",
        "MNTN_ID" : "2215083200"
      },
      "geometry" : {
        "x" : 326521.40030000359,
        "y" : 533545.06690000184
      }
    },
    {
      "attributes" : {
        "FID" : 3,
        "PMNTN_SPOT" : 77386,
        "MNTN_CODE" : "427604201",
        "MANAGE_SP1" : "20",
        "MANAGE_SP2" : "동굴",
        "DETAIL_SPO" : "장암굴",
        "ETC_MATTER" : " ",
        "MNTN_NM" : "장암산",
        "PAST_SPOT_" : "22150832000004",
        "MNTN_ID" : "2215083200"
      },
      "geometry" : {
        "x" : 326043.49960000161,
        "y" : 534121.65970000252
      }
    },
    {
      "attributes" : {
        "FID" : 4,
        "PMNTN_SPOT" : 77387,
        "MNTN_CODE" : "427604201",
        "MANAGE_SP1" : "01",
        "MANAGE_SP2" : "시종점",
        "DETAIL_SPO" : "시종점",
        "ETC_MATTER" : " ",
        "MNTN_NM" : "장암산",
        "PAST_SPOT_" : "22150832000005",
        "MNTN_ID" : "2215083200"
      },
      "geometry" : {
        "x" : 324701.92650000378,
        "y" : 534164.25550000183
      }
    },
    {
      "attributes" : {
        "FID" : 5,
        "PMNTN_SPOT" : 77388,
        "MNTN_CODE" : "427604201",
        "MANAGE_SP1" : "01",
        "MANAGE_SP2" : "시종점",
        "DETAIL_SPO" : "시종점,안내판갈림길",
        "ETC_MATTER" : " ",
        "MNTN_NM" : "장암산",
        "PAST_SPOT_" : "22150832000006",
        "MNTN_ID" : "2215083200"
      },
      "geometry" : {
        "x" : 324708.69700000063,
        "y" : 530671.22770000063
      }
    },
    {
      "attributes" : {
        "FID" : 6,
        "PMNTN_SPOT" : 77389,
        "MNTN_CODE" : "427604201",
        "MANAGE_SP1" : "01",
        "MANAGE_SP2" : "시종점",
        "DETAIL_SPO" : "시종점",
        "ETC_MATTER" : " ",
        "MNTN_NM" : "장암산",
        "PAST_SPOT_" : "22150832000007",
        "MNTN_ID" : "2215083200"
      },
      "geometry" : {
        "x" : 325102.04270000383,
        "y" : 532178.8879000023
      }
    },
    {
      "attributes" : {
        "FID" : 7,
        "PMNTN_SPOT" : 77390,
        "MNTN_CODE" : "427604201",
        "MANAGE_SP1" : "02",
        "MANAGE_SP2" : "분기점",
        "DETAIL_SPO" : "여만리갈림길",
        "ETC_MATTER" : " ",
        "MNTN_NM" : "장암산",
        "PAST_SPOT_" : "22150832000008",
        "MNTN_ID" : "2215083200"
      },
      "geometry" : {
        "x" : 325731.58160000574,
        "y" : 531949.90880000219
      }
    },
    {
      "attributes" : {
        "FID" : 8,
        "PMNTN_SPOT" : 77391,
        "MNTN_CODE" : "427604201",
        "MANAGE_SP1" : "23",
        "MANAGE_SP2" : "정상",
        "DETAIL_SPO" : "장암산정상",
        "ETC_MATTER" : " ",
        "MNTN_NM" : "장암산",
        "PAST_SPOT_" : "22150832000009",
        "MNTN_ID" : "2215083200"
      },
      "geometry" : {
        "x" : 325914.79710000474,
        "y" : 532755.47340000048
      }
    }
  ]
}