{
  "displayFieldName" : "",
  "fieldAliases" : {
    "FID" : "FID",
    "PMNTN_SN" : "PMNTN_SN",
    "MNTN_CODE" : "MNTN_CODE",
    "MNTN_NM" : "MNTN_NM",
    "PMNTN_NM" : "PMNTN_NM",
    "PMNTN_MAIN" : "PMNTN_MAIN",
    "PMNTN_LT" : "PMNTN_LT",
    "PMNTN_DFFL" : "PMNTN_DFFL",
    "PMNTN_UPPL" : "PMNTN_UPPL",
    "PMNTN_GODN" : "PMNTN_GODN",
    "PMNTN_MTRQ" : "PMNTN_MTRQ",
    "PMNTN_CNRL" : "PMNTN_CNRL",
    "PMNTN_CLS_" : "PMNTN_CLS_",
    "PMNTN_RISK" : "PMNTN_RISK",
    "PMNTN_RECO" : "PMNTN_RECO",
    "DATA_STDR_" : "DATA_STDR_",
    "MNTN_ID" : "MNTN_ID"
  },
  "geometryType" : "esriGeometryPolyline",
  "spatialReference" : {
    "wkt" : "PROJCS[\"PCS_ITRF2000_TM\",GEOGCS[\"GCS_ITRF_2000\",DATUM[\"D_ITRF_2000\",SPHEROID[\"GRS_1980\",6378137.0,298.257222101]],PRIMEM[\"Greenwich\",0.0],UNIT[\"Degree\",0.0174532925199433]],PROJECTION[\"Transverse_Mercator\"],PARAMETER[\"False_Easting\",200000.0],PARAMETER[\"False_Northing\",600000.0],PARAMETER[\"Central_Meridian\",127.0],PARAMETER[\"Scale_Factor\",1.0],PARAMETER[\"Latitude_Of_Origin\",38.0],UNIT[\"Meter\",1.0]]"
  },
  "fields" : [
    {
      "name" : "FID",
      "type" : "esriFieldTypeOID",
      "alias" : "FID"
    },
    {
      "name" : "PMNTN_SN",
      "type" : "esriFieldTypeDouble",
      "alias" : "PMNTN_SN"
    },
    {
      "name" : "MNTN_CODE",
      "type" : "esriFieldTypeString",
      "alias" : "MNTN_CODE",
      "length" : 9
    },
    {
      "name" : "MNTN_NM",
      "type" : "esriFieldTypeString",
      "alias" : "MNTN_NM",
      "length" : 50
    },
    {
      "name" : "PMNTN_NM",
      "type" : "esriFieldTypeString",
      "alias" : "PMNTN_NM",
      "length" : 50
    },
    {
      "name" : "PMNTN_MAIN",
      "type" : "esriFieldTypeString",
      "alias" : "PMNTN_MAIN",
      "length" : 200
    },
    {
      "name" : "PMNTN_LT",
      "type" : "esriFieldTypeSingle",
      "alias" : "PMNTN_LT"
    },
    {
      "name" : "PMNTN_DFFL",
      "type" : "esriFieldTypeString",
      "alias" : "PMNTN_DFFL",
      "length" : 8
    },
    {
      "name" : "PMNTN_UPPL",
      "type" : "esriFieldTypeDouble",
      "alias" : "PMNTN_UPPL"
    },
    {
      "name" : "PMNTN_GODN",
      "type" : "esriFieldTypeDouble",
      "alias" : "PMNTN_GODN"
    },
    {
      "name" : "PMNTN_MTRQ",
      "type" : "esriFieldTypeString",
      "alias" : "PMNTN_MTRQ",
      "length" : 200
    },
    {
      "name" : "PMNTN_CNRL",
      "type" : "esriFieldTypeString",
      "alias" : "PMNTN_CNRL",
      "length" : 1
    },
    {
      "name" : "PMNTN_CLS_",
      "type" : "esriFieldTypeString",
      "alias" : "PMNTN_CLS_",
      "length" : 1
    },
    {
      "name" : "PMNTN_RISK",
      "type" : "esriFieldTypeString",
      "alias" : "PMNTN_RISK",
      "length" : 200
    },
    {
      "name" : "PMNTN_RECO",
      "type" : "esriFieldTypeString",
      "alias" : "PMNTN_RECO",
      "length" : 1
    },
    {
      "name" : "DATA_STDR_",
      "type" : "esriFieldTypeString",
      "alias" : "DATA_STDR_",
      "length" : 10
    },
    {
      "name" : "MNTN_ID",
      "type" : "esriFieldTypeString",
      "alias" : "MNTN_ID",
      "length" : 10
    }
  ],
  "features" : [
    {
      "attributes" : {
        "FID" : 0,
        "PMNTN_SN" : 54152,
        "MNTN_CODE" : "479000104",
        "MNTN_NM" : "현산",
        "PMNTN_NM" : "갈구리구간",
        "PMNTN_MAIN" : " ",
        "PMNTN_LT" : 0.7,
        "PMNTN_DFFL" : "쉬움",
        "PMNTN_UPPL" : 12,
        "PMNTN_GODN" : 9,
        "PMNTN_MTRQ" : " ",
        "PMNTN_CNRL" : " ",
        "PMNTN_CLS_" : " ",
        "PMNTN_RISK" : " ",
        "PMNTN_RECO" : " ",
        "DATA_STDR_" : "2016-12-31",
        "MNTN_ID" : "479001901"
      },
      "geometry" : {
        "paths" : [
          [
            [
              332226.94830000214,
              456663.52510000207
            ],
            [
              332228.48309999984,
              456658.92080000043
            ],
            [
              332231.16900000069,
              456649.71209999919
            ],
            [
              332232.70370000042,
              456641.27090000361
            ],
            [
              332235.00590000115,
              456635.89919999987
            ],
            [
              332239.6102,
              456627.84160000272
            ],
            [
              332246.5167000005,
              456614.41229999997
            ],
            [
              332251.88839999959,
              456603.28519999981
            ],
            [
              332256.49270000029,
              456595.99510000274
            ],
            [
              332259.17860000115,
              456589.08860000223
            ],
            [
              332262.63179999962,
              456582.18210000172
            ],
            [
              332263.78289999999,
              456573.35710000247
            ],
            [
              332266.08509999979,
              456561.07889999822
            ],
            [
              332267.23620000016,
              456552.25399999879
            ],
            [
              332269.15460000094,
              456539.59210000187
            ],
            [
              332270.30570000038,
              456525.01180000044
            ],
            [
              332269.15460000094,
              456513.88460000232
            ],
            [
              332266.08509999979,
              456505.05969999917
            ],
            [
              332261.0970999999,
              456495.85100000165
            ],
            [
              332254.95800000057,
              456485.49129999988
            ],
            [
              332251.5047000004,
              456477.05010000244
            ],
            [
              332251.5047000004,
              456467.07400000095
            ],
            [
              332254.19060000125,
              456457.48169999942
            ],
            [
              332256.10900000203,
              456449.04040000029
            ],
            [
              332256.49270000029,
              456438.29700000398
            ],
            [
              332255.34170000162,
              456428.3209999986
            ],
            [
              332255.34170000162,
              456415.27540000342
            ],
            [
              332256.87640000135,
              456399.54400000162
            ],
            [
              332260.32970000152,
              456385.34730000049
            ],
            [
              332263.01550000068,
              456375.37130000256
            ],
            [
              332263.39919999894,
              456368.46480000019
            ],
            [
              332263.78289999999,
              456360.40719999932
            ],
            [
              332263.39919999894,
              456350.04750000127
            ],
            [
              332266.08509999979,
              456343.14100000076
            ],
            [
              332271.45680000074,
              456333.16500000097
            ],
            [
              332276.44480000064,
              456326.25850000046
            ],
            [
              332280.28170000017,
              456320.88680000231
            ],
            [
              332284.88609999977,
              456312.82919999957
            ],
            [
              332286.42080000229,
              456307.45750000142
            ],
            [
              332287.95559999999,
              456298.24890000001
            ],
            [
              332289.87409999967,
              456289.42390000075
            ],
            [
              332292.55989999976,
              456283.28480000235
            ],
            [
              332295.24580000062,
              456279.44790000282
            ],
            [
              332298.31530000083,
              456275.22729999945
            ],
            [
              332304.07070000004,
              456270.23929999955
            ],
            [
              332307.52400000207,
              456265.63489999995
            ],
            [
              332311.36089999974,
              456263.33280000277
            ],
            [
              332312.51200000197,
              456259.87950000353
            ],
            [
              332312.12830000091,
              456254.50779999979
            ],
            [
              332310.97720000055,
              456249.90350000374
            ],
            [
              332308.67509999964,
              456243.38070000149
            ],
            [
              332304.07070000004,
              456231.86990000308
            ],
            [
              332301.38489999995,
              456222.6612999998
            ],
            [
              332301.38489999995,
              456216.13850000128
            ],
            [
              332302.15230000112,
              456206.54610000178
            ],
            [
              332302.53600000031,
              456198.10490000062
            ],
            [
              332304.83810000122,
              456190.43100000359
            ],
            [
              332307.52400000207,
              456181.60610000417
            ],
            [
              332308.67509999964,
              456178.15279999934
            ],
            [
              332307.90770000033,
              456173.16479999945
            ],
            [
              332306.75659999996,
              456165.1072000023
            ],
            [
              332305.22180000227,
              456156.28229999915
            ],
            [
              332304.07070000004,
              456147.07360000163
            ],
            [
              332302.53600000031,
              456134.41169999912
            ],
            [
              332301.768600001,
              456126.73790000007
            ],
            [
              332299.85010000132,
              456117.14550000057
            ],
            [
              332296.7806000011,
              456105.25100000016
            ],
            [
              332293.71100000199,
              456093.74020000175
            ],
            [
              332290.25780000072,
              456078.39250000007
            ],
            [
              332287.95559999999,
              456069.95119999908
            ],
            [
              332285.65340000018,
              456062.66110000387
            ],
            [
              332283.35130000114,
              456053.83610000089
            ],
            [
              332280.28170000017,
              456045.39489999972
            ],
            [
              332276.44480000064,
              456038.10469999909
            ],
            [
              332270.30570000038,
              456029.2797000017
            ],
            [
              332263.01550000068,
              456017.3852000013
            ],
            [
              332258.41119999997,
              456006.6417999994
            ]
          ]
        ]
      }
    }
  ]
}