{
  "displayFieldName" : "",
  "fieldAliases" : {
    "FID" : "FID",
    "PMNTN_SN" : "PMNTN_SN",
    "MNTN_CODE" : "MNTN_CODE",
    "MNTN_NM" : "MNTN_NM",
    "PMNTN_NM" : "PMNTN_NM",
    "PMNTN_MAIN" : "PMNTN_MAIN",
    "PMNTN_LT" : "PMNTN_LT",
    "PMNTN_DFFL" : "PMNTN_DFFL",
    "PMNTN_UPPL" : "PMNTN_UPPL",
    "PMNTN_GODN" : "PMNTN_GODN",
    "PMNTN_MTRQ" : "PMNTN_MTRQ",
    "PMNTN_CNRL" : "PMNTN_CNRL",
    "PMNTN_CLS_" : "PMNTN_CLS_",
    "PMNTN_RISK" : "PMNTN_RISK",
    "PMNTN_RECO" : "PMNTN_RECO",
    "DATA_STDR_" : "DATA_STDR_",
    "MNTN_ID" : "MNTN_ID"
  },
  "geometryType" : "esriGeometryPolyline",
  "spatialReference" : {
    "wkt" : "PROJCS[\"PCS_ITRF2000_TM\",GEOGCS[\"GCS_ITRF_2000\",DATUM[\"D_ITRF_2000\",SPHEROID[\"GRS_1980\",6378137.0,298.257222101]],PRIMEM[\"Greenwich\",0.0],UNIT[\"Degree\",0.0174532925199433]],PROJECTION[\"Transverse_Mercator\"],PARAMETER[\"False_Easting\",200000.0],PARAMETER[\"False_Northing\",600000.0],PARAMETER[\"Central_Meridian\",127.0],PARAMETER[\"Scale_Factor\",1.0],PARAMETER[\"Latitude_Of_Origin\",38.0],UNIT[\"Meter\",1.0]]"
  },
  "fields" : [
    {
      "name" : "FID",
      "type" : "esriFieldTypeOID",
      "alias" : "FID"
    },
    {
      "name" : "PMNTN_SN",
      "type" : "esriFieldTypeDouble",
      "alias" : "PMNTN_SN"
    },
    {
      "name" : "MNTN_CODE",
      "type" : "esriFieldTypeString",
      "alias" : "MNTN_CODE",
      "length" : 9
    },
    {
      "name" : "MNTN_NM",
      "type" : "esriFieldTypeString",
      "alias" : "MNTN_NM",
      "length" : 50
    },
    {
      "name" : "PMNTN_NM",
      "type" : "esriFieldTypeString",
      "alias" : "PMNTN_NM",
      "length" : 50
    },
    {
      "name" : "PMNTN_MAIN",
      "type" : "esriFieldTypeString",
      "alias" : "PMNTN_MAIN",
      "length" : 200
    },
    {
      "name" : "PMNTN_LT",
      "type" : "esriFieldTypeSingle",
      "alias" : "PMNTN_LT"
    },
    {
      "name" : "PMNTN_DFFL",
      "type" : "esriFieldTypeString",
      "alias" : "PMNTN_DFFL",
      "length" : 8
    },
    {
      "name" : "PMNTN_UPPL",
      "type" : "esriFieldTypeDouble",
      "alias" : "PMNTN_UPPL"
    },
    {
      "name" : "PMNTN_GODN",
      "type" : "esriFieldTypeDouble",
      "alias" : "PMNTN_GODN"
    },
    {
      "name" : "PMNTN_MTRQ",
      "type" : "esriFieldTypeString",
      "alias" : "PMNTN_MTRQ",
      "length" : 200
    },
    {
      "name" : "PMNTN_CNRL",
      "type" : "esriFieldTypeString",
      "alias" : "PMNTN_CNRL",
      "length" : 1
    },
    {
      "name" : "PMNTN_CLS_",
      "type" : "esriFieldTypeString",
      "alias" : "PMNTN_CLS_",
      "length" : 1
    },
    {
      "name" : "PMNTN_RISK",
      "type" : "esriFieldTypeString",
      "alias" : "PMNTN_RISK",
      "length" : 200
    },
    {
      "name" : "PMNTN_RECO",
      "type" : "esriFieldTypeString",
      "alias" : "PMNTN_RECO",
      "length" : 1
    },
    {
      "name" : "DATA_STDR_",
      "type" : "esriFieldTypeString",
      "alias" : "DATA_STDR_",
      "length" : 10
    },
    {
      "name" : "MNTN_ID",
      "type" : "esriFieldTypeString",
      "alias" : "MNTN_ID",
      "length" : 10
    }
  ],
  "features" : [
    {
      "attributes" : {
        "FID" : 0,
        "PMNTN_SN" : 45691,
        "MNTN_CODE" : "415002801",
        "MNTN_NM" : "저명산",
        "PMNTN_NM" : "목리구간",
        "PMNTN_MAIN" : " ",
        "PMNTN_LT" : 0.24,
        "PMNTN_DFFL" : "쉬움",
        "PMNTN_UPPL" : 4,
        "PMNTN_GODN" : 3,
        "PMNTN_MTRQ" : " ",
        "PMNTN_CNRL" : " ",
        "PMNTN_CLS_" : " ",
        "PMNTN_RISK" : " ",
        "PMNTN_RECO" : " ",
        "DATA_STDR_" : "2016-12-31",
        "MNTN_ID" : "415000601"
      },
      "geometry" : {
        "paths" : [
          [
            [
              235372.23460000195,
              518401.20180000365
            ],
            [
              235372.57530000154,
              518406.41559999995
            ],
            [
              235375.44409999996,
              518415.00820000097
            ],
            [
              235376.20780000091,
              518419.14399999939
            ],
            [
              235375.49610000197,
              518422.00919999927
            ],
            [
              235372.43110000063,
              518424.80470000021
            ],
            [
              235367.85410000011,
              518428.2797000017
            ],
            [
              235365.19100000057,
              518429.70890000276
            ],
            [
              235360.42440000083,
              518431.61140000075
            ],
            [
              235352.33999999985,
              518434.54079999775
            ],
            [
              235345.08780000079,
              518437.42280000076
            ],
            [
              235341.66959999967,
              518438.5802000016
            ],
            [
              235336.59510000143,
              518440.2547999993
            ],
            [
              235332.02060000226,
              518444.67000000179
            ],
            [
              235328.28340000007,
              518446.91270000115
            ],
            [
              235321.16920000128,
              518449.24950000271
            ],
            [
              235317.37410000153,
              518449.77900000103
            ],
            [
              235310.58510000166,
              518449.62749999948
            ],
            [
              235306.64309999999,
              518448.90860000066
            ],
            [
              235299.08440000005,
              518446.60350000113
            ],
            [
              235294.73530000076,
              518445.03379999846
            ],
            [
              235287.42119999975,
              518442.01530000195
            ],
            [
              235279.33510000072,
              518438.20350000262
            ],
            [
              235275.4143000003,
              518436.91520000249
            ],
            [
              235271.09540000092,
              518436.26700000465
            ],
            [
              235266.75790000055,
              518436.13730000332
            ],
            [
              235262.68719999958,
              518436.53320000134
            ],
            [
              235258.11330000125,
              518437.84600000083
            ],
            [
              235255.19160000049,
              518439.47520000301
            ],
            [
              235248.84960000124,
              518444.55509999953
            ],
            [
              235246.34970000107,
              518446.27360000089
            ],
            [
              235242.71300000045,
              518448.22760000266
            ],
            [
              235238.50930000097,
              518450.10730000213
            ],
            [
              235223.73120000213,
              518455.55730000325
            ],
            [
              235218.18259999994,
              518457.87189999968
            ],
            [
              235211.5130000012,
              518461.09329999983
            ],
            [
              235198.29989999998,
              518467.81320000254
            ],
            [
              235189.70280000102,
              518471.35410000011
            ],
            [
              235186.91880000103,
              518473.21790000051
            ],
            [
              235184.23280000128,
              518476.54189999774
            ],
            [
              235182.52490000054,
              518479.88709999993
            ],
            [
              235181.54679999966,
              518482.5410999991
            ]
          ]
        ]
      }
    },
    {
      "attributes" : {
        "FID" : 1,
        "PMNTN_SN" : 45692,
        "MNTN_CODE" : "415002801",
        "MNTN_NM" : "저명산",
        "PMNTN_NM" : " ",
        "PMNTN_MAIN" : " ",
        "PMNTN_LT" : 0.05,
        "PMNTN_DFFL" : "쉬움",
        "PMNTN_UPPL" : 1,
        "PMNTN_GODN" : 1,
        "PMNTN_MTRQ" : " ",
        "PMNTN_CNRL" : " ",
        "PMNTN_CLS_" : " ",
        "PMNTN_RISK" : " ",
        "PMNTN_RECO" : " ",
        "DATA_STDR_" : "2016-12-31",
        "MNTN_ID" : "415000601"
      },
      "geometry" : {
        "paths" : [
          [
            [
              235117.48039999977,
              518457.13550000452
            ],
            [
              235115.92530000117,
              518459.49810000323
            ],
            [
              235114.48730000202,
              518464.12230000086
            ],
            [
              235112.12280000094,
              518467.98890000395
            ],
            [
              235109.34240000043,
              518471.11999999918
            ],
            [
              235106.36090000067,
              518473.87450000085
            ],
            [
              235098.86110000126,
              518480.21210000105
            ],
            [
              235095.38850000035,
              518483.64570000209
            ],
            [
              235089.74710000027,
              518491.38399999961
            ],
            [
              235087.42140000034,
              518492.99829999916
            ]
          ]
        ]
      }
    },
    {
      "attributes" : {
        "FID" : 2,
        "PMNTN_SN" : 45693,
        "MNTN_CODE" : "415002801",
        "MNTN_NM" : "저명산",
        "PMNTN_NM" : " ",
        "PMNTN_MAIN" : " ",
        "PMNTN_LT" : 0.45,
        "PMNTN_DFFL" : "쉬움",
        "PMNTN_UPPL" : 8,
        "PMNTN_GODN" : 6,
        "PMNTN_MTRQ" : " ",
        "PMNTN_CNRL" : " ",
        "PMNTN_CLS_" : " ",
        "PMNTN_RISK" : " ",
        "PMNTN_RECO" : " ",
        "DATA_STDR_" : "2016-12-31",
        "MNTN_ID" : "415000601"
      },
      "geometry" : {
        "paths" : [
          [
            [
              235117.48039999977,
              518457.13550000452
            ],
            [
              235114.66189999972,
              518454.37070000172
            ],
            [
              235112.22900000121,
              518448.99560000002
            ],
            [
              235113.7145999996,
              518440.26779999956
            ],
            [
              235113.37290000077,
              518437.24530000053
            ],
            [
              235110.8060000008,
              518435.39819999784
            ],
            [
              235107.34090000112,
              518434.45780000091
            ],
            [
              235103.67290000059,
              518433.93899999931
            ],
            [
              235100.35759999976,
              518433.79810000211
            ],
            [
              235096.64520000014,
              518434.17500000261
            ],
            [
              235092.52560000122,
              518435.04050000384
            ],
            [
              235086.55170000158,
              518436.70050000027
            ],
            [
              235083.82589999959,
              518437.63540000282
            ],
            [
              235077.04190000053,
              518440.54800000042
            ],
            [
              235073.84889999963,
              518441.67109999992
            ],
            [
              235067.79729999881,
              518443.25530000031
            ],
            [
              235063.35520000011,
              518443.88030000217
            ],
            [
              235059.51950000133,
              518443.82799999975
            ],
            [
              235055.3777999999,
              518443.25660000183
            ],
            [
              235050.94270000141,
              518442.16779999994
            ],
            [
              235045.29270000011,
              518440.13269999996
            ],
            [
              235042.34649999999,
              518438.4851000011
            ],
            [
              235034.14979999978,
              518432.48290000111
            ],
            [
              235031.17850000132,
              518431.00210000202
            ],
            [
              235026.81759999972,
              518429.6333000008
            ],
            [
              235023.16899999976,
              518428.96290000156
            ],
            [
              235018.5791000016,
              518429.80159999989
            ],
            [
              235015.95469999965,
              518432.19330000132
            ],
            [
              235014.34509999957,
              518435.01750000007
            ],
            [
              235010.60350000113,
              518443.07250000164
            ],
            [
              235008.75270000007,
              518445.8628000021
            ],
            [
              235004.03419999965,
              518450.87439999916
            ],
            [
              235001.05700000096,
              518453.58150000125
            ],
            [
              234998.19309999887,
              518455.67500000075
            ],
            [
              234993.74040000141,
              518457.55210000277
            ],
            [
              234984.76560000051,
              518458.3692000024
            ],
            [
              234981.63060000073,
              518460.7731000036
            ],
            [
              234978.30140000023,
              518468.18140000105
            ],
            [
              234973.94420000073,
              518475.85620000213
            ],
            [
              234969.89980000164,
              518482.20380000398
            ],
            [
              234965.85629999917,
              518487.71169999987
            ],
            [
              234961.73250000086,
              518492.48250000179
            ],
            [
              234958.8759000022,
              518495.20649999939
            ],
            [
              234951.59370000195,
              518501.19400000386
            ],
            [
              234948.47740000114,
              518504.08070000261
            ],
            [
              234945.68110000063,
              518507.2069000043
            ],
            [
              234940.02520000096,
              518514.32560000196
            ],
            [
              234937.43140000105,
              518517.33590000123
            ],
            [
              234934.12949999887,
              518520.38660000265
            ],
            [
              234926.84300000127,
              518525.8741999995
            ],
            [
              234924.00629999954,
              518528.27219999954
            ],
            [
              234921.46659999993,
              518531.05819999985
            ],
            [
              234919.75789999962,
              518533.90479999967
            ],
            [
              234918.59650000092,
              518536.79509999976
            ],
            [
              234917.45860000048,
              518541.04779999889
            ],
            [
              234917.07510000002,
              518545.83810000122
            ],
            [
              234917.66060000006,
              518548.67180000246
            ],
            [
              234921.43320000172,
              518557.7575000003
            ],
            [
              234922.06740000099,
              518563.07360000163
            ],
            [
              234921.20080000069,
              518569.03940000199
            ],
            [
              234920.00840000063,
              518573.1472000014
            ],
            [
              234916.63560000062,
              518582.66860000044
            ],
            [
              234915.3395000007,
              518586.92530000024
            ],
            [
              234910.78619999997,
              518601.96010000259
            ],
            [
              234909.87019999977,
              518605.66469999962
            ],
            [
              234909.26429999992,
              518609.01720000245
            ],
            [
              234908.91050000209,
              518614.14290000126
            ],
            [
              234909.08579999954,
              518625.47800000012
            ],
            [
              234908.71200000029,
              518630.00450000167
            ],
            [
              234907.80559999961,
              518634.69830000401
            ],
            [
              234905.9505000012,
              518642.15510000102
            ],
            [
              234903.68340000138,
              518650.44720000215
            ],
            [
              234899.32290000003,
              518664.79920000024
            ],
            [
              234893.64329999872,
              518683.30199999735
            ],
            [
              234887.61890000105,
              518702.15760000236
            ]
          ]
        ]
      }
    },
    {
      "attributes" : {
        "FID" : 3,
        "PMNTN_SN" : 45694,
        "MNTN_CODE" : "415002801",
        "MNTN_NM" : "저명산",
        "PMNTN_NM" : " ",
        "PMNTN_MAIN" : " ",
        "PMNTN_LT" : 0.08,
        "PMNTN_DFFL" : "쉬움",
        "PMNTN_UPPL" : 1,
        "PMNTN_GODN" : 1,
        "PMNTN_MTRQ" : " ",
        "PMNTN_CNRL" : " ",
        "PMNTN_CLS_" : " ",
        "PMNTN_RISK" : " ",
        "PMNTN_RECO" : " ",
        "DATA_STDR_" : "2016-12-31",
        "MNTN_ID" : "415000601"
      },
      "geometry" : {
        "paths" : [
          [
            [
              235181.54679999966,
              518482.5410999991
            ],
            [
              235178.02420000173,
              518482.77009999938
            ],
            [
              235173.75520000048,
              518482.0719000008
            ],
            [
              235169.60920000169,
              518478.71189999953
            ],
            [
              235168.0764000006,
              518469.46970000118
            ],
            [
              235165.79310000036,
              518464.22529999912
            ],
            [
              235163.60390000045,
              518460.77990000136
            ],
            [
              235161.29040000029,
              518458.0298999995
            ],
            [
              235157.09869999997,
              518455.14750000276
            ],
            [
              235152.23250000086,
              518453.88840000145
            ],
            [
              235148.18359999917,
              518453.68270000257
            ],
            [
              235139.01989999972,
              518453.82169999927
            ],
            [
              235130.54609999992,
              518453.70629999973
            ],
            [
              235126.46350000054,
              518454.15269999951
            ],
            [
              235120.1381000001,
              518455.6381000001
            ],
            [
              235117.48039999977,
              518457.13550000452
            ]
          ]
        ]
      }
    },
    {
      "attributes" : {
        "FID" : 4,
        "PMNTN_SN" : 45695,
        "MNTN_CODE" : "415002801",
        "MNTN_NM" : "저명산",
        "PMNTN_NM" : " ",
        "PMNTN_MAIN" : " ",
        "PMNTN_LT" : 0.15,
        "PMNTN_DFFL" : "쉬움",
        "PMNTN_UPPL" : 3,
        "PMNTN_GODN" : 2,
        "PMNTN_MTRQ" : " ",
        "PMNTN_CNRL" : " ",
        "PMNTN_CLS_" : " ",
        "PMNTN_RISK" : " ",
        "PMNTN_RECO" : " ",
        "DATA_STDR_" : "2016-12-31",
        "MNTN_ID" : "415000601"
      },
      "geometry" : {
        "paths" : [
          [
            [
              235181.54679999966,
              518482.5410999991
            ],
            [
              235180.35950000118,
              518486.68979999982
            ],
            [
              235179.8021999998,
              518490.04300000146
            ],
            [
              235179.82670000102,
              518492.89220000245
            ],
            [
              235180.86480000149,
              518495.9207000006
            ],
            [
              235184.53360000066,
              518500.43500000238
            ],
            [
              235185.9207000006,
              518503.79309999943
            ],
            [
              235187.06979999971,
              518510.70829999819
            ],
            [
              235189.83130000159,
              518521.20190000162
            ],
            [
              235192.37889999989,
              518527.78140000254
            ],
            [
              235193.22030000109,
              518531.83500000276
            ],
            [
              235193.02840000018,
              518539.90870000236
            ],
            [
              235193.99659999926,
              518543.47169999965
            ],
            [
              235196.64979999978,
              518548.30980000086
            ],
            [
              235197.82309999969,
              518551.49609999917
            ],
            [
              235198.42450000066,
              518554.85289999843
            ],
            [
              235198.84320000093,
              518563.22389999963
            ],
            [
              235199.22039999906,
              518566.49029999971
            ],
            [
              235199.93510000035,
              518569.77570000105
            ],
            [
              235201.88390000071,
              518577.06629999913
            ],
            [
              235202.53410000168,
              518580.29780000262
            ],
            [
              235203.04540000018,
              518584.96979999915
            ],
            [
              235203.21200000029,
              518590.21770000085
            ],
            [
              235202.53410000168,
              518606.80800000019
            ],
            [
              235202.64900000021,
              518615.00620000064
            ],
            [
              235201.5783000011,
              518617.86890000105
            ],
            [
              235199.35990000144,
              518620.11260000058
            ],
            [
              235195.90409999993,
              518622.12939999811
            ],
            [
              235191.12939999998,
              518623.19560000114
            ]
          ]
        ]
      }
    },
    {
      "attributes" : {
        "FID" : 5,
        "PMNTN_SN" : 45696,
        "MNTN_CODE" : "415002801",
        "MNTN_NM" : "저명산",
        "PMNTN_NM" : " ",
        "PMNTN_MAIN" : " ",
        "PMNTN_LT" : 0.13,
        "PMNTN_DFFL" : "쉬움",
        "PMNTN_UPPL" : 2,
        "PMNTN_GODN" : 2,
        "PMNTN_MTRQ" : " ",
        "PMNTN_CNRL" : " ",
        "PMNTN_CLS_" : " ",
        "PMNTN_RISK" : " ",
        "PMNTN_RECO" : " ",
        "DATA_STDR_" : "2016-12-31",
        "MNTN_ID" : "415000601"
      },
      "geometry" : {
        "paths" : [
          [
            [
              235087.42140000034,
              518492.99829999916
            ],
            [
              235082.68560000136,
              518498.5578000024
            ],
            [
              235073.4160999991,
              518508.34689999931
            ],
            [
              235069.98280000128,
              518512.36520000175
            ],
            [
              235066.01700000186,
              518518.09170000255
            ],
            [
              235057.83220000006,
              518531.69559999742
            ],
            [
              235054.43630000111,
              518536.6248000022
            ],
            [
              235044.64460000116,
              518550.03010000102
            ],
            [
              235041.87160000019,
              518554.27160000242
            ],
            [
              235039.60639999993,
              518558.20590000041
            ],
            [
              235035.59740000125,
              518565.33880000003
            ],
            [
              235033.89680000115,
              518568.72800000198
            ],
            [
              235032.5791000016,
              518572.16740000062
            ],
            [
              235031.87430000119,
              518575.32709999941
            ],
            [
              235031.64870000072,
              518578.40599999949
            ],
            [
              235031.75920000207,
              518581.75970000215
            ],
            [
              235032.20520000067,
              518585.35710000247
            ],
            [
              235032.97890000138,
              518589.13450000249
            ],
            [
              235033.86349999905,
              518592.25750000216
            ],
            [
              235034.98690000083,
              518595.32360000163
            ],
            [
              235036.34890000056,
              518598.33280000463
            ],
            [
              235037.94950000197,
              518601.28510000184
            ]
          ]
        ]
      }
    },
    {
      "attributes" : {
        "FID" : 6,
        "PMNTN_SN" : 45697,
        "MNTN_CODE" : "415002801",
        "MNTN_NM" : "저명산",
        "PMNTN_NM" : " ",
        "PMNTN_MAIN" : " ",
        "PMNTN_LT" : 0.19,
        "PMNTN_DFFL" : "쉬움",
        "PMNTN_UPPL" : 3,
        "PMNTN_GODN" : 2,
        "PMNTN_MTRQ" : " ",
        "PMNTN_CNRL" : " ",
        "PMNTN_CLS_" : " ",
        "PMNTN_RISK" : " ",
        "PMNTN_RECO" : " ",
        "DATA_STDR_" : "2016-12-31",
        "MNTN_ID" : "415000601"
      },
      "geometry" : {
        "paths" : [
          [
            [
              235087.42140000034,
              518492.99829999916
            ],
            [
              235085.52880000137,
              518490.89619999938
            ],
            [
              235083.43980000168,
              518481.74500000104
            ],
            [
              235081.55690000113,
              518479.48740000278
            ],
            [
              235077.35110000055,
              518479.09820000269
            ],
            [
              235071.78409999982,
              518480.57300000265
            ],
            [
              235062.80290000048,
              518484.19800000265
            ],
            [
              235057.49650000036,
              518486.31839999929
            ],
            [
              235052.1819000002,
              518488.89040000178
            ],
            [
              235046.92690000031,
              518491.88150000013
            ],
            [
              235041.81560000125,
              518495.24400000274
            ],
            [
              235035.38830000069,
              518499.82269999944
            ],
            [
              235031.37850000057,
              518503.08340000361
            ],
            [
              235028.16439999919,
              518506.34019999951
            ],
            [
              235025.79900000151,
              518509.60370000079
            ],
            [
              235024.12889999989,
              518512.86080000177
            ],
            [
              235022.72589999996,
              518516.57589999959
            ],
            [
              235021.61430000048,
              518520.68670000136
            ],
            [
              235020.82830000017,
              518525.06800000183
            ],
            [
              235020.67900000047,
              518528.13130000234
            ],
            [
              235020.92839999963,
              518536.37660000287
            ],
            [
              235020.1101000011,
              518540.72630000114
            ],
            [
              235018.85610000137,
              518543.91970000416
            ],
            [
              235013.58370000124,
              518553.72190000303
            ],
            [
              235011.9916000003,
              518557.10130000114
            ],
            [
              235009.89800000098,
              518562.78299999982
            ],
            [
              235005.43049999978,
              518576.7145000007
            ],
            [
              235004.03690000065,
              518580.38159999996
            ],
            [
              235002.60250000004,
              518583.61150000058
            ],
            [
              235001.16000000108,
              518586.09370000102
            ],
            [
              234997.60300000105,
              518591.05030000024
            ],
            [
              234995.76890000049,
              518594.26690000109
            ],
            [
              234994.8879000023,
              518598.35139999911
            ],
            [
              234995.45380000025,
              518602.097000001
            ],
            [
              234997.0120000001,
              518605.87500000186
            ],
            [
              234998.80059999973,
              518608.72870000266
            ],
            [
              235002.09509999864,
              518612.56350000016
            ]
          ]
        ]
      }
    },
    {
      "attributes" : {
        "FID" : 7,
        "PMNTN_SN" : 45698,
        "MNTN_CODE" : "415002801",
        "MNTN_NM" : "저명산",
        "PMNTN_NM" : " ",
        "PMNTN_MAIN" : " ",
        "PMNTN_LT" : 0.04,
        "PMNTN_DFFL" : "쉬움",
        "PMNTN_UPPL" : 1,
        "PMNTN_GODN" : 0,
        "PMNTN_MTRQ" : " ",
        "PMNTN_CNRL" : " ",
        "PMNTN_CLS_" : " ",
        "PMNTN_RISK" : " ",
        "PMNTN_RECO" : " ",
        "DATA_STDR_" : "2016-12-31",
        "MNTN_ID" : "415000601"
      },
      "geometry" : {
        "paths" : [
          [
            [
              235037.94950000197,
              518601.28510000184
            ],
            [
              235032.08850000054,
              518601.11280000024
            ],
            [
              235025.98710000142,
              518601.48040000163
            ],
            [
              235020.15410000086,
              518602.35520000197
            ],
            [
              235014.87090000138,
              518603.69290000014
            ],
            [
              235010.42109999992,
              518605.40190000273
            ],
            [
              235006.02410000097,
              518608.05000000261
            ],
            [
              235003.6679000007,
              518610.21250000037
            ],
            [
              235002.09509999864,
              518612.56350000016
            ]
          ]
        ]
      }
    },
    {
      "attributes" : {
        "FID" : 8,
        "PMNTN_SN" : 45699,
        "MNTN_CODE" : "415002801",
        "MNTN_NM" : "저명산",
        "PMNTN_NM" : " ",
        "PMNTN_MAIN" : " ",
        "PMNTN_LT" : 0.16,
        "PMNTN_DFFL" : "쉬움",
        "PMNTN_UPPL" : 3,
        "PMNTN_GODN" : 2,
        "PMNTN_MTRQ" : " ",
        "PMNTN_CNRL" : " ",
        "PMNTN_CLS_" : " ",
        "PMNTN_RISK" : " ",
        "PMNTN_RECO" : " ",
        "DATA_STDR_" : "2016-12-31",
        "MNTN_ID" : "415000601"
      },
      "geometry" : {
        "paths" : [
          [
            [
              235002.09509999864,
              518612.56350000016
            ],
            [
              235001.12660000008,
              518616.3582000006
            ],
            [
              235001.37999999989,
              518627.46110000275
            ],
            [
              235000.73029999994,
              518631.14650000073
            ],
            [
              234998.2248999998,
              518636.15360000171
            ],
            [
              234995.36880000122,
              518639.92310000211
            ],
            [
              234992.1353000002,
              518643.11669999734
            ],
            [
              234987.52860000171,
              518645.99160000123
            ],
            [
              234983.15730000101,
              518647.09450000338
            ],
            [
              234979.99149999954,
              518647.26170000248
            ],
            [
              234971.90230000019,
              518647.23520000093
            ],
            [
              234967.80780000053,
              518647.67800000124
            ],
            [
              234963.77080000006,
              518648.62150000222
            ],
            [
              234955.10489999875,
              518650.99180000089
            ],
            [
              234946.26819999889,
              518653.20099999942
            ],
            [
              234940.77590000164,
              518655.20940000005
            ],
            [
              234935.91240000073,
              518657.44150000252
            ],
            [
              234931.66750000138,
              518659.90180000104
            ],
            [
              234928.04239999875,
              518662.59010000154
            ],
            [
              234925.64620000217,
              518664.88099999912
            ],
            [
              234923.22500000056,
              518667.73630000278
            ],
            [
              234916.44410000183,
              518677.50210000202
            ],
            [
              234914.75280000083,
              518680.23230000213
            ],
            [
              234910.35190000013,
              518688.37510000169
            ],
            [
              234907.89740000106,
              518691.52800000273
            ],
            [
              234903.65550000127,
              518695.02290000021
            ],
            [
              234899.8415000001,
              518697.16469999962
            ],
            [
              234895.61280000117,
              518698.8395000007
            ],
            [
              234890.10830000043,
              518700.81469999999
            ],
            [
              234887.61890000105,
              518702.15760000236
            ]
          ]
        ]
      }
    },
    {
      "attributes" : {
        "FID" : 9,
        "PMNTN_SN" : 45700,
        "MNTN_CODE" : "415002801",
        "MNTN_NM" : "저명산",
        "PMNTN_NM" : " ",
        "PMNTN_MAIN" : " ",
        "PMNTN_LT" : 0.17,
        "PMNTN_DFFL" : "쉬움",
        "PMNTN_UPPL" : 3,
        "PMNTN_GODN" : 2,
        "PMNTN_MTRQ" : " ",
        "PMNTN_CNRL" : " ",
        "PMNTN_CLS_" : " ",
        "PMNTN_RISK" : " ",
        "PMNTN_RECO" : " ",
        "DATA_STDR_" : "2016-12-31",
        "MNTN_ID" : "415000601"
      },
      "geometry" : {
        "paths" : [
          [
            [
              235191.12939999998,
              518623.19560000114
            ],
            [
              235188.49030000065,
              518622.17800000124
            ],
            [
              235185.68470000103,
              518620.11869999953
            ],
            [
              235181.91220000014,
              518616.50860000215
            ],
            [
              235179.76009999961,
              518613.7508000005
            ],
            [
              235175.06970000174,
              518605.19070000201
            ],
            [
              235172.71009999979,
              518601.83740000054
            ],
            [
              235166.04870000016,
              518594.44110000134
            ],
            [
              235163.38180000056,
              518591.87780000083
            ],
            [
              235160.88850000128,
              518589.80020000413
            ],
            [
              235157.27479999885,
              518587.51070000231
            ],
            [
              235152.79629999958,
              518585.97800000012
            ],
            [
              235149.24089999963,
              518586.06159999967
            ],
            [
              235146.40990000032,
              518586.99860000052
            ],
            [
              235143.67580000125,
              518588.32799999975
            ],
            [
              235136.95150000136,
              518592.0616999995
            ],
            [
              235133.49700000044,
              518593.55290000141
            ],
            [
              235127.47250000201,
              518595.40060000122
            ],
            [
              235121.00480000116,
              518597.01710000448
            ],
            [
              235114.03720000107,
              518598.41719999909
            ],
            [
              235106.43439999968,
              518599.62820000388
            ],
            [
              235098.94039999973,
              518600.34850000218
            ],
            [
              235084.61780000012,
              518600.89540000446
            ],
            [
              235078.81950000115,
              518601.28510000184
            ],
            [
              235074.19450000022,
              518601.91110000014
            ],
            [
              235064.60080000013,
              518603.7575000003
            ],
            [
              235060.48880000133,
              518604.40090000257
            ],
            [
              235056.16569999978,
              518604.73890000023
            ],
            [
              235052.30930000078,
              518604.5987999998
            ],
            [
              235048.81390000228,
              518603.95350000076
            ],
            [
              235041.14979999978,
              518601.80430000275
            ],
            [
              235037.94950000197,
              518601.28510000184
            ]
          ]
        ]
      }
    },
    {
      "attributes" : {
        "FID" : 10,
        "PMNTN_SN" : 45701,
        "MNTN_CODE" : "415002801",
        "MNTN_NM" : "저명산",
        "PMNTN_NM" : "목리구간",
        "PMNTN_MAIN" : " ",
        "PMNTN_LT" : 0.17,
        "PMNTN_DFFL" : "쉬움",
        "PMNTN_UPPL" : 3,
        "PMNTN_GODN" : 2,
        "PMNTN_MTRQ" : " ",
        "PMNTN_CNRL" : " ",
        "PMNTN_CLS_" : " ",
        "PMNTN_RISK" : " ",
        "PMNTN_RECO" : " ",
        "DATA_STDR_" : "2016-12-31",
        "MNTN_ID" : "415000601"
      },
      "geometry" : {
        "paths" : [
          [
            [
              235191.12939999998,
              518623.19560000114
            ],
            [
              235194.24140000064,
              518626.00949999876
            ],
            [
              235199.14430000074,
              518627.72860000096
            ],
            [
              235206.95310000051,
              518624.58820000105
            ],
            [
              235210.06730000116,
              518625.7061999999
            ],
            [
              235211.8609000016,
              518627.90819999948
            ],
            [
              235214.63880000077,
              518632.41360000148
            ],
            [
              235217.08640000038,
              518635.01720000245
            ],
            [
              235219.64210000169,
              518636.76510000043
            ],
            [
              235227.7237999998,
              518641.00329999998
            ],
            [
              235231.00630000047,
              518643.69490000233
            ],
            [
              235238.23809999973,
              518646.64279999956
            ],
            [
              235257.05440000072,
              518649.48360000364
            ],
            [
              235282.78310000058,
              518658.03260000236
            ],
            [
              235303.85760000069,
              518663.46410000138
            ],
            [
              235323.24600000028,
              518668.71100000106
            ],
            [
              235339.06540000159,
              518674.40920000151
            ],
            [
              235350.54980000108,
              518680.26359999925
            ]
          ]
        ]
      }
    },
    {
      "attributes" : {
        "FID" : 11,
        "PMNTN_SN" : 45702,
        "MNTN_CODE" : "415002801",
        "MNTN_NM" : "저명산",
        "PMNTN_NM" : " ",
        "PMNTN_MAIN" : " ",
        "PMNTN_LT" : 0.34,
        "PMNTN_DFFL" : "쉬움",
        "PMNTN_UPPL" : 6,
        "PMNTN_GODN" : 4,
        "PMNTN_MTRQ" : " ",
        "PMNTN_CNRL" : " ",
        "PMNTN_CLS_" : " ",
        "PMNTN_RISK" : " ",
        "PMNTN_RECO" : " ",
        "DATA_STDR_" : "2016-12-31",
        "MNTN_ID" : "415000601"
      },
      "geometry" : {
        "paths" : [
          [
            [
              234887.61890000105,
              518702.15760000236
            ],
            [
              234878.87459999975,
              518710.17130000144
            ],
            [
              234864.85790000111,
              518723.13200000115
            ],
            [
              234841.98830000032,
              518742.58750000037
            ],
            [
              234815.99550000113,
              518763.6483000014
            ],
            [
              234798.46999999974,
              518782.10500000231
            ],
            [
              234788.44799999986,
              518791.09190000221
            ],
            [
              234784.33179999981,
              518798.6147000026
            ],
            [
              234784.90199999977,
              518820.61590000242
            ],
            [
              234782.66850000154,
              518824.20150000229
            ],
            [
              234780.48060000129,
              518827.2677000016
            ],
            [
              234775.09830000158,
              518833.96030000411
            ],
            [
              234769.79069999978,
              518839.9542999994
            ],
            [
              234764.50090000127,
              518845.31369999982
            ],
            [
              234759.20300000161,
              518850.06430000253
            ],
            [
              234754.06250000093,
              518853.81320000254
            ],
            [
              234741.91590000223,
              518861.30150000006
            ],
            [
              234737.11120000016,
              518864.97629999928
            ],
            [
              234733.69820000045,
              518868.21849999949
            ],
            [
              234730.36160000041,
              518871.82550000027
            ],
            [
              234727.08450000081,
              518875.81550000049
            ],
            [
              234723.83920000121,
              518880.22179999948
            ],
            [
              234720.65440000221,
              518884.99190000258
            ],
            [
              234717.40050000139,
              518890.30630000122
            ],
            [
              234710.04860000126,
              518903.63720000163
            ],
            [
              234704.72860000189,
              518913.7407000009
            ],
            [
              234703.30260000005,
              518917.11539999954
            ],
            [
              234702.31640000083,
              518920.20610000007
            ],
            [
              234701.69680000097,
              518923.03889999911
            ],
            [
              234701.27420000173,
              518926.04070000164
            ],
            [
              234701.04820000101,
              518929.21290000156
            ],
            [
              234701.0186999999,
              518932.55900000036
            ],
            [
              234701.5476000011,
              518939.78170000203
            ],
            [
              234703.19890000205,
              518949.04549999908
            ],
            [
              234705.61259999964,
              518956.31550000235
            ],
            [
              234706.18250000104,
              518959.41920000315
            ]
          ]
        ]
      }
    },
    {
      "attributes" : {
        "FID" : 12,
        "PMNTN_SN" : 45703,
        "MNTN_CODE" : "415002801",
        "MNTN_NM" : "저명산",
        "PMNTN_NM" : "목리구간",
        "PMNTN_MAIN" : " ",
        "PMNTN_LT" : 0.92,
        "PMNTN_DFFL" : "쉬움",
        "PMNTN_UPPL" : 16,
        "PMNTN_GODN" : 11,
        "PMNTN_MTRQ" : " ",
        "PMNTN_CNRL" : " ",
        "PMNTN_CLS_" : " ",
        "PMNTN_RISK" : " ",
        "PMNTN_RECO" : " ",
        "DATA_STDR_" : "2016-12-31",
        "MNTN_ID" : "415000601"
      },
      "geometry" : {
        "paths" : [
          [
            [
              234930.96750000119,
              518912.4739000015
            ],
            [
              234949.98429999966,
              518894.284500001
            ],
            [
              234955.64760000072,
              518889.21280000173
            ],
            [
              234960.88360000029,
              518884.8590000011
            ],
            [
              234967.83579999954,
              518878.51319999993
            ],
            [
              234970.18950000033,
              518876.57609999925
            ],
            [
              234972.99010000098,
              518874.82700000331
            ],
            [
              234976.60490000062,
              518873.75370000117
            ],
            [
              234979.74860000052,
              518873.72499999963
            ],
            [
              234988.33300000057,
              518875.14550000243
            ],
            [
              234995.0904000001,
              518875.31369999982
            ],
            [
              235007.12999999989,
              518874.62160000019
            ],
            [
              235012.43140000012,
              518874.54949999973
            ],
            [
              235015.65220000036,
              518874.42669999972
            ],
            [
              235023.88950000051,
              518873.61360000074
            ],
            [
              235027.42889999971,
              518873.58970000222
            ],
            [
              235030.94099999964,
              518874.81530000083
            ],
            [
              235032.90450000018,
              518878.98900000192
            ],
            [
              235032.81280000228,
              518882.95720000193
            ],
            [
              235031.84660000075,
              518886.65520000085
            ],
            [
              235028.64980000071,
              518890.69889999926
            ],
            [
              235021.70170000102,
              518896.0848999992
            ],
            [
              235019.63170000073,
              518898.16900000162
            ],
            [
              235016.37750000134,
              518903.24310000241
            ],
            [
              235014.04119999986,
              518908.57569999993
            ],
            [
              235012.33200000133,
              518913.6612999998
            ],
            [
              235008.0130000012,
              518928.30639999919
            ],
            [
              235001.87239999976,
              518946.14100000076
            ],
            [
              235000.2779000001,
              518951.84470000118
            ],
            [
              234999.17620000057,
              518957.02590000443
            ],
            [
              234996.70580000151,
              518969.50580000132
            ],
            [
              234995.94310000073,
              518975.95800000429
            ],
            [
              234996.07310000155,
              518980.40010000207
            ],
            [
              234997.25449999887,
              518985.36879999936
            ],
            [
              235000.33930000011,
              518990.94100000151
            ],
            [
              235003.37729999889,
              518994.74720000103
            ],
            [
              235005.69120000117,
              518996.85280000418
            ],
            [
              235008.73650000151,
              518998.69060000032
            ],
            [
              235012.41900000069,
              518999.58730000071
            ],
            [
              235016.82950000186,
              518999.75070000067
            ],
            [
              235021.81360000093,
              518998.53360000253
            ],
            [
              235024.19379999954,
              518995.31160000153
            ],
            [
              235023.50619999971,
              518986.15080000274
            ],
            [
              235023.79470000137,
              518978.26100000367
            ],
            [
              235024.13180000056,
              518974.72959999926
            ],
            [
              235024.75560000073,
              518971.50439999998
            ],
            [
              235026.16410000063,
              518967.8870000001
            ],
            [
              235028.62009999994,
              518964.21850000322
            ],
            [
              235031.16179999989,
              518961.46360000223
            ],
            [
              235035.56739999913,
              518957.75860000029
            ],
            [
              235041.88720000163,
              518953.34390000068
            ],
            [
              235045.75890000071,
              518951.0260000024
            ],
            [
              235050.21000000089,
              518948.8506000042
            ],
            [
              235055.33029999956,
              518946.76610000059
            ],
            [
              235061.76989999972,
              518944.50720000081
            ],
            [
              235069.42920000013,
              518942.18390000053
            ],
            [
              235075.76150000002,
              518940.82520000264
            ],
            [
              235080.20770000108,
              518940.32320000231
            ],
            [
              235085.15490000043,
              518940.15850000456
            ],
            [
              235090.64940000046,
              518940.30829999968
            ],
            [
              235098.58970000036,
              518940.82520000264
            ],
            [
              235101.95349999983,
              518940.84710000083
            ],
            [
              235110.72919999994,
              518940.35969999991
            ],
            [
              235115.99710000027,
              518940.92020000331
            ],
            [
              235120.01700000186,
              518944.29089999944
            ],
            [
              235120.81560000125,
              518948.12739999965
            ],
            [
              235120.30890000053,
              518951.20690000243
            ],
            [
              235117.35770000145,
              518953.93549999781
            ],
            [
              235110.63970000204,
              518957.20409999974
            ],
            [
              235099.47850000113,
              518964.15770000033
            ],
            [
              235094.90780000016,
              518967.33540000021
            ],
            [
              235085.95999999996,
              518974.50780000165
            ],
            [
              235082.17890000064,
              518977.8983000014
            ],
            [
              235078.77249999903,
              518981.23470000178
            ],
            [
              235075.69100000057,
              518984.56870000437
            ],
            [
              235072.94140000083,
              518987.89619999938
            ],
            [
              235070.51240000036,
              518991.23110000044
            ],
            [
              235068.39750000089,
              518994.5821000021
            ],
            [
              235064.96499999985,
              519000.52800000459
            ],
            [
              235062.99540000129,
              519004.51059999876
            ],
            [
              235061.66660000104,
              519008.18420000188
            ],
            [
              235061.03350000083,
              519011.51920000091
            ],
            [
              235061.05760000087,
              519015.37390000001
            ],
            [
              235061.79510000162,
              519019.69639999978
            ],
            [
              235063.24560000189,
              519024.50029999949
            ],
            [
              235065.45190000068,
              519029.92909999937
            ],
            [
              235068.90720000118,
              519036.92290000059
            ],
            [
              235070.58270000014,
              519039.72250000201
            ],
            [
              235072.27309999987,
              519042.14450000226
            ],
            [
              235074.89510000218,
              519045.08930000104
            ],
            [
              235078.51750000101,
              519047.8303999994
            ],
            [
              235083.90240000095,
              519049.90710000135
            ],
            [
              235088.40230000112,
              519050.74450000189
            ],
            [
              235091.25310000032,
              519050.76989999972
            ],
            [
              235094.27759999875,
              519050.08819999918
            ],
            [
              235096.76960000116,
              519048.22480000183
            ],
            [
              235098.51190000214,
              519045.70370000228
            ],
            [
              235100.11640000064,
              519042.27170000412
            ],
            [
              235101.53530000057,
              519038.02950000204
            ],
            [
              235101.89879999962,
              519035.18110000156
            ],
            [
              235101.86130000092,
              519027.26730000041
            ],
            [
              235104.20940000098,
              519022.48809999786
            ],
            [
              235107.21240000054,
              519019.32670000196
            ],
            [
              235110.3721000012,
              519016.67400000058
            ],
            [
              235113.9179000007,
              519014.06020000204
            ],
            [
              235117.49320000224,
              519011.92670000158
            ],
            [
              235120.99250000063,
              519010.3356999997
            ],
            [
              235124.36360000167,
              519009.31000000238
            ],
            [
              235128.68939999957,
              519008.51260000281
            ],
            [
              235132.26389999967,
              519008.25160000101
            ],
            [
              235135.24110000022,
              519008.51590000279
            ],
            [
              235138.6399000017,
              519010.00540000387
            ],
            [
              235141.67920000013,
              519012.76139999926
            ],
            [
              235143.53500000201,
              519015.35640000179
            ],
            [
              235145.18900000118,
              519018.85670000128
            ],
            [
              235145.45810000133,
              519022.29330000095
            ],
            [
              235144.60810000077,
              519031.39839999937
            ],
            [
              235146.85219999962,
              519036.92690000124
            ],
            [
              235149.45630000066,
              519040.04100000113
            ],
            [
              235153.46899999958,
              519043.0353000015
            ],
            [
              235157.89480000082,
              519044.3507000003
            ],
            [
              235166.89319999982,
              519043.78430000134
            ],
            [
              235174.65240000002,
              519042.57860000059
            ],
            [
              235178.12060000096,
              519042.44790000096
            ],
            [
              235183.36299999896,
              519043.17500000261
            ],
            [
              235188.43010000233,
              519044.65709999949
            ],
            [
              235191.26480000187,
              519046.12659999914
            ],
            [
              235198.96620000061,
              519051.69830000028
            ],
            [
              235204.78590000048,
              519054.02470000274
            ],
            [
              235209.04920000117,
              519054.96660000086
            ],
            [
              235213.10130000114,
              519055.32040000334
            ],
            [
              235217.67810000014,
              519055.05210000463
            ],
            [
              235221.70600000024,
              519054.42950000055
            ],
            [
              235234.08670000173,
              519052.02100000158
            ],
            [
              235252.88420000114,
              519049.36070000194
            ],
            [
              235258.92190000135,
              519048.19490000233
            ],
            [
              235264.2789000012,
              519046.86630000174
            ],
            [
              235269.3694000002,
              519045.17960000038
            ],
            [
              235281.95089999959,
              519040.03360000253
            ],
            [
              235287.84360000025,
              519038.02950000204
            ],
            [
              235294.72860000189,
              519036.15130000189
            ],
            [
              235300.02010000125,
              519034.91730000079
            ],
            [
              235304.81020000111,
              519034.07310000248
            ],
            [
              235309.19909999985,
              519033.6110999994
            ],
            [
              235319.45140000153,
              519033.18910000287
            ],
            [
              235323.47759999987,
              519033.2958999984
            ],
            [
              235327.09430000093,
              519033.61690000072
            ],
            [
              235330.45230000187,
              519034.17490000278
            ],
            [
              235333.48629999999,
              519034.97010000236
            ],
            [
              235337.43610000052,
              519036.65070000105
            ],
            [
              235342.57990000118,
              519040.0167999994
            ],
            [
              235345.98909999989,
              519043.01460000128
            ],
            [
              235349.65360000078,
              519059.38420000114
            ],
            [
              235351.89900000114,
              519072.24190000072
            ],
            [
              235344.26250000019,
              519090.71589999832
            ],
            [
              235348.9645000007,
              519093.25919999927
            ]
          ]
        ]
      }
    },
    {
      "attributes" : {
        "FID" : 13,
        "PMNTN_SN" : 45704,
        "MNTN_CODE" : "415002801",
        "MNTN_NM" : "저명산",
        "PMNTN_NM" : " ",
        "PMNTN_MAIN" : " ",
        "PMNTN_LT" : 0.26,
        "PMNTN_DFFL" : "쉬움",
        "PMNTN_UPPL" : 5,
        "PMNTN_GODN" : 3,
        "PMNTN_MTRQ" : " ",
        "PMNTN_CNRL" : " ",
        "PMNTN_CLS_" : " ",
        "PMNTN_RISK" : " ",
        "PMNTN_RECO" : " ",
        "DATA_STDR_" : "2016-12-31",
        "MNTN_ID" : "415000601"
      },
      "geometry" : {
        "paths" : [
          [
            [
              234706.18250000104,
              518959.41920000315
            ],
            [
              234711.54280000087,
              518957.02580000088
            ],
            [
              234716.73539999966,
              518954.3870000001
            ],
            [
              234721.7603000002,
              518951.50280000269
            ],
            [
              234726.61750000063,
              518948.3732000012
            ],
            [
              234730.42440000083,
              518945.25900000334
            ],
            [
              234736.82520000078,
              518938.74520000257
            ],
            [
              234739.37340000086,
              518936.38560000435
            ],
            [
              234742.14080000017,
              518934.32370000146
            ],
            [
              234745.7181000011,
              518932.64780000038
            ],
            [
              234748.72440000065,
              518932.11210000142
            ],
            [
              234756.35369999893,
              518932.15490000322
            ],
            [
              234760.17910000123,
              518931.63700000383
            ],
            [
              234763.7948000012,
              518929.11419999972
            ],
            [
              234766.98859999981,
              518921.72800000384
            ],
            [
              234769.36159999948,
              518918.59480000101
            ],
            [
              234771.72889999952,
              518916.98430000059
            ],
            [
              234774.61280000117,
              518915.91000000387
            ],
            [
              234778.06350000203,
              518915.35280000046
            ],
            [
              234781.62660000008,
              518915.27850000001
            ],
            [
              234785.83779999986,
              518915.58889999986
            ],
            [
              234803.08750000037,
              518918.26510000229
            ],
            [
              234810.21650000103,
              518918.88230000064
            ],
            [
              234813.81300000008,
              518918.79120000079
            ],
            [
              234816.96989999991,
              518918.34270000458
            ],
            [
              234820.95500000101,
              518916.93430000171
            ],
            [
              234824.81599999964,
              518914.3571000006
            ],
            [
              234827.50000000093,
              518911.61930000223
            ],
            [
              234829.86779999919,
              518908.67789999768
            ],
            [
              234835.25610000081,
              518901.37030000426
            ],
            [
              234838.07010000013,
              518898.06719999947
            ],
            [
              234840.86959999986,
              518895.50700000115
            ],
            [
              234843.70449999906,
              518893.69580000266
            ],
            [
              234847.91179999989,
              518891.8628000021
            ],
            [
              234852.56450000126,
              518890.38859999925
            ],
            [
              234857.49690000061,
              518889.32630000263
            ],
            [
              234862.48260000162,
              518888.72509999946
            ],
            [
              234866.84999999963,
              518888.63400000148
            ],
            [
              234871.53529999871,
              518888.97250000015
            ],
            [
              234876.52799999993,
              518889.74010000005
            ],
            [
              234881.81300000008,
              518890.93430000171
            ],
            [
              234885.73190000094,
              518892.1344000008
            ],
            [
              234889.96290000156,
              518893.79040000029
            ],
            [
              234894.54409999959,
              518895.89600000158
            ],
            [
              234901.14350000024,
              518899.21880000085
            ],
            [
              234904.74739999976,
              518901.30930000357
            ],
            [
              234913.64700000081,
              518907.21950000152
            ],
            [
              234917.5661000004,
              518909.18720000423
            ],
            [
              234924.75670000073,
              518911.43280000426
            ],
            [
              234930.96750000119,
              518912.4739000015
            ]
          ]
        ]
      }
    },
    {
      "attributes" : {
        "FID" : 14,
        "PMNTN_SN" : 45705,
        "MNTN_CODE" : "415002801",
        "MNTN_NM" : "저명산",
        "PMNTN_NM" : " ",
        "PMNTN_MAIN" : " ",
        "PMNTN_LT" : 0.4,
        "PMNTN_DFFL" : "쉬움",
        "PMNTN_UPPL" : 7,
        "PMNTN_GODN" : 5,
        "PMNTN_MTRQ" : " ",
        "PMNTN_CNRL" : " ",
        "PMNTN_CLS_" : " ",
        "PMNTN_RISK" : " ",
        "PMNTN_RECO" : " ",
        "DATA_STDR_" : "2016-12-31",
        "MNTN_ID" : "415000601"
      },
      "geometry" : {
        "paths" : [
          [
            [
              234706.18250000104,
              518959.41920000315
            ],
            [
              234705.36500000115,
              518963.13049999997
            ],
            [
              234702.55489999987,
              518966.9776000008
            ],
            [
              234700.15000000037,
              518969.26280000061
            ],
            [
              234697.05120000057,
              518971.73580000177
            ],
            [
              234685.09200000204,
              518979.90130000003
            ],
            [
              234681.52600000054,
              518982.66810000129
            ],
            [
              234679.5672999993,
              518985.94140000269
            ],
            [
              234682.10020000115,
              518989.02139999904
            ],
            [
              234694.85760000069,
              518992.00590000115
            ],
            [
              234698.51320000086,
              518993.22510000132
            ],
            [
              234702.69330000132,
              518995.49590000138
            ],
            [
              234705.97720000148,
              518997.92730000429
            ],
            [
              234716.13030000124,
              519007.09850000218
            ],
            [
              234719.98990000226,
              519010.23050000146
            ],
            [
              234724.55060000066,
              519013.02010000125
            ],
            [
              234735.35030000005,
              519018.17080000229
            ],
            [
              234740.62080000155,
              519021.30420000106
            ],
            [
              234743.88120000158,
              519024.34100000188
            ],
            [
              234745.65850000177,
              519027.94580000266
            ],
            [
              234745.57689999975,
              519032.22499999963
            ],
            [
              234744.76919999998,
              519035.49110000022
            ],
            [
              234742.31020000018,
              519043.39520000108
            ],
            [
              234741.67650000099,
              519048.04210000113
            ],
            [
              234742.78399999999,
              519051.24780000001
            ],
            [
              234745.93950000033,
              519052.95030000061
            ],
            [
              234749.85960000101,
              519053.96160000004
            ],
            [
              234753.1277999999,
              519054.4143000003
            ],
            [
              234755.99590000045,
              519054.44350000098
            ],
            [
              234758.96100000013,
              519053.94490000047
            ],
            [
              234762.04690000135,
              519052.91499999724
            ],
            [
              234765.30080000125,
              519051.33830000088
            ],
            [
              234768.30200000014,
              519049.5102000013
            ],
            [
              234771.60309999995,
              519047.17490000464
            ],
            [
              234784.05640000012,
              519037.29310000129
            ],
            [
              234788.17810000014,
              519033.97309999913
            ],
            [
              234792.47820000071,
              519029.9346000012
            ],
            [
              234796.56350000016,
              519025.66200000048
            ],
            [
              234807.07760000136,
              519014.10430000164
            ],
            [
              234813.32820000127,
              519008.02129999921
            ],
            [
              234816.83550000098,
              519004.72340000235
            ],
            [
              234825.42050000094,
              518996.09280000255
            ],
            [
              234830.0532999998,
              518991.9982000012
            ],
            [
              234832.74289999995,
              518990.02309999987
            ],
            [
              234835.33360000048,
              518988.4617999997
            ],
            [
              234839.13260000013,
              518986.88340000063
            ],
            [
              234843.15900000092,
              518986.09119999968
            ],
            [
              234846.35049999971,
              518986.19170000032
            ],
            [
              234850.09100000001,
              518986.77340000123
            ],
            [
              234858.09970000014,
              518988.59730000235
            ],
            [
              234861.51610000059,
              518989.21859999932
            ],
            [
              234865.01180000044,
              518989.49269999936
            ],
            [
              234868.00559999887,
              518989.24320000224
            ],
            [
              234872.33050000016,
              518988.12270000204
            ],
            [
              234876.76910000108,
              518986.33030000143
            ],
            [
              234881.29540000204,
              518983.87619999982
            ],
            [
              234885.87019999977,
              518980.78160000034
            ],
            [
              234890.48110000137,
              518977.04739999771
            ],
            [
              234895.01719999965,
              518972.75610000081
            ],
            [
              234899.38669999968,
              518967.99360000342
            ],
            [
              234903.44470000081,
              518962.91709999926
            ],
            [
              234907.15539999958,
              518957.35890000314
            ],
            [
              234910.52510000113,
              518951.11949999817
            ],
            [
              234913.4887000015,
              518944.31790000014
            ],
            [
              234916.26660000067,
              518935.82880000025
            ],
            [
              234917.66290000174,
              518927.46890000068
            ],
            [
              234918.55759999994,
              518924.70500000194
            ],
            [
              234920.29650000203,
              518921.78299999982
            ],
            [
              234922.25999999978,
              518919.66680000164
            ],
            [
              234930.96750000119,
              518912.4739000015
            ]
          ]
        ]
      }
    }
  ]
}