{
  "displayFieldName" : "",
  "fieldAliases" : {
    "FID" : "FID",
    "PMNTN_SPOT" : "PMNTN_SPOT",
    "MNTN_CODE" : "MNTN_CODE",
    "MANAGE_SP1" : "MANAGE_SP1",
    "MANAGE_SP2" : "MANAGE_SP2",
    "DETAIL_SPO" : "DETAIL_SPO",
    "ETC_MATTER" : "ETC_MATTER",
    "MNTN_NM" : "MNTN_NM",
    "PAST_SPOT_" : "PAST_SPOT_",
    "MNTN_ID" : "MNTN_ID"
  },
  "geometryType" : "esriGeometryPoint",
  "spatialReference" : {
    "wkt" : "PROJCS[\"PCS_ITRF2000_TM\",GEOGCS[\"GCS_ITRF_2000\",DATUM[\"D_ITRF_2000\",SPHEROID[\"GRS_1980\",6378137.0,298.257222101]],PRIMEM[\"Greenwich\",0.0],UNIT[\"Degree\",0.0174532925199433]],PROJECTION[\"Transverse_Mercator\"],PARAMETER[\"False_Easting\",200000.0],PARAMETER[\"False_Northing\",600000.0],PARAMETER[\"Central_Meridian\",127.0],PARAMETER[\"Scale_Factor\",1.0],PARAMETER[\"Latitude_Of_Origin\",38.0],UNIT[\"Meter\",1.0]]"
  },
  "fields" : [
    {
      "name" : "FID",
      "type" : "esriFieldTypeOID",
      "alias" : "FID"
    },
    {
      "name" : "PMNTN_SPOT",
      "type" : "esriFieldTypeDouble",
      "alias" : "PMNTN_SPOT"
    },
    {
      "name" : "MNTN_CODE",
      "type" : "esriFieldTypeString",
      "alias" : "MNTN_CODE",
      "length" : 9
    },
    {
      "name" : "MANAGE_SP1",
      "type" : "esriFieldTypeString",
      "alias" : "MANAGE_SP1",
      "length" : 2
    },
    {
      "name" : "MANAGE_SP2",
      "type" : "esriFieldTypeString",
      "alias" : "MANAGE_SP2",
      "length" : 50
    },
    {
      "name" : "DETAIL_SPO",
      "type" : "esriFieldTypeString",
      "alias" : "DETAIL_SPO",
      "length" : 200
    },
    {
      "name" : "ETC_MATTER",
      "type" : "esriFieldTypeString",
      "alias" : "ETC_MATTER",
      "length" : 200
    },
    {
      "name" : "MNTN_NM",
      "type" : "esriFieldTypeString",
      "alias" : "MNTN_NM",
      "length" : 50
    },
    {
      "name" : "PAST_SPOT_",
      "type" : "esriFieldTypeString",
      "alias" : "PAST_SPOT_",
      "length" : 14
    },
    {
      "name" : "MNTN_ID",
      "type" : "esriFieldTypeString",
      "alias" : "MNTN_ID",
      "length" : 10
    }
  ],
  "features" : [
    {
      "attributes" : {
        "FID" : 0,
        "PMNTN_SPOT" : 77755,
        "MNTN_CODE" : "415002801",
        "MANAGE_SP1" : "02",
        "MANAGE_SP2" : "분기점",
        "DETAIL_SPO" : "분기점",
        "ETC_MATTER" : " ",
        "MNTN_NM" : "저명산",
        "PAST_SPOT_" : "4150006010001",
        "MNTN_ID" : "415000601"
      },
      "geometry" : {
        "x" : 234706.18250000104,
        "y" : 518959.41920000315
      }
    },
    {
      "attributes" : {
        "FID" : 1,
        "PMNTN_SPOT" : 77756,
        "MNTN_CODE" : "415002801",
        "MANAGE_SP1" : "02",
        "MANAGE_SP2" : "분기점",
        "DETAIL_SPO" : "분기점",
        "ETC_MATTER" : " ",
        "MNTN_NM" : "저명산",
        "PAST_SPOT_" : "4150006010002",
        "MNTN_ID" : "415000601"
      },
      "geometry" : {
        "x" : 234887.61890000105,
        "y" : 518702.15760000236
      }
    },
    {
      "attributes" : {
        "FID" : 2,
        "PMNTN_SPOT" : 77757,
        "MNTN_CODE" : "415002801",
        "MANAGE_SP1" : "02",
        "MANAGE_SP2" : "분기점",
        "DETAIL_SPO" : "분기점",
        "ETC_MATTER" : " ",
        "MNTN_NM" : "저명산",
        "PAST_SPOT_" : "4150006010003",
        "MNTN_ID" : "415000601"
      },
      "geometry" : {
        "x" : 234930.96750000119,
        "y" : 518912.4739000015
      }
    },
    {
      "attributes" : {
        "FID" : 3,
        "PMNTN_SPOT" : 77758,
        "MNTN_CODE" : "415002801",
        "MANAGE_SP1" : "02",
        "MANAGE_SP2" : "분기점",
        "DETAIL_SPO" : "분기점",
        "ETC_MATTER" : " ",
        "MNTN_NM" : "저명산",
        "PAST_SPOT_" : "4150006010004",
        "MNTN_ID" : "415000601"
      },
      "geometry" : {
        "x" : 235002.09509999864,
        "y" : 518612.56350000016
      }
    },
    {
      "attributes" : {
        "FID" : 4,
        "PMNTN_SPOT" : 77759,
        "MNTN_CODE" : "415002801",
        "MANAGE_SP1" : "02",
        "MANAGE_SP2" : "분기점",
        "DETAIL_SPO" : "분기점",
        "ETC_MATTER" : " ",
        "MNTN_NM" : "저명산",
        "PAST_SPOT_" : "4150006010005",
        "MNTN_ID" : "415000601"
      },
      "geometry" : {
        "x" : 235037.94950000197,
        "y" : 518601.28510000184
      }
    },
    {
      "attributes" : {
        "FID" : 5,
        "PMNTN_SPOT" : 77760,
        "MNTN_CODE" : "415002801",
        "MANAGE_SP1" : "02",
        "MANAGE_SP2" : "분기점",
        "DETAIL_SPO" : "분기점",
        "ETC_MATTER" : " ",
        "MNTN_NM" : "저명산",
        "PAST_SPOT_" : "4150006010006",
        "MNTN_ID" : "415000601"
      },
      "geometry" : {
        "x" : 235087.42140000034,
        "y" : 518492.99829999916
      }
    },
    {
      "attributes" : {
        "FID" : 6,
        "PMNTN_SPOT" : 77761,
        "MNTN_CODE" : "415002801",
        "MANAGE_SP1" : "02",
        "MANAGE_SP2" : "분기점",
        "DETAIL_SPO" : "분기점",
        "ETC_MATTER" : " ",
        "MNTN_NM" : "저명산",
        "PAST_SPOT_" : "4150006010007",
        "MNTN_ID" : "415000601"
      },
      "geometry" : {
        "x" : 235117.48039999977,
        "y" : 518457.13550000452
      }
    },
    {
      "attributes" : {
        "FID" : 7,
        "PMNTN_SPOT" : 77762,
        "MNTN_CODE" : "415002801",
        "MANAGE_SP1" : "02",
        "MANAGE_SP2" : "분기점",
        "DETAIL_SPO" : "분기점",
        "ETC_MATTER" : " ",
        "MNTN_NM" : "저명산",
        "PAST_SPOT_" : "4150006010008",
        "MNTN_ID" : "415000601"
      },
      "geometry" : {
        "x" : 235181.54679999966,
        "y" : 518482.5410999991
      }
    },
    {
      "attributes" : {
        "FID" : 8,
        "PMNTN_SPOT" : 77763,
        "MNTN_CODE" : "415002801",
        "MANAGE_SP1" : "02",
        "MANAGE_SP2" : "분기점",
        "DETAIL_SPO" : "분기점",
        "ETC_MATTER" : " ",
        "MNTN_NM" : "저명산",
        "PAST_SPOT_" : "4150006010009",
        "MNTN_ID" : "415000601"
      },
      "geometry" : {
        "x" : 235191.12939999998,
        "y" : 518623.19560000114
      }
    },
    {
      "attributes" : {
        "FID" : 9,
        "PMNTN_SPOT" : 77764,
        "MNTN_CODE" : "415002801",
        "MANAGE_SP1" : "01",
        "MANAGE_SP2" : "시종점",
        "DETAIL_SPO" : "시종점",
        "ETC_MATTER" : " ",
        "MNTN_NM" : "저명산",
        "PAST_SPOT_" : "4150006010010",
        "MNTN_ID" : "415000601"
      },
      "geometry" : {
        "x" : 235348.9645000007,
        "y" : 519093.25919999927
      }
    },
    {
      "attributes" : {
        "FID" : 10,
        "PMNTN_SPOT" : 77765,
        "MNTN_CODE" : "415002801",
        "MANAGE_SP1" : "01",
        "MANAGE_SP2" : "시종점",
        "DETAIL_SPO" : "시종점",
        "ETC_MATTER" : " ",
        "MNTN_NM" : "저명산",
        "PAST_SPOT_" : "4150006010011",
        "MNTN_ID" : "415000601"
      },
      "geometry" : {
        "x" : 235350.54980000108,
        "y" : 518680.26359999925
      }
    },
    {
      "attributes" : {
        "FID" : 11,
        "PMNTN_SPOT" : 77766,
        "MNTN_CODE" : "415002801",
        "MANAGE_SP1" : "01",
        "MANAGE_SP2" : "시종점",
        "DETAIL_SPO" : "시종점",
        "ETC_MATTER" : " ",
        "MNTN_NM" : "저명산",
        "PAST_SPOT_" : "4150006010012",
        "MNTN_ID" : "415000601"
      },
      "geometry" : {
        "x" : 235372.23460000195,
        "y" : 518401.20180000365
      }
    }
  ]
}