{
  "displayFieldName" : "",
  "fieldAliases" : {
    "FID" : "FID",
    "PMNTN_SN" : "PMNTN_SN",
    "MNTN_CODE" : "MNTN_CODE",
    "MNTN_NM" : "MNTN_NM",
    "PMNTN_NM" : "PMNTN_NM",
    "PMNTN_MAIN" : "PMNTN_MAIN",
    "PMNTN_LT" : "PMNTN_LT",
    "PMNTN_DFFL" : "PMNTN_DFFL",
    "PMNTN_UPPL" : "PMNTN_UPPL",
    "PMNTN_GODN" : "PMNTN_GODN",
    "PMNTN_MTRQ" : "PMNTN_MTRQ",
    "PMNTN_CNRL" : "PMNTN_CNRL",
    "PMNTN_CLS_" : "PMNTN_CLS_",
    "PMNTN_RISK" : "PMNTN_RISK",
    "PMNTN_RECO" : "PMNTN_RECO",
    "DATA_STDR_" : "DATA_STDR_",
    "MNTN_ID" : "MNTN_ID"
  },
  "geometryType" : "esriGeometryPolyline",
  "spatialReference" : {
    "wkt" : "PROJCS[\"PCS_ITRF2000_TM\",GEOGCS[\"GCS_ITRF_2000\",DATUM[\"D_ITRF_2000\",SPHEROID[\"GRS_1980\",6378137.0,298.257222101]],PRIMEM[\"Greenwich\",0.0],UNIT[\"Degree\",0.0174532925199433]],PROJECTION[\"Transverse_Mercator\"],PARAMETER[\"False_Easting\",200000.0],PARAMETER[\"False_Northing\",600000.0],PARAMETER[\"Central_Meridian\",127.0],PARAMETER[\"Scale_Factor\",1.0],PARAMETER[\"Latitude_Of_Origin\",38.0],UNIT[\"Meter\",1.0]]"
  },
  "fields" : [
    {
      "name" : "FID",
      "type" : "esriFieldTypeOID",
      "alias" : "FID"
    },
    {
      "name" : "PMNTN_SN",
      "type" : "esriFieldTypeDouble",
      "alias" : "PMNTN_SN"
    },
    {
      "name" : "MNTN_CODE",
      "type" : "esriFieldTypeString",
      "alias" : "MNTN_CODE",
      "length" : 9
    },
    {
      "name" : "MNTN_NM",
      "type" : "esriFieldTypeString",
      "alias" : "MNTN_NM",
      "length" : 50
    },
    {
      "name" : "PMNTN_NM",
      "type" : "esriFieldTypeString",
      "alias" : "PMNTN_NM",
      "length" : 50
    },
    {
      "name" : "PMNTN_MAIN",
      "type" : "esriFieldTypeString",
      "alias" : "PMNTN_MAIN",
      "length" : 200
    },
    {
      "name" : "PMNTN_LT",
      "type" : "esriFieldTypeSingle",
      "alias" : "PMNTN_LT"
    },
    {
      "name" : "PMNTN_DFFL",
      "type" : "esriFieldTypeString",
      "alias" : "PMNTN_DFFL",
      "length" : 8
    },
    {
      "name" : "PMNTN_UPPL",
      "type" : "esriFieldTypeDouble",
      "alias" : "PMNTN_UPPL"
    },
    {
      "name" : "PMNTN_GODN",
      "type" : "esriFieldTypeDouble",
      "alias" : "PMNTN_GODN"
    },
    {
      "name" : "PMNTN_MTRQ",
      "type" : "esriFieldTypeString",
      "alias" : "PMNTN_MTRQ",
      "length" : 200
    },
    {
      "name" : "PMNTN_CNRL",
      "type" : "esriFieldTypeString",
      "alias" : "PMNTN_CNRL",
      "length" : 1
    },
    {
      "name" : "PMNTN_CLS_",
      "type" : "esriFieldTypeString",
      "alias" : "PMNTN_CLS_",
      "length" : 1
    },
    {
      "name" : "PMNTN_RISK",
      "type" : "esriFieldTypeString",
      "alias" : "PMNTN_RISK",
      "length" : 200
    },
    {
      "name" : "PMNTN_RECO",
      "type" : "esriFieldTypeString",
      "alias" : "PMNTN_RECO",
      "length" : 1
    },
    {
      "name" : "DATA_STDR_",
      "type" : "esriFieldTypeString",
      "alias" : "DATA_STDR_",
      "length" : 10
    },
    {
      "name" : "MNTN_ID",
      "type" : "esriFieldTypeString",
      "alias" : "MNTN_ID",
      "length" : 10
    }
  ],
  "features" : [
    {
      "attributes" : {
        "FID" : 0,
        "PMNTN_SN" : 18298,
        "MNTN_CODE" : "413603504",
        "MNTN_NM" : "문안산신당재",
        "PMNTN_NM" : "금남리구간",
        "PMNTN_MAIN" : " ",
        "PMNTN_LT" : 4.21,
        "PMNTN_DFFL" : "쉬움",
        "PMNTN_UPPL" : 74,
        "PMNTN_GODN" : 52,
        "PMNTN_MTRQ" : " ",
        "PMNTN_CNRL" : " ",
        "PMNTN_CLS_" : " ",
        "PMNTN_RISK" : " ",
        "PMNTN_RECO" : " ",
        "DATA_STDR_" : "2016-12-31",
        "MNTN_ID" : "413603504"
      },
      "geometry" : {
        "paths" : [
          [
            [
              230685.48190000188,
              558871.78920000233
            ],
            [
              230688.86840000283,
              558870.71759999916
            ],
            [
              230694.347000001,
              558874.44349999912
            ],
            [
              230698.96180000249,
              558880.43030000292
            ],
            [
              230706.5652999999,
              558893.16660000011
            ],
            [
              230712.50629999954,
              558905.28280000389
            ],
            [
              230716.16610000283,
              558917.97670000419
            ],
            [
              230716.64389999956,
              558924.80700000003
            ],
            [
              230721.76850000024,
              558933.58960000053
            ],
            [
              230725.4171000002,
              558937.35229999945
            ],
            [
              230730.55650000088,
              558942.13470000215
            ],
            [
              230733.28800000064,
              558949.77340000123
            ],
            [
              230733.31340000033,
              558958.86270000227
            ],
            [
              230731.40199999977,
              558963.54440000281
            ],
            [
              230733.79800000135,
              558971.85180000216
            ],
            [
              230738.8032000009,
              558984.87619999982
            ],
            [
              230739.97580000106,
              558985.90390000306
            ],
            [
              230741.21090000216,
              558992.02999999747
            ],
            [
              230739.63839999959,
              558993.06620000117
            ],
            [
              230740.99050000217,
              558995.60160000436
            ],
            [
              230746.27249999996,
              558997.83540000394
            ],
            [
              230751.88530000113,
              559002.16760000214
            ],
            [
              230751.38570000045,
              559014.38220000267
            ],
            [
              230752.0206000004,
              559018.49740000069
            ],
            [
              230754.19950000197,
              559022.68140000291
            ],
            [
              230759.23710000142,
              559023.29990000278
            ],
            [
              230760.14180000126,
              559022.75439999998
            ],
            [
              230764.1297000004,
              559026.35520000197
            ],
            [
              230768.98000000138,
              559027.72710000165
            ],
            [
              230769.12750000227,
              559028.80870000087
            ],
            [
              230770.15990000218,
              559028.79219999909
            ],
            [
              230776.37530000042,
              559030.67590000108
            ],
            [
              230776.62510000076,
              559031.1699000001
            ],
            [
              230780.68250000011,
              559031.57800000161
            ],
            [
              230784.21910000127,
              559030.47240000218
            ],
            [
              230788.74280000012,
              559031.64290000126
            ],
            [
              230796.76539999992,
              559034.97690000199
            ],
            [
              230800.37990000099,
              559036.87940000184
            ],
            [
              230805.49310000241,
              559042.54390000179
            ],
            [
              230805.68180000409,
              559046.52480000444
            ],
            [
              230804.71430000011,
              559049.85080000013
            ],
            [
              230802.32310000062,
              559056.65380000137
            ],
            [
              230801.17560000252,
              559056.81699999981
            ],
            [
              230798.28029999975,
              559057.70050000213
            ],
            [
              230794.85080000013,
              559056.47720000334
            ],
            [
              230792.63250000309,
              559052.13360000215
            ],
            [
              230791.09430000093,
              559049.94170000218
            ],
            [
              230786.83520000149,
              559049.21880000271
            ],
            [
              230781.65820000321,
              559050.59510000423
            ],
            [
              230780.48160000052,
              559050.63719999976
            ],
            [
              230779.53810000233,
              559051.65709999949
            ],
            [
              230773.58940000087,
              559054.64920000173
            ],
            [
              230771.68970000092,
              559055.15380000137
            ],
            [
              230770.62150000222,
              559063.83899999969
            ],
            [
              230774.9327999996,
              559074.42349999957
            ],
            [
              230779.7807,
              559085.9309000019
            ],
            [
              230782.20810000319,
              559091.75450000167
            ],
            [
              230786.02400000393,
              559096.26219999976
            ],
            [
              230787.76470000111,
              559097.73850000277
            ],
            [
              230789.25530000217,
              559098.72290000133
            ],
            [
              230789.83980000112,
              559098.8067000024
            ],
            [
              230794.51380000077,
              559101.35460000299
            ],
            [
              230798.46389999986,
              559101.60190000013
            ],
            [
              230811.53910000063,
              559105.24159999937
            ],
            [
              230814.97130000126,
              559107.44989999942
            ],
            [
              230815.61160000134,
              559110.36410000175
            ],
            [
              230816.77640000079,
              559111.48490000144
            ],
            [
              230824.35589999985,
              559116.64850000106
            ],
            [
              230825.97840000037,
              559120.04089999944
            ],
            [
              230828.85460000299,
              559126.53590000421
            ],
            [
              230832.69589999877,
              559132.16929999925
            ],
            [
              230837.1679000007,
              559143.29800000228
            ],
            [
              230842.76240000036,
              559143.46340000071
            ],
            [
              230847.78530000243,
              559135.2862999998
            ],
            [
              230851.65880000032,
              559124.33220000193
            ],
            [
              230855.64720000234,
              559114.28099999949
            ],
            [
              230852.42970000021,
              559100.10030000284
            ],
            [
              230853.65369999968,
              559089.33159999922
            ],
            [
              230855.28160000406,
              559073.41060000099
            ],
            [
              230858.70690000057,
              559065.57149999961
            ],
            [
              230856.97500000149,
              559057.76890000142
            ],
            [
              230865.25590000395,
              559047.43600000255
            ],
            [
              230868.875,
              559045.19820000231
            ],
            [
              230874.52520000376,
              559037.94409999996
            ],
            [
              230875.21520000137,
              559037.40710000321
            ],
            [
              230879.73920000065,
              559034.56780000217
            ],
            [
              230881.91970000137,
              559031.87490000017
            ],
            [
              230884.27440000139,
              559029.15750000253
            ],
            [
              230885.13830000348,
              559026.13920000196
            ],
            [
              230888.57480000053,
              559032.24709999934
            ],
            [
              230921.96560000069,
              559119.65430000052
            ],
            [
              230941.98630000092,
              559180.05860000104
            ],
            [
              230946.83000000101,
              559192.3954000026
            ],
            [
              230968.11340000015,
              559250.35950000212
            ],
            [
              230972.44050000049,
              559272.09660000168
            ],
            [
              230970.07880000025,
              559283.38640000112
            ],
            [
              230967.03479999956,
              559284.59579999931
            ],
            [
              230969.04470000323,
              559292.81930000149
            ],
            [
              230929.40780000016,
              559300.6810999997
            ],
            [
              230905.43989999965,
              559304.42540000193
            ],
            [
              230863.9140000008,
              559304.74760000221
            ],
            [
              230831.59130000044,
              559303.12520000152
            ],
            [
              230796.75460000243,
              559295.95549999923
            ],
            [
              230777.55730000045,
              559289.73710000142
            ],
            [
              230739.22880000062,
              559273.61659999937
            ],
            [
              230688.02710000053,
              559233.0717999991
            ],
            [
              230670.45910000056,
              559218.51470000111
            ],
            [
              230649.70800000336,
              559199.83150000125
            ],
            [
              230638.00509999972,
              559189.28489999846
            ],
            [
              230602.40199999977,
              559167.44150000252
            ],
            [
              230589.92220000084,
              559162.22570000216
            ],
            [
              230557.356399999,
              559153.59860000387
            ],
            [
              230539.37510000169,
              559149.27679999918
            ],
            [
              230527.30020000134,
              559144.94210000336
            ],
            [
              230493.15539999958,
              559141.25140000135
            ],
            [
              230482.39940000325,
              559141.13470000029
            ],
            [
              230431.66890000086,
              559136.96499999799
            ],
            [
              230412.69810000062,
              559138.09560000524
            ],
            [
              230400.68960000109,
              559138.42440000176
            ],
            [
              230386.3275000006,
              559142.23249999993
            ],
            [
              230380.32220000215,
              559147.02600000426
            ],
            [
              230372.39420000184,
              559153.95109999925
            ],
            [
              230320.26709999982,
              559198.39990000241
            ],
            [
              230257.75620000064,
              559230.46470000036
            ],
            [
              230171.52600000333,
              559263.94260000251
            ],
            [
              230158.15680000093,
              559270.44299999997
            ],
            [
              230131.77030000091,
              559278.8069000002
            ],
            [
              230095.70150000136,
              559293.47300000116
            ],
            [
              230054.96950000152,
              559299.06189999916
            ],
            [
              229997.65099999961,
              559309.85859999806
            ],
            [
              229907.29970000032,
              559322.72490000352
            ],
            [
              229885.58199999947,
              559327.57420000248
            ],
            [
              229858.6547000017,
              559335.63380000181
            ],
            [
              229821.84229999874,
              559340.93569999933
            ],
            [
              229787.28259999957,
              559344.93430000171
            ],
            [
              229772.18070000224,
              559347.4952000007
            ],
            [
              229761.91789999977,
              559349.44349999912
            ],
            [
              229752.72310000099,
              559353.13670000248
            ],
            [
              229686.2507000016,
              559360.08920000121
            ],
            [
              229662.0456000017,
              559364.23830000125
            ],
            [
              229650.07860000245,
              559366.74090000242
            ],
            [
              229638.6528000012,
              559376.12540000118
            ],
            [
              229632.42460000049,
              559385.52889999934
            ],
            [
              229625.02330000326,
              559392.11229999922
            ],
            [
              229573.40980000142,
              559401.70080000162
            ],
            [
              229501.8422000017,
              559420.01940000057
            ],
            [
              229494.34330000076,
              559421.17420000024
            ],
            [
              229441.09990000073,
              559426.23350000009
            ],
            [
              229417.16769999918,
              559426.50320000015
            ],
            [
              229375.22540000174,
              559427.93610000052
            ],
            [
              229330.31159999967,
              559443.36590000242
            ],
            [
              229293.88170000073,
              559445.26500000246
            ],
            [
              229266.44700000156,
              559444.85319999978
            ],
            [
              229232.41600000393,
              559451.0764000006
            ],
            [
              229209.86110000219,
              559452.27859999985
            ],
            [
              229151.38769999892,
              559446.09480000101
            ],
            [
              229143.80190000217,
              559444.08080000058
            ],
            [
              229117.09650000092,
              559437.85769999959
            ],
            [
              229097.32270000037,
              559432.81300000101
            ],
            [
              229066.80709999986,
              559420.94490000419
            ],
            [
              229061.73929999955,
              559417.5605000034
            ],
            [
              229048.99229999911,
              559409.15700000152
            ],
            [
              229027.03959999979,
              559398.03759999946
            ],
            [
              229006.37840000074,
              559391.44450000115
            ],
            [
              228982.39740000106,
              559387.27090000175
            ],
            [
              228966.4130000025,
              559381.89360000007
            ],
            [
              228946.65070000011,
              559373.7004000023
            ],
            [
              228894.728500003,
              559350.76450000331
            ],
            [
              228888.15190000273,
              559335.39090000093
            ],
            [
              228874.19930000138,
              559331.14000000246
            ],
            [
              228846.97800000105,
              559329.56259999983
            ],
            [
              228806.57010000013,
              559340.16940000281
            ],
            [
              228782.50790000055,
              559347.05390000157
            ],
            [
              228753.50960000232,
              559358.55420000106
            ],
            [
              228744.11420000251,
              559368.55420000106
            ],
            [
              228725.85480000172,
              559384.70950000174
            ],
            [
              228716.24360000342,
              559388.95950000174
            ],
            [
              228707.47460000124,
              559388.96800000221
            ],
            [
              228671.76890000049,
              559388.60859999992
            ],
            [
              228599.05670000054,
              559396.73940000124
            ],
            [
              228577.78340000007,
              559401.68960000202
            ],
            [
              228564.9867000021,
              559419.13580000401
            ],
            [
              228547.59320000093,
              559433.26460000314
            ],
            [
              228529.76540000085,
              559443.01760000177
            ],
            [
              228499.114500002,
              559457.72430000268
            ],
            [
              228490.04820000287,
              559460.49980000034
            ],
            [
              228486.2385000037,
              559461.55890000425
            ],
            [
              228472.51450000051,
              559459.38289999776
            ],
            [
              228450.42160000093,
              559463.80050000362
            ],
            [
              228420.42599999905,
              559468.29300000146
            ],
            [
              228391.79200000409,
              559471.74840000272
            ],
            [
              228374.40320000052,
              559468.31709999964
            ],
            [
              228363.80780000146,
              559460.1688000001
            ],
            [
              228341.11580000073,
              559438.71240000241
            ],
            [
              228326.02130000014,
              559411.00240000151
            ],
            [
              228312.31090000086,
              559390.0931000039
            ],
            [
              228308.22740000207,
              559381.05330000445
            ],
            [
              228306.27320000064,
              559376.72720000148
            ],
            [
              228303.67670000065,
              559359.28409999982
            ],
            [
              228297.61490000132,
              559349.29929999821
            ],
            [
              228286.91330000013,
              559343.21130000241
            ],
            [
              228276.9382000016,
              559342.47690000013
            ],
            [
              228259.84580000024,
              559337.02190000378
            ],
            [
              228253.26719999965,
              559327.47190000117
            ],
            [
              228246.87060000002,
              559310.9123999998
            ],
            [
              228244.76520000212,
              559293.03980000131
            ],
            [
              228244.73290000111,
              559289.49510000274
            ],
            [
              228253.79540000111,
              559279.84559999965
            ],
            [
              228256.66150000133,
              559269.43160000071
            ],
            [
              228251.7071000021,
              559260.2386000026
            ],
            [
              228237.69630000368,
              559241.0717999991
            ],
            [
              228230.05360000394,
              559238.87410000153
            ],
            [
              228221.02469999995,
              559226.42449999973
            ],
            [
              228213.63830000069,
              559214.4533000011
            ],
            [
              228203.60000000242,
              559193.86930000037
            ],
            [
              228210.41959999967,
              559185.14949999936
            ],
            [
              228207.61960000079,
              559172.53200000152
            ],
            [
              228201.27630000096,
              559164.65650000237
            ],
            [
              228183.49810000043,
              559148.10770000145
            ],
            [
              228170.36420000251,
              559134.13929999992
            ],
            [
              228160.80830000248,
              559115.41750000231
            ],
            [
              228156.63490000181,
              559102.81519999914
            ],
            [
              228151.2564000003,
              559076.52480000444
            ],
            [
              228157.44880000222,
              559045.65860000253
            ],
            [
              228162.49310000055,
              559030.22289999947
            ],
            [
              228165.91460000072,
              559012.90789999999
            ],
            [
              228169.00040000118,
              558996.56090000086
            ],
            [
              228170.65390000027,
              558968.01359999925
            ]
          ]
        ]
      }
    }
  ]
}