{
  "displayFieldName" : "",
  "fieldAliases" : {
    "FID" : "FID",
    "PMNTN_SN" : "PMNTN_SN",
    "MNTN_CODE" : "MNTN_CODE",
    "MNTN_NM" : "MNTN_NM",
    "PMNTN_NM" : "PMNTN_NM",
    "PMNTN_MAIN" : "PMNTN_MAIN",
    "PMNTN_LT" : "PMNTN_LT",
    "PMNTN_DFFL" : "PMNTN_DFFL",
    "PMNTN_UPPL" : "PMNTN_UPPL",
    "PMNTN_GODN" : "PMNTN_GODN",
    "PMNTN_MTRQ" : "PMNTN_MTRQ",
    "PMNTN_CNRL" : "PMNTN_CNRL",
    "PMNTN_CLS_" : "PMNTN_CLS_",
    "PMNTN_RISK" : "PMNTN_RISK",
    "PMNTN_RECO" : "PMNTN_RECO",
    "DATA_STDR_" : "DATA_STDR_",
    "MNTN_ID" : "MNTN_ID"
  },
  "geometryType" : "esriGeometryPolyline",
  "spatialReference" : {
    "wkt" : "PROJCS[\"PCS_ITRF2000_TM\",GEOGCS[\"GCS_ITRF_2000\",DATUM[\"D_ITRF_2000\",SPHEROID[\"GRS_1980\",6378137.0,298.257222101]],PRIMEM[\"Greenwich\",0.0],UNIT[\"Degree\",0.0174532925199433]],PROJECTION[\"Transverse_Mercator\"],PARAMETER[\"False_Easting\",200000.0],PARAMETER[\"False_Northing\",600000.0],PARAMETER[\"Central_Meridian\",127.0],PARAMETER[\"Scale_Factor\",1.0],PARAMETER[\"Latitude_Of_Origin\",38.0],UNIT[\"Meter\",1.0]]"
  },
  "fields" : [
    {
      "name" : "FID",
      "type" : "esriFieldTypeOID",
      "alias" : "FID"
    },
    {
      "name" : "PMNTN_SN",
      "type" : "esriFieldTypeDouble",
      "alias" : "PMNTN_SN"
    },
    {
      "name" : "MNTN_CODE",
      "type" : "esriFieldTypeString",
      "alias" : "MNTN_CODE",
      "length" : 9
    },
    {
      "name" : "MNTN_NM",
      "type" : "esriFieldTypeString",
      "alias" : "MNTN_NM",
      "length" : 50
    },
    {
      "name" : "PMNTN_NM",
      "type" : "esriFieldTypeString",
      "alias" : "PMNTN_NM",
      "length" : 50
    },
    {
      "name" : "PMNTN_MAIN",
      "type" : "esriFieldTypeString",
      "alias" : "PMNTN_MAIN",
      "length" : 200
    },
    {
      "name" : "PMNTN_LT",
      "type" : "esriFieldTypeSingle",
      "alias" : "PMNTN_LT"
    },
    {
      "name" : "PMNTN_DFFL",
      "type" : "esriFieldTypeString",
      "alias" : "PMNTN_DFFL",
      "length" : 8
    },
    {
      "name" : "PMNTN_UPPL",
      "type" : "esriFieldTypeDouble",
      "alias" : "PMNTN_UPPL"
    },
    {
      "name" : "PMNTN_GODN",
      "type" : "esriFieldTypeDouble",
      "alias" : "PMNTN_GODN"
    },
    {
      "name" : "PMNTN_MTRQ",
      "type" : "esriFieldTypeString",
      "alias" : "PMNTN_MTRQ",
      "length" : 200
    },
    {
      "name" : "PMNTN_CNRL",
      "type" : "esriFieldTypeString",
      "alias" : "PMNTN_CNRL",
      "length" : 1
    },
    {
      "name" : "PMNTN_CLS_",
      "type" : "esriFieldTypeString",
      "alias" : "PMNTN_CLS_",
      "length" : 1
    },
    {
      "name" : "PMNTN_RISK",
      "type" : "esriFieldTypeString",
      "alias" : "PMNTN_RISK",
      "length" : 200
    },
    {
      "name" : "PMNTN_RECO",
      "type" : "esriFieldTypeString",
      "alias" : "PMNTN_RECO",
      "length" : 1
    },
    {
      "name" : "DATA_STDR_",
      "type" : "esriFieldTypeString",
      "alias" : "DATA_STDR_",
      "length" : 10
    },
    {
      "name" : "MNTN_ID",
      "type" : "esriFieldTypeString",
      "alias" : "MNTN_ID",
      "length" : 10
    }
  ],
  "features" : [
    {
      "attributes" : {
        "FID" : 0,
        "PMNTN_SN" : 44359,
        "MNTN_CODE" : "422300504",
        "MNTN_NM" : "임원해맞이공원",
        "PMNTN_NM" : "임원리구간",
        "PMNTN_MAIN" : " ",
        "PMNTN_LT" : 0.16,
        "PMNTN_DFFL" : "쉬움",
        "PMNTN_UPPL" : 3,
        "PMNTN_GODN" : 2,
        "PMNTN_MTRQ" : " ",
        "PMNTN_CNRL" : " ",
        "PMNTN_CLS_" : " ",
        "PMNTN_RISK" : " ",
        "PMNTN_RECO" : " ",
        "DATA_STDR_" : "2016-12-31",
        "MNTN_ID" : "422306801"
      },
      "geometry" : {
        "paths" : [
          [
            [
              408186.95970000047,
              517143.79169999994
            ],
            [
              408204.8526999997,
              517149.84600000083
            ],
            [
              408209.50109999999,
              517158.25840000063
            ],
            [
              408220.12530000135,
              517161.75640000217
            ],
            [
              408227.49540000129,
              517158.53200000152
            ],
            [
              408232.09219999891,
              517165.07280000113
            ],
            [
              408231.18050000072,
              517171.89039999992
            ],
            [
              408237.16870000027,
              517183.40620000102
            ],
            [
              408241.3144000005,
              517188.01249999925
            ],
            [
              408250.98770000134,
              517188.47320000269
            ],
            [
              408250.06650000159,
              517195.8433000017
            ],
            [
              408242.69630000088,
              517208.74100000225
            ],
            [
              408246.3814000003,
              517212.4261000026
            ],
            [
              408257.4366000006,
              517218.875
            ],
            [
              408266.35720000137,
              517222.30600000173
            ],
            [
              408274.01940000057,
              517235.91840000078
            ],
            [
              408279.14020000026,
              517241.29510000162
            ]
          ]
        ]
      }
    },
    {
      "attributes" : {
        "FID" : 1,
        "PMNTN_SN" : 44360,
        "MNTN_CODE" : "422300504",
        "MNTN_NM" : "임원해맞이공원",
        "PMNTN_NM" : "임원리구간",
        "PMNTN_MAIN" : " ",
        "PMNTN_LT" : 1.58,
        "PMNTN_DFFL" : "쉬움",
        "PMNTN_UPPL" : 30,
        "PMNTN_GODN" : 21,
        "PMNTN_MTRQ" : " ",
        "PMNTN_CNRL" : " ",
        "PMNTN_CLS_" : " ",
        "PMNTN_RISK" : " ",
        "PMNTN_RECO" : " ",
        "DATA_STDR_" : "2016-12-31",
        "MNTN_ID" : "422306801"
      },
      "geometry" : {
        "paths" : [
          [
            [
              408303.1492000008,
              517148.6107000038
            ],
            [
              408330.1054000007,
              517160.23149999976
            ],
            [
              408337.56450000219,
              517157.43590000272
            ],
            [
              408345.2714999998,
              517164.81990000047
            ],
            [
              408355.72470000107,
              517177.28660000116
            ],
            [
              408365.89979999978,
              517182.00230000168
            ],
            [
              408376.72339999862,
              517189.0530999992
            ],
            [
              408406.91229999997,
              517202.11560000107
            ],
            [
              408421.23579999991,
              517211.9803999979
            ],
            [
              408428.07130000088,
              517216.90359999985
            ],
            [
              408437.7695000004,
              517217.41399999894
            ],
            [
              408443.95280000009,
              517216.24959999882
            ],
            [
              408450.86600000132,
              517220.00259999931
            ],
            [
              408452.52489999961,
              517227.12350000069
            ],
            [
              408474.36440000124,
              517239.47289999947
            ],
            [
              408486.25460000057,
              517248.47550000064
            ],
            [
              408501.54200000037,
              517258.83690000139
            ],
            [
              408519.20740000065,
              517268.68880000152
            ],
            [
              408527.87020000163,
              517270.89690000005
            ],
            [
              408532.25820000097,
              517276.50230000354
            ],
            [
              408537.92020000052,
              517282.61729999818
            ],
            [
              408542.22330000065,
              517285.56149999984
            ],
            [
              408548.11180000007,
              517286.01439999789
            ],
            [
              408552.18840000033,
              517290.99700000137
            ],
            [
              408552.18840000033,
              517298.69730000198
            ],
            [
              408555.58560000081,
              517305.26520000026
            ],
            [
              408561.70050000027,
              517310.24770000018
            ],
            [
              408566.90960000083,
              517313.19199999981
            ],
            [
              408578.00700000208,
              517319.30690000206
            ],
            [
              408584.12200000044,
              517322.47760000266
            ],
            [
              408590.23689999897,
              517327.46020000055
            ],
            [
              408594.54000000004,
              517332.21619999968
            ],
            [
              408598.39020000212,
              517338.78409999982
            ],
            [
              408603.37270000111,
              517344.44610000215
            ],
            [
              408608.35530000087,
              517347.16389999911
            ],
            [
              408614.01730000041,
              517350.10810000077
            ],
            [
              408623.98230000027,
              517355.99660000391
            ],
            [
              408639.15650000051,
              517361.65850000456
            ],
            [
              408648.21559999976,
              517363.47040000185
            ],
            [
              408655.91590000037,
              517368.67940000445
            ],
            [
              408659.31310000177,
              517376.606200004
            ],
            [
              408657.9542000005,
              517381.58870000206
            ],
            [
              408657.9542000005,
              517387.70370000228
            ],
            [
              408658.86020000093,
              517390.87439999916
            ],
            [
              408655.46300000045,
              517396.30990000255
            ],
            [
              408650.02749999985,
              517404.68960000016
            ],
            [
              408650.25389999896,
              517412.38990000263
            ],
            [
              408655.23649999965,
              517420.54319999926
            ],
            [
              408665.88100000005,
              517423.71389999986
            ],
            [
              408675.39309999999,
              517426.65810000151
            ],
            [
              408679.24330000021,
              517427.56400000118
            ],
            [
              408684.4523,
              517436.39670000039
            ],
            [
              408703.70309999958,
              517474.44519999996
            ],
            [
              408734.2778000012,
              517499.35800000094
            ],
            [
              408807.88350000046,
              517525.62959999964
            ],
            [
              408811.73370000068,
              517529.02669999935
            ],
            [
              408819.88700000104,
              517530.83860000223
            ],
            [
              408826.74750000145,
              517540.22500000149
            ],
            [
              408831.50160000008,
              517545.30250000022
            ],
            [
              408836.06140000094,
              517542.90269999951
            ],
            [
              408841.5886000013,
              517544.48589999974
            ],
            [
              408843.44079999998,
              517549.18340000138
            ],
            [
              408861.55910000019,
              517562.77219999954
            ],
            [
              408862.01209999993,
              517570.01950000226
            ],
            [
              408864.95630000066,
              517574.09610000253
            ],
            [
              408873.56260000076,
              517577.71979999915
            ],
            [
              408883.75409999955,
              517579.98460000008
            ],
            [
              408890.32200000063,
              517581.11700000241
            ],
            [
              408948.52720000129,
              517629.35710000247
            ],
            [
              408947.16830000002,
              517633.20720000379
            ],
            [
              408944.22410000116,
              517636.60440000147
            ],
            [
              408942.86519999988,
              517641.81339999847
            ],
            [
              408943.57980000041,
              517649.73320000246
            ],
            [
              408944.63850000128,
              517657.12769999914
            ],
            [
              408944.45060000196,
              517672.16170000099
            ],
            [
              408950.36190000083,
              517681.19009999931
            ],
            [
              408960.55339999963,
              517685.0402999986
            ],
            [
              408975.02530000079,
              517691.18590000086
            ],
            [
              408986.80220000073,
              517698.65980000235
            ],
            [
              408984.08449999988,
              517701.60400000028
            ],
            [
              408976.15770000033,
              517704.09530000389
            ],
            [
              408951.9243999999,
              517707.94539999962
            ],
            [
              408917.45090000052,
              517710.89800000191
            ],
            [
              408909.8805000009,
              517713.71030000225
            ],
            [
              408900.29360000137,
              517721.48350000381
            ],
            [
              408889.1520000007,
              517730.03400000185
            ],
            [
              408882.41530000139,
              517741.43469999731
            ],
            [
              408879.04690000135,
              517751.02160000242
            ],
            [
              408875.11800000072,
              517761.85769999959
            ],
            [
              408873.04230000079,
              517772.70350000076
            ],
            [
              408869.6753000021,
              517779.95290000178
            ],
            [
              408867.8602,
              517785.96580000408
            ],
            [
              408864.27780000027,
              517793.25589999929
            ],
            [
              408859.87299999967,
              517805.69300000183
            ],
            [
              408855.98639999982,
              517819.16660000198
            ],
            [
              408850.0270000007,
              517827.71710000001
            ],
            [
              408841.21740000136,
              517833.41740000062
            ],
            [
              408834.22150000092,
              517835.49030000158
            ],
            [
              408824.35020000208,
              517831.11499999836
            ],
            [
              408818.07390000112,
              517821.26070000045
            ],
            [
              408815.3068000013,
              517807.24770000018
            ],
            [
              408806.43520000018,
              517796.3738000039
            ],
            [
              408796.58920000121,
              517783.15939999931
            ],
            [
              408784.1520999996,
              517772.27690000273
            ],
            [
              408777.15620000195,
              517764.24459999986
            ],
            [
              408767.8284,
              517749.47560000047
            ],
            [
              408762.64620000124,
              517743.25699999928
            ],
            [
              408755.39699999988,
              517732.65890000015
            ],
            [
              408752.81140000001,
              517721.18789999932
            ],
            [
              408749.6699000001,
              517710.62230000459
            ],
            [
              408746.56060000043,
              517702.07180000097
            ],
            [
              408742.41490000021,
              517697.66700000316
            ],
            [
              408734.90079999994,
              517693.00310000218
            ],
            [
              408718.83619999979,
              517687.82090000249
            ],
            [
              408713.17810000107,
              517684.19200000167
            ],
            [
              408708.29590000119,
              517675.88080000319
            ],
            [
              408707.518600001,
              517669.40310000069
            ],
            [
              408708.55500000156,
              517662.66640000418
            ],
            [
              408709.85049999971,
              517654.11590000056
            ],
            [
              408712.70069999993,
              517644.26979999989
            ],
            [
              408710.10960000008,
              517637.53310000338
            ],
            [
              408708.29590000119,
              517634.68290000036
            ],
            [
              408690.41750000045,
              517627.16880000196
            ],
            [
              408675.38939999975,
              517621.46850000136
            ],
            [
              408656.99280000106,
              517617.84100000188
            ],
            [
              408646.62860000134,
              517619.65469999984
            ],
            [
              408639.11450000107,
              517621.46850000136
            ],
            [
              408631.34130000044,
              517624.57780000195
            ],
            [
              408623.82720000017,
              517623.80040000007
            ],
            [
              408617.86780000106,
              517620.95030000061
            ],
            [
              408610.61280000024,
              517614.73170000128
            ],
            [
              408603.61689999979,
              517607.21759999916
            ],
            [
              408598.87380000018,
              517605.35429999977
            ],
            [
              408596.44790000003,
              517603.89980000071
            ]
          ]
        ]
      }
    },
    {
      "attributes" : {
        "FID" : 2,
        "PMNTN_SN" : 44361,
        "MNTN_CODE" : "422300504",
        "MNTN_NM" : "임원해맞이공원",
        "PMNTN_NM" : " ",
        "PMNTN_MAIN" : " ",
        "PMNTN_LT" : 0.01,
        "PMNTN_DFFL" : "쉬움",
        "PMNTN_UPPL" : 1,
        "PMNTN_GODN" : 0,
        "PMNTN_MTRQ" : " ",
        "PMNTN_CNRL" : " ",
        "PMNTN_CLS_" : " ",
        "PMNTN_RISK" : " ",
        "PMNTN_RECO" : " ",
        "DATA_STDR_" : "2016-12-31",
        "MNTN_ID" : "422306801"
      },
      "geometry" : {
        "paths" : [
          [
            [
              408279.14020000026,
              517241.29510000162
            ],
            [
              408281.75,
              517247.44680000097
            ],
            [
              408288.36529999971,
              517250.41660000198
            ]
          ]
        ]
      }
    },
    {
      "attributes" : {
        "FID" : 3,
        "PMNTN_SN" : 44362,
        "MNTN_CODE" : "422300504",
        "MNTN_NM" : "임원해맞이공원",
        "PMNTN_NM" : "임원리구간",
        "PMNTN_MAIN" : " ",
        "PMNTN_LT" : 0.12,
        "PMNTN_DFFL" : "쉬움",
        "PMNTN_UPPL" : 2,
        "PMNTN_GODN" : 1,
        "PMNTN_MTRQ" : " ",
        "PMNTN_CNRL" : " ",
        "PMNTN_CLS_" : " ",
        "PMNTN_RISK" : " ",
        "PMNTN_RECO" : " ",
        "DATA_STDR_" : "2016-12-31",
        "MNTN_ID" : "422306801"
      },
      "geometry" : {
        "paths" : [
          [
            [
              408180.89080000203,
              517243.79890000075
            ],
            [
              408179.7435000008,
              517246.77439999953
            ],
            [
              408183.9123999998,
              517256.31909999996
            ],
            [
              408183.85130000021,
              517261.13629999943
            ],
            [
              408189.0446000006,
              517262.89040000178
            ],
            [
              408191.04779999983,
              517257.45300000161
            ],
            [
              408194.01020000037,
              517254.67019999959
            ],
            [
              408198.10290000215,
              517253.62969999947
            ],
            [
              408206.40540000051,
              517252.99910000339
            ],
            [
              408215.96899999958,
              517252.36850000173
            ],
            [
              408225.84790000133,
              517252.05330000259
            ],
            [
              408238.2491000006,
              517251.21250000224
            ],
            [
              408247.07710000034,
              517250.58190000243
            ],
            [
              408252.01649999991,
              517249.9514000006
            ],
            [
              408256.43050000072,
              517249.11060000025
            ],
            [
              408262.52600000054,
              517247.32400000095
            ],
            [
              408265.88900000043,
              517246.06289999746
            ],
            [
              408269.40969999973,
              517243.85590000078
            ],
            [
              408274.02819999959,
              517241.42540000007
            ],
            [
              408279.14020000026,
              517241.29510000162
            ]
          ]
        ]
      }
    },
    {
      "attributes" : {
        "FID" : 4,
        "PMNTN_SN" : 44363,
        "MNTN_CODE" : "422300504",
        "MNTN_NM" : "임원해맞이공원",
        "PMNTN_NM" : " ",
        "PMNTN_MAIN" : " ",
        "PMNTN_LT" : 0.09,
        "PMNTN_DFFL" : "쉬움",
        "PMNTN_UPPL" : 2,
        "PMNTN_GODN" : 1,
        "PMNTN_MTRQ" : " ",
        "PMNTN_CNRL" : " ",
        "PMNTN_CLS_" : " ",
        "PMNTN_RISK" : " ",
        "PMNTN_RECO" : " ",
        "DATA_STDR_" : "2016-12-31",
        "MNTN_ID" : "422306801"
      },
      "geometry" : {
        "paths" : [
          [
            [
              408288.36529999971,
              517250.41660000198
            ],
            [
              408293.99940000102,
              517263.32610000297
            ],
            [
              408295.38130000047,
              517273.69029999897
            ],
            [
              408297.10859999992,
              517284.40000000037
            ],
            [
              408299.18149999902,
              517296.49170000106
            ],
            [
              408298.14510000125,
              517314.11089999974
            ],
            [
              408301.59979999997,
              517326.89350000024
            ],
            [
              408301.59979999997,
              517335.18490000069
            ]
          ]
        ]
      }
    },
    {
      "attributes" : {
        "FID" : 5,
        "PMNTN_SN" : 44364,
        "MNTN_CODE" : "422300504",
        "MNTN_NM" : "임원해맞이공원",
        "PMNTN_NM" : " ",
        "PMNTN_MAIN" : " ",
        "PMNTN_LT" : 0.56,
        "PMNTN_DFFL" : "쉬움",
        "PMNTN_UPPL" : 10,
        "PMNTN_GODN" : 7,
        "PMNTN_MTRQ" : " ",
        "PMNTN_CNRL" : " ",
        "PMNTN_CLS_" : " ",
        "PMNTN_RISK" : " ",
        "PMNTN_RECO" : " ",
        "DATA_STDR_" : "2016-12-31",
        "MNTN_ID" : "422306801"
      },
      "geometry" : {
        "paths" : [
          [
            [
              408288.36529999971,
              517250.41660000198
            ],
            [
              408306.43649999984,
              517264.70800000243
            ],
            [
              408314.72790000029,
              517270.23560000397
            ],
            [
              408328.2014000006,
              517274.72670000046
            ],
            [
              408344.43869999982,
              517279.21790000051
            ],
            [
              408354.11200000066,
              517278.18149999902
            ],
            [
              408363.09440000169,
              517272.30839999951
            ],
            [
              408370.34930000082,
              517275.41770000011
            ],
            [
              408383.13190000132,
              517276.45409999974
            ],
            [
              408395.22350000124,
              517280.59979999997
            ],
            [
              408400.9001000002,
              517287.9458000008
            ],
            [
              408408.69710000139,
              517293.72790000029
            ],
            [
              408421.1342000002,
              517299.25550000183
            ],
            [
              408434.2622000007,
              517303.40120000206
            ],
            [
              408449.09090000112,
              517303.49880000204
            ],
            [
              408457.06359999999,
              517308.23780000396
            ],
            [
              408466.04590000119,
              517314.80179999955
            ],
            [
              408471.57349999994,
              517327.23890000023
            ],
            [
              408473.30089999922,
              517335.87580000237
            ],
            [
              408471.57349999994,
              517347.27650000341
            ],
            [
              408467.42779999971,
              517360.40450000018
            ],
            [
              408466.39140000101,
              517371.4597000014
            ],
            [
              408470.53710000124,
              517385.62420000322
            ],
            [
              408467.30240000132,
              517395.60030000098
            ],
            [
              408467.77329999954,
              517407.73460000008
            ],
            [
              408473.99179999996,
              517418.78980000131
            ],
            [
              408479.86490000039,
              517433.99070000276
            ],
            [
              408484.35610000044,
              517443.66400000453
            ],
            [
              408486.42889999971,
              517461.97420000099
            ],
            [
              408492.64749999903,
              517481.32080000266
            ],
            [
              408498.86600000039,
              517489.95769999921
            ],
            [
              408506.46650000103,
              517499.97640000097
            ],
            [
              408509.92119999975,
              517515.17730000243
            ],
            [
              408512.68499999959,
              517528.9963000007
            ],
            [
              408521.3219000008,
              517540.7424999997
            ],
            [
              408526.50400000159,
              517542.12440000102
            ],
            [
              408539.63210000005,
              517535.21490000002
            ],
            [
              408549.30540000089,
              517537.63320000097
            ],
            [
              408560.36060000025,
              517547.6520000007
            ],
            [
              408566.52160000056,
              517556.17369999923
            ],
            [
              408573.77650000062,
              517575.86580000073
            ],
            [
              408581.72250000015,
              517586.92100000195
            ],
            [
              408583.79530000128,
              517598.32169999927
            ],
            [
              408592.77770000137,
              517600.04900000058
            ],
            [
              408596.44790000003,
              517603.89980000071
            ]
          ]
        ]
      }
    },
    {
      "attributes" : {
        "FID" : 6,
        "PMNTN_SN" : 44365,
        "MNTN_CODE" : "422300504",
        "MNTN_NM" : "임원해맞이공원",
        "PMNTN_NM" : "임원리구간",
        "PMNTN_MAIN" : " ",
        "PMNTN_LT" : 0.18,
        "PMNTN_DFFL" : "중간",
        "PMNTN_UPPL" : 3,
        "PMNTN_GODN" : 2,
        "PMNTN_MTRQ" : " ",
        "PMNTN_CNRL" : " ",
        "PMNTN_CLS_" : " ",
        "PMNTN_RISK" : " ",
        "PMNTN_RECO" : " ",
        "DATA_STDR_" : "2016-12-31",
        "MNTN_ID" : "422306801"
      },
      "geometry" : {
        "paths" : [
          [
            [
              408301.59979999997,
              517335.18490000069
            ],
            [
              408282.25320000015,
              517342.09440000169
            ],
            [
              408275.34370000195,
              517342.43980000354
            ],
            [
              408253.83040000033,
              517343.7890000008
            ],
            [
              408245.54160000198,
              517344.07979999855
            ],
            [
              408240.25540000014,
              517344.65909999795
            ],
            [
              408234.00900000148,
              517345.34360000119
            ],
            [
              408224.31070000026,
              517346.40650000237
            ],
            [
              408194.9365000017,
              517349.89650000259
            ],
            [
              408167.30730000138,
              517350.76900000311
            ],
            [
              408161.33700000029,
              517351.42220000364
            ],
            [
              408154.42750000209,
              517351.42220000364
            ],
            [
              408149.59080000222,
              517352.11309999973
            ],
            [
              408145.44510000106,
              517351.76770000346
            ],
            [
              408145.90420000069,
              517346.41009999998
            ],
            [
              408152.00910000037,
              517326.89350000024
            ]
          ]
        ]
      }
    },
    {
      "attributes" : {
        "FID" : 7,
        "PMNTN_SN" : 44366,
        "MNTN_CODE" : "422300504",
        "MNTN_NM" : "임원해맞이공원",
        "PMNTN_NM" : " ",
        "PMNTN_MAIN" : " ",
        "PMNTN_LT" : 0.72,
        "PMNTN_DFFL" : "쉬움",
        "PMNTN_UPPL" : 13,
        "PMNTN_GODN" : 9,
        "PMNTN_MTRQ" : " ",
        "PMNTN_CNRL" : " ",
        "PMNTN_CLS_" : " ",
        "PMNTN_RISK" : " ",
        "PMNTN_RECO" : " ",
        "DATA_STDR_" : "2016-12-31",
        "MNTN_ID" : "422306801"
      },
      "geometry" : {
        "paths" : [
          [
            [
              408301.59979999997,
              517335.18490000069
            ],
            [
              408311.60419999994,
              517333.08320000023
            ],
            [
              408317.04540000111,
              517336.96979999915
            ],
            [
              408324.30039999913,
              517344.48390000127
            ],
            [
              408334.1464000009,
              517356.40279999748
            ],
            [
              408344.51070000138,
              517370.65360000171
            ],
            [
              408349.43369999994,
              517378.68590000086
            ],
            [
              408353.57940000016,
              517380.75879999995
            ],
            [
              408357.46600000095,
              517381.2770000007
            ],
            [
              408365.49830000196,
              517384.6454000026
            ],
            [
              408370.42129999958,
              517388.7910999991
            ],
            [
              408378.71270000096,
              517399.41440000385
            ],
            [
              408386.22680000123,
              517409.26050000265
            ],
            [
              408391.40890000015,
              517417.55189999938
            ],
            [
              408397.10929999966,
              517426.87970000133
            ],
            [
              408407.99170000199,
              517444.75800000131
            ],
            [
              408416.28310000058,
              517463.15460000001
            ],
            [
              408421.98350000009,
              517478.44180000015
            ],
            [
              408423.01990000065,
              517499.68850000203
            ],
            [
              408422.50170000084,
              517520.41709999926
            ],
            [
              408424.57450000104,
              517533.89060000144
            ],
            [
              408427.94290000107,
              517550.99159999937
            ],
            [
              408433.64319999982,
              517565.2424000036
            ],
            [
              408445.56210000161,
              517591.412200002
            ],
            [
              408454.63080000039,
              517610.06780000031
            ],
            [
              408449.79619999975,
              517630.05730000138
            ],
            [
              408458.44959999993,
              517641.0604000017
            ],
            [
              408465.81630000006,
              517650.39699999988
            ],
            [
              408472.79320000019,
              517658.2416999992
            ],
            [
              408481.40400000103,
              517672.06140000187
            ],
            [
              408492.23170000035,
              517689.52850000001
            ],
            [
              408497.67300000228,
              517694.96980000287
            ],
            [
              408509.33280000091,
              517709.73880000226
            ],
            [
              408513.99670000095,
              517719.06660000421
            ],
            [
              408518.40149999969,
              517727.35799999908
            ],
            [
              408529.80220000073,
              517738.24050000124
            ],
            [
              408535.76159999985,
              517742.64530000277
            ],
            [
              408539.90730000008,
              517745.49550000019
            ],
            [
              408549.46370000113,
              517746.09860000387
            ],
            [
              408551.53660000023,
              517743.50750000402
            ],
            [
              408555.42320000101,
              517735.99349999987
            ],
            [
              408562.67820000183,
              517726.92470000125
            ],
            [
              408573.04240000062,
              517712.41479999945
            ],
            [
              408586.25680000056,
              517695.31380000152
            ],
            [
              408593.51180000044,
              517687.54060000181
            ],
            [
              408603.61689999979,
              517683.91310000047
            ],
            [
              408612.68570000026,
              517681.84020000137
            ],
            [
              408621.49530000146,
              517677.95370000228
            ],
            [
              408623.82720000017,
              517671.99420000054
            ],
            [
              408622.01350000128,
              517665.77569999918
            ],
            [
              408616.05399999954,
              517660.8526000008
            ],
            [
              408607.56010000035,
              517658.88950000331
            ],
            [
              408597.62949999981,
              517655.24100000225
            ],
            [
              408590.10960000008,
              517648.97320000082
            ],
            [
              408583.8292000005,
              517643.25750000402
            ],
            [
              408580.50290000066,
              517631.83140000142
            ],
            [
              408581.59289999958,
              517623.80040000007
            ],
            [
              408583.14760000166,
              517616.02730000205
            ],
            [
              408586.25680000056,
              517611.88160000183
            ],
            [
              408589.88430000097,
              517606.44030000083
            ],
            [
              408596.44790000003,
              517603.89980000071
            ]
          ]
        ]
      }
    }
  ]
}