{
  "displayFieldName" : "",
  "fieldAliases" : {
    "FID" : "FID",
    "PMNTN_SPOT" : "PMNTN_SPOT",
    "MNTN_CODE" : "MNTN_CODE",
    "MANAGE_SP1" : "MANAGE_SP1",
    "MANAGE_SP2" : "MANAGE_SP2",
    "DETAIL_SPO" : "DETAIL_SPO",
    "ETC_MATTER" : "ETC_MATTER",
    "MNTN_NM" : "MNTN_NM",
    "PAST_SPOT_" : "PAST_SPOT_",
    "MNTN_ID" : "MNTN_ID"
  },
  "geometryType" : "esriGeometryPoint",
  "spatialReference" : {
    "wkt" : "PROJCS[\"PCS_ITRF2000_TM\",GEOGCS[\"GCS_ITRF_2000\",DATUM[\"D_ITRF_2000\",SPHEROID[\"GRS_1980\",6378137.0,298.257222101]],PRIMEM[\"Greenwich\",0.0],UNIT[\"Degree\",0.0174532925199433]],PROJECTION[\"Transverse_Mercator\"],PARAMETER[\"False_Easting\",200000.0],PARAMETER[\"False_Northing\",600000.0],PARAMETER[\"Central_Meridian\",127.0],PARAMETER[\"Scale_Factor\",1.0],PARAMETER[\"Latitude_Of_Origin\",38.0],UNIT[\"Meter\",1.0]]"
  },
  "fields" : [
    {
      "name" : "FID",
      "type" : "esriFieldTypeOID",
      "alias" : "FID"
    },
    {
      "name" : "PMNTN_SPOT",
      "type" : "esriFieldTypeDouble",
      "alias" : "PMNTN_SPOT"
    },
    {
      "name" : "MNTN_CODE",
      "type" : "esriFieldTypeString",
      "alias" : "MNTN_CODE",
      "length" : 9
    },
    {
      "name" : "MANAGE_SP1",
      "type" : "esriFieldTypeString",
      "alias" : "MANAGE_SP1",
      "length" : 2
    },
    {
      "name" : "MANAGE_SP2",
      "type" : "esriFieldTypeString",
      "alias" : "MANAGE_SP2",
      "length" : 50
    },
    {
      "name" : "DETAIL_SPO",
      "type" : "esriFieldTypeString",
      "alias" : "DETAIL_SPO",
      "length" : 200
    },
    {
      "name" : "ETC_MATTER",
      "type" : "esriFieldTypeString",
      "alias" : "ETC_MATTER",
      "length" : 200
    },
    {
      "name" : "MNTN_NM",
      "type" : "esriFieldTypeString",
      "alias" : "MNTN_NM",
      "length" : 50
    },
    {
      "name" : "PAST_SPOT_",
      "type" : "esriFieldTypeString",
      "alias" : "PAST_SPOT_",
      "length" : 14
    },
    {
      "name" : "MNTN_ID",
      "type" : "esriFieldTypeString",
      "alias" : "MNTN_ID",
      "length" : 10
    }
  ],
  "features" : [
    {
      "attributes" : {
        "FID" : 0,
        "PMNTN_SPOT" : 75643,
        "MNTN_CODE" : "422300504",
        "MANAGE_SP1" : "01",
        "MANAGE_SP2" : "시종점",
        "DETAIL_SPO" : "시종점",
        "ETC_MATTER" : " ",
        "MNTN_NM" : "임원해맞이공원",
        "PAST_SPOT_" : "4223068010001",
        "MNTN_ID" : "422306801"
      },
      "geometry" : {
        "x" : 408152.00910006277,
        "y" : 517326.89350000396
      }
    },
    {
      "attributes" : {
        "FID" : 1,
        "PMNTN_SPOT" : 75644,
        "MNTN_CODE" : "422300504",
        "MANAGE_SP1" : "01",
        "MANAGE_SP2" : "시종점",
        "DETAIL_SPO" : "시종점",
        "ETC_MATTER" : " ",
        "MNTN_NM" : "임원해맞이공원",
        "PAST_SPOT_" : "4223068010002",
        "MNTN_ID" : "422306801"
      },
      "geometry" : {
        "x" : 408180.8908000635,
        "y" : 517243.79890000634
      }
    },
    {
      "attributes" : {
        "FID" : 2,
        "PMNTN_SPOT" : 75645,
        "MNTN_CODE" : "422300504",
        "MANAGE_SP1" : "01",
        "MANAGE_SP2" : "시종점",
        "DETAIL_SPO" : "시종점",
        "ETC_MATTER" : " ",
        "MNTN_NM" : "임원해맞이공원",
        "PAST_SPOT_" : "4223068010003",
        "MNTN_ID" : "422306801"
      },
      "geometry" : {
        "x" : 408186.95970006287,
        "y" : 517143.79170000926
      }
    },
    {
      "attributes" : {
        "FID" : 3,
        "PMNTN_SPOT" : 75646,
        "MNTN_CODE" : "422300504",
        "MANAGE_SP1" : "02",
        "MANAGE_SP2" : "분기점",
        "DETAIL_SPO" : "분기점",
        "ETC_MATTER" : " ",
        "MNTN_NM" : "임원해맞이공원",
        "PAST_SPOT_" : "4223068010004",
        "MNTN_ID" : "422306801"
      },
      "geometry" : {
        "x" : 408279.14020006265,
        "y" : 517241.29510000534
      }
    },
    {
      "attributes" : {
        "FID" : 4,
        "PMNTN_SPOT" : 75647,
        "MNTN_CODE" : "422300504",
        "MANAGE_SP1" : "02",
        "MANAGE_SP2" : "분기점",
        "DETAIL_SPO" : "분기점",
        "ETC_MATTER" : " ",
        "MNTN_NM" : "임원해맞이공원",
        "PAST_SPOT_" : "4223068010005",
        "MNTN_ID" : "422306801"
      },
      "geometry" : {
        "x" : 408288.36530006211,
        "y" : 517250.41660001129
      }
    },
    {
      "attributes" : {
        "FID" : 5,
        "PMNTN_SPOT" : 75648,
        "MNTN_CODE" : "422300504",
        "MANAGE_SP1" : "02",
        "MANAGE_SP2" : "분기점",
        "DETAIL_SPO" : "분기점",
        "ETC_MATTER" : " ",
        "MNTN_NM" : "임원해맞이공원",
        "PAST_SPOT_" : "4223068010006",
        "MNTN_ID" : "422306801"
      },
      "geometry" : {
        "x" : 408301.59980006237,
        "y" : 517335.18490000628
      }
    },
    {
      "attributes" : {
        "FID" : 6,
        "PMNTN_SPOT" : 75649,
        "MNTN_CODE" : "422300504",
        "MANAGE_SP1" : "01",
        "MANAGE_SP2" : "시종점",
        "DETAIL_SPO" : "시종점",
        "ETC_MATTER" : " ",
        "MNTN_NM" : "임원해맞이공원",
        "PAST_SPOT_" : "4223068010007",
        "MNTN_ID" : "422306801"
      },
      "geometry" : {
        "x" : 408303.1492000632,
        "y" : 517148.61070001125
      }
    },
    {
      "attributes" : {
        "FID" : 7,
        "PMNTN_SPOT" : 75650,
        "MNTN_CODE" : "422300504",
        "MANAGE_SP1" : "02",
        "MANAGE_SP2" : "분기점",
        "DETAIL_SPO" : "분기점",
        "ETC_MATTER" : " ",
        "MNTN_NM" : "임원해맞이공원",
        "PAST_SPOT_" : "4223068010008",
        "MNTN_ID" : "422306801"
      },
      "geometry" : {
        "x" : 408596.4479000615,
        "y" : 517603.8998000063
      }
    },
    {
      "attributes" : {
        "FID" : 8,
        "PMNTN_SPOT" : 75651,
        "MNTN_CODE" : "422300504",
        "MANAGE_SP1" : "99",
        "MANAGE_SP2" : "기타",
        "DETAIL_SPO" : "기타",
        "ETC_MATTER" : "임원항입구",
        "MNTN_NM" : "임원해맞이공원",
        "PAST_SPOT_" : "4223068010009",
        "MNTN_ID" : "422306801"
      },
      "geometry" : {
        "x" : 408188.52550012618,
        "y" : 517142.86990001239
      }
    },
    {
      "attributes" : {
        "FID" : 9,
        "PMNTN_SPOT" : 75652,
        "MNTN_CODE" : "422300504",
        "MANAGE_SP1" : "12",
        "MANAGE_SP2" : "위험지역",
        "DETAIL_SPO" : "위험지역",
        "ETC_MATTER" : "로프설치및계단설치",
        "MNTN_NM" : "임원해맞이공원",
        "PAST_SPOT_" : "4223068010010",
        "MNTN_ID" : "422306801"
      },
      "geometry" : {
        "x" : 408228.08720012382,
        "y" : 517163.92130000703
      }
    },
    {
      "attributes" : {
        "FID" : 10,
        "PMNTN_SPOT" : 75653,
        "MNTN_CODE" : "422300504",
        "MANAGE_SP1" : "14",
        "MANAGE_SP2" : "조망점",
        "DETAIL_SPO" : "조망점",
        "ETC_MATTER" : "쉼터조성요",
        "MNTN_NM" : "임원해맞이공원",
        "PAST_SPOT_" : "4223068010011",
        "MNTN_ID" : "422306801"
      },
      "geometry" : {
        "x" : 408364.20590012334,
        "y" : 517273.28290001117
      }
    },
    {
      "attributes" : {
        "FID" : 11,
        "PMNTN_SPOT" : 75654,
        "MNTN_CODE" : "422300504",
        "MANAGE_SP1" : "99",
        "MANAGE_SP2" : "기타",
        "DETAIL_SPO" : "기타",
        "ETC_MATTER" : "이정표설치",
        "MNTN_NM" : "임원해맞이공원",
        "PAST_SPOT_" : "4223068010012",
        "MNTN_ID" : "422306801"
      },
      "geometry" : {
        "x" : 408471.26980012469,
        "y" : 517329.65410001762
      }
    },
    {
      "attributes" : {
        "FID" : 12,
        "PMNTN_SPOT" : 75655,
        "MNTN_CODE" : "422300504",
        "MANAGE_SP1" : "14",
        "MANAGE_SP2" : "조망점",
        "DETAIL_SPO" : "조망점",
        "ETC_MATTER" : " ",
        "MNTN_NM" : "임원해맞이공원",
        "PAST_SPOT_" : "4223068010013",
        "MNTN_ID" : "422306801"
      },
      "geometry" : {
        "x" : 408487.64640012197,
        "y" : 517409.89040000737
      }
    },
    {
      "attributes" : {
        "FID" : 13,
        "PMNTN_SPOT" : 75656,
        "MNTN_CODE" : "422300504",
        "MANAGE_SP1" : "14",
        "MANAGE_SP2" : "조망점",
        "DETAIL_SPO" : "조망점",
        "ETC_MATTER" : "해맞이공원조성자리",
        "MNTN_NM" : "임원해맞이공원",
        "PAST_SPOT_" : "4223068010014",
        "MNTN_ID" : "422306801"
      },
      "geometry" : {
        "x" : 408601.5457001226,
        "y" : 517528.19110000879
      }
    },
    {
      "attributes" : {
        "FID" : 14,
        "PMNTN_SPOT" : 75657,
        "MNTN_CODE" : "422300504",
        "MANAGE_SP1" : "12",
        "MANAGE_SP2" : "위험지역",
        "DETAIL_SPO" : "위험지역",
        "ETC_MATTER" : " ",
        "MNTN_NM" : "임원해맞이공원",
        "PAST_SPOT_" : "4223068010015",
        "MNTN_ID" : "422306801"
      },
      "geometry" : {
        "x" : 408603.95960012265,
        "y" : 517603.76030001603
      }
    }
  ]
}