{
  "displayFieldName" : "",
  "fieldAliases" : {
    "FID" : "FID",
    "PMNTN_SPOT" : "PMNTN_SPOT",
    "MNTN_CODE" : "MNTN_CODE",
    "MANAGE_SP1" : "MANAGE_SP1",
    "MANAGE_SP2" : "MANAGE_SP2",
    "DETAIL_SPO" : "DETAIL_SPO",
    "ETC_MATTER" : "ETC_MATTER",
    "MNTN_NM" : "MNTN_NM",
    "PAST_SPOT_" : "PAST_SPOT_",
    "MNTN_ID" : "MNTN_ID"
  },
  "geometryType" : "esriGeometryPoint",
  "spatialReference" : {
    "wkt" : "PROJCS[\"PCS_ITRF2000_TM\",GEOGCS[\"GCS_ITRF_2000\",DATUM[\"D_ITRF_2000\",SPHEROID[\"GRS_1980\",6378137.0,298.257222101]],PRIMEM[\"Greenwich\",0.0],UNIT[\"Degree\",0.0174532925199433]],PROJECTION[\"Transverse_Mercator\"],PARAMETER[\"False_Easting\",200000.0],PARAMETER[\"False_Northing\",600000.0],PARAMETER[\"Central_Meridian\",127.0],PARAMETER[\"Scale_Factor\",1.0],PARAMETER[\"Latitude_Of_Origin\",38.0],UNIT[\"Meter\",1.0]]"
  },
  "fields" : [
    {
      "name" : "FID",
      "type" : "esriFieldTypeOID",
      "alias" : "FID"
    },
    {
      "name" : "PMNTN_SPOT",
      "type" : "esriFieldTypeDouble",
      "alias" : "PMNTN_SPOT"
    },
    {
      "name" : "MNTN_CODE",
      "type" : "esriFieldTypeString",
      "alias" : "MNTN_CODE",
      "length" : 9
    },
    {
      "name" : "MANAGE_SP1",
      "type" : "esriFieldTypeString",
      "alias" : "MANAGE_SP1",
      "length" : 2
    },
    {
      "name" : "MANAGE_SP2",
      "type" : "esriFieldTypeString",
      "alias" : "MANAGE_SP2",
      "length" : 50
    },
    {
      "name" : "DETAIL_SPO",
      "type" : "esriFieldTypeString",
      "alias" : "DETAIL_SPO",
      "length" : 200
    },
    {
      "name" : "ETC_MATTER",
      "type" : "esriFieldTypeString",
      "alias" : "ETC_MATTER",
      "length" : 200
    },
    {
      "name" : "MNTN_NM",
      "type" : "esriFieldTypeString",
      "alias" : "MNTN_NM",
      "length" : 50
    },
    {
      "name" : "PAST_SPOT_",
      "type" : "esriFieldTypeString",
      "alias" : "PAST_SPOT_",
      "length" : 14
    },
    {
      "name" : "MNTN_ID",
      "type" : "esriFieldTypeString",
      "alias" : "MNTN_ID",
      "length" : 10
    }
  ],
  "features" : [
    {
      "attributes" : {
        "FID" : 0,
        "PMNTN_SPOT" : 4311,
        "MNTN_CODE" : "421507301",
        "MANAGE_SP1" : "01",
        "MANAGE_SP2" : "시종점",
        "DETAIL_SPO" : "시종점",
        "ETC_MATTER" : " ",
        "MNTN_NM" : "경포대시루봉",
        "PAST_SPOT_" : "4215001010001",
        "MNTN_ID" : "421500101"
      },
      "geometry" : {
        "x" : 365163.00990001671,
        "y" : 578885.58640000038
      }
    },
    {
      "attributes" : {
        "FID" : 1,
        "PMNTN_SPOT" : 4312,
        "MNTN_CODE" : "421507301",
        "MANAGE_SP1" : "01",
        "MANAGE_SP2" : "시종점",
        "DETAIL_SPO" : "시종점",
        "ETC_MATTER" : " ",
        "MNTN_NM" : "경포대시루봉",
        "PAST_SPOT_" : "4215001010002",
        "MNTN_ID" : "421500101"
      },
      "geometry" : {
        "x" : 365856.56380001269,
        "y" : 580019.90350000001
      }
    },
    {
      "attributes" : {
        "FID" : 2,
        "PMNTN_SPOT" : 4313,
        "MNTN_CODE" : "421507301",
        "MANAGE_SP1" : "02",
        "MANAGE_SP2" : "분기점",
        "DETAIL_SPO" : "분기점",
        "ETC_MATTER" : " ",
        "MNTN_NM" : "경포대시루봉",
        "PAST_SPOT_" : "4215001010003",
        "MNTN_ID" : "421500101"
      },
      "geometry" : {
        "x" : 365911.15350001585,
        "y" : 578921.63260000572
      }
    },
    {
      "attributes" : {
        "FID" : 3,
        "PMNTN_SPOT" : 4314,
        "MNTN_CODE" : "421507301",
        "MANAGE_SP1" : "02",
        "MANAGE_SP2" : "분기점",
        "DETAIL_SPO" : "분기점",
        "ETC_MATTER" : " ",
        "MNTN_NM" : "경포대시루봉",
        "PAST_SPOT_" : "4215001010004",
        "MNTN_ID" : "421500101"
      },
      "geometry" : {
        "x" : 366454.11050001718,
        "y" : 579352.60110000707
      }
    },
    {
      "attributes" : {
        "FID" : 4,
        "PMNTN_SPOT" : 4315,
        "MNTN_CODE" : "421507301",
        "MANAGE_SP1" : "01",
        "MANAGE_SP2" : "시종점",
        "DETAIL_SPO" : "솔마을,목조주택단지",
        "ETC_MATTER" : " ",
        "MNTN_NM" : "경포대시루봉",
        "PAST_SPOT_" : "4215001010005",
        "MNTN_ID" : "421500101"
      },
      "geometry" : {
        "x" : 366700.72920001298,
        "y" : 580104.03360000066
      }
    },
    {
      "attributes" : {
        "FID" : 5,
        "PMNTN_SPOT" : 4316,
        "MNTN_CODE" : "421507301",
        "MANAGE_SP1" : "01",
        "MANAGE_SP2" : "시종점",
        "DETAIL_SPO" : "시종점",
        "ETC_MATTER" : " ",
        "MNTN_NM" : "경포대시루봉",
        "PAST_SPOT_" : "4215001010006",
        "MNTN_ID" : "421500101"
      },
      "geometry" : {
        "x" : 366779.96220001299,
        "y" : 578028.8151000049
      }
    },
    {
      "attributes" : {
        "FID" : 6,
        "PMNTN_SPOT" : 4317,
        "MNTN_CODE" : "421507301",
        "MANAGE_SP1" : "02",
        "MANAGE_SP2" : "분기점",
        "DETAIL_SPO" : "분기점",
        "ETC_MATTER" : " ",
        "MNTN_NM" : "경포대시루봉",
        "PAST_SPOT_" : "4215001010007",
        "MNTN_ID" : "421500101"
      },
      "geometry" : {
        "x" : 366831.38650001306,
        "y" : 579420.43100000173
      }
    },
    {
      "attributes" : {
        "FID" : 7,
        "PMNTN_SPOT" : 4318,
        "MNTN_CODE" : "421507301",
        "MANAGE_SP1" : "01",
        "MANAGE_SP2" : "시종점",
        "DETAIL_SPO" : "시종점",
        "ETC_MATTER" : " ",
        "MNTN_NM" : "경포대시루봉",
        "PAST_SPOT_" : "4215001010008",
        "MNTN_ID" : "421500101"
      },
      "geometry" : {
        "x" : 367073.75410001539,
        "y" : 578989.48289999925
      }
    },
    {
      "attributes" : {
        "FID" : 8,
        "PMNTN_SPOT" : 4319,
        "MNTN_CODE" : "421507301",
        "MANAGE_SP1" : "99",
        "MANAGE_SP2" : "기타",
        "DETAIL_SPO" : "선교장,삼거리해운정먹거리촌",
        "ETC_MATTER" : " ",
        "MNTN_NM" : "경포대시루봉",
        "PAST_SPOT_" : "4215001010009",
        "MNTN_ID" : "421500101"
      },
      "geometry" : {
        "x" : 366781.67260002904,
        "y" : 578028.78310000338
      }
    },
    {
      "attributes" : {
        "FID" : 9,
        "PMNTN_SPOT" : 4320,
        "MNTN_CODE" : "421507301",
        "MANAGE_SP1" : "08",
        "MANAGE_SP2" : "가로등",
        "DETAIL_SPO" : "어촌영당",
        "ETC_MATTER" : " ",
        "MNTN_NM" : "경포대시루봉",
        "PAST_SPOT_" : "4215001010010",
        "MNTN_ID" : "421500101"
      },
      "geometry" : {
        "x" : 366019.47270002682,
        "y" : 578657.26440000348
      }
    },
    {
      "attributes" : {
        "FID" : 10,
        "PMNTN_SPOT" : 4321,
        "MNTN_CODE" : "421507301",
        "MANAGE_SP1" : "10",
        "MANAGE_SP2" : "이정표",
        "DETAIL_SPO" : "사우골분기",
        "ETC_MATTER" : " ",
        "MNTN_NM" : "경포대시루봉",
        "PAST_SPOT_" : "4215001010011",
        "MNTN_ID" : "421500101"
      },
      "geometry" : {
        "x" : 365910.16820002813,
        "y" : 578918.53510000557
      }
    },
    {
      "attributes" : {
        "FID" : 11,
        "PMNTN_SPOT" : 4322,
        "MNTN_CODE" : "421507301",
        "MANAGE_SP1" : "10",
        "MANAGE_SP2" : "이정표",
        "DETAIL_SPO" : "진등길,분기",
        "ETC_MATTER" : " ",
        "MNTN_NM" : "경포대시루봉",
        "PAST_SPOT_" : "4215001010012",
        "MNTN_ID" : "421500101"
      },
      "geometry" : {
        "x" : 366833.51900002919,
        "y" : 579424.55250000022
      }
    },
    {
      "attributes" : {
        "FID" : 12,
        "PMNTN_SPOT" : 4323,
        "MNTN_CODE" : "421507301",
        "MANAGE_SP1" : "08",
        "MANAGE_SP2" : "가로등",
        "DETAIL_SPO" : "청덕문",
        "ETC_MATTER" : " ",
        "MNTN_NM" : "경포대시루봉",
        "PAST_SPOT_" : "4215001010013",
        "MNTN_ID" : "421500101"
      },
      "geometry" : {
        "x" : 366860.0365000274,
        "y" : 579606.2514000088
      }
    },
    {
      "attributes" : {
        "FID" : 13,
        "PMNTN_SPOT" : 4324,
        "MNTN_CODE" : "421507301",
        "MANAGE_SP1" : "99",
        "MANAGE_SP2" : "기타",
        "DETAIL_SPO" : "마재교",
        "ETC_MATTER" : " ",
        "MNTN_NM" : "경포대시루봉",
        "PAST_SPOT_" : "4215001010014",
        "MNTN_ID" : "421500101"
      },
      "geometry" : {
        "x" : 366238.69140003342,
        "y" : 579673.22280000336
      }
    },
    {
      "attributes" : {
        "FID" : 14,
        "PMNTN_SPOT" : 4325,
        "MNTN_CODE" : "421507301",
        "MANAGE_SP1" : "99",
        "MANAGE_SP2" : "기타",
        "DETAIL_SPO" : "안고개마을입구,굴다리",
        "ETC_MATTER" : " ",
        "MNTN_NM" : "경포대시루봉",
        "PAST_SPOT_" : "4215001010015",
        "MNTN_ID" : "421500101"
      },
      "geometry" : {
        "x" : 365858.52170002926,
        "y" : 580014.98600000702
      }
    }
  ]
}