{
  "displayFieldName" : "",
  "fieldAliases" : {
    "FID" : "FID",
    "PMNTN_SN" : "PMNTN_SN",
    "MNTN_CODE" : "MNTN_CODE",
    "MNTN_NM" : "MNTN_NM",
    "PMNTN_NM" : "PMNTN_NM",
    "PMNTN_MAIN" : "PMNTN_MAIN",
    "PMNTN_LT" : "PMNTN_LT",
    "PMNTN_DFFL" : "PMNTN_DFFL",
    "PMNTN_UPPL" : "PMNTN_UPPL",
    "PMNTN_GODN" : "PMNTN_GODN",
    "PMNTN_MTRQ" : "PMNTN_MTRQ",
    "PMNTN_CNRL" : "PMNTN_CNRL",
    "PMNTN_CLS_" : "PMNTN_CLS_",
    "PMNTN_RISK" : "PMNTN_RISK",
    "PMNTN_RECO" : "PMNTN_RECO",
    "DATA_STDR_" : "DATA_STDR_",
    "MNTN_ID" : "MNTN_ID"
  },
  "geometryType" : "esriGeometryPolyline",
  "spatialReference" : {
    "wkt" : "PROJCS[\"PCS_ITRF2000_TM\",GEOGCS[\"GCS_ITRF_2000\",DATUM[\"D_ITRF_2000\",SPHEROID[\"GRS_1980\",6378137.0,298.257222101]],PRIMEM[\"Greenwich\",0.0],UNIT[\"Degree\",0.0174532925199433]],PROJECTION[\"Transverse_Mercator\"],PARAMETER[\"False_Easting\",200000.0],PARAMETER[\"False_Northing\",600000.0],PARAMETER[\"Central_Meridian\",127.0],PARAMETER[\"Scale_Factor\",1.0],PARAMETER[\"Latitude_Of_Origin\",38.0],UNIT[\"Meter\",1.0]]"
  },
  "fields" : [
    {
      "name" : "FID",
      "type" : "esriFieldTypeOID",
      "alias" : "FID"
    },
    {
      "name" : "PMNTN_SN",
      "type" : "esriFieldTypeDouble",
      "alias" : "PMNTN_SN"
    },
    {
      "name" : "MNTN_CODE",
      "type" : "esriFieldTypeString",
      "alias" : "MNTN_CODE",
      "length" : 9
    },
    {
      "name" : "MNTN_NM",
      "type" : "esriFieldTypeString",
      "alias" : "MNTN_NM",
      "length" : 50
    },
    {
      "name" : "PMNTN_NM",
      "type" : "esriFieldTypeString",
      "alias" : "PMNTN_NM",
      "length" : 50
    },
    {
      "name" : "PMNTN_MAIN",
      "type" : "esriFieldTypeString",
      "alias" : "PMNTN_MAIN",
      "length" : 200
    },
    {
      "name" : "PMNTN_LT",
      "type" : "esriFieldTypeSingle",
      "alias" : "PMNTN_LT"
    },
    {
      "name" : "PMNTN_DFFL",
      "type" : "esriFieldTypeString",
      "alias" : "PMNTN_DFFL",
      "length" : 8
    },
    {
      "name" : "PMNTN_UPPL",
      "type" : "esriFieldTypeDouble",
      "alias" : "PMNTN_UPPL"
    },
    {
      "name" : "PMNTN_GODN",
      "type" : "esriFieldTypeDouble",
      "alias" : "PMNTN_GODN"
    },
    {
      "name" : "PMNTN_MTRQ",
      "type" : "esriFieldTypeString",
      "alias" : "PMNTN_MTRQ",
      "length" : 200
    },
    {
      "name" : "PMNTN_CNRL",
      "type" : "esriFieldTypeString",
      "alias" : "PMNTN_CNRL",
      "length" : 1
    },
    {
      "name" : "PMNTN_CLS_",
      "type" : "esriFieldTypeString",
      "alias" : "PMNTN_CLS_",
      "length" : 1
    },
    {
      "name" : "PMNTN_RISK",
      "type" : "esriFieldTypeString",
      "alias" : "PMNTN_RISK",
      "length" : 200
    },
    {
      "name" : "PMNTN_RECO",
      "type" : "esriFieldTypeString",
      "alias" : "PMNTN_RECO",
      "length" : 1
    },
    {
      "name" : "DATA_STDR_",
      "type" : "esriFieldTypeString",
      "alias" : "DATA_STDR_",
      "length" : 10
    },
    {
      "name" : "MNTN_ID",
      "type" : "esriFieldTypeString",
      "alias" : "MNTN_ID",
      "length" : 10
    }
  ],
  "features" : [
    {
      "attributes" : {
        "FID" : 0,
        "PMNTN_SN" : 24227,
        "MNTN_CODE" : "422302601",
        "MNTN_NM" : "복두산",
        "PMNTN_NM" : "동활리구간",
        "PMNTN_MAIN" : " ",
        "PMNTN_LT" : 2.47,
        "PMNTN_DFFL" : "쉬움",
        "PMNTN_UPPL" : 93,
        "PMNTN_GODN" : 65,
        "PMNTN_MTRQ" : " ",
        "PMNTN_CNRL" : " ",
        "PMNTN_CLS_" : " ",
        "PMNTN_RISK" : " ",
        "PMNTN_RECO" : " ",
        "DATA_STDR_" : "2016-12-31",
        "MNTN_ID" : "422302601"
      },
      "geometry" : {
        "paths" : [
          [
            [
              390449.98440003954,
              507991.88950000331
            ],
            [
              390461.61350003816,
              507992.17490000464
            ],
            [
              390462.88010004163,
              507994.174100006
            ],
            [
              390461.24360004067,
              507996.41350000538
            ],
            [
              390455.77700003795,
              508000.56629999913
            ],
            [
              390451.64300003927,
              508002.80930000544
            ],
            [
              390450.81780004129,
              508007.6685000062
            ],
            [
              390452.43370004091,
              508018.92210000567
            ],
            [
              390452.04900003597,
              508028.02680000663
            ],
            [
              390449.36790003814,
              508028.62710000761
            ],
            [
              390448.96520004142,
              508030.61930000223
            ],
            [
              390443.46230003703,
              508038.04450000823
            ],
            [
              390444.08170004096,
              508042.28460000642
            ],
            [
              390448.17200003844,
              508046.25890000537
            ],
            [
              390447.38990003802,
              508048.25620000623
            ],
            [
              390445.60270004068,
              508050.11020000465
            ],
            [
              390443.07530004065,
              508050.0418000035
            ],
            [
              390440.43300004024,
              508050.42190000601
            ],
            [
              390439.13920003921,
              508052.60810000449
            ],
            [
              390439.30860004108,
              508060.60820000805
            ],
            [
              390439.50800004136,
              508063.03490000404
            ],
            [
              390439.72930003796,
              508065.7282000035
            ],
            [
              390438.77120004129,
              508068.25400000624
            ],
            [
              390434.36240003724,
              508075.04600000381
            ],
            [
              390436.86640003696,
              508078.32350000553
            ],
            [
              390438.89860003907,
              508082.69810000807
            ],
            [
              390440.60100003891,
              508082.28190000355
            ],
            [
              390442.05330003798,
              508084.88240000606
            ],
            [
              390437.68610004149,
              508090.43290000781
            ],
            [
              390432.34160003811,
              508094.77260000445
            ],
            [
              390431.21070003975,
              508096.58900000714
            ],
            [
              390431.78520003706,
              508097.98990000598
            ],
            [
              390437.01230003685,
              508103.40730000474
            ],
            [
              390440.51850003935,
              508105.23980000429
            ],
            [
              390443.39180003945,
              508107.38350000791
            ],
            [
              390446.30970004201,
              508109.14270000719
            ],
            [
              390448.6505000405,
              508110.31080000289
            ],
            [
              390453.75950003695,
              508111.58740000613
            ],
            [
              390455.89700003807,
              508112.85670000315
            ],
            [
              390457.66050004028,
              508114.82990000024
            ],
            [
              390461.4717000369,
              508118.95810000785
            ],
            [
              390463.6395000387,
              508126.24940000288
            ],
            [
              390462.81000003684,
              508135.87020000815
            ],
            [
              390460.44090003893,
              508148.83790000714
            ],
            [
              390459.14330003876,
              508156.93180000782
            ],
            [
              390460.21650004108,
              508170.0312000066
            ],
            [
              390463.05430003908,
              508178.31500000507
            ],
            [
              390468.03470003698,
              508186.08870000392
            ],
            [
              390469.92640003841,
              508189.8383000046
            ],
            [
              390470.39350003935,
              508191.81100000814
            ],
            [
              390469.92830003798,
              508194.30720000528
            ],
            [
              390467.6292000385,
              508200.07070000283
            ],
            [
              390467.85330003873,
              508217.51120000519
            ],
            [
              390466.17230004165,
              508228.91380000673
            ],
            [
              390460.22000003699,
              508236.77550000511
            ],
            [
              390447.83950003982,
              508249.49070000835
            ],
            [
              390439.15530003887,
              508252.2918000035
            ],
            [
              390436.87820004206,
              508254.80020000599
            ],
            [
              390430.94380003773,
              508261.54520000517
            ],
            [
              390425.81840003841,
              508268.09460000508
            ],
            [
              390422.10390003864,
              508275.34110000543
            ],
            [
              390423.57000003848,
              508279.23580000363
            ],
            [
              390423.69800003804,
              508280.78450000472
            ],
            [
              390423.21550003812,
              508282.39240000397
            ],
            [
              390421.45290003903,
              508284.21170000546
            ],
            [
              390420.54810004123,
              508288.96670000628
            ],
            [
              390422.46330004092,
              508294.55810000375
            ],
            [
              390421.84910003841,
              508298.3236000035
            ],
            [
              390419.87730003707,
              508301.95859999768
            ],
            [
              390414.79310004041,
              508303.53950000741
            ],
            [
              390412.73600003775,
              508304.98960000649
            ],
            [
              390412.88360003754,
              508307.13839999959
            ],
            [
              390413.56740003824,
              508310.68460000493
            ],
            [
              390408.06290003844,
              508314.22790000774
            ],
            [
              390406.43820003793,
              508319.19000000693
            ],
            [
              390398.66960003786,
              508324.67420000397
            ],
            [
              390397.54070003983,
              508327.06470000558
            ],
            [
              390400.58620003704,
              508329.53960000537
            ],
            [
              390402.91250003874,
              508336.16070000641
            ],
            [
              390402.9567000391,
              508345.27260000631
            ],
            [
              390404.12590004317,
              508353.07190000825
            ],
            [
              390405.86360003985,
              508355.94340000302
            ],
            [
              390409.83210004028,
              508358.41410000436
            ],
            [
              390413.8047000384,
              508363.80230000615
            ],
            [
              390415.16380003933,
              508366.43770000525
            ],
            [
              390414.99710004032,
              508369.2802000083
            ],
            [
              390414.59250003938,
              508371.42040000297
            ],
            [
              390413.60730003938,
              508372.91120000556
            ],
            [
              390409.79500003718,
              508379.34500000626
            ],
            [
              390407.51800003927,
              508381.5183000043
            ],
            [
              390406.76110003795,
              508391.60120000318
            ],
            [
              390403.23200003803,
              508398.07490000501
            ],
            [
              390398.25370003935,
              508402.07690000348
            ],
            [
              390398.20370003767,
              508404.29120000638
            ],
            [
              390396.67740003951,
              508412.81150000356
            ],
            [
              390394.67350003682,
              508415.10270000622
            ],
            [
              390389.79070003796,
              508414.88060000353
            ],
            [
              390383.78960003797,
              508420.62820000574
            ],
            [
              390383.60070004128,
              508421.0707000047
            ],
            [
              390382.67180003785,
              508422.93940000422
            ],
            [
              390381.26860003825,
              508426.01690000482
            ],
            [
              390381.35030004103,
              508428.95800000802
            ],
            [
              390380.8391000405,
              508429.2982000038
            ],
            [
              390379.66430003848,
              508429.5921000056
            ],
            [
              390375.50130003504,
              508429.65660000406
            ],
            [
              390361.29390004091,
              508432.89140000753
            ],
            [
              390360.30640004203,
              508434.08130000345
            ],
            [
              390360.97220003977,
              508439.21410000511
            ],
            [
              390366.06100003887,
              508450.09950000793
            ],
            [
              390366.14780003577,
              508450.21320000477
            ],
            [
              390366.23470003903,
              508450.32680000551
            ],
            [
              390371.14940003864,
              508453.05760000646
            ],
            [
              390373.5534000406,
              508451.79040000588
            ],
            [
              390377.34170003701,
              508450.55360000394
            ],
            [
              390378.95040003862,
              508450.90980000421
            ],
            [
              390380.03450003732,
              508452.52870000526
            ],
            [
              390380.60640004091,
              508455.31530000828
            ],
            [
              390382.05010004155,
              508465.52330000699
            ],
            [
              390383.60700003896,
              508467.47690000385
            ],
            [
              390384.33940004092,
              508467.17530000582
            ],
            [
              390386.41840003803,
              508462.26360000484
            ],
            [
              390388.81790004019,
              508465.83370000497
            ],
            [
              390389.07340003923,
              508466.06290000677
            ],
            [
              390392.54320003837,
              508466.47880000435
            ],
            [
              390393.51990003791,
              508465.86180000566
            ],
            [
              390394.85260003898,
              508464.66220000573
            ],
            [
              390394.69210004061,
              508461.41450000741
            ],
            [
              390396.59130003862,
              508464.08070000634
            ],
            [
              390398.7410000395,
              508471.16860000044
            ],
            [
              390396.33470003959,
              508475.44280000404
            ],
            [
              390395.18190003932,
              508478.97270000353
            ],
            [
              390387.29490003921,
              508481.79180000722
            ],
            [
              390378.42470003758,
              508484.92380000465
            ],
            [
              390371.6161000384,
              508483.54120000452
            ],
            [
              390370.62550004106,
              508483.85400000587
            ],
            [
              390364.46650003828,
              508485.04600000754
            ],
            [
              390361.93900003843,
              508486.76680000685
            ],
            [
              390360.64000003785,
              508489.18570000492
            ],
            [
              390351.76480003819,
              508492.54110000283
            ],
            [
              390339.44500004034,
              508502.92120000534
            ],
            [
              390334.31090003904,
              508505.91440000385
            ],
            [
              390323.40720003936,
              508500.4458000008
            ],
            [
              390317.3326000385,
              508501.86300000362
            ],
            [
              390313.01780003868,
              508503.8786000032
            ],
            [
              390308.42570003681,
              508502.66720000282
            ],
            [
              390305.8717000382,
              508501.60410000384
            ],
            [
              390295.94500003755,
              508500.38380000368
            ],
            [
              390292.28100003768,
              508500.96200000308
            ],
            [
              390290.14140003733,
              508500.94260000624
            ],
            [
              390288.34920003824,
              508499.33690000512
            ],
            [
              390288.15060003847,
              508499.09990000539
            ],
            [
              390279.57470003795,
              508496.79310000688
            ],
            [
              390274.19340003934,
              508495.22870000266
            ],
            [
              390270.76660004165,
              508489.59390000626
            ],
            [
              390266.32400004193,
              508485.38840000518
            ],
            [
              390262.6282000374,
              508483.75029999763
            ],
            [
              390259.93800003733,
              508480.8039000053
            ],
            [
              390244.26670003496,
              508481.89270000346
            ],
            [
              390232.41070003808,
              508483.61710000783
            ],
            [
              390225.32200003881,
              508490.34550000727
            ],
            [
              390223.23890003748,
              508492.18810000457
            ],
            [
              390215.81460003834,
              508501.90640000813
            ],
            [
              390203.52500004042,
              508510.95640000515
            ],
            [
              390197.6601000363,
              508518.5967000071
            ],
            [
              390190.77540004067,
              508524.21270000748
            ],
            [
              390189.98770003859,
              508527.75090000406
            ],
            [
              390189.93370003812,
              508529.80770000629
            ],
            [
              390190.89920003712,
              508530.51930000819
            ],
            [
              390200.53900003806,
              508532.98800000735
            ],
            [
              390200.5228000395,
              508534.08290000632
            ],
            [
              390199.32940003928,
              508535.40880000405
            ],
            [
              390197.51410004031,
              508536.26930000633
            ],
            [
              390191.05090003926,
              508535.77120000497
            ],
            [
              390190.29320003837,
              508537.97880000807
            ],
            [
              390191.27510003839,
              508541.68620000407
            ],
            [
              390189.89730003756,
              508543.38920000382
            ],
            [
              390189.03260004055,
              508543.73810000718
            ],
            [
              390187.07060004026,
              508543.5443000067
            ],
            [
              390182.45300003607,
              508542.68890000507
            ],
            [
              390180.12110003736,
              508547.30000000447
            ],
            [
              390175.34440003894,
              508550.30130000412
            ],
            [
              390171.85660003778,
              508551.33029999956
            ],
            [
              390172.28590003774,
              508551.78679999895
            ],
            [
              390167.02570003923,
              508552.7758000046
            ],
            [
              390165.28250003792,
              508555.07290000468
            ],
            [
              390158.71700003743,
              508554.47790000774
            ],
            [
              390153.1711000409,
              508555.90730000474
            ],
            [
              390148.9825000409,
              508560.58809999749
            ],
            [
              390146.87200003956,
              508563.31450000778
            ],
            [
              390137.1859000409,
              508574.87150000595
            ],
            [
              390130.23180003837,
              508579.93670000322
            ],
            [
              390127.70870003942,
              508585.42790000513
            ],
            [
              390124.04690003861,
              508586.23880000412
            ],
            [
              390119.13440003805,
              508587.01230000332
            ],
            [
              390115.56460003741,
              508587.71360000782
            ],
            [
              390108.30580003839,
              508590.43550000526
            ],
            [
              390102.58560003899,
              508595.63100000471
            ],
            [
              390101.78780003823,
              508599.61580000445
            ],
            [
              390084.05130003858,
              508601.76620000787
            ],
            [
              390079.8961000368,
              508600.67630000412
            ],
            [
              390074.64270003513,
              508604.99810000509
            ],
            [
              390068.38440003898,
              508606.6348000057
            ],
            [
              390067.02140003815,
              508607.93520000763
            ],
            [
              390060.17250003852,
              508613.18520000577
            ],
            [
              390059.95250003971,
              508614.02620000206
            ],
            [
              390059.4164000405,
              508615.75649999827
            ],
            [
              390059.38930003811,
              508622.49399999902
            ],
            [
              390058.16080003884,
              508626.68050000817
            ],
            [
              390054.73720003944,
              508630.21430000477
            ],
            [
              390050.34670003876,
              508631.22210000642
            ],
            [
              390045.60610003956,
              508633.16530000418
            ],
            [
              390035.5619000392,
              508639.09870000556
            ],
            [
              390027.71580003947,
              508648.03500000387
            ],
            [
              390025.84030004125,
              508652.32680000365
            ],
            [
              390024.6739000408,
              508653.94970000722
            ],
            [
              390022.25860003941,
              508654.19150000252
            ],
            [
              390020.6527000377,
              508653.64700000361
            ],
            [
              390012.17780003883,
              508655.12210000306
            ],
            [
              389998.21410003863,
              508659.4708000049
            ],
            [
              389995.48720003758,
              508666.07440000586
            ],
            [
              389990.32570003718,
              508670.28660000302
            ],
            [
              389989.79620003793,
              508677.06020000577
            ],
            [
              389989.04220003542,
              508679.92930000648
            ],
            [
              389984.0602000393,
              508683.8105000034
            ],
            [
              389971.66590003856,
              508685.63480000757
            ],
            [
              389962.62240003981,
              508688.53999999724
            ],
            [
              389954.14000003971,
              508690.35000000522
            ],
            [
              389953.41260003764,
              508690.8921000082
            ],
            [
              389944.91220003739,
              508697.46790000424
            ],
            [
              389936.8885000376,
              508702.39750000276
            ],
            [
              389929.51780003868,
              508706.12230000272
            ],
            [
              389928.78290003724,
              508706.9901000075
            ],
            [
              389926.57580003701,
              508707.13820000552
            ],
            [
              389926.33440003544,
              508708.7742999997
            ],
            [
              389925.57000003569,
              508711.69300000556
            ],
            [
              389914.32180003822,
              508717.54590000398
            ],
            [
              389913.24340003822,
              508722.08300000429
            ],
            [
              389906.21640003752,
              508734.02600000426
            ],
            [
              389900.59420003835,
              508747.11770000309
            ],
            [
              389899.35170003679,
              508754.63910000771
            ],
            [
              389901.02390003577,
              508759.45220000669
            ],
            [
              389897.75490003824,
              508758.70820000768
            ],
            [
              389896.04180003796,
              508759.6749000065
            ],
            [
              389892.13670003787,
              508763.35690000467
            ],
            [
              389887.07630004175,
              508771.02500000037
            ],
            [
              389883.61300004181,
              508774.60530000366
            ],
            [
              389879.91580003686,
              508780.96370000392
            ],
            [
              389878.7691000374,
              508780.60260000639
            ],
            [
              389873.58660003915,
              508777.82350000739
            ],
            [
              389863.68200003728,
              508779.60160000622
            ],
            [
              389860.6451000385,
              508772.1977999974
            ],
            [
              389855.64890003949,
              508769.08780000731
            ],
            [
              389848.12540003844,
              508767.69870000333
            ],
            [
              389844.35030003637,
              508765.61220000312
            ],
            [
              389840.57330003846,
              508759.64400000311
            ],
            [
              389834.63340003882,
              508759.0632000044
            ],
            [
              389830.17820003722,
              508755.41620000824
            ],
            [
              389827.9995000381,
              508752.38690000586
            ],
            [
              389825.37820003834,
              508749.65820000693
            ],
            [
              389819.11600003764,
              508749.38620000333
            ],
            [
              389812.40100003779,
              508751.4596000053
            ],
            [
              389805.30180003867,
              508751.07620000467
            ],
            [
              389802.31520003825,
              508751.71550000645
            ],
            [
              389799.25300003588,
              508750.72450000234
            ],
            [
              389797.68710004073,
              508750.24230000563
            ],
            [
              389796.41010003723,
              508752.43570000678
            ],
            [
              389795.76500003785,
              508756.39919999987
            ],
            [
              389792.9577000374,
              508758.90870000236
            ],
            [
              389789.93740003929,
              508759.80680000223
            ],
            [
              389784.55120003782,
              508755.51240000688
            ],
            [
              389780.72940003872,
              508759.34910000488
            ],
            [
              389771.28800003789,
              508760.72790000588
            ],
            [
              389767.43410003837,
              508761.28460000642
            ],
            [
              389766.19350003824,
              508764.76380000636
            ],
            [
              389757.7598000383,
              508768.11830000766
            ],
            [
              389749.29370003846,
              508773.0275000073
            ],
            [
              389741.56510003749,
              508776.06390000694
            ],
            [
              389735.95500003919,
              508778.10440000519
            ],
            [
              389723.94540003687,
              508782.05320000648
            ],
            [
              389719.91710003931,
              508785.00430000015
            ],
            [
              389716.21020003781,
              508789.21600000374
            ],
            [
              389713.37180003617,
              508794.81600000523
            ],
            [
              389707.88190004043,
              508795.70550000668
            ],
            [
              389699.41060003825,
              508796.39580000564
            ],
            [
              389688.77310003806,
              508806.09080000408
            ],
            [
              389688.71060003806,
              508808.8634000048
            ],
            [
              389689.90720003843,
              508810.18179999851
            ],
            [
              389690.43030003738,
              508811.65310000442
            ],
            [
              389689.87920003943,
              508812.22230000608
            ],
            [
              389679.35750003904,
              508809.648800008
            ],
            [
              389672.93100003898,
              508809.71200000495
            ],
            [
              389671.02460003924,
              508808.80030000769
            ],
            [
              389669.78100003954,
              508808.77230000682
            ],
            [
              389663.38520003948,
              508812.35690000653
            ],
            [
              389663.14050003514,
              508814.75480000302
            ],
            [
              389660.83900003601,
              508815.1241999995
            ],
            [
              389654.12860003859,
              508820.96800000593
            ],
            [
              389648.72130003851,
              508828.17220000364
            ],
            [
              389644.9210000392,
              508829.12950000353
            ],
            [
              389642.89560003765,
              508829.647700008
            ],
            [
              389640.95430003945,
              508828.91830000281
            ],
            [
              389638.99910003692,
              508826.72410000302
            ],
            [
              389637.25530003849,
              508826.66940000281
            ],
            [
              389634.80370003544,
              508827.26170000061
            ],
            [
              389633.43750003353,
              508829.51400000602
            ],
            [
              389632.08050003834,
              508829.91250000335
            ],
            [
              389629.98340003658,
              508834.50460000522
            ],
            [
              389628.53800004162,
              508845.98470000736
            ],
            [
              389627.669600036,
              508851.26300000772
            ],
            [
              389627.47890003771,
              508855.6853000056
            ],
            [
              389626.43370003905,
              508860.26150000654
            ],
            [
              389625.35050003696,
              508863.06739999726
            ],
            [
              389622.25630003773,
              508864.54070000723
            ],
            [
              389611.76470003743,
              508866.66030000523
            ],
            [
              389607.37510003615,
              508867.06910000369
            ],
            [
              389604.9596000379,
              508868.11490000784
            ],
            [
              389602.14190003835,
              508871.80850000493
            ],
            [
              389599.99650003854,
              508877.81440000422
            ],
            [
              389596.02130003646,
              508882.65770000592
            ],
            [
              389591.79200003576,
              508889.41750000417
            ],
            [
              389584.67530003842,
              508899.71310000494
            ],
            [
              389579.32860003784,
              508905.91130000539
            ],
            [
              389575.62680003885,
              508908.01400000602
            ],
            [
              389571.57480003685,
              508911.05030000769
            ],
            [
              389568.05710003991,
              508911.82270000689
            ],
            [
              389563.49050003942,
              508911.11540000327
            ],
            [
              389557.68090003822,
              508915.97240000404
            ],
            [
              389555.5815000385,
              508916.68210000545
            ],
            [
              389550.78330003843,
              508919.57100000419
            ],
            [
              389544.14860003814,
              508920.77680000477
            ],
            [
              389531.50550003629,
              508929.70790000446
            ],
            [
              389515.54400003608,
              508935.79040000401
            ],
            [
              389502.12160003651,
              508943.93140000291
            ],
            [
              389489.8524000356,
              508952.51569999941
            ],
            [
              389486.59390003886,
              508954.24810000136
            ],
            [
              389486.06090003625,
              508954.53150000051
            ],
            [
              389482.35280003585,
              508955.26800000481
            ],
            [
              389470.72500003688,
              508956.55520000495
            ],
            [
              389463.93670003768,
              508957.11200000346
            ],
            [
              389462.10190003738,
              508956.68690000474
            ],
            [
              389451.98440003581,
              508956.02190000378
            ],
            [
              389437.64170003869,
              508961.35900000483
            ],
            [
              389414.41500003543,
              508966.50560000539
            ],
            [
              389407.82020003814,
              508969.01010000706
            ],
            [
              389404.45120003819,
              508970.06690000556
            ],
            [
              389401.628400038,
              508969.47240000777
            ],
            [
              389391.99440003652,
              508964.14730000496
            ],
            [
              389388.46040003654,
              508963.54580000602
            ],
            [
              389385.89980003703,
              508965.59350000508
            ],
            [
              389377.08190003783,
              508974.43480000831
            ],
            [
              389356.8978000395,
              508986.75260000676
            ],
            [
              389346.88440003525,
              508989.07800000347
            ],
            [
              389330.51310003921,
              508996.21260000579
            ],
            [
              389327.95680003893,
              508996.41750000603
            ],
            [
              389324.19000003953,
              508996.33460000716
            ],
            [
              389304.95240003616,
              508992.13820000179
            ],
            [
              389288.68600003514,
              508990.14410000294
            ],
            [
              389280.83380003739,
              508989.72030000575
            ],
            [
              389278.15780003741,
              508989.56360000372
            ],
            [
              389274.32050003856,
              508990.35580000654
            ],
            [
              389251.96480003651,
              508996.83040000498
            ],
            [
              389249.34630003944,
              508997.97280000336
            ],
            [
              389245.68310003914,
              508997.98630000465
            ],
            [
              389241.30820003711,
              508997.11720000394
            ],
            [
              389237.25070003513,
              508994.83350000344
            ],
            [
              389231.99910003785,
              508991.78570000641
            ],
            [
              389226.59140004124,
              508990.38810000382
            ],
            [
              389221.10670003574,
              508989.51220000349
            ],
            [
              389216.74870003574,
              508988.48790000565
            ],
            [
              389210.80680003762,
              508988.63140000589
            ],
            [
              389201.60950003937,
              508990.81180000678
            ],
            [
              389193.368100035,
              508991.8112000078
            ],
            [
              389187.50300003681,
              508993.60410000756
            ],
            [
              389181.30170003511,
              508997.40560000576
            ],
            [
              389174.52720003761,
              509001.63790000416
            ],
            [
              389169.85240003839,
              509002.88140000589
            ],
            [
              389164.94900003821,
              509003.77130000666
            ],
            [
              389156.68170003593,
              509003.81350000203
            ],
            [
              389151.60240003839,
              509004.75070000812
            ],
            [
              389143.93200003821,
              509005.82430000603
            ],
            [
              389138.1070000371,
              509007.92510000803
            ],
            [
              389132.03110003565,
              509013.22889999859
            ],
            [
              389130.03880003933,
              509013.65320000798
            ],
            [
              389128.04150003754,
              509013.58320000395
            ],
            [
              389125.48130003549,
              509012.42960000783
            ],
            [
              389123.20750003681,
              509011.60550000332
            ],
            [
              389119.75920003839,
              509013.6828000024
            ],
            [
              389115.90430003498,
              509016.02220000513
            ],
            [
              389112.02010003757,
              509018.06410000473
            ],
            [
              389111.16310004145,
              509020.33020000719
            ],
            [
              389111.61240003631,
              509022.55520000495
            ],
            [
              389109.3710000366,
              509025.2293000035
            ],
            [
              389106.92930003908,
              509026.23020000383
            ],
            [
              389104.82590003498,
              509025.84510000423
            ],
            [
              389100.31440003868,
              509026.61180000566
            ],
            [
              389096.64830003772,
              509024.21720000356
            ],
            [
              389095.27020003647,
              509020.07320000045
            ],
            [
              389092.9791000383,
              509019.24920000508
            ],
            [
              389086.25790003594,
              509018.22520000674
            ],
            [
              389083.89260003623,
              509017.14820000529
            ],
            [
              389081.14800003637,
              509016.46760000475
            ],
            [
              389074.06010003854,
              509018.37760000676
            ],
            [
              389071.40180003736,
              509017.98280000314
            ],
            [
              389060.60160003509,
              509020.18839999847
            ],
            [
              389057.42490003537,
              509015.00670000724
            ],
            [
              389049.43810003903,
              509011.71090000309
            ],
            [
              389039.89600003697,
              509011.95090000331
            ],
            [
              389035.95640003867,
              509012.52120000497
            ],
            [
              389032.77310003899,
              509014.41530000605
            ],
            [
              389029.49790003896,
              509015.79010000825
            ],
            [
              389030.00110003445,
              509017.20370000415
            ],
            [
              389029.59330003895,
              509018.96390000544
            ],
            [
              389027.72650003806,
              509019.0669000037
            ],
            [
              389025.00380003732,
              509018.01690000668
            ],
            [
              389023.65970003698,
              509018.68910000473
            ],
            [
              389019.65670003742,
              509021.73410000466
            ],
            [
              389018.06030003913,
              509022.68240000494
            ],
            [
              389014.49070003629,
              509020.47970000654
            ],
            [
              389011.06340003759,
              509018.20290000737
            ],
            [
              389009.47470003739,
              509015.53820000216
            ],
            [
              389007.89870003797,
              509013.9706000071
            ],
            [
              389005.95200003777,
              509014.78510000743
            ],
            [
              389006.87250003777,
              509019.62880000286
            ],
            [
              389005.6199000394,
              509023.90650000423
            ],
            [
              389003.62770003639,
              509027.90190000087
            ],
            [
              389002.30040003825,
              509030.62730000541
            ],
            [
              389000.49430003949,
              509034.3356000036
            ],
            [
              388999.52420003619,
              509035.01790000498
            ],
            [
              388998.51830003783,
              509033.6201000046
            ],
            [
              388997.62030003499,
              509031.17340000346
            ],
            [
              388996.83890003711,
              509029.76460000686
            ],
            [
              388996.16190003604,
              509030.29850000516
            ],
            [
              388992.7804000359,
              509032.2104000058
            ],
            [
              388991.17180003691,
              509032.50950000249
            ],
            [
              388986.1823000377,
              509032.57039999962
            ],
            [
              388985.07830003649,
              509030.81810000725
            ],
            [
              388981.22860003635,
              509028.06950000487
            ],
            [
              388976.82040003687,
              509026.30430000648
            ],
            [
              388975.63850003574,
              509025.67170000821
            ],
            [
              388973.87160003558,
              509027.23420000635
            ]
          ]
        ]
      }
    },
    {
      "attributes" : {
        "FID" : 1,
        "PMNTN_SN" : 24228,
        "MNTN_CODE" : "422302601",
        "MNTN_NM" : "복두산",
        "PMNTN_NM" : "동활리구간",
        "PMNTN_MAIN" : " ",
        "PMNTN_LT" : 2.3,
        "PMNTN_DFFL" : "쉬움",
        "PMNTN_UPPL" : 86,
        "PMNTN_GODN" : 60,
        "PMNTN_MTRQ" : " ",
        "PMNTN_CNRL" : " ",
        "PMNTN_CLS_" : " ",
        "PMNTN_RISK" : " ",
        "PMNTN_RECO" : " ",
        "DATA_STDR_" : "2016-12-31",
        "MNTN_ID" : "422302601"
      },
      "geometry" : {
        "paths" : [
          [
            [
              389860.56490003504,
              508038.35130000487
            ],
            [
              389860.6543000387,
              508038.35330000333
            ],
            [
              389852.29220003821,
              508036.1203000024
            ],
            [
              389824.57010003924,
              508030.03220000491
            ],
            [
              389816.61630003806,
              508028.8319000043
            ],
            [
              389808.90710003953,
              508027.75180000439
            ],
            [
              389800.18030003645,
              508027.81740000285
            ],
            [
              389792.109800037,
              508028.567900002
            ],
            [
              389785.82470003795,
              508029.62250000611
            ],
            [
              389778.28160003945,
              508031.09670000523
            ],
            [
              389770.71990003716,
              508033.01300000586
            ],
            [
              389764.80100003816,
              508035.19360000454
            ],
            [
              389759.8346000351,
              508037.98310000822
            ],
            [
              389755.00810003933,
              508040.83010000363
            ],
            [
              389746.9220000403,
              508046.38890000619
            ],
            [
              389741.71600003541,
              508050.4725000076
            ],
            [
              389736.002300038,
              508054.74670000561
            ],
            [
              389728.79650003929,
              508059.63640000485
            ],
            [
              389721.92330003809,
              508064.47900000401
            ],
            [
              389705.82130003907,
              508076.26930000819
            ],
            [
              389696.18560003769,
              508082.47340000421
            ],
            [
              389685.31820003781,
              508090.87910000607
            ],
            [
              389673.26890003495,
              508101.3009000048
            ],
            [
              389662.38530003838,
              508111.21780000627
            ],
            [
              389654.9183000382,
              508115.15160000697
            ],
            [
              389645.69350003544,
              508118.57450000755
            ],
            [
              389636.94150003791,
              508119.62170000188
            ],
            [
              389628.10410003923,
              508118.97090000473
            ],
            [
              389620.76490003709,
              508118.45930000581
            ],
            [
              389613.13480004203,
              508118.59240000509
            ],
            [
              389608.64620003942,
              508119.8674999997
            ],
            [
              389604.24820003938,
              508122.47380000353
            ],
            [
              389601.47880003694,
              508124.32580000535
            ],
            [
              389596.78540003579,
              508125.0791000016
            ],
            [
              389590.54630003497,
              508125.86790000461
            ],
            [
              389584.28160003759,
              508126.64430000447
            ],
            [
              389561.8840000378,
              508124.88130000047
            ],
            [
              389554.14630003739,
              508122.63370000757
            ],
            [
              389514.87880003825,
              508110.9980000034
            ],
            [
              389506.93460003845,
              508106.39980000444
            ],
            [
              389499.47330003511,
              508102.26600000262
            ],
            [
              389480.46300003678,
              508087.76860000752
            ],
            [
              389471.52670003567,
              508077.34770000167
            ],
            [
              389464.53700003866,
              508070.58700000495
            ],
            [
              389455.64720003866,
              508063.38460000791
            ],
            [
              389448.98340003937,
              508060.90820000693
            ],
            [
              389442.71110003721,
              508058.99660000205
            ],
            [
              389434.77910003811,
              508058.94550000317
            ],
            [
              389426.65340003558,
              508061.89239999838
            ],
            [
              389416.68410003558,
              508067.84459999949
            ],
            [
              389413.1255000364,
              508069.96930000372
            ],
            [
              389406.72950004134,
              508072.93190000765
            ],
            [
              389395.93990003783,
              508075.28380000591
            ],
            [
              389385.53780003823,
              508075.28239999898
            ],
            [
              389364.92930003349,
              508092.98110000603
            ],
            [
              389356.66890003812,
              508097.50259999745
            ],
            [
              389345.12420003861,
              508103.21430000477
            ],
            [
              389329.90280003659,
              508109.50950000435
            ],
            [
              389302.4278000351,
              508117.55410000682
            ],
            [
              389284.7113000378,
              508117.73040000349
            ],
            [
              389275.96870003827,
              508114.26150000468
            ],
            [
              389262.09470003843,
              508107.52700000815
            ],
            [
              389248.8113000365,
              508093.71650000662
            ],
            [
              389235.29010003898,
              508081.23010000587
            ],
            [
              389230.00130003784,
              508077.35210000724
            ],
            [
              389218.49510003626,
              508071.87300000526
            ],
            [
              389207.63720003795,
              508067.35660000518
            ],
            [
              389191.63740003947,
              508063.47250000387
            ],
            [
              389179.01730003767,
              508062.33850000799
            ],
            [
              389167.19350003824,
              508063.13850000501
            ],
            [
              389154.98420003708,
              508063.91590000503
            ],
            [
              389138.85590003897,
              508067.44740000367
            ],
            [
              389122.87530003954,
              508074.77820000425
            ],
            [
              389115.20700003579,
              508084.77540000714
            ],
            [
              389110.47630003747,
              508088.21820000373
            ],
            [
              389106.74130003806,
              508093.95710000396
            ],
            [
              389104.14250003733,
              508100.71270000562
            ],
            [
              389098.43390003871,
              508106.0697000064
            ],
            [
              389096.05730003864,
              508110.05930000171
            ],
            [
              389096.01090003923,
              508114.31170000508
            ],
            [
              389096.05960003566,
              508118.37010000646
            ],
            [
              389098.00790003501,
              508122.18200000376
            ],
            [
              389100.91990003921,
              508123.63830000348
            ],
            [
              389103.87470003776,
              508124.7729000058
            ],
            [
              389106.22490003891,
              508124.1049000062
            ],
            [
              389109.16180003714,
              508121.82319999859
            ],
            [
              389114.20980003569,
              508118.11480000615
            ],
            [
              389118.53090003692,
              508114.12370000593
            ],
            [
              389122.04930003546,
              508111.42100000009
            ],
            [
              389126.66620003805,
              508109.09410000406
            ],
            [
              389133.66700003948,
              508106.04620000534
            ],
            [
              389138.32380003948,
              508103.56880000792
            ],
            [
              389143.43770003505,
              508103.94990000688
            ],
            [
              389145.33610004,
              508107.11230000295
            ],
            [
              389145.19350003824,
              508111.02890000492
            ],
            [
              389140.92270003818,
              508114.42490000464
            ],
            [
              389135.00870003831,
              508118.66640000045
            ],
            [
              389131.47880003881,
              508120.49850000441
            ],
            [
              389126.39340003859,
              508125.70410000347
            ],
            [
              389122.07160003856,
              508126.99990000203
            ],
            [
              389118.52810003515,
              508131.67640000768
            ],
            [
              389118.03630003799,
              508132.67610000446
            ],
            [
              389119.38240003679,
              508135.93180000596
            ],
            [
              389120.22110003512,
              508138.39880000241
            ],
            [
              389118.89830003586,
              508145.57420000434
            ],
            [
              389120.22020003945,
              508149.97400000505
            ],
            [
              389116.8886000393,
              508154.07830000482
            ],
            [
              389116.0660000369,
              508157.22940000519
            ],
            [
              389115.28220003936,
              508160.89770000428
            ],
            [
              389115.80270003807,
              508164.95040000603
            ],
            [
              389114.39650003705,
              508168.02350000665
            ],
            [
              389114.9556000391,
              508170.82380000316
            ],
            [
              389115.67000003532,
              508178.82670000382
            ],
            [
              389114.59970003553,
              508182.6938000042
            ],
            [
              389109.94040003698,
              508188.43740000576
            ],
            [
              389108.84330003522,
              508190.05290000327
            ],
            [
              389109.83510003518,
              508193.13370000385
            ],
            [
              389115.53930004127,
              508196.268400006
            ],
            [
              389116.67820004094,
              508200.95760000497
            ],
            [
              389117.68550003786,
              508207.53360000812
            ],
            [
              389119.91160003375,
              508215.57980000786
            ],
            [
              389120.38810003735,
              508217.91760000773
            ],
            [
              389118.27780003659,
              508220.97940000519
            ],
            [
              389115.60070003662,
              508221.41820000298
            ],
            [
              389114.61040003505,
              508221.93470000662
            ],
            [
              389114.44940003846,
              508223.5788000077
            ],
            [
              389115.05580003746,
              508226.73710000515
            ],
            [
              389114.7252000384,
              508228.60330000333
            ],
            [
              389113.42370003648,
              508229.15830000676
            ],
            [
              389110.5203000363,
              508229.18780000694
            ],
            [
              389108.93240003567,
              508229.20800000429
            ],
            [
              389108.55800003652,
              508230.37120000646
            ],
            [
              389108.19800003711,
              508234.19489999861
            ],
            [
              389104.21640003845,
              508236.38070000708
            ],
            [
              389102.17040003743,
              508237.50380000658
            ],
            [
              389101.07590003591,
              508239.18170000426
            ],
            [
              389097.64960003737,
              508244.18510000594
            ],
            [
              389096.74740003794,
              508246.91860000603
            ],
            [
              389097.47480003629,
              508248.79610000737
            ],
            [
              389098.9100000374,
              508251.97080000304
            ],
            [
              389098.29280003812,
              508252.96860000491
            ],
            [
              389097.87770003919,
              508254.49840000644
            ],
            [
              389098.94340003841,
              508255.96680000611
            ],
            [
              389102.65520003531,
              508259.39010000788
            ],
            [
              389103.75660003908,
              508261.83170000836
            ],
            [
              389104.81280003954,
              508262.36680000462
            ],
            [
              389104.81480003707,
              508264.19450000487
            ],
            [
              389103.47090003826,
              508265.54360000789
            ],
            [
              389100.3653000379,
              508274.43750000373
            ],
            [
              389101.6944000395,
              508282.61480000801
            ],
            [
              389101.39390003495,
              508284.02040000632
            ],
            [
              389100.49090003781,
              508284.77300000377
            ],
            [
              389100.937100037,
              508292.44410000555
            ],
            [
              389101.27200003527,
              508293.4569000043
            ],
            [
              389099.21380003821,
              508297.85100000165
            ],
            [
              389098.27030003723,
              508300.38050000556
            ],
            [
              389095.37780003902,
              508306.42200000398
            ],
            [
              389093.80590003543,
              508313.05170000717
            ],
            [
              389095.7094000373,
              508319.53610000387
            ],
            [
              389095.98970003612,
              508322.65160000511
            ],
            [
              389101.29620003514,
              508331.87460000254
            ],
            [
              389103.39350003935,
              508333.37380000204
            ],
            [
              389102.89940003678,
              508335.80160000548
            ],
            [
              389101.58600003552,
              508338.88120000623
            ],
            [
              389102.46250003669,
              508342.96010000445
            ],
            [
              389105.35370003805,
              508346.78770000488
            ],
            [
              389105.81780003943,
              508351.14510000497
            ],
            [
              389105.41720003728,
              508353.44920000806
            ],
            [
              389104.23250003625,
              508355.8494000081
            ],
            [
              389101.73770003673,
              508363.6552000083
            ],
            [
              389102.97080003656,
              508372.11660000123
            ],
            [
              389103.76460003853,
              508376.2488000039
            ],
            [
              389106.43800003547,
              508379.96720000543
            ],
            [
              389111.36480003782,
              508385.36580000632
            ],
            [
              389111.80470003653,
              508386.69150000624
            ],
            [
              389111.83930003829,
              508388.70800000802
            ],
            [
              389111.34690003749,
              508390.96860000491
            ],
            [
              389109.43800003547,
              508393.02950000577
            ],
            [
              389106.16020003799,
              508396.30670000613
            ],
            [
              389106.29800003581,
              508397.25700000674
            ],
            [
              389107.15740003623,
              508399.30050000362
            ],
            [
              389112.76400003675,
              508404.22690000571
            ],
            [
              389113.56230003759,
              508407.12240000628
            ],
            [
              389113.25700003747,
              508408.77250000462
            ],
            [
              389114.84840003774,
              508410.96390000358
            ],
            [
              389121.64980003517,
              508424.19980000705
            ],
            [
              389122.56420003902,
              508425.97920000367
            ],
            [
              389124.32950003538,
              508427.85690000653
            ],
            [
              389127.68710003793,
              508431.42820000648
            ],
            [
              389128.94310003519,
              508434.89130000398
            ],
            [
              389130.19630003534,
              508441.33970000781
            ],
            [
              389131.4071000386,
              508443.48770000786
            ],
            [
              389132.20200003777,
              508445.32100000046
            ],
            [
              389136.58970003761,
              508450.39450000413
            ],
            [
              389137.68380003609,
              508457.08400000446
            ],
            [
              389139.63870003726,
              508469.22930000536
            ],
            [
              389140.39320003893,
              508476.39940000325
            ],
            [
              389141.56650003605,
              508478.60340000503
            ],
            [
              389142.43190003745,
              508479.98140000366
            ],
            [
              389147.10160003509,
              508485.27750000358
            ],
            [
              389147.86610003654,
              508486.73760000616
            ],
            [
              389155.67260004114,
              508491.46490000561
            ],
            [
              389159.63130003773,
              508497.33440000378
            ],
            [
              389160.01210003719,
              508499.49350000359
            ],
            [
              389160.87350003887,
              508500.28770000301
            ],
            [
              389162.01070003677,
              508499.96180000342
            ],
            [
              389164.77950003929,
              508497.67350000516
            ],
            [
              389166.29640003946,
              508497.14910000376
            ],
            [
              389166.8036000384,
              508499.32680000179
            ],
            [
              389166.54710003827,
              508501.47780000605
            ],
            [
              389167.02280003577,
              508504.15190000832
            ],
            [
              389168.92660003807,
              508505.06640000641
            ],
            [
              389171.78900003806,
              508506.04120000452
            ],
            [
              389173.77430003695,
              508512.52739999816
            ],
            [
              389178.55730003584,
              508517.19890000671
            ],
            [
              389179.42000003625,
              508518.55580000393
            ],
            [
              389179.59980004001,
              508520.12300000526
            ],
            [
              389179.08680003509,
              508522.41760000773
            ],
            [
              389178.30720003787,
              508523.68540000543
            ],
            [
              389176.60900003836,
              508524.1917000059
            ],
            [
              389173.88720003795,
              508523.42120000534
            ],
            [
              389170.89870003797,
              508521.79960000515
            ],
            [
              389166.66660004016,
              508522.02860000543
            ],
            [
              389164.61370003782,
              508522.40430000611
            ],
            [
              389164.25000003725,
              508522.44570000283
            ],
            [
              389162.45840003714,
              508522.64960000664
            ],
            [
              389154.03350003622,
              508524.64160000533
            ],
            [
              389150.52270003781,
              508526.14110000432
            ],
            [
              389149.07000003755,
              508528.3857000079
            ],
            [
              389149.90710003674,
              508534.53720000573
            ],
            [
              389151.01370003633,
              508540.66860000417
            ],
            [
              389150.39520003647,
              508544.32230000012
            ],
            [
              389153.52050003596,
              508545.34629999846
            ],
            [
              389156.66230003815,
              508546.03450000659
            ],
            [
              389158.92200003564,
              508547.53700000606
            ],
            [
              389159.66470003594,
              508549.04700000398
            ],
            [
              389158.90340003651,
              508552.56790000014
            ],
            [
              389157.99330003932,
              508554.58360000327
            ],
            [
              389156.90850003529,
              508554.76200000569
            ],
            [
              389153.85930003785,
              508555.59310000762
            ],
            [
              389152.53070003539,
              508555.50000000559
            ],
            [
              389151.48750003893,
              508554.99540000595
            ],
            [
              389148.8501000395,
              508551.48400000669
            ],
            [
              389147.59120003507,
              508549.71270000562
            ],
            [
              389146.13180003688,
              508549.25940000825
            ],
            [
              389145.05200003553,
              508549.88720000722
            ],
            [
              389142.22970003821,
              508555.63480000384
            ],
            [
              389141.1339000389,
              508556.27830000594
            ],
            [
              389140.34830003604,
              508556.421400005
            ],
            [
              389135.47290003672,
              508560.81100000441
            ],
            [
              389134.44720003661,
              508561.73450000584
            ],
            [
              389133.98790003546,
              508562.28280000389
            ],
            [
              389131.02880003676,
              508562.38580000773
            ],
            [
              389128.82660003565,
              508562.74830000661
            ],
            [
              389127.5705000367,
              508563.98290000297
            ],
            [
              389124.46820003539,
              508570.38370000012
            ],
            [
              389124.88090003841,
              508571.72260000743
            ],
            [
              389125.35660003591,
              508573.69010000676
            ],
            [
              389129.26760003623,
              508578.71840000525
            ],
            [
              389127.92590003554,
              508591.0223000031
            ],
            [
              389127.61880003847,
              508596.26710000634
            ],
            [
              389129.08350003511,
              508597.66450000741
            ],
            [
              389130.92430003732,
              508599.03470000625
            ],
            [
              389141.03650003579,
              508600.75580000505
            ],
            [
              389144.52640003618,
              508603.60820000805
            ],
            [
              389149.036800039,
              508609.35250000469
            ],
            [
              389150.83980003651,
              508610.38550000638
            ],
            [
              389152.66900003608,
              508610.84510000795
            ],
            [
              389156.88950003777,
              508607.81240000762
            ],
            [
              389158.50590003747,
              508608.22340000607
            ],
            [
              389158.52370003518,
              508609.32280000672
            ],
            [
              389159.4903000379,
              508617.34500000626
            ],
            [
              389162.27460003644,
              508628.0661000032
            ],
            [
              389163.55720003694,
              508632.34330000542
            ],
            [
              389164.02940003667,
              508633.91790000722
            ],
            [
              389163.49320003949,
              508635.49400000647
            ],
            [
              389160.50350003783,
              508644.28309999965
            ],
            [
              389159.55250003561,
              508646.6928000059
            ],
            [
              389158.04330003634,
              508647.00180000439
            ],
            [
              389151.83900003787,
              508658.19120000675
            ],
            [
              389151.74960003607,
              508658.18919999897
            ],
            [
              389149.8315000385,
              508660.35250000656
            ],
            [
              389151.02010003943,
              508661.56890000403
            ],
            [
              389162.07730003819,
              508669.4148000069
            ],
            [
              389171.82730003539,
              508674.52080000564
            ],
            [
              389183.35690003913,
              508679.66690000519
            ],
            [
              389187.77150003519,
              508681.43720000423
            ],
            [
              389188.64100003615,
              508682.31650000811
            ],
            [
              389188.00940003619,
              508684.10150000453
            ],
            [
              389186.16790003609,
              508692.83670000546
            ],
            [
              389183.73990003951,
              508698.10680000298
            ],
            [
              389183.42480003648,
              508705.9139000047
            ],
            [
              389184.13240003679,
              508707.83470000513
            ],
            [
              389185.15840003546,
              508709.30110000819
            ],
            [
              389193.87300003786,
              508713.4851000011
            ],
            [
              389198.82300003804,
              508713.80580000579
            ],
            [
              389202.76020003948,
              508716.30800000764
            ],
            [
              389202.12050003745,
              508718.46360000409
            ],
            [
              389199.71460003685,
              508720.62410000525
            ],
            [
              389197.5239000367,
              508721.04650000483
            ],
            [
              389196.46900003683,
              508723.57800000533
            ],
            [
              389198.02200003807,
              508730.97089999728
            ],
            [
              389200.07960003521,
              508734.53770000301
            ],
            [
              389200.73220003862,
              508736.69740000367
            ],
            [
              389199.27390003577,
              508738.30690000765
            ],
            [
              389196.87630003784,
              508739.33030000329
            ],
            [
              389190.77050003782,
              508744.88800000772
            ],
            [
              389189.47300003935,
              508749.06700000353
            ],
            [
              389188.64610003773,
              508750.35600000434
            ],
            [
              389186.85810003709,
              508751.54450000823
            ],
            [
              389180.54210003559,
              508753.57090000622
            ],
            [
              389174.38750003837,
              508758.84520000592
            ],
            [
              389172.11540003587,
              508760.67580000684
            ],
            [
              389172.75130003598,
              508761.39370000735
            ],
            [
              389172.82590003684,
              508763.93619999848
            ],
            [
              389170.63320003729,
              508766.50729999878
            ],
            [
              389167.15000003576,
              508767.02880000509
            ],
            [
              389165.22200003359,
              508769.34770000353
            ],
            [
              389163.33830003627,
              508774.45810000412
            ],
            [
              389161.7131000394,
              508776.27640000544
            ],
            [
              389157.9446000373,
              508777.89440000802
            ],
            [
              389152.14530003443,
              508778.91370000504
            ],
            [
              389147.26230003778,
              508782.69510000572
            ],
            [
              389145.15290003736,
              508785.15420000441
            ],
            [
              389143.86830003653,
              508787.00880000554
            ],
            [
              389143.91370003577,
              508788.81680000573
            ],
            [
              389142.7505000364,
              508794.69870000705
            ],
            [
              389143.13670003787,
              508799.90790000558
            ],
            [
              389144.56070003938,
              508801.53620000556
            ],
            [
              389145.068600039,
              508804.14520000294
            ],
            [
              389144.40000003856,
              508806.41700000502
            ],
            [
              389143.53060003649,
              508806.96740000509
            ],
            [
              389138.85420003906,
              508808.92929999903
            ],
            [
              389137.22140003648,
              508810.07980000786
            ],
            [
              389135.63540003914,
              508809.75510000624
            ],
            [
              389129.03090003598,
              508811.94870000519
            ],
            [
              389127.72470003739,
              508813.09700000286
            ],
            [
              389129.06830003764,
              508816.91550000571
            ],
            [
              389130.8411000371,
              508817.62440000288
            ],
            [
              389141.86070003919,
              508821.20030000061
            ],
            [
              389143.20500003733,
              508822.40020000562
            ],
            [
              389142.92700003833,
              508823.4717000071
            ],
            [
              389142.11510003731,
              508827.38810000755
            ],
            [
              389140.72310003638,
              508828.98910000548
            ],
            [
              389139.3018000368,
              508829.69080000557
            ],
            [
              389129.34330003802,
              508832.48550000787
            ],
            [
              389125.61500003748,
              508832.83360000327
            ],
            [
              389123.55720003694,
              508833.0258000046
            ],
            [
              389123.14920003898,
              508833.69300000556
            ],
            [
              389121.96470003854,
              508835.63030000776
            ],
            [
              389122.40540003683,
              508836.38450000808
            ],
            [
              389124.38750003837,
              508836.35560000502
            ],
            [
              389127.50830003805,
              508836.06000000425
            ],
            [
              389127.22020003758,
              508837.06629999727
            ],
            [
              389127.15770003665,
              508838.32300000452
            ],
            [
              389124.90460003633,
              508844.36230000295
            ],
            [
              389123.44290003646,
              508846.40830000676
            ],
            [
              389122.18040003534,
              508847.51050000824
            ],
            [
              389121.29370003659,
              508850.56870000809
            ],
            [
              389118.81110003684,
              508851.55940000713
            ],
            [
              389116.29750003945,
              508851.40570000373
            ],
            [
              389113.38060003705,
              508852.86230000481
            ],
            [
              389113.36060003936,
              508855.4542000033
            ],
            [
              389110.80620003864,
              508858.39430000633
            ],
            [
              389109.14020003658,
              508861.57760000601
            ],
            [
              389108.13240003865,
              508862.66280000098
            ],
            [
              389106.31620003749,
              508871.17690000683
            ],
            [
              389106.5452000387,
              508873.83060000651
            ],
            [
              389104.33950003702,
              508875.20920000598
            ],
            [
              389099.3588000387,
              508877.46210000664
            ],
            [
              389095.91350003611,
              508876.96830000728
            ],
            [
              389093.946500035,
              508877.07000000775
            ],
            [
              389093.33690003492,
              508878.2424000036
            ],
            [
              389094.41130003706,
              508882.35080000386
            ],
            [
              389094.13810003735,
              508884.87890000455
            ],
            [
              389094.02390003856,
              508886.09600000829
            ],
            [
              389092.06260003522,
              508889.84650000557
            ],
            [
              389090.85630003642,
              508890.09370000474
            ],
            [
              389089.1939000329,
              508890.54560000077
            ],
            [
              389088.63040003926,
              508892.05990000069
            ],
            [
              389088.5771000376,
              508894.43200000562
            ],
            [
              389089.84420003556,
              508898.92770000547
            ],
            [
              389090.8400000371,
              508900.31540000625
            ],
            [
              389092.18160003703,
              508901.99640000425
            ],
            [
              389095.81090003718,
              508904.74690000527
            ],
            [
              389096.02940003853,
              508905.51020000689
            ],
            [
              389096.84740003664,
              508906.26280000806
            ],
            [
              389096.4510000376,
              508908.7897000052
            ],
            [
              389094.47500003595,
              508912.42530000582
            ],
            [
              389091.92160003819,
              508913.82020000555
            ],
            [
              389086.46570003685,
              508911.77160000242
            ],
            [
              389082.96080003679,
              508912.97290000506
            ],
            [
              389080.26120003592,
              508912.1180000063
            ],
            [
              389077.99170003645,
              508910.48020000383
            ],
            [
              389076.32010003738,
              508909.80540000089
            ],
            [
              389075.190900038,
              508909.7943000067
            ],
            [
              389072.96080003679,
              508910.81550000608
            ],
            [
              389069.89870003797,
              508912.42560000718
            ],
            [
              389065.94580003712,
              508912.07800000533
            ],
            [
              389063.01540003624,
              508911.70260000043
            ],
            [
              389059.43590003718,
              508913.65660000779
            ],
            [
              389055.97380003799,
              508917.35350000486
            ],
            [
              389053.87870003842,
              508917.08480000682
            ],
            [
              389050.31690003537,
              508916.11870000511
            ],
            [
              389048.4455000367,
              508913.74150000513
            ],
            [
              389046.97830003314,
              508909.67860000581
            ],
            [
              389046.44230003748,
              508906.34480000474
            ],
            [
              389047.0703000389,
              508903.69319999777
            ],
            [
              389047.32890003826,
              508902.11189999804
            ],
            [
              389046.84530003555,
              508901.1359000057
            ],
            [
              389045.41120003816,
              508900.25910000317
            ],
            [
              389043.49470003508,
              508900.61160000786
            ],
            [
              389041.58210003842,
              508902.19310000539
            ],
            [
              389040.11500003748,
              508903.40610000305
            ],
            [
              389032.88730003778,
              508912.28330000676
            ],
            [
              389029.93350003567,
              508913.43640000373
            ],
            [
              389028.41080003884,
              508914.06220000423
            ],
            [
              389026.63380003721,
              508915.22110000439
            ],
            [
              389025.40700003505,
              508920.47750000656
            ],
            [
              389025.45300003607,
              508922.55170000345
            ],
            [
              389026.48970003519,
              508923.81440000422
            ],
            [
              389027.26910003927,
              508926.30430000648
            ],
            [
              389027.07480003592,
              508927.19670000486
            ],
            [
              389024.29960003681,
              508929.37850000709
            ],
            [
              389023.6694000382,
              508930.95450000837
            ],
            [
              389024.27480003703,
              508931.86170000583
            ],
            [
              389023.71380003821,
              508932.95680000633
            ],
            [
              389023.71130003687,
              508933.06849999726
            ],
            [
              389019.88060003798,
              508941.42550000548
            ],
            [
              389016.37320003659,
              508943.33890000731
            ],
            [
              389013.73430003785,
              508946.06300000474
            ],
            [
              389014.47660003882,
              508944.5250000041
            ],
            [
              389012.55780003686,
              508947.03260000795
            ],
            [
              389000.92270003632,
              508958.54700000584
            ],
            [
              389001.3644000357,
              508959.33370000683
            ],
            [
              389000.79400003608,
              508960.93540000543
            ],
            [
              389000.30790003762,
              508961.86780000292
            ],
            [
              388999.50270003919,
              508962.39690000005
            ],
            [
              388994.01440003701,
              508965.27110000327
            ],
            [
              388992.92890003603,
              508974.13660000823
            ],
            [
              388992.23150003701,
              508973.33900000528
            ],
            [
              388991.52870003507,
              508977.10260000639
            ],
            [
              388987.88170003798,
              508984.90530000813
            ],
            [
              388983.2180000376,
              508989.26990000531
            ],
            [
              388982.24100004137,
              508990.76890000701
            ],
            [
              388981.90190003812,
              508992.64740000479
            ],
            [
              388981.76980003435,
              508995.98520000465
            ],
            [
              388976.95090003591,
              509008.5369000081
            ],
            [
              388976.48370003793,
              509013.74860000797
            ],
            [
              388973.87160003558,
              509027.23420000635
            ]
          ]
        ]
      }
    },
    {
      "attributes" : {
        "FID" : 2,
        "PMNTN_SN" : 24229,
        "MNTN_CODE" : "422302601",
        "MNTN_NM" : "복두산",
        "PMNTN_NM" : "동활리구간",
        "PMNTN_MAIN" : " ",
        "PMNTN_LT" : 0.2,
        "PMNTN_DFFL" : "쉬움",
        "PMNTN_UPPL" : 4,
        "PMNTN_GODN" : 2,
        "PMNTN_MTRQ" : " ",
        "PMNTN_CNRL" : " ",
        "PMNTN_CLS_" : " ",
        "PMNTN_RISK" : " ",
        "PMNTN_RECO" : " ",
        "DATA_STDR_" : "2016-12-31",
        "MNTN_ID" : "422302601"
      },
      "geometry" : {
        "paths" : [
          [
            [
              388973.87160003558,
              509027.23420000635
            ],
            [
              388969.51170003507,
              509043.24040000327
            ],
            [
              388968.86340003833,
              509048.22460000403
            ],
            [
              388964.4914000351,
              509060.78640000522
            ],
            [
              388959.87610003725,
              509072.57010000385
            ],
            [
              388958.70150003955,
              509081.08910000324
            ],
            [
              388960.29180003516,
              509089.56780000776
            ],
            [
              388960.49940003641,
              509098.28480000608
            ],
            [
              388960.61980003677,
              509101.51510000415
            ],
            [
              388960.26740003936,
              509103.73350000754
            ],
            [
              388957.5547000384,
              509105.99340000376
            ],
            [
              388950.97140003648,
              509113.50840000436
            ],
            [
              388951.01260003913,
              509116.89610000141
            ],
            [
              388949.54120003618,
              509119.70650000684
            ],
            [
              388946.69230003841,
              509121.24750000611
            ],
            [
              388942.74760003854,
              509126.71630000696
            ],
            [
              388940.06020003557,
              509136.62790000625
            ],
            [
              388938.33980003651,
              509138.38430000469
            ],
            [
              388937.76810003631,
              509139.32080000639
            ],
            [
              388934.96660003625,
              509140.84390000626
            ],
            [
              388932.01600003615,
              509145.46530000307
            ],
            [
              388931.52650003787,
              509151.67260000482
            ],
            [
              388931.43730003573,
              509151.67060000636
            ],
            [
              388931.30820003618,
              509157.60120000504
            ],
            [
              388929.65270003863,
              509159.99450000376
            ],
            [
              388928.65410003532,
              509160.82380000502
            ],
            [
              388927.00220003724,
              509163.25640000589
            ],
            [
              388926.35040003993,
              509164.21630000509
            ],
            [
              388925.77940003667,
              509167.32080000639
            ],
            [
              388926.19830004126,
              509174.98310000636
            ],
            [
              388925.29330003727,
              509179.58510000817
            ],
            [
              388921.56160003785,
              509180.84340000339
            ],
            [
              388914.17330003437,
              509184.57550000586
            ],
            [
              388911.98970003612,
              509186.32820000313
            ],
            [
              388906.38990003709,
              509190.19600000605
            ],
            [
              388904.7107000351,
              509190.24580000155
            ],
            [
              388902.59750003554,
              509191.0734000057
            ],
            [
              388896.20990003739,
              509195.76060000621
            ]
          ]
        ]
      }
    }
  ]
}