{
  "displayFieldName" : "",
  "fieldAliases" : {
    "FID" : "FID",
    "PMNTN_SPOT" : "PMNTN_SPOT",
    "MNTN_CODE" : "MNTN_CODE",
    "MANAGE_SP1" : "MANAGE_SP1",
    "MANAGE_SP2" : "MANAGE_SP2",
    "DETAIL_SPO" : "DETAIL_SPO",
    "ETC_MATTER" : "ETC_MATTER",
    "MNTN_NM" : "MNTN_NM",
    "PAST_SPOT_" : "PAST_SPOT_",
    "MNTN_ID" : "MNTN_ID"
  },
  "geometryType" : "esriGeometryPoint",
  "spatialReference" : {
    "wkt" : "PROJCS[\"PCS_ITRF2000_TM\",GEOGCS[\"GCS_ITRF_2000\",DATUM[\"D_ITRF_2000\",SPHEROID[\"GRS_1980\",6378137.0,298.257222101]],PRIMEM[\"Greenwich\",0.0],UNIT[\"Degree\",0.0174532925199433]],PROJECTION[\"Transverse_Mercator\"],PARAMETER[\"False_Easting\",200000.0],PARAMETER[\"False_Northing\",600000.0],PARAMETER[\"Central_Meridian\",127.0],PARAMETER[\"Scale_Factor\",1.0],PARAMETER[\"Latitude_Of_Origin\",38.0],UNIT[\"Meter\",1.0]]"
  },
  "fields" : [
    {
      "name" : "FID",
      "type" : "esriFieldTypeOID",
      "alias" : "FID"
    },
    {
      "name" : "PMNTN_SPOT",
      "type" : "esriFieldTypeDouble",
      "alias" : "PMNTN_SPOT"
    },
    {
      "name" : "MNTN_CODE",
      "type" : "esriFieldTypeString",
      "alias" : "MNTN_CODE",
      "length" : 9
    },
    {
      "name" : "MANAGE_SP1",
      "type" : "esriFieldTypeString",
      "alias" : "MANAGE_SP1",
      "length" : 2
    },
    {
      "name" : "MANAGE_SP2",
      "type" : "esriFieldTypeString",
      "alias" : "MANAGE_SP2",
      "length" : 50
    },
    {
      "name" : "DETAIL_SPO",
      "type" : "esriFieldTypeString",
      "alias" : "DETAIL_SPO",
      "length" : 200
    },
    {
      "name" : "ETC_MATTER",
      "type" : "esriFieldTypeString",
      "alias" : "ETC_MATTER",
      "length" : 200
    },
    {
      "name" : "MNTN_NM",
      "type" : "esriFieldTypeString",
      "alias" : "MNTN_NM",
      "length" : 50
    },
    {
      "name" : "PAST_SPOT_",
      "type" : "esriFieldTypeString",
      "alias" : "PAST_SPOT_",
      "length" : 14
    },
    {
      "name" : "MNTN_ID",
      "type" : "esriFieldTypeString",
      "alias" : "MNTN_ID",
      "length" : 10
    }
  ],
  "features" : [
    {
      "attributes" : {
        "FID" : 0,
        "PMNTN_SPOT" : 76236,
        "MNTN_CODE" : "431104904",
        "MANAGE_SP1" : "03",
        "MANAGE_SP2" : "정자",
        "DETAIL_SPO" : "정자",
        "ETC_MATTER" : " ",
        "MNTN_NM" : "잠방골",
        "PAST_SPOT_" : "4311049040001",
        "MNTN_ID" : "431104904"
      },
      "geometry" : {
        "x" : 257842.83000000007,
        "y" : 449187.76600000076
      }
    },
    {
      "attributes" : {
        "FID" : 1,
        "PMNTN_SPOT" : 76237,
        "MNTN_CODE" : "431104904",
        "MANAGE_SP1" : "05",
        "MANAGE_SP2" : "벤치",
        "DETAIL_SPO" : "벤치",
        "ETC_MATTER" : " ",
        "MNTN_NM" : "잠방골",
        "PAST_SPOT_" : "4311049040002",
        "MNTN_ID" : "431104904"
      },
      "geometry" : {
        "x" : 257813.59100000001,
        "y" : 449193.63099999912
      }
    },
    {
      "attributes" : {
        "FID" : 2,
        "PMNTN_SPOT" : 76238,
        "MNTN_CODE" : "431104904",
        "MANAGE_SP1" : "05",
        "MANAGE_SP2" : "벤치",
        "DETAIL_SPO" : "벤치2",
        "ETC_MATTER" : " ",
        "MNTN_NM" : "잠방골",
        "PAST_SPOT_" : "4311049040003",
        "MNTN_ID" : "431104904"
      },
      "geometry" : {
        "x" : 257716.31500000134,
        "y" : 448991.88199999742
      }
    },
    {
      "attributes" : {
        "FID" : 3,
        "PMNTN_SPOT" : 76239,
        "MNTN_CODE" : "431104904",
        "MANAGE_SP1" : "05",
        "MANAGE_SP2" : "벤치",
        "DETAIL_SPO" : "벤치3",
        "ETC_MATTER" : " ",
        "MNTN_NM" : "잠방골",
        "PAST_SPOT_" : "4311049040004",
        "MNTN_ID" : "431104904"
      },
      "geometry" : {
        "x" : 257812.47900000215,
        "y" : 448878.03700000234
      }
    },
    {
      "attributes" : {
        "FID" : 4,
        "PMNTN_SPOT" : 76240,
        "MNTN_CODE" : "431104904",
        "MANAGE_SP1" : "99",
        "MANAGE_SP2" : "기타",
        "DETAIL_SPO" : "보현사",
        "ETC_MATTER" : " ",
        "MNTN_NM" : "잠방골",
        "PAST_SPOT_" : "4311049040005",
        "MNTN_ID" : "431104904"
      },
      "geometry" : {
        "x" : 258316.4057248747,
        "y" : 448526.57310479507
      }
    },
    {
      "attributes" : {
        "FID" : 5,
        "PMNTN_SPOT" : 76241,
        "MNTN_CODE" : "431104904",
        "MANAGE_SP1" : "02",
        "MANAGE_SP2" : "분기점",
        "DETAIL_SPO" : "분기점",
        "ETC_MATTER" : " ",
        "MNTN_NM" : "잠방골",
        "PAST_SPOT_" : "4311049040006",
        "MNTN_ID" : "431104904"
      },
      "geometry" : {
        "x" : 258342.57679999992,
        "y" : 448550.08960000239
      }
    },
    {
      "attributes" : {
        "FID" : 6,
        "PMNTN_SPOT" : 76242,
        "MNTN_CODE" : "431104904",
        "MANAGE_SP1" : "01",
        "MANAGE_SP2" : "시종점",
        "DETAIL_SPO" : "시종점",
        "ETC_MATTER" : " ",
        "MNTN_NM" : "잠방골",
        "PAST_SPOT_" : "4311049040007",
        "MNTN_ID" : "431104904"
      },
      "geometry" : {
        "x" : 258344.31770000048,
        "y" : 448467.34480000101
      }
    },
    {
      "attributes" : {
        "FID" : 7,
        "PMNTN_SPOT" : 76243,
        "MNTN_CODE" : "431104904",
        "MANAGE_SP1" : "02",
        "MANAGE_SP2" : "분기점",
        "DETAIL_SPO" : "분기점",
        "ETC_MATTER" : " ",
        "MNTN_NM" : "잠방골",
        "PAST_SPOT_" : "4311049040008",
        "MNTN_ID" : "431104904"
      },
      "geometry" : {
        "x" : 258423.53019999992,
        "y" : 448956.77400000021
      }
    },
    {
      "attributes" : {
        "FID" : 8,
        "PMNTN_SPOT" : 76244,
        "MNTN_CODE" : "431104904",
        "MANAGE_SP1" : "01",
        "MANAGE_SP2" : "시종점",
        "DETAIL_SPO" : "시종점",
        "ETC_MATTER" : " ",
        "MNTN_NM" : "잠방골",
        "PAST_SPOT_" : "4311049040009",
        "MNTN_ID" : "431104904"
      },
      "geometry" : {
        "x" : 258430.35700000077,
        "y" : 449002.85600000247
      }
    },
    {
      "attributes" : {
        "FID" : 9,
        "PMNTN_SPOT" : 99068,
        "MNTN_CODE" : "431104904",
        "MANAGE_SP1" : "23",
        "MANAGE_SP2" : "정상",
        "DETAIL_SPO" : "정상",
        "ETC_MATTER" : " ",
        "MNTN_NM" : "잠방골",
        "PAST_SPOT_" : "4311049040010",
        "MNTN_ID" : "431104904"
      },
      "geometry" : {
        "x" : 257838.90699999963,
        "y" : 449181.85500000045
      }
    }
  ]
}