{
  "displayFieldName" : "",
  "fieldAliases" : {
    "FID" : "FID",
    "PMNTN_SN" : "PMNTN_SN",
    "MNTN_CODE" : "MNTN_CODE",
    "MNTN_NM" : "MNTN_NM",
    "PMNTN_NM" : "PMNTN_NM",
    "PMNTN_MAIN" : "PMNTN_MAIN",
    "PMNTN_LT" : "PMNTN_LT",
    "PMNTN_DFFL" : "PMNTN_DFFL",
    "PMNTN_UPPL" : "PMNTN_UPPL",
    "PMNTN_GODN" : "PMNTN_GODN",
    "PMNTN_MTRQ" : "PMNTN_MTRQ",
    "PMNTN_CNRL" : "PMNTN_CNRL",
    "PMNTN_CLS_" : "PMNTN_CLS_",
    "PMNTN_RISK" : "PMNTN_RISK",
    "PMNTN_RECO" : "PMNTN_RECO",
    "DATA_STDR_" : "DATA_STDR_",
    "MNTN_ID" : "MNTN_ID"
  },
  "geometryType" : "esriGeometryPolyline",
  "spatialReference" : {
    "wkt" : "PROJCS[\"PCS_ITRF2000_TM\",GEOGCS[\"GCS_ITRF_2000\",DATUM[\"D_ITRF_2000\",SPHEROID[\"GRS_1980\",6378137.0,298.257222101]],PRIMEM[\"Greenwich\",0.0],UNIT[\"Degree\",0.0174532925199433]],PROJECTION[\"Transverse_Mercator\"],PARAMETER[\"False_Easting\",200000.0],PARAMETER[\"False_Northing\",600000.0],PARAMETER[\"Central_Meridian\",127.0],PARAMETER[\"Scale_Factor\",1.0],PARAMETER[\"Latitude_Of_Origin\",38.0],UNIT[\"Meter\",1.0]]"
  },
  "fields" : [
    {
      "name" : "FID",
      "type" : "esriFieldTypeOID",
      "alias" : "FID"
    },
    {
      "name" : "PMNTN_SN",
      "type" : "esriFieldTypeDouble",
      "alias" : "PMNTN_SN"
    },
    {
      "name" : "MNTN_CODE",
      "type" : "esriFieldTypeString",
      "alias" : "MNTN_CODE",
      "length" : 9
    },
    {
      "name" : "MNTN_NM",
      "type" : "esriFieldTypeString",
      "alias" : "MNTN_NM",
      "length" : 50
    },
    {
      "name" : "PMNTN_NM",
      "type" : "esriFieldTypeString",
      "alias" : "PMNTN_NM",
      "length" : 50
    },
    {
      "name" : "PMNTN_MAIN",
      "type" : "esriFieldTypeString",
      "alias" : "PMNTN_MAIN",
      "length" : 200
    },
    {
      "name" : "PMNTN_LT",
      "type" : "esriFieldTypeSingle",
      "alias" : "PMNTN_LT"
    },
    {
      "name" : "PMNTN_DFFL",
      "type" : "esriFieldTypeString",
      "alias" : "PMNTN_DFFL",
      "length" : 8
    },
    {
      "name" : "PMNTN_UPPL",
      "type" : "esriFieldTypeDouble",
      "alias" : "PMNTN_UPPL"
    },
    {
      "name" : "PMNTN_GODN",
      "type" : "esriFieldTypeDouble",
      "alias" : "PMNTN_GODN"
    },
    {
      "name" : "PMNTN_MTRQ",
      "type" : "esriFieldTypeString",
      "alias" : "PMNTN_MTRQ",
      "length" : 200
    },
    {
      "name" : "PMNTN_CNRL",
      "type" : "esriFieldTypeString",
      "alias" : "PMNTN_CNRL",
      "length" : 1
    },
    {
      "name" : "PMNTN_CLS_",
      "type" : "esriFieldTypeString",
      "alias" : "PMNTN_CLS_",
      "length" : 1
    },
    {
      "name" : "PMNTN_RISK",
      "type" : "esriFieldTypeString",
      "alias" : "PMNTN_RISK",
      "length" : 200
    },
    {
      "name" : "PMNTN_RECO",
      "type" : "esriFieldTypeString",
      "alias" : "PMNTN_RECO",
      "length" : 1
    },
    {
      "name" : "DATA_STDR_",
      "type" : "esriFieldTypeString",
      "alias" : "DATA_STDR_",
      "length" : 10
    },
    {
      "name" : "MNTN_ID",
      "type" : "esriFieldTypeString",
      "alias" : "MNTN_ID",
      "length" : 10
    }
  ],
  "features" : [
    {
      "attributes" : {
        "FID" : 0,
        "PMNTN_SN" : 31065,
        "MNTN_CODE" : "487205204",
        "MNTN_NM" : "서재골",
        "PMNTN_NM" : "신반리구간",
        "PMNTN_MAIN" : " ",
        "PMNTN_LT" : 2.44,
        "PMNTN_DFFL" : "쉬움",
        "PMNTN_UPPL" : 43,
        "PMNTN_GODN" : 30,
        "PMNTN_MTRQ" : " ",
        "PMNTN_CNRL" : " ",
        "PMNTN_CLS_" : " ",
        "PMNTN_RISK" : " ",
        "PMNTN_RECO" : " ",
        "DATA_STDR_" : "2016-12-31",
        "MNTN_ID" : "487205204"
      },
      "geometry" : {
        "paths" : [
          [
            [
              320386.54220000282,
              319305.42779999971
            ],
            [
              320378.98730000574,
              319292.13169999979
            ],
            [
              320370.74350000452,
              319276.27320000157
            ],
            [
              320370.24460000265,
              319270.59280000255
            ],
            [
              320367.3290000027,
              319265.93689999729
            ],
            [
              320366.64460000582,
              319259.4354000017
            ],
            [
              320365.34730000515,
              319253.06980000436
            ],
            [
              320361.88440000266,
              319245.89850000106
            ],
            [
              320361.79340000451,
              319240.70360000432
            ],
            [
              320365.35600000061,
              319237.06700000167
            ],
            [
              320366.73320000339,
              319235.93129999936
            ],
            [
              320369.57140000351,
              319234.1827000007
            ],
            [
              320372.32590000145,
              319230.54629999958
            ],
            [
              320377.45720000379,
              319229.09480000101
            ],
            [
              320381.00270000473,
              319221.32950000279
            ],
            [
              320385.49570000637,
              319218.04930000752
            ],
            [
              320391.28490000591,
              319212.23410000093
            ],
            [
              320393.77710000519,
              319209.20460000262
            ],
            [
              320393.9529000055,
              319200.17330000177
            ],
            [
              320396.5511000026,
              319195.33620000258
            ],
            [
              320401.03810000233,
              319193.68290000223
            ],
            [
              320401.95200000331,
              319188.68340000138
            ],
            [
              320401.48110000603,
              319182.50670000166
            ],
            [
              320400.86860000342,
              319174.0307
            ],
            [
              320401.56270000339,
              319164.93980000168
            ],
            [
              320405.45730000548,
              319158.22239999846
            ],
            [
              320410.17250000499,
              319151.36150000058
            ],
            [
              320411.30790000502,
              319143.10799999908
            ],
            [
              320416.81650000252,
              319138.5875000041
            ],
            [
              320417.12990000378,
              319136.20560000092
            ],
            [
              320418.49500000291,
              319126.51330000162
            ],
            [
              320413.79120000452,
              319119.79140000045
            ],
            [
              320411.75300000515,
              319116.25119999982
            ],
            [
              320407.88590000197,
              319111.26659999974
            ],
            [
              320406.98620000295,
              319101.18870000169
            ],
            [
              320402.91430000309,
              319090.37910000049
            ],
            [
              320402.84020000417,
              319080.65740000457
            ],
            [
              320406.01470000576,
              319074.15230000205
            ],
            [
              320410.35090000369,
              319063.34000000171
            ],
            [
              320412.00430000387,
              319053.67720000446
            ],
            [
              320412.09240000509,
              319048.03500000201
            ],
            [
              320405.20220000576,
              319040.00430000201
            ],
            [
              320399.04980000108,
              319033.82999999821
            ],
            [
              320397.3338000048,
              319028.79680000432
            ],
            [
              320395.94910000265,
              319022.54880000278
            ],
            [
              320390.88210000563,
              319018.58250000142
            ],
            [
              320386.31990000233,
              319014.04800000228
            ],
            [
              320384.18440000154,
              319004.03119999915
            ],
            [
              320385.27610000502,
              319001.84850000404
            ],
            [
              320387.67480000295,
              318999.567900002
            ],
            [
              320390.21300000232,
              318999.15450000018
            ],
            [
              320390.59190000594,
              318994.10690000094
            ],
            [
              320395.95950000454,
              318989.93970000185
            ],
            [
              320398.76520000305,
              318980.03500000201
            ],
            [
              320400.42510000337,
              318966.40550000034
            ],
            [
              320399.81820000242,
              318958.18490000255
            ],
            [
              320398.20940000378,
              318945.46740000136
            ],
            [
              320393.37160000578,
              318937.43770000152
            ],
            [
              320384.81970000174,
              318926.31010000035
            ],
            [
              320378.45070000459,
              318911.05380000174
            ],
            [
              320376.46500000171,
              318898.62449999899
            ],
            [
              320369.26430000644,
              318886.0492000021
            ],
            [
              320365.21060000267,
              318878.83710000105
            ],
            [
              320359.91680000164,
              318873.4104999993
            ],
            [
              320357.83250000607,
              318867.70040000044
            ],
            [
              320356.65040000249,
              318854.88319999911
            ],
            [
              320356.69240000285,
              318845.6724999994
            ],
            [
              320359.87800000142,
              318831.57660000026
            ],
            [
              320361.49440000858,
              318823.45250000246
            ],
            [
              320361.64060000237,
              318819.8767000027
            ],
            [
              320360.56929999962,
              318817.16550000198
            ],
            [
              320357.63000000361,
              318815.47250000201
            ],
            [
              320353.65810000151,
              318816.0017000027
            ],
            [
              320349.65310000163,
              318812.87099999748
            ],
            [
              320346.62320000492,
              318809.11410000175
            ],
            [
              320340.36230000202,
              318800.67339999974
            ],
            [
              320333.93560000509,
              318798.50070000254
            ],
            [
              320330.76160000451,
              318798.20280000009
            ],
            [
              320324.79000000563,
              318793.91660000011
            ],
            [
              320318.01900000311,
              318790.32990000211
            ],
            [
              320310.55420000572,
              318788.37629999965
            ],
            [
              320308.39330000523,
              318785.66160000116
            ],
            [
              320309.20370000321,
              318782.78710000217
            ],
            [
              320313.42120000347,
              318776.37360000238
            ],
            [
              320315.21560000535,
              318774.59979999997
            ],
            [
              320315.28170000389,
              318771.02720000222
            ],
            [
              320315.24150000233,
              318769.96130000055
            ],
            [
              320313.03490000311,
              318765.23730000108
            ],
            [
              320314.54640000407,
              318762.21670000255
            ],
            [
              320316.75670000352,
              318757.87380000204
            ],
            [
              320320.94980000518,
              318754.63400000148
            ],
            [
              320323.97140000388,
              318750.04679999873
            ],
            [
              320324.02460000198,
              318744.05460000411
            ],
            [
              320325.21580000222,
              318737.16770000197
            ],
            [
              320325.07460000366,
              318730.09650000185
            ],
            [
              320324.12470000144,
              318725.10080000199
            ],
            [
              320326.65310000349,
              318722.08280000277
            ],
            [
              320326.67100000195,
              318717.3665000014
            ],
            [
              320328.93400000595,
              318714.51139999926
            ],
            [
              320335.47580000479,
              318713.52270000428
            ],
            [
              320334.89110000432,
              318711.76140000299
            ],
            [
              320335.37840000261,
              318706.57410000078
            ],
            [
              320336.40270000603,
              318704.67910000309
            ],
            [
              320336.39660000149,
              318704.4570000004
            ],
            [
              320336.3981000036,
              318704.34610000253
            ],
            [
              320334.42360000592,
              318699.23670000024
            ],
            [
              320333.2861000048,
              318692.66260000505
            ],
            [
              320333.05180000234,
              318690.49540000036
            ],
            [
              320335.60790000204,
              318682.71680000238
            ],
            [
              320333.94210000429,
              318676.93459999934
            ],
            [
              320334.68070000317,
              318667.91090000235
            ],
            [
              320341.3022000026,
              318663.69380000047
            ],
            [
              320342.2155000018,
              318663.30650000088
            ],
            [
              320347.8226000024,
              318658.89820000157
            ],
            [
              320349.08110000566,
              318655.78550000116
            ],
            [
              320347.69150000252,
              318648.3757000044
            ],
            [
              320348.80260000285,
              318640.68870000355
            ],
            [
              320348.030500005,
              318636.64980000257
            ],
            [
              320351.38780000433,
              318632.08920000121
            ],
            [
              320350.16380000487,
              318625.86910000257
            ],
            [
              320352.17230000533,
              318621.00189999864
            ],
            [
              320352.21010000445,
              318616.82960000262
            ],
            [
              320352.36510000192,
              318614.75640000217
            ],
            [
              320352.29950000532,
              318608.14120000415
            ],
            [
              320346.88260000385,
              318606.4924999997
            ],
            [
              320343.11430000234,
              318601.75870000012
            ],
            [
              320341.55120000336,
              318599.82880000211
            ],
            [
              320335.18590000365,
              318598.47819999792
            ],
            [
              320331.25780000258,
              318595.50679999962
            ],
            [
              320325.31200000271,
              318594.01750000194
            ],
            [
              320320.40620000567,
              318594.88389999978
            ],
            [
              320315.85250000376,
              318594.54530000128
            ],
            [
              320309.6949000014,
              318595.30610000156
            ],
            [
              320303.02170000412,
              318593.89589999989
            ],
            [
              320301.07660000212,
              318590.35500000417
            ],
            [
              320297.19580000266,
              318585.88590000011
            ],
            [
              320292.22340000235,
              318582.97259999998
            ],
            [
              320283.934600004,
              318585.13890000246
            ],
            [
              320274.81540000532,
              318586.01530000009
            ],
            [
              320269.02620000299,
              318583.68480000272
            ],
            [
              320262.04150000587,
              318581.12740000337
            ],
            [
              320253.80320000276,
              318582.67040000111
            ],
            [
              320250.19510000478,
              318582.91059999913
            ],
            [
              320246.02070000302,
              318580.01349999942
            ],
            [
              320242.07320000324,
              318575.099700002
            ],
            [
              320241.08410000522,
              318569.63739999942
            ],
            [
              320237.09290000144,
              318563.79910000227
            ],
            [
              320232.90890000574,
              318561.59930000454
            ],
            [
              320227.06250000279,
              318558.92860000022
            ],
            [
              320218.21260000579,
              318551.90699999966
            ],
            [
              320214.02530000545,
              318545.23650000244
            ],
            [
              320205.86330000311,
              318540.4104999993
            ],
            [
              320197.07870000415,
              318533.25669999979
            ],
            [
              320190.61790000461,
              318526.15620000102
            ],
            [
              320182.0734000057,
              318521.41380000114
            ],
            [
              320173.42040000483,
              318517.99070000276
            ],
            [
              320162.85750000179,
              318510.04729999788
            ],
            [
              320146.78840000276,
              318505.17660000362
            ],
            [
              320141.78830000665,
              318501.57400000095
            ],
            [
              320134.45450000372,
              318496.47929999977
            ],
            [
              320126.2228000015,
              318496.17229999974
            ],
            [
              320112.82270000223,
              318498.70060000196
            ],
            [
              320102.75940000545,
              318501.58440000005
            ],
            [
              320094.35290000495,
              318502.6147000026
            ],
            [
              320089.73370000534,
              318502.67909999937
            ],
            [
              320083.77640000358,
              318503.72230000235
            ],
            [
              320079.2667000033,
              318502.6456000004
            ],
            [
              320072.71130000334,
              318503.69310000166
            ],
            [
              320064.74060000479,
              318511.01090000197
            ],
            [
              320059.33440000564,
              318509.27070000209
            ],
            [
              320052.74460000265,
              318508.6678000018
            ],
            [
              320048.12390000373,
              318507.68610000052
            ],
            [
              320046.14140000194,
              318507.32149999961
            ],
            [
              320043.06520000473,
              318505.67910000123
            ],
            [
              320041.15540000238,
              318504.543700004
            ],
            [
              320028.93340000324,
              318496.40070000105
            ],
            [
              320014.81560000591,
              318486.06829999946
            ],
            [
              320003.73310000636,
              318480.30440000258
            ],
            [
              319997.46120000444,
              318474.68260000087
            ],
            [
              319988.49730000366,
              318467.33790000342
            ],
            [
              319982.31580000184,
              318458.35469999909
            ],
            [
              319976.64190000389,
              318448.75680000335
            ],
            [
              319968.61740000732,
              318437.70700000413
            ],
            [
              319965.79060000181,
              318431.1325000003
            ],
            [
              319956.21590000298,
              318419.21850000136
            ],
            [
              319951.87380000483,
              318413.4934000019
            ],
            [
              319944.2069000043,
              318407.90790000372
            ],
            [
              319931.61230000202,
              318401.93180000037
            ],
            [
              319922.40310000256,
              318400.02180000395
            ],
            [
              319908.83640000317,
              318395.31250000186
            ],
            [
              319903.66670000367,
              318386.70910000242
            ],
            [
              319899.87200000416,
              318379.16730000451
            ],
            [
              319893.55970000569,
              318369.77180000208
            ],
            [
              319884.49000000488,
              318360.81660000049
            ],
            [
              319883.93030000385,
              318344.27329999954
            ],
            [
              319882.68450000603,
              318335.57810000144
            ],
            [
              319877.21600000188,
              318325.5503000021
            ],
            [
              319873.30180000234,
              318319.47179999948
            ],
            [
              319863.60560000315,
              318309.15430000052
            ],
            [
              319860.1033000024,
              318307.58710000105
            ],
            [
              319855.46760000288,
              318307.93570000306
            ],
            [
              319847.4111000048,
              318305.20570000075
            ],
            [
              319841.67040000204,
              318305.22300000675
            ],
            [
              319833.42360000126,
              318305.6435000021
            ],
            [
              319831.28210000321,
              318306.89110000245
            ],
            [
              319828.20000000577,
              318307.85979999974
            ],
            [
              319822.5521000037,
              318308.52789999731
            ],
            [
              319809.98540000152,
              318308.47089999914
            ],
            [
              319799.22930000257,
              318307.47270000167
            ],
            [
              319794.51440000348,
              318303.49630000256
            ],
            [
              319784.37410000432,
              318299.67730000056
            ],
            [
              319777.89020000305,
              318299.99610000104
            ],
            [
              319776.11670000199,
              318299.52850000188
            ],
            [
              319763.75580000319,
              318300.38440000266
            ],
            [
              319749.4188000029,
              318304.37680000067
            ],
            [
              319738.02440000419,
              318306.22950000502
            ],
            [
              319728.99210000597,
              318314.98370000161
            ],
            [
              319713.53400000557,
              318319.36449999921
            ],
            [
              319702.04850000143,
              318323.23200000077
            ],
            [
              319699.22030000202,
              318322.18440000154
            ],
            [
              319698.80820000265,
              318321.76820000261
            ],
            [
              319698.20240000356,
              318321.57150000148
            ],
            [
              319697.43840000313,
              318321.6612000037
            ],
            [
              319696.37190000247,
              318321.29180000164
            ],
            [
              319686.64439999964,
              318322.82660000026
            ],
            [
              319673.21850000601,
              318325.92130000144
            ],
            [
              319664.07490000222,
              318326.74450000003
            ],
            [
              319656.31300000381,
              318327.98050000146
            ],
            [
              319643.56680000573,
              318326.34640000202
            ],
            [
              319637.71580000408,
              318328.67380000092
            ],
            [
              319634.64610000141,
              318333.57880000211
            ],
            [
              319627.43340000603,
              318337.67280000076
            ],
            [
              319616.32430000324,
              318342.71829999983
            ],
            [
              319611.61680000462,
              318347.72350000031
            ],
            [
              319607.64080000482,
              318351.03309999965
            ],
            [
              319603.69360000454,
              318354.88000000268
            ],
            [
              319600.40410000272,
              318357.77700000256
            ],
            [
              319596.39430000447,
              318367.7116000019
            ],
            [
              319594.36060000118,
              318374.88720000163
            ],
            [
              319591.3291000016,
              318380.88570000045
            ],
            [
              319588.6044000024,
              318394.44470000267
            ],
            [
              319585.02810000535,
              318400.00430000015
            ],
            [
              319580.57950000186,
              318411.71440000273
            ],
            [
              319573.32230000384,
              318416.54890000261
            ],
            [
              319569.74469999876,
              318418.71869999915
            ],
            [
              319569.09890000522,
              318423.52810000256
            ],
            [
              319569.8590000039,
              318427.98540000059
            ],
            [
              319566.19590000249,
              318436.4375
            ],
            [
              319566.17270000558,
              318442.7658000011
            ],
            [
              319567.8805000009,
              318446.10370000079
            ],
            [
              319563.65450000297,
              318450.46430000104
            ],
            [
              319558.76750000287,
              318450.5989000015
            ],
            [
              319555.27130000293,
              318452.66080000065
            ],
            [
              319549.75490000378,
              318450.28999999911
            ],
            [
              319543.45390000194,
              318451.59320000187
            ],
            [
              319533.01500000525,
              318451.33200000226
            ],
            [
              319514.70110000297,
              318451.25430000201
            ],
            [
              319504.05610000249,
              318456.91650000028
            ],
            [
              319496.34480000474,
              318464.57110000215
            ],
            [
              319489.17750000395,
              318469.55840000138
            ],
            [
              319484.22070000414,
              318473.565200001
            ],
            [
              319480.76460000221,
              318475.35030000098
            ],
            [
              319475.70440000109,
              318477.5800999999
            ],
            [
              319470.26480000094,
              318478.98370000161
            ],
            [
              319465.64800000563,
              318481.4664000012
            ],
            [
              319461.72610000335,
              318483.56819999963
            ],
            [
              319453.26080000307,
              318482.3900000006
            ],
            [
              319449.40340000298,
              318483.36680000275
            ],
            [
              319446.86320000235,
              318481.8347000014
            ],
            [
              319443.91100000124,
              318485.3245000001
            ],
            [
              319438.79960000236,
              318490.06680000015
            ],
            [
              319434.09820000362,
              318486.08759999834
            ],
            [
              319430.28139999975,
              318482.60150000267
            ],
            [
              319428.47140000388,
              318484.87469999865
            ],
            [
              319418.29250000603,
              318485.5492000021
            ],
            [
              319407.87320000492,
              318488.59550000355
            ],
            [
              319399.17660000548,
              318491.8311999999
            ],
            [
              319395.02710000239,
              318497.49620000273
            ],
            [
              319392.58720000368,
              318502.71299999952
            ],
            [
              319388.16240000352,
              318512.46450000443
            ],
            [
              319385.04280000459,
              318516.87300000153
            ],
            [
              319376.75960000325,
              318525.08139999956
            ],
            [
              319375.84560000338,
              318530.49950000085
            ],
            [
              319377.43500000518,
              318534.36820000038
            ],
            [
              319377.26710000262,
              318542.20100000128
            ],
            [
              319374.82420000248,
              318544.8702000007
            ],
            [
              319375.16870000307,
              318548.0438000001
            ],
            [
              319375.11570000183,
              318551.7053999994
            ],
            [
              319383.68800000288,
              318552.34120000154
            ],
            [
              319389.10630000383,
              318558.67250000127
            ],
            [
              319392.14780000318,
              318560.0669000037
            ],
            [
              319393.26960000396,
              318563.43000000156
            ],
            [
              319399.34390000254,
              318562.44889999926
            ],
            [
              319401.16940000374,
              318571.96190000325
            ],
            [
              319408.94370000158,
              318573.88550000079
            ],
            [
              319411.46150000207,
              318576.41599999927
            ],
            [
              319415.03660000302,
              318588.19400000013
            ],
            [
              319420.06110000424,
              318593.41040000319
            ],
            [
              319424.81470000558,
              318603.96110000275
            ],
            [
              319427.44440000597,
              318606.95930000022
            ],
            [
              319428.72710000258,
              318613.59070000052
            ],
            [
              319433.70330000389,
              318614.93320000358
            ],
            [
              319435.93140000291,
              318616.03940000013
            ],
            [
              319440.95129999984,
              318627.04880000092
            ],
            [
              319441.78510000557,
              318632.31250000373
            ],
            [
              319440.40980000142,
              318639.74860000052
            ],
            [
              319443.30290000327,
              318648.86510000378
            ],
            [
              319443.40730000287,
              318664.20370000787
            ],
            [
              319443.66930000298,
              318677.93520000204
            ],
            [
              319441.95710000489,
              318689.22110000066
            ],
            [
              319442.24640000518,
              318693.40890000202
            ],
            [
              319438.64510000311,
              318697.91100000031
            ],
            [
              319438.15900000371,
              318700.32379999943
            ],
            [
              319436.09470000491,
              318710.78380000219
            ],
            [
              319433.43910000287,
              318724.45870000124
            ],
            [
              319432.00600000191,
              318729.79990000091
            ],
            [
              319432.73250000179,
              318741.6007000003
            ],
            [
              319432.56040000264,
              318747.79680000432
            ],
            [
              319431.42720000353,
              318754.22410000302
            ],
            [
              319430.1574000027,
              318761.52600000426
            ],
            [
              319429.4121000031,
              318770.46280000173
            ],
            [
              319432.41120000277,
              318778.73369999975
            ],
            [
              319435.96600000281,
              318783.00400000066
            ],
            [
              319441.36350000184,
              318785.11989999935
            ],
            [
              319451.80350000411,
              318787.92760000005
            ],
            [
              319458.46690000407,
              318795.11429999955
            ],
            [
              319459.67960000131,
              318831.06190000288
            ]
          ]
        ]
      }
    }
  ]
}