{
  "displayFieldName" : "",
  "fieldAliases" : {
    "FID" : "FID",
    "PMNTN_SPOT" : "PMNTN_SPOT",
    "MNTN_CODE" : "MNTN_CODE",
    "MANAGE_SP1" : "MANAGE_SP1",
    "MANAGE_SP2" : "MANAGE_SP2",
    "DETAIL_SPO" : "DETAIL_SPO",
    "ETC_MATTER" : "ETC_MATTER",
    "MNTN_NM" : "MNTN_NM",
    "PAST_SPOT_" : "PAST_SPOT_",
    "MNTN_ID" : "MNTN_ID"
  },
  "geometryType" : "esriGeometryPoint",
  "spatialReference" : {
    "wkt" : "PROJCS[\"PCS_ITRF2000_TM\",GEOGCS[\"GCS_ITRF_2000\",DATUM[\"D_ITRF_2000\",SPHEROID[\"GRS_1980\",6378137.0,298.257222101]],PRIMEM[\"Greenwich\",0.0],UNIT[\"Degree\",0.0174532925199433]],PROJECTION[\"Transverse_Mercator\"],PARAMETER[\"False_Easting\",200000.0],PARAMETER[\"False_Northing\",600000.0],PARAMETER[\"Central_Meridian\",127.0],PARAMETER[\"Scale_Factor\",1.0],PARAMETER[\"Latitude_Of_Origin\",38.0],UNIT[\"Meter\",1.0]]"
  },
  "fields" : [
    {
      "name" : "FID",
      "type" : "esriFieldTypeOID",
      "alias" : "FID"
    },
    {
      "name" : "PMNTN_SPOT",
      "type" : "esriFieldTypeDouble",
      "alias" : "PMNTN_SPOT"
    },
    {
      "name" : "MNTN_CODE",
      "type" : "esriFieldTypeString",
      "alias" : "MNTN_CODE",
      "length" : 9
    },
    {
      "name" : "MANAGE_SP1",
      "type" : "esriFieldTypeString",
      "alias" : "MANAGE_SP1",
      "length" : 2
    },
    {
      "name" : "MANAGE_SP2",
      "type" : "esriFieldTypeString",
      "alias" : "MANAGE_SP2",
      "length" : 50
    },
    {
      "name" : "DETAIL_SPO",
      "type" : "esriFieldTypeString",
      "alias" : "DETAIL_SPO",
      "length" : 200
    },
    {
      "name" : "ETC_MATTER",
      "type" : "esriFieldTypeString",
      "alias" : "ETC_MATTER",
      "length" : 200
    },
    {
      "name" : "MNTN_NM",
      "type" : "esriFieldTypeString",
      "alias" : "MNTN_NM",
      "length" : 50
    },
    {
      "name" : "PAST_SPOT_",
      "type" : "esriFieldTypeString",
      "alias" : "PAST_SPOT_",
      "length" : 14
    },
    {
      "name" : "MNTN_ID",
      "type" : "esriFieldTypeString",
      "alias" : "MNTN_ID",
      "length" : 10
    }
  ],
  "features" : [
    {
      "attributes" : {
        "FID" : 0,
        "PMNTN_SPOT" : 82953,
        "MNTN_CODE" : "478203001",
        "MANAGE_SP1" : "02",
        "MANAGE_SP2" : "분기점",
        "DETAIL_SPO" : "분기점",
        "ETC_MATTER" : " ",
        "MNTN_NM" : "천왕산",
        "PAST_SPOT_" : "4827046010001",
        "MNTN_ID" : "482704601"
      },
      "geometry" : {
        "x" : 345052.97640001029,
        "y" : 332654.55750000104
      }
    },
    {
      "attributes" : {
        "FID" : 1,
        "PMNTN_SPOT" : 82954,
        "MNTN_CODE" : "478203001",
        "MANAGE_SP1" : "02",
        "MANAGE_SP2" : "분기점",
        "DETAIL_SPO" : "분기점",
        "ETC_MATTER" : " ",
        "MNTN_NM" : "천왕산",
        "PAST_SPOT_" : "4827046010002",
        "MNTN_ID" : "482704601"
      },
      "geometry" : {
        "x" : 345321.94230001047,
        "y" : 332641.93600000255
      }
    },
    {
      "attributes" : {
        "FID" : 2,
        "PMNTN_SPOT" : 82955,
        "MNTN_CODE" : "478203001",
        "MANAGE_SP1" : "02",
        "MANAGE_SP2" : "분기점",
        "DETAIL_SPO" : "분기점",
        "ETC_MATTER" : " ",
        "MNTN_NM" : "천왕산",
        "PAST_SPOT_" : "4827046010003",
        "MNTN_ID" : "482704601"
      },
      "geometry" : {
        "x" : 346080.3632000098,
        "y" : 331565.32890000194
      }
    },
    {
      "attributes" : {
        "FID" : 3,
        "PMNTN_SPOT" : 82956,
        "MNTN_CODE" : "478203001",
        "MANAGE_SP1" : "01",
        "MANAGE_SP2" : "시종점",
        "DETAIL_SPO" : "시종점",
        "ETC_MATTER" : " ",
        "MNTN_NM" : "천왕산",
        "PAST_SPOT_" : "4827046010004",
        "MNTN_ID" : "482704601"
      },
      "geometry" : {
        "x" : 346589.00660001114,
        "y" : 331400.27360000275
      }
    },
    {
      "attributes" : {
        "FID" : 4,
        "PMNTN_SPOT" : 82957,
        "MNTN_CODE" : "478203001",
        "MANAGE_SP1" : "01",
        "MANAGE_SP2" : "시종점",
        "DETAIL_SPO" : "시종점",
        "ETC_MATTER" : " ",
        "MNTN_NM" : "천왕산",
        "PAST_SPOT_" : "4827046010005",
        "MNTN_ID" : "482704601"
      },
      "geometry" : {
        "x" : 347044.77140001114,
        "y" : 332043.96110000089
      }
    },
    {
      "attributes" : {
        "FID" : 5,
        "PMNTN_SPOT" : 82958,
        "MNTN_CODE" : "478203001",
        "MANAGE_SP1" : "02",
        "MANAGE_SP2" : "분기점",
        "DETAIL_SPO" : "분기점",
        "ETC_MATTER" : " ",
        "MNTN_NM" : "천왕산",
        "PAST_SPOT_" : "4827046010006",
        "MNTN_ID" : "482704601"
      },
      "geometry" : {
        "x" : 347500.93730001152,
        "y" : 333252.48159999959
      }
    },
    {
      "attributes" : {
        "FID" : 6,
        "PMNTN_SPOT" : 82959,
        "MNTN_CODE" : "478203001",
        "MANAGE_SP1" : "01",
        "MANAGE_SP2" : "시종점",
        "DETAIL_SPO" : "시종점",
        "ETC_MATTER" : " ",
        "MNTN_NM" : "천왕산",
        "PAST_SPOT_" : "4827046010007",
        "MNTN_ID" : "482704601"
      },
      "geometry" : {
        "x" : 349390.5973000126,
        "y" : 328788.27840000018
      }
    },
    {
      "attributes" : {
        "FID" : 7,
        "PMNTN_SPOT" : 82960,
        "MNTN_CODE" : "478203001",
        "MANAGE_SP1" : "01",
        "MANAGE_SP2" : "시종점",
        "DETAIL_SPO" : "시종점",
        "ETC_MATTER" : " ",
        "MNTN_NM" : "천왕산",
        "PAST_SPOT_" : "4874026010008",
        "MNTN_ID" : "487402601"
      },
      "geometry" : {
        "x" : 343717.88620001636,
        "y" : 331546.48029999994
      }
    }
  ]
}