{
  "displayFieldName" : "",
  "fieldAliases" : {
    "FID" : "FID",
    "SAFE_SPOT1" : "SAFE_SPOT1",
    "SAFE_SPOT2" : "SAFE_SPOT2",
    "SAFE_SPOT3" : "SAFE_SPOT3",
    "MGC" : "MGC",
    "ETC_MATTER" : "ETC_MATTER",
    "MNTN_NM" : "MNTN_NM"
  },
  "geometryType" : "esriGeometryPoint",
  "spatialReference" : {
    "wkt" : "PROJCS[\"PCS_ITRF2000_TM\",GEOGCS[\"GCS_ITRF_2000\",DATUM[\"D_ITRF_2000\",SPHEROID[\"GRS_1980\",6378137.0,298.257222101]],PRIMEM[\"Greenwich\",0.0],UNIT[\"Degree\",0.0174532925199433]],PROJECTION[\"Transverse_Mercator\"],PARAMETER[\"False_Easting\",200000.0],PARAMETER[\"False_Northing\",600000.0],PARAMETER[\"Central_Meridian\",127.0],PARAMETER[\"Scale_Factor\",1.0],PARAMETER[\"Latitude_Of_Origin\",38.0],UNIT[\"Meter\",1.0]]"
  },
  "fields" : [
    {
      "name" : "FID",
      "type" : "esriFieldTypeOID",
      "alias" : "FID"
    },
    {
      "name" : "SAFE_SPOT1",
      "type" : "esriFieldTypeDouble",
      "alias" : "SAFE_SPOT1"
    },
    {
      "name" : "SAFE_SPOT2",
      "type" : "esriFieldTypeString",
      "alias" : "SAFE_SPOT2",
      "length" : 50
    },
    {
      "name" : "SAFE_SPOT3",
      "type" : "esriFieldTypeString",
      "alias" : "SAFE_SPOT3",
      "length" : 50
    },
    {
      "name" : "MGC",
      "type" : "esriFieldTypeString",
      "alias" : "MGC",
      "length" : 50
    },
    {
      "name" : "ETC_MATTER",
      "type" : "esriFieldTypeString",
      "alias" : "ETC_MATTER",
      "length" : 200
    },
    {
      "name" : "MNTN_NM",
      "type" : "esriFieldTypeString",
      "alias" : "MNTN_NM",
      "length" : 50
    }
  ],
  "features" : [
    {
      "attributes" : {
        "FID" : 0,
        "SAFE_SPOT1" : 1145,
        "SAFE_SPOT2" : "표지목",
        "SAFE_SPOT3" : " ",
        "MGC" : "광주서부소방서",
        "ETC_MATTER" : " ",
        "MNTN_NM" : "금당산"
      },
      "geometry" : {
        "x" : 188997.37260000128,
        "y" : 280205.9777999986
      }
    },
    {
      "attributes" : {
        "FID" : 1,
        "SAFE_SPOT1" : 1146,
        "SAFE_SPOT2" : "표지목",
        "SAFE_SPOT3" : " ",
        "MGC" : "광주서부소방서",
        "ETC_MATTER" : " ",
        "MNTN_NM" : "금당산"
      },
      "geometry" : {
        "x" : 189094.76779999956,
        "y" : 280087.15130000189
      }
    },
    {
      "attributes" : {
        "FID" : 2,
        "SAFE_SPOT1" : 1147,
        "SAFE_SPOT2" : "표지목",
        "SAFE_SPOT3" : " ",
        "MGC" : "광주서부소방서",
        "ETC_MATTER" : " ",
        "MNTN_NM" : "금당산"
      },
      "geometry" : {
        "x" : 189271.4860000005,
        "y" : 279978.21670000069
      }
    },
    {
      "attributes" : {
        "FID" : 3,
        "SAFE_SPOT1" : 1148,
        "SAFE_SPOT2" : "표지목",
        "SAFE_SPOT3" : " ",
        "MGC" : "광주서부소방서",
        "ETC_MATTER" : " ",
        "MNTN_NM" : "금당산"
      },
      "geometry" : {
        "x" : 189624.3973000003,
        "y" : 280087.64010000043
      }
    },
    {
      "attributes" : {
        "FID" : 4,
        "SAFE_SPOT1" : 1149,
        "SAFE_SPOT2" : "표지목",
        "SAFE_SPOT3" : " ",
        "MGC" : "광주서부소방서",
        "ETC_MATTER" : " ",
        "MNTN_NM" : "금당산"
      },
      "geometry" : {
        "x" : 189828.08130000159,
        "y" : 280445.75530000031
      }
    }
  ]
}