{
  "displayFieldName" : "",
  "fieldAliases" : {
    "FID" : "FID",
    "PMNTN_SN" : "PMNTN_SN",
    "MNTN_CODE" : "MNTN_CODE",
    "MNTN_NM" : "MNTN_NM",
    "PMNTN_NM" : "PMNTN_NM",
    "PMNTN_MAIN" : "PMNTN_MAIN",
    "PMNTN_LT" : "PMNTN_LT",
    "PMNTN_DFFL" : "PMNTN_DFFL",
    "PMNTN_UPPL" : "PMNTN_UPPL",
    "PMNTN_GODN" : "PMNTN_GODN",
    "PMNTN_MTRQ" : "PMNTN_MTRQ",
    "PMNTN_CNRL" : "PMNTN_CNRL",
    "PMNTN_CLS_" : "PMNTN_CLS_",
    "PMNTN_RISK" : "PMNTN_RISK",
    "PMNTN_RECO" : "PMNTN_RECO",
    "DATA_STDR_" : "DATA_STDR_",
    "MNTN_ID" : "MNTN_ID"
  },
  "geometryType" : "esriGeometryPolyline",
  "spatialReference" : {
    "wkt" : "PROJCS[\"PCS_ITRF2000_TM\",GEOGCS[\"GCS_ITRF_2000\",DATUM[\"D_ITRF_2000\",SPHEROID[\"GRS_1980\",6378137.0,298.257222101]],PRIMEM[\"Greenwich\",0.0],UNIT[\"Degree\",0.0174532925199433]],PROJECTION[\"Transverse_Mercator\"],PARAMETER[\"False_Easting\",200000.0],PARAMETER[\"False_Northing\",600000.0],PARAMETER[\"Central_Meridian\",127.0],PARAMETER[\"Scale_Factor\",1.0],PARAMETER[\"Latitude_Of_Origin\",38.0],UNIT[\"Meter\",1.0]]"
  },
  "fields" : [
    {
      "name" : "FID",
      "type" : "esriFieldTypeOID",
      "alias" : "FID"
    },
    {
      "name" : "PMNTN_SN",
      "type" : "esriFieldTypeDouble",
      "alias" : "PMNTN_SN"
    },
    {
      "name" : "MNTN_CODE",
      "type" : "esriFieldTypeString",
      "alias" : "MNTN_CODE",
      "length" : 9
    },
    {
      "name" : "MNTN_NM",
      "type" : "esriFieldTypeString",
      "alias" : "MNTN_NM",
      "length" : 50
    },
    {
      "name" : "PMNTN_NM",
      "type" : "esriFieldTypeString",
      "alias" : "PMNTN_NM",
      "length" : 50
    },
    {
      "name" : "PMNTN_MAIN",
      "type" : "esriFieldTypeString",
      "alias" : "PMNTN_MAIN",
      "length" : 200
    },
    {
      "name" : "PMNTN_LT",
      "type" : "esriFieldTypeSingle",
      "alias" : "PMNTN_LT"
    },
    {
      "name" : "PMNTN_DFFL",
      "type" : "esriFieldTypeString",
      "alias" : "PMNTN_DFFL",
      "length" : 8
    },
    {
      "name" : "PMNTN_UPPL",
      "type" : "esriFieldTypeDouble",
      "alias" : "PMNTN_UPPL"
    },
    {
      "name" : "PMNTN_GODN",
      "type" : "esriFieldTypeDouble",
      "alias" : "PMNTN_GODN"
    },
    {
      "name" : "PMNTN_MTRQ",
      "type" : "esriFieldTypeString",
      "alias" : "PMNTN_MTRQ",
      "length" : 200
    },
    {
      "name" : "PMNTN_CNRL",
      "type" : "esriFieldTypeString",
      "alias" : "PMNTN_CNRL",
      "length" : 1
    },
    {
      "name" : "PMNTN_CLS_",
      "type" : "esriFieldTypeString",
      "alias" : "PMNTN_CLS_",
      "length" : 1
    },
    {
      "name" : "PMNTN_RISK",
      "type" : "esriFieldTypeString",
      "alias" : "PMNTN_RISK",
      "length" : 200
    },
    {
      "name" : "PMNTN_RECO",
      "type" : "esriFieldTypeString",
      "alias" : "PMNTN_RECO",
      "length" : 1
    },
    {
      "name" : "DATA_STDR_",
      "type" : "esriFieldTypeString",
      "alias" : "DATA_STDR_",
      "length" : 10
    },
    {
      "name" : "MNTN_ID",
      "type" : "esriFieldTypeString",
      "alias" : "MNTN_ID",
      "length" : 10
    }
  ],
  "features" : [
    {
      "attributes" : {
        "FID" : 0,
        "PMNTN_SN" : 53499,
        "MNTN_CODE" : "301101601",
        "MNTN_NM" : "함각산",
        "PMNTN_NM" : "마산동구간",
        "PMNTN_MAIN" : " ",
        "PMNTN_LT" : 1.17,
        "PMNTN_DFFL" : "쉬움",
        "PMNTN_UPPL" : 21,
        "PMNTN_GODN" : 14,
        "PMNTN_MTRQ" : " ",
        "PMNTN_CNRL" : " ",
        "PMNTN_CLS_" : " ",
        "PMNTN_RISK" : " ",
        "PMNTN_RECO" : " ",
        "DATA_STDR_" : "2016-12-31",
        "MNTN_ID" : "1602461600"
      },
      "geometry" : {
        "paths" : [
          [
            [
              242996.01028576307,
              422819.85053780116
            ],
            [
              242995.66179761011,
              422796.44316719659
            ],
            [
              242990.70303003117,
              422783.03251500055
            ],
            [
              242986.06082388945,
              422768.90900371224
            ],
            [
              242982.4101728322,
              422750.44988786057
            ],
            [
              242981.37505876645,
              422730.42371351644
            ],
            [
              242982.63433435187,
              422713.73709743284
            ],
            [
              242983.99476223625,
              422694.2884974163
            ],
            [
              242984.24503060337,
              422692.83516224101
            ],
            [
              242984.56816350762,
              422691.3915662244
            ],
            [
              242984.94321602024,
              422689.95495882444
            ],
            [
              242985.78630767018,
              422687.09470579959
            ],
            [
              242987.10822986066,
              422682.81650335714
            ],
            [
              242987.52134775091,
              422681.38958424702
            ],
            [
              242987.89953041263,
              422679.96059794351
            ],
            [
              242988.22559186816,
              422678.528365748
            ],
            [
              242988.47748870961,
              422677.09144316986
            ],
            [
              242988.62676197849,
              422675.64801448956
            ],
            [
              242988.65216922853,
              422674.27765767276
            ],
            [
              242988.58418531436,
              422672.90135613456
            ],
            [
              242988.44691635389,
              422671.52062171884
            ],
            [
              242988.2591941515,
              422670.13666030765
            ],
            [
              242987.78829049598,
              422667.36282535456
            ],
            [
              242986.99230960291,
              422663.19901117496
            ],
            [
              242986.49992339592,
              422660.43123553693
            ],
            [
              242986.29467047658,
              422659.05358140543
            ],
            [
              242986.13518476672,
              422657.68269293755
            ],
            [
              242986.04032190144,
              422656.32130432501
            ],
            [
              242986.03449310549,
              422654.97298997454
            ],
            [
              242986.1491786642,
              422653.64238171838
            ],
            [
              242986.42705232557,
              422652.26433259249
            ],
            [
              242986.8366400823,
              422650.90561081097
            ],
            [
              242987.34204450063,
              422649.56090484001
            ],
            [
              242987.91603562888,
              422648.22618410178
            ],
            [
              242988.53823908418,
              422646.89842965081
            ],
            [
              242989.87119155098,
              422644.25548521616
            ],
            [
              243000.42599791661,
              422624.50195052847
            ],
            [
              243001.86750199739,
              422621.89892067574
            ],
            [
              243003.37650483102,
              422619.34651516937
            ],
            [
              243004.17612857185,
              422618.10374248587
            ],
            [
              243005.02177459747,
              422616.89492266253
            ],
            [
              243005.91642676014,
              422615.7366977185
            ],
            [
              243006.85656706709,
              422614.61198296957
            ],
            [
              243008.82679594588,
              422612.42884265073
            ],
            [
              243011.8985491842,
              422609.23999291472
            ],
            [
              243040.05384520721,
              422580.91511005349
            ],
            [
              243042.13009458501,
              422578.80802321807
            ],
            [
              243044.17986572348,
              422576.67981807701
            ],
            [
              243046.17106440291,
              422574.50584993884
            ],
            [
              243047.12767308578,
              422573.38871364109
            ],
            [
              243048.04446935467,
              422572.2409802638
            ],
            [
              243048.87724800687,
              422571.10580217652
            ],
            [
              243049.67285852134,
              422569.94210694171
            ],
            [
              243050.44097260386,
              422568.75730902702
            ],
            [
              243051.92138145585,
              422566.34540817514
            ],
            [
              243053.35235416144,
              422563.89886037819
            ],
            [
              243054.74052535836,
              422561.42969329841
            ],
            [
              243056.06556389946,
              422558.93673154712
            ],
            [
              243056.68903968204,
              422557.67740188166
            ],
            [
              243057.27279424574,
              422556.40551494807
            ],
            [
              243057.801984841,
              422555.11660042591
            ],
            [
              243058.25708120596,
              422553.80472307652
            ],
            [
              243058.6308907317,
              422552.42910945415
            ],
            [
              243058.92698138859,
              422551.0295893047
            ],
            [
              243059.16598712467,
              422549.61267662421
            ],
            [
              243059.36326675024,
              422548.18336881325
            ],
            [
              243059.67302429304,
              422545.30193662271
            ],
            [
              243059.90352802072,
              422542.40653998218
            ],
            [
              243060.05547517445,
              422539.51121914759
            ],
            [
              243060.08983382303,
              422538.06741962582
            ],
            [
              243060.0833971994,
              422536.62848165259
            ],
            [
              243060.02124747727,
              422535.19653766975
            ],
            [
              243059.88334781677,
              422533.77424284071
            ],
            [
              243059.65092222206,
              422532.35075873509
            ],
            [
              243059.34191330895,
              422530.93711725622
            ],
            [
              243058.97731282562,
              422529.5306713786
            ],
            [
              243058.57305143122,
              422528.12938134186
            ],
            [
              243057.69014639407,
              422525.3364250809
            ],
            [
              243056.75547245611,
              422522.54985232092
            ],
            [
              243051.50262868684,
              422507.2247684598
            ],
            [
              243050.5263021905,
              422504.45629194193
            ],
            [
              243049.50195938349,
              422501.72612385266
            ],
            [
              243048.95660855249,
              422500.38787342794
            ],
            [
              243048.37670611497,
              422499.07793247141
            ],
            [
              243047.74911733996,
              422497.80746680126
            ],
            [
              243047.0567135578,
              422496.59119585715
            ],
            [
              243046.27746042237,
              422495.44825858064
            ],
            [
              243045.49033555482,
              422494.49663596042
            ],
            [
              243044.64414539188,
              422493.59975839034
            ],
            [
              243042.05162309948,
              422491.03676793724
            ],
            [
              243041.26976237632,
              422490.16419341974
            ],
            [
              243040.58520493004,
              422489.25161112659
            ],
            [
              243040.03892501816,
              422488.27809735946
            ],
            [
              243039.64262139704,
              422487.16096534021
            ],
            [
              243039.39452918526,
              422485.97591555864
            ],
            [
              243039.24101741426,
              422484.7470462136
            ],
            [
              243039.02890928555,
              422482.24389537238
            ],
            [
              243038.87970971968,
              422481.01163120195
            ],
            [
              243038.63779158145,
              422479.82247762755
            ],
            [
              243038.24785702489,
              422478.70307301916
            ],
            [
              243037.69588150922,
              422477.72097199783
            ],
            [
              243036.99147407059,
              422476.81930897944
            ],
            [
              243036.16688152589,
              422475.99153686874
            ],
            [
              243035.24619313236,
              422475.23653267324
            ],
            [
              243034.24645143375,
              422474.55865821242
            ],
            [
              243033.17857584637,
              422473.96798218787
            ],
            [
              243032.04809030797,
              422473.48065974191
            ],
            [
              243030.72330758441,
              422473.07247331366
            ],
            [
              243029.34783155844,
              422472.76776426844
            ],
            [
              243025.11254272144,
              422472.04766159318
            ],
            [
              243023.71887295786,
              422471.74210560881
            ],
            [
              243022.36087885406,
              422471.33446259052
            ],
            [
              243021.12612542138,
              422470.82589876465
            ],
            [
              243019.92805222142,
              422470.21472338587
            ],
            [
              243018.75764472224,
              422469.52686348557
            ],
            [
              243017.6076337751,
              422468.78298377246
            ],
            [
              243015.34632737376,
              422467.1901621148
            ],
            [
              243010.8633586904,
              422463.90197313763
            ],
            [
              243009.72970536444,
              422463.11689934693
            ],
            [
              243008.58267944213,
              422462.36969926208
            ],
            [
              243007.41690851934,
              422461.6758684665
            ],
            [
              243006.22583290096,
              422461.05461709388
            ],
            [
              243005.00140091591,
              422460.52987040021
            ],
            [
              243003.65163063258,
              422460.09312390909
            ],
            [
              243002.27320773713,
              422459.74486574903
            ],
            [
              242999.5074984096,
              422459.11598493159
            ],
            [
              242998.16029142775,
              422458.73832433112
            ],
            [
              242996.86766632274,
              422458.24806669354
            ],
            [
              242995.79289187584,
              422457.68717681803
            ],
            [
              242994.77355234697,
              422457.01838945225
            ],
            [
              242993.80459034536,
              422456.26265102066
            ],
            [
              242992.88477169909,
              422455.4350880906
            ],
            [
              242992.01677301433,
              422454.54560193047
            ],
            [
              242991.20740566961,
              422453.5993193388
            ],
            [
              242990.46798624098,
              422452.59688565694
            ],
            [
              242989.81485130824,
              422451.53460179828
            ],
            [
              242989.19583837129,
              422450.25964509137
            ],
            [
              242988.67823616788,
              422448.92203355394
            ],
            [
              242988.23359883018,
              422447.54004415311
            ],
            [
              242987.84013833944,
              422446.12743010744
            ],
            [
              242987.14359282609,
              422443.24908516183
            ],
            [
              242986.16098377574,
              422438.89311811887
            ],
            [
              242985.44151322357,
              422436.01786850765
            ],
            [
              242985.03066920768,
              422434.6035373956
            ],
            [
              242984.56585432589,
              422433.21355251037
            ],
            [
              242984.02692684345,
              422431.85676436126
            ],
            [
              242983.40799377952,
              422430.56000935286
            ],
            [
              242982.7169546634,
              422429.29546898417
            ],
            [
              242981.97322726622,
              422428.05455389805
            ],
            [
              242980.38545089029,
              422425.6180801224
            ],
            [
              242977.90563847404,
              422422.0098690521
            ],
            [
              242976.28465743829,
              422419.59369468689
            ],
            [
              242975.5122284051,
              422418.37066512369
            ],
            [
              242974.78265522886,
              422417.13058276474
            ],
            [
              242974.11364201549,
              422415.86631258763
            ],
            [
              242973.52798544057,
              422414.56869230792
            ],
            [
              242973.03728658892,
              422413.20949743502
            ],
            [
              242972.63249019254,
              422411.81588822231
            ],
            [
              242972.29032111727,
              422410.39716882259
            ],
            [
              242971.99309153948,
              422408.96040780097
            ],
            [
              242971.72754042409,
              422407.51090143807
            ],
            [
              242971.25486477371,
              422404.58825170062
            ],
            [
              242969.13679590356,
              422389.86534812115
            ],
            [
              242967.38530770224,
              422378.09171183221
            ],
            [
              242966.96905181091,
              422375.15439159051
            ],
            [
              242966.60705328919,
              422372.22626513056
            ],
            [
              242966.46489139926,
              422370.76846241392
            ],
            [
              242966.36420420837,
              422369.31719791517
            ],
            [
              242966.3218103433,
              422367.87501212023
            ],
            [
              242966.36001462396,
              422366.44525829889
            ],
            [
              242966.50799384713,
              422365.03229942545
            ],
            [
              242966.78298201133,
              422363.65963191912
            ],
            [
              242967.15729795117,
              422362.30131519213
            ],
            [
              242967.59440553747,
              422360.95092867129
            ],
            [
              242968.53335282393,
              422358.25056417286
            ],
            [
              242968.97818076052,
              422356.88879939541
            ],
            [
              242969.36766505148,
              422355.51055297814
            ],
            [
              242969.6732384311,
              422354.13875240274
            ],
            [
              242969.91409404483,
              422352.7492417451
            ],
            [
              242970.10603861045,
              422351.34648331441
            ],
            [
              242970.26141450461,
              422349.9339307975
            ],
            [
              242970.49824541621,
              422347.08935298026
            ],
            [
              242970.75325422455,
              422342.79686961509
            ],
            [
              242971.18002746813,
              422334.19261571579
            ],
            [
              242971.36093237344,
              422331.33431546763
            ],
            [
              242971.47512105759,
              422329.91093459912
            ],
            [
              242971.61449124198,
              422328.49363598786
            ],
            [
              242971.78905620519,
              422327.08481615037
            ],
            [
              242972.01204562001,
              422325.68764423765
            ],
            [
              242972.30072938371,
              422324.3062598668
            ],
            [
              242972.67877077498,
              422322.91137050092
            ],
            [
              242973.12522014882,
              422321.53289934993
            ],
            [
              242973.62168471888,
              422320.16641536355
            ],
            [
              242974.15418578498,
              422318.80854654126
            ],
            [
              242974.71224931814,
              422317.45676100068
            ],
            [
              242975.87622925267,
              422314.76443807967
            ],
            [
              242979.50495018438,
              422306.71637233533
            ],
            [
              242986.25865004119,
              422291.95511026122
            ],
            [
              242987.45354967751,
              422289.27156983875
            ],
            [
              242988.02480608784,
              422287.93111022934
            ],
            [
              242988.56568754185,
              422286.59220634587
            ],
            [
              242989.06166541483,
              422285.25561689772
            ],
            [
              242989.49283771683,
              422283.92237519473
            ],
            [
              242989.83231680095,
              422282.59387171455
            ],
            [
              242990.04426340107,
              422281.2719545681
            ],
            [
              242990.08155508898,
              422279.95904850215
            ],
            [
              242989.90134708956,
              422278.63471017033
            ],
            [
              242989.54119151179,
              422277.31970070489
            ],
            [
              242989.05025488697,
              422276.01153267734
            ],
            [
              242988.46572883427,
              422274.70832622424
            ],
            [
              242987.81536630727,
              422273.40867617913
            ],
            [
              242986.39338969905,
              422270.81612941995
            ],
            [
              242981.83664213214,
              422263.0498147849
            ],
            [
              242980.35091432929,
              422260.44721894711
            ],
            [
              242979.63485734351,
              422259.13749325089
            ],
            [
              242978.94692902174,
              422257.81865434535
            ],
            [
              242978.29818654992,
              422256.48689159378
            ],
            [
              242977.70342152473,
              422255.13710368052
            ],
            [
              242977.18219782785,
              422253.76255327836
            ],
            [
              242976.76409514435,
              422252.40728409588
            ],
            [
              242976.41505589895,
              422251.02862769924
            ],
            [
              242976.11713377386,
              422249.63264035434
            ],
            [
              242975.62314234395,
              422246.80599906109
            ],
            [
              242975.01738073118,
              422242.51937748678
            ],
            [
              242973.92522276379,
              422233.90431481972
            ],
            [
              242973.52293863706,
              422231.0506739486
            ],
            [
              242973.29579039197,
              422229.63623528183
            ],
            [
              242973.0402325578,
              422228.23549055681
            ],
            [
              242972.74416392203,
              422226.85441264138
            ],
            [
              242972.39132746682,
              422225.50104607828
            ],
            [
              242971.96015000623,
              422224.18608823232
            ],
            [
              242971.42237506434,
              422222.92357666232
            ],
            [
              242970.77264868654,
              422221.75306168199
            ],
            [
              242970.02062891331,
              422220.63303754851
            ],
            [
              242969.19271615148,
              422219.55058941804
            ],
            [
              242968.30909048114,
              422218.4960014075
            ],
            [
              242967.38487375155,
              422217.46222687513
            ],
            [
              242966.4310982218,
              422216.44447058253
            ],
            [
              242965.45548096765,
              422215.43988751434
            ],
            [
              242963.45638555381,
              422213.46762454137
            ],
            [
              242961.40132177901,
              422211.55760495178
            ],
            [
              242960.34842760209,
              422210.63813078403
            ],
            [
              242959.27231379412,
              422209.75361733139
            ],
            [
              242958.16543158796,
              422208.91633330658
            ],
            [
              242957.01758285053,
              422208.14237127453
            ],
            [
              242955.75773852225,
              422207.41053396463
            ],
            [
              242954.4539275039,
              422206.74716739543
            ],
            [
              242953.11872285418,
              422206.13316565938
            ],
            [
              242951.76206990331,
              422205.55357231572
            ],
            [
              242944.91656480078,
              422202.80649128184
            ],
            [
              242943.58735657949,
              422202.22202741727
            ],
            [
              242942.29549944587,
              422201.5988587141
            ],
            [
              242941.05742953531,
              422200.91936247982
            ],
            [
              242939.89473403431,
              422200.16060053185
            ],
            [
              242938.83562531881,
              422199.29273493402
            ],
            [
              242937.89675349928,
              422198.28424830176
            ],
            [
              242937.06279981229,
              422197.16513679549
            ],
            [
              242936.30518039782,
              422195.96548295207
            ],
            [
              242935.60222468618,
              422194.70810507424
            ],
            [
              242934.93773005623,
              422193.41007302329
            ],
            [
              242933.67957854923,
              422190.73900949582
            ],
            [
              242932.46960805077,
              422188.01677630842
            ],
            [
              242926.5038840482,
              422174.31409310363
            ],
            [
              242912.67682549544,
              422142.92688422278
            ],
            [
              242911.4406496482,
              422140.22142720781
            ],
            [
              242910.14177703019,
              422137.55918301642
            ],
            [
              242909.4498065412,
              422136.25739013031
            ],
            [
              242908.7138056159,
              422134.98596640676
            ],
            [
              242907.91720376443,
              422133.75634810701
            ],
            [
              242907.05927495658,
              422132.59409919381
            ],
            [
              242906.1420779638,
              422131.47270426527
            ],
            [
              242905.18146325462,
              422130.38119107671
            ],
            [
              242903.17503453325,
              422128.256580377
            ],
            [
              242901.10358362738,
              422126.17608945817
            ],
            [
              242899.00063806027,
              422124.11626400426
            ],
            [
              242888.38806825876,
              422113.87036046013
            ],
            [
              242886.31754030194,
              422111.79787122272
            ],
            [
              242885.31432241946,
              422110.74809503183
            ],
            [
              242884.34664558247,
              422109.68342074566
            ],
            [
              242883.43020532373,
              422108.59733601473
            ],
            [
              242882.58623271529,
              422107.48102824576
            ],
            [
              242881.84305472579,
              422106.3227372244
            ],
            [
              242881.23794510495,
              422105.10698742978
            ],
            [
              242880.81005743891,
              422103.85403289832
            ],
            [
              242880.51427893154,
              422102.54606054537
            ],
            [
              242880.31558139715,
              422101.19757537544
            ],
            [
              242880.18711717799,
              422099.81968896836
            ],
            [
              242880.1085754279,
              422098.42080401257
            ],
            [
              242880.04459891655,
              422095.58349159174
            ],
            [
              242880.04502957594,
              422092.71833552606
            ],
            [
              242880.08677356876,
              422088.40323213488
            ],
            [
              242880.14766921941,
              422084.08853361383
            ],
            [
              242880.21327278297,
              422081.21897225827
            ],
            [
              242880.33354326338,
              422078.36052691005
            ],
            [
              242880.43135263864,
              422076.93795862794
            ],
            [
              242880.56813627575,
              422075.52184445597
            ],
            [
              242880.75828002114,
              422074.11430707946
            ],
            [
              242881.02068460733,
              422072.68148251064
            ],
            [
              242881.33921238407,
              422071.25750287995
            ],
            [
              242882.08836750686,
              422068.42713481933
            ],
            [
              242883.36044643819,
              422064.20457686484
            ],
            [
              242886.01935508475,
              422055.78461330943
            ],
            [
              242886.84900194034,
              422052.98320012726
            ],
            [
              242887.2295328835,
              422051.58482603915
            ],
            [
              242887.57349310257,
              422050.18896467797
            ],
            [
              242887.8660376044,
              422048.79666244425
            ],
            [
              242888.08736691438,
              422047.40931267664
            ],
            [
              242888.21139494143,
              422046.02874337137
            ],
            [
              242888.20421275776,
              422044.65731844679
            ],
            [
              242888.03945139237,
              422043.28869444318
            ],
            [
              242887.75578279793,
              422041.92804554477
            ],
            [
              242886.66356869228,
              422037.85711442865
            ],
            [
              242886.36349663325,
              422036.49188245088
            ],
            [
              242886.17215139791,
              422035.11582273059
            ],
            [
              242886.12753417529,
              422033.70705506578
            ],
            [
              242886.20885430835,
              422032.28615013696
            ],
            [
              242886.38298144285,
              422030.85631825589
            ],
            [
              242886.62450796738,
              422029.42000916786
            ],
            [
              242886.91422020458,
              422027.97906484082
            ],
            [
              242887.23777824268,
              422026.53485036641
            ],
            [
              242888.31956097949,
              422022.19122081436
            ],
            [
              242892.91645593196,
              422004.78825617209
            ],
            [
              242893.70853021182,
              422001.89982527681
            ],
            [
              242894.54929622542,
              421999.03055752069
            ],
            [
              242895.0024720272,
              421997.60871609673
            ],
            [
              242895.48928939179,
              421996.20000896044
            ],
            [
              242896.02206083387,
              421994.8092916403
            ],
            [
              242896.59305257071,
              421993.47933987342
            ],
            [
              242897.20707117766,
              421992.16627442464
            ],
            [
              242897.85182115529,
              421990.86531964503
            ],
            [
              242900.55407507997,
              421985.71538489871
            ],
            [
              242901.8617897518,
              421983.13588755764
            ],
            [
              242902.46833090484,
              421981.83542944491
            ],
            [
              242903.02231752872,
              421980.52290816978
            ],
            [
              242903.50209893752,
              421979.19343549758
            ],
            [
              242903.87959743757,
              421977.84079311229
            ],
            [
              242904.13309962396,
              421976.45285940915
            ],
            [
              242904.28249156196,
              421975.04164352454
            ],
            [
              242904.35506750643,
              421973.61357493699
            ],
            [
              242904.37107928749,
              421972.17379928567
            ],
            [
              242904.34492440615,
              421970.7265466731
            ],
            [
              242904.2860663496,
              421969.27547963709
            ],
            [
              242904.0869913958,
              421966.37572827749
            ],
            [
              242903.945403344,
              421964.9345685523
            ],
            [
              242903.76825657208,
              421963.50537996367
            ],
            [
              242903.54437258467,
              421962.09426817484
            ],
            [
              242903.25728323031,
              421960.7091154214
            ],
            [
              242902.88417541143,
              421959.36016109772
            ],
            [
              242902.39455837756,
              421958.06066671573
            ],
            [
              242901.78063326143,
              421956.85062467121
            ],
            [
              242901.05618012417,
              421955.68786288239
            ],
            [
              242900.25129300542,
              421954.55976668932
            ],
            [
              242899.38969516568,
              421953.45641411468
            ],
            [
              242898.49033167493,
              421952.36993576586
            ],
            [
              242894.80480621103,
              421948.0762472786
            ],
            [
              242893.92922542337,
              421946.990072852
            ],
            [
              242893.10426771361,
              421945.88716286048
            ],
            [
              242892.35244944412,
              421944.75966486149
            ],
            [
              242891.70240620803,
              421943.59767836705
            ],
            [
              242891.190715909,
              421942.38861410506
            ],
            [
              242890.84140041098,
              421941.09751033597
            ],
            [
              242890.6351564629,
              421939.7575655058
            ],
            [
              242890.53368143272,
              421938.38176817261
            ],
            [
              242890.50726519711,
              421936.98012406752
            ],
            [
              242890.53285546787,
              421935.56029119901
            ],
            [
              242890.59235191345,
              421934.12812977098
            ],
            [
              242890.83729189355,
              421929.79866287112
            ],
            [
              242890.93557609059,
              421926.91523425467
            ],
            [
              242890.92437830009,
              421925.48278461955
            ],
            [
              242890.84830395039,
              421924.06091596559
            ],
            [
              242890.68280077167,
              421922.65380766802
            ],
            [
              242890.41179722361,
              421921.28003521636
            ],
            [
              242890.05219466332,
              421919.92100593261
            ],
            [
              242889.62680714112,
              421918.57298377715
            ],
            [
              242889.15315638576,
              421917.23308560438
            ],
            [
              242888.64453798532,
              421915.89911300503
            ],
            [
              242888.11093915813,
              421914.56940658018
            ],
            [
              242886.99671568628,
              421911.91813062318
            ],
            [
              242883.56088076159,
              421903.98261684738
            ],
            [
              242882.47322215512,
              421901.32994077355
            ],
            [
              242881.96437289566,
              421899.99873933382
            ],
            [
              242881.49248706643,
              421898.66238273494
            ],
            [
              242881.07218737435,
              421897.3188260626
            ],
            [
              242880.72282044124,
              421895.96536633372
            ],
            [
              242880.46967298444,
              421894.59847225249
            ],
            [
              242880.3307383908,
              421893.17557168193
            ],
            [
              242880.29262274504,
              421890.35473244265
            ],
            [
              242880.32796490286,
              421884.47914076969
            ],
            [
              242883.46048542298,
              421861.7130854167
            ],
            [
              242889.39785451349,
              421824.54968855344
            ],
            [
              242895.2521187542,
              421813.87093572505
            ],
            [
              242897.62381692231,
              421797.48442461155
            ],
            [
              242894.87710159644,
              421777.45912133157
            ]
          ]
        ]
      }
    }
  ]
}