{
  "displayFieldName" : "",
  "fieldAliases" : {
    "FID" : "FID",
    "PMNTN_SN" : "PMNTN_SN",
    "MNTN_CODE" : "MNTN_CODE",
    "MNTN_NM" : "MNTN_NM",
    "PMNTN_NM" : "PMNTN_NM",
    "PMNTN_MAIN" : "PMNTN_MAIN",
    "PMNTN_LT" : "PMNTN_LT",
    "PMNTN_DFFL" : "PMNTN_DFFL",
    "PMNTN_UPPL" : "PMNTN_UPPL",
    "PMNTN_GODN" : "PMNTN_GODN",
    "PMNTN_MTRQ" : "PMNTN_MTRQ",
    "PMNTN_CNRL" : "PMNTN_CNRL",
    "PMNTN_CLS_" : "PMNTN_CLS_",
    "PMNTN_RISK" : "PMNTN_RISK",
    "PMNTN_RECO" : "PMNTN_RECO",
    "DATA_STDR_" : "DATA_STDR_",
    "MNTN_ID" : "MNTN_ID"
  },
  "geometryType" : "esriGeometryPolyline",
  "spatialReference" : {
    "wkt" : "PROJCS[\"PCS_ITRF2000_TM\",GEOGCS[\"GCS_ITRF_2000\",DATUM[\"D_ITRF_2000\",SPHEROID[\"GRS_1980\",6378137.0,298.257222101]],PRIMEM[\"Greenwich\",0.0],UNIT[\"Degree\",0.0174532925199433]],PROJECTION[\"Transverse_Mercator\"],PARAMETER[\"False_Easting\",200000.0],PARAMETER[\"False_Northing\",600000.0],PARAMETER[\"Central_Meridian\",127.0],PARAMETER[\"Scale_Factor\",1.0],PARAMETER[\"Latitude_Of_Origin\",38.0],UNIT[\"Meter\",1.0]]"
  },
  "fields" : [
    {
      "name" : "FID",
      "type" : "esriFieldTypeOID",
      "alias" : "FID"
    },
    {
      "name" : "PMNTN_SN",
      "type" : "esriFieldTypeDouble",
      "alias" : "PMNTN_SN"
    },
    {
      "name" : "MNTN_CODE",
      "type" : "esriFieldTypeString",
      "alias" : "MNTN_CODE",
      "length" : 9
    },
    {
      "name" : "MNTN_NM",
      "type" : "esriFieldTypeString",
      "alias" : "MNTN_NM",
      "length" : 50
    },
    {
      "name" : "PMNTN_NM",
      "type" : "esriFieldTypeString",
      "alias" : "PMNTN_NM",
      "length" : 50
    },
    {
      "name" : "PMNTN_MAIN",
      "type" : "esriFieldTypeString",
      "alias" : "PMNTN_MAIN",
      "length" : 200
    },
    {
      "name" : "PMNTN_LT",
      "type" : "esriFieldTypeSingle",
      "alias" : "PMNTN_LT"
    },
    {
      "name" : "PMNTN_DFFL",
      "type" : "esriFieldTypeString",
      "alias" : "PMNTN_DFFL",
      "length" : 8
    },
    {
      "name" : "PMNTN_UPPL",
      "type" : "esriFieldTypeDouble",
      "alias" : "PMNTN_UPPL"
    },
    {
      "name" : "PMNTN_GODN",
      "type" : "esriFieldTypeDouble",
      "alias" : "PMNTN_GODN"
    },
    {
      "name" : "PMNTN_MTRQ",
      "type" : "esriFieldTypeString",
      "alias" : "PMNTN_MTRQ",
      "length" : 200
    },
    {
      "name" : "PMNTN_CNRL",
      "type" : "esriFieldTypeString",
      "alias" : "PMNTN_CNRL",
      "length" : 1
    },
    {
      "name" : "PMNTN_CLS_",
      "type" : "esriFieldTypeString",
      "alias" : "PMNTN_CLS_",
      "length" : 1
    },
    {
      "name" : "PMNTN_RISK",
      "type" : "esriFieldTypeString",
      "alias" : "PMNTN_RISK",
      "length" : 200
    },
    {
      "name" : "PMNTN_RECO",
      "type" : "esriFieldTypeString",
      "alias" : "PMNTN_RECO",
      "length" : 1
    },
    {
      "name" : "DATA_STDR_",
      "type" : "esriFieldTypeString",
      "alias" : "DATA_STDR_",
      "length" : 10
    },
    {
      "name" : "MNTN_ID",
      "type" : "esriFieldTypeString",
      "alias" : "MNTN_ID",
      "length" : 10
    }
  ],
  "features" : [
    {
      "attributes" : {
        "FID" : 0,
        "PMNTN_SN" : 15944,
        "MNTN_CODE" : "483106501",
        "MNTN_NM" : "망산",
        "PMNTN_NM" : "와현리구간",
        "PMNTN_MAIN" : " ",
        "PMNTN_LT" : 3.53,
        "PMNTN_DFFL" : "쉬움",
        "PMNTN_UPPL" : 62,
        "PMNTN_GODN" : 44,
        "PMNTN_MTRQ" : " ",
        "PMNTN_CNRL" : " ",
        "PMNTN_CLS_" : " ",
        "PMNTN_RISK" : " ",
        "PMNTN_RECO" : " ",
        "DATA_STDR_" : "2016-12-31",
        "MNTN_ID" : "483102301"
      },
      "geometry" : {
        "paths" : [
          [
            [
              357269.04440000094,
              249556.08090000227
            ],
            [
              357267.04780000076,
              249541.16170000099
            ],
            [
              357261.503800001,
              249534.9617999997
            ],
            [
              357254.6997000007,
              249527.01260000281
            ],
            [
              357248.19720000122,
              249521.21890000254
            ],
            [
              357236.40429999959,
              249514.51390000246
            ],
            [
              357230.40970000066,
              249510.71560000256
            ],
            [
              357225.65960000083,
              249505.61780000106
            ],
            [
              357217.61050000135,
              249500.51689999923
            ],
            [
              357211.19060000032,
              249493.58139999956
            ],
            [
              357208.63960000128,
              249484.86639999971
            ],
            [
              357208.71230000071,
              249477.15819999948
            ],
            [
              357203.03249999974,
              249469.91710000113
            ],
            [
              357197.33100000024,
              249466.31950000115
            ],
            [
              357191.61110000126,
              249464.53390000388
            ],
            [
              357186.37600000203,
              249464.77979999967
            ],
            [
              357177.98629999999,
              249466.73700000346
            ],
            [
              357174.31350000203,
              249467.2183000017
            ],
            [
              357166.51000000071,
              249467.06609999947
            ],
            [
              357162.74130000174,
              249459.42449999973
            ],
            [
              357158.86210000142,
              249455.88970000111
            ],
            [
              357154.04720000178,
              249454.42430000007
            ],
            [
              357145.61740000173,
              249453.27090000175
            ],
            [
              357142.15589999966,
              249452.55910000205
            ],
            [
              357138.03100000042,
              249450.70450000279
            ],
            [
              357134.89049999975,
              249447.61710000224
            ],
            [
              357133.22390000056,
              249445.11250000261
            ],
            [
              357129.0438000001,
              249437.03850000165
            ],
            [
              357125.91619999986,
              249430.61330000125
            ],
            [
              357123.83719999995,
              249425.6557
            ],
            [
              357122.36800000072,
              249421.11800000258
            ],
            [
              357121.49890000094,
              249416.91870000213
            ],
            [
              357121.33770000003,
              249412.69190000184
            ],
            [
              357122.34960000124,
              249402.84019999951
            ],
            [
              357122.33720000181,
              249398.4755000025
            ],
            [
              357121.66440000106,
              249392.9821000006
            ],
            [
              357120.76530000009,
              249388.33269999921
            ],
            [
              357119.59659999982,
              249384.30700000003
            ],
            [
              357118.14560000133,
              249380.87060000189
            ],
            [
              357116.61830000207,
              249378.29340000078
            ],
            [
              357114.67650000006,
              249375.77600000426
            ],
            [
              357112.31349999923,
              249373.30980000086
            ],
            [
              357109.51450000051,
              249370.87930000015
            ],
            [
              357106.33480000123,
              249368.51799999923
            ],
            [
              357102.9198000012,
              249359.84100000001
            ],
            [
              357095.87710000109,
              249352.10690000094
            ],
            [
              357090.42870000005,
              249349.6353999991
            ],
            [
              357084.0755000012,
              249347.46810000017
            ],
            [
              357077.02740000002,
              249345.60490000248
            ],
            [
              357064.8590000011,
              249342.88529999927
            ],
            [
              357045.97800000012,
              249338.11439999938
            ],
            [
              357041.10190000013,
              249337.08540000021
            ],
            [
              357036.76809999999,
              249336.38670000434
            ],
            [
              357032.18580000103,
              249335.95220000111
            ],
            [
              357027.97580000013,
              249335.91200000048
            ],
            [
              357024.06790000014,
              249336.26579999924
            ],
            [
              357018.33220000006,
              249340.16019999981
            ],
            [
              357014.62500000186,
              249346.73520000279
            ],
            [
              357011.47660000063,
              249348.45300000161
            ],
            [
              357008.56190000009,
              249350.42230000161
            ],
            [
              357001.81709999964,
              249355.39939999953
            ],
            [
              356998.46700000018,
              249357.53760000132
            ],
            [
              356995.34810000006,
              249359.04209999926
            ],
            [
              356991.29839999974,
              249360.05050000362
            ],
            [
              356987.72630000021,
              249360.20879999921
            ],
            [
              356975.10470000003,
              249358.92520000041
            ],
            [
              356970.48479999974,
              249359.27659999952
            ],
            [
              356967.40880000219,
              249360.1892000027
            ],
            [
              356960.37619999982,
              249363.34689999931
            ],
            [
              356956.52930000052,
              249364.61940000206
            ],
            [
              356951.91830000002,
              249364.74450000189
            ],
            [
              356947.40260000061,
              249363.3432
            ],
            [
              356943.9123999998,
              249361.58670000173
            ],
            [
              356940.63370000198,
              249359.28010000288
            ],
            [
              356936.99600000214,
              249355.78920000046
            ],
            [
              356934.76440000068,
              249352.5754000023
            ],
            [
              356933.4581000004,
              249349.75889999978
            ],
            [
              356932.2957000006,
              249346.41120000184
            ],
            [
              356931.1986999996,
              249342.30760000274
            ],
            [
              356930.659500001,
              249339.3078000024
            ],
            [
              356930.43500000052,
              249336.11690000072
            ],
            [
              356930.52309999987,
              249332.70920000039
            ],
            [
              356930.92490000091,
              249329.03410000168
            ],
            [
              356932.49450000096,
              249321.36960000172
            ],
            [
              356936.22870000172,
              249307.93620000407
            ],
            [
              356938.53480000142,
              249299.78760000132
            ],
            [
              356940.67379999999,
              249293.3692000024
            ],
            [
              356942.95950000081,
              249287.74159999937
            ],
            [
              356945.45030000061,
              249282.7864000015
            ],
            [
              356947.63560000155,
              249279.46869999915
            ],
            [
              356953.32440000027,
              249272.18670000322
            ],
            [
              356955.5102000013,
              249268.53480000235
            ],
            [
              356957.2706000004,
              249264.63550000079
            ],
            [
              356958.70579999965,
              249260.98530000262
            ],
            [
              356959.82029999979,
              249257.57300000265
            ],
            [
              356960.61230000108,
              249254.40320000052
            ],
            [
              356961.15319999959,
              249250.14200000092
            ],
            [
              356960.79260000121,
              249245.30470000021
            ],
            [
              356959.25430000015,
              249241.64330000244
            ],
            [
              356957.05100000091,
              249239.0193000026
            ],
            [
              356954.4570000004,
              249236.69409999996
            ],
            [
              356947.6260000011,
              249231.2498000022
            ],
            [
              356944.61200000066,
              249228.29520000145
            ],
            [
              356939.64540000074,
              249222.51050000079
            ],
            [
              356936.5728000002,
              249218.64650000259
            ],
            [
              356934.02560000215,
              249214.98620000109
            ],
            [
              356932.03710000124,
              249211.52859999798
            ],
            [
              356930.39989999961,
              249207.7145000007
            ],
            [
              356929.0560999997,
              249203.22890000045
            ],
            [
              356928.10190000013,
              249198.85050000064
            ],
            [
              356926.29830000084,
              249188.92990000173
            ],
            [
              356925.33050000016,
              249184.70219999924
            ],
            [
              356918.62380000111,
              249160.39070000127
            ],
            [
              356917.58229999896,
              249157.40169999935
            ],
            [
              356914.25030000228,
              249149.77960000187
            ],
            [
              356912.81419999991,
              249145.49970000051
            ],
            [
              356912.43980000075,
              249142.29300000146
            ],
            [
              356913.26790000126,
              249139.39240000024
            ],
            [
              356916.09450000059,
              249136.66280000284
            ],
            [
              356918.92010000069,
              249134.95720000193
            ],
            [
              356925.42989999987,
              249131.5362999998
            ],
            [
              356928.03170000203,
              249129.01590000466
            ],
            [
              356925.95920000225,
              249125.66110000201
            ],
            [
              356917.44140000176,
              249122.2816999983
            ],
            [
              356913.39870000072,
              249121.35490000248
            ],
            [
              356902.80780000146,
              249120.51670000143
            ],
            [
              356897.74930000212,
              249119.49080000073
            ],
            [
              356893.96700000111,
              249117.31940000132
            ],
            [
              356891.93190000113,
              249114.08650000207
            ],
            [
              356890.35880000051,
              249109.44520000182
            ],
            [
              356889.64210000075,
              249104.46990000084
            ],
            [
              356889.92459999956,
              249100.13800000213
            ],
            [
              356891.94110000134,
              249096.64290000126
            ],
            [
              356895.06199999992,
              249094.26740000211
            ],
            [
              356900.67840000056,
              249090.93800000288
            ],
            [
              356903.58449999988,
              249088.39290000126
            ],
            [
              356904.18250000104,
              249085.60540000163
            ],
            [
              356900.57870000042,
              249079.47650000267
            ],
            [
              356901.13810000103,
              249075.2976000011
            ],
            [
              356903.12830000091,
              249072.7603999991
            ],
            [
              356908.66540000122,
              249067.03500000201
            ],
            [
              356910.34880000073,
              249063.77100000158
            ],
            [
              356907.95390000101,
              249061.59659999982
            ],
            [
              356896.8273,
              249058.95320000127
            ],
            [
              356893.56639999989,
              249058.30489999987
            ],
            [
              356882.8554000007,
              249055.81730000116
            ],
            [
              356891.31660000049,
              249050.22190000303
            ],
            [
              356894.29640000127,
              249048.7424999997
            ],
            [
              356896.58709999919,
              249046.46200000122
            ],
            [
              356895.79330000002,
              249043.5501000043
            ],
            [
              356892.26310000196,
              249040.47439999878
            ],
            [
              356883.18730000127,
              249034.32520000078
            ],
            [
              356880.03450000193,
              249031.38499999978
            ],
            [
              356876.79160000011,
              249026.46590000018
            ],
            [
              356874.58839999977,
              249021.70869999938
            ],
            [
              356872.57799999975,
              249016.18940000236
            ],
            [
              356870.00090000127,
              249007.815200001
            ],
            [
              356869.00850000046,
              249004.13500000164
            ],
            [
              356868.11130000092,
              248999.97040000185
            ],
            [
              356864.97090000194,
              248981.82709999941
            ],
            [
              356864.25980000105,
              248977.69370000251
            ],
            [
              356863.70910000056,
              248972.73010000214
            ],
            [
              356862.16900000162,
              248950.0762000028
            ],
            [
              356861.5102000013,
              248945.11530000158
            ],
            [
              356860.6556000011,
              248940.93150000088
            ],
            [
              356858.64550000057,
              248935.23990000226
            ],
            [
              356856.51560000144,
              248931.83049999923
            ],
            [
              356853.87339999992,
              248929.39919999987
            ],
            [
              356850.44689999986,
              248927.95410000347
            ],
            [
              356846.26570000127,
              248927.77150000073
            ],
            [
              356842.87910000049,
              248928.17039999925
            ],
            [
              356834.88030000124,
              248929.45500000007
            ],
            [
              356830.26509999949,
              248929.36030000076
            ],
            [
              356828.55209999997,
              248925.31620000117
            ],
            [
              356833.95280000102,
              248914.76099999994
            ],
            [
              356837.43070000131,
              248907.97230000235
            ],
            [
              356840.47169999965,
              248902.58980000019
            ],
            [
              356843.47920000087,
              248897.90130000189
            ],
            [
              356846.52770000044,
              248893.80279999785
            ],
            [
              356849.19259999972,
              248891.12570000067
            ],
            [
              356855.15620000195,
              248886.4514000006
            ],
            [
              356858.16779999994,
              248883.49459999986
            ],
            [
              356860.03590000048,
              248879.69469999894
            ],
            [
              356859.44299999997,
              248875.34559999965
            ],
            [
              356857.60520000011,
              248871.10429999977
            ],
            [
              356853.23300000094,
              248863.63079999946
            ],
            [
              356851.55769999977,
              248860.26970000193
            ],
            [
              356843.73310000077,
              248841.58690000139
            ],
            [
              356838.98280000035,
              248830.92830000073
            ],
            [
              356834.44139999896,
              248821.56850000098
            ],
            [
              356827.24619999994,
              248807.4552000016
            ],
            [
              356817.18630000018,
              248788.17360000126
            ],
            [
              356812.93609999958,
              248778.20219999924
            ],
            [
              356811.10639999993,
              248774.89920000359
            ],
            [
              356808.68159999978,
              248771.7434000019
            ],
            [
              356806.38920000009,
              248769.52810000256
            ],
            [
              356796.22809999995,
              248761.34720000252
            ],
            [
              356785.5728999991,
              248751.95069999993
            ],
            [
              356782.68040000089,
              248749.0391000025
            ],
            [
              356780.29989999998,
              248746.25730000064
            ],
            [
              356776.05160000082,
              248741.03849999979
            ],
            [
              356774.04650000017,
              248738.20730000176
            ],
            [
              356772.26070000231,
              248734.13130000234
            ],
            [
              356771.87150000036,
              248729.81980000436
            ],
            [
              356772.45070000086,
              248726.41410000063
            ],
            [
              356773.62400000077,
              248722.82479999959
            ],
            [
              356776.48489999957,
              248717.92400000058
            ],
            [
              356783.71610000078,
              248711.29240000248
            ],
            [
              356785.24789999984,
              248706.60560000129
            ],
            [
              356784.83250000048,
              248702.26340000331
            ],
            [
              356782.77869999968,
              248693.38050000183
            ],
            [
              356782.69460000191,
              248689.56030000187
            ],
            [
              356783.73850000091,
              248685.66640000232
            ],
            [
              356785.55450000055,
              248677.44530000165
            ],
            [
              356780.64169999957,
              248678.84090000205
            ],
            [
              356771.45220000111,
              248683.91910000145
            ],
            [
              356766.35059999954,
              248686.06689999998
            ],
            [
              356762.94660000037,
              248685.70629999973
            ],
            [
              356761.72280000057,
              248682.26369999908
            ],
            [
              356762.42730000056,
              248672.62920000404
            ],
            [
              356762.42360000033,
              248669.66779999994
            ],
            [
              356761.09549999982,
              248666.94450000115
            ],
            [
              356758.08560000174,
              248666.97120000049
            ],
            [
              356750.2136000013,
              248670.71510000154
            ],
            [
              356746.90500000026,
              248670.5410999991
            ],
            [
              356746.30720000062,
              248662.92879999802
            ],
            [
              356742.71600000001,
              248661.51359999925
            ],
            [
              356738.48550000135,
              248663.03880000114
            ],
            [
              356729.56900000013,
              248667.26320000365
            ],
            [
              356724.59030000214,
              248668.694000002
            ],
            [
              356723.78110000025,
              248665.48750000075
            ],
            [
              356728.32370000053,
              248655.71800000034
            ],
            [
              356730.17660000175,
              248652.55000000447
            ],
            [
              356732.66870000213,
              248649.24220000207
            ],
            [
              356741.74729999993,
              248639.47150000185
            ],
            [
              356744.60460000113,
              248636.09520000219
            ],
            [
              356746.83380000014,
              248632.86879999936
            ],
            [
              356748.44350000098,
              248629.72990000062
            ],
            [
              356750.07680000085,
              248625.14750000276
            ],
            [
              356751.39329999965,
              248619.8730999995
            ],
            [
              356752.43159999978,
              248613.84320000373
            ],
            [
              356753.47350000031,
              248605.41840000078
            ],
            [
              356754.4375,
              248594.43220000155
            ],
            [
              356754.50590000022,
              248590.08900000155
            ],
            [
              356754.31180000119,
              248586.136900004
            ],
            [
              356753.55140000023,
              248580.52830000222
            ],
            [
              356752.2004000023,
              248574.54720000178
            ],
            [
              356750.24500000197,
              248568.12160000019
            ],
            [
              356747.60520000011,
              248560.98710000142
            ],
            [
              356744.59280000068,
              248554.18500000238
            ],
            [
              356740.92190000135,
              248547.28520000167
            ],
            [
              356736.60760000069,
              248540.31629999913
            ],
            [
              356731.67700000014,
              248533.32230000012
            ],
            [
              356727.81190000102,
              248528.82280000113
            ],
            [
              356718.05090000108,
              248519.0811999999
            ],
            [
              356715.85600000061,
              248516.50910000317
            ],
            [
              356714.07210000139,
              248514.04080000333
            ],
            [
              356709.49110000022,
              248506.82960000075
            ],
            [
              356706.6640999997,
              248501.51380000077
            ],
            [
              356704.82670000102,
              248496.65940000117
            ],
            [
              356704.1529000001,
              248493.32419999875
            ],
            [
              356704.04630000051,
              248488.34790000133
            ],
            [
              356704.56720000133,
              248484.18899999931
            ],
            [
              356705.2295000013,
              248481.31970000081
            ],
            [
              356706.11620000098,
              248478.43859999999
            ],
            [
              356707.20510000177,
              248475.62150000036
            ],
            [
              356708.47020000033,
              248472.93600000255
            ],
            [
              356709.88050000183,
              248470.44780000113
            ],
            [
              356713.15529999975,
              248465.65000000037
            ],
            [
              356716.3376000002,
              248461.96140000038
            ],
            [
              356720.57510000002,
              248458.77060000226
            ],
            [
              356725.47690000013,
              248457.7910999991
            ],
            [
              356729.20230000187,
              248458.61280000024
            ],
            [
              356735.72510000225,
              248460.64460000023
            ],
            [
              356739.23220000044,
              248459.0250000041
            ],
            [
              356736.38580000121,
              248449.10380000435
            ],
            [
              356735.8992999997,
              248446.15440000221
            ],
            [
              356736.59520000033,
              248440.84720000252
            ],
            [
              356737.91610000003,
              248436.69989999942
            ],
            [
              356740.16050000116,
              248432.73420000076
            ],
            [
              356743.42000000086,
              248430.22189999931
            ],
            [
              356753.29229999986,
              248428.37090000138
            ],
            [
              356757.32620000187,
              248425.97230000421
            ],
            [
              356762.88580000028,
              248419.68060000241
            ],
            [
              356766.73119999934,
              248417.26280000061
            ],
            [
              356769.40860000066,
              248416.25940000266
            ],
            [
              356772.31140000187,
              248415.49630000256
            ],
            [
              356775.32440000121,
              248415.00400000252
            ],
            [
              356778.31799999997,
              248414.80250000209
            ],
            [
              356782.5066000009,
              248415.09190000035
            ],
            [
              356787.16940000094,
              248416.54040000029
            ],
            [
              356790.40840000007,
              248419.24000000209
            ],
            [
              356792.58839999977,
              248421.86649999954
            ],
            [
              356797.55710000079,
              248428.39580000006
            ],
            [
              356800.87210000027,
              248429.27190000191
            ],
            [
              356802.18590000086,
              248424.67290000245
            ],
            [
              356802.4000000013,
              248418.92650000006
            ],
            [
              356802.09640000015,
              248412.60329999961
            ],
            [
              356801.55900000222,
              248409.29719999991
            ],
            [
              356800.52809999976,
              248405.65370000154
            ],
            [
              356795.38979999907,
              248392.48340000026
            ],
            [
              356792.17819999997,
              248381.05980000272
            ],
            [
              356789.57630000077,
              248377.73580000177
            ],
            [
              356785.31260000076,
              248376.63980000094
            ],
            [
              356776.6568,
              248376.8749000039
            ],
            [
              356772.01720000058,
              248376.10630000196
            ],
            [
              356768.78700000048,
              248373.90320000239
            ],
            [
              356766.57160000224,
              248371.27839999832
            ],
            [
              356764.73430000059,
              248368.46000000089
            ],
            [
              356760.18010000139,
              248360.62700000033
            ],
            [
              356754.82239999995,
              248351.69250000082
            ],
            [
              356748.44350000098,
              248339.66889999993
            ],
            [
              356742.15260000061,
              248328.43190000206
            ],
            [
              356740.80550000072,
              248325.11830000393
            ],
            [
              356740.06030000094,
              248322.06399999931
            ],
            [
              356739.78140000068,
              248319.04840000346
            ],
            [
              356739.82650000136,
              248315.70519999973
            ],
            [
              356740.45639999956,
              248312.26750000007
            ],
            [
              356742.14419999998,
              248299.64860000089
            ],
            [
              356745.81369999982,
              248288.33540000208
            ],
            [
              356750.06010000128,
              248276.15279999934
            ],
            [
              356751.63790000044,
              248270.74970000051
            ],
            [
              356752.19330000039,
              248264.59090000205
            ],
            [
              356752.25739999954,
              248256.3347000014
            ],
            [
              356750.77130000014,
              248251.03869999945
            ],
            [
              356746.90720000025,
              248246.91760000214
            ],
            [
              356741.41480000131,
              248241.77270000242
            ],
            [
              356736.55090000201,
              248235.23359999992
            ],
            [
              356730.93710000161,
              248225.59150000289
            ],
            [
              356728.68910000101,
              248215.06799999811
            ],
            [
              356726.2510000011,
              248203.61170000024
            ],
            [
              356728.21880000085,
              248190.79730000347
            ],
            [
              356728.90090000071,
              248182.01009999961
            ],
            [
              356726.29560000077,
              248172.06230000407
            ],
            [
              356724.11290000007,
              248163.72800000198
            ],
            [
              356718.48359999899,
              248156.14059999958
            ],
            [
              356715.54970000032,
              248145.98230000027
            ],
            [
              356709.59830000158,
              248132.04210000113
            ],
            [
              356706.82800000161,
              248114.23430000246
            ],
            [
              356705.79079999961,
              248108.44360000454
            ],
            [
              356703.67180000059,
              248096.61370000057
            ],
            [
              356701.91449999996,
              248088.26500000432
            ],
            [
              356696.284500001,
              248078.4477999974
            ],
            [
              356695.94909999985,
              248071.44079999998
            ],
            [
              356697.47429999989,
              248062.01339999959
            ],
            [
              356695.50429999921,
              248050.54370000213
            ],
            [
              356696.57800000068,
              248044.03529999964
            ],
            [
              356699.6986000007,
              248038.56770000234
            ],
            [
              356712.61790000089,
              248013.04410000332
            ],
            [
              356722.00250000041,
              247986.43999999948
            ],
            [
              356731.10690000094,
              247958.34650000185
            ],
            [
              356738.61209999956,
              247937.88860000297
            ],
            [
              356748.75779999979,
              247925.81559999846
            ],
            [
              356756.29520000052,
              247920.26249999925
            ],
            [
              356781.15610000119,
              247901.58870000206
            ],
            [
              356803.30859999917,
              247880.79370000213
            ],
            [
              356815.50970000122,
              247862.66100000218
            ],
            [
              356820.7993999999,
              247849.24910000153
            ],
            [
              356822.15919999871,
              247844.86089999974
            ],
            [
              356823.05460000038,
              247840.86450000107
            ],
            [
              356823.51630000211,
              247837.13140000217
            ],
            [
              356823.66650000121,
              247832.90499999933
            ],
            [
              356823.05460000038,
              247815.71470000409
            ],
            [
              356823.89290000126,
              247786.37320000306
            ],
            [
              356824.78710000124,
              247771.22130000219
            ],
            [
              356824.56760000065,
              247767.20199999958
            ],
            [
              356823.89290000126,
              247763.73839999922
            ],
            [
              356822.77270000055,
              247760.23200000077
            ],
            [
              356821.37250000052,
              247756.6352000013
            ],
            [
              356819.83000000101,
              247753.29900000244
            ],
            [
              356817.4357000012,
              247749.22300000116
            ],
            [
              356814.34830000065,
              247745.67699999921
            ],
            [
              356811.43170000054,
              247744.43130000122
            ],
            [
              356808.14709999971,
              247745.37120000273
            ],
            [
              356805.16880000196,
              247747.3928999994
            ],
            [
              356800.76339999959,
              247751.60300000384
            ],
            [
              356792.87480000127,
              247760.38510000147
            ],
            [
              356790.2762000002,
              247763.47089999914
            ],
            [
              356787.70390000101,
              247767.14240000024
            ],
            [
              356785.26100000087,
              247771.15780000202
            ],
            [
              356778.7527999999,
              247782.62380000018
            ],
            [
              356776.56820000056,
              247786.00280000456
            ],
            [
              356774.43159999978,
              247788.88820000179
            ],
            [
              356769.06599999871,
              247795.31259999983
            ],
            [
              356763.63970000111,
              247801.23189999908
            ],
            [
              356758.16070000175,
              247806.63749999925
            ],
            [
              356752.63520000037,
              247811.52300000004
            ],
            [
              356748.35830000043,
              247814.88750000112
            ],
            [
              356743.44550000131,
              247818.37250000238
            ],
            [
              356729.16199999955,
              247827.45120000094
            ],
            [
              356719.15430000052,
              247833.40059999935
            ],
            [
              356705.68890000135,
              247840.86450000107
            ],
            [
              356701.18630000018,
              247843.13930000179
            ],
            [
              356687.38120000064,
              247849.54610000178
            ],
            [
              356683.21300000232,
              247851.88580000028
            ],
            [
              356679.70069999993,
              247854.27770000324
            ],
            [
              356675.93200000096,
              247857.25530000217
            ],
            [
              356672.44060000032,
              247860.27030000277
            ],
            [
              356669.24210000131,
              247863.30940000154
            ],
            [
              356666.345900001,
              247866.36350000277
            ],
            [
              356663.76140000205,
              247869.42220000178
            ],
            [
              356661.4907000009,
              247872.48249999993
            ],
            [
              356659.53750000056,
              247875.53940000199
            ],
            [
              356657.90420000162,
              247878.58920000121
            ],
            [
              356656.502700001,
              247882.02450000122
            ],
            [
              356655.34070000146,
              247886.06760000251
            ],
            [
              356652.90260000061,
              247899.01259999909
            ],
            [
              356652.03590000141,
              247902.90060000308
            ],
            [
              356651.26740000211,
              247906.46169999987
            ],
            [
              356649.86970000062,
              247914.60229999945
            ],
            [
              356649.1063000001,
              247917.95729999989
            ],
            [
              356647.82129999995,
              247921.7052000016
            ],
            [
              356645.50510000158,
              247925.5362999998
            ],
            [
              356642.3124000011,
              247928.79319999926
            ],
            [
              356639.20480000041,
              247931.14389999956
            ],
            [
              356634.11089999974,
              247934.13920000009
            ],
            [
              356626.04780000076,
              247938.11040000431
            ],
            [
              356621.97919999994,
              247939.87980000116
            ],
            [
              356617.30399999954,
              247941.53310000338
            ],
            [
              356602.5747000007,
              247945.65530000068
            ],
            [
              356590.69100000151,
              247948.34520000033
            ],
            [
              356585.80810000096,
              247949.84690000117
            ],
            [
              356581.67570000049,
              247951.65420000069
            ],
            [
              356577.26850000024,
              247954.02730000205
            ],
            [
              356572.55940000061,
              247956.9514000006
            ],
            [
              356565.6883000005,
              247961.58350000158
            ],
            [
              356560.32870000135,
              247965.41490000114
            ],
            [
              356554.83129999973,
              247969.71639999934
            ],
            [
              356549.12790000066,
              247974.54059999995
            ],
            [
              356543.05350000132,
              247980.02670000121
            ],
            [
              356532.97770000063,
              247988.4298000019
            ],
            [
              356528.53210000135,
              247992.76490000077
            ],
            [
              356525.81730000116,
              247996.53869999945
            ],
            [
              356524.43640000094,
              248000.12930000387
            ],
            [
              356524.18710000068,
              248003.69890000112
            ],
            [
              356524.55759999994,
              248006.80240000039
            ],
            [
              356525.57000000216,
              248010.82310000062
            ],
            [
              356528.64859999996,
              248020.57300000079
            ],
            [
              356529.64030000195,
              248025.29629999958
            ],
            [
              356530.14670000132,
              248031.13089999929
            ],
            [
              356530.67520000041,
              248044.44219999947
            ],
            [
              356531.31690000091,
              248050.44610000029
            ],
            [
              356532.38790000137,
              248056.01300000027
            ],
            [
              356533.95920000132,
              248062.15990000032
            ],
            [
              356540.53850000072,
              248083.14090000279
            ],
            [
              356546.29510000069,
              248099.54990000091
            ],
            [
              356547.42040000204,
              248103.70100000314
            ],
            [
              356548.08339999989,
              248107.45240000263
            ],
            [
              356548.40189999901,
              248111.10009999946
            ],
            [
              356548.48070000112,
              248114.92180000059
            ],
            [
              356548.31970000081,
              248118.91990000196
            ],
            [
              356547.9188000001,
              248123.09950000234
            ],
            [
              356547.27880000044,
              248127.45859999955
            ],
            [
              356546.39750000089,
              248132.01720000245
            ],
            [
              356543.89180000219,
              248141.82380000316
            ],
            [
              356541.97580000106,
              248147.51070000045
            ],
            [
              356539.41160000116,
              248153.63509999774
            ],
            [
              356536.18420000002,
              248160.29020000249
            ],
            [
              356531.31690000091,
              248169.48849999905
            ],
            [
              356525.5577999996,
              248180.98790000193
            ],
            [
              356522.80969999917,
              248185.87120000087
            ],
            [
              356519.60940000229,
              248190.36910000071
            ],
            [
              356517.08880000189,
              248193.00340000167
            ],
            [
              356514.11440000031,
              248195.30959999748
            ],
            [
              356511.54070000071,
              248196.67230000161
            ],
            [
              356508.53870000038,
              248197.90550000221
            ],
            [
              356499.39010000136,
              248201.18810000084
            ],
            [
              356495.55570000038,
              248203.16530000232
            ],
            [
              356490.99080000166,
              248206.4859000016
            ],
            [
              356487.69900000095,
              248209.36190000176
            ],
            [
              356484.63200000115,
              248212.42070000246
            ],
            [
              356481.85560000129,
              248215.59649999999
            ],
            [
              356479.67540000007,
              248218.45360000432
            ],
            [
              356477.6258000005,
              248221.49760000221
            ],
            [
              356475.73089999985,
              248224.69300000183
            ],
            [
              356474.01320000086,
              248228.00159999914
            ],
            [
              356472.49410000071,
              248231.38220000081
            ],
            [
              356471.18990000058,
              248234.79759999923
            ],
            [
              356470.11510000098,
              248238.21000000089
            ],
            [
              356469.2807,
              248241.58459999971
            ],
            [
              356468.12070000079,
              248248.68209999986
            ],
            [
              356467.72900000028,
              248255.37010000087
            ],
            [
              356467.82650000043,
              248258.47979999892
            ],
            [
              356468.36110000126,
              248262.79480000213
            ],
            [
              356469.74069999997,
              248267.83640000224
            ],
            [
              356471.63480000105,
              248271.28420000151
            ],
            [
              356477.32720000204,
              248278.34830000252
            ],
            [
              356479.05790000223,
              248280.76600000076
            ],
            [
              356480.65139999986,
              248284.10060000047
            ],
            [
              356481.5858000014,
              248288.83180000074
            ],
            [
              356481.64960000105,
              248295.44710000418
            ],
            [
              356480.83320000209,
              248300.6753000021
            ],
            [
              356479.75280000083,
              248304.19280000404
            ],
            [
              356477.55300000217,
              248308.42180000246
            ],
            [
              356474.83139999863,
              248311.57840000279
            ],
            [
              356472.14350000024,
              248314.04370000027
            ],
            [
              356465.4140000008,
              248319.52630000375
            ],
            [
              356462.57409999985,
              248322.06399999931
            ],
            [
              356451.93290000129,
              248331.51259999909
            ],
            [
              356449.4860000005,
              248333.97119999863
            ],
            [
              356447.48419999983,
              248336.31550000049
            ],
            [
              356443.18159999978,
              248342.48480000161
            ],
            [
              356439.55350000039,
              248349.06090000458
            ],
            [
              356438.0477,
              248352.40310000069
            ],
            [
              356436.76510000043,
              248355.74250000156
            ],
            [
              356435.7165000001,
              248359.0504999999
            ],
            [
              356434.90930000134,
              248362.30370000005
            ],
            [
              356434.37449999992,
              248365.89320000261
            ],
            [
              356434.20049999934,
              248369.99030000158
            ],
            [
              356434.8629999999,
              248383.11580000259
            ],
            [
              356434.90930000134,
              248387.45350000262
            ],
            [
              356435.09850000124,
              248401.71150000021
            ],
            [
              356434.98099999968,
              248406.7519000005
            ],
            [
              356434.38379999995,
              248412.15619999915
            ],
            [
              356433.23269999959,
              248416.7949000001
            ],
            [
              356431.29360000137,
              248421.48020000011
            ],
            [
              356428.48510000017,
              248426.46759999916
            ],
            [
              356424.84669999965,
              248431.77340000309
            ],
            [
              356418.98110000044,
              248439.42970000394
            ],
            [
              356414.14979999978,
              248444.96520000137
            ],
            [
              356403.28039999958,
              248455.62040000036
            ],
            [
              356398.86129999999,
              248460.38790000044
            ],
            [
              356395.91730000079,
              248464.13319999911
            ],
            [
              356388.87579999957,
              248473.95210000128
            ],
            [
              356386.70889999997,
              248476.59860000201
            ],
            [
              356384.60970000084,
              248478.83110000007
            ],
            [
              356380.22870000079,
              248482.84280000255
            ],
            [
              356375.55480000097,
              248486.55529999919
            ],
            [
              356370.58790000062,
              248489.96859999932
            ],
            [
              356365.32820000127,
              248493.08260000125
            ]
          ]
        ]
      }
    }
  ]
}