{
  "displayFieldName" : "",
  "fieldAliases" : {
    "FID" : "FID",
    "PMNTN_SPOT" : "PMNTN_SPOT",
    "MNTN_CODE" : "MNTN_CODE",
    "MANAGE_SP1" : "MANAGE_SP1",
    "MANAGE_SP2" : "MANAGE_SP2",
    "DETAIL_SPO" : "DETAIL_SPO",
    "ETC_MATTER" : "ETC_MATTER",
    "MNTN_NM" : "MNTN_NM",
    "PAST_SPOT_" : "PAST_SPOT_",
    "MNTN_ID" : "MNTN_ID"
  },
  "geometryType" : "esriGeometryPoint",
  "spatialReference" : {
    "wkt" : "PROJCS[\"PCS_ITRF2000_TM\",GEOGCS[\"GCS_ITRF_2000\",DATUM[\"D_ITRF_2000\",SPHEROID[\"GRS_1980\",6378137.0,298.257222101]],PRIMEM[\"Greenwich\",0.0],UNIT[\"Degree\",0.0174532925199433]],PROJECTION[\"Transverse_Mercator\"],PARAMETER[\"False_Easting\",200000.0],PARAMETER[\"False_Northing\",600000.0],PARAMETER[\"Central_Meridian\",127.0],PARAMETER[\"Scale_Factor\",1.0],PARAMETER[\"Latitude_Of_Origin\",38.0],UNIT[\"Meter\",1.0]]"
  },
  "fields" : [
    {
      "name" : "FID",
      "type" : "esriFieldTypeOID",
      "alias" : "FID"
    },
    {
      "name" : "PMNTN_SPOT",
      "type" : "esriFieldTypeDouble",
      "alias" : "PMNTN_SPOT"
    },
    {
      "name" : "MNTN_CODE",
      "type" : "esriFieldTypeString",
      "alias" : "MNTN_CODE",
      "length" : 9
    },
    {
      "name" : "MANAGE_SP1",
      "type" : "esriFieldTypeString",
      "alias" : "MANAGE_SP1",
      "length" : 2
    },
    {
      "name" : "MANAGE_SP2",
      "type" : "esriFieldTypeString",
      "alias" : "MANAGE_SP2",
      "length" : 50
    },
    {
      "name" : "DETAIL_SPO",
      "type" : "esriFieldTypeString",
      "alias" : "DETAIL_SPO",
      "length" : 200
    },
    {
      "name" : "ETC_MATTER",
      "type" : "esriFieldTypeString",
      "alias" : "ETC_MATTER",
      "length" : 200
    },
    {
      "name" : "MNTN_NM",
      "type" : "esriFieldTypeString",
      "alias" : "MNTN_NM",
      "length" : 50
    },
    {
      "name" : "PAST_SPOT_",
      "type" : "esriFieldTypeString",
      "alias" : "PAST_SPOT_",
      "length" : 14
    },
    {
      "name" : "MNTN_ID",
      "type" : "esriFieldTypeString",
      "alias" : "MNTN_ID",
      "length" : 10
    }
  ],
  "features" : [
    {
      "attributes" : {
        "FID" : 0,
        "PMNTN_SPOT" : 27162,
        "MNTN_CODE" : "483106501",
        "MANAGE_SP1" : "01",
        "MANAGE_SP2" : "시종점",
        "DETAIL_SPO" : "시종점",
        "ETC_MATTER" : " ",
        "MNTN_NM" : "망산",
        "PAST_SPOT_" : "4831023010001",
        "MNTN_ID" : "483102301"
      },
      "geometry" : {
        "x" : 356365.3282000171,
        "y" : 248493.08260000125
      }
    },
    {
      "attributes" : {
        "FID" : 1,
        "PMNTN_SPOT" : 27163,
        "MNTN_CODE" : "483106501",
        "MANAGE_SP1" : "01",
        "MANAGE_SP2" : "시종점",
        "DETAIL_SPO" : "시종점",
        "ETC_MATTER" : " ",
        "MNTN_NM" : "망산",
        "PAST_SPOT_" : "4831023010002",
        "MNTN_ID" : "483102301"
      },
      "geometry" : {
        "x" : 357269.04440001678,
        "y" : 249556.080900006
      }
    },
    {
      "attributes" : {
        "FID" : 2,
        "PMNTN_SPOT" : 27164,
        "MNTN_CODE" : "483106501",
        "MANAGE_SP1" : "06",
        "MANAGE_SP2" : "음수대",
        "DETAIL_SPO" : "이정표,일운약수터",
        "ETC_MATTER" : " ",
        "MNTN_NM" : "망산",
        "PAST_SPOT_" : "4831023010003",
        "MNTN_ID" : "483102301"
      },
      "geometry" : {
        "x" : 356798.25470002927,
        "y" : 247756.78970000148
      }
    },
    {
      "attributes" : {
        "FID" : 3,
        "PMNTN_SPOT" : 27165,
        "MNTN_CODE" : "483106501",
        "MANAGE_SP1" : "10",
        "MANAGE_SP2" : "이정표",
        "DETAIL_SPO" : "이정표",
        "ETC_MATTER" : " ",
        "MNTN_NM" : "망산",
        "PAST_SPOT_" : "4831023010004",
        "MNTN_ID" : "483102301"
      },
      "geometry" : {
        "x" : 356783.50300003309,
        "y" : 248374.89959999919
      }
    },
    {
      "attributes" : {
        "FID" : 4,
        "PMNTN_SPOT" : 27166,
        "MNTN_CODE" : "483106501",
        "MANAGE_SP1" : "10",
        "MANAGE_SP2" : "이정표",
        "DETAIL_SPO" : "이정표",
        "ETC_MATTER" : " ",
        "MNTN_NM" : "망산",
        "PAST_SPOT_" : "4831023010005",
        "MNTN_ID" : "483102301"
      },
      "geometry" : {
        "x" : 356747.1424000347,
        "y" : 248563.04530000314
      }
    },
    {
      "attributes" : {
        "FID" : 5,
        "PMNTN_SPOT" : 27167,
        "MNTN_CODE" : "483106501",
        "MANAGE_SP1" : "99",
        "MANAGE_SP2" : "기타",
        "DETAIL_SPO" : "지세포봉수대",
        "ETC_MATTER" : " ",
        "MNTN_NM" : "망산",
        "PAST_SPOT_" : "4831023010006",
        "MNTN_ID" : "483102301"
      },
      "geometry" : {
        "x" : 356856.30940003227,
        "y" : 248872.45110000111
      }
    },
    {
      "attributes" : {
        "FID" : 6,
        "PMNTN_SPOT" : 27168,
        "MNTN_CODE" : "483106501",
        "MANAGE_SP1" : "07",
        "MANAGE_SP2" : "시설물(운동기구 등)",
        "DETAIL_SPO" : "체육시설",
        "ETC_MATTER" : " ",
        "MNTN_NM" : "망산",
        "PAST_SPOT_" : "4831023010007",
        "MNTN_ID" : "483102301"
      },
      "geometry" : {
        "x" : 356888.14480003435,
        "y" : 249059.12450000085
      }
    },
    {
      "attributes" : {
        "FID" : 7,
        "PMNTN_SPOT" : 27169,
        "MNTN_CODE" : "483106501",
        "MANAGE_SP1" : "10",
        "MANAGE_SP2" : "이정표",
        "DETAIL_SPO" : "이정표,체육시설",
        "ETC_MATTER" : " ",
        "MNTN_NM" : "망산",
        "PAST_SPOT_" : "4831023010008",
        "MNTN_ID" : "483102301"
      },
      "geometry" : {
        "x" : 356950.40340003092,
        "y" : 249228.36969999969
      }
    },
    {
      "attributes" : {
        "FID" : 8,
        "PMNTN_SPOT" : 27170,
        "MNTN_CODE" : "483106501",
        "MANAGE_SP1" : "10",
        "MANAGE_SP2" : "이정표",
        "DETAIL_SPO" : "이정표",
        "ETC_MATTER" : " ",
        "MNTN_NM" : "망산",
        "PAST_SPOT_" : "4831023010009",
        "MNTN_ID" : "483102301"
      },
      "geometry" : {
        "x" : 356481.53640003223,
        "y" : 249302.69570000097
      }
    },
    {
      "attributes" : {
        "FID" : 9,
        "PMNTN_SPOT" : 27171,
        "MNTN_CODE" : "483106501",
        "MANAGE_SP1" : "07",
        "MANAGE_SP2" : "시설물(운동기구 등)",
        "DETAIL_SPO" : "체육시설",
        "ETC_MATTER" : " ",
        "MNTN_NM" : "망산",
        "PAST_SPOT_" : "4831023010010",
        "MNTN_ID" : "483102301"
      },
      "geometry" : {
        "x" : 357270.11370003317,
        "y" : 249548.35130000114
      }
    }
  ]
}