{
  "displayFieldName" : "",
  "fieldAliases" : {
    "FID" : "FID",
    "PMNTN_SN" : "PMNTN_SN",
    "MNTN_CODE" : "MNTN_CODE",
    "MNTN_NM" : "MNTN_NM",
    "PMNTN_NM" : "PMNTN_NM",
    "PMNTN_MAIN" : "PMNTN_MAIN",
    "PMNTN_LT" : "PMNTN_LT",
    "PMNTN_DFFL" : "PMNTN_DFFL",
    "PMNTN_UPPL" : "PMNTN_UPPL",
    "PMNTN_GODN" : "PMNTN_GODN",
    "PMNTN_MTRQ" : "PMNTN_MTRQ",
    "PMNTN_CNRL" : "PMNTN_CNRL",
    "PMNTN_CLS_" : "PMNTN_CLS_",
    "PMNTN_RISK" : "PMNTN_RISK",
    "PMNTN_RECO" : "PMNTN_RECO",
    "DATA_STDR_" : "DATA_STDR_",
    "MNTN_ID" : "MNTN_ID"
  },
  "geometryType" : "esriGeometryPolyline",
  "spatialReference" : {
    "wkt" : "PROJCS[\"PCS_ITRF2000_TM\",GEOGCS[\"GCS_ITRF_2000\",DATUM[\"D_ITRF_2000\",SPHEROID[\"GRS_1980\",6378137.0,298.257222101]],PRIMEM[\"Greenwich\",0.0],UNIT[\"Degree\",0.0174532925199433]],PROJECTION[\"Transverse_Mercator\"],PARAMETER[\"False_Easting\",200000.0],PARAMETER[\"False_Northing\",600000.0],PARAMETER[\"Central_Meridian\",127.0],PARAMETER[\"Scale_Factor\",1.0],PARAMETER[\"Latitude_Of_Origin\",38.0],UNIT[\"Meter\",1.0]]"
  },
  "fields" : [
    {
      "name" : "FID",
      "type" : "esriFieldTypeOID",
      "alias" : "FID"
    },
    {
      "name" : "PMNTN_SN",
      "type" : "esriFieldTypeDouble",
      "alias" : "PMNTN_SN"
    },
    {
      "name" : "MNTN_CODE",
      "type" : "esriFieldTypeString",
      "alias" : "MNTN_CODE",
      "length" : 9
    },
    {
      "name" : "MNTN_NM",
      "type" : "esriFieldTypeString",
      "alias" : "MNTN_NM",
      "length" : 50
    },
    {
      "name" : "PMNTN_NM",
      "type" : "esriFieldTypeString",
      "alias" : "PMNTN_NM",
      "length" : 50
    },
    {
      "name" : "PMNTN_MAIN",
      "type" : "esriFieldTypeString",
      "alias" : "PMNTN_MAIN",
      "length" : 200
    },
    {
      "name" : "PMNTN_LT",
      "type" : "esriFieldTypeSingle",
      "alias" : "PMNTN_LT"
    },
    {
      "name" : "PMNTN_DFFL",
      "type" : "esriFieldTypeString",
      "alias" : "PMNTN_DFFL",
      "length" : 8
    },
    {
      "name" : "PMNTN_UPPL",
      "type" : "esriFieldTypeDouble",
      "alias" : "PMNTN_UPPL"
    },
    {
      "name" : "PMNTN_GODN",
      "type" : "esriFieldTypeDouble",
      "alias" : "PMNTN_GODN"
    },
    {
      "name" : "PMNTN_MTRQ",
      "type" : "esriFieldTypeString",
      "alias" : "PMNTN_MTRQ",
      "length" : 200
    },
    {
      "name" : "PMNTN_CNRL",
      "type" : "esriFieldTypeString",
      "alias" : "PMNTN_CNRL",
      "length" : 1
    },
    {
      "name" : "PMNTN_CLS_",
      "type" : "esriFieldTypeString",
      "alias" : "PMNTN_CLS_",
      "length" : 1
    },
    {
      "name" : "PMNTN_RISK",
      "type" : "esriFieldTypeString",
      "alias" : "PMNTN_RISK",
      "length" : 200
    },
    {
      "name" : "PMNTN_RECO",
      "type" : "esriFieldTypeString",
      "alias" : "PMNTN_RECO",
      "length" : 1
    },
    {
      "name" : "DATA_STDR_",
      "type" : "esriFieldTypeString",
      "alias" : "DATA_STDR_",
      "length" : 10
    },
    {
      "name" : "MNTN_ID",
      "type" : "esriFieldTypeString",
      "alias" : "MNTN_ID",
      "length" : 10
    }
  ],
  "features" : [
    {
      "attributes" : {
        "FID" : 0,
        "PMNTN_SN" : 36607,
        "MNTN_CODE" : "491107004",
        "MNTN_NM" : "앞오름",
        "PMNTN_NM" : "송당리구간",
        "PMNTN_MAIN" : " ",
        "PMNTN_LT" : 0.2,
        "PMNTN_DFFL" : "쉬움",
        "PMNTN_UPPL" : 4,
        "PMNTN_GODN" : 2,
        "PMNTN_MTRQ" : " ",
        "PMNTN_CNRL" : " ",
        "PMNTN_CLS_" : " ",
        "PMNTN_RISK" : " ",
        "PMNTN_RECO" : " ",
        "DATA_STDR_" : "2016-12-31",
        "MNTN_ID" : "491107004"
      },
      "geometry" : {
        "paths" : [
          [
            [
              179674.4131000014,
              94839.728000001982
            ],
            [
              179663.46259999927,
              94839.064699999988
            ],
            [
              179652.87350000069,
              94840.575500002131
            ],
            [
              179643.3088000007,
              94845.000100001693
            ],
            [
              179639.02099999879,
              94845.311699999496
            ],
            [
              179633.24040000048,
              94847.356100000441
            ],
            [
              179626.3982000025,
              94848.304700002074
            ],
            [
              179616.05200000014,
              94848.376000003889
            ],
            [
              179607.46960000042,
              94853.278200002387
            ],
            [
              179601.5131000001,
              94859.132200000808
            ],
            [
              179597.8487999998,
              94864.620600001886
            ],
            [
              179593.77350000013,
              94866.837200002745
            ],
            [
              179583.12780000083,
              94869.330900000408
            ],
            [
              179575.04169999994,
              94871.509700004011
            ],
            [
              179568.69540000241,
              94873.691999999806
            ],
            [
              179560.40469999984,
              94875.535800000653
            ],
            [
              179558.10030000005,
              94878.847300002351
            ],
            [
              179557.0510000037,
              94887.021100003272
            ],
            [
              179554.50820000377,
              94893.274900002405
            ],
            [
              179551.81340000313,
              94898.514800000936
            ],
            [
              179548.92790000234,
              94907.805000001565
            ],
            [
              179545.34030000307,
              94918.494100000709
            ],
            [
              179545.60470000189,
              94922.623700000346
            ],
            [
              179542.87320000026,
              94924.480900000781
            ],
            [
              179536.78830000013,
              94923.822199998423
            ],
            [
              179534.04400000349,
              94929.320000002161
            ],
            [
              179529.10479999892,
              94935.267500001937
            ]
          ]
        ]
      }
    },
    {
      "attributes" : {
        "FID" : 1,
        "PMNTN_SN" : 36608,
        "MNTN_CODE" : "491107004",
        "MNTN_NM" : "앞오름",
        "PMNTN_NM" : "송당리구간",
        "PMNTN_MAIN" : " ",
        "PMNTN_LT" : 1.47,
        "PMNTN_DFFL" : "쉬움",
        "PMNTN_UPPL" : 26,
        "PMNTN_GODN" : 18,
        "PMNTN_MTRQ" : " ",
        "PMNTN_CNRL" : " ",
        "PMNTN_CLS_" : " ",
        "PMNTN_RISK" : " ",
        "PMNTN_RECO" : " ",
        "DATA_STDR_" : "2016-12-31",
        "MNTN_ID" : "491107004"
      },
      "geometry" : {
        "paths" : [
          [
            [
              179529.10479999892,
              94935.267500001937
            ],
            [
              179528.28920000326,
              94930.946599999443
            ],
            [
              179522.97970000003,
              94921.828200003132
            ],
            [
              179512.95410000347,
              94909.002200003713
            ],
            [
              179503.82410000078,
              94898.187400002033
            ],
            [
              179499.34869999997,
              94892.385099999607
            ],
            [
              179494.18670000415,
              94887.271900001913
            ],
            [
              179488.31960000098,
              94882.881200004369
            ],
            [
              179482.83440000005,
              94878.800200004131
            ],
            [
              179478.18520000204,
              94873.251399999484
            ],
            [
              179469.17899999954,
              94865.370200004429
            ],
            [
              179460.15419999976,
              94857.008900003508
            ],
            [
              179447.79910000134,
              94848.42860000208
            ],
            [
              179437.96380000096,
              94841.023500001058
            ],
            [
              179428.63830000255,
              94835.949700001627
            ],
            [
              179417.2098000003,
              94830.108300002292
            ],
            [
              179400.5811999999,
              94823.771300002933
            ],
            [
              179382.84040000103,
              94818.579900002107
            ],
            [
              179365.87090000138,
              94814.76570000127
            ],
            [
              179349.94850000273,
              94811.552800001577
            ],
            [
              179335.01450000051,
              94807.547100003809
            ],
            [
              179319.34760000091,
              94806.748700000346
            ],
            [
              179302.94620000385,
              94808.652200000361
            ],
            [
              179286.68699999992,
              94812.049699999392
            ],
            [
              179270.22339999955,
              94817.886500000954
            ],
            [
              179258.03630000073,
              94820.281600000337
            ],
            [
              179247.86129999906,
              94822.956400003284
            ],
            [
              179232.19400000013,
              94827.805199999362
            ],
            [
              179215.52830000035,
              94833.197300001979
            ],
            [
              179204.96619999874,
              94837.392500001937
            ],
            [
              179193.99890000001,
              94842.673600001261
            ],
            [
              179181.12090000231,
              94851.260900001973
            ],
            [
              179171.41260000039,
              94858.257600003853
            ],
            [
              179162.81260000076,
              94866.400000004098
            ],
            [
              179156.47230000049,
              94871.105399997905
            ],
            [
              179149.68500000052,
              94875.456900002435
            ],
            [
              179143.46690000128,
              94880.76090000011
            ],
            [
              179137.27720000036,
              94886.331100000069
            ],
            [
              179131.76699999999,
              94892.210400002077
            ],
            [
              179126.76810000185,
              94898.066400006413
            ],
            [
              179122.32660000026,
              94903.654999999329
            ],
            [
              179117.72830000054,
              94909.865100000054
            ],
            [
              179112.28530000336,
              94916.709200004116
            ],
            [
              179107.01940000243,
              94923.752599999309
            ],
            [
              179102.14429999981,
              94930.92820000276
            ],
            [
              179096.74610000011,
              94936.984699999914
            ],
            [
              179091.93420000002,
              94943.250700004399
            ],
            [
              179085.63380000275,
              94949.176100002602
            ],
            [
              179079.53490000218,
              94957.458000002429
            ],
            [
              179073.33050000016,
              94964.652800001204
            ],
            [
              179067.02560000401,
              94975.315300000831
            ],
            [
              179063.21040000115,
              94984.536499997601
            ],
            [
              179059.70200000051,
              94997.493200000376
            ],
            [
              179058.73080000374,
              95003.197000000626
            ],
            [
              179058.36710000038,
              95011.227900002152
            ],
            [
              179058.53410000075,
              95019.590400001034
            ],
            [
              179059.32430000324,
              95028.0625
            ],
            [
              179060.48560000118,
              95036.156600002199
            ],
            [
              179062.48310000263,
              95044.005000002682
            ],
            [
              179064.49029999971,
              95052.008500000462
            ],
            [
              179066.89750000089,
              95060.111099999398
            ],
            [
              179069.14689999912,
              95068.313699999824
            ],
            [
              179072.14850000013,
              95076.126599999145
            ],
            [
              179075.4382000016,
              95083.872300000861
            ],
            [
              179077.85400000121,
              95091.686400000006
            ],
            [
              179080.47459999938,
              95099.599900003523
            ],
            [
              179082.89120000042,
              95107.746800001711
            ],
            [
              179085.13929999992,
              95115.394899999723
            ],
            [
              179088.13260000199,
              95123.66250000149
            ],
            [
              179090.66100000031,
              95131.920099999756
            ],
            [
              179095.0931000011,
              95139.130900003016
            ],
            [
              179100.13570000045,
              95146.022400001064
            ],
            [
              179104.71059999987,
              95154.774599999189
            ],
            [
              179108.86259999964,
              95161.431400001049
            ],
            [
              179114.72310000006,
              95167.097400000319
            ],
            [
              179118.98730000108,
              95174.064600005746
            ],
            [
              179123.77070000395,
              95180.343000002205
            ],
            [
              179129.14890000224,
              95186.54240000248
            ],
            [
              179134.47030000016,
              95192.265100000426
            ],
            [
              179140.10760000255,
              95197.88730000332
            ],
            [
              179145.95110000111,
              95204.263200001791
            ],
            [
              179151.42200000025,
              95210.307200001553
            ],
            [
              179156.1595999999,
              95216.962799999863
            ],
            [
              179161.21890000254,
              95221.898500001058
            ],
            [
              179167.40340000205,
              95226.898400001228
            ],
            [
              179173.23430000059,
              95231.765900002792
            ],
            [
              179183.00490000099,
              95241.554800001904
            ],
            [
              179193.55040000007,
              95246.836900001392
            ],
            [
              179204.41610000003,
              95253.332200001925
            ],
            [
              179215.94079999998,
              95257.829600002617
            ],
            [
              179228.47320000269,
              95261.932700004429
            ],
            [
              179237.87700000219,
              95263.424900002778
            ],
            [
              179246.8971000025,
              95264.494100000709
            ],
            [
              179254.62770000007,
              95266.507099999115
            ],
            [
              179262.09710000176,
              95268.088099999353
            ],
            [
              179269.90749999974,
              95268.304200002924
            ],
            [
              179277.56820000336,
              95268.065799999982
            ],
            [
              179285.19480000064,
              95269.247200001031
            ],
            [
              179293.32600000035,
              95270.809600001201
            ],
            [
              179300.03000000119,
              95270.269900001585
            ],
            [
              179309.77960000094,
              95270.809500001371
            ],
            [
              179316.7069000015,
              95270.968800002709
            ],
            [
              179325.09150000196,
              95270.118900001049
            ],
            [
              179333.54770000093,
              95267.960100002587
            ],
            [
              179340.70040000323,
              95264.994400002062
            ],
            [
              179352.06980000064,
              95261.489400001243
            ],
            [
              179359.45140000246,
              95258.054099997506
            ],
            [
              179366.80810000282,
              95254.821800000966
            ],
            [
              179373.61410000082,
              95250.548100000247
            ],
            [
              179380.34619999956,
              95246.518600000069
            ],
            [
              179387.39540000167,
              95242.932000001892
            ],
            [
              179394.58500000089,
              95239.788799999282
            ],
            [
              179401.86720000114,
              95236.479100001976
            ],
            [
              179409.2126000002,
              95232.292999999598
            ],
            [
              179416.34520000033,
              95228.562100000679
            ],
            [
              179423.14190000016,
              95224.299500001594
            ],
            [
              179430.06909999996,
              95220.147600004449
            ],
            [
              179436.9963999996,
              95216.095499997959
            ],
            [
              179443.32700000051,
              95211.24620000273
            ],
            [
              179450.35560000129,
              95206.716900004074
            ],
            [
              179457.27380000241,
              95202.687100000679
            ],
            [
              179463.05440000072,
              95197.151200002059
            ],
            [
              179468.48100000154,
              95191.327700002119
            ],
            [
              179476.55980000366,
              95186.113199999556
            ],
            [
              179482.17330000084,
              95180.677500002086
            ],
            [
              179487.63710000366,
              95174.798500001431
            ],
            [
              179492.86700000148,
              95168.254499999806
            ],
            [
              179498.15299999993,
              95161.865700000897
            ],
            [
              179503.95150000136,
              95155.974899999797
            ],
            [
              179509.6102,
              95149.929200001061
            ],
            [
              179513.92960000224,
              95143.686600001529
            ],
            [
              179517.5223000003,
              95136.735799998045
            ],
            [
              179521.19250000361,
              95129.12529999949
            ],
            [
              179524.35710000154,
              95121.998000001535
            ],
            [
              179526.32200000063,
              95114.728900002316
            ],
            [
              179528.13830000162,
              95107.549000000581
            ],
            [
              179529.73140000179,
              95100.314000001177
            ],
            [
              179530.71050000191,
              95092.914000000805
            ],
            [
              179531.28940000385,
              95085.326300000772
            ],
            [
              179533.00210000016,
              95077.503299999982
            ],
            [
              179533.67050000001,
              95070.441700000316
            ],
            [
              179534.78840000369,
              95062.741900000721
            ],
            [
              179538.26560000051,
              95050.161800002679
            ],
            [
              179539.02969999984,
              95042.22990000248
            ],
            [
              179540.22230000049,
              95034.64090000093
            ],
            [
              179541.06960000005,
              95026.486899998039
            ],
            [
              179541.61950000189,
              95018.389100000262
            ],
            [
              179541.99300000258,
              95010.402499999851
            ],
            [
              179542.44080000184,
              95002.404699999839
            ],
            [
              179542.39609999955,
              94994.518900001422
            ],
            [
              179542.09210000094,
              94987.099400004372
            ],
            [
              179541.49149999954,
              94980.168600000441
            ],
            [
              179540.97440000158,
              94973.104599999264
            ],
            [
              179539.62019999977,
              94965.931299999356
            ],
            [
              179537.8021000009,
              94959.21390000172
            ],
            [
              179535.61330000032,
              94953.073899999261
            ],
            [
              179531.92510000058,
              94942.983500001952
            ],
            [
              179529.10479999892,
              94935.267500001937
            ]
          ]
        ]
      }
    }
  ]
}