{
  "displayFieldName" : "",
  "fieldAliases" : {
    "FID" : "FID",
    "PMNTN_SPOT" : "PMNTN_SPOT",
    "MNTN_CODE" : "MNTN_CODE",
    "MANAGE_SP1" : "MANAGE_SP1",
    "MANAGE_SP2" : "MANAGE_SP2",
    "DETAIL_SPO" : "DETAIL_SPO",
    "ETC_MATTER" : "ETC_MATTER",
    "MNTN_NM" : "MNTN_NM",
    "PAST_SPOT_" : "PAST_SPOT_",
    "MNTN_ID" : "MNTN_ID"
  },
  "geometryType" : "esriGeometryPoint",
  "spatialReference" : {
    "wkt" : "PROJCS[\"PCS_ITRF2000_TM\",GEOGCS[\"GCS_ITRF_2000\",DATUM[\"D_ITRF_2000\",SPHEROID[\"GRS_1980\",6378137.0,298.257222101]],PRIMEM[\"Greenwich\",0.0],UNIT[\"Degree\",0.0174532925199433]],PROJECTION[\"Transverse_Mercator\"],PARAMETER[\"False_Easting\",200000.0],PARAMETER[\"False_Northing\",600000.0],PARAMETER[\"Central_Meridian\",127.0],PARAMETER[\"Scale_Factor\",1.0],PARAMETER[\"Latitude_Of_Origin\",38.0],UNIT[\"Meter\",1.0]]"
  },
  "fields" : [
    {
      "name" : "FID",
      "type" : "esriFieldTypeOID",
      "alias" : "FID"
    },
    {
      "name" : "PMNTN_SPOT",
      "type" : "esriFieldTypeDouble",
      "alias" : "PMNTN_SPOT"
    },
    {
      "name" : "MNTN_CODE",
      "type" : "esriFieldTypeString",
      "alias" : "MNTN_CODE",
      "length" : 9
    },
    {
      "name" : "MANAGE_SP1",
      "type" : "esriFieldTypeString",
      "alias" : "MANAGE_SP1",
      "length" : 2
    },
    {
      "name" : "MANAGE_SP2",
      "type" : "esriFieldTypeString",
      "alias" : "MANAGE_SP2",
      "length" : 50
    },
    {
      "name" : "DETAIL_SPO",
      "type" : "esriFieldTypeString",
      "alias" : "DETAIL_SPO",
      "length" : 200
    },
    {
      "name" : "ETC_MATTER",
      "type" : "esriFieldTypeString",
      "alias" : "ETC_MATTER",
      "length" : 200
    },
    {
      "name" : "MNTN_NM",
      "type" : "esriFieldTypeString",
      "alias" : "MNTN_NM",
      "length" : 50
    },
    {
      "name" : "PAST_SPOT_",
      "type" : "esriFieldTypeString",
      "alias" : "PAST_SPOT_",
      "length" : 14
    },
    {
      "name" : "MNTN_ID",
      "type" : "esriFieldTypeString",
      "alias" : "MNTN_ID",
      "length" : 10
    }
  ],
  "features" : [
    {
      "attributes" : {
        "FID" : 0,
        "PMNTN_SPOT" : 36469,
        "MNTN_CODE" : "281100101",
        "MANAGE_SP1" : "14",
        "MANAGE_SP2" : "조망점",
        "DETAIL_SPO" : "조망",
        "ETC_MATTER" : " ",
        "MNTN_NM" : "백운산",
        "PAST_SPOT_" : "14105301000001",
        "MNTN_ID" : "1410530100"
      },
      "geometry" : {
        "x" : 157243.20079999976,
        "y" : 543472.7304999996
      }
    },
    {
      "attributes" : {
        "FID" : 1,
        "PMNTN_SPOT" : 36470,
        "MNTN_CODE" : "281100101",
        "MANAGE_SP1" : "99",
        "MANAGE_SP2" : "기타",
        "DETAIL_SPO" : "계단",
        "ETC_MATTER" : " ",
        "MNTN_NM" : "백운산",
        "PAST_SPOT_" : "14105301000002",
        "MNTN_ID" : "1410530100"
      },
      "geometry" : {
        "x" : 157255.5558999991,
        "y" : 543498.47239999846
      }
    },
    {
      "attributes" : {
        "FID" : 2,
        "PMNTN_SPOT" : 36471,
        "MNTN_CODE" : "281100101",
        "MANAGE_SP1" : "07",
        "MANAGE_SP2" : "시설물(운동기구 등)",
        "DETAIL_SPO" : "운동시설",
        "ETC_MATTER" : " ",
        "MNTN_NM" : "백운산",
        "PAST_SPOT_" : "14105301000003",
        "MNTN_ID" : "1410530100"
      },
      "geometry" : {
        "x" : 157373.29750000127,
        "y" : 543467.49990000017
      }
    },
    {
      "attributes" : {
        "FID" : 3,
        "PMNTN_SPOT" : 36472,
        "MNTN_CODE" : "281100101",
        "MANAGE_SP1" : "99",
        "MANAGE_SP2" : "기타",
        "DETAIL_SPO" : "성터",
        "ETC_MATTER" : " ",
        "MNTN_NM" : "백운산",
        "PAST_SPOT_" : "14105301000004",
        "MNTN_ID" : "1410530100"
      },
      "geometry" : {
        "x" : 157558.97280000057,
        "y" : 543294.78950000368
      }
    },
    {
      "attributes" : {
        "FID" : 4,
        "PMNTN_SPOT" : 36473,
        "MNTN_CODE" : "281100101",
        "MANAGE_SP1" : "99",
        "MANAGE_SP2" : "기타",
        "DETAIL_SPO" : "절입구",
        "ETC_MATTER" : " ",
        "MNTN_NM" : "백운산",
        "PAST_SPOT_" : "14105301000005",
        "MNTN_ID" : "1410530100"
      },
      "geometry" : {
        "x" : 158393.4907999998,
        "y" : 544280.56499999948
      }
    },
    {
      "attributes" : {
        "FID" : 5,
        "PMNTN_SPOT" : 36474,
        "MNTN_CODE" : "281100101",
        "MANAGE_SP1" : "99",
        "MANAGE_SP2" : "기타",
        "DETAIL_SPO" : "용궁사",
        "ETC_MATTER" : " ",
        "MNTN_NM" : "백운산",
        "PAST_SPOT_" : "14105301000006",
        "MNTN_ID" : "1410530100"
      },
      "geometry" : {
        "x" : 158276.3889000006,
        "y" : 544278.87740000151
      }
    },
    {
      "attributes" : {
        "FID" : 6,
        "PMNTN_SPOT" : 36475,
        "MNTN_CODE" : "281100101",
        "MANAGE_SP1" : "99",
        "MANAGE_SP2" : "기타",
        "DETAIL_SPO" : "용궁사",
        "ETC_MATTER" : " ",
        "MNTN_NM" : "백운산",
        "PAST_SPOT_" : "14105301000007",
        "MNTN_ID" : "1410530100"
      },
      "geometry" : {
        "x" : 158150.6699000001,
        "y" : 544276.45800000057
      }
    },
    {
      "attributes" : {
        "FID" : 7,
        "PMNTN_SPOT" : 36476,
        "MNTN_CODE" : "281100101",
        "MANAGE_SP1" : "99",
        "MANAGE_SP2" : "기타",
        "DETAIL_SPO" : "계단",
        "ETC_MATTER" : "철도침목",
        "MNTN_NM" : "백운산",
        "PAST_SPOT_" : "14105301000008",
        "MNTN_ID" : "1410530100"
      },
      "geometry" : {
        "x" : 158055.3172000004,
        "y" : 544298.26080000028
      }
    },
    {
      "attributes" : {
        "FID" : 8,
        "PMNTN_SPOT" : 36477,
        "MNTN_CODE" : "281100101",
        "MANAGE_SP1" : "10",
        "MANAGE_SP2" : "이정표",
        "DETAIL_SPO" : "이정표,운동",
        "ETC_MATTER" : " ",
        "MNTN_NM" : "백운산",
        "PAST_SPOT_" : "14105301000009",
        "MNTN_ID" : "1410530100"
      },
      "geometry" : {
        "x" : 157917.04850000236,
        "y" : 544147.30170000158
      }
    },
    {
      "attributes" : {
        "FID" : 9,
        "PMNTN_SPOT" : 36478,
        "MNTN_CODE" : "281100101",
        "MANAGE_SP1" : "99",
        "MANAGE_SP2" : "기타",
        "DETAIL_SPO" : "계단",
        "ETC_MATTER" : " ",
        "MNTN_NM" : "백운산",
        "PAST_SPOT_" : "14105301000010",
        "MNTN_ID" : "1410530100"
      },
      "geometry" : {
        "x" : 157787.26140000112,
        "y" : 544119.19160000049
      }
    },
    {
      "attributes" : {
        "FID" : 10,
        "PMNTN_SPOT" : 36479,
        "MNTN_CODE" : "281100101",
        "MANAGE_SP1" : "05",
        "MANAGE_SP2" : "벤치",
        "DETAIL_SPO" : "벤치",
        "ETC_MATTER" : " ",
        "MNTN_NM" : "백운산",
        "PAST_SPOT_" : "14105301000011",
        "MNTN_ID" : "1410530100"
      },
      "geometry" : {
        "x" : 157328.37830000184,
        "y" : 543968.29150000215
      }
    },
    {
      "attributes" : {
        "FID" : 11,
        "PMNTN_SPOT" : 36480,
        "MNTN_CODE" : "281100101",
        "MANAGE_SP1" : "22",
        "MANAGE_SP2" : "헬기장",
        "DETAIL_SPO" : "헬기장",
        "ETC_MATTER" : " ",
        "MNTN_NM" : "백운산",
        "PAST_SPOT_" : "14105301000012",
        "MNTN_ID" : "1410530100"
      },
      "geometry" : {
        "x" : 157148.0662000021,
        "y" : 543894.61160000041
      }
    },
    {
      "attributes" : {
        "FID" : 12,
        "PMNTN_SPOT" : 36481,
        "MNTN_CODE" : "281100101",
        "MANAGE_SP1" : "14",
        "MANAGE_SP2" : "조망점",
        "DETAIL_SPO" : "조망점",
        "ETC_MATTER" : " ",
        "MNTN_NM" : "백운산",
        "PAST_SPOT_" : "14105301000013",
        "MNTN_ID" : "1410530100"
      },
      "geometry" : {
        "x" : 157088.73249999993,
        "y" : 543942.23380000144
      }
    },
    {
      "attributes" : {
        "FID" : 13,
        "PMNTN_SPOT" : 36482,
        "MNTN_CODE" : "281100101",
        "MANAGE_SP1" : "07",
        "MANAGE_SP2" : "시설물(운동기구 등)",
        "DETAIL_SPO" : "운동시설",
        "ETC_MATTER" : " ",
        "MNTN_NM" : "백운산",
        "PAST_SPOT_" : "14105301000014",
        "MNTN_ID" : "1410530100"
      },
      "geometry" : {
        "x" : 157071.25609999988,
        "y" : 544022.36020000279
      }
    },
    {
      "attributes" : {
        "FID" : 14,
        "PMNTN_SPOT" : 36483,
        "MNTN_CODE" : "281100101",
        "MANAGE_SP1" : "03",
        "MANAGE_SP2" : "정자",
        "DETAIL_SPO" : "정자",
        "ETC_MATTER" : " ",
        "MNTN_NM" : "백운산",
        "PAST_SPOT_" : "14105301000015",
        "MNTN_ID" : "1410530100"
      },
      "geometry" : {
        "x" : 156697.88929999992,
        "y" : 544422.29340000078
      }
    },
    {
      "attributes" : {
        "FID" : 15,
        "PMNTN_SPOT" : 36484,
        "MNTN_CODE" : "281100101",
        "MANAGE_SP1" : "99",
        "MANAGE_SP2" : "기타",
        "DETAIL_SPO" : "숲길",
        "ETC_MATTER" : " ",
        "MNTN_NM" : "백운산",
        "PAST_SPOT_" : "14105301000016",
        "MNTN_ID" : "1410530100"
      },
      "geometry" : {
        "x" : 156553.05330000073,
        "y" : 544467.29150000215
      }
    },
    {
      "attributes" : {
        "FID" : 16,
        "PMNTN_SPOT" : 36485,
        "MNTN_CODE" : "281100101",
        "MANAGE_SP1" : "01",
        "MANAGE_SP2" : "시종점",
        "DETAIL_SPO" : "시종점",
        "ETC_MATTER" : " ",
        "MNTN_NM" : "백운산",
        "PAST_SPOT_" : "14105301000017",
        "MNTN_ID" : "1410530100"
      },
      "geometry" : {
        "x" : 156298.67670000065,
        "y" : 544566.23980000429
      }
    },
    {
      "attributes" : {
        "FID" : 17,
        "PMNTN_SPOT" : 36486,
        "MNTN_CODE" : "281100101",
        "MANAGE_SP1" : "10",
        "MANAGE_SP2" : "이정표",
        "DETAIL_SPO" : "이정표",
        "ETC_MATTER" : " ",
        "MNTN_NM" : "백운산",
        "PAST_SPOT_" : "14105301000018",
        "MNTN_ID" : "1410530100"
      },
      "geometry" : {
        "x" : 156438.78280000295,
        "y" : 544450.48880000412
      }
    },
    {
      "attributes" : {
        "FID" : 18,
        "PMNTN_SPOT" : 36487,
        "MNTN_CODE" : "281100101",
        "MANAGE_SP1" : "01",
        "MANAGE_SP2" : "시종점",
        "DETAIL_SPO" : "시종점",
        "ETC_MATTER" : " ",
        "MNTN_NM" : "백운산",
        "PAST_SPOT_" : "14105301000019",
        "MNTN_ID" : "1410530100"
      },
      "geometry" : {
        "x" : 156855.15610000025,
        "y" : 542993.66230000183
      }
    },
    {
      "attributes" : {
        "FID" : 19,
        "PMNTN_SPOT" : 36488,
        "MNTN_CODE" : "281100101",
        "MANAGE_SP1" : "01",
        "MANAGE_SP2" : "시종점",
        "DETAIL_SPO" : "시종점",
        "ETC_MATTER" : " ",
        "MNTN_NM" : "백운산",
        "PAST_SPOT_" : "14105301000020",
        "MNTN_ID" : "1410530100"
      },
      "geometry" : {
        "x" : 157184.68090000004,
        "y" : 543077.74220000021
      }
    },
    {
      "attributes" : {
        "FID" : 20,
        "PMNTN_SPOT" : 36489,
        "MNTN_CODE" : "281100101",
        "MANAGE_SP1" : "10",
        "MANAGE_SP2" : "이정표",
        "DETAIL_SPO" : "이정표",
        "ETC_MATTER" : " ",
        "MNTN_NM" : "백운산",
        "PAST_SPOT_" : "14105301000021",
        "MNTN_ID" : "1410530100"
      },
      "geometry" : {
        "x" : 157206.63000000082,
        "y" : 543338.95760000125
      }
    },
    {
      "attributes" : {
        "FID" : 21,
        "PMNTN_SPOT" : 36490,
        "MNTN_CODE" : "281100101",
        "MANAGE_SP1" : "03",
        "MANAGE_SP2" : "정자",
        "DETAIL_SPO" : "정자",
        "ETC_MATTER" : " ",
        "MNTN_NM" : "백운산",
        "PAST_SPOT_" : "14105301000022",
        "MNTN_ID" : "1410530100"
      },
      "geometry" : {
        "x" : 157214.88910000306,
        "y" : 543892.95700000226
      }
    },
    {
      "attributes" : {
        "FID" : 22,
        "PMNTN_SPOT" : 36491,
        "MNTN_CODE" : "281100101",
        "MANAGE_SP1" : "10",
        "MANAGE_SP2" : "이정표",
        "DETAIL_SPO" : "이정표",
        "ETC_MATTER" : " ",
        "MNTN_NM" : "백운산",
        "PAST_SPOT_" : "14105301000023",
        "MNTN_ID" : "1410530100"
      },
      "geometry" : {
        "x" : 157275.03490000218,
        "y" : 543559.13590000011
      }
    },
    {
      "attributes" : {
        "FID" : 23,
        "PMNTN_SPOT" : 36492,
        "MNTN_CODE" : "281100101",
        "MANAGE_SP1" : "99",
        "MANAGE_SP2" : "기타",
        "DETAIL_SPO" : "삼각점",
        "ETC_MATTER" : " ",
        "MNTN_NM" : "백운산",
        "PAST_SPOT_" : "14105301000024",
        "MNTN_ID" : "1410530100"
      },
      "geometry" : {
        "x" : 157299.74320000038,
        "y" : 543932.18140000105
      }
    },
    {
      "attributes" : {
        "FID" : 24,
        "PMNTN_SPOT" : 36493,
        "MNTN_CODE" : "281100101",
        "MANAGE_SP1" : "01",
        "MANAGE_SP2" : "시종점",
        "DETAIL_SPO" : "시종점",
        "ETC_MATTER" : " ",
        "MNTN_NM" : "백운산",
        "PAST_SPOT_" : "14105301000025",
        "MNTN_ID" : "1410530100"
      },
      "geometry" : {
        "x" : 158625.78050000034,
        "y" : 543109.35500000045
      }
    },
    {
      "attributes" : {
        "FID" : 25,
        "PMNTN_SPOT" : 36494,
        "MNTN_CODE" : "281100101",
        "MANAGE_SP1" : "01",
        "MANAGE_SP2" : "시종점",
        "DETAIL_SPO" : "시종점",
        "ETC_MATTER" : " ",
        "MNTN_NM" : "백운산",
        "PAST_SPOT_" : "14105301000026",
        "MNTN_ID" : "1410530100"
      },
      "geometry" : {
        "x" : 158817.11310000159,
        "y" : 544117.1520000007
      }
    },
    {
      "attributes" : {
        "FID" : 26,
        "PMNTN_SPOT" : 36495,
        "MNTN_CODE" : "281100101",
        "MANAGE_SP1" : "01",
        "MANAGE_SP2" : "시종점",
        "DETAIL_SPO" : "시종점",
        "ETC_MATTER" : " ",
        "MNTN_NM" : "백운산",
        "PAST_SPOT_" : "14105301000027",
        "MNTN_ID" : "1410530100"
      },
      "geometry" : {
        "x" : 156247.86770000122,
        "y" : 544127.28100000136
      }
    }
  ]
}