{
  "displayFieldName" : "",
  "fieldAliases" : {
    "FID" : "FID",
    "SAFE_SPOT1" : "SAFE_SPOT1",
    "SAFE_SPOT2" : "SAFE_SPOT2",
    "SAFE_SPOT3" : "SAFE_SPOT3",
    "MGC" : "MGC",
    "ETC_MATTER" : "ETC_MATTER",
    "MNTN_NM" : "MNTN_NM"
  },
  "geometryType" : "esriGeometryPoint",
  "spatialReference" : {
    "wkt" : "PROJCS[\"PCS_ITRF2000_TM\",GEOGCS[\"GCS_ITRF_2000\",DATUM[\"D_ITRF_2000\",SPHEROID[\"GRS_1980\",6378137.0,298.257222101]],PRIMEM[\"Greenwich\",0.0],UNIT[\"Degree\",0.0174532925199433]],PROJECTION[\"Transverse_Mercator\"],PARAMETER[\"False_Easting\",200000.0],PARAMETER[\"False_Northing\",600000.0],PARAMETER[\"Central_Meridian\",127.0],PARAMETER[\"Scale_Factor\",1.0],PARAMETER[\"Latitude_Of_Origin\",38.0],UNIT[\"Meter\",1.0]]"
  },
  "fields" : [
    {
      "name" : "FID",
      "type" : "esriFieldTypeOID",
      "alias" : "FID"
    },
    {
      "name" : "SAFE_SPOT1",
      "type" : "esriFieldTypeDouble",
      "alias" : "SAFE_SPOT1"
    },
    {
      "name" : "SAFE_SPOT2",
      "type" : "esriFieldTypeString",
      "alias" : "SAFE_SPOT2",
      "length" : 50
    },
    {
      "name" : "SAFE_SPOT3",
      "type" : "esriFieldTypeString",
      "alias" : "SAFE_SPOT3",
      "length" : 50
    },
    {
      "name" : "MGC",
      "type" : "esriFieldTypeString",
      "alias" : "MGC",
      "length" : 50
    },
    {
      "name" : "ETC_MATTER",
      "type" : "esriFieldTypeString",
      "alias" : "ETC_MATTER",
      "length" : 200
    },
    {
      "name" : "MNTN_NM",
      "type" : "esriFieldTypeString",
      "alias" : "MNTN_NM",
      "length" : 50
    }
  ],
  "features" : [
    {
      "attributes" : {
        "FID" : 0,
        "SAFE_SPOT1" : 5497,
        "SAFE_SPOT2" : "금곡 이정표",
        "SAFE_SPOT3" : " ",
        "MGC" : "거창군",
        "ETC_MATTER" : "기백산 오두봉",
        "MNTN_NM" : "기백산"
      },
      "geometry" : {
        "x" : 275767.76160000078,
        "y" : 349497.85869999975
      }
    },
    {
      "attributes" : {
        "FID" : 1,
        "SAFE_SPOT1" : 5498,
        "SAFE_SPOT2" : "금곡 안내도",
        "SAFE_SPOT3" : " ",
        "MGC" : "거창군",
        "ETC_MATTER" : "금원산 기백산 현성산 월봉산 등산안내도",
        "MNTN_NM" : "기백산"
      },
      "geometry" : {
        "x" : 274932.22319999989,
        "y" : 349046.89990000241
      }
    },
    {
      "attributes" : {
        "FID" : 2,
        "SAFE_SPOT1" : 5499,
        "SAFE_SPOT2" : "금곡사방댐 이정표",
        "SAFE_SPOT3" : " ",
        "MGC" : "거창군",
        "ETC_MATTER" : "기백산 7.4km, 오두봉 3.4km",
        "MNTN_NM" : "기백산"
      },
      "geometry" : {
        "x" : 274712.90300000086,
        "y" : 348530.29340000264
      }
    },
    {
      "attributes" : {
        "FID" : 3,
        "SAFE_SPOT1" : 5500,
        "SAFE_SPOT2" : "쇠실갈림길 이정표",
        "SAFE_SPOT3" : " ",
        "MGC" : "거창군",
        "ETC_MATTER" : "오두봉 2.0km 기백산 6.0km, 오두봉 2.2km",
        "MNTN_NM" : "기백산"
      },
      "geometry" : {
        "x" : 274266.8741999995,
        "y" : 348070.35889999941
      }
    },
    {
      "attributes" : {
        "FID" : 4,
        "SAFE_SPOT1" : 5501,
        "SAFE_SPOT2" : "오두봉 이정표",
        "SAFE_SPOT3" : " ",
        "MGC" : "거창군",
        "ETC_MATTER" : "오두봉 957m(정상표시), 기백산 4.0km, 금곡 3.4km, 상천",
        "MNTN_NM" : "기백산"
      },
      "geometry" : {
        "x" : 273874.78270000033,
        "y" : 346559.81100000255
      }
    },
    {
      "attributes" : {
        "FID" : 5,
        "SAFE_SPOT1" : 5502,
        "SAFE_SPOT2" : "헬기장 이정표",
        "SAFE_SPOT3" : " ",
        "MGC" : "거창군",
        "ETC_MATTER" : "기백산 2.6km, 금곡 4.8km, 상천",
        "MNTN_NM" : "기백산"
      },
      "geometry" : {
        "x" : 272921.24560000002,
        "y" : 345738.19000000134
      }
    },
    {
      "attributes" : {
        "FID" : 6,
        "SAFE_SPOT1" : 5503,
        "SAFE_SPOT2" : "갈림길 이정표",
        "SAFE_SPOT3" : " ",
        "MGC" : "거창군",
        "ETC_MATTER" : "기백산 1.3km, 금곡 6.1km, 상촌 3.4km, 바래기재 6.3km",
        "MNTN_NM" : "기백산"
      },
      "geometry" : {
        "x" : 271874.30229999963,
        "y" : 345563.21160000376
      }
    },
    {
      "attributes" : {
        "FID" : 7,
        "SAFE_SPOT1" : 5504,
        "SAFE_SPOT2" : "이정표",
        "SAFE_SPOT3" : " ",
        "MGC" : "거창군",
        "ETC_MATTER" : "기백산정상 300m, 하산길, 고학마을",
        "MNTN_NM" : "기백산"
      },
      "geometry" : {
        "x" : 270983.70640000142,
        "y" : 345639.2742999997
      }
    },
    {
      "attributes" : {
        "FID" : 8,
        "SAFE_SPOT1" : 5505,
        "SAFE_SPOT2" : "용원정 이정표",
        "SAFE_SPOT3" : " ",
        "MGC" : "거창군",
        "ETC_MATTER" : "기백산",
        "MNTN_NM" : "기백산"
      },
      "geometry" : {
        "x" : 275488.8574000001,
        "y" : 342985.50899999775
      }
    },
    {
      "attributes" : {
        "FID" : 9,
        "SAFE_SPOT1" : 5506,
        "SAFE_SPOT2" : "상촌마을 안내도",
        "SAFE_SPOT3" : " ",
        "MGC" : "거창군",
        "ETC_MATTER" : "금원산 기백산 현성산 월봉산 등산안내도",
        "MNTN_NM" : "기백산"
      },
      "geometry" : {
        "x" : 274223.3805999998,
        "y" : 344250.94859999977
      }
    },
    {
      "attributes" : {
        "FID" : 10,
        "SAFE_SPOT1" : 5507,
        "SAFE_SPOT2" : "상촌산길 이정표",
        "SAFE_SPOT3" : " ",
        "MGC" : "거창군",
        "ETC_MATTER" : "기백산 4.3km",
        "MNTN_NM" : "기백산"
      },
      "geometry" : {
        "x" : 274004.89130000025,
        "y" : 344520.37370000407
      }
    },
    {
      "attributes" : {
        "FID" : 11,
        "SAFE_SPOT1" : 5508,
        "SAFE_SPOT2" : "이정표",
        "SAFE_SPOT3" : " ",
        "MGC" : "거창군",
        "ETC_MATTER" : "기백산 2.6km, 마리면 고학리 1.4km",
        "MNTN_NM" : "기백산"
      },
      "geometry" : {
        "x" : 272600.0775000006,
        "y" : 345353.34869999997
      }
    },
    {
      "attributes" : {
        "FID" : 12,
        "SAFE_SPOT1" : 5509,
        "SAFE_SPOT2" : "갈림길 이정표",
        "SAFE_SPOT3" : " ",
        "MGC" : "거창군",
        "ETC_MATTER" : "기백산 1.8km, 상촌 2.9km, 바래기재 5.8km",
        "MNTN_NM" : "기백산"
      },
      "geometry" : {
        "x" : 272113.08840000071,
        "y" : 345259.99490000121
      }
    },
    {
      "attributes" : {
        "FID" : 13,
        "SAFE_SPOT1" : 5510,
        "SAFE_SPOT2" : "바래기재 안내도",
        "SAFE_SPOT3" : " ",
        "MGC" : "거창군",
        "ETC_MATTER" : "기백산 망실봉 등산로 안내도",
        "MNTN_NM" : "기백산"
      },
      "geometry" : {
        "x" : 274838.85649999976,
        "y" : 341629.94549999945
      }
    },
    {
      "attributes" : {
        "FID" : 14,
        "SAFE_SPOT1" : 5511,
        "SAFE_SPOT2" : "상비재 이정표",
        "SAFE_SPOT3" : " ",
        "MGC" : "거창군",
        "ETC_MATTER" : "기백산 6.3km, 바래기재 1.6km, 고신마을 1.8km, 상비마을 1.4km",
        "MNTN_NM" : "기백산"
      },
      "geometry" : {
        "x" : 273943.79030000046,
        "y" : 342494.76290000044
      }
    },
    {
      "attributes" : {
        "FID" : 15,
        "SAFE_SPOT1" : 5512,
        "SAFE_SPOT2" : "늘밭 이정표",
        "SAFE_SPOT3" : " ",
        "MGC" : "거창군",
        "ETC_MATTER" : "기백산 4.1km, 바래기재 3.5km, 상촌 2.2km",
        "MNTN_NM" : "기백산"
      },
      "geometry" : {
        "x" : 272672.01130000036,
        "y" : 343627.82569999993
      }
    },
    {
      "attributes" : {
        "FID" : 16,
        "SAFE_SPOT1" : 5513,
        "SAFE_SPOT2" : "H5 이정표",
        "SAFE_SPOT3" : " ",
        "MGC" : "거창군",
        "ETC_MATTER" : "기백산 2.4km, 바래기재 5.2km",
        "MNTN_NM" : "기백산"
      },
      "geometry" : {
        "x" : 272406.16840000078,
        "y" : 344775.36849999987
      }
    },
    {
      "attributes" : {
        "FID" : 17,
        "SAFE_SPOT1" : 5514,
        "SAFE_SPOT2" : "늘밭산길 이정표",
        "SAFE_SPOT3" : " ",
        "MGC" : "거창군",
        "ETC_MATTER" : "기백산 2.7km, 상촌",
        "MNTN_NM" : "기백산"
      },
      "geometry" : {
        "x" : 273420.28340000194,
        "y" : 343760.35010000132
      }
    }
  ]
}