{
  "displayFieldName" : "",
  "fieldAliases" : {
    "FID" : "FID",
    "PMNTN_SN" : "PMNTN_SN",
    "MNTN_CODE" : "MNTN_CODE",
    "MNTN_NM" : "MNTN_NM",
    "PMNTN_NM" : "PMNTN_NM",
    "PMNTN_MAIN" : "PMNTN_MAIN",
    "PMNTN_LT" : "PMNTN_LT",
    "PMNTN_DFFL" : "PMNTN_DFFL",
    "PMNTN_UPPL" : "PMNTN_UPPL",
    "PMNTN_GODN" : "PMNTN_GODN",
    "PMNTN_MTRQ" : "PMNTN_MTRQ",
    "PMNTN_CNRL" : "PMNTN_CNRL",
    "PMNTN_CLS_" : "PMNTN_CLS_",
    "PMNTN_RISK" : "PMNTN_RISK",
    "PMNTN_RECO" : "PMNTN_RECO",
    "DATA_STDR_" : "DATA_STDR_",
    "MNTN_ID" : "MNTN_ID"
  },
  "geometryType" : "esriGeometryPolyline",
  "spatialReference" : {
    "wkt" : "PROJCS[\"PCS_ITRF2000_TM\",GEOGCS[\"GCS_ITRF_2000\",DATUM[\"D_ITRF_2000\",SPHEROID[\"GRS_1980\",6378137.0,298.257222101]],PRIMEM[\"Greenwich\",0.0],UNIT[\"Degree\",0.0174532925199433]],PROJECTION[\"Transverse_Mercator\"],PARAMETER[\"False_Easting\",200000.0],PARAMETER[\"False_Northing\",600000.0],PARAMETER[\"Central_Meridian\",127.0],PARAMETER[\"Scale_Factor\",1.0],PARAMETER[\"Latitude_Of_Origin\",38.0],UNIT[\"Meter\",1.0]]"
  },
  "fields" : [
    {
      "name" : "FID",
      "type" : "esriFieldTypeOID",
      "alias" : "FID"
    },
    {
      "name" : "PMNTN_SN",
      "type" : "esriFieldTypeDouble",
      "alias" : "PMNTN_SN"
    },
    {
      "name" : "MNTN_CODE",
      "type" : "esriFieldTypeString",
      "alias" : "MNTN_CODE",
      "length" : 9
    },
    {
      "name" : "MNTN_NM",
      "type" : "esriFieldTypeString",
      "alias" : "MNTN_NM",
      "length" : 50
    },
    {
      "name" : "PMNTN_NM",
      "type" : "esriFieldTypeString",
      "alias" : "PMNTN_NM",
      "length" : 50
    },
    {
      "name" : "PMNTN_MAIN",
      "type" : "esriFieldTypeString",
      "alias" : "PMNTN_MAIN",
      "length" : 200
    },
    {
      "name" : "PMNTN_LT",
      "type" : "esriFieldTypeSingle",
      "alias" : "PMNTN_LT"
    },
    {
      "name" : "PMNTN_DFFL",
      "type" : "esriFieldTypeString",
      "alias" : "PMNTN_DFFL",
      "length" : 8
    },
    {
      "name" : "PMNTN_UPPL",
      "type" : "esriFieldTypeDouble",
      "alias" : "PMNTN_UPPL"
    },
    {
      "name" : "PMNTN_GODN",
      "type" : "esriFieldTypeDouble",
      "alias" : "PMNTN_GODN"
    },
    {
      "name" : "PMNTN_MTRQ",
      "type" : "esriFieldTypeString",
      "alias" : "PMNTN_MTRQ",
      "length" : 200
    },
    {
      "name" : "PMNTN_CNRL",
      "type" : "esriFieldTypeString",
      "alias" : "PMNTN_CNRL",
      "length" : 1
    },
    {
      "name" : "PMNTN_CLS_",
      "type" : "esriFieldTypeString",
      "alias" : "PMNTN_CLS_",
      "length" : 1
    },
    {
      "name" : "PMNTN_RISK",
      "type" : "esriFieldTypeString",
      "alias" : "PMNTN_RISK",
      "length" : 200
    },
    {
      "name" : "PMNTN_RECO",
      "type" : "esriFieldTypeString",
      "alias" : "PMNTN_RECO",
      "length" : 1
    },
    {
      "name" : "DATA_STDR_",
      "type" : "esriFieldTypeString",
      "alias" : "DATA_STDR_",
      "length" : 10
    },
    {
      "name" : "MNTN_ID",
      "type" : "esriFieldTypeString",
      "alias" : "MNTN_ID",
      "length" : 10
    }
  ],
  "features" : [
    {
      "attributes" : {
        "FID" : 0,
        "PMNTN_SN" : 7569,
        "MNTN_CODE" : "467700201",
        "MNTN_NM" : "금성산",
        "PMNTN_NM" : "보천리구간",
        "PMNTN_MAIN" : " ",
        "PMNTN_LT" : 0.58,
        "PMNTN_DFFL" : "쉬움",
        "PMNTN_UPPL" : 11,
        "PMNTN_GODN" : 8,
        "PMNTN_MTRQ" : " ",
        "PMNTN_CNRL" : " ",
        "PMNTN_CLS_" : "Y",
        "PMNTN_RISK" : " ",
        "PMNTN_RECO" : " ",
        "DATA_STDR_" : "2016-12-31",
        "MNTN_ID" : "467700201"
      },
      "geometry" : {
        "paths" : [
          [
            [
              222323.32410000078,
              220886.19920000061
            ],
            [
              222327.67819999903,
              220886.50860000215
            ],
            [
              222330.23320000153,
              220890.44500000775
            ],
            [
              222334.43690000288,
              220897.33149999939
            ],
            [
              222338.23780000024,
              220898.94590000249
            ],
            [
              222355.78040000238,
              220905.75809999928
            ],
            [
              222363.25810000021,
              220909.70370000228
            ],
            [
              222364.08299999963,
              220918.37370000221
            ],
            [
              222363.90920000151,
              220922.43620000221
            ],
            [
              222365.20520000253,
              220928.80540000089
            ],
            [
              222366.84140000306,
              220932.00490000099
            ],
            [
              222370.03660000395,
              220934.18020000122
            ],
            [
              222373.62160000205,
              220937.40359999985
            ],
            [
              222373.25300000142,
              220939.63890000433
            ],
            [
              222373.62960000057,
              220945.01030000113
            ],
            [
              222373.38650000188,
              220948.77860000357
            ],
            [
              222372.73199999984,
              220952.81640000269
            ],
            [
              222373.19770000409,
              220957.39230000228
            ],
            [
              222374.47549999971,
              220960.07320000418
            ],
            [
              222379.00940000173,
              220967.82049999945
            ],
            [
              222382.87830000184,
              220971.6790000014
            ],
            [
              222388.54409999959,
              220973.74279999919
            ],
            [
              222393.4412000021,
              220973.89090000279
            ],
            [
              222396.28770000208,
              220975.31640000269
            ],
            [
              222398.27300000098,
              220978.16410000063
            ],
            [
              222401.97380000073,
              220980.32059999928
            ],
            [
              222405.30399999954,
              220985.88560000435
            ],
            [
              222405.22440000065,
              220988.86230000108
            ],
            [
              222404.27410000097,
              220993.13660000265
            ],
            [
              222399.53320000134,
              220999.47990000248
            ],
            [
              222397.77500000037,
              221006.63750000112
            ],
            [
              222397.89180000406,
              221017.58449999988
            ],
            [
              222395.75810000114,
              221022.21000000462
            ],
            [
              222390.70239999983,
              221026.70739999972
            ],
            [
              222387.49139999971,
              221031.60930000432
            ],
            [
              222385.16309999954,
              221034.05839999951
            ],
            [
              222385.51270000357,
              221038.92229999974
            ],
            [
              222391.3273,
              221044.9710000027
            ],
            [
              222391.91099999938,
              221045.28859999962
            ],
            [
              222397.34330000356,
              221044.03710000031
            ],
            [
              222401.4868999999,
              221047.84090000391
            ],
            [
              222408.26770000067,
              221051.81840000302
            ],
            [
              222408.68130000401,
              221055.66900000162
            ],
            [
              222411.97740000207,
              221060.10290000215
            ],
            [
              222416.28390000109,
              221066.44550000131
            ],
            [
              222416.17569999956,
              221066.67779999971
            ],
            [
              222417.40970000345,
              221071.55310000293
            ],
            [
              222419.31210000254,
              221083.72810000181
            ],
            [
              222420.3404000001,
              221088.37510000169
            ],
            [
              222423.64520000014,
              221091.11329999939
            ],
            [
              222426.5652000038,
              221095.25830000266
            ],
            [
              222427.42760000098,
              221097.94760000147
            ],
            [
              222429.15990000218,
              221099.26200000383
            ],
            [
              222433.55910000112,
              221102.40630000085
            ],
            [
              222441.94940000027,
              221102.19390000217
            ],
            [
              222449.96890000161,
              221099.54680000246
            ],
            [
              222456.85490000062,
              221093.07160000131
            ],
            [
              222464.04040000029,
              221088.49610000104
            ],
            [
              222474.68230000325,
              221085.85330000147
            ],
            [
              222483.06790000107,
              221082.92459999956
            ],
            [
              222488.67180000059,
              221085.03750000335
            ],
            [
              222494.04330000095,
              221087.06270000152
            ],
            [
              222499.08730000071,
              221093.67670000158
            ],
            [
              222502.28320000041,
              221097.28639999963
            ],
            [
              222504.33850000054,
              221100.40540000238
            ],
            [
              222504.61470000166,
              221103.97420000099
            ],
            [
              222502.55549999978,
              221115.88040000014
            ],
            [
              222501.49430000223,
              221118.88670000061
            ],
            [
              222500.80979999993,
              221121.73550000228
            ],
            [
              222505.57540000323,
              221132.65279999934
            ],
            [
              222504.45280000009,
              221135.77430000342
            ],
            [
              222505.94920000061,
              221143.39330000244
            ],
            [
              222513.90120000113,
              221146.42530000396
            ],
            [
              222517.22430000361,
              221149.15780000202
            ],
            [
              222520.46779999975,
              221153.05250000022
            ],
            [
              222525.12060000282,
              221159.2658000011
            ],
            [
              222528.2976000011,
              221165.1873000022
            ],
            [
              222533.65830000211,
              221171.1977000013
            ],
            [
              222536.14989999961,
              221176.69470000081
            ],
            [
              222538.71740000322,
              221181.12209999934
            ],
            [
              222546.42040000297,
              221191.59230000339
            ],
            [
              222547.55560000055,
              221192.7853000015
            ],
            [
              222553.1657000035,
              221203.76170000248
            ],
            [
              222560.38350000139,
              221214.55600000173
            ],
            [
              222567.4570999993,
              221224.55980000086
            ],
            [
              222574.10120000038,
              221234.06030000187
            ],
            [
              222578.59230000153,
              221246.64269999973
            ],
            [
              222584.04790000338,
              221254.71770000085
            ],
            [
              222588.79950000066,
              221261.39619999938
            ],
            [
              222589.72740000114,
              221262.44930000231
            ],
            [
              222592.34770000074,
              221272.68390000239
            ],
            [
              222592.05410000216,
              221273.27820000425
            ]
          ]
        ]
      }
    }
  ]
}