{
  "displayFieldName" : "",
  "fieldAliases" : {
    "FID" : "FID",
    "PMNTN_SN" : "PMNTN_SN",
    "MNTN_CODE" : "MNTN_CODE",
    "MNTN_NM" : "MNTN_NM",
    "PMNTN_NM" : "PMNTN_NM",
    "PMNTN_MAIN" : "PMNTN_MAIN",
    "PMNTN_LT" : "PMNTN_LT",
    "PMNTN_DFFL" : "PMNTN_DFFL",
    "PMNTN_UPPL" : "PMNTN_UPPL",
    "PMNTN_GODN" : "PMNTN_GODN",
    "PMNTN_MTRQ" : "PMNTN_MTRQ",
    "PMNTN_CNRL" : "PMNTN_CNRL",
    "PMNTN_CLS_" : "PMNTN_CLS_",
    "PMNTN_RISK" : "PMNTN_RISK",
    "PMNTN_RECO" : "PMNTN_RECO",
    "DATA_STDR_" : "DATA_STDR_",
    "MNTN_ID" : "MNTN_ID"
  },
  "geometryType" : "esriGeometryPolyline",
  "spatialReference" : {
    "wkt" : "PROJCS[\"PCS_ITRF2000_TM\",GEOGCS[\"GCS_ITRF_2000\",DATUM[\"D_ITRF_2000\",SPHEROID[\"GRS_1980\",6378137.0,298.257222101]],PRIMEM[\"Greenwich\",0.0],UNIT[\"Degree\",0.0174532925199433]],PROJECTION[\"Transverse_Mercator\"],PARAMETER[\"False_Easting\",200000.0],PARAMETER[\"False_Northing\",600000.0],PARAMETER[\"Central_Meridian\",127.0],PARAMETER[\"Scale_Factor\",1.0],PARAMETER[\"Latitude_Of_Origin\",38.0],UNIT[\"Meter\",1.0]]"
  },
  "fields" : [
    {
      "name" : "FID",
      "type" : "esriFieldTypeOID",
      "alias" : "FID"
    },
    {
      "name" : "PMNTN_SN",
      "type" : "esriFieldTypeDouble",
      "alias" : "PMNTN_SN"
    },
    {
      "name" : "MNTN_CODE",
      "type" : "esriFieldTypeString",
      "alias" : "MNTN_CODE",
      "length" : 9
    },
    {
      "name" : "MNTN_NM",
      "type" : "esriFieldTypeString",
      "alias" : "MNTN_NM",
      "length" : 50
    },
    {
      "name" : "PMNTN_NM",
      "type" : "esriFieldTypeString",
      "alias" : "PMNTN_NM",
      "length" : 50
    },
    {
      "name" : "PMNTN_MAIN",
      "type" : "esriFieldTypeString",
      "alias" : "PMNTN_MAIN",
      "length" : 200
    },
    {
      "name" : "PMNTN_LT",
      "type" : "esriFieldTypeSingle",
      "alias" : "PMNTN_LT"
    },
    {
      "name" : "PMNTN_DFFL",
      "type" : "esriFieldTypeString",
      "alias" : "PMNTN_DFFL",
      "length" : 8
    },
    {
      "name" : "PMNTN_UPPL",
      "type" : "esriFieldTypeDouble",
      "alias" : "PMNTN_UPPL"
    },
    {
      "name" : "PMNTN_GODN",
      "type" : "esriFieldTypeDouble",
      "alias" : "PMNTN_GODN"
    },
    {
      "name" : "PMNTN_MTRQ",
      "type" : "esriFieldTypeString",
      "alias" : "PMNTN_MTRQ",
      "length" : 200
    },
    {
      "name" : "PMNTN_CNRL",
      "type" : "esriFieldTypeString",
      "alias" : "PMNTN_CNRL",
      "length" : 1
    },
    {
      "name" : "PMNTN_CLS_",
      "type" : "esriFieldTypeString",
      "alias" : "PMNTN_CLS_",
      "length" : 1
    },
    {
      "name" : "PMNTN_RISK",
      "type" : "esriFieldTypeString",
      "alias" : "PMNTN_RISK",
      "length" : 200
    },
    {
      "name" : "PMNTN_RECO",
      "type" : "esriFieldTypeString",
      "alias" : "PMNTN_RECO",
      "length" : 1
    },
    {
      "name" : "DATA_STDR_",
      "type" : "esriFieldTypeString",
      "alias" : "DATA_STDR_",
      "length" : 10
    },
    {
      "name" : "MNTN_ID",
      "type" : "esriFieldTypeString",
      "alias" : "MNTN_ID",
      "length" : 10
    }
  ],
  "features" : [
    {
      "attributes" : {
        "FID" : 0,
        "PMNTN_SN" : 31961,
        "MNTN_CODE" : "457401701",
        "MNTN_NM" : "성수산",
        "PMNTN_NM" : "천천면 비룡리 중상마을구간",
        "PMNTN_MAIN" : " ",
        "PMNTN_LT" : 4.37,
        "PMNTN_DFFL" : "쉬움",
        "PMNTN_UPPL" : 164,
        "PMNTN_GODN" : 115,
        "PMNTN_MTRQ" : "토사/암석",
        "PMNTN_CNRL" : " ",
        "PMNTN_CLS_" : " ",
        "PMNTN_RISK" : "등산로 구간에 비탈과 암석이 있어 미끄럼 주의",
        "PMNTN_RECO" : "Y",
        "DATA_STDR_" : "2016-12-31",
        "MNTN_ID" : "457401701"
      },
      "geometry" : {
        "paths" : [
          [
            [
              243929.95480000041,
              343523.08889999986
            ],
            [
              243882.81200000271,
              343540.14049999975
            ],
            [
              243852.41760000214,
              343549.43320000172
            ],
            [
              243833.39250000101,
              343550.56479999982
            ],
            [
              243820.45020000357,
              343550.76779999956
            ],
            [
              243809.11910000164,
              343549.78680000082
            ],
            [
              243786.24160000123,
              343550.96279999986
            ],
            [
              243765.07720000111,
              343553.59080000035
            ],
            [
              243752.07390000112,
              343556.51590000093
            ],
            [
              243736.72499999963,
              343557.80990000255
            ],
            [
              243726.11330000125,
              343560.03150000237
            ],
            [
              243710.99480000045,
              343571.89240000397
            ],
            [
              243700.40890000015,
              343580.40759999864
            ],
            [
              243690.26489999983,
              343592.71180000156
            ],
            [
              243684.84040000197,
              343601.3946000021
            ],
            [
              243678.27460000105,
              343604.76009999961
            ],
            [
              243671.29870000016,
              343606.62630000338
            ],
            [
              243658.37729999982,
              343610.38829999976
            ],
            [
              243641.04080000147,
              343617.12739999965
            ],
            [
              243630.90460000001,
              343624.87970000133
            ],
            [
              243618.05459999945,
              343635.91410000063
            ],
            [
              243601.32220000029,
              343651.40240000188
            ],
            [
              243580.93170000333,
              343670.48140000179
            ],
            [
              243561.94000000134,
              343685.70519999787
            ],
            [
              243548.6512000002,
              343696.68670000136
            ],
            [
              243538.68370000366,
              343702.99760000221
            ],
            [
              243530.85200000368,
              343717.64280000143
            ],
            [
              243525.23570000008,
              343726.35270000063
            ],
            [
              243517.8777999999,
              343739.52840000205
            ],
            [
              243509.89790000115,
              343754.83980000205
            ],
            [
              243502.46190000232,
              343767.26840000227
            ],
            [
              243494.56740000099,
              343787.62330000103
            ],
            [
              243486.93540000357,
              343802.75280000269
            ],
            [
              243481.0513000004,
              343810.91909999959
            ],
            [
              243473.3560000034,
              343812.58570000529
            ],
            [
              243454.74840000179,
              343814.22329999879
            ],
            [
              243442.14989999961,
              343813.44560000114
            ],
            [
              243429.0803000005,
              343818.37539999932
            ],
            [
              243424.01970000006,
              343825.00779999979
            ],
            [
              243422.16249999963,
              343838.15030000173
            ],
            [
              243421.24080000352,
              343851.58550000004
            ],
            [
              243415.94300000183,
              343859.80260000192
            ],
            [
              243402.67470000125,
              343867.01960000023
            ],
            [
              243389.50030000042,
              343871.17780000158
            ],
            [
              243374.5708999997,
              343870.95930000022
            ],
            [
              243366.55970000289,
              343872.12840000167
            ],
            [
              243364.09669999965,
              343878.31370000169
            ],
            [
              243367.32130000088,
              343885.33990000002
            ],
            [
              243373.50140000135,
              343891.39800000004
            ],
            [
              243376.19380000141,
              343899.8563000001
            ],
            [
              243374.51090000011,
              343909.71839999966
            ],
            [
              243367.25769999996,
              343922.52390000038
            ],
            [
              243353.82589999959,
              343937.48290000297
            ],
            [
              243341.4999000011,
              343948.43300000019
            ],
            [
              243333.11740000173,
              343955.48570000008
            ],
            [
              243321.23900000099,
              343962.72589999996
            ],
            [
              243312.29630000144,
              343973.46550000273
            ],
            [
              243304.43270000257,
              343983.28770000115
            ],
            [
              243298.07740000077,
              343989.94050000235
            ],
            [
              243283.69750000071,
              343999.04509999976
            ],
            [
              243272.13690000121,
              344011.19670000114
            ],
            [
              243267.79980000015,
              344017.63610000163
            ],
            [
              243264.23440000322,
              344024.23820000142
            ],
            [
              243263.10420000087,
              344038.52460000105
            ],
            [
              243262.38680000044,
              344056.25160000101
            ],
            [
              243261.96239999961,
              344071.23330000043
            ],
            [
              243261.96400000062,
              344084.32960000075
            ],
            [
              243261.44680000003,
              344108.89459999837
            ],
            [
              243263.37630000059,
              344143.33720000088
            ],
            [
              243265.43979999982,
              344149.51449999958
            ],
            [
              243270.39609999955,
              344158.52160000056
            ],
            [
              243279.82280000206,
              344173.48650000244
            ],
            [
              243283.99690000061,
              344184.61920000054
            ],
            [
              243286.84190000128,
              344196.32789999992
            ],
            [
              243285.47080000024,
              344208.46940000169
            ],
            [
              243282.11630000174,
              344228.09650000185
            ],
            [
              243276.2948000012,
              344248.61990000121
            ],
            [
              243273.66600000393,
              344260.48860000074
            ],
            [
              243271.30520000122,
              344276.55210000649
            ],
            [
              243272.06200000085,
              344285.37170000002
            ],
            [
              243271.8609000016,
              344295.06900000013
            ],
            [
              243266.6948000025,
              344304.02419999987
            ],
            [
              243258.40700000059,
              344311.02150000259
            ],
            [
              243250.14820000064,
              344315.82560000382
            ],
            [
              243248.33700000122,
              344320.97439999878
            ],
            [
              243247.98849999998,
              344325.11800000258
            ],
            [
              243247.7080000015,
              344329.11199999973
            ],
            [
              243250.71380000003,
              344334.8264000006
            ],
            [
              243257.04960000329,
              344338.92520000041
            ],
            [
              243262.60180000216,
              344343.21100000106
            ],
            [
              243262.37710000202,
              344356.43170000426
            ],
            [
              243253.38220000081,
              344375.29800000042
            ],
            [
              243243.14529999997,
              344390.21470000409
            ],
            [
              243233.47439999972,
              344402.42650000006
            ],
            [
              243227.79980000015,
              344428.8881000001
            ],
            [
              243227.73529999983,
              344449.69330000132
            ],
            [
              243233.2871000031,
              344493.95070000179
            ],
            [
              243240.43630000111,
              344521.01139999926
            ],
            [
              243244.53070000093,
              344548.69960000366
            ],
            [
              243247.06420000177,
              344564.75890000165
            ],
            [
              243242.86770000029,
              344582.666000003
            ],
            [
              243238.67400000058,
              344601.25029999949
            ],
            [
              243240.44880000036,
              344609.86890000105
            ],
            [
              243244.89110000152,
              344620.14040000178
            ],
            [
              243248.0233000014,
              344629.35140000284
            ],
            [
              243245.24280000012,
              344639.28290000372
            ],
            [
              243237.96820000373,
              344652.4179999996
            ],
            [
              243236.80380000174,
              344674.1305999998
            ],
            [
              243234.53610000014,
              344700.15169999935
            ],
            [
              243232.45310000144,
              344722.42670000158
            ],
            [
              243226.43850000203,
              344733.84459999949
            ],
            [
              243225.2937000012,
              344744.15550000221
            ],
            [
              243226.41340000369,
              344755.4048999995
            ],
            [
              243230.94050000142,
              344776.95960000344
            ],
            [
              243239.36339999922,
              344799.85679999925
            ],
            [
              243246.13230000064,
              344816.27540000156
            ],
            [
              243249.58380000014,
              344825.0754000023
            ],
            [
              243249.74130000081,
              344833.16610000096
            ],
            [
              243247.42620000057,
              344840.73780000024
            ],
            [
              243246.23050000053,
              344846.35860000178
            ],
            [
              243244.90000000317,
              344853.51180000231
            ],
            [
              243243.48240000103,
              344866.91670000181
            ],
            [
              243242.5148000028,
              344895.9299999997
            ],
            [
              243241.52630000003,
              344927.51029999927
            ],
            [
              243242.01800000109,
              344941.93779999949
            ],
            [
              243245.76720000338,
              344951.75260000303
            ],
            [
              243253.86130000185,
              344962.47940000333
            ],
            [
              243262.91890000086,
              344978.16389999911
            ],
            [
              243263.90940000117,
              344986.84809999913
            ],
            [
              243264.45249999966,
              344999.33680000342
            ],
            [
              243264.74410000257,
              345014.97400000133
            ],
            [
              243266.63000000082,
              345022.50970000401
            ],
            [
              243269.64010000136,
              345029.1072000023
            ],
            [
              243274.79740000051,
              345038.54970000312
            ],
            [
              243276.2992000021,
              345044.84399999864
            ],
            [
              243275.95239999983,
              345051.84489999898
            ],
            [
              243273.89379999973,
              345065.2893000003
            ],
            [
              243271.48950000014,
              345074.87040000223
            ],
            [
              243269.99580000062,
              345087.00860000029
            ],
            [
              243269.07490000408,
              345102.03060000017
            ],
            [
              243266.25070000067,
              345121.41000000201
            ],
            [
              243266.33720000088,
              345132.83359999955
            ],
            [
              243265.31859999988,
              345143.96480000764
            ],
            [
              243264.04150000028,
              345148.6547000017
            ],
            [
              243263.21550000366,
              345151.72320000455
            ],
            [
              243258.9811000023,
              345153.50129999965
            ],
            [
              243258.39830000047,
              345153.46199999936
            ],
            [
              243255.14180000033,
              345152.27940000035
            ],
            [
              243252.48040000256,
              345150.63960000128
            ],
            [
              243249.55580000114,
              345149.00180000067
            ],
            [
              243247.25470000133,
              345149.30969999917
            ],
            [
              243246.63280000072,
              345151.82090000249
            ],
            [
              243247.25040000211,
              345160.51980000176
            ],
            [
              243248.6492000008,
              345167.71580000035
            ],
            [
              243250.27869999968,
              345175.79639999941
            ],
            [
              243250.41550000012,
              345177.31299999915
            ],
            [
              243250.50400000345,
              345182.51230000332
            ],
            [
              243255.67680000048,
              345192.02380000055
            ],
            [
              243259.04880000185,
              345199.02470000088
            ],
            [
              243260.55080000311,
              345203.68659999967
            ],
            [
              243261.4606999997,
              345209.49799999781
            ],
            [
              243259.90710000042,
              345213.48140000179
            ],
            [
              243258.17610000353,
              345217.78859999962
            ],
            [
              243256.46139999945,
              345220.89880000241
            ],
            [
              243254.04060000088,
              345223.59659999982
            ],
            [
              243253.464200004,
              345226.34190000035
            ],
            [
              243251.28660000023,
              345232.82729999907
            ],
            [
              243250.08420000132,
              345239.47460000031
            ],
            [
              243250.18540000077,
              345246.02309999987
            ],
            [
              243249.37380000111,
              345258.23340000212
            ],
            [
              243250.79420000128,
              345263.13829999976
            ],
            [
              243250.43510000035,
              345263.6574000027
            ],
            [
              243250.87349999975,
              345263.99430000037
            ],
            [
              243250.46549999993,
              345266.77310000174
            ],
            [
              243249.69020000007,
              345268.66660000198
            ],
            [
              243250.09499999974,
              345272.76080000214
            ],
            [
              243249.4776000008,
              345276.18620000035
            ],
            [
              243249.62160000205,
              345277.74869999848
            ],
            [
              243249.81280000228,
              345280.372299999
            ],
            [
              243249.54829999991,
              345280.67270000279
            ],
            [
              243249.56220000237,
              345283.06830000132
            ],
            [
              243249.58040000126,
              345285.91830000095
            ],
            [
              243249.78700000327,
              345289.32620000094
            ],
            [
              243249.14160000067,
              345293.36390000023
            ],
            [
              243246.76930000074,
              345293.64250000007
            ],
            [
              243244.71650000103,
              345296.16220000014
            ],
            [
              243242.42860000115,
              345303.34020000137
            ],
            [
              243242.10429999977,
              345307.61680000648
            ],
            [
              243242.33070000168,
              345314.10950000212
            ],
            [
              243243.52250000089,
              345320.17910000123
            ],
            [
              243245.42200000025,
              345322.59569999948
            ],
            [
              243247.53860000148,
              345324.1791999992
            ],
            [
              243249.09640000109,
              345326.7536999993
            ],
            [
              243251.78550000116,
              345330.04220000096
            ],
            [
              243252.26430000179,
              345333.58620000072
            ],
            [
              243254.54790000059,
              345338.3815999981
            ],
            [
              243258.15759999864,
              345341.58120000362
            ],
            [
              243261.86480000149,
              345345.10390000045
            ],
            [
              243265.478500003,
              345346.57660000212
            ],
            [
              243267.62170000002,
              345347.09539999999
            ],
            [
              243268.5456000017,
              345349.22529999912
            ],
            [
              243268.34729999956,
              345353.04720000178
            ],
            [
              243269.59730000235,
              345357.06100000069
            ],
            [
              243271.09470000118,
              345361.18410000019
            ],
            [
              243275.62920000404,
              345363.78620000184
            ],
            [
              243278.70179999992,
              345369.2237999998
            ],
            [
              243279.41150000133,
              345371.47790000029
            ],
            [
              243278.71219999995,
              345377.45869999938
            ],
            [
              243278.02049999963,
              345380.63990000263
            ],
            [
              243276.76430000272,
              345383.98020000011
            ],
            [
              243275.96790000051,
              345390.08030000143
            ],
            [
              243276.47670000046,
              345397.76500000246
            ],
            [
              243276.14159999974,
              345408.92380000465
            ],
            [
              243274.70000000205,
              345415.22229999863
            ],
            [
              243276.19550000317,
              345419.66590000317
            ],
            [
              243276.88690000027,
              345420.9991999995
            ],
            [
              243277.01140000205,
              345428.13320000097
            ],
            [
              243276.90189999994,
              345428.83019999973
            ],
            [
              243277.01630000118,
              345430.25370000117
            ],
            [
              243280.40890000202,
              345437.66400000267
            ],
            [
              243280.10920000263,
              345440.02480000071
            ],
            [
              243279.67190000135,
              345447.25830000266
            ],
            [
              243279.89329999872,
              345450.08669999987
            ],
            [
              243283.5736999996,
              345457.59139999934
            ],
            [
              243285.16890000366,
              345460.24980000034
            ],
            [
              243286.86479999963,
              345465.01800000109
            ],
            [
              243288.01699999906,
              345465.82800000161
            ],
            [
              243290.28259999957,
              345467.42060000263
            ],
            [
              243292.27840000112,
              345467.65389999934
            ],
            [
              243292.53310000058,
              345469.06820000149
            ],
            [
              243292.02450000029,
              345471.43320000358
            ],
            [
              243291.5532000009,
              345474.76319999993
            ],
            [
              243291.19180000387,
              345480.53529999964
            ],
            [
              243292.36100000143,
              345485.71670000069
            ],
            [
              243292.83660000004,
              345490.45080000162
            ],
            [
              243292.73139999993,
              345497.03249999881
            ],
            [
              243293.74370000139,
              345503.231200004
            ],
            [
              243293.14230000041,
              345506.42310000211
            ],
            [
              243291.55780000146,
              345511.28399999999
            ],
            [
              243287.44320000056,
              345513.4589000009
            ],
            [
              243285.33600000013,
              345517.8198000025
            ],
            [
              243284.43520000111,
              345522.55930000171
            ],
            [
              243282.8049999997,
              345526.62409999967
            ],
            [
              243281.53010000102,
              345526.72949999943
            ],
            [
              243276.58890000079,
              345542.89740000106
            ],
            [
              243272.76880000159,
              345556.2992000021
            ],
            [
              243272.53600000124,
              345557.36759999953
            ],
            [
              243269.37740000058,
              345568.88460000232
            ],
            [
              243267.41980000213,
              345573.66469999962
            ],
            [
              243263.57120000012,
              345585.12260000035
            ],
            [
              243260.23840000108,
              345595.0298999995
            ],
            [
              243257.76700000092,
              345604.06709999964
            ],
            [
              243257.08819999918,
              345609.48580000177
            ],
            [
              243256.82110000029,
              345614.48810000345
            ],
            [
              243256.82779999916,
              345622.46790000051
            ],
            [
              243254.86270000041,
              345631.89820000157
            ],
            [
              243254.84869999997,
              345634.77190000191
            ],
            [
              243255.81800000183,
              345641.84050000086
            ],
            [
              243255.9113000026,
              345651.44339999929
            ],
            [
              243255.85880000051,
              345659.46000000089
            ],
            [
              243252.83719999995,
              345669.96140000224
            ],
            [
              243250.27620000299,
              345676.79979999922
            ],
            [
              243246.62640000135,
              345679.8758000005
            ],
            [
              243244.18159999978,
              345681.90059999935
            ],
            [
              243235.34740000125,
              345692.21820000187
            ],
            [
              243233.92949999962,
              345694.62739999965
            ],
            [
              243231.01159999985,
              345698.41070000269
            ],
            [
              243223.71979999915,
              345707.73660000041
            ],
            [
              243215.63240000047,
              345715.65220000222
            ],
            [
              243208.122100004,
              345722.03289999999
            ],
            [
              243207.20749999955,
              345722.91200000234
            ],
            [
              243201.26040000189,
              345726.06380000338
            ],
            [
              243198.32159999944,
              345726.42070000246
            ],
            [
              243196.11110000033,
              345728.42909999937
            ],
            [
              243195.51910000015,
              345730.53719999827
            ],
            [
              243194.90240000095,
              345734.13340000249
            ],
            [
              243192.64130000025,
              345737.38690000214
            ],
            [
              243190.61660000216,
              345740.37170000002
            ],
            [
              243189.76400000416,
              345748.41180000268
            ],
            [
              243186.13719999976,
              345753.66800000332
            ],
            [
              243181.36640000157,
              345759.14100000262
            ],
            [
              243178.48910000082,
              345762.24860000052
            ],
            [
              243175.30569999944,
              345763.78610000201
            ],
            [
              243172.4897000026,
              345767.98340000026
            ],
            [
              243169.5588999996,
              345770.7313000001
            ],
            [
              243165.87120000087,
              345777.21600000188
            ],
            [
              243168.1966000041,
              345783.54659999907
            ],
            [
              243168.41579999961,
              345786.82130000368
            ],
            [
              243170.68340000138,
              345791.59420000017
            ],
            [
              243174.75610000174,
              345796.41290000267
            ],
            [
              243180.0931000011,
              345801.74940000288
            ],
            [
              243184.98610000033,
              345804.78639999963
            ],
            [
              243187.04130000342,
              345809.54890000261
            ],
            [
              243190.94409999996,
              345815.66489999928
            ],
            [
              243193.54720000271,
              345819.86410000175
            ],
            [
              243193.80000000075,
              345826.26889999956
            ],
            [
              243194.47070000134,
              345829.15300000459
            ],
            [
              243196.14389999956,
              345836.04340000264
            ],
            [
              243196.31970000081,
              345845.13060000166
            ],
            [
              243196.7042000005,
              345848.74110000208
            ],
            [
              243196.76269999985,
              345855.41899999976
            ],
            [
              243196.90930000041,
              345864.29230000265
            ],
            [
              243195.4112000037,
              345873.76219999976
            ],
            [
              243194.54900000058,
              345877.00359999947
            ],
            [
              243195.18020000122,
              345879.75819999911
            ],
            [
              243195.191300001,
              345890.00870000198
            ],
            [
              243197.29570000246,
              345903.36490000039
            ],
            [
              243198.6679000007,
              345908.20770000294
            ],
            [
              243198.74710000027,
              345913.75109999999
            ],
            [
              243201.80229999963,
              345920.33210000582
            ],
            [
              243202.22440000065,
              345925.57950000279
            ],
            [
              243202.27940000035,
              345926.73300000094
            ],
            [
              243203.8038000036,
              345934.03970000334
            ],
            [
              243202.33470000047,
              345948.09610000066
            ],
            [
              243202.76720000338,
              345949.64210000262
            ],
            [
              243203.71530000307,
              345952.77170000225
            ],
            [
              243202.7136000013,
              345957.54719999991
            ],
            [
              243202.19370000064,
              345963.05970000103
            ],
            [
              243204.43130000215,
              345973.98000000045
            ],
            [
              243203.65150000062,
              345976.82210000232
            ],
            [
              243204.15350000188,
              345984.32990000024
            ],
            [
              243205.18660000153,
              345987.13430000097
            ],
            [
              243209.41629999969,
              345989.29389999993
            ],
            [
              243212.70299999882,
              345993.4951000046
            ],
            [
              243214.91240000073,
              346010.21859999932
            ],
            [
              243215.23670000024,
              346016.83269999921
            ],
            [
              243214.82070000097,
              346019.69519999996
            ],
            [
              243215.33959999867,
              346025.30580000207
            ],
            [
              243212.96320000198,
              346033.4579000026
            ],
            [
              243210.93969999999,
              346038.96860000119
            ],
            [
              243210.61260000151,
              346045.29260000214
            ],
            [
              243209.87470000051,
              346049.43219999969
            ],
            [
              243206.42040000111,
              346068.76950000226
            ],
            [
              243200.50680000149,
              346093.11690000072
            ],
            [
              243198.27350000013,
              346105.65630000085
            ],
            [
              243199.19570000377,
              346110.05590000376
            ],
            [
              243200.3591,
              346117.42500000075
            ],
            [
              243201.43120000325,
              346122.1659000013
            ],
            [
              243206.60700000171,
              346128.63680000044
            ],
            [
              243208.20450000279,
              346133.92710000463
            ],
            [
              243202.07720000111,
              346150.76819999889
            ],
            [
              243199.73680000193,
              346155.27510000207
            ],
            [
              243197.18710000254,
              346164.60970000178
            ],
            [
              243196.85199999996,
              346172.76669999957
            ],
            [
              243196.27330000047,
              346179.84260000102
            ],
            [
              243192.13210000377,
              346197.51440000162
            ],
            [
              243189.3685000008,
              346206.36900000088
            ],
            [
              243184.03399999999,
              346215.159500001
            ],
            [
              243179.0886000013,
              346221.07860000245
            ],
            [
              243175.86720000021,
              346228.45030000061
            ],
            [
              243172.4243000038,
              346236.68969999999
            ],
            [
              243169.39350000303,
              346242.15800000168
            ],
            [
              243166.83079999965,
              346245.44420000166
            ],
            [
              243161.8095000023,
              346255.39329999872
            ],
            [
              243158.70320000127,
              346264.8038000036
            ],
            [
              243153.45870000403,
              346277.70739999786
            ],
            [
              243150.49410000257,
              346287.87089999951
            ],
            [
              243146.57660000026,
              346301.08369999938
            ],
            [
              243146.95559999999,
              346308.47550000064
            ],
            [
              243148.46070000157,
              346314.70630000159
            ],
            [
              243147.71259999927,
              346320.48189999908
            ],
            [
              243148.94920000155,
              346327.59160000272
            ],
            [
              243152.29970000125,
              346332.88200000115
            ],
            [
              243153.48500000313,
              346338.02089999989
            ],
            [
              243155.08700000122,
              346340.92380000092
            ],
            [
              243157.48690000083,
              346349.13399999961
            ],
            [
              243160.44230000302,
              346352.69459999911
            ],
            [
              243163.48280000128,
              346355.5698000025
            ],
            [
              243164.87289999984,
              346359.51060000248
            ],
            [
              243166.24980000034,
              346363.22900000028
            ],
            [
              243165.80630000308,
              346378.00510000437
            ],
            [
              243165.34680000134,
              346380.72049999796
            ],
            [
              243166.80440000072,
              346386.36079999991
            ],
            [
              243167.87760000117,
              346396.99609999917
            ],
            [
              243167.95660000108,
              346405.72949999943
            ],
            [
              243166.80709999986,
              346410.46610000171
            ],
            [
              243161.1408000011,
              346423.83220000006
            ],
            [
              243156.47870000079,
              346432.64489999972
            ],
            [
              243153.04310000222,
              346445.07210000046
            ],
            [
              243152.41160000116,
              346445.47820000537
            ],
            [
              243150.68740000017,
              346450.6501000002
            ],
            [
              243148.98869999964,
              346466.2106999997
            ],
            [
              243149.00230000075,
              346468.10799999721
            ],
            [
              243145.36980000045,
              346474.21930000372
            ],
            [
              243141.40039999969,
              346480.97070000134
            ],
            [
              243138.09090000298,
              346489.28770000115
            ],
            [
              243133.37520000245,
              346498.2583000008
            ],
            [
              243128.7042000005,
              346502.67180000059
            ],
            [
              243122.77850000095,
              346509.32060000114
            ],
            [
              243116.73610000219,
              346515.02040000446
            ],
            [
              243114.46990000084,
              346516.23699999973
            ],
            [
              243108.53740000073,
              346519.62150000408
            ],
            [
              243104.48210000247,
              346522.22450000234
            ],
            [
              243098.02730000298,
              346525.29610000178
            ],
            [
              243091.82969999965,
              346527.50220000185
            ],
            [
              243090.01630000211,
              346533.46349999867
            ],
            [
              243086.63430000097,
              346538.00430000015
            ],
            [
              243084.07150000334,
              346542.51180000417
            ],
            [
              243080.3207000019,
              346544.88379999995
            ],
            [
              243078.22560000047,
              346549.92369999923
            ],
            [
              243076.58600000292,
              346554.88220000267
            ],
            [
              243072.29660000093,
              346561.97609999962
            ],
            [
              243069.90699999966,
              346571.43230000138
            ],
            [
              243066.31500000414,
              346580.14790000208
            ],
            [
              243066.04060000088,
              346585.12230000086
            ],
            [
              243065.76330000162,
              346591.36690000072
            ],
            [
              243065.8589000022,
              346596.01210000366
            ],
            [
              243064.48400000017,
              346602.71100000106
            ],
            [
              243066.31290000305,
              346608.74660000019
            ],
            [
              243068.14770000335,
              346613.59160000272
            ],
            [
              243071.1052000029,
              346618.4048999995
            ],
            [
              243073.78250000253,
              346624.66770000197
            ],
            [
              243074.81460000109,
              346630.81100000441
            ],
            [
              243075.45770000294,
              346637.39880000241
            ],
            [
              243077.6175000025,
              346639.32520000264
            ],
            [
              243080.52140000183,
              346645.79370000027
            ],
            [
              243079.42380000371,
              346651.59170000069
            ],
            [
              243080.99950000364,
              346655.12420000136
            ],
            [
              243083.19100000057,
              346664.5933000017
            ],
            [
              243083.21950000059,
              346666.5372999981
            ],
            [
              243085.50540000107,
              346675.32790000178
            ],
            [
              243088.73790000286,
              346684.4114000015
            ],
            [
              243089.03210000135,
              346690.99750000238
            ],
            [
              243090.74310000055,
              346696.3256000001
            ],
            [
              243089.75950000063,
              346700.52460000105
            ],
            [
              243089.47329999972,
              346707.92630000226
            ],
            [
              243089.28790000081,
              346710.17610000074
            ],
            [
              243086.73699999973,
              346718.49680000171
            ],
            [
              243085.99260000046,
              346724.9756000042
            ],
            [
              243079.99670000002,
              346735.20470000245
            ],
            [
              243075.04950000066,
              346741.85840000026
            ],
            [
              243071.21800000034,
              346753.07469999976
            ],
            [
              243071.17389999982,
              346760.07570000365
            ],
            [
              243071.47720000148,
              346765.31509999931
            ],
            [
              243069.50030000228,
              346775.71270000003
            ],
            [
              243066.31340000127,
              346785.38820000179
            ],
            [
              243062.61349999998,
              346792.98369999975
            ],
            [
              243061.11790000089,
              346803.60710000247
            ],
            [
              243061.15990000125,
              346811.45979999937
            ],
            [
              243062.76580000296,
              346816.8617000021
            ],
            [
              243065.31550000049,
              346821.94940000027
            ],
            [
              243064.72350000031,
              346828.59000000171
            ],
            [
              243064.55169999972,
              346832.27309999987
            ],
            [
              243064.65960000083,
              346833.93239999935
            ],
            [
              243066.42559999973,
              346837.32200000063
            ],
            [
              243067.22460000403,
              346843.95730000362
            ],
            [
              243067.30810000002,
              346849.27720000222
            ],
            [
              243068.43670000136,
              346852.69590000436
            ],
            [
              243068.48950000107,
              346854.34240000322
            ],
            [
              243065.85869999975,
              346860.38409999944
            ],
            [
              243065.54949999973,
              346864.70729999989
            ],
            [
              243067.02320000157,
              346868.90890000015
            ],
            [
              243069.57660000119,
              346875.69200000353
            ],
            [
              243074.05650000088,
              346883.96030000225
            ],
            [
              243077.8574000001,
              346888.50150000118
            ],
            [
              243087.19369999878,
              346896.38710000366
            ],
            [
              243092.87150000129,
              346904.79410000145
            ],
            [
              243096.93650000077,
              346911.11030000262
            ],
            [
              243101.87479999941,
              346917.18870000169
            ],
            [
              243107.02380000055,
              346923.61240000091
            ],
            [
              243107.65120000206,
              346931.8554999996
            ],
            [
              243111.84220000077,
              346941.88319999911
            ],
            [
              243115.77550000139,
              346950.30969999917
            ],
            [
              243119.51150000095,
              346958.78180000186
            ],
            [
              243122.77530000173,
              346967.62380000018
            ],
            [
              243123.6241000006,
              346973.98800000176
            ],
            [
              243124.80900000129,
              346979.12800000235
            ],
            [
              243124.29530000035,
              346987.76559999958
            ],
            [
              243125.2956000017,
              346993.95759999938
            ],
            [
              243128.20130000357,
              346998.83830000274
            ],
            [
              243136.23790000379,
              347005.05810000189
            ],
            [
              243141.37899999879,
              347011.52810000442
            ],
            [
              243146.20380000025,
              347019.09420000017
            ],
            [
              243149.78910000063,
              347022.65500000119
            ],
            [
              243154.36139999982,
              347027.55990000442
            ],
            [
              243159.41019999981,
              347032.7368999999
            ],
            [
              243164.32430000044,
              347037.5511000026
            ],
            [
              243168.82030000072,
              347039.70570000261
            ],
            [
              243173.84860000294,
              347040.9821000006
            ],
            [
              243182.12849999964,
              347043.00340000167
            ],
            [
              243189.95470000152,
              347047.849700002
            ],
            [
              243190.26250000112,
              347048.50220000185
            ],
            [
              243196.88390000165,
              347054.68200000189
            ],
            [
              243203.76230000239,
              347057.93340000138
            ],
            [
              243215.505400002,
              347062.09190000221
            ],
            [
              243224.34200000111,
              347065.02740000188
            ],
            [
              243227.20930000208,
              347067.14870000258
            ],
            [
              243231.61990000028,
              347070.56640000269
            ],
            [
              243234.20969999954,
              347073.85170000046
            ],
            [
              243235.96010000072,
              347078.4804999996
            ],
            [
              243240.22950000223,
              347087.12670000084
            ],
            [
              243243.64790000301,
              347092.7826000005
            ],
            [
              243246.44419999979,
              347096.66369999945
            ],
            [
              243250.0288000023,
              347107.33890000172
            ],
            [
              243251.57259999961,
              347118.04729999974
            ],
            [
              243251.73830000125,
              347127.77629999816
            ],
            [
              243251.96770000085,
              347133.56860000081
            ],
            [
              243256.74650000315,
              347143.61180000193
            ],
            [
              243258.53980000038,
              347146.81570000388
            ]
          ]
        ]
      }
    }
  ]
}