{
  "displayFieldName" : "",
  "fieldAliases" : {
    "FID" : "FID",
    "PMNTN_SPOT" : "PMNTN_SPOT",
    "MNTN_CODE" : "MNTN_CODE",
    "MANAGE_SP1" : "MANAGE_SP1",
    "MANAGE_SP2" : "MANAGE_SP2",
    "DETAIL_SPO" : "DETAIL_SPO",
    "ETC_MATTER" : "ETC_MATTER",
    "MNTN_NM" : "MNTN_NM",
    "PAST_SPOT_" : "PAST_SPOT_",
    "MNTN_ID" : "MNTN_ID"
  },
  "geometryType" : "esriGeometryPoint",
  "spatialReference" : {
    "wkt" : "PROJCS[\"PCS_ITRF2000_TM\",GEOGCS[\"GCS_ITRF_2000\",DATUM[\"D_ITRF_2000\",SPHEROID[\"GRS_1980\",6378137.0,298.257222101]],PRIMEM[\"Greenwich\",0.0],UNIT[\"Degree\",0.0174532925199433]],PROJECTION[\"Transverse_Mercator\"],PARAMETER[\"False_Easting\",200000.0],PARAMETER[\"False_Northing\",600000.0],PARAMETER[\"Central_Meridian\",127.0],PARAMETER[\"Scale_Factor\",1.0],PARAMETER[\"Latitude_Of_Origin\",38.0],UNIT[\"Meter\",1.0]]"
  },
  "fields" : [
    {
      "name" : "FID",
      "type" : "esriFieldTypeOID",
      "alias" : "FID"
    },
    {
      "name" : "PMNTN_SPOT",
      "type" : "esriFieldTypeDouble",
      "alias" : "PMNTN_SPOT"
    },
    {
      "name" : "MNTN_CODE",
      "type" : "esriFieldTypeString",
      "alias" : "MNTN_CODE",
      "length" : 9
    },
    {
      "name" : "MANAGE_SP1",
      "type" : "esriFieldTypeString",
      "alias" : "MANAGE_SP1",
      "length" : 2
    },
    {
      "name" : "MANAGE_SP2",
      "type" : "esriFieldTypeString",
      "alias" : "MANAGE_SP2",
      "length" : 50
    },
    {
      "name" : "DETAIL_SPO",
      "type" : "esriFieldTypeString",
      "alias" : "DETAIL_SPO",
      "length" : 200
    },
    {
      "name" : "ETC_MATTER",
      "type" : "esriFieldTypeString",
      "alias" : "ETC_MATTER",
      "length" : 200
    },
    {
      "name" : "MNTN_NM",
      "type" : "esriFieldTypeString",
      "alias" : "MNTN_NM",
      "length" : 50
    },
    {
      "name" : "PAST_SPOT_",
      "type" : "esriFieldTypeString",
      "alias" : "PAST_SPOT_",
      "length" : 14
    },
    {
      "name" : "MNTN_ID",
      "type" : "esriFieldTypeString",
      "alias" : "MNTN_ID",
      "length" : 10
    }
  ],
  "features" : [
    {
      "attributes" : {
        "FID" : 0,
        "PMNTN_SPOT" : 89259,
        "MNTN_CODE" : "431104801",
        "MANAGE_SP1" : "01",
        "MANAGE_SP2" : "시종점",
        "DETAIL_SPO" : "시종점",
        "ETC_MATTER" : " ",
        "MNTN_NM" : "팔봉산",
        "PAST_SPOT_" : "4311048010001",
        "MNTN_ID" : "431104801"
      },
      "geometry" : {
        "x" : 236647.07280000113,
        "y" : 442736.1007000003
      }
    },
    {
      "attributes" : {
        "FID" : 1,
        "PMNTN_SPOT" : 89260,
        "MNTN_CODE" : "431104801",
        "MANAGE_SP1" : "01",
        "MANAGE_SP2" : "시종점",
        "DETAIL_SPO" : "시종점",
        "ETC_MATTER" : " ",
        "MNTN_NM" : "팔봉산",
        "PAST_SPOT_" : "4311048010002",
        "MNTN_ID" : "431104801"
      },
      "geometry" : {
        "x" : 236892.72609999962,
        "y" : 442174.57140000165
      }
    },
    {
      "attributes" : {
        "FID" : 2,
        "PMNTN_SPOT" : 89261,
        "MNTN_CODE" : "431104801",
        "MANAGE_SP1" : "01",
        "MANAGE_SP2" : "시종점",
        "DETAIL_SPO" : "시종점",
        "ETC_MATTER" : " ",
        "MNTN_NM" : "팔봉산",
        "PAST_SPOT_" : "4311048010003",
        "MNTN_ID" : "431104801"
      },
      "geometry" : {
        "x" : 237015.63080000225,
        "y" : 440981.38280000165
      }
    },
    {
      "attributes" : {
        "FID" : 3,
        "PMNTN_SPOT" : 89262,
        "MNTN_CODE" : "431104801",
        "MANAGE_SP1" : "02",
        "MANAGE_SP2" : "분기점",
        "DETAIL_SPO" : "분기점",
        "ETC_MATTER" : " ",
        "MNTN_NM" : "팔봉산",
        "PAST_SPOT_" : "4311048010004",
        "MNTN_ID" : "431104801"
      },
      "geometry" : {
        "x" : 237373.75840000063,
        "y" : 442005.31200000085
      }
    },
    {
      "attributes" : {
        "FID" : 4,
        "PMNTN_SPOT" : 89263,
        "MNTN_CODE" : "431104801",
        "MANAGE_SP1" : "02",
        "MANAGE_SP2" : "분기점",
        "DETAIL_SPO" : "분기점",
        "ETC_MATTER" : " ",
        "MNTN_NM" : "팔봉산",
        "PAST_SPOT_" : "4311048010005",
        "MNTN_ID" : "431104801"
      },
      "geometry" : {
        "x" : 237429.74750000052,
        "y" : 442200.1715000011
      }
    },
    {
      "attributes" : {
        "FID" : 5,
        "PMNTN_SPOT" : 89264,
        "MNTN_CODE" : "431104801",
        "MANAGE_SP1" : "02",
        "MANAGE_SP2" : "분기점",
        "DETAIL_SPO" : "분기점",
        "ETC_MATTER" : " ",
        "MNTN_NM" : "팔봉산",
        "PAST_SPOT_" : "4311048010006",
        "MNTN_ID" : "431104801"
      },
      "geometry" : {
        "x" : 237598.30890000053,
        "y" : 442009.28889999725
      }
    },
    {
      "attributes" : {
        "FID" : 6,
        "PMNTN_SPOT" : 89265,
        "MNTN_CODE" : "431104801",
        "MANAGE_SP1" : "02",
        "MANAGE_SP2" : "분기점",
        "DETAIL_SPO" : "분기점",
        "ETC_MATTER" : " ",
        "MNTN_NM" : "팔봉산",
        "PAST_SPOT_" : "4311048010007",
        "MNTN_ID" : "431104801"
      },
      "geometry" : {
        "x" : 237676.43379999977,
        "y" : 441815.82510000095
      }
    },
    {
      "attributes" : {
        "FID" : 7,
        "PMNTN_SPOT" : 89266,
        "MNTN_CODE" : "431104801",
        "MANAGE_SP1" : "01",
        "MANAGE_SP2" : "시종점",
        "DETAIL_SPO" : "시종점",
        "ETC_MATTER" : " ",
        "MNTN_NM" : "팔봉산",
        "PAST_SPOT_" : "4311048010008",
        "MNTN_ID" : "431104801"
      },
      "geometry" : {
        "x" : 237691.47440000065,
        "y" : 441520.98950000107
      }
    },
    {
      "attributes" : {
        "FID" : 8,
        "PMNTN_SPOT" : 89267,
        "MNTN_CODE" : "431104801",
        "MANAGE_SP1" : "01",
        "MANAGE_SP2" : "시종점",
        "DETAIL_SPO" : "시종점",
        "ETC_MATTER" : " ",
        "MNTN_NM" : "팔봉산",
        "PAST_SPOT_" : "4311048010009",
        "MNTN_ID" : "431104801"
      },
      "geometry" : {
        "x" : 237813.66060000099,
        "y" : 441738.74550000019
      }
    },
    {
      "attributes" : {
        "FID" : 9,
        "PMNTN_SPOT" : 89268,
        "MNTN_CODE" : "431104801",
        "MANAGE_SP1" : "01",
        "MANAGE_SP2" : "시종점",
        "DETAIL_SPO" : "시종점",
        "ETC_MATTER" : " ",
        "MNTN_NM" : "팔봉산",
        "PAST_SPOT_" : "4311048010010",
        "MNTN_ID" : "431104801"
      },
      "geometry" : {
        "x" : 238046.19370000158,
        "y" : 442084.94510000013
      }
    }
  ]
}