{
  "displayFieldName" : "",
  "fieldAliases" : {
    "FID" : "FID",
    "PMNTN_SN" : "PMNTN_SN",
    "MNTN_CODE" : "MNTN_CODE",
    "MNTN_NM" : "MNTN_NM",
    "PMNTN_NM" : "PMNTN_NM",
    "PMNTN_MAIN" : "PMNTN_MAIN",
    "PMNTN_LT" : "PMNTN_LT",
    "PMNTN_DFFL" : "PMNTN_DFFL",
    "PMNTN_UPPL" : "PMNTN_UPPL",
    "PMNTN_GODN" : "PMNTN_GODN",
    "PMNTN_MTRQ" : "PMNTN_MTRQ",
    "PMNTN_CNRL" : "PMNTN_CNRL",
    "PMNTN_CLS_" : "PMNTN_CLS_",
    "PMNTN_RISK" : "PMNTN_RISK",
    "PMNTN_RECO" : "PMNTN_RECO",
    "DATA_STDR_" : "DATA_STDR_",
    "MNTN_ID" : "MNTN_ID"
  },
  "geometryType" : "esriGeometryPolyline",
  "spatialReference" : {
    "wkt" : "PROJCS[\"PCS_ITRF2000_TM\",GEOGCS[\"GCS_ITRF_2000\",DATUM[\"D_ITRF_2000\",SPHEROID[\"GRS_1980\",6378137.0,298.257222101]],PRIMEM[\"Greenwich\",0.0],UNIT[\"Degree\",0.0174532925199433]],PROJECTION[\"Transverse_Mercator\"],PARAMETER[\"False_Easting\",200000.0],PARAMETER[\"False_Northing\",600000.0],PARAMETER[\"Central_Meridian\",127.0],PARAMETER[\"Scale_Factor\",1.0],PARAMETER[\"Latitude_Of_Origin\",38.0],UNIT[\"Meter\",1.0]]"
  },
  "fields" : [
    {
      "name" : "FID",
      "type" : "esriFieldTypeOID",
      "alias" : "FID"
    },
    {
      "name" : "PMNTN_SN",
      "type" : "esriFieldTypeDouble",
      "alias" : "PMNTN_SN"
    },
    {
      "name" : "MNTN_CODE",
      "type" : "esriFieldTypeString",
      "alias" : "MNTN_CODE",
      "length" : 9
    },
    {
      "name" : "MNTN_NM",
      "type" : "esriFieldTypeString",
      "alias" : "MNTN_NM",
      "length" : 50
    },
    {
      "name" : "PMNTN_NM",
      "type" : "esriFieldTypeString",
      "alias" : "PMNTN_NM",
      "length" : 50
    },
    {
      "name" : "PMNTN_MAIN",
      "type" : "esriFieldTypeString",
      "alias" : "PMNTN_MAIN",
      "length" : 200
    },
    {
      "name" : "PMNTN_LT",
      "type" : "esriFieldTypeSingle",
      "alias" : "PMNTN_LT"
    },
    {
      "name" : "PMNTN_DFFL",
      "type" : "esriFieldTypeString",
      "alias" : "PMNTN_DFFL",
      "length" : 8
    },
    {
      "name" : "PMNTN_UPPL",
      "type" : "esriFieldTypeDouble",
      "alias" : "PMNTN_UPPL"
    },
    {
      "name" : "PMNTN_GODN",
      "type" : "esriFieldTypeDouble",
      "alias" : "PMNTN_GODN"
    },
    {
      "name" : "PMNTN_MTRQ",
      "type" : "esriFieldTypeString",
      "alias" : "PMNTN_MTRQ",
      "length" : 200
    },
    {
      "name" : "PMNTN_CNRL",
      "type" : "esriFieldTypeString",
      "alias" : "PMNTN_CNRL",
      "length" : 1
    },
    {
      "name" : "PMNTN_CLS_",
      "type" : "esriFieldTypeString",
      "alias" : "PMNTN_CLS_",
      "length" : 1
    },
    {
      "name" : "PMNTN_RISK",
      "type" : "esriFieldTypeString",
      "alias" : "PMNTN_RISK",
      "length" : 200
    },
    {
      "name" : "PMNTN_RECO",
      "type" : "esriFieldTypeString",
      "alias" : "PMNTN_RECO",
      "length" : 1
    },
    {
      "name" : "DATA_STDR_",
      "type" : "esriFieldTypeString",
      "alias" : "DATA_STDR_",
      "length" : 10
    },
    {
      "name" : "MNTN_ID",
      "type" : "esriFieldTypeString",
      "alias" : "MNTN_ID",
      "length" : 10
    }
  ],
  "features" : [
    {
      "attributes" : {
        "FID" : 0,
        "PMNTN_SN" : 54421,
        "MNTN_CODE" : "416302101",
        "MNTN_NM" : "호명산",
        "PMNTN_NM" : "복지리구간",
        "PMNTN_MAIN" : " ",
        "PMNTN_LT" : 1.94,
        "PMNTN_DFFL" : "쉬움",
        "PMNTN_UPPL" : 34,
        "PMNTN_GODN" : 24,
        "PMNTN_MTRQ" : " ",
        "PMNTN_CNRL" : " ",
        "PMNTN_CLS_" : " ",
        "PMNTN_RISK" : " ",
        "PMNTN_RECO" : " ",
        "DATA_STDR_" : "2016-12-31",
        "MNTN_ID" : "416302101"
      },
      "geometry" : {
        "paths" : [
          [
            [
              200036.00800000131,
              575516.60350000113
            ],
            [
              200034.76690000109,
              575512.8125
            ],
            [
              200034.23200000171,
              575508.06939999945
            ],
            [
              200034.0241000019,
              575502.71639999934
            ],
            [
              200034.28560000192,
              575498.39890000038
            ],
            [
              200035.87640000042,
              575488.84380000271
            ],
            [
              200036.00800000131,
              575484.86150000244
            ],
            [
              200035.67669999972,
              575481.78330000304
            ],
            [
              200035.06210000068,
              575478.59290000424
            ],
            [
              200034.16250000056,
              575475.28220000118
            ],
            [
              200032.97420000099,
              575471.83689999767
            ],
            [
              200031.50530000217,
              575468.27080000192
            ],
            [
              200029.73060000129,
              575464.51530000195
            ],
            [
              200027.37770000193,
              575459.99509999901
            ],
            [
              200024.33380000014,
              575454.91590000317
            ],
            [
              200021.70220000017,
              575451.25260000117
            ],
            [
              200014.62730000075,
              575443.15369999781
            ],
            [
              200009.07919999957,
              575432.18339999951
            ],
            [
              200004.92190000042,
              575418.95550000295
            ],
            [
              200002.27630000003,
              575408.75119999982
            ],
            [
              200001.14250000101,
              575393.63360000215
            ],
            [
              200003.78809999954,
              575376.62630000338
            ],
            [
              200004.16600000113,
              575358.86320000142
            ],
            [
              200007.94540000055,
              575344.50149999931
            ],
            [
              200010.59100000095,
              575326.36040000245
            ],
            [
              200010.96890000068,
              575312.3767000027
            ],
            [
              200010.96890000068,
              575302.55020000227
            ],
            [
              200007.94540000055,
              575282.14150000177
            ],
            [
              200007.18950000126,
              575271.55920000188
            ],
            [
              200005.29980000015,
              575261.73280000128
            ],
            [
              200003.03220000025,
              575254.55200000294
            ],
            [
              200000,
              575252.34680000134
            ],
            [
              199998.8749000011,
              575251.52850000188
            ],
            [
              199994.3395999996,
              575245.85940000042
            ],
            [
              199990.07880000025,
              575233.66430000216
            ],
            [
              199987.94320000056,
              575219.60280000418
            ],
            [
              199985.17660000082,
              575201.38620000146
            ],
            [
              199977.03930000123,
              575187.14589999989
            ],
            [
              199959.50090000127,
              575173.23610000126
            ],
            [
              199957.28480000049,
              575171.47849999927
            ],
            [
              199936.35260000173,
              575159.3433000017
            ],
            [
              199923.46849999949,
              575141.03429999948
            ],
            [
              199916.27819999959,
              575119.88640000112
            ],
            [
              199911.94060000032,
              575107.12870000303
            ],
            [
              199909.22820000071,
              575081.36050000042
            ],
            [
              199905.8376000002,
              575050.16740000248
            ],
            [
              199901.09080000035,
              575031.85840000026
            ],
            [
              199880.74750000145,
              575006.76820000075
            ],
            [
              199849.55440000165,
              574984.39059999958
            ],
            [
              199837.34840000141,
              574964.04720000178
            ],
            [
              199824.46430000011,
              574941.66960000247
            ],
            [
              199804.79900000058,
              574915.22320000082
            ],
            [
              199772.92779999971,
              574896.91420000233
            ],
            [
              199760.72180000134,
              574887.42060000263
            ],
            [
              199743.09090000018,
              574873.85840000026
            ],
            [
              199740.9739000015,
              574871.45269999839
            ],
            [
              199728.17250000127,
              574856.90560000017
            ],
            [
              199715.28830000106,
              574835.20610000193
            ],
            [
              199709.86340000015,
              574812.82840000279
            ],
            [
              199704.2053999994,
              574777.62319999933
            ],
            [
              199697.65739999991,
              574736.87990000285
            ],
            [
              199683.4171000002,
              574671.78119999915
            ],
            [
              199674.60170000046,
              574621.60099999979
            ],
            [
              199670.53300000168,
              574590.40790000372
            ],
            [
              199665.10809999984,
              574557.85850000009
            ],
            [
              199668.49870000035,
              574535.48090000451
            ],
            [
              199668.49870000035,
              574515.81560000032
            ],
            [
              199670.53300000168,
              574505.64399999939
            ],
            [
              199671.88920000102,
              574485.97870000079
            ],
            [
              199671.21109999996,
              574466.31350000016
            ],
            [
              199668.49870000035,
              574449.36070000008
            ],
            [
              199667.14240000118,
              574435.79850000143
            ],
            [
              199665.7862000009,
              574422.91440000199
            ],
            [
              199667.14240000118,
              574411.38650000095
            ],
            [
              199675.27979999967,
              574395.789900003
            ],
            [
              199680.70470000058,
              574380.19339999929
            ],
            [
              199683.4171000002,
              574367.98740000278
            ],
            [
              199681.38279999979,
              574354.42510000058
            ],
            [
              199665.3096000012,
              574349.70160000212
            ],
            [
              199662.48209999967,
              574349.62710000388
            ],
            [
              199638.66180000082,
              574349.00030000135
            ],
            [
              199610.85919999983,
              574346.96590000205
            ],
            [
              199583.05659999885,
              574340.18480000086
            ],
            [
              199555.93220000062,
              574334.75990000181
            ],
            [
              199527.45150000136,
              574330.0131000001
            ],
            [
              199498.29270000011,
              574324.58830000088
            ],
            [
              199476.59320000093,
              574317.80709999986
            ],
            [
              199461.67470000219,
              574312.38220000081
            ],
            [
              199437.26270000078,
              574309.66980000213
            ],
            [
              199412.17260000203,
              574307.63550000079
            ],
            [
              199357.24560000002,
              574304.92300000042
            ],
            [
              199348.43010000139,
              574296.78570000269
            ],
            [
              199341.64900000021,
              574287.29210000113
            ],
            [
              199326.05240000132,
              574275.08610000089
            ],
            [
              199311.81210000068,
              574267.62690000236
            ],
            [
              199290.79060000088,
              574258.1333000008
            ],
            [
              199275.8722000001,
              574251.35219999962
            ],
            [
              199265.02240000013,
              574245.92730000056
            ],
            [
              199258.24130000081,
              574235.07760000229
            ],
            [
              199253.49450000096,
              574223.54970000125
            ],
            [
              199248.06960000005,
              574206.59689999931
            ],
            [
              199245.3572000023,
              574195.7471000012
            ],
            [
              199243.32290000096,
              574188.96600000001
            ],
            [
              199242.64470000099,
              574174.72560000047
            ],
            [
              199246.03530000057,
              574168.62260000221
            ],
            [
              199242.64470000099,
              574157.09479999915
            ],
            [
              199237.21990000084,
              574147.60119999945
            ],
            [
              199225.0139000006,
              574136.75140000135
            ],
            [
              199214.1640999997,
              574130.64839999937
            ],
            [
              199190.43020000029,
              574125.22350000031
            ],
            [
              199173.47740000021,
              574120.47670000046
            ],
            [
              199155.16839999985,
              574119.79860000126
            ],
            [
              199147.03100000136,
              574119.12050000206
            ]
          ]
        ]
      }
    },
    {
      "attributes" : {
        "FID" : 1,
        "PMNTN_SN" : 54422,
        "MNTN_CODE" : "416302101",
        "MNTN_NM" : "호명산",
        "PMNTN_NM" : "방성리구간",
        "PMNTN_MAIN" : " ",
        "PMNTN_LT" : 0.49,
        "PMNTN_DFFL" : "쉬움",
        "PMNTN_UPPL" : 9,
        "PMNTN_GODN" : 6,
        "PMNTN_MTRQ" : " ",
        "PMNTN_CNRL" : " ",
        "PMNTN_CLS_" : " ",
        "PMNTN_RISK" : " ",
        "PMNTN_RECO" : " ",
        "DATA_STDR_" : "2016-12-31",
        "MNTN_ID" : "416302101"
      },
      "geometry" : {
        "paths" : [
          [
            [
              200199.67779999971,
              575848.90300000086
            ],
            [
              200196.24799999967,
              575842.44980000146
            ],
            [
              200196.9505000012,
              575832.75500000082
            ],
            [
              200196.50240000058,
              575808.52170000039
            ],
            [
              200197.47119999956,
              575800.11620000191
            ],
            [
              200198.65000000037,
              575792.80890000239
            ],
            [
              200210.28320000134,
              575785.21240000241
            ],
            [
              200218.14499999955,
              575780.03630000167
            ],
            [
              200225.62610000093,
              575773.90380000323
            ],
            [
              200228.55540000182,
              575771.31189999916
            ],
            [
              200231.31379999965,
              575768.4189999979
            ],
            [
              200234.08660000097,
              575764.37639999948
            ],
            [
              200235.99730000086,
              575760.52370000258
            ],
            [
              200237.0951999994,
              575757.61710000224
            ],
            [
              200238.07519999985,
              575754.42060000263
            ],
            [
              200239.68790000025,
              575747.26550000161
            ],
            [
              200240.60700000171,
              575742.09009999968
            ],
            [
              200241.33930000011,
              575736.81390000135
            ],
            [
              200241.77530000173,
              575732.65910000354
            ],
            [
              200241.91779999994,
              575728.0308000017
            ],
            [
              200241.84219999984,
              575723.34650000185
            ],
            [
              200241.11459999997,
              575709.22350000404
            ],
            [
              200241.12050000019,
              575704.9327000007
            ],
            [
              200241.33930000011,
              575701.10410000198
            ],
            [
              200241.90600000229,
              575696.92930000089
            ],
            [
              200243.92150000017,
              575686.18420000188
            ],
            [
              200244.28560000099,
              575681.67000000365
            ],
            [
              200243.79370000027,
              575674.71610000171
            ],
            [
              200242.52440000046,
              575668.6512000002
            ],
            [
              200240.50160000101,
              575661.96680000052
            ],
            [
              200237.37150000036,
              575653.49100000225
            ],
            [
              200235.26420000009,
              575648.79160000198
            ],
            [
              200229.68430000171,
              575638.40220000036
            ],
            [
              200227.45210000034,
              575633.65230000205
            ],
            [
              200225.68800000101,
              575628.45840000175
            ],
            [
              200223.19510000199,
              575618.42870000191
            ],
            [
              200222.2527999999,
              575615.2667999994
            ],
            [
              200220.97520000208,
              575611.79970000125
            ],
            [
              200219.51660000067,
              575608.85380000249
            ],
            [
              200217.99910000153,
              575606.44100000151
            ],
            [
              200216.22000000067,
              575604.02940000035
            ],
            [
              200211.79990000185,
              575599.10950000025
            ],
            [
              200206.51950000133,
              575594.23699999973
            ],
            [
              200196.70199999958,
              575586.03920000233
            ],
            [
              200190.78630000073,
              575581.5175999999
            ],
            [
              200177.19359999988,
              575572.32239999995
            ],
            [
              200171.90350000095,
              575568.18430000171
            ],
            [
              200168.76280000061,
              575565.32100000232
            ],
            [
              200165.42630000133,
              575561.97440000437
            ],
            [
              200153.92020000052,
              575549.33540000208
            ],
            [
              200149.08900000155,
              575544.37780000083
            ],
            [
              200141.61550000217,
              575536.87829999998
            ],
            [
              200136.44699999969,
              575532.06590000167
            ],
            [
              200132.23640000168,
              575528.47110000066
            ],
            [
              200128.2582000019,
              575525.53100000322
            ],
            [
              200121.94859999977,
              575521.5166000016
            ],
            [
              200115.8852000013,
              575518.19870000146
            ],
            [
              200110.05329999886,
              575515.56920000166
            ],
            [
              200104.45170000102,
              575513.627700001
            ],
            [
              200098.28780000191,
              575512.25919999927
            ],
            [
              200091.26270000078,
              575511.50689999945
            ],
            [
              200083.35419999901,
              575511.32290000096
            ],
            [
              200076.58150000125,
              575511.36940000206
            ],
            [
              200071.71770000085,
              575511.64380000345
            ],
            [
              200068.55460000038,
              575511.98790000193
            ],
            [
              200064.78520000074,
              575512.83500000089
            ],
            [
              200060.85960000008,
              575513.96710000187
            ],
            [
              200049.54449999984,
              575517.79530000128
            ],
            [
              200045.12700000033,
              575518.88770000264
            ],
            [
              200038.90580000076,
              575518.94470000267
            ],
            [
              200036.00800000131,
              575516.60350000113
            ]
          ]
        ]
      }
    },
    {
      "attributes" : {
        "FID" : 2,
        "PMNTN_SN" : 54423,
        "MNTN_CODE" : "416302101",
        "MNTN_NM" : "호명산",
        "PMNTN_NM" : "복지리구간",
        "PMNTN_MAIN" : " ",
        "PMNTN_LT" : 0.86,
        "PMNTN_DFFL" : "쉬움",
        "PMNTN_UPPL" : 15,
        "PMNTN_GODN" : 11,
        "PMNTN_MTRQ" : " ",
        "PMNTN_CNRL" : " ",
        "PMNTN_CLS_" : " ",
        "PMNTN_RISK" : " ",
        "PMNTN_RECO" : " ",
        "DATA_STDR_" : "2016-12-31",
        "MNTN_ID" : "416302101"
      },
      "geometry" : {
        "paths" : [
          [
            [
              199679.93409999926,
              576150.29519999959
            ],
            [
              199677.74760000035,
              576142.75680000149
            ],
            [
              199675.86760000139,
              576135.17929999903
            ],
            [
              199674.29430000018,
              576127.5625
            ],
            [
              199673.02749999985,
              576119.90640000068
            ],
            [
              199671.08660000097,
              576105.15789999999
            ],
            [
              199670.57100000046,
              576099.43550000153
            ],
            [
              199670.29639999941,
              576094.20610000007
            ],
            [
              199670.25800000131,
              576089.17119999975
            ],
            [
              199670.46850000042,
              576084.43900000118
            ],
            [
              199670.93030000106,
              576079.95940000005
            ],
            [
              199671.64620000124,
              576075.70460000448
            ],
            [
              199672.91770000104,
              576069.95000000112
            ],
            [
              199674.19519999996,
              576065.27760000154
            ],
            [
              199675.60460000113,
              576061.22990000062
            ],
            [
              199677.17150000017,
              576057.74760000221
            ],
            [
              199678.75540000014,
              576055.16559999995
            ],
            [
              199680.7675999999,
              576052.75699999928
            ],
            [
              199683.22710000165,
              576050.4979000017
            ],
            [
              199686.17700000107,
              576048.34870000184
            ],
            [
              199689.17760000098,
              576046.5382000003
            ],
            [
              199692.72200000193,
              576044.6958000008
            ],
            [
              199706.60480000079,
              576038.47110000253
            ],
            [
              199712.14120000042,
              576035.67980000004
            ],
            [
              199714.92470000125,
              576034.01950000226
            ],
            [
              199717.36459999997,
              576032.32840000279
            ],
            [
              199720.440200001,
              576029.65729999915
            ],
            [
              199724.15890000109,
              576025.51730000041
            ],
            [
              199726.87740000058,
              576021.96129999869
            ],
            [
              199729.55010000058,
              576018.04460000247
            ],
            [
              199732.21430000197,
              576013.71270000003
            ],
            [
              199737.40270000044,
              576004.1129999999
            ],
            [
              199744.8554999996,
              575988.68219999969
            ],
            [
              199749.01420000102,
              575979.58570000157
            ],
            [
              199752.93710000161,
              575970.097000001
            ],
            [
              199756.61799999978,
              575960.23059999943
            ],
            [
              199760.04990000091,
              575950.00560000166
            ],
            [
              199762.16400000174,
              575942.47110000253
            ],
            [
              199766.21349999961,
              575925.47770000249
            ],
            [
              199768.33779999986,
              575918.23550000228
            ],
            [
              199769.44520000089,
              575915.37250000425
            ],
            [
              199770.96000000183,
              575912.22370000184
            ],
            [
              199777.87599999923,
              575900.21429999918
            ],
            [
              199780.35190000106,
              575895.17360000312
            ],
            [
              199781.66550000012,
              575891.13719999976
            ],
            [
              199782.19750000071,
              575886.25019999966
            ],
            [
              199781.44639999978,
              575881.87240000069
            ],
            [
              199780.0392000014,
              575878.30340000056
            ],
            [
              199778.31130000018,
              575874.94959999993
            ],
            [
              199774.06680000015,
              575867.52580000088
            ],
            [
              199772.48170000222,
              575864.36449999921
            ],
            [
              199770.63180000056,
              575860.7910999991
            ],
            [
              199765.8916000016,
              575852.77870000154
            ],
            [
              199763.84240000136,
              575848.45860000327
            ],
            [
              199762.85320000071,
              575844.72819999792
            ],
            [
              199763.19450000208,
              575840.94810000062
            ],
            [
              199765.54879999999,
              575836.89070000127
            ],
            [
              199768.09439999983,
              575834.3004999999
            ],
            [
              199775.9793999996,
              575827.30289999954
            ],
            [
              199778.68260000087,
              575823.99090000056
            ],
            [
              199780.79189999867,
              575820.02160000056
            ],
            [
              199781.99940000102,
              575816.8489000015
            ],
            [
              199783.02099999972,
              575813.38139999844
            ],
            [
              199783.87200000137,
              575809.56699999981
            ],
            [
              199785.05370000005,
              575801.3916000016
            ],
            [
              199786.2948000012,
              575787.01130000129
            ],
            [
              199786.69049999956,
              575780.9785999991
            ],
            [
              199786.81940000225,
              575774.23139999993
            ],
            [
              199786.2948000012,
              575752.4785999991
            ],
            [
              199786.01840000227,
              575746.41119999997
            ],
            [
              199784.70639999956,
              575728.53839999996
            ],
            [
              199784.6370000001,
              575722.9328000024
            ],
            [
              199784.91340000182,
              575717.94590000436
            ],
            [
              199785.53619999997,
              575712.87759999931
            ],
            [
              199786.45770000108,
              575707.64490000159
            ],
            [
              199787.6809000019,
              575702.23079999723
            ],
            [
              199789.21190000139,
              575696.60770000331
            ],
            [
              199791.04490000103,
              575690.7862999998
            ],
            [
              199793.21070000064,
              575684.65949999727
            ],
            [
              199798.7265000008,
              575670.98149999976
            ],
            [
              199800.82400000002,
              575666.37150000036
            ],
            [
              199803.20830000006,
              575661.63920000009
            ],
            [
              199808.95580000058,
              575651.5792999994
            ],
            [
              199815.32940000016,
              575641.63090000115
            ],
            [
              199829.11529999971,
              575621.25440000184
            ],
            [
              199836.31000000052,
              575610.86340000108
            ],
            [
              199852.80140000023,
              575588.24259999953
            ],
            [
              199859.50400000066,
              575578.43390000239
            ],
            [
              199869.03610000014,
              575562.67700000107
            ],
            [
              199873.31709999964,
              575556.33300000243
            ],
            [
              199877.1333000008,
              575551.37369999848
            ],
            [
              199881.1361000007,
              575546.54990000091
            ],
            [
              199885.30310000107,
              575541.88850000128
            ],
            [
              199889.61270000041,
              575537.41390000097
            ],
            [
              199894.04100000113,
              575533.15050000139
            ],
            [
              199898.56960000098,
              575529.1157000009
            ],
            [
              199903.17860000115,
              575525.32740000077
            ],
            [
              199907.8498000009,
              575521.8003000021
            ],
            [
              199914.41680000164,
              575517.19429999962
            ],
            [
              199920.42890000064,
              575513.27270000055
            ],
            [
              199926.13150000013,
              575509.87570000254
            ],
            [
              199931.59770000074,
              575506.96140000224
            ],
            [
              199936.92420000024,
              575504.48250000179
            ],
            [
              199942.09549999982,
              575502.45079999976
            ],
            [
              199947.13370000012,
              575500.85779999755
            ],
            [
              199953.22910000104,
              575499.54710000008
            ],
            [
              199957.15330000035,
              575499.32460000366
            ],
            [
              199967.04810000025,
              575499.96280000173
            ],
            [
              199970.72080000117,
              575499.97519999929
            ],
            [
              199975.23620000016,
              575499.05199999735
            ],
            [
              199995.47340000048,
              575498.70070000179
            ],
            [
              200000,
              575500.02549999952
            ],
            [
              200010.96890000068,
              575503.2359000016
            ],
            [
              200036.00800000131,
              575516.60350000113
            ]
          ]
        ]
      }
    }
  ]
}