{
  "displayFieldName" : "",
  "fieldAliases" : {
    "FID" : "FID",
    "PMNTN_SPOT" : "PMNTN_SPOT",
    "MNTN_CODE" : "MNTN_CODE",
    "MANAGE_SP1" : "MANAGE_SP1",
    "MANAGE_SP2" : "MANAGE_SP2",
    "DETAIL_SPO" : "DETAIL_SPO",
    "ETC_MATTER" : "ETC_MATTER",
    "MNTN_NM" : "MNTN_NM",
    "PAST_SPOT_" : "PAST_SPOT_",
    "MNTN_ID" : "MNTN_ID"
  },
  "geometryType" : "esriGeometryPoint",
  "spatialReference" : {
    "wkt" : "PROJCS[\"PCS_ITRF2000_TM\",GEOGCS[\"GCS_ITRF_2000\",DATUM[\"D_ITRF_2000\",SPHEROID[\"GRS_1980\",6378137.0,298.257222101]],PRIMEM[\"Greenwich\",0.0],UNIT[\"Degree\",0.0174532925199433]],PROJECTION[\"Transverse_Mercator\"],PARAMETER[\"False_Easting\",200000.0],PARAMETER[\"False_Northing\",600000.0],PARAMETER[\"Central_Meridian\",127.0],PARAMETER[\"Scale_Factor\",1.0],PARAMETER[\"Latitude_Of_Origin\",38.0],UNIT[\"Meter\",1.0]]"
  },
  "fields" : [
    {
      "name" : "FID",
      "type" : "esriFieldTypeOID",
      "alias" : "FID"
    },
    {
      "name" : "PMNTN_SPOT",
      "type" : "esriFieldTypeDouble",
      "alias" : "PMNTN_SPOT"
    },
    {
      "name" : "MNTN_CODE",
      "type" : "esriFieldTypeString",
      "alias" : "MNTN_CODE",
      "length" : 9
    },
    {
      "name" : "MANAGE_SP1",
      "type" : "esriFieldTypeString",
      "alias" : "MANAGE_SP1",
      "length" : 2
    },
    {
      "name" : "MANAGE_SP2",
      "type" : "esriFieldTypeString",
      "alias" : "MANAGE_SP2",
      "length" : 50
    },
    {
      "name" : "DETAIL_SPO",
      "type" : "esriFieldTypeString",
      "alias" : "DETAIL_SPO",
      "length" : 200
    },
    {
      "name" : "ETC_MATTER",
      "type" : "esriFieldTypeString",
      "alias" : "ETC_MATTER",
      "length" : 200
    },
    {
      "name" : "MNTN_NM",
      "type" : "esriFieldTypeString",
      "alias" : "MNTN_NM",
      "length" : 50
    },
    {
      "name" : "PAST_SPOT_",
      "type" : "esriFieldTypeString",
      "alias" : "PAST_SPOT_",
      "length" : 14
    },
    {
      "name" : "MNTN_ID",
      "type" : "esriFieldTypeString",
      "alias" : "MNTN_ID",
      "length" : 10
    }
  ],
  "features" : [
    {
      "attributes" : {
        "FID" : 0,
        "PMNTN_SPOT" : 49976,
        "MNTN_CODE" : "431103001",
        "MANAGE_SP1" : "11",
        "MANAGE_SP2" : "안내판또는지도",
        "DETAIL_SPO" : "벌랏마을안내판",
        "ETC_MATTER" : " ",
        "MNTN_NM" : "샘봉산",
        "PAST_SPOT_" : "4311030010001",
        "MNTN_ID" : "431103001"
      },
      "geometry" : {
        "x" : 248930.60500000138,
        "y" : 428801.89050000161
      }
    },
    {
      "attributes" : {
        "FID" : 1,
        "PMNTN_SPOT" : 49977,
        "MNTN_CODE" : "431103001",
        "MANAGE_SP1" : "99",
        "MANAGE_SP2" : "기타",
        "DETAIL_SPO" : "한지마을체험관",
        "ETC_MATTER" : " ",
        "MNTN_NM" : "샘봉산",
        "PAST_SPOT_" : "4311030010002",
        "MNTN_ID" : "431103001"
      },
      "geometry" : {
        "x" : 249040.13750000019,
        "y" : 428931.85369999893
      }
    },
    {
      "attributes" : {
        "FID" : 2,
        "PMNTN_SPOT" : 49978,
        "MNTN_CODE" : "431103001",
        "MANAGE_SP1" : "23",
        "MANAGE_SP2" : "정상",
        "DETAIL_SPO" : "샘봉산정상",
        "ETC_MATTER" : " ",
        "MNTN_NM" : "샘봉산",
        "PAST_SPOT_" : "4311030010003",
        "MNTN_ID" : "431103001"
      },
      "geometry" : {
        "x" : 248371.68670000136,
        "y" : 429372.14310000092
      }
    },
    {
      "attributes" : {
        "FID" : 3,
        "PMNTN_SPOT" : 49979,
        "MNTN_CODE" : "431103001",
        "MANAGE_SP1" : "14",
        "MANAGE_SP2" : "조망점",
        "DETAIL_SPO" : "조망점",
        "ETC_MATTER" : " ",
        "MNTN_NM" : "샘봉산",
        "PAST_SPOT_" : "4311030010004",
        "MNTN_ID" : "431103001"
      },
      "geometry" : {
        "x" : 248395.90170000028,
        "y" : 429396.76799999923
      }
    },
    {
      "attributes" : {
        "FID" : 4,
        "PMNTN_SPOT" : 49980,
        "MNTN_CODE" : "431103001",
        "MANAGE_SP1" : "01",
        "MANAGE_SP2" : "시종점",
        "DETAIL_SPO" : "시종점,월리사입구",
        "ETC_MATTER" : " ",
        "MNTN_NM" : "샘봉산",
        "PAST_SPOT_" : "4311030010005",
        "MNTN_ID" : "431103001"
      },
      "geometry" : {
        "x" : 246915.07220000122,
        "y" : 430369.87209999934
      }
    },
    {
      "attributes" : {
        "FID" : 5,
        "PMNTN_SPOT" : 49981,
        "MNTN_CODE" : "431103001",
        "MANAGE_SP1" : "99",
        "MANAGE_SP2" : "기타",
        "DETAIL_SPO" : "월리사",
        "ETC_MATTER" : " ",
        "MNTN_NM" : "샘봉산",
        "PAST_SPOT_" : "4311030010006",
        "MNTN_ID" : "431103001"
      },
      "geometry" : {
        "x" : 247595.35000000056,
        "y" : 429763.86240000278
      }
    },
    {
      "attributes" : {
        "FID" : 6,
        "PMNTN_SPOT" : 49982,
        "MNTN_CODE" : "431103001",
        "MANAGE_SP1" : "14",
        "MANAGE_SP2" : "조망점",
        "DETAIL_SPO" : "조망점,큰바위",
        "ETC_MATTER" : " ",
        "MNTN_NM" : "샘봉산",
        "PAST_SPOT_" : "4311030010007",
        "MNTN_ID" : "431103001"
      },
      "geometry" : {
        "x" : 248162.89620000031,
        "y" : 429325.97700000182
      }
    },
    {
      "attributes" : {
        "FID" : 7,
        "PMNTN_SPOT" : 49983,
        "MNTN_CODE" : "431103001",
        "MANAGE_SP1" : "99",
        "MANAGE_SP2" : "기타",
        "DETAIL_SPO" : "삼각점",
        "ETC_MATTER" : " ",
        "MNTN_NM" : "샘봉산",
        "PAST_SPOT_" : "4311030010008",
        "MNTN_ID" : "431103001"
      },
      "geometry" : {
        "x" : 248371.06120000128,
        "y" : 429373.16690000147
      }
    },
    {
      "attributes" : {
        "FID" : 8,
        "PMNTN_SPOT" : 49984,
        "MNTN_CODE" : "431103001",
        "MANAGE_SP1" : "99",
        "MANAGE_SP2" : "기타",
        "DETAIL_SPO" : "염티재",
        "ETC_MATTER" : " ",
        "MNTN_NM" : "샘봉산",
        "PAST_SPOT_" : "4311030010009",
        "MNTN_ID" : "431103001"
      },
      "geometry" : {
        "x" : 249865.81340000033,
        "y" : 430030.44959999993
      }
    },
    {
      "attributes" : {
        "FID" : 9,
        "PMNTN_SPOT" : 49985,
        "MNTN_CODE" : "431103001",
        "MANAGE_SP1" : "02",
        "MANAGE_SP2" : "분기점",
        "DETAIL_SPO" : "분기점",
        "ETC_MATTER" : " ",
        "MNTN_NM" : "샘봉산",
        "PAST_SPOT_" : "4311030010010",
        "MNTN_ID" : "431103001"
      },
      "geometry" : {
        "x" : 247122.48350000102,
        "y" : 430020.06860000081
      }
    },
    {
      "attributes" : {
        "FID" : 10,
        "PMNTN_SPOT" : 49986,
        "MNTN_CODE" : "431103001",
        "MANAGE_SP1" : "01",
        "MANAGE_SP2" : "시종점",
        "DETAIL_SPO" : "시종점",
        "ETC_MATTER" : " ",
        "MNTN_NM" : "샘봉산",
        "PAST_SPOT_" : "4311030010011",
        "MNTN_ID" : "431103001"
      },
      "geometry" : {
        "x" : 247243.29610000085,
        "y" : 428727.95580000058
      }
    },
    {
      "attributes" : {
        "FID" : 11,
        "PMNTN_SPOT" : 49987,
        "MNTN_CODE" : "431103001",
        "MANAGE_SP1" : "02",
        "MANAGE_SP2" : "분기점",
        "DETAIL_SPO" : "분기점",
        "ETC_MATTER" : " ",
        "MNTN_NM" : "샘봉산",
        "PAST_SPOT_" : "4311030010012",
        "MNTN_ID" : "431103001"
      },
      "geometry" : {
        "x" : 247320.75189999957,
        "y" : 429730.6788000036
      }
    },
    {
      "attributes" : {
        "FID" : 12,
        "PMNTN_SPOT" : 49988,
        "MNTN_CODE" : "431103001",
        "MANAGE_SP1" : "02",
        "MANAGE_SP2" : "분기점",
        "DETAIL_SPO" : "분기점",
        "ETC_MATTER" : " ",
        "MNTN_NM" : "샘봉산",
        "PAST_SPOT_" : "4311030010013",
        "MNTN_ID" : "431103001"
      },
      "geometry" : {
        "x" : 247361.92900000047,
        "y" : 429920.19219999947
      }
    },
    {
      "attributes" : {
        "FID" : 13,
        "PMNTN_SPOT" : 49989,
        "MNTN_CODE" : "431103001",
        "MANAGE_SP1" : "02",
        "MANAGE_SP2" : "분기점",
        "DETAIL_SPO" : "분기점",
        "ETC_MATTER" : " ",
        "MNTN_NM" : "샘봉산",
        "PAST_SPOT_" : "4311030010014",
        "MNTN_ID" : "431103001"
      },
      "geometry" : {
        "x" : 247782.6146000009,
        "y" : 429332.2237999998
      }
    },
    {
      "attributes" : {
        "FID" : 14,
        "PMNTN_SPOT" : 49990,
        "MNTN_CODE" : "431103001",
        "MANAGE_SP1" : "02",
        "MANAGE_SP2" : "분기점",
        "DETAIL_SPO" : "분기점",
        "ETC_MATTER" : " ",
        "MNTN_NM" : "샘봉산",
        "PAST_SPOT_" : "4311030010015",
        "MNTN_ID" : "431103001"
      },
      "geometry" : {
        "x" : 247960.41890000086,
        "y" : 429365.25420000218
      }
    },
    {
      "attributes" : {
        "FID" : 15,
        "PMNTN_SPOT" : 49991,
        "MNTN_CODE" : "431103001",
        "MANAGE_SP1" : "01",
        "MANAGE_SP2" : "시종점",
        "DETAIL_SPO" : "시종점",
        "ETC_MATTER" : " ",
        "MNTN_NM" : "샘봉산",
        "PAST_SPOT_" : "4311030010016",
        "MNTN_ID" : "431103001"
      },
      "geometry" : {
        "x" : 248315.03150000051,
        "y" : 428722.76500000246
      }
    },
    {
      "attributes" : {
        "FID" : 16,
        "PMNTN_SPOT" : 49992,
        "MNTN_CODE" : "431103001",
        "MANAGE_SP1" : "02",
        "MANAGE_SP2" : "분기점",
        "DETAIL_SPO" : "분기점",
        "ETC_MATTER" : " ",
        "MNTN_NM" : "샘봉산",
        "PAST_SPOT_" : "4311030010017",
        "MNTN_ID" : "431103001"
      },
      "geometry" : {
        "x" : 248371.5401000008,
        "y" : 429373.68349999934
      }
    },
    {
      "attributes" : {
        "FID" : 17,
        "PMNTN_SPOT" : 49993,
        "MNTN_CODE" : "431103001",
        "MANAGE_SP1" : "02",
        "MANAGE_SP2" : "분기점",
        "DETAIL_SPO" : "분기점",
        "ETC_MATTER" : " ",
        "MNTN_NM" : "샘봉산",
        "PAST_SPOT_" : "4311030010018",
        "MNTN_ID" : "431103001"
      },
      "geometry" : {
        "x" : 248441.48099999968,
        "y" : 429341.36710000038
      }
    },
    {
      "attributes" : {
        "FID" : 18,
        "PMNTN_SPOT" : 49994,
        "MNTN_CODE" : "431103001",
        "MANAGE_SP1" : "02",
        "MANAGE_SP2" : "분기점",
        "DETAIL_SPO" : "분기점",
        "ETC_MATTER" : " ",
        "MNTN_NM" : "샘봉산",
        "PAST_SPOT_" : "4311030010019",
        "MNTN_ID" : "431103001"
      },
      "geometry" : {
        "x" : 248561.32360000163,
        "y" : 429482.1043999996
      }
    },
    {
      "attributes" : {
        "FID" : 19,
        "PMNTN_SPOT" : 49995,
        "MNTN_CODE" : "431103001",
        "MANAGE_SP1" : "01",
        "MANAGE_SP2" : "시종점",
        "DETAIL_SPO" : "시종점",
        "ETC_MATTER" : " ",
        "MNTN_NM" : "샘봉산",
        "PAST_SPOT_" : "4311030010020",
        "MNTN_ID" : "431103001"
      },
      "geometry" : {
        "x" : 248932.37100000214,
        "y" : 428803.6986999996
      }
    },
    {
      "attributes" : {
        "FID" : 20,
        "PMNTN_SPOT" : 49996,
        "MNTN_CODE" : "431103001",
        "MANAGE_SP1" : "02",
        "MANAGE_SP2" : "분기점",
        "DETAIL_SPO" : "분기점",
        "ETC_MATTER" : " ",
        "MNTN_NM" : "샘봉산",
        "PAST_SPOT_" : "4311030010021",
        "MNTN_ID" : "431103001"
      },
      "geometry" : {
        "x" : 248951.4458000008,
        "y" : 429119.69859999977
      }
    },
    {
      "attributes" : {
        "FID" : 21,
        "PMNTN_SPOT" : 49997,
        "MNTN_CODE" : "431103001",
        "MANAGE_SP1" : "02",
        "MANAGE_SP2" : "분기점",
        "DETAIL_SPO" : "분기점",
        "ETC_MATTER" : " ",
        "MNTN_NM" : "샘봉산",
        "PAST_SPOT_" : "4311030010022",
        "MNTN_ID" : "431103001"
      },
      "geometry" : {
        "x" : 248961.65909999982,
        "y" : 429026.60000000149
      }
    },
    {
      "attributes" : {
        "FID" : 22,
        "PMNTN_SPOT" : 49998,
        "MNTN_CODE" : "431103001",
        "MANAGE_SP1" : "02",
        "MANAGE_SP2" : "분기점",
        "DETAIL_SPO" : "분기점",
        "ETC_MATTER" : " ",
        "MNTN_NM" : "샘봉산",
        "PAST_SPOT_" : "4311030010023",
        "MNTN_ID" : "431103001"
      },
      "geometry" : {
        "x" : 249021.79559999984,
        "y" : 429049.05360000022
      }
    },
    {
      "attributes" : {
        "FID" : 23,
        "PMNTN_SPOT" : 49999,
        "MNTN_CODE" : "431103001",
        "MANAGE_SP1" : "02",
        "MANAGE_SP2" : "분기점",
        "DETAIL_SPO" : "분기점",
        "ETC_MATTER" : " ",
        "MNTN_NM" : "샘봉산",
        "PAST_SPOT_" : "4311030010024",
        "MNTN_ID" : "431103001"
      },
      "geometry" : {
        "x" : 249115.70330000203,
        "y" : 429069.06849999912
      }
    },
    {
      "attributes" : {
        "FID" : 24,
        "PMNTN_SPOT" : 50000,
        "MNTN_CODE" : "431103001",
        "MANAGE_SP1" : "01",
        "MANAGE_SP2" : "시종점",
        "DETAIL_SPO" : "시종점",
        "ETC_MATTER" : " ",
        "MNTN_NM" : "샘봉산",
        "PAST_SPOT_" : "4311030010025",
        "MNTN_ID" : "431103001"
      },
      "geometry" : {
        "x" : 249193.46580000129,
        "y" : 429046.24670000188
      }
    },
    {
      "attributes" : {
        "FID" : 25,
        "PMNTN_SPOT" : 50001,
        "MNTN_CODE" : "431103001",
        "MANAGE_SP1" : "01",
        "MANAGE_SP2" : "시종점",
        "DETAIL_SPO" : "시종점",
        "ETC_MATTER" : " ",
        "MNTN_NM" : "샘봉산",
        "PAST_SPOT_" : "4311030010026",
        "MNTN_ID" : "431103001"
      },
      "geometry" : {
        "x" : 249198.44350000098,
        "y" : 428782.692900002
      }
    },
    {
      "attributes" : {
        "FID" : 26,
        "PMNTN_SPOT" : 50002,
        "MNTN_CODE" : "431103001",
        "MANAGE_SP1" : "02",
        "MANAGE_SP2" : "분기점",
        "DETAIL_SPO" : "분기점",
        "ETC_MATTER" : " ",
        "MNTN_NM" : "샘봉산",
        "PAST_SPOT_" : "4311030010027",
        "MNTN_ID" : "431103001"
      },
      "geometry" : {
        "x" : 249212.29260000028,
        "y" : 429470.94769999944
      }
    },
    {
      "attributes" : {
        "FID" : 27,
        "PMNTN_SPOT" : 50003,
        "MNTN_CODE" : "431103001",
        "MANAGE_SP1" : "02",
        "MANAGE_SP2" : "분기점",
        "DETAIL_SPO" : "분기점",
        "ETC_MATTER" : " ",
        "MNTN_NM" : "샘봉산",
        "PAST_SPOT_" : "4311030010028",
        "MNTN_ID" : "431103001"
      },
      "geometry" : {
        "x" : 249748.81471897196,
        "y" : 429830.47103068046
      }
    },
    {
      "attributes" : {
        "FID" : 28,
        "PMNTN_SPOT" : 50004,
        "MNTN_CODE" : "431103001",
        "MANAGE_SP1" : "02",
        "MANAGE_SP2" : "분기점",
        "DETAIL_SPO" : "분기점",
        "ETC_MATTER" : " ",
        "MNTN_NM" : "샘봉산",
        "PAST_SPOT_" : "4311030010029",
        "MNTN_ID" : "431103001"
      },
      "geometry" : {
        "x" : 249773.44820000045,
        "y" : 429967.48090000078
      }
    },
    {
      "attributes" : {
        "FID" : 29,
        "PMNTN_SPOT" : 50005,
        "MNTN_CODE" : "431103001",
        "MANAGE_SP1" : "01",
        "MANAGE_SP2" : "시종점",
        "DETAIL_SPO" : "시종점",
        "ETC_MATTER" : " ",
        "MNTN_NM" : "샘봉산",
        "PAST_SPOT_" : "4311030010030",
        "MNTN_ID" : "431103001"
      },
      "geometry" : {
        "x" : 249862.67780000065,
        "y" : 430037.89390000142
      }
    }
  ]
}