{
  "displayFieldName" : "",
  "fieldAliases" : {
    "FID" : "FID",
    "PMNTN_SPOT" : "PMNTN_SPOT",
    "MNTN_CODE" : "MNTN_CODE",
    "MANAGE_SP1" : "MANAGE_SP1",
    "MANAGE_SP2" : "MANAGE_SP2",
    "DETAIL_SPO" : "DETAIL_SPO",
    "ETC_MATTER" : "ETC_MATTER",
    "MNTN_NM" : "MNTN_NM",
    "PAST_SPOT_" : "PAST_SPOT_",
    "MNTN_ID" : "MNTN_ID"
  },
  "geometryType" : "esriGeometryPoint",
  "spatialReference" : {
    "wkt" : "PROJCS[\"PCS_ITRF2000_TM\",GEOGCS[\"GCS_ITRF_2000\",DATUM[\"D_ITRF_2000\",SPHEROID[\"GRS_1980\",6378137.0,298.257222101]],PRIMEM[\"Greenwich\",0.0],UNIT[\"Degree\",0.0174532925199433]],PROJECTION[\"Transverse_Mercator\"],PARAMETER[\"False_Easting\",200000.0],PARAMETER[\"False_Northing\",600000.0],PARAMETER[\"Central_Meridian\",127.0],PARAMETER[\"Scale_Factor\",1.0],PARAMETER[\"Latitude_Of_Origin\",38.0],UNIT[\"Meter\",1.0]]"
  },
  "fields" : [
    {
      "name" : "FID",
      "type" : "esriFieldTypeOID",
      "alias" : "FID"
    },
    {
      "name" : "PMNTN_SPOT",
      "type" : "esriFieldTypeDouble",
      "alias" : "PMNTN_SPOT"
    },
    {
      "name" : "MNTN_CODE",
      "type" : "esriFieldTypeString",
      "alias" : "MNTN_CODE",
      "length" : 9
    },
    {
      "name" : "MANAGE_SP1",
      "type" : "esriFieldTypeString",
      "alias" : "MANAGE_SP1",
      "length" : 2
    },
    {
      "name" : "MANAGE_SP2",
      "type" : "esriFieldTypeString",
      "alias" : "MANAGE_SP2",
      "length" : 50
    },
    {
      "name" : "DETAIL_SPO",
      "type" : "esriFieldTypeString",
      "alias" : "DETAIL_SPO",
      "length" : 200
    },
    {
      "name" : "ETC_MATTER",
      "type" : "esriFieldTypeString",
      "alias" : "ETC_MATTER",
      "length" : 200
    },
    {
      "name" : "MNTN_NM",
      "type" : "esriFieldTypeString",
      "alias" : "MNTN_NM",
      "length" : 50
    },
    {
      "name" : "PAST_SPOT_",
      "type" : "esriFieldTypeString",
      "alias" : "PAST_SPOT_",
      "length" : 14
    },
    {
      "name" : "MNTN_ID",
      "type" : "esriFieldTypeString",
      "alias" : "MNTN_ID",
      "length" : 10
    }
  ],
  "features" : [
    {
      "attributes" : {
        "FID" : 0,
        "PMNTN_SPOT" : 63573,
        "MNTN_CODE" : "428307504",
        "MANAGE_SP1" : "01",
        "MANAGE_SP2" : "시종점",
        "DETAIL_SPO" : "시종점",
        "ETC_MATTER" : " ",
        "MNTN_NM" : "연내골",
        "PAST_SPOT_" : "4283075040001",
        "MNTN_ID" : "428307504"
      },
      "geometry" : {
        "x" : 329373.61400000658,
        "y" : 596489.25230000168
      }
    },
    {
      "attributes" : {
        "FID" : 1,
        "PMNTN_SPOT" : 63574,
        "MNTN_CODE" : "428307504",
        "MANAGE_SP1" : "02",
        "MANAGE_SP2" : "분기점",
        "DETAIL_SPO" : "분기점",
        "ETC_MATTER" : " ",
        "MNTN_NM" : "연내골",
        "PAST_SPOT_" : "4283075040002",
        "MNTN_ID" : "428307504"
      },
      "geometry" : {
        "x" : 329491.13588844612,
        "y" : 596188.68634721264
      }
    },
    {
      "attributes" : {
        "FID" : 2,
        "PMNTN_SPOT" : 63575,
        "MNTN_CODE" : "428307504",
        "MANAGE_SP1" : "02",
        "MANAGE_SP2" : "분기점",
        "DETAIL_SPO" : "분기점",
        "ETC_MATTER" : " ",
        "MNTN_NM" : "연내골",
        "PAST_SPOT_" : "4283075040003",
        "MNTN_ID" : "428307504"
      },
      "geometry" : {
        "x" : 329604.70168237295,
        "y" : 590004.0712985266
      }
    },
    {
      "attributes" : {
        "FID" : 3,
        "PMNTN_SPOT" : 63576,
        "MNTN_CODE" : "428307504",
        "MANAGE_SP1" : "02",
        "MANAGE_SP2" : "분기점",
        "DETAIL_SPO" : "분기점",
        "ETC_MATTER" : " ",
        "MNTN_NM" : "연내골",
        "PAST_SPOT_" : "4283075040004",
        "MNTN_ID" : "428307504"
      },
      "geometry" : {
        "x" : 329808.40960000735,
        "y" : 592294.57030000351
      }
    },
    {
      "attributes" : {
        "FID" : 4,
        "PMNTN_SPOT" : 63577,
        "MNTN_CODE" : "428307504",
        "MANAGE_SP1" : "02",
        "MANAGE_SP2" : "분기점",
        "DETAIL_SPO" : "분기점",
        "ETC_MATTER" : " ",
        "MNTN_NM" : "연내골",
        "PAST_SPOT_" : "4283075040005",
        "MNTN_ID" : "428307504"
      },
      "geometry" : {
        "x" : 329810.87000000663,
        "y" : 590676.27330000326
      }
    },
    {
      "attributes" : {
        "FID" : 5,
        "PMNTN_SPOT" : 63578,
        "MNTN_CODE" : "428307504",
        "MANAGE_SP1" : "02",
        "MANAGE_SP2" : "분기점",
        "DETAIL_SPO" : "분기점",
        "ETC_MATTER" : " ",
        "MNTN_NM" : "연내골",
        "PAST_SPOT_" : "4283075040006",
        "MNTN_ID" : "428307504"
      },
      "geometry" : {
        "x" : 329833.33820000943,
        "y" : 592380.89130000398
      }
    },
    {
      "attributes" : {
        "FID" : 6,
        "PMNTN_SPOT" : 63579,
        "MNTN_CODE" : "428307504",
        "MANAGE_SP1" : "02",
        "MANAGE_SP2" : "분기점",
        "DETAIL_SPO" : "분기점",
        "ETC_MATTER" : " ",
        "MNTN_NM" : "연내골",
        "PAST_SPOT_" : "4283075040007",
        "MNTN_ID" : "428307504"
      },
      "geometry" : {
        "x" : 329996.85880000982,
        "y" : 589509.42410000227
      }
    },
    {
      "attributes" : {
        "FID" : 7,
        "PMNTN_SPOT" : 63580,
        "MNTN_CODE" : "428307504",
        "MANAGE_SP1" : "02",
        "MANAGE_SP2" : "분기점",
        "DETAIL_SPO" : "분기점",
        "ETC_MATTER" : " ",
        "MNTN_NM" : "연내골",
        "PAST_SPOT_" : "4283075040008",
        "MNTN_ID" : "428307504"
      },
      "geometry" : {
        "x" : 330242.85560000036,
        "y" : 590248.11649999954
      }
    },
    {
      "attributes" : {
        "FID" : 8,
        "PMNTN_SPOT" : 63581,
        "MNTN_CODE" : "428307504",
        "MANAGE_SP1" : "02",
        "MANAGE_SP2" : "분기점",
        "DETAIL_SPO" : "분기점",
        "ETC_MATTER" : " ",
        "MNTN_NM" : "연내골",
        "PAST_SPOT_" : "4283075040009",
        "MNTN_ID" : "428307504"
      },
      "geometry" : {
        "x" : 330363.95125997998,
        "y" : 589294.79808021709
      }
    },
    {
      "attributes" : {
        "FID" : 9,
        "PMNTN_SPOT" : 63582,
        "MNTN_CODE" : "428307504",
        "MANAGE_SP1" : "02",
        "MANAGE_SP2" : "분기점",
        "DETAIL_SPO" : "분기점",
        "ETC_MATTER" : " ",
        "MNTN_NM" : "연내골",
        "PAST_SPOT_" : "4283075040010",
        "MNTN_ID" : "428307504"
      },
      "geometry" : {
        "x" : 330568.50650000013,
        "y" : 591026.74120000191
      }
    },
    {
      "attributes" : {
        "FID" : 10,
        "PMNTN_SPOT" : 63583,
        "MNTN_CODE" : "428307504",
        "MANAGE_SP1" : "02",
        "MANAGE_SP2" : "분기점",
        "DETAIL_SPO" : "분기점",
        "ETC_MATTER" : " ",
        "MNTN_NM" : "연내골",
        "PAST_SPOT_" : "4283075040011",
        "MNTN_ID" : "428307504"
      },
      "geometry" : {
        "x" : 330844.35790001415,
        "y" : 588864.82250000164
      }
    },
    {
      "attributes" : {
        "FID" : 11,
        "PMNTN_SPOT" : 63584,
        "MNTN_CODE" : "428307504",
        "MANAGE_SP1" : "02",
        "MANAGE_SP2" : "분기점",
        "DETAIL_SPO" : "분기점",
        "ETC_MATTER" : " ",
        "MNTN_NM" : "연내골",
        "PAST_SPOT_" : "4283075040012",
        "MNTN_ID" : "428307504"
      },
      "geometry" : {
        "x" : 331066.07840000745,
        "y" : 588725.81450000778
      }
    },
    {
      "attributes" : {
        "FID" : 12,
        "PMNTN_SPOT" : 63585,
        "MNTN_CODE" : "428307504",
        "MANAGE_SP1" : "01",
        "MANAGE_SP2" : "시종점",
        "DETAIL_SPO" : "시종점",
        "ETC_MATTER" : " ",
        "MNTN_NM" : "연내골",
        "PAST_SPOT_" : "4283075040013",
        "MNTN_ID" : "428307504"
      },
      "geometry" : {
        "x" : 331265.07180000097,
        "y" : 593392.93459999934
      }
    },
    {
      "attributes" : {
        "FID" : 13,
        "PMNTN_SPOT" : 63586,
        "MNTN_CODE" : "428307504",
        "MANAGE_SP1" : "01",
        "MANAGE_SP2" : "시종점",
        "DETAIL_SPO" : "시종점",
        "ETC_MATTER" : " ",
        "MNTN_NM" : "연내골",
        "PAST_SPOT_" : "4283075040014",
        "MNTN_ID" : "428307504"
      },
      "geometry" : {
        "x" : 331285.50810000114,
        "y" : 593904.57430000231
      }
    },
    {
      "attributes" : {
        "FID" : 14,
        "PMNTN_SPOT" : 63587,
        "MNTN_CODE" : "428307504",
        "MANAGE_SP1" : "01",
        "MANAGE_SP2" : "시종점",
        "DETAIL_SPO" : "시종점",
        "ETC_MATTER" : " ",
        "MNTN_NM" : "연내골",
        "PAST_SPOT_" : "4283075040015",
        "MNTN_ID" : "428307504"
      },
      "geometry" : {
        "x" : 331419.94120000582,
        "y" : 588593.00300000422
      }
    },
    {
      "attributes" : {
        "FID" : 15,
        "PMNTN_SPOT" : 63588,
        "MNTN_CODE" : "428307504",
        "MANAGE_SP1" : "01",
        "MANAGE_SP2" : "시종점",
        "DETAIL_SPO" : "시종점",
        "ETC_MATTER" : " ",
        "MNTN_NM" : "연내골",
        "PAST_SPOT_" : "4283075040016",
        "MNTN_ID" : "428307504"
      },
      "geometry" : {
        "x" : 331424.72640000004,
        "y" : 591350.86550000124
      }
    },
    {
      "attributes" : {
        "FID" : 16,
        "PMNTN_SPOT" : 63589,
        "MNTN_CODE" : "428307504",
        "MANAGE_SP1" : "02",
        "MANAGE_SP2" : "분기점",
        "DETAIL_SPO" : "분기점",
        "ETC_MATTER" : " ",
        "MNTN_NM" : "연내골",
        "PAST_SPOT_" : "4283075040017",
        "MNTN_ID" : "428307504"
      },
      "geometry" : {
        "x" : 331970.72590001021,
        "y" : 589812.57090000063
      }
    },
    {
      "attributes" : {
        "FID" : 17,
        "PMNTN_SPOT" : 63590,
        "MNTN_CODE" : "428307504",
        "MANAGE_SP1" : "02",
        "MANAGE_SP2" : "분기점",
        "DETAIL_SPO" : "분기점",
        "ETC_MATTER" : " ",
        "MNTN_NM" : "연내골",
        "PAST_SPOT_" : "4283075040018",
        "MNTN_ID" : "428307504"
      },
      "geometry" : {
        "x" : 332149.54050000664,
        "y" : 590588.7891000025
      }
    }
  ]
}