{
  "displayFieldName" : "",
  "fieldAliases" : {
    "FID" : "FID",
    "PMNTN_SPOT" : "PMNTN_SPOT",
    "MNTN_CODE" : "MNTN_CODE",
    "MANAGE_SP1" : "MANAGE_SP1",
    "MANAGE_SP2" : "MANAGE_SP2",
    "DETAIL_SPO" : "DETAIL_SPO",
    "ETC_MATTER" : "ETC_MATTER",
    "MNTN_NM" : "MNTN_NM",
    "PAST_SPOT_" : "PAST_SPOT_",
    "MNTN_ID" : "MNTN_ID"
  },
  "geometryType" : "esriGeometryPoint",
  "spatialReference" : {
    "wkt" : "PROJCS[\"PCS_ITRF2000_TM\",GEOGCS[\"GCS_ITRF_2000\",DATUM[\"D_ITRF_2000\",SPHEROID[\"GRS_1980\",6378137.0,298.257222101]],PRIMEM[\"Greenwich\",0.0],UNIT[\"Degree\",0.0174532925199433]],PROJECTION[\"Transverse_Mercator\"],PARAMETER[\"False_Easting\",200000.0],PARAMETER[\"False_Northing\",600000.0],PARAMETER[\"Central_Meridian\",127.0],PARAMETER[\"Scale_Factor\",1.0],PARAMETER[\"Latitude_Of_Origin\",38.0],UNIT[\"Meter\",1.0]]"
  },
  "fields" : [
    {
      "name" : "FID",
      "type" : "esriFieldTypeOID",
      "alias" : "FID"
    },
    {
      "name" : "PMNTN_SPOT",
      "type" : "esriFieldTypeDouble",
      "alias" : "PMNTN_SPOT"
    },
    {
      "name" : "MNTN_CODE",
      "type" : "esriFieldTypeString",
      "alias" : "MNTN_CODE",
      "length" : 9
    },
    {
      "name" : "MANAGE_SP1",
      "type" : "esriFieldTypeString",
      "alias" : "MANAGE_SP1",
      "length" : 2
    },
    {
      "name" : "MANAGE_SP2",
      "type" : "esriFieldTypeString",
      "alias" : "MANAGE_SP2",
      "length" : 50
    },
    {
      "name" : "DETAIL_SPO",
      "type" : "esriFieldTypeString",
      "alias" : "DETAIL_SPO",
      "length" : 200
    },
    {
      "name" : "ETC_MATTER",
      "type" : "esriFieldTypeString",
      "alias" : "ETC_MATTER",
      "length" : 200
    },
    {
      "name" : "MNTN_NM",
      "type" : "esriFieldTypeString",
      "alias" : "MNTN_NM",
      "length" : 50
    },
    {
      "name" : "PAST_SPOT_",
      "type" : "esriFieldTypeString",
      "alias" : "PAST_SPOT_",
      "length" : 14
    },
    {
      "name" : "MNTN_ID",
      "type" : "esriFieldTypeString",
      "alias" : "MNTN_ID",
      "length" : 10
    }
  ],
  "features" : [
    {
      "attributes" : {
        "FID" : 0,
        "PMNTN_SPOT" : 63110,
        "MNTN_CODE" : "472802401",
        "MANAGE_SP1" : "99",
        "MANAGE_SP2" : "기타",
        "DETAIL_SPO" : "진남휴게소",
        "ETC_MATTER" : " ",
        "MNTN_NM" : "어룡산",
        "PAST_SPOT_" : "4728024010001",
        "MNTN_ID" : "472802401"
      },
      "geometry" : {
        "x" : 300685.66449999996,
        "y" : 451888.44590000436
      }
    },
    {
      "attributes" : {
        "FID" : 1,
        "PMNTN_SPOT" : 63111,
        "MNTN_CODE" : "472802401",
        "MANAGE_SP1" : "99",
        "MANAGE_SP2" : "기타",
        "DETAIL_SPO" : "진남교",
        "ETC_MATTER" : " ",
        "MNTN_NM" : "어룡산",
        "PAST_SPOT_" : "4728024010002",
        "MNTN_ID" : "472802401"
      },
      "geometry" : {
        "x" : 300779.36240000091,
        "y" : 451730.38510000147
      }
    },
    {
      "attributes" : {
        "FID" : 2,
        "PMNTN_SPOT" : 63112,
        "MNTN_CODE" : "472802401",
        "MANAGE_SP1" : "99",
        "MANAGE_SP2" : "기타",
        "DETAIL_SPO" : "등산로",
        "ETC_MATTER" : " ",
        "MNTN_NM" : "어룡산",
        "PAST_SPOT_" : "4728024010003",
        "MNTN_ID" : "472802401"
      },
      "geometry" : {
        "x" : 300514.86940000113,
        "y" : 451354.01530000195
      }
    },
    {
      "attributes" : {
        "FID" : 3,
        "PMNTN_SPOT" : 63113,
        "MNTN_CODE" : "472802401",
        "MANAGE_SP1" : "99",
        "MANAGE_SP2" : "기타",
        "DETAIL_SPO" : "오르막",
        "ETC_MATTER" : " ",
        "MNTN_NM" : "어룡산",
        "PAST_SPOT_" : "4728024010004",
        "MNTN_ID" : "472802401"
      },
      "geometry" : {
        "x" : 300454.67910000123,
        "y" : 450727.64570000023
      }
    },
    {
      "attributes" : {
        "FID" : 4,
        "PMNTN_SPOT" : 63114,
        "MNTN_CODE" : "472802401",
        "MANAGE_SP1" : "23",
        "MANAGE_SP2" : "정상",
        "DETAIL_SPO" : "정상",
        "ETC_MATTER" : " ",
        "MNTN_NM" : "어룡산",
        "PAST_SPOT_" : "4728024010005",
        "MNTN_ID" : "472802401"
      },
      "geometry" : {
        "x" : 299678.27979999967,
        "y" : 450112.35579999909
      }
    },
    {
      "attributes" : {
        "FID" : 5,
        "PMNTN_SPOT" : 63115,
        "MNTN_CODE" : "472802401",
        "MANAGE_SP1" : "14",
        "MANAGE_SP2" : "조망점",
        "DETAIL_SPO" : "조망점",
        "ETC_MATTER" : " ",
        "MNTN_NM" : "어룡산",
        "PAST_SPOT_" : "4728024010006",
        "MNTN_ID" : "472802401"
      },
      "geometry" : {
        "x" : 299695.59659999982,
        "y" : 450098.89980000071
      }
    },
    {
      "attributes" : {
        "FID" : 6,
        "PMNTN_SPOT" : 63116,
        "MNTN_CODE" : "472802401",
        "MANAGE_SP1" : "01",
        "MANAGE_SP2" : "시종점",
        "DETAIL_SPO" : "시종점",
        "ETC_MATTER" : " ",
        "MNTN_NM" : "어룡산",
        "PAST_SPOT_" : "4728024010007",
        "MNTN_ID" : "472802401"
      },
      "geometry" : {
        "x" : 300690.27610000037,
        "y" : 451898.27120000124
      }
    },
    {
      "attributes" : {
        "FID" : 7,
        "PMNTN_SPOT" : 63117,
        "MNTN_CODE" : "472802401",
        "MANAGE_SP1" : "01",
        "MANAGE_SP2" : "시종점",
        "DETAIL_SPO" : "시종점",
        "ETC_MATTER" : " ",
        "MNTN_NM" : "어룡산",
        "PAST_SPOT_" : "4728024010008",
        "MNTN_ID" : "472802401"
      },
      "geometry" : {
        "x" : 301113.79530000035,
        "y" : 450011.84280000255
      }
    },
    {
      "attributes" : {
        "FID" : 8,
        "PMNTN_SPOT" : 98405,
        "MNTN_CODE" : "472802401",
        "MANAGE_SP1" : "99",
        "MANAGE_SP2" : "기타",
        "DETAIL_SPO" : "진남교",
        "ETC_MATTER" : " ",
        "MNTN_NM" : "어룡산",
        "PAST_SPOT_" : "4728024010009",
        "MNTN_ID" : "472802401"
      },
      "geometry" : {
        "x" : 300402.82720000006,
        "y" : 451918.42740000016
      }
    },
    {
      "attributes" : {
        "FID" : 9,
        "PMNTN_SPOT" : 98406,
        "MNTN_CODE" : "472802401",
        "MANAGE_SP1" : "14",
        "MANAGE_SP2" : "조망점",
        "DETAIL_SPO" : "조망점",
        "ETC_MATTER" : " ",
        "MNTN_NM" : "어룡산",
        "PAST_SPOT_" : "4728024010010",
        "MNTN_ID" : "472802401"
      },
      "geometry" : {
        "x" : 299681.41110000084,
        "y" : 449273.17479999887
      }
    }
  ]
}