{
  "displayFieldName" : "",
  "fieldAliases" : {
    "FID" : "FID",
    "SAFE_SPOT1" : "SAFE_SPOT1",
    "SAFE_SPOT2" : "SAFE_SPOT2",
    "SAFE_SPOT3" : "SAFE_SPOT3",
    "MGC" : "MGC",
    "ETC_MATTER" : "ETC_MATTER",
    "MNTN_NM" : "MNTN_NM"
  },
  "geometryType" : "esriGeometryPoint",
  "spatialReference" : {
    "wkt" : "PROJCS[\"PCS_ITRF2000_TM\",GEOGCS[\"GCS_ITRF_2000\",DATUM[\"D_ITRF_2000\",SPHEROID[\"GRS_1980\",6378137.0,298.257222101]],PRIMEM[\"Greenwich\",0.0],UNIT[\"Degree\",0.0174532925199433]],PROJECTION[\"Transverse_Mercator\"],PARAMETER[\"False_Easting\",200000.0],PARAMETER[\"False_Northing\",600000.0],PARAMETER[\"Central_Meridian\",127.0],PARAMETER[\"Scale_Factor\",1.0],PARAMETER[\"Latitude_Of_Origin\",38.0],UNIT[\"Meter\",1.0]]"
  },
  "fields" : [
    {
      "name" : "FID",
      "type" : "esriFieldTypeOID",
      "alias" : "FID"
    },
    {
      "name" : "SAFE_SPOT1",
      "type" : "esriFieldTypeDouble",
      "alias" : "SAFE_SPOT1"
    },
    {
      "name" : "SAFE_SPOT2",
      "type" : "esriFieldTypeString",
      "alias" : "SAFE_SPOT2",
      "length" : 50
    },
    {
      "name" : "SAFE_SPOT3",
      "type" : "esriFieldTypeString",
      "alias" : "SAFE_SPOT3",
      "length" : 50
    },
    {
      "name" : "MGC",
      "type" : "esriFieldTypeString",
      "alias" : "MGC",
      "length" : 50
    },
    {
      "name" : "ETC_MATTER",
      "type" : "esriFieldTypeString",
      "alias" : "ETC_MATTER",
      "length" : 200
    },
    {
      "name" : "MNTN_NM",
      "type" : "esriFieldTypeString",
      "alias" : "MNTN_NM",
      "length" : 50
    }
  ],
  "features" : [
    {
      "attributes" : {
        "FID" : 0,
        "SAFE_SPOT1" : 3235,
        "SAFE_SPOT2" : "산악위치표지판",
        "SAFE_SPOT3" : "1-1",
        "MGC" : "해남소방서",
        "ETC_MATTER" : " ",
        "MNTN_NM" : "점찰산"
      },
      "geometry" : {
        "x" : 136513.10400000028,
        "y" : 208718.71140000038
      }
    },
    {
      "attributes" : {
        "FID" : 1,
        "SAFE_SPOT1" : 3236,
        "SAFE_SPOT2" : "산악위치표지판",
        "SAFE_SPOT3" : "1-2",
        "MGC" : "해남소방서",
        "ETC_MATTER" : " ",
        "MNTN_NM" : "점찰산"
      },
      "geometry" : {
        "x" : 137095.85390000045,
        "y" : 209298.41340000182
      }
    },
    {
      "attributes" : {
        "FID" : 2,
        "SAFE_SPOT1" : 3237,
        "SAFE_SPOT2" : "산악위치표지판",
        "SAFE_SPOT3" : "2-1",
        "MGC" : "해남소방서",
        "ETC_MATTER" : " ",
        "MNTN_NM" : "점찰산"
      },
      "geometry" : {
        "x" : 137007.25150000118,
        "y" : 208160.96499999985
      }
    },
    {
      "attributes" : {
        "FID" : 3,
        "SAFE_SPOT1" : 3238,
        "SAFE_SPOT2" : "산악위치표지판",
        "SAFE_SPOT3" : "2-2",
        "MGC" : "해남소방서",
        "ETC_MATTER" : " ",
        "MNTN_NM" : "점찰산"
      },
      "geometry" : {
        "x" : 137081.22460000031,
        "y" : 208267.7050999999
      }
    },
    {
      "attributes" : {
        "FID" : 4,
        "SAFE_SPOT1" : 3239,
        "SAFE_SPOT2" : "산악위치표지판",
        "SAFE_SPOT3" : "2-3",
        "MGC" : "해남소방서",
        "ETC_MATTER" : " ",
        "MNTN_NM" : "점찰산"
      },
      "geometry" : {
        "x" : 137097.8554999996,
        "y" : 208349.25590000115
      }
    },
    {
      "attributes" : {
        "FID" : 5,
        "SAFE_SPOT1" : 3240,
        "SAFE_SPOT2" : "산악위치표지판",
        "SAFE_SPOT3" : "2-4",
        "MGC" : "해남소방서",
        "ETC_MATTER" : " ",
        "MNTN_NM" : "점찰산"
      },
      "geometry" : {
        "x" : 137165.28230000008,
        "y" : 208469.60020000115
      }
    },
    {
      "attributes" : {
        "FID" : 6,
        "SAFE_SPOT1" : 3241,
        "SAFE_SPOT2" : "산악위치표지판",
        "SAFE_SPOT3" : "2-5",
        "MGC" : "해남소방서",
        "ETC_MATTER" : " ",
        "MNTN_NM" : "점찰산"
      },
      "geometry" : {
        "x" : 137159.08500000183,
        "y" : 208572.26050000079
      }
    },
    {
      "attributes" : {
        "FID" : 7,
        "SAFE_SPOT1" : 3242,
        "SAFE_SPOT2" : "산악위치표지판",
        "SAFE_SPOT3" : "2-6",
        "MGC" : "해남소방서",
        "ETC_MATTER" : " ",
        "MNTN_NM" : "점찰산"
      },
      "geometry" : {
        "x" : 137326.87849999964,
        "y" : 208892.23450000025
      }
    }
  ]
}