{
  "displayFieldName" : "",
  "fieldAliases" : {
    "FID" : "FID",
    "PMNTN_SPOT" : "PMNTN_SPOT",
    "MNTN_CODE" : "MNTN_CODE",
    "MANAGE_SP1" : "MANAGE_SP1",
    "MANAGE_SP2" : "MANAGE_SP2",
    "DETAIL_SPO" : "DETAIL_SPO",
    "ETC_MATTER" : "ETC_MATTER",
    "MNTN_NM" : "MNTN_NM",
    "PAST_SPOT_" : "PAST_SPOT_",
    "MNTN_ID" : "MNTN_ID"
  },
  "geometryType" : "esriGeometryPoint",
  "spatialReference" : {
    "wkt" : "PROJCS[\"PCS_ITRF2000_TM\",GEOGCS[\"GCS_ITRF_2000\",DATUM[\"D_ITRF_2000\",SPHEROID[\"GRS_1980\",6378137.0,298.257222101]],PRIMEM[\"Greenwich\",0.0],UNIT[\"Degree\",0.0174532925199433]],PROJECTION[\"Transverse_Mercator\"],PARAMETER[\"False_Easting\",200000.0],PARAMETER[\"False_Northing\",600000.0],PARAMETER[\"Central_Meridian\",127.0],PARAMETER[\"Scale_Factor\",1.0],PARAMETER[\"Latitude_Of_Origin\",38.0],UNIT[\"Meter\",1.0]]"
  },
  "fields" : [
    {
      "name" : "FID",
      "type" : "esriFieldTypeOID",
      "alias" : "FID"
    },
    {
      "name" : "PMNTN_SPOT",
      "type" : "esriFieldTypeDouble",
      "alias" : "PMNTN_SPOT"
    },
    {
      "name" : "MNTN_CODE",
      "type" : "esriFieldTypeString",
      "alias" : "MNTN_CODE",
      "length" : 9
    },
    {
      "name" : "MANAGE_SP1",
      "type" : "esriFieldTypeString",
      "alias" : "MANAGE_SP1",
      "length" : 2
    },
    {
      "name" : "MANAGE_SP2",
      "type" : "esriFieldTypeString",
      "alias" : "MANAGE_SP2",
      "length" : 50
    },
    {
      "name" : "DETAIL_SPO",
      "type" : "esriFieldTypeString",
      "alias" : "DETAIL_SPO",
      "length" : 200
    },
    {
      "name" : "ETC_MATTER",
      "type" : "esriFieldTypeString",
      "alias" : "ETC_MATTER",
      "length" : 200
    },
    {
      "name" : "MNTN_NM",
      "type" : "esriFieldTypeString",
      "alias" : "MNTN_NM",
      "length" : 50
    },
    {
      "name" : "PAST_SPOT_",
      "type" : "esriFieldTypeString",
      "alias" : "PAST_SPOT_",
      "length" : 14
    },
    {
      "name" : "MNTN_ID",
      "type" : "esriFieldTypeString",
      "alias" : "MNTN_ID",
      "length" : 10
    }
  ],
  "features" : [
    {
      "attributes" : {
        "FID" : 0,
        "PMNTN_SPOT" : 84271,
        "MNTN_CODE" : "469002101",
        "MANAGE_SP1" : "22",
        "MANAGE_SP2" : "헬기장",
        "DETAIL_SPO" : "헬기장",
        "ETC_MATTER" : " ",
        "MNTN_NM" : "첨찰산",
        "PAST_SPOT_" : "26190121000001",
        "MNTN_ID" : "2619012100"
      },
      "geometry" : {
        "x" : 136787.16290000267,
        "y" : 207976.04250000045
      }
    },
    {
      "attributes" : {
        "FID" : 1,
        "PMNTN_SPOT" : 84272,
        "MNTN_CODE" : "469002101",
        "MANAGE_SP1" : "99",
        "MANAGE_SP2" : "기타",
        "DETAIL_SPO" : "묘",
        "ETC_MATTER" : " ",
        "MNTN_NM" : "첨찰산",
        "PAST_SPOT_" : "26190121000002",
        "MNTN_ID" : "2619012100"
      },
      "geometry" : {
        "x" : 136550.50699999928,
        "y" : 207494.88899999857
      }
    },
    {
      "attributes" : {
        "FID" : 2,
        "PMNTN_SPOT" : 84273,
        "MNTN_CODE" : "469002101",
        "MANAGE_SP1" : "14",
        "MANAGE_SP2" : "조망점",
        "DETAIL_SPO" : "조망점",
        "ETC_MATTER" : " ",
        "MNTN_NM" : "첨찰산",
        "PAST_SPOT_" : "26190121000003",
        "MNTN_ID" : "2619012100"
      },
      "geometry" : {
        "x" : 136866.63970000204,
        "y" : 207113.20010000095
      }
    },
    {
      "attributes" : {
        "FID" : 3,
        "PMNTN_SPOT" : 84274,
        "MNTN_CODE" : "469002101",
        "MANAGE_SP1" : "99",
        "MANAGE_SP2" : "기타",
        "DETAIL_SPO" : "공터",
        "ETC_MATTER" : " ",
        "MNTN_NM" : "첨찰산",
        "PAST_SPOT_" : "26190121000004",
        "MNTN_ID" : "2619012100"
      },
      "geometry" : {
        "x" : 138107.10970000178,
        "y" : 206689.67190000042
      }
    },
    {
      "attributes" : {
        "FID" : 4,
        "PMNTN_SPOT" : 84275,
        "MNTN_CODE" : "469002101",
        "MANAGE_SP1" : "06",
        "MANAGE_SP2" : "음수대",
        "DETAIL_SPO" : "약수터",
        "ETC_MATTER" : " ",
        "MNTN_NM" : "첨찰산",
        "PAST_SPOT_" : "26190121000005",
        "MNTN_ID" : "2619012100"
      },
      "geometry" : {
        "x" : 136907.48390000314,
        "y" : 209229.32810000144
      }
    },
    {
      "attributes" : {
        "FID" : 5,
        "PMNTN_SPOT" : 84276,
        "MNTN_CODE" : "469002101",
        "MANAGE_SP1" : "05",
        "MANAGE_SP2" : "벤치",
        "DETAIL_SPO" : "벤치",
        "ETC_MATTER" : " ",
        "MNTN_NM" : "첨찰산",
        "PAST_SPOT_" : "26190121000006",
        "MNTN_ID" : "2619012100"
      },
      "geometry" : {
        "x" : 137424.68730000127,
        "y" : 209430.65670000203
      }
    },
    {
      "attributes" : {
        "FID" : 6,
        "PMNTN_SPOT" : 84277,
        "MNTN_CODE" : "469002101",
        "MANAGE_SP1" : "05",
        "MANAGE_SP2" : "벤치",
        "DETAIL_SPO" : "벤치2",
        "ETC_MATTER" : " ",
        "MNTN_NM" : "첨찰산",
        "PAST_SPOT_" : "26190121000007",
        "MNTN_ID" : "2619012100"
      },
      "geometry" : {
        "x" : 137475.24390000012,
        "y" : 209293.50180000253
      }
    },
    {
      "attributes" : {
        "FID" : 7,
        "PMNTN_SPOT" : 84278,
        "MNTN_CODE" : "469002101",
        "MANAGE_SP1" : "99",
        "MANAGE_SP2" : "기타",
        "DETAIL_SPO" : "기타",
        "ETC_MATTER" : " ",
        "MNTN_NM" : "첨찰산",
        "PAST_SPOT_" : "26190121000008",
        "MNTN_ID" : "2619012100"
      },
      "geometry" : {
        "x" : 137640.75770000182,
        "y" : 209142.01449999958
      }
    },
    {
      "attributes" : {
        "FID" : 8,
        "PMNTN_SPOT" : 84279,
        "MNTN_CODE" : "469002101",
        "MANAGE_SP1" : "06",
        "MANAGE_SP2" : "음수대",
        "DETAIL_SPO" : "불상 약수터",
        "ETC_MATTER" : " ",
        "MNTN_NM" : "첨찰산",
        "PAST_SPOT_" : "26190121000009",
        "MNTN_ID" : "2619012100"
      },
      "geometry" : {
        "x" : 138030.27840000391,
        "y" : 208843.08700000308
      }
    },
    {
      "attributes" : {
        "FID" : 9,
        "PMNTN_SPOT" : 84280,
        "MNTN_CODE" : "469002101",
        "MANAGE_SP1" : "22",
        "MANAGE_SP2" : "헬기장",
        "DETAIL_SPO" : "헬기장",
        "ETC_MATTER" : " ",
        "MNTN_NM" : "첨찰산",
        "PAST_SPOT_" : "26190121000010",
        "MNTN_ID" : "2619012100"
      },
      "geometry" : {
        "x" : 137874.39209999982,
        "y" : 208788.60220000148
      }
    },
    {
      "attributes" : {
        "FID" : 10,
        "PMNTN_SPOT" : 84281,
        "MNTN_CODE" : "469002101",
        "MANAGE_SP1" : "01",
        "MANAGE_SP2" : "시종점",
        "DETAIL_SPO" : "시종점",
        "ETC_MATTER" : " ",
        "MNTN_NM" : "첨찰산",
        "PAST_SPOT_" : "26190121000011",
        "MNTN_ID" : "2619012100"
      },
      "geometry" : {
        "x" : 136197.84900000039,
        "y" : 207923.78790000081
      }
    },
    {
      "attributes" : {
        "FID" : 11,
        "PMNTN_SPOT" : 84282,
        "MNTN_CODE" : "469002101",
        "MANAGE_SP1" : "01",
        "MANAGE_SP2" : "시종점",
        "DETAIL_SPO" : "시종점,사천리 주차장",
        "ETC_MATTER" : " ",
        "MNTN_NM" : "첨찰산",
        "PAST_SPOT_" : "26190121000012",
        "MNTN_ID" : "2619012100"
      },
      "geometry" : {
        "x" : 136211.82570000086,
        "y" : 208099.54130000435
      }
    },
    {
      "attributes" : {
        "FID" : 12,
        "PMNTN_SPOT" : 84283,
        "MNTN_CODE" : "469002101",
        "MANAGE_SP1" : "01",
        "MANAGE_SP2" : "시종점",
        "DETAIL_SPO" : "시종점",
        "ETC_MATTER" : " ",
        "MNTN_NM" : "첨찰산",
        "PAST_SPOT_" : "26190121000013",
        "MNTN_ID" : "2619012100"
      },
      "geometry" : {
        "x" : 136242.49380000122,
        "y" : 208047.21220000274
      }
    },
    {
      "attributes" : {
        "FID" : 13,
        "PMNTN_SPOT" : 84284,
        "MNTN_CODE" : "469002101",
        "MANAGE_SP1" : "01",
        "MANAGE_SP2" : "시종점",
        "DETAIL_SPO" : "시종점",
        "ETC_MATTER" : " ",
        "MNTN_NM" : "첨찰산",
        "PAST_SPOT_" : "26190121000014",
        "MNTN_ID" : "2619012100"
      },
      "geometry" : {
        "x" : 136308.01360000018,
        "y" : 208057.85660000145
      }
    },
    {
      "attributes" : {
        "FID" : 14,
        "PMNTN_SPOT" : 84285,
        "MNTN_CODE" : "469002101",
        "MANAGE_SP1" : "02",
        "MANAGE_SP2" : "분기점",
        "DETAIL_SPO" : "분기점",
        "ETC_MATTER" : " ",
        "MNTN_NM" : "첨찰산",
        "PAST_SPOT_" : "26190121000015",
        "MNTN_ID" : "2619012100"
      },
      "geometry" : {
        "x" : 136559.03510000091,
        "y" : 207430.54400000349
      }
    },
    {
      "attributes" : {
        "FID" : 15,
        "PMNTN_SPOT" : 84286,
        "MNTN_CODE" : "469002101",
        "MANAGE_SP1" : "02",
        "MANAGE_SP2" : "분기점",
        "DETAIL_SPO" : "진도 아리랑비 공원",
        "ETC_MATTER" : " ",
        "MNTN_NM" : "첨찰산",
        "PAST_SPOT_" : "26190121000016",
        "MNTN_ID" : "2619012100"
      },
      "geometry" : {
        "x" : 136748.1436999999,
        "y" : 207957.84170000441
      }
    },
    {
      "attributes" : {
        "FID" : 16,
        "PMNTN_SPOT" : 84287,
        "MNTN_CODE" : "469002101",
        "MANAGE_SP1" : "02",
        "MANAGE_SP2" : "분기점",
        "DETAIL_SPO" : "분기점",
        "ETC_MATTER" : " ",
        "MNTN_NM" : "첨찰산",
        "PAST_SPOT_" : "26190121000017",
        "MNTN_ID" : "2619012100"
      },
      "geometry" : {
        "x" : 137288.34069999959,
        "y" : 209491.63189999945
      }
    },
    {
      "attributes" : {
        "FID" : 17,
        "PMNTN_SPOT" : 84288,
        "MNTN_CODE" : "469002101",
        "MANAGE_SP1" : "23",
        "MANAGE_SP2" : "정상",
        "DETAIL_SPO" : "첨찰산정상",
        "ETC_MATTER" : " ",
        "MNTN_NM" : "첨찰산",
        "PAST_SPOT_" : "26190121000018",
        "MNTN_ID" : "2619012100"
      },
      "geometry" : {
        "x" : 137691.21609999985,
        "y" : 209128.7125000041
      }
    },
    {
      "attributes" : {
        "FID" : 18,
        "PMNTN_SPOT" : 84289,
        "MNTN_CODE" : "469002101",
        "MANAGE_SP1" : "99",
        "MANAGE_SP2" : "기타",
        "DETAIL_SPO" : "목계단",
        "ETC_MATTER" : " ",
        "MNTN_NM" : "첨찰산",
        "PAST_SPOT_" : "26190121000019",
        "MNTN_ID" : "2619012100"
      },
      "geometry" : {
        "x" : 137772.92660000082,
        "y" : 209023.9944000002
      }
    },
    {
      "attributes" : {
        "FID" : 19,
        "PMNTN_SPOT" : 84290,
        "MNTN_CODE" : "469002101",
        "MANAGE_SP1" : "99",
        "MANAGE_SP2" : "기타",
        "DETAIL_SPO" : "목계단",
        "ETC_MATTER" : " ",
        "MNTN_NM" : "첨찰산",
        "PAST_SPOT_" : "26190121000020",
        "MNTN_ID" : "2619012100"
      },
      "geometry" : {
        "x" : 137802.26160000172,
        "y" : 208981.91530000046
      }
    },
    {
      "attributes" : {
        "FID" : 20,
        "PMNTN_SPOT" : 84291,
        "MNTN_CODE" : "469002101",
        "MANAGE_SP1" : "02",
        "MANAGE_SP2" : "분기점",
        "DETAIL_SPO" : "분기점",
        "ETC_MATTER" : " ",
        "MNTN_NM" : "첨찰산",
        "PAST_SPOT_" : "26190121000021",
        "MNTN_ID" : "2619012100"
      },
      "geometry" : {
        "x" : 137814.60110000242,
        "y" : 208948.72770000435
      }
    },
    {
      "attributes" : {
        "FID" : 21,
        "PMNTN_SPOT" : 84292,
        "MNTN_CODE" : "469002101",
        "MANAGE_SP1" : "01",
        "MANAGE_SP2" : "시종점",
        "DETAIL_SPO" : "시종점",
        "ETC_MATTER" : " ",
        "MNTN_NM" : "첨찰산",
        "PAST_SPOT_" : "26190121000022",
        "MNTN_ID" : "2619012100"
      },
      "geometry" : {
        "x" : 137933.20100000035,
        "y" : 208798.79530000128
      }
    },
    {
      "attributes" : {
        "FID" : 22,
        "PMNTN_SPOT" : 84293,
        "MNTN_CODE" : "469002101",
        "MANAGE_SP1" : "99",
        "MANAGE_SP2" : "기타",
        "DETAIL_SPO" : "두목재",
        "ETC_MATTER" : " ",
        "MNTN_NM" : "첨찰산",
        "PAST_SPOT_" : "26190121000023",
        "MNTN_ID" : "2619012100"
      },
      "geometry" : {
        "x" : 138135.05539999995,
        "y" : 207753.0548000019
      }
    }
  ]
}