{
  "displayFieldName" : "",
  "fieldAliases" : {
    "FID" : "FID",
    "SAFE_SPOT1" : "SAFE_SPOT1",
    "SAFE_SPOT2" : "SAFE_SPOT2",
    "SAFE_SPOT3" : "SAFE_SPOT3",
    "MGC" : "MGC",
    "ETC_MATTER" : "ETC_MATTER",
    "MNTN_NM" : "MNTN_NM"
  },
  "geometryType" : "esriGeometryPoint",
  "spatialReference" : {
    "wkt" : "PROJCS[\"PCS_ITRF2000_TM\",GEOGCS[\"GCS_ITRF_2000\",DATUM[\"D_ITRF_2000\",SPHEROID[\"GRS_1980\",6378137.0,298.257222101]],PRIMEM[\"Greenwich\",0.0],UNIT[\"Degree\",0.0174532925199433]],PROJECTION[\"Transverse_Mercator\"],PARAMETER[\"False_Easting\",200000.0],PARAMETER[\"False_Northing\",600000.0],PARAMETER[\"Central_Meridian\",127.0],PARAMETER[\"Scale_Factor\",1.0],PARAMETER[\"Latitude_Of_Origin\",38.0],UNIT[\"Meter\",1.0]]"
  },
  "fields" : [
    {
      "name" : "FID",
      "type" : "esriFieldTypeOID",
      "alias" : "FID"
    },
    {
      "name" : "SAFE_SPOT1",
      "type" : "esriFieldTypeDouble",
      "alias" : "SAFE_SPOT1"
    },
    {
      "name" : "SAFE_SPOT2",
      "type" : "esriFieldTypeString",
      "alias" : "SAFE_SPOT2",
      "length" : 50
    },
    {
      "name" : "SAFE_SPOT3",
      "type" : "esriFieldTypeString",
      "alias" : "SAFE_SPOT3",
      "length" : 50
    },
    {
      "name" : "MGC",
      "type" : "esriFieldTypeString",
      "alias" : "MGC",
      "length" : 50
    },
    {
      "name" : "ETC_MATTER",
      "type" : "esriFieldTypeString",
      "alias" : "ETC_MATTER",
      "length" : 200
    },
    {
      "name" : "MNTN_NM",
      "type" : "esriFieldTypeString",
      "alias" : "MNTN_NM",
      "length" : 50
    }
  ],
  "features" : [
    {
      "attributes" : {
        "FID" : 0,
        "SAFE_SPOT1" : 5524,
        "SAFE_SPOT2" : "소사고개 이정표",
        "SAFE_SPOT3" : " ",
        "MGC" : "거창군",
        "ETC_MATTER" : "삼봉산",
        "MNTN_NM" : "삼봉산"
      },
      "geometry" : {
        "x" : 276804.56270000059,
        "y" : 366108.79030000232
      }
    },
    {
      "attributes" : {
        "FID" : 1,
        "SAFE_SPOT1" : 5525,
        "SAFE_SPOT2" : "갈림길 이정표",
        "SAFE_SPOT3" : " ",
        "MGC" : "거창군",
        "ETC_MATTER" : "삼봉산 0.8km / 소사 2.1km",
        "MNTN_NM" : "삼봉산"
      },
      "geometry" : {
        "x" : 277001.01590000093,
        "y" : 365441.60460000299
      }
    },
    {
      "attributes" : {
        "FID" : 2,
        "SAFE_SPOT1" : 5526,
        "SAFE_SPOT2" : "삼봉산 이정표",
        "SAFE_SPOT3" : " ",
        "MGC" : "거창군",
        "ETC_MATTER" : "삼봉산/ 소사재 2.0km,  신풍령 4.5km 훼손",
        "MNTN_NM" : "삼봉산"
      },
      "geometry" : {
        "x" : 274888.39620000124,
        "y" : 363721.91150000133
      }
    },
    {
      "attributes" : {
        "FID" : 3,
        "SAFE_SPOT1" : 5527,
        "SAFE_SPOT2" : "뼈재  이정표",
        "SAFE_SPOT3" : " ",
        "MGC" : "거창군",
        "ETC_MATTER" : "덕유산 / 삼봉산 4.1km",
        "MNTN_NM" : "삼봉산"
      },
      "geometry" : {
        "x" : 274815.17109999899,
        "y" : 363776.77490000054
      }
    },
    {
      "attributes" : {
        "FID" : 4,
        "SAFE_SPOT1" : 5528,
        "SAFE_SPOT2" : "이정표",
        "SAFE_SPOT3" : " ",
        "MGC" : "거창군",
        "ETC_MATTER" : "삼봉산 4km / 하행로 0.1km",
        "MNTN_NM" : "삼봉산"
      },
      "geometry" : {
        "x" : 275950.9160000002,
        "y" : 363579.94519999996
      }
    },
    {
      "attributes" : {
        "FID" : 5,
        "SAFE_SPOT1" : 5529,
        "SAFE_SPOT2" : "봉산갈림길 이정표",
        "SAFE_SPOT3" : " ",
        "MGC" : "거창군",
        "ETC_MATTER" : "삼봉산 2.6km / 거창봉산리 1.9km /  신풍령 1.9km- 떨어져있음",
        "MNTN_NM" : "삼봉산"
      },
      "geometry" : {
        "x" : 276279.19240000099,
        "y" : 364498.26630000211
      }
    },
    {
      "attributes" : {
        "FID" : 6,
        "SAFE_SPOT1" : 5530,
        "SAFE_SPOT2" : "이정표",
        "SAFE_SPOT3" : " ",
        "MGC" : "거창군",
        "ETC_MATTER" : "삼봉산 2km / 뼈재 2km",
        "MNTN_NM" : "삼봉산"
      },
      "geometry" : {
        "x" : 276484.46719999984,
        "y" : 364839.11379999854
      }
    },
    {
      "attributes" : {
        "FID" : 7,
        "SAFE_SPOT1" : 5531,
        "SAFE_SPOT2" : "호절골재 이정표",
        "SAFE_SPOT3" : " ",
        "MGC" : "거창군",
        "ETC_MATTER" : "삼봉산 1km /  뼈재 3km",
        "MNTN_NM" : "삼봉산"
      },
      "geometry" : {
        "x" : 276854.11300000176,
        "y" : 365027.27260000259
      }
    },
    {
      "attributes" : {
        "FID" : 8,
        "SAFE_SPOT1" : 5532,
        "SAFE_SPOT2" : "갈림길 이정표",
        "SAFE_SPOT3" : " ",
        "MGC" : "거창군",
        "ETC_MATTER" : "삼봉산 0.6km / 뼈재 3.6km / 금봉암 0.7km",
        "MNTN_NM" : "삼봉산"
      },
      "geometry" : {
        "x" : 277010.98800000083,
        "y" : 365161.18620000035
      }
    },
    {
      "attributes" : {
        "FID" : 9,
        "SAFE_SPOT1" : 5533,
        "SAFE_SPOT2" : "갈림길 이정표",
        "SAFE_SPOT3" : " ",
        "MGC" : "거창군",
        "ETC_MATTER" : "삼봉산 0.34km / 뼈재 3.8km / 금봉암 0.5km",
        "MNTN_NM" : "삼봉산"
      },
      "geometry" : {
        "x" : 279480.47469999921,
        "y" : 363096.22930000164
      }
    },
    {
      "attributes" : {
        "FID" : 10,
        "SAFE_SPOT1" : 5534,
        "SAFE_SPOT2" : "봉산삼거리 이정표",
        "SAFE_SPOT3" : " ",
        "MGC" : "거창군",
        "ETC_MATTER" : "삼봉산",
        "MNTN_NM" : "삼봉산"
      },
      "geometry" : {
        "x" : 277272.72550000064,
        "y" : 364778.16400000267
      }
    },
    {
      "attributes" : {
        "FID" : 11,
        "SAFE_SPOT1" : 5535,
        "SAFE_SPOT2" : " 3주차장 안내도",
        "SAFE_SPOT3" : " ",
        "MGC" : "거창군",
        "ETC_MATTER" : "삼봉산 산행안내도",
        "MNTN_NM" : "삼봉산"
      },
      "geometry" : {
        "x" : 277156.76840000134,
        "y" : 364841.88180000335
      }
    },
    {
      "attributes" : {
        "FID" : 12,
        "SAFE_SPOT1" : 5536,
        "SAFE_SPOT2" : "갈림길 이정표",
        "SAFE_SPOT3" : " ",
        "MGC" : "거창군",
        "ETC_MATTER" : "삼봉산 1.3km",
        "MNTN_NM" : "삼봉산"
      },
      "geometry" : {
        "x" : 277227.68090000097,
        "y" : 365052.11030000262
      }
    },
    {
      "attributes" : {
        "FID" : 13,
        "SAFE_SPOT1" : 5537,
        "SAFE_SPOT2" : "갈림길 이정표",
        "SAFE_SPOT3" : " ",
        "MGC" : "거창군",
        "ETC_MATTER" : "삼봉산 0.6km",
        "MNTN_NM" : "삼봉산"
      },
      "geometry" : {
        "x" : 278072.62969999947,
        "y" : 358570.94510000013
      }
    },
    {
      "attributes" : {
        "FID" : 14,
        "SAFE_SPOT1" : 5538,
        "SAFE_SPOT2" : "거창저수지이정표",
        "SAFE_SPOT3" : " ",
        "MGC" : "거창군",
        "ETC_MATTER" : "삼봉산 9.7km",
        "MNTN_NM" : "삼봉산"
      },
      "geometry" : {
        "x" : 277123.28029999882,
        "y" : 362643.78810000233
      }
    },
    {
      "attributes" : {
        "FID" : 15,
        "SAFE_SPOT1" : 5539,
        "SAFE_SPOT2" : "갈림길이정표",
        "SAFE_SPOT3" : " ",
        "MGC" : "거창군",
        "ETC_MATTER" : "삼봉산 4.3km, 거창저수지 5.4km, 봉산삼거리 3.8km, 상수내 2.5km",
        "MNTN_NM" : "삼봉산"
      },
      "geometry" : {
        "x" : 278848.09930000175,
        "y" : 365069.51830000058
      }
    },
    {
      "attributes" : {
        "FID" : 16,
        "SAFE_SPOT1" : 5540,
        "SAFE_SPOT2" : "사과테마파크 안내도",
        "SAFE_SPOT3" : " ",
        "MGC" : "거창군",
        "ETC_MATTER" : "삼봉산 및 금봉암산행안내도, 사과테마파크안내도",
        "MNTN_NM" : "삼봉산"
      },
      "geometry" : {
        "x" : 278283.44990000222,
        "y" : 365375.82389999926
      }
    },
    {
      "attributes" : {
        "FID" : 17,
        "SAFE_SPOT1" : 5541,
        "SAFE_SPOT2" : "내당산길이정표",
        "SAFE_SPOT3" : " ",
        "MGC" : "거창군",
        "ETC_MATTER" : "삼봉산오름길 1.42km / 고제면",
        "MNTN_NM" : "삼봉산"
      },
      "geometry" : {
        "x" : 278137.39309999999,
        "y" : 365439.26190000027
      }
    },
    {
      "attributes" : {
        "FID" : 18,
        "SAFE_SPOT1" : 5542,
        "SAFE_SPOT2" : "제1휴게소이정표",
        "SAFE_SPOT3" : " ",
        "MGC" : "거창군",
        "ETC_MATTER" : "종착점 1.17km, 삼봉산오름길입구 250m / 고제면",
        "MNTN_NM" : "삼봉산"
      },
      "geometry" : {
        "x" : 277999.46260000113,
        "y" : 365434.95940000005
      }
    },
    {
      "attributes" : {
        "FID" : 19,
        "SAFE_SPOT1" : 5543,
        "SAFE_SPOT2" : "제2휴게소이정표",
        "SAFE_SPOT3" : " ",
        "MGC" : "거창군",
        "ETC_MATTER" : "종착점 920m, 삼봉산오름길입구 500m / 고제면",
        "MNTN_NM" : "삼봉산"
      },
      "geometry" : {
        "x" : 277611.7024000017,
        "y" : 365314.4068
      }
    },
    {
      "attributes" : {
        "FID" : 20,
        "SAFE_SPOT1" : 5544,
        "SAFE_SPOT2" : "제3휴게소이정표",
        "SAFE_SPOT3" : " ",
        "MGC" : "거창군",
        "ETC_MATTER" : "종착점 710m, 삼봉산오름길입구 710m / 고제면",
        "MNTN_NM" : "삼봉산"
      },
      "geometry" : {
        "x" : 277406.15780000109,
        "y" : 365010.51880000159
      }
    },
    {
      "attributes" : {
        "FID" : 21,
        "SAFE_SPOT1" : 5545,
        "SAFE_SPOT2" : "갈림길이정표",
        "SAFE_SPOT3" : " ",
        "MGC" : "거창군",
        "ETC_MATTER" : "삼봉산오름길입구 1.42km / 고제면",
        "MNTN_NM" : "삼봉산"
      },
      "geometry" : {
        "x" : 274725.20550000016,
        "y" : 360767.54969999753
      }
    }
  ]
}