{
  "displayFieldName" : "",
  "fieldAliases" : {
    "FID" : "FID",
    "PMNTN_SN" : "PMNTN_SN",
    "MNTN_CODE" : "MNTN_CODE",
    "MNTN_NM" : "MNTN_NM",
    "PMNTN_NM" : "PMNTN_NM",
    "PMNTN_MAIN" : "PMNTN_MAIN",
    "PMNTN_LT" : "PMNTN_LT",
    "PMNTN_DFFL" : "PMNTN_DFFL",
    "PMNTN_UPPL" : "PMNTN_UPPL",
    "PMNTN_GODN" : "PMNTN_GODN",
    "PMNTN_MTRQ" : "PMNTN_MTRQ",
    "PMNTN_CNRL" : "PMNTN_CNRL",
    "PMNTN_CLS_" : "PMNTN_CLS_",
    "PMNTN_RISK" : "PMNTN_RISK",
    "PMNTN_RECO" : "PMNTN_RECO",
    "DATA_STDR_" : "DATA_STDR_",
    "MNTN_ID" : "MNTN_ID"
  },
  "geometryType" : "esriGeometryPolyline",
  "spatialReference" : {
    "wkt" : "PROJCS[\"PCS_ITRF2000_TM\",GEOGCS[\"GCS_ITRF_2000\",DATUM[\"D_ITRF_2000\",SPHEROID[\"GRS_1980\",6378137.0,298.257222101]],PRIMEM[\"Greenwich\",0.0],UNIT[\"Degree\",0.0174532925199433]],PROJECTION[\"Transverse_Mercator\"],PARAMETER[\"False_Easting\",200000.0],PARAMETER[\"False_Northing\",600000.0],PARAMETER[\"Central_Meridian\",127.0],PARAMETER[\"Scale_Factor\",1.0],PARAMETER[\"Latitude_Of_Origin\",38.0],UNIT[\"Meter\",1.0]]"
  },
  "fields" : [
    {
      "name" : "FID",
      "type" : "esriFieldTypeOID",
      "alias" : "FID"
    },
    {
      "name" : "PMNTN_SN",
      "type" : "esriFieldTypeDouble",
      "alias" : "PMNTN_SN"
    },
    {
      "name" : "MNTN_CODE",
      "type" : "esriFieldTypeString",
      "alias" : "MNTN_CODE",
      "length" : 9
    },
    {
      "name" : "MNTN_NM",
      "type" : "esriFieldTypeString",
      "alias" : "MNTN_NM",
      "length" : 50
    },
    {
      "name" : "PMNTN_NM",
      "type" : "esriFieldTypeString",
      "alias" : "PMNTN_NM",
      "length" : 50
    },
    {
      "name" : "PMNTN_MAIN",
      "type" : "esriFieldTypeString",
      "alias" : "PMNTN_MAIN",
      "length" : 200
    },
    {
      "name" : "PMNTN_LT",
      "type" : "esriFieldTypeSingle",
      "alias" : "PMNTN_LT"
    },
    {
      "name" : "PMNTN_DFFL",
      "type" : "esriFieldTypeString",
      "alias" : "PMNTN_DFFL",
      "length" : 8
    },
    {
      "name" : "PMNTN_UPPL",
      "type" : "esriFieldTypeDouble",
      "alias" : "PMNTN_UPPL"
    },
    {
      "name" : "PMNTN_GODN",
      "type" : "esriFieldTypeDouble",
      "alias" : "PMNTN_GODN"
    },
    {
      "name" : "PMNTN_MTRQ",
      "type" : "esriFieldTypeString",
      "alias" : "PMNTN_MTRQ",
      "length" : 200
    },
    {
      "name" : "PMNTN_CNRL",
      "type" : "esriFieldTypeString",
      "alias" : "PMNTN_CNRL",
      "length" : 1
    },
    {
      "name" : "PMNTN_CLS_",
      "type" : "esriFieldTypeString",
      "alias" : "PMNTN_CLS_",
      "length" : 1
    },
    {
      "name" : "PMNTN_RISK",
      "type" : "esriFieldTypeString",
      "alias" : "PMNTN_RISK",
      "length" : 200
    },
    {
      "name" : "PMNTN_RECO",
      "type" : "esriFieldTypeString",
      "alias" : "PMNTN_RECO",
      "length" : 1
    },
    {
      "name" : "DATA_STDR_",
      "type" : "esriFieldTypeString",
      "alias" : "DATA_STDR_",
      "length" : 10
    },
    {
      "name" : "MNTN_ID",
      "type" : "esriFieldTypeString",
      "alias" : "MNTN_ID",
      "length" : 10
    }
  ],
  "features" : [
    {
      "attributes" : {
        "FID" : 0,
        "PMNTN_SN" : 14810,
        "MNTN_CODE" : "427501301",
        "MNTN_NM" : "마대산",
        "PMNTN_NM" : " ",
        "PMNTN_MAIN" : " ",
        "PMNTN_LT" : 4.42,
        "PMNTN_DFFL" : "쉬움",
        "PMNTN_UPPL" : 166,
        "PMNTN_GODN" : 116,
        "PMNTN_MTRQ" : " ",
        "PMNTN_CNRL" : " ",
        "PMNTN_CLS_" : " ",
        "PMNTN_RISK" : " ",
        "PMNTN_RECO" : " ",
        "DATA_STDR_" : "2016-12-31",
        "MNTN_ID" : "427501301"
      },
      "geometry" : {
        "paths" : [
          [
            [
              342460.0895000184,
              499354.08240000904
            ],
            [
              342442.28820002172,
              499360.78990000114
            ],
            [
              342434.84520002268,
              499366.14510000311
            ],
            [
              342431.21900001727,
              499372.2873999998
            ],
            [
              342426.4036000194,
              499381.2677000016
            ],
            [
              342425.11610002071,
              499389.06159999967
            ],
            [
              342423.18760002125,
              499401.47560000233
            ],
            [
              342423.51540002041,
              499411.01009999961
            ],
            [
              342422.70100002177,
              499421.87650000304
            ],
            [
              342418.13370002061,
              499428.37160000578
            ],
            [
              342411.62600001879,
              499430.51630000398
            ],
            [
              342406.91520001926,
              499430.73560000397
            ],
            [
              342399.80670002103,
              499430.61500000022
            ],
            [
              342396.06250002235,
              499429.11730000935
            ],
            [
              342392.692600023,
              499428.36839999817
            ],
            [
              342389.32280001976,
              499427.2452000007
            ],
            [
              342385.57340001967,
              499426.49379999936
            ],
            [
              342381.69010002166,
              499424.92650000006
            ],
            [
              342375.56840001978,
              499424.07490000129
            ],
            [
              342373.49780002329,
              499423.81609999947
            ],
            [
              342371.3634000225,
              499423.54930000193
            ],
            [
              342367.60600002389,
              499423.50090000033
            ],
            [
              342364.23610002175,
              499423.50090000033
            ],
            [
              342360.86630002037,
              499423.50090000033
            ],
            [
              342357.49650001898,
              499423.50090000406
            ],
            [
              342353.75220001768,
              499423.50090000406
            ],
            [
              342350.38230002299,
              499423.50090000033
            ],
            [
              342346.63810001779,
              499423.50090000406
            ],
            [
              342343.26820002031,
              499423.50090000033
            ],
            [
              342339.89840001892,
              499423.50090000033
            ],
            [
              342336.90300001949,
              499423.87529999949
            ],
            [
              342333.90750001837,
              499424.62420000508
            ],
            [
              342330.9121000208,
              499424.99860000052
            ],
            [
              342327.54230002034,
              499424.99860000052
            ],
            [
              342324.17240002286,
              499424.99860000052
            ],
            [
              342320.80260001961,
              499424.99860000052
            ],
            [
              342317.80720001739,
              499424.62420000136
            ],
            [
              342314.0629000226,
              499424.62420000136
            ],
            [
              342311.06750001851,
              499424.24970000796
            ],
            [
              342308.07210002095,
              499423.87529999949
            ],
            [
              342305.07660002075,
              499423.1265000049
            ],
            [
              342301.70680002123,
              499423.12650000118
            ],
            [
              342298.3370000245,
              499423.12650000118
            ],
            [
              342294.96710001864,
              499423.12650000118
            ],
            [
              342291.22280002106,
              499423.12650000118
            ],
            [
              342287.85300002061,
              499423.12650000118
            ],
            [
              342284.48310002033,
              499423.12650000118
            ],
            [
              342281.1133000236,
              499423.12650000118
            ],
            [
              342277.74350002315,
              499423.12650000118
            ],
            [
              342274.74800001737,
              499423.50090000033
            ],
            [
              342271.7526000198,
              499424.62420000136
            ],
            [
              342268.7572000185,
              499425.74750000238
            ],
            [
              342266.13620002009,
              499427.99399999902
            ],
            [
              342263.88970002346,
              499430.24060000107
            ],
            [
              342261.26870002318,
              499431.73830000125
            ],
            [
              342258.27320002019,
              499433.23600000143
            ],
            [
              342255.65230002347,
              499434.73370000161
            ],
            [
              342252.65680002049,
              499435.10810000077
            ],
            [
              342249.66140002012,
              499435.85700000077
            ],
            [
              342245.93610002007,
              499436.32260000706
            ],
            [
              342241.90230002627,
              499436.82690000162
            ],
            [
              342237.30530002154,
              499436.9803000018
            ],
            [
              342234.49660002533,
              499437.33140000515
            ],
            [
              342231.31450001989,
              499437.72910000011
            ],
            [
              342228.31910002232,
              499438.1035999991
            ],
            [
              342224.20040002,
              499438.1035999991
            ],
            [
              342220.83050002251,
              499438.1035999991
            ],
            [
              342217.83510002028,
              499436.9803000018
            ],
            [
              342214.83970002085,
              499435.85700000077
            ],
            [
              342211.84430002328,
              499434.35930000246
            ],
            [
              342209.65700002201,
              499432.48440000042
            ],
            [
              342206.28400001768,
              499431.93040000461
            ],
            [
              342200.57730001956,
              499429.20240000077
            ],
            [
              342194.19490001909,
              499423.71299999766
            ],
            [
              342196.52670001891,
              499407.49080000632
            ],
            [
              342190.94050002005,
              499397.94559999928
            ],
            [
              342196.57930002455,
              499385.43669999763
            ],
            [
              342205.90690001938,
              499378.22929999977
            ],
            [
              342212.42670002021,
              499368.24150000326
            ],
            [
              342212.3198000202,
              499356.34510000423
            ],
            [
              342207.33220001869,
              499344.24830000289
            ],
            [
              342199.2590000201,
              499335.64650000259
            ],
            [
              342181.21470001899,
              499332.09600000642
            ],
            [
              342170.21800002363,
              499334.44510000199
            ],
            [
              342162.29230001755,
              499344.8928999994
            ],
            [
              342150.17430002056,
              499351.07489999942
            ],
            [
              342138.89790002163,
              499357.19310000166
            ],
            [
              342126.89680002164,
              499361.45560000278
            ],
            [
              342119.22900002357,
              499362.39780000597
            ],
            [
              342111.95830002055,
              499372.60960000381
            ],
            [
              342102.93370002229,
              499383.06550000608
            ],
            [
              342092.01200002152,
              499392.85090000555
            ],
            [
              342082.69550001994,
              499400.51400000602
            ],
            [
              342065.83960001729,
              499400.14090000466
            ],
            [
              342047.68440002296,
              499404.40370000154
            ],
            [
              342035.54390002228,
              499412.6851000078
            ],
            [
              342028.92790002096,
              499420.76630000025
            ],
            [
              342019.2181000188,
              499426.90850000642
            ],
            [
              342011.06030002143,
              499432.90340000205
            ],
            [
              342007.09880002122,
              499450.32140000723
            ],
            [
              342005.75130001921,
              499455.51630000211
            ],
            [
              342013.58640002273,
              499462.06880000234
            ],
            [
              342014.71110001951,
              499469.24250000343
            ],
            [
              342011.17700002342,
              499481.11930000223
            ],
            [
              342012.05870002788,
              499489.11760000139
            ],
            [
              342013.73980001919,
              499500.59479999915
            ],
            [
              342010.74340002052,
              499516.41559999995
            ],
            [
              342006.81990001909,
              499527.02229999937
            ],
            [
              341998.95940002333,
              499537.00489999913
            ],
            [
              341991.69540001918,
              499543.24670000002
            ],
            [
              341985.31660002004,
              499548.48670000024
            ],
            [
              341976.63000002131,
              499557.88100000098
            ],
            [
              341968.31740002148,
              499566.87070000358
            ],
            [
              341963.92480002344,
              499578.2490000017
            ],
            [
              341956.09410002269,
              499592.92590000667
            ],
            [
              341946.40800002217,
              499606.5163000077
            ],
            [
              341936.13440002222,
              499617.15150000155
            ],
            [
              341923.65060001798,
              499626.61400000378
            ],
            [
              341913.77150002122,
              499630.39760000259
            ],
            [
              341903.35020002071,
              499632.73910000548
            ],
            [
              341896.67100001965,
              499635.54950000159
            ],
            [
              341892.40430002008,
              499640.67170000263
            ],
            [
              341887.66530001909,
              499647.81560000405
            ],
            [
              341871.755100023,
              499654.23040000349
            ],
            [
              341852.81150002033,
              499655.67740000784
            ],
            [
              341837.94750002027,
              499666.38460000791
            ],
            [
              341826.62600001879,
              499672.36800000258
            ],
            [
              341819.24020002037,
              499675.43210000359
            ],
            [
              341813.82150001824,
              499682.64890000038
            ],
            [
              341808.87040002365,
              499691.77070000209
            ],
            [
              341803.70770002156,
              499712.98330000602
            ],
            [
              341796.96130001824,
              499735.22140000574
            ],
            [
              341792.56420002133,
              499757.44769999757
            ],
            [
              341792.39880001917,
              499787.17780000158
            ],
            [
              341794.07900001947,
              499809.22269999981
            ],
            [
              341792.41070001852,
              499818.50730000064
            ],
            [
              341790.23620001785,
              499825.52520000562
            ],
            [
              341777.17900001816,
              499852.50900000148
            ],
            [
              341766.18940002006,
              499872.54710000567
            ],
            [
              341761.32090001833,
              499894.25770000741
            ],
            [
              341759.12350002117,
              499902.09009999968
            ],
            [
              341750.811100021,
              499910.88419999927
            ],
            [
              341742.56130002066,
              499923.92640000209
            ],
            [
              341734.66240002122,
              499933.19330000132
            ],
            [
              341722.72880002111,
              499939.66579999961
            ],
            [
              341707.90620002057,
              499940.52180000208
            ],
            [
              341698.44120002631,
              499943.09879999794
            ],
            [
              341689.82860002015,
              499948.98940000311
            ],
            [
              341674.62080001924,
              499955.7416999992
            ],
            [
              341662.48170002177,
              499954.45110000856
            ],
            [
              341647.20360002574,
              499954.33680000715
            ],
            [
              341636.65470001847,
              499953.0728999991
            ],
            [
              341625.14460002072,
              499955.83620000444
            ],
            [
              341620.48160002101,
              499959.27020000666
            ],
            [
              341613.01940002106,
              499961.77459999919
            ],
            [
              341609.57680002321,
              499962.23059999943
            ],
            [
              341596.15980001818,
              499962.23279999942
            ],
            [
              341579.86790001951,
              499953.12430000305
            ],
            [
              341566.84210001864,
              499943.77190000005
            ],
            [
              341552.80010002106,
              499930.440200001
            ],
            [
              341541.96200001985,
              499919.70250000246
            ],
            [
              341523.99540002085,
              499916.45160000212
            ],
            [
              341504.61300002038,
              499912.70350000262
            ],
            [
              341481.70790002216,
              499908.27759999968
            ],
            [
              341465.30150001869,
              499902.53729999997
            ],
            [
              341450.33940002136,
              499902.49010001123
            ],
            [
              341440.21580002364,
              499905.70330000296
            ],
            [
              341430.00530002266,
              499912.1963000074
            ],
            [
              341419.49190002214,
              499918.3059000019
            ],
            [
              341402.20440002158,
              499917.26299999841
            ],
            [
              341392.17490002047,
              499924.58860000409
            ],
            [
              341381.19960001484,
              499936.63340000063
            ],
            [
              341368.59460002184,
              499952.78960000724
            ],
            [
              341356.98280002177,
              499965.22020000592
            ],
            [
              341344.26860002149,
              499977.13700000197
            ],
            [
              341338.1919000186,
              499989.12330000289
            ],
            [
              341328.13210002333,
              499997.2910999991
            ],
            [
              341307.48040002119,
              500002.59199999832
            ],
            [
              341236.61170001887,
              500012.55199999921
            ],
            [
              341220.50150002073,
              500018.5596000012
            ],
            [
              341210.56660002097,
              500026.76979999989
            ],
            [
              341194.71710002143,
              500032.52020000853
            ],
            [
              341181.98160001915,
              500041.86820000783
            ],
            [
              341171.87420002092,
              500053.64470000006
            ],
            [
              341166.03420002293,
              500067.53839999996
            ],
            [
              341159.44650001265,
              500080.68590000458
            ],
            [
              341158.47500001919,
              500085.56350000203
            ],
            [
              341161.66980001889,
              500087.32840000466
            ],
            [
              341167.51980002318,
              500093.10510000214
            ],
            [
              341180.07880001795,
              500097.24430000037
            ],
            [
              341187.0257000206,
              500101.30839999951
            ],
            [
              341185.57050002273,
              500104.53130000457
            ],
            [
              341181.01060001738,
              500106.08610000648
            ],
            [
              341169.05050002038,
              500110.16420000046
            ],
            [
              341149.81070002355,
              500113.47000000067
            ],
            [
              341138.13650002051,
              500119.60130000114
            ],
            [
              341134.525000019,
              500125.5219000075
            ],
            [
              341241.27810002025,
              500268.39940000139
            ],
            [
              341244.61510002054,
              500286.63880000077
            ],
            [
              341235.15400002338,
              500292.12240000069
            ],
            [
              341231.16740002017,
              500294.11310000159
            ],
            [
              341229.0612000199,
              500296.42980000004
            ],
            [
              341226.47740002349,
              500298.180999998
            ],
            [
              341209.83840001933,
              500322.66350001097
            ],
            [
              341204.14660001826,
              500320.18820000067
            ],
            [
              341198.78560002055,
              500326.65589999966
            ],
            [
              341140.75410002191,
              500345.33490000106
            ],
            [
              341128.45470001921,
              500356.74120000005
            ],
            [
              341125.32850001566,
              500354.60299999826
            ],
            [
              341113.72610002011,
              500363.94610000402
            ],
            [
              341102.07530002017,
              500375.65320000611
            ],
            [
              341100.04140002094,
              500387.46940000169
            ],
            [
              341099.8282000199,
              500392.41490000673
            ],
            [
              341094.14590001851,
              500402.63839999959
            ],
            [
              341090.56360002141,
              500409.08339999989
            ],
            [
              341088.08410002105,
              500413.54460000433
            ],
            [
              341087.83830002323,
              500428.27109999955
            ],
            [
              341045.8298000209,
              500429.5148000028
            ],
            [
              341049.37480002176,
              500446.24950000271
            ],
            [
              341044.23800002132,
              500448.17530000024
            ],
            [
              341028.95490002073,
              500453.90510000288
            ],
            [
              341026.71320001967,
              500458.59369999915
            ],
            [
              341012.40970002208,
              500488.50940000825
            ],
            [
              341002.71050002147,
              500497.87330000289
            ],
            [
              341010.18010002375,
              500507.53470000438
            ],
            [
              341002.43230002187,
              500514.54410000332
            ],
            [
              340996.54730001837,
              500523.98269999772
            ],
            [
              340994.6863000216,
              500541.60250000283
            ],
            [
              341011.49580001924,
              500543.28350000456
            ],
            [
              340997.6199000217,
              500688.37990000285
            ],
            [
              340982.28340002056,
              500692.88690000027
            ],
            [
              340978.85600001737,
              500693.35500000231
            ],
            [
              340975.06490002293,
              500693.98680000193
            ],
            [
              340971.69510001782,
              500694.40799999796
            ],
            [
              340968.5359000219,
              500694.61869999953
            ],
            [
              340964.13140001986,
              500694.24390000105
            ],
            [
              340959.30830001924,
              500693.50630000234
            ],
            [
              340956.22800001875,
              500693.26940000057
            ],
            [
              340953.02930002008,
              500692.67700000294
            ],
            [
              340949.94910002127,
              500692.44009999931
            ],
            [
              340946.27640001755,
              500692.08469999954
            ],
            [
              340943.19620002154,
              500691.61079999991
            ],
            [
              340940.23440002277,
              500690.78150000051
            ],
            [
              340936.89660001919,
              500690.69880000688
            ],
            [
              340915.62180001847,
              500684.62530000135
            ],
            [
              340912.46370002255,
              500702.43930000067
            ],
            [
              340911.93530001864,
              500705.41950000077
            ],
            [
              340911.41040001903,
              500708.38040000573
            ],
            [
              340897.93700001854,
              500715.29440000653
            ],
            [
              340886.49430002179,
              500715.10370000452
            ],
            [
              340855.67090001982,
              500702.30720000155
            ],
            [
              340852.80270001665,
              500699.90379999951
            ],
            [
              340850.19640001748,
              500698.36370000243
            ],
            [
              340847.47150002047,
              500696.94199999981
            ],
            [
              340844.83710002061,
              500695.35789999925
            ],
            [
              340855.29010001756,
              500640.74280000292
            ],
            [
              340856.8308000192,
              500638.06190000288
            ],
            [
              340858.60780001804,
              500635.57400000654
            ],
            [
              340860.38490001857,
              500632.96760000475
            ],
            [
              340862.75880001951,
              500629.54850000143
            ],
            [
              340863.155400021,
              500626.67410000227
            ],
            [
              340821.23040001933,
              500623.49970000237
            ],
            [
              340802.22960001789,
              500618.40909999982
            ],
            [
              340779.33490001969,
              500618.02769999951
            ],
            [
              340767.9624000201,
              500613.07540000603
            ],
            [
              340754.56820002105,
              500615.23930000141
            ],
            [
              340752.74480002373,
              500610.44610000402
            ],
            [
              340747.01890001912,
              500610.35070000403
            ],
            [
              340744.44720002357,
              500607.58379999921
            ],
            [
              340681.4753000224,
              500649.74909999967
            ],
            [
              340638.72100001667,
              500637.44630000368
            ],
            [
              340634.3420000216,
              500638.06190000288
            ],
            [
              340631.2618000228,
              500638.53570000269
            ],
            [
              340628.2160000205,
              500639.33700000122
            ],
            [
              340588.38100001588,
              500648.05590000376
            ],
            [
              340584.73270002101,
              500646.25379999913
            ],
            [
              340581.26700002048,
              500646.23640000261
            ],
            [
              340578.18670002092,
              500646.71030000225
            ],
            [
              340574.98800001945,
              500647.42109999992
            ],
            [
              340572.02620001603,
              500648.01340000331
            ],
            [
              340568.90010002069,
              500648.02810000442
            ],
            [
              340566.45810001995,
              500649.55360000767
            ],
            [
              340564.44410002138,
              500651.80450000055
            ],
            [
              340562.07460001949,
              500653.81850000285
            ],
            [
              340559.23130001873,
              500654.88480000757
            ],
            [
              340556.26950002182,
              500655.59559999965
            ],
            [
              340553.3078000173,
              500656.54340000823
            ],
            [
              340547.62120001856,
              500658.67579999939
            ],
            [
              340544.77790001594,
              500659.86050000042
            ],
            [
              340542.05300001893,
              500661.28220000118
            ],
            [
              340539.2097000163,
              500662.34839999862
            ],
            [
              340536.24790001474,
              500663.05930000357
            ],
            [
              340533.28620002139,
              500663.65159999765
            ],
            [
              340530.32440001797,
              500664.71790000051
            ],
            [
              340527.24410002027,
              500665.54719999991
            ],
            [
              340524.2823000215,
              500666.37649999931
            ],
            [
              340521.32060001884,
              500666.96880000643
            ],
            [
              340518.24030001555,
              500667.56120000035
            ],
            [
              340514.42830001842,
              500668.12050000019
            ],
            [
              340507.20370001532,
              500664.96520000696
            ],
            [
              340502.56720002089,
              500662.73810000159
            ],
            [
              340498.69260001834,
              500660.58620000072
            ],
            [
              340495.84930002224,
              500659.34219999984
            ],
            [
              340493.18370001949,
              500657.83170000277
            ],
            [
              340490.54040002078,
              500656.10960000195
            ],
            [
              340479.24720001873,
              500646.38509999774
            ],
            [
              340456.82740002312,
              500617.4354000017
            ],
            [
              340454.96440002136,
              500615.0175000038
            ],
            [
              340451.11040002108,
              500617.34040000103
            ],
            [
              340449.23850002326,
              500614.92230000161
            ],
            [
              340436.71510002203,
              500564.68780000135
            ],
            [
              340429.04700002074,
              500566.93630000204
            ],
            [
              340427.25400001742,
              500559.76780000329
            ],
            [
              340415.04050002247,
              500543.98210000619
            ],
            [
              340416.12770001963,
              500540.52050000243
            ],
            [
              340418.22820001841,
              500528.64279999956
            ],
            [
              340414.45340001956,
              500526.20420000888
            ],
            [
              340416.40460001677,
              500523.84960000217
            ],
            [
              340410.14020001609,
              500518.25290000439
            ],
            [
              340405.23840001877,
              500513.87350000814
            ],
            [
              340391.95410002116,
              500502.00510000065
            ],
            [
              340388.06070002075,
              500506.70330000296
            ],
            [
              340379.50360002089,
              500502.32020000182
            ],
            [
              340375.89730002172,
              500500.11710000224
            ],
            [
              340373.40940001979,
              500498.42890000157
            ],
            [
              340370.92150002159,
              500496.65179999918
            ],
            [
              340368.34470002167,
              500495.05240000412
            ],
            [
              340365.9672000194,
              500493.17989999987
            ],
            [
              340359.75630002003,
              500487.1707000006
            ],
            [
              340322.17730001267,
              500361.08850000612
            ],
            [
              340320.47600001749,
              500355.38060000166
            ],
            [
              340318.85950001609,
              500349.95690000243
            ],
            [
              340308.01360001974,
              500310.71340000257
            ],
            [
              340326.59090002067,
              500300.8030999992
            ],
            [
              340323.0136000216,
              500286.45520001091
            ],
            [
              340285.41370002367,
              500252.48020000011
            ],
            [
              340283.38340001926,
              500259.59630000219
            ],
            [
              340277.58710001968,
              500264.26290000975
            ],
            [
              340240.4523000177,
              500201.70770000108
            ],
            [
              340236.67740001995,
              500199.25809999928
            ],
            [
              340234.84470002074,
              500194.46490000188
            ],
            [
              340217.75410001818,
              500189.41850000061
            ],
            [
              340217.9120000191,
              500179.89550000243
            ],
            [
              340214.13710001856,
              500177.44590000063
            ],
            [
              340200.86100002006,
              500172.46289999783
            ],
            [
              340177.80720001832,
              500181.606200004
            ],
            [
              340172.23890001792,
              500171.98819999956
            ],
            [
              340166.55230002105,
              500169.50690000504
            ],
            [
              340155.34570001904,
              500155.03260000609
            ],
            [
              340130.66550001595,
              500147.47360000201
            ],
            [
              340111.74200001732,
              500137.6342999991
            ],
            [
              340104.38040002249,
              500120.8367999997
            ],
            [
              340102.75390001852,
              500104.13440000452
            ],
            [
              340099.05790001899,
              500096.92339999974
            ],
            [
              340101.15810001735,
              500085.04560000263
            ],
            [
              340097.46200001985,
              500077.8346000053
            ],
            [
              340101.55290001351,
              500061.22699999996
            ],
            [
              340102.6140000131,
              500058.41230000183
            ],
            [
              340103.39470001962,
              500054.78630001098
            ],
            [
              340101.82920002099,
              500044.5560999997
            ],
            [
              340105.84110001568,
              500032.71000000276
            ],
            [
              340108.22660001647,
              500004.16149999946
            ],
            [
              340100.87380001787,
              499987.36420000158
            ],
            [
              340093.31460001972,
              499982.47610000893
            ]
          ]
        ]
      }
    },
    {
      "attributes" : {
        "FID" : 1,
        "PMNTN_SN" : 14811,
        "MNTN_CODE" : "427501301",
        "MNTN_NM" : "마대산",
        "PMNTN_NM" : "와석리구간",
        "PMNTN_MAIN" : " ",
        "PMNTN_LT" : 0.15,
        "PMNTN_DFFL" : "쉬움",
        "PMNTN_UPPL" : 3,
        "PMNTN_GODN" : 2,
        "PMNTN_MTRQ" : " ",
        "PMNTN_CNRL" : " ",
        "PMNTN_CLS_" : " ",
        "PMNTN_RISK" : " ",
        "PMNTN_RECO" : " ",
        "DATA_STDR_" : "2016-12-31",
        "MNTN_ID" : "427501301"
      },
      "geometry" : {
        "paths" : [
          [
            [
              340093.31460000854,
              499982.47610000521
            ],
            [
              340090.70550000947,
              499981.38370000198
            ],
            [
              340087.96310000494,
              499980.32010000013
            ],
            [
              340085.11980000418,
              499979.05640000105
            ],
            [
              340081.96060000639,
              499977.95070000179
            ],
            [
              340079.11730000842,
              499976.68700000085
            ],
            [
              340076.58990000747,
              499974.94940000214
            ],
            [
              340074.13030000776,
              499973.08830000088
            ],
            [
              340068.67330000736,
              499972.54209999926
            ],
            [
              340059.19210000709,
              499961.83860000223
            ],
            [
              340058.50070000812,
              499952.80030000396
            ],
            [
              340059.52700000536,
              499948.56540000439
            ],
            [
              340034.65290000848,
              499941.00350000709
            ],
            [
              340027.03880000487,
              499938.68870000169
            ],
            [
              340013.41930000857,
              499934.54829999991
            ],
            [
              339968.37500000559,
              499920.8545000013
            ]
          ]
        ]
      }
    },
    {
      "attributes" : {
        "FID" : 2,
        "PMNTN_SN" : 14812,
        "MNTN_CODE" : "427501301",
        "MNTN_NM" : "마대산",
        "PMNTN_NM" : "와석리구간",
        "PMNTN_MAIN" : " ",
        "PMNTN_LT" : 1.12,
        "PMNTN_DFFL" : "쉬움",
        "PMNTN_UPPL" : 42,
        "PMNTN_GODN" : 29,
        "PMNTN_MTRQ" : " ",
        "PMNTN_CNRL" : " ",
        "PMNTN_CLS_" : " ",
        "PMNTN_RISK" : " ",
        "PMNTN_RECO" : " ",
        "DATA_STDR_" : "2016-12-31",
        "MNTN_ID" : "427501301"
      },
      "geometry" : {
        "paths" : [
          [
            [
              340227.64790001884,
              499884.67679999769
            ],
            [
              340347.5866000196,
              499841.37800000422
            ],
            [
              340375.72460001614,
              499824.21800000034
            ],
            [
              340420.8991000196,
              499807.59720000625
            ],
            [
              340482.69430001825,
              499787.56709999964
            ],
            [
              340529.99970001914,
              499780.32210000232
            ],
            [
              340559.46430001874,
              499781.32699999958
            ],
            [
              340596.69530001935,
              499785.37700000405
            ],
            [
              340616.13620002102,
              499791.17140000314
            ],
            [
              340626.34430002049,
              499788.60160000436
            ],
            [
              340633.52100002021,
              499781.97169999965
            ],
            [
              340637.20250001829,
              499771.33000000007
            ],
            [
              340684.51557931677,
              499749.71362025291
            ],
            [
              340716.08805644047,
              499721.68832011335
            ],
            [
              340752.56633184291,
              499653.62874665484
            ],
            [
              340738.43644717522,
              499632.6161983069
            ],
            [
              340705.38410857506,
              499612.03563855588
            ],
            [
              340687.7392153265,
              499571.97989020124
            ],
            [
              340700.74360735435,
              499524.43301678635
            ],
            [
              340733.26347065717,
              499484.64133353531
            ],
            [
              340774.35296985321,
              499432.14065000974
            ],
            [
              340783.88027033955,
              499399.03012199141
            ],
            [
              340778.04488317855,
              499376.89228672162
            ],
            [
              340745.05519462191,
              499344.40823228844
            ],
            [
              340699.32070441265,
              499310.15654754825
            ],
            [
              340667.23049636092,
              499268.32422224246
            ],
            [
              340652.83890025131,
              499256.34463787265
            ]
          ]
        ]
      }
    },
    {
      "attributes" : {
        "FID" : 3,
        "PMNTN_SN" : 14813,
        "MNTN_CODE" : "427501301",
        "MNTN_NM" : "마대산",
        "PMNTN_NM" : " ",
        "PMNTN_MAIN" : " ",
        "PMNTN_LT" : 0.92,
        "PMNTN_DFFL" : "중간",
        "PMNTN_UPPL" : 35,
        "PMNTN_GODN" : 24,
        "PMNTN_MTRQ" : " ",
        "PMNTN_CNRL" : " ",
        "PMNTN_CLS_" : " ",
        "PMNTN_RISK" : " ",
        "PMNTN_RECO" : " ",
        "DATA_STDR_" : "2016-12-31",
        "MNTN_ID" : "427501301"
      },
      "geometry" : {
        "paths" : [
          [
            [
              340227.64790016785,
              499884.6767998971
            ],
            [
              340257.77649077866,
              499842.65429555252
            ],
            [
              340277.51127360854,
              499808.74725222029
            ],
            [
              340285.35598640237,
              499772.22679531574
            ],
            [
              340276.12408816628,
              499749.22081656009
            ],
            [
              340267.72005985491,
              499730.47056294233
            ],
            [
              340257.63343513384,
              499708.31035894528
            ],
            [
              340243.3761260584,
              499670.82328098267
            ],
            [
              340232.4661051603,
              499643.55710405484
            ],
            [
              340228.28199326154,
              499630.78097922169
            ],
            [
              340217.43015604001,
              499592.46155689098
            ],
            [
              340214.99577589054,
              499570.34163709357
            ],
            [
              340216.05638359301,
              499530.38437616639
            ],
            [
              340228.93544825539,
              499506.64451902546
            ],
            [
              340237.56773943268,
              499482.03203327022
            ],
            [
              340255.53039919306,
              499461.72002759203
            ],
            [
              340275.21593640372,
              499437.16572345048
            ],
            [
              340314.51092565153,
              499402.51135875471
            ],
            [
              340334.14723155554,
              499387.30979986116
            ],
            [
              340360.59001197107,
              499371.29379476793
            ],
            [
              340391.23928701319,
              499363.80266519077
            ],
            [
              340432.08708649129,
              499357.2154913377
            ],
            [
              340464.44581476413,
              499348.03281186521
            ],
            [
              340520.70105390809,
              499321.9704459589
            ],
            [
              340559.06076554582,
              499303.46634235233
            ],
            [
              340597.43838027306,
              499281.56123690307
            ],
            [
              340615.35181291681,
              499270.60197032057
            ],
            [
              340652.83890040871,
              499256.34463776648
            ]
          ]
        ]
      }
    },
    {
      "attributes" : {
        "FID" : 4,
        "PMNTN_SN" : 14814,
        "MNTN_CODE" : "427501301",
        "MNTN_NM" : "마대산",
        "PMNTN_NM" : " ",
        "PMNTN_MAIN" : " ",
        "PMNTN_LT" : 1.89,
        "PMNTN_DFFL" : "쉬움",
        "PMNTN_UPPL" : 57,
        "PMNTN_GODN" : 40,
        "PMNTN_MTRQ" : " ",
        "PMNTN_CNRL" : " ",
        "PMNTN_CLS_" : " ",
        "PMNTN_RISK" : " ",
        "PMNTN_RECO" : " ",
        "DATA_STDR_" : "2016-12-31",
        "MNTN_ID" : "427501301"
      },
      "geometry" : {
        "paths" : [
          [
            [
              340652.83890042175,
              499256.34463776648
            ],
            [
              340669.13686633948,
              499229.22166658379
            ],
            [
              340695.53937521297,
              499220.85790262744
            ],
            [
              340713.40357971098,
              499219.25138571858
            ],
            [
              340726.24684043881,
              499202.31351282075
            ],
            [
              340739.14828078263,
              499174.3223867286
            ],
            [
              340780.94927777071,
              499148.18392170593
            ],
            [
              340798.83138516266,
              499143.17640218325
            ],
            [
              340845.6309535671,
              499136.62054299936
            ],
            [
              340899.27280503325,
              499122.44823251478
            ],
            [
              340980.11819763295,
              499109.26938050054
            ],
            [
              341047.36853976082,
              499094.31842056662
            ],
            [
              341112.05023382418,
              499082.7550348863
            ],
            [
              341185.25681490544,
              499066.98514719866
            ],
            [
              341220.11261595506,
              499068.01888382249
            ],
            [
              341241.41363531351,
              499059.62825876102
            ],
            [
              341256.76290022396,
              499051.20630654693
            ],
            [
              341289.99875704665,
              499036.92657914571
            ],
            [
              341317.24705775362,
              499029.41753011569
            ],
            [
              341341.9267059816,
              499025.29605805688
            ],
            [
              341360.6590745328,
              499020.29300840013
            ],
            [
              341381.11879638489,
              499010.19740413316
            ],
            [
              341387.10187857039,
              499004.27697494999
            ],
            [
              341397.39439248759,
              498987.32566100545
            ],
            [
              341403.43565205019,
              498970.35197077505
            ],
            [
              341412.86001402419,
              498956.79718433321
            ],
            [
              341426.93614220899,
              498947.94339065999
            ],
            [
              341440.17320753355,
              498936.95949439891
            ],
            [
              341446.59260293748,
              498928.91567474604
            ],
            [
              341451.73662200011,
              498920.86514228396
            ],
            [
              341457.74655484594,
              498909.84320676513
            ],
            [
              341468.03683028184,
              498893.31701587886
            ],
            [
              341490.61323025543,
              498884.93309717253
            ],
            [
              341501.67544239387,
              498883.29077165946
            ],
            [
              341514.42696878221,
              498883.78302364238
            ],
            [
              341522.94737857487,
              498880.42677089013
            ],
            [
              341536.58495698869,
              498874.12149030715
            ],
            [
              341546.36508057918,
              498873.74782839604
            ],
            [
              341566.32584054675,
              498877.67912250943
            ],
            [
              341581.19180758297,
              498880.30818970315
            ],
            [
              341607.97247684095,
              498880.87428085878
            ],
            [
              341625.36682212912,
              498887.7680287268
            ],
            [
              341640.63554006349,
              498894.65058908239
            ],
            [
              341650.78261376452,
              498905.33242872171
            ],
            [
              341657.12369573209,
              498912.16800069809
            ],
            [
              341668.98245940637,
              498920.73316330649
            ],
            [
              341682.54620048217,
              498928.45702534728
            ],
            [
              341689.74200874008,
              498934.44682177529
            ],
            [
              341694.39825159404,
              498938.29756506719
            ],
            [
              341696.05176462606,
              498947.23415196314
            ],
            [
              341697.72541583981,
              498952.34460891783
            ],
            [
              341707.0423766626,
              498959.19584467635
            ],
            [
              341715.51579917688,
              498964.76722871698
            ],
            [
              341721.44294353761,
              498969.47493617795
            ],
            [
              341724.40092174429,
              498972.89160383679
            ],
            [
              341730.28555175476,
              498985.67669717595
            ],
            [
              341733.1898274282,
              498999.29637856409
            ],
            [
              341734.38688778784,
              499014.18248630501
            ],
            [
              341733.47174577881,
              499026.50665255822
            ],
            [
              341731.30136552174,
              499034.99797581322
            ],
            [
              341731.23647437152,
              499047.32661726326
            ],
            [
              341733.70219774265,
              499063.4948146306
            ],
            [
              341734.48531970475,
              499076.25305695832
            ],
            [
              341734.87464297097,
              499083.05730369873
            ],
            [
              341736.4296978768,
              499110.69941628538
            ],
            [
              341734.65535277314,
              499124.71960939653
            ],
            [
              341730.75985496305,
              499137.87836297229
            ],
            [
              341730.68601171765,
              499151.90750665776
            ],
            [
              341738.68507867679,
              499166.82941747271
            ],
            [
              341743.74854486436,
              499174.08340440877
            ],
            [
              341755.1777061997,
              499183.49658468366
            ],
            [
              341760.22998386156,
              499192.87619973905
            ],
            [
              341768.66983989999,
              499204.82447001338
            ],
            [
              341783.48657969199,
              499216.80630612187
            ],
            [
              341801.73341460619,
              499223.27941154875
            ],
            [
              341809.77947304118,
              499229.2736864984
            ],
            [
              341824.55145873316,
              499249.75803573057
            ],
            [
              341841.04408625606,
              499266.42520600744
            ],
            [
              341856.72674179263,
              499275.4356401749
            ],
            [
              341877.90470234398,
              499290.42692415416
            ],
            [
              341891.87119147275,
              499302.40428759716
            ],
            [
              341907.55384751316,
              499311.41472289339
            ],
            [
              341924.52083172742,
              499318.73136915453
            ],
            [
              341946.58484863956,
              499326.92512014322
            ],
            [
              341977.97253995761,
              499340.69473619014
            ],
            [
              341999.61590780318,
              499348.03599905223
            ],
            [
              342024.66251947638,
              499354.97003875673
            ],
            [
              342050.58176097646,
              499357.6572972741
            ],
            [
              342070.56938305032,
              499356.48709556647
            ],
            [
              342094.8149762135,
              499354.06389436871
            ],
            [
              342102.46052613296,
              499355.37955151685
            ],
            [
              342117.0260359589,
              499360.84604126215
            ]
          ]
        ]
      }
    },
    {
      "attributes" : {
        "FID" : 5,
        "PMNTN_SN" : 14815,
        "MNTN_CODE" : "427501301",
        "MNTN_NM" : "마대산",
        "PMNTN_NM" : "와석리구간",
        "PMNTN_MAIN" : " ",
        "PMNTN_LT" : 0.22,
        "PMNTN_DFFL" : "쉬움",
        "PMNTN_UPPL" : 4,
        "PMNTN_GODN" : 3,
        "PMNTN_MTRQ" : " ",
        "PMNTN_CNRL" : " ",
        "PMNTN_CLS_" : " ",
        "PMNTN_RISK" : " ",
        "PMNTN_RECO" : " ",
        "DATA_STDR_" : "2016-12-31",
        "MNTN_ID" : "427501301"
      },
      "geometry" : {
        "paths" : [
          [
            [
              340093.31460001692,
              499982.47610000521
            ],
            [
              340097.18420001492,
              499981.99499999918
            ],
            [
              340122.01620001625,
              499978.18910000101
            ],
            [
              340126.02820001636,
              499966.34300000034
            ],
            [
              340162.59590001963,
              499947.8979000058
            ],
            [
              340168.28290001582,
              499950.36810000613
            ],
            [
              340176.2836000165,
              499941.34050000645
            ],
            [
              340181.63840001263,
              499950.58960000612
            ],
            [
              340184.62140001543,
              499949.40609999932
            ],
            [
              340185.83130001556,
              499943.31299999915
            ],
            [
              340198.0512000192,
              499881.77309999987
            ],
            [
              340207.66230001673,
              499877.16970000416
            ],
            [
              340227.64790001884,
              499884.67679999769
            ]
          ]
        ]
      }
    }
  ]
}