{
  "displayFieldName" : "",
  "fieldAliases" : {
    "FID" : "FID",
    "PMNTN_SPOT" : "PMNTN_SPOT",
    "MNTN_CODE" : "MNTN_CODE",
    "MANAGE_SP1" : "MANAGE_SP1",
    "MANAGE_SP2" : "MANAGE_SP2",
    "DETAIL_SPO" : "DETAIL_SPO",
    "ETC_MATTER" : "ETC_MATTER",
    "MNTN_NM" : "MNTN_NM",
    "PAST_SPOT_" : "PAST_SPOT_",
    "MNTN_ID" : "MNTN_ID"
  },
  "geometryType" : "esriGeometryPoint",
  "spatialReference" : {
    "wkt" : "PROJCS[\"PCS_ITRF2000_TM\",GEOGCS[\"GCS_ITRF_2000\",DATUM[\"D_ITRF_2000\",SPHEROID[\"GRS_1980\",6378137.0,298.257222101]],PRIMEM[\"Greenwich\",0.0],UNIT[\"Degree\",0.0174532925199433]],PROJECTION[\"Transverse_Mercator\"],PARAMETER[\"False_Easting\",200000.0],PARAMETER[\"False_Northing\",600000.0],PARAMETER[\"Central_Meridian\",127.0],PARAMETER[\"Scale_Factor\",1.0],PARAMETER[\"Latitude_Of_Origin\",38.0],UNIT[\"Meter\",1.0]]"
  },
  "fields" : [
    {
      "name" : "FID",
      "type" : "esriFieldTypeOID",
      "alias" : "FID"
    },
    {
      "name" : "PMNTN_SPOT",
      "type" : "esriFieldTypeDouble",
      "alias" : "PMNTN_SPOT"
    },
    {
      "name" : "MNTN_CODE",
      "type" : "esriFieldTypeString",
      "alias" : "MNTN_CODE",
      "length" : 9
    },
    {
      "name" : "MANAGE_SP1",
      "type" : "esriFieldTypeString",
      "alias" : "MANAGE_SP1",
      "length" : 2
    },
    {
      "name" : "MANAGE_SP2",
      "type" : "esriFieldTypeString",
      "alias" : "MANAGE_SP2",
      "length" : 50
    },
    {
      "name" : "DETAIL_SPO",
      "type" : "esriFieldTypeString",
      "alias" : "DETAIL_SPO",
      "length" : 200
    },
    {
      "name" : "ETC_MATTER",
      "type" : "esriFieldTypeString",
      "alias" : "ETC_MATTER",
      "length" : 200
    },
    {
      "name" : "MNTN_NM",
      "type" : "esriFieldTypeString",
      "alias" : "MNTN_NM",
      "length" : 50
    },
    {
      "name" : "PAST_SPOT_",
      "type" : "esriFieldTypeString",
      "alias" : "PAST_SPOT_",
      "length" : 14
    },
    {
      "name" : "MNTN_ID",
      "type" : "esriFieldTypeString",
      "alias" : "MNTN_ID",
      "length" : 10
    }
  ],
  "features" : [
    {
      "attributes" : {
        "FID" : 0,
        "PMNTN_SPOT" : 6538,
        "MNTN_CODE" : "447302201",
        "MANAGE_SP1" : "01",
        "MANAGE_SP2" : "시종점",
        "DETAIL_SPO" : "시종점",
        "ETC_MATTER" : " ",
        "MNTN_NM" : "고장산",
        "PAST_SPOT_" : "4473022010001",
        "MNTN_ID" : "447302201"
      },
      "geometry" : {
        "x" : 220723.95020000171,
        "y" : 449605.16640000418
      }
    },
    {
      "attributes" : {
        "FID" : 1,
        "PMNTN_SPOT" : 6539,
        "MNTN_CODE" : "447302201",
        "MANAGE_SP1" : "02",
        "MANAGE_SP2" : "분기점",
        "DETAIL_SPO" : "갈림길",
        "ETC_MATTER" : " ",
        "MNTN_NM" : "고장산",
        "PAST_SPOT_" : "4473022010002",
        "MNTN_ID" : "447302201"
      },
      "geometry" : {
        "x" : 220597.49850000069,
        "y" : 449539.55610000156
      }
    },
    {
      "attributes" : {
        "FID" : 2,
        "PMNTN_SPOT" : 6540,
        "MNTN_CODE" : "447302201",
        "MANAGE_SP1" : "99",
        "MANAGE_SP2" : "기타",
        "DETAIL_SPO" : "군보호수",
        "ETC_MATTER" : " ",
        "MNTN_NM" : "고장산",
        "PAST_SPOT_" : "4473022010003",
        "MNTN_ID" : "447302201"
      },
      "geometry" : {
        "x" : 219601.57629999984,
        "y" : 449586.43879999965
      }
    },
    {
      "attributes" : {
        "FID" : 3,
        "PMNTN_SPOT" : 6541,
        "MNTN_CODE" : "447302201",
        "MANAGE_SP1" : "02",
        "MANAGE_SP2" : "분기점",
        "DETAIL_SPO" : "갈림길",
        "ETC_MATTER" : " ",
        "MNTN_NM" : "고장산",
        "PAST_SPOT_" : "4473022010004",
        "MNTN_ID" : "447302201"
      },
      "geometry" : {
        "x" : 219605.7750000013,
        "y" : 449612.16720000096
      }
    },
    {
      "attributes" : {
        "FID" : 4,
        "PMNTN_SPOT" : 6542,
        "MNTN_CODE" : "447302201",
        "MANAGE_SP1" : "99",
        "MANAGE_SP2" : "기타",
        "DETAIL_SPO" : "포장경계",
        "ETC_MATTER" : " ",
        "MNTN_NM" : "고장산",
        "PAST_SPOT_" : "4473022010005",
        "MNTN_ID" : "447302201"
      },
      "geometry" : {
        "x" : 219514.88460000046,
        "y" : 449829.8116999995
      }
    },
    {
      "attributes" : {
        "FID" : 5,
        "PMNTN_SPOT" : 6543,
        "MNTN_CODE" : "447302201",
        "MANAGE_SP1" : "99",
        "MANAGE_SP2" : "기타",
        "DETAIL_SPO" : "임도전경",
        "ETC_MATTER" : " ",
        "MNTN_NM" : "고장산",
        "PAST_SPOT_" : "4473022010006",
        "MNTN_ID" : "447302201"
      },
      "geometry" : {
        "x" : 219544.59190000128,
        "y" : 449904.04990000464
      }
    },
    {
      "attributes" : {
        "FID" : 6,
        "PMNTN_SPOT" : 6544,
        "MNTN_CODE" : "447302201",
        "MANAGE_SP1" : "99",
        "MANAGE_SP2" : "기타",
        "DETAIL_SPO" : "포장경계",
        "ETC_MATTER" : " ",
        "MNTN_NM" : "고장산",
        "PAST_SPOT_" : "4473022010007",
        "MNTN_ID" : "447302201"
      },
      "geometry" : {
        "x" : 219564.10510000214,
        "y" : 449909.22880000435
      }
    },
    {
      "attributes" : {
        "FID" : 7,
        "PMNTN_SPOT" : 6545,
        "MNTN_CODE" : "447302201",
        "MANAGE_SP1" : "99",
        "MANAGE_SP2" : "기타",
        "DETAIL_SPO" : "포장경계",
        "ETC_MATTER" : " ",
        "MNTN_NM" : "고장산",
        "PAST_SPOT_" : "4473022010008",
        "MNTN_ID" : "447302201"
      },
      "geometry" : {
        "x" : 219641.81000000052,
        "y" : 449869.13990000077
      }
    },
    {
      "attributes" : {
        "FID" : 8,
        "PMNTN_SPOT" : 6546,
        "MNTN_CODE" : "447302201",
        "MANAGE_SP1" : "99",
        "MANAGE_SP2" : "기타",
        "DETAIL_SPO" : "포장경계",
        "ETC_MATTER" : " ",
        "MNTN_NM" : "고장산",
        "PAST_SPOT_" : "4473022010009",
        "MNTN_ID" : "447302201"
      },
      "geometry" : {
        "x" : 219674.63560000062,
        "y" : 449854.42550000176
      }
    },
    {
      "attributes" : {
        "FID" : 9,
        "PMNTN_SPOT" : 6547,
        "MNTN_CODE" : "447302201",
        "MANAGE_SP1" : "99",
        "MANAGE_SP2" : "기타",
        "DETAIL_SPO" : "송전탑",
        "ETC_MATTER" : " ",
        "MNTN_NM" : "고장산",
        "PAST_SPOT_" : "4473022010010",
        "MNTN_ID" : "447302201"
      },
      "geometry" : {
        "x" : 219712.25299999956,
        "y" : 449832.16019999981
      }
    },
    {
      "attributes" : {
        "FID" : 10,
        "PMNTN_SPOT" : 6548,
        "MNTN_CODE" : "447302201",
        "MANAGE_SP1" : "99",
        "MANAGE_SP2" : "기타",
        "DETAIL_SPO" : "포장경계",
        "ETC_MATTER" : " ",
        "MNTN_NM" : "고장산",
        "PAST_SPOT_" : "4473022010011",
        "MNTN_ID" : "447302201"
      },
      "geometry" : {
        "x" : 219717.54559999984,
        "y" : 449831.79099999927
      }
    },
    {
      "attributes" : {
        "FID" : 11,
        "PMNTN_SPOT" : 6549,
        "MNTN_CODE" : "447302201",
        "MANAGE_SP1" : "99",
        "MANAGE_SP2" : "기타",
        "DETAIL_SPO" : "포장경계",
        "ETC_MATTER" : " ",
        "MNTN_NM" : "고장산",
        "PAST_SPOT_" : "4473022010012",
        "MNTN_ID" : "447302201"
      },
      "geometry" : {
        "x" : 219839.31329999957,
        "y" : 449815.99840000086
      }
    },
    {
      "attributes" : {
        "FID" : 12,
        "PMNTN_SPOT" : 6550,
        "MNTN_CODE" : "447302201",
        "MANAGE_SP1" : "99",
        "MANAGE_SP2" : "기타",
        "DETAIL_SPO" : "임도전경",
        "ETC_MATTER" : " ",
        "MNTN_NM" : "고장산",
        "PAST_SPOT_" : "4473022010013",
        "MNTN_ID" : "447302201"
      },
      "geometry" : {
        "x" : 219853.92130000051,
        "y" : 449809.65130000375
      }
    },
    {
      "attributes" : {
        "FID" : 13,
        "PMNTN_SPOT" : 6551,
        "MNTN_CODE" : "447302201",
        "MANAGE_SP1" : "99",
        "MANAGE_SP2" : "기타",
        "DETAIL_SPO" : "포장경계",
        "ETC_MATTER" : " ",
        "MNTN_NM" : "고장산",
        "PAST_SPOT_" : "4473022010014",
        "MNTN_ID" : "447302201"
      },
      "geometry" : {
        "x" : 219931.39800000098,
        "y" : 449810.72389999963
      }
    },
    {
      "attributes" : {
        "FID" : 14,
        "PMNTN_SPOT" : 6552,
        "MNTN_CODE" : "447302201",
        "MANAGE_SP1" : "99",
        "MANAGE_SP2" : "기타",
        "DETAIL_SPO" : "포장경계",
        "ETC_MATTER" : " ",
        "MNTN_NM" : "고장산",
        "PAST_SPOT_" : "4473022010015",
        "MNTN_ID" : "447302201"
      },
      "geometry" : {
        "x" : 219944.53250000067,
        "y" : 449809.58239999972
      }
    },
    {
      "attributes" : {
        "FID" : 15,
        "PMNTN_SPOT" : 6553,
        "MNTN_CODE" : "447302201",
        "MANAGE_SP1" : "15",
        "MANAGE_SP2" : "훼손지",
        "DETAIL_SPO" : "훼손지",
        "ETC_MATTER" : " ",
        "MNTN_NM" : "고장산",
        "PAST_SPOT_" : "4473022010016",
        "MNTN_ID" : "447302201"
      },
      "geometry" : {
        "x" : 219977.12870000117,
        "y" : 449845.4133999981
      }
    },
    {
      "attributes" : {
        "FID" : 16,
        "PMNTN_SPOT" : 6554,
        "MNTN_CODE" : "447302201",
        "MANAGE_SP1" : "99",
        "MANAGE_SP2" : "기타",
        "DETAIL_SPO" : "포장경계",
        "ETC_MATTER" : " ",
        "MNTN_NM" : "고장산",
        "PAST_SPOT_" : "4473022010017",
        "MNTN_ID" : "447302201"
      },
      "geometry" : {
        "x" : 219995.88110000081,
        "y" : 449855.38180000149
      }
    },
    {
      "attributes" : {
        "FID" : 17,
        "PMNTN_SPOT" : 6555,
        "MNTN_CODE" : "447302201",
        "MANAGE_SP1" : "99",
        "MANAGE_SP2" : "기타",
        "DETAIL_SPO" : "포장경계",
        "ETC_MATTER" : " ",
        "MNTN_NM" : "고장산",
        "PAST_SPOT_" : "4473022010018",
        "MNTN_ID" : "447302201"
      },
      "geometry" : {
        "x" : 220013.2937000012,
        "y" : 449877.44849999994
      }
    },
    {
      "attributes" : {
        "FID" : 18,
        "PMNTN_SPOT" : 6556,
        "MNTN_CODE" : "447302201",
        "MANAGE_SP1" : "15",
        "MANAGE_SP2" : "훼손지",
        "DETAIL_SPO" : "훼손지",
        "ETC_MATTER" : " ",
        "MNTN_NM" : "고장산",
        "PAST_SPOT_" : "4473022010019",
        "MNTN_ID" : "447302201"
      },
      "geometry" : {
        "x" : 220030.42080000043,
        "y" : 449899.73780000396
      }
    },
    {
      "attributes" : {
        "FID" : 19,
        "PMNTN_SPOT" : 6557,
        "MNTN_CODE" : "447302201",
        "MANAGE_SP1" : "15",
        "MANAGE_SP2" : "훼손지",
        "DETAIL_SPO" : "훼손지",
        "ETC_MATTER" : " ",
        "MNTN_NM" : "고장산",
        "PAST_SPOT_" : "4473022010020",
        "MNTN_ID" : "447302201"
      },
      "geometry" : {
        "x" : 220140.56290000118,
        "y" : 449931.92770000175
      }
    },
    {
      "attributes" : {
        "FID" : 20,
        "PMNTN_SPOT" : 6558,
        "MNTN_CODE" : "447302201",
        "MANAGE_SP1" : "15",
        "MANAGE_SP2" : "훼손지",
        "DETAIL_SPO" : "훼손지",
        "ETC_MATTER" : " ",
        "MNTN_NM" : "고장산",
        "PAST_SPOT_" : "4473022010021",
        "MNTN_ID" : "447302201"
      },
      "geometry" : {
        "x" : 220145.68360000011,
        "y" : 449966.42990000173
      }
    },
    {
      "attributes" : {
        "FID" : 21,
        "PMNTN_SPOT" : 6559,
        "MNTN_CODE" : "447302201",
        "MANAGE_SP1" : "15",
        "MANAGE_SP2" : "훼손지",
        "DETAIL_SPO" : "훼손지",
        "ETC_MATTER" : " ",
        "MNTN_NM" : "고장산",
        "PAST_SPOT_" : "4473022010022",
        "MNTN_ID" : "447302201"
      },
      "geometry" : {
        "x" : 220164.42300000042,
        "y" : 450000.91760000028
      }
    },
    {
      "attributes" : {
        "FID" : 22,
        "PMNTN_SPOT" : 6560,
        "MNTN_CODE" : "447302201",
        "MANAGE_SP1" : "99",
        "MANAGE_SP2" : "기타",
        "DETAIL_SPO" : "포장경계",
        "ETC_MATTER" : " ",
        "MNTN_NM" : "고장산",
        "PAST_SPOT_" : "4473022010023",
        "MNTN_ID" : "447302201"
      },
      "geometry" : {
        "x" : 220152.30669999961,
        "y" : 450060.1492999997
      }
    },
    {
      "attributes" : {
        "FID" : 23,
        "PMNTN_SPOT" : 6561,
        "MNTN_CODE" : "447302201",
        "MANAGE_SP1" : "99",
        "MANAGE_SP2" : "기타",
        "DETAIL_SPO" : "포장경계",
        "ETC_MATTER" : " ",
        "MNTN_NM" : "고장산",
        "PAST_SPOT_" : "4473022010024",
        "MNTN_ID" : "447302201"
      },
      "geometry" : {
        "x" : 220105.29779999983,
        "y" : 450139.93020000122
      }
    },
    {
      "attributes" : {
        "FID" : 24,
        "PMNTN_SPOT" : 6562,
        "MNTN_CODE" : "447302201",
        "MANAGE_SP1" : "15",
        "MANAGE_SP2" : "훼손지",
        "DETAIL_SPO" : "훼손지",
        "ETC_MATTER" : " ",
        "MNTN_NM" : "고장산",
        "PAST_SPOT_" : "4473022010025",
        "MNTN_ID" : "447302201"
      },
      "geometry" : {
        "x" : 220102.24890000094,
        "y" : 450168.06960000284
      }
    },
    {
      "attributes" : {
        "FID" : 25,
        "PMNTN_SPOT" : 6563,
        "MNTN_CODE" : "447302201",
        "MANAGE_SP1" : "15",
        "MANAGE_SP2" : "훼손지",
        "DETAIL_SPO" : "훼손지",
        "ETC_MATTER" : " ",
        "MNTN_NM" : "고장산",
        "PAST_SPOT_" : "4473022010026",
        "MNTN_ID" : "447302201"
      },
      "geometry" : {
        "x" : 220084.28370000049,
        "y" : 450199.93190000392
      }
    },
    {
      "attributes" : {
        "FID" : 26,
        "PMNTN_SPOT" : 6564,
        "MNTN_CODE" : "447302201",
        "MANAGE_SP1" : "16",
        "MANAGE_SP2" : "주요나무",
        "DETAIL_SPO" : "밤나무숲",
        "ETC_MATTER" : " ",
        "MNTN_NM" : "고장산",
        "PAST_SPOT_" : "4473022010027",
        "MNTN_ID" : "447302201"
      },
      "geometry" : {
        "x" : 220073.98700000159,
        "y" : 450221.78510000184
      }
    },
    {
      "attributes" : {
        "FID" : 27,
        "PMNTN_SPOT" : 6565,
        "MNTN_CODE" : "447302201",
        "MANAGE_SP1" : "23",
        "MANAGE_SP2" : "정상",
        "DETAIL_SPO" : "정상부",
        "ETC_MATTER" : " ",
        "MNTN_NM" : "고장산",
        "PAST_SPOT_" : "4473022010028",
        "MNTN_ID" : "447302201"
      },
      "geometry" : {
        "x" : 220086.89759999979,
        "y" : 450271.18799999915
      }
    },
    {
      "attributes" : {
        "FID" : 28,
        "PMNTN_SPOT" : 6566,
        "MNTN_CODE" : "447302201",
        "MANAGE_SP1" : "15",
        "MANAGE_SP2" : "훼손지",
        "DETAIL_SPO" : "훼손지",
        "ETC_MATTER" : " ",
        "MNTN_NM" : "고장산",
        "PAST_SPOT_" : "4473022010029",
        "MNTN_ID" : "447302201"
      },
      "geometry" : {
        "x" : 220083.22350000218,
        "y" : 450332.72780000046
      }
    },
    {
      "attributes" : {
        "FID" : 29,
        "PMNTN_SPOT" : 6567,
        "MNTN_CODE" : "447302201",
        "MANAGE_SP1" : "99",
        "MANAGE_SP2" : "기타",
        "DETAIL_SPO" : "송전탑",
        "ETC_MATTER" : " ",
        "MNTN_NM" : "고장산",
        "PAST_SPOT_" : "4473022010030",
        "MNTN_ID" : "447302201"
      },
      "geometry" : {
        "x" : 220079.07310000062,
        "y" : 450386.44400000013
      }
    },
    {
      "attributes" : {
        "FID" : 30,
        "PMNTN_SPOT" : 6568,
        "MNTN_CODE" : "447302201",
        "MANAGE_SP1" : "99",
        "MANAGE_SP2" : "기타",
        "DETAIL_SPO" : "포장경계",
        "ETC_MATTER" : " ",
        "MNTN_NM" : "고장산",
        "PAST_SPOT_" : "4473022010031",
        "MNTN_ID" : "447302201"
      },
      "geometry" : {
        "x" : 220077.95309999958,
        "y" : 450445.46900000051
      }
    },
    {
      "attributes" : {
        "FID" : 31,
        "PMNTN_SPOT" : 6569,
        "MNTN_CODE" : "447302201",
        "MANAGE_SP1" : "99",
        "MANAGE_SP2" : "기타",
        "DETAIL_SPO" : "포장경계",
        "ETC_MATTER" : " ",
        "MNTN_NM" : "고장산",
        "PAST_SPOT_" : "4473022010032",
        "MNTN_ID" : "447302201"
      },
      "geometry" : {
        "x" : 220281.51410000026,
        "y" : 450672.51530000009
      }
    },
    {
      "attributes" : {
        "FID" : 32,
        "PMNTN_SPOT" : 6570,
        "MNTN_CODE" : "447302201",
        "MANAGE_SP1" : "99",
        "MANAGE_SP2" : "기타",
        "DETAIL_SPO" : "송전탑",
        "ETC_MATTER" : " ",
        "MNTN_NM" : "고장산",
        "PAST_SPOT_" : "4473022010033",
        "MNTN_ID" : "447302201"
      },
      "geometry" : {
        "x" : 220233.15369999968,
        "y" : 450757.45480000041
      }
    },
    {
      "attributes" : {
        "FID" : 33,
        "PMNTN_SPOT" : 6571,
        "MNTN_CODE" : "447302201",
        "MANAGE_SP1" : "01",
        "MANAGE_SP2" : "시종점",
        "DETAIL_SPO" : "시종점",
        "ETC_MATTER" : " ",
        "MNTN_NM" : "고장산",
        "PAST_SPOT_" : "4473022010034",
        "MNTN_ID" : "447302201"
      },
      "geometry" : {
        "x" : 220142.57490000129,
        "y" : 450842.03289999999
      }
    },
    {
      "attributes" : {
        "FID" : 34,
        "PMNTN_SPOT" : 6572,
        "MNTN_CODE" : "447302201",
        "MANAGE_SP1" : "01",
        "MANAGE_SP2" : "시종점",
        "DETAIL_SPO" : "시종점",
        "ETC_MATTER" : " ",
        "MNTN_NM" : "고장산",
        "PAST_SPOT_" : "4473022010035",
        "MNTN_ID" : "447302201"
      },
      "geometry" : {
        "x" : 219448.61360000167,
        "y" : 449645.18960000016
      }
    },
    {
      "attributes" : {
        "FID" : 35,
        "PMNTN_SPOT" : 6573,
        "MNTN_CODE" : "447302201",
        "MANAGE_SP1" : "02",
        "MANAGE_SP2" : "분기점",
        "DETAIL_SPO" : "분기점",
        "ETC_MATTER" : " ",
        "MNTN_NM" : "고장산",
        "PAST_SPOT_" : "4473022010036",
        "MNTN_ID" : "447302201"
      },
      "geometry" : {
        "x" : 219563.34460000228,
        "y" : 449652.75340000167
      }
    },
    {
      "attributes" : {
        "FID" : 36,
        "PMNTN_SPOT" : 6574,
        "MNTN_CODE" : "447302201",
        "MANAGE_SP1" : "01",
        "MANAGE_SP2" : "시종점",
        "DETAIL_SPO" : "시종점",
        "ETC_MATTER" : " ",
        "MNTN_NM" : "고장산",
        "PAST_SPOT_" : "4473022010037",
        "MNTN_ID" : "447302201"
      },
      "geometry" : {
        "x" : 220567.86529999971,
        "y" : 449321.34479999915
      }
    },
    {
      "attributes" : {
        "FID" : 37,
        "PMNTN_SPOT" : 6575,
        "MNTN_CODE" : "447302201",
        "MANAGE_SP1" : "02",
        "MANAGE_SP2" : "분기점",
        "DETAIL_SPO" : "분기점",
        "ETC_MATTER" : " ",
        "MNTN_NM" : "고장산",
        "PAST_SPOT_" : "4473022010038",
        "MNTN_ID" : "447302201"
      },
      "geometry" : {
        "x" : 220599.37430000119,
        "y" : 449545.01130000129
      }
    },
    {
      "attributes" : {
        "FID" : 38,
        "PMNTN_SPOT" : 95916,
        "MNTN_CODE" : "447302201",
        "MANAGE_SP1" : "14",
        "MANAGE_SP2" : "조망점",
        "DETAIL_SPO" : "조망점",
        "ETC_MATTER" : " ",
        "MNTN_NM" : "고장산",
        "PAST_SPOT_" : "4473022010039",
        "MNTN_ID" : "447302201"
      },
      "geometry" : {
        "x" : 220012.31250000047,
        "y" : 449629.59699999914
      }
    },
    {
      "attributes" : {
        "FID" : 39,
        "PMNTN_SPOT" : 95917,
        "MNTN_CODE" : "447302201",
        "MANAGE_SP1" : "14",
        "MANAGE_SP2" : "조망점",
        "DETAIL_SPO" : "조망점",
        "ETC_MATTER" : " ",
        "MNTN_NM" : "고장산",
        "PAST_SPOT_" : "4473022010040",
        "MNTN_ID" : "447302201"
      },
      "geometry" : {
        "x" : 219809.53880000042,
        "y" : 449599.73379999958
      }
    },
    {
      "attributes" : {
        "FID" : 40,
        "PMNTN_SPOT" : 95918,
        "MNTN_CODE" : "447302201",
        "MANAGE_SP1" : "14",
        "MANAGE_SP2" : "조망점",
        "DETAIL_SPO" : "조망점",
        "ETC_MATTER" : " ",
        "MNTN_NM" : "고장산",
        "PAST_SPOT_" : "4473022010041",
        "MNTN_ID" : "447302201"
      },
      "geometry" : {
        "x" : 220251.35780000116,
        "y" : 450636.79120000079
      }
    },
    {
      "attributes" : {
        "FID" : 41,
        "PMNTN_SPOT" : 95919,
        "MNTN_CODE" : "447302201",
        "MANAGE_SP1" : "14",
        "MANAGE_SP2" : "조망점",
        "DETAIL_SPO" : "조망점",
        "ETC_MATTER" : " ",
        "MNTN_NM" : "고장산",
        "PAST_SPOT_" : "4473022010042",
        "MNTN_ID" : "447302201"
      },
      "geometry" : {
        "x" : 220255.07039999982,
        "y" : 450708.69170000043
      }
    }
  ]
}