{
  "displayFieldName" : "",
  "fieldAliases" : {
    "FID" : "FID",
    "PMNTN_SPOT" : "PMNTN_SPOT",
    "MNTN_CODE" : "MNTN_CODE",
    "MANAGE_SP1" : "MANAGE_SP1",
    "MANAGE_SP2" : "MANAGE_SP2",
    "DETAIL_SPO" : "DETAIL_SPO",
    "ETC_MATTER" : "ETC_MATTER",
    "MNTN_NM" : "MNTN_NM",
    "PAST_SPOT_" : "PAST_SPOT_",
    "MNTN_ID" : "MNTN_ID"
  },
  "geometryType" : "esriGeometryPoint",
  "spatialReference" : {
    "wkt" : "PROJCS[\"PCS_ITRF2000_TM\",GEOGCS[\"GCS_ITRF_2000\",DATUM[\"D_ITRF_2000\",SPHEROID[\"GRS_1980\",6378137.0,298.257222101]],PRIMEM[\"Greenwich\",0.0],UNIT[\"Degree\",0.0174532925199433]],PROJECTION[\"Transverse_Mercator\"],PARAMETER[\"False_Easting\",200000.0],PARAMETER[\"False_Northing\",600000.0],PARAMETER[\"Central_Meridian\",127.0],PARAMETER[\"Scale_Factor\",1.0],PARAMETER[\"Latitude_Of_Origin\",38.0],UNIT[\"Meter\",1.0]]"
  },
  "fields" : [
    {
      "name" : "FID",
      "type" : "esriFieldTypeOID",
      "alias" : "FID"
    },
    {
      "name" : "PMNTN_SPOT",
      "type" : "esriFieldTypeDouble",
      "alias" : "PMNTN_SPOT"
    },
    {
      "name" : "MNTN_CODE",
      "type" : "esriFieldTypeString",
      "alias" : "MNTN_CODE",
      "length" : 9
    },
    {
      "name" : "MANAGE_SP1",
      "type" : "esriFieldTypeString",
      "alias" : "MANAGE_SP1",
      "length" : 2
    },
    {
      "name" : "MANAGE_SP2",
      "type" : "esriFieldTypeString",
      "alias" : "MANAGE_SP2",
      "length" : 50
    },
    {
      "name" : "DETAIL_SPO",
      "type" : "esriFieldTypeString",
      "alias" : "DETAIL_SPO",
      "length" : 200
    },
    {
      "name" : "ETC_MATTER",
      "type" : "esriFieldTypeString",
      "alias" : "ETC_MATTER",
      "length" : 200
    },
    {
      "name" : "MNTN_NM",
      "type" : "esriFieldTypeString",
      "alias" : "MNTN_NM",
      "length" : 50
    },
    {
      "name" : "PAST_SPOT_",
      "type" : "esriFieldTypeString",
      "alias" : "PAST_SPOT_",
      "length" : 14
    },
    {
      "name" : "MNTN_ID",
      "type" : "esriFieldTypeString",
      "alias" : "MNTN_ID",
      "length" : 10
    }
  ],
  "features" : [
    {
      "attributes" : {
        "FID" : 0,
        "PMNTN_SPOT" : 69358,
        "MNTN_CODE" : "421302101",
        "MANAGE_SP1" : "01",
        "MANAGE_SP2" : "시종점",
        "DETAIL_SPO" : "시종점",
        "ETC_MATTER" : " ",
        "MNTN_NM" : "용화산",
        "PAST_SPOT_" : "4213021010001",
        "MNTN_ID" : "421302101"
      },
      "geometry" : {
        "x" : 282921.13760000002,
        "y" : 526010.90080000274
      }
    },
    {
      "attributes" : {
        "FID" : 1,
        "PMNTN_SPOT" : 69359,
        "MNTN_CODE" : "421302101",
        "MANAGE_SP1" : "01",
        "MANAGE_SP2" : "시종점",
        "DETAIL_SPO" : "시종점",
        "ETC_MATTER" : " ",
        "MNTN_NM" : "용화산",
        "PAST_SPOT_" : "4213021010002",
        "MNTN_ID" : "421302101"
      },
      "geometry" : {
        "x" : 283067.57199999969,
        "y" : 526474.97739999928
      }
    },
    {
      "attributes" : {
        "FID" : 2,
        "PMNTN_SPOT" : 69360,
        "MNTN_CODE" : "421302101",
        "MANAGE_SP1" : "02",
        "MANAGE_SP2" : "분기점",
        "DETAIL_SPO" : "분기점",
        "ETC_MATTER" : " ",
        "MNTN_NM" : "용화산",
        "PAST_SPOT_" : "4213021010003",
        "MNTN_ID" : "421302101"
      },
      "geometry" : {
        "x" : 283108.08540000208,
        "y" : 525905.52950000018
      }
    },
    {
      "attributes" : {
        "FID" : 3,
        "PMNTN_SPOT" : 69361,
        "MNTN_CODE" : "421302101",
        "MANAGE_SP1" : "02",
        "MANAGE_SP2" : "분기점",
        "DETAIL_SPO" : "분기점",
        "ETC_MATTER" : " ",
        "MNTN_NM" : "용화산",
        "PAST_SPOT_" : "4213021010004",
        "MNTN_ID" : "421302101"
      },
      "geometry" : {
        "x" : 283137.72699999996,
        "y" : 525950.42390000448
      }
    },
    {
      "attributes" : {
        "FID" : 4,
        "PMNTN_SPOT" : 69362,
        "MNTN_CODE" : "421302101",
        "MANAGE_SP1" : "01",
        "MANAGE_SP2" : "시종점",
        "DETAIL_SPO" : "시종점",
        "ETC_MATTER" : " ",
        "MNTN_NM" : "용화산",
        "PAST_SPOT_" : "4213021010005",
        "MNTN_ID" : "421302101"
      },
      "geometry" : {
        "x" : 283175.05720000062,
        "y" : 525691.68700000085
      }
    },
    {
      "attributes" : {
        "FID" : 5,
        "PMNTN_SPOT" : 69363,
        "MNTN_CODE" : "421302101",
        "MANAGE_SP1" : "02",
        "MANAGE_SP2" : "분기점",
        "DETAIL_SPO" : "분기점",
        "ETC_MATTER" : " ",
        "MNTN_NM" : "용화산",
        "PAST_SPOT_" : "4213021010006",
        "MNTN_ID" : "421302101"
      },
      "geometry" : {
        "x" : 283292.54200000409,
        "y" : 526005.80600000173
      }
    },
    {
      "attributes" : {
        "FID" : 6,
        "PMNTN_SPOT" : 69364,
        "MNTN_CODE" : "421302101",
        "MANAGE_SP1" : "01",
        "MANAGE_SP2" : "시종점",
        "DETAIL_SPO" : "시종점",
        "ETC_MATTER" : " ",
        "MNTN_NM" : "용화산",
        "PAST_SPOT_" : "4213021010007",
        "MNTN_ID" : "421302101"
      },
      "geometry" : {
        "x" : 283325.54040000308,
        "y" : 525813.17970000207
      }
    },
    {
      "attributes" : {
        "FID" : 7,
        "PMNTN_SPOT" : 69365,
        "MNTN_CODE" : "421302101",
        "MANAGE_SP1" : "02",
        "MANAGE_SP2" : "분기점",
        "DETAIL_SPO" : "분기점",
        "ETC_MATTER" : " ",
        "MNTN_NM" : "용화산",
        "PAST_SPOT_" : "4213021010008",
        "MNTN_ID" : "421302101"
      },
      "geometry" : {
        "x" : 283358.51690000109,
        "y" : 526021.47820000164
      }
    },
    {
      "attributes" : {
        "FID" : 8,
        "PMNTN_SPOT" : 69366,
        "MNTN_CODE" : "421302101",
        "MANAGE_SP1" : "01",
        "MANAGE_SP2" : "시종점",
        "DETAIL_SPO" : "시종점",
        "ETC_MATTER" : " ",
        "MNTN_NM" : "용화산",
        "PAST_SPOT_" : "4213021010009",
        "MNTN_ID" : "421302101"
      },
      "geometry" : {
        "x" : 283437.26410000306,
        "y" : 526179.01400000043
      }
    },
    {
      "attributes" : {
        "FID" : 9,
        "PMNTN_SPOT" : 69367,
        "MNTN_CODE" : "421302101",
        "MANAGE_SP1" : "01",
        "MANAGE_SP2" : "시종점",
        "DETAIL_SPO" : "시종점",
        "ETC_MATTER" : " ",
        "MNTN_NM" : "용화산",
        "PAST_SPOT_" : "4213021010010",
        "MNTN_ID" : "421302101"
      },
      "geometry" : {
        "x" : 283473.12540000025,
        "y" : 526141.70900000259
      }
    },
    {
      "attributes" : {
        "FID" : 10,
        "PMNTN_SPOT" : 69368,
        "MNTN_CODE" : "421302101",
        "MANAGE_SP1" : "01",
        "MANAGE_SP2" : "시종점",
        "DETAIL_SPO" : "시종점",
        "ETC_MATTER" : " ",
        "MNTN_NM" : "용화산",
        "PAST_SPOT_" : "4213021010011",
        "MNTN_ID" : "421302101"
      },
      "geometry" : {
        "x" : 283527.39680000395,
        "y" : 525814.3142000027
      }
    }
  ]
}