{
  "displayFieldName" : "",
  "fieldAliases" : {
    "FID" : "FID",
    "PMNTN_SN" : "PMNTN_SN",
    "MNTN_CODE" : "MNTN_CODE",
    "MNTN_NM" : "MNTN_NM",
    "PMNTN_NM" : "PMNTN_NM",
    "PMNTN_MAIN" : "PMNTN_MAIN",
    "PMNTN_LT" : "PMNTN_LT",
    "PMNTN_DFFL" : "PMNTN_DFFL",
    "PMNTN_UPPL" : "PMNTN_UPPL",
    "PMNTN_GODN" : "PMNTN_GODN",
    "PMNTN_MTRQ" : "PMNTN_MTRQ",
    "PMNTN_CNRL" : "PMNTN_CNRL",
    "PMNTN_CLS_" : "PMNTN_CLS_",
    "PMNTN_RISK" : "PMNTN_RISK",
    "PMNTN_RECO" : "PMNTN_RECO",
    "DATA_STDR_" : "DATA_STDR_",
    "MNTN_ID" : "MNTN_ID"
  },
  "geometryType" : "esriGeometryPolyline",
  "spatialReference" : {
    "wkt" : "PROJCS[\"PCS_ITRF2000_TM\",GEOGCS[\"GCS_ITRF_2000\",DATUM[\"D_ITRF_2000\",SPHEROID[\"GRS_1980\",6378137.0,298.257222101]],PRIMEM[\"Greenwich\",0.0],UNIT[\"Degree\",0.0174532925199433]],PROJECTION[\"Transverse_Mercator\"],PARAMETER[\"False_Easting\",200000.0],PARAMETER[\"False_Northing\",600000.0],PARAMETER[\"Central_Meridian\",127.0],PARAMETER[\"Scale_Factor\",1.0],PARAMETER[\"Latitude_Of_Origin\",38.0],UNIT[\"Meter\",1.0]]"
  },
  "fields" : [
    {
      "name" : "FID",
      "type" : "esriFieldTypeOID",
      "alias" : "FID"
    },
    {
      "name" : "PMNTN_SN",
      "type" : "esriFieldTypeDouble",
      "alias" : "PMNTN_SN"
    },
    {
      "name" : "MNTN_CODE",
      "type" : "esriFieldTypeString",
      "alias" : "MNTN_CODE",
      "length" : 9
    },
    {
      "name" : "MNTN_NM",
      "type" : "esriFieldTypeString",
      "alias" : "MNTN_NM",
      "length" : 50
    },
    {
      "name" : "PMNTN_NM",
      "type" : "esriFieldTypeString",
      "alias" : "PMNTN_NM",
      "length" : 50
    },
    {
      "name" : "PMNTN_MAIN",
      "type" : "esriFieldTypeString",
      "alias" : "PMNTN_MAIN",
      "length" : 200
    },
    {
      "name" : "PMNTN_LT",
      "type" : "esriFieldTypeSingle",
      "alias" : "PMNTN_LT"
    },
    {
      "name" : "PMNTN_DFFL",
      "type" : "esriFieldTypeString",
      "alias" : "PMNTN_DFFL",
      "length" : 8
    },
    {
      "name" : "PMNTN_UPPL",
      "type" : "esriFieldTypeDouble",
      "alias" : "PMNTN_UPPL"
    },
    {
      "name" : "PMNTN_GODN",
      "type" : "esriFieldTypeDouble",
      "alias" : "PMNTN_GODN"
    },
    {
      "name" : "PMNTN_MTRQ",
      "type" : "esriFieldTypeString",
      "alias" : "PMNTN_MTRQ",
      "length" : 200
    },
    {
      "name" : "PMNTN_CNRL",
      "type" : "esriFieldTypeString",
      "alias" : "PMNTN_CNRL",
      "length" : 1
    },
    {
      "name" : "PMNTN_CLS_",
      "type" : "esriFieldTypeString",
      "alias" : "PMNTN_CLS_",
      "length" : 1
    },
    {
      "name" : "PMNTN_RISK",
      "type" : "esriFieldTypeString",
      "alias" : "PMNTN_RISK",
      "length" : 200
    },
    {
      "name" : "PMNTN_RECO",
      "type" : "esriFieldTypeString",
      "alias" : "PMNTN_RECO",
      "length" : 1
    },
    {
      "name" : "DATA_STDR_",
      "type" : "esriFieldTypeString",
      "alias" : "DATA_STDR_",
      "length" : 10
    },
    {
      "name" : "MNTN_ID",
      "type" : "esriFieldTypeString",
      "alias" : "MNTN_ID",
      "length" : 10
    }
  ],
  "features" : [
    {
      "attributes" : {
        "FID" : 0,
        "PMNTN_SN" : 26405,
        "MNTN_CODE" : "427709101",
        "MNTN_NM" : "부금산",
        "PMNTN_NM" : "고한리구간",
        "PMNTN_MAIN" : " ",
        "PMNTN_LT" : 3.73,
        "PMNTN_DFFL" : "쉬움",
        "PMNTN_UPPL" : 140,
        "PMNTN_GODN" : 98,
        "PMNTN_MTRQ" : " ",
        "PMNTN_CNRL" : " ",
        "PMNTN_CLS_" : " ",
        "PMNTN_RISK" : " ",
        "PMNTN_RECO" : " ",
        "DATA_STDR_" : "2016-12-31",
        "MNTN_ID" : "427704301"
      },
      "geometry" : {
        "paths" : [
          [
            [
              365771.63544173259,
              509419.77582517639
            ],
            [
              365771.74149999954,
              509424.51420000382
            ],
            [
              365766.36419999972,
              509426.60710000247
            ],
            [
              365764.0484000016,
              509429.89470000193
            ],
            [
              365762.12509999983,
              509431.96870000288
            ],
            [
              365759.47210000176,
              509434.33310000226
            ],
            [
              365756.74359999876,
              509435.25650000013
            ],
            [
              365752.42119999975,
              509435.44910000078
            ],
            [
              365747.71590000112,
              509437.48850000277
            ],
            [
              365743.29500000086,
              509439.52240000106
            ],
            [
              365739.4495000001,
              509440.76820000075
            ],
            [
              365736.23390000127,
              509443.86960000172
            ],
            [
              365732.81639999989,
              509445.71780000255
            ],
            [
              365729.50850000232,
              509446.73540000245
            ],
            [
              365724.11830000114,
              509448.58359999955
            ],
            [
              365720.68699999899,
              509450.00410000421
            ],
            [
              365717.63140000124,
              509452.19810000062
            ],
            [
              365714.84939999878,
              509454.04219999909
            ],
            [
              365711.17619999964,
              509454.09210000001
            ],
            [
              365706.31350000016,
              509454.30739999935
            ],
            [
              365701.46279999986,
              509456.51050000265
            ],
            [
              365696.29190000053,
              509458.27430000156
            ],
            [
              365692.03019999992,
              509459.44520000368
            ],
            [
              365688.03030000161,
              509460.41030000336
            ],
            [
              365684.18450000137,
              509462.12250000238
            ],
            [
              365681.54700000212,
              509463.8471999988
            ],
            [
              365678.33530000132,
              509465.39420000277
            ],
            [
              365675.3217000002,
              509467.26700000279
            ],
            [
              365672.36180000007,
              509470.80929999985
            ],
            [
              365669.34530000109,
              509473.84520000219
            ],
            [
              365667.36239999998,
              509476.17140000127
            ],
            [
              365665.08670000173,
              509478.02540000156
            ],
            [
              365663.22829999961,
              509480.34290000424
            ],
            [
              365663.15150000062,
              509484.25
            ],
            [
              365661.09999999963,
              509489.16210000031
            ],
            [
              365662.04819999915,
              509493.81660000235
            ],
            [
              365663.57660000212,
              509497.88290000148
            ],
            [
              365664.21180000063,
              509500.82690000162
            ],
            [
              365663.549300001,
              509503.78970000148
            ],
            [
              365662.90099999961,
              509507.16369999945
            ],
            [
              365663.01099999994,
              509510.8302000016
            ],
            [
              365682.24020000175,
              509519.01490000077
            ],
            [
              365686.20070000086,
              509530.33060000092
            ],
            [
              365681.10860000085,
              509545.60679999925
            ],
            [
              365680.54280000087,
              509556.9224999994
            ],
            [
              365680.69419999979,
              509568.71360000223
            ],
            [
              365685.06909999903,
              509579.55389999971
            ],
            [
              365688.46380000096,
              509597.09320000187
            ],
            [
              365691.29270000197,
              509615.19840000011
            ],
            [
              365687.89800000004,
              509629.90880000032
            ],
            [
              365690.16119999904,
              509645.75080000237
            ],
            [
              365690.16119999904,
              509656.50070000067
            ],
            [
              365686.76649999991,
              509671.21110000275
            ],
            [
              365686.20070000086,
              509683.658400001
            ],
            [
              365690.72700000089,
              509701.19769999757
            ],
            [
              365694.6875,
              509716.4739000015
            ],
            [
              365696.95060000103,
              509734.01330000348
            ],
            [
              365699.77950000111,
              509749.85529999994
            ],
            [
              365693.55590000097,
              509760.60520000197
            ],
            [
              365690.16119999904,
              509772.48670000397
            ],
            [
              365694.12170000095,
              509787.19710000046
            ],
            [
              365700.34530000109,
              509795.68390000053
            ],
            [
              365701.47690000199,
              509814.92060000263
            ],
            [
              365699.2137000002,
              509836.42039999925
            ],
            [
              365700.66110000201,
              509843.7125000041
            ],
            [
              365706.5689000003,
              509851.13090000115
            ],
            [
              365721.27940000128,
              509868.10440000147
            ],
            [
              365728.63460000046,
              509882.81480000354
            ],
            [
              365721.84520000033,
              509895.82789999805
            ],
            [
              365704.30580000021,
              509906.57780000195
            ],
            [
              365685.63490000088,
              509922.41980000213
            ],
            [
              365688.46380000096,
              509942.22230000235
            ],
            [
              365700.34530000109,
              509961.45900000073
            ],
            [
              365704.87160000112,
              509983.52459999919
            ],
            [
              365705.66330000013,
              510012.35899999924
            ],
            [
              365711.09520000126,
              510031.05059999973
            ],
            [
              365707.70050000213,
              510063.86610000208
            ],
            [
              365713.35840000119,
              510082.53710000217
            ],
            [
              365725.23990000039,
              510103.47110000066
            ],
            [
              365743.34499999974,
              510119.31310000084
            ],
            [
              365751.26599999983,
              510139.11560000107
            ],
            [
              365759.18699999992,
              510161.18119999953
            ],
            [
              365765.97640000004,
              510170.79960000329
            ],
            [
              365777.29209999926,
              510188.9047000017
            ],
            [
              365783.10850000102,
              510205.20460000262
            ],
            [
              365784.17940000072,
              510208.57910000347
            ],
            [
              365785.85010000132,
              510211.04930000193
            ],
            [
              365788.68110000156,
              510214.60830000229
            ],
            [
              365791.76460000034,
              510215.94600000046
            ],
            [
              365795.55599999987,
              510216.53140000254
            ],
            [
              365799.31299999915,
              510215.70590000227
            ],
            [
              365802.81879999954,
              510213.6428999994
            ],
            [
              365807.43630000018,
              510213.7893000003
            ],
            [
              365811.41020000074,
              510212.32410000078
            ],
            [
              365814.25229999982,
              510212.83530000038
            ],
            [
              365817.6352000013,
              510212.05800000206
            ],
            [
              365820.49399999995,
              510213.97970000096
            ],
            [
              365823.80710000079,
              510215.38850000128
            ],
            [
              365826.85140000191,
              510218.26890000142
            ],
            [
              365828.23490000051,
              510222.46010000072
            ],
            [
              365828.61710000131,
              510227.42000000179
            ],
            [
              365827.98170000035,
              510231.26060000062
            ],
            [
              365827.99450000003,
              510235.12510000169
            ],
            [
              365827.87980000023,
              510238.69830000214
            ],
            [
              365829.36470000073,
              510242.70280000009
            ],
            [
              365829.61690000165,
              510246.59410000034
            ],
            [
              365829.85840000212,
              510250.57410000078
            ],
            [
              365829.09960000124,
              510254.36790000275
            ],
            [
              365828.59820000175,
              510259.07719999924
            ],
            [
              365827.78690000065,
              510263.7248999998
            ],
            [
              365826.13489999902,
              510267.756500002
            ],
            [
              365824.38340000063,
              510271.87490000203
            ],
            [
              365823.78560000099,
              510276.06039999984
            ],
            [
              365823.24320000038,
              510281.27420000173
            ],
            [
              365821.72270000074,
              510286.0689000003
            ],
            [
              365820.8377000019,
              510290.40430000052
            ],
            [
              365821.98990000132,
              510294.61320000142
            ],
            [
              365821.55179999955,
              510297.91359999962
            ],
            [
              365821.91560000088,
              510301.09649999812
            ],
            [
              365824.86260000058,
              510305.30739999749
            ],
            [
              365827.62270000018,
              510307.72690000199
            ],
            [
              365831.7323000012,
              510309.2957000006
            ],
            [
              365835.05740000214,
              510308.73930000141
            ],
            [
              365838.96119999979,
              510308.12769999914
            ],
            [
              365842.41720000096,
              510307.24080000259
            ],
            [
              365843.95859999955,
              510304.77280000038
            ],
            [
              365849.38850000128,
              510306.06780000031
            ],
            [
              365852.49419999961,
              510311.02030000277
            ],
            [
              365854.43099999893,
              510316.2162000034
            ],
            [
              365855.98730000202,
              510321.11040000059
            ],
            [
              365857.37549999915,
              510324.61330000125
            ],
            [
              365860.51350000128,
              510329.05010000058
            ],
            [
              365860.72709999885,
              510332.64090000279
            ],
            [
              365861.10900000203,
              510336.25720000267
            ],
            [
              365862.63740000129,
              510341.89480000176
            ],
            [
              365865.92750000022,
              510345.14650000259
            ],
            [
              365867.82310000155,
              510348.14860000089
            ],
            [
              365869.94320000056,
              510350.57770000212
            ],
            [
              365871.4793999996,
              510353.78369999863
            ],
            [
              365873.30440000072,
              510357.2173999995
            ],
            [
              365875.89890000131,
              510359.46710000001
            ],
            [
              365878.98840000201,
              510360.94930000231
            ],
            [
              365881.99409999978,
              510362.62959999964
            ],
            [
              365884.54940000083,
              510366.42200000025
            ],
            [
              365888.18900000025,
              510368.84770000167
            ],
            [
              365890.47750000004,
              510370.84710000083
            ],
            [
              365892.02290000021,
              510374.48640000075
            ],
            [
              365894.96200000122,
              510377.74220000021
            ],
            [
              365896.69050000142,
              510381.10740000196
            ],
            [
              365898.69230000209,
              510384.81120000035
            ],
            [
              365900.55910000019,
              510388.14590000361
            ],
            [
              365900.68659999873,
              510393.17850000039
            ],
            [
              365899.3142999988,
              510397.89289999753
            ],
            [
              365898.46140000038,
              510400.59100000188
            ],
            [
              365898.87700000033,
              510403.625
            ],
            [
              365900.18240000214,
              510407.27070000395
            ],
            [
              365902.92210000101,
              510410.72240000032
            ],
            [
              365903.61210000049,
              510414.48920000158
            ],
            [
              365906.76560000144,
              510417.68260000087
            ],
            [
              365910.64109999873,
              510420.75710000098
            ],
            [
              365915.66669999994,
              510425.2144000046
            ],
            [
              365919.46960000228,
              510428.59270000271
            ],
            [
              365922.20830000192,
              510431.64480000176
            ],
            [
              365924.59849999938,
              510434.34570000134
            ],
            [
              365926.00290000066,
              510437.92660000175
            ],
            [
              365927.28770000115,
              510441.26099999994
            ],
            [
              365927.1612999998,
              510445.42250000127
            ],
            [
              365926.60529999994,
              510448.84270000271
            ],
            [
              365928.72970000096,
              510451.50510000065
            ],
            [
              365929.34829999972,
              510454.38210000098
            ],
            [
              365928.72259999998,
              510458.17840000242
            ],
            [
              365930.05540000089,
              510462.23540000245
            ],
            [
              365931.96440000087,
              510465.68760000356
            ],
            [
              365935.95090000145,
              510467.85920000263
            ],
            [
              365937.87560000177,
              510471.63910000399
            ],
            [
              365937.48290000018,
              510476.2396000009
            ],
            [
              365935.75499999896,
              510481.41330000013
            ],
            [
              365933.58560000174,
              510486.44510000385
            ],
            [
              365934.03940000013,
              510490.47370000184
            ],
            [
              365937.64960000105,
              510493.03209999949
            ],
            [
              365940.83940000087,
              510496.63720000163
            ],
            [
              365943.03000000212,
              510500.89990000054
            ],
            [
              365944.0278000012,
              510503.917600004
            ],
            [
              365946.83400000166,
              510507.60389999859
            ],
            [
              365947.76630000118,
              510512.59690000117
            ],
            [
              365946.23830000125,
              510516.64189999923
            ],
            [
              365946.35419999994,
              510521.13020000234
            ],
            [
              365947.12570000067,
              510526.31620000117
            ],
            [
              365948.7762000002,
              510529.13220000081
            ],
            [
              365951.4421000015,
              510533.92239999957
            ],
            [
              365953.38169999979,
              510537.84699999914
            ],
            [
              365954.9385000011,
              510541.13120000437
            ],
            [
              365955.5513000004,
              510544.97410000302
            ],
            [
              365957.00870000012,
              510549.69980000332
            ],
            [
              365957.52950000018,
              510554.60699999891
            ],
            [
              365959.55490000173,
              510559.13290000148
            ],
            [
              365962.92349999864,
              510563.13010000251
            ],
            [
              365965.01040000189,
              510566.79110000096
            ],
            [
              365968.16179999989,
              510570.53980000317
            ],
            [
              365970.43070000038,
              510572.62760000117
            ],
            [
              365972.5392000014,
              510574.74560000189
            ],
            [
              365975.19320000056,
              510577.12980000302
            ],
            [
              365977.75140000042,
              510579.86730000377
            ],
            [
              365980.55720000062,
              510581.76590000279
            ],
            [
              365983.00669999886,
              510583.2576999981
            ],
            [
              365986.25630000047,
              510586.3032000009
            ],
            [
              365990.59310000017,
              510589.18690000102
            ],
            [
              365993.62390000094,
              510591.83940000087
            ],
            [
              365996.44990000036,
              510595.4151000008
            ],
            [
              365997.034500001,
              510600.01250000112
            ],
            [
              365997.28650000133,
              510604.35910000093
            ],
            [
              365997.58060000092,
              510607.91820000112
            ],
            [
              365998.05950000044,
              510611.56980000064
            ],
            [
              365996.91810000129,
              510615.38929999992
            ],
            [
              365994.0262000002,
              510619.66290000081
            ],
            [
              365990.98950000107,
              510621.3685999997
            ],
            [
              365989.50320000015,
              510624.20409999974
            ],
            [
              365988.30810000002,
              510627.58950000256
            ],
            [
              365986.26169999968,
              510630.89149999805
            ],
            [
              365984.22680000123,
              510636.31460000202
            ],
            [
              365982.65270000137,
              510639.09290000051
            ],
            [
              365980.36160000134,
              510642.19019999914
            ],
            [
              365978.34179999959,
              510644.5932
            ],
            [
              365977.08020000067,
              510647.52209999971
            ],
            [
              365974.65320000052,
              510652.32670000382
            ],
            [
              365973.60280000139,
              510656.26460000314
            ],
            [
              365971.25079999957,
              510660.64880000427
            ],
            [
              365970.19940000214,
              510665.53050000034
            ],
            [
              365969.65240000095,
              510670.07239999995
            ],
            [
              365969.87019999977,
              510674.46270000003
            ],
            [
              365966.97429999989,
              510677.24830000103
            ],
            [
              365967.13630000036,
              510681.42659999989
            ],
            [
              365969.44160000049,
              510685.50280000083
            ],
            [
              365971.62800000049,
              510688.62170000002
            ],
            [
              365973.87190000154,
              510691.08110000007
            ],
            [
              365978.03930000123,
              510691.95709999837
            ],
            [
              365982.29550000001,
              510694.19519999996
            ],
            [
              365986.54140000138,
              510696.94930000231
            ],
            [
              365990.57600000128,
              510698.25580000132
            ],
            [
              365993.71669999976,
              510698.48430000246
            ],
            [
              365998.10220000055,
              510698.8983000014
            ],
            [
              366002.53440000117,
              510700.54020000249
            ],
            [
              366005.46300000139,
              510702.51339999959
            ],
            [
              366007.3768000016,
              510705.03840000182
            ],
            [
              366008.81120000128,
              510707.54279999994
            ],
            [
              366010.9066000022,
              510710.09370000288
            ],
            [
              366012.89320000075,
              510714.33579999954
            ],
            [
              366014.32830000203,
              510719.73280000128
            ],
            [
              366012.80289999954,
              510722.7452000007
            ],
            [
              366011.26190000214,
              510725.64630000107
            ],
            [
              366008.57950000092,
              510729.21340000257
            ],
            [
              366007.09210000001,
              510732.10440000333
            ],
            [
              366005.7296000002,
              510734.74250000156
            ],
            [
              366003.54120000172,
              510738.4859000016
            ],
            [
              366001.91000000108,
              510741.68500000238
            ],
            [
              365999.36910000071,
              510745.51019999944
            ],
            [
              365997.98739999998,
              510750.02450000308
            ],
            [
              365995.7443000013,
              510753.61690000258
            ],
            [
              365992.42609999981,
              510758.56500000134
            ],
            [
              365991.02710000053,
              510762.8291000016
            ],
            [
              365990.04879999999,
              510766.93500000052
            ],
            [
              365988.37980000116,
              510772.27640000172
            ],
            [
              365988.86180000007,
              510776.67200000025
            ],
            [
              365990.98570000008,
              510780.25610000268
            ],
            [
              365994.58540000115,
              510782.89200000092
            ],
            [
              365995.7229000004,
              510786.03470000066
            ],
            [
              365997.86589999963,
              510789.09720000252
            ],
            [
              366000.0504999999,
              510792.30490000173
            ],
            [
              366000.64150000084,
              510795.6810999997
            ],
            [
              365999.59990000073,
              510799.39149999991
            ],
            [
              365999.30660000071,
              510802.5503999982
            ],
            [
              365998.1930000009,
              510805.85960000195
            ],
            [
              365997.01710000075,
              510809.6229000017
            ],
            [
              365996.00389999989,
              510813.70040000416
            ],
            [
              365995.10610000044,
              510816.8805999998
            ],
            [
              365993.38000000082,
              510820.6109000016
            ],
            [
              365994.73369999975,
              510824.50180000067
            ],
            [
              365993.76309999917,
              510828.66880000383
            ],
            [
              365991.87239999976,
              510831.74070000276
            ],
            [
              365991.03410000075,
              510834.60010000132
            ],
            [
              365990.68420000095,
              510838.37970000133
            ],
            [
              365989.46230000071,
              510841.92369999923
            ],
            [
              365992.06000000145,
              510847.24010000005
            ],
            [
              365992.16959999967,
              510851.82269999944
            ],
            [
              365991.2050999999,
              510856.57840000093
            ],
            [
              365991.22260000091,
              510860.19859999977
            ],
            [
              365990.22350000124,
              510863.11040000245
            ],
            [
              365989.62959999964,
              510866.19669999927
            ],
            [
              365988.49769999925,
              510869.98310000263
            ],
            [
              365987.82949999999,
              510872.77929999866
            ],
            [
              365987.63850000128,
              510876.16220000014
            ],
            [
              365987.5577999996,
              510879.80279999971
            ],
            [
              365986.64850000106,
              510884.47070000134
            ],
            [
              365986.4084999999,
              510888.5300999973
            ],
            [
              365986.72660000063,
              510892.6782000009
            ],
            [
              365986.12050000113,
              510897.28550000116
            ],
            [
              365986.70259999949,
              510902.01070000418
            ],
            [
              365988.0092000002,
              510906.03940000013
            ],
            [
              365988.79710000008,
              510908.88640000112
            ],
            [
              365988.9357000012,
              510913.35300000012
            ],
            [
              365989.50600000005,
              510918.22230000235
            ],
            [
              365991.47040000092,
              510922.90799999982
            ],
            [
              365993.4299000008,
              510926.2667000033
            ],
            [
              365994.72699999996,
              510929.4235999994
            ],
            [
              365995.35500000138,
              510934.30509999953
            ],
            [
              365997.07029999979,
              510938.55570000224
            ],
            [
              365998.78980000131,
              510942.82300000265
            ],
            [
              366000.00820000097,
              510947.03880000114
            ],
            [
              366001.94810000155,
              510950.2639000006
            ],
            [
              366003.39340000134,
              510952.89069999754
            ],
            [
              366006.33870000113,
              510956.04130000062
            ],
            [
              366006.88560000062,
              510960.97670000046
            ],
            [
              366007.51830000058,
              510965.60840000212
            ],
            [
              366006.66480000038,
              510969.47250000387
            ],
            [
              366005.69319999963,
              510973.91720000282
            ],
            [
              366005.51730000228,
              510977.8833000008
            ],
            [
              366006.76150000095,
              510981.92200000212
            ],
            [
              366007.01889999956,
              510986.21329999901
            ],
            [
              366007.37070000079,
              510989.3236999996
            ],
            [
              366006.77740000095,
              510992.83200000226
            ],
            [
              366007.89089999907,
              510997.19010000117
            ],
            [
              366009.84219999984,
              511001.18720000051
            ],
            [
              366008.23810000066,
              511005.71930000186
            ],
            [
              366008.01680000033,
              511009.73460000008
            ],
            [
              366008.67509999871,
              511012.84560000151
            ],
            [
              366008.26429999992,
              511018.13969999924
            ],
            [
              366006.48699999973,
              511021.60980000161
            ],
            [
              366007.52720000036,
              511025.10400000028
            ],
            [
              366008.89360000007,
              511029.93350000121
            ],
            [
              366010.46439999994,
              511035.20000000112
            ],
            [
              366011.63850000128,
              511038.28780000284
            ],
            [
              366012.79910000041,
              511042.50800000131
            ],
            [
              366014.59159999993,
              511046.67410000041
            ],
            [
              366014.58120000083,
              511050.36040000059
            ],
            [
              366015.42760000005,
              511053.84150000103
            ],
            [
              366016.19350000098,
              511057.3543999996
            ],
            [
              366018.05829999875,
              511060.55580000021
            ],
            [
              366020.58290000074,
              511062.73760000244
            ],
            [
              366024.43010000046,
              511064.3069000002
            ],
            [
              366027.73710000049,
              511067.131500002
            ],
            [
              366032.23480000068,
              511077.6857000012
            ],
            [
              366035.27810000069,
              511086.63660000265
            ],
            [
              366037.60529999994,
              511094.33440000191
            ],
            [
              366040.64859999996,
              511104.53839999996
            ],
            [
              366042.08079999965,
              511118.85979999974
            ],
            [
              366043.73710000049,
              511128.90780000202
            ],
            [
              366051.92679999955,
              511139.2678999994
            ],
            [
              366063.56290000025,
              511153.94740000367
            ],
            [
              366071.9768000003,
              511160.03400000185
            ],
            [
              366079.49550000113,
              511169.16389999911
            ],
            [
              366086.83530000038,
              511178.11480000056
            ],
            [
              366095.55730000138,
              511191.63479999825
            ],
            [
              366097.80009999871,
              511193.68890000321
            ],
            [
              366100.58190000057,
              511194.98740000091
            ],
            [
              366103.54040000215,
              511196.78910000063
            ],
            [
              366108.39120000135,
              511201.53559999913
            ],
            [
              366112.55829999968,
              511206.45820000395
            ],
            [
              366113.72820000071,
              511210.79970000125
            ],
            [
              366115.64140000101,
              511215.23039999977
            ],
            [
              366119.1659000013,
              511220.66810000129
            ],
            [
              366120.87770000007,
              511225.60230000317
            ],
            [
              366123.99930000119,
              511231.14070000313
            ],
            [
              366126.31540000066,
              511233.96020000055
            ],
            [
              366129.33630000055,
              511239.70000000298
            ],
            [
              366131.75310000125,
              511245.23829999939
            ],
            [
              366134.1698000012,
              511248.76280000061
            ],
            [
              366137.79490000103,
              511255.20740000159
            ],
            [
              366139.50680000056,
              511261.04790000245
            ],
            [
              366142.93050000072,
              511269.9093000032
            ],
            [
              366144.13889999874,
              511278.56930000149
            ],
            [
              366143.93750000093,
              511286.02089999989
            ],
            [
              366143.93750000093,
              511290.7536999993
            ],
            [
              366144.0382000003,
              511295.0837000031
            ],
            [
              366144.3403000012,
              511303.44160000049
            ],
            [
              366142.22559999954,
              511311.69879999943
            ],
            [
              366141.31930000056,
              511319.35180000402
            ],
            [
              366137.08999999985,
              511327.4076000005
            ],
            [
              366135.17679999955,
              511337.77950000204
            ],
            [
              366133.06209999975,
              511344.7276000008
            ],
            [
              366131.24960000068,
              511354.09250000119
            ],
            [
              366130.34330000076,
              511361.84620000049
            ],
            [
              366129.80059999973,
              511370.11460000277
            ],
            [
              366130.15869999956,
              511376.91730000265
            ],
            [
              366132.3069000002,
              511383.5409000013
            ],
            [
              366134.63410000037,
              511394.4609999992
            ],
            [
              366137.49839999992,
              511406.09720000252
            ],
            [
              366141.07880000118,
              511412.720900001
            ],
            [
              366144.65909999982,
              511421.49280000292
            ],
            [
              366147.88150000107,
              511427.22130000219
            ],
            [
              366149.13460000232,
              511434.02400000207
            ],
            [
              366150.02969999984,
              511444.76510000415
            ],
            [
              366151.28280000109,
              511458.54950000346
            ],
            [
              366152.71490000002,
              511469.29059999995
            ],
            [
              366156.65330000035,
              511479.85260000266
            ],
            [
              366159.15960000176,
              511487.55040000379
            ],
            [
              366165.0672000004,
              511495.78519999981
            ],
            [
              366170.07969999965,
              511505.09420000017
            ],
            [
              366173.48099999968,
              511511.00180000439
            ],
            [
              366176.16630000062,
              511518.52050000057
            ],
            [
              366178.67260000017,
              511525.50219999999
            ],
            [
              366180.64180000126,
              511537.13840000145
            ],
            [
              366184.93819999974,
              511547.52150000446
            ],
            [
              366188.16050000209,
              511554.50320000388
            ],
            [
              366191.02480000071,
              511563.09600000083
            ],
            [
              366180.64180000126,
              511574.9112000037
            ],
            [
              366171.33279999997,
              511583.86209999956
            ],
            [
              366165.78330000117,
              511592.27600000054
            ],
            [
              366157.90650000051,
              511602.30100000091
            ],
            [
              366153.61000000127,
              511608.38760000095
            ],
            [
              366149.67160000093,
              511616.08540000021
            ],
            [
              366145.55420000013,
              511624.67820000276
            ],
            [
              366141.07880000118,
              511632.73399999924
            ],
            [
              366135.88730000053,
              511638.99970000237
            ],
            [
              366131.59080000035,
              511647.95060000382
            ],
            [
              366128.7265000008,
              511655.4693
            ],
            [
              366121.38680000044,
              511665.31530000083
            ],
            [
              366116.01630000118,
              511674.44520000182
            ],
            [
              366106.17029999942,
              511685.72339999862
            ],
            [
              366102.41089999955,
              511690.19880000316
            ],
            [
              366095.78720000107,
              511698.61270000227
            ],
            [
              366091.4907999998,
              511705.41530000418
            ],
            [
              366083.61400000006,
              511707.74259999953
            ],
            [
              366079.31760000158,
              511707.56359999999
            ],
            [
              366074.30510000046,
              511706.13139999844
            ],
            [
              366066.5178000005,
              511707.47409999929
            ],
            [
              366060.34159999993,
              511703.62520000152
            ],
            [
              366056.04520000052,
              511701.29790000059
            ],
            [
              366052.64390000049,
              511699.14970000461
            ],
            [
              366047.81039999984,
              511699.14970000461
            ],
            [
              366039.21750000212,
              511701.29790000059
            ],
            [
              366032.59390000161,
              511704.3412000034
            ],
            [
              366027.93940000143,
              511705.23630000278
            ],
            [
              366021.85280000139,
              511707.92160000093
            ],
            [
              366016.8403000012,
              511711.68100000173
            ],
            [
              366015.31869999878,
              511716.87250000052
            ],
            [
              366015.26710000169,
              511721.51300000213
            ],
            [
              366016.35420000181,
              511726.58000000007
            ],
            [
              366019.21850000136,
              511729.26530000195
            ],
            [
              366025.52859999891,
              511732
            ],
            [
              366029.5446000006,
              511737.03419999965
            ],
            [
              366032.82770000119,
              511742.41230000183
            ],
            [
              366035.80449999962,
              511747.10690000281
            ],
            [
              366038.59829999972,
              511752.29210000113
            ],
            [
              366041.53990000114,
              511757.19150000438
            ],
            [
              366049.16399999987,
              511761.06829999946
            ],
            [
              366052.46080000047,
              511766.42989999987
            ],
            [
              366055.64510000125,
              511770.73440000229
            ],
            [
              366060.04789999966,
              511774.06369999982
            ],
            [
              366065.0344000021,
              511777.52649999969
            ],
            [
              366070.68690000195,
              511776.05020000041
            ],
            [
              366076.24469999969,
              511773.51700000279
            ],
            [
              366079.1277999999,
              511773.82750000246
            ],
            [
              366084.73220000137,
              511775.23720000125
            ],
            [
              366090.34580000024,
              511777.5354999993
            ],
            [
              366095.88989999983,
              511780.65399999917
            ],
            [
              366101.03610000107,
              511783.67590000108
            ],
            [
              366105.05670000054,
              511787.91930000111
            ],
            [
              366107.72269999981,
              511793.72380000353
            ],
            [
              366108.91770000197,
              511797.48560000211
            ],
            [
              366110.45590000134,
              511801.92430000193
            ],
            [
              366112.4776999997,
              511806.16150000133
            ],
            [
              366114.44479999971,
              511813.17369999923
            ],
            [
              366120.30920000002,
              511818.15990000218
            ],
            [
              366125.81630000006,
              511823.46380000189
            ],
            [
              366125.65110000037,
              511831.83300000243
            ],
            [
              366121.96410000138,
              511840.85449999943
            ],
            [
              366118.30510000046,
              511848.4552000016
            ],
            [
              366118.84150000196,
              511856.83830000274
            ],
            [
              366123.68330000062,
              511860.43160000071
            ],
            [
              366132.14790000021,
              511857.80040000193
            ],
            [
              366137.1688000001,
              511852.31409999914
            ],
            [
              366142.86860000063,
              511847.54080000147
            ],
            [
              366150.70920000039,
              511841.42170000263
            ],
            [
              366157.04660000186,
              511839.44810000062
            ],
            [
              366164.14470000099,
              511835.39090000279
            ],
            [
              366173.43080000021,
              511840.53680000268
            ],
            [
              366181.19379999954,
              511837.9029000029
            ],
            [
              366188.92940000072,
              511836.65650000051
            ],
            [
              366195.97719999962,
              511834.69690000452
            ],
            [
              366205.20130000077,
              511828.76410000026
            ],
            [
              366213.18510000128,
              511819.95260000043
            ],
            [
              366219.14020000119,
              511819.44160000235
            ],
            [
              366226.20170000009,
              511816.79390000366
            ],
            [
              366231.8554000007,
              511814.80690000206
            ],
            [
              366238.86190000083,
              511814.94520000368
            ],
            [
              366249.91230000183,
              511811.1344000008
            ],
            [
              366256.98800000083,
              511807.76530000195
            ],
            [
              366266.85570000112,
              511805.17300000414
            ],
            [
              366273.87100000028,
              511805.3115000017
            ],
            [
              366278.49250000156,
              511804.9841000028
            ],
            [
              366289.65909999888,
              511806.3302000016
            ],
            [
              366296.66069999989,
              511806.3302000016
            ],
            [
              366307.60270000156,
              511803.33380000107
            ],
            [
              366314.61689999979,
              511798.08699999936
            ],
            [
              366323.52800000086,
              511796.81400000118
            ],
            [
              366331.48429999966,
              511793.94969999976
            ],
            [
              366340.71370000113,
              511789.81240000017
            ],
            [
              366347.07880000025,
              511786.31160000339
            ],
            [
              366354.39859999996,
              511779.31000000238
            ],
            [
              366362.99150000047,
              511773.89970000088
            ],
            [
              366376.75580000132,
              511770.50970000029
            ],
            [
              366384.84350000136,
              511774.11310000159
            ],
            [
              366388.25939999893,
              511778.37800000049
            ],
            [
              366395.19209999871,
              511782.70120000094
            ],
            [
              366397.19130000006,
              511787.62649999931
            ],
            [
              366404.77020000201,
              511794.76080000028
            ],
            [
              366408.14489999972,
              511801.11240000278
            ],
            [
              366410.11170000024,
              511808.12460000068
            ],
            [
              366415.62719999999,
              511813.1305000037
            ],
            [
              366419.66190000065,
              511821.59380000085
            ],
            [
              366423.76100000087,
              511827.24909999967
            ],
            [
              366429.24020000082,
              511833.64230000041
            ],
            [
              366433.36670000106,
              511837.91009999998
            ],
            [
              366439.56120000221,
              511843.61789999902
            ],
            [
              366444.38900000229,
              511847.91070000082
            ],
            [
              366451.32629999984,
              511851.5457000006
            ],
            [
              366458.40189999994,
              511848.18780000135
            ],
            [
              366469.04910000134,
              511842.11329999752
            ],
            [
              366478.17889999971,
              511840.89479999989
            ],
            [
              366486.61120000109,
              511840.36190000176
            ],
            [
              366492.9160999991,
              511840.48660000227
            ],
            [
              366501.33450000081,
              511840.65310000069
            ],
            [
              366512.61910000164,
              511837.38960000128
            ],
            [
              366521.02860000078,
              511837.5559000019
            ],
            [
              366528.72770000063,
              511837.7081000004
            ],
            [
              366538.57680000085,
              511836.50379999913
            ],
            [
              366546.32610000204,
              511834.56960000098
            ],
            [
              366552.24340000004,
              511830.48930000141
            ],
            [
              366560.68950000219,
              511829.25720000081
            ],
            [
              366567.09100000001,
              511824.49810000136
            ],
            [
              366576.25740000047,
              511821.88120000064
            ],
            [
              366584.80009999964,
              511815.76530000195
            ],
            [
              366593.25119999982,
              511813.83380000107
            ],
            [
              366599.61130000185,
              511811.17250000127
            ],
            [
              366609.56200000085,
              511804.38499999978
            ],
            [
              366619.47130000126,
              511799.69519999996
            ],
            [
              366623.04800000042,
              511796.27929999866
            ],
            [
              366626.89850000199,
              511794.14389999956
            ],
            [
              366631.55420000106,
              511791.56190000102
            ],
            [
              366638.6576000005,
              511786.80560000055
            ],
            [
              366646.50580000039,
              511780.32620000094
            ],
            [
              366652.19890000112,
              511775.90279999934
            ],
            [
              366660.70519999973,
              511771.1854000017
            ],
            [
              366664.33729999978,
              511764.97240000032
            ],
            [
              366673.5588999996,
              511759.56959999911
            ],
            [
              366679.63280000072,
              511754.09340000153
            ],
            [
              366684.29440000001,
              511748.60030000098
            ],
            [
              366688.62780000083,
              511742.412200002
            ],
            [
              366692.89740000106,
              511738.9990000017
            ],
            [
              366695.11259999964,
              511733.45749999769
            ],
            [
              366700.16140000056,
              511726.58400000073
            ],
            [
              366703.08330000099,
              511720.34589999914
            ],
            [
              366706.05520000029,
              511712.03219999932
            ],
            [
              366705.51950000226,
              511703.63800000399
            ],
            [
              366702.81010000128,
              511698.69860000163
            ],
            [
              366700.17870000098,
              511690.2629000023
            ]
          ]
        ]
      }
    }
  ]
}