{
  "displayFieldName" : "",
  "fieldAliases" : {
    "FID" : "FID",
    "PMNTN_SN" : "PMNTN_SN",
    "MNTN_CODE" : "MNTN_CODE",
    "MNTN_NM" : "MNTN_NM",
    "PMNTN_NM" : "PMNTN_NM",
    "PMNTN_MAIN" : "PMNTN_MAIN",
    "PMNTN_LT" : "PMNTN_LT",
    "PMNTN_DFFL" : "PMNTN_DFFL",
    "PMNTN_UPPL" : "PMNTN_UPPL",
    "PMNTN_GODN" : "PMNTN_GODN",
    "PMNTN_MTRQ" : "PMNTN_MTRQ",
    "PMNTN_CNRL" : "PMNTN_CNRL",
    "PMNTN_CLS_" : "PMNTN_CLS_",
    "PMNTN_RISK" : "PMNTN_RISK",
    "PMNTN_RECO" : "PMNTN_RECO",
    "DATA_STDR_" : "DATA_STDR_",
    "MNTN_ID" : "MNTN_ID"
  },
  "geometryType" : "esriGeometryPolyline",
  "spatialReference" : {
    "wkt" : "PROJCS[\"PCS_ITRF2000_TM\",GEOGCS[\"GCS_ITRF_2000\",DATUM[\"D_ITRF_2000\",SPHEROID[\"GRS_1980\",6378137.0,298.257222101]],PRIMEM[\"Greenwich\",0.0],UNIT[\"Degree\",0.0174532925199433]],PROJECTION[\"Transverse_Mercator\"],PARAMETER[\"False_Easting\",200000.0],PARAMETER[\"False_Northing\",600000.0],PARAMETER[\"Central_Meridian\",127.0],PARAMETER[\"Scale_Factor\",1.0],PARAMETER[\"Latitude_Of_Origin\",38.0],UNIT[\"Meter\",1.0]]"
  },
  "fields" : [
    {
      "name" : "FID",
      "type" : "esriFieldTypeOID",
      "alias" : "FID"
    },
    {
      "name" : "PMNTN_SN",
      "type" : "esriFieldTypeDouble",
      "alias" : "PMNTN_SN"
    },
    {
      "name" : "MNTN_CODE",
      "type" : "esriFieldTypeString",
      "alias" : "MNTN_CODE",
      "length" : 9
    },
    {
      "name" : "MNTN_NM",
      "type" : "esriFieldTypeString",
      "alias" : "MNTN_NM",
      "length" : 50
    },
    {
      "name" : "PMNTN_NM",
      "type" : "esriFieldTypeString",
      "alias" : "PMNTN_NM",
      "length" : 50
    },
    {
      "name" : "PMNTN_MAIN",
      "type" : "esriFieldTypeString",
      "alias" : "PMNTN_MAIN",
      "length" : 200
    },
    {
      "name" : "PMNTN_LT",
      "type" : "esriFieldTypeSingle",
      "alias" : "PMNTN_LT"
    },
    {
      "name" : "PMNTN_DFFL",
      "type" : "esriFieldTypeString",
      "alias" : "PMNTN_DFFL",
      "length" : 8
    },
    {
      "name" : "PMNTN_UPPL",
      "type" : "esriFieldTypeDouble",
      "alias" : "PMNTN_UPPL"
    },
    {
      "name" : "PMNTN_GODN",
      "type" : "esriFieldTypeDouble",
      "alias" : "PMNTN_GODN"
    },
    {
      "name" : "PMNTN_MTRQ",
      "type" : "esriFieldTypeString",
      "alias" : "PMNTN_MTRQ",
      "length" : 200
    },
    {
      "name" : "PMNTN_CNRL",
      "type" : "esriFieldTypeString",
      "alias" : "PMNTN_CNRL",
      "length" : 1
    },
    {
      "name" : "PMNTN_CLS_",
      "type" : "esriFieldTypeString",
      "alias" : "PMNTN_CLS_",
      "length" : 1
    },
    {
      "name" : "PMNTN_RISK",
      "type" : "esriFieldTypeString",
      "alias" : "PMNTN_RISK",
      "length" : 200
    },
    {
      "name" : "PMNTN_RECO",
      "type" : "esriFieldTypeString",
      "alias" : "PMNTN_RECO",
      "length" : 1
    },
    {
      "name" : "DATA_STDR_",
      "type" : "esriFieldTypeString",
      "alias" : "DATA_STDR_",
      "length" : 10
    },
    {
      "name" : "MNTN_ID",
      "type" : "esriFieldTypeString",
      "alias" : "MNTN_ID",
      "length" : 10
    }
  ],
  "features" : [
    {
      "attributes" : {
        "FID" : 0,
        "PMNTN_SN" : 40125,
        "MNTN_CODE" : "428306801",
        "MNTN_NM" : "외솔봉",
        "PMNTN_NM" : "중광정리구간",
        "PMNTN_MAIN" : " ",
        "PMNTN_LT" : 1.81,
        "PMNTN_DFFL" : "쉬움",
        "PMNTN_UPPL" : 32,
        "PMNTN_GODN" : 22,
        "PMNTN_MTRQ" : " ",
        "PMNTN_CNRL" : " ",
        "PMNTN_CLS_" : " ",
        "PMNTN_RISK" : " ",
        "PMNTN_RECO" : " ",
        "DATA_STDR_" : "2016-12-31",
        "MNTN_ID" : "428303601"
      },
      "geometry" : {
        "paths" : [
          [
            [
              349961.44980000053,
              604464.28390000202
            ],
            [
              349958.84489999991,
              604461.15650000051
            ],
            [
              349955.42000000086,
              604455.49660000391
            ],
            [
              349951.26000000071,
              604455.62189999968
            ],
            [
              349949.3077999996,
              604457.73139999993
            ],
            [
              349947.14530000091,
              604459.6491000019
            ],
            [
              349940.17650000006,
              604464.80379999802
            ],
            [
              349934.38650000095,
              604468.01610000059
            ],
            [
              349929.7527999999,
              604472.53730000183
            ],
            [
              349934.52990000043,
              604476.69319999963
            ],
            [
              349934.49550000019,
              604480.85710000247
            ],
            [
              349932.65089999977,
              604483.4439000003
            ],
            [
              349927.34490000084,
              604489.02100000158
            ],
            [
              349924.41050000116,
              604492.8871000018
            ],
            [
              349921.54170000087,
              604496.37000000291
            ],
            [
              349919.38670000061,
              604498.60270000249
            ],
            [
              349916.7192000011,
              604500.48340000026
            ],
            [
              349909.19820000138,
              604504.41110000201
            ],
            [
              349906.82870000135,
              604506.58410000242
            ],
            [
              349903.03570000082,
              604508.91760000028
            ],
            [
              349898.37710000109,
              604510.26570000127
            ],
            [
              349894.90160000045,
              604511.30499999784
            ],
            [
              349891.22650000174,
              604512.44979999959
            ],
            [
              349887.22880000062,
              604511.9114000015
            ],
            [
              349880.64460000023,
              604510.97080000117
            ],
            [
              349877.38910000119,
              604508.99000000209
            ],
            [
              349873.34960000031,
              604508.24449999817
            ],
            [
              349868.6771000009,
              604508.53640000336
            ],
            [
              349862.83020000067,
              604505.99369999953
            ],
            [
              349860.0923000006,
              604504.04719999991
            ],
            [
              349853.42940000165,
              604497.53360000253
            ],
            [
              349849.52869999968,
              604494.77490000427
            ],
            [
              349845.48460000008,
              604494.00080000237
            ],
            [
              349841.16559999995,
              604495.33740000054
            ],
            [
              349838.05229999963,
              604494.32940000109
            ],
            [
              349833.44990000222,
              604491.20740000345
            ],
            [
              349828.58550000098,
              604487.74460000172
            ],
            [
              349824.2921000002,
              604487.0335000027
            ],
            [
              349820.09410000127,
              604487.85799999908
            ],
            [
              349816.61359999981,
              604489.16630000249
            ],
            [
              349811.8077999996,
              604491.79990000278
            ],
            [
              349808.85290000215,
              604491.12270000204
            ],
            [
              349806.09360000119,
              604488.47419999912
            ],
            [
              349801.66739999969,
              604482.72920000181
            ],
            [
              349797.67280000169,
              604478.04560000263
            ],
            [
              349794.16660000198,
              604473.27820000052
            ],
            [
              349791.19140000176,
              604468.48499999754
            ],
            [
              349788.77020000014,
              604463.70369999856
            ],
            [
              349786.5400000019,
              604457.84290000238
            ],
            [
              349784.36319999956,
              604450.15300000086
            ],
            [
              349782.90890000015,
              604444.08500000089
            ],
            [
              349781.96089999937,
              604439.12990000099
            ],
            [
              349781.39140000008,
              604434.61620000005
            ],
            [
              349781.19350000098,
              604430.43960000202
            ],
            [
              349781.10309999995,
              604426.08320000023
            ],
            [
              349779.53039999958,
              604418.74410000071
            ],
            [
              349779.6063000001,
              604414.93950000033
            ],
            [
              349780.24510000087,
              604411.88340000063
            ],
            [
              349781.29710000008,
              604408.55270000361
            ],
            [
              349783.22470000107,
              604403.49260000326
            ],
            [
              349785.87180000171,
              604397.69959999993
            ],
            [
              349790.35429999977,
              604389.75359999947
            ],
            [
              349794.68400000036,
              604383.49839999899
            ],
            [
              349796.16270000208,
              604380.53220000118
            ],
            [
              349796.95210000128,
              604377.63880000263
            ],
            [
              349797.46350000054,
              604374.25970000401
            ],
            [
              349798.4653000012,
              604368.94659999944
            ],
            [
              349801.8180000009,
              604363.22389999963
            ],
            [
              349803.74200000148,
              604359.97800000198
            ],
            [
              349804.07550000027,
              604355.84539999999
            ],
            [
              349804.6837000018,
              604352.15740000084
            ],
            [
              349805.25500000175,
              604346.23210000247
            ],
            [
              349808.12020000163,
              604341.58960000239
            ],
            [
              349807.50349999964,
              604338.41359999962
            ],
            [
              349805.83690000046,
              604333.93720000237
            ],
            [
              349803.26460000128,
              604329.14570000209
            ],
            [
              349799.14400000218,
              604322.84280000255
            ],
            [
              349796.91669999994,
              604319.7592999991
            ],
            [
              349792.77480000071,
              604315.16090000235
            ],
            [
              349786.02370000072,
              604311.32000000216
            ],
            [
              349782.1894000005,
              604308.07369999774
            ],
            [
              349778.69150000159,
              604305.6575000044
            ],
            [
              349772.28399999999,
              604302.162200002
            ],
            [
              349765.7145999996,
              604298.40940000117
            ],
            [
              349761.73720000125,
              604296.73860000074
            ],
            [
              349757.17379999999,
              604295.3172999993
            ],
            [
              349753.78149999958,
              604293.11660000123
            ],
            [
              349751.47530000098,
              604290.89230000228
            ],
            [
              349748.29270000011,
              604286.99579999968
            ],
            [
              349744.97459999938,
              604281.36130000278
            ],
            [
              349736.06840000208,
              604279.22330000252
            ],
            [
              349734.23360000085,
              604276.76890000142
            ],
            [
              349731.94160000049,
              604274.24620000087
            ],
            [
              349727.60020000115,
              604270.14000000246
            ],
            [
              349722.52210000157,
              604265.39409999922
            ],
            [
              349717.02240000106,
              604260.81100000255
            ],
            [
              349707.61120000016,
              604253.64980000257
            ],
            [
              349700.65510000102,
              604248.64629999921
            ],
            [
              349697.61120000016,
              604246.18200000003
            ],
            [
              349690.1847000001,
              604238.83530000411
            ],
            [
              349686.60290000215,
              604236.1660999991
            ],
            [
              349675.595900001,
              604229.58230000176
            ],
            [
              349671.04260000121,
              604226.35099999979
            ],
            [
              349671.4935000008,
              604219.98620000109
            ],
            [
              349666.26510000043,
              604213.43969999999
            ],
            [
              349664.01910000108,
              604210.9608000014
            ],
            [
              349661.42750000022,
              604208.8256000001
            ],
            [
              349658.7893000003,
              604207.50329999998
            ],
            [
              349655.00140000042,
              604206.59559999965
            ],
            [
              349649.75009999983,
              604206.08290000446
            ],
            [
              349644.92440000083,
              604206.17600000091
            ],
            [
              349635.71790000051,
              604207.25840000063
            ],
            [
              349627.47000000067,
              604207.42710000463
            ],
            [
              349624.0251000002,
              604210.41909999959
            ],
            [
              349620.85759999976,
              604211.12110000104
            ],
            [
              349615.95510000084,
              604210.06130000204
            ],
            [
              349605.80880000163,
              604207.69910000265
            ],
            [
              349602.76460000128,
              604207.46880000085
            ],
            [
              349593.21500000078,
              604207.47200000286
            ],
            [
              349589.32359999977,
              604206.09469999932
            ],
            [
              349585.28490000125,
              604203.13690000214
            ],
            [
              349580.24710000213,
              604199.69620000198
            ],
            [
              349577.47780000046,
              604198.01779999956
            ],
            [
              349574.75370000117,
              604196.74210000411
            ],
            [
              349571.10099999979,
              604195.94880000129
            ],
            [
              349563.35450000037,
              604196.34149999917
            ],
            [
              349560.099700002,
              604195.23619999923
            ],
            [
              349557.65960000083,
              604192.71920000389
            ],
            [
              349556.10890000034,
              604185.41540000215
            ],
            [
              349554.06049999967,
              604179.81750000268
            ],
            [
              349552.44290000014,
              604175.76070000045
            ],
            [
              349550.79550000094,
              604173.30600000173
            ],
            [
              349548.55530000106,
              604171.2435999997
            ],
            [
              349543.66260000039,
              604168.04010000266
            ],
            [
              349540.23230000213,
              604163.17049999908
            ],
            [
              349536.21740000136,
              604160.26870000362
            ],
            [
              349534.48990000039,
              604157.71850000136
            ],
            [
              349533.80310000107,
              604153.72240000218
            ],
            [
              349533.84850000031,
              604144.39589999802
            ],
            [
              349533.82460000087,
              604139.4012000002
            ],
            [
              349535.74419999961,
              604134.16970000044
            ],
            [
              349540.07020000089,
              604126.60859999806
            ],
            [
              349541.44759999961,
              604121.9533000011
            ],
            [
              349542.17560000066,
              604116.57570000365
            ],
            [
              349543.23370000068,
              604109.2853000015
            ],
            [
              349543.52680000104,
              604105.57900000177
            ],
            [
              349543.33439999912,
              604102.14420000091
            ],
            [
              349542.11209999956,
              604098.30639999919
            ],
            [
              349540.37449999992,
              604095.34730000235
            ],
            [
              349536.56030000094,
              604090.77690000273
            ],
            [
              349534.35170000046,
              604088.58220000006
            ],
            [
              349528.58040000126,
              604082.45450000092
            ],
            [
              349526.87580000143,
              604080.14809999801
            ],
            [
              349525.13640000112,
              604076.6129999999
            ],
            [
              349524.92980000097,
              604072.06380000338
            ],
            [
              349525.46349999961,
              604068.66530000232
            ],
            [
              349527.20480000135,
              604061.97089999914
            ],
            [
              349527.77550000139,
              604059.12350000255
            ],
            [
              349528.24590000045,
              604055.5009000022
            ],
            [
              349528.1101000011,
              604052.52850000188
            ],
            [
              349527.49550000206,
              604049.59350000136
            ],
            [
              349526.40220000036,
              604046.6958000008
            ],
            [
              349524.41490000114,
              604043.76610000245
            ],
            [
              349519.75329999998,
              604043.39870000258
            ],
            [
              349515.47750000004,
              604043.76280000247
            ],
            [
              349512.01059999876,
              604044.56560000032
            ],
            [
              349508.70000000019,
              604046.37509999983
            ],
            [
              349503.29690000135,
              604051.14709999971
            ],
            [
              349499.69710000139,
              604052.97050000168
            ],
            [
              349495.84380000085,
              604052.0735000018
            ],
            [
              349490.57060000207,
              604052.60170000233
            ],
            [
              349485.6034000013,
              604052.5885999985
            ],
            [
              349481.32230000105,
              604054.40570000187
            ],
            [
              349478.4578999998,
              604057.20940000191
            ],
            [
              349473.81330000143,
              604063.21560000256
            ],
            [
              349471.48630000092,
              604065.30619999953
            ],
            [
              349466.52799999993,
              604068.01510000229
            ],
            [
              349461.94480000064,
              604069.77880000137
            ],
            [
              349459.01080000121,
              604070.56730000116
            ],
            [
              349453.84539999999,
              604077.24130000174
            ],
            [
              349447.70949999988,
              604080.22719999962
            ],
            [
              349438.62370000128,
              604082.39409999922
            ],
            [
              349428.04400000069,
              604084.80379999988
            ],
            [
              349421.21300000045,
              604086.49469999783
            ],
            [
              349413.76990000065,
              604088.32159999944
            ],
            [
              349409.95379999932,
              604090.6743999999
            ],
            [
              349406.88030000031,
              604092.16420000046
            ],
            [
              349403.4793999996,
              604093.56000000238
            ],
            [
              349398.7723000003,
              604095.08840000257
            ],
            [
              349391.04129999969,
              604096.69740000367
            ],
            [
              349387.97280000057,
              604102.8041999992
            ],
            [
              349381.73580000177,
              604103.91009999998
            ],
            [
              349379.58120000176,
              604107.74640000239
            ],
            [
              349376.13790000137,
              604108.72640000097
            ],
            [
              349368.68790000118,
              604108.28610000201
            ],
            [
              349360.95880000014,
              604107.39810000174
            ],
            [
              349351.89330000058,
              604106.8256000001
            ],
            [
              349349.03330000024,
              604106.99930000305
            ],
            [
              349345.73649999965,
              604107.84060000069
            ],
            [
              349343.11800000072,
              604109.36520000175
            ],
            [
              349336.91420000046,
              604114.91080000252
            ],
            [
              349333.46219999995,
              604116.81389999948
            ],
            [
              349330.4011000013,
              604117.19899999909
            ],
            [
              349326.92219999991,
              604116.97480000369
            ],
            [
              349322.77030000091,
              604115.96740000136
            ],
            [
              349318.57510000188,
              604113.43180000037
            ],
            [
              349312.63930000085,
              604113.42960000038
            ],
            [
              349307.69560000021,
              604112.98390000127
            ],
            [
              349302.28400000185,
              604111.31310000084
            ],
            [
              349295.59570000041,
              604107.49560000375
            ],
            [
              349289.6511000013,
              604106.31699999981
            ],
            [
              349286.9299999997,
              604105.42600000463
            ],
            [
              349282.04530000035,
              604103.11620000191
            ],
            [
              349276.57299999986,
              604098.92669999972
            ],
            [
              349273.70879999921,
              604098.08699999936
            ],
            [
              349270.60050000064,
              604101.79600000195
            ],
            [
              349267.9896000009,
              604103.36550000124
            ],
            [
              349267.57670000009,
              604100.56730000116
            ],
            [
              349265.77630000003,
              604098.35490000248
            ],
            [
              349259.80260000192,
              604099.5661999993
            ],
            [
              349256.52580000088,
              604099.4979000017
            ],
            [
              349249.56269999966,
              604097.85270000063
            ],
            [
              349245.61849999987,
              604099.7126000002
            ],
            [
              349244.09760000184,
              604102.38629999943
            ],
            [
              349242.68570000213,
              604107.08040000126
            ],
            [
              349240.39430000074,
              604115.18930000439
            ],
            [
              349238.47310000099,
              604120.67600000277
            ],
            [
              349237.28350000083,
              604123.25350000151
            ],
            [
              349234.88680000138,
              604125.88090000115
            ],
            [
              349229.33770000096,
              604128.02569999732
            ],
            [
              349226.42940000165,
              604130.27580000274
            ],
            [
              349224.73090000078,
              604132.77880000323
            ],
            [
              349222.85080000013,
              604137.87759999931
            ],
            [
              349221.1324000014,
              604141.06660000235
            ],
            [
              349219.39829999954,
              604143.35050000064
            ],
            [
              349214.35690000188,
              604148.2835000027
            ],
            [
              349211.80860000104,
              604151.83579999954
            ],
            [
              349208.50370000023,
              604159.3582000006
            ],
            [
              349204.56960000098,
              604165.54970000125
            ],
            [
              349199.98089999892,
              604170.57850000076
            ],
            [
              349192.60120000131,
              604176.20240000449
            ],
            [
              349186.49180000089,
              604180.94150000252
            ],
            [
              349184.93429999892,
              604183.97610000335
            ],
            [
              349188.49100000132,
              604186.37200000137
            ],
            [
              349190.07100000139,
              604190.7109999992
            ],
            [
              349184.46680000145,
              604192.8219000008
            ],
            [
              349181.50770000089,
              604193.61330000125
            ],
            [
              349174.34649999999,
              604194.63930000365
            ],
            [
              349171.11220000219,
              604195.90689999796
            ],
            [
              349164.09829999972,
              604199.88440000266
            ],
            [
              349161.5262999991,
              604201.15479999967
            ],
            [
              349157.73330000136,
              604202.23760000244
            ],
            [
              349153.06860000174,
              604202.42050000094
            ],
            [
              349149.37160000019,
              604202.78850000165
            ],
            [
              349145.85659999959,
              604203.50950000063
            ],
            [
              349142.6344000008,
              604204.56030000187
            ],
            [
              349138.92720000073,
              604206.48580000363
            ],
            [
              349133.62860000134,
              604210.64950000122
            ],
            [
              349130.05649999995,
              604213.16460000165
            ],
            [
              349127.42340000067,
              604216.62150000408
            ],
            [
              349122.68919999991,
              604222.8972000014
            ],
            [
              349120.21559999976,
              604226.68450000137
            ],
            [
              349118.42870000098,
              604230.37350000069
            ],
            [
              349117.37079999875,
              604234.84580000117
            ],
            [
              349117.18640000187,
              604240.8870000001
            ],
            [
              349116.78579999972,
              604244.35820000246
            ],
            [
              349115.47850000113,
              604252.64890000224
            ],
            [
              349113.37680000067,
              604267.67349999771
            ],
            [
              349113.10750000086,
              604272.25690000132
            ],
            [
              349113.22740000021,
              604276.36060000025
            ],
            [
              349114.11440000031,
              604282.94370000251
            ],
            [
              349113.49310000055,
              604288.60540000163
            ],
            [
              349113.85070000216,
              604291.78509999998
            ],
            [
              349114.41390000097,
              604298.00530000217
            ],
            [
              349115.07890000008,
              604302.45680000074
            ],
            [
              349116.34080000222,
              604307.87270000018
            ],
            [
              349118.04229999986,
              604313.24670000188
            ],
            [
              349120.15730000008,
              604318.4963000007
            ],
            [
              349122.65240000002,
              604323.53830000013
            ],
            [
              349124.38010000065,
              604326.4076000005
            ],
            [
              349125.34500000067,
              604329.77830000222
            ],
            [
              349126.23909999896,
              604334.38310000114
            ],
            [
              349125.58550000191,
              604337.49019999988
            ],
            [
              349121.66189999878,
              604345.08530000411
            ],
            [
              349117.95019999985,
              604352.91780000366
            ],
            [
              349113.76649999991,
              604357.26840000413
            ],
            [
              349112.71919999924,
              604360.60930000246
            ],
            [
              349112.78730000183,
              604365.45580000058
            ],
            [
              349111.57800000068,
              604371.00040000118
            ],
            [
              349108.53390000202,
              604376.63820000179
            ],
            [
              349108.10140000097,
              604380.40579999983
            ],
            [
              349105.12140000053,
              604388.66620000452
            ],
            [
              349108.31290000118,
              604393.5576000046
            ],
            [
              349111.23720000032,
              604398.30910000019
            ],
            [
              349113.29280000087,
              604402.7320000045
            ],
            [
              349114.59399999958,
              604406.99010000005
            ],
            [
              349115.19579999987,
              604410.32259999961
            ],
            [
              349115.42289999966,
              604413.54230000079
            ],
            [
              349115.27120000031,
              604416.58220000006
            ],
            [
              349113.9394000005,
              604422.55050000176
            ],
            [
              349111.69670000114,
              604426.24910000153
            ],
            [
              349107.50800000224,
              604429.96590000018
            ],
            [
              349103.74480000138,
              604434.37250000425
            ],
            [
              349100.0887000002,
              604435.81590000167
            ],
            [
              349096.2806000011,
              604436.99490000121
            ],
            [
              349087.99210000038,
              604440.45899999887
            ],
            [
              349082.83340000082,
              604441.71420000307
            ],
            [
              349078.91480000038,
              604443.94310000353
            ],
            [
              349073.68340000138,
              604449.93639999814
            ],
            [
              349071.40820000134,
              604453.63360000215
            ],
            [
              349070.10080000106,
              604456.38649999909
            ],
            [
              349068.78820000216,
              604460.17360000312
            ],
            [
              349067.61070000101,
              604467.23619999923
            ],
            [
              349064.66950000171,
              604470.86350000091
            ],
            [
              349062.20830000099,
              604475.78970000148
            ],
            [
              349060.11369999964,
              604479.49440000392
            ],
            [
              349056.83700000029,
              604487.14699999988
            ],
            [
              349053.28149999864,
              604491.57309999876
            ],
            [
              349051.24470000155,
              604494.14860000089
            ],
            [
              349046.66540000215,
              604498.58570000157
            ],
            [
              349044.09819999896,
              604502.10080000199
            ],
            [
              349040.62760000024,
              604508.6360000018
            ],
            [
              349038.8702000007,
              604511.39840000123
            ],
            [
              349036.86800000072,
              604513.80770000257
            ],
            [
              349031.49680000078,
              604519.27019999921
            ],
            [
              349029.24490000121,
              604521.90540000238
            ],
            [
              349026.97200000007,
              604525.30880000256
            ],
            [
              349022.95129999984,
              604532.45320000313
            ],
            [
              349021.13779999875,
              604535.37179999985
            ],
            [
              349015.07090000063,
              604543.18810000271
            ],
            [
              349012.98869999964,
              604546.32769999839
            ],
            [
              349009.78600000218,
              604552.88760000095
            ],
            [
              349007.37579999957,
              604558.76260000095
            ],
            [
              349005.46870000102,
              604564.34349999949
            ],
            [
              349004.04720000084,
              604569.68140000105
            ],
            [
              349003.10610000044,
              604574.79730000161
            ],
            [
              349002.65319999959,
              604580.22969999909
            ],
            [
              349002.53849999979,
              604589.54499999993
            ],
            [
              349002.4896999998,
              604594.63000000268
            ],
            [
              349002.90730000008,
              604597.86220000125
            ],
            [
              349004.48599999957,
              604604.43140000105
            ],
            [
              349004.97330000065,
              604607.2678999994
            ],
            [
              349005.38870000001,
              604611.04559999891
            ],
            [
              349005.29390000179,
              604614.3516999986
            ],
            [
              349004.18980000075,
              604618.31010000221
            ],
            [
              349002.61940000113,
              604621.42380000278
            ]
          ]
        ]
      }
    },
    {
      "attributes" : {
        "FID" : 1,
        "PMNTN_SN" : 40126,
        "MNTN_CODE" : "428306801",
        "MNTN_NM" : "외솔봉",
        "PMNTN_NM" : "중광정리구간",
        "PMNTN_MAIN" : " ",
        "PMNTN_LT" : 0.12,
        "PMNTN_DFFL" : "중간",
        "PMNTN_UPPL" : 2,
        "PMNTN_GODN" : 1,
        "PMNTN_MTRQ" : " ",
        "PMNTN_CNRL" : " ",
        "PMNTN_CLS_" : " ",
        "PMNTN_RISK" : " ",
        "PMNTN_RECO" : " ",
        "DATA_STDR_" : "2016-12-31",
        "MNTN_ID" : "428303601"
      },
      "geometry" : {
        "paths" : [
          [
            [
              349002.61940000113,
              604621.42380000278
            ],
            [
              348999.51310000103,
              604625.76440000348
            ],
            [
              348994.24969999958,
              604631.76890000142
            ],
            [
              348989.67810000107,
              604636.32720000111
            ],
            [
              348982.02020000108,
              604645.56510000117
            ],
            [
              348977.16509999987,
              604649.69290000014
            ],
            [
              348975.48200000171,
              604653.71770000458
            ],
            [
              348968.06930000056,
              604656.64040000178
            ],
            [
              348965.60480000172,
              604661.43399999849
            ],
            [
              348961.28750000056,
              604664.97850000113
            ],
            [
              348959.19450000022,
              604670.19810000062
            ],
            [
              348959.87289999984,
              604675.60530000366
            ],
            [
              348961.4804999996,
              604679.11999999918
            ],
            [
              348964.34500000067,
              604683.1782000009
            ],
            [
              348967.94060000032,
              604686.47570000216
            ],
            [
              348970.40730000101,
              604690.90389999934
            ],
            [
              348975.12849999964,
              604696.80120000243
            ],
            [
              348981.39560000133,
              604704.42239999771
            ],
            [
              348987.44750000071,
              604708.29990000464
            ],
            [
              348990.52530000079,
              604710.76559999958
            ]
          ]
        ]
      }
    },
    {
      "attributes" : {
        "FID" : 2,
        "PMNTN_SN" : 40127,
        "MNTN_CODE" : "428306801",
        "MNTN_NM" : "외솔봉",
        "PMNTN_NM" : "중광정리구간",
        "PMNTN_MAIN" : " ",
        "PMNTN_LT" : 0.85,
        "PMNTN_DFFL" : "쉬움",
        "PMNTN_UPPL" : 15,
        "PMNTN_GODN" : 11,
        "PMNTN_MTRQ" : " ",
        "PMNTN_CNRL" : " ",
        "PMNTN_CLS_" : " ",
        "PMNTN_RISK" : " ",
        "PMNTN_RECO" : " ",
        "DATA_STDR_" : "2016-12-31",
        "MNTN_ID" : "428303601"
      },
      "geometry" : {
        "paths" : [
          [
            [
              349002.61940000113,
              604621.42380000278
            ],
            [
              349004.74000000115,
              604624.29300000332
            ],
            [
              349008.13490000088,
              604627.09380000271
            ],
            [
              349012.47800000012,
              604627.91460000165
            ],
            [
              349015.56270000059,
              604630.03850000352
            ],
            [
              349020.83000000007,
              604636.2117999997
            ],
            [
              349025.03570000175,
              604638.49860000238
            ],
            [
              349029.29040000122,
              604639.79260000214
            ],
            [
              349039.62210000027,
              604642.07980000041
            ],
            [
              349045.13120000064,
              604643.36750000343
            ],
            [
              349048.09999999963,
              604644.38880000263
            ],
            [
              349052.50090000033,
              604646.77880000137
            ],
            [
              349063.32130000088,
              604653.64320000075
            ],
            [
              349067.25609999988,
              604655.597000001
            ],
            [
              349072.37900000066,
              604657.32440000027
            ],
            [
              349076.69270000048,
              604658.3703000024
            ],
            [
              349079.98490000051,
              604658.80680000223
            ],
            [
              349083.90270000137,
              604658.75300000049
            ],
            [
              349088.04250000138,
              604658.15430000238
            ],
            [
              349091.90000000037,
              604657.35079999827
            ],
            [
              349093.24370000232,
              604653.81870000437
            ],
            [
              349096.66189999972,
              604652.13370000012
            ],
            [
              349101.95050000027,
              604651.70099999942
            ],
            [
              349105.39880000055,
              604650.7191000022
            ],
            [
              349111.18130000029,
              604648.37150000222
            ],
            [
              349117.08840000164,
              604645.79350000061
            ],
            [
              349121.39130000211,
              604644.81560000405
            ],
            [
              349130.05840000138,
              604643.02770000137
            ],
            [
              349132.89050000161,
              604642.18400000036
            ],
            [
              349135.94900000095,
              604640.86020000093
            ],
            [
              349140.76040000003,
              604637.82499999925
            ],
            [
              349144.10550000053,
              604637.66750000231
            ],
            [
              349147.86589999869,
              604635.77810000256
            ],
            [
              349152.76480000094,
              604635.27199999988
            ],
            [
              349155.95320000127,
              604635.37250000052
            ],
            [
              349163.96480000205,
              604636.66469999775
            ],
            [
              349167.06620000117,
              604636.97110000066
            ],
            [
              349171.49840000179,
              604638.25699999928
            ],
            [
              349175.80160000082,
              604639.50710000098
            ],
            [
              349180.67239999957,
              604641.04309999757
            ],
            [
              349185.96870000195,
              604644.04509999976
            ],
            [
              349191.36259999964,
              604648.35230000131
            ],
            [
              349194.61870000046,
              604649.67149999924
            ],
            [
              349201.56540000066,
              604650.65490000136
            ],
            [
              349207.14190000016,
              604653.18839999847
            ],
            [
              349211.2949000001,
              604654.94199999981
            ],
            [
              349216.07270000037,
              604656.52300000377
            ],
            [
              349231.73770000134,
              604660.47149999999
            ],
            [
              349237.09069999959,
              604662.01940000057
            ],
            [
              349242.03539999947,
              604663.58510000072
            ],
            [
              349245.17799999937,
              604665.27510000207
            ],
            [
              349247.37050000019,
              604667.10860000178
            ],
            [
              349249.47860000096,
              604669.29759999737
            ],
            [
              349253.32790000085,
              604673.753800001
            ],
            [
              349256.37120000087,
              604677.37390000187
            ],
            [
              349259.93140000012,
              604680.63850000128
            ],
            [
              349264.28490000218,
              604683.67210000008
            ],
            [
              349269.49480000231,
              604686.52900000289
            ],
            [
              349276.03610000014,
              604689.47080000117
            ],
            [
              349279.97080000024,
              604690.81430000067
            ],
            [
              349289.19990000129,
              604693.04810000025
            ],
            [
              349293.22479999997,
              604694.31560000218
            ],
            [
              349296.06170000136,
              604696.11440000124
            ],
            [
              349299.46190000139,
              604702.44710000046
            ],
            [
              349301.19259999972,
              604705.6099999994
            ],
            [
              349304.65780000109,
              604713.0231000036
            ],
            [
              349306.31819999963,
              604716.18620000035
            ],
            [
              349308.36500000115,
              604719.26349999942
            ],
            [
              349310.57319999952,
              604721.66120000184
            ],
            [
              349314.70720000099,
              604725.51490000077
            ],
            [
              349317.22070000228,
              604727.40289999917
            ],
            [
              349320.70449999999,
              604728.55619999953
            ],
            [
              349324.71140000131,
              604727.40940000117
            ],
            [
              349328.71040000021,
              604725.69820000231
            ],
            [
              349331.67280000076,
              604726.03670000099
            ],
            [
              349334.71220000088,
              604727.74520000257
            ],
            [
              349337.45370000042,
              604729.96690000035
            ],
            [
              349345.76640000101,
              604738.35040000081
            ],
            [
              349349.41330000106,
              604741.39340000227
            ],
            [
              349357.29690000229,
              604746.9010000024
            ],
            [
              349361.89219999965,
              604749.37390000187
            ],
            [
              349366.85680000111,
              604751.53900000453
            ],
            [
              349372.1361999996,
              604753.37230000272
            ],
            [
              349377.65230000019,
              604754.84659999982
            ],
            [
              349385.80560000055,
              604756.07580000348
            ],
            [
              349389.99590000045,
              604757.57079999894
            ],
            [
              349393.06780000124,
              604758.18219999969
            ],
            [
              349398.11969999969,
              604758.65410000086
            ],
            [
              349407.29700000025,
              604758.66449999996
            ],
            [
              349414.89970000088,
              604758.53580000065
            ],
            [
              349419.55150000006,
              604758.82200000063
            ],
            [
              349424.90910000168,
              604759.07550000027
            ],
            [
              349433.52940000128,
              604759.51469999738
            ],
            [
              349441.70579999965,
              604756.39220000058
            ],
            [
              349448.14149999991,
              604756.83670000173
            ],
            [
              349452.07630000077,
              604759.08380000293
            ],
            [
              349456.97229999956,
              604759.41839999892
            ],
            [
              349462.16299999971,
              604760.28020000085
            ],
            [
              349467.67750000209,
              604761.6735999994
            ],
            [
              349473.6007000003,
              604763.61959999986
            ],
            [
              349476.56620000117,
              604764.7621000018
            ],
            [
              349480.12240000069,
              604765.68560000323
            ],
            [
              349487.25229999982,
              604766.86769999936
            ],
            [
              349511.8403000012,
              604771.08220000006
            ],
            [
              349521.66720000096,
              604773.03870000131
            ],
            [
              349535.47040000092,
              604776.59070000239
            ],
            [
              349540.44849999994,
              604777.71319999918
            ],
            [
              349545.97119999956,
              604778.68040000089
            ],
            [
              349552.097000001,
              604779.52000000142
            ],
            [
              349569.1771000009,
              604781.19300000183
            ],
            [
              349575.38449999969,
              604781.80510000139
            ],
            [
              349580.1726000011,
              604781.73940000124
            ],
            [
              349585.27240000013,
              604783.18420000002
            ],
            [
              349589.77550000139,
              604783.04710000381
            ],
            [
              349593.46810000204,
              604783.81430000253
            ],
            [
              349598.23160000145,
              604783.10300000198
            ],
            [
              349602.00389999896,
              604783.4496000018
            ],
            [
              349611.2659,
              604786.07239999995
            ],
            [
              349615.2098999992,
              604787.02190000005
            ],
            [
              349618.71109999996,
              604788.25809999928
            ],
            [
              349622.43430000078,
              604790.03050000034
            ],
            [
              349626.35960000101,
              604792.2909000013
            ],
            [
              349632.41629999969,
              604796.154099999
            ],
            [
              349638.09400000144,
              604799.74530000053
            ],
            [
              349641.23300000001,
              604801.92380000278
            ],
            [
              349643.98710000142,
              604804.17690000124
            ],
            [
              349646.88230000064,
              604807.35790000297
            ],
            [
              349648.61910000071,
              604812.09850000031
            ],
            [
              349654.83790000062,
              604811.94190000184
            ],
            [
              349657.28479999956,
              604817.84569999948
            ],
            [
              349660.04970000032,
              604820.41420000419
            ],
            [
              349662.91240000073,
              604825.40710000135
            ],
            [
              349664.45540000033,
              604829.39970000274
            ],
            [
              349666.45800000057,
              604833.24169999734
            ],
            [
              349669.43499999959,
              604837.25920000114
            ],
            [
              349674.47720000055,
              604841.80580000207
            ],
            [
              349677.29919999931,
              604845.86310000345
            ],
            [
              349679.14499999955,
              604850.20170000009
            ],
            [
              349682.54820000101,
              604853.46120000072
            ],
            [
              349685.41739999969,
              604856.68630000018
            ],
            [
              349688.37480000034,
              604861.64900000207
            ],
            [
              349692.8358000014,
              604871.04020000063
            ],
            [
              349692.25810000021,
              604876.63300000131
            ],
            [
              349693.5577999996,
              604883.97110000253
            ],
            [
              349697.52580000181,
              604890.42119999975
            ],
            [
              349698.81950000115,
              604899.40340000205
            ],
            [
              349700.17100000009,
              604905.50009999983
            ],
            [
              349698.54040000122,
              604911.39590000361
            ],
            [
              349705.0728000002,
              604914.56140000373
            ]
          ]
        ]
      }
    }
  ]
}