{
  "displayFieldName" : "",
  "fieldAliases" : {
    "FID" : "FID",
    "PMNTN_SPOT" : "PMNTN_SPOT",
    "MNTN_CODE" : "MNTN_CODE",
    "MANAGE_SP1" : "MANAGE_SP1",
    "MANAGE_SP2" : "MANAGE_SP2",
    "DETAIL_SPO" : "DETAIL_SPO",
    "ETC_MATTER" : "ETC_MATTER",
    "MNTN_NM" : "MNTN_NM",
    "PAST_SPOT_" : "PAST_SPOT_",
    "MNTN_ID" : "MNTN_ID"
  },
  "geometryType" : "esriGeometryPoint",
  "spatialReference" : {
    "wkt" : "PROJCS[\"PCS_ITRF2000_TM\",GEOGCS[\"GCS_ITRF_2000\",DATUM[\"D_ITRF_2000\",SPHEROID[\"GRS_1980\",6378137.0,298.257222101]],PRIMEM[\"Greenwich\",0.0],UNIT[\"Degree\",0.0174532925199433]],PROJECTION[\"Transverse_Mercator\"],PARAMETER[\"False_Easting\",200000.0],PARAMETER[\"False_Northing\",600000.0],PARAMETER[\"Central_Meridian\",127.0],PARAMETER[\"Scale_Factor\",1.0],PARAMETER[\"Latitude_Of_Origin\",38.0],UNIT[\"Meter\",1.0]]"
  },
  "fields" : [
    {
      "name" : "FID",
      "type" : "esriFieldTypeOID",
      "alias" : "FID"
    },
    {
      "name" : "PMNTN_SPOT",
      "type" : "esriFieldTypeDouble",
      "alias" : "PMNTN_SPOT"
    },
    {
      "name" : "MNTN_CODE",
      "type" : "esriFieldTypeString",
      "alias" : "MNTN_CODE",
      "length" : 9
    },
    {
      "name" : "MANAGE_SP1",
      "type" : "esriFieldTypeString",
      "alias" : "MANAGE_SP1",
      "length" : 2
    },
    {
      "name" : "MANAGE_SP2",
      "type" : "esriFieldTypeString",
      "alias" : "MANAGE_SP2",
      "length" : 50
    },
    {
      "name" : "DETAIL_SPO",
      "type" : "esriFieldTypeString",
      "alias" : "DETAIL_SPO",
      "length" : 200
    },
    {
      "name" : "ETC_MATTER",
      "type" : "esriFieldTypeString",
      "alias" : "ETC_MATTER",
      "length" : 200
    },
    {
      "name" : "MNTN_NM",
      "type" : "esriFieldTypeString",
      "alias" : "MNTN_NM",
      "length" : 50
    },
    {
      "name" : "PAST_SPOT_",
      "type" : "esriFieldTypeString",
      "alias" : "PAST_SPOT_",
      "length" : 14
    },
    {
      "name" : "MNTN_ID",
      "type" : "esriFieldTypeString",
      "alias" : "MNTN_ID",
      "length" : 10
    }
  ],
  "features" : [
    {
      "attributes" : {
        "FID" : 0,
        "PMNTN_SPOT" : 53619,
        "MNTN_CODE" : "478502101",
        "MANAGE_SP1" : "02",
        "MANAGE_SP2" : "분기점",
        "DETAIL_SPO" : "분기점",
        "ETC_MATTER" : " ",
        "MNTN_NM" : "소학산",
        "PAST_SPOT_" : "4785021010001",
        "MNTN_ID" : "478502101"
      },
      "geometry" : {
        "x" : 332582.44500000589,
        "y" : 383865.91719999909
      }
    },
    {
      "attributes" : {
        "FID" : 1,
        "PMNTN_SPOT" : 53620,
        "MNTN_CODE" : "478502101",
        "MANAGE_SP1" : "02",
        "MANAGE_SP2" : "분기점",
        "DETAIL_SPO" : "분기점",
        "ETC_MATTER" : " ",
        "MNTN_NM" : "소학산",
        "PAST_SPOT_" : "4785021010002",
        "MNTN_ID" : "478502101"
      },
      "geometry" : {
        "x" : 332583.47920000553,
        "y" : 383546.06049999781
      }
    },
    {
      "attributes" : {
        "FID" : 2,
        "PMNTN_SPOT" : 53621,
        "MNTN_CODE" : "478502101",
        "MANAGE_SP1" : "01",
        "MANAGE_SP2" : "시종점",
        "DETAIL_SPO" : "시종점",
        "ETC_MATTER" : " ",
        "MNTN_NM" : "소학산",
        "PAST_SPOT_" : "4785021010003",
        "MNTN_ID" : "478502101"
      },
      "geometry" : {
        "x" : 332640.24890000373,
        "y" : 383919.42870000191
      }
    },
    {
      "attributes" : {
        "FID" : 3,
        "PMNTN_SPOT" : 53622,
        "MNTN_CODE" : "478502101",
        "MANAGE_SP1" : "02",
        "MANAGE_SP2" : "분기점",
        "DETAIL_SPO" : "분기점",
        "ETC_MATTER" : " ",
        "MNTN_NM" : "소학산",
        "PAST_SPOT_" : "4785021010004",
        "MNTN_ID" : "478502101"
      },
      "geometry" : {
        "x" : 332881.90170000587,
        "y" : 382948.58919999935
      }
    },
    {
      "attributes" : {
        "FID" : 4,
        "PMNTN_SPOT" : 53623,
        "MNTN_CODE" : "478502101",
        "MANAGE_SP1" : "01",
        "MANAGE_SP2" : "시종점",
        "DETAIL_SPO" : "시종점",
        "ETC_MATTER" : " ",
        "MNTN_NM" : "소학산",
        "PAST_SPOT_" : "4785021010005",
        "MNTN_ID" : "478502101"
      },
      "geometry" : {
        "x" : 333002.67680000607,
        "y" : 383677.2050999999
      }
    },
    {
      "attributes" : {
        "FID" : 5,
        "PMNTN_SPOT" : 53624,
        "MNTN_CODE" : "478502101",
        "MANAGE_SP1" : "02",
        "MANAGE_SP2" : "분기점",
        "DETAIL_SPO" : "분기점",
        "ETC_MATTER" : " ",
        "MNTN_NM" : "소학산",
        "PAST_SPOT_" : "4785021010006",
        "MNTN_ID" : "478502101"
      },
      "geometry" : {
        "x" : 333003.41680000722,
        "y" : 383535.60130000114
      }
    },
    {
      "attributes" : {
        "FID" : 6,
        "PMNTN_SPOT" : 53625,
        "MNTN_CODE" : "478502101",
        "MANAGE_SP1" : "02",
        "MANAGE_SP2" : "분기점",
        "DETAIL_SPO" : "분기점",
        "ETC_MATTER" : " ",
        "MNTN_NM" : "소학산",
        "PAST_SPOT_" : "4785021010007",
        "MNTN_ID" : "478502101"
      },
      "geometry" : {
        "x" : 333263.54620000906,
        "y" : 383214.80140000023
      }
    },
    {
      "attributes" : {
        "FID" : 7,
        "PMNTN_SPOT" : 53626,
        "MNTN_CODE" : "478502101",
        "MANAGE_SP1" : "01",
        "MANAGE_SP2" : "시종점",
        "DETAIL_SPO" : "시종점",
        "ETC_MATTER" : " ",
        "MNTN_NM" : "소학산",
        "PAST_SPOT_" : "4785021010008",
        "MNTN_ID" : "478502101"
      },
      "geometry" : {
        "x" : 333829.32770000864,
        "y" : 383441.96509999782
      }
    }
  ]
}