{
  "displayFieldName" : "",
  "fieldAliases" : {
    "FID" : "FID",
    "PMNTN_SPOT" : "PMNTN_SPOT",
    "MNTN_CODE" : "MNTN_CODE",
    "MANAGE_SP1" : "MANAGE_SP1",
    "MANAGE_SP2" : "MANAGE_SP2",
    "DETAIL_SPO" : "DETAIL_SPO",
    "ETC_MATTER" : "ETC_MATTER",
    "MNTN_NM" : "MNTN_NM",
    "PAST_SPOT_" : "PAST_SPOT_",
    "MNTN_ID" : "MNTN_ID"
  },
  "geometryType" : "esriGeometryPoint",
  "spatialReference" : {
    "wkt" : "PROJCS[\"PCS_ITRF2000_TM\",GEOGCS[\"GCS_ITRF_2000\",DATUM[\"D_ITRF_2000\",SPHEROID[\"GRS_1980\",6378137.0,298.257222101]],PRIMEM[\"Greenwich\",0.0],UNIT[\"Degree\",0.0174532925199433]],PROJECTION[\"Transverse_Mercator\"],PARAMETER[\"False_Easting\",200000.0],PARAMETER[\"False_Northing\",600000.0],PARAMETER[\"Central_Meridian\",127.0],PARAMETER[\"Scale_Factor\",1.0],PARAMETER[\"Latitude_Of_Origin\",38.0],UNIT[\"Meter\",1.0]]"
  },
  "fields" : [
    {
      "name" : "FID",
      "type" : "esriFieldTypeOID",
      "alias" : "FID"
    },
    {
      "name" : "PMNTN_SPOT",
      "type" : "esriFieldTypeDouble",
      "alias" : "PMNTN_SPOT"
    },
    {
      "name" : "MNTN_CODE",
      "type" : "esriFieldTypeString",
      "alias" : "MNTN_CODE",
      "length" : 9
    },
    {
      "name" : "MANAGE_SP1",
      "type" : "esriFieldTypeString",
      "alias" : "MANAGE_SP1",
      "length" : 2
    },
    {
      "name" : "MANAGE_SP2",
      "type" : "esriFieldTypeString",
      "alias" : "MANAGE_SP2",
      "length" : 50
    },
    {
      "name" : "DETAIL_SPO",
      "type" : "esriFieldTypeString",
      "alias" : "DETAIL_SPO",
      "length" : 200
    },
    {
      "name" : "ETC_MATTER",
      "type" : "esriFieldTypeString",
      "alias" : "ETC_MATTER",
      "length" : 200
    },
    {
      "name" : "MNTN_NM",
      "type" : "esriFieldTypeString",
      "alias" : "MNTN_NM",
      "length" : 50
    },
    {
      "name" : "PAST_SPOT_",
      "type" : "esriFieldTypeString",
      "alias" : "PAST_SPOT_",
      "length" : 14
    },
    {
      "name" : "MNTN_ID",
      "type" : "esriFieldTypeString",
      "alias" : "MNTN_ID",
      "length" : 10
    }
  ],
  "features" : [
    {
      "attributes" : {
        "FID" : 0,
        "PMNTN_SPOT" : 67155,
        "MNTN_CODE" : "427603801",
        "MANAGE_SP1" : "01",
        "MANAGE_SP2" : "시종점",
        "DETAIL_SPO" : "시종점",
        "ETC_MATTER" : " ",
        "MNTN_NM" : "옥녀봉",
        "PAST_SPOT_" : "4276038010001",
        "MNTN_ID" : "427603801"
      },
      "geometry" : {
        "x" : 319986.01440000348,
        "y" : 525706.81560000032
      }
    },
    {
      "attributes" : {
        "FID" : 1,
        "PMNTN_SPOT" : 67156,
        "MNTN_CODE" : "427603801",
        "MANAGE_SP1" : "02",
        "MANAGE_SP2" : "분기점",
        "DETAIL_SPO" : "분기점",
        "ETC_MATTER" : " ",
        "MNTN_NM" : "옥녀봉",
        "PAST_SPOT_" : "4276038010002",
        "MNTN_ID" : "427603801"
      },
      "geometry" : {
        "x" : 320231.42670000251,
        "y" : 525310.6491000019
      }
    },
    {
      "attributes" : {
        "FID" : 2,
        "PMNTN_SPOT" : 67157,
        "MNTN_CODE" : "427603801",
        "MANAGE_SP1" : "02",
        "MANAGE_SP2" : "분기점",
        "DETAIL_SPO" : "분기점",
        "ETC_MATTER" : " ",
        "MNTN_NM" : "옥녀봉",
        "PAST_SPOT_" : "4276038010003",
        "MNTN_ID" : "427603801"
      },
      "geometry" : {
        "x" : 320373.60350000393,
        "y" : 525476.54290000163
      }
    },
    {
      "attributes" : {
        "FID" : 3,
        "PMNTN_SPOT" : 67158,
        "MNTN_CODE" : "427603801",
        "MANAGE_SP1" : "01",
        "MANAGE_SP2" : "시종점",
        "DETAIL_SPO" : "시종점",
        "ETC_MATTER" : " ",
        "MNTN_NM" : "옥녀봉",
        "PAST_SPOT_" : "4276038010004",
        "MNTN_ID" : "427603801"
      },
      "geometry" : {
        "x" : 320538.51070000324,
        "y" : 525783.82630000263
      }
    },
    {
      "attributes" : {
        "FID" : 4,
        "PMNTN_SPOT" : 67159,
        "MNTN_CODE" : "427603801",
        "MANAGE_SP1" : "02",
        "MANAGE_SP2" : "분기점",
        "DETAIL_SPO" : "분기점",
        "ETC_MATTER" : " ",
        "MNTN_NM" : "옥녀봉",
        "PAST_SPOT_" : "4276038010005",
        "MNTN_ID" : "427603801"
      },
      "geometry" : {
        "x" : 320558.7544000037,
        "y" : 525169.52690000273
      }
    },
    {
      "attributes" : {
        "FID" : 5,
        "PMNTN_SPOT" : 67160,
        "MNTN_CODE" : "427603801",
        "MANAGE_SP1" : "01",
        "MANAGE_SP2" : "시종점",
        "DETAIL_SPO" : "시종점",
        "ETC_MATTER" : " ",
        "MNTN_NM" : "옥녀봉",
        "PAST_SPOT_" : "4276038010006",
        "MNTN_ID" : "427603801"
      },
      "geometry" : {
        "x" : 320989.63290000241,
        "y" : 525106.64870000258
      }
    }
  ]
}