{
  "displayFieldName" : "",
  "fieldAliases" : {
    "FID" : "FID",
    "PMNTN_SPOT" : "PMNTN_SPOT",
    "MNTN_CODE" : "MNTN_CODE",
    "MANAGE_SP1" : "MANAGE_SP1",
    "MANAGE_SP2" : "MANAGE_SP2",
    "DETAIL_SPO" : "DETAIL_SPO",
    "ETC_MATTER" : "ETC_MATTER",
    "MNTN_NM" : "MNTN_NM",
    "PAST_SPOT_" : "PAST_SPOT_",
    "MNTN_ID" : "MNTN_ID"
  },
  "geometryType" : "esriGeometryPoint",
  "spatialReference" : {
    "wkt" : "PROJCS[\"PCS_ITRF2000_TM\",GEOGCS[\"GCS_ITRF_2000\",DATUM[\"D_ITRF_2000\",SPHEROID[\"GRS_1980\",6378137.0,298.257222101]],PRIMEM[\"Greenwich\",0.0],UNIT[\"Degree\",0.0174532925199433]],PROJECTION[\"Transverse_Mercator\"],PARAMETER[\"False_Easting\",200000.0],PARAMETER[\"False_Northing\",600000.0],PARAMETER[\"Central_Meridian\",127.0],PARAMETER[\"Scale_Factor\",1.0],PARAMETER[\"Latitude_Of_Origin\",38.0],UNIT[\"Meter\",1.0]]"
  },
  "fields" : [
    {
      "name" : "FID",
      "type" : "esriFieldTypeOID",
      "alias" : "FID"
    },
    {
      "name" : "PMNTN_SPOT",
      "type" : "esriFieldTypeDouble",
      "alias" : "PMNTN_SPOT"
    },
    {
      "name" : "MNTN_CODE",
      "type" : "esriFieldTypeString",
      "alias" : "MNTN_CODE",
      "length" : 9
    },
    {
      "name" : "MANAGE_SP1",
      "type" : "esriFieldTypeString",
      "alias" : "MANAGE_SP1",
      "length" : 2
    },
    {
      "name" : "MANAGE_SP2",
      "type" : "esriFieldTypeString",
      "alias" : "MANAGE_SP2",
      "length" : 50
    },
    {
      "name" : "DETAIL_SPO",
      "type" : "esriFieldTypeString",
      "alias" : "DETAIL_SPO",
      "length" : 200
    },
    {
      "name" : "ETC_MATTER",
      "type" : "esriFieldTypeString",
      "alias" : "ETC_MATTER",
      "length" : 200
    },
    {
      "name" : "MNTN_NM",
      "type" : "esriFieldTypeString",
      "alias" : "MNTN_NM",
      "length" : 50
    },
    {
      "name" : "PAST_SPOT_",
      "type" : "esriFieldTypeString",
      "alias" : "PAST_SPOT_",
      "length" : 14
    },
    {
      "name" : "MNTN_ID",
      "type" : "esriFieldTypeString",
      "alias" : "MNTN_ID",
      "length" : 10
    }
  ],
  "features" : [
    {
      "attributes" : {
        "FID" : 0,
        "PMNTN_SPOT" : 17245,
        "MNTN_CODE" : "412700201",
        "MANAGE_SP1" : "02",
        "MANAGE_SP2" : "분기점",
        "DETAIL_SPO" : "분기점",
        "ETC_MATTER" : " ",
        "MNTN_NM" : "노적봉",
        "PAST_SPOT_" : "4127101010001",
        "MNTN_ID" : "412710101"
      },
      "geometry" : {
        "x" : 186591.58090000041,
        "y" : 524930.94160000049
      }
    },
    {
      "attributes" : {
        "FID" : 1,
        "PMNTN_SPOT" : 17246,
        "MNTN_CODE" : "412700201",
        "MANAGE_SP1" : "02",
        "MANAGE_SP2" : "분기점",
        "DETAIL_SPO" : "분기점",
        "ETC_MATTER" : " ",
        "MNTN_NM" : "노적봉",
        "PAST_SPOT_" : "4127101010002",
        "MNTN_ID" : "412710101"
      },
      "geometry" : {
        "x" : 186877.65830000117,
        "y" : 524428.66830000095
      }
    },
    {
      "attributes" : {
        "FID" : 2,
        "PMNTN_SPOT" : 17247,
        "MNTN_CODE" : "412700201",
        "MANAGE_SP1" : "02",
        "MANAGE_SP2" : "분기점",
        "DETAIL_SPO" : "분기점",
        "ETC_MATTER" : " ",
        "MNTN_NM" : "노적봉",
        "PAST_SPOT_" : "4127101010003",
        "MNTN_ID" : "412710101"
      },
      "geometry" : {
        "x" : 186892.02550000232,
        "y" : 524860.16070000082
      }
    },
    {
      "attributes" : {
        "FID" : 3,
        "PMNTN_SPOT" : 17248,
        "MNTN_CODE" : "412700201",
        "MANAGE_SP1" : "01",
        "MANAGE_SP2" : "시종점",
        "DETAIL_SPO" : "시종점",
        "ETC_MATTER" : " ",
        "MNTN_NM" : "노적봉",
        "PAST_SPOT_" : "4127101010004",
        "MNTN_ID" : "412710101"
      },
      "geometry" : {
        "x" : 186893.35440000147,
        "y" : 524198.55070000142
      }
    },
    {
      "attributes" : {
        "FID" : 4,
        "PMNTN_SPOT" : 17249,
        "MNTN_CODE" : "412700201",
        "MANAGE_SP1" : "02",
        "MANAGE_SP2" : "분기점",
        "DETAIL_SPO" : "분기점",
        "ETC_MATTER" : " ",
        "MNTN_NM" : "노적봉",
        "PAST_SPOT_" : "4127101010005",
        "MNTN_ID" : "412710101"
      },
      "geometry" : {
        "x" : 186910.85800000094,
        "y" : 524801.62330000103
      }
    },
    {
      "attributes" : {
        "FID" : 5,
        "PMNTN_SPOT" : 17250,
        "MNTN_CODE" : "412700201",
        "MANAGE_SP1" : "02",
        "MANAGE_SP2" : "분기점",
        "DETAIL_SPO" : "분기점",
        "ETC_MATTER" : " ",
        "MNTN_NM" : "노적봉",
        "PAST_SPOT_" : "4127101010006",
        "MNTN_ID" : "412710101"
      },
      "geometry" : {
        "x" : 186928.78270000126,
        "y" : 524312.15579999983
      }
    },
    {
      "attributes" : {
        "FID" : 6,
        "PMNTN_SPOT" : 17251,
        "MNTN_CODE" : "412700201",
        "MANAGE_SP1" : "02",
        "MANAGE_SP2" : "분기점",
        "DETAIL_SPO" : "분기점",
        "ETC_MATTER" : " ",
        "MNTN_NM" : "노적봉",
        "PAST_SPOT_" : "4127101010007",
        "MNTN_ID" : "412710101"
      },
      "geometry" : {
        "x" : 186930.79960000049,
        "y" : 524314.13890000246
      }
    },
    {
      "attributes" : {
        "FID" : 7,
        "PMNTN_SPOT" : 17252,
        "MNTN_CODE" : "412700201",
        "MANAGE_SP1" : "02",
        "MANAGE_SP2" : "분기점",
        "DETAIL_SPO" : "분기점",
        "ETC_MATTER" : " ",
        "MNTN_NM" : "노적봉",
        "PAST_SPOT_" : "4127101010008",
        "MNTN_ID" : "412710101"
      },
      "geometry" : {
        "x" : 186957.42390000168,
        "y" : 525189.93399999849
      }
    },
    {
      "attributes" : {
        "FID" : 8,
        "PMNTN_SPOT" : 17253,
        "MNTN_CODE" : "412700201",
        "MANAGE_SP1" : "02",
        "MANAGE_SP2" : "분기점",
        "DETAIL_SPO" : "분기점",
        "ETC_MATTER" : " ",
        "MNTN_NM" : "노적봉",
        "PAST_SPOT_" : "4127101010009",
        "MNTN_ID" : "412710101"
      },
      "geometry" : {
        "x" : 186964.3498999998,
        "y" : 524886.0308000017
      }
    },
    {
      "attributes" : {
        "FID" : 9,
        "PMNTN_SPOT" : 17254,
        "MNTN_CODE" : "412700201",
        "MANAGE_SP1" : "02",
        "MANAGE_SP2" : "분기점",
        "DETAIL_SPO" : "분기점",
        "ETC_MATTER" : " ",
        "MNTN_NM" : "노적봉",
        "PAST_SPOT_" : "4127101010010",
        "MNTN_ID" : "412710101"
      },
      "geometry" : {
        "x" : 186998.9767000014,
        "y" : 524411.45749999769
      }
    },
    {
      "attributes" : {
        "FID" : 10,
        "PMNTN_SPOT" : 17255,
        "MNTN_CODE" : "412700201",
        "MANAGE_SP1" : "02",
        "MANAGE_SP2" : "분기점",
        "DETAIL_SPO" : "분기점",
        "ETC_MATTER" : " ",
        "MNTN_NM" : "노적봉",
        "PAST_SPOT_" : "4127101010011",
        "MNTN_ID" : "412710101"
      },
      "geometry" : {
        "x" : 187013.73620000016,
        "y" : 524958.51209999993
      }
    },
    {
      "attributes" : {
        "FID" : 11,
        "PMNTN_SPOT" : 17256,
        "MNTN_CODE" : "412700201",
        "MANAGE_SP1" : "02",
        "MANAGE_SP2" : "분기점",
        "DETAIL_SPO" : "분기점",
        "ETC_MATTER" : " ",
        "MNTN_NM" : "노적봉",
        "PAST_SPOT_" : "4127101010012",
        "MNTN_ID" : "412710101"
      },
      "geometry" : {
        "x" : 187028.45210000034,
        "y" : 524427.89220000245
      }
    },
    {
      "attributes" : {
        "FID" : 12,
        "PMNTN_SPOT" : 17257,
        "MNTN_CODE" : "412700201",
        "MANAGE_SP1" : "02",
        "MANAGE_SP2" : "분기점",
        "DETAIL_SPO" : "분기점",
        "ETC_MATTER" : " ",
        "MNTN_NM" : "노적봉",
        "PAST_SPOT_" : "4127101010013",
        "MNTN_ID" : "412710101"
      },
      "geometry" : {
        "x" : 187113.50840000063,
        "y" : 525167.88360000029
      }
    },
    {
      "attributes" : {
        "FID" : 13,
        "PMNTN_SPOT" : 17258,
        "MNTN_CODE" : "412700201",
        "MANAGE_SP1" : "02",
        "MANAGE_SP2" : "분기점",
        "DETAIL_SPO" : "분기점",
        "ETC_MATTER" : " ",
        "MNTN_NM" : "노적봉",
        "PAST_SPOT_" : "4127101010014",
        "MNTN_ID" : "412710101"
      },
      "geometry" : {
        "x" : 187140.75190000143,
        "y" : 524282.2536000032
      }
    },
    {
      "attributes" : {
        "FID" : 14,
        "PMNTN_SPOT" : 17259,
        "MNTN_CODE" : "412700201",
        "MANAGE_SP1" : "01",
        "MANAGE_SP2" : "시종점",
        "DETAIL_SPO" : "시종점",
        "ETC_MATTER" : " ",
        "MNTN_NM" : "노적봉",
        "PAST_SPOT_" : "4127101010015",
        "MNTN_ID" : "412710101"
      },
      "geometry" : {
        "x" : 187155.41000000108,
        "y" : 524072.43640000187
      }
    },
    {
      "attributes" : {
        "FID" : 15,
        "PMNTN_SPOT" : 17260,
        "MNTN_CODE" : "412700201",
        "MANAGE_SP1" : "02",
        "MANAGE_SP2" : "분기점",
        "DETAIL_SPO" : "분기점",
        "ETC_MATTER" : " ",
        "MNTN_NM" : "노적봉",
        "PAST_SPOT_" : "4127101010016",
        "MNTN_ID" : "412710101"
      },
      "geometry" : {
        "x" : 187156.00850000326,
        "y" : 524665.57710000128
      }
    }
  ]
}