{
  "displayFieldName" : "",
  "fieldAliases" : {
    "FID" : "FID",
    "PMNTN_SN" : "PMNTN_SN",
    "MNTN_CODE" : "MNTN_CODE",
    "MNTN_NM" : "MNTN_NM",
    "PMNTN_NM" : "PMNTN_NM",
    "PMNTN_MAIN" : "PMNTN_MAIN",
    "PMNTN_LT" : "PMNTN_LT",
    "PMNTN_DFFL" : "PMNTN_DFFL",
    "PMNTN_UPPL" : "PMNTN_UPPL",
    "PMNTN_GODN" : "PMNTN_GODN",
    "PMNTN_MTRQ" : "PMNTN_MTRQ",
    "PMNTN_CNRL" : "PMNTN_CNRL",
    "PMNTN_CLS_" : "PMNTN_CLS_",
    "PMNTN_RISK" : "PMNTN_RISK",
    "PMNTN_RECO" : "PMNTN_RECO",
    "DATA_STDR_" : "DATA_STDR_",
    "MNTN_ID" : "MNTN_ID"
  },
  "geometryType" : "esriGeometryPolyline",
  "spatialReference" : {
    "wkt" : "PROJCS[\"PCS_ITRF2000_TM\",GEOGCS[\"GCS_ITRF_2000\",DATUM[\"D_ITRF_2000\",SPHEROID[\"GRS_1980\",6378137.0,298.257222101]],PRIMEM[\"Greenwich\",0.0],UNIT[\"Degree\",0.0174532925199433]],PROJECTION[\"Transverse_Mercator\"],PARAMETER[\"False_Easting\",200000.0],PARAMETER[\"False_Northing\",600000.0],PARAMETER[\"Central_Meridian\",127.0],PARAMETER[\"Scale_Factor\",1.0],PARAMETER[\"Latitude_Of_Origin\",38.0],UNIT[\"Meter\",1.0]]"
  },
  "fields" : [
    {
      "name" : "FID",
      "type" : "esriFieldTypeOID",
      "alias" : "FID"
    },
    {
      "name" : "PMNTN_SN",
      "type" : "esriFieldTypeDouble",
      "alias" : "PMNTN_SN"
    },
    {
      "name" : "MNTN_CODE",
      "type" : "esriFieldTypeString",
      "alias" : "MNTN_CODE",
      "length" : 9
    },
    {
      "name" : "MNTN_NM",
      "type" : "esriFieldTypeString",
      "alias" : "MNTN_NM",
      "length" : 50
    },
    {
      "name" : "PMNTN_NM",
      "type" : "esriFieldTypeString",
      "alias" : "PMNTN_NM",
      "length" : 50
    },
    {
      "name" : "PMNTN_MAIN",
      "type" : "esriFieldTypeString",
      "alias" : "PMNTN_MAIN",
      "length" : 200
    },
    {
      "name" : "PMNTN_LT",
      "type" : "esriFieldTypeSingle",
      "alias" : "PMNTN_LT"
    },
    {
      "name" : "PMNTN_DFFL",
      "type" : "esriFieldTypeString",
      "alias" : "PMNTN_DFFL",
      "length" : 8
    },
    {
      "name" : "PMNTN_UPPL",
      "type" : "esriFieldTypeDouble",
      "alias" : "PMNTN_UPPL"
    },
    {
      "name" : "PMNTN_GODN",
      "type" : "esriFieldTypeDouble",
      "alias" : "PMNTN_GODN"
    },
    {
      "name" : "PMNTN_MTRQ",
      "type" : "esriFieldTypeString",
      "alias" : "PMNTN_MTRQ",
      "length" : 200
    },
    {
      "name" : "PMNTN_CNRL",
      "type" : "esriFieldTypeString",
      "alias" : "PMNTN_CNRL",
      "length" : 1
    },
    {
      "name" : "PMNTN_CLS_",
      "type" : "esriFieldTypeString",
      "alias" : "PMNTN_CLS_",
      "length" : 1
    },
    {
      "name" : "PMNTN_RISK",
      "type" : "esriFieldTypeString",
      "alias" : "PMNTN_RISK",
      "length" : 200
    },
    {
      "name" : "PMNTN_RECO",
      "type" : "esriFieldTypeString",
      "alias" : "PMNTN_RECO",
      "length" : 1
    },
    {
      "name" : "DATA_STDR_",
      "type" : "esriFieldTypeString",
      "alias" : "DATA_STDR_",
      "length" : 10
    },
    {
      "name" : "MNTN_ID",
      "type" : "esriFieldTypeString",
      "alias" : "MNTN_ID",
      "length" : 10
    }
  ],
  "features" : [
    {
      "attributes" : {
        "FID" : 0,
        "PMNTN_SN" : 44925,
        "MNTN_CODE" : "302301204",
        "MNTN_NM" : "장동고개",
        "PMNTN_NM" : "신탄철도공착장-장동고개구간",
        "PMNTN_MAIN" : " ",
        "PMNTN_LT" : 2.16,
        "PMNTN_DFFL" : "쉬움",
        "PMNTN_UPPL" : 41,
        "PMNTN_GODN" : 28,
        "PMNTN_MTRQ" : " ",
        "PMNTN_CNRL" : " ",
        "PMNTN_CLS_" : " ",
        "PMNTN_RISK" : " ",
        "PMNTN_RECO" : " ",
        "DATA_STDR_" : "2016-12-31",
        "MNTN_ID" : "302301204"
      },
      "geometry" : {
        "paths" : [
          [
            [
              238784.55680000037,
              423645.00750000402
            ],
            [
              238778.89199999906,
              423670.14090000279
            ],
            [
              238777.39000000246,
              423683.40980000049
            ],
            [
              238775.71840000059,
              423695.69970000163
            ],
            [
              238772.1529000001,
              423700.53319999948
            ],
            [
              238770.77290000394,
              423710.2769000046
            ],
            [
              238770.2302000029,
              423715.77710000053
            ],
            [
              238772.49949999992,
              423726.92080000043
            ],
            [
              238774.98440000229,
              423735.74960000254
            ],
            [
              238773.6679000007,
              423753.22430000268
            ],
            [
              238772.47590000182,
              423763.19390000403
            ],
            [
              238765.67590000015,
              423778.69519999996
            ],
            [
              238765.36590000335,
              423790.48139999993
            ],
            [
              238768.30620000046,
              423800.10669999942
            ],
            [
              238766.29679999966,
              423811.50710000098
            ],
            [
              238759.92830000073,
              423823.98520000279
            ],
            [
              238755.70040000137,
              423832.11920000054
            ],
            [
              238755.21399999969,
              423841.14340000041
            ],
            [
              238751.49949999992,
              423847.39389999956
            ],
            [
              238745.72140000015,
              423854.03460000455
            ],
            [
              238742.85290000029,
              423865.4430999998
            ],
            [
              238745.46120000072,
              423874.15750000253
            ],
            [
              238740.55970000103,
              423933.12759999931
            ],
            [
              238743.77460000105,
              423955.33610000089
            ],
            [
              238744.44560000114,
              423963.39130000025
            ],
            [
              238744.49250000156,
              423963.57450000383
            ],
            [
              238747.58160000015,
              423970.20940000191
            ],
            [
              238751.40650000237,
              423973.03099999949
            ],
            [
              238757.34260000288,
              423974.29910000227
            ],
            [
              238765.34860000201,
              423973.51170000248
            ],
            [
              238776.85180000216,
              423977.48140000179
            ],
            [
              238795.44190000091,
              423978.83320000395
            ],
            [
              238806.53510000091,
              423980.32100000232
            ],
            [
              238817.59899999946,
              423995.83709999919
            ],
            [
              238828.02130000386,
              424018.58960000053
            ],
            [
              238828.03940000106,
              424029.25180000067
            ],
            [
              238832.89800000004,
              424036.24210000411
            ],
            [
              238837.40479999967,
              424047.05450000241
            ],
            [
              238837.69620000105,
              424057.39030000754
            ],
            [
              238844.78940000292,
              424070.1632000003
            ],
            [
              238846.89919999894,
              424074.51950000413
            ],
            [
              238843.82780000195,
              424081.85429999977
            ],
            [
              238838.90970000252,
              424098.30020000227
            ],
            [
              238842.5735000018,
              424111.34280000068
            ],
            [
              238840.79550000094,
              424123.54810000025
            ],
            [
              238838.56479999982,
              424138.86119999923
            ],
            [
              238846.05000000261,
              424152.72169999965
            ],
            [
              238850.07020000275,
              424154.29419999942
            ],
            [
              238855.0979000004,
              424163.51690000109
            ],
            [
              238855.64480000082,
              424171.2453000024
            ],
            [
              238840.92410000227,
              424176.33350000158
            ],
            [
              238828.44240000378,
              424183.97929999977
            ],
            [
              238808.69409999903,
              424192.39820000343
            ],
            [
              238795.81900000293,
              424206.02600000426
            ],
            [
              238784.41370000411,
              424210.96660000831
            ],
            [
              238771.61460000183,
              424228.53670000099
            ],
            [
              238763.42790000234,
              424242.08760000207
            ],
            [
              238757.08730000164,
              424247.66660000198
            ],
            [
              238752.46050000004,
              424250.17970000207
            ],
            [
              238740.63000000082,
              424252.54180000164
            ],
            [
              238726.93870000076,
              424253.45650000125
            ],
            [
              238719.8441000022,
              424257.18329999968
            ],
            [
              238713.55150000006,
              424264.54230000079
            ],
            [
              238711.22290000133,
              424270.31400000118
            ],
            [
              238708.51410000026,
              424279.37529999949
            ],
            [
              238706.16950000357,
              424289.06360000372
            ],
            [
              238701.19940000214,
              424297.22959999926
            ],
            [
              238683.39400000311,
              424317.73730000108
            ],
            [
              238669.18330000155,
              424337.81160000153
            ],
            [
              238665.0465000039,
              424355.50320000015
            ],
            [
              238658.85089999996,
              424370.89250000007
            ],
            [
              238653.88190000318,
              424370.43720000051
            ],
            [
              238643.52880000137,
              424377.91540000401
            ],
            [
              238625.32270000037,
              424394.91230000183
            ],
            [
              238616.49049999937,
              424413.93670000136
            ],
            [
              238606.48430000059,
              424425.24320000038
            ],
            [
              238589.92160000186,
              424439.0858000014
            ],
            [
              238579.89210000075,
              424457.07320000231
            ],
            [
              238570.49890000094,
              424468.48840000294
            ],
            [
              238558.04170000181,
              424480.59940000251
            ],
            [
              238550.9963000007,
              424486.86570000276
            ],
            [
              238537.84399999958,
              424491.72670000419
            ],
            [
              238529.61679999996,
              424503.1166999992
            ],
            [
              238520.65350000188,
              424513.06840000302
            ],
            [
              238515.55510000419,
              424521.72660000063
            ],
            [
              238510.52699999977,
              424534.12209999934
            ],
            [
              238501.0175999999,
              424541.22370000184
            ],
            [
              238479.56310000177,
              424550.47330000065
            ],
            [
              238464.44970000163,
              424558.43689999916
            ],
            [
              238462.05080000404,
              424564.06680000201
            ],
            [
              238459.71969999932,
              424569.3208000008
            ],
            [
              238451.7033000011,
              424574.39690000005
            ],
            [
              238444.11130000092,
              424576.18150000088
            ],
            [
              238436.95419999957,
              424578.49060000293
            ],
            [
              238431.41920000128,
              424583.49860000238
            ],
            [
              238431.98870000057,
              424590.67950000428
            ],
            [
              238431.58339999989,
              424596.98509999923
            ],
            [
              238427.99740000069,
              424606.17930000089
            ],
            [
              238418.46300000418,
              424616.81449999847
            ],
            [
              238404.17490000371,
              424638.52520000003
            ],
            [
              238392.91380000114,
              424662.01900000125
            ],
            [
              238376.58230000176,
              424685.04409999959
            ],
            [
              238378.1520999996,
              424688.71020000242
            ],
            [
              238390.29000000097,
              424708.94930000231
            ],
            [
              238395.19720000029,
              424714.2025000006
            ],
            [
              238370.87229999993,
              424804.79580000043
            ],
            [
              238358.06660000328,
              424853.07880000025
            ],
            [
              238350.4057,
              424866.64489999972
            ],
            [
              238309.73460000101,
              424927.56780000031
            ],
            [
              238261.61520000082,
              424999.53590000048
            ],
            [
              238223.31810000166,
              425047.90630000271
            ],
            [
              238183.9506000001,
              425110.6297999993
            ],
            [
              238174.20480000135,
              425132.12560000457
            ],
            [
              238178.14610000141,
              425144.66650000215
            ],
            [
              238189.00960000139,
              425170.10569999926
            ],
            [
              238220.10259999987,
              425233.90990000032
            ],
            [
              238240.68990000058,
              425276.90780000016
            ],
            [
              238250.14280000143,
              425295.31550000422
            ],
            [
              238266.41990000289,
              425328.91290000081
            ],
            [
              238272.3057000041,
              425341.40199999884
            ],
            [
              238276.73790000193,
              425352.61119999923
            ],
            [
              238278.03249999974,
              425359.69560000114
            ],
            [
              238262.78330000024,
              425368.16530000232
            ],
            [
              238239.77300000004,
              425378.54450000077
            ]
          ]
        ]
      }
    }
  ]
}