{
  "displayFieldName" : "",
  "fieldAliases" : {
    "FID" : "FID",
    "PMNTN_SPOT" : "PMNTN_SPOT",
    "MNTN_CODE" : "MNTN_CODE",
    "MANAGE_SP1" : "MANAGE_SP1",
    "MANAGE_SP2" : "MANAGE_SP2",
    "DETAIL_SPO" : "DETAIL_SPO",
    "ETC_MATTER" : "ETC_MATTER",
    "MNTN_NM" : "MNTN_NM",
    "PAST_SPOT_" : "PAST_SPOT_",
    "MNTN_ID" : "MNTN_ID"
  },
  "geometryType" : "esriGeometryPoint",
  "spatialReference" : {
    "wkt" : "PROJCS[\"PCS_ITRF2000_TM\",GEOGCS[\"GCS_ITRF_2000\",DATUM[\"D_ITRF_2000\",SPHEROID[\"GRS_1980\",6378137.0,298.257222101]],PRIMEM[\"Greenwich\",0.0],UNIT[\"Degree\",0.0174532925199433]],PROJECTION[\"Transverse_Mercator\"],PARAMETER[\"False_Easting\",200000.0],PARAMETER[\"False_Northing\",600000.0],PARAMETER[\"Central_Meridian\",127.0],PARAMETER[\"Scale_Factor\",1.0],PARAMETER[\"Latitude_Of_Origin\",38.0],UNIT[\"Meter\",1.0]]"
  },
  "fields" : [
    {
      "name" : "FID",
      "type" : "esriFieldTypeOID",
      "alias" : "FID"
    },
    {
      "name" : "PMNTN_SPOT",
      "type" : "esriFieldTypeDouble",
      "alias" : "PMNTN_SPOT"
    },
    {
      "name" : "MNTN_CODE",
      "type" : "esriFieldTypeString",
      "alias" : "MNTN_CODE",
      "length" : 9
    },
    {
      "name" : "MANAGE_SP1",
      "type" : "esriFieldTypeString",
      "alias" : "MANAGE_SP1",
      "length" : 2
    },
    {
      "name" : "MANAGE_SP2",
      "type" : "esriFieldTypeString",
      "alias" : "MANAGE_SP2",
      "length" : 50
    },
    {
      "name" : "DETAIL_SPO",
      "type" : "esriFieldTypeString",
      "alias" : "DETAIL_SPO",
      "length" : 200
    },
    {
      "name" : "ETC_MATTER",
      "type" : "esriFieldTypeString",
      "alias" : "ETC_MATTER",
      "length" : 200
    },
    {
      "name" : "MNTN_NM",
      "type" : "esriFieldTypeString",
      "alias" : "MNTN_NM",
      "length" : 50
    },
    {
      "name" : "PAST_SPOT_",
      "type" : "esriFieldTypeString",
      "alias" : "PAST_SPOT_",
      "length" : 14
    },
    {
      "name" : "MNTN_ID",
      "type" : "esriFieldTypeString",
      "alias" : "MNTN_ID",
      "length" : 10
    }
  ],
  "features" : [
    {
      "attributes" : {
        "FID" : 0,
        "PMNTN_SPOT" : 9112,
        "MNTN_CODE" : "418200801",
        "MANAGE_SP1" : "10",
        "MANAGE_SP2" : "이정표",
        "DETAIL_SPO" : "이정표",
        "ETC_MATTER" : " ",
        "MNTN_NM" : "구나무산",
        "PAST_SPOT_" : "21010108000001",
        "MNTN_ID" : "2101010800"
      },
      "geometry" : {
        "x" : 239630.92460000049,
        "y" : 587738.82770000212
      }
    },
    {
      "attributes" : {
        "FID" : 1,
        "PMNTN_SPOT" : 9113,
        "MNTN_CODE" : "418200801",
        "MANAGE_SP1" : "10",
        "MANAGE_SP2" : "이정표",
        "DETAIL_SPO" : "이정표",
        "ETC_MATTER" : " ",
        "MNTN_NM" : "구나무산",
        "PAST_SPOT_" : "21010108000002",
        "MNTN_ID" : "2101010800"
      },
      "geometry" : {
        "x" : 239685.97800000105,
        "y" : 587723.66410000063
      }
    },
    {
      "attributes" : {
        "FID" : 2,
        "PMNTN_SPOT" : 9114,
        "MNTN_CODE" : "418200801",
        "MANAGE_SP1" : "10",
        "MANAGE_SP2" : "이정표",
        "DETAIL_SPO" : "이정표",
        "ETC_MATTER" : " ",
        "MNTN_NM" : "구나무산",
        "PAST_SPOT_" : "21010108000003",
        "MNTN_ID" : "2101010800"
      },
      "geometry" : {
        "x" : 239873.53180000093,
        "y" : 587668.18310000002
      }
    },
    {
      "attributes" : {
        "FID" : 3,
        "PMNTN_SPOT" : 9115,
        "MNTN_CODE" : "418200801",
        "MANAGE_SP1" : "10",
        "MANAGE_SP2" : "이정표",
        "DETAIL_SPO" : "이정표",
        "ETC_MATTER" : " ",
        "MNTN_NM" : "구나무산",
        "PAST_SPOT_" : "21010108000004",
        "MNTN_ID" : "2101010800"
      },
      "geometry" : {
        "x" : 240055.2059000032,
        "y" : 587718.79250000231
      }
    },
    {
      "attributes" : {
        "FID" : 4,
        "PMNTN_SPOT" : 9116,
        "MNTN_CODE" : "418200801",
        "MANAGE_SP1" : "10",
        "MANAGE_SP2" : "이정표",
        "DETAIL_SPO" : "이정표",
        "ETC_MATTER" : " ",
        "MNTN_NM" : "구나무산",
        "PAST_SPOT_" : "21010108000005",
        "MNTN_ID" : "2101010800"
      },
      "geometry" : {
        "x" : 240525.29010000359,
        "y" : 587812.33420000225
      }
    },
    {
      "attributes" : {
        "FID" : 5,
        "PMNTN_SPOT" : 9117,
        "MNTN_CODE" : "418200801",
        "MANAGE_SP1" : "10",
        "MANAGE_SP2" : "이정표",
        "DETAIL_SPO" : "이정표",
        "ETC_MATTER" : " ",
        "MNTN_NM" : "구나무산",
        "PAST_SPOT_" : "21010108000006",
        "MNTN_ID" : "2101010800"
      },
      "geometry" : {
        "x" : 240811.71580000315,
        "y" : 587527.92760000378
      }
    },
    {
      "attributes" : {
        "FID" : 6,
        "PMNTN_SPOT" : 9118,
        "MNTN_CODE" : "418200801",
        "MANAGE_SP1" : "10",
        "MANAGE_SP2" : "이정표",
        "DETAIL_SPO" : "이정표",
        "ETC_MATTER" : " ",
        "MNTN_NM" : "구나무산",
        "PAST_SPOT_" : "21010108000007",
        "MNTN_ID" : "2101010800"
      },
      "geometry" : {
        "x" : 241857.07120000012,
        "y" : 587199.95810000412
      }
    },
    {
      "attributes" : {
        "FID" : 7,
        "PMNTN_SPOT" : 9119,
        "MNTN_CODE" : "418200801",
        "MANAGE_SP1" : "10",
        "MANAGE_SP2" : "이정표",
        "DETAIL_SPO" : "이정표",
        "ETC_MATTER" : " ",
        "MNTN_NM" : "구나무산",
        "PAST_SPOT_" : "21010108000008",
        "MNTN_ID" : "2101010800"
      },
      "geometry" : {
        "x" : 242034.70500000194,
        "y" : 586577.04990000278
      }
    },
    {
      "attributes" : {
        "FID" : 8,
        "PMNTN_SPOT" : 9120,
        "MNTN_CODE" : "418200801",
        "MANAGE_SP1" : "10",
        "MANAGE_SP2" : "이정표",
        "DETAIL_SPO" : "이정표",
        "ETC_MATTER" : " ",
        "MNTN_NM" : "구나무산",
        "PAST_SPOT_" : "21010108000009",
        "MNTN_ID" : "2101010800"
      },
      "geometry" : {
        "x" : 242190.64759999979,
        "y" : 585659.1110999994
      }
    },
    {
      "attributes" : {
        "FID" : 9,
        "PMNTN_SPOT" : 9121,
        "MNTN_CODE" : "418200801",
        "MANAGE_SP1" : "10",
        "MANAGE_SP2" : "이정표",
        "DETAIL_SPO" : "이정표",
        "ETC_MATTER" : " ",
        "MNTN_NM" : "구나무산",
        "PAST_SPOT_" : "21010108000010",
        "MNTN_ID" : "2101010800"
      },
      "geometry" : {
        "x" : 242689.60720000137,
        "y" : 585327.02110000141
      }
    },
    {
      "attributes" : {
        "FID" : 10,
        "PMNTN_SPOT" : 9122,
        "MNTN_CODE" : "418200801",
        "MANAGE_SP1" : "10",
        "MANAGE_SP2" : "이정표",
        "DETAIL_SPO" : "이정표",
        "ETC_MATTER" : " ",
        "MNTN_NM" : "구나무산",
        "PAST_SPOT_" : "21010108000011",
        "MNTN_ID" : "2101010800"
      },
      "geometry" : {
        "x" : 243062.21230000071,
        "y" : 584815.36979999952
      }
    },
    {
      "attributes" : {
        "FID" : 11,
        "PMNTN_SPOT" : 9123,
        "MNTN_CODE" : "418200801",
        "MANAGE_SP1" : "10",
        "MANAGE_SP2" : "이정표",
        "DETAIL_SPO" : "이정표",
        "ETC_MATTER" : " ",
        "MNTN_NM" : "구나무산",
        "PAST_SPOT_" : "21010108000012",
        "MNTN_ID" : "2101010800"
      },
      "geometry" : {
        "x" : 243042.37190000247,
        "y" : 584722.02720000036
      }
    },
    {
      "attributes" : {
        "FID" : 12,
        "PMNTN_SPOT" : 9124,
        "MNTN_CODE" : "418200801",
        "MANAGE_SP1" : "10",
        "MANAGE_SP2" : "이정표",
        "DETAIL_SPO" : "이정표",
        "ETC_MATTER" : " ",
        "MNTN_NM" : "구나무산",
        "PAST_SPOT_" : "21010108000013",
        "MNTN_ID" : "2101010800"
      },
      "geometry" : {
        "x" : 242785.6753000021,
        "y" : 584263.82010000013
      }
    },
    {
      "attributes" : {
        "FID" : 13,
        "PMNTN_SPOT" : 9125,
        "MNTN_CODE" : "418200801",
        "MANAGE_SP1" : "10",
        "MANAGE_SP2" : "이정표",
        "DETAIL_SPO" : "이정표",
        "ETC_MATTER" : "대원사절",
        "MNTN_NM" : "구나무산",
        "PAST_SPOT_" : "21010108000014",
        "MNTN_ID" : "2101010800"
      },
      "geometry" : {
        "x" : 244181.35309999995,
        "y" : 588431.32210000046
      }
    },
    {
      "attributes" : {
        "FID" : 14,
        "PMNTN_SPOT" : 9126,
        "MNTN_CODE" : "418200801",
        "MANAGE_SP1" : "10",
        "MANAGE_SP2" : "이정표",
        "DETAIL_SPO" : "이정표",
        "ETC_MATTER" : " ",
        "MNTN_NM" : "구나무산",
        "PAST_SPOT_" : "21010108000015",
        "MNTN_ID" : "2101010800"
      },
      "geometry" : {
        "x" : 244228.74669999909,
        "y" : 587992.79590000026
      }
    },
    {
      "attributes" : {
        "FID" : 15,
        "PMNTN_SPOT" : 9127,
        "MNTN_CODE" : "418200801",
        "MANAGE_SP1" : "10",
        "MANAGE_SP2" : "이정표",
        "DETAIL_SPO" : "이정표",
        "ETC_MATTER" : " ",
        "MNTN_NM" : "구나무산",
        "PAST_SPOT_" : "21010108000016",
        "MNTN_ID" : "2101010800"
      },
      "geometry" : {
        "x" : 244183.59120000154,
        "y" : 587539.34290000238
      }
    },
    {
      "attributes" : {
        "FID" : 16,
        "PMNTN_SPOT" : 9128,
        "MNTN_CODE" : "418200801",
        "MANAGE_SP1" : "22",
        "MANAGE_SP2" : "헬기장",
        "DETAIL_SPO" : "헬기장",
        "ETC_MATTER" : "헬기장삼각점",
        "MNTN_NM" : "구나무산",
        "PAST_SPOT_" : "21010108000017",
        "MNTN_ID" : "2101010800"
      },
      "geometry" : {
        "x" : 244113.64039999899,
        "y" : 587426.96940000169
      }
    },
    {
      "attributes" : {
        "FID" : 17,
        "PMNTN_SPOT" : 9129,
        "MNTN_CODE" : "418200801",
        "MANAGE_SP1" : "10",
        "MANAGE_SP2" : "이정표",
        "DETAIL_SPO" : "이정표",
        "ETC_MATTER" : " ",
        "MNTN_NM" : "구나무산",
        "PAST_SPOT_" : "21010108000018",
        "MNTN_ID" : "2101010800"
      },
      "geometry" : {
        "x" : 243530.43070000131,
        "y" : 587234.83260000311
      }
    },
    {
      "attributes" : {
        "FID" : 18,
        "PMNTN_SPOT" : 9130,
        "MNTN_CODE" : "418200801",
        "MANAGE_SP1" : "10",
        "MANAGE_SP2" : "이정표",
        "DETAIL_SPO" : "이정표",
        "ETC_MATTER" : " ",
        "MNTN_NM" : "구나무산",
        "PAST_SPOT_" : "21010108000019",
        "MNTN_ID" : "2101010800"
      },
      "geometry" : {
        "x" : 242695.55850000214,
        "y" : 587115.02100000158
      }
    },
    {
      "attributes" : {
        "FID" : 19,
        "PMNTN_SPOT" : 9131,
        "MNTN_CODE" : "418200801",
        "MANAGE_SP1" : "10",
        "MANAGE_SP2" : "이정표",
        "DETAIL_SPO" : "이정표",
        "ETC_MATTER" : " ",
        "MNTN_NM" : "구나무산",
        "PAST_SPOT_" : "21010108000020",
        "MNTN_ID" : "2101010800"
      },
      "geometry" : {
        "x" : 240751.7770999996,
        "y" : 585809.7061999999
      }
    },
    {
      "attributes" : {
        "FID" : 20,
        "PMNTN_SPOT" : 9132,
        "MNTN_CODE" : "418200801",
        "MANAGE_SP1" : "99",
        "MANAGE_SP2" : "기타",
        "DETAIL_SPO" : "표지판설치요",
        "ETC_MATTER" : " ",
        "MNTN_NM" : "구나무산",
        "PAST_SPOT_" : "21010108000021",
        "MNTN_ID" : "2101010800"
      },
      "geometry" : {
        "x" : 240770.80270000082,
        "y" : 585965.64210000448
      }
    },
    {
      "attributes" : {
        "FID" : 21,
        "PMNTN_SPOT" : 9133,
        "MNTN_CODE" : "418200801",
        "MANAGE_SP1" : "10",
        "MANAGE_SP2" : "이정표",
        "DETAIL_SPO" : "이정표",
        "ETC_MATTER" : " ",
        "MNTN_NM" : "구나무산",
        "PAST_SPOT_" : "21010108000022",
        "MNTN_ID" : "2101010800"
      },
      "geometry" : {
        "x" : 241064.29100000206,
        "y" : 586661.50699999928
      }
    },
    {
      "attributes" : {
        "FID" : 22,
        "PMNTN_SPOT" : 9134,
        "MNTN_CODE" : "418200801",
        "MANAGE_SP1" : "09",
        "MANAGE_SP2" : "기타건물",
        "DETAIL_SPO" : "기타건물",
        "ETC_MATTER" : "칼봉산쉼터",
        "MNTN_NM" : "구나무산",
        "PAST_SPOT_" : "21010108000023",
        "MNTN_ID" : "2101010800"
      },
      "geometry" : {
        "x" : 241534.39210000075,
        "y" : 588034.47810000181
      }
    },
    {
      "attributes" : {
        "FID" : 23,
        "PMNTN_SPOT" : 9135,
        "MNTN_CODE" : "418200801",
        "MANAGE_SP1" : "10",
        "MANAGE_SP2" : "이정표",
        "DETAIL_SPO" : "이정표",
        "ETC_MATTER" : " ",
        "MNTN_NM" : "구나무산",
        "PAST_SPOT_" : "21010108000024",
        "MNTN_ID" : "2101010800"
      },
      "geometry" : {
        "x" : 241978.12290000264,
        "y" : 588407.57720000297
      }
    },
    {
      "attributes" : {
        "FID" : 24,
        "PMNTN_SPOT" : 9136,
        "MNTN_CODE" : "418200801",
        "MANAGE_SP1" : "09",
        "MANAGE_SP2" : "기타건물",
        "DETAIL_SPO" : "기타건물",
        "ETC_MATTER" : "수피아펜션",
        "MNTN_NM" : "구나무산",
        "PAST_SPOT_" : "21010108000025",
        "MNTN_ID" : "2101010800"
      },
      "geometry" : {
        "x" : 242477.07100000046,
        "y" : 588504.1539000012
      }
    },
    {
      "attributes" : {
        "FID" : 25,
        "PMNTN_SPOT" : 9137,
        "MNTN_CODE" : "418200801",
        "MANAGE_SP1" : "10",
        "MANAGE_SP2" : "이정표",
        "DETAIL_SPO" : "이정표",
        "ETC_MATTER" : " ",
        "MNTN_NM" : "구나무산",
        "PAST_SPOT_" : "21010108000026",
        "MNTN_ID" : "2101010800"
      },
      "geometry" : {
        "x" : 242588.05510000233,
        "y" : 588542.46729999967
      }
    },
    {
      "attributes" : {
        "FID" : 26,
        "PMNTN_SPOT" : 9138,
        "MNTN_CODE" : "418200801",
        "MANAGE_SP1" : "09",
        "MANAGE_SP2" : "기타건물",
        "DETAIL_SPO" : "기타건물",
        "ETC_MATTER" : "초우쉼터",
        "MNTN_NM" : "구나무산",
        "PAST_SPOT_" : "21010108000027",
        "MNTN_ID" : "2101010800"
      },
      "geometry" : {
        "x" : 242481.29230000079,
        "y" : 584257.91620000079
      }
    },
    {
      "attributes" : {
        "FID" : 27,
        "PMNTN_SPOT" : 9139,
        "MNTN_CODE" : "418200801",
        "MANAGE_SP1" : "09",
        "MANAGE_SP2" : "기타건물",
        "DETAIL_SPO" : "기타건물",
        "ETC_MATTER" : "초우쉼터",
        "MNTN_NM" : "구나무산",
        "PAST_SPOT_" : "21010108000028",
        "MNTN_ID" : "2101010800"
      },
      "geometry" : {
        "x" : 243632.12170000002,
        "y" : 583582.06560000032
      }
    },
    {
      "attributes" : {
        "FID" : 28,
        "PMNTN_SPOT" : 9140,
        "MNTN_CODE" : "418200801",
        "MANAGE_SP1" : "09",
        "MANAGE_SP2" : "기타건물",
        "DETAIL_SPO" : "기타건물",
        "ETC_MATTER" : "초우쉼터",
        "MNTN_NM" : "구나무산",
        "PAST_SPOT_" : "21010108000029",
        "MNTN_ID" : "2101010800"
      },
      "geometry" : {
        "x" : 243530.76620000321,
        "y" : 584091.67899999954
      }
    },
    {
      "attributes" : {
        "FID" : 29,
        "PMNTN_SPOT" : 9141,
        "MNTN_CODE" : "418200801",
        "MANAGE_SP1" : "09",
        "MANAGE_SP2" : "기타건물",
        "DETAIL_SPO" : "기타건물",
        "ETC_MATTER" : "초우쉼터",
        "MNTN_NM" : "구나무산",
        "PAST_SPOT_" : "21010108000030",
        "MNTN_ID" : "2101010800"
      },
      "geometry" : {
        "x" : 243700.43170000147,
        "y" : 587162.14100000076
      }
    },
    {
      "attributes" : {
        "FID" : 30,
        "PMNTN_SPOT" : 9142,
        "MNTN_CODE" : "418200801",
        "MANAGE_SP1" : "09",
        "MANAGE_SP2" : "기타건물",
        "DETAIL_SPO" : "기타건물",
        "ETC_MATTER" : "초우쉼터",
        "MNTN_NM" : "구나무산",
        "PAST_SPOT_" : "21010108000031",
        "MNTN_ID" : "2101010800"
      },
      "geometry" : {
        "x" : 241358.25010000356,
        "y" : 586062.47580000013
      }
    },
    {
      "attributes" : {
        "FID" : 31,
        "PMNTN_SPOT" : 9143,
        "MNTN_CODE" : "418200801",
        "MANAGE_SP1" : "09",
        "MANAGE_SP2" : "기타건물",
        "DETAIL_SPO" : "기타건물",
        "ETC_MATTER" : "초우쉼터",
        "MNTN_NM" : "구나무산",
        "PAST_SPOT_" : "21010108000032",
        "MNTN_ID" : "2101010800"
      },
      "geometry" : {
        "x" : 240884.98890000302,
        "y" : 586767.5064000003
      }
    },
    {
      "attributes" : {
        "FID" : 32,
        "PMNTN_SPOT" : 9144,
        "MNTN_CODE" : "418200801",
        "MANAGE_SP1" : "09",
        "MANAGE_SP2" : "기타건물",
        "DETAIL_SPO" : "기타건물",
        "ETC_MATTER" : "초우쉼터",
        "MNTN_NM" : "구나무산",
        "PAST_SPOT_" : "21010108000033",
        "MNTN_ID" : "2101010800"
      },
      "geometry" : {
        "x" : 241983.13640000299,
        "y" : 588286.9467999991
      }
    },
    {
      "attributes" : {
        "FID" : 33,
        "PMNTN_SPOT" : 9145,
        "MNTN_CODE" : "418200801",
        "MANAGE_SP1" : "09",
        "MANAGE_SP2" : "기타건물",
        "DETAIL_SPO" : "기타건물",
        "ETC_MATTER" : "초우쉼터",
        "MNTN_NM" : "구나무산",
        "PAST_SPOT_" : "21010108000034",
        "MNTN_ID" : "2101010800"
      },
      "geometry" : {
        "x" : 242495.01160000078,
        "y" : 585590.41370000131
      }
    },
    {
      "attributes" : {
        "FID" : 34,
        "PMNTN_SPOT" : 9146,
        "MNTN_CODE" : "418200801",
        "MANAGE_SP1" : "01",
        "MANAGE_SP2" : "시종점",
        "DETAIL_SPO" : "시종점,기타건물",
        "ETC_MATTER" : "초우쉼터",
        "MNTN_NM" : "구나무산",
        "PAST_SPOT_" : "21010108000035",
        "MNTN_ID" : "2101010800"
      },
      "geometry" : {
        "x" : 239509.70030000061,
        "y" : 588812.5166000016
      }
    },
    {
      "attributes" : {
        "FID" : 35,
        "PMNTN_SPOT" : 9147,
        "MNTN_CODE" : "418200801",
        "MANAGE_SP1" : "01",
        "MANAGE_SP2" : "시종점",
        "DETAIL_SPO" : "시종점,기타건물",
        "ETC_MATTER" : "칼봉산쉼터",
        "MNTN_NM" : "구나무산",
        "PAST_SPOT_" : "21010108000036",
        "MNTN_ID" : "2101010800"
      },
      "geometry" : {
        "x" : 240787.70330000017,
        "y" : 585664.03750000149
      }
    },
    {
      "attributes" : {
        "FID" : 36,
        "PMNTN_SPOT" : 9148,
        "MNTN_CODE" : "418200801",
        "MANAGE_SP1" : "01",
        "MANAGE_SP2" : "시종점",
        "DETAIL_SPO" : "시종점,기타건물",
        "ETC_MATTER" : "르노와르펜션",
        "MNTN_NM" : "구나무산",
        "PAST_SPOT_" : "21010108000037",
        "MNTN_ID" : "2101010800"
      },
      "geometry" : {
        "x" : 240880.69050000235,
        "y" : 585595.11910000071
      }
    },
    {
      "attributes" : {
        "FID" : 37,
        "PMNTN_SPOT" : 9149,
        "MNTN_CODE" : "418200801",
        "MANAGE_SP1" : "10",
        "MANAGE_SP2" : "이정표",
        "DETAIL_SPO" : "이정표",
        "ETC_MATTER" : " ",
        "MNTN_NM" : "구나무산",
        "PAST_SPOT_" : "21010108000038",
        "MNTN_ID" : "2101010800"
      },
      "geometry" : {
        "x" : 241144.08110000379,
        "y" : 587525.69710000046
      }
    },
    {
      "attributes" : {
        "FID" : 38,
        "PMNTN_SPOT" : 9150,
        "MNTN_CODE" : "418200801",
        "MANAGE_SP1" : "10",
        "MANAGE_SP2" : "이정표",
        "DETAIL_SPO" : "이정표",
        "ETC_MATTER" : " ",
        "MNTN_NM" : "구나무산",
        "PAST_SPOT_" : "21010108000039",
        "MNTN_ID" : "2101010800"
      },
      "geometry" : {
        "x" : 241451.62580000237,
        "y" : 587281.48870000243
      }
    },
    {
      "attributes" : {
        "FID" : 39,
        "PMNTN_SPOT" : 9151,
        "MNTN_CODE" : "418200801",
        "MANAGE_SP1" : "10",
        "MANAGE_SP2" : "이정표",
        "DETAIL_SPO" : "이정표",
        "ETC_MATTER" : "헬기장",
        "MNTN_NM" : "구나무산",
        "PAST_SPOT_" : "21010108000040",
        "MNTN_ID" : "2101010800"
      },
      "geometry" : {
        "x" : 241901.60419999994,
        "y" : 585934.35510000214
      }
    },
    {
      "attributes" : {
        "FID" : 40,
        "PMNTN_SPOT" : 9152,
        "MNTN_CODE" : "418200801",
        "MANAGE_SP1" : "99",
        "MANAGE_SP2" : "기타",
        "DETAIL_SPO" : "노적봉",
        "ETC_MATTER" : "노적봉정상",
        "MNTN_NM" : "구나무산",
        "PAST_SPOT_" : "21010108000041",
        "MNTN_ID" : "2101010800"
      },
      "geometry" : {
        "x" : 242147.93169999961,
        "y" : 586904.63120000064
      }
    },
    {
      "attributes" : {
        "FID" : 41,
        "PMNTN_SPOT" : 9153,
        "MNTN_CODE" : "418200801",
        "MANAGE_SP1" : "10",
        "MANAGE_SP2" : "이정표",
        "DETAIL_SPO" : "이정표",
        "ETC_MATTER" : " ",
        "MNTN_NM" : "구나무산",
        "PAST_SPOT_" : "21010108000042",
        "MNTN_ID" : "2101010800"
      },
      "geometry" : {
        "x" : 242166.24380000029,
        "y" : 587022.38370000198
      }
    },
    {
      "attributes" : {
        "FID" : 42,
        "PMNTN_SPOT" : 9154,
        "MNTN_CODE" : "418200801",
        "MANAGE_SP1" : "01",
        "MANAGE_SP2" : "시종점",
        "DETAIL_SPO" : "시종점,화장실,건물",
        "ETC_MATTER" : "용추빌리지",
        "MNTN_NM" : "구나무산",
        "PAST_SPOT_" : "21010108000043",
        "MNTN_ID" : "2101010800"
      },
      "geometry" : {
        "x" : 242381.28359999973,
        "y" : 584110.43930000067
      }
    },
    {
      "attributes" : {
        "FID" : 43,
        "PMNTN_SPOT" : 9155,
        "MNTN_CODE" : "418200801",
        "MANAGE_SP1" : "01",
        "MANAGE_SP2" : "시종점",
        "DETAIL_SPO" : "시종점,화장실",
        "ETC_MATTER" : "조옥동",
        "MNTN_NM" : "구나무산",
        "PAST_SPOT_" : "21010108000044",
        "MNTN_ID" : "2101010800"
      },
      "geometry" : {
        "x" : 242420.2313000029,
        "y" : 583690.73289999925
      }
    },
    {
      "attributes" : {
        "FID" : 44,
        "PMNTN_SPOT" : 9156,
        "MNTN_CODE" : "418200801",
        "MANAGE_SP1" : "02",
        "MANAGE_SP2" : "분기점",
        "DETAIL_SPO" : "분기점",
        "ETC_MATTER" : "미설치",
        "MNTN_NM" : "구나무산",
        "PAST_SPOT_" : "21010108000045",
        "MNTN_ID" : "2101010800"
      },
      "geometry" : {
        "x" : 242728.6651999997,
        "y" : 584175.50239999965
      }
    },
    {
      "attributes" : {
        "FID" : 45,
        "PMNTN_SPOT" : 9157,
        "MNTN_CODE" : "418200801",
        "MANAGE_SP1" : "01",
        "MANAGE_SP2" : "시종점",
        "DETAIL_SPO" : "시종점,기타건물",
        "ETC_MATTER" : "화장실",
        "MNTN_NM" : "구나무산",
        "PAST_SPOT_" : "21010108000046",
        "MNTN_ID" : "2101010800"
      },
      "geometry" : {
        "x" : 242987.74600000121,
        "y" : 583218.10220000148
      }
    },
    {
      "attributes" : {
        "FID" : 46,
        "PMNTN_SPOT" : 9158,
        "MNTN_CODE" : "418200801",
        "MANAGE_SP1" : "01",
        "MANAGE_SP2" : "시종점",
        "DETAIL_SPO" : "시종점,기타건물",
        "ETC_MATTER" : "드림펜션",
        "MNTN_NM" : "구나무산",
        "PAST_SPOT_" : "21010108000047",
        "MNTN_ID" : "2101010800"
      },
      "geometry" : {
        "x" : 243087.0027999999,
        "y" : 588751.61820000224
      }
    },
    {
      "attributes" : {
        "FID" : 47,
        "PMNTN_SPOT" : 9159,
        "MNTN_CODE" : "418200801",
        "MANAGE_SP1" : "99",
        "MANAGE_SP2" : "기타",
        "DETAIL_SPO" : "옥녀봉",
        "ETC_MATTER" : "옥녀봉정상",
        "MNTN_NM" : "구나무산",
        "PAST_SPOT_" : "21010108000048",
        "MNTN_ID" : "2101010800"
      },
      "geometry" : {
        "x" : 243123.08640000131,
        "y" : 584769.17979999818
      }
    },
    {
      "attributes" : {
        "FID" : 48,
        "PMNTN_SPOT" : 9160,
        "MNTN_CODE" : "418200801",
        "MANAGE_SP1" : "10",
        "MANAGE_SP2" : "이정표",
        "DETAIL_SPO" : "이정표",
        "ETC_MATTER" : " ",
        "MNTN_NM" : "구나무산",
        "PAST_SPOT_" : "21010108000049",
        "MNTN_ID" : "2101010800"
      },
      "geometry" : {
        "x" : 243437.9553000005,
        "y" : 583767.29540000111
      }
    },
    {
      "attributes" : {
        "FID" : 49,
        "PMNTN_SPOT" : 9161,
        "MNTN_CODE" : "418200801",
        "MANAGE_SP1" : "01",
        "MANAGE_SP2" : "시종점",
        "DETAIL_SPO" : "시종점,기타",
        "ETC_MATTER" : "하마장",
        "MNTN_NM" : "구나무산",
        "PAST_SPOT_" : "21010108000050",
        "MNTN_ID" : "2101010800"
      },
      "geometry" : {
        "x" : 243864.63620000146,
        "y" : 583283.04969999939
      }
    },
    {
      "attributes" : {
        "FID" : 50,
        "PMNTN_SPOT" : 9162,
        "MNTN_CODE" : "418200801",
        "MANAGE_SP1" : "01",
        "MANAGE_SP2" : "시종점",
        "DETAIL_SPO" : "시종점,안내판,건물",
        "ETC_MATTER" : "대원사 입구",
        "MNTN_NM" : "구나무산",
        "PAST_SPOT_" : "21010108000051",
        "MNTN_ID" : "2101010800"
      },
      "geometry" : {
        "x" : 244108.67789999954,
        "y" : 588926.98900000192
      }
    }
  ]
}